[CERT_PROGRESS] role=research date=2006-03-31 phase=WARMUP cagr=N/A
[CERT_PROGRESS] role=research date=2006-06-30 phase=WARMUP cagr=N/A
[CERT_CAGR] role=research date=2006-09-29 cagr=-0.269761171324
[CERT_CAGR] role=spy date=2006-09-29 cagr=0.341171192315
[CERT_CAGR] role=research date=2006-12-29 cagr=0.253295000037
[CERT_CAGR] role=spy date=2006-12-29 cagr=0.311842608035
[YEAR-END] mode=nonpit year=2006 session=2006-12-29 multiple=1.0978362992 cagr=25.3295000037%
YEAR 2006 rows=1,588,668 seconds=37.0
[CERT_CAGR] role=research date=2007-03-30 cagr=0.221406817966
[CERT_CAGR] role=spy date=2007-03-30 cagr=0.196511564363
[CERT_CAGR] role=research date=2007-06-29 cagr=0.337608580187
[CERT_CAGR] role=spy date=2007-06-29 cagr=0.219350680643
[CERT_CAGR] role=research date=2007-09-28 cagr=0.265030609118
[CERT_CAGR] role=spy date=2007-09-28 cagr=0.187732915333
[CERT_CAGR] role=research date=2007-12-31 cagr=0.226743514641
[CERT_CAGR] role=spy date=2007-12-31 cagr=0.121245906153
[YEAR-END] mode=nonpit year=2007 session=2007-12-31 multiple=1.3362071078 cagr=22.6743514641%
YEAR 2007 rows=1,562,442 seconds=67.6
[CERT_CAGR] role=research date=2008-03-31 cagr=0.103905370623
[CERT_CAGR] role=spy date=2008-03-31 cagr=0.039555109514
[CERT_CAGR] role=research date=2008-06-30 cagr=0.243129902594
[CERT_CAGR] role=spy date=2008-06-30 cagr=0.020582379046
[CERT_CAGR] role=research date=2008-09-30 cagr=0.160363796492
[CERT_CAGR] role=spy date=2008-09-30 cagr=-0.024493443263
[CERT_CAGR] role=research date=2008-12-31 cagr=0.142942884639
[CERT_CAGR] role=spy date=2008-12-31 cagr=-0.115362085037
[YEAR-END] mode=nonpit year=2008 session=2008-12-31 multiple=1.3817750103 cagr=14.2942884639%
YEAR 2008 rows=1,539,720 seconds=56.1
[CERT_CAGR] role=research date=2009-03-31 cagr=0.137984478114
[CERT_CAGR] role=spy date=2009-03-31 cagr=-0.144393390339
[CERT_CAGR] role=research date=2009-06-30 cagr=0.132656465034
[CERT_CAGR] role=spy date=2009-06-30 cagr=-0.086875935695
[CERT_CAGR] role=research date=2009-09-30 cagr=0.174482667519
[CERT_CAGR] role=spy date=2009-09-30 cagr=-0.037762949140
[CERT_CAGR] role=research date=2009-12-31 cagr=0.170824469115
[CERT_CAGR] role=spy date=2009-12-31 cagr=-0.018160869583
[YEAR-END] mode=nonpit year=2009 session=2009-12-31 multiple=1.7148165497 cagr=17.0824469115%
YEAR 2009 rows=1,465,006 seconds=62.9
[CERT_CAGR] role=research date=2010-03-31 cagr=0.210795816021
[CERT_CAGR] role=spy date=2010-03-31 cagr=-0.002685655090
[CERT_CAGR] role=research date=2010-06-30 cagr=0.178339987222
[CERT_CAGR] role=spy date=2010-06-30 cagr=-0.032764811594
[CERT_CAGR] role=research date=2010-09-30 cagr=0.173512345067
[CERT_CAGR] role=spy date=2010-09-30 cagr=-0.005891649798
[CERT_CAGR] role=research date=2010-12-31 cagr=0.192057796263
[CERT_CAGR] role=spy date=2010-12-31 cagr=0.017710510051
[YEAR-END] mode=nonpit year=2010 session=2010-12-31 multiple=2.1734839795 cagr=19.2057796263%
YEAR 2010 rows=1,427,043 seconds=67.3
[CERT_CAGR] role=research date=2011-03-31 cagr=0.218946549854
[CERT_CAGR] role=spy date=2011-03-31 cagr=0.029328607861
[CERT_CAGR] role=research date=2011-06-30 cagr=0.218973322404
[CERT_CAGR] role=spy date=2011-06-30 cagr=0.027872898914
[CERT_CAGR] role=research date=2011-09-30 cagr=0.187286942251
[CERT_CAGR] role=spy date=2011-09-30 cagr=-0.002633056568
[CERT_CAGR] role=research date=2011-12-30 cagr=0.184661413008
[CERT_CAGR] role=spy date=2011-12-30 cagr=0.017937248876
[YEAR-END] mode=nonpit year=2011 session=2011-12-30 multiple=2.5035456436 cagr=18.4661413008%
YEAR 2011 rows=1,395,224 seconds=66.0
[CERT_CAGR] role=research date=2012-03-30 cagr=0.195927016084
[CERT_CAGR] role=spy date=2012-03-30 cagr=0.038822264269
[CERT_CAGR] role=research date=2012-06-29 cagr=0.191447735093
[CERT_CAGR] role=spy date=2012-06-29 cagr=0.032099461195
[CERT_CAGR] role=research date=2012-09-28 cagr=0.183605455436
[CERT_CAGR] role=spy date=2012-09-28 cagr=0.041126917287
[CERT_CAGR] role=research date=2012-12-31 cagr=0.170777054698
[CERT_CAGR] role=spy date=2012-12-31 cagr=0.038837215973
[YEAR-END] mode=nonpit year=2012 session=2012-12-31 multiple=2.7518909281 cagr=17.0777054698%
YEAR 2012 rows=1,351,874 seconds=66.7
[CERT_CAGR] role=research date=2013-03-28 cagr=0.178074195268
[CERT_CAGR] role=spy date=2013-03-28 cagr=0.053099747357
[CERT_CAGR] role=research date=2013-06-28 cagr=0.174767593578
[CERT_CAGR] role=spy date=2013-06-28 cagr=0.055522737757
[CERT_CAGR] role=research date=2013-09-30 cagr=0.178794491747
[CERT_CAGR] role=spy date=2013-09-30 cagr=0.061017804879
[CERT_CAGR] role=research date=2013-12-31 cagr=0.188267650757
[CERT_CAGR] role=spy date=2013-12-31 cagr=0.073259731112
[YEAR-END] mode=nonpit year=2013 session=2013-12-31 multiple=3.5961975132 cagr=18.8267650757%
YEAR 2013 rows=1,342,988 seconds=69.8
[CERT_CAGR] role=research date=2014-03-31 cagr=0.181912920818
[CERT_CAGR] role=spy date=2014-03-31 cagr=0.073187604956
[CERT_CAGR] role=research date=2014-06-30 cagr=0.178570750052
[CERT_CAGR] role=spy date=2014-06-30 cagr=0.077629096937
[CERT_CAGR] role=research date=2014-09-30 cagr=0.172836641686
[CERT_CAGR] role=spy date=2014-09-30 cagr=0.076634080750
[CERT_CAGR] role=research date=2014-12-31 cagr=0.181341409532
[CERT_CAGR] role=spy date=2014-12-31 cagr=0.080376766025
[YEAR-END] mode=nonpit year=2014 session=2014-12-31 multiple=4.0675543057 cagr=18.1341409532%
YEAR 2014 rows=1,396,589 seconds=70.3
[CERT_CAGR] role=research date=2015-03-31 cagr=0.183703560461
[CERT_CAGR] role=spy date=2015-03-31 cagr=0.079092081808
[CERT_CAGR] role=research date=2015-06-30 cagr=0.175825237822
[CERT_CAGR] role=spy date=2015-06-30 cagr=0.077047777896
[CERT_CAGR] role=research date=2015-09-30 cagr=0.165143065773
[CERT_CAGR] role=spy date=2015-09-30 cagr=0.067105460518
[CERT_CAGR] role=research date=2015-12-31 cagr=0.159164879146
[CERT_CAGR] role=spy date=2015-12-31 cagr=0.072967445671
[YEAR-END] mode=nonpit year=2015 session=2015-12-31 multiple=4.0192525167 cagr=15.9164879146%
YEAR 2015 rows=1,490,075 seconds=70.4
[CERT_CAGR] role=research date=2016-03-31 cagr=0.157874601964
[CERT_CAGR] role=spy date=2016-03-31 cagr=0.072483706910
[CERT_CAGR] role=research date=2016-06-30 cagr=0.157312273201
[CERT_CAGR] role=spy date=2016-06-30 cagr=0.073225352847
[CERT_CAGR] role=research date=2016-09-30 cagr=0.151114165361
[CERT_CAGR] role=spy date=2016-09-30 cagr=0.075263884629
[CERT_CAGR] role=research date=2016-12-30 cagr=0.147900766293
[CERT_CAGR] role=spy date=2016-12-30 cagr=0.077401389057
[YEAR-END] mode=nonpit year=2016 session=2016-12-30 multiple=4.2079218892 cagr=14.7900766293%
YEAR 2016 rows=1,455,380 seconds=66.8
[CERT_CAGR] role=research date=2017-03-31 cagr=0.156272409582
[CERT_CAGR] role=spy date=2017-03-31 cagr=0.081343600138
[CERT_CAGR] role=research date=2017-06-30 cagr=0.154619488717
[CERT_CAGR] role=spy date=2017-06-30 cagr=0.082410162308
[CERT_CAGR] role=research date=2017-09-29 cagr=0.163228869758
[CERT_CAGR] role=spy date=2017-09-29 cagr=0.084687649452
[CERT_CAGR] role=research date=2017-12-29 cagr=0.162823408849
[CERT_CAGR] role=spy date=2017-12-29 cagr=0.088987704844
[YEAR-END] mode=nonpit year=2017 session=2017-12-29 multiple=5.5949476460 cagr=16.2823408849%
YEAR 2017 rows=1,432,362 seconds=70.3
[CERT_CAGR] role=research date=2018-03-29 cagr=0.162284312888
[CERT_CAGR] role=spy date=2018-03-29 cagr=0.086095270292
[CERT_CAGR] role=research date=2018-06-29 cagr=0.163018629040
[CERT_CAGR] role=spy date=2018-06-29 cagr=0.087382461183
[CERT_CAGR] role=research date=2018-09-28 cagr=0.161618357938
[CERT_CAGR] role=spy date=2018-09-28 cagr=0.092118808264
[CERT_CAGR] role=research date=2018-12-31 cagr=0.140400778113
[CERT_CAGR] role=spy date=2018-12-31 cagr=0.077448551506
[YEAR-END] mode=nonpit year=2018 session=2018-12-31 multiple=5.1121724438 cagr=14.0400778113%
YEAR 2018 rows=1,444,181 seconds=68.4
[CERT_CAGR] role=research date=2019-03-29 cagr=0.141455655148
[CERT_CAGR] role=spy date=2019-03-29 cagr=0.086754047755
[CERT_CAGR] role=research date=2019-06-28 cagr=0.143326831827
[CERT_CAGR] role=spy date=2019-06-28 cagr=0.088497320827
[CERT_CAGR] role=research date=2019-09-30 cagr=0.142801826621
[CERT_CAGR] role=spy date=2019-09-30 cagr=0.088132704270
[CERT_CAGR] role=research date=2019-12-31 cagr=0.146582024221
[CERT_CAGR] role=spy date=2019-12-31 cagr=0.093397499615
[YEAR-END] mode=nonpit year=2019 session=2019-12-31 multiple=6.2679664785 cagr=14.6582024221%
YEAR 2019 rows=1,477,344 seconds=70.1
[CERT_CAGR] role=research date=2020-03-31 cagr=0.142692723842
[CERT_CAGR] role=spy date=2020-03-31 cagr=0.074503159191
[CERT_CAGR] role=research date=2020-06-30 cagr=0.154613333125
[CERT_CAGR] role=spy date=2020-06-30 cagr=0.087380218040
[CERT_CAGR] role=research date=2020-09-30 cagr=0.167997781756
[CERT_CAGR] role=spy date=2020-09-30 cagr=0.092416842335
[CERT_CAGR] role=research date=2020-12-31 cagr=0.175245527131
[CERT_CAGR] role=spy date=2020-12-31 cagr=0.099418967053
[YEAR-END] mode=nonpit year=2020 session=2020-12-31 multiple=10.2634534901 cagr=17.5245527131%
YEAR 2020 rows=1,541,141 seconds=64.3
[CERT_CAGR] role=research date=2021-03-31 cagr=0.182434222017
[CERT_CAGR] role=spy date=2021-03-31 cagr=0.102288671339
[CERT_CAGR] role=research date=2021-06-30 cagr=0.184495149112
[CERT_CAGR] role=spy date=2021-06-30 cagr=0.106439290788
[CERT_CAGR] role=research date=2021-09-30 cagr=0.179902433588
[CERT_CAGR] role=spy date=2021-09-30 cagr=0.105001253005
[CERT_CAGR] role=research date=2021-12-31 cagr=0.178240111893
[CERT_CAGR] role=spy date=2021-12-31 cagr=0.110737701292
[YEAR-END] mode=nonpit year=2021 session=2021-12-31 multiple=12.5434666377 cagr=17.8240111893%
YEAR 2021 rows=1,898,353 seconds=73.5
[CERT_CAGR] role=research date=2022-03-31 cagr=0.173509716866
[CERT_CAGR] role=spy date=2022-03-31 cagr=0.105563125459
[CERT_CAGR] role=research date=2022-06-30 cagr=0.167652602313
[CERT_CAGR] role=spy date=2022-06-30 cagr=0.091710500157
[CERT_CAGR] role=research date=2022-09-30 cagr=0.160335606035
[CERT_CAGR] role=spy date=2022-09-30 cagr=0.086816298313
[CERT_CAGR] role=research date=2022-12-30 cagr=0.162326543936
[CERT_CAGR] role=spy date=2022-12-30 cagr=0.090277563700
[YEAR-END] mode=nonpit year=2022 session=2022-12-30 multiple=11.8156888086 cagr=16.2326543936%
YEAR 2022 rows=2,080,223 seconds=71.2
[CERT_CAGR] role=research date=2023-03-31 cagr=0.163827442597
[CERT_CAGR] role=spy date=2023-03-31 cagr=0.093582563148
[CERT_CAGR] role=research date=2023-06-30 cagr=0.166771553713
[CERT_CAGR] role=spy date=2023-06-30 cagr=0.097531373544
[CERT_CAGR] role=research date=2023-09-29 cagr=0.163290159685
[CERT_CAGR] role=spy date=2023-09-29 cagr=0.093961619478
[CERT_CAGR] role=research date=2023-12-29 cagr=0.166475629753
[CERT_CAGR] role=spy date=2023-12-29 cagr=0.099487492869
[YEAR-END] mode=nonpit year=2023 session=2023-12-29 multiple=14.6053497718 cagr=16.6475629753%
YEAR 2023 rows=1,834,182 seconds=71.7
[CERT_CAGR] role=research date=2024-03-28 cagr=0.179416571379
[CERT_CAGR] role=spy date=2024-03-28 cagr=0.104198937277
[CERT_CAGR] role=research date=2024-06-28 cagr=0.183468446350
[CERT_CAGR] role=spy date=2024-06-28 cagr=0.105302836254
[CERT_CAGR] role=research date=2024-09-30 cagr=0.178359188640
[CERT_CAGR] role=spy date=2024-09-30 cagr=0.107138994662
[CERT_CAGR] role=research date=2024-12-31 cagr=0.173583440627
[CERT_CAGR] role=spy date=2024-12-31 cagr=0.107074935508
[YEAR-END] mode=nonpit year=2024 session=2024-12-31 multiple=19.0761950941 cagr=17.3583440627%
YEAR 2024 rows=1,647,175 seconds=72.2
[CERT_CAGR] role=research date=2025-03-31 cagr=0.170195599855
[CERT_CAGR] role=spy date=2025-03-31 cagr=0.103009666973
[CERT_CAGR] role=research date=2025-06-30 cagr=0.172852029782
[CERT_CAGR] role=spy date=2025-06-30 cagr=0.107563231524
[CERT_CAGR] role=research date=2025-09-30 cagr=0.172255293057
[CERT_CAGR] role=spy date=2025-09-30 cagr=0.110591371365
[CERT_CAGR] role=research date=2025-12-31 cagr=0.169628393028
[CERT_CAGR] role=spy date=2025-12-31 cagr=0.110583151560
[YEAR-END] mode=nonpit year=2025 session=2025-12-31 multiple=20.9646937026 cagr=16.9628393028%
YEAR 2025 rows=1,546,125 seconds=69.6
[CERT_CAGR] role=research date=2026-03-31 cagr=0.178102006567
[CERT_CAGR] role=spy date=2026-03-31 cagr=0.106609280416
[CERT_CAGR] role=research date=2026-06-30 cagr=0.196345470970
[CERT_CAGR] role=spy date=2026-06-30 cagr=0.113049580299
[CERT_CAGR] role=research date=2026-07-31 cagr=0.187217855644
[CERT_CAGR] role=spy date=2026-07-31 cagr=0.112563164457
[YEAR-END] mode=nonpit year=2026 session=2026-07-31 multiple=30.9484571428 cagr=18.7217855644%
YEAR 2026 rows=904,798 seconds=41.0
{
  "code_commit": "c14f77b3c6c6fcc14cf00e8916d7968c853a5d6c",
  "window": [
    "2006-07-31",
    "2026-07-31"
  ],
  "evidence_level": "research_non_PIT_current_TICKERS_and_ACTIONS",
  "replay_mode": "nonpit",
  "canonical_pit_dataset_hash": "5bdc6b39e4a8ec4d3e4cebba6091b18a8b4032b41509581366bb60c0d0600993",
  "strict_identity_audit": {
    "blocking_identity_conflict_examples": [],
    "blocking_identity_conflicts": 0,
    "cik_change_episode_boundaries": 0,
    "cik_changes_continuous_tape_rejected": 1697,
    "cik_changes_outside_observed_tape": 763,
    "cik_changes_same_day_oscillation_rejected": 703,
    "cik_changes_unresolved_gap_conflicts": 0,
    "cik_changes_without_price_tape": 6384,
    "exchange_authority": "none/non-authoritative",
    "first_listing_authority": "first observed historical SEP price session",
    "frozen_terminal_episode_boundaries": 0,
    "identity_authority": "historical SEP tape continuity; new security episodes require causal terminal/relisting corroboration; SEC CIK is issuer evidence and cannot create a security episode by itself",
    "last_listing_authority": "causal terminal evidence only; no future last-price date is admitted",
    "permaticker_authority": "none",
    "raw_cik_change_evidence_events": 9547,
    "related_tickers_authority": "none",
    "security_ids": 21940,
    "tickers": 21940
  },
  "strict_security_type_counts": {
    "auto_common": 6143427,
    "manual_common": 0,
    "manual_non_common": 2,
    "unknown_ineligible": 1082978
  },
  "financial_grade_dividend_lag_sessions": 15,
  "financial_grade_requires_resolved_nav": true,
  "financial_grade_missing_leadership_return_policy": "FAIL_CLOSED",
  "strict_candidate_security_type_coverage": {
    "base_candidates": 7226407,
    "known_classifications": 6143429,
    "unknown_classifications": 1082978,
    "sessions": 5050,
    "sessions_with_unknown": 5050,
    "worst_known_fraction": 0.7309205350118018,
    "worst_session": "2007-10-26",
    "first_unknown_session": "2006-07-05",
    "by_year": {
      "2006": {
        "base_candidates": 135059,
        "known_classifications": 101648,
        "unknown_classifications": 33411,
        "sessions": 125,
        "sessions_with_unknown": 125
      },
      "2007": {
        "base_candidates": 322272,
        "known_classifications": 239889,
        "unknown_classifications": 82383,
        "sessions": 251,
        "sessions_with_unknown": 251
      },
      "2008": {
        "base_candidates": 316899,
        "known_classifications": 237933,
        "unknown_classifications": 78966,
        "sessions": 253,
        "sessions_with_unknown": 253
      },
      "2009": {
        "base_candidates": 262944,
        "known_classifications": 202377,
        "unknown_classifications": 60567,
        "sessions": 252,
        "sessions_with_unknown": 252
      },
      "2010": {
        "base_candidates": 280281,
        "known_classifications": 216354,
        "unknown_classifications": 63927,
        "sessions": 252,
        "sessions_with_unknown": 252
      },
      "2011": {
        "base_candidates": 301939,
        "known_classifications": 234766,
        "unknown_classifications": 67173,
        "sessions": 252,
        "sessions_with_unknown": 252
      },
      "2012": {
        "base_candidates": 284445,
        "known_classifications": 226964,
        "unknown_classifications": 57481,
        "sessions": 250,
        "sessions_with_unknown": 250
      },
      "2013": {
        "base_candidates": 308638,
        "known_classifications": 247815,
        "unknown_classifications": 60823,
        "sessions": 252,
        "sessions_with_unknown": 252
      },
      "2014": {
        "base_candidates": 345354,
        "known_classifications": 279883,
        "unknown_classifications": 65471,
        "sessions": 252,
        "sessions_with_unknown": 252
      },
      "2015": {
        "base_candidates": 352622,
        "known_classifications": 292006,
        "unknown_classifications": 60616,
        "sessions": 252,
        "sessions_with_unknown": 252
      },
      "2016": {
        "base_candidates": 342646,
        "known_classifications": 290448,
        "unknown_classifications": 52198,
        "sessions": 252,
        "sessions_with_unknown": 252
      },
      "2017": {
        "base_candidates": 355667,
        "known_classifications": 304816,
        "unknown_classifications": 50851,
        "sessions": 251,
        "sessions_with_unknown": 251
      },
      "2018": {
        "base_candidates": 379866,
        "known_classifications": 331050,
        "unknown_classifications": 48816,
        "sessions": 251,
        "sessions_with_unknown": 251
      },
      "2019": {
        "base_candidates": 365429,
        "known_classifications": 323810,
        "unknown_classifications": 41619,
        "sessions": 252,
        "sessions_with_unknown": 252
      },
      "2020": {
        "base_candidates": 393704,
        "known_classifications": 350941,
        "unknown_classifications": 42763,
        "sessions": 253,
        "sessions_with_unknown": 253
      },
      "2021": {
        "base_candidates": 455780,
        "known_classifications": 407284,
        "unknown_classifications": 48496,
        "sessions": 252,
        "sessions_with_unknown": 252
      },
      "2022": {
        "base_candidates": 420633,
        "known_classifications": 379938,
        "unknown_classifications": 40695,
        "sessions": 251,
        "sessions_with_unknown": 251
      },
      "2023": {
        "base_candidates": 396573,
        "known_classifications": 364482,
        "unknown_classifications": 32091,
        "sessions": 250,
        "sessions_with_unknown": 250
      },
      "2024": {
        "base_candidates": 427291,
        "known_classifications": 394571,
        "unknown_classifications": 32720,
        "sessions": 252,
        "sessions_with_unknown": 252
      },
      "2025": {
        "base_candidates": 476768,
        "known_classifications": 439165,
        "unknown_classifications": 37603,
        "sessions": 250,
        "sessions_with_unknown": 250
      },
      "2026": {
        "base_candidates": 301597,
        "known_classifications": 277289,
        "unknown_classifications": 24308,
        "sessions": 145,
        "sessions_with_unknown": 145
      }
    }
  },
  "strict_candidate_security_type_unknown_breakdown": {
    "by_ticker": {
      "ABBNY": {
        "observations": 4250,
        "first_session": "2006-07-05",
        "last_session": "2023-05-22",
        "cik_available": 0,
        "cik_missing": 4250,
        "evidence": {
          "no_strict_prior_positive_evidence": 4250
        }
      },
      "ABI1": {
        "observations": 603,
        "first_session": "2006-07-05",
        "last_session": "2008-11-21",
        "cik_available": 0,
        "cik_missing": 603,
        "evidence": {
          "no_strict_prior_positive_evidence": 603
        }
      },
      "ABV": {
        "observations": 1852,
        "first_session": "2006-07-05",
        "last_session": "2013-11-12",
        "cik_available": 0,
        "cik_missing": 1852,
        "evidence": {
          "no_strict_prior_positive_evidence": 1852
        }
      },
      "ACIIQ": {
        "observations": 2050,
        "first_session": "2006-07-05",
        "last_session": "2015-09-25",
        "cik_available": 0,
        "cik_missing": 2050,
        "evidence": {
          "no_strict_prior_positive_evidence": 2050
        }
      },
      "ACV1": {
        "observations": 595,
        "first_session": "2006-07-05",
        "last_session": "2011-05-10",
        "cik_available": 0,
        "cik_missing": 595,
        "evidence": {
          "no_strict_prior_positive_evidence": 595
        }
      },
      "ADCT1": {
        "observations": 754,
        "first_session": "2006-07-05",
        "last_session": "2010-09-15",
        "cik_available": 0,
        "cik_missing": 754,
        "evidence": {
          "no_strict_prior_positive_evidence": 754
        }
      },
      "ADI": {
        "observations": 5050,
        "first_session": "2006-07-05",
        "last_session": "2026-07-31",
        "cik_available": 5050,
        "cik_missing": 0,
        "evidence": {
          "no_strict_prior_positive_evidence": 5050
        }
      },
      "AEM": {
        "observations": 5049,
        "first_session": "2006-07-05",
        "last_session": "2026-07-31",
        "cik_available": 0,
        "cik_missing": 5049,
        "evidence": {
          "no_strict_prior_positive_evidence": 5049
        }
      },
      "AGE1": {
        "observations": 254,
        "first_session": "2006-07-05",
        "last_session": "2007-09-28",
        "cik_available": 0,
        "cik_missing": 254,
        "evidence": {
          "no_strict_prior_positive_evidence": 254
        }
      },
      "AGN1": {
        "observations": 2189,
        "first_session": "2006-07-05",
        "last_session": "2015-03-16",
        "cik_available": 0,
        "cik_missing": 2189,
        "evidence": {
          "no_strict_prior_positive_evidence": 2189
        }
      },
      "AL1": {
        "observations": 344,
        "first_session": "2006-07-05",
        "last_session": "2007-11-13",
        "cik_available": 0,
        "cik_missing": 344,
        "evidence": {
          "no_strict_prior_positive_evidence": 344
        }
      },
      "ALTR1": {
        "observations": 2387,
        "first_session": "2006-07-05",
        "last_session": "2015-12-24",
        "cik_available": 0,
        "cik_missing": 2387,
        "evidence": {
          "no_strict_prior_positive_evidence": 2387
        }
      },
      "ALU": {
        "observations": 2019,
        "first_session": "2006-07-05",
        "last_session": "2015-12-23",
        "cik_available": 0,
        "cik_missing": 2019,
        "evidence": {
          "no_strict_prior_positive_evidence": 2019
        }
      },
      "AMTD1": {
        "observations": 3588,
        "first_session": "2006-07-05",
        "last_session": "2020-10-05",
        "cik_available": 0,
        "cik_missing": 3588,
        "evidence": {
          "no_strict_prior_positive_evidence": 3588
        }
      },
      "AMX": {
        "observations": 5000,
        "first_session": "2006-07-05",
        "last_session": "2026-07-31",
        "cik_available": 95,
        "cik_missing": 4905,
        "evidence": {
          "no_strict_prior_positive_evidence": 5000
        }
      },
      "APC1": {
        "observations": 3297,
        "first_session": "2006-07-05",
        "last_session": "2019-08-08",
        "cik_available": 0,
        "cik_missing": 3297,
        "evidence": {
          "no_strict_prior_positive_evidence": 3297
        }
      },
      "ARA1": {
        "observations": 423,
        "first_session": "2006-07-05",
        "last_session": "2008-10-30",
        "cik_available": 0,
        "cik_missing": 423,
        "evidence": {
          "no_strict_prior_positive_evidence": 423
        }
      },
      "ASML": {
        "observations": 5050,
        "first_session": "2006-07-05",
        "last_session": "2026-07-31",
        "cik_available": 0,
        "cik_missing": 5050,
        "evidence": {
          "no_strict_prior_positive_evidence": 5050
        }
      },
      "ASNAQ": {
        "observations": 1754,
        "first_session": "2006-07-05",
        "last_session": "2018-06-25",
        "cik_available": 0,
        "cik_missing": 1754,
        "evidence": {
          "no_strict_prior_positive_evidence": 1754
        }
      },
      "ASO1": {
        "observations": 87,
        "first_session": "2006-07-05",
        "last_session": "2006-11-03",
        "cik_available": 0,
        "cik_missing": 87,
        "evidence": {
          "no_strict_prior_positive_evidence": 87
        }
      },
      "AT1": {
        "observations": 346,
        "first_session": "2006-07-05",
        "last_session": "2007-11-15",
        "cik_available": 0,
        "cik_missing": 346,
        "evidence": {
          "no_strict_prior_positive_evidence": 346
        }
      },
      "ATHR1": {
        "observations": 1214,
        "first_session": "2006-07-05",
        "last_session": "2011-05-24",
        "cik_available": 0,
        "cik_missing": 1214,
        "evidence": {
          "no_strict_prior_positive_evidence": 1214
        }
      },
      "ATYT": {
        "observations": 79,
        "first_session": "2006-07-05",
        "last_session": "2006-10-24",
        "cik_available": 0,
        "cik_missing": 79,
        "evidence": {
          "no_strict_prior_positive_evidence": 79
        }
      },
      "AUOTY": {
        "observations": 1174,
        "first_session": "2006-07-05",
        "last_session": "2015-02-26",
        "cik_available": 0,
        "cik_missing": 1174,
        "evidence": {
          "no_strict_prior_positive_evidence": 1174
        }
      },
      "AUY": {
        "observations": 4099,
        "first_session": "2006-07-05",
        "last_session": "2023-03-31",
        "cik_available": 0,
        "cik_missing": 4099,
        "evidence": {
          "no_strict_prior_positive_evidence": 4099
        }
      },
      "AV1": {
        "observations": 331,
        "first_session": "2006-07-05",
        "last_session": "2007-10-25",
        "cik_available": 0,
        "cik_missing": 331,
        "evidence": {
          "no_strict_prior_positive_evidence": 331
        }
      },
      "AVL1": {
        "observations": 6,
        "first_session": "2006-07-05",
        "last_session": "2006-07-12",
        "cik_available": 0,
        "cik_missing": 6,
        "evidence": {
          "no_strict_prior_positive_evidence": 6
        }
      },
      "BBBYQ": {
        "observations": 4205,
        "first_session": "2006-07-05",
        "last_session": "2023-03-17",
        "cik_available": 0,
        "cik_missing": 4205,
        "evidence": {
          "no_strict_prior_positive_evidence": 4205
        }
      },
      "BEAM2": {
        "observations": 1969,
        "first_session": "2006-07-05",
        "last_session": "2014-04-30",
        "cik_available": 0,
        "cik_missing": 1969,
        "evidence": {
          "no_strict_prior_positive_evidence": 1969
        }
      },
      "BEC1": {
        "observations": 1226,
        "first_session": "2006-07-05",
        "last_session": "2011-06-29",
        "cik_available": 0,
        "cik_missing": 1226,
        "evidence": {
          "no_strict_prior_positive_evidence": 1226
        }
      },
      "BGC2": {
        "observations": 1787,
        "first_session": "2006-07-05",
        "last_session": "2018-06-05",
        "cik_available": 0,
        "cik_missing": 1787,
        "evidence": {
          "no_strict_prior_positive_evidence": 1787
        }
      },
      "BGO": {
        "observations": 123,
        "first_session": "2006-07-05",
        "last_session": "2007-02-09",
        "cik_available": 0,
        "cik_missing": 123,
        "evidence": {
          "no_strict_prior_positive_evidence": 123
        }
      },
      "BID1": {
        "observations": 2722,
        "first_session": "2006-07-05",
        "last_session": "2019-10-02",
        "cik_available": 0,
        "cik_missing": 2722,
        "evidence": {
          "no_strict_prior_positive_evidence": 2722
        }
      },
      "BOT1": {
        "observations": 257,
        "first_session": "2006-07-05",
        "last_session": "2007-07-12",
        "cik_available": 0,
        "cik_missing": 257,
        "evidence": {
          "no_strict_prior_positive_evidence": 257
        }
      },
      "BSC1": {
        "observations": 480,
        "first_session": "2006-07-05",
        "last_session": "2008-05-30",
        "cik_available": 0,
        "cik_missing": 480,
        "evidence": {
          "no_strict_prior_positive_evidence": 480
        }
      },
      "BUD1": {
        "observations": 598,
        "first_session": "2006-07-05",
        "last_session": "2008-11-17",
        "cik_available": 0,
        "cik_missing": 598,
        "evidence": {
          "no_strict_prior_positive_evidence": 598
        }
      },
      "CA1": {
        "observations": 3107,
        "first_session": "2006-07-05",
        "last_session": "2018-11-02",
        "cik_available": 0,
        "cik_missing": 3107,
        "evidence": {
          "no_strict_prior_positive_evidence": 3107
        }
      },
      "CAL1": {
        "observations": 1069,
        "first_session": "2006-07-05",
        "last_session": "2010-09-30",
        "cik_available": 0,
        "cik_missing": 1069,
        "evidence": {
          "no_strict_prior_positive_evidence": 1069
        }
      },
      "CAM2": {
        "observations": 2453,
        "first_session": "2006-07-05",
        "last_session": "2016-04-01",
        "cik_available": 0,
        "cik_missing": 2453,
        "evidence": {
          "no_strict_prior_positive_evidence": 2453
        }
      },
      "CB1": {
        "observations": 2400,
        "first_session": "2006-07-05",
        "last_session": "2016-01-14",
        "cik_available": 0,
        "cik_missing": 2400,
        "evidence": {
          "no_strict_prior_positive_evidence": 2400
        }
      },
      "CBH1": {
        "observations": 436,
        "first_session": "2006-07-05",
        "last_session": "2008-03-28",
        "cik_available": 0,
        "cik_missing": 436,
        "evidence": {
          "no_strict_prior_positive_evidence": 436
        }
      },
      "CCE1": {
        "observations": 2493,
        "first_session": "2006-07-05",
        "last_session": "2016-05-27",
        "cik_available": 0,
        "cik_missing": 2493,
        "evidence": {
          "no_strict_prior_positive_evidence": 2493
        }
      },
      "CCJ": {
        "observations": 4566,
        "first_session": "2006-07-05",
        "last_session": "2026-07-31",
        "cik_available": 0,
        "cik_missing": 4566,
        "evidence": {
          "no_strict_prior_positive_evidence": 4566
        }
      },
      "CCK": {
        "observations": 4948,
        "first_session": "2006-07-05",
        "last_session": "2026-07-31",
        "cik_available": 4948,
        "cik_missing": 0,
        "evidence": {
          "no_strict_prior_positive_evidence": 4948
        }
      },
      "CCTYQ": {
        "observations": 503,
        "first_session": "2006-07-05",
        "last_session": "2008-07-21",
        "cik_available": 0,
        "cik_missing": 503,
        "evidence": {
          "no_strict_prior_positive_evidence": 503
        }
      },
      "CCU1": {
        "observations": 521,
        "first_session": "2006-07-05",
        "last_session": "2008-07-29",
        "cik_available": 0,
        "cik_missing": 521,
        "evidence": {
          "no_strict_prior_positive_evidence": 521
        }
      },
      "CEG1": {
        "observations": 1433,
        "first_session": "2006-07-05",
        "last_session": "2012-03-12",
        "cik_available": 0,
        "cik_missing": 1433,
        "evidence": {
          "no_strict_prior_positive_evidence": 1433
        }
      },
      "CELL1": {
        "observations": 159,
        "first_session": "2006-07-05",
        "last_session": "2012-07-24",
        "cik_available": 0,
        "cik_missing": 159,
        "evidence": {
          "no_strict_prior_positive_evidence": 159
        }
      },
      "CEN1": {
        "observations": 258,
        "first_session": "2006-07-05",
        "last_session": "2007-11-07",
        "cik_available": 0,
        "cik_missing": 258,
        "evidence": {
          "no_strict_prior_positive_evidence": 258
        }
      },
      "CEO": {
        "observations": 2512,
        "first_session": "2006-07-05",
        "last_session": "2021-02-03",
        "cik_available": 0,
        "cik_missing": 2512,
        "evidence": {
          "no_strict_prior_positive_evidence": 2512
        }
      },
      "CHAP1": {
        "observations": 302,
        "first_session": "2006-07-05",
        "last_session": "2007-09-14",
        "cik_available": 0,
        "cik_missing": 302,
        "evidence": {
          "no_strict_prior_positive_evidence": 302
        }
      },
      "CHZS": {
        "observations": 161,
        "first_session": "2006-07-05",
        "last_session": "2007-03-27",
        "cik_available": 0,
        "cik_missing": 161,
        "evidence": {
          "no_strict_prior_positive_evidence": 161
        }
      },
      "CITGQ": {
        "observations": 824,
        "first_session": "2006-07-05",
        "last_session": "2009-10-28",
        "cik_available": 0,
        "cik_missing": 824,
        "evidence": {
          "no_strict_prior_positive_evidence": 824
        }
      },
      "CMCSK": {
        "observations": 2378,
        "first_session": "2006-07-05",
        "last_session": "2015-12-11",
        "cik_available": 0,
        "cik_missing": 2378,
        "evidence": {
          "no_strict_prior_positive_evidence": 2378
        }
      },
      "CMI": {
        "observations": 5050,
        "first_session": "2006-07-05",
        "last_session": "2026-07-31",
        "cik_available": 5050,
        "cik_missing": 0,
        "evidence": {
          "no_strict_prior_positive_evidence": 5050
        }
      },
      "CNET1": {
        "observations": 193,
        "first_session": "2006-07-05",
        "last_session": "2008-06-30",
        "cik_available": 0,
        "cik_missing": 193,
        "evidence": {
          "no_strict_prior_positive_evidence": 193
        }
      },
      "CNI": {
        "observations": 5050,
        "first_session": "2006-07-05",
        "last_session": "2026-07-31",
        "cik_available": 0,
        "cik_missing": 5050,
        "evidence": {
          "no_strict_prior_positive_evidence": 5050
        }
      },
      "CNQ": {
        "observations": 5049,
        "first_session": "2006-07-05",
        "last_session": "2026-07-31",
        "cik_available": 0,
        "cik_missing": 5049,
        "evidence": {
          "no_strict_prior_positive_evidence": 5049
        }
      },
      "CNR2": {
        "observations": 313,
        "first_session": "2006-07-05",
        "last_session": "2022-07-22",
        "cik_available": 0,
        "cik_missing": 313,
        "evidence": {
          "no_strict_prior_positive_evidence": 313
        }
      },
      "CNSY": {
        "observations": 187,
        "first_session": "2006-07-05",
        "last_session": "2025-03-27",
        "cik_available": 0,
        "cik_missing": 187,
        "evidence": {
          "no_strict_prior_positive_evidence": 187
        }
      },
      "CNXT1": {
        "observations": 145,
        "first_session": "2006-07-05",
        "last_session": "2007-02-23",
        "cik_available": 0,
        "cik_missing": 145,
        "evidence": {
          "no_strict_prior_positive_evidence": 145
        }
      },
      "COGN": {
        "observations": 397,
        "first_session": "2006-07-05",
        "last_session": "2008-01-31",
        "cik_available": 0,
        "cik_missing": 397,
        "evidence": {
          "no_strict_prior_positive_evidence": 397
        }
      },
      "COMS1": {
        "observations": 550,
        "first_session": "2006-07-05",
        "last_session": "2010-04-08",
        "cik_available": 0,
        "cik_missing": 550,
        "evidence": {
          "no_strict_prior_positive_evidence": 550
        }
      },
      "CPPRQ": {
        "observations": 3123,
        "first_session": "2006-07-05",
        "last_session": "2019-03-27",
        "cik_available": 0,
        "cik_missing": 3123,
        "evidence": {
          "no_strict_prior_positive_evidence": 3123
        }
      },
      "CPS1": {
        "observations": 295,
        "first_session": "2006-07-05",
        "last_session": "2008-09-18",
        "cik_available": 0,
        "cik_missing": 295,
        "evidence": {
          "no_strict_prior_positive_evidence": 295
        }
      },
      "CRE1": {
        "observations": 5,
        "first_session": "2006-07-05",
        "last_session": "2006-07-12",
        "cik_available": 0,
        "cik_missing": 5,
        "evidence": {
          "no_strict_prior_positive_evidence": 5
        }
      },
      "CS": {
        "observations": 4113,
        "first_session": "2006-07-05",
        "last_session": "2023-03-17",
        "cik_available": 0,
        "cik_missing": 4113,
        "evidence": {
          "no_strict_prior_positive_evidence": 4113
        }
      },
      "CTV1": {
        "observations": 1070,
        "first_session": "2006-07-05",
        "last_session": "2011-01-13",
        "cik_available": 0,
        "cik_missing": 1070,
        "evidence": {
          "no_strict_prior_positive_evidence": 1070
        }
      },
      "CTX1": {
        "observations": 787,
        "first_session": "2006-07-05",
        "last_session": "2009-08-18",
        "cik_available": 0,
        "cik_missing": 787,
        "evidence": {
          "no_strict_prior_positive_evidence": 787
        }
      },
      "CWTRQ": {
        "observations": 362,
        "first_session": "2006-07-05",
        "last_session": "2008-02-04",
        "cik_available": 0,
        "cik_missing": 362,
        "evidence": {
          "no_strict_prior_positive_evidence": 362
        }
      },
      "CYN1": {
        "observations": 1564,
        "first_session": "2006-07-05",
        "last_session": "2015-10-30",
        "cik_available": 0,
        "cik_missing": 1564,
        "evidence": {
          "no_strict_prior_positive_evidence": 1564
        }
      },
      "DBDQQ": {
        "observations": 1381,
        "first_session": "2006-07-05",
        "last_session": "2019-08-21",
        "cik_available": 0,
        "cik_missing": 1381,
        "evidence": {
          "no_strict_prior_positive_evidence": 1381
        }
      },
      "DD1": {
        "observations": 2811,
        "first_session": "2006-07-05",
        "last_session": "2017-08-31",
        "cik_available": 0,
        "cik_missing": 2811,
        "evidence": {
          "no_strict_prior_positive_evidence": 2811
        }
      },
      "DDAIF": {
        "observations": 870,
        "first_session": "2006-07-05",
        "last_session": "2010-06-11",
        "cik_available": 0,
        "cik_missing": 870,
        "evidence": {
          "no_strict_prior_positive_evidence": 870
        }
      },
      "DELL1": {
        "observations": 1844,
        "first_session": "2006-07-05",
        "last_session": "2013-10-29",
        "cik_available": 0,
        "cik_missing": 1844,
        "evidence": {
          "no_strict_prior_positive_evidence": 1844
        }
      },
      "DEO": {
        "observations": 5045,
        "first_session": "2006-07-05",
        "last_session": "2026-07-31",
        "cik_available": 0,
        "cik_missing": 5045,
        "evidence": {
          "no_strict_prior_positive_evidence": 5045
        }
      },
      "DFODQ": {
        "observations": 2857,
        "first_session": "2006-07-05",
        "last_session": "2018-04-09",
        "cik_available": 0,
        "cik_missing": 2857,
        "evidence": {
          "no_strict_prior_positive_evidence": 2857
        }
      },
      "DG1": {
        "observations": 253,
        "first_session": "2006-07-05",
        "last_session": "2007-07-06",
        "cik_available": 0,
        "cik_missing": 253,
        "evidence": {
          "no_strict_prior_positive_evidence": 253
        }
      },
      "DNA1": {
        "observations": 686,
        "first_session": "2006-07-05",
        "last_session": "2009-03-26",
        "cik_available": 0,
        "cik_missing": 686,
        "evidence": {
          "no_strict_prior_positive_evidence": 686
        }
      },
      "DNB3": {
        "observations": 2991,
        "first_session": "2006-07-05",
        "last_session": "2019-02-07",
        "cik_available": 0,
        "cik_missing": 2991,
        "evidence": {
          "no_strict_prior_positive_evidence": 2991
        }
      },
      "DNRCQ": {
        "observations": 2998,
        "first_session": "2006-07-05",
        "last_session": "2020-01-14",
        "cik_available": 0,
        "cik_missing": 2998,
        "evidence": {
          "no_strict_prior_positive_evidence": 2998
        }
      },
      "DRIV1": {
        "observations": 869,
        "first_session": "2006-07-05",
        "last_session": "2015-01-06",
        "cik_available": 0,
        "cik_missing": 869,
        "evidence": {
          "no_strict_prior_positive_evidence": 869
        }
      },
      "DRS1": {
        "observations": 455,
        "first_session": "2006-07-05",
        "last_session": "2008-10-21",
        "cik_available": 0,
        "cik_missing": 455,
        "evidence": {
          "no_strict_prior_positive_evidence": 455
        }
      },
      "DTV1": {
        "observations": 2280,
        "first_session": "2006-07-05",
        "last_session": "2015-07-24",
        "cik_available": 0,
        "cik_missing": 2280,
        "evidence": {
          "no_strict_prior_positive_evidence": 2280
        }
      },
      "DWNFQ": {
        "observations": 384,
        "first_session": "2006-07-05",
        "last_session": "2008-04-04",
        "cik_available": 0,
        "cik_missing": 384,
        "evidence": {
          "no_strict_prior_positive_evidence": 384
        }
      },
      "EAGL1": {
        "observations": 248,
        "first_session": "2006-07-05",
        "last_session": "2007-08-02",
        "cik_available": 0,
        "cik_missing": 248,
        "evidence": {
          "no_strict_prior_positive_evidence": 248
        }
      },
      "ELN": {
        "observations": 1529,
        "first_session": "2006-07-05",
        "last_session": "2013-12-17",
        "cik_available": 0,
        "cik_missing": 1529,
        "evidence": {
          "no_strict_prior_positive_evidence": 1529
        }
      },
      "EMC1": {
        "observations": 2562,
        "first_session": "2006-07-05",
        "last_session": "2016-09-06",
        "cik_available": 0,
        "cik_missing": 2562,
        "evidence": {
          "no_strict_prior_positive_evidence": 2562
        }
      },
      "ENDPQ": {
        "observations": 3742,
        "first_session": "2006-07-05",
        "last_session": "2022-01-12",
        "cik_available": 0,
        "cik_missing": 3742,
        "evidence": {
          "no_strict_prior_positive_evidence": 3742
        }
      },
      "ENERQ": {
        "observations": 908,
        "first_session": "2006-07-05",
        "last_session": "2010-03-09",
        "cik_available": 0,
        "cik_missing": 908,
        "evidence": {
          "no_strict_prior_positive_evidence": 908
        }
      },
      "EOP": {
        "observations": 152,
        "first_session": "2006-07-05",
        "last_session": "2007-02-09",
        "cik_available": 152,
        "cik_missing": 0,
        "evidence": {
          "no_strict_prior_positive_evidence": 152
        }
      },
      "EP1": {
        "observations": 1485,
        "first_session": "2006-07-05",
        "last_session": "2012-05-24",
        "cik_available": 0,
        "cik_missing": 1485,
        "evidence": {
          "no_strict_prior_positive_evidence": 1485
        }
      },
      "EPD": {
        "observations": 5041,
        "first_session": "2006-07-05",
        "last_session": "2026-07-31",
        "cik_available": 5041,
        "cik_missing": 0,
        "evidence": {
          "no_strict_prior_positive_evidence": 5041
        }
      },
      "ERF": {
        "observations": 1414,
        "first_session": "2006-07-05",
        "last_session": "2024-05-30",
        "cik_available": 0,
        "cik_missing": 1414,
        "evidence": {
          "no_strict_prior_positive_evidence": 1414
        }
      },
      "ERIC": {
        "observations": 5023,
        "first_session": "2006-07-05",
        "last_session": "2026-07-31",
        "cik_available": 0,
        "cik_missing": 5023,
        "evidence": {
          "no_strict_prior_positive_evidence": 5023
        }
      },
      "ESINQ": {
        "observations": 1563,
        "first_session": "2006-07-05",
        "last_session": "2014-11-11",
        "cik_available": 0,
        "cik_missing": 1563,
        "evidence": {
          "no_strict_prior_positive_evidence": 1563
        }
      },
      "ESLRQ": {
        "observations": 504,
        "first_session": "2006-07-05",
        "last_session": "2009-07-17",
        "cik_available": 0,
        "cik_missing": 504,
        "evidence": {
          "no_strict_prior_positive_evidence": 504
        }
      },
      "EYE2": {
        "observations": 499,
        "first_session": "2006-07-05",
        "last_session": "2009-02-26",
        "cik_available": 0,
        "cik_missing": 499,
        "evidence": {
          "no_strict_prior_positive_evidence": 499
        }
      },
      "FALB": {
        "observations": 28,
        "first_session": "2006-07-05",
        "last_session": "2006-08-15",
        "cik_available": 0,
        "cik_missing": 28,
        "evidence": {
          "no_strict_prior_positive_evidence": 28
        }
      },
      "FBNIQ": {
        "observations": 63,
        "first_session": "2006-07-05",
        "last_session": "2008-07-18",
        "cik_available": 0,
        "cik_missing": 63,
        "evidence": {
          "no_strict_prior_positive_evidence": 63
        }
      },
      "FCL1": {
        "observations": 744,
        "first_session": "2006-07-05",
        "last_session": "2009-07-31",
        "cik_available": 0,
        "cik_missing": 744,
        "evidence": {
          "no_strict_prior_positive_evidence": 744
        }
      },
      "FDC1": {
        "observations": 307,
        "first_session": "2006-07-05",
        "last_session": "2007-09-21",
        "cik_available": 0,
        "cik_missing": 307,
        "evidence": {
          "no_strict_prior_positive_evidence": 307
        }
      },
      "FDG1": {
        "observations": 521,
        "first_session": "2006-07-05",
        "last_session": "2008-10-24",
        "cik_available": 0,
        "cik_missing": 521,
        "evidence": {
          "no_strict_prior_positive_evidence": 521
        }
      },
      "FFEDQ": {
        "observations": 424,
        "first_session": "2006-07-05",
        "last_session": "2008-10-14",
        "cik_available": 0,
        "cik_missing": 424,
        "evidence": {
          "no_strict_prior_positive_evidence": 424
        }
      },
      "FLG": {
        "observations": 4986,
        "first_session": "2006-07-05",
        "last_session": "2026-07-31",
        "cik_available": 375,
        "cik_missing": 4611,
        "evidence": {
          "no_strict_prior_positive_evidence": 4986
        }
      },
      "FLSH": {
        "observations": 97,
        "first_session": "2006-07-05",
        "last_session": "2006-11-17",
        "cik_available": 0,
        "cik_missing": 97,
        "evidence": {
          "no_strict_prior_positive_evidence": 97
        }
      },
      "FMCN": {
        "observations": 1624,
        "first_session": "2006-07-05",
        "last_session": "2013-05-23",
        "cik_available": 0,
        "cik_missing": 1624,
        "evidence": {
          "no_strict_prior_positive_evidence": 1624
        }
      },
      "FMX": {
        "observations": 5005,
        "first_session": "2006-07-05",
        "last_session": "2026-07-31",
        "cik_available": 95,
        "cik_missing": 4910,
        "evidence": {
          "no_strict_prior_positive_evidence": 5005
        }
      },
      "FNF1": {
        "observations": 91,
        "first_session": "2006-07-05",
        "last_session": "2006-11-09",
        "cik_available": 0,
        "cik_missing": 91,
        "evidence": {
          "no_strict_prior_positive_evidence": 91
        }
      },
      "FRO": {
        "observations": 2497,
        "first_session": "2006-07-05",
        "last_session": "2026-07-31",
        "cik_available": 0,
        "cik_missing": 2497,
        "evidence": {
          "no_strict_prior_positive_evidence": 2497
        }
      },
      "FRX1": {
        "observations": 2011,
        "first_session": "2006-07-05",
        "last_session": "2014-06-30",
        "cik_available": 0,
        "cik_missing": 2011,
        "evidence": {
          "no_strict_prior_positive_evidence": 2011
        }
      },
      "FSL.B": {
        "observations": 106,
        "first_session": "2006-07-05",
        "last_session": "2006-12-01",
        "cik_available": 0,
        "cik_missing": 106,
        "evidence": {
          "no_strict_prior_positive_evidence": 106
        }
      },
      "FSL1": {
        "observations": 106,
        "first_session": "2006-07-05",
        "last_session": "2006-12-01",
        "cik_available": 0,
        "cik_missing": 106,
        "evidence": {
          "no_strict_prior_positive_evidence": 106
        }
      },
      "FTI1": {
        "observations": 2652,
        "first_session": "2006-07-05",
        "last_session": "2017-01-13",
        "cik_available": 0,
        "cik_missing": 2652,
        "evidence": {
          "no_strict_prior_positive_evidence": 2652
        }
      },
      "FTRCQ": {
        "observations": 2979,
        "first_session": "2006-07-05",
        "last_session": "2018-10-18",
        "cik_available": 0,
        "cik_missing": 2979,
        "evidence": {
          "no_strict_prior_positive_evidence": 2979
        }
      },
      "GDI1": {
        "observations": 1042,
        "first_session": "2006-07-05",
        "last_session": "2013-07-30",
        "cik_available": 0,
        "cik_missing": 1042,
        "evidence": {
          "no_strict_prior_positive_evidence": 1042
        }
      },
      "GEN1": {
        "observations": 1435,
        "first_session": "2006-07-05",
        "last_session": "2012-12-14",
        "cik_available": 0,
        "cik_missing": 1435,
        "evidence": {
          "no_strict_prior_positive_evidence": 1435
        }
      },
      "GENZ1": {
        "observations": 1201,
        "first_session": "2006-07-05",
        "last_session": "2011-04-08",
        "cik_available": 0,
        "cik_missing": 1201,
        "evidence": {
          "no_strict_prior_positive_evidence": 1201
        }
      },
      "GG": {
        "observations": 3219,
        "first_session": "2006-07-05",
        "last_session": "2019-04-17",
        "cik_available": 0,
        "cik_missing": 3219,
        "evidence": {
          "no_strict_prior_positive_evidence": 3219
        }
      },
      "GLBL1": {
        "observations": 528,
        "first_session": "2006-07-05",
        "last_session": "2011-11-01",
        "cik_available": 0,
        "cik_missing": 528,
        "evidence": {
          "no_strict_prior_positive_evidence": 528
        }
      },
      "GLG1": {
        "observations": 87,
        "first_session": "2006-07-05",
        "last_session": "2006-11-03",
        "cik_available": 0,
        "cik_missing": 87,
        "evidence": {
          "no_strict_prior_positive_evidence": 87
        }
      },
      "GMRRQ": {
        "observations": 177,
        "first_session": "2006-07-05",
        "last_session": "2010-07-16",
        "cik_available": 0,
        "cik_missing": 177,
        "evidence": {
          "no_strict_prior_positive_evidence": 177
        }
      },
      "GOLLQ": {
        "observations": 589,
        "first_session": "2006-07-05",
        "last_session": "2021-06-30",
        "cik_available": 0,
        "cik_missing": 589,
        "evidence": {
          "no_strict_prior_positive_evidence": 589
        }
      },
      "GRP1": {
        "observations": 452,
        "first_session": "2006-07-05",
        "last_session": "2008-04-21",
        "cik_available": 0,
        "cik_missing": 452,
        "evidence": {
          "no_strict_prior_positive_evidence": 452
        }
      },
      "GSF1": {
        "observations": 352,
        "first_session": "2006-07-05",
        "last_session": "2007-11-26",
        "cik_available": 0,
        "cik_missing": 352,
        "evidence": {
          "no_strict_prior_positive_evidence": 352
        }
      },
      "GSK": {
        "observations": 5050,
        "first_session": "2006-07-05",
        "last_session": "2026-07-31",
        "cik_available": 0,
        "cik_missing": 5050,
        "evidence": {
          "no_strict_prior_positive_evidence": 5050
        }
      },
      "HCA1": {
        "observations": 97,
        "first_session": "2006-07-05",
        "last_session": "2006-11-17",
        "cik_available": 0,
        "cik_missing": 97,
        "evidence": {
          "no_strict_prior_positive_evidence": 97
        }
      },
      "HCR1": {
        "observations": 370,
        "first_session": "2006-07-05",
        "last_session": "2007-12-21",
        "cik_available": 0,
        "cik_missing": 370,
        "evidence": {
          "no_strict_prior_positive_evidence": 370
        }
      },
      "HK1": {
        "observations": 1281,
        "first_session": "2006-07-05",
        "last_session": "2011-08-25",
        "cik_available": 0,
        "cik_missing": 1281,
        "evidence": {
          "no_strict_prior_positive_evidence": 1281
        }
      },
      "HLT1": {
        "observations": 329,
        "first_session": "2006-07-05",
        "last_session": "2007-10-23",
        "cik_available": 0,
        "cik_missing": 329,
        "evidence": {
          "no_strict_prior_positive_evidence": 329
        }
      },
      "HLTH1": {
        "observations": 413,
        "first_session": "2006-07-05",
        "last_session": "2008-12-19",
        "cik_available": 0,
        "cik_missing": 413,
        "evidence": {
          "no_strict_prior_positive_evidence": 413
        }
      },
      "HMA1": {
        "observations": 1602,
        "first_session": "2006-07-05",
        "last_session": "2014-01-24",
        "cik_available": 0,
        "cik_missing": 1602,
        "evidence": {
          "no_strict_prior_positive_evidence": 1602
        }
      },
      "HMY": {
        "observations": 2826,
        "first_session": "2006-07-05",
        "last_session": "2026-07-31",
        "cik_available": 0,
        "cik_missing": 2826,
        "evidence": {
          "no_strict_prior_positive_evidence": 2826
        }
      },
      "HUM": {
        "observations": 5050,
        "first_session": "2006-07-05",
        "last_session": "2026-07-31",
        "cik_available": 5050,
        "cik_missing": 0,
        "evidence": {
          "no_strict_prior_positive_evidence": 5050
        }
      },
      "IBN": {
        "observations": 5047,
        "first_session": "2006-07-05",
        "last_session": "2026-07-31",
        "cik_available": 93,
        "cik_missing": 4954,
        "evidence": {
          "no_strict_prior_positive_evidence": 5047
        }
      },
      "IDMCQ": {
        "observations": 402,
        "first_session": "2006-07-05",
        "last_session": "2008-03-10",
        "cik_available": 0,
        "cik_missing": 402,
        "evidence": {
          "no_strict_prior_positive_evidence": 402
        }
      },
      "IGT1": {
        "observations": 2203,
        "first_session": "2006-07-05",
        "last_session": "2015-04-06",
        "cik_available": 0,
        "cik_missing": 2203,
        "evidence": {
          "no_strict_prior_positive_evidence": 2203
        }
      },
      "INCLF": {
        "observations": 97,
        "first_session": "2006-07-05",
        "last_session": "2006-11-20",
        "cik_available": 0,
        "cik_missing": 97,
        "evidence": {
          "no_strict_prior_positive_evidence": 97
        }
      },
      "INFA1": {
        "observations": 1919,
        "first_session": "2006-07-05",
        "last_session": "2015-08-06",
        "cik_available": 0,
        "cik_missing": 1919,
        "evidence": {
          "no_strict_prior_positive_evidence": 1919
        }
      },
      "INFY": {
        "observations": 5050,
        "first_session": "2006-07-05",
        "last_session": "2026-07-31",
        "cik_available": 93,
        "cik_missing": 4957,
        "evidence": {
          "no_strict_prior_positive_evidence": 5050
        }
      },
      "IPS1": {
        "observations": 261,
        "first_session": "2006-07-05",
        "last_session": "2007-07-18",
        "cik_available": 0,
        "cik_missing": 261,
        "evidence": {
          "no_strict_prior_positive_evidence": 261
        }
      },
      "ITG1": {
        "observations": 599,
        "first_session": "2006-07-05",
        "last_session": "2019-01-16",
        "cik_available": 0,
        "cik_missing": 599,
        "evidence": {
          "no_strict_prior_positive_evidence": 599
        }
      },
      "JAVA1": {
        "observations": 897,
        "first_session": "2006-07-05",
        "last_session": "2010-01-26",
        "cik_available": 0,
        "cik_missing": 897,
        "evidence": {
          "no_strict_prior_positive_evidence": 897
        }
      },
      "JEF1": {
        "observations": 1487,
        "first_session": "2006-07-05",
        "last_session": "2013-02-28",
        "cik_available": 0,
        "cik_missing": 1487,
        "evidence": {
          "no_strict_prior_positive_evidence": 1487
        }
      },
      "JLG": {
        "observations": 86,
        "first_session": "2006-07-05",
        "last_session": "2006-12-06",
        "cik_available": 86,
        "cik_missing": 0,
        "evidence": {
          "no_strict_prior_positive_evidence": 86
        }
      },
      "KB": {
        "observations": 806,
        "first_session": "2006-07-05",
        "last_session": "2026-07-31",
        "cik_available": 0,
        "cik_missing": 806,
        "evidence": {
          "no_strict_prior_positive_evidence": 806
        }
      },
      "KCG1": {
        "observations": 1078,
        "first_session": "2006-07-05",
        "last_session": "2012-12-26",
        "cik_available": 0,
        "cik_missing": 1078,
        "evidence": {
          "no_strict_prior_positive_evidence": 1078
        }
      },
      "KG1": {
        "observations": 1152,
        "first_session": "2006-07-05",
        "last_session": "2011-02-09",
        "cik_available": 0,
        "cik_missing": 1152,
        "evidence": {
          "no_strict_prior_positive_evidence": 1152
        }
      },
      "KMG1": {
        "observations": 26,
        "first_session": "2006-07-05",
        "last_session": "2006-08-09",
        "cik_available": 0,
        "cik_missing": 26,
        "evidence": {
          "no_strict_prior_positive_evidence": 26
        }
      },
      "KMI1": {
        "observations": 227,
        "first_session": "2006-07-05",
        "last_session": "2007-05-30",
        "cik_available": 0,
        "cik_missing": 227,
        "evidence": {
          "no_strict_prior_positive_evidence": 227
        }
      },
      "LEN": {
        "observations": 5050,
        "first_session": "2006-07-05",
        "last_session": "2026-07-31",
        "cik_available": 0,
        "cik_missing": 5050,
        "evidence": {
          "no_strict_prior_positive_evidence": 5050
        }
      },
      "LEND1": {
        "observations": 254,
        "first_session": "2006-07-05",
        "last_session": "2007-09-28",
        "cik_available": 0,
        "cik_missing": 254,
        "evidence": {
          "no_strict_prior_positive_evidence": 254
        }
      },
      "LFCHY": {
        "observations": 1322,
        "first_session": "2006-07-05",
        "last_session": "2015-05-06",
        "cik_available": 0,
        "cik_missing": 1322,
        "evidence": {
          "no_strict_prior_positive_evidence": 1322
        }
      },
      "LIFE2": {
        "observations": 1909,
        "first_session": "2006-07-05",
        "last_session": "2014-02-03",
        "cik_available": 0,
        "cik_missing": 1909,
        "evidence": {
          "no_strict_prior_positive_evidence": 1909
        }
      },
      "LLL1": {
        "observations": 3269,
        "first_session": "2006-07-05",
        "last_session": "2019-06-28",
        "cik_available": 0,
        "cik_missing": 3269,
        "evidence": {
          "no_strict_prior_positive_evidence": 3269
        }
      },
      "LPL": {
        "observations": 678,
        "first_session": "2006-07-05",
        "last_session": "2011-08-15",
        "cik_available": 0,
        "cik_missing": 678,
        "evidence": {
          "no_strict_prior_positive_evidence": 678
        }
      },
      "LSCP1": {
        "observations": 2,
        "first_session": "2006-07-05",
        "last_session": "2006-07-06",
        "cik_available": 0,
        "cik_missing": 2,
        "evidence": {
          "no_strict_prior_positive_evidence": 2
        }
      },
      "LSI1": {
        "observations": 1972,
        "first_session": "2006-07-05",
        "last_session": "2014-05-06",
        "cik_available": 0,
        "cik_missing": 1972,
        "evidence": {
          "no_strict_prior_positive_evidence": 1972
        }
      },
      "LU1": {
        "observations": 105,
        "first_session": "2006-07-05",
        "last_session": "2006-11-30",
        "cik_available": 0,
        "cik_missing": 105,
        "evidence": {
          "no_strict_prior_positive_evidence": 105
        }
      },
      "MBT": {
        "observations": 3595,
        "first_session": "2006-07-05",
        "last_session": "2022-02-25",
        "cik_available": 0,
        "cik_missing": 3595,
        "evidence": {
          "no_strict_prior_positive_evidence": 3595
        }
      },
      "MDG": {
        "observations": 339,
        "first_session": "2006-07-05",
        "last_session": "2007-12-06",
        "cik_available": 0,
        "cik_missing": 339,
        "evidence": {
          "no_strict_prior_positive_evidence": 339
        }
      },
      "MEDI1": {
        "observations": 240,
        "first_session": "2006-07-05",
        "last_session": "2007-06-18",
        "cik_available": 0,
        "cik_missing": 240,
        "evidence": {
          "no_strict_prior_positive_evidence": 240
        }
      },
      "MFC": {
        "observations": 4948,
        "first_session": "2006-07-05",
        "last_session": "2026-07-31",
        "cik_available": 0,
        "cik_missing": 4948,
        "evidence": {
          "no_strict_prior_positive_evidence": 4948
        }
      },
      "MGA": {
        "observations": 5016,
        "first_session": "2006-07-05",
        "last_session": "2026-07-31",
        "cik_available": 0,
        "cik_missing": 5016,
        "evidence": {
          "no_strict_prior_positive_evidence": 5016
        }
      },
      "MI2": {
        "observations": 1260,
        "first_session": "2006-07-05",
        "last_session": "2011-07-05",
        "cik_available": 0,
        "cik_missing": 1260,
        "evidence": {
          "no_strict_prior_positive_evidence": 1260
        }
      },
      "MIK1": {
        "observations": 84,
        "first_session": "2006-07-05",
        "last_session": "2006-10-31",
        "cik_available": 0,
        "cik_missing": 84,
        "evidence": {
          "no_strict_prior_positive_evidence": 84
        }
      },
      "MIL1": {
        "observations": 1010,
        "first_session": "2006-07-05",
        "last_session": "2010-07-14",
        "cik_available": 0,
        "cik_missing": 1010,
        "evidence": {
          "no_strict_prior_positive_evidence": 1010
        }
      },
      "MON2": {
        "observations": 3002,
        "first_session": "2006-07-05",
        "last_session": "2018-06-06",
        "cik_available": 0,
        "cik_missing": 3002,
        "evidence": {
          "no_strict_prior_positive_evidence": 3002
        }
      },
      "MRX1": {
        "observations": 1265,
        "first_session": "2006-07-05",
        "last_session": "2012-12-10",
        "cik_available": 0,
        "cik_missing": 1265,
        "evidence": {
          "no_strict_prior_positive_evidence": 1265
        }
      },
      "MT": {
        "observations": 5050,
        "first_session": "2006-07-05",
        "last_session": "2026-07-31",
        "cik_available": 0,
        "cik_missing": 5050,
        "evidence": {
          "no_strict_prior_positive_evidence": 5050
        }
      },
      "MTLQQ": {
        "observations": 748,
        "first_session": "2006-07-05",
        "last_session": "2009-07-10",
        "cik_available": 0,
        "cik_missing": 748,
        "evidence": {
          "no_strict_prior_positive_evidence": 748
        }
      },
      "NEBLQ": {
        "observations": 3131,
        "first_session": "2006-07-05",
        "last_session": "2018-12-31",
        "cik_available": 0,
        "cik_missing": 3131,
        "evidence": {
          "no_strict_prior_positive_evidence": 3131
        }
      },
      "NFX1": {
        "observations": 3173,
        "first_session": "2006-07-05",
        "last_session": "2019-02-12",
        "cik_available": 0,
        "cik_missing": 3173,
        "evidence": {
          "no_strict_prior_positive_evidence": 3173
        }
      },
      "NOK": {
        "observations": 5050,
        "first_session": "2006-07-05",
        "last_session": "2026-07-31",
        "cik_available": 0,
        "cik_missing": 5050,
        "evidence": {
          "no_strict_prior_positive_evidence": 5050
        }
      },
      "NRTLQ": {
        "observations": 575,
        "first_session": "2006-07-05",
        "last_session": "2008-10-14",
        "cik_available": 0,
        "cik_missing": 575,
        "evidence": {
          "no_strict_prior_positive_evidence": 575
        }
      },
      "NSM1": {
        "observations": 1317,
        "first_session": "2006-07-05",
        "last_session": "2011-09-23",
        "cik_available": 0,
        "cik_missing": 1317,
        "evidence": {
          "no_strict_prior_positive_evidence": 1317
        }
      },
      "NSS1": {
        "observations": 42,
        "first_session": "2006-07-05",
        "last_session": "2006-10-30",
        "cik_available": 0,
        "cik_missing": 42,
        "evidence": {
          "no_strict_prior_positive_evidence": 42
        }
      },
      "NVLS1": {
        "observations": 1489,
        "first_session": "2006-07-05",
        "last_session": "2012-06-04",
        "cik_available": 0,
        "cik_missing": 1489,
        "evidence": {
          "no_strict_prior_positive_evidence": 1489
        }
      },
      "NVRI1": {
        "observations": 854,
        "first_session": "2006-07-05",
        "last_session": "2026-05-29",
        "cik_available": 0,
        "cik_missing": 854,
        "evidence": {
          "no_strict_prior_positive_evidence": 854
        }
      },
      "NVS": {
        "observations": 5050,
        "first_session": "2006-07-05",
        "last_session": "2026-07-31",
        "cik_available": 0,
        "cik_missing": 5050,
        "evidence": {
          "no_strict_prior_positive_evidence": 5050
        }
      },
      "NVT1": {
        "observations": 507,
        "first_session": "2006-07-05",
        "last_session": "2008-07-09",
        "cik_available": 0,
        "cik_missing": 507,
        "evidence": {
          "no_strict_prior_positive_evidence": 507
        }
      },
      "NXY": {
        "observations": 1672,
        "first_session": "2006-07-05",
        "last_session": "2013-02-25",
        "cik_available": 0,
        "cik_missing": 1672,
        "evidence": {
          "no_strict_prior_positive_evidence": 1672
        }
      },
      "OS1": {
        "observations": 139,
        "first_session": "2006-07-05",
        "last_session": "2007-01-23",
        "cik_available": 0,
        "cik_missing": 139,
        "evidence": {
          "no_strict_prior_positive_evidence": 139
        }
      },
      "OSI2": {
        "observations": 227,
        "first_session": "2006-07-05",
        "last_session": "2007-06-13",
        "cik_available": 0,
        "cik_missing": 227,
        "evidence": {
          "no_strict_prior_positive_evidence": 227
        }
      },
      "PAAS": {
        "observations": 4535,
        "first_session": "2006-07-05",
        "last_session": "2026-07-31",
        "cik_available": 0,
        "cik_missing": 4535,
        "evidence": {
          "no_strict_prior_positive_evidence": 4535
        }
      },
      "PAY2": {
        "observations": 2588,
        "first_session": "2006-07-05",
        "last_session": "2018-08-17",
        "cik_available": 0,
        "cik_missing": 2588,
        "evidence": {
          "no_strict_prior_positive_evidence": 2588
        }
      },
      "PBR": {
        "observations": 5050,
        "first_session": "2006-07-05",
        "last_session": "2026-07-31",
        "cik_available": 102,
        "cik_missing": 4948,
        "evidence": {
          "no_strict_prior_positive_evidence": 5050
        }
      },
      "PBR.A": {
        "observations": 5037,
        "first_session": "2006-07-05",
        "last_session": "2026-07-31",
        "cik_available": 0,
        "cik_missing": 5037,
        "evidence": {
          "no_strict_prior_positive_evidence": 5037
        }
      },
      "PCL1": {
        "observations": 2418,
        "first_session": "2006-07-05",
        "last_session": "2016-02-19",
        "cik_available": 0,
        "cik_missing": 2418,
        "evidence": {
          "no_strict_prior_positive_evidence": 2418
        }
      },
      "PCZ": {
        "observations": 747,
        "first_session": "2006-07-05",
        "last_session": "2009-07-31",
        "cik_available": 0,
        "cik_missing": 747,
        "evidence": {
          "no_strict_prior_positive_evidence": 747
        }
      },
      "PD1": {
        "observations": 177,
        "first_session": "2006-07-05",
        "last_session": "2007-03-19",
        "cik_available": 0,
        "cik_missing": 177,
        "evidence": {
          "no_strict_prior_positive_evidence": 177
        }
      },
      "PDS": {
        "observations": 648,
        "first_session": "2006-07-05",
        "last_session": "2015-06-04",
        "cik_available": 0,
        "cik_missing": 648,
        "evidence": {
          "no_strict_prior_positive_evidence": 648
        }
      },
      "PGN1": {
        "observations": 1511,
        "first_session": "2006-07-05",
        "last_session": "2012-07-02",
        "cik_available": 0,
        "cik_missing": 1511,
        "evidence": {
          "no_strict_prior_positive_evidence": 1511
        }
      },
      "PGR": {
        "observations": 5050,
        "first_session": "2006-07-05",
        "last_session": "2026-07-31",
        "cik_available": 5050,
        "cik_missing": 0,
        "evidence": {
          "no_strict_prior_positive_evidence": 5050
        }
      },
      "PHG": {
        "observations": 4112,
        "first_session": "2006-07-05",
        "last_session": "2026-07-31",
        "cik_available": 0,
        "cik_missing": 4112,
        "evidence": {
          "no_strict_prior_positive_evidence": 4112
        }
      },
      "PKX": {
        "observations": 2008,
        "first_session": "2006-07-05",
        "last_session": "2026-07-27",
        "cik_available": 0,
        "cik_missing": 2008,
        "evidence": {
          "no_strict_prior_positive_evidence": 2008
        }
      },
      "PLD1": {
        "observations": 1238,
        "first_session": "2006-07-05",
        "last_session": "2011-06-02",
        "cik_available": 0,
        "cik_missing": 1238,
        "evidence": {
          "no_strict_prior_positive_evidence": 1238
        }
      },
      "PLL1": {
        "observations": 2206,
        "first_session": "2006-07-05",
        "last_session": "2015-08-28",
        "cik_available": 0,
        "cik_missing": 2206,
        "evidence": {
          "no_strict_prior_positive_evidence": 2206
        }
      },
      "POT": {
        "observations": 2893,
        "first_session": "2006-07-05",
        "last_session": "2017-12-29",
        "cik_available": 0,
        "cik_missing": 2893,
        "evidence": {
          "no_strict_prior_positive_evidence": 2893
        }
      },
      "PPMIQ": {
        "observations": 604,
        "first_session": "2006-07-05",
        "last_session": "2011-03-03",
        "cik_available": 0,
        "cik_missing": 604,
        "evidence": {
          "no_strict_prior_positive_evidence": 604
        }
      },
      "PPP3": {
        "observations": 339,
        "first_session": "2006-07-05",
        "last_session": "2007-11-06",
        "cik_available": 0,
        "cik_missing": 339,
        "evidence": {
          "no_strict_prior_positive_evidence": 339
        }
      },
      "PSUNQ": {
        "observations": 555,
        "first_session": "2006-07-05",
        "last_session": "2008-10-01",
        "cik_available": 0,
        "cik_missing": 555,
        "evidence": {
          "no_strict_prior_positive_evidence": 555
        }
      },
      "PTRCY": {
        "observations": 1706,
        "first_session": "2006-07-05",
        "last_session": "2015-06-04",
        "cik_available": 0,
        "cik_missing": 1706,
        "evidence": {
          "no_strict_prior_positive_evidence": 1706
        }
      },
      "PWAVQ": {
        "observations": 313,
        "first_session": "2006-07-05",
        "last_session": "2007-11-27",
        "cik_available": 0,
        "cik_missing": 313,
        "evidence": {
          "no_strict_prior_positive_evidence": 313
        }
      },
      "PX1": {
        "observations": 3104,
        "first_session": "2006-07-05",
        "last_session": "2018-10-30",
        "cik_available": 0,
        "cik_missing": 3104,
        "evidence": {
          "no_strict_prior_positive_evidence": 3104
        }
      },
      "Q1": {
        "observations": 1195,
        "first_session": "2006-07-05",
        "last_session": "2011-03-31",
        "cik_available": 0,
        "cik_missing": 1195,
        "evidence": {
          "no_strict_prior_positive_evidence": 1195
        }
      },
      "RA1": {
        "observations": 140,
        "first_session": "2006-07-05",
        "last_session": "2007-01-24",
        "cik_available": 0,
        "cik_missing": 140,
        "evidence": {
          "no_strict_prior_positive_evidence": 140
        }
      },
      "RADCQ": {
        "observations": 2516,
        "first_session": "2006-07-05",
        "last_session": "2023-08-21",
        "cik_available": 0,
        "cik_missing": 2516,
        "evidence": {
          "no_strict_prior_positive_evidence": 2516
        }
      },
      "RATE1": {
        "observations": 188,
        "first_session": "2006-07-05",
        "last_session": "2009-08-18",
        "cik_available": 0,
        "cik_missing": 188,
        "evidence": {
          "no_strict_prior_positive_evidence": 188
        }
      },
      "RIO": {
        "observations": 5050,
        "first_session": "2006-07-05",
        "last_session": "2026-07-31",
        "cik_available": 0,
        "cik_missing": 5050,
        "evidence": {
          "no_strict_prior_positive_evidence": 5050
        }
      },
      "RSHCQ": {
        "observations": 1484,
        "first_session": "2006-07-05",
        "last_session": "2012-05-23",
        "cik_available": 0,
        "cik_missing": 1484,
        "evidence": {
          "no_strict_prior_positive_evidence": 1484
        }
      },
      "S2": {
        "observations": 3459,
        "first_session": "2006-07-05",
        "last_session": "2020-03-31",
        "cik_available": 0,
        "cik_missing": 3459,
        "evidence": {
          "no_strict_prior_positive_evidence": 3459
        }
      },
      "SAF2": {
        "observations": 559,
        "first_session": "2006-07-05",
        "last_session": "2008-09-22",
        "cik_available": 0,
        "cik_missing": 559,
        "evidence": {
          "no_strict_prior_positive_evidence": 559
        }
      },
      "SAP": {
        "observations": 5050,
        "first_session": "2006-07-05",
        "last_session": "2026-07-31",
        "cik_available": 0,
        "cik_missing": 5050,
        "evidence": {
          "no_strict_prior_positive_evidence": 5050
        }
      },
      "SAYPY": {
        "observations": 580,
        "first_session": "2006-07-05",
        "last_session": "2010-10-15",
        "cik_available": 0,
        "cik_missing": 580,
        "evidence": {
          "no_strict_prior_positive_evidence": 580
        }
      },
      "SGI1": {
        "observations": 264,
        "first_session": "2006-07-05",
        "last_session": "2007-09-06",
        "cik_available": 0,
        "cik_missing": 264,
        "evidence": {
          "no_strict_prior_positive_evidence": 264
        }
      },
      "SGP1": {
        "observations": 841,
        "first_session": "2006-07-05",
        "last_session": "2009-11-03",
        "cik_available": 0,
        "cik_missing": 841,
        "evidence": {
          "no_strict_prior_positive_evidence": 841
        }
      },
      "SHEL": {
        "observations": 5049,
        "first_session": "2006-07-05",
        "last_session": "2026-07-31",
        "cik_available": 0,
        "cik_missing": 5049,
        "evidence": {
          "no_strict_prior_positive_evidence": 5049
        }
      },
      "SHLDQ": {
        "observations": 2325,
        "first_session": "2006-07-05",
        "last_session": "2017-04-27",
        "cik_available": 0,
        "cik_missing": 2325,
        "evidence": {
          "no_strict_prior_positive_evidence": 2325
        }
      },
      "SHPG": {
        "observations": 3126,
        "first_session": "2006-07-05",
        "last_session": "2019-01-04",
        "cik_available": 0,
        "cik_missing": 3126,
        "evidence": {
          "no_strict_prior_positive_evidence": 3126
        }
      },
      "SIEGY": {
        "observations": 1951,
        "first_session": "2006-07-05",
        "last_session": "2014-05-22",
        "cik_available": 0,
        "cik_missing": 1951,
        "evidence": {
          "no_strict_prior_positive_evidence": 1951
        }
      },
      "SII1": {
        "observations": 1046,
        "first_session": "2006-07-05",
        "last_session": "2010-08-27",
        "cik_available": 0,
        "cik_missing": 1046,
        "evidence": {
          "no_strict_prior_positive_evidence": 1046
        }
      },
      "SNBRQ": {
        "observations": 1790,
        "first_session": "2006-07-05",
        "last_session": "2023-12-22",
        "cik_available": 0,
        "cik_missing": 1790,
        "evidence": {
          "no_strict_prior_positive_evidence": 1790
        }
      },
      "SNDK1": {
        "observations": 2481,
        "first_session": "2006-07-05",
        "last_session": "2016-05-11",
        "cik_available": 0,
        "cik_missing": 2481,
        "evidence": {
          "no_strict_prior_positive_evidence": 2481
        }
      },
      "SNY": {
        "observations": 5050,
        "first_session": "2006-07-05",
        "last_session": "2026-07-31",
        "cik_available": 0,
        "cik_missing": 5050,
        "evidence": {
          "no_strict_prior_positive_evidence": 5050
        }
      },
      "SPLS1": {
        "observations": 2818,
        "first_session": "2006-07-05",
        "last_session": "2017-09-12",
        "cik_available": 0,
        "cik_missing": 2818,
        "evidence": {
          "no_strict_prior_positive_evidence": 2818
        }
      },
      "SPSNQ": {
        "observations": 227,
        "first_session": "2006-07-05",
        "last_session": "2007-11-05",
        "cik_available": 0,
        "cik_missing": 227,
        "evidence": {
          "no_strict_prior_positive_evidence": 227
        }
      },
      "SSCCQ": {
        "observations": 531,
        "first_session": "2006-07-05",
        "last_session": "2008-10-09",
        "cik_available": 0,
        "cik_missing": 531,
        "evidence": {
          "no_strict_prior_positive_evidence": 531
        }
      },
      "STI1": {
        "observations": 3381,
        "first_session": "2006-07-05",
        "last_session": "2019-12-06",
        "cik_available": 0,
        "cik_missing": 3381,
        "evidence": {
          "no_strict_prior_positive_evidence": 3381
        }
      },
      "STN1": {
        "observations": 328,
        "first_session": "2006-07-05",
        "last_session": "2007-11-07",
        "cik_available": 0,
        "cik_missing": 328,
        "evidence": {
          "no_strict_prior_positive_evidence": 328
        }
      },
      "STPFQ": {
        "observations": 1251,
        "first_session": "2006-07-05",
        "last_session": "2011-08-26",
        "cik_available": 0,
        "cik_missing": 1251,
        "evidence": {
          "no_strict_prior_positive_evidence": 1251
        }
      },
      "STR1": {
        "observations": 2282,
        "first_session": "2006-07-05",
        "last_session": "2016-09-16",
        "cik_available": 0,
        "cik_missing": 2282,
        "evidence": {
          "no_strict_prior_positive_evidence": 2282
        }
      },
      "SU": {
        "observations": 5050,
        "first_session": "2006-07-05",
        "last_session": "2026-07-31",
        "cik_available": 0,
        "cik_missing": 5050,
        "evidence": {
          "no_strict_prior_positive_evidence": 5050
        }
      },
      "SUN1": {
        "observations": 1576,
        "first_session": "2006-07-05",
        "last_session": "2012-10-03",
        "cik_available": 0,
        "cik_missing": 1576,
        "evidence": {
          "no_strict_prior_positive_evidence": 1576
        }
      },
      "SUNEQ": {
        "observations": 2290,
        "first_session": "2006-07-05",
        "last_session": "2016-03-28",
        "cik_available": 0,
        "cik_missing": 2290,
        "evidence": {
          "no_strict_prior_positive_evidence": 2290
        }
      },
      "SWFT1": {
        "observations": 161,
        "first_session": "2006-07-05",
        "last_session": "2007-05-10",
        "cik_available": 0,
        "cik_missing": 161,
        "evidence": {
          "no_strict_prior_positive_evidence": 161
        }
      },
      "TEK1": {
        "observations": 129,
        "first_session": "2006-07-05",
        "last_session": "2007-11-21",
        "cik_available": 0,
        "cik_missing": 129,
        "evidence": {
          "no_strict_prior_positive_evidence": 129
        }
      },
      "TFC": {
        "observations": 3383,
        "first_session": "2006-07-05",
        "last_session": "2019-12-10",
        "cik_available": 3383,
        "cik_missing": 0,
        "evidence": {
          "sec_positive_strict_prior_cik_mismatch": 3383
        }
      },
      "TFCF": {
        "observations": 3198,
        "first_session": "2006-07-05",
        "last_session": "2019-03-19",
        "cik_available": 0,
        "cik_missing": 3198,
        "evidence": {
          "no_strict_prior_positive_evidence": 3198
        }
      },
      "TFCFA": {
        "observations": 3198,
        "first_session": "2006-07-05",
        "last_session": "2019-03-19",
        "cik_available": 0,
        "cik_missing": 3198,
        "evidence": {
          "no_strict_prior_positive_evidence": 3198
        }
      },
      "TLSMF": {
        "observations": 2226,
        "first_session": "2006-07-05",
        "last_session": "2015-05-07",
        "cik_available": 0,
        "cik_missing": 2226,
        "evidence": {
          "no_strict_prior_positive_evidence": 2226
        }
      },
      "TMX1": {
        "observations": 1011,
        "first_session": "2006-07-05",
        "last_session": "2011-11-08",
        "cik_available": 0,
        "cik_missing": 1011,
        "evidence": {
          "no_strict_prior_positive_evidence": 1011
        }
      },
      "TRI1": {
        "observations": 231,
        "first_session": "2006-07-05",
        "last_session": "2007-07-24",
        "cik_available": 0,
        "cik_missing": 231,
        "evidence": {
          "no_strict_prior_positive_evidence": 231
        }
      },
      "TS": {
        "observations": 4990,
        "first_session": "2006-07-05",
        "last_session": "2026-07-31",
        "cik_available": 0,
        "cik_missing": 4990,
        "evidence": {
          "no_strict_prior_positive_evidence": 4990
        }
      },
      "TT2": {
        "observations": 483,
        "first_session": "2006-07-05",
        "last_session": "2008-06-05",
        "cik_available": 0,
        "cik_missing": 483,
        "evidence": {
          "no_strict_prior_positive_evidence": 483
        }
      },
      "TTE": {
        "observations": 5050,
        "first_session": "2006-07-05",
        "last_session": "2026-07-31",
        "cik_available": 0,
        "cik_missing": 5050,
        "evidence": {
          "no_strict_prior_positive_evidence": 5050
        }
      },
      "TV": {
        "observations": 3367,
        "first_session": "2006-07-05",
        "last_session": "2023-02-10",
        "cik_available": 0,
        "cik_missing": 3367,
        "evidence": {
          "no_strict_prior_positive_evidence": 3367
        }
      },
      "UBS": {
        "observations": 5015,
        "first_session": "2006-07-05",
        "last_session": "2026-07-31",
        "cik_available": 0,
        "cik_missing": 5015,
        "evidence": {
          "no_strict_prior_positive_evidence": 5015
        }
      },
      "UCO1": {
        "observations": 235,
        "first_session": "2006-07-05",
        "last_session": "2007-08-20",
        "cik_available": 0,
        "cik_missing": 235,
        "evidence": {
          "no_strict_prior_positive_evidence": 235
        }
      },
      "UN1": {
        "observations": 3576,
        "first_session": "2006-07-05",
        "last_session": "2020-11-25",
        "cik_available": 0,
        "cik_missing": 3576,
        "evidence": {
          "no_strict_prior_positive_evidence": 3576
        }
      },
      "UNTCQ": {
        "observations": 1107,
        "first_session": "2006-07-05",
        "last_session": "2016-12-28",
        "cik_available": 0,
        "cik_missing": 1107,
        "evidence": {
          "no_strict_prior_positive_evidence": 1107
        }
      },
      "UPLMQ": {
        "observations": 2314,
        "first_session": "2006-07-05",
        "last_session": "2015-11-12",
        "cik_available": 0,
        "cik_missing": 2314,
        "evidence": {
          "no_strict_prior_positive_evidence": 2314
        }
      },
      "USG1": {
        "observations": 2759,
        "first_session": "2006-07-05",
        "last_session": "2019-04-23",
        "cik_available": 0,
        "cik_missing": 2759,
        "evidence": {
          "no_strict_prior_positive_evidence": 2759
        }
      },
      "UST1": {
        "observations": 630,
        "first_session": "2006-07-05",
        "last_session": "2009-01-05",
        "cik_available": 0,
        "cik_missing": 630,
        "evidence": {
          "no_strict_prior_positive_evidence": 630
        }
      },
      "VIAB": {
        "observations": 3379,
        "first_session": "2006-07-05",
        "last_session": "2019-12-04",
        "cik_available": 0,
        "cik_missing": 3379,
        "evidence": {
          "no_strict_prior_positive_evidence": 3379
        }
      },
      "VOD": {
        "observations": 5050,
        "first_session": "2006-07-05",
        "last_session": "2026-07-31",
        "cik_available": 0,
        "cik_missing": 5050,
        "evidence": {
          "no_strict_prior_positive_evidence": 5050
        }
      },
      "VOLT2": {
        "observations": 65,
        "first_session": "2006-07-05",
        "last_session": "2007-02-15",
        "cik_available": 0,
        "cik_missing": 65,
        "evidence": {
          "no_strict_prior_positive_evidence": 65
        }
      },
      "VTS1": {
        "observations": 132,
        "first_session": "2006-07-05",
        "last_session": "2007-01-11",
        "cik_available": 0,
        "cik_missing": 132,
        "evidence": {
          "no_strict_prior_positive_evidence": 132
        }
      },
      "WAMUQ": {
        "observations": 562,
        "first_session": "2006-07-05",
        "last_session": "2008-09-25",
        "cik_available": 0,
        "cik_missing": 562,
        "evidence": {
          "no_strict_prior_positive_evidence": 562
        }
      },
      "WB1": {
        "observations": 629,
        "first_session": "2006-07-05",
        "last_session": "2008-12-31",
        "cik_available": 0,
        "cik_missing": 629,
        "evidence": {
          "no_strict_prior_positive_evidence": 629
        }
      },
      "WEBX1": {
        "observations": 214,
        "first_session": "2006-07-05",
        "last_session": "2007-05-25",
        "cik_available": 0,
        "cik_missing": 214,
        "evidence": {
          "no_strict_prior_positive_evidence": 214
        }
      },
      "WLL2": {
        "observations": 3302,
        "first_session": "2006-07-05",
        "last_session": "2020-07-07",
        "cik_available": 0,
        "cik_missing": 3302,
        "evidence": {
          "no_strict_prior_positive_evidence": 3302
        }
      },
      "WOLF2": {
        "observations": 4666,
        "first_session": "2006-07-05",
        "last_session": "2025-09-26",
        "cik_available": 0,
        "cik_missing": 4666,
        "evidence": {
          "no_strict_prior_positive_evidence": 4666
        }
      },
      "XINGF": {
        "observations": 35,
        "first_session": "2006-07-05",
        "last_session": "2011-01-24",
        "cik_available": 0,
        "cik_missing": 35,
        "evidence": {
          "no_strict_prior_positive_evidence": 35
        }
      },
      "XL1": {
        "observations": 3068,
        "first_session": "2006-07-05",
        "last_session": "2018-09-11",
        "cik_available": 0,
        "cik_missing": 3068,
        "evidence": {
          "no_strict_prior_positive_evidence": 3068
        }
      },
      "XRTX1": {
        "observations": 42,
        "first_session": "2006-07-05",
        "last_session": "2010-10-18",
        "cik_available": 0,
        "cik_missing": 42,
        "evidence": {
          "no_strict_prior_positive_evidence": 42
        }
      },
      "YELLQ": {
        "observations": 690,
        "first_session": "2006-07-05",
        "last_session": "2023-08-15",
        "cik_available": 0,
        "cik_missing": 690,
        "evidence": {
          "no_strict_prior_positive_evidence": 690
        }
      },
      "AD1": {
        "observations": 70,
        "first_session": "2006-07-06",
        "last_session": "2007-01-19",
        "cik_available": 0,
        "cik_missing": 70,
        "evidence": {
          "no_strict_prior_positive_evidence": 70
        }
      },
      "AMH1": {
        "observations": 33,
        "first_session": "2006-07-06",
        "last_session": "2006-08-21",
        "cik_available": 0,
        "cik_missing": 33,
        "evidence": {
          "no_strict_prior_positive_evidence": 33
        }
      },
      "GI1": {
        "observations": 147,
        "first_session": "2006-07-06",
        "last_session": "2007-05-31",
        "cik_available": 0,
        "cik_missing": 147,
        "evidence": {
          "no_strict_prior_positive_evidence": 147
        }
      },
      "BOBJY": {
        "observations": 390,
        "first_session": "2006-07-07",
        "last_session": "2008-02-05",
        "cik_available": 0,
        "cik_missing": 390,
        "evidence": {
          "no_strict_prior_positive_evidence": 390
        }
      },
      "EV1": {
        "observations": 3330,
        "first_session": "2006-07-07",
        "last_session": "2021-02-26",
        "cik_available": 0,
        "cik_missing": 3330,
        "evidence": {
          "no_strict_prior_positive_evidence": 3330
        }
      },
      "LEAP2": {
        "observations": 1308,
        "first_session": "2006-07-07",
        "last_session": "2013-09-06",
        "cik_available": 0,
        "cik_missing": 1308,
        "evidence": {
          "no_strict_prior_positive_evidence": 1308
        }
      },
      "MIR2": {
        "observations": 992,
        "first_session": "2006-07-07",
        "last_session": "2010-07-01",
        "cik_available": 0,
        "cik_missing": 992,
        "evidence": {
          "no_strict_prior_positive_evidence": 992
        }
      },
      "LI1": {
        "observations": 160,
        "first_session": "2006-07-10",
        "last_session": "2007-09-28",
        "cik_available": 0,
        "cik_missing": 160,
        "evidence": {
          "no_strict_prior_positive_evidence": 160
        }
      },
      "NSR1": {
        "observations": 1008,
        "first_session": "2006-07-10",
        "last_session": "2017-06-30",
        "cik_available": 0,
        "cik_missing": 1008,
        "evidence": {
          "no_strict_prior_positive_evidence": 1008
        }
      },
      "AM1": {
        "observations": 64,
        "first_session": "2006-07-12",
        "last_session": "2013-04-26",
        "cik_available": 0,
        "cik_missing": 64,
        "evidence": {
          "no_strict_prior_positive_evidence": 64
        }
      },
      "KZL": {
        "observations": 33,
        "first_session": "2006-07-12",
        "last_session": "2006-08-28",
        "cik_available": 0,
        "cik_missing": 33,
        "evidence": {
          "no_strict_prior_positive_evidence": 33
        }
      },
      "SY2": {
        "observations": 912,
        "first_session": "2006-07-13",
        "last_session": "2010-07-29",
        "cik_available": 0,
        "cik_missing": 912,
        "evidence": {
          "no_strict_prior_positive_evidence": 912
        }
      },
      "WMG1": {
        "observations": 32,
        "first_session": "2006-07-13",
        "last_session": "2011-06-03",
        "cik_available": 0,
        "cik_missing": 32,
        "evidence": {
          "no_strict_prior_positive_evidence": 32
        }
      },
      "CDSCY": {
        "observations": 536,
        "first_session": "2006-07-14",
        "last_session": "2010-02-26",
        "cik_available": 0,
        "cik_missing": 536,
        "evidence": {
          "no_strict_prior_positive_evidence": 536
        }
      },
      "KRON1": {
        "observations": 65,
        "first_session": "2006-07-14",
        "last_session": "2007-06-11",
        "cik_available": 0,
        "cik_missing": 65,
        "evidence": {
          "no_strict_prior_positive_evidence": 65
        }
      },
      "BGPIQ": {
        "observations": 192,
        "first_session": "2006-07-17",
        "last_session": "2008-04-17",
        "cik_available": 0,
        "cik_missing": 192,
        "evidence": {
          "no_strict_prior_positive_evidence": 192
        }
      },
      "BJ1": {
        "observations": 1305,
        "first_session": "2006-07-17",
        "last_session": "2011-09-30",
        "cik_available": 0,
        "cik_missing": 1305,
        "evidence": {
          "no_strict_prior_positive_evidence": 1305
        }
      },
      "TLRDQ": {
        "observations": 2230,
        "first_session": "2006-07-18",
        "last_session": "2019-10-09",
        "cik_available": 0,
        "cik_missing": 2230,
        "evidence": {
          "no_strict_prior_positive_evidence": 2230
        }
      },
      "WINMQ": {
        "observations": 2399,
        "first_session": "2006-07-18",
        "last_session": "2018-06-01",
        "cik_available": 0,
        "cik_missing": 2399,
        "evidence": {
          "no_strict_prior_positive_evidence": 2399
        }
      },
      "WMS1": {
        "observations": 1229,
        "first_session": "2006-07-18",
        "last_session": "2013-03-07",
        "cik_available": 0,
        "cik_missing": 1229,
        "evidence": {
          "no_strict_prior_positive_evidence": 1229
        }
      },
      "ALD1": {
        "observations": 360,
        "first_session": "2006-07-19",
        "last_session": "2008-10-24",
        "cik_available": 0,
        "cik_missing": 360,
        "evidence": {
          "no_strict_prior_positive_evidence": 360
        }
      },
      "FRFHF": {
        "observations": 443,
        "first_session": "2006-07-20",
        "last_session": "2017-08-04",
        "cik_available": 0,
        "cik_missing": 443,
        "evidence": {
          "no_strict_prior_positive_evidence": 443
        }
      },
      "BPT": {
        "observations": 280,
        "first_session": "2006-07-21",
        "last_session": "2015-05-04",
        "cik_available": 0,
        "cik_missing": 280,
        "evidence": {
          "no_strict_prior_positive_evidence": 280
        }
      },
      "LAUR1": {
        "observations": 100,
        "first_session": "2006-07-21",
        "last_session": "2007-07-26",
        "cik_available": 0,
        "cik_missing": 100,
        "evidence": {
          "no_strict_prior_positive_evidence": 100
        }
      },
      "BGGSQ": {
        "observations": 149,
        "first_session": "2006-07-24",
        "last_session": "2008-10-03",
        "cik_available": 0,
        "cik_missing": 149,
        "evidence": {
          "no_strict_prior_positive_evidence": 149
        }
      },
      "AGR1": {
        "observations": 147,
        "first_session": "2006-07-25",
        "last_session": "2007-03-30",
        "cik_available": 0,
        "cik_missing": 147,
        "evidence": {
          "no_strict_prior_positive_evidence": 147
        }
      },
      "CEI1": {
        "observations": 63,
        "first_session": "2006-07-25",
        "last_session": "2007-08-03",
        "cik_available": 0,
        "cik_missing": 63,
        "evidence": {
          "no_strict_prior_positive_evidence": 63
        }
      },
      "CORSQ": {
        "observations": 36,
        "first_session": "2006-07-25",
        "last_session": "2007-03-27",
        "cik_available": 0,
        "cik_missing": 36,
        "evidence": {
          "no_strict_prior_positive_evidence": 36
        }
      },
      "PGHEF": {
        "observations": 366,
        "first_session": "2006-07-25",
        "last_session": "2009-10-29",
        "cik_available": 0,
        "cik_missing": 366,
        "evidence": {
          "no_strict_prior_positive_evidence": 366
        }
      },
      "CHE": {
        "observations": 2716,
        "first_session": "2006-07-26",
        "last_session": "2026-07-31",
        "cik_available": 2716,
        "cik_missing": 0,
        "evidence": {
          "no_strict_prior_positive_evidence": 2716
        }
      },
      "LFGRQ": {
        "observations": 305,
        "first_session": "2006-07-26",
        "last_session": "2008-05-06",
        "cik_available": 0,
        "cik_missing": 305,
        "evidence": {
          "no_strict_prior_positive_evidence": 305
        }
      },
      "PRE1": {
        "observations": 2328,
        "first_session": "2006-07-27",
        "last_session": "2016-03-17",
        "cik_available": 0,
        "cik_missing": 2328,
        "evidence": {
          "no_strict_prior_positive_evidence": 2328
        }
      },
      "AHMIQ": {
        "observations": 179,
        "first_session": "2006-07-28",
        "last_session": "2007-08-02",
        "cik_available": 0,
        "cik_missing": 179,
        "evidence": {
          "no_strict_prior_positive_evidence": 179
        }
      },
      "GNSS1": {
        "observations": 48,
        "first_session": "2006-07-28",
        "last_session": "2006-11-21",
        "cik_available": 0,
        "cik_missing": 48,
        "evidence": {
          "no_strict_prior_positive_evidence": 48
        }
      },
      "IFIN1": {
        "observations": 146,
        "first_session": "2006-07-28",
        "last_session": "2007-07-02",
        "cik_available": 0,
        "cik_missing": 146,
        "evidence": {
          "no_strict_prior_positive_evidence": 146
        }
      },
      "ON": {
        "observations": 5028,
        "first_session": "2006-07-31",
        "last_session": "2026-07-31",
        "cik_available": 2779,
        "cik_missing": 2249,
        "evidence": {
          "no_strict_prior_positive_evidence": 5028
        }
      },
      "GPRO1": {
        "observations": 932,
        "first_session": "2006-08-01",
        "last_session": "2012-07-31",
        "cik_available": 0,
        "cik_missing": 932,
        "evidence": {
          "no_strict_prior_positive_evidence": 932
        }
      },
      "BN1": {
        "observations": 76,
        "first_session": "2006-08-09",
        "last_session": "2006-12-01",
        "cik_available": 0,
        "cik_missing": 76,
        "evidence": {
          "no_strict_prior_positive_evidence": 76
        }
      },
      "WGHTQ": {
        "observations": 2702,
        "first_session": "2006-08-09",
        "last_session": "2024-11-04",
        "cik_available": 0,
        "cik_missing": 2702,
        "evidence": {
          "no_strict_prior_positive_evidence": 2702
        }
      },
      "SAX1": {
        "observations": 19,
        "first_session": "2006-08-10",
        "last_session": "2006-09-06",
        "cik_available": 0,
        "cik_missing": 19,
        "evidence": {
          "no_strict_prior_positive_evidence": 19
        }
      },
      "BKUNQ": {
        "observations": 175,
        "first_session": "2006-08-11",
        "last_session": "2007-10-30",
        "cik_available": 0,
        "cik_missing": 175,
        "evidence": {
          "no_strict_prior_positive_evidence": 175
        }
      },
      "IDR1": {
        "observations": 29,
        "first_session": "2006-08-11",
        "last_session": "2006-09-25",
        "cik_available": 0,
        "cik_missing": 29,
        "evidence": {
          "no_strict_prior_positive_evidence": 29
        }
      },
      "KGC": {
        "observations": 4909,
        "first_session": "2006-08-11",
        "last_session": "2026-07-31",
        "cik_available": 0,
        "cik_missing": 4909,
        "evidence": {
          "no_strict_prior_positive_evidence": 4909
        }
      },
      "THMRQ": {
        "observations": 327,
        "first_session": "2006-08-11",
        "last_session": "2008-04-23",
        "cik_available": 0,
        "cik_missing": 327,
        "evidence": {
          "no_strict_prior_positive_evidence": 327
        }
      },
      "BEBE1": {
        "observations": 121,
        "first_session": "2006-08-18",
        "last_session": "2007-02-12",
        "cik_available": 0,
        "cik_missing": 121,
        "evidence": {
          "no_strict_prior_positive_evidence": 121
        }
      },
      "CHL": {
        "observations": 3600,
        "first_session": "2006-08-22",
        "last_session": "2021-01-08",
        "cik_available": 0,
        "cik_missing": 3600,
        "evidence": {
          "no_strict_prior_positive_evidence": 3600
        }
      },
      "MCDTA": {
        "observations": 18,
        "first_session": "2006-08-25",
        "last_session": "2007-01-26",
        "cik_available": 0,
        "cik_missing": 18,
        "evidence": {
          "no_strict_prior_positive_evidence": 18
        }
      },
      "PCG": {
        "observations": 196,
        "first_session": "2006-08-25",
        "last_session": "2023-02-17",
        "cik_available": 196,
        "cik_missing": 0,
        "evidence": {
          "sec_positive_strict_prior_cik_mismatch": 196
        }
      },
      "CHRS1": {
        "observations": 155,
        "first_session": "2006-08-28",
        "last_session": "2012-06-05",
        "cik_available": 0,
        "cik_missing": 155,
        "evidence": {
          "no_strict_prior_positive_evidence": 155
        }
      },
      "COF": {
        "observations": 10,
        "first_session": "2006-08-31",
        "last_session": "2006-09-14",
        "cik_available": 10,
        "cik_missing": 0,
        "evidence": {
          "sec_positive_strict_prior_cik_mismatch": 10
        }
      },
      "TIVO1": {
        "observations": 1130,
        "first_session": "2006-08-31",
        "last_session": "2016-09-07",
        "cik_available": 0,
        "cik_missing": 1130,
        "evidence": {
          "no_strict_prior_positive_evidence": 1130
        }
      },
      "NYX1": {
        "observations": 1810,
        "first_session": "2006-09-06",
        "last_session": "2013-11-12",
        "cik_available": 0,
        "cik_missing": 1810,
        "evidence": {
          "no_strict_prior_positive_evidence": 1810
        }
      },
      "INGR1": {
        "observations": 21,
        "first_session": "2006-09-08",
        "last_session": "2006-10-09",
        "cik_available": 0,
        "cik_missing": 21,
        "evidence": {
          "no_strict_prior_positive_evidence": 21
        }
      },
      "AVCT1": {
        "observations": 174,
        "first_session": "2006-09-11",
        "last_session": "2009-11-25",
        "cik_available": 0,
        "cik_missing": 174,
        "evidence": {
          "no_strict_prior_positive_evidence": 174
        }
      },
      "OBE": {
        "observations": 1795,
        "first_session": "2006-09-11",
        "last_session": "2026-05-14",
        "cik_available": 0,
        "cik_missing": 1795,
        "evidence": {
          "no_strict_prior_positive_evidence": 1795
        }
      },
      "BPO": {
        "observations": 1808,
        "first_session": "2006-09-13",
        "last_session": "2014-04-16",
        "cik_available": 0,
        "cik_missing": 1808,
        "evidence": {
          "no_strict_prior_positive_evidence": 1808
        }
      },
      "EVEIQ": {
        "observations": 18,
        "first_session": "2006-09-14",
        "last_session": "2006-10-11",
        "cik_available": 0,
        "cik_missing": 18,
        "evidence": {
          "no_strict_prior_positive_evidence": 18
        }
      },
      "WPM": {
        "observations": 4930,
        "first_session": "2006-09-14",
        "last_session": "2026-07-31",
        "cik_available": 0,
        "cik_missing": 4930,
        "evidence": {
          "no_strict_prior_positive_evidence": 4930
        }
      },
      "CBCGQ": {
        "observations": 467,
        "first_session": "2006-09-15",
        "last_session": "2008-11-19",
        "cik_available": 0,
        "cik_missing": 467,
        "evidence": {
          "no_strict_prior_positive_evidence": 467
        }
      },
      "CHIC1": {
        "observations": 91,
        "first_session": "2006-09-15",
        "last_session": "2009-09-21",
        "cik_available": 0,
        "cik_missing": 91,
        "evidence": {
          "no_strict_prior_positive_evidence": 91
        }
      },
      "DPTRQ": {
        "observations": 453,
        "first_session": "2006-09-15",
        "last_session": "2009-10-19",
        "cik_available": 0,
        "cik_missing": 453,
        "evidence": {
          "no_strict_prior_positive_evidence": 453
        }
      },
      "EQNR": {
        "observations": 4770,
        "first_session": "2006-09-15",
        "last_session": "2026-07-31",
        "cik_available": 0,
        "cik_missing": 4770,
        "evidence": {
          "no_strict_prior_positive_evidence": 4770
        }
      },
      "ZQKSQ": {
        "observations": 280,
        "first_session": "2006-09-19",
        "last_session": "2014-06-30",
        "cik_available": 0,
        "cik_missing": 280,
        "evidence": {
          "no_strict_prior_positive_evidence": 280
        }
      },
      "TCF1": {
        "observations": 2147,
        "first_session": "2006-09-21",
        "last_session": "2019-07-31",
        "cik_available": 0,
        "cik_missing": 2147,
        "evidence": {
          "no_strict_prior_positive_evidence": 2147
        }
      },
      "FABC": {
        "observations": 450,
        "first_session": "2006-09-25",
        "last_session": "2026-05-26",
        "cik_available": 3,
        "cik_missing": 447,
        "evidence": {
          "no_strict_prior_positive_evidence": 450
        }
      },
      "HTE": {
        "observations": 303,
        "first_session": "2006-09-25",
        "last_session": "2009-11-20",
        "cik_available": 0,
        "cik_missing": 303,
        "evidence": {
          "no_strict_prior_positive_evidence": 303
        }
      },
      "ACORQ": {
        "observations": 857,
        "first_session": "2006-09-26",
        "last_session": "2018-10-05",
        "cik_available": 0,
        "cik_missing": 857,
        "evidence": {
          "no_strict_prior_positive_evidence": 857
        }
      },
      "IFNNY": {
        "observations": 448,
        "first_session": "2006-09-28",
        "last_session": "2008-10-23",
        "cik_available": 0,
        "cik_missing": 448,
        "evidence": {
          "no_strict_prior_positive_evidence": 448
        }
      },
      "STM": {
        "observations": 3224,
        "first_session": "2006-09-28",
        "last_session": "2026-07-31",
        "cik_available": 0,
        "cik_missing": 3224,
        "evidence": {
          "no_strict_prior_positive_evidence": 3224
        }
      },
      "SFD1": {
        "observations": 1747,
        "first_session": "2006-10-02",
        "last_session": "2013-09-26",
        "cik_available": 0,
        "cik_missing": 1747,
        "evidence": {
          "no_strict_prior_positive_evidence": 1747
        }
      },
      "PWI": {
        "observations": 60,
        "first_session": "2006-10-03",
        "last_session": "2007-11-12",
        "cik_available": 0,
        "cik_missing": 60,
        "evidence": {
          "no_strict_prior_positive_evidence": 60
        }
      },
      "CIG": {
        "observations": 2041,
        "first_session": "2006-10-05",
        "last_session": "2022-11-17",
        "cik_available": 0,
        "cik_missing": 2041,
        "evidence": {
          "no_strict_prior_positive_evidence": 2041
        }
      },
      "USPI1": {
        "observations": 39,
        "first_session": "2006-10-05",
        "last_session": "2007-03-27",
        "cik_available": 0,
        "cik_missing": 39,
        "evidence": {
          "no_strict_prior_positive_evidence": 39
        }
      },
      "MRBK1": {
        "observations": 91,
        "first_session": "2006-10-09",
        "last_session": "2007-03-02",
        "cik_available": 0,
        "cik_missing": 91,
        "evidence": {
          "no_strict_prior_positive_evidence": 91
        }
      },
      "BCS": {
        "observations": 4784,
        "first_session": "2006-10-10",
        "last_session": "2026-07-31",
        "cik_available": 0,
        "cik_missing": 4784,
        "evidence": {
          "no_strict_prior_positive_evidence": 4784
        }
      },
      "AB": {
        "observations": 660,
        "first_session": "2006-10-12",
        "last_session": "2026-03-04",
        "cik_available": 660,
        "cik_missing": 0,
        "evidence": {
          "sec_positive_strict_prior_cik_mismatch": 660
        }
      },
      "CRRTQ": {
        "observations": 1573,
        "first_session": "2006-10-13",
        "last_session": "2015-08-28",
        "cik_available": 0,
        "cik_missing": 1573,
        "evidence": {
          "no_strict_prior_positive_evidence": 1573
        }
      },
      "OPEN1": {
        "observations": 18,
        "first_session": "2006-10-16",
        "last_session": "2006-11-13",
        "cik_available": 0,
        "cik_missing": 18,
        "evidence": {
          "no_strict_prior_positive_evidence": 18
        }
      },
      "GSL1": {
        "observations": 13,
        "first_session": "2006-10-17",
        "last_session": "2006-11-02",
        "cik_available": 0,
        "cik_missing": 13,
        "evidence": {
          "no_strict_prior_positive_evidence": 13
        }
      },
      "ING": {
        "observations": 4633,
        "first_session": "2006-10-17",
        "last_session": "2026-07-31",
        "cik_available": 0,
        "cik_missing": 4633,
        "evidence": {
          "no_strict_prior_positive_evidence": 4633
        }
      },
      "REPYY": {
        "observations": 336,
        "first_session": "2006-10-17",
        "last_session": "2011-03-07",
        "cik_available": 0,
        "cik_missing": 336,
        "evidence": {
          "no_strict_prior_positive_evidence": 336
        }
      },
      "NCX": {
        "observations": 262,
        "first_session": "2006-10-18",
        "last_session": "2009-03-19",
        "cik_available": 0,
        "cik_missing": 262,
        "evidence": {
          "no_strict_prior_positive_evidence": 262
        }
      },
      "SPWRQ": {
        "observations": 3650,
        "first_session": "2006-10-18",
        "last_session": "2024-07-24",
        "cik_available": 0,
        "cik_missing": 3650,
        "evidence": {
          "no_strict_prior_positive_evidence": 3650
        }
      },
      "AGU": {
        "observations": 2818,
        "first_session": "2006-10-20",
        "last_session": "2017-12-29",
        "cik_available": 0,
        "cik_missing": 2818,
        "evidence": {
          "no_strict_prior_positive_evidence": 2818
        }
      },
      "GIG1": {
        "observations": 33,
        "first_session": "2006-10-23",
        "last_session": "2006-12-07",
        "cik_available": 0,
        "cik_missing": 33,
        "evidence": {
          "no_strict_prior_positive_evidence": 33
        }
      },
      "KNX1": {
        "observations": 1027,
        "first_session": "2006-10-23",
        "last_session": "2017-09-08",
        "cik_available": 0,
        "cik_missing": 1027,
        "evidence": {
          "no_strict_prior_positive_evidence": 1027
        }
      },
      "CHTRQ": {
        "observations": 265,
        "first_session": "2006-10-26",
        "last_session": "2007-11-21",
        "cik_available": 0,
        "cik_missing": 265,
        "evidence": {
          "no_strict_prior_positive_evidence": 265
        }
      },
      "CNE": {
        "observations": 176,
        "first_session": "2006-10-26",
        "last_session": "2007-12-10",
        "cik_available": 0,
        "cik_missing": 176,
        "evidence": {
          "no_strict_prior_positive_evidence": 176
        }
      },
      "RESP1": {
        "observations": 135,
        "first_session": "2006-10-26",
        "last_session": "2008-03-14",
        "cik_available": 0,
        "cik_missing": 135,
        "evidence": {
          "no_strict_prior_positive_evidence": 135
        }
      },
      "WIRE": {
        "observations": 43,
        "first_session": "2006-10-27",
        "last_session": "2006-12-28",
        "cik_available": 43,
        "cik_missing": 0,
        "evidence": {
          "sec_positive_strict_prior_cik_mismatch": 43
        }
      },
      "SGI": {
        "observations": 414,
        "first_session": "2006-10-30",
        "last_session": "2008-10-21",
        "cik_available": 414,
        "cik_missing": 0,
        "evidence": {
          "sec_positive_strict_prior_cik_mismatch": 414
        }
      },
      "SNPTY": {
        "observations": 1210,
        "first_session": "2006-10-30",
        "last_session": "2022-09-08",
        "cik_available": 0,
        "cik_missing": 1210,
        "evidence": {
          "no_strict_prior_positive_evidence": 1210
        }
      },
      "WOOF1": {
        "observations": 1279,
        "first_session": "2006-10-30",
        "last_session": "2017-09-11",
        "cik_available": 0,
        "cik_missing": 1279,
        "evidence": {
          "no_strict_prior_positive_evidence": 1279
        }
      },
      "NETL1": {
        "observations": 922,
        "first_session": "2006-11-01",
        "last_session": "2012-02-16",
        "cik_available": 0,
        "cik_missing": 922,
        "evidence": {
          "no_strict_prior_positive_evidence": 922
        }
      },
      "CBKCQ": {
        "observations": 34,
        "first_session": "2006-11-02",
        "last_session": "2007-01-17",
        "cik_available": 0,
        "cik_missing": 34,
        "evidence": {
          "no_strict_prior_positive_evidence": 34
        }
      },
      "EQ1": {
        "observations": 668,
        "first_session": "2006-11-02",
        "last_session": "2009-06-30",
        "cik_available": 0,
        "cik_missing": 668,
        "evidence": {
          "no_strict_prior_positive_evidence": 668
        }
      },
      "HCC1": {
        "observations": 991,
        "first_session": "2006-11-03",
        "last_session": "2015-10-27",
        "cik_available": 0,
        "cik_missing": 991,
        "evidence": {
          "no_strict_prior_positive_evidence": 991
        }
      },
      "FS": {
        "observations": 63,
        "first_session": "2006-11-06",
        "last_session": "2007-04-26",
        "cik_available": 0,
        "cik_missing": 63,
        "evidence": {
          "no_strict_prior_positive_evidence": 63
        }
      },
      "PSTI1": {
        "observations": 45,
        "first_session": "2006-11-06",
        "last_session": "2007-01-18",
        "cik_available": 0,
        "cik_missing": 45,
        "evidence": {
          "no_strict_prior_positive_evidence": 45
        }
      },
      "QVCAQ": {
        "observations": 3855,
        "first_session": "2006-11-07",
        "last_session": "2023-03-01",
        "cik_available": 0,
        "cik_missing": 3855,
        "evidence": {
          "no_strict_prior_positive_evidence": 3855
        }
      },
      "CNCT1": {
        "observations": 8,
        "first_session": "2006-11-08",
        "last_session": "2006-11-17",
        "cik_available": 0,
        "cik_missing": 8,
        "evidence": {
          "no_strict_prior_positive_evidence": 8
        }
      },
      "HOSSQ": {
        "observations": 1178,
        "first_session": "2006-11-08",
        "last_session": "2015-08-26",
        "cik_available": 0,
        "cik_missing": 1178,
        "evidence": {
          "no_strict_prior_positive_evidence": 1178
        }
      },
      "TSG1": {
        "observations": 78,
        "first_session": "2006-11-08",
        "last_session": "2007-03-29",
        "cik_available": 0,
        "cik_missing": 78,
        "evidence": {
          "no_strict_prior_positive_evidence": 78
        }
      },
      "CYT1": {
        "observations": 1795,
        "first_session": "2006-11-09",
        "last_session": "2015-12-08",
        "cik_available": 0,
        "cik_missing": 1795,
        "evidence": {
          "no_strict_prior_positive_evidence": 1795
        }
      },
      "STEL1": {
        "observations": 13,
        "first_session": "2006-11-10",
        "last_session": "2006-12-01",
        "cik_available": 0,
        "cik_missing": 13,
        "evidence": {
          "no_strict_prior_positive_evidence": 13
        }
      },
      "PVX": {
        "observations": 45,
        "first_session": "2006-11-13",
        "last_session": "2012-02-15",
        "cik_available": 0,
        "cik_missing": 45,
        "evidence": {
          "no_strict_prior_positive_evidence": 45
        }
      },
      "KEYW1": {
        "observations": 12,
        "first_session": "2006-11-14",
        "last_session": "2006-12-04",
        "cik_available": 0,
        "cik_missing": 12,
        "evidence": {
          "no_strict_prior_positive_evidence": 12
        }
      },
      "BRLCQ": {
        "observations": 136,
        "first_session": "2006-11-16",
        "last_session": "2007-10-15",
        "cik_available": 0,
        "cik_missing": 136,
        "evidence": {
          "no_strict_prior_positive_evidence": 136
        }
      },
      "RDA1": {
        "observations": 39,
        "first_session": "2006-11-16",
        "last_session": "2007-01-22",
        "cik_available": 0,
        "cik_missing": 39,
        "evidence": {
          "no_strict_prior_positive_evidence": 39
        }
      },
      "CMEDQ": {
        "observations": 298,
        "first_session": "2006-11-17",
        "last_session": "2009-09-30",
        "cik_available": 0,
        "cik_missing": 298,
        "evidence": {
          "no_strict_prior_positive_evidence": 298
        }
      },
      "HEROQ": {
        "observations": 809,
        "first_session": "2006-11-17",
        "last_session": "2014-07-21",
        "cik_available": 0,
        "cik_missing": 809,
        "evidence": {
          "no_strict_prior_positive_evidence": 809
        }
      },
      "CDCAQ": {
        "observations": 211,
        "first_session": "2006-11-20",
        "last_session": "2008-01-15",
        "cik_available": 0,
        "cik_missing": 211,
        "evidence": {
          "no_strict_prior_positive_evidence": 211
        }
      },
      "PLAY1": {
        "observations": 2,
        "first_session": "2006-11-21",
        "last_session": "2006-11-22",
        "cik_available": 0,
        "cik_missing": 2,
        "evidence": {
          "no_strict_prior_positive_evidence": 2
        }
      },
      "BMR1": {
        "observations": 1655,
        "first_session": "2006-11-28",
        "last_session": "2016-01-27",
        "cik_available": 0,
        "cik_missing": 1655,
        "evidence": {
          "no_strict_prior_positive_evidence": 1655
        }
      },
      "IOC": {
        "observations": 1617,
        "first_session": "2006-11-28",
        "last_session": "2017-02-22",
        "cik_available": 0,
        "cik_missing": 1617,
        "evidence": {
          "no_strict_prior_positive_evidence": 1617
        }
      },
      "DGIN1": {
        "observations": 41,
        "first_session": "2006-11-30",
        "last_session": "2007-02-01",
        "cik_available": 0,
        "cik_missing": 41,
        "evidence": {
          "no_strict_prior_positive_evidence": 41
        }
      },
      "POM1": {
        "observations": 2275,
        "first_session": "2006-12-05",
        "last_session": "2016-03-23",
        "cik_available": 0,
        "cik_missing": 2275,
        "evidence": {
          "no_strict_prior_positive_evidence": 2275
        }
      },
      "BSAC": {
        "observations": 1367,
        "first_session": "2006-12-06",
        "last_session": "2023-03-29",
        "cik_available": 0,
        "cik_missing": 1367,
        "evidence": {
          "no_strict_prior_positive_evidence": 1367
        }
      },
      "FRPT1": {
        "observations": 240,
        "first_session": "2006-12-06",
        "last_session": "2011-12-05",
        "cik_available": 0,
        "cik_missing": 240,
        "evidence": {
          "no_strict_prior_positive_evidence": 240
        }
      },
      "MEDX1": {
        "observations": 350,
        "first_session": "2006-12-07",
        "last_session": "2009-09-01",
        "cik_available": 0,
        "cik_missing": 350,
        "evidence": {
          "no_strict_prior_positive_evidence": 350
        }
      },
      "MPG1": {
        "observations": 269,
        "first_session": "2006-12-07",
        "last_session": "2010-04-19",
        "cik_available": 0,
        "cik_missing": 269,
        "evidence": {
          "no_strict_prior_positive_evidence": 269
        }
      },
      "AOBI": {
        "observations": 67,
        "first_session": "2006-12-08",
        "last_session": "2008-06-05",
        "cik_available": 0,
        "cik_missing": 67,
        "evidence": {
          "no_strict_prior_positive_evidence": 67
        }
      },
      "BF.B": {
        "observations": 4279,
        "first_session": "2006-12-08",
        "last_session": "2026-07-31",
        "cik_available": 0,
        "cik_missing": 4279,
        "evidence": {
          "no_strict_prior_positive_evidence": 4279
        }
      },
      "BNK1": {
        "observations": 6,
        "first_session": "2006-12-11",
        "last_session": "2006-12-18",
        "cik_available": 0,
        "cik_missing": 6,
        "evidence": {
          "no_strict_prior_positive_evidence": 6
        }
      },
      "ALO1": {
        "observations": 229,
        "first_session": "2006-12-13",
        "last_session": "2008-12-26",
        "cik_available": 0,
        "cik_missing": 229,
        "evidence": {
          "no_strict_prior_positive_evidence": 229
        }
      },
      "RYI1": {
        "observations": 195,
        "first_session": "2006-12-15",
        "last_session": "2007-10-18",
        "cik_available": 0,
        "cik_missing": 195,
        "evidence": {
          "no_strict_prior_positive_evidence": 195
        }
      },
      "ICON1": {
        "observations": 736,
        "first_session": "2006-12-19",
        "last_session": "2016-01-12",
        "cik_available": 0,
        "cik_missing": 736,
        "evidence": {
          "no_strict_prior_positive_evidence": 736
        }
      },
      "NFLDQ": {
        "observations": 10,
        "first_session": "2006-12-20",
        "last_session": "2007-01-05",
        "cik_available": 0,
        "cik_missing": 10,
        "evidence": {
          "no_strict_prior_positive_evidence": 10
        }
      },
      "SNDA1": {
        "observations": 743,
        "first_session": "2006-12-20",
        "last_session": "2010-06-25",
        "cik_available": 0,
        "cik_missing": 743,
        "evidence": {
          "no_strict_prior_positive_evidence": 743
        }
      },
      "VSUNQ": {
        "observations": 21,
        "first_session": "2006-12-21",
        "last_session": "2008-01-14",
        "cik_available": 0,
        "cik_missing": 21,
        "evidence": {
          "no_strict_prior_positive_evidence": 21
        }
      },
      "DSHK": {
        "observations": 899,
        "first_session": "2006-12-22",
        "last_session": "2014-11-25",
        "cik_available": 0,
        "cik_missing": 899,
        "evidence": {
          "no_strict_prior_positive_evidence": 899
        }
      },
      "DHOXY": {
        "observations": 484,
        "first_session": "2006-12-28",
        "last_session": "2010-03-05",
        "cik_available": 0,
        "cik_missing": 484,
        "evidence": {
          "no_strict_prior_positive_evidence": 484
        }
      },
      "EBGMY": {
        "observations": 53,
        "first_session": "2006-12-28",
        "last_session": "2009-05-07",
        "cik_available": 0,
        "cik_missing": 53,
        "evidence": {
          "no_strict_prior_positive_evidence": 53
        }
      },
      "ACHHY": {
        "observations": 646,
        "first_session": "2007-01-03",
        "last_session": "2010-06-01",
        "cik_available": 0,
        "cik_missing": 646,
        "evidence": {
          "no_strict_prior_positive_evidence": 646
        }
      },
      "GEF": {
        "observations": 236,
        "first_session": "2007-01-03",
        "last_session": "2025-07-03",
        "cik_available": 0,
        "cik_missing": 236,
        "evidence": {
          "no_strict_prior_positive_evidence": 236
        }
      },
      "AGIXQ": {
        "observations": 48,
        "first_session": "2007-01-08",
        "last_session": "2007-04-12",
        "cik_available": 0,
        "cik_missing": 48,
        "evidence": {
          "no_strict_prior_positive_evidence": 48
        }
      },
      "CHU": {
        "observations": 1024,
        "first_session": "2007-01-09",
        "last_session": "2012-04-19",
        "cik_available": 0,
        "cik_missing": 1024,
        "evidence": {
          "no_strict_prior_positive_evidence": 1024
        }
      },
      "KAR1": {
        "observations": 49,
        "first_session": "2007-01-09",
        "last_session": "2007-04-04",
        "cik_available": 0,
        "cik_missing": 49,
        "evidence": {
          "no_strict_prior_positive_evidence": 49
        }
      },
      "BLIAQ": {
        "observations": 118,
        "first_session": "2007-01-12",
        "last_session": "2007-11-27",
        "cik_available": 0,
        "cik_missing": 118,
        "evidence": {
          "no_strict_prior_positive_evidence": 118
        }
      },
      "H1": {
        "observations": 55,
        "first_session": "2007-01-19",
        "last_session": "2007-04-09",
        "cik_available": 0,
        "cik_missing": 55,
        "evidence": {
          "no_strict_prior_positive_evidence": 55
        }
      },
      "RGC2": {
        "observations": 1807,
        "first_session": "2007-01-19",
        "last_session": "2018-02-28",
        "cik_available": 0,
        "cik_missing": 1807,
        "evidence": {
          "no_strict_prior_positive_evidence": 1807
        }
      },
      "CGGYY": {
        "observations": 64,
        "first_session": "2007-01-23",
        "last_session": "2008-07-22",
        "cik_available": 0,
        "cik_missing": 64,
        "evidence": {
          "no_strict_prior_positive_evidence": 64
        }
      },
      "HOKUQ": {
        "observations": 86,
        "first_session": "2007-01-23",
        "last_session": "2008-01-31",
        "cik_available": 0,
        "cik_missing": 86,
        "evidence": {
          "no_strict_prior_positive_evidence": 86
        }
      },
      "LOGI": {
        "observations": 2335,
        "first_session": "2007-01-23",
        "last_session": "2026-07-31",
        "cik_available": 2125,
        "cik_missing": 210,
        "evidence": {
          "no_strict_prior_positive_evidence": 2335
        }
      },
      "PLSB1": {
        "observations": 11,
        "first_session": "2007-01-23",
        "last_session": "2007-02-07",
        "cik_available": 0,
        "cik_missing": 11,
        "evidence": {
          "no_strict_prior_positive_evidence": 11
        }
      },
      "NHP1": {
        "observations": 1113,
        "first_session": "2007-01-24",
        "last_session": "2011-07-01",
        "cik_available": 0,
        "cik_missing": 1113,
        "evidence": {
          "no_strict_prior_positive_evidence": 1113
        }
      },
      "SUPX1": {
        "observations": 15,
        "first_session": "2007-01-24",
        "last_session": "2007-02-14",
        "cik_available": 0,
        "cik_missing": 15,
        "evidence": {
          "no_strict_prior_positive_evidence": 15
        }
      },
      "AVRNQ": {
        "observations": 25,
        "first_session": "2007-01-25",
        "last_session": "2007-04-23",
        "cik_available": 0,
        "cik_missing": 25,
        "evidence": {
          "no_strict_prior_positive_evidence": 25
        }
      },
      "AXAHY": {
        "observations": 420,
        "first_session": "2007-01-26",
        "last_session": "2009-11-20",
        "cik_available": 0,
        "cik_missing": 420,
        "evidence": {
          "no_strict_prior_positive_evidence": 420
        }
      },
      "CSH1": {
        "observations": 275,
        "first_session": "2007-01-26",
        "last_session": "2014-05-14",
        "cik_available": 0,
        "cik_missing": 275,
        "evidence": {
          "no_strict_prior_positive_evidence": 275
        }
      },
      "EAC1": {
        "observations": 600,
        "first_session": "2007-01-26",
        "last_session": "2010-03-09",
        "cik_available": 0,
        "cik_missing": 600,
        "evidence": {
          "no_strict_prior_positive_evidence": 600
        }
      },
      "ABWTQ": {
        "observations": 153,
        "first_session": "2007-01-29",
        "last_session": "2008-04-10",
        "cik_available": 0,
        "cik_missing": 153,
        "evidence": {
          "no_strict_prior_positive_evidence": 153
        }
      },
      "ATRS1": {
        "observations": 48,
        "first_session": "2007-01-29",
        "last_session": "2007-04-05",
        "cik_available": 0,
        "cik_missing": 48,
        "evidence": {
          "no_strict_prior_positive_evidence": 48
        }
      },
      "MEOH": {
        "observations": 1916,
        "first_session": "2007-01-29",
        "last_session": "2026-07-31",
        "cik_available": 940,
        "cik_missing": 976,
        "evidence": {
          "no_strict_prior_positive_evidence": 1916
        }
      },
      "ARTC1": {
        "observations": 369,
        "first_session": "2007-01-31",
        "last_session": "2014-05-29",
        "cik_available": 0,
        "cik_missing": 369,
        "evidence": {
          "no_strict_prior_positive_evidence": 369
        }
      },
      "BEZ1": {
        "observations": 329,
        "first_session": "2007-02-01",
        "last_session": "2011-01-27",
        "cik_available": 0,
        "cik_missing": 329,
        "evidence": {
          "no_strict_prior_positive_evidence": 329
        }
      },
      "CANUY": {
        "observations": 21,
        "first_session": "2007-02-01",
        "last_session": "2007-03-08",
        "cik_available": 0,
        "cik_missing": 21,
        "evidence": {
          "no_strict_prior_positive_evidence": 21
        }
      },
      "RDS.B": {
        "observations": 3668,
        "first_session": "2007-02-05",
        "last_session": "2022-01-28",
        "cik_available": 0,
        "cik_missing": 3668,
        "evidence": {
          "no_strict_prior_positive_evidence": 3668
        }
      },
      "DTEGY": {
        "observations": 394,
        "first_session": "2007-02-07",
        "last_session": "2010-06-23",
        "cik_available": 0,
        "cik_missing": 394,
        "evidence": {
          "no_strict_prior_positive_evidence": 394
        }
      },
      "AHG1": {
        "observations": 144,
        "first_session": "2007-02-08",
        "last_session": "2008-10-28",
        "cik_available": 0,
        "cik_missing": 144,
        "evidence": {
          "no_strict_prior_positive_evidence": 144
        }
      },
      "LZ1": {
        "observations": 1145,
        "first_session": "2007-02-08",
        "last_session": "2011-09-16",
        "cik_available": 0,
        "cik_missing": 1145,
        "evidence": {
          "no_strict_prior_positive_evidence": 1145
        }
      },
      "PL1": {
        "observations": 548,
        "first_session": "2007-02-08",
        "last_session": "2015-01-30",
        "cik_available": 0,
        "cik_missing": 548,
        "evidence": {
          "no_strict_prior_positive_evidence": 548
        }
      },
      "TRMAQ": {
        "observations": 31,
        "first_session": "2007-02-08",
        "last_session": "2008-06-17",
        "cik_available": 0,
        "cik_missing": 31,
        "evidence": {
          "no_strict_prior_positive_evidence": 31
        }
      },
      "QMNDQ": {
        "observations": 27,
        "first_session": "2007-02-09",
        "last_session": "2007-10-18",
        "cik_available": 0,
        "cik_missing": 27,
        "evidence": {
          "no_strict_prior_positive_evidence": 27
        }
      },
      "NXL1": {
        "observations": 46,
        "first_session": "2007-02-13",
        "last_session": "2007-04-19",
        "cik_available": 0,
        "cik_missing": 46,
        "evidence": {
          "no_strict_prior_positive_evidence": 46
        }
      },
      "DTC1": {
        "observations": 13,
        "first_session": "2007-02-15",
        "last_session": "2007-03-06",
        "cik_available": 0,
        "cik_missing": 13,
        "evidence": {
          "no_strict_prior_positive_evidence": 13
        }
      },
      "EPEXQ": {
        "observations": 4,
        "first_session": "2007-02-15",
        "last_session": "2007-02-21",
        "cik_available": 0,
        "cik_missing": 4,
        "evidence": {
          "no_strict_prior_positive_evidence": 4
        }
      },
      "BBVA": {
        "observations": 2110,
        "first_session": "2007-02-16",
        "last_session": "2026-07-31",
        "cik_available": 0,
        "cik_missing": 2110,
        "evidence": {
          "no_strict_prior_positive_evidence": 2110
        }
      },
      "LTM1": {
        "observations": 975,
        "first_session": "2007-02-16",
        "last_session": "2015-06-10",
        "cik_available": 0,
        "cik_missing": 975,
        "evidence": {
          "no_strict_prior_positive_evidence": 975
        }
      },
      "SYT1": {
        "observations": 1462,
        "first_session": "2007-02-21",
        "last_session": "2017-06-22",
        "cik_available": 0,
        "cik_missing": 1462,
        "evidence": {
          "no_strict_prior_positive_evidence": 1462
        }
      },
      "BKC1": {
        "observations": 765,
        "first_session": "2007-02-22",
        "last_session": "2010-10-19",
        "cik_available": 0,
        "cik_missing": 765,
        "evidence": {
          "no_strict_prior_positive_evidence": 765
        }
      },
      "TECK": {
        "observations": 4822,
        "first_session": "2007-02-22",
        "last_session": "2026-07-31",
        "cik_available": 0,
        "cik_missing": 4822,
        "evidence": {
          "no_strict_prior_positive_evidence": 4822
        }
      },
      "HDB": {
        "observations": 4799,
        "first_session": "2007-02-23",
        "last_session": "2026-07-31",
        "cik_available": 94,
        "cik_missing": 4705,
        "evidence": {
          "no_strict_prior_positive_evidence": 4799
        }
      },
      "LADX": {
        "observations": 54,
        "first_session": "2007-02-23",
        "last_session": "2014-02-10",
        "cik_available": 0,
        "cik_missing": 54,
        "evidence": {
          "no_strict_prior_positive_evidence": 54
        }
      },
      "CNH1": {
        "observations": 700,
        "first_session": "2007-02-26",
        "last_session": "2013-05-14",
        "cik_available": 0,
        "cik_missing": 700,
        "evidence": {
          "no_strict_prior_positive_evidence": 700
        }
      },
      "BEL": {
        "observations": 453,
        "first_session": "2007-02-27",
        "last_session": "2019-04-15",
        "cik_available": 0,
        "cik_missing": 453,
        "evidence": {
          "no_strict_prior_positive_evidence": 453
        }
      },
      "EONGY": {
        "observations": 110,
        "first_session": "2007-02-27",
        "last_session": "2007-08-30",
        "cik_available": 0,
        "cik_missing": 110,
        "evidence": {
          "no_strict_prior_positive_evidence": 110
        }
      },
      "INSG": {
        "observations": 202,
        "first_session": "2007-03-02",
        "last_session": "2009-11-20",
        "cik_available": 202,
        "cik_missing": 0,
        "evidence": {
          "sec_positive_strict_prior_cik_mismatch": 202
        }
      },
      "MM1": {
        "observations": 51,
        "first_session": "2007-03-05",
        "last_session": "2008-03-14",
        "cik_available": 0,
        "cik_missing": 51,
        "evidence": {
          "no_strict_prior_positive_evidence": 51
        }
      },
      "TLK": {
        "observations": 63,
        "first_session": "2007-03-05",
        "last_session": "2026-07-02",
        "cik_available": 10,
        "cik_missing": 53,
        "evidence": {
          "no_strict_prior_positive_evidence": 63
        }
      },
      "GAPTQ": {
        "observations": 192,
        "first_session": "2007-03-06",
        "last_session": "2008-10-03",
        "cik_available": 0,
        "cik_missing": 192,
        "evidence": {
          "no_strict_prior_positive_evidence": 192
        }
      },
      "B": {
        "observations": 5,
        "first_session": "2007-03-07",
        "last_session": "2007-03-13",
        "cik_available": 5,
        "cik_missing": 0,
        "evidence": {
          "sec_positive_strict_prior_cik_mismatch": 5
        }
      },
      "GAS1": {
        "observations": 627,
        "first_session": "2007-03-07",
        "last_session": "2011-12-09",
        "cik_available": 0,
        "cik_missing": 627,
        "evidence": {
          "no_strict_prior_positive_evidence": 627
        }
      },
      "HR1": {
        "observations": 1920,
        "first_session": "2007-03-07",
        "last_session": "2022-07-20",
        "cik_available": 0,
        "cik_missing": 1920,
        "evidence": {
          "no_strict_prior_positive_evidence": 1920
        }
      },
      "BONTQ": {
        "observations": 20,
        "first_session": "2007-03-08",
        "last_session": "2007-04-04",
        "cik_available": 0,
        "cik_missing": 20,
        "evidence": {
          "no_strict_prior_positive_evidence": 20
        }
      },
      "LTMAY": {
        "observations": 59,
        "first_session": "2007-03-13",
        "last_session": "2020-06-30",
        "cik_available": 0,
        "cik_missing": 59,
        "evidence": {
          "no_strict_prior_positive_evidence": 59
        }
      },
      "CJHBQ": {
        "observations": 139,
        "first_session": "2007-03-14",
        "last_session": "2007-11-28",
        "cik_available": 0,
        "cik_missing": 139,
        "evidence": {
          "no_strict_prior_positive_evidence": 139
        }
      },
      "PHH1": {
        "observations": 713,
        "first_session": "2007-03-15",
        "last_session": "2015-09-03",
        "cik_available": 0,
        "cik_missing": 713,
        "evidence": {
          "no_strict_prior_positive_evidence": 713
        }
      },
      "PPD1": {
        "observations": 16,
        "first_session": "2007-03-15",
        "last_session": "2007-04-09",
        "cik_available": 0,
        "cik_missing": 16,
        "evidence": {
          "no_strict_prior_positive_evidence": 16
        }
      },
      "UL": {
        "observations": 4748,
        "first_session": "2007-03-15",
        "last_session": "2026-07-31",
        "cik_available": 0,
        "cik_missing": 4748,
        "evidence": {
          "no_strict_prior_positive_evidence": 4748
        }
      },
      "BOLT1": {
        "observations": 164,
        "first_session": "2007-03-16",
        "last_session": "2007-11-20",
        "cik_available": 0,
        "cik_missing": 164,
        "evidence": {
          "no_strict_prior_positive_evidence": 164
        }
      },
      "IMPH": {
        "observations": 4,
        "first_session": "2007-03-19",
        "last_session": "2007-03-22",
        "cik_available": 0,
        "cik_missing": 4,
        "evidence": {
          "no_strict_prior_positive_evidence": 4
        }
      },
      "SVM1": {
        "observations": 89,
        "first_session": "2007-03-19",
        "last_session": "2007-07-24",
        "cik_available": 0,
        "cik_missing": 89,
        "evidence": {
          "no_strict_prior_positive_evidence": 89
        }
      },
      "IFS3": {
        "observations": 26,
        "first_session": "2007-03-21",
        "last_session": "2007-08-30",
        "cik_available": 0,
        "cik_missing": 26,
        "evidence": {
          "no_strict_prior_positive_evidence": 26
        }
      },
      "KFI2": {
        "observations": 5,
        "first_session": "2007-03-22",
        "last_session": "2007-03-30",
        "cik_available": 0,
        "cik_missing": 5,
        "evidence": {
          "no_strict_prior_positive_evidence": 5
        }
      },
      "SIMO": {
        "observations": 1740,
        "first_session": "2007-03-23",
        "last_session": "2026-07-31",
        "cik_available": 86,
        "cik_missing": 1654,
        "evidence": {
          "no_strict_prior_positive_evidence": 1740
        }
      },
      "TELFY": {
        "observations": 1667,
        "first_session": "2007-03-26",
        "last_session": "2020-03-20",
        "cik_available": 0,
        "cik_missing": 1667,
        "evidence": {
          "no_strict_prior_positive_evidence": 1667
        }
      },
      "PXR1": {
        "observations": 34,
        "first_session": "2007-03-28",
        "last_session": "2007-05-17",
        "cik_available": 0,
        "cik_missing": 34,
        "evidence": {
          "no_strict_prior_positive_evidence": 34
        }
      },
      "FLA": {
        "observations": 80,
        "first_session": "2007-04-02",
        "last_session": "2007-07-26",
        "cik_available": 80,
        "cik_missing": 0,
        "evidence": {
          "sec_positive_strict_prior_cik_mismatch": 80
        }
      },
      "CRYFQ": {
        "observations": 47,
        "first_session": "2007-04-03",
        "last_session": "2007-06-19",
        "cik_available": 0,
        "cik_missing": 47,
        "evidence": {
          "no_strict_prior_positive_evidence": 47
        }
      },
      "JHTXQ": {
        "observations": 44,
        "first_session": "2007-04-03",
        "last_session": "2008-04-09",
        "cik_available": 0,
        "cik_missing": 44,
        "evidence": {
          "no_strict_prior_positive_evidence": 44
        }
      },
      "BCE": {
        "observations": 4593,
        "first_session": "2007-04-04",
        "last_session": "2026-07-31",
        "cik_available": 4372,
        "cik_missing": 221,
        "evidence": {
          "no_strict_prior_positive_evidence": 4593
        }
      },
      "PRET": {
        "observations": 173,
        "first_session": "2007-04-04",
        "last_session": "2017-12-01",
        "cik_available": 0,
        "cik_missing": 173,
        "evidence": {
          "no_strict_prior_positive_evidence": 173
        }
      },
      "PBY1": {
        "observations": 90,
        "first_session": "2007-04-05",
        "last_session": "2016-02-03",
        "cik_available": 0,
        "cik_missing": 90,
        "evidence": {
          "no_strict_prior_positive_evidence": 90
        }
      },
      "VAL1": {
        "observations": 1800,
        "first_session": "2007-04-10",
        "last_session": "2017-05-31",
        "cik_available": 0,
        "cik_missing": 1800,
        "evidence": {
          "no_strict_prior_positive_evidence": 1800
        }
      },
      "WEBM1": {
        "observations": 16,
        "first_session": "2007-04-11",
        "last_session": "2007-05-03",
        "cik_available": 0,
        "cik_missing": 16,
        "evidence": {
          "no_strict_prior_positive_evidence": 16
        }
      },
      "CUTRQ": {
        "observations": 119,
        "first_session": "2007-04-12",
        "last_session": "2023-05-09",
        "cik_available": 0,
        "cik_missing": 119,
        "evidence": {
          "no_strict_prior_positive_evidence": 119
        }
      },
      "FCE.A": {
        "observations": 1265,
        "first_session": "2007-04-12",
        "last_session": "2018-12-07",
        "cik_available": 0,
        "cik_missing": 1265,
        "evidence": {
          "no_strict_prior_positive_evidence": 1265
        }
      },
      "CPNLQ": {
        "observations": 85,
        "first_session": "2007-04-16",
        "last_session": "2007-08-22",
        "cik_available": 85,
        "cik_missing": 0,
        "evidence": {
          "no_strict_prior_positive_evidence": 85
        }
      },
      "ASCA1": {
        "observations": 94,
        "first_session": "2007-04-17",
        "last_session": "2013-06-24",
        "cik_available": 0,
        "cik_missing": 94,
        "evidence": {
          "no_strict_prior_positive_evidence": 94
        }
      },
      "SPIL": {
        "observations": 181,
        "first_session": "2007-04-17",
        "last_session": "2011-02-15",
        "cik_available": 0,
        "cik_missing": 181,
        "evidence": {
          "no_strict_prior_positive_evidence": 181
        }
      },
      "CGI1": {
        "observations": 110,
        "first_session": "2007-04-23",
        "last_session": "2008-06-04",
        "cik_available": 0,
        "cik_missing": 110,
        "evidence": {
          "no_strict_prior_positive_evidence": 110
        }
      },
      "TTM": {
        "observations": 2897,
        "first_session": "2007-04-24",
        "last_session": "2023-01-23",
        "cik_available": 0,
        "cik_missing": 2897,
        "evidence": {
          "no_strict_prior_positive_evidence": 2897
        }
      },
      "TEN1": {
        "observations": 2535,
        "first_session": "2007-04-27",
        "last_session": "2022-11-16",
        "cik_available": 0,
        "cik_missing": 2535,
        "evidence": {
          "no_strict_prior_positive_evidence": 2535
        }
      },
      "HIH1": {
        "observations": 31,
        "first_session": "2007-05-01",
        "last_session": "2007-06-13",
        "cik_available": 0,
        "cik_missing": 31,
        "evidence": {
          "no_strict_prior_positive_evidence": 31
        }
      },
      "MAFB": {
        "observations": 26,
        "first_session": "2007-05-02",
        "last_session": "2007-06-07",
        "cik_available": 0,
        "cik_missing": 26,
        "evidence": {
          "no_strict_prior_positive_evidence": 26
        }
      },
      "CVSA": {
        "observations": 2841,
        "first_session": "2007-05-03",
        "last_session": "2026-03-05",
        "cik_available": 2841,
        "cik_missing": 0,
        "evidence": {
          "sec_positive_strict_prior_cik_mismatch": 2841
        }
      },
      "GBBK1": {
        "observations": 59,
        "first_session": "2007-05-04",
        "last_session": "2007-09-28",
        "cik_available": 0,
        "cik_missing": 59,
        "evidence": {
          "no_strict_prior_positive_evidence": 59
        }
      },
      "CVNS1": {
        "observations": 20,
        "first_session": "2007-05-07",
        "last_session": "2007-06-05",
        "cik_available": 0,
        "cik_missing": 20,
        "evidence": {
          "no_strict_prior_positive_evidence": 20
        }
      },
      "ID1": {
        "observations": 88,
        "first_session": "2007-05-07",
        "last_session": "2011-07-19",
        "cik_available": 0,
        "cik_missing": 88,
        "evidence": {
          "no_strict_prior_positive_evidence": 88
        }
      },
      "TX": {
        "observations": 535,
        "first_session": "2007-05-07",
        "last_session": "2026-07-31",
        "cik_available": 46,
        "cik_missing": 489,
        "evidence": {
          "no_strict_prior_positive_evidence": 535
        }
      },
      "GTI1": {
        "observations": 924,
        "first_session": "2007-05-09",
        "last_session": "2015-06-23",
        "cik_available": 0,
        "cik_missing": 924,
        "evidence": {
          "no_strict_prior_positive_evidence": 924
        }
      },
      "BAYRY": {
        "observations": 84,
        "first_session": "2007-05-11",
        "last_session": "2007-09-28",
        "cik_available": 0,
        "cik_missing": 84,
        "evidence": {
          "no_strict_prior_positive_evidence": 84
        }
      },
      "IDARQ": {
        "observations": 180,
        "first_session": "2007-05-11",
        "last_session": "2008-03-27",
        "cik_available": 0,
        "cik_missing": 180,
        "evidence": {
          "no_strict_prior_positive_evidence": 180
        }
      },
      "B1": {
        "observations": 153,
        "first_session": "2007-05-14",
        "last_session": "2025-01-24",
        "cik_available": 0,
        "cik_missing": 153,
        "evidence": {
          "no_strict_prior_positive_evidence": 153
        }
      },
      "NCI1": {
        "observations": 54,
        "first_session": "2007-05-15",
        "last_session": "2019-08-29",
        "cik_available": 0,
        "cik_missing": 54,
        "evidence": {
          "no_strict_prior_positive_evidence": 54
        }
      },
      "HAN": {
        "observations": 1,
        "first_session": "2007-05-16",
        "last_session": "2007-05-16",
        "cik_available": 0,
        "cik_missing": 1,
        "evidence": {
          "no_strict_prior_positive_evidence": 1
        }
      },
      "NILE1": {
        "observations": 260,
        "first_session": "2007-05-16",
        "last_session": "2012-03-06",
        "cik_available": 0,
        "cik_missing": 260,
        "evidence": {
          "no_strict_prior_positive_evidence": 260
        }
      },
      "TRIN1": {
        "observations": 11,
        "first_session": "2007-05-16",
        "last_session": "2007-09-04",
        "cik_available": 0,
        "cik_missing": 11,
        "evidence": {
          "no_strict_prior_positive_evidence": 11
        }
      },
      "EFD1": {
        "observations": 82,
        "first_session": "2007-05-17",
        "last_session": "2007-09-12",
        "cik_available": 0,
        "cik_missing": 82,
        "evidence": {
          "no_strict_prior_positive_evidence": 82
        }
      },
      "APXSQ": {
        "observations": 18,
        "first_session": "2007-05-21",
        "last_session": "2007-06-14",
        "cik_available": 0,
        "cik_missing": 18,
        "evidence": {
          "no_strict_prior_positive_evidence": 18
        }
      },
      "GIL": {
        "observations": 1602,
        "first_session": "2007-05-22",
        "last_session": "2026-07-31",
        "cik_available": 0,
        "cik_missing": 1602,
        "evidence": {
          "no_strict_prior_positive_evidence": 1602
        }
      },
      "ONT1": {
        "observations": 17,
        "first_session": "2007-05-22",
        "last_session": "2007-06-14",
        "cik_available": 0,
        "cik_missing": 17,
        "evidence": {
          "no_strict_prior_positive_evidence": 17
        }
      },
      "TUPBQ": {
        "observations": 2936,
        "first_session": "2007-05-23",
        "last_session": "2023-11-03",
        "cik_available": 0,
        "cik_missing": 2936,
        "evidence": {
          "no_strict_prior_positive_evidence": 2936
        }
      },
      "MR1": {
        "observations": 1296,
        "first_session": "2007-05-24",
        "last_session": "2016-03-03",
        "cik_available": 0,
        "cik_missing": 1296,
        "evidence": {
          "no_strict_prior_positive_evidence": 1296
        }
      },
      "ALIZY": {
        "observations": 279,
        "first_session": "2007-05-31",
        "last_session": "2008-10-14",
        "cik_available": 0,
        "cik_missing": 279,
        "evidence": {
          "no_strict_prior_positive_evidence": 279
        }
      },
      "ALR1": {
        "observations": 1796,
        "first_session": "2007-06-05",
        "last_session": "2017-10-02",
        "cik_available": 0,
        "cik_missing": 1796,
        "evidence": {
          "no_strict_prior_positive_evidence": 1796
        }
      },
      "HMIN": {
        "observations": 302,
        "first_session": "2007-06-07",
        "last_session": "2016-03-30",
        "cik_available": 0,
        "cik_missing": 302,
        "evidence": {
          "no_strict_prior_positive_evidence": 302
        }
      },
      "AGIL1": {
        "observations": 2,
        "first_session": "2007-06-08",
        "last_session": "2007-06-12",
        "cik_available": 0,
        "cik_missing": 2,
        "evidence": {
          "no_strict_prior_positive_evidence": 2
        }
      },
      "BRY1": {
        "observations": 934,
        "first_session": "2007-06-11",
        "last_session": "2013-12-16",
        "cik_available": 0,
        "cik_missing": 934,
        "evidence": {
          "no_strict_prior_positive_evidence": 934
        }
      },
      "WR1": {
        "observations": 2206,
        "first_session": "2007-06-12",
        "last_session": "2018-06-04",
        "cik_available": 0,
        "cik_missing": 2206,
        "evidence": {
          "no_strict_prior_positive_evidence": 2206
        }
      },
      "QGEN": {
        "observations": 3674,
        "first_session": "2007-06-13",
        "last_session": "2026-07-31",
        "cik_available": 0,
        "cik_missing": 3674,
        "evidence": {
          "no_strict_prior_positive_evidence": 3674
        }
      },
      "VRX1": {
        "observations": 500,
        "first_session": "2007-06-14",
        "last_session": "2010-09-27",
        "cik_available": 0,
        "cik_missing": 500,
        "evidence": {
          "no_strict_prior_positive_evidence": 500
        }
      },
      "TE1": {
        "observations": 2244,
        "first_session": "2007-06-15",
        "last_session": "2016-06-30",
        "cik_available": 0,
        "cik_missing": 2244,
        "evidence": {
          "no_strict_prior_positive_evidence": 2244
        }
      },
      "DCT1": {
        "observations": 1611,
        "first_session": "2007-06-18",
        "last_session": "2018-08-21",
        "cik_available": 0,
        "cik_missing": 1611,
        "evidence": {
          "no_strict_prior_positive_evidence": 1611
        }
      },
      "GLDN1": {
        "observations": 155,
        "first_session": "2007-06-18",
        "last_session": "2008-02-28",
        "cik_available": 0,
        "cik_missing": 155,
        "evidence": {
          "no_strict_prior_positive_evidence": 155
        }
      },
      "SE1": {
        "observations": 2440,
        "first_session": "2007-06-19",
        "last_session": "2017-02-24",
        "cik_available": 0,
        "cik_missing": 2440,
        "evidence": {
          "no_strict_prior_positive_evidence": 2440
        }
      },
      "SWIR": {
        "observations": 305,
        "first_session": "2007-06-21",
        "last_session": "2023-01-12",
        "cik_available": 0,
        "cik_missing": 305,
        "evidence": {
          "no_strict_prior_positive_evidence": 305
        }
      },
      "AHL2": {
        "observations": 1074,
        "first_session": "2007-06-22",
        "last_session": "2019-02-14",
        "cik_available": 0,
        "cik_missing": 1074,
        "evidence": {
          "no_strict_prior_positive_evidence": 1074
        }
      },
      "TSL1": {
        "observations": 1719,
        "first_session": "2007-06-22",
        "last_session": "2017-03-13",
        "cik_available": 0,
        "cik_missing": 1719,
        "evidence": {
          "no_strict_prior_positive_evidence": 1719
        }
      },
      "DTGF": {
        "observations": 654,
        "first_session": "2007-06-25",
        "last_session": "2012-11-26",
        "cik_available": 0,
        "cik_missing": 654,
        "evidence": {
          "no_strict_prior_positive_evidence": 654
        }
      },
      "ORANY": {
        "observations": 384,
        "first_session": "2007-06-25",
        "last_session": "2016-05-10",
        "cik_available": 0,
        "cik_missing": 384,
        "evidence": {
          "no_strict_prior_positive_evidence": 384
        }
      },
      "AWHHF": {
        "observations": 684,
        "first_session": "2007-06-27",
        "last_session": "2017-07-27",
        "cik_available": 0,
        "cik_missing": 684,
        "evidence": {
          "no_strict_prior_positive_evidence": 684
        }
      },
      "CVC": {
        "observations": 1,
        "first_session": "2007-06-27",
        "last_session": "2007-06-27",
        "cik_available": 1,
        "cik_missing": 0,
        "evidence": {
          "sec_positive_strict_prior_cik_mismatch": 1
        }
      },
      "LNETQ": {
        "observations": 26,
        "first_session": "2007-06-27",
        "last_session": "2007-08-24",
        "cik_available": 0,
        "cik_missing": 26,
        "evidence": {
          "no_strict_prior_positive_evidence": 26
        }
      },
      "WINN1": {
        "observations": 52,
        "first_session": "2007-06-27",
        "last_session": "2012-01-19",
        "cik_available": 0,
        "cik_missing": 52,
        "evidence": {
          "no_strict_prior_positive_evidence": 52
        }
      },
      "OC": {
        "observations": 12,
        "first_session": "2007-06-28",
        "last_session": "2007-07-16",
        "cik_available": 12,
        "cik_missing": 0,
        "evidence": {
          "sec_positive_strict_prior_cik_mismatch": 12
        }
      },
      "VEOEY": {
        "observations": 687,
        "first_session": "2007-06-28",
        "last_session": "2012-05-31",
        "cik_available": 0,
        "cik_missing": 687,
        "evidence": {
          "no_strict_prior_positive_evidence": 687
        }
      },
      "CASC1": {
        "observations": 10,
        "first_session": "2007-06-29",
        "last_session": "2007-07-13",
        "cik_available": 0,
        "cik_missing": 10,
        "evidence": {
          "no_strict_prior_positive_evidence": 10
        }
      },
      "UCBHQ": {
        "observations": 240,
        "first_session": "2007-06-29",
        "last_session": "2008-10-15",
        "cik_available": 0,
        "cik_missing": 240,
        "evidence": {
          "no_strict_prior_positive_evidence": 240
        }
      },
      "WBD1": {
        "observations": 223,
        "first_session": "2007-07-03",
        "last_session": "2011-01-12",
        "cik_available": 0,
        "cik_missing": 223,
        "evidence": {
          "no_strict_prior_positive_evidence": 223
        }
      },
      "LOCMQ": {
        "observations": 18,
        "first_session": "2007-07-05",
        "last_session": "2007-08-06",
        "cik_available": 0,
        "cik_missing": 18,
        "evidence": {
          "no_strict_prior_positive_evidence": 18
        }
      },
      "IHS2": {
        "observations": 1384,
        "first_session": "2007-07-10",
        "last_session": "2016-07-12",
        "cik_available": 0,
        "cik_missing": 1384,
        "evidence": {
          "no_strict_prior_positive_evidence": 1384
        }
      },
      "OPTN1": {
        "observations": 15,
        "first_session": "2007-07-10",
        "last_session": "2007-07-30",
        "cik_available": 0,
        "cik_missing": 15,
        "evidence": {
          "no_strict_prior_positive_evidence": 15
        }
      },
      "ROSE1": {
        "observations": 1182,
        "first_session": "2007-07-10",
        "last_session": "2015-07-20",
        "cik_available": 0,
        "cik_missing": 1182,
        "evidence": {
          "no_strict_prior_positive_evidence": 1182
        }
      },
      "ARD1": {
        "observations": 460,
        "first_session": "2007-07-13",
        "last_session": "2010-07-16",
        "cik_available": 0,
        "cik_missing": 460,
        "evidence": {
          "no_strict_prior_positive_evidence": 460
        }
      },
      "MTL": {
        "observations": 1207,
        "first_session": "2007-07-13",
        "last_session": "2012-10-24",
        "cik_available": 0,
        "cik_missing": 1207,
        "evidence": {
          "no_strict_prior_positive_evidence": 1207
        }
      },
      "LPHIQ": {
        "observations": 41,
        "first_session": "2007-07-16",
        "last_session": "2007-10-01",
        "cik_available": 0,
        "cik_missing": 41,
        "evidence": {
          "no_strict_prior_positive_evidence": 41
        }
      },
      "PYX1": {
        "observations": 27,
        "first_session": "2007-07-16",
        "last_session": "2007-08-21",
        "cik_available": 0,
        "cik_missing": 27,
        "evidence": {
          "no_strict_prior_positive_evidence": 27
        }
      },
      "RCI": {
        "observations": 1611,
        "first_session": "2007-07-16",
        "last_session": "2026-07-31",
        "cik_available": 0,
        "cik_missing": 1611,
        "evidence": {
          "no_strict_prior_positive_evidence": 1611
        }
      },
      "GNKOQ": {
        "observations": 812,
        "first_session": "2007-07-19",
        "last_session": "2012-03-08",
        "cik_available": 0,
        "cik_missing": 812,
        "evidence": {
          "no_strict_prior_positive_evidence": 812
        }
      },
      "ATPAQ": {
        "observations": 794,
        "first_session": "2007-07-20",
        "last_session": "2012-03-29",
        "cik_available": 0,
        "cik_missing": 794,
        "evidence": {
          "no_strict_prior_positive_evidence": 794
        }
      },
      "MIC2": {
        "observations": 1789,
        "first_session": "2007-07-20",
        "last_session": "2021-11-03",
        "cik_available": 0,
        "cik_missing": 1789,
        "evidence": {
          "no_strict_prior_positive_evidence": 1789
        }
      },
      "KEP": {
        "observations": 182,
        "first_session": "2007-07-24",
        "last_session": "2017-04-13",
        "cik_available": 0,
        "cik_missing": 182,
        "evidence": {
          "no_strict_prior_positive_evidence": 182
        }
      },
      "TBSIQ": {
        "observations": 276,
        "first_session": "2007-07-24",
        "last_session": "2008-10-01",
        "cik_available": 0,
        "cik_missing": 276,
        "evidence": {
          "no_strict_prior_positive_evidence": 276
        }
      },
      "EGLE2": {
        "observations": 385,
        "first_session": "2007-07-26",
        "last_session": "2024-04-08",
        "cik_available": 0,
        "cik_missing": 385,
        "evidence": {
          "no_strict_prior_positive_evidence": 385
        }
      },
      "ETP1": {
        "observations": 2250,
        "first_session": "2007-07-30",
        "last_session": "2017-04-27",
        "cik_available": 0,
        "cik_missing": 2250,
        "evidence": {
          "no_strict_prior_positive_evidence": 2250
        }
      },
      "ARB1": {
        "observations": 101,
        "first_session": "2007-07-31",
        "last_session": "2013-09-27",
        "cik_available": 0,
        "cik_missing": 101,
        "evidence": {
          "no_strict_prior_positive_evidence": 101
        }
      },
      "CEDCQ": {
        "observations": 679,
        "first_session": "2007-07-31",
        "last_session": "2011-09-26",
        "cik_available": 0,
        "cik_missing": 679,
        "evidence": {
          "no_strict_prior_positive_evidence": 679
        }
      },
      "DWSN1": {
        "observations": 37,
        "first_session": "2007-08-01",
        "last_session": "2008-03-25",
        "cik_available": 0,
        "cik_missing": 37,
        "evidence": {
          "no_strict_prior_positive_evidence": 37
        }
      },
      "RY": {
        "observations": 4748,
        "first_session": "2007-08-01",
        "last_session": "2026-07-31",
        "cik_available": 0,
        "cik_missing": 4748,
        "evidence": {
          "no_strict_prior_positive_evidence": 4748
        }
      },
      "CNL1": {
        "observations": 424,
        "first_session": "2007-08-02",
        "last_session": "2016-04-13",
        "cik_available": 0,
        "cik_missing": 424,
        "evidence": {
          "no_strict_prior_positive_evidence": 424
        }
      },
      "EXMCQ": {
        "observations": 395,
        "first_session": "2007-08-02",
        "last_session": "2009-12-08",
        "cik_available": 0,
        "cik_missing": 395,
        "evidence": {
          "no_strict_prior_positive_evidence": 395
        }
      },
      "SYCRF": {
        "observations": 42,
        "first_session": "2007-08-02",
        "last_session": "2007-11-21",
        "cik_available": 0,
        "cik_missing": 42,
        "evidence": {
          "no_strict_prior_positive_evidence": 42
        }
      },
      "RKT1": {
        "observations": 1471,
        "first_session": "2007-08-03",
        "last_session": "2015-07-01",
        "cik_available": 0,
        "cik_missing": 1471,
        "evidence": {
          "no_strict_prior_positive_evidence": 1471
        }
      },
      "ELON1": {
        "observations": 22,
        "first_session": "2007-08-07",
        "last_session": "2007-09-06",
        "cik_available": 0,
        "cik_missing": 22,
        "evidence": {
          "no_strict_prior_positive_evidence": 22
        }
      },
      "PSD": {
        "observations": 143,
        "first_session": "2007-08-07",
        "last_session": "2009-02-06",
        "cik_available": 143,
        "cik_missing": 0,
        "evidence": {
          "no_strict_prior_positive_evidence": 143
        }
      },
      "CVOVQ": {
        "observations": 19,
        "first_session": "2007-08-08",
        "last_session": "2007-09-04",
        "cik_available": 0,
        "cik_missing": 19,
        "evidence": {
          "no_strict_prior_positive_evidence": 19
        }
      },
      "JASO": {
        "observations": 1228,
        "first_session": "2007-08-08",
        "last_session": "2015-06-12",
        "cik_available": 0,
        "cik_missing": 1228,
        "evidence": {
          "no_strict_prior_positive_evidence": 1228
        }
      },
      "OBQI": {
        "observations": 60,
        "first_session": "2007-08-08",
        "last_session": "2008-07-29",
        "cik_available": 0,
        "cik_missing": 60,
        "evidence": {
          "no_strict_prior_positive_evidence": 60
        }
      },
      "STE1": {
        "observations": 522,
        "first_session": "2007-08-08",
        "last_session": "2015-11-02",
        "cik_available": 0,
        "cik_missing": 522,
        "evidence": {
          "no_strict_prior_positive_evidence": 522
        }
      },
      "CAJPY": {
        "observations": 717,
        "first_session": "2007-08-09",
        "last_session": "2018-11-13",
        "cik_available": 0,
        "cik_missing": 717,
        "evidence": {
          "no_strict_prior_positive_evidence": 717
        }
      },
      "COCOQ": {
        "observations": 744,
        "first_session": "2007-08-09",
        "last_session": "2011-06-28",
        "cik_available": 0,
        "cik_missing": 744,
        "evidence": {
          "no_strict_prior_positive_evidence": 744
        }
      },
      "MEG1": {
        "observations": 148,
        "first_session": "2007-08-09",
        "last_session": "2017-01-17",
        "cik_available": 0,
        "cik_missing": 148,
        "evidence": {
          "no_strict_prior_positive_evidence": 148
        }
      },
      "OIBRQ": {
        "observations": 472,
        "first_session": "2007-08-09",
        "last_session": "2012-08-22",
        "cik_available": 0,
        "cik_missing": 472,
        "evidence": {
          "no_strict_prior_positive_evidence": 472
        }
      },
      "FIG1": {
        "observations": 156,
        "first_session": "2007-08-10",
        "last_session": "2017-11-17",
        "cik_available": 0,
        "cik_missing": 156,
        "evidence": {
          "no_strict_prior_positive_evidence": 156
        }
      },
      "GHSEQ": {
        "observations": 3,
        "first_session": "2007-08-10",
        "last_session": "2007-08-14",
        "cik_available": 0,
        "cik_missing": 3,
        "evidence": {
          "no_strict_prior_positive_evidence": 3
        }
      },
      "PVAHQ": {
        "observations": 702,
        "first_session": "2007-08-10",
        "last_session": "2015-07-24",
        "cik_available": 0,
        "cik_missing": 702,
        "evidence": {
          "no_strict_prior_positive_evidence": 702
        }
      },
      "TD": {
        "observations": 4757,
        "first_session": "2007-08-10",
        "last_session": "2026-07-31",
        "cik_available": 0,
        "cik_missing": 4757,
        "evidence": {
          "no_strict_prior_positive_evidence": 4757
        }
      },
      "XCOOQ": {
        "observations": 1567,
        "first_session": "2007-08-10",
        "last_session": "2014-10-21",
        "cik_available": 0,
        "cik_missing": 1567,
        "evidence": {
          "no_strict_prior_positive_evidence": 1567
        }
      },
      "STSA1": {
        "observations": 32,
        "first_session": "2007-08-13",
        "last_session": "2013-10-10",
        "cik_available": 0,
        "cik_missing": 32,
        "evidence": {
          "no_strict_prior_positive_evidence": 32
        }
      },
      "TKC": {
        "observations": 293,
        "first_session": "2007-08-16",
        "last_session": "2025-10-15",
        "cik_available": 0,
        "cik_missing": 293,
        "evidence": {
          "no_strict_prior_positive_evidence": 293
        }
      },
      "TW2": {
        "observations": 1210,
        "first_session": "2007-08-16",
        "last_session": "2016-01-04",
        "cik_available": 0,
        "cik_missing": 1210,
        "evidence": {
          "no_strict_prior_positive_evidence": 1210
        }
      },
      "MOLXA": {
        "observations": 72,
        "first_session": "2007-08-17",
        "last_session": "2013-12-06",
        "cik_available": 63,
        "cik_missing": 9,
        "evidence": {
          "no_strict_prior_positive_evidence": 72
        }
      },
      "NSH1": {
        "observations": 2,
        "first_session": "2007-08-17",
        "last_session": "2007-08-20",
        "cik_available": 0,
        "cik_missing": 2,
        "evidence": {
          "no_strict_prior_positive_evidence": 2
        }
      },
      "RARE1": {
        "observations": 31,
        "first_session": "2007-08-17",
        "last_session": "2007-10-01",
        "cik_available": 0,
        "cik_missing": 31,
        "evidence": {
          "no_strict_prior_positive_evidence": 31
        }
      },
      "ALAB1": {
        "observations": 19,
        "first_session": "2007-09-06",
        "last_session": "2007-10-03",
        "cik_available": 0,
        "cik_missing": 19,
        "evidence": {
          "no_strict_prior_positive_evidence": 19
        }
      },
      "DXTRQ": {
        "observations": 16,
        "first_session": "2007-09-10",
        "last_session": "2007-10-09",
        "cik_available": 0,
        "cik_missing": 16,
        "evidence": {
          "no_strict_prior_positive_evidence": 16
        }
      },
      "ZNHYY": {
        "observations": 24,
        "first_session": "2007-09-21",
        "last_session": "2007-10-24",
        "cik_available": 0,
        "cik_missing": 24,
        "evidence": {
          "no_strict_prior_positive_evidence": 24
        }
      },
      "JRJC": {
        "observations": 186,
        "first_session": "2007-09-24",
        "last_session": "2020-07-20",
        "cik_available": 0,
        "cik_missing": 186,
        "evidence": {
          "no_strict_prior_positive_evidence": 186
        }
      },
      "CPSL1": {
        "observations": 55,
        "first_session": "2007-09-25",
        "last_session": "2008-06-18",
        "cik_available": 0,
        "cik_missing": 55,
        "evidence": {
          "no_strict_prior_positive_evidence": 55
        }
      },
      "CHA2": {
        "observations": 192,
        "first_session": "2007-09-28",
        "last_session": "2009-05-27",
        "cik_available": 0,
        "cik_missing": 192,
        "evidence": {
          "no_strict_prior_positive_evidence": 192
        }
      },
      "GOLD1": {
        "observations": 2823,
        "first_session": "2007-09-28",
        "last_session": "2018-12-28",
        "cik_available": 0,
        "cik_missing": 2823,
        "evidence": {
          "no_strict_prior_positive_evidence": 2823
        }
      },
      "KZ": {
        "observations": 20,
        "first_session": "2007-09-28",
        "last_session": "2007-10-29",
        "cik_available": 0,
        "cik_missing": 20,
        "evidence": {
          "no_strict_prior_positive_evidence": 20
        }
      },
      "ANWWQ": {
        "observations": 72,
        "first_session": "2007-10-01",
        "last_session": "2010-06-08",
        "cik_available": 0,
        "cik_missing": 72,
        "evidence": {
          "no_strict_prior_positive_evidence": 72
        }
      },
      "EBODF": {
        "observations": 16,
        "first_session": "2007-10-03",
        "last_session": "2007-10-30",
        "cik_available": 0,
        "cik_missing": 16,
        "evidence": {
          "no_strict_prior_positive_evidence": 16
        }
      },
      "EFUT1": {
        "observations": 14,
        "first_session": "2007-10-03",
        "last_session": "2007-10-31",
        "cik_available": 0,
        "cik_missing": 14,
        "evidence": {
          "no_strict_prior_positive_evidence": 14
        }
      },
      "BBL": {
        "observations": 3592,
        "first_session": "2007-10-05",
        "last_session": "2022-01-28",
        "cik_available": 0,
        "cik_missing": 3592,
        "evidence": {
          "no_strict_prior_positive_evidence": 3592
        }
      },
      "CN1": {
        "observations": 102,
        "first_session": "2007-10-08",
        "last_session": "2008-08-04",
        "cik_available": 0,
        "cik_missing": 102,
        "evidence": {
          "no_strict_prior_positive_evidence": 102
        }
      },
      "XSELY": {
        "observations": 7,
        "first_session": "2007-10-11",
        "last_session": "2007-10-22",
        "cik_available": 0,
        "cik_missing": 7,
        "evidence": {
          "no_strict_prior_positive_evidence": 7
        }
      },
      "LUNMF": {
        "observations": 28,
        "first_session": "2007-10-12",
        "last_session": "2007-11-20",
        "cik_available": 0,
        "cik_missing": 28,
        "evidence": {
          "no_strict_prior_positive_evidence": 28
        }
      },
      "HNPIY": {
        "observations": 42,
        "first_session": "2007-10-15",
        "last_session": "2009-01-15",
        "cik_available": 0,
        "cik_missing": 42,
        "evidence": {
          "no_strict_prior_positive_evidence": 42
        }
      },
      "NM": {
        "observations": 64,
        "first_session": "2007-10-15",
        "last_session": "2008-06-12",
        "cik_available": 0,
        "cik_missing": 64,
        "evidence": {
          "no_strict_prior_positive_evidence": 64
        }
      },
      "QMAR1": {
        "observations": 82,
        "first_session": "2007-10-16",
        "last_session": "2008-03-10",
        "cik_available": 0,
        "cik_missing": 82,
        "evidence": {
          "no_strict_prior_positive_evidence": 82
        }
      },
      "TRAK1": {
        "observations": 388,
        "first_session": "2007-10-16",
        "last_session": "2015-09-30",
        "cik_available": 0,
        "cik_missing": 388,
        "evidence": {
          "no_strict_prior_positive_evidence": 388
        }
      },
      "CNTFY": {
        "observations": 2,
        "first_session": "2007-10-18",
        "last_session": "2007-10-19",
        "cik_available": 0,
        "cik_missing": 2,
        "evidence": {
          "no_strict_prior_positive_evidence": 2
        }
      },
      "ASPV": {
        "observations": 19,
        "first_session": "2007-10-22",
        "last_session": "2007-11-15",
        "cik_available": 0,
        "cik_missing": 19,
        "evidence": {
          "no_strict_prior_positive_evidence": 19
        }
      },
      "GGL1": {
        "observations": 19,
        "first_session": "2007-10-25",
        "last_session": "2007-11-20",
        "cik_available": 0,
        "cik_missing": 19,
        "evidence": {
          "no_strict_prior_positive_evidence": 19
        }
      },
      "NGLS": {
        "observations": 567,
        "first_session": "2007-10-25",
        "last_session": "2016-02-16",
        "cik_available": 567,
        "cik_missing": 0,
        "evidence": {
          "no_strict_prior_positive_evidence": 567
        }
      },
      "LUMN": {
        "observations": 3272,
        "first_session": "2007-10-26",
        "last_session": "2020-10-23",
        "cik_available": 3272,
        "cik_missing": 0,
        "evidence": {
          "sec_positive_strict_prior_cik_mismatch": 3272
        }
      },
      "RENX2": {
        "observations": 30,
        "first_session": "2007-10-26",
        "last_session": "2015-03-26",
        "cik_available": 0,
        "cik_missing": 30,
        "evidence": {
          "no_strict_prior_positive_evidence": 30
        }
      },
      "AFR1": {
        "observations": 96,
        "first_session": "2007-11-05",
        "last_session": "2008-04-01",
        "cik_available": 0,
        "cik_missing": 96,
        "evidence": {
          "no_strict_prior_positive_evidence": 96
        }
      },
      "CM": {
        "observations": 3617,
        "first_session": "2007-11-12",
        "last_session": "2026-07-31",
        "cik_available": 0,
        "cik_missing": 3617,
        "evidence": {
          "no_strict_prior_positive_evidence": 3617
        }
      },
      "KUST": {
        "observations": 407,
        "first_session": "2007-11-13",
        "last_session": "2026-07-22",
        "cik_available": 1,
        "cik_missing": 406,
        "evidence": {
          "no_strict_prior_positive_evidence": 407
        }
      },
      "CSUNY": {
        "observations": 78,
        "first_session": "2007-11-14",
        "last_session": "2008-09-22",
        "cik_available": 0,
        "cik_missing": 78,
        "evidence": {
          "no_strict_prior_positive_evidence": 78
        }
      },
      "GLG2": {
        "observations": 60,
        "first_session": "2007-11-16",
        "last_session": "2010-06-28",
        "cik_available": 0,
        "cik_missing": 60,
        "evidence": {
          "no_strict_prior_positive_evidence": 60
        }
      },
      "IMO": {
        "observations": 1480,
        "first_session": "2007-11-19",
        "last_session": "2026-07-31",
        "cik_available": 0,
        "cik_missing": 1480,
        "evidence": {
          "no_strict_prior_positive_evidence": 1480
        }
      },
      "IOGPQ": {
        "observations": 114,
        "first_session": "2007-11-20",
        "last_session": "2021-11-04",
        "cik_available": 0,
        "cik_missing": 114,
        "evidence": {
          "no_strict_prior_positive_evidence": 114
        }
      },
      "AXCA": {
        "observations": 20,
        "first_session": "2007-11-29",
        "last_session": "2007-12-28",
        "cik_available": 0,
        "cik_missing": 20,
        "evidence": {
          "no_strict_prior_positive_evidence": 20
        }
      },
      "LDKYQ": {
        "observations": 844,
        "first_session": "2007-11-29",
        "last_session": "2011-09-16",
        "cik_available": 0,
        "cik_missing": 844,
        "evidence": {
          "no_strict_prior_positive_evidence": 844
        }
      },
      "HQCL": {
        "observations": 358,
        "first_session": "2007-12-03",
        "last_session": "2011-02-14",
        "cik_available": 0,
        "cik_missing": 358,
        "evidence": {
          "no_strict_prior_positive_evidence": 358
        }
      },
      "SUBCY": {
        "observations": 23,
        "first_session": "2007-12-03",
        "last_session": "2008-02-04",
        "cik_available": 0,
        "cik_missing": 23,
        "evidence": {
          "no_strict_prior_positive_evidence": 23
        }
      },
      "BMO": {
        "observations": 4446,
        "first_session": "2007-12-05",
        "last_session": "2026-07-31",
        "cik_available": 1812,
        "cik_missing": 2634,
        "evidence": {
          "no_strict_prior_positive_evidence": 4446
        }
      },
      "WPZ1": {
        "observations": 880,
        "first_session": "2007-12-06",
        "last_session": "2015-02-02",
        "cik_available": 0,
        "cik_missing": 880,
        "evidence": {
          "no_strict_prior_positive_evidence": 880
        }
      },
      "YGEHY": {
        "observations": 1133,
        "first_session": "2007-12-06",
        "last_session": "2014-07-14",
        "cik_available": 0,
        "cik_missing": 1133,
        "evidence": {
          "no_strict_prior_positive_evidence": 1133
        }
      },
      "LINEQ": {
        "observations": 1727,
        "first_session": "2007-12-12",
        "last_session": "2015-08-26",
        "cik_available": 0,
        "cik_missing": 1727,
        "evidence": {
          "no_strict_prior_positive_evidence": 1727
        }
      },
      "OTEX": {
        "observations": 2071,
        "first_session": "2007-12-13",
        "last_session": "2026-07-31",
        "cik_available": 0,
        "cik_missing": 2071,
        "evidence": {
          "no_strict_prior_positive_evidence": 2071
        }
      },
      "SVNTQ": {
        "observations": 452,
        "first_session": "2007-12-13",
        "last_session": "2011-06-02",
        "cik_available": 0,
        "cik_missing": 452,
        "evidence": {
          "no_strict_prior_positive_evidence": 452
        }
      },
      "GFASY": {
        "observations": 815,
        "first_session": "2007-12-18",
        "last_session": "2012-03-06",
        "cik_available": 0,
        "cik_missing": 815,
        "evidence": {
          "no_strict_prior_positive_evidence": 815
        }
      },
      "VEDL": {
        "observations": 97,
        "first_session": "2007-12-18",
        "last_session": "2021-11-05",
        "cik_available": 0,
        "cik_missing": 97,
        "evidence": {
          "no_strict_prior_positive_evidence": 97
        }
      },
      "COHR1": {
        "observations": 1442,
        "first_session": "2007-12-19",
        "last_session": "2022-06-30",
        "cik_available": 0,
        "cik_missing": 1442,
        "evidence": {
          "no_strict_prior_positive_evidence": 1442
        }
      },
      "WEST2": {
        "observations": 24,
        "first_session": "2008-01-03",
        "last_session": "2008-02-06",
        "cik_available": 0,
        "cik_missing": 24,
        "evidence": {
          "no_strict_prior_positive_evidence": 24
        }
      },
      "BTTGY": {
        "observations": 116,
        "first_session": "2008-01-04",
        "last_session": "2019-09-19",
        "cik_available": 0,
        "cik_missing": 116,
        "evidence": {
          "no_strict_prior_positive_evidence": 116
        }
      },
      "LYG": {
        "observations": 1640,
        "first_session": "2008-01-15",
        "last_session": "2026-07-31",
        "cik_available": 0,
        "cik_missing": 1640,
        "evidence": {
          "no_strict_prior_positive_evidence": 1640
        }
      },
      "ME1": {
        "observations": 448,
        "first_session": "2008-01-15",
        "last_session": "2010-11-10",
        "cik_available": 0,
        "cik_missing": 448,
        "evidence": {
          "no_strict_prior_positive_evidence": 448
        }
      },
      "PFGC1": {
        "observations": 20,
        "first_session": "2008-01-22",
        "last_session": "2008-02-19",
        "cik_available": 0,
        "cik_missing": 20,
        "evidence": {
          "no_strict_prior_positive_evidence": 20
        }
      },
      "BFAM1": {
        "observations": 14,
        "first_session": "2008-01-23",
        "last_session": "2008-02-11",
        "cik_available": 0,
        "cik_missing": 14,
        "evidence": {
          "no_strict_prior_positive_evidence": 14
        }
      },
      "MATR1": {
        "observations": 15,
        "first_session": "2008-01-25",
        "last_session": "2008-02-21",
        "cik_available": 0,
        "cik_missing": 15,
        "evidence": {
          "no_strict_prior_positive_evidence": 15
        }
      },
      "SLF": {
        "observations": 2084,
        "first_session": "2008-01-30",
        "last_session": "2026-07-31",
        "cik_available": 0,
        "cik_missing": 2084,
        "evidence": {
          "no_strict_prior_positive_evidence": 2084
        }
      },
      "RELX": {
        "observations": 1255,
        "first_session": "2008-02-01",
        "last_session": "2026-07-31",
        "cik_available": 0,
        "cik_missing": 1255,
        "evidence": {
          "no_strict_prior_positive_evidence": 1255
        }
      },
      "CAA": {
        "observations": 922,
        "first_session": "2008-02-04",
        "last_session": "2015-10-01",
        "cik_available": 922,
        "cik_missing": 0,
        "evidence": {
          "sec_positive_strict_prior_cik_mismatch": 922
        }
      },
      "EJ": {
        "observations": 292,
        "first_session": "2008-02-08",
        "last_session": "2015-07-06",
        "cik_available": 0,
        "cik_missing": 292,
        "evidence": {
          "no_strict_prior_positive_evidence": 292
        }
      },
      "SBNY": {
        "observations": 2705,
        "first_session": "2008-02-14",
        "last_session": "2023-03-10",
        "cik_available": 0,
        "cik_missing": 2705,
        "evidence": {
          "no_strict_prior_positive_evidence": 2705
        }
      },
      "AZPN1": {
        "observations": 2068,
        "first_session": "2008-02-19",
        "last_session": "2022-05-16",
        "cik_available": 0,
        "cik_missing": 2068,
        "evidence": {
          "no_strict_prior_positive_evidence": 2068
        }
      },
      "PALDF": {
        "observations": 101,
        "first_session": "2008-02-22",
        "last_session": "2011-03-25",
        "cik_available": 0,
        "cik_missing": 101,
        "evidence": {
          "no_strict_prior_positive_evidence": 101
        }
      },
      "CGPI1": {
        "observations": 17,
        "first_session": "2008-02-28",
        "last_session": "2008-03-24",
        "cik_available": 0,
        "cik_missing": 17,
        "evidence": {
          "no_strict_prior_positive_evidence": 17
        }
      },
      "CBDBY": {
        "observations": 1017,
        "first_session": "2008-03-05",
        "last_session": "2021-03-24",
        "cik_available": 0,
        "cik_missing": 1017,
        "evidence": {
          "no_strict_prior_positive_evidence": 1017
        }
      },
      "JRCCQ": {
        "observations": 541,
        "first_session": "2008-03-10",
        "last_session": "2012-11-12",
        "cik_available": 0,
        "cik_missing": 541,
        "evidence": {
          "no_strict_prior_positive_evidence": 541
        }
      },
      "BNS": {
        "observations": 4200,
        "first_session": "2008-03-11",
        "last_session": "2026-07-31",
        "cik_available": 0,
        "cik_missing": 4200,
        "evidence": {
          "no_strict_prior_positive_evidence": 4200
        }
      },
      "ATN": {
        "observations": 21,
        "first_session": "2008-03-13",
        "last_session": "2008-05-07",
        "cik_available": 21,
        "cik_missing": 0,
        "evidence": {
          "no_strict_prior_positive_evidence": 21
        }
      },
      "GLFMQ": {
        "observations": 42,
        "first_session": "2008-03-20",
        "last_session": "2014-10-29",
        "cik_available": 0,
        "cik_missing": 42,
        "evidence": {
          "no_strict_prior_positive_evidence": 42
        }
      },
      "GNA": {
        "observations": 126,
        "first_session": "2008-03-24",
        "last_session": "2010-08-26",
        "cik_available": 0,
        "cik_missing": 126,
        "evidence": {
          "no_strict_prior_positive_evidence": 126
        }
      },
      "BPZRQ": {
        "observations": 107,
        "first_session": "2008-03-26",
        "last_session": "2008-10-14",
        "cik_available": 0,
        "cik_missing": 107,
        "evidence": {
          "no_strict_prior_positive_evidence": 107
        }
      },
      "NS": {
        "observations": 814,
        "first_session": "2008-04-07",
        "last_session": "2024-05-02",
        "cik_available": 814,
        "cik_missing": 0,
        "evidence": {
          "no_strict_prior_positive_evidence": 814
        }
      },
      "PIRRQ": {
        "observations": 1383,
        "first_session": "2008-04-10",
        "last_session": "2017-05-11",
        "cik_available": 0,
        "cik_missing": 1383,
        "evidence": {
          "no_strict_prior_positive_evidence": 1383
        }
      },
      "SQM": {
        "observations": 3666,
        "first_session": "2008-04-14",
        "last_session": "2026-07-31",
        "cik_available": 2303,
        "cik_missing": 1363,
        "evidence": {
          "no_strict_prior_positive_evidence": 3666
        }
      },
      "NVO": {
        "observations": 4125,
        "first_session": "2008-04-24",
        "last_session": "2026-07-31",
        "cik_available": 0,
        "cik_missing": 4125,
        "evidence": {
          "no_strict_prior_positive_evidence": 4125
        }
      },
      "PBT": {
        "observations": 3,
        "first_session": "2008-05-01",
        "last_session": "2008-05-05",
        "cik_available": 3,
        "cik_missing": 0,
        "evidence": {
          "no_strict_prior_positive_evidence": 3
        }
      },
      "FEEDQ": {
        "observations": 39,
        "first_session": "2008-05-05",
        "last_session": "2009-06-26",
        "cik_available": 0,
        "cik_missing": 39,
        "evidence": {
          "no_strict_prior_positive_evidence": 39
        }
      },
      "PCXCQ": {
        "observations": 990,
        "first_session": "2008-05-05",
        "last_session": "2012-07-06",
        "cik_available": 0,
        "cik_missing": 990,
        "evidence": {
          "no_strict_prior_positive_evidence": 990
        }
      },
      "GA": {
        "observations": 50,
        "first_session": "2008-05-06",
        "last_session": "2013-12-24",
        "cik_available": 0,
        "cik_missing": 50,
        "evidence": {
          "no_strict_prior_positive_evidence": 50
        }
      },
      "PWRD1": {
        "observations": 367,
        "first_session": "2008-05-09",
        "last_session": "2015-07-28",
        "cik_available": 0,
        "cik_missing": 367,
        "evidence": {
          "no_strict_prior_positive_evidence": 367
        }
      },
      "SDOCQ": {
        "observations": 1765,
        "first_session": "2008-05-09",
        "last_session": "2015-06-05",
        "cik_available": 0,
        "cik_missing": 1765,
        "evidence": {
          "no_strict_prior_positive_evidence": 1765
        }
      },
      "STAR1": {
        "observations": 214,
        "first_session": "2008-05-13",
        "last_session": "2009-12-17",
        "cik_available": 0,
        "cik_missing": 214,
        "evidence": {
          "no_strict_prior_positive_evidence": 214
        }
      },
      "SWIM2": {
        "observations": 30,
        "first_session": "2008-05-15",
        "last_session": "2009-02-12",
        "cik_available": 0,
        "cik_missing": 30,
        "evidence": {
          "no_strict_prior_positive_evidence": 30
        }
      },
      "PQUEQ": {
        "observations": 61,
        "first_session": "2008-06-09",
        "last_session": "2008-10-09",
        "cik_available": 0,
        "cik_missing": 61,
        "evidence": {
          "no_strict_prior_positive_evidence": 61
        }
      },
      "TWTI1": {
        "observations": 32,
        "first_session": "2008-06-09",
        "last_session": "2008-07-24",
        "cik_available": 0,
        "cik_missing": 32,
        "evidence": {
          "no_strict_prior_positive_evidence": 32
        }
      },
      "GMXRQ": {
        "observations": 143,
        "first_session": "2008-06-11",
        "last_session": "2011-03-04",
        "cik_available": 0,
        "cik_missing": 143,
        "evidence": {
          "no_strict_prior_positive_evidence": 143
        }
      },
      "ROC1": {
        "observations": 1141,
        "first_session": "2008-06-11",
        "last_session": "2015-01-12",
        "cik_available": 0,
        "cik_missing": 1141,
        "evidence": {
          "no_strict_prior_positive_evidence": 1141
        }
      },
      "BWP": {
        "observations": 427,
        "first_session": "2008-06-18",
        "last_session": "2018-07-17",
        "cik_available": 427,
        "cik_missing": 0,
        "evidence": {
          "no_strict_prior_positive_evidence": 427
        }
      },
      "APWR1": {
        "observations": 137,
        "first_session": "2008-06-20",
        "last_session": "2010-04-08",
        "cik_available": 0,
        "cik_missing": 137,
        "evidence": {
          "no_strict_prior_positive_evidence": 137
        }
      },
      "GTE": {
        "observations": 15,
        "first_session": "2008-06-27",
        "last_session": "2008-07-18",
        "cik_available": 15,
        "cik_missing": 0,
        "evidence": {
          "sec_positive_strict_prior_cik_mismatch": 15
        }
      },
      "APL": {
        "observations": 251,
        "first_session": "2008-07-01",
        "last_session": "2015-02-27",
        "cik_available": 251,
        "cik_missing": 0,
        "evidence": {
          "no_strict_prior_positive_evidence": 251
        }
      },
      "EGO": {
        "observations": 2856,
        "first_session": "2008-07-17",
        "last_session": "2026-07-31",
        "cik_available": 0,
        "cik_missing": 2856,
        "evidence": {
          "no_strict_prior_positive_evidence": 2856
        }
      },
      "AAN1": {
        "observations": 227,
        "first_session": "2008-07-22",
        "last_session": "2010-07-27",
        "cik_available": 0,
        "cik_missing": 227,
        "evidence": {
          "no_strict_prior_positive_evidence": 227
        }
      },
      "ES1": {
        "observations": 37,
        "first_session": "2008-07-25",
        "last_session": "2010-03-18",
        "cik_available": 0,
        "cik_missing": 37,
        "evidence": {
          "no_strict_prior_positive_evidence": 37
        }
      },
      "WCC": {
        "observations": 8,
        "first_session": "2008-07-25",
        "last_session": "2008-08-05",
        "cik_available": 8,
        "cik_missing": 0,
        "evidence": {
          "sec_positive_strict_prior_cik_mismatch": 8
        }
      },
      "CIR1": {
        "observations": 51,
        "first_session": "2008-07-30",
        "last_session": "2023-10-17",
        "cik_available": 0,
        "cik_missing": 51,
        "evidence": {
          "no_strict_prior_positive_evidence": 51
        }
      },
      "SOV": {
        "observations": 45,
        "first_session": "2008-07-30",
        "last_session": "2008-10-01",
        "cik_available": 45,
        "cik_missing": 0,
        "evidence": {
          "sec_positive_strict_prior_cik_mismatch": 45
        }
      },
      "ULTI1": {
        "observations": 1486,
        "first_session": "2008-07-30",
        "last_session": "2019-05-02",
        "cik_available": 0,
        "cik_missing": 1486,
        "evidence": {
          "no_strict_prior_positive_evidence": 1486
        }
      },
      "VISN1": {
        "observations": 17,
        "first_session": "2008-08-04",
        "last_session": "2008-08-26",
        "cik_available": 0,
        "cik_missing": 17,
        "evidence": {
          "no_strict_prior_positive_evidence": 17
        }
      },
      "THOR1": {
        "observations": 1363,
        "first_session": "2008-08-05",
        "last_session": "2015-10-07",
        "cik_available": 0,
        "cik_missing": 1363,
        "evidence": {
          "no_strict_prior_positive_evidence": 1363
        }
      },
      "LIHR": {
        "observations": 174,
        "first_session": "2008-09-19",
        "last_session": "2010-08-27",
        "cik_available": 0,
        "cik_missing": 174,
        "evidence": {
          "no_strict_prior_positive_evidence": 174
        }
      },
      "TPP": {
        "observations": 3,
        "first_session": "2008-09-29",
        "last_session": "2008-10-01",
        "cik_available": 3,
        "cik_missing": 0,
        "evidence": {
          "no_strict_prior_positive_evidence": 3
        }
      },
      "BTI": {
        "observations": 3637,
        "first_session": "2008-09-30",
        "last_session": "2026-07-31",
        "cik_available": 0,
        "cik_missing": 3637,
        "evidence": {
          "no_strict_prior_positive_evidence": 3637
        }
      },
      "NTTYY": {
        "observations": 186,
        "first_session": "2008-10-08",
        "last_session": "2017-04-06",
        "cik_available": 0,
        "cik_missing": 186,
        "evidence": {
          "no_strict_prior_positive_evidence": 186
        }
      },
      "NWG": {
        "observations": 547,
        "first_session": "2008-10-09",
        "last_session": "2026-07-31",
        "cik_available": 0,
        "cik_missing": 547,
        "evidence": {
          "no_strict_prior_positive_evidence": 547
        }
      },
      "TRP": {
        "observations": 3584,
        "first_session": "2008-10-09",
        "last_session": "2026-07-31",
        "cik_available": 0,
        "cik_missing": 3584,
        "evidence": {
          "no_strict_prior_positive_evidence": 3584
        }
      },
      "CCC1": {
        "observations": 106,
        "first_session": "2008-10-29",
        "last_session": "2018-03-08",
        "cik_available": 0,
        "cik_missing": 106,
        "evidence": {
          "no_strict_prior_positive_evidence": 106
        }
      },
      "TGT": {
        "observations": 17,
        "first_session": "2008-11-06",
        "last_session": "2008-12-01",
        "cik_available": 17,
        "cik_missing": 0,
        "evidence": {
          "sec_positive_strict_prior_cik_mismatch": 17
        }
      },
      "ATHN1": {
        "observations": 2206,
        "first_session": "2009-01-28",
        "last_session": "2019-02-11",
        "cik_available": 0,
        "cik_missing": 2206,
        "evidence": {
          "no_strict_prior_positive_evidence": 2206
        }
      },
      "IAG": {
        "observations": 2906,
        "first_session": "2009-02-03",
        "last_session": "2026-07-31",
        "cik_available": 106,
        "cik_missing": 2800,
        "evidence": {
          "no_strict_prior_positive_evidence": 2906
        }
      },
      "FLO": {
        "observations": 17,
        "first_session": "2009-02-17",
        "last_session": "2009-03-11",
        "cik_available": 17,
        "cik_missing": 0,
        "evidence": {
          "sec_positive_strict_prior_cik_mismatch": 17
        }
      },
      "BEAT1": {
        "observations": 312,
        "first_session": "2009-05-01",
        "last_session": "2021-02-08",
        "cik_available": 0,
        "cik_missing": 312,
        "evidence": {
          "no_strict_prior_positive_evidence": 312
        }
      },
      "OCNF": {
        "observations": 12,
        "first_session": "2009-05-19",
        "last_session": "2009-06-04",
        "cik_available": 0,
        "cik_missing": 12,
        "evidence": {
          "no_strict_prior_positive_evidence": 12
        }
      },
      "STEC1": {
        "observations": 567,
        "first_session": "2009-05-20",
        "last_session": "2011-08-26",
        "cik_available": 0,
        "cik_missing": 567,
        "evidence": {
          "no_strict_prior_positive_evidence": 567
        }
      },
      "LGFTY": {
        "observations": 230,
        "first_session": "2009-06-05",
        "last_session": "2011-05-16",
        "cik_available": 0,
        "cik_missing": 230,
        "evidence": {
          "no_strict_prior_positive_evidence": 230
        }
      },
      "NTG1": {
        "observations": 16,
        "first_session": "2009-06-08",
        "last_session": "2009-11-18",
        "cik_available": 0,
        "cik_missing": 16,
        "evidence": {
          "no_strict_prior_positive_evidence": 16
        }
      },
      "TCPTF": {
        "observations": 453,
        "first_session": "2009-06-11",
        "last_session": "2012-05-24",
        "cik_available": 0,
        "cik_missing": 453,
        "evidence": {
          "no_strict_prior_positive_evidence": 453
        }
      },
      "OKS": {
        "observations": 1143,
        "first_session": "2009-06-23",
        "last_session": "2017-06-30",
        "cik_available": 1143,
        "cik_missing": 0,
        "evidence": {
          "no_strict_prior_positive_evidence": 1143
        }
      },
      "VR2": {
        "observations": 1610,
        "first_session": "2009-06-26",
        "last_session": "2018-07-17",
        "cik_available": 0,
        "cik_missing": 1610,
        "evidence": {
          "no_strict_prior_positive_evidence": 1610
        }
      },
      "DB": {
        "observations": 4168,
        "first_session": "2009-07-06",
        "last_session": "2026-03-17",
        "cik_available": 4168,
        "cik_missing": 0,
        "evidence": {
          "sec_positive_strict_prior_cik_mismatch": 4168
        }
      },
      "ZNB": {
        "observations": 2455,
        "first_session": "2009-07-30",
        "last_session": "2025-10-15",
        "cik_available": 0,
        "cik_missing": 2455,
        "evidence": {
          "no_strict_prior_positive_evidence": 2455
        }
      },
      "BRFS": {
        "observations": 2109,
        "first_session": "2009-08-04",
        "last_session": "2025-07-17",
        "cik_available": 0,
        "cik_missing": 2109,
        "evidence": {
          "no_strict_prior_positive_evidence": 2109
        }
      },
      "AROC": {
        "observations": 682,
        "first_session": "2009-08-05",
        "last_session": "2015-10-21",
        "cik_available": 682,
        "cik_missing": 0,
        "evidence": {
          "sec_positive_strict_prior_cik_mismatch": 682
        }
      },
      "VG2": {
        "observations": 1119,
        "first_session": "2009-09-01",
        "last_session": "2022-07-20",
        "cik_available": 0,
        "cik_missing": 1119,
        "evidence": {
          "no_strict_prior_positive_evidence": 1119
        }
      },
      "VVUSQ": {
        "observations": 786,
        "first_session": "2009-09-09",
        "last_session": "2014-03-31",
        "cik_available": 0,
        "cik_missing": 786,
        "evidence": {
          "no_strict_prior_positive_evidence": 786
        }
      },
      "PER1": {
        "observations": 32,
        "first_session": "2009-09-21",
        "last_session": "2009-11-03",
        "cik_available": 0,
        "cik_missing": 32,
        "evidence": {
          "no_strict_prior_positive_evidence": 32
        }
      },
      "CYOU": {
        "observations": 56,
        "first_session": "2009-10-01",
        "last_session": "2017-06-15",
        "cik_available": 0,
        "cik_missing": 56,
        "evidence": {
          "no_strict_prior_positive_evidence": 56
        }
      },
      "ATLS2": {
        "observations": 278,
        "first_session": "2009-10-06",
        "last_session": "2011-02-17",
        "cik_available": 0,
        "cik_missing": 278,
        "evidence": {
          "no_strict_prior_positive_evidence": 278
        }
      },
      "CDVIQ": {
        "observations": 7,
        "first_session": "2009-10-06",
        "last_session": "2009-10-15",
        "cik_available": 0,
        "cik_missing": 7,
        "evidence": {
          "no_strict_prior_positive_evidence": 7
        }
      },
      "ASIA1": {
        "observations": 253,
        "first_session": "2009-10-15",
        "last_session": "2011-06-27",
        "cik_available": 0,
        "cik_missing": 253,
        "evidence": {
          "no_strict_prior_positive_evidence": 253
        }
      },
      "EBIXQ": {
        "observations": 293,
        "first_session": "2009-11-04",
        "last_session": "2022-04-05",
        "cik_available": 0,
        "cik_missing": 293,
        "evidence": {
          "no_strict_prior_positive_evidence": 293
        }
      },
      "AUQ": {
        "observations": 382,
        "first_session": "2009-11-16",
        "last_session": "2015-01-20",
        "cik_available": 0,
        "cik_missing": 382,
        "evidence": {
          "no_strict_prior_positive_evidence": 382
        }
      },
      "SWI1": {
        "observations": 1190,
        "first_session": "2009-11-17",
        "last_session": "2016-02-04",
        "cik_available": 0,
        "cik_missing": 1190,
        "evidence": {
          "no_strict_prior_positive_evidence": 1190
        }
      },
      "X": {
        "observations": 38,
        "first_session": "2009-11-20",
        "last_session": "2010-01-15",
        "cik_available": 38,
        "cik_missing": 0,
        "evidence": {
          "sec_positive_strict_prior_cik_mismatch": 38
        }
      },
      "ENFY": {
        "observations": 19,
        "first_session": "2009-12-02",
        "last_session": "2009-12-29",
        "cik_available": 0,
        "cik_missing": 19,
        "evidence": {
          "no_strict_prior_positive_evidence": 19
        }
      },
      "XEL": {
        "observations": 1,
        "first_session": "2009-12-14",
        "last_session": "2009-12-14",
        "cik_available": 1,
        "cik_missing": 0,
        "evidence": {
          "sec_positive_strict_prior_cik_mismatch": 1
        }
      },
      "FIF1": {
        "observations": 1,
        "first_session": "2009-12-21",
        "last_session": "2009-12-21",
        "cik_available": 0,
        "cik_missing": 1,
        "evidence": {
          "no_strict_prior_positive_evidence": 1
        }
      },
      "ATHXQ": {
        "observations": 20,
        "first_session": "2009-12-23",
        "last_session": "2020-04-29",
        "cik_available": 0,
        "cik_missing": 20,
        "evidence": {
          "no_strict_prior_positive_evidence": 20
        }
      },
      "ENIAY": {
        "observations": 95,
        "first_session": "2009-12-30",
        "last_session": "2022-06-17",
        "cik_available": 0,
        "cik_missing": 95,
        "evidence": {
          "no_strict_prior_positive_evidence": 95
        }
      },
      "CEQP": {
        "observations": 661,
        "first_session": "2010-01-20",
        "last_session": "2023-11-02",
        "cik_available": 184,
        "cik_missing": 477,
        "evidence": {
          "no_strict_prior_positive_evidence": 661
        }
      },
      "AXIA": {
        "observations": 278,
        "first_session": "2010-01-27",
        "last_session": "2026-07-31",
        "cik_available": 0,
        "cik_missing": 278,
        "evidence": {
          "no_strict_prior_positive_evidence": 278
        }
      },
      "WIT": {
        "observations": 394,
        "first_session": "2010-01-27",
        "last_session": "2026-07-29",
        "cik_available": 91,
        "cik_missing": 303,
        "evidence": {
          "no_strict_prior_positive_evidence": 394
        }
      },
      "ARMH1": {
        "observations": 1632,
        "first_session": "2010-01-28",
        "last_session": "2016-09-02",
        "cik_available": 0,
        "cik_missing": 1632,
        "evidence": {
          "no_strict_prior_positive_evidence": 1632
        }
      },
      "EPB": {
        "observations": 533,
        "first_session": "2010-02-04",
        "last_session": "2014-11-26",
        "cik_available": 533,
        "cik_missing": 0,
        "evidence": {
          "no_strict_prior_positive_evidence": 533
        }
      },
      "SKIL2": {
        "observations": 53,
        "first_session": "2010-02-12",
        "last_session": "2010-05-26",
        "cik_available": 0,
        "cik_missing": 53,
        "evidence": {
          "no_strict_prior_positive_evidence": 53
        }
      },
      "BNE1": {
        "observations": 20,
        "first_session": "2010-02-24",
        "last_session": "2010-03-23",
        "cik_available": 0,
        "cik_missing": 20,
        "evidence": {
          "no_strict_prior_positive_evidence": 20
        }
      },
      "NBGGY": {
        "observations": 212,
        "first_session": "2010-02-26",
        "last_session": "2015-07-23",
        "cik_available": 0,
        "cik_missing": 212,
        "evidence": {
          "no_strict_prior_positive_evidence": 212
        }
      },
      "FACT1": {
        "observations": 15,
        "first_session": "2010-03-10",
        "last_session": "2010-04-07",
        "cik_available": 0,
        "cik_missing": 15,
        "evidence": {
          "no_strict_prior_positive_evidence": 15
        }
      },
      "BZ2": {
        "observations": 137,
        "first_session": "2010-03-19",
        "last_session": "2013-10-24",
        "cik_available": 0,
        "cik_missing": 137,
        "evidence": {
          "no_strict_prior_positive_evidence": 137
        }
      },
      "AONEQ": {
        "observations": 157,
        "first_session": "2010-03-29",
        "last_session": "2011-05-20",
        "cik_available": 0,
        "cik_missing": 157,
        "evidence": {
          "no_strict_prior_positive_evidence": 157
        }
      },
      "GAME1": {
        "observations": 1,
        "first_session": "2010-03-29",
        "last_session": "2010-03-29",
        "cik_available": 0,
        "cik_missing": 1,
        "evidence": {
          "no_strict_prior_positive_evidence": 1
        }
      },
      "AIIXY": {
        "observations": 31,
        "first_session": "2010-04-05",
        "last_session": "2010-06-02",
        "cik_available": 0,
        "cik_missing": 31,
        "evidence": {
          "no_strict_prior_positive_evidence": 31
        }
      },
      "NDZ": {
        "observations": 23,
        "first_session": "2010-04-06",
        "last_session": "2014-04-28",
        "cik_available": 0,
        "cik_missing": 23,
        "evidence": {
          "no_strict_prior_positive_evidence": 23
        }
      },
      "DCP1": {
        "observations": 29,
        "first_session": "2010-04-12",
        "last_session": "2010-05-20",
        "cik_available": 0,
        "cik_missing": 29,
        "evidence": {
          "no_strict_prior_positive_evidence": 29
        }
      },
      "CZZ": {
        "observations": 305,
        "first_session": "2010-04-14",
        "last_session": "2021-03-05",
        "cik_available": 0,
        "cik_missing": 305,
        "evidence": {
          "no_strict_prior_positive_evidence": 305
        }
      },
      "WX1": {
        "observations": 288,
        "first_session": "2010-04-29",
        "last_session": "2015-12-10",
        "cik_available": 0,
        "cik_missing": 288,
        "evidence": {
          "no_strict_prior_positive_evidence": 288
        }
      },
      "SDRL1": {
        "observations": 1643,
        "first_session": "2010-05-03",
        "last_session": "2017-03-29",
        "cik_available": 0,
        "cik_missing": 1643,
        "evidence": {
          "no_strict_prior_positive_evidence": 1643
        }
      },
      "PWER1": {
        "observations": 309,
        "first_session": "2010-05-05",
        "last_session": "2013-05-17",
        "cik_available": 0,
        "cik_missing": 309,
        "evidence": {
          "no_strict_prior_positive_evidence": 309
        }
      },
      "VIT": {
        "observations": 133,
        "first_session": "2010-05-06",
        "last_session": "2011-09-13",
        "cik_available": 0,
        "cik_missing": 133,
        "evidence": {
          "no_strict_prior_positive_evidence": 133
        }
      },
      "NGD": {
        "observations": 1519,
        "first_session": "2010-05-07",
        "last_session": "2026-03-23",
        "cik_available": 0,
        "cik_missing": 1519,
        "evidence": {
          "no_strict_prior_positive_evidence": 1519
        }
      },
      "CPNO": {
        "observations": 88,
        "first_session": "2010-05-12",
        "last_session": "2013-04-30",
        "cik_available": 88,
        "cik_missing": 0,
        "evidence": {
          "no_strict_prior_positive_evidence": 88
        }
      },
      "SXE1": {
        "observations": 14,
        "first_session": "2010-05-17",
        "last_session": "2010-06-07",
        "cik_available": 0,
        "cik_missing": 14,
        "evidence": {
          "no_strict_prior_positive_evidence": 14
        }
      },
      "CVE": {
        "observations": 4034,
        "first_session": "2010-05-20",
        "last_session": "2026-07-31",
        "cik_available": 0,
        "cik_missing": 4034,
        "evidence": {
          "no_strict_prior_positive_evidence": 4034
        }
      },
      "SA": {
        "observations": 215,
        "first_session": "2010-05-20",
        "last_session": "2026-07-10",
        "cik_available": 0,
        "cik_missing": 215,
        "evidence": {
          "no_strict_prior_positive_evidence": 215
        }
      },
      "ANVGQ": {
        "observations": 753,
        "first_session": "2010-05-21",
        "last_session": "2014-04-17",
        "cik_available": 0,
        "cik_missing": 753,
        "evidence": {
          "no_strict_prior_positive_evidence": 753
        }
      },
      "MMP": {
        "observations": 2846,
        "first_session": "2010-05-24",
        "last_session": "2023-09-22",
        "cik_available": 2846,
        "cik_missing": 0,
        "evidence": {
          "no_strict_prior_positive_evidence": 2846
        }
      },
      "RDY": {
        "observations": 493,
        "first_session": "2010-06-10",
        "last_session": "2026-07-31",
        "cik_available": 90,
        "cik_missing": 403,
        "evidence": {
          "no_strict_prior_positive_evidence": 493
        }
      },
      "HGGGQ": {
        "observations": 8,
        "first_session": "2010-06-15",
        "last_session": "2010-06-24",
        "cik_available": 0,
        "cik_missing": 8,
        "evidence": {
          "no_strict_prior_positive_evidence": 8
        }
      },
      "NGG": {
        "observations": 3668,
        "first_session": "2010-07-08",
        "last_session": "2026-07-31",
        "cik_available": 0,
        "cik_missing": 3668,
        "evidence": {
          "no_strict_prior_positive_evidence": 3668
        }
      },
      "ATAC1": {
        "observations": 17,
        "first_session": "2010-07-21",
        "last_session": "2010-08-13",
        "cik_available": 0,
        "cik_missing": 17,
        "evidence": {
          "no_strict_prior_positive_evidence": 17
        }
      },
      "PAR1": {
        "observations": 29,
        "first_session": "2010-08-16",
        "last_session": "2010-09-24",
        "cik_available": 0,
        "cik_missing": 29,
        "evidence": {
          "no_strict_prior_positive_evidence": 29
        }
      },
      "GTATQ": {
        "observations": 717,
        "first_session": "2010-08-24",
        "last_session": "2014-10-09",
        "cik_available": 0,
        "cik_missing": 717,
        "evidence": {
          "no_strict_prior_positive_evidence": 717
        }
      },
      "OPITQ": {
        "observations": 204,
        "first_session": "2010-08-26",
        "last_session": "2019-01-31",
        "cik_available": 0,
        "cik_missing": 204,
        "evidence": {
          "no_strict_prior_positive_evidence": 204
        }
      },
      "RGP1": {
        "observations": 349,
        "first_session": "2010-08-26",
        "last_session": "2015-04-29",
        "cik_available": 0,
        "cik_missing": 349,
        "evidence": {
          "no_strict_prior_positive_evidence": 349
        }
      },
      "COGT1": {
        "observations": 41,
        "first_session": "2010-09-02",
        "last_session": "2010-11-02",
        "cik_available": 0,
        "cik_missing": 41,
        "evidence": {
          "no_strict_prior_positive_evidence": 41
        }
      },
      "ZGEN1": {
        "observations": 22,
        "first_session": "2010-09-08",
        "last_session": "2010-10-08",
        "cik_available": 0,
        "cik_missing": 22,
        "evidence": {
          "no_strict_prior_positive_evidence": 22
        }
      },
      "OPEN3": {
        "observations": 938,
        "first_session": "2010-09-16",
        "last_session": "2014-07-23",
        "cik_available": 0,
        "cik_missing": 938,
        "evidence": {
          "no_strict_prior_positive_evidence": 938
        }
      },
      "ENTR1": {
        "observations": 196,
        "first_session": "2010-09-30",
        "last_session": "2011-08-23",
        "cik_available": 0,
        "cik_missing": 196,
        "evidence": {
          "no_strict_prior_positive_evidence": 196
        }
      },
      "MSB": {
        "observations": 38,
        "first_session": "2010-10-21",
        "last_session": "2011-02-03",
        "cik_available": 38,
        "cik_missing": 0,
        "evidence": {
          "no_strict_prior_positive_evidence": 38
        }
      },
      "LYB.B": {
        "observations": 14,
        "first_session": "2010-11-05",
        "last_session": "2010-12-01",
        "cik_available": 0,
        "cik_missing": 14,
        "evidence": {
          "no_strict_prior_positive_evidence": 14
        }
      },
      "EGIOQ": {
        "observations": 152,
        "first_session": "2010-11-09",
        "last_session": "2021-03-12",
        "cik_available": 0,
        "cik_missing": 152,
        "evidence": {
          "no_strict_prior_positive_evidence": 152
        }
      },
      "SPRD": {
        "observations": 433,
        "first_session": "2010-11-09",
        "last_session": "2013-12-16",
        "cik_available": 0,
        "cik_missing": 433,
        "evidence": {
          "no_strict_prior_positive_evidence": 433
        }
      },
      "ROSEQ": {
        "observations": 1126,
        "first_session": "2010-11-10",
        "last_session": "2015-06-12",
        "cik_available": 0,
        "cik_missing": 1126,
        "evidence": {
          "no_strict_prior_positive_evidence": 1126
        }
      },
      "AIFU": {
        "observations": 28,
        "first_session": "2010-11-23",
        "last_session": "2011-01-04",
        "cik_available": 0,
        "cik_missing": 28,
        "evidence": {
          "no_strict_prior_positive_evidence": 28
        }
      },
      "OREXQ": {
        "observations": 210,
        "first_session": "2010-12-08",
        "last_session": "2015-05-29",
        "cik_available": 0,
        "cik_missing": 210,
        "evidence": {
          "no_strict_prior_positive_evidence": 210
        }
      },
      "CLDPQ": {
        "observations": 386,
        "first_session": "2010-12-16",
        "last_session": "2016-11-28",
        "cik_available": 0,
        "cik_missing": 386,
        "evidence": {
          "no_strict_prior_positive_evidence": 386
        }
      },
      "APSG1": {
        "observations": 14,
        "first_session": "2010-12-20",
        "last_session": "2011-01-18",
        "cik_available": 0,
        "cik_missing": 14,
        "evidence": {
          "no_strict_prior_positive_evidence": 14
        }
      },
      "OASPQ": {
        "observations": 2295,
        "first_session": "2010-12-22",
        "last_session": "2020-06-18",
        "cik_available": 0,
        "cik_missing": 2295,
        "evidence": {
          "no_strict_prior_positive_evidence": 2295
        }
      },
      "CSHZ": {
        "observations": 34,
        "first_session": "2010-12-29",
        "last_session": "2011-02-15",
        "cik_available": 0,
        "cik_missing": 34,
        "evidence": {
          "no_strict_prior_positive_evidence": 34
        }
      },
      "MCPIQ": {
        "observations": 820,
        "first_session": "2011-01-27",
        "last_session": "2014-06-05",
        "cik_available": 0,
        "cik_missing": 820,
        "evidence": {
          "no_strict_prior_positive_evidence": 820
        }
      },
      "SNN": {
        "observations": 1653,
        "first_session": "2011-01-27",
        "last_session": "2026-07-31",
        "cik_available": 0,
        "cik_missing": 1653,
        "evidence": {
          "no_strict_prior_positive_evidence": 1653
        }
      },
      "BPL": {
        "observations": 1808,
        "first_session": "2011-01-28",
        "last_session": "2019-10-31",
        "cik_available": 1808,
        "cik_missing": 0,
        "evidence": {
          "no_strict_prior_positive_evidence": 1808
        }
      },
      "FRG2": {
        "observations": 27,
        "first_session": "2011-02-03",
        "last_session": "2011-03-14",
        "cik_available": 0,
        "cik_missing": 27,
        "evidence": {
          "no_strict_prior_positive_evidence": 27
        }
      },
      "NAK": {
        "observations": 151,
        "first_session": "2011-02-10",
        "last_session": "2026-03-04",
        "cik_available": 0,
        "cik_missing": 151,
        "evidence": {
          "no_strict_prior_positive_evidence": 151
        }
      },
      "BKI1": {
        "observations": 38,
        "first_session": "2011-02-23",
        "last_session": "2013-06-14",
        "cik_available": 0,
        "cik_missing": 38,
        "evidence": {
          "no_strict_prior_positive_evidence": 38
        }
      },
      "ATLS1": {
        "observations": 242,
        "first_session": "2011-02-24",
        "last_session": "2015-02-26",
        "cik_available": 0,
        "cik_missing": 242,
        "evidence": {
          "no_strict_prior_positive_evidence": 242
        }
      },
      "ACOM2": {
        "observations": 328,
        "first_session": "2011-02-28",
        "last_session": "2012-12-28",
        "cik_available": 0,
        "cik_missing": 328,
        "evidence": {
          "no_strict_prior_positive_evidence": 328
        }
      },
      "EXK": {
        "observations": 864,
        "first_session": "2011-03-07",
        "last_session": "2026-07-31",
        "cik_available": 0,
        "cik_missing": 864,
        "evidence": {
          "no_strict_prior_positive_evidence": 864
        }
      },
      "GSM1": {
        "observations": 58,
        "first_session": "2011-03-07",
        "last_session": "2011-09-06",
        "cik_available": 0,
        "cik_missing": 58,
        "evidence": {
          "no_strict_prior_positive_evidence": 58
        }
      },
      "VRUS1": {
        "observations": 217,
        "first_session": "2011-03-08",
        "last_session": "2012-01-17",
        "cik_available": 0,
        "cik_missing": 217,
        "evidence": {
          "no_strict_prior_positive_evidence": 217
        }
      },
      "CEIN": {
        "observations": 120,
        "first_session": "2011-03-09",
        "last_session": "2022-04-20",
        "cik_available": 0,
        "cik_missing": 120,
        "evidence": {
          "no_strict_prior_positive_evidence": 120
        }
      },
      "GPORQ": {
        "observations": 2039,
        "first_session": "2011-03-14",
        "last_session": "2019-08-13",
        "cik_available": 0,
        "cik_missing": 2039,
        "evidence": {
          "no_strict_prior_positive_evidence": 2039
        }
      },
      "IRM": {
        "observations": 17,
        "first_session": "2011-03-16",
        "last_session": "2011-04-07",
        "cik_available": 17,
        "cik_missing": 0,
        "evidence": {
          "sec_positive_strict_prior_cik_mismatch": 17
        }
      },
      "GPLDF": {
        "observations": 11,
        "first_session": "2011-03-17",
        "last_session": "2011-03-31",
        "cik_available": 0,
        "cik_missing": 11,
        "evidence": {
          "no_strict_prior_positive_evidence": 11
        }
      },
      "EVEPQ": {
        "observations": 270,
        "first_session": "2011-03-18",
        "last_session": "2013-06-07",
        "cik_available": 0,
        "cik_missing": 270,
        "evidence": {
          "no_strict_prior_positive_evidence": 270
        }
      },
      "RCPIQ": {
        "observations": 26,
        "first_session": "2011-03-22",
        "last_session": "2011-04-27",
        "cik_available": 0,
        "cik_missing": 26,
        "evidence": {
          "no_strict_prior_positive_evidence": 26
        }
      },
      "TAL1": {
        "observations": 162,
        "first_session": "2011-04-11",
        "last_session": "2014-05-14",
        "cik_available": 0,
        "cik_missing": 162,
        "evidence": {
          "no_strict_prior_positive_evidence": 162
        }
      },
      "SEMG1": {
        "observations": 1134,
        "first_session": "2011-04-18",
        "last_session": "2019-12-04",
        "cik_available": 0,
        "cik_missing": 1134,
        "evidence": {
          "no_strict_prior_positive_evidence": 1134
        }
      },
      "OCZTQ": {
        "observations": 97,
        "first_session": "2011-04-20",
        "last_session": "2012-10-03",
        "cik_available": 0,
        "cik_missing": 97,
        "evidence": {
          "no_strict_prior_positive_evidence": 97
        }
      },
      "REDFY": {
        "observations": 32,
        "first_session": "2011-04-26",
        "last_session": "2011-06-09",
        "cik_available": 0,
        "cik_missing": 32,
        "evidence": {
          "no_strict_prior_positive_evidence": 32
        }
      },
      "SIFY": {
        "observations": 23,
        "first_session": "2011-04-28",
        "last_session": "2011-05-31",
        "cik_available": 0,
        "cik_missing": 23,
        "evidence": {
          "no_strict_prior_positive_evidence": 23
        }
      },
      "TRAD1": {
        "observations": 8,
        "first_session": "2011-04-28",
        "last_session": "2011-05-19",
        "cik_available": 0,
        "cik_missing": 8,
        "evidence": {
          "no_strict_prior_positive_evidence": 8
        }
      },
      "BASXQ": {
        "observations": 669,
        "first_session": "2011-04-29",
        "last_session": "2017-05-12",
        "cik_available": 0,
        "cik_missing": 669,
        "evidence": {
          "no_strict_prior_positive_evidence": 669
        }
      },
      "SODA": {
        "observations": 1084,
        "first_session": "2011-05-05",
        "last_session": "2018-12-04",
        "cik_available": 0,
        "cik_missing": 1084,
        "evidence": {
          "no_strict_prior_positive_evidence": 1084
        }
      },
      "BTE": {
        "observations": 849,
        "first_session": "2011-05-16",
        "last_session": "2026-07-31",
        "cik_available": 0,
        "cik_missing": 849,
        "evidence": {
          "no_strict_prior_positive_evidence": 849
        }
      },
      "TCP": {
        "observations": 109,
        "first_session": "2011-05-16",
        "last_session": "2021-03-02",
        "cik_available": 102,
        "cik_missing": 7,
        "evidence": {
          "no_strict_prior_positive_evidence": 109
        }
      },
      "MAKO1": {
        "observations": 398,
        "first_session": "2011-05-18",
        "last_session": "2013-12-16",
        "cik_available": 0,
        "cik_missing": 398,
        "evidence": {
          "no_strict_prior_positive_evidence": 398
        }
      },
      "LOOP1": {
        "observations": 5,
        "first_session": "2011-05-19",
        "last_session": "2011-05-25",
        "cik_available": 0,
        "cik_missing": 5,
        "evidence": {
          "no_strict_prior_positive_evidence": 5
        }
      },
      "TLVTF": {
        "observations": 19,
        "first_session": "2011-06-01",
        "last_session": "2011-07-01",
        "cik_available": 0,
        "cik_missing": 19,
        "evidence": {
          "no_strict_prior_positive_evidence": 19
        }
      },
      "DANG": {
        "observations": 432,
        "first_session": "2011-06-09",
        "last_session": "2015-08-03",
        "cik_available": 0,
        "cik_missing": 432,
        "evidence": {
          "no_strict_prior_positive_evidence": 432
        }
      },
      "YOKU": {
        "observations": 1180,
        "first_session": "2011-06-09",
        "last_session": "2016-04-05",
        "cik_available": 0,
        "cik_missing": 1180,
        "evidence": {
          "no_strict_prior_positive_evidence": 1180
        }
      },
      "MMI1": {
        "observations": 230,
        "first_session": "2011-06-23",
        "last_session": "2012-05-21",
        "cik_available": 0,
        "cik_missing": 230,
        "evidence": {
          "no_strict_prior_positive_evidence": 230
        }
      },
      "FRCB": {
        "observations": 2769,
        "first_session": "2011-06-24",
        "last_session": "2023-05-01",
        "cik_available": 0,
        "cik_missing": 2769,
        "evidence": {
          "no_strict_prior_positive_evidence": 2769
        }
      },
      "APAC1": {
        "observations": 7,
        "first_session": "2011-07-13",
        "last_session": "2011-07-29",
        "cik_available": 0,
        "cik_missing": 7,
        "evidence": {
          "no_strict_prior_positive_evidence": 7
        }
      },
      "LLFLQ": {
        "observations": 1358,
        "first_session": "2011-07-13",
        "last_session": "2020-11-30",
        "cik_available": 0,
        "cik_missing": 1358,
        "evidence": {
          "no_strict_prior_positive_evidence": 1358
        }
      },
      "AMN1": {
        "observations": 57,
        "first_session": "2011-07-15",
        "last_session": "2011-10-05",
        "cik_available": 0,
        "cik_missing": 57,
        "evidence": {
          "no_strict_prior_positive_evidence": 57
        }
      },
      "SFN1": {
        "observations": 32,
        "first_session": "2011-07-21",
        "last_session": "2011-09-02",
        "cik_available": 0,
        "cik_missing": 32,
        "evidence": {
          "no_strict_prior_positive_evidence": 32
        }
      },
      "BAC": {
        "observations": 7,
        "first_session": "2011-07-22",
        "last_session": "2011-08-01",
        "cik_available": 7,
        "cik_missing": 0,
        "evidence": {
          "sec_positive_strict_prior_cik_mismatch": 7
        }
      },
      "PESXQ": {
        "observations": 12,
        "first_session": "2011-07-27",
        "last_session": "2011-08-11",
        "cik_available": 0,
        "cik_missing": 12,
        "evidence": {
          "no_strict_prior_positive_evidence": 12
        }
      },
      "ZVOI": {
        "observations": 18,
        "first_session": "2011-07-27",
        "last_session": "2011-08-19",
        "cik_available": 0,
        "cik_missing": 18,
        "evidence": {
          "no_strict_prior_positive_evidence": 18
        }
      },
      "MWE": {
        "observations": 1057,
        "first_session": "2011-07-28",
        "last_session": "2015-12-03",
        "cik_available": 1057,
        "cik_missing": 0,
        "evidence": {
          "no_strict_prior_positive_evidence": 1057
        }
      },
      "ELP": {
        "observations": 21,
        "first_session": "2011-08-05",
        "last_session": "2021-04-20",
        "cik_available": 0,
        "cik_missing": 21,
        "evidence": {
          "no_strict_prior_positive_evidence": 21
        }
      },
      "EM1": {
        "observations": 18,
        "first_session": "2011-08-09",
        "last_session": "2011-09-01",
        "cik_available": 0,
        "cik_missing": 18,
        "evidence": {
          "no_strict_prior_positive_evidence": 18
        }
      },
      "NXG1": {
        "observations": 23,
        "first_session": "2011-09-06",
        "last_session": "2011-10-06",
        "cik_available": 0,
        "cik_missing": 23,
        "evidence": {
          "no_strict_prior_positive_evidence": 23
        }
      },
      "EE1": {
        "observations": 160,
        "first_session": "2011-09-29",
        "last_session": "2020-07-28",
        "cik_available": 0,
        "cik_missing": 160,
        "evidence": {
          "no_strict_prior_positive_evidence": 160
        }
      },
      "REXXQ": {
        "observations": 49,
        "first_session": "2011-10-04",
        "last_session": "2014-12-29",
        "cik_available": 0,
        "cik_missing": 49,
        "evidence": {
          "no_strict_prior_positive_evidence": 49
        }
      },
      "QIHU": {
        "observations": 1126,
        "first_session": "2011-11-08",
        "last_session": "2016-07-15",
        "cik_available": 0,
        "cik_missing": 1126,
        "evidence": {
          "no_strict_prior_positive_evidence": 1126
        }
      },
      "OPNT1": {
        "observations": 11,
        "first_session": "2011-11-11",
        "last_session": "2012-11-28",
        "cik_available": 0,
        "cik_missing": 11,
        "evidence": {
          "no_strict_prior_positive_evidence": 11
        }
      },
      "NBIS": {
        "observations": 2989,
        "first_session": "2011-11-21",
        "last_session": "2026-07-31",
        "cik_available": 93,
        "cik_missing": 2896,
        "evidence": {
          "no_strict_prior_positive_evidence": 2989
        }
      },
      "PVR": {
        "observations": 54,
        "first_session": "2011-12-13",
        "last_session": "2013-11-06",
        "cik_available": 54,
        "cik_missing": 0,
        "evidence": {
          "no_strict_prior_positive_evidence": 54
        }
      },
      "SONO1": {
        "observations": 17,
        "first_session": "2011-12-15",
        "last_session": "2012-01-13",
        "cik_available": 0,
        "cik_missing": 17,
        "evidence": {
          "no_strict_prior_positive_evidence": 17
        }
      },
      "RRR1": {
        "observations": 92,
        "first_session": "2011-12-16",
        "last_session": "2012-04-30",
        "cik_available": 0,
        "cik_missing": 92,
        "evidence": {
          "no_strict_prior_positive_evidence": 92
        }
      },
      "ST": {
        "observations": 28,
        "first_session": "2011-12-27",
        "last_session": "2012-02-07",
        "cik_available": 28,
        "cik_missing": 0,
        "evidence": {
          "sec_positive_strict_prior_cik_mismatch": 28
        }
      },
      "MITI1": {
        "observations": 29,
        "first_session": "2012-01-26",
        "last_session": "2012-03-07",
        "cik_available": 0,
        "cik_missing": 29,
        "evidence": {
          "no_strict_prior_positive_evidence": 29
        }
      },
      "P1": {
        "observations": 1758,
        "first_session": "2012-01-27",
        "last_session": "2019-01-31",
        "cik_available": 0,
        "cik_missing": 1758,
        "evidence": {
          "no_strict_prior_positive_evidence": 1758
        }
      },
      "CJESQ": {
        "observations": 405,
        "first_session": "2012-01-30",
        "last_session": "2015-09-03",
        "cik_available": 0,
        "cik_missing": 405,
        "evidence": {
          "no_strict_prior_positive_evidence": 405
        }
      },
      "MFN": {
        "observations": 11,
        "first_session": "2012-02-03",
        "last_session": "2012-02-17",
        "cik_available": 0,
        "cik_missing": 11,
        "evidence": {
          "no_strict_prior_positive_evidence": 11
        }
      },
      "IRBTQ": {
        "observations": 1940,
        "first_session": "2012-02-09",
        "last_session": "2025-12-15",
        "cik_available": 0,
        "cik_missing": 1940,
        "evidence": {
          "no_strict_prior_positive_evidence": 1940
        }
      },
      "WPZ": {
        "observations": 1228,
        "first_session": "2012-02-10",
        "last_session": "2018-08-09",
        "cik_available": 1228,
        "cik_missing": 0,
        "evidence": {
          "no_strict_prior_positive_evidence": 1228
        }
      },
      "NSLR": {
        "observations": 25,
        "first_session": "2012-02-13",
        "last_session": "2012-06-06",
        "cik_available": 0,
        "cik_missing": 25,
        "evidence": {
          "no_strict_prior_positive_evidence": 25
        }
      },
      "AKRXQ": {
        "observations": 1256,
        "first_session": "2012-02-21",
        "last_session": "2019-01-04",
        "cik_available": 0,
        "cik_missing": 1256,
        "evidence": {
          "no_strict_prior_positive_evidence": 1256
        }
      },
      "TUDO": {
        "observations": 15,
        "first_session": "2012-03-15",
        "last_session": "2012-04-04",
        "cik_available": 0,
        "cik_missing": 15,
        "evidence": {
          "no_strict_prior_positive_evidence": 15
        }
      },
      "APU": {
        "observations": 156,
        "first_session": "2012-03-21",
        "last_session": "2019-08-21",
        "cik_available": 156,
        "cik_missing": 0,
        "evidence": {
          "no_strict_prior_positive_evidence": 156
        }
      },
      "MAPP1": {
        "observations": 38,
        "first_session": "2012-03-29",
        "last_session": "2013-03-01",
        "cik_available": 0,
        "cik_missing": 38,
        "evidence": {
          "no_strict_prior_positive_evidence": 38
        }
      },
      "FRANQ": {
        "observations": 560,
        "first_session": "2012-04-18",
        "last_session": "2020-07-29",
        "cik_available": 0,
        "cik_missing": 560,
        "evidence": {
          "no_strict_prior_positive_evidence": 560
        }
      },
      "QRE": {
        "observations": 15,
        "first_session": "2012-04-18",
        "last_session": "2012-05-09",
        "cik_available": 15,
        "cik_missing": 0,
        "evidence": {
          "no_strict_prior_positive_evidence": 15
        }
      },
      "GRFS": {
        "observations": 812,
        "first_session": "2012-04-24",
        "last_session": "2024-03-27",
        "cik_available": 0,
        "cik_missing": 812,
        "evidence": {
          "no_strict_prior_positive_evidence": 812
        }
      },
      "NTRS": {
        "observations": 6,
        "first_session": "2012-04-24",
        "last_session": "2012-05-01",
        "cik_available": 6,
        "cik_missing": 0,
        "evidence": {
          "sec_positive_strict_prior_cik_mismatch": 6
        }
      },
      "ZG": {
        "observations": 3025,
        "first_session": "2012-05-07",
        "last_session": "2026-07-31",
        "cik_available": 0,
        "cik_missing": 3025,
        "evidence": {
          "no_strict_prior_positive_evidence": 3025
        }
      },
      "INVN2": {
        "observations": 732,
        "first_session": "2012-05-18",
        "last_session": "2017-05-17",
        "cik_available": 0,
        "cik_missing": 732,
        "evidence": {
          "no_strict_prior_positive_evidence": 732
        }
      },
      "VELTF": {
        "observations": 6,
        "first_session": "2012-05-23",
        "last_session": "2012-06-04",
        "cik_available": 0,
        "cik_missing": 6,
        "evidence": {
          "no_strict_prior_positive_evidence": 6
        }
      },
      "ROSGQ": {
        "observations": 16,
        "first_session": "2012-05-29",
        "last_session": "2012-06-21",
        "cik_available": 0,
        "cik_missing": 16,
        "evidence": {
          "no_strict_prior_positive_evidence": 16
        }
      },
      "KOF": {
        "observations": 191,
        "first_session": "2012-06-04",
        "last_session": "2026-03-23",
        "cik_available": 5,
        "cik_missing": 186,
        "evidence": {
          "no_strict_prior_positive_evidence": 191
        }
      },
      "WES2": {
        "observations": 755,
        "first_session": "2012-06-19",
        "last_session": "2019-02-27",
        "cik_available": 0,
        "cik_missing": 755,
        "evidence": {
          "no_strict_prior_positive_evidence": 755
        }
      },
      "ELTTY": {
        "observations": 30,
        "first_session": "2012-06-29",
        "last_session": "2012-08-10",
        "cik_available": 0,
        "cik_missing": 30,
        "evidence": {
          "no_strict_prior_positive_evidence": 30
        }
      },
      "MODL1": {
        "observations": 20,
        "first_session": "2012-07-12",
        "last_session": "2012-08-10",
        "cik_available": 0,
        "cik_missing": 20,
        "evidence": {
          "no_strict_prior_positive_evidence": 20
        }
      },
      "TMH1": {
        "observations": 905,
        "first_session": "2012-07-24",
        "last_session": "2017-02-03",
        "cik_available": 0,
        "cik_missing": 905,
        "evidence": {
          "no_strict_prior_positive_evidence": 905
        }
      },
      "RA2": {
        "observations": 13,
        "first_session": "2012-07-27",
        "last_session": "2012-08-15",
        "cik_available": 0,
        "cik_missing": 13,
        "evidence": {
          "no_strict_prior_positive_evidence": 13
        }
      },
      "EZCH": {
        "observations": 47,
        "first_session": "2012-08-13",
        "last_session": "2015-10-27",
        "cik_available": 0,
        "cik_missing": 47,
        "evidence": {
          "no_strict_prior_positive_evidence": 47
        }
      },
      "SPH": {
        "observations": 27,
        "first_session": "2012-08-14",
        "last_session": "2024-01-16",
        "cik_available": 27,
        "cik_missing": 0,
        "evidence": {
          "no_strict_prior_positive_evidence": 27
        }
      },
      "ARCT1": {
        "observations": 98,
        "first_session": "2012-08-29",
        "last_session": "2013-01-22",
        "cik_available": 0,
        "cik_missing": 98,
        "evidence": {
          "no_strict_prior_positive_evidence": 98
        }
      },
      "BBEPQ": {
        "observations": 192,
        "first_session": "2012-09-12",
        "last_session": "2015-03-11",
        "cik_available": 0,
        "cik_missing": 192,
        "evidence": {
          "no_strict_prior_positive_evidence": 192
        }
      },
      "VNRSQ": {
        "observations": 102,
        "first_session": "2012-09-18",
        "last_session": "2015-01-15",
        "cik_available": 0,
        "cik_missing": 102,
        "evidence": {
          "no_strict_prior_positive_evidence": 102
        }
      },
      "DOLE1": {
        "observations": 75,
        "first_session": "2012-09-24",
        "last_session": "2013-11-01",
        "cik_available": 0,
        "cik_missing": 75,
        "evidence": {
          "no_strict_prior_positive_evidence": 75
        }
      },
      "FNV": {
        "observations": 3283,
        "first_session": "2012-09-24",
        "last_session": "2026-07-31",
        "cik_available": 0,
        "cik_missing": 3283,
        "evidence": {
          "no_strict_prior_positive_evidence": 3283
        }
      },
      "TGH": {
        "observations": 145,
        "first_session": "2012-10-03",
        "last_session": "2024-03-13",
        "cik_available": 0,
        "cik_missing": 145,
        "evidence": {
          "no_strict_prior_positive_evidence": 145
        }
      },
      "HLSSF": {
        "observations": 168,
        "first_session": "2012-12-19",
        "last_session": "2015-04-27",
        "cik_available": 0,
        "cik_missing": 168,
        "evidence": {
          "no_strict_prior_positive_evidence": 168
        }
      },
      "CONNQ": {
        "observations": 720,
        "first_session": "2013-01-07",
        "last_session": "2020-01-09",
        "cik_available": 0,
        "cik_missing": 720,
        "evidence": {
          "no_strict_prior_positive_evidence": 720
        }
      },
      "ANDX": {
        "observations": 836,
        "first_session": "2013-01-09",
        "last_session": "2019-07-29",
        "cik_available": 390,
        "cik_missing": 446,
        "evidence": {
          "no_strict_prior_positive_evidence": 836
        }
      },
      "CLNY1": {
        "observations": 637,
        "first_session": "2013-01-15",
        "last_session": "2017-01-10",
        "cik_available": 0,
        "cik_missing": 637,
        "evidence": {
          "no_strict_prior_positive_evidence": 637
        }
      },
      "ZIP1": {
        "observations": 6,
        "first_session": "2013-01-18",
        "last_session": "2013-01-29",
        "cik_available": 0,
        "cik_missing": 6,
        "evidence": {
          "no_strict_prior_positive_evidence": 6
        }
      },
      "NTI": {
        "observations": 292,
        "first_session": "2013-01-29",
        "last_session": "2016-05-23",
        "cik_available": 292,
        "cik_missing": 0,
        "evidence": {
          "sec_positive_strict_prior_cik_mismatch": 292
        }
      },
      "LVNTA": {
        "observations": 1227,
        "first_session": "2013-02-13",
        "last_session": "2018-03-09",
        "cik_available": 0,
        "cik_missing": 1227,
        "evidence": {
          "no_strict_prior_positive_evidence": 1227
        }
      },
      "AWAY1": {
        "observations": 710,
        "first_session": "2013-02-21",
        "last_session": "2015-12-14",
        "cik_available": 0,
        "cik_missing": 710,
        "evidence": {
          "no_strict_prior_positive_evidence": 710
        }
      },
      "CZR2": {
        "observations": 1039,
        "first_session": "2013-02-26",
        "last_session": "2020-07-20",
        "cik_available": 0,
        "cik_missing": 1039,
        "evidence": {
          "no_strict_prior_positive_evidence": 1039
        }
      },
      "EEQ": {
        "observations": 42,
        "first_session": "2013-03-01",
        "last_session": "2018-12-19",
        "cik_available": 42,
        "cik_missing": 0,
        "evidence": {
          "no_strict_prior_positive_evidence": 42
        }
      },
      "EVER1": {
        "observations": 91,
        "first_session": "2013-03-12",
        "last_session": "2016-12-22",
        "cik_available": 0,
        "cik_missing": 91,
        "evidence": {
          "no_strict_prior_positive_evidence": 91
        }
      },
      "BLOX1": {
        "observations": 370,
        "first_session": "2013-03-15",
        "last_session": "2016-11-04",
        "cik_available": 0,
        "cik_missing": 370,
        "evidence": {
          "no_strict_prior_positive_evidence": 370
        }
      },
      "ETP": {
        "observations": 1070,
        "first_session": "2013-03-15",
        "last_session": "2018-10-18",
        "cik_available": 1070,
        "cik_missing": 0,
        "evidence": {
          "no_strict_prior_positive_evidence": 1070
        }
      },
      "ADT1": {
        "observations": 784,
        "first_session": "2013-03-21",
        "last_session": "2016-04-29",
        "cik_available": 0,
        "cik_missing": 784,
        "evidence": {
          "no_strict_prior_positive_evidence": 784
        }
      },
      "UNXLQ": {
        "observations": 95,
        "first_session": "2013-03-21",
        "last_session": "2013-10-22",
        "cik_available": 0,
        "cik_missing": 95,
        "evidence": {
          "no_strict_prior_positive_evidence": 95
        }
      },
      "TRLA1": {
        "observations": 436,
        "first_session": "2013-03-26",
        "last_session": "2015-02-17",
        "cik_available": 0,
        "cik_missing": 436,
        "evidence": {
          "no_strict_prior_positive_evidence": 436
        }
      },
      "BSMX": {
        "observations": 385,
        "first_session": "2013-04-02",
        "last_session": "2019-09-20",
        "cik_available": 0,
        "cik_missing": 385,
        "evidence": {
          "no_strict_prior_positive_evidence": 385
        }
      },
      "DYN1": {
        "observations": 1014,
        "first_session": "2013-04-09",
        "last_session": "2018-04-06",
        "cik_available": 0,
        "cik_missing": 1014,
        "evidence": {
          "no_strict_prior_positive_evidence": 1014
        }
      },
      "LNCOQ": {
        "observations": 397,
        "first_session": "2013-04-18",
        "last_session": "2015-08-06",
        "cik_available": 0,
        "cik_missing": 397,
        "evidence": {
          "no_strict_prior_positive_evidence": 397
        }
      },
      "BIP": {
        "observations": 389,
        "first_session": "2013-05-08",
        "last_session": "2026-07-31",
        "cik_available": 93,
        "cik_missing": 296,
        "evidence": {
          "no_strict_prior_positive_evidence": 389
        }
      },
      "PSE": {
        "observations": 7,
        "first_session": "2013-05-22",
        "last_session": "2013-06-04",
        "cik_available": 7,
        "cik_missing": 0,
        "evidence": {
          "no_strict_prior_positive_evidence": 7
        }
      },
      "OAK": {
        "observations": 269,
        "first_session": "2013-05-23",
        "last_session": "2019-09-27",
        "cik_available": 269,
        "cik_missing": 0,
        "evidence": {
          "no_strict_prior_positive_evidence": 269
        }
      },
      "RGSEQ": {
        "observations": 34,
        "first_session": "2013-05-28",
        "last_session": "2016-10-24",
        "cik_available": 0,
        "cik_missing": 34,
        "evidence": {
          "no_strict_prior_positive_evidence": 34
        }
      },
      "CLVSQ": {
        "observations": 1920,
        "first_session": "2013-06-03",
        "last_session": "2022-08-04",
        "cik_available": 0,
        "cik_missing": 1920,
        "evidence": {
          "no_strict_prior_positive_evidence": 1920
        }
      },
      "LSE1": {
        "observations": 13,
        "first_session": "2013-06-04",
        "last_session": "2013-06-24",
        "cik_available": 0,
        "cik_missing": 13,
        "evidence": {
          "no_strict_prior_positive_evidence": 13
        }
      },
      "ET1": {
        "observations": 26,
        "first_session": "2013-06-05",
        "last_session": "2013-07-11",
        "cik_available": 0,
        "cik_missing": 26,
        "evidence": {
          "no_strict_prior_positive_evidence": 26
        }
      },
      "UAN": {
        "observations": 61,
        "first_session": "2013-06-10",
        "last_session": "2022-05-19",
        "cik_available": 61,
        "cik_missing": 0,
        "evidence": {
          "no_strict_prior_positive_evidence": 61
        }
      },
      "IEP": {
        "observations": 573,
        "first_session": "2013-06-17",
        "last_session": "2024-09-30",
        "cik_available": 573,
        "cik_missing": 0,
        "evidence": {
          "no_strict_prior_positive_evidence": 573
        }
      },
      "SCTY1": {
        "observations": 866,
        "first_session": "2013-06-17",
        "last_session": "2016-11-18",
        "cik_available": 0,
        "cik_missing": 866,
        "evidence": {
          "no_strict_prior_positive_evidence": 866
        }
      },
      "ARPJQ": {
        "observations": 47,
        "first_session": "2013-06-18",
        "last_session": "2014-06-06",
        "cik_available": 0,
        "cik_missing": 47,
        "evidence": {
          "no_strict_prior_positive_evidence": 47
        }
      },
      "AEC1": {
        "observations": 44,
        "first_session": "2013-06-25",
        "last_session": "2015-05-29",
        "cik_available": 0,
        "cik_missing": 44,
        "evidence": {
          "no_strict_prior_positive_evidence": 44
        }
      },
      "EQM": {
        "observations": 1161,
        "first_session": "2013-07-17",
        "last_session": "2020-06-16",
        "cik_available": 1161,
        "cik_missing": 0,
        "evidence": {
          "no_strict_prior_positive_evidence": 1161
        }
      },
      "CVRR": {
        "observations": 64,
        "first_session": "2013-07-19",
        "last_session": "2018-08-21",
        "cik_available": 64,
        "cik_missing": 0,
        "evidence": {
          "no_strict_prior_positive_evidence": 64
        }
      },
      "LKM": {
        "observations": 318,
        "first_session": "2013-08-02",
        "last_session": "2015-01-16",
        "cik_available": 0,
        "cik_missing": 318,
        "evidence": {
          "no_strict_prior_positive_evidence": 318
        }
      },
      "FLY2": {
        "observations": 6,
        "first_session": "2013-08-06",
        "last_session": "2021-04-22",
        "cik_available": 0,
        "cik_missing": 6,
        "evidence": {
          "no_strict_prior_positive_evidence": 6
        }
      },
      "A": {
        "observations": 56,
        "first_session": "2013-08-08",
        "last_session": "2019-08-05",
        "cik_available": 56,
        "cik_missing": 0,
        "evidence": {
          "sec_positive_strict_prior_cik_mismatch": 56
        }
      },
      "XONE1": {
        "observations": 236,
        "first_session": "2013-08-08",
        "last_session": "2021-09-09",
        "cik_available": 0,
        "cik_missing": 236,
        "evidence": {
          "no_strict_prior_positive_evidence": 236
        }
      },
      "AVGTF": {
        "observations": 78,
        "first_session": "2013-08-09",
        "last_session": "2016-08-08",
        "cik_available": 0,
        "cik_missing": 78,
        "evidence": {
          "no_strict_prior_positive_evidence": 78
        }
      },
      "ASTX2": {
        "observations": 26,
        "first_session": "2013-09-05",
        "last_session": "2013-10-10",
        "cik_available": 0,
        "cik_missing": 26,
        "evidence": {
          "no_strict_prior_positive_evidence": 26
        }
      },
      "AMAP": {
        "observations": 52,
        "first_session": "2013-09-12",
        "last_session": "2014-05-27",
        "cik_available": 0,
        "cik_missing": 52,
        "evidence": {
          "no_strict_prior_positive_evidence": 52
        }
      },
      "MGAM1": {
        "observations": 35,
        "first_session": "2013-09-13",
        "last_session": "2014-12-19",
        "cik_available": 0,
        "cik_missing": 35,
        "evidence": {
          "no_strict_prior_positive_evidence": 35
        }
      },
      "RPRX1": {
        "observations": 35,
        "first_session": "2013-09-17",
        "last_session": "2014-10-02",
        "cik_available": 0,
        "cik_missing": 35,
        "evidence": {
          "no_strict_prior_positive_evidence": 35
        }
      },
      "GEL": {
        "observations": 381,
        "first_session": "2013-09-18",
        "last_session": "2020-03-25",
        "cik_available": 381,
        "cik_missing": 0,
        "evidence": {
          "no_strict_prior_positive_evidence": 381
        }
      },
      "SNECQ": {
        "observations": 589,
        "first_session": "2013-09-20",
        "last_session": "2017-08-03",
        "cik_available": 0,
        "cik_missing": 589,
        "evidence": {
          "no_strict_prior_positive_evidence": 589
        }
      },
      "ACTV2": {
        "observations": 32,
        "first_session": "2013-09-30",
        "last_session": "2013-11-13",
        "cik_available": 0,
        "cik_missing": 32,
        "evidence": {
          "no_strict_prior_positive_evidence": 32
        }
      },
      "FABU": {
        "observations": 13,
        "first_session": "2013-10-02",
        "last_session": "2013-10-23",
        "cik_available": 0,
        "cik_missing": 13,
        "evidence": {
          "no_strict_prior_positive_evidence": 13
        }
      },
      "RESI1": {
        "observations": 112,
        "first_session": "2013-10-03",
        "last_session": "2020-12-21",
        "cik_available": 0,
        "cik_missing": 112,
        "evidence": {
          "no_strict_prior_positive_evidence": 112
        }
      },
      "CMLP": {
        "observations": 24,
        "first_session": "2013-10-07",
        "last_session": "2015-01-02",
        "cik_available": 24,
        "cik_missing": 0,
        "evidence": {
          "no_strict_prior_positive_evidence": 24
        }
      },
      "MEMPQ": {
        "observations": 110,
        "first_session": "2013-10-11",
        "last_session": "2015-01-27",
        "cik_available": 0,
        "cik_missing": 110,
        "evidence": {
          "no_strict_prior_positive_evidence": 110
        }
      },
      "BITA1": {
        "observations": 872,
        "first_session": "2013-10-22",
        "last_session": "2020-07-09",
        "cik_available": 0,
        "cik_missing": 872,
        "evidence": {
          "no_strict_prior_positive_evidence": 872
        }
      },
      "ENLK": {
        "observations": 156,
        "first_session": "2013-11-13",
        "last_session": "2019-01-25",
        "cik_available": 153,
        "cik_missing": 3,
        "evidence": {
          "no_strict_prior_positive_evidence": 156
        }
      },
      "GIVN": {
        "observations": 14,
        "first_session": "2013-12-09",
        "last_session": "2014-01-07",
        "cik_available": 14,
        "cik_missing": 0,
        "evidence": {
          "no_strict_prior_positive_evidence": 14
        }
      },
      "QIWI": {
        "observations": 169,
        "first_session": "2013-12-12",
        "last_session": "2017-08-04",
        "cik_available": 0,
        "cik_missing": 169,
        "evidence": {
          "no_strict_prior_positive_evidence": 169
        }
      },
      "NWSA": {
        "observations": 3137,
        "first_session": "2013-12-30",
        "last_session": "2026-07-31",
        "cik_available": 0,
        "cik_missing": 3137,
        "evidence": {
          "no_strict_prior_positive_evidence": 3137
        }
      },
      "CAMPQ": {
        "observations": 150,
        "first_session": "2013-12-31",
        "last_session": "2015-05-19",
        "cik_available": 0,
        "cik_missing": 150,
        "evidence": {
          "no_strict_prior_positive_evidence": 150
        }
      },
      "PKY1": {
        "observations": 55,
        "first_session": "2014-01-07",
        "last_session": "2016-10-05",
        "cik_available": 0,
        "cik_missing": 55,
        "evidence": {
          "no_strict_prior_positive_evidence": 55
        }
      },
      "GENTY": {
        "observations": 8,
        "first_session": "2014-01-09",
        "last_session": "2014-01-21",
        "cik_available": 0,
        "cik_missing": 8,
        "evidence": {
          "no_strict_prior_positive_evidence": 8
        }
      },
      "AAMCF": {
        "observations": 71,
        "first_session": "2014-01-16",
        "last_session": "2014-07-24",
        "cik_available": 0,
        "cik_missing": 71,
        "evidence": {
          "no_strict_prior_positive_evidence": 71
        }
      },
      "SPB1": {
        "observations": 958,
        "first_session": "2014-01-30",
        "last_session": "2018-07-13",
        "cik_available": 0,
        "cik_missing": 958,
        "evidence": {
          "no_strict_prior_positive_evidence": 958
        }
      },
      "GLOG": {
        "observations": 229,
        "first_session": "2014-01-31",
        "last_session": "2021-03-19",
        "cik_available": 0,
        "cik_missing": 229,
        "evidence": {
          "no_strict_prior_positive_evidence": 229
        }
      },
      "ACCL1": {
        "observations": 15,
        "first_session": "2014-02-03",
        "last_session": "2014-02-26",
        "cik_available": 0,
        "cik_missing": 15,
        "evidence": {
          "no_strict_prior_positive_evidence": 15
        }
      },
      "GIB": {
        "observations": 466,
        "first_session": "2014-02-05",
        "last_session": "2026-07-31",
        "cik_available": 0,
        "cik_missing": 466,
        "evidence": {
          "no_strict_prior_positive_evidence": 466
        }
      },
      "LCINQ": {
        "observations": 774,
        "first_session": "2014-02-19",
        "last_session": "2019-10-10",
        "cik_available": 0,
        "cik_missing": 774,
        "evidence": {
          "no_strict_prior_positive_evidence": 774
        }
      },
      "BLDP": {
        "observations": 839,
        "first_session": "2014-03-04",
        "last_session": "2026-07-28",
        "cik_available": 0,
        "cik_missing": 839,
        "evidence": {
          "no_strict_prior_positive_evidence": 839
        }
      },
      "CCIHY": {
        "observations": 21,
        "first_session": "2014-03-05",
        "last_session": "2014-04-02",
        "cik_available": 0,
        "cik_missing": 21,
        "evidence": {
          "no_strict_prior_positive_evidence": 21
        }
      },
      "INSYQ": {
        "observations": 296,
        "first_session": "2014-03-05",
        "last_session": "2018-02-01",
        "cik_available": 0,
        "cik_missing": 296,
        "evidence": {
          "no_strict_prior_positive_evidence": 296
        }
      },
      "RATE2": {
        "observations": 34,
        "first_session": "2014-03-05",
        "last_session": "2017-07-31",
        "cik_available": 0,
        "cik_missing": 34,
        "evidence": {
          "no_strict_prior_positive_evidence": 34
        }
      },
      "ELGXQ": {
        "observations": 32,
        "first_session": "2014-03-21",
        "last_session": "2017-01-25",
        "cik_available": 0,
        "cik_missing": 32,
        "evidence": {
          "no_strict_prior_positive_evidence": 32
        }
      },
      "LIN2": {
        "observations": 19,
        "first_session": "2014-03-21",
        "last_session": "2014-04-16",
        "cik_available": 0,
        "cik_missing": 19,
        "evidence": {
          "no_strict_prior_positive_evidence": 19
        }
      },
      "TVIAQ": {
        "observations": 12,
        "first_session": "2014-03-26",
        "last_session": "2014-04-10",
        "cik_available": 0,
        "cik_missing": 12,
        "evidence": {
          "no_strict_prior_positive_evidence": 12
        }
      },
      "SDLPQ": {
        "observations": 17,
        "first_session": "2014-03-28",
        "last_session": "2014-07-17",
        "cik_available": 0,
        "cik_missing": 17,
        "evidence": {
          "no_strict_prior_positive_evidence": 17
        }
      },
      "BPY": {
        "observations": 640,
        "first_session": "2014-03-31",
        "last_session": "2021-07-26",
        "cik_available": 640,
        "cik_missing": 0,
        "evidence": {
          "no_strict_prior_positive_evidence": 640
        }
      },
      "MOBI2": {
        "observations": 2,
        "first_session": "2014-04-01",
        "last_session": "2014-04-02",
        "cik_available": 0,
        "cik_missing": 2,
        "evidence": {
          "no_strict_prior_positive_evidence": 2
        }
      },
      "HAWK1": {
        "observations": 573,
        "first_session": "2014-04-15",
        "last_session": "2018-06-14",
        "cik_available": 0,
        "cik_missing": 573,
        "evidence": {
          "no_strict_prior_positive_evidence": 573
        }
      },
      "EMESQ": {
        "observations": 223,
        "first_session": "2014-04-24",
        "last_session": "2016-07-07",
        "cik_available": 0,
        "cik_missing": 223,
        "evidence": {
          "no_strict_prior_positive_evidence": 223
        }
      },
      "HCRSQ": {
        "observations": 424,
        "first_session": "2014-05-05",
        "last_session": "2018-11-09",
        "cik_available": 0,
        "cik_missing": 424,
        "evidence": {
          "no_strict_prior_positive_evidence": 424
        }
      },
      "WUBA": {
        "observations": 1591,
        "first_session": "2014-05-05",
        "last_session": "2020-09-16",
        "cik_available": 0,
        "cik_missing": 1591,
        "evidence": {
          "no_strict_prior_positive_evidence": 1591
        }
      },
      "GPT4": {
        "observations": 631,
        "first_session": "2014-05-21",
        "last_session": "2018-10-09",
        "cik_available": 0,
        "cik_missing": 631,
        "evidence": {
          "no_strict_prior_positive_evidence": 631
        }
      },
      "ISEE": {
        "observations": 357,
        "first_session": "2014-06-02",
        "last_session": "2017-01-10",
        "cik_available": 357,
        "cik_missing": 0,
        "evidence": {
          "sec_positive_strict_prior_cik_mismatch": 357
        }
      },
      "RCAPQ": {
        "observations": 46,
        "first_session": "2014-06-09",
        "last_session": "2014-12-11",
        "cik_available": 0,
        "cik_missing": 46,
        "evidence": {
          "no_strict_prior_positive_evidence": 46
        }
      },
      "NMBL1": {
        "observations": 256,
        "first_session": "2014-06-17",
        "last_session": "2017-04-13",
        "cik_available": 0,
        "cik_missing": 256,
        "evidence": {
          "no_strict_prior_positive_evidence": 256
        }
      },
      "NGL": {
        "observations": 152,
        "first_session": "2014-06-18",
        "last_session": "2019-03-11",
        "cik_available": 152,
        "cik_missing": 0,
        "evidence": {
          "no_strict_prior_positive_evidence": 152
        }
      },
      "EDR1": {
        "observations": 555,
        "first_session": "2014-06-20",
        "last_session": "2018-09-19",
        "cik_available": 0,
        "cik_missing": 555,
        "evidence": {
          "no_strict_prior_positive_evidence": 555
        }
      },
      "OZK": {
        "observations": 2740,
        "first_session": "2014-06-27",
        "last_session": "2026-07-31",
        "cik_available": 0,
        "cik_missing": 2740,
        "evidence": {
          "no_strict_prior_positive_evidence": 2740
        }
      },
      "TPLMQ": {
        "observations": 21,
        "first_session": "2014-06-30",
        "last_session": "2014-12-23",
        "cik_available": 0,
        "cik_missing": 21,
        "evidence": {
          "no_strict_prior_positive_evidence": 21
        }
      },
      "WES": {
        "observations": 1694,
        "first_session": "2014-07-01",
        "last_session": "2026-07-31",
        "cik_available": 1694,
        "cik_missing": 0,
        "evidence": {
          "sec_positive_strict_prior_cik_mismatch": 1694
        }
      },
      "QUNR": {
        "observations": 321,
        "first_session": "2014-07-02",
        "last_session": "2016-02-29",
        "cik_available": 0,
        "cik_missing": 321,
        "evidence": {
          "no_strict_prior_positive_evidence": 321
        }
      },
      "VJTTY": {
        "observations": 14,
        "first_session": "2014-07-07",
        "last_session": "2014-07-29",
        "cik_available": 0,
        "cik_missing": 14,
        "evidence": {
          "no_strict_prior_positive_evidence": 14
        }
      },
      "TEP": {
        "observations": 105,
        "first_session": "2014-07-22",
        "last_session": "2018-06-29",
        "cik_available": 105,
        "cik_missing": 0,
        "evidence": {
          "no_strict_prior_positive_evidence": 105
        }
      },
      "SFR1": {
        "observations": 322,
        "first_session": "2014-07-24",
        "last_session": "2017-11-15",
        "cik_available": 0,
        "cik_missing": 322,
        "evidence": {
          "no_strict_prior_positive_evidence": 322
        }
      },
      "RICE1": {
        "observations": 833,
        "first_session": "2014-07-25",
        "last_session": "2017-11-10",
        "cik_available": 0,
        "cik_missing": 833,
        "evidence": {
          "no_strict_prior_positive_evidence": 833
        }
      },
      "STAY": {
        "observations": 1011,
        "first_session": "2014-08-07",
        "last_session": "2021-06-15",
        "cik_available": 1011,
        "cik_missing": 0,
        "evidence": {
          "no_strict_prior_positive_evidence": 1011
        }
      },
      "CMGE": {
        "observations": 20,
        "first_session": "2014-09-09",
        "last_session": "2014-10-06",
        "cik_available": 0,
        "cik_missing": 20,
        "evidence": {
          "no_strict_prior_positive_evidence": 20
        }
      },
      "HGLI": {
        "observations": 12,
        "first_session": "2014-09-11",
        "last_session": "2014-09-30",
        "cik_available": 0,
        "cik_missing": 12,
        "evidence": {
          "no_strict_prior_positive_evidence": 12
        }
      },
      "N": {
        "observations": 3,
        "first_session": "2014-09-12",
        "last_session": "2014-09-16",
        "cik_available": 3,
        "cik_missing": 0,
        "evidence": {
          "sec_positive_strict_prior_cik_mismatch": 3
        }
      },
      "RADA": {
        "observations": 6,
        "first_session": "2014-09-17",
        "last_session": "2014-10-03",
        "cik_available": 0,
        "cik_missing": 6,
        "evidence": {
          "no_strict_prior_positive_evidence": 6
        }
      },
      "MOVE1": {
        "observations": 32,
        "first_session": "2014-09-30",
        "last_session": "2014-11-13",
        "cik_available": 0,
        "cik_missing": 32,
        "evidence": {
          "no_strict_prior_positive_evidence": 32
        }
      },
      "GRUB1": {
        "observations": 1685,
        "first_session": "2014-10-03",
        "last_session": "2021-06-14",
        "cik_available": 0,
        "cik_missing": 1685,
        "evidence": {
          "no_strict_prior_positive_evidence": 1685
        }
      },
      "PUK": {
        "observations": 746,
        "first_session": "2014-10-08",
        "last_session": "2026-07-31",
        "cik_available": 0,
        "cik_missing": 746,
        "evidence": {
          "no_strict_prior_positive_evidence": 746
        }
      },
      "VIMC": {
        "observations": 3,
        "first_session": "2014-10-09",
        "last_session": "2014-10-13",
        "cik_available": 0,
        "cik_missing": 3,
        "evidence": {
          "no_strict_prior_positive_evidence": 3
        }
      },
      "LGCYQ": {
        "observations": 12,
        "first_session": "2014-10-15",
        "last_session": "2014-10-30",
        "cik_available": 0,
        "cik_missing": 12,
        "evidence": {
          "no_strict_prior_positive_evidence": 12
        }
      },
      "PBA": {
        "observations": 1878,
        "first_session": "2014-10-15",
        "last_session": "2026-07-31",
        "cik_available": 0,
        "cik_missing": 1878,
        "evidence": {
          "no_strict_prior_positive_evidence": 1878
        }
      },
      "VSRI": {
        "observations": 8,
        "first_session": "2014-10-16",
        "last_session": "2014-10-30",
        "cik_available": 0,
        "cik_missing": 8,
        "evidence": {
          "no_strict_prior_positive_evidence": 8
        }
      },
      "TARO": {
        "observations": 195,
        "first_session": "2014-10-30",
        "last_session": "2017-12-22",
        "cik_available": 0,
        "cik_missing": 195,
        "evidence": {
          "no_strict_prior_positive_evidence": 195
        }
      },
      "TRNX1": {
        "observations": 23,
        "first_session": "2014-11-06",
        "last_session": "2016-02-23",
        "cik_available": 0,
        "cik_missing": 23,
        "evidence": {
          "no_strict_prior_positive_evidence": 23
        }
      },
      "AVIV1": {
        "observations": 15,
        "first_session": "2014-11-10",
        "last_session": "2014-12-01",
        "cik_available": 0,
        "cik_missing": 15,
        "evidence": {
          "no_strict_prior_positive_evidence": 15
        }
      },
      "WPGGQ": {
        "observations": 512,
        "first_session": "2014-11-11",
        "last_session": "2021-07-01",
        "cik_available": 0,
        "cik_missing": 512,
        "evidence": {
          "no_strict_prior_positive_evidence": 512
        }
      },
      "SUN": {
        "observations": 790,
        "first_session": "2014-11-13",
        "last_session": "2026-07-31",
        "cik_available": 790,
        "cik_missing": 0,
        "evidence": {
          "sec_positive_strict_prior_cik_mismatch": 790
        }
      },
      "TIME1": {
        "observations": 314,
        "first_session": "2014-11-18",
        "last_session": "2018-01-16",
        "cik_available": 0,
        "cik_missing": 314,
        "evidence": {
          "no_strict_prior_positive_evidence": 314
        }
      },
      "JMEI": {
        "observations": 179,
        "first_session": "2014-11-20",
        "last_session": "2016-01-25",
        "cik_available": 0,
        "cik_missing": 179,
        "evidence": {
          "no_strict_prior_positive_evidence": 179
        }
      },
      "LQ2": {
        "observations": 475,
        "first_session": "2014-11-24",
        "last_session": "2018-05-30",
        "cik_available": 0,
        "cik_missing": 475,
        "evidence": {
          "no_strict_prior_positive_evidence": 475
        }
      },
      "MPLX": {
        "observations": 2749,
        "first_session": "2014-11-25",
        "last_session": "2026-07-31",
        "cik_available": 2749,
        "cik_missing": 0,
        "evidence": {
          "no_strict_prior_positive_evidence": 2749
        }
      },
      "AY": {
        "observations": 462,
        "first_session": "2014-12-11",
        "last_session": "2024-12-11",
        "cik_available": 0,
        "cik_missing": 462,
        "evidence": {
          "no_strict_prior_positive_evidence": 462
        }
      },
      "ANAC1": {
        "observations": 330,
        "first_session": "2014-12-19",
        "last_session": "2016-06-23",
        "cik_available": 0,
        "cik_missing": 330,
        "evidence": {
          "no_strict_prior_positive_evidence": 330
        }
      },
      "MOG.A": {
        "observations": 564,
        "first_session": "2014-12-24",
        "last_session": "2026-07-31",
        "cik_available": 0,
        "cik_missing": 564,
        "evidence": {
          "no_strict_prior_positive_evidence": 564
        }
      },
      "BNAUF": {
        "observations": 102,
        "first_session": "2015-01-05",
        "last_session": "2015-07-16",
        "cik_available": 0,
        "cik_missing": 102,
        "evidence": {
          "no_strict_prior_positive_evidence": 102
        }
      },
      "RDUS1": {
        "observations": 871,
        "first_session": "2015-01-12",
        "last_session": "2021-11-16",
        "cik_available": 0,
        "cik_missing": 871,
        "evidence": {
          "no_strict_prior_positive_evidence": 871
        }
      },
      "BRP1": {
        "observations": 7,
        "first_session": "2015-01-22",
        "last_session": "2015-01-30",
        "cik_available": 0,
        "cik_missing": 7,
        "evidence": {
          "no_strict_prior_positive_evidence": 7
        }
      },
      "ARRY1": {
        "observations": 740,
        "first_session": "2015-01-26",
        "last_session": "2019-07-30",
        "cik_available": 0,
        "cik_missing": 740,
        "evidence": {
          "no_strict_prior_positive_evidence": 740
        }
      },
      "GMLP": {
        "observations": 6,
        "first_session": "2015-01-28",
        "last_session": "2015-02-05",
        "cik_available": 0,
        "cik_missing": 6,
        "evidence": {
          "no_strict_prior_positive_evidence": 6
        }
      },
      "DOC2": {
        "observations": 1831,
        "first_session": "2015-01-30",
        "last_session": "2024-02-29",
        "cik_available": 0,
        "cik_missing": 1831,
        "evidence": {
          "no_strict_prior_positive_evidence": 1831
        }
      },
      "MBBYF": {
        "observations": 652,
        "first_session": "2015-02-02",
        "last_session": "2017-08-31",
        "cik_available": 0,
        "cik_missing": 652,
        "evidence": {
          "no_strict_prior_positive_evidence": 652
        }
      },
      "TSEM": {
        "observations": 1083,
        "first_session": "2015-02-02",
        "last_session": "2026-07-31",
        "cik_available": 44,
        "cik_missing": 1039,
        "evidence": {
          "no_strict_prior_positive_evidence": 1083
        }
      },
      "RENT1": {
        "observations": 50,
        "first_session": "2015-02-06",
        "last_session": "2015-10-27",
        "cik_available": 0,
        "cik_missing": 50,
        "evidence": {
          "no_strict_prior_positive_evidence": 50
        }
      },
      "GENE": {
        "observations": 35,
        "first_session": "2015-02-11",
        "last_session": "2021-02-18",
        "cik_available": 0,
        "cik_missing": 35,
        "evidence": {
          "no_strict_prior_positive_evidence": 35
        }
      },
      "INXN": {
        "observations": 788,
        "first_session": "2015-02-19",
        "last_session": "2020-03-12",
        "cik_available": 0,
        "cik_missing": 788,
        "evidence": {
          "no_strict_prior_positive_evidence": 788
        }
      },
      "BIOCQ": {
        "observations": 20,
        "first_session": "2015-02-25",
        "last_session": "2020-08-13",
        "cik_available": 0,
        "cik_missing": 20,
        "evidence": {
          "no_strict_prior_positive_evidence": 20
        }
      },
      "LXFT": {
        "observations": 166,
        "first_session": "2015-03-05",
        "last_session": "2019-03-07",
        "cik_available": 0,
        "cik_missing": 166,
        "evidence": {
          "no_strict_prior_positive_evidence": 166
        }
      },
      "EIGRQ": {
        "observations": 35,
        "first_session": "2015-03-16",
        "last_session": "2022-04-12",
        "cik_available": 0,
        "cik_missing": 35,
        "evidence": {
          "no_strict_prior_positive_evidence": 35
        }
      },
      "VALE-P": {
        "observations": 672,
        "first_session": "2015-03-24",
        "last_session": "2017-11-24",
        "cik_available": 0,
        "cik_missing": 672,
        "evidence": {
          "no_strict_prior_positive_evidence": 672
        }
      },
      "CYBR": {
        "observations": 2629,
        "first_session": "2015-03-26",
        "last_session": "2026-02-10",
        "cik_available": 0,
        "cik_missing": 2629,
        "evidence": {
          "no_strict_prior_positive_evidence": 2629
        }
      },
      "GPT2": {
        "observations": 42,
        "first_session": "2015-04-14",
        "last_session": "2015-08-05",
        "cik_available": 0,
        "cik_missing": 42,
        "evidence": {
          "no_strict_prior_positive_evidence": 42
        }
      },
      "STLA": {
        "observations": 2822,
        "first_session": "2015-04-15",
        "last_session": "2026-07-31",
        "cik_available": 0,
        "cik_missing": 2822,
        "evidence": {
          "no_strict_prior_positive_evidence": 2822
        }
      },
      "ECHO2": {
        "observations": 70,
        "first_session": "2015-04-30",
        "last_session": "2021-11-22",
        "cik_available": 0,
        "cik_missing": 70,
        "evidence": {
          "no_strict_prior_positive_evidence": 70
        }
      },
      "DCTH1": {
        "observations": 6,
        "first_session": "2015-05-29",
        "last_session": "2015-06-22",
        "cik_available": 0,
        "cik_missing": 6,
        "evidence": {
          "no_strict_prior_positive_evidence": 6
        }
      },
      "BRLI1": {
        "observations": 41,
        "first_session": "2015-06-04",
        "last_session": "2015-07-31",
        "cik_available": 0,
        "cik_missing": 41,
        "evidence": {
          "no_strict_prior_positive_evidence": 41
        }
      },
      "INFO1": {
        "observations": 1496,
        "first_session": "2015-06-05",
        "last_session": "2022-02-25",
        "cik_available": 0,
        "cik_missing": 1496,
        "evidence": {
          "no_strict_prior_positive_evidence": 1496
        }
      },
      "KANG": {
        "observations": 14,
        "first_session": "2015-06-11",
        "last_session": "2018-04-09",
        "cik_available": 0,
        "cik_missing": 14,
        "evidence": {
          "no_strict_prior_positive_evidence": 14
        }
      },
      "PSO": {
        "observations": 53,
        "first_session": "2015-06-11",
        "last_session": "2015-11-25",
        "cik_available": 0,
        "cik_missing": 53,
        "evidence": {
          "no_strict_prior_positive_evidence": 53
        }
      },
      "HAPN": {
        "observations": 1534,
        "first_session": "2015-06-15",
        "last_session": "2026-07-31",
        "cik_available": 1534,
        "cik_missing": 0,
        "evidence": {
          "no_strict_prior_positive_evidence": 1534
        }
      },
      "RXDX1": {
        "observations": 61,
        "first_session": "2015-06-15",
        "last_session": "2018-02-08",
        "cik_available": 0,
        "cik_missing": 61,
        "evidence": {
          "no_strict_prior_positive_evidence": 61
        }
      },
      "SGYPQ": {
        "observations": 214,
        "first_session": "2015-06-17",
        "last_session": "2017-12-08",
        "cik_available": 0,
        "cik_missing": 214,
        "evidence": {
          "no_strict_prior_positive_evidence": 214
        }
      },
      "SHLX": {
        "observations": 518,
        "first_session": "2015-06-19",
        "last_session": "2022-10-18",
        "cik_available": 518,
        "cik_missing": 0,
        "evidence": {
          "no_strict_prior_positive_evidence": 518
        }
      },
      "TAHO": {
        "observations": 399,
        "first_session": "2015-06-19",
        "last_session": "2019-02-21",
        "cik_available": 0,
        "cik_missing": 399,
        "evidence": {
          "no_strict_prior_positive_evidence": 399
        }
      },
      "ADPTQ": {
        "observations": 311,
        "first_session": "2015-06-25",
        "last_session": "2016-11-30",
        "cik_available": 0,
        "cik_missing": 311,
        "evidence": {
          "no_strict_prior_positive_evidence": 311
        }
      },
      "HEI": {
        "observations": 2212,
        "first_session": "2015-06-26",
        "last_session": "2026-07-31",
        "cik_available": 0,
        "cik_missing": 2212,
        "evidence": {
          "no_strict_prior_positive_evidence": 2212
        }
      },
      "UTX-PA": {
        "observations": 7,
        "first_session": "2015-07-22",
        "last_session": "2015-07-31",
        "cik_available": 0,
        "cik_missing": 7,
        "evidence": {
          "no_strict_prior_positive_evidence": 7
        }
      },
      "AACH": {
        "observations": 20,
        "first_session": "2015-08-04",
        "last_session": "2015-08-31",
        "cik_available": 0,
        "cik_missing": 20,
        "evidence": {
          "no_strict_prior_positive_evidence": 20
        }
      },
      "RJETQ": {
        "observations": 8,
        "first_session": "2015-08-07",
        "last_session": "2015-08-24",
        "cik_available": 0,
        "cik_missing": 8,
        "evidence": {
          "no_strict_prior_positive_evidence": 8
        }
      },
      "MRGE1": {
        "observations": 8,
        "first_session": "2015-08-24",
        "last_session": "2015-09-02",
        "cik_available": 0,
        "cik_missing": 8,
        "evidence": {
          "no_strict_prior_positive_evidence": 8
        }
      },
      "OCR-PB": {
        "observations": 1,
        "first_session": "2015-09-15",
        "last_session": "2015-09-15",
        "cik_available": 0,
        "cik_missing": 1,
        "evidence": {
          "no_strict_prior_positive_evidence": 1
        }
      },
      "TWOUQ": {
        "observations": 1257,
        "first_session": "2015-09-25",
        "last_session": "2024-08-01",
        "cik_available": 0,
        "cik_missing": 1257,
        "evidence": {
          "no_strict_prior_positive_evidence": 1257
        }
      },
      "XIFR": {
        "observations": 1349,
        "first_session": "2015-10-02",
        "last_session": "2025-10-27",
        "cik_available": 54,
        "cik_missing": 1295,
        "evidence": {
          "no_strict_prior_positive_evidence": 1349
        }
      },
      "EMWPF": {
        "observations": 61,
        "first_session": "2015-10-13",
        "last_session": "2021-04-21",
        "cik_available": 0,
        "cik_missing": 61,
        "evidence": {
          "no_strict_prior_positive_evidence": 61
        }
      },
      "WPP1": {
        "observations": 17,
        "first_session": "2015-10-13",
        "last_session": "2015-11-05",
        "cik_available": 0,
        "cik_missing": 17,
        "evidence": {
          "no_strict_prior_positive_evidence": 17
        }
      },
      "LDRH1": {
        "observations": 34,
        "first_session": "2015-10-19",
        "last_session": "2016-07-12",
        "cik_available": 0,
        "cik_missing": 34,
        "evidence": {
          "no_strict_prior_positive_evidence": 34
        }
      },
      "COR2": {
        "observations": 1511,
        "first_session": "2015-10-29",
        "last_session": "2021-12-27",
        "cik_available": 0,
        "cik_missing": 1511,
        "evidence": {
          "no_strict_prior_positive_evidence": 1511
        }
      },
      "HGENQ": {
        "observations": 138,
        "first_session": "2015-11-20",
        "last_session": "2021-10-07",
        "cik_available": 0,
        "cik_missing": 138,
        "evidence": {
          "no_strict_prior_positive_evidence": 138
        }
      },
      "SHOP": {
        "observations": 2578,
        "first_session": "2015-11-24",
        "last_session": "2026-07-31",
        "cik_available": 0,
        "cik_missing": 2578,
        "evidence": {
          "no_strict_prior_positive_evidence": 2578
        }
      },
      "CSCIF": {
        "observations": 38,
        "first_session": "2015-11-25",
        "last_session": "2021-03-18",
        "cik_available": 0,
        "cik_missing": 38,
        "evidence": {
          "no_strict_prior_positive_evidence": 38
        }
      },
      "AGN-PA": {
        "observations": 366,
        "first_session": "2015-12-11",
        "last_session": "2018-02-28",
        "cik_available": 0,
        "cik_missing": 366,
        "evidence": {
          "no_strict_prior_positive_evidence": 366
        }
      },
      "MORE1": {
        "observations": 47,
        "first_session": "2015-12-14",
        "last_session": "2017-09-19",
        "cik_available": 0,
        "cik_missing": 47,
        "evidence": {
          "no_strict_prior_positive_evidence": 47
        }
      },
      "WFC-PL": {
        "observations": 426,
        "first_session": "2016-01-08",
        "last_session": "2025-02-03",
        "cik_available": 0,
        "cik_missing": 426,
        "evidence": {
          "no_strict_prior_positive_evidence": 426
        }
      },
      "BIN": {
        "observations": 66,
        "first_session": "2016-01-19",
        "last_session": "2016-05-02",
        "cik_available": 0,
        "cik_missing": 66,
        "evidence": {
          "no_strict_prior_positive_evidence": 66
        }
      },
      "FNF": {
        "observations": 13,
        "first_session": "2016-01-25",
        "last_session": "2016-02-10",
        "cik_available": 13,
        "cik_missing": 0,
        "evidence": {
          "sec_positive_strict_prior_cik_mismatch": 13
        }
      },
      "FMS": {
        "observations": 184,
        "first_session": "2016-02-11",
        "last_session": "2026-06-08",
        "cik_available": 8,
        "cik_missing": 176,
        "evidence": {
          "no_strict_prior_positive_evidence": 184
        }
      },
      "NEE-PP1": {
        "observations": 8,
        "first_session": "2016-02-24",
        "last_session": "2016-07-13",
        "cik_available": 0,
        "cik_missing": 8,
        "evidence": {
          "no_strict_prior_positive_evidence": 8
        }
      },
      "NEWP1": {
        "observations": 20,
        "first_session": "2016-02-24",
        "last_session": "2016-03-22",
        "cik_available": 0,
        "cik_missing": 20,
        "evidence": {
          "no_strict_prior_positive_evidence": 20
        }
      },
      "FTRPR": {
        "observations": 6,
        "first_session": "2016-03-04",
        "last_session": "2016-03-22",
        "cik_available": 0,
        "cik_missing": 6,
        "evidence": {
          "no_strict_prior_positive_evidence": 6
        }
      },
      "BUFF1": {
        "observations": 483,
        "first_session": "2016-03-09",
        "last_session": "2018-04-24",
        "cik_available": 0,
        "cik_missing": 483,
        "evidence": {
          "no_strict_prior_positive_evidence": 483
        }
      },
      "POWR1": {
        "observations": 8,
        "first_session": "2016-03-11",
        "last_session": "2016-03-23",
        "cik_available": 0,
        "cik_missing": 8,
        "evidence": {
          "no_strict_prior_positive_evidence": 8
        }
      },
      "CQP": {
        "observations": 68,
        "first_session": "2016-03-18",
        "last_session": "2025-02-18",
        "cik_available": 68,
        "cik_missing": 0,
        "evidence": {
          "no_strict_prior_positive_evidence": 68
        }
      },
      "TSEOF": {
        "observations": 879,
        "first_session": "2016-03-22",
        "last_session": "2022-04-29",
        "cik_available": 0,
        "cik_missing": 879,
        "evidence": {
          "no_strict_prior_positive_evidence": 879
        }
      },
      "AM2": {
        "observations": 99,
        "first_session": "2016-03-24",
        "last_session": "2019-03-12",
        "cik_available": 0,
        "cik_missing": 99,
        "evidence": {
          "no_strict_prior_positive_evidence": 99
        }
      },
      "VRN": {
        "observations": 861,
        "first_session": "2016-03-24",
        "last_session": "2025-05-09",
        "cik_available": 0,
        "cik_missing": 861,
        "evidence": {
          "no_strict_prior_positive_evidence": 861
        }
      },
      "GNCAQ": {
        "observations": 6,
        "first_session": "2016-04-07",
        "last_session": "2016-04-14",
        "cik_available": 0,
        "cik_missing": 6,
        "evidence": {
          "no_strict_prior_positive_evidence": 6
        }
      },
      "CVT1": {
        "observations": 77,
        "first_session": "2016-04-18",
        "last_session": "2016-11-28",
        "cik_available": 0,
        "cik_missing": 77,
        "evidence": {
          "no_strict_prior_positive_evidence": 77
        }
      },
      "RACE": {
        "observations": 2543,
        "first_session": "2016-04-22",
        "last_session": "2026-07-31",
        "cik_available": 0,
        "cik_missing": 2543,
        "evidence": {
          "no_strict_prior_positive_evidence": 2543
        }
      },
      "CXRXF": {
        "observations": 24,
        "first_session": "2016-05-13",
        "last_session": "2016-06-29",
        "cik_available": 0,
        "cik_missing": 24,
        "evidence": {
          "no_strict_prior_positive_evidence": 24
        }
      },
      "TLN1": {
        "observations": 39,
        "first_session": "2016-06-03",
        "last_session": "2016-12-05",
        "cik_available": 0,
        "cik_missing": 39,
        "evidence": {
          "no_strict_prior_positive_evidence": 39
        }
      },
      "DCUB": {
        "observations": 1,
        "first_session": "2016-06-21",
        "last_session": "2016-06-21",
        "cik_available": 0,
        "cik_missing": 1,
        "evidence": {
          "no_strict_prior_positive_evidence": 1
        }
      },
      "TT": {
        "observations": 414,
        "first_session": "2016-06-22",
        "last_session": "2018-02-12",
        "cik_available": 414,
        "cik_missing": 0,
        "evidence": {
          "sec_positive_strict_prior_cik_mismatch": 414
        }
      },
      "LILAK": {
        "observations": 251,
        "first_session": "2016-06-24",
        "last_session": "2020-10-15",
        "cik_available": 0,
        "cik_missing": 251,
        "evidence": {
          "no_strict_prior_positive_evidence": 251
        }
      },
      "MRK": {
        "observations": 3,
        "first_session": "2016-06-29",
        "last_session": "2016-07-01",
        "cik_available": 3,
        "cik_missing": 0,
        "evidence": {
          "sec_positive_strict_prior_cik_mismatch": 3
        }
      },
      "WY-PA": {
        "observations": 1,
        "first_session": "2016-06-30",
        "last_session": "2016-06-30",
        "cik_available": 0,
        "cik_missing": 1,
        "evidence": {
          "no_strict_prior_positive_evidence": 1
        }
      },
      "PVG": {
        "observations": 475,
        "first_session": "2016-07-06",
        "last_session": "2022-03-08",
        "cik_available": 475,
        "cik_missing": 0,
        "evidence": {
          "no_strict_prior_positive_evidence": 475
        }
      },
      "BAC-PL": {
        "observations": 127,
        "first_session": "2016-07-13",
        "last_session": "2026-02-11",
        "cik_available": 0,
        "cik_missing": 127,
        "evidence": {
          "no_strict_prior_positive_evidence": 127
        }
      },
      "MTCH2": {
        "observations": 860,
        "first_session": "2016-07-28",
        "last_session": "2020-06-30",
        "cik_available": 0,
        "cik_missing": 860,
        "evidence": {
          "no_strict_prior_positive_evidence": 860
        }
      },
      "TMUSP": {
        "observations": 48,
        "first_session": "2016-08-03",
        "last_session": "2017-12-15",
        "cik_available": 0,
        "cik_missing": 48,
        "evidence": {
          "no_strict_prior_positive_evidence": 48
        }
      },
      "GK2": {
        "observations": 42,
        "first_session": "2016-08-16",
        "last_session": "2016-10-13",
        "cik_available": 0,
        "cik_missing": 42,
        "evidence": {
          "no_strict_prior_positive_evidence": 42
        }
      },
      "SEMI1": {
        "observations": 15,
        "first_session": "2016-08-22",
        "last_session": "2016-09-13",
        "cik_available": 0,
        "cik_missing": 15,
        "evidence": {
          "no_strict_prior_positive_evidence": 15
        }
      },
      "PINC1": {
        "observations": 1373,
        "first_session": "2016-08-23",
        "last_session": "2025-11-24",
        "cik_available": 0,
        "cik_missing": 1373,
        "evidence": {
          "no_strict_prior_positive_evidence": 1373
        }
      },
      "CYNA": {
        "observations": 14,
        "first_session": "2016-09-07",
        "last_session": "2016-09-28",
        "cik_available": 0,
        "cik_missing": 14,
        "evidence": {
          "no_strict_prior_positive_evidence": 14
        }
      },
      "BTG": {
        "observations": 1761,
        "first_session": "2016-09-16",
        "last_session": "2026-07-31",
        "cik_available": 0,
        "cik_missing": 1761,
        "evidence": {
          "no_strict_prior_positive_evidence": 1761
        }
      },
      "SAND": {
        "observations": 364,
        "first_session": "2016-09-16",
        "last_session": "2025-10-17",
        "cik_available": 0,
        "cik_missing": 364,
        "evidence": {
          "no_strict_prior_positive_evidence": 364
        }
      },
      "CYH": {
        "observations": 2,
        "first_session": "2016-09-29",
        "last_session": "2016-09-30",
        "cik_available": 2,
        "cik_missing": 0,
        "evidence": {
          "sec_positive_strict_prior_cik_mismatch": 2
        }
      },
      "CPPL": {
        "observations": 40,
        "first_session": "2016-10-03",
        "last_session": "2017-02-16",
        "cik_available": 40,
        "cik_missing": 0,
        "evidence": {
          "no_strict_prior_positive_evidence": 40
        }
      },
      "CCEP": {
        "observations": 2430,
        "first_session": "2016-11-28",
        "last_session": "2026-07-31",
        "cik_available": 0,
        "cik_missing": 2430,
        "evidence": {
          "no_strict_prior_positive_evidence": 2430
        }
      },
      "NVCN": {
        "observations": 20,
        "first_session": "2016-12-08",
        "last_session": "2021-03-05",
        "cik_available": 0,
        "cik_missing": 20,
        "evidence": {
          "no_strict_prior_positive_evidence": 20
        }
      },
      "PLNT": {
        "observations": 5,
        "first_session": "2016-12-08",
        "last_session": "2016-12-14",
        "cik_available": 5,
        "cik_missing": 0,
        "evidence": {
          "sec_positive_strict_prior_cik_mismatch": 5
        }
      },
      "AKAOQ": {
        "observations": 106,
        "first_session": "2016-12-12",
        "last_session": "2018-05-17",
        "cik_available": 0,
        "cik_missing": 106,
        "evidence": {
          "no_strict_prior_positive_evidence": 106
        }
      },
      "FREDQ": {
        "observations": 57,
        "first_session": "2016-12-20",
        "last_session": "2017-07-27",
        "cik_available": 0,
        "cik_missing": 57,
        "evidence": {
          "no_strict_prior_positive_evidence": 57
        }
      },
      "INOV2": {
        "observations": 85,
        "first_session": "2016-12-20",
        "last_session": "2021-11-23",
        "cik_available": 0,
        "cik_missing": 85,
        "evidence": {
          "no_strict_prior_positive_evidence": 85
        }
      },
      "HSTOQ": {
        "observations": 8,
        "first_session": "2016-12-28",
        "last_session": "2017-01-10",
        "cik_available": 0,
        "cik_missing": 8,
        "evidence": {
          "no_strict_prior_positive_evidence": 8
        }
      },
      "RSLS1": {
        "observations": 29,
        "first_session": "2017-01-06",
        "last_session": "2017-02-16",
        "cik_available": 0,
        "cik_missing": 29,
        "evidence": {
          "no_strict_prior_positive_evidence": 29
        }
      },
      "ZSANQ": {
        "observations": 47,
        "first_session": "2017-03-03",
        "last_session": "2021-03-04",
        "cik_available": 0,
        "cik_missing": 47,
        "evidence": {
          "no_strict_prior_positive_evidence": 47
        }
      },
      "ORBK": {
        "observations": 233,
        "first_session": "2017-03-06",
        "last_session": "2019-02-19",
        "cik_available": 0,
        "cik_missing": 233,
        "evidence": {
          "no_strict_prior_positive_evidence": 233
        }
      },
      "RMP": {
        "observations": 27,
        "first_session": "2017-03-17",
        "last_session": "2017-07-17",
        "cik_available": 27,
        "cik_missing": 0,
        "evidence": {
          "no_strict_prior_positive_evidence": 27
        }
      },
      "FLXN1": {
        "observations": 147,
        "first_session": "2017-03-24",
        "last_session": "2021-11-05",
        "cik_available": 0,
        "cik_missing": 147,
        "evidence": {
          "no_strict_prior_positive_evidence": 147
        }
      },
      "HTGMQ": {
        "observations": 15,
        "first_session": "2017-03-24",
        "last_session": "2017-04-20",
        "cik_available": 0,
        "cik_missing": 15,
        "evidence": {
          "no_strict_prior_positive_evidence": 15
        }
      },
      "XOGAQ": {
        "observations": 342,
        "first_session": "2017-04-13",
        "last_session": "2019-07-23",
        "cik_available": 0,
        "cik_missing": 342,
        "evidence": {
          "no_strict_prior_positive_evidence": 342
        }
      },
      "ALR-PB": {
        "observations": 11,
        "first_session": "2017-04-20",
        "last_session": "2017-06-30",
        "cik_available": 0,
        "cik_missing": 11,
        "evidence": {
          "no_strict_prior_positive_evidence": 11
        }
      },
      "LKFT": {
        "observations": 498,
        "first_session": "2017-04-24",
        "last_session": "2022-05-26",
        "cik_available": 0,
        "cik_missing": 498,
        "evidence": {
          "no_strict_prior_positive_evidence": 498
        }
      },
      "R": {
        "observations": 4,
        "first_session": "2017-04-28",
        "last_session": "2017-05-03",
        "cik_available": 4,
        "cik_missing": 0,
        "evidence": {
          "sec_positive_strict_prior_cik_mismatch": 4
        }
      },
      "AMT-PA": {
        "observations": 6,
        "first_session": "2017-05-01",
        "last_session": "2017-05-11",
        "cik_available": 0,
        "cik_missing": 6,
        "evidence": {
          "no_strict_prior_positive_evidence": 6
        }
      },
      "MZOR": {
        "observations": 291,
        "first_session": "2017-05-09",
        "last_session": "2018-12-18",
        "cik_available": 0,
        "cik_missing": 291,
        "evidence": {
          "no_strict_prior_positive_evidence": 291
        }
      },
      "RPT1": {
        "observations": 38,
        "first_session": "2017-05-09",
        "last_session": "2023-12-29",
        "cik_available": 0,
        "cik_missing": 38,
        "evidence": {
          "no_strict_prior_positive_evidence": 38
        }
      },
      "DERM2": {
        "observations": 93,
        "first_session": "2017-05-23",
        "last_session": "2020-02-19",
        "cik_available": 0,
        "cik_missing": 93,
        "evidence": {
          "no_strict_prior_positive_evidence": 93
        }
      },
      "FGL1": {
        "observations": 18,
        "first_session": "2017-05-24",
        "last_session": "2017-06-22",
        "cik_available": 0,
        "cik_missing": 18,
        "evidence": {
          "no_strict_prior_positive_evidence": 18
        }
      },
      "MB2": {
        "observations": 176,
        "first_session": "2017-05-25",
        "last_session": "2019-02-14",
        "cik_available": 0,
        "cik_missing": 176,
        "evidence": {
          "no_strict_prior_positive_evidence": 176
        }
      },
      "FG2": {
        "observations": 113,
        "first_session": "2017-06-19",
        "last_session": "2020-06-01",
        "cik_available": 0,
        "cik_missing": 113,
        "evidence": {
          "no_strict_prior_positive_evidence": 113
        }
      },
      "NVDQ1": {
        "observations": 15,
        "first_session": "2017-06-22",
        "last_session": "2017-07-17",
        "cik_available": 0,
        "cik_missing": 15,
        "evidence": {
          "no_strict_prior_positive_evidence": 15
        }
      },
      "DCUC": {
        "observations": 5,
        "first_session": "2017-06-23",
        "last_session": "2017-06-30",
        "cik_available": 0,
        "cik_missing": 5,
        "evidence": {
          "no_strict_prior_positive_evidence": 5
        }
      },
      "TRVG": {
        "observations": 98,
        "first_session": "2017-06-27",
        "last_session": "2021-03-26",
        "cik_available": 0,
        "cik_missing": 98,
        "evidence": {
          "no_strict_prior_positive_evidence": 98
        }
      },
      "DDC2": {
        "observations": 21,
        "first_session": "2017-07-17",
        "last_session": "2017-08-14",
        "cik_available": 0,
        "cik_missing": 21,
        "evidence": {
          "no_strict_prior_positive_evidence": 21
        }
      },
      "KEM1": {
        "observations": 565,
        "first_session": "2017-07-19",
        "last_session": "2020-06-12",
        "cik_available": 0,
        "cik_missing": 565,
        "evidence": {
          "no_strict_prior_positive_evidence": 565
        }
      },
      "NDRM": {
        "observations": 43,
        "first_session": "2017-07-24",
        "last_session": "2017-09-26",
        "cik_available": 0,
        "cik_missing": 43,
        "evidence": {
          "no_strict_prior_positive_evidence": 43
        }
      },
      "DM2": {
        "observations": 68,
        "first_session": "2017-09-22",
        "last_session": "2019-01-25",
        "cik_available": 0,
        "cik_missing": 68,
        "evidence": {
          "no_strict_prior_positive_evidence": 68
        }
      },
      "AAAP1": {
        "observations": 79,
        "first_session": "2017-09-28",
        "last_session": "2018-01-25",
        "cik_available": 0,
        "cik_missing": 79,
        "evidence": {
          "no_strict_prior_positive_evidence": 79
        }
      },
      "C": {
        "observations": 3,
        "first_session": "2017-09-29",
        "last_session": "2017-10-03",
        "cik_available": 3,
        "cik_missing": 0,
        "evidence": {
          "sec_positive_strict_prior_cik_mismatch": 3
        }
      },
      "JPPYY": {
        "observations": 17,
        "first_session": "2017-10-25",
        "last_session": "2017-11-16",
        "cik_available": 0,
        "cik_missing": 17,
        "evidence": {
          "no_strict_prior_positive_evidence": 17
        }
      },
      "ROG": {
        "observations": 967,
        "first_session": "2017-11-01",
        "last_session": "2026-07-31",
        "cik_available": 967,
        "cik_missing": 0,
        "evidence": {
          "no_strict_prior_positive_evidence": 967
        }
      },
      "AUDAQ": {
        "observations": 117,
        "first_session": "2017-11-02",
        "last_session": "2018-06-06",
        "cik_available": 0,
        "cik_missing": 117,
        "evidence": {
          "no_strict_prior_positive_evidence": 117
        }
      },
      "GOOS": {
        "observations": 1379,
        "first_session": "2017-11-14",
        "last_session": "2025-09-23",
        "cik_available": 0,
        "cik_missing": 1379,
        "evidence": {
          "no_strict_prior_positive_evidence": 1379
        }
      },
      "ACB": {
        "observations": 1010,
        "first_session": "2017-11-30",
        "last_session": "2025-03-05",
        "cik_available": 0,
        "cik_missing": 1010,
        "evidence": {
          "no_strict_prior_positive_evidence": 1010
        }
      },
      "ARGX": {
        "observations": 1855,
        "first_session": "2017-12-14",
        "last_session": "2026-07-31",
        "cik_available": 0,
        "cik_missing": 1855,
        "evidence": {
          "no_strict_prior_positive_evidence": 1855
        }
      },
      "BETR1": {
        "observations": 17,
        "first_session": "2017-12-18",
        "last_session": "2018-01-17",
        "cik_available": 0,
        "cik_missing": 17,
        "evidence": {
          "no_strict_prior_positive_evidence": 17
        }
      },
      "ALRM": {
        "observations": 21,
        "first_session": "2017-12-22",
        "last_session": "2018-01-24",
        "cik_available": 21,
        "cik_missing": 0,
        "evidence": {
          "sec_positive_strict_prior_cik_mismatch": 21
        }
      },
      "AM": {
        "observations": 27,
        "first_session": "2017-12-26",
        "last_session": "2019-03-14",
        "cik_available": 27,
        "cik_missing": 0,
        "evidence": {
          "sec_positive_strict_prior_cik_mismatch": 27
        }
      },
      "IHG": {
        "observations": 515,
        "first_session": "2018-01-02",
        "last_session": "2026-07-31",
        "cik_available": 0,
        "cik_missing": 515,
        "evidence": {
          "no_strict_prior_positive_evidence": 515
        }
      },
      "D": {
        "observations": 22,
        "first_session": "2018-01-03",
        "last_session": "2018-02-02",
        "cik_available": 22,
        "cik_missing": 0,
        "evidence": {
          "sec_positive_strict_prior_cik_mismatch": 22
        }
      },
      "AMRQQ": {
        "observations": 31,
        "first_session": "2018-01-23",
        "last_session": "2018-03-08",
        "cik_available": 0,
        "cik_missing": 31,
        "evidence": {
          "no_strict_prior_positive_evidence": 31
        }
      },
      "AMT-PB": {
        "observations": 11,
        "first_session": "2018-01-23",
        "last_session": "2018-02-14",
        "cik_available": 0,
        "cik_missing": 11,
        "evidence": {
          "no_strict_prior_positive_evidence": 11
        }
      },
      "DCP": {
        "observations": 741,
        "first_session": "2018-01-24",
        "last_session": "2023-06-14",
        "cik_available": 741,
        "cik_missing": 0,
        "evidence": {
          "sec_positive_strict_prior_cik_mismatch": 741
        }
      },
      "BOLD1": {
        "observations": 135,
        "first_session": "2018-01-25",
        "last_session": "2020-01-14",
        "cik_available": 0,
        "cik_missing": 135,
        "evidence": {
          "no_strict_prior_positive_evidence": 135
        }
      },
      "BDXA": {
        "observations": 93,
        "first_session": "2018-01-26",
        "last_session": "2020-04-30",
        "cik_available": 0,
        "cik_missing": 93,
        "evidence": {
          "no_strict_prior_positive_evidence": 93
        }
      },
      "WFC": {
        "observations": 6,
        "first_session": "2018-02-01",
        "last_session": "2018-02-08",
        "cik_available": 6,
        "cik_missing": 0,
        "evidence": {
          "sec_positive_strict_prior_cik_mismatch": 6
        }
      },
      "VNTRQ": {
        "observations": 7,
        "first_session": "2018-02-07",
        "last_session": "2018-03-06",
        "cik_available": 0,
        "cik_missing": 7,
        "evidence": {
          "no_strict_prior_positive_evidence": 7
        }
      },
      "INST1": {
        "observations": 194,
        "first_session": "2018-02-28",
        "last_session": "2020-03-23",
        "cik_available": 0,
        "cik_missing": 194,
        "evidence": {
          "no_strict_prior_positive_evidence": 194
        }
      },
      "MFGP": {
        "observations": 38,
        "first_session": "2018-03-06",
        "last_session": "2018-05-09",
        "cik_available": 0,
        "cik_missing": 38,
        "evidence": {
          "no_strict_prior_positive_evidence": 38
        }
      },
      "CLSDQ": {
        "observations": 30,
        "first_session": "2018-03-08",
        "last_session": "2021-07-14",
        "cik_available": 0,
        "cik_missing": 30,
        "evidence": {
          "no_strict_prior_positive_evidence": 30
        }
      },
      "CHUBK": {
        "observations": 17,
        "first_session": "2018-03-14",
        "last_session": "2018-04-06",
        "cik_available": 0,
        "cik_missing": 17,
        "evidence": {
          "no_strict_prior_positive_evidence": 17
        }
      },
      "BHVN1": {
        "observations": 959,
        "first_session": "2018-03-16",
        "last_session": "2022-10-03",
        "cik_available": 0,
        "cik_missing": 959,
        "evidence": {
          "no_strict_prior_positive_evidence": 959
        }
      },
      "JOBS": {
        "observations": 380,
        "first_session": "2018-03-16",
        "last_session": "2022-05-06",
        "cik_available": 0,
        "cik_missing": 380,
        "evidence": {
          "no_strict_prior_positive_evidence": 380
        }
      },
      "CHUBB": {
        "observations": 8,
        "first_session": "2018-03-22",
        "last_session": "2018-04-03",
        "cik_available": 0,
        "cik_missing": 8,
        "evidence": {
          "no_strict_prior_positive_evidence": 8
        }
      },
      "PRTYQ": {
        "observations": 276,
        "first_session": "2018-04-02",
        "last_session": "2022-09-16",
        "cik_available": 0,
        "cik_missing": 276,
        "evidence": {
          "no_strict_prior_positive_evidence": 276
        }
      },
      "CLLS": {
        "observations": 5,
        "first_session": "2018-04-10",
        "last_session": "2018-04-19",
        "cik_available": 0,
        "cik_missing": 5,
        "evidence": {
          "no_strict_prior_positive_evidence": 5
        }
      },
      "SJR": {
        "observations": 132,
        "first_session": "2018-04-13",
        "last_session": "2023-03-31",
        "cik_available": 0,
        "cik_missing": 132,
        "evidence": {
          "no_strict_prior_positive_evidence": 132
        }
      },
      "HTT": {
        "observations": 366,
        "first_session": "2018-04-20",
        "last_session": "2021-04-06",
        "cik_available": 0,
        "cik_missing": 366,
        "evidence": {
          "no_strict_prior_positive_evidence": 366
        }
      },
      "WRD1": {
        "observations": 172,
        "first_session": "2018-05-07",
        "last_session": "2019-01-31",
        "cik_available": 0,
        "cik_missing": 172,
        "evidence": {
          "no_strict_prior_positive_evidence": 172
        }
      },
      "AZULQ": {
        "observations": 750,
        "first_session": "2018-05-15",
        "last_session": "2023-08-03",
        "cik_available": 0,
        "cik_missing": 750,
        "evidence": {
          "no_strict_prior_positive_evidence": 750
        }
      },
      "CADE3": {
        "observations": 541,
        "first_session": "2018-05-22",
        "last_session": "2021-10-28",
        "cik_available": 0,
        "cik_missing": 541,
        "evidence": {
          "no_strict_prior_positive_evidence": 541
        }
      },
      "SAIL1": {
        "observations": 1006,
        "first_session": "2018-05-22",
        "last_session": "2022-08-15",
        "cik_available": 0,
        "cik_missing": 1006,
        "evidence": {
          "no_strict_prior_positive_evidence": 1006
        }
      },
      "LOMA": {
        "observations": 6,
        "first_session": "2018-05-25",
        "last_session": "2018-06-05",
        "cik_available": 0,
        "cik_missing": 6,
        "evidence": {
          "no_strict_prior_positive_evidence": 6
        }
      },
      "SOGO": {
        "observations": 81,
        "first_session": "2018-06-06",
        "last_session": "2020-08-25",
        "cik_available": 0,
        "cik_missing": 81,
        "evidence": {
          "no_strict_prior_positive_evidence": 81
        }
      },
      "PTEIQ": {
        "observations": 34,
        "first_session": "2018-06-11",
        "last_session": "2018-07-27",
        "cik_available": 0,
        "cik_missing": 34,
        "evidence": {
          "no_strict_prior_positive_evidence": 34
        }
      },
      "ENBL": {
        "observations": 16,
        "first_session": "2018-06-15",
        "last_session": "2020-03-17",
        "cik_available": 16,
        "cik_missing": 0,
        "evidence": {
          "no_strict_prior_positive_evidence": 16
        }
      },
      "CASSQ": {
        "observations": 25,
        "first_session": "2018-06-19",
        "last_session": "2022-05-11",
        "cik_available": 0,
        "cik_missing": 25,
        "evidence": {
          "no_strict_prior_positive_evidence": 25
        }
      },
      "ORIG": {
        "observations": 68,
        "first_session": "2018-06-27",
        "last_session": "2018-11-14",
        "cik_available": 0,
        "cik_missing": 68,
        "evidence": {
          "no_strict_prior_positive_evidence": 68
        }
      },
      "TGE1": {
        "observations": 372,
        "first_session": "2018-06-27",
        "last_session": "2020-04-16",
        "cik_available": 0,
        "cik_missing": 372,
        "evidence": {
          "no_strict_prior_positive_evidence": 372
        }
      },
      "PFBC": {
        "observations": 16,
        "first_session": "2018-07-10",
        "last_session": "2018-08-01",
        "cik_available": 16,
        "cik_missing": 0,
        "evidence": {
          "no_strict_prior_positive_evidence": 16
        }
      },
      "AVYAQ": {
        "observations": 718,
        "first_session": "2018-07-18",
        "last_session": "2022-10-03",
        "cik_available": 0,
        "cik_missing": 718,
        "evidence": {
          "no_strict_prior_positive_evidence": 718
        }
      },
      "SRE-PA": {
        "observations": 28,
        "first_session": "2018-07-18",
        "last_session": "2021-01-14",
        "cik_available": 0,
        "cik_missing": 28,
        "evidence": {
          "no_strict_prior_positive_evidence": 28
        }
      },
      "FUN": {
        "observations": 391,
        "first_session": "2018-08-02",
        "last_session": "2024-07-01",
        "cik_available": 391,
        "cik_missing": 0,
        "evidence": {
          "sec_positive_strict_prior_cik_mismatch": 391
        }
      },
      "VRAYQ": {
        "observations": 22,
        "first_session": "2018-08-02",
        "last_session": "2021-02-01",
        "cik_available": 0,
        "cik_missing": 22,
        "evidence": {
          "no_strict_prior_positive_evidence": 22
        }
      },
      "CENTA": {
        "observations": 15,
        "first_session": "2018-08-16",
        "last_session": "2018-09-06",
        "cik_available": 0,
        "cik_missing": 15,
        "evidence": {
          "no_strict_prior_positive_evidence": 15
        }
      },
      "KL": {
        "observations": 870,
        "first_session": "2018-08-20",
        "last_session": "2022-02-08",
        "cik_available": 0,
        "cik_missing": 870,
        "evidence": {
          "no_strict_prior_positive_evidence": 870
        }
      },
      "AFMDQ": {
        "observations": 43,
        "first_session": "2018-08-30",
        "last_session": "2021-05-19",
        "cik_available": 0,
        "cik_missing": 43,
        "evidence": {
          "no_strict_prior_positive_evidence": 43
        }
      },
      "KTWO1": {
        "observations": 50,
        "first_session": "2018-08-30",
        "last_session": "2018-11-08",
        "cik_available": 0,
        "cik_missing": 50,
        "evidence": {
          "no_strict_prior_positive_evidence": 50
        }
      },
      "NVTAQ": {
        "observations": 1002,
        "first_session": "2018-09-14",
        "last_session": "2023-03-06",
        "cik_available": 0,
        "cik_missing": 1002,
        "evidence": {
          "no_strict_prior_positive_evidence": 1002
        }
      },
      "NBEVQ": {
        "observations": 169,
        "first_session": "2018-09-19",
        "last_session": "2019-05-22",
        "cik_available": 0,
        "cik_missing": 169,
        "evidence": {
          "no_strict_prior_positive_evidence": 169
        }
      },
      "KMI-PA": {
        "observations": 12,
        "first_session": "2018-10-10",
        "last_session": "2018-10-25",
        "cik_available": 0,
        "cik_missing": 12,
        "evidence": {
          "no_strict_prior_positive_evidence": 12
        }
      },
      "CCI-PA": {
        "observations": 86,
        "first_session": "2018-10-19",
        "last_session": "2020-07-31",
        "cik_available": 0,
        "cik_missing": 86,
        "evidence": {
          "no_strict_prior_positive_evidence": 86
        }
      },
      "HES-PA": {
        "observations": 4,
        "first_session": "2018-10-19",
        "last_session": "2018-11-13",
        "cik_available": 0,
        "cik_missing": 4,
        "evidence": {
          "no_strict_prior_positive_evidence": 4
        }
      },
      "ET": {
        "observations": 1951,
        "first_session": "2018-10-24",
        "last_session": "2026-07-31",
        "cik_available": 1951,
        "cik_missing": 0,
        "evidence": {
          "sec_positive_strict_prior_cik_mismatch": 1951
        }
      },
      "GLIBA1": {
        "observations": 488,
        "first_session": "2018-10-25",
        "last_session": "2020-12-18",
        "cik_available": 0,
        "cik_missing": 488,
        "evidence": {
          "no_strict_prior_positive_evidence": 488
        }
      },
      "VLP": {
        "observations": 50,
        "first_session": "2018-10-26",
        "last_session": "2019-01-09",
        "cik_available": 50,
        "cik_missing": 0,
        "evidence": {
          "no_strict_prior_positive_evidence": 50
        }
      },
      "JPM-PD": {
        "observations": 12,
        "first_session": "2018-10-29",
        "last_session": "2018-11-15",
        "cik_available": 0,
        "cik_missing": 12,
        "evidence": {
          "no_strict_prior_positive_evidence": 12
        }
      },
      "HEI.A": {
        "observations": 1762,
        "first_session": "2018-11-06",
        "last_session": "2026-07-31",
        "cik_available": 0,
        "cik_missing": 1762,
        "evidence": {
          "no_strict_prior_positive_evidence": 1762
        }
      },
      "PS1": {
        "observations": 548,
        "first_session": "2018-11-14",
        "last_session": "2021-04-05",
        "cik_available": 0,
        "cik_missing": 548,
        "evidence": {
          "no_strict_prior_positive_evidence": 548
        }
      },
      "CUB1": {
        "observations": 253,
        "first_session": "2018-11-29",
        "last_session": "2021-05-24",
        "cik_available": 0,
        "cik_missing": 253,
        "evidence": {
          "no_strict_prior_positive_evidence": 253
        }
      },
      "HTO": {
        "observations": 107,
        "first_session": "2018-12-06",
        "last_session": "2023-08-22",
        "cik_available": 107,
        "cik_missing": 0,
        "evidence": {
          "sec_positive_strict_prior_cik_mismatch": 107
        }
      },
      "EQGP": {
        "observations": 10,
        "first_session": "2018-12-12",
        "last_session": "2018-12-31",
        "cik_available": 10,
        "cik_missing": 0,
        "evidence": {
          "no_strict_prior_positive_evidence": 10
        }
      },
      "MRINQ": {
        "observations": 106,
        "first_session": "2018-12-24",
        "last_session": "2022-01-13",
        "cik_available": 0,
        "cik_missing": 106,
        "evidence": {
          "no_strict_prior_positive_evidence": 106
        }
      },
      "NEE-PR1": {
        "observations": 19,
        "first_session": "2019-01-31",
        "last_session": "2019-08-30",
        "cik_available": 0,
        "cik_missing": 19,
        "evidence": {
          "no_strict_prior_positive_evidence": 19
        }
      },
      "AMRSQ": {
        "observations": 392,
        "first_session": "2019-02-06",
        "last_session": "2022-10-11",
        "cik_available": 0,
        "cik_missing": 392,
        "evidence": {
          "no_strict_prior_positive_evidence": 392
        }
      },
      "ATTU": {
        "observations": 25,
        "first_session": "2019-02-08",
        "last_session": "2019-03-20",
        "cik_available": 0,
        "cik_missing": 25,
        "evidence": {
          "no_strict_prior_positive_evidence": 25
        }
      },
      "WELL-PI": {
        "observations": 6,
        "first_session": "2019-02-20",
        "last_session": "2019-02-27",
        "cik_available": 0,
        "cik_missing": 6,
        "evidence": {
          "no_strict_prior_positive_evidence": 6
        }
      },
      "BPYU": {
        "observations": 181,
        "first_session": "2019-03-01",
        "last_session": "2021-07-26",
        "cik_available": 29,
        "cik_missing": 152,
        "evidence": {
          "no_strict_prior_positive_evidence": 181
        }
      },
      "NITE1": {
        "observations": 10,
        "first_session": "2019-03-05",
        "last_session": "2019-03-29",
        "cik_available": 0,
        "cik_missing": 10,
        "evidence": {
          "no_strict_prior_positive_evidence": 10
        }
      },
      "SEELQ": {
        "observations": 75,
        "first_session": "2019-03-08",
        "last_session": "2021-06-14",
        "cik_available": 0,
        "cik_missing": 75,
        "evidence": {
          "no_strict_prior_positive_evidence": 75
        }
      },
      "QTT": {
        "observations": 73,
        "first_session": "2019-03-19",
        "last_session": "2021-03-22",
        "cik_available": 0,
        "cik_missing": 73,
        "evidence": {
          "no_strict_prior_positive_evidence": 73
        }
      },
      "NSTGQ": {
        "observations": 370,
        "first_session": "2019-03-20",
        "last_session": "2022-05-11",
        "cik_available": 0,
        "cik_missing": 370,
        "evidence": {
          "no_strict_prior_positive_evidence": 370
        }
      },
      "FTCHF": {
        "observations": 1160,
        "first_session": "2019-03-26",
        "last_session": "2023-12-08",
        "cik_available": 0,
        "cik_missing": 1160,
        "evidence": {
          "no_strict_prior_positive_evidence": 1160
        }
      },
      "HF1": {
        "observations": 34,
        "first_session": "2019-04-01",
        "last_session": "2019-07-01",
        "cik_available": 0,
        "cik_missing": 34,
        "evidence": {
          "no_strict_prior_positive_evidence": 34
        }
      },
      "TIER1": {
        "observations": 15,
        "first_session": "2019-04-02",
        "last_session": "2019-04-23",
        "cik_available": 0,
        "cik_missing": 15,
        "evidence": {
          "no_strict_prior_positive_evidence": 15
        }
      },
      "TCDAQ": {
        "observations": 17,
        "first_session": "2019-04-04",
        "last_session": "2019-04-29",
        "cik_available": 0,
        "cik_missing": 17,
        "evidence": {
          "no_strict_prior_positive_evidence": 17
        }
      },
      "APHA": {
        "observations": 399,
        "first_session": "2019-05-08",
        "last_session": "2021-04-30",
        "cik_available": 0,
        "cik_missing": 399,
        "evidence": {
          "no_strict_prior_positive_evidence": 399
        }
      },
      "DFS": {
        "observations": 2,
        "first_session": "2019-05-16",
        "last_session": "2019-05-17",
        "cik_available": 2,
        "cik_missing": 0,
        "evidence": {
          "sec_positive_strict_prior_cik_mismatch": 2
        }
      },
      "DCUD": {
        "observations": 24,
        "first_session": "2019-06-11",
        "last_session": "2019-08-14",
        "cik_available": 0,
        "cik_missing": 24,
        "evidence": {
          "no_strict_prior_positive_evidence": 24
        }
      },
      "MLNTQ": {
        "observations": 20,
        "first_session": "2019-06-19",
        "last_session": "2019-07-17",
        "cik_available": 0,
        "cik_missing": 20,
        "evidence": {
          "no_strict_prior_positive_evidence": 20
        }
      },
      "AG": {
        "observations": 1786,
        "first_session": "2019-06-24",
        "last_session": "2026-07-31",
        "cik_available": 1786,
        "cik_missing": 0,
        "evidence": {
          "sec_positive_strict_prior_cik_mismatch": 1786
        }
      },
      "GMAB": {
        "observations": 927,
        "first_session": "2019-08-14",
        "last_session": "2026-07-31",
        "cik_available": 0,
        "cik_missing": 927,
        "evidence": {
          "no_strict_prior_positive_evidence": 927
        }
      },
      "FOXA": {
        "observations": 1731,
        "first_session": "2019-09-11",
        "last_session": "2026-07-31",
        "cik_available": 0,
        "cik_missing": 1731,
        "evidence": {
          "no_strict_prior_positive_evidence": 1731
        }
      },
      "VET": {
        "observations": 464,
        "first_session": "2019-09-20",
        "last_session": "2026-05-29",
        "cik_available": 0,
        "cik_missing": 464,
        "evidence": {
          "no_strict_prior_positive_evidence": 464
        }
      },
      "NEE-PO": {
        "observations": 123,
        "first_session": "2019-09-30",
        "last_session": "2022-08-31",
        "cik_available": 0,
        "cik_missing": 123,
        "evidence": {
          "no_strict_prior_positive_evidence": 123
        }
      },
      "ALC": {
        "observations": 1712,
        "first_session": "2019-10-08",
        "last_session": "2026-07-31",
        "cik_available": 1712,
        "cik_missing": 0,
        "evidence": {
          "sec_positive_strict_prior_cik_mismatch": 1712
        }
      },
      "SYNE": {
        "observations": 8,
        "first_session": "2019-10-14",
        "last_session": "2019-11-08",
        "cik_available": 0,
        "cik_missing": 8,
        "evidence": {
          "no_strict_prior_positive_evidence": 8
        }
      },
      "CMBT": {
        "observations": 690,
        "first_session": "2019-10-18",
        "last_session": "2026-06-26",
        "cik_available": 0,
        "cik_missing": 690,
        "evidence": {
          "no_strict_prior_positive_evidence": 690
        }
      },
      "AQN": {
        "observations": 1290,
        "first_session": "2019-10-22",
        "last_session": "2026-07-31",
        "cik_available": 293,
        "cik_missing": 997,
        "evidence": {
          "no_strict_prior_positive_evidence": 1290
        }
      },
      "WTRU": {
        "observations": 2,
        "first_session": "2019-11-06",
        "last_session": "2019-11-07",
        "cik_available": 0,
        "cik_missing": 2,
        "evidence": {
          "no_strict_prior_positive_evidence": 2
        }
      },
      "DHR-PA": {
        "observations": 165,
        "first_session": "2019-11-13",
        "last_session": "2022-04-14",
        "cik_available": 0,
        "cik_missing": 165,
        "evidence": {
          "no_strict_prior_positive_evidence": 165
        }
      },
      "WLK": {
        "observations": 14,
        "first_session": "2019-11-13",
        "last_session": "2019-12-03",
        "cik_available": 14,
        "cik_missing": 0,
        "evidence": {
          "sec_positive_strict_prior_cik_mismatch": 14
        }
      },
      "RXN-PA": {
        "observations": 1,
        "first_session": "2019-11-14",
        "last_session": "2019-11-14",
        "cik_available": 0,
        "cik_missing": 1,
        "evidence": {
          "no_strict_prior_positive_evidence": 1
        }
      },
      "CCXI1": {
        "observations": 701,
        "first_session": "2019-11-26",
        "last_session": "2022-10-19",
        "cik_available": 0,
        "cik_missing": 701,
        "evidence": {
          "no_strict_prior_positive_evidence": 701
        }
      },
      "SAFE2": {
        "observations": 54,
        "first_session": "2019-12-02",
        "last_session": "2022-03-30",
        "cik_available": 0,
        "cik_missing": 54,
        "evidence": {
          "no_strict_prior_positive_evidence": 54
        }
      },
      "THOR2": {
        "observations": 30,
        "first_session": "2019-12-09",
        "last_session": "2020-01-22",
        "cik_available": 0,
        "cik_missing": 30,
        "evidence": {
          "no_strict_prior_positive_evidence": 30
        }
      },
      "FWONK": {
        "observations": 1200,
        "first_session": "2019-12-10",
        "last_session": "2024-09-18",
        "cik_available": 1200,
        "cik_missing": 0,
        "evidence": {
          "sec_positive_strict_prior_cik_mismatch": 1200
        }
      },
      "ATNXQ": {
        "observations": 57,
        "first_session": "2019-12-13",
        "last_session": "2021-06-02",
        "cik_available": 0,
        "cik_missing": 57,
        "evidence": {
          "no_strict_prior_positive_evidence": 57
        }
      },
      "FLNA": {
        "observations": 885,
        "first_session": "2019-12-27",
        "last_session": "2025-10-20",
        "cik_available": 0,
        "cik_missing": 885,
        "evidence": {
          "no_strict_prior_positive_evidence": 885
        }
      },
      "PRMW1": {
        "observations": 15,
        "first_session": "2020-01-16",
        "last_session": "2020-02-11",
        "cik_available": 0,
        "cik_missing": 15,
        "evidence": {
          "no_strict_prior_positive_evidence": 15
        }
      },
      "JMIA": {
        "observations": 836,
        "first_session": "2020-01-22",
        "last_session": "2026-06-04",
        "cik_available": 20,
        "cik_missing": 816,
        "evidence": {
          "no_strict_prior_positive_evidence": 836
        }
      },
      "TRIL1": {
        "observations": 171,
        "first_session": "2020-01-22",
        "last_session": "2021-11-16",
        "cik_available": 0,
        "cik_missing": 171,
        "evidence": {
          "no_strict_prior_positive_evidence": 171
        }
      },
      "ADAPY": {
        "observations": 39,
        "first_session": "2020-01-28",
        "last_session": "2021-09-29",
        "cik_available": 0,
        "cik_missing": 39,
        "evidence": {
          "no_strict_prior_positive_evidence": 39
        }
      },
      "TU": {
        "observations": 1515,
        "first_session": "2020-02-13",
        "last_session": "2026-07-31",
        "cik_available": 0,
        "cik_missing": 1515,
        "evidence": {
          "no_strict_prior_positive_evidence": 1515
        }
      },
      "OPB": {
        "observations": 2,
        "first_session": "2020-02-24",
        "last_session": "2020-02-25",
        "cik_available": 0,
        "cik_missing": 2,
        "evidence": {
          "no_strict_prior_positive_evidence": 2
        }
      },
      "AVX1": {
        "observations": 22,
        "first_session": "2020-02-27",
        "last_session": "2020-03-27",
        "cik_available": 0,
        "cik_missing": 22,
        "evidence": {
          "no_strict_prior_positive_evidence": 22
        }
      },
      "BEP": {
        "observations": 357,
        "first_session": "2020-02-27",
        "last_session": "2026-07-31",
        "cik_available": 357,
        "cik_missing": 0,
        "evidence": {
          "no_strict_prior_positive_evidence": 357
        }
      },
      "AHPIQ": {
        "observations": 70,
        "first_session": "2020-02-28",
        "last_session": "2021-12-21",
        "cik_available": 0,
        "cik_missing": 70,
        "evidence": {
          "no_strict_prior_positive_evidence": 70
        }
      },
      "NKLAQ": {
        "observations": 930,
        "first_session": "2020-03-04",
        "last_session": "2025-01-17",
        "cik_available": 0,
        "cik_missing": 930,
        "evidence": {
          "no_strict_prior_positive_evidence": 930
        }
      },
      "SDCCQ": {
        "observations": 472,
        "first_session": "2020-03-13",
        "last_session": "2022-02-16",
        "cik_available": 0,
        "cik_missing": 472,
        "evidence": {
          "no_strict_prior_positive_evidence": 472
        }
      },
      "ASAPQ": {
        "observations": 96,
        "first_session": "2020-03-19",
        "last_session": "2021-11-19",
        "cik_available": 0,
        "cik_missing": 96,
        "evidence": {
          "no_strict_prior_positive_evidence": 96
        }
      },
      "DCUE": {
        "observations": 48,
        "first_session": "2020-03-19",
        "last_session": "2022-05-31",
        "cik_available": 0,
        "cik_missing": 48,
        "evidence": {
          "no_strict_prior_positive_evidence": 48
        }
      },
      "AVGOP": {
        "observations": 251,
        "first_session": "2020-04-06",
        "last_session": "2022-09-29",
        "cik_available": 0,
        "cik_missing": 251,
        "evidence": {
          "no_strict_prior_positive_evidence": 251
        }
      },
      "ICDI": {
        "observations": 7,
        "first_session": "2020-04-13",
        "last_session": "2020-04-21",
        "cik_available": 0,
        "cik_missing": 7,
        "evidence": {
          "no_strict_prior_positive_evidence": 7
        }
      },
      "EQX": {
        "observations": 553,
        "first_session": "2020-04-24",
        "last_session": "2026-07-31",
        "cik_available": 0,
        "cik_missing": 553,
        "evidence": {
          "no_strict_prior_positive_evidence": 553
        }
      },
      "LMNX1": {
        "observations": 155,
        "first_session": "2020-05-04",
        "last_session": "2021-06-09",
        "cik_available": 0,
        "cik_missing": 155,
        "evidence": {
          "no_strict_prior_positive_evidence": 155
        }
      },
      "SWP1": {
        "observations": 6,
        "first_session": "2020-05-05",
        "last_session": "2020-05-14",
        "cik_available": 0,
        "cik_missing": 6,
        "evidence": {
          "no_strict_prior_positive_evidence": 6
        }
      },
      "ZYXIQ": {
        "observations": 60,
        "first_session": "2020-05-18",
        "last_session": "2020-08-19",
        "cik_available": 0,
        "cik_missing": 60,
        "evidence": {
          "no_strict_prior_positive_evidence": 60
        }
      },
      "VIVO1": {
        "observations": 91,
        "first_session": "2020-06-01",
        "last_session": "2023-01-30",
        "cik_available": 0,
        "cik_missing": 91,
        "evidence": {
          "no_strict_prior_positive_evidence": 91
        }
      },
      "TTCFQ": {
        "observations": 326,
        "first_session": "2020-06-03",
        "last_session": "2021-12-15",
        "cik_available": 0,
        "cik_missing": 326,
        "evidence": {
          "no_strict_prior_positive_evidence": 326
        }
      },
      "ARCE": {
        "observations": 13,
        "first_session": "2020-06-08",
        "last_session": "2020-06-29",
        "cik_available": 0,
        "cik_missing": 13,
        "evidence": {
          "no_strict_prior_positive_evidence": 13
        }
      },
      "HEXO": {
        "observations": 169,
        "first_session": "2020-06-08",
        "last_session": "2021-11-29",
        "cik_available": 0,
        "cik_missing": 169,
        "evidence": {
          "no_strict_prior_positive_evidence": 169
        }
      },
      "UTZ": {
        "observations": 16,
        "first_session": "2020-06-10",
        "last_session": "2020-07-02",
        "cik_available": 16,
        "cik_missing": 0,
        "evidence": {
          "sec_positive_strict_prior_cik_mismatch": 16
        }
      },
      "WAFU": {
        "observations": 15,
        "first_session": "2020-06-11",
        "last_session": "2021-04-27",
        "cik_available": 0,
        "cik_missing": 15,
        "evidence": {
          "no_strict_prior_positive_evidence": 15
        }
      },
      "IDEXQ": {
        "observations": 255,
        "first_session": "2020-06-17",
        "last_session": "2021-12-08",
        "cik_available": 0,
        "cik_missing": 255,
        "evidence": {
          "no_strict_prior_positive_evidence": 255
        }
      },
      "FSM": {
        "observations": 911,
        "first_session": "2020-06-19",
        "last_session": "2026-07-31",
        "cik_available": 911,
        "cik_missing": 0,
        "evidence": {
          "no_strict_prior_positive_evidence": 911
        }
      },
      "TBIO1": {
        "observations": 198,
        "first_session": "2020-06-23",
        "last_session": "2021-09-13",
        "cik_available": 0,
        "cik_missing": 198,
        "evidence": {
          "no_strict_prior_positive_evidence": 198
        }
      },
      "MDVLQ": {
        "observations": 19,
        "first_session": "2020-07-01",
        "last_session": "2022-05-11",
        "cik_available": 0,
        "cik_missing": 19,
        "evidence": {
          "no_strict_prior_positive_evidence": 19
        }
      },
      "FSRNQ": {
        "observations": 884,
        "first_session": "2020-07-09",
        "last_session": "2024-01-12",
        "cik_available": 0,
        "cik_missing": 884,
        "evidence": {
          "no_strict_prior_positive_evidence": 884
        }
      },
      "IMVIQ": {
        "observations": 6,
        "first_session": "2020-07-21",
        "last_session": "2020-08-05",
        "cik_available": 0,
        "cik_missing": 6,
        "evidence": {
          "no_strict_prior_positive_evidence": 6
        }
      },
      "NOVNQ": {
        "observations": 64,
        "first_session": "2020-07-21",
        "last_session": "2021-07-12",
        "cik_available": 0,
        "cik_missing": 64,
        "evidence": {
          "no_strict_prior_positive_evidence": 64
        }
      },
      "RIDEQ": {
        "observations": 427,
        "first_session": "2020-08-04",
        "last_session": "2022-06-09",
        "cik_available": 0,
        "cik_missing": 427,
        "evidence": {
          "no_strict_prior_positive_evidence": 427
        }
      },
      "AVCTQ": {
        "observations": 48,
        "first_session": "2020-08-06",
        "last_session": "2022-10-21",
        "cik_available": 0,
        "cik_missing": 48,
        "evidence": {
          "no_strict_prior_positive_evidence": 48
        }
      },
      "OTRKQ": {
        "observations": 182,
        "first_session": "2020-08-06",
        "last_session": "2021-11-18",
        "cik_available": 0,
        "cik_missing": 182,
        "evidence": {
          "no_strict_prior_positive_evidence": 182
        }
      },
      "OCFT": {
        "observations": 50,
        "first_session": "2020-08-13",
        "last_session": "2021-07-09",
        "cik_available": 0,
        "cik_missing": 50,
        "evidence": {
          "no_strict_prior_positive_evidence": 50
        }
      },
      "BFXXQ": {
        "observations": 166,
        "first_session": "2020-08-24",
        "last_session": "2021-04-21",
        "cik_available": 0,
        "cik_missing": 166,
        "evidence": {
          "no_strict_prior_positive_evidence": 166
        }
      },
      "HUD": {
        "observations": 18,
        "first_session": "2020-08-24",
        "last_session": "2020-09-17",
        "cik_available": 0,
        "cik_missing": 18,
        "evidence": {
          "no_strict_prior_positive_evidence": 18
        }
      },
      "GFL": {
        "observations": 1453,
        "first_session": "2020-08-31",
        "last_session": "2026-07-31",
        "cik_available": 0,
        "cik_missing": 1453,
        "evidence": {
          "no_strict_prior_positive_evidence": 1453
        }
      },
      "DM": {
        "observations": 27,
        "first_session": "2020-09-02",
        "last_session": "2020-12-11",
        "cik_available": 27,
        "cik_missing": 0,
        "evidence": {
          "sec_positive_strict_prior_cik_mismatch": 27
        }
      },
      "FIRY": {
        "observations": 444,
        "first_session": "2020-09-03",
        "last_session": "2026-05-20",
        "cik_available": 0,
        "cik_missing": 444,
        "evidence": {
          "no_strict_prior_positive_evidence": 444
        }
      },
      "PLM": {
        "observations": 8,
        "first_session": "2020-09-04",
        "last_session": "2020-09-28",
        "cik_available": 0,
        "cik_missing": 8,
        "evidence": {
          "no_strict_prior_positive_evidence": 8
        }
      },
      "YTENQ": {
        "observations": 3,
        "first_session": "2020-09-10",
        "last_session": "2020-09-14",
        "cik_available": 0,
        "cik_missing": 3,
        "evidence": {
          "no_strict_prior_positive_evidence": 3
        }
      },
      "GOEVQ": {
        "observations": 335,
        "first_session": "2020-09-11",
        "last_session": "2024-04-23",
        "cik_available": 0,
        "cik_missing": 335,
        "evidence": {
          "no_strict_prior_positive_evidence": 335
        }
      },
      "LAR": {
        "observations": 881,
        "first_session": "2020-09-21",
        "last_session": "2026-06-18",
        "cik_available": 0,
        "cik_missing": 881,
        "evidence": {
          "no_strict_prior_positive_evidence": 881
        }
      },
      "SPIEF": {
        "observations": 81,
        "first_session": "2020-09-23",
        "last_session": "2021-02-22",
        "cik_available": 0,
        "cik_missing": 81,
        "evidence": {
          "no_strict_prior_positive_evidence": 81
        }
      },
      "SUNWQ": {
        "observations": 179,
        "first_session": "2020-09-24",
        "last_session": "2021-07-12",
        "cik_available": 0,
        "cik_missing": 179,
        "evidence": {
          "no_strict_prior_positive_evidence": 179
        }
      },
      "JENGQ": {
        "observations": 58,
        "first_session": "2020-09-29",
        "last_session": "2021-03-19",
        "cik_available": 0,
        "cik_missing": 58,
        "evidence": {
          "no_strict_prior_positive_evidence": 58
        }
      },
      "ISUNQ": {
        "observations": 35,
        "first_session": "2020-09-30",
        "last_session": "2021-02-11",
        "cik_available": 0,
        "cik_missing": 35,
        "evidence": {
          "no_strict_prior_positive_evidence": 35
        }
      },
      "ENLV": {
        "observations": 14,
        "first_session": "2020-10-02",
        "last_session": "2021-03-04",
        "cik_available": 14,
        "cik_missing": 0,
        "evidence": {
          "sec_positive_strict_prior_cik_mismatch": 14
        }
      },
      "NEE-PP": {
        "observations": 108,
        "first_session": "2020-10-06",
        "last_session": "2023-02-28",
        "cik_available": 0,
        "cik_missing": 108,
        "evidence": {
          "no_strict_prior_positive_evidence": 108
        }
      },
      "XYLO": {
        "observations": 3,
        "first_session": "2020-10-13",
        "last_session": "2020-10-23",
        "cik_available": 0,
        "cik_missing": 3,
        "evidence": {
          "no_strict_prior_positive_evidence": 3
        }
      },
      "WEIDY": {
        "observations": 9,
        "first_session": "2020-10-20",
        "last_session": "2020-11-12",
        "cik_available": 0,
        "cik_missing": 9,
        "evidence": {
          "no_strict_prior_positive_evidence": 9
        }
      },
      "EVKG": {
        "observations": 9,
        "first_session": "2020-10-23",
        "last_session": "2021-08-12",
        "cik_available": 0,
        "cik_missing": 9,
        "evidence": {
          "no_strict_prior_positive_evidence": 9
        }
      },
      "WTRE1": {
        "observations": 5,
        "first_session": "2020-10-28",
        "last_session": "2020-11-05",
        "cik_available": 0,
        "cik_missing": 5,
        "evidence": {
          "no_strict_prior_positive_evidence": 5
        }
      },
      "SKIL": {
        "observations": 19,
        "first_session": "2020-10-29",
        "last_session": "2021-02-10",
        "cik_available": 19,
        "cik_missing": 0,
        "evidence": {
          "sec_positive_strict_prior_cik_mismatch": 19
        }
      },
      "AVTR-PA": {
        "observations": 18,
        "first_session": "2020-11-06",
        "last_session": "2022-05-13",
        "cik_available": 0,
        "cik_missing": 18,
        "evidence": {
          "no_strict_prior_positive_evidence": 18
        }
      },
      "DNK": {
        "observations": 8,
        "first_session": "2020-11-18",
        "last_session": "2020-12-04",
        "cik_available": 0,
        "cik_missing": 8,
        "evidence": {
          "no_strict_prior_positive_evidence": 8
        }
      },
      "ARVLF": {
        "observations": 312,
        "first_session": "2020-11-19",
        "last_session": "2022-05-17",
        "cik_available": 0,
        "cik_missing": 312,
        "evidence": {
          "no_strict_prior_positive_evidence": 312
        }
      },
      "FUVV": {
        "observations": 139,
        "first_session": "2020-11-19",
        "last_session": "2021-07-28",
        "cik_available": 0,
        "cik_missing": 139,
        "evidence": {
          "no_strict_prior_positive_evidence": 139
        }
      },
      "GP": {
        "observations": 56,
        "first_session": "2020-11-20",
        "last_session": "2021-02-18",
        "cik_available": 0,
        "cik_missing": 56,
        "evidence": {
          "no_strict_prior_positive_evidence": 56
        }
      },
      "CYTOF": {
        "observations": 26,
        "first_session": "2020-12-01",
        "last_session": "2021-11-23",
        "cik_available": 0,
        "cik_missing": 26,
        "evidence": {
          "no_strict_prior_positive_evidence": 26
        }
      },
      "DADA": {
        "observations": 277,
        "first_session": "2020-12-03",
        "last_session": "2023-02-23",
        "cik_available": 0,
        "cik_missing": 277,
        "evidence": {
          "no_strict_prior_positive_evidence": 277
        }
      },
      "ADNH": {
        "observations": 48,
        "first_session": "2020-12-09",
        "last_session": "2022-07-19",
        "cik_available": 0,
        "cik_missing": 48,
        "evidence": {
          "no_strict_prior_positive_evidence": 48
        }
      },
      "ZEVY": {
        "observations": 104,
        "first_session": "2020-12-11",
        "last_session": "2021-09-28",
        "cik_available": 0,
        "cik_missing": 104,
        "evidence": {
          "no_strict_prior_positive_evidence": 104
        }
      },
      "FREHY": {
        "observations": 3,
        "first_session": "2020-12-14",
        "last_session": "2021-03-10",
        "cik_available": 0,
        "cik_missing": 3,
        "evidence": {
          "no_strict_prior_positive_evidence": 3
        }
      },
      "SICPQ": {
        "observations": 581,
        "first_session": "2020-12-14",
        "last_session": "2023-04-19",
        "cik_available": 0,
        "cik_missing": 581,
        "evidence": {
          "no_strict_prior_positive_evidence": 581
        }
      },
      "TRIRF": {
        "observations": 62,
        "first_session": "2020-12-17",
        "last_session": "2021-11-12",
        "cik_available": 0,
        "cik_missing": 62,
        "evidence": {
          "no_strict_prior_positive_evidence": 62
        }
      },
      "CUROQ": {
        "observations": 14,
        "first_session": "2020-12-18",
        "last_session": "2021-01-19",
        "cik_available": 0,
        "cik_missing": 14,
        "evidence": {
          "no_strict_prior_positive_evidence": 14
        }
      },
      "API": {
        "observations": 245,
        "first_session": "2020-12-24",
        "last_session": "2024-10-10",
        "cik_available": 245,
        "cik_missing": 0,
        "evidence": {
          "sec_positive_strict_prior_cik_mismatch": 245
        }
      },
      "EQOSQ": {
        "observations": 39,
        "first_session": "2020-12-28",
        "last_session": "2021-11-23",
        "cik_available": 0,
        "cik_missing": 39,
        "evidence": {
          "no_strict_prior_positive_evidence": 39
        }
      },
      "PLG": {
        "observations": 4,
        "first_session": "2020-12-28",
        "last_session": "2021-01-06",
        "cik_available": 0,
        "cik_missing": 4,
        "evidence": {
          "no_strict_prior_positive_evidence": 4
        }
      },
      "DNMRQ": {
        "observations": 291,
        "first_session": "2020-12-30",
        "last_session": "2022-03-28",
        "cik_available": 0,
        "cik_missing": 291,
        "evidence": {
          "no_strict_prior_positive_evidence": 291
        }
      },
      "DMTKQ": {
        "observations": 159,
        "first_session": "2020-12-31",
        "last_session": "2021-08-18",
        "cik_available": 0,
        "cik_missing": 159,
        "evidence": {
          "no_strict_prior_positive_evidence": 159
        }
      },
      "MBAI": {
        "observations": 47,
        "first_session": "2021-01-04",
        "last_session": "2026-01-28",
        "cik_available": 0,
        "cik_missing": 47,
        "evidence": {
          "no_strict_prior_positive_evidence": 47
        }
      },
      "BSX-PA": {
        "observations": 30,
        "first_session": "2021-01-06",
        "last_session": "2023-05-31",
        "cik_available": 0,
        "cik_missing": 30,
        "evidence": {
          "no_strict_prior_positive_evidence": 30
        }
      },
      "PWCM": {
        "observations": 31,
        "first_session": "2021-01-08",
        "last_session": "2021-11-08",
        "cik_available": 0,
        "cik_missing": 31,
        "evidence": {
          "no_strict_prior_positive_evidence": 31
        }
      },
      "ENGC": {
        "observations": 21,
        "first_session": "2021-01-12",
        "last_session": "2021-02-10",
        "cik_available": 0,
        "cik_missing": 21,
        "evidence": {
          "no_strict_prior_positive_evidence": 21
        }
      },
      "OIGBQ": {
        "observations": 71,
        "first_session": "2021-01-12",
        "last_session": "2021-07-02",
        "cik_available": 0,
        "cik_missing": 71,
        "evidence": {
          "no_strict_prior_positive_evidence": 71
        }
      },
      "MTLS": {
        "observations": 61,
        "first_session": "2021-01-14",
        "last_session": "2021-04-13",
        "cik_available": 0,
        "cik_missing": 61,
        "evidence": {
          "no_strict_prior_positive_evidence": 61
        }
      },
      "OBSVF": {
        "observations": 33,
        "first_session": "2021-01-15",
        "last_session": "2021-03-09",
        "cik_available": 0,
        "cik_missing": 33,
        "evidence": {
          "no_strict_prior_positive_evidence": 33
        }
      },
      "FTV-PA": {
        "observations": 5,
        "first_session": "2021-01-19",
        "last_session": "2021-06-30",
        "cik_available": 0,
        "cik_missing": 5,
        "evidence": {
          "no_strict_prior_positive_evidence": 5
        }
      },
      "GRTSQ": {
        "observations": 56,
        "first_session": "2021-01-19",
        "last_session": "2022-01-28",
        "cik_available": 0,
        "cik_missing": 56,
        "evidence": {
          "no_strict_prior_positive_evidence": 56
        }
      },
      "DMKPQ": {
        "observations": 27,
        "first_session": "2021-01-20",
        "last_session": "2021-02-26",
        "cik_available": 0,
        "cik_missing": 27,
        "evidence": {
          "no_strict_prior_positive_evidence": 27
        }
      },
      "BEPC": {
        "observations": 1180,
        "first_session": "2021-01-25",
        "last_session": "2026-07-31",
        "cik_available": 0,
        "cik_missing": 1180,
        "evidence": {
          "no_strict_prior_positive_evidence": 1180
        }
      },
      "ITRMF": {
        "observations": 78,
        "first_session": "2021-01-26",
        "last_session": "2021-07-23",
        "cik_available": 0,
        "cik_missing": 78,
        "evidence": {
          "no_strict_prior_positive_evidence": 78
        }
      },
      "OGI": {
        "observations": 115,
        "first_session": "2021-01-26",
        "last_session": "2021-12-10",
        "cik_available": 0,
        "cik_missing": 115,
        "evidence": {
          "no_strict_prior_positive_evidence": 115
        }
      },
      "YARW": {
        "observations": 29,
        "first_session": "2021-01-27",
        "last_session": "2021-03-09",
        "cik_available": 0,
        "cik_missing": 29,
        "evidence": {
          "no_strict_prior_positive_evidence": 29
        }
      },
      "TMPOQ": {
        "observations": 5,
        "first_session": "2021-01-28",
        "last_session": "2021-02-03",
        "cik_available": 0,
        "cik_missing": 5,
        "evidence": {
          "no_strict_prior_positive_evidence": 5
        }
      },
      "DHR-PB": {
        "observations": 69,
        "first_session": "2021-01-29",
        "last_session": "2023-04-14",
        "cik_available": 0,
        "cik_missing": 69,
        "evidence": {
          "no_strict_prior_positive_evidence": 69
        }
      },
      "GOCOQ": {
        "observations": 85,
        "first_session": "2021-01-29",
        "last_session": "2021-10-04",
        "cik_available": 0,
        "cik_missing": 85,
        "evidence": {
          "no_strict_prior_positive_evidence": 85
        }
      },
      "NMTRQ": {
        "observations": 11,
        "first_session": "2021-01-29",
        "last_session": "2021-02-26",
        "cik_available": 0,
        "cik_missing": 11,
        "evidence": {
          "no_strict_prior_positive_evidence": 11
        }
      },
      "SNDL": {
        "observations": 105,
        "first_session": "2021-02-01",
        "last_session": "2024-04-23",
        "cik_available": 0,
        "cik_missing": 105,
        "evidence": {
          "no_strict_prior_positive_evidence": 105
        }
      },
      "LAIXY": {
        "observations": 9,
        "first_session": "2021-02-05",
        "last_session": "2021-02-26",
        "cik_available": 0,
        "cik_missing": 9,
        "evidence": {
          "no_strict_prior_positive_evidence": 9
        }
      },
      "MKDTY": {
        "observations": 10,
        "first_session": "2021-02-05",
        "last_session": "2021-02-19",
        "cik_available": 0,
        "cik_missing": 10,
        "evidence": {
          "no_strict_prior_positive_evidence": 10
        }
      },
      "TFII": {
        "observations": 1195,
        "first_session": "2021-02-05",
        "last_session": "2026-07-31",
        "cik_available": 0,
        "cik_missing": 1195,
        "evidence": {
          "no_strict_prior_positive_evidence": 1195
        }
      },
      "APPHQ": {
        "observations": 120,
        "first_session": "2021-02-08",
        "last_session": "2021-09-08",
        "cik_available": 0,
        "cik_missing": 120,
        "evidence": {
          "no_strict_prior_positive_evidence": 120
        }
      },
      "MMATQ": {
        "observations": 216,
        "first_session": "2021-02-08",
        "last_session": "2022-12-29",
        "cik_available": 0,
        "cik_missing": 216,
        "evidence": {
          "no_strict_prior_positive_evidence": 216
        }
      },
      "CLVV": {
        "observations": 32,
        "first_session": "2021-02-10",
        "last_session": "2022-04-07",
        "cik_available": 0,
        "cik_missing": 32,
        "evidence": {
          "no_strict_prior_positive_evidence": 32
        }
      },
      "GRCE": {
        "observations": 5,
        "first_session": "2021-02-10",
        "last_session": "2021-02-17",
        "cik_available": 0,
        "cik_missing": 5,
        "evidence": {
          "no_strict_prior_positive_evidence": 5
        }
      },
      "ORIO": {
        "observations": 62,
        "first_session": "2021-02-11",
        "last_session": "2025-07-11",
        "cik_available": 0,
        "cik_missing": 62,
        "evidence": {
          "no_strict_prior_positive_evidence": 62
        }
      },
      "YI": {
        "observations": 25,
        "first_session": "2021-02-11",
        "last_session": "2021-03-18",
        "cik_available": 0,
        "cik_missing": 25,
        "evidence": {
          "no_strict_prior_positive_evidence": 25
        }
      },
      "BTCT": {
        "observations": 38,
        "first_session": "2021-02-12",
        "last_session": "2025-01-31",
        "cik_available": 0,
        "cik_missing": 38,
        "evidence": {
          "no_strict_prior_positive_evidence": 38
        }
      },
      "CLEUF": {
        "observations": 12,
        "first_session": "2021-02-12",
        "last_session": "2025-01-29",
        "cik_available": 0,
        "cik_missing": 12,
        "evidence": {
          "no_strict_prior_positive_evidence": 12
        }
      },
      "DNN": {
        "observations": 780,
        "first_session": "2021-02-12",
        "last_session": "2026-07-31",
        "cik_available": 0,
        "cik_missing": 780,
        "evidence": {
          "no_strict_prior_positive_evidence": 780
        }
      },
      "GMDAQ": {
        "observations": 10,
        "first_session": "2021-02-12",
        "last_session": "2021-02-26",
        "cik_available": 0,
        "cik_missing": 10,
        "evidence": {
          "no_strict_prior_positive_evidence": 10
        }
      },
      "CMMB": {
        "observations": 8,
        "first_session": "2021-02-16",
        "last_session": "2021-03-16",
        "cik_available": 0,
        "cik_missing": 8,
        "evidence": {
          "no_strict_prior_positive_evidence": 8
        }
      },
      "LKCOF": {
        "observations": 53,
        "first_session": "2021-02-16",
        "last_session": "2021-07-20",
        "cik_available": 0,
        "cik_missing": 53,
        "evidence": {
          "no_strict_prior_positive_evidence": 53
        }
      },
      "TCSGQ": {
        "observations": 30,
        "first_session": "2021-02-16",
        "last_session": "2021-03-29",
        "cik_available": 0,
        "cik_missing": 30,
        "evidence": {
          "no_strict_prior_positive_evidence": 30
        }
      },
      "LEVGQ": {
        "observations": 87,
        "first_session": "2021-02-18",
        "last_session": "2021-07-15",
        "cik_available": 0,
        "cik_missing": 87,
        "evidence": {
          "no_strict_prior_positive_evidence": 87
        }
      },
      "TIOG": {
        "observations": 54,
        "first_session": "2021-02-18",
        "last_session": "2023-06-28",
        "cik_available": 0,
        "cik_missing": 54,
        "evidence": {
          "no_strict_prior_positive_evidence": 54
        }
      },
      "NEPTF": {
        "observations": 19,
        "first_session": "2021-02-19",
        "last_session": "2022-08-26",
        "cik_available": 0,
        "cik_missing": 19,
        "evidence": {
          "no_strict_prior_positive_evidence": 19
        }
      },
      "RETO": {
        "observations": 5,
        "first_session": "2021-02-23",
        "last_session": "2021-03-05",
        "cik_available": 0,
        "cik_missing": 5,
        "evidence": {
          "no_strict_prior_positive_evidence": 5
        }
      },
      "NBP": {
        "observations": 264,
        "first_session": "2021-02-25",
        "last_session": "2022-04-27",
        "cik_available": 264,
        "cik_missing": 0,
        "evidence": {
          "sec_positive_strict_prior_cik_mismatch": 264
        }
      },
      "MAXNQ": {
        "observations": 202,
        "first_session": "2021-03-01",
        "last_session": "2024-11-26",
        "cik_available": 0,
        "cik_missing": 202,
        "evidence": {
          "no_strict_prior_positive_evidence": 202
        }
      },
      "ASLN": {
        "observations": 8,
        "first_session": "2021-03-03",
        "last_session": "2021-03-22",
        "cik_available": 0,
        "cik_missing": 8,
        "evidence": {
          "no_strict_prior_positive_evidence": 8
        }
      },
      "AIFA": {
        "observations": 22,
        "first_session": "2021-03-04",
        "last_session": "2021-04-06",
        "cik_available": 0,
        "cik_missing": 22,
        "evidence": {
          "no_strict_prior_positive_evidence": 22
        }
      },
      "AUVIQ": {
        "observations": 11,
        "first_session": "2021-03-05",
        "last_session": "2022-06-27",
        "cik_available": 0,
        "cik_missing": 11,
        "evidence": {
          "no_strict_prior_positive_evidence": 11
        }
      },
      "NBLX": {
        "observations": 1,
        "first_session": "2021-03-05",
        "last_session": "2021-03-05",
        "cik_available": 1,
        "cik_missing": 0,
        "evidence": {
          "no_strict_prior_positive_evidence": 1
        }
      },
      "QSI": {
        "observations": 6,
        "first_session": "2021-03-09",
        "last_session": "2021-03-18",
        "cik_available": 6,
        "cik_missing": 0,
        "evidence": {
          "sec_positive_strict_prior_cik_mismatch": 6
        }
      },
      "TMBRQ": {
        "observations": 14,
        "first_session": "2021-03-11",
        "last_session": "2021-04-05",
        "cik_available": 0,
        "cik_missing": 14,
        "evidence": {
          "no_strict_prior_positive_evidence": 14
        }
      },
      "LSPD": {
        "observations": 475,
        "first_session": "2021-03-15",
        "last_session": "2024-06-12",
        "cik_available": 0,
        "cik_missing": 475,
        "evidence": {
          "no_strict_prior_positive_evidence": 475
        }
      },
      "ZKIN": {
        "observations": 30,
        "first_session": "2021-03-15",
        "last_session": "2025-05-21",
        "cik_available": 0,
        "cik_missing": 30,
        "evidence": {
          "no_strict_prior_positive_evidence": 30
        }
      },
      "YVRLF": {
        "observations": 33,
        "first_session": "2021-03-17",
        "last_session": "2021-08-02",
        "cik_available": 0,
        "cik_missing": 33,
        "evidence": {
          "no_strict_prior_positive_evidence": 33
        }
      },
      "WKEY": {
        "observations": 67,
        "first_session": "2021-03-18",
        "last_session": "2025-11-14",
        "cik_available": 0,
        "cik_missing": 67,
        "evidence": {
          "no_strict_prior_positive_evidence": 67
        }
      },
      "LCIDW": {
        "observations": 5,
        "first_session": "2021-03-22",
        "last_session": "2021-03-26",
        "cik_available": 0,
        "cik_missing": 5,
        "evidence": {
          "no_strict_prior_positive_evidence": 5
        }
      },
      "PARAA": {
        "observations": 24,
        "first_session": "2021-03-23",
        "last_session": "2021-04-26",
        "cik_available": 0,
        "cik_missing": 24,
        "evidence": {
          "no_strict_prior_positive_evidence": 24
        }
      },
      "APTOF": {
        "observations": 17,
        "first_session": "2021-03-24",
        "last_session": "2021-04-20",
        "cik_available": 0,
        "cik_missing": 17,
        "evidence": {
          "no_strict_prior_positive_evidence": 17
        }
      },
      "NEE-PQ": {
        "observations": 55,
        "first_session": "2021-03-25",
        "last_session": "2023-08-31",
        "cik_available": 0,
        "cik_missing": 55,
        "evidence": {
          "no_strict_prior_positive_evidence": 55
        }
      },
      "WEWKQ": {
        "observations": 240,
        "first_session": "2021-03-26",
        "last_session": "2023-10-03",
        "cik_available": 0,
        "cik_missing": 240,
        "evidence": {
          "no_strict_prior_positive_evidence": 240
        }
      },
      "ODTC": {
        "observations": 6,
        "first_session": "2021-04-07",
        "last_session": "2021-04-22",
        "cik_available": 0,
        "cik_missing": 6,
        "evidence": {
          "no_strict_prior_positive_evidence": 6
        }
      },
      "IPOF": {
        "observations": 147,
        "first_session": "2021-04-13",
        "last_session": "2022-10-14",
        "cik_available": 147,
        "cik_missing": 0,
        "evidence": {
          "no_strict_prior_positive_evidence": 147
        }
      },
      "CD1": {
        "observations": 151,
        "first_session": "2021-04-15",
        "last_session": "2023-11-20",
        "cik_available": 0,
        "cik_missing": 151,
        "evidence": {
          "no_strict_prior_positive_evidence": 151
        }
      },
      "NMM": {
        "observations": 21,
        "first_session": "2021-05-05",
        "last_session": "2021-06-03",
        "cik_available": 0,
        "cik_missing": 21,
        "evidence": {
          "no_strict_prior_positive_evidence": 21
        }
      },
      "IHT": {
        "observations": 24,
        "first_session": "2021-05-10",
        "last_session": "2021-06-11",
        "cik_available": 24,
        "cik_missing": 0,
        "evidence": {
          "no_strict_prior_positive_evidence": 24
        }
      },
      "SQBGQ": {
        "observations": 22,
        "first_session": "2021-05-11",
        "last_session": "2021-09-08",
        "cik_available": 0,
        "cik_missing": 22,
        "evidence": {
          "no_strict_prior_positive_evidence": 22
        }
      },
      "MITO": {
        "observations": 3,
        "first_session": "2021-05-18",
        "last_session": "2021-06-02",
        "cik_available": 0,
        "cik_missing": 3,
        "evidence": {
          "no_strict_prior_positive_evidence": 3
        }
      },
      "VTNRQ": {
        "observations": 269,
        "first_session": "2021-05-27",
        "last_session": "2023-04-25",
        "cik_available": 0,
        "cik_missing": 269,
        "evidence": {
          "no_strict_prior_positive_evidence": 269
        }
      },
      "OZON": {
        "observations": 189,
        "first_session": "2021-05-28",
        "last_session": "2022-02-25",
        "cik_available": 0,
        "cik_missing": 189,
        "evidence": {
          "no_strict_prior_positive_evidence": 189
        }
      },
      "POLCQ": {
        "observations": 53,
        "first_session": "2021-06-02",
        "last_session": "2024-01-11",
        "cik_available": 0,
        "cik_missing": 53,
        "evidence": {
          "no_strict_prior_positive_evidence": 53
        }
      },
      "NGMS": {
        "observations": 16,
        "first_session": "2021-06-07",
        "last_session": "2021-06-28",
        "cik_available": 0,
        "cik_missing": 16,
        "evidence": {
          "no_strict_prior_positive_evidence": 16
        }
      },
      "MUDS": {
        "observations": 29,
        "first_session": "2021-06-10",
        "last_session": "2021-09-16",
        "cik_available": 29,
        "cik_missing": 0,
        "evidence": {
          "no_strict_prior_positive_evidence": 29
        }
      },
      "ORPHY": {
        "observations": 51,
        "first_session": "2021-06-11",
        "last_session": "2021-09-03",
        "cik_available": 0,
        "cik_missing": 51,
        "evidence": {
          "no_strict_prior_positive_evidence": 51
        }
      },
      "LNAI": {
        "observations": 8,
        "first_session": "2021-06-14",
        "last_session": "2021-06-25",
        "cik_available": 0,
        "cik_missing": 8,
        "evidence": {
          "no_strict_prior_positive_evidence": 8
        }
      },
      "CAI1": {
        "observations": 28,
        "first_session": "2021-06-18",
        "last_session": "2021-07-28",
        "cik_available": 0,
        "cik_missing": 28,
        "evidence": {
          "no_strict_prior_positive_evidence": 28
        }
      },
      "ATI": {
        "observations": 139,
        "first_session": "2021-06-22",
        "last_session": "2022-01-06",
        "cik_available": 139,
        "cik_missing": 0,
        "evidence": {
          "sec_positive_strict_prior_cik_mismatch": 139
        }
      },
      "VIEWQ": {
        "observations": 5,
        "first_session": "2021-06-25",
        "last_session": "2021-07-01",
        "cik_available": 0,
        "cik_missing": 5,
        "evidence": {
          "no_strict_prior_positive_evidence": 5
        }
      },
      "H": {
        "observations": 4,
        "first_session": "2021-06-28",
        "last_session": "2021-07-01",
        "cik_available": 4,
        "cik_missing": 0,
        "evidence": {
          "sec_positive_strict_prior_cik_mismatch": 4
        }
      },
      "TROO": {
        "observations": 44,
        "first_session": "2021-07-09",
        "last_session": "2021-09-23",
        "cik_available": 0,
        "cik_missing": 44,
        "evidence": {
          "no_strict_prior_positive_evidence": 44
        }
      },
      "BSIN": {
        "observations": 22,
        "first_session": "2021-07-14",
        "last_session": "2025-02-04",
        "cik_available": 0,
        "cik_missing": 22,
        "evidence": {
          "no_strict_prior_positive_evidence": 22
        }
      },
      "HYFT": {
        "observations": 8,
        "first_session": "2021-07-22",
        "last_session": "2021-08-09",
        "cik_available": 0,
        "cik_missing": 8,
        "evidence": {
          "no_strict_prior_positive_evidence": 8
        }
      },
      "FLOW2": {
        "observations": 126,
        "first_session": "2021-07-26",
        "last_session": "2022-04-04",
        "cik_available": 0,
        "cik_missing": 126,
        "evidence": {
          "no_strict_prior_positive_evidence": 126
        }
      },
      "PHXM": {
        "observations": 2,
        "first_session": "2021-08-02",
        "last_session": "2021-08-03",
        "cik_available": 0,
        "cik_missing": 2,
        "evidence": {
          "no_strict_prior_positive_evidence": 2
        }
      },
      "WFG": {
        "observations": 273,
        "first_session": "2021-08-02",
        "last_session": "2025-09-19",
        "cik_available": 0,
        "cik_missing": 273,
        "evidence": {
          "no_strict_prior_positive_evidence": 273
        }
      },
      "MDC": {
        "observations": 6,
        "first_session": "2021-08-04",
        "last_session": "2021-08-11",
        "cik_available": 6,
        "cik_missing": 0,
        "evidence": {
          "sec_positive_strict_prior_cik_mismatch": 6
        }
      },
      "ATC1": {
        "observations": 83,
        "first_session": "2021-08-05",
        "last_session": "2022-08-16",
        "cik_available": 0,
        "cik_missing": 83,
        "evidence": {
          "no_strict_prior_positive_evidence": 83
        }
      },
      "XTKG": {
        "observations": 26,
        "first_session": "2021-08-12",
        "last_session": "2022-06-24",
        "cik_available": 0,
        "cik_missing": 26,
        "evidence": {
          "no_strict_prior_positive_evidence": 26
        }
      },
      "CZOOF": {
        "observations": 17,
        "first_session": "2021-08-25",
        "last_session": "2024-05-08",
        "cik_available": 0,
        "cik_missing": 17,
        "evidence": {
          "no_strict_prior_positive_evidence": 17
        }
      },
      "SCR": {
        "observations": 38,
        "first_session": "2021-08-25",
        "last_session": "2021-10-18",
        "cik_available": 0,
        "cik_missing": 38,
        "evidence": {
          "no_strict_prior_positive_evidence": 38
        }
      },
      "MNR2": {
        "observations": 72,
        "first_session": "2021-08-27",
        "last_session": "2022-02-24",
        "cik_available": 0,
        "cik_missing": 72,
        "evidence": {
          "no_strict_prior_positive_evidence": 72
        }
      },
      "CNP-PB": {
        "observations": 1,
        "first_session": "2021-08-31",
        "last_session": "2021-08-31",
        "cik_available": 0,
        "cik_missing": 1,
        "evidence": {
          "no_strict_prior_positive_evidence": 1
        }
      },
      "RKLB": {
        "observations": 1,
        "first_session": "2021-09-03",
        "last_session": "2021-09-03",
        "cik_available": 1,
        "cik_missing": 0,
        "evidence": {
          "sec_positive_strict_prior_cik_mismatch": 1
        }
      },
      "IRNTQ": {
        "observations": 90,
        "first_session": "2021-09-07",
        "last_session": "2022-03-31",
        "cik_available": 0,
        "cik_missing": 90,
        "evidence": {
          "no_strict_prior_positive_evidence": 90
        }
      },
      "BIPC": {
        "observations": 616,
        "first_session": "2021-09-10",
        "last_session": "2026-07-31",
        "cik_available": 0,
        "cik_missing": 616,
        "evidence": {
          "no_strict_prior_positive_evidence": 616
        }
      },
      "CRXTQ": {
        "observations": 12,
        "first_session": "2021-09-16",
        "last_session": "2022-04-22",
        "cik_available": 0,
        "cik_missing": 12,
        "evidence": {
          "no_strict_prior_positive_evidence": 12
        }
      },
      "IPHA": {
        "observations": 3,
        "first_session": "2021-09-17",
        "last_session": "2021-09-21",
        "cik_available": 0,
        "cik_missing": 3,
        "evidence": {
          "no_strict_prior_positive_evidence": 3
        }
      },
      "GOGL1": {
        "observations": 416,
        "first_session": "2021-09-20",
        "last_session": "2025-08-19",
        "cik_available": 0,
        "cik_missing": 416,
        "evidence": {
          "no_strict_prior_positive_evidence": 416
        }
      },
      "IS": {
        "observations": 215,
        "first_session": "2021-09-20",
        "last_session": "2022-11-04",
        "cik_available": 0,
        "cik_missing": 215,
        "evidence": {
          "no_strict_prior_positive_evidence": 215
        }
      },
      "PSNY": {
        "observations": 235,
        "first_session": "2021-09-27",
        "last_session": "2023-08-02",
        "cik_available": 0,
        "cik_missing": 235,
        "evidence": {
          "no_strict_prior_positive_evidence": 235
        }
      },
      "LICYF": {
        "observations": 27,
        "first_session": "2021-09-29",
        "last_session": "2024-04-08",
        "cik_available": 0,
        "cik_missing": 27,
        "evidence": {
          "no_strict_prior_positive_evidence": 27
        }
      },
      "LILMF": {
        "observations": 2,
        "first_session": "2021-10-01",
        "last_session": "2021-10-04",
        "cik_available": 0,
        "cik_missing": 2,
        "evidence": {
          "no_strict_prior_positive_evidence": 2
        }
      },
      "TGP": {
        "observations": 28,
        "first_session": "2021-10-11",
        "last_session": "2021-11-17",
        "cik_available": 0,
        "cik_missing": 28,
        "evidence": {
          "no_strict_prior_positive_evidence": 28
        }
      },
      "BENE": {
        "observations": 22,
        "first_session": "2021-10-22",
        "last_session": "2021-11-24",
        "cik_available": 0,
        "cik_missing": 22,
        "evidence": {
          "no_strict_prior_positive_evidence": 22
        }
      },
      "IFRX": {
        "observations": 23,
        "first_session": "2021-10-28",
        "last_session": "2023-04-18",
        "cik_available": 23,
        "cik_missing": 0,
        "evidence": {
          "sec_positive_strict_prior_cik_mismatch": 23
        }
      },
      "FPAC": {
        "observations": 16,
        "first_session": "2021-10-29",
        "last_session": "2021-11-22",
        "cik_available": 16,
        "cik_missing": 0,
        "evidence": {
          "sec_positive_strict_prior_cik_mismatch": 16
        }
      },
      "CORZQ": {
        "observations": 27,
        "first_session": "2021-11-10",
        "last_session": "2022-04-14",
        "cik_available": 0,
        "cik_missing": 27,
        "evidence": {
          "no_strict_prior_positive_evidence": 27
        }
      },
      "CIMG": {
        "observations": 18,
        "first_session": "2021-11-11",
        "last_session": "2024-10-21",
        "cik_available": 0,
        "cik_missing": 18,
        "evidence": {
          "no_strict_prior_positive_evidence": 18
        }
      },
      "BETSF": {
        "observations": 3,
        "first_session": "2021-11-16",
        "last_session": "2021-11-18",
        "cik_available": 0,
        "cik_missing": 3,
        "evidence": {
          "no_strict_prior_positive_evidence": 3
        }
      },
      "SES": {
        "observations": 5,
        "first_session": "2021-11-18",
        "last_session": "2021-11-24",
        "cik_available": 5,
        "cik_missing": 0,
        "evidence": {
          "sec_positive_strict_prior_cik_mismatch": 5
        }
      },
      "WEJOQ": {
        "observations": 13,
        "first_session": "2021-11-18",
        "last_session": "2021-12-14",
        "cik_available": 0,
        "cik_missing": 13,
        "evidence": {
          "no_strict_prior_positive_evidence": 13
        }
      },
      "VELO": {
        "observations": 5,
        "first_session": "2021-11-23",
        "last_session": "2021-11-30",
        "cik_available": 5,
        "cik_missing": 0,
        "evidence": {
          "sec_positive_strict_prior_cik_mismatch": 5
        }
      },
      "HUT1": {
        "observations": 304,
        "first_session": "2021-12-13",
        "last_session": "2023-12-01",
        "cik_available": 0,
        "cik_missing": 304,
        "evidence": {
          "no_strict_prior_positive_evidence": 304
        }
      },
      "JTKWY": {
        "observations": 60,
        "first_session": "2021-12-13",
        "last_session": "2022-03-11",
        "cik_available": 0,
        "cik_missing": 60,
        "evidence": {
          "no_strict_prior_positive_evidence": 60
        }
      },
      "TACO2": {
        "observations": 20,
        "first_session": "2021-12-17",
        "last_session": "2022-01-14",
        "cik_available": 0,
        "cik_missing": 20,
        "evidence": {
          "no_strict_prior_positive_evidence": 20
        }
      },
      "CPOP": {
        "observations": 8,
        "first_session": "2021-12-29",
        "last_session": "2024-02-22",
        "cik_available": 0,
        "cik_missing": 8,
        "evidence": {
          "no_strict_prior_positive_evidence": 8
        }
      },
      "ONTO": {
        "observations": 2,
        "first_session": "2022-01-06",
        "last_session": "2022-01-07",
        "cik_available": 2,
        "cik_missing": 0,
        "evidence": {
          "sec_positive_strict_prior_cik_mismatch": 2
        }
      },
      "DOGZ": {
        "observations": 9,
        "first_session": "2022-01-10",
        "last_session": "2022-05-10",
        "cik_available": 0,
        "cik_missing": 9,
        "evidence": {
          "no_strict_prior_positive_evidence": 9
        }
      },
      "GMVDF": {
        "observations": 10,
        "first_session": "2022-01-20",
        "last_session": "2022-02-02",
        "cik_available": 0,
        "cik_missing": 10,
        "evidence": {
          "no_strict_prior_positive_evidence": 10
        }
      },
      "DCFCQ": {
        "observations": 17,
        "first_session": "2022-02-09",
        "last_session": "2022-03-08",
        "cik_available": 0,
        "cik_missing": 17,
        "evidence": {
          "no_strict_prior_positive_evidence": 17
        }
      },
      "ANGH": {
        "observations": 13,
        "first_session": "2022-02-17",
        "last_session": "2022-03-10",
        "cik_available": 0,
        "cik_missing": 13,
        "evidence": {
          "no_strict_prior_positive_evidence": 13
        }
      },
      "PM": {
        "observations": 29,
        "first_session": "2022-02-23",
        "last_session": "2022-04-04",
        "cik_available": 29,
        "cik_missing": 0,
        "evidence": {
          "sec_positive_strict_prior_cik_mismatch": 29
        }
      },
      "CYRNQ": {
        "observations": 28,
        "first_session": "2022-02-25",
        "last_session": "2022-04-18",
        "cik_available": 0,
        "cik_missing": 28,
        "evidence": {
          "no_strict_prior_positive_evidence": 28
        }
      },
      "NINEQ": {
        "observations": 50,
        "first_session": "2022-03-08",
        "last_session": "2023-02-15",
        "cik_available": 0,
        "cik_missing": 50,
        "evidence": {
          "no_strict_prior_positive_evidence": 50
        }
      },
      "NTCOY": {
        "observations": 8,
        "first_session": "2022-03-09",
        "last_session": "2022-03-21",
        "cik_available": 0,
        "cik_missing": 8,
        "evidence": {
          "no_strict_prior_positive_evidence": 8
        }
      },
      "HESM": {
        "observations": 834,
        "first_session": "2022-03-10",
        "last_session": "2026-07-31",
        "cik_available": 834,
        "cik_missing": 0,
        "evidence": {
          "no_strict_prior_positive_evidence": 834
        }
      },
      "ONON": {
        "observations": 1098,
        "first_session": "2022-03-16",
        "last_session": "2026-07-31",
        "cik_available": 93,
        "cik_missing": 1005,
        "evidence": {
          "no_strict_prior_positive_evidence": 1098
        }
      },
      "DPRO": {
        "observations": 81,
        "first_session": "2022-03-22",
        "last_session": "2026-02-09",
        "cik_available": 0,
        "cik_missing": 81,
        "evidence": {
          "no_strict_prior_positive_evidence": 81
        }
      },
      "ALLGF": {
        "observations": 12,
        "first_session": "2022-03-23",
        "last_session": "2022-04-22",
        "cik_available": 0,
        "cik_missing": 12,
        "evidence": {
          "no_strict_prior_positive_evidence": 12
        }
      },
      "OR": {
        "observations": 365,
        "first_session": "2022-03-23",
        "last_session": "2026-07-31",
        "cik_available": 0,
        "cik_missing": 365,
        "evidence": {
          "no_strict_prior_positive_evidence": 365
        }
      },
      "NVEI": {
        "observations": 130,
        "first_session": "2022-04-06",
        "last_session": "2024-11-15",
        "cik_available": 0,
        "cik_missing": 130,
        "evidence": {
          "no_strict_prior_positive_evidence": 130
        }
      },
      "GRI": {
        "observations": 2,
        "first_session": "2022-04-22",
        "last_session": "2022-04-25",
        "cik_available": 0,
        "cik_missing": 2,
        "evidence": {
          "no_strict_prior_positive_evidence": 2
        }
      },
      "SMX": {
        "observations": 456,
        "first_session": "2022-05-09",
        "last_session": "2026-04-28",
        "cik_available": 0,
        "cik_missing": 456,
        "evidence": {
          "no_strict_prior_positive_evidence": 456
        }
      },
      "RTLR": {
        "observations": 13,
        "first_session": "2022-05-25",
        "last_session": "2022-06-14",
        "cik_available": 13,
        "cik_missing": 0,
        "evidence": {
          "no_strict_prior_positive_evidence": 13
        }
      },
      "AIFC": {
        "observations": 52,
        "first_session": "2022-06-07",
        "last_session": "2025-10-17",
        "cik_available": 0,
        "cik_missing": 52,
        "evidence": {
          "no_strict_prior_positive_evidence": 52
        }
      },
      "MKULQ": {
        "observations": 44,
        "first_session": "2022-06-07",
        "last_session": "2022-10-06",
        "cik_available": 0,
        "cik_missing": 44,
        "evidence": {
          "no_strict_prior_positive_evidence": 44
        }
      },
      "BHATF": {
        "observations": 12,
        "first_session": "2022-06-23",
        "last_session": "2022-07-22",
        "cik_available": 0,
        "cik_missing": 12,
        "evidence": {
          "no_strict_prior_positive_evidence": 12
        }
      },
      "BOXDQ": {
        "observations": 19,
        "first_session": "2022-06-23",
        "last_session": "2022-07-25",
        "cik_available": 0,
        "cik_missing": 19,
        "evidence": {
          "no_strict_prior_positive_evidence": 19
        }
      },
      "ASTL": {
        "observations": 27,
        "first_session": "2022-07-13",
        "last_session": "2022-08-22",
        "cik_available": 0,
        "cik_missing": 27,
        "evidence": {
          "no_strict_prior_positive_evidence": 27
        }
      },
      "QVCGB": {
        "observations": 2,
        "first_session": "2022-08-03",
        "last_session": "2022-08-04",
        "cik_available": 0,
        "cik_missing": 2,
        "evidence": {
          "no_strict_prior_positive_evidence": 2
        }
      },
      "EXEEW": {
        "observations": 2,
        "first_session": "2022-08-18",
        "last_session": "2022-08-30",
        "cik_available": 0,
        "cik_missing": 2,
        "evidence": {
          "no_strict_prior_positive_evidence": 2
        }
      },
      "SGML": {
        "observations": 534,
        "first_session": "2022-09-16",
        "last_session": "2026-07-17",
        "cik_available": 0,
        "cik_missing": 534,
        "evidence": {
          "no_strict_prior_positive_evidence": 534
        }
      },
      "INBX1": {
        "observations": 69,
        "first_session": "2022-10-04",
        "last_session": "2024-05-29",
        "cik_available": 0,
        "cik_missing": 69,
        "evidence": {
          "no_strict_prior_positive_evidence": 69
        }
      },
      "QNGYQ": {
        "observations": 1,
        "first_session": "2022-10-31",
        "last_session": "2022-10-31",
        "cik_available": 0,
        "cik_missing": 1,
        "evidence": {
          "no_strict_prior_positive_evidence": 1
        }
      },
      "KAHC": {
        "observations": 4,
        "first_session": "2022-11-08",
        "last_session": "2022-11-15",
        "cik_available": 4,
        "cik_missing": 0,
        "evidence": {
          "no_strict_prior_positive_evidence": 4
        }
      },
      "SATX": {
        "observations": 2,
        "first_session": "2022-11-18",
        "last_session": "2022-11-21",
        "cik_available": 0,
        "cik_missing": 2,
        "evidence": {
          "no_strict_prior_positive_evidence": 2
        }
      },
      "RNAM": {
        "observations": 564,
        "first_session": "2022-12-14",
        "last_session": "2026-02-26",
        "cik_available": 0,
        "cik_missing": 564,
        "evidence": {
          "no_strict_prior_positive_evidence": 564
        }
      },
      "RKTO": {
        "observations": 19,
        "first_session": "2023-01-04",
        "last_session": "2026-06-16",
        "cik_available": 13,
        "cik_missing": 6,
        "evidence": {
          "no_strict_prior_positive_evidence": 19
        }
      },
      "HKD": {
        "observations": 44,
        "first_session": "2023-01-13",
        "last_session": "2025-11-04",
        "cik_available": 0,
        "cik_missing": 44,
        "evidence": {
          "no_strict_prior_positive_evidence": 44
        }
      },
      "GNS": {
        "observations": 54,
        "first_session": "2023-01-19",
        "last_session": "2023-09-20",
        "cik_available": 0,
        "cik_missing": 54,
        "evidence": {
          "no_strict_prior_positive_evidence": 54
        }
      },
      "HLN": {
        "observations": 869,
        "first_session": "2023-01-23",
        "last_session": "2026-07-31",
        "cik_available": 0,
        "cik_missing": 869,
        "evidence": {
          "no_strict_prior_positive_evidence": 869
        }
      },
      "AMYT": {
        "observations": 5,
        "first_session": "2023-01-24",
        "last_session": "2023-02-01",
        "cik_available": 0,
        "cik_missing": 5,
        "evidence": {
          "no_strict_prior_positive_evidence": 5
        }
      },
      "HBM": {
        "observations": 558,
        "first_session": "2023-01-31",
        "last_session": "2026-07-31",
        "cik_available": 0,
        "cik_missing": 558,
        "evidence": {
          "no_strict_prior_positive_evidence": 558
        }
      },
      "APE": {
        "observations": 92,
        "first_session": "2023-02-22",
        "last_session": "2023-08-24",
        "cik_available": 0,
        "cik_missing": 92,
        "evidence": {
          "no_strict_prior_positive_evidence": 92
        }
      },
      "ASR": {
        "observations": 269,
        "first_session": "2023-04-17",
        "last_session": "2026-07-15",
        "cik_available": 76,
        "cik_missing": 193,
        "evidence": {
          "no_strict_prior_positive_evidence": 269
        }
      },
      "SAIH": {
        "observations": 3,
        "first_session": "2023-04-26",
        "last_session": "2023-04-28",
        "cik_available": 0,
        "cik_missing": 3,
        "evidence": {
          "no_strict_prior_positive_evidence": 3
        }
      },
      "APTV-PA": {
        "observations": 10,
        "first_session": "2023-04-27",
        "last_session": "2023-06-14",
        "cik_available": 0,
        "cik_missing": 10,
        "evidence": {
          "no_strict_prior_positive_evidence": 10
        }
      },
      "CFRXQ": {
        "observations": 1,
        "first_session": "2023-04-27",
        "last_session": "2023-04-27",
        "cik_available": 0,
        "cik_missing": 1,
        "evidence": {
          "no_strict_prior_positive_evidence": 1
        }
      },
      "BDXB": {
        "observations": 8,
        "first_session": "2023-05-18",
        "last_session": "2023-05-31",
        "cik_available": 0,
        "cik_missing": 8,
        "evidence": {
          "no_strict_prior_positive_evidence": 8
        }
      },
      "VECT": {
        "observations": 25,
        "first_session": "2023-05-23",
        "last_session": "2023-06-28",
        "cik_available": 25,
        "cik_missing": 0,
        "evidence": {
          "no_strict_prior_positive_evidence": 25
        }
      },
      "SDA": {
        "observations": 21,
        "first_session": "2023-05-31",
        "last_session": "2023-06-29",
        "cik_available": 0,
        "cik_missing": 21,
        "evidence": {
          "no_strict_prior_positive_evidence": 21
        }
      },
      "UHAL.B": {
        "observations": 195,
        "first_session": "2023-05-31",
        "last_session": "2026-07-28",
        "cik_available": 0,
        "cik_missing": 195,
        "evidence": {
          "no_strict_prior_positive_evidence": 195
        }
      },
      "ABCM": {
        "observations": 124,
        "first_session": "2023-06-09",
        "last_session": "2023-12-05",
        "cik_available": 0,
        "cik_missing": 124,
        "evidence": {
          "no_strict_prior_positive_evidence": 124
        }
      },
      "AHI": {
        "observations": 8,
        "first_session": "2023-06-12",
        "last_session": "2023-07-05",
        "cik_available": 0,
        "cik_missing": 8,
        "evidence": {
          "no_strict_prior_positive_evidence": 8
        }
      },
      "BAM": {
        "observations": 785,
        "first_session": "2023-06-14",
        "last_session": "2026-07-31",
        "cik_available": 0,
        "cik_missing": 785,
        "evidence": {
          "no_strict_prior_positive_evidence": 785
        }
      },
      "AEPPZ": {
        "observations": 15,
        "first_session": "2023-07-13",
        "last_session": "2023-08-09",
        "cik_available": 0,
        "cik_missing": 15,
        "evidence": {
          "no_strict_prior_positive_evidence": 15
        }
      },
      "PRFX": {
        "observations": 10,
        "first_session": "2023-07-14",
        "last_session": "2025-08-20",
        "cik_available": 0,
        "cik_missing": 10,
        "evidence": {
          "no_strict_prior_positive_evidence": 10
        }
      },
      "NEE-PR": {
        "observations": 107,
        "first_session": "2023-07-31",
        "last_session": "2025-08-29",
        "cik_available": 0,
        "cik_missing": 107,
        "evidence": {
          "no_strict_prior_positive_evidence": 107
        }
      },
      "MFLTF": {
        "observations": 3,
        "first_session": "2023-08-07",
        "last_session": "2023-08-10",
        "cik_available": 0,
        "cik_missing": 3,
        "evidence": {
          "no_strict_prior_positive_evidence": 3
        }
      },
      "KKR-PC": {
        "observations": 18,
        "first_session": "2023-08-18",
        "last_session": "2023-09-14",
        "cik_available": 0,
        "cik_missing": 18,
        "evidence": {
          "no_strict_prior_positive_evidence": 18
        }
      },
      "NIMC": {
        "observations": 15,
        "first_session": "2023-09-21",
        "last_session": "2023-11-30",
        "cik_available": 0,
        "cik_missing": 15,
        "evidence": {
          "no_strict_prior_positive_evidence": 15
        }
      },
      "NEUP": {
        "observations": 13,
        "first_session": "2023-09-28",
        "last_session": "2025-10-27",
        "cik_available": 2,
        "cik_missing": 11,
        "evidence": {
          "no_strict_prior_positive_evidence": 13
        }
      },
      "OLK": {
        "observations": 84,
        "first_session": "2023-10-17",
        "last_session": "2024-07-09",
        "cik_available": 0,
        "cik_missing": 84,
        "evidence": {
          "no_strict_prior_positive_evidence": 84
        }
      },
      "LIANY": {
        "observations": 4,
        "first_session": "2023-10-25",
        "last_session": "2023-10-30",
        "cik_available": 0,
        "cik_missing": 4,
        "evidence": {
          "no_strict_prior_positive_evidence": 4
        }
      },
      "RTO": {
        "observations": 344,
        "first_session": "2023-11-13",
        "last_session": "2026-07-31",
        "cik_available": 0,
        "cik_missing": 344,
        "evidence": {
          "no_strict_prior_positive_evidence": 344
        }
      },
      "HOLI": {
        "observations": 56,
        "first_session": "2023-12-12",
        "last_session": "2024-07-25",
        "cik_available": 0,
        "cik_missing": 56,
        "evidence": {
          "no_strict_prior_positive_evidence": 56
        }
      },
      "GLP": {
        "observations": 9,
        "first_session": "2023-12-15",
        "last_session": "2024-01-02",
        "cik_available": 9,
        "cik_missing": 0,
        "evidence": {
          "no_strict_prior_positive_evidence": 9
        }
      },
      "USAC": {
        "observations": 14,
        "first_session": "2023-12-15",
        "last_session": "2024-01-16",
        "cik_available": 14,
        "cik_missing": 0,
        "evidence": {
          "sec_positive_strict_prior_cik_mismatch": 14
        }
      },
      "OMGAQ": {
        "observations": 7,
        "first_session": "2024-01-04",
        "last_session": "2024-01-12",
        "cik_available": 0,
        "cik_missing": 7,
        "evidence": {
          "no_strict_prior_positive_evidence": 7
        }
      },
      "GRCL": {
        "observations": 8,
        "first_session": "2024-01-10",
        "last_session": "2024-01-24",
        "cik_available": 0,
        "cik_missing": 8,
        "evidence": {
          "no_strict_prior_positive_evidence": 8
        }
      },
      "TCN": {
        "observations": 72,
        "first_session": "2024-01-19",
        "last_session": "2024-05-01",
        "cik_available": 0,
        "cik_missing": 72,
        "evidence": {
          "no_strict_prior_positive_evidence": 72
        }
      },
      "MOR": {
        "observations": 18,
        "first_session": "2024-02-05",
        "last_session": "2024-03-06",
        "cik_available": 0,
        "cik_missing": 18,
        "evidence": {
          "no_strict_prior_positive_evidence": 18
        }
      },
      "CIGI": {
        "observations": 199,
        "first_session": "2024-02-27",
        "last_session": "2026-07-31",
        "cik_available": 199,
        "cik_missing": 0,
        "evidence": {
          "sec_positive_strict_prior_cik_mismatch": 199
        }
      },
      "NIKI": {
        "observations": 9,
        "first_session": "2024-03-06",
        "last_session": "2025-08-25",
        "cik_available": 0,
        "cik_missing": 9,
        "evidence": {
          "no_strict_prior_positive_evidence": 9
        }
      },
      "LYTHF": {
        "observations": 4,
        "first_session": "2024-03-07",
        "last_session": "2024-04-01",
        "cik_available": 0,
        "cik_missing": 4,
        "evidence": {
          "no_strict_prior_positive_evidence": 4
        }
      },
      "GXAI": {
        "observations": 30,
        "first_session": "2024-03-13",
        "last_session": "2026-03-18",
        "cik_available": 30,
        "cik_missing": 0,
        "evidence": {
          "no_strict_prior_positive_evidence": 30
        }
      },
      "AX": {
        "observations": 4,
        "first_session": "2024-03-22",
        "last_session": "2024-03-27",
        "cik_available": 4,
        "cik_missing": 0,
        "evidence": {
          "sec_positive_strict_prior_cik_mismatch": 4
        }
      },
      "DSGX": {
        "observations": 433,
        "first_session": "2024-05-01",
        "last_session": "2026-07-31",
        "cik_available": 0,
        "cik_missing": 433,
        "evidence": {
          "no_strict_prior_positive_evidence": 433
        }
      },
      "OLOX": {
        "observations": 29,
        "first_session": "2024-05-03",
        "last_session": "2025-12-11",
        "cik_available": 0,
        "cik_missing": 29,
        "evidence": {
          "no_strict_prior_positive_evidence": 29
        }
      },
      "AXG": {
        "observations": 9,
        "first_session": "2024-05-22",
        "last_session": "2024-06-06",
        "cik_available": 9,
        "cik_missing": 0,
        "evidence": {
          "sec_positive_strict_prior_cik_mismatch": 9
        }
      },
      "OSG1": {
        "observations": 9,
        "first_session": "2024-06-04",
        "last_session": "2024-06-17",
        "cik_available": 0,
        "cik_missing": 9,
        "evidence": {
          "no_strict_prior_positive_evidence": 9
        }
      },
      "WKME": {
        "observations": 16,
        "first_session": "2024-06-07",
        "last_session": "2024-07-03",
        "cik_available": 0,
        "cik_missing": 16,
        "evidence": {
          "no_strict_prior_positive_evidence": 16
        }
      },
      "DESP": {
        "observations": 123,
        "first_session": "2024-06-28",
        "last_session": "2025-05-14",
        "cik_available": 0,
        "cik_missing": 123,
        "evidence": {
          "no_strict_prior_positive_evidence": 123
        }
      },
      "ZAPP": {
        "observations": 20,
        "first_session": "2024-07-02",
        "last_session": "2024-07-31",
        "cik_available": 0,
        "cik_missing": 20,
        "evidence": {
          "no_strict_prior_positive_evidence": 20
        }
      },
      "IVPR": {
        "observations": 16,
        "first_session": "2024-07-10",
        "last_session": "2024-08-02",
        "cik_available": 0,
        "cik_missing": 16,
        "evidence": {
          "no_strict_prior_positive_evidence": 16
        }
      },
      "CMAXQ": {
        "observations": 7,
        "first_session": "2024-07-22",
        "last_session": "2024-07-30",
        "cik_available": 0,
        "cik_missing": 7,
        "evidence": {
          "no_strict_prior_positive_evidence": 7
        }
      },
      "KSPI": {
        "observations": 487,
        "first_session": "2024-07-22",
        "last_session": "2026-07-31",
        "cik_available": 93,
        "cik_missing": 394,
        "evidence": {
          "no_strict_prior_positive_evidence": 487
        }
      },
      "DCOY": {
        "observations": 3,
        "first_session": "2024-08-07",
        "last_session": "2025-01-16",
        "cik_available": 0,
        "cik_missing": 3,
        "evidence": {
          "no_strict_prior_positive_evidence": 3
        }
      },
      "PSIG": {
        "observations": 4,
        "first_session": "2024-08-12",
        "last_session": "2026-06-29",
        "cik_available": 1,
        "cik_missing": 3,
        "evidence": {
          "no_strict_prior_positive_evidence": 4
        }
      },
      "HL": {
        "observations": 1,
        "first_session": "2024-08-22",
        "last_session": "2024-08-22",
        "cik_available": 1,
        "cik_missing": 0,
        "evidence": {
          "sec_positive_strict_prior_cik_mismatch": 1
        }
      },
      "XRTX": {
        "observations": 3,
        "first_session": "2024-08-29",
        "last_session": "2024-09-03",
        "cik_available": 0,
        "cik_missing": 3,
        "evidence": {
          "no_strict_prior_positive_evidence": 3
        }
      },
      "ALP": {
        "observations": 11,
        "first_session": "2024-09-18",
        "last_session": "2025-10-14",
        "cik_available": 0,
        "cik_missing": 11,
        "evidence": {
          "no_strict_prior_positive_evidence": 11
        }
      },
      "GSIW": {
        "observations": 9,
        "first_session": "2024-09-19",
        "last_session": "2024-10-08",
        "cik_available": 0,
        "cik_missing": 9,
        "evidence": {
          "no_strict_prior_positive_evidence": 9
        }
      },
      "APO-PA": {
        "observations": 74,
        "first_session": "2024-10-01",
        "last_session": "2026-07-30",
        "cik_available": 0,
        "cik_missing": 74,
        "evidence": {
          "no_strict_prior_positive_evidence": 74
        }
      },
      "TWG": {
        "observations": 10,
        "first_session": "2024-10-15",
        "last_session": "2025-12-09",
        "cik_available": 0,
        "cik_missing": 10,
        "evidence": {
          "no_strict_prior_positive_evidence": 10
        }
      },
      "VSTE": {
        "observations": 6,
        "first_session": "2024-11-01",
        "last_session": "2024-11-25",
        "cik_available": 0,
        "cik_missing": 6,
        "evidence": {
          "no_strict_prior_positive_evidence": 6
        }
      },
      "ZK": {
        "observations": 96,
        "first_session": "2024-11-08",
        "last_session": "2025-09-29",
        "cik_available": 0,
        "cik_missing": 96,
        "evidence": {
          "no_strict_prior_positive_evidence": 96
        }
      },
      "LDTCF": {
        "observations": 11,
        "first_session": "2024-12-09",
        "last_session": "2025-01-07",
        "cik_available": 0,
        "cik_missing": 11,
        "evidence": {
          "no_strict_prior_positive_evidence": 11
        }
      },
      "DFNS": {
        "observations": 68,
        "first_session": "2024-12-17",
        "last_session": "2026-07-31",
        "cik_available": 5,
        "cik_missing": 63,
        "evidence": {
          "no_strict_prior_positive_evidence": 68
        }
      },
      "ABR-PE": {
        "observations": 3,
        "first_session": "2024-12-20",
        "last_session": "2024-12-27",
        "cik_available": 0,
        "cik_missing": 3,
        "evidence": {
          "no_strict_prior_positive_evidence": 3
        }
      },
      "ACR-PD": {
        "observations": 4,
        "first_session": "2024-12-20",
        "last_session": "2024-12-31",
        "cik_available": 0,
        "cik_missing": 4,
        "evidence": {
          "no_strict_prior_positive_evidence": 4
        }
      },
      "AGM-PE": {
        "observations": 4,
        "first_session": "2024-12-20",
        "last_session": "2024-12-31",
        "cik_available": 0,
        "cik_missing": 4,
        "evidence": {
          "no_strict_prior_positive_evidence": 4
        }
      },
      "AGM-PG": {
        "observations": 4,
        "first_session": "2024-12-20",
        "last_session": "2024-12-31",
        "cik_available": 0,
        "cik_missing": 4,
        "evidence": {
          "no_strict_prior_positive_evidence": 4
        }
      },
      "AGM.A": {
        "observations": 3,
        "first_session": "2024-12-20",
        "last_session": "2025-01-03",
        "cik_available": 0,
        "cik_missing": 3,
        "evidence": {
          "no_strict_prior_positive_evidence": 3
        }
      },
      "AHL-PC": {
        "observations": 4,
        "first_session": "2024-12-20",
        "last_session": "2024-12-31",
        "cik_available": 0,
        "cik_missing": 4,
        "evidence": {
          "no_strict_prior_positive_evidence": 4
        }
      },
      "AHL-PE": {
        "observations": 4,
        "first_session": "2024-12-20",
        "last_session": "2024-12-31",
        "cik_available": 0,
        "cik_missing": 4,
        "evidence": {
          "no_strict_prior_positive_evidence": 4
        }
      },
      "AHRT-PA": {
        "observations": 4,
        "first_session": "2024-12-20",
        "last_session": "2024-12-31",
        "cik_available": 0,
        "cik_missing": 4,
        "evidence": {
          "no_strict_prior_positive_evidence": 4
        }
      },
      "AHT-PG": {
        "observations": 3,
        "first_session": "2024-12-20",
        "last_session": "2024-12-27",
        "cik_available": 0,
        "cik_missing": 3,
        "evidence": {
          "no_strict_prior_positive_evidence": 3
        }
      },
      "AHT-PI": {
        "observations": 3,
        "first_session": "2024-12-20",
        "last_session": "2024-12-27",
        "cik_available": 0,
        "cik_missing": 3,
        "evidence": {
          "no_strict_prior_positive_evidence": 3
        }
      },
      "AKO.A": {
        "observations": 3,
        "first_session": "2024-12-20",
        "last_session": "2024-12-27",
        "cik_available": 0,
        "cik_missing": 3,
        "evidence": {
          "no_strict_prior_positive_evidence": 3
        }
      },
      "ALB-PA": {
        "observations": 82,
        "first_session": "2024-12-20",
        "last_session": "2026-07-28",
        "cik_available": 0,
        "cik_missing": 82,
        "evidence": {
          "no_strict_prior_positive_evidence": 82
        }
      },
      "ALL-PI": {
        "observations": 4,
        "first_session": "2024-12-20",
        "last_session": "2024-12-31",
        "cik_available": 0,
        "cik_missing": 4,
        "evidence": {
          "no_strict_prior_positive_evidence": 4
        }
      },
      "AMH-PH": {
        "observations": 4,
        "first_session": "2024-12-20",
        "last_session": "2024-12-31",
        "cik_available": 0,
        "cik_missing": 4,
        "evidence": {
          "no_strict_prior_positive_evidence": 4
        }
      },
      "ANG-PB": {
        "observations": 4,
        "first_session": "2024-12-20",
        "last_session": "2024-12-31",
        "cik_available": 0,
        "cik_missing": 4,
        "evidence": {
          "no_strict_prior_positive_evidence": 4
        }
      },
      "ARGO-PA": {
        "observations": 4,
        "first_session": "2024-12-20",
        "last_session": "2024-12-31",
        "cik_available": 0,
        "cik_missing": 4,
        "evidence": {
          "no_strict_prior_positive_evidence": 4
        }
      },
      "ARR-PC": {
        "observations": 4,
        "first_session": "2024-12-20",
        "last_session": "2024-12-31",
        "cik_available": 0,
        "cik_missing": 4,
        "evidence": {
          "no_strict_prior_positive_evidence": 4
        }
      },
      "ASB-PF": {
        "observations": 4,
        "first_session": "2024-12-20",
        "last_session": "2024-12-31",
        "cik_available": 0,
        "cik_missing": 4,
        "evidence": {
          "no_strict_prior_positive_evidence": 4
        }
      },
      "ATH-PA": {
        "observations": 4,
        "first_session": "2024-12-20",
        "last_session": "2024-12-31",
        "cik_available": 0,
        "cik_missing": 4,
        "evidence": {
          "no_strict_prior_positive_evidence": 4
        }
      },
      "ATH-PC": {
        "observations": 5,
        "first_session": "2024-12-20",
        "last_session": "2025-01-08",
        "cik_available": 0,
        "cik_missing": 5,
        "evidence": {
          "no_strict_prior_positive_evidence": 5
        }
      },
      "ATH-PE": {
        "observations": 4,
        "first_session": "2024-12-20",
        "last_session": "2024-12-31",
        "cik_available": 0,
        "cik_missing": 4,
        "evidence": {
          "no_strict_prior_positive_evidence": 4
        }
      },
      "BAC-PB": {
        "observations": 4,
        "first_session": "2024-12-20",
        "last_session": "2024-12-31",
        "cik_available": 0,
        "cik_missing": 4,
        "evidence": {
          "no_strict_prior_positive_evidence": 4
        }
      },
      "BAC-PN": {
        "observations": 4,
        "first_session": "2024-12-20",
        "last_session": "2024-12-31",
        "cik_available": 0,
        "cik_missing": 4,
        "evidence": {
          "no_strict_prior_positive_evidence": 4
        }
      },
      "BAC-PP": {
        "observations": 3,
        "first_session": "2024-12-20",
        "last_session": "2024-12-27",
        "cik_available": 0,
        "cik_missing": 3,
        "evidence": {
          "no_strict_prior_positive_evidence": 3
        }
      },
      "BANC-PF": {
        "observations": 4,
        "first_session": "2024-12-20",
        "last_session": "2024-12-31",
        "cik_available": 0,
        "cik_missing": 4,
        "evidence": {
          "no_strict_prior_positive_evidence": 4
        }
      },
      "BC-PA": {
        "observations": 4,
        "first_session": "2024-12-20",
        "last_session": "2024-12-31",
        "cik_available": 0,
        "cik_missing": 4,
        "evidence": {
          "no_strict_prior_positive_evidence": 4
        }
      },
      "BC-PC": {
        "observations": 4,
        "first_session": "2024-12-20",
        "last_session": "2024-12-31",
        "cik_available": 0,
        "cik_missing": 4,
        "evidence": {
          "no_strict_prior_positive_evidence": 4
        }
      },
      "BEP-PA": {
        "observations": 3,
        "first_session": "2024-12-20",
        "last_session": "2024-12-27",
        "cik_available": 0,
        "cik_missing": 3,
        "evidence": {
          "no_strict_prior_positive_evidence": 3
        }
      },
      "BFS-PE": {
        "observations": 4,
        "first_session": "2024-12-20",
        "last_session": "2024-12-31",
        "cik_available": 0,
        "cik_missing": 4,
        "evidence": {
          "no_strict_prior_positive_evidence": 4
        }
      },
      "BHR-PB": {
        "observations": 3,
        "first_session": "2024-12-20",
        "last_session": "2024-12-27",
        "cik_available": 0,
        "cik_missing": 3,
        "evidence": {
          "no_strict_prior_positive_evidence": 3
        }
      },
      "BHR-PD": {
        "observations": 3,
        "first_session": "2024-12-20",
        "last_session": "2024-12-27",
        "cik_available": 0,
        "cik_missing": 3,
        "evidence": {
          "no_strict_prior_positive_evidence": 3
        }
      },
      "BIP-PA": {
        "observations": 3,
        "first_session": "2024-12-20",
        "last_session": "2024-12-27",
        "cik_available": 0,
        "cik_missing": 3,
        "evidence": {
          "no_strict_prior_positive_evidence": 3
        }
      },
      "BML-PG": {
        "observations": 4,
        "first_session": "2024-12-20",
        "last_session": "2024-12-31",
        "cik_available": 0,
        "cik_missing": 4,
        "evidence": {
          "no_strict_prior_positive_evidence": 4
        }
      },
      "BOH-PA": {
        "observations": 3,
        "first_session": "2024-12-20",
        "last_session": "2024-12-27",
        "cik_available": 0,
        "cik_missing": 3,
        "evidence": {
          "no_strict_prior_positive_evidence": 3
        }
      },
      "BW-PA": {
        "observations": 3,
        "first_session": "2024-12-20",
        "last_session": "2024-12-27",
        "cik_available": 0,
        "cik_missing": 3,
        "evidence": {
          "no_strict_prior_positive_evidence": 3
        }
      },
      "CADE-PA": {
        "observations": 4,
        "first_session": "2024-12-20",
        "last_session": "2024-12-31",
        "cik_available": 0,
        "cik_missing": 4,
        "evidence": {
          "no_strict_prior_positive_evidence": 4
        }
      },
      "CDR-PC": {
        "observations": 3,
        "first_session": "2024-12-20",
        "last_session": "2024-12-27",
        "cik_available": 0,
        "cik_missing": 3,
        "evidence": {
          "no_strict_prior_positive_evidence": 3
        }
      },
      "CFG-PH": {
        "observations": 4,
        "first_session": "2024-12-20",
        "last_session": "2024-12-31",
        "cik_available": 0,
        "cik_missing": 4,
        "evidence": {
          "no_strict_prior_positive_evidence": 4
        }
      },
      "CHMI-PA": {
        "observations": 4,
        "first_session": "2024-12-20",
        "last_session": "2024-12-31",
        "cik_available": 0,
        "cik_missing": 4,
        "evidence": {
          "no_strict_prior_positive_evidence": 4
        }
      },
      "CIM-PA": {
        "observations": 4,
        "first_session": "2024-12-20",
        "last_session": "2024-12-31",
        "cik_available": 0,
        "cik_missing": 4,
        "evidence": {
          "no_strict_prior_positive_evidence": 4
        }
      },
      "CIM-PC": {
        "observations": 4,
        "first_session": "2024-12-20",
        "last_session": "2024-12-31",
        "cik_available": 0,
        "cik_missing": 4,
        "evidence": {
          "no_strict_prior_positive_evidence": 4
        }
      },
      "CIO-PA": {
        "observations": 4,
        "first_session": "2024-12-20",
        "last_session": "2024-12-31",
        "cik_available": 0,
        "cik_missing": 4,
        "evidence": {
          "no_strict_prior_positive_evidence": 4
        }
      },
      "CLBR.U2": {
        "observations": 1,
        "first_session": "2024-12-20",
        "last_session": "2024-12-20",
        "cik_available": 0,
        "cik_missing": 1,
        "evidence": {
          "no_strict_prior_positive_evidence": 1
        }
      },
      "CLDT-PA": {
        "observations": 4,
        "first_session": "2024-12-20",
        "last_session": "2024-12-31",
        "cik_available": 0,
        "cik_missing": 4,
        "evidence": {
          "no_strict_prior_positive_evidence": 4
        }
      },
      "CMRE-PC": {
        "observations": 4,
        "first_session": "2024-12-20",
        "last_session": "2024-12-31",
        "cik_available": 0,
        "cik_missing": 4,
        "evidence": {
          "no_strict_prior_positive_evidence": 4
        }
      },
      "CMS-PC": {
        "observations": 3,
        "first_session": "2024-12-20",
        "last_session": "2024-12-27",
        "cik_available": 0,
        "cik_missing": 3,
        "evidence": {
          "no_strict_prior_positive_evidence": 3
        }
      },
      "CODI-PA": {
        "observations": 4,
        "first_session": "2024-12-20",
        "last_session": "2024-12-31",
        "cik_available": 0,
        "cik_missing": 4,
        "evidence": {
          "no_strict_prior_positive_evidence": 4
        }
      },
      "CODI-PC": {
        "observations": 4,
        "first_session": "2024-12-20",
        "last_session": "2024-12-31",
        "cik_available": 0,
        "cik_missing": 4,
        "evidence": {
          "no_strict_prior_positive_evidence": 4
        }
      },
      "COF-PJ": {
        "observations": 3,
        "first_session": "2024-12-20",
        "last_session": "2024-12-27",
        "cik_available": 0,
        "cik_missing": 3,
        "evidence": {
          "no_strict_prior_positive_evidence": 3
        }
      },
      "COF-PL": {
        "observations": 3,
        "first_session": "2024-12-20",
        "last_session": "2024-12-27",
        "cik_available": 0,
        "cik_missing": 3,
        "evidence": {
          "no_strict_prior_positive_evidence": 3
        }
      },
      "COF-PN": {
        "observations": 3,
        "first_session": "2024-12-20",
        "last_session": "2024-12-27",
        "cik_available": 0,
        "cik_missing": 3,
        "evidence": {
          "no_strict_prior_positive_evidence": 3
        }
      },
      "CTA-PB": {
        "observations": 6,
        "first_session": "2024-12-20",
        "last_session": "2025-01-03",
        "cik_available": 0,
        "cik_missing": 6,
        "evidence": {
          "no_strict_prior_positive_evidence": 6
        }
      },
      "CUBI-PE": {
        "observations": 4,
        "first_session": "2024-12-20",
        "last_session": "2024-12-31",
        "cik_available": 0,
        "cik_missing": 4,
        "evidence": {
          "no_strict_prior_positive_evidence": 4
        }
      },
      "CVE.WS": {
        "observations": 3,
        "first_session": "2024-12-20",
        "last_session": "2024-12-27",
        "cik_available": 0,
        "cik_missing": 3,
        "evidence": {
          "no_strict_prior_positive_evidence": 3
        }
      },
      "CWEN.A": {
        "observations": 4,
        "first_session": "2024-12-20",
        "last_session": "2024-12-31",
        "cik_available": 0,
        "cik_missing": 4,
        "evidence": {
          "no_strict_prior_positive_evidence": 4
        }
      },
      "DBRG-PI": {
        "observations": 4,
        "first_session": "2024-12-20",
        "last_session": "2024-12-31",
        "cik_available": 0,
        "cik_missing": 4,
        "evidence": {
          "no_strict_prior_positive_evidence": 4
        }
      },
      "DLNG-PA": {
        "observations": 4,
        "first_session": "2024-12-20",
        "last_session": "2024-12-31",
        "cik_available": 0,
        "cik_missing": 4,
        "evidence": {
          "no_strict_prior_positive_evidence": 4
        }
      },
      "DLR-PJ": {
        "observations": 4,
        "first_session": "2024-12-20",
        "last_session": "2024-12-31",
        "cik_available": 0,
        "cik_missing": 4,
        "evidence": {
          "no_strict_prior_positive_evidence": 4
        }
      },
      "DLR-PL": {
        "observations": 4,
        "first_session": "2024-12-20",
        "last_session": "2024-12-31",
        "cik_available": 0,
        "cik_missing": 4,
        "evidence": {
          "no_strict_prior_positive_evidence": 4
        }
      },
      "EFC-PB": {
        "observations": 4,
        "first_session": "2024-12-20",
        "last_session": "2024-12-31",
        "cik_available": 0,
        "cik_missing": 4,
        "evidence": {
          "no_strict_prior_positive_evidence": 4
        }
      },
      "EFC-PD": {
        "observations": 2,
        "first_session": "2024-12-20",
        "last_session": "2024-12-27",
        "cik_available": 0,
        "cik_missing": 2,
        "evidence": {
          "no_strict_prior_positive_evidence": 2
        }
      },
      "EP-PC": {
        "observations": 6,
        "first_session": "2024-12-20",
        "last_session": "2025-01-03",
        "cik_available": 0,
        "cik_missing": 6,
        "evidence": {
          "no_strict_prior_positive_evidence": 6
        }
      },
      "EPR-PC": {
        "observations": 4,
        "first_session": "2024-12-20",
        "last_session": "2024-12-31",
        "cik_available": 0,
        "cik_missing": 4,
        "evidence": {
          "no_strict_prior_positive_evidence": 4
        }
      },
      "EPR-PE": {
        "observations": 4,
        "first_session": "2024-12-20",
        "last_session": "2024-12-31",
        "cik_available": 0,
        "cik_missing": 4,
        "evidence": {
          "no_strict_prior_positive_evidence": 4
        }
      },
      "EPR-PG": {
        "observations": 4,
        "first_session": "2024-12-20",
        "last_session": "2024-12-31",
        "cik_available": 0,
        "cik_missing": 4,
        "evidence": {
          "no_strict_prior_positive_evidence": 4
        }
      },
      "ET-PI": {
        "observations": 3,
        "first_session": "2024-12-20",
        "last_session": "2024-12-27",
        "cik_available": 0,
        "cik_missing": 3,
        "evidence": {
          "no_strict_prior_positive_evidence": 3
        }
      },
      "ETI-P": {
        "observations": 4,
        "first_session": "2024-12-20",
        "last_session": "2024-12-31",
        "cik_available": 0,
        "cik_missing": 4,
        "evidence": {
          "no_strict_prior_positive_evidence": 4
        }
      },
      "F-PB": {
        "observations": 4,
        "first_session": "2024-12-20",
        "last_session": "2024-12-31",
        "cik_available": 0,
        "cik_missing": 4,
        "evidence": {
          "no_strict_prior_positive_evidence": 4
        }
      },
      "F-PD": {
        "observations": 4,
        "first_session": "2024-12-20",
        "last_session": "2024-12-31",
        "cik_available": 0,
        "cik_missing": 4,
        "evidence": {
          "no_strict_prior_positive_evidence": 4
        }
      },
      "FHN-PB": {
        "observations": 3,
        "first_session": "2024-12-20",
        "last_session": "2024-12-31",
        "cik_available": 0,
        "cik_missing": 3,
        "evidence": {
          "no_strict_prior_positive_evidence": 3
        }
      },
      "FHN-PF": {
        "observations": 3,
        "first_session": "2024-12-20",
        "last_session": "2024-12-27",
        "cik_available": 0,
        "cik_missing": 3,
        "evidence": {
          "no_strict_prior_positive_evidence": 3
        }
      },
      "FLG-PA": {
        "observations": 4,
        "first_session": "2024-12-20",
        "last_session": "2024-12-31",
        "cik_available": 0,
        "cik_missing": 4,
        "evidence": {
          "no_strict_prior_positive_evidence": 4
        }
      },
      "FLG-PU": {
        "observations": 6,
        "first_session": "2024-12-20",
        "last_session": "2025-01-03",
        "cik_available": 0,
        "cik_missing": 6,
        "evidence": {
          "no_strict_prior_positive_evidence": 6
        }
      },
      "GEF.B": {
        "observations": 6,
        "first_session": "2024-12-20",
        "last_session": "2025-01-03",
        "cik_available": 0,
        "cik_missing": 6,
        "evidence": {
          "no_strict_prior_positive_evidence": 6
        }
      },
      "GLOP-PB": {
        "observations": 4,
        "first_session": "2024-12-20",
        "last_session": "2024-12-31",
        "cik_available": 0,
        "cik_missing": 4,
        "evidence": {
          "no_strict_prior_positive_evidence": 4
        }
      },
      "GNL-PA": {
        "observations": 4,
        "first_session": "2024-12-20",
        "last_session": "2024-12-31",
        "cik_available": 0,
        "cik_missing": 4,
        "evidence": {
          "no_strict_prior_positive_evidence": 4
        }
      },
      "GNL-PE": {
        "observations": 4,
        "first_session": "2024-12-20",
        "last_session": "2024-12-31",
        "cik_available": 0,
        "cik_missing": 4,
        "evidence": {
          "no_strict_prior_positive_evidence": 4
        }
      },
      "GS-PD": {
        "observations": 4,
        "first_session": "2024-12-20",
        "last_session": "2024-12-31",
        "cik_available": 0,
        "cik_missing": 4,
        "evidence": {
          "no_strict_prior_positive_evidence": 4
        }
      },
      "GSL-PB": {
        "observations": 4,
        "first_session": "2024-12-20",
        "last_session": "2024-12-31",
        "cik_available": 0,
        "cik_missing": 4,
        "evidence": {
          "no_strict_prior_positive_evidence": 4
        }
      },
      "GTLS-PB": {
        "observations": 15,
        "first_session": "2024-12-20",
        "last_session": "2025-08-25",
        "cik_available": 0,
        "cik_missing": 15,
        "evidence": {
          "no_strict_prior_positive_evidence": 15
        }
      },
      "INN-PE": {
        "observations": 4,
        "first_session": "2024-12-20",
        "last_session": "2024-12-31",
        "cik_available": 0,
        "cik_missing": 4,
        "evidence": {
          "no_strict_prior_positive_evidence": 4
        }
      },
      "IVR-PC": {
        "observations": 4,
        "first_session": "2024-12-20",
        "last_session": "2024-12-31",
        "cik_available": 0,
        "cik_missing": 4,
        "evidence": {
          "no_strict_prior_positive_evidence": 4
        }
      },
      "JPM-PC": {
        "observations": 6,
        "first_session": "2024-12-20",
        "last_session": "2025-01-21",
        "cik_available": 0,
        "cik_missing": 6,
        "evidence": {
          "no_strict_prior_positive_evidence": 6
        }
      },
      "JPM-PK": {
        "observations": 6,
        "first_session": "2024-12-20",
        "last_session": "2025-01-22",
        "cik_available": 0,
        "cik_missing": 6,
        "evidence": {
          "no_strict_prior_positive_evidence": 6
        }
      },
      "JPM-PM": {
        "observations": 5,
        "first_session": "2024-12-20",
        "last_session": "2025-01-21",
        "cik_available": 0,
        "cik_missing": 5,
        "evidence": {
          "no_strict_prior_positive_evidence": 5
        }
      },
      "KEY-PI": {
        "observations": 4,
        "first_session": "2024-12-20",
        "last_session": "2024-12-31",
        "cik_available": 0,
        "cik_missing": 4,
        "evidence": {
          "no_strict_prior_positive_evidence": 4
        }
      },
      "KEY-PK": {
        "observations": 4,
        "first_session": "2024-12-20",
        "last_session": "2024-12-31",
        "cik_available": 0,
        "cik_missing": 4,
        "evidence": {
          "no_strict_prior_positive_evidence": 4
        }
      },
      "KIM-PM": {
        "observations": 4,
        "first_session": "2024-12-20",
        "last_session": "2024-12-31",
        "cik_available": 0,
        "cik_missing": 4,
        "evidence": {
          "no_strict_prior_positive_evidence": 4
        }
      },
      "LEN.B": {
        "observations": 28,
        "first_session": "2024-12-20",
        "last_session": "2025-02-05",
        "cik_available": 0,
        "cik_missing": 28,
        "evidence": {
          "no_strict_prior_positive_evidence": 28
        }
      },
      "MDV-PA": {
        "observations": 4,
        "first_session": "2024-12-20",
        "last_session": "2024-12-31",
        "cik_available": 0,
        "cik_missing": 4,
        "evidence": {
          "no_strict_prior_positive_evidence": 4
        }
      },
      "MET-PF": {
        "observations": 4,
        "first_session": "2024-12-20",
        "last_session": "2024-12-31",
        "cik_available": 0,
        "cik_missing": 4,
        "evidence": {
          "no_strict_prior_positive_evidence": 4
        }
      },
      "MFA-PB": {
        "observations": 4,
        "first_session": "2024-12-20",
        "last_session": "2024-12-31",
        "cik_available": 0,
        "cik_missing": 4,
        "evidence": {
          "no_strict_prior_positive_evidence": 4
        }
      },
      "MITT-PB": {
        "observations": 4,
        "first_session": "2024-12-20",
        "last_session": "2024-12-31",
        "cik_available": 0,
        "cik_missing": 4,
        "evidence": {
          "no_strict_prior_positive_evidence": 4
        }
      },
      "MS-PF": {
        "observations": 6,
        "first_session": "2024-12-20",
        "last_session": "2025-01-21",
        "cik_available": 0,
        "cik_missing": 6,
        "evidence": {
          "no_strict_prior_positive_evidence": 6
        }
      },
      "MS-PL": {
        "observations": 4,
        "first_session": "2024-12-20",
        "last_session": "2024-12-31",
        "cik_available": 0,
        "cik_missing": 4,
        "evidence": {
          "no_strict_prior_positive_evidence": 4
        }
      },
      "MS-PP": {
        "observations": 4,
        "first_session": "2024-12-20",
        "last_session": "2024-12-31",
        "cik_available": 0,
        "cik_missing": 4,
        "evidence": {
          "no_strict_prior_positive_evidence": 4
        }
      },
      "NCV-PA": {
        "observations": 4,
        "first_session": "2024-12-20",
        "last_session": "2024-12-31",
        "cik_available": 0,
        "cik_missing": 4,
        "evidence": {
          "no_strict_prior_positive_evidence": 4
        }
      },
      "NEE-PN": {
        "observations": 4,
        "first_session": "2024-12-20",
        "last_session": "2024-12-31",
        "cik_available": 0,
        "cik_missing": 4,
        "evidence": {
          "no_strict_prior_positive_evidence": 4
        }
      },
      "NGL-PC": {
        "observations": 4,
        "first_session": "2024-12-20",
        "last_session": "2024-12-31",
        "cik_available": 0,
        "cik_missing": 4,
        "evidence": {
          "no_strict_prior_positive_evidence": 4
        }
      },
      "NLY-PG": {
        "observations": 4,
        "first_session": "2024-12-20",
        "last_session": "2024-12-31",
        "cik_available": 0,
        "cik_missing": 4,
        "evidence": {
          "no_strict_prior_positive_evidence": 4
        }
      },
      "NLY-PI": {
        "observations": 4,
        "first_session": "2024-12-20",
        "last_session": "2024-12-31",
        "cik_available": 0,
        "cik_missing": 4,
        "evidence": {
          "no_strict_prior_positive_evidence": 4
        }
      },
      "NREF-PA": {
        "observations": 4,
        "first_session": "2024-12-20",
        "last_session": "2024-12-31",
        "cik_available": 0,
        "cik_missing": 4,
        "evidence": {
          "no_strict_prior_positive_evidence": 4
        }
      },
      "OAK-PA": {
        "observations": 4,
        "first_session": "2024-12-20",
        "last_session": "2024-12-31",
        "cik_available": 4,
        "cik_missing": 0,
        "evidence": {
          "no_strict_prior_positive_evidence": 4
        }
      },
      "OPTX": {
        "observations": 7,
        "first_session": "2024-12-20",
        "last_session": "2026-01-22",
        "cik_available": 7,
        "cik_missing": 0,
        "evidence": {
          "no_strict_prior_positive_evidence": 7
        }
      },
      "PEB-PE": {
        "observations": 4,
        "first_session": "2024-12-20",
        "last_session": "2024-12-31",
        "cik_available": 0,
        "cik_missing": 4,
        "evidence": {
          "no_strict_prior_positive_evidence": 4
        }
      },
      "PEB-PG": {
        "observations": 4,
        "first_session": "2024-12-20",
        "last_session": "2024-12-31",
        "cik_available": 0,
        "cik_missing": 4,
        "evidence": {
          "no_strict_prior_positive_evidence": 4
        }
      },
      "PMT-PA": {
        "observations": 4,
        "first_session": "2024-12-20",
        "last_session": "2024-12-31",
        "cik_available": 0,
        "cik_missing": 4,
        "evidence": {
          "no_strict_prior_positive_evidence": 4
        }
      },
      "PMT-PC": {
        "observations": 3,
        "first_session": "2024-12-20",
        "last_session": "2024-12-27",
        "cik_available": 0,
        "cik_missing": 3,
        "evidence": {
          "no_strict_prior_positive_evidence": 3
        }
      },
      "PSA-PF": {
        "observations": 4,
        "first_session": "2024-12-20",
        "last_session": "2024-12-31",
        "cik_available": 0,
        "cik_missing": 4,
        "evidence": {
          "no_strict_prior_positive_evidence": 4
        }
      },
      "PSA-PH": {
        "observations": 4,
        "first_session": "2024-12-20",
        "last_session": "2024-12-31",
        "cik_available": 0,
        "cik_missing": 4,
        "evidence": {
          "no_strict_prior_positive_evidence": 4
        }
      },
      "PSA-PJ": {
        "observations": 4,
        "first_session": "2024-12-20",
        "last_session": "2024-12-31",
        "cik_available": 0,
        "cik_missing": 4,
        "evidence": {
          "no_strict_prior_positive_evidence": 4
        }
      },
      "PSA-PL": {
        "observations": 4,
        "first_session": "2024-12-20",
        "last_session": "2024-12-31",
        "cik_available": 0,
        "cik_missing": 4,
        "evidence": {
          "no_strict_prior_positive_evidence": 4
        }
      },
      "PSA-PN": {
        "observations": 3,
        "first_session": "2024-12-20",
        "last_session": "2024-12-27",
        "cik_available": 0,
        "cik_missing": 3,
        "evidence": {
          "no_strict_prior_positive_evidence": 3
        }
      },
      "PSA-PP": {
        "observations": 3,
        "first_session": "2024-12-20",
        "last_session": "2024-12-27",
        "cik_available": 0,
        "cik_missing": 3,
        "evidence": {
          "no_strict_prior_positive_evidence": 3
        }
      },
      "PSA-PR": {
        "observations": 3,
        "first_session": "2024-12-20",
        "last_session": "2024-12-27",
        "cik_available": 0,
        "cik_missing": 3,
        "evidence": {
          "no_strict_prior_positive_evidence": 3
        }
      },
      "PSEC-PA": {
        "observations": 3,
        "first_session": "2024-12-20",
        "last_session": "2024-12-27",
        "cik_available": 0,
        "cik_missing": 3,
        "evidence": {
          "no_strict_prior_positive_evidence": 3
        }
      },
      "RC-PE": {
        "observations": 3,
        "first_session": "2024-12-20",
        "last_session": "2024-12-27",
        "cik_available": 0,
        "cik_missing": 3,
        "evidence": {
          "no_strict_prior_positive_evidence": 3
        }
      },
      "REXR-PC": {
        "observations": 4,
        "first_session": "2024-12-20",
        "last_session": "2024-12-31",
        "cik_available": 0,
        "cik_missing": 4,
        "evidence": {
          "no_strict_prior_positive_evidence": 4
        }
      },
      "RITM-PB": {
        "observations": 4,
        "first_session": "2024-12-20",
        "last_session": "2024-12-31",
        "cik_available": 0,
        "cik_missing": 4,
        "evidence": {
          "no_strict_prior_positive_evidence": 4
        }
      },
      "RITM-PD": {
        "observations": 4,
        "first_session": "2024-12-20",
        "last_session": "2024-12-31",
        "cik_available": 0,
        "cik_missing": 4,
        "evidence": {
          "no_strict_prior_positive_evidence": 4
        }
      },
      "RJF-PB": {
        "observations": 4,
        "first_session": "2024-12-20",
        "last_session": "2024-12-31",
        "cik_available": 0,
        "cik_missing": 4,
        "evidence": {
          "no_strict_prior_positive_evidence": 4
        }
      },
      "RNR-PF": {
        "observations": 4,
        "first_session": "2024-12-20",
        "last_session": "2024-12-31",
        "cik_available": 0,
        "cik_missing": 4,
        "evidence": {
          "no_strict_prior_positive_evidence": 4
        }
      },
      "RWT-PA": {
        "observations": 4,
        "first_session": "2024-12-20",
        "last_session": "2024-12-31",
        "cik_available": 0,
        "cik_missing": 4,
        "evidence": {
          "no_strict_prior_positive_evidence": 4
        }
      },
      "SCE-PG": {
        "observations": 4,
        "first_session": "2024-12-20",
        "last_session": "2024-12-31",
        "cik_available": 0,
        "cik_missing": 4,
        "evidence": {
          "no_strict_prior_positive_evidence": 4
        }
      },
      "SCE-PK": {
        "observations": 6,
        "first_session": "2024-12-20",
        "last_session": "2025-01-13",
        "cik_available": 0,
        "cik_missing": 6,
        "evidence": {
          "no_strict_prior_positive_evidence": 6
        }
      },
      "SCE-PM": {
        "observations": 9,
        "first_session": "2024-12-20",
        "last_session": "2025-01-15",
        "cik_available": 0,
        "cik_missing": 9,
        "evidence": {
          "no_strict_prior_positive_evidence": 9
        }
      },
      "SEAL-PA": {
        "observations": 4,
        "first_session": "2024-12-20",
        "last_session": "2024-12-31",
        "cik_available": 0,
        "cik_missing": 4,
        "evidence": {
          "no_strict_prior_positive_evidence": 4
        }
      },
      "SF-PC": {
        "observations": 4,
        "first_session": "2024-12-20",
        "last_session": "2024-12-31",
        "cik_available": 0,
        "cik_missing": 4,
        "evidence": {
          "no_strict_prior_positive_evidence": 4
        }
      },
      "SHO-PH": {
        "observations": 4,
        "first_session": "2024-12-20",
        "last_session": "2024-12-31",
        "cik_available": 0,
        "cik_missing": 4,
        "evidence": {
          "no_strict_prior_positive_evidence": 4
        }
      },
      "SNV-PE": {
        "observations": 4,
        "first_session": "2024-12-20",
        "last_session": "2024-12-31",
        "cik_available": 0,
        "cik_missing": 4,
        "evidence": {
          "no_strict_prior_positive_evidence": 4
        }
      },
      "SPG-PJ": {
        "observations": 6,
        "first_session": "2024-12-20",
        "last_session": "2025-01-03",
        "cik_available": 0,
        "cik_missing": 6,
        "evidence": {
          "no_strict_prior_positive_evidence": 6
        }
      },
      "SPLP-PA": {
        "observations": 4,
        "first_session": "2024-12-20",
        "last_session": "2024-12-31",
        "cik_available": 0,
        "cik_missing": 4,
        "evidence": {
          "no_strict_prior_positive_evidence": 4
        }
      },
      "SR-PA": {
        "observations": 4,
        "first_session": "2024-12-20",
        "last_session": "2024-12-31",
        "cik_available": 0,
        "cik_missing": 4,
        "evidence": {
          "no_strict_prior_positive_evidence": 4
        }
      },
      "STT-PG": {
        "observations": 4,
        "first_session": "2024-12-20",
        "last_session": "2024-12-31",
        "cik_available": 0,
        "cik_missing": 4,
        "evidence": {
          "no_strict_prior_positive_evidence": 4
        }
      },
      "SYF-PB": {
        "observations": 4,
        "first_session": "2024-12-20",
        "last_session": "2024-12-31",
        "cik_available": 0,
        "cik_missing": 4,
        "evidence": {
          "no_strict_prior_positive_evidence": 4
        }
      },
      "TDS-PU": {
        "observations": 3,
        "first_session": "2024-12-20",
        "last_session": "2024-12-27",
        "cik_available": 0,
        "cik_missing": 3,
        "evidence": {
          "no_strict_prior_positive_evidence": 3
        }
      },
      "TEN-PE": {
        "observations": 4,
        "first_session": "2024-12-20",
        "last_session": "2024-12-31",
        "cik_available": 0,
        "cik_missing": 4,
        "evidence": {
          "no_strict_prior_positive_evidence": 4
        }
      },
      "TFC-PI": {
        "observations": 4,
        "first_session": "2024-12-20",
        "last_session": "2024-12-31",
        "cik_available": 0,
        "cik_missing": 4,
        "evidence": {
          "no_strict_prior_positive_evidence": 4
        }
      },
      "TFC-PO": {
        "observations": 4,
        "first_session": "2024-12-20",
        "last_session": "2024-12-31",
        "cik_available": 0,
        "cik_missing": 4,
        "evidence": {
          "no_strict_prior_positive_evidence": 4
        }
      },
      "TRTN-PB": {
        "observations": 4,
        "first_session": "2024-12-20",
        "last_session": "2024-12-31",
        "cik_available": 0,
        "cik_missing": 4,
        "evidence": {
          "no_strict_prior_positive_evidence": 4
        }
      },
      "TRTN-PD": {
        "observations": 4,
        "first_session": "2024-12-20",
        "last_session": "2024-12-31",
        "cik_available": 0,
        "cik_missing": 4,
        "evidence": {
          "no_strict_prior_positive_evidence": 4
        }
      },
      "TWO-PB": {
        "observations": 4,
        "first_session": "2024-12-20",
        "last_session": "2024-12-31",
        "cik_available": 0,
        "cik_missing": 4,
        "evidence": {
          "no_strict_prior_positive_evidence": 4
        }
      },
      "UMH-PD": {
        "observations": 4,
        "first_session": "2024-12-20",
        "last_session": "2024-12-31",
        "cik_available": 0,
        "cik_missing": 4,
        "evidence": {
          "no_strict_prior_positive_evidence": 4
        }
      },
      "USB-PA": {
        "observations": 5,
        "first_session": "2024-12-20",
        "last_session": "2025-01-06",
        "cik_available": 0,
        "cik_missing": 5,
        "evidence": {
          "no_strict_prior_positive_evidence": 5
        }
      },
      "USB-PH": {
        "observations": 4,
        "first_session": "2024-12-20",
        "last_session": "2024-12-31",
        "cik_available": 0,
        "cik_missing": 4,
        "evidence": {
          "no_strict_prior_positive_evidence": 4
        }
      },
      "USB-PP": {
        "observations": 4,
        "first_session": "2024-12-20",
        "last_session": "2024-12-31",
        "cik_available": 0,
        "cik_missing": 4,
        "evidence": {
          "no_strict_prior_positive_evidence": 4
        }
      },
      "USB-PR": {
        "observations": 3,
        "first_session": "2024-12-20",
        "last_session": "2024-12-27",
        "cik_available": 0,
        "cik_missing": 3,
        "evidence": {
          "no_strict_prior_positive_evidence": 3
        }
      },
      "VNO-PM": {
        "observations": 3,
        "first_session": "2024-12-20",
        "last_session": "2024-12-27",
        "cik_available": 0,
        "cik_missing": 3,
        "evidence": {
          "no_strict_prior_positive_evidence": 3
        }
      },
      "VNO-PO": {
        "observations": 3,
        "first_session": "2024-12-20",
        "last_session": "2024-12-27",
        "cik_available": 0,
        "cik_missing": 3,
        "evidence": {
          "no_strict_prior_positive_evidence": 3
        }
      },
      "WBS-PF": {
        "observations": 3,
        "first_session": "2024-12-20",
        "last_session": "2024-12-27",
        "cik_available": 0,
        "cik_missing": 3,
        "evidence": {
          "no_strict_prior_positive_evidence": 3
        }
      },
      "WCC-PA": {
        "observations": 4,
        "first_session": "2024-12-20",
        "last_session": "2024-12-31",
        "cik_available": 0,
        "cik_missing": 4,
        "evidence": {
          "no_strict_prior_positive_evidence": 4
        }
      },
      "WFC-PD": {
        "observations": 3,
        "first_session": "2024-12-20",
        "last_session": "2024-12-27",
        "cik_available": 0,
        "cik_missing": 3,
        "evidence": {
          "no_strict_prior_positive_evidence": 3
        }
      },
      "WFC-PZ": {
        "observations": 5,
        "first_session": "2024-12-20",
        "last_session": "2025-01-10",
        "cik_available": 0,
        "cik_missing": 5,
        "evidence": {
          "no_strict_prior_positive_evidence": 5
        }
      },
      "WRB-PE": {
        "observations": 4,
        "first_session": "2024-12-20",
        "last_session": "2024-12-31",
        "cik_available": 0,
        "cik_missing": 4,
        "evidence": {
          "no_strict_prior_positive_evidence": 4
        }
      },
      "WRB-PG": {
        "observations": 3,
        "first_session": "2024-12-20",
        "last_session": "2024-12-27",
        "cik_available": 0,
        "cik_missing": 3,
        "evidence": {
          "no_strict_prior_positive_evidence": 3
        }
      },
      "XRN-PA": {
        "observations": 4,
        "first_session": "2024-12-20",
        "last_session": "2024-12-31",
        "cik_available": 0,
        "cik_missing": 4,
        "evidence": {
          "no_strict_prior_positive_evidence": 4
        }
      },
      "GTN.A": {
        "observations": 2,
        "first_session": "2024-12-23",
        "last_session": "2024-12-27",
        "cik_available": 0,
        "cik_missing": 2,
        "evidence": {
          "no_strict_prior_positive_evidence": 2
        }
      },
      "MAA-PI": {
        "observations": 5,
        "first_session": "2024-12-23",
        "last_session": "2025-01-03",
        "cik_available": 0,
        "cik_missing": 5,
        "evidence": {
          "no_strict_prior_positive_evidence": 5
        }
      },
      "BAOS": {
        "observations": 3,
        "first_session": "2024-12-24",
        "last_session": "2025-01-06",
        "cik_available": 0,
        "cik_missing": 3,
        "evidence": {
          "no_strict_prior_positive_evidence": 3
        }
      },
      "LB": {
        "observations": 361,
        "first_session": "2024-12-27",
        "last_session": "2026-07-29",
        "cik_available": 361,
        "cik_missing": 0,
        "evidence": {
          "sec_positive_strict_prior_cik_mismatch": 361
        }
      },
      "SB-PC": {
        "observations": 1,
        "first_session": "2024-12-27",
        "last_session": "2024-12-27",
        "cik_available": 0,
        "cik_missing": 1,
        "evidence": {
          "no_strict_prior_positive_evidence": 1
        }
      },
      "MKC.V": {
        "observations": 2,
        "first_session": "2024-12-30",
        "last_session": "2025-01-06",
        "cik_available": 0,
        "cik_missing": 2,
        "evidence": {
          "no_strict_prior_positive_evidence": 2
        }
      },
      "NXUR": {
        "observations": 3,
        "first_session": "2024-12-30",
        "last_session": "2025-01-06",
        "cik_available": 0,
        "cik_missing": 3,
        "evidence": {
          "no_strict_prior_positive_evidence": 3
        }
      },
      "BHFAP": {
        "observations": 3,
        "first_session": "2024-12-31",
        "last_session": "2025-01-06",
        "cik_available": 0,
        "cik_missing": 3,
        "evidence": {
          "no_strict_prior_positive_evidence": 3
        }
      },
      "BPYPO": {
        "observations": 2,
        "first_session": "2024-12-31",
        "last_session": "2025-01-06",
        "cik_available": 0,
        "cik_missing": 2,
        "evidence": {
          "no_strict_prior_positive_evidence": 2
        }
      },
      "NXTS": {
        "observations": 13,
        "first_session": "2025-01-02",
        "last_session": "2026-06-29",
        "cik_available": 4,
        "cik_missing": 9,
        "evidence": {
          "no_strict_prior_positive_evidence": 13
        }
      },
      "BF.A": {
        "observations": 2,
        "first_session": "2025-01-06",
        "last_session": "2025-01-10",
        "cik_available": 0,
        "cik_missing": 2,
        "evidence": {
          "no_strict_prior_positive_evidence": 2
        }
      },
      "CMS-PB": {
        "observations": 1,
        "first_session": "2025-01-06",
        "last_session": "2025-01-06",
        "cik_available": 0,
        "cik_missing": 1,
        "evidence": {
          "no_strict_prior_positive_evidence": 1
        }
      },
      "CTA-PA": {
        "observations": 2,
        "first_session": "2025-01-06",
        "last_session": "2025-01-07",
        "cik_available": 0,
        "cik_missing": 2,
        "evidence": {
          "no_strict_prior_positive_evidence": 2
        }
      },
      "KIM-PN": {
        "observations": 1,
        "first_session": "2025-01-06",
        "last_session": "2025-01-06",
        "cik_available": 0,
        "cik_missing": 1,
        "evidence": {
          "no_strict_prior_positive_evidence": 1
        }
      },
      "LXP-PC": {
        "observations": 1,
        "first_session": "2025-01-06",
        "last_session": "2025-01-06",
        "cik_available": 0,
        "cik_missing": 1,
        "evidence": {
          "no_strict_prior_positive_evidence": 1
        }
      },
      "NEE-PS": {
        "observations": 30,
        "first_session": "2025-01-06",
        "last_session": "2026-06-10",
        "cik_available": 0,
        "cik_missing": 30,
        "evidence": {
          "no_strict_prior_positive_evidence": 30
        }
      },
      "POET": {
        "observations": 226,
        "first_session": "2025-01-06",
        "last_session": "2026-07-31",
        "cik_available": 0,
        "cik_missing": 226,
        "evidence": {
          "no_strict_prior_positive_evidence": 226
        }
      },
      "SII": {
        "observations": 128,
        "first_session": "2025-01-06",
        "last_session": "2026-07-23",
        "cik_available": 128,
        "cik_missing": 0,
        "evidence": {
          "sec_positive_strict_prior_cik_mismatch": 128
        }
      },
      "SLMBP": {
        "observations": 2,
        "first_session": "2025-01-06",
        "last_session": "2025-01-07",
        "cik_available": 0,
        "cik_missing": 2,
        "evidence": {
          "no_strict_prior_positive_evidence": 2
        }
      },
      "WSO.B": {
        "observations": 1,
        "first_session": "2025-01-06",
        "last_session": "2025-01-06",
        "cik_available": 0,
        "cik_missing": 1,
        "evidence": {
          "no_strict_prior_positive_evidence": 1
        }
      },
      "ABR-PD": {
        "observations": 1,
        "first_session": "2025-01-07",
        "last_session": "2025-01-07",
        "cik_available": 0,
        "cik_missing": 1,
        "evidence": {
          "no_strict_prior_positive_evidence": 1
        }
      },
      "ABR-PF": {
        "observations": 1,
        "first_session": "2025-01-07",
        "last_session": "2025-01-07",
        "cik_available": 0,
        "cik_missing": 1,
        "evidence": {
          "no_strict_prior_positive_evidence": 1
        }
      },
      "ACR-PC": {
        "observations": 1,
        "first_session": "2025-01-07",
        "last_session": "2025-01-07",
        "cik_available": 0,
        "cik_missing": 1,
        "evidence": {
          "no_strict_prior_positive_evidence": 1
        }
      },
      "ADC-PA": {
        "observations": 1,
        "first_session": "2025-01-07",
        "last_session": "2025-01-07",
        "cik_available": 0,
        "cik_missing": 1,
        "evidence": {
          "no_strict_prior_positive_evidence": 1
        }
      },
      "AGM-PF": {
        "observations": 1,
        "first_session": "2025-01-07",
        "last_session": "2025-01-07",
        "cik_available": 0,
        "cik_missing": 1,
        "evidence": {
          "no_strict_prior_positive_evidence": 1
        }
      },
      "AHL-PD": {
        "observations": 1,
        "first_session": "2025-01-07",
        "last_session": "2025-01-07",
        "cik_available": 0,
        "cik_missing": 1,
        "evidence": {
          "no_strict_prior_positive_evidence": 1
        }
      },
      "ANG-PA": {
        "observations": 8,
        "first_session": "2025-01-07",
        "last_session": "2025-01-24",
        "cik_available": 0,
        "cik_missing": 8,
        "evidence": {
          "no_strict_prior_positive_evidence": 8
        }
      },
      "BAC-PE": {
        "observations": 1,
        "first_session": "2025-01-07",
        "last_session": "2025-01-07",
        "cik_available": 0,
        "cik_missing": 1,
        "evidence": {
          "no_strict_prior_positive_evidence": 1
        }
      },
      "CMRE-PD": {
        "observations": 1,
        "first_session": "2025-01-07",
        "last_session": "2025-01-07",
        "cik_available": 0,
        "cik_missing": 1,
        "evidence": {
          "no_strict_prior_positive_evidence": 1
        }
      },
      "CNO-PA": {
        "observations": 1,
        "first_session": "2025-01-07",
        "last_session": "2025-01-07",
        "cik_available": 0,
        "cik_missing": 1,
        "evidence": {
          "no_strict_prior_positive_evidence": 1
        }
      },
      "CODI-PB": {
        "observations": 1,
        "first_session": "2025-01-07",
        "last_session": "2025-01-07",
        "cik_available": 0,
        "cik_missing": 1,
        "evidence": {
          "no_strict_prior_positive_evidence": 1
        }
      },
      "CUBI-PF": {
        "observations": 1,
        "first_session": "2025-01-07",
        "last_session": "2025-01-07",
        "cik_available": 0,
        "cik_missing": 1,
        "evidence": {
          "no_strict_prior_positive_evidence": 1
        }
      },
      "EQH-PC": {
        "observations": 1,
        "first_session": "2025-01-07",
        "last_session": "2025-01-07",
        "cik_available": 0,
        "cik_missing": 1,
        "evidence": {
          "no_strict_prior_positive_evidence": 1
        }
      },
      "FHN-PC": {
        "observations": 1,
        "first_session": "2025-01-07",
        "last_session": "2025-01-07",
        "cik_available": 0,
        "cik_missing": 1,
        "evidence": {
          "no_strict_prior_positive_evidence": 1
        }
      },
      "GGT-PE": {
        "observations": 1,
        "first_session": "2025-01-07",
        "last_session": "2025-01-07",
        "cik_available": 0,
        "cik_missing": 1,
        "evidence": {
          "no_strict_prior_positive_evidence": 1
        }
      },
      "GLOP-PA": {
        "observations": 1,
        "first_session": "2025-01-07",
        "last_session": "2025-01-07",
        "cik_available": 0,
        "cik_missing": 1,
        "evidence": {
          "no_strict_prior_positive_evidence": 1
        }
      },
      "GNL-PD": {
        "observations": 1,
        "first_session": "2025-01-07",
        "last_session": "2025-01-07",
        "cik_available": 0,
        "cik_missing": 1,
        "evidence": {
          "no_strict_prior_positive_evidence": 1
        }
      },
      "GOODN": {
        "observations": 1,
        "first_session": "2025-01-07",
        "last_session": "2025-01-07",
        "cik_available": 1,
        "cik_missing": 0,
        "evidence": {
          "no_strict_prior_positive_evidence": 1
        }
      },
      "INN-PF": {
        "observations": 1,
        "first_session": "2025-01-07",
        "last_session": "2025-01-07",
        "cik_available": 0,
        "cik_missing": 1,
        "evidence": {
          "no_strict_prior_positive_evidence": 1
        }
      },
      "KEY-PJ": {
        "observations": 1,
        "first_session": "2025-01-07",
        "last_session": "2025-01-07",
        "cik_available": 0,
        "cik_missing": 1,
        "evidence": {
          "no_strict_prior_positive_evidence": 1
        }
      },
      "TRTN-PE": {
        "observations": 1,
        "first_session": "2025-01-07",
        "last_session": "2025-01-07",
        "cik_available": 0,
        "cik_missing": 1,
        "evidence": {
          "no_strict_prior_positive_evidence": 1
        }
      },
      "WAL-PA": {
        "observations": 1,
        "first_session": "2025-01-07",
        "last_session": "2025-01-07",
        "cik_available": 0,
        "cik_missing": 1,
        "evidence": {
          "no_strict_prior_positive_evidence": 1
        }
      },
      "WBS-PG": {
        "observations": 1,
        "first_session": "2025-01-07",
        "last_session": "2025-01-07",
        "cik_available": 0,
        "cik_missing": 1,
        "evidence": {
          "no_strict_prior_positive_evidence": 1
        }
      },
      "BBAR": {
        "observations": 38,
        "first_session": "2025-01-08",
        "last_session": "2025-11-24",
        "cik_available": 0,
        "cik_missing": 38,
        "evidence": {
          "no_strict_prior_positive_evidence": 38
        }
      },
      "FSV": {
        "observations": 332,
        "first_session": "2025-01-13",
        "last_session": "2026-07-31",
        "cik_available": 0,
        "cik_missing": 332,
        "evidence": {
          "no_strict_prior_positive_evidence": 332
        }
      },
      "ARIS2": {
        "observations": 123,
        "first_session": "2025-01-16",
        "last_session": "2025-10-14",
        "cik_available": 0,
        "cik_missing": 123,
        "evidence": {
          "no_strict_prior_positive_evidence": 123
        }
      },
      "TAC": {
        "observations": 145,
        "first_session": "2025-01-16",
        "last_session": "2026-07-16",
        "cik_available": 0,
        "cik_missing": 145,
        "evidence": {
          "no_strict_prior_positive_evidence": 145
        }
      },
      "QNTM": {
        "observations": 8,
        "first_session": "2025-02-04",
        "last_session": "2025-02-13",
        "cik_available": 8,
        "cik_missing": 0,
        "evidence": {
          "no_strict_prior_positive_evidence": 8
        }
      },
      "SEGG": {
        "observations": 21,
        "first_session": "2025-02-06",
        "last_session": "2026-02-17",
        "cik_available": 0,
        "cik_missing": 21,
        "evidence": {
          "no_strict_prior_positive_evidence": 21
        }
      },
      "SOPAQ": {
        "observations": 16,
        "first_session": "2025-02-11",
        "last_session": "2026-01-23",
        "cik_available": 0,
        "cik_missing": 16,
        "evidence": {
          "no_strict_prior_positive_evidence": 16
        }
      },
      "GVHGF": {
        "observations": 12,
        "first_session": "2025-03-05",
        "last_session": "2025-03-26",
        "cik_available": 0,
        "cik_missing": 12,
        "evidence": {
          "no_strict_prior_positive_evidence": 12
        }
      },
      "ESLT": {
        "observations": 252,
        "first_session": "2025-03-18",
        "last_session": "2026-03-18",
        "cik_available": 252,
        "cik_missing": 0,
        "evidence": {
          "sec_positive_strict_prior_cik_mismatch": 252
        }
      },
      "SOBO": {
        "observations": 214,
        "first_session": "2025-04-14",
        "last_session": "2026-07-31",
        "cik_available": 0,
        "cik_missing": 214,
        "evidence": {
          "no_strict_prior_positive_evidence": 214
        }
      },
      "SXTC": {
        "observations": 4,
        "first_session": "2025-04-25",
        "last_session": "2025-05-19",
        "cik_available": 0,
        "cik_missing": 4,
        "evidence": {
          "no_strict_prior_positive_evidence": 4
        }
      },
      "NXTT": {
        "observations": 15,
        "first_session": "2025-05-09",
        "last_session": "2025-10-01",
        "cik_available": 0,
        "cik_missing": 15,
        "evidence": {
          "no_strict_prior_positive_evidence": 15
        }
      },
      "BA-PA": {
        "observations": 239,
        "first_session": "2025-05-12",
        "last_session": "2026-07-31",
        "cik_available": 0,
        "cik_missing": 239,
        "evidence": {
          "no_strict_prior_positive_evidence": 239
        }
      },
      "DEVSF": {
        "observations": 1,
        "first_session": "2025-05-12",
        "last_session": "2025-05-12",
        "cik_available": 0,
        "cik_missing": 1,
        "evidence": {
          "no_strict_prior_positive_evidence": 1
        }
      },
      "HIFS": {
        "observations": 94,
        "first_session": "2025-06-02",
        "last_session": "2026-02-05",
        "cik_available": 0,
        "cik_missing": 94,
        "evidence": {
          "no_strict_prior_positive_evidence": 94
        }
      },
      "MODVQ": {
        "observations": 9,
        "first_session": "2025-06-05",
        "last_session": "2025-06-27",
        "cik_available": 0,
        "cik_missing": 9,
        "evidence": {
          "no_strict_prior_positive_evidence": 9
        }
      },
      "WBUY": {
        "observations": 5,
        "first_session": "2025-06-06",
        "last_session": "2025-07-23",
        "cik_available": 0,
        "cik_missing": 5,
        "evidence": {
          "no_strict_prior_positive_evidence": 5
        }
      },
      "GRML": {
        "observations": 19,
        "first_session": "2025-06-09",
        "last_session": "2025-07-11",
        "cik_available": 0,
        "cik_missing": 19,
        "evidence": {
          "no_strict_prior_positive_evidence": 19
        }
      },
      "USBC": {
        "observations": 11,
        "first_session": "2025-06-09",
        "last_session": "2025-07-08",
        "cik_available": 0,
        "cik_missing": 11,
        "evidence": {
          "no_strict_prior_positive_evidence": 11
        }
      },
      "DFSC": {
        "observations": 4,
        "first_session": "2025-06-18",
        "last_session": "2025-06-30",
        "cik_available": 0,
        "cik_missing": 4,
        "evidence": {
          "no_strict_prior_positive_evidence": 4
        }
      },
      "ORLA": {
        "observations": 239,
        "first_session": "2025-06-20",
        "last_session": "2026-07-30",
        "cik_available": 0,
        "cik_missing": 239,
        "evidence": {
          "no_strict_prior_positive_evidence": 239
        }
      },
      "ASM": {
        "observations": 238,
        "first_session": "2025-06-24",
        "last_session": "2026-07-16",
        "cik_available": 0,
        "cik_missing": 238,
        "evidence": {
          "no_strict_prior_positive_evidence": 238
        }
      },
      "NEE-PT": {
        "observations": 10,
        "first_session": "2025-06-25",
        "last_session": "2026-03-24",
        "cik_available": 0,
        "cik_missing": 10,
        "evidence": {
          "no_strict_prior_positive_evidence": 10
        }
      },
      "ABVEF": {
        "observations": 30,
        "first_session": "2025-07-10",
        "last_session": "2025-11-04",
        "cik_available": 0,
        "cik_missing": 30,
        "evidence": {
          "no_strict_prior_positive_evidence": 30
        }
      },
      "ABVX": {
        "observations": 258,
        "first_session": "2025-07-23",
        "last_session": "2026-07-31",
        "cik_available": 0,
        "cik_missing": 258,
        "evidence": {
          "no_strict_prior_positive_evidence": 258
        }
      },
      "PBM": {
        "observations": 9,
        "first_session": "2025-08-04",
        "last_session": "2026-05-01",
        "cik_available": 0,
        "cik_missing": 9,
        "evidence": {
          "no_strict_prior_positive_evidence": 9
        }
      },
      "STRK": {
        "observations": 53,
        "first_session": "2025-08-08",
        "last_session": "2025-12-12",
        "cik_available": 0,
        "cik_missing": 53,
        "evidence": {
          "no_strict_prior_positive_evidence": 53
        }
      },
      "DYNC": {
        "observations": 5,
        "first_session": "2025-08-11",
        "last_session": "2025-08-15",
        "cik_available": 0,
        "cik_missing": 5,
        "evidence": {
          "no_strict_prior_positive_evidence": 5
        }
      },
      "SPNS": {
        "observations": 66,
        "first_session": "2025-08-13",
        "last_session": "2025-12-16",
        "cik_available": 0,
        "cik_missing": 66,
        "evidence": {
          "no_strict_prior_positive_evidence": 66
        }
      },
      "TRIB": {
        "observations": 3,
        "first_session": "2025-08-14",
        "last_session": "2025-08-20",
        "cik_available": 0,
        "cik_missing": 3,
        "evidence": {
          "no_strict_prior_positive_evidence": 3
        }
      },
      "SDEV": {
        "observations": 24,
        "first_session": "2025-08-27",
        "last_session": "2026-01-28",
        "cik_available": 24,
        "cik_missing": 0,
        "evidence": {
          "sec_positive_strict_prior_cik_mismatch": 24
        }
      },
      "SKYA": {
        "observations": 12,
        "first_session": "2025-08-27",
        "last_session": "2025-09-23",
        "cik_available": 12,
        "cik_missing": 0,
        "evidence": {
          "no_strict_prior_positive_evidence": 12
        }
      },
      "DOO": {
        "observations": 53,
        "first_session": "2025-09-02",
        "last_session": "2026-05-21",
        "cik_available": 0,
        "cik_missing": 53,
        "evidence": {
          "no_strict_prior_positive_evidence": 53
        }
      },
      "FER": {
        "observations": 226,
        "first_session": "2025-09-08",
        "last_session": "2026-07-31",
        "cik_available": 0,
        "cik_missing": 226,
        "evidence": {
          "no_strict_prior_positive_evidence": 226
        }
      },
      "QMMM": {
        "observations": 14,
        "first_session": "2025-09-09",
        "last_session": "2025-09-26",
        "cik_available": 0,
        "cik_missing": 14,
        "evidence": {
          "no_strict_prior_positive_evidence": 14
        }
      },
      "TFPM": {
        "observations": 125,
        "first_session": "2025-09-23",
        "last_session": "2026-07-24",
        "cik_available": 0,
        "cik_missing": 125,
        "evidence": {
          "no_strict_prior_positive_evidence": 125
        }
      },
      "NUAI": {
        "observations": 184,
        "first_session": "2025-09-25",
        "last_session": "2026-07-31",
        "cik_available": 27,
        "cik_missing": 157,
        "evidence": {
          "no_strict_prior_positive_evidence": 184
        }
      },
      "EPSM": {
        "observations": 13,
        "first_session": "2025-09-26",
        "last_session": "2025-10-17",
        "cik_available": 0,
        "cik_missing": 13,
        "evidence": {
          "no_strict_prior_positive_evidence": 13
        }
      },
      "CGAU": {
        "observations": 163,
        "first_session": "2025-10-01",
        "last_session": "2026-07-31",
        "cik_available": 0,
        "cik_missing": 163,
        "evidence": {
          "no_strict_prior_positive_evidence": 163
        }
      },
      "MIMI": {
        "observations": 2,
        "first_session": "2025-10-03",
        "last_session": "2025-10-06",
        "cik_available": 0,
        "cik_missing": 2,
        "evidence": {
          "no_strict_prior_positive_evidence": 2
        }
      },
      "ERO": {
        "observations": 190,
        "first_session": "2025-10-10",
        "last_session": "2026-07-31",
        "cik_available": 0,
        "cik_missing": 190,
        "evidence": {
          "no_strict_prior_positive_evidence": 190
        }
      },
      "ELBM": {
        "observations": 17,
        "first_session": "2025-10-13",
        "last_session": "2025-11-10",
        "cik_available": 0,
        "cik_missing": 17,
        "evidence": {
          "no_strict_prior_positive_evidence": 17
        }
      },
      "SKE": {
        "observations": 106,
        "first_session": "2025-10-15",
        "last_session": "2026-07-21",
        "cik_available": 0,
        "cik_missing": 106,
        "evidence": {
          "no_strict_prior_positive_evidence": 106
        }
      },
      "UROY": {
        "observations": 22,
        "first_session": "2025-10-16",
        "last_session": "2025-11-14",
        "cik_available": 0,
        "cik_missing": 22,
        "evidence": {
          "no_strict_prior_positive_evidence": 22
        }
      },
      "ARES-PB": {
        "observations": 20,
        "first_session": "2025-10-23",
        "last_session": "2026-04-14",
        "cik_available": 0,
        "cik_missing": 20,
        "evidence": {
          "no_strict_prior_positive_evidence": 20
        }
      },
      "DGXX": {
        "observations": 83,
        "first_session": "2025-10-27",
        "last_session": "2026-07-22",
        "cik_available": 54,
        "cik_missing": 29,
        "evidence": {
          "no_strict_prior_positive_evidence": 83
        }
      },
      "MTC": {
        "observations": 8,
        "first_session": "2025-11-05",
        "last_session": "2025-11-14",
        "cik_available": 0,
        "cik_missing": 8,
        "evidence": {
          "no_strict_prior_positive_evidence": 8
        }
      },
      "PCG-PX": {
        "observations": 5,
        "first_session": "2025-11-11",
        "last_session": "2025-11-25",
        "cik_available": 0,
        "cik_missing": 5,
        "evidence": {
          "no_strict_prior_positive_evidence": 5
        }
      },
      "HPE-PC": {
        "observations": 40,
        "first_session": "2025-11-12",
        "last_session": "2026-07-28",
        "cik_available": 0,
        "cik_missing": 40,
        "evidence": {
          "no_strict_prior_positive_evidence": 40
        }
      },
      "STRF": {
        "observations": 54,
        "first_session": "2025-11-19",
        "last_session": "2026-07-16",
        "cik_available": 0,
        "cik_missing": 54,
        "evidence": {
          "no_strict_prior_positive_evidence": 54
        }
      },
      "VZLA": {
        "observations": 150,
        "first_session": "2025-11-20",
        "last_session": "2026-06-29",
        "cik_available": 0,
        "cik_missing": 150,
        "evidence": {
          "no_strict_prior_positive_evidence": 150
        }
      },
      "AEHL": {
        "observations": 9,
        "first_session": "2025-11-25",
        "last_session": "2026-05-19",
        "cik_available": 0,
        "cik_missing": 9,
        "evidence": {
          "no_strict_prior_positive_evidence": 9
        }
      },
      "OCG": {
        "observations": 2,
        "first_session": "2025-12-09",
        "last_session": "2025-12-10",
        "cik_available": 0,
        "cik_missing": 2,
        "evidence": {
          "no_strict_prior_positive_evidence": 2
        }
      },
      "HXHX": {
        "observations": 1,
        "first_session": "2025-12-22",
        "last_session": "2025-12-22",
        "cik_available": 0,
        "cik_missing": 1,
        "evidence": {
          "no_strict_prior_positive_evidence": 1
        }
      },
      "AZIO": {
        "observations": 14,
        "first_session": "2026-01-12",
        "last_session": "2026-02-04",
        "cik_available": 0,
        "cik_missing": 14,
        "evidence": {
          "no_strict_prior_positive_evidence": 14
        }
      },
      "ALM": {
        "observations": 138,
        "first_session": "2026-01-13",
        "last_session": "2026-07-31",
        "cik_available": 138,
        "cik_missing": 0,
        "evidence": {
          "no_strict_prior_positive_evidence": 138
        }
      },
      "KKR-PD": {
        "observations": 37,
        "first_session": "2026-01-14",
        "last_session": "2026-03-24",
        "cik_available": 0,
        "cik_missing": 37,
        "evidence": {
          "no_strict_prior_positive_evidence": 37
        }
      },
      "SPHL": {
        "observations": 6,
        "first_session": "2026-01-15",
        "last_session": "2026-01-30",
        "cik_available": 0,
        "cik_missing": 6,
        "evidence": {
          "no_strict_prior_positive_evidence": 6
        }
      },
      "ANPA": {
        "observations": 12,
        "first_session": "2026-01-22",
        "last_session": "2026-02-06",
        "cik_available": 0,
        "cik_missing": 12,
        "evidence": {
          "no_strict_prior_positive_evidence": 12
        }
      },
      "MCHPP": {
        "observations": 32,
        "first_session": "2026-01-22",
        "last_session": "2026-07-27",
        "cik_available": 0,
        "cik_missing": 32,
        "evidence": {
          "no_strict_prior_positive_evidence": 32
        }
      },
      "AAUC": {
        "observations": 40,
        "first_session": "2026-01-23",
        "last_session": "2026-05-28",
        "cik_available": 0,
        "cik_missing": 40,
        "evidence": {
          "no_strict_prior_positive_evidence": 40
        }
      },
      "TIRXF": {
        "observations": 1,
        "first_session": "2026-01-28",
        "last_session": "2026-01-28",
        "cik_available": 0,
        "cik_missing": 1,
        "evidence": {
          "no_strict_prior_positive_evidence": 1
        }
      },
      "GROY": {
        "observations": 11,
        "first_session": "2026-01-30",
        "last_session": "2026-02-13",
        "cik_available": 0,
        "cik_missing": 11,
        "evidence": {
          "no_strict_prior_positive_evidence": 11
        }
      },
      "ELPW": {
        "observations": 10,
        "first_session": "2026-02-02",
        "last_session": "2026-05-07",
        "cik_available": 0,
        "cik_missing": 10,
        "evidence": {
          "no_strict_prior_positive_evidence": 10
        }
      },
      "SPG": {
        "observations": 2,
        "first_session": "2026-02-06",
        "last_session": "2026-02-09",
        "cik_available": 2,
        "cik_missing": 0,
        "evidence": {
          "sec_positive_strict_prior_cik_mismatch": 2
        }
      },
      "TOWN": {
        "observations": 55,
        "first_session": "2026-02-10",
        "last_session": "2026-07-31",
        "cik_available": 0,
        "cik_missing": 55,
        "evidence": {
          "no_strict_prior_positive_evidence": 55
        }
      },
      "BCH": {
        "observations": 7,
        "first_session": "2026-02-13",
        "last_session": "2026-04-23",
        "cik_available": 0,
        "cik_missing": 7,
        "evidence": {
          "no_strict_prior_positive_evidence": 7
        }
      },
      "CHGA": {
        "observations": 2,
        "first_session": "2026-02-27",
        "last_session": "2026-03-02",
        "cik_available": 0,
        "cik_missing": 2,
        "evidence": {
          "no_strict_prior_positive_evidence": 2
        }
      },
      "TMDE": {
        "observations": 11,
        "first_session": "2026-03-02",
        "last_session": "2026-03-18",
        "cik_available": 0,
        "cik_missing": 11,
        "evidence": {
          "no_strict_prior_positive_evidence": 11
        }
      },
      "SHG": {
        "observations": 37,
        "first_session": "2026-03-04",
        "last_session": "2026-07-16",
        "cik_available": 0,
        "cik_missing": 37,
        "evidence": {
          "no_strict_prior_positive_evidence": 37
        }
      },
      "ATPC": {
        "observations": 11,
        "first_session": "2026-03-12",
        "last_session": "2026-07-17",
        "cik_available": 0,
        "cik_missing": 11,
        "evidence": {
          "no_strict_prior_positive_evidence": 11
        }
      },
      "VIST": {
        "observations": 93,
        "first_session": "2026-03-19",
        "last_session": "2026-07-31",
        "cik_available": 93,
        "cik_missing": 0,
        "evidence": {
          "sec_positive_strict_prior_cik_mismatch": 93
        }
      },
      "WBI": {
        "observations": 65,
        "first_session": "2026-03-19",
        "last_session": "2026-07-31",
        "cik_available": 65,
        "cik_missing": 0,
        "evidence": {
          "no_strict_prior_positive_evidence": 65
        }
      },
      "FLZH": {
        "observations": 15,
        "first_session": "2026-03-23",
        "last_session": "2026-04-13",
        "cik_available": 0,
        "cik_missing": 15,
        "evidence": {
          "no_strict_prior_positive_evidence": 15
        }
      },
      "AIXI": {
        "observations": 7,
        "first_session": "2026-04-07",
        "last_session": "2026-04-23",
        "cik_available": 0,
        "cik_missing": 7,
        "evidence": {
          "no_strict_prior_positive_evidence": 7
        }
      },
      "XNDU": {
        "observations": 67,
        "first_session": "2026-04-15",
        "last_session": "2026-07-21",
        "cik_available": 0,
        "cik_missing": 67,
        "evidence": {
          "no_strict_prior_positive_evidence": 67
        }
      },
      "AKAN": {
        "observations": 18,
        "first_session": "2026-04-22",
        "last_session": "2026-05-26",
        "cik_available": 18,
        "cik_missing": 0,
        "evidence": {
          "no_strict_prior_positive_evidence": 18
        }
      },
      "YAAS": {
        "observations": 2,
        "first_session": "2026-04-27",
        "last_session": "2026-04-28",
        "cik_available": 2,
        "cik_missing": 0,
        "evidence": {
          "no_strict_prior_positive_evidence": 2
        }
      },
      "BIYA": {
        "observations": 12,
        "first_session": "2026-04-30",
        "last_session": "2026-07-30",
        "cik_available": 0,
        "cik_missing": 12,
        "evidence": {
          "no_strict_prior_positive_evidence": 12
        }
      },
      "SUNC": {
        "observations": 57,
        "first_session": "2026-05-11",
        "last_session": "2026-07-31",
        "cik_available": 57,
        "cik_missing": 0,
        "evidence": {
          "no_strict_prior_positive_evidence": 57
        }
      },
      "QUCY": {
        "observations": 18,
        "first_session": "2026-05-13",
        "last_session": "2026-06-15",
        "cik_available": 18,
        "cik_missing": 0,
        "evidence": {
          "no_strict_prior_positive_evidence": 18
        }
      },
      "SATA": {
        "observations": 48,
        "first_session": "2026-05-15",
        "last_session": "2026-07-24",
        "cik_available": 0,
        "cik_missing": 48,
        "evidence": {
          "no_strict_prior_positive_evidence": 48
        }
      },
      "PCLA": {
        "observations": 2,
        "first_session": "2026-05-26",
        "last_session": "2026-05-27",
        "cik_available": 0,
        "cik_missing": 2,
        "evidence": {
          "no_strict_prior_positive_evidence": 2
        }
      },
      "BELFA": {
        "observations": 44,
        "first_session": "2026-05-29",
        "last_session": "2026-07-31",
        "cik_available": 0,
        "cik_missing": 44,
        "evidence": {
          "no_strict_prior_positive_evidence": 44
        }
      },
      "OCS": {
        "observations": 10,
        "first_session": "2026-06-02",
        "last_session": "2026-06-17",
        "cik_available": 0,
        "cik_missing": 10,
        "evidence": {
          "no_strict_prior_positive_evidence": 10
        }
      },
      "DSY": {
        "observations": 4,
        "first_session": "2026-06-10",
        "last_session": "2026-07-02",
        "cik_available": 4,
        "cik_missing": 0,
        "evidence": {
          "sec_positive_strict_prior_cik_mismatch": 4
        }
      },
      "MICC": {
        "observations": 36,
        "first_session": "2026-06-10",
        "last_session": "2026-07-31",
        "cik_available": 0,
        "cik_missing": 36,
        "evidence": {
          "no_strict_prior_positive_evidence": 36
        }
      },
      "VSME": {
        "observations": 5,
        "first_session": "2026-06-10",
        "last_session": "2026-06-16",
        "cik_available": 0,
        "cik_missing": 5,
        "evidence": {
          "no_strict_prior_positive_evidence": 5
        }
      },
      "EDHL": {
        "observations": 4,
        "first_session": "2026-06-11",
        "last_session": "2026-07-07",
        "cik_available": 0,
        "cik_missing": 4,
        "evidence": {
          "no_strict_prior_positive_evidence": 4
        }
      },
      "CUPR": {
        "observations": 4,
        "first_session": "2026-06-15",
        "last_session": "2026-06-30",
        "cik_available": 4,
        "cik_missing": 0,
        "evidence": {
          "no_strict_prior_positive_evidence": 4
        }
      },
      "BTQ": {
        "observations": 21,
        "first_session": "2026-06-17",
        "last_session": "2026-07-17",
        "cik_available": 0,
        "cik_missing": 21,
        "evidence": {
          "no_strict_prior_positive_evidence": 21
        }
      },
      "EHGO": {
        "observations": 10,
        "first_session": "2026-06-22",
        "last_session": "2026-07-28",
        "cik_available": 0,
        "cik_missing": 10,
        "evidence": {
          "no_strict_prior_positive_evidence": 10
        }
      },
      "CCXI": {
        "observations": 24,
        "first_session": "2026-06-29",
        "last_session": "2026-07-31",
        "cik_available": 24,
        "cik_missing": 0,
        "evidence": {
          "sec_positive_strict_prior_cik_mismatch": 24
        }
      },
      "ECHO": {
        "observations": 22,
        "first_session": "2026-07-01",
        "last_session": "2026-07-31",
        "cik_available": 22,
        "cik_missing": 0,
        "evidence": {
          "sec_positive_strict_prior_cik_mismatch": 22
        }
      },
      "GMM": {
        "observations": 4,
        "first_session": "2026-07-10",
        "last_session": "2026-07-29",
        "cik_available": 0,
        "cik_missing": 4,
        "evidence": {
          "no_strict_prior_positive_evidence": 4
        }
      },
      "ELVA": {
        "observations": 7,
        "first_session": "2026-07-15",
        "last_session": "2026-07-23",
        "cik_available": 0,
        "cik_missing": 7,
        "evidence": {
          "no_strict_prior_positive_evidence": 7
        }
      },
      "ZYBT": {
        "observations": 4,
        "first_session": "2026-07-20",
        "last_session": "2026-07-23",
        "cik_available": 4,
        "cik_missing": 0,
        "evidence": {
          "no_strict_prior_positive_evidence": 4
        }
      },
      "JZXN": {
        "observations": 1,
        "first_session": "2026-07-27",
        "last_session": "2026-07-27",
        "cik_available": 0,
        "cik_missing": 1,
        "evidence": {
          "no_strict_prior_positive_evidence": 1
        }
      },
      "CYCU": {
        "observations": 1,
        "first_session": "2026-07-30",
        "last_session": "2026-07-30",
        "cik_available": 1,
        "cik_missing": 0,
        "evidence": {
          "no_strict_prior_positive_evidence": 1
        }
      }
    },
    "by_month": {
      "2006-07": 4888,
      "2006-08": 5861,
      "2006-09": 5010,
      "2006-10": 6037,
      "2006-11": 6087,
      "2006-12": 5528,
      "2007-01": 5726,
      "2007-02": 5922,
      "2007-03": 7171,
      "2007-04": 6153,
      "2007-05": 7217,
      "2007-06": 7013,
      "2007-07": 6904,
      "2007-08": 8922,
      "2007-09": 5859,
      "2007-10": 7502,
      "2007-11": 7366,
      "2007-12": 6628,
      "2008-01": 6887,
      "2008-02": 6919,
      "2008-03": 6762,
      "2008-04": 7056,
      "2008-05": 6758,
      "2008-06": 6749,
      "2008-07": 7388,
      "2008-08": 6720,
      "2008-09": 6497,
      "2008-10": 7308,
      "2008-11": 4919,
      "2008-12": 5003,
      "2009-01": 4439,
      "2009-02": 4363,
      "2009-03": 4977,
      "2009-04": 4819,
      "2009-05": 5122,
      "2009-06": 5490,
      "2009-07": 4999,
      "2009-08": 4955,
      "2009-09": 5094,
      "2009-10": 5637,
      "2009-11": 5415,
      "2009-12": 5257,
      "2010-01": 4491,
      "2010-02": 4878,
      "2010-03": 5632,
      "2010-04": 5333,
      "2010-05": 5908,
      "2010-06": 6087,
      "2010-07": 5259,
      "2010-08": 5278,
      "2010-09": 4881,
      "2010-10": 5166,
      "2010-11": 5435,
      "2010-12": 5579,
      "2011-01": 4891,
      "2011-02": 5256,
      "2011-03": 6599,
      "2011-04": 5384,
      "2011-05": 5940,
      "2011-06": 5959,
      "2011-07": 5266,
      "2011-08": 6851,
      "2011-09": 5437,
      "2011-10": 5309,
      "2011-11": 5261,
      "2011-12": 5020,
      "2012-01": 4702,
      "2012-02": 5122,
      "2012-03": 5585,
      "2012-04": 4916,
      "2012-05": 5480,
      "2012-06": 4935,
      "2012-07": 4591,
      "2012-08": 4915,
      "2012-09": 4082,
      "2012-10": 4584,
      "2012-11": 4371,
      "2012-12": 4198,
      "2013-01": 4620,
      "2013-02": 4479,
      "2013-03": 4832,
      "2013-04": 5246,
      "2013-05": 5526,
      "2013-06": 4863,
      "2013-07": 5429,
      "2013-08": 5263,
      "2013-09": 4665,
      "2013-10": 5702,
      "2013-11": 5070,
      "2013-12": 5128,
      "2014-01": 5292,
      "2014-02": 5185,
      "2014-03": 5921,
      "2014-04": 5560,
      "2014-05": 5303,
      "2014-06": 5211,
      "2014-07": 5559,
      "2014-08": 5154,
      "2014-09": 4989,
      "2014-10": 6228,
      "2014-11": 5147,
      "2014-12": 5922,
      "2015-01": 5168,
      "2015-02": 4991,
      "2015-03": 5581,
      "2015-04": 5128,
      "2015-05": 4904,
      "2015-06": 5335,
      "2015-07": 5493,
      "2015-08": 5030,
      "2015-09": 4779,
      "2015-10": 4919,
      "2015-11": 4592,
      "2015-12": 4696,
      "2016-01": 4023,
      "2016-02": 4361,
      "2016-03": 4680,
      "2016-04": 4252,
      "2016-05": 4306,
      "2016-06": 4566,
      "2016-07": 4266,
      "2016-08": 4611,
      "2016-09": 4185,
      "2016-10": 4155,
      "2016-11": 4350,
      "2016-12": 4443,
      "2017-01": 4144,
      "2017-02": 3928,
      "2017-03": 4841,
      "2017-04": 3835,
      "2017-05": 4693,
      "2017-06": 4530,
      "2017-07": 3977,
      "2017-08": 4497,
      "2017-09": 3803,
      "2017-10": 4296,
      "2017-11": 4262,
      "2017-12": 4045,
      "2018-01": 4286,
      "2018-02": 4080,
      "2018-03": 4362,
      "2018-04": 4009,
      "2018-05": 4264,
      "2018-06": 4107,
      "2018-07": 3858,
      "2018-08": 4338,
      "2018-09": 3442,
      "2018-10": 4438,
      "2018-11": 4046,
      "2018-12": 3586,
      "2019-01": 3747,
      "2019-02": 3183,
      "2019-03": 3704,
      "2019-04": 3528,
      "2019-05": 3574,
      "2019-06": 3160,
      "2019-07": 3468,
      "2019-08": 3576,
      "2019-09": 3343,
      "2019-10": 3731,
      "2019-11": 3303,
      "2019-12": 3302,
      "2020-01": 3472,
      "2020-02": 3238,
      "2020-03": 4345,
      "2020-04": 3599,
      "2020-05": 3224,
      "2020-06": 3813,
      "2020-07": 3766,
      "2020-08": 3424,
      "2020-09": 3312,
      "2020-10": 3446,
      "2020-11": 3230,
      "2020-12": 3894,
      "2021-01": 3705,
      "2021-02": 4267,
      "2021-03": 5304,
      "2021-04": 4206,
      "2021-05": 3709,
      "2021-06": 4427,
      "2021-07": 3909,
      "2021-08": 3731,
      "2021-09": 3687,
      "2021-10": 3693,
      "2021-11": 3878,
      "2021-12": 3980,
      "2022-01": 3491,
      "2022-02": 3453,
      "2022-03": 4462,
      "2022-04": 3650,
      "2022-05": 3671,
      "2022-06": 3469,
      "2022-07": 3154,
      "2022-08": 3439,
      "2022-09": 3088,
      "2022-10": 3023,
      "2022-11": 2956,
      "2022-12": 2839,
      "2023-01": 2600,
      "2023-02": 2625,
      "2023-03": 3197,
      "2023-04": 2351,
      "2023-05": 2710,
      "2023-06": 2629,
      "2023-07": 2524,
      "2023-08": 2961,
      "2023-09": 2420,
      "2023-10": 2831,
      "2023-11": 2701,
      "2023-12": 2542,
      "2024-01": 2613,
      "2024-02": 2544,
      "2024-03": 2592,
      "2024-04": 2752,
      "2024-05": 2862,
      "2024-06": 2393,
      "2024-07": 2766,
      "2024-08": 2813,
      "2024-09": 2427,
      "2024-10": 2920,
      "2024-11": 2669,
      "2024-12": 3369,
      "2025-01": 2919,
      "2025-02": 2741,
      "2025-03": 3083,
      "2025-04": 3102,
      "2025-05": 2979,
      "2025-06": 2854,
      "2025-07": 3264,
      "2025-08": 3187,
      "2025-09": 3213,
      "2025-10": 3792,
      "2025-11": 3083,
      "2025-12": 3386,
      "2026-01": 3223,
      "2026-02": 3298,
      "2026-03": 3635,
      "2026-04": 3433,
      "2026-05": 3317,
      "2026-06": 3652,
      "2026-07": 3750
    },
    "by_cik_availability": {
      "missing": 975487,
      "available": 107491
    },
    "by_sec_evidence_availability": {
      "no_strict_prior_positive_evidence": 1052314,
      "sec_positive_strict_prior_cik_mismatch": 30664
    },
    "by_security_type": {
      "unknown_ineligible": 1082978
    }
  },
  "liquidity_domain": "current_main_equivalent: SEP.close * reported SEP.volume; algebraically raw close * raw-compatible volume per sharadar_domains.py",
  "exchange_gate": "not applied because supplied current TICKERS snapshot cannot establish historical exchange authority",
  "metrics": {
    "control": {
      "start": "2006-07-31",
      "end": "2026-07-31",
      "sessions": 5032,
      "cagr": 0.18721785564382398,
      "max_drawdown": -0.22880059216754534,
      "sharpe": 1.051014871289187,
      "ending_multiple": 30.948457142787838
    },
    "A": {
      "start": "2006-07-31",
      "end": "2026-07-31",
      "sessions": 5032,
      "cagr": 0.18721785564382398,
      "max_drawdown": -0.22880059216754534,
      "sharpe": 1.051014871289187,
      "ending_multiple": 30.948457142787838
    },
    "B": {
      "start": "2006-07-31",
      "end": "2026-07-31",
      "sessions": 5032,
      "cagr": 0.1928931124831208,
      "max_drawdown": -0.23628070185319872,
      "sharpe": 1.0464916433778981,
      "ending_multiple": 34.045685302462424
    }
  },
  "spy": {
    "start": "2006-07-31",
    "end": "2026-07-31",
    "sessions": 5032,
    "cagr": 0.1125631644567402,
    "max_drawdown": -0.5520185564591154,
    "sharpe": 0.64734148479184,
    "ending_multiple": 8.44330665943228
  },
  "transition_counts": {
    "control": 22,
    "A": 22,
    "B": 18
  },
  "modeled_allocation_transition_cost_sum": {
    "control": 0.015350000000000004,
    "A": 0.015350000000000004,
    "B": 0.014000000000000002
  },
  "buys": 510,
  "sells": 430,
  "split_events_applied": 6100,
  "dividend_events_held": 970,
  "leadership_overlap_checks": {
    "2008-12-23": {
      "eligible": 1002,
      "population": 101,
      "overlap": 7
    },
    "2022-01-03": {
      "eligible": 1787,
      "population": 179,
      "overlap": 15
    }
  },
  "candidate_A_episodes": 7,
  "candidate_A_concordance_releases": 1,
  "candidate_B_episodes": 7,
  "correlation_peer_stats": {
    "breadth_sessions": 5049,
    "holding_observations": 114440,
    "insufficient_residual_histories": 0,
    "pair_correlations": 2523214,
    "accepted_peer_edges": 256201,
    "neighborhood_size_sum": 370641
  }
}
[FACTUAL_TYPE_RESULT] {"cagr_change_percentage_points": 0.802065160493215, "changed_dimension": "SEVEN_FACTUAL_UNKNOWN_SECURITY_TYPE_CORRECTIONS", "corrected_tickers": ["CIG", "CVRR", "GOLLQ", "NGL", "NTI", "PBR.A", "UAN"], "factual_batch_sha256": "b08d6e4b92bb0a0e106927e15c6ea7ef5f8f0ffec3174c4aacc93bbd60cde517", "first_differences": {"A_nav": "2009-10-23", "research_eligible_universe": "2006-07-31", "research_ranking_sha256": "2006-08-01", "research_selected_positions_sha256": "2009-10-23"}, "fresh_held_or_pending_open_cases": 84, "fresh_held_or_pending_type_cases": 84, "fresh_observer_first_session": "2006-01-03", "fresh_observer_last_session": "2026-07-31", "fresh_observer_sessions": 5176, "previous_classification": {"cagr_actual_elapsed": 0.17919720403889183, "end": "2026-07-31", "ending_multiple": 27.02453406943875, "max_drawdown": -0.2025060396734678, "sessions": 5032, "sharpe_daily_252": 1.0379904303438605, "start": "2006-07-31"}, "spy": {"cagr_actual_elapsed": 0.1125631644567402, "end": "2026-07-31", "ending_multiple": 8.44330665943228, "max_drawdown": -0.5520185564591154, "sessions": 5032, "sharpe_daily_252": 0.6473414847918394, "start": "2006-07-31"}, "status": "DIAGNOSTIC_NOT_CERTIFIED", "strategy": {"cagr_actual_elapsed": 0.18721785564382398, "end": "2026-07-31", "ending_multiple": 30.94845714278784, "max_drawdown": -0.22880059216754534, "sessions": 5032, "sharpe_daily_252": 1.0510148712891876, "start": "2006-07-31"}, "trailing_years": {"10": {"spy": {"cagr_actual_elapsed": 0.15005861607939774, "end": "2026-07-31", "ending_multiple": 4.045412945884457, "max_drawdown": -0.3370006748514036, "sessions": 2514, "sharpe_daily_252": 0.8710470203683797, "start": "2016-08-01"}, "strategy": {"cagr_actual_elapsed": 0.21456798098836827, "end": "2026-07-31", "ending_multiple": 6.980538157176071, "max_drawdown": -0.22880059216754534, "sessions": 2514, "sharpe_daily_252": 1.1200342976406414, "start": "2016-08-01"}}, "15": {"spy": {"cagr_actual_elapsed": 0.14438189269771118, "end": "2026-07-31", "ending_multiple": 7.558966679145911, "max_drawdown": -0.3370006748514036, "sessions": 3772, "sharpe_daily_252": 0.8727698301421554, "start": "2011-08-01"}, "strategy": {"cagr_actual_elapsed": 0.179197558334508, "end": "2026-07-31", "ending_multiple": 11.848779582157082, "max_drawdown": -0.22880059216754534, "sessions": 3772, "sharpe_daily_252": 1.0451255308054959, "start": "2011-08-01"}}, "20": {"spy": {"cagr_actual_elapsed": 0.1125631644567402, "end": "2026-07-31", "ending_multiple": 8.44330665943228, "max_drawdown": -0.5520185564591154, "sessions": 5032, "sharpe_daily_252": 0.6473414847918394, "start": "2006-07-31"}, "strategy": {"cagr_actual_elapsed": 0.18721785564382398, "end": "2026-07-31", "ending_multiple": 30.94845714278784, "max_drawdown": -0.22880059216754534, "sessions": 5032, "sharpe_daily_252": 1.0510148712891876, "start": "2006-07-31"}}, "5": {"spy": {"cagr_actual_elapsed": 0.1282555199477502, "end": "2026-07-31", "ending_multiple": 1.8269214308597481, "max_drawdown": -0.2449730210824983, "sessions": 1255, "sharpe_daily_252": 0.790612663988006, "start": "2021-08-02"}, "strategy": {"cagr_actual_elapsed": 0.2070105386058767, "end": "2026-07-31", "ending_multiple": 2.558941370129703, "max_drawdown": -0.20143402847840342, "sessions": 1255, "sharpe_daily_252": 1.0769982274597911, "start": "2021-08-02"}}}}
