security_id,ticker,first_touch_session,last_touch_session,required_lookback_sessions,base_candidate_sessions,known_common_base_sessions,known_non_common_base_sessions,unknown_type_base_sessions,eligible_sessions,momentum_pool_sessions,durable_ranked_sessions,recent_leadership_sessions,pending_sessions,held_sessions,terminal_sessions,incomplete_terminal_sessions,best_durable_rank,potential_displacer,required_for_strategy_certificate,authority_requirements,touch_reasons
1001693589741325419,PCAR,2006-07-05,2006-08-02,126,21,21,0,0,21,0,0,0,0,0,0,0,,False,True,corporate_actions;identity;price_volume;security_type,BASE_CANDIDATE;ELIGIBLE_RANKING_INPUT
1001948357865928064,SCHW,2006-07-05,2006-08-02,126,21,21,0,0,21,0,0,0,0,0,0,0,,False,True,corporate_actions;identity;price_volume;security_type,BASE_CANDIDATE;ELIGIBLE_RANKING_INPUT
1002169751086026237,TRZ,2006-07-05,2006-08-02,126,21,21,0,0,21,12,12,0,0,0,0,0,30,False,True,corporate_actions;identity;price_volume;security_type,BASE_CANDIDATE;DURABLE_RANK;ELIGIBLE_RANKING_INPUT;ESTABLISHED_LEADERSHIP_POOL
1002176742247017969,BLK,2006-07-05,2006-08-02,126,14,14,0,0,14,0,0,0,0,0,0,0,,False,True,corporate_actions;identity;price_volume;security_type,BASE_CANDIDATE;ELIGIBLE_RANKING_INPUT
1002501600623515483,GR,2006-07-05,2006-08-02,126,21,21,0,0,21,0,0,0,0,0,0,0,,False,True,corporate_actions;identity;price_volume;security_type,BASE_CANDIDATE;ELIGIBLE_RANKING_INPUT
100663615482791231,RT,2006-07-05,2006-08-02,126,21,21,0,0,21,0,0,0,0,0,0,0,,False,True,corporate_actions;identity;price_volume;security_type,BASE_CANDIDATE;ELIGIBLE_RANKING_INPUT
1008040051928288937,JBLU,2006-07-05,2006-08-02,126,21,21,0,0,21,0,0,4,0,0,0,0,,False,True,corporate_actions;identity;price_volume;security_type,BASE_CANDIDATE;ELIGIBLE_RANKING_INPUT;RECENT_LEADERSHIP
1008160681311380672,RBAK,2006-07-05,2006-08-02,126,21,21,0,0,21,16,16,0,0,0,0,0,63,False,True,corporate_actions;identity;price_volume;security_type,BASE_CANDIDATE;DURABLE_RANK;ELIGIBLE_RANKING_INPUT;ESTABLISHED_LEADERSHIP_POOL
1008312226617164966,LSCP1,2006-07-05,2006-07-06,126,2,2,0,0,2,2,2,0,0,0,0,0,109,False,True,corporate_actions;identity;price_volume;security_type,BASE_CANDIDATE;DURABLE_RANK;ELIGIBLE_RANKING_INPUT;ESTABLISHED_LEADERSHIP_POOL
1008829319482477659,TRN,2006-07-05,2006-08-02,126,21,21,0,0,21,0,0,1,0,0,0,0,,False,True,corporate_actions;identity;price_volume;security_type,BASE_CANDIDATE;ELIGIBLE_RANKING_INPUT;RECENT_LEADERSHIP
1009374263894819222,ETFC,2006-07-05,2006-08-02,126,21,21,0,0,21,0,0,0,0,0,0,0,,False,True,corporate_actions;identity;price_volume;security_type,BASE_CANDIDATE;ELIGIBLE_RANKING_INPUT
1009973756845825369,EDS,2006-07-05,2006-08-02,126,21,21,0,0,21,0,0,0,0,0,0,0,,False,True,corporate_actions;identity;price_volume;security_type,BASE_CANDIDATE;ELIGIBLE_RANKING_INPUT
1010834858905861612,PX1,2006-07-05,2006-08-02,126,21,21,0,0,21,0,0,0,0,0,0,0,,False,True,corporate_actions;identity;price_volume;security_type,BASE_CANDIDATE;ELIGIBLE_RANKING_INPUT
1011312157472209393,IPG,2006-07-05,2006-08-02,126,21,21,0,0,21,0,0,0,0,0,0,0,,False,True,corporate_actions;identity;price_volume;security_type,BASE_CANDIDATE;ELIGIBLE_RANKING_INPUT
1012536259009666805,CA1,2006-07-05,2006-08-02,126,21,21,0,0,21,0,0,0,0,0,0,0,,False,True,corporate_actions;identity;price_volume;security_type,BASE_CANDIDATE;ELIGIBLE_RANKING_INPUT
101394260399612779,MER,2006-07-05,2006-08-02,126,21,21,0,0,21,0,0,0,0,0,0,0,,False,True,corporate_actions;identity;price_volume;security_type,BASE_CANDIDATE;ELIGIBLE_RANKING_INPUT
1014372983295537240,CEPH,2006-07-05,2006-08-02,126,21,21,0,0,21,0,0,16,0,0,0,0,,False,True,corporate_actions;identity;price_volume;security_type,BASE_CANDIDATE;ELIGIBLE_RANKING_INPUT;RECENT_LEADERSHIP
1014805545048605370,MET,2006-07-05,2006-08-02,126,21,21,0,0,21,0,0,0,0,0,0,0,,False,True,corporate_actions;identity;price_volume;security_type,BASE_CANDIDATE;ELIGIBLE_RANKING_INPUT
1016424565532372947,MERQ,2006-07-05,2006-08-02,126,21,21,0,0,21,0,0,7,0,0,0,0,,False,True,corporate_actions;identity;price_volume;security_type,BASE_CANDIDATE;ELIGIBLE_RANKING_INPUT;RECENT_LEADERSHIP
1017085268049219012,MDLZ,2006-07-05,2006-08-02,126,21,21,0,0,21,0,0,0,0,0,0,0,,False,True,corporate_actions;identity;price_volume;security_type,BASE_CANDIDATE;ELIGIBLE_RANKING_INPUT
101710301216357235,CERN,2006-07-05,2006-08-02,126,21,21,0,0,21,0,0,2,0,0,0,0,,False,True,corporate_actions;identity;price_volume;security_type,BASE_CANDIDATE;ELIGIBLE_RANKING_INPUT;RECENT_LEADERSHIP
1017180679160921293,PEP,2006-07-05,2006-08-02,126,21,21,0,0,21,0,0,0,0,0,0,0,,False,True,corporate_actions;identity;price_volume;security_type,BASE_CANDIDATE;ELIGIBLE_RANKING_INPUT
1021775099832014265,ZD,2006-07-05,2006-08-02,126,21,21,0,0,21,6,6,6,0,0,0,0,80,False,True,corporate_actions;identity;price_volume;security_type,BASE_CANDIDATE;DURABLE_RANK;ELIGIBLE_RANKING_INPUT;ESTABLISHED_LEADERSHIP_POOL;RECENT_LEADERSHIP
1023295666162225435,UNM,2006-07-05,2006-08-02,126,21,21,0,0,21,0,0,0,0,0,0,0,,False,True,corporate_actions;identity;price_volume;security_type,BASE_CANDIDATE;ELIGIBLE_RANKING_INPUT
1023473085361874034,ED,2006-07-05,2006-08-02,126,21,21,0,0,21,0,0,1,0,0,0,0,,False,True,corporate_actions;identity;price_volume;security_type,BASE_CANDIDATE;ELIGIBLE_RANKING_INPUT;RECENT_LEADERSHIP
1023505381756269977,HSBC,2006-07-05,2006-08-02,126,21,21,0,0,21,0,0,0,0,0,0,0,,False,True,corporate_actions;identity;price_volume;security_type,BASE_CANDIDATE;ELIGIBLE_RANKING_INPUT
1024163234837360095,DRIV1,2006-07-05,2006-08-02,126,21,21,0,0,21,12,12,2,0,0,0,0,44,False,True,corporate_actions;identity;price_volume;security_type,BASE_CANDIDATE;DURABLE_RANK;ELIGIBLE_RANKING_INPUT;ESTABLISHED_LEADERSHIP_POOL;RECENT_LEADERSHIP
1025500598527628214,GGB,2006-07-05,2006-08-02,126,21,21,0,0,21,0,0,11,0,0,0,0,,False,True,corporate_actions;identity;price_volume;security_type,BASE_CANDIDATE;ELIGIBLE_RANKING_INPUT;RECENT_LEADERSHIP
1025975490253483719,UNTCQ,2006-07-05,2006-08-02,126,21,21,0,0,21,0,0,0,0,0,0,0,,False,True,corporate_actions;identity;price_volume;security_type,BASE_CANDIDATE;ELIGIBLE_RANKING_INPUT
1027652261239045105,BRK.B,2006-07-05,2006-08-02,126,21,21,0,0,21,0,0,0,0,0,0,0,,False,True,corporate_actions;identity;price_volume;security_type,BASE_CANDIDATE;ELIGIBLE_RANKING_INPUT
1028362773411686417,LSI1,2006-07-05,2006-08-02,126,21,21,0,0,21,0,0,0,0,0,0,0,,False,True,corporate_actions;identity;price_volume;security_type,BASE_CANDIDATE;ELIGIBLE_RANKING_INPUT
102913681476067012,C,2006-07-05,2006-08-02,126,21,21,0,0,21,0,0,0,0,0,0,0,,False,True,corporate_actions;identity;price_volume;security_type,BASE_CANDIDATE;ELIGIBLE_RANKING_INPUT
1029182771640147213,GI1,2006-07-06,2006-07-06,126,1,1,0,0,1,0,0,0,0,0,0,0,,False,True,corporate_actions;identity;price_volume;security_type,BASE_CANDIDATE;ELIGIBLE_RANKING_INPUT
1030042258520861192,CBE,2006-07-05,2006-08-02,126,21,21,0,0,21,0,0,0,0,0,0,0,,False,True,corporate_actions;identity;price_volume;security_type,BASE_CANDIDATE;ELIGIBLE_RANKING_INPUT
103069338698728379,ODFL,2006-07-19,2006-07-28,126,7,7,0,0,7,3,3,1,0,0,0,0,52,False,True,corporate_actions;identity;price_volume;security_type,BASE_CANDIDATE;DURABLE_RANK;ELIGIBLE_RANKING_INPUT;ESTABLISHED_LEADERSHIP_POOL;RECENT_LEADERSHIP
1031392898340178293,FICO,2006-07-05,2006-08-02,126,20,20,0,0,20,0,0,0,0,0,0,0,,False,True,corporate_actions;identity;price_volume;security_type,BASE_CANDIDATE;ELIGIBLE_RANKING_INPUT
1031686543939172602,BJS,2006-07-05,2006-08-02,126,21,21,0,0,21,0,0,0,0,0,0,0,,False,True,corporate_actions;identity;price_volume;security_type,BASE_CANDIDATE;ELIGIBLE_RANKING_INPUT
1032530646820936253,WFC,2006-07-05,2006-08-02,126,21,21,0,0,21,0,0,1,0,0,0,0,,False,True,corporate_actions;identity;price_volume;security_type,BASE_CANDIDATE;ELIGIBLE_RANKING_INPUT;RECENT_LEADERSHIP
1033376090485307486,BPT,2006-07-21,2006-08-02,126,9,9,0,0,9,0,0,5,0,0,0,0,,False,True,corporate_actions;identity;price_volume;security_type,BASE_CANDIDATE;ELIGIBLE_RANKING_INPUT;RECENT_LEADERSHIP
1034005275914348244,AAI,2006-07-05,2006-07-06,126,2,2,0,0,2,0,0,2,0,0,0,0,,False,True,corporate_actions;identity;price_volume;security_type,BASE_CANDIDATE;ELIGIBLE_RANKING_INPUT;RECENT_LEADERSHIP
103434391420773307,INTU,2006-07-05,2006-08-02,126,21,21,0,0,21,0,0,3,0,0,0,0,,False,True,corporate_actions;identity;price_volume;security_type,BASE_CANDIDATE;ELIGIBLE_RANKING_INPUT;RECENT_LEADERSHIP
1035136064468353292,CBRL,2006-07-05,2006-07-28,126,18,18,0,0,18,0,0,0,0,0,0,0,,False,True,corporate_actions;identity;price_volume;security_type,BASE_CANDIDATE;ELIGIBLE_RANKING_INPUT
1035563312054045998,GSK,2006-07-05,2006-08-02,126,21,21,0,0,21,0,0,0,0,0,0,0,,False,True,corporate_actions;identity;price_volume;security_type,BASE_CANDIDATE;ELIGIBLE_RANKING_INPUT
1035638340512403010,MED,2006-07-05,2006-08-02,126,12,12,0,0,12,12,12,4,1,20,0,0,2,False,True,corporate_actions;execution_open;identity;price_volume;security_type;terminal,BASE_CANDIDATE;DURABLE_RANK;ELIGIBLE_RANKING_INPUT;ESTABLISHED_LEADERSHIP_POOL;HELD_POSITION;PENDING_ORDER;RECENT_LEADERSHIP
1037451286237013475,DFODQ,2006-07-05,2006-08-02,126,21,21,0,0,21,0,0,0,0,0,0,0,,False,True,corporate_actions;identity;price_volume;security_type,BASE_CANDIDATE;ELIGIBLE_RANKING_INPUT
1037796182658030877,CIEN,2006-07-05,2006-08-02,126,21,21,0,0,21,6,6,0,0,0,0,0,90,False,True,corporate_actions;identity;price_volume;security_type,BASE_CANDIDATE;DURABLE_RANK;ELIGIBLE_RANKING_INPUT;ESTABLISHED_LEADERSHIP_POOL
1039683821431828050,SAYPY,2006-07-05,2006-08-02,126,19,19,0,0,19,0,0,3,0,0,0,0,,False,True,corporate_actions;identity;price_volume;security_type,BASE_CANDIDATE;ELIGIBLE_RANKING_INPUT;RECENT_LEADERSHIP
1040633074096912075,FALB,2006-07-05,2006-08-02,126,21,21,0,0,21,21,21,7,1,20,0,0,1,False,True,corporate_actions;execution_open;identity;price_volume;security_type;terminal,BASE_CANDIDATE;DURABLE_RANK;ELIGIBLE_RANKING_INPUT;ESTABLISHED_LEADERSHIP_POOL;HELD_POSITION;PENDING_ORDER;RECENT_LEADERSHIP
1041465805098896025,SHO,2006-07-26,2006-07-26,126,1,1,0,0,1,0,0,0,0,0,0,0,,False,True,corporate_actions;identity;price_volume;security_type,BASE_CANDIDATE;ELIGIBLE_RANKING_INPUT
1042581232683903300,TEK1,2006-07-05,2006-07-21,126,13,13,0,0,13,0,0,0,0,0,0,0,,False,True,corporate_actions;identity;price_volume;security_type,BASE_CANDIDATE;ELIGIBLE_RANKING_INPUT
1042882926694701041,KB,2006-07-05,2006-08-02,126,21,21,0,0,21,0,0,5,0,0,0,0,,False,True,corporate_actions;identity;price_volume;security_type,BASE_CANDIDATE;ELIGIBLE_RANKING_INPUT;RECENT_LEADERSHIP
1045227938896852245,RRC,2006-07-05,2006-08-02,126,21,21,0,0,21,0,0,0,0,0,0,0,,False,True,corporate_actions;identity;price_volume;security_type,BASE_CANDIDATE;ELIGIBLE_RANKING_INPUT
1046852299327670683,SJM,2006-07-13,2006-07-18,126,4,4,0,0,4,0,0,4,0,0,0,0,,False,True,corporate_actions;identity;price_volume;security_type,BASE_CANDIDATE;ELIGIBLE_RANKING_INPUT;RECENT_LEADERSHIP
1047578073828105749,PCZ,2006-07-05,2006-08-02,126,21,21,0,0,21,0,0,0,0,0,0,0,,False,True,corporate_actions;identity;price_volume;security_type,BASE_CANDIDATE;ELIGIBLE_RANKING_INPUT
1047863401842552621,WHR,2006-07-05,2006-08-02,126,21,21,0,0,21,0,0,0,0,0,0,0,,False,True,corporate_actions;identity;price_volume;security_type,BASE_CANDIDATE;ELIGIBLE_RANKING_INPUT
1047996635297042917,ACF,2006-07-05,2006-08-02,126,21,21,0,0,21,0,0,0,0,0,0,0,,False,True,corporate_actions;identity;price_volume;security_type,BASE_CANDIDATE;ELIGIBLE_RANKING_INPUT
1048096150151795960,HLX,2006-07-05,2006-08-02,126,21,21,0,0,21,0,0,17,0,0,0,0,,False,True,corporate_actions;identity;price_volume;security_type,BASE_CANDIDATE;ELIGIBLE_RANKING_INPUT;RECENT_LEADERSHIP
1048299579606100940,ZBRA,2006-07-28,2006-08-02,126,4,4,0,0,4,0,0,0,0,0,0,0,,False,True,corporate_actions;identity;price_volume;security_type,BASE_CANDIDATE;ELIGIBLE_RANKING_INPUT
1049190045652356486,CLX,2006-07-05,2006-08-02,126,21,21,0,0,21,0,0,0,0,0,0,0,,False,True,corporate_actions;identity;price_volume;security_type,BASE_CANDIDATE;ELIGIBLE_RANKING_INPUT
1050109273937982168,TK,2006-07-05,2006-07-10,126,4,4,0,0,4,0,0,4,0,0,0,0,,False,True,corporate_actions;identity;price_volume;security_type,BASE_CANDIDATE;ELIGIBLE_RANKING_INPUT;RECENT_LEADERSHIP
1051497820649242567,CVC,2006-07-05,2006-08-02,126,21,21,0,0,21,0,0,0,0,0,0,0,,False,True,corporate_actions;identity;price_volume;security_type,BASE_CANDIDATE;ELIGIBLE_RANKING_INPUT
1051837665257504736,MD,2006-07-05,2006-07-28,126,18,18,0,0,18,0,0,0,0,0,0,0,,False,True,corporate_actions;identity;price_volume;security_type,BASE_CANDIDATE;ELIGIBLE_RANKING_INPUT
1052593230236864539,VALE,2006-07-05,2006-08-02,126,21,21,0,0,21,0,0,0,0,0,0,0,,False,True,corporate_actions;identity;price_volume;security_type,BASE_CANDIDATE;ELIGIBLE_RANKING_INPUT
1053905767311513488,CAG,2006-07-05,2006-08-02,126,21,21,0,0,21,0,0,0,0,0,0,0,,False,True,corporate_actions;identity;price_volume;security_type,BASE_CANDIDATE;ELIGIBLE_RANKING_INPUT
1056211328169185707,COST,2006-07-05,2006-08-02,126,21,21,0,0,21,0,0,0,0,0,0,0,,False,True,corporate_actions;identity;price_volume;security_type,BASE_CANDIDATE;ELIGIBLE_RANKING_INPUT
1056985280028675237,CAA,2006-07-05,2006-08-02,126,21,21,0,0,21,0,0,0,0,0,0,0,,False,True,corporate_actions;identity;price_volume;security_type,BASE_CANDIDATE;ELIGIBLE_RANKING_INPUT
1057241471048879780,TZOO,2006-07-06,2006-08-02,126,20,20,0,0,20,12,12,10,0,0,0,0,100,False,True,corporate_actions;identity;price_volume;security_type,BASE_CANDIDATE;DURABLE_RANK;ELIGIBLE_RANKING_INPUT;ESTABLISHED_LEADERSHIP_POOL;RECENT_LEADERSHIP
1057253110182658843,KRC,2006-07-05,2006-07-28,126,18,18,0,0,18,0,0,2,0,0,0,0,,False,True,corporate_actions;identity;price_volume;security_type,BASE_CANDIDATE;ELIGIBLE_RANKING_INPUT;RECENT_LEADERSHIP
106021274559241848,AKAM,2006-07-05,2006-08-02,126,21,21,0,0,21,21,21,6,0,0,0,0,26,False,True,corporate_actions;identity;price_volume;security_type,BASE_CANDIDATE;DURABLE_RANK;ELIGIBLE_RANKING_INPUT;ESTABLISHED_LEADERSHIP_POOL;RECENT_LEADERSHIP
1061499087872300231,AMH1,2006-07-06,2006-08-02,126,20,20,0,0,20,0,0,19,0,0,0,0,,False,True,corporate_actions;identity;price_volume;security_type,BASE_CANDIDATE;ELIGIBLE_RANKING_INPUT;RECENT_LEADERSHIP
1062072848408975525,LUV,2006-07-05,2006-08-02,126,21,21,0,0,21,0,0,4,0,0,0,0,,False,True,corporate_actions;identity;price_volume;security_type,BASE_CANDIDATE;ELIGIBLE_RANKING_INPUT;RECENT_LEADERSHIP
1063153244135551761,CEI1,2006-07-25,2006-07-27,126,3,3,0,0,3,0,0,0,0,0,0,0,,False,True,corporate_actions;identity;price_volume;security_type,BASE_CANDIDATE;ELIGIBLE_RANKING_INPUT
1063352604888104222,AMG,2006-07-05,2006-08-02,126,21,21,0,0,21,0,0,0,0,0,0,0,,False,True,corporate_actions;identity;price_volume;security_type,BASE_CANDIDATE;ELIGIBLE_RANKING_INPUT
1063480615396155280,AGCO,2006-07-05,2006-08-02,126,21,21,0,0,21,20,20,11,0,0,0,0,34,False,True,corporate_actions;identity;price_volume;security_type,BASE_CANDIDATE;DURABLE_RANK;ELIGIBLE_RANKING_INPUT;ESTABLISHED_LEADERSHIP_POOL;RECENT_LEADERSHIP
1064565157446800758,CME,2006-07-05,2006-08-02,126,21,21,0,0,21,1,1,3,0,0,0,0,46,False,True,corporate_actions;identity;price_volume;security_type,BASE_CANDIDATE;DURABLE_RANK;ELIGIBLE_RANKING_INPUT;ESTABLISHED_LEADERSHIP_POOL;RECENT_LEADERSHIP
1064716410445991764,COP,2006-07-05,2006-08-02,126,21,21,0,0,21,0,0,6,0,0,0,0,,False,True,corporate_actions;identity;price_volume;security_type,BASE_CANDIDATE;ELIGIBLE_RANKING_INPUT;RECENT_LEADERSHIP
1065683738932376167,OVTI,2006-07-05,2006-08-02,126,21,21,0,0,21,4,4,0,0,0,0,0,96,False,True,corporate_actions;identity;price_volume;security_type,BASE_CANDIDATE;DURABLE_RANK;ELIGIBLE_RANKING_INPUT;ESTABLISHED_LEADERSHIP_POOL
106569218926078867,IDMCQ,2006-07-05,2006-08-02,126,21,21,0,0,21,0,0,0,0,0,0,0,,False,True,corporate_actions;identity;price_volume;security_type,BASE_CANDIDATE;ELIGIBLE_RANKING_INPUT
1066837525460648522,VMC,2006-07-05,2006-08-02,126,21,21,0,0,21,0,0,0,0,0,0,0,,False,True,corporate_actions;identity;price_volume;security_type,BASE_CANDIDATE;ELIGIBLE_RANKING_INPUT
1066978475817355578,HSY,2006-07-05,2006-08-02,126,21,21,0,0,21,0,0,0,0,0,0,0,,False,True,corporate_actions;identity;price_volume;security_type,BASE_CANDIDATE;ELIGIBLE_RANKING_INPUT
1067816881719056724,OXY,2006-07-05,2006-08-02,126,21,21,0,0,21,0,0,0,0,0,0,0,,False,True,corporate_actions;identity;price_volume;security_type,BASE_CANDIDATE;ELIGIBLE_RANKING_INPUT
1068606242884375487,CMC,2006-07-05,2006-08-02,126,21,21,0,0,21,0,0,0,0,0,0,0,,False,True,corporate_actions;identity;price_volume;security_type,BASE_CANDIDATE;ELIGIBLE_RANKING_INPUT
1069110264874011291,ABBNY,2006-07-05,2006-08-02,126,21,21,0,0,21,0,0,2,0,0,0,0,,False,True,corporate_actions;identity;price_volume;security_type,BASE_CANDIDATE;ELIGIBLE_RANKING_INPUT;RECENT_LEADERSHIP
1069946730840647783,RF,2006-07-05,2006-08-02,126,21,21,0,0,21,0,0,7,0,0,0,0,,False,True,corporate_actions;identity;price_volume;security_type,BASE_CANDIDATE;ELIGIBLE_RANKING_INPUT;RECENT_LEADERSHIP
1072171449098347448,PETC,2006-07-14,2006-08-02,126,14,14,0,0,14,0,0,14,0,0,0,0,,False,True,corporate_actions;identity;price_volume;security_type,BASE_CANDIDATE;ELIGIBLE_RANKING_INPUT;RECENT_LEADERSHIP
1072244644733973618,CB,2006-07-05,2006-08-02,126,21,21,0,0,21,0,0,0,0,0,0,0,,False,True,corporate_actions;identity;price_volume;security_type,BASE_CANDIDATE;ELIGIBLE_RANKING_INPUT
10731424079205372,AU,2006-07-05,2006-08-02,126,21,21,0,0,21,0,0,11,0,0,0,0,,False,True,corporate_actions;identity;price_volume;security_type,BASE_CANDIDATE;ELIGIBLE_RANKING_INPUT;RECENT_LEADERSHIP
1073360248280873916,UNH,2006-07-05,2006-08-02,126,21,21,0,0,21,0,0,9,0,0,0,0,,False,True,corporate_actions;identity;price_volume;security_type,BASE_CANDIDATE;ELIGIBLE_RANKING_INPUT;RECENT_LEADERSHIP
1075693377733957028,EEFT,2006-07-26,2006-08-02,126,6,6,0,0,6,0,0,0,0,0,0,0,,False,True,corporate_actions;identity;price_volume;security_type,BASE_CANDIDATE;ELIGIBLE_RANKING_INPUT
107607991873219361,BNI,2006-07-05,2006-08-02,126,21,21,0,0,21,0,0,0,0,0,0,0,,False,True,corporate_actions;identity;price_volume;security_type,BASE_CANDIDATE;ELIGIBLE_RANKING_INPUT
1076109115790143913,CNW,2006-07-05,2006-08-02,126,21,21,0,0,21,0,0,0,0,0,0,0,,False,True,corporate_actions;identity;price_volume;security_type,BASE_CANDIDATE;ELIGIBLE_RANKING_INPUT
1076616376339055949,AL1,2006-07-05,2006-08-02,126,21,21,0,0,21,0,0,0,0,0,0,0,,False,True,corporate_actions;identity;price_volume;security_type,BASE_CANDIDATE;ELIGIBLE_RANKING_INPUT
1077259516767655150,CLB,2006-08-01,2006-08-02,126,2,2,0,0,2,2,2,2,0,0,0,0,47,False,True,corporate_actions;identity;price_volume;security_type,BASE_CANDIDATE;DURABLE_RANK;ELIGIBLE_RANKING_INPUT;ESTABLISHED_LEADERSHIP_POOL;RECENT_LEADERSHIP
1077597272271161015,AKS,2006-07-05,2006-08-02,126,21,21,0,0,21,19,19,6,0,0,0,0,58,False,True,corporate_actions;identity;price_volume;security_type,BASE_CANDIDATE;DURABLE_RANK;ELIGIBLE_RANKING_INPUT;ESTABLISHED_LEADERSHIP_POOL;RECENT_LEADERSHIP
1077753385416811007,TTWO,2006-07-05,2006-07-28,126,18,18,0,0,18,0,0,0,0,0,0,0,,False,True,corporate_actions;identity;price_volume;security_type,BASE_CANDIDATE;ELIGIBLE_RANKING_INPUT
1077894338753136051,SLM,2006-07-05,2006-08-02,126,21,21,0,0,21,0,0,0,0,0,0,0,,False,True,corporate_actions;identity;price_volume;security_type,BASE_CANDIDATE;ELIGIBLE_RANKING_INPUT
1078226870694129735,HBAN,2006-07-05,2006-08-02,126,21,21,0,0,21,0,0,0,0,0,0,0,,False,True,corporate_actions;identity;price_volume;security_type,BASE_CANDIDATE;ELIGIBLE_RANKING_INPUT
1078801189823104703,LPNT,2006-07-05,2006-08-02,126,19,19,0,0,19,0,0,1,0,0,0,0,,False,True,corporate_actions;identity;price_volume;security_type,BASE_CANDIDATE;ELIGIBLE_RANKING_INPUT;RECENT_LEADERSHIP
107988729108931621,KMX,2006-07-05,2006-08-02,126,21,21,0,0,21,1,1,5,0,0,0,0,73,False,True,corporate_actions;identity;price_volume;security_type,BASE_CANDIDATE;DURABLE_RANK;ELIGIBLE_RANKING_INPUT;ESTABLISHED_LEADERSHIP_POOL;RECENT_LEADERSHIP
1079908728299922857,GDW,2006-07-05,2006-08-02,126,21,21,0,0,21,0,0,0,0,0,0,0,,False,True,corporate_actions;identity;price_volume;security_type,BASE_CANDIDATE;ELIGIBLE_RANKING_INPUT
1081761748738400301,SY2,2006-07-13,2006-08-02,126,14,14,0,0,14,0,0,0,0,0,0,0,,False,True,corporate_actions;identity;price_volume;security_type,BASE_CANDIDATE;ELIGIBLE_RANKING_INPUT
108315308244179531,SPXC,2006-07-05,2006-08-02,126,21,21,0,0,21,0,0,0,0,0,0,0,,False,True,corporate_actions;identity;price_volume;security_type,BASE_CANDIDATE;ELIGIBLE_RANKING_INPUT
1083295333771642753,TSM,2006-07-05,2006-08-02,126,21,21,0,0,21,0,0,0,0,0,0,0,,False,True,corporate_actions;identity;price_volume;security_type,BASE_CANDIDATE;ELIGIBLE_RANKING_INPUT
1083953115955373776,MDG,2006-07-05,2006-08-02,126,21,21,0,0,21,1,1,1,0,0,0,0,105,False,True,corporate_actions;identity;price_volume;security_type,BASE_CANDIDATE;DURABLE_RANK;ELIGIBLE_RANKING_INPUT;ESTABLISHED_LEADERSHIP_POOL;RECENT_LEADERSHIP
108541425819679826,SRE,2006-07-05,2006-08-02,126,21,21,0,0,21,0,0,0,0,0,0,0,,False,True,corporate_actions;identity;price_volume;security_type,BASE_CANDIDATE;ELIGIBLE_RANKING_INPUT
1087795559108646174,TWB,2006-07-05,2006-08-02,126,21,21,0,0,21,21,21,0,0,0,0,0,2,False,True,corporate_actions;identity;price_volume;security_type,BASE_CANDIDATE;DURABLE_RANK;ELIGIBLE_RANKING_INPUT;ESTABLISHED_LEADERSHIP_POOL
1088993338163580568,AET,2006-07-05,2006-08-02,126,21,21,0,0,21,0,0,0,0,0,0,0,,False,True,corporate_actions;identity;price_volume;security_type,BASE_CANDIDATE;ELIGIBLE_RANKING_INPUT
1089135472417080980,KCG1,2006-07-05,2006-08-02,126,17,17,0,0,17,17,17,1,0,0,0,0,8,False,True,corporate_actions;identity;price_volume;security_type,BASE_CANDIDATE;DURABLE_RANK;ELIGIBLE_RANKING_INPUT;ESTABLISHED_LEADERSHIP_POOL;RECENT_LEADERSHIP
1090213290340188153,ROH,2006-07-05,2006-08-02,126,21,21,0,0,21,0,0,0,0,0,0,0,,False,True,corporate_actions;identity;price_volume;security_type,BASE_CANDIDATE;ELIGIBLE_RANKING_INPUT
1094383712145294416,HNT,2006-07-05,2006-08-02,126,21,21,0,0,21,0,0,0,0,0,0,0,,False,True,corporate_actions;identity;price_volume;security_type,BASE_CANDIDATE;ELIGIBLE_RANKING_INPUT
1094533666758100141,FDX,2006-07-05,2006-08-02,126,21,21,0,0,21,0,0,0,0,0,0,0,,False,True,corporate_actions;identity;price_volume;security_type,BASE_CANDIDATE;ELIGIBLE_RANKING_INPUT
1094655969856693337,BRCD,2006-07-05,2006-08-02,126,21,21,0,0,21,21,21,0,0,0,0,0,39,False,True,corporate_actions;identity;price_volume;security_type,BASE_CANDIDATE;DURABLE_RANK;ELIGIBLE_RANKING_INPUT;ESTABLISHED_LEADERSHIP_POOL
1095161666219760763,EV1,2006-07-07,2006-07-13,126,5,5,0,0,5,0,0,0,0,0,0,0,,False,True,corporate_actions;identity;price_volume;security_type,BASE_CANDIDATE;ELIGIBLE_RANKING_INPUT
1096003132450043065,DD1,2006-07-05,2006-08-02,126,21,21,0,0,21,0,0,0,0,0,0,0,,False,True,corporate_actions;identity;price_volume;security_type,BASE_CANDIDATE;ELIGIBLE_RANKING_INPUT
1096727286932062355,NTES,2006-07-05,2006-08-02,126,21,21,0,0,21,14,14,1,0,0,0,0,56,False,True,corporate_actions;identity;price_volume;security_type,BASE_CANDIDATE;DURABLE_RANK;ELIGIBLE_RANKING_INPUT;ESTABLISHED_LEADERSHIP_POOL;RECENT_LEADERSHIP
1098170737088530689,TRI1,2006-07-05,2006-08-02,126,20,20,0,0,20,0,0,0,0,0,0,0,,False,True,corporate_actions;identity;price_volume;security_type,BASE_CANDIDATE;ELIGIBLE_RANKING_INPUT
1099247927332588244,FTI1,2006-07-05,2006-08-02,126,21,21,0,0,21,20,20,7,1,20,0,0,34,False,True,corporate_actions;execution_open;identity;price_volume;security_type;terminal,BASE_CANDIDATE;DURABLE_RANK;ELIGIBLE_RANKING_INPUT;ESTABLISHED_LEADERSHIP_POOL;HELD_POSITION;PENDING_ORDER;RECENT_LEADERSHIP
1100081557843370397,D,2006-07-05,2006-08-02,126,21,21,0,0,21,0,0,1,0,0,0,0,,False,True,corporate_actions;identity;price_volume;security_type,BASE_CANDIDATE;ELIGIBLE_RANKING_INPUT;RECENT_LEADERSHIP
1100377421124956761,PDE,2006-07-05,2006-08-02,126,21,21,0,0,21,0,0,0,0,0,0,0,,False,True,corporate_actions;identity;price_volume;security_type,BASE_CANDIDATE;ELIGIBLE_RANKING_INPUT
1101212501432953147,ATI,2006-07-05,2006-08-02,126,21,21,0,0,21,21,21,2,1,20,0,0,30,False,True,corporate_actions;execution_open;identity;price_volume;security_type;terminal,BASE_CANDIDATE;DURABLE_RANK;ELIGIBLE_RANKING_INPUT;ESTABLISHED_LEADERSHIP_POOL;HELD_POSITION;PENDING_ORDER;RECENT_LEADERSHIP
1101249341786612249,PSA,2006-07-05,2006-08-02,126,21,21,0,0,21,0,0,0,0,0,0,0,,False,True,corporate_actions;identity;price_volume;security_type,BASE_CANDIDATE;ELIGIBLE_RANKING_INPUT
1101253595648027618,FMCC,2006-07-05,2006-08-02,126,21,21,0,0,21,0,0,0,0,0,0,0,,False,True,corporate_actions;identity;price_volume;security_type,BASE_CANDIDATE;ELIGIBLE_RANKING_INPUT
1101503457864136318,LCAV,2006-07-19,2006-08-02,126,11,11,0,0,11,0,0,0,0,0,0,0,,False,True,corporate_actions;identity;price_volume;security_type,BASE_CANDIDATE;ELIGIBLE_RANKING_INPUT
1101721561863743358,B,2006-07-05,2006-08-02,126,21,21,0,0,21,0,0,0,0,0,0,0,,False,True,corporate_actions;identity;price_volume;security_type,BASE_CANDIDATE;ELIGIBLE_RANKING_INPUT
1101937300617175548,WMS1,2006-07-18,2006-07-26,126,7,7,0,0,7,0,0,0,0,0,0,0,,False,True,corporate_actions;identity;price_volume;security_type,BASE_CANDIDATE;ELIGIBLE_RANKING_INPUT
1101958128290731445,CMCSK,2006-07-05,2006-08-02,126,21,21,0,0,21,2,2,0,0,0,0,0,19,False,True,corporate_actions;identity;price_volume;security_type,BASE_CANDIDATE;DURABLE_RANK;ELIGIBLE_RANKING_INPUT;ESTABLISHED_LEADERSHIP_POOL
1103570887342929050,NX,2006-07-05,2006-07-14,126,8,8,0,0,8,0,0,1,0,0,0,0,,False,True,corporate_actions;identity;price_volume;security_type,BASE_CANDIDATE;ELIGIBLE_RANKING_INPUT;RECENT_LEADERSHIP
1103823526630607847,RRD,2006-07-05,2006-08-02,126,21,21,0,0,21,0,0,0,0,0,0,0,,False,True,corporate_actions;identity;price_volume;security_type,BASE_CANDIDATE;ELIGIBLE_RANKING_INPUT
1104508571422042454,PKX,2006-07-05,2006-08-02,126,21,21,0,0,21,0,0,0,0,0,0,0,,False,True,corporate_actions;identity;price_volume;security_type,BASE_CANDIDATE;ELIGIBLE_RANKING_INPUT
1104896316141077892,DDAIF,2006-07-05,2006-08-02,126,20,20,0,0,20,0,0,0,0,0,0,0,,False,True,corporate_actions;identity;price_volume;security_type,BASE_CANDIDATE;ELIGIBLE_RANKING_INPUT
1107257227772806429,STR1,2006-07-05,2006-08-02,126,21,21,0,0,21,0,0,7,0,0,0,0,,False,True,corporate_actions;identity;price_volume;security_type,BASE_CANDIDATE;ELIGIBLE_RANKING_INPUT;RECENT_LEADERSHIP
1108527240356190259,NKTR,2006-07-05,2006-08-02,126,21,21,0,0,21,0,0,0,0,0,0,0,,False,True,corporate_actions;identity;price_volume;security_type,BASE_CANDIDATE;ELIGIBLE_RANKING_INPUT
1108712974566893162,IMGC,2006-07-05,2006-07-26,126,16,16,0,0,16,0,0,8,0,0,0,0,,False,True,corporate_actions;identity;price_volume;security_type,BASE_CANDIDATE;ELIGIBLE_RANKING_INPUT;RECENT_LEADERSHIP
110877418819713657,DHR,2006-07-05,2006-08-02,126,21,21,0,0,21,0,0,0,0,0,0,0,,False,True,corporate_actions;identity;price_volume;security_type,BASE_CANDIDATE;ELIGIBLE_RANKING_INPUT
1110330011199879315,KO,2006-07-05,2006-08-02,126,21,21,0,0,21,0,0,0,0,0,0,0,,False,True,corporate_actions;identity;price_volume;security_type,BASE_CANDIDATE;ELIGIBLE_RANKING_INPUT
1110679210837244424,FITB,2006-07-05,2006-08-02,126,21,21,0,0,21,0,0,0,0,0,0,0,,False,True,corporate_actions;identity;price_volume;security_type,BASE_CANDIDATE;ELIGIBLE_RANKING_INPUT
111224059954540285,DJ,2006-07-05,2006-08-02,126,21,21,0,0,21,0,0,0,0,0,0,0,,False,True,corporate_actions;identity;price_volume;security_type,BASE_CANDIDATE;ELIGIBLE_RANKING_INPUT
1113353618514287173,SSP,2006-07-05,2006-08-02,126,21,21,0,0,21,0,0,0,0,0,0,0,,False,True,corporate_actions;identity;price_volume;security_type,BASE_CANDIDATE;ELIGIBLE_RANKING_INPUT
1113486022779805753,MSM,2006-07-05,2006-08-02,126,21,21,0,0,21,0,0,0,0,0,0,0,,False,True,corporate_actions;identity;price_volume;security_type,BASE_CANDIDATE;ELIGIBLE_RANKING_INPUT
1115862169412280066,APD,2006-07-05,2006-08-02,126,21,21,0,0,21,0,0,0,0,0,0,0,,False,True,corporate_actions;identity;price_volume;security_type,BASE_CANDIDATE;ELIGIBLE_RANKING_INPUT
1117824440541977905,MCHP,2006-07-05,2006-08-02,126,21,21,0,0,21,0,0,0,0,0,0,0,,False,True,corporate_actions;identity;price_volume;security_type,BASE_CANDIDATE;ELIGIBLE_RANKING_INPUT
1118132946954715183,GNW,2006-07-05,2006-08-02,126,21,21,0,0,21,0,0,0,0,0,0,0,,False,True,corporate_actions;identity;price_volume;security_type,BASE_CANDIDATE;ELIGIBLE_RANKING_INPUT
1118252242801920420,INCLF,2006-07-05,2006-08-02,126,21,21,0,0,21,21,21,14,0,0,0,0,49,False,True,corporate_actions;identity;price_volume;security_type,BASE_CANDIDATE;DURABLE_RANK;ELIGIBLE_RANKING_INPUT;ESTABLISHED_LEADERSHIP_POOL;RECENT_LEADERSHIP
1119715517712320195,SHPG,2006-07-05,2006-08-02,126,14,14,0,0,14,0,0,7,0,0,0,0,,False,True,corporate_actions;identity;price_volume;security_type,BASE_CANDIDATE;ELIGIBLE_RANKING_INPUT;RECENT_LEADERSHIP
1120157951438313179,SWFT1,2006-07-05,2006-08-02,126,21,21,0,0,21,21,21,6,0,0,0,0,49,False,True,corporate_actions;identity;price_volume;security_type,BASE_CANDIDATE;DURABLE_RANK;ELIGIBLE_RANKING_INPUT;ESTABLISHED_LEADERSHIP_POOL;RECENT_LEADERSHIP
1121292966566317463,TLRDQ,2006-07-18,2006-07-28,126,9,9,0,0,9,0,0,0,0,0,0,0,,False,True,corporate_actions;identity;price_volume;security_type,BASE_CANDIDATE;ELIGIBLE_RANKING_INPUT
11216770926041725,CCE1,2006-07-05,2006-08-02,126,21,21,0,0,21,0,0,5,0,0,0,0,,False,True,corporate_actions;identity;price_volume;security_type,BASE_CANDIDATE;ELIGIBLE_RANKING_INPUT;RECENT_LEADERSHIP
1121874669287087814,DVA,2006-07-05,2006-08-02,126,21,21,0,0,21,0,0,1,0,0,0,0,,False,True,corporate_actions;identity;price_volume;security_type,BASE_CANDIDATE;ELIGIBLE_RANKING_INPUT;RECENT_LEADERSHIP
1121975323127610206,CCI,2006-07-05,2006-08-02,126,21,21,0,0,21,0,0,2,0,0,0,0,,False,True,corporate_actions;identity;price_volume;security_type,BASE_CANDIDATE;ELIGIBLE_RANKING_INPUT;RECENT_LEADERSHIP
1123912520542218890,MSFT,2006-07-05,2006-08-02,126,21,21,0,0,21,0,0,0,0,0,0,0,,False,True,corporate_actions;identity;price_volume;security_type,BASE_CANDIDATE;ELIGIBLE_RANKING_INPUT
1125970479739912766,RSG,2006-07-05,2006-08-02,126,21,21,0,0,21,0,0,0,0,0,0,0,,False,True,corporate_actions;identity;price_volume;security_type,BASE_CANDIDATE;ELIGIBLE_RANKING_INPUT
1126479394838585458,WMT,2006-07-05,2006-08-02,126,21,21,0,0,21,0,0,0,0,0,0,0,,False,True,corporate_actions;identity;price_volume;security_type,BASE_CANDIDATE;ELIGIBLE_RANKING_INPUT
112676300749674495,HMA1,2006-07-05,2006-08-02,126,21,21,0,0,21,0,0,0,0,0,0,0,,False,True,corporate_actions;identity;price_volume;security_type,BASE_CANDIDATE;ELIGIBLE_RANKING_INPUT
1128391582117711992,GLG1,2006-07-05,2006-08-02,126,21,21,0,0,21,2,2,8,0,0,0,0,101,False,True,corporate_actions;identity;price_volume;security_type,BASE_CANDIDATE;DURABLE_RANK;ELIGIBLE_RANKING_INPUT;ESTABLISHED_LEADERSHIP_POOL;RECENT_LEADERSHIP
1128878694438542491,AGE1,2006-07-05,2006-08-02,126,21,21,0,0,21,0,0,0,0,0,0,0,,False,True,corporate_actions;identity;price_volume;security_type,BASE_CANDIDATE;ELIGIBLE_RANKING_INPUT
1130996775652071424,ISRG,2006-07-05,2006-08-02,126,21,21,0,0,21,0,0,6,0,0,0,0,,False,True,corporate_actions;identity;price_volume;security_type,BASE_CANDIDATE;ELIGIBLE_RANKING_INPUT;RECENT_LEADERSHIP
1133666028208707131,DELL1,2006-07-05,2006-08-02,126,21,21,0,0,21,0,0,0,0,0,0,0,,False,True,corporate_actions;identity;price_volume;security_type,BASE_CANDIDATE;ELIGIBLE_RANKING_INPUT
1133832319726964326,LNC,2006-07-05,2006-08-02,126,21,21,0,0,21,0,0,0,0,0,0,0,,False,True,corporate_actions;identity;price_volume;security_type,BASE_CANDIDATE;ELIGIBLE_RANKING_INPUT
1134060459330735860,ROK,2006-07-05,2006-08-02,126,21,21,0,0,21,0,0,1,0,0,0,0,,False,True,corporate_actions;identity;price_volume;security_type,BASE_CANDIDATE;ELIGIBLE_RANKING_INPUT;RECENT_LEADERSHIP
1135997281461296467,KG1,2006-07-05,2006-08-02,126,21,21,0,0,21,0,0,0,0,0,0,0,,False,True,corporate_actions;identity;price_volume;security_type,BASE_CANDIDATE;ELIGIBLE_RANKING_INPUT
1136705580042287163,UN1,2006-07-05,2006-08-02,126,21,21,0,0,21,0,0,1,0,0,0,0,,False,True,corporate_actions;identity;price_volume;security_type,BASE_CANDIDATE;ELIGIBLE_RANKING_INPUT;RECENT_LEADERSHIP
1138129841957402673,GPC,2006-07-05,2006-08-02,126,21,21,0,0,21,0,0,0,0,0,0,0,,False,True,corporate_actions;identity;price_volume;security_type,BASE_CANDIDATE;ELIGIBLE_RANKING_INPUT
1138396143669161391,CPT,2006-07-05,2006-07-05,126,1,1,0,0,1,0,0,0,0,0,0,0,,False,True,corporate_actions;identity;price_volume;security_type,BASE_CANDIDATE;ELIGIBLE_RANKING_INPUT
1138888223150707111,GAP,2006-07-05,2006-08-02,126,21,21,0,0,21,0,0,0,0,0,0,0,,False,True,corporate_actions;identity;price_volume;security_type,BASE_CANDIDATE;ELIGIBLE_RANKING_INPUT
1138890576484595617,AMZN,2006-07-05,2006-08-02,126,21,21,0,0,21,0,0,1,0,0,0,0,,False,True,corporate_actions;identity;price_volume;security_type,BASE_CANDIDATE;ELIGIBLE_RANKING_INPUT;RECENT_LEADERSHIP
1139717773370432743,HLT1,2006-07-05,2006-08-02,126,21,21,0,0,21,0,0,0,0,0,0,0,,False,True,corporate_actions;identity;price_volume;security_type,BASE_CANDIDATE;ELIGIBLE_RANKING_INPUT
1139981848071664691,PSS,2006-07-05,2006-08-02,126,21,21,0,0,21,0,0,0,0,0,0,0,,False,True,corporate_actions;identity;price_volume;security_type,BASE_CANDIDATE;ELIGIBLE_RANKING_INPUT
1140502487323287787,AEP,2006-07-05,2006-08-02,126,21,21,0,0,21,0,0,0,0,0,0,0,,False,True,corporate_actions;identity;price_volume;security_type,BASE_CANDIDATE;ELIGIBLE_RANKING_INPUT
1140747671279579599,CNC,2006-07-13,2006-08-02,126,15,15,0,0,15,1,1,0,0,0,0,0,55,False,True,corporate_actions;identity;price_volume;security_type,BASE_CANDIDATE;DURABLE_RANK;ELIGIBLE_RANKING_INPUT;ESTABLISHED_LEADERSHIP_POOL
1141330896312440414,APCC,2006-07-05,2006-08-02,126,21,21,0,0,21,0,0,0,0,0,0,0,,False,True,corporate_actions;identity;price_volume;security_type,BASE_CANDIDATE;ELIGIBLE_RANKING_INPUT
1141346111756759492,MOLX,2006-07-05,2006-07-06,126,2,2,0,0,2,1,1,0,0,0,0,0,16,False,True,corporate_actions;identity;price_volume;security_type,BASE_CANDIDATE;DURABLE_RANK;ELIGIBLE_RANKING_INPUT;ESTABLISHED_LEADERSHIP_POOL
1141372739113607068,ADSK,2006-07-05,2006-08-02,126,21,21,0,0,21,0,0,0,0,0,0,0,,False,True,corporate_actions;identity;price_volume;security_type,BASE_CANDIDATE;ELIGIBLE_RANKING_INPUT
1141993333710135475,PAAS,2006-07-05,2006-08-02,126,7,7,0,0,7,0,0,1,0,0,0,0,,False,True,corporate_actions;identity;price_volume;security_type,BASE_CANDIDATE;ELIGIBLE_RANKING_INPUT;RECENT_LEADERSHIP
1143088585143050780,RAIL,2006-07-05,2006-08-02,126,16,16,0,0,16,0,0,0,0,0,0,0,,False,True,corporate_actions;identity;price_volume;security_type,BASE_CANDIDATE;ELIGIBLE_RANKING_INPUT
1143579098599031277,SHAW,2006-07-05,2006-08-02,126,21,21,0,0,21,0,0,0,0,0,0,0,,False,True,corporate_actions;identity;price_volume;security_type,BASE_CANDIDATE;ELIGIBLE_RANKING_INPUT
1145034674624991713,SWN,2006-07-05,2006-08-02,126,21,21,0,0,21,0,0,8,0,0,0,0,,False,True,corporate_actions;identity;price_volume;security_type,BASE_CANDIDATE;ELIGIBLE_RANKING_INPUT;RECENT_LEADERSHIP
1145718711669119820,RATE1,2006-07-05,2006-07-05,126,1,1,0,0,1,1,1,0,0,0,0,0,44,False,True,corporate_actions;identity;price_volume;security_type,BASE_CANDIDATE;DURABLE_RANK;ELIGIBLE_RANKING_INPUT;ESTABLISHED_LEADERSHIP_POOL
114575256927534398,F,2006-07-05,2006-08-02,126,21,21,0,0,21,0,0,0,0,0,0,0,,False,True,corporate_actions;identity;price_volume;security_type,BASE_CANDIDATE;ELIGIBLE_RANKING_INPUT
1146724524272074787,GRMN,2006-07-05,2006-08-02,126,21,21,0,0,21,21,21,5,0,0,0,0,4,False,True,corporate_actions;identity;price_volume;security_type,BASE_CANDIDATE;DURABLE_RANK;ELIGIBLE_RANKING_INPUT;ESTABLISHED_LEADERSHIP_POOL;RECENT_LEADERSHIP
1147387559575263314,LPT,2006-07-05,2006-08-02,126,21,21,0,0,21,0,0,0,0,0,0,0,,False,True,corporate_actions;identity;price_volume;security_type,BASE_CANDIDATE;ELIGIBLE_RANKING_INPUT
1147802253767539647,TMO,2006-07-05,2006-08-02,126,21,21,0,0,21,0,0,0,0,0,0,0,,False,True,corporate_actions;identity;price_volume;security_type,BASE_CANDIDATE;ELIGIBLE_RANKING_INPUT
1148177820383038150,EPD,2006-07-05,2006-08-02,126,21,0,21,0,0,0,0,0,0,0,0,0,,False,True,identity;price_volume;security_type,BASE_CANDIDATE
1148193193711822658,ALTR1,2006-07-05,2006-08-02,126,21,21,0,0,21,0,0,0,0,0,0,0,,False,True,corporate_actions;identity;price_volume;security_type,BASE_CANDIDATE;ELIGIBLE_RANKING_INPUT
1149203563232165481,GT,2006-07-05,2006-08-02,126,21,21,0,0,21,0,0,0,0,0,0,0,,False,True,corporate_actions;identity;price_volume;security_type,BASE_CANDIDATE;ELIGIBLE_RANKING_INPUT
1149322575289271479,KCI,2006-07-05,2006-08-02,126,21,21,0,0,21,0,0,1,0,0,0,0,,False,True,corporate_actions;identity;price_volume;security_type,BASE_CANDIDATE;ELIGIBLE_RANKING_INPUT;RECENT_LEADERSHIP
115022860636832481,CAT,2006-07-05,2006-08-02,126,21,21,0,0,21,0,0,0,0,0,0,0,,False,True,corporate_actions;identity;price_volume;security_type,BASE_CANDIDATE;ELIGIBLE_RANKING_INPUT
1150464927360200078,PETM,2006-07-05,2006-08-02,126,21,21,0,0,21,0,0,0,0,0,0,0,,False,True,corporate_actions;identity;price_volume;security_type,BASE_CANDIDATE;ELIGIBLE_RANKING_INPUT
115224638788795208,FFIV,2006-07-05,2006-08-02,126,21,21,0,0,21,0,0,2,0,0,0,0,,False,True,corporate_actions;identity;price_volume;security_type,BASE_CANDIDATE;ELIGIBLE_RANKING_INPUT;RECENT_LEADERSHIP
1152886109977545435,FNF1,2006-07-05,2006-08-02,126,21,21,0,0,21,0,0,0,0,0,0,0,,False,True,corporate_actions;identity;price_volume;security_type,BASE_CANDIDATE;ELIGIBLE_RANKING_INPUT
11651249425833422,CELG,2006-07-05,2006-08-02,126,21,21,0,0,21,16,16,4,0,0,0,0,48,False,True,corporate_actions;identity;price_volume;security_type,BASE_CANDIDATE;DURABLE_RANK;ELIGIBLE_RANKING_INPUT;ESTABLISHED_LEADERSHIP_POOL;RECENT_LEADERSHIP
117383223584673504,MON2,2006-07-05,2006-08-02,126,21,21,0,0,21,0,0,7,0,0,0,0,,False,True,corporate_actions;identity;price_volume;security_type,BASE_CANDIDATE;ELIGIBLE_RANKING_INPUT;RECENT_LEADERSHIP
117908596615035418,WCC,2006-07-05,2006-08-02,126,21,21,0,0,21,21,21,4,1,20,0,0,32,False,True,corporate_actions;execution_open;identity;price_volume;security_type;terminal,BASE_CANDIDATE;DURABLE_RANK;ELIGIBLE_RANKING_INPUT;ESTABLISHED_LEADERSHIP_POOL;HELD_POSITION;PENDING_ORDER;RECENT_LEADERSHIP
119033431163654661,WFTIQ,2006-07-05,2006-08-02,126,21,21,0,0,21,4,4,0,0,0,0,0,55,False,True,corporate_actions;identity;price_volume;security_type,BASE_CANDIDATE;DURABLE_RANK;ELIGIBLE_RANKING_INPUT;ESTABLISHED_LEADERSHIP_POOL
119570188475244761,MO,2006-07-05,2006-08-02,126,21,21,0,0,21,0,0,8,0,0,0,0,,False,True,corporate_actions;identity;price_volume;security_type,BASE_CANDIDATE;ELIGIBLE_RANKING_INPUT;RECENT_LEADERSHIP
119690409689196878,ELN,2006-07-05,2006-08-02,126,21,21,0,0,21,0,0,0,0,0,0,0,,False,True,corporate_actions;identity;price_volume;security_type,BASE_CANDIDATE;ELIGIBLE_RANKING_INPUT
120620161679526782,STZ,2006-07-05,2006-08-02,126,21,21,0,0,21,0,0,0,0,0,0,0,,False,True,corporate_actions;identity;price_volume;security_type,BASE_CANDIDATE;ELIGIBLE_RANKING_INPUT
12101822542321235,SO,2006-07-05,2006-08-02,126,21,21,0,0,21,0,0,0,0,0,0,0,,False,True,corporate_actions;identity;price_volume;security_type,BASE_CANDIDATE;ELIGIBLE_RANKING_INPUT
121583556373813368,WGR,2006-07-05,2006-08-02,126,21,21,0,0,21,6,6,14,0,0,0,0,106,False,True,corporate_actions;identity;price_volume;security_type,BASE_CANDIDATE;DURABLE_RANK;ELIGIBLE_RANKING_INPUT;ESTABLISHED_LEADERSHIP_POOL;RECENT_LEADERSHIP
121632720844498090,MTG,2006-07-05,2006-08-02,126,21,21,0,0,21,0,0,0,0,0,0,0,,False,True,corporate_actions;identity;price_volume;security_type,BASE_CANDIDATE;ELIGIBLE_RANKING_INPUT
122127560376270672,CS,2006-07-05,2006-08-02,126,5,5,0,0,5,0,0,0,0,0,0,0,,False,True,corporate_actions;identity;price_volume;security_type,BASE_CANDIDATE;ELIGIBLE_RANKING_INPUT
123610907020271517,RTN,2006-07-05,2006-08-02,126,21,21,0,0,21,0,0,0,0,0,0,0,,False,True,corporate_actions;identity;price_volume;security_type,BASE_CANDIDATE;ELIGIBLE_RANKING_INPUT
123875363054642411,LLTC,2006-07-05,2006-08-02,126,21,21,0,0,21,0,0,0,0,0,0,0,,False,True,corporate_actions;identity;price_volume;security_type,BASE_CANDIDATE;ELIGIBLE_RANKING_INPUT
124123377733256823,WBD,2006-07-05,2006-08-02,126,21,21,0,0,21,0,0,0,0,0,0,0,,False,True,corporate_actions;identity;price_volume;security_type,BASE_CANDIDATE;ELIGIBLE_RANKING_INPUT
124127769951643294,AMKR,2006-07-05,2006-08-02,126,21,21,0,0,21,21,21,0,0,0,0,0,28,False,True,corporate_actions;identity;price_volume;security_type,BASE_CANDIDATE;DURABLE_RANK;ELIGIBLE_RANKING_INPUT;ESTABLISHED_LEADERSHIP_POOL
124298048539018946,MSCC,2006-08-02,2006-08-02,126,1,1,0,0,1,0,0,0,0,0,0,0,,False,True,corporate_actions;identity;price_volume;security_type,BASE_CANDIDATE;ELIGIBLE_RANKING_INPUT
124470583467734882,TLSMF,2006-07-05,2006-08-02,126,21,21,0,0,21,0,0,1,0,0,0,0,,False,True,corporate_actions;identity;price_volume;security_type,BASE_CANDIDATE;ELIGIBLE_RANKING_INPUT;RECENT_LEADERSHIP
126280207410902950,PAY2,2006-07-05,2006-07-20,126,12,12,0,0,12,0,0,0,0,0,0,0,,False,True,corporate_actions;identity;price_volume;security_type,BASE_CANDIDATE;ELIGIBLE_RANKING_INPUT
126827330787355169,AFL,2006-07-05,2006-08-02,126,21,21,0,0,21,0,0,0,0,0,0,0,,False,True,corporate_actions;identity;price_volume;security_type,BASE_CANDIDATE;ELIGIBLE_RANKING_INPUT
127766177756293037,CKFR,2006-07-05,2006-08-02,126,21,21,0,0,21,0,0,0,0,0,0,0,,False,True,corporate_actions;identity;price_volume;security_type,BASE_CANDIDATE;ELIGIBLE_RANKING_INPUT
128800151033296779,SGY,2006-07-05,2006-07-24,126,14,14,0,0,14,0,0,0,0,0,0,0,,False,True,corporate_actions;identity;price_volume;security_type,BASE_CANDIDATE;ELIGIBLE_RANKING_INPUT
128907051652612862,XTO,2006-07-05,2006-08-02,126,21,21,0,0,21,0,0,9,0,0,0,0,,False,True,corporate_actions;identity;price_volume;security_type,BASE_CANDIDATE;ELIGIBLE_RANKING_INPUT;RECENT_LEADERSHIP
129819646342062532,ATML,2006-07-05,2006-08-02,126,21,21,0,0,21,15,15,7,0,0,0,0,82,False,True,corporate_actions;identity;price_volume;security_type,BASE_CANDIDATE;DURABLE_RANK;ELIGIBLE_RANKING_INPUT;ESTABLISHED_LEADERSHIP_POOL;RECENT_LEADERSHIP
129917565731855259,MSTR,2006-07-05,2006-08-02,126,21,21,0,0,21,0,0,0,0,0,0,0,,False,True,corporate_actions;identity;price_volume;security_type,BASE_CANDIDATE;ELIGIBLE_RANKING_INPUT
130331986554465447,ITRI,2006-07-05,2006-08-02,126,9,9,0,0,9,8,8,0,0,0,0,0,95,False,True,corporate_actions;identity;price_volume;security_type,BASE_CANDIDATE;DURABLE_RANK;ELIGIBLE_RANKING_INPUT;ESTABLISHED_LEADERSHIP_POOL
13048155339226087,LEAP2,2006-07-07,2006-08-02,126,19,19,0,0,19,4,4,5,0,0,0,0,18,False,True,corporate_actions;identity;price_volume;security_type,BASE_CANDIDATE;DURABLE_RANK;ELIGIBLE_RANKING_INPUT;ESTABLISHED_LEADERSHIP_POOL;RECENT_LEADERSHIP
132772489068711242,ANN,2006-07-05,2006-08-02,126,21,21,0,0,21,10,10,1,0,0,0,0,32,False,True,corporate_actions;identity;price_volume;security_type,BASE_CANDIDATE;DURABLE_RANK;ELIGIBLE_RANKING_INPUT;ESTABLISHED_LEADERSHIP_POOL;RECENT_LEADERSHIP
132816610989146299,NWRE,2006-07-05,2006-07-24,126,13,13,0,0,13,0,0,0,0,0,0,0,,False,True,corporate_actions;identity;price_volume;security_type,BASE_CANDIDATE;ELIGIBLE_RANKING_INPUT
133457359922799920,THC,2006-07-05,2006-08-02,126,21,21,0,0,21,0,0,0,0,0,0,0,,False,True,corporate_actions;identity;price_volume;security_type,BASE_CANDIDATE;ELIGIBLE_RANKING_INPUT
134352070820280377,EXPD,2006-07-05,2006-08-02,126,21,21,0,0,21,21,21,4,1,20,0,0,10,False,True,corporate_actions;execution_open;identity;price_volume;security_type;terminal,BASE_CANDIDATE;DURABLE_RANK;ELIGIBLE_RANKING_INPUT;ESTABLISHED_LEADERSHIP_POOL;HELD_POSITION;PENDING_ORDER;RECENT_LEADERSHIP
13698227415232376,CHZS,2006-07-05,2006-08-02,126,20,20,0,0,20,0,0,0,0,0,0,0,,False,True,corporate_actions;identity;price_volume;security_type,BASE_CANDIDATE;ELIGIBLE_RANKING_INPUT
139298344724023214,CLP,2006-07-05,2006-07-28,126,18,18,0,0,18,0,0,6,0,0,0,0,,False,True,corporate_actions;identity;price_volume;security_type,BASE_CANDIDATE;ELIGIBLE_RANKING_INPUT;RECENT_LEADERSHIP
139471128260827649,BSX,2006-07-05,2006-08-02,126,21,21,0,0,21,0,0,0,0,0,0,0,,False,True,corporate_actions;identity;price_volume;security_type,BASE_CANDIDATE;ELIGIBLE_RANKING_INPUT
139959545618323761,MEE,2006-07-05,2006-08-02,126,21,21,0,0,21,0,0,0,0,0,0,0,,False,True,corporate_actions;identity;price_volume;security_type,BASE_CANDIDATE;ELIGIBLE_RANKING_INPUT
142258220687753878,SWY,2006-07-05,2006-08-02,126,21,21,0,0,21,0,0,10,0,0,0,0,,False,True,corporate_actions;identity;price_volume;security_type,BASE_CANDIDATE;ELIGIBLE_RANKING_INPUT;RECENT_LEADERSHIP
142692075438553220,PFE,2006-07-05,2006-08-02,126,21,21,0,0,21,0,0,6,0,0,0,0,,False,True,corporate_actions;identity;price_volume;security_type,BASE_CANDIDATE;ELIGIBLE_RANKING_INPUT;RECENT_LEADERSHIP
144700299941973079,ACV1,2006-07-05,2006-08-02,126,21,21,0,0,21,0,0,0,0,0,0,0,,False,True,corporate_actions;identity;price_volume;security_type,BASE_CANDIDATE;ELIGIBLE_RANKING_INPUT
144987034992585372,JNS,2006-07-05,2006-08-02,126,21,21,0,0,21,0,0,0,0,0,0,0,,False,True,corporate_actions;identity;price_volume;security_type,BASE_CANDIDATE;ELIGIBLE_RANKING_INPUT
145133304997765329,NVR,2006-07-05,2006-08-02,126,21,21,0,0,21,0,0,0,0,0,0,0,,False,True,corporate_actions;identity;price_volume;security_type,BASE_CANDIDATE;ELIGIBLE_RANKING_INPUT
145471449820925335,MIL1,2006-07-05,2006-08-02,126,21,21,0,0,21,0,0,0,0,0,0,0,,False,True,corporate_actions;identity;price_volume;security_type,BASE_CANDIDATE;ELIGIBLE_RANKING_INPUT
14556114129757197,JEF1,2006-07-05,2006-08-02,126,21,21,0,0,21,0,0,0,0,0,0,0,,False,True,corporate_actions;identity;price_volume;security_type,BASE_CANDIDATE;ELIGIBLE_RANKING_INPUT
146639372573193242,PSUNQ,2006-07-05,2006-08-02,126,21,21,0,0,21,0,0,0,0,0,0,0,,False,True,corporate_actions;identity;price_volume;security_type,BASE_CANDIDATE;ELIGIBLE_RANKING_INPUT
146666351462403983,ORLY,2006-07-05,2006-08-02,126,21,21,0,0,21,0,0,0,0,0,0,0,,False,True,corporate_actions;identity;price_volume;security_type,BASE_CANDIDATE;ELIGIBLE_RANKING_INPUT
14780815551729723,PGL,2006-07-11,2006-08-02,126,17,17,0,0,17,0,0,12,0,0,0,0,,False,True,corporate_actions;identity;price_volume;security_type,BASE_CANDIDATE;ELIGIBLE_RANKING_INPUT;RECENT_LEADERSHIP
148187321807650528,RTX,2006-07-05,2006-08-02,126,21,21,0,0,21,0,0,0,0,0,0,0,,False,True,corporate_actions;identity;price_volume;security_type,BASE_CANDIDATE;ELIGIBLE_RANKING_INPUT
149209101404250271,LLL1,2006-07-05,2006-08-02,126,21,21,0,0,21,0,0,0,0,0,0,0,,False,True,corporate_actions;identity;price_volume;security_type,BASE_CANDIDATE;ELIGIBLE_RANKING_INPUT
149312426826382810,SIE,2006-07-05,2006-08-02,126,21,21,0,0,21,0,0,3,0,0,0,0,,False,True,corporate_actions;identity;price_volume;security_type,BASE_CANDIDATE;ELIGIBLE_RANKING_INPUT;RECENT_LEADERSHIP
149515786538189215,TXT,2006-07-05,2006-08-02,126,21,21,0,0,21,0,0,0,0,0,0,0,,False,True,corporate_actions;identity;price_volume;security_type,BASE_CANDIDATE;ELIGIBLE_RANKING_INPUT
153285850651631106,GPI,2006-07-05,2006-08-02,126,21,21,0,0,21,21,21,1,0,0,0,0,1,False,True,corporate_actions;identity;price_volume;security_type,BASE_CANDIDATE;DURABLE_RANK;ELIGIBLE_RANKING_INPUT;ESTABLISHED_LEADERSHIP_POOL;RECENT_LEADERSHIP
154180056919575706,FDO,2006-07-05,2006-08-02,126,21,21,0,0,21,0,0,0,0,0,0,0,,False,True,corporate_actions;identity;price_volume;security_type,BASE_CANDIDATE;ELIGIBLE_RANKING_INPUT
154787694246958247,PPMIQ,2006-07-05,2006-08-02,126,21,21,0,0,21,0,0,0,0,0,0,0,,False,True,corporate_actions;identity;price_volume;security_type,BASE_CANDIDATE;ELIGIBLE_RANKING_INPUT
155572863726854064,WSO,2006-07-05,2006-08-02,126,13,13,0,0,13,0,0,0,0,0,0,0,,False,True,corporate_actions;identity;price_volume;security_type,BASE_CANDIDATE;ELIGIBLE_RANKING_INPUT
155729315538972661,EPAC,2006-07-05,2006-07-27,126,17,17,0,0,17,0,0,0,0,0,0,0,,False,True,corporate_actions;identity;price_volume;security_type,BASE_CANDIDATE;ELIGIBLE_RANKING_INPUT
156382033071853349,FORM,2006-07-05,2006-08-02,126,21,21,0,0,21,21,21,10,0,0,0,0,49,False,True,corporate_actions;identity;price_volume;security_type,BASE_CANDIDATE;DURABLE_RANK;ELIGIBLE_RANKING_INPUT;ESTABLISHED_LEADERSHIP_POOL;RECENT_LEADERSHIP
159479669217240451,FCL1,2006-07-05,2006-08-02,126,21,21,0,0,21,0,0,0,0,0,0,0,,False,True,corporate_actions;identity;price_volume;security_type,BASE_CANDIDATE;ELIGIBLE_RANKING_INPUT
161480494374307050,HSP,2006-07-05,2006-08-02,126,21,21,0,0,21,0,0,0,0,0,0,0,,False,True,corporate_actions;identity;price_volume;security_type,BASE_CANDIDATE;ELIGIBLE_RANKING_INPUT
161937241858793265,RMK,2006-07-05,2006-08-02,126,21,21,0,0,21,13,13,0,0,0,0,0,38,False,True,corporate_actions;identity;price_volume;security_type,BASE_CANDIDATE;DURABLE_RANK;ELIGIBLE_RANKING_INPUT;ESTABLISHED_LEADERSHIP_POOL
162839426396502685,CBRE,2006-07-05,2006-08-02,126,21,21,0,0,21,0,0,0,0,0,0,0,,False,True,corporate_actions;identity;price_volume;security_type,BASE_CANDIDATE;ELIGIBLE_RANKING_INPUT
164270051715738317,KATE,2006-07-05,2006-08-02,126,21,21,0,0,21,0,0,0,0,0,0,0,,False,True,corporate_actions;identity;price_volume;security_type,BASE_CANDIDATE;ELIGIBLE_RANKING_INPUT
164944515610617594,FDRY,2006-07-05,2006-08-02,126,21,21,0,0,21,0,0,0,0,0,0,0,,False,True,corporate_actions;identity;price_volume;security_type,BASE_CANDIDATE;ELIGIBLE_RANKING_INPUT
165811994027208533,SUG,2006-07-05,2006-07-19,126,11,11,0,0,11,0,0,0,0,0,0,0,,False,True,corporate_actions;identity;price_volume;security_type,BASE_CANDIDATE;ELIGIBLE_RANKING_INPUT
165892677670408341,ARE,2006-07-05,2006-07-14,126,8,8,0,0,8,0,0,0,0,0,0,0,,False,True,corporate_actions;identity;price_volume;security_type,BASE_CANDIDATE;ELIGIBLE_RANKING_INPUT
167629643354844422,LEHMQ,2006-07-05,2006-08-02,126,21,21,0,0,21,0,0,0,0,0,0,0,,False,True,corporate_actions;identity;price_volume;security_type,BASE_CANDIDATE;ELIGIBLE_RANKING_INPUT
168421613165697749,VYX,2006-07-05,2006-08-02,126,21,21,0,0,21,0,0,0,0,0,0,0,,False,True,corporate_actions;identity;price_volume;security_type,BASE_CANDIDATE;ELIGIBLE_RANKING_INPUT
168848954318877451,PLXS,2006-07-05,2006-08-02,126,21,21,0,0,21,17,17,0,0,0,0,0,45,False,True,corporate_actions;identity;price_volume;security_type,BASE_CANDIDATE;DURABLE_RANK;ELIGIBLE_RANKING_INPUT;ESTABLISHED_LEADERSHIP_POOL
169078725188385752,AVT,2006-07-05,2006-08-02,126,21,21,0,0,21,0,0,0,0,0,0,0,,False,True,corporate_actions;identity;price_volume;security_type,BASE_CANDIDATE;ELIGIBLE_RANKING_INPUT
172417666029195463,ABT,2006-07-05,2006-08-02,126,21,21,0,0,21,0,0,9,0,0,0,0,,False,True,corporate_actions;identity;price_volume;security_type,BASE_CANDIDATE;ELIGIBLE_RANKING_INPUT;RECENT_LEADERSHIP
172506604651624661,ABI1,2006-07-05,2006-08-02,126,21,21,0,0,21,0,0,1,0,0,0,0,,False,True,corporate_actions;identity;price_volume;security_type,BASE_CANDIDATE;ELIGIBLE_RANKING_INPUT;RECENT_LEADERSHIP
173934194054941295,PPC,2006-07-05,2006-07-28,126,18,18,0,0,18,0,0,0,0,0,0,0,,False,True,corporate_actions;identity;price_volume;security_type,BASE_CANDIDATE;ELIGIBLE_RANKING_INPUT
177331179426033273,X,2006-07-05,2006-08-02,126,21,21,0,0,21,3,3,5,0,0,0,0,87,False,True,corporate_actions;identity;price_volume;security_type,BASE_CANDIDATE;DURABLE_RANK;ELIGIBLE_RANKING_INPUT;ESTABLISHED_LEADERSHIP_POOL;RECENT_LEADERSHIP
177918412690529836,SBAC,2006-07-05,2006-08-02,126,21,21,0,0,21,2,2,2,0,0,0,0,83,False,True,corporate_actions;identity;price_volume;security_type,BASE_CANDIDATE;DURABLE_RANK;ELIGIBLE_RANKING_INPUT;ESTABLISHED_LEADERSHIP_POOL;RECENT_LEADERSHIP
178382187143666767,CDNS,2006-07-05,2006-08-02,126,21,21,0,0,21,0,0,0,0,0,0,0,,False,True,corporate_actions;identity;price_volume;security_type,BASE_CANDIDATE;ELIGIBLE_RANKING_INPUT
179723888445251193,ATHR1,2006-07-05,2006-08-02,126,21,21,0,0,21,16,16,0,0,0,0,0,51,False,True,corporate_actions;identity;price_volume;security_type,BASE_CANDIDATE;DURABLE_RANK;ELIGIBLE_RANKING_INPUT;ESTABLISHED_LEADERSHIP_POOL
180078462414887138,COLM,2006-07-05,2006-08-02,126,13,13,0,0,13,0,0,0,0,0,0,0,,False,True,corporate_actions;identity;price_volume;security_type,BASE_CANDIDATE;ELIGIBLE_RANKING_INPUT
180723930643566614,TIE,2006-07-05,2006-08-02,126,21,21,0,0,21,21,21,0,0,0,0,0,33,False,True,corporate_actions;identity;price_volume;security_type,BASE_CANDIDATE;DURABLE_RANK;ELIGIBLE_RANKING_INPUT;ESTABLISHED_LEADERSHIP_POOL
18110728954952415,CHKP,2006-07-05,2006-08-02,126,21,21,0,0,21,0,0,0,0,0,0,0,,False,True,corporate_actions;identity;price_volume;security_type,BASE_CANDIDATE;ELIGIBLE_RANKING_INPUT
182965083856498192,DQE,2006-07-21,2006-08-01,126,8,8,0,0,8,0,0,8,0,0,0,0,,False,True,corporate_actions;identity;price_volume;security_type,BASE_CANDIDATE;ELIGIBLE_RANKING_INPUT;RECENT_LEADERSHIP
183183541145321552,URBN,2006-07-05,2006-08-02,126,21,21,0,0,21,0,0,0,0,0,0,0,,False,True,corporate_actions;identity;price_volume;security_type,BASE_CANDIDATE;ELIGIBLE_RANKING_INPUT
184954155896698894,IBN,2006-07-05,2006-08-02,126,21,21,0,0,21,0,0,7,0,0,0,0,,False,True,corporate_actions;identity;price_volume;security_type,BASE_CANDIDATE;ELIGIBLE_RANKING_INPUT;RECENT_LEADERSHIP
186017787909274248,GYI,2006-07-05,2006-08-02,126,21,21,0,0,21,0,0,0,0,0,0,0,,False,True,corporate_actions;identity;price_volume;security_type,BASE_CANDIDATE;ELIGIBLE_RANKING_INPUT
186106853129607539,WLTGQ,2006-07-05,2006-08-02,126,21,21,0,0,21,0,0,0,0,0,0,0,,False,True,corporate_actions;identity;price_volume;security_type,BASE_CANDIDATE;ELIGIBLE_RANKING_INPUT
18689870653123803,HPQ,2006-07-05,2006-08-02,126,21,21,0,0,21,0,0,0,0,0,0,0,,False,True,corporate_actions;identity;price_volume;security_type,BASE_CANDIDATE;ELIGIBLE_RANKING_INPUT
187001531571140956,CRE1,2006-07-05,2006-07-12,126,5,5,0,0,5,1,1,0,0,0,0,0,10,False,True,corporate_actions;identity;price_volume;security_type,BASE_CANDIDATE;DURABLE_RANK;ELIGIBLE_RANKING_INPUT;ESTABLISHED_LEADERSHIP_POOL
187683105660900564,PTRCY,2006-07-05,2006-08-02,126,21,21,0,0,21,0,0,13,0,0,0,0,,False,True,corporate_actions;identity;price_volume;security_type,BASE_CANDIDATE;ELIGIBLE_RANKING_INPUT;RECENT_LEADERSHIP
190563509935458129,HC,2006-07-06,2006-08-02,126,2,2,0,0,2,0,0,0,0,0,0,0,,False,True,corporate_actions;identity;price_volume;security_type,BASE_CANDIDATE;ELIGIBLE_RANKING_INPUT
192076397340664107,URS,2006-07-05,2006-07-28,126,18,18,0,0,18,0,0,0,0,0,0,0,,False,True,corporate_actions;identity;price_volume;security_type,BASE_CANDIDATE;ELIGIBLE_RANKING_INPUT
192502870337384235,SEPR,2006-07-05,2006-08-02,126,21,21,0,0,21,0,0,2,0,0,0,0,,False,True,corporate_actions;identity;price_volume;security_type,BASE_CANDIDATE;ELIGIBLE_RANKING_INPUT;RECENT_LEADERSHIP
192586880711243639,HET,2006-07-05,2006-08-02,126,21,21,0,0,21,0,0,0,0,0,0,0,,False,True,corporate_actions;identity;price_volume;security_type,BASE_CANDIDATE;ELIGIBLE_RANKING_INPUT
193621829511342366,FRK,2006-07-05,2006-08-02,126,21,21,0,0,21,0,0,0,0,0,0,0,,False,True,corporate_actions;identity;price_volume;security_type,BASE_CANDIDATE;ELIGIBLE_RANKING_INPUT
194070983181313198,MKC,2006-07-05,2006-08-02,126,21,21,0,0,21,0,0,0,0,0,0,0,,False,True,corporate_actions;identity;price_volume;security_type,BASE_CANDIDATE;ELIGIBLE_RANKING_INPUT
199886713488953944,BEAS,2006-07-05,2006-08-02,126,21,21,0,0,21,12,12,0,0,0,0,0,58,False,True,corporate_actions;identity;price_volume;security_type,BASE_CANDIDATE;DURABLE_RANK;ELIGIBLE_RANKING_INPUT;ESTABLISHED_LEADERSHIP_POOL
200263107375568913,FDS,2006-07-05,2006-07-28,126,18,18,0,0,18,0,0,0,0,0,0,0,,False,True,corporate_actions;identity;price_volume;security_type,BASE_CANDIDATE;ELIGIBLE_RANKING_INPUT
200782403799405397,DNA1,2006-07-05,2006-08-02,126,21,21,0,0,21,0,0,0,0,0,0,0,,False,True,corporate_actions;identity;price_volume;security_type,BASE_CANDIDATE;ELIGIBLE_RANKING_INPUT
201661175959591427,WB1,2006-07-05,2006-08-02,126,21,21,0,0,21,0,0,0,0,0,0,0,,False,True,corporate_actions;identity;price_volume;security_type,BASE_CANDIDATE;ELIGIBLE_RANKING_INPUT
20191788354998103,AYI,2006-07-12,2006-08-02,126,16,16,0,0,16,0,0,16,0,0,0,0,,False,True,corporate_actions;identity;price_volume;security_type,BASE_CANDIDATE;ELIGIBLE_RANKING_INPUT;RECENT_LEADERSHIP
202688495665170403,IM,2006-07-12,2006-08-02,126,16,16,0,0,16,0,0,0,0,0,0,0,,False,True,corporate_actions;identity;price_volume;security_type,BASE_CANDIDATE;ELIGIBLE_RANKING_INPUT
20303108685713266,PALM,2006-07-05,2006-08-02,126,21,21,0,0,21,0,0,0,0,0,0,0,,False,True,corporate_actions;identity;price_volume;security_type,BASE_CANDIDATE;ELIGIBLE_RANKING_INPUT
203477955841227373,ARRS,2006-07-26,2006-08-02,126,6,6,0,0,6,0,0,0,0,0,0,0,,False,True,corporate_actions;identity;price_volume;security_type,BASE_CANDIDATE;ELIGIBLE_RANKING_INPUT
203591011054715248,AVID,2006-07-05,2006-08-02,126,21,21,0,0,21,0,0,0,0,0,0,0,,False,True,corporate_actions;identity;price_volume;security_type,BASE_CANDIDATE;ELIGIBLE_RANKING_INPUT
203648306270562714,VOD,2006-07-05,2006-08-02,126,21,21,0,0,21,0,0,0,0,0,0,0,,False,True,corporate_actions;identity;price_volume;security_type,BASE_CANDIDATE;ELIGIBLE_RANKING_INPUT
203687320028720832,ARCB,2006-07-05,2006-08-02,126,21,21,0,0,21,0,0,9,0,0,0,0,,False,True,corporate_actions;identity;price_volume;security_type,BASE_CANDIDATE;ELIGIBLE_RANKING_INPUT;RECENT_LEADERSHIP
205044419965806438,RFMD,2006-07-05,2006-08-02,126,21,21,0,0,21,0,0,0,0,0,0,0,,False,True,corporate_actions;identity;price_volume;security_type,BASE_CANDIDATE;ELIGIBLE_RANKING_INPUT
205377919633819731,VRTX,2006-07-05,2006-08-02,126,21,21,0,0,21,0,0,11,0,0,0,0,,False,True,corporate_actions;identity;price_volume;security_type,BASE_CANDIDATE;ELIGIBLE_RANKING_INPUT;RECENT_LEADERSHIP
205403893349858326,ZION,2006-07-05,2006-08-02,126,21,21,0,0,21,0,0,0,0,0,0,0,,False,True,corporate_actions;identity;price_volume;security_type,BASE_CANDIDATE;ELIGIBLE_RANKING_INPUT
205944612855221329,R,2006-07-05,2006-08-02,126,21,21,0,0,21,19,19,0,0,0,0,0,14,False,True,corporate_actions;identity;price_volume;security_type,BASE_CANDIDATE;DURABLE_RANK;ELIGIBLE_RANKING_INPUT;ESTABLISHED_LEADERSHIP_POOL
206748701546846305,CNX,2006-07-05,2006-08-02,126,21,21,0,0,21,5,5,10,0,0,0,0,75,False,True,corporate_actions;identity;price_volume;security_type,BASE_CANDIDATE;DURABLE_RANK;ELIGIBLE_RANKING_INPUT;ESTABLISHED_LEADERSHIP_POOL;RECENT_LEADERSHIP
21037131285426558,ABKFQ,2006-07-05,2006-08-02,126,21,21,0,0,21,0,0,0,0,0,0,0,,False,True,corporate_actions;identity;price_volume;security_type,BASE_CANDIDATE;ELIGIBLE_RANKING_INPUT
211468827686558769,SYK,2006-07-05,2006-08-02,126,21,21,0,0,21,0,0,2,0,0,0,0,,False,True,corporate_actions;identity;price_volume;security_type,BASE_CANDIDATE;ELIGIBLE_RANKING_INPUT;RECENT_LEADERSHIP
212510547980373430,STLD,2006-07-05,2006-08-02,126,21,21,0,0,21,21,21,10,0,0,0,0,35,False,True,corporate_actions;identity;price_volume;security_type,BASE_CANDIDATE;DURABLE_RANK;ELIGIBLE_RANKING_INPUT;ESTABLISHED_LEADERSHIP_POOL;RECENT_LEADERSHIP
21367828098453600,MIK1,2006-07-05,2006-08-02,126,21,21,0,0,21,1,1,13,0,0,0,0,42,False,True,corporate_actions;identity;price_volume;security_type,BASE_CANDIDATE;DURABLE_RANK;ELIGIBLE_RANKING_INPUT;ESTABLISHED_LEADERSHIP_POOL;RECENT_LEADERSHIP
214204248915913096,EOP,2006-07-05,2006-08-02,126,21,21,0,0,21,0,0,0,0,0,0,0,,False,True,corporate_actions;identity;price_volume;security_type,BASE_CANDIDATE;ELIGIBLE_RANKING_INPUT
214301324221948521,CP,2006-07-25,2006-08-02,126,7,7,0,0,7,0,0,0,0,0,0,0,,False,True,corporate_actions;identity;price_volume;security_type,BASE_CANDIDATE;ELIGIBLE_RANKING_INPUT
214382919202904247,CSCO,2006-07-05,2006-08-02,126,21,21,0,0,21,0,0,0,0,0,0,0,,False,True,corporate_actions;identity;price_volume;security_type,BASE_CANDIDATE;ELIGIBLE_RANKING_INPUT
214820292338870148,CHAP1,2006-07-05,2006-08-02,126,21,21,0,0,21,21,21,12,1,20,0,0,10,False,True,corporate_actions;execution_open;identity;price_volume;security_type;terminal,BASE_CANDIDATE;DURABLE_RANK;ELIGIBLE_RANKING_INPUT;ESTABLISHED_LEADERSHIP_POOL;HELD_POSITION;PENDING_ORDER;RECENT_LEADERSHIP
217167862247046782,MCD,2006-07-05,2006-08-02,126,21,21,0,0,21,0,0,0,0,0,0,0,,False,True,corporate_actions;identity;price_volume;security_type,BASE_CANDIDATE;ELIGIBLE_RANKING_INPUT
217337884038065196,NSS1,2006-07-05,2006-07-11,126,5,5,0,0,5,0,0,5,0,0,0,0,,False,True,corporate_actions;identity;price_volume;security_type,BASE_CANDIDATE;ELIGIBLE_RANKING_INPUT;RECENT_LEADERSHIP
218058962504152989,ITT,2006-07-05,2006-08-02,126,21,21,0,0,21,0,0,0,0,0,0,0,,False,True,corporate_actions;identity;price_volume;security_type,BASE_CANDIDATE;ELIGIBLE_RANKING_INPUT
218406372066695280,GMRRQ,2006-07-05,2006-07-14,126,8,8,0,0,8,0,0,8,0,0,0,0,,False,True,corporate_actions;identity;price_volume;security_type,BASE_CANDIDATE;ELIGIBLE_RANKING_INPUT;RECENT_LEADERSHIP
220734612160088067,CELL1,2006-07-05,2006-07-10,126,4,4,0,0,4,0,0,0,0,0,0,0,,False,True,corporate_actions;identity;price_volume;security_type,BASE_CANDIDATE;ELIGIBLE_RANKING_INPUT
221040848723169476,ASO1,2006-07-05,2006-08-02,126,21,21,0,0,21,0,0,4,0,0,0,0,,False,True,corporate_actions;identity;price_volume;security_type,BASE_CANDIDATE;ELIGIBLE_RANKING_INPUT;RECENT_LEADERSHIP
221182232705986242,STJ,2006-07-05,2006-08-02,126,21,21,0,0,21,0,0,6,0,0,0,0,,False,True,corporate_actions;identity;price_volume;security_type,BASE_CANDIDATE;ELIGIBLE_RANKING_INPUT;RECENT_LEADERSHIP
221294421316749652,REG,2006-07-10,2006-08-02,126,18,18,0,0,18,0,0,0,0,0,0,0,,False,True,corporate_actions;identity;price_volume;security_type,BASE_CANDIDATE;ELIGIBLE_RANKING_INPUT
221780694875350817,L,2006-07-05,2006-08-02,126,21,21,0,0,21,0,0,0,0,0,0,0,,False,True,corporate_actions;identity;price_volume;security_type,BASE_CANDIDATE;ELIGIBLE_RANKING_INPUT
222010989440912918,NVRI1,2006-07-05,2006-08-02,126,5,5,0,0,5,0,0,0,0,0,0,0,,False,True,corporate_actions;identity;price_volume;security_type,BASE_CANDIDATE;ELIGIBLE_RANKING_INPUT
222798768929791966,PSKY,2006-07-05,2006-08-02,126,21,21,0,0,21,0,0,0,0,0,0,0,,False,True,corporate_actions;identity;price_volume;security_type,BASE_CANDIDATE;ELIGIBLE_RANKING_INPUT
223233795491522444,CEB,2006-07-05,2006-08-02,126,21,21,0,0,21,3,3,0,0,0,0,0,64,False,True,corporate_actions;identity;price_volume;security_type,BASE_CANDIDATE;DURABLE_RANK;ELIGIBLE_RANKING_INPUT;ESTABLISHED_LEADERSHIP_POOL
223489731780916334,GOLLQ,2006-07-05,2006-08-02,126,21,21,0,0,21,7,7,2,0,0,0,0,92,False,True,corporate_actions;identity;price_volume;security_type,BASE_CANDIDATE;DURABLE_RANK;ELIGIBLE_RANKING_INPUT;ESTABLISHED_LEADERSHIP_POOL;RECENT_LEADERSHIP
223805177165887902,NG,2006-07-25,2006-08-02,126,7,7,0,0,7,2,2,7,0,0,0,0,93,False,True,corporate_actions;identity;price_volume;security_type,BASE_CANDIDATE;DURABLE_RANK;ELIGIBLE_RANKING_INPUT;ESTABLISHED_LEADERSHIP_POOL;RECENT_LEADERSHIP
223898386606448820,BLGM,2006-07-05,2006-08-02,126,21,21,0,0,21,0,0,0,0,0,0,0,,False,True,corporate_actions;identity;price_volume;security_type,BASE_CANDIDATE;ELIGIBLE_RANKING_INPUT
223906251179460931,NFB,2006-07-05,2006-08-02,126,21,21,0,0,21,0,0,0,0,0,0,0,,False,True,corporate_actions;identity;price_volume;security_type,BASE_CANDIDATE;ELIGIBLE_RANKING_INPUT
22399381108779794,CAH,2006-07-05,2006-08-02,126,21,21,0,0,21,0,0,0,0,0,0,0,,False,True,corporate_actions;identity;price_volume;security_type,BASE_CANDIDATE;ELIGIBLE_RANKING_INPUT
224485637995476227,WFM,2006-07-05,2006-08-02,126,21,21,0,0,21,0,0,0,0,0,0,0,,False,True,corporate_actions;identity;price_volume;security_type,BASE_CANDIDATE;ELIGIBLE_RANKING_INPUT
224580439420294771,GE,2006-07-05,2006-08-02,126,21,21,0,0,21,0,0,0,0,0,0,0,,False,True,corporate_actions;identity;price_volume;security_type,BASE_CANDIDATE;ELIGIBLE_RANKING_INPUT
225029010200819642,AMD,2006-07-05,2006-08-02,126,21,21,0,0,21,0,0,0,0,0,0,0,,False,True,corporate_actions;identity;price_volume;security_type,BASE_CANDIDATE;ELIGIBLE_RANKING_INPUT
226121471503199550,SKM,2006-07-05,2006-07-27,126,17,17,0,0,17,0,0,0,0,0,0,0,,False,True,corporate_actions;identity;price_volume;security_type,BASE_CANDIDATE;ELIGIBLE_RANKING_INPUT
226447547464065125,WMG1,2006-07-13,2006-07-28,126,10,10,0,0,10,10,10,0,0,0,0,0,11,False,True,corporate_actions;identity;price_volume;security_type,BASE_CANDIDATE;DURABLE_RANK;ELIGIBLE_RANKING_INPUT;ESTABLISHED_LEADERSHIP_POOL
226714775113304174,AEO,2006-07-05,2006-08-02,126,21,21,0,0,21,21,21,0,0,0,0,0,27,False,True,corporate_actions;identity;price_volume;security_type,BASE_CANDIDATE;DURABLE_RANK;ELIGIBLE_RANKING_INPUT;ESTABLISHED_LEADERSHIP_POOL
227037074058974710,MBI,2006-07-05,2006-08-02,126,21,21,0,0,21,0,0,0,0,0,0,0,,False,True,corporate_actions;identity;price_volume;security_type,BASE_CANDIDATE;ELIGIBLE_RANKING_INPUT
227060587393674304,PCL1,2006-07-05,2006-08-02,126,20,20,0,0,20,0,0,0,0,0,0,0,,False,True,corporate_actions;identity;price_volume;security_type,BASE_CANDIDATE;ELIGIBLE_RANKING_INPUT
227132443441570769,XRAY,2006-07-05,2006-08-02,126,20,20,0,0,20,0,0,0,0,0,0,0,,False,True,corporate_actions;identity;price_volume;security_type,BASE_CANDIDATE;ELIGIBLE_RANKING_INPUT
227234481644487987,PRX,2006-07-07,2006-08-02,126,18,18,0,0,18,0,0,0,0,0,0,0,,False,True,corporate_actions;identity;price_volume;security_type,BASE_CANDIDATE;ELIGIBLE_RANKING_INPUT
22906513656678826,ADI,2006-07-05,2006-08-02,126,21,21,0,0,21,0,0,0,0,0,0,0,,False,True,corporate_actions;identity;price_volume;security_type,BASE_CANDIDATE;ELIGIBLE_RANKING_INPUT
22929483319405759,TRIDQ,2006-07-05,2006-08-02,126,21,21,0,0,21,0,0,0,0,0,0,0,,False,True,corporate_actions;identity;price_volume;security_type,BASE_CANDIDATE;ELIGIBLE_RANKING_INPUT
229983574740925779,QCOM,2006-07-05,2006-08-02,126,21,21,0,0,21,0,0,0,0,0,0,0,,False,True,corporate_actions;identity;price_volume;security_type,BASE_CANDIDATE;ELIGIBLE_RANKING_INPUT
233189665423411967,PWAVQ,2006-07-05,2006-08-02,126,21,21,0,0,21,0,0,0,0,0,0,0,,False,True,corporate_actions;identity;price_volume;security_type,BASE_CANDIDATE;ELIGIBLE_RANKING_INPUT
233957193007036874,RSAS,2006-07-05,2006-08-02,126,21,21,0,0,21,16,16,19,0,0,0,0,24,False,True,corporate_actions;identity;price_volume;security_type,BASE_CANDIDATE;DURABLE_RANK;ELIGIBLE_RANKING_INPUT;ESTABLISHED_LEADERSHIP_POOL;RECENT_LEADERSHIP
234070972192981014,CMCSA,2006-07-05,2006-08-02,126,21,21,0,0,21,1,1,0,0,0,0,0,28,False,True,corporate_actions;identity;price_volume;security_type,BASE_CANDIDATE;DURABLE_RANK;ELIGIBLE_RANKING_INPUT;ESTABLISHED_LEADERSHIP_POOL
234516124173201282,BG,2006-07-05,2006-08-02,126,21,21,0,0,21,0,0,3,0,0,0,0,,False,True,corporate_actions;identity;price_volume;security_type,BASE_CANDIDATE;ELIGIBLE_RANKING_INPUT;RECENT_LEADERSHIP
235159151376148033,ELV,2006-07-05,2006-08-02,126,21,21,0,0,21,0,0,2,0,0,0,0,,False,True,corporate_actions;identity;price_volume;security_type,BASE_CANDIDATE;ELIGIBLE_RANKING_INPUT;RECENT_LEADERSHIP
238785323839507876,ARA1,2006-07-05,2006-07-05,126,1,1,0,0,1,0,0,0,0,0,0,0,,False,True,corporate_actions;identity;price_volume;security_type,BASE_CANDIDATE;ELIGIBLE_RANKING_INPUT
23941267052566091,HGSI,2006-07-05,2006-08-02,126,21,21,0,0,21,0,0,0,0,0,0,0,,False,True,corporate_actions;identity;price_volume;security_type,BASE_CANDIDATE;ELIGIBLE_RANKING_INPUT
239634142616423830,GIS,2006-07-05,2006-08-02,126,21,21,0,0,21,0,0,0,0,0,0,0,,False,True,corporate_actions;identity;price_volume;security_type,BASE_CANDIDATE;ELIGIBLE_RANKING_INPUT
239645307993092302,THQIQ,2006-07-05,2006-08-02,126,21,21,0,0,21,0,0,0,0,0,0,0,,False,True,corporate_actions;identity;price_volume;security_type,BASE_CANDIDATE;ELIGIBLE_RANKING_INPUT
239676991413239253,SRCL,2006-07-28,2006-08-02,126,4,4,0,0,4,0,0,0,0,0,0,0,,False,True,corporate_actions;identity;price_volume;security_type,BASE_CANDIDATE;ELIGIBLE_RANKING_INPUT
239921865183424404,NEE,2006-07-05,2006-08-02,126,21,21,0,0,21,0,0,0,0,0,0,0,,False,True,corporate_actions;identity;price_volume;security_type,BASE_CANDIDATE;ELIGIBLE_RANKING_INPUT
240014005896190715,KMT,2006-07-05,2006-08-02,126,21,21,0,0,21,0,0,0,0,0,0,0,,False,True,corporate_actions;identity;price_volume;security_type,BASE_CANDIDATE;ELIGIBLE_RANKING_INPUT
240681817331605906,VSEA,2006-07-05,2006-08-02,126,21,21,0,0,21,0,0,0,0,0,0,0,,False,True,corporate_actions;identity;price_volume;security_type,BASE_CANDIDATE;ELIGIBLE_RANKING_INPUT
242029200124109088,YCC,2006-08-01,2006-08-02,126,2,2,0,0,2,0,0,0,0,0,0,0,,False,True,corporate_actions;identity;price_volume;security_type,BASE_CANDIDATE;ELIGIBLE_RANKING_INPUT
242191666340217044,PLD,2006-07-12,2006-08-02,126,16,16,0,0,16,0,0,0,0,0,0,0,,False,True,corporate_actions;identity;price_volume;security_type,BASE_CANDIDATE;ELIGIBLE_RANKING_INPUT
242817260532849391,CPPRQ,2006-07-05,2006-08-02,126,21,21,0,0,21,0,0,0,0,0,0,0,,False,True,corporate_actions;identity;price_volume;security_type,BASE_CANDIDATE;ELIGIBLE_RANKING_INPUT
242834234146262055,MNT,2006-07-05,2006-07-11,126,5,5,0,0,5,0,0,0,0,0,0,0,,False,True,corporate_actions;identity;price_volume;security_type,BASE_CANDIDATE;ELIGIBLE_RANKING_INPUT
243879949698562855,NBL,2006-07-05,2006-08-02,126,21,21,0,0,21,0,0,20,0,0,0,0,,False,True,corporate_actions;identity;price_volume;security_type,BASE_CANDIDATE;ELIGIBLE_RANKING_INPUT;RECENT_LEADERSHIP
244518403981488168,RHI,2006-07-05,2006-08-02,126,21,21,0,0,21,0,0,0,0,0,0,0,,False,True,corporate_actions;identity;price_volume;security_type,BASE_CANDIDATE;ELIGIBLE_RANKING_INPUT
244656944763341218,DAKT,2006-07-05,2006-08-02,126,21,21,0,0,21,21,21,10,1,20,0,0,3,False,True,corporate_actions;execution_open;identity;price_volume;security_type;terminal,BASE_CANDIDATE;DURABLE_RANK;ELIGIBLE_RANKING_INPUT;ESTABLISHED_LEADERSHIP_POOL;HELD_POSITION;PENDING_ORDER;RECENT_LEADERSHIP
247195603529201713,A,2006-07-05,2006-08-02,126,21,21,0,0,21,0,0,0,0,0,0,0,,False,True,corporate_actions;identity;price_volume;security_type,BASE_CANDIDATE;ELIGIBLE_RANKING_INPUT
248667742888350992,MHK,2006-07-05,2006-08-02,126,21,21,0,0,21,0,0,0,0,0,0,0,,False,True,corporate_actions;identity;price_volume;security_type,BASE_CANDIDATE;ELIGIBLE_RANKING_INPUT
24986664665564740,HRB,2006-07-05,2006-08-02,126,21,21,0,0,21,0,0,0,0,0,0,0,,False,True,corporate_actions;identity;price_volume;security_type,BASE_CANDIDATE;ELIGIBLE_RANKING_INPUT
250618015555778910,SAP,2006-07-05,2006-08-02,126,21,21,0,0,21,0,0,0,0,0,0,0,,False,True,corporate_actions;identity;price_volume;security_type,BASE_CANDIDATE;ELIGIBLE_RANKING_INPUT
252845012432277861,CNXT1,2006-07-05,2006-08-02,126,21,21,0,0,21,0,0,0,0,0,0,0,,False,True,corporate_actions;identity;price_volume;security_type,BASE_CANDIDATE;ELIGIBLE_RANKING_INPUT
255246949784995862,CXT,2006-07-05,2006-07-14,126,8,8,0,0,8,0,0,0,0,0,0,0,,False,True,corporate_actions;identity;price_volume;security_type,BASE_CANDIDATE;ELIGIBLE_RANKING_INPUT
257215301036897720,GME,2006-07-05,2006-08-02,126,21,21,0,0,21,0,0,4,0,0,0,0,,False,True,corporate_actions;identity;price_volume;security_type,BASE_CANDIDATE;ELIGIBLE_RANKING_INPUT;RECENT_LEADERSHIP
257692685526382618,SWK,2006-07-05,2006-08-02,126,21,21,0,0,21,0,0,0,0,0,0,0,,False,True,corporate_actions;identity;price_volume;security_type,BASE_CANDIDATE;ELIGIBLE_RANKING_INPUT
257995258404860206,ERF,2006-07-05,2006-07-06,126,2,2,0,0,2,0,0,0,0,0,0,0,,False,True,corporate_actions;identity;price_volume;security_type,BASE_CANDIDATE;ELIGIBLE_RANKING_INPUT
258412215698403601,VAR,2006-07-05,2006-08-02,126,21,21,0,0,21,0,0,0,0,0,0,0,,False,True,corporate_actions;identity;price_volume;security_type,BASE_CANDIDATE;ELIGIBLE_RANKING_INPUT
258582632034451709,CNO,2006-07-28,2006-08-02,126,4,4,0,0,4,0,0,0,0,0,0,0,,False,True,corporate_actions;identity;price_volume;security_type,BASE_CANDIDATE;ELIGIBLE_RANKING_INPUT
258893123405622697,ABV,2006-07-05,2006-08-02,126,21,21,0,0,21,0,0,1,0,0,0,0,,False,True,corporate_actions;identity;price_volume;security_type,BASE_CANDIDATE;ELIGIBLE_RANKING_INPUT;RECENT_LEADERSHIP
26013683846285705,WM,2006-07-05,2006-08-02,126,21,21,0,0,21,0,0,0,0,0,0,0,,False,True,corporate_actions;identity;price_volume;security_type,BASE_CANDIDATE;ELIGIBLE_RANKING_INPUT
260526804976887923,AD1,2006-07-06,2006-08-02,126,20,20,0,0,20,0,0,20,0,0,0,0,,False,True,corporate_actions;identity;price_volume;security_type,BASE_CANDIDATE;ELIGIBLE_RANKING_INPUT;RECENT_LEADERSHIP
260834838716466367,CAKE,2006-07-05,2006-08-02,126,21,21,0,0,21,0,0,0,0,0,0,0,,False,True,corporate_actions;identity;price_volume;security_type,BASE_CANDIDATE;ELIGIBLE_RANKING_INPUT
261197252455412259,TRV,2006-07-05,2006-08-02,126,21,21,0,0,21,0,0,0,0,0,0,0,,False,True,corporate_actions;identity;price_volume;security_type,BASE_CANDIDATE;ELIGIBLE_RANKING_INPUT
262420210501636253,DADE,2006-07-25,2006-08-02,126,7,7,0,0,7,0,0,0,0,0,0,0,,False,True,corporate_actions;identity;price_volume;security_type,BASE_CANDIDATE;ELIGIBLE_RANKING_INPUT
263470440580545501,AT1,2006-07-05,2006-08-02,126,21,21,0,0,21,0,0,0,0,0,0,0,,False,True,corporate_actions;identity;price_volume;security_type,BASE_CANDIDATE;ELIGIBLE_RANKING_INPUT
264892745744762403,EMN,2006-07-05,2006-08-02,126,21,21,0,0,21,0,0,0,0,0,0,0,,False,True,corporate_actions;identity;price_volume;security_type,BASE_CANDIDATE;ELIGIBLE_RANKING_INPUT
26527342267715083,DNB3,2006-07-05,2006-07-24,126,14,14,0,0,14,0,0,0,0,0,0,0,,False,True,corporate_actions;identity;price_volume;security_type,BASE_CANDIDATE;ELIGIBLE_RANKING_INPUT
26612783250868077,BOL,2006-07-05,2006-08-02,126,21,21,0,0,21,0,0,0,0,0,0,0,,False,True,corporate_actions;identity;price_volume;security_type,BASE_CANDIDATE;ELIGIBLE_RANKING_INPUT
26679282107568539,BGPIQ,2006-07-17,2006-07-28,126,10,10,0,0,10,0,0,0,0,0,0,0,,False,True,corporate_actions;identity;price_volume;security_type,BASE_CANDIDATE;ELIGIBLE_RANKING_INPUT
266855227169442591,KEX,2006-07-05,2006-08-02,126,21,21,0,0,21,21,21,3,1,20,0,0,16,False,True,corporate_actions;execution_open;identity;price_volume;security_type;terminal,BASE_CANDIDATE;DURABLE_RANK;ELIGIBLE_RANKING_INPUT;ESTABLISHED_LEADERSHIP_POOL;HELD_POSITION;PENDING_ORDER;RECENT_LEADERSHIP
268110096969655215,BKS,2006-07-05,2006-08-02,126,21,21,0,0,21,0,0,0,0,0,0,0,,False,True,corporate_actions;identity;price_volume;security_type,BASE_CANDIDATE;ELIGIBLE_RANKING_INPUT
268312600014328840,AXLL,2006-07-05,2006-07-10,126,4,4,0,0,4,0,0,0,0,0,0,0,,False,True,corporate_actions;identity;price_volume;security_type,BASE_CANDIDATE;ELIGIBLE_RANKING_INPUT
268382712106239882,DHI,2006-07-05,2006-08-02,126,21,21,0,0,21,0,0,0,0,0,0,0,,False,True,corporate_actions;identity;price_volume;security_type,BASE_CANDIDATE;ELIGIBLE_RANKING_INPUT
268576505056300449,ETD,2006-07-05,2006-08-02,126,18,18,0,0,18,0,0,0,0,0,0,0,,False,True,corporate_actions;identity;price_volume;security_type,BASE_CANDIDATE;ELIGIBLE_RANKING_INPUT
269723659133345455,PTEN,2006-07-05,2006-08-02,126,21,21,0,0,21,0,0,0,0,0,0,0,,False,True,corporate_actions;identity;price_volume;security_type,BASE_CANDIDATE;ELIGIBLE_RANKING_INPUT
271029648870576069,BFH,2006-07-05,2006-08-02,126,21,21,0,0,21,21,21,2,1,20,0,0,10,False,True,corporate_actions;execution_open;identity;price_volume;security_type;terminal,BASE_CANDIDATE;DURABLE_RANK;ELIGIBLE_RANKING_INPUT;ESTABLISHED_LEADERSHIP_POOL;HELD_POSITION;PENDING_ORDER;RECENT_LEADERSHIP
271186799358805252,TDW,2006-07-05,2006-08-02,126,21,21,0,0,21,0,0,0,0,0,0,0,,False,True,corporate_actions;identity;price_volume;security_type,BASE_CANDIDATE;ELIGIBLE_RANKING_INPUT
271541652423941074,MBT,2006-07-05,2006-08-02,126,21,21,0,0,21,0,0,8,0,0,0,0,,False,True,corporate_actions;identity;price_volume;security_type,BASE_CANDIDATE;ELIGIBLE_RANKING_INPUT;RECENT_LEADERSHIP
272478278078438193,WOLF2,2006-07-05,2006-08-02,126,16,16,0,0,16,0,0,0,0,0,0,0,,False,True,corporate_actions;identity;price_volume;security_type,BASE_CANDIDATE;ELIGIBLE_RANKING_INPUT
273245893688790759,KRON1,2006-07-14,2006-08-02,126,13,13,0,0,13,0,0,0,0,0,0,0,,False,True,corporate_actions;identity;price_volume;security_type,BASE_CANDIDATE;ELIGIBLE_RANKING_INPUT
273541446220643398,GATX,2006-07-05,2006-08-02,126,21,21,0,0,21,0,0,0,0,0,0,0,,False,True,corporate_actions;identity;price_volume;security_type,BASE_CANDIDATE;ELIGIBLE_RANKING_INPUT
274182913283161824,LPL,2006-07-05,2006-07-24,126,13,13,0,0,13,0,0,3,0,0,0,0,,False,True,corporate_actions;identity;price_volume;security_type,BASE_CANDIDATE;ELIGIBLE_RANKING_INPUT;RECENT_LEADERSHIP
274906429157514927,MUFG,2006-07-05,2006-07-26,126,13,13,0,0,13,0,0,2,0,0,0,0,,False,True,corporate_actions;identity;price_volume;security_type,BASE_CANDIDATE;ELIGIBLE_RANKING_INPUT;RECENT_LEADERSHIP
276044719892003870,PXD,2006-07-05,2006-08-02,126,21,21,0,0,21,0,0,9,0,0,0,0,,False,True,corporate_actions;identity;price_volume;security_type,BASE_CANDIDATE;ELIGIBLE_RANKING_INPUT;RECENT_LEADERSHIP
27636669050443534,WHQ,2006-07-05,2006-08-02,126,19,19,0,0,19,8,8,7,0,0,0,0,79,False,True,corporate_actions;identity;price_volume;security_type,BASE_CANDIDATE;DURABLE_RANK;ELIGIBLE_RANKING_INPUT;ESTABLISHED_LEADERSHIP_POOL;RECENT_LEADERSHIP
277347208162984956,CAR,2006-07-05,2006-08-02,126,21,21,0,0,21,0,0,0,0,0,0,0,,False,True,corporate_actions;identity;price_volume;security_type,BASE_CANDIDATE;ELIGIBLE_RANKING_INPUT
277908412373409816,MT,2006-07-05,2006-08-02,126,21,21,0,0,21,0,0,3,0,0,0,0,,False,True,corporate_actions;identity;price_volume;security_type,BASE_CANDIDATE;ELIGIBLE_RANKING_INPUT;RECENT_LEADERSHIP
27837318412761775,TRB,2006-07-05,2006-08-02,126,21,21,0,0,21,0,0,0,0,0,0,0,,False,True,corporate_actions;identity;price_volume;security_type,BASE_CANDIDATE;ELIGIBLE_RANKING_INPUT
278856321542165771,CORSQ,2006-07-25,2006-08-02,126,7,7,0,0,7,0,0,0,0,0,0,0,,False,True,corporate_actions;identity;price_volume;security_type,BASE_CANDIDATE;ELIGIBLE_RANKING_INPUT
278888098225302220,FNSR,2006-07-05,2006-08-02,126,21,21,0,0,21,15,15,0,0,0,0,0,39,False,True,corporate_actions;identity;price_volume;security_type,BASE_CANDIDATE;DURABLE_RANK;ELIGIBLE_RANKING_INPUT;ESTABLISHED_LEADERSHIP_POOL
27893697355337632,EMC1,2006-07-05,2006-08-02,126,21,21,0,0,21,0,0,0,0,0,0,0,,False,True,corporate_actions;identity;price_volume;security_type,BASE_CANDIDATE;ELIGIBLE_RANKING_INPUT
27915703808037548,BC,2006-07-05,2006-08-02,126,21,21,0,0,21,0,0,0,0,0,0,0,,False,True,corporate_actions;identity;price_volume;security_type,BASE_CANDIDATE;ELIGIBLE_RANKING_INPUT
281403219910100051,GES,2006-07-05,2006-08-02,126,10,10,0,0,10,0,0,0,0,0,0,0,,False,True,corporate_actions;identity;price_volume;security_type,BASE_CANDIDATE;ELIGIBLE_RANKING_INPUT
281591336072523808,ATYT,2006-07-05,2006-08-02,126,21,21,0,0,21,0,0,9,0,0,0,0,,False,True,corporate_actions;identity;price_volume;security_type,BASE_CANDIDATE;ELIGIBLE_RANKING_INPUT;RECENT_LEADERSHIP
282586625222262119,IGT1,2006-07-05,2006-08-02,126,21,21,0,0,21,0,0,0,0,0,0,0,,False,True,corporate_actions;identity;price_volume;security_type,BASE_CANDIDATE;ELIGIBLE_RANKING_INPUT
283932873807359668,CACI,2006-07-05,2006-07-28,126,18,18,0,0,18,0,0,0,0,0,0,0,,False,True,corporate_actions;identity;price_volume;security_type,BASE_CANDIDATE;ELIGIBLE_RANKING_INPUT
284238190654162337,POOL,2006-07-14,2006-08-02,126,14,14,0,0,14,0,0,0,0,0,0,0,,False,True,corporate_actions;identity;price_volume;security_type,BASE_CANDIDATE;ELIGIBLE_RANKING_INPUT
285038964052950789,MSI,2006-07-05,2006-08-02,126,21,21,0,0,21,0,0,5,0,0,0,0,,False,True,corporate_actions;identity;price_volume;security_type,BASE_CANDIDATE;ELIGIBLE_RANKING_INPUT;RECENT_LEADERSHIP
286315428635447910,MLNM,2006-07-05,2006-08-02,126,21,21,0,0,21,0,0,3,0,0,0,0,,False,True,corporate_actions;identity;price_volume;security_type,BASE_CANDIDATE;ELIGIBLE_RANKING_INPUT;RECENT_LEADERSHIP
286604717372118423,TYC,2006-07-05,2006-08-02,126,21,21,0,0,21,0,0,0,0,0,0,0,,False,True,corporate_actions;identity;price_volume;security_type,BASE_CANDIDATE;ELIGIBLE_RANKING_INPUT
287367877320854308,TTE,2006-07-05,2006-08-02,126,21,21,0,0,21,0,0,0,0,0,0,0,,False,True,corporate_actions;identity;price_volume;security_type,BASE_CANDIDATE;ELIGIBLE_RANKING_INPUT
288236439289729704,HLTH1,2006-07-05,2006-08-02,126,21,21,0,0,21,10,10,0,0,0,0,0,40,False,True,corporate_actions;identity;price_volume;security_type,BASE_CANDIDATE;DURABLE_RANK;ELIGIBLE_RANKING_INPUT;ESTABLISHED_LEADERSHIP_POOL
288980188116978082,VIAV,2006-07-05,2006-08-02,126,21,21,0,0,21,0,0,0,0,0,0,0,,False,True,corporate_actions;identity;price_volume;security_type,BASE_CANDIDATE;ELIGIBLE_RANKING_INPUT
289789523990727230,TRBS,2006-07-05,2006-07-18,126,9,9,0,0,9,6,6,4,0,0,0,0,3,False,True,corporate_actions;identity;price_volume;security_type,BASE_CANDIDATE;DURABLE_RANK;ELIGIBLE_RANKING_INPUT;ESTABLISHED_LEADERSHIP_POOL;RECENT_LEADERSHIP
291321137491503054,RNWK,2006-07-05,2006-08-02,126,18,18,0,0,18,5,5,2,0,0,0,0,70,False,True,corporate_actions;identity;price_volume;security_type,BASE_CANDIDATE;DURABLE_RANK;ELIGIBLE_RANKING_INPUT;ESTABLISHED_LEADERSHIP_POOL;RECENT_LEADERSHIP
291471912002443941,CENX,2006-07-05,2006-08-02,126,21,21,0,0,21,6,6,0,0,0,0,0,89,False,True,corporate_actions;identity;price_volume;security_type,BASE_CANDIDATE;DURABLE_RANK;ELIGIBLE_RANKING_INPUT;ESTABLISHED_LEADERSHIP_POOL
291579668231200993,TFCF,2006-07-05,2006-08-02,126,21,21,0,0,21,0,0,0,0,0,0,0,,False,True,corporate_actions;identity;price_volume;security_type,BASE_CANDIDATE;ELIGIBLE_RANKING_INPUT
292531942144341277,BBBYQ,2006-07-05,2006-08-02,126,21,21,0,0,21,0,0,0,0,0,0,0,,False,True,corporate_actions;identity;price_volume;security_type,BASE_CANDIDATE;ELIGIBLE_RANKING_INPUT
29323863487942658,IFIN1,2006-07-28,2006-08-02,126,4,4,0,0,4,0,0,0,0,0,0,0,,False,True,corporate_actions;identity;price_volume;security_type,BASE_CANDIDATE;ELIGIBLE_RANKING_INPUT
294831489466840844,LI1,2006-07-10,2006-08-02,126,18,18,0,0,18,0,0,0,0,0,0,0,,False,True,corporate_actions;identity;price_volume;security_type,BASE_CANDIDATE;ELIGIBLE_RANKING_INPUT
298004721797953203,WIRE,2006-07-05,2006-08-02,126,21,21,0,0,21,14,14,3,0,0,0,0,81,False,True,corporate_actions;identity;price_volume;security_type,BASE_CANDIDATE;DURABLE_RANK;ELIGIBLE_RANKING_INPUT;ESTABLISHED_LEADERSHIP_POOL;RECENT_LEADERSHIP
298162179054164281,JNY,2006-07-05,2006-08-02,126,21,21,0,0,21,0,0,0,0,0,0,0,,False,True,corporate_actions;identity;price_volume;security_type,BASE_CANDIDATE;ELIGIBLE_RANKING_INPUT
300555610396873466,FLR,2006-07-05,2006-08-02,126,21,21,0,0,21,0,0,0,0,0,0,0,,False,True,corporate_actions;identity;price_volume;security_type,BASE_CANDIDATE;ELIGIBLE_RANKING_INPUT
304239294376886312,NSC,2006-07-05,2006-08-02,126,21,21,0,0,21,0,0,0,0,0,0,0,,False,True,corporate_actions;identity;price_volume;security_type,BASE_CANDIDATE;ELIGIBLE_RANKING_INPUT
30426677153286292,RCL,2006-07-05,2006-08-02,126,21,21,0,0,21,0,0,0,0,0,0,0,,False,True,corporate_actions;identity;price_volume;security_type,BASE_CANDIDATE;ELIGIBLE_RANKING_INPUT
30542333967004205,PG,2006-07-05,2006-08-02,126,21,21,0,0,21,0,0,0,0,0,0,0,,False,True,corporate_actions;identity;price_volume;security_type,BASE_CANDIDATE;ELIGIBLE_RANKING_INPUT
305472410938548937,ITG1,2006-07-05,2006-08-02,126,21,21,0,0,21,2,2,0,0,0,0,0,85,False,True,corporate_actions;identity;price_volume;security_type,BASE_CANDIDATE;DURABLE_RANK;ELIGIBLE_RANKING_INPUT;ESTABLISHED_LEADERSHIP_POOL
30746510887730879,KEY,2006-07-05,2006-08-02,126,21,21,0,0,21,0,0,0,0,0,0,0,,False,True,corporate_actions;identity;price_volume;security_type,BASE_CANDIDATE;ELIGIBLE_RANKING_INPUT
308241500991292123,CEO,2006-07-05,2006-07-13,126,7,7,0,0,7,0,0,4,0,0,0,0,,False,True,corporate_actions;identity;price_volume;security_type,BASE_CANDIDATE;ELIGIBLE_RANKING_INPUT;RECENT_LEADERSHIP
308476580898429448,RAI,2006-07-05,2006-08-02,126,21,21,0,0,21,0,0,12,0,0,0,0,,False,True,corporate_actions;identity;price_volume;security_type,BASE_CANDIDATE;ELIGIBLE_RANKING_INPUT;RECENT_LEADERSHIP
309469643573885782,SMG,2006-08-01,2006-08-02,126,2,2,0,0,2,0,0,0,0,0,0,0,,False,True,corporate_actions;identity;price_volume;security_type,BASE_CANDIDATE;ELIGIBLE_RANKING_INPUT
310447853011220307,GS,2006-07-05,2006-08-02,126,21,21,0,0,21,0,0,0,0,0,0,0,,False,True,corporate_actions;identity;price_volume;security_type,BASE_CANDIDATE;ELIGIBLE_RANKING_INPUT
31064577600124304,LFB,2006-07-12,2006-07-12,126,1,1,0,0,1,0,0,0,0,0,0,0,,False,True,corporate_actions;identity;price_volume;security_type,BASE_CANDIDATE;ELIGIBLE_RANKING_INPUT
31131924208526770,GW,2006-07-05,2006-08-02,126,17,17,0,0,17,0,0,0,0,0,0,0,,False,True,corporate_actions;identity;price_volume;security_type,BASE_CANDIDATE;ELIGIBLE_RANKING_INPUT
31245648864458949,ALKS,2006-07-05,2006-07-05,126,1,1,0,0,1,0,0,0,0,0,0,0,,False,True,corporate_actions;identity;price_volume;security_type,BASE_CANDIDATE;ELIGIBLE_RANKING_INPUT
3125732488263015,KLAC,2006-07-05,2006-08-02,126,21,21,0,0,21,0,0,0,0,0,0,0,,False,True,corporate_actions;identity;price_volume;security_type,BASE_CANDIDATE;ELIGIBLE_RANKING_INPUT
312655987368324335,VNO,2006-07-05,2006-08-02,126,21,21,0,0,21,0,0,0,0,0,0,0,,False,True,corporate_actions;identity;price_volume;security_type,BASE_CANDIDATE;ELIGIBLE_RANKING_INPUT
313374304140376196,NEWCQ,2006-07-05,2006-08-02,126,21,21,0,0,21,3,3,0,0,0,0,0,69,False,True,corporate_actions;identity;price_volume;security_type,BASE_CANDIDATE;DURABLE_RANK;ELIGIBLE_RANKING_INPUT;ESTABLISHED_LEADERSHIP_POOL
313809790950811771,BEAM2,2006-07-05,2006-08-02,126,21,21,0,0,21,0,0,0,0,0,0,0,,False,True,corporate_actions;identity;price_volume;security_type,BASE_CANDIDATE;ELIGIBLE_RANKING_INPUT
315026951121797814,CRI,2006-07-05,2006-08-02,126,9,9,0,0,9,0,0,0,0,0,0,0,,False,True,corporate_actions;identity;price_volume;security_type,BASE_CANDIDATE;ELIGIBLE_RANKING_INPUT
315529898306918675,TTC,2006-07-05,2006-07-05,126,1,1,0,0,1,0,0,0,0,0,0,0,,False,True,corporate_actions;identity;price_volume;security_type,BASE_CANDIDATE;ELIGIBLE_RANKING_INPUT
317044436658750875,NTRI,2006-07-05,2006-08-02,126,21,21,0,0,21,20,20,6,0,0,0,0,69,False,True,corporate_actions;identity;price_volume;security_type,BASE_CANDIDATE;DURABLE_RANK;ELIGIBLE_RANKING_INPUT;ESTABLISHED_LEADERSHIP_POOL;RECENT_LEADERSHIP
318979648704112516,FLS,2006-07-05,2006-08-02,126,21,21,0,0,21,3,3,0,0,0,0,0,44,False,True,corporate_actions;identity;price_volume;security_type,BASE_CANDIDATE;DURABLE_RANK;ELIGIBLE_RANKING_INPUT;ESTABLISHED_LEADERSHIP_POOL
319449693233671007,GDI1,2006-07-05,2006-08-02,126,21,21,0,0,21,21,21,0,0,0,0,0,17,False,True,corporate_actions;identity;price_volume;security_type,BASE_CANDIDATE;DURABLE_RANK;ELIGIBLE_RANKING_INPUT;ESTABLISHED_LEADERSHIP_POOL
319925527488316781,MDRIQ,2006-07-05,2006-08-02,126,21,21,0,0,21,0,0,0,0,0,0,0,,False,True,corporate_actions;identity;price_volume;security_type,BASE_CANDIDATE;ELIGIBLE_RANKING_INPUT
320115775928788177,APH,2006-07-05,2006-08-02,126,21,21,0,0,21,0,0,0,0,0,0,0,,False,True,corporate_actions;identity;price_volume;security_type,BASE_CANDIDATE;ELIGIBLE_RANKING_INPUT
32017049104064467,XRTX1,2006-07-05,2006-07-19,126,11,11,0,0,11,11,11,0,0,0,0,0,36,False,True,corporate_actions;identity;price_volume;security_type,BASE_CANDIDATE;DURABLE_RANK;ELIGIBLE_RANKING_INPUT;ESTABLISHED_LEADERSHIP_POOL
320397541735962213,MTW,2006-07-05,2006-08-02,126,21,21,0,0,21,17,17,6,1,20,0,0,23,False,True,corporate_actions;execution_open;identity;price_volume;security_type;terminal,BASE_CANDIDATE;DURABLE_RANK;ELIGIBLE_RANKING_INPUT;ESTABLISHED_LEADERSHIP_POOL;HELD_POSITION;PENDING_ORDER;RECENT_LEADERSHIP
320644562611881241,SOV,2006-07-05,2006-08-02,126,21,21,0,0,21,0,0,0,0,0,0,0,,False,True,corporate_actions;identity;price_volume;security_type,BASE_CANDIDATE;ELIGIBLE_RANKING_INPUT
321647613403068713,HXL,2006-07-05,2006-08-02,126,21,21,0,0,21,0,0,0,0,0,0,0,,False,True,corporate_actions;identity;price_volume;security_type,BASE_CANDIDATE;ELIGIBLE_RANKING_INPUT
321686074592074085,BB,2006-07-05,2006-08-02,126,21,21,0,0,21,0,0,0,0,0,0,0,,False,True,corporate_actions;identity;price_volume;security_type,BASE_CANDIDATE;ELIGIBLE_RANKING_INPUT
323335118726927382,FLG,2006-07-05,2006-08-02,126,3,3,0,0,3,0,0,0,0,0,0,0,,False,True,corporate_actions;identity;price_volume;security_type,BASE_CANDIDATE;ELIGIBLE_RANKING_INPUT
324803533822634529,XINGF,2006-07-05,2006-07-24,126,11,11,0,0,11,2,2,9,0,0,0,0,34,False,True,corporate_actions;identity;price_volume;security_type,BASE_CANDIDATE;DURABLE_RANK;ELIGIBLE_RANKING_INPUT;ESTABLISHED_LEADERSHIP_POOL;RECENT_LEADERSHIP
326864109633904206,COF,2006-07-05,2006-08-02,126,21,21,0,0,21,0,0,0,0,0,0,0,,False,True,corporate_actions;identity;price_volume;security_type,BASE_CANDIDATE;ELIGIBLE_RANKING_INPUT
327002002203924663,SITC,2006-07-27,2006-08-02,126,5,5,0,0,5,0,0,0,0,0,0,0,,False,True,corporate_actions;identity;price_volume;security_type,BASE_CANDIDATE;ELIGIBLE_RANKING_INPUT
328265922479251290,TEVA,2006-07-05,2006-08-02,126,21,21,0,0,21,0,0,0,0,0,0,0,,False,True,corporate_actions;identity;price_volume;security_type,BASE_CANDIDATE;ELIGIBLE_RANKING_INPUT
329002754278304550,CYMI,2006-07-05,2006-08-02,126,21,21,0,0,21,0,0,0,0,0,0,0,,False,True,corporate_actions;identity;price_volume;security_type,BASE_CANDIDATE;ELIGIBLE_RANKING_INPUT
329261821474200437,WLL2,2006-07-05,2006-08-02,126,8,8,0,0,8,0,0,7,0,0,0,0,,False,True,corporate_actions;identity;price_volume;security_type,BASE_CANDIDATE;ELIGIBLE_RANKING_INPUT;RECENT_LEADERSHIP
332623571104820630,CVX,2006-07-05,2006-08-02,126,21,21,0,0,21,0,0,13,0,0,0,0,,False,True,corporate_actions;identity;price_volume;security_type,BASE_CANDIDATE;ELIGIBLE_RANKING_INPUT;RECENT_LEADERSHIP
333540929911789949,AMMD,2006-07-05,2006-08-02,126,21,21,0,0,21,0,0,8,0,0,0,0,,False,True,corporate_actions;identity;price_volume;security_type,BASE_CANDIDATE;ELIGIBLE_RANKING_INPUT;RECENT_LEADERSHIP
335246282571503552,BIIB,2006-07-05,2006-08-02,126,21,21,0,0,21,0,0,0,0,0,0,0,,False,True,corporate_actions;identity;price_volume;security_type,BASE_CANDIDATE;ELIGIBLE_RANKING_INPUT
338395552116889284,RMBS,2006-07-05,2006-08-02,126,21,21,0,0,21,2,2,0,0,0,0,0,107,False,True,corporate_actions;identity;price_volume;security_type,BASE_CANDIDATE;DURABLE_RANK;ELIGIBLE_RANKING_INPUT;ESTABLISHED_LEADERSHIP_POOL
338982103804151107,HTG,2006-07-12,2006-08-02,126,16,16,0,0,16,0,0,6,0,0,0,0,,False,True,corporate_actions;identity;price_volume;security_type,BASE_CANDIDATE;ELIGIBLE_RANKING_INPUT;RECENT_LEADERSHIP
341592409299906032,VALPQ,2006-07-05,2006-08-02,126,21,21,0,0,21,0,0,0,0,0,0,0,,False,True,corporate_actions;identity;price_volume;security_type,BASE_CANDIDATE;ELIGIBLE_RANKING_INPUT
341982987378716642,IBM,2006-07-05,2006-08-02,126,21,21,0,0,21,0,0,0,0,0,0,0,,False,True,corporate_actions;identity;price_volume;security_type,BASE_CANDIDATE;ELIGIBLE_RANKING_INPUT
342247754560677675,BEC1,2006-07-05,2006-08-02,126,11,11,0,0,11,0,0,0,0,0,0,0,,False,True,corporate_actions;identity;price_volume;security_type,BASE_CANDIDATE;ELIGIBLE_RANKING_INPUT
342314183928906151,TWTC,2006-07-05,2006-07-11,126,5,5,0,0,5,5,5,0,0,0,0,0,29,False,True,corporate_actions;identity;price_volume;security_type,BASE_CANDIDATE;DURABLE_RANK;ELIGIBLE_RANKING_INPUT;ESTABLISHED_LEADERSHIP_POOL
342498917424515765,RDN,2006-07-05,2006-08-02,126,21,21,0,0,21,0,0,0,0,0,0,0,,False,True,corporate_actions;identity;price_volume;security_type,BASE_CANDIDATE;ELIGIBLE_RANKING_INPUT
343962539479098777,NSM1,2006-07-05,2006-08-02,126,21,21,0,0,21,0,0,0,0,0,0,0,,False,True,corporate_actions;identity;price_volume;security_type,BASE_CANDIDATE;ELIGIBLE_RANKING_INPUT
3440294785463760,KSU,2006-07-05,2006-08-02,126,21,21,0,0,21,0,0,0,0,0,0,0,,False,True,corporate_actions;identity;price_volume;security_type,BASE_CANDIDATE;ELIGIBLE_RANKING_INPUT
344177561147922007,CRM,2006-07-05,2006-08-02,126,21,21,0,0,21,0,0,0,0,0,0,0,,False,True,corporate_actions;identity;price_volume;security_type,BASE_CANDIDATE;ELIGIBLE_RANKING_INPUT
345679706151556113,SU,2006-07-05,2006-08-02,126,21,21,0,0,21,0,0,7,0,0,0,0,,False,True,corporate_actions;identity;price_volume;security_type,BASE_CANDIDATE;ELIGIBLE_RANKING_INPUT;RECENT_LEADERSHIP
345724527218318801,NVDA,2006-07-05,2006-08-02,126,21,21,0,0,21,0,0,0,0,0,0,0,,False,True,corporate_actions;identity;price_volume;security_type,BASE_CANDIDATE;ELIGIBLE_RANKING_INPUT
347135785370384103,ILMN,2006-07-07,2006-08-02,126,19,19,0,0,19,19,19,16,0,0,0,0,34,False,True,corporate_actions;identity;price_volume;security_type,BASE_CANDIDATE;DURABLE_RANK;ELIGIBLE_RANKING_INPUT;ESTABLISHED_LEADERSHIP_POOL;RECENT_LEADERSHIP
347578475150470281,SPG,2006-07-05,2006-08-02,126,21,21,0,0,21,0,0,0,0,0,0,0,,False,True,corporate_actions;identity;price_volume;security_type,BASE_CANDIDATE;ELIGIBLE_RANKING_INPUT
351187537389117189,CLE,2006-07-05,2006-07-24,126,14,14,0,0,14,0,0,0,0,0,0,0,,False,True,corporate_actions;identity;price_volume;security_type,BASE_CANDIDATE;ELIGIBLE_RANKING_INPUT
351812478891019936,GENZ1,2006-07-05,2006-08-02,126,21,21,0,0,21,0,0,3,0,0,0,0,,False,True,corporate_actions;identity;price_volume;security_type,BASE_CANDIDATE;ELIGIBLE_RANKING_INPUT;RECENT_LEADERSHIP
352070480355017297,ASNAQ,2006-07-05,2006-08-02,126,21,21,0,0,21,1,1,0,0,0,0,0,85,False,True,corporate_actions;identity;price_volume;security_type,BASE_CANDIDATE;DURABLE_RANK;ELIGIBLE_RANKING_INPUT;ESTABLISHED_LEADERSHIP_POOL
35236694394768611,NVS,2006-07-05,2006-08-02,126,21,21,0,0,21,0,0,0,0,0,0,0,,False,True,corporate_actions;identity;price_volume;security_type,BASE_CANDIDATE;ELIGIBLE_RANKING_INPUT
353685636371040898,AVL1,2006-07-05,2006-08-02,126,6,6,0,0,6,6,6,0,1,20,0,0,9,False,True,corporate_actions;execution_open;identity;price_volume;security_type;terminal,BASE_CANDIDATE;DURABLE_RANK;ELIGIBLE_RANKING_INPUT;ESTABLISHED_LEADERSHIP_POOL;HELD_POSITION;PENDING_ORDER
357327402876032356,ADBE,2006-07-05,2006-08-02,126,21,21,0,0,21,0,0,0,0,0,0,0,,False,True,corporate_actions;identity;price_volume;security_type,BASE_CANDIDATE;ELIGIBLE_RANKING_INPUT
358083898572281645,HP,2006-07-05,2006-08-02,126,21,21,0,0,21,0,0,0,0,0,0,0,,False,True,corporate_actions;identity;price_volume;security_type,BASE_CANDIDATE;ELIGIBLE_RANKING_INPUT
358282078487960651,RSHCQ,2006-07-05,2006-08-02,126,21,21,0,0,21,0,0,12,0,0,0,0,,False,True,corporate_actions;identity;price_volume;security_type,BASE_CANDIDATE;ELIGIBLE_RANKING_INPUT;RECENT_LEADERSHIP
358587984331899566,DRI,2006-07-05,2006-08-02,126,21,21,0,0,21,0,0,2,0,0,0,0,,False,True,corporate_actions;identity;price_volume;security_type,BASE_CANDIDATE;ELIGIBLE_RANKING_INPUT;RECENT_LEADERSHIP
361387149212975718,TJX,2006-07-05,2006-08-02,126,21,21,0,0,21,0,0,1,0,0,0,0,,False,True,corporate_actions;identity;price_volume;security_type,BASE_CANDIDATE;ELIGIBLE_RANKING_INPUT;RECENT_LEADERSHIP
362578631822236850,RX,2006-07-05,2006-08-02,126,21,21,0,0,21,0,0,0,0,0,0,0,,False,True,corporate_actions;identity;price_volume;security_type,BASE_CANDIDATE;ELIGIBLE_RANKING_INPUT
3647390896632707,LLY,2006-07-05,2006-08-02,126,21,21,0,0,21,0,0,1,0,0,0,0,,False,True,corporate_actions;identity;price_volume;security_type,BASE_CANDIDATE;ELIGIBLE_RANKING_INPUT;RECENT_LEADERSHIP
365345512998460035,NBR,2006-07-05,2006-08-02,126,21,21,0,0,21,0,0,0,0,0,0,0,,False,True,corporate_actions;identity;price_volume;security_type,BASE_CANDIDATE;ELIGIBLE_RANKING_INPUT
36576007868907201,PMTI,2006-07-11,2006-08-02,126,17,17,0,0,17,0,0,2,0,0,0,0,,False,True,corporate_actions;identity;price_volume;security_type,BASE_CANDIDATE;ELIGIBLE_RANKING_INPUT;RECENT_LEADERSHIP
367809761125398317,CEG1,2006-07-05,2006-08-02,126,21,21,0,0,21,0,0,0,0,0,0,0,,False,True,corporate_actions;identity;price_volume;security_type,BASE_CANDIDATE;ELIGIBLE_RANKING_INPUT
368784581101499417,CAL1,2006-07-05,2006-08-02,126,21,21,0,0,21,14,14,11,0,0,0,0,32,False,True,corporate_actions;identity;price_volume;security_type,BASE_CANDIDATE;DURABLE_RANK;ELIGIBLE_RANKING_INPUT;ESTABLISHED_LEADERSHIP_POOL;RECENT_LEADERSHIP
369024928409801380,NI,2006-07-05,2006-08-02,126,21,21,0,0,21,0,0,0,0,0,0,0,,False,True,corporate_actions;identity;price_volume;security_type,BASE_CANDIDATE;ELIGIBLE_RANKING_INPUT
369432986096770763,FE,2006-07-05,2006-08-02,126,21,21,0,0,21,0,0,0,0,0,0,0,,False,True,corporate_actions;identity;price_volume;security_type,BASE_CANDIDATE;ELIGIBLE_RANKING_INPUT
369932887231879531,AV1,2006-07-05,2006-08-02,126,21,21,0,0,21,0,0,0,0,0,0,0,,False,True,corporate_actions;identity;price_volume;security_type,BASE_CANDIDATE;ELIGIBLE_RANKING_INPUT
370021023987060437,WYE,2006-07-05,2006-08-02,126,21,21,0,0,21,0,0,5,0,0,0,0,,False,True,corporate_actions;identity;price_volume;security_type,BASE_CANDIDATE;ELIGIBLE_RANKING_INPUT;RECENT_LEADERSHIP
370403308233765932,BHE,2006-07-25,2006-08-02,126,7,7,0,0,7,0,0,0,0,0,0,0,,False,True,corporate_actions;identity;price_volume;security_type,BASE_CANDIDATE;ELIGIBLE_RANKING_INPUT
370412351853998799,NVT1,2006-07-05,2006-08-02,126,21,21,0,0,21,0,0,0,0,0,0,0,,False,True,corporate_actions;identity;price_volume;security_type,BASE_CANDIDATE;ELIGIBLE_RANKING_INPUT
371506992729952943,BA,2006-07-05,2006-08-02,126,21,21,0,0,21,8,8,0,0,0,0,0,14,False,True,corporate_actions;identity;price_volume;security_type,BASE_CANDIDATE;DURABLE_RANK;ELIGIBLE_RANKING_INPUT;ESTABLISHED_LEADERSHIP_POOL
3717772483448955,J,2006-07-05,2006-08-02,126,21,21,0,0,21,0,0,0,0,0,0,0,,False,True,corporate_actions;identity;price_volume;security_type,BASE_CANDIDATE;ELIGIBLE_RANKING_INPUT
371950454791701205,DUK,2006-07-05,2006-08-02,126,21,21,0,0,21,0,0,0,0,0,0,0,,False,True,corporate_actions;identity;price_volume;security_type,BASE_CANDIDATE;ELIGIBLE_RANKING_INPUT
372976266553349491,AGN,2006-07-05,2006-08-02,126,21,21,0,0,21,0,0,0,0,0,0,0,,False,True,corporate_actions;identity;price_volume;security_type,BASE_CANDIDATE;ELIGIBLE_RANKING_INPUT
373299298198831566,PSYS,2006-07-27,2006-08-02,126,5,5,0,0,5,0,0,3,0,0,0,0,,False,True,corporate_actions;identity;price_volume;security_type,BASE_CANDIDATE;ELIGIBLE_RANKING_INPUT;RECENT_LEADERSHIP
373980305514538722,STN1,2006-07-05,2006-08-02,126,21,21,0,0,21,0,0,0,0,0,0,0,,False,True,corporate_actions;identity;price_volume;security_type,BASE_CANDIDATE;ELIGIBLE_RANKING_INPUT
374378422212971395,BHI,2006-07-05,2006-08-02,126,21,21,0,0,21,1,1,0,0,0,0,0,75,False,True,corporate_actions;identity;price_volume;security_type,BASE_CANDIDATE;DURABLE_RANK;ELIGIBLE_RANKING_INPUT;ESTABLISHED_LEADERSHIP_POOL
374685411850985405,SIRF,2006-07-05,2006-08-02,126,21,21,0,0,21,0,0,1,0,0,0,0,,False,True,corporate_actions;identity;price_volume;security_type,BASE_CANDIDATE;ELIGIBLE_RANKING_INPUT;RECENT_LEADERSHIP
374738702468961144,SKS,2006-07-05,2006-08-02,126,21,21,0,0,21,0,0,0,0,0,0,0,,False,True,corporate_actions;identity;price_volume;security_type,BASE_CANDIDATE;ELIGIBLE_RANKING_INPUT
375802112306361494,TM,2006-07-05,2006-08-02,126,21,21,0,0,21,0,0,0,0,0,0,0,,False,True,corporate_actions;identity;price_volume;security_type,BASE_CANDIDATE;ELIGIBLE_RANKING_INPUT
37889220000208515,AYE,2006-07-05,2006-08-02,126,21,21,0,0,21,0,0,9,0,0,0,0,,False,True,corporate_actions;identity;price_volume;security_type,BASE_CANDIDATE;ELIGIBLE_RANKING_INPUT;RECENT_LEADERSHIP
379492518508907652,AAPL,2006-07-05,2006-08-02,126,21,21,0,0,21,0,0,4,0,0,0,0,,False,True,corporate_actions;identity;price_volume;security_type,BASE_CANDIDATE;ELIGIBLE_RANKING_INPUT;RECENT_LEADERSHIP
379529835496028788,SCMR,2006-07-05,2006-08-02,126,21,21,0,0,21,0,0,0,0,0,0,0,,False,True,corporate_actions;identity;price_volume;security_type,BASE_CANDIDATE;ELIGIBLE_RANKING_INPUT
381836770159880800,PPL,2006-07-05,2006-08-02,126,21,21,0,0,21,0,0,1,0,0,0,0,,False,True,corporate_actions;identity;price_volume;security_type,BASE_CANDIDATE;ELIGIBLE_RANKING_INPUT;RECENT_LEADERSHIP
382386310369528965,PGHEF,2006-07-25,2006-08-02,126,7,7,0,0,7,0,0,0,0,0,0,0,,False,True,corporate_actions;identity;price_volume;security_type,BASE_CANDIDATE;ELIGIBLE_RANKING_INPUT
383155322332084967,EMR,2006-07-05,2006-08-02,126,21,21,0,0,21,0,0,0,0,0,0,0,,False,True,corporate_actions;identity;price_volume;security_type,BASE_CANDIDATE;ELIGIBLE_RANKING_INPUT
383358336107315763,CDE,2006-07-05,2006-08-02,126,21,21,0,0,21,0,0,4,0,0,0,0,,False,True,corporate_actions;identity;price_volume;security_type,BASE_CANDIDATE;ELIGIBLE_RANKING_INPUT;RECENT_LEADERSHIP
383833805320241393,CB1,2006-07-05,2006-08-02,126,21,21,0,0,21,0,0,0,0,0,0,0,,False,True,corporate_actions;identity;price_volume;security_type,BASE_CANDIDATE;ELIGIBLE_RANKING_INPUT
384458232455830306,SSL,2006-07-05,2006-07-19,126,11,11,0,0,11,0,0,3,0,0,0,0,,False,True,corporate_actions;identity;price_volume;security_type,BASE_CANDIDATE;ELIGIBLE_RANKING_INPUT;RECENT_LEADERSHIP
38466674881947885,GGG,2006-07-26,2006-08-02,126,6,6,0,0,6,0,0,0,0,0,0,0,,False,True,corporate_actions;identity;price_volume;security_type,BASE_CANDIDATE;ELIGIBLE_RANKING_INPUT
38585401001664411,RNR,2006-07-05,2006-08-02,126,21,21,0,0,21,0,0,0,0,0,0,0,,False,True,corporate_actions;identity;price_volume;security_type,BASE_CANDIDATE;ELIGIBLE_RANKING_INPUT
387526833910121934,FDG1,2006-07-05,2006-08-02,126,21,21,0,0,21,0,0,0,0,0,0,0,,False,True,corporate_actions;identity;price_volume;security_type,BASE_CANDIDATE;ELIGIBLE_RANKING_INPUT
388807197457870788,NVE,2006-07-05,2006-07-28,126,18,18,0,0,18,0,0,2,0,0,0,0,,False,True,corporate_actions;identity;price_volume;security_type,BASE_CANDIDATE;ELIGIBLE_RANKING_INPUT;RECENT_LEADERSHIP
38955189910090557,LBTYA,2006-07-05,2006-08-02,126,21,21,0,0,21,0,0,0,0,0,0,0,,False,True,corporate_actions;identity;price_volume;security_type,BASE_CANDIDATE;ELIGIBLE_RANKING_INPUT
390513115168803332,ATVI,2006-07-05,2006-08-02,126,21,21,0,0,21,0,0,2,0,0,0,0,,False,True,corporate_actions;identity;price_volume;security_type,BASE_CANDIDATE;ELIGIBLE_RANKING_INPUT;RECENT_LEADERSHIP
391589243701888797,TXN,2006-07-05,2006-08-02,126,21,21,0,0,21,0,0,0,0,0,0,0,,False,True,corporate_actions;identity;price_volume;security_type,BASE_CANDIDATE;ELIGIBLE_RANKING_INPUT
392560475599265449,AXP,2006-07-05,2006-08-02,126,21,21,0,0,21,0,0,0,0,0,0,0,,False,True,corporate_actions;identity;price_volume;security_type,BASE_CANDIDATE;ELIGIBLE_RANKING_INPUT
394344119263317184,TSCO,2006-07-05,2006-08-02,126,21,21,0,0,21,0,0,0,0,0,0,0,,False,True,corporate_actions;identity;price_volume;security_type,BASE_CANDIDATE;ELIGIBLE_RANKING_INPUT
394670427100264784,BZH,2006-07-05,2006-08-02,126,21,21,0,0,21,0,0,0,0,0,0,0,,False,True,corporate_actions;identity;price_volume;security_type,BASE_CANDIDATE;ELIGIBLE_RANKING_INPUT
394718966811252960,TER,2006-07-05,2006-08-02,126,21,21,0,0,21,0,0,0,0,0,0,0,,False,True,corporate_actions;identity;price_volume;security_type,BASE_CANDIDATE;ELIGIBLE_RANKING_INPUT
395005754124885796,COMS1,2006-07-05,2006-07-28,126,18,18,0,0,18,0,0,6,0,0,0,0,,False,True,corporate_actions;identity;price_volume;security_type,BASE_CANDIDATE;ELIGIBLE_RANKING_INPUT;RECENT_LEADERSHIP
396419343305255540,K,2006-07-05,2006-08-02,126,21,21,0,0,21,0,0,0,0,0,0,0,,False,True,corporate_actions;identity;price_volume;security_type,BASE_CANDIDATE;ELIGIBLE_RANKING_INPUT
398068795459244934,WDC,2006-07-05,2006-08-02,126,21,21,0,0,21,0,0,0,0,0,0,0,,False,True,corporate_actions;identity;price_volume;security_type,BASE_CANDIDATE;ELIGIBLE_RANKING_INPUT
39846923719649688,SGI1,2006-07-05,2006-08-02,126,21,21,0,0,21,9,9,1,0,0,0,0,94,False,True,corporate_actions;identity;price_volume;security_type,BASE_CANDIDATE;DURABLE_RANK;ELIGIBLE_RANKING_INPUT;ESTABLISHED_LEADERSHIP_POOL;RECENT_LEADERSHIP
399015290409969211,AUY,2006-07-05,2006-08-02,126,5,5,0,0,5,1,1,1,0,0,0,0,107,False,True,corporate_actions;identity;price_volume;security_type,BASE_CANDIDATE;DURABLE_RANK;ELIGIBLE_RANKING_INPUT;ESTABLISHED_LEADERSHIP_POOL;RECENT_LEADERSHIP
400924842867806105,SHW,2006-07-05,2006-08-02,126,21,21,0,0,21,0,0,0,0,0,0,0,,False,True,corporate_actions;identity;price_volume;security_type,BASE_CANDIDATE;ELIGIBLE_RANKING_INPUT
401749127734530029,PH,2006-07-05,2006-08-02,126,21,21,0,0,21,0,0,0,0,0,0,0,,False,True,corporate_actions;identity;price_volume;security_type,BASE_CANDIDATE;ELIGIBLE_RANKING_INPUT
401871450845769288,CTRA,2006-07-05,2006-08-02,126,21,21,0,0,21,0,0,19,0,0,0,0,,False,True,corporate_actions;identity;price_volume;security_type,BASE_CANDIDATE;ELIGIBLE_RANKING_INPUT;RECENT_LEADERSHIP
40196728613332525,ADM,2006-07-05,2006-08-02,126,21,21,0,0,21,21,21,0,1,20,0,0,12,False,True,corporate_actions;execution_open;identity;price_volume;security_type;terminal,BASE_CANDIDATE;DURABLE_RANK;ELIGIBLE_RANKING_INPUT;ESTABLISHED_LEADERSHIP_POOL;HELD_POSITION;PENDING_ORDER
403242976148185583,CHRW,2006-07-05,2006-08-02,126,21,21,0,0,21,13,13,6,0,0,0,0,25,False,True,corporate_actions;identity;price_volume;security_type,BASE_CANDIDATE;DURABLE_RANK;ELIGIBLE_RANKING_INPUT;ESTABLISHED_LEADERSHIP_POOL;RECENT_LEADERSHIP
403527307879730832,WBA,2006-07-05,2006-08-02,126,21,21,0,0,21,0,0,4,0,0,0,0,,False,True,corporate_actions;identity;price_volume;security_type,BASE_CANDIDATE;ELIGIBLE_RANKING_INPUT;RECENT_LEADERSHIP
404258436948279053,VTS1,2006-07-05,2006-08-02,126,21,21,0,0,21,1,1,11,0,0,0,0,80,False,True,corporate_actions;identity;price_volume;security_type,BASE_CANDIDATE;DURABLE_RANK;ELIGIBLE_RANKING_INPUT;ESTABLISHED_LEADERSHIP_POOL;RECENT_LEADERSHIP
404606604472462818,LIFE2,2006-07-05,2006-08-02,126,21,21,0,0,21,0,0,0,0,0,0,0,,False,True,corporate_actions;identity;price_volume;security_type,BASE_CANDIDATE;ELIGIBLE_RANKING_INPUT
404831407349380247,JNJ,2006-07-05,2006-08-02,126,21,21,0,0,21,0,0,0,0,0,0,0,,False,True,corporate_actions;identity;price_volume;security_type,BASE_CANDIDATE;ELIGIBLE_RANKING_INPUT
405085564333263611,ASN,2006-07-05,2006-08-02,126,21,21,0,0,21,0,0,0,0,0,0,0,,False,True,corporate_actions;identity;price_volume;security_type,BASE_CANDIDATE;ELIGIBLE_RANKING_INPUT
406434647050371759,MAT,2006-07-05,2006-08-02,126,21,21,0,0,21,0,0,4,0,0,0,0,,False,True,corporate_actions;identity;price_volume;security_type,BASE_CANDIDATE;ELIGIBLE_RANKING_INPUT;RECENT_LEADERSHIP
406441526315686825,LNG,2006-07-05,2006-08-02,126,21,21,0,0,21,0,0,0,0,0,0,0,,False,True,corporate_actions;identity;price_volume;security_type,BASE_CANDIDATE;ELIGIBLE_RANKING_INPUT
40644482043311334,PBR,2006-07-05,2006-08-02,126,21,21,0,0,21,0,0,12,0,0,0,0,,False,True,corporate_actions;identity;price_volume;security_type,BASE_CANDIDATE;ELIGIBLE_RANKING_INPUT;RECENT_LEADERSHIP
409732863756904411,TIN,2006-07-05,2006-08-02,126,21,21,0,0,21,0,0,0,0,0,0,0,,False,True,corporate_actions;identity;price_volume;security_type,BASE_CANDIDATE;ELIGIBLE_RANKING_INPUT
409890968120023264,FNMA,2006-07-05,2006-08-02,126,21,21,0,0,21,0,0,0,0,0,0,0,,False,True,corporate_actions;identity;price_volume;security_type,BASE_CANDIDATE;ELIGIBLE_RANKING_INPUT
410199321333460290,ETN,2006-07-05,2006-08-02,126,21,21,0,0,21,0,0,0,0,0,0,0,,False,True,corporate_actions;identity;price_volume;security_type,BASE_CANDIDATE;ELIGIBLE_RANKING_INPUT
410442889828988458,LUMN,2006-07-05,2006-08-02,126,21,21,0,0,21,0,0,0,0,0,0,0,,False,True,corporate_actions;identity;price_volume;security_type,BASE_CANDIDATE;ELIGIBLE_RANKING_INPUT
410782084757237754,ERIC,2006-07-05,2006-08-02,126,21,21,0,0,21,0,0,0,0,0,0,0,,False,True,corporate_actions;identity;price_volume;security_type,BASE_CANDIDATE;ELIGIBLE_RANKING_INPUT
411209838446016284,FHI,2006-07-05,2006-08-02,126,21,21,0,0,21,0,0,0,0,0,0,0,,False,True,corporate_actions;identity;price_volume;security_type,BASE_CANDIDATE;ELIGIBLE_RANKING_INPUT
412821708531772342,JNC,2006-07-05,2006-08-02,126,21,21,0,0,21,0,0,10,0,0,0,0,,False,True,corporate_actions;identity;price_volume;security_type,BASE_CANDIDATE;ELIGIBLE_RANKING_INPUT;RECENT_LEADERSHIP
412828228058280829,SSD,2006-07-05,2006-08-02,126,10,10,0,0,10,0,0,0,0,0,0,0,,False,True,corporate_actions;identity;price_volume;security_type,BASE_CANDIDATE;ELIGIBLE_RANKING_INPUT
413371234917890194,WYNN,2006-07-05,2006-08-02,126,21,21,0,0,21,5,5,0,0,0,0,0,67,False,True,corporate_actions;identity;price_volume;security_type,BASE_CANDIDATE;DURABLE_RANK;ELIGIBLE_RANKING_INPUT;ESTABLISHED_LEADERSHIP_POOL
413759046550141969,HRC,2006-07-05,2006-07-13,126,7,7,0,0,7,0,0,0,0,0,0,0,,False,True,corporate_actions;identity;price_volume;security_type,BASE_CANDIDATE;ELIGIBLE_RANKING_INPUT
413935542521939712,ETR,2006-07-05,2006-08-02,126,21,21,0,0,21,0,0,7,0,0,0,0,,False,True,corporate_actions;identity;price_volume;security_type,BASE_CANDIDATE;ELIGIBLE_RANKING_INPUT;RECENT_LEADERSHIP
414519427740402819,BAC,2006-07-05,2006-08-02,126,21,21,0,0,21,0,0,0,0,0,0,0,,False,True,corporate_actions;identity;price_volume;security_type,BASE_CANDIDATE;ELIGIBLE_RANKING_INPUT
415669297520672934,AQNT,2006-07-05,2006-08-02,126,21,21,0,0,21,0,0,0,0,0,0,0,,False,True,corporate_actions;identity;price_volume;security_type,BASE_CANDIDATE;ELIGIBLE_RANKING_INPUT
416252235297164470,SHFL,2006-07-05,2006-07-31,126,14,14,0,0,14,9,9,0,0,0,0,0,35,False,True,corporate_actions;identity;price_volume;security_type,BASE_CANDIDATE;DURABLE_RANK;ELIGIBLE_RANKING_INPUT;ESTABLISHED_LEADERSHIP_POOL
416483318413645411,DRS1,2006-07-05,2006-08-02,126,21,21,0,0,21,0,0,0,0,0,0,0,,False,True,corporate_actions;identity;price_volume;security_type,BASE_CANDIDATE;ELIGIBLE_RANKING_INPUT
416785871504612211,SEIC,2006-07-05,2006-08-02,126,21,21,0,0,21,0,0,0,0,0,0,0,,False,True,corporate_actions;identity;price_volume;security_type,BASE_CANDIDATE;ELIGIBLE_RANKING_INPUT
416945120252101319,MS,2006-07-05,2006-08-02,126,21,21,0,0,21,0,0,4,0,0,0,0,,False,True,corporate_actions;identity;price_volume;security_type,BASE_CANDIDATE;ELIGIBLE_RANKING_INPUT;RECENT_LEADERSHIP
417198484663867889,ARW,2006-07-05,2006-08-02,126,21,21,0,0,21,0,0,0,0,0,0,0,,False,True,corporate_actions;identity;price_volume;security_type,BASE_CANDIDATE;ELIGIBLE_RANKING_INPUT
418301619170127215,AON,2006-07-05,2006-08-02,126,21,21,0,0,21,0,0,0,0,0,0,0,,False,True,corporate_actions;identity;price_volume;security_type,BASE_CANDIDATE;ELIGIBLE_RANKING_INPUT
419756793261140579,NRTLQ,2006-07-05,2006-08-02,126,21,21,0,0,21,0,0,0,0,0,0,0,,False,True,corporate_actions;identity;price_volume;security_type,BASE_CANDIDATE;ELIGIBLE_RANKING_INPUT
420059517812568504,MAN,2006-07-05,2006-08-02,126,21,21,0,0,21,17,17,0,0,0,0,0,12,False,True,corporate_actions;identity;price_volume;security_type,BASE_CANDIDATE;DURABLE_RANK;ELIGIBLE_RANKING_INPUT;ESTABLISHED_LEADERSHIP_POOL
420399437747258828,JOE,2006-07-05,2006-08-02,126,21,21,0,0,21,0,0,1,0,0,0,0,,False,True,corporate_actions;identity;price_volume;security_type,BASE_CANDIDATE;ELIGIBLE_RANKING_INPUT;RECENT_LEADERSHIP
421381834264462701,LEARQ,2006-07-05,2006-08-02,126,21,21,0,0,21,0,0,0,0,0,0,0,,False,True,corporate_actions;identity;price_volume;security_type,BASE_CANDIDATE;ELIGIBLE_RANKING_INPUT
422223079937194109,WMB,2006-07-05,2006-08-02,126,21,21,0,0,21,0,0,2,0,0,0,0,,False,True,corporate_actions;identity;price_volume;security_type,BASE_CANDIDATE;ELIGIBLE_RANKING_INPUT;RECENT_LEADERSHIP
422543815938527878,GD,2006-07-05,2006-08-02,126,21,21,0,0,21,0,0,0,0,0,0,0,,False,True,corporate_actions;identity;price_volume;security_type,BASE_CANDIDATE;ELIGIBLE_RANKING_INPUT
424457957136313079,IDTI,2006-07-05,2006-08-02,126,21,21,0,0,21,0,0,5,0,0,0,0,,False,True,corporate_actions;identity;price_volume;security_type,BASE_CANDIDATE;ELIGIBLE_RANKING_INPUT;RECENT_LEADERSHIP
424628607709866153,EA,2006-07-05,2006-08-02,126,21,21,0,0,21,0,0,9,0,0,0,0,,False,True,corporate_actions;identity;price_volume;security_type,BASE_CANDIDATE;ELIGIBLE_RANKING_INPUT;RECENT_LEADERSHIP
425321506533674611,CRDN,2006-07-05,2006-08-02,126,21,21,0,0,21,0,0,10,0,0,0,0,,False,True,corporate_actions;identity;price_volume;security_type,BASE_CANDIDATE;ELIGIBLE_RANKING_INPUT;RECENT_LEADERSHIP
42654543938407733,LEND1,2006-07-05,2006-07-25,126,15,15,0,0,15,0,0,0,0,0,0,0,,False,True,corporate_actions;identity;price_volume;security_type,BASE_CANDIDATE;ELIGIBLE_RANKING_INPUT
426798777460435924,KZL,2006-07-12,2006-08-02,126,16,16,0,0,16,0,0,0,0,0,0,0,,False,True,corporate_actions;identity;price_volume;security_type,BASE_CANDIDATE;ELIGIBLE_RANKING_INPUT
427246378643379974,Q1,2006-07-05,2006-08-02,126,21,21,0,0,21,20,20,1,0,0,0,0,11,False,True,corporate_actions;identity;price_volume;security_type,BASE_CANDIDATE;DURABLE_RANK;ELIGIBLE_RANKING_INPUT;ESTABLISHED_LEADERSHIP_POOL;RECENT_LEADERSHIP
432234275688479166,TOL,2006-07-05,2006-08-02,126,21,21,0,0,21,0,0,0,0,0,0,0,,False,True,corporate_actions;identity;price_volume;security_type,BASE_CANDIDATE;ELIGIBLE_RANKING_INPUT
432387789222520586,FHN,2006-07-05,2006-08-02,126,21,21,0,0,21,0,0,0,0,0,0,0,,False,True,corporate_actions;identity;price_volume;security_type,BASE_CANDIDATE;ELIGIBLE_RANKING_INPUT
432436213515625844,ISE,2006-07-05,2006-07-28,126,18,18,0,0,18,1,1,0,0,0,0,0,105,False,True,corporate_actions;identity;price_volume;security_type,BASE_CANDIDATE;DURABLE_RANK;ELIGIBLE_RANKING_INPUT;ESTABLISHED_LEADERSHIP_POOL
434198317741411275,GTK,2006-07-05,2006-08-02,126,21,21,0,0,21,0,0,0,0,0,0,0,,False,True,corporate_actions;identity;price_volume;security_type,BASE_CANDIDATE;ELIGIBLE_RANKING_INPUT
435494123905095965,SLAB,2006-07-05,2006-08-02,126,21,21,0,0,21,0,0,1,0,0,0,0,,False,True,corporate_actions;identity;price_volume;security_type,BASE_CANDIDATE;ELIGIBLE_RANKING_INPUT;RECENT_LEADERSHIP
436637327825736565,MRX1,2006-07-05,2006-08-02,126,21,21,0,0,21,0,0,4,0,0,0,0,,False,True,corporate_actions;identity;price_volume;security_type,BASE_CANDIDATE;ELIGIBLE_RANKING_INPUT;RECENT_LEADERSHIP
436771503295678753,CMVT,2006-07-05,2006-08-02,126,21,21,0,0,21,0,0,0,0,0,0,0,,False,True,corporate_actions;identity;price_volume;security_type,BASE_CANDIDATE;ELIGIBLE_RANKING_INPUT
43902875209253344,AGP,2006-07-05,2006-08-02,126,21,21,0,0,21,21,21,0,1,20,0,0,15,False,True,corporate_actions;execution_open;identity;price_volume;security_type;terminal,BASE_CANDIDATE;DURABLE_RANK;ELIGIBLE_RANKING_INPUT;ESTABLISHED_LEADERSHIP_POOL;HELD_POSITION;PENDING_ORDER
439945082603460628,MLS,2006-07-05,2006-08-02,126,21,21,0,0,21,0,0,0,0,0,0,0,,False,True,corporate_actions;identity;price_volume;security_type,BASE_CANDIDATE;ELIGIBLE_RANKING_INPUT
440033579184807244,AAMRQ,2006-07-05,2006-08-02,126,21,21,0,0,21,8,8,6,0,0,0,0,78,False,True,corporate_actions;identity;price_volume;security_type,BASE_CANDIDATE;DURABLE_RANK;ELIGIBLE_RANKING_INPUT;ESTABLISHED_LEADERSHIP_POOL;RECENT_LEADERSHIP
440977624953074198,AVB,2006-07-05,2006-08-02,126,21,21,0,0,21,0,0,0,0,0,0,0,,False,True,corporate_actions;identity;price_volume;security_type,BASE_CANDIDATE;ELIGIBLE_RANKING_INPUT
441034703919171754,ISIL,2006-07-05,2006-08-02,126,21,21,0,0,21,0,0,0,0,0,0,0,,False,True,corporate_actions;identity;price_volume;security_type,BASE_CANDIDATE;ELIGIBLE_RANKING_INPUT
44131065300526523,ESS,2006-07-21,2006-08-02,126,9,9,0,0,9,0,0,1,0,0,0,0,,False,True,corporate_actions;identity;price_volume;security_type,BASE_CANDIDATE;ELIGIBLE_RANKING_INPUT;RECENT_LEADERSHIP
441446028314241415,MCO,2006-07-05,2006-08-02,126,21,21,0,0,21,0,0,1,0,0,0,0,,False,True,corporate_actions;identity;price_volume;security_type,BASE_CANDIDATE;ELIGIBLE_RANKING_INPUT;RECENT_LEADERSHIP
443407338771661896,ECL,2006-07-05,2006-08-02,126,21,21,0,0,21,0,0,0,0,0,0,0,,False,True,corporate_actions;identity;price_volume;security_type,BASE_CANDIDATE;ELIGIBLE_RANKING_INPUT
445786942899948161,WRB,2006-07-05,2006-08-02,126,21,21,0,0,21,0,0,1,0,0,0,0,,False,True,corporate_actions;identity;price_volume;security_type,BASE_CANDIDATE;ELIGIBLE_RANKING_INPUT;RECENT_LEADERSHIP
44648224020294787,PLCE,2006-07-05,2006-08-02,126,21,21,0,0,21,18,18,0,0,0,0,0,13,False,True,corporate_actions;identity;price_volume;security_type,BASE_CANDIDATE;DURABLE_RANK;ELIGIBLE_RANKING_INPUT;ESTABLISHED_LEADERSHIP_POOL
446636336371066025,SONY,2006-07-05,2006-08-02,126,21,21,0,0,21,0,0,1,0,0,0,0,,False,True,corporate_actions;identity;price_volume;security_type,BASE_CANDIDATE;ELIGIBLE_RANKING_INPUT;RECENT_LEADERSHIP
448497987146375190,CEN1,2006-07-05,2006-07-06,126,2,2,0,0,2,0,0,0,0,0,0,0,,False,True,corporate_actions;identity;price_volume;security_type,BASE_CANDIDATE;ELIGIBLE_RANKING_INPUT
449165340222487471,PENN,2006-07-05,2006-08-02,126,21,21,0,0,21,0,0,0,0,0,0,0,,False,True,corporate_actions;identity;price_volume;security_type,BASE_CANDIDATE;ELIGIBLE_RANKING_INPUT
449285048486968630,VCI,2006-07-07,2006-08-02,126,19,19,0,0,19,0,0,0,0,0,0,0,,False,True,corporate_actions;identity;price_volume;security_type,BASE_CANDIDATE;ELIGIBLE_RANKING_INPUT
450788563135516848,CLF,2006-07-05,2006-08-02,126,21,21,0,0,21,0,0,9,0,0,0,0,,False,True,corporate_actions;identity;price_volume;security_type,BASE_CANDIDATE;ELIGIBLE_RANKING_INPUT;RECENT_LEADERSHIP
451234008637840696,MGM,2006-07-05,2006-08-02,126,21,21,0,0,21,0,0,0,0,0,0,0,,False,True,corporate_actions;identity;price_volume;security_type,BASE_CANDIDATE;ELIGIBLE_RANKING_INPUT
452140482835311476,OII,2006-07-05,2006-08-02,126,21,21,0,0,21,21,21,12,1,20,0,0,14,False,True,corporate_actions;execution_open;identity;price_volume;security_type;terminal,BASE_CANDIDATE;DURABLE_RANK;ELIGIBLE_RANKING_INPUT;ESTABLISHED_LEADERSHIP_POOL;HELD_POSITION;PENDING_ORDER;RECENT_LEADERSHIP
452360735936801669,ALL,2006-07-05,2006-08-02,126,21,21,0,0,21,0,0,0,0,0,0,0,,False,True,corporate_actions;identity;price_volume;security_type,BASE_CANDIDATE;ELIGIBLE_RANKING_INPUT
452705275518662329,COO,2006-07-05,2006-07-21,126,13,13,0,0,13,0,0,0,0,0,0,0,,False,True,corporate_actions;identity;price_volume;security_type,BASE_CANDIDATE;ELIGIBLE_RANKING_INPUT
453205581586027521,FTO,2006-07-05,2006-08-02,126,21,21,0,0,21,14,14,20,0,0,0,0,40,False,True,corporate_actions;identity;price_volume;security_type,BASE_CANDIDATE;DURABLE_RANK;ELIGIBLE_RANKING_INPUT;ESTABLISHED_LEADERSHIP_POOL;RECENT_LEADERSHIP
453754433169846350,THE,2006-07-05,2006-08-02,126,21,21,0,0,21,0,0,0,0,0,0,0,,False,True,corporate_actions;identity;price_volume;security_type,BASE_CANDIDATE;ELIGIBLE_RANKING_INPUT
453904420137964169,SHU,2006-07-12,2006-07-12,126,1,1,0,0,1,0,0,0,0,0,0,0,,False,True,corporate_actions;identity;price_volume;security_type,BASE_CANDIDATE;ELIGIBLE_RANKING_INPUT
454036238408877786,EGN,2006-07-05,2006-08-02,126,21,21,0,0,21,0,0,13,0,0,0,0,,False,True,corporate_actions;identity;price_volume;security_type,BASE_CANDIDATE;ELIGIBLE_RANKING_INPUT;RECENT_LEADERSHIP
454690901938934741,SPNX,2006-07-05,2006-08-02,126,21,21,0,0,21,9,9,0,0,0,0,0,31,False,True,corporate_actions;identity;price_volume;security_type,BASE_CANDIDATE;DURABLE_RANK;ELIGIBLE_RANKING_INPUT;ESTABLISHED_LEADERSHIP_POOL
454835847794197079,AZN,2006-07-05,2006-08-02,126,21,21,0,0,21,2,2,4,0,0,0,0,16,False,True,corporate_actions;identity;price_volume;security_type,BASE_CANDIDATE;DURABLE_RANK;ELIGIBLE_RANKING_INPUT;ESTABLISHED_LEADERSHIP_POOL;RECENT_LEADERSHIP
45526184272842054,PFG,2006-07-05,2006-08-02,126,21,21,0,0,21,0,0,0,0,0,0,0,,False,True,corporate_actions;identity;price_volume;security_type,BASE_CANDIDATE;ELIGIBLE_RANKING_INPUT
455945461790158194,WCIMQ,2006-07-05,2006-08-02,126,21,21,0,0,21,0,0,0,0,0,0,0,,False,True,corporate_actions;identity;price_volume;security_type,BASE_CANDIDATE;ELIGIBLE_RANKING_INPUT
457419318995958784,MLKN,2006-07-05,2006-07-28,126,18,18,0,0,18,0,0,0,0,0,0,0,,False,True,corporate_actions;identity;price_volume;security_type,BASE_CANDIDATE;ELIGIBLE_RANKING_INPUT
45941741529110038,SPLS1,2006-07-05,2006-08-02,126,21,21,0,0,21,0,0,0,0,0,0,0,,False,True,corporate_actions;identity;price_volume;security_type,BASE_CANDIDATE;ELIGIBLE_RANKING_INPUT
459791525961776759,CNI,2006-07-05,2006-08-02,126,21,21,0,0,21,0,0,0,0,0,0,0,,False,True,corporate_actions;identity;price_volume;security_type,BASE_CANDIDATE;ELIGIBLE_RANKING_INPUT
46013687697290688,JCI,2006-07-05,2006-08-02,126,21,21,0,0,21,0,0,0,0,0,0,0,,False,True,corporate_actions;identity;price_volume;security_type,BASE_CANDIDATE;ELIGIBLE_RANKING_INPUT
460148139183159649,LSTR,2006-07-05,2006-08-02,126,16,16,0,0,16,0,0,0,0,0,0,0,,False,True,corporate_actions;identity;price_volume;security_type,BASE_CANDIDATE;ELIGIBLE_RANKING_INPUT
461416941752874167,SOGCQ,2006-07-05,2006-08-02,126,21,21,0,0,21,0,0,0,0,0,0,0,,False,True,corporate_actions;identity;price_volume;security_type,BASE_CANDIDATE;ELIGIBLE_RANKING_INPUT
463405292536643501,VMED,2006-07-05,2006-08-02,126,21,21,0,0,21,0,0,0,0,0,0,0,,False,True,corporate_actions;identity;price_volume;security_type,BASE_CANDIDATE;ELIGIBLE_RANKING_INPUT
464105271038507021,URI,2006-07-05,2006-08-02,126,21,21,0,0,21,0,0,0,0,0,0,0,,False,True,corporate_actions;identity;price_volume;security_type,BASE_CANDIDATE;ELIGIBLE_RANKING_INPUT
464488418883633075,IRF,2006-07-05,2006-08-02,126,21,21,0,0,21,0,0,0,0,0,0,0,,False,True,corporate_actions;identity;price_volume;security_type,BASE_CANDIDATE;ELIGIBLE_RANKING_INPUT
465390094731232093,NKE,2006-07-05,2006-08-02,126,21,21,0,0,21,0,0,0,0,0,0,0,,False,True,corporate_actions;identity;price_volume;security_type,BASE_CANDIDATE;ELIGIBLE_RANKING_INPUT
466902739785969074,BRK.A,2006-07-05,2006-08-02,126,21,21,0,0,21,0,0,0,0,0,0,0,,False,True,corporate_actions;identity;price_volume;security_type,BASE_CANDIDATE;ELIGIBLE_RANKING_INPUT
46705815074361203,SUN1,2006-07-05,2006-08-02,126,21,21,0,0,21,0,0,0,0,0,0,0,,False,True,corporate_actions;identity;price_volume;security_type,BASE_CANDIDATE;ELIGIBLE_RANKING_INPUT
467726443352731838,LNWO,2006-07-05,2006-07-17,126,9,9,0,0,9,4,4,0,0,0,0,0,22,False,True,corporate_actions;identity;price_volume;security_type,BASE_CANDIDATE;DURABLE_RANK;ELIGIBLE_RANKING_INPUT;ESTABLISHED_LEADERSHIP_POOL
467753316612702269,PRU,2006-07-05,2006-08-02,126,21,21,0,0,21,0,0,0,0,0,0,0,,False,True,corporate_actions;identity;price_volume;security_type,BASE_CANDIDATE;ELIGIBLE_RANKING_INPUT
468079864221610125,JEF,2006-07-05,2006-07-12,126,6,6,0,0,6,3,3,0,0,0,0,0,8,False,True,corporate_actions;identity;price_volume;security_type,BASE_CANDIDATE;DURABLE_RANK;ELIGIBLE_RANKING_INPUT;ESTABLISHED_LEADERSHIP_POOL
470764517132437845,FAST,2006-07-05,2006-08-02,126,21,21,0,0,21,0,0,0,0,0,0,0,,False,True,corporate_actions;identity;price_volume;security_type,BASE_CANDIDATE;ELIGIBLE_RANKING_INPUT
470898446993080544,CAM2,2006-07-05,2006-08-02,126,21,21,0,0,21,0,0,2,0,0,0,0,,False,True,corporate_actions;identity;price_volume;security_type,BASE_CANDIDATE;ELIGIBLE_RANKING_INPUT;RECENT_LEADERSHIP
470938209990802078,GTRC,2006-07-05,2006-08-02,126,18,18,0,0,18,0,0,0,0,0,0,0,,False,True,corporate_actions;identity;price_volume;security_type,BASE_CANDIDATE;ELIGIBLE_RANKING_INPUT
471095951587990008,OCR,2006-07-05,2006-08-02,126,21,21,0,0,21,0,0,0,0,0,0,0,,False,True,corporate_actions;identity;price_volume;security_type,BASE_CANDIDATE;ELIGIBLE_RANKING_INPUT
473658296202750930,TECD,2006-07-05,2006-08-02,126,18,18,0,0,18,0,0,0,0,0,0,0,,False,True,corporate_actions;identity;price_volume;security_type,BASE_CANDIDATE;ELIGIBLE_RANKING_INPUT
473958815454685624,PNP,2006-07-13,2006-08-02,126,15,15,0,0,15,0,0,0,0,0,0,0,,False,True,corporate_actions;identity;price_volume;security_type,BASE_CANDIDATE;ELIGIBLE_RANKING_INPUT
474591853220842316,LNCR,2006-07-05,2006-08-02,126,21,21,0,0,21,0,0,0,0,0,0,0,,False,True,corporate_actions;identity;price_volume;security_type,BASE_CANDIDATE;ELIGIBLE_RANKING_INPUT
474762317921880998,USB,2006-07-05,2006-08-02,126,21,21,0,0,21,0,0,0,0,0,0,0,,False,True,corporate_actions;identity;price_volume;security_type,BASE_CANDIDATE;ELIGIBLE_RANKING_INPUT
475154314395267726,APOL,2006-07-05,2006-08-02,126,21,21,0,0,21,0,0,0,0,0,0,0,,False,True,corporate_actions;identity;price_volume;security_type,BASE_CANDIDATE;ELIGIBLE_RANKING_INPUT
477008601146089039,MIR2,2006-07-07,2006-08-02,126,19,19,0,0,19,0,0,3,0,0,0,0,,False,True,corporate_actions;identity;price_volume;security_type,BASE_CANDIDATE;ELIGIBLE_RANKING_INPUT;RECENT_LEADERSHIP
480650907912942465,NIHDQ,2006-07-05,2006-08-02,126,21,21,0,0,21,0,0,0,0,0,0,0,,False,True,corporate_actions;identity;price_volume;security_type,BASE_CANDIDATE;ELIGIBLE_RANKING_INPUT
483640223480714943,TT,2006-07-05,2006-08-02,126,21,21,0,0,21,0,0,0,0,0,0,0,,False,True,corporate_actions;identity;price_volume;security_type,BASE_CANDIDATE;ELIGIBLE_RANKING_INPUT
483697603883258819,HEW,2006-07-05,2006-07-13,126,7,7,0,0,7,0,0,0,0,0,0,0,,False,True,corporate_actions;identity;price_volume;security_type,BASE_CANDIDATE;ELIGIBLE_RANKING_INPUT
485939835511264824,UPLMQ,2006-07-05,2006-08-02,126,21,21,0,0,21,0,0,4,0,0,0,0,,False,True,corporate_actions;identity;price_volume;security_type,BASE_CANDIDATE;ELIGIBLE_RANKING_INPUT;RECENT_LEADERSHIP
486157482040479057,AROPQ,2006-07-05,2006-08-02,126,21,21,0,0,21,0,0,9,0,0,0,0,,False,True,corporate_actions;identity;price_volume;security_type,BASE_CANDIDATE;ELIGIBLE_RANKING_INPUT;RECENT_LEADERSHIP
486996261836773554,ADP,2006-07-05,2006-08-02,126,21,21,0,0,21,0,0,0,0,0,0,0,,False,True,corporate_actions;identity;price_volume;security_type,BASE_CANDIDATE;ELIGIBLE_RANKING_INPUT
487869582447266471,TT2,2006-07-05,2006-08-02,126,21,21,0,0,21,0,0,0,0,0,0,0,,False,True,corporate_actions;identity;price_volume;security_type,BASE_CANDIDATE;ELIGIBLE_RANKING_INPUT
487951673508536354,SVU,2006-07-05,2006-08-02,126,21,21,0,0,21,0,0,0,0,0,0,0,,False,True,corporate_actions;identity;price_volume;security_type,BASE_CANDIDATE;ELIGIBLE_RANKING_INPUT
4895442302525544,CINF,2006-07-05,2006-08-02,126,21,21,0,0,21,0,0,0,0,0,0,0,,False,True,corporate_actions;identity;price_volume;security_type,BASE_CANDIDATE;ELIGIBLE_RANKING_INPUT
493313832415681080,NXY,2006-07-05,2006-08-02,126,21,21,0,0,21,0,0,5,0,0,0,0,,False,True,corporate_actions;identity;price_volume;security_type,BASE_CANDIDATE;ELIGIBLE_RANKING_INPUT;RECENT_LEADERSHIP
493588711127690230,LEG,2006-07-21,2006-08-02,126,9,9,0,0,9,0,0,0,0,0,0,0,,False,True,corporate_actions;identity;price_volume;security_type,BASE_CANDIDATE;ELIGIBLE_RANKING_INPUT
493792546287461943,DKS,2006-07-20,2006-08-02,126,10,10,0,0,10,0,0,0,0,0,0,0,,False,True,corporate_actions;identity;price_volume;security_type,BASE_CANDIDATE;ELIGIBLE_RANKING_INPUT
494437761585465342,CTX1,2006-07-05,2006-08-02,126,21,21,0,0,21,0,0,3,0,0,0,0,,False,True,corporate_actions;identity;price_volume;security_type,BASE_CANDIDATE;ELIGIBLE_RANKING_INPUT;RECENT_LEADERSHIP
494524458702987436,BOOM,2006-07-05,2006-07-06,126,2,2,0,0,2,0,0,0,0,0,0,0,,False,True,corporate_actions;identity;price_volume;security_type,BASE_CANDIDATE;ELIGIBLE_RANKING_INPUT
495093501502213165,YUM,2006-07-05,2006-08-02,126,21,21,0,0,21,0,0,0,0,0,0,0,,False,True,corporate_actions;identity;price_volume;security_type,BASE_CANDIDATE;ELIGIBLE_RANKING_INPUT
496491162214967514,CTV1,2006-07-05,2006-08-02,126,21,21,0,0,21,21,21,0,0,0,0,0,41,False,True,corporate_actions;identity;price_volume;security_type,BASE_CANDIDATE;DURABLE_RANK;ELIGIBLE_RANKING_INPUT;ESTABLISHED_LEADERSHIP_POOL
496920169772926039,BDX,2006-07-05,2006-08-02,126,21,21,0,0,21,0,0,0,0,0,0,0,,False,True,corporate_actions;identity;price_volume;security_type,BASE_CANDIDATE;ELIGIBLE_RANKING_INPUT
49892472228696641,PPG,2006-07-05,2006-08-02,126,21,21,0,0,21,0,0,0,0,0,0,0,,False,True,corporate_actions;identity;price_volume;security_type,BASE_CANDIDATE;ELIGIBLE_RANKING_INPUT
499133590037325343,TS,2006-07-05,2006-08-02,126,21,21,0,0,21,15,15,8,0,0,0,0,74,False,True,corporate_actions;identity;price_volume;security_type,BASE_CANDIDATE;DURABLE_RANK;ELIGIBLE_RANKING_INPUT;ESTABLISHED_LEADERSHIP_POOL;RECENT_LEADERSHIP
499613894791089318,TXI,2006-07-05,2006-08-02,126,21,21,0,0,21,0,0,6,0,0,0,0,,False,True,corporate_actions;identity;price_volume;security_type,BASE_CANDIDATE;ELIGIBLE_RANKING_INPUT;RECENT_LEADERSHIP
499802471821820613,DINO,2006-07-05,2006-08-02,126,21,21,0,0,21,14,14,21,0,0,0,0,66,False,True,corporate_actions;identity;price_volume;security_type,BASE_CANDIDATE;DURABLE_RANK;ELIGIBLE_RANKING_INPUT;ESTABLISHED_LEADERSHIP_POOL;RECENT_LEADERSHIP
500990921491854993,CNR2,2006-07-05,2006-08-01,126,17,17,0,0,17,0,0,0,0,0,0,0,,False,True,corporate_actions;identity;price_volume;security_type,BASE_CANDIDATE;ELIGIBLE_RANKING_INPUT
502221490776957978,CNQ,2006-07-05,2006-08-02,126,21,21,0,0,21,0,0,0,0,0,0,0,,False,True,corporate_actions;identity;price_volume;security_type,BASE_CANDIDATE;ELIGIBLE_RANKING_INPUT
503356678409556154,VSH,2006-07-05,2006-08-02,126,21,21,0,0,21,0,0,0,0,0,0,0,,False,True,corporate_actions;identity;price_volume;security_type,BASE_CANDIDATE;ELIGIBLE_RANKING_INPUT
503427298966564035,ZRAN,2006-07-05,2006-08-02,126,21,21,0,0,21,17,17,0,0,0,0,0,86,False,True,corporate_actions;identity;price_volume;security_type,BASE_CANDIDATE;DURABLE_RANK;ELIGIBLE_RANKING_INPUT;ESTABLISHED_LEADERSHIP_POOL
505064988524081078,HNZ,2006-07-05,2006-08-02,126,21,21,0,0,21,3,3,0,0,0,0,0,10,False,True,corporate_actions;identity;price_volume;security_type,BASE_CANDIDATE;DURABLE_RANK;ELIGIBLE_RANKING_INPUT;ESTABLISHED_LEADERSHIP_POOL
506048722516044547,TVTY,2006-07-05,2006-07-06,126,2,2,0,0,2,0,0,0,0,0,0,0,,False,True,corporate_actions;identity;price_volume;security_type,BASE_CANDIDATE;ELIGIBLE_RANKING_INPUT
506497062222769930,UTSI,2006-07-19,2006-07-20,126,2,2,0,0,2,0,0,2,0,0,0,0,,False,True,corporate_actions;identity;price_volume;security_type,BASE_CANDIDATE;ELIGIBLE_RANKING_INPUT;RECENT_LEADERSHIP
506782738058635954,TGT,2006-07-05,2006-08-02,126,21,21,0,0,21,0,0,0,0,0,0,0,,False,True,corporate_actions;identity;price_volume;security_type,BASE_CANDIDATE;ELIGIBLE_RANKING_INPUT
508233778803396747,SII1,2006-07-05,2006-08-02,126,21,21,0,0,21,0,0,9,0,0,0,0,,False,True,corporate_actions;identity;price_volume;security_type,BASE_CANDIDATE;ELIGIBLE_RANKING_INPUT;RECENT_LEADERSHIP
511484518106596204,FTRCQ,2006-07-05,2006-08-02,126,19,19,0,0,19,0,0,0,0,0,0,0,,False,True,corporate_actions;identity;price_volume;security_type,BASE_CANDIDATE;ELIGIBLE_RANKING_INPUT
511603882679036944,ESRX,2006-07-05,2006-08-02,126,21,21,0,0,21,0,0,7,0,0,0,0,,False,True,corporate_actions;identity;price_volume;security_type,BASE_CANDIDATE;ELIGIBLE_RANKING_INPUT;RECENT_LEADERSHIP
512429007987298889,XMSR,2006-07-05,2006-08-02,126,21,21,0,0,21,0,0,0,0,0,0,0,,False,True,corporate_actions;identity;price_volume;security_type,BASE_CANDIDATE;ELIGIBLE_RANKING_INPUT
513213084537263825,LSS,2006-07-05,2006-08-02,126,21,21,0,0,21,0,0,6,0,0,0,0,,False,True,corporate_actions;identity;price_volume;security_type,BASE_CANDIDATE;ELIGIBLE_RANKING_INPUT;RECENT_LEADERSHIP
51362291842409453,KOMG,2006-07-05,2006-08-02,126,21,21,0,0,21,0,0,3,0,0,0,0,,False,True,corporate_actions;identity;price_volume;security_type,BASE_CANDIDATE;ELIGIBLE_RANKING_INPUT;RECENT_LEADERSHIP
513848214616071222,BXP,2006-07-05,2006-08-02,126,21,21,0,0,21,0,0,3,0,0,0,0,,False,True,corporate_actions;identity;price_volume;security_type,BASE_CANDIDATE;ELIGIBLE_RANKING_INPUT;RECENT_LEADERSHIP
515130960484578865,BRL,2006-07-05,2006-08-02,126,21,21,0,0,21,0,0,0,0,0,0,0,,False,True,corporate_actions;identity;price_volume;security_type,BASE_CANDIDATE;ELIGIBLE_RANKING_INPUT
515332170991709358,NAV,2006-07-05,2006-08-02,126,21,21,0,0,21,0,0,0,0,0,0,0,,False,True,corporate_actions;identity;price_volume;security_type,BASE_CANDIDATE;ELIGIBLE_RANKING_INPUT
515658020448709104,CNVR,2006-07-05,2006-08-02,126,7,7,0,0,7,0,0,1,0,0,0,0,,False,True,corporate_actions;identity;price_volume;security_type,BASE_CANDIDATE;ELIGIBLE_RANKING_INPUT;RECENT_LEADERSHIP
515694437501842293,EXP,2006-07-05,2006-08-02,126,21,21,0,0,21,0,0,0,0,0,0,0,,False,True,corporate_actions;identity;price_volume;security_type,BASE_CANDIDATE;ELIGIBLE_RANKING_INPUT
515825968677210580,HOLX,2006-07-05,2006-08-02,126,21,21,0,0,21,0,0,12,0,0,0,0,,False,True,corporate_actions;identity;price_volume;security_type,BASE_CANDIDATE;ELIGIBLE_RANKING_INPUT;RECENT_LEADERSHIP
516025637418234521,ZUMZ,2006-07-19,2006-07-28,126,8,8,0,0,8,3,3,0,0,0,0,0,84,False,True,corporate_actions;identity;price_volume;security_type,BASE_CANDIDATE;DURABLE_RANK;ELIGIBLE_RANKING_INPUT;ESTABLISHED_LEADERSHIP_POOL
517365543932262086,LOW,2006-07-05,2006-08-02,126,21,21,0,0,21,0,0,0,0,0,0,0,,False,True,corporate_actions;identity;price_volume;security_type,BASE_CANDIDATE;ELIGIBLE_RANKING_INPUT
520375404795497389,CBLAQ,2006-07-06,2006-07-24,126,12,12,0,0,12,0,0,0,0,0,0,0,,False,True,corporate_actions;identity;price_volume;security_type,BASE_CANDIDATE;ELIGIBLE_RANKING_INPUT
521258386382246187,PII,2006-07-10,2006-08-02,126,18,18,0,0,18,0,0,0,0,0,0,0,,False,True,corporate_actions;identity;price_volume;security_type,BASE_CANDIDATE;ELIGIBLE_RANKING_INPUT
522037562764163673,SPGI,2006-07-05,2006-08-02,126,21,21,0,0,21,0,0,5,0,0,0,0,,False,True,corporate_actions;identity;price_volume;security_type,BASE_CANDIDATE;ELIGIBLE_RANKING_INPUT;RECENT_LEADERSHIP
52228376816436428,BEN,2006-07-05,2006-08-02,126,21,21,0,0,21,0,0,0,0,0,0,0,,False,True,corporate_actions;identity;price_volume;security_type,BASE_CANDIDATE;ELIGIBLE_RANKING_INPUT
522595530457156829,MRVL,2006-07-05,2006-08-02,126,21,21,0,0,21,0,0,0,0,0,0,0,,False,True,corporate_actions;identity;price_volume;security_type,BASE_CANDIDATE;ELIGIBLE_RANKING_INPUT
522795427876043636,THX,2006-07-05,2006-08-02,126,21,21,0,0,21,0,0,6,0,0,0,0,,False,True,corporate_actions;identity;price_volume;security_type,BASE_CANDIDATE;ELIGIBLE_RANKING_INPUT;RECENT_LEADERSHIP
522987728192873567,VTRS,2006-07-05,2006-08-02,126,21,21,0,0,21,0,0,2,0,0,0,0,,False,True,corporate_actions;identity;price_volume;security_type,BASE_CANDIDATE;ELIGIBLE_RANKING_INPUT;RECENT_LEADERSHIP
52368927909760349,BJ1,2006-07-17,2006-08-02,126,13,13,0,0,13,0,0,0,0,0,0,0,,False,True,corporate_actions;identity;price_volume;security_type,BASE_CANDIDATE;ELIGIBLE_RANKING_INPUT
526070095017407241,BLS,2006-07-05,2006-08-02,126,21,21,0,0,21,16,16,3,0,0,0,0,5,False,True,corporate_actions;identity;price_volume;security_type,BASE_CANDIDATE;DURABLE_RANK;ELIGIBLE_RANKING_INPUT;ESTABLISHED_LEADERSHIP_POOL;RECENT_LEADERSHIP
528091654059420794,DTE,2006-07-05,2006-08-02,126,21,21,0,0,21,0,0,0,0,0,0,0,,False,True,corporate_actions;identity;price_volume;security_type,BASE_CANDIDATE;ELIGIBLE_RANKING_INPUT
52833112837415755,DIS,2006-07-05,2006-08-02,126,21,21,0,0,21,0,0,0,0,0,0,0,,False,True,corporate_actions;identity;price_volume;security_type,BASE_CANDIDATE;ELIGIBLE_RANKING_INPUT
529368393524010771,MAC,2006-07-05,2006-07-28,126,18,18,0,0,18,0,0,0,0,0,0,0,,False,True,corporate_actions;identity;price_volume;security_type,BASE_CANDIDATE;ELIGIBLE_RANKING_INPUT
530017738984364812,ACL,2006-07-05,2006-08-02,126,21,21,0,0,21,0,0,5,0,0,0,0,,False,True,corporate_actions;identity;price_volume;security_type,BASE_CANDIDATE;ELIGIBLE_RANKING_INPUT;RECENT_LEADERSHIP
530359455120985610,IRM,2006-08-01,2006-08-02,126,2,2,0,0,2,0,0,0,0,0,0,0,,False,True,corporate_actions;identity;price_volume;security_type,BASE_CANDIDATE;ELIGIBLE_RANKING_INPUT
530996274575880476,MNST,2006-07-05,2006-08-02,126,21,21,0,0,21,21,21,12,1,20,0,0,8,False,True,corporate_actions;execution_open;identity;price_volume;security_type;terminal,BASE_CANDIDATE;DURABLE_RANK;ELIGIBLE_RANKING_INPUT;ESTABLISHED_LEADERSHIP_POOL;HELD_POSITION;PENDING_ORDER;RECENT_LEADERSHIP
531003667321754070,OVV,2006-07-05,2006-08-02,126,21,21,0,0,21,0,0,0,0,0,0,0,,False,True,corporate_actions;identity;price_volume;security_type,BASE_CANDIDATE;ELIGIBLE_RANKING_INPUT
531093293807301917,FL,2006-07-05,2006-08-02,126,21,21,0,0,21,0,0,14,0,0,0,0,,False,True,corporate_actions;identity;price_volume;security_type,BASE_CANDIDATE;ELIGIBLE_RANKING_INPUT;RECENT_LEADERSHIP
53225290109588613,AGN1,2006-07-05,2006-08-02,126,21,21,0,0,21,0,0,0,0,0,0,0,,False,True,corporate_actions;identity;price_volume;security_type,BASE_CANDIDATE;ELIGIBLE_RANKING_INPUT
534570917989464410,MU,2006-07-05,2006-08-02,126,21,21,0,0,21,0,0,0,0,0,0,0,,False,True,corporate_actions;identity;price_volume;security_type,BASE_CANDIDATE;ELIGIBLE_RANKING_INPUT
535653933898686049,MLM,2006-07-05,2006-08-02,126,21,21,0,0,21,0,0,0,0,0,0,0,,False,True,corporate_actions;identity;price_volume;security_type,BASE_CANDIDATE;ELIGIBLE_RANKING_INPUT
537395114216782439,BHP,2006-07-05,2006-08-02,126,21,21,0,0,21,0,0,3,0,0,0,0,,False,True,corporate_actions;identity;price_volume;security_type,BASE_CANDIDATE;ELIGIBLE_RANKING_INPUT;RECENT_LEADERSHIP
538554343829210633,ALU,2006-07-05,2006-08-02,126,21,21,0,0,21,0,0,0,0,0,0,0,,False,True,corporate_actions;identity;price_volume;security_type,BASE_CANDIDATE;ELIGIBLE_RANKING_INPUT
53907832747291491,KCS,2006-07-05,2006-07-12,126,5,5,0,0,4,0,0,0,0,0,1,1,,False,True,corporate_actions;identity;price_volume;security_type;terminal,BASE_CANDIDATE;ELIGIBLE_RANKING_INPUT;INCOMPLETE_TERMINAL;TERMINAL_EVENT_ON_STRATEGY_PATH
541617558859712700,WAMUQ,2006-07-05,2006-08-02,126,21,21,0,0,21,0,0,0,0,0,0,0,,False,True,corporate_actions;identity;price_volume;security_type,BASE_CANDIDATE;ELIGIBLE_RANKING_INPUT
543274636793126591,FFEDQ,2006-07-05,2006-08-02,126,21,21,0,0,21,0,0,6,0,0,0,0,,False,True,corporate_actions;identity;price_volume;security_type,BASE_CANDIDATE;ELIGIBLE_RANKING_INPUT;RECENT_LEADERSHIP
544733919539312578,NTGR,2006-07-05,2006-07-06,126,2,2,0,0,2,0,0,0,0,0,0,0,,False,True,corporate_actions;identity;price_volume;security_type,BASE_CANDIDATE;ELIGIBLE_RANKING_INPUT
545465905170457587,MEL,2006-07-05,2006-08-02,126,21,21,0,0,21,0,0,0,0,0,0,0,,False,True,corporate_actions;identity;price_volume;security_type,BASE_CANDIDATE;ELIGIBLE_RANKING_INPUT
545914762792753781,PMCS,2006-07-05,2006-08-02,126,21,21,0,0,21,0,0,0,0,0,0,0,,False,True,corporate_actions;identity;price_volume;security_type,BASE_CANDIDATE;ELIGIBLE_RANKING_INPUT
546750366482044632,KBH,2006-07-05,2006-08-02,126,21,21,0,0,21,0,0,0,0,0,0,0,,False,True,corporate_actions;identity;price_volume;security_type,BASE_CANDIDATE;ELIGIBLE_RANKING_INPUT
548686903385000980,SBL,2006-07-18,2006-08-02,126,11,11,0,0,11,0,0,0,0,0,0,0,,False,True,corporate_actions;identity;price_volume;security_type,BASE_CANDIDATE;ELIGIBLE_RANKING_INPUT
551894809158706341,JAVA1,2006-07-05,2006-08-02,126,21,21,0,0,21,0,0,0,0,0,0,0,,False,True,corporate_actions;identity;price_volume;security_type,BASE_CANDIDATE;ELIGIBLE_RANKING_INPUT
552703749328390487,RAMP,2006-07-05,2006-07-20,126,12,12,0,0,12,0,0,0,0,0,0,0,,False,True,corporate_actions;identity;price_volume;security_type,BASE_CANDIDATE;ELIGIBLE_RANKING_INPUT
553972112448702494,SGP1,2006-07-05,2006-08-02,126,21,21,0,0,21,0,0,3,0,0,0,0,,False,True,corporate_actions;identity;price_volume;security_type,BASE_CANDIDATE;ELIGIBLE_RANKING_INPUT;RECENT_LEADERSHIP
554480052825212855,CTXS,2006-07-05,2006-08-02,126,21,21,0,0,21,4,4,0,0,0,0,0,37,False,True,corporate_actions;identity;price_volume;security_type,BASE_CANDIDATE;DURABLE_RANK;ELIGIBLE_RANKING_INPUT;ESTABLISHED_LEADERSHIP_POOL
554888571548807090,AW,2006-07-05,2006-08-02,126,20,20,0,0,20,11,11,0,0,0,0,0,16,False,True,corporate_actions;identity;price_volume;security_type,BASE_CANDIDATE;DURABLE_RANK;ELIGIBLE_RANKING_INPUT;ESTABLISHED_LEADERSHIP_POOL
555782615540001401,LECO,2006-07-05,2006-08-02,126,18,18,0,0,18,18,18,0,1,20,0,0,15,False,True,corporate_actions;execution_open;identity;price_volume;security_type;terminal,BASE_CANDIDATE;DURABLE_RANK;ELIGIBLE_RANKING_INPUT;ESTABLISHED_LEADERSHIP_POOL;HELD_POSITION;PENDING_ORDER
556620317391708257,STT,2006-07-05,2006-08-02,126,21,21,0,0,21,0,0,0,0,0,0,0,,False,True,corporate_actions;identity;price_volume;security_type,BASE_CANDIDATE;ELIGIBLE_RANKING_INPUT
55985294582827288,EAGL1,2006-07-05,2006-08-02,126,21,21,0,0,21,5,5,9,0,0,0,0,64,False,True,corporate_actions;identity;price_volume;security_type,BASE_CANDIDATE;DURABLE_RANK;ELIGIBLE_RANKING_INPUT;ESTABLISHED_LEADERSHIP_POOL;RECENT_LEADERSHIP
561839039720650585,FMD,2006-07-05,2006-08-02,126,21,21,0,0,21,21,21,1,0,0,0,0,2,False,True,corporate_actions;identity;price_volume;security_type,BASE_CANDIDATE;DURABLE_RANK;ELIGIBLE_RANKING_INPUT;ESTABLISHED_LEADERSHIP_POOL;RECENT_LEADERSHIP
56251943382633799,HK1,2006-07-05,2006-08-02,126,21,21,0,0,21,0,0,4,0,0,0,0,,False,True,corporate_actions;identity;price_volume;security_type,BASE_CANDIDATE;ELIGIBLE_RANKING_INPUT;RECENT_LEADERSHIP
562741914164669589,WAB,2006-07-25,2006-08-02,126,7,7,0,0,7,0,0,0,0,0,0,0,,False,True,corporate_actions;identity;price_volume;security_type,BASE_CANDIDATE;ELIGIBLE_RANKING_INPUT
565310265442083771,TMX1,2006-07-05,2006-08-02,126,21,21,0,0,21,0,0,17,0,0,0,0,,False,True,corporate_actions;identity;price_volume;security_type,BASE_CANDIDATE;ELIGIBLE_RANKING_INPUT;RECENT_LEADERSHIP
566070302922153160,FCS,2006-07-05,2006-08-02,126,21,21,0,0,21,0,0,0,0,0,0,0,,False,True,corporate_actions;identity;price_volume;security_type,BASE_CANDIDATE;ELIGIBLE_RANKING_INPUT
566105766975214688,TGNA,2006-07-05,2006-08-02,126,21,21,0,0,21,0,0,0,0,0,0,0,,False,True,corporate_actions;identity;price_volume;security_type,BASE_CANDIDATE;ELIGIBLE_RANKING_INPUT
568764766995856111,CITGQ,2006-07-05,2006-08-02,126,21,21,0,0,21,0,0,0,0,0,0,0,,False,True,corporate_actions;identity;price_volume;security_type,BASE_CANDIDATE;ELIGIBLE_RANKING_INPUT
569887330252166203,CRL,2006-07-05,2006-08-02,126,21,21,0,0,21,0,0,0,0,0,0,0,,False,True,corporate_actions;identity;price_volume;security_type,BASE_CANDIDATE;ELIGIBLE_RANKING_INPUT
571136091303237635,DLTR,2006-07-05,2006-08-02,126,21,21,0,0,21,0,0,0,0,0,0,0,,False,True,corporate_actions;identity;price_volume;security_type,BASE_CANDIDATE;ELIGIBLE_RANKING_INPUT
571687736960411063,RTI,2006-07-05,2006-08-02,126,21,21,0,0,21,17,17,0,0,0,0,0,89,False,True,corporate_actions;identity;price_volume;security_type,BASE_CANDIDATE;DURABLE_RANK;ELIGIBLE_RANKING_INPUT;ESTABLISHED_LEADERSHIP_POOL
572436205509811668,PHG,2006-07-05,2006-08-02,126,21,21,0,0,21,0,0,1,0,0,0,0,,False,True,corporate_actions;identity;price_volume;security_type,BASE_CANDIDATE;ELIGIBLE_RANKING_INPUT;RECENT_LEADERSHIP
57411840384698119,UBS,2006-07-05,2006-08-02,126,21,21,0,0,21,0,0,0,0,0,0,0,,False,True,corporate_actions;identity;price_volume;security_type,BASE_CANDIDATE;ELIGIBLE_RANKING_INPUT
57517448204259152,MFE,2006-07-05,2006-08-02,126,21,21,0,0,21,0,0,0,0,0,0,0,,False,True,corporate_actions;identity;price_volume;security_type,BASE_CANDIDATE;ELIGIBLE_RANKING_INPUT
575504412593188469,AM1,2006-07-12,2006-08-02,126,16,16,0,0,16,1,1,0,0,0,0,0,10,False,True,corporate_actions;identity;price_volume;security_type,BASE_CANDIDATE;DURABLE_RANK;ELIGIBLE_RANKING_INPUT;ESTABLISHED_LEADERSHIP_POOL
575515770138070225,CTSH,2006-07-05,2006-08-02,126,21,21,0,0,21,14,14,0,0,0,0,0,37,False,True,corporate_actions;identity;price_volume;security_type,BASE_CANDIDATE;DURABLE_RANK;ELIGIBLE_RANKING_INPUT;ESTABLISHED_LEADERSHIP_POOL
576774468891329877,YELLQ,2006-07-05,2006-08-02,126,17,17,0,0,17,0,0,2,0,0,0,0,,False,True,corporate_actions;identity;price_volume;security_type,BASE_CANDIDATE;ELIGIBLE_RANKING_INPUT;RECENT_LEADERSHIP
578964201416671255,BMY,2006-07-05,2006-08-02,126,21,21,0,0,21,0,0,0,0,0,0,0,,False,True,corporate_actions;identity;price_volume;security_type,BASE_CANDIDATE;ELIGIBLE_RANKING_INPUT
579519756002918974,OS1,2006-07-05,2006-08-02,126,21,21,0,0,21,16,16,5,0,0,0,0,60,False,True,corporate_actions;identity;price_volume;security_type,BASE_CANDIDATE;DURABLE_RANK;ELIGIBLE_RANKING_INPUT;ESTABLISHED_LEADERSHIP_POOL;RECENT_LEADERSHIP
580531623466212679,SINA,2006-07-05,2006-08-02,126,21,21,0,0,21,0,0,0,0,0,0,0,,False,True,corporate_actions;identity;price_volume;security_type,BASE_CANDIDATE;ELIGIBLE_RANKING_INPUT
581003445366763300,IMCL,2006-07-05,2006-08-02,126,21,21,0,0,21,0,0,0,0,0,0,0,,False,True,corporate_actions;identity;price_volume;security_type,BASE_CANDIDATE;ELIGIBLE_RANKING_INPUT
582438542684173400,GYMB,2006-07-05,2006-08-02,126,21,21,0,0,21,21,21,0,0,0,0,0,9,False,True,corporate_actions;identity;price_volume;security_type,BASE_CANDIDATE;DURABLE_RANK;ELIGIBLE_RANKING_INPUT;ESTABLISHED_LEADERSHIP_POOL
582586931915213216,UHS,2006-07-05,2006-08-02,126,21,21,0,0,21,0,0,4,0,0,0,0,,False,True,corporate_actions;identity;price_volume;security_type,BASE_CANDIDATE;ELIGIBLE_RANKING_INPUT;RECENT_LEADERSHIP
583050983136092582,NDAQ,2006-07-05,2006-08-02,126,21,21,0,0,21,0,0,0,0,0,0,0,,False,True,corporate_actions;identity;price_volume;security_type,BASE_CANDIDATE;ELIGIBLE_RANKING_INPUT
585486592651624590,KR,2006-07-05,2006-08-02,126,21,21,0,0,21,0,0,12,0,0,0,0,,False,True,corporate_actions;identity;price_volume;security_type,BASE_CANDIDATE;ELIGIBLE_RANKING_INPUT;RECENT_LEADERSHIP
585602588723660502,DWNFQ,2006-07-05,2006-08-02,126,21,21,0,0,21,0,0,0,0,0,0,0,,False,True,corporate_actions;identity;price_volume;security_type,BASE_CANDIDATE;ELIGIBLE_RANKING_INPUT
586207639878628645,NBIX,2006-07-05,2006-07-24,126,14,14,0,0,14,0,0,0,0,0,0,0,,False,True,corporate_actions;identity;price_volume;security_type,BASE_CANDIDATE;ELIGIBLE_RANKING_INPUT
586750746546450762,AH,2006-07-05,2006-08-02,126,21,21,0,0,21,2,2,0,0,0,0,0,64,False,True,corporate_actions;identity;price_volume;security_type,BASE_CANDIDATE;DURABLE_RANK;ELIGIBLE_RANKING_INPUT;ESTABLISHED_LEADERSHIP_POOL
589557654748685297,COL,2006-07-05,2006-08-02,126,21,21,0,0,21,0,0,0,0,0,0,0,,False,True,corporate_actions;identity;price_volume;security_type,BASE_CANDIDATE;ELIGIBLE_RANKING_INPUT
59035118648989218,BIDU,2006-07-05,2006-08-02,126,21,21,0,0,21,20,20,7,0,0,0,0,58,False,True,corporate_actions;identity;price_volume;security_type,BASE_CANDIDATE;DURABLE_RANK;ELIGIBLE_RANKING_INPUT;ESTABLISHED_LEADERSHIP_POOL;RECENT_LEADERSHIP
590399289482099528,HOT,2006-07-05,2006-08-02,126,21,21,0,0,21,0,0,0,0,0,0,0,,False,True,corporate_actions;identity;price_volume;security_type,BASE_CANDIDATE;ELIGIBLE_RANKING_INPUT
590437497895538462,UCO1,2006-07-05,2006-08-02,126,21,21,0,0,21,5,5,15,0,0,0,0,28,False,True,corporate_actions;identity;price_volume;security_type,BASE_CANDIDATE;DURABLE_RANK;ELIGIBLE_RANKING_INPUT;ESTABLISHED_LEADERSHIP_POOL;RECENT_LEADERSHIP
593780358117781350,HAE,2006-07-06,2006-08-02,126,2,2,0,0,2,0,0,0,0,0,0,0,,False,True,corporate_actions;identity;price_volume;security_type,BASE_CANDIDATE;ELIGIBLE_RANKING_INPUT
594891209465982980,PDS,2006-07-05,2006-07-10,126,3,0,3,0,0,0,0,0,0,0,0,0,,False,True,identity;price_volume;security_type,BASE_CANDIDATE
595623326909775222,SCCO,2006-07-05,2006-08-02,126,21,21,0,0,21,0,0,16,0,0,0,0,,False,True,corporate_actions;identity;price_volume;security_type,BASE_CANDIDATE;ELIGIBLE_RANKING_INPUT;RECENT_LEADERSHIP
595701709237963977,XRX,2006-07-05,2006-08-02,126,21,21,0,0,21,0,0,0,0,0,0,0,,False,True,corporate_actions;identity;price_volume;security_type,BASE_CANDIDATE;ELIGIBLE_RANKING_INPUT
596707187905632524,PXP,2006-07-05,2006-08-02,126,21,21,0,0,21,0,0,21,0,0,0,0,,False,True,corporate_actions;identity;price_volume;security_type,BASE_CANDIDATE;ELIGIBLE_RANKING_INPUT;RECENT_LEADERSHIP
598111984264115267,RHDCQ,2006-07-05,2006-08-02,126,21,21,0,0,21,0,0,0,0,0,0,0,,False,True,corporate_actions;identity;price_volume;security_type,BASE_CANDIDATE;ELIGIBLE_RANKING_INPUT
598818893906299772,INFY,2006-07-05,2006-08-02,126,21,21,0,0,21,0,0,17,0,0,0,0,,False,True,corporate_actions;identity;price_volume;security_type,BASE_CANDIDATE;ELIGIBLE_RANKING_INPUT;RECENT_LEADERSHIP
601108211066295553,HON,2006-07-05,2006-08-02,126,21,21,0,0,21,0,0,0,0,0,0,0,,False,True,corporate_actions;identity;price_volume;security_type,BASE_CANDIDATE;ELIGIBLE_RANKING_INPUT
602030073377431779,MXIM,2006-07-05,2006-08-02,126,21,21,0,0,21,0,0,0,0,0,0,0,,False,True,corporate_actions;identity;price_volume;security_type,BASE_CANDIDATE;ELIGIBLE_RANKING_INPUT
603027491965685418,DVN,2006-07-05,2006-08-02,126,21,21,0,0,21,0,0,18,0,0,0,0,,False,True,corporate_actions;identity;price_volume;security_type,BASE_CANDIDATE;ELIGIBLE_RANKING_INPUT;RECENT_LEADERSHIP
603561065270543352,T,2006-07-05,2006-08-02,126,21,21,0,0,21,0,0,1,0,0,0,0,,False,True,corporate_actions;identity;price_volume;security_type,BASE_CANDIDATE;ELIGIBLE_RANKING_INPUT;RECENT_LEADERSHIP
603974682853280082,UPS,2006-07-05,2006-08-02,126,21,21,0,0,21,0,0,0,0,0,0,0,,False,True,corporate_actions;identity;price_volume;security_type,BASE_CANDIDATE;ELIGIBLE_RANKING_INPUT
605765640342981818,CMS,2006-07-05,2006-08-02,126,12,12,0,0,12,0,0,4,0,0,0,0,,False,True,corporate_actions;identity;price_volume;security_type,BASE_CANDIDATE;ELIGIBLE_RANKING_INPUT;RECENT_LEADERSHIP
606173908353491359,BIGGQ,2006-07-05,2006-08-02,126,21,21,0,0,21,15,15,0,0,0,0,0,73,False,True,corporate_actions;identity;price_volume;security_type,BASE_CANDIDATE;DURABLE_RANK;ELIGIBLE_RANKING_INPUT;ESTABLISHED_LEADERSHIP_POOL
60698704311419109,LXK,2006-07-05,2006-08-02,126,21,21,0,0,21,0,0,0,0,0,0,0,,False,True,corporate_actions;identity;price_volume;security_type,BASE_CANDIDATE;ELIGIBLE_RANKING_INPUT
608346915630419253,WTW,2006-07-05,2006-07-06,126,2,2,0,0,2,0,0,0,0,0,0,0,,False,True,corporate_actions;identity;price_volume;security_type,BASE_CANDIDATE;ELIGIBLE_RANKING_INPUT
608388447607862249,ACN,2006-07-05,2006-08-02,126,21,21,0,0,21,0,0,2,0,0,0,0,,False,True,corporate_actions;identity;price_volume;security_type,BASE_CANDIDATE;ELIGIBLE_RANKING_INPUT;RECENT_LEADERSHIP
608890267132339412,JOSB,2006-07-05,2006-07-11,126,5,5,0,0,5,0,0,0,0,0,0,0,,False,True,corporate_actions;identity;price_volume;security_type,BASE_CANDIDATE;ELIGIBLE_RANKING_INPUT
609473432122612687,EKDKQ,2006-07-05,2006-08-02,126,21,21,0,0,21,0,0,0,0,0,0,0,,False,True,corporate_actions;identity;price_volume;security_type,BASE_CANDIDATE;ELIGIBLE_RANKING_INPUT
609731512019243817,SNDK1,2006-07-05,2006-08-02,126,21,21,0,0,21,0,0,0,0,0,0,0,,False,True,corporate_actions;identity;price_volume;security_type,BASE_CANDIDATE;ELIGIBLE_RANKING_INPUT
609855399114247945,POZN,2006-07-05,2006-07-07,126,3,3,0,0,3,2,2,0,0,0,0,0,105,False,True,corporate_actions;identity;price_volume;security_type,BASE_CANDIDATE;DURABLE_RANK;ELIGIBLE_RANKING_INPUT;ESTABLISHED_LEADERSHIP_POOL
610550910758960793,DOX,2006-07-05,2006-08-02,126,21,21,0,0,21,5,5,0,0,0,0,0,15,False,True,corporate_actions;identity;price_volume;security_type,BASE_CANDIDATE;DURABLE_RANK;ELIGIBLE_RANKING_INPUT;ESTABLISHED_LEADERSHIP_POOL
610608780185649068,AAP,2006-07-05,2006-08-02,126,21,21,0,0,21,0,0,0,0,0,0,0,,False,True,corporate_actions;identity;price_volume;security_type,BASE_CANDIDATE;ELIGIBLE_RANKING_INPUT
611108136506293163,OKE,2006-07-05,2006-08-02,126,21,21,0,0,21,3,3,10,0,0,0,0,43,False,True,corporate_actions;identity;price_volume;security_type,BASE_CANDIDATE;DURABLE_RANK;ELIGIBLE_RANKING_INPUT;ESTABLISHED_LEADERSHIP_POOL;RECENT_LEADERSHIP
612072551666845368,EMBJ,2006-07-05,2006-07-11,126,5,5,0,0,5,0,0,1,0,0,0,0,,False,True,corporate_actions;identity;price_volume;security_type,BASE_CANDIDATE;ELIGIBLE_RANKING_INPUT;RECENT_LEADERSHIP
613649028621277419,ROST,2006-07-05,2006-08-02,126,21,21,0,0,21,0,0,0,0,0,0,0,,False,True,corporate_actions;identity;price_volume;security_type,BASE_CANDIDATE;ELIGIBLE_RANKING_INPUT
613667223412137123,NFLX,2006-07-05,2006-08-02,126,21,21,0,0,21,0,0,0,0,0,0,0,,False,True,corporate_actions;identity;price_volume;security_type,BASE_CANDIDATE;ELIGIBLE_RANKING_INPUT
613773743361866675,EOG,2006-07-05,2006-08-02,126,21,21,0,0,21,0,0,12,0,0,0,0,,False,True,corporate_actions;identity;price_volume;security_type,BASE_CANDIDATE;ELIGIBLE_RANKING_INPUT;RECENT_LEADERSHIP
6147094595954990,MRSH,2006-07-05,2006-08-02,126,21,21,0,0,21,0,0,0,0,0,0,0,,False,True,corporate_actions;identity;price_volume;security_type,BASE_CANDIDATE;ELIGIBLE_RANKING_INPUT
614764004370436889,CYN1,2006-07-05,2006-08-02,126,21,21,0,0,21,0,0,0,0,0,0,0,,False,True,corporate_actions;identity;price_volume;security_type,BASE_CANDIDATE;ELIGIBLE_RANKING_INPUT
615536766865002123,KIM,2006-07-05,2006-08-02,126,21,21,0,0,21,0,0,1,0,0,0,0,,False,True,corporate_actions;identity;price_volume;security_type,BASE_CANDIDATE;ELIGIBLE_RANKING_INPUT;RECENT_LEADERSHIP
615574756486329759,UAA,2006-07-05,2006-08-02,126,21,21,0,0,21,0,0,10,0,0,0,0,,False,True,corporate_actions;identity;price_volume;security_type,BASE_CANDIDATE;ELIGIBLE_RANKING_INPUT;RECENT_LEADERSHIP
615895583930451320,VRSN,2006-07-05,2006-08-02,126,21,21,0,0,21,0,0,0,0,0,0,0,,False,True,corporate_actions;identity;price_volume;security_type,BASE_CANDIDATE;ELIGIBLE_RANKING_INPUT
616094711672632896,VEON,2006-07-05,2006-08-02,126,21,21,0,0,21,0,0,1,0,0,0,0,,False,True,corporate_actions;identity;price_volume;security_type,BASE_CANDIDATE;ELIGIBLE_RANKING_INPUT;RECENT_LEADERSHIP
616207656933335880,KMG1,2006-07-05,2006-08-02,126,21,21,0,0,21,0,0,6,0,0,0,0,,False,True,corporate_actions;identity;price_volume;security_type,BASE_CANDIDATE;ELIGIBLE_RANKING_INPUT;RECENT_LEADERSHIP
616611821894992872,FSH,2006-07-05,2006-08-02,126,21,21,0,0,21,0,0,0,0,0,0,0,,False,True,corporate_actions;identity;price_volume;security_type,BASE_CANDIDATE;ELIGIBLE_RANKING_INPUT
61757183973803179,AFFX,2006-07-05,2006-08-02,126,21,21,0,0,21,0,0,0,0,0,0,0,,False,True,corporate_actions;identity;price_volume;security_type,BASE_CANDIDATE;ELIGIBLE_RANKING_INPUT
61888726519324628,CCL,2006-07-05,2006-08-02,126,21,21,0,0,21,0,0,1,0,0,0,0,,False,True,corporate_actions;identity;price_volume;security_type,BASE_CANDIDATE;ELIGIBLE_RANKING_INPUT;RECENT_LEADERSHIP
619805285480648547,CDSCY,2006-07-14,2006-08-02,126,14,14,0,0,14,0,0,0,0,0,0,0,,False,True,corporate_actions;identity;price_volume;security_type,BASE_CANDIDATE;ELIGIBLE_RANKING_INPUT
621820083643116408,RL,2006-07-05,2006-08-02,126,21,21,0,0,21,0,0,0,0,0,0,0,,False,True,corporate_actions;identity;price_volume;security_type,BASE_CANDIDATE;ELIGIBLE_RANKING_INPUT
622802662196915364,RADCQ,2006-07-05,2006-07-19,126,11,11,0,0,11,9,9,0,0,0,0,0,28,False,True,corporate_actions;identity;price_volume;security_type,BASE_CANDIDATE;DURABLE_RANK;ELIGIBLE_RANKING_INPUT;ESTABLISHED_LEADERSHIP_POOL
623190443678201852,VIAB,2006-07-05,2006-08-02,126,21,21,0,0,21,0,0,0,0,0,0,0,,False,True,corporate_actions;identity;price_volume;security_type,BASE_CANDIDATE;ELIGIBLE_RANKING_INPUT
624027826602546033,LPX,2006-07-05,2006-08-02,126,21,21,0,0,21,0,0,0,0,0,0,0,,False,True,corporate_actions;identity;price_volume;security_type,BASE_CANDIDATE;ELIGIBLE_RANKING_INPUT
624525762102619037,XEL,2006-07-05,2006-08-02,126,16,16,0,0,16,0,0,0,0,0,0,0,,False,True,corporate_actions;identity;price_volume;security_type,BASE_CANDIDATE;ELIGIBLE_RANKING_INPUT
627794720624188128,BBWI,2006-07-05,2006-08-02,126,21,21,0,0,21,0,0,0,0,0,0,0,,False,True,corporate_actions;identity;price_volume;security_type,BASE_CANDIDATE;ELIGIBLE_RANKING_INPUT
628050901416285817,RYN,2006-07-05,2006-08-02,126,21,21,0,0,21,0,0,0,0,0,0,0,,False,True,corporate_actions;identity;price_volume;security_type,BASE_CANDIDATE;ELIGIBLE_RANKING_INPUT
629981451139075639,TIBX,2006-07-05,2006-08-02,126,21,21,0,0,21,0,0,6,0,0,0,0,,False,True,corporate_actions;identity;price_volume;security_type,BASE_CANDIDATE;ELIGIBLE_RANKING_INPUT;RECENT_LEADERSHIP
630850858039287520,CLGX,2006-07-05,2006-08-02,126,21,21,0,0,21,0,0,0,0,0,0,0,,False,True,corporate_actions;identity;price_volume;security_type,BASE_CANDIDATE;ELIGIBLE_RANKING_INPUT
630944279559257796,WOR,2006-07-06,2006-07-06,126,1,1,0,0,1,0,0,1,0,0,0,0,,False,True,corporate_actions;identity;price_volume;security_type,BASE_CANDIDATE;ELIGIBLE_RANKING_INPUT;RECENT_LEADERSHIP
631152957050863159,HUM,2006-07-05,2006-08-02,126,21,21,0,0,21,0,0,7,0,0,0,0,,False,True,corporate_actions;identity;price_volume;security_type,BASE_CANDIDATE;ELIGIBLE_RANKING_INPUT;RECENT_LEADERSHIP
631181427311568999,NUAN,2006-07-05,2006-07-05,126,1,1,0,0,1,0,0,1,0,0,0,0,,False,True,corporate_actions;identity;price_volume;security_type,BASE_CANDIDATE;ELIGIBLE_RANKING_INPUT;RECENT_LEADERSHIP
631714153765036714,MGI,2006-07-05,2006-08-02,126,21,21,0,0,21,17,17,0,0,0,0,0,26,False,True,corporate_actions;identity;price_volume;security_type,BASE_CANDIDATE;DURABLE_RANK;ELIGIBLE_RANKING_INPUT;ESTABLISHED_LEADERSHIP_POOL
633651266777779839,HWM,2006-07-05,2006-08-02,126,21,21,0,0,21,0,0,2,0,0,0,0,,False,True,corporate_actions;identity;price_volume;security_type,BASE_CANDIDATE;ELIGIBLE_RANKING_INPUT;RECENT_LEADERSHIP
63371714929571534,FMX,2006-07-05,2006-08-02,126,21,21,0,0,21,0,0,7,0,0,0,0,,False,True,corporate_actions;identity;price_volume;security_type,BASE_CANDIDATE;ELIGIBLE_RANKING_INPUT;RECENT_LEADERSHIP
634381883085978723,VFC,2006-07-05,2006-08-02,126,21,21,0,0,21,0,0,0,0,0,0,0,,False,True,corporate_actions;identity;price_volume;security_type,BASE_CANDIDATE;ELIGIBLE_RANKING_INPUT
635499515642261586,CRS,2006-07-05,2006-08-02,126,21,21,0,0,21,21,21,5,0,0,0,0,47,False,True,corporate_actions;identity;price_volume;security_type,BASE_CANDIDATE;DURABLE_RANK;ELIGIBLE_RANKING_INPUT;ESTABLISHED_LEADERSHIP_POOL;RECENT_LEADERSHIP
635946547491616325,MAR,2006-07-05,2006-08-02,126,21,21,0,0,21,0,0,0,0,0,0,0,,False,True,corporate_actions;identity;price_volume;security_type,BASE_CANDIDATE;ELIGIBLE_RANKING_INPUT
636024723588983911,LRCX,2006-07-05,2006-08-02,126,21,21,0,0,21,0,0,0,0,0,0,0,,False,True,corporate_actions;identity;price_volume;security_type,BASE_CANDIDATE;ELIGIBLE_RANKING_INPUT
636846793535425862,CCU1,2006-07-05,2006-08-02,126,21,21,0,0,21,0,0,0,0,0,0,0,,False,True,corporate_actions;identity;price_volume;security_type,BASE_CANDIDATE;ELIGIBLE_RANKING_INPUT
637909705699116035,TIF,2006-07-05,2006-08-02,126,21,21,0,0,21,0,0,0,0,0,0,0,,False,True,corporate_actions;identity;price_volume;security_type,BASE_CANDIDATE;ELIGIBLE_RANKING_INPUT
638058886261681532,DDS,2006-07-05,2006-08-02,126,21,21,0,0,21,4,4,1,0,0,0,0,21,False,True,corporate_actions;identity;price_volume;security_type,BASE_CANDIDATE;DURABLE_RANK;ELIGIBLE_RANKING_INPUT;ESTABLISHED_LEADERSHIP_POOL;RECENT_LEADERSHIP
638675262188798961,BCR,2006-07-05,2006-08-02,126,21,21,0,0,21,0,0,0,0,0,0,0,,False,True,corporate_actions;identity;price_volume;security_type,BASE_CANDIDATE;ELIGIBLE_RANKING_INPUT
639752940331870587,GPN,2006-07-05,2006-08-02,126,21,21,0,0,21,0,0,0,0,0,0,0,,False,True,corporate_actions;identity;price_volume;security_type,BASE_CANDIDATE;ELIGIBLE_RANKING_INPUT
640768725230445893,AN,2006-07-05,2006-08-02,126,21,21,0,0,21,0,0,0,0,0,0,0,,False,True,corporate_actions;identity;price_volume;security_type,BASE_CANDIDATE;ELIGIBLE_RANKING_INPUT
640923868469957513,EFX,2006-07-05,2006-08-02,126,21,21,0,0,21,0,0,0,0,0,0,0,,False,True,corporate_actions;identity;price_volume;security_type,BASE_CANDIDATE;ELIGIBLE_RANKING_INPUT
643216859069485864,FUL,2006-07-05,2006-07-14,126,5,5,0,0,5,5,5,0,0,0,0,0,13,False,True,corporate_actions;identity;price_volume;security_type,BASE_CANDIDATE;DURABLE_RANK;ELIGIBLE_RANKING_INPUT;ESTABLISHED_LEADERSHIP_POOL
643640553460212683,INFA1,2006-07-05,2006-08-02,126,13,13,0,0,13,0,0,0,0,0,0,0,,False,True,corporate_actions;identity;price_volume;security_type,BASE_CANDIDATE;ELIGIBLE_RANKING_INPUT
644546217848577516,MGLN,2006-07-05,2006-07-05,126,1,1,0,0,1,0,0,0,0,0,0,0,,False,True,corporate_actions;identity;price_volume;security_type,BASE_CANDIDATE;ELIGIBLE_RANKING_INPUT
64512338953698212,CBH1,2006-07-05,2006-08-02,126,21,21,0,0,21,0,0,0,0,0,0,0,,False,True,corporate_actions;identity;price_volume;security_type,BASE_CANDIDATE;ELIGIBLE_RANKING_INPUT
645887644373020478,LVLT,2006-07-05,2006-08-02,126,21,21,0,0,21,11,11,0,0,0,0,0,57,False,True,corporate_actions;identity;price_volume;security_type,BASE_CANDIDATE;DURABLE_RANK;ELIGIBLE_RANKING_INPUT;ESTABLISHED_LEADERSHIP_POOL
64677983453576225,UB,2006-07-05,2006-08-02,126,21,21,0,0,21,0,0,0,0,0,0,0,,False,True,corporate_actions;identity;price_volume;security_type,BASE_CANDIDATE;ELIGIBLE_RANKING_INPUT
647878730222364752,CBST,2006-07-05,2006-08-02,126,21,21,0,0,21,0,0,0,0,0,0,0,,False,True,corporate_actions;identity;price_volume;security_type,BASE_CANDIDATE;ELIGIBLE_RANKING_INPUT
647949771662877522,ACS,2006-07-05,2006-08-02,126,21,21,0,0,21,0,0,0,0,0,0,0,,False,True,corporate_actions;identity;price_volume;security_type,BASE_CANDIDATE;ELIGIBLE_RANKING_INPUT
648137297428991067,EQIX,2006-07-05,2006-07-28,126,18,18,0,0,18,6,6,0,0,0,0,0,54,False,True,corporate_actions;identity;price_volume;security_type,BASE_CANDIDATE;DURABLE_RANK;ELIGIBLE_RANKING_INPUT;ESTABLISHED_LEADERSHIP_POOL
648387948340849538,TRMB,2006-07-26,2006-08-02,126,6,6,0,0,6,0,0,4,0,0,0,0,,False,True,corporate_actions;identity;price_volume;security_type,BASE_CANDIDATE;ELIGIBLE_RANKING_INPUT;RECENT_LEADERSHIP
650722122681389178,ICE,2006-07-05,2006-08-02,126,21,21,0,0,21,3,3,13,0,0,0,0,106,False,True,corporate_actions;identity;price_volume;security_type,BASE_CANDIDATE;DURABLE_RANK;ELIGIBLE_RANKING_INPUT;ESTABLISHED_LEADERSHIP_POOL;RECENT_LEADERSHIP
651018872847633128,RYL,2006-07-05,2006-08-02,126,21,21,0,0,21,0,0,0,0,0,0,0,,False,True,corporate_actions;identity;price_volume;security_type,BASE_CANDIDATE;ELIGIBLE_RANKING_INPUT
651262942662280049,NTRS,2006-07-05,2006-08-02,126,21,21,0,0,21,0,0,0,0,0,0,0,,False,True,corporate_actions;identity;price_volume;security_type,BASE_CANDIDATE;ELIGIBLE_RANKING_INPUT
651434308320501936,UNP,2006-07-05,2006-08-02,126,21,21,0,0,21,0,0,0,0,0,0,0,,False,True,corporate_actions;identity;price_volume;security_type,BASE_CANDIDATE;ELIGIBLE_RANKING_INPUT
651798515940468989,LAUR1,2006-07-21,2006-08-02,126,9,9,0,0,9,0,0,1,0,0,0,0,,False,True,corporate_actions;identity;price_volume;security_type,BASE_CANDIDATE;ELIGIBLE_RANKING_INPUT;RECENT_LEADERSHIP
652203078943743046,CNSY,2006-07-05,2006-07-06,126,2,2,0,0,2,0,0,0,0,0,0,0,,False,True,corporate_actions;identity;price_volume;security_type,BASE_CANDIDATE;ELIGIBLE_RANKING_INPUT
652563215601597373,TFCFA,2006-07-05,2006-08-02,126,21,21,0,0,21,0,0,0,0,0,0,0,,False,True,corporate_actions;identity;price_volume;security_type,BASE_CANDIDATE;ELIGIBLE_RANKING_INPUT
652994690256574128,PGR,2006-07-05,2006-08-02,126,21,21,0,0,21,0,0,0,0,0,0,0,,False,True,corporate_actions;identity;price_volume;security_type,BASE_CANDIDATE;ELIGIBLE_RANKING_INPUT
653581521973665711,NVLS1,2006-07-05,2006-08-02,126,21,21,0,0,21,0,0,0,0,0,0,0,,False,True,corporate_actions;identity;price_volume;security_type,BASE_CANDIDATE;ELIGIBLE_RANKING_INPUT
654250324463497373,CSC,2006-07-05,2006-08-02,126,21,21,0,0,21,0,0,0,0,0,0,0,,False,True,corporate_actions;identity;price_volume;security_type,BASE_CANDIDATE;ELIGIBLE_RANKING_INPUT
655349657355460032,CMG,2006-07-27,2006-08-02,126,5,5,0,0,5,5,5,0,0,0,0,0,45,False,True,corporate_actions;identity;price_volume;security_type,BASE_CANDIDATE;DURABLE_RANK;ELIGIBLE_RANKING_INPUT;ESTABLISHED_LEADERSHIP_POOL
655633341797623621,NOC,2006-07-05,2006-08-02,126,21,21,0,0,21,0,0,0,0,0,0,0,,False,True,corporate_actions;identity;price_volume;security_type,BASE_CANDIDATE;ELIGIBLE_RANKING_INPUT
657581892454514237,FBNIQ,2006-07-05,2006-08-02,126,21,21,0,0,21,0,0,0,0,0,0,0,,False,True,corporate_actions;identity;price_volume;security_type,BASE_CANDIDATE;ELIGIBLE_RANKING_INPUT
660923977604235073,PPDI,2006-07-18,2006-08-02,126,12,12,0,0,12,0,0,11,0,0,0,0,,False,True,corporate_actions;identity;price_volume;security_type,BASE_CANDIDATE;ELIGIBLE_RANKING_INPUT;RECENT_LEADERSHIP
66103160004367746,CY,2006-07-05,2006-08-02,126,21,21,0,0,21,0,0,1,0,0,0,0,,False,True,corporate_actions;identity;price_volume;security_type,BASE_CANDIDATE;ELIGIBLE_RANKING_INPUT;RECENT_LEADERSHIP
661570739048588082,EXC,2006-07-05,2006-08-02,126,21,21,0,0,21,0,0,0,0,0,0,0,,False,True,corporate_actions;identity;price_volume;security_type,BASE_CANDIDATE;ELIGIBLE_RANKING_INPUT
661925293266930660,CMI,2006-07-05,2006-08-02,126,21,21,0,0,21,1,1,5,0,0,0,0,40,False,True,corporate_actions;identity;price_volume;security_type,BASE_CANDIDATE;DURABLE_RANK;ELIGIBLE_RANKING_INPUT;ESTABLISHED_LEADERSHIP_POOL;RECENT_LEADERSHIP
663824987459187249,NFP,2006-07-05,2006-07-11,126,5,5,0,0,5,0,0,0,0,0,0,0,,False,True,corporate_actions;identity;price_volume;security_type,BASE_CANDIDATE;ELIGIBLE_RANKING_INPUT
664149503020930579,STX,2006-07-05,2006-08-02,126,21,21,0,0,21,0,0,5,0,0,0,0,,False,True,corporate_actions;identity;price_volume;security_type,BASE_CANDIDATE;ELIGIBLE_RANKING_INPUT;RECENT_LEADERSHIP
665989323461579493,BYD,2006-07-05,2006-08-02,126,21,21,0,0,21,0,0,0,0,0,0,0,,False,True,corporate_actions;identity;price_volume;security_type,BASE_CANDIDATE;ELIGIBLE_RANKING_INPUT
666213757158531660,MGA,2006-07-05,2006-08-01,126,20,20,0,0,20,0,0,0,0,0,0,0,,False,True,corporate_actions;identity;price_volume;security_type,BASE_CANDIDATE;ELIGIBLE_RANKING_INPUT
666950814132995667,NXGN,2006-07-05,2006-07-06,126,2,2,0,0,2,0,0,2,0,0,0,0,,False,True,corporate_actions;identity;price_volume;security_type,BASE_CANDIDATE;ELIGIBLE_RANKING_INPUT;RECENT_LEADERSHIP
667140484759602374,ALD1,2006-07-19,2006-08-02,126,11,11,0,0,11,0,0,0,0,0,0,0,,False,True,corporate_actions;identity;price_volume;security_type,BASE_CANDIDATE;ELIGIBLE_RANKING_INPUT
669049502204944902,FDC1,2006-07-05,2006-08-02,126,21,21,0,0,21,0,0,0,0,0,0,0,,False,True,corporate_actions;identity;price_volume;security_type,BASE_CANDIDATE;ELIGIBLE_RANKING_INPUT
669378209811695381,AMGN,2006-07-05,2006-08-02,126,21,21,0,0,21,0,0,0,0,0,0,0,,False,True,corporate_actions;identity;price_volume;security_type,BASE_CANDIDATE;ELIGIBLE_RANKING_INPUT
669905279120491866,AES,2006-07-05,2006-08-02,126,21,21,0,0,21,0,0,9,0,0,0,0,,False,True,corporate_actions;identity;price_volume;security_type,BASE_CANDIDATE;ELIGIBLE_RANKING_INPUT;RECENT_LEADERSHIP
671156860799182295,ANDE,2006-07-05,2006-08-02,126,21,21,0,0,21,21,21,1,0,0,0,0,8,False,True,corporate_actions;identity;price_volume;security_type,BASE_CANDIDATE;DURABLE_RANK;ELIGIBLE_RANKING_INPUT;ESTABLISHED_LEADERSHIP_POOL;RECENT_LEADERSHIP
671730627296550362,MTH,2006-07-05,2006-08-02,126,21,21,0,0,21,0,0,0,0,0,0,0,,False,True,corporate_actions;identity;price_volume;security_type,BASE_CANDIDATE;ELIGIBLE_RANKING_INPUT
672741764229225185,GFI,2006-07-05,2006-08-02,126,21,21,0,0,21,0,0,12,0,0,0,0,,False,True,corporate_actions;identity;price_volume;security_type,BASE_CANDIDATE;ELIGIBLE_RANKING_INPUT;RECENT_LEADERSHIP
673904018783623950,CFC,2006-07-05,2006-08-02,126,21,21,0,0,21,0,0,0,0,0,0,0,,False,True,corporate_actions;identity;price_volume;security_type,BASE_CANDIDATE;ELIGIBLE_RANKING_INPUT
674193744234309649,SYY,2006-07-05,2006-08-02,126,21,21,0,0,21,0,0,0,0,0,0,0,,False,True,corporate_actions;identity;price_volume;security_type,BASE_CANDIDATE;ELIGIBLE_RANKING_INPUT
674623940736324265,TLAB,2006-07-05,2006-08-02,126,21,21,0,0,21,13,13,0,0,0,0,0,88,False,True,corporate_actions;identity;price_volume;security_type,BASE_CANDIDATE;DURABLE_RANK;ELIGIBLE_RANKING_INPUT;ESTABLISHED_LEADERSHIP_POOL
675395347301985910,AIZ,2006-07-05,2006-08-02,126,21,21,0,0,21,0,0,0,0,0,0,0,,False,True,corporate_actions;identity;price_volume;security_type,BASE_CANDIDATE;ELIGIBLE_RANKING_INPUT
675535463669199653,CPB,2006-07-05,2006-08-02,126,21,21,0,0,21,5,5,0,0,0,0,0,1,False,True,corporate_actions;identity;price_volume;security_type,BASE_CANDIDATE;DURABLE_RANK;ELIGIBLE_RANKING_INPUT;ESTABLISHED_LEADERSHIP_POOL
675540632474526608,UST1,2006-07-05,2006-08-02,126,21,21,0,0,21,0,0,11,0,0,0,0,,False,True,corporate_actions;identity;price_volume;security_type,BASE_CANDIDATE;ELIGIBLE_RANKING_INPUT;RECENT_LEADERSHIP
675919317518237068,JOY,2006-07-05,2006-08-02,126,21,21,0,0,21,0,0,0,0,0,0,0,,False,True,corporate_actions;identity;price_volume;security_type,BASE_CANDIDATE;ELIGIBLE_RANKING_INPUT
677047387677583165,HCBK,2006-07-05,2006-08-02,126,21,21,0,0,21,0,0,0,0,0,0,0,,False,True,corporate_actions;identity;price_volume;security_type,BASE_CANDIDATE;ELIGIBLE_RANKING_INPUT
680554584098113739,GRP1,2006-07-05,2006-08-02,126,21,21,0,0,21,0,0,0,0,0,0,0,,False,True,corporate_actions;identity;price_volume;security_type,BASE_CANDIDATE;ELIGIBLE_RANKING_INPUT
680600122644068038,VZ,2006-07-05,2006-08-02,126,21,21,0,0,21,0,0,0,0,0,0,0,,False,True,corporate_actions;identity;price_volume;security_type,BASE_CANDIDATE;ELIGIBLE_RANKING_INPUT
68079156951786654,PEG,2006-07-05,2006-08-02,126,21,21,0,0,21,0,0,0,0,0,0,0,,False,True,corporate_actions;identity;price_volume;security_type,BASE_CANDIDATE;ELIGIBLE_RANKING_INPUT
683268266638911611,WTI,2006-07-21,2006-08-02,126,9,9,0,0,9,0,0,0,0,0,0,0,,False,True,corporate_actions;identity;price_volume;security_type,BASE_CANDIDATE;ELIGIBLE_RANKING_INPUT
68479681776669621,MOGN,2006-07-05,2006-08-02,126,12,12,0,0,12,11,11,1,0,0,0,0,30,False,True,corporate_actions;identity;price_volume;security_type,BASE_CANDIDATE;DURABLE_RANK;ELIGIBLE_RANKING_INPUT;ESTABLISHED_LEADERSHIP_POOL;RECENT_LEADERSHIP
684799799421905685,DLX,2006-07-27,2006-07-28,126,2,2,0,0,2,0,0,0,0,0,0,0,,False,True,corporate_actions;identity;price_volume;security_type,BASE_CANDIDATE;ELIGIBLE_RANKING_INPUT
685051823089653812,DBDQQ,2006-07-05,2006-07-19,126,11,11,0,0,11,0,0,0,0,0,0,0,,False,True,corporate_actions;identity;price_volume;security_type,BASE_CANDIDATE;ELIGIBLE_RANKING_INPUT
685580789639317612,RIO,2006-07-05,2006-08-02,126,21,21,0,0,21,0,0,0,0,0,0,0,,False,True,corporate_actions;identity;price_volume;security_type,BASE_CANDIDATE;ELIGIBLE_RANKING_INPUT
686047062533405667,EBAY,2006-07-05,2006-08-02,126,21,21,0,0,21,0,0,0,0,0,0,0,,False,True,corporate_actions;identity;price_volume;security_type,BASE_CANDIDATE;ELIGIBLE_RANKING_INPUT
687854526123548690,HIG,2006-07-05,2006-08-02,126,21,21,0,0,21,0,0,0,0,0,0,0,,False,True,corporate_actions;identity;price_volume;security_type,BASE_CANDIDATE;ELIGIBLE_RANKING_INPUT
687957854936610949,XOM,2006-07-05,2006-08-02,126,21,21,0,0,21,0,0,12,0,0,0,0,,False,True,corporate_actions;identity;price_volume;security_type,BASE_CANDIDATE;ELIGIBLE_RANKING_INPUT;RECENT_LEADERSHIP
688155077586325627,CVD,2006-07-05,2006-08-02,126,21,21,0,0,21,0,0,0,0,0,0,0,,False,True,corporate_actions;identity;price_volume;security_type,BASE_CANDIDATE;ELIGIBLE_RANKING_INPUT
68981430063663672,HW,2006-07-05,2006-08-02,126,10,10,0,0,10,0,0,0,0,0,0,0,,False,True,corporate_actions;identity;price_volume;security_type,BASE_CANDIDATE;ELIGIBLE_RANKING_INPUT
690477503339280118,LAMR,2006-07-05,2006-08-02,126,21,21,0,0,21,0,0,0,0,0,0,0,,False,True,corporate_actions;identity;price_volume;security_type,BASE_CANDIDATE;ELIGIBLE_RANKING_INPUT
690655536850013765,APC1,2006-07-05,2006-08-02,126,21,21,0,0,21,0,0,0,0,0,0,0,,False,True,corporate_actions;identity;price_volume;security_type,BASE_CANDIDATE;ELIGIBLE_RANKING_INPUT
691509071280886073,XLNX,2006-07-05,2006-08-02,126,21,21,0,0,21,0,0,0,0,0,0,0,,False,True,corporate_actions;identity;price_volume;security_type,BASE_CANDIDATE;ELIGIBLE_RANKING_INPUT
691512578821020311,MFC,2006-07-05,2006-07-31,126,19,19,0,0,19,0,0,0,0,0,0,0,,False,True,corporate_actions;identity;price_volume;security_type,BASE_CANDIDATE;ELIGIBLE_RANKING_INPUT
694575590377385878,OSI2,2006-07-05,2006-08-02,126,21,21,0,0,21,0,0,0,0,0,0,0,,False,True,corporate_actions;identity;price_volume;security_type,BASE_CANDIDATE;ELIGIBLE_RANKING_INPUT
694907558277776103,FILE,2006-08-01,2006-08-02,126,2,2,0,0,2,0,0,2,0,0,0,0,,False,True,corporate_actions;identity;price_volume;security_type,BASE_CANDIDATE;ELIGIBLE_RANKING_INPUT;RECENT_LEADERSHIP
696702663051800713,ADCT1,2006-07-05,2006-08-02,126,21,21,0,0,21,0,0,0,0,0,0,0,,False,True,corporate_actions;identity;price_volume;security_type,BASE_CANDIDATE;ELIGIBLE_RANKING_INPUT
697608626643031114,FRO,2006-07-05,2006-08-02,126,21,21,0,0,21,0,0,12,0,0,0,0,,False,True,corporate_actions;identity;price_volume;security_type,BASE_CANDIDATE;ELIGIBLE_RANKING_INPUT;RECENT_LEADERSHIP
697718065377043450,EL,2006-07-05,2006-08-02,126,21,21,0,0,21,0,0,0,0,0,0,0,,False,True,corporate_actions;identity;price_volume;security_type,BASE_CANDIDATE;ELIGIBLE_RANKING_INPUT
698351743824821299,CL,2006-07-05,2006-08-02,126,21,21,0,0,21,0,0,0,0,0,0,0,,False,True,corporate_actions;identity;price_volume;security_type,BASE_CANDIDATE;ELIGIBLE_RANKING_INPUT
698387077547445936,SNV,2006-07-05,2006-08-02,126,21,21,0,0,21,0,0,0,0,0,0,0,,False,True,corporate_actions;identity;price_volume;security_type,BASE_CANDIDATE;ELIGIBLE_RANKING_INPUT
698882906995507537,PVH,2006-07-05,2006-07-28,126,18,18,0,0,18,0,0,0,0,0,0,0,,False,True,corporate_actions;identity;price_volume;security_type,BASE_CANDIDATE;ELIGIBLE_RANKING_INPUT
70004177131076678,ACLI,2006-07-05,2006-08-02,126,21,21,0,0,21,21,21,0,1,20,0,0,3,False,True,corporate_actions;execution_open;identity;price_volume;security_type;terminal,BASE_CANDIDATE;DURABLE_RANK;ELIGIBLE_RANKING_INPUT;ESTABLISHED_LEADERSHIP_POOL;HELD_POSITION;PENDING_ORDER
701268836378113184,LMT,2006-07-05,2006-08-02,126,21,21,0,0,21,0,0,5,0,0,0,0,,False,True,corporate_actions;identity;price_volume;security_type,BASE_CANDIDATE;ELIGIBLE_RANKING_INPUT;RECENT_LEADERSHIP
701739764192581803,ON,2006-07-31,2006-08-02,126,3,3,0,0,3,0,0,1,0,0,0,0,,False,True,corporate_actions;identity;price_volume;security_type,BASE_CANDIDATE;ELIGIBLE_RANKING_INPUT;RECENT_LEADERSHIP
704390691671505599,PCP,2006-07-05,2006-08-02,126,21,21,0,0,21,0,0,0,0,0,0,0,,False,True,corporate_actions;identity;price_volume;security_type,BASE_CANDIDATE;ELIGIBLE_RANKING_INPUT
7075474658542838,CXW,2006-07-05,2006-07-28,126,18,18,0,0,18,0,0,1,0,0,0,0,,False,True,corporate_actions;identity;price_volume;security_type,BASE_CANDIDATE;ELIGIBLE_RANKING_INPUT;RECENT_LEADERSHIP
709117510027464757,HCA1,2006-07-05,2006-08-02,126,21,21,0,0,21,0,0,10,0,0,0,0,,False,True,corporate_actions;identity;price_volume;security_type,BASE_CANDIDATE;ELIGIBLE_RANKING_INPUT;RECENT_LEADERSHIP
710093988276319303,STI1,2006-07-05,2006-08-02,126,21,21,0,0,21,0,0,0,0,0,0,0,,False,True,corporate_actions;identity;price_volume;security_type,BASE_CANDIDATE;ELIGIBLE_RANKING_INPUT
71106764588941805,HSOA,2006-07-05,2006-07-11,126,5,5,0,0,5,5,5,0,0,0,0,0,29,False,True,corporate_actions;identity;price_volume;security_type,BASE_CANDIDATE;DURABLE_RANK;ELIGIBLE_RANKING_INPUT;ESTABLISHED_LEADERSHIP_POOL
711458655922744689,TFC,2006-07-05,2006-08-02,126,21,21,0,0,21,0,0,0,0,0,0,0,,False,True,corporate_actions;identity;price_volume;security_type,BASE_CANDIDATE;ELIGIBLE_RANKING_INPUT
712635479428643850,LH,2006-07-05,2006-08-02,126,21,21,0,0,21,0,0,0,0,0,0,0,,False,True,corporate_actions;identity;price_volume;security_type,BASE_CANDIDATE;ELIGIBLE_RANKING_INPUT
712878003671592357,JBHT,2006-07-05,2006-08-02,126,21,21,0,0,21,0,0,0,0,0,0,0,,False,True,corporate_actions;identity;price_volume;security_type,BASE_CANDIDATE;ELIGIBLE_RANKING_INPUT
713175584277875550,E,2006-07-05,2006-07-21,126,13,13,0,0,13,0,0,0,0,0,0,0,,False,True,corporate_actions;identity;price_volume;security_type,BASE_CANDIDATE;ELIGIBLE_RANKING_INPUT
714672576472341981,BHC,2006-08-01,2006-08-02,126,2,2,0,0,2,0,0,0,0,0,0,0,,False,True,corporate_actions;identity;price_volume;security_type,BASE_CANDIDATE;ELIGIBLE_RANKING_INPUT
716067312355010701,NWL,2006-07-05,2006-08-02,126,21,21,0,0,21,0,0,0,0,0,0,0,,False,True,corporate_actions;identity;price_volume;security_type,BASE_CANDIDATE;ELIGIBLE_RANKING_INPUT
716105497265613512,HAL,2006-07-05,2006-08-02,126,21,21,0,0,21,0,0,0,0,0,0,0,,False,True,corporate_actions;identity;price_volume;security_type,BASE_CANDIDATE;ELIGIBLE_RANKING_INPUT
716161414369132214,CMX,2006-07-05,2006-08-02,126,21,21,0,0,21,0,0,9,0,0,0,0,,False,True,corporate_actions;identity;price_volume;security_type,BASE_CANDIDATE;ELIGIBLE_RANKING_INPUT;RECENT_LEADERSHIP
718041800216916370,PAYX,2006-07-05,2006-08-02,126,21,21,0,0,21,0,0,0,0,0,0,0,,False,True,corporate_actions;identity;price_volume;security_type,BASE_CANDIDATE;ELIGIBLE_RANKING_INPUT
718098875444344211,HCR1,2006-07-05,2006-08-02,126,21,21,0,0,21,0,0,0,0,0,0,0,,False,True,corporate_actions;identity;price_volume;security_type,BASE_CANDIDATE;ELIGIBLE_RANKING_INPUT
718843729232494238,ENERQ,2006-07-05,2006-08-02,126,21,21,0,0,21,0,0,0,0,0,0,0,,False,True,corporate_actions;identity;price_volume;security_type,BASE_CANDIDATE;ELIGIBLE_RANKING_INPUT
720308907044255892,TTI,2006-07-05,2006-08-02,126,21,21,0,0,21,21,21,3,1,20,0,0,8,False,True,corporate_actions;execution_open;identity;price_volume;security_type;terminal,BASE_CANDIDATE;DURABLE_RANK;ELIGIBLE_RANKING_INPUT;ESTABLISHED_LEADERSHIP_POOL;HELD_POSITION;PENDING_ORDER;RECENT_LEADERSHIP
720528315779575863,OSK,2006-07-05,2006-08-02,126,21,21,0,0,21,0,0,0,0,0,0,0,,False,True,corporate_actions;identity;price_volume;security_type,BASE_CANDIDATE;ELIGIBLE_RANKING_INPUT
721191762376856859,BMC,2006-07-05,2006-08-02,126,21,21,0,0,21,0,0,2,0,0,0,0,,False,True,corporate_actions;identity;price_volume;security_type,BASE_CANDIDATE;ELIGIBLE_RANKING_INPUT;RECENT_LEADERSHIP
721667406028775310,PNW,2006-07-21,2006-08-02,126,9,9,0,0,9,0,0,7,0,0,0,0,,False,True,corporate_actions;identity;price_volume;security_type,BASE_CANDIDATE;ELIGIBLE_RANKING_INPUT;RECENT_LEADERSHIP
72181214696755616,NEM,2006-07-05,2006-08-02,126,21,21,0,0,21,0,0,2,0,0,0,0,,False,True,corporate_actions;identity;price_volume;security_type,BASE_CANDIDATE;ELIGIBLE_RANKING_INPUT;RECENT_LEADERSHIP
72497313170385714,BBY,2006-07-05,2006-08-02,126,21,21,0,0,21,0,0,0,0,0,0,0,,False,True,corporate_actions;identity;price_volume;security_type,BASE_CANDIDATE;ELIGIBLE_RANKING_INPUT
725438445072493950,BGGSQ,2006-07-24,2006-08-02,126,8,8,0,0,8,0,0,0,0,0,0,0,,False,True,corporate_actions;identity;price_volume;security_type,BASE_CANDIDATE;ELIGIBLE_RANKING_INPUT
725506718876931046,DE,2006-07-05,2006-08-02,126,21,21,0,0,21,0,0,0,0,0,0,0,,False,True,corporate_actions;identity;price_volume;security_type,BASE_CANDIDATE;ELIGIBLE_RANKING_INPUT
726229648304968707,TWX,2006-07-05,2006-08-02,126,21,21,0,0,21,0,0,0,0,0,0,0,,False,True,corporate_actions;identity;price_volume;security_type,BASE_CANDIDATE;ELIGIBLE_RANKING_INPUT
727654521122872319,EP1,2006-07-05,2006-08-02,126,21,21,0,0,21,0,0,1,0,0,0,0,,False,True,corporate_actions;identity;price_volume;security_type,BASE_CANDIDATE;ELIGIBLE_RANKING_INPUT;RECENT_LEADERSHIP
728424009236554971,ACTA,2006-07-05,2006-08-02,126,21,21,0,0,21,0,0,0,0,0,0,0,,False,True,corporate_actions;identity;price_volume;security_type,BASE_CANDIDATE;ELIGIBLE_RANKING_INPUT
728713302281578325,CCJ,2006-07-05,2006-08-02,126,21,21,0,0,21,0,0,2,0,0,0,0,,False,True,corporate_actions;identity;price_volume;security_type,BASE_CANDIDATE;ELIGIBLE_RANKING_INPUT;RECENT_LEADERSHIP
729651305000677750,MAS,2006-07-05,2006-08-02,126,21,21,0,0,21,0,0,0,0,0,0,0,,False,True,corporate_actions;identity;price_volume;security_type,BASE_CANDIDATE;ELIGIBLE_RANKING_INPUT
732428359392320882,PRE1,2006-07-27,2006-08-02,126,5,5,0,0,5,0,0,0,0,0,0,0,,False,True,corporate_actions;identity;price_volume;security_type,BASE_CANDIDATE;ELIGIBLE_RANKING_INPUT
733607412701705581,BMET,2006-07-05,2006-08-02,126,21,21,0,0,21,0,0,1,0,0,0,0,,False,True,corporate_actions;identity;price_volume;security_type,BASE_CANDIDATE;ELIGIBLE_RANKING_INPUT;RECENT_LEADERSHIP
734348055751965877,ATW,2006-07-05,2006-07-11,126,5,5,0,0,5,0,0,0,0,0,0,0,,False,True,corporate_actions;identity;price_volume;security_type,BASE_CANDIDATE;ELIGIBLE_RANKING_INPUT
734562734321827111,INVX,2006-07-05,2006-08-02,126,21,21,0,0,21,19,19,6,0,0,0,0,62,False,True,corporate_actions;identity;price_volume;security_type,BASE_CANDIDATE;DURABLE_RANK;ELIGIBLE_RANKING_INPUT;ESTABLISHED_LEADERSHIP_POOL;RECENT_LEADERSHIP
736127636795898067,PWR,2006-07-05,2006-08-02,126,19,19,0,0,19,1,1,0,0,0,0,0,92,False,True,corporate_actions;identity;price_volume;security_type,BASE_CANDIDATE;DURABLE_RANK;ELIGIBLE_RANKING_INPUT;ESTABLISHED_LEADERSHIP_POOL
736129377661170936,BTUUQ,2006-07-05,2006-08-02,126,21,21,0,0,21,2,2,1,0,0,0,0,96,False,True,corporate_actions;identity;price_volume;security_type,BASE_CANDIDATE;DURABLE_RANK;ELIGIBLE_RANKING_INPUT;ESTABLISHED_LEADERSHIP_POOL;RECENT_LEADERSHIP
736706163712731141,AMX,2006-07-05,2006-08-02,126,21,21,0,0,21,0,0,8,0,0,0,0,,False,True,corporate_actions;identity;price_volume;security_type,BASE_CANDIDATE;ELIGIBLE_RANKING_INPUT;RECENT_LEADERSHIP
737269177517882022,SWKS,2006-07-13,2006-08-02,126,10,10,0,0,10,0,0,0,0,0,0,0,,False,True,corporate_actions;identity;price_volume;security_type,BASE_CANDIDATE;ELIGIBLE_RANKING_INPUT
737610379934039408,OXPS,2006-07-05,2006-08-02,126,21,21,0,0,21,0,0,4,0,0,0,0,,False,True,corporate_actions;identity;price_volume;security_type,BASE_CANDIDATE;ELIGIBLE_RANKING_INPUT;RECENT_LEADERSHIP
739571744881917717,FLSH,2006-07-05,2006-08-02,126,21,21,0,0,21,0,0,3,0,0,0,0,,False,True,corporate_actions;identity;price_volume;security_type,BASE_CANDIDATE;ELIGIBLE_RANKING_INPUT;RECENT_LEADERSHIP
739770619759153468,DEO,2006-07-05,2006-08-02,126,21,21,0,0,21,0,0,0,0,0,0,0,,False,True,corporate_actions;identity;price_volume;security_type,BASE_CANDIDATE;ELIGIBLE_RANKING_INPUT
740936965549864508,BRCM,2006-07-05,2006-08-02,126,21,21,0,0,21,0,0,0,0,0,0,0,,False,True,corporate_actions;identity;price_volume;security_type,BASE_CANDIDATE;ELIGIBLE_RANKING_INPUT
740994347344182084,EYE2,2006-07-05,2006-08-02,126,21,21,0,0,21,0,0,3,0,0,0,0,,False,True,corporate_actions;identity;price_volume;security_type,BASE_CANDIDATE;ELIGIBLE_RANKING_INPUT;RECENT_LEADERSHIP
742455654792357520,ARGO,2006-07-05,2006-08-02,126,21,21,0,0,21,0,0,0,0,0,0,0,,False,True,corporate_actions;identity;price_volume;security_type,BASE_CANDIDATE;ELIGIBLE_RANKING_INPUT
74286179754649606,GLBL1,2006-07-05,2006-07-28,126,18,18,0,0,18,11,11,0,0,0,0,0,26,False,True,corporate_actions;identity;price_volume;security_type,BASE_CANDIDATE;DURABLE_RANK;ELIGIBLE_RANKING_INPUT;ESTABLISHED_LEADERSHIP_POOL
7432617456446210,HSH,2006-07-05,2006-08-02,126,21,21,0,0,21,0,0,0,0,0,0,0,,False,True,corporate_actions;identity;price_volume;security_type,BASE_CANDIDATE;ELIGIBLE_RANKING_INPUT
743513794597056069,XEC,2006-07-05,2006-08-02,126,21,21,0,0,21,0,0,0,0,0,0,0,,False,True,corporate_actions;identity;price_volume;security_type,BASE_CANDIDATE;ELIGIBLE_RANKING_INPUT
745755623029130839,KMB,2006-07-05,2006-08-02,126,21,21,0,0,21,0,0,0,0,0,0,0,,False,True,corporate_actions;identity;price_volume;security_type,BASE_CANDIDATE;ELIGIBLE_RANKING_INPUT
746303916718780698,PNRA,2006-07-05,2006-08-02,126,21,21,0,0,21,0,0,0,0,0,0,0,,False,True,corporate_actions;identity;price_volume;security_type,BASE_CANDIDATE;ELIGIBLE_RANKING_INPUT
747992771333504975,CWTRQ,2006-07-05,2006-08-02,126,21,21,0,0,21,2,2,0,0,0,0,0,84,False,True,corporate_actions;identity;price_volume;security_type,BASE_CANDIDATE;DURABLE_RANK;ELIGIBLE_RANKING_INPUT;ESTABLISHED_LEADERSHIP_POOL
748749081724120196,HES,2006-07-05,2006-08-02,126,21,21,0,0,21,0,0,16,0,0,0,0,,False,True,corporate_actions;identity;price_volume;security_type,BASE_CANDIDATE;ELIGIBLE_RANKING_INPUT;RECENT_LEADERSHIP
748996679961773527,CI,2006-07-05,2006-08-02,126,21,21,0,0,21,0,0,7,0,0,0,0,,False,True,corporate_actions;identity;price_volume;security_type,BASE_CANDIDATE;ELIGIBLE_RANKING_INPUT;RECENT_LEADERSHIP
750130963446756239,UTHR,2006-07-05,2006-08-02,126,21,21,0,0,21,0,0,7,0,0,0,0,,False,True,corporate_actions;identity;price_volume;security_type,BASE_CANDIDATE;ELIGIBLE_RANKING_INPUT;RECENT_LEADERSHIP
751570817747353882,AMP,2006-07-05,2006-08-02,126,21,21,0,0,21,0,0,0,0,0,0,0,,False,True,corporate_actions;identity;price_volume;security_type,BASE_CANDIDATE;ELIGIBLE_RANKING_INPUT
752616570720626425,CNET1,2006-07-05,2006-07-28,126,9,9,0,0,9,0,0,0,0,0,0,0,,False,True,corporate_actions;identity;price_volume;security_type,BASE_CANDIDATE;ELIGIBLE_RANKING_INPUT
753766528550783100,IPS1,2006-07-05,2006-08-02,126,21,21,0,0,21,0,0,0,0,0,0,0,,False,True,corporate_actions;identity;price_volume;security_type,BASE_CANDIDATE;ELIGIBLE_RANKING_INPUT
753851998303208237,SOHU,2006-07-27,2006-08-02,126,5,5,0,0,5,5,5,0,0,0,0,0,78,False,True,corporate_actions;identity;price_volume;security_type,BASE_CANDIDATE;DURABLE_RANK;ELIGIBLE_RANKING_INPUT;ESTABLISHED_LEADERSHIP_POOL
754067328251331203,APA,2006-07-05,2006-08-02,126,21,21,0,0,21,0,0,6,0,0,0,0,,False,True,corporate_actions;identity;price_volume;security_type,BASE_CANDIDATE;ELIGIBLE_RANKING_INPUT;RECENT_LEADERSHIP
755410020779343011,NUE,2006-07-05,2006-08-02,126,21,21,0,0,21,21,21,3,0,0,0,0,31,False,True,corporate_actions;identity;price_volume;security_type,BASE_CANDIDATE;DURABLE_RANK;ELIGIBLE_RANKING_INPUT;ESTABLISHED_LEADERSHIP_POOL;RECENT_LEADERSHIP
755612581058114628,MYOG,2006-07-05,2006-07-28,126,13,13,0,0,13,0,0,4,0,0,0,0,,False,True,corporate_actions;identity;price_volume;security_type,BASE_CANDIDATE;ELIGIBLE_RANKING_INPUT;RECENT_LEADERSHIP
757624306032622561,ADTN,2006-07-05,2006-08-02,126,17,17,0,0,17,0,0,0,0,0,0,0,,False,True,corporate_actions;identity;price_volume;security_type,BASE_CANDIDATE;ELIGIBLE_RANKING_INPUT
758056061571092910,MVK,2006-07-05,2006-08-02,126,21,21,0,0,21,15,15,6,0,0,0,0,44,False,True,corporate_actions;identity;price_volume;security_type,BASE_CANDIDATE;DURABLE_RANK;ELIGIBLE_RANKING_INPUT;ESTABLISHED_LEADERSHIP_POOL;RECENT_LEADERSHIP
759400645383555344,TNB,2006-07-05,2006-08-02,126,21,21,0,0,21,0,0,0,0,0,0,0,,False,True,corporate_actions;identity;price_volume;security_type,BASE_CANDIDATE;ELIGIBLE_RANKING_INPUT
759545124119365915,SID,2006-07-05,2006-08-02,126,21,21,0,0,21,5,5,7,0,0,0,0,93,False,True,corporate_actions;identity;price_volume;security_type,BASE_CANDIDATE;DURABLE_RANK;ELIGIBLE_RANKING_INPUT;ESTABLISHED_LEADERSHIP_POOL;RECENT_LEADERSHIP
760379920259343544,AUOTY,2006-07-05,2006-08-02,126,21,21,0,0,21,0,0,4,0,0,0,0,,False,True,corporate_actions;identity;price_volume;security_type,BASE_CANDIDATE;ELIGIBLE_RANKING_INPUT;RECENT_LEADERSHIP
761661185408036266,PLL1,2006-07-05,2006-08-02,126,9,9,0,0,9,0,0,0,0,0,0,0,,False,True,corporate_actions;identity;price_volume;security_type,BASE_CANDIDATE;ELIGIBLE_RANKING_INPUT
762344036140995794,MDT,2006-07-05,2006-08-02,126,21,21,0,0,21,0,0,2,0,0,0,0,,False,True,corporate_actions;identity;price_volume;security_type,BASE_CANDIDATE;ELIGIBLE_RANKING_INPUT;RECENT_LEADERSHIP
762395829271083211,EPC,2006-07-05,2006-08-02,126,21,21,0,0,21,0,0,1,0,0,0,0,,False,True,corporate_actions;identity;price_volume;security_type,BASE_CANDIDATE;ELIGIBLE_RANKING_INPUT;RECENT_LEADERSHIP
762697226200284243,FSL1,2006-07-05,2006-08-02,126,21,21,0,0,21,0,0,0,0,0,0,0,,False,True,corporate_actions;identity;price_volume;security_type,BASE_CANDIDATE;ELIGIBLE_RANKING_INPUT
762828776320653386,ZBH,2006-07-05,2006-08-02,126,21,21,0,0,21,0,0,3,0,0,0,0,,False,True,corporate_actions;identity;price_volume;security_type,BASE_CANDIDATE;ELIGIBLE_RANKING_INPUT;RECENT_LEADERSHIP
765399177922213324,HOG,2006-07-05,2006-08-02,126,21,21,0,0,21,0,0,2,0,0,0,0,,False,True,corporate_actions;identity;price_volume;security_type,BASE_CANDIDATE;ELIGIBLE_RANKING_INPUT;RECENT_LEADERSHIP
765856696925416500,SHLDQ,2006-07-05,2006-08-02,126,21,21,0,0,21,21,21,0,0,0,0,0,36,False,True,corporate_actions;identity;price_volume;security_type,BASE_CANDIDATE;DURABLE_RANK;ELIGIBLE_RANKING_INPUT;ESTABLISHED_LEADERSHIP_POOL
766320971625686200,AMTD1,2006-07-05,2006-08-02,126,21,21,0,0,21,0,0,3,0,0,0,0,,False,True,corporate_actions;identity;price_volume;security_type,BASE_CANDIDATE;ELIGIBLE_RANKING_INPUT;RECENT_LEADERSHIP
766448393951807301,ANDV,2006-07-05,2006-08-02,126,21,21,0,0,21,0,0,12,0,0,0,0,,False,True,corporate_actions;identity;price_volume;security_type,BASE_CANDIDATE;ELIGIBLE_RANKING_INPUT;RECENT_LEADERSHIP
768059737903560958,POT,2006-07-05,2006-08-02,126,21,21,0,0,21,0,0,5,0,0,0,0,,False,True,corporate_actions;identity;price_volume;security_type,BASE_CANDIDATE;ELIGIBLE_RANKING_INPUT;RECENT_LEADERSHIP
768776099535348219,GEG,2006-07-05,2006-08-02,126,21,21,0,0,21,0,0,0,0,0,0,0,,False,True,corporate_actions;identity;price_volume;security_type,BASE_CANDIDATE;ELIGIBLE_RANKING_INPUT
768897963526785521,JBL,2006-07-05,2006-08-02,126,21,21,0,0,21,0,0,0,0,0,0,0,,False,True,corporate_actions;identity;price_volume;security_type,BASE_CANDIDATE;ELIGIBLE_RANKING_INPUT
76950714006927886,OMX,2006-07-05,2006-08-02,126,21,21,0,0,21,21,21,0,0,0,0,0,4,False,True,corporate_actions;identity;price_volume;security_type,BASE_CANDIDATE;DURABLE_RANK;ELIGIBLE_RANKING_INPUT;ESTABLISHED_LEADERSHIP_POOL
77120759596043300,CSE,2006-07-06,2006-07-21,126,8,8,0,0,8,0,0,0,0,0,0,0,,False,True,corporate_actions;identity;price_volume;security_type,BASE_CANDIDATE;ELIGIBLE_RANKING_INPUT
773871807489483202,SBUX,2006-07-05,2006-08-02,126,21,21,0,0,21,0,0,0,0,0,0,0,,False,True,corporate_actions;identity;price_volume;security_type,BASE_CANDIDATE;ELIGIBLE_RANKING_INPUT
774133617828255111,ZOLT,2006-07-05,2006-07-14,126,8,8,0,0,8,8,8,0,0,0,0,0,4,False,True,corporate_actions;identity;price_volume;security_type,BASE_CANDIDATE;DURABLE_RANK;ELIGIBLE_RANKING_INPUT;ESTABLISHED_LEADERSHIP_POOL
774280894540524095,CTAS,2006-07-05,2006-08-02,126,21,21,0,0,21,0,0,0,0,0,0,0,,False,True,corporate_actions;identity;price_volume;security_type,BASE_CANDIDATE;ELIGIBLE_RANKING_INPUT
776008164953653922,TKLC,2006-08-01,2006-08-02,126,2,2,0,0,2,0,0,0,0,0,0,0,,False,True,corporate_actions;identity;price_volume;security_type,BASE_CANDIDATE;ELIGIBLE_RANKING_INPUT
778230543970543483,NOK,2006-07-05,2006-08-02,126,21,21,0,0,21,0,0,0,0,0,0,0,,False,True,corporate_actions;identity;price_volume;security_type,BASE_CANDIDATE;ELIGIBLE_RANKING_INPUT
778255092991021944,PTV,2006-07-05,2006-08-02,126,6,6,0,0,6,0,0,0,0,0,0,0,,False,True,corporate_actions;identity;price_volume;security_type,BASE_CANDIDATE;ELIGIBLE_RANKING_INPUT
781418599366564286,PBG,2006-07-05,2006-08-02,126,21,21,0,0,21,0,0,2,0,0,0,0,,False,True,corporate_actions;identity;price_volume;security_type,BASE_CANDIDATE;ELIGIBLE_RANKING_INPUT;RECENT_LEADERSHIP
784578493421585764,ARS,2006-07-05,2006-07-13,126,7,7,0,0,7,0,0,5,0,0,0,0,,False,True,corporate_actions;identity;price_volume;security_type,BASE_CANDIDATE;ELIGIBLE_RANKING_INPUT;RECENT_LEADERSHIP
785854024195674512,LIFC,2006-07-05,2006-08-02,126,21,21,0,0,21,19,19,2,0,0,0,0,57,False,True,corporate_actions;identity;price_volume;security_type,BASE_CANDIDATE;DURABLE_RANK;ELIGIBLE_RANKING_INPUT;ESTABLISHED_LEADERSHIP_POOL;RECENT_LEADERSHIP
78644325593115762,SAF2,2006-07-05,2006-08-02,126,21,21,0,0,21,0,0,0,0,0,0,0,,False,True,corporate_actions;identity;price_volume;security_type,BASE_CANDIDATE;ELIGIBLE_RANKING_INPUT
786518447171118061,MRO,2006-07-05,2006-08-02,126,21,21,0,0,21,0,0,18,0,0,0,0,,False,True,corporate_actions;identity;price_volume;security_type,BASE_CANDIDATE;ELIGIBLE_RANKING_INPUT;RECENT_LEADERSHIP
786955480416929230,GL,2006-07-05,2006-08-02,126,21,21,0,0,21,0,0,0,0,0,0,0,,False,True,corporate_actions;identity;price_volume;security_type,BASE_CANDIDATE;ELIGIBLE_RANKING_INPUT
787433642710811302,IDCC,2006-07-05,2006-08-02,126,21,21,0,0,21,21,21,2,0,0,0,0,25,False,True,corporate_actions;identity;price_volume;security_type,BASE_CANDIDATE;DURABLE_RANK;ELIGIBLE_RANKING_INPUT;ESTABLISHED_LEADERSHIP_POOL;RECENT_LEADERSHIP
788900523736619527,LFCHY,2006-07-05,2006-08-02,126,3,3,0,0,3,3,3,0,1,20,0,0,7,False,True,corporate_actions;execution_open;identity;price_volume;security_type;terminal,BASE_CANDIDATE;DURABLE_RANK;ELIGIBLE_RANKING_INPUT;ESTABLISHED_LEADERSHIP_POOL;HELD_POSITION;PENDING_ORDER
789689535963205828,SONC,2006-07-05,2006-07-28,126,18,18,0,0,18,0,0,0,0,0,0,0,,False,True,corporate_actions;identity;price_volume;security_type,BASE_CANDIDATE;ELIGIBLE_RANKING_INPUT
789980096513085464,INGR,2006-07-05,2006-08-02,126,21,21,0,0,21,0,0,11,0,0,0,0,,False,True,corporate_actions;identity;price_volume;security_type,BASE_CANDIDATE;ELIGIBLE_RANKING_INPUT;RECENT_LEADERSHIP
789989419432888022,ALTO,2006-07-05,2006-08-02,126,21,21,0,0,21,20,20,0,0,0,0,0,40,False,True,corporate_actions;identity;price_volume;security_type,BASE_CANDIDATE;DURABLE_RANK;ELIGIBLE_RANKING_INPUT;ESTABLISHED_LEADERSHIP_POOL
790051607473284035,CHE,2006-07-26,2006-08-02,126,6,6,0,0,6,0,0,0,0,0,0,0,,False,True,corporate_actions;identity;price_volume;security_type,BASE_CANDIDATE;ELIGIBLE_RANKING_INPUT
792334987038254153,OSIP,2006-07-05,2006-08-02,126,21,21,0,0,21,1,1,0,0,0,0,0,64,False,True,corporate_actions;identity;price_volume;security_type,BASE_CANDIDATE;DURABLE_RANK;ELIGIBLE_RANKING_INPUT;ESTABLISHED_LEADERSHIP_POOL
792583375334943609,CVS,2006-07-05,2006-08-02,126,21,21,0,0,21,0,0,6,0,0,0,0,,False,True,corporate_actions;identity;price_volume;security_type,BASE_CANDIDATE;ELIGIBLE_RANKING_INPUT;RECENT_LEADERSHIP
792639003277524196,PLCM,2006-07-05,2006-08-02,126,21,21,0,0,21,16,16,0,0,0,0,0,45,False,True,corporate_actions;identity;price_volume;security_type,BASE_CANDIDATE;DURABLE_RANK;ELIGIBLE_RANKING_INPUT;ESTABLISHED_LEADERSHIP_POOL
793410471315351029,BGC2,2006-07-05,2006-08-02,126,21,21,0,0,21,21,21,8,0,0,0,0,32,False,True,corporate_actions;identity;price_volume;security_type,BASE_CANDIDATE;DURABLE_RANK;ELIGIBLE_RANKING_INPUT;ESTABLISHED_LEADERSHIP_POOL;RECENT_LEADERSHIP
794026657301614010,HMY,2006-07-05,2006-08-02,126,21,21,0,0,21,0,0,11,0,0,0,0,,False,True,corporate_actions;identity;price_volume;security_type,BASE_CANDIDATE;ELIGIBLE_RANKING_INPUT;RECENT_LEADERSHIP
794547231420058276,PFCB,2006-07-05,2006-08-02,126,21,21,0,0,21,0,0,0,0,0,0,0,,False,True,corporate_actions;identity;price_volume;security_type,BASE_CANDIDATE;ELIGIBLE_RANKING_INPUT
796495101483398982,PHM,2006-07-05,2006-08-02,126,21,21,0,0,21,0,0,0,0,0,0,0,,False,True,corporate_actions;identity;price_volume;security_type,BASE_CANDIDATE;ELIGIBLE_RANKING_INPUT
797597278612305335,LYO,2006-07-05,2006-08-02,126,21,21,0,0,21,0,0,0,0,0,0,0,,False,True,corporate_actions;identity;price_volume;security_type,BASE_CANDIDATE;ELIGIBLE_RANKING_INPUT
798483398570836633,SRZ,2006-07-05,2006-07-14,126,8,8,0,0,8,0,0,0,0,0,0,0,,False,True,corporate_actions;identity;price_volume;security_type,BASE_CANDIDATE;ELIGIBLE_RANKING_INPUT
798953880315689267,APPB,2006-07-05,2006-07-31,126,19,19,0,0,19,0,0,0,0,0,0,0,,False,True,corporate_actions;identity;price_volume;security_type,BASE_CANDIDATE;ELIGIBLE_RANKING_INPUT
799917756046641795,PNC,2006-07-05,2006-08-02,126,21,21,0,0,21,0,0,0,0,0,0,0,,False,True,corporate_actions;identity;price_volume;security_type,BASE_CANDIDATE;ELIGIBLE_RANKING_INPUT
800833316393300301,ITW,2006-07-05,2006-08-02,126,21,21,0,0,21,0,0,0,0,0,0,0,,False,True,corporate_actions;identity;price_volume;security_type,BASE_CANDIDATE;ELIGIBLE_RANKING_INPUT
801298690034140388,BCO,2006-07-05,2006-07-14,126,8,8,0,0,8,0,0,0,0,0,0,0,,False,True,corporate_actions;identity;price_volume;security_type,BASE_CANDIDATE;ELIGIBLE_RANKING_INPUT
801778135593349062,CSX,2006-07-05,2006-08-02,126,21,21,0,0,21,17,17,0,0,0,0,0,17,False,True,corporate_actions;identity;price_volume;security_type,BASE_CANDIDATE;DURABLE_RANK;ELIGIBLE_RANKING_INPUT;ESTABLISHED_LEADERSHIP_POOL
801842446643679332,CPWR,2006-07-07,2006-08-02,126,14,14,0,0,14,0,0,0,0,0,0,0,,False,True,corporate_actions;identity;price_volume;security_type,BASE_CANDIDATE;ELIGIBLE_RANKING_INPUT
802253946411099775,WCG,2006-07-05,2006-08-02,126,21,21,0,0,21,8,8,6,0,0,0,0,30,False,True,corporate_actions;identity;price_volume;security_type,BASE_CANDIDATE;DURABLE_RANK;ELIGIBLE_RANKING_INPUT;ESTABLISHED_LEADERSHIP_POOL;RECENT_LEADERSHIP
803323372359949049,GPRO1,2006-08-01,2006-08-02,126,2,2,0,0,2,0,0,0,0,0,0,0,,False,True,corporate_actions;identity;price_volume;security_type,BASE_CANDIDATE;ELIGIBLE_RANKING_INPUT
804009952146469650,PCG,2006-07-05,2006-08-02,126,21,21,0,0,21,0,0,0,0,0,0,0,,False,True,corporate_actions;identity;price_volume;security_type,BASE_CANDIDATE;ELIGIBLE_RANKING_INPUT
806633363589751898,BUCY,2006-07-05,2006-08-02,126,21,21,0,0,21,5,5,1,0,0,0,0,86,False,True,corporate_actions;identity;price_volume;security_type,BASE_CANDIDATE;DURABLE_RANK;ELIGIBLE_RANKING_INPUT;ESTABLISHED_LEADERSHIP_POOL;RECENT_LEADERSHIP
807178598475251500,MNIQQ,2006-07-05,2006-08-02,126,21,21,0,0,21,0,0,0,0,0,0,0,,False,True,corporate_actions;identity;price_volume;security_type,BASE_CANDIDATE;ELIGIBLE_RANKING_INPUT
807661417823450699,ELX,2006-07-05,2006-07-14,126,8,8,0,0,8,0,0,0,0,0,0,0,,False,True,corporate_actions;identity;price_volume;security_type,BASE_CANDIDATE;ELIGIBLE_RANKING_INPUT
808171526184852202,MWW,2006-07-05,2006-08-02,126,21,21,0,0,21,0,0,0,0,0,0,0,,False,True,corporate_actions;identity;price_volume;security_type,BASE_CANDIDATE;ELIGIBLE_RANKING_INPUT
809241580253811381,FLIR,2006-07-05,2006-08-02,126,21,21,0,0,21,0,0,4,0,0,0,0,,False,True,corporate_actions;identity;price_volume;security_type,BASE_CANDIDATE;ELIGIBLE_RANKING_INPUT;RECENT_LEADERSHIP
810272368527364966,GG,2006-07-05,2006-08-02,126,21,21,0,0,21,0,0,8,0,0,0,0,,False,True,corporate_actions;identity;price_volume;security_type,BASE_CANDIDATE;ELIGIBLE_RANKING_INPUT;RECENT_LEADERSHIP
812999738730583628,EZPW,2006-07-10,2006-08-02,126,18,18,0,0,18,18,18,16,0,0,0,0,12,False,True,corporate_actions;identity;price_volume;security_type,BASE_CANDIDATE;DURABLE_RANK;ELIGIBLE_RANKING_INPUT;ESTABLISHED_LEADERSHIP_POOL;RECENT_LEADERSHIP
813497482627689409,FRX1,2006-07-05,2006-08-02,126,21,21,0,0,21,0,0,14,0,0,0,0,,False,True,corporate_actions;identity;price_volume;security_type,BASE_CANDIDATE;ELIGIBLE_RANKING_INPUT;RECENT_LEADERSHIP
816023075549184041,TROW,2006-07-05,2006-08-02,126,21,21,0,0,21,0,0,3,0,0,0,0,,False,True,corporate_actions;identity;price_volume;security_type,BASE_CANDIDATE;ELIGIBLE_RANKING_INPUT;RECENT_LEADERSHIP
816163206391090963,ANF,2006-07-05,2006-08-02,126,21,21,0,0,21,0,0,0,0,0,0,0,,False,True,corporate_actions;identity;price_volume;security_type,BASE_CANDIDATE;ELIGIBLE_RANKING_INPUT
816819956840135126,BUD1,2006-07-05,2006-08-02,126,21,21,0,0,21,0,0,0,0,0,0,0,,False,True,corporate_actions;identity;price_volume;security_type,BASE_CANDIDATE;ELIGIBLE_RANKING_INPUT
818427207626286294,PGN1,2006-07-05,2006-08-02,126,21,21,0,0,21,0,0,0,0,0,0,0,,False,True,corporate_actions;identity;price_volume;security_type,BASE_CANDIDATE;ELIGIBLE_RANKING_INPUT
819475645860203151,MTLQQ,2006-07-05,2006-08-02,126,21,21,0,0,21,9,9,15,0,0,0,0,70,False,True,corporate_actions;identity;price_volume;security_type,BASE_CANDIDATE;DURABLE_RANK;ELIGIBLE_RANKING_INPUT;ESTABLISHED_LEADERSHIP_POOL;RECENT_LEADERSHIP
819913765374669526,BOT1,2006-07-05,2006-08-02,126,21,21,0,0,21,6,6,9,0,0,0,0,96,False,True,corporate_actions;identity;price_volume;security_type,BASE_CANDIDATE;DURABLE_RANK;ELIGIBLE_RANKING_INPUT;ESTABLISHED_LEADERSHIP_POOL;RECENT_LEADERSHIP
820314021172497515,MTB,2006-07-05,2006-08-02,126,21,21,0,0,21,0,0,0,0,0,0,0,,False,True,corporate_actions;identity;price_volume;security_type,BASE_CANDIDATE;ELIGIBLE_RANKING_INPUT
8209006061861920,JLL,2006-07-05,2006-08-02,126,21,21,0,0,21,21,21,2,1,20,0,0,32,False,True,corporate_actions;execution_open;identity;price_volume;security_type;terminal,BASE_CANDIDATE;DURABLE_RANK;ELIGIBLE_RANKING_INPUT;ESTABLISHED_LEADERSHIP_POOL;HELD_POSITION;PENDING_ORDER;RECENT_LEADERSHIP
821184091139677434,UTIW,2006-07-05,2006-08-02,126,21,21,0,0,21,0,0,0,0,0,0,0,,False,True,corporate_actions;identity;price_volume;security_type,BASE_CANDIDATE;ELIGIBLE_RANKING_INPUT
821698168806940222,LHX,2006-07-05,2006-08-02,126,21,21,0,0,21,0,0,3,0,0,0,0,,False,True,corporate_actions;identity;price_volume;security_type,BASE_CANDIDATE;ELIGIBLE_RANKING_INPUT;RECENT_LEADERSHIP
82170842208443514,ASML,2006-07-05,2006-08-02,126,21,21,0,0,21,0,0,0,0,0,0,0,,False,True,corporate_actions;identity;price_volume;security_type,BASE_CANDIDATE;ELIGIBLE_RANKING_INPUT
823234404046056619,XL1,2006-07-05,2006-08-02,126,21,21,0,0,21,0,0,0,0,0,0,0,,False,True,corporate_actions;identity;price_volume;security_type,BASE_CANDIDATE;ELIGIBLE_RANKING_INPUT
824121233427431305,WAT,2006-07-05,2006-08-02,126,21,21,0,0,21,0,0,0,0,0,0,0,,False,True,corporate_actions;identity;price_volume;security_type,BASE_CANDIDATE;ELIGIBLE_RANKING_INPUT
824766033541075654,RMD,2006-07-18,2006-08-02,126,12,12,0,0,12,1,1,0,0,0,0,0,67,False,True,corporate_actions;identity;price_volume;security_type,BASE_CANDIDATE;DURABLE_RANK;ELIGIBLE_RANKING_INPUT;ESTABLISHED_LEADERSHIP_POOL
825411200820127461,NSR1,2006-07-10,2006-07-28,126,15,15,0,0,15,0,0,0,0,0,0,0,,False,True,corporate_actions;identity;price_volume;security_type,BASE_CANDIDATE;ELIGIBLE_RANKING_INPUT
825732977078535876,DGX,2006-07-05,2006-08-02,126,21,21,0,0,21,0,0,0,0,0,0,0,,False,True,corporate_actions;identity;price_volume;security_type,BASE_CANDIDATE;ELIGIBLE_RANKING_INPUT
827375650881331035,HD,2006-07-05,2006-08-02,126,21,21,0,0,21,0,0,0,0,0,0,0,,False,True,corporate_actions;identity;price_volume;security_type,BASE_CANDIDATE;ELIGIBLE_RANKING_INPUT
827382694975231068,TSN,2006-07-05,2006-08-02,126,21,21,0,0,21,0,0,0,0,0,0,0,,False,True,corporate_actions;identity;price_volume;security_type,BASE_CANDIDATE;ELIGIBLE_RANKING_INPUT
829390791362492623,FCX,2006-07-05,2006-08-02,126,21,21,0,0,21,0,0,6,0,0,0,0,,False,True,corporate_actions;identity;price_volume;security_type,BASE_CANDIDATE;ELIGIBLE_RANKING_INPUT;RECENT_LEADERSHIP
829997232543875463,ADEA,2006-07-26,2006-08-02,126,6,6,0,0,6,0,0,6,0,0,0,0,,False,True,corporate_actions;identity;price_volume;security_type,BASE_CANDIDATE;ELIGIBLE_RANKING_INPUT;RECENT_LEADERSHIP
831371468261077058,ESLRQ,2006-07-05,2006-08-02,126,6,6,0,0,6,0,0,1,0,0,0,0,,False,True,corporate_actions;identity;price_volume;security_type,BASE_CANDIDATE;ELIGIBLE_RANKING_INPUT;RECENT_LEADERSHIP
834167427414703878,AEE,2006-07-05,2006-08-02,126,21,21,0,0,21,0,0,0,0,0,0,0,,False,True,corporate_actions;identity;price_volume;security_type,BASE_CANDIDATE;ELIGIBLE_RANKING_INPUT
835968569385277275,DNRCQ,2006-07-05,2006-08-02,126,21,21,0,0,21,0,0,11,0,0,0,0,,False,True,corporate_actions;identity;price_volume;security_type,BASE_CANDIDATE;ELIGIBLE_RANKING_INPUT;RECENT_LEADERSHIP
836717876753553417,ITUB,2006-07-05,2006-08-02,126,21,21,0,0,21,0,0,12,0,0,0,0,,False,True,corporate_actions;identity;price_volume;security_type,BASE_CANDIDATE;ELIGIBLE_RANKING_INPUT;RECENT_LEADERSHIP
837082428109450568,NEBLQ,2006-07-05,2006-08-02,126,21,21,0,0,21,0,0,6,0,0,0,0,,False,True,corporate_actions;identity;price_volume;security_type,BASE_CANDIDATE;ELIGIBLE_RANKING_INPUT;RECENT_LEADERSHIP
839010673456829190,BSC1,2006-07-05,2006-08-02,126,21,21,0,0,21,0,0,0,0,0,0,0,,False,True,corporate_actions;identity;price_volume;security_type,BASE_CANDIDATE;ELIGIBLE_RANKING_INPUT
840588175708298328,VOLT2,2006-07-05,2006-08-02,126,20,20,0,0,20,20,20,10,1,20,0,0,2,False,True,corporate_actions;execution_open;identity;price_volume;security_type;terminal,BASE_CANDIDATE;DURABLE_RANK;ELIGIBLE_RANKING_INPUT;ESTABLISHED_LEADERSHIP_POOL;HELD_POSITION;PENDING_ORDER;RECENT_LEADERSHIP
842263253948569686,SSCCQ,2006-07-05,2006-08-02,126,21,21,0,0,21,0,0,0,0,0,0,0,,False,True,corporate_actions;identity;price_volume;security_type,BASE_CANDIDATE;ELIGIBLE_RANKING_INPUT
842453770569569568,ASH,2006-07-05,2006-08-02,126,21,21,0,0,21,0,0,0,0,0,0,0,,False,True,corporate_actions;identity;price_volume;security_type,BASE_CANDIDATE;ELIGIBLE_RANKING_INPUT
842792183539353918,HYDL,2006-07-26,2006-08-02,126,6,6,0,0,6,0,0,0,0,0,0,0,,False,True,corporate_actions;identity;price_volume;security_type,BASE_CANDIDATE;ELIGIBLE_RANKING_INPUT
842836433184266027,BAX,2006-07-05,2006-08-02,126,21,21,0,0,21,0,0,9,0,0,0,0,,False,True,corporate_actions;identity;price_volume;security_type,BASE_CANDIDATE;ELIGIBLE_RANKING_INPUT;RECENT_LEADERSHIP
843605425389096879,M,2006-07-05,2006-08-02,126,21,21,0,0,21,0,0,0,0,0,0,0,,False,True,corporate_actions;identity;price_volume;security_type,BASE_CANDIDATE;ELIGIBLE_RANKING_INPUT
843745068573143899,BP,2006-07-05,2006-08-02,126,21,21,0,0,21,0,0,0,0,0,0,0,,False,True,corporate_actions;identity;price_volume;security_type,BASE_CANDIDATE;ELIGIBLE_RANKING_INPUT
844049812622512228,KWKAQ,2006-07-05,2006-08-02,126,21,21,0,0,21,0,0,0,0,0,0,0,,False,True,corporate_actions;identity;price_volume;security_type,BASE_CANDIDATE;ELIGIBLE_RANKING_INPUT
847000870107412483,COGN,2006-07-05,2006-08-02,126,21,21,0,0,21,0,0,3,0,0,0,0,,False,True,corporate_actions;identity;price_volume;security_type,BASE_CANDIDATE;ELIGIBLE_RANKING_INPUT;RECENT_LEADERSHIP
850092916333119647,MMM,2006-07-05,2006-08-02,126,21,21,0,0,21,0,0,0,0,0,0,0,,False,True,corporate_actions;identity;price_volume;security_type,BASE_CANDIDATE;ELIGIBLE_RANKING_INPUT
85293768581427070,TKR,2006-07-05,2006-08-02,126,14,14,0,0,14,0,0,2,0,0,0,0,,False,True,corporate_actions;identity;price_volume;security_type,BASE_CANDIDATE;ELIGIBLE_RANKING_INPUT;RECENT_LEADERSHIP
855007079226026874,TFX,2006-07-05,2006-08-02,126,12,12,0,0,12,0,0,0,0,0,0,0,,False,True,corporate_actions;identity;price_volume;security_type,BASE_CANDIDATE;ELIGIBLE_RANKING_INPUT
856090539490957469,BDK,2006-07-05,2006-08-02,126,21,21,0,0,21,0,0,0,0,0,0,0,,False,True,corporate_actions;identity;price_volume;security_type,BASE_CANDIDATE;ELIGIBLE_RANKING_INPUT
856115972129012903,WINMQ,2006-07-18,2006-08-02,126,12,12,0,0,12,0,0,1,0,0,0,0,,False,True,corporate_actions;identity;price_volume;security_type,BASE_CANDIDATE;ELIGIBLE_RANKING_INPUT;RECENT_LEADERSHIP
860424412672902853,WY,2006-07-05,2006-08-02,126,21,21,0,0,21,0,0,0,0,0,0,0,,False,True,corporate_actions;identity;price_volume;security_type,BASE_CANDIDATE;ELIGIBLE_RANKING_INPUT
860604539490443063,CNP,2006-07-06,2006-08-02,126,17,17,0,0,17,0,0,7,0,0,0,0,,False,True,corporate_actions;identity;price_volume;security_type,BASE_CANDIDATE;ELIGIBLE_RANKING_INPUT;RECENT_LEADERSHIP
866855679867380318,NRG,2006-07-05,2006-08-02,126,21,21,0,0,21,0,0,0,0,0,0,0,,False,True,corporate_actions;identity;price_volume;security_type,BASE_CANDIDATE;ELIGIBLE_RANKING_INPUT
867286429344424237,BBD,2006-07-05,2006-08-02,126,21,21,0,0,21,0,0,8,0,0,0,0,,False,True,corporate_actions;identity;price_volume;security_type,BASE_CANDIDATE;ELIGIBLE_RANKING_INPUT;RECENT_LEADERSHIP
867963393026581319,CDWC,2006-07-05,2006-08-02,126,21,21,0,0,21,0,0,1,0,0,0,0,,False,True,corporate_actions;identity;price_volume;security_type,BASE_CANDIDATE;ELIGIBLE_RANKING_INPUT;RECENT_LEADERSHIP
869766819741234573,AVP,2006-07-05,2006-08-02,126,21,21,0,0,21,0,0,1,0,0,0,0,,False,True,corporate_actions;identity;price_volume;security_type,BASE_CANDIDATE;ELIGIBLE_RANKING_INPUT;RECENT_LEADERSHIP
870074151369702632,NCC,2006-07-05,2006-08-02,126,21,21,0,0,21,0,0,0,0,0,0,0,,False,True,corporate_actions;identity;price_volume;security_type,BASE_CANDIDATE;ELIGIBLE_RANKING_INPUT
870400133940919284,AMAT,2006-07-05,2006-08-02,126,21,21,0,0,21,0,0,0,0,0,0,0,,False,True,corporate_actions;identity;price_volume;security_type,BASE_CANDIDATE;ELIGIBLE_RANKING_INPUT
871183543831284013,HAR,2006-07-05,2006-08-02,126,21,21,0,0,21,0,0,0,0,0,0,0,,False,True,corporate_actions;identity;price_volume;security_type,BASE_CANDIDATE;ELIGIBLE_RANKING_INPUT
872532685171113542,LCC,2006-07-05,2006-08-02,126,21,21,0,0,21,16,16,8,0,0,0,0,12,False,True,corporate_actions;identity;price_volume;security_type,BASE_CANDIDATE;DURABLE_RANK;ELIGIBLE_RANKING_INPUT;ESTABLISHED_LEADERSHIP_POOL;RECENT_LEADERSHIP
872933797384182660,GNSS1,2006-07-28,2006-08-02,126,4,4,0,0,4,0,0,4,0,0,0,0,,False,True,corporate_actions;identity;price_volume;security_type,BASE_CANDIDATE;ELIGIBLE_RANKING_INPUT;RECENT_LEADERSHIP
873597173719555178,LEN,2006-07-05,2006-08-02,126,21,21,0,0,21,0,0,0,0,0,0,0,,False,True,corporate_actions;identity;price_volume;security_type,BASE_CANDIDATE;ELIGIBLE_RANKING_INPUT
874432149768874533,SKRRF,2006-08-01,2006-08-02,126,2,2,0,0,2,0,0,0,0,0,0,0,,False,True,corporate_actions;identity;price_volume;security_type,BASE_CANDIDATE;ELIGIBLE_RANKING_INPUT
874432971920050604,BALL,2006-07-05,2006-08-02,126,21,21,0,0,21,0,0,0,0,0,0,0,,False,True,corporate_actions;identity;price_volume;security_type,BASE_CANDIDATE;ELIGIBLE_RANKING_INPUT
874720735926791503,AIV,2006-07-05,2006-08-02,126,21,21,0,0,21,0,0,7,0,0,0,0,,False,True,corporate_actions;identity;price_volume;security_type,BASE_CANDIDATE;ELIGIBLE_RANKING_INPUT;RECENT_LEADERSHIP
875035676209673753,EIX,2006-07-05,2006-08-02,126,21,21,0,0,21,0,0,2,0,0,0,0,,False,True,corporate_actions;identity;price_volume;security_type,BASE_CANDIDATE;ELIGIBLE_RANKING_INPUT;RECENT_LEADERSHIP
875304781181081431,MATX,2006-07-05,2006-08-02,126,21,21,0,0,21,0,0,0,0,0,0,0,,False,True,corporate_actions;identity;price_volume;security_type,BASE_CANDIDATE;ELIGIBLE_RANKING_INPUT
875803280520331787,ENDPQ,2006-07-05,2006-08-02,126,21,21,0,0,21,1,1,2,0,0,0,0,66,False,True,corporate_actions;identity;price_volume;security_type,BASE_CANDIDATE;DURABLE_RANK;ELIGIBLE_RANKING_INPUT;ESTABLISHED_LEADERSHIP_POOL;RECENT_LEADERSHIP
875828366730604655,KMI1,2006-07-05,2006-08-02,126,21,21,0,0,21,0,0,0,0,0,0,0,,False,True,corporate_actions;identity;price_volume;security_type,BASE_CANDIDATE;ELIGIBLE_RANKING_INPUT
877943324759167080,RA1,2006-07-05,2006-08-02,126,21,21,0,0,21,0,0,10,0,0,0,0,,False,True,corporate_actions;identity;price_volume;security_type,BASE_CANDIDATE;ELIGIBLE_RANKING_INPUT;RECENT_LEADERSHIP
878062323438197778,HOV,2006-07-05,2006-08-02,126,21,21,0,0,21,0,0,0,0,0,0,0,,False,True,corporate_actions;identity;price_volume;security_type,BASE_CANDIDATE;ELIGIBLE_RANKING_INPUT
878884124497899572,PDCO,2006-07-05,2006-08-02,126,21,21,0,0,21,0,0,0,0,0,0,0,,False,True,corporate_actions;identity;price_volume;security_type,BASE_CANDIDATE;ELIGIBLE_RANKING_INPUT
880865164721552226,OMC,2006-07-05,2006-08-02,126,21,21,0,0,21,0,0,0,0,0,0,0,,False,True,corporate_actions;identity;price_volume;security_type,BASE_CANDIDATE;ELIGIBLE_RANKING_INPUT
881318792069194963,FWLT,2006-07-05,2006-08-02,126,21,21,0,0,21,0,0,0,0,0,0,0,,False,True,corporate_actions;identity;price_volume;security_type,BASE_CANDIDATE;ELIGIBLE_RANKING_INPUT
881960888100488127,SIRI,2006-07-05,2006-08-02,126,21,21,0,0,21,0,0,0,0,0,0,0,,False,True,corporate_actions;identity;price_volume;security_type,BASE_CANDIDATE;ELIGIBLE_RANKING_INPUT
883483181791517639,RS,2006-07-05,2006-08-02,126,21,21,0,0,21,0,0,0,0,0,0,0,,False,True,corporate_actions;identity;price_volume;security_type,BASE_CANDIDATE;ELIGIBLE_RANKING_INPUT
883677726045016523,EQT,2006-07-05,2006-08-02,126,21,21,0,0,21,0,0,1,0,0,0,0,,False,True,corporate_actions;identity;price_volume;security_type,BASE_CANDIDATE;ELIGIBLE_RANKING_INPUT;RECENT_LEADERSHIP
88378928586164151,WEBX1,2006-07-05,2006-08-02,126,21,21,0,0,21,18,18,6,1,20,0,0,19,False,True,corporate_actions;execution_open;identity;price_volume;security_type;terminal,BASE_CANDIDATE;DURABLE_RANK;ELIGIBLE_RANKING_INPUT;ESTABLISHED_LEADERSHIP_POOL;HELD_POSITION;PENDING_ORDER;RECENT_LEADERSHIP
883984871710297936,TEG,2006-07-18,2006-08-02,126,12,12,0,0,12,0,0,0,0,0,0,0,,False,True,corporate_actions;identity;price_volume;security_type,BASE_CANDIDATE;ELIGIBLE_RANKING_INPUT
884159736451744718,KSE,2006-07-05,2006-08-02,126,21,21,0,0,21,0,0,0,0,0,0,0,,False,True,corporate_actions;identity;price_volume;security_type,BASE_CANDIDATE;ELIGIBLE_RANKING_INPUT
884922391354867082,WSM,2006-07-05,2006-08-02,126,21,21,0,0,21,0,0,0,0,0,0,0,,False,True,corporate_actions;identity;price_volume;security_type,BASE_CANDIDATE;ELIGIBLE_RANKING_INPUT
886406163241794683,KYPH,2006-07-05,2006-08-02,126,21,21,0,0,21,0,0,0,0,0,0,0,,False,True,corporate_actions;identity;price_volume;security_type,BASE_CANDIDATE;ELIGIBLE_RANKING_INPUT
886679880782512347,CCTYQ,2006-07-05,2006-08-02,126,21,21,0,0,21,4,4,0,0,0,0,0,56,False,True,corporate_actions;identity;price_volume;security_type,BASE_CANDIDATE;DURABLE_RANK;ELIGIBLE_RANKING_INPUT;ESTABLISHED_LEADERSHIP_POOL
887235247258086484,ALV,2006-07-05,2006-08-02,126,13,13,0,0,13,0,0,0,0,0,0,0,,False,True,corporate_actions;identity;price_volume;security_type,BASE_CANDIDATE;ELIGIBLE_RANKING_INPUT
888056120539582187,SHEL,2006-07-05,2006-08-02,126,21,21,0,0,21,0,0,1,0,0,0,0,,False,True,corporate_actions;identity;price_volume;security_type,BASE_CANDIDATE;ELIGIBLE_RANKING_INPUT;RECENT_LEADERSHIP
888152006865173175,DTAS,2006-07-07,2006-08-02,126,19,19,0,0,19,0,0,0,0,0,0,0,,False,True,corporate_actions;identity;price_volume;security_type,BASE_CANDIDATE;ELIGIBLE_RANKING_INPUT
888374992042785616,GSF1,2006-07-05,2006-08-02,126,21,21,0,0,21,0,0,0,0,0,0,0,,False,True,corporate_actions;identity;price_volume;security_type,BASE_CANDIDATE;ELIGIBLE_RANKING_INPUT
889150038220957596,ACAS,2006-07-05,2006-08-02,126,21,21,0,0,21,0,0,0,0,0,0,0,,False,True,corporate_actions;identity;price_volume;security_type,BASE_CANDIDATE;ELIGIBLE_RANKING_INPUT
88944870845330515,TV,2006-07-05,2006-08-02,126,21,21,0,0,21,0,0,0,0,0,0,0,,False,True,corporate_actions;identity;price_volume;security_type,BASE_CANDIDATE;ELIGIBLE_RANKING_INPUT
889536937307159083,CHS,2006-07-05,2006-08-02,126,21,21,0,0,21,0,0,0,0,0,0,0,,False,True,corporate_actions;identity;price_volume;security_type,BASE_CANDIDATE;ELIGIBLE_RANKING_INPUT
889649695517632295,GLW,2006-07-05,2006-08-02,126,21,21,0,0,21,0,0,0,0,0,0,0,,False,True,corporate_actions;identity;price_volume;security_type,BASE_CANDIDATE;ELIGIBLE_RANKING_INPUT
891577786785926908,AZO,2006-07-05,2006-08-02,126,21,21,0,0,21,0,0,0,0,0,0,0,,False,True,corporate_actions;identity;price_volume;security_type,BASE_CANDIDATE;ELIGIBLE_RANKING_INPUT
892132664699773546,ISSX,2006-07-20,2006-08-02,126,10,10,0,0,10,0,0,10,0,0,0,0,,False,True,corporate_actions;identity;price_volume;security_type,BASE_CANDIDATE;ELIGIBLE_RANKING_INPUT;RECENT_LEADERSHIP
892639760459277581,BKD,2006-07-20,2006-08-02,126,10,10,0,0,10,10,10,1,0,0,0,0,54,False,True,corporate_actions;identity;price_volume;security_type,BASE_CANDIDATE;DURABLE_RANK;ELIGIBLE_RANKING_INPUT;ESTABLISHED_LEADERSHIP_POOL;RECENT_LEADERSHIP
8928853096645803,DD,2006-07-05,2006-08-02,126,21,21,0,0,21,0,0,0,0,0,0,0,,False,True,corporate_actions;identity;price_volume;security_type,BASE_CANDIDATE;ELIGIBLE_RANKING_INPUT
894540402741967073,AIG,2006-07-05,2006-08-02,126,21,21,0,0,21,0,0,0,0,0,0,0,,False,True,corporate_actions;identity;price_volume;security_type,BASE_CANDIDATE;ELIGIBLE_RANKING_INPUT
894644668160066839,OSGIQ,2006-07-05,2006-08-02,126,21,21,0,0,21,0,0,7,0,0,0,0,,False,True,corporate_actions;identity;price_volume;security_type,BASE_CANDIDATE;ELIGIBLE_RANKING_INPUT;RECENT_LEADERSHIP
895742427576135332,NTAP,2006-07-05,2006-08-02,126,21,21,0,0,21,0,0,1,0,0,0,0,,False,True,corporate_actions;identity;price_volume;security_type,BASE_CANDIDATE;ELIGIBLE_RANKING_INPUT;RECENT_LEADERSHIP
896291011216982692,OIS,2006-07-05,2006-08-02,126,21,21,0,0,21,0,0,0,0,0,0,0,,False,True,corporate_actions;identity;price_volume;security_type,BASE_CANDIDATE;ELIGIBLE_RANKING_INPUT
899620172992563489,MATK,2006-07-05,2006-07-14,126,8,8,0,0,8,0,0,2,0,0,0,0,,False,True,corporate_actions;identity;price_volume;security_type,BASE_CANDIDATE;ELIGIBLE_RANKING_INPUT;RECENT_LEADERSHIP
899932545079148879,MRK,2006-07-05,2006-08-02,126,21,21,0,0,21,0,0,9,0,0,0,0,,False,True,corporate_actions;identity;price_volume;security_type,BASE_CANDIDATE;ELIGIBLE_RANKING_INPUT;RECENT_LEADERSHIP
900207945207373132,EXPE,2006-07-05,2006-08-02,126,21,21,0,0,21,0,0,0,0,0,0,0,,False,True,corporate_actions;identity;price_volume;security_type,BASE_CANDIDATE;ELIGIBLE_RANKING_INPUT
901890778211216620,OMG,2006-08-01,2006-08-02,126,2,2,0,0,2,2,2,2,0,0,0,0,50,False,True,corporate_actions;identity;price_volume;security_type,BASE_CANDIDATE;DURABLE_RANK;ELIGIBLE_RANKING_INPUT;ESTABLISHED_LEADERSHIP_POOL;RECENT_LEADERSHIP
902581431598383667,BID1,2006-07-05,2006-08-02,126,21,21,0,0,21,16,16,9,0,0,0,0,65,False,True,corporate_actions;identity;price_volume;security_type,BASE_CANDIDATE;DURABLE_RANK;ELIGIBLE_RANKING_INPUT;ESTABLISHED_LEADERSHIP_POOL;RECENT_LEADERSHIP
90377513035451430,MWV,2006-07-21,2006-08-02,126,9,9,0,0,9,0,0,0,0,0,0,0,,False,True,corporate_actions;identity;price_volume;security_type,BASE_CANDIDATE;ELIGIBLE_RANKING_INPUT
904078761143008661,UPBD,2006-07-05,2006-08-02,126,20,20,0,0,20,8,8,0,0,0,0,0,71,False,True,corporate_actions;identity;price_volume;security_type,BASE_CANDIDATE;DURABLE_RANK;ELIGIBLE_RANKING_INPUT;ESTABLISHED_LEADERSHIP_POOL
904773215650004084,JLG,2006-07-05,2006-08-02,126,21,21,0,0,21,0,0,5,0,0,0,0,,False,True,corporate_actions;identity;price_volume;security_type,BASE_CANDIDATE;ELIGIBLE_RANKING_INPUT;RECENT_LEADERSHIP
904901131271723428,MUR,2006-07-05,2006-08-02,126,21,21,0,0,21,0,0,8,0,0,0,0,,False,True,corporate_actions;identity;price_volume;security_type,BASE_CANDIDATE;ELIGIBLE_RANKING_INPUT;RECENT_LEADERSHIP
906139043165112070,HAS,2006-07-05,2006-08-02,126,21,21,0,0,21,0,0,0,0,0,0,0,,False,True,corporate_actions;identity;price_volume;security_type,BASE_CANDIDATE;ELIGIBLE_RANKING_INPUT
907668802262919513,GEN,2006-07-05,2006-08-02,126,21,21,0,0,21,0,0,5,0,0,0,0,,False,True,corporate_actions;identity;price_volume;security_type,BASE_CANDIDATE;ELIGIBLE_RANKING_INPUT;RECENT_LEADERSHIP
907784996952727763,RHT,2006-07-05,2006-08-02,126,21,21,0,0,21,0,0,0,0,0,0,0,,False,True,corporate_actions;identity;price_volume;security_type,BASE_CANDIDATE;ELIGIBLE_RANKING_INPUT
907989354920106752,ESINQ,2006-07-05,2006-08-02,126,17,17,0,0,17,0,0,0,0,0,0,0,,False,True,corporate_actions;identity;price_volume;security_type,BASE_CANDIDATE;ELIGIBLE_RANKING_INPUT
908793440963430061,ACIIQ,2006-07-05,2006-08-02,126,21,21,0,0,21,0,0,0,0,0,0,0,,False,True,corporate_actions;identity;price_volume;security_type,BASE_CANDIDATE;ELIGIBLE_RANKING_INPUT
909161371475655803,CCK,2006-07-05,2006-07-27,126,6,6,0,0,6,0,0,0,0,0,0,0,,False,True,corporate_actions;identity;price_volume;security_type,BASE_CANDIDATE;ELIGIBLE_RANKING_INPUT
911279415840873389,KSS,2006-07-05,2006-08-02,126,21,21,0,0,21,16,16,2,0,0,0,0,6,False,True,corporate_actions;identity;price_volume;security_type,BASE_CANDIDATE;DURABLE_RANK;ELIGIBLE_RANKING_INPUT;ESTABLISHED_LEADERSHIP_POOL;RECENT_LEADERSHIP
911462520971802775,DOV,2006-07-05,2006-08-02,126,21,21,0,0,21,0,0,0,0,0,0,0,,False,True,corporate_actions;identity;price_volume;security_type,BASE_CANDIDATE;ELIGIBLE_RANKING_INPUT
91207209330717786,IP,2006-07-05,2006-08-02,126,21,21,0,0,21,0,0,0,0,0,0,0,,False,True,corporate_actions;identity;price_volume;security_type,BASE_CANDIDATE;ELIGIBLE_RANKING_INPUT
913289373016644680,BGO,2006-07-05,2006-08-02,126,21,21,0,0,21,15,15,13,0,0,0,0,51,False,True,corporate_actions;identity;price_volume;security_type,BASE_CANDIDATE;DURABLE_RANK;ELIGIBLE_RANKING_INPUT;ESTABLISHED_LEADERSHIP_POOL;RECENT_LEADERSHIP
913893647957981163,AEM,2006-07-05,2006-08-02,126,21,21,0,0,21,21,21,20,0,0,0,0,69,False,True,corporate_actions;identity;price_volume;security_type,BASE_CANDIDATE;DURABLE_RANK;ELIGIBLE_RANKING_INPUT;ESTABLISHED_LEADERSHIP_POOL;RECENT_LEADERSHIP
914036313554235181,TXU,2006-07-05,2006-08-02,126,21,21,0,0,21,0,0,7,0,0,0,0,,False,True,corporate_actions;identity;price_volume;security_type,BASE_CANDIDATE;ELIGIBLE_RANKING_INPUT;RECENT_LEADERSHIP
914562293232156389,GOOGL,2006-07-05,2006-08-02,126,21,21,0,0,21,0,0,1,0,0,0,0,,False,True,corporate_actions;identity;price_volume;security_type,BASE_CANDIDATE;ELIGIBLE_RANKING_INPUT;RECENT_LEADERSHIP
915332413872026165,QLGC,2006-07-05,2006-08-02,126,21,21,0,0,21,0,0,0,0,0,0,0,,False,True,corporate_actions;identity;price_volume;security_type,BASE_CANDIDATE;ELIGIBLE_RANKING_INPUT
915898884484806955,AXE,2006-07-31,2006-08-02,126,3,3,0,0,3,0,0,3,0,0,0,0,,False,True,corporate_actions;identity;price_volume;security_type,BASE_CANDIDATE;ELIGIBLE_RANKING_INPUT;RECENT_LEADERSHIP
916489265533611803,SIVBQ,2006-07-05,2006-08-02,126,20,20,0,0,20,0,0,0,0,0,0,0,,False,True,corporate_actions;identity;price_volume;security_type,BASE_CANDIDATE;ELIGIBLE_RANKING_INPUT
918068417306930709,PRDO,2006-07-05,2006-08-02,126,21,21,0,0,21,0,0,0,0,0,0,0,,False,True,corporate_actions;identity;price_volume;security_type,BASE_CANDIDATE;ELIGIBLE_RANKING_INPUT
919138127768103131,HST,2006-07-05,2006-08-02,126,21,21,0,0,21,0,0,0,0,0,0,0,,False,True,corporate_actions;identity;price_volume;security_type,BASE_CANDIDATE;ELIGIBLE_RANKING_INPUT
920056777660043683,SANM,2006-07-05,2006-08-02,126,14,14,0,0,14,0,0,0,0,0,0,0,,False,True,corporate_actions;identity;price_volume;security_type,BASE_CANDIDATE;ELIGIBLE_RANKING_INPUT
921358492331445236,CVH,2006-07-05,2006-08-02,126,21,21,0,0,21,0,0,5,0,0,0,0,,False,True,corporate_actions;identity;price_volume;security_type,BASE_CANDIDATE;ELIGIBLE_RANKING_INPUT;RECENT_LEADERSHIP
921949065031827713,TPR,2006-07-05,2006-08-02,126,21,21,0,0,21,0,0,0,0,0,0,0,,False,True,corporate_actions;identity;price_volume;security_type,BASE_CANDIDATE;ELIGIBLE_RANKING_INPUT
922461509402035850,DISH,2006-07-05,2006-08-02,126,21,21,0,0,21,0,0,9,0,0,0,0,,False,True,corporate_actions;identity;price_volume;security_type,BASE_CANDIDATE;ELIGIBLE_RANKING_INPUT;RECENT_LEADERSHIP
922568749150320567,GHL,2006-07-05,2006-08-02,126,21,21,0,0,21,0,0,0,0,0,0,0,,False,True,corporate_actions;identity;price_volume;security_type,BASE_CANDIDATE;ELIGIBLE_RANKING_INPUT
922959964549713582,CHKAQ,2006-07-05,2006-08-02,126,21,21,0,0,21,0,0,2,0,0,0,0,,False,True,corporate_actions;identity;price_volume;security_type,BASE_CANDIDATE;ELIGIBLE_RANKING_INPUT;RECENT_LEADERSHIP
924128714588888482,WWY,2006-07-05,2006-08-02,126,21,21,0,0,21,0,0,0,0,0,0,0,,False,True,corporate_actions;identity;price_volume;security_type,BASE_CANDIDATE;ELIGIBLE_RANKING_INPUT
925089773324551400,BNY,2006-07-05,2006-08-02,126,21,21,0,0,21,0,0,0,0,0,0,0,,False,True,corporate_actions;identity;price_volume;security_type,BASE_CANDIDATE;ELIGIBLE_RANKING_INPUT
925317697863934365,GGP,2006-07-05,2006-08-02,126,21,21,0,0,21,0,0,0,0,0,0,0,,False,True,corporate_actions;identity;price_volume;security_type,BASE_CANDIDATE;ELIGIBLE_RANKING_INPUT
926606325962570555,SIEGY,2006-07-05,2006-08-02,126,21,21,0,0,21,0,0,0,0,0,0,0,,False,True,corporate_actions;identity;price_volume;security_type,BASE_CANDIDATE;ELIGIBLE_RANKING_INPUT
927046757213393013,YHOO,2006-07-05,2006-08-02,126,21,21,0,0,21,0,0,0,0,0,0,0,,False,True,corporate_actions;identity;price_volume;security_type,BASE_CANDIDATE;ELIGIBLE_RANKING_INPUT
927939971812641882,LVS,2006-07-05,2006-08-02,126,21,21,0,0,21,21,21,4,1,20,0,0,14,False,True,corporate_actions;execution_open;identity;price_volume;security_type;terminal,BASE_CANDIDATE;DURABLE_RANK;ELIGIBLE_RANKING_INPUT;ESTABLISHED_LEADERSHIP_POOL;HELD_POSITION;PENDING_ORDER;RECENT_LEADERSHIP
930851854451217721,SM,2006-07-05,2006-08-02,126,21,21,0,0,21,0,0,7,0,0,0,0,,False,True,corporate_actions;identity;price_volume;security_type,BASE_CANDIDATE;ELIGIBLE_RANKING_INPUT;RECENT_LEADERSHIP
931093969002672286,PBR.A,2006-07-05,2006-08-02,126,21,21,0,0,21,0,0,10,0,0,0,0,,False,True,corporate_actions;identity;price_volume;security_type,BASE_CANDIDATE;ELIGIBLE_RANKING_INPUT;RECENT_LEADERSHIP
932160252748025368,MEDI1,2006-07-05,2006-08-02,126,21,21,0,0,21,0,0,0,0,0,0,0,,False,True,corporate_actions;identity;price_volume;security_type,BASE_CANDIDATE;ELIGIBLE_RANKING_INPUT
932313930202983142,AMT,2006-07-05,2006-08-02,126,21,21,0,0,21,0,0,3,0,0,0,0,,False,True,corporate_actions;identity;price_volume;security_type,BASE_CANDIDATE;ELIGIBLE_RANKING_INPUT;RECENT_LEADERSHIP
932889011781391144,NYT,2006-07-05,2006-08-02,126,21,21,0,0,21,0,0,0,0,0,0,0,,False,True,corporate_actions;identity;price_volume;security_type,BASE_CANDIDATE;ELIGIBLE_RANKING_INPUT
935063114787874443,NTY,2006-08-02,2006-08-02,126,1,1,0,0,1,0,0,1,0,0,0,0,,False,True,corporate_actions;identity;price_volume;security_type,BASE_CANDIDATE;ELIGIBLE_RANKING_INPUT;RECENT_LEADERSHIP
935065047556795793,HYSL,2006-07-05,2006-08-02,126,21,21,0,0,21,0,0,10,0,0,0,0,,False,True,corporate_actions;identity;price_volume;security_type,BASE_CANDIDATE;ELIGIBLE_RANKING_INPUT;RECENT_LEADERSHIP
935237186009051842,GILD,2006-07-05,2006-08-02,126,21,21,0,0,21,0,0,4,0,0,0,0,,False,True,corporate_actions;identity;price_volume;security_type,BASE_CANDIDATE;ELIGIBLE_RANKING_INPUT;RECENT_LEADERSHIP
935924025138960001,USG1,2006-07-05,2006-08-02,126,21,21,0,0,21,1,1,0,0,0,0,0,101,False,True,corporate_actions;identity;price_volume;security_type,BASE_CANDIDATE;DURABLE_RANK;ELIGIBLE_RANKING_INPUT;ESTABLISHED_LEADERSHIP_POOL
937288233487556127,SUNEQ,2006-07-05,2006-08-02,126,21,21,0,0,21,19,19,0,0,0,0,0,72,False,True,corporate_actions;identity;price_volume;security_type,BASE_CANDIDATE;DURABLE_RANK;ELIGIBLE_RANKING_INPUT;ESTABLISHED_LEADERSHIP_POOL
938495198201087451,ALK,2006-07-05,2006-08-02,126,21,21,0,0,21,11,11,0,0,0,0,0,42,False,True,corporate_actions;identity;price_volume;security_type,BASE_CANDIDATE;DURABLE_RANK;ELIGIBLE_RANKING_INPUT;ESTABLISHED_LEADERSHIP_POOL
939596305419022860,BWA,2006-07-05,2006-08-02,126,14,14,0,0,14,0,0,0,0,0,0,0,,False,True,corporate_actions;identity;price_volume;security_type,BASE_CANDIDATE;ELIGIBLE_RANKING_INPUT
940178587098455958,TAP,2006-07-05,2006-08-02,126,21,21,0,0,21,0,0,0,0,0,0,0,,False,True,corporate_actions;identity;price_volume;security_type,BASE_CANDIDATE;ELIGIBLE_RANKING_INPUT
940212400230514162,ODP,2006-07-05,2006-08-02,126,21,21,0,0,21,15,15,0,0,0,0,0,9,False,True,corporate_actions;identity;price_volume;security_type,BASE_CANDIDATE;DURABLE_RANK;ELIGIBLE_RANKING_INPUT;ESTABLISHED_LEADERSHIP_POOL
940322993544306456,HMC,2006-07-05,2006-07-06,126,2,2,0,0,2,0,0,0,0,0,0,0,,False,True,corporate_actions;identity;price_volume;security_type,BASE_CANDIDATE;ELIGIBLE_RANKING_INPUT
941818860792490502,GEN1,2006-07-05,2006-07-26,126,16,16,0,0,16,0,0,4,0,0,0,0,,False,True,corporate_actions;identity;price_volume;security_type,BASE_CANDIDATE;ELIGIBLE_RANKING_INPUT;RECENT_LEADERSHIP
942964948123467593,JAH,2006-07-05,2006-08-01,126,19,19,0,0,19,0,0,0,0,0,0,0,,False,True,corporate_actions;identity;price_volume;security_type,BASE_CANDIDATE;ELIGIBLE_RANKING_INPUT
943202246149232776,CHH,2006-07-21,2006-08-02,126,9,9,0,0,9,5,5,0,0,0,0,0,37,False,True,corporate_actions;identity;price_volume;security_type,BASE_CANDIDATE;DURABLE_RANK;ELIGIBLE_RANKING_INPUT;ESTABLISHED_LEADERSHIP_POOL
943962969703811195,AMLN,2006-07-05,2006-08-02,126,21,21,0,0,21,0,0,7,0,0,0,0,,False,True,corporate_actions;identity;price_volume;security_type,BASE_CANDIDATE;ELIGIBLE_RANKING_INPUT;RECENT_LEADERSHIP
944174442226145604,MI2,2006-07-05,2006-08-02,126,21,21,0,0,21,0,0,0,0,0,0,0,,False,True,corporate_actions;identity;price_volume;security_type,BASE_CANDIDATE;ELIGIBLE_RANKING_INPUT
944308282808791062,SPSNQ,2006-07-05,2006-07-05,126,1,1,0,0,1,0,0,0,0,0,0,0,,False,True,corporate_actions;identity;price_volume;security_type,BASE_CANDIDATE;ELIGIBLE_RANKING_INPUT
944809917637872747,RIG,2006-07-05,2006-08-02,126,21,21,0,0,21,0,0,0,0,0,0,0,,False,True,corporate_actions;identity;price_volume;security_type,BASE_CANDIDATE;ELIGIBLE_RANKING_INPUT
944883023823184405,CYH,2006-08-01,2006-08-02,126,2,2,0,0,2,0,0,0,0,0,0,0,,False,True,corporate_actions;identity;price_volume;security_type,BASE_CANDIDATE;ELIGIBLE_RANKING_INPUT
945050974456875363,DP,2006-07-05,2006-07-12,126,6,6,0,0,6,0,0,0,0,0,0,0,,False,True,corporate_actions;identity;price_volume;security_type,BASE_CANDIDATE;ELIGIBLE_RANKING_INPUT
947676634579175833,PPP3,2006-07-05,2006-08-02,126,21,21,0,0,21,0,0,4,0,0,0,0,,False,True,corporate_actions;identity;price_volume;security_type,BASE_CANDIDATE;ELIGIBLE_RANKING_INPUT;RECENT_LEADERSHIP
947831258121099345,AGR1,2006-07-25,2006-08-02,126,7,7,0,0,7,0,0,0,0,0,0,0,,False,True,corporate_actions;identity;price_volume;security_type,BASE_CANDIDATE;ELIGIBLE_RANKING_INPUT
948158838435799545,FSL.B,2006-07-05,2006-08-02,126,21,21,0,0,21,0,0,0,0,0,0,0,,False,True,corporate_actions;identity;price_volume;security_type,BASE_CANDIDATE;ELIGIBLE_RANKING_INPUT
94818035795760600,CMA,2006-07-05,2006-08-02,126,21,21,0,0,21,0,0,7,0,0,0,0,,False,True,corporate_actions;identity;price_volume;security_type,BASE_CANDIDATE;ELIGIBLE_RANKING_INPUT;RECENT_LEADERSHIP
949392331435765708,JNPR,2006-07-05,2006-08-02,126,21,21,0,0,21,0,0,0,0,0,0,0,,False,True,corporate_actions;identity;price_volume;security_type,BASE_CANDIDATE;ELIGIBLE_RANKING_INPUT
950063614365024268,TEX,2006-07-05,2006-08-02,126,21,21,0,0,21,21,21,7,1,20,0,0,37,False,True,corporate_actions;execution_open;identity;price_volume;security_type;terminal,BASE_CANDIDATE;DURABLE_RANK;ELIGIBLE_RANKING_INPUT;ESTABLISHED_LEADERSHIP_POOL;HELD_POSITION;PENDING_ORDER;RECENT_LEADERSHIP
950740305854903963,CKH,2006-07-05,2006-08-02,126,21,21,0,0,21,0,0,0,0,0,0,0,,False,True,corporate_actions;identity;price_volume;security_type,BASE_CANDIDATE;ELIGIBLE_RANKING_INPUT
950956618868470019,SNBRQ,2006-07-05,2006-08-02,126,13,13,0,0,13,6,6,0,0,0,0,0,84,False,True,corporate_actions;identity;price_volume;security_type,BASE_CANDIDATE;DURABLE_RANK;ELIGIBLE_RANKING_INPUT;ESTABLISHED_LEADERSHIP_POOL
952360009139638908,ANDW,2006-07-05,2006-08-02,126,21,21,0,0,21,0,0,0,0,0,0,0,,False,True,corporate_actions;identity;price_volume;security_type,BASE_CANDIDATE;ELIGIBLE_RANKING_INPUT
952846900641587896,MCK,2006-07-05,2006-08-02,126,21,21,0,0,21,0,0,3,0,0,0,0,,False,True,corporate_actions;identity;price_volume;security_type,BASE_CANDIDATE;ELIGIBLE_RANKING_INPUT;RECENT_LEADERSHIP
953174271952728833,SNY,2006-07-05,2006-08-02,126,21,21,0,0,21,0,0,0,0,0,0,0,,False,True,corporate_actions;identity;price_volume;security_type,BASE_CANDIDATE;ELIGIBLE_RANKING_INPUT
953268169942221089,UVN,2006-07-05,2006-08-02,126,21,21,0,0,21,0,0,0,0,0,0,0,,False,True,corporate_actions;identity;price_volume;security_type,BASE_CANDIDATE;ELIGIBLE_RANKING_INPUT
956730125127363351,LII,2006-07-06,2006-07-06,126,1,1,0,0,1,0,0,0,0,0,0,0,,False,True,corporate_actions;identity;price_volume;security_type,BASE_CANDIDATE;ELIGIBLE_RANKING_INPUT
956738535388868058,PBI,2006-07-05,2006-08-02,126,21,21,0,0,21,0,0,0,0,0,0,0,,False,True,corporate_actions;identity;price_volume;security_type,BASE_CANDIDATE;ELIGIBLE_RANKING_INPUT
956867195748012862,BN,2006-07-05,2006-07-11,126,5,5,0,0,5,1,1,0,0,0,0,0,46,False,True,corporate_actions;identity;price_volume;security_type,BASE_CANDIDATE;DURABLE_RANK;ELIGIBLE_RANKING_INPUT;ESTABLISHED_LEADERSHIP_POOL
957008674074369745,S2,2006-07-05,2006-08-02,126,21,21,0,0,21,0,0,0,0,0,0,0,,False,True,corporate_actions;identity;price_volume;security_type,BASE_CANDIDATE;ELIGIBLE_RANKING_INPUT
957588719521684763,LU1,2006-07-05,2006-08-02,126,21,21,0,0,21,0,0,0,0,0,0,0,,False,True,corporate_actions;identity;price_volume;security_type,BASE_CANDIDATE;ELIGIBLE_RANKING_INPUT
959975748066873354,NOVL,2006-07-05,2006-08-02,126,18,18,0,0,18,0,0,0,0,0,0,0,,False,True,corporate_actions;identity;price_volume;security_type,BASE_CANDIDATE;ELIGIBLE_RANKING_INPUT
962328518499258788,PDLI,2006-07-05,2006-08-02,126,21,21,0,0,21,0,0,0,0,0,0,0,,False,True,corporate_actions;identity;price_volume;security_type,BASE_CANDIDATE;ELIGIBLE_RANKING_INPUT
963565565293527928,CBSS,2006-07-05,2006-08-02,126,21,21,0,0,21,0,0,0,0,0,0,0,,False,True,corporate_actions;identity;price_volume;security_type,BASE_CANDIDATE;ELIGIBLE_RANKING_INPUT
964176674469798289,ROP,2006-07-05,2006-07-13,126,7,7,0,0,7,0,0,0,0,0,0,0,,False,True,corporate_actions;identity;price_volume;security_type,BASE_CANDIDATE;ELIGIBLE_RANKING_INPUT
965877798436786417,LHO,2006-07-26,2006-08-02,126,6,6,0,0,6,0,0,0,0,0,0,0,,False,True,corporate_actions;identity;price_volume;security_type,BASE_CANDIDATE;ELIGIBLE_RANKING_INPUT
968144368645234707,EAT,2006-07-05,2006-08-02,126,21,21,0,0,21,0,0,0,0,0,0,0,,False,True,corporate_actions;identity;price_volume;security_type,BASE_CANDIDATE;ELIGIBLE_RANKING_INPUT
968166522535685044,LFGRQ,2006-07-26,2006-08-02,126,6,6,0,0,6,0,0,0,0,0,0,0,,False,True,corporate_actions;identity;price_volume;security_type,BASE_CANDIDATE;ELIGIBLE_RANKING_INPUT
968597616931842369,OA,2006-07-11,2006-08-02,126,15,15,0,0,15,0,0,0,0,0,0,0,,False,True,corporate_actions;identity;price_volume;security_type,BASE_CANDIDATE;ELIGIBLE_RANKING_INPUT
968795586744774794,FLEX,2006-07-05,2006-08-02,126,21,21,0,0,21,0,0,2,0,0,0,0,,False,True,corporate_actions;identity;price_volume;security_type,BASE_CANDIDATE;ELIGIBLE_RANKING_INPUT;RECENT_LEADERSHIP
969479337023091443,AAIC,2006-07-06,2006-07-21,126,10,10,0,0,10,0,0,0,0,0,0,0,,False,True,corporate_actions;identity;price_volume;security_type,BASE_CANDIDATE;ELIGIBLE_RANKING_INPUT
970103115042527600,EQR,2006-07-05,2006-08-02,126,21,21,0,0,21,0,0,0,0,0,0,0,,False,True,corporate_actions;identity;price_volume;security_type,BASE_CANDIDATE;ELIGIBLE_RANKING_INPUT
97034710814546959,SLB,2006-07-05,2006-08-02,126,21,21,0,0,21,0,0,13,0,0,0,0,,False,True,corporate_actions;identity;price_volume;security_type,BASE_CANDIDATE;ELIGIBLE_RANKING_INPUT;RECENT_LEADERSHIP
970944029464602457,MHS,2006-07-05,2006-08-02,126,21,21,0,0,21,0,0,7,0,0,0,0,,False,True,corporate_actions;identity;price_volume;security_type,BASE_CANDIDATE;ELIGIBLE_RANKING_INPUT;RECENT_LEADERSHIP
970964168784417941,CPS1,2006-07-05,2006-08-02,126,21,21,0,0,21,0,0,0,0,0,0,0,,False,True,corporate_actions;identity;price_volume;security_type,BASE_CANDIDATE;ELIGIBLE_RANKING_INPUT
971623894450170625,BDN,2006-07-05,2006-07-17,126,9,9,0,0,9,0,0,0,0,0,0,0,,False,True,corporate_actions;identity;price_volume;security_type,BASE_CANDIDATE;ELIGIBLE_RANKING_INPUT
972509297709917140,COR,2006-07-05,2006-08-02,126,21,21,0,0,21,0,0,0,0,0,0,0,,False,True,corporate_actions;identity;price_volume;security_type,BASE_CANDIDATE;ELIGIBLE_RANKING_INPUT
974120659768623522,MVL,2006-07-05,2006-07-27,126,4,4,0,0,4,0,0,0,0,0,0,0,,False,True,corporate_actions;identity;price_volume;security_type,BASE_CANDIDATE;ELIGIBLE_RANKING_INPUT
974394617577615305,VLO,2006-07-05,2006-08-02,126,21,21,0,0,21,0,0,5,0,0,0,0,,False,True,corporate_actions;identity;price_volume;security_type,BASE_CANDIDATE;ELIGIBLE_RANKING_INPUT;RECENT_LEADERSHIP
975077263646703517,DOFSQ,2006-07-05,2006-08-02,126,21,21,0,0,21,0,0,0,0,0,0,0,,False,True,corporate_actions;identity;price_volume;security_type,BASE_CANDIDATE;ELIGIBLE_RANKING_INPUT
978933499498122618,NOV,2006-07-05,2006-08-02,126,21,21,0,0,21,0,0,0,0,0,0,0,,False,True,corporate_actions;identity;price_volume;security_type,BASE_CANDIDATE;ELIGIBLE_RANKING_INPUT
979571962362620569,ORCL,2006-07-05,2006-08-02,126,21,21,0,0,21,0,0,0,0,0,0,0,,False,True,corporate_actions;identity;price_volume;security_type,BASE_CANDIDATE;ELIGIBLE_RANKING_INPUT
979739488787974285,LBTYK,2006-07-05,2006-07-27,126,8,8,0,0,8,0,0,0,0,0,0,0,,False,True,corporate_actions;identity;price_volume;security_type,BASE_CANDIDATE;ELIGIBLE_RANKING_INPUT
979822405005009270,TCO,2006-07-05,2006-07-27,126,17,17,0,0,17,0,0,1,0,0,0,0,,False,True,corporate_actions;identity;price_volume;security_type,BASE_CANDIDATE;ELIGIBLE_RANKING_INPUT;RECENT_LEADERSHIP
98254708912909907,PNR,2006-07-05,2006-08-02,126,6,6,0,0,6,0,0,0,0,0,0,0,,False,True,corporate_actions;identity;price_volume;security_type,BASE_CANDIDATE;ELIGIBLE_RANKING_INPUT
98300450827989858,PLD1,2006-07-05,2006-08-02,126,21,21,0,0,21,0,0,0,0,0,0,0,,False,True,corporate_actions;identity;price_volume;security_type,BASE_CANDIDATE;ELIGIBLE_RANKING_INPUT
983329147315909251,SLG,2006-07-05,2006-08-02,126,21,21,0,0,21,16,16,4,0,0,0,0,9,False,True,corporate_actions;identity;price_volume;security_type,BASE_CANDIDATE;DURABLE_RANK;ELIGIBLE_RANKING_INPUT;ESTABLISHED_LEADERSHIP_POOL;RECENT_LEADERSHIP
983411026593685708,JWN,2006-07-05,2006-08-02,126,21,21,0,0,21,0,0,0,0,0,0,0,,False,True,corporate_actions;identity;price_volume;security_type,BASE_CANDIDATE;ELIGIBLE_RANKING_INPUT
983437493222877843,GWW,2006-07-05,2006-08-02,126,21,21,0,0,21,0,0,0,0,0,0,0,,False,True,corporate_actions;identity;price_volume;security_type,BASE_CANDIDATE;ELIGIBLE_RANKING_INPUT
984687283821901795,MTCH,2006-07-05,2006-08-02,126,21,21,0,0,21,0,0,0,0,0,0,0,,False,True,corporate_actions;identity;price_volume;security_type,BASE_CANDIDATE;ELIGIBLE_RANKING_INPUT
986236113377626689,STPFQ,2006-07-05,2006-08-02,126,21,21,0,0,21,0,0,2,0,0,0,0,,False,True,corporate_actions;identity;price_volume;security_type,BASE_CANDIDATE;ELIGIBLE_RANKING_INPUT;RECENT_LEADERSHIP
986298677409235360,LM,2006-07-05,2006-08-02,126,21,21,0,0,21,0,0,0,0,0,0,0,,False,True,corporate_actions;identity;price_volume;security_type,BASE_CANDIDATE;ELIGIBLE_RANKING_INPUT
986351443561901637,AVY,2006-07-05,2006-08-02,126,21,21,0,0,21,0,0,0,0,0,0,0,,False,True,corporate_actions;identity;price_volume;security_type,BASE_CANDIDATE;ELIGIBLE_RANKING_INPUT
987286587099641336,BOBJY,2006-07-07,2006-08-02,126,19,19,0,0,19,0,0,0,0,0,0,0,,False,True,corporate_actions;identity;price_volume;security_type,BASE_CANDIDATE;ELIGIBLE_RANKING_INPUT
987448579336366373,FRFHF,2006-07-20,2006-08-02,126,10,10,0,0,10,0,0,9,0,0,0,0,,False,True,corporate_actions;identity;price_volume;security_type,BASE_CANDIDATE;ELIGIBLE_RANKING_INPUT;RECENT_LEADERSHIP
988542438072308803,FMCN,2006-07-05,2006-08-02,126,21,21,0,0,21,18,18,5,0,0,0,0,49,False,True,corporate_actions;identity;price_volume;security_type,BASE_CANDIDATE;DURABLE_RANK;ELIGIBLE_RANKING_INPUT;ESTABLISHED_LEADERSHIP_POOL;RECENT_LEADERSHIP
988835787721652360,INTC,2006-07-05,2006-08-02,126,21,21,0,0,21,0,0,0,0,0,0,0,,False,True,corporate_actions;identity;price_volume;security_type,BASE_CANDIDATE;ELIGIBLE_RANKING_INPUT
98975315269838120,CX,2006-07-05,2006-08-02,126,21,21,0,0,21,0,0,4,0,0,0,0,,False,True,corporate_actions;identity;price_volume;security_type,BASE_CANDIDATE;ELIGIBLE_RANKING_INPUT;RECENT_LEADERSHIP
990238054080584816,MDC,2006-07-05,2006-08-02,126,21,21,0,0,21,0,0,0,0,0,0,0,,False,True,corporate_actions;identity;price_volume;security_type,BASE_CANDIDATE;ELIGIBLE_RANKING_INPUT
990484726740043660,DTV1,2006-07-05,2006-08-02,126,21,21,0,0,21,0,0,0,0,0,0,0,,False,True,corporate_actions;identity;price_volume;security_type,BASE_CANDIDATE;ELIGIBLE_RANKING_INPUT
991285268276381707,BEAV,2006-07-26,2006-08-02,126,6,6,0,0,6,0,0,4,0,0,0,0,,False,True,corporate_actions;identity;price_volume;security_type,BASE_CANDIDATE;ELIGIBLE_RANKING_INPUT;RECENT_LEADERSHIP
992317471201270933,JPM,2006-07-05,2006-08-02,126,21,21,0,0,21,0,0,1,0,0,0,0,,False,True,corporate_actions;identity;price_volume;security_type,BASE_CANDIDATE;ELIGIBLE_RANKING_INPUT;RECENT_LEADERSHIP
994872404874779304,EG,2006-07-05,2006-08-02,126,21,21,0,0,21,0,0,2,0,0,0,0,,False,True,corporate_actions;identity;price_volume;security_type,BASE_CANDIDATE;ELIGIBLE_RANKING_INPUT;RECENT_LEADERSHIP
995788038552791799,DST,2006-07-05,2006-07-11,126,5,5,0,0,5,0,0,0,0,0,0,0,,False,True,corporate_actions;identity;price_volume;security_type,BASE_CANDIDATE;ELIGIBLE_RANKING_INPUT
996622864803566929,FISV,2006-07-05,2006-08-02,126,21,21,0,0,21,0,0,0,0,0,0,0,,False,True,corporate_actions;identity;price_volume;security_type,BASE_CANDIDATE;ELIGIBLE_RANKING_INPUT
997588977062230032,FIS,2006-07-05,2006-08-01,126,20,20,0,0,20,0,0,0,0,0,0,0,,False,True,corporate_actions;identity;price_volume;security_type,BASE_CANDIDATE;ELIGIBLE_RANKING_INPUT
997629165763677336,AHMIQ,2006-07-28,2006-08-02,126,3,3,0,0,3,3,3,0,0,0,0,0,33,False,True,corporate_actions;identity;price_volume;security_type,BASE_CANDIDATE;DURABLE_RANK;ELIGIBLE_RANKING_INPUT;ESTABLISHED_LEADERSHIP_POOL
998128448828099808,DG1,2006-07-05,2006-08-02,126,21,21,0,0,21,0,0,0,0,0,0,0,,False,True,corporate_actions;identity;price_volume;security_type,BASE_CANDIDATE;ELIGIBLE_RANKING_INPUT
998568755078305406,THO,2006-07-05,2006-08-02,126,21,21,0,0,21,0,0,0,0,0,0,0,,False,True,corporate_actions;identity;price_volume;security_type,BASE_CANDIDATE;ELIGIBLE_RANKING_INPUT
998670349776695363,SIAL,2006-07-05,2006-08-02,126,21,21,0,0,21,0,0,0,0,0,0,0,,False,True,corporate_actions;identity;price_volume;security_type,BASE_CANDIDATE;ELIGIBLE_RANKING_INPUT
998799905096684459,RDC,2006-07-05,2006-08-02,126,21,21,0,0,21,0,0,0,0,0,0,0,,False,True,corporate_actions;identity;price_volume;security_type,BASE_CANDIDATE;ELIGIBLE_RANKING_INPUT
999229911941348239,NFX1,2006-07-05,2006-08-02,126,21,21,0,0,21,0,0,8,0,0,0,0,,False,True,corporate_actions;identity;price_volume;security_type,BASE_CANDIDATE;ELIGIBLE_RANKING_INPUT;RECENT_LEADERSHIP
999251670528237766,PD1,2006-07-05,2006-08-02,126,21,21,0,0,21,0,0,0,0,0,0,0,,False,True,corporate_actions;identity;price_volume;security_type,BASE_CANDIDATE;ELIGIBLE_RANKING_INPUT
