decision_date,ticker,outcome,planned_shares,close_price,close_nav,cash_before_decision,required_reserve,uncommitted_cash_after_reserve,intended_capital,funding_fraction,q0_reason,buffer_basis_points
2006-07-05,MED,PLAN,205,19.49,100000.0,100000.0,0.0,100000.0,4000.0,1.0,,0
2006-07-05,ACLI,PLAN,66,59.89,100000.0,100000.0,0.0,100000.0,4000.0,1.0,,0
2006-07-05,FALB,PLAN,75,53.26,100000.0,100000.0,0.0,100000.0,4000.0,1.0,,0
2006-07-05,TTI,PLAN,131,30.37,100000.0,100000.0,0.0,100000.0,4000.0,1.0,,0
2006-07-05,CHAP1,PLAN,56,71.0,100000.0,100000.0,0.0,100000.0,4000.0,1.0,,0
2006-07-05,LFCHY,PLAN,64,61.65,100000.0,100000.0,0.0,100000.0,4000.0,1.0,,0
2006-07-05,ADM,PLAN,94,42.21,100000.0,100000.0,0.0,100000.0,4000.0,1.0,,0
2006-07-05,LVS,PLAN,53,75.06999999999998,100000.0,100000.0,0.0,100000.0,4000.0,1.0,,0
2006-07-05,MNST,PLAN,19,205.35,100000.0,100000.0,0.0,100000.0,4000.0,1.0,,0
2006-07-05,BFH,PLAN,67,58.81,100000.0,100000.0,0.0,100000.0,4000.0,1.0,,0
2006-07-05,AVL1,PLAN,84,47.38,100000.0,100000.0,0.0,100000.0,4000.0,1.0,,0
2006-07-05,LECO,PLAN,65,60.63,100000.0,100000.0,0.0,100000.0,4000.0,1.0,,0
2006-07-05,DAKT,PLAN,137,29.03,100000.0,100000.0,0.0,100000.0,4000.0,1.0,,0
2006-07-05,MTW,PLAN,89,44.87,100000.0,100000.0,0.0,100000.0,4000.0,1.0,,0
2006-07-05,VOLT2,PLAN,83,47.67,100000.0,100000.0,0.0,100000.0,4000.0,1.0,,0
2006-07-05,EXPD,PLAN,74,53.73,100000.0,100000.0,0.0,100000.0,4000.0,1.0,,0
2006-07-05,KEX,PLAN,101,39.46,100000.0,100000.0,0.0,100000.0,4000.0,1.0,,0
2006-07-05,OII,PLAN,86,46.05,100000.0,100000.0,0.0,100000.0,4000.0,1.0,,0
2006-07-05,FTI1,PLAN,57,69.18,100000.0,100000.0,0.0,100000.0,4000.0,1.0,,0
2006-07-05,WEBX1,PLAN,111,35.75,100000.0,100000.0,0.0,100000.0,4000.0,1.0,,0
2006-07-05,JLL,PLAN,46,86.25,100000.0,100000.0,0.0,100000.0,4000.0,1.0,,0
2006-07-05,AGP,PLAN,130,30.67,100000.0,100000.0,0.0,100000.0,4000.0,1.0,,0
2006-07-05,ATI,PLAN,58,68.61,100000.0,100000.0,0.0,100000.0,4000.0,1.0,,0
2006-07-05,TEX,PLAN,40,98.96,100000.0,100000.0,0.0,100000.0,4000.0,1.0,,0
2006-07-05,WCC,PLAN,60,66.6,100000.0,100000.0,0.0,100000.0,4000.0,1.0,,0
2006-09-07,CMCSK,PLAN,101,34.86,88313.27174698001,10600.901746980015,0.0,10600.901746980015,3532.5308698792005,1.0,,0
2006-09-11,HCR1,PLAN,65,52.21,86078.59694808102,7072.476948081014,0.0,7072.476948081014,3443.143877923241,1.0,,0
2006-09-15,CXW,PLAN,80,43.47,87240.796359581,6458.086359581013,0.0,6458.086359581013,3489.63185438324,1.0,,0
2006-10-03,CMCSA,PLAN,94,37.07,87203.226659581,9694.126659581016,0.0,9694.126659581016,3488.1290663832406,1.0,,0
2006-10-16,EPC,PLAN,49,76.62,94707.37963026502,6226.949630265017,0.0,6226.949630265017,3788.2951852106007,1.0,,0
2006-10-17,UST1,PLAN,44,55.79,94057.78603026501,2479.6060302650167,0.0,2479.6060302650167,3762.3114412106006,0.6590645322725204,,0
2006-11-01,ACAS,Q0_SKIP,0,42.74,93487.03127026501,33.591270265017286,0.0,33.591270265017286,3739.4812508106006,0.008982869016320316,CASH_SCARCITY,0
2006-11-01,BLS,Q0_SKIP,0,44.2,93487.03127026501,33.591270265017286,0.0,33.591270265017286,3739.4812508106006,0.008982869016320316,CASH_SCARCITY,0
2006-11-01,T,Q0_SKIP,0,33.76,93487.03127026501,33.591270265017286,0.0,33.591270265017286,3739.4812508106006,0.008982869016320316,CASH_SCARCITY,0
2006-11-01,NEE,Q0_SKIP,0,51.59,93487.03127026501,33.591270265017286,0.0,33.591270265017286,3739.4812508106006,0.008982869016320316,CASH_SCARCITY,0
2006-11-01,LH,Q0_SKIP,0,67.3,93487.03127026501,33.591270265017286,0.0,33.591270265017286,3739.4812508106006,0.008982869016320316,CASH_SCARCITY,0
2006-11-01,CNP,PLAN,2,15.45,93487.03127026501,33.591270265017286,0.0,33.591270265017286,3739.4812508106006,0.008982869016320316,,0
2006-12-15,MA,PLAN,41,96.19,100333.005370265,4207.055370265017,0.0,4207.055370265017,4013.3202148106,1.0,,0
2007-01-29,TSG1,PLAN,129,32.3,104538.502990265,21042.978270265015,0.0,21042.978270265015,4181.5401196106,1.0,,0
2007-01-30,CF,PLAN,136,30.77,104986.06880426501,16868.237700265017,0.0,16868.237700265017,4199.4427521706,1.0,,0
2007-01-31,MTCH,PLAN,109,38.4,104868.519204265,12689.171620265017,0.0,12689.171620265017,4194.7407681706,1.0,,0
2007-02-01,HAS,PLAN,146,28.68,105463.41655626503,8503.750380265017,0.0,8503.750380265017,4218.536662250602,1.0,,0
2007-02-02,TRA,PLAN,287,14.67,105428.93292426501,4306.437260265017,0.0,4306.437260265017,4217.157316970601,1.0,,0
2007-02-05,UIS,PLAN,11,8.849999999999998,105108.44533026499,103.42845026501709,0.0,103.42845026501709,4204.3378132106,0.02460041387255583,,0
2007-03-29,MIR2,PLAN,102,40.94,105458.88816100098,6742.7581610010175,0.0,6742.7581610010175,4218.355526440039,1.0,,0
2007-05-14,GEN1,PLAN,179,25.46,114602.45724100103,10365.552241001018,0.0,10365.552241001018,4584.098289640041,1.0,,0
2007-06-05,TRW,PLAN,119,40.04,119240.36973100102,9984.63973100102,0.0,9984.63973100102,4769.61478924004,1.0,,0
2007-06-21,NRG,PLAN,111,43.51,121227.276971001,8736.016971001021,0.0,8736.016971001021,4849.091078840041,1.0,,0
2007-07-13,GLBL1,PLAN,136,28.68,127798.69681100102,3916.471811001022,0.0,3916.471811001022,5111.947872440041,0.7661407957846815,,0
2007-08-23,TBSIQ,PLAN,117,38.17,112701.98833100102,9053.798331001022,0.0,9053.798331001022,4508.079533240041,1.0,,0
2007-08-28,DRYS,PLAN,71,61.3,109579.21063100101,4591.6406310010225,0.0,4591.6406310010225,4383.168425240041,1.0,,0
2007-09-11,GRMN,Q0_SKIP,0,106.88,113989.382931001,67.97793100102314,0.0,67.97793100102314,4559.57531724004,0.014908829500851609,CASH_SCARCITY,0
2007-09-11,OII,Q0_SKIP,0,72.29,113989.382931001,67.97793100102314,0.0,67.97793100102314,4559.57531724004,0.014908829500851609,CASH_SCARCITY,0
2007-09-11,CROX,PLAN,1,57.71,113989.382931001,67.97793100102314,0.0,67.97793100102314,4559.57531724004,0.014908829500851609,,0
2007-10-29,EDO,PLAN,89,57.65,129100.52055100103,9701.050551001046,0.0,9701.050551001046,5164.020822040041,1.0,,0
2007-11-29,MTL,PLAN,57,82.76999999999998,119806.98892100102,34560.778921001045,0.0,34560.778921001045,4792.279556840041,1.0,,0
2007-12-04,TELFY,PLAN,46,103.11,120488.90582574205,29508.895825742045,0.0,29508.895825742045,4819.5562330296825,1.0,,0
2007-12-05,SIGM,PLAN,68,71.15,121779.50743406406,24809.487434064045,0.0,24809.487434064045,4871.180297362563,1.0,,0
2007-12-10,IHS2,PLAN,71,69.05,123786.28943406403,19987.099434064043,0.0,19987.099434064043,4951.451577362562,1.0,,0
2007-12-11,BIDU,PLAN,12,378.38,120694.63073406402,15033.450734064045,0.0,15033.450734064045,4827.785229362561,1.0,,0
2007-12-12,BMRN,PLAN,172,28.18,121816.22521406405,15000.325214064043,0.0,15000.325214064043,4872.649008562562,1.0,,0
2007-12-13,KUST,PLAN,821,6.0,123346.79813406403,10224.848134064043,0.0,10224.848134064043,4933.871925362561,1.0,,0
2007-12-14,GLDN1,PLAN,47,103.06,123316.60213406406,5293.922134064043,0.0,5293.922134064043,4932.664085362562,1.0,,0
2008-01-14,CVD,PLAN,50,95.66,119877.61524406403,24060.037244064042,0.0,24060.037244064042,4795.104609762561,1.0,,0
2008-02-05,PRGO,PLAN,131,33.48,110362.90555406405,39790.29555406405,0.0,39790.29555406405,4414.516222162562,1.0,,0
2008-02-06,MEE,PLAN,115,38.26,111045.87430406404,35364.62430406405,0.0,35364.62430406405,4441.834972162562,1.0,,0
2008-02-07,MOS,PLAN,47,93.75,111629.42125406406,34946.111254064046,0.0,34946.111254064046,4465.176850162562,1.0,,0
2008-02-08,INCY,PLAN,376,11.98,112755.89344406406,30465.825444064045,0.0,30465.825444064045,4510.235737762562,1.0,,0
2008-02-11,AUXL,PLAN,136,33.47,113924.16224406406,25968.132244064047,0.0,25968.132244064047,4556.966489762563,1.0,,0
2008-02-12,GOLD1,PLAN,98,46.39,114755.52912406404,21350.399124064046,0.0,21350.399124064046,4590.2211649625615,1.0,,0
2008-02-20,FRFHF,PLAN,15,307.0,117758.94400406406,16746.04400406405,0.0,16746.04400406405,4710.357760162563,1.0,,0
2008-02-21,CMO,PLAN,258,18.11,117029.20905406405,12286.76905406405,0.0,12286.76905406405,4681.1683621625625,1.0,,0
2008-02-22,PHRM,PLAN,67,70.04,117672.14989406406,7632.959894064051,0.0,7632.959894064051,4706.885995762563,1.0,,0
2008-02-25,KGC,PLAN,123,23.87,119592.08525406405,2943.635254064051,0.0,2943.635254064051,4783.683410162562,0.6153490943423487,,0
2008-02-26,CNX,Q0_SKIP,0,81.33,120167.22678406406,2.2267840640511167,0.0,2.2267840640511167,4806.689071362563,0.00046326775686780287,CASH_SCARCITY,0
2008-02-26,GG,Q0_SKIP,0,42.27,120167.22678406406,2.2267840640511167,0.0,2.2267840640511167,4806.689071362563,0.00046326775686780287,CASH_SCARCITY,0
2008-02-26,FCL1,Q0_SKIP,0,57.81,120167.22678406406,2.2267840640511167,0.0,2.2267840640511167,4806.689071362563,0.00046326775686780287,CASH_SCARCITY,0
2008-02-26,BVN,Q0_SKIP,0,72.54,120167.22678406406,2.2267840640511167,0.0,2.2267840640511167,4806.689071362563,0.00046326775686780287,CASH_SCARCITY,0
2008-02-26,WLTGQ,Q0_SKIP,0,52.57,120167.22678406406,2.2267840640511167,0.0,2.2267840640511167,4806.689071362563,0.00046326775686780287,CASH_SCARCITY,0
2008-02-26,ANRZQ,Q0_SKIP,0,41.5,120167.22678406406,2.2267840640511167,0.0,2.2267840640511167,4806.689071362563,0.00046326775686780287,CASH_SCARCITY,0
2008-02-26,MON2,Q0_SKIP,0,120.76,120167.22678406406,2.2267840640511167,0.0,2.2267840640511167,4806.689071362563,0.00046326775686780287,CASH_SCARCITY,0
2008-02-26,CPHD,Q0_SKIP,0,31.82,120167.22678406406,2.2267840640511167,0.0,2.2267840640511167,4806.689071362563,0.00046326775686780287,CASH_SCARCITY,0
2008-02-26,HES,Q0_SKIP,0,98.54,120167.22678406406,2.2267840640511167,0.0,2.2267840640511167,4806.689071362563,0.00046326775686780287,CASH_SCARCITY,0
2008-02-26,SID,Q0_SKIP,0,37.47,120167.22678406406,2.2267840640511167,0.0,2.2267840640511167,4806.689071362563,0.00046326775686780287,CASH_SCARCITY,0
2008-02-26,TRA,Q0_SKIP,0,50.38,120167.22678406406,2.2267840640511167,0.0,2.2267840640511167,4806.689071362563,0.00046326775686780287,CASH_SCARCITY,0
2008-02-26,NVT1,Q0_SKIP,0,74.72,120167.22678406406,2.2267840640511167,0.0,2.2267840640511167,4806.689071362563,0.00046326775686780287,CASH_SCARCITY,0
2008-02-26,PBR,Q0_SKIP,0,121.75,120167.22678406406,2.2267840640511167,0.0,2.2267840640511167,4806.689071362563,0.00046326775686780287,CASH_SCARCITY,0
2008-02-26,RESP1,Q0_SKIP,0,65.73,120167.22678406406,2.2267840640511167,0.0,2.2267840640511167,4806.689071362563,0.00046326775686780287,CASH_SCARCITY,0
2008-02-26,ADM,Q0_SKIP,0,45.92,120167.22678406406,2.2267840640511167,0.0,2.2267840640511167,4806.689071362563,0.00046326775686780287,CASH_SCARCITY,0
2008-02-26,AEM,Q0_SKIP,0,67.39,120167.22678406406,2.2267840640511167,0.0,2.2267840640511167,4806.689071362563,0.00046326775686780287,CASH_SCARCITY,0
2008-02-26,ACIIQ,Q0_SKIP,0,54.45,120167.22678406406,2.2267840640511167,0.0,2.2267840640511167,4806.689071362563,0.00046326775686780287,CASH_SCARCITY,0
2008-02-26,OTEX,Q0_SKIP,0,33.07,120167.22678406406,2.2267840640511167,0.0,2.2267840640511167,4806.689071362563,0.00046326775686780287,CASH_SCARCITY,0
2008-02-26,CSIQ,Q0_SKIP,0,19.32,120167.22678406406,2.2267840640511167,0.0,2.2267840640511167,4806.689071362563,0.00046326775686780287,CASH_SCARCITY,0
2008-02-26,ATVI,Q0_SKIP,0,27.25,120167.22678406406,2.2267840640511167,0.0,2.2267840640511167,4806.689071362563,0.00046326775686780287,CASH_SCARCITY,0
2008-02-26,MFA,Q0_SKIP,0,10.1,120167.22678406406,2.2267840640511167,0.0,2.2267840640511167,4806.689071362563,0.00046326775686780287,CASH_SCARCITY,0
2008-02-26,AUY,Q0_SKIP,0,17.57,120167.22678406406,2.2267840640511167,0.0,2.2267840640511167,4806.689071362563,0.00046326775686780287,CASH_SCARCITY,0
2008-02-26,BTUUQ,Q0_SKIP,0,59.12,120167.22678406406,2.2267840640511167,0.0,2.2267840640511167,4806.689071362563,0.00046326775686780287,CASH_SCARCITY,0
2008-02-26,EOG,Q0_SKIP,0,108.23,120167.22678406406,2.2267840640511167,0.0,2.2267840640511167,4806.689071362563,0.00046326775686780287,CASH_SCARCITY,0
2008-02-26,POT,Q0_SKIP,0,161.53,120167.22678406406,2.2267840640511167,0.0,2.2267840640511167,4806.689071362563,0.00046326775686780287,CASH_SCARCITY,0
2008-02-26,SWN,Q0_SKIP,0,68.13,120167.22678406406,2.2267840640511167,0.0,2.2267840640511167,4806.689071362563,0.00046326775686780287,CASH_SCARCITY,0
2008-02-26,WTI,Q0_SKIP,0,36.55,120167.22678406406,2.2267840640511167,0.0,2.2267840640511167,4806.689071362563,0.00046326775686780287,CASH_SCARCITY,0
2008-02-26,NLY,Q0_SKIP,0,20.87,120167.22678406406,2.2267840640511167,0.0,2.2267840640511167,4806.689071362563,0.00046326775686780287,CASH_SCARCITY,0
2008-02-26,CMEDQ,Q0_SKIP,0,55.57,120167.22678406406,2.2267840640511167,0.0,2.2267840640511167,4806.689071362563,0.00046326775686780287,CASH_SCARCITY,0
2008-02-26,SYT1,Q0_SKIP,0,56.89,120167.22678406406,2.2267840640511167,0.0,2.2267840640511167,4806.689071362563,0.00046326775686780287,CASH_SCARCITY,0
2008-02-26,WLL2,Q0_SKIP,0,60.85,120167.22678406406,2.2267840640511167,0.0,2.2267840640511167,4806.689071362563,0.00046326775686780287,CASH_SCARCITY,0
2008-02-26,RRC,Q0_SKIP,0,65.16,120167.22678406406,2.2267840640511167,0.0,2.2267840640511167,4806.689071362563,0.00046326775686780287,CASH_SCARCITY,0
2008-02-26,VAR,Q0_SKIP,0,53.69,120167.22678406406,2.2267840640511167,0.0,2.2267840640511167,4806.689071362563,0.00046326775686780287,CASH_SCARCITY,0
2008-02-26,PAAS,Q0_SKIP,0,39.19,120167.22678406406,2.2267840640511167,0.0,2.2267840640511167,4806.689071362563,0.00046326775686780287,CASH_SCARCITY,0
2008-02-26,SGY,Q0_SKIP,0,49.72,120167.22678406406,2.2267840640511167,0.0,2.2267840640511167,4806.689071362563,0.00046326775686780287,CASH_SCARCITY,0
2008-02-26,ILMN,Q0_SKIP,0,74.45,120167.22678406406,2.2267840640511167,0.0,2.2267840640511167,4806.689071362563,0.00046326775686780287,CASH_SCARCITY,0
2008-02-26,BEAS,Q0_SKIP,0,18.82,120167.22678406406,2.2267840640511167,0.0,2.2267840640511167,4806.689071362563,0.00046326775686780287,CASH_SCARCITY,0
2008-02-26,MBT,Q0_SKIP,0,87.03,120167.22678406406,2.2267840640511167,0.0,2.2267840640511167,4806.689071362563,0.00046326775686780287,CASH_SCARCITY,0
2008-02-26,VEON,Q0_SKIP,0,37.7,120167.22678406406,2.2267840640511167,0.0,2.2267840640511167,4806.689071362563,0.00046326775686780287,CASH_SCARCITY,0
2008-02-26,PPDI,Q0_SKIP,0,46.65,120167.22678406406,2.2267840640511167,0.0,2.2267840640511167,4806.689071362563,0.00046326775686780287,CASH_SCARCITY,0
2008-02-26,KWKAQ,Q0_SKIP,0,34.73,120167.22678406406,2.2267840640511167,0.0,2.2267840640511167,4806.689071362563,0.00046326775686780287,CASH_SCARCITY,0
2008-02-26,FSLR,Q0_SKIP,0,220.69,120167.22678406406,2.2267840640511167,0.0,2.2267840640511167,4806.689071362563,0.00046326775686780287,CASH_SCARCITY,0
2008-02-26,AIZ,Q0_SKIP,0,64.52,120167.22678406406,2.2267840640511167,0.0,2.2267840640511167,4806.689071362563,0.00046326775686780287,CASH_SCARCITY,0
2008-02-26,AGP,Q0_SKIP,0,37.91,120167.22678406406,2.2267840640511167,0.0,2.2267840640511167,4806.689071362563,0.00046326775686780287,CASH_SCARCITY,0
2008-02-26,IMCL,Q0_SKIP,0,45.58,120167.22678406406,2.2267840640511167,0.0,2.2267840640511167,4806.689071362563,0.00046326775686780287,CASH_SCARCITY,0
2008-02-26,WDR,Q0_SKIP,0,33.92,120167.22678406406,2.2267840640511167,0.0,2.2267840640511167,4806.689071362563,0.00046326775686780287,CASH_SCARCITY,0
2008-02-26,AGU,Q0_SKIP,0,74.06999999999998,120167.22678406406,2.2267840640511167,0.0,2.2267840640511167,4806.689071362563,0.00046326775686780287,CASH_SCARCITY,0
2008-02-26,PRXL,Q0_SKIP,0,58.07,120167.22678406406,2.2267840640511167,0.0,2.2267840640511167,4806.689071362563,0.00046326775686780287,CASH_SCARCITY,0
2008-02-26,AGCO,Q0_SKIP,0,66.7,120167.22678406406,2.2267840640511167,0.0,2.2267840640511167,4806.689071362563,0.00046326775686780287,CASH_SCARCITY,0
2008-02-26,CMP,Q0_SKIP,0,57.94,120167.22678406406,2.2267840640511167,0.0,2.2267840640511167,4806.689071362563,0.00046326775686780287,CASH_SCARCITY,0
2008-02-26,SOHU,Q0_SKIP,0,45.58,120167.22678406406,2.2267840640511167,0.0,2.2267840640511167,4806.689071362563,0.00046326775686780287,CASH_SCARCITY,0
2008-02-26,WPM,Q0_SKIP,0,16.97,120167.22678406406,2.2267840640511167,0.0,2.2267840640511167,4806.689071362563,0.00046326775686780287,CASH_SCARCITY,0
2008-02-26,UAPH,Q0_SKIP,0,38.62,120167.22678406406,2.2267840640511167,0.0,2.2267840640511167,4806.689071362563,0.00046326775686780287,CASH_SCARCITY,0
2008-02-26,DE,Q0_SKIP,0,87.45999999999998,120167.22678406406,2.2267840640511167,0.0,2.2267840640511167,4806.689071362563,0.00046326775686780287,CASH_SCARCITY,0
2008-02-26,CDE,Q0_SKIP,0,4.84,120167.22678406406,2.2267840640511167,0.0,2.2267840640511167,4806.689071362563,0.00046326775686780287,CASH_SCARCITY,0
2008-02-26,TKC,Q0_SKIP,0,26.91,120167.22678406406,2.2267840640511167,0.0,2.2267840640511167,4806.689071362563,0.00046326775686780287,CASH_SCARCITY,0
2008-02-26,CLF,Q0_SKIP,0,124.96,120167.22678406406,2.2267840640511167,0.0,2.2267840640511167,4806.689071362563,0.00046326775686780287,CASH_SCARCITY,0
2008-02-26,APA,Q0_SKIP,0,114.63,120167.22678406406,2.2267840640511167,0.0,2.2267840640511167,4806.689071362563,0.00046326775686780287,CASH_SCARCITY,0
2008-02-26,CEDCQ,Q0_SKIP,0,55.45,120167.22678406406,2.2267840640511167,0.0,2.2267840640511167,4806.689071362563,0.00046326775686780287,CASH_SCARCITY,0
2008-02-26,ISRG,Q0_SKIP,0,296.23,120167.22678406406,2.2267840640511167,0.0,2.2267840640511167,4806.689071362563,0.00046326775686780287,CASH_SCARCITY,0
2008-02-26,OMG,Q0_SKIP,0,62.13,120167.22678406406,2.2267840640511167,0.0,2.2267840640511167,4806.689071362563,0.00046326775686780287,CASH_SCARCITY,0
2008-02-26,TT2,Q0_SKIP,0,45.08,120167.22678406406,2.2267840640511167,0.0,2.2267840640511167,4806.689071362563,0.00046326775686780287,CASH_SCARCITY,0
2008-02-26,DNRCQ,Q0_SKIP,0,32.55,120167.22678406406,2.2267840640511167,0.0,2.2267840640511167,4806.689071362563,0.00046326775686780287,CASH_SCARCITY,0
2008-02-26,RIO,Q0_SKIP,0,458.0,120167.22678406406,2.2267840640511167,0.0,2.2267840640511167,4806.689071362563,0.00046326775686780287,CASH_SCARCITY,0
2008-02-26,BUCY,Q0_SKIP,0,106.3,120167.22678406406,2.2267840640511167,0.0,2.2267840640511167,4806.689071362563,0.00046326775686780287,CASH_SCARCITY,0
2008-02-26,STT,Q0_SKIP,0,82.79999999999998,120167.22678406406,2.2267840640511167,0.0,2.2267840640511167,4806.689071362563,0.00046326775686780287,CASH_SCARCITY,0
2008-02-26,DLB,Q0_SKIP,0,46.53,120167.22678406406,2.2267840640511167,0.0,2.2267840640511167,4806.689071362563,0.00046326775686780287,CASH_SCARCITY,0
2008-02-26,FHI,Q0_SKIP,0,43.3,120167.22678406406,2.2267840640511167,0.0,2.2267840640511167,4806.689071362563,0.00046326775686780287,CASH_SCARCITY,0
2008-02-26,FLIR,Q0_SKIP,0,30.71,120167.22678406406,2.2267840640511167,0.0,2.2267840640511167,4806.689071362563,0.00046326775686780287,CASH_SCARCITY,0
2008-02-26,BKNG,Q0_SKIP,0,126.53,120167.22678406406,2.2267840640511167,0.0,2.2267840640511167,4806.689071362563,0.00046326775686780287,CASH_SCARCITY,0
2008-02-26,NFLX,Q0_SKIP,0,29.0,120167.22678406406,2.2267840640511167,0.0,2.2267840640511167,4806.689071362563,0.00046326775686780287,CASH_SCARCITY,0
2008-02-26,JOY,Q0_SKIP,0,68.99,120167.22678406406,2.2267840640511167,0.0,2.2267840640511167,4806.689071362563,0.00046326775686780287,CASH_SCARCITY,0
2008-02-26,HMY,Q0_SKIP,0,12.43,120167.22678406406,2.2267840640511167,0.0,2.2267840640511167,4806.689071362563,0.00046326775686780287,CASH_SCARCITY,0
2008-02-26,THC,Q0_SKIP,0,4.9,120167.22678406406,2.2267840640511167,0.0,2.2267840640511167,4806.689071362563,0.00046326775686780287,CASH_SCARCITY,0
2008-02-26,CHA2,Q0_SKIP,0,78.5,120167.22678406406,2.2267840640511167,0.0,2.2267840640511167,4806.689071362563,0.00046326775686780287,CASH_SCARCITY,0
2008-02-26,DECK,Q0_SKIP,0,127.87,120167.22678406406,2.2267840640511167,0.0,2.2267840640511167,4806.689071362563,0.00046326775686780287,CASH_SCARCITY,0
2008-02-26,DPTRQ,Q0_SKIP,0,24.51,120167.22678406406,2.2267840640511167,0.0,2.2267840640511167,4806.689071362563,0.00046326775686780287,CASH_SCARCITY,0
2008-02-26,HL,Q0_SKIP,0,10.85,120167.22678406406,2.2267840640511167,0.0,2.2267840640511167,4806.689071362563,0.00046326775686780287,CASH_SCARCITY,0
2008-02-26,FMCN,Q0_SKIP,0,51.37,120167.22678406406,2.2267840640511167,0.0,2.2267840640511167,4806.689071362563,0.00046326775686780287,CASH_SCARCITY,0
2008-02-26,CEO,Q0_SKIP,0,170.73,120167.22678406406,2.2267840640511167,0.0,2.2267840640511167,4806.689071362563,0.00046326775686780287,CASH_SCARCITY,0
2008-02-26,SUNEQ,Q0_SKIP,0,81.79,120167.22678406406,2.2267840640511167,0.0,2.2267840640511167,4806.689071362563,0.00046326775686780287,CASH_SCARCITY,0
2008-02-26,CHU,Q0_SKIP,0,23.68,120167.22678406406,2.2267840640511167,0.0,2.2267840640511167,4806.689071362563,0.00046326775686780287,CASH_SCARCITY,0
2008-02-26,EMKR,Q0_SKIP,0,12.32,120167.22678406406,2.2267840640511167,0.0,2.2267840640511167,4806.689071362563,0.00046326775686780287,CASH_SCARCITY,0
2008-02-27,FCL1,Q0_SKIP,0,57.34,119366.16678406404,2.2267840640511167,0.0,2.2267840640511167,4774.646671362562,0.0004663767221576732,CASH_SCARCITY,0
2008-02-27,CNX,Q0_SKIP,0,79.08,119366.16678406404,2.2267840640511167,0.0,2.2267840640511167,4774.646671362562,0.0004663767221576732,CASH_SCARCITY,0
2008-02-27,GG,Q0_SKIP,0,43.4,119366.16678406404,2.2267840640511167,0.0,2.2267840640511167,4774.646671362562,0.0004663767221576732,CASH_SCARCITY,0
2008-02-27,ANRZQ,Q0_SKIP,0,41.33,119366.16678406404,2.2267840640511167,0.0,2.2267840640511167,4774.646671362562,0.0004663767221576732,CASH_SCARCITY,0
2008-02-27,BVN,Q0_SKIP,0,74.53,119366.16678406404,2.2267840640511167,0.0,2.2267840640511167,4774.646671362562,0.0004663767221576732,CASH_SCARCITY,0
2008-02-27,NLY,Q0_SKIP,0,20.77,119366.16678406404,2.2267840640511167,0.0,2.2267840640511167,4774.646671362562,0.0004663767221576732,CASH_SCARCITY,0
2008-02-27,WLTGQ,Q0_SKIP,0,53.52,119366.16678406404,2.2267840640511167,0.0,2.2267840640511167,4774.646671362562,0.0004663767221576732,CASH_SCARCITY,0
2008-02-27,CPHD,Q0_SKIP,0,31.45,119366.16678406404,2.2267840640511167,0.0,2.2267840640511167,4774.646671362562,0.0004663767221576732,CASH_SCARCITY,0
2008-02-27,MON2,Q0_SKIP,0,119.27,119366.16678406404,2.2267840640511167,0.0,2.2267840640511167,4774.646671362562,0.0004663767221576732,CASH_SCARCITY,0
2008-02-27,SID,Q0_SKIP,0,37.42,119366.16678406404,2.2267840640511167,0.0,2.2267840640511167,4774.646671362562,0.0004663767221576732,CASH_SCARCITY,0
2008-02-27,ACIIQ,Q0_SKIP,0,52.92,119366.16678406404,2.2267840640511167,0.0,2.2267840640511167,4774.646671362562,0.0004663767221576732,CASH_SCARCITY,0
2008-02-27,HES,Q0_SKIP,0,95.49,119366.16678406404,2.2267840640511167,0.0,2.2267840640511167,4774.646671362562,0.0004663767221576732,CASH_SCARCITY,0
2008-02-27,WLL2,Q0_SKIP,0,60.97,119366.16678406404,2.2267840640511167,0.0,2.2267840640511167,4774.646671362562,0.0004663767221576732,CASH_SCARCITY,0
2008-02-27,ADM,Q0_SKIP,0,45.23,119366.16678406404,2.2267840640511167,0.0,2.2267840640511167,4774.646671362562,0.0004663767221576732,CASH_SCARCITY,0
2008-02-27,PBR,Q0_SKIP,0,125.01,119366.16678406404,2.2267840640511167,0.0,2.2267840640511167,4774.646671362562,0.0004663767221576732,CASH_SCARCITY,0
2008-02-27,TRA,Q0_SKIP,0,47.46,119366.16678406404,2.2267840640511167,0.0,2.2267840640511167,4774.646671362562,0.0004663767221576732,CASH_SCARCITY,0
2008-02-27,SWN,Q0_SKIP,0,65.61,119366.16678406404,2.2267840640511167,0.0,2.2267840640511167,4774.646671362562,0.0004663767221576732,CASH_SCARCITY,0
2008-02-27,RESP1,Q0_SKIP,0,65.76,119366.16678406404,2.2267840640511167,0.0,2.2267840640511167,4774.646671362562,0.0004663767221576732,CASH_SCARCITY,0
2008-02-27,AEM,Q0_SKIP,0,69.11,119366.16678406404,2.2267840640511167,0.0,2.2267840640511167,4774.646671362562,0.0004663767221576732,CASH_SCARCITY,0
2008-02-27,AUY,Q0_SKIP,0,18.21,119366.16678406404,2.2267840640511167,0.0,2.2267840640511167,4774.646671362562,0.0004663767221576732,CASH_SCARCITY,0
2008-02-27,POT,Q0_SKIP,0,159.6,119366.16678406404,2.2267840640511167,0.0,2.2267840640511167,4774.646671362562,0.0004663767221576732,CASH_SCARCITY,0
2008-02-27,EOG,Q0_SKIP,0,105.68,119366.16678406404,2.2267840640511167,0.0,2.2267840640511167,4774.646671362562,0.0004663767221576732,CASH_SCARCITY,0
2008-02-27,PPDI,Q0_SKIP,0,46.43,119366.16678406404,2.2267840640511167,0.0,2.2267840640511167,4774.646671362562,0.0004663767221576732,CASH_SCARCITY,0
2008-02-27,MFA,Q0_SKIP,0,10.13,119366.16678406404,2.2267840640511167,0.0,2.2267840640511167,4774.646671362562,0.0004663767221576732,CASH_SCARCITY,0
2008-02-27,ATVI,Q0_SKIP,0,27.51,119366.16678406404,2.2267840640511167,0.0,2.2267840640511167,4774.646671362562,0.0004663767221576732,CASH_SCARCITY,0
2008-02-27,OTEX,Q0_SKIP,0,33.0,119366.16678406404,2.2267840640511167,0.0,2.2267840640511167,4774.646671362562,0.0004663767221576732,CASH_SCARCITY,0
2008-02-27,SVNTQ,Q0_SKIP,0,23.7,119366.16678406404,2.2267840640511167,0.0,2.2267840640511167,4774.646671362562,0.0004663767221576732,CASH_SCARCITY,0
2008-02-27,SGY,Q0_SKIP,0,52.25,119366.16678406404,2.2267840640511167,0.0,2.2267840640511167,4774.646671362562,0.0004663767221576732,CASH_SCARCITY,0
2008-02-27,RRC,Q0_SKIP,0,61.87,119366.16678406404,2.2267840640511167,0.0,2.2267840640511167,4774.646671362562,0.0004663767221576732,CASH_SCARCITY,0
2008-02-27,PAAS,Q0_SKIP,0,40.99,119366.16678406404,2.2267840640511167,0.0,2.2267840640511167,4774.646671362562,0.0004663767221576732,CASH_SCARCITY,0
2008-02-27,CMP,Q0_SKIP,0,57.71,119366.16678406404,2.2267840640511167,0.0,2.2267840640511167,4774.646671362562,0.0004663767221576732,CASH_SCARCITY,0
2008-02-27,KWKAQ,Q0_SKIP,0,34.06,119366.16678406404,2.2267840640511167,0.0,2.2267840640511167,4774.646671362562,0.0004663767221576732,CASH_SCARCITY,0
2008-02-27,SYT1,Q0_SKIP,0,57.2,119366.16678406404,2.2267840640511167,0.0,2.2267840640511167,4774.646671362562,0.0004663767221576732,CASH_SCARCITY,0
2008-02-27,ILMN,Q0_SKIP,0,74.48,119366.16678406404,2.2267840640511167,0.0,2.2267840640511167,4774.646671362562,0.0004663767221576732,CASH_SCARCITY,0
2008-02-27,WDR,Q0_SKIP,0,34.47,119366.16678406404,2.2267840640511167,0.0,2.2267840640511167,4774.646671362562,0.0004663767221576732,CASH_SCARCITY,0
2008-02-27,IBKR,Q0_SKIP,0,34.06,119366.16678406404,2.2267840640511167,0.0,2.2267840640511167,4774.646671362562,0.0004663767221576732,CASH_SCARCITY,0
2008-02-27,WTI,Q0_SKIP,0,37.55,119366.16678406404,2.2267840640511167,0.0,2.2267840640511167,4774.646671362562,0.0004663767221576732,CASH_SCARCITY,0
2008-02-27,BEAS,Q0_SKIP,0,19.08,119366.16678406404,2.2267840640511167,0.0,2.2267840640511167,4774.646671362562,0.0004663767221576732,CASH_SCARCITY,0
2008-02-27,AGP,Q0_SKIP,0,38.2,119366.16678406404,2.2267840640511167,0.0,2.2267840640511167,4774.646671362562,0.0004663767221576732,CASH_SCARCITY,0
2008-02-27,FSLR,Q0_SKIP,0,217.69,119366.16678406404,2.2267840640511167,0.0,2.2267840640511167,4774.646671362562,0.0004663767221576732,CASH_SCARCITY,0
2008-02-27,CSIQ,Q0_SKIP,0,20.0,119366.16678406404,2.2267840640511167,0.0,2.2267840640511167,4774.646671362562,0.0004663767221576732,CASH_SCARCITY,0
2008-02-27,CMEDQ,Q0_SKIP,0,55.46,119366.16678406404,2.2267840640511167,0.0,2.2267840640511167,4774.646671362562,0.0004663767221576732,CASH_SCARCITY,0
2008-02-27,AGCO,Q0_SKIP,0,65.8,119366.16678406404,2.2267840640511167,0.0,2.2267840640511167,4774.646671362562,0.0004663767221576732,CASH_SCARCITY,0
2008-02-27,AGU,Q0_SKIP,0,73.87999999999998,119366.16678406404,2.2267840640511167,0.0,2.2267840640511167,4774.646671362562,0.0004663767221576732,CASH_SCARCITY,0
2008-02-27,UPLMQ,Q0_SKIP,0,78.29999999999998,119366.16678406404,2.2267840640511167,0.0,2.2267840640511167,4774.646671362562,0.0004663767221576732,CASH_SCARCITY,0
2008-02-27,VEON,Q0_SKIP,0,36.58,119366.16678406404,2.2267840640511167,0.0,2.2267840640511167,4774.646671362562,0.0004663767221576732,CASH_SCARCITY,0
2008-02-27,PXP,Q0_SKIP,0,54.55,119366.16678406404,2.2267840640511167,0.0,2.2267840640511167,4774.646671362562,0.0004663767221576732,CASH_SCARCITY,0
2008-02-27,APA,Q0_SKIP,0,113.55,119366.16678406404,2.2267840640511167,0.0,2.2267840640511167,4774.646671362562,0.0004663767221576732,CASH_SCARCITY,0
2008-02-27,DE,Q0_SKIP,0,86.23999999999998,119366.16678406404,2.2267840640511167,0.0,2.2267840640511167,4774.646671362562,0.0004663767221576732,CASH_SCARCITY,0
2008-02-27,CLF,Q0_SKIP,0,124.07,119366.16678406404,2.2267840640511167,0.0,2.2267840640511167,4774.646671362562,0.0004663767221576732,CASH_SCARCITY,0
2008-02-27,MBT,Q0_SKIP,0,85.93,119366.16678406404,2.2267840640511167,0.0,2.2267840640511167,4774.646671362562,0.0004663767221576732,CASH_SCARCITY,0
2008-02-27,ISRG,Q0_SKIP,0,294.92,119366.16678406404,2.2267840640511167,0.0,2.2267840640511167,4774.646671362562,0.0004663767221576732,CASH_SCARCITY,0
2008-02-27,CRZO,Q0_SKIP,0,58.77,119366.16678406404,2.2267840640511167,0.0,2.2267840640511167,4774.646671362562,0.0004663767221576732,CASH_SCARCITY,0
2008-02-27,IMCL,Q0_SKIP,0,44.76,119366.16678406404,2.2267840640511167,0.0,2.2267840640511167,4774.646671362562,0.0004663767221576732,CASH_SCARCITY,0
2008-02-27,CDE,Q0_SKIP,0,4.88,119366.16678406404,2.2267840640511167,0.0,2.2267840640511167,4774.646671362562,0.0004663767221576732,CASH_SCARCITY,0
2008-02-27,UAPH,Q0_SKIP,0,38.59,119366.16678406404,2.2267840640511167,0.0,2.2267840640511167,4774.646671362562,0.0004663767221576732,CASH_SCARCITY,0
2008-02-27,DNRCQ,Q0_SKIP,0,31.96,119366.16678406404,2.2267840640511167,0.0,2.2267840640511167,4774.646671362562,0.0004663767221576732,CASH_SCARCITY,0
2008-02-27,NFLX,Q0_SKIP,0,32.43,119366.16678406404,2.2267840640511167,0.0,2.2267840640511167,4774.646671362562,0.0004663767221576732,CASH_SCARCITY,0
2008-02-27,CEDCQ,Q0_SKIP,0,62.36,119366.16678406404,2.2267840640511167,0.0,2.2267840640511167,4774.646671362562,0.0004663767221576732,CASH_SCARCITY,0
2008-02-27,WPM,Q0_SKIP,0,17.41,119366.16678406404,2.2267840640511167,0.0,2.2267840640511167,4774.646671362562,0.0004663767221576732,CASH_SCARCITY,0
2008-02-27,BUCY,Q0_SKIP,0,104.59,119366.16678406404,2.2267840640511167,0.0,2.2267840640511167,4774.646671362562,0.0004663767221576732,CASH_SCARCITY,0
2008-02-27,OMG,Q0_SKIP,0,62.86,119366.16678406404,2.2267840640511167,0.0,2.2267840640511167,4774.646671362562,0.0004663767221576732,CASH_SCARCITY,0
2008-02-27,URBN,Q0_SKIP,0,30.78,119366.16678406404,2.2267840640511167,0.0,2.2267840640511167,4774.646671362562,0.0004663767221576732,CASH_SCARCITY,0
2008-02-27,SOHU,Q0_SKIP,0,45.25,119366.16678406404,2.2267840640511167,0.0,2.2267840640511167,4774.646671362562,0.0004663767221576732,CASH_SCARCITY,0
2008-02-27,STT,Q0_SKIP,0,83.12,119366.16678406404,2.2267840640511167,0.0,2.2267840640511167,4774.646671362562,0.0004663767221576732,CASH_SCARCITY,0
2008-02-27,TKC,Q0_SKIP,0,26.83,119366.16678406404,2.2267840640511167,0.0,2.2267840640511167,4774.646671362562,0.0004663767221576732,CASH_SCARCITY,0
2008-02-27,RIO,Q0_SKIP,0,461.96,119366.16678406404,2.2267840640511167,0.0,2.2267840640511167,4774.646671362562,0.0004663767221576732,CASH_SCARCITY,0
2008-02-27,JOY,Q0_SKIP,0,68.13,119366.16678406404,2.2267840640511167,0.0,2.2267840640511167,4774.646671362562,0.0004663767221576732,CASH_SCARCITY,0
2008-02-27,DLB,Q0_SKIP,0,46.17,119366.16678406404,2.2267840640511167,0.0,2.2267840640511167,4774.646671362562,0.0004663767221576732,CASH_SCARCITY,0
2008-02-27,WGRP,Q0_SKIP,0,37.09,119366.16678406404,2.2267840640511167,0.0,2.2267840640511167,4774.646671362562,0.0004663767221576732,CASH_SCARCITY,0
2008-02-27,BKNG,Q0_SKIP,0,123.25,119366.16678406404,2.2267840640511167,0.0,2.2267840640511167,4774.646671362562,0.0004663767221576732,CASH_SCARCITY,0
2008-02-27,DPTRQ,Q0_SKIP,0,24.65,119366.16678406404,2.2267840640511167,0.0,2.2267840640511167,4774.646671362562,0.0004663767221576732,CASH_SCARCITY,0
2008-02-27,WDC,Q0_SKIP,0,33.97,119366.16678406404,2.2267840640511167,0.0,2.2267840640511167,4774.646671362562,0.0004663767221576732,CASH_SCARCITY,0
2008-02-27,HL,Q0_SKIP,0,11.04,119366.16678406404,2.2267840640511167,0.0,2.2267840640511167,4774.646671362562,0.0004663767221576732,CASH_SCARCITY,0
2008-02-27,THC,Q0_SKIP,0,5.0,119366.16678406404,2.2267840640511167,0.0,2.2267840640511167,4774.646671362562,0.0004663767221576732,CASH_SCARCITY,0
2008-02-27,WOLF2,Q0_SKIP,0,33.75,119366.16678406404,2.2267840640511167,0.0,2.2267840640511167,4774.646671362562,0.0004663767221576732,CASH_SCARCITY,0
2008-02-27,SUNEQ,Q0_SKIP,0,80.0,119366.16678406404,2.2267840640511167,0.0,2.2267840640511167,4774.646671362562,0.0004663767221576732,CASH_SCARCITY,0
2008-02-27,FMCN,Q0_SKIP,0,51.76,119366.16678406404,2.2267840640511167,0.0,2.2267840640511167,4774.646671362562,0.0004663767221576732,CASH_SCARCITY,0
2008-02-27,GFASY,Q0_SKIP,0,39.32,119366.16678406404,2.2267840640511167,0.0,2.2267840640511167,4774.646671362562,0.0004663767221576732,CASH_SCARCITY,0
2008-02-27,DECK,Q0_SKIP,0,127.2,119366.16678406404,2.2267840640511167,0.0,2.2267840640511167,4774.646671362562,0.0004663767221576732,CASH_SCARCITY,0
2008-02-27,CHA2,Q0_SKIP,0,79.33,119366.16678406404,2.2267840640511167,0.0,2.2267840640511167,4774.646671362562,0.0004663767221576732,CASH_SCARCITY,0
2008-02-27,EMKR,Q0_SKIP,0,12.15,119366.16678406404,2.2267840640511167,0.0,2.2267840640511167,4774.646671362562,0.0004663767221576732,CASH_SCARCITY,0
2008-02-28,FCL1,Q0_SKIP,0,59.42,119478.72678406404,2.2267840640511167,0.0,2.2267840640511167,4779.149071362562,0.0004659373521940064,CASH_SCARCITY,0
2008-02-28,CNX,Q0_SKIP,0,80.04999999999998,119478.72678406404,2.2267840640511167,0.0,2.2267840640511167,4779.149071362562,0.0004659373521940064,CASH_SCARCITY,0
2008-02-28,WLTGQ,Q0_SKIP,0,56.39,119478.72678406404,2.2267840640511167,0.0,2.2267840640511167,4779.149071362562,0.0004659373521940064,CASH_SCARCITY,0
2008-02-28,ANRZQ,Q0_SKIP,0,43.05,119478.72678406404,2.2267840640511167,0.0,2.2267840640511167,4779.149071362562,0.0004659373521940064,CASH_SCARCITY,0
2008-02-28,SID,Q0_SKIP,0,38.27,119478.72678406404,2.2267840640511167,0.0,2.2267840640511167,4779.149071362562,0.0004659373521940064,CASH_SCARCITY,0
2008-02-28,GG,Q0_SKIP,0,44.71,119478.72678406404,2.2267840640511167,0.0,2.2267840640511167,4779.149071362562,0.0004659373521940064,CASH_SCARCITY,0
2008-02-28,B,Q0_SKIP,0,53.33,119478.72678406404,2.2267840640511167,0.0,2.2267840640511167,4779.149071362562,0.0004659373521940064,CASH_SCARCITY,0
2008-02-28,BVN,Q0_SKIP,0,77.29,119478.72678406404,2.2267840640511167,0.0,2.2267840640511167,4779.149071362562,0.0004659373521940064,CASH_SCARCITY,0
2008-02-28,WLL2,Q0_SKIP,0,62.13,119478.72678406404,2.2267840640511167,0.0,2.2267840640511167,4779.149071362562,0.0004659373521940064,CASH_SCARCITY,0
2008-02-28,MON2,Q0_SKIP,0,118.52,119478.72678406404,2.2267840640511167,0.0,2.2267840640511167,4779.149071362562,0.0004659373521940064,CASH_SCARCITY,0
2008-02-28,CPRT,Q0_SKIP,0,42.56,119478.72678406404,2.2267840640511167,0.0,2.2267840640511167,4779.149071362562,0.0004659373521940064,CASH_SCARCITY,0
2008-02-28,NLY,Q0_SKIP,0,20.8,119478.72678406404,2.2267840640511167,0.0,2.2267840640511167,4779.149071362562,0.0004659373521940064,CASH_SCARCITY,0
2008-02-28,HES,Q0_SKIP,0,95.97000000000001,119478.72678406404,2.2267840640511167,0.0,2.2267840640511167,4779.149071362562,0.0004659373521940064,CASH_SCARCITY,0
2008-02-28,SWN,Q0_SKIP,0,67.65,119478.72678406404,2.2267840640511167,0.0,2.2267840640511167,4779.149071362562,0.0004659373521940064,CASH_SCARCITY,0
2008-02-28,TRA,Q0_SKIP,0,48.06,119478.72678406404,2.2267840640511167,0.0,2.2267840640511167,4779.149071362562,0.0004659373521940064,CASH_SCARCITY,0
2008-02-28,ADM,Q0_SKIP,0,46.47,119478.72678406404,2.2267840640511167,0.0,2.2267840640511167,4779.149071362562,0.0004659373521940064,CASH_SCARCITY,0
2008-02-28,PBR,Q0_SKIP,0,124.86,119478.72678406404,2.2267840640511167,0.0,2.2267840640511167,4779.149071362562,0.0004659373521940064,CASH_SCARCITY,0
2008-02-28,ACIIQ,Q0_SKIP,0,54.1,119478.72678406404,2.2267840640511167,0.0,2.2267840640511167,4779.149071362562,0.0004659373521940064,CASH_SCARCITY,0
2008-02-28,POT,Q0_SKIP,0,162.29,119478.72678406404,2.2267840640511167,0.0,2.2267840640511167,4779.149071362562,0.0004659373521940064,CASH_SCARCITY,0
2008-02-28,RESP1,Q0_SKIP,0,65.75,119478.72678406404,2.2267840640511167,0.0,2.2267840640511167,4779.149071362562,0.0004659373521940064,CASH_SCARCITY,0
2008-02-28,EOG,Q0_SKIP,0,124.73,119478.72678406404,2.2267840640511167,0.0,2.2267840640511167,4779.149071362562,0.0004659373521940064,CASH_SCARCITY,0
2008-02-28,AUY,Q0_SKIP,0,18.63,119478.72678406404,2.2267840640511167,0.0,2.2267840640511167,4779.149071362562,0.0004659373521940064,CASH_SCARCITY,0
2008-02-28,AEM,Q0_SKIP,0,70.16,119478.72678406404,2.2267840640511167,0.0,2.2267840640511167,4779.149071362562,0.0004659373521940064,CASH_SCARCITY,0
2008-02-28,SGY,Q0_SKIP,0,52.72,119478.72678406404,2.2267840640511167,0.0,2.2267840640511167,4779.149071362562,0.0004659373521940064,CASH_SCARCITY,0
2008-02-28,BTUUQ,Q0_SKIP,0,59.17,119478.72678406404,2.2267840640511167,0.0,2.2267840640511167,4779.149071362562,0.0004659373521940064,CASH_SCARCITY,0
2008-02-28,CMEDQ,Q0_SKIP,0,54.51,119478.72678406404,2.2267840640511167,0.0,2.2267840640511167,4779.149071362562,0.0004659373521940064,CASH_SCARCITY,0
2008-02-28,SYT1,Q0_SKIP,0,57.1,119478.72678406404,2.2267840640511167,0.0,2.2267840640511167,4779.149071362562,0.0004659373521940064,CASH_SCARCITY,0
2008-02-28,RRC,Q0_SKIP,0,64.0,119478.72678406404,2.2267840640511167,0.0,2.2267840640511167,4779.149071362562,0.0004659373521940064,CASH_SCARCITY,0
2008-02-28,KWKAQ,Q0_SKIP,0,35.22,119478.72678406404,2.2267840640511167,0.0,2.2267840640511167,4779.149071362562,0.0004659373521940064,CASH_SCARCITY,0
2008-02-28,OTEX,Q0_SKIP,0,33.18,119478.72678406404,2.2267840640511167,0.0,2.2267840640511167,4779.149071362562,0.0004659373521940064,CASH_SCARCITY,0
2008-02-28,FSLR,Q0_SKIP,0,205.26,119478.72678406404,2.2267840640511167,0.0,2.2267840640511167,4779.149071362562,0.0004659373521940064,CASH_SCARCITY,0
2008-02-28,CMP,Q0_SKIP,0,57.94,119478.72678406404,2.2267840640511167,0.0,2.2267840640511167,4779.149071362562,0.0004659373521940064,CASH_SCARCITY,0
2008-02-28,ATVI,Q0_SKIP,0,27.46,119478.72678406404,2.2267840640511167,0.0,2.2267840640511167,4779.149071362562,0.0004659373521940064,CASH_SCARCITY,0
2008-02-28,PAAS,Q0_SKIP,0,41.0,119478.72678406404,2.2267840640511167,0.0,2.2267840640511167,4779.149071362562,0.0004659373521940064,CASH_SCARCITY,0
2008-02-28,WDR,Q0_SKIP,0,32.71,119478.72678406404,2.2267840640511167,0.0,2.2267840640511167,4779.149071362562,0.0004659373521940064,CASH_SCARCITY,0
2008-02-28,WTI,Q0_SKIP,0,38.84,119478.72678406404,2.2267840640511167,0.0,2.2267840640511167,4779.149071362562,0.0004659373521940064,CASH_SCARCITY,0
2008-02-28,AGU,Q0_SKIP,0,76.31999999999998,119478.72678406404,2.2267840640511167,0.0,2.2267840640511167,4779.149071362562,0.0004659373521940064,CASH_SCARCITY,0
2008-02-28,ILMN,Q0_SKIP,0,73.95,119478.72678406404,2.2267840640511167,0.0,2.2267840640511167,4779.149071362562,0.0004659373521940064,CASH_SCARCITY,0
2008-02-28,SVNTQ,Q0_SKIP,0,24.16,119478.72678406404,2.2267840640511167,0.0,2.2267840640511167,4779.149071362562,0.0004659373521940064,CASH_SCARCITY,0
2008-02-28,VEON,Q0_SKIP,0,36.01,119478.72678406404,2.2267840640511167,0.0,2.2267840640511167,4779.149071362562,0.0004659373521940064,CASH_SCARCITY,0
2008-02-28,MFA,Q0_SKIP,0,9.9,119478.72678406404,2.2267840640511167,0.0,2.2267840640511167,4779.149071362562,0.0004659373521940064,CASH_SCARCITY,0
2008-02-28,AGCO,Q0_SKIP,0,65.04,119478.72678406404,2.2267840640511167,0.0,2.2267840640511167,4779.149071362562,0.0004659373521940064,CASH_SCARCITY,0
2008-02-28,BEAS,Q0_SKIP,0,19.05,119478.72678406404,2.2267840640511167,0.0,2.2267840640511167,4779.149071362562,0.0004659373521940064,CASH_SCARCITY,0
2008-02-28,LIFC,Q0_SKIP,0,41.13,119478.72678406404,2.2267840640511167,0.0,2.2267840640511167,4779.149071362562,0.0004659373521940064,CASH_SCARCITY,0
2008-02-28,DE,Q0_SKIP,0,86.97,119478.72678406404,2.2267840640511167,0.0,2.2267840640511167,4779.149071362562,0.0004659373521940064,CASH_SCARCITY,0
2008-02-28,CSIQ,Q0_SKIP,0,19.6,119478.72678406404,2.2267840640511167,0.0,2.2267840640511167,4779.149071362562,0.0004659373521940064,CASH_SCARCITY,0
2008-02-28,CHTT,Q0_SKIP,0,79.81999999999998,119478.72678406404,2.2267840640511167,0.0,2.2267840640511167,4779.149071362562,0.0004659373521940064,CASH_SCARCITY,0
2008-02-28,WPM,Q0_SKIP,0,17.66,119478.72678406404,2.2267840640511167,0.0,2.2267840640511167,4779.149071362562,0.0004659373521940064,CASH_SCARCITY,0
2008-02-28,APA,Q0_SKIP,0,119.4,119478.72678406404,2.2267840640511167,0.0,2.2267840640511167,4779.149071362562,0.0004659373521940064,CASH_SCARCITY,0
2008-02-28,CLF,Q0_SKIP,0,126.93,119478.72678406404,2.2267840640511167,0.0,2.2267840640511167,4779.149071362562,0.0004659373521940064,CASH_SCARCITY,0
2008-02-28,MBT,Q0_SKIP,0,84.2,119478.72678406404,2.2267840640511167,0.0,2.2267840640511167,4779.149071362562,0.0004659373521940064,CASH_SCARCITY,0
2008-02-28,IMCL,Q0_SKIP,0,45.63,119478.72678406404,2.2267840640511167,0.0,2.2267840640511167,4779.149071362562,0.0004659373521940064,CASH_SCARCITY,0
2008-02-28,BUCY,Q0_SKIP,0,105.57,119478.72678406404,2.2267840640511167,0.0,2.2267840640511167,4779.149071362562,0.0004659373521940064,CASH_SCARCITY,0
2008-02-28,WMS1,Q0_SKIP,0,38.98,119478.72678406404,2.2267840640511167,0.0,2.2267840640511167,4779.149071362562,0.0004659373521940064,CASH_SCARCITY,0
2008-02-28,JOY,Q0_SKIP,0,69.15,119478.72678406404,2.2267840640511167,0.0,2.2267840640511167,4779.149071362562,0.0004659373521940064,CASH_SCARCITY,0
2008-02-28,URBN,Q0_SKIP,0,29.53,119478.72678406404,2.2267840640511167,0.0,2.2267840640511167,4779.149071362562,0.0004659373521940064,CASH_SCARCITY,0
2008-02-28,CDE,Q0_SKIP,0,4.84,119478.72678406404,2.2267840640511167,0.0,2.2267840640511167,4779.149071362562,0.0004659373521940064,CASH_SCARCITY,0
2008-02-28,UAPH,Q0_SKIP,0,38.58,119478.72678406404,2.2267840640511167,0.0,2.2267840640511167,4779.149071362562,0.0004659373521940064,CASH_SCARCITY,0
2008-02-28,OMG,Q0_SKIP,0,63.1,119478.72678406404,2.2267840640511167,0.0,2.2267840640511167,4779.149071362562,0.0004659373521940064,CASH_SCARCITY,0
2008-02-28,DNRCQ,Q0_SKIP,0,32.67,119478.72678406404,2.2267840640511167,0.0,2.2267840640511167,4779.149071362562,0.0004659373521940064,CASH_SCARCITY,0
2008-02-28,STT,Q0_SKIP,0,81.70999999999998,119478.72678406404,2.2267840640511167,0.0,2.2267840640511167,4779.149071362562,0.0004659373521940064,CASH_SCARCITY,0
2008-02-28,CEDCQ,Q0_SKIP,0,59.87,119478.72678406404,2.2267840640511167,0.0,2.2267840640511167,4779.149071362562,0.0004659373521940064,CASH_SCARCITY,0
2008-02-28,TT2,Q0_SKIP,0,45.52,119478.72678406404,2.2267840640511167,0.0,2.2267840640511167,4779.149071362562,0.0004659373521940064,CASH_SCARCITY,0
2008-02-28,TKC,Q0_SKIP,0,26.12,119478.72678406404,2.2267840640511167,0.0,2.2267840640511167,4779.149071362562,0.0004659373521940064,CASH_SCARCITY,0
2008-02-28,NFLX,Q0_SKIP,0,31.54,119478.72678406404,2.2267840640511167,0.0,2.2267840640511167,4779.149071362562,0.0004659373521940064,CASH_SCARCITY,0
2008-02-28,TNH,Q0_SKIP,0,142.21,119478.72678406404,2.2267840640511167,0.0,2.2267840640511167,4779.149071362562,0.0004659373521940064,CASH_SCARCITY,0
2008-02-28,FBR,Q0_SKIP,0,33.06,119478.72678406404,2.2267840640511167,0.0,2.2267840640511167,4779.149071362562,0.0004659373521940064,CASH_SCARCITY,0
2008-02-28,RIO,Q0_SKIP,0,464.0,119478.72678406404,2.2267840640511167,0.0,2.2267840640511167,4779.149071362562,0.0004659373521940064,CASH_SCARCITY,0
2008-02-28,GFASY,Q0_SKIP,0,40.58,119478.72678406404,2.2267840640511167,0.0,2.2267840640511167,4779.149071362562,0.0004659373521940064,CASH_SCARCITY,0
2008-02-28,CRM,Q0_SKIP,0,61.66,119478.72678406404,2.2267840640511167,0.0,2.2267840640511167,4779.149071362562,0.0004659373521940064,CASH_SCARCITY,0
2008-02-28,THC,Q0_SKIP,0,4.99,119478.72678406404,2.2267840640511167,0.0,2.2267840640511167,4779.149071362562,0.0004659373521940064,CASH_SCARCITY,0
2008-02-28,SOHU,Q0_SKIP,0,46.63,119478.72678406404,2.2267840640511167,0.0,2.2267840640511167,4779.149071362562,0.0004659373521940064,CASH_SCARCITY,0
2008-02-28,BKNG,Q0_SKIP,0,123.31,119478.72678406404,2.2267840640511167,0.0,2.2267840640511167,4779.149071362562,0.0004659373521940064,CASH_SCARCITY,0
2008-02-28,DPTRQ,Q0_SKIP,0,24.86,119478.72678406404,2.2267840640511167,0.0,2.2267840640511167,4779.149071362562,0.0004659373521940064,CASH_SCARCITY,0
2008-02-28,CBI,Q0_SKIP,0,48.47,119478.72678406404,2.2267840640511167,0.0,2.2267840640511167,4779.149071362562,0.0004659373521940064,CASH_SCARCITY,0
2008-02-28,STLD,Q0_SKIP,0,62.01,119478.72678406404,2.2267840640511167,0.0,2.2267840640511167,4779.149071362562,0.0004659373521940064,CASH_SCARCITY,0
2008-02-28,SUNEQ,Q0_SKIP,0,78.68,119478.72678406404,2.2267840640511167,0.0,2.2267840640511167,4779.149071362562,0.0004659373521940064,CASH_SCARCITY,0
2008-02-28,AROPQ,Q0_SKIP,0,28.0,119478.72678406404,2.2267840640511167,0.0,2.2267840640511167,4779.149071362562,0.0004659373521940064,CASH_SCARCITY,0
2008-02-28,HL,Q0_SKIP,0,11.77,119478.72678406404,2.2267840640511167,0.0,2.2267840640511167,4779.149071362562,0.0004659373521940064,CASH_SCARCITY,0
2008-02-28,QMAR1,Q0_SKIP,0,23.24,119478.72678406404,2.2267840640511167,0.0,2.2267840640511167,4779.149071362562,0.0004659373521940064,CASH_SCARCITY,0
2008-02-28,DECK,Q0_SKIP,0,126.46,119478.72678406404,2.2267840640511167,0.0,2.2267840640511167,4779.149071362562,0.0004659373521940064,CASH_SCARCITY,0
2008-02-28,CEO,Q0_SKIP,0,171.3,119478.72678406404,2.2267840640511167,0.0,2.2267840640511167,4779.149071362562,0.0004659373521940064,CASH_SCARCITY,0
2008-02-28,CHA2,Q0_SKIP,0,76.09999999999998,119478.72678406404,2.2267840640511167,0.0,2.2267840640511167,4779.149071362562,0.0004659373521940064,CASH_SCARCITY,0
2008-02-28,WOLF2,Q0_SKIP,0,33.65,119478.72678406404,2.2267840640511167,0.0,2.2267840640511167,4779.149071362562,0.0004659373521940064,CASH_SCARCITY,0
2008-03-13,CMP,PLAN,75,60.76,114283.28221706406,16007.80221706405,0.0,16007.80221706405,4571.331288682562,1.0,,0
2008-03-14,SID,PLAN,115,39.12,112607.82707706405,11444.327077064052,0.0,11444.327077064052,4504.313083082562,1.0,,0
2008-04-08,WLTGQ,PLAN,68,69.27,119055.79457706407,10201.274577064052,0.0,10201.274577064052,4762.231783082562,1.0,,0
2008-04-09,XEC,PLAN,81,58.99,119693.37449706405,5466.464497064053,0.0,5466.464497064053,4787.734979882563,1.0,,0
2008-04-10,EOG,PLAN,5,129.82,121452.73602706403,693.2260270640545,0.0,693.2260270640545,4858.109441082562,0.1426946089772689,,0
2008-04-14,NEU,Q0_SKIP,0,82.47,120993.94427706405,50.83427706405462,0.0,50.83427706405462,4839.757771082562,0.010503475477179502,CASH_SCARCITY,0
2008-04-14,HES,Q0_SKIP,0,101.19,120993.94427706405,50.83427706405462,0.0,50.83427706405462,4839.757771082562,0.010503475477179502,CASH_SCARCITY,0
2008-04-14,SWN,PLAN,1,38.08,120993.94427706405,50.83427706405462,0.0,50.83427706405462,4839.757771082562,0.010503475477179502,,0
2008-04-15,CTRA,Q0_SKIP,0,59.41,120960.86552706404,12.645527064054626,0.0,12.645527064054626,4838.4346210825615,0.0026135574941850283,CASH_SCARCITY,0
2008-04-15,NEU,Q0_SKIP,0,83.42,120960.86552706404,12.645527064054626,0.0,12.645527064054626,4838.4346210825615,0.0026135574941850283,CASH_SCARCITY,0
2008-04-15,CHKAQ,Q0_SKIP,0,49.32,120960.86552706404,12.645527064054626,0.0,12.645527064054626,4838.4346210825615,0.0026135574941850283,CASH_SCARCITY,0
2008-04-15,HP,Q0_SKIP,0,54.0,120960.86552706404,12.645527064054626,0.0,12.645527064054626,4838.4346210825615,0.0026135574941850283,CASH_SCARCITY,0
2008-04-15,HES,Q0_SKIP,0,103.5,120960.86552706404,12.645527064054626,0.0,12.645527064054626,4838.4346210825615,0.0026135574941850283,CASH_SCARCITY,0
2008-04-15,RRC,Q0_SKIP,0,69.07,120960.86552706404,12.645527064054626,0.0,12.645527064054626,4838.4346210825615,0.0026135574941850283,CASH_SCARCITY,0
2008-04-15,STLD,Q0_SKIP,0,35.04,120960.86552706404,12.645527064054626,0.0,12.645527064054626,4838.4346210825615,0.0026135574941850283,CASH_SCARCITY,0
2008-04-15,WTI,Q0_SKIP,0,39.92,120960.86552706404,12.645527064054626,0.0,12.645527064054626,4838.4346210825615,0.0026135574941850283,CASH_SCARCITY,0
2008-04-15,SGY,Q0_SKIP,0,59.83,120960.86552706404,12.645527064054626,0.0,12.645527064054626,4838.4346210825615,0.0026135574941850283,CASH_SCARCITY,0
2008-04-15,OVV,Q0_SKIP,0,82.0,120960.86552706404,12.645527064054626,0.0,12.645527064054626,4838.4346210825615,0.0026135574941850283,CASH_SCARCITY,0
2008-04-15,TT2,Q0_SKIP,0,46.0,120960.86552706404,12.645527064054626,0.0,12.645527064054626,4838.4346210825615,0.0026135574941850283,CASH_SCARCITY,0
2008-04-15,NFLX,Q0_SKIP,0,36.48,120960.86552706404,12.645527064054626,0.0,12.645527064054626,4838.4346210825615,0.0026135574941850283,CASH_SCARCITY,0
2008-04-15,CLR,Q0_SKIP,0,41.58,120960.86552706404,12.645527064054626,0.0,12.645527064054626,4838.4346210825615,0.0026135574941850283,CASH_SCARCITY,0
2008-04-15,WLL2,Q0_SKIP,0,74.84999999999998,120960.86552706404,12.645527064054626,0.0,12.645527064054626,4838.4346210825615,0.0026135574941850283,CASH_SCARCITY,0
2008-04-15,ALO1,Q0_SKIP,0,27.01,120960.86552706404,12.645527064054626,0.0,12.645527064054626,4838.4346210825615,0.0026135574941850283,CASH_SCARCITY,0
2008-04-15,THC,PLAN,2,5.33,120960.86552706404,12.645527064054626,0.0,12.645527064054626,4838.4346210825615,0.0026135574941850283,,0
2008-04-22,LNN,Q0_SKIP,0,128.89,128254.13726706406,1.8747670640546268,0.0,1.8747670640546268,5130.165490682562,0.00036543988053788713,CASH_SCARCITY,0
2008-04-22,NEU,Q0_SKIP,0,88.51999999999998,128254.13726706406,1.8747670640546268,0.0,1.8747670640546268,5130.165490682562,0.00036543988053788713,CASH_SCARCITY,0
2008-04-22,BPZRQ,Q0_SKIP,0,20.62,128254.13726706406,1.8747670640546268,0.0,1.8747670640546268,5130.165490682562,0.00036543988053788713,CASH_SCARCITY,0
2008-04-22,HP,Q0_SKIP,0,56.7,128254.13726706406,1.8747670640546268,0.0,1.8747670640546268,5130.165490682562,0.00036543988053788713,CASH_SCARCITY,0
2008-04-22,WMT,Q0_SKIP,0,56.55,128254.13726706406,1.8747670640546268,0.0,1.8747670640546268,5130.165490682562,0.00036543988053788713,CASH_SCARCITY,0
2008-04-22,TT2,Q0_SKIP,0,46.4,128254.13726706406,1.8747670640546268,0.0,1.8747670640546268,5130.165490682562,0.00036543988053788713,CASH_SCARCITY,0
2008-04-22,RRC,Q0_SKIP,0,72.0,128254.13726706406,1.8747670640546268,0.0,1.8747670640546268,5130.165490682562,0.00036543988053788713,CASH_SCARCITY,0
2008-04-22,OI,Q0_SKIP,0,58.51,128254.13726706406,1.8747670640546268,0.0,1.8747670640546268,5130.165490682562,0.00036543988053788713,CASH_SCARCITY,0
2008-04-22,CQB,Q0_SKIP,0,23.28,128254.13726706406,1.8747670640546268,0.0,1.8747670640546268,5130.165490682562,0.00036543988053788713,CASH_SCARCITY,0
2008-04-22,SIAL,Q0_SKIP,0,60.92,128254.13726706406,1.8747670640546268,0.0,1.8747670640546268,5130.165490682562,0.00036543988053788713,CASH_SCARCITY,0
2008-04-22,CVA,Q0_SKIP,0,29.3,128254.13726706406,1.8747670640546268,0.0,1.8747670640546268,5130.165490682562,0.00036543988053788713,CASH_SCARCITY,0
2008-04-22,UAPH,Q0_SKIP,0,39.15,128254.13726706406,1.8747670640546268,0.0,1.8747670640546268,5130.165490682562,0.00036543988053788713,CASH_SCARCITY,0
2008-04-22,CSX,Q0_SKIP,0,60.66,128254.13726706406,1.8747670640546268,0.0,1.8747670640546268,5130.165490682562,0.00036543988053788713,CASH_SCARCITY,0
2008-04-22,STLD,Q0_SKIP,0,37.12,128254.13726706406,1.8747670640546268,0.0,1.8747670640546268,5130.165490682562,0.00036543988053788713,CASH_SCARCITY,0
2008-04-22,KCG1,Q0_SKIP,0,18.13,128254.13726706406,1.8747670640546268,0.0,1.8747670640546268,5130.165490682562,0.00036543988053788713,CASH_SCARCITY,0
2008-04-22,AROPQ,Q0_SKIP,0,30.08,128254.13726706406,1.8747670640546268,0.0,1.8747670640546268,5130.165490682562,0.00036543988053788713,CASH_SCARCITY,0
2008-04-22,POT,Q0_SKIP,0,214.83,128254.13726706406,1.8747670640546268,0.0,1.8747670640546268,5130.165490682562,0.00036543988053788713,CASH_SCARCITY,0
2008-04-22,CSIQ,Q0_SKIP,0,26.14,128254.13726706406,1.8747670640546268,0.0,1.8747670640546268,5130.165490682562,0.00036543988053788713,CASH_SCARCITY,0
2008-04-22,MLNM,Q0_SKIP,0,24.6,128254.13726706406,1.8747670640546268,0.0,1.8747670640546268,5130.165490682562,0.00036543988053788713,CASH_SCARCITY,0
2008-04-22,HES,Q0_SKIP,0,115.8,128254.13726706406,1.8747670640546268,0.0,1.8747670640546268,5130.165490682562,0.00036543988053788713,CASH_SCARCITY,0
2008-04-22,CHKAQ,Q0_SKIP,0,53.68,128254.13726706406,1.8747670640546268,0.0,1.8747670640546268,5130.165490682562,0.00036543988053788713,CASH_SCARCITY,0
2008-04-22,SGY,Q0_SKIP,0,66.0,128254.13726706406,1.8747670640546268,0.0,1.8747670640546268,5130.165490682562,0.00036543988053788713,CASH_SCARCITY,0
2008-04-22,ANRZQ,Q0_SKIP,0,51.78,128254.13726706406,1.8747670640546268,0.0,1.8747670640546268,5130.165490682562,0.00036543988053788713,CASH_SCARCITY,0
2008-04-22,CTRA,Q0_SKIP,0,59.36,128254.13726706406,1.8747670640546268,0.0,1.8747670640546268,5130.165490682562,0.00036543988053788713,CASH_SCARCITY,0
2008-04-22,CEDCQ,Q0_SKIP,0,60.25,128254.13726706406,1.8747670640546268,0.0,1.8747670640546268,5130.165490682562,0.00036543988053788713,CASH_SCARCITY,0
2008-04-22,NHP1,Q0_SKIP,0,35.54,128254.13726706406,1.8747670640546268,0.0,1.8747670640546268,5130.165490682562,0.00036543988053788713,CASH_SCARCITY,0
2008-04-22,NVR,Q0_SKIP,0,658.0,128254.13726706406,1.8747670640546268,0.0,1.8747670640546268,5130.165490682562,0.00036543988053788713,CASH_SCARCITY,0
2008-04-22,FLS,Q0_SKIP,0,111.91,128254.13726706406,1.8747670640546268,0.0,1.8747670640546268,5130.165490682562,0.00036543988053788713,CASH_SCARCITY,0
2008-04-22,HCBK,Q0_SKIP,0,18.27,128254.13726706406,1.8747670640546268,0.0,1.8747670640546268,5130.165490682562,0.00036543988053788713,CASH_SCARCITY,0
2008-04-22,WLL2,Q0_SKIP,0,78.89,128254.13726706406,1.8747670640546268,0.0,1.8747670640546268,5130.165490682562,0.00036543988053788713,CASH_SCARCITY,0
2008-04-22,SVNTQ,Q0_SKIP,0,19.53,128254.13726706406,1.8747670640546268,0.0,1.8747670640546268,5130.165490682562,0.00036543988053788713,CASH_SCARCITY,0
2008-04-22,SWC,Q0_SKIP,0,16.72,128254.13726706406,1.8747670640546268,0.0,1.8747670640546268,5130.165490682562,0.00036543988053788713,CASH_SCARCITY,0
2008-04-22,BUCY,Q0_SKIP,0,121.08,128254.13726706406,1.8747670640546268,0.0,1.8747670640546268,5130.165490682562,0.00036543988053788713,CASH_SCARCITY,0
2008-04-22,ADM,Q0_SKIP,0,47.28,128254.13726706406,1.8747670640546268,0.0,1.8747670640546268,5130.165490682562,0.00036543988053788713,CASH_SCARCITY,0
2008-04-22,SYT1,Q0_SKIP,0,64.05,128254.13726706406,1.8747670640546268,0.0,1.8747670640546268,5130.165490682562,0.00036543988053788713,CASH_SCARCITY,0
2008-04-22,GILD,Q0_SKIP,0,50.89,128254.13726706406,1.8747670640546268,0.0,1.8747670640546268,5130.165490682562,0.00036543988053788713,CASH_SCARCITY,0
2008-04-22,BKNG,Q0_SKIP,0,125.84,128254.13726706406,1.8747670640546268,0.0,1.8747670640546268,5130.165490682562,0.00036543988053788713,CASH_SCARCITY,0
2008-04-22,TW2,Q0_SKIP,0,58.05,128254.13726706406,1.8747670640546268,0.0,1.8747670640546268,5130.165490682562,0.00036543988053788713,CASH_SCARCITY,0
2008-04-22,CNX,Q0_SKIP,0,85.0,128254.13726706406,1.8747670640546268,0.0,1.8747670640546268,5130.165490682562,0.00036543988053788713,CASH_SCARCITY,0
2008-04-22,QLGC,Q0_SKIP,0,16.1,128254.13726706406,1.8747670640546268,0.0,1.8747670640546268,5130.165490682562,0.00036543988053788713,CASH_SCARCITY,0
2008-04-22,WTI,Q0_SKIP,0,42.73,128254.13726706406,1.8747670640546268,0.0,1.8747670640546268,5130.165490682562,0.00036543988053788713,CASH_SCARCITY,0
2008-04-22,JOY,Q0_SKIP,0,73.69,128254.13726706406,1.8747670640546268,0.0,1.8747670640546268,5130.165490682562,0.00036543988053788713,CASH_SCARCITY,0
2008-04-22,KWKAQ,Q0_SKIP,0,42.24,128254.13726706406,1.8747670640546268,0.0,1.8747670640546268,5130.165490682562,0.00036543988053788713,CASH_SCARCITY,0
2008-04-22,FSLR,Q0_SKIP,0,298.03,128254.13726706406,1.8747670640546268,0.0,1.8747670640546268,5130.165490682562,0.00036543988053788713,CASH_SCARCITY,0
2008-04-22,ATVI,Q0_SKIP,0,27.23,128254.13726706406,1.8747670640546268,0.0,1.8747670640546268,5130.165490682562,0.00036543988053788713,CASH_SCARCITY,0
2008-04-22,AEM,Q0_SKIP,0,68.53,128254.13726706406,1.8747670640546268,0.0,1.8747670640546268,5130.165490682562,0.00036543988053788713,CASH_SCARCITY,0
2008-04-22,BVN,Q0_SKIP,0,69.17,128254.13726706406,1.8747670640546268,0.0,1.8747670640546268,5130.165490682562,0.00036543988053788713,CASH_SCARCITY,0
2008-04-22,MMR,Q0_SKIP,0,27.68,128254.13726706406,1.8747670640546268,0.0,1.8747670640546268,5130.165490682562,0.00036543988053788713,CASH_SCARCITY,0
2008-04-22,APA,Q0_SKIP,0,141.6,128254.13726706406,1.8747670640546268,0.0,1.8747670640546268,5130.165490682562,0.00036543988053788713,CASH_SCARCITY,0
2008-04-22,HMY,Q0_SKIP,0,12.36,128254.13726706406,1.8747670640546268,0.0,1.8747670640546268,5130.165490682562,0.00036543988053788713,CASH_SCARCITY,0
2008-04-22,NUE,Q0_SKIP,0,74.62999999999998,128254.13726706406,1.8747670640546268,0.0,1.8747670640546268,5130.165490682562,0.00036543988053788713,CASH_SCARCITY,0
2008-04-22,FCL1,Q0_SKIP,0,63.78,128254.13726706406,1.8747670640546268,0.0,1.8747670640546268,5130.165490682562,0.00036543988053788713,CASH_SCARCITY,0
2008-04-22,TTWO,Q0_SKIP,0,26.08,128254.13726706406,1.8747670640546268,0.0,1.8747670640546268,5130.165490682562,0.00036543988053788713,CASH_SCARCITY,0
2008-04-22,CRZO,Q0_SKIP,0,68.65,128254.13726706406,1.8747670640546268,0.0,1.8747670640546268,5130.165490682562,0.00036543988053788713,CASH_SCARCITY,0
2008-04-22,HL,Q0_SKIP,0,12.42,128254.13726706406,1.8747670640546268,0.0,1.8747670640546268,5130.165490682562,0.00036543988053788713,CASH_SCARCITY,0
2008-04-22,PAAS,Q0_SKIP,0,37.53,128254.13726706406,1.8747670640546268,0.0,1.8747670640546268,5130.165490682562,0.00036543988053788713,CASH_SCARCITY,0
2008-04-22,NX,Q0_SKIP,0,55.27,128254.13726706406,1.8747670640546268,0.0,1.8747670640546268,5130.165490682562,0.00036543988053788713,CASH_SCARCITY,0
2008-04-22,MTH,Q0_SKIP,0,20.51,128254.13726706406,1.8747670640546268,0.0,1.8747670640546268,5130.165490682562,0.00036543988053788713,CASH_SCARCITY,0
2008-04-22,CLF,Q0_SKIP,0,161.34,128254.13726706406,1.8747670640546268,0.0,1.8747670640546268,5130.165490682562,0.00036543988053788713,CASH_SCARCITY,0
2008-04-22,CVSA,Q0_SKIP,0,49.88,128254.13726706406,1.8747670640546268,0.0,1.8747670640546268,5130.165490682562,0.00036543988053788713,CASH_SCARCITY,0
2008-04-22,CPS1,Q0_SKIP,0,48.23,128254.13726706406,1.8747670640546268,0.0,1.8747670640546268,5130.165490682562,0.00036543988053788713,CASH_SCARCITY,0
2008-04-22,UTHR,Q0_SKIP,0,86.18,128254.13726706406,1.8747670640546268,0.0,1.8747670640546268,5130.165490682562,0.00036543988053788713,CASH_SCARCITY,0
2008-04-22,GFASY,Q0_SKIP,0,36.74,128254.13726706406,1.8747670640546268,0.0,1.8747670640546268,5130.165490682562,0.00036543988053788713,CASH_SCARCITY,0
2008-04-22,MON2,Q0_SKIP,0,128.58,128254.13726706406,1.8747670640546268,0.0,1.8747670640546268,5130.165490682562,0.00036543988053788713,CASH_SCARCITY,0
2008-04-22,PBR,Q0_SKIP,0,127.63,128254.13726706406,1.8747670640546268,0.0,1.8747670640546268,5130.165490682562,0.00036543988053788713,CASH_SCARCITY,0
2008-04-22,DPTRQ,Q0_SKIP,0,27.12,128254.13726706406,1.8747670640546268,0.0,1.8747670640546268,5130.165490682562,0.00036543988053788713,CASH_SCARCITY,0
2008-04-22,PIRRQ,Q0_SKIP,0,7.72,128254.13726706406,1.8747670640546268,0.0,1.8747670640546268,5130.165490682562,0.00036543988053788713,CASH_SCARCITY,0
2008-04-23,NEU,Q0_SKIP,0,88.31999999999998,126877.58726706407,60.007267064054616,0.0,60.007267064054616,5075.103490682563,0.011823850917369982,CASH_SCARCITY,0
2008-04-23,LNN,Q0_SKIP,0,113.56,126877.58726706407,60.007267064054616,0.0,60.007267064054616,5075.103490682563,0.011823850917369982,CASH_SCARCITY,0
2008-04-23,BPZRQ,PLAN,2,20.15,126877.58726706407,60.007267064054616,0.0,60.007267064054616,5075.103490682563,0.011823850917369982,,0
2008-05-30,MMR,PLAN,163,31.92,130980.49852706406,10162.068527064055,0.0,10162.068527064055,5239.219941082562,1.0,,0
2008-06-02,JRCCQ,PLAN,119,40.77,131720.60265706404,4860.902657064056,0.0,4860.902657064056,5268.824106282562,0.9225782753438099,,0
2008-06-27,UNTCQ,PLAN,65,81.08,132043.39733706406,7761.847337064057,0.0,7761.847337064057,5281.7358934825625,1.0,,0
2008-07-03,PCXCQ,PLAN,37,63.365,120480.30783706406,2406.9978370640583,0.0,2406.9978370640583,4819.212313482562,0.49945876639011616,,0
2008-07-15,ANRZQ,PLAN,52,94.92,123634.00579206408,17928.735792064064,0.0,17928.735792064064,4945.360231682564,1.0,,0
2008-08-05,SPSX,PLAN,98,45.02,110903.89723206408,45293.50723206407,0.0,45293.50723206407,4436.155889282563,1.0,,0
2008-08-06,DRS1,PLAN,56,78.75,111517.32919206405,40883.409192064064,0.0,40883.409192064064,4460.693167682562,1.0,,0
2008-08-07,IPHS,PLAN,119,36.83,110171.77139206407,36472.996392064066,0.0,36472.996392064066,4406.870855682563,1.0,,0
2008-08-21,FSYS,PLAN,80,56.08,112779.96922206404,43952.94922206407,0.0,43952.94922206407,4511.198768882562,1.0,,0
2008-08-22,BUD1,PLAN,66,67.79,112318.46402206406,39353.15402206407,0.0,39353.15402206407,4492.7385608825625,1.0,,0
2008-08-25,MYGN,PLAN,68,65.11,111474.27714206406,34881.80714206407,0.0,34881.80714206407,4458.971085682562,1.0,,0
2008-08-26,SQNM,PLAN,198,22.61,112144.09782206407,30458.06782206407,0.0,30458.06782206407,4485.763912882563,1.0,,0
2008-08-27,IKN,PLAN,266,17.02,113406.29860206407,26119.51360206407,0.0,26119.51360206407,4536.251944082563,1.0,,0
2008-08-28,WAB,PLAN,76,59.69,114077.4026620641,21594.152662064073,0.0,21594.152662064073,4563.096106482564,1.0,,0
2008-08-29,SYNA,PLAN,86,52.34,113776.9003820641,17027.310382064075,0.0,17027.310382064075,4551.076015282564,1.0,,0
2008-09-04,THOR1,PLAN,157,26.21,103091.71365206406,18630.033652064078,0.0,18630.033652064078,4123.668546082563,1.0,,0
2008-09-05,OCR,PLAN,136,30.76,104777.25027206406,28273.870272064076,0.0,28273.870272064076,4191.090010882563,1.0,,0
2008-09-08,UTHR,PLAN,37,109.45,101609.64619206409,24015.536192064075,0.0,24015.536192064075,4064.3858476825635,1.0,,0
2008-09-09,GCO,PLAN,111,35.26,97980.80927206407,23657.999272064077,0.0,23657.999272064077,3919.232370882563,1.0,,0
2008-09-11,VAR,PLAN,62,63.96,100219.48337206406,37472.29337206407,0.0,37472.29337206407,4008.7793348825626,1.0,,0
2008-09-22,GAS1,PLAN,81,47.92,98017.49391206408,36929.843912064076,0.0,36929.843912064076,3920.6997564825633,1.0,,0
2008-10-03,LDG,PLAN,51,73.79999999999998,94265.61792206409,36114.067922064074,0.0,36114.067922064074,3770.624716882564,1.0,,0
2008-10-06,VRX1,PLAN,197,18.67,92094.8747720641,32406.87477206407,0.0,32406.87477206407,3683.794990882564,1.0,,0
2008-10-07,UB,PLAN,48,73.5,89849.77147206407,28679.85147206407,0.0,28679.85147206407,3593.990858882563,1.0,,0
2008-10-08,IMCL,PLAN,53,66.85,89470.15253206406,30719.662532064067,0.0,30719.662532064067,3578.806101282563,1.0,,0
2008-10-10,PB,PLAN,102,33.74,86167.79145206406,33750.72145206407,0.0,33750.72145206407,3446.7116580825627,1.0,,0
2008-10-13,BWLD,PLAN,93,38.16,89449.53927206407,32862.94927206407,0.0,32862.94927206407,3577.9815708825627,1.0,,0
2008-10-14,FDRY,PLAN,208,17.1,89356.87485206407,29144.81485206407,0.0,29144.81485206407,3574.274994082563,1.0,,0
2008-10-17,ATML,PLAN,910,3.91,89070.16421206406,25640.674212064074,0.0,25640.674212064074,3562.8065684825624,1.0,,0
2008-11-17,BRL,PLAN,52,64.81,85934.25572206406,53343.015722064076,0.0,53343.015722064076,3437.3702288825625,1.0,,0
2008-12-09,APOL,PLAN,46,72.92,84367.53534206409,60825.81534206408,0.0,60825.81534206408,3374.7014136825637,1.0,,0
2008-12-10,THOR1,PLAN,115,29.24,84224.64152206408,57433.60652206408,0.0,57433.60652206408,3368.985660882563,1.0,,0
2008-12-11,DAL,PLAN,336,9.97,83874.1223720641,54085.122372064085,0.0,54085.122372064085,3354.964894882564,1.0,,0
2008-12-12,AMGN,PLAN,58,58.13,84814.4470920641,50924.37709206409,0.0,50924.37709206409,3392.5778836825643,1.0,,0
2008-12-15,ALO1,PLAN,97,34.61,84408.71585206408,47569.78585206409,0.0,47569.78585206409,3376.3486340825634,1.0,,0
2008-12-16,LCC,PLAN,480,7.15,85911.75085206408,44171.39085206409,0.0,44171.39085206409,3436.4700340825634,1.0,,0
2008-12-17,CBST,PLAN,141,24.42,86443.70725206411,40870.493252064094,0.0,40870.493252064094,3457.7482900825644,1.0,,0
2008-12-18,CRI,PLAN,175,19.74,86590.3770920641,37568.5670920641,0.0,37568.5670920641,3463.615083682564,1.0,,0
2009-01-20,ALK,PLAN,121,28.2,85625.50413206407,52770.604132064094,0.0,52770.604132064094,3425.020165282563,1.0,,0
2009-01-21,JBLU,PLAN,538,6.34,85477.5869840641,49307.99698406409,0.0,49307.99698406409,3419.103479362564,1.0,,0
2009-01-22,IDCC,PLAN,110,30.98,85836.5045440641,45872.12454406409,0.0,45872.12454406409,3433.460181762564,1.0,,0
2009-01-23,SMG,PLAN,102,33.33,85561.7927440641,42526.982744064095,0.0,42526.982744064095,3422.4717097625644,1.0,,0
2009-01-26,MNST,PLAN,100,33.86,85562.2516640641,39102.48166406409,0.0,39102.48166406409,3422.490066562564,1.0,,0
2009-01-27,RGLD,PLAN,71,46.75,84147.4648702641,35676.0648702641,0.0,35676.0648702641,3365.898594810564,1.0,,0
2009-01-28,FRFHF,PLAN,10,326.93,85493.78563026409,35135.1656302641,0.0,35135.1656302641,3419.7514252105634,1.0,,0
2009-01-29,ORLY,PLAN,111,30.55,84866.45063026411,31906.9406302641,0.0,31906.9406302641,3394.6580252105646,1.0,,0
2009-01-30,DLTR,PLAN,78,42.71,83554.86751526411,31648.647515264103,0.0,31648.647515264103,3342.1947006105643,1.0,,0
2009-02-02,AVAV,PLAN,90,37.18,83820.7718894201,28301.521889420103,0.0,28301.521889420103,3352.830875576804,1.0,,0
2009-02-03,ATHN1,PLAN,90,37.58,84863.79908942009,24885.3090894201,0.0,24885.3090894201,3394.5519635768037,1.0,,0
2009-02-04,GMCR,PLAN,82,40.72,84127.9600894201,21555.7200894201,0.0,21555.7200894201,3365.118403576804,1.0,,0
2009-02-06,FNF,PLAN,178,19.07,85343.4529565521,18240.142956552103,0.0,18240.142956552103,3413.738118262084,1.0,,0
2009-02-12,ESINQ,PLAN,27,123.06,83370.53069655212,14824.470696552104,0.0,14824.470696552104,3334.821227862085,1.0,,0
2009-02-13,WTRG,PLAN,161,20.73,83662.7661965521,11486.636196552105,0.0,11486.636196552105,3346.5106478620837,1.0,,0
2009-02-19,MBOT,PLAN,1487,2.14,79681.01849655212,10726.418496552105,0.0,10726.418496552105,3187.240739862085,1.0,,0
2009-02-27,COCOQ,PLAN,150,19.7,74123.9191465521,10093.599146552106,0.0,10093.599146552106,2964.956765862084,1.0,,0
2009-03-03,PRDO,PLAN,122,23.46,71774.0409885521,14541.460988552106,0.0,14541.460988552106,2870.961639542084,1.0,,0
2009-03-20,CVTX,PLAN,149,19.89,74331.10799855209,21461.007998552108,0.0,21461.007998552108,2973.2443199420836,1.0,,0
2009-03-23,AU,PLAN,80,37.53,75987.9073685521,18497.41736855211,0.0,18497.41736855211,3039.516294742084,1.0,,0
2009-03-31,SNDA1,PLAN,78,39.53,77512.66016855212,15607.33016855211,0.0,15607.33016855211,3100.506406742085,1.0,,0
2009-04-01,AZO,PLAN,18,166.82,76982.73908855212,12573.219088552109,0.0,12573.219088552109,3079.3095635420846,1.0,,0
2009-04-02,BKNG,PLAN,35,86.09999999999998,77054.1739685521,9590.793968552109,0.0,9590.793968552109,3082.1669587420843,1.0,,0
2009-04-03,IAG,PLAN,383,7.98,76524.9721236271,6575.862123627108,0.0,6575.862123627108,3060.9988849450842,1.0,,0
2009-04-06,ADM,PLAN,105,28.71,76034.24855362711,3589.3085536271083,0.0,3589.3085536271083,3041.3699421450847,1.0,,0
2009-04-07,NFLX,PLAN,18,43.7,74171.37450362711,792.464503627109,0.0,792.464503627109,2966.8549801450845,0.26710591145521917,,0
2009-04-09,VTRS,PLAN,2,14.21,76343.1108972131,42.522897213109104,0.0,42.522897213109104,3053.724435888524,0.013924929411889279,,0
2009-05-12,TIVO,PLAN,148,21.09,78184.7158292131,13022.615829213111,0.0,13022.615829213111,3127.3886331685244,1.0,,0
2009-06-02,IQNT,PLAN,103,31.62,81661.7235492131,9981.433549213114,0.0,9981.433549213114,3266.468941968524,1.0,,0
2009-06-09,PALM,PLAN,256,12.7,81564.25055921312,9730.730559213114,0.0,9730.730559213114,3262.570022368525,1.0,,0
2009-06-10,STRZA,PLAN,217,14.8,80396.38351921312,6440.403519213114,0.0,6440.403519213114,3215.855340768525,1.0,,0
2009-07-09,STEC1,PLAN,128,23.67,76229.70111781312,6204.021117813114,0.0,6204.021117813114,3049.188044712525,1.0,,0
2009-07-20,BIDU,PLAN,9,336.24,84247.5451978131,3175.075197813114,0.0,3175.075197813114,3369.901807912524,0.942186264999782,,0
2009-08-19,ASH,PLAN,101,32.87,83466.6052178131,11146.625217813114,0.0,11146.625217813114,3338.664208712524,1.0,,0
2009-09-04,DTGF,PLAN,165,21.22,88144.1708278131,10277.620827813116,0.0,10277.620827813116,3525.766833112524,1.0,,0
2009-09-08,PWRD1,PLAN,96,36.84,88962.61887781312,6672.068877813117,0.0,6672.068877813117,3558.504755112525,1.0,,0
2009-09-11,FUQI,PLAN,103,30.35,90796.33359781314,3135.2555978131177,0.0,3135.2555978131177,3631.8533439125254,0.8632660245128642,,0
2009-09-21,CAR,PLAN,169,13.76,92897.9116278131,2333.7816278131186,0.0,2333.7816278131186,3715.916465112524,0.6280500785537567,,0
2009-10-19,JNY,PLAN,192,19.4,93613.15752781312,6510.96352781312,0.0,6510.96352781312,3744.526301112525,1.0,,0
2009-10-21,VECO,PLAN,109,25.41,91590.3791278131,2772.829127813121,0.0,2772.829127813121,3663.6151651125238,0.7568560022946506,,0
2009-10-22,SAN,PLAN,1,17.52,92416.94176781311,24.723767813120503,0.0,24.723767813120503,3696.6776707125246,0.006688104837756943,,0
2009-11-27,MATV,PLAN,58,61.15,88908.84456781311,12948.11956781312,0.0,12948.11956781312,3556.3537827125247,1.0,,0
2009-11-30,TUPBQ,PLAN,76,46.55,89135.07900781314,9424.607007813122,0.0,9424.607007813122,3565.403160312526,1.0,,0
2009-12-01,MCK,PLAN,57,62.48,90429.32784781314,5855.881847813122,0.0,5855.881847813122,3617.173113912526,1.0,,0
2009-12-02,PRGO,PLAN,57,39.83,90916.57015781313,2308.648157813122,0.0,2308.648157813122,3636.662806312525,0.6348260151603187,,0
2009-12-03,NUS,PLAN,1,27.81,89398.92672781309,45.938727813122114,0.0,45.938727813122114,3575.9570691125236,0.012846554621675905,,0
2010-02-25,EL,PLAN,63,60.57,95913.05855781311,8060.018557813121,0.0,8060.018557813121,3836.5223423125244,1.0,,0
2010-03-16,LNCR,PLAN,95,42.75,102582.33216181314,7236.5521618131215,0.0,7236.5521618131215,4103.293286472526,1.0,,0
2010-04-01,EW,PLAN,31,100.39,107057.58920200313,3188.339202003122,0.0,3188.339202003122,4282.303568080125,0.7445383428135952,,0
2010-05-18,IPXL,PLAN,4,20.24,104294.75119600313,84.6951960031218,0.0,84.6951960031218,4171.790047840125,0.02030188361156174,,0
2010-06-21,APKT,PLAN,142,29.23,104160.34736600312,21879.907366003117,0.0,21879.907366003117,4166.413894640124,1.0,,0
2010-06-24,TSN,PLAN,227,17.87,101627.7747260031,17698.089726003116,0.0,17698.089726003116,4065.1109890401244,1.0,,0
2010-06-25,VCI,PLAN,117,34.69,102358.08123600311,13637.543236003115,0.0,13637.543236003115,4094.3232494401245,1.0,,0
2010-07-08,IDC,PLAN,118,33.7,99696.71094600309,19974.930946003115,0.0,19974.930946003115,3987.8684378401235,1.0,,0
2010-07-28,CRUS,PLAN,211,19.17,101411.44524600312,16028.760246003116,0.0,16028.760246003116,4056.457809840125,1.0,,0
2010-08-12,AZO,PLAN,19,206.5,101332.25724600311,19927.737246003115,0.0,19927.737246003115,4053.2902898401244,1.0,,0
2010-08-13,VMW,PLAN,52,76.37999999999998,100776.35406600311,16005.639066003116,0.0,16005.639066003116,4031.0541626401246,1.0,,0
2010-09-10,VRX1,PLAN,64,64.98,104212.34401100312,19047.134011003116,0.0,19047.134011003116,4168.493760440125,1.0,,0
2010-09-13,PWER1,PLAN,365,11.52,105460.72689100311,14845.816891003116,0.0,14845.816891003116,4218.429075640124,1.0,,0
2010-09-17,ISLN,PLAN,165,25.08,104083.31209100311,10636.812091003118,0.0,10636.812091003118,4163.332483640124,1.0,,0
2010-10-11,BHC,PLAN,160,27.16,109165.07479100314,10453.284791003118,0.0,10453.284791003118,4366.602991640126,1.0,,0
2010-11-09,ENDPQ,PLAN,123,36.35,112516.51941100313,8972.279411003121,0.0,8972.279411003121,4500.660776440125,1.0,,0
2010-11-22,LYB,PLAN,155,29.68,115681.60574100314,4679.895741003122,0.0,4679.895741003122,4627.264229640125,1.0,,0
2010-12-08,SQM,PLAN,3,53.92,120073.67199100317,190.57199100312206,0.0,190.57199100312206,4802.946879640127,0.0396781383968588,,0
2011-01-14,ALXN,PLAN,61,82.37,126527.28665100315,13406.556651003122,0.0,13406.556651003122,5061.091466040126,1.0,,0
2011-01-18,ATML,PLAN,366,13.87,127330.81439100314,8359.254391003124,0.0,8359.254391003124,5093.232575640125,1.0,,0
2011-02-03,FOSL,PLAN,43,74.15,130728.81333100313,3263.1033310031235,0.0,3263.1033310031235,5229.152533240125,0.6240214471198865,,0
2011-03-30,SM,PLAN,74,74.19,137715.7270510031,7361.447051003124,0.0,7361.447051003124,5508.629082040125,1.0,,0
2011-04-18,JAZZ,PLAN,54,34.21,137933.07145100308,1850.3414510031243,0.0,1850.3414510031243,5517.322858040124,0.3353694352518654,,0
2011-06-02,DTGF,PLAN,68,83.43,143326.42001100312,7103.5500110031235,0.0,7103.5500110031235,5733.056800440125,1.0,,0
2011-08-26,DPZ,PLAN,185,26.98,125571.30213275112,55750.93213275112,0.0,55750.93213275112,5022.852085310045,1.0,,0
2011-09-07,QCOR,PLAN,167,30.76,129115.25313275112,50698.66313275113,0.0,50698.66313275113,5164.610125310045,1.0,,0
2011-09-08,RGLD,PLAN,62,82.34,128999.13627275112,45586.69627275113,0.0,45586.69627275113,5159.965450910045,1.0,,0
2011-09-09,GOLD1,PLAN,45,111.71,127199.84483275113,40490.16483275113,0.0,40490.16483275113,5087.9937933100455,1.0,,0
2011-09-12,VRUS1,PLAN,65,77.09,126958.9010327511,35551.43103275113,0.0,35551.43103275113,5078.356041310044,1.0,,0
2011-09-13,MNST,PLAN,57,88.40999999999998,127933.86418275113,30509.544182751128,0.0,30509.544182751128,5117.354567310045,1.0,,0
2011-09-14,PSMT,PLAN,71,72.64,129140.83183875112,25466.16183875113,0.0,25466.16183875113,5165.6332735500455,1.0,,0
2011-09-15,MCD,PLAN,58,88.06999999999998,129989.7731587511,20272.29315875113,0.0,20272.29315875113,5199.590926350043,1.0,,0
2011-09-21,DMND,PLAN,55,91.91,128700.79407875113,15148.094078751132,0.0,15148.094078751132,5148.031763150046,1.0,,0
2011-09-22,CEPH,PLAN,61,80.95,124076.09097875113,10280.13097875113,0.0,10280.13097875113,4963.043639150045,1.0,,0
2011-09-23,CROX,PLAN,179,27.58,123899.17180875114,5336.021808751131,0.0,5336.021808751131,4955.966872350045,1.0,,0
2011-10-28,SUG,PLAN,118,42.33,125323.69710475113,29257.087104751132,0.0,29257.087104751132,5012.947884190045,1.0,,0
2011-10-31,GR,PLAN,40,122.63,124525.35570475114,24260.69570475113,0.0,24260.69570475113,4981.014228190046,1.0,,0
2011-11-02,BMRN,PLAN,154,32.28,124608.55570475114,19355.79570475113,0.0,19355.79570475113,4984.342228190046,1.0,,0
2011-11-03,VFC,PLAN,35,141.04,125980.47456475114,14359.664564751132,0.0,14359.664564751132,5039.218982590046,1.0,,0
2011-11-17,NLC,PLAN,130,37.96,123576.13696475113,9477.186964751132,0.0,9477.186964751132,4943.045478590046,1.0,,0
2011-11-25,GNCIQ,PLAN,165,27.35,124428.83396475113,4523.953964751133,0.0,4523.953964751133,4977.153358590045,0.9089440567354153,,0
2011-11-28,CTRA,Q0_SKIP,0,80.01999999999998,127198.5495647511,25.05956475113362,0.0,25.05956475113362,5087.941982590044,0.004925285083218837,CASH_SCARCITY,0
2011-11-28,GLNG,Q0_SKIP,0,41.0,127198.5495647511,25.05956475113362,0.0,25.05956475113362,5087.941982590044,0.004925285083218837,CASH_SCARCITY,0
2011-11-28,TJX,Q0_SKIP,0,59.89,127198.5495647511,25.05956475113362,0.0,25.05956475113362,5087.941982590044,0.004925285083218837,CASH_SCARCITY,0
2011-11-28,GWW,Q0_SKIP,0,175.73,127198.5495647511,25.05956475113362,0.0,25.05956475113362,5087.941982590044,0.004925285083218837,CASH_SCARCITY,0
2011-11-28,TRH,Q0_SKIP,0,54.62,127198.5495647511,25.05956475113362,0.0,25.05956475113362,5087.941982590044,0.004925285083218837,CASH_SCARCITY,0
2011-11-28,MA,Q0_SKIP,0,359.25,127198.5495647511,25.05956475113362,0.0,25.05956475113362,5087.941982590044,0.004925285083218837,CASH_SCARCITY,0
2011-11-28,FAST,Q0_SKIP,0,39.85,127198.5495647511,25.05956475113362,0.0,25.05956475113362,5087.941982590044,0.004925285083218837,CASH_SCARCITY,0
2011-11-28,TIN,Q0_SKIP,0,31.85,127198.5495647511,25.05956475113362,0.0,25.05956475113362,5087.941982590044,0.004925285083218837,CASH_SCARCITY,0
2011-11-28,BIGGQ,Q0_SKIP,0,38.15,127198.5495647511,25.05956475113362,0.0,25.05956475113362,5087.941982590044,0.004925285083218837,CASH_SCARCITY,0
2011-11-28,ULTA,Q0_SKIP,0,68.45,127198.5495647511,25.05956475113362,0.0,25.05956475113362,5087.941982590044,0.004925285083218837,CASH_SCARCITY,0
2011-11-28,ATHN1,Q0_SKIP,0,56.2,127198.5495647511,25.05956475113362,0.0,25.05956475113362,5087.941982590044,0.004925285083218837,CASH_SCARCITY,0
2011-11-28,NETL1,Q0_SKIP,0,49.4,127198.5495647511,25.05956475113362,0.0,25.05956475113362,5087.941982590044,0.004925285083218837,CASH_SCARCITY,0
2011-11-28,HS,Q0_SKIP,0,54.5,127198.5495647511,25.05956475113362,0.0,25.05956475113362,5087.941982590044,0.004925285083218837,CASH_SCARCITY,0
2011-11-28,SWI1,Q0_SKIP,0,30.83,127198.5495647511,25.05956475113362,0.0,25.05956475113362,5087.941982590044,0.004925285083218837,CASH_SCARCITY,0
2011-11-28,SFD1,PLAN,1,23.46,127198.5495647511,25.05956475113362,0.0,25.05956475113362,5087.941982590044,0.004925285083218837,,0
2012-01-31,DG,PLAN,124,42.61,132912.04648037124,14055.296480371237,0.0,14055.296480371237,5316.4818592148495,1.0,,0
2012-03-01,PAA,PLAN,66,84.15999999999998,140636.08052037124,8833.690520371238,0.0,8833.690520371238,5625.443220814849,1.0,,0
2012-04-10,PIRRQ,PLAN,313,17.75,139190.58076037123,24137.64076037124,0.0,24137.64076037124,5567.62323041485,1.0,,0
2012-04-11,VAL1,PLAN,114,49.03,140483.8711503712,18507.40615037124,0.0,18507.40615037124,5619.354846014849,1.0,,0
2012-05-07,HD,PLAN,112,51.39,144300.4364703712,12983.61647037124,0.0,12983.61647037124,5772.017458814848,1.0,,0
2012-05-08,EC,PLAN,89,63.85,142763.61983037123,7241.239830371242,0.0,7241.239830371242,5710.544793214849,1.0,,0
2012-05-09,REGN,PLAN,12,129.4,142038.15596037128,1676.1459603712428,0.0,1676.1459603712428,5681.526238414851,0.29501684759250335,,0
2012-06-08,SHW,PLAN,42,131.42,143213.00539037125,5594.1053903712445,0.0,5594.1053903712445,5728.520215614851,0.9765358556513046,,0
2012-06-21,RHP,PLAN,1,37.74,144346.88261565723,44.082615657246244,0.0,44.082615657246244,5773.875304626289,0.007634840264375863,,0
2012-07-03,DDD,Q0_SKIP,0,35.57,147025.60452565725,28.754525657246244,0.0,28.754525657246244,5881.0241810262905,0.004889373818597074,CASH_SCARCITY,0
2012-07-03,HAIN,Q0_SKIP,0,55.39,147025.60452565725,28.754525657246244,0.0,28.754525657246244,5881.0241810262905,0.004889373818597074,CASH_SCARCITY,0
2012-07-03,PCYC,Q0_SKIP,0,57.82,147025.60452565725,28.754525657246244,0.0,28.754525657246244,5881.0241810262905,0.004889373818597074,CASH_SCARCITY,0
2012-07-03,ROST,Q0_SKIP,0,62.78,147025.60452565725,28.754525657246244,0.0,28.754525657246244,5881.0241810262905,0.004889373818597074,CASH_SCARCITY,0
2012-07-03,PSS,PLAN,1,21.46,147025.60452565725,28.754525657246244,0.0,28.754525657246244,5881.0241810262905,0.004889373818597074,,0
2012-08-24,ELLI,PLAN,222,25.64,142741.32901192232,17822.109011922366,0.0,17822.109011922366,5709.653160476893,1.0,,0
2012-09-07,PCYC,PLAN,88,65.01,144635.6713819758,12458.576381975787,0.0,12458.576381975787,5785.426855279032,1.0,,0
2012-09-12,NSM,PLAN,207,27.95,145067.72102197577,6757.521021975787,0.0,6757.521021975787,5802.7088408790305,1.0,,0
2012-11-21,VMED,PLAN,168,33.72,142304.09627241857,19750.056272418635,0.0,19750.056272418635,5692.163850896743,1.0,,0
2012-11-23,MPC,PLAN,97,58.98,143499.0626724186,14040.752672418635,0.0,14040.752672418635,5739.962506896744,1.0,,0
2012-12-10,WHR,PLAN,56,99.66,141762.70392241862,8460.423922418637,0.0,8460.423922418637,5670.508156896744,1.0,,0
2012-12-14,BAX,PLAN,44,65.95,141258.18160241866,2929.7216024186373,0.0,2929.7216024186373,5650.327264096746,0.5185047636151353,,0
2013-01-16,CVI,Q0_SKIP,0,52.66,147437.83848241862,39.34848241863747,0.0,39.34848241863747,5897.513539296745,0.006672046135451453,CASH_SCARCITY,0
2013-01-16,INGR,Q0_SKIP,0,68.98,147437.83848241862,39.34848241863747,0.0,39.34848241863747,5897.513539296745,0.006672046135451453,CASH_SCARCITY,0
2013-01-16,RAX,Q0_SKIP,0,76.73,147437.83848241862,39.34848241863747,0.0,39.34848241863747,5897.513539296745,0.006672046135451453,CASH_SCARCITY,0
2013-01-16,CPAY,Q0_SKIP,0,57.17,147437.83848241862,39.34848241863747,0.0,39.34848241863747,5897.513539296745,0.006672046135451453,CASH_SCARCITY,0
2013-01-16,BRFS,PLAN,1,21.62,147437.83848241862,39.34848241863747,0.0,39.34848241863747,5897.513539296745,0.006672046135451453,,0
2013-03-01,CVI,PLAN,106,57.88,154977.08764241866,8832.417642418637,0.0,8832.417642418637,6199.083505696746,1.0,,0
2013-03-05,EV1,PLAN,68,39.25,158229.49464241866,2678.269642418638,0.0,2678.269642418638,6329.179785696747,0.4231622000170123,,0
2013-06-21,LGF.B,PLAN,226,28.3,160178.29559605822,14156.329596058195,0.0,14156.329596058195,6407.131823842329,1.0,,0
2013-07-23,NXST,PLAN,191,35.73,171298.79295605817,13001.732956058197,0.0,13001.732956058197,6851.951718242327,1.0,,0
2013-07-24,CBOE,PLAN,124,49.67,170877.3099860582,6181.949986058197,0.0,6181.949986058197,6835.092399442327,0.9044427821579384,,0
2013-08-09,SAVEQ,PLAN,3,34.35,174810.1919860582,128.76198605819826,0.0,128.76198605819826,6992.407679442328,0.018414542166464116,,0
2013-10-23,QIHU,PLAN,74,87.56,181516.2454125706,6498.627412570626,0.0,6498.627412570626,7260.649816502824,0.8950476302823216,,0
2014-04-10,GLOG,PLAN,300,24.9,187038.49281672185,26061.242816721817,0.0,26061.242816721817,7481.539712668874,1.0,,0
2014-04-28,HP,PLAN,71,107.03,191814.57937672178,27870.379376721816,0.0,27870.379376721816,7672.583175068871,1.0,,0
2014-05-08,TRGP,PLAN,69,109.32,189030.08035672182,26321.610356721816,0.0,26321.610356721816,7561.203214268873,1.0,,0
2014-05-09,CAR,PLAN,146,51.87,189636.4776367218,18801.377636721816,0.0,18801.377636721816,7585.459105468872,1.0,,0
2014-05-14,CNQ,PLAN,187,40.74,190872.17260059743,11209.624136721817,0.0,11209.624136721817,7634.886904023898,1.0,,0
2014-06-09,EXC,PLAN,105,37.08,197699.1817005974,3923.0877005974266,0.0,3923.0877005974266,7907.967268023896,0.4960930625573717,,0
2014-10-30,MDVN,PLAN,81,102.74,208342.62024968682,25823.80324968687,0.0,25823.80324968687,8333.704809987474,1.0,,0
2014-11-12,CNQR,PLAN,65,128.3,211669.465762671,17411.95627968687,0.0,17411.95627968687,8466.77863050684,1.0,,0
2014-11-13,PANW,PLAN,77,109.6,211849.06236267101,9115.86236267098,0.0,9115.86236267098,8473.96249450684,1.0,,0
2014-11-14,CENX,PLAN,23,27.53,210801.74730605696,654.9673060569821,0.0,654.9673060569821,8432.069892242278,0.07767574444082455,,0
2014-12-30,LOW,PLAN,126,68.55,217687.85298605697,19332.062986056982,0.0,19332.062986056982,8707.51411944228,1.0,,0
2015-01-02,CBRL,PLAN,62,138.77,216746.93674605695,10662.161746056983,0.0,10662.161746056983,8669.877469842279,1.0,,0
2015-01-21,TPST,PLAN,56,47.45,215466.106376057,2676.226376056985,0.0,2676.226376056985,8618.64425504228,0.31051593462524885,,0
2015-02-17,KR,PLAN,1,73.25,222736.631896057,114.931896056985,0.0,114.931896056985,8909.46527584228,0.012899976878367664,,0
2015-05-01,COR,PLAN,22,114.61,226748.00962605694,2543.2596260569853,0.0,2543.2596260569853,9069.920385042278,0.280405948243076,,0
2015-08-03,ADPTQ,PLAN,83,113.45,238029.4868183267,9436.516818326698,0.0,9436.516818326698,9521.179472733069,0.9911079657043721,,0
2015-08-04,SKX,Q0_SKIP,0,153.9,239374.56355832668,43.87355832669891,0.0,43.87355832669891,9574.982542333068,0.004582103218749948,CASH_SCARCITY,0
2015-08-04,ANAC1,Q0_SKIP,0,152.25,239374.56355832668,43.87355832669891,0.0,43.87355832669891,9574.982542333068,0.004582103218749948,CASH_SCARCITY,0
2015-08-04,HZNP,PLAN,1,35.0,239374.56355832668,43.87355832669891,0.0,43.87355832669891,9574.982542333068,0.004582103218749948,,0
2015-08-13,SKX,Q0_SKIP,0,152.57,236907.7678353158,37.19783531583759,0.0,37.19783531583759,9476.310713412633,0.003925349900482717,CASH_SCARCITY,0
2015-08-13,TREE,Q0_SKIP,0,134.46,236907.7678353158,37.19783531583759,0.0,37.19783531583759,9476.310713412633,0.003925349900482717,CASH_SCARCITY,0
2015-08-13,FL,Q0_SKIP,0,72.65999999999998,236907.7678353158,37.19783531583759,0.0,37.19783531583759,9476.310713412633,0.003925349900482717,CASH_SCARCITY,0
2015-08-13,ANAC1,Q0_SKIP,0,137.34,236907.7678353158,37.19783531583759,0.0,37.19783531583759,9476.310713412633,0.003925349900482717,CASH_SCARCITY,0
2015-08-13,HOLX,Q0_SKIP,0,41.73,236907.7678353158,37.19783531583759,0.0,37.19783531583759,9476.310713412633,0.003925349900482717,CASH_SCARCITY,0
2015-08-13,ALJ,PLAN,1,22.23,236907.7678353158,37.19783531583759,0.0,37.19783531583759,9476.310713412633,0.003925349900482717,,0
2015-09-22,SKX,PLAN,54,141.43,221570.67305531586,7655.353055315837,0.0,7655.353055315837,8862.826922212635,0.8637597374410481,,0
2015-10-26,AIZ,PLAN,106,82.04,218307.07699180188,29393.99699180184,0.0,29393.99699180184,8732.283079672075,1.0,,0
2015-10-27,UHAL,PLAN,21,401.21,218364.25223180186,20750.602231801844,0.0,20750.602231801844,8734.570089272074,1.0,,0
2015-10-28,ACGL,PLAN,113,77.65,221158.9667818018,12311.721781801845,0.0,12311.721781801845,8846.358671272072,1.0,,0
2015-10-30,TYL,PLAN,20,170.36,221730.94052001086,3485.170520010848,0.0,3485.170520010848,8869.237620800435,0.3929504055497745,,0
2015-11-20,VRE,PLAN,3,23.96,224870.41290001088,82.89290001084822,0.0,82.89290001084822,8994.816516000436,0.009215629897885536,,0
2015-11-24,AMZN,Q0_SKIP,0,671.15,225997.7060200108,10.941020010848234,0.0,10.941020010848234,9039.908240800432,0.0012103021092036515,CASH_SCARCITY,0
2015-11-24,ATVI,Q0_SKIP,0,36.84,225997.7060200108,10.941020010848234,0.0,10.941020010848234,9039.908240800432,0.0012103021092036515,CASH_SCARCITY,0
2015-11-24,VRSN,Q0_SKIP,0,88.54,225997.7060200108,10.941020010848234,0.0,10.941020010848234,9039.908240800432,0.0012103021092036515,CASH_SCARCITY,0
2015-11-24,NKE,Q0_SKIP,0,132.51,225997.7060200108,10.941020010848234,0.0,10.941020010848234,9039.908240800432,0.0012103021092036515,CASH_SCARCITY,0
2015-11-24,LNCE,Q0_SKIP,0,38.04,225997.7060200108,10.941020010848234,0.0,10.941020010848234,9039.908240800432,0.0012103021092036515,CASH_SCARCITY,0
2015-11-24,POST,Q0_SKIP,0,66.11,225997.7060200108,10.941020010848234,0.0,10.941020010848234,9039.908240800432,0.0012103021092036515,CASH_SCARCITY,0
2015-11-24,BYD,Q0_SKIP,0,20.17,225997.7060200108,10.941020010848234,0.0,10.941020010848234,9039.908240800432,0.0012103021092036515,CASH_SCARCITY,0
2015-11-24,AFG,Q0_SKIP,0,73.79999999999998,225997.7060200108,10.941020010848234,0.0,10.941020010848234,9039.908240800432,0.0012103021092036515,CASH_SCARCITY,0
2015-11-24,MANH,Q0_SKIP,0,73.87999999999998,225997.7060200108,10.941020010848234,0.0,10.941020010848234,9039.908240800432,0.0012103021092036515,CASH_SCARCITY,0
2015-11-24,TSS,Q0_SKIP,0,55.35,225997.7060200108,10.941020010848234,0.0,10.941020010848234,9039.908240800432,0.0012103021092036515,CASH_SCARCITY,0
2015-11-24,PSA,Q0_SKIP,0,237.83,225997.7060200108,10.941020010848234,0.0,10.941020010848234,9039.908240800432,0.0012103021092036515,CASH_SCARCITY,0
2015-11-24,JKHY,Q0_SKIP,0,78.64,225997.7060200108,10.941020010848234,0.0,10.941020010848234,9039.908240800432,0.0012103021092036515,CASH_SCARCITY,0
2015-11-24,META,Q0_SKIP,0,105.74,225997.7060200108,10.941020010848234,0.0,10.941020010848234,9039.908240800432,0.0012103021092036515,CASH_SCARCITY,0
2015-11-24,HPY,Q0_SKIP,0,78.09,225997.7060200108,10.941020010848234,0.0,10.941020010848234,9039.908240800432,0.0012103021092036515,CASH_SCARCITY,0
2015-11-24,CASY,Q0_SKIP,0,116.08,225997.7060200108,10.941020010848234,0.0,10.941020010848234,9039.908240800432,0.0012103021092036515,CASH_SCARCITY,0
2015-11-24,THG,Q0_SKIP,0,84.73999999999998,225997.7060200108,10.941020010848234,0.0,10.941020010848234,9039.908240800432,0.0012103021092036515,CASH_SCARCITY,0
2015-11-24,PNY,Q0_SKIP,0,58.03,225997.7060200108,10.941020010848234,0.0,10.941020010848234,9039.908240800432,0.0012103021092036515,CASH_SCARCITY,0
2015-11-24,LMT,Q0_SKIP,0,226.43,225997.7060200108,10.941020010848234,0.0,10.941020010848234,9039.908240800432,0.0012103021092036515,CASH_SCARCITY,0
2015-11-24,HA,Q0_SKIP,0,36.8,225997.7060200108,10.941020010848234,0.0,10.941020010848234,9039.908240800432,0.0012103021092036515,CASH_SCARCITY,0
2015-11-24,POOL,Q0_SKIP,0,82.0,225997.7060200108,10.941020010848234,0.0,10.941020010848234,9039.908240800432,0.0012103021092036515,CASH_SCARCITY,0
2015-11-24,GPN,Q0_SKIP,0,72.25,225997.7060200108,10.941020010848234,0.0,10.941020010848234,9039.908240800432,0.0012103021092036515,CASH_SCARCITY,0
2015-11-24,PBY1,Q0_SKIP,0,15.41,225997.7060200108,10.941020010848234,0.0,10.941020010848234,9039.908240800432,0.0012103021092036515,CASH_SCARCITY,0
2015-11-24,ATO,Q0_SKIP,0,62.66,225997.7060200108,10.941020010848234,0.0,10.941020010848234,9039.908240800432,0.0012103021092036515,CASH_SCARCITY,0
2015-11-24,GOOGL,Q0_SKIP,0,769.63,225997.7060200108,10.941020010848234,0.0,10.941020010848234,9039.908240800432,0.0012103021092036515,CASH_SCARCITY,0
2015-11-24,CB1,Q0_SKIP,0,130.84,225997.7060200108,10.941020010848234,0.0,10.941020010848234,9039.908240800432,0.0012103021092036515,CASH_SCARCITY,0
2015-11-24,LUV,Q0_SKIP,0,46.23,225997.7060200108,10.941020010848234,0.0,10.941020010848234,9039.908240800432,0.0012103021092036515,CASH_SCARCITY,0
2015-11-24,HRL,Q0_SKIP,0,71.32,225997.7060200108,10.941020010848234,0.0,10.941020010848234,9039.908240800432,0.0012103021092036515,CASH_SCARCITY,0
2015-11-24,MSI,Q0_SKIP,0,71.96,225997.7060200108,10.941020010848234,0.0,10.941020010848234,9039.908240800432,0.0012103021092036515,CASH_SCARCITY,0
2015-11-24,FLTX,Q0_SKIP,0,58.58,225997.7060200108,10.941020010848234,0.0,10.941020010848234,9039.908240800432,0.0012103021092036515,CASH_SCARCITY,0
2015-11-24,GOOG,Q0_SKIP,0,748.2799999999999,225997.7060200108,10.941020010848234,0.0,10.941020010848234,9039.908240800432,0.0012103021092036515,CASH_SCARCITY,0
2015-11-24,WGHTQ,Q0_SKIP,0,25.15,225997.7060200108,10.941020010848234,0.0,10.941020010848234,9039.908240800432,0.0012103021092036515,CASH_SCARCITY,0
2015-11-24,CINF,Q0_SKIP,0,61.28,225997.7060200108,10.941020010848234,0.0,10.941020010848234,9039.908240800432,0.0012103021092036515,CASH_SCARCITY,0
2015-11-24,NVDA,Q0_SKIP,0,31.17,225997.7060200108,10.941020010848234,0.0,10.941020010848234,9039.908240800432,0.0012103021092036515,CASH_SCARCITY,0
2015-11-24,CUBE,Q0_SKIP,0,28.79,225997.7060200108,10.941020010848234,0.0,10.941020010848234,9039.908240800432,0.0012103021092036515,CASH_SCARCITY,0
2015-11-24,COR2,Q0_SKIP,0,58.73,225997.7060200108,10.941020010848234,0.0,10.941020010848234,9039.908240800432,0.0012103021092036515,CASH_SCARCITY,0
2015-11-24,SGI,Q0_SKIP,0,81.0,225997.7060200108,10.941020010848234,0.0,10.941020010848234,9039.908240800432,0.0012103021092036515,CASH_SCARCITY,0
2015-11-24,WP,Q0_SKIP,0,52.09,225997.7060200108,10.941020010848234,0.0,10.941020010848234,9039.908240800432,0.0012103021092036515,CASH_SCARCITY,0
2015-11-24,TTWO,Q0_SKIP,0,34.71,225997.7060200108,10.941020010848234,0.0,10.941020010848234,9039.908240800432,0.0012103021092036515,CASH_SCARCITY,0
2015-11-24,BEE,Q0_SKIP,0,14.12,225997.7060200108,10.941020010848234,0.0,10.941020010848234,9039.908240800432,0.0012103021092036515,CASH_SCARCITY,0
2015-11-24,STZ,Q0_SKIP,0,141.34,225997.7060200108,10.941020010848234,0.0,10.941020010848234,9039.908240800432,0.0012103021092036515,CASH_SCARCITY,0
2015-11-24,DMND,Q0_SKIP,0,41.23,225997.7060200108,10.941020010848234,0.0,10.941020010848234,9039.908240800432,0.0012103021092036515,CASH_SCARCITY,0
2015-11-24,ALK,Q0_SKIP,0,79.59999999999998,225997.7060200108,10.941020010848234,0.0,10.941020010848234,9039.908240800432,0.0012103021092036515,CASH_SCARCITY,0
2015-11-24,MXL,Q0_SKIP,0,16.92,225997.7060200108,10.941020010848234,0.0,10.941020010848234,9039.908240800432,0.0012103021092036515,CASH_SCARCITY,0
2015-11-24,ORI,Q0_SKIP,0,18.92,225997.7060200108,10.941020010848234,0.0,10.941020010848234,9039.908240800432,0.0012103021092036515,CASH_SCARCITY,0
2015-11-24,EXR,Q0_SKIP,0,82.43,225997.7060200108,10.941020010848234,0.0,10.941020010848234,9039.908240800432,0.0012103021092036515,CASH_SCARCITY,0
2015-11-24,DY,Q0_SKIP,0,88.56,225997.7060200108,10.941020010848234,0.0,10.941020010848234,9039.908240800432,0.0012103021092036515,CASH_SCARCITY,0
2015-11-24,ULTI1,Q0_SKIP,0,197.74,225997.7060200108,10.941020010848234,0.0,10.941020010848234,9039.908240800432,0.0012103021092036515,CASH_SCARCITY,0
2015-11-24,CHE,Q0_SKIP,0,153.07,225997.7060200108,10.941020010848234,0.0,10.941020010848234,9039.908240800432,0.0012103021092036515,CASH_SCARCITY,0
2015-11-24,MYGN,Q0_SKIP,0,44.1,225997.7060200108,10.941020010848234,0.0,10.941020010848234,9039.908240800432,0.0012103021092036515,CASH_SCARCITY,0
2015-11-24,DHI,Q0_SKIP,0,32.74,225997.7060200108,10.941020010848234,0.0,10.941020010848234,9039.908240800432,0.0012103021092036515,CASH_SCARCITY,0
2015-11-24,FNFG,PLAN,1,10.7,225997.7060200108,10.941020010848234,0.0,10.941020010848234,9039.908240800432,0.0012103021092036515,,0
2016-01-15,SWI1,PLAN,136,58.96,201871.54984001085,19963.91984001085,0.0,19963.91984001085,8074.861993600434,1.0,,0
2016-02-04,TAL,PLAN,169,47.95,202879.71460001086,41599.72460001085,0.0,41599.72460001085,8115.188584000434,1.0,,0
2016-02-19,HPY,PLAN,87,92.33,201591.61526733983,53623.57526733985,0.0,53623.57526733985,8063.664610693593,1.0,,0
2016-02-22,EDU,PLAN,254,31.77,202668.37036733984,45550.610367339854,0.0,45550.610367339854,8106.734814693594,1.0,,0
2016-02-23,HRL,PLAN,185,43.57,202764.91682733985,37539.066827339855,0.0,37539.066827339855,8110.596673093594,1.0,,0
2016-03-03,HMIN,PLAN,236,35.02,207259.44919443902,29660.639194438976,0.0,29660.639194438976,8290.37796777756,1.0,,0
2016-03-04,AWK,PLAN,121,67.87,206894.099194439,21429.999194438977,0.0,21429.999194438977,8275.76396777756,1.0,,0
2016-03-09,ATO,PLAN,116,70.91,207388.77697754226,13379.806977542257,0.0,13379.806977542257,8295.551079101691,1.0,,0
2016-03-21,QIHU,PLAN,68,75.0,214965.30213754228,5136.732137542258,0.0,5136.732137542258,8598.61208550169,0.5973908447624257,,0
2016-03-22,BKH,Q0_SKIP,0,58.66,215495.57213754227,31.632137542258533,0.0,31.632137542258533,8619.822885501691,0.0036696969256135104,CASH_SCARCITY,0
2016-03-22,OGS,Q0_SKIP,0,58.69,215495.57213754227,31.632137542258533,0.0,31.632137542258533,8619.822885501691,0.0036696969256135104,CASH_SCARCITY,0
2016-03-22,HMY,PLAN,7,3.98,215495.57213754227,31.632137542258533,0.0,31.632137542258533,8619.822885501691,0.0036696969256135104,,0
2016-05-16,AG,PLAN,784,11.23,220545.35534689928,32941.95534689932,0.0,32941.95534689932,8821.81421387597,1.0,,0
2016-05-20,B,PLAN,476,18.2,216973.01588575842,23948.765885758374,0.0,23948.765885758374,8678.920635430337,1.0,,0
2016-05-23,BKH,PLAN,148,58.19,216225.2692857584,15443.669285758375,0.0,15443.669285758375,8649.010771430336,1.0,,0
2016-06-07,CDE,PLAN,844,8.32,222169.95128575843,7034.571285758376,0.0,7034.571285758376,8886.798051430338,0.7915754634062102,,0
2016-06-20,PAAS,PLAN,2,15.02,223447.62748575836,34.74748575837657,0.0,34.74748575837657,8937.905099430334,0.0038876543632792916,,0
2016-08-29,NUVA,PLAN,140,64.81,228448.75325840784,12638.983258407856,0.0,12638.983258407856,9137.950130336314,1.0,,0
2016-09-14,EXEL,PLAN,682,13.01,222136.50007840784,13291.82981840786,0.0,13291.82981840786,8885.460003136313,1.0,,0
2016-09-30,WB,PLAN,90,50.14,225563.66812840788,4548.61812840786,0.0,4548.61812840786,9022.546725136315,0.5041390493147198,,0
2016-10-18,NTES,PLAN,33,265.57,220991.84336840786,24686.243368407857,0.0,24686.243368407857,8839.673734736314,1.0,,0
2016-10-28,NVDA,PLAN,122,70.56,216156.74982840783,15853.879828407858,0.0,15853.879828407858,8646.269993136313,1.0,,0
2016-11-03,GEN,PLAN,332,25.45,211878.14348840786,14409.17348840786,0.0,14409.17348840786,8475.125739536315,1.0,,0
2016-11-04,BRSL,PLAN,240,27.69,211906.2011684079,6679.13116840786,0.0,6679.13116840786,8476.248046736317,0.7879820330387316,,0
2016-11-07,CWEI,Q0_SKIP,0,104.34,215115.09831840784,24.633318407860315,0.0,24.633318407860315,8604.603932736314,0.002862806771865765,CASH_SCARCITY,0
2016-11-07,TTMI,PLAN,1,13.39,215115.09831840784,24.633318407860315,0.0,24.633318407860315,8604.603932736314,0.002862806771865765,,0
2016-12-01,DPZ,PLAN,52,168.7,221948.1643515364,8916.73435153641,0.0,8916.73435153641,8877.926574061456,1.0,,0
2016-12-13,FNSR,PLAN,7,31.73,227055.1025115364,223.56251153641097,0.0,223.56251153641097,9082.204100461457,0.024615446764189322,,0
2016-12-14,ODFL,Q0_SKIP,0,87.36,225520.82201153642,22.60201153641097,0.0,22.60201153641097,9020.832880461458,0.002505534891946116,CASH_SCARCITY,0
2016-12-14,EME,Q0_SKIP,0,71.32,225520.82201153642,22.60201153641097,0.0,22.60201153641097,9020.832880461458,0.002505534891946116,CASH_SCARCITY,0
2016-12-14,REN,Q0_SKIP,0,34.91,225520.82201153642,22.60201153641097,0.0,22.60201153641097,9020.832880461458,0.002505534891946116,CASH_SCARCITY,0
2016-12-14,MENT,Q0_SKIP,0,36.66,225520.82201153642,22.60201153641097,0.0,22.60201153641097,9020.832880461458,0.002505534891946116,CASH_SCARCITY,0
2016-12-14,MS,Q0_SKIP,0,42.86,225520.82201153642,22.60201153641097,0.0,22.60201153641097,9020.832880461458,0.002505534891946116,CASH_SCARCITY,0
2016-12-14,SAIC,Q0_SKIP,0,84.25,225520.82201153642,22.60201153641097,0.0,22.60201153641097,9020.832880461458,0.002505534891946116,CASH_SCARCITY,0
2016-12-14,FRANQ,PLAN,1,21.34,225520.82201153642,22.60201153641097,0.0,22.60201153641097,9020.832880461458,0.002505534891946116,,0
2017-04-26,MASI,PLAN,52,100.99,254258.6330715364,5304.133071536411,0.0,5304.133071536411,10170.345322861456,0.5215292994637548,,0
2017-05-08,WNC,PLAN,245,21.82,255880.48623153637,5363.746231536411,0.0,5363.746231536411,10235.219449261454,0.5240479950748339,,0
2017-05-09,GEO,Q0_SKIP,0,31.64,256137.2696015364,5.142981536411753,0.0,5.142981536411753,10245.490784061456,0.0005019751268931407,CASH_SCARCITY,0
2017-05-09,STM,Q0_SKIP,0,16.58,256137.2696015364,5.142981536411753,0.0,5.142981536411753,10245.490784061456,0.0005019751268931407,CASH_SCARCITY,0
2017-05-09,TER,Q0_SKIP,0,35.49,256137.2696015364,5.142981536411753,0.0,5.142981536411753,10245.490784061456,0.0005019751268931407,CASH_SCARCITY,0
2017-05-09,CGNX,Q0_SKIP,0,89.36,256137.2696015364,5.142981536411753,0.0,5.142981536411753,10245.490784061456,0.0005019751268931407,CASH_SCARCITY,0
2017-05-09,VAC,Q0_SKIP,0,114.0,256137.2696015364,5.142981536411753,0.0,5.142981536411753,10245.490784061456,0.0005019751268931407,CASH_SCARCITY,0
2017-05-09,ELV,Q0_SKIP,0,177.73,256137.2696015364,5.142981536411753,0.0,5.142981536411753,10245.490784061456,0.0005019751268931407,CASH_SCARCITY,0
2017-05-09,PNRA,Q0_SKIP,0,313.05,256137.2696015364,5.142981536411753,0.0,5.142981536411753,10245.490784061456,0.0005019751268931407,CASH_SCARCITY,0
2017-05-09,CC,Q0_SKIP,0,40.72,256137.2696015364,5.142981536411753,0.0,5.142981536411753,10245.490784061456,0.0005019751268931407,CASH_SCARCITY,0
2017-05-09,SITE,Q0_SKIP,0,49.43,256137.2696015364,5.142981536411753,0.0,5.142981536411753,10245.490784061456,0.0005019751268931407,CASH_SCARCITY,0
2017-05-09,SHOP,Q0_SKIP,0,89.15,256137.2696015364,5.142981536411753,0.0,5.142981536411753,10245.490784061456,0.0005019751268931407,CASH_SCARCITY,0
2017-05-09,RACE,Q0_SKIP,0,84.45999999999998,256137.2696015364,5.142981536411753,0.0,5.142981536411753,10245.490784061456,0.0005019751268931407,CASH_SCARCITY,0
2017-05-09,IDXX,Q0_SKIP,0,162.06,256137.2696015364,5.142981536411753,0.0,5.142981536411753,10245.490784061456,0.0005019751268931407,CASH_SCARCITY,0
2017-05-09,COHR1,Q0_SKIP,0,220.05,256137.2696015364,5.142981536411753,0.0,5.142981536411753,10245.490784061456,0.0005019751268931407,CASH_SCARCITY,0
2017-05-09,NVR,Q0_SKIP,0,2175.59,256137.2696015364,5.142981536411753,0.0,5.142981536411753,10245.490784061456,0.0005019751268931407,CASH_SCARCITY,0
2017-05-09,ENTG,Q0_SKIP,0,24.45,256137.2696015364,5.142981536411753,0.0,5.142981536411753,10245.490784061456,0.0005019751268931407,CASH_SCARCITY,0
2017-05-09,WDC,Q0_SKIP,0,88.87999999999998,256137.2696015364,5.142981536411753,0.0,5.142981536411753,10245.490784061456,0.0005019751268931407,CASH_SCARCITY,0
2017-05-09,LOPE,Q0_SKIP,0,79.28,256137.2696015364,5.142981536411753,0.0,5.142981536411753,10245.490784061456,0.0005019751268931407,CASH_SCARCITY,0
2017-05-09,MU,Q0_SKIP,0,28.81,256137.2696015364,5.142981536411753,0.0,5.142981536411753,10245.490784061456,0.0005019751268931407,CASH_SCARCITY,0
2017-05-09,APO,Q0_SKIP,0,27.17,256137.2696015364,5.142981536411753,0.0,5.142981536411753,10245.490784061456,0.0005019751268931407,CASH_SCARCITY,0
2017-05-09,CVSA,Q0_SKIP,0,39.95,256137.2696015364,5.142981536411753,0.0,5.142981536411753,10245.490784061456,0.0005019751268931407,CASH_SCARCITY,0
2017-05-09,IMMU,Q0_SKIP,0,6.86,256137.2696015364,5.142981536411753,0.0,5.142981536411753,10245.490784061456,0.0005019751268931407,CASH_SCARCITY,0
2017-05-09,PRI,Q0_SKIP,0,84.75,256137.2696015364,5.142981536411753,0.0,5.142981536411753,10245.490784061456,0.0005019751268931407,CASH_SCARCITY,0
2017-05-09,AMAT,Q0_SKIP,0,42.04,256137.2696015364,5.142981536411753,0.0,5.142981536411753,10245.490784061456,0.0005019751268931407,CASH_SCARCITY,0
2017-05-09,TSLA,Q0_SKIP,0,321.26,256137.2696015364,5.142981536411753,0.0,5.142981536411753,10245.490784061456,0.0005019751268931407,CASH_SCARCITY,0
2017-05-09,MKSI,Q0_SKIP,0,79.7,256137.2696015364,5.142981536411753,0.0,5.142981536411753,10245.490784061456,0.0005019751268931407,CASH_SCARCITY,0
2017-05-09,AEIS,Q0_SKIP,0,75.68,256137.2696015364,5.142981536411753,0.0,5.142981536411753,10245.490784061456,0.0005019751268931407,CASH_SCARCITY,0
2017-05-09,ZBRA,Q0_SKIP,0,98.45,256137.2696015364,5.142981536411753,0.0,5.142981536411753,10245.490784061456,0.0005019751268931407,CASH_SCARCITY,0
2017-05-09,SIVBQ,Q0_SKIP,0,185.965,256137.2696015364,5.142981536411753,0.0,5.142981536411753,10245.490784061456,0.0005019751268931407,CASH_SCARCITY,0
2017-05-09,PENN,Q0_SKIP,0,18.71,256137.2696015364,5.142981536411753,0.0,5.142981536411753,10245.490784061456,0.0005019751268931407,CASH_SCARCITY,0
2017-05-09,CNH,Q0_SKIP,0,10.81,256137.2696015364,5.142981536411753,0.0,5.142981536411753,10245.490784061456,0.0005019751268931407,CASH_SCARCITY,0
2017-05-09,JBL,Q0_SKIP,0,28.78,256137.2696015364,5.142981536411753,0.0,5.142981536411753,10245.490784061456,0.0005019751268931407,CASH_SCARCITY,0
2017-05-09,TWNK,Q0_SKIP,0,15.93,256137.2696015364,5.142981536411753,0.0,5.142981536411753,10245.490784061456,0.0005019751268931407,CASH_SCARCITY,0
2017-05-09,CXW,Q0_SKIP,0,33.76,256137.2696015364,5.142981536411753,0.0,5.142981536411753,10245.490784061456,0.0005019751268931407,CASH_SCARCITY,0
2017-05-09,BAC,Q0_SKIP,0,23.98,256137.2696015364,5.142981536411753,0.0,5.142981536411753,10245.490784061456,0.0005019751268931407,CASH_SCARCITY,0
2017-05-09,HUN,Q0_SKIP,0,25.12,256137.2696015364,5.142981536411753,0.0,5.142981536411753,10245.490784061456,0.0005019751268931407,CASH_SCARCITY,0
2017-05-09,AF,Q0_SKIP,0,20.42,256137.2696015364,5.142981536411753,0.0,5.142981536411753,10245.490784061456,0.0005019751268931407,CASH_SCARCITY,0
2017-05-09,HWM,Q0_SKIP,0,27.26,256137.2696015364,5.142981536411753,0.0,5.142981536411753,10245.490784061456,0.0005019751268931407,CASH_SCARCITY,0
2017-05-09,PLAY,Q0_SKIP,0,66.69,256137.2696015364,5.142981536411753,0.0,5.142981536411753,10245.490784061456,0.0005019751268931407,CASH_SCARCITY,0
2017-05-09,JAZZ,Q0_SKIP,0,158.35,256137.2696015364,5.142981536411753,0.0,5.142981536411753,10245.490784061456,0.0005019751268931407,CASH_SCARCITY,0
2017-05-09,ANET,Q0_SKIP,0,144.93,256137.2696015364,5.142981536411753,0.0,5.142981536411753,10245.490784061456,0.0005019751268931407,CASH_SCARCITY,0
2017-05-09,ADNT,Q0_SKIP,0,71.44,256137.2696015364,5.142981536411753,0.0,5.142981536411753,10245.490784061456,0.0005019751268931407,CASH_SCARCITY,0
2017-05-09,VC,Q0_SKIP,0,102.23,256137.2696015364,5.142981536411753,0.0,5.142981536411753,10245.490784061456,0.0005019751268931407,CASH_SCARCITY,0
2017-05-09,BLUE,Q0_SKIP,0,88.95,256137.2696015364,5.142981536411753,0.0,5.142981536411753,10245.490784061456,0.0005019751268931407,CASH_SCARCITY,0
2017-05-09,VEEV,Q0_SKIP,0,55.05,256137.2696015364,5.142981536411753,0.0,5.142981536411753,10245.490784061456,0.0005019751268931407,CASH_SCARCITY,0
2017-05-09,CSX,Q0_SKIP,0,51.81,256137.2696015364,5.142981536411753,0.0,5.142981536411753,10245.490784061456,0.0005019751268931407,CASH_SCARCITY,0
2017-05-09,VIAV,Q0_SKIP,0,11.54,256137.2696015364,5.142981536411753,0.0,5.142981536411753,10245.490784061456,0.0005019751268931407,CASH_SCARCITY,0
2017-05-09,HWC,Q0_SKIP,0,47.55,256137.2696015364,5.142981536411753,0.0,5.142981536411753,10245.490784061456,0.0005019751268931407,CASH_SCARCITY,0
2017-05-09,TREE,Q0_SKIP,0,146.55,256137.2696015364,5.142981536411753,0.0,5.142981536411753,10245.490784061456,0.0005019751268931407,CASH_SCARCITY,0
2017-05-09,INVN2,Q0_SKIP,0,12.88,256137.2696015364,5.142981536411753,0.0,5.142981536411753,10245.490784061456,0.0005019751268931407,CASH_SCARCITY,0
2017-05-09,DK,Q0_SKIP,0,24.76,256137.2696015364,5.142981536411753,0.0,5.142981536411753,10245.490784061456,0.0005019751268931407,CASH_SCARCITY,0
2017-05-09,WOOF1,Q0_SKIP,0,91.93,256137.2696015364,5.142981536411753,0.0,5.142981536411753,10245.490784061456,0.0005019751268931407,CASH_SCARCITY,0
2017-05-09,PTLA,Q0_SKIP,0,42.08,256137.2696015364,5.142981536411753,0.0,5.142981536411753,10245.490784061456,0.0005019751268931407,CASH_SCARCITY,0
2017-05-09,KLXI,Q0_SKIP,0,47.59,256137.2696015364,5.142981536411753,0.0,5.142981536411753,10245.490784061456,0.0005019751268931407,CASH_SCARCITY,0
2017-05-09,CZR2,Q0_SKIP,0,10.85,256137.2696015364,5.142981536411753,0.0,5.142981536411753,10245.490784061456,0.0005019751268931407,CASH_SCARCITY,0
2017-05-09,BCO,Q0_SKIP,0,62.35,256137.2696015364,5.142981536411753,0.0,5.142981536411753,10245.490784061456,0.0005019751268931407,CASH_SCARCITY,0
2017-05-09,AAOI,Q0_SKIP,0,62.11,256137.2696015364,5.142981536411753,0.0,5.142981536411753,10245.490784061456,0.0005019751268931407,CASH_SCARCITY,0
2017-05-09,STLA,Q0_SKIP,0,11.0,256137.2696015364,5.142981536411753,0.0,5.142981536411753,10245.490784061456,0.0005019751268931407,CASH_SCARCITY,0
2017-05-09,PLCE,Q0_SKIP,0,117.5,256137.2696015364,5.142981536411753,0.0,5.142981536411753,10245.490784061456,0.0005019751268931407,CASH_SCARCITY,0
2017-05-09,BANC,Q0_SKIP,0,20.9,256137.2696015364,5.142981536411753,0.0,5.142981536411753,10245.490784061456,0.0005019751268931407,CASH_SCARCITY,0
2017-05-09,OLED,Q0_SKIP,0,113.8,256137.2696015364,5.142981536411753,0.0,5.142981536411753,10245.490784061456,0.0005019751268931407,CASH_SCARCITY,0
2017-05-09,EXEL,Q0_SKIP,0,21.84,256137.2696015364,5.142981536411753,0.0,5.142981536411753,10245.490784061456,0.0005019751268931407,CASH_SCARCITY,0
2017-05-09,TEX,Q0_SKIP,0,32.96,256137.2696015364,5.142981536411753,0.0,5.142981536411753,10245.490784061456,0.0005019751268931407,CASH_SCARCITY,0
2017-05-09,VRTX,Q0_SKIP,0,116.63,256137.2696015364,5.142981536411753,0.0,5.142981536411753,10245.490784061456,0.0005019751268931407,CASH_SCARCITY,0
2017-05-09,AUPH,Q0_SKIP,0,7.15,256137.2696015364,5.142981536411753,0.0,5.142981536411753,10245.490784061456,0.0005019751268931407,CASH_SCARCITY,0
2017-05-09,KCG,Q0_SKIP,0,19.87,256137.2696015364,5.142981536411753,0.0,5.142981536411753,10245.490784061456,0.0005019751268931407,CASH_SCARCITY,0
2017-05-09,AKRXQ,Q0_SKIP,0,33.27,256137.2696015364,5.142981536411753,0.0,5.142981536411753,10245.490784061456,0.0005019751268931407,CASH_SCARCITY,0
2017-05-09,RH,Q0_SKIP,0,58.42,256137.2696015364,5.142981536411753,0.0,5.142981536411753,10245.490784061456,0.0005019751268931407,CASH_SCARCITY,0
2017-05-09,STRP,Q0_SKIP,0,230.68,256137.2696015364,5.142981536411753,0.0,5.142981536411753,10245.490784061456,0.0005019751268931407,CASH_SCARCITY,0
2017-05-09,PCRX,Q0_SKIP,0,48.8,256137.2696015364,5.142981536411753,0.0,5.142981536411753,10245.490784061456,0.0005019751268931407,CASH_SCARCITY,0
2017-05-09,LITE,Q0_SKIP,0,51.35,256137.2696015364,5.142981536411753,0.0,5.142981536411753,10245.490784061456,0.0005019751268931407,CASH_SCARCITY,0
2017-05-09,EXAS,Q0_SKIP,0,34.87,256137.2696015364,5.142981536411753,0.0,5.142981536411753,10245.490784061456,0.0005019751268931407,CASH_SCARCITY,0
2017-05-09,ALNY,Q0_SKIP,0,54.02,256137.2696015364,5.142981536411753,0.0,5.142981536411753,10245.490784061456,0.0005019751268931407,CASH_SCARCITY,0
2017-05-09,MOMO,Q0_SKIP,0,38.58,256137.2696015364,5.142981536411753,0.0,5.142981536411753,10245.490784061456,0.0005019751268931407,CASH_SCARCITY,0
2017-05-09,WGHTQ,Q0_SKIP,0,23.04,256137.2696015364,5.142981536411753,0.0,5.142981536411753,10245.490784061456,0.0005019751268931407,CASH_SCARCITY,0
2017-05-09,CYH,Q0_SKIP,0,9.8,256137.2696015364,5.142981536411753,0.0,5.142981536411753,10245.490784061456,0.0005019751268931407,CASH_SCARCITY,0
2017-05-09,IONS,Q0_SKIP,0,46.8,256137.2696015364,5.142981536411753,0.0,5.142981536411753,10245.490784061456,0.0005019751268931407,CASH_SCARCITY,0
2017-05-09,PLUG,PLAN,2,2.09,256137.2696015364,5.142981536411753,0.0,5.142981536411753,10245.490784061456,0.0005019751268931407,,0
2017-06-14,RACE,PLAN,118,88.42,262758.11506153643,13439.37506153641,0.0,13439.37506153641,10510.324602461458,1.0,,0
2017-07-14,ISRG,PLAN,11,951.75,264503.09828419844,34193.92828419842,0.0,34193.92828419842,10580.123931367938,1.0,,0
2017-07-31,FIZZ,PLAN,103,102.12,264248.72291095636,23730.952910956417,0.0,23730.952910956417,10569.948916438254,1.0,,0
2017-08-04,WGHTQ,PLAN,256,41.39,265656.06745095644,13129.902450956419,0.0,13129.902450956419,10626.242698038257,1.0,,0
2017-09-06,SAFM,PLAN,19,150.42,273170.24602733547,2982.5560273354554,0.0,2982.5560273354554,10926.809841093418,0.27295762173133953,,0
2017-10-19,PYPL,PLAN,171,67.25,287893.0845573354,12215.584557335455,0.0,12215.584557335455,11515.723382293418,1.0,,0
2017-11-15,IBKR,PLAN,1,54.08,282807.19212733547,107.83212733545587,0.0,107.83212733545587,11312.287685093419,0.009532300657235749,,0
2018-02-14,EC,PLAN,43,17.38,307896.91361380834,755.7936138084265,0.0,755.7936138084265,12315.876544552333,0.06136742367255506,,0
2018-02-27,NKTR,PLAN,27,90.04999999999998,310857.5662288193,2497.5362288191836,0.0,2497.5362288191836,12434.302649152773,0.20085856837249788,,0
2018-03-26,GMED,PLAN,185,50.5,307494.4335671962,9353.773567196184,0.0,9353.773567196184,12299.777342687848,0.7604831621408945,,0
2018-04-19,ABMD,Q0_SKIP,0,306.45,309043.7504171962,160.06041719618293,0.0,160.06041719618293,12361.750016687847,0.012948038666055213,CASH_SCARCITY,0
2018-04-19,FCFS,PLAN,1,84.0,309043.7504171962,160.06041719618293,0.0,160.06041719618293,12361.750016687847,0.012948038666055213,,0
2018-05-24,HLF,PLAN,240,53.86,324731.318890861,15850.028890861062,0.0,15850.028890861062,12989.252755634441,1.0,,0
2018-06-13,ABMD,PLAN,12,433.07,334333.7322411311,5559.832241131064,0.0,5559.832241131064,13373.349289645243,0.41573970145503847,,0
2018-07-05,WWE,PLAN,5,75.37,325889.6749611311,379.30496113106494,0.0,379.30496113106494,13035.586998445246,0.029097651005382776,,0
2018-08-29,TNDM,PLAN,316,40.93,324687.14961826976,68261.99896113106,0.0,68261.99896113106,12987.48598473079,1.0,,0
2018-09-04,AMED,PLAN,104,124.88,325511.4756182698,55327.22561826981,0.0,55327.22561826981,13020.459024730793,1.0,,0
2018-09-12,FNKO,PLAN,528,24.55,324448.7496582698,60789.92965826981,0.0,60789.92965826981,12977.949986330792,1.0,,0
2018-09-17,EPAY,PLAN,190,66.77,318422.9151782698,48181.90517826981,0.0,48181.90517826981,12736.916607130792,1.0,,0
2018-10-05,WCG,PLAN,39,315.44,313304.4485732648,47026.148573264814,0.0,47026.148573264814,12532.177942930593,1.0,,0
2018-10-29,REGI,PLAN,387,29.39,284793.8762432648,58805.946243264814,0.0,58805.946243264814,11391.755049730593,1.0,,0
2018-11-01,RGEN,PLAN,184,63.55,294002.31345326477,47769.60345326481,0.0,47769.60345326481,11760.092538130591,1.0,,0
2018-11-08,TJX,PLAN,215,55.54,299708.5268132648,35851.05681326481,0.0,35851.05681326481,11988.341072530593,1.0,,0
2018-11-26,MKC,PLAN,78,144.74,282673.7926532648,47095.872653264814,0.0,47095.872653264814,11306.951706130594,1.0,,0
2018-11-29,CABO,PLAN,13,885.9299999999998,289547.8474132648,35844.63741326481,0.0,35844.63741326481,11581.913896530592,1.0,,0
2018-12-13,MZTI,PLAN,60,186.26,282866.0308232648,24363.790823264815,0.0,24363.790823264815,11314.641232930591,1.0,,0
2018-12-18,HELE,PLAN,80,136.49,273595.1044632648,25243.124463264816,0.0,25243.124463264816,10943.804178530592,1.0,,0
2018-12-24,IDTI,PLAN,211,48.21,255662.03286326482,14310.602863264816,0.0,14310.602863264816,10226.481314530592,1.0,,0
2018-12-26,ESL,PLAN,87,121.29,266707.3664232648,12796.676423264817,0.0,12796.676423264817,10668.294656930591,1.0,,0
2019-01-16,TRCO,PLAN,206,45.86,276052.1365832648,9484.426583264818,0.0,9484.426583264818,11042.085463330592,0.8589343575324999,,0
2019-01-28,AU,PLAN,12,13.54,276908.43766326486,174.0476632648192,0.0,174.0476632648192,11076.337506530595,0.015713466943581385,,0
2019-02-04,BEL,Q0_SKIP,0,24.99,283941.2227832648,9.002783264819215,0.0,9.002783264819215,11357.648911330592,0.000792662577889503,CASH_SCARCITY,0
2019-02-04,ARRS,Q0_SKIP,0,31.53,283941.2227832648,9.002783264819215,0.0,9.002783264819215,11357.648911330592,0.000792662577889503,CASH_SCARCITY,0
2019-02-04,SBS,Q0_SKIP,0,11.77,283941.2227832648,9.002783264819215,0.0,9.002783264819215,11357.648911330592,0.000792662577889503,CASH_SCARCITY,0
2019-02-04,SBUX,Q0_SKIP,0,67.58,283941.2227832648,9.002783264819215,0.0,9.002783264819215,11357.648911330592,0.000792662577889503,CASH_SCARCITY,0
2019-02-04,CROX,Q0_SKIP,0,27.6,283941.2227832648,9.002783264819215,0.0,9.002783264819215,11357.648911330592,0.000792662577889503,CASH_SCARCITY,0
2019-02-04,TDS,Q0_SKIP,0,36.25,283941.2227832648,9.002783264819215,0.0,9.002783264819215,11357.648911330592,0.000792662577889503,CASH_SCARCITY,0
2019-02-04,CIEN,Q0_SKIP,0,37.98,283941.2227832648,9.002783264819215,0.0,9.002783264819215,11357.648911330592,0.000792662577889503,CASH_SCARCITY,0
2019-02-04,MRK,Q0_SKIP,0,76.87,283941.2227832648,9.002783264819215,0.0,9.002783264819215,11357.648911330592,0.000792662577889503,CASH_SCARCITY,0
2019-02-04,AMRN,Q0_SKIP,0,16.41,283941.2227832648,9.002783264819215,0.0,9.002783264819215,11357.648911330592,0.000792662577889503,CASH_SCARCITY,0
2019-02-04,TLRY,Q0_SKIP,0,83.06999999999998,283941.2227832648,9.002783264819215,0.0,9.002783264819215,11357.648911330592,0.000792662577889503,CASH_SCARCITY,0
2019-02-04,HRL,Q0_SKIP,0,42.04,283941.2227832648,9.002783264819215,0.0,9.002783264819215,11357.648911330592,0.000792662577889503,CASH_SCARCITY,0
2019-02-04,NRG,Q0_SKIP,0,41.04,283941.2227832648,9.002783264819215,0.0,9.002783264819215,11357.648911330592,0.000792662577889503,CASH_SCARCITY,0
2019-02-04,TRI,Q0_SKIP,0,52.73,283941.2227832648,9.002783264819215,0.0,9.002783264819215,11357.648911330592,0.000792662577889503,CASH_SCARCITY,0
2019-02-04,EHTH,Q0_SKIP,0,63.45,283941.2227832648,9.002783264819215,0.0,9.002783264819215,11357.648911330592,0.000792662577889503,CASH_SCARCITY,0
2019-02-04,CME,Q0_SKIP,0,181.54,283941.2227832648,9.002783264819215,0.0,9.002783264819215,11357.648911330592,0.000792662577889503,CASH_SCARCITY,0
2019-02-04,AZO,Q0_SKIP,0,869.44,283941.2227832648,9.002783264819215,0.0,9.002783264819215,11357.648911330592,0.000792662577889503,CASH_SCARCITY,0
2019-02-04,COLD,Q0_SKIP,0,29.06,283941.2227832648,9.002783264819215,0.0,9.002783264819215,11357.648911330592,0.000792662577889503,CASH_SCARCITY,0
2019-02-04,OHI,Q0_SKIP,0,39.54,283941.2227832648,9.002783264819215,0.0,9.002783264819215,11357.648911330592,0.000792662577889503,CASH_SCARCITY,0
2019-02-04,BBD,Q0_SKIP,0,12.39,283941.2227832648,9.002783264819215,0.0,9.002783264819215,11357.648911330592,0.000792662577889503,CASH_SCARCITY,0
2019-02-04,DNB3,Q0_SKIP,0,144.95,283941.2227832648,9.002783264819215,0.0,9.002783264819215,11357.648911330592,0.000792662577889503,CASH_SCARCITY,0
2019-02-04,CCEP,Q0_SKIP,0,48.06,283941.2227832648,9.002783264819215,0.0,9.002783264819215,11357.648911330592,0.000792662577889503,CASH_SCARCITY,0
2019-02-04,CRON,Q0_SKIP,0,23.25,283941.2227832648,9.002783264819215,0.0,9.002783264819215,11357.648911330592,0.000792662577889503,CASH_SCARCITY,0
2019-02-04,CDNA,Q0_SKIP,0,27.17,283941.2227832648,9.002783264819215,0.0,9.002783264819215,11357.648911330592,0.000792662577889503,CASH_SCARCITY,0
2019-02-04,BRC,Q0_SKIP,0,44.52,283941.2227832648,9.002783264819215,0.0,9.002783264819215,11357.648911330592,0.000792662577889503,CASH_SCARCITY,0
2019-02-04,YUM,Q0_SKIP,0,94.65,283941.2227832648,9.002783264819215,0.0,9.002783264819215,11357.648911330592,0.000792662577889503,CASH_SCARCITY,0
2019-02-04,SAVEQ,Q0_SKIP,0,62.78,283941.2227832648,9.002783264819215,0.0,9.002783264819215,11357.648911330592,0.000792662577889503,CASH_SCARCITY,0
2019-02-04,ITUB,Q0_SKIP,0,10.78,283941.2227832648,9.002783264819215,0.0,9.002783264819215,11357.648911330592,0.000792662577889503,CASH_SCARCITY,0
2019-02-04,CHD,Q0_SKIP,0,65.37,283941.2227832648,9.002783264819215,0.0,9.002783264819215,11357.648911330592,0.000792662577889503,CASH_SCARCITY,0
2019-02-04,LLY,Q0_SKIP,0,120.17,283941.2227832648,9.002783264819215,0.0,9.002783264819215,11357.648911330592,0.000792662577889503,CASH_SCARCITY,0
2019-02-04,MPT,Q0_SKIP,0,17.97,283941.2227832648,9.002783264819215,0.0,9.002783264819215,11357.648911330592,0.000792662577889503,CASH_SCARCITY,0
2019-02-04,FN,Q0_SKIP,0,57.0,283941.2227832648,9.002783264819215,0.0,9.002783264819215,11357.648911330592,0.000792662577889503,CASH_SCARCITY,0
2019-02-04,CASY,Q0_SKIP,0,129.16,283941.2227832648,9.002783264819215,0.0,9.002783264819215,11357.648911330592,0.000792662577889503,CASH_SCARCITY,0
2019-02-04,O,Q0_SKIP,0,68.83,283941.2227832648,9.002783264819215,0.0,9.002783264819215,11357.648911330592,0.000792662577889503,CASH_SCARCITY,0
2019-02-04,B,Q0_SKIP,0,13.35,283941.2227832648,9.002783264819215,0.0,9.002783264819215,11357.648911330592,0.000792662577889503,CASH_SCARCITY,0
2019-02-04,PG,Q0_SKIP,0,98.03,283941.2227832648,9.002783264819215,0.0,9.002783264819215,11357.648911330592,0.000792662577889503,CASH_SCARCITY,0
2019-02-04,NBEVQ,PLAN,1,7.26,283941.2227832648,9.002783264819215,0.0,9.002783264819215,11357.648911330592,0.000792662577889503,,0
2019-03-29,ERIE,PLAN,64,178.52,289346.99168537103,23604.271685371048,0.0,23604.271685371048,11573.879667414842,1.0,,0
2019-04-12,IONS,PLAN,138,84.61,293084.40490537114,31058.054905371057,0.0,31058.054905371057,11723.376196214846,1.0,,0
2019-04-26,SEE,PLAN,255,46.43,296585.026985371,19476.406985371057,0.0,19476.406985371057,11863.401079414842,1.0,,0
2019-05-03,ENPH,PLAN,549,13.83,297385.30458537105,7612.1545853710595,0.0,7612.1545853710595,11895.412183414843,0.6399235661614393,,0
2019-05-14,ZNGA,PLAN,1931,6.01,290440.39168537105,11843.54168537106,0.0,11843.54168537106,11617.615667414842,1.0,,0
2019-06-06,AVLR,PLAN,149,72.75,300894.93268583383,10909.462685833787,0.0,10909.462685833787,12035.797307433353,0.9064179469935126,,0
2019-06-26,SHOP,PLAN,41,289.03,301800.6950658338,19951.595065833786,0.0,19951.595065833786,12072.027802633353,1.0,,0
2019-07-10,AWI,PLAN,82,97.95,316754.6245658338,8131.244565833788,0.0,8131.244565833788,12670.184982633351,0.6417621034719734,,0
2019-07-15,PRO,Q0_SKIP,0,68.04,320176.7249458338,53.554945833789134,0.0,53.554945833789134,12807.068997833352,0.004181670750961781,CASH_SCARCITY,0
2019-07-15,APD,Q0_SKIP,0,227.66,320176.7249458338,53.554945833789134,0.0,53.554945833789134,12807.068997833352,0.004181670750961781,CASH_SCARCITY,0
2019-07-15,HEI,Q0_SKIP,0,135.73,320176.7249458338,53.554945833789134,0.0,53.554945833789134,12807.068997833352,0.004181670750961781,CASH_SCARCITY,0
2019-07-15,BAH,Q0_SKIP,0,68.73,320176.7249458338,53.554945833789134,0.0,53.554945833789134,12807.068997833352,0.004181670750961781,CASH_SCARCITY,0
2019-07-15,EEFT,Q0_SKIP,0,167.14,320176.7249458338,53.554945833789134,0.0,53.554945833789134,12807.068997833352,0.004181670750961781,CASH_SCARCITY,0
2019-07-15,CDNS,Q0_SKIP,0,75.2,320176.7249458338,53.554945833789134,0.0,53.554945833789134,12807.068997833352,0.004181670750961781,CASH_SCARCITY,0
2019-07-15,HEI.A,Q0_SKIP,0,105.94,320176.7249458338,53.554945833789134,0.0,53.554945833789134,12807.068997833352,0.004181670750961781,CASH_SCARCITY,0
2019-07-15,CPRT,Q0_SKIP,0,77.5,320176.7249458338,53.554945833789134,0.0,53.554945833789134,12807.068997833352,0.004181670750961781,CASH_SCARCITY,0
2019-07-15,FICO,Q0_SKIP,0,344.64,320176.7249458338,53.554945833789134,0.0,53.554945833789134,12807.068997833352,0.004181670750961781,CASH_SCARCITY,0
2019-07-15,MKTX,Q0_SKIP,0,360.79,320176.7249458338,53.554945833789134,0.0,53.554945833789134,12807.068997833352,0.004181670750961781,CASH_SCARCITY,0
2019-07-15,MSCI,Q0_SKIP,0,245.2,320176.7249458338,53.554945833789134,0.0,53.554945833789134,12807.068997833352,0.004181670750961781,CASH_SCARCITY,0
2019-07-15,GPN,Q0_SKIP,0,165.94,320176.7249458338,53.554945833789134,0.0,53.554945833789134,12807.068997833352,0.004181670750961781,CASH_SCARCITY,0
2019-07-15,WP,Q0_SKIP,0,131.8,320176.7249458338,53.554945833789134,0.0,53.554945833789134,12807.068997833352,0.004181670750961781,CASH_SCARCITY,0
2019-07-15,BLD,Q0_SKIP,0,82.81,320176.7249458338,53.554945833789134,0.0,53.554945833789134,12807.068997833352,0.004181670750961781,CASH_SCARCITY,0
2019-07-15,MDCO,PLAN,1,36.63,320176.7249458338,53.554945833789134,0.0,53.554945833789134,12807.068997833352,0.004181670750961781,,0
2019-10-09,HSY,PLAN,79,156.47,313114.9750858338,42887.450085833785,0.0,42887.450085833785,12524.599003433352,1.0,,0
2019-10-29,AWR,PLAN,134,93.81,316489.11073583376,41216.950735833794,0.0,41216.950735833794,12659.56442943335,1.0,,0
2019-10-31,AQN,PLAN,925,13.72,317639.35689583386,28640.546895833795,0.0,28640.546895833795,12705.574275833354,1.0,,0
2019-11-01,ETR,PLAN,106,119.66,320109.4258958339,15936.855895833796,0.0,15936.855895833796,12804.377035833355,1.0,,0
2019-11-15,RH,PLAN,18,188.47,322465.07605586015,3517.816055860185,0.0,3517.816055860185,12898.603042234407,0.2727284531775775,,0
2020-01-31,SYNA,PLAN,130,66.69,343652.2776758602,8679.657675860184,0.0,8679.657675860184,13746.091107034408,0.6314273351075396,,0
2020-02-19,AAPL,Q0_SKIP,0,323.62,368074.8440758602,266.62407586018446,0.0,266.62407586018446,14722.993763034408,0.01810936553743627,CASH_SCARCITY,0
2020-02-19,SEM,PLAN,10,25.91,368074.8440758602,266.62407586018446,0.0,266.62407586018446,14722.993763034408,0.01810936553743627,,0
2020-04-06,REGN,PLAN,21,504.27,272630.9810733571,223347.19107335716,0.0,223347.19107335716,10905.239242934285,1.0,,0
2020-04-08,BILI,PLAN,415,26.2,272263.8920633571,212777.62206335715,0.0,212777.62206335715,10890.555682534285,1.0,,0
2020-04-14,TDOC,PLAN,69,157.33,275508.93431335717,201208.31431335714,0.0,201208.31431335714,11020.357372534287,1.0,,0
2020-04-15,FIT,PLAN,1631,6.76,276072.39290335716,190095.80290335714,0.0,190095.80290335714,11042.895716134286,1.0,,0
2020-04-16,CCOI,PLAN,122,90.75,278511.9162733571,179108.19627335714,0.0,179108.19627335714,11140.476650934284,1.0,,0
2020-04-17,ZM,PLAN,74,150.06,278638.03327335714,167934.03327335714,0.0,167934.03327335714,11145.521330934285,1.0,,0
2020-04-20,CODX,PLAN,765,14.58,279486.18907335715,156578.48907335714,0.0,156578.48907335714,11179.447562934287,1.0,,0
2020-04-21,AXSM,PLAN,166,66.37,276217.68897335714,145597.41897335713,0.0,145597.41897335713,11048.707558934286,1.0,,0
2020-04-22,EVBG,PLAN,92,122.05,281280.9652733571,134472.60527335713,0.0,134472.60527335713,11251.238610934284,1.0,,0
2020-04-23,EHTH,PLAN,89,126.25,282159.6109533572,123287.11095335713,0.0,123287.11095335713,11286.384438134288,1.0,,0
2020-04-24,SE,PLAN,207,54.39,282351.69034335716,112285.51034335713,0.0,112285.51034335713,11294.067613734287,1.0,,0
2020-04-27,DXCM,PLAN,34,335.05,285242.60012335714,100793.81012335714,0.0,100793.81012335714,11409.704004934287,1.0,,0
2020-04-28,XLRN,PLAN,118,94.36000000000001,279808.2651206992,89392.07512069914,0.0,89392.07512069914,11192.330604827968,1.0,,0
2020-04-29,QDEL,PLAN,80,139.7,279969.99936069915,78014.94936069915,0.0,78014.94936069915,11198.799974427966,1.0,,0
2020-04-30,VXRT,PLAN,4077,2.7,275507.20496069913,66949.49496069914,0.0,66949.49496069914,11020.288198427965,1.0,,0
2020-05-01,AUPH,PLAN,696,15.69,273504.84551069915,55318.42551069915,0.0,55318.42551069915,10940.193820427967,1.0,,0
2020-05-04,CCXI1,PLAN,204,54.54,278826.86527069914,44387.26527069915,0.0,44387.26527069915,11153.074610827965,1.0,,0
2020-05-05,GOTU,PLAN,284,39.68,282309.7052706991,33156.04527069915,0.0,33156.04527069915,11292.388210827965,1.0,,0
2020-05-06,ARVN,PLAN,218,52.7,288805.3629106991,21702.242910699148,0.0,21702.242910699148,11552.214516427965,1.0,,0
2020-05-07,LMNX1,PLAN,258,38.83,292238.9995306991,10047.219530699147,0.0,10047.219530699147,11689.559981227965,0.8595036551276335,,0
2020-05-08,NVAX,PLAN,69,18.73,294204.25623069925,1305.186230699146,0.0,1305.186230699146,11768.170249227971,0.11090817034914756,,0
2020-05-11,BAND,Q0_SKIP,0,109.9,307650.2685806991,16.248580699146487,0.0,16.248580699146487,12306.010743227964,0.0013203775811822798,CASH_SCARCITY,0
2020-05-11,VIRT,Q0_SKIP,0,24.34,307650.2685806991,16.248580699146487,0.0,16.248580699146487,12306.010743227964,0.0013203775811822798,CASH_SCARCITY,0
2020-05-11,NEM,Q0_SKIP,0,62.95,307650.2685806991,16.248580699146487,0.0,16.248580699146487,12306.010743227964,0.0013203775811822798,CASH_SCARCITY,0
2020-05-11,PRNB,Q0_SKIP,0,66.61,307650.2685806991,16.248580699146487,0.0,16.248580699146487,12306.010743227964,0.0013203775811822798,CASH_SCARCITY,0
2020-05-11,RCUS,Q0_SKIP,0,30.45,307650.2685806991,16.248580699146487,0.0,16.248580699146487,12306.010743227964,0.0013203775811822798,CASH_SCARCITY,0
2020-05-11,MASI,Q0_SKIP,0,250.39,307650.2685806991,16.248580699146487,0.0,16.248580699146487,12306.010743227964,0.0013203775811822798,CASH_SCARCITY,0
2020-05-11,INSG,PLAN,1,11.19,307650.2685806991,16.248580699146487,0.0,16.248580699146487,12306.010743227964,0.0013203775811822798,,0
2020-06-23,DKNG,PLAN,336,37.99,319492.11803069914,27279.17303069915,0.0,27279.17303069915,12779.684721227966,1.0,,0
2020-06-30,FVRR,PLAN,185,73.81999999999998,342898.7685406991,22660.35854069915,0.0,22660.35854069915,13715.950741627965,1.0,,0
2020-07-08,DOCU,PLAN,42,206.35,357386.7615906992,8869.631590699155,0.0,8869.631590699155,14295.470463627968,0.620450485576267,,0
2020-07-29,WKHS,PLAN,915,16.15,369904.969990699,46213.48999069916,0.0,46213.48999069916,14796.198799627962,1.0,,0
2020-08-26,LVGO,PLAN,113,135.19,384897.22664069914,40084.35664069917,0.0,40084.35664069917,15395.889065627965,1.0,,0
2020-09-14,APPS,PLAN,609,25.31,385989.2018206991,56397.321820699166,0.0,56397.321820699166,15439.568072827964,1.0,,0
2020-09-29,AGNT,PLAN,390,42.05,411343.2192906991,48224.96929069916,0.0,48224.96929069916,16453.728771627964,1.0,,0
2020-09-30,RUN,PLAN,212,77.06999999999998,410093.8314906992,31820.781490699163,0.0,31820.781490699163,16403.753259627967,1.0,,0
2020-10-07,SAIL1,PLAN,323,46.26,429197.72551069915,14967.965510699163,0.0,14967.965510699163,17167.909020427967,0.8718572245978757,,0
2020-10-08,NIO,PLAN,1,21.44,423185.2235106991,41.05351069916469,0.0,41.05351069916469,16927.408940427966,0.002425268441475176,,0
2020-10-20,ALTO,PLAN,1402,10.635,424455.8534106992,14932.963410699163,0.0,14932.963410699163,16978.234136427967,0.8795357214835119,,0
2020-11-17,FDX,PLAN,55,285.05,392904.74845013325,173200.20845013316,0.0,173200.20845013316,15716.189938005331,1.0,,0
2020-11-19,PACB,PLAN,1028,15.35,395264.2949501332,157470.99495013314,0.0,157470.99495013314,15810.571798005329,1.0,,0
2020-11-20,DAR,PLAN,337,47.52,401886.0751501331,141675.41515013314,0.0,141675.41515013314,16075.443006005326,1.0,,0
2020-11-23,SNAP,PLAN,355,45.26,402605.41285013314,125516.97285013314,0.0,125516.97285013314,16104.216514005326,1.0,,0
2020-11-25,AGNT,PLAN,307,51.98,400338.11485013313,109312.78485013315,0.0,109312.78485013315,16013.524594005326,1.0,,0
2020-11-27,GNRC,PLAN,73,221.4,407830.0982301332,93129.99823013315,0.0,93129.99823013315,16313.203929205327,1.0,,0
2020-11-30,LOB,PLAN,394,41.12,405617.2760301331,76951.63603013314,0.0,76951.63603013314,16224.691041205326,1.0,,0
2020-12-01,MRTX,PLAN,69,234.36,406423.49775013316,60536.95775013315,0.0,60536.95775013315,16256.939910005327,1.0,,0
2020-12-02,FRHC,PLAN,414,39.35,407695.0400901331,44503.28009013315,0.0,44503.28009013315,16307.801603605323,1.0,,0
2020-12-03,LPRO,PLAN,610,27.05,412949.5179901332,27864.557990133155,0.0,27864.557990133155,16517.98071960533,1.0,,0
2020-12-11,PWR,PLAN,157,72.06999999999998,435237.62409013306,11384.194090133158,0.0,11384.194090133158,17409.504963605323,0.6539068235387443,,0
2020-12-14,SWAV,Q0_SKIP,0,93.38,437766.2539801332,68.4939801331584,0.0,68.4939801331584,17510.65015920533,0.003911561221908782,CASH_SCARCITY,0
2020-12-14,KURA,PLAN,1,41.34,437766.2539801332,68.4939801331584,0.0,68.4939801331584,17510.65015920533,0.003911561221908782,,0
2020-12-15,SWAV,Q0_SKIP,0,97.91,439547.11313013313,68.1631301331584,0.0,68.1631301331584,17581.884525205325,0.003876895564604579,CASH_SCARCITY,0
2020-12-15,PLUG,PLAN,2,28.47,439547.11313013313,68.1631301331584,0.0,68.1631301331584,17581.884525205325,0.003876895564604579,,0
2021-03-01,SICPQ,PLAN,155,147.7,573418.0041901332,57708.66419013316,0.0,57708.66419013316,22936.720167605326,1.0,,0
2021-03-22,CTRN,PLAN,231,89.65999999999998,519710.6627181332,151830.00271813318,0.0,151830.00271813318,20788.426508725326,1.0,,0
2021-03-24,TPR,PLAN,485,40.64,493534.6716481333,131488.6116481332,0.0,131488.6116481332,19741.38686592533,1.0,,0
2021-03-26,WAL,PLAN,210,96.1,505711.8901981332,112277.9701981332,0.0,112277.9701981332,20228.475607925327,1.0,,0
2021-03-29,ATKR,PLAN,289,68.49,495595.46118813317,103683.24118813321,0.0,103683.24118813321,19823.818447525326,1.0,,0
2021-04-01,DEN,PLAN,412,50.87,525466.7839981331,83806.19399813321,0.0,83806.19399813321,21018.671359925327,1.0,,0
2021-04-05,SM,PLAN,1220,17.26,527383.7755181333,62756.685518133214,0.0,62756.685518133214,21095.35102072533,1.0,,0
2021-04-06,TPL,PLAN,13,1595.49,534194.8189181333,41358.118918133216,0.0,41358.118918133216,21367.792756725332,1.0,,0
2021-04-08,DBRG,PLAN,3029,6.76,532055.9431694451,20502.22316944522,0.0,20502.22316944522,21282.237726777807,0.9633490346576125,,0
2021-04-28,DAC,PLAN,337,54.75,549048.1227094453,18505.102709445226,0.0,18505.102709445226,21961.924908377812,0.842599307057374,,0
2021-05-25,CHRD,PLAN,245,82.95999999999998,515272.8218094452,20401.49180944523,0.0,20401.49180944523,20610.91287237781,0.9898393116195625,,0
2021-06-10,NUE,PLAN,2,106.31,548187.2496643374,259.1596643373715,0.0,259.1596643373715,21927.489986573495,0.011818938897979593,,0
2021-06-14,COF,Q0_SKIP,0,158.71,555543.1946643373,43.944664337371535,0.0,43.944664337371535,22221.727786573494,0.001977553894973152,CASH_SCARCITY,0
2021-06-14,SBNY,Q0_SKIP,0,241.6,555543.1946643373,43.944664337371535,0.0,43.944664337371535,22221.727786573494,0.001977553894973152,CASH_SCARCITY,0
2021-06-14,NAVI,PLAN,2,19.16,555543.1946643373,43.944664337371535,0.0,43.944664337371535,22221.727786573494,0.001977553894973152,,0
2021-08-18,LSI,PLAN,187,120.47,564811.7330543372,56439.95305433737,0.0,56439.95305433737,22592.46932217349,1.0,,0
2021-09-08,EPAM,PLAN,37,629.32,595608.7561723372,50022.73617233737,0.0,50022.73617233737,23824.35024689349,1.0,,0
2021-09-14,WST,PLAN,51,452.06,585487.7276223375,26720.90762233737,0.0,26720.90762233737,23419.509104893503,1.0,,0
2021-10-07,PRFT,PLAN,189,122.86,584079.7284923374,34314.81849233738,0.0,34314.81849233738,23363.189139693495,1.0,,0
2021-10-28,ASAN,PLAN,186,131.83,616541.5162423375,31041.86624233738,0.0,31041.86624233738,24661.660649693502,1.0,,0
2021-11-01,INTU,PLAN,11,608.81,633759.0041623374,6785.554162337379,0.0,6785.554162337379,25350.360166493498,0.2676709174059821,,0
2021-12-06,FDS,PLAN,49,459.77,567018.5756323374,106581.91563233738,0.0,106581.91563233738,22680.743025293494,1.0,,0
2021-12-13,ODFL,PLAN,63,358.92,573508.9687923373,109244.58879233738,0.0,109244.58879233738,22940.358751693493,1.0,,0
2021-12-31,COST,PLAN,41,567.7,585911.5509423374,86783.13094233739,0.0,86783.13094233739,23436.462037693494,1.0,,0
2022-01-03,BLDR,PLAN,278,83.48999999999998,581484.2747123372,63593.73471233739,0.0,63593.73471233739,23259.370988493487,1.0,,0
2022-01-05,WIRE,PLAN,163,136.54,559926.4126323375,40129.19263233739,0.0,40129.19263233739,22397.0565052935,1.0,,0
2022-01-06,ACLS,PLAN,311,72.17,563033.5341023372,56489.804102337395,0.0,56489.804102337395,22521.34136409349,1.0,,0
2022-01-12,ON,PLAN,331,66.49,551677.1699023374,34020.6299023374,0.0,34020.6299023374,22067.086796093496,1.0,,0
2022-02-07,CVE,PLAN,1336,15.45,516842.7912223374,75303.80122233741,0.0,75303.80122233741,20673.711648893495,1.0,,0
2022-02-16,VET,PLAN,1185,17.5,519147.4456623374,55798.75566233741,0.0,55798.75566233741,20765.897826493496,1.0,,0
2022-02-18,CVX,PLAN,152,133.42,508684.38331233733,35729.63331233741,0.0,35729.63331233741,20347.375332493495,1.0,,0
2022-02-22,CNQ,PLAN,382,52.18,500080.03008233744,20158.76008233742,0.0,20158.76008233742,20003.201203293498,1.0,,0
2022-02-28,COP,Q0_SKIP,0,94.86000000000001,524233.0409023374,69.65090233742347,0.0,69.65090233742347,20969.321636093497,0.0033215620202771217,CASH_SCARCITY,0
2022-02-28,IMO,PLAN,1,44.84,524233.0409023374,69.65090233742347,0.0,69.65090233742347,20969.321636093497,0.0033215620202771217,,0
2022-03-23,ABBV,PLAN,138,158.42,549364.1219123374,73832.63191233743,0.0,73832.63191233743,21974.564876493496,1.0,,0
2022-04-05,MCK,PLAN,69,307.0,531244.7166023375,51898.35660233743,0.0,51898.35660233743,21249.788664093503,1.0,,0
2022-04-06,ADM,PLAN,225,92.83,523142.28256233747,30683.12256233743,0.0,30683.12256233743,20925.6913024935,1.0,,0
2022-04-07,MDRX,PLAN,431,22.63,529077.7258123374,9775.485812337436,0.0,9775.485812337436,21163.109032493496,0.46191161219877064,,0
2022-04-08,PCRX,Q0_SKIP,0,81.64,529791.3802523374,20.180252337435377,0.0,20.180252337435377,21191.655210093497,0.0009522735311314242,CASH_SCARCITY,0
2022-04-08,RES,PLAN,1,11.72,529791.3802523374,20.180252337435377,0.0,20.180252337435377,21191.655210093497,0.0009522735311314242,,0
2022-05-12,AMR,PLAN,128,153.01,490802.75552233745,38972.795522337445,0.0,38972.795522337445,19632.110220893497,1.0,,0
2022-05-24,BMY,PLAN,260,77.12999999999998,501871.88718233746,76021.47718233745,0.0,76021.47718233745,20074.8754872935,1.0,,0
2022-06-09,APTS,PLAN,857,24.93,534972.7711323375,92036.56113233743,0.0,92036.56113233743,21398.9108452935,1.0,,0
2022-06-21,STNG,PLAN,507,37.35,474656.9798723374,96962.96987233743,0.0,96962.96987233743,18986.279194893497,1.0,,0
2022-06-22,PBF,PLAN,546,33.8,462430.1605323374,78885.57053233743,0.0,78885.57053233743,18497.206421293497,1.0,,0
2022-06-23,TVTY,PLAN,553,32.44,449739.23799233744,109876.54799233742,0.0,109876.54799233742,17989.569519693498,1.0,,0
2022-07-12,HRB,PLAN,481,36.78,442762.2978023373,272372.7878023374,0.0,272372.7878023374,17710.491912093494,1.0,,0
2022-07-13,LNTH,PLAN,262,67.43,442333.6525723373,272847.9125723374,0.0,272847.9125723374,17693.346102893494,1.0,,0
2022-07-15,CNR,PLAN,312,57.02,445908.11057233735,255733.20057233737,0.0,255733.20057233737,17836.324422893493,1.0,,0
2022-07-18,SWCH,PLAN,526,33.7,444028.70257233735,237306.79257233738,0.0,237306.79257233738,17761.148102893494,1.0,,0
2022-07-25,GO,PLAN,407,44.4,453066.9348123374,219531.2748123374,0.0,219531.2748123374,18122.677392493497,1.0,,0
2022-07-26,LLY,PLAN,54,331.56,454103.7946023374,201593.1446023374,0.0,201593.1446023374,18164.151784093498,1.0,,0
2022-07-27,SAIL1,PLAN,288,63.64,459209.1096823373,183810.4596823374,0.0,183810.4596823374,18368.36438729349,1.0,,0
2022-08-01,VTNRQ,PLAN,1346,13.63,459433.0640823373,165446.51408233738,0.0,165446.51408233738,18377.322563293492,1.0,,0
2022-08-02,CHNG,PLAN,756,24.23,458869.1481023374,147082.1881023374,0.0,147082.1881023374,18354.765924093495,1.0,,0
2022-08-03,ACC,PLAN,278,65.38,455228.25606233743,128851.9360623374,0.0,128851.9360623374,18209.1302424935,1.0,,0
2022-08-04,MNDT,PLAN,789,22.79,450525.67042233737,110658.1204223374,0.0,110658.1204223374,18021.026816893496,1.0,,0
2022-08-05,CTIC,PLAN,2457,7.429999999999999,456969.0470023374,92666.7270023374,0.0,92666.7270023374,18278.761880093498,1.0,,0
2022-08-08,TH,PLAN,1306,13.99,457518.4657923374,74147.0157923374,0.0,74147.0157923374,18300.738631693497,1.0,,0
2022-08-09,MUSA,PLAN,62,284.76,448684.7640923374,55256.444092337406,0.0,55256.444092337406,17947.390563693498,1.0,,0
2022-08-29,EQT,PLAN,368,50.01,461435.9490923374,85364.9790923374,0.0,85364.9790923374,18457.437963693497,1.0,,0
2022-08-30,GPC,PLAN,115,156.21,452173.97493233735,67382.6749323374,0.0,67382.6749323374,18086.958997293495,1.0,,0
2022-09-09,NFE,PLAN,322,57.15,461859.0959123373,49680.49591233739,0.0,49680.49591233739,18474.363836493492,1.0,,0
2022-09-23,INSW,PLAN,508,33.68,428335.14887233736,68864.36887233739,0.0,68864.36887233739,17133.405954893497,1.0,,0
2022-09-28,DHT,PLAN,2167,8.13,441039.0198823374,51870.29988233739,0.0,51870.29988233739,17641.5607952935,1.0,,0
2022-10-17,SWIR,PLAN,581,30.8,448187.0648623374,97863.52486233739,0.0,97863.52486233739,17927.482594493496,1.0,,0
2022-10-24,ELF,PLAN,438,41.66,457481.1564223374,80858.0964223374,0.0,80858.0964223374,18299.246256893497,1.0,,0
2022-10-26,AAWW,PLAN,184,100.7,463687.8185223374,62421.77852233741,0.0,62421.77852233741,18547.512740893497,1.0,,0
2022-10-28,FSLR,PLAN,141,132.67,469153.41660233744,43841.29660233742,0.0,43841.29660233742,18766.136664093498,1.0,,0
2022-11-11,AVEO,PLAN,1270,14.79,470378.4336423374,41460.67364233742,0.0,41460.67364233742,18815.137345693496,1.0,,0
2022-11-15,NUVL,PLAN,583,32.61,476566.4237423374,42558.24374233741,0.0,42558.24374233741,19062.656949693497,1.0,,0
2022-11-16,MYOV,PLAN,707,26.8,474282.3990723375,23014.049072337406,0.0,23014.049072337406,18971.2959628935,1.0,,0
2022-12-19,ERIE,PLAN,68,271.4,462915.19358233747,41663.28358233741,0.0,41663.28358233741,18516.607743293498,1.0,,0
2022-12-20,TTC,PLAN,166,112.02,466434.6196223374,23150.829622337413,0.0,23150.829622337413,18657.384784893497,1.0,,0
2023-01-09,RMBS,PLAN,480,37.49,450366.69358233735,49359.17358233742,0.0,49359.17358233742,18014.667743293496,1.0,,0
2023-02-02,WFRD,PLAN,335,55.4,464617.22946233745,85132.94946233742,0.0,85132.94946233742,18584.6891784935,1.0,,0
2023-02-03,YPF,PLAN,1669,11.18,467028.1734123374,66478.26341233743,0.0,66478.26341233743,18681.126936493496,1.0,,0
2023-02-06,GILD,PLAN,215,86.36,465638.5470223375,47582.99702233743,0.0,47582.99702233743,18625.5418808935,1.0,,0
2023-02-07,NVO,PLAN,135,139.59,472078.0280223375,28945.378022337438,0.0,28945.378022337438,18883.1211208935,1.0,,0
2023-02-28,TDW,PLAN,225,48.84,486744.6640723375,11036.424072337439,0.0,11036.424072337439,19469.7865628935,0.5668487446786505,,0
2023-03-03,FMX,PLAN,2,94.06,496622.2618223374,189.7018223374398,0.0,189.7018223374398,19864.890472893498,0.009549603235733726,,0
2023-03-06,ALGM,Q0_SKIP,0,45.35,494723.5643223374,2.014322337439836,0.0,2.014322337439836,19788.942572893495,0.00010179029677912226,CASH_SCARCITY,0
2023-03-06,AXON,Q0_SKIP,0,221.38,494723.5643223374,2.014322337439836,0.0,2.014322337439836,19788.942572893495,0.00010179029677912226,CASH_SCARCITY,0
2023-03-06,ING,Q0_SKIP,0,14.33,494723.5643223374,2.014322337439836,0.0,2.014322337439836,19788.942572893495,0.00010179029677912226,CASH_SCARCITY,0
2023-03-06,OII,Q0_SKIP,0,21.7,494723.5643223374,2.014322337439836,0.0,2.014322337439836,19788.942572893495,0.00010179029677912226,CASH_SCARCITY,0
2023-03-06,SCCO,Q0_SKIP,0,76.76999999999998,494723.5643223374,2.014322337439836,0.0,2.014322337439836,19788.942572893495,0.00010179029677912226,CASH_SCARCITY,0
2023-03-06,ACLS,Q0_SKIP,0,128.85,494723.5643223374,2.014322337439836,0.0,2.014322337439836,19788.942572893495,0.00010179029677912226,CASH_SCARCITY,0
2023-03-06,PERI,Q0_SKIP,0,35.76,494723.5643223374,2.014322337439836,0.0,2.014322337439836,19788.942572893495,0.00010179029677912226,CASH_SCARCITY,0
2023-03-06,OI,Q0_SKIP,0,22.65,494723.5643223374,2.014322337439836,0.0,2.014322337439836,19788.942572893495,0.00010179029677912226,CASH_SCARCITY,0
2023-03-06,URI,Q0_SKIP,0,475.02,494723.5643223374,2.014322337439836,0.0,2.014322337439836,19788.942572893495,0.00010179029677912226,CASH_SCARCITY,0
2023-03-06,SMFG,Q0_SKIP,0,8.939999999999998,494723.5643223374,2.014322337439836,0.0,2.014322337439836,19788.942572893495,0.00010179029677912226,CASH_SCARCITY,0
2023-03-06,TEX,Q0_SKIP,0,59.4,494723.5643223374,2.014322337439836,0.0,2.014322337439836,19788.942572893495,0.00010179029677912226,CASH_SCARCITY,0
2023-03-06,ARDX,Q0_SKIP,0,3.9,494723.5643223374,2.014322337439836,0.0,2.014322337439836,19788.942572893495,0.00010179029677912226,CASH_SCARCITY,0
2023-03-06,STLD,Q0_SKIP,0,131.98,494723.5643223374,2.014322337439836,0.0,2.014322337439836,19788.942572893495,0.00010179029677912226,CASH_SCARCITY,0
2023-03-06,HZNP,Q0_SKIP,0,109.8,494723.5643223374,2.014322337439836,0.0,2.014322337439836,19788.942572893495,0.00010179029677912226,CASH_SCARCITY,0
2023-03-06,MLCO,Q0_SKIP,0,13.64,494723.5643223374,2.014322337439836,0.0,2.014322337439836,19788.942572893495,0.00010179029677912226,CASH_SCARCITY,0
2023-03-06,APG,Q0_SKIP,0,23.71,494723.5643223374,2.014322337439836,0.0,2.014322337439836,19788.942572893495,0.00010179029677912226,CASH_SCARCITY,0
2023-03-06,MNSO,Q0_SKIP,0,18.68,494723.5643223374,2.014322337439836,0.0,2.014322337439836,19788.942572893495,0.00010179029677912226,CASH_SCARCITY,0
2023-03-06,UBS,Q0_SKIP,0,22.16,494723.5643223374,2.014322337439836,0.0,2.014322337439836,19788.942572893495,0.00010179029677912226,CASH_SCARCITY,0
2023-03-06,FTI,Q0_SKIP,0,15.19,494723.5643223374,2.014322337439836,0.0,2.014322337439836,19788.942572893495,0.00010179029677912226,CASH_SCARCITY,0
2023-03-06,RNR,Q0_SKIP,0,211.82,494723.5643223374,2.014322337439836,0.0,2.014322337439836,19788.942572893495,0.00010179029677912226,CASH_SCARCITY,0
2023-03-06,RIG,Q0_SKIP,0,7.59,494723.5643223374,2.014322337439836,0.0,2.014322337439836,19788.942572893495,0.00010179029677912226,CASH_SCARCITY,0
2023-03-06,WYNN,Q0_SKIP,0,115.4,494723.5643223374,2.014322337439836,0.0,2.014322337439836,19788.942572893495,0.00010179029677912226,CASH_SCARCITY,0
2023-03-06,VKTX,Q0_SKIP,0,11.52,494723.5643223374,2.014322337439836,0.0,2.014322337439836,19788.942572893495,0.00010179029677912226,CASH_SCARCITY,0
2023-03-06,ATKR,Q0_SKIP,0,152.34,494723.5643223374,2.014322337439836,0.0,2.014322337439836,19788.942572893495,0.00010179029677912226,CASH_SCARCITY,0
2023-03-06,LVS,Q0_SKIP,0,59.94,494723.5643223374,2.014322337439836,0.0,2.014322337439836,19788.942572893495,0.00010179029677912226,CASH_SCARCITY,0
2023-03-06,UAL,Q0_SKIP,0,52.44,494723.5643223374,2.014322337439836,0.0,2.014322337439836,19788.942572893495,0.00010179029677912226,CASH_SCARCITY,0
2023-03-06,ARGO,Q0_SKIP,0,29.09,494723.5643223374,2.014322337439836,0.0,2.014322337439836,19788.942572893495,0.00010179029677912226,CASH_SCARCITY,0
2023-03-06,IDCC,Q0_SKIP,0,72.98,494723.5643223374,2.014322337439836,0.0,2.014322337439836,19788.942572893495,0.00010179029677912226,CASH_SCARCITY,0
2023-03-06,LSCC,Q0_SKIP,0,88.48,494723.5643223374,2.014322337439836,0.0,2.014322337439836,19788.942572893495,0.00010179029677912226,CASH_SCARCITY,0
2023-03-06,VVNT,Q0_SKIP,0,12.0,494723.5643223374,2.014322337439836,0.0,2.014322337439836,19788.942572893495,0.00010179029677912226,CASH_SCARCITY,0
2023-03-06,RCL,Q0_SKIP,0,74.15999999999998,494723.5643223374,2.014322337439836,0.0,2.014322337439836,19788.942572893495,0.00010179029677912226,CASH_SCARCITY,0
2023-03-06,XPOF,Q0_SKIP,0,30.49,494723.5643223374,2.014322337439836,0.0,2.014322337439836,19788.942572893495,0.00010179029677912226,CASH_SCARCITY,0
2023-03-06,FIVE,Q0_SKIP,0,203.3,494723.5643223374,2.014322337439836,0.0,2.014322337439836,19788.942572893495,0.00010179029677912226,CASH_SCARCITY,0
2023-03-06,FICO,Q0_SKIP,0,696.58,494723.5643223374,2.014322337439836,0.0,2.014322337439836,19788.942572893495,0.00010179029677912226,CASH_SCARCITY,0
2023-03-06,CX,Q0_SKIP,0,5.55,494723.5643223374,2.014322337439836,0.0,2.014322337439836,19788.942572893495,0.00010179029677912226,CASH_SCARCITY,0
2023-03-06,ASC,Q0_SKIP,0,17.91,494723.5643223374,2.014322337439836,0.0,2.014322337439836,19788.942572893495,0.00010179029677912226,CASH_SCARCITY,0
2023-03-06,RETA,Q0_SKIP,0,88.51,494723.5643223374,2.014322337439836,0.0,2.014322337439836,19788.942572893495,0.00010179029677912226,CASH_SCARCITY,0
2023-03-06,CYH,Q0_SKIP,0,6.02,494723.5643223374,2.014322337439836,0.0,2.014322337439836,19788.942572893495,0.00010179029677912226,CASH_SCARCITY,0
2023-03-06,SLB,Q0_SKIP,0,55.35,494723.5643223374,2.014322337439836,0.0,2.014322337439836,19788.942572893495,0.00010179029677912226,CASH_SCARCITY,0
2023-03-06,BLDR,Q0_SKIP,0,87.29,494723.5643223374,2.014322337439836,0.0,2.014322337439836,19788.942572893495,0.00010179029677912226,CASH_SCARCITY,0
2023-03-06,NVDA,Q0_SKIP,0,235.54,494723.5643223374,2.014322337439836,0.0,2.014322337439836,19788.942572893495,0.00010179029677912226,CASH_SCARCITY,0
2023-03-06,PARR,Q0_SKIP,0,29.16,494723.5643223374,2.014322337439836,0.0,2.014322337439836,19788.942572893495,0.00010179029677912226,CASH_SCARCITY,0
2023-03-06,AIMC,Q0_SKIP,0,61.61,494723.5643223374,2.014322337439836,0.0,2.014322337439836,19788.942572893495,0.00010179029677912226,CASH_SCARCITY,0
2023-03-06,VAL,Q0_SKIP,0,75.65,494723.5643223374,2.014322337439836,0.0,2.014322337439836,19788.942572893495,0.00010179029677912226,CASH_SCARCITY,0
2023-03-06,FOUR,Q0_SKIP,0,71.0,494723.5643223374,2.014322337439836,0.0,2.014322337439836,19788.942572893495,0.00010179029677912226,CASH_SCARCITY,0
2023-03-06,GOTU,Q0_SKIP,0,4.99,494723.5643223374,2.014322337439836,0.0,2.014322337439836,19788.942572893495,0.00010179029677912226,CASH_SCARCITY,0
2023-03-06,PI,Q0_SKIP,0,138.67,494723.5643223374,2.014322337439836,0.0,2.014322337439836,19788.942572893495,0.00010179029677912226,CASH_SCARCITY,0
2023-03-06,WING,Q0_SKIP,0,172.9,494723.5643223374,2.014322337439836,0.0,2.014322337439836,19788.942572893495,0.00010179029677912226,CASH_SCARCITY,0
2023-03-06,SGML,Q0_SKIP,0,36.66,494723.5643223374,2.014322337439836,0.0,2.014322337439836,19788.942572893495,0.00010179029677912226,CASH_SCARCITY,0
2023-03-06,VTYX,Q0_SKIP,0,43.84,494723.5643223374,2.014322337439836,0.0,2.014322337439836,19788.942572893495,0.00010179029677912226,CASH_SCARCITY,0
2023-03-06,IQ,Q0_SKIP,0,7.59,494723.5643223374,2.014322337439836,0.0,2.014322337439836,19788.942572893495,0.00010179029677912226,CASH_SCARCITY,0
2023-03-06,MELI,Q0_SKIP,0,1256.26,494723.5643223374,2.014322337439836,0.0,2.014322337439836,19788.942572893495,0.00010179029677912226,CASH_SCARCITY,0
2023-03-06,AI,Q0_SKIP,0,27.36,494723.5643223374,2.014322337439836,0.0,2.014322337439836,19788.942572893495,0.00010179029677912226,CASH_SCARCITY,0
2023-03-06,TCOM,Q0_SKIP,0,38.61,494723.5643223374,2.014322337439836,0.0,2.014322337439836,19788.942572893495,0.00010179029677912226,CASH_SCARCITY,0
2023-03-06,EDU,Q0_SKIP,0,43.54,494723.5643223374,2.014322337439836,0.0,2.014322337439836,19788.942572893495,0.00010179029677912226,CASH_SCARCITY,0
2023-03-06,CENX,Q0_SKIP,0,12.34,494723.5643223374,2.014322337439836,0.0,2.014322337439836,19788.942572893495,0.00010179029677912226,CASH_SCARCITY,0
2023-03-06,RXDX,Q0_SKIP,0,122.55,494723.5643223374,2.014322337439836,0.0,2.014322337439836,19788.942572893495,0.00010179029677912226,CASH_SCARCITY,0
2023-03-07,ALGM,PLAN,5,45.25,493909.62432233745,242.9043223374398,0.0,242.9043223374398,19756.3849728935,0.012294978189112717,,0
2023-04-24,IPAR,PLAN,126,156.55,495518.8076823375,85437.09768233744,0.0,85437.09768233744,19820.7523072935,1.0,,0
2023-04-25,COTY,PLAN,1635,11.9,486951.37278233736,65742.52278233744,0.0,65742.52278233744,19478.054911293493,1.0,,0
2023-05-02,WYNN,PLAN,167,113.2,474863.73343233747,46413.86343233744,0.0,46413.86343233744,18994.549337293498,1.0,,0
2023-05-05,PEN,PLAN,61,310.08,475004.6388123374,65283.91881233745,0.0,65283.91881233745,19000.185552493498,1.0,,0
2023-05-08,META,PLAN,81,233.27,476266.99774233747,46424.007742337446,0.0,46424.007742337446,19050.6799096935,1.0,,0
2023-06-06,BLDR,PLAN,159,123.92,495057.35948233743,28135.799482337447,0.0,28135.799482337447,19802.294379293497,1.0,,0
2023-06-07,TPH,PLAN,260,32.29,492601.84528233745,8431.91528233745,0.0,8431.91528233745,19704.0738112935,0.427927512000318,,0
2023-07-14,NVDA,PLAN,45,454.69,519173.2116823375,53904.95168233745,0.0,53904.95168233745,20766.9284672935,1.0,,0
2023-07-17,MANH,PLAN,102,204.4,525546.9216323375,33054.07163233745,0.0,33054.07163233745,21021.8768652935,1.0,,0
2023-07-18,PANW,PLAN,48,248.34,528113.6230723374,12094.57307233745,0.0,12094.57307233745,21124.544922893496,0.5725365027499404,,0
2023-08-30,APP,PLAN,397,42.98,535206.4910523373,17116.831052337453,0.0,17116.831052337453,21408.259642093493,0.7995433229276555,,0
2023-09-28,XPO,PLAN,271,74.72,507960.5441123375,37706.60411233745,0.0,37706.60411233745,20318.4217644935,1.0,,0
2023-10-26,CEG,PLAN,169,112.72,477855.7487123375,139653.64871233745,0.0,139653.64871233745,19114.229948493503,1.0,,0
2023-10-27,ANF,PLAN,323,58.72,475516.34171233745,120537.55171233746,0.0,120537.55171233746,19020.653668493498,1.0,,0
2023-11-06,MMYT,PLAN,488,40.98,501156.6472523374,118809.83725233746,0.0,118809.83725233746,20046.2658900935,1.0,,0
2023-11-14,CLS,PLAN,769,26.88,517480.23301233747,99035.84301233746,0.0,99035.84301233746,20699.2093204935,1.0,,0
2023-11-15,VRT,PLAN,469,43.5,510949.83001233736,78313.10001233747,0.0,78313.10001233747,20437.993200493496,1.0,,0
2023-11-20,HRB,PLAN,451,45.97,519252.7430123375,58402.773012337464,0.0,58402.773012337464,20770.1097204935,1.0,,0
2023-11-22,UEC,PLAN,3240,6.36,515681.5091723375,37708.259172337464,0.0,37708.259172337464,20627.2603668935,1.0,,0
2023-11-27,CNR,PLAN,163,104.67,517987.3199723375,17178.549972337467,0.0,17178.549972337467,20719.4927988935,0.8291008925302875,,0
2023-11-30,AEO,PLAN,404,19.03,516007.2313323374,7696.411332337469,0.0,7696.411332337469,20640.289253293497,0.3728829202870488,,0
2023-12-29,CVSA,PLAN,3,58.95,540347.2103323374,213.36033233746886,0.0,213.36033233746886,21613.888413293498,0.009871446000722518,,0
2024-02-07,NRG,PLAN,387,52.99,601565.3808323374,20535.98083233747,0.0,20535.98083233747,24062.615233293498,0.8534392722169073,,0
2024-03-20,WING,PLAN,76,348.23,690512.6236043377,26498.01360433747,0.0,26498.01360433747,27620.504944173506,0.9593602165454682,,0
2024-03-22,CNM,PLAN,1,58.18,703600.6203443375,98.88084433747281,0.0,98.88084433747281,28144.024813773503,0.0035133867665253465,,0
2024-07-15,TRGP,PLAN,145,134.34,790924.2524443376,19538.862444337472,0.0,19538.862444337472,31636.970097773505,0.617595881778595,,0
2024-08-29,ADMA,PLAN,1742,17.22,750775.0871493376,103193.21714933745,0.0,103193.21714933745,30031.003485973506,1.0,,0
2024-08-30,CRS,PLAN,208,144.77,756063.3828093376,73078.79280933745,0.0,73078.79280933745,30242.535312373504,1.0,,0
2024-09-04,LMT,PLAN,50,574.78,724812.6380093372,43333.21800933746,0.0,43333.21800933746,28992.505520373492,1.0,,0
2024-10-04,WELL,PLAN,251,125.56,791518.1565993375,95388.42659933747,0.0,95388.42659933747,31660.726263973498,1.0,,0
2024-10-07,AHR,PLAN,1260,24.94,786424.9341893374,64004.664189337476,0.0,64004.664189337476,31456.9973675735,1.0,,0
2024-10-08,AFL,PLAN,283,112.47,796647.5837893374,32422.713789337482,0.0,32422.713789337482,31865.9033515735,1.0,,0
2024-10-09,IRM,PLAN,5,120.49,791633.6126993374,629.8626993374855,0.0,629.8626993374855,31665.3445079735,0.01989123153796362,,0
2024-10-29,VTR,PLAN,1,66.03,803837.3126993375,121.36269933748562,0.0,121.36269933748562,32153.4925079735,0.0037744795314969223,,0
2024-12-02,AKR,PLAN,1410,25.63,904547.3869693375,57983.07696933748,0.0,57983.07696933748,36181.8954787735,1.0,,0
2024-12-12,LLYVK,PLAN,309,71.35,880213.7931693376,22125.683169337484,0.0,22125.683169337484,35208.551726773505,0.6284178724827393,,0
2024-12-18,CALM,PLAN,1,103.53,838835.6402893373,109.84028933749069,0.0,109.84028933749069,33553.42561157349,0.0032735938979537096,,0
2025-03-19,SRAD,PLAN,1484,22.8,847039.3731293376,294201.3331293375,0.0,294201.3331293375,33881.5749251735,1.0,,0
2025-03-26,ESLT,PLAN,86,393.32,850722.4411293378,260035.20112933754,0.0,260035.20112933754,34028.897645173514,1.0,,0
2025-03-28,LX,PLAN,3025,11.11,841074.1445093377,226705.28450933754,0.0,226705.28450933754,33642.96578037351,1.0,,0
2025-04-02,FOX,PLAN,642,53.0,851805.4870093373,194902.89700933755,0.0,194902.89700933755,34072.21948037349,1.0,,0
2025-04-03,PYCR,PLAN,1455,22.46,817819.0261093377,161838.96610933755,0.0,161838.96610933755,32712.761044373507,1.0,,0
2025-04-04,SWI,PLAN,1682,18.37,773579.5755093376,173650.23550933754,0.0,173650.23550933754,30943.183020373504,1.0,,0
2025-04-08,FNMA,PLAN,5852,5.2,761561.8149093376,205264.73490933754,0.0,205264.73490933754,30462.472596373504,1.0,,0
2025-04-30,VRSN,PLAN,118,282.12,835115.6133093375,263117.01330933755,0.0,263117.01330933755,33404.6245323735,1.0,,0
2025-05-06,KC,PLAN,2193,15.23,836181.5523493374,230036.97234933753,0.0,230036.97234933753,33447.2620939735,1.0,,0
2025-05-07,CNP,PLAN,860,39.05,841137.7638493374,198206.67384933753,0.0,198206.67384933753,33645.510553973494,1.0,,0
2025-05-08,TGI,PLAN,1292,25.61,828197.1586493375,164788.08864933753,0.0,164788.08864933753,33127.8863459735,1.0,,0
2025-05-09,PLMR,PLAN,207,159.93,829774.3863693377,131692.74636933752,0.0,131692.74636933752,33190.97545477351,1.0,,0
2025-05-28,TDUP,PLAN,4818,7.22,870668.7795193376,98550.1245193375,0.0,98550.1245193375,34826.751180773506,1.0,,0
2025-05-30,SSRM,PLAN,2947,11.83,872629.6549393374,63295.324939337515,0.0,63295.324939337515,34905.186197573494,1.0,,0
2025-08-21,WLDN,PLAN,344,106.27,915566.9116293376,166831.50162933752,0.0,166831.50162933752,36622.67646517351,1.0,,0
2025-09-05,APH,PLAN,337,110.45,933451.3916293377,130901.51162933755,0.0,130901.51162933755,37338.05566517351,1.0,,0
2025-09-08,HWKN,PLAN,213,175.56,936611.6409293375,93423.37092933754,0.0,93423.37092933754,37464.465637173496,1.0,,0
2025-09-09,RBLX,PLAN,284,131.79,936873.9608393376,56126.02083933754,0.0,56126.02083933754,37474.958433573505,1.0,,0
2025-11-12,WDC,PLAN,224,166.11,932441.8453493376,206329.17534933754,0.0,206329.17534933754,37297.6738139735,1.0,,0
2025-11-20,INDV,PLAN,1137,31.77,903979.0988293376,251064.94882933755,0.0,251064.94882933755,36159.163953173505,1.0,,0
2025-11-26,LGND,PLAN,181,206.16,935432.4137393376,215323.16373933756,0.0,215323.16373933756,37417.296549573504,1.0,,0
2025-11-28,LITE,PLAN,115,325.16,940156.9451593375,177967.26515933755,0.0,177967.26515933755,37606.2778063735,1.0,,0
2025-12-03,ROIV,PLAN,1774,20.7,919480.4813093375,141763.77130933755,0.0,141763.77130933755,36779.2192523735,1.0,,0
2025-12-05,SNDK,PLAN,161,228.47,926123.6495093376,105033.24950933756,0.0,105033.24950933756,37044.94598037351,1.0,,0
2025-12-08,CIEN,PLAN,173,212.93,925879.1882493376,67054.04824933756,0.0,67054.04824933756,37035.16752997351,1.0,,0
2025-12-15,PVLA,PLAN,338,88.98,926579.7613593375,30180.321359337562,0.0,30180.321359337562,37063.1904543735,0.8142936695234301,,0
2025-12-18,GOOG,Q0_SKIP,0,303.75,933132.5480193375,171.16801933755778,0.0,171.16801933755778,37325.3019207735,0.004585844200292825,CASH_SCARCITY,0
2025-12-18,GOOGL,Q0_SKIP,0,302.46,933132.5480193375,171.16801933755778,0.0,171.16801933755778,37325.3019207735,0.004585844200292825,CASH_SCARCITY,0
2025-12-18,ENS,PLAN,1,144.46,933132.5480193375,171.16801933755778,0.0,171.16801933755778,37325.3019207735,0.004585844200292825,,0
2025-12-22,GOOG,Q0_SKIP,0,311.33,969223.2830293375,26.033029337557792,0.0,26.033029337557792,38768.9313211735,0.0006714920543435242,CASH_SCARCITY,0
2025-12-22,GOOGL,Q0_SKIP,0,309.78,969223.2830293375,26.033029337557792,0.0,26.033029337557792,38768.9313211735,0.0006714920543435242,CASH_SCARCITY,0
2025-12-22,AXGN,Q0_SKIP,0,32.74,969223.2830293375,26.033029337557792,0.0,26.033029337557792,38768.9313211735,0.0006714920543435242,CASH_SCARCITY,0
2025-12-22,TERN,Q0_SKIP,0,40.64,969223.2830293375,26.033029337557792,0.0,26.033029337557792,38768.9313211735,0.0006714920543435242,CASH_SCARCITY,0
2025-12-22,RCUS,PLAN,1,23.22,969223.2830293375,26.033029337557792,0.0,26.033029337557792,38768.9313211735,0.0006714920543435242,,0
2026-03-31,ERAS,PLAN,2863,16.18,1159244.2591293375,100543.39912933756,0.0,100543.39912933756,46369.7703651735,1.0,,0
2026-04-22,SU,PLAN,833,63.43,1322814.1931893378,54002.08318933757,0.0,54002.08318933757,52912.567727573514,1.0,,0
2026-05-29,KGS,PLAN,866,66.85,1448753.1185393375,79016.34853933759,0.0,79016.34853933759,57950.124741573505,1.0,,0
2026-06-17,ATEX,PLAN,769,79.15999999999998,1524343.9647793376,132268.54477933762,0.0,132268.54477933762,60973.75859117351,1.0,,0
2026-07-14,ATEN,PLAN,1565,37.64,1474547.6092393377,441591.9392393376,0.0,441591.9392393376,58981.90436957351,1.0,,0
2026-07-15,BAND,PLAN,818,70.97,1454508.8469893378,382610.7669893376,0.0,382610.7669893376,58180.353879573515,1.0,,0
2026-07-21,SYRE,PLAN,571,102.7,1469265.5167993377,433205.9467993376,0.0,433205.9467993376,58770.620671973506,1.0,,0
