security_id,ticker,priority,original_queue_member,review_required,status,candidate_classification,reviewed_classification,cusips,unknown_first_session,unknown_last_session,reason,path_evidence_run,path_is_pre_correction,held_sessions,pending_sessions,durable_ranked_sessions,recent_leadership_sessions,eligible_sessions
65658733308249266,VAL1,P0_HELD_OR_PENDING,false,true,OPEN_REVIEW,common,,920355104,2007-04-10,2017-05-31,HELD_OR_PENDING_OMITTED_FROM_INITIAL_HEURISTIC_QUEUE,34007704385,true,1301,1,134,48,1799
1095161666219760763,EV1,P0_HELD_OR_PENDING,false,true,OPEN_REVIEW,common,,278265103,2006-07-07,2021-02-26,HELD_OR_PENDING_OMITTED_FROM_INITIAL_HEURISTIC_QUEUE,34007704385,true,718,1,60,126,3330
675540632474526608,UST1,P0_HELD_OR_PENDING,false,true,OPEN_REVIEW,common,,902911106,2006-07-05,2009-01-05,HELD_OR_PENDING_OMITTED_FROM_INITIAL_HEURISTIC_QUEUE,34007704385,true,566,1,135,74,630
154896406978425602,CVSA,P0_HELD_OR_PENDING,true,true,OPEN_REVIEW,common,,00737L103 251893103,2007-05-03,2026-03-05,MULTIPLE_CUSIPS,34007704385,true,461,1,533,469,2943
536212536103247696,NVO,P0_HELD_OR_PENDING,false,true,OPEN_REVIEW,common,,670100205,2008-04-24,2026-07-31,HELD_OR_PENDING_OMITTED_FROM_INITIAL_HEURISTIC_QUEUE,34007704385,true,447,1,322,321,4126
63371714929571534,FMX,P0_HELD_OR_PENDING,false,true,OPEN_REVIEW,common,,344419106,2006-07-05,2026-07-31,HELD_OR_PENDING_OMITTED_FROM_INITIAL_HEURISTIC_QUEUE,34007704385,true,395,1,201,294,5005
1101212501432953147,ATI,P0_HELD_OR_PENDING,true,true,OPEN_REVIEW,common,,01741R102 017415100 879335107,2021-06-22,2022-01-06,MULTIPLE_CUSIPS,34007704385,true,378,1,707,678,5013
703152369925327464,RACE,P0_HELD_OR_PENDING,true,true,OPEN_REVIEW,common,,N3167Y103 N3167J106,2016-04-22,2026-07-31,MULTIPLE_CUSIPS,34007704385,true,378,1,239,164,2544
450783074872735055,KNX1,P0_HELD_OR_PENDING,false,true,OPEN_REVIEW,common,,499064103,2006-10-23,2017-09-08,HELD_OR_PENDING_OMITTED_FROM_INITIAL_HEURISTIC_QUEUE,34007704385,true,349,1,72,97,1026
895750335155060927,ESLT,P0_HELD_OR_PENDING,false,true,OPEN_REVIEW,common,,M3760D101,2025-03-18,2026-03-18,HELD_OR_PENDING_OMITTED_FROM_INITIAL_HEURISTIC_QUEUE,34007704385,true,338,1,165,67,345
718098875444344211,HCR1,P0_HELD_OR_PENDING,true,true,OPEN_REVIEW,common,,564055101 404134108 421937103,2006-07-05,2007-12-21,MULTIPLE_CUSIPS,34007704385,true,332,1,81,26,370
477008601146089039,MIR2,P0_HELD_OR_PENDING,false,true,OPEN_REVIEW,common,,60467R100,2006-07-07,2010-07-01,HELD_OR_PENDING_OMITTED_FROM_INITIAL_HEURISTIC_QUEUE,34007704385,true,329,1,77,74,993
1146479794355908667,DTGF,P0_HELD_OR_PENDING,false,true,OPEN_REVIEW,common,,256743105,2007-06-25,2012-11-26,HELD_OR_PENDING_OMITTED_FROM_INITIAL_HEURISTIC_QUEUE,34007704385,true,326,2,263,132,655
214820292338870148,CHAP1,P0_HELD_OR_PENDING,false,true,OPEN_REVIEW,common,,159423102,2006-07-05,2007-09-14,HELD_OR_PENDING_OMITTED_FROM_INITIAL_HEURISTIC_QUEUE,34007704385,true,310,1,210,103,301
1101958128290731445,CMCSK,P0_HELD_OR_PENDING,false,true,OPEN_REVIEW,common,,20030N200,2006-07-05,2015-12-11,HELD_OR_PENDING_OMITTED_FROM_INITIAL_HEURISTIC_QUEUE,34007704385,true,290,1,76,45,2377
957872957798018388,WGHTQ,P0_HELD_OR_PENDING,true,true,OPEN_REVIEW,common,,948626106 98262P101,2006-08-09,2024-11-04,MULTIPLE_CUSIPS,34007704385,true,259,1,778,598,2703
336647136488669274,GOLD1,P0_HELD_OR_PENDING,false,true,OPEN_REVIEW,common,,752344309,2007-09-28,2018-12-28,HELD_OR_PENDING_OMITTED_FROM_INITIAL_HEURISTIC_QUEUE,34007704385,true,227,2,518,543,2823
906755109876599247,QIHU,P0_HELD_OR_PENDING,false,true,OPEN_REVIEW,common,,74734M109,2011-11-08,2016-07-15,HELD_OR_PENDING_OMITTED_FROM_INITIAL_HEURISTIC_QUEUE,34007704385,true,205,2,352,341,1126
195747320659443536,IAG,P0_HELD_OR_PENDING,false,true,OPEN_REVIEW,common,,450913108,2009-02-03,2026-07-31,HELD_OR_PENDING_OMITTED_FROM_INITIAL_HEURISTIC_QUEUE,34007704385,true,203,1,705,686,2907
875803280520331787,ENDPQ,P0_HELD_OR_PENDING,true,true,OPEN_REVIEW,common,,G30401106 29264F205,2006-07-05,2022-01-12,MULTIPLE_CUSIPS,34007704385,true,196,1,522,572,3743
941818860792490502,GEN1,P0_HELD_OR_PENDING,true,true,OPEN_REVIEW,common,,37244E107 74971X107 75952B105,2006-07-05,2012-12-14,MULTIPLE_CUSIPS,34007704385,true,172,1,203,186,1435
912220778513772854,SAIL1,P0_HELD_OR_PENDING,false,true,OPEN_REVIEW,common,,78781P105,2018-05-22,2022-08-15,HELD_OR_PENDING_OMITTED_FROM_INITIAL_HEURISTIC_QUEUE,34007704385,true,169,2,199,170,1007
110098224381990417,SHOP,P0_HELD_OR_PENDING,false,true,OPEN_REVIEW,common,,82509L107,2015-11-24,2026-07-31,HELD_OR_PENDING_OMITTED_FROM_INITIAL_HEURISTIC_QUEUE,34007704385,true,167,1,857,640,2578
788900523736619527,LFCHY,P0_HELD_OR_PENDING,false,true,OPEN_REVIEW,common,,16939P106,2006-07-05,2015-05-06,HELD_OR_PENDING_OMITTED_FROM_INITIAL_HEURISTIC_QUEUE,34007704385,true,162,1,268,179,1322
107197818933519057,MTL,P0_HELD_OR_PENDING,true,true,OPEN_REVIEW,common,,583840103 583840608,2007-07-13,2012-10-24,MULTIPLE_CUSIPS,34007704385,true,159,1,447,336,1208
954034830355046974,KUST,P0_HELD_OR_PENDING,true,true,OPEN_REVIEW,common,,25382P208 25382T200 25382T101 25382T408 25382P109 25382T507 25382T606 25382T309,2007-11-13,2026-07-22,MULTIPLE_CUSIPS,34007704385,true,159,1,244,158,407
553972112448702494,SGP1,P0_HELD_OR_PENDING,false,true,OPEN_REVIEW,common,,806605101,2006-07-05,2009-11-03,HELD_OR_PENDING_OMITTED_FROM_INITIAL_HEURISTIC_QUEUE,34007704385,true,153,1,90,90,840
987448579336366373,FRFHF,P0_HELD_OR_PENDING,false,true,OPEN_REVIEW,common,,303901102,2006-07-20,2017-08-04,HELD_OR_PENDING_OMITTED_FROM_INITIAL_HEURISTIC_QUEUE,34007704385,true,144,2,202,141,444
223489731780916334,GOLLQ,P0_HELD_OR_PENDING,true,true,REVIEWED_TYPE_CORRECTION,common,non_common,38045R206 38045R107,2006-07-05,2021-06-30,MULTIPLE_CUSIPS,34007704385,true,135,1,74,61,589
732428359392320882,PRE1,P0_HELD_OR_PENDING,false,true,OPEN_REVIEW,common,,G6852T105,2006-07-27,2016-03-17,HELD_OR_PENDING_OMITTED_FROM_INITIAL_HEURISTIC_QUEUE,34007704385,true,131,1,89,86,2328
987873303793520110,VRX1,P0_HELD_OR_PENDING,true,true,OPEN_REVIEW,common,,91911X104 448924100,2007-06-14,2010-09-27,MULTIPLE_CUSIPS,34007704385,true,121,2,226,122,501
659896685009177378,CCXI1,P0_HELD_OR_PENDING,false,true,OPEN_REVIEW,common,,16383L106,2019-11-26,2022-10-19,HELD_OR_PENDING_OMITTED_FROM_INITIAL_HEURISTIC_QUEUE,34007704385,true,120,1,280,199,700
1099247927332588244,FTI1,P0_HELD_OR_PENDING,false,true,OPEN_REVIEW,common,,30249U101,2006-07-05,2017-01-13,HELD_OR_PENDING_OMITTED_FROM_INITIAL_HEURISTIC_QUEUE,34007704385,true,120,1,278,230,2651
117908596615035418,WCC,P0_HELD_OR_PENDING,false,true,OPEN_REVIEW,common,,95082P105,2008-07-25,2008-08-05,HELD_OR_PENDING_OMITTED_FROM_INITIAL_HEURISTIC_QUEUE,34007704385,true,120,1,260,297,4545
298004721797953203,WIRE,P0_HELD_OR_PENDING,false,true,OPEN_REVIEW,common,,292562105,2006-10-27,2006-12-28,HELD_OR_PENDING_OMITTED_FROM_INITIAL_HEURISTIC_QUEUE,34007704385,true,120,1,200,135,796
74286179754649606,GLBL1,P0_HELD_OR_PENDING,false,true,OPEN_REVIEW,common,,379336100,2006-07-05,2011-11-01,HELD_OR_PENDING_OMITTED_FROM_INITIAL_HEURISTIC_QUEUE,34007704385,true,120,1,132,92,528
975954328887066480,PWRD1,P0_HELD_OR_PENDING,false,true,OPEN_REVIEW,common,,71372U104,2008-05-09,2015-07-28,HELD_OR_PENDING_OMITTED_FROM_INITIAL_HEURISTIC_QUEUE,34007704385,true,120,1,111,74,366
716103535463544764,TELFY,P0_HELD_OR_PENDING,false,true,OPEN_REVIEW,common,,879382208,2007-03-26,2020-03-20,HELD_OR_PENDING_OMITTED_FROM_INITIAL_HEURISTIC_QUEUE,34007704385,true,120,1,83,117,1668
88378928586164151,WEBX1,P0_HELD_OR_PENDING,false,true,OPEN_REVIEW,common,,94767L109,2006-07-05,2007-05-25,HELD_OR_PENDING_OMITTED_FROM_INITIAL_HEURISTIC_QUEUE,34007704385,true,120,1,63,55,213
1010636880544461391,IHS2,P0_HELD_OR_PENDING,false,true,OPEN_REVIEW,common,,451734107,2007-07-10,2016-07-12,HELD_OR_PENDING_OMITTED_FROM_INITIAL_HEURISTIC_QUEUE,34007704385,true,120,1,57,81,1383
118126593247876789,GLOG,P0_HELD_OR_PENDING,false,true,OPEN_REVIEW,common,,G37585109,2014-01-31,2021-03-19,HELD_OR_PENDING_OMITTED_FROM_INITIAL_HEURISTIC_QUEUE,34007704385,true,119,1,111,68,230
701739764192581803,ON,P0_HELD_OR_PENDING,false,true,OPEN_REVIEW,common,,682189105,2006-07-31,2026-07-31,HELD_OR_PENDING_OMITTED_FROM_INITIAL_HEURISTIC_QUEUE,34007704385,true,117,1,623,630,5029
437971714747413090,SNDA1,P0_HELD_OR_PENDING,false,true,OPEN_REVIEW,common,,81941Q203,2006-12-20,2010-06-25,HELD_OR_PENDING_OMITTED_FROM_INITIAL_HEURISTIC_QUEUE,34007704385,true,117,1,180,130,743
442251450194648145,PWER1,P0_HELD_OR_PENDING,true,true,OPEN_REVIEW,common,,73930R102 739308104,2010-05-05,2013-05-17,MULTIPLE_CUSIPS,34007704385,true,116,1,104,105,309
430031587961498330,MMI1,P0_HELD_OR_PENDING,false,true,OPEN_REVIEW,common,,620097105,2011-06-23,2012-05-21,HELD_OR_PENDING_OMITTED_FROM_INITIAL_HEURISTIC_QUEUE,34007704385,true,110,1,105,30,229
572943415348500978,CIG,P0_HELD_OR_PENDING,false,true,REVIEWED_TYPE_CORRECTION,common,non_common,204409601,2006-10-05,2022-11-17,HELD_OR_PENDING_OMITTED_FROM_INITIAL_HEURISTIC_QUEUE;FACTUAL_TYPE_DEFECT_OMITTED_FROM_INITIAL_HEURISTIC_QUEUE,34007704385,true,108,1,164,224,2041
502221490776957978,CNQ,P0_HELD_OR_PENDING,false,true,OPEN_REVIEW,common,,136385101,2006-07-05,2026-07-31,HELD_OR_PENDING_OMITTED_FROM_INITIAL_HEURISTIC_QUEUE,34007704385,true,106,1,329,430,5050
907989354920106752,ESINQ,P0_HELD_OR_PENDING,false,true,OPEN_REVIEW,common,,45068B109,2006-07-05,2014-11-11,HELD_OR_PENDING_OMITTED_FROM_INITIAL_HEURISTIC_QUEUE,34007704385,true,103,1,297,278,1564
530359455120985610,IRM,P0_HELD_OR_PENDING,true,true,OPEN_REVIEW,common,,46284V101 462846106 46284P104,2011-03-16,2011-04-07,MULTIPLE_CUSIPS,34007704385,true,98,1,292,263,4739
813289731723060566,VRUS1,P0_HELD_OR_PENDING,false,true,OPEN_REVIEW,common,,71715N106,2011-03-08,2012-01-17,HELD_OR_PENDING_OMITTED_FROM_INITIAL_HEURISTIC_QUEUE,34007704385,true,96,1,213,131,217
449719108232849215,CVE,P0_HELD_OR_PENDING,false,true,OPEN_REVIEW,common,,15135U109,2010-05-20,2026-07-31,HELD_OR_PENDING_OMITTED_FROM_INITIAL_HEURISTIC_QUEUE,34007704385,true,93,1,310,474,4035
1040633074096912075,FALB,P0_HELD_OR_PENDING,true,true,OPEN_REVIEW,common,,655422103 306104100,2006-07-05,2006-08-15,MULTIPLE_CUSIPS,34007704385,true,93,1,28,7,28
955633408933081375,AQN,P0_HELD_OR_PENDING,false,true,OPEN_REVIEW,common,,015857105,2019-10-22,2026-07-31,HELD_OR_PENDING_OMITTED_FROM_INITIAL_HEURISTIC_QUEUE,34007704385,true,92,1,27,28,1290
1101721561863743358,B,P0_HELD_OR_PENDING,true,true,OPEN_REVIEW,common,,067901108 06849F108,2007-03-07,2007-03-13,MULTIPLE_CUSIPS,34007704385,true,91,1,651,790,5050
852684403524489499,THOR1,P0_HELD_OR_PENDING,true,true,OPEN_REVIEW,common,,885175307 885175109,2008-08-05,2015-10-07,MULTIPLE_CUSIPS,34007704385,true,88,2,366,277,1364
295827892474952163,VET,P0_HELD_OR_PENDING,false,true,OPEN_REVIEW,common,,923725105,2019-09-20,2026-05-29,HELD_OR_PENDING_OMITTED_FROM_INITIAL_HEURISTIC_QUEUE,34007704385,true,87,1,232,155,465
5689365313597871,LMNX1,P0_HELD_OR_PENDING,false,true,OPEN_REVIEW,common,,55027E102,2020-05-04,2021-06-09,HELD_OR_PENDING_OMITTED_FROM_INITIAL_HEURISTIC_QUEUE,34007704385,true,78,1,47,18,156
551861565064769073,AG,P0_HELD_OR_PENDING,true,true,OPEN_REVIEW,common,,32076V103 32076R102,2019-06-24,2026-07-31,MULTIPLE_CUSIPS,34007704385,true,74,1,603,577,2497
951444737711757802,SWIR,P0_HELD_OR_PENDING,false,true,OPEN_REVIEW,common,,826516106,2007-06-21,2023-01-12,HELD_OR_PENDING_OMITTED_FROM_INITIAL_HEURISTIC_QUEUE,34007704385,true,69,1,231,107,305
345679706151556113,SU,P0_HELD_OR_PENDING,true,true,OPEN_REVIEW,common,,867224107 867229106,2006-07-05,2026-07-31,MULTIPLE_CUSIPS,34007704385,true,69,1,178,359,5050
816819956840135126,BUD1,P0_HELD_OR_PENDING,false,true,OPEN_REVIEW,common,,035229103,2006-07-05,2008-11-17,HELD_OR_PENDING_OMITTED_FROM_INITIAL_HEURISTIC_QUEUE,34007704385,true,69,1,70,50,598
693180408510627827,GAS1,P0_HELD_OR_PENDING,false,true,OPEN_REVIEW,common,,654086107,2007-03-07,2011-12-09,HELD_OR_PENDING_OMITTED_FROM_INITIAL_HEURISTIC_QUEUE,34007704385,true,65,1,63,39,626
234488913323173693,FNF,P0_HELD_OR_PENDING,true,true,OPEN_REVIEW,common,,31620R303 31620R105,2016-01-25,2016-02-10,MULTIPLE_CUSIPS,34007704385,true,63,1,224,242,4964
416483318413645411,DRS1,P0_HELD_OR_PENDING,true,true,OPEN_REVIEW,common,,252456108 23330X100 252456405 252456207,2006-07-05,2008-10-21,MULTIPLE_CUSIPS,34007704385,true,62,1,97,55,455
353685636371040898,AVL1,P0_HELD_OR_PENDING,false,true,OPEN_REVIEW,common,,05366B102,2006-07-05,2006-07-12,HELD_OR_PENDING_OMITTED_FROM_INITIAL_HEURISTIC_QUEUE,34007704385,true,62,1,6,0,6
301606049357818446,TBSIQ,P0_HELD_OR_PENDING,true,true,OPEN_REVIEW,common,,G8657Q104 G86975151,2007-07-24,2008-10-01,MULTIPLE_CUSIPS,34007704385,true,56,1,147,80,277
242312827585388125,ANAC1,P0_HELD_OR_PENDING,false,true,OPEN_REVIEW,common,,032420101,2014-12-19,2016-06-23,HELD_OR_PENDING_OMITTED_FROM_INITIAL_HEURISTIC_QUEUE,34007704385,true,53,1,216,123,330
522079657918750480,TSG1,P0_HELD_OR_PENDING,false,true,OPEN_REVIEW,common,,785905100,2006-11-08,2007-03-29,HELD_OR_PENDING_OMITTED_FROM_INITIAL_HEURISTIC_QUEUE,34007704385,true,51,1,49,21,78
840588175708298328,VOLT2,P0_HELD_OR_PENDING,false,true,OPEN_REVIEW,common,,928703107,2006-07-05,2007-02-15,HELD_OR_PENDING_OMITTED_FROM_INITIAL_HEURISTIC_QUEUE,34007704385,true,50,1,43,17,66
1025975490253483719,UNTCQ,P0_HELD_OR_PENDING,true,true,OPEN_REVIEW,common,,909218109 909218208,2006-07-05,2016-12-28,MULTIPLE_CUSIPS,34007704385,true,49,1,125,112,1107
803323372359949049,GPRO1,P0_HELD_OR_PENDING,false,true,OPEN_REVIEW,common,,36866T103,2006-08-01,2012-07-31,HELD_OR_PENDING_OMITTED_FROM_INITIAL_HEURISTIC_QUEUE,34007704385,true,46,1,76,62,932
304762952062850296,STEC1,P0_HELD_OR_PENDING,true,true,OPEN_REVIEW,common,,784774101 828820100 828823104,2009-05-20,2011-08-26,MULTIPLE_CUSIPS,34007704385,true,44,1,174,174,568
229177174933045805,PCXCQ,P0_HELD_OR_PENDING,true,true,OPEN_REVIEW,common,,70336T104 70336T500,2008-05-05,2012-07-06,MULTIPLE_CUSIPS,34007704385,true,42,1,369,222,990
985915492195814773,ADPTQ,P0_HELD_OR_PENDING,false,true,OPEN_REVIEW,common,,006855100,2015-06-25,2016-11-30,HELD_OR_PENDING_OMITTED_FROM_INITIAL_HEURISTIC_QUEUE,34007704385,true,41,1,117,78,312
794026657301614010,HMY,P0_HELD_OR_PENDING,false,true,OPEN_REVIEW,common,,413216300,2006-07-05,2026-07-31,HELD_OR_PENDING_OMITTED_FROM_INITIAL_HEURISTIC_QUEUE,34007704385,true,39,1,565,608,2827
327333102048036914,SICPQ,P0_HELD_OR_PENDING,false,true,OPEN_REVIEW,common,,82837P408,2020-12-14,2023-04-19,HELD_OR_PENDING_OMITTED_FROM_INITIAL_HEURISTIC_QUEUE,34007704385,true,38,1,206,153,583
558144031790701315,HMIN,P0_HELD_OR_PENDING,true,true,OPEN_REVIEW,common,,43713W107 43742E102,2007-06-07,2016-03-30,MULTIPLE_CUSIPS,34007704385,true,29,1,89,70,303
481857333199692347,NBEVQ,P0_HELD_OR_PENDING,true,true,OPEN_REVIEW,common,,64157V108 650194103 024718108,2018-09-19,2019-05-22,MULTIPLE_CUSIPS,34007704385,true,28,1,120,68,169
275516769506070811,ATHN1,P0_HELD_OR_PENDING,false,true,OPEN_REVIEW,common,,04685W103,2009-01-28,2019-02-11,HELD_OR_PENDING_OMITTED_FROM_INITIAL_HEURISTIC_QUEUE,34007704385,true,17,1,421,395,2205
36666266239592614,ALO1,P0_HELD_OR_PENDING,false,true,OPEN_REVIEW,common,,020813101,2006-12-13,2008-12-26,HELD_OR_PENDING_OMITTED_FROM_INITIAL_HEURISTIC_QUEUE,34007704385,true,17,1,102,78,230
175647085019960977,SWI1,P0_HELD_OR_PENDING,false,true,OPEN_REVIEW,common,,83416B109,2009-11-17,2016-02-04,HELD_OR_PENDING_OMITTED_FROM_INITIAL_HEURISTIC_QUEUE,34007704385,true,14,1,316,235,1189
117268708159146582,GLDN1,P0_HELD_OR_PENDING,false,true,OPEN_REVIEW,common,,38122G107,2007-06-18,2008-02-28,HELD_OR_PENDING_OMITTED_FROM_INITIAL_HEURISTIC_QUEUE,34007704385,true,13,1,80,56,154
895182212221004918,VTNRQ,P0_HELD_OR_PENDING,true,true,OPEN_REVIEW,common,,92534K107 92861H107 981517105,2021-05-27,2023-04-25,MULTIPLE_CUSIPS,34007704385,true,6,1,160,113,270
177331179426033273,X,P1_DURABLE_RANKED,true,true,OPEN_REVIEW,common,,912909108 90337T101,2009-11-20,2010-01-15,MULTIPLE_CUSIPS,34007704385,true,0,0,999,897,4768
932688238263985034,WPM,P1_DURABLE_RANKED,true,true,OPEN_REVIEW,common,,962879102 828336107,2006-09-14,2026-07-31,MULTIPLE_CUSIPS,34007704385,true,0,0,889,925,4930
485890300102019848,SGI,P1_DURABLE_RANKED,false,false,BASE_HYPOTHESIS_NOT_IN_CURRENT_REVIEW_FRONTIER,common,,88023U101,2006-10-30,2008-10-21,,34007704385,true,0,0,876,599,4638
985458183012447728,SPWRQ,P1_DURABLE_RANKED,true,true,OPEN_REVIEW,common,,867652406 867652109,2006-10-18,2024-07-24,MULTIPLE_CUSIPS,34007704385,true,0,0,875,864,3650
190238050556274556,HL,P1_DURABLE_RANKED,false,false,BASE_HYPOTHESIS_NOT_IN_CURRENT_REVIEW_FRONTIER,common,,422704106,2024-08-22,2024-08-22,,34007704385,true,0,0,860,814,3484
913893647957981163,AEM,P1_DURABLE_RANKED,false,false,BASE_HYPOTHESIS_NOT_IN_CURRENT_REVIEW_FRONTIER,common,,008474108,2006-07-05,2026-07-31,,34007704385,true,0,0,811,823,5050
756342866994377362,KGC,P1_DURABLE_RANKED,true,true,OPEN_REVIEW,common,,496902404 496902107 496902206,2006-08-11,2026-07-31,MULTIPLE_CUSIPS,34007704385,true,0,0,808,824,4909
40644482043311334,PBR,P1_DURABLE_RANKED,false,false,BASE_HYPOTHESIS_NOT_IN_CURRENT_REVIEW_FRONTIER,common,,71654V408,2006-07-05,2026-07-31,,34007704385,true,0,0,780,757,5050
987173547474629718,TECK,P1_DURABLE_RANKED,true,true,OPEN_REVIEW,common,,878742204 878742303,2007-02-22,2026-07-31,MULTIPLE_CUSIPS,34007704385,true,0,0,743,747,4822
272478278078438193,WOLF2,P1_DURABLE_RANKED,true,true,OPEN_REVIEW,common,,225447101 977852102,2006-07-05,2025-09-26,MULTIPLE_CUSIPS,34007704385,true,0,0,724,787,4665
604275120822169397,ZG,P1_DURABLE_RANKED,true,true,OPEN_REVIEW,common,,98954M101 98954A107,2012-05-07,2026-07-31,MULTIPLE_CUSIPS,34007704385,true,0,0,707,641,3025
931093969002672286,PBR.A,P1_DURABLE_RANKED,false,true,REVIEWED_TYPE_CORRECTION,common,non_common,71654V101,2006-07-05,2026-07-31,FACTUAL_TYPE_DEFECT_OMITTED_FROM_INITIAL_HEURISTIC_QUEUE,34007704385,true,0,0,697,733,5037
399015290409969211,AUY,P1_DURABLE_RANKED,false,false,BASE_HYPOTHESIS_NOT_IN_CURRENT_REVIEW_FRONTIER,common,,98462Y100,2006-07-05,2023-03-31,,34007704385,true,0,0,675,713,4098
141650404222899262,SQM,P1_DURABLE_RANKED,false,false,BASE_HYPOTHESIS_NOT_IN_CURRENT_REVIEW_FRONTIER,common,,833635105,2008-04-14,2026-07-31,,34007704385,true,0,0,647,446,3666
1141993333710135475,PAAS,P1_DURABLE_RANKED,false,false,BASE_HYPOTHESIS_NOT_IN_CURRENT_REVIEW_FRONTIER,common,,697900108,2006-07-05,2026-07-31,,34007704385,true,0,0,623,786,4535
937288233487556127,SUNEQ,P1_DURABLE_RANKED,true,true,OPEN_REVIEW,common,,86732Y109 552715104,2006-07-05,2016-03-28,MULTIPLE_CUSIPS,34007704385,true,0,0,610,456,2290
622802662196915364,RADCQ,P1_DURABLE_RANKED,true,true,OPEN_REVIEW,common,,767754104 767754872,2006-07-05,2023-08-21,MULTIPLE_CUSIPS,34007704385,true,0,0,605,505,2516
565689385423398261,TTM,P1_DURABLE_RANKED,false,false,BASE_HYPOTHESIS_NOT_IN_CURRENT_REVIEW_FRONTIER,common,,876568502,2007-04-24,2023-01-23,,34007704385,true,0,0,602,468,2896
800647012166105931,CLVSQ,P1_DURABLE_RANKED,false,false,BASE_HYPOTHESIS_NOT_IN_CURRENT_REVIEW_FRONTIER,common,,189464100,2013-06-03,2022-08-04,,34007704385,true,0,0,597,510,1920
329261821474200437,WLL2,P1_DURABLE_RANKED,true,true,OPEN_REVIEW,common,,966387102 966387409,2006-07-05,2020-07-07,MULTIPLE_CUSIPS,34007704385,true,0,0,593,591,3302
867730713416103703,EGO,P1_DURABLE_RANKED,true,true,OPEN_REVIEW,common,,284902509 284902103,2008-07-17,2026-07-31,MULTIPLE_CUSIPS,34007704385,true,0,0,583,606,2856
883800598832803066,NBIS,P1_DURABLE_RANKED,false,false,BASE_HYPOTHESIS_NOT_IN_CURRENT_REVIEW_FRONTIER,common,,N97284108,2011-11-21,2026-07-31,,34007704385,true,0,0,538,559,2989
517535898370665174,ZNB,P1_DURABLE_RANKED,true,true,OPEN_REVIEW,common,,G2287A100 G2287A209 169365202 G2287A126 G2287A134 G21225100 169365103 G4645B101 G2287A142,2009-07-30,2025-10-15,MULTIPLE_CUSIPS,34007704385,true,0,0,532,597,2455
957008674074369745,S2,P1_DURABLE_RANKED,true,true,OPEN_REVIEW,common,,85207U105 852061100 852061407,2006-07-05,2020-03-31,MULTIPLE_CUSIPS,34007704385,true,0,0,522,589,3458
1042422373680994522,STM,P1_DURABLE_RANKED,true,true,OPEN_REVIEW,common,,861012102 784213100,2006-09-28,2026-07-31,MULTIPLE_CUSIPS,34007704385,true,0,0,517,335,3225
1077302146731585031,WLK,P1_DURABLE_RANKED,false,false,BASE_HYPOTHESIS_NOT_IN_CURRENT_REVIEW_FRONTIER,common,,960413102,2019-11-13,2019-12-03,,34007704385,true,0,0,507,273,3781
835968569385277275,DNRCQ,P1_DURABLE_RANKED,true,true,OPEN_REVIEW,common,,247916208 247916109,2006-07-05,2020-01-14,MULTIPLE_CUSIPS,34007704385,true,0,0,502,470,2998
768059737903560958,POT,P1_DURABLE_RANKED,false,false,BASE_HYPOTHESIS_NOT_IN_CURRENT_REVIEW_FRONTIER,common,,73755L107,2006-07-05,2017-12-29,,34007704385,true,0,0,497,319,2893
743393661197515926,TSL1,P1_DURABLE_RANKED,false,false,BASE_HYPOTHESIS_NOT_IN_CURRENT_REVIEW_FRONTIER,common,,89628E104,2007-06-22,2017-03-13,,34007704385,true,0,0,496,489,1718
778230543970543483,NOK,P1_DURABLE_RANKED,false,false,BASE_HYPOTHESIS_NOT_IN_CURRENT_REVIEW_FRONTIER,common,,654902204,2006-07-05,2026-07-31,,34007704385,true,0,0,493,495,5050
277908412373409816,MT,P1_DURABLE_RANKED,true,true,OPEN_REVIEW,common,,03938L203 03938L104 03937E101 58501T306 60684P101 464899103,2006-07-05,2026-07-31,MULTIPLE_CUSIPS,34007704385,true,0,0,484,495,5050
801001360341549242,CYBR,P1_DURABLE_RANKED,true,true,OPEN_REVIEW,common,,M2682V108 23243T105,2015-03-26,2026-02-10,MULTIPLE_CUSIPS,34007704385,true,0,0,464,320,2628
609731512019243817,SNDK1,P1_DURABLE_RANKED,false,false,BASE_HYPOTHESIS_NOT_IN_CURRENT_REVIEW_FRONTIER,common,,80004C101,2006-07-05,2016-05-11,,34007704385,true,0,0,453,422,2480
184954155896698894,IBN,P1_DURABLE_RANKED,false,false,BASE_HYPOTHESIS_NOT_IN_CURRENT_REVIEW_FRONTIER,common,,45104G104,2006-07-05,2026-07-31,,34007704385,true,0,0,452,598,5047
793410471315351029,BGC2,P1_DURABLE_RANKED,false,false,BASE_HYPOTHESIS_NOT_IN_CURRENT_REVIEW_FRONTIER,common,,369300108,2006-07-05,2018-06-05,,34007704385,true,0,0,446,317,1786
44348566159439429,NGD,P1_DURABLE_RANKED,true,true,OPEN_REVIEW,common,,644535106 233296102,2010-05-07,2026-03-23,MULTIPLE_CUSIPS,34007704385,true,0,0,438,356,1518
944883023823184405,CYH,P1_DURABLE_RANKED,false,false,BASE_HYPOTHESIS_NOT_IN_CURRENT_REVIEW_FRONTIER,common,,203668108,2016-09-29,2016-09-30,,34007704385,true,0,0,437,492,2953
207108229922134366,P1,P1_DURABLE_RANKED,false,false,BASE_HYPOTHESIS_NOT_IN_CURRENT_REVIEW_FRONTIER,common,,698354107,2012-01-27,2019-01-31,,34007704385,true,0,0,428,382,1757
944511016703721079,LLFLQ,P1_DURABLE_RANKED,true,true,OPEN_REVIEW,common,,55003T107 55003Q103,2011-07-13,2020-11-30,MULTIPLE_CUSIPS,34007704385,true,0,0,423,344,1358
697608626643031114,FRO,P1_DURABLE_RANKED,true,true,OPEN_REVIEW,common,,G3682E192 M46528101 G3682E127 541794301,2006-07-05,2026-07-31,MULTIPLE_CUSIPS,34007704385,true,0,0,422,425,2497
950956618868470019,SNBRQ,P1_DURABLE_RANKED,true,true,OPEN_REVIEW,common,,83125X103 81616X103,2006-07-05,2023-12-22,MULTIPLE_CUSIPS,34007704385,true,0,0,419,382,1790
902581431598383667,BID1,P1_DURABLE_RANKED,false,false,BASE_HYPOTHESIS_NOT_IN_CURRENT_REVIEW_FRONTIER,common,,835898107,2006-07-05,2019-10-02,,34007704385,true,0,0,417,365,2721
126280207410902950,PAY2,P1_DURABLE_RANKED,false,false,BASE_HYPOTHESIS_NOT_IN_CURRENT_REVIEW_FRONTIER,common,,92342Y109,2006-07-05,2018-08-17,,34007704385,true,0,0,416,409,2587
331866698645518730,ARRY1,P1_DURABLE_RANKED,false,false,BASE_HYPOTHESIS_NOT_IN_CURRENT_REVIEW_FRONTIER,common,,04269X105,2015-01-26,2019-07-30,,34007704385,true,0,0,406,286,739
575969493483321836,RKLB,P1_DURABLE_RANKED,true,true,OPEN_REVIEW,common,,773121108 773122106 G9442R126,2021-09-03,2021-09-03,MULTIPLE_CUSIPS,34007704385,true,0,0,406,343,1012
204796262247636272,BITA1,P1_DURABLE_RANKED,false,false,BASE_HYPOTHESIS_NOT_IN_CURRENT_REVIEW_FRONTIER,common,,091727107,2013-10-22,2020-07-09,,34007704385,true,0,0,404,339,872
861794548650473552,IRBTQ,P1_DURABLE_RANKED,false,false,BASE_HYPOTHESIS_NOT_IN_CURRENT_REVIEW_FRONTIER,common,,462726100,2012-02-09,2025-12-15,,34007704385,true,0,0,397,361,1940
573548210310379987,GTATQ,P1_DURABLE_RANKED,true,true,OPEN_REVIEW,common,,36191U106 3623E0209 36191U205,2010-08-24,2014-10-09,MULTIPLE_CUSIPS,34007704385,true,0,0,389,255,717
648613683991988836,JMIA,P1_DURABLE_RANKED,false,false,BASE_HYPOTHESIS_NOT_IN_CURRENT_REVIEW_FRONTIER,common,,48138M105,2020-01-22,2026-06-04,,34007704385,true,0,0,386,261,836
841329963983991726,IOC,P1_DURABLE_RANKED,false,false,BASE_HYPOTHESIS_NOT_IN_CURRENT_REVIEW_FRONTIER,common,,460951106,2006-11-28,2017-02-22,,34007704385,true,0,0,383,437,1616
728713302281578325,CCJ,P1_DURABLE_RANKED,false,false,BASE_HYPOTHESIS_NOT_IN_CURRENT_REVIEW_FRONTIER,common,,13321L108,2006-07-05,2026-07-31,,34007704385,true,0,0,372,603,4566
159159432185190966,EXK,P1_DURABLE_RANKED,false,false,BASE_HYPOTHESIS_NOT_IN_CURRENT_REVIEW_FRONTIER,common,,29258Y103,2011-03-07,2026-07-31,,34007704385,true,0,0,360,300,864
649261350427076980,JASO,P1_DURABLE_RANKED,true,true,OPEN_REVIEW,common,,466090206 466090107,2007-08-08,2015-06-12,MULTIPLE_CUSIPS,34007704385,true,0,0,360,319,1228
1080155462720417725,CRRTQ,P1_DURABLE_RANKED,false,false,BASE_HYPOTHESIS_NOT_IN_CURRENT_REVIEW_FRONTIER,common,,140781105,2006-10-13,2015-08-28,,34007704385,true,0,0,357,341,1573
389655448979765487,TSEM,P1_DURABLE_RANKED,true,true,OPEN_REVIEW,common,,M87915274 M87915100,2015-02-02,2026-07-31,MULTIPLE_CUSIPS,34007704385,true,0,0,356,171,1083
280302887364922861,FLNA,P1_DURABLE_RANKED,true,true,OPEN_REVIEW,common,,14817C107 69562K100 69562K506,2019-12-27,2025-10-20,MULTIPLE_CUSIPS,34007704385,true,0,0,355,311,885
1078441932403744620,BCS,P1_DURABLE_RANKED,false,false,BASE_HYPOTHESIS_NOT_IN_CURRENT_REVIEW_FRONTIER,common,,06738E204,2006-10-10,2026-07-31,,34007704385,true,0,0,350,370,4784
490377804284263256,WUBA,P1_DURABLE_RANKED,false,false,BASE_HYPOTHESIS_NOT_IN_CURRENT_REVIEW_FRONTIER,common,,31680Q104,2014-05-05,2020-09-16,,34007704385,true,0,0,350,289,1590
383867711160267498,ARMH1,P1_DURABLE_RANKED,false,false,BASE_HYPOTHESIS_NOT_IN_CURRENT_REVIEW_FRONTIER,common,,042068106,2010-01-28,2016-09-02,,34007704385,true,0,0,349,275,1631
677962974828146176,ONTO,P1_DURABLE_RANKED,true,true,OPEN_REVIEW,common,,683344105 630077105,2022-01-06,2022-01-07,MULTIPLE_CUSIPS,34007704385,true,0,0,349,244,1189
82170842208443514,ASML,P1_DURABLE_RANKED,true,true,OPEN_REVIEW,common,,N07059210 N07059186 N07059111,2006-07-05,2026-07-31,MULTIPLE_CUSIPS,34007704385,true,0,0,348,376,5050
285840497023460595,HDB,P1_DURABLE_RANKED,false,false,BASE_HYPOTHESIS_NOT_IN_CURRENT_REVIEW_FRONTIER,common,,40415F101,2007-02-23,2026-07-31,,34007704385,true,0,0,346,418,4799
704023577703612939,AGU,P1_DURABLE_RANKED,false,false,BASE_HYPOTHESIS_NOT_IN_CURRENT_REVIEW_FRONTIER,common,,008916108,2006-10-20,2017-12-29,,34007704385,true,0,0,340,272,2817
179460760874548237,TEN1,P1_DURABLE_RANKED,true,true,OPEN_REVIEW,common,,880349105 88037E101 880370101,2007-04-27,2022-11-16,MULTIPLE_CUSIPS,34007704385,true,0,0,338,295,2534
61426474618251824,GRUB1,P1_DURABLE_RANKED,false,false,BASE_HYPOTHESIS_NOT_IN_CURRENT_REVIEW_FRONTIER,common,,400110102,2014-10-03,2021-06-14,,34007704385,true,0,0,337,313,1684
369995575874917058,MTCH2,P1_DURABLE_RANKED,false,false,BASE_HYPOTHESIS_NOT_IN_CURRENT_REVIEW_FRONTIER,common,,57665R106,2016-07-28,2020-06-30,,34007704385,true,0,0,336,258,859
752127607694153326,ING,P1_DURABLE_RANKED,false,false,BASE_HYPOTHESIS_NOT_IN_CURRENT_REVIEW_FRONTIER,common,,456837103,2006-10-17,2026-07-31,,34007704385,true,0,0,335,331,4633
474078299930106411,CHL,P1_DURABLE_RANKED,false,false,BASE_HYPOTHESIS_NOT_IN_CURRENT_REVIEW_FRONTIER,common,,16941M109,2006-08-22,2021-01-08,,34007704385,true,0,0,333,232,3599
770750783220567076,TUPBQ,P1_DURABLE_RANKED,false,false,BASE_HYPOTHESIS_NOT_IN_CURRENT_REVIEW_FRONTIER,common,,899896104,2007-05-23,2023-11-03,,34007704385,true,0,0,333,343,2936
1121292966566317463,TLRDQ,P1_DURABLE_RANKED,true,true,OPEN_REVIEW,common,,87403A107 587118100,2006-07-18,2019-10-09,MULTIPLE_CUSIPS,34007704385,true,0,0,331,407,2230
119690409689196878,ELN,P1_DURABLE_RANKED,false,false,BASE_HYPOTHESIS_NOT_IN_CURRENT_REVIEW_FRONTIER,common,,284131208,2006-07-05,2013-12-17,,34007704385,true,0,0,329,315,1528
1100231611071698839,LAR,P1_DURABLE_RANKED,true,true,OPEN_REVIEW,common,,53680Q207 53681K100 H5012F103,2020-09-21,2026-06-18,MULTIPLE_CUSIPS,34007704385,true,0,0,324,215,881
177771553309900509,ARGX,P1_DURABLE_RANKED,false,false,BASE_HYPOTHESIS_NOT_IN_CURRENT_REVIEW_FRONTIER,common,,04016X101,2017-12-14,2026-07-31,,34007704385,true,0,0,323,254,1855
685806196452280903,OASPQ,P1_DURABLE_RANKED,false,false,BASE_HYPOTHESIS_NOT_IN_CURRENT_REVIEW_FRONTIER,common,,674215108,2010-12-22,2020-06-18,,34007704385,true,0,0,323,442,2295
1000817194050186660,DB,P1_DURABLE_RANKED,false,false,BASE_HYPOTHESIS_NOT_IN_CURRENT_REVIEW_FRONTIER,common,,D18190898,2009-07-06,2026-03-17,,34007704385,true,0,0,321,487,4948
661925293266930660,CMI,P1_DURABLE_RANKED,false,false,BASE_HYPOTHESIS_NOT_IN_CURRENT_REVIEW_FRONTIER,common,,231021106,2006-07-05,2026-07-31,,34007704385,true,0,0,321,258,5050
935924025138960001,USG1,P1_DURABLE_RANKED,true,true,OPEN_REVIEW,common,,903293405 903293306,2006-07-05,2019-04-23,MULTIPLE_CUSIPS,34007704385,true,0,0,321,342,2758
499133590037325343,TS,P1_DURABLE_RANKED,false,false,BASE_HYPOTHESIS_NOT_IN_CURRENT_REVIEW_FRONTIER,common,,88031M109,2006-07-05,2026-07-31,,34007704385,true,0,0,317,340,4990
114050363778255165,AKRXQ,P1_DURABLE_RANKED,false,false,BASE_HYPOTHESIS_NOT_IN_CURRENT_REVIEW_FRONTIER,common,,009728106,2012-02-21,2019-01-04,,34007704385,true,0,0,313,266,1256
538554343829210633,ALU,P1_DURABLE_RANKED,false,false,BASE_HYPOTHESIS_NOT_IN_CURRENT_REVIEW_FRONTIER,common,,013904305,2006-07-05,2015-12-23,,34007704385,true,0,0,312,354,2019
685580789639317612,RIO,P1_DURABLE_RANKED,true,true,OPEN_REVIEW,common,,767204100 204412209 204412100 767202104,2006-07-05,2026-07-31,MULTIPLE_CUSIPS,34007704385,true,0,0,307,387,5050
86634716868818470,FNV,P1_DURABLE_RANKED,false,false,BASE_HYPOTHESIS_NOT_IN_CURRENT_REVIEW_FRONTIER,common,,351858105,2012-09-24,2026-07-31,,34007704385,true,0,0,304,375,3283
271541652423941074,MBT,P1_DURABLE_RANKED,false,false,BASE_HYPOTHESIS_NOT_IN_CURRENT_REVIEW_FRONTIER,common,,607409109,2006-07-05,2022-02-25,,34007704385,true,0,0,302,402,3595
631152957050863159,HUM,P1_DURABLE_RANKED,false,false,BASE_HYPOTHESIS_NOT_IN_CURRENT_REVIEW_FRONTIER,common,,444859102,2006-07-05,2026-07-31,,34007704385,true,0,0,298,472,5050
557344559081256019,ET,P1_DURABLE_RANKED,false,false,BASE_HYPOTHESIS_NOT_IN_CURRENT_REVIEW_FRONTIER,common,,29273V100,2018-10-24,2026-07-31,,34007704385,true,0,0,297,244,3791
873597173719555178,LEN,P1_DURABLE_RANKED,false,false,BASE_HYPOTHESIS_NOT_IN_CURRENT_REVIEW_FRONTIER,common,,526057104,2006-07-05,2026-07-31,,34007704385,true,0,0,294,483,5050
283931002164964504,TWOUQ,P1_DURABLE_RANKED,true,true,OPEN_REVIEW,common,,90214J101 90214J200,2015-09-25,2024-08-01,MULTIPLE_CUSIPS,34007704385,true,0,0,292,239,1257
255080464534214550,GPORQ,P1_DURABLE_RANKED,false,false,BASE_HYPOTHESIS_NOT_IN_CURRENT_REVIEW_FRONTIER,common,,402635304,2011-03-14,2019-08-13,,34007704385,true,0,0,291,334,2039
66878479462828739,SIMO,P1_DURABLE_RANKED,false,false,BASE_HYPOTHESIS_NOT_IN_CURRENT_REVIEW_FRONTIER,common,,82706C108,2007-03-23,2026-07-31,,34007704385,true,0,0,289,287,1740
988542438072308803,FMCN,P1_DURABLE_RANKED,false,false,BASE_HYPOTHESIS_NOT_IN_CURRENT_REVIEW_FRONTIER,common,,34415V109,2006-07-05,2013-05-23,,34007704385,true,0,0,289,297,1623
414519427740402819,BAC,P1_DURABLE_RANKED,true,true,OPEN_REVIEW,common,,060505104 06605F102 638585109,2011-07-22,2011-08-01,MULTIPLE_CUSIPS,34007704385,true,0,0,287,288,5050
1101603435419704379,STLA,P1_DURABLE_RANKED,true,true,OPEN_REVIEW,common,,N82405106 N31738102,2015-04-15,2026-07-31,MULTIPLE_CUSIPS,34007704385,true,0,0,286,258,2822
384983803680568618,PLNT,P1_DURABLE_RANKED,false,false,BASE_HYPOTHESIS_NOT_IN_CURRENT_REVIEW_FRONTIER,common,,72703H101,2016-12-08,2016-12-14,,34007704385,true,0,0,286,235,2375
1111338238950530033,YGEHY,P1_DURABLE_RANKED,true,true,OPEN_REVIEW,common,,98584B103 98584B202,2007-12-06,2014-07-14,MULTIPLE_CUSIPS,34007704385,true,0,0,282,256,1133
410442889828988458,LUMN,P1_DURABLE_RANKED,true,true,OPEN_REVIEW,common,,156700106 550241103,2007-10-26,2020-10-23,MULTIPLE_CUSIPS,34007704385,true,0,0,282,358,4926
604552861545382186,HAPN,P1_DURABLE_RANKED,true,true,OPEN_REVIEW,common,,52603A208 52603A109,2015-06-15,2026-07-31,MULTIPLE_CUSIPS,34007704385,true,0,0,278,290,1534
391151952778065062,OC,P1_DURABLE_RANKED,false,false,BASE_HYPOTHESIS_NOT_IN_CURRENT_REVIEW_FRONTIER,common,,690742101,2007-06-28,2007-07-16,,34007704385,true,0,0,277,302,4507
477302961403569227,ISEE,P1_DURABLE_RANKED,true,true,OPEN_REVIEW,common,,46583P102 683745103,2014-06-02,2017-01-10,MULTIPLE_CUSIPS,34007704385,true,0,0,277,273,778
580777104042893954,SODA,P1_DURABLE_RANKED,false,false,BASE_HYPOTHESIS_NOT_IN_CURRENT_REVIEW_FRONTIER,common,,M9068E105,2011-05-05,2018-12-04,,34007704385,true,0,0,273,245,1083
804009952146469650,PCG,P1_DURABLE_RANKED,true,true,OPEN_REVIEW,unknown,,69331C108 694308107,2006-08-25,2023-02-17,MANUAL_CONFLICT;MULTIPLE_CUSIPS,34007704385,true,0,0,273,296,5050
1104508571422042454,PKX,P1_DURABLE_RANKED,true,true,OPEN_REVIEW,common,,693483109 730450103,2006-07-05,2026-07-27,MULTIPLE_CUSIPS,34007704385,true,0,0,271,198,2008
902973650148541485,PIRRQ,P1_DURABLE_RANKED,true,true,OPEN_REVIEW,common,,720279108 720279504,2008-04-10,2017-05-11,MULTIPLE_CUSIPS,34007704385,true,0,0,270,193,1383
1097135384912867188,COHR1,P1_DURABLE_RANKED,false,false,BASE_HYPOTHESIS_NOT_IN_CURRENT_REVIEW_FRONTIER,common,,192479103,2007-12-19,2022-06-30,,34007704385,true,0,0,268,222,1442
368784581101499417,CAL1,P1_DURABLE_RANKED,true,true,OPEN_REVIEW,common,,210795308 210795100,2006-07-05,2010-09-30,MULTIPLE_CUSIPS,34007704385,true,0,0,268,275,1068
153535438649515067,AX,P1_DURABLE_RANKED,true,true,OPEN_REVIEW,common,,05465C100 05566U108,2024-03-22,2024-03-27,MULTIPLE_CUSIPS,34007704385,true,0,0,265,231,1387
990238054080584816,MDC,P1_DURABLE_RANKED,false,false,BASE_HYPOTHESIS_NOT_IN_CURRENT_REVIEW_FRONTIER,common,,552676108,2021-08-04,2021-08-11,,34007704385,true,0,0,261,218,2714
497192779546000870,NETL1,P1_DURABLE_RANKED,false,false,BASE_HYPOTHESIS_NOT_IN_CURRENT_REVIEW_FRONTIER,common,,64118B100,2006-11-01,2012-02-16,,34007704385,true,0,0,260,171,921
673594173184384132,PVAHQ,P1_DURABLE_RANKED,false,false,BASE_HYPOTHESIS_NOT_IN_CURRENT_REVIEW_FRONTIER,common,,707882106,2007-08-10,2015-07-24,,34007704385,true,0,0,259,180,702
338428006488523117,EQNR,P1_DURABLE_RANKED,true,true,OPEN_REVIEW,common,,29446M102 85771P102,2006-09-15,2026-07-31,MULTIPLE_CUSIPS,34007704385,true,0,0,258,303,4770
387526833910121934,FDG1,P1_DURABLE_RANKED,true,true,OPEN_REVIEW,common,,345425102 345426100,2006-07-05,2008-10-24,MULTIPLE_CUSIPS,34007704385,true,0,0,257,162,521
844094669702600530,ACHHY,P1_DURABLE_RANKED,false,false,BASE_HYPOTHESIS_NOT_IN_CURRENT_REVIEW_FRONTIER,common,,022276109,2007-01-03,2010-06-01,,34007704385,true,0,0,257,129,646
692753054155048936,RNAM,P1_DURABLE_RANKED,false,false,BASE_HYPOTHESIS_NOT_IN_CURRENT_REVIEW_FRONTIER,common,,05370A108,2022-12-14,2026-02-26,,34007704385,true,0,0,253,146,563
292100658301919299,BLDP,P1_DURABLE_RANKED,true,true,OPEN_REVIEW,common,,058586108 05858H104,2014-03-04,2026-07-28,MULTIPLE_CUSIPS,34007704385,true,0,0,252,192,839
418063875441305543,ROG,P1_DURABLE_RANKED,false,false,BASE_HYPOTHESIS_NOT_IN_CURRENT_REVIEW_FRONTIER,common,,775133101,2017-11-01,2026-07-31,,34007704385,true,0,0,252,112,967
518965153324894375,BHVN1,P1_DURABLE_RANKED,false,false,BASE_HYPOTHESIS_NOT_IN_CURRENT_REVIEW_FRONTIER,common,,G11196105,2018-03-16,2022-10-03,,34007704385,true,0,0,243,232,958
810272368527364966,GG,P1_DURABLE_RANKED,true,true,OPEN_REVIEW,common,,380956409 380956102,2006-07-05,2019-04-17,MULTIPLE_CUSIPS,34007704385,true,0,0,243,474,3218
862672891373638892,RDUS1,P1_DURABLE_RANKED,false,false,BASE_HYPOTHESIS_NOT_IN_CURRENT_REVIEW_FRONTIER,common,,750469207,2015-01-12,2021-11-16,,34007704385,true,0,0,243,208,871
690655536850013765,APC1,P1_DURABLE_RANKED,false,false,BASE_HYPOTHESIS_NOT_IN_CURRENT_REVIEW_FRONTIER,common,,032511107,2006-07-05,2019-08-08,,34007704385,true,0,0,240,287,3296
990573812603640394,ECHO,P1_DURABLE_RANKED,false,false,BASE_HYPOTHESIS_NOT_IN_CURRENT_REVIEW_FRONTIER,common,,278768106,2026-07-01,2026-07-31,,34007704385,true,0,0,240,146,785
1056985280028675237,CAA,P1_DURABLE_RANKED,true,true,OPEN_REVIEW,common,,128195104 85375C101,2008-02-04,2015-10-01,MULTIPLE_CUSIPS,34007704385,true,0,0,239,234,1866
292531942144341277,BBBYQ,P1_DURABLE_RANKED,false,false,BASE_HYPOTHESIS_NOT_IN_CURRENT_REVIEW_FRONTIER,common,,075896100,2006-07-05,2023-03-17,,34007704385,true,0,0,237,430,4205
153133684265451089,HEROQ,P1_DURABLE_RANKED,true,true,OPEN_REVIEW,common,,427093109 427093307 427093117,2006-11-17,2014-07-21,MULTIPLE_CUSIPS,34007704385,true,0,0,235,109,809
1051497820649242567,CVC,P1_DURABLE_RANKED,false,false,BASE_HYPOTHESIS_NOT_IN_CURRENT_REVIEW_FRONTIER,common,,12686C109,2007-06-27,2007-06-27,,34007704385,true,0,0,234,290,2507
575883447447184472,YOKU,P1_DURABLE_RANKED,false,false,BASE_HYPOTHESIS_NOT_IN_CURRENT_REVIEW_FRONTIER,common,,98742U100,2011-06-09,2016-04-05,,34007704385,true,0,0,234,272,1179
1137097334490607165,INSG,P1_DURABLE_RANKED,true,true,OPEN_REVIEW,common,,45782B104 45782B302 66987M604 66987M109,2007-03-02,2009-11-20,MULTIPLE_CUSIPS,34007704385,true,0,0,233,126,477
252301971587511294,SDOCQ,P1_DURABLE_RANKED,false,false,BASE_HYPOTHESIS_NOT_IN_CURRENT_REVIEW_FRONTIER,common,,80007P307,2008-05-09,2015-06-05,,34007704385,true,0,0,233,264,1765
548321324542581421,BRFS,P1_DURABLE_RANKED,true,true,OPEN_REVIEW,common,,10552T107 71361V303,2009-08-04,2025-07-17,MULTIPLE_CUSIPS,34007704385,true,0,0,231,264,2109
790051607473284035,CHE,P1_DURABLE_RANKED,true,true,OPEN_REVIEW,common,,16359R103 163596109 778787101,2006-07-26,2026-07-31,MULTIPLE_CUSIPS,34007704385,true,0,0,231,190,2716
1101080509353697420,VVUSQ,P1_DURABLE_RANKED,true,true,OPEN_REVIEW,common,,928551100 928551308,2009-09-09,2014-03-31,MULTIPLE_CUSIPS,34007704385,true,0,0,230,235,786
698168647271595940,N,P1_DURABLE_RANKED,false,false,BASE_HYPOTHESIS_NOT_IN_CURRENT_REVIEW_FRONTIER,common,,64118Q107,2014-09-12,2014-09-16,,34007704385,true,0,0,229,174,1173
624049122246070482,KEM1,P1_DURABLE_RANKED,true,true,OPEN_REVIEW,common,,488360207 488360108,2017-07-19,2020-06-12,MULTIPLE_CUSIPS,34007704385,true,0,0,228,167,564
716118408840229184,ACORQ,P1_DURABLE_RANKED,true,true,OPEN_REVIEW,common,,00484M106 00484M601 00484M700,2006-09-26,2018-10-05,MULTIPLE_CUSIPS,34007704385,true,0,0,228,304,857
821088485879503592,LCINQ,P1_DURABLE_RANKED,true,true,OPEN_REVIEW,common,,516012101 516012200,2014-02-19,2019-10-10,MULTIPLE_CUSIPS,34007704385,true,0,0,225,243,774
205944612855221329,R,P1_DURABLE_RANKED,false,false,BASE_HYPOTHESIS_NOT_IN_CURRENT_REVIEW_FRONTIER,common,,783549108,2017-04-28,2017-05-03,,34007704385,true,0,0,224,263,4942
823234404046056619,XL1,P1_DURABLE_RANKED,true,true,OPEN_REVIEW,common,,G98294104 G98290102 G98255105 G32429105 G3242A102,2006-07-05,2018-09-11,MULTIPLE_CUSIPS,34007704385,true,0,0,223,152,3067
490553424496543785,BASXQ,P1_DURABLE_RANKED,true,true,OPEN_REVIEW,common,,06985P100 06985P209,2011-04-29,2017-05-12,MULTIPLE_CUSIPS,34007704385,true,0,0,222,166,669
170492089313026196,NVTAQ,P1_DURABLE_RANKED,false,false,BASE_HYPOTHESIS_NOT_IN_CURRENT_REVIEW_FRONTIER,common,,46185L103,2018-09-14,2023-03-06,,34007704385,true,0,0,221,231,1002
1003696564907692772,GOOS,P1_DURABLE_RANKED,false,false,BASE_HYPOTHESIS_NOT_IN_CURRENT_REVIEW_FRONTIER,common,,135086106,2017-11-14,2025-09-23,,34007704385,true,0,0,219,236,1379
666213757158531660,MGA,P1_DURABLE_RANKED,false,false,BASE_HYPOTHESIS_NOT_IN_CURRENT_REVIEW_FRONTIER,common,,559222401,2006-07-05,2026-07-31,,34007704385,true,0,0,219,271,5016
66270446521259991,FTCHF,P1_DURABLE_RANKED,false,false,BASE_HYPOTHESIS_NOT_IN_CURRENT_REVIEW_FRONTIER,common,,30744W107,2019-03-26,2023-12-08,,34007704385,true,0,0,216,223,1160
496491162214967514,CTV1,P1_DURABLE_RANKED,false,false,BASE_HYPOTHESIS_NOT_IN_CURRENT_REVIEW_FRONTIER,common,,203372107,2006-07-05,2011-01-13,,34007704385,true,0,0,214,170,1069
112676300749674495,HMA1,P1_DURABLE_RANKED,true,true,OPEN_REVIEW,common,,421933102 421922105,2006-07-05,2014-01-24,MULTIPLE_CUSIPS,34007704385,true,0,0,213,236,1601
53225290109588613,AGN1,P1_DURABLE_RANKED,false,false,BASE_HYPOTHESIS_NOT_IN_CURRENT_REVIEW_FRONTIER,common,,018490102,2006-07-05,2015-03-16,,34007704385,true,0,0,213,125,2188
420683784102383320,SGML,P1_DURABLE_RANKED,false,false,BASE_HYPOTHESIS_NOT_IN_CURRENT_REVIEW_FRONTIER,common,,826599102,2022-09-16,2026-07-17,,34007704385,true,0,0,210,144,534
709322007998691987,MEOH,P1_DURABLE_RANKED,false,false,BASE_HYPOTHESIS_NOT_IN_CURRENT_REVIEW_FRONTIER,common,,59151K108,2007-01-29,2026-07-31,,34007704385,true,0,0,210,242,1916
554836953150134540,CYT1,P1_DURABLE_RANKED,false,false,BASE_HYPOTHESIS_NOT_IN_CURRENT_REVIEW_FRONTIER,common,,232820100,2006-11-09,2015-12-08,,34007704385,true,0,0,209,121,1794
999229911941348239,NFX1,P1_DURABLE_RANKED,false,false,BASE_HYPOTHESIS_NOT_IN_CURRENT_REVIEW_FRONTIER,common,,651290108,2006-07-05,2019-02-12,,34007704385,true,0,0,209,361,3172
405838849220324175,KL,P1_DURABLE_RANKED,true,true,OPEN_REVIEW,common,,49741E100 49740P106,2018-08-20,2022-02-08,MULTIPLE_CUSIPS,34007704385,true,0,0,208,148,869
195255558794917781,SVNTQ,P1_DURABLE_RANKED,true,true,OPEN_REVIEW,common,,80517Q100 090578105,2007-12-13,2011-06-02,MULTIPLE_CUSIPS,34007704385,true,0,0,206,105,452
425535547356289039,CONNQ,P1_DURABLE_RANKED,false,false,BASE_HYPOTHESIS_NOT_IN_CURRENT_REVIEW_FRONTIER,common,,208242107,2013-01-07,2020-01-09,,34007704385,true,0,0,206,270,720
660854745015090064,FSM,P1_DURABLE_RANKED,true,true,OPEN_REVIEW,common,,349915108 349942102,2020-06-19,2026-07-31,MULTIPLE_CUSIPS,34007704385,true,0,0,205,142,911
452001307021238603,CZR2,P1_DURABLE_RANKED,false,false,BASE_HYPOTHESIS_NOT_IN_CURRENT_REVIEW_FRONTIER,common,,127686103,2013-02-26,2020-07-20,,34007704385,true,0,0,202,163,1038
482282576872746124,PL1,P1_DURABLE_RANKED,true,true,OPEN_REVIEW,common,,743674103 743674202,2007-02-08,2015-01-30,MULTIPLE_CUSIPS,34007704385,true,0,0,201,77,547
257995258404860206,ERF,P1_DURABLE_RANKED,true,true,OPEN_REVIEW,common,,292766102 29274D604,2006-07-05,2024-05-30,MULTIPLE_CUSIPS,34007704385,true,0,0,200,128,1413
881287449861697451,MAKO1,P1_DURABLE_RANKED,false,false,BASE_HYPOTHESIS_NOT_IN_CURRENT_REVIEW_FRONTIER,common,,560879108,2011-05-18,2013-12-16,,34007704385,true,0,0,198,146,397
230705579175072560,HOSSQ,P1_DURABLE_RANKED,false,false,BASE_HYPOTHESIS_NOT_IN_CURRENT_REVIEW_FRONTIER,common,,440543106,2006-11-08,2015-08-26,,34007704385,true,0,0,197,216,1178
866003480285306987,DYN1,P1_DURABLE_RANKED,false,false,BASE_HYPOTHESIS_NOT_IN_CURRENT_REVIEW_FRONTIER,common,,26817R108,2013-04-09,2018-04-06,,34007704385,true,0,0,195,228,1013
300480570843838414,GTI1,P1_DURABLE_RANKED,true,true,OPEN_REVIEW,common,,384313102 90262K109,2007-05-09,2015-06-23,MULTIPLE_CUSIPS,34007704385,true,0,0,193,156,924
179723888445251193,ATHR1,P1_DURABLE_RANKED,false,false,BASE_HYPOTHESIS_NOT_IN_CURRENT_REVIEW_FRONTIER,common,,04743P108,2006-07-05,2011-05-24,,34007704385,true,0,0,192,180,1213
470898446993080544,CAM2,P1_DURABLE_RANKED,true,true,OPEN_REVIEW,common,,13342B105 216640102,2006-07-05,2016-04-01,MULTIPLE_CUSIPS,34007704385,true,0,0,192,156,2452
784755978994935882,ANVGQ,P1_DURABLE_RANKED,true,true,OPEN_REVIEW,common,,019344100 448629105,2010-05-21,2014-04-17,MULTIPLE_CUSIPS,34007704385,true,0,0,192,176,753
944771979911506439,SBNY,P1_DURABLE_RANKED,false,false,BASE_HYPOTHESIS_NOT_IN_CURRENT_REVIEW_FRONTIER,common,,82669G104,2008-02-14,2023-03-10,,34007704385,true,0,0,191,147,2706
177752727931112051,LVNTA,P1_DURABLE_RANKED,true,true,OPEN_REVIEW,common,,53071M880 53071M856,2013-02-13,2018-03-09,MULTIPLE_CUSIPS,34007704385,true,0,0,189,121,1226
1089135472417080980,KCG1,P1_DURABLE_RANKED,true,true,OPEN_REVIEW,common,,499005106 499063105 499067106 499068104,2006-07-05,2012-12-26,MULTIPLE_CUSIPS,34007704385,true,0,0,188,132,1078
1129027503593469049,TSEOF,P1_DURABLE_RANKED,true,true,OPEN_REVIEW,common,,L9340P101 G9059U107,2016-03-22,2022-04-29,MULTIPLE_CUSIPS,34007704385,true,0,0,188,105,879
151366408533208256,SPRD,P1_DURABLE_RANKED,false,false,BASE_HYPOTHESIS_NOT_IN_CURRENT_REVIEW_FRONTIER,common,,849415203,2010-11-09,2013-12-16,,34007704385,true,0,0,188,119,433
247760171879345881,INSYQ,P1_DURABLE_RANKED,true,true,OPEN_REVIEW,common,,45824V209 45824V100,2014-03-05,2018-02-01,MULTIPLE_CUSIPS,34007704385,true,0,0,188,127,296
518880534867944450,VG2,P1_DURABLE_RANKED,false,false,BASE_HYPOTHESIS_NOT_IN_CURRENT_REVIEW_FRONTIER,common,,92886T201,2009-09-01,2022-07-20,,34007704385,true,0,0,188,187,1118
643299980994811152,DSHK,P1_DURABLE_RANKED,true,true,OPEN_REVIEW,common,,262077100 65105M108 65105M603 65105M504,2006-12-22,2014-11-25,MULTIPLE_CUSIPS,34007704385,true,0,0,187,78,899
1149831140713987637,HBM,P1_DURABLE_RANKED,false,false,BASE_HYPOTHESIS_NOT_IN_CURRENT_REVIEW_FRONTIER,common,,443628102,2023-01-31,2026-07-31,,34007704385,true,0,0,186,130,558
765856696925416500,SHLDQ,P1_DURABLE_RANKED,true,true,OPEN_REVIEW,common,,812350106 498780105,2006-07-05,2017-04-27,MULTIPLE_CUSIPS,34007704385,true,0,0,186,365,2325
220702482803789241,COCOQ,P1_DURABLE_RANKED,false,false,BASE_HYPOTHESIS_NOT_IN_CURRENT_REVIEW_FRONTIER,common,,218868107,2007-08-09,2011-06-28,,34007704385,true,0,0,185,155,745
427246378643379974,Q1,P1_DURABLE_RANKED,false,false,BASE_HYPOTHESIS_NOT_IN_CURRENT_REVIEW_FRONTIER,common,,749121109,2006-07-05,2011-03-31,,34007704385,true,0,0,185,54,1194
508233778803396747,SII1,P1_DURABLE_RANKED,false,false,BASE_HYPOTHESIS_NOT_IN_CURRENT_REVIEW_FRONTIER,common,,832110100,2006-07-05,2010-08-27,,34007704385,true,0,0,185,123,1045
22208554139556850,ALRM,P1_DURABLE_RANKED,false,false,BASE_HYPOTHESIS_NOT_IN_CURRENT_REVIEW_FRONTIER,common,,011642105,2017-12-22,2018-01-24,,34007704385,true,0,0,184,122,1088
1028362773411686417,LSI1,P1_DURABLE_RANKED,false,false,BASE_HYPOTHESIS_NOT_IN_CURRENT_REVIEW_FRONTIER,common,,502161102,2006-07-05,2014-05-06,,34007704385,true,0,0,183,216,1971
308241500991292123,CEO,P1_DURABLE_RANKED,false,false,BASE_HYPOTHESIS_NOT_IN_CURRENT_REVIEW_FRONTIER,common,,126132109,2006-07-05,2021-02-03,,34007704385,true,0,0,183,248,2512
56251943382633799,HK1,P1_DURABLE_RANKED,true,true,OPEN_REVIEW,common,,716495106 08659A104 08659A302,2006-07-05,2011-08-25,MULTIPLE_CUSIPS,34007704385,true,0,0,183,236,1280
506782738058635954,TGT,P1_DURABLE_RANKED,false,false,BASE_HYPOTHESIS_NOT_IN_CURRENT_REVIEW_FRONTIER,common,,87612E106,2008-11-06,2008-12-01,,34007704385,true,0,0,182,253,5050
703395824663586593,DNN,P1_DURABLE_RANKED,true,true,OPEN_REVIEW,common,,248356107 46052H102,2021-02-12,2026-07-31,MULTIPLE_CUSIPS,34007704385,true,0,0,182,175,780
933810461726207858,SYT1,P1_DURABLE_RANKED,false,false,BASE_HYPOTHESIS_NOT_IN_CURRENT_REVIEW_FRONTIER,common,,87160A100,2007-02-21,2017-06-22,,34007704385,true,0,0,182,109,1462
884366050981445610,DFS,P1_DURABLE_RANKED,false,false,BASE_HYPOTHESIS_NOT_IN_CURRENT_REVIEW_FRONTIER,common,,254709108,2019-05-16,2019-05-17,,34007704385,true,0,0,181,236,4384
13048155339226087,LEAP2,P1_DURABLE_RANKED,false,false,BASE_HYPOTHESIS_NOT_IN_CURRENT_REVIEW_FRONTIER,common,,521863308,2006-07-07,2013-09-06,,34007704385,true,0,0,180,253,1308
535164400049592572,MBBYF,P1_DURABLE_RANKED,false,false,BASE_HYPOTHESIS_NOT_IN_CURRENT_REVIEW_FRONTIER,common,,N51488117,2015-02-02,2017-08-31,,34007704385,true,0,0,179,134,651
1119715517712320195,SHPG,P1_DURABLE_RANKED,false,false,BASE_HYPOTHESIS_NOT_IN_CURRENT_REVIEW_FRONTIER,common,,82481R106,2006-07-05,2019-01-04,,34007704385,true,0,0,178,215,3126
74543368007969592,ME1,P1_DURABLE_RANKED,false,false,BASE_HYPOTHESIS_NOT_IN_CURRENT_REVIEW_FRONTIER,common,,56845T305,2008-01-15,2010-11-10,,34007704385,true,0,0,178,80,447
262188285563884024,CEDCQ,P1_DURABLE_RANKED,false,false,BASE_HYPOTHESIS_NOT_IN_CURRENT_REVIEW_FRONTIER,common,,153435102,2007-07-31,2011-09-26,,34007704385,true,0,0,177,105,679
1144313377406956370,XCOOQ,P1_DURABLE_RANKED,true,true,OPEN_REVIEW,common,,269279402 269279501 269279600,2007-08-10,2014-10-21,MULTIPLE_CUSIPS,34007704385,true,0,0,176,258,1567
555528150494251717,SCTY1,P1_DURABLE_RANKED,false,false,BASE_HYPOTHESIS_NOT_IN_CURRENT_REVIEW_FRONTIER,common,,83416T100,2013-06-17,2016-11-18,,34007704385,true,0,0,176,219,865
57411840384698119,UBS,P1_DURABLE_RANKED,true,true,OPEN_REVIEW,common,,H42097107 H89231338 H8920M855 H8920G155,2006-07-05,2026-07-31,MULTIPLE_CUSIPS,34007704385,true,0,0,176,244,5015
730755393061911822,FLO,P1_DURABLE_RANKED,false,false,BASE_HYPOTHESIS_NOT_IN_CURRENT_REVIEW_FRONTIER,common,,343498101,2009-02-17,2009-03-11,,34007704385,true,0,0,176,239,3372
772212824777055735,ONON,P1_DURABLE_RANKED,false,false,BASE_HYPOTHESIS_NOT_IN_CURRENT_REVIEW_FRONTIER,common,,H5919C104,2022-03-16,2026-07-31,,34007704385,true,0,0,176,153,1098
937472210068847237,VRN,P1_DURABLE_RANKED,true,true,OPEN_REVIEW,common,,22576C101 92340V107,2016-03-24,2025-05-09,MULTIPLE_CUSIPS,34007704385,true,0,0,174,184,860
244907465292558772,RKT1,P1_DURABLE_RANKED,false,false,BASE_HYPOTHESIS_NOT_IN_CURRENT_REVIEW_FRONTIER,common,,772739207,2007-08-03,2015-07-01,,34007704385,true,0,0,173,132,1470
643640553460212683,INFA1,P1_DURABLE_RANKED,false,false,BASE_HYPOTHESIS_NOT_IN_CURRENT_REVIEW_FRONTIER,common,,45666Q102,2006-07-05,2015-08-06,,34007704385,true,0,0,173,190,1918
46705815074361203,SUN1,P1_DURABLE_RANKED,true,true,OPEN_REVIEW,common,,86764P109 866762107,2006-07-05,2012-10-03,MULTIPLE_CUSIPS,34007704385,true,0,0,171,152,1575
1112840042710916617,COR2,P1_DURABLE_RANKED,false,false,BASE_HYPOTHESIS_NOT_IN_CURRENT_REVIEW_FRONTIER,common,,21870Q105,2015-10-29,2021-12-27,,34007704385,true,0,0,170,124,1510
67573316626643986,BEAT1,P1_DURABLE_RANKED,true,true,OPEN_REVIEW,common,,090672106 14159L103,2009-05-01,2021-02-08,MULTIPLE_CUSIPS,34007704385,true,0,0,170,56,311
1001469623216439292,CNH1,P1_DURABLE_RANKED,true,true,OPEN_REVIEW,common,,N20935206 N62648105 N20935107,2007-02-26,2013-05-14,MULTIPLE_CUSIPS,34007704385,true,0,0,169,117,700
358616065703609911,IMO,P1_DURABLE_RANKED,false,false,BASE_HYPOTHESIS_NOT_IN_CURRENT_REVIEW_FRONTIER,common,,453038408,2007-11-19,2026-07-31,,34007704385,true,0,0,168,152,1480
431758378971184082,WOOF1,P1_DURABLE_RANKED,false,false,BASE_HYPOTHESIS_NOT_IN_CURRENT_REVIEW_FRONTIER,common,,918194101,2006-10-30,2017-09-11,,34007704385,true,0,0,168,96,1279
509234146958765979,CHU,P1_DURABLE_RANKED,false,false,BASE_HYPOTHESIS_NOT_IN_CURRENT_REVIEW_FRONTIER,common,,16945R104,2007-01-09,2012-04-19,,34007704385,true,0,0,168,144,1024
1037451286237013475,DFODQ,P1_DURABLE_RANKED,true,true,OPEN_REVIEW,common,,242370203 242370104 865077101,2006-07-05,2018-04-09,MULTIPLE_CUSIPS,34007704385,true,0,0,167,400,2857
1055198255081002160,TRLA1,P1_DURABLE_RANKED,false,false,BASE_HYPOTHESIS_NOT_IN_CURRENT_REVIEW_FRONTIER,common,,897888103,2013-03-26,2015-02-17,,34007704385,true,0,0,167,131,435
159479669217240451,FCL1,P1_DURABLE_RANKED,false,false,BASE_HYPOTHESIS_NOT_IN_CURRENT_REVIEW_FRONTIER,common,,35039W100,2006-07-05,2009-07-31,,34007704385,true,0,0,167,140,743
326864109633904206,COF,P1_DURABLE_RANKED,false,false,BASE_HYPOTHESIS_NOT_IN_CURRENT_REVIEW_FRONTIER,common,,14040H105,2006-08-31,2006-09-14,,34007704385,true,0,0,167,197,5050
727654521122872319,EP1,P1_DURABLE_RANKED,true,true,OPEN_REVIEW,common,,28336L109 283905107,2006-07-05,2012-05-24,MULTIPLE_CUSIPS,34007704385,true,0,0,165,114,1484
528305894639165573,RICE1,P1_DURABLE_RANKED,false,false,BASE_HYPOTHESIS_NOT_IN_CURRENT_REVIEW_FRONTIER,common,,762760106,2014-07-25,2017-11-10,,34007704385,true,0,0,164,189,832
986236113377626689,STPFQ,P1_DURABLE_RANKED,false,false,BASE_HYPOTHESIS_NOT_IN_CURRENT_REVIEW_FRONTIER,common,,86800C104,2006-07-05,2011-08-26,,34007704385,true,0,0,163,246,1251
117383223584673504,MON2,P1_DURABLE_RANKED,false,false,BASE_HYPOTHESIS_NOT_IN_CURRENT_REVIEW_FRONTIER,common,,61166W101,2006-07-05,2018-06-06,,34007704385,true,0,0,162,214,3001
748865578216434536,NYX1,P1_DURABLE_RANKED,true,true,OPEN_REVIEW,common,,629491101 62949W103,2006-09-06,2013-11-12,MULTIPLE_CUSIPS,34007704385,true,0,0,162,121,1809
899932545079148879,MRK,P1_DURABLE_RANKED,true,true,OPEN_REVIEW,common,,58933Y105 589331107,2016-06-29,2016-07-01,MULTIPLE_CUSIPS,34007704385,true,0,0,162,190,5050
1035830090364021089,HQCL,P1_DURABLE_RANKED,true,true,OPEN_REVIEW,common,,41135V103 41135V301 83415U108,2007-12-03,2011-02-14,MULTIPLE_CUSIPS,34007704385,true,0,0,160,102,358
598818893906299772,INFY,P1_DURABLE_RANKED,false,false,BASE_HYPOTHESIS_NOT_IN_CURRENT_REVIEW_FRONTIER,common,,456788108,2006-07-05,2026-07-31,,34007704385,true,0,0,158,228,5050
647967670841206151,SUNWQ,P1_DURABLE_RANKED,true,true,OPEN_REVIEW,common,,86803X204 86803X105 83417A209 83417A100 55448V204,2020-09-24,2021-07-12,MULTIPLE_CUSIPS,34007704385,true,0,0,158,76,179
414649767280734725,TW2,P1_DURABLE_RANKED,true,true,OPEN_REVIEW,common,,891894107 942712100,2007-08-16,2016-01-04,MULTIPLE_CUSIPS,34007704385,true,0,0,156,126,1209
736706163712731141,AMX,P1_DURABLE_RANKED,false,false,BASE_HYPOTHESIS_NOT_IN_CURRENT_REVIEW_FRONTIER,common,,02390A101,2006-07-05,2026-07-31,,34007704385,true,0,0,155,244,5000
215914758157883078,LDKYQ,P1_DURABLE_RANKED,false,false,BASE_HYPOTHESIS_NOT_IN_CURRENT_REVIEW_FRONTIER,common,,50183L107,2007-11-29,2011-09-16,,34007704385,true,0,0,153,203,844
949382390853273872,OPEN3,P1_DURABLE_RANKED,false,false,BASE_HYPOTHESIS_NOT_IN_CURRENT_REVIEW_FRONTIER,common,,68372A104,2010-09-16,2014-07-23,,34007704385,true,0,0,153,202,937
169645355004035769,GOGL1,P1_DURABLE_RANKED,true,true,OPEN_REVIEW,common,,G39637205 G39637106 G5299G106,2021-09-20,2025-08-19,MULTIPLE_CUSIPS,34007704385,true,0,0,152,74,415
440725349157863081,QVCAQ,P1_DURABLE_RANKED,true,true,OPEN_REVIEW,common,,74915M100 53071M104 74915M605,2006-11-07,2023-03-01,MULTIPLE_CUSIPS,34007704385,true,0,0,152,247,3855
557331152896383809,EJ,P1_DURABLE_RANKED,false,false,BASE_HYPOTHESIS_NOT_IN_CURRENT_REVIEW_FRONTIER,common,,26852W103,2008-02-08,2015-07-06,,34007704385,true,0,0,152,72,292
818065986044545132,DANG,P1_DURABLE_RANKED,false,false,BASE_HYPOTHESIS_NOT_IN_CURRENT_REVIEW_FRONTIER,common,,26833A105,2011-06-09,2015-08-03,,34007704385,true,0,0,151,143,432
908793440963430061,ACIIQ,P1_DURABLE_RANKED,true,true,OPEN_REVIEW,common,,039380100 039380308,2006-07-05,2015-09-25,MULTIPLE_CUSIPS,34007704385,true,0,0,151,308,2050
213870456264344634,ACB,P1_DURABLE_RANKED,true,true,OPEN_REVIEW,common,,05156X884 05156X108 05156X850,2017-11-30,2025-03-05,MULTIPLE_CUSIPS,34007704385,true,0,0,150,214,1010
410782084757237754,ERIC,P1_DURABLE_RANKED,true,true,OPEN_REVIEW,common,,294821608 294821400 294821509,2006-07-05,2026-07-31,MULTIPLE_CUSIPS,34007704385,true,0,0,150,291,5023
615127660198584874,GFASY,P1_DURABLE_RANKED,true,true,OPEN_REVIEW,common,,362607301 362607400 362607608,2007-12-18,2012-03-06,MULTIPLE_CUSIPS,34007704385,true,0,0,149,105,815
812695558548279260,HCC1,P1_DURABLE_RANKED,false,false,BASE_HYPOTHESIS_NOT_IN_CURRENT_REVIEW_FRONTIER,common,,404132102,2006-11-03,2015-10-27,,34007704385,true,0,0,148,41,990
1060105060961105918,GNKOQ,P1_DURABLE_RANKED,false,false,BASE_HYPOTHESIS_NOT_IN_CURRENT_REVIEW_FRONTIER,common,,Y2685T107,2007-07-19,2012-03-08,,34007704385,true,0,0,146,157,812
268168787370268163,BTG,P1_DURABLE_RANKED,false,false,BASE_HYPOTHESIS_NOT_IN_CURRENT_REVIEW_FRONTIER,common,,11777Q209,2016-09-16,2026-07-31,,34007704385,true,0,0,145,213,1761
311453645065866101,ASM,P1_DURABLE_RANKED,false,false,BASE_HYPOTHESIS_NOT_IN_CURRENT_REVIEW_FRONTIER,common,,053906103,2025-06-24,2026-07-16,,34007704385,true,0,0,145,61,238
889145412998418778,MZOR,P1_DURABLE_RANKED,false,false,BASE_HYPOTHESIS_NOT_IN_CURRENT_REVIEW_FRONTIER,common,,57886P103,2017-05-09,2018-12-18,,34007704385,true,0,0,145,88,291
1107257227772806429,STR1,P1_DURABLE_RANKED,false,false,BASE_HYPOTHESIS_NOT_IN_CURRENT_REVIEW_FRONTIER,common,,748356102,2006-07-05,2016-09-16,,34007704385,true,0,0,144,125,2281
441588805890747380,INVN2,P1_DURABLE_RANKED,false,false,BASE_HYPOTHESIS_NOT_IN_CURRENT_REVIEW_FRONTIER,common,,46123D205,2012-05-18,2017-05-17,,34007704385,true,0,0,144,194,731
216684274153477700,TCF1,P1_DURABLE_RANKED,false,false,BASE_HYPOTHESIS_NOT_IN_CURRENT_REVIEW_FRONTIER,common,,872275102,2006-09-21,2019-07-31,,34007704385,true,0,0,143,148,2146
297867478054093418,SEMG1,P1_DURABLE_RANKED,false,false,BASE_HYPOTHESIS_NOT_IN_CURRENT_REVIEW_FRONTIER,common,,81663A105,2011-04-18,2019-12-04,,34007704385,true,0,0,142,150,1133
1082287459511599340,ABVX,P1_DURABLE_RANKED,false,false,BASE_HYPOTHESIS_NOT_IN_CURRENT_REVIEW_FRONTIER,common,,00370M103,2025-07-23,2026-07-31,,34007704385,true,0,0,140,70,258
242817260532849391,CPPRQ,P1_DURABLE_RANKED,true,true,OPEN_REVIEW,common,,708160106 679535104,2006-07-05,2019-03-27,MULTIPLE_CUSIPS,34007704385,true,0,0,140,452,3123
1093592172595625369,VIST,P1_DURABLE_RANKED,false,false,BASE_HYPOTHESIS_NOT_IN_CURRENT_REVIEW_FRONTIER,common,,92837L109,2026-03-19,2026-07-31,,34007704385,true,0,0,139,101,652
383833805320241393,CB1,P1_DURABLE_RANKED,false,false,BASE_HYPOTHESIS_NOT_IN_CURRENT_REVIEW_FRONTIER,common,,171232101,2006-07-05,2016-01-14,,34007704385,true,0,0,139,65,2399
53502595376597645,JRCCQ,P1_DURABLE_RANKED,false,false,BASE_HYPOTHESIS_NOT_IN_CURRENT_REVIEW_FRONTIER,common,,470355207,2008-03-10,2012-11-12,,34007704385,true,0,0,138,143,541
765920914419424833,HEI,P1_DURABLE_RANKED,false,false,BASE_HYPOTHESIS_NOT_IN_CURRENT_REVIEW_FRONTIER,common,,422806109,2015-06-26,2026-07-31,,34007704385,true,0,0,138,93,2212
697624355036831787,NWG,P1_DURABLE_RANKED,true,true,OPEN_REVIEW,common,,639057207 780097689 639057108 780097721,2008-10-09,2026-07-31,MULTIPLE_CUSIPS,34007704385,true,0,0,137,20,547
801493210686105331,NKLAQ,P1_DURABLE_RANKED,true,true,OPEN_REVIEW,common,,654110105 654110303 92243N103 92243N202,2020-03-04,2025-01-17,MULTIPLE_CUSIPS,34007704385,true,0,0,137,203,930
813497482627689409,FRX1,P1_DURABLE_RANKED,false,false,BASE_HYPOTHESIS_NOT_IN_CURRENT_REVIEW_FRONTIER,common,,345838106,2006-07-05,2014-06-30,,34007704385,true,0,0,137,167,2010
1030645231899313594,HCRSQ,P1_DURABLE_RANKED,false,false,BASE_HYPOTHESIS_NOT_IN_CURRENT_REVIEW_FRONTIER,common,,428337109,2014-05-05,2018-11-09,,34007704385,true,0,0,136,64,424
352070480355017297,ASNAQ,P1_DURABLE_RANKED,true,true,OPEN_REVIEW,common,,04351G101 04351G200 261570105,2006-07-05,2018-06-25,MULTIPLE_CUSIPS,34007704385,true,0,0,136,211,1754
868658030847439789,CHTRQ,P1_DURABLE_RANKED,false,false,BASE_HYPOTHESIS_NOT_IN_CURRENT_REVIEW_FRONTIER,common,,16117M107,2006-10-26,2007-11-21,,34007704385,true,0,0,136,86,265
927757524691444135,ATPAQ,P1_DURABLE_RANKED,false,false,BASE_HYPOTHESIS_NOT_IN_CURRENT_REVIEW_FRONTIER,common,,00208J108,2007-07-20,2012-03-29,,34007704385,true,0,0,136,180,794
659537267342817477,DPTRQ,P1_DURABLE_RANKED,true,true,OPEN_REVIEW,common,,247907207 247907306,2006-09-15,2009-10-19,MULTIPLE_CUSIPS,34007704385,true,0,0,135,98,453
1030818569223040017,PM,P1_DURABLE_RANKED,false,false,BASE_HYPOTHESIS_NOT_IN_CURRENT_REVIEW_FRONTIER,common,,718172109,2022-02-23,2022-04-04,,34007704385,true,0,0,133,184,4497
534588080959289537,BLOX1,P1_DURABLE_RANKED,false,false,BASE_HYPOTHESIS_NOT_IN_CURRENT_REVIEW_FRONTIER,common,,45672H104,2013-03-15,2016-11-04,,34007704385,true,0,0,133,150,369
594891209465982980,PDS,P1_DURABLE_RANKED,true,true,OPEN_REVIEW,unknown,,74022D308 74022D407 740215108 74022D100,2006-07-05,2015-06-04,MANUAL_CONFLICT;MULTIPLE_CUSIPS,34007704385,true,0,0,133,123,442
682451706837485270,AROC,P1_DURABLE_RANKED,true,true,OPEN_REVIEW,common,,03957W106 30225X103,2009-08-05,2015-10-21,MULTIPLE_CUSIPS,34007704385,true,0,0,133,179,1681
943088359514685365,ROSE1,P1_DURABLE_RANKED,false,false,BASE_HYPOTHESIS_NOT_IN_CURRENT_REVIEW_FRONTIER,common,,777779307,2007-07-10,2015-07-20,,34007704385,true,0,0,133,204,1181
1110538687247923781,QUNR,P1_DURABLE_RANKED,false,false,BASE_HYPOTHESIS_NOT_IN_CURRENT_REVIEW_FRONTIER,common,,74906P104,2014-07-02,2016-02-29,,34007704385,true,0,0,132,113,321
195111237412922295,LKFT,P1_DURABLE_RANKED,false,false,BASE_HYPOTHESIS_NOT_IN_CURRENT_REVIEW_FRONTIER,common,,36315X101,2017-04-24,2022-05-26,,34007704385,true,0,0,132,123,498
319449693233671007,GDI1,P1_DURABLE_RANKED,false,false,BASE_HYPOTHESIS_NOT_IN_CURRENT_REVIEW_FRONTIER,common,,365558105,2006-07-05,2013-07-30,,34007704385,true,0,0,132,74,1041
64207844585346273,ROSEQ,P1_DURABLE_RANKED,true,true,OPEN_REVIEW,common,,777385105 49877M108 49877M207 777385204,2010-11-10,2015-06-12,MULTIPLE_CUSIPS,34007704385,true,0,0,132,199,1126
267190296871711889,ALM,P1_DURABLE_RANKED,false,false,BASE_HYPOTHESIS_NOT_IN_CURRENT_REVIEW_FRONTIER,common,,020398707,2026-01-13,2026-07-31,,34007704385,true,0,0,131,56,138
683553932866830066,EXMCQ,P1_DURABLE_RANKED,false,false,BASE_HYPOTHESIS_NOT_IN_CURRENT_REVIEW_FRONTIER,common,,V3267N107,2007-08-02,2009-12-08,,34007704385,true,0,0,131,114,395
915525573542882955,PVG,P1_DURABLE_RANKED,false,false,BASE_HYPOTHESIS_NOT_IN_CURRENT_REVIEW_FRONTIER,common,,74139C102,2016-07-06,2022-03-08,,34007704385,true,0,0,131,159,474
258893123405622697,ABV,P1_DURABLE_RANKED,false,false,BASE_HYPOTHESIS_NOT_IN_CURRENT_REVIEW_FRONTIER,common,,20441W203,2006-07-05,2013-11-12,,34007704385,true,0,0,130,140,1851
1003177498035952999,LYG,P1_DURABLE_RANKED,false,false,BASE_HYPOTHESIS_NOT_IN_CURRENT_REVIEW_FRONTIER,common,,539439109,2008-01-15,2026-07-31,,34007704385,true,0,0,129,102,1640
995637221055125916,SNECQ,P1_DURABLE_RANKED,false,false,BASE_HYPOTHESIS_NOT_IN_CURRENT_REVIEW_FRONTIER,common,,79970Y105,2013-09-20,2017-08-03,,34007704385,true,0,0,129,161,589
351812478891019936,GENZ1,P1_DURABLE_RANKED,false,false,BASE_HYPOTHESIS_NOT_IN_CURRENT_REVIEW_FRONTIER,common,,372917104,2006-07-05,2011-04-08,,34007704385,true,0,0,128,106,1200
838155059329156218,NAK,P1_DURABLE_RANKED,false,false,BASE_HYPOTHESIS_NOT_IN_CURRENT_REVIEW_FRONTIER,common,,66510M204,2011-02-10,2026-03-04,,34007704385,true,0,0,128,44,151
1024163234837360095,DRIV1,P1_DURABLE_RANKED,false,false,BASE_HYPOTHESIS_NOT_IN_CURRENT_REVIEW_FRONTIER,common,,25388B104,2006-07-05,2015-01-06,,34007704385,true,0,0,127,81,869
1073341000945105483,TIVO1,P1_DURABLE_RANKED,false,false,BASE_HYPOTHESIS_NOT_IN_CURRENT_REVIEW_FRONTIER,common,,888706108,2006-08-31,2016-09-07,,34007704385,true,0,0,127,177,1129
485939835511264824,UPLMQ,P1_DURABLE_RANKED,false,false,BASE_HYPOTHESIS_NOT_IN_CURRENT_REVIEW_FRONTIER,common,,903914109,2006-07-05,2015-11-12,,34007704385,true,0,0,127,217,2314
995805153065282380,CMBT,P1_DURABLE_RANKED,true,true,OPEN_REVIEW,common,,B38564108 B38564124,2019-10-18,2026-06-26,MULTIPLE_CUSIPS,34007704385,true,0,0,127,150,690
1119755750402433659,TRIL1,P1_DURABLE_RANKED,true,true,OPEN_REVIEW,common,,89620X506 89620X100,2020-01-22,2021-11-16,MULTIPLE_CUSIPS,34007704385,true,0,0,126,70,170
816141212186568365,LOGI,P1_DURABLE_RANKED,true,true,OPEN_REVIEW,common,,H50430232 541419107,2007-01-23,2026-07-31,MULTIPLE_CUSIPS,34007704385,true,0,0,126,217,2335
882904858327189489,BEL,P1_DURABLE_RANKED,true,true,OPEN_REVIEW,common,,G1154H107 G67743107,2007-02-27,2019-04-15,MULTIPLE_CUSIPS,34007704385,true,0,0,126,72,453
349467349494008517,OZK,P1_DURABLE_RANKED,true,true,OPEN_REVIEW,common,,06417N103 063904106,2014-06-27,2026-07-31,MULTIPLE_CUSIPS,34007704385,true,0,0,125,146,2740
436637327825736565,MRX1,P1_DURABLE_RANKED,false,false,BASE_HYPOTHESIS_NOT_IN_CURRENT_REVIEW_FRONTIER,common,,584690309,2006-07-05,2012-12-10,,34007704385,true,0,0,125,134,1264
652563215601597373,TFCFA,P1_DURABLE_RANKED,true,true,OPEN_REVIEW,common,,90130A101 65248E104 652487802,2006-07-05,2019-03-19,MULTIPLE_CUSIPS,34007704385,true,0,0,125,130,3198
80472770882439521,TCPTF,P1_DURABLE_RANKED,false,false,BASE_HYPOTHESIS_NOT_IN_CURRENT_REVIEW_FRONTIER,common,,884768102,2009-06-11,2012-05-24,,34007704385,true,0,0,125,63,453
1032530646820936253,WFC,P1_DURABLE_RANKED,true,true,OPEN_REVIEW,common,,949746101 669380107,2018-02-01,2018-02-08,MULTIPLE_CUSIPS,34007704385,true,0,0,124,170,5050
477532852063999654,ALR1,P1_DURABLE_RANKED,true,true,OPEN_REVIEW,common,,01449J105 46126P106,2007-06-05,2017-10-02,MULTIPLE_CUSIPS,34007704385,true,0,0,124,233,1795
760884981490078455,AMRSQ,P1_DURABLE_RANKED,true,true,OPEN_REVIEW,common,,03236M200 03236M101,2019-02-06,2022-10-11,MULTIPLE_CUSIPS,34007704385,true,0,0,124,120,392
358282078487960651,RSHCQ,P1_DURABLE_RANKED,true,true,OPEN_REVIEW,common,,750438103 875382103 74979E101,2006-07-05,2012-05-23,MULTIPLE_CUSIPS,34007704385,true,0,0,123,166,1484
453781472257660077,LKM,P1_DURABLE_RANKED,true,true,OPEN_REVIEW,common,,64118U108 53577L105,2013-08-02,2015-01-16,MULTIPLE_CUSIPS,34007704385,true,0,0,123,121,318
493313832415681080,NXY,P1_DURABLE_RANKED,true,true,OPEN_REVIEW,common,,65334H102 136420106,2006-07-05,2013-02-25,MULTIPLE_CUSIPS,34007704385,true,0,0,123,127,1671
291579668231200993,TFCF,P1_DURABLE_RANKED,true,true,OPEN_REVIEW,common,,90130A200 65248E203 652487703,2006-07-05,2019-03-19,MULTIPLE_CUSIPS,34007704385,true,0,0,122,113,3198
370412351853998799,NVT1,P1_DURABLE_RANKED,false,false,BASE_HYPOTHESIS_NOT_IN_CURRENT_REVIEW_FRONTIER,common,,63936L100,2006-07-05,2008-07-09,,34007704385,true,0,0,122,86,506
122049451921412097,SAND,P1_DURABLE_RANKED,false,false,BASE_HYPOTHESIS_NOT_IN_CURRENT_REVIEW_FRONTIER,common,,80013R206,2016-09-16,2025-10-17,,34007704385,true,0,0,121,58,363
597674099297197400,OTEX,P1_DURABLE_RANKED,false,false,BASE_HYPOTHESIS_NOT_IN_CURRENT_REVIEW_FRONTIER,common,,683715106,2007-12-13,2026-07-31,,34007704385,true,0,0,120,166,2071
727366726560632195,MCPIQ,P1_DURABLE_RANKED,false,false,BASE_HYPOTHESIS_NOT_IN_CURRENT_REVIEW_FRONTIER,common,,608753109,2011-01-27,2014-06-05,,34007704385,true,0,0,120,139,820
857809922934095200,CMEDQ,P1_DURABLE_RANKED,false,false,BASE_HYPOTHESIS_NOT_IN_CURRENT_REVIEW_FRONTIER,common,,169483104,2006-11-17,2009-09-30,,34007704385,true,0,0,120,78,298
718843729232494238,ENERQ,P1_DURABLE_RANKED,false,false,BASE_HYPOTHESIS_NOT_IN_CURRENT_REVIEW_FRONTIER,common,,292659109,2006-07-05,2010-03-09,,34007704385,true,0,0,119,138,908
77416630273497744,STAR1,P1_DURABLE_RANKED,false,false,BASE_HYPOTHESIS_NOT_IN_CURRENT_REVIEW_FRONTIER,common,,85528P108,2008-05-13,2009-12-17,,34007704385,true,0,0,119,62,213
93116911439830233,CDCAQ,P1_DURABLE_RANKED,true,true,OPEN_REVIEW,common,,G2108N109 G2022L106 G2022L114,2006-11-20,2008-01-15,MULTIPLE_CUSIPS,34007704385,true,0,0,119,39,211
215021131720591856,BOLT1,P1_DURABLE_RANKED,false,false,BASE_HYPOTHESIS_NOT_IN_CURRENT_REVIEW_FRONTIER,common,,097698104,2007-03-16,2007-11-20,,34007704385,true,0,0,118,71,164
653581521973665711,NVLS1,P1_DURABLE_RANKED,false,false,BASE_HYPOTHESIS_NOT_IN_CURRENT_REVIEW_FRONTIER,common,,670008101,2006-07-05,2012-06-04,,34007704385,true,0,0,118,95,1488
836772800751594867,OTRKQ,P1_DURABLE_RANKED,true,true,OPEN_REVIEW,common,,683373104 149049504 683373302 683373401 44919F104 149049405 149049108 149049207,2020-08-06,2021-11-18,MULTIPLE_CUSIPS,34007704385,true,0,0,118,48,182
397304374943978012,BBVA,P1_DURABLE_RANKED,true,true,OPEN_REVIEW,common,,05946K101 07329Q507 059456103 059456400,2007-02-16,2026-07-31,MULTIPLE_CUSIPS,34007704385,true,0,0,116,165,2110
18397188588917778,EQX,P1_DURABLE_RANKED,true,true,OPEN_REVIEW,common,,29446Y502 29446Y304 29446Y106,2020-04-24,2026-07-31,MULTIPLE_CUSIPS,34007704385,true,0,0,115,82,553
263440498600908021,DHOXY,P1_DURABLE_RANKED,true,true,OPEN_REVIEW,common,,25030W100 25030W209,2006-12-28,2010-03-05,MULTIPLE_CUSIPS,34007704385,true,0,0,115,33,484
837082428109450568,NEBLQ,P1_DURABLE_RANKED,true,true,OPEN_REVIEW,common,,G65431101 H5833N103 G65422100 655042109,2006-07-05,2018-12-31,MULTIPLE_CUSIPS,34007704385,true,0,0,113,350,3131
1001634523728995283,SNPTY,P1_DURABLE_RANKED,false,false,BASE_HYPOTHESIS_NOT_IN_CURRENT_REVIEW_FRONTIER,common,,16941R108,2006-10-30,2022-09-08,,34007704385,true,0,0,112,157,1209
64206123129785849,JRJC,P1_DURABLE_RANKED,true,true,OPEN_REVIEW,common,,169379104 169379203,2007-09-24,2020-07-20,MULTIPLE_CUSIPS,34007704385,true,0,0,112,74,186
743701506215542368,JOBS,P1_DURABLE_RANKED,false,false,BASE_HYPOTHESIS_NOT_IN_CURRENT_REVIEW_FRONTIER,common,,316827104,2018-03-16,2022-05-06,,34007704385,true,0,0,112,74,379
596606942920510462,BTE,P1_DURABLE_RANKED,true,true,OPEN_REVIEW,common,,07317Q105 073176109,2011-05-16,2026-07-31,MULTIPLE_CUSIPS,34007704385,true,0,0,111,96,849
798337966937058762,FRPT1,P1_DURABLE_RANKED,false,false,BASE_HYPOTHESIS_NOT_IN_CURRENT_REVIEW_FRONTIER,common,,345203202,2006-12-06,2011-12-05,,34007704385,true,0,0,111,75,240
23018337810254348,MMATQ,P1_DURABLE_RANKED,true,true,OPEN_REVIEW,common,,59134N104 89102U103 59134N302 731100103,2021-02-08,2022-12-29,MULTIPLE_CUSIPS,34007704385,true,0,0,110,71,216
970620032440596581,TE1,P1_DURABLE_RANKED,false,false,BASE_HYPOTHESIS_NOT_IN_CURRENT_REVIEW_FRONTIER,common,,872375100,2007-06-15,2016-06-30,,34007704385,true,0,0,110,100,2243
223345417151181882,AZPN1,P1_DURABLE_RANKED,false,false,BASE_HYPOTHESIS_NOT_IN_CURRENT_REVIEW_FRONTIER,common,,045327103,2008-02-19,2022-05-16,,34007704385,true,0,0,109,131,2067
1076616376339055949,AL1,P1_DURABLE_RANKED,false,false,BASE_HYPOTHESIS_NOT_IN_CURRENT_REVIEW_FRONTIER,common,,013716105,2006-07-05,2007-11-13,,34007704385,true,0,0,108,52,343
1100338414884443485,NILE1,P1_DURABLE_RANKED,false,false,BASE_HYPOTHESIS_NOT_IN_CURRENT_REVIEW_FRONTIER,common,,09578R103,2007-05-16,2012-03-06,,34007704385,true,0,0,108,66,260
469456447416982021,DMTKQ,P1_DURABLE_RANKED,true,true,OPEN_REVIEW,common,,24984K105 G2379F108 G2379F124,2020-12-31,2021-08-18,MULTIPLE_CUSIPS,34007704385,true,0,0,108,46,159
924217175469612074,POM1,P1_DURABLE_RANKED,true,true,OPEN_REVIEW,common,,713291102 737679100,2006-12-05,2016-03-23,MULTIPLE_CUSIPS,34007704385,true,0,0,108,79,2274
175135910568338184,ARTC1,P1_DURABLE_RANKED,false,false,BASE_HYPOTHESIS_NOT_IN_CURRENT_REVIEW_FRONTIER,common,,043136100,2007-01-31,2014-05-29,,34007704385,true,0,0,107,81,368
404258436948279053,VTS1,P1_DURABLE_RANKED,true,true,OPEN_REVIEW,common,,92343P107 253804306,2006-07-05,2007-01-11,MULTIPLE_CUSIPS,34007704385,true,0,0,107,37,131
503186678476381570,VELO,P1_DURABLE_RANKED,true,true,OPEN_REVIEW,common,,92259N104 G50740102 92259N302 92259N203,2021-11-23,2021-11-30,MULTIPLE_CUSIPS,34007704385,true,0,0,107,63,151
1029024067307916826,BUFF1,P1_DURABLE_RANKED,false,false,BASE_HYPOTHESIS_NOT_IN_CURRENT_REVIEW_FRONTIER,common,,09531U102,2016-03-09,2018-04-24,,34007704385,true,0,0,106,70,482
253712989797197450,EGLE2,P1_DURABLE_RANKED,true,true,OPEN_REVIEW,common,,Y2187A150 Y2187A143 Y2187A119 Y2187A127 Y2187A101,2007-07-26,2024-04-08,MULTIPLE_CUSIPS,34007704385,true,0,0,106,77,384
687687221145493676,CZZ,P1_DURABLE_RANKED,false,false,BASE_HYPOTHESIS_NOT_IN_CURRENT_REVIEW_FRONTIER,common,,G25343107,2010-04-14,2021-03-05,,34007704385,true,0,0,106,75,304
14556114129757197,JEF1,P1_DURABLE_RANKED,false,false,BASE_HYPOTHESIS_NOT_IN_CURRENT_REVIEW_FRONTIER,common,,472319102,2006-07-05,2013-02-28,,34007704385,true,0,0,105,207,1486
1032449844265145568,APWR1,P1_DURABLE_RANKED,true,true,OPEN_REVIEW,common,,G04136100 G04136118 G04136209,2008-06-20,2010-04-08,MULTIPLE_CUSIPS,34007704385,true,0,0,104,34,137
458587006915592303,IDEXQ,P1_DURABLE_RANKED,true,true,OPEN_REVIEW,common,,45166V106 45166V205 81789Y102 98741R207 94850Q106 98741R108 16938M104,2020-06-17,2021-12-08,MULTIPLE_CUSIPS,34007704385,true,0,0,104,68,255
885757550981239976,TAHO,P1_DURABLE_RANKED,false,false,BASE_HYPOTHESIS_NOT_IN_CURRENT_REVIEW_FRONTIER,common,,873868103,2015-06-19,2019-02-21,,34007704385,true,0,0,104,77,398
323335118726927382,FLG,P1_DURABLE_RANKED,true,true,OPEN_REVIEW,common,,649445103 649445400 748242104,2006-07-05,2026-07-31,MULTIPLE_CUSIPS,34007704385,true,0,0,103,208,4986
1150032651693992592,TKC,P1_DURABLE_RANKED,true,true,OPEN_REVIEW,common,,900111204 900111105,2007-08-16,2025-10-15,MULTIPLE_CUSIPS,34007704385,true,0,0,102,41,293
157232678740160592,PRTYQ,P1_DURABLE_RANKED,false,false,BASE_HYPOTHESIS_NOT_IN_CURRENT_REVIEW_FRONTIER,common,,702149105,2018-04-02,2022-09-16,,34007704385,true,0,0,102,85,276
645812499638572541,FRANQ,P1_DURABLE_RANKED,true,true,OPEN_REVIEW,common,,351793104 351793203,2012-04-18,2020-07-29,MULTIPLE_CUSIPS,34007704385,true,0,0,102,124,560
1148193193711822658,ALTR1,P1_DURABLE_RANKED,false,false,BASE_HYPOTHESIS_NOT_IN_CURRENT_REVIEW_FRONTIER,common,,021441100,2006-07-05,2015-12-24,,34007704385,true,0,0,101,150,2386
367809761125398317,CEG1,P1_DURABLE_RANKED,true,true,OPEN_REVIEW,common,,210371100 059165100,2006-07-05,2012-03-12,MULTIPLE_CUSIPS,34007704385,true,0,0,101,73,1432
500990921491854993,CNR2,P1_DURABLE_RANKED,true,true,OPEN_REVIEW,common,,628852204 21925D109 628852105,2006-07-05,2022-07-22,MULTIPLE_CUSIPS,34007704385,true,0,0,101,58,312
1028562317308076213,SFD1,P1_DURABLE_RANKED,false,false,BASE_HYPOTHESIS_NOT_IN_CURRENT_REVIEW_FRONTIER,common,,832248108,2006-10-02,2013-09-26,,34007704385,true,0,0,100,236,1746
395005754124885796,COMS1,P1_DURABLE_RANKED,false,false,BASE_HYPOTHESIS_NOT_IN_CURRENT_REVIEW_FRONTIER,common,,885535104,2006-07-05,2010-04-08,,34007704385,true,0,0,100,88,549
647605362927682776,WR1,P1_DURABLE_RANKED,true,true,OPEN_REVIEW,common,,95709T100 959425109,2007-06-12,2018-06-04,MULTIPLE_CUSIPS,34007704385,true,0,0,100,50,2205
888801611130277543,EVEPQ,P1_DURABLE_RANKED,false,false,BASE_HYPOTHESIS_NOT_IN_CURRENT_REVIEW_FRONTIER,common,,26926V107,2011-03-18,2013-06-07,,34007704385,true,0,0,100,68,270
122127560376270672,CS,P1_DURABLE_RANKED,false,false,BASE_HYPOTHESIS_NOT_IN_CURRENT_REVIEW_FRONTIER,common,,225401108,2006-07-05,2023-03-17,,34007704385,true,0,0,99,161,4113
23320343386927940,HTT,P1_DURABLE_RANKED,false,false,BASE_HYPOTHESIS_NOT_IN_CURRENT_REVIEW_FRONTIER,common,,747798106,2018-04-20,2021-04-06,,34007704385,true,0,0,99,68,366
343962539479098777,NSM1,P1_DURABLE_RANKED,false,false,BASE_HYPOTHESIS_NOT_IN_CURRENT_REVIEW_FRONTIER,common,,637640103,2006-07-05,2011-09-23,,34007704385,true,0,0,99,90,1316
633520030606735764,HEI.A,P1_DURABLE_RANKED,false,false,BASE_HYPOTHESIS_NOT_IN_CURRENT_REVIEW_FRONTIER,common,,422806208,2018-11-06,2026-07-31,,34007704385,true,0,0,98,60,1762
819475645860203151,MTLQQ,P1_DURABLE_RANKED,true,true,OPEN_REVIEW,common,,370442105 370442402 370442501 62010U101 62010A105,2006-07-05,2009-07-10,MULTIPLE_CUSIPS,34007704385,true,0,0,98,88,748
987286587099641336,BOBJY,P1_DURABLE_RANKED,false,false,BASE_HYPOTHESIS_NOT_IN_CURRENT_REVIEW_FRONTIER,common,,12328X107,2006-07-07,2008-02-05,,34007704385,true,0,0,98,84,389
214877619014563439,FUVV,P1_DURABLE_RANKED,true,true,OPEN_REVIEW,common,,039587100 039587209,2020-11-19,2021-07-28,MULTIPLE_CUSIPS,34007704385,true,0,0,97,67,139
285093631861891744,BFXXQ,P1_DURABLE_RANKED,true,true,OPEN_REVIEW,common,,63910B102 254931108,2020-08-24,2021-04-21,MULTIPLE_CUSIPS,34007704385,true,0,0,97,50,166
324243700516094246,SGYPQ,P1_DURABLE_RANKED,true,true,OPEN_REVIEW,common,,871639308 871639209 871639100,2015-06-17,2017-12-08,MULTIPLE_CUSIPS,34007704385,true,0,0,97,60,214
652203078943743046,CNSY,P1_DURABLE_RANKED,true,true,OPEN_REVIEW,common,,23283K105 72941H400 23283K204 72941H509 23283K402 72941H806 72941H103,2006-07-05,2025-03-27,MULTIPLE_CUSIPS,34007704385,true,0,0,96,75,187
11216770926041725,CCE1,P1_DURABLE_RANKED,true,true,OPEN_REVIEW,common,,19122T109 191219104,2006-07-05,2016-05-27,MULTIPLE_CUSIPS,34007704385,true,0,0,95,67,2492
193588831378973240,OKS,P1_DURABLE_RANKED,true,true,OPEN_REVIEW,common,,68268N103 664785102,2009-06-23,2017-06-30,MULTIPLE_CUSIPS,34007704385,true,0,0,95,92,1142
483640223480714943,TT,P1_DURABLE_RANKED,true,true,OPEN_REVIEW,common,,G8994E103 G47791101 G4776G101 456866102,2016-06-22,2018-02-12,MULTIPLE_CUSIPS,34007704385,true,0,0,95,162,5050
614764004370436889,CYN1,P1_DURABLE_RANKED,false,false,BASE_HYPOTHESIS_NOT_IN_CURRENT_REVIEW_FRONTIER,common,,178566105,2006-07-05,2015-10-30,,34007704385,true,0,0,95,126,1563
711458655922744689,TFC,P1_DURABLE_RANKED,true,true,OPEN_REVIEW,unknown,,89832Q109 054937107 843444100,2006-07-05,2019-12-10,MANUAL_CONFLICT;MULTIPLE_CUSIPS,34007704385,true,0,0,95,154,5050
1135997281461296467,KG1,P1_DURABLE_RANKED,false,false,BASE_HYPOTHESIS_NOT_IN_CURRENT_REVIEW_FRONTIER,common,,495582108,2006-07-05,2011-02-09,,34007704385,true,0,0,94,84,1152
172353998531890105,ROC1,P1_DURABLE_RANKED,false,false,BASE_HYPOTHESIS_NOT_IN_CURRENT_REVIEW_FRONTIER,common,,774415103,2008-06-11,2015-01-12,,34007704385,true,0,0,94,118,1140
551894809158706341,JAVA1,P1_DURABLE_RANKED,true,true,OPEN_REVIEW,common,,866810203 866810104,2006-07-05,2010-01-26,MULTIPLE_CUSIPS,34007704385,true,0,0,94,86,896
1033234671605592683,STE1,P1_DURABLE_RANKED,false,false,BASE_HYPOTHESIS_NOT_IN_CURRENT_REVIEW_FRONTIER,common,,859152100,2007-08-08,2015-11-02,,34007704385,true,0,0,93,69,521
549611630133257860,EAC1,P1_DURABLE_RANKED,false,false,BASE_HYPOTHESIS_NOT_IN_CURRENT_REVIEW_FRONTIER,common,,29255W100,2007-01-26,2010-03-09,,34007704385,true,0,0,93,101,599
102913681476067012,C,P1_DURABLE_RANKED,true,true,OPEN_REVIEW,common,,172967424 172967101 894190107,2017-09-29,2017-10-03,MULTIPLE_CUSIPS,34007704385,true,0,0,92,201,5050
157059211001311018,SA,P1_DURABLE_RANKED,true,true,OPEN_REVIEW,common,,811916105 811927102,2010-05-20,2026-07-10,MULTIPLE_CUSIPS,34007704385,true,0,0,92,54,215
250618015555778910,SAP,P1_DURABLE_RANKED,false,false,BASE_HYPOTHESIS_NOT_IN_CURRENT_REVIEW_FRONTIER,common,,803054204,2006-07-05,2026-07-31,,34007704385,true,0,0,92,170,5050
289838969810987369,XONE1,P1_DURABLE_RANKED,false,false,BASE_HYPOTHESIS_NOT_IN_CURRENT_REVIEW_FRONTIER,common,,302104104,2013-08-08,2021-09-09,,34007704385,true,0,0,92,92,236
811902565713870019,HUT1,P1_DURABLE_RANKED,false,false,BASE_HYPOTHESIS_NOT_IN_CURRENT_REVIEW_FRONTIER,common,,44812T102,2021-12-13,2023-12-01,,34007704385,true,0,0,92,83,303
342247754560677675,BEC1,P1_DURABLE_RANKED,true,true,OPEN_REVIEW,common,,075811109 075816108,2006-07-05,2011-06-29,MULTIPLE_CUSIPS,34007704385,true,0,0,91,74,1225
569370157886073038,DNMRQ,P1_DURABLE_RANKED,true,true,OPEN_REVIEW,common,,236272100 53804F103 236272407,2020-12-30,2022-03-28,MULTIPLE_CUSIPS,34007704385,true,0,0,91,64,291
700503722601979334,RYI1,P1_DURABLE_RANKED,true,true,OPEN_REVIEW,common,,457472108 78375P107,2006-12-15,2007-10-18,MULTIPLE_CUSIPS,34007704385,true,0,0,91,62,194
492909916813820707,NUAI,P1_DURABLE_RANKED,true,true,OPEN_REVIEW,common,,77867R100 64428N109,2025-09-25,2026-07-31,MULTIPLE_CUSIPS,34007704385,true,0,0,90,74,184
944174442226145604,MI2,P1_DURABLE_RANKED,true,true,OPEN_REVIEW,common,,571837103 571834100,2006-07-05,2011-07-05,MULTIPLE_CUSIPS,34007704385,true,0,0,90,143,1259
346959650096591145,AZULQ,P1_DURABLE_RANKED,false,false,BASE_HYPOTHESIS_NOT_IN_CURRENT_REVIEW_FRONTIER,common,,05501U106,2018-05-15,2023-08-03,,34007704385,true,0,0,89,225,750
619188589572857157,BPZRQ,P1_DURABLE_RANKED,true,true,OPEN_REVIEW,common,,055639108 63934Q101 63934Q309,2008-03-26,2008-10-14,MULTIPLE_CUSIPS,34007704385,true,0,0,89,26,107
88944870845330515,TV,P1_DURABLE_RANKED,false,false,BASE_HYPOTHESIS_NOT_IN_CURRENT_REVIEW_FRONTIER,common,,40049J206,2006-07-05,2023-02-10,,34007704385,true,0,0,88,189,3367
1104896316141077892,DDAIF,P1_DURABLE_RANKED,true,true,OPEN_REVIEW,common,,D1668R123 233829308 233825207 233825108,2006-07-05,2010-06-11,MULTIPLE_CUSIPS,34007704385,true,0,0,87,56,869
605056745802848097,BCE,P1_DURABLE_RANKED,true,true,OPEN_REVIEW,common,,05534B760 05534B109,2007-04-04,2026-07-31,MULTIPLE_CUSIPS,34007704385,true,0,0,87,86,4593
860268779407231844,VR2,P1_DURABLE_RANKED,false,false,BASE_HYPOTHESIS_NOT_IN_CURRENT_REVIEW_FRONTIER,common,,G9319H102,2009-06-26,2018-07-17,,34007704385,true,0,0,87,52,1609
1029521788325121119,BSAC,P1_DURABLE_RANKED,false,false,BASE_HYPOTHESIS_NOT_IN_CURRENT_REVIEW_FRONTIER,common,,05965X109,2006-12-06,2023-03-29,,34007704385,true,0,0,86,93,1367
1118252242801920420,INCLF,P1_DURABLE_RANKED,false,false,BASE_HYPOTHESIS_NOT_IN_CURRENT_REVIEW_FRONTIER,common,,453258402,2006-07-05,2006-11-20,,34007704385,true,0,0,86,23,97
358367629315548264,ABCM,P1_DURABLE_RANKED,true,true,OPEN_REVIEW,common,,000380204 000380105,2023-06-09,2023-12-05,MULTIPLE_CUSIPS,34007704385,true,0,0,86,22,123
652039275756668888,CPNLQ,P1_DURABLE_RANKED,false,false,BASE_HYPOTHESIS_NOT_IN_CURRENT_REVIEW_FRONTIER,common,,131347106,2007-04-16,2007-08-22,,34007704385,true,0,0,85,30,85
793264198981912769,MR1,P1_DURABLE_RANKED,false,false,BASE_HYPOTHESIS_NOT_IN_CURRENT_REVIEW_FRONTIER,common,,602675100,2007-05-24,2016-03-03,,34007704385,true,0,0,84,183,1295
103118562012262941,GMXRQ,P1_DURABLE_RANKED,true,true,OPEN_REVIEW,common,,38011M603 38011M108 38011M124 38011M207,2008-06-11,2011-03-04,MULTIPLE_CUSIPS,34007704385,true,0,0,83,45,143
154787694246958247,PPMIQ,P1_DURABLE_RANKED,true,true,OPEN_REVIEW,common,,69344M101 69344M507,2006-07-05,2011-03-03,MULTIPLE_CUSIPS,34007704385,true,0,0,83,70,604
365000158987626639,OREXQ,P1_DURABLE_RANKED,true,true,OPEN_REVIEW,common,,686164104 686164302,2010-12-08,2015-05-29,MULTIPLE_CUSIPS,34007704385,true,0,0,83,93,210
404606604472462818,LIFE2,P1_DURABLE_RANKED,true,true,OPEN_REVIEW,common,,53217V109 46185R100,2006-07-05,2014-02-03,MULTIPLE_CUSIPS,34007704385,true,0,0,83,113,1908
575349595622058396,DESP,P1_DURABLE_RANKED,false,false,BASE_HYPOTHESIS_NOT_IN_CURRENT_REVIEW_FRONTIER,common,,G27358103,2024-06-28,2025-05-14,,34007704385,true,0,0,83,23,122
1056910846117906231,AWAY1,P1_DURABLE_RANKED,false,false,BASE_HYPOTHESIS_NOT_IN_CURRENT_REVIEW_FRONTIER,common,,43739Q100,2013-02-21,2015-12-14,,34007704385,true,0,0,82,142,709
1133884020040378572,NTTYY,P1_DURABLE_RANKED,false,false,BASE_HYPOTHESIS_NOT_IN_CURRENT_REVIEW_FRONTIER,common,,654624105,2008-10-08,2017-04-06,,34007704385,true,0,0,82,35,186
565310265442083771,TMX1,P1_DURABLE_RANKED,false,false,BASE_HYPOTHESIS_NOT_IN_CURRENT_REVIEW_FRONTIER,common,,879403780,2006-07-05,2011-11-08,,34007704385,true,0,0,82,117,1011
603451986059143781,MAXNQ,P1_DURABLE_RANKED,true,true,OPEN_REVIEW,common,,Y58473102 Y58473128,2021-03-01,2024-11-26,MULTIPLE_CUSIPS,34007704385,true,0,0,82,54,202
847000870107412483,COGN,P1_DURABLE_RANKED,false,false,BASE_HYPOTHESIS_NOT_IN_CURRENT_REVIEW_FRONTIER,common,,19244C109,2006-07-05,2008-01-31,,34007704385,true,0,0,82,62,396
165725908039030725,ENTR1,P1_DURABLE_RANKED,false,false,BASE_HYPOTHESIS_NOT_IN_CURRENT_REVIEW_FRONTIER,common,,29384R105,2010-09-30,2011-08-23,,34007704385,true,0,0,81,48,196
652994690256574128,PGR,P1_DURABLE_RANKED,false,false,BASE_HYPOTHESIS_NOT_IN_CURRENT_REVIEW_FRONTIER,common,,743315103,2006-07-05,2026-07-31,,34007704385,true,0,0,80,193,5050
1081761748738400301,SY2,P1_DURABLE_RANKED,false,false,BASE_HYPOTHESIS_NOT_IN_CURRENT_REVIEW_FRONTIER,common,,871130100,2006-07-13,2010-07-29,,34007704385,true,0,0,79,61,911
149644726181616035,PUK,P1_DURABLE_RANKED,false,false,BASE_HYPOTHESIS_NOT_IN_CURRENT_REVIEW_FRONTIER,common,,74435K204,2014-10-08,2026-07-31,,34007704385,true,0,0,79,9,746
164653073247657096,CGAU,P1_DURABLE_RANKED,false,false,BASE_HYPOTHESIS_NOT_IN_CURRENT_REVIEW_FRONTIER,common,,152006102,2025-10-01,2026-07-31,,34007704385,true,0,0,79,25,163
1116777537423033703,ARVLF,P1_DURABLE_RANKED,true,true,OPEN_REVIEW,common,,L0423Q108 12559C103 L0423Q124,2020-11-19,2022-05-17,MULTIPLE_CUSIPS,34007704385,true,0,0,78,46,312
200782403799405397,DNA1,P1_DURABLE_RANKED,true,true,OPEN_REVIEW,common,,368710406 368710109,2006-07-05,2009-03-26,MULTIPLE_CUSIPS,34007704385,true,0,0,78,71,686
393159556686986931,PALDF,P1_DURABLE_RANKED,true,true,OPEN_REVIEW,common,,656912102 65704X109,2008-02-22,2011-03-25,MULTIPLE_CUSIPS,34007704385,true,0,0,78,42,101
834003348431090020,AKAOQ,P1_DURABLE_RANKED,false,false,BASE_HYPOTHESIS_NOT_IN_CURRENT_REVIEW_FRONTIER,common,,004449104,2016-12-12,2018-05-17,,34007704385,true,0,0,78,46,106
911996105495022401,BEZ1,P1_DURABLE_RANKED,false,false,BASE_HYPOTHESIS_NOT_IN_CURRENT_REVIEW_FRONTIER,common,,057741100,2007-02-01,2011-01-27,,34007704385,true,0,0,78,49,328
1101937300617175548,WMS1,P1_DURABLE_RANKED,false,false,BASE_HYPOTHESIS_NOT_IN_CURRENT_REVIEW_FRONTIER,common,,929297109,2006-07-18,2013-03-07,,34007704385,true,0,0,77,108,1229
498165093608150980,IEP,P1_DURABLE_RANKED,true,true,OPEN_REVIEW,common,,451100101 029169109,2013-06-17,2024-09-30,MULTIPLE_CUSIPS,34007704385,true,0,0,77,49,573
819913765374669526,BOT1,P1_DURABLE_RANKED,false,false,BASE_HYPOTHESIS_NOT_IN_CURRENT_REVIEW_FRONTIER,common,,14984K106,2006-07-05,2007-07-12,,34007704385,true,0,0,77,48,256
145471449820925335,MIL1,P1_DURABLE_RANKED,false,false,BASE_HYPOTHESIS_NOT_IN_CURRENT_REVIEW_FRONTIER,common,,601073109,2006-07-05,2010-07-14,,34007704385,true,0,0,76,52,1009
911227416551377854,UL,P1_DURABLE_RANKED,true,true,OPEN_REVIEW,common,,904767704 904767803 904784501 904767605,2007-03-15,2026-07-31,MULTIPLE_CUSIPS,34007704385,true,0,0,76,121,4748
406563920163442612,OR,P1_DURABLE_RANKED,true,true,OPEN_REVIEW,common,,68827L101 68390D106,2022-03-23,2026-07-31,MULTIPLE_CUSIPS,34007704385,true,0,0,75,37,365
685051823089653812,DBDQQ,P1_DURABLE_RANKED,false,false,BASE_HYPOTHESIS_NOT_IN_CURRENT_REVIEW_FRONTIER,common,,253651103,2006-07-05,2019-08-21,,34007704385,true,0,0,75,144,1381
847737169274061170,VEDL,P1_DURABLE_RANKED,true,true,OPEN_REVIEW,common,,92242Y100 78413F103 859737207,2007-12-18,2021-11-05,MULTIPLE_CUSIPS,34007704385,true,0,0,75,9,96
815164584949634441,WX1,P1_DURABLE_RANKED,false,false,BASE_HYPOTHESIS_NOT_IN_CURRENT_REVIEW_FRONTIER,common,,929352102,2010-04-29,2015-12-10,,34007704385,true,0,0,74,62,287
88392844662690525,HAWK1,P1_DURABLE_RANKED,false,false,BASE_HYPOTHESIS_NOT_IN_CURRENT_REVIEW_FRONTIER,common,,09238E104,2014-04-15,2018-06-14,,34007704385,true,0,0,74,87,573
222010989440912918,NVRI1,P1_DURABLE_RANKED,false,false,BASE_HYPOTHESIS_NOT_IN_CURRENT_REVIEW_FRONTIER,common,,415864107,2006-07-05,2026-05-29,,34007704385,true,0,0,73,74,853
277945719444548913,CSH1,P1_DURABLE_RANKED,false,false,BASE_HYPOTHESIS_NOT_IN_CURRENT_REVIEW_FRONTIER,common,,14754D100,2007-01-26,2014-05-14,,34007704385,true,0,0,73,56,275
511484518106596204,FTRCQ,P1_DURABLE_RANKED,true,true,OPEN_REVIEW,common,,35906A108 35906A306 17453B101 177342201 177342102,2006-07-05,2018-10-18,MULTIPLE_CUSIPS,34007704385,true,0,0,73,206,2979
562358948924032972,BTI,P1_DURABLE_RANKED,true,true,OPEN_REVIEW,common,,110448107 055270508,2008-09-30,2026-07-31,MULTIPLE_CUSIPS,34007704385,true,0,0,73,97,3637
964609336259090474,BRY1,P1_DURABLE_RANKED,false,false,BASE_HYPOTHESIS_NOT_IN_CURRENT_REVIEW_FRONTIER,common,,085789105,2007-06-11,2013-12-16,,34007704385,true,0,0,73,132,933
1047578073828105749,PCZ,P1_DURABLE_RANKED,false,false,BASE_HYPOTHESIS_NOT_IN_CURRENT_REVIEW_FRONTIER,common,,71644E102,2006-07-05,2009-07-31,,34007704385,true,0,0,72,54,746
45941741529110038,SPLS1,P1_DURABLE_RANKED,false,false,BASE_HYPOTHESIS_NOT_IN_CURRENT_REVIEW_FRONTIER,common,,855030102,2006-07-05,2017-09-12,,34007704385,true,0,0,72,164,2817
572436205509811668,PHG,P1_DURABLE_RANKED,true,true,OPEN_REVIEW,common,,500472303 500472105 500472204 718337504,2006-07-05,2026-07-31,MULTIPLE_CUSIPS,34007704385,true,0,0,72,145,4112
1136705580042287163,UN1,P1_DURABLE_RANKED,false,false,BASE_HYPOTHESIS_NOT_IN_CURRENT_REVIEW_FRONTIER,common,,904784709,2006-07-05,2020-11-25,,34007704385,true,0,0,71,132,3575
311401067615371248,CAMPQ,P1_DURABLE_RANKED,true,true,OPEN_REVIEW,common,,128126109 128126208 129900106,2013-12-31,2015-05-19,MULTIPLE_CUSIPS,34007704385,true,0,0,71,38,150
545177556909447372,EBIXQ,P1_DURABLE_RANKED,true,true,OPEN_REVIEW,common,,278715206 247171101 278715107 247171200,2009-11-04,2022-04-05,MULTIPLE_CUSIPS,34007704385,true,0,0,71,29,293
554122275008038119,AAAP1,P1_DURABLE_RANKED,false,false,BASE_HYPOTHESIS_NOT_IN_CURRENT_REVIEW_FRONTIER,common,,00790T100,2017-09-28,2018-01-25,,34007704385,true,0,0,71,37,79
678547141734698310,RIDEQ,P1_DURABLE_RANKED,true,true,OPEN_REVIEW,common,,54405Q100 25280H100 54405Q209 25280H209,2020-08-04,2022-06-09,MULTIPLE_CUSIPS,34007704385,true,0,0,71,85,427
888056120539582187,SHEL,P1_DURABLE_RANKED,true,true,OPEN_REVIEW,common,,780259305 780259206 780257804 780257705 822703609 780257903,2006-07-05,2026-07-31,MULTIPLE_CUSIPS,34007704385,true,0,0,71,150,5049
1042287044744322383,JMEI,P1_DURABLE_RANKED,true,true,OPEN_REVIEW,common,,48138L107 48138L206,2014-11-20,2016-01-25,MULTIPLE_CUSIPS,34007704385,true,0,0,70,48,179
1123392224175347435,LSPD,P1_DURABLE_RANKED,true,true,OPEN_REVIEW,common,,53229C107 53227R106,2021-03-15,2024-06-12,MULTIPLE_CUSIPS,34007704385,true,0,0,70,83,475
135852060851937023,CHA2,P1_DURABLE_RANKED,false,false,BASE_HYPOTHESIS_NOT_IN_CURRENT_REVIEW_FRONTIER,common,,169426103,2007-09-28,2009-05-27,,34007704385,true,0,0,70,46,192
367023908429199676,RRR1,P1_DURABLE_RANKED,false,false,BASE_HYPOTHESIS_NOT_IN_CURRENT_REVIEW_FRONTIER,common,,74972L102,2011-12-16,2012-04-30,,34007704385,true,0,0,70,23,91
475220580593229666,UNXLQ,P1_DURABLE_RANKED,false,false,BASE_HYPOTHESIS_NOT_IN_CURRENT_REVIEW_FRONTIER,common,,904572203,2013-03-21,2013-10-22,,34007704385,true,0,0,70,33,95
556078666002943481,OIGBQ,P1_DURABLE_RANKED,true,true,OPEN_REVIEW,common,,126576206 68559A109 68559A208 68283P109 126576107 647537208 946788106,2021-01-12,2021-07-02,MULTIPLE_CUSIPS,34007704385,true,0,0,70,50,71
818427207626286294,PGN1,P1_DURABLE_RANKED,true,true,OPEN_REVIEW,common,,743263105 144141108 12614C106,2006-07-05,2012-07-02,MULTIPLE_CUSIPS,34007704385,true,0,0,70,60,1510
831811890795664593,CCEP,P1_DURABLE_RANKED,false,false,BASE_HYPOTHESIS_NOT_IN_CURRENT_REVIEW_FRONTIER,common,,G25839104,2016-11-28,2026-07-31,,34007704385,true,0,0,70,83,2430
956823837316637999,GNA,P1_DURABLE_RANKED,false,false,BASE_HYPOTHESIS_NOT_IN_CURRENT_REVIEW_FRONTIER,common,,37373P105,2008-03-24,2010-08-26,,34007704385,true,0,0,70,34,125
441520804164056560,BBL,P1_DURABLE_RANKED,false,false,BASE_HYPOTHESIS_NOT_IN_CURRENT_REVIEW_FRONTIER,common,,05545E209,2007-10-05,2022-01-28,,34007704385,true,0,0,69,241,3591
831371468261077058,ESLRQ,P1_DURABLE_RANKED,true,true,OPEN_REVIEW,common,,30033R306 30033R108,2006-07-05,2009-07-17,MULTIPLE_CUSIPS,34007704385,true,0,0,69,137,504
901731814237501700,SE1,P1_DURABLE_RANKED,false,false,BASE_HYPOTHESIS_NOT_IN_CURRENT_REVIEW_FRONTIER,common,,847560109,2007-06-19,2017-02-24,,34007704385,true,0,0,69,95,2439
461600950471082009,BRLCQ,P1_DURABLE_RANKED,true,true,OPEN_REVIEW,common,,87163L103 10949P107,2006-11-16,2007-10-15,MULTIPLE_CUSIPS,34007704385,true,0,0,68,41,136
556939594331583684,SII,P1_DURABLE_RANKED,true,true,OPEN_REVIEW,common,,852066208 852066109,2025-01-06,2026-07-23,MULTIPLE_CUSIPS,34007704385,true,0,0,68,26,128
564152053270562770,TRAK1,P1_DURABLE_RANKED,false,false,BASE_HYPOTHESIS_NOT_IN_CURRENT_REVIEW_FRONTIER,common,,242309102,2007-10-16,2015-09-30,,34007704385,true,0,0,68,90,387
676374995862470365,AHG1,P1_DURABLE_RANKED,false,false,BASE_HYPOTHESIS_NOT_IN_CURRENT_REVIEW_FRONTIER,common,,037933108,2007-02-08,2008-10-28,,34007704385,true,0,0,68,11,143
931723103396028391,ARIS2,P1_DURABLE_RANKED,false,false,BASE_HYPOTHESIS_NOT_IN_CURRENT_REVIEW_FRONTIER,common,,04041L106,2025-01-16,2025-10-14,,34007704385,true,0,0,68,22,122
1144505983159245450,AUQ,P1_DURABLE_RANKED,true,true,OPEN_REVIEW,common,,05155C105 36467T106 364915108,2009-11-16,2015-01-20,MULTIPLE_CUSIPS,34007704385,true,0,0,67,79,382
6925516220905516,HEXO,P1_DURABLE_RANKED,true,true,OPEN_REVIEW,common,,428304109 428304307 428304406,2020-06-08,2021-11-29,MULTIPLE_CUSIPS,34007704385,true,0,0,67,39,169
772386088564854827,BOLD1,P1_DURABLE_RANKED,false,false,BASE_HYPOTHESIS_NOT_IN_CURRENT_REVIEW_FRONTIER,common,,05070R104,2018-01-25,2020-01-14,,34007704385,true,0,0,67,39,135
872015801854314611,BEBE1,P1_DURABLE_RANKED,true,true,OPEN_REVIEW,common,,075571109 075571208,2006-08-18,2007-02-12,MULTIPLE_CUSIPS,34007704385,true,0,0,67,28,121
951754428591889109,CCC1,P1_DURABLE_RANKED,false,false,BASE_HYPOTHESIS_NOT_IN_CURRENT_REVIEW_FRONTIER,common,,129603106,2008-10-29,2018-03-08,,34007704385,true,0,0,67,21,105
972573704701026396,ULTI1,P1_DURABLE_RANKED,false,false,BASE_HYPOTHESIS_NOT_IN_CURRENT_REVIEW_FRONTIER,common,,90385D107,2008-07-30,2019-05-02,,34007704385,true,0,0,67,110,1485
1020754940824385887,IOGPQ,P1_DURABLE_RANKED,true,true,OPEN_REVIEW,common,,462044108 462044207 457652105,2007-11-20,2021-11-04,MULTIPLE_CUSIPS,34007704385,true,0,0,66,33,114
1056418588994492299,APHA,P1_DURABLE_RANKED,false,false,BASE_HYPOTHESIS_NOT_IN_CURRENT_REVIEW_FRONTIER,common,,03765K104,2019-05-08,2021-04-30,,34007704385,true,0,0,66,79,398
487869582447266471,TT2,P1_DURABLE_RANKED,true,true,OPEN_REVIEW,common,,892893108 029712106,2006-07-05,2008-06-05,MULTIPLE_CUSIPS,34007704385,true,0,0,66,31,482
317372310881364681,SDRL1,P1_DURABLE_RANKED,false,false,BASE_HYPOTHESIS_NOT_IN_CURRENT_REVIEW_FRONTIER,common,,G7945E105,2010-05-03,2017-03-29,,34007704385,true,0,0,65,166,1643
413984793100291959,GIL,P1_DURABLE_RANKED,false,false,BASE_HYPOTHESIS_NOT_IN_CURRENT_REVIEW_FRONTIER,common,,375916103,2007-05-22,2026-07-31,,34007704385,true,0,0,65,116,1602
968166522535685044,LFGRQ,P1_DURABLE_RANKED,true,true,OPEN_REVIEW,common,,514936103 521029108,2006-07-26,2008-05-06,MULTIPLE_CUSIPS,34007704385,true,0,0,65,67,305
187683105660900564,PTRCY,P1_DURABLE_RANKED,false,false,BASE_HYPOTHESIS_NOT_IN_CURRENT_REVIEW_FRONTIER,common,,71646E100,2006-07-05,2015-06-04,,34007704385,true,0,0,64,179,1706
254714768819945876,CBDBY,P1_DURABLE_RANKED,true,true,OPEN_REVIEW,common,,20440T201 20440T300,2008-03-05,2021-03-24,MULTIPLE_CUSIPS,34007704385,true,0,0,64,99,1017
69678310404875493,ARD1,P1_DURABLE_RANKED,false,false,BASE_HYPOTHESIS_NOT_IN_CURRENT_REVIEW_FRONTIER,common,,040049108,2007-07-13,2010-07-16,,34007704385,true,0,0,64,73,459
766320971625686200,AMTD1,P1_DURABLE_RANKED,true,true,OPEN_REVIEW,common,,87236Y108 03072H109 03074K100,2006-07-05,2020-10-05,MULTIPLE_CUSIPS,34007704385,true,0,0,64,199,3587
237638337902092045,PBY1,P1_DURABLE_RANKED,false,false,BASE_HYPOTHESIS_NOT_IN_CURRENT_REVIEW_FRONTIER,common,,713278109,2007-04-05,2016-02-03,,34007704385,true,0,0,63,73,89
274182913283161824,LPL,P1_DURABLE_RANKED,false,false,BASE_HYPOTHESIS_NOT_IN_CURRENT_REVIEW_FRONTIER,common,,50186V102,2006-07-05,2011-08-15,,34007704385,true,0,0,63,112,678
680958553726136812,OGI,P1_DURABLE_RANKED,true,true,OPEN_REVIEW,common,,68620P101 68620P705 68617J100,2021-01-26,2021-12-10,MULTIPLE_CUSIPS,34007704385,true,0,0,63,34,115
990484726740043660,DTV1,P1_DURABLE_RANKED,true,true,OPEN_REVIEW,common,,25490A309 25490A101 25459L106 444418107,2006-07-05,2015-07-24,MULTIPLE_CUSIPS,34007704385,true,0,0,63,99,2279
457469438643318314,WRD1,P1_DURABLE_RANKED,false,false,BASE_HYPOTHESIS_NOT_IN_CURRENT_REVIEW_FRONTIER,common,,96812T102,2018-05-07,2019-01-31,,34007704385,true,0,0,62,31,171
696702663051800713,ADCT1,P1_DURABLE_RANKED,true,true,OPEN_REVIEW,common,,000886309 000886101,2006-07-05,2010-09-15,MULTIPLE_CUSIPS,34007704385,true,0,0,62,91,754
705813033019097683,BF.B,P1_DURABLE_RANKED,false,false,BASE_HYPOTHESIS_NOT_IN_CURRENT_REVIEW_FRONTIER,common,,115637209,2006-12-08,2026-07-31,,34007704385,true,0,0,62,123,4279
842477555715340828,RESI1,P1_DURABLE_RANKED,true,true,OPEN_REVIEW,common,,02153W100 35904G107,2013-10-03,2020-12-21,MULTIPLE_CUSIPS,34007704385,true,0,0,62,37,112
888929808926387396,TRVG,P1_DURABLE_RANKED,true,true,OPEN_REVIEW,common,,89686D105 89686D303,2017-06-27,2021-03-26,MULTIPLE_CUSIPS,34007704385,true,0,0,62,43,98
1037938212679529042,MEDX1,P1_DURABLE_RANKED,false,false,BASE_HYPOTHESIS_NOT_IN_CURRENT_REVIEW_FRONTIER,common,,583916101,2006-12-07,2009-09-01,,34007704385,true,0,0,61,95,349
1142929555094712623,BLIAQ,P1_DURABLE_RANKED,true,true,OPEN_REVIEW,common,,093679108 05532D107,2007-01-12,2007-11-27,MULTIPLE_CUSIPS,34007704385,true,0,0,61,22,118
351896728434615816,MRINQ,P1_DURABLE_RANKED,true,true,OPEN_REVIEW,common,,56804T106 56804T205 56804T304,2018-12-24,2022-01-13,MULTIPLE_CUSIPS,34007704385,true,0,0,61,63,106
837718110062693980,QIWI,P1_DURABLE_RANKED,false,false,BASE_HYPOTHESIS_NOT_IN_CURRENT_REVIEW_FRONTIER,common,,74735M108,2013-12-12,2017-08-04,,34007704385,true,0,0,61,32,169
970964168784417941,CPS1,P1_DURABLE_RANKED,false,false,BASE_HYPOTHESIS_NOT_IN_CURRENT_REVIEW_FRONTIER,common,,170388102,2006-07-05,2008-09-18,,34007704385,true,0,0,61,31,294
227060587393674304,PCL1,P1_DURABLE_RANKED,true,true,OPEN_REVIEW,common,,729251108 729237107,2006-07-05,2016-02-19,MULTIPLE_CUSIPS,34007704385,true,0,0,60,33,2417
29323863487942658,IFIN1,P1_DURABLE_RANKED,false,false,BASE_HYPOTHESIS_NOT_IN_CURRENT_REVIEW_FRONTIER,common,,461915100,2006-07-28,2007-07-02,,34007704385,true,0,0,60,25,145
474193150230389328,ZYXIQ,P1_DURABLE_RANKED,false,false,BASE_HYPOTHESIS_NOT_IN_CURRENT_REVIEW_FRONTIER,common,,98986M103,2020-05-18,2020-08-19,,34007704385,true,0,0,60,18,60
618741754657237874,SPIEF,P1_DURABLE_RANKED,true,true,OPEN_REVIEW,common,,G8651P110 78470H109 G8651P201 G8651P102 83490A100,2020-09-23,2021-02-22,MULTIPLE_CUSIPS,34007704385,true,0,0,60,32,81
222164178603123182,ERO,P1_DURABLE_RANKED,false,false,BASE_HYPOTHESIS_NOT_IN_CURRENT_REVIEW_FRONTIER,common,,296006109,2025-10-10,2026-07-31,,34007704385,true,0,0,59,35,190
383067693372328865,TMH1,P1_DURABLE_RANKED,false,false,BASE_HYPOTHESIS_NOT_IN_CURRENT_REVIEW_FRONTIER,common,,87817A107,2012-07-24,2017-02-03,,34007704385,true,0,0,59,110,904
389698694766158960,TFII,P1_DURABLE_RANKED,true,true,OPEN_REVIEW,common,,87241L109 89366H103,2021-02-05,2026-07-31,MULTIPLE_CUSIPS,34007704385,true,0,0,59,121,1195
448497987146375190,CEN1,P1_DURABLE_RANKED,false,false,BASE_HYPOTHESIS_NOT_IN_CURRENT_REVIEW_FRONTIER,common,,156779100,2006-07-05,2007-11-07,,34007704385,true,0,0,59,29,257
454790526979868507,SEELQ,P1_DURABLE_RANKED,true,true,OPEN_REVIEW,common,,81577F109 03832V109 03832V307 81577F208 81577F307 81577F406 652903105,2019-03-08,2021-06-14,MULTIPLE_CUSIPS,34007704385,true,0,0,59,37,75
881385647571236858,ORIO,P1_DURABLE_RANKED,true,true,OPEN_REVIEW,common,,60800C109 60800C208 608008108 68627G104,2021-02-11,2025-07-11,MULTIPLE_CUSIPS,34007704385,true,0,0,59,30,62
27893697355337632,EMC1,P1_DURABLE_RANKED,false,false,BASE_HYPOTHESIS_NOT_IN_CURRENT_REVIEW_FRONTIER,common,,268648102,2006-07-05,2016-09-06,,34007704385,true,0,0,58,95,2561
577343057227054697,RXDX1,P1_DURABLE_RANKED,false,false,BASE_HYPOTHESIS_NOT_IN_CURRENT_REVIEW_FRONTIER,common,,451731103,2015-06-15,2018-02-08,,34007704385,true,0,0,58,48,60
624525762102619037,XEL,P1_DURABLE_RANKED,true,true,OPEN_REVIEW,common,,98389B100 665772109,2009-12-14,2009-12-14,MULTIPLE_CUSIPS,34007704385,true,0,0,58,130,5045
373980305514538722,STN1,P1_DURABLE_RANKED,false,false,BASE_HYPOTHESIS_NOT_IN_CURRENT_REVIEW_FRONTIER,common,,857689103,2006-07-05,2007-11-07,,34007704385,true,0,0,57,26,327
493910973633278356,MOG.A,P1_DURABLE_RANKED,false,false,BASE_HYPOTHESIS_NOT_IN_CURRENT_REVIEW_FRONTIER,common,,615394202,2014-12-24,2026-07-31,,34007704385,true,0,0,57,42,564
496216258498328341,SKE,P1_DURABLE_RANKED,true,true,OPEN_REVIEW,common,,83056P715 83056P103,2025-10-15,2026-07-21,MULTIPLE_CUSIPS,34007704385,true,0,0,57,21,106
52368927909760349,BJ1,P1_DURABLE_RANKED,false,false,BASE_HYPOTHESIS_NOT_IN_CURRENT_REVIEW_FRONTIER,common,,05548J106,2006-07-17,2011-09-30,,34007704385,true,0,0,57,102,1304
710093988276319303,STI1,P1_DURABLE_RANKED,false,false,BASE_HYPOTHESIS_NOT_IN_CURRENT_REVIEW_FRONTIER,common,,867914103,2006-07-05,2019-12-06,,34007704385,true,0,0,57,168,3380
856115972129012903,WINMQ,P1_DURABLE_RANKED,true,true,OPEN_REVIEW,common,,97382A101 97382A200 97381W104 97382A309 920255106,2006-07-18,2018-06-01,MULTIPLE_CUSIPS,34007704385,true,0,0,57,94,2399
1039683821431828050,SAYPY,P1_DURABLE_RANKED,false,false,BASE_HYPOTHESIS_NOT_IN_CURRENT_REVIEW_FRONTIER,common,,804098101,2006-07-05,2010-10-15,,34007704385,true,0,0,56,59,580
1069110264874011291,ABBNY,P1_DURABLE_RANKED,false,false,BASE_HYPOTHESIS_NOT_IN_CURRENT_REVIEW_FRONTIER,common,,000375204,2006-07-05,2023-05-22,,34007704385,true,0,0,56,69,4249
270195894721936305,GP,P1_DURABLE_RANKED,true,true,OPEN_REVIEW,common,,39540E302 39540E401,2020-11-20,2021-02-18,MULTIPLE_CUSIPS,34007704385,true,0,0,56,34,56
739571744881917717,FLSH,P1_DURABLE_RANKED,false,false,BASE_HYPOTHESIS_NOT_IN_CURRENT_REVIEW_FRONTIER,common,,M7061C100,2006-07-05,2006-11-17,,34007704385,true,0,0,56,37,96
806305554838952699,TBIO1,P1_DURABLE_RANKED,false,false,BASE_HYPOTHESIS_NOT_IN_CURRENT_REVIEW_FRONTIER,common,,89374L104,2020-06-23,2021-09-13,,34007704385,true,0,0,56,72,198
909161371475655803,CCK,P1_DURABLE_RANKED,true,true,OPEN_REVIEW,common,,228368106 228255105,2006-07-05,2026-07-31,MULTIPLE_CUSIPS,34007704385,true,0,0,56,141,4948
1007376678094268707,NTI,P1_DURABLE_RANKED,false,true,REVIEWED_TYPE_CORRECTION,common,non_common,665826103,2013-01-29,2016-05-23,FACTUAL_TYPE_DEFECT_OMITTED_FROM_INITIAL_HEURISTIC_QUEUE,34007704385,true,0,0,55,49,292
19023067751406413,DGXX,P1_DURABLE_RANKED,true,true,OPEN_REVIEW,common,,25380B102 25381D206 25381D107,2025-10-27,2026-07-22,MULTIPLE_CUSIPS,34007704385,true,0,0,55,35,83
252413359803571660,FOXA,P1_DURABLE_RANKED,false,false,BASE_HYPOTHESIS_NOT_IN_CURRENT_REVIEW_FRONTIER,common,,35137L105,2019-09-11,2026-07-31,,34007704385,true,0,0,55,58,1731
316608182834195623,CJESQ,P1_DURABLE_RANKED,true,true,OPEN_REVIEW,common,,12467B304 G3164Q101,2012-01-30,2015-09-03,MULTIPLE_CUSIPS,34007704385,true,0,0,55,69,405
371238123781729047,EDR1,P1_DURABLE_RANKED,true,true,OPEN_REVIEW,common,,28140H203 28140H104,2014-06-20,2018-09-19,MULTIPLE_CUSIPS,34007704385,true,0,0,55,32,555
377768586738081178,GMAB,P1_DURABLE_RANKED,false,false,BASE_HYPOTHESIS_NOT_IN_CURRENT_REVIEW_FRONTIER,common,,372303206,2019-08-14,2026-07-31,,34007704385,true,0,0,55,48,927
427694133028893811,PQUEQ,P1_DURABLE_RANKED,true,true,OPEN_REVIEW,common,,716748108 716748306 683930200,2008-06-09,2008-10-09,MULTIPLE_CUSIPS,34007704385,true,0,0,55,18,61
631851099113701629,PHH1,P1_DURABLE_RANKED,false,false,BASE_HYPOTHESIS_NOT_IN_CURRENT_REVIEW_FRONTIER,common,,693320202,2007-03-15,2015-09-03,,34007704385,true,0,0,55,82,713
753766528550783100,IPS1,P1_DURABLE_RANKED,false,false,BASE_HYPOTHESIS_NOT_IN_CURRENT_REVIEW_FRONTIER,common,,462622101,2006-07-05,2007-07-18,,34007704385,true,0,0,55,44,260
910195552239881425,NBP,P1_DURABLE_RANKED,false,false,BASE_HYPOTHESIS_NOT_IN_CURRENT_REVIEW_FRONTIER,common,,44975P103,2021-02-25,2022-04-27,,34007704385,true,0,0,55,31,264
105422700513565499,ST,P1_DURABLE_RANKED,true,true,OPEN_REVIEW,common,,G8060N102 N7902X106,2011-12-27,2012-02-07,MULTIPLE_CUSIPS,34007704385,true,0,0,54,99,3687
187908770424317700,CEIN,P1_DURABLE_RANKED,true,true,OPEN_REVIEW,common,,13200M508 13200M607 549333201 13200M201 549333300 13200M102 13200M300 13200M409,2011-03-09,2022-04-20,MULTIPLE_CUSIPS,34007704385,true,0,0,54,58,120
316732409613373548,TX,P1_DURABLE_RANKED,false,false,BASE_HYPOTHESIS_NOT_IN_CURRENT_REVIEW_FRONTIER,common,,880890108,2007-05-07,2026-07-31,,34007704385,true,0,0,54,114,535
360366760615663399,OIBRQ,P1_DURABLE_RANKED,true,true,OPEN_REVIEW,common,,670851203 670851401 10553M200,2007-08-09,2012-08-22,MULTIPLE_CUSIPS,34007704385,true,0,0,54,59,472
749773891728041902,NVEI,P1_DURABLE_RANKED,false,false,BASE_HYPOTHESIS_NOT_IN_CURRENT_REVIEW_FRONTIER,common,,67079A102,2022-04-06,2024-11-15,,34007704385,true,0,0,54,29,129
622077003929363486,ORLA,P1_DURABLE_RANKED,false,false,BASE_HYPOTHESIS_NOT_IN_CURRENT_REVIEW_FRONTIER,common,,68634K106,2025-06-20,2026-07-30,,34007704385,true,0,0,53,32,239
78067846019932547,AAN1,P1_DURABLE_RANKED,false,false,BASE_HYPOTHESIS_NOT_IN_CURRENT_REVIEW_FRONTIER,common,,002535201,2008-07-22,2010-07-27,,34007704385,true,0,0,53,13,227
977786382894847089,FABC,P1_DURABLE_RANKED,true,true,OPEN_REVIEW,common,,054748108 054748207 92931L302 054748306 92931L401 26210U203 26210U104 92931L203 92931L104,2006-09-25,2026-05-26,MULTIPLE_CUSIPS,34007704385,true,0,0,53,101,450
1026595391937153666,LZ1,P1_DURABLE_RANKED,false,false,BASE_HYPOTHESIS_NOT_IN_CURRENT_REVIEW_FRONTIER,common,,549271104,2007-02-08,2011-09-16,,34007704385,true,0,0,52,83,1144
1084515552110962948,UAN,P1_DURABLE_RANKED,true,true,REVIEWED_TYPE_CORRECTION,common,non_common,126633106 126633205,2013-06-10,2022-05-19,MULTIPLE_CUSIPS,34007704385,true,0,0,52,34,61
1126840418085712092,ANWWQ,P1_DURABLE_RANKED,false,false,BASE_HYPOTHESIS_NOT_IN_CURRENT_REVIEW_FRONTIER,common,,Y0017S102,2007-10-01,2010-06-08,,34007704385,true,0,0,52,23,72
410958544808968060,NGLS,P1_DURABLE_RANKED,false,false,BASE_HYPOTHESIS_NOT_IN_CURRENT_REVIEW_FRONTIER,common,,87611X105,2007-10-25,2016-02-16,,34007704385,true,0,0,52,34,566
369932887231879531,AV1,P1_DURABLE_RANKED,false,false,BASE_HYPOTHESIS_NOT_IN_CURRENT_REVIEW_FRONTIER,common,,053499109,2006-07-05,2007-10-25,,34007704385,true,0,0,51,61,330
535212331258282107,LTM1,P1_DURABLE_RANKED,false,false,BASE_HYPOTHESIS_NOT_IN_CURRENT_REVIEW_FRONTIER,common,,53217R207,2007-02-16,2015-06-10,,34007704385,true,0,0,51,119,974
746520438225675363,HR1,P1_DURABLE_RANKED,false,false,BASE_HYPOTHESIS_NOT_IN_CURRENT_REVIEW_FRONTIER,common,,421946104,2007-03-07,2022-07-20,,34007704385,true,0,0,51,85,1919
843455423519216577,TTCFQ,P1_DURABLE_RANKED,true,true,OPEN_REVIEW,common,,87663X102 34986F103 34986F202,2020-06-03,2021-12-15,MULTIPLE_CUSIPS,34007704385,true,0,0,51,79,326
913289373016644680,BGO,P1_DURABLE_RANKED,false,false,BASE_HYPOTHESIS_NOT_IN_CURRENT_REVIEW_FRONTIER,common,,08135F107,2006-07-05,2007-02-09,,34007704385,true,0,0,51,46,123
98977464238020001,INOV2,P1_DURABLE_RANKED,false,false,BASE_HYPOTHESIS_NOT_IN_CURRENT_REVIEW_FRONTIER,common,,45781D101,2016-12-20,2021-11-23,,34007704385,true,0,0,51,4,84
998341302580850566,VIT,P1_DURABLE_RANKED,false,false,BASE_HYPOTHESIS_NOT_IN_CURRENT_REVIEW_FRONTIER,common,,921564100,2010-05-06,2011-09-13,,34007704385,true,0,0,51,3,133
999251670528237766,PD1,P1_DURABLE_RANKED,false,false,BASE_HYPOTHESIS_NOT_IN_CURRENT_REVIEW_FRONTIER,common,,717265102,2006-07-05,2007-03-19,,34007704385,true,0,0,51,43,176
698108234290802315,LXFT,P1_DURABLE_RANKED,false,false,BASE_HYPOTHESIS_NOT_IN_CURRENT_REVIEW_FRONTIER,common,,G57279104,2015-03-05,2019-03-07,,34007704385,true,0,0,50,32,166
905064659577868827,ASAPQ,P1_DURABLE_RANKED,true,true,OPEN_REVIEW,common,,930752100 51476W107 51476W206 930752209,2020-03-19,2021-11-19,MULTIPLE_CUSIPS,34007704385,true,0,0,50,71,96
965579180728514841,HOLI,P1_DURABLE_RANKED,true,true,OPEN_REVIEW,common,,G45667105 G4604M106 15956A109 15956A208,2023-12-12,2024-07-25,MULTIPLE_CUSIPS,34007704385,true,0,0,50,9,56
103352158559811388,EPB,P1_DURABLE_RANKED,false,false,BASE_HYPOTHESIS_NOT_IN_CURRENT_REVIEW_FRONTIER,common,,283702108,2010-02-04,2014-11-26,,34007704385,true,0,0,49,53,532
286732270772111675,FIG1,P1_DURABLE_RANKED,false,false,BASE_HYPOTHESIS_NOT_IN_CURRENT_REVIEW_FRONTIER,common,,34958B106,2007-08-10,2017-11-17,,34007704385,true,0,0,49,50,156
756175343390891510,ACOM2,P1_DURABLE_RANKED,false,false,BASE_HYPOTHESIS_NOT_IN_CURRENT_REVIEW_FRONTIER,common,,032803108,2011-02-28,2012-12-28,,34007704385,true,0,0,49,97,327
1133666028208707131,DELL1,P1_DURABLE_RANKED,true,true,OPEN_REVIEW,common,,24702R101 247025109,2006-07-05,2013-10-29,MULTIPLE_CUSIPS,34007704385,true,0,0,48,128,1843
305472410938548937,ITG1,P1_DURABLE_RANKED,true,true,OPEN_REVIEW,common,,46145F105 472318104,2006-07-05,2019-01-16,MULTIPLE_CUSIPS,34007704385,true,0,0,48,58,599
897773210151488402,OLK,P1_DURABLE_RANKED,false,false,BASE_HYPOTHESIS_NOT_IN_CURRENT_REVIEW_FRONTIER,common,,680710100,2023-10-17,2024-07-09,,34007704385,true,0,0,48,21,84
900676606992458222,TRP,P1_DURABLE_RANKED,true,true,OPEN_REVIEW,unknown,,87807B107 89353D107 893526103,2008-10-09,2026-07-31,MANUAL_CONFLICT;MULTIPLE_CUSIPS,34007704385,true,0,0,48,80,3584
998128448828099808,DG1,P1_DURABLE_RANKED,false,false,BASE_HYPOTHESIS_NOT_IN_CURRENT_REVIEW_FRONTIER,common,,256669102,2006-07-05,2007-07-06,,34007704385,true,0,0,48,38,252
282586625222262119,IGT1,P1_DURABLE_RANKED,false,false,BASE_HYPOTHESIS_NOT_IN_CURRENT_REVIEW_FRONTIER,common,,459902102,2006-07-05,2015-04-06,,34007704385,true,0,0,47,151,2202
35236694394768611,NVS,P1_DURABLE_RANKED,false,false,BASE_HYPOTHESIS_NOT_IN_CURRENT_REVIEW_FRONTIER,common,,66987V109,2006-07-05,2026-07-31,,34007704385,true,0,0,47,131,5050
539462442817893771,AAMCF,P1_DURABLE_RANKED,false,false,BASE_HYPOTHESIS_NOT_IN_CURRENT_REVIEW_FRONTIER,common,,02153X108,2014-01-16,2014-07-24,,34007704385,true,0,0,47,25,71
900489533964684718,NSTGQ,P1_DURABLE_RANKED,false,false,BASE_HYPOTHESIS_NOT_IN_CURRENT_REVIEW_FRONTIER,common,,63009R109,2019-03-20,2022-05-11,,34007704385,true,0,0,47,62,370
98300450827989858,PLD1,P1_DURABLE_RANKED,true,true,OPEN_REVIEW,common,,743410102 743410300 814138103 814138301,2006-07-05,2011-06-02,MULTIPLE_CUSIPS,34007704385,true,0,0,47,77,1237
1055580977094940279,ATLS2,P1_DURABLE_RANKED,false,false,BASE_HYPOTHESIS_NOT_IN_CURRENT_REVIEW_FRONTIER,common,,049298102,2009-10-06,2011-02-17,,34007704385,true,0,0,46,62,277
1128391582117711992,GLG1,P1_DURABLE_RANKED,false,false,BASE_HYPOTHESIS_NOT_IN_CURRENT_REVIEW_FRONTIER,common,,376775102,2006-07-05,2006-11-03,,34007704385,true,0,0,46,17,86
137898286362771614,WBD1,P1_DURABLE_RANKED,false,false,BASE_HYPOTHESIS_NOT_IN_CURRENT_REVIEW_FRONTIER,common,,97263M109,2007-07-03,2011-01-12,,34007704385,true,0,0,46,52,223
361875044462439140,DCP,P1_DURABLE_RANKED,false,false,BASE_HYPOTHESIS_NOT_IN_CURRENT_REVIEW_FRONTIER,common,,23311P100,2018-01-24,2023-06-14,,34007704385,true,0,0,46,94,1066
366920815833782649,CLDPQ,P1_DURABLE_RANKED,false,false,BASE_HYPOTHESIS_NOT_IN_CURRENT_REVIEW_FRONTIER,common,,18911Q102,2010-12-16,2016-11-28,,34007704385,true,0,0,46,50,386
45790412379549115,AVGTF,P1_DURABLE_RANKED,false,false,BASE_HYPOTHESIS_NOT_IN_CURRENT_REVIEW_FRONTIER,common,,N07831105,2013-08-09,2016-08-08,,34007704385,true,0,0,46,28,78
520012710739805128,BPL,P1_DURABLE_RANKED,false,false,BASE_HYPOTHESIS_NOT_IN_CURRENT_REVIEW_FRONTIER,common,,118230101,2011-01-28,2019-10-31,,34007704385,true,0,0,46,63,1807
1135878622873171323,DPRO,P1_DURABLE_RANKED,true,true,OPEN_REVIEW,common,,26142Q304 26142Q205 26142Q106,2022-03-22,2026-02-09,MULTIPLE_CUSIPS,34007704385,true,0,0,45,47,81
366588347960507460,POET,P1_DURABLE_RANKED,true,true,OPEN_REVIEW,common,,73044W302 73044W104,2025-01-06,2026-07-31,MULTIPLE_CUSIPS,34007704385,true,0,0,45,91,226
767007442192935477,SES,P1_DURABLE_RANKED,true,true,OPEN_REVIEW,common,,78397Q109 G4R87P114,2021-11-18,2021-11-24,MULTIPLE_CUSIPS,34007704385,true,0,0,45,37,74
604744643544663608,FIRY,P1_DURABLE_RANKED,true,true,OPEN_REVIEW,common,,83067L109 83067L208 34407Y103 34407Y202,2020-09-03,2026-05-20,MULTIPLE_CUSIPS,34007704385,true,0,0,44,102,444
1054625577818124576,RGC2,P1_DURABLE_RANKED,false,false,BASE_HYPOTHESIS_NOT_IN_CURRENT_REVIEW_FRONTIER,common,,758766109,2007-01-19,2018-02-28,,34007704385,true,0,0,43,141,1806
21367828098453600,MIK1,P1_DURABLE_RANKED,false,false,BASE_HYPOTHESIS_NOT_IN_CURRENT_REVIEW_FRONTIER,common,,594087108,2006-07-05,2006-10-31,,34007704385,true,0,0,43,13,83
214204248915913096,EOP,P1_DURABLE_RANKED,true,true,OPEN_REVIEW,common,,294741103 294741202,2006-07-05,2007-02-09,MULTIPLE_CUSIPS,34007704385,true,0,0,43,17,151
393573408070854592,PS1,P1_DURABLE_RANKED,false,false,BASE_HYPOTHESIS_NOT_IN_CURRENT_REVIEW_FRONTIER,common,,72941B106,2018-11-14,2021-04-05,,34007704385,true,0,0,43,92,547
482195723341052987,ETP1,P1_DURABLE_RANKED,true,true,OPEN_REVIEW,common,,29273R109 426918108,2007-07-30,2017-04-27,MULTIPLE_CUSIPS,34007704385,true,0,0,43,90,2249
576774468891329877,YELLQ,P1_DURABLE_RANKED,true,true,OPEN_REVIEW,common,,984249607 985510106 984249102 984249300 985509108 985577105,2006-07-05,2023-08-15,MULTIPLE_CUSIPS,34007704385,true,0,0,43,142,689
1096003132450043065,DD1,P1_DURABLE_RANKED,true,true,OPEN_REVIEW,common,,263534109 263534117,2006-07-05,2017-08-31,MULTIPLE_CUSIPS,34007704385,true,0,0,42,66,2810
281591336072523808,ATYT,P1_DURABLE_RANKED,false,false,BASE_HYPOTHESIS_NOT_IN_CURRENT_REVIEW_FRONTIER,common,,001941103,2006-07-05,2006-10-24,,34007704385,true,0,0,42,22,78
301767629126102502,CUTRQ,P1_DURABLE_RANKED,false,false,BASE_HYPOTHESIS_NOT_IN_CURRENT_REVIEW_FRONTIER,common,,232109108,2007-04-12,2023-05-09,,34007704385,true,0,0,42,18,119
364635530472821737,KOF,P1_DURABLE_RANKED,false,false,BASE_HYPOTHESIS_NOT_IN_CURRENT_REVIEW_FRONTIER,common,,191241108,2012-06-04,2026-03-23,,34007704385,true,0,0,42,20,191
410428273002319352,FWONK,P1_DURABLE_RANKED,true,true,OPEN_REVIEW,common,,531229854 531229755 531229300,2019-12-10,2024-09-18,MULTIPLE_CUSIPS,34007704385,true,0,0,42,117,2653
210189795761413012,HOKUQ,P1_DURABLE_RANKED,true,true,OPEN_REVIEW,common,,434711107 434712105,2007-01-23,2008-01-31,MULTIPLE_CUSIPS,34007704385,true,0,0,41,54,86
288236439289729704,HLTH1,P1_DURABLE_RANKED,true,true,OPEN_REVIEW,common,,40422Y101 422209106 290849108 94769M105,2006-07-05,2008-12-19,MULTIPLE_CUSIPS,34007704385,true,0,0,41,25,413
549894632698362497,FLXN1,P1_DURABLE_RANKED,false,false,BASE_HYPOTHESIS_NOT_IN_CURRENT_REVIEW_FRONTIER,common,,33938J106,2017-03-24,2021-11-05,,34007704385,true,0,0,41,51,147
718834017621263734,GRFS,P1_DURABLE_RANKED,true,true,OPEN_REVIEW,common,,398438408 398438309 398438200,2012-04-24,2024-03-27,MULTIPLE_CUSIPS,34007704385,true,0,0,41,60,812
783278037842429269,LPHIQ,P1_DURABLE_RANKED,false,false,BASE_HYPOTHESIS_NOT_IN_CURRENT_REVIEW_FRONTIER,common,,53215T106,2007-07-16,2007-10-01,,34007704385,true,0,0,41,18,41
7927904980452015,NM,P1_DURABLE_RANKED,true,true,OPEN_REVIEW,common,,Y62196103 Y62197119 Y62196129,2007-10-15,2008-06-12,MULTIPLE_CUSIPS,34007704385,true,0,0,41,26,64
828792859980137841,MOLXA,P1_DURABLE_RANKED,false,false,BASE_HYPOTHESIS_NOT_IN_CURRENT_REVIEW_FRONTIER,common,,608554200,2007-08-17,2013-12-06,,34007704385,true,0,0,41,21,71
158707195467728094,AAUC,P1_DURABLE_RANKED,false,false,BASE_HYPOTHESIS_NOT_IN_CURRENT_REVIEW_FRONTIER,common,,01921D204,2026-01-23,2026-05-28,,34007704385,true,0,0,40,14,40
27190154661261399,TAC,P1_DURABLE_RANKED,false,false,BASE_HYPOTHESIS_NOT_IN_CURRENT_REVIEW_FRONTIER,common,,89346D107,2025-01-16,2026-07-16,,34007704385,true,0,0,40,22,145
466470751566741991,FG2,P1_DURABLE_RANKED,true,true,OPEN_REVIEW,common,,G3402M102 G20307107 G20307123,2017-06-19,2020-06-01,MULTIPLE_CUSIPS,34007704385,true,0,0,40,26,112
653469424920855695,FCE.A,P1_DURABLE_RANKED,true,true,OPEN_REVIEW,common,,345605109 345550107,2007-04-12,2018-12-07,MULTIPLE_CUSIPS,34007704385,true,0,0,40,71,1264
818952807605506774,CVRR,P1_DURABLE_RANKED,false,true,REVIEWED_TYPE_CORRECTION,common,non_common,12663P107,2013-07-19,2018-08-21,FACTUAL_TYPE_DEFECT_OMITTED_FROM_INITIAL_HEURISTIC_QUEUE,34007704385,true,0,0,40,13,64
1131184377430954577,BMR1,P1_DURABLE_RANKED,false,false,BASE_HYPOTHESIS_NOT_IN_CURRENT_REVIEW_FRONTIER,common,,09063H107,2006-11-28,2016-01-27,,34007704385,true,0,0,39,86,1654
133867923656910566,QGEN,P1_DURABLE_RANKED,true,true,OPEN_REVIEW,common,,N72482123 N72482206 N72482149 N72482107 N72482156,2007-06-13,2026-07-31,MULTIPLE_CUSIPS,34007704385,true,0,0,39,178,3674
144700299941973079,ACV1,P1_DURABLE_RANKED,true,true,OPEN_REVIEW,common,,013078100 013068101,2006-07-05,2011-05-10,MULTIPLE_CUSIPS,34007704385,true,0,0,39,43,594
205150563770134991,RDY,P1_DURABLE_RANKED,false,false,BASE_HYPOTHESIS_NOT_IN_CURRENT_REVIEW_FRONTIER,common,,256135203,2010-06-10,2026-07-31,,34007704385,true,0,0,39,32,493
287066693383068005,ADT1,P1_DURABLE_RANKED,false,false,BASE_HYPOTHESIS_NOT_IN_CURRENT_REVIEW_FRONTIER,common,,00101J106,2013-03-21,2016-04-29,,34007704385,true,0,0,39,48,783
287367877320854308,TTE,P1_DURABLE_RANKED,true,true,OPEN_REVIEW,common,,89151E109 F92124100,2006-07-05,2026-07-31,MULTIPLE_CUSIPS,34007704385,true,0,0,39,120,5050
748163702312120640,H,P1_DURABLE_RANKED,false,false,BASE_HYPOTHESIS_NOT_IN_CURRENT_REVIEW_FRONTIER,common,,448579102,2021-06-28,2021-07-01,,34007704385,true,0,0,39,98,2965
78644325593115762,SAF2,P1_DURABLE_RANKED,false,false,BASE_HYPOTHESIS_NOT_IN_CURRENT_REVIEW_FRONTIER,common,,786429100,2006-07-05,2008-09-22,,34007704385,true,0,0,39,22,558
868808461957414725,PINC1,P1_DURABLE_RANKED,false,false,BASE_HYPOTHESIS_NOT_IN_CURRENT_REVIEW_FRONTIER,common,,74051N102,2016-08-23,2025-11-24,,34007704385,true,0,0,39,111,1372
128286940520377607,MSB,P1_DURABLE_RANKED,false,false,BASE_HYPOTHESIS_NOT_IN_CURRENT_REVIEW_FRONTIER,common,,590672101,2010-10-21,2011-02-03,,34007704385,true,0,0,38,6,38
30587235456063600,APPHQ,P1_DURABLE_RANKED,true,true,OPEN_REVIEW,common,,03783T103 67012U108,2021-02-08,2021-09-08,MULTIPLE_CUSIPS,34007704385,true,0,0,38,17,120
419102378351885714,FEEDQ,P1_DURABLE_RANKED,false,false,BASE_HYPOTHESIS_NOT_IN_CURRENT_REVIEW_FRONTIER,common,,00846L101,2008-05-05,2009-06-26,,34007704385,true,0,0,38,20,39
566079419262242356,INBX1,P1_DURABLE_RANKED,false,false,BASE_HYPOTHESIS_NOT_IN_CURRENT_REVIEW_FRONTIER,common,,45720L107,2022-10-04,2024-05-29,,34007704385,true,0,0,38,34,68
579519756002918974,OS1,P1_DURABLE_RANKED,false,false,BASE_HYPOTHESIS_NOT_IN_CURRENT_REVIEW_FRONTIER,common,,686079104,2006-07-05,2007-01-23,,34007704385,true,0,0,38,17,138
676777683755131310,TGH,P1_DURABLE_RANKED,false,false,BASE_HYPOTHESIS_NOT_IN_CURRENT_REVIEW_FRONTIER,common,,G8766E109,2012-10-03,2024-03-13,,34007704385,true,0,0,38,34,144
691512578821020311,MFC,P1_DURABLE_RANKED,false,false,BASE_HYPOTHESIS_NOT_IN_CURRENT_REVIEW_FRONTIER,common,,56501R106,2006-07-05,2026-07-31,,34007704385,true,0,0,38,111,4948
70614934013753795,QMAR1,P1_DURABLE_RANKED,false,false,BASE_HYPOTHESIS_NOT_IN_CURRENT_REVIEW_FRONTIER,common,,Y7169G109,2007-10-16,2008-03-10,,34007704385,true,0,0,38,27,82
709488665553112286,TIME1,P1_DURABLE_RANKED,false,false,BASE_HYPOTHESIS_NOT_IN_CURRENT_REVIEW_FRONTIER,common,,887228104,2014-11-18,2018-01-16,,34007704385,true,0,0,38,74,314
825411200820127461,NSR1,P1_DURABLE_RANKED,false,false,BASE_HYPOTHESIS_NOT_IN_CURRENT_REVIEW_FRONTIER,common,,64126X201,2006-07-10,2017-06-30,,34007704385,true,0,0,38,87,1008
251441199499575369,OCZTQ,P1_DURABLE_RANKED,false,false,BASE_HYPOTHESIS_NOT_IN_CURRENT_REVIEW_FRONTIER,common,,67086E303,2011-04-20,2012-10-03,,34007704385,true,0,0,37,17,97
302488966743234501,TD,P1_DURABLE_RANKED,false,false,BASE_HYPOTHESIS_NOT_IN_CURRENT_REVIEW_FRONTIER,common,,891160509,2007-08-10,2026-07-31,,34007704385,true,0,0,37,37,4757
592809959551130598,PBA,P1_DURABLE_RANKED,false,false,BASE_HYPOTHESIS_NOT_IN_CURRENT_REVIEW_FRONTIER,common,,706327103,2014-10-15,2026-07-31,,34007704385,true,0,0,37,12,1878
751068845109585493,AXIA,P1_DURABLE_RANKED,false,false,BASE_HYPOTHESIS_NOT_IN_CURRENT_REVIEW_FRONTIER,common,,15234Q207,2010-01-27,2026-07-31,,34007704385,true,0,0,37,33,278
762697226200284243,FSL1,P1_DURABLE_RANKED,false,false,BASE_HYPOTHESIS_NOT_IN_CURRENT_REVIEW_FRONTIER,common,,35687M107,2006-07-05,2006-12-01,,34007704385,true,0,0,37,21,105
955594671819826686,MEG1,P1_DURABLE_RANKED,true,true,OPEN_REVIEW,common,,58441K100 584404107,2007-08-09,2017-01-17,MULTIPLE_CUSIPS,34007704385,true,0,0,37,40,147
435995005362000574,EGIOQ,P1_DURABLE_RANKED,true,true,OPEN_REVIEW,common,,53261M104 53261M203,2010-11-09,2021-03-12,MULTIPLE_CUSIPS,34007704385,true,0,0,36,31,152
815002841358124334,B1,P1_DURABLE_RANKED,false,false,BASE_HYPOTHESIS_NOT_IN_CURRENT_REVIEW_FRONTIER,common,,067806109,2007-05-14,2025-01-24,,34007704385,true,0,0,36,55,152
428643462170905296,LADX,P1_DURABLE_RANKED,true,true,OPEN_REVIEW,common,,232828509 232828608 232828301 232828103 232828707,2007-02-23,2014-02-10,MULTIPLE_CUSIPS,34007704385,true,0,0,35,48,54
58891943870166378,WFG,P1_DURABLE_RANKED,false,false,BASE_HYPOTHESIS_NOT_IN_CURRENT_REVIEW_FRONTIER,common,,952845105,2021-08-02,2025-09-19,,34007704385,true,0,0,35,36,273
590437497895538462,UCO1,P1_DURABLE_RANKED,false,false,BASE_HYPOTHESIS_NOT_IN_CURRENT_REVIEW_FRONTIER,common,,913431102,2006-07-05,2007-08-20,,34007704385,true,0,0,35,47,234
1024646800119088636,RESP1,P1_DURABLE_RANKED,false,false,BASE_HYPOTHESIS_NOT_IN_CURRENT_REVIEW_FRONTIER,common,,761230101,2006-10-26,2008-03-14,,34007704385,true,0,0,34,31,134
106719732073423530,VZLA,P1_DURABLE_RANKED,true,true,OPEN_REVIEW,common,,92859G608 92859G202 92859G103,2025-11-20,2026-06-29,MULTIPLE_CUSIPS,34007704385,true,0,0,34,18,150
1083587543262600067,TLN1,P1_DURABLE_RANKED,false,false,BASE_HYPOTHESIS_NOT_IN_CURRENT_REVIEW_FRONTIER,common,,87422J105,2016-06-03,2016-12-05,,34007704385,true,0,0,34,8,38
1086213726748371489,LKCOF,P1_DURABLE_RANKED,true,true,OPEN_REVIEW,common,,G56981106 G56981205 G56981114,2021-02-16,2021-07-20,MULTIPLE_CUSIPS,34007704385,true,0,0,34,33,53
136604944780629104,CSHZ,P1_DURABLE_RANKED,false,false,BASE_HYPOTHESIS_NOT_IN_CURRENT_REVIEW_FRONTIER,common,,16942H109,2010-12-29,2011-02-15,,34007704385,true,0,0,34,21,34
404645751718751785,CADE3,P1_DURABLE_RANKED,false,false,BASE_HYPOTHESIS_NOT_IN_CURRENT_REVIEW_FRONTIER,common,,12739A100,2018-05-22,2021-10-28,,34007704385,true,0,0,34,30,540
483656974060231265,DM2,P1_DURABLE_RANKED,false,false,BASE_HYPOTHESIS_NOT_IN_CURRENT_REVIEW_FRONTIER,common,,257454108,2017-09-22,2019-01-25,,34007704385,true,0,0,34,37,67
682885113868638203,BWP,P1_DURABLE_RANKED,false,false,BASE_HYPOTHESIS_NOT_IN_CURRENT_REVIEW_FRONTIER,common,,096627104,2008-06-18,2018-07-17,,34007704385,true,0,0,34,62,426
838821611242754318,AM,P1_DURABLE_RANKED,true,true,OPEN_REVIEW,common,,03676B102 03675Y103,2017-12-26,2019-03-14,MULTIPLE_CUSIPS,34007704385,true,0,0,34,128,1876
948158838435799545,FSL.B,P1_DURABLE_RANKED,false,false,BASE_HYPOTHESIS_NOT_IN_CURRENT_REVIEW_FRONTIER,common,,35687M206,2006-07-05,2006-12-01,,34007704385,true,0,0,34,21,105
961331422153064591,LINEQ,P1_DURABLE_RANKED,true,true,OPEN_REVIEW,common,,536020100 53601P304,2007-12-12,2015-08-26,MULTIPLE_CUSIPS,34007704385,true,0,0,34,133,1727
203648306270562714,VOD,P1_DURABLE_RANKED,true,true,OPEN_REVIEW,common,,92857W308 92857W209 92857W100 92857T107 92858D200 92858D101,2006-07-05,2026-07-31,MULTIPLE_CUSIPS,34007704385,true,0,0,33,197,5050
26527342267715083,DNB3,P1_DURABLE_RANKED,false,false,BASE_HYPOTHESIS_NOT_IN_CURRENT_REVIEW_FRONTIER,common,,26483E100,2006-07-05,2019-02-07,,34007704385,true,0,0,33,60,2990
429771193252933866,WPGGQ,P1_DURABLE_RANKED,true,true,OPEN_REVIEW,common,,93964W108 92939N102 939647103 93964W405,2014-11-11,2021-07-01,MULTIPLE_CUSIPS,34007704385,true,0,0,33,65,512
538885465234055477,TCP,P1_DURABLE_RANKED,false,false,BASE_HYPOTHESIS_NOT_IN_CURRENT_REVIEW_FRONTIER,common,,87233Q108,2011-05-16,2021-03-02,,34007704385,true,0,0,33,13,108
560993313900465152,EIGRQ,P1_DURABLE_RANKED,true,true,OPEN_REVIEW,common,,28249U105 15117E107 28249U204,2015-03-16,2022-04-12,MULTIPLE_CUSIPS,34007704385,true,0,0,33,13,35
937613407768926968,ORBK,P1_DURABLE_RANKED,false,false,BASE_HYPOTHESIS_NOT_IN_CURRENT_REVIEW_FRONTIER,common,,M75253100,2017-03-06,2019-02-19,,34007704385,true,0,0,33,47,233
205938523393146945,ASIA1,P1_DURABLE_RANKED,false,false,BASE_HYPOTHESIS_NOT_IN_CURRENT_REVIEW_FRONTIER,common,,04518A104,2009-10-15,2011-06-27,,34007704385,true,0,0,32,74,253
247195603529201713,A,P1_DURABLE_RANKED,false,false,BASE_HYPOTHESIS_NOT_IN_CURRENT_REVIEW_FRONTIER,common,,00846U101,2013-08-08,2019-08-05,,34007704385,true,0,0,32,118,5050
32017049104064467,XRTX1,P1_DURABLE_RANKED,false,false,BASE_HYPOTHESIS_NOT_IN_CURRENT_REVIEW_FRONTIER,common,,G98268108,2006-07-05,2010-10-18,,34007704385,true,0,0,32,11,42
466781565404858131,WINN1,P1_DURABLE_RANKED,false,false,BASE_HYPOTHESIS_NOT_IN_CURRENT_REVIEW_FRONTIER,common,,974280307,2007-06-27,2012-01-19,,34007704385,true,0,0,32,20,52
563508936718887329,ACTV2,P1_DURABLE_RANKED,false,false,BASE_HYPOTHESIS_NOT_IN_CURRENT_REVIEW_FRONTIER,common,,00506D100,2013-09-30,2013-11-13,,34007704385,true,0,0,32,21,32
642863808269077854,MWE,P1_DURABLE_RANKED,false,false,BASE_HYPOTHESIS_NOT_IN_CURRENT_REVIEW_FRONTIER,common,,570759100,2011-07-28,2015-12-03,,34007704385,true,0,0,32,53,1056
680554584098113739,GRP1,P1_DURABLE_RANKED,false,false,BASE_HYPOTHESIS_NOT_IN_CURRENT_REVIEW_FRONTIER,common,,38821G101,2006-07-05,2008-04-21,,34007704385,true,0,0,32,63,451
738659161202384254,REDFY,P1_DURABLE_RANKED,false,false,BASE_HYPOTHESIS_NOT_IN_CURRENT_REVIEW_FRONTIER,common,,757479100,2011-04-26,2011-06-09,,34007704385,true,0,0,32,16,32
924307455043285583,CD1,P1_DURABLE_RANKED,false,false,BASE_HYPOTHESIS_NOT_IN_CURRENT_REVIEW_FRONTIER,common,,16955F107,2021-04-15,2023-11-20,,34007704385,true,0,0,32,42,151
974010740386917691,DADA,P1_DURABLE_RANKED,false,false,BASE_HYPOTHESIS_NOT_IN_CURRENT_REVIEW_FRONTIER,common,,23344D108,2020-12-03,2023-02-23,,34007704385,true,0,0,32,52,277
1139717773370432743,HLT1,P1_DURABLE_RANKED,true,true,OPEN_REVIEW,common,,432848109 432848208,2006-07-05,2007-10-23,MULTIPLE_CUSIPS,34007704385,true,0,0,31,42,328
133702805808789102,AOBI,P1_DURABLE_RANKED,true,true,OPEN_REVIEW,common,,028731404 028731107,2006-12-08,2008-06-05,MULTIPLE_CUSIPS,34007704385,true,0,0,31,19,67
169339642115474476,HLN,P1_DURABLE_RANKED,false,false,BASE_HYPOTHESIS_NOT_IN_CURRENT_REVIEW_FRONTIER,common,,405552100,2023-01-23,2026-07-31,,34007704385,true,0,0,31,22,869
341746105654828485,SNDL,P1_DURABLE_RANKED,true,true,OPEN_REVIEW,common,,86730L109 83307B101,2021-02-01,2024-04-23,MULTIPLE_CUSIPS,34007704385,true,0,0,31,52,105
1033376090485307486,BPT,P1_DURABLE_RANKED,false,false,BASE_HYPOTHESIS_NOT_IN_CURRENT_REVIEW_FRONTIER,common,,055630107,2006-07-21,2015-05-04,,34007704385,true,0,0,30,19,280
219953444935140,VIVO1,P1_DURABLE_RANKED,true,true,OPEN_REVIEW,common,,589584101 589602101,2020-06-01,2023-01-30,MULTIPLE_CUSIPS,34007704385,true,0,0,30,20,90
522562646919463671,QTT,P1_DURABLE_RANKED,true,true,OPEN_REVIEW,common,,74915J107 74915J206,2019-03-19,2021-03-22,MULTIPLE_CUSIPS,34007704385,true,0,0,30,23,73
55985294582827288,EAGL1,P1_DURABLE_RANKED,true,true,OPEN_REVIEW,common,,268484102 270018104,2006-07-05,2007-08-02,MULTIPLE_CUSIPS,34007704385,true,0,0,30,77,247
573486634399361097,ITRMF,P1_DURABLE_RANKED,true,true,OPEN_REVIEW,common,,G6333L101 G6333L200,2021-01-26,2021-07-23,MULTIPLE_CUSIPS,34007704385,true,0,0,30,24,78
854605234525196108,NINEQ,P1_DURABLE_RANKED,false,false,BASE_HYPOTHESIS_NOT_IN_CURRENT_REVIEW_FRONTIER,common,,65441V101,2022-03-08,2023-02-15,,34007704385,true,0,0,30,33,50
889630068375181570,HLSSF,P1_DURABLE_RANKED,false,false,BASE_HYPOTHESIS_NOT_IN_CURRENT_REVIEW_FRONTIER,common,,G6648D109,2012-12-19,2015-04-27,,34007704385,true,0,0,30,26,167
970721430233285702,RCI,P1_DURABLE_RANKED,false,false,BASE_HYPOTHESIS_NOT_IN_CURRENT_REVIEW_FRONTIER,common,,775109200,2007-07-16,2026-07-31,,34007704385,true,0,0,30,35,1611
1068602958000339053,GLFMQ,P1_DURABLE_RANKED,true,true,OPEN_REVIEW,common,,402629208 402629109,2008-03-20,2014-10-29,MULTIPLE_CUSIPS,34007704385,true,0,0,29,2,42
1083953115955373776,MDG,P1_DURABLE_RANKED,false,false,BASE_HYPOTHESIS_NOT_IN_CURRENT_REVIEW_FRONTIER,common,,589975101,2006-07-05,2007-12-06,,34007704385,true,0,0,29,68,339
1120157951438313179,SWFT1,P1_DURABLE_RANKED,false,false,BASE_HYPOTHESIS_NOT_IN_CURRENT_REVIEW_FRONTIER,common,,870756103,2006-07-05,2007-05-10,,34007704385,true,0,0,29,22,160
153962662178470060,SUN,P1_DURABLE_RANKED,true,true,OPEN_REVIEW,common,,86765K109 869239103,2014-11-13,2026-07-31,MULTIPLE_CUSIPS,34007704385,true,0,0,29,86,806
162310595552625902,OBE,P1_DURABLE_RANKED,true,true,OPEN_REVIEW,common,,707887105 674482203 674482104 707885109,2006-09-11,2026-05-14,MULTIPLE_CUSIPS,34007704385,true,0,0,29,124,1795
698514937491238880,DM,P1_DURABLE_RANKED,true,true,OPEN_REVIEW,common,,25058X105 25058X303 89628U108 89628U207,2020-09-02,2020-12-11,MULTIPLE_CUSIPS,34007704385,true,0,0,29,82,402
761661185408036266,PLL1,P1_DURABLE_RANKED,false,false,BASE_HYPOTHESIS_NOT_IN_CURRENT_REVIEW_FRONTIER,common,,696429307,2006-07-05,2015-08-28,,34007704385,true,0,0,29,119,2205
98904311513022875,EBGMY,P1_DURABLE_RANKED,true,true,OPEN_REVIEW,common,,38012G100 278634100,2006-12-28,2009-05-07,MULTIPLE_CUSIPS,34007704385,true,0,0,29,18,53
241154412158535428,AHPIQ,P1_DURABLE_RANKED,true,true,OPEN_REVIEW,common,,019222207 019222108,2020-02-28,2021-12-21,MULTIPLE_CUSIPS,34007704385,true,0,0,28,65,70
268270329065354602,MOVE1,P1_DURABLE_RANKED,true,true,OPEN_REVIEW,common,,62458M207 437852106,2014-09-30,2014-11-13,MULTIPLE_CUSIPS,34007704385,true,0,0,28,21,31
554954176952665665,NOVNQ,P1_DURABLE_RANKED,true,true,OPEN_REVIEW,common,,66988N106 66988N205,2020-07-21,2021-07-12,MULTIPLE_CUSIPS,34007704385,true,0,0,28,39,64
884241433752390727,MITI1,P1_DURABLE_RANKED,true,true,OPEN_REVIEW,common,,59509C105 13738Y107,2012-01-26,2012-03-07,MULTIPLE_CUSIPS,34007704385,true,0,0,28,21,28
947831258121099345,AGR1,P1_DURABLE_RANKED,true,true,OPEN_REVIEW,common,,00845V308 00845V100,2006-07-25,2007-03-30,MULTIPLE_CUSIPS,34007704385,true,0,0,28,35,146
962456727331389556,TROO,P1_DURABLE_RANKED,true,true,OPEN_REVIEW,common,,G80751129 G9094C104 G80751103 406548115 406548107 406548206,2021-07-09,2021-09-23,MULTIPLE_CUSIPS,34007704385,true,0,0,28,22,44
1073048220598422763,ZKIN,P1_DURABLE_RANKED,true,true,OPEN_REVIEW,common,,G9892K100 G9892K209,2021-03-15,2025-05-21,MULTIPLE_CUSIPS,34007704385,true,0,0,27,21,30
1098150887327738916,KTWO1,P1_DURABLE_RANKED,false,false,BASE_HYPOTHESIS_NOT_IN_CURRENT_REVIEW_FRONTIER,common,,48273J107,2018-08-30,2018-11-08,,34007704385,true,0,0,27,22,49
1100081557843370397,D,P1_DURABLE_RANKED,true,true,OPEN_REVIEW,common,,25746U109 257470104,2018-01-03,2018-02-02,MULTIPLE_CUSIPS,34007704385,true,0,0,27,88,5050
118117752129284714,ATRS1,P1_DURABLE_RANKED,false,false,BASE_HYPOTHESIS_NOT_IN_CURRENT_REVIEW_FRONTIER,common,,02148M100,2007-01-29,2007-04-05,,34007704385,true,0,0,27,21,47
126170443250965669,GRTSQ,P1_DURABLE_RANKED,false,false,BASE_HYPOTHESIS_NOT_IN_CURRENT_REVIEW_FRONTIER,common,,39868T105,2021-01-19,2022-01-28,,34007704385,true,0,0,27,29,56
20237171367150132,ECHO2,P1_DURABLE_RANKED,true,true,OPEN_REVIEW,common,,27875T101 285562500,2015-04-30,2021-11-22,MULTIPLE_CUSIPS,34007704385,true,0,0,27,30,69
36353796762386872,TCSGQ,P1_DURABLE_RANKED,true,true,OPEN_REVIEW,common,,210751103 210751202,2021-02-16,2021-03-29,MULTIPLE_CUSIPS,34007704385,true,0,0,27,3,30
1005418764309241651,MBAI,P1_DURABLE_RANKED,true,true,OPEN_REVIEW,common,,M2361E203 M2361E179 M2361E112 M2361E146,2021-01-04,2026-01-28,MULTIPLE_CUSIPS,34007704385,true,0,0,26,31,47
1042882926694701041,KB,P1_DURABLE_RANKED,true,true,OPEN_REVIEW,common,,48241A105 50049M109,2006-07-05,2026-07-31,MULTIPLE_CUSIPS,34007704385,true,0,0,26,66,806
1098185554659564110,NDRM,P1_DURABLE_RANKED,false,false,BASE_HYPOTHESIS_NOT_IN_CURRENT_REVIEW_FRONTIER,common,,M74231107,2017-07-24,2017-09-26,,34007704385,true,0,0,26,21,43
569036817370121420,LGFTY,P1_DURABLE_RANKED,false,false,BASE_HYPOTHESIS_NOT_IN_CURRENT_REVIEW_FRONTIER,common,,54318P108,2009-06-05,2011-05-16,,34007704385,true,0,0,26,8,230
655954555180042082,GEF,P1_DURABLE_RANKED,false,false,BASE_HYPOTHESIS_NOT_IN_CURRENT_REVIEW_FRONTIER,common,,397624107,2007-01-03,2025-07-03,,34007704385,true,0,0,26,38,236
709072823375267667,AVCT1,P1_DURABLE_RANKED,false,false,BASE_HYPOTHESIS_NOT_IN_CURRENT_REVIEW_FRONTIER,common,,053893103,2006-09-11,2009-11-25,,34007704385,true,0,0,26,52,174
716443807172864880,EMWPF,P1_DURABLE_RANKED,true,true,OPEN_REVIEW,common,,G3788M114 G3788R105,2015-10-13,2021-04-21,MULTIPLE_CUSIPS,34007704385,true,0,0,26,2,61
725891032563178553,ENLK,P1_DURABLE_RANKED,true,true,OPEN_REVIEW,common,,29336U107 22765U102,2013-11-13,2019-01-25,MULTIPLE_CUSIPS,34007704385,true,0,0,26,18,155
746158814089704953,TIOG,P1_DURABLE_RANKED,true,true,OPEN_REVIEW,common,,55328R109 595117102,2021-02-18,2023-06-28,MULTIPLE_CUSIPS,34007704385,true,0,0,26,10,54
826967950424588218,CHIC1,P1_DURABLE_RANKED,false,false,BASE_HYPOTHESIS_NOT_IN_CURRENT_REVIEW_FRONTIER,common,,161048103,2006-09-15,2009-09-21,,34007704385,true,0,0,26,6,91
916021885057425667,SPIL,P1_DURABLE_RANKED,false,false,BASE_HYPOTHESIS_NOT_IN_CURRENT_REVIEW_FRONTIER,common,,827084864,2007-04-17,2011-02-15,,34007704385,true,0,0,26,7,181
1098170737088530689,TRI1,P1_DURABLE_RANKED,false,false,BASE_HYPOTHESIS_NOT_IN_CURRENT_REVIEW_FRONTIER,common,,89579K109,2006-07-05,2007-07-24,,34007704385,true,0,0,25,23,230
190675113231122773,MIC2,P1_DURABLE_RANKED,true,true,OPEN_REVIEW,common,,55608B105 55607X108,2007-07-20,2021-11-03,MULTIPLE_CUSIPS,34007704385,true,0,0,25,37,1789
22906513656678826,ADI,P1_DURABLE_RANKED,false,false,BASE_HYPOTHESIS_NOT_IN_CURRENT_REVIEW_FRONTIER,common,,032654105,2006-07-05,2026-07-31,,34007704385,true,0,0,25,114,5050
234830040312163466,NGL,P1_DURABLE_RANKED,false,true,REVIEWED_TYPE_CORRECTION,common,non_common,62913M107,2014-06-18,2019-03-11,FACTUAL_TYPE_DEFECT_OMITTED_FROM_INITIAL_HEURISTIC_QUEUE,34007704385,true,0,0,25,72,152
273245893688790759,KRON1,P1_DURABLE_RANKED,false,false,BASE_HYPOTHESIS_NOT_IN_CURRENT_REVIEW_FRONTIER,common,,501052104,2006-07-14,2007-06-11,,34007704385,true,0,0,25,24,64
34225094003874007,AFMDQ,P1_DURABLE_RANKED,true,true,OPEN_REVIEW,common,,N01045108 N01045207,2018-08-30,2021-05-19,MULTIPLE_CUSIPS,34007704385,true,0,0,25,34,43
452579604509674802,ABVEF,P1_DURABLE_RANKED,true,true,OPEN_REVIEW,common,,09175K105 00373V100,2025-07-10,2025-11-04,MULTIPLE_CUSIPS,34007704385,true,0,0,25,28,30
459791525961776759,CNI,P1_DURABLE_RANKED,false,false,BASE_HYPOTHESIS_NOT_IN_CURRENT_REVIEW_FRONTIER,common,,136375102,2006-07-05,2026-07-31,,34007704385,true,0,0,25,45,5050
539366433061164208,AMN1,P1_DURABLE_RANKED,false,false,BASE_HYPOTHESIS_NOT_IN_CURRENT_REVIEW_FRONTIER,common,,030710107,2011-07-15,2011-10-05,,34007704385,true,0,0,25,28,56
739966891811158555,DERM2,P1_DURABLE_RANKED,false,false,BASE_HYPOTHESIS_NOT_IN_CURRENT_REVIEW_FRONTIER,common,,24983L104,2017-05-23,2020-02-19,,34007704385,true,0,0,25,44,92
779267533562127263,IRNTQ,P1_DURABLE_RANKED,true,true,OPEN_REVIEW,common,,46323Q105 50201G106,2021-09-07,2022-03-31,MULTIPLE_CUSIPS,34007704385,true,0,0,25,34,90
997629165763677336,AHMIQ,P1_DURABLE_RANKED,true,true,OPEN_REVIEW,common,,02660R107 02660M108,2006-07-28,2007-08-02,MULTIPLE_CUSIPS,34007704385,true,0,0,25,3,179
342488882956871877,CHRS1,P1_DURABLE_RANKED,false,false,BASE_HYPOTHESIS_NOT_IN_CURRENT_REVIEW_FRONTIER,common,,161133103,2006-08-28,2012-06-05,,34007704385,true,0,0,24,44,155
924397481679572664,ZNHYY,P1_DURABLE_RANKED,false,false,BASE_HYPOTHESIS_NOT_IN_CURRENT_REVIEW_FRONTIER,common,,169409109,2007-09-21,2007-10-24,,34007704385,true,0,0,24,9,24
1013775943418651285,DOC2,P1_DURABLE_RANKED,false,false,BASE_HYPOTHESIS_NOT_IN_CURRENT_REVIEW_FRONTIER,common,,71943U104,2015-01-30,2024-02-29,,34007704385,true,0,0,23,21,1830
1144271736914874719,FUN,P1_DURABLE_RANKED,true,true,OPEN_REVIEW,common,,150185106 83001C108,2018-08-02,2024-07-01,MULTIPLE_CUSIPS,34007704385,true,0,0,23,91,911
172506604651624661,ABI1,P1_DURABLE_RANKED,true,true,OPEN_REVIEW,common,,038149100 038020103 714041100 69332S201 69332S102,2006-07-05,2008-11-21,MULTIPLE_CUSIPS,34007704385,true,0,0,23,19,602
210939526059118148,ATLS1,P1_DURABLE_RANKED,true,true,OPEN_REVIEW,common,,04930A104 049167109 04939R108,2011-02-24,2015-02-26,MULTIPLE_CUSIPS,34007704385,true,0,0,23,27,241
264006574620812721,SIFY,P1_DURABLE_RANKED,true,true,OPEN_REVIEW,common,,82655M107 82655M206 804099208 804099109,2011-04-28,2011-05-31,MULTIPLE_CUSIPS,34007704385,true,0,0,23,11,23
441826363961881723,CIR1,P1_DURABLE_RANKED,false,false,BASE_HYPOTHESIS_NOT_IN_CURRENT_REVIEW_FRONTIER,common,,17273K109,2008-07-30,2023-10-17,,34007704385,true,0,0,23,31,50
461686511677193081,QSI,P1_DURABLE_RANKED,true,true,OPEN_REVIEW,common,,74765K105 42984L105,2021-03-09,2021-03-18,MULTIPLE_CUSIPS,34007704385,true,0,0,23,68,101
47758405638984376,TEP,P1_DURABLE_RANKED,false,false,BASE_HYPOTHESIS_NOT_IN_CURRENT_REVIEW_FRONTIER,common,,874697105,2014-07-22,2018-06-29,,34007704385,true,0,0,23,8,104
829561835247102025,IFS3,P1_DURABLE_RANKED,false,false,BASE_HYPOTHESIS_NOT_IN_CURRENT_REVIEW_FRONTIER,common,,45684P102,2007-03-21,2007-08-30,,34007704385,true,0,0,23,19,25
1058941560213499210,VECT,P1_DURABLE_RANKED,false,false,BASE_HYPOTHESIS_NOT_IN_CURRENT_REVIEW_FRONTIER,common,,H9060V101,2023-05-23,2023-06-28,,34007704385,true,0,0,22,20,25
1067506624231909172,HGENQ,P1_DURABLE_RANKED,true,true,OPEN_REVIEW,common,,444863203 48344T100 48344T209 444863104,2015-11-20,2021-10-07,MULTIPLE_CUSIPS,34007704385,true,0,0,22,47,138
189173366802346650,MTLS,P1_DURABLE_RANKED,false,false,BASE_HYPOTHESIS_NOT_IN_CURRENT_REVIEW_FRONTIER,common,,57667T100,2021-01-14,2021-04-13,,34007704385,true,0,0,22,6,61
240732594440642070,NXG1,P1_DURABLE_RANKED,false,false,BASE_HYPOTHESIS_NOT_IN_CURRENT_REVIEW_FRONTIER,common,,666416102,2011-09-06,2011-10-06,,34007704385,true,0,0,22,13,23
39846923719649688,SGI1,P1_DURABLE_RANKED,true,true,OPEN_REVIEW,common,,82706L108 750077109,2006-07-05,2007-09-06,MULTIPLE_CUSIPS,34007704385,true,0,0,22,58,264
731910459224080858,THOR2,P1_DURABLE_RANKED,false,false,BASE_HYPOTHESIS_NOT_IN_CURRENT_REVIEW_FRONTIER,common,,87167A103,2019-12-09,2020-01-22,,34007704385,true,0,0,22,21,30
760379920259343544,AUOTY,P1_DURABLE_RANKED,true,true,OPEN_REVIEW,common,,002255107 002255404,2006-07-05,2015-02-26,MULTIPLE_CUSIPS,34007704385,true,0,0,22,99,1174
819877013220958897,ELON1,P1_DURABLE_RANKED,true,true,OPEN_REVIEW,common,,27874N105 27874N303,2007-08-07,2007-09-06,MULTIPLE_CUSIPS,34007704385,true,0,0,22,17,22
866848245595357317,UROY,P1_DURABLE_RANKED,false,false,BASE_HYPOTHESIS_NOT_IN_CURRENT_REVIEW_FRONTIER,common,,91702V101,2025-10-16,2025-11-14,,34007704385,true,0,0,22,2,22
875828366730604655,KMI1,P1_DURABLE_RANKED,false,false,BASE_HYPOTHESIS_NOT_IN_CURRENT_REVIEW_FRONTIER,common,,482620101,2006-07-05,2007-05-30,,34007704385,true,0,0,22,0,226
932160252748025368,MEDI1,P1_DURABLE_RANKED,false,false,BASE_HYPOTHESIS_NOT_IN_CURRENT_REVIEW_FRONTIER,common,,584699102,2006-07-05,2007-06-18,,34007704385,true,0,0,22,38,239
1050071176586409042,NMM,P1_DURABLE_RANKED,true,true,OPEN_REVIEW,common,,Y62267102 Y62267409,2021-05-05,2021-06-03,MULTIPLE_CUSIPS,34007704385,true,0,0,21,6,21
1062442543159298174,RENT1,P1_DURABLE_RANKED,false,false,BASE_HYPOTHESIS_NOT_IN_CURRENT_REVIEW_FRONTIER,common,,760174102,2015-02-06,2015-10-27,,34007704385,true,0,0,21,23,50
1136869915621863700,ADAPY,P1_DURABLE_RANKED,false,false,BASE_HYPOTHESIS_NOT_IN_CURRENT_REVIEW_FRONTIER,common,,00653A107,2020-01-28,2021-09-29,,34007704385,true,0,0,21,36,39
216915806326125835,CCIHY,P1_DURABLE_RANKED,false,false,BASE_HYPOTHESIS_NOT_IN_CURRENT_REVIEW_FRONTIER,common,,16950M107,2014-03-05,2014-04-02,,34007704385,true,0,0,21,13,21
616497452040356659,LTMAY,P1_DURABLE_RANKED,true,true,OPEN_REVIEW,common,,51817R106 501723100,2007-03-13,2020-06-30,MULTIPLE_CUSIPS,34007704385,true,0,0,21,20,59
661122241998976287,OBQI,P1_DURABLE_RANKED,true,true,OPEN_REVIEW,common,,678046103 138748108 917022105,2007-08-08,2008-07-29,MULTIPLE_CUSIPS,34007704385,true,0,0,21,42,60
1107113902522553882,ELTTY,P1_DURABLE_RANKED,false,false,BASE_HYPOTHESIS_NOT_IN_CURRENT_REVIEW_FRONTIER,common,,290348101,2012-06-29,2012-08-10,,34007704385,true,0,0,20,12,30
297972758990644181,ICON1,P1_DURABLE_RANKED,true,true,OPEN_REVIEW,common,,451055107 451055305 137409108,2006-12-19,2016-01-12,MULTIPLE_CUSIPS,34007704385,true,0,0,20,72,736
355939511725147560,KSPI,P1_DURABLE_RANKED,false,false,BASE_HYPOTHESIS_NOT_IN_CURRENT_REVIEW_FRONTIER,common,,48581R205,2024-07-22,2026-07-31,,34007704385,true,0,0,20,8,487
571494868013546750,BONTQ,P1_DURABLE_RANKED,false,false,BASE_HYPOTHESIS_NOT_IN_CURRENT_REVIEW_FRONTIER,common,,09776J101,2007-03-08,2007-04-04,,34007704385,true,0,0,20,19,20
600006604401107000,HTE,P1_DURABLE_RANKED,false,false,BASE_HYPOTHESIS_NOT_IN_CURRENT_REVIEW_FRONTIER,common,,41752X101,2006-09-25,2009-11-20,,34007704385,true,0,0,20,33,303
835184096958021271,DOLE1,P1_DURABLE_RANKED,false,false,BASE_HYPOTHESIS_NOT_IN_CURRENT_REVIEW_FRONTIER,common,,256603101,2012-09-24,2013-11-01,,34007704385,true,0,0,20,21,74
910334444152931164,WEST2,P1_DURABLE_RANKED,true,true,OPEN_REVIEW,common,,009720103 96040V101 033355108,2008-01-03,2008-02-06,MULTIPLE_CUSIPS,34007704385,true,0,0,20,16,24
962839625504988938,ASR,P1_DURABLE_RANKED,false,false,BASE_HYPOTHESIS_NOT_IN_CURRENT_REVIEW_FRONTIER,common,,40051E202,2023-04-17,2026-07-15,,34007704385,true,0,0,20,4,269
293425155284498872,RGSEQ,P1_DURABLE_RANKED,true,true,OPEN_REVIEW,common,,75601N104 75601N500 75601N203 75601N302,2013-05-28,2016-10-24,MULTIPLE_CUSIPS,34007704385,true,0,0,19,27,34
345883696677742823,FLOW2,P1_DURABLE_RANKED,false,false,BASE_HYPOTHESIS_NOT_IN_CURRENT_REVIEW_FRONTIER,common,,78469X107,2021-07-26,2022-04-04,,34007704385,true,0,0,19,33,125
347578475150470281,SPG,P1_DURABLE_RANKED,true,true,OPEN_REVIEW,common,,828806109 828781104 828805101,2026-02-06,2026-02-09,MULTIPLE_CUSIPS,34007704385,true,0,0,19,115,5050
434115552006977400,BBAR,P1_DURABLE_RANKED,true,true,OPEN_REVIEW,common,,07329M100 058934100,2025-01-08,2025-11-24,MULTIPLE_CUSIPS,34007704385,true,0,0,19,32,38
609286170975533652,HIH1,P1_DURABLE_RANKED,false,false,BASE_HYPOTHESIS_NOT_IN_CURRENT_REVIEW_FRONTIER,common,,430141101,2007-05-01,2007-06-13,,34007704385,true,0,0,19,0,31
656567196043250108,CJHBQ,P1_DURABLE_RANKED,false,false,BASE_HYPOTHESIS_NOT_IN_CURRENT_REVIEW_FRONTIER,common,,158496109,2007-03-14,2007-11-28,,34007704385,true,0,0,19,56,139
669039615450984041,SVM1,P1_DURABLE_RANKED,true,true,OPEN_REVIEW,common,,81760N109 817615107,2007-03-19,2007-07-24,MULTIPLE_CUSIPS,34007704385,true,0,0,19,13,88
764076178552891930,NS,P1_DURABLE_RANKED,true,true,OPEN_REVIEW,common,,67058H102 91913W104 819357104,2008-04-07,2024-05-02,MULTIPLE_CUSIPS,34007704385,true,0,0,19,85,813
1029182771640147213,GI1,P1_DURABLE_RANKED,false,false,BASE_HYPOTHESIS_NOT_IN_CURRENT_REVIEW_FRONTIER,common,,374508109,2006-07-06,2007-05-31,,34007704385,true,0,0,18,17,146
1029743634118094740,FLA,P1_DURABLE_RANKED,false,false,BASE_HYPOTHESIS_NOT_IN_CURRENT_REVIEW_FRONTIER,common,,340632108,2007-04-02,2007-07-26,,34007704385,true,0,0,18,32,79
1110843741846800836,MKULQ,P1_DURABLE_RANKED,false,false,BASE_HYPOTHESIS_NOT_IN_CURRENT_REVIEW_FRONTIER,common,,007744105,2022-06-07,2022-10-06,,34007704385,true,0,0,18,27,44
341564885255105010,CN1,P1_DURABLE_RANKED,false,false,BASE_HYPOTHESIS_NOT_IN_CURRENT_REVIEW_FRONTIER,common,,16940Q101,2007-10-08,2008-08-04,,34007704385,true,0,0,18,27,102
55356489462400378,LEVGQ,P1_DURABLE_RANKED,true,true,OPEN_REVIEW,common,,536221104 66516T104,2021-02-18,2021-07-15,MULTIPLE_CUSIPS,34007704385,true,0,0,18,6,87
978117716616972669,RCAPQ,P1_DURABLE_RANKED,false,false,BASE_HYPOTHESIS_NOT_IN_CURRENT_REVIEW_FRONTIER,common,,74937W102,2014-06-09,2014-12-11,,34007704385,true,0,0,18,1,46
1015632908539209151,ORIG,P1_DURABLE_RANKED,true,true,OPEN_REVIEW,common,,Y64354205 G66964118 G66964100,2018-06-27,2018-11-14,MULTIPLE_CUSIPS,34007704385,true,0,0,17,31,68
1075904931462548556,VISN1,P1_DURABLE_RANKED,true,true,OPEN_REVIEW,common,,92833U202 92833U103,2008-08-04,2008-08-26,MULTIPLE_CUSIPS,34007704385,true,0,0,17,9,17
124470583467734882,TLSMF,P1_DURABLE_RANKED,false,false,BASE_HYPOTHESIS_NOT_IN_CURRENT_REVIEW_FRONTIER,common,,87425E103,2006-07-05,2015-05-07,,34007704385,true,0,0,17,104,2225
146639372573193242,PSUNQ,P1_DURABLE_RANKED,false,false,BASE_HYPOTHESIS_NOT_IN_CURRENT_REVIEW_FRONTIER,common,,694873100,2006-07-05,2008-10-01,,34007704385,true,0,0,17,67,555
160749560502000048,JPPYY,P1_DURABLE_RANKED,false,false,BASE_HYPOTHESIS_NOT_IN_CURRENT_REVIEW_FRONTIER,common,,48205B107,2017-10-25,2017-11-16,,34007704385,true,0,0,17,12,17
207832485536993183,ONT1,P1_DURABLE_RANKED,false,false,BASE_HYPOTHESIS_NOT_IN_CURRENT_REVIEW_FRONTIER,common,,68338A107,2007-05-22,2007-06-14,,34007704385,true,0,0,17,14,17
234701716849896287,SONO1,P1_DURABLE_RANKED,false,false,BASE_HYPOTHESIS_NOT_IN_CURRENT_REVIEW_FRONTIER,common,,83568G104,2011-12-15,2012-01-13,,34007704385,true,0,0,17,17,17
385446091142772687,ENFY,P1_DURABLE_RANKED,true,true,OPEN_REVIEW,common,,16943W105 16943W204,2009-12-02,2009-12-29,MULTIPLE_CUSIPS,34007704385,true,0,0,17,12,19
4192202939672513,GIG1,P1_DURABLE_RANKED,true,true,OPEN_REVIEW,common,,37518Q109 37517Y103,2006-10-23,2006-12-07,MULTIPLE_CUSIPS,34007704385,true,0,0,17,25,33
490068856428274586,PARAA,P1_DURABLE_RANKED,true,true,OPEN_REVIEW,common,,92556H107 124857103,2021-03-23,2021-04-26,MULTIPLE_CUSIPS,34007704385,true,0,0,17,1,24
512401272000252605,GSM1,P1_DURABLE_RANKED,false,false,BASE_HYPOTHESIS_NOT_IN_CURRENT_REVIEW_FRONTIER,common,,37954N206,2011-03-07,2011-09-06,,34007704385,true,0,0,17,15,58
548570527460070038,ABWTQ,P1_DURABLE_RANKED,true,true,OPEN_REVIEW,common,,102183100 003687100 102183407,2007-01-29,2008-04-10,MULTIPLE_CUSIPS,34007704385,true,0,0,17,79,153
673465785464250804,OCFT,P1_DURABLE_RANKED,true,true,OPEN_REVIEW,common,,68248T105 68248T204,2020-08-13,2021-07-09,MULTIPLE_CUSIPS,34007704385,true,0,0,17,0,50
1060699827846522061,SCR,P1_DURABLE_RANKED,false,false,BASE_HYPOTHESIS_NOT_IN_CURRENT_REVIEW_FRONTIER,common,,80919D202,2021-08-25,2021-10-18,,34007704385,true,0,0,16,7,37
217337884038065196,NSS1,P1_DURABLE_RANKED,false,false,BASE_HYPOTHESIS_NOT_IN_CURRENT_REVIEW_FRONTIER,common,,628916108,2006-07-05,2006-10-30,,34007704385,true,0,0,16,26,42
486254241629842214,AMAP,P1_DURABLE_RANKED,false,false,BASE_HYPOTHESIS_NOT_IN_CURRENT_REVIEW_FRONTIER,common,,05330F106,2013-09-12,2014-05-27,,34007704385,true,0,0,16,22,52
600579374739544282,NGMS,P1_DURABLE_RANKED,false,false,BASE_HYPOTHESIS_NOT_IN_CURRENT_REVIEW_FRONTIER,common,,L6673X107,2021-06-07,2021-06-28,,34007704385,true,0,0,16,13,16
605776158293150926,BKC1,P1_DURABLE_RANKED,false,false,BASE_HYPOTHESIS_NOT_IN_CURRENT_REVIEW_FRONTIER,common,,121208201,2007-02-22,2010-10-19,,34007704385,true,0,0,16,49,764
606019229277999905,MODL1,P1_DURABLE_RANKED,true,true,OPEN_REVIEW,common,,60689B107 58506K102,2012-07-12,2012-08-10,MULTIPLE_CUSIPS,34007704385,true,0,0,16,5,20
689337024516540951,WIT,P1_DURABLE_RANKED,false,false,BASE_HYPOTHESIS_NOT_IN_CURRENT_REVIEW_FRONTIER,common,,97651M109,2010-01-27,2026-07-29,,34007704385,true,0,0,16,3,394
764360899741945560,BMO,P1_DURABLE_RANKED,false,false,BASE_HYPOTHESIS_NOT_IN_CURRENT_REVIEW_FRONTIER,common,,063671101,2007-12-05,2026-07-31,,34007704385,true,0,0,16,36,4446
818902908814402884,GNS,P1_DURABLE_RANKED,true,true,OPEN_REVIEW,common,,Y3005A109 Y3005A117,2023-01-19,2023-09-20,MULTIPLE_CUSIPS,34007704385,true,0,0,16,35,54
83463188048260129,H1,P1_DURABLE_RANKED,false,false,BASE_HYPOTHESIS_NOT_IN_CURRENT_REVIEW_FRONTIER,common,,75605E100,2007-01-19,2007-04-09,,34007704385,true,0,0,16,1,54
996120832210501672,NHP1,P1_DURABLE_RANKED,false,false,BASE_HYPOTHESIS_NOT_IN_CURRENT_REVIEW_FRONTIER,common,,638620104,2007-01-24,2011-07-01,,34007704385,true,0,0,16,74,1112
1117414376686089641,ZVOI,P1_DURABLE_RANKED,true,true,OPEN_REVIEW,common,,10807M105 98979V102,2011-07-27,2011-08-19,MULTIPLE_CUSIPS,34007704385,true,0,0,15,0,18
175205642536175483,CGGYY,P1_DURABLE_RANKED,true,true,OPEN_REVIEW,common,,12531Q105 12531Q204 204386106,2007-01-23,2008-07-22,MULTIPLE_CUSIPS,34007704385,true,0,0,15,0,64
203172267133683354,ZQKSQ,P1_DURABLE_RANKED,false,false,BASE_HYPOTHESIS_NOT_IN_CURRENT_REVIEW_FRONTIER,common,,74838C106,2006-09-19,2014-06-30,,34007704385,true,0,0,15,47,280
226304402817445814,GTE,P1_DURABLE_RANKED,true,true,OPEN_REVIEW,common,,38500T101 38500T200,2008-06-27,2008-07-18,MULTIPLE_CUSIPS,34007704385,true,0,0,15,13,20
226447547464065125,WMG1,P1_DURABLE_RANKED,false,false,BASE_HYPOTHESIS_NOT_IN_CURRENT_REVIEW_FRONTIER,common,,934550104,2006-07-13,2011-06-03,,34007704385,true,0,0,15,10,32
241908488000062163,BEPC,P1_DURABLE_RANKED,true,true,OPEN_REVIEW,common,,11284V105 11285B108,2021-01-25,2026-07-31,MULTIPLE_CUSIPS,34007704385,true,0,0,15,81,1180
35081023429223156,TCN,P1_DURABLE_RANKED,false,false,BASE_HYPOTHESIS_NOT_IN_CURRENT_REVIEW_FRONTIER,common,,89612W102,2024-01-19,2024-05-01,,34007704385,true,0,0,15,21,71
488901893881778762,OPITQ,P1_DURABLE_RANKED,true,true,OPEN_REVIEW,common,,67623C109 38376A103,2010-08-26,2019-01-31,MULTIPLE_CUSIPS,34007704385,true,0,0,15,3,204
656211485730635402,SDCCQ,P1_DURABLE_RANKED,false,false,BASE_HYPOTHESIS_NOT_IN_CURRENT_REVIEW_FRONTIER,common,,83192H106,2020-03-13,2022-02-16,,34007704385,true,0,0,15,63,472
863487155718577721,FSRNQ,P1_DURABLE_RANKED,true,true,OPEN_REVIEW,common,,33813J106 846784106 846784114,2020-07-09,2024-01-12,MULTIPLE_CUSIPS,34007704385,true,0,0,15,139,884
1014729179793648627,FRG2,P1_DURABLE_RANKED,true,true,OPEN_REVIEW,common,,35903Q106 359032109,2011-02-03,2011-03-14,MULTIPLE_CUSIPS,34007704385,true,0,0,14,21,27
1080971315611263813,PSNY,P1_DURABLE_RANKED,true,true,OPEN_REVIEW,common,,731105201 38286Q107 731105409,2021-09-27,2023-08-02,MULTIPLE_CUSIPS,34007704385,true,0,0,14,36,235
112292470951460978,EVER1,P1_DURABLE_RANKED,false,false,BASE_HYPOTHESIS_NOT_IN_CURRENT_REVIEW_FRONTIER,common,,29977G102,2013-03-12,2016-12-22,,34007704385,true,0,0,14,17,91
1127692325695941205,TGE1,P1_DURABLE_RANKED,false,false,BASE_HYPOTHESIS_NOT_IN_CURRENT_REVIEW_FRONTIER,common,,874696107,2018-06-27,2020-04-16,,34007704385,true,0,0,14,71,371
11691645360688405,SAFE2,P1_DURABLE_RANKED,true,true,OPEN_REVIEW,common,,78645L100 78649D104,2019-12-02,2022-03-30,MULTIPLE_CUSIPS,34007704385,true,0,0,14,18,54
193642028677528959,GIVN,P1_DURABLE_RANKED,false,false,BASE_HYPOTHESIS_NOT_IN_CURRENT_REVIEW_FRONTIER,common,,M52020100,2013-12-09,2014-01-07,,34007704385,true,0,0,14,14,14
227365020521330341,RPRX1,P1_DURABLE_RANKED,true,true,OPEN_REVIEW,common,,76028H209 98975L108 76028H100,2013-09-17,2014-10-02,MULTIPLE_CUSIPS,34007704385,true,0,0,14,12,35
273162674798824225,AACH,P1_DURABLE_RANKED,false,false,BASE_HYPOTHESIS_NOT_IN_CURRENT_REVIEW_FRONTIER,common,,000307108,2015-08-04,2015-08-31,,34007704385,true,0,0,14,0,20
337104369204997227,CPSL1,P1_DURABLE_RANKED,true,true,OPEN_REVIEW,common,,16941J205 16941J106 684029200 684029101,2007-09-25,2008-06-18,MULTIPLE_CUSIPS,34007704385,true,0,0,14,38,55
417585245227518571,EFD1,P1_DURABLE_RANKED,false,false,BASE_HYPOTHESIS_NOT_IN_CURRENT_REVIEW_FRONTIER,common,,28224R101,2007-05-17,2007-09-12,,34007704385,true,0,0,14,24,81
420566990436535137,APSG1,P1_DURABLE_RANKED,false,false,BASE_HYPOTHESIS_NOT_IN_CURRENT_REVIEW_FRONTIER,common,,038237103,2010-12-20,2011-01-18,,34007704385,true,0,0,14,1,14
636788523222879240,CYOU,P1_DURABLE_RANKED,false,false,BASE_HYPOTHESIS_NOT_IN_CURRENT_REVIEW_FRONTIER,common,,15911M107,2009-10-01,2017-06-15,,34007704385,true,0,0,14,15,56
678027302963688176,NTG1,P1_DURABLE_RANKED,false,false,BASE_HYPOTHESIS_NOT_IN_CURRENT_REVIEW_FRONTIER,common,,63227W203,2009-06-08,2009-11-18,,34007704385,true,0,0,14,15,15
70857138066877399,MPLX,P1_DURABLE_RANKED,false,false,BASE_HYPOTHESIS_NOT_IN_CURRENT_REVIEW_FRONTIER,common,,55336V100,2014-11-25,2026-07-31,,34007704385,true,0,0,14,94,2749
740994347344182084,EYE2,P1_DURABLE_RANKED,false,false,BASE_HYPOTHESIS_NOT_IN_CURRENT_REVIEW_FRONTIER,common,,00763M108,2006-07-05,2009-02-26,,34007704385,true,0,0,14,31,498
82546686313834995,LYB.B,P1_DURABLE_RANKED,false,false,BASE_HYPOTHESIS_NOT_IN_CURRENT_REVIEW_FRONTIER,common,,N53745118,2010-11-05,2010-12-01,,34007704385,true,0,0,14,0,14
96056433145177696,ASCA1,P1_DURABLE_RANKED,false,false,BASE_HYPOTHESIS_NOT_IN_CURRENT_REVIEW_FRONTIER,common,,03070Q101,2007-04-17,2013-06-24,,34007704385,true,0,0,14,47,94
1083144803974890129,SDEV,P1_DURABLE_RANKED,true,true,OPEN_REVIEW,common,,66987P201 66987P102 66987P409 66987P300 66987P508,2025-08-27,2026-01-28,MULTIPLE_CUSIPS,34007704385,true,0,0,13,20,24
112246079093855408,BELFA,P1_DURABLE_RANKED,true,true,OPEN_REVIEW,common,,077347201 077347102,2026-05-29,2026-07-31,MULTIPLE_CUSIPS,34007704385,true,0,0,13,0,44
1124735195301797001,RA2,P1_DURABLE_RANKED,false,false,BASE_HYPOTHESIS_NOT_IN_CURRENT_REVIEW_FRONTIER,common,,750753402,2012-07-27,2012-08-15,,34007704385,true,0,0,13,5,13
1144531901989620662,AHL2,P1_DURABLE_RANKED,false,false,BASE_HYPOTHESIS_NOT_IN_CURRENT_REVIEW_FRONTIER,common,,G05384105,2007-06-22,2019-02-14,,34007704385,true,0,0,13,77,1073
1145718711669119820,RATE1,P1_DURABLE_RANKED,true,true,OPEN_REVIEW,common,,06646V108 45172Q109 45816V100,2006-07-05,2009-08-18,MULTIPLE_CUSIPS,34007704385,true,0,0,13,47,188
310811706499605977,TAL1,P1_DURABLE_RANKED,false,false,BASE_HYPOTHESIS_NOT_IN_CURRENT_REVIEW_FRONTIER,common,,874083108,2011-04-11,2014-05-14,,34007704385,true,0,0,13,5,162
437064850062150131,AVX1,P1_DURABLE_RANKED,true,true,OPEN_REVIEW,common,,002444107 002440105,2020-02-27,2020-03-27,MULTIPLE_CUSIPS,34007704385,true,0,0,13,20,21
586374126009732123,EPSM,P1_DURABLE_RANKED,false,false,BASE_HYPOTHESIS_NOT_IN_CURRENT_REVIEW_FRONTIER,common,,G3090S106,2025-09-26,2025-10-17,,34007704385,true,0,0,13,1,13
619805285480648547,CDSCY,P1_DURABLE_RANKED,true,true,OPEN_REVIEW,common,,127209302 12721E102,2006-07-14,2010-02-26,MULTIPLE_CUSIPS,34007704385,true,0,0,13,54,536
778984265287479911,CYTOF,P1_DURABLE_RANKED,true,true,OPEN_REVIEW,common,,H03579101 G07025201 G0360L100 H0381L104 G0360L209 G07025102 G0360L134 G0360L126,2020-12-01,2021-11-23,MULTIPLE_CUSIPS,34007704385,true,0,0,13,14,26
877979492663188035,XNDU,P1_DURABLE_RANKED,true,true,OPEN_REVIEW,common,,G24979109 98390R102,2026-04-15,2026-07-21,MULTIPLE_CUSIPS,34007704385,true,0,0,13,19,67
890276907122412598,BTCT,P1_DURABLE_RANKED,true,true,OPEN_REVIEW,common,,G6055H114 28138X103 G6055H155 28138X202 G6055H148,2021-02-12,2025-01-31,MULTIPLE_CUSIPS,34007704385,true,0,0,13,32,38
901557692316225736,MGAM1,P1_DURABLE_RANKED,false,false,BASE_HYPOTHESIS_NOT_IN_CURRENT_REVIEW_FRONTIER,common,,625453105,2013-09-13,2014-12-19,,34007704385,true,0,0,13,21,34
997238311327022227,QMMM,P1_DURABLE_RANKED,true,true,OPEN_REVIEW,common,,G7309R114 G7309R106,2025-09-09,2025-09-26,MULTIPLE_CUSIPS,34007704385,true,0,0,13,14,14
1147890361491130219,PESXQ,P1_DURABLE_RANKED,true,true,OPEN_REVIEW,common,,723664108 723655106 840553101,2011-07-27,2011-08-11,MULTIPLE_CUSIPS,34007704385,true,0,0,12,3,12
249507410123302203,EBODF,P1_DURABLE_RANKED,true,true,OPEN_REVIEW,common,,G84384109 G89935103 G7495T106,2007-10-03,2007-10-30,MULTIPLE_CUSIPS,34007704385,true,0,0,12,16,16
524549508080165904,RCPIQ,P1_DURABLE_RANKED,true,true,OPEN_REVIEW,common,,85517P101 772081105 772081204,2011-03-22,2011-04-27,MULTIPLE_CUSIPS,34007704385,true,0,0,12,17,26
565875166075379849,ATTU,P1_DURABLE_RANKED,true,true,OPEN_REVIEW,common,,M15332121 M15332105 M5733B104,2019-02-08,2019-03-20,MULTIPLE_CUSIPS,34007704385,true,0,0,12,10,25
575504412593188469,AM1,P1_DURABLE_RANKED,false,false,BASE_HYPOTHESIS_NOT_IN_CURRENT_REVIEW_FRONTIER,common,,026375105,2006-07-12,2013-04-26,,34007704385,true,0,0,12,34,64
5807491936277145,PSD,P1_DURABLE_RANKED,true,true,OPEN_REVIEW,common,,745310102 745332106,2007-08-07,2009-02-06,MULTIPLE_CUSIPS,34007704385,true,0,0,12,34,142
605293936964489243,BPO,P1_DURABLE_RANKED,false,false,BASE_HYPOTHESIS_NOT_IN_CURRENT_REVIEW_FRONTIER,common,,112900105,2006-09-13,2014-04-16,,34007704385,true,0,0,12,72,1808
633014458580637624,APL,P1_DURABLE_RANKED,false,false,BASE_HYPOTHESIS_NOT_IN_CURRENT_REVIEW_FRONTIER,common,,049392103,2008-07-01,2015-02-27,,34007704385,true,0,0,12,9,250
657510510567157460,HGLI,P1_DURABLE_RANKED,true,true,OPEN_REVIEW,common,,829357102 438586109 438586208 00371F206 00371F305,2014-09-11,2014-09-30,MULTIPLE_CUSIPS,34007704385,true,0,0,12,12,12
718935509046331309,ZK,P1_DURABLE_RANKED,false,false,BASE_HYPOTHESIS_NOT_IN_CURRENT_REVIEW_FRONTIER,common,,98923K103,2024-11-08,2025-09-29,,34007704385,true,0,0,12,35,96
897131622084018597,SNN,P1_DURABLE_RANKED,true,true,OPEN_REVIEW,common,,83175M205 83175M106,2011-01-27,2026-07-31,MULTIPLE_CUSIPS,34007704385,true,0,0,12,77,1653
1036427516070314394,CEQP,P1_DURABLE_RANKED,true,true,OPEN_REVIEW,common,,226344208 226344109 456615103,2010-01-20,2023-11-02,MULTIPLE_CUSIPS,34007704385,true,0,0,11,85,660
1061370045695042980,PXR1,P1_DURABLE_RANKED,false,false,BASE_HYPOTHESIS_NOT_IN_CURRENT_REVIEW_FRONTIER,common,,704227107,2007-03-28,2007-05-17,,34007704385,true,0,0,11,18,34
333118496925273911,DWSN1,P1_DURABLE_RANKED,false,false,BASE_HYPOTHESIS_NOT_IN_CURRENT_REVIEW_FRONTIER,common,,239359102,2007-08-01,2008-03-25,,34007704385,true,0,0,11,29,37
360577262931860442,GPLDF,P1_DURABLE_RANKED,true,true,OPEN_REVIEW,common,,39115V101 39115V309 39115T106,2011-03-17,2011-03-31,MULTIPLE_CUSIPS,34007704385,true,0,0,11,8,11
623190443678201852,VIAB,P1_DURABLE_RANKED,true,true,OPEN_REVIEW,common,,92553P201 925524308,2006-07-05,2019-12-04,MULTIPLE_CUSIPS,34007704385,true,0,0,11,148,3378
681764378359853114,ENGC,P1_DURABLE_RANKED,true,true,OPEN_REVIEW,common,,293306106 293306205 456053107,2021-01-12,2021-02-10,MULTIPLE_CUSIPS,34007704385,true,0,0,11,20,21
704264673016955521,GLG2,P1_DURABLE_RANKED,true,true,OPEN_REVIEW,common,,37929X107 35645F103 35645F202 37929X206,2007-11-16,2010-06-28,MULTIPLE_CUSIPS,34007704385,true,0,0,11,20,60
729518976069560821,WKEY,P1_DURABLE_RANKED,true,true,OPEN_REVIEW,common,,97727L200 97727L408 97727L309,2021-03-18,2025-11-14,MULTIPLE_CUSIPS,34007704385,true,0,0,11,50,67
1152886109977545435,FNF1,P1_DURABLE_RANKED,false,false,BASE_HYPOTHESIS_NOT_IN_CURRENT_REVIEW_FRONTIER,common,,316326107,2006-07-05,2006-11-09,,34007704385,true,0,0,10,0,90
284182997170685166,DFNS,P1_DURABLE_RANKED,true,true,OPEN_REVIEW,common,,G1643W111 67054R203 67054R104 67053Q107,2024-12-17,2026-07-31,MULTIPLE_CUSIPS,34007704385,true,0,0,10,48,68
377800697756869980,NFLDQ,P1_DURABLE_RANKED,false,false,BASE_HYPOTHESIS_NOT_IN_CURRENT_REVIEW_FRONTIER,common,,666135108,2006-12-20,2007-01-05,,34007704385,true,0,0,10,0,10
387459781243570028,GA,P1_DURABLE_RANKED,false,false,BASE_HYPOTHESIS_NOT_IN_CURRENT_REVIEW_FRONTIER,common,,374511103,2008-05-06,2013-12-24,,34007704385,true,0,0,10,30,50
4366069541507604,HNPIY,P1_DURABLE_RANKED,false,false,BASE_HYPOTHESIS_NOT_IN_CURRENT_REVIEW_FRONTIER,common,,443304100,2007-10-15,2009-01-15,,34007704385,true,0,0,10,3,42
55788727182912640,PRET,P1_DURABLE_RANKED,true,true,OPEN_REVIEW,common,,709102107 709102800,2007-04-04,2017-12-01,MULTIPLE_CUSIPS,34007704385,true,0,0,10,10,173
580555630839992399,PER1,P1_DURABLE_RANKED,false,false,BASE_HYPOTHESIS_NOT_IN_CURRENT_REVIEW_FRONTIER,common,,714265105,2009-09-21,2009-11-03,,34007704385,true,0,0,10,21,31
65661610328976340,CBCGQ,P1_DURABLE_RANKED,false,false,BASE_HYPOTHESIS_NOT_IN_CURRENT_REVIEW_FRONTIER,common,,195493309,2006-09-15,2008-11-19,,34007704385,true,0,0,10,56,467
752616570720626425,CNET1,P1_DURABLE_RANKED,true,true,OPEN_REVIEW,common,,12613R104 125945105,2006-07-05,2008-06-30,MULTIPLE_CUSIPS,34007704385,true,0,0,10,34,192
764180993476052960,CSUNY,P1_DURABLE_RANKED,true,true,OPEN_REVIEW,common,,16942X302 16942X104,2007-11-14,2008-09-22,MULTIPLE_CUSIPS,34007704385,true,0,0,10,44,78
843426090895312559,ATHXQ,P1_DURABLE_RANKED,true,true,OPEN_REVIEW,common,,04744L106 04744L205,2009-12-23,2020-04-29,MULTIPLE_CUSIPS,34007704385,true,0,0,10,12,20
1065019148125218525,DOGZ,P1_DURABLE_RANKED,true,true,OPEN_REVIEW,common,,G2788T103 G2788T111,2022-01-10,2022-05-10,MULTIPLE_CUSIPS,34007704385,true,0,0,9,0,9
108846791942767916,AVYAQ,P1_DURABLE_RANKED,false,false,BASE_HYPOTHESIS_NOT_IN_CURRENT_REVIEW_FRONTIER,common,,05351X101,2018-07-18,2022-10-03,,34007704385,true,0,0,9,150,718
1097348886680394143,GEL,P1_DURABLE_RANKED,false,false,BASE_HYPOTHESIS_NOT_IN_CURRENT_REVIEW_FRONTIER,common,,371927104,2013-09-18,2020-03-25,,34007704385,true,0,0,9,40,381
1132110208875336824,NGG,P1_DURABLE_RANKED,true,true,OPEN_REVIEW,common,,636274409 636274300 636274102,2010-07-08,2026-07-31,MULTIPLE_CUSIPS,34007704385,true,0,0,9,121,3668
148495470148800556,INST1,P1_DURABLE_RANKED,false,false,BASE_HYPOTHESIS_NOT_IN_CURRENT_REVIEW_FRONTIER,common,,45781U103,2018-02-28,2020-03-23,,34007704385,true,0,0,9,54,193
233705247448419189,ASTX2,P1_DURABLE_RANKED,true,true,OPEN_REVIEW,common,,04624B103 868059106,2013-09-05,2013-10-10,MULTIPLE_CUSIPS,34007704385,true,0,0,9,20,25
324803533822634529,XINGF,P1_DURABLE_RANKED,false,false,BASE_HYPOTHESIS_NOT_IN_CURRENT_REVIEW_FRONTIER,common,,G7303A109,2006-07-05,2011-01-24,,34007704385,true,0,0,9,24,35
616300714786925804,AWHHF,P1_DURABLE_RANKED,true,true,OPEN_REVIEW,common,,H01531104 G0219G203,2007-06-27,2017-07-27,MULTIPLE_CUSIPS,34007704385,true,0,0,9,55,683
689691083230152853,CYNA,P1_DURABLE_RANKED,false,false,BASE_HYPOTHESIS_NOT_IN_CURRENT_REVIEW_FRONTIER,common,,23257Y859,2016-09-07,2016-09-28,,34007704385,true,0,0,9,14,14
758943436528193872,GLIBA1,P1_DURABLE_RANKED,true,true,OPEN_REVIEW,common,,36164V305 36164V404 36164V107 36164V206,2018-10-25,2020-12-18,MULTIPLE_CUSIPS,34007704385,true,0,0,9,20,487
867410999266386893,AXG,P1_DURABLE_RANKED,false,false,BASE_HYPOTHESIS_NOT_IN_CURRENT_REVIEW_FRONTIER,common,,G82759104,2024-05-22,2024-06-06,,34007704385,true,0,0,9,1,9
1035563312054045998,GSK,P1_DURABLE_RANKED,true,true,OPEN_REVIEW,common,,37733W105 37733W204,2006-07-05,2026-07-31,MULTIPLE_CUSIPS,34007704385,true,0,0,8,115,5050
329777444801876403,GFL,P1_DURABLE_RANKED,false,false,BASE_HYPOTHESIS_NOT_IN_CURRENT_REVIEW_FRONTIER,common,,36168Q104,2020-08-31,2026-07-31,,34007704385,true,0,0,8,55,1453
5240732394758619,INXN,P1_DURABLE_RANKED,false,false,BASE_HYPOTHESIS_NOT_IN_CURRENT_REVIEW_FRONTIER,common,,N47279109,2015-02-19,2020-03-12,,34007704385,true,0,0,8,48,787
646469568015912149,EE1,P1_DURABLE_RANKED,false,false,BASE_HYPOTHESIS_NOT_IN_CURRENT_REVIEW_FRONTIER,common,,283677854,2011-09-29,2020-07-28,,34007704385,true,0,0,8,27,159
657581892454514237,FBNIQ,P1_DURABLE_RANKED,true,true,OPEN_REVIEW,common,,360921209 360921100 458507100,2006-07-05,2008-07-18,MULTIPLE_CUSIPS,34007704385,true,0,0,8,4,63
789337046778155238,BIN,P1_DURABLE_RANKED,true,true,OPEN_REVIEW,common,,74339G101 44951D108,2016-01-19,2016-05-02,MULTIPLE_CUSIPS,34007704385,true,0,0,8,21,66
99702974186804719,GENTY,P1_DURABLE_RANKED,false,false,BASE_HYPOTHESIS_NOT_IN_CURRENT_REVIEW_FRONTIER,common,,37250B104,2014-01-09,2014-01-21,,34007704385,true,0,0,8,0,8
183766125188658891,CAI1,P1_DURABLE_RANKED,false,false,BASE_HYPOTHESIS_NOT_IN_CURRENT_REVIEW_FRONTIER,common,,12477X106,2021-06-18,2021-07-28,,34007704385,true,0,0,7,21,28
428521015393001249,CVT1,P1_DURABLE_RANKED,false,false,BASE_HYPOTHESIS_NOT_IN_CURRENT_REVIEW_FRONTIER,common,,23247G109,2016-04-18,2016-11-28,,34007704385,true,0,0,7,21,76
451701459000128873,HF1,P1_DURABLE_RANKED,false,false,BASE_HYPOTHESIS_NOT_IN_CURRENT_REVIEW_FRONTIER,common,,40418F108,2019-04-01,2019-07-01,,34007704385,true,0,0,7,0,33
474205453544151570,YI,P1_DURABLE_RANKED,true,true,OPEN_REVIEW,common,,68247Q102 68247Q201,2021-02-11,2021-03-18,MULTIPLE_CUSIPS,34007704385,true,0,0,7,18,25
579480250446220316,DCT1,P1_DURABLE_RANKED,true,true,OPEN_REVIEW,common,,233153204 233153105,2007-06-18,2018-08-21,MULTIPLE_CUSIPS,34007704385,true,0,0,7,54,1610
642471403415237200,NMBL1,P1_DURABLE_RANKED,false,false,BASE_HYPOTHESIS_NOT_IN_CURRENT_REVIEW_FRONTIER,common,,65440R101,2014-06-17,2017-04-13,,34007704385,true,0,0,7,54,255
643537760381511361,MOR,P1_DURABLE_RANKED,false,false,BASE_HYPOTHESIS_NOT_IN_CURRENT_REVIEW_FRONTIER,common,,617760202,2024-02-05,2024-03-06,,34007704385,true,0,0,7,17,18
696840622211111662,AIFC,P1_DURABLE_RANKED,true,true,OPEN_REVIEW,common,,47089W104 03814F205 03814F403 03814F106,2022-06-07,2025-10-17,MULTIPLE_CUSIPS,34007704385,true,0,0,7,5,52
760338943218256169,LIHR,P1_DURABLE_RANKED,false,false,BASE_HYPOTHESIS_NOT_IN_CURRENT_REVIEW_FRONTIER,common,,532349107,2008-09-19,2010-08-27,,34007704385,true,0,0,7,66,173
804112171693242775,RELX,P1_DURABLE_RANKED,true,true,OPEN_REVIEW,common,,759530108 758205207 758205108 758212872,2008-02-01,2026-07-31,MULTIPLE_CUSIPS,34007704385,true,0,0,7,42,1255
817448872851821795,PAR1,P1_DURABLE_RANKED,false,false,BASE_HYPOTHESIS_NOT_IN_CURRENT_REVIEW_FRONTIER,common,,88580F109,2010-08-16,2010-09-24,,34007704385,true,0,0,7,28,28
918585837638518709,BZ2,P1_DURABLE_RANKED,true,true,OPEN_REVIEW,common,,09746Y105 01408A202 01408A103,2010-03-19,2013-10-24,MULTIPLE_CUSIPS,34007704385,true,0,0,7,32,136
953174271952728833,SNY,P1_DURABLE_RANKED,true,true,OPEN_REVIEW,common,,80105N105 80105N204,2006-07-05,2026-07-31,MULTIPLE_CUSIPS,34007704385,true,0,0,7,112,5050
127841760883980821,CMMB,P1_DURABLE_RANKED,true,true,OPEN_REVIEW,common,,16385C104 03280X102 16385C203,2021-02-16,2021-03-16,MULTIPLE_CUSIPS,34007704385,true,0,0,6,7,8
175011040903136105,CSCIF,P1_DURABLE_RANKED,true,true,OPEN_REVIEW,common,,007975402 007975303 007975501 22112H101 007975600 007975204 007975105,2015-11-25,2021-03-18,MULTIPLE_CUSIPS,34007704385,true,0,0,6,28,38
368981504635819452,XIFR,P1_DURABLE_RANKED,false,false,BASE_HYPOTHESIS_NOT_IN_CURRENT_REVIEW_FRONTIER,common,,65341B106,2015-10-02,2025-10-27,,34007704385,true,0,0,6,57,1349
425303532627889774,TRIN1,P1_DURABLE_RANKED,true,true,OPEN_REVIEW,common,,76132M102 885141101 761324201,2007-05-16,2007-09-04,MULTIPLE_CUSIPS,34007704385,true,0,0,6,5,11
426798777460435924,KZL,P1_DURABLE_RANKED,true,true,OPEN_REVIEW,common,,P8797T133 P6065Y107 P8797T109 P8797T125,2006-07-12,2006-08-28,MULTIPLE_CUSIPS,34007704385,true,0,0,6,0,33
506704473139524372,RY,P1_DURABLE_RANKED,false,false,BASE_HYPOTHESIS_NOT_IN_CURRENT_REVIEW_FRONTIER,common,,780087102,2007-08-01,2026-07-31,,34007704385,true,0,0,6,79,4748
550959200502870769,YVRLF,P1_DURABLE_RANKED,true,true,OPEN_REVIEW,common,,53634Q204 52170U207 53634Q105 52170U108 10970E104 53634Q402,2021-03-17,2021-08-02,MULTIPLE_CUSIPS,34007704385,true,0,0,6,22,33
582648323211762298,MRGE1,P1_DURABLE_RANKED,true,true,OPEN_REVIEW,common,,589499102 589981109,2015-08-24,2015-09-02,MULTIPLE_CUSIPS,34007704385,true,0,0,6,8,8
590583760882916204,CVNS1,P1_DURABLE_RANKED,true,true,OPEN_REVIEW,common,,22281W103 20452F107,2007-05-07,2007-06-05,MULTIPLE_CUSIPS,34007704385,true,0,0,6,14,20
599899221506959001,MB2,P1_DURABLE_RANKED,false,false,BASE_HYPOTHESIS_NOT_IN_CURRENT_REVIEW_FRONTIER,common,,60255W105,2017-05-25,2019-02-14,,34007704385,true,0,0,6,35,175
651262942662280049,NTRS,P1_DURABLE_RANKED,false,false,BASE_HYPOTHESIS_NOT_IN_CURRENT_REVIEW_FRONTIER,common,,665859104,2012-04-24,2012-05-01,,34007704385,true,0,0,6,77,5050
697450565852870524,AXAHY,P1_DURABLE_RANKED,false,false,BASE_HYPOTHESIS_NOT_IN_CURRENT_REVIEW_FRONTIER,common,,054536107,2007-01-26,2009-11-20,,34007704385,true,0,0,6,14,420
726163640089553293,FABU,P1_DURABLE_RANKED,true,true,OPEN_REVIEW,common,,302771100 97750V109 97750V307,2013-10-02,2013-10-23,MULTIPLE_CUSIPS,34007704385,true,0,0,6,7,13
747992771333504975,CWTRQ,P1_DURABLE_RANKED,true,true,OPEN_REVIEW,common,,193068202 193068103,2006-07-05,2008-02-04,MULTIPLE_CUSIPS,34007704385,true,0,0,6,61,362
808654418958035444,AEC1,P1_DURABLE_RANKED,false,false,BASE_HYPOTHESIS_NOT_IN_CURRENT_REVIEW_FRONTIER,common,,045604105,2013-06-25,2015-05-29,,34007704385,true,0,0,6,19,44
82451231168444081,MCDTA,P1_DURABLE_RANKED,false,false,BASE_HYPOTHESIS_NOT_IN_CURRENT_REVIEW_FRONTIER,common,,580031201,2006-08-25,2007-01-26,,34007704385,true,0,0,6,14,17
845073818268415096,VELTF,P1_DURABLE_RANKED,false,false,BASE_HYPOTHESIS_NOT_IN_CURRENT_REVIEW_FRONTIER,common,,G93285107,2012-05-23,2012-06-04,,34007704385,true,0,0,6,0,6
873022257646047532,ISUNQ,P1_DURABLE_RANKED,true,true,OPEN_REVIEW,common,,465246106 705163103 47632B102 47632B201,2020-09-30,2021-02-11,MULTIPLE_CUSIPS,34007704385,true,0,0,6,31,35
904773215650004084,JLG,P1_DURABLE_RANKED,false,false,BASE_HYPOTHESIS_NOT_IN_CURRENT_REVIEW_FRONTIER,common,,466210101,2006-07-05,2006-12-06,,34007704385,true,0,0,6,34,85
918779475935318553,BIOCQ,P1_DURABLE_RANKED,true,true,OPEN_REVIEW,common,,09072V501 09072V105 09072V402 09072V204 09072V600,2015-02-25,2020-08-13,MULTIPLE_CUSIPS,34007704385,true,0,0,6,20,20
926606325962570555,SIEGY,P1_DURABLE_RANKED,false,false,BASE_HYPOTHESIS_NOT_IN_CURRENT_REVIEW_FRONTIER,common,,826197501,2006-07-05,2014-05-22,,34007704385,true,0,0,6,68,1950
928269154341959595,AY,P1_DURABLE_RANKED,true,true,OPEN_REVIEW,common,,G0751N103 G00349103,2014-12-11,2024-12-11,MULTIPLE_CUSIPS,34007704385,true,0,0,6,72,462
1054346876338705895,TACO2,P1_DURABLE_RANKED,true,true,OPEN_REVIEW,common,,245496104 52748T104,2021-12-17,2022-01-14,MULTIPLE_CUSIPS,34007704385,true,0,0,5,12,20
1071575617384278055,WTRE1,P1_DURABLE_RANKED,false,false,BASE_HYPOTHESIS_NOT_IN_CURRENT_REVIEW_FRONTIER,common,,G94787101,2020-10-28,2020-11-05,,34007704385,true,0,0,5,3,5
190510044914680360,LQ2,P1_DURABLE_RANKED,false,false,BASE_HYPOTHESIS_NOT_IN_CURRENT_REVIEW_FRONTIER,common,,50420D108,2014-11-24,2018-05-30,,34007704385,true,0,0,5,6,474
258470820519040735,CGI1,P1_DURABLE_RANKED,false,false,BASE_HYPOTHESIS_NOT_IN_CURRENT_REVIEW_FRONTIER,common,,200641108,2007-04-23,2008-06-04,,34007704385,true,0,0,5,25,109
260526804976887923,AD1,P1_DURABLE_RANKED,false,false,BASE_HYPOTHESIS_NOT_IN_CURRENT_REVIEW_FRONTIER,common,,007585102,2006-07-06,2007-01-19,,34007704385,true,0,0,5,37,70
294070362901168270,TARO,P1_DURABLE_RANKED,false,false,BASE_HYPOTHESIS_NOT_IN_CURRENT_REVIEW_FRONTIER,common,,M8737E108,2014-10-30,2017-12-22,,34007704385,true,0,0,5,12,195
302760949186751156,ET1,P1_DURABLE_RANKED,false,false,BASE_HYPOTHESIS_NOT_IN_CURRENT_REVIEW_FRONTIER,common,,30064K105,2013-06-05,2013-07-11,,34007704385,true,0,0,5,20,25
356983159701709952,GMDAQ,P1_DURABLE_RANKED,false,false,BASE_HYPOTHESIS_NOT_IN_CURRENT_REVIEW_FRONTIER,common,,M47364100,2021-02-12,2021-02-26,,34007704385,true,0,0,5,0,10
376160645499731295,HTO,P1_DURABLE_RANKED,false,false,BASE_HYPOTHESIS_NOT_IN_CURRENT_REVIEW_FRONTIER,common,,784305104,2018-12-06,2023-08-22,,34007704385,true,0,0,5,14,219
400771702699245606,GOEVQ,P1_DURABLE_RANKED,true,true,OPEN_REVIEW,common,,13803R102 13803R201 42589C104 13803R300 42589C203,2020-09-11,2024-04-23,MULTIPLE_CUSIPS,34007704385,true,0,0,5,90,335
419329507764111716,DGIN1,P1_DURABLE_RANKED,false,false,BASE_HYPOTHESIS_NOT_IN_CURRENT_REVIEW_FRONTIER,common,,25385P106,2006-11-30,2007-02-01,,34007704385,true,0,0,5,20,41
429424164408492505,SPNS,P1_DURABLE_RANKED,true,true,OPEN_REVIEW,common,,G7T16G103 N7716A151 N7716A102,2025-08-13,2025-12-16,MULTIPLE_CUSIPS,34007704385,true,0,0,5,21,65
567937871571707165,INFO1,P1_DURABLE_RANKED,true,true,OPEN_REVIEW,common,,G47567105 G58249106,2015-06-05,2022-02-25,MULTIPLE_CUSIPS,34007704385,true,0,0,5,31,1495
709117510027464757,HCA1,P1_DURABLE_RANKED,true,true,OPEN_REVIEW,common,,404119109 197677107,2006-07-05,2006-11-17,MULTIPLE_CUSIPS,34007704385,true,0,0,5,17,96
807739929181186130,MAPP1,P1_DURABLE_RANKED,false,false,BASE_HYPOTHESIS_NOT_IN_CURRENT_REVIEW_FRONTIER,common,,56509R108,2012-03-29,2013-03-01,,34007704385,true,0,0,5,21,37
825629841091930724,PTEIQ,P1_DURABLE_RANKED,true,true,OPEN_REVIEW,common,,731094108 731094207 560690208 560690307 560690406 560690109,2018-06-11,2018-07-27,MULTIPLE_CUSIPS,34007704385,true,0,0,5,5,34
854640941096794054,ENLV,P1_DURABLE_RANKED,true,true,OPEN_REVIEW,common,,M4130Y106 M20156101 M20156119 M20156127,2020-10-02,2021-03-04,MULTIPLE_CUSIPS,34007704385,true,0,0,5,11,14
920013917994629832,CRYFQ,P1_DURABLE_RANKED,false,false,BASE_HYPOTHESIS_NOT_IN_CURRENT_REVIEW_FRONTIER,common,,22942F101,2007-04-03,2007-06-19,,34007704385,true,0,0,5,28,47
939362190574348605,RGP1,P1_DURABLE_RANKED,false,false,BASE_HYPOTHESIS_NOT_IN_CURRENT_REVIEW_FRONTIER,common,,75885Y107,2010-08-26,2015-04-29,,34007704385,true,0,0,5,17,348
979008730059053664,SEGG,P1_DURABLE_RANKED,true,true,OPEN_REVIEW,common,,54570M108 89615T106 54570M207 54570M306,2025-02-06,2026-02-17,MULTIPLE_CUSIPS,34007704385,true,0,0,5,21,21
1119201852184154113,CQP,P1_DURABLE_RANKED,false,false,BASE_HYPOTHESIS_NOT_IN_CURRENT_REVIEW_FRONTIER,common,,16411Q101,2016-03-18,2025-02-18,,34007704385,true,0,0,4,1,68
134376884748752285,CASC1,P1_DURABLE_RANKED,false,false,BASE_HYPOTHESIS_NOT_IN_CURRENT_REVIEW_FRONTIER,common,,147195101,2007-06-29,2007-07-13,,34007704385,true,0,0,4,7,10
201279960329188058,EQ1,P1_DURABLE_RANKED,false,false,BASE_HYPOTHESIS_NOT_IN_CURRENT_REVIEW_FRONTIER,common,,29078E105,2006-11-02,2009-06-30,,34007704385,true,0,0,4,18,667
223849730517685501,SQBGQ,P1_DURABLE_RANKED,true,true,OPEN_REVIEW,common,,81734P107 817340201 81734P206 817340102,2021-05-11,2021-09-08,MULTIPLE_CUSIPS,34007704385,true,0,0,4,10,22
259477302138181921,WPZ1,P1_DURABLE_RANKED,false,false,BASE_HYPOTHESIS_NOT_IN_CURRENT_REVIEW_FRONTIER,common,,96950F104,2007-12-06,2015-02-02,,34007704385,true,0,0,4,11,879
278777860356753160,DXTRQ,P1_DURABLE_RANKED,true,true,OPEN_REVIEW,common,,14141R101 252366109 14141R309,2007-09-10,2007-10-09,MULTIPLE_CUSIPS,34007704385,true,0,0,4,15,16
333031512286563758,SPB1,P1_DURABLE_RANKED,false,false,BASE_HYPOTHESIS_NOT_IN_CURRENT_REVIEW_FRONTIER,common,,84763R101,2014-01-30,2018-07-13,,34007704385,true,0,0,4,35,957
337837786733686004,BKI1,P1_DURABLE_RANKED,true,true,OPEN_REVIEW,common,,118255108 11815H104,2011-02-23,2013-06-14,MULTIPLE_CUSIPS,34007704385,true,0,0,4,22,38
387061962353650732,TMBRQ,P1_DURABLE_RANKED,true,true,OPEN_REVIEW,common,,09072X101 887080109 09072X309 887080208,2021-03-11,2021-04-05,MULTIPLE_CUSIPS,34007704385,true,0,0,4,4,14
494303735581035370,GK2,P1_DURABLE_RANKED,false,false,BASE_HYPOTHESIS_NOT_IN_CURRENT_REVIEW_FRONTIER,common,,361268105,2016-08-16,2016-10-13,,34007704385,true,0,0,4,21,42
606652031906884063,NXTT,P1_DURABLE_RANKED,true,true,OPEN_REVIEW,common,,961884202 961884103 961884301,2025-05-09,2025-10-01,MULTIPLE_CUSIPS,34007704385,true,0,0,4,9,15
636803527620694979,GENE,P1_DURABLE_RANKED,true,true,OPEN_REVIEW,common,,37185R307 37185R208 37185R109 37185R406,2015-02-11,2021-02-18,MULTIPLE_CUSIPS,34007704385,true,0,0,4,29,35
638203320050544826,GRCL,P1_DURABLE_RANKED,false,false,BASE_HYPOTHESIS_NOT_IN_CURRENT_REVIEW_FRONTIER,common,,38406L103,2024-01-10,2024-01-24,,34007704385,true,0,0,4,8,8
694575590377385878,OSI2,P1_DURABLE_RANKED,true,true,OPEN_REVIEW,common,,689899102 67104A101,2006-07-05,2007-06-13,MULTIPLE_CUSIPS,34007704385,true,0,0,4,27,226
711296135614397812,WBI,P1_DURABLE_RANKED,false,false,BASE_HYPOTHESIS_NOT_IN_CURRENT_REVIEW_FRONTIER,common,,940923105,2026-03-19,2026-07-31,,34007704385,true,0,0,4,4,65
886679880782512347,CCTYQ,P1_DURABLE_RANKED,false,false,BASE_HYPOTHESIS_NOT_IN_CURRENT_REVIEW_FRONTIER,common,,172737108,2006-07-05,2008-07-21,,34007704385,true,0,0,4,35,503
968616391269493492,PVX,P1_DURABLE_RANKED,true,true,OPEN_REVIEW,common,,74386V100 74386K104,2006-11-13,2012-02-15,MULTIPLE_CUSIPS,34007704385,true,0,0,4,6,45
1012536259009666805,CA1,P1_DURABLE_RANKED,true,true,OPEN_REVIEW,common,,12673P105 204912109,2006-07-05,2018-11-02,MULTIPLE_CUSIPS,34007704385,true,0,0,3,79,3107
1025123653881873396,ANGH,P1_DURABLE_RANKED,true,true,OPEN_REVIEW,common,,92840T107 G0369L101 G0369L200,2022-02-17,2022-03-10,MULTIPLE_CUSIPS,34007704385,true,0,0,3,10,13
1082808592473316903,NIKI,P1_DURABLE_RANKED,true,true,OPEN_REVIEW,common,,G6096M106 G6096M122 G6096M114,2024-03-06,2025-08-25,MULTIPLE_CUSIPS,34007704385,true,0,0,3,9,9
146877424564107480,KANG,P1_DURABLE_RANKED,false,false,BASE_HYPOTHESIS_NOT_IN_CURRENT_REVIEW_FRONTIER,common,,45174L108,2015-06-11,2018-04-09,,34007704385,true,0,0,3,11,14
304661060242084891,GPT4,P1_DURABLE_RANKED,true,true,OPEN_REVIEW,common,,385002308 385002100 157842105,2014-05-21,2018-10-09,MULTIPLE_CUSIPS,34007704385,true,0,0,3,28,630
337986800029951909,PBT,P1_DURABLE_RANKED,false,false,BASE_HYPOTHESIS_NOT_IN_CURRENT_REVIEW_FRONTIER,common,,714236106,2008-05-01,2008-05-05,,34007704385,true,0,0,3,0,3
339544981944706278,ELGXQ,P1_DURABLE_RANKED,true,true,OPEN_REVIEW,common,,29266S106 29266S304 750241101 14160K102,2014-03-21,2017-01-25,MULTIPLE_CUSIPS,34007704385,true,0,0,3,4,32
354775206449723957,ASLN,P1_DURABLE_RANKED,true,true,OPEN_REVIEW,common,,04522R101 04522R200 04522R309,2021-03-03,2021-03-22,MULTIPLE_CUSIPS,34007704385,true,0,0,3,4,8
408251035869802766,LOCMQ,P1_DURABLE_RANKED,true,true,OPEN_REVIEW,common,,53954W104 53954R105 45845K109,2007-07-05,2007-08-06,MULTIPLE_CUSIPS,34007704385,true,0,0,3,15,18
414354049493551403,HESM,P1_DURABLE_RANKED,true,true,OPEN_REVIEW,common,,428103105 428104103,2022-03-10,2026-07-31,MULTIPLE_CUSIPS,34007704385,true,0,0,3,10,834
45733486884741877,LDRH1,P1_DURABLE_RANKED,false,false,BASE_HYPOTHESIS_NOT_IN_CURRENT_REVIEW_FRONTIER,common,,50185U105,2015-10-19,2016-07-12,,34007704385,true,0,0,3,21,33
48106408264599521,RDS.B,P1_DURABLE_RANKED,false,false,BASE_HYPOTHESIS_NOT_IN_CURRENT_REVIEW_FRONTIER,common,,780259107,2007-02-05,2022-01-28,,34007704385,true,0,0,3,101,3667
559706720917327030,VIMC,P1_DURABLE_RANKED,false,false,BASE_HYPOTHESIS_NOT_IN_CURRENT_REVIEW_FRONTIER,common,,92718N109,2014-10-09,2014-10-13,,34007704385,true,0,0,3,3,3
583315312420697898,CCXI,P1_DURABLE_RANKED,false,false,BASE_HYPOTHESIS_NOT_IN_CURRENT_REVIEW_FRONTIER,common,,G2131A108,2026-06-29,2026-07-31,,34007704385,true,0,0,3,18,24
595797892257193253,FRCB,P1_DURABLE_RANKED,true,true,OPEN_REVIEW,common,,33616C100 336158100,2011-06-24,2023-05-01,MULTIPLE_CUSIPS,34007704385,true,0,0,3,63,2769
659748873438005289,CASSQ,P1_DURABLE_RANKED,false,false,BASE_HYPOTHESIS_NOT_IN_CURRENT_REVIEW_FRONTIER,common,,14713L102,2018-06-19,2022-05-11,,34007704385,true,0,0,3,4,25
669049502204944902,FDC1,P1_DURABLE_RANKED,false,false,BASE_HYPOTHESIS_NOT_IN_CURRENT_REVIEW_FRONTIER,common,,319963104,2006-07-05,2007-09-21,,34007704385,true,0,0,3,22,306
673543481765398621,KFI2,P1_DURABLE_RANKED,false,false,BASE_HYPOTHESIS_NOT_IN_CURRENT_REVIEW_FRONTIER,common,,482241106,2007-03-22,2007-03-30,,34007704385,true,0,0,3,0,5
764831419527061167,BAM,P1_DURABLE_RANKED,false,false,BASE_HYPOTHESIS_NOT_IN_CURRENT_REVIEW_FRONTIER,common,,113004105,2023-06-14,2026-07-31,,34007704385,true,0,0,3,17,785
830650973742056309,IFNNY,P1_DURABLE_RANKED,false,false,BASE_HYPOTHESIS_NOT_IN_CURRENT_REVIEW_FRONTIER,common,,45662N103,2006-09-28,2008-10-23,,34007704385,true,0,0,3,39,448
869435088765496411,AM2,P1_DURABLE_RANKED,false,false,BASE_HYPOTHESIS_NOT_IN_CURRENT_REVIEW_FRONTIER,common,,03673L103,2016-03-24,2019-03-12,,34007704385,true,0,0,3,16,98
871770975475258308,IHT,P1_DURABLE_RANKED,true,true,OPEN_REVIEW,common,,457919108 756125100,2021-05-10,2021-06-11,MULTIPLE_CUSIPS,34007704385,true,0,0,3,24,24
872471219798280015,SDA,P1_DURABLE_RANKED,true,true,OPEN_REVIEW,common,,G3970D104 G85727108,2023-05-31,2023-06-29,MULTIPLE_CUSIPS,34007704385,true,0,0,3,21,21
915089473409712926,MRBK1,P1_DURABLE_RANKED,false,false,BASE_HYPOTHESIS_NOT_IN_CURRENT_REVIEW_FRONTIER,common,,587405101,2006-10-09,2007-03-02,,34007704385,true,0,0,3,21,90
969277775854771395,ROSGQ,P1_DURABLE_RANKED,true,true,OPEN_REVIEW,common,,M82183126 M82183209 M82183100 M82183118,2012-05-29,2012-06-21,MULTIPLE_CUSIPS,34007704385,true,0,0,3,16,16
1004199661649856090,GRML,P1_DURABLE_RANKED,true,true,OPEN_REVIEW,common,,758083109 49876K103 03465T108,2025-06-09,2025-07-11,MULTIPLE_CUSIPS,34007704385,true,0,0,2,17,19
1008312226617164966,LSCP1,P1_DURABLE_RANKED,false,false,BASE_HYPOTHESIS_NOT_IN_CURRENT_REVIEW_FRONTIER,common,,518081104,2006-07-05,2006-07-06,,34007704385,true,0,0,2,0,2
1040390510887244462,NSLR,P1_DURABLE_RANKED,true,true,OPEN_REVIEW,common,,86887Q109 36191J101 86944Q100,2012-02-13,2012-06-06,MULTIPLE_CUSIPS,34007704385,true,0,0,2,1,25
1119845724021458431,ATC1,P1_DURABLE_RANKED,false,false,BASE_HYPOTHESIS_NOT_IN_CURRENT_REVIEW_FRONTIER,common,,G0625A105,2021-08-05,2022-08-16,,34007704385,true,0,0,2,1,82
170266916991763474,LSE1,P1_DURABLE_RANKED,false,false,BASE_HYPOTHESIS_NOT_IN_CURRENT_REVIEW_FRONTIER,common,,140288101,2013-06-04,2013-06-24,,34007704385,true,0,0,2,13,13
200319825958933502,NBGGY,P1_DURABLE_RANKED,true,true,OPEN_REVIEW,common,,633643705 633643408 633643606 633643804 633643887,2010-02-26,2015-07-23,MULTIPLE_CUSIPS,34007704385,true,0,0,2,45,212
218406372066695280,GMRRQ,P1_DURABLE_RANKED,true,true,OPEN_REVIEW,common,,Y2693R101 Y2692M103,2006-07-05,2010-07-16,MULTIPLE_CUSIPS,34007704385,true,0,0,2,29,177
222519066932371093,BSMX,P1_DURABLE_RANKED,true,true,OPEN_REVIEW,common,,40053C105 05969B103,2013-04-02,2019-09-20,MULTIPLE_CUSIPS,34007704385,true,0,0,2,46,385
273915692055386629,EVKG,P1_DURABLE_RANKED,true,true,OPEN_REVIEW,common,,299766204 033495409 299766105,2020-10-23,2021-08-12,MULTIPLE_CUSIPS,34007704385,true,0,0,2,9,9
274122717897772948,DDC2,P1_DURABLE_RANKED,true,true,OPEN_REVIEW,common,,257287102 41587B100 002893105 002916104,2017-07-17,2017-08-14,MULTIPLE_CUSIPS,34007704385,true,0,0,2,14,21
313809790950811771,BEAM2,P1_DURABLE_RANKED,true,true,OPEN_REVIEW,common,,073730103 349631101 024703100 024703407,2006-07-05,2014-04-30,MULTIPLE_CUSIPS,34007704385,true,0,0,2,72,1968
324099600050715051,OSG1,P1_DURABLE_RANKED,true,true,OPEN_REVIEW,common,,69036R863 69036R301,2024-06-04,2024-06-17,MULTIPLE_CUSIPS,34007704385,true,0,0,2,9,9
324987086697435354,RSLS1,P1_DURABLE_RANKED,true,true,OPEN_REVIEW,common,,29365M208 29365M505 29365M307 761123405 761123108 29365M109 761123504 761123603,2017-01-06,2017-02-16,MULTIPLE_CUSIPS,34007704385,true,0,0,2,22,29
488744307510812287,OPNT1,P1_DURABLE_RANKED,false,false,BASE_HYPOTHESIS_NOT_IN_CURRENT_REVIEW_FRONTIER,common,,683757108,2011-11-11,2012-11-28,,34007704385,true,0,0,2,2,11
546691967885622018,FMS,P1_DURABLE_RANKED,false,false,BASE_HYPOTHESIS_NOT_IN_CURRENT_REVIEW_FRONTIER,common,,358029106,2016-02-11,2026-06-08,,34007704385,true,0,0,2,7,184
563603492646182927,BRP1,P1_DURABLE_RANKED,false,false,BASE_HYPOTHESIS_NOT_IN_CURRENT_REVIEW_FRONTIER,common,,11283W104,2015-01-22,2015-01-30,,34007704385,true,0,0,2,0,7
57164568713095417,DMKPQ,P1_DURABLE_RANKED,true,true,OPEN_REVIEW,common,,00547W208 00547W307 15115L103 00547W109,2021-01-20,2021-02-26,MULTIPLE_CUSIPS,34007704385,true,0,0,2,21,27
58708585755609415,MOBI2,P1_DURABLE_RANKED,false,false,BASE_HYPOTHESIS_NOT_IN_CURRENT_REVIEW_FRONTIER,common,,83084G109,2014-04-01,2014-04-02,,34007704385,true,0,0,2,2,2
643707052640213925,DOO,P1_DURABLE_RANKED,false,false,BASE_HYPOTHESIS_NOT_IN_CURRENT_REVIEW_FRONTIER,common,,05577W200,2025-09-02,2026-05-21,,34007704385,true,0,0,2,12,53
762171814241325967,ZGEN1,P1_DURABLE_RANKED,false,false,BASE_HYPOTHESIS_NOT_IN_CURRENT_REVIEW_FRONTIER,common,,98985T109,2010-09-08,2010-10-08,,34007704385,true,0,0,2,20,22
942564779172582485,NEUP,P1_DURABLE_RANKED,true,true,OPEN_REVIEW,common,,64136E102 09063M205 Q1521J108,2023-09-28,2025-10-27,MULTIPLE_CUSIPS,34007704385,true,0,0,2,11,13
986831973571639238,BSIN,P1_DURABLE_RANKED,true,true,OPEN_REVIEW,common,,911805109 911805307 911805208,2021-07-14,2025-02-04,MULTIPLE_CUSIPS,34007704385,true,0,0,2,21,22
1084544820972407346,NCI1,P1_DURABLE_RANKED,true,true,OPEN_REVIEW,common,,63935N107 592903108,2007-05-15,2019-08-29,MULTIPLE_CUSIPS,34007704385,true,0,0,1,18,54
1091646509695538303,DTEGY,P1_DURABLE_RANKED,false,false,BASE_HYPOTHESIS_NOT_IN_CURRENT_REVIEW_FRONTIER,common,,251566105,2007-02-07,2010-06-23,,34007704385,true,0,0,1,38,394
1109311372250755365,ORPHY,P1_DURABLE_RANKED,false,false,BASE_HYPOTHESIS_NOT_IN_CURRENT_REVIEW_FRONTIER,common,,687305102,2021-06-11,2021-09-03,,34007704385,true,0,0,1,20,51
1119089831900074750,NSH1,P1_DURABLE_RANKED,true,true,OPEN_REVIEW,common,,67059L102 91914G108,2007-08-17,2007-08-20,MULTIPLE_CUSIPS,34007704385,true,0,0,1,0,2
1124761511834148777,PLG,P1_DURABLE_RANKED,true,true,OPEN_REVIEW,common,,72765Q882 72765Q205 72765Q601,2020-12-28,2021-01-06,MULTIPLE_CUSIPS,34007704385,true,0,0,1,4,4
1125828503689962237,TPLMQ,P1_DURABLE_RANKED,true,true,OPEN_REVIEW,common,,89600B201 89600B102,2014-06-30,2014-12-23,MULTIPLE_CUSIPS,34007704385,true,0,0,1,5,21
1128878694438542491,AGE1,P1_DURABLE_RANKED,false,false,BASE_HYPOTHESIS_NOT_IN_CURRENT_REVIEW_FRONTIER,common,,281760108,2006-07-05,2007-09-28,,34007704385,true,0,0,1,37,253
1130449855367497432,SAX1,P1_DURABLE_RANKED,true,true,OPEN_REVIEW,common,,80556P302 80556T106,2006-08-10,2006-09-06,MULTIPLE_CUSIPS,34007704385,true,0,0,1,19,19
149209101404250271,LLL1,P1_DURABLE_RANKED,true,true,OPEN_REVIEW,common,,502413107 502424104,2006-07-05,2019-06-28,MULTIPLE_CUSIPS,34007704385,true,0,0,1,87,3268
159787057845864367,FREDQ,P1_DURABLE_RANKED,false,false,BASE_HYPOTHESIS_NOT_IN_CURRENT_REVIEW_FRONTIER,common,,356108100,2016-12-20,2017-07-27,,34007704385,true,0,0,1,21,57
187001531571140956,CRE1,P1_DURABLE_RANKED,true,true,OPEN_REVIEW,common,,144418100 14441K103,2006-07-05,2006-07-12,MULTIPLE_CUSIPS,34007704385,true,0,0,1,0,5
199494152463880525,CUB1,P1_DURABLE_RANKED,false,false,BASE_HYPOTHESIS_NOT_IN_CURRENT_REVIEW_FRONTIER,common,,229669106,2018-11-29,2021-05-24,,34007704385,true,0,0,1,22,252
207779119312695497,ARB1,P1_DURABLE_RANKED,true,true,OPEN_REVIEW,common,,03875Q108 15677T106,2007-07-31,2013-09-27,MULTIPLE_CUSIPS,34007704385,true,0,0,1,21,100
251855928537668074,TCDAQ,P1_DURABLE_RANKED,false,false,BASE_HYPOTHESIS_NOT_IN_CURRENT_REVIEW_FRONTIER,common,,89610F101,2019-04-04,2019-04-29,,34007704385,true,0,0,1,16,17
280245678029102713,RADA,P1_DURABLE_RANKED,true,true,OPEN_REVIEW,common,,M81863124 M81863116 750115305 M81863108,2014-09-17,2014-10-03,MULTIPLE_CUSIPS,34007704385,true,0,0,1,6,6
286324780848209842,WAFU,P1_DURABLE_RANKED,false,false,BASE_HYPOTHESIS_NOT_IN_CURRENT_REVIEW_FRONTIER,common,,G94184101,2020-06-11,2021-04-27,,34007704385,true,0,0,1,14,15
320644562611881241,SOV,P1_DURABLE_RANKED,true,true,OPEN_REVIEW,common,,845905108 845905306,2008-07-30,2008-10-01,MULTIPLE_CUSIPS,34007704385,true,0,0,1,54,647
342547763356080649,VRAYQ,P1_DURABLE_RANKED,true,true,OPEN_REVIEW,common,,92672L107 92672W103,2018-08-02,2021-02-01,MULTIPLE_CUSIPS,34007704385,true,0,0,1,8,22
35648591532554242,GSIW,P1_DURABLE_RANKED,true,true,OPEN_REVIEW,common,,G3730L107 G3730L131 G3730L123,2024-09-19,2024-10-08,MULTIPLE_CUSIPS,34007704385,true,0,0,1,0,9
42654543938407733,LEND1,P1_DURABLE_RANKED,false,false,BASE_HYPOTHESIS_NOT_IN_CURRENT_REVIEW_FRONTIER,common,,00437P107,2006-07-05,2007-09-28,,34007704385,true,0,0,1,63,254
480937238539887084,ID1,P1_DURABLE_RANKED,true,true,OPEN_REVIEW,common,,50212A106 92675K205 92675K106,2007-05-07,2011-07-19,MULTIPLE_CUSIPS,34007704385,true,0,0,1,27,88
494437761585465342,CTX1,P1_DURABLE_RANKED,false,false,BASE_HYPOTHESIS_NOT_IN_CURRENT_REVIEW_FRONTIER,common,,152312104,2006-07-05,2009-08-18,,34007704385,true,0,0,1,86,786
49952083627190522,SOGO,P1_DURABLE_RANKED,false,false,BASE_HYPOTHESIS_NOT_IN_CURRENT_REVIEW_FRONTIER,common,,83409V104,2018-06-06,2020-08-25,,34007704385,true,0,0,1,39,81
51094239347832668,ZSANQ,P1_DURABLE_RANKED,true,true,OPEN_REVIEW,common,,98979H202 98979H103 98979H301,2017-03-03,2021-03-04,MULTIPLE_CUSIPS,34007704385,true,0,0,1,42,47
543574442698263052,PWCM,P1_DURABLE_RANKED,true,true,OPEN_REVIEW,common,,502074404 502074503 502074305 502074107 502074206,2021-01-08,2021-11-08,MULTIPLE_CUSIPS,34007704385,true,0,0,1,27,31
592620618586223442,ALLGF,P1_DURABLE_RANKED,true,true,OPEN_REVIEW,common,,84677R106 N0796A100,2022-03-23,2022-04-22,MULTIPLE_CUSIPS,34007704385,true,0,0,1,10,12
597464188108207633,PSIG,P1_DURABLE_RANKED,true,true,OPEN_REVIEW,common,,G0R45S109 G7308J105 G7308J113,2024-08-12,2026-06-29,MULTIPLE_CUSIPS,34007704385,true,0,0,1,0,4
641754695583495814,LNETQ,P1_DURABLE_RANKED,false,false,BASE_HYPOTHESIS_NOT_IN_CURRENT_REVIEW_FRONTIER,common,,540211109,2007-06-27,2007-08-24,,34007704385,true,0,0,1,0,26
669075246512260124,REPYY,P1_DURABLE_RANKED,false,false,BASE_HYPOTHESIS_NOT_IN_CURRENT_REVIEW_FRONTIER,common,,76026T205,2006-10-17,2011-03-07,,34007704385,true,0,0,1,26,335
675494685548212930,EZCH,P1_DURABLE_RANKED,true,true,OPEN_REVIEW,common,,M4146Y108 M6706C103,2012-08-13,2015-10-27,MULTIPLE_CUSIPS,34007704385,true,0,0,1,0,47
695538091198475722,SFR1,P1_DURABLE_RANKED,true,true,OPEN_REVIEW,common,,19625X102 85571W109 85572F105,2014-07-24,2017-11-15,MULTIPLE_CUSIPS,34007704385,true,0,0,1,18,321
744983426264406452,MM1,P1_DURABLE_RANKED,true,true,OPEN_REVIEW,common,,591097209 370476103,2007-03-05,2008-03-14,MULTIPLE_CUSIPS,34007704385,true,0,0,1,35,50
757849954176048193,TLVTF,P1_DURABLE_RANKED,false,false,BASE_HYPOTHESIS_NOT_IN_CURRENT_REVIEW_FRONTIER,common,,E90215109,2011-06-01,2011-07-01,,34007704385,true,0,0,1,18,19
7654535568111663,QUCY,P1_DURABLE_RANKED,true,true,OPEN_REVIEW,common,,N5436L101 N5436L119,2026-05-13,2026-06-15,MULTIPLE_CUSIPS,34007704385,true,0,0,1,17,18
797080334588071799,ARCE,P1_DURABLE_RANKED,false,false,BASE_HYPOTHESIS_NOT_IN_CURRENT_REVIEW_FRONTIER,common,,G04553106,2020-06-08,2020-06-29,,34007704385,true,0,0,1,0,13
882695486499982134,GAPTQ,P1_DURABLE_RANKED,false,false,BASE_HYPOTHESIS_NOT_IN_CURRENT_REVIEW_FRONTIER,common,,390064103,2007-03-06,2008-10-03,,34007704385,true,0,0,1,33,192
895494186251194405,ALP,P1_DURABLE_RANKED,true,true,OPEN_REVIEW,common,,G7185A128 G7185A136 G7185A102 09852M101,2024-09-18,2025-10-14,MULTIPLE_CUSIPS,34007704385,true,0,0,1,10,11
925487229394712519,IDARQ,P1_DURABLE_RANKED,false,false,BASE_HYPOTHESIS_NOT_IN_CURRENT_REVIEW_FRONTIER,common,,451663108,2007-05-11,2008-03-27,,34007704385,true,0,0,1,0,180
966800855847192401,FLY2,P1_DURABLE_RANKED,true,true,OPEN_REVIEW,common,,34407D109 05614P101,2013-08-06,2021-04-22,MULTIPLE_CUSIPS,34007704385,true,0,0,1,5,6
1000699592357318969,AONEQ,P2_LEADERSHIP,false,false,BASE_HYPOTHESIS_NOT_IN_CURRENT_REVIEW_FRONTIER,common,,03739T108,2010-03-29,2011-05-20,,34007704385,true,0,0,0,28,157
1003083053231690499,ATAC1,P2_LEADERSHIP,true,true,OPEN_REVIEW,common,,00211W104 008318107,2010-07-21,2010-08-13,MULTIPLE_CUSIPS,34007704385,true,0,0,0,17,17
1009617059904197243,PLSB1,P2_LEADERSHIP,false,false,BASE_HYPOTHESIS_NOT_IN_CURRENT_REVIEW_FRONTIER,common,,726079106,2007-01-23,2007-02-07,,34007704385,true,0,0,0,11,11
1010834858905861612,PX1,P2_LEADERSHIP,false,false,BASE_HYPOTHESIS_NOT_IN_CURRENT_REVIEW_FRONTIER,common,,74005P104,2006-07-05,2018-10-30,,34007704385,true,0,0,0,13,3103
1011847780423656211,WEBM1,P2_LEADERSHIP,false,false,BASE_HYPOTHESIS_NOT_IN_CURRENT_REVIEW_FRONTIER,common,,94768C108,2007-04-11,2007-05-03,,34007704385,true,0,0,0,16,16
1012775928467973625,EQGP,P2_LEADERSHIP,false,false,BASE_HYPOTHESIS_NOT_IN_CURRENT_REVIEW_FRONTIER,common,,26885J103,2018-12-12,2018-12-31,,34007704385,true,0,0,0,10,10
1012830998144725822,CIMG,P2_LEADERSHIP,true,true,OPEN_REVIEW,common,,67073S208 67073S307 67073S406 67073S109,2021-11-11,2024-10-21,MULTIPLE_CUSIPS,34007704385,true,0,0,0,18,18
1015574315917695704,UTZ,P2_LEADERSHIP,true,true,OPEN_REVIEW,common,,918090101 G22707106 G22707122,2020-06-10,2020-07-02,MULTIPLE_CUSIPS,34007704385,true,0,0,0,35,78
1023640270036081506,LIN2,P2_LEADERSHIP,true,true,OPEN_REVIEW,common,,532771102 532774106 532776101,2014-03-21,2014-04-16,MULTIPLE_CUSIPS,34007704385,true,0,0,0,19,19
1024463122942931959,BAYRY,P2_LEADERSHIP,false,false,BASE_HYPOTHESIS_NOT_IN_CURRENT_REVIEW_FRONTIER,common,,072730302,2007-05-11,2007-09-28,,34007704385,true,0,0,0,7,83
1025270394051995509,GIB,P2_LEADERSHIP,true,true,OPEN_REVIEW,common,,12532H104 39945C109,2014-02-05,2026-07-31,MULTIPLE_CUSIPS,34007704385,true,0,0,0,3,466
1026665429310748243,LNCOQ,P2_LEADERSHIP,false,false,BASE_HYPOTHESIS_NOT_IN_CURRENT_REVIEW_FRONTIER,common,,535782106,2013-04-18,2015-08-06,,34007704385,true,0,0,0,24,397
1028460835974921230,FGL1,P2_LEADERSHIP,false,false,BASE_HYPOTHESIS_NOT_IN_CURRENT_REVIEW_FRONTIER,common,,315785105,2017-05-24,2017-06-22,,34007704385,true,0,0,0,8,18
1037115478952756071,FSV,P2_LEADERSHIP,true,true,OPEN_REVIEW,common,,33767E202 33767E103,2025-01-13,2026-07-31,MULTIPLE_CUSIPS,34007704385,true,0,0,0,1,332
1037956764392068971,ZYBT,P2_LEADERSHIP,false,false,BASE_HYPOTHESIS_NOT_IN_CURRENT_REVIEW_FRONTIER,common,,G989MS101,2026-07-20,2026-07-23,,34007704385,true,0,0,0,4,4
1038021986675702539,AHI,P2_LEADERSHIP,true,true,OPEN_REVIEW,common,,00777C104 00777C203,2023-06-12,2023-07-05,MULTIPLE_CUSIPS,34007704385,true,0,0,0,8,8
1041589921112577847,SMX,P2_LEADERSHIP,true,true,OPEN_REVIEW,common,,536262108 G8267K141 G8267K109 G8267K208 G8267K307 G8267K158 G8267K166 G8267K174 G8267K406 G8267K216 G8267K182 G8267K190,2022-05-09,2026-04-28,MULTIPLE_CUSIPS,34007704385,true,0,0,0,62,456
1042581232683903300,TEK1,P2_LEADERSHIP,false,false,BASE_HYPOTHESIS_NOT_IN_CURRENT_REVIEW_FRONTIER,common,,879131100,2006-07-05,2007-11-21,,34007704385,true,0,0,0,28,128
1049021918574874779,WBUY,P2_LEADERSHIP,true,true,OPEN_REVIEW,common,,G9513S102 G9513S110,2025-06-06,2025-07-23,MULTIPLE_CUSIPS,34007704385,true,0,0,0,5,5
1054480335764870914,PRMW1,P2_LEADERSHIP,false,false,BASE_HYPOTHESIS_NOT_IN_CURRENT_REVIEW_FRONTIER,common,,74165N105,2020-01-16,2020-02-11,,34007704385,true,0,0,0,15,15
1057554835993426219,MAFB,P2_LEADERSHIP,false,false,BASE_HYPOTHESIS_NOT_IN_CURRENT_REVIEW_FRONTIER,common,,55261R108,2007-05-02,2007-06-07,,34007704385,true,0,0,0,20,26
1057977022122607134,AVCTQ,P2_LEADERSHIP,true,true,OPEN_REVIEW,common,,030382105 70957E105 70957E204 030382204,2020-08-06,2022-10-21,MULTIPLE_CUSIPS,34007704385,true,0,0,0,21,48
1061499087872300231,AMH1,P2_LEADERSHIP,true,true,OPEN_REVIEW,common,,03072M108 030732101,2006-07-06,2006-08-21,MULTIPLE_CUSIPS,34007704385,true,0,0,0,20,33
1062221465538336135,BIPC,P2_LEADERSHIP,true,true,OPEN_REVIEW,common,,11275Q107 11276H106,2021-09-10,2026-07-31,MULTIPLE_CUSIPS,34007704385,true,0,0,0,7,616
1063153244135551761,CEI1,P2_LEADERSHIP,false,false,BASE_HYPOTHESIS_NOT_IN_CURRENT_REVIEW_FRONTIER,common,,225756105,2006-07-25,2007-08-03,,34007704385,true,0,0,0,2,62
106569218926078867,IDMCQ,P2_LEADERSHIP,true,true,OPEN_REVIEW,common,,456607100 44977L100 126692102,2006-07-05,2008-03-10,MULTIPLE_CUSIPS,34007704385,true,0,0,0,38,402
1066983453736772688,ENBL,P2_LEADERSHIP,false,false,BASE_HYPOTHESIS_NOT_IN_CURRENT_REVIEW_FRONTIER,common,,292480100,2018-06-15,2020-03-17,,34007704385,true,0,0,0,2,16
1067608386334629742,MNR2,P2_LEADERSHIP,false,false,BASE_HYPOTHESIS_NOT_IN_CURRENT_REVIEW_FRONTIER,common,,609720107,2021-08-27,2022-02-24,,34007704385,true,0,0,0,5,71
1068830020089627296,ASPV,P2_LEADERSHIP,false,false,BASE_HYPOTHESIS_NOT_IN_CURRENT_REVIEW_FRONTIER,common,,04538T109,2007-10-22,2007-11-15,,34007704385,true,0,0,0,19,19
1077550576123629534,SATX,P2_LEADERSHIP,true,true,OPEN_REVIEW,common,,M82363124 G3041W107,2022-11-18,2022-11-21,MULTIPLE_CUSIPS,34007704385,true,0,0,0,2,2
1082580992675866020,CHUBK,P2_LEADERSHIP,false,false,BASE_HYPOTHESIS_NOT_IN_CURRENT_REVIEW_FRONTIER,common,,20084V306,2018-03-14,2018-04-06,,34007704385,true,0,0,0,15,17
1083789860904142400,CPNO,P2_LEADERSHIP,false,false,BASE_HYPOTHESIS_NOT_IN_CURRENT_REVIEW_FRONTIER,common,,217202100,2010-05-12,2013-04-30,,34007704385,true,0,0,0,23,87
1086144274115457561,MIMI,P2_LEADERSHIP,true,true,OPEN_REVIEW,common,,G6146G109 G6146G117,2025-10-03,2025-10-06,MULTIPLE_CUSIPS,34007704385,true,0,0,0,1,2
1090125896214153913,ELBM,P2_LEADERSHIP,true,true,OPEN_REVIEW,common,,28474P201 28474P706,2025-10-13,2025-11-10,MULTIPLE_CUSIPS,34007704385,true,0,0,0,12,17
1102529782480971848,CNTFY,P2_LEADERSHIP,true,true,OPEN_REVIEW,common,,169424108 169424207,2007-10-18,2007-10-19,MULTIPLE_CUSIPS,34007704385,true,0,0,0,2,2
1105889575870416188,REXXQ,P2_LEADERSHIP,true,true,OPEN_REVIEW,common,,761565100 761565506,2011-10-04,2014-12-29,MULTIPLE_CUSIPS,34007704385,true,0,0,0,1,49
1107643404592222144,NWSA,P2_LEADERSHIP,false,false,BASE_HYPOTHESIS_NOT_IN_CURRENT_REVIEW_FRONTIER,common,,65249B109,2013-12-30,2026-07-31,,34007704385,true,0,0,0,91,3137
1111109612569384447,APAC1,P2_LEADERSHIP,false,false,BASE_HYPOTHESIS_NOT_IN_CURRENT_REVIEW_FRONTIER,common,,00185E106,2011-07-13,2011-07-29,,34007704385,true,0,0,0,7,7
1112185049585023647,OBSVF,P2_LEADERSHIP,false,false,BASE_HYPOTHESIS_NOT_IN_CURRENT_REVIEW_FRONTIER,common,,H5861P103,2021-01-15,2021-03-09,,34007704385,true,0,0,0,21,33
1114676339922425532,NDZ,P2_LEADERSHIP,true,true,OPEN_REVIEW,common,,65563C105 55269P302,2010-04-06,2014-04-28,MULTIPLE_CUSIPS,34007704385,true,0,0,0,17,23
111658873011134272,ATN,P2_LEADERSHIP,false,false,BASE_HYPOTHESIS_NOT_IN_CURRENT_REVIEW_FRONTIER,common,,049303100,2008-03-13,2008-05-07,,34007704385,true,0,0,0,16,21
1119921188223994749,CHGA,P2_LEADERSHIP,true,true,OPEN_REVIEW,common,,05344R104 05344R203 05344R302,2026-02-27,2026-03-02,MULTIPLE_CUSIPS,34007704385,true,0,0,0,2,2
1137738462491220810,EFUT1,P2_LEADERSHIP,false,false,BASE_HYPOTHESIS_NOT_IN_CURRENT_REVIEW_FRONTIER,common,,G29438101,2007-10-03,2007-10-31,,34007704385,true,0,0,0,14,14
1141671989288289515,NXL1,P2_LEADERSHIP,true,true,OPEN_REVIEW,common,,648053106 30067R107,2007-02-13,2007-04-19,MULTIPLE_CUSIPS,34007704385,true,0,0,0,21,45
1142964615483214947,SKIL2,P2_LEADERSHIP,true,true,OPEN_REVIEW,common,,830928107 83170A206 124853300,2010-02-12,2010-05-26,MULTIPLE_CUSIPS,34007704385,true,0,0,0,11,52
116177074508864059,GMM,P2_LEADERSHIP,true,true,OPEN_REVIEW,common,,G3937M106 G3937M114 G3937M205,2026-07-10,2026-07-29,MULTIPLE_CUSIPS,34007704385,true,0,0,0,1,4
117705586566981393,SFN1,P2_LEADERSHIP,true,true,OPEN_REVIEW,common,,848420105 784153108 45868P100,2011-07-21,2011-09-02,MULTIPLE_CUSIPS,34007704385,true,0,0,0,27,31
118276235806064595,YTENQ,P2_LEADERSHIP,true,true,OPEN_REVIEW,common,,591018809 98585K862 98585K201 591018882 98585K102 98585K854,2020-09-10,2020-09-14,MULTIPLE_CUSIPS,34007704385,true,0,0,0,2,3
119911191878739397,UCBHQ,P2_LEADERSHIP,false,false,BASE_HYPOTHESIS_NOT_IN_CURRENT_REVIEW_FRONTIER,common,,90262T308,2007-06-29,2008-10-15,,34007704385,true,0,0,0,16,240
123898231451370628,TRIRF,P2_LEADERSHIP,true,true,OPEN_REVIEW,common,,G9103H102 G6455A107 G6455A123,2020-12-17,2021-11-12,MULTIPLE_CUSIPS,34007704385,true,0,0,0,3,62
125547725087724392,ICDI,P2_LEADERSHIP,true,true,OPEN_REVIEW,common,,453415309 453415606,2020-04-13,2020-04-21,MULTIPLE_CUSIPS,34007704385,true,0,0,0,7,7
136874785304216743,PRFX,P2_LEADERSHIP,true,true,OPEN_REVIEW,common,,M77798102 M77798144 M77798128 M77798136 M77798201,2023-07-14,2025-08-20,MULTIPLE_CUSIPS,34007704385,true,0,0,0,10,10
13698227415232376,CHZS,P2_LEADERSHIP,true,true,OPEN_REVIEW,common,,205908106 205908304,2006-07-05,2007-03-27,MULTIPLE_CUSIPS,34007704385,true,0,0,0,12,161
149263833712904800,YARW,P2_LEADERSHIP,true,true,OPEN_REVIEW,common,,586858102 92941V209 92941V100 92941V308,2021-01-27,2021-03-09,MULTIPLE_CUSIPS,34007704385,true,0,0,0,12,29
153125428623286573,CUROQ,P2_LEADERSHIP,false,false,BASE_HYPOTHESIS_NOT_IN_CURRENT_REVIEW_FRONTIER,common,,23131L107,2020-12-18,2021-01-19,,34007704385,true,0,0,0,14,14
159505778493115423,WPP1,P2_LEADERSHIP,true,true,OPEN_REVIEW,common,,943315101 943317107,2015-10-13,2015-11-05,MULTIPLE_CUSIPS,34007704385,true,0,0,0,17,17
166277649885743193,BN1,P2_LEADERSHIP,false,false,BASE_HYPOTHESIS_NOT_IN_CURRENT_REVIEW_FRONTIER,common,,066821109,2006-08-09,2006-12-01,,34007704385,true,0,0,0,10,76
170586424305588468,ADNH,P2_LEADERSHIP,true,true,OPEN_REVIEW,common,,00788A105 00165R101 00788A204,2020-12-09,2022-07-19,MULTIPLE_CUSIPS,34007704385,true,0,0,0,25,48
17159090121204713,NXUR,P2_LEADERSHIP,true,true,OPEN_REVIEW,common,,62956D105 049506108 62956D204 62956D303,2024-12-30,2025-01-06,MULTIPLE_CUSIPS,34007704385,true,0,0,0,3,3
173031634919757772,BRLI1,P2_LEADERSHIP,false,false,BASE_HYPOTHESIS_NOT_IN_CURRENT_REVIEW_FRONTIER,common,,09057G602,2015-06-04,2015-07-31,,34007704385,true,0,0,0,38,41
181225486780690055,CANUY,P2_LEADERSHIP,false,false,BASE_HYPOTHESIS_NOT_IN_CURRENT_REVIEW_FRONTIER,common,,204421101,2007-02-01,2007-03-08,,34007704385,true,0,0,0,15,21
181712688269645497,QNTM,P2_LEADERSHIP,true,true,OPEN_REVIEW,common,,35954B206 74764Y205 35954B404,2025-02-04,2025-02-13,MULTIPLE_CUSIPS,34007704385,true,0,0,0,8,8
186829690156569447,LILAK,P2_LEADERSHIP,true,true,OPEN_REVIEW,common,,G9001E128 G5480U153,2016-06-24,2020-10-15,MULTIPLE_CUSIPS,34007704385,true,0,0,0,21,251
189720321740141225,BOXDQ,P2_LEADERSHIP,true,true,OPEN_REVIEW,common,,103174108 81787X106,2022-06-23,2022-07-25,MULTIPLE_CUSIPS,34007704385,true,0,0,0,5,19
19171570310576852,AIXI,P2_LEADERSHIP,true,true,OPEN_REVIEW,common,,98423X209 98423X100 98423X308,2026-04-07,2026-04-23,MULTIPLE_CUSIPS,34007704385,true,0,0,0,7,7
197515588627444127,CMAXQ,P2_LEADERSHIP,true,true,OPEN_REVIEW,common,,14171W103 14171W202 244413100,2024-07-22,2024-07-30,MULTIPLE_CUSIPS,34007704385,true,0,0,0,7,7
199185697115041180,APTOF,P2_LEADERSHIP,true,true,OPEN_REVIEW,common,,03835T200 03835T309 03835T408 544192107 544191109 453219107 03835T101,2021-03-24,2021-04-20,MULTIPLE_CUSIPS,34007704385,true,0,0,0,17,17
201497297949260987,GGL1,P2_LEADERSHIP,false,false,BASE_HYPOTHESIS_NOT_IN_CURRENT_REVIEW_FRONTIER,common,,38239A100,2007-10-25,2007-11-20,,34007704385,true,0,0,0,2,19
201661175959591427,WB1,P2_LEADERSHIP,false,false,BASE_HYPOTHESIS_NOT_IN_CURRENT_REVIEW_FRONTIER,common,,929903102,2006-07-05,2008-12-31,,34007704385,true,0,0,0,18,628
206471017241236767,KEP,P2_LEADERSHIP,true,true,OPEN_REVIEW,common,,500631106 500631205,2007-07-24,2017-04-13,MULTIPLE_CUSIPS,34007704385,true,0,0,0,15,182
207789571182070988,AVIV1,P2_LEADERSHIP,false,false,BASE_HYPOTHESIS_NOT_IN_CURRENT_REVIEW_FRONTIER,common,,05381L101,2014-11-10,2014-12-01,,34007704385,true,0,0,0,2,15
210042061840655813,LNAI,P2_LEADERSHIP,true,true,OPEN_REVIEW,common,,29350E104 29350E203 29350E302 236078101,2021-06-14,2021-06-25,MULTIPLE_CUSIPS,34007704385,true,0,0,0,8,8
213694672279054669,HKD,P2_LEADERSHIP,false,false,BASE_HYPOTHESIS_NOT_IN_CURRENT_REVIEW_FRONTIER,common,,00180N101,2023-01-13,2025-11-04,,34007704385,true,0,0,0,3,44
216433195630975283,NTCOY,P2_LEADERSHIP,false,false,BASE_HYPOTHESIS_NOT_IN_CURRENT_REVIEW_FRONTIER,common,,63884N108,2022-03-09,2022-03-21,,34007704385,true,0,0,0,1,8
216925786180042987,AKAN,P2_LEADERSHIP,true,true,OPEN_REVIEW,common,,00971M106 00971M205 00971M502 00971M403 00971M304 00971M601 00971M700,2026-04-22,2026-05-26,MULTIPLE_CUSIPS,34007704385,true,0,0,0,18,18
218572092380512800,GOCOQ,P2_LEADERSHIP,true,true,OPEN_REVIEW,common,,38046W105 38046W204,2021-01-29,2021-10-04,MULTIPLE_CUSIPS,34007704385,true,0,0,0,7,85
220734612160088067,CELL1,P2_LEADERSHIP,true,true,OPEN_REVIEW,common,,109473405 109473108,2006-07-05,2012-07-24,MULTIPLE_CUSIPS,34007704385,true,0,0,0,45,159
221040848723169476,ASO1,P2_LEADERSHIP,false,false,BASE_HYPOTHESIS_NOT_IN_CURRENT_REVIEW_FRONTIER,common,,032165102,2006-07-05,2006-11-03,,34007704385,true,0,0,0,11,86
223649094030910552,USPI1,P2_LEADERSHIP,true,true,OPEN_REVIEW,common,,913016309 903375103,2006-10-05,2007-03-27,MULTIPLE_CUSIPS,34007704385,true,0,0,0,9,39
23239698889305908,CZOOF,P2_LEADERSHIP,true,true,OPEN_REVIEW,common,,G2007L105 G0190X100 G2007L204 G2007L121 G1993M101,2021-08-25,2024-05-08,MULTIPLE_CUSIPS,34007704385,true,0,0,0,11,17
232680048674617812,MKDTY,P2_LEADERSHIP,true,true,OPEN_REVIEW,common,,60852L106 60852L205,2021-02-05,2021-02-19,MULTIPLE_CUSIPS,34007704385,true,0,0,0,10,10
233189665423411967,PWAVQ,P2_LEADERSHIP,true,true,OPEN_REVIEW,common,,739363307 739363109,2006-07-05,2007-11-27,MULTIPLE_CUSIPS,34007704385,true,0,0,0,20,313
236546464536198449,NXTS,P2_LEADERSHIP,true,true,OPEN_REVIEW,common,,80512Q303 80512Q402 80512Q501 80512Q600 80512Q105 80512Q204,2025-01-02,2026-06-29,MULTIPLE_CUSIPS,34007704385,true,0,0,0,12,13
238785323839507876,ARA1,P2_LEADERSHIP,true,true,OPEN_REVIEW,common,,038496204 038496105,2006-07-05,2008-10-30,MULTIPLE_CUSIPS,34007704385,true,0,0,0,25,423
243903755097228934,TFPM,P2_LEADERSHIP,false,false,BASE_HYPOTHESIS_NOT_IN_CURRENT_REVIEW_FRONTIER,common,,89679M104,2025-09-23,2026-07-24,,34007704385,true,0,0,0,1,125
244543285531595978,CXRXF,P2_LEADERSHIP,true,true,OPEN_REVIEW,common,,206519100 20653P102 20653P409 00775M104 G01022105,2016-05-13,2016-06-29,MULTIPLE_CUSIPS,34007704385,true,0,0,0,5,24
246935175493407989,ATNXQ,P2_LEADERSHIP,true,true,OPEN_REVIEW,common,,04685N103 04685N202,2019-12-13,2021-06-02,MULTIPLE_CUSIPS,34007704385,true,0,0,0,19,57
252845012432277861,CNXT1,P2_LEADERSHIP,true,true,OPEN_REVIEW,common,,207142308 207142100,2006-07-05,2007-02-23,MULTIPLE_CUSIPS,34007704385,true,0,0,0,14,145
255537641544311712,AUVIQ,P2_LEADERSHIP,true,true,OPEN_REVIEW,common,,03828V105 03828V402 037988300 037988102,2021-03-05,2022-06-27,MULTIPLE_CUSIPS,34007704385,true,0,0,0,11,11
259033848950860991,KEYW1,P2_LEADERSHIP,false,false,BASE_HYPOTHESIS_NOT_IN_CURRENT_REVIEW_FRONTIER,common,,296744105,2006-11-14,2006-12-04,,34007704385,true,0,0,0,12,12
263470440580545501,AT1,P2_LEADERSHIP,true,true,OPEN_REVIEW,common,,020039103 016090102,2006-07-05,2007-11-15,MULTIPLE_CUSIPS,34007704385,true,0,0,0,3,345
26679282107568539,BGPIQ,P2_LEADERSHIP,false,false,BASE_HYPOTHESIS_NOT_IN_CURRENT_REVIEW_FRONTIER,common,,099709107,2006-07-17,2008-04-17,,34007704385,true,0,0,0,7,192
267576191249806189,YAAS,P2_LEADERSHIP,true,true,OPEN_REVIEW,common,,G9876W112 G9876W104,2026-04-27,2026-04-28,MULTIPLE_CUSIPS,34007704385,true,0,0,0,2,2
274139514090907649,AMRQQ,P2_LEADERSHIP,true,true,OPEN_REVIEW,common,,02133L109 82812A103 82812A202,2018-01-23,2018-03-08,MULTIPLE_CUSIPS,34007704385,true,0,0,0,1,31
280655384494202876,CYRNQ,P2_LEADERSHIP,true,true,OPEN_REVIEW,common,,M26895108 M26895132 M25596202 M25596103,2022-02-25,2022-04-18,MULTIPLE_CUSIPS,34007704385,true,0,0,0,20,28
281316701790131701,VSUNQ,P2_LEADERSHIP,false,false,BASE_HYPOTHESIS_NOT_IN_CURRENT_REVIEW_FRONTIER,common,,92336G106,2006-12-21,2008-01-14,,34007704385,true,0,0,0,14,21
283919975105041701,ANPA,P2_LEADERSHIP,false,false,BASE_HYPOTHESIS_NOT_IN_CURRENT_REVIEW_FRONTIER,common,,G7555P101,2026-01-22,2026-02-06,,34007704385,true,0,0,0,12,12
286330990160546804,EQOSQ,P2_LEADERSHIP,true,true,OPEN_REVIEW,common,,Y2074E109 G2956M104 G2956M138,2020-12-28,2021-11-23,MULTIPLE_CUSIPS,34007704385,true,0,0,0,32,39
289699865864951191,BAOS,P2_LEADERSHIP,true,true,OPEN_REVIEW,common,,G08908108 G08908116 G08908124,2024-12-24,2025-01-06,MULTIPLE_CUSIPS,34007704385,true,0,0,0,3,3
292609610146924249,NEWP1,P2_LEADERSHIP,false,false,BASE_HYPOTHESIS_NOT_IN_CURRENT_REVIEW_FRONTIER,common,,651824104,2016-02-24,2016-03-22,,34007704385,true,0,0,0,20,20
294778658200477598,HTGMQ,P2_LEADERSHIP,true,true,OPEN_REVIEW,common,,40434H104 40434H203 40434H302,2017-03-24,2017-04-20,MULTIPLE_CUSIPS,34007704385,true,0,0,0,15,15
294831489466840844,LI1,P2_LEADERSHIP,false,false,BASE_HYPOTHESIS_NOT_IN_CURRENT_REVIEW_FRONTIER,common,,50730R102,2006-07-10,2007-09-28,,34007704385,true,0,0,0,21,159
302421230588989111,WEWKQ,P2_LEADERSHIP,true,true,OPEN_REVIEW,common,,96209A104 103085106 96209A401,2021-03-26,2023-10-03,MULTIPLE_CUSIPS,34007704385,true,0,0,0,40,240
302637988624695275,FREHY,P2_LEADERSHIP,true,true,OPEN_REVIEW,common,,03635R107 03635R206 03635R305,2020-12-14,2021-03-10,MULTIPLE_CUSIPS,34007704385,true,0,0,0,2,3
302967941881581516,EONGY,P2_LEADERSHIP,true,true,OPEN_REVIEW,common,,268780103 92239H102,2007-02-27,2007-08-30,MULTIPLE_CUSIPS,34007704385,true,0,0,0,1,110
305337131758957050,CLEUF,P2_LEADERSHIP,true,true,OPEN_REVIEW,common,,G2161Y109 G2161Y117 G2161Y133 G2161Y125,2021-02-12,2025-01-29,MULTIPLE_CUSIPS,34007704385,true,0,0,0,7,12
30723314005212436,GRCE,P2_LEADERSHIP,true,true,OPEN_REVIEW,common,,00430K402 00439U104 00430K105 00430K873 00430K865,2021-02-10,2021-02-17,MULTIPLE_CUSIPS,34007704385,true,0,0,0,5,5
319248286586397404,OLOX,P2_LEADERSHIP,true,true,OPEN_REVIEW,common,,78418A505 78418A604 78418A307 78418A703 78418A802,2024-05-03,2025-12-11,MULTIPLE_CUSIPS,34007704385,true,0,0,0,19,29
322016043620229064,GXAI,P2_LEADERSHIP,true,true,OPEN_REVIEW,common,,62911P300 62911P201,2024-03-13,2026-03-18,MULTIPLE_CUSIPS,34007704385,true,0,0,0,26,30
322630251933381263,OCG,P2_LEADERSHIP,true,true,OPEN_REVIEW,common,,G6796W107 G6796W115 G6796W123 G6796W131,2025-12-09,2025-12-10,MULTIPLE_CUSIPS,34007704385,true,0,0,0,2,2
324066141763178373,TMDE,P2_LEADERSHIP,false,false,BASE_HYPOTHESIS_NOT_IN_CURRENT_REVIEW_FRONTIER,common,,G88953107,2026-03-02,2026-03-18,,34007704385,true,0,0,0,11,11
32413425923825225,INGR1,P2_LEADERSHIP,false,false,BASE_HYPOTHESIS_NOT_IN_CURRENT_REVIEW_FRONTIER,common,,458683109,2006-09-08,2006-10-09,,34007704385,true,0,0,0,17,21
324604881924109564,AXCA,P2_LEADERSHIP,false,false,BASE_HYPOTHESIS_NOT_IN_CURRENT_REVIEW_FRONTIER,common,,054923107,2007-11-29,2007-12-28,,34007704385,true,0,0,0,20,20
325878757705228859,PVR,P2_LEADERSHIP,true,true,OPEN_REVIEW,common,,693665101 707884102,2011-12-13,2013-11-06,MULTIPLE_CUSIPS,34007704385,true,0,0,0,18,54
32974016278498836,PHXM,P2_LEADERSHIP,true,true,OPEN_REVIEW,common,,29604W108 29604W207,2021-08-02,2021-08-03,MULTIPLE_CUSIPS,34007704385,true,0,0,0,2,2
345581241076888377,SEMI1,P2_LEADERSHIP,false,false,BASE_HYPOTHESIS_NOT_IN_CURRENT_REVIEW_FRONTIER,common,,Y8213L102,2016-08-22,2016-09-13,,34007704385,true,0,0,0,15,15
352268489117847219,AGIL1,P2_LEADERSHIP,false,false,BASE_HYPOTHESIS_NOT_IN_CURRENT_REVIEW_FRONTIER,common,,00846X105,2007-06-08,2007-06-12,,34007704385,true,0,0,0,1,2
352648217497685819,IVPR,P2_LEADERSHIP,true,true,OPEN_REVIEW,common,,45784E205 45784E106 45784E304,2024-07-10,2024-08-02,MULTIPLE_CUSIPS,34007704385,true,0,0,0,16,16
355595675972827631,XTKG,P2_LEADERSHIP,true,true,OPEN_REVIEW,common,,G72007100 G72007134 G72007126 G72007118 G72007142 G72007159,2021-08-12,2022-06-24,MULTIPLE_CUSIPS,34007704385,true,0,0,0,10,26
356740631670859426,ENIAY,P2_LEADERSHIP,false,false,BASE_HYPOTHESIS_NOT_IN_CURRENT_REVIEW_FRONTIER,common,,29274F104,2009-12-30,2022-06-17,,34007704385,true,0,0,0,10,94
356770886451247494,BNE1,P2_LEADERSHIP,false,false,BASE_HYPOTHESIS_NOT_IN_CURRENT_REVIEW_FRONTIER,common,,103043105,2010-02-24,2010-03-23,,34007704385,true,0,0,0,20,20
357038596671965743,PPD1,P2_LEADERSHIP,false,false,BASE_HYPOTHESIS_NOT_IN_CURRENT_REVIEW_FRONTIER,common,,740065107,2007-03-15,2007-04-09,,34007704385,true,0,0,0,16,16
357682836404705598,USBC,P2_LEADERSHIP,true,true,OPEN_REVIEW,common,,499238103 499238202 928449107 928449206,2025-06-09,2025-07-08,MULTIPLE_CUSIPS,34007704385,true,0,0,0,11,11
362261833004262772,DCFCQ,P2_LEADERSHIP,true,true,OPEN_REVIEW,common,,242794105 Q9225T108 Q9225T207,2022-02-09,2022-03-08,MULTIPLE_CUSIPS,34007704385,true,0,0,0,5,17
365837557702778102,RENX2,P2_LEADERSHIP,true,true,OPEN_REVIEW,common,,75955B102 758204200 290259100 758204101,2007-10-26,2015-03-26,MULTIPLE_CUSIPS,34007704385,true,0,0,0,2,30
367007693169426597,OCNF,P2_LEADERSHIP,true,true,OPEN_REVIEW,common,,Y64202107 Y64202115 Y64202123,2009-05-19,2009-06-04,MULTIPLE_CUSIPS,34007704385,true,0,0,0,10,12
370426376700718948,HXHX,P2_LEADERSHIP,false,false,BASE_HYPOTHESIS_NOT_IN_CURRENT_REVIEW_FRONTIER,common,,G4290D105,2025-12-22,2025-12-22,,34007704385,true,0,0,0,1,1
37126731242075325,AVRNQ,P2_LEADERSHIP,true,true,OPEN_REVIEW,common,,05356X403 05356X809 05356X700,2007-01-25,2007-04-23,MULTIPLE_CUSIPS,34007704385,true,0,0,0,7,25
373098816962156014,TIER1,P2_LEADERSHIP,false,false,BASE_HYPOTHESIS_NOT_IN_CURRENT_REVIEW_FRONTIER,common,,88650V208,2019-04-02,2019-04-23,,34007704385,true,0,0,0,10,15
379900522967298057,PSTI1,P2_LEADERSHIP,true,true,OPEN_REVIEW,common,,584028104 713569309 713569200,2006-11-06,2007-01-18,MULTIPLE_CUSIPS,34007704385,true,0,0,0,10,45
382386310369528965,PGHEF,P2_LEADERSHIP,true,true,OPEN_REVIEW,common,,70706P104 706902509 706902301 706902103,2006-07-25,2009-10-29,MULTIPLE_CUSIPS,34007704385,true,0,0,0,7,366
389428543536150575,AIFA,P2_LEADERSHIP,true,true,OPEN_REVIEW,common,,019170109 09216T107 09216T206 019170208,2021-03-04,2021-04-06,MULTIPLE_CUSIPS,34007704385,true,0,0,0,14,22
393603687339770814,DSY,P2_LEADERSHIP,true,true,OPEN_REVIEW,common,,72942P104 G1263B108 G1263B132,2026-06-10,2026-07-02,MULTIPLE_CUSIPS,34007704385,true,0,0,0,4,4
394112553857045151,TU,P2_LEADERSHIP,true,true,OPEN_REVIEW,common,,87971M103 87971M202,2020-02-13,2026-07-31,MULTIPLE_CUSIPS,34007704385,true,0,0,0,5,1515
399503091839684501,CLVV,P2_LEADERSHIP,true,true,OPEN_REVIEW,common,,186760104 80821R109 80821R208 186760203,2021-02-10,2022-04-07,MULTIPLE_CUSIPS,34007704385,true,0,0,0,25,32
407183753150387578,STAY,P2_LEADERSHIP,false,false,BASE_HYPOTHESIS_NOT_IN_CURRENT_REVIEW_FRONTIER,common,,30224P200,2014-08-07,2021-06-15,,34007704385,true,0,0,0,48,1011
413396313448158813,UHAL.B,P2_LEADERSHIP,false,false,BASE_HYPOTHESIS_NOT_IN_CURRENT_REVIEW_FRONTIER,common,,023586506,2023-05-31,2026-07-28,,34007704385,true,0,0,0,6,195
418221051978001397,CPPL,P2_LEADERSHIP,false,false,BASE_HYPOTHESIS_NOT_IN_CURRENT_REVIEW_FRONTIER,common,,198281107,2016-10-03,2017-02-16,,34007704385,true,0,0,0,14,39
419325275310351619,HIFS,P2_LEADERSHIP,false,false,BASE_HYPOTHESIS_NOT_IN_CURRENT_REVIEW_FRONTIER,common,,433323102,2025-06-02,2026-02-05,,34007704385,true,0,0,0,6,94
419581290243521131,CIGI,P2_LEADERSHIP,true,true,OPEN_REVIEW,common,,194693107 33761N109,2024-02-27,2026-07-31,MULTIPLE_CUSIPS,34007704385,true,0,0,0,17,199
419756793261140579,NRTLQ,P2_LEADERSHIP,true,true,OPEN_REVIEW,common,,656568508 656568102 656569100 665815106,2006-07-05,2008-10-14,MULTIPLE_CUSIPS,34007704385,true,0,0,0,70,575
424099180503622082,VSTE,P2_LEADERSHIP,true,true,OPEN_REVIEW,common,,629567108 Q9379E105,2024-11-01,2024-11-25,MULTIPLE_CUSIPS,34007704385,true,0,0,0,6,6
443180275527087349,LYTHF,P2_LEADERSHIP,true,true,OPEN_REVIEW,common,,G5851A109 G5851A133,2024-03-07,2024-04-01,MULTIPLE_CUSIPS,34007704385,true,0,0,0,4,4
447049787135067374,SJR,P2_LEADERSHIP,false,false,BASE_HYPOTHESIS_NOT_IN_CURRENT_REVIEW_FRONTIER,common,,82028K200,2018-04-13,2023-03-31,,34007704385,true,0,0,0,23,131
449759821920346802,ZIP1,P2_LEADERSHIP,false,false,BASE_HYPOTHESIS_NOT_IN_CURRENT_REVIEW_FRONTIER,common,,98974X103,2013-01-18,2013-01-29,,34007704385,true,0,0,0,6,6
450154553112428191,ATPC,P2_LEADERSHIP,true,true,OPEN_REVIEW,common,,008389207 008389108 008389306,2026-03-12,2026-07-17,MULTIPLE_CUSIPS,34007704385,true,0,0,0,10,11
450284194837013998,RPT1,P2_LEADERSHIP,true,true,OPEN_REVIEW,common,,74971D101 751452202 751452103 749709101,2017-05-09,2023-12-29,MULTIPLE_CUSIPS,34007704385,true,0,0,0,8,37
450317911727604097,BHATF,P2_LEADERSHIP,true,true,OPEN_REVIEW,common,,G1329V106 G1329V205 G1329V114 G1329V122,2022-06-23,2022-07-22,MULTIPLE_CUSIPS,34007704385,true,0,0,0,12,12
452362097446375195,NEPTF,P2_LEADERSHIP,true,true,OPEN_REVIEW,common,,64079L105 64077P108 64079L204 64079L303,2021-02-19,2022-08-26,MULTIPLE_CUSIPS,34007704385,true,0,0,0,3,19
454481953082011571,PYX1,P2_LEADERSHIP,false,false,BASE_HYPOTHESIS_NOT_IN_CURRENT_REVIEW_FRONTIER,common,,72813P100,2007-07-16,2007-08-21,,34007704385,true,0,0,0,20,27
459683860328054627,KZ,P2_LEADERSHIP,false,false,BASE_HYPOTHESIS_NOT_IN_CURRENT_REVIEW_FRONTIER,common,,50047P104,2007-09-28,2007-10-29,,34007704385,true,0,0,0,18,20
463006732998201278,THMRQ,P2_LEADERSHIP,true,true,OPEN_REVIEW,common,,885218107 885218800,2006-08-11,2008-04-23,MULTIPLE_CUSIPS,34007704385,true,0,0,0,29,327
466882026416816187,FS,P2_LEADERSHIP,false,false,BASE_HYPOTHESIS_NOT_IN_CURRENT_REVIEW_FRONTIER,common,,35100E104,2006-11-06,2007-04-26,,34007704385,true,0,0,0,21,62
467020766091718629,ORANY,P2_LEADERSHIP,true,true,OPEN_REVIEW,common,,684060106 35177Q105 35177Q204,2007-06-25,2016-05-10,MULTIPLE_CUSIPS,34007704385,true,0,0,0,10,384
47199860771341941,SYNE,P2_LEADERSHIP,true,true,OPEN_REVIEW,common,,871628103 871628202 871628301,2019-10-14,2019-11-08,MULTIPLE_CUSIPS,34007704385,true,0,0,0,8,8
472470523584007203,ZAPP,P2_LEADERSHIP,true,true,OPEN_REVIEW,common,,12561U109 G9889X107 G9889X123,2024-07-02,2024-07-31,MULTIPLE_CUSIPS,34007704385,true,0,0,0,20,20
47502249364840751,VSRI,P2_LEADERSHIP,false,false,BASE_HYPOTHESIS_NOT_IN_CURRENT_REVIEW_FRONTIER,common,,925297103,2014-10-16,2014-10-30,,34007704385,true,0,0,0,4,8
476744224784930996,TRNX1,P2_LEADERSHIP,false,false,BASE_HYPOTHESIS_NOT_IN_CURRENT_REVIEW_FRONTIER,common,,N87237108,2014-11-06,2016-02-23,,34007704385,true,0,0,0,3,22
478662048929994523,LOOP1,P2_LEADERSHIP,false,false,BASE_HYPOTHESIS_NOT_IN_CURRENT_REVIEW_FRONTIER,common,,543524300,2011-05-19,2011-05-25,,34007704385,true,0,0,0,5,5
481674268738248809,TLK,P2_LEADERSHIP,false,false,BASE_HYPOTHESIS_NOT_IN_CURRENT_REVIEW_FRONTIER,common,,715684106,2007-03-05,2026-07-02,,34007704385,true,0,0,0,9,63
4842876510331218,TIRXF,P2_LEADERSHIP,true,true,OPEN_REVIEW,common,,G8884K102 G8884K110 G8884K136 G8884K128,2026-01-28,2026-01-28,MULTIPLE_CUSIPS,34007704385,true,0,0,0,1,1
485656366014433376,BNAUF,P2_LEADERSHIP,true,true,OPEN_REVIEW,common,,780911103 780911509 07160B106,2015-01-05,2015-07-16,MULTIPLE_CUSIPS,34007704385,true,0,0,0,35,102
487329770828806227,RKTO,P2_LEADERSHIP,true,true,OPEN_REVIEW,common,,44148G105 44148G204,2023-01-04,2026-06-16,MULTIPLE_CUSIPS,34007704385,true,0,0,0,19,19
487598768821977513,AGIXQ,P2_LEADERSHIP,false,false,BASE_HYPOTHESIS_NOT_IN_CURRENT_REVIEW_FRONTIER,common,,047439104,2007-01-08,2007-04-12,,34007704385,true,0,0,0,6,48
489350436874608060,BIYA,P2_LEADERSHIP,true,true,OPEN_REVIEW,common,,G07064101 G07064119,2026-04-30,2026-07-30,MULTIPLE_CUSIPS,34007704385,true,0,0,0,4,12
494106095955525849,MATR1,P2_LEADERSHIP,true,true,OPEN_REVIEW,common,,576817209 576817100,2008-01-25,2008-02-21,MULTIPLE_CUSIPS,34007704385,true,0,0,0,12,15
495423651304945316,ALC,P2_LEADERSHIP,false,false,BASE_HYPOTHESIS_NOT_IN_CURRENT_REVIEW_FRONTIER,common,,H01301128,2019-10-08,2026-07-31,,34007704385,true,0,0,0,39,1712
499861007084541401,PKY1,P2_LEADERSHIP,true,true,OPEN_REVIEW,common,,70159Q104 701545204,2014-01-07,2016-10-05,MULTIPLE_CUSIPS,34007704385,true,0,0,0,14,54
504872827721303870,DFSC,P2_LEADERSHIP,true,true,OPEN_REVIEW,common,,501506604 501506703 244778106 501506802,2025-06-18,2025-06-30,MULTIPLE_CUSIPS,34007704385,true,0,0,0,4,4
508920986999398794,SPH,P2_LEADERSHIP,false,false,BASE_HYPOTHESIS_NOT_IN_CURRENT_REVIEW_FRONTIER,common,,864482104,2012-08-14,2024-01-16,,34007704385,true,0,0,0,1,27
513979729658473231,EDHL,P2_LEADERSHIP,true,true,OPEN_REVIEW,common,,G32212105 G32212113,2026-06-11,2026-07-07,MULTIPLE_CUSIPS,34007704385,true,0,0,0,3,4
514626332597776196,IDR1,P2_LEADERSHIP,false,false,BASE_HYPOTHESIS_NOT_IN_CURRENT_REVIEW_FRONTIER,common,,460915200,2006-08-11,2006-09-25,,34007704385,true,0,0,0,20,29
515779142969303930,QVCGB,P2_LEADERSHIP,true,true,OPEN_REVIEW,common,,74915M209 53071M203,2022-08-03,2022-08-04,MULTIPLE_CUSIPS,34007704385,true,0,0,0,2,2
521411584698158656,SUNC,P2_LEADERSHIP,false,false,BASE_HYPOTHESIS_NOT_IN_CURRENT_REVIEW_FRONTIER,common,,86765Q106,2026-05-11,2026-07-31,,34007704385,true,0,0,0,6,57
524597386157725941,BBEPQ,P2_LEADERSHIP,false,false,BASE_HYPOTHESIS_NOT_IN_CURRENT_REVIEW_FRONTIER,common,,106776107,2012-09-12,2015-03-11,,34007704385,true,0,0,0,17,192
530123673477183053,NCX,P2_LEADERSHIP,false,false,BASE_HYPOTHESIS_NOT_IN_CURRENT_REVIEW_FRONTIER,common,,66977W109,2006-10-18,2009-03-19,,34007704385,true,0,0,0,35,262
530891458353402071,POWR1,P2_LEADERSHIP,true,true,OPEN_REVIEW,common,,73936N105 59159Q107 566323309 566323101,2016-03-11,2016-03-23,MULTIPLE_CUSIPS,34007704385,true,0,0,0,8,8
536487842797168578,CAJPY,P2_LEADERSHIP,false,false,BASE_HYPOTHESIS_NOT_IN_CURRENT_REVIEW_FRONTIER,common,,138006309,2007-08-09,2018-11-13,,34007704385,true,0,0,0,31,717
53825610364820470,MORE1,P2_LEADERSHIP,false,false,BASE_HYPOTHESIS_NOT_IN_CURRENT_REVIEW_FRONTIER,common,,60979P105,2015-12-14,2017-09-19,,34007704385,true,0,0,0,21,46
541617558859712700,WAMUQ,P2_LEADERSHIP,false,false,BASE_HYPOTHESIS_NOT_IN_CURRENT_REVIEW_FRONTIER,common,,939322103,2006-07-05,2008-09-25,,34007704385,true,0,0,0,22,562
543083518703645156,XSELY,P2_LEADERSHIP,true,true,OPEN_REVIEW,common,,983982109 983982208,2007-10-11,2007-10-22,MULTIPLE_CUSIPS,34007704385,true,0,0,0,5,7
543274636793126591,FFEDQ,P2_LEADERSHIP,false,false,BASE_HYPOTHESIS_NOT_IN_CURRENT_REVIEW_FRONTIER,common,,337907109,2006-07-05,2008-10-14,,34007704385,true,0,0,0,43,424
545963564491512185,COGT1,P2_LEADERSHIP,false,false,BASE_HYPOTHESIS_NOT_IN_CURRENT_REVIEW_FRONTIER,common,,19239Y108,2010-09-02,2010-11-02,,34007704385,true,0,0,0,15,41
54867139715086380,IPHA,P2_LEADERSHIP,false,false,BASE_HYPOTHESIS_NOT_IN_CURRENT_REVIEW_FRONTIER,common,,45781K204,2021-09-17,2021-09-21,,34007704385,true,0,0,0,3,3
549855612081818075,ELVA,P2_LEADERSHIP,false,false,BASE_HYPOTHESIS_NOT_IN_CURRENT_REVIEW_FRONTIER,common,,28617B606,2026-07-15,2026-07-23,,34007704385,true,0,0,0,1,7
552591500458143706,GVHGF,P2_LEADERSHIP,true,true,OPEN_REVIEW,common,,92838F101 92838F200,2025-03-05,2025-03-26,MULTIPLE_CUSIPS,34007704385,true,0,0,0,12,12
556750749446146979,APXSQ,P2_LEADERSHIP,false,false,BASE_HYPOTHESIS_NOT_IN_CURRENT_REVIEW_FRONTIER,common,,G04074103,2007-05-21,2007-06-14,,34007704385,true,0,0,0,15,18
561316395867108389,PSE,P2_LEADERSHIP,false,false,BASE_HYPOTHESIS_NOT_IN_CURRENT_REVIEW_FRONTIER,common,,72388B106,2013-05-22,2013-06-04,,34007704385,true,0,0,0,7,7
568706458403231309,VJTTY,P2_LEADERSHIP,true,true,OPEN_REVIEW,common,,92912L107 92912L206,2014-07-07,2014-07-29,MULTIPLE_CUSIPS,34007704385,true,0,0,0,12,14
568764766995856111,CITGQ,P2_LEADERSHIP,false,false,BASE_HYPOTHESIS_NOT_IN_CURRENT_REVIEW_FRONTIER,common,,125581108,2006-07-05,2009-10-28,,34007704385,true,0,0,0,93,824
571519096724645956,FLZH,P2_LEADERSHIP,true,true,OPEN_REVIEW,common,,91704K202 91704K301 91704K103,2026-03-23,2026-04-13,MULTIPLE_CUSIPS,34007704385,true,0,0,0,15,15
574441503402547337,MPG1,P2_LEADERSHIP,true,true,OPEN_REVIEW,common,,553274101 559775101,2006-12-07,2010-04-19,MULTIPLE_CUSIPS,34007704385,true,0,0,0,19,269
578365723117603004,LIANY,P2_LEADERSHIP,false,false,BASE_HYPOTHESIS_NOT_IN_CURRENT_REVIEW_FRONTIER,common,,53000N108,2023-10-25,2023-10-30,,34007704385,true,0,0,0,4,4
579755828693234851,IPOF,P2_LEADERSHIP,false,false,BASE_HYPOTHESIS_NOT_IN_CURRENT_REVIEW_FRONTIER,common,,G8251L105,2021-04-13,2022-10-14,,34007704385,true,0,0,0,5,146
58198491267038495,VEOEY,P2_LEADERSHIP,true,true,OPEN_REVIEW,common,,92334N103 928517101,2007-06-28,2012-05-31,MULTIPLE_CUSIPS,34007704385,true,0,0,0,30,687
583302963573574878,BETR1,P2_LEADERSHIP,false,false,BASE_HYPOTHESIS_NOT_IN_CURRENT_REVIEW_FRONTIER,common,,03211L102,2017-12-18,2018-01-17,,34007704385,true,0,0,0,17,17
583729758686494607,HYFT,P2_LEADERSHIP,true,true,OPEN_REVIEW,common,,45257F200 602687105 45257F101,2021-07-22,2021-08-09,MULTIPLE_CUSIPS,34007704385,true,0,0,0,7,8
585602588723660502,DWNFQ,P2_LEADERSHIP,false,false,BASE_HYPOTHESIS_NOT_IN_CURRENT_REVIEW_FRONTIER,common,,261018105,2006-07-05,2008-04-04,,34007704385,true,0,0,0,20,384
594644032218297668,BFAM1,P2_LEADERSHIP,true,true,OPEN_REVIEW,common,,109195107 109190108,2008-01-23,2008-02-11,MULTIPLE_CUSIPS,34007704385,true,0,0,0,14,14
600909829170328573,RTO,P2_LEADERSHIP,false,false,BASE_HYPOTHESIS_NOT_IN_CURRENT_REVIEW_FRONTIER,common,,760125104,2023-11-13,2026-07-31,,34007704385,true,0,0,0,10,344
612279338010187051,MEMPQ,P2_LEADERSHIP,false,false,BASE_HYPOTHESIS_NOT_IN_CURRENT_REVIEW_FRONTIER,common,,586048100,2013-10-11,2015-01-27,,34007704385,true,0,0,0,13,110
614776420452243153,POLCQ,P2_LEADERSHIP,true,true,OPEN_REVIEW,common,,28252C109 28252C208,2021-06-02,2024-01-11,MULTIPLE_CUSIPS,34007704385,true,0,0,0,19,53
616207656933335880,KMG1,P2_LEADERSHIP,true,true,OPEN_REVIEW,common,,492386107 492386305,2006-07-05,2006-08-09,MULTIPLE_CUSIPS,34007704385,true,0,0,0,6,25
621611955619437399,PLAY1,P2_LEADERSHIP,false,false,BASE_HYPOTHESIS_NOT_IN_CURRENT_REVIEW_FRONTIER,common,,736187204,2006-11-21,2006-11-22,,34007704385,true,0,0,0,2,2
625884473308118557,BNS,P2_LEADERSHIP,false,false,BASE_HYPOTHESIS_NOT_IN_CURRENT_REVIEW_FRONTIER,common,,064149107,2008-03-11,2026-07-31,,34007704385,true,0,0,0,22,4200
626386719360666020,NITE1,P2_LEADERSHIP,false,false,BASE_HYPOTHESIS_NOT_IN_CURRENT_REVIEW_FRONTIER,common,,65413A101,2019-03-05,2019-03-29,,34007704385,true,0,0,0,10,10
626557450187900902,PBM,P2_LEADERSHIP,true,true,OPEN_REVIEW,common,,G6448C103 74449F100 74449F209 74449F308 74449F407,2025-08-04,2026-05-01,MULTIPLE_CUSIPS,34007704385,true,0,0,0,7,9
632448612143510451,XOGAQ,P2_LEADERSHIP,false,false,BASE_HYPOTHESIS_NOT_IN_CURRENT_REVIEW_FRONTIER,common,,30227M105,2017-04-13,2019-07-23,,34007704385,true,0,0,0,71,342
633661694719460024,MTC,P2_LEADERSHIP,true,true,OPEN_REVIEW,common,,G6181K114 G6181K106 G6181K122,2025-11-05,2025-11-14,MULTIPLE_CUSIPS,34007704385,true,0,0,0,8,8
635394468253321768,HSTOQ,P2_LEADERSHIP,true,true,OPEN_REVIEW,common,,20600T108 43358Y103,2016-12-28,2017-01-10,MULTIPLE_CUSIPS,34007704385,true,0,0,0,8,8
636846793535425862,CCU1,P2_LEADERSHIP,false,false,BASE_HYPOTHESIS_NOT_IN_CURRENT_REVIEW_FRONTIER,common,,184502102,2006-07-05,2008-07-29,,34007704385,true,0,0,0,32,520
638843741005544965,XYLO,P2_LEADERSHIP,true,true,OPEN_REVIEW,common,,58471G300 58471G409 58471G102 58471G508 58471G201,2020-10-13,2020-10-23,MULTIPLE_CUSIPS,34007704385,true,0,0,0,3,3
639274294186704402,AEHL,P2_LEADERSHIP,true,true,OPEN_REVIEW,common,,G2113X100 G2113X134 G041JN106 G041JN122 G041JN130 G2113X159 G2113X209 G041JN148,2025-11-25,2026-05-19,MULTIPLE_CUSIPS,34007704385,true,0,0,0,9,9
64339631107048525,MFN,P2_LEADERSHIP,false,false,BASE_HYPOTHESIS_NOT_IN_CURRENT_REVIEW_FRONTIER,common,,602900102,2012-02-03,2012-02-17,,34007704385,true,0,0,0,11,11
64512338953698212,CBH1,P2_LEADERSHIP,false,false,BASE_HYPOTHESIS_NOT_IN_CURRENT_REVIEW_FRONTIER,common,,200519106,2006-07-05,2008-03-28,,34007704385,true,0,0,0,7,435
651798515940468989,LAUR1,P2_LEADERSHIP,true,true,OPEN_REVIEW,common,,518613104 871399101,2006-07-21,2007-07-26,MULTIPLE_CUSIPS,34007704385,true,0,0,0,17,100
655042485769504923,IHG,P2_LEADERSHIP,true,true,OPEN_REVIEW,common,,45857P806 45857P707 45857P509 45857P608 45857P400 45857P301 45857P202 45857P103 458573201 458573102 830018107,2018-01-02,2026-07-31,MULTIPLE_CUSIPS,34007704385,true,0,0,0,5,515
664249895191994405,EM1,P2_LEADERSHIP,false,false,BASE_HYPOTHESIS_NOT_IN_CURRENT_REVIEW_FRONTIER,common,,29084T104,2011-08-09,2011-09-01,,34007704385,true,0,0,0,18,18
664775197074734442,BENE,P2_LEADERSHIP,false,false,BASE_HYPOTHESIS_NOT_IN_CURRENT_REVIEW_FRONTIER,common,,08179B103,2021-10-22,2021-11-24,,34007704385,true,0,0,0,2,22
667140484759602374,ALD1,P2_LEADERSHIP,true,true,OPEN_REVIEW,common,,01903Q108 019042100,2006-07-19,2008-10-24,MULTIPLE_CUSIPS,34007704385,true,0,0,0,7,360
679920883008156897,CNE,P2_LEADERSHIP,false,false,BASE_HYPOTHESIS_NOT_IN_CURRENT_REVIEW_FRONTIER,common,,137513107,2006-10-26,2007-12-10,,34007704385,true,0,0,0,18,176
680117966473801976,RETO,P2_LEADERSHIP,true,true,OPEN_REVIEW,common,,G75271109 G75271117 G75271125 G75271307 G75271133 G75271406,2021-02-23,2021-03-05,MULTIPLE_CUSIPS,34007704385,true,0,0,0,5,5
687689361886221535,IS,P2_LEADERSHIP,true,true,OPEN_REVIEW,common,,M5R75Y101 G88272102,2021-09-20,2022-11-04,MULTIPLE_CUSIPS,34007704385,true,0,0,0,28,214
689727845103726360,SWIM2,P2_LEADERSHIP,true,true,OPEN_REVIEW,common,,46145P103 88409C105,2008-05-15,2009-02-12,MULTIPLE_CUSIPS,34007704385,true,0,0,0,20,30
697687105319732503,PWI,P2_LEADERSHIP,false,false,BASE_HYPOTHESIS_NOT_IN_CURRENT_REVIEW_FRONTIER,common,,741930309,2006-10-03,2007-11-12,,34007704385,true,0,0,0,21,60
699738264904030965,MFLTF,P2_LEADERSHIP,true,true,OPEN_REVIEW,common,,60500F105 60500F204,2023-08-07,2023-08-10,MULTIPLE_CUSIPS,34007704385,true,0,0,0,3,3
702750112247019511,CORZQ,P2_LEADERSHIP,true,true,OPEN_REVIEW,common,,21873J108 739190106,2021-11-10,2022-04-14,MULTIPLE_CUSIPS,34007704385,true,0,0,0,6,27
703291776797057040,CLSDQ,P2_LEADERSHIP,true,true,OPEN_REVIEW,common,,185063104 185063203,2018-03-08,2021-07-14,MULTIPLE_CUSIPS,34007704385,true,0,0,0,30,30
707702582973970120,NVDQ1,P2_LEADERSHIP,false,false,BASE_HYPOTHESIS_NOT_IN_CURRENT_REVIEW_FRONTIER,common,,66987G102,2017-06-22,2017-07-17,,34007704385,true,0,0,0,15,15
712024066321619715,RATE2,P2_LEADERSHIP,false,false,BASE_HYPOTHESIS_NOT_IN_CURRENT_REVIEW_FRONTIER,common,,06647F102,2014-03-05,2017-07-31,,34007704385,true,0,0,0,13,34
713951121590429892,WKME,P2_LEADERSHIP,false,false,BASE_HYPOTHESIS_NOT_IN_CURRENT_REVIEW_FRONTIER,common,,M97628107,2024-06-07,2024-07-03,,34007704385,true,0,0,0,16,16
7191417023602646,OPEN1,P2_LEADERSHIP,false,false,BASE_HYPOTHESIS_NOT_IN_CURRENT_REVIEW_FRONTIER,common,,68371P102,2006-10-16,2006-11-13,,34007704385,true,0,0,0,18,18
719185188849578394,MICC,P2_LEADERSHIP,false,false,BASE_HYPOTHESIS_NOT_IN_CURRENT_REVIEW_FRONTIER,common,,N5505D105,2026-06-10,2026-07-31,,34007704385,true,0,0,0,2,36
720871431798233668,ELPW,P2_LEADERSHIP,true,true,OPEN_REVIEW,common,,G89229119 G3016G103 G3016G111 G3016G129,2026-02-02,2026-05-07,MULTIPLE_CUSIPS,34007704385,true,0,0,0,6,10
720912212270057585,ALIZY,P2_LEADERSHIP,true,true,OPEN_REVIEW,common,,018805101 018820100,2007-05-31,2008-10-14,MULTIPLE_CUSIPS,34007704385,true,0,0,0,12,279
725438445072493950,BGGSQ,P2_LEADERSHIP,false,false,BASE_HYPOTHESIS_NOT_IN_CURRENT_REVIEW_FRONTIER,common,,109043109,2006-07-24,2008-10-03,,34007704385,true,0,0,0,13,149
726835250902442106,BETSF,P2_LEADERSHIP,true,true,OPEN_REVIEW,common,,G1144D125 G8477B105 G1144D109 G21490209 G21490506 G9396G100 G9396G118 G1144D133,2021-11-16,2021-11-18,MULTIPLE_CUSIPS,34007704385,true,0,0,0,2,3
732186125444103069,CPOP,P2_LEADERSHIP,true,true,OPEN_REVIEW,common,,G71700101 G71700119,2021-12-29,2024-02-22,MULTIPLE_CUSIPS,34007704385,true,0,0,0,8,8
73450089656923190,CUPR,P2_LEADERSHIP,true,true,OPEN_REVIEW,common,,G2592E102 G2592E110,2026-06-15,2026-06-30,MULTIPLE_CUSIPS,34007704385,true,0,0,0,4,4
734887237835298547,CRXTQ,P2_LEADERSHIP,true,true,OPEN_REVIEW,common,,18271L107 09607T104,2021-09-16,2022-04-22,MULTIPLE_CUSIPS,34007704385,true,0,0,0,6,12
736804222913488627,OPTN1,P2_LEADERSHIP,false,false,BASE_HYPOTHESIS_NOT_IN_CURRENT_REVIEW_FRONTIER,common,,683948103,2007-07-10,2007-07-30,,34007704385,true,0,0,0,15,15
739770619759153468,DEO,P2_LEADERSHIP,true,true,OPEN_REVIEW,common,,25243Q205 386090302,2006-07-05,2026-07-31,MULTIPLE_CUSIPS,34007704385,true,0,0,0,33,5045
742078063402463845,MDVLQ,P2_LEADERSHIP,true,true,OPEN_REVIEW,common,,58406B103 62857P108 58406B202 554051201 554051102 049433105,2020-07-01,2022-05-11,MULTIPLE_CUSIPS,34007704385,true,0,0,0,18,19
749833310088151139,OMGAQ,P2_LEADERSHIP,false,false,BASE_HYPOTHESIS_NOT_IN_CURRENT_REVIEW_FRONTIER,common,,68217N105,2024-01-04,2024-01-12,,34007704385,true,0,0,0,7,7
750152618866041272,DSGX,P2_LEADERSHIP,false,false,BASE_HYPOTHESIS_NOT_IN_CURRENT_REVIEW_FRONTIER,common,,249906108,2024-05-01,2026-07-31,,34007704385,true,0,0,0,4,433
750325066984167988,APU,P2_LEADERSHIP,false,false,BASE_HYPOTHESIS_NOT_IN_CURRENT_REVIEW_FRONTIER,common,,030975106,2012-03-21,2019-08-21,,34007704385,true,0,0,0,22,155
753607755038753381,SLF,P2_LEADERSHIP,false,false,BASE_HYPOTHESIS_NOT_IN_CURRENT_REVIEW_FRONTIER,common,,866796105,2008-01-30,2026-07-31,,34007704385,true,0,0,0,12,2084
759398787298377633,TWTI1,P2_LEADERSHIP,false,false,BASE_HYPOTHESIS_NOT_IN_CURRENT_REVIEW_FRONTIER,common,,88428W108,2008-06-09,2008-07-24,,34007704385,true,0,0,0,17,31
762273604633397024,HUD,P2_LEADERSHIP,false,false,BASE_HYPOTHESIS_NOT_IN_CURRENT_REVIEW_FRONTIER,common,,G46408103,2020-08-24,2020-09-17,,34007704385,true,0,0,0,18,18
763211457704323541,TWG,P2_LEADERSHIP,true,true,OPEN_REVIEW,common,,G8945S102 G8945S110,2024-10-15,2025-12-09,MULTIPLE_CUSIPS,34007704385,true,0,0,0,9,10
763380806255680719,EHGO,P2_LEADERSHIP,true,true,OPEN_REVIEW,common,,G3121H103 G3121H111,2026-06-22,2026-07-28,MULTIPLE_CUSIPS,34007704385,true,0,0,0,7,10
765109953235965471,ALAB1,P2_LEADERSHIP,false,false,BASE_HYPOTHESIS_NOT_IN_CURRENT_REVIEW_FRONTIER,common,,010317105,2007-09-06,2007-10-03,,34007704385,true,0,0,0,19,19
766906363217850051,MLNTQ,P2_LEADERSHIP,true,true,OPEN_REVIEW,common,,58549G100 58549G209,2019-06-19,2019-07-17,MULTIPLE_CUSIPS,34007704385,true,0,0,0,20,20
76973633248072363,CMGE,P2_LEADERSHIP,false,false,BASE_HYPOTHESIS_NOT_IN_CURRENT_REVIEW_FRONTIER,common,,16952T100,2014-09-09,2014-10-06,,34007704385,true,0,0,0,17,20
77093398988040216,DCTH1,P2_LEADERSHIP,true,true,OPEN_REVIEW,common,,24661P104 24661P401 24661P500 24661P203 24661P609,2015-05-29,2015-06-22,MULTIPLE_CUSIPS,34007704385,true,0,0,0,6,6
772427121210636055,CNL1,P2_LEADERSHIP,true,true,OPEN_REVIEW,common,,12561W105 153897608 12561M107,2007-08-02,2016-04-13,MULTIPLE_CUSIPS,34007704385,true,0,0,0,40,423
775861136859211393,RARE1,P2_LEADERSHIP,true,true,OPEN_REVIEW,common,,753820109 543057103,2007-08-17,2007-10-01,MULTIPLE_CUSIPS,34007704385,true,0,0,0,21,30
781992145516300992,API,P2_LEADERSHIP,false,false,BASE_HYPOTHESIS_NOT_IN_CURRENT_REVIEW_FRONTIER,common,,00851L103,2020-12-24,2024-10-10,,34007704385,true,0,0,0,29,245
788329371011546536,LDTCF,P2_LEADERSHIP,true,true,OPEN_REVIEW,common,,G7273A105 52328E105,2024-12-09,2025-01-07,MULTIPLE_CUSIPS,34007704385,true,0,0,0,11,11
790071859044518355,PFGC1,P2_LEADERSHIP,false,false,BASE_HYPOTHESIS_NOT_IN_CURRENT_REVIEW_FRONTIER,common,,713755106,2008-01-22,2008-02-19,,34007704385,true,0,0,0,20,20
803905040894755941,AMYT,P2_LEADERSHIP,false,false,BASE_HYPOTHESIS_NOT_IN_CURRENT_REVIEW_FRONTIER,common,,03217L106,2023-01-24,2023-02-01,,34007704385,true,0,0,0,5,5
809259169543049452,AFR1,P2_LEADERSHIP,false,false,BASE_HYPOTHESIS_NOT_IN_CURRENT_REVIEW_FRONTIER,common,,02607P305,2007-11-05,2008-04-01,,34007704385,true,0,0,0,19,95
815365834997670741,CYCU,P2_LEADERSHIP,true,true,OPEN_REVIEW,common,,95758L107 95758L305,2026-07-30,2026-07-30,MULTIPLE_CUSIPS,34007704385,true,0,0,0,1,1
81925292607406198,IFRX,P2_LEADERSHIP,false,false,BASE_HYPOTHESIS_NOT_IN_CURRENT_REVIEW_FRONTIER,common,,N44821101,2021-10-28,2023-04-18,,34007704385,true,0,0,0,23,23
819710754802675895,LUNMF,P2_LEADERSHIP,false,false,BASE_HYPOTHESIS_NOT_IN_CURRENT_REVIEW_FRONTIER,common,,550372106,2007-10-12,2007-11-20,,34007704385,true,0,0,0,4,28
819720168731653277,CLNY1,P2_LEADERSHIP,false,false,BASE_HYPOTHESIS_NOT_IN_CURRENT_REVIEW_FRONTIER,common,,19624R106,2013-01-15,2017-01-10,,34007704385,true,0,0,0,11,636
823013851306096115,BTQ,P2_LEADERSHIP,false,false,BASE_HYPOTHESIS_NOT_IN_CURRENT_REVIEW_FRONTIER,common,,055869101,2026-06-17,2026-07-17,,34007704385,true,0,0,0,7,21
836648774093976129,SOPAQ,P2_LEADERSHIP,true,true,OPEN_REVIEW,common,,83370P102 83370P201,2025-02-11,2026-01-23,MULTIPLE_CUSIPS,34007704385,true,0,0,0,16,16
839010673456829190,BSC1,P2_LEADERSHIP,false,false,BASE_HYPOTHESIS_NOT_IN_CURRENT_REVIEW_FRONTIER,common,,073902108,2006-07-05,2008-05-30,,34007704385,true,0,0,0,11,479
842263253948569686,SSCCQ,P2_LEADERSHIP,false,false,BASE_HYPOTHESIS_NOT_IN_CURRENT_REVIEW_FRONTIER,common,,832727101,2006-07-05,2008-10-09,,34007704385,true,0,0,0,58,531
842806401459493658,GNCAQ,P2_LEADERSHIP,true,true,OPEN_REVIEW,common,,372427104 372427401,2016-04-07,2016-04-14,MULTIPLE_CUSIPS,34007704385,true,0,0,0,5,6
845857590263666543,CGPI1,P2_LEADERSHIP,false,false,BASE_HYPOTHESIS_NOT_IN_CURRENT_REVIEW_FRONTIER,common,,19419B100,2008-02-28,2008-03-24,,34007704385,true,0,0,0,17,17
847870822279276896,SXE1,P2_LEADERSHIP,false,false,BASE_HYPOTHESIS_NOT_IN_CURRENT_REVIEW_FRONTIER,common,,854532108,2010-05-17,2010-06-07,,34007704385,true,0,0,0,14,14
848299751353307244,ANDX,P2_LEADERSHIP,true,true,OPEN_REVIEW,common,,03350F106 88160T107,2013-01-09,2019-07-29,MULTIPLE_CUSIPS,34007704385,true,0,0,0,69,835
848418269852065962,MODVQ,P2_LEADERSHIP,true,true,OPEN_REVIEW,common,,743815102 60783X104,2025-06-05,2025-06-27,MULTIPLE_CUSIPS,34007704385,true,0,0,0,9,9
860482142370882642,OPTX,P2_LEADERSHIP,true,true,OPEN_REVIEW,common,,68218C108 87169M105,2024-12-20,2026-01-22,MULTIPLE_CUSIPS,34007704385,true,0,0,0,7,7
863372863639270983,CNCT1,P2_LEADERSHIP,true,true,OPEN_REVIEW,common,,208192104 207854100 16951V106,2006-11-08,2006-11-17,MULTIPLE_CUSIPS,34007704385,true,0,0,0,8,8
863716372703836147,ACCL1,P2_LEADERSHIP,true,true,OPEN_REVIEW,common,,00430U103 71713B104,2014-02-03,2014-02-26,MULTIPLE_CUSIPS,34007704385,true,0,0,0,15,15
871310799254251470,WES2,P2_LEADERSHIP,false,false,BASE_HYPOTHESIS_NOT_IN_CURRENT_REVIEW_FRONTIER,common,,958254104,2012-06-19,2019-02-27,,34007704385,true,0,0,0,58,754
872933797384182660,GNSS1,P2_LEADERSHIP,true,true,OPEN_REVIEW,common,,371933102 37184C103,2006-07-28,2006-11-21,MULTIPLE_CUSIPS,34007704385,true,0,0,0,5,48
873936158470356262,WEIDY,P2_LEADERSHIP,true,true,OPEN_REVIEW,common,,94861A108 94861A207,2020-10-20,2020-11-12,MULTIPLE_CUSIPS,34007704385,true,0,0,0,9,9
874464662653899813,FIF1,P2_LEADERSHIP,false,false,BASE_HYPOTHESIS_NOT_IN_CURRENT_REVIEW_FRONTIER,common,,317492106,2009-12-21,2009-12-21,,34007704385,true,0,0,0,1,1
87519734003931149,ZEVY,P2_LEADERSHIP,true,true,OPEN_REVIEW,common,,53228T101 37519D107 53228T200,2020-12-11,2021-09-28,MULTIPLE_CUSIPS,34007704385,true,0,0,0,27,104
877888972841438604,SKYA,P2_LEADERSHIP,true,true,OPEN_REVIEW,common,,82003F309 82003F101 82003F200,2025-08-27,2025-09-23,MULTIPLE_CUSIPS,34007704385,true,0,0,0,11,12
877943324759167080,RA1,P2_LEADERSHIP,false,false,BASE_HYPOTHESIS_NOT_IN_CURRENT_REVIEW_FRONTIER,common,,75621K106,2006-07-05,2007-01-24,,34007704385,true,0,0,0,11,139
886320167037977181,TRAD1,P2_LEADERSHIP,true,true,OPEN_REVIEW,common,,89267P105 68211E101,2011-04-28,2011-05-19,MULTIPLE_CUSIPS,34007704385,true,0,0,0,8,8
887467891507310080,WEJOQ,P2_LEADERSHIP,true,true,OPEN_REVIEW,common,,92837J104 G9525W109,2021-11-18,2021-12-14,MULTIPLE_CUSIPS,34007704385,true,0,0,0,1,13
888374992042785616,GSF1,P2_LEADERSHIP,true,true,OPEN_REVIEW,common,,G3930E101 G7805C108,2006-07-05,2007-11-26,MULTIPLE_CUSIPS,34007704385,true,0,0,0,25,351
890200990076735722,STEL1,P2_LEADERSHIP,true,true,OPEN_REVIEW,common,,85856W105 460939309 554433102 460939101 460939200,2006-11-10,2006-12-01,MULTIPLE_CUSIPS,34007704385,true,0,0,0,13,13
890954715491254675,FACT1,P2_LEADERSHIP,false,false,BASE_HYPOTHESIS_NOT_IN_CURRENT_REVIEW_FRONTIER,common,,30303Q103,2010-03-10,2010-04-07,,34007704385,true,0,0,0,15,15
893630170304035278,NVCN,P2_LEADERSHIP,true,true,OPEN_REVIEW,common,,64065J106 64065J304 64065J205 64065J403,2016-12-08,2021-03-05,MULTIPLE_CUSIPS,34007704385,true,0,0,0,14,20
893706224077607177,PCLA,P2_LEADERSHIP,true,true,OPEN_REVIEW,common,,71989C109 71989C208,2026-05-26,2026-05-27,MULTIPLE_CUSIPS,34007704385,true,0,0,0,2,2
898002756955151215,KAR1,P2_LEADERSHIP,false,false,BASE_HYPOTHESIS_NOT_IN_CURRENT_REVIEW_FRONTIER,common,,00686U104,2007-01-09,2007-04-04,,34007704385,true,0,0,0,2,49
901623016632785278,XRTX,P2_LEADERSHIP,true,true,OPEN_REVIEW,common,,98420Q306 98420Q207 98420Q405 98420Q108,2024-08-29,2024-09-03,MULTIPLE_CUSIPS,34007704385,true,0,0,0,3,3
905482684706096774,SPHL,P2_LEADERSHIP,true,true,OPEN_REVIEW,common,,G83761109 G83761117,2026-01-15,2026-01-30,MULTIPLE_CUSIPS,34007704385,true,0,0,0,6,6
906853497162325856,CM,P2_LEADERSHIP,false,false,BASE_HYPOTHESIS_NOT_IN_CURRENT_REVIEW_FRONTIER,common,,136069101,2007-11-12,2026-07-31,,34007704385,true,0,0,0,57,3617
907047828621215848,TRMAQ,P2_LEADERSHIP,false,false,BASE_HYPOTHESIS_NOT_IN_CURRENT_REVIEW_FRONTIER,common,,896106200,2007-02-08,2008-06-17,,34007704385,true,0,0,0,6,31
908851427120196539,STSA1,P2_LEADERSHIP,true,true,OPEN_REVIEW,common,,859319303 859319105,2007-08-13,2013-10-10,MULTIPLE_CUSIPS,34007704385,true,0,0,0,11,32
916254279996296439,SAIH,P2_LEADERSHIP,true,true,OPEN_REVIEW,common,,G89877107 G7852T103 G7852T202,2023-04-26,2023-04-28,MULTIPLE_CUSIPS,34007704385,true,0,0,0,3,3
917092634366057593,AKO.A,P2_LEADERSHIP,false,false,BASE_HYPOTHESIS_NOT_IN_CURRENT_REVIEW_FRONTIER,common,,29081P204,2024-12-20,2024-12-27,,34007704385,true,0,0,0,2,3
918457356765356314,VLP,P2_LEADERSHIP,false,false,BASE_HYPOTHESIS_NOT_IN_CURRENT_REVIEW_FRONTIER,common,,91914J102,2018-10-26,2019-01-09,,34007704385,true,0,0,0,12,49
919973855818665793,MITO,P2_LEADERSHIP,false,false,BASE_HYPOTHESIS_NOT_IN_CURRENT_REVIEW_FRONTIER,common,,85789A105,2021-05-18,2021-06-02,,34007704385,true,0,0,0,3,3
92263063592881485,MFGP,P2_LEADERSHIP,true,true,OPEN_REVIEW,common,,594837304 594837403,2018-03-06,2018-05-09,MULTIPLE_CUSIPS,34007704385,true,0,0,0,13,38
92506667189012807,VSME,P2_LEADERSHIP,true,true,OPEN_REVIEW,common,,G9517U202 G9517U103 G9517U111,2026-06-10,2026-06-16,MULTIPLE_CUSIPS,34007704385,true,0,0,0,5,5
941708849939106534,NMTRQ,P2_LEADERSHIP,true,true,OPEN_REVIEW,common,,654405109 45782F105 654405208 61174L501,2021-01-29,2021-02-26,MULTIPLE_CUSIPS,34007704385,true,0,0,0,11,11
944308282808791062,SPSNQ,P2_LEADERSHIP,false,false,BASE_HYPOTHESIS_NOT_IN_CURRENT_REVIEW_FRONTIER,common,,84649R101,2006-07-05,2007-11-05,,34007704385,true,0,0,0,5,227
945664693593953682,RDA1,P2_LEADERSHIP,false,false,BASE_HYPOTHESIS_NOT_IN_CURRENT_REVIEW_FRONTIER,common,,755267101,2006-11-16,2007-01-22,,34007704385,true,0,0,0,9,39
946325887613166050,LAIXY,P2_LEADERSHIP,true,true,OPEN_REVIEW,common,,50736W105 50736W204,2021-02-05,2021-02-26,MULTIPLE_CUSIPS,34007704385,true,0,0,0,9,9
947414223549154285,LICYF,P2_LEADERSHIP,true,true,OPEN_REVIEW,common,,50202P105 G7008A115 50202P204,2021-09-29,2024-04-08,MULTIPLE_CUSIPS,34007704385,true,0,0,0,16,27
947676634579175833,PPP3,P2_LEADERSHIP,false,false,BASE_HYPOTHESIS_NOT_IN_CURRENT_REVIEW_FRONTIER,common,,730448107,2006-07-05,2007-11-06,,34007704385,true,0,0,0,21,338
953705492274993059,DCOY,P2_LEADERSHIP,true,true,OPEN_REVIEW,common,,33938A105 79400X107 79400X404 79400X305 79400X503 79400X602,2024-08-07,2025-01-16,MULTIPLE_CUSIPS,34007704385,true,0,0,0,2,3
961952998341116022,TUDO,P2_LEADERSHIP,false,false,BASE_HYPOTHESIS_NOT_IN_CURRENT_REVIEW_FRONTIER,common,,89903T107,2012-03-15,2012-04-04,,34007704385,true,0,0,0,15,15
962250613392936001,TRIB,P2_LEADERSHIP,true,true,OPEN_REVIEW,common,,896438306 896438504 896438108,2025-08-14,2025-08-20,MULTIPLE_CUSIPS,34007704385,true,0,0,0,3,3
965251650458029578,AIIXY,P2_LEADERSHIP,true,true,OPEN_REVIEW,common,,009606104 009606203,2010-04-05,2010-06-02,MULTIPLE_CUSIPS,34007704385,true,0,0,0,3,31
969988484821570387,DEVSF,P2_LEADERSHIP,true,true,OPEN_REVIEW,common,,34417L109 251936100 251936209,2025-05-12,2025-05-12,MULTIPLE_CUSIPS,34007704385,true,0,0,0,1,1
970655508723746247,SOBO,P2_LEADERSHIP,false,false,BASE_HYPOTHESIS_NOT_IN_CURRENT_REVIEW_FRONTIER,common,,83671M105,2025-04-14,2026-07-31,,34007704385,true,0,0,0,15,214
971433568129744166,IMVIQ,P2_LEADERSHIP,true,true,OPEN_REVIEW,common,,44974L103 44974L301,2020-07-21,2020-08-05,MULTIPLE_CUSIPS,34007704385,true,0,0,0,6,6
972598569211115872,CHUBB,P2_LEADERSHIP,false,false,BASE_HYPOTHESIS_NOT_IN_CURRENT_REVIEW_FRONTIER,common,,20084V207,2018-03-22,2018-04-03,,34007704385,true,0,0,0,8,8
975472849810027389,DCP1,P2_LEADERSHIP,false,false,BASE_HYPOTHESIS_NOT_IN_CURRENT_REVIEW_FRONTIER,common,,26817C101,2010-04-12,2010-05-20,,34007704385,true,0,0,0,21,29
978208250288467165,CBKCQ,P2_LEADERSHIP,true,true,OPEN_REVIEW,common,,171046105 105658108,2006-11-02,2007-01-17,MULTIPLE_CUSIPS,34007704385,true,0,0,0,3,34
98113004194710344,AZIO,P2_LEADERSHIP,true,true,OPEN_REVIEW,common,,29414V209 00726A100 29414V308 29414V100,2026-01-12,2026-02-04,MULTIPLE_CUSIPS,34007704385,true,0,0,0,14,14
987218777470557287,GMVDF,P2_LEADERSHIP,true,true,OPEN_REVIEW,common,,G39462208 G39462141 G39462125,2022-01-20,2022-02-02,MULTIPLE_CUSIPS,34007704385,true,0,0,0,10,10
988513118366020851,JENGQ,P2_LEADERSHIP,true,true,OPEN_REVIEW,common,,48213W101 48213W408,2020-09-29,2021-03-19,MULTIPLE_CUSIPS,34007704385,true,0,0,0,7,58
991593521948276233,DNK,P2_LEADERSHIP,false,false,BASE_HYPOTHESIS_NOT_IN_CURRENT_REVIEW_FRONTIER,common,,719156101,2020-11-18,2020-12-04,,34007704385,true,0,0,0,7,8
994420303731389213,OAK,P2_LEADERSHIP,false,false,BASE_HYPOTHESIS_NOT_IN_CURRENT_REVIEW_FRONTIER,common,,674001201,2013-05-23,2019-09-27,,34007704385,true,0,0,0,29,268
994753932541300734,HAN,P2_LEADERSHIP,true,true,OPEN_REVIEW,common,,411352404 411349103 411352305,2007-05-16,2007-05-16,MULTIPLE_CUSIPS,34007704385,true,0,0,0,1,1
1001740883460781372,SATA,P3_RANKING_OR_BASE,false,false,BASE_HYPOTHESIS_NOT_IN_CURRENT_REVIEW_FRONTIER,non_common,,862945201,2026-05-15,2026-07-24,,34007704385,true,0,0,0,0,0
1004576637256796388,NEE-PP1,P3_RANKING_OR_BASE,false,false,BASE_HYPOTHESIS_NOT_IN_CURRENT_REVIEW_FRONTIER,non_common,,65339F861,2016-02-24,2016-07-13,,34007704385,true,0,0,0,0,0
1009138292528801099,TRTN-PD,P3_RANKING_OR_BASE,false,false,BASE_HYPOTHESIS_NOT_IN_CURRENT_REVIEW_FRONTIER,non_common,,G9078F206,2024-12-20,2024-12-31,,34007704385,true,0,0,0,0,0
1011057035407581875,STT-PG,P3_RANKING_OR_BASE,false,false,BASE_HYPOTHESIS_NOT_IN_CURRENT_REVIEW_FRONTIER,non_common,,857477855,2024-12-20,2024-12-31,,34007704385,true,0,0,0,0,0
101329981282440400,INN-PF,P3_RANKING_OR_BASE,false,false,BASE_HYPOTHESIS_NOT_IN_CURRENT_REVIEW_FRONTIER,non_common,,866082704,2025-01-07,2025-01-07,,34007704385,true,0,0,0,0,0
1013898987216920348,LILMF,P3_RANKING_OR_BASE,true,true,OPEN_REVIEW,common,,N52586109 G7307X105,2021-10-01,2021-10-04,MULTIPLE_CUSIPS,34007704385,true,0,0,0,0,2
1015724344679503323,GSL1,P3_RANKING_OR_BASE,false,false,BASE_HYPOTHESIS_NOT_IN_CURRENT_REVIEW_FRONTIER,common,,37944Q103,2006-10-17,2006-11-02,,34007704385,true,0,0,0,0,13
101626524673319283,FHN-PF,P3_RANKING_OR_BASE,false,false,BASE_HYPOTHESIS_NOT_IN_CURRENT_REVIEW_FRONTIER,non_common,,320517865,2024-12-20,2024-12-27,,34007704385,true,0,0,0,0,0
1017709036137801004,FHN-PB,P3_RANKING_OR_BASE,false,false,BASE_HYPOTHESIS_NOT_IN_CURRENT_REVIEW_FRONTIER,non_common,,320517501,2024-12-20,2024-12-31,,34007704385,true,0,0,0,0,0
1019479234403084594,BEP,P3_RANKING_OR_BASE,true,true,OPEN_REVIEW,unknown,,G16258108,2020-02-27,2026-07-31,MANUAL_CONFLICT,34007704385,true,0,0,0,0,0
1021547186636167979,CDVIQ,P3_RANKING_OR_BASE,false,false,BASE_HYPOTHESIS_NOT_IN_CURRENT_REVIEW_FRONTIER,common,,12802T101,2009-10-06,2009-10-15,,34007704385,true,0,0,0,0,7
1025007434655290553,VNO-PM,P3_RANKING_OR_BASE,false,false,BASE_HYPOTHESIS_NOT_IN_CURRENT_REVIEW_FRONTIER,non_common,,929042828,2024-12-20,2024-12-27,,34007704385,true,0,0,0,0,0
1027446406957702870,BCH,P3_RANKING_OR_BASE,false,false,BASE_HYPOTHESIS_NOT_IN_CURRENT_REVIEW_FRONTIER,common,,059520106,2026-02-13,2026-04-23,,34007704385,true,0,0,0,0,7
1034941711058221706,MITT-PB,P3_RANKING_OR_BASE,false,false,BASE_HYPOTHESIS_NOT_IN_CURRENT_REVIEW_FRONTIER,non_common,,001228303,2024-12-20,2024-12-31,,34007704385,true,0,0,0,0,0
1038919393884227344,SDLPQ,P3_RANKING_OR_BASE,true,true,OPEN_REVIEW,common,,Y7545W109 Y7545W125,2014-03-28,2014-07-17,MULTIPLE_CUSIPS,34007704385,true,0,0,0,0,17
1042965923684595170,RMP,P3_RANKING_OR_BASE,false,false,BASE_HYPOTHESIS_NOT_IN_CURRENT_REVIEW_FRONTIER,common,,762819100,2017-03-17,2017-07-17,,34007704385,true,0,0,0,0,27
1042995809464795272,MS-PF,P3_RANKING_OR_BASE,false,false,BASE_HYPOTHESIS_NOT_IN_CURRENT_REVIEW_FRONTIER,non_common,,61763E207,2024-12-20,2025-01-21,,34007704385,true,0,0,0,0,0
105533910874245780,SR-PA,P3_RANKING_OR_BASE,false,false,BASE_HYPOTHESIS_NOT_IN_CURRENT_REVIEW_FRONTIER,non_common,,84857L309,2024-12-20,2024-12-31,,34007704385,true,0,0,0,0,0
1060712516175058554,ARR-PC,P3_RANKING_OR_BASE,false,false,BASE_HYPOTHESIS_NOT_IN_CURRENT_REVIEW_FRONTIER,non_common,,042315606,2024-12-20,2024-12-31,,34007704385,true,0,0,0,0,0
1066160137614589315,JTKWY,P3_RANKING_OR_BASE,true,true,OPEN_REVIEW,common,,48214T305 48214T107,2021-12-13,2022-03-11,MULTIPLE_CUSIPS,34007704385,true,0,0,0,0,59
107311135114559739,BW-PA,P3_RANKING_OR_BASE,false,false,BASE_HYPOTHESIS_NOT_IN_CURRENT_REVIEW_FRONTIER,non_common,,05614L407,2024-12-20,2024-12-27,,34007704385,true,0,0,0,0,0
1076506261336540898,TFC-PO,P3_RANKING_OR_BASE,false,false,BASE_HYPOTHESIS_NOT_IN_CURRENT_REVIEW_FRONTIER,non_common,,89832Q745,2024-12-20,2024-12-31,,34007704385,true,0,0,0,0,0
1076678127384770752,F-PD,P3_RANKING_OR_BASE,false,false,BASE_HYPOTHESIS_NOT_IN_CURRENT_REVIEW_FRONTIER,non_common,,345370811,2024-12-20,2024-12-31,,34007704385,true,0,0,0,0,0
1077932594262271774,CIO-PA,P3_RANKING_OR_BASE,false,false,BASE_HYPOTHESIS_NOT_IN_CURRENT_REVIEW_FRONTIER,non_common,,178587200,2024-12-20,2024-12-31,,34007704385,true,0,0,0,0,0
1086191547973282878,FLG-PU,P3_RANKING_OR_BASE,false,false,BASE_HYPOTHESIS_NOT_IN_CURRENT_REVIEW_FRONTIER,non_common,,64944P307,2024-12-20,2025-01-03,,34007704385,true,0,0,0,0,0
1089535014150506203,AVTR-PA,P3_RANKING_OR_BASE,false,false,BASE_HYPOTHESIS_NOT_IN_CURRENT_REVIEW_FRONTIER,non_common,,05352A209,2020-11-06,2022-05-13,,34007704385,true,0,0,0,0,0
1089698460273142770,CWEN.A,P3_RANKING_OR_BASE,true,true,OPEN_REVIEW,common,,18539C105 62942X306,2024-12-20,2024-12-31,MULTIPLE_CUSIPS,34007704385,true,0,0,0,0,4
1090311049747831139,AHL-PE,P3_RANKING_OR_BASE,false,false,BASE_HYPOTHESIS_NOT_IN_CURRENT_REVIEW_FRONTIER,non_common,,G05384204,2024-12-20,2024-12-31,,34007704385,true,0,0,0,0,0
1091680140330175486,PEB-PG,P3_RANKING_OR_BASE,false,false,BASE_HYPOTHESIS_NOT_IN_CURRENT_REVIEW_FRONTIER,non_common,,70509V803,2024-12-20,2024-12-31,,34007704385,true,0,0,0,0,0
1092594788232214414,WES,P3_RANKING_OR_BASE,true,true,OPEN_REVIEW,unknown,,958669103 95825R103,2014-07-01,2026-07-31,MANUAL_CONFLICT;MULTIPLE_CUSIPS,34007704385,true,0,0,0,0,0
1093865446405037869,RTLR,P3_RANKING_OR_BASE,true,true,OPEN_REVIEW,unknown,,75419T103,2022-05-25,2022-06-14,MANUAL_CONFLICT,34007704385,true,0,0,0,0,0
110096824316037150,ARCT1,P3_RANKING_OR_BASE,false,false,BASE_HYPOTHESIS_NOT_IN_CURRENT_REVIEW_FRONTIER,common,,02917L101,2012-08-29,2013-01-22,,34007704385,true,0,0,0,0,97
1104779015977046511,BAC-PB,P3_RANKING_OR_BASE,false,false,BASE_HYPOTHESIS_NOT_IN_CURRENT_REVIEW_FRONTIER,non_common,,060505229,2024-12-20,2024-12-31,,34007704385,true,0,0,0,0,0
110726389677702988,IMPH,P3_RANKING_OR_BASE,true,true,OPEN_REVIEW,common,,45254P508 45254P102 452922107,2007-03-19,2007-03-22,MULTIPLE_CUSIPS,34007704385,true,0,0,0,0,4
1118115652775499706,NEE-PO,P3_RANKING_OR_BASE,true,true,OPEN_REVIEW,non_common,,65339F796 65339F887,2019-09-30,2022-08-31,MULTIPLE_CUSIPS,34007704385,true,0,0,0,0,0
1121616178278915196,RNR-PF,P3_RANKING_OR_BASE,false,false,BASE_HYPOTHESIS_NOT_IN_CURRENT_REVIEW_FRONTIER,non_common,,75968N309,2024-12-20,2024-12-31,,34007704385,true,0,0,0,0,0
1131875876701891614,DLR-PL,P3_RANKING_OR_BASE,false,false,BASE_HYPOTHESIS_NOT_IN_CURRENT_REVIEW_FRONTIER,non_common,,253868822,2024-12-20,2024-12-31,,34007704385,true,0,0,0,0,0
1135488831171257691,JPM-PM,P3_RANKING_OR_BASE,false,false,BASE_HYPOTHESIS_NOT_IN_CURRENT_REVIEW_FRONTIER,non_common,,48128B523,2024-12-20,2025-01-21,,34007704385,true,0,0,0,0,0
1146568536120378291,BNK1,P3_RANKING_OR_BASE,false,false,BASE_HYPOTHESIS_NOT_IN_CURRENT_REVIEW_FRONTIER,common,,87235A101,2006-12-11,2006-12-18,,34007704385,true,0,0,0,0,6
1148177820383038150,EPD,P3_RANKING_OR_BASE,true,true,OPEN_REVIEW,unknown,,293792107,2006-07-05,2026-07-31,MANUAL_CONFLICT,34007704385,true,0,0,0,0,0
1148974212937958737,ADC-PA,P3_RANKING_OR_BASE,false,false,BASE_HYPOTHESIS_NOT_IN_CURRENT_REVIEW_FRONTIER,non_common,,008492209,2025-01-07,2025-01-07,,34007704385,true,0,0,0,0,0
1150190838698548540,LEN.B,P3_RANKING_OR_BASE,false,false,BASE_HYPOTHESIS_NOT_IN_CURRENT_REVIEW_FRONTIER,common,,526057302,2024-12-20,2025-02-05,,34007704385,true,0,0,0,0,28
1150306205356979523,SCE-PK,P3_RANKING_OR_BASE,false,false,BASE_HYPOTHESIS_NOT_IN_CURRENT_REVIEW_FRONTIER,non_common,,78409W201,2024-12-20,2025-01-13,,34007704385,true,0,0,0,0,0
115377071191489978,COF-PL,P3_RANKING_OR_BASE,false,false,BASE_HYPOTHESIS_NOT_IN_CURRENT_REVIEW_FRONTIER,non_common,,14040H758,2024-12-20,2024-12-27,,34007704385,true,0,0,0,0,0
118763700287787213,SHO-PH,P3_RANKING_OR_BASE,false,false,BASE_HYPOTHESIS_NOT_IN_CURRENT_REVIEW_FRONTIER,non_common,,867892804,2024-12-20,2024-12-31,,34007704385,true,0,0,0,0,0
127811604863536651,CTA-PB,P3_RANKING_OR_BASE,false,false,BASE_HYPOTHESIS_NOT_IN_CURRENT_REVIEW_FRONTIER,non_common,,263534307,2024-12-20,2025-01-03,,34007704385,true,0,0,0,0,0
130273293746985748,SEAL-PA,P3_RANKING_OR_BASE,false,false,BASE_HYPOTHESIS_NOT_IN_CURRENT_REVIEW_FRONTIER,non_common,,Y8564M113,2024-12-20,2024-12-31,,34007704385,true,0,0,0,0,0
130413586869077030,EP-PC,P3_RANKING_OR_BASE,false,false,BASE_HYPOTHESIS_NOT_IN_CURRENT_REVIEW_FRONTIER,non_common,,283678209,2024-12-20,2025-01-03,,34007704385,true,0,0,0,0,0
132016358509413852,TPP,P3_RANKING_OR_BASE,false,false,BASE_HYPOTHESIS_NOT_IN_CURRENT_REVIEW_FRONTIER,common,,872384102,2008-09-29,2008-10-01,,34007704385,true,0,0,0,0,3
132672321362575555,FER,P3_RANKING_OR_BASE,true,true,OPEN_REVIEW,common,,N3168P101 315437103,2025-09-08,2026-07-31,MULTIPLE_CUSIPS,34007704385,true,0,0,0,0,226
134130355196555097,SKIL,P3_RANKING_OR_BASE,true,true,OPEN_REVIEW,common,,83066P200 17143G106 83066P309,2020-10-29,2021-02-10,MULTIPLE_CUSIPS,34007704385,true,0,0,0,0,19
137714657591136915,TMPOQ,P3_RANKING_OR_BASE,true,true,OPEN_REVIEW,common,,G0083D120 88024M108,2021-01-28,2021-02-03,MULTIPLE_CUSIPS,34007704385,true,0,0,0,0,5
144899545892841018,KKR-PC,P3_RANKING_OR_BASE,false,false,BASE_HYPOTHESIS_NOT_IN_CURRENT_REVIEW_FRONTIER,non_common,,48251W401,2023-08-18,2023-09-14,,34007704385,true,0,0,0,0,0
146845651130596317,CMLP,P3_RANKING_OR_BASE,true,true,OPEN_REVIEW,common,,226378107 45671U106,2013-10-07,2015-01-02,MULTIPLE_CUSIPS,34007704385,true,0,0,0,0,24
147882909263289208,PSA-PR,P3_RANKING_OR_BASE,false,false,BASE_HYPOTHESIS_NOT_IN_CURRENT_REVIEW_FRONTIER,non_common,,74460W420,2024-12-20,2024-12-27,,34007704385,true,0,0,0,0,0
152641005457040469,JPM-PK,P3_RANKING_OR_BASE,false,false,BASE_HYPOTHESIS_NOT_IN_CURRENT_REVIEW_FRONTIER,non_common,,48128B580,2024-12-20,2025-01-22,,34007704385,true,0,0,0,0,0
153414598251739485,TVIAQ,P3_RANKING_OR_BASE,true,true,OPEN_REVIEW,common,,83415T101 88105A106,2014-03-26,2014-04-10,MULTIPLE_CUSIPS,34007704385,true,0,0,0,0,12
158884963550232521,BDXB,P3_RANKING_OR_BASE,false,false,BASE_HYPOTHESIS_NOT_IN_CURRENT_REVIEW_FRONTIER,non_common,,075887406,2023-05-18,2023-05-31,,34007704385,true,0,0,0,0,0
159591778430987504,MUDS,P3_RANKING_OR_BASE,false,false,BASE_HYPOTHESIS_NOT_IN_CURRENT_REVIEW_FRONTIER,common,,62477L107,2021-06-10,2021-09-16,,34007704385,true,0,0,0,0,29
161168179129897137,LB,P3_RANKING_OR_BASE,true,true,OPEN_REVIEW,unknown,,514952100,2024-12-27,2026-07-29,MANUAL_CONFLICT,34007704385,true,0,0,0,0,0
16195128943405942,APE,P3_RANKING_OR_BASE,false,false,BASE_HYPOTHESIS_NOT_IN_CURRENT_REVIEW_FRONTIER,non_common,,00165C203,2023-02-22,2023-08-24,,34007704385,true,0,0,0,0,0
162389273128008538,NIMC,P3_RANKING_OR_BASE,false,false,BASE_HYPOTHESIS_NOT_IN_CURRENT_REVIEW_FRONTIER,non_common,,65473P121,2023-09-21,2023-11-30,,34007704385,true,0,0,0,0,0
163824126177395427,OPB,P3_RANKING_OR_BASE,false,false,BASE_HYPOTHESIS_NOT_IN_CURRENT_REVIEW_FRONTIER,common,,684000102,2020-02-24,2020-02-25,,34007704385,true,0,0,0,0,2
164092776828562490,ABR-PD,P3_RANKING_OR_BASE,false,false,BASE_HYPOTHESIS_NOT_IN_CURRENT_REVIEW_FRONTIER,non_common,,038923876,2025-01-07,2025-01-07,,34007704385,true,0,0,0,0,0
16582952160392207,TRTN-PB,P3_RANKING_OR_BASE,false,false,BASE_HYPOTHESIS_NOT_IN_CURRENT_REVIEW_FRONTIER,non_common,,G9078F131,2024-12-20,2024-12-31,,34007704385,true,0,0,0,0,0
169684801850084882,ANG-PB,P3_RANKING_OR_BASE,true,true,OPEN_REVIEW,non_common,,025676602 025676867,2024-12-20,2024-12-31,MULTIPLE_CUSIPS,34007704385,true,0,0,0,0,0
171048054878285185,NEE-PP,P3_RANKING_OR_BASE,false,false,BASE_HYPOTHESIS_NOT_IN_CURRENT_REVIEW_FRONTIER,non_common,,65339F770,2020-10-06,2023-02-28,,34007704385,true,0,0,0,0,0
178283235677523687,GROY,P3_RANKING_OR_BASE,false,false,BASE_HYPOTHESIS_NOT_IN_CURRENT_REVIEW_FRONTIER,common,,38071H106,2026-01-30,2026-02-13,,34007704385,true,0,0,0,0,11
182955225748237117,EFC-PB,P3_RANKING_OR_BASE,false,false,BASE_HYPOTHESIS_NOT_IN_CURRENT_REVIEW_FRONTIER,non_common,,28852N307,2024-12-20,2024-12-31,,34007704385,true,0,0,0,0,0
183186680919618334,BOH-PA,P3_RANKING_OR_BASE,false,false,BASE_HYPOTHESIS_NOT_IN_CURRENT_REVIEW_FRONTIER,non_common,,062545207,2024-12-20,2024-12-27,,34007704385,true,0,0,0,0,0
184419715194446203,BC-PA,P3_RANKING_OR_BASE,false,false,BASE_HYPOTHESIS_NOT_IN_CURRENT_REVIEW_FRONTIER,non_common,,117043406,2024-12-20,2024-12-31,,34007704385,true,0,0,0,0,0
188640629095435560,SXTC,P3_RANKING_OR_BASE,true,true,OPEN_REVIEW,common,,G2161P108 G2161P116 G2161P132 G2161P157 G2161P140 G2161P165,2025-04-25,2025-05-19,MULTIPLE_CUSIPS,34007704385,true,0,0,0,0,4
190035449942318931,APTV-PA,P3_RANKING_OR_BASE,false,false,BASE_HYPOTHESIS_NOT_IN_CURRENT_REVIEW_FRONTIER,non_common,,G6095L117,2023-04-27,2023-06-14,,34007704385,true,0,0,0,0,0
192545371416014112,EQM,P3_RANKING_OR_BASE,false,false,BASE_HYPOTHESIS_NOT_IN_CURRENT_REVIEW_FRONTIER,common,,26885B100,2013-07-17,2020-06-16,,34007704385,true,0,0,0,0,0
193287943249750468,CHMI-PA,P3_RANKING_OR_BASE,false,false,BASE_HYPOTHESIS_NOT_IN_CURRENT_REVIEW_FRONTIER,non_common,,164651200,2024-12-20,2024-12-31,,34007704385,true,0,0,0,0,0
193298799855137381,GS-PD,P3_RANKING_OR_BASE,false,false,BASE_HYPOTHESIS_NOT_IN_CURRENT_REVIEW_FRONTIER,non_common,,38144G804,2024-12-20,2024-12-31,,34007704385,true,0,0,0,0,0
193866279693467312,TEN-PE,P3_RANKING_OR_BASE,false,false,BASE_HYPOTHESIS_NOT_IN_CURRENT_REVIEW_FRONTIER,non_common,,G9108L157,2024-12-20,2024-12-31,,34007704385,true,0,0,0,0,0
193916026723534577,HES-PA,P3_RANKING_OR_BASE,false,false,BASE_HYPOTHESIS_NOT_IN_CURRENT_REVIEW_FRONTIER,non_common,,42809H404,2018-10-19,2018-11-13,,34007704385,true,0,0,0,0,0
195825131283606440,GOODN,P3_RANKING_OR_BASE,false,false,BASE_HYPOTHESIS_NOT_IN_CURRENT_REVIEW_FRONTIER,non_common,,376536702,2025-01-07,2025-01-07,,34007704385,true,0,0,0,0,0
198106602123956837,CODI-PA,P3_RANKING_OR_BASE,false,false,BASE_HYPOTHESIS_NOT_IN_CURRENT_REVIEW_FRONTIER,non_common,,20451Q203,2024-12-20,2024-12-31,,34007704385,true,0,0,0,0,0
198390113242719162,CFRXQ,P3_RANKING_OR_BASE,true,true,OPEN_REVIEW,common,,212326300 212326102 212326409 212326201,2023-04-27,2023-04-27,MULTIPLE_CUSIPS,34007704385,true,0,0,0,0,1
202200000063691725,SYCRF,P3_RANKING_OR_BASE,true,true,OPEN_REVIEW,common,,G8649T109 G8018D107,2007-08-02,2007-11-21,MULTIPLE_CUSIPS,34007704385,true,0,0,0,0,42
205841592907575413,DLNG-PA,P3_RANKING_OR_BASE,false,false,BASE_HYPOTHESIS_NOT_IN_CURRENT_REVIEW_FRONTIER,non_common,,Y2188B116,2024-12-20,2024-12-31,,34007704385,true,0,0,0,0,0
208077895302871605,CMS-PC,P3_RANKING_OR_BASE,false,false,BASE_HYPOTHESIS_NOT_IN_CURRENT_REVIEW_FRONTIER,non_common,,125896837,2024-12-20,2024-12-27,,34007704385,true,0,0,0,0,0
208848625388646694,FTV-PA,P3_RANKING_OR_BASE,false,false,BASE_HYPOTHESIS_NOT_IN_CURRENT_REVIEW_FRONTIER,non_common,,34959J207,2021-01-19,2021-06-30,,34007704385,true,0,0,0,0,0
211682184544082223,TWO-PB,P3_RANKING_OR_BASE,false,false,BASE_HYPOTHESIS_NOT_IN_CURRENT_REVIEW_FRONTIER,non_common,,90187B309,2024-12-20,2024-12-31,,34007704385,true,0,0,0,0,0
212663228502152650,DTC1,P3_RANKING_OR_BASE,false,false,BASE_HYPOTHESIS_NOT_IN_CURRENT_REVIEW_FRONTIER,common,,257561100,2007-02-15,2007-03-06,,34007704385,true,0,0,0,0,12
213288548830160799,LXP-PC,P3_RANKING_OR_BASE,false,false,BASE_HYPOTHESIS_NOT_IN_CURRENT_REVIEW_FRONTIER,non_common,,529043309,2025-01-06,2025-01-06,,34007704385,true,0,0,0,0,0
219148212781204259,PSA-PF,P3_RANKING_OR_BASE,false,false,BASE_HYPOTHESIS_NOT_IN_CURRENT_REVIEW_FRONTIER,non_common,,74460W685,2024-12-20,2024-12-31,,34007704385,true,0,0,0,0,0
220411659768400484,SB-PC,P3_RANKING_OR_BASE,false,false,BASE_HYPOTHESIS_NOT_IN_CURRENT_REVIEW_FRONTIER,non_common,,Y7388L129,2024-12-27,2024-12-27,,34007704385,true,0,0,0,0,0
220731528024455668,GHSEQ,P3_RANKING_OR_BASE,false,false,BASE_HYPOTHESIS_NOT_IN_CURRENT_REVIEW_FRONTIER,common,,367348109,2007-08-10,2007-08-14,,34007704385,true,0,0,0,0,3
222473068806416259,BIP-PA,P3_RANKING_OR_BASE,false,false,BASE_HYPOTHESIS_NOT_IN_CURRENT_REVIEW_FRONTIER,non_common,,G16252267,2024-12-20,2024-12-27,,34007704385,true,0,0,0,0,0
224751179412008780,FPAC,P3_RANKING_OR_BASE,false,false,BASE_HYPOTHESIS_NOT_IN_CURRENT_REVIEW_FRONTIER,common,,G3312L103,2021-10-29,2021-11-22,,34007704385,true,0,0,0,0,16
228058489043892858,ANG-PA,P3_RANKING_OR_BASE,true,true,OPEN_REVIEW,non_common,,025676503 025676875,2025-01-07,2025-01-24,MULTIPLE_CUSIPS,34007704385,true,0,0,0,0,0
228207928463147707,ETP,P3_RANKING_OR_BASE,true,true,OPEN_REVIEW,unknown,,29278N103 86764L108,2013-03-15,2018-10-18,MANUAL_CONFLICT;MULTIPLE_CUSIPS,34007704385,true,0,0,0,0,0
228695021441073966,PEB-PE,P3_RANKING_OR_BASE,false,false,BASE_HYPOTHESIS_NOT_IN_CURRENT_REVIEW_FRONTIER,non_common,,70509V605,2024-12-20,2024-12-31,,34007704385,true,0,0,0,0,0
229415771453878278,PSEC-PA,P3_RANKING_OR_BASE,false,false,BASE_HYPOTHESIS_NOT_IN_CURRENT_REVIEW_FRONTIER,non_common,,74348T565,2024-12-20,2024-12-27,,34007704385,true,0,0,0,0,0
229963927054418472,EPR-PE,P3_RANKING_OR_BASE,true,true,OPEN_REVIEW,non_common,,26884U307 29380T600,2024-12-20,2024-12-31,MULTIPLE_CUSIPS,34007704385,true,0,0,0,0,0
230409294907073506,CODI-PC,P3_RANKING_OR_BASE,false,false,BASE_HYPOTHESIS_NOT_IN_CURRENT_REVIEW_FRONTIER,non_common,,20451Q401,2024-12-20,2024-12-31,,34007704385,true,0,0,0,0,0
230485976154984954,PFBC,P3_RANKING_OR_BASE,true,true,OPEN_REVIEW,common,,740367404 740367107,2018-07-10,2018-08-01,MULTIPLE_CUSIPS,34007704385,true,0,0,0,0,16
232112979474058723,BPY,P3_RANKING_OR_BASE,true,true,OPEN_REVIEW,unknown,,G16249107,2014-03-31,2021-07-26,MANUAL_CONFLICT,34007704385,true,0,0,0,0,0
23385560807102756,UMH-PD,P3_RANKING_OR_BASE,false,false,BASE_HYPOTHESIS_NOT_IN_CURRENT_REVIEW_FRONTIER,non_common,,903002509,2024-12-20,2024-12-31,,34007704385,true,0,0,0,0,0
236353628508201014,PMT-PA,P3_RANKING_OR_BASE,false,false,BASE_HYPOTHESIS_NOT_IN_CURRENT_REVIEW_FRONTIER,non_common,,70931T301,2024-12-20,2024-12-31,,34007704385,true,0,0,0,0,0
240205357509685327,CNO-PA,P3_RANKING_OR_BASE,false,false,BASE_HYPOTHESIS_NOT_IN_CURRENT_REVIEW_FRONTIER,non_common,,12621E301,2025-01-07,2025-01-07,,34007704385,true,0,0,0,0,0
241694605179777667,ARGO-PA,P3_RANKING_OR_BASE,true,true,OPEN_REVIEW,non_common,,040128209 040128407,2024-12-20,2024-12-31,MULTIPLE_CUSIPS,34007704385,true,0,0,0,0,0
241773249272800956,EMESQ,P3_RANKING_OR_BASE,true,true,OPEN_REVIEW,unknown,,29102H108,2014-04-24,2016-07-07,MANUAL_CONFLICT,34007704385,true,0,0,0,0,0
247700000947564569,TDS-PU,P3_RANKING_OR_BASE,false,false,BASE_HYPOTHESIS_NOT_IN_CURRENT_REVIEW_FRONTIER,non_common,,879433787,2024-12-20,2024-12-27,,34007704385,true,0,0,0,0,0
258046948374938664,ASTL,P3_RANKING_OR_BASE,true,true,OPEN_REVIEW,common,,015658107 52473X106,2022-07-13,2022-08-22,MULTIPLE_CUSIPS,34007704385,true,0,0,0,0,27
258602409035780463,EPEXQ,P3_RANKING_OR_BASE,false,false,BASE_HYPOTHESIS_NOT_IN_CURRENT_REVIEW_FRONTIER,common,,279862106,2007-02-15,2007-02-21,,34007704385,true,0,0,0,0,4
259816271407458180,NEE-PT,P3_RANKING_OR_BASE,false,false,BASE_HYPOTHESIS_NOT_IN_CURRENT_REVIEW_FRONTIER,non_common,,65339F119,2025-06-25,2026-03-24,,34007704385,true,0,0,0,0,0
261105040577123289,SNV-PE,P3_RANKING_OR_BASE,false,false,BASE_HYPOTHESIS_NOT_IN_CURRENT_REVIEW_FRONTIER,non_common,,87161C709,2024-12-20,2024-12-31,,34007704385,true,0,0,0,0,0
268576851142202975,PMT-PC,P3_RANKING_OR_BASE,false,false,BASE_HYPOTHESIS_NOT_IN_CURRENT_REVIEW_FRONTIER,non_common,,70931T509,2024-12-20,2024-12-27,,34007704385,true,0,0,0,0,0
270907768212940979,VIEWQ,P3_RANKING_OR_BASE,true,true,OPEN_REVIEW,common,,92671V106 15725Q104 92671V304,2021-06-25,2021-07-01,MULTIPLE_CUSIPS,34007704385,true,0,0,0,0,5
274091916848055374,NEE-PR1,P3_RANKING_OR_BASE,false,false,BASE_HYPOTHESIS_NOT_IN_CURRENT_REVIEW_FRONTIER,non_common,,65339F820,2019-01-31,2019-08-30,,34007704385,true,0,0,0,0,0
275062087927273775,GPT2,P3_RANKING_OR_BASE,true,true,OPEN_REVIEW,common,,38489R100 38489R605 384871109,2015-04-14,2015-08-05,MULTIPLE_CUSIPS,34007704385,true,0,0,0,0,42
278856321542165771,CORSQ,P3_RANKING_OR_BASE,true,true,OPEN_REVIEW,common,,220873103 768200107,2006-07-25,2007-03-27,MULTIPLE_CUSIPS,34007704385,true,0,0,0,0,36
280616233060525424,JPM-PC,P3_RANKING_OR_BASE,false,false,BASE_HYPOTHESIS_NOT_IN_CURRENT_REVIEW_FRONTIER,non_common,,48128B648,2024-12-20,2025-01-21,,34007704385,true,0,0,0,0,0
280922830550143604,PSA-PN,P3_RANKING_OR_BASE,false,false,BASE_HYPOTHESIS_NOT_IN_CURRENT_REVIEW_FRONTIER,non_common,,74460W511,2024-12-20,2024-12-27,,34007704385,true,0,0,0,0,0
284710073321041544,AGM-PG,P3_RANKING_OR_BASE,false,false,BASE_HYPOTHESIS_NOT_IN_CURRENT_REVIEW_FRONTIER,non_common,,313148835,2024-12-20,2024-12-31,,34007704385,true,0,0,0,0,0
288575318600382568,BA-PA,P3_RANKING_OR_BASE,false,false,BASE_HYPOTHESIS_NOT_IN_CURRENT_REVIEW_FRONTIER,non_common,,097023204,2025-05-12,2026-07-31,,34007704385,true,0,0,0,0,0
291016485604874227,WCC-PA,P3_RANKING_OR_BASE,false,false,BASE_HYPOTHESIS_NOT_IN_CURRENT_REVIEW_FRONTIER,non_common,,95082P303,2024-12-20,2024-12-31,,34007704385,true,0,0,0,0,0
29214485616450513,PSA-PL,P3_RANKING_OR_BASE,false,false,BASE_HYPOTHESIS_NOT_IN_CURRENT_REVIEW_FRONTIER,non_common,,74460W552,2024-12-20,2024-12-31,,34007704385,true,0,0,0,0,0
298103407708413722,KEY-PJ,P3_RANKING_OR_BASE,false,false,BASE_HYPOTHESIS_NOT_IN_CURRENT_REVIEW_FRONTIER,non_common,,493267876,2025-01-07,2025-01-07,,34007704385,true,0,0,0,0,0
299712706490312370,GRI,P3_RANKING_OR_BASE,true,true,OPEN_REVIEW,common,,92023M101 3622AW304 3622AW106 3622AW403 3622AW205 3622AW502,2022-04-22,2022-04-25,MULTIPLE_CUSIPS,34007704385,true,0,0,0,0,2
300876719781204749,TOWN,P3_RANKING_OR_BASE,false,false,BASE_HYPOTHESIS_NOT_IN_CURRENT_REVIEW_FRONTIER,common,,89214P109,2026-02-10,2026-07-31,,34007704385,true,0,0,0,0,55
305165639997031333,GNL-PD,P3_RANKING_OR_BASE,false,false,BASE_HYPOTHESIS_NOT_IN_CURRENT_REVIEW_FRONTIER,non_common,,379378508,2025-01-07,2025-01-07,,34007704385,true,0,0,0,0,0
307516750015300756,CLBR.U2,P3_RANKING_OR_BASE,false,false,BASE_HYPOTHESIS_NOT_IN_CURRENT_REVIEW_FRONTIER,common,,G2283U126,2024-12-20,2024-12-20,,34007704385,true,0,0,0,0,1
308408800967172578,MDV-PA,P3_RANKING_OR_BASE,false,false,BASE_HYPOTHESIS_NOT_IN_CURRENT_REVIEW_FRONTIER,non_common,,60784B200,2024-12-20,2024-12-31,,34007704385,true,0,0,0,0,0
310036534683428806,SHG,P3_RANKING_OR_BASE,false,false,BASE_HYPOTHESIS_NOT_IN_CURRENT_REVIEW_FRONTIER,common,,824596100,2026-03-04,2026-07-16,,34007704385,true,0,0,0,0,37
314879719790731802,ACR-PD,P3_RANKING_OR_BASE,false,false,BASE_HYPOTHESIS_NOT_IN_CURRENT_REVIEW_FRONTIER,non_common,,00489Q300,2024-12-20,2024-12-31,,34007704385,true,0,0,0,0,0
321744337792549713,ALR-PB,P3_RANKING_OR_BASE,false,false,BASE_HYPOTHESIS_NOT_IN_CURRENT_REVIEW_FRONTIER,non_common,,01449J204,2017-04-20,2017-06-30,,34007704385,true,0,0,0,0,0
325712362609801309,ATH-PC,P3_RANKING_OR_BASE,false,false,BASE_HYPOTHESIS_NOT_IN_CURRENT_REVIEW_FRONTIER,non_common,,04686J309,2024-12-20,2025-01-08,,34007704385,true,0,0,0,0,0
328137251177807216,USB-PA,P3_RANKING_OR_BASE,false,false,BASE_HYPOTHESIS_NOT_IN_CURRENT_REVIEW_FRONTIER,non_common,,902973866,2024-12-20,2025-01-06,,34007704385,true,0,0,0,0,0
334330264318981715,NEE-PR,P3_RANKING_OR_BASE,false,false,BASE_HYPOTHESIS_NOT_IN_CURRENT_REVIEW_FRONTIER,non_common,,65339F713,2023-07-31,2025-08-29,,34007704385,true,0,0,0,0,0
339058803650170465,PCG-PX,P3_RANKING_OR_BASE,false,false,BASE_HYPOTHESIS_NOT_IN_CURRENT_REVIEW_FRONTIER,non_common,,69331C306,2025-11-11,2025-11-25,,34007704385,true,0,0,0,0,0
34760596853588945,AHT-PI,P3_RANKING_OR_BASE,false,false,BASE_HYPOTHESIS_NOT_IN_CURRENT_REVIEW_FRONTIER,non_common,,044103885,2024-12-20,2024-12-27,,34007704385,true,0,0,0,0,0
349337345909475297,FTRPR,P3_RANKING_OR_BASE,false,false,BASE_HYPOTHESIS_NOT_IN_CURRENT_REVIEW_FRONTIER,non_common,,35906A207,2016-03-04,2016-03-22,,34007704385,true,0,0,0,0,0
357248193835882052,ABR-PE,P3_RANKING_OR_BASE,false,false,BASE_HYPOTHESIS_NOT_IN_CURRENT_REVIEW_FRONTIER,non_common,,038923868,2024-12-20,2024-12-27,,34007704385,true,0,0,0,0,0
366078383527079218,ETI-P,P3_RANKING_OR_BASE,false,false,BASE_HYPOTHESIS_NOT_IN_CURRENT_REVIEW_FRONTIER,non_common,,29365T302,2024-12-20,2024-12-31,,34007704385,true,0,0,0,0,0
37118771584616449,WBS-PG,P3_RANKING_OR_BASE,false,false,BASE_HYPOTHESIS_NOT_IN_CURRENT_REVIEW_FRONTIER,non_common,,947890703,2025-01-07,2025-01-07,,34007704385,true,0,0,0,0,0
375589685084381154,F-PB,P3_RANKING_OR_BASE,false,false,BASE_HYPOTHESIS_NOT_IN_CURRENT_REVIEW_FRONTIER,non_common,,345370845,2024-12-20,2024-12-31,,34007704385,true,0,0,0,0,0
391908814644765747,CCI-PA,P3_RANKING_OR_BASE,true,true,OPEN_REVIEW,non_common,,22822V309 22822V200 228227500,2018-10-19,2020-07-31,MULTIPLE_CUSIPS,34007704385,true,0,0,0,0,0
392811967024404493,SYF-PB,P3_RANKING_OR_BASE,false,false,BASE_HYPOTHESIS_NOT_IN_CURRENT_REVIEW_FRONTIER,non_common,,87165B400,2024-12-20,2024-12-31,,34007704385,true,0,0,0,0,0
395348068723671787,PSA-PP,P3_RANKING_OR_BASE,false,false,BASE_HYPOTHESIS_NOT_IN_CURRENT_REVIEW_FRONTIER,non_common,,74460W461,2024-12-20,2024-12-27,,34007704385,true,0,0,0,0,0
395646217722986226,CFG-PH,P3_RANKING_OR_BASE,false,false,BASE_HYPOTHESIS_NOT_IN_CURRENT_REVIEW_FRONTIER,non_common,,174610600,2024-12-20,2024-12-31,,34007704385,true,0,0,0,0,0
397172774526346028,NCV-PA,P3_RANKING_OR_BASE,true,true,OPEN_REVIEW,non_common,,018828707 92838X706,2024-12-20,2024-12-31,MULTIPLE_CUSIPS,34007704385,true,0,0,0,0,0
407122925628987365,TFC-PI,P3_RANKING_OR_BASE,false,false,BASE_HYPOTHESIS_NOT_IN_CURRENT_REVIEW_FRONTIER,non_common,,89832Q810,2024-12-20,2024-12-31,,34007704385,true,0,0,0,0,0
413937102458277703,CMS-PB,P3_RANKING_OR_BASE,false,false,BASE_HYPOTHESIS_NOT_IN_CURRENT_REVIEW_FRONTIER,non_common,,210518304,2025-01-06,2025-01-06,,34007704385,true,0,0,0,0,0
415109541698241586,NGL-PC,P3_RANKING_OR_BASE,false,false,BASE_HYPOTHESIS_NOT_IN_CURRENT_REVIEW_FRONTIER,non_common,,62913M305,2024-12-20,2024-12-31,,34007704385,true,0,0,0,0,0
417782574286469925,EXEEW,P3_RANKING_OR_BASE,false,false,BASE_HYPOTHESIS_NOT_IN_CURRENT_REVIEW_FRONTIER,non_common,,165167164,2022-08-18,2022-08-30,,34007704385,true,0,0,0,0,0
420287026268986271,WTRU,P3_RANKING_OR_BASE,true,true,OPEN_REVIEW,non_common,,29670G201 03836W202,2019-11-06,2019-11-07,MULTIPLE_CUSIPS,34007704385,true,0,0,0,0,0
42088421871345270,NBLX,P3_RANKING_OR_BASE,false,false,BASE_HYPOTHESIS_NOT_IN_CURRENT_REVIEW_FRONTIER,common,,65506L105,2021-03-05,2021-03-05,,34007704385,true,0,0,0,0,1
425299786663277878,TGP,P3_RANKING_OR_BASE,false,false,BASE_HYPOTHESIS_NOT_IN_CURRENT_REVIEW_FRONTIER,common,,Y8564M105,2021-10-11,2021-11-17,,34007704385,true,0,0,0,0,28
438563168674030392,WRB-PE,P3_RANKING_OR_BASE,false,false,BASE_HYPOTHESIS_NOT_IN_CURRENT_REVIEW_FRONTIER,non_common,,084423706,2024-12-20,2024-12-31,,34007704385,true,0,0,0,0,0
447867654710084863,VNRSQ,P3_RANKING_OR_BASE,false,false,BASE_HYPOTHESIS_NOT_IN_CURRENT_REVIEW_FRONTIER,common,,92205F106,2012-09-18,2015-01-15,,34007704385,true,0,0,0,0,102
450023743647308514,GMLP,P3_RANKING_OR_BASE,false,false,BASE_HYPOTHESIS_NOT_IN_CURRENT_REVIEW_FRONTIER,common,,Y2745C102,2015-01-28,2015-02-05,,34007704385,true,0,0,0,0,6
450075566409889078,BIP,P3_RANKING_OR_BASE,true,true,OPEN_REVIEW,unknown,,G16252101,2013-05-08,2026-07-31,MANUAL_CONFLICT,34007704385,true,0,0,0,0,0
454657458026510114,DHR-PA,P3_RANKING_OR_BASE,false,false,BASE_HYPOTHESIS_NOT_IN_CURRENT_REVIEW_FRONTIER,non_common,,235851300,2019-11-13,2022-04-14,,34007704385,true,0,0,0,0,0
456281708410420371,GLP,P3_RANKING_OR_BASE,false,false,BASE_HYPOTHESIS_NOT_IN_CURRENT_REVIEW_FRONTIER,common,,37946R109,2023-12-15,2024-01-02,,34007704385,true,0,0,0,0,9
46002262567735110,HPE-PC,P3_RANKING_OR_BASE,false,false,BASE_HYPOTHESIS_NOT_IN_CURRENT_REVIEW_FRONTIER,non_common,,42824C208,2025-11-12,2026-07-28,,34007704385,true,0,0,0,0,0
469307044777095807,PSA-PJ,P3_RANKING_OR_BASE,false,false,BASE_HYPOTHESIS_NOT_IN_CURRENT_REVIEW_FRONTIER,non_common,,74460W594,2024-12-20,2024-12-31,,34007704385,true,0,0,0,0,0
473799979873841878,STRK,P3_RANKING_OR_BASE,false,false,BASE_HYPOTHESIS_NOT_IN_CURRENT_REVIEW_FRONTIER,non_common,,594972887,2025-08-08,2025-12-12,,34007704385,true,0,0,0,0,0
475267655650432999,HGGGQ,P3_RANKING_OR_BASE,false,false,BASE_HYPOTHESIS_NOT_IN_CURRENT_REVIEW_FRONTIER,common,,42833L108,2010-06-15,2010-06-24,,34007704385,true,0,0,0,0,8
480978173902737169,MKC.V,P3_RANKING_OR_BASE,false,false,BASE_HYPOTHESIS_NOT_IN_CURRENT_REVIEW_FRONTIER,common,,579780107,2024-12-30,2025-01-06,,34007704385,true,0,0,0,0,2
494080213499901728,LGCYQ,P3_RANKING_OR_BASE,true,true,OPEN_REVIEW,common,,524707304 524706108,2014-10-15,2014-10-30,MULTIPLE_CUSIPS,34007704385,true,0,0,0,0,12
495108778352673289,QMNDQ,P3_RANKING_OR_BASE,false,false,BASE_HYPOTHESIS_NOT_IN_CURRENT_REVIEW_FRONTIER,common,,746904101,2007-02-09,2007-10-18,,34007704385,true,0,0,0,0,27
500877617364289670,KIM-PN,P3_RANKING_OR_BASE,false,false,BASE_HYPOTHESIS_NOT_IN_CURRENT_REVIEW_FRONTIER,non_common,,49446R687,2025-01-06,2025-01-06,,34007704385,true,0,0,0,0,0
501767957909239876,WELL-PI,P3_RANKING_OR_BASE,false,false,BASE_HYPOTHESIS_NOT_IN_CURRENT_REVIEW_FRONTIER,non_common,,95040Q203,2019-02-20,2019-02-27,,34007704385,true,0,0,0,0,0
501832514790805608,CENTA,P3_RANKING_OR_BASE,false,false,BASE_HYPOTHESIS_NOT_IN_CURRENT_REVIEW_FRONTIER,common,,153527205,2018-08-16,2018-09-06,,34007704385,true,0,0,0,0,15
504411149201818519,BHR-PD,P3_RANKING_OR_BASE,false,false,BASE_HYPOTHESIS_NOT_IN_CURRENT_REVIEW_FRONTIER,non_common,,10482B309,2024-12-20,2024-12-27,,34007704385,true,0,0,0,0,0
504627631217200544,INN-PE,P3_RANKING_OR_BASE,false,false,BASE_HYPOTHESIS_NOT_IN_CURRENT_REVIEW_FRONTIER,non_common,,866082605,2024-12-20,2024-12-31,,34007704385,true,0,0,0,0,0
50755768144277500,DCUC,P3_RANKING_OR_BASE,false,false,BASE_HYPOTHESIS_NOT_IN_CURRENT_REVIEW_FRONTIER,non_common,,25746U869,2017-06-23,2017-06-30,,34007704385,true,0,0,0,0,0
50829987639813436,RJETQ,P3_RANKING_OR_BASE,false,false,BASE_HYPOTHESIS_NOT_IN_CURRENT_REVIEW_FRONTIER,common,,760276105,2015-08-07,2015-08-24,,34007704385,true,0,0,0,0,8
50973378091246684,GLOP-PA,P3_RANKING_OR_BASE,false,false,BASE_HYPOTHESIS_NOT_IN_CURRENT_REVIEW_FRONTIER,non_common,,Y2687W116,2025-01-07,2025-01-07,,34007704385,true,0,0,0,0,0
522015756827376997,BC-PC,P3_RANKING_OR_BASE,false,false,BASE_HYPOTHESIS_NOT_IN_CURRENT_REVIEW_FRONTIER,non_common,,117043604,2024-12-20,2024-12-31,,34007704385,true,0,0,0,0,0
527027326573345795,ES1,P3_RANKING_OR_BASE,false,false,BASE_HYPOTHESIS_NOT_IN_CURRENT_REVIEW_FRONTIER,common,,292756202,2008-07-25,2010-03-18,,34007704385,true,0,0,0,0,37
531357606819102704,KEY-PK,P3_RANKING_OR_BASE,false,false,BASE_HYPOTHESIS_NOT_IN_CURRENT_REVIEW_FRONTIER,non_common,,493267868,2024-12-20,2024-12-31,,34007704385,true,0,0,0,0,0
53340785654976967,BKUNQ,P3_RANKING_OR_BASE,false,false,BASE_HYPOTHESIS_NOT_IN_CURRENT_REVIEW_FRONTIER,common,,06652B103,2006-08-11,2007-10-30,,34007704385,true,0,0,0,0,175
534005804985681589,AIFU,P3_RANKING_OR_BASE,true,true,OPEN_REVIEW,common,,30712A103 18976M103 G3314G110 G3314G128,2010-11-23,2011-01-04,MULTIPLE_CUSIPS,34007704385,true,0,0,0,0,28
535688751480572955,CIM-PA,P3_RANKING_OR_BASE,false,false,BASE_HYPOTHESIS_NOT_IN_CURRENT_REVIEW_FRONTIER,non_common,,16934Q307,2024-12-20,2024-12-31,,34007704385,true,0,0,0,0,0
53976981590670271,WAL-PA,P3_RANKING_OR_BASE,false,false,BASE_HYPOTHESIS_NOT_IN_CURRENT_REVIEW_FRONTIER,non_common,,957638406,2025-01-07,2025-01-07,,34007704385,true,0,0,0,0,0
541895769889235080,GBBK1,P3_RANKING_OR_BASE,false,false,BASE_HYPOTHESIS_NOT_IN_CURRENT_REVIEW_FRONTIER,common,,391648102,2007-05-04,2007-09-28,,34007704385,true,0,0,0,0,58
543775296134075344,AMT-PB,P3_RANKING_OR_BASE,false,false,BASE_HYPOTHESIS_NOT_IN_CURRENT_REVIEW_FRONTIER,non_common,,03027X407,2018-01-23,2018-02-14,,34007704385,true,0,0,0,0,0
544054001796666515,SRE-PA,P3_RANKING_OR_BASE,false,false,BASE_HYPOTHESIS_NOT_IN_CURRENT_REVIEW_FRONTIER,non_common,,816851406,2018-07-18,2021-01-14,,34007704385,true,0,0,0,0,0
545166089450850174,GGT-PE,P3_RANKING_OR_BASE,false,false,BASE_HYPOTHESIS_NOT_IN_CURRENT_REVIEW_FRONTIER,non_common,,36239Q505,2025-01-07,2025-01-07,,34007704385,true,0,0,0,0,0
551585671305244475,PLM,P3_RANKING_OR_BASE,true,true,OPEN_REVIEW,common,,731916102 731916409,2020-09-04,2020-09-28,MULTIPLE_CUSIPS,34007704385,true,0,0,0,0,8
553845370807353319,DCUD,P3_RANKING_OR_BASE,false,false,BASE_HYPOTHESIS_NOT_IN_CURRENT_REVIEW_FRONTIER,non_common,,25746U836,2019-06-11,2019-08-14,,34007704385,true,0,0,0,0,0
559370808365230212,BAC-PP,P3_RANKING_OR_BASE,false,false,BASE_HYPOTHESIS_NOT_IN_CURRENT_REVIEW_FRONTIER,non_common,,06055H608,2024-12-20,2024-12-27,,34007704385,true,0,0,0,0,0
56445435059695878,NEE-PN,P3_RANKING_OR_BASE,false,false,BASE_HYPOTHESIS_NOT_IN_CURRENT_REVIEW_FRONTIER,non_common,,65339K860,2024-12-20,2024-12-31,,34007704385,true,0,0,0,0,0
56537395520263502,WFC-PD,P3_RANKING_OR_BASE,false,false,BASE_HYPOTHESIS_NOT_IN_CURRENT_REVIEW_FRONTIER,non_common,,95002Y400,2024-12-20,2024-12-27,,34007704385,true,0,0,0,0,0
568221938537238327,DLR-PJ,P3_RANKING_OR_BASE,false,false,BASE_HYPOTHESIS_NOT_IN_CURRENT_REVIEW_FRONTIER,non_common,,253868855,2024-12-20,2024-12-31,,34007704385,true,0,0,0,0,0
568476122017351108,SLMBP,P3_RANKING_OR_BASE,false,false,BASE_HYPOTHESIS_NOT_IN_CURRENT_REVIEW_FRONTIER,non_common,,78442P502,2025-01-06,2025-01-07,,34007704385,true,0,0,0,0,0
57044006746155268,ODTC,P3_RANKING_OR_BASE,true,true,OPEN_REVIEW,common,,676079106 676079205 676079304,2021-04-07,2021-04-22,MULTIPLE_CUSIPS,34007704385,true,0,0,0,0,6
571208301078398547,EQH-PC,P3_RANKING_OR_BASE,false,false,BASE_HYPOTHESIS_NOT_IN_CURRENT_REVIEW_FRONTIER,non_common,,29452E408,2025-01-07,2025-01-07,,34007704385,true,0,0,0,0,0
573334416567070947,BAC-PE,P3_RANKING_OR_BASE,false,false,BASE_HYPOTHESIS_NOT_IN_CURRENT_REVIEW_FRONTIER,non_common,,060505815,2025-01-07,2025-01-07,,34007704385,true,0,0,0,0,0
573707349573333169,CLLS,P3_RANKING_OR_BASE,false,false,BASE_HYPOTHESIS_NOT_IN_CURRENT_REVIEW_FRONTIER,common,,15117K103,2018-04-10,2018-04-19,,34007704385,true,0,0,0,0,5
577412018394794861,BAC-PL,P3_RANKING_OR_BASE,false,false,BASE_HYPOTHESIS_NOT_IN_CURRENT_REVIEW_FRONTIER,non_common,,060505682,2016-07-13,2026-02-11,,34007704385,true,0,0,0,0,0
586642095423723846,DCUE,P3_RANKING_OR_BASE,false,false,BASE_HYPOTHESIS_NOT_IN_CURRENT_REVIEW_FRONTIER,non_common,,25746U133,2020-03-19,2022-05-31,,34007704385,true,0,0,0,0,0
589402856067903257,ATH-PE,P3_RANKING_OR_BASE,false,false,BASE_HYPOTHESIS_NOT_IN_CURRENT_REVIEW_FRONTIER,non_common,,04686J507,2024-12-20,2024-12-31,,34007704385,true,0,0,0,0,0
594375899412839729,BAC-PN,P3_RANKING_OR_BASE,false,false,BASE_HYPOTHESIS_NOT_IN_CURRENT_REVIEW_FRONTIER,non_common,,06055H202,2024-12-20,2024-12-31,,34007704385,true,0,0,0,0,0
607033349837235157,MMP,P3_RANKING_OR_BASE,true,true,OPEN_REVIEW,unknown,,559080106 969491109,2010-05-24,2023-09-22,MANUAL_CONFLICT;MULTIPLE_CUSIPS,34007704385,true,0,0,0,0,0
607554992293250357,VNO-PO,P3_RANKING_OR_BASE,false,false,BASE_HYPOTHESIS_NOT_IN_CURRENT_REVIEW_FRONTIER,non_common,,929042794,2024-12-20,2024-12-27,,34007704385,true,0,0,0,0,0
617040386748586899,QRE,P3_RANKING_OR_BASE,false,false,BASE_HYPOTHESIS_NOT_IN_CURRENT_REVIEW_FRONTIER,common,,74734R108,2012-04-18,2012-05-09,,34007704385,true,0,0,0,0,15
617640626457680929,STRF,P3_RANKING_OR_BASE,false,false,BASE_HYPOTHESIS_NOT_IN_CURRENT_REVIEW_FRONTIER,non_common,,594972879,2025-11-19,2026-07-16,,34007704385,true,0,0,0,0,0
617710753658251104,BFS-PE,P3_RANKING_OR_BASE,false,false,BASE_HYPOTHESIS_NOT_IN_CURRENT_REVIEW_FRONTIER,non_common,,804395879,2024-12-20,2024-12-31,,34007704385,true,0,0,0,0,0
626381974061234268,SPG-PJ,P3_RANKING_OR_BASE,false,false,BASE_HYPOTHESIS_NOT_IN_CURRENT_REVIEW_FRONTIER,non_common,,828806885,2024-12-20,2025-01-03,,34007704385,true,0,0,0,0,0
630904384304033582,KIM-PM,P3_RANKING_OR_BASE,false,false,BASE_HYPOTHESIS_NOT_IN_CURRENT_REVIEW_FRONTIER,non_common,,49446R711,2024-12-20,2024-12-31,,34007704385,true,0,0,0,0,0
639821035856559974,DBRG-PI,P3_RANKING_OR_BASE,true,true,OPEN_REVIEW,non_common,,19625W872 19626G603 25401T405,2024-12-20,2024-12-31,MULTIPLE_CUSIPS,34007704385,true,0,0,0,0,0
644760561666217958,KKR-PD,P3_RANKING_OR_BASE,false,false,BASE_HYPOTHESIS_NOT_IN_CURRENT_REVIEW_FRONTIER,non_common,,48251W500,2026-01-14,2026-03-24,,34007704385,true,0,0,0,0,0
648373417461465308,WPZ,P3_RANKING_OR_BASE,true,true,OPEN_REVIEW,unknown,,96949L105 00434L109 16524K108,2012-02-10,2018-08-09,MANUAL_CONFLICT;MULTIPLE_CUSIPS,34007704385,true,0,0,0,0,0
648904847475652130,ELP,P3_RANKING_OR_BASE,true,true,OPEN_REVIEW,common,,20441B407 20441B605 20441B308,2011-08-05,2021-04-20,MULTIPLE_CUSIPS,34007704385,true,0,0,0,0,21
649134251848475903,OCR-PB,P3_RANKING_OR_BASE,false,false,BASE_HYPOTHESIS_NOT_IN_CURRENT_REVIEW_FRONTIER,non_common,,68214Q200,2015-09-15,2015-09-15,,34007704385,true,0,0,0,0,0
655120584476787426,GAME1,P3_RANKING_OR_BASE,false,false,BASE_HYPOTHESIS_NOT_IN_CURRENT_REVIEW_FRONTIER,common,,81941U105,2010-03-29,2010-03-29,,34007704385,true,0,0,0,0,1
656564220161501510,CLDT-PA,P3_RANKING_OR_BASE,false,false,BASE_HYPOTHESIS_NOT_IN_CURRENT_REVIEW_FRONTIER,non_common,,16208T201,2024-12-20,2024-12-31,,34007704385,true,0,0,0,0,0
659292935327556974,WFC-PL,P3_RANKING_OR_BASE,false,false,BASE_HYPOTHESIS_NOT_IN_CURRENT_REVIEW_FRONTIER,non_common,,949746804,2016-01-08,2025-02-03,,34007704385,true,0,0,0,0,0
659381029536445615,AGM-PF,P3_RANKING_OR_BASE,false,false,BASE_HYPOTHESIS_NOT_IN_CURRENT_REVIEW_FRONTIER,non_common,,313148843,2025-01-07,2025-01-07,,34007704385,true,0,0,0,0,0
659904572534375840,BPYPO,P3_RANKING_OR_BASE,false,false,BASE_HYPOTHESIS_NOT_IN_CURRENT_REVIEW_FRONTIER,non_common,,G16249156,2024-12-31,2025-01-06,,34007704385,true,0,0,0,0,0
660775180785162325,VALE-P,P3_RANKING_OR_BASE,false,false,BASE_HYPOTHESIS_NOT_IN_CURRENT_REVIEW_FRONTIER,non_common,,91912E204,2015-03-24,2017-11-24,,34007704385,true,0,0,0,0,0
66705514527241323,CODI-PB,P3_RANKING_OR_BASE,false,false,BASE_HYPOTHESIS_NOT_IN_CURRENT_REVIEW_FRONTIER,non_common,,20451Q302,2025-01-07,2025-01-07,,34007704385,true,0,0,0,0,0
669415793866270395,PSO,P3_RANKING_OR_BASE,false,false,BASE_HYPOTHESIS_NOT_IN_CURRENT_REVIEW_FRONTIER,common,,705015105,2015-06-11,2015-11-25,,34007704385,true,0,0,0,0,53
670388411531397074,KAHC,P3_RANKING_OR_BASE,false,false,BASE_HYPOTHESIS_NOT_IN_CURRENT_REVIEW_FRONTIER,common,,48253T109,2022-11-08,2022-11-15,,34007704385,true,0,0,0,0,4
673960762033623467,AVGOP,P3_RANKING_OR_BASE,false,false,BASE_HYPOTHESIS_NOT_IN_CURRENT_REVIEW_FRONTIER,non_common,,11135F200,2020-04-06,2022-09-29,,34007704385,true,0,0,0,0,0
67578046530493842,GTLS-PB,P3_RANKING_OR_BASE,false,false,BASE_HYPOTHESIS_NOT_IN_CURRENT_REVIEW_FRONTIER,non_common,,16115Q407,2024-12-20,2025-08-25,,34007704385,true,0,0,0,0,0
680922582804476529,USB-PR,P3_RANKING_OR_BASE,false,false,BASE_HYPOTHESIS_NOT_IN_CURRENT_REVIEW_FRONTIER,non_common,,902973718,2024-12-20,2024-12-27,,34007704385,true,0,0,0,0,0
681659263998484429,CUBI-PE,P3_RANKING_OR_BASE,false,false,BASE_HYPOTHESIS_NOT_IN_CURRENT_REVIEW_FRONTIER,non_common,,23204G605,2024-12-20,2024-12-31,,34007704385,true,0,0,0,0,0
683356347380479730,COF-PN,P3_RANKING_OR_BASE,false,false,BASE_HYPOTHESIS_NOT_IN_CURRENT_REVIEW_FRONTIER,non_common,,14040H733,2024-12-20,2024-12-27,,34007704385,true,0,0,0,0,0
690028600996677943,BHFAP,P3_RANKING_OR_BASE,false,false,BASE_HYPOTHESIS_NOT_IN_CURRENT_REVIEW_FRONTIER,non_common,,10922N301,2024-12-31,2025-01-06,,34007704385,true,0,0,0,0,0
69349221909449007,AHT-PG,P3_RANKING_OR_BASE,false,false,BASE_HYPOTHESIS_NOT_IN_CURRENT_REVIEW_FRONTIER,non_common,,044103703,2024-12-20,2024-12-27,,34007704385,true,0,0,0,0,0
694809583450267564,MAA-PI,P3_RANKING_OR_BASE,false,false,BASE_HYPOTHESIS_NOT_IN_CURRENT_REVIEW_FRONTIER,non_common,,59522J889,2024-12-23,2025-01-03,,34007704385,true,0,0,0,0,0
695746431838460455,AGM.A,P3_RANKING_OR_BASE,false,false,BASE_HYPOTHESIS_NOT_IN_CURRENT_REVIEW_FRONTIER,common,,313148108,2024-12-20,2025-01-03,,34007704385,true,0,0,0,0,3
696787103388299117,APO-PA,P3_RANKING_OR_BASE,false,false,BASE_HYPOTHESIS_NOT_IN_CURRENT_REVIEW_FRONTIER,non_common,,03769M304,2024-10-01,2026-07-30,,34007704385,true,0,0,0,0,0
699816038166249301,FLG-PA,P3_RANKING_OR_BASE,false,false,BASE_HYPOTHESIS_NOT_IN_CURRENT_REVIEW_FRONTIER,non_common,,649445202,2024-12-20,2024-12-31,,34007704385,true,0,0,0,0,0
701517959598330419,AHL-PC,P3_RANKING_OR_BASE,false,false,BASE_HYPOTHESIS_NOT_IN_CURRENT_REVIEW_FRONTIER,non_common,,G05384154,2024-12-20,2024-12-31,,34007704385,true,0,0,0,0,0
702466329100516472,LOMA,P3_RANKING_OR_BASE,false,false,BASE_HYPOTHESIS_NOT_IN_CURRENT_REVIEW_FRONTIER,common,,54150E104,2018-05-25,2018-06-05,,34007704385,true,0,0,0,0,6
713498958135769484,WY-PA,P3_RANKING_OR_BASE,false,false,BASE_HYPOTHESIS_NOT_IN_CURRENT_REVIEW_FRONTIER,non_common,,962166872,2016-06-30,2016-06-30,,34007704385,true,0,0,0,0,0
713735260507256522,RITM-PB,P3_RANKING_OR_BASE,false,false,BASE_HYPOTHESIS_NOT_IN_CURRENT_REVIEW_FRONTIER,non_common,,64828T409,2024-12-20,2024-12-31,,34007704385,true,0,0,0,0,0
714791297418032083,SPLP-PA,P3_RANKING_OR_BASE,false,false,BASE_HYPOTHESIS_NOT_IN_CURRENT_REVIEW_FRONTIER,non_common,,85814R206,2024-12-20,2024-12-31,,34007704385,true,0,0,0,0,0
71657778659126578,GTN.A,P3_RANKING_OR_BASE,false,false,BASE_HYPOTHESIS_NOT_IN_CURRENT_REVIEW_FRONTIER,common,,389375205,2024-12-23,2024-12-27,,34007704385,true,0,0,0,0,2
71932567306967718,CIM-PC,P3_RANKING_OR_BASE,false,false,BASE_HYPOTHESIS_NOT_IN_CURRENT_REVIEW_FRONTIER,non_common,,16934Q505,2024-12-20,2024-12-31,,34007704385,true,0,0,0,0,0
726313399179454655,ACR-PC,P3_RANKING_OR_BASE,true,true,OPEN_REVIEW,non_common,,30068N402 00489Q201,2025-01-07,2025-01-07,MULTIPLE_CUSIPS,34007704385,true,0,0,0,0,0
727435643303361912,JZXN,P3_RANKING_OR_BASE,true,true,OPEN_REVIEW,common,,G51400102 G51400136 G51400128 G51400151,2026-07-27,2026-07-27,MULTIPLE_CUSIPS,34007704385,true,0,0,0,0,1
730525788357019090,OCS,P3_RANKING_OR_BASE,true,true,OPEN_REVIEW,common,,G3167F102 H5870P102,2026-06-02,2026-06-17,MULTIPLE_CUSIPS,34007704385,true,0,0,0,0,10
734257112005530743,EPR-PG,P3_RANKING_OR_BASE,false,false,BASE_HYPOTHESIS_NOT_IN_CURRENT_REVIEW_FRONTIER,non_common,,26884U505,2024-12-20,2024-12-31,,34007704385,true,0,0,0,0,0
734347851745471872,AB,P3_RANKING_OR_BASE,true,true,OPEN_REVIEW,unknown,,01881G106 01855A101 018548107,2006-10-12,2026-03-04,MANUAL_CONFLICT;MULTIPLE_CUSIPS,34007704385,true,0,0,0,0,0
737156762531310572,CUBI-PF,P3_RANKING_OR_BASE,false,false,BASE_HYPOTHESIS_NOT_IN_CURRENT_REVIEW_FRONTIER,non_common,,23204G704,2025-01-07,2025-01-07,,34007704385,true,0,0,0,0,0
738507347527690813,MCHPP,P3_RANKING_OR_BASE,false,false,BASE_HYPOTHESIS_NOT_IN_CURRENT_REVIEW_FRONTIER,non_common,,595017302,2026-01-22,2026-07-27,,34007704385,true,0,0,0,0,0
740517447289905360,USB-PP,P3_RANKING_OR_BASE,false,false,BASE_HYPOTHESIS_NOT_IN_CURRENT_REVIEW_FRONTIER,non_common,,902973759,2024-12-20,2024-12-31,,34007704385,true,0,0,0,0,0
741961159244647631,OZON,P3_RANKING_OR_BASE,false,false,BASE_HYPOTHESIS_NOT_IN_CURRENT_REVIEW_FRONTIER,common,,69269L104,2021-05-28,2022-02-25,,34007704385,true,0,0,0,0,189
748144092465858632,BANC-PF,P3_RANKING_OR_BASE,false,false,BASE_HYPOTHESIS_NOT_IN_CURRENT_REVIEW_FRONTIER,non_common,,05990K841,2024-12-20,2024-12-31,,34007704385,true,0,0,0,0,0
748859321881240686,ABR-PF,P3_RANKING_OR_BASE,false,false,BASE_HYPOTHESIS_NOT_IN_CURRENT_REVIEW_FRONTIER,non_common,,038923850,2025-01-07,2025-01-07,,34007704385,true,0,0,0,0,0
769312551532099167,BF.A,P3_RANKING_OR_BASE,false,false,BASE_HYPOTHESIS_NOT_IN_CURRENT_REVIEW_FRONTIER,common,,115637100,2025-01-06,2025-01-10,,34007704385,true,0,0,0,0,2
769630524010543475,CNP-PB,P3_RANKING_OR_BASE,false,false,BASE_HYPOTHESIS_NOT_IN_CURRENT_REVIEW_FRONTIER,non_common,,15189T503,2021-08-31,2021-08-31,,34007704385,true,0,0,0,0,0
772390087543191699,AMT-PA,P3_RANKING_OR_BASE,false,false,BASE_HYPOTHESIS_NOT_IN_CURRENT_REVIEW_FRONTIER,non_common,,03027X308,2017-05-01,2017-05-11,,34007704385,true,0,0,0,0,0
776305064889037087,EFC-PD,P3_RANKING_OR_BASE,false,false,BASE_HYPOTHESIS_NOT_IN_CURRENT_REVIEW_FRONTIER,non_common,,28852N505,2024-12-20,2024-12-27,,34007704385,true,0,0,0,0,0
77843270810789272,AHL-PD,P3_RANKING_OR_BASE,false,false,BASE_HYPOTHESIS_NOT_IN_CURRENT_REVIEW_FRONTIER,non_common,,G05384162,2025-01-07,2025-01-07,,34007704385,true,0,0,0,0,0
780735788391060977,MET-PF,P3_RANKING_OR_BASE,false,false,BASE_HYPOTHESIS_NOT_IN_CURRENT_REVIEW_FRONTIER,non_common,,59156R850,2024-12-20,2024-12-31,,34007704385,true,0,0,0,0,0
780929740903947449,QNGYQ,P3_RANKING_OR_BASE,true,true,OPEN_REVIEW,common,,G21513109 74764U104 74764U203,2022-10-31,2022-10-31,MULTIPLE_CUSIPS,34007704385,true,0,0,0,0,1
781715864904545408,KEY-PI,P3_RANKING_OR_BASE,false,false,BASE_HYPOTHESIS_NOT_IN_CURRENT_REVIEW_FRONTIER,non_common,,493267702,2024-12-20,2024-12-31,,34007704385,true,0,0,0,0,0
784068816139277733,EVEIQ,P3_RANKING_OR_BASE,true,true,OPEN_REVIEW,common,,30024B203 48245L107 30024B104,2006-09-14,2006-10-11,MULTIPLE_CUSIPS,34007704385,true,0,0,0,0,18
786374750419600533,RC-PE,P3_RANKING_OR_BASE,false,false,BASE_HYPOTHESIS_NOT_IN_CURRENT_REVIEW_FRONTIER,non_common,,75574U887,2024-12-20,2024-12-27,,34007704385,true,0,0,0,0,0
791147368511316221,CMRE-PD,P3_RANKING_OR_BASE,false,false,BASE_HYPOTHESIS_NOT_IN_CURRENT_REVIEW_FRONTIER,non_common,,Y1771G136,2025-01-07,2025-01-07,,34007704385,true,0,0,0,0,0
792222665775019718,TMUSP,P3_RANKING_OR_BASE,false,false,BASE_HYPOTHESIS_NOT_IN_CURRENT_REVIEW_FRONTIER,non_common,,872590203,2016-08-03,2017-12-15,,34007704385,true,0,0,0,0,0
792856250210905637,SUPX1,P3_RANKING_OR_BASE,false,false,BASE_HYPOTHESIS_NOT_IN_CURRENT_REVIEW_FRONTIER,common,,868532102,2007-01-24,2007-02-14,,34007704385,true,0,0,0,0,15
794106836911586014,ASB-PF,P3_RANKING_OR_BASE,false,false,BASE_HYPOTHESIS_NOT_IN_CURRENT_REVIEW_FRONTIER,non_common,,045487402,2024-12-20,2024-12-31,,34007704385,true,0,0,0,0,0
796783237832330061,JHTXQ,P3_RANKING_OR_BASE,false,false,BASE_HYPOTHESIS_NOT_IN_CURRENT_REVIEW_FRONTIER,common,,468202106,2007-04-03,2008-04-09,,34007704385,true,0,0,0,0,44
797947913948902074,USB-PH,P3_RANKING_OR_BASE,false,false,BASE_HYPOTHESIS_NOT_IN_CURRENT_REVIEW_FRONTIER,non_common,,902973155,2024-12-20,2024-12-31,,34007704385,true,0,0,0,0,0
800151935247280382,ET-PI,P3_RANKING_OR_BASE,false,false,BASE_HYPOTHESIS_NOT_IN_CURRENT_REVIEW_FRONTIER,non_common,,29273V704,2024-12-20,2024-12-27,,34007704385,true,0,0,0,0,0
802526696224186359,RXN-PA,P3_RANKING_OR_BASE,false,false,BASE_HYPOTHESIS_NOT_IN_CURRENT_REVIEW_FRONTIER,non_common,,76169B201,2019-11-14,2019-11-14,,34007704385,true,0,0,0,0,0
807165982975676452,SCE-PM,P3_RANKING_OR_BASE,false,false,BASE_HYPOTHESIS_NOT_IN_CURRENT_REVIEW_FRONTIER,non_common,,783892201,2024-12-20,2025-01-15,,34007704385,true,0,0,0,0,0
80848254241103648,DYNC,P3_RANKING_OR_BASE,false,false,BASE_HYPOTHESIS_NOT_IN_CURRENT_REVIEW_FRONTIER,common,,G2949D104,2025-08-11,2025-08-15,,34007704385,true,0,0,0,0,5
80977445545977300,GNL-PE,P3_RANKING_OR_BASE,false,false,BASE_HYPOTHESIS_NOT_IN_CURRENT_REVIEW_FRONTIER,non_common,,379378607,2024-12-20,2024-12-31,,34007704385,true,0,0,0,0,0
810253702421301559,NLY-PI,P3_RANKING_OR_BASE,false,false,BASE_HYPOTHESIS_NOT_IN_CURRENT_REVIEW_FRONTIER,non_common,,035710847,2024-12-20,2024-12-31,,34007704385,true,0,0,0,0,0
812131184133218118,AUDAQ,P3_RANKING_OR_BASE,true,true,OPEN_REVIEW,common,,293639100 05070N103 05070N202,2017-11-02,2018-06-06,MULTIPLE_CUSIPS,34007704385,true,0,0,0,0,117
820488167476030287,USAC,P3_RANKING_OR_BASE,true,true,OPEN_REVIEW,unknown,,90290N109,2023-12-15,2024-01-16,MANUAL_CONFLICT,34007704385,true,0,0,0,0,0
821816239032137468,AHRT-PA,P3_RANKING_OR_BASE,false,false,BASE_HYPOTHESIS_NOT_IN_CURRENT_REVIEW_FRONTIER,non_common,,04208T207,2024-12-20,2024-12-31,,34007704385,true,0,0,0,0,0
824100797961064199,BTTGY,P3_RANKING_OR_BASE,true,true,OPEN_REVIEW,common,,05577E101 111021200 111021408,2008-01-04,2019-09-19,MULTIPLE_CUSIPS,34007704385,true,0,0,0,0,116
824863588900920058,RITM-PD,P3_RANKING_OR_BASE,false,false,BASE_HYPOTHESIS_NOT_IN_CURRENT_REVIEW_FRONTIER,non_common,,64828T706,2024-12-20,2024-12-31,,34007704385,true,0,0,0,0,0
825995519375744804,OAK-PA,P3_RANKING_OR_BASE,false,false,BASE_HYPOTHESIS_NOT_IN_CURRENT_REVIEW_FRONTIER,non_common,,674001300,2024-12-20,2024-12-31,,34007704385,true,0,0,0,0,0
834176726733650143,REXR-PC,P3_RANKING_OR_BASE,false,false,BASE_HYPOTHESIS_NOT_IN_CURRENT_REVIEW_FRONTIER,non_common,,76169C407,2024-12-20,2024-12-31,,34007704385,true,0,0,0,0,0
839711068669945657,AGM-PE,P3_RANKING_OR_BASE,false,false,BASE_HYPOTHESIS_NOT_IN_CURRENT_REVIEW_FRONTIER,non_common,,313148850,2024-12-20,2024-12-31,,34007704385,true,0,0,0,0,0
840088674135516644,BML-PG,P3_RANKING_OR_BASE,false,false,BASE_HYPOTHESIS_NOT_IN_CURRENT_REVIEW_FRONTIER,non_common,,060505633,2024-12-20,2024-12-31,,34007704385,true,0,0,0,0,0
840645306313598863,MS-PP,P3_RANKING_OR_BASE,false,false,BASE_HYPOTHESIS_NOT_IN_CURRENT_REVIEW_FRONTIER,non_common,,61762V853,2024-12-20,2024-12-31,,34007704385,true,0,0,0,0,0
841546519006260116,SUBCY,P3_RANKING_OR_BASE,true,true,OPEN_REVIEW,common,,L8873E103 861567105 00443E104 864323100,2007-12-03,2008-02-04,MULTIPLE_CUSIPS,34007704385,true,0,0,0,0,23
843099941321327968,SWP1,P3_RANKING_OR_BASE,false,false,BASE_HYPOTHESIS_NOT_IN_CURRENT_REVIEW_FRONTIER,non_common,,854502887,2020-05-05,2020-05-14,,34007704385,true,0,0,0,0,0
843142268707665698,ALL-PI,P3_RANKING_OR_BASE,false,false,BASE_HYPOTHESIS_NOT_IN_CURRENT_REVIEW_FRONTIER,non_common,,020002812,2024-12-20,2024-12-31,,34007704385,true,0,0,0,0,0
846042803813786530,CDR-PC,P3_RANKING_OR_BASE,false,false,BASE_HYPOTHESIS_NOT_IN_CURRENT_REVIEW_FRONTIER,non_common,,150602506,2024-12-20,2024-12-27,,34007704385,true,0,0,0,0,0
850243852688829643,WBS-PF,P3_RANKING_OR_BASE,false,false,BASE_HYPOTHESIS_NOT_IN_CURRENT_REVIEW_FRONTIER,non_common,,947890505,2024-12-20,2024-12-27,,34007704385,true,0,0,0,0,0
854079092917352433,SF-PC,P3_RANKING_OR_BASE,false,false,BASE_HYPOTHESIS_NOT_IN_CURRENT_REVIEW_FRONTIER,non_common,,860630870,2024-12-20,2024-12-31,,34007704385,true,0,0,0,0,0
858158674264637736,IVR-PC,P3_RANKING_OR_BASE,false,false,BASE_HYPOTHESIS_NOT_IN_CURRENT_REVIEW_FRONTIER,non_common,,46131B506,2024-12-20,2024-12-31,,34007704385,true,0,0,0,0,0
866652633497189649,VNTRQ,P3_RANKING_OR_BASE,true,true,OPEN_REVIEW,common,,G9329Z100 G9329Z118,2018-02-07,2018-03-06,MULTIPLE_CUSIPS,34007704385,true,0,0,0,0,7
868342374341346447,WRB-PG,P3_RANKING_OR_BASE,false,false,BASE_HYPOTHESIS_NOT_IN_CURRENT_REVIEW_FRONTIER,non_common,,084423888,2024-12-20,2024-12-27,,34007704385,true,0,0,0,0,0
870788144060136184,ALB-PA,P3_RANKING_OR_BASE,false,false,BASE_HYPOTHESIS_NOT_IN_CURRENT_REVIEW_FRONTIER,non_common,,012653200,2024-12-20,2026-07-28,,34007704385,true,0,0,0,0,0
877258817341293307,RJF-PB,P3_RANKING_OR_BASE,false,false,BASE_HYPOTHESIS_NOT_IN_CURRENT_REVIEW_FRONTIER,non_common,,754730406,2024-12-20,2024-12-31,,34007704385,true,0,0,0,0,0
877648719550481081,WSO.B,P3_RANKING_OR_BASE,false,false,BASE_HYPOTHESIS_NOT_IN_CURRENT_REVIEW_FRONTIER,common,,942622101,2025-01-06,2025-01-06,,34007704385,true,0,0,0,0,1
881963183905549800,DCUB,P3_RANKING_OR_BASE,false,false,BASE_HYPOTHESIS_NOT_IN_CURRENT_REVIEW_FRONTIER,non_common,,25746U885,2016-06-21,2016-06-21,,34007704385,true,0,0,0,0,0
882934193615664701,ARES-PB,P3_RANKING_OR_BASE,false,false,BASE_HYPOTHESIS_NOT_IN_CURRENT_REVIEW_FRONTIER,non_common,,03990B309,2025-10-23,2026-04-14,,34007704385,true,0,0,0,0,0
884481287903816168,MFA-PB,P3_RANKING_OR_BASE,false,false,BASE_HYPOTHESIS_NOT_IN_CURRENT_REVIEW_FRONTIER,non_common,,55272X409,2024-12-20,2024-12-31,,34007704385,true,0,0,0,0,0
89147002125047775,SCE-PG,P3_RANKING_OR_BASE,false,false,BASE_HYPOTHESIS_NOT_IN_CURRENT_REVIEW_FRONTIER,non_common,,78407R204,2024-12-20,2024-12-31,,34007704385,true,0,0,0,0,0
896926626158288446,GEF.B,P3_RANKING_OR_BASE,false,false,BASE_HYPOTHESIS_NOT_IN_CURRENT_REVIEW_FRONTIER,common,,397624206,2024-12-20,2025-01-03,,34007704385,true,0,0,0,0,6
898034641356185639,AEPPZ,P3_RANKING_OR_BASE,false,false,BASE_HYPOTHESIS_NOT_IN_CURRENT_REVIEW_FRONTIER,non_common,,02557T307,2023-07-13,2023-08-09,,34007704385,true,0,0,0,0,0
898729452523875138,GSL-PB,P3_RANKING_OR_BASE,false,false,BASE_HYPOTHESIS_NOT_IN_CURRENT_REVIEW_FRONTIER,non_common,,Y27183121,2024-12-20,2024-12-31,,34007704385,true,0,0,0,0,0
902364568069155667,XRN-PA,P3_RANKING_OR_BASE,false,false,BASE_HYPOTHESIS_NOT_IN_CURRENT_REVIEW_FRONTIER,non_common,,37957W203,2024-12-20,2024-12-31,,34007704385,true,0,0,0,0,0
903002002364418162,ARPJQ,P3_RANKING_OR_BASE,false,false,BASE_HYPOTHESIS_NOT_IN_CURRENT_REVIEW_FRONTIER,common,,04941A101,2013-06-18,2014-06-06,,34007704385,true,0,0,0,0,47
904281051329226306,CTA-PA,P3_RANKING_OR_BASE,false,false,BASE_HYPOTHESIS_NOT_IN_CURRENT_REVIEW_FRONTIER,non_common,,263534208,2025-01-06,2025-01-07,,34007704385,true,0,0,0,0,0
905531230302838574,DHR-PB,P3_RANKING_OR_BASE,false,false,BASE_HYPOTHESIS_NOT_IN_CURRENT_REVIEW_FRONTIER,non_common,,235851409,2021-01-29,2023-04-14,,34007704385,true,0,0,0,0,0
905870641118435087,CMRE-PC,P3_RANKING_OR_BASE,false,false,BASE_HYPOTHESIS_NOT_IN_CURRENT_REVIEW_FRONTIER,non_common,,Y1771G128,2024-12-20,2024-12-31,,34007704385,true,0,0,0,0,0
908933952844344298,WFC-PZ,P3_RANKING_OR_BASE,false,false,BASE_HYPOTHESIS_NOT_IN_CURRENT_REVIEW_FRONTIER,non_common,,94988U151,2024-12-20,2025-01-10,,34007704385,true,0,0,0,0,0
909360794195974265,CVE.WS,P3_RANKING_OR_BASE,false,false,BASE_HYPOTHESIS_NOT_IN_CURRENT_REVIEW_FRONTIER,non_common,,15135U117,2024-12-20,2024-12-27,,34007704385,true,0,0,0,0,0
914246264538922243,RWT-PA,P3_RANKING_OR_BASE,false,false,BASE_HYPOTHESIS_NOT_IN_CURRENT_REVIEW_FRONTIER,non_common,,758075808,2024-12-20,2024-12-31,,34007704385,true,0,0,0,0,0
919630251859636635,MS-PL,P3_RANKING_OR_BASE,false,false,BASE_HYPOTHESIS_NOT_IN_CURRENT_REVIEW_FRONTIER,non_common,,61762V804,2024-12-20,2024-12-31,,34007704385,true,0,0,0,0,0
921323744791498704,COF-PJ,P3_RANKING_OR_BASE,false,false,BASE_HYPOTHESIS_NOT_IN_CURRENT_REVIEW_FRONTIER,non_common,,14040H782,2024-12-20,2024-12-27,,34007704385,true,0,0,0,0,0
922071041668469773,TRTN-PE,P3_RANKING_OR_BASE,false,false,BASE_HYPOTHESIS_NOT_IN_CURRENT_REVIEW_FRONTIER,non_common,,G9078F156,2025-01-07,2025-01-07,,34007704385,true,0,0,0,0,0
922388757188211284,EEQ,P3_RANKING_OR_BASE,false,false,BASE_HYPOTHESIS_NOT_IN_CURRENT_REVIEW_FRONTIER,common,,29250X103,2013-03-01,2018-12-19,,34007704385,true,0,0,0,0,41
927001813921390541,CADE-PA,P3_RANKING_OR_BASE,true,true,OPEN_REVIEW,non_common,,05971J201 12740C202,2024-12-20,2024-12-31,MULTIPLE_CUSIPS,34007704385,true,0,0,0,0,0
928749471995084539,AMH-PH,P3_RANKING_OR_BASE,false,false,BASE_HYPOTHESIS_NOT_IN_CURRENT_REVIEW_FRONTIER,non_common,,02665T868,2024-12-20,2024-12-31,,34007704385,true,0,0,0,0,0
931682248390039285,JPM-PD,P3_RANKING_OR_BASE,false,false,BASE_HYPOTHESIS_NOT_IN_CURRENT_REVIEW_FRONTIER,non_common,,48128B655,2018-10-29,2018-11-15,,34007704385,true,0,0,0,0,0
931763924901215893,NLY-PG,P3_RANKING_OR_BASE,false,false,BASE_HYPOTHESIS_NOT_IN_CURRENT_REVIEW_FRONTIER,non_common,,035710862,2024-12-20,2024-12-31,,34007704385,true,0,0,0,0,0
934304255431280640,CVOVQ,P3_RANKING_OR_BASE,true,true,OPEN_REVIEW,common,,15670S105 15670S402 560321200,2007-08-08,2007-09-04,MULTIPLE_CUSIPS,34007704385,true,0,0,0,0,19
941553026160917585,ATH-PA,P3_RANKING_OR_BASE,true,true,OPEN_REVIEW,non_common,,G0684D305 04686J861,2024-12-20,2024-12-31,MULTIPLE_CUSIPS,34007704385,true,0,0,0,0,0
942523893790070770,NREF-PA,P3_RANKING_OR_BASE,false,false,BASE_HYPOTHESIS_NOT_IN_CURRENT_REVIEW_FRONTIER,non_common,,65342V408,2024-12-20,2024-12-31,,34007704385,true,0,0,0,0,0
94909666988894142,FHN-PC,P3_RANKING_OR_BASE,false,false,BASE_HYPOTHESIS_NOT_IN_CURRENT_REVIEW_FRONTIER,non_common,,320517600,2025-01-07,2025-01-07,,34007704385,true,0,0,0,0,0
949938991308091776,BDXA,P3_RANKING_OR_BASE,false,false,BASE_HYPOTHESIS_NOT_IN_CURRENT_REVIEW_FRONTIER,non_common,,075887208,2018-01-26,2020-04-30,,34007704385,true,0,0,0,0,0
949946654342441236,NEE-PQ,P3_RANKING_OR_BASE,false,false,BASE_HYPOTHESIS_NOT_IN_CURRENT_REVIEW_FRONTIER,non_common,,65339F739,2021-03-25,2023-08-31,,34007704385,true,0,0,0,0,0
95460179327743248,GLOP-PB,P3_RANKING_OR_BASE,false,false,BASE_HYPOTHESIS_NOT_IN_CURRENT_REVIEW_FRONTIER,non_common,,Y2687W124,2024-12-20,2024-12-31,,34007704385,true,0,0,0,0,0
954702041400099742,NEE-PS,P3_RANKING_OR_BASE,false,false,BASE_HYPOTHESIS_NOT_IN_CURRENT_REVIEW_FRONTIER,non_common,,65339F663,2025-01-06,2026-06-10,,34007704385,true,0,0,0,0,0
955653682353368934,UTX-PA,P3_RANKING_OR_BASE,false,false,BASE_HYPOTHESIS_NOT_IN_CURRENT_REVIEW_FRONTIER,non_common,,913017117,2015-07-22,2015-07-31,,34007704385,true,0,0,0,0,0
957588719521684763,LU1,P3_RANKING_OR_BASE,false,false,BASE_HYPOTHESIS_NOT_IN_CURRENT_REVIEW_FRONTIER,common,,549463107,2006-07-05,2006-11-30,,34007704385,true,0,0,0,0,104
965362822897195736,PSA-PH,P3_RANKING_OR_BASE,false,false,BASE_HYPOTHESIS_NOT_IN_CURRENT_REVIEW_FRONTIER,non_common,,74460W644,2024-12-20,2024-12-31,,34007704385,true,0,0,0,0,0
970161994409492935,KMI-PA,P3_RANKING_OR_BASE,false,false,BASE_HYPOTHESIS_NOT_IN_CURRENT_REVIEW_FRONTIER,non_common,,49456B200,2018-10-10,2018-10-25,,34007704385,true,0,0,0,0,0
970701175286846075,EPR-PC,P3_RANKING_OR_BASE,true,true,OPEN_REVIEW,non_common,,26884U208 29380T402,2024-12-20,2024-12-31,MULTIPLE_CUSIPS,34007704385,true,0,0,0,0,0
973409966594469762,BSX-PA,P3_RANKING_OR_BASE,false,false,BASE_HYPOTHESIS_NOT_IN_CURRENT_REVIEW_FRONTIER,non_common,,101137206,2021-01-06,2023-05-31,,34007704385,true,0,0,0,0,0
978104221288793714,BPYU,P3_RANKING_OR_BASE,false,false,BASE_HYPOTHESIS_NOT_IN_CURRENT_REVIEW_FRONTIER,common,,11282X103,2019-03-01,2021-07-26,,34007704385,true,0,0,0,0,180
982072475162188385,SHLX,P3_RANKING_OR_BASE,true,true,OPEN_REVIEW,unknown,,822634101,2015-06-19,2022-10-18,MANUAL_CONFLICT,34007704385,true,0,0,0,0,0
985242970014559901,GNL-PA,P3_RANKING_OR_BASE,false,false,BASE_HYPOTHESIS_NOT_IN_CURRENT_REVIEW_FRONTIER,non_common,,379378300,2024-12-20,2024-12-31,,34007704385,true,0,0,0,0,0
995196053175344678,BEP-PA,P3_RANKING_OR_BASE,false,false,BASE_HYPOTHESIS_NOT_IN_CURRENT_REVIEW_FRONTIER,non_common,,G16258231,2024-12-20,2024-12-27,,34007704385,true,0,0,0,0,0
995314484072140452,LCIDW,P3_RANKING_OR_BASE,true,true,OPEN_REVIEW,non_common,,171439110 549498111,2021-03-22,2021-03-26,MULTIPLE_CUSIPS,34007704385,true,0,0,0,0,0
999785290734453124,BHR-PB,P3_RANKING_OR_BASE,false,false,BASE_HYPOTHESIS_NOT_IN_CURRENT_REVIEW_FRONTIER,non_common,,10482B200,2024-12-20,2024-12-27,,34007704385,true,0,0,0,0,0
999798683531592789,AGN-PA,P3_RANKING_OR_BASE,false,false,BASE_HYPOTHESIS_NOT_IN_CURRENT_REVIEW_FRONTIER,non_common,,G0177J116,2015-12-11,2018-02-28,,34007704385,true,0,0,0,0,0
