security_id,ticker,priority,original_queue_member,review_required,status,candidate_classification,reviewed_classification,cusips,unknown_first_session,unknown_last_session,reason,path_evidence_run,path_is_pre_correction,held_sessions,pending_sessions,durable_ranked_sessions,recent_leadership_sessions,eligible_sessions
65658733308249266,VAL1,P0_HELD_OR_PENDING,false,true,OPEN_REVIEW,common,,920355104,2007-04-10,2017-05-31,HELD_OR_PENDING_OMITTED_FROM_INITIAL_HEURISTIC_QUEUE,34051269919,false,1301,1,134,48,1800
752127607694153326,ING,P0_HELD_OR_PENDING,false,true,OPEN_REVIEW,common,,456837103,2006-10-17,2026-07-31,HELD_OR_PENDING_OMITTED_FROM_INITIAL_HEURISTIC_QUEUE,34051269919,false,854,1,335,331,4633
1095161666219760763,EV1,P0_HELD_OR_PENDING,false,true,OPEN_REVIEW,common,,278265103,2006-07-07,2021-02-26,HELD_OR_PENDING_OMITTED_FROM_INITIAL_HEURISTIC_QUEUE,34051269919,false,716,1,60,126,3331
1112840042710916617,COR2,P0_HELD_OR_PENDING,false,true,OPEN_REVIEW,common,,21870Q105,2015-10-29,2021-12-27,HELD_OR_PENDING_OMITTED_FROM_INITIAL_HEURISTIC_QUEUE,34051269919,false,714,1,170,124,1511
899932545079148879,MRK,P0_HELD_OR_PENDING,true,true,OPEN_REVIEW,common,,58933Y105 589331107,2016-06-29,2016-07-01,MULTIPLE_CUSIPS,34051269919,false,654,1,162,190,5050
675540632474526608,UST1,P0_HELD_OR_PENDING,false,true,OPEN_REVIEW,common,,902911106,2006-07-05,2009-01-05,HELD_OR_PENDING_OMITTED_FROM_INITIAL_HEURISTIC_QUEUE,34051269919,false,566,1,136,74,631
902973650148541485,PIRRQ,P0_HELD_OR_PENDING,true,true,OPEN_REVIEW,common,,720279108 720279504,2008-04-10,2017-05-11,MULTIPLE_CUSIPS,34051269919,false,500,1,269,193,1383
154896406978425602,CVSA,P0_HELD_OR_PENDING,true,true,OPEN_REVIEW,common,,00737L103 251893103,2007-05-03,2026-03-05,MULTIPLE_CUSIPS,34051269919,false,461,1,535,469,2943
536212536103247696,NVO,P0_HELD_OR_PENDING,false,true,OPEN_REVIEW,common,,670100205,2008-04-24,2026-07-31,HELD_OR_PENDING_OMITTED_FROM_INITIAL_HEURISTIC_QUEUE,34051269919,false,447,1,323,321,4126
63371714929571534,FMX,P0_HELD_OR_PENDING,false,true,OPEN_REVIEW,common,,344419106,2006-07-05,2026-07-31,HELD_OR_PENDING_OMITTED_FROM_INITIAL_HEURISTIC_QUEUE,34051269919,false,398,1,201,298,5005
1101212501432953147,ATI,P0_HELD_OR_PENDING,true,true,OPEN_REVIEW,common,,01741R102 017415100 879335107,2021-06-22,2022-01-06,MULTIPLE_CUSIPS,34051269919,false,378,1,706,680,5013
703152369925327464,RACE,P0_HELD_OR_PENDING,true,true,OPEN_REVIEW,common,,N3167Y103 N3167J106,2016-04-22,2026-07-31,MULTIPLE_CUSIPS,34051269919,false,378,1,239,165,2544
598818893906299772,INFY,P0_HELD_OR_PENDING,false,true,OPEN_REVIEW,common,,456788108,2006-07-05,2026-07-31,HELD_OR_PENDING_OMITTED_FROM_INITIAL_HEURISTIC_QUEUE,34051269919,false,363,1,160,228,5050
895750335155060927,ESLT,P0_HELD_OR_PENDING,false,true,OPEN_REVIEW,common,,M3760D101,2025-03-18,2026-03-18,HELD_OR_PENDING_OMITTED_FROM_INITIAL_HEURISTIC_QUEUE,34051269919,false,338,1,165,68,345
718098875444344211,HCR1,P0_HELD_OR_PENDING,true,true,OPEN_REVIEW,common,,564055101 404134108 421937103,2006-07-05,2007-12-21,MULTIPLE_CUSIPS,34051269919,false,332,1,81,26,371
477008601146089039,MIR2,P0_HELD_OR_PENDING,false,true,OPEN_REVIEW,common,,60467R100,2006-07-07,2010-07-01,HELD_OR_PENDING_OMITTED_FROM_INITIAL_HEURISTIC_QUEUE,34051269919,false,329,1,78,74,993
214820292338870148,CHAP1,P0_HELD_OR_PENDING,false,true,OPEN_REVIEW,common,,159423102,2006-07-05,2007-09-14,HELD_OR_PENDING_OMITTED_FROM_INITIAL_HEURISTIC_QUEUE,34051269919,false,310,1,211,103,302
1101958128290731445,CMCSK,P0_HELD_OR_PENDING,false,true,OPEN_REVIEW,common,,20030N200,2006-07-05,2015-12-11,HELD_OR_PENDING_OMITTED_FROM_INITIAL_HEURISTIC_QUEUE,34051269919,false,290,1,76,45,2378
195747320659443536,IAG,P0_HELD_OR_PENDING,false,true,OPEN_REVIEW,common,,450913108,2009-02-03,2026-07-31,HELD_OR_PENDING_OMITTED_FROM_INITIAL_HEURISTIC_QUEUE,34051269919,false,266,2,703,685,2907
957872957798018388,WGHTQ,P0_HELD_OR_PENDING,true,true,OPEN_REVIEW,common,,948626106 98262P101,2006-08-09,2024-11-04,MULTIPLE_CUSIPS,34051269919,false,256,1,778,598,2703
336647136488669274,GOLD1,P0_HELD_OR_PENDING,false,true,OPEN_REVIEW,common,,752344309,2007-09-28,2018-12-28,HELD_OR_PENDING_OMITTED_FROM_INITIAL_HEURISTIC_QUEUE,34051269919,false,227,2,517,543,2824
141650404222899262,SQM,P0_HELD_OR_PENDING,false,true,OPEN_REVIEW,common,,833635105,2008-04-14,2026-07-31,HELD_OR_PENDING_OMITTED_FROM_INITIAL_HEURISTIC_QUEUE,34051269919,false,206,1,647,446,3666
852684403524489499,THOR1,P0_HELD_OR_PENDING,true,true,OPEN_REVIEW,common,,885175307 885175109,2008-08-05,2015-10-07,MULTIPLE_CUSIPS,34051269919,false,196,4,367,277,1365
875803280520331787,ENDPQ,P0_HELD_OR_PENDING,true,true,OPEN_REVIEW,common,,G30401106 29264F205,2006-07-05,2022-01-12,MULTIPLE_CUSIPS,34051269919,false,196,1,521,572,3743
941818860792490502,GEN1,P0_HELD_OR_PENDING,true,true,OPEN_REVIEW,common,,37244E107 74971X107 75952B105,2006-07-05,2012-12-14,MULTIPLE_CUSIPS,34051269919,false,172,1,204,187,1436
912220778513772854,SAIL1,P0_HELD_OR_PENDING,false,true,OPEN_REVIEW,common,,78781P105,2018-05-22,2022-08-15,HELD_OR_PENDING_OMITTED_FROM_INITIAL_HEURISTIC_QUEUE,34051269919,false,169,2,200,170,1008
788900523736619527,LFCHY,P0_HELD_OR_PENDING,false,true,OPEN_REVIEW,common,,16939P106,2006-07-05,2015-05-06,HELD_OR_PENDING_OMITTED_FROM_INITIAL_HEURISTIC_QUEUE,34051269919,false,162,1,267,178,1322
107197818933519057,MTL,P0_HELD_OR_PENDING,true,true,OPEN_REVIEW,common,,583840103 583840608,2007-07-13,2012-10-24,MULTIPLE_CUSIPS,34051269919,false,159,1,447,336,1208
954034830355046974,KUST,P0_HELD_OR_PENDING,true,true,OPEN_REVIEW,common,,25382P208 25382T200 25382T101 25382T408 25382P109 25382T507 25382T606 25382T309,2007-11-13,2026-07-22,MULTIPLE_CUSIPS,34051269919,false,159,1,244,158,407
553972112448702494,SGP1,P0_HELD_OR_PENDING,false,true,OPEN_REVIEW,common,,806605101,2006-07-05,2009-11-03,HELD_OR_PENDING_OMITTED_FROM_INITIAL_HEURISTIC_QUEUE,34051269919,false,153,1,90,90,841
987448579336366373,FRFHF,P0_HELD_OR_PENDING,false,true,OPEN_REVIEW,common,,303901102,2006-07-20,2017-08-04,HELD_OR_PENDING_OMITTED_FROM_INITIAL_HEURISTIC_QUEUE,34051269919,false,144,2,202,142,444
732428359392320882,PRE1,P0_HELD_OR_PENDING,false,true,OPEN_REVIEW,common,,G6852T105,2006-07-27,2016-03-17,HELD_OR_PENDING_OMITTED_FROM_INITIAL_HEURISTIC_QUEUE,34051269919,false,131,1,89,86,2329
1146479794355908667,DTGF,P0_HELD_OR_PENDING,false,true,OPEN_REVIEW,common,,256743105,2007-06-25,2012-11-26,HELD_OR_PENDING_OMITTED_FROM_INITIAL_HEURISTIC_QUEUE,34051269919,false,125,2,263,132,656
987873303793520110,VRX1,P0_HELD_OR_PENDING,true,true,OPEN_REVIEW,common,,91911X104 448924100,2007-06-14,2010-09-27,MULTIPLE_CUSIPS,34051269919,false,121,2,227,121,502
1099247927332588244,FTI1,P0_HELD_OR_PENDING,false,true,OPEN_REVIEW,common,,30249U101,2006-07-05,2017-01-13,HELD_OR_PENDING_OMITTED_FROM_INITIAL_HEURISTIC_QUEUE,34051269919,false,120,1,279,233,2652
117908596615035418,WCC,P0_HELD_OR_PENDING,false,true,OPEN_REVIEW,common,,95082P105,2008-07-25,2008-08-05,HELD_OR_PENDING_OMITTED_FROM_INITIAL_HEURISTIC_QUEUE,34051269919,false,120,1,260,296,4545
298004721797953203,WIRE,P0_HELD_OR_PENDING,false,true,OPEN_REVIEW,common,,292562105,2006-10-27,2006-12-28,HELD_OR_PENDING_OMITTED_FROM_INITIAL_HEURISTIC_QUEUE,34051269919,false,120,1,200,135,796
326864109633904206,COF,P0_HELD_OR_PENDING,false,true,OPEN_REVIEW,common,,14040H105,2006-08-31,2006-09-14,HELD_OR_PENDING_OMITTED_FROM_INITIAL_HEURISTIC_QUEUE,34051269919,false,120,1,167,196,5050
74286179754649606,GLBL1,P0_HELD_OR_PENDING,false,true,OPEN_REVIEW,common,,379336100,2006-07-05,2011-11-01,HELD_OR_PENDING_OMITTED_FROM_INITIAL_HEURISTIC_QUEUE,34051269919,false,120,1,132,92,528
975954328887066480,PWRD1,P0_HELD_OR_PENDING,false,true,OPEN_REVIEW,common,,71372U104,2008-05-09,2015-07-28,HELD_OR_PENDING_OMITTED_FROM_INITIAL_HEURISTIC_QUEUE,34051269919,false,120,1,111,74,367
716103535463544764,TELFY,P0_HELD_OR_PENDING,false,true,OPEN_REVIEW,common,,879382208,2007-03-26,2020-03-20,HELD_OR_PENDING_OMITTED_FROM_INITIAL_HEURISTIC_QUEUE,34051269919,false,120,1,84,117,1668
88378928586164151,WEBX1,P0_HELD_OR_PENDING,false,true,OPEN_REVIEW,common,,94767L109,2006-07-05,2007-05-25,HELD_OR_PENDING_OMITTED_FROM_INITIAL_HEURISTIC_QUEUE,34051269919,false,120,1,64,55,214
1010636880544461391,IHS2,P0_HELD_OR_PENDING,false,true,OPEN_REVIEW,common,,451734107,2007-07-10,2016-07-12,HELD_OR_PENDING_OMITTED_FROM_INITIAL_HEURISTIC_QUEUE,34051269919,false,120,1,57,82,1384
118126593247876789,GLOG,P0_HELD_OR_PENDING,false,true,OPEN_REVIEW,common,,G37585109,2014-01-31,2021-03-19,HELD_OR_PENDING_OMITTED_FROM_INITIAL_HEURISTIC_QUEUE,34051269919,false,119,1,111,68,230
701739764192581803,ON,P0_HELD_OR_PENDING,false,true,OPEN_REVIEW,common,,682189105,2006-07-31,2026-07-31,HELD_OR_PENDING_OMITTED_FROM_INITIAL_HEURISTIC_QUEUE,34051269919,false,117,1,625,630,5029
437971714747413090,SNDA1,P0_HELD_OR_PENDING,false,true,OPEN_REVIEW,common,,81941Q203,2006-12-20,2010-06-25,HELD_OR_PENDING_OMITTED_FROM_INITIAL_HEURISTIC_QUEUE,34051269919,false,117,1,180,130,743
442251450194648145,PWER1,P0_HELD_OR_PENDING,true,true,OPEN_REVIEW,common,,73930R102 739308104,2010-05-05,2013-05-17,MULTIPLE_CUSIPS,34051269919,false,116,1,104,105,309
907989354920106752,ESINQ,P0_HELD_OR_PENDING,false,true,OPEN_REVIEW,common,,45068B109,2006-07-05,2014-11-11,HELD_OR_PENDING_OMITTED_FROM_INITIAL_HEURISTIC_QUEUE,34051269919,false,103,1,297,278,1564
449719108232849215,CVE,P0_HELD_OR_PENDING,false,true,OPEN_REVIEW,common,,15135U109,2010-05-20,2026-07-31,HELD_OR_PENDING_OMITTED_FROM_INITIAL_HEURISTIC_QUEUE,34051269919,false,102,1,310,475,4035
530359455120985610,IRM,P0_HELD_OR_PENDING,true,true,OPEN_REVIEW,common,,46284V101 462846106 46284P104,2011-03-16,2011-04-07,MULTIPLE_CUSIPS,34051269919,false,98,1,293,263,4739
502221490776957978,CNQ,P0_HELD_OR_PENDING,false,true,OPEN_REVIEW,common,,136385101,2006-07-05,2026-07-31,HELD_OR_PENDING_OMITTED_FROM_INITIAL_HEURISTIC_QUEUE,34051269919,false,96,1,330,432,5050
813289731723060566,VRUS1,P0_HELD_OR_PENDING,false,true,OPEN_REVIEW,common,,71715N106,2011-03-08,2012-01-17,HELD_OR_PENDING_OMITTED_FROM_INITIAL_HEURISTIC_QUEUE,34051269919,false,96,1,214,131,218
1040633074096912075,FALB,P0_HELD_OR_PENDING,true,true,OPEN_REVIEW,common,,655422103 306104100,2006-07-05,2006-08-15,MULTIPLE_CUSIPS,34051269919,false,93,1,28,7,28
955633408933081375,AQN,P0_HELD_OR_PENDING,false,true,OPEN_REVIEW,common,,015857105,2019-10-22,2026-07-31,HELD_OR_PENDING_OMITTED_FROM_INITIAL_HEURISTIC_QUEUE,34051269919,false,92,1,27,28,1290
295827892474952163,VET,P0_HELD_OR_PENDING,false,true,OPEN_REVIEW,common,,923725105,2019-09-20,2026-05-29,HELD_OR_PENDING_OMITTED_FROM_INITIAL_HEURISTIC_QUEUE,34051269919,false,87,1,232,156,465
1101721561863743358,B,P0_HELD_OR_PENDING,true,true,OPEN_REVIEW,common,,067901108 06849F108,2007-03-07,2007-03-13,MULTIPLE_CUSIPS,34051269919,false,83,1,652,788,5050
5689365313597871,LMNX1,P0_HELD_OR_PENDING,false,true,OPEN_REVIEW,common,,55027E102,2020-05-04,2021-06-09,HELD_OR_PENDING_OMITTED_FROM_INITIAL_HEURISTIC_QUEUE,34051269919,false,78,1,47,18,156
551861565064769073,AG,P0_HELD_OR_PENDING,true,true,OPEN_REVIEW,common,,32076V103 32076R102,2019-06-24,2026-07-31,MULTIPLE_CUSIPS,34051269919,false,74,1,603,578,2497
951444737711757802,SWIR,P0_HELD_OR_PENDING,false,true,OPEN_REVIEW,common,,826516106,2007-06-21,2023-01-12,HELD_OR_PENDING_OMITTED_FROM_INITIAL_HEURISTIC_QUEUE,34051269919,false,69,1,232,107,306
816819956840135126,BUD1,P0_HELD_OR_PENDING,false,true,OPEN_REVIEW,common,,035229103,2006-07-05,2008-11-17,HELD_OR_PENDING_OMITTED_FROM_INITIAL_HEURISTIC_QUEUE,34051269919,false,69,1,71,50,599
1025975490253483719,UNTCQ,P0_HELD_OR_PENDING,true,true,OPEN_REVIEW,common,,909218109 909218208,2006-07-05,2016-12-28,MULTIPLE_CUSIPS,34051269919,false,66,1,125,113,1107
693180408510627827,GAS1,P0_HELD_OR_PENDING,false,true,OPEN_REVIEW,common,,654086107,2007-03-07,2011-12-09,HELD_OR_PENDING_OMITTED_FROM_INITIAL_HEURISTIC_QUEUE,34051269919,false,65,1,63,39,627
619188589572857157,BPZRQ,P0_HELD_OR_PENDING,true,true,OPEN_REVIEW,common,,055639108 63934Q101 63934Q309,2008-03-26,2008-10-14,MULTIPLE_CUSIPS,34051269919,false,64,1,89,26,107
234488913323173693,FNF,P0_HELD_OR_PENDING,true,true,OPEN_REVIEW,common,,31620R303 31620R105,2016-01-25,2016-02-10,MULTIPLE_CUSIPS,34051269919,false,63,1,224,241,4964
416483318413645411,DRS1,P0_HELD_OR_PENDING,true,true,OPEN_REVIEW,common,,252456108 23330X100 252456405 252456207,2006-07-05,2008-10-21,MULTIPLE_CUSIPS,34051269919,false,62,1,98,56,456
353685636371040898,AVL1,P0_HELD_OR_PENDING,false,true,OPEN_REVIEW,common,,05366B102,2006-07-05,2006-07-12,HELD_OR_PENDING_OMITTED_FROM_INITIAL_HEURISTIC_QUEUE,34051269919,false,62,1,6,0,6
301606049357818446,TBSIQ,P0_HELD_OR_PENDING,true,true,OPEN_REVIEW,common,,G8657Q104 G86975151,2007-07-24,2008-10-01,MULTIPLE_CUSIPS,34051269919,false,56,1,147,80,277
242312827585388125,ANAC1,P0_HELD_OR_PENDING,false,true,OPEN_REVIEW,common,,032420101,2014-12-19,2016-06-23,HELD_OR_PENDING_OMITTED_FROM_INITIAL_HEURISTIC_QUEUE,34051269919,false,54,1,216,123,331
522079657918750480,TSG1,P0_HELD_OR_PENDING,false,true,OPEN_REVIEW,common,,785905100,2006-11-08,2007-03-29,HELD_OR_PENDING_OMITTED_FROM_INITIAL_HEURISTIC_QUEUE,34051269919,false,51,1,50,21,79
840588175708298328,VOLT2,P0_HELD_OR_PENDING,false,true,OPEN_REVIEW,common,,928703107,2006-07-05,2007-02-15,HELD_OR_PENDING_OMITTED_FROM_INITIAL_HEURISTIC_QUEUE,34051269919,false,50,1,43,17,66
985915492195814773,ADPTQ,P0_HELD_OR_PENDING,false,true,OPEN_REVIEW,common,,006855100,2015-06-25,2016-11-30,HELD_OR_PENDING_OMITTED_FROM_INITIAL_HEURISTIC_QUEUE,34051269919,false,47,1,117,78,312
756342866994377362,KGC,P0_HELD_OR_PENDING,true,true,OPEN_REVIEW,common,,496902404 496902107 496902206,2006-08-11,2026-07-31,MULTIPLE_CUSIPS,34051269919,false,45,1,809,824,4909
304762952062850296,STEC1,P0_HELD_OR_PENDING,true,true,OPEN_REVIEW,common,,784774101 828820100 828823104,2009-05-20,2011-08-26,MULTIPLE_CUSIPS,34051269919,false,44,1,174,174,568
229177174933045805,PCXCQ,P0_HELD_OR_PENDING,true,true,OPEN_REVIEW,common,,70336T104 70336T500,2008-05-05,2012-07-06,MULTIPLE_CUSIPS,34051269919,false,42,1,369,222,990
794026657301614010,HMY,P0_HELD_OR_PENDING,false,true,OPEN_REVIEW,common,,413216300,2006-07-05,2026-07-31,HELD_OR_PENDING_OMITTED_FROM_INITIAL_HEURISTIC_QUEUE,34051269919,false,39,1,565,610,2827
327333102048036914,SICPQ,P0_HELD_OR_PENDING,false,true,OPEN_REVIEW,common,,82837P408,2020-12-14,2023-04-19,HELD_OR_PENDING_OMITTED_FROM_INITIAL_HEURISTIC_QUEUE,34051269919,false,38,1,206,153,583
53502595376597645,JRCCQ,P0_HELD_OR_PENDING,false,true,OPEN_REVIEW,common,,470355207,2008-03-10,2012-11-12,HELD_OR_PENDING_OMITTED_FROM_INITIAL_HEURISTIC_QUEUE,34051269919,false,32,1,138,143,541
558144031790701315,HMIN,P0_HELD_OR_PENDING,true,true,OPEN_REVIEW,common,,43713W107 43742E102,2007-06-07,2016-03-30,MULTIPLE_CUSIPS,34051269919,false,29,1,89,71,303
549611630133257860,EAC1,P0_HELD_OR_PENDING,false,true,OPEN_REVIEW,common,,29255W100,2007-01-26,2010-03-09,HELD_OR_PENDING_OMITTED_FROM_INITIAL_HEURISTIC_QUEUE,34051269919,false,25,1,93,101,600
275516769506070811,ATHN1,P0_HELD_OR_PENDING,false,true,OPEN_REVIEW,common,,04685W103,2009-01-28,2019-02-11,HELD_OR_PENDING_OMITTED_FROM_INITIAL_HEURISTIC_QUEUE,34051269919,false,17,1,421,395,2206
36666266239592614,ALO1,P0_HELD_OR_PENDING,false,true,OPEN_REVIEW,common,,020813101,2006-12-13,2008-12-26,HELD_OR_PENDING_OMITTED_FROM_INITIAL_HEURISTIC_QUEUE,34051269919,false,17,1,102,79,230
175647085019960977,SWI1,P0_HELD_OR_PENDING,false,true,OPEN_REVIEW,common,,83416B109,2009-11-17,2016-02-04,HELD_OR_PENDING_OMITTED_FROM_INITIAL_HEURISTIC_QUEUE,34051269919,false,14,1,317,235,1190
117268708159146582,GLDN1,P0_HELD_OR_PENDING,false,true,OPEN_REVIEW,common,,38122G107,2007-06-18,2008-02-28,HELD_OR_PENDING_OMITTED_FROM_INITIAL_HEURISTIC_QUEUE,34051269919,false,13,1,81,56,155
895182212221004918,VTNRQ,P0_HELD_OR_PENDING,true,true,OPEN_REVIEW,common,,92534K107 92861H107 981517105,2021-05-27,2023-04-25,MULTIPLE_CUSIPS,34051269919,false,7,1,160,113,270
177331179426033273,X,P1_DURABLE_RANKED,true,true,OPEN_REVIEW,common,,912909108 90337T101,2009-11-20,2010-01-15,MULTIPLE_CUSIPS,34051269919,false,0,0,999,899,4769
932688238263985034,WPM,P1_DURABLE_RANKED,true,true,OPEN_REVIEW,common,,962879102 828336107,2006-09-14,2026-07-31,MULTIPLE_CUSIPS,34051269919,false,0,0,891,925,4930
985458183012447728,SPWRQ,P1_DURABLE_RANKED,true,true,OPEN_REVIEW,common,,867652406 867652109,2006-10-18,2024-07-24,MULTIPLE_CUSIPS,34051269919,false,0,0,873,864,3650
987173547474629718,TECK,P1_DURABLE_RANKED,true,true,OPEN_REVIEW,common,,878742204 878742303,2007-02-22,2026-07-31,MULTIPLE_CUSIPS,34051269919,false,0,0,742,749,4822
272478278078438193,WOLF2,P1_DURABLE_RANKED,true,true,OPEN_REVIEW,common,,225447101 977852102,2006-07-05,2025-09-26,MULTIPLE_CUSIPS,34051269919,false,0,0,723,786,4666
604275120822169397,ZG,P1_DURABLE_RANKED,true,true,OPEN_REVIEW,common,,98954M101 98954A107,2012-05-07,2026-07-31,MULTIPLE_CUSIPS,34051269919,false,0,0,707,644,3025
937288233487556127,SUNEQ,P1_DURABLE_RANKED,true,true,OPEN_REVIEW,common,,86732Y109 552715104,2006-07-05,2016-03-28,MULTIPLE_CUSIPS,34051269919,false,0,0,610,456,2290
622802662196915364,RADCQ,P1_DURABLE_RANKED,true,true,OPEN_REVIEW,common,,767754104 767754872,2006-07-05,2023-08-21,MULTIPLE_CUSIPS,34051269919,false,0,0,605,506,2516
329261821474200437,WLL2,P1_DURABLE_RANKED,true,true,OPEN_REVIEW,common,,966387102 966387409,2006-07-05,2020-07-07,MULTIPLE_CUSIPS,34051269919,false,0,0,594,591,3302
867730713416103703,EGO,P1_DURABLE_RANKED,true,true,OPEN_REVIEW,common,,284902509 284902103,2008-07-17,2026-07-31,MULTIPLE_CUSIPS,34051269919,false,0,0,584,606,2856
517535898370665174,ZNB,P1_DURABLE_RANKED,true,true,OPEN_REVIEW,common,,G2287A100 G2287A209 169365202 G2287A126 G2287A134 G21225100 169365103 G4645B101 G2287A142,2009-07-30,2025-10-15,MULTIPLE_CUSIPS,34051269919,false,0,0,531,597,2455
957008674074369745,S2,P1_DURABLE_RANKED,true,true,OPEN_REVIEW,common,,85207U105 852061100 852061407,2006-07-05,2020-03-31,MULTIPLE_CUSIPS,34051269919,false,0,0,523,588,3459
1042422373680994522,STM,P1_DURABLE_RANKED,true,true,OPEN_REVIEW,common,,861012102 784213100,2006-09-28,2026-07-31,MULTIPLE_CUSIPS,34051269919,false,0,0,517,336,3225
835968569385277275,DNRCQ,P1_DURABLE_RANKED,true,true,OPEN_REVIEW,common,,247916208 247916109,2006-07-05,2020-01-14,MULTIPLE_CUSIPS,34051269919,false,0,0,503,470,2998
277908412373409816,MT,P1_DURABLE_RANKED,true,true,OPEN_REVIEW,common,,03938L203 03938L104 03937E101 58501T306 60684P101 464899103,2006-07-05,2026-07-31,MULTIPLE_CUSIPS,34051269919,false,0,0,489,497,5050
801001360341549242,CYBR,P1_DURABLE_RANKED,true,true,OPEN_REVIEW,common,,M2682V108 23243T105,2015-03-26,2026-02-10,MULTIPLE_CUSIPS,34051269919,false,0,0,465,322,2629
44348566159439429,NGD,P1_DURABLE_RANKED,true,true,OPEN_REVIEW,common,,644535106 233296102,2010-05-07,2026-03-23,MULTIPLE_CUSIPS,34051269919,false,0,0,439,357,1519
944511016703721079,LLFLQ,P1_DURABLE_RANKED,true,true,OPEN_REVIEW,common,,55003T107 55003Q103,2011-07-13,2020-11-30,MULTIPLE_CUSIPS,34051269919,false,0,0,422,344,1358
697608626643031114,FRO,P1_DURABLE_RANKED,true,true,OPEN_REVIEW,common,,G3682E192 M46528101 G3682E127 541794301,2006-07-05,2026-07-31,MULTIPLE_CUSIPS,34051269919,false,0,0,420,426,2497
950956618868470019,SNBRQ,P1_DURABLE_RANKED,true,true,OPEN_REVIEW,common,,83125X103 81616X103,2006-07-05,2023-12-22,MULTIPLE_CUSIPS,34051269919,false,0,0,419,382,1790
575969493483321836,RKLB,P1_DURABLE_RANKED,true,true,OPEN_REVIEW,common,,773121108 773122106 G9442R126,2021-09-03,2021-09-03,MULTIPLE_CUSIPS,34051269919,false,0,0,406,343,1012
573548210310379987,GTATQ,P1_DURABLE_RANKED,true,true,OPEN_REVIEW,common,,36191U106 3623E0209 36191U205,2010-08-24,2014-10-09,MULTIPLE_CUSIPS,34051269919,false,0,0,388,255,717
649261350427076980,JASO,P1_DURABLE_RANKED,true,true,OPEN_REVIEW,common,,466090206 466090107,2007-08-08,2015-06-12,MULTIPLE_CUSIPS,34051269919,false,0,0,361,318,1228
389655448979765487,TSEM,P1_DURABLE_RANKED,true,true,OPEN_REVIEW,common,,M87915274 M87915100,2015-02-02,2026-07-31,MULTIPLE_CUSIPS,34051269919,false,0,0,356,171,1083
280302887364922861,FLNA,P1_DURABLE_RANKED,true,true,OPEN_REVIEW,common,,14817C107 69562K100 69562K506,2019-12-27,2025-10-20,MULTIPLE_CUSIPS,34051269919,false,0,0,355,311,885
677962974828146176,ONTO,P1_DURABLE_RANKED,true,true,OPEN_REVIEW,common,,683344105 630077105,2022-01-06,2022-01-07,MULTIPLE_CUSIPS,34051269919,false,0,0,348,244,1189
82170842208443514,ASML,P1_DURABLE_RANKED,true,true,OPEN_REVIEW,common,,N07059210 N07059186 N07059111,2006-07-05,2026-07-31,MULTIPLE_CUSIPS,34051269919,false,0,0,347,378,5050
179460760874548237,TEN1,P1_DURABLE_RANKED,true,true,OPEN_REVIEW,common,,880349105 88037E101 880370101,2007-04-27,2022-11-16,MULTIPLE_CUSIPS,34051269919,false,0,0,337,295,2535
1121292966566317463,TLRDQ,P1_DURABLE_RANKED,true,true,OPEN_REVIEW,common,,87403A107 587118100,2006-07-18,2019-10-09,MULTIPLE_CUSIPS,34051269919,false,0,0,331,408,2230
1100231611071698839,LAR,P1_DURABLE_RANKED,true,true,OPEN_REVIEW,common,,53680Q207 53681K100 H5012F103,2020-09-21,2026-06-18,MULTIPLE_CUSIPS,34051269919,false,0,0,324,215,881
935924025138960001,USG1,P1_DURABLE_RANKED,true,true,OPEN_REVIEW,common,,903293405 903293306,2006-07-05,2019-04-23,MULTIPLE_CUSIPS,34051269919,false,0,0,321,342,2759
685580789639317612,RIO,P1_DURABLE_RANKED,true,true,OPEN_REVIEW,common,,767204100 204412209 204412100 767202104,2006-07-05,2026-07-31,MULTIPLE_CUSIPS,34051269919,false,0,0,308,389,5050
283931002164964504,TWOUQ,P1_DURABLE_RANKED,true,true,OPEN_REVIEW,common,,90214J101 90214J200,2015-09-25,2024-08-01,MULTIPLE_CUSIPS,34051269919,false,0,0,291,240,1257
414519427740402819,BAC,P1_DURABLE_RANKED,true,true,OPEN_REVIEW,common,,060505104 06605F102 638585109,2011-07-22,2011-08-01,MULTIPLE_CUSIPS,34051269919,false,0,0,286,288,5050
1101603435419704379,STLA,P1_DURABLE_RANKED,true,true,OPEN_REVIEW,common,,N82405106 N31738102,2015-04-15,2026-07-31,MULTIPLE_CUSIPS,34051269919,false,0,0,285,258,2822
1111338238950530033,YGEHY,P1_DURABLE_RANKED,true,true,OPEN_REVIEW,common,,98584B103 98584B202,2007-12-06,2014-07-14,MULTIPLE_CUSIPS,34051269919,false,0,0,283,256,1133
410442889828988458,LUMN,P1_DURABLE_RANKED,true,true,OPEN_REVIEW,common,,156700106 550241103,2007-10-26,2020-10-23,MULTIPLE_CUSIPS,34051269919,false,0,0,282,358,4926
477302961403569227,ISEE,P1_DURABLE_RANKED,true,true,OPEN_REVIEW,common,,46583P102 683745103,2014-06-02,2017-01-10,MULTIPLE_CUSIPS,34051269919,false,0,0,278,273,779
604552861545382186,HAPN,P1_DURABLE_RANKED,true,true,OPEN_REVIEW,common,,52603A208 52603A109,2015-06-15,2026-07-31,MULTIPLE_CUSIPS,34051269919,false,0,0,277,290,1534
804009952146469650,PCG,P1_DURABLE_RANKED,true,true,OPEN_REVIEW,unknown,,69331C108 694308107,2006-08-25,2023-02-17,MANUAL_CONFLICT;MULTIPLE_CUSIPS,34051269919,false,0,0,272,296,5050
1104508571422042454,PKX,P1_DURABLE_RANKED,true,true,OPEN_REVIEW,common,,693483109 730450103,2006-07-05,2026-07-27,MULTIPLE_CUSIPS,34051269919,false,0,0,271,201,2008
368784581101499417,CAL1,P1_DURABLE_RANKED,true,true,OPEN_REVIEW,common,,210795308 210795100,2006-07-05,2010-09-30,MULTIPLE_CUSIPS,34051269919,false,0,0,268,273,1069
153535438649515067,AX,P1_DURABLE_RANKED,true,true,OPEN_REVIEW,common,,05465C100 05566U108,2024-03-22,2024-03-27,MULTIPLE_CUSIPS,34051269919,false,0,0,265,231,1387
338428006488523117,EQNR,P1_DURABLE_RANKED,true,true,OPEN_REVIEW,common,,29446M102 85771P102,2006-09-15,2026-07-31,MULTIPLE_CUSIPS,34051269919,false,0,0,258,302,4770
387526833910121934,FDG1,P1_DURABLE_RANKED,true,true,OPEN_REVIEW,common,,345425102 345426100,2006-07-05,2008-10-24,MULTIPLE_CUSIPS,34051269919,false,0,0,257,164,521
292100658301919299,BLDP,P1_DURABLE_RANKED,true,true,OPEN_REVIEW,common,,058586108 05858H104,2014-03-04,2026-07-28,MULTIPLE_CUSIPS,34051269919,false,0,0,252,192,839
810272368527364966,GG,P1_DURABLE_RANKED,true,true,OPEN_REVIEW,common,,380956409 380956102,2006-07-05,2019-04-17,MULTIPLE_CUSIPS,34051269919,false,0,0,243,473,3219
1056985280028675237,CAA,P1_DURABLE_RANKED,true,true,OPEN_REVIEW,common,,128195104 85375C101,2008-02-04,2015-10-01,MULTIPLE_CUSIPS,34051269919,false,0,0,240,233,1867
153133684265451089,HEROQ,P1_DURABLE_RANKED,true,true,OPEN_REVIEW,common,,427093109 427093307 427093117,2006-11-17,2014-07-21,MULTIPLE_CUSIPS,34051269919,false,0,0,235,109,809
1137097334490607165,INSG,P1_DURABLE_RANKED,true,true,OPEN_REVIEW,common,,45782B104 45782B302 66987M604 66987M109,2007-03-02,2009-11-20,MULTIPLE_CUSIPS,34051269919,false,0,0,233,126,477
548321324542581421,BRFS,P1_DURABLE_RANKED,true,true,OPEN_REVIEW,common,,10552T107 71361V303,2009-08-04,2025-07-17,MULTIPLE_CUSIPS,34051269919,false,0,0,231,263,2109
1101080509353697420,VVUSQ,P1_DURABLE_RANKED,true,true,OPEN_REVIEW,common,,928551100 928551308,2009-09-09,2014-03-31,MULTIPLE_CUSIPS,34051269919,false,0,0,230,235,786
790051607473284035,CHE,P1_DURABLE_RANKED,true,true,OPEN_REVIEW,common,,16359R103 163596109 778787101,2006-07-26,2026-07-31,MULTIPLE_CUSIPS,34051269919,false,0,0,230,190,2716
716118408840229184,ACORQ,P1_DURABLE_RANKED,true,true,OPEN_REVIEW,common,,00484M106 00484M601 00484M700,2006-09-26,2018-10-05,MULTIPLE_CUSIPS,34051269919,false,0,0,229,305,857
624049122246070482,KEM1,P1_DURABLE_RANKED,true,true,OPEN_REVIEW,common,,488360207 488360108,2017-07-19,2020-06-12,MULTIPLE_CUSIPS,34051269919,false,0,0,227,168,565
821088485879503592,LCINQ,P1_DURABLE_RANKED,true,true,OPEN_REVIEW,common,,516012101 516012200,2014-02-19,2019-10-10,MULTIPLE_CUSIPS,34051269919,false,0,0,225,243,774
823234404046056619,XL1,P1_DURABLE_RANKED,true,true,OPEN_REVIEW,common,,G98294104 G98290102 G98255105 G32429105 G3242A102,2006-07-05,2018-09-11,MULTIPLE_CUSIPS,34051269919,false,0,0,223,151,3068
490553424496543785,BASXQ,P1_DURABLE_RANKED,true,true,OPEN_REVIEW,common,,06985P100 06985P209,2011-04-29,2017-05-12,MULTIPLE_CUSIPS,34051269919,false,0,0,222,166,669
112676300749674495,HMA1,P1_DURABLE_RANKED,true,true,OPEN_REVIEW,common,,421933102 421922105,2006-07-05,2014-01-24,MULTIPLE_CUSIPS,34051269919,false,0,0,213,235,1602
405838849220324175,KL,P1_DURABLE_RANKED,true,true,OPEN_REVIEW,common,,49741E100 49740P106,2018-08-20,2022-02-08,MULTIPLE_CUSIPS,34051269919,false,0,0,208,148,870
195255558794917781,SVNTQ,P1_DURABLE_RANKED,true,true,OPEN_REVIEW,common,,80517Q100 090578105,2007-12-13,2011-06-02,MULTIPLE_CUSIPS,34051269919,false,0,0,206,105,452
660854745015090064,FSM,P1_DURABLE_RANKED,true,true,OPEN_REVIEW,common,,349915108 349942102,2020-06-19,2026-07-31,MULTIPLE_CUSIPS,34051269919,false,0,0,205,142,911
482282576872746124,PL1,P1_DURABLE_RANKED,true,true,OPEN_REVIEW,common,,743674103 743674202,2007-02-08,2015-01-30,MULTIPLE_CUSIPS,34051269919,false,0,0,201,77,548
257995258404860206,ERF,P1_DURABLE_RANKED,true,true,OPEN_REVIEW,common,,292766102 29274D604,2006-07-05,2024-05-30,MULTIPLE_CUSIPS,34051269919,false,0,0,200,128,1414
470898446993080544,CAM2,P1_DURABLE_RANKED,true,true,OPEN_REVIEW,common,,13342B105 216640102,2006-07-05,2016-04-01,MULTIPLE_CUSIPS,34051269919,false,0,0,194,155,2453
300480570843838414,GTI1,P1_DURABLE_RANKED,true,true,OPEN_REVIEW,common,,384313102 90262K109,2007-05-09,2015-06-23,MULTIPLE_CUSIPS,34051269919,false,0,0,193,157,924
784755978994935882,ANVGQ,P1_DURABLE_RANKED,true,true,OPEN_REVIEW,common,,019344100 448629105,2010-05-21,2014-04-17,MULTIPLE_CUSIPS,34051269919,false,0,0,191,176,753
1089135472417080980,KCG1,P1_DURABLE_RANKED,true,true,OPEN_REVIEW,common,,499005106 499063105 499067106 499068104,2006-07-05,2012-12-26,MULTIPLE_CUSIPS,34051269919,false,0,0,188,134,1078
1129027503593469049,TSEOF,P1_DURABLE_RANKED,true,true,OPEN_REVIEW,common,,L9340P101 G9059U107,2016-03-22,2022-04-29,MULTIPLE_CUSIPS,34051269919,false,0,0,188,105,879
177752727931112051,LVNTA,P1_DURABLE_RANKED,true,true,OPEN_REVIEW,common,,53071M880 53071M856,2013-02-13,2018-03-09,MULTIPLE_CUSIPS,34051269919,false,0,0,188,121,1227
247760171879345881,INSYQ,P1_DURABLE_RANKED,true,true,OPEN_REVIEW,common,,45824V209 45824V100,2014-03-05,2018-02-01,MULTIPLE_CUSIPS,34051269919,false,0,0,188,127,296
643299980994811152,DSHK,P1_DURABLE_RANKED,true,true,OPEN_REVIEW,common,,262077100 65105M108 65105M603 65105M504,2006-12-22,2014-11-25,MULTIPLE_CUSIPS,34051269919,false,0,0,187,78,899
765856696925416500,SHLDQ,P1_DURABLE_RANKED,true,true,OPEN_REVIEW,common,,812350106 498780105,2006-07-05,2017-04-27,MULTIPLE_CUSIPS,34051269919,false,0,0,186,364,2325
56251943382633799,HK1,P1_DURABLE_RANKED,true,true,OPEN_REVIEW,common,,716495106 08659A104 08659A302,2006-07-05,2011-08-25,MULTIPLE_CUSIPS,34051269919,false,0,0,184,238,1281
345679706151556113,SU,P1_DURABLE_RANKED,true,true,OPEN_REVIEW,common,,867224107 867229106,2006-07-05,2026-07-31,MULTIPLE_CUSIPS,34051269919,false,0,0,180,359,5050
703395824663586593,DNN,P1_DURABLE_RANKED,true,true,OPEN_REVIEW,common,,248356107 46052H102,2021-02-12,2026-07-31,MULTIPLE_CUSIPS,34051269919,false,0,0,180,175,780
1144313377406956370,XCOOQ,P1_DURABLE_RANKED,true,true,OPEN_REVIEW,common,,269279402 269279501 269279600,2007-08-10,2014-10-21,MULTIPLE_CUSIPS,34051269919,false,0,0,176,259,1567
57411840384698119,UBS,P1_DURABLE_RANKED,true,true,OPEN_REVIEW,common,,H42097107 H89231338 H8920M855 H8920G155,2006-07-05,2026-07-31,MULTIPLE_CUSIPS,34051269919,false,0,0,174,246,5015
937472210068847237,VRN,P1_DURABLE_RANKED,true,true,OPEN_REVIEW,common,,22576C101 92340V107,2016-03-24,2025-05-09,MULTIPLE_CUSIPS,34051269919,false,0,0,174,185,861
1001469623216439292,CNH1,P1_DURABLE_RANKED,true,true,OPEN_REVIEW,common,,N20935206 N62648105 N20935107,2007-02-26,2013-05-14,MULTIPLE_CUSIPS,34051269919,false,0,0,170,116,700
46705815074361203,SUN1,P1_DURABLE_RANKED,true,true,OPEN_REVIEW,common,,86764P109 866762107,2006-07-05,2012-10-03,MULTIPLE_CUSIPS,34051269919,false,0,0,170,152,1576
67573316626643986,BEAT1,P1_DURABLE_RANKED,true,true,OPEN_REVIEW,common,,090672106 14159L103,2009-05-01,2021-02-08,MULTIPLE_CUSIPS,34051269919,false,0,0,170,56,312
1037451286237013475,DFODQ,P1_DURABLE_RANKED,true,true,OPEN_REVIEW,common,,242370203 242370104 865077101,2006-07-05,2018-04-09,MULTIPLE_CUSIPS,34051269919,false,0,0,167,400,2857
727654521122872319,EP1,P1_DURABLE_RANKED,true,true,OPEN_REVIEW,common,,28336L109 283905107,2006-07-05,2012-05-24,MULTIPLE_CUSIPS,34051269919,false,0,0,165,114,1485
748865578216434536,NYX1,P1_DURABLE_RANKED,true,true,OPEN_REVIEW,common,,629491101 62949W103,2006-09-06,2013-11-12,MULTIPLE_CUSIPS,34051269919,false,0,0,161,122,1810
1035830090364021089,HQCL,P1_DURABLE_RANKED,true,true,OPEN_REVIEW,common,,41135V103 41135V301 83415U108,2007-12-03,2011-02-14,MULTIPLE_CUSIPS,34051269919,false,0,0,160,102,358
647967670841206151,SUNWQ,P1_DURABLE_RANKED,true,true,OPEN_REVIEW,common,,86803X204 86803X105 83417A209 83417A100 55448V204,2020-09-24,2021-07-12,MULTIPLE_CUSIPS,34051269919,false,0,0,158,76,179
414649767280734725,TW2,P1_DURABLE_RANKED,true,true,OPEN_REVIEW,common,,891894107 942712100,2007-08-16,2016-01-04,MULTIPLE_CUSIPS,34051269919,false,0,0,157,126,1210
169645355004035769,GOGL1,P1_DURABLE_RANKED,true,true,OPEN_REVIEW,common,,G39637205 G39637106 G5299G106,2021-09-20,2025-08-19,MULTIPLE_CUSIPS,34051269919,false,0,0,153,74,416
440725349157863081,QVCAQ,P1_DURABLE_RANKED,true,true,OPEN_REVIEW,common,,74915M100 53071M104 74915M605,2006-11-07,2023-03-01,MULTIPLE_CUSIPS,34051269919,false,0,0,152,248,3855
908793440963430061,ACIIQ,P1_DURABLE_RANKED,true,true,OPEN_REVIEW,common,,039380100 039380308,2006-07-05,2015-09-25,MULTIPLE_CUSIPS,34051269919,false,0,0,151,308,2050
213870456264344634,ACB,P1_DURABLE_RANKED,true,true,OPEN_REVIEW,common,,05156X884 05156X108 05156X850,2017-11-30,2025-03-05,MULTIPLE_CUSIPS,34051269919,false,0,0,150,214,1010
410782084757237754,ERIC,P1_DURABLE_RANKED,true,true,OPEN_REVIEW,common,,294821608 294821400 294821509,2006-07-05,2026-07-31,MULTIPLE_CUSIPS,34051269919,false,0,0,150,292,5023
615127660198584874,GFASY,P1_DURABLE_RANKED,true,true,OPEN_REVIEW,common,,362607301 362607400 362607608,2007-12-18,2012-03-06,MULTIPLE_CUSIPS,34051269919,false,0,0,149,105,815
242817260532849391,CPPRQ,P1_DURABLE_RANKED,true,true,OPEN_REVIEW,common,,708160106 679535104,2006-07-05,2019-03-27,MULTIPLE_CUSIPS,34051269919,false,0,0,139,453,3123
697624355036831787,NWG,P1_DURABLE_RANKED,true,true,OPEN_REVIEW,common,,639057207 780097689 639057108 780097721,2008-10-09,2026-07-31,MULTIPLE_CUSIPS,34051269919,false,0,0,137,20,547
801493210686105331,NKLAQ,P1_DURABLE_RANKED,true,true,OPEN_REVIEW,common,,654110105 654110303 92243N103 92243N202,2020-03-04,2025-01-17,MULTIPLE_CUSIPS,34051269919,false,0,0,137,203,930
352070480355017297,ASNAQ,P1_DURABLE_RANKED,true,true,OPEN_REVIEW,common,,04351G101 04351G200 261570105,2006-07-05,2018-06-25,MULTIPLE_CUSIPS,34051269919,false,0,0,136,211,1754
659537267342817477,DPTRQ,P1_DURABLE_RANKED,true,true,OPEN_REVIEW,common,,247907207 247907306,2006-09-15,2009-10-19,MULTIPLE_CUSIPS,34051269919,false,0,0,135,99,453
594891209465982980,PDS,P1_DURABLE_RANKED,true,true,OPEN_REVIEW,unknown,,74022D308 74022D407 740215108 74022D100,2006-07-05,2015-06-04,MANUAL_CONFLICT;MULTIPLE_CUSIPS,34051269919,false,0,0,133,123,442
682451706837485270,AROC,P1_DURABLE_RANKED,true,true,OPEN_REVIEW,common,,03957W106 30225X103,2009-08-05,2015-10-21,MULTIPLE_CUSIPS,34051269919,false,0,0,133,179,1681
64207844585346273,ROSEQ,P1_DURABLE_RANKED,true,true,OPEN_REVIEW,common,,777385105 49877M108 49877M207 777385204,2010-11-10,2015-06-12,MULTIPLE_CUSIPS,34051269919,false,0,0,132,200,1126
1119755750402433659,TRIL1,P1_DURABLE_RANKED,true,true,OPEN_REVIEW,common,,89620X506 89620X100,2020-01-22,2021-11-16,MULTIPLE_CUSIPS,34051269919,false,0,0,127,70,171
995805153065282380,CMBT,P1_DURABLE_RANKED,true,true,OPEN_REVIEW,common,,B38564108 B38564124,2019-10-18,2026-06-26,MULTIPLE_CUSIPS,34051269919,false,0,0,127,150,690
882904858327189489,BEL,P1_DURABLE_RANKED,true,true,OPEN_REVIEW,common,,G1154H107 G67743107,2007-02-27,2019-04-15,MULTIPLE_CUSIPS,34051269919,false,0,0,126,72,453
349467349494008517,OZK,P1_DURABLE_RANKED,true,true,OPEN_REVIEW,common,,06417N103 063904106,2014-06-27,2026-07-31,MULTIPLE_CUSIPS,34051269919,false,0,0,125,146,2740
652563215601597373,TFCFA,P1_DURABLE_RANKED,true,true,OPEN_REVIEW,common,,90130A101 65248E104 652487802,2006-07-05,2019-03-19,MULTIPLE_CUSIPS,34051269919,false,0,0,125,130,3198
816141212186568365,LOGI,P1_DURABLE_RANKED,true,true,OPEN_REVIEW,common,,H50430232 541419107,2007-01-23,2026-07-31,MULTIPLE_CUSIPS,34051269919,false,0,0,125,217,2335
477532852063999654,ALR1,P1_DURABLE_RANKED,true,true,OPEN_REVIEW,common,,01449J105 46126P106,2007-06-05,2017-10-02,MULTIPLE_CUSIPS,34051269919,false,0,0,124,234,1796
760884981490078455,AMRSQ,P1_DURABLE_RANKED,true,true,OPEN_REVIEW,common,,03236M200 03236M101,2019-02-06,2022-10-11,MULTIPLE_CUSIPS,34051269919,false,0,0,124,120,392
1032530646820936253,WFC,P1_DURABLE_RANKED,true,true,OPEN_REVIEW,common,,949746101 669380107,2018-02-01,2018-02-08,MULTIPLE_CUSIPS,34051269919,false,0,0,123,170,5050
453781472257660077,LKM,P1_DURABLE_RANKED,true,true,OPEN_REVIEW,common,,64118U108 53577L105,2013-08-02,2015-01-16,MULTIPLE_CUSIPS,34051269919,false,0,0,123,121,318
358282078487960651,RSHCQ,P1_DURABLE_RANKED,true,true,OPEN_REVIEW,common,,750438103 875382103 74979E101,2006-07-05,2012-05-23,MULTIPLE_CUSIPS,34051269919,false,0,0,122,166,1484
493313832415681080,NXY,P1_DURABLE_RANKED,true,true,OPEN_REVIEW,common,,65334H102 136420106,2006-07-05,2013-02-25,MULTIPLE_CUSIPS,34051269919,false,0,0,122,127,1672
291579668231200993,TFCF,P1_DURABLE_RANKED,true,true,OPEN_REVIEW,common,,90130A200 65248E203 652487703,2006-07-05,2019-03-19,MULTIPLE_CUSIPS,34051269919,false,0,0,121,114,3198
481857333199692347,NBEVQ,P1_DURABLE_RANKED,true,true,OPEN_REVIEW,common,,64157V108 650194103 024718108,2018-09-19,2019-05-22,MULTIPLE_CUSIPS,34051269919,false,0,0,120,68,169
93116911439830233,CDCAQ,P1_DURABLE_RANKED,true,true,OPEN_REVIEW,common,,G2108N109 G2022L106 G2022L114,2006-11-20,2008-01-15,MULTIPLE_CUSIPS,34051269919,false,0,0,119,38,211
836772800751594867,OTRKQ,P1_DURABLE_RANKED,true,true,OPEN_REVIEW,common,,683373104 149049504 683373302 683373401 44919F104 149049405 149049108 149049207,2020-08-06,2021-11-18,MULTIPLE_CUSIPS,34051269919,false,0,0,118,48,182
397304374943978012,BBVA,P1_DURABLE_RANKED,true,true,OPEN_REVIEW,common,,05946K101 07329Q507 059456103 059456400,2007-02-16,2026-07-31,MULTIPLE_CUSIPS,34051269919,false,0,0,116,165,2110
18397188588917778,EQX,P1_DURABLE_RANKED,true,true,OPEN_REVIEW,common,,29446Y502 29446Y304 29446Y106,2020-04-24,2026-07-31,MULTIPLE_CUSIPS,34051269919,false,0,0,115,83,553
263440498600908021,DHOXY,P1_DURABLE_RANKED,true,true,OPEN_REVIEW,common,,25030W100 25030W209,2006-12-28,2010-03-05,MULTIPLE_CUSIPS,34051269919,false,0,0,115,33,484
837082428109450568,NEBLQ,P1_DURABLE_RANKED,true,true,OPEN_REVIEW,common,,G65431101 H5833N103 G65422100 655042109,2006-07-05,2018-12-31,MULTIPLE_CUSIPS,34051269919,false,0,0,114,350,3131
64206123129785849,JRJC,P1_DURABLE_RANKED,true,true,OPEN_REVIEW,common,,169379104 169379203,2007-09-24,2020-07-20,MULTIPLE_CUSIPS,34051269919,false,0,0,112,74,186
596606942920510462,BTE,P1_DURABLE_RANKED,true,true,OPEN_REVIEW,common,,07317Q105 073176109,2011-05-16,2026-07-31,MULTIPLE_CUSIPS,34051269919,false,0,0,111,96,849
23018337810254348,MMATQ,P1_DURABLE_RANKED,true,true,OPEN_REVIEW,common,,59134N104 89102U103 59134N302 731100103,2021-02-08,2022-12-29,MULTIPLE_CUSIPS,34051269919,false,0,0,110,71,216
924217175469612074,POM1,P1_DURABLE_RANKED,true,true,OPEN_REVIEW,common,,713291102 737679100,2006-12-05,2016-03-23,MULTIPLE_CUSIPS,34051269919,false,0,0,109,79,2275
404258436948279053,VTS1,P1_DURABLE_RANKED,true,true,OPEN_REVIEW,common,,92343P107 253804306,2006-07-05,2007-01-11,MULTIPLE_CUSIPS,34051269919,false,0,0,108,38,132
469456447416982021,DMTKQ,P1_DURABLE_RANKED,true,true,OPEN_REVIEW,common,,24984K105 G2379F108 G2379F124,2020-12-31,2021-08-18,MULTIPLE_CUSIPS,34051269919,false,0,0,108,46,159
503186678476381570,VELO,P1_DURABLE_RANKED,true,true,OPEN_REVIEW,common,,92259N104 G50740102 92259N302 92259N203,2021-11-23,2021-11-30,MULTIPLE_CUSIPS,34051269919,false,0,0,107,63,151
253712989797197450,EGLE2,P1_DURABLE_RANKED,true,true,OPEN_REVIEW,common,,Y2187A150 Y2187A143 Y2187A119 Y2187A127 Y2187A101,2007-07-26,2024-04-08,MULTIPLE_CUSIPS,34051269919,false,0,0,106,77,385
1032449844265145568,APWR1,P1_DURABLE_RANKED,true,true,OPEN_REVIEW,common,,G04136100 G04136118 G04136209,2008-06-20,2010-04-08,MULTIPLE_CUSIPS,34051269919,false,0,0,104,34,137
458587006915592303,IDEXQ,P1_DURABLE_RANKED,true,true,OPEN_REVIEW,common,,45166V106 45166V205 81789Y102 98741R207 94850Q106 98741R108 16938M104,2020-06-17,2021-12-08,MULTIPLE_CUSIPS,34051269919,false,0,0,104,68,255
323335118726927382,FLG,P1_DURABLE_RANKED,true,true,OPEN_REVIEW,common,,649445103 649445400 748242104,2006-07-05,2026-07-31,MULTIPLE_CUSIPS,34051269919,false,0,0,103,207,4986
1150032651693992592,TKC,P1_DURABLE_RANKED,true,true,OPEN_REVIEW,common,,900111204 900111105,2007-08-16,2025-10-15,MULTIPLE_CUSIPS,34051269919,false,0,0,102,41,293
500990921491854993,CNR2,P1_DURABLE_RANKED,true,true,OPEN_REVIEW,common,,628852204 21925D109 628852105,2006-07-05,2022-07-22,MULTIPLE_CUSIPS,34051269919,false,0,0,102,58,313
645812499638572541,FRANQ,P1_DURABLE_RANKED,true,true,OPEN_REVIEW,common,,351793104 351793203,2012-04-18,2020-07-29,MULTIPLE_CUSIPS,34051269919,false,0,0,102,124,560
367809761125398317,CEG1,P1_DURABLE_RANKED,true,true,OPEN_REVIEW,common,,210371100 059165100,2006-07-05,2012-03-12,MULTIPLE_CUSIPS,34051269919,false,0,0,101,73,1433
647605362927682776,WR1,P1_DURABLE_RANKED,true,true,OPEN_REVIEW,common,,95709T100 959425109,2007-06-12,2018-06-04,MULTIPLE_CUSIPS,34051269919,false,0,0,100,51,2206
819475645860203151,MTLQQ,P1_DURABLE_RANKED,true,true,OPEN_REVIEW,common,,370442105 370442402 370442501 62010U101 62010A105,2006-07-05,2009-07-10,MULTIPLE_CUSIPS,34051269919,false,0,0,98,88,748
214877619014563439,FUVV,P1_DURABLE_RANKED,true,true,OPEN_REVIEW,common,,039587100 039587209,2020-11-19,2021-07-28,MULTIPLE_CUSIPS,34051269919,false,0,0,97,67,139
285093631861891744,BFXXQ,P1_DURABLE_RANKED,true,true,OPEN_REVIEW,common,,63910B102 254931108,2020-08-24,2021-04-21,MULTIPLE_CUSIPS,34051269919,false,0,0,97,50,166
324243700516094246,SGYPQ,P1_DURABLE_RANKED,true,true,OPEN_REVIEW,common,,871639308 871639209 871639100,2015-06-17,2017-12-08,MULTIPLE_CUSIPS,34051269919,false,0,0,97,60,214
193588831378973240,OKS,P1_DURABLE_RANKED,true,true,OPEN_REVIEW,common,,68268N103 664785102,2009-06-23,2017-06-30,MULTIPLE_CUSIPS,34051269919,false,0,0,96,92,1143
652203078943743046,CNSY,P1_DURABLE_RANKED,true,true,OPEN_REVIEW,common,,23283K105 72941H400 23283K204 72941H509 23283K402 72941H806 72941H103,2006-07-05,2025-03-27,MULTIPLE_CUSIPS,34051269919,false,0,0,96,75,187
711458655922744689,TFC,P1_DURABLE_RANKED,true,true,OPEN_REVIEW,unknown,,89832Q109 054937107 843444100,2006-07-05,2019-12-10,MANUAL_CONFLICT;MULTIPLE_CUSIPS,34051269919,false,0,0,96,154,5050
483640223480714943,TT,P1_DURABLE_RANKED,true,true,OPEN_REVIEW,common,,G8994E103 G47791101 G4776G101 456866102,2016-06-22,2018-02-12,MULTIPLE_CUSIPS,34051269919,false,0,0,94,161,5050
551894809158706341,JAVA1,P1_DURABLE_RANKED,true,true,OPEN_REVIEW,common,,866810203 866810104,2006-07-05,2010-01-26,MULTIPLE_CUSIPS,34051269919,false,0,0,94,86,897
11216770926041725,CCE1,P1_DURABLE_RANKED,true,true,OPEN_REVIEW,common,,19122T109 191219104,2006-07-05,2016-05-27,MULTIPLE_CUSIPS,34051269919,false,0,0,93,66,2493
157059211001311018,SA,P1_DURABLE_RANKED,true,true,OPEN_REVIEW,common,,811916105 811927102,2010-05-20,2026-07-10,MULTIPLE_CUSIPS,34051269919,false,0,0,92,54,215
102913681476067012,C,P1_DURABLE_RANKED,true,true,OPEN_REVIEW,common,,172967424 172967101 894190107,2017-09-29,2017-10-03,MULTIPLE_CUSIPS,34051269919,false,0,0,91,202,5050
342247754560677675,BEC1,P1_DURABLE_RANKED,true,true,OPEN_REVIEW,common,,075811109 075816108,2006-07-05,2011-06-29,MULTIPLE_CUSIPS,34051269919,false,0,0,91,73,1226
569370157886073038,DNMRQ,P1_DURABLE_RANKED,true,true,OPEN_REVIEW,common,,236272100 53804F103 236272407,2020-12-30,2022-03-28,MULTIPLE_CUSIPS,34051269919,false,0,0,91,64,291
700503722601979334,RYI1,P1_DURABLE_RANKED,true,true,OPEN_REVIEW,common,,457472108 78375P107,2006-12-15,2007-10-18,MULTIPLE_CUSIPS,34051269919,false,0,0,91,62,195
492909916813820707,NUAI,P1_DURABLE_RANKED,true,true,OPEN_REVIEW,common,,77867R100 64428N109,2025-09-25,2026-07-31,MULTIPLE_CUSIPS,34051269919,false,0,0,90,74,184
944174442226145604,MI2,P1_DURABLE_RANKED,true,true,OPEN_REVIEW,common,,571837103 571834100,2006-07-05,2011-07-05,MULTIPLE_CUSIPS,34051269919,false,0,0,90,143,1260
1104896316141077892,DDAIF,P1_DURABLE_RANKED,true,true,OPEN_REVIEW,common,,D1668R123 233829308 233825207 233825108,2006-07-05,2010-06-11,MULTIPLE_CUSIPS,34051269919,false,0,0,87,57,870
358367629315548264,ABCM,P1_DURABLE_RANKED,true,true,OPEN_REVIEW,common,,000380204 000380105,2023-06-09,2023-12-05,MULTIPLE_CUSIPS,34051269919,false,0,0,87,22,124
605056745802848097,BCE,P1_DURABLE_RANKED,true,true,OPEN_REVIEW,common,,05534B760 05534B109,2007-04-04,2026-07-31,MULTIPLE_CUSIPS,34051269919,false,0,0,87,88,4593
103118562012262941,GMXRQ,P1_DURABLE_RANKED,true,true,OPEN_REVIEW,common,,38011M603 38011M108 38011M124 38011M207,2008-06-11,2011-03-04,MULTIPLE_CUSIPS,34051269919,false,0,0,83,45,143
154787694246958247,PPMIQ,P1_DURABLE_RANKED,true,true,OPEN_REVIEW,common,,69344M101 69344M507,2006-07-05,2011-03-03,MULTIPLE_CUSIPS,34051269919,false,0,0,83,71,604
365000158987626639,OREXQ,P1_DURABLE_RANKED,true,true,OPEN_REVIEW,common,,686164104 686164302,2010-12-08,2015-05-29,MULTIPLE_CUSIPS,34051269919,false,0,0,83,93,210
404606604472462818,LIFE2,P1_DURABLE_RANKED,true,true,OPEN_REVIEW,common,,53217V109 46185R100,2006-07-05,2014-02-03,MULTIPLE_CUSIPS,34051269919,false,0,0,83,112,1909
603451986059143781,MAXNQ,P1_DURABLE_RANKED,true,true,OPEN_REVIEW,common,,Y58473102 Y58473128,2021-03-01,2024-11-26,MULTIPLE_CUSIPS,34051269919,false,0,0,82,54,202
200782403799405397,DNA1,P1_DURABLE_RANKED,true,true,OPEN_REVIEW,common,,368710406 368710109,2006-07-05,2009-03-26,MULTIPLE_CUSIPS,34051269919,false,0,0,79,71,687
1116777537423033703,ARVLF,P1_DURABLE_RANKED,true,true,OPEN_REVIEW,common,,L0423Q108 12559C103 L0423Q124,2020-11-19,2022-05-17,MULTIPLE_CUSIPS,34051269919,false,0,0,78,46,312
393159556686986931,PALDF,P1_DURABLE_RANKED,true,true,OPEN_REVIEW,common,,656912102 65704X109,2008-02-22,2011-03-25,MULTIPLE_CUSIPS,34051269919,false,0,0,78,42,101
498165093608150980,IEP,P1_DURABLE_RANKED,true,true,OPEN_REVIEW,common,,451100101 029169109,2013-06-17,2024-09-30,MULTIPLE_CUSIPS,34051269919,false,0,0,77,49,573
911227416551377854,UL,P1_DURABLE_RANKED,true,true,OPEN_REVIEW,common,,904767704 904767803 904784501 904767605,2007-03-15,2026-07-31,MULTIPLE_CUSIPS,34051269919,false,0,0,76,121,4748
406563920163442612,OR,P1_DURABLE_RANKED,true,true,OPEN_REVIEW,common,,68827L101 68390D106,2022-03-23,2026-07-31,MULTIPLE_CUSIPS,34051269919,false,0,0,75,37,365
847737169274061170,VEDL,P1_DURABLE_RANKED,true,true,OPEN_REVIEW,common,,92242Y100 78413F103 859737207,2007-12-18,2021-11-05,MULTIPLE_CUSIPS,34051269919,false,0,0,75,9,97
511484518106596204,FTRCQ,P1_DURABLE_RANKED,true,true,OPEN_REVIEW,common,,35906A108 35906A306 17453B101 177342201 177342102,2006-07-05,2018-10-18,MULTIPLE_CUSIPS,34051269919,false,0,0,73,205,2979
562358948924032972,BTI,P1_DURABLE_RANKED,true,true,OPEN_REVIEW,common,,110448107 055270508,2008-09-30,2026-07-31,MULTIPLE_CUSIPS,34051269919,false,0,0,73,97,3637
572436205509811668,PHG,P1_DURABLE_RANKED,true,true,OPEN_REVIEW,common,,500472303 500472105 500472204 718337504,2006-07-05,2026-07-31,MULTIPLE_CUSIPS,34051269919,false,0,0,72,145,4112
311401067615371248,CAMPQ,P1_DURABLE_RANKED,true,true,OPEN_REVIEW,common,,128126109 128126208 129900106,2013-12-31,2015-05-19,MULTIPLE_CUSIPS,34051269919,false,0,0,71,38,150
545177556909447372,EBIXQ,P1_DURABLE_RANKED,true,true,OPEN_REVIEW,common,,278715206 247171101 278715107 247171200,2009-11-04,2022-04-05,MULTIPLE_CUSIPS,34051269919,false,0,0,71,29,293
678547141734698310,RIDEQ,P1_DURABLE_RANKED,true,true,OPEN_REVIEW,common,,54405Q100 25280H100 54405Q209 25280H209,2020-08-04,2022-06-09,MULTIPLE_CUSIPS,34051269919,false,0,0,71,85,427
888056120539582187,SHEL,P1_DURABLE_RANKED,true,true,OPEN_REVIEW,common,,780259305 780259206 780257804 780257705 822703609 780257903,2006-07-05,2026-07-31,MULTIPLE_CUSIPS,34051269919,false,0,0,71,150,5049
1042287044744322383,JMEI,P1_DURABLE_RANKED,true,true,OPEN_REVIEW,common,,48138L107 48138L206,2014-11-20,2016-01-25,MULTIPLE_CUSIPS,34051269919,false,0,0,70,48,179
1123392224175347435,LSPD,P1_DURABLE_RANKED,true,true,OPEN_REVIEW,common,,53229C107 53227R106,2021-03-15,2024-06-12,MULTIPLE_CUSIPS,34051269919,false,0,0,70,83,475
556078666002943481,OIGBQ,P1_DURABLE_RANKED,true,true,OPEN_REVIEW,common,,126576206 68559A109 68559A208 68283P109 126576107 647537208 946788106,2021-01-12,2021-07-02,MULTIPLE_CUSIPS,34051269919,false,0,0,70,50,71
818427207626286294,PGN1,P1_DURABLE_RANKED,true,true,OPEN_REVIEW,common,,743263105 144141108 12614C106,2006-07-05,2012-07-02,MULTIPLE_CUSIPS,34051269919,false,0,0,70,60,1511
831371468261077058,ESLRQ,P1_DURABLE_RANKED,true,true,OPEN_REVIEW,common,,30033R306 30033R108,2006-07-05,2009-07-17,MULTIPLE_CUSIPS,34051269919,false,0,0,69,136,504
461600950471082009,BRLCQ,P1_DURABLE_RANKED,true,true,OPEN_REVIEW,common,,87163L103 10949P107,2006-11-16,2007-10-15,MULTIPLE_CUSIPS,34051269919,false,0,0,68,41,136
556939594331583684,SII,P1_DURABLE_RANKED,true,true,OPEN_REVIEW,common,,852066208 852066109,2025-01-06,2026-07-23,MULTIPLE_CUSIPS,34051269919,false,0,0,68,26,128
1144505983159245450,AUQ,P1_DURABLE_RANKED,true,true,OPEN_REVIEW,common,,05155C105 36467T106 364915108,2009-11-16,2015-01-20,MULTIPLE_CUSIPS,34051269919,false,0,0,67,79,382
6925516220905516,HEXO,P1_DURABLE_RANKED,true,true,OPEN_REVIEW,common,,428304109 428304307 428304406,2020-06-08,2021-11-29,MULTIPLE_CUSIPS,34051269919,false,0,0,67,39,169
872015801854314611,BEBE1,P1_DURABLE_RANKED,true,true,OPEN_REVIEW,common,,075571109 075571208,2006-08-18,2007-02-12,MULTIPLE_CUSIPS,34051269919,false,0,0,67,28,121
1020754940824385887,IOGPQ,P1_DURABLE_RANKED,true,true,OPEN_REVIEW,common,,462044108 462044207 457652105,2007-11-20,2021-11-04,MULTIPLE_CUSIPS,34051269919,false,0,0,66,33,114
487869582447266471,TT2,P1_DURABLE_RANKED,true,true,OPEN_REVIEW,common,,892893108 029712106,2006-07-05,2008-06-05,MULTIPLE_CUSIPS,34051269919,false,0,0,66,31,483
254714768819945876,CBDBY,P1_DURABLE_RANKED,true,true,OPEN_REVIEW,common,,20440T201 20440T300,2008-03-05,2021-03-24,MULTIPLE_CUSIPS,34051269919,false,0,0,64,100,1017
766320971625686200,AMTD1,P1_DURABLE_RANKED,true,true,OPEN_REVIEW,common,,87236Y108 03072H109 03074K100,2006-07-05,2020-10-05,MULTIPLE_CUSIPS,34051269919,false,0,0,64,199,3588
968166522535685044,LFGRQ,P1_DURABLE_RANKED,true,true,OPEN_REVIEW,common,,514936103 521029108,2006-07-26,2008-05-06,MULTIPLE_CUSIPS,34051269919,false,0,0,64,67,305
680958553726136812,OGI,P1_DURABLE_RANKED,true,true,OPEN_REVIEW,common,,68620P101 68620P705 68617J100,2021-01-26,2021-12-10,MULTIPLE_CUSIPS,34051269919,false,0,0,63,34,115
990484726740043660,DTV1,P1_DURABLE_RANKED,true,true,OPEN_REVIEW,common,,25490A309 25490A101 25459L106 444418107,2006-07-05,2015-07-24,MULTIPLE_CUSIPS,34051269919,false,0,0,63,99,2280
696702663051800713,ADCT1,P1_DURABLE_RANKED,true,true,OPEN_REVIEW,common,,000886309 000886101,2006-07-05,2010-09-15,MULTIPLE_CUSIPS,34051269919,false,0,0,62,91,754
842477555715340828,RESI1,P1_DURABLE_RANKED,true,true,OPEN_REVIEW,common,,02153W100 35904G107,2013-10-03,2020-12-21,MULTIPLE_CUSIPS,34051269919,false,0,0,62,37,112
888929808926387396,TRVG,P1_DURABLE_RANKED,true,true,OPEN_REVIEW,common,,89686D105 89686D303,2017-06-27,2021-03-26,MULTIPLE_CUSIPS,34051269919,false,0,0,62,43,98
1142929555094712623,BLIAQ,P1_DURABLE_RANKED,true,true,OPEN_REVIEW,common,,093679108 05532D107,2007-01-12,2007-11-27,MULTIPLE_CUSIPS,34051269919,false,0,0,61,22,118
351896728434615816,MRINQ,P1_DURABLE_RANKED,true,true,OPEN_REVIEW,common,,56804T106 56804T205 56804T304,2018-12-24,2022-01-13,MULTIPLE_CUSIPS,34051269919,false,0,0,61,63,106
618741754657237874,SPIEF,P1_DURABLE_RANKED,true,true,OPEN_REVIEW,common,,G8651P110 78470H109 G8651P201 G8651P102 83490A100,2020-09-23,2021-02-22,MULTIPLE_CUSIPS,34051269919,false,0,0,60,31,81
227060587393674304,PCL1,P1_DURABLE_RANKED,true,true,OPEN_REVIEW,common,,729251108 729237107,2006-07-05,2016-02-19,MULTIPLE_CUSIPS,34051269919,false,0,0,59,33,2418
454790526979868507,SEELQ,P1_DURABLE_RANKED,true,true,OPEN_REVIEW,common,,81577F109 03832V109 03832V307 81577F208 81577F307 81577F406 652903105,2019-03-08,2021-06-14,MULTIPLE_CUSIPS,34051269919,false,0,0,59,37,75
881385647571236858,ORIO,P1_DURABLE_RANKED,true,true,OPEN_REVIEW,common,,60800C109 60800C208 608008108 68627G104,2021-02-11,2025-07-11,MULTIPLE_CUSIPS,34051269919,false,0,0,59,30,62
389698694766158960,TFII,P1_DURABLE_RANKED,true,true,OPEN_REVIEW,common,,87241L109 89366H103,2021-02-05,2026-07-31,MULTIPLE_CUSIPS,34051269919,false,0,0,58,121,1195
496216258498328341,SKE,P1_DURABLE_RANKED,true,true,OPEN_REVIEW,common,,83056P715 83056P103,2025-10-15,2026-07-21,MULTIPLE_CUSIPS,34051269919,false,0,0,57,21,106
624525762102619037,XEL,P1_DURABLE_RANKED,true,true,OPEN_REVIEW,common,,98389B100 665772109,2009-12-14,2009-12-14,MULTIPLE_CUSIPS,34051269919,false,0,0,57,129,5045
856115972129012903,WINMQ,P1_DURABLE_RANKED,true,true,OPEN_REVIEW,common,,97382A101 97382A200 97381W104 97382A309 920255106,2006-07-18,2018-06-01,MULTIPLE_CUSIPS,34051269919,false,0,0,57,94,2399
909161371475655803,CCK,P1_DURABLE_RANKED,true,true,OPEN_REVIEW,common,,228368106 228255105,2006-07-05,2026-07-31,MULTIPLE_CUSIPS,34051269919,false,0,0,57,141,4948
270195894721936305,GP,P1_DURABLE_RANKED,true,true,OPEN_REVIEW,common,,39540E302 39540E401,2020-11-20,2021-02-18,MULTIPLE_CUSIPS,34051269919,false,0,0,56,34,56
316608182834195623,CJESQ,P1_DURABLE_RANKED,true,true,OPEN_REVIEW,common,,12467B304 G3164Q101,2012-01-30,2015-09-03,MULTIPLE_CUSIPS,34051269919,false,0,0,56,69,405
19023067751406413,DGXX,P1_DURABLE_RANKED,true,true,OPEN_REVIEW,common,,25380B102 25381D206 25381D107,2025-10-27,2026-07-22,MULTIPLE_CUSIPS,34051269919,false,0,0,55,35,83
427694133028893811,PQUEQ,P1_DURABLE_RANKED,true,true,OPEN_REVIEW,common,,716748108 716748306 683930200,2008-06-09,2008-10-09,MULTIPLE_CUSIPS,34051269919,false,0,0,55,18,61
105422700513565499,ST,P1_DURABLE_RANKED,true,true,OPEN_REVIEW,common,,G8060N102 N7902X106,2011-12-27,2012-02-07,MULTIPLE_CUSIPS,34051269919,false,0,0,54,100,3687
187908770424317700,CEIN,P1_DURABLE_RANKED,true,true,OPEN_REVIEW,common,,13200M508 13200M607 549333201 13200M201 549333300 13200M102 13200M300 13200M409,2011-03-09,2022-04-20,MULTIPLE_CUSIPS,34051269919,false,0,0,54,58,120
360366760615663399,OIBRQ,P1_DURABLE_RANKED,true,true,OPEN_REVIEW,common,,670851203 670851401 10553M200,2007-08-09,2012-08-22,MULTIPLE_CUSIPS,34051269919,false,0,0,54,59,472
371238123781729047,EDR1,P1_DURABLE_RANKED,true,true,OPEN_REVIEW,common,,28140H203 28140H104,2014-06-20,2018-09-19,MULTIPLE_CUSIPS,34051269919,false,0,0,54,32,556
977786382894847089,FABC,P1_DURABLE_RANKED,true,true,OPEN_REVIEW,common,,054748108 054748207 92931L302 054748306 92931L401 26210U203 26210U104 92931L203 92931L104,2006-09-25,2026-05-26,MULTIPLE_CUSIPS,34051269919,false,0,0,53,101,450
843455423519216577,TTCFQ,P1_DURABLE_RANKED,true,true,OPEN_REVIEW,common,,87663X102 34986F103 34986F202,2020-06-03,2021-12-15,MULTIPLE_CUSIPS,34051269919,false,0,0,51,79,326
905064659577868827,ASAPQ,P1_DURABLE_RANKED,true,true,OPEN_REVIEW,common,,930752100 51476W107 51476W206 930752209,2020-03-19,2021-11-19,MULTIPLE_CUSIPS,34051269919,false,0,0,50,71,96
965579180728514841,HOLI,P1_DURABLE_RANKED,true,true,OPEN_REVIEW,common,,G45667105 G4604M106 15956A109 15956A208,2023-12-12,2024-07-25,MULTIPLE_CUSIPS,34051269919,false,0,0,50,9,56
900676606992458222,TRP,P1_DURABLE_RANKED,true,true,OPEN_REVIEW,unknown,,87807B107 89353D107 893526103,2008-10-09,2026-07-31,MANUAL_CONFLICT;MULTIPLE_CUSIPS,34051269919,false,0,0,49,80,3584
1133666028208707131,DELL1,P1_DURABLE_RANKED,true,true,OPEN_REVIEW,common,,24702R101 247025109,2006-07-05,2013-10-29,MULTIPLE_CUSIPS,34051269919,false,0,0,48,128,1844
305472410938548937,ITG1,P1_DURABLE_RANKED,true,true,OPEN_REVIEW,common,,46145F105 472318104,2006-07-05,2019-01-16,MULTIPLE_CUSIPS,34051269919,false,0,0,48,59,599
98300450827989858,PLD1,P1_DURABLE_RANKED,true,true,OPEN_REVIEW,common,,743410102 743410300 814138103 814138301,2006-07-05,2011-06-02,MULTIPLE_CUSIPS,34051269919,false,0,0,47,77,1238
1135878622873171323,DPRO,P1_DURABLE_RANKED,true,true,OPEN_REVIEW,common,,26142Q304 26142Q205 26142Q106,2022-03-22,2026-02-09,MULTIPLE_CUSIPS,34051269919,false,0,0,45,47,81
366588347960507460,POET,P1_DURABLE_RANKED,true,true,OPEN_REVIEW,common,,73044W302 73044W104,2025-01-06,2026-07-31,MULTIPLE_CUSIPS,34051269919,false,0,0,45,91,226
767007442192935477,SES,P1_DURABLE_RANKED,true,true,OPEN_REVIEW,common,,78397Q109 G4R87P114,2021-11-18,2021-11-24,MULTIPLE_CUSIPS,34051269919,false,0,0,45,37,74
604744643544663608,FIRY,P1_DURABLE_RANKED,true,true,OPEN_REVIEW,common,,83067L109 83067L208 34407Y103 34407Y202,2020-09-03,2026-05-20,MULTIPLE_CUSIPS,34051269919,false,0,0,44,102,444
214204248915913096,EOP,P1_DURABLE_RANKED,true,true,OPEN_REVIEW,common,,294741103 294741202,2006-07-05,2007-02-09,MULTIPLE_CUSIPS,34051269919,false,0,0,43,17,152
410428273002319352,FWONK,P1_DURABLE_RANKED,true,true,OPEN_REVIEW,common,,531229854 531229755 531229300,2019-12-10,2024-09-18,MULTIPLE_CUSIPS,34051269919,false,0,0,43,117,2653
482195723341052987,ETP1,P1_DURABLE_RANKED,true,true,OPEN_REVIEW,common,,29273R109 426918108,2007-07-30,2017-04-27,MULTIPLE_CUSIPS,34051269919,false,0,0,43,91,2250
576774468891329877,YELLQ,P1_DURABLE_RANKED,true,true,OPEN_REVIEW,common,,984249607 985510106 984249102 984249300 985509108 985577105,2006-07-05,2023-08-15,MULTIPLE_CUSIPS,34051269919,false,0,0,43,142,690
1096003132450043065,DD1,P1_DURABLE_RANKED,true,true,OPEN_REVIEW,common,,263534109 263534117,2006-07-05,2017-08-31,MULTIPLE_CUSIPS,34051269919,false,0,0,42,66,2811
210189795761413012,HOKUQ,P1_DURABLE_RANKED,true,true,OPEN_REVIEW,common,,434711107 434712105,2007-01-23,2008-01-31,MULTIPLE_CUSIPS,34051269919,false,0,0,41,54,86
288236439289729704,HLTH1,P1_DURABLE_RANKED,true,true,OPEN_REVIEW,common,,40422Y101 422209106 290849108 94769M105,2006-07-05,2008-12-19,MULTIPLE_CUSIPS,34051269919,false,0,0,41,24,413
653469424920855695,FCE.A,P1_DURABLE_RANKED,true,true,OPEN_REVIEW,common,,345605109 345550107,2007-04-12,2018-12-07,MULTIPLE_CUSIPS,34051269919,false,0,0,41,73,1265
718834017621263734,GRFS,P1_DURABLE_RANKED,true,true,OPEN_REVIEW,common,,398438408 398438309 398438200,2012-04-24,2024-03-27,MULTIPLE_CUSIPS,34051269919,false,0,0,41,60,812
7927904980452015,NM,P1_DURABLE_RANKED,true,true,OPEN_REVIEW,common,,Y62196103 Y62197119 Y62196129,2007-10-15,2008-06-12,MULTIPLE_CUSIPS,34051269919,false,0,0,41,26,64
287367877320854308,TTE,P1_DURABLE_RANKED,true,true,OPEN_REVIEW,common,,89151E109 F92124100,2006-07-05,2026-07-31,MULTIPLE_CUSIPS,34051269919,false,0,0,40,121,5050
466470751566741991,FG2,P1_DURABLE_RANKED,true,true,OPEN_REVIEW,common,,G3402M102 G20307107 G20307123,2017-06-19,2020-06-01,MULTIPLE_CUSIPS,34051269919,false,0,0,40,26,113
133867923656910566,QGEN,P1_DURABLE_RANKED,true,true,OPEN_REVIEW,common,,N72482123 N72482206 N72482149 N72482107 N72482156,2007-06-13,2026-07-31,MULTIPLE_CUSIPS,34051269919,false,0,0,39,179,3674
144700299941973079,ACV1,P1_DURABLE_RANKED,true,true,OPEN_REVIEW,common,,013078100 013068101,2006-07-05,2011-05-10,MULTIPLE_CUSIPS,34051269919,false,0,0,39,43,595
30587235456063600,APPHQ,P1_DURABLE_RANKED,true,true,OPEN_REVIEW,common,,03783T103 67012U108,2021-02-08,2021-09-08,MULTIPLE_CUSIPS,34051269919,false,0,0,38,17,120
955594671819826686,MEG1,P1_DURABLE_RANKED,true,true,OPEN_REVIEW,common,,58441K100 584404107,2007-08-09,2017-01-17,MULTIPLE_CUSIPS,34051269919,false,0,0,37,40,148
435995005362000574,EGIOQ,P1_DURABLE_RANKED,true,true,OPEN_REVIEW,common,,53261M104 53261M203,2010-11-09,2021-03-12,MULTIPLE_CUSIPS,34051269919,false,0,0,36,31,152
428643462170905296,LADX,P1_DURABLE_RANKED,true,true,OPEN_REVIEW,common,,232828509 232828608 232828301 232828103 232828707,2007-02-23,2014-02-10,MULTIPLE_CUSIPS,34051269919,false,0,0,35,48,54
106719732073423530,VZLA,P1_DURABLE_RANKED,true,true,OPEN_REVIEW,common,,92859G608 92859G202 92859G103,2025-11-20,2026-06-29,MULTIPLE_CUSIPS,34051269919,false,0,0,34,18,150
1086213726748371489,LKCOF,P1_DURABLE_RANKED,true,true,OPEN_REVIEW,common,,G56981106 G56981205 G56981114,2021-02-16,2021-07-20,MULTIPLE_CUSIPS,34051269919,false,0,0,34,33,53
838821611242754318,AM,P1_DURABLE_RANKED,true,true,OPEN_REVIEW,common,,03676B102 03675Y103,2017-12-26,2019-03-14,MULTIPLE_CUSIPS,34051269919,false,0,0,34,129,1876
961331422153064591,LINEQ,P1_DURABLE_RANKED,true,true,OPEN_REVIEW,common,,536020100 53601P304,2007-12-12,2015-08-26,MULTIPLE_CUSIPS,34051269919,false,0,0,34,133,1727
203648306270562714,VOD,P1_DURABLE_RANKED,true,true,OPEN_REVIEW,common,,92857W308 92857W209 92857W100 92857T107 92858D200 92858D101,2006-07-05,2026-07-31,MULTIPLE_CUSIPS,34051269919,false,0,0,33,196,5050
429771193252933866,WPGGQ,P1_DURABLE_RANKED,true,true,OPEN_REVIEW,common,,93964W108 92939N102 939647103 93964W405,2014-11-11,2021-07-01,MULTIPLE_CUSIPS,34051269919,false,0,0,33,65,512
560993313900465152,EIGRQ,P1_DURABLE_RANKED,true,true,OPEN_REVIEW,common,,28249U105 15117E107 28249U204,2015-03-16,2022-04-12,MULTIPLE_CUSIPS,34051269919,false,0,0,33,13,35
133702805808789102,AOBI,P1_DURABLE_RANKED,true,true,OPEN_REVIEW,common,,028731404 028731107,2006-12-08,2008-06-05,MULTIPLE_CUSIPS,34051269919,false,0,0,31,19,67
1139717773370432743,HLT1,P1_DURABLE_RANKED,true,true,OPEN_REVIEW,common,,432848109 432848208,2006-07-05,2007-10-23,MULTIPLE_CUSIPS,34051269919,false,0,0,30,42,329
219953444935140,VIVO1,P1_DURABLE_RANKED,true,true,OPEN_REVIEW,common,,589584101 589602101,2020-06-01,2023-01-30,MULTIPLE_CUSIPS,34051269919,false,0,0,30,20,91
341746105654828485,SNDL,P1_DURABLE_RANKED,true,true,OPEN_REVIEW,common,,86730L109 83307B101,2021-02-01,2024-04-23,MULTIPLE_CUSIPS,34051269919,false,0,0,30,52,105
522562646919463671,QTT,P1_DURABLE_RANKED,true,true,OPEN_REVIEW,common,,74915J107 74915J206,2019-03-19,2021-03-22,MULTIPLE_CUSIPS,34051269919,false,0,0,30,23,73
55985294582827288,EAGL1,P1_DURABLE_RANKED,true,true,OPEN_REVIEW,common,,268484102 270018104,2006-07-05,2007-08-02,MULTIPLE_CUSIPS,34051269919,false,0,0,30,77,248
573486634399361097,ITRMF,P1_DURABLE_RANKED,true,true,OPEN_REVIEW,common,,G6333L101 G6333L200,2021-01-26,2021-07-23,MULTIPLE_CUSIPS,34051269919,false,0,0,30,24,78
1068602958000339053,GLFMQ,P1_DURABLE_RANKED,true,true,OPEN_REVIEW,common,,402629208 402629109,2008-03-20,2014-10-29,MULTIPLE_CUSIPS,34051269919,false,0,0,29,2,42
153962662178470060,SUN,P1_DURABLE_RANKED,true,true,OPEN_REVIEW,common,,86765K109 869239103,2014-11-13,2026-07-31,MULTIPLE_CUSIPS,34051269919,false,0,0,29,87,806
162310595552625902,OBE,P1_DURABLE_RANKED,true,true,OPEN_REVIEW,common,,707887105 674482203 674482104 707885109,2006-09-11,2026-05-14,MULTIPLE_CUSIPS,34051269919,false,0,0,29,124,1795
268270329065354602,MOVE1,P1_DURABLE_RANKED,true,true,OPEN_REVIEW,common,,62458M207 437852106,2014-09-30,2014-11-13,MULTIPLE_CUSIPS,34051269919,false,0,0,29,21,32
698514937491238880,DM,P1_DURABLE_RANKED,true,true,OPEN_REVIEW,common,,25058X105 25058X303 89628U108 89628U207,2020-09-02,2020-12-11,MULTIPLE_CUSIPS,34051269919,false,0,0,29,82,402
884241433752390727,MITI1,P1_DURABLE_RANKED,true,true,OPEN_REVIEW,common,,59509C105 13738Y107,2012-01-26,2012-03-07,MULTIPLE_CUSIPS,34051269919,false,0,0,29,21,29
947831258121099345,AGR1,P1_DURABLE_RANKED,true,true,OPEN_REVIEW,common,,00845V308 00845V100,2006-07-25,2007-03-30,MULTIPLE_CUSIPS,34051269919,false,0,0,29,35,147
98904311513022875,EBGMY,P1_DURABLE_RANKED,true,true,OPEN_REVIEW,common,,38012G100 278634100,2006-12-28,2009-05-07,MULTIPLE_CUSIPS,34051269919,false,0,0,29,18,53
20237171367150132,ECHO2,P1_DURABLE_RANKED,true,true,OPEN_REVIEW,common,,27875T101 285562500,2015-04-30,2021-11-22,MULTIPLE_CUSIPS,34051269919,false,0,0,28,30,70
241154412158535428,AHPIQ,P1_DURABLE_RANKED,true,true,OPEN_REVIEW,common,,019222207 019222108,2020-02-28,2021-12-21,MULTIPLE_CUSIPS,34051269919,false,0,0,28,65,70
554954176952665665,NOVNQ,P1_DURABLE_RANKED,true,true,OPEN_REVIEW,common,,66988N106 66988N205,2020-07-21,2021-07-12,MULTIPLE_CUSIPS,34051269919,false,0,0,28,39,64
962456727331389556,TROO,P1_DURABLE_RANKED,true,true,OPEN_REVIEW,common,,G80751129 G9094C104 G80751103 406548115 406548107 406548206,2021-07-09,2021-09-23,MULTIPLE_CUSIPS,34051269919,false,0,0,28,22,44
1073048220598422763,ZKIN,P1_DURABLE_RANKED,true,true,OPEN_REVIEW,common,,G9892K100 G9892K209,2021-03-15,2025-05-21,MULTIPLE_CUSIPS,34051269919,false,0,0,27,21,30
1100081557843370397,D,P1_DURABLE_RANKED,true,true,OPEN_REVIEW,common,,25746U109 257470104,2018-01-03,2018-02-02,MULTIPLE_CUSIPS,34051269919,false,0,0,27,89,5050
36353796762386872,TCSGQ,P1_DURABLE_RANKED,true,true,OPEN_REVIEW,common,,210751103 210751202,2021-02-16,2021-03-29,MULTIPLE_CUSIPS,34051269919,false,0,0,27,3,30
1005418764309241651,MBAI,P1_DURABLE_RANKED,true,true,OPEN_REVIEW,common,,M2361E203 M2361E179 M2361E112 M2361E146,2021-01-04,2026-01-28,MULTIPLE_CUSIPS,34051269919,false,0,0,26,31,47
1042882926694701041,KB,P1_DURABLE_RANKED,true,true,OPEN_REVIEW,common,,48241A105 50049M109,2006-07-05,2026-07-31,MULTIPLE_CUSIPS,34051269919,false,0,0,26,66,806
716443807172864880,EMWPF,P1_DURABLE_RANKED,true,true,OPEN_REVIEW,common,,G3788M114 G3788R105,2015-10-13,2021-04-21,MULTIPLE_CUSIPS,34051269919,false,0,0,26,2,61
725891032563178553,ENLK,P1_DURABLE_RANKED,true,true,OPEN_REVIEW,common,,29336U107 22765U102,2013-11-13,2019-01-25,MULTIPLE_CUSIPS,34051269919,false,0,0,26,18,156
746158814089704953,TIOG,P1_DURABLE_RANKED,true,true,OPEN_REVIEW,common,,55328R109 595117102,2021-02-18,2023-06-28,MULTIPLE_CUSIPS,34051269919,false,0,0,26,10,54
190675113231122773,MIC2,P1_DURABLE_RANKED,true,true,OPEN_REVIEW,common,,55608B105 55607X108,2007-07-20,2021-11-03,MULTIPLE_CUSIPS,34051269919,false,0,0,25,37,1789
34225094003874007,AFMDQ,P1_DURABLE_RANKED,true,true,OPEN_REVIEW,common,,N01045108 N01045207,2018-08-30,2021-05-19,MULTIPLE_CUSIPS,34051269919,false,0,0,25,34,43
452579604509674802,ABVEF,P1_DURABLE_RANKED,true,true,OPEN_REVIEW,common,,09175K105 00373V100,2025-07-10,2025-11-04,MULTIPLE_CUSIPS,34051269919,false,0,0,25,28,30
779267533562127263,IRNTQ,P1_DURABLE_RANKED,true,true,OPEN_REVIEW,common,,46323Q105 50201G106,2021-09-07,2022-03-31,MULTIPLE_CUSIPS,34051269919,false,0,0,25,34,90
997629165763677336,AHMIQ,P1_DURABLE_RANKED,true,true,OPEN_REVIEW,common,,02660R107 02660M108,2006-07-28,2007-08-02,MULTIPLE_CUSIPS,34051269919,false,0,0,25,3,179
1144271736914874719,FUN,P1_DURABLE_RANKED,true,true,OPEN_REVIEW,common,,150185106 83001C108,2018-08-02,2024-07-01,MULTIPLE_CUSIPS,34051269919,false,0,0,23,91,911
172506604651624661,ABI1,P1_DURABLE_RANKED,true,true,OPEN_REVIEW,common,,038149100 038020103 714041100 69332S201 69332S102,2006-07-05,2008-11-21,MULTIPLE_CUSIPS,34051269919,false,0,0,23,19,603
210939526059118148,ATLS1,P1_DURABLE_RANKED,true,true,OPEN_REVIEW,common,,04930A104 049167109 04939R108,2011-02-24,2015-02-26,MULTIPLE_CUSIPS,34051269919,false,0,0,23,27,242
264006574620812721,SIFY,P1_DURABLE_RANKED,true,true,OPEN_REVIEW,common,,82655M107 82655M206 804099208 804099109,2011-04-28,2011-05-31,MULTIPLE_CUSIPS,34051269919,false,0,0,23,11,23
39846923719649688,SGI1,P1_DURABLE_RANKED,true,true,OPEN_REVIEW,common,,82706L108 750077109,2006-07-05,2007-09-06,MULTIPLE_CUSIPS,34051269919,false,0,0,23,58,264
461686511677193081,QSI,P1_DURABLE_RANKED,true,true,OPEN_REVIEW,common,,74765K105 42984L105,2021-03-09,2021-03-18,MULTIPLE_CUSIPS,34051269919,false,0,0,23,68,101
1067506624231909172,HGENQ,P1_DURABLE_RANKED,true,true,OPEN_REVIEW,common,,444863203 48344T100 48344T209 444863104,2015-11-20,2021-10-07,MULTIPLE_CUSIPS,34051269919,false,0,0,22,47,138
760379920259343544,AUOTY,P1_DURABLE_RANKED,true,true,OPEN_REVIEW,common,,002255107 002255404,2006-07-05,2015-02-26,MULTIPLE_CUSIPS,34051269919,false,0,0,22,99,1174
819877013220958897,ELON1,P1_DURABLE_RANKED,true,true,OPEN_REVIEW,common,,27874N105 27874N303,2007-08-07,2007-09-06,MULTIPLE_CUSIPS,34051269919,false,0,0,22,17,22
1050071176586409042,NMM,P1_DURABLE_RANKED,true,true,OPEN_REVIEW,common,,Y62267102 Y62267409,2021-05-05,2021-06-03,MULTIPLE_CUSIPS,34051269919,false,0,0,21,6,21
616497452040356659,LTMAY,P1_DURABLE_RANKED,true,true,OPEN_REVIEW,common,,51817R106 501723100,2007-03-13,2020-06-30,MULTIPLE_CUSIPS,34051269919,false,0,0,21,20,59
661122241998976287,OBQI,P1_DURABLE_RANKED,true,true,OPEN_REVIEW,common,,678046103 138748108 917022105,2007-08-08,2008-07-29,MULTIPLE_CUSIPS,34051269919,false,0,0,21,42,60
910334444152931164,WEST2,P1_DURABLE_RANKED,true,true,OPEN_REVIEW,common,,009720103 96040V101 033355108,2008-01-03,2008-02-06,MULTIPLE_CUSIPS,34051269919,false,0,0,20,16,24
293425155284498872,RGSEQ,P1_DURABLE_RANKED,true,true,OPEN_REVIEW,common,,75601N104 75601N500 75601N203 75601N302,2013-05-28,2016-10-24,MULTIPLE_CUSIPS,34051269919,false,0,0,19,27,34
297972758990644181,ICON1,P1_DURABLE_RANKED,true,true,OPEN_REVIEW,common,,451055107 451055305 137409108,2006-12-19,2016-01-12,MULTIPLE_CUSIPS,34051269919,false,0,0,19,72,736
434115552006977400,BBAR,P1_DURABLE_RANKED,true,true,OPEN_REVIEW,common,,07329M100 058934100,2025-01-08,2025-11-24,MULTIPLE_CUSIPS,34051269919,false,0,0,19,32,38
669039615450984041,SVM1,P1_DURABLE_RANKED,true,true,OPEN_REVIEW,common,,81760N109 817615107,2007-03-19,2007-07-24,MULTIPLE_CUSIPS,34051269919,false,0,0,19,13,89
347578475150470281,SPG,P1_DURABLE_RANKED,true,true,OPEN_REVIEW,common,,828806109 828781104 828805101,2026-02-06,2026-02-09,MULTIPLE_CUSIPS,34051269919,false,0,0,18,115,5050
55356489462400378,LEVGQ,P1_DURABLE_RANKED,true,true,OPEN_REVIEW,common,,536221104 66516T104,2021-02-18,2021-07-15,MULTIPLE_CUSIPS,34051269919,false,0,0,18,6,87
764076178552891930,NS,P1_DURABLE_RANKED,true,true,OPEN_REVIEW,common,,67058H102 91913W104 819357104,2008-04-07,2024-05-02,MULTIPLE_CUSIPS,34051269919,false,0,0,18,86,814
1015632908539209151,ORIG,P1_DURABLE_RANKED,true,true,OPEN_REVIEW,common,,Y64354205 G66964118 G66964100,2018-06-27,2018-11-14,MULTIPLE_CUSIPS,34051269919,false,0,0,17,31,68
1075904931462548556,VISN1,P1_DURABLE_RANKED,true,true,OPEN_REVIEW,common,,92833U202 92833U103,2008-08-04,2008-08-26,MULTIPLE_CUSIPS,34051269919,false,0,0,17,9,17
385446091142772687,ENFY,P1_DURABLE_RANKED,true,true,OPEN_REVIEW,common,,16943W105 16943W204,2009-12-02,2009-12-29,MULTIPLE_CUSIPS,34051269919,false,0,0,17,12,19
4192202939672513,GIG1,P1_DURABLE_RANKED,true,true,OPEN_REVIEW,common,,37518Q109 37517Y103,2006-10-23,2006-12-07,MULTIPLE_CUSIPS,34051269919,false,0,0,17,25,33
490068856428274586,PARAA,P1_DURABLE_RANKED,true,true,OPEN_REVIEW,common,,92556H107 124857103,2021-03-23,2021-04-26,MULTIPLE_CUSIPS,34051269919,false,0,0,17,1,24
548570527460070038,ABWTQ,P1_DURABLE_RANKED,true,true,OPEN_REVIEW,common,,102183100 003687100 102183407,2007-01-29,2008-04-10,MULTIPLE_CUSIPS,34051269919,false,0,0,17,79,153
673465785464250804,OCFT,P1_DURABLE_RANKED,true,true,OPEN_REVIEW,common,,68248T105 68248T204,2020-08-13,2021-07-09,MULTIPLE_CUSIPS,34051269919,false,0,0,17,0,50
606019229277999905,MODL1,P1_DURABLE_RANKED,true,true,OPEN_REVIEW,common,,60689B107 58506K102,2012-07-12,2012-08-10,MULTIPLE_CUSIPS,34051269919,false,0,0,16,5,20
818902908814402884,GNS,P1_DURABLE_RANKED,true,true,OPEN_REVIEW,common,,Y3005A109 Y3005A117,2023-01-19,2023-09-20,MULTIPLE_CUSIPS,34051269919,false,0,0,16,35,54
1117414376686089641,ZVOI,P1_DURABLE_RANKED,true,true,OPEN_REVIEW,common,,10807M105 98979V102,2011-07-27,2011-08-19,MULTIPLE_CUSIPS,34051269919,false,0,0,15,0,18
175205642536175483,CGGYY,P1_DURABLE_RANKED,true,true,OPEN_REVIEW,common,,12531Q105 12531Q204 204386106,2007-01-23,2008-07-22,MULTIPLE_CUSIPS,34051269919,false,0,0,15,0,64
226304402817445814,GTE,P1_DURABLE_RANKED,true,true,OPEN_REVIEW,common,,38500T101 38500T200,2008-06-27,2008-07-18,MULTIPLE_CUSIPS,34051269919,false,0,0,15,13,20
241908488000062163,BEPC,P1_DURABLE_RANKED,true,true,OPEN_REVIEW,common,,11284V105 11285B108,2021-01-25,2026-07-31,MULTIPLE_CUSIPS,34051269919,false,0,0,15,81,1180
488901893881778762,OPITQ,P1_DURABLE_RANKED,true,true,OPEN_REVIEW,common,,67623C109 38376A103,2010-08-26,2019-01-31,MULTIPLE_CUSIPS,34051269919,false,0,0,15,3,204
863487155718577721,FSRNQ,P1_DURABLE_RANKED,true,true,OPEN_REVIEW,common,,33813J106 846784106 846784114,2020-07-09,2024-01-12,MULTIPLE_CUSIPS,34051269919,false,0,0,15,139,884
1014729179793648627,FRG2,P1_DURABLE_RANKED,true,true,OPEN_REVIEW,common,,35903Q106 359032109,2011-02-03,2011-03-14,MULTIPLE_CUSIPS,34051269919,false,0,0,14,21,27
1080971315611263813,PSNY,P1_DURABLE_RANKED,true,true,OPEN_REVIEW,common,,731105201 38286Q107 731105409,2021-09-27,2023-08-02,MULTIPLE_CUSIPS,34051269919,false,0,0,14,36,235
11691645360688405,SAFE2,P1_DURABLE_RANKED,true,true,OPEN_REVIEW,common,,78645L100 78649D104,2019-12-02,2022-03-30,MULTIPLE_CUSIPS,34051269919,false,0,0,14,18,54
227365020521330341,RPRX1,P1_DURABLE_RANKED,true,true,OPEN_REVIEW,common,,76028H209 98975L108 76028H100,2013-09-17,2014-10-02,MULTIPLE_CUSIPS,34051269919,false,0,0,14,12,35
337104369204997227,CPSL1,P1_DURABLE_RANKED,true,true,OPEN_REVIEW,common,,16941J205 16941J106 684029200 684029101,2007-09-25,2008-06-18,MULTIPLE_CUSIPS,34051269919,false,0,0,14,38,55
437064850062150131,AVX1,P1_DURABLE_RANKED,true,true,OPEN_REVIEW,common,,002444107 002440105,2020-02-27,2020-03-27,MULTIPLE_CUSIPS,34051269919,false,0,0,14,21,22
1083144803974890129,SDEV,P1_DURABLE_RANKED,true,true,OPEN_REVIEW,common,,66987P201 66987P102 66987P409 66987P300 66987P508,2025-08-27,2026-01-28,MULTIPLE_CUSIPS,34051269919,false,0,0,13,20,24
112246079093855408,BELFA,P1_DURABLE_RANKED,true,true,OPEN_REVIEW,common,,077347201 077347102,2026-05-29,2026-07-31,MULTIPLE_CUSIPS,34051269919,false,0,0,13,0,44
1145718711669119820,RATE1,P1_DURABLE_RANKED,true,true,OPEN_REVIEW,common,,06646V108 45172Q109 45816V100,2006-07-05,2009-08-18,MULTIPLE_CUSIPS,34051269919,false,0,0,13,47,188
5807491936277145,PSD,P1_DURABLE_RANKED,true,true,OPEN_REVIEW,common,,745310102 745332106,2007-08-07,2009-02-06,MULTIPLE_CUSIPS,34051269919,false,0,0,13,35,143
619805285480648547,CDSCY,P1_DURABLE_RANKED,true,true,OPEN_REVIEW,common,,127209302 12721E102,2006-07-14,2010-02-26,MULTIPLE_CUSIPS,34051269919,false,0,0,13,54,536
778984265287479911,CYTOF,P1_DURABLE_RANKED,true,true,OPEN_REVIEW,common,,H03579101 G07025201 G0360L100 H0381L104 G0360L209 G07025102 G0360L134 G0360L126,2020-12-01,2021-11-23,MULTIPLE_CUSIPS,34051269919,false,0,0,13,14,26
877979492663188035,XNDU,P1_DURABLE_RANKED,true,true,OPEN_REVIEW,common,,G24979109 98390R102,2026-04-15,2026-07-21,MULTIPLE_CUSIPS,34051269919,false,0,0,13,19,67
890276907122412598,BTCT,P1_DURABLE_RANKED,true,true,OPEN_REVIEW,common,,G6055H114 28138X103 G6055H155 28138X202 G6055H148,2021-02-12,2025-01-31,MULTIPLE_CUSIPS,34051269919,false,0,0,13,32,38
997238311327022227,QMMM,P1_DURABLE_RANKED,true,true,OPEN_REVIEW,common,,G7309R114 G7309R106,2025-09-09,2025-09-26,MULTIPLE_CUSIPS,34051269919,false,0,0,13,14,14
1147890361491130219,PESXQ,P1_DURABLE_RANKED,true,true,OPEN_REVIEW,common,,723664108 723655106 840553101,2011-07-27,2011-08-11,MULTIPLE_CUSIPS,34051269919,false,0,0,12,3,12
249507410123302203,EBODF,P1_DURABLE_RANKED,true,true,OPEN_REVIEW,common,,G84384109 G89935103 G7495T106,2007-10-03,2007-10-30,MULTIPLE_CUSIPS,34051269919,false,0,0,12,16,16
524549508080165904,RCPIQ,P1_DURABLE_RANKED,true,true,OPEN_REVIEW,common,,85517P101 772081105 772081204,2011-03-22,2011-04-27,MULTIPLE_CUSIPS,34051269919,false,0,0,12,17,26
565875166075379849,ATTU,P1_DURABLE_RANKED,true,true,OPEN_REVIEW,common,,M15332121 M15332105 M5733B104,2019-02-08,2019-03-20,MULTIPLE_CUSIPS,34051269919,false,0,0,12,10,25
657510510567157460,HGLI,P1_DURABLE_RANKED,true,true,OPEN_REVIEW,common,,829357102 438586109 438586208 00371F206 00371F305,2014-09-11,2014-09-30,MULTIPLE_CUSIPS,34051269919,false,0,0,12,12,12
704264673016955521,GLG2,P1_DURABLE_RANKED,true,true,OPEN_REVIEW,common,,37929X107 35645F103 35645F202 37929X206,2007-11-16,2010-06-28,MULTIPLE_CUSIPS,34051269919,false,0,0,12,20,60
897131622084018597,SNN,P1_DURABLE_RANKED,true,true,OPEN_REVIEW,common,,83175M205 83175M106,2011-01-27,2026-07-31,MULTIPLE_CUSIPS,34051269919,false,0,0,12,76,1653
1036427516070314394,CEQP,P1_DURABLE_RANKED,true,true,OPEN_REVIEW,common,,226344208 226344109 456615103,2010-01-20,2023-11-02,MULTIPLE_CUSIPS,34051269919,false,0,0,11,85,661
360577262931860442,GPLDF,P1_DURABLE_RANKED,true,true,OPEN_REVIEW,common,,39115V101 39115V309 39115T106,2011-03-17,2011-03-31,MULTIPLE_CUSIPS,34051269919,false,0,0,11,8,11
623190443678201852,VIAB,P1_DURABLE_RANKED,true,true,OPEN_REVIEW,common,,92553P201 925524308,2006-07-05,2019-12-04,MULTIPLE_CUSIPS,34051269919,false,0,0,11,148,3379
681764378359853114,ENGC,P1_DURABLE_RANKED,true,true,OPEN_REVIEW,common,,293306106 293306205 456053107,2021-01-12,2021-02-10,MULTIPLE_CUSIPS,34051269919,false,0,0,11,20,21
729518976069560821,WKEY,P1_DURABLE_RANKED,true,true,OPEN_REVIEW,common,,97727L200 97727L408 97727L309,2021-03-18,2025-11-14,MULTIPLE_CUSIPS,34051269919,false,0,0,11,50,67
284182997170685166,DFNS,P1_DURABLE_RANKED,true,true,OPEN_REVIEW,common,,G1643W111 67054R203 67054R104 67053Q107,2024-12-17,2026-07-31,MULTIPLE_CUSIPS,34051269919,false,0,0,10,48,68
55788727182912640,PRET,P1_DURABLE_RANKED,true,true,OPEN_REVIEW,common,,709102107 709102800,2007-04-04,2017-12-01,MULTIPLE_CUSIPS,34051269919,false,0,0,10,10,173
752616570720626425,CNET1,P1_DURABLE_RANKED,true,true,OPEN_REVIEW,common,,12613R104 125945105,2006-07-05,2008-06-30,MULTIPLE_CUSIPS,34051269919,false,0,0,10,34,193
764180993476052960,CSUNY,P1_DURABLE_RANKED,true,true,OPEN_REVIEW,common,,16942X302 16942X104,2007-11-14,2008-09-22,MULTIPLE_CUSIPS,34051269919,false,0,0,10,44,78
843426090895312559,ATHXQ,P1_DURABLE_RANKED,true,true,OPEN_REVIEW,common,,04744L106 04744L205,2009-12-23,2020-04-29,MULTIPLE_CUSIPS,34051269919,false,0,0,10,12,20
1065019148125218525,DOGZ,P1_DURABLE_RANKED,true,true,OPEN_REVIEW,common,,G2788T103 G2788T111,2022-01-10,2022-05-10,MULTIPLE_CUSIPS,34051269919,false,0,0,9,0,9
1132110208875336824,NGG,P1_DURABLE_RANKED,true,true,OPEN_REVIEW,common,,636274409 636274300 636274102,2010-07-08,2026-07-31,MULTIPLE_CUSIPS,34051269919,false,0,0,9,123,3668
233705247448419189,ASTX2,P1_DURABLE_RANKED,true,true,OPEN_REVIEW,common,,04624B103 868059106,2013-09-05,2013-10-10,MULTIPLE_CUSIPS,34051269919,false,0,0,9,20,26
616300714786925804,AWHHF,P1_DURABLE_RANKED,true,true,OPEN_REVIEW,common,,H01531104 G0219G203,2007-06-27,2017-07-27,MULTIPLE_CUSIPS,34051269919,false,0,0,9,56,684
758943436528193872,GLIBA1,P1_DURABLE_RANKED,true,true,OPEN_REVIEW,common,,36164V305 36164V404 36164V107 36164V206,2018-10-25,2020-12-18,MULTIPLE_CUSIPS,34051269919,false,0,0,9,20,488
1035563312054045998,GSK,P1_DURABLE_RANKED,true,true,OPEN_REVIEW,common,,37733W105 37733W204,2006-07-05,2026-07-31,MULTIPLE_CUSIPS,34051269919,false,0,0,8,115,5050
657581892454514237,FBNIQ,P1_DURABLE_RANKED,true,true,OPEN_REVIEW,common,,360921209 360921100 458507100,2006-07-05,2008-07-18,MULTIPLE_CUSIPS,34051269919,false,0,0,8,4,63
789337046778155238,BIN,P1_DURABLE_RANKED,true,true,OPEN_REVIEW,common,,74339G101 44951D108,2016-01-19,2016-05-02,MULTIPLE_CUSIPS,34051269919,false,0,0,8,21,66
918585837638518709,BZ2,P1_DURABLE_RANKED,true,true,OPEN_REVIEW,common,,09746Y105 01408A202 01408A103,2010-03-19,2013-10-24,MULTIPLE_CUSIPS,34051269919,false,0,0,8,32,137
474205453544151570,YI,P1_DURABLE_RANKED,true,true,OPEN_REVIEW,common,,68247Q102 68247Q201,2021-02-11,2021-03-18,MULTIPLE_CUSIPS,34051269919,false,0,0,7,18,25
579480250446220316,DCT1,P1_DURABLE_RANKED,true,true,OPEN_REVIEW,common,,233153204 233153105,2007-06-18,2018-08-21,MULTIPLE_CUSIPS,34051269919,false,0,0,7,55,1611
696840622211111662,AIFC,P1_DURABLE_RANKED,true,true,OPEN_REVIEW,common,,47089W104 03814F205 03814F403 03814F106,2022-06-07,2025-10-17,MULTIPLE_CUSIPS,34051269919,false,0,0,7,5,52
804112171693242775,RELX,P1_DURABLE_RANKED,true,true,OPEN_REVIEW,common,,759530108 758205207 758205108 758212872,2008-02-01,2026-07-31,MULTIPLE_CUSIPS,34051269919,false,0,0,7,42,1255
953174271952728833,SNY,P1_DURABLE_RANKED,true,true,OPEN_REVIEW,common,,80105N105 80105N204,2006-07-05,2026-07-31,MULTIPLE_CUSIPS,34051269919,false,0,0,7,112,5050
127841760883980821,CMMB,P1_DURABLE_RANKED,true,true,OPEN_REVIEW,common,,16385C104 03280X102 16385C203,2021-02-16,2021-03-16,MULTIPLE_CUSIPS,34051269919,false,0,0,6,7,8
175011040903136105,CSCIF,P1_DURABLE_RANKED,true,true,OPEN_REVIEW,common,,007975402 007975303 007975501 22112H101 007975600 007975204 007975105,2015-11-25,2021-03-18,MULTIPLE_CUSIPS,34051269919,false,0,0,6,28,38
425303532627889774,TRIN1,P1_DURABLE_RANKED,true,true,OPEN_REVIEW,common,,76132M102 885141101 761324201,2007-05-16,2007-09-04,MULTIPLE_CUSIPS,34051269919,false,0,0,6,5,11
426798777460435924,KZL,P1_DURABLE_RANKED,true,true,OPEN_REVIEW,common,,P8797T133 P6065Y107 P8797T109 P8797T125,2006-07-12,2006-08-28,MULTIPLE_CUSIPS,34051269919,false,0,0,6,0,33
550959200502870769,YVRLF,P1_DURABLE_RANKED,true,true,OPEN_REVIEW,common,,53634Q204 52170U207 53634Q105 52170U108 10970E104 53634Q402,2021-03-17,2021-08-02,MULTIPLE_CUSIPS,34051269919,false,0,0,6,22,33
567937871571707165,INFO1,P1_DURABLE_RANKED,true,true,OPEN_REVIEW,common,,G47567105 G58249106,2015-06-05,2022-02-25,MULTIPLE_CUSIPS,34051269919,false,0,0,6,32,1496
582648323211762298,MRGE1,P1_DURABLE_RANKED,true,true,OPEN_REVIEW,common,,589499102 589981109,2015-08-24,2015-09-02,MULTIPLE_CUSIPS,34051269919,false,0,0,6,8,8
590583760882916204,CVNS1,P1_DURABLE_RANKED,true,true,OPEN_REVIEW,common,,22281W103 20452F107,2007-05-07,2007-06-05,MULTIPLE_CUSIPS,34051269919,false,0,0,6,14,20
726163640089553293,FABU,P1_DURABLE_RANKED,true,true,OPEN_REVIEW,common,,302771100 97750V109 97750V307,2013-10-02,2013-10-23,MULTIPLE_CUSIPS,34051269919,false,0,0,6,7,13
747992771333504975,CWTRQ,P1_DURABLE_RANKED,true,true,OPEN_REVIEW,common,,193068202 193068103,2006-07-05,2008-02-04,MULTIPLE_CUSIPS,34051269919,false,0,0,6,61,362
873022257646047532,ISUNQ,P1_DURABLE_RANKED,true,true,OPEN_REVIEW,common,,465246106 705163103 47632B102 47632B201,2020-09-30,2021-02-11,MULTIPLE_CUSIPS,34051269919,false,0,0,6,31,35
918779475935318553,BIOCQ,P1_DURABLE_RANKED,true,true,OPEN_REVIEW,common,,09072V501 09072V105 09072V402 09072V204 09072V600,2015-02-25,2020-08-13,MULTIPLE_CUSIPS,34051269919,false,0,0,6,20,20
928269154341959595,AY,P1_DURABLE_RANKED,true,true,OPEN_REVIEW,common,,G0751N103 G00349103,2014-12-11,2024-12-11,MULTIPLE_CUSIPS,34051269919,false,0,0,6,72,462
1054346876338705895,TACO2,P1_DURABLE_RANKED,true,true,OPEN_REVIEW,common,,245496104 52748T104,2021-12-17,2022-01-14,MULTIPLE_CUSIPS,34051269919,false,0,0,5,12,20
400771702699245606,GOEVQ,P1_DURABLE_RANKED,true,true,OPEN_REVIEW,common,,13803R102 13803R201 42589C104 13803R300 42589C203,2020-09-11,2024-04-23,MULTIPLE_CUSIPS,34051269919,false,0,0,5,90,335
429424164408492505,SPNS,P1_DURABLE_RANKED,true,true,OPEN_REVIEW,common,,G7T16G103 N7716A151 N7716A102,2025-08-13,2025-12-16,MULTIPLE_CUSIPS,34051269919,false,0,0,5,21,66
709117510027464757,HCA1,P1_DURABLE_RANKED,true,true,OPEN_REVIEW,common,,404119109 197677107,2006-07-05,2006-11-17,MULTIPLE_CUSIPS,34051269919,false,0,0,5,17,97
825629841091930724,PTEIQ,P1_DURABLE_RANKED,true,true,OPEN_REVIEW,common,,731094108 731094207 560690208 560690307 560690406 560690109,2018-06-11,2018-07-27,MULTIPLE_CUSIPS,34051269919,false,0,0,5,5,34
854640941096794054,ENLV,P1_DURABLE_RANKED,true,true,OPEN_REVIEW,common,,M4130Y106 M20156101 M20156119 M20156127,2020-10-02,2021-03-04,MULTIPLE_CUSIPS,34051269919,false,0,0,5,11,14
979008730059053664,SEGG,P1_DURABLE_RANKED,true,true,OPEN_REVIEW,common,,54570M108 89615T106 54570M207 54570M306,2025-02-06,2026-02-17,MULTIPLE_CUSIPS,34051269919,false,0,0,5,21,21
223849730517685501,SQBGQ,P1_DURABLE_RANKED,true,true,OPEN_REVIEW,common,,81734P107 817340201 81734P206 817340102,2021-05-11,2021-09-08,MULTIPLE_CUSIPS,34051269919,false,0,0,4,10,22
278777860356753160,DXTRQ,P1_DURABLE_RANKED,true,true,OPEN_REVIEW,common,,14141R101 252366109 14141R309,2007-09-10,2007-10-09,MULTIPLE_CUSIPS,34051269919,false,0,0,4,15,16
337837786733686004,BKI1,P1_DURABLE_RANKED,true,true,OPEN_REVIEW,common,,118255108 11815H104,2011-02-23,2013-06-14,MULTIPLE_CUSIPS,34051269919,false,0,0,4,22,38
387061962353650732,TMBRQ,P1_DURABLE_RANKED,true,true,OPEN_REVIEW,common,,09072X101 887080109 09072X309 887080208,2021-03-11,2021-04-05,MULTIPLE_CUSIPS,34051269919,false,0,0,4,4,14
606652031906884063,NXTT,P1_DURABLE_RANKED,true,true,OPEN_REVIEW,common,,961884202 961884103 961884301,2025-05-09,2025-10-01,MULTIPLE_CUSIPS,34051269919,false,0,0,4,9,15
636803527620694979,GENE,P1_DURABLE_RANKED,true,true,OPEN_REVIEW,common,,37185R307 37185R208 37185R109 37185R406,2015-02-11,2021-02-18,MULTIPLE_CUSIPS,34051269919,false,0,0,4,29,35
694575590377385878,OSI2,P1_DURABLE_RANKED,true,true,OPEN_REVIEW,common,,689899102 67104A101,2006-07-05,2007-06-13,MULTIPLE_CUSIPS,34051269919,false,0,0,4,27,227
968616391269493492,PVX,P1_DURABLE_RANKED,true,true,OPEN_REVIEW,common,,74386V100 74386K104,2006-11-13,2012-02-15,MULTIPLE_CUSIPS,34051269919,false,0,0,4,6,45
1012536259009666805,CA1,P1_DURABLE_RANKED,true,true,OPEN_REVIEW,common,,12673P105 204912109,2006-07-05,2018-11-02,MULTIPLE_CUSIPS,34051269919,false,0,0,3,79,3107
1025123653881873396,ANGH,P1_DURABLE_RANKED,true,true,OPEN_REVIEW,common,,92840T107 G0369L101 G0369L200,2022-02-17,2022-03-10,MULTIPLE_CUSIPS,34051269919,false,0,0,3,10,13
1082808592473316903,NIKI,P1_DURABLE_RANKED,true,true,OPEN_REVIEW,common,,G6096M106 G6096M122 G6096M114,2024-03-06,2025-08-25,MULTIPLE_CUSIPS,34051269919,false,0,0,3,9,9
304661060242084891,GPT4,P1_DURABLE_RANKED,true,true,OPEN_REVIEW,common,,385002308 385002100 157842105,2014-05-21,2018-10-09,MULTIPLE_CUSIPS,34051269919,false,0,0,3,28,631
339544981944706278,ELGXQ,P1_DURABLE_RANKED,true,true,OPEN_REVIEW,common,,29266S106 29266S304 750241101 14160K102,2014-03-21,2017-01-25,MULTIPLE_CUSIPS,34051269919,false,0,0,3,4,32
354775206449723957,ASLN,P1_DURABLE_RANKED,true,true,OPEN_REVIEW,common,,04522R101 04522R200 04522R309,2021-03-03,2021-03-22,MULTIPLE_CUSIPS,34051269919,false,0,0,3,4,8
408251035869802766,LOCMQ,P1_DURABLE_RANKED,true,true,OPEN_REVIEW,common,,53954W104 53954R105 45845K109,2007-07-05,2007-08-06,MULTIPLE_CUSIPS,34051269919,false,0,0,3,15,18
414354049493551403,HESM,P1_DURABLE_RANKED,true,true,OPEN_REVIEW,common,,428103105 428104103,2022-03-10,2026-07-31,MULTIPLE_CUSIPS,34051269919,false,0,0,3,10,834
595797892257193253,FRCB,P1_DURABLE_RANKED,true,true,OPEN_REVIEW,common,,33616C100 336158100,2011-06-24,2023-05-01,MULTIPLE_CUSIPS,34051269919,false,0,0,3,63,2769
871770975475258308,IHT,P1_DURABLE_RANKED,true,true,OPEN_REVIEW,common,,457919108 756125100,2021-05-10,2021-06-11,MULTIPLE_CUSIPS,34051269919,false,0,0,3,24,24
872471219798280015,SDA,P1_DURABLE_RANKED,true,true,OPEN_REVIEW,common,,G3970D104 G85727108,2023-05-31,2023-06-29,MULTIPLE_CUSIPS,34051269919,false,0,0,3,21,21
969277775854771395,ROSGQ,P1_DURABLE_RANKED,true,true,OPEN_REVIEW,common,,M82183126 M82183209 M82183100 M82183118,2012-05-29,2012-06-21,MULTIPLE_CUSIPS,34051269919,false,0,0,3,16,16
1004199661649856090,GRML,P1_DURABLE_RANKED,true,true,OPEN_REVIEW,common,,758083109 49876K103 03465T108,2025-06-09,2025-07-11,MULTIPLE_CUSIPS,34051269919,false,0,0,2,17,19
1040390510887244462,NSLR,P1_DURABLE_RANKED,true,true,OPEN_REVIEW,common,,86887Q109 36191J101 86944Q100,2012-02-13,2012-06-06,MULTIPLE_CUSIPS,34051269919,false,0,0,2,1,25
200319825958933502,NBGGY,P1_DURABLE_RANKED,true,true,OPEN_REVIEW,common,,633643705 633643408 633643606 633643804 633643887,2010-02-26,2015-07-23,MULTIPLE_CUSIPS,34051269919,false,0,0,2,45,212
218406372066695280,GMRRQ,P1_DURABLE_RANKED,true,true,OPEN_REVIEW,common,,Y2693R101 Y2692M103,2006-07-05,2010-07-16,MULTIPLE_CUSIPS,34051269919,false,0,0,2,29,177
222519066932371093,BSMX,P1_DURABLE_RANKED,true,true,OPEN_REVIEW,common,,40053C105 05969B103,2013-04-02,2019-09-20,MULTIPLE_CUSIPS,34051269919,false,0,0,2,46,385
273915692055386629,EVKG,P1_DURABLE_RANKED,true,true,OPEN_REVIEW,common,,299766204 033495409 299766105,2020-10-23,2021-08-12,MULTIPLE_CUSIPS,34051269919,false,0,0,2,9,9
274122717897772948,DDC2,P1_DURABLE_RANKED,true,true,OPEN_REVIEW,common,,257287102 41587B100 002893105 002916104,2017-07-17,2017-08-14,MULTIPLE_CUSIPS,34051269919,false,0,0,2,14,21
313809790950811771,BEAM2,P1_DURABLE_RANKED,true,true,OPEN_REVIEW,common,,073730103 349631101 024703100 024703407,2006-07-05,2014-04-30,MULTIPLE_CUSIPS,34051269919,false,0,0,2,72,1969
324099600050715051,OSG1,P1_DURABLE_RANKED,true,true,OPEN_REVIEW,common,,69036R863 69036R301,2024-06-04,2024-06-17,MULTIPLE_CUSIPS,34051269919,false,0,0,2,9,9
324987086697435354,RSLS1,P1_DURABLE_RANKED,true,true,OPEN_REVIEW,common,,29365M208 29365M505 29365M307 761123405 761123108 29365M109 761123504 761123603,2017-01-06,2017-02-16,MULTIPLE_CUSIPS,34051269919,false,0,0,2,22,29
57164568713095417,DMKPQ,P1_DURABLE_RANKED,true,true,OPEN_REVIEW,common,,00547W208 00547W307 15115L103 00547W109,2021-01-20,2021-02-26,MULTIPLE_CUSIPS,34051269919,false,0,0,2,21,27
942564779172582485,NEUP,P1_DURABLE_RANKED,true,true,OPEN_REVIEW,common,,64136E102 09063M205 Q1521J108,2023-09-28,2025-10-27,MULTIPLE_CUSIPS,34051269919,false,0,0,2,11,13
986831973571639238,BSIN,P1_DURABLE_RANKED,true,true,OPEN_REVIEW,common,,911805109 911805307 911805208,2021-07-14,2025-02-04,MULTIPLE_CUSIPS,34051269919,false,0,0,2,21,22
1084544820972407346,NCI1,P1_DURABLE_RANKED,true,true,OPEN_REVIEW,common,,63935N107 592903108,2007-05-15,2019-08-29,MULTIPLE_CUSIPS,34051269919,false,0,0,1,18,54
1119089831900074750,NSH1,P1_DURABLE_RANKED,true,true,OPEN_REVIEW,common,,67059L102 91914G108,2007-08-17,2007-08-20,MULTIPLE_CUSIPS,34051269919,false,0,0,1,0,2
1124761511834148777,PLG,P1_DURABLE_RANKED,true,true,OPEN_REVIEW,common,,72765Q882 72765Q205 72765Q601,2020-12-28,2021-01-06,MULTIPLE_CUSIPS,34051269919,false,0,0,1,4,4
1125828503689962237,TPLMQ,P1_DURABLE_RANKED,true,true,OPEN_REVIEW,common,,89600B201 89600B102,2014-06-30,2014-12-23,MULTIPLE_CUSIPS,34051269919,false,0,0,1,6,21
1130449855367497432,SAX1,P1_DURABLE_RANKED,true,true,OPEN_REVIEW,common,,80556P302 80556T106,2006-08-10,2006-09-06,MULTIPLE_CUSIPS,34051269919,false,0,0,1,19,19
149209101404250271,LLL1,P1_DURABLE_RANKED,true,true,OPEN_REVIEW,common,,502413107 502424104,2006-07-05,2019-06-28,MULTIPLE_CUSIPS,34051269919,false,0,0,1,88,3269
187001531571140956,CRE1,P1_DURABLE_RANKED,true,true,OPEN_REVIEW,common,,144418100 14441K103,2006-07-05,2006-07-12,MULTIPLE_CUSIPS,34051269919,false,0,0,1,0,5
207779119312695497,ARB1,P1_DURABLE_RANKED,true,true,OPEN_REVIEW,common,,03875Q108 15677T106,2007-07-31,2013-09-27,MULTIPLE_CUSIPS,34051269919,false,0,0,1,21,101
280245678029102713,RADA,P1_DURABLE_RANKED,true,true,OPEN_REVIEW,common,,M81863124 M81863116 750115305 M81863108,2014-09-17,2014-10-03,MULTIPLE_CUSIPS,34051269919,false,0,0,1,6,6
320644562611881241,SOV,P1_DURABLE_RANKED,true,true,OPEN_REVIEW,common,,845905108 845905306,2008-07-30,2008-10-01,MULTIPLE_CUSIPS,34051269919,false,0,0,1,53,648
342547763356080649,VRAYQ,P1_DURABLE_RANKED,true,true,OPEN_REVIEW,common,,92672L107 92672W103,2018-08-02,2021-02-01,MULTIPLE_CUSIPS,34051269919,false,0,0,1,8,22
35648591532554242,GSIW,P1_DURABLE_RANKED,true,true,OPEN_REVIEW,common,,G3730L107 G3730L131 G3730L123,2024-09-19,2024-10-08,MULTIPLE_CUSIPS,34051269919,false,0,0,1,0,9
480937238539887084,ID1,P1_DURABLE_RANKED,true,true,OPEN_REVIEW,common,,50212A106 92675K205 92675K106,2007-05-07,2011-07-19,MULTIPLE_CUSIPS,34051269919,false,0,0,1,27,88
51094239347832668,ZSANQ,P1_DURABLE_RANKED,true,true,OPEN_REVIEW,common,,98979H202 98979H103 98979H301,2017-03-03,2021-03-04,MULTIPLE_CUSIPS,34051269919,false,0,0,1,42,47
543574442698263052,PWCM,P1_DURABLE_RANKED,true,true,OPEN_REVIEW,common,,502074404 502074503 502074305 502074107 502074206,2021-01-08,2021-11-08,MULTIPLE_CUSIPS,34051269919,false,0,0,1,27,31
592620618586223442,ALLGF,P1_DURABLE_RANKED,true,true,OPEN_REVIEW,common,,84677R106 N0796A100,2022-03-23,2022-04-22,MULTIPLE_CUSIPS,34051269919,false,0,0,1,10,12
597464188108207633,PSIG,P1_DURABLE_RANKED,true,true,OPEN_REVIEW,common,,G0R45S109 G7308J105 G7308J113,2024-08-12,2026-06-29,MULTIPLE_CUSIPS,34051269919,false,0,0,1,0,4
675494685548212930,EZCH,P1_DURABLE_RANKED,true,true,OPEN_REVIEW,common,,M4146Y108 M6706C103,2012-08-13,2015-10-27,MULTIPLE_CUSIPS,34051269919,false,0,0,1,0,47
695538091198475722,SFR1,P1_DURABLE_RANKED,true,true,OPEN_REVIEW,common,,19625X102 85571W109 85572F105,2014-07-24,2017-11-15,MULTIPLE_CUSIPS,34051269919,false,0,0,1,18,322
744983426264406452,MM1,P1_DURABLE_RANKED,true,true,OPEN_REVIEW,common,,591097209 370476103,2007-03-05,2008-03-14,MULTIPLE_CUSIPS,34051269919,false,0,0,1,35,51
7654535568111663,QUCY,P1_DURABLE_RANKED,true,true,OPEN_REVIEW,common,,N5436L101 N5436L119,2026-05-13,2026-06-15,MULTIPLE_CUSIPS,34051269919,false,0,0,1,17,18
895494186251194405,ALP,P1_DURABLE_RANKED,true,true,OPEN_REVIEW,common,,G7185A128 G7185A136 G7185A102 09852M101,2024-09-18,2025-10-14,MULTIPLE_CUSIPS,34051269919,false,0,0,1,10,11
966800855847192401,FLY2,P1_DURABLE_RANKED,true,true,OPEN_REVIEW,common,,34407D109 05614P101,2013-08-06,2021-04-22,MULTIPLE_CUSIPS,34051269919,false,0,0,1,5,6
1003083053231690499,ATAC1,P2_LEADERSHIP,true,true,OPEN_REVIEW,common,,00211W104 008318107,2010-07-21,2010-08-13,MULTIPLE_CUSIPS,34051269919,false,0,0,0,17,17
1012830998144725822,CIMG,P2_LEADERSHIP,true,true,OPEN_REVIEW,common,,67073S208 67073S307 67073S406 67073S109,2021-11-11,2024-10-21,MULTIPLE_CUSIPS,34051269919,false,0,0,0,18,18
1015574315917695704,UTZ,P2_LEADERSHIP,true,true,OPEN_REVIEW,common,,918090101 G22707106 G22707122,2020-06-10,2020-07-02,MULTIPLE_CUSIPS,34051269919,false,0,0,0,36,78
1023640270036081506,LIN2,P2_LEADERSHIP,true,true,OPEN_REVIEW,common,,532771102 532774106 532776101,2014-03-21,2014-04-16,MULTIPLE_CUSIPS,34051269919,false,0,0,0,19,19
1025270394051995509,GIB,P2_LEADERSHIP,true,true,OPEN_REVIEW,common,,12532H104 39945C109,2014-02-05,2026-07-31,MULTIPLE_CUSIPS,34051269919,false,0,0,0,3,466
1037115478952756071,FSV,P2_LEADERSHIP,true,true,OPEN_REVIEW,common,,33767E202 33767E103,2025-01-13,2026-07-31,MULTIPLE_CUSIPS,34051269919,false,0,0,0,1,332
1038021986675702539,AHI,P2_LEADERSHIP,true,true,OPEN_REVIEW,common,,00777C104 00777C203,2023-06-12,2023-07-05,MULTIPLE_CUSIPS,34051269919,false,0,0,0,8,8
1041589921112577847,SMX,P2_LEADERSHIP,true,true,OPEN_REVIEW,common,,536262108 G8267K141 G8267K109 G8267K208 G8267K307 G8267K158 G8267K166 G8267K174 G8267K406 G8267K216 G8267K182 G8267K190,2022-05-09,2026-04-28,MULTIPLE_CUSIPS,34051269919,false,0,0,0,62,456
1049021918574874779,WBUY,P2_LEADERSHIP,true,true,OPEN_REVIEW,common,,G9513S102 G9513S110,2025-06-06,2025-07-23,MULTIPLE_CUSIPS,34051269919,false,0,0,0,5,5
1057977022122607134,AVCTQ,P2_LEADERSHIP,true,true,OPEN_REVIEW,common,,030382105 70957E105 70957E204 030382204,2020-08-06,2022-10-21,MULTIPLE_CUSIPS,34051269919,false,0,0,0,21,48
1061499087872300231,AMH1,P2_LEADERSHIP,true,true,OPEN_REVIEW,common,,03072M108 030732101,2006-07-06,2006-08-21,MULTIPLE_CUSIPS,34051269919,false,0,0,0,20,33
1062221465538336135,BIPC,P2_LEADERSHIP,true,true,OPEN_REVIEW,common,,11275Q107 11276H106,2021-09-10,2026-07-31,MULTIPLE_CUSIPS,34051269919,false,0,0,0,7,616
106569218926078867,IDMCQ,P2_LEADERSHIP,true,true,OPEN_REVIEW,common,,456607100 44977L100 126692102,2006-07-05,2008-03-10,MULTIPLE_CUSIPS,34051269919,false,0,0,0,38,402
1077550576123629534,SATX,P2_LEADERSHIP,true,true,OPEN_REVIEW,common,,M82363124 G3041W107,2022-11-18,2022-11-21,MULTIPLE_CUSIPS,34051269919,false,0,0,0,2,2
1086144274115457561,MIMI,P2_LEADERSHIP,true,true,OPEN_REVIEW,common,,G6146G109 G6146G117,2025-10-03,2025-10-06,MULTIPLE_CUSIPS,34051269919,false,0,0,0,1,2
1090125896214153913,ELBM,P2_LEADERSHIP,true,true,OPEN_REVIEW,common,,28474P201 28474P706,2025-10-13,2025-11-10,MULTIPLE_CUSIPS,34051269919,false,0,0,0,12,17
1102529782480971848,CNTFY,P2_LEADERSHIP,true,true,OPEN_REVIEW,common,,169424108 169424207,2007-10-18,2007-10-19,MULTIPLE_CUSIPS,34051269919,false,0,0,0,2,2
1105889575870416188,REXXQ,P2_LEADERSHIP,true,true,OPEN_REVIEW,common,,761565100 761565506,2011-10-04,2014-12-29,MULTIPLE_CUSIPS,34051269919,false,0,0,0,1,49
1114676339922425532,NDZ,P2_LEADERSHIP,true,true,OPEN_REVIEW,common,,65563C105 55269P302,2010-04-06,2014-04-28,MULTIPLE_CUSIPS,34051269919,false,0,0,0,17,23
1119921188223994749,CHGA,P2_LEADERSHIP,true,true,OPEN_REVIEW,common,,05344R104 05344R203 05344R302,2026-02-27,2026-03-02,MULTIPLE_CUSIPS,34051269919,false,0,0,0,2,2
1141671989288289515,NXL1,P2_LEADERSHIP,true,true,OPEN_REVIEW,common,,648053106 30067R107,2007-02-13,2007-04-19,MULTIPLE_CUSIPS,34051269919,false,0,0,0,21,46
1142964615483214947,SKIL2,P2_LEADERSHIP,true,true,OPEN_REVIEW,common,,830928107 83170A206 124853300,2010-02-12,2010-05-26,MULTIPLE_CUSIPS,34051269919,false,0,0,0,12,53
116177074508864059,GMM,P2_LEADERSHIP,true,true,OPEN_REVIEW,common,,G3937M106 G3937M114 G3937M205,2026-07-10,2026-07-29,MULTIPLE_CUSIPS,34051269919,false,0,0,0,1,4
117705586566981393,SFN1,P2_LEADERSHIP,true,true,OPEN_REVIEW,common,,848420105 784153108 45868P100,2011-07-21,2011-09-02,MULTIPLE_CUSIPS,34051269919,false,0,0,0,27,32
118276235806064595,YTENQ,P2_LEADERSHIP,true,true,OPEN_REVIEW,common,,591018809 98585K862 98585K201 591018882 98585K102 98585K854,2020-09-10,2020-09-14,MULTIPLE_CUSIPS,34051269919,false,0,0,0,2,3
123898231451370628,TRIRF,P2_LEADERSHIP,true,true,OPEN_REVIEW,common,,G9103H102 G6455A107 G6455A123,2020-12-17,2021-11-12,MULTIPLE_CUSIPS,34051269919,false,0,0,0,3,62
125547725087724392,ICDI,P2_LEADERSHIP,true,true,OPEN_REVIEW,common,,453415309 453415606,2020-04-13,2020-04-21,MULTIPLE_CUSIPS,34051269919,false,0,0,0,7,7
136874785304216743,PRFX,P2_LEADERSHIP,true,true,OPEN_REVIEW,common,,M77798102 M77798144 M77798128 M77798136 M77798201,2023-07-14,2025-08-20,MULTIPLE_CUSIPS,34051269919,false,0,0,0,10,10
13698227415232376,CHZS,P2_LEADERSHIP,true,true,OPEN_REVIEW,common,,205908106 205908304,2006-07-05,2007-03-27,MULTIPLE_CUSIPS,34051269919,false,0,0,0,12,161
149263833712904800,YARW,P2_LEADERSHIP,true,true,OPEN_REVIEW,common,,586858102 92941V209 92941V100 92941V308,2021-01-27,2021-03-09,MULTIPLE_CUSIPS,34051269919,false,0,0,0,12,29
159505778493115423,WPP1,P2_LEADERSHIP,true,true,OPEN_REVIEW,common,,943315101 943317107,2015-10-13,2015-11-05,MULTIPLE_CUSIPS,34051269919,false,0,0,0,17,17
170586424305588468,ADNH,P2_LEADERSHIP,true,true,OPEN_REVIEW,common,,00788A105 00165R101 00788A204,2020-12-09,2022-07-19,MULTIPLE_CUSIPS,34051269919,false,0,0,0,25,48
17159090121204713,NXUR,P2_LEADERSHIP,true,true,OPEN_REVIEW,common,,62956D105 049506108 62956D204 62956D303,2024-12-30,2025-01-06,MULTIPLE_CUSIPS,34051269919,false,0,0,0,3,3
181712688269645497,QNTM,P2_LEADERSHIP,true,true,OPEN_REVIEW,common,,35954B206 74764Y205 35954B404,2025-02-04,2025-02-13,MULTIPLE_CUSIPS,34051269919,false,0,0,0,8,8
186829690156569447,LILAK,P2_LEADERSHIP,true,true,OPEN_REVIEW,common,,G9001E128 G5480U153,2016-06-24,2020-10-15,MULTIPLE_CUSIPS,34051269919,false,0,0,0,21,251
189720321740141225,BOXDQ,P2_LEADERSHIP,true,true,OPEN_REVIEW,common,,103174108 81787X106,2022-06-23,2022-07-25,MULTIPLE_CUSIPS,34051269919,false,0,0,0,5,19
19171570310576852,AIXI,P2_LEADERSHIP,true,true,OPEN_REVIEW,common,,98423X209 98423X100 98423X308,2026-04-07,2026-04-23,MULTIPLE_CUSIPS,34051269919,false,0,0,0,7,7
197515588627444127,CMAXQ,P2_LEADERSHIP,true,true,OPEN_REVIEW,common,,14171W103 14171W202 244413100,2024-07-22,2024-07-30,MULTIPLE_CUSIPS,34051269919,false,0,0,0,7,7
199185697115041180,APTOF,P2_LEADERSHIP,true,true,OPEN_REVIEW,common,,03835T200 03835T309 03835T408 544192107 544191109 453219107 03835T101,2021-03-24,2021-04-20,MULTIPLE_CUSIPS,34051269919,false,0,0,0,17,17
206471017241236767,KEP,P2_LEADERSHIP,true,true,OPEN_REVIEW,common,,500631106 500631205,2007-07-24,2017-04-13,MULTIPLE_CUSIPS,34051269919,false,0,0,0,15,182
210042061840655813,LNAI,P2_LEADERSHIP,true,true,OPEN_REVIEW,common,,29350E104 29350E203 29350E302 236078101,2021-06-14,2021-06-25,MULTIPLE_CUSIPS,34051269919,false,0,0,0,8,8
216925786180042987,AKAN,P2_LEADERSHIP,true,true,OPEN_REVIEW,common,,00971M106 00971M205 00971M502 00971M403 00971M304 00971M601 00971M700,2026-04-22,2026-05-26,MULTIPLE_CUSIPS,34051269919,false,0,0,0,18,18
218572092380512800,GOCOQ,P2_LEADERSHIP,true,true,OPEN_REVIEW,common,,38046W105 38046W204,2021-01-29,2021-10-04,MULTIPLE_CUSIPS,34051269919,false,0,0,0,7,85
220734612160088067,CELL1,P2_LEADERSHIP,true,true,OPEN_REVIEW,common,,109473405 109473108,2006-07-05,2012-07-24,MULTIPLE_CUSIPS,34051269919,false,0,0,0,45,159
223649094030910552,USPI1,P2_LEADERSHIP,true,true,OPEN_REVIEW,common,,913016309 903375103,2006-10-05,2007-03-27,MULTIPLE_CUSIPS,34051269919,false,0,0,0,8,39
23239698889305908,CZOOF,P2_LEADERSHIP,true,true,OPEN_REVIEW,common,,G2007L105 G0190X100 G2007L204 G2007L121 G1993M101,2021-08-25,2024-05-08,MULTIPLE_CUSIPS,34051269919,false,0,0,0,11,17
232680048674617812,MKDTY,P2_LEADERSHIP,true,true,OPEN_REVIEW,common,,60852L106 60852L205,2021-02-05,2021-02-19,MULTIPLE_CUSIPS,34051269919,false,0,0,0,10,10
233189665423411967,PWAVQ,P2_LEADERSHIP,true,true,OPEN_REVIEW,common,,739363307 739363109,2006-07-05,2007-11-27,MULTIPLE_CUSIPS,34051269919,false,0,0,0,20,313
236546464536198449,NXTS,P2_LEADERSHIP,true,true,OPEN_REVIEW,common,,80512Q303 80512Q402 80512Q501 80512Q600 80512Q105 80512Q204,2025-01-02,2026-06-29,MULTIPLE_CUSIPS,34051269919,false,0,0,0,12,13
238785323839507876,ARA1,P2_LEADERSHIP,true,true,OPEN_REVIEW,common,,038496204 038496105,2006-07-05,2008-10-30,MULTIPLE_CUSIPS,34051269919,false,0,0,0,26,423
244543285531595978,CXRXF,P2_LEADERSHIP,true,true,OPEN_REVIEW,common,,206519100 20653P102 20653P409 00775M104 G01022105,2016-05-13,2016-06-29,MULTIPLE_CUSIPS,34051269919,false,0,0,0,5,24
246935175493407989,ATNXQ,P2_LEADERSHIP,true,true,OPEN_REVIEW,common,,04685N103 04685N202,2019-12-13,2021-06-02,MULTIPLE_CUSIPS,34051269919,false,0,0,0,19,57
252845012432277861,CNXT1,P2_LEADERSHIP,true,true,OPEN_REVIEW,common,,207142308 207142100,2006-07-05,2007-02-23,MULTIPLE_CUSIPS,34051269919,false,0,0,0,14,145
255537641544311712,AUVIQ,P2_LEADERSHIP,true,true,OPEN_REVIEW,common,,03828V105 03828V402 037988300 037988102,2021-03-05,2022-06-27,MULTIPLE_CUSIPS,34051269919,false,0,0,0,11,11
263470440580545501,AT1,P2_LEADERSHIP,true,true,OPEN_REVIEW,common,,020039103 016090102,2006-07-05,2007-11-15,MULTIPLE_CUSIPS,34051269919,false,0,0,0,3,346
267576191249806189,YAAS,P2_LEADERSHIP,true,true,OPEN_REVIEW,common,,G9876W112 G9876W104,2026-04-27,2026-04-28,MULTIPLE_CUSIPS,34051269919,false,0,0,0,2,2
274139514090907649,AMRQQ,P2_LEADERSHIP,true,true,OPEN_REVIEW,common,,02133L109 82812A103 82812A202,2018-01-23,2018-03-08,MULTIPLE_CUSIPS,34051269919,false,0,0,0,1,31
280655384494202876,CYRNQ,P2_LEADERSHIP,true,true,OPEN_REVIEW,common,,M26895108 M26895132 M25596202 M25596103,2022-02-25,2022-04-18,MULTIPLE_CUSIPS,34051269919,false,0,0,0,20,28
286330990160546804,EQOSQ,P2_LEADERSHIP,true,true,OPEN_REVIEW,common,,Y2074E109 G2956M104 G2956M138,2020-12-28,2021-11-23,MULTIPLE_CUSIPS,34051269919,false,0,0,0,32,39
289699865864951191,BAOS,P2_LEADERSHIP,true,true,OPEN_REVIEW,common,,G08908108 G08908116 G08908124,2024-12-24,2025-01-06,MULTIPLE_CUSIPS,34051269919,false,0,0,0,3,3
294778658200477598,HTGMQ,P2_LEADERSHIP,true,true,OPEN_REVIEW,common,,40434H104 40434H203 40434H302,2017-03-24,2017-04-20,MULTIPLE_CUSIPS,34051269919,false,0,0,0,15,15
302421230588989111,WEWKQ,P2_LEADERSHIP,true,true,OPEN_REVIEW,common,,96209A104 103085106 96209A401,2021-03-26,2023-10-03,MULTIPLE_CUSIPS,34051269919,false,0,0,0,40,240
302637988624695275,FREHY,P2_LEADERSHIP,true,true,OPEN_REVIEW,common,,03635R107 03635R206 03635R305,2020-12-14,2021-03-10,MULTIPLE_CUSIPS,34051269919,false,0,0,0,2,3
302967941881581516,EONGY,P2_LEADERSHIP,true,true,OPEN_REVIEW,common,,268780103 92239H102,2007-02-27,2007-08-30,MULTIPLE_CUSIPS,34051269919,false,0,0,0,1,110
305337131758957050,CLEUF,P2_LEADERSHIP,true,true,OPEN_REVIEW,common,,G2161Y109 G2161Y117 G2161Y133 G2161Y125,2021-02-12,2025-01-29,MULTIPLE_CUSIPS,34051269919,false,0,0,0,7,12
30723314005212436,GRCE,P2_LEADERSHIP,true,true,OPEN_REVIEW,common,,00430K402 00439U104 00430K105 00430K873 00430K865,2021-02-10,2021-02-17,MULTIPLE_CUSIPS,34051269919,false,0,0,0,5,5
319248286586397404,OLOX,P2_LEADERSHIP,true,true,OPEN_REVIEW,common,,78418A505 78418A604 78418A307 78418A703 78418A802,2024-05-03,2025-12-11,MULTIPLE_CUSIPS,34051269919,false,0,0,0,19,29
322016043620229064,GXAI,P2_LEADERSHIP,true,true,OPEN_REVIEW,common,,62911P300 62911P201,2024-03-13,2026-03-18,MULTIPLE_CUSIPS,34051269919,false,0,0,0,26,30
322630251933381263,OCG,P2_LEADERSHIP,true,true,OPEN_REVIEW,common,,G6796W107 G6796W115 G6796W123 G6796W131,2025-12-09,2025-12-10,MULTIPLE_CUSIPS,34051269919,false,0,0,0,2,2
325878757705228859,PVR,P2_LEADERSHIP,true,true,OPEN_REVIEW,common,,693665101 707884102,2011-12-13,2013-11-06,MULTIPLE_CUSIPS,34051269919,false,0,0,0,18,54
32974016278498836,PHXM,P2_LEADERSHIP,true,true,OPEN_REVIEW,common,,29604W108 29604W207,2021-08-02,2021-08-03,MULTIPLE_CUSIPS,34051269919,false,0,0,0,2,2
352648217497685819,IVPR,P2_LEADERSHIP,true,true,OPEN_REVIEW,common,,45784E205 45784E106 45784E304,2024-07-10,2024-08-02,MULTIPLE_CUSIPS,34051269919,false,0,0,0,16,16
355595675972827631,XTKG,P2_LEADERSHIP,true,true,OPEN_REVIEW,common,,G72007100 G72007134 G72007126 G72007118 G72007142 G72007159,2021-08-12,2022-06-24,MULTIPLE_CUSIPS,34051269919,false,0,0,0,10,26
357682836404705598,USBC,P2_LEADERSHIP,true,true,OPEN_REVIEW,common,,499238103 499238202 928449107 928449206,2025-06-09,2025-07-08,MULTIPLE_CUSIPS,34051269919,false,0,0,0,11,11
362261833004262772,DCFCQ,P2_LEADERSHIP,true,true,OPEN_REVIEW,common,,242794105 Q9225T108 Q9225T207,2022-02-09,2022-03-08,MULTIPLE_CUSIPS,34051269919,false,0,0,0,5,17
365837557702778102,RENX2,P2_LEADERSHIP,true,true,OPEN_REVIEW,common,,75955B102 758204200 290259100 758204101,2007-10-26,2015-03-26,MULTIPLE_CUSIPS,34051269919,false,0,0,0,2,30
367007693169426597,OCNF,P2_LEADERSHIP,true,true,OPEN_REVIEW,common,,Y64202107 Y64202115 Y64202123,2009-05-19,2009-06-04,MULTIPLE_CUSIPS,34051269919,false,0,0,0,10,12
37126731242075325,AVRNQ,P2_LEADERSHIP,true,true,OPEN_REVIEW,common,,05356X403 05356X809 05356X700,2007-01-25,2007-04-23,MULTIPLE_CUSIPS,34051269919,false,0,0,0,7,25
379900522967298057,PSTI1,P2_LEADERSHIP,true,true,OPEN_REVIEW,common,,584028104 713569309 713569200,2006-11-06,2007-01-18,MULTIPLE_CUSIPS,34051269919,false,0,0,0,10,45
382386310369528965,PGHEF,P2_LEADERSHIP,true,true,OPEN_REVIEW,common,,70706P104 706902509 706902301 706902103,2006-07-25,2009-10-29,MULTIPLE_CUSIPS,34051269919,false,0,0,0,7,366
389428543536150575,AIFA,P2_LEADERSHIP,true,true,OPEN_REVIEW,common,,019170109 09216T107 09216T206 019170208,2021-03-04,2021-04-06,MULTIPLE_CUSIPS,34051269919,false,0,0,0,14,22
393603687339770814,DSY,P2_LEADERSHIP,true,true,OPEN_REVIEW,common,,72942P104 G1263B108 G1263B132,2026-06-10,2026-07-02,MULTIPLE_CUSIPS,34051269919,false,0,0,0,4,4
394112553857045151,TU,P2_LEADERSHIP,true,true,OPEN_REVIEW,common,,87971M103 87971M202,2020-02-13,2026-07-31,MULTIPLE_CUSIPS,34051269919,false,0,0,0,5,1515
399503091839684501,CLVV,P2_LEADERSHIP,true,true,OPEN_REVIEW,common,,186760104 80821R109 80821R208 186760203,2021-02-10,2022-04-07,MULTIPLE_CUSIPS,34051269919,false,0,0,0,25,32
419581290243521131,CIGI,P2_LEADERSHIP,true,true,OPEN_REVIEW,common,,194693107 33761N109,2024-02-27,2026-07-31,MULTIPLE_CUSIPS,34051269919,false,0,0,0,17,199
419756793261140579,NRTLQ,P2_LEADERSHIP,true,true,OPEN_REVIEW,common,,656568508 656568102 656569100 665815106,2006-07-05,2008-10-14,MULTIPLE_CUSIPS,34051269919,false,0,0,0,70,575
424099180503622082,VSTE,P2_LEADERSHIP,true,true,OPEN_REVIEW,common,,629567108 Q9379E105,2024-11-01,2024-11-25,MULTIPLE_CUSIPS,34051269919,false,0,0,0,6,6
443180275527087349,LYTHF,P2_LEADERSHIP,true,true,OPEN_REVIEW,common,,G5851A109 G5851A133,2024-03-07,2024-04-01,MULTIPLE_CUSIPS,34051269919,false,0,0,0,4,4
450154553112428191,ATPC,P2_LEADERSHIP,true,true,OPEN_REVIEW,common,,008389207 008389108 008389306,2026-03-12,2026-07-17,MULTIPLE_CUSIPS,34051269919,false,0,0,0,10,11
450284194837013998,RPT1,P2_LEADERSHIP,true,true,OPEN_REVIEW,common,,74971D101 751452202 751452103 749709101,2017-05-09,2023-12-29,MULTIPLE_CUSIPS,34051269919,false,0,0,0,8,38
450317911727604097,BHATF,P2_LEADERSHIP,true,true,OPEN_REVIEW,common,,G1329V106 G1329V205 G1329V114 G1329V122,2022-06-23,2022-07-22,MULTIPLE_CUSIPS,34051269919,false,0,0,0,12,12
452362097446375195,NEPTF,P2_LEADERSHIP,true,true,OPEN_REVIEW,common,,64079L105 64077P108 64079L204 64079L303,2021-02-19,2022-08-26,MULTIPLE_CUSIPS,34051269919,false,0,0,0,3,19
463006732998201278,THMRQ,P2_LEADERSHIP,true,true,OPEN_REVIEW,common,,885218107 885218800,2006-08-11,2008-04-23,MULTIPLE_CUSIPS,34051269919,false,0,0,0,29,327
467020766091718629,ORANY,P2_LEADERSHIP,true,true,OPEN_REVIEW,common,,684060106 35177Q105 35177Q204,2007-06-25,2016-05-10,MULTIPLE_CUSIPS,34051269919,false,0,0,0,10,384
47199860771341941,SYNE,P2_LEADERSHIP,true,true,OPEN_REVIEW,common,,871628103 871628202 871628301,2019-10-14,2019-11-08,MULTIPLE_CUSIPS,34051269919,false,0,0,0,8,8
472470523584007203,ZAPP,P2_LEADERSHIP,true,true,OPEN_REVIEW,common,,12561U109 G9889X107 G9889X123,2024-07-02,2024-07-31,MULTIPLE_CUSIPS,34051269919,false,0,0,0,20,20
4842876510331218,TIRXF,P2_LEADERSHIP,true,true,OPEN_REVIEW,common,,G8884K102 G8884K110 G8884K136 G8884K128,2026-01-28,2026-01-28,MULTIPLE_CUSIPS,34051269919,false,0,0,0,1,1
485656366014433376,BNAUF,P2_LEADERSHIP,true,true,OPEN_REVIEW,common,,780911103 780911509 07160B106,2015-01-05,2015-07-16,MULTIPLE_CUSIPS,34051269919,false,0,0,0,35,102
487329770828806227,RKTO,P2_LEADERSHIP,true,true,OPEN_REVIEW,common,,44148G105 44148G204,2023-01-04,2026-06-16,MULTIPLE_CUSIPS,34051269919,false,0,0,0,19,19
489350436874608060,BIYA,P2_LEADERSHIP,true,true,OPEN_REVIEW,common,,G07064101 G07064119,2026-04-30,2026-07-30,MULTIPLE_CUSIPS,34051269919,false,0,0,0,4,12
494106095955525849,MATR1,P2_LEADERSHIP,true,true,OPEN_REVIEW,common,,576817209 576817100,2008-01-25,2008-02-21,MULTIPLE_CUSIPS,34051269919,false,0,0,0,12,15
499861007084541401,PKY1,P2_LEADERSHIP,true,true,OPEN_REVIEW,common,,70159Q104 701545204,2014-01-07,2016-10-05,MULTIPLE_CUSIPS,34051269919,false,0,0,0,15,55
504872827721303870,DFSC,P2_LEADERSHIP,true,true,OPEN_REVIEW,common,,501506604 501506703 244778106 501506802,2025-06-18,2025-06-30,MULTIPLE_CUSIPS,34051269919,false,0,0,0,4,4
513979729658473231,EDHL,P2_LEADERSHIP,true,true,OPEN_REVIEW,common,,G32212105 G32212113,2026-06-11,2026-07-07,MULTIPLE_CUSIPS,34051269919,false,0,0,0,3,4
515779142969303930,QVCGB,P2_LEADERSHIP,true,true,OPEN_REVIEW,common,,74915M209 53071M203,2022-08-03,2022-08-04,MULTIPLE_CUSIPS,34051269919,false,0,0,0,2,2
530891458353402071,POWR1,P2_LEADERSHIP,true,true,OPEN_REVIEW,common,,73936N105 59159Q107 566323309 566323101,2016-03-11,2016-03-23,MULTIPLE_CUSIPS,34051269919,false,0,0,0,8,8
543083518703645156,XSELY,P2_LEADERSHIP,true,true,OPEN_REVIEW,common,,983982109 983982208,2007-10-11,2007-10-22,MULTIPLE_CUSIPS,34051269919,false,0,0,0,5,7
552591500458143706,GVHGF,P2_LEADERSHIP,true,true,OPEN_REVIEW,common,,92838F101 92838F200,2025-03-05,2025-03-26,MULTIPLE_CUSIPS,34051269919,false,0,0,0,12,12
568706458403231309,VJTTY,P2_LEADERSHIP,true,true,OPEN_REVIEW,common,,92912L107 92912L206,2014-07-07,2014-07-29,MULTIPLE_CUSIPS,34051269919,false,0,0,0,12,14
571519096724645956,FLZH,P2_LEADERSHIP,true,true,OPEN_REVIEW,common,,91704K202 91704K301 91704K103,2026-03-23,2026-04-13,MULTIPLE_CUSIPS,34051269919,false,0,0,0,15,15
574441503402547337,MPG1,P2_LEADERSHIP,true,true,OPEN_REVIEW,common,,553274101 559775101,2006-12-07,2010-04-19,MULTIPLE_CUSIPS,34051269919,false,0,0,0,19,269
58198491267038495,VEOEY,P2_LEADERSHIP,true,true,OPEN_REVIEW,common,,92334N103 928517101,2007-06-28,2012-05-31,MULTIPLE_CUSIPS,34051269919,false,0,0,0,30,687
583729758686494607,HYFT,P2_LEADERSHIP,true,true,OPEN_REVIEW,common,,45257F200 602687105 45257F101,2021-07-22,2021-08-09,MULTIPLE_CUSIPS,34051269919,false,0,0,0,7,8
594644032218297668,BFAM1,P2_LEADERSHIP,true,true,OPEN_REVIEW,common,,109195107 109190108,2008-01-23,2008-02-11,MULTIPLE_CUSIPS,34051269919,false,0,0,0,14,14
614776420452243153,POLCQ,P2_LEADERSHIP,true,true,OPEN_REVIEW,common,,28252C109 28252C208,2021-06-02,2024-01-11,MULTIPLE_CUSIPS,34051269919,false,0,0,0,19,53
616207656933335880,KMG1,P2_LEADERSHIP,true,true,OPEN_REVIEW,common,,492386107 492386305,2006-07-05,2006-08-09,MULTIPLE_CUSIPS,34051269919,false,0,0,0,6,26
626557450187900902,PBM,P2_LEADERSHIP,true,true,OPEN_REVIEW,common,,G6448C103 74449F100 74449F209 74449F308 74449F407,2025-08-04,2026-05-01,MULTIPLE_CUSIPS,34051269919,false,0,0,0,7,9
633661694719460024,MTC,P2_LEADERSHIP,true,true,OPEN_REVIEW,common,,G6181K114 G6181K106 G6181K122,2025-11-05,2025-11-14,MULTIPLE_CUSIPS,34051269919,false,0,0,0,8,8
635394468253321768,HSTOQ,P2_LEADERSHIP,true,true,OPEN_REVIEW,common,,20600T108 43358Y103,2016-12-28,2017-01-10,MULTIPLE_CUSIPS,34051269919,false,0,0,0,8,8
638843741005544965,XYLO,P2_LEADERSHIP,true,true,OPEN_REVIEW,common,,58471G300 58471G409 58471G102 58471G508 58471G201,2020-10-13,2020-10-23,MULTIPLE_CUSIPS,34051269919,false,0,0,0,3,3
639274294186704402,AEHL,P2_LEADERSHIP,true,true,OPEN_REVIEW,common,,G2113X100 G2113X134 G041JN106 G041JN122 G041JN130 G2113X159 G2113X209 G041JN148,2025-11-25,2026-05-19,MULTIPLE_CUSIPS,34051269919,false,0,0,0,9,9
651798515940468989,LAUR1,P2_LEADERSHIP,true,true,OPEN_REVIEW,common,,518613104 871399101,2006-07-21,2007-07-26,MULTIPLE_CUSIPS,34051269919,false,0,0,0,17,100
655042485769504923,IHG,P2_LEADERSHIP,true,true,OPEN_REVIEW,common,,45857P806 45857P707 45857P509 45857P608 45857P400 45857P301 45857P202 45857P103 458573201 458573102 830018107,2018-01-02,2026-07-31,MULTIPLE_CUSIPS,34051269919,false,0,0,0,5,515
667140484759602374,ALD1,P2_LEADERSHIP,true,true,OPEN_REVIEW,common,,01903Q108 019042100,2006-07-19,2008-10-24,MULTIPLE_CUSIPS,34051269919,false,0,0,0,7,360
680117966473801976,RETO,P2_LEADERSHIP,true,true,OPEN_REVIEW,common,,G75271109 G75271117 G75271125 G75271307 G75271133 G75271406,2021-02-23,2021-03-05,MULTIPLE_CUSIPS,34051269919,false,0,0,0,5,5
687689361886221535,IS,P2_LEADERSHIP,true,true,OPEN_REVIEW,common,,M5R75Y101 G88272102,2021-09-20,2022-11-04,MULTIPLE_CUSIPS,34051269919,false,0,0,0,28,215
689727845103726360,SWIM2,P2_LEADERSHIP,true,true,OPEN_REVIEW,common,,46145P103 88409C105,2008-05-15,2009-02-12,MULTIPLE_CUSIPS,34051269919,false,0,0,0,20,30
699738264904030965,MFLTF,P2_LEADERSHIP,true,true,OPEN_REVIEW,common,,60500F105 60500F204,2023-08-07,2023-08-10,MULTIPLE_CUSIPS,34051269919,false,0,0,0,3,3
702750112247019511,CORZQ,P2_LEADERSHIP,true,true,OPEN_REVIEW,common,,21873J108 739190106,2021-11-10,2022-04-14,MULTIPLE_CUSIPS,34051269919,false,0,0,0,6,27
703291776797057040,CLSDQ,P2_LEADERSHIP,true,true,OPEN_REVIEW,common,,185063104 185063203,2018-03-08,2021-07-14,MULTIPLE_CUSIPS,34051269919,false,0,0,0,30,30
720871431798233668,ELPW,P2_LEADERSHIP,true,true,OPEN_REVIEW,common,,G89229119 G3016G103 G3016G111 G3016G129,2026-02-02,2026-05-07,MULTIPLE_CUSIPS,34051269919,false,0,0,0,6,10
720912212270057585,ALIZY,P2_LEADERSHIP,true,true,OPEN_REVIEW,common,,018805101 018820100,2007-05-31,2008-10-14,MULTIPLE_CUSIPS,34051269919,false,0,0,0,12,279
726835250902442106,BETSF,P2_LEADERSHIP,true,true,OPEN_REVIEW,common,,G1144D125 G8477B105 G1144D109 G21490209 G21490506 G9396G100 G9396G118 G1144D133,2021-11-16,2021-11-18,MULTIPLE_CUSIPS,34051269919,false,0,0,0,2,3
732186125444103069,CPOP,P2_LEADERSHIP,true,true,OPEN_REVIEW,common,,G71700101 G71700119,2021-12-29,2024-02-22,MULTIPLE_CUSIPS,34051269919,false,0,0,0,8,8
73450089656923190,CUPR,P2_LEADERSHIP,true,true,OPEN_REVIEW,common,,G2592E102 G2592E110,2026-06-15,2026-06-30,MULTIPLE_CUSIPS,34051269919,false,0,0,0,4,4
734887237835298547,CRXTQ,P2_LEADERSHIP,true,true,OPEN_REVIEW,common,,18271L107 09607T104,2021-09-16,2022-04-22,MULTIPLE_CUSIPS,34051269919,false,0,0,0,6,12
739770619759153468,DEO,P2_LEADERSHIP,true,true,OPEN_REVIEW,common,,25243Q205 386090302,2006-07-05,2026-07-31,MULTIPLE_CUSIPS,34051269919,false,0,0,0,33,5045
742078063402463845,MDVLQ,P2_LEADERSHIP,true,true,OPEN_REVIEW,common,,58406B103 62857P108 58406B202 554051201 554051102 049433105,2020-07-01,2022-05-11,MULTIPLE_CUSIPS,34051269919,false,0,0,0,18,19
763211457704323541,TWG,P2_LEADERSHIP,true,true,OPEN_REVIEW,common,,G8945S102 G8945S110,2024-10-15,2025-12-09,MULTIPLE_CUSIPS,34051269919,false,0,0,0,9,10
763380806255680719,EHGO,P2_LEADERSHIP,true,true,OPEN_REVIEW,common,,G3121H103 G3121H111,2026-06-22,2026-07-28,MULTIPLE_CUSIPS,34051269919,false,0,0,0,7,10
766906363217850051,MLNTQ,P2_LEADERSHIP,true,true,OPEN_REVIEW,common,,58549G100 58549G209,2019-06-19,2019-07-17,MULTIPLE_CUSIPS,34051269919,false,0,0,0,20,20
77093398988040216,DCTH1,P2_LEADERSHIP,true,true,OPEN_REVIEW,common,,24661P104 24661P401 24661P500 24661P203 24661P609,2015-05-29,2015-06-22,MULTIPLE_CUSIPS,34051269919,false,0,0,0,6,6
772427121210636055,CNL1,P2_LEADERSHIP,true,true,OPEN_REVIEW,common,,12561W105 153897608 12561M107,2007-08-02,2016-04-13,MULTIPLE_CUSIPS,34051269919,false,0,0,0,42,424
775861136859211393,RARE1,P2_LEADERSHIP,true,true,OPEN_REVIEW,common,,753820109 543057103,2007-08-17,2007-10-01,MULTIPLE_CUSIPS,34051269919,false,0,0,0,21,31
788329371011546536,LDTCF,P2_LEADERSHIP,true,true,OPEN_REVIEW,common,,G7273A105 52328E105,2024-12-09,2025-01-07,MULTIPLE_CUSIPS,34051269919,false,0,0,0,11,11
815365834997670741,CYCU,P2_LEADERSHIP,true,true,OPEN_REVIEW,common,,95758L107 95758L305,2026-07-30,2026-07-30,MULTIPLE_CUSIPS,34051269919,false,0,0,0,1,1
836648774093976129,SOPAQ,P2_LEADERSHIP,true,true,OPEN_REVIEW,common,,83370P102 83370P201,2025-02-11,2026-01-23,MULTIPLE_CUSIPS,34051269919,false,0,0,0,16,16
842806401459493658,GNCAQ,P2_LEADERSHIP,true,true,OPEN_REVIEW,common,,372427104 372427401,2016-04-07,2016-04-14,MULTIPLE_CUSIPS,34051269919,false,0,0,0,5,6
848299751353307244,ANDX,P2_LEADERSHIP,true,true,OPEN_REVIEW,common,,03350F106 88160T107,2013-01-09,2019-07-29,MULTIPLE_CUSIPS,34051269919,false,0,0,0,69,836
848418269852065962,MODVQ,P2_LEADERSHIP,true,true,OPEN_REVIEW,common,,743815102 60783X104,2025-06-05,2025-06-27,MULTIPLE_CUSIPS,34051269919,false,0,0,0,9,9
860482142370882642,OPTX,P2_LEADERSHIP,true,true,OPEN_REVIEW,common,,68218C108 87169M105,2024-12-20,2026-01-22,MULTIPLE_CUSIPS,34051269919,false,0,0,0,7,7
863372863639270983,CNCT1,P2_LEADERSHIP,true,true,OPEN_REVIEW,common,,208192104 207854100 16951V106,2006-11-08,2006-11-17,MULTIPLE_CUSIPS,34051269919,false,0,0,0,8,8
863716372703836147,ACCL1,P2_LEADERSHIP,true,true,OPEN_REVIEW,common,,00430U103 71713B104,2014-02-03,2014-02-26,MULTIPLE_CUSIPS,34051269919,false,0,0,0,15,15
872933797384182660,GNSS1,P2_LEADERSHIP,true,true,OPEN_REVIEW,common,,371933102 37184C103,2006-07-28,2006-11-21,MULTIPLE_CUSIPS,34051269919,false,0,0,0,5,48
873936158470356262,WEIDY,P2_LEADERSHIP,true,true,OPEN_REVIEW,common,,94861A108 94861A207,2020-10-20,2020-11-12,MULTIPLE_CUSIPS,34051269919,false,0,0,0,9,9
87519734003931149,ZEVY,P2_LEADERSHIP,true,true,OPEN_REVIEW,common,,53228T101 37519D107 53228T200,2020-12-11,2021-09-28,MULTIPLE_CUSIPS,34051269919,false,0,0,0,27,104
877888972841438604,SKYA,P2_LEADERSHIP,true,true,OPEN_REVIEW,common,,82003F309 82003F101 82003F200,2025-08-27,2025-09-23,MULTIPLE_CUSIPS,34051269919,false,0,0,0,11,12
886320167037977181,TRAD1,P2_LEADERSHIP,true,true,OPEN_REVIEW,common,,89267P105 68211E101,2011-04-28,2011-05-19,MULTIPLE_CUSIPS,34051269919,false,0,0,0,8,8
887467891507310080,WEJOQ,P2_LEADERSHIP,true,true,OPEN_REVIEW,common,,92837J104 G9525W109,2021-11-18,2021-12-14,MULTIPLE_CUSIPS,34051269919,false,0,0,0,1,13
888374992042785616,GSF1,P2_LEADERSHIP,true,true,OPEN_REVIEW,common,,G3930E101 G7805C108,2006-07-05,2007-11-26,MULTIPLE_CUSIPS,34051269919,false,0,0,0,26,352
890200990076735722,STEL1,P2_LEADERSHIP,true,true,OPEN_REVIEW,common,,85856W105 460939309 554433102 460939101 460939200,2006-11-10,2006-12-01,MULTIPLE_CUSIPS,34051269919,false,0,0,0,13,13
893630170304035278,NVCN,P2_LEADERSHIP,true,true,OPEN_REVIEW,common,,64065J106 64065J304 64065J205 64065J403,2016-12-08,2021-03-05,MULTIPLE_CUSIPS,34051269919,false,0,0,0,14,20
893706224077607177,PCLA,P2_LEADERSHIP,true,true,OPEN_REVIEW,common,,71989C109 71989C208,2026-05-26,2026-05-27,MULTIPLE_CUSIPS,34051269919,false,0,0,0,2,2
901623016632785278,XRTX,P2_LEADERSHIP,true,true,OPEN_REVIEW,common,,98420Q306 98420Q207 98420Q405 98420Q108,2024-08-29,2024-09-03,MULTIPLE_CUSIPS,34051269919,false,0,0,0,3,3
905482684706096774,SPHL,P2_LEADERSHIP,true,true,OPEN_REVIEW,common,,G83761109 G83761117,2026-01-15,2026-01-30,MULTIPLE_CUSIPS,34051269919,false,0,0,0,6,6
908851427120196539,STSA1,P2_LEADERSHIP,true,true,OPEN_REVIEW,common,,859319303 859319105,2007-08-13,2013-10-10,MULTIPLE_CUSIPS,34051269919,false,0,0,0,11,32
916254279996296439,SAIH,P2_LEADERSHIP,true,true,OPEN_REVIEW,common,,G89877107 G7852T103 G7852T202,2023-04-26,2023-04-28,MULTIPLE_CUSIPS,34051269919,false,0,0,0,3,3
92263063592881485,MFGP,P2_LEADERSHIP,true,true,OPEN_REVIEW,common,,594837304 594837403,2018-03-06,2018-05-09,MULTIPLE_CUSIPS,34051269919,false,0,0,0,13,38
92506667189012807,VSME,P2_LEADERSHIP,true,true,OPEN_REVIEW,common,,G9517U202 G9517U103 G9517U111,2026-06-10,2026-06-16,MULTIPLE_CUSIPS,34051269919,false,0,0,0,5,5
941708849939106534,NMTRQ,P2_LEADERSHIP,true,true,OPEN_REVIEW,common,,654405109 45782F105 654405208 61174L501,2021-01-29,2021-02-26,MULTIPLE_CUSIPS,34051269919,false,0,0,0,11,11
946325887613166050,LAIXY,P2_LEADERSHIP,true,true,OPEN_REVIEW,common,,50736W105 50736W204,2021-02-05,2021-02-26,MULTIPLE_CUSIPS,34051269919,false,0,0,0,9,9
947414223549154285,LICYF,P2_LEADERSHIP,true,true,OPEN_REVIEW,common,,50202P105 G7008A115 50202P204,2021-09-29,2024-04-08,MULTIPLE_CUSIPS,34051269919,false,0,0,0,16,27
953705492274993059,DCOY,P2_LEADERSHIP,true,true,OPEN_REVIEW,common,,33938A105 79400X107 79400X404 79400X305 79400X503 79400X602,2024-08-07,2025-01-16,MULTIPLE_CUSIPS,34051269919,false,0,0,0,2,3
962250613392936001,TRIB,P2_LEADERSHIP,true,true,OPEN_REVIEW,common,,896438306 896438504 896438108,2025-08-14,2025-08-20,MULTIPLE_CUSIPS,34051269919,false,0,0,0,3,3
965251650458029578,AIIXY,P2_LEADERSHIP,true,true,OPEN_REVIEW,common,,009606104 009606203,2010-04-05,2010-06-02,MULTIPLE_CUSIPS,34051269919,false,0,0,0,3,31
969988484821570387,DEVSF,P2_LEADERSHIP,true,true,OPEN_REVIEW,common,,34417L109 251936100 251936209,2025-05-12,2025-05-12,MULTIPLE_CUSIPS,34051269919,false,0,0,0,1,1
971433568129744166,IMVIQ,P2_LEADERSHIP,true,true,OPEN_REVIEW,common,,44974L103 44974L301,2020-07-21,2020-08-05,MULTIPLE_CUSIPS,34051269919,false,0,0,0,6,6
978208250288467165,CBKCQ,P2_LEADERSHIP,true,true,OPEN_REVIEW,common,,171046105 105658108,2006-11-02,2007-01-17,MULTIPLE_CUSIPS,34051269919,false,0,0,0,3,34
98113004194710344,AZIO,P2_LEADERSHIP,true,true,OPEN_REVIEW,common,,29414V209 00726A100 29414V308 29414V100,2026-01-12,2026-02-04,MULTIPLE_CUSIPS,34051269919,false,0,0,0,14,14
987218777470557287,GMVDF,P2_LEADERSHIP,true,true,OPEN_REVIEW,common,,G39462208 G39462141 G39462125,2022-01-20,2022-02-02,MULTIPLE_CUSIPS,34051269919,false,0,0,0,10,10
988513118366020851,JENGQ,P2_LEADERSHIP,true,true,OPEN_REVIEW,common,,48213W101 48213W408,2020-09-29,2021-03-19,MULTIPLE_CUSIPS,34051269919,false,0,0,0,7,58
994753932541300734,HAN,P2_LEADERSHIP,true,true,OPEN_REVIEW,common,,411352404 411349103 411352305,2007-05-16,2007-05-16,MULTIPLE_CUSIPS,34051269919,false,0,0,0,1,1
1013898987216920348,LILMF,P3_RANKING_OR_BASE,true,true,OPEN_REVIEW,common,,N52586109 G7307X105,2021-10-01,2021-10-04,MULTIPLE_CUSIPS,34051269919,false,0,0,0,0,2
1019479234403084594,BEP,P3_RANKING_OR_BASE,true,true,OPEN_REVIEW,unknown,,G16258108,2020-02-27,2026-07-31,MANUAL_CONFLICT,34051269919,false,0,0,0,0,0
1038919393884227344,SDLPQ,P3_RANKING_OR_BASE,true,true,OPEN_REVIEW,common,,Y7545W109 Y7545W125,2014-03-28,2014-07-17,MULTIPLE_CUSIPS,34051269919,false,0,0,0,0,17
1066160137614589315,JTKWY,P3_RANKING_OR_BASE,true,true,OPEN_REVIEW,common,,48214T305 48214T107,2021-12-13,2022-03-11,MULTIPLE_CUSIPS,34051269919,false,0,0,0,0,60
1089698460273142770,CWEN.A,P3_RANKING_OR_BASE,true,true,OPEN_REVIEW,common,,18539C105 62942X306,2024-12-20,2024-12-31,MULTIPLE_CUSIPS,34051269919,false,0,0,0,0,4
1092594788232214414,WES,P3_RANKING_OR_BASE,true,true,OPEN_REVIEW,unknown,,958669103 95825R103,2014-07-01,2026-07-31,MANUAL_CONFLICT;MULTIPLE_CUSIPS,34051269919,false,0,0,0,0,0
1093865446405037869,RTLR,P3_RANKING_OR_BASE,true,true,OPEN_REVIEW,unknown,,75419T103,2022-05-25,2022-06-14,MANUAL_CONFLICT,34051269919,false,0,0,0,0,0
110726389677702988,IMPH,P3_RANKING_OR_BASE,true,true,OPEN_REVIEW,common,,45254P508 45254P102 452922107,2007-03-19,2007-03-22,MULTIPLE_CUSIPS,34051269919,false,0,0,0,0,4
1118115652775499706,NEE-PO,P3_RANKING_OR_BASE,true,true,OPEN_REVIEW,non_common,,65339F796 65339F887,2019-09-30,2022-08-31,MULTIPLE_CUSIPS,34051269919,false,0,0,0,0,0
1148177820383038150,EPD,P3_RANKING_OR_BASE,true,true,OPEN_REVIEW,unknown,,293792107,2006-07-05,2026-07-31,MANUAL_CONFLICT,34051269919,false,0,0,0,0,0
132672321362575555,FER,P3_RANKING_OR_BASE,true,true,OPEN_REVIEW,common,,N3168P101 315437103,2025-09-08,2026-07-31,MULTIPLE_CUSIPS,34051269919,false,0,0,0,0,226
134130355196555097,SKIL,P3_RANKING_OR_BASE,true,true,OPEN_REVIEW,common,,83066P200 17143G106 83066P309,2020-10-29,2021-02-10,MULTIPLE_CUSIPS,34051269919,false,0,0,0,0,19
137714657591136915,TMPOQ,P3_RANKING_OR_BASE,true,true,OPEN_REVIEW,common,,G0083D120 88024M108,2021-01-28,2021-02-03,MULTIPLE_CUSIPS,34051269919,false,0,0,0,0,5
146845651130596317,CMLP,P3_RANKING_OR_BASE,true,true,OPEN_REVIEW,common,,226378107 45671U106,2013-10-07,2015-01-02,MULTIPLE_CUSIPS,34051269919,false,0,0,0,0,24
153414598251739485,TVIAQ,P3_RANKING_OR_BASE,true,true,OPEN_REVIEW,common,,83415T101 88105A106,2014-03-26,2014-04-10,MULTIPLE_CUSIPS,34051269919,false,0,0,0,0,12
161168179129897137,LB,P3_RANKING_OR_BASE,true,true,OPEN_REVIEW,unknown,,514952100,2024-12-27,2026-07-29,MANUAL_CONFLICT,34051269919,false,0,0,0,0,0
169684801850084882,ANG-PB,P3_RANKING_OR_BASE,true,true,OPEN_REVIEW,non_common,,025676602 025676867,2024-12-20,2024-12-31,MULTIPLE_CUSIPS,34051269919,false,0,0,0,0,0
188640629095435560,SXTC,P3_RANKING_OR_BASE,true,true,OPEN_REVIEW,common,,G2161P108 G2161P116 G2161P132 G2161P157 G2161P140 G2161P165,2025-04-25,2025-05-19,MULTIPLE_CUSIPS,34051269919,false,0,0,0,0,4
198390113242719162,CFRXQ,P3_RANKING_OR_BASE,true,true,OPEN_REVIEW,common,,212326300 212326102 212326409 212326201,2023-04-27,2023-04-27,MULTIPLE_CUSIPS,34051269919,false,0,0,0,0,1
202200000063691725,SYCRF,P3_RANKING_OR_BASE,true,true,OPEN_REVIEW,common,,G8649T109 G8018D107,2007-08-02,2007-11-21,MULTIPLE_CUSIPS,34051269919,false,0,0,0,0,42
228058489043892858,ANG-PA,P3_RANKING_OR_BASE,true,true,OPEN_REVIEW,non_common,,025676503 025676875,2025-01-07,2025-01-24,MULTIPLE_CUSIPS,34051269919,false,0,0,0,0,0
228207928463147707,ETP,P3_RANKING_OR_BASE,true,true,OPEN_REVIEW,unknown,,29278N103 86764L108,2013-03-15,2018-10-18,MANUAL_CONFLICT;MULTIPLE_CUSIPS,34051269919,false,0,0,0,0,0
229963927054418472,EPR-PE,P3_RANKING_OR_BASE,true,true,OPEN_REVIEW,non_common,,26884U307 29380T600,2024-12-20,2024-12-31,MULTIPLE_CUSIPS,34051269919,false,0,0,0,0,0
230485976154984954,PFBC,P3_RANKING_OR_BASE,true,true,OPEN_REVIEW,common,,740367404 740367107,2018-07-10,2018-08-01,MULTIPLE_CUSIPS,34051269919,false,0,0,0,0,16
232112979474058723,BPY,P3_RANKING_OR_BASE,true,true,OPEN_REVIEW,unknown,,G16249107,2014-03-31,2021-07-26,MANUAL_CONFLICT,34051269919,false,0,0,0,0,0
241694605179777667,ARGO-PA,P3_RANKING_OR_BASE,true,true,OPEN_REVIEW,non_common,,040128209 040128407,2024-12-20,2024-12-31,MULTIPLE_CUSIPS,34051269919,false,0,0,0,0,0
241773249272800956,EMESQ,P3_RANKING_OR_BASE,true,true,OPEN_REVIEW,unknown,,29102H108,2014-04-24,2016-07-07,MANUAL_CONFLICT,34051269919,false,0,0,0,0,0
258046948374938664,ASTL,P3_RANKING_OR_BASE,true,true,OPEN_REVIEW,common,,015658107 52473X106,2022-07-13,2022-08-22,MULTIPLE_CUSIPS,34051269919,false,0,0,0,0,27
270907768212940979,VIEWQ,P3_RANKING_OR_BASE,true,true,OPEN_REVIEW,common,,92671V106 15725Q104 92671V304,2021-06-25,2021-07-01,MULTIPLE_CUSIPS,34051269919,false,0,0,0,0,5
275062087927273775,GPT2,P3_RANKING_OR_BASE,true,true,OPEN_REVIEW,common,,38489R100 38489R605 384871109,2015-04-14,2015-08-05,MULTIPLE_CUSIPS,34051269919,false,0,0,0,0,42
278856321542165771,CORSQ,P3_RANKING_OR_BASE,true,true,OPEN_REVIEW,common,,220873103 768200107,2006-07-25,2007-03-27,MULTIPLE_CUSIPS,34051269919,false,0,0,0,0,36
299712706490312370,GRI,P3_RANKING_OR_BASE,true,true,OPEN_REVIEW,common,,92023M101 3622AW304 3622AW106 3622AW403 3622AW205 3622AW502,2022-04-22,2022-04-25,MULTIPLE_CUSIPS,34051269919,false,0,0,0,0,2
391908814644765747,CCI-PA,P3_RANKING_OR_BASE,true,true,OPEN_REVIEW,non_common,,22822V309 22822V200 228227500,2018-10-19,2020-07-31,MULTIPLE_CUSIPS,34051269919,false,0,0,0,0,0
397172774526346028,NCV-PA,P3_RANKING_OR_BASE,true,true,OPEN_REVIEW,non_common,,018828707 92838X706,2024-12-20,2024-12-31,MULTIPLE_CUSIPS,34051269919,false,0,0,0,0,0
420287026268986271,WTRU,P3_RANKING_OR_BASE,true,true,OPEN_REVIEW,non_common,,29670G201 03836W202,2019-11-06,2019-11-07,MULTIPLE_CUSIPS,34051269919,false,0,0,0,0,0
450075566409889078,BIP,P3_RANKING_OR_BASE,true,true,OPEN_REVIEW,unknown,,G16252101,2013-05-08,2026-07-31,MANUAL_CONFLICT,34051269919,false,0,0,0,0,0
494080213499901728,LGCYQ,P3_RANKING_OR_BASE,true,true,OPEN_REVIEW,common,,524707304 524706108,2014-10-15,2014-10-30,MULTIPLE_CUSIPS,34051269919,false,0,0,0,0,12
534005804985681589,AIFU,P3_RANKING_OR_BASE,true,true,OPEN_REVIEW,common,,30712A103 18976M103 G3314G110 G3314G128,2010-11-23,2011-01-04,MULTIPLE_CUSIPS,34051269919,false,0,0,0,0,28
551585671305244475,PLM,P3_RANKING_OR_BASE,true,true,OPEN_REVIEW,common,,731916102 731916409,2020-09-04,2020-09-28,MULTIPLE_CUSIPS,34051269919,false,0,0,0,0,8
57044006746155268,ODTC,P3_RANKING_OR_BASE,true,true,OPEN_REVIEW,common,,676079106 676079205 676079304,2021-04-07,2021-04-22,MULTIPLE_CUSIPS,34051269919,false,0,0,0,0,6
607033349837235157,MMP,P3_RANKING_OR_BASE,true,true,OPEN_REVIEW,unknown,,559080106 969491109,2010-05-24,2023-09-22,MANUAL_CONFLICT;MULTIPLE_CUSIPS,34051269919,false,0,0,0,0,0
639821035856559974,DBRG-PI,P3_RANKING_OR_BASE,true,true,OPEN_REVIEW,non_common,,19625W872 19626G603 25401T405,2024-12-20,2024-12-31,MULTIPLE_CUSIPS,34051269919,false,0,0,0,0,0
648373417461465308,WPZ,P3_RANKING_OR_BASE,true,true,OPEN_REVIEW,unknown,,96949L105 00434L109 16524K108,2012-02-10,2018-08-09,MANUAL_CONFLICT;MULTIPLE_CUSIPS,34051269919,false,0,0,0,0,0
648904847475652130,ELP,P3_RANKING_OR_BASE,true,true,OPEN_REVIEW,common,,20441B407 20441B605 20441B308,2011-08-05,2021-04-20,MULTIPLE_CUSIPS,34051269919,false,0,0,0,0,21
726313399179454655,ACR-PC,P3_RANKING_OR_BASE,true,true,OPEN_REVIEW,non_common,,30068N402 00489Q201,2025-01-07,2025-01-07,MULTIPLE_CUSIPS,34051269919,false,0,0,0,0,0
727435643303361912,JZXN,P3_RANKING_OR_BASE,true,true,OPEN_REVIEW,common,,G51400102 G51400136 G51400128 G51400151,2026-07-27,2026-07-27,MULTIPLE_CUSIPS,34051269919,false,0,0,0,0,1
730525788357019090,OCS,P3_RANKING_OR_BASE,true,true,OPEN_REVIEW,common,,G3167F102 H5870P102,2026-06-02,2026-06-17,MULTIPLE_CUSIPS,34051269919,false,0,0,0,0,10
734347851745471872,AB,P3_RANKING_OR_BASE,true,true,OPEN_REVIEW,unknown,,01881G106 01855A101 018548107,2006-10-12,2026-03-04,MANUAL_CONFLICT;MULTIPLE_CUSIPS,34051269919,false,0,0,0,0,0
780929740903947449,QNGYQ,P3_RANKING_OR_BASE,true,true,OPEN_REVIEW,common,,G21513109 74764U104 74764U203,2022-10-31,2022-10-31,MULTIPLE_CUSIPS,34051269919,false,0,0,0,0,1
784068816139277733,EVEIQ,P3_RANKING_OR_BASE,true,true,OPEN_REVIEW,common,,30024B203 48245L107 30024B104,2006-09-14,2006-10-11,MULTIPLE_CUSIPS,34051269919,false,0,0,0,0,18
812131184133218118,AUDAQ,P3_RANKING_OR_BASE,true,true,OPEN_REVIEW,common,,293639100 05070N103 05070N202,2017-11-02,2018-06-06,MULTIPLE_CUSIPS,34051269919,false,0,0,0,0,117
820488167476030287,USAC,P3_RANKING_OR_BASE,true,true,OPEN_REVIEW,unknown,,90290N109,2023-12-15,2024-01-16,MANUAL_CONFLICT,34051269919,false,0,0,0,0,0
824100797961064199,BTTGY,P3_RANKING_OR_BASE,true,true,OPEN_REVIEW,common,,05577E101 111021200 111021408,2008-01-04,2019-09-19,MULTIPLE_CUSIPS,34051269919,false,0,0,0,0,116
841546519006260116,SUBCY,P3_RANKING_OR_BASE,true,true,OPEN_REVIEW,common,,L8873E103 861567105 00443E104 864323100,2007-12-03,2008-02-04,MULTIPLE_CUSIPS,34051269919,false,0,0,0,0,23
866652633497189649,VNTRQ,P3_RANKING_OR_BASE,true,true,OPEN_REVIEW,common,,G9329Z100 G9329Z118,2018-02-07,2018-03-06,MULTIPLE_CUSIPS,34051269919,false,0,0,0,0,7
927001813921390541,CADE-PA,P3_RANKING_OR_BASE,true,true,OPEN_REVIEW,non_common,,05971J201 12740C202,2024-12-20,2024-12-31,MULTIPLE_CUSIPS,34051269919,false,0,0,0,0,0
934304255431280640,CVOVQ,P3_RANKING_OR_BASE,true,true,OPEN_REVIEW,common,,15670S105 15670S402 560321200,2007-08-08,2007-09-04,MULTIPLE_CUSIPS,34051269919,false,0,0,0,0,19
941553026160917585,ATH-PA,P3_RANKING_OR_BASE,true,true,OPEN_REVIEW,non_common,,G0684D305 04686J861,2024-12-20,2024-12-31,MULTIPLE_CUSIPS,34051269919,false,0,0,0,0,0
970701175286846075,EPR-PC,P3_RANKING_OR_BASE,true,true,OPEN_REVIEW,non_common,,26884U208 29380T402,2024-12-20,2024-12-31,MULTIPLE_CUSIPS,34051269919,false,0,0,0,0,0
982072475162188385,SHLX,P3_RANKING_OR_BASE,true,true,OPEN_REVIEW,unknown,,822634101,2015-06-19,2022-10-18,MANUAL_CONFLICT,34051269919,false,0,0,0,0,0
995314484072140452,LCIDW,P3_RANKING_OR_BASE,true,true,OPEN_REVIEW,non_common,,171439110 549498111,2021-03-22,2021-03-26,MULTIPLE_CUSIPS,34051269919,false,0,0,0,0,0
