session,baseline,snapshot,rolling300,account300,spy_scaled_50000,account300_blocked
2007-03-15,50000.0,50000.0,50000.0,50000.0,50000.0,False
2007-03-16,49537.959079520006,49537.959079520006,49537.959079520006,49613.54077952,49860.48563309773,False
2007-03-19,50295.929079520014,50295.929079520014,50295.929079520014,50109.07520952001,50461.11549943065,False
2007-03-20,50611.22907952,50611.22907952,50611.22907952,50482.48723425799,50738.60547183553,False
2007-03-21,51587.21907951999,51587.21907951999,51587.21907951999,51288.786194258,51573.63999138294,False
2007-03-22,51654.29907952,51654.29907952,51654.29907952,51463.401924258,51534.14511545839,False
2007-03-23,51456.92907951999,51456.92907951999,51456.92907951999,51379.494864258,51609.5444240416,False
2007-03-26,51352.129079520004,51352.129079520004,51352.129079520004,51176.160354258,51541.32600199013,False
2007-03-27,50828.17907952,50828.17907952,50828.17907952,50793.940685074,51418.73801048409,False
2007-03-28,50387.57907952,50387.57907952,50387.57907952,50376.076265074,51044.30606990079,False
2007-03-29,51029.879079520004,51029.879079520004,51029.879079520004,50737.233065074004,51098.67563935536,False
2007-03-30,50921.71907952,50921.71907952,50921.71907952,50610.386505074,51109.44696915296,False
2007-04-02,51311.67907952,51311.67907952,51311.67907952,51241.537605074,51166.89406140683,False
2007-04-03,52109.22907951999,52109.22907951999,52109.22907951999,51681.94694507399,51717.25772201761,False
2007-04-04,52436.549079519995,52436.549079519995,52436.549079519995,51967.247545074,51775.21773473804,False
2007-04-05,52788.83907952002,52788.83907952002,52788.83907952002,52269.14252507401,51915.24502210687,False
2007-04-09,52787.54907952,52787.54907952,52787.54907952,52703.422525074,51987.566807890755,False
2007-04-10,52835.26907952,52835.26907952,52835.26907952,52623.39252507401,52048.6043434105,False
2007-04-11,52516.949079519996,52516.949079519996,52516.949079519996,52368.744605074,51836.25527025778,False
2007-04-12,53010.92907952001,53010.92907952001,53010.92907952001,52503.64710507399,52066.55655973983,False
2007-04-13,53206.809079520004,53206.809079520004,53206.809079520004,52570.987105074004,52304.03873575362,False
2007-04-16,53482.93907952001,53482.93907952001,53482.93907952001,52963.831605074,52801.05866784294,False
2007-04-17,53318.53907952,53318.53907952,53318.53907952,53051.653155074,52941.08595521177,False
2007-04-18,53118.40557951999,53118.40557951999,53118.40557951999,53055.88190507399,53006.22685446393,False
2007-04-19,52728.54557952,52728.54557952,52728.54557952,52652.165605074006,52991.86508140045,False
2007-04-20,53548.39557952,53548.39557952,53548.39557952,52934.60842507401,53491.96253628911,False
2007-04-23,53965.70557952,53965.70557952,53965.70557952,53561.549835074,53290.38479293399,False
2007-04-24,53618.07557951999,53618.07557951999,53618.07557951999,53241.59983507401,53311.927452529184,False
2007-04-25,54194.49557952,54194.49557952,54194.49557952,53799.70500507399,53801.25357762023,False
2007-04-26,54878.405579520004,54878.405579520004,54878.405579520004,54413.54883507401,53862.804033606524,False
2007-04-27,54746.99557952001,54746.99557952001,54746.99557952001,54074.38883507399,53819.205793949564,False
2007-04-30,53674.28557952,53674.28557952,53674.28557952,52790.80883507399,53372.96498804891,False
2007-05-01,53018.30557952,53018.30557952,53018.30557952,52467.161455074005,53509.91475261841,False
2007-05-02,54017.998749520004,54017.998749520004,54017.998749520004,52880.479235073995,53823.309157681964,False
2007-05-03,54901.65874952,54901.65874952,54901.65874952,53248.510875074004,54114.64798268374,False
2007-05-04,55120.678749520004,55120.678749520004,55120.678749520004,53530.067585074,54319.81616930474,False
2007-05-07,55371.678749520004,55371.678749520004,55371.678749520004,53792.80538507401,54330.58749910234,False
2007-05-08,55452.11874952,55452.11874952,55452.11874952,53679.66082064199,54258.77863378499,False
2007-05-09,55769.33874952001,55769.33874952001,55769.33874952001,53959.85748064201,54405.98680768553,False
2007-05-10,54700.26674952,54700.26674952,54700.26674952,53200.521970642,53837.67093074541,False
2007-05-11,55599.51874951999,55599.51874951999,55599.51874951999,53832.48637064199,54298.27350970951,False
2007-05-14,54989.258749520006,54989.258749520006,54989.258749520006,53658.585800642,54179.27596146934,False
2007-05-15,54842.52874952001,54842.52874952001,54842.52874952001,53728.605900642,54193.63773453281,False
2007-05-16,55249.05874952,55249.05874952,55249.05874952,53913.687250642004,54564.47923185022,False
2007-05-17,55242.05874952,55242.05874952,55242.05874952,54145.584791594,54456.765933874216,False
2007-05-18,55666.57874951999,55666.57874951999,55666.57874951999,54303.39019159399,54931.730285901795,False
2007-05-21,56216.41874952001,56216.41874952001,56216.41874952001,54830.790191594,54903.00673977485,False
2007-05-22,56193.448749520016,56193.448749520016,56193.448749520016,54501.21985159401,54859.40850011789,False
2007-05-23,55810.10874952,55810.10874952,55810.10874952,54040.93459159401,54866.58938664961,False
2007-05-24,54547.59874952,54547.59874952,54547.59874952,53173.116191593996,54370.08237502684,False
2007-05-25,55466.793749519995,55466.793749519995,55466.793749519995,53767.233391593996,54596.793221243024,False
2007-05-29,55908.64374952001,55908.64374952001,55908.64374952001,53995.884685675,54794.780521332264,False
2007-05-30,56920.438749520006,56920.438749520006,56920.438749520006,54676.599685674984,55241.021327232906,False
2007-05-31,57515.788749520005,57515.788749520005,57515.788749520005,54938.367345675004,55183.57423497903,False
2007-06-01,58256.01874952,58256.01874952,58256.01874952,55294.937335675,55456.960843651505,False
2007-06-04,58638.31874952,58638.31874952,58638.31874952,55230.24753567499,55464.14173018323,False
2007-06-05,58433.898749520005,58433.898749520005,58433.898749520005,55309.404505675,55244.61177049879,False
2007-06-06,57453.52874952002,57453.52874952002,57453.52874952002,54554.854585675006,54650.649870231035,False
2007-06-07,55974.61874952,55974.61874952,55974.61874952,53137.599595675005,53664.81673351721,False
2007-06-08,56909.23874952,56909.23874952,56909.23874952,53175.492075647,54362.90148849509,False
2007-06-11,56765.19874952,56765.19874952,56765.19874952,53332.81019770699,54456.76593387419,False
2007-06-12,56052.48874952,56052.48874952,56052.48874952,52785.06043770701,53862.80403360643,False
2007-06-13,57132.35374952001,57132.35374952001,57132.35374952001,53516.359717707004,54669.115007026885,False
2007-06-14,57754.83374952002,57754.83374952002,57754.83374952002,53840.502377266996,55017.900924282534,False
2007-06-15,58652.203749520006,58652.203749520006,58652.203749520006,54080.66041726701,55329.75656794643,False
2007-06-18,58118.353749520014,58118.353749520014,58118.353749520014,54003.349237267,55264.615668694285,False
2007-06-19,58163.89374952,58163.89374952,58163.89374952,53829.951657266996,55402.07835373034,False
2007-06-20,57453.94374952,57453.94374952,57453.94374952,53083.907207267,54632.1847334351,False
2007-06-21,58281.03374952001,58281.03374952001,58281.03374952001,53805.843147267,54935.83364963415,False
2007-06-22,57810.37374951999,57810.37374951999,57810.37374951999,53414.959207267006,54418.80981934927,False
2007-06-25,57360.65374952,57360.65374952,57360.65374952,53396.446487377005,54158.759142807176,False
2007-06-26,56955.86374951999,56955.86374951999,56955.86374951999,53086.469087377,53601.7275161312,False
2007-06-27,57266.48870952,57266.48870952,57266.48870952,53147.97075737701,54364.4402498947,False
2007-06-28,57532.10870952001,57532.10870952001,57532.10870952001,53552.440594554,54357.25936336296,False
2007-06-29,58098.47870952,58098.47870952,58098.47870952,53993.670594554,54375.2115796923,False
2007-07-02,59605.888709520004,59605.888709520004,59605.888709520004,54911.188994553995,54867.10230711611,False
2007-07-03,59670.87870952001,59670.87870952001,59670.87870952001,54873.33169455401,55065.602527671916,False
2007-07-05,60263.77870951999,60263.77870951999,60263.77870951999,54901.944014554,55008.15543541804,False
2007-07-06,60857.97870952,60857.97870952,60857.97870952,55503.19175003601,55296.92965808708,False
2007-07-09,60780.93870952001,60780.93870952001,60780.93870952001,55623.91743709801,55340.52789774404,False
2007-07-10,59479.61870951999,59479.61870951999,59479.61870951999,55044.072017098006,54552.68206111947,False
2007-07-11,60176.13870951999,60176.13870951999,60176.13870951999,55387.822017098,54939.42409290003,False
2007-07-12,61503.778709520004,61503.778709520004,61503.778709520004,56210.07646909801,55806.77260184022,False
2007-07-13,62426.22870952,62426.22870952,62426.22870952,56734.823539098004,55972.95883300321,False
2007-07-16,61715.61870952001,61715.61870952001,61715.61870952001,56564.298199098004,55965.77794647148,False
2007-07-17,61958.70870952001,61958.70870952001,61958.70870952001,55903.30483909799,55937.05440034454,False
2007-07-18,62015.388709520004,62015.388709520004,62015.388709520004,56266.749879098,55835.49614796716,False
2007-07-19,62167.82870951999,62167.82870951999,62167.82870951999,56144.89817909799,56052.46150531884,False
2007-07-20,61220.668709519996,61220.668709519996,61220.668709519996,55645.43424909799,55485.17146931181,False
2007-07-23,61282.53870952,61282.53870952,61282.53870952,55380.817349098,55654.948143740665,False
2007-07-24,59421.00870951999,59421.00870951999,59421.00870951999,53321.76282909801,54690.144746155514,False
2007-07-25,59204.12870952001,59204.12870952001,59204.12870952001,53726.168475664,54801.96140786395,False
2007-07-26,57429.028709520004,57429.028709520004,57429.028709520004,51723.408557392,53504.272627486236,False
2007-07-27,55871.108709520006,55871.108709520006,55871.108709520006,50893.016184588996,52452.27275058713,False
2007-07-30,57115.05609952,57115.05609952,57115.05609952,51716.330323669,53272.94549707106,False
2007-07-31,57119.09609951999,57119.09609951999,57119.09609951999,51097.393599055,52672.828551204686,False
2007-08-01,57021.70609952,57021.70609952,57021.70609952,,52929.80170494746,True
2007-08-02,57337.93609951999,57337.93609951999,57337.93609951999,,53352.448169386684,True
2007-08-03,55432.95609952001,55432.95609952001,55432.95609952001,,51978.8471599592,True
2007-08-06,55537.28609952002,55537.28609952002,55537.28609952002,,52849.786112165275,True
2007-08-07,55894.43609952,55894.43609952,55894.43609952,,53413.99862537297,True
2007-08-08,57307.94609952,57307.94609952,57307.94609952,,54158.75914280713,True
2007-08-09,53966.16609952,53966.16609952,53966.16609952,,52553.83100296451,True
2007-08-10,54633.52014952,54633.52014952,54633.52014952,,52307.62917901934,True
2007-08-13,55508.87014952001,55508.87014952001,55508.87014952001,,52495.87099024409,True
2007-08-14,54144.910149519994,54144.910149519994,54144.910149519994,49982.286180689,51693.1504600895,False
2007-08-15,52762.56314951999,52762.56314951999,52762.56314951999,48436.65475526799,50981.21685251468,False
2007-08-16,51781.99314952,51781.99314952,51781.99314952,47208.401598668,51364.36844102937,False
2007-08-17,53149.09772951999,53149.09772951999,53149.09772951999,47739.787271276,52307.62917901933,False
2007-08-20,53566.49772951999,53566.49772951999,53566.49772951999,48512.167035581006,52282.49607615824,False
2007-08-21,53824.61772952001,53824.61772952001,53824.61772952001,48946.38118496099,52387.13185133493,False
2007-08-22,55406.87772952,55406.87772952,55406.87772952,50235.852974961,53009.304377263055,False
2007-08-23,55588.027729519985,55588.027729519985,55588.027729519985,50149.40807496099,52962.11569434024,False
2007-08-24,56620.227729520004,56620.227729520004,56620.227729520004,51422.078417102995,53616.60220966117,False
2007-08-27,56056.02772952,56056.02772952,56056.02772952,51273.668967102996,53117.530595705626,False
2007-08-28,54389.13272952001,54389.13272952001,54389.13272952001,49685.156427102986,51950.12361383225,False
2007-08-29,55813.192329519996,55813.192329519996,55813.192329519996,50966.247217103,52969.29658087198,False
2007-08-30,55749.122329519996,55749.122329519996,55749.122329519996,51147.65086910299,52828.243452570045,False
2007-08-31,57015.542329520016,57015.542329520016,57015.542329520016,52075.744639102995,53348.8577261208,False
2007-09-04,57344.782329520014,57344.782329520014,57344.782329520014,52528.266099103,53887.42421600089,False
2007-09-05,56936.492329520006,56936.492329520006,56936.492329520006,52228.34322978598,53421.17951190471,False
2007-09-06,57515.77040952001,57515.77040952001,57515.77040952001,52637.492927786,53544.2804238773,False
2007-09-07,56501.68040952,56501.68040952,56501.68040952,51867.391727786,52799.51990644313,False
2007-09-10,56059.01040952001,56059.01040952001,56059.01040952001,51906.60861581401,52698.47457453228,False
2007-09-11,57135.97040952,57135.97040952,57135.97040952,52192.795464138,53312.953293462124,False
2007-09-12,56873.27581952001,56873.27581952001,56873.27581952001,52405.895343486,53449.903058031625,False
2007-09-13,57247.38781952,57247.38781952,57247.38781952,52172.23482126199,53825.87376001458,False
2007-09-14,57557.21781952,57557.21781952,57557.21781952,52237.28787126201,53822.28331674872,False
2007-09-17,57487.087819520006,57487.087819520006,57487.087819520006,52184.54111126199,53532.99617361314,False
2007-09-18,59728.86781952,59728.86781952,59728.86781952,53941.455851262006,55109.20076732884,False
2007-09-19,59935.42531951999,59935.42531951999,59935.42531951999,54226.916327087994,55434.39234312309,False
2007-09-20,59739.72531952,59739.72531952,59739.72531952,54163.79965708799,55044.05986807668,False
2007-09-21,60751.285319520015,60751.285319520015,60751.285319520015,54858.263177087996,55191.78096244379,False
2007-09-24,61133.41931952,61133.41931952,61133.41931952,55388.81051519001,55090.222710066395,False
2007-09-25,61765.91531951999,61765.91531951999,61765.91531951999,56018.69051519,54981.48357115727,False
2007-09-26,61722.07531952,61722.07531952,61722.07531952,,55271.796555225956,True
2007-09-27,62751.10531952001,62751.10531952001,62751.10531952001,,55598.52689241987,True
2007-09-28,62642.52531952,62642.52531952,62642.52531952,,55413.362603994436,True
2007-10-01,63625.84331952,63625.84331952,63625.84331952,,56038.099732255316,True
2007-10-02,63853.405319519996,63853.405319519996,63853.405319519996,,55961.674582739,True
2007-10-03,62617.92531952,62617.92531952,62617.92531952,,55849.34500056402,True
2007-10-04,63048.21531952001,63048.21531952001,63048.21531952001,,55936.54147987793,True
2007-10-05,64083.66031952001,64083.66031952001,64083.66031952001,,56601.286404529914,True
2007-10-08,64375.27981952,64375.27981952,64375.27981952,,56299.68917019706,True
2007-10-09,65650.704954655,65650.704954655,65650.704954655,59124.060505518006,56830.04893261229,False
2007-10-10,65717.612554655,65717.612554655,65717.612554655,59953.557791464,56735.67156676664,False
2007-10-11,64360.282554655,64360.282554655,64360.282554655,58384.41251608901,56463.31079902729,False
2007-10-12,66743.70255465501,66743.70255465501,66743.70255465501,59839.41484608901,56775.679363157724,False
2007-10-15,66998.78255465502,66998.78255465502,66998.78255465502,60640.24485408901,56296.09872693118,False
2007-10-16,65596.972554655,65596.972554655,65596.972554655,59861.13336408901,55849.345000564,False
2007-10-17,66219.69255465502,66219.69255465502,66219.69255465502,60833.077344089004,56020.14751592596,False
2007-10-18,67437.85255465502,67437.85255465502,67437.85255465502,61699.33734408901,55816.51809070462,False
2007-10-19,64596.16255465501,64596.16255465501,64596.16255465501,59207.454594089,54356.746442896336,False
2007-10-22,64621.189404655015,64621.189404655015,64621.189404655015,60349.68643876302,54672.70545029266,False
2007-10-23,66917.31940465502,66917.31940465502,66917.31940465502,62373.303588763,55115.86873339399,False
2007-10-24,66683.13940465503,66683.13940465503,66683.13940465503,61111.60604876301,55013.79756055004,False
2007-10-25,66717.84940465502,66717.84940465502,66717.84940465502,59662.794118763006,55144.592279520904,False
2007-10-26,67626.87940465502,67626.87940465502,67626.87940465502,60546.170919263015,55791.38498784356,False
2007-10-29,69429.069404655,69429.069404655,69429.069404655,61875.602569263014,55976.549276269,False
2007-10-30,67049.92940465502,67049.92940465502,67049.92940465502,60056.74442926302,55587.75556262224,False
2007-10-31,68522.68940465503,68522.68940465503,68522.68940465503,60780.34491692101,56165.3040079603,False
2007-11-01,65124.299404655016,65124.299404655016,65124.299404655016,57509.759576920995,54850.688852186366,False
2007-11-02,65895.40335465502,65895.40335465502,65895.40335465502,58288.200106921,54912.23930817266,False
2007-11-05,64150.74335465502,64150.74335465502,64150.74335465502,56882.56341453701,54494.72204839897,False
2007-11-06,66192.40335465502,66192.40335465502,66192.40335465502,58054.717003286,55228.19831556898,False
2007-11-07,63742.47735465502,63742.47735465502,63742.47735465502,56511.49280328601,53717.64754157199,False
2007-11-08,62877.35335465502,62877.35335465502,62877.35335465502,55516.63747282001,53445.286773832624,False
2007-11-09,62330.08800506,62330.08800506,62330.08800506,54204.205085658,52711.29758619605,False
2007-11-12,58436.74600506001,58436.74600506001,58436.74600506001,50824.82998645001,52188.63163077909,False
2007-11-13,60946.577885060025,60946.577885060025,60946.577885060025,52210.768257820004,53779.19799755824,False
2007-11-14,61382.99788506001,61382.99788506001,61382.99788506001,51380.58430977301,53630.45106225802,False
2007-11-15,60070.78788506002,60070.78788506002,60070.78788506002,50616.20380977302,52856.96699869692,False
2007-11-16,60114.29788506001,60114.29788506001,60114.29788506001,51039.898256794004,52947.75392127671,False
2007-11-19,58312.52788506001,58312.52788506001,58312.52788506001,49772.46697679402,52210.17429037428,False
2007-11-20,58733.146855060026,58733.146855060026,58733.146855060026,49745.019896794,52529.72374103645,False
2007-11-21,57693.161699294025,57693.161699294025,57693.161699294025,48863.03709679401,51454.6424431425,False
2007-11-23,58767.081699294016,58767.081699294016,58767.081699294016,49235.80068323801,52344.55945261101,False
2007-11-26,58265.26169929402,58265.26169929402,58265.26169929402,48741.89798013201,51189.97548240144,False
2007-11-27,59247.11169929402,59247.11169929402,59247.11169929402,48715.989679111015,51778.295257537095,False
2007-11-28,61517.10169929401,61517.10169929401,61517.10169929401,50027.364725111,53434.00252356842,False
2007-11-29,61640.99169929401,61640.99169929401,61640.99169929401,50244.50330885302,53452.46766036431,False
2007-11-30,62427.33169929401,62427.33169929401,62427.33169929401,49923.85203191601,53990.0083093113,False
2007-12-03,63041.06169929402,63041.06169929402,63041.06169929402,49745.44315576601,53634.041505523885,False
2007-12-04,62652.21169929403,62652.21169929403,62652.21169929403,49211.96652576601,53154.460869297334,False
2007-12-05,63730.26013950402,63730.26013950402,63730.26013950402,50578.72196514201,54044.37787876584,False
2007-12-06,64456.380139504014,64456.380139504014,64456.380139504014,51051.35160514201,54817.861942326956,False
2007-12-07,64643.74013950402,64643.74013950402,64643.74013950402,51376.244131142004,54807.09061252935,False
2007-12-10,64837.56013950402,64837.56013950402,64837.56013950402,51892.036736042006,55231.78875883477,False
2007-12-11,62795.98013950401,62795.98013950401,62795.98013950401,50419.20879604201,53717.64754157192,False
2007-12-12,63521.49045950401,63521.49045950401,63521.49045950401,50882.60548604201,54247.4943835206,False
2007-12-13,64027.06636950401,64027.06636950401,64027.06636950401,51057.573326042,54135.16480134561,False
2007-12-14,63390.363729504,63390.363729504,63390.363729504,51425.087946292006,53448.87721709842,False
2007-12-17,60843.665629504016,60843.665629504016,60843.665629504016,49602.112856292,52686.16448333492,False
2007-12-18,61362.285629504026,61362.285629504026,61362.285629504026,50295.98677629201,52980.067910669466,False
2007-12-19,61850.13562950401,61850.13562950401,61850.13562950401,50663.966396292,52980.067910669466,False
2007-12-20,63235.14562950401,63235.14562950401,63235.14562950401,51364.73175629201,53314.49205486167,False
2007-12-21,64331.895629504026,64331.895629504026,64331.895629504026,52300.32524629202,54078.743550024854,False
2007-12-24,64973.78942950402,64973.78942950402,64973.78942950402,52821.111296292,54480.360275335406,False
2007-12-26,65596.84774950403,65596.84774950403,65596.84774950403,53572.43448629201,54597.30614170937,False
2007-12-27,64468.527749504,64468.527749504,64468.527749504,52739.838543265,53911.01855746219,False
2007-12-28,64562.85774950401,64562.85774950401,64562.85774950401,52445.49610723801,53775.607554292335,False
2007-12-31,63637.90774950401,63637.90774950401,63637.90774950401,52057.456541204,53378.094192714176,False
2008-01-02,63448.22274950402,63448.22274950402,63448.22274950402,52196.77703120401,52910.8236476849,False
2008-01-03,64073.75274950401,64073.75274950401,64073.75274950401,52452.159454204004,52885.177624357275,False
2008-01-04,61825.89274950401,61825.89274950401,61825.89274950401,51439.715514204,51589.027605379226,False
2008-01-07,60529.26274950403,60529.26274950403,60529.26274950403,50723.16075420401,51545.42936572227,False
2008-01-08,59824.18633950402,59824.18633950402,59824.18633950402,50529.169718490004,50712.95944850764,False
2008-01-09,60192.43028950401,60192.43028950401,60192.43028950401,50719.798087477,51245.88381325564,False
2008-01-10,60833.769539504014,60833.769539504014,60833.769539504014,51044.15040290201,51581.846718847504,False
2008-01-11,59974.69953950402,59974.69953950402,59974.69953950402,50921.895292477,51165.35530000691,False
2008-01-14,61382.937539504004,61382.937539504004,61382.937539504004,51776.720995477,51578.256275581625,False
2008-01-15,59722.48953950402,59722.48953950402,59722.48953950402,50535.910325477,50442.65036263449,False
2008-01-16,56655.38953950401,56655.38953950401,56655.38953950401,49473.213150673,50008.20672746456,False
2008-01-17,54006.46825950401,54006.46825950401,54006.46825950401,48582.006250672996,48712.05670848651,False
2008-01-18,54948.75033950401,54948.75033950401,54948.75033950401,48283.161366336004,48211.959253597866,False
2008-01-22,53739.85033950401,53739.85033950401,53739.85033950401,47870.485636335994,47722.63312850682,False
2008-01-23,53449.83161950402,53449.83161950402,53449.83161950402,48054.338307029,48869.010371251556,False
2008-01-24,55133.51161950401,55133.51161950401,55133.51161950401,48000.095617028994,49281.91134682629,False
2008-01-25,55003.387179504025,55003.387179504025,55003.387179504025,47421.436736169,48569.97773925148,False
2008-01-28,55877.77717950401,55877.77717950401,55877.77717950401,47756.52484568899,49373.21118987263,False
2008-01-29,55935.57717950402,55935.57717950402,55935.57717950402,47445.71983625699,49617.36133195161,False
2008-01-30,55664.517179504015,55664.517179504015,55664.517179504015,47092.24843625699,49252.674880232815,False
2008-01-31,57231.377179504016,57231.377179504016,57231.377179504016,47144.376275393006,50150.79861716616,False
2008-02-01,58200.627179504016,58200.627179504016,58200.627179504016,,50957.62251105317,True
2008-02-04,58487.507179504006,58487.507179504006,58487.507179504006,,50314.93316646293,True
2008-02-05,56410.34517950402,56410.34517950402,56410.34517950402,,48968.00402129619,True
2008-02-06,56421.10717950401,56421.10717950401,56421.10717950401,,48573.56818251736,True
2008-02-07,56996.50717950401,56996.50717950401,56996.50717950401,,48894.65639457918,True
2008-02-08,57936.62927950403,57936.62927950403,57936.62927950403,,48580.74906904907,True
2008-02-11,59237.409379504,59237.409379504,59237.409379504,,48829.00257486045,True
2008-02-12,59393.317179504025,59393.317179504025,59393.317179504025,,49281.91134682627,True
2008-02-13,60063.43717950403,60063.43717950403,60063.43717950403,,49785.599244980775,True
2008-02-14,60170.837179504015,60170.837179504015,60170.837179504015,,49347.56516654497,True
2008-02-15,61009.227179504014,61009.227179504014,61009.227179504014,,49336.280916280826,True
2008-02-19,62263.767179504015,62263.767179504015,62263.767179504015,,49475.28236271653,True
2008-02-20,62267.652129504015,62267.652129504015,62267.652129504015,47300.650967040994,49621.464695683964,False
2008-02-21,61628.81548950401,61628.81548950401,61628.81548950401,46722.46974000299,49208.56372010925,False
2008-02-22,62195.87548950401,62195.87548950401,62195.87548950401,46842.792640003005,49511.69971584175,False
2008-02-25,63441.96328950401,63441.96328950401,63441.96328950401,47297.20776000301,50135.92392363609,False
2008-02-26,63740.78328950402,63740.78328950402,63740.78328950402,47679.68358000299,50511.894625619025,False
2008-02-27,63344.803289504,63344.803289504,63344.803289504,47728.88358000301,50461.11549943034,False
2008-02-28,63352.353289504004,63352.353289504004,63352.353289504004,47965.78609000299,49968.19893107343,False
2008-02-29,61003.14328950402,61003.14328950402,61003.14328950402,,48854.648598188054,True
2008-03-03,61295.25328950402,61295.25328950402,61295.25328950402,,48737.702731814075,True
2008-03-04,60461.253289504006,60461.253289504006,60461.253289504006,,48551.51260245554,True
2008-03-05,61473.833289504015,61473.833289504015,61473.833289504015,,48858.23904145389,True
2008-03-06,59183.88328950402,59183.88328950402,59183.88328950402,,47846.75988141246,True
2008-03-07,57744.147949504026,57744.147949504026,57744.147949504026,,47354.3562335221,True
2008-03-10,54464.55994950401,54464.55994950401,54464.55994950401,,46729.61910526122,True
2008-03-11,57741.60002950402,57741.60002950402,57741.60002950402,,48409.4336332205,True
2008-03-12,58045.340029504034,58045.340029504034,58045.340029504034,,47956.52486125469,True
2008-03-13,59137.13002950401,59137.13002950401,59137.13002950401,47212.66662518699,48062.1864773645,False
2008-03-14,57833.653029504014,57833.653029504014,57833.653029504014,46732.562649258994,47317.42595993033,False
2008-03-17,55635.940029504025,55635.940029504025,55635.940029504025,,46839.38408510344,True
2008-03-18,58642.07002950402,58642.07002950402,58642.07002950402,,48785.40433520345,True
2008-03-19,55591.58002950401,55591.58002950401,55591.58002950401,,47576.96371600586,True
2008-03-20,55402.81002950402,55402.81002950402,55402.81002950402,,48453.544793344,True
2008-03-24,57189.34103950402,57189.34103950402,57189.34103950402,,49422.45155466159,True
2008-03-25,58775.24103950403,58775.24103950403,58775.24103950403,,49470.15315805097,True
2008-03-26,59004.72103950402,59004.72103950402,59004.72103950402,,48864.39408705252,True
2008-03-27,58712.15103950402,58712.15103950402,58712.15103950402,,48710.51794708678,True
2008-03-28,58640.251039504015,58640.251039504015,58640.251039504015,,48244.78616345715,True
2008-03-31,57910.64103950402,57910.64103950402,57910.64103950402,43572.398132090995,48413.536996952906,False
2008-04-01,59984.82103950402,59984.82103950402,59984.82103950402,43815.784225999,50115.40710497394,False
2008-04-02,59960.776039504024,59960.776039504024,59960.776039504024,43815.443576100995,50148.74693529985,False
2008-04-03,61418.93603950402,61418.93603950402,61418.93603950402,44465.12912610099,50273.3866086721,False
2008-04-04,63442.60603950401,63442.60603950401,63442.60603950401,45153.75964610099,50218.504118750985,False
2008-04-07,63274.04603950401,63274.04603950401,63274.04603950401,45199.01125610099,50244.1501420786,False
2008-04-08,63628.446039504015,63628.446039504015,63628.446039504015,45931.22995610099,50192.858095423355,False
2008-04-09,64107.36603950401,64107.36603950401,64107.36603950401,45717.04155610099,49829.19748463767,False
2008-04-10,64895.69603950401,64895.69603950401,64895.69603950401,47184.71017610099,49898.95466808881,False
2008-04-11,63607.876039504015,63607.876039504015,63607.876039504015,46323.29634610099,48930.56082723777,False
2008-04-14,64281.12603950401,64281.12603950401,64281.12603950401,47017.550246101,48765.40043700788,False
2008-04-15,64268.416679504015,64268.416679504015,64268.416679504015,47696.34217610099,48879.268780582526,False
2008-04-16,67059.396679504,67059.396679504,67059.396679504,49564.201016101,50203.62942522095,False
2008-04-17,66586.686679504,66586.686679504,66586.686679504,49181.29924610099,50276.97705193794,False
2008-04-18,67943.316679504,67943.316679504,67943.316679504,49918.64965610099,50801.6946892211,False
2008-04-21,69232.82667950401,69232.82667950401,69232.82667950401,50914.13941602098,50827.34071254872,False
2008-04-22,68540.54667950401,68540.54667950401,68540.54667950401,50145.418556021,50603.707389131865,False
2008-04-23,67756.546679504,67756.546679504,67756.546679504,49169.53288790399,50522.66595541657,False
2008-04-24,65510.24667950402,65510.24667950402,65510.24667950402,47486.116507904,50742.70883556757,False
2008-04-25,67469.006679504,67469.006679504,67469.006679504,48749.917480523996,51212.54398292962,False
2008-04-28,66667.20667950402,66667.20667950402,66667.20667950402,48978.519470524,51223.31531272721,False
2008-04-29,64070.456679504015,64070.456679504015,64070.456679504015,47874.666910524,51021.73756937209,False
2008-04-30,65100.93667950401,65100.93667950401,65100.93667950401,48272.65691052399,50720.653255505786,False
2008-05-01,64568.60667950402,64568.60667950402,64568.60667950402,47842.43011052399,51770.08853007211,False
2008-05-02,65530.81667950401,65530.81667950401,65530.81667950401,48618.41011052399,51913.19334024024,False
2008-05-05,66645.20667950402,66645.20667950402,66645.20667950402,49520.89311052399,51663.91399349574,False
2008-05-06,66828.84667950401,66828.84667950401,66828.84667950401,50313.957170523994,52111.1806403295,False
2008-05-07,65457.61667950401,65457.61667950401,65457.61667950401,50024.33155052399,51183.307516336106,False
2008-05-08,66390.88697950401,66390.88697950401,66390.88697950401,50923.40163052399,51050.97403596557,False
2008-05-09,67128.86897950401,67128.86897950401,67128.86897950401,50775.64417942274,50955.57082918681,False
2008-05-12,68039.18697950401,68039.18697950401,68039.18697950401,50673.94662942274,51527.99006985935,False
2008-05-13,68085.02697950402,68085.02697950402,68085.02697950402,51801.751629422746,51535.170956391084,False
2008-05-14,67925.12697950403,67925.12697950403,67925.12697950403,51938.75796942274,51641.858413434,False
2008-05-15,69095.95791950401,69095.95791950401,69095.95791950401,,52287.11236035698,True
2008-05-16,70230.32791950402,70230.32791950402,70230.32791950402,,52334.81396374636,True
2008-05-19,68827.26791950403,68827.26791950403,68827.26791950403,,52477.91877391448,True
2008-05-20,69545.44791950402,69545.44791950402,69545.44791950402,,52052.7077071425,True
2008-05-21,67999.367919504,67999.367919504,67999.367919504,,51172.02326607194,True
2008-05-22,67901.06791950403,67901.06791950403,67901.06791950403,,51179.20415260367,True
2008-05-23,66834.247919504,66834.247919504,66834.247919504,,50493.42948882304,True
2008-05-27,67000.387919504,67000.387919504,67000.387919504,,50867.86142940634,True
2008-05-28,69575.42291950402,69575.42291950402,69575.42291950402,,51102.2660826208,True
2008-05-29,68449.96611950401,68449.96611950401,68449.96611950401,54508.82095542273,51359.23923636358,False
2008-05-30,69807.21031950403,69807.21031950403,69807.21031950403,55512.47553287673,51487.469353001696,False
2008-06-02,70113.08031950402,70113.08031950402,70113.08031950402,56803.36853287674,50955.5708291868,False
2008-06-03,70054.68031950401,70054.68031950401,70054.68031950401,56849.04853287673,50658.58987905293,False
2008-06-04,68959.31031950403,68959.31031950403,68959.31031950403,56200.96353287675,50632.9438557253,False
2008-06-05,71812.65031950401,71812.65031950401,71812.65031950401,59448.14353287675,51645.44885669984,False
2008-06-06,70399.37031950401,70399.37031950401,70399.37031950401,59057.43853287674,49997.94831813338,False
2008-06-09,70569.36031950402,70569.36031950402,70569.36031950402,60348.187612876754,50118.99754823975,False
2008-06-10,69435.670319504,69435.670319504,69435.670319504,58597.118912876744,49869.71820149525,False
2008-06-11,69058.190319504,69058.190319504,69058.190319504,59431.385032876744,49136.24193432524,False
2008-06-12,68450.36031950402,68450.36031950402,68450.36031950402,58248.15084387674,49322.94498415034,False
2008-06-13,70166.26031950401,70166.26031950401,70166.26031950401,59921.982443876725,49946.65627147811,False
2008-06-16,71094.30831950402,71094.30831950402,71094.30831950402,61437.146493126755,49976.405658538155,False
2008-06-17,72562.01031950401,72562.01031950401,72562.01031950401,63215.404752076756,49734.30719832538,False
2008-06-18,72485.78031950402,72485.78031950402,72485.78031950402,64091.821022076736,49249.59735743332,False
2008-06-19,71767.38031950402,71767.38031950402,71767.38031950402,63234.96180449974,49312.173654352715,False
2008-06-20,71081.000319504,71081.000319504,71081.000319504,62939.41680449976,48515.60816979675,False
2008-06-23,71511.230319504,71511.230319504,71511.230319504,65156.91910390973,48467.906566407364,False
2008-06-24,69426.80031950401,69426.80031950401,69426.80031950401,63025.137003909746,48371.99043916206,False
2008-06-25,69566.85031950404,69566.85031950404,69566.85031950404,61797.992673909735,48600.75296724445,False
2008-06-26,67757.44031950402,67757.44031950402,67757.44031950402,62026.45967390975,47280.49568633843,False
2008-06-27,68415.55031950402,68415.55031950402,68415.55031950402,63722.74257390974,47022.496691662534,False
2008-06-30,67825.33031950402,67825.33031950402,67825.33031950402,64900.48069390973,47188.17000235897,False
2008-07-01,67479.31131950402,67479.31131950402,67479.31131950402,65211.58569390974,47335.89109672609,False
2008-07-02,62442.40018950402,62442.40018950402,62442.40018950402,60109.26569390975,46524.4509186401,False
2008-07-03,61889.08018950402,61889.08018950402,61889.08018950402,58402.99430390975,46572.66544249604,False
2008-07-07,62128.54101950402,62128.54101950402,62128.54101950402,57291.282823909736,46097.18817000192,False
2008-07-08,61616.62101950401,61616.62101950401,61616.62101950401,55992.473559909726,46915.29631415308,False
2008-07-09,62415.16101950401,62415.16101950401,62415.16101950401,55884.098368988736,46012.04337255421,False
2008-07-10,63550.28229950401,63550.28229950401,63550.28229950401,57509.53441898873,46200.285183778964,False
2008-07-11,64136.50229950401,64136.50229950401,64136.50229950401,58280.09113898874,45661.71869389888,False
2008-07-14,65095.59229950401,65095.59229950401,65095.59229950401,58776.75036898874,45248.817718324164,False
2008-07-15,63578.81229950402,63578.81229950402,63578.81229950402,56948.64663898873,44611.257578399454,False
2008-07-16,64431.60229950402,64431.60229950402,64431.60229950402,57005.13882898874,45706.34277448895,False
2008-07-17,62122.332299504014,62122.332299504014,62122.332299504014,54242.39126678874,46163.35491018718,False
2008-07-18,61125.77229950402,61125.77229950402,61125.77229950402,53753.96629678873,46451.103291923115,False
2008-07-21,62925.38090950402,62925.38090950402,62925.38090950402,53760.31865078873,46476.749315250745,False
2008-07-22,61884.41090950402,61884.41090950402,61884.41090950402,54577.76524878873,47004.03155486666,False
2008-07-23,59148.04090950403,59148.04090950403,59148.04090950403,52886.89488878874,47258.44010627668,False
2008-07-24,58769.23510950402,58769.23510950402,58769.23510950402,51840.06838878873,46277.73617422838,False
2008-07-25,59811.10510950401,59811.10510950401,59811.10510950401,51886.134279428734,46266.45192396422,False
2008-07-28,60074.82510950401,60074.82510950401,60074.82510950401,51316.94160018875,45588.37106718189,False
2008-07-29,60962.04510950402,60962.04510950402,60962.04510950402,51916.076320188746,46561.3811922319,False
2008-07-30,62928.51510950402,62928.51510950402,62928.51510950402,52579.808570188754,47391.28650711376,False
2008-07-31,62543.08510950401,62543.08510950401,62543.08510950401,52252.10942018874,46764.49769698667,False
2008-08-01,62207.260109504015,62207.260109504015,62207.260109504015,52580.332051828744,46517.27003210839,False
2008-08-04,58967.835809504024,58967.835809504024,58967.835809504024,51122.94904194873,46085.90391973778,False
2008-08-05,58792.42006950401,58792.42006950401,58792.42006950401,51737.97947194874,47328.71021019436,False
2008-08-06,58244.05447950402,58244.05447950402,58244.05447950402,52107.83791194874,47538.494681014316,False
2008-08-07,57597.26955950403,57597.26955950403,57597.26955950403,51289.721961948744,46830.66443717193,False
2008-08-08,57159.04955950402,57159.04955950402,57159.04955950402,52244.62477789874,47701.090468911425,False
2008-08-11,56164.49241950403,56164.49241950403,56164.49241950403,52808.47439512373,48195.03287820144,False
2008-08-12,56364.03825950403,56364.03825950403,56364.03825950403,52991.267455123736,47693.396661913146,False
2008-08-13,58011.07825950402,58011.07825950402,58011.07825950402,53241.62563813374,47405.648280177214,False
2008-08-14,57717.50825950402,57717.50825950402,57717.50825950402,53143.694258133735,47763.66676583082,False
2008-08-15,56468.648259504014,56468.648259504014,56468.648259504014,52155.447318133745,47996.01973717908,False
2008-08-18,56669.618259504015,56669.618259504015,56669.618259504015,52126.31867813375,47339.481539991946,False
2008-08-19,57169.448259504024,57169.448259504024,57169.448259504024,51947.77123813374,46823.48355064018,False
2008-08-20,58002.64744950403,58002.64744950403,58002.64744950403,52297.34786280874,47040.96182845842,False
2008-08-21,58579.39744950402,58579.39744950402,58579.39744950402,51891.819432808734,47122.00326217369,False
2008-08-22,58438.08744950402,58438.08744950402,58438.08744950402,52121.55895270873,47804.18748268845,False
2008-08-25,58055.27720950401,58055.27720950401,58055.27720950401,51080.006712708724,46834.25488043775,False
2008-08-26,58295.77720950402,58295.77720950402,58295.77720950402,50291.20147270872,46970.69172454073,False
2008-08-27,58878.53220950402,58878.53220950402,58878.53220950402,50778.62197121473,47428.21678070551,False
2008-08-28,58950.12220950403,58950.12220950403,58950.12220950403,51423.638041214734,48003.200623710814,False
2008-08-29,58839.26220950402,58839.26220950402,58839.26220950402,51053.38789121474,47487.20263435904,False
2008-09-02,56523.712209504025,56523.712209504025,56523.712209504025,50158.65723121473,47192.273366091395,False
2008-09-03,55916.95220950401,55916.95220950401,55916.95220950401,50105.06565521474,47151.2397287672,False
2008-09-04,54110.61001950402,54110.61001950402,54110.61001950402,48691.087495214735,45731.98879781655,False
2008-09-05,54748.789979504014,54748.789979504014,54748.789979504014,48775.87023521473,45875.60652845123,False
2008-09-08,52934.62509950402,52934.62509950402,52934.62509950402,48434.25780626773,46823.48355064016,False
2008-09-09,51225.21872950402,51225.21872950402,51225.21872950402,47589.48920626773,45433.46908628301,False
2008-09-10,51674.80854950403,51674.80854950403,51674.80854950403,47791.62454626773,45617.60753377532,False
2008-09-11,52295.33814950403,52295.33814950403,52295.33814950403,48215.458076267714,46277.736174228325,False
2008-09-12,52132.52464950402,52132.52464950402,52132.52464950402,47804.84195626773,46491.6240087807,False
2008-09-15,51318.806399504014,51318.806399504014,51318.806399504014,46974.05234626773,44279.39803653997,False
2008-09-16,51745.01639950403,51745.01639950403,51745.01639950403,47210.75848685773,45020.055190241714,False
2008-09-17,49781.63639950402,49781.63639950402,49781.63639950402,45404.726631273734,42996.07102922573,False
2008-09-18,50511.47089950403,50511.47089950403,50511.47089950403,46277.49772127373,44271.704229541676,False
2008-09-19,51074.740899504024,51074.740899504024,51074.740899504024,46227.02462127374,46019.73717955242,False
2008-09-22,50643.610899504034,50643.610899504034,50643.610899504034,45363.41452127371,44977.99571198439,False
2008-09-23,50659.89089950402,50659.89089950402,50659.89089950402,44872.18606127373,43954.71938121224,False
2008-09-24,51520.52089950403,51520.52089950403,51520.52089950403,44743.833310091744,44095.77250951416,False
2008-09-25,51763.62089950403,51763.62089950403,51763.62089950403,44898.25643557273,44785.13761656065,False
2008-09-26,51617.42089950402,51617.42089950402,51617.42089950402,44509.442375572726,44807.70611708896,False
2008-09-29,49567.48089950402,49567.48089950402,49567.48089950402,42719.568088314736,41296.25260307088,False
2008-09-30,50160.95839950402,50160.95839950402,50160.95839950402,43062.38593057874,43005.30359762365,False
2008-10-01,50279.37839950402,50279.37839950402,50279.37839950402,43077.21964013673,43031.46254141783,False
2008-10-02,49362.62839950402,49362.62839950402,49362.62839950402,42041.738279784746,41470.645561698715,False
2008-10-03,48937.528399504015,48937.528399504015,48937.528399504015,41671.07762578474,40910.536412223446,False
2008-10-06,48093.61839950402,48093.61839950402,48093.61839950402,40777.96493138874,38827.053477087386,False
2008-10-07,47045.95809950402,47045.95809950402,47045.95809950402,,37088.253095474574,True
2008-10-08,46854.65308950403,46854.65308950403,46854.65308950403,,36153.712005416004,True
2008-10-09,45787.777759504024,45787.777759504024,45787.777759504024,,33628.60454857829,True
2008-10-10,45732.86775950402,45732.86775950402,45732.86775950402,,32813.06100675989,True
2008-10-13,47179.913269504024,47179.913269504024,47179.913269504024,,37577.57922056558,True
2008-10-14,47039.95680950402,47039.95680950402,47039.95680950402,,37021.57343482273,True
2008-10-15,45242.04743950403,45242.04743950403,45242.04743950403,,33376.760599501016,True
2008-10-16,46354.922339504024,46354.922339504024,46354.922339504024,,34767.28798432471,True
2008-10-17,46843.97953950403,46843.97953950403,46843.97953950403,,34559.555195370966,True
2008-10-20,47157.43037950402,47157.43037950402,47157.43037950402,39632.69276708874,36635.857243975275,False
2008-10-21,46944.28037950402,46944.28037950402,46944.28037950402,39608.29495708873,35541.7978888189,False
2008-10-22,46083.43037950403,46083.43037950403,46083.43037950403,39204.814957088725,33606.5489685165,False
2008-10-23,45307.37037950401,45307.37037950401,45307.37037950401,39156.88702913674,33995.85560262981,False
2008-10-24,43987.11117950403,43987.11117950403,43987.11117950403,38766.83706913672,32271.929914547025,False
2008-10-27,43581.34117950402,43581.34117950402,43581.34117950402,38539.47408913673,31126.065592268853,False
2008-10-28,43860.25117950402,43860.25117950402,43860.25117950402,38631.908434464734,34763.18462059228,False
2008-10-29,43303.792029504024,43303.792029504024,43303.792029504024,38309.064806464725,34511.34067151503,False
2008-10-30,44311.934959504026,44311.934959504026,44311.934959504026,38855.45530646474,35704.90659718257,False
2008-10-31,44805.324959504025,44805.324959504025,44805.324959504025,39566.59024350274,35901.355135872145,False
2008-11-03,44920.184959504026,44920.184959504026,44920.184959504026,39404.92612350272,36005.47799058229,False
2008-11-04,45219.47495950403,45219.47495950403,45219.47495950403,39700.46356789873,37228.793303309874,False
2008-11-05,44858.854959504024,44858.854959504024,44858.854959504024,38910.25404789873,35664.3858803249,False
2008-11-06,44967.544959504026,44967.544959504026,44967.544959504026,38756.08604789872,33688.10332269832,False
2008-11-07,45023.35620950402,45023.35620950402,45023.35620950402,39169.57512789872,34800.62781465057,False
2008-11-10,45055.08620950403,45055.08620950403,45055.08620950403,39135.551619016725,34344.1285994189,False
2008-11-11,44960.576209504026,44960.576209504026,44960.576209504026,38550.660779016725,33283.92199505499,False
2008-11-12,44350.25253950403,44350.25253950403,44350.25253950403,37795.17049410373,31819.53406304773,False
2008-11-13,45193.94253950402,45193.94253950402,45193.94253950402,39412.61793658574,33802.99750720604,False
2008-11-14,44710.28253950402,44710.28253950402,44710.28253950402,38438.655451830724,32116.002092715033,False
2008-11-17,44940.677539504024,44940.677539504024,44940.677539504024,38495.945141830736,31689.76518500994,False
2008-11-18,44849.05753950402,44849.05753950402,44849.05753950402,38529.788366755725,32286.804608076993,False
2008-11-19,43787.117539504026,43787.117539504026,43787.117539504026,36739.21027675573,30217.683446004405,False
2008-11-20,42939.37626950403,42939.37626950403,42939.37626950403,35609.40700670573,27974.682245770553,False
2008-11-21,43652.296269504026,43652.296269504026,43652.296269504026,36131.48798670573,29483.69425836786,False
2008-11-24,44364.92626950402,44364.92626950402,44364.92626950402,36716.21737661373,31526.656476646272,False
2008-11-25,44200.49426950403,44200.49426950403,44200.49426950403,37073.720856863736,31760.03528892764,False
2008-11-26,44559.83504950402,44559.83504950402,44559.83504950402,37649.05389686373,32987.45396538765,False
2008-11-28,44654.32504950403,44654.32504950403,44654.32504950403,37792.81709306373,33402.406622828574,False
2008-12-01,43154.59468950403,43154.59468950403,43154.59468950403,36407.75092385174,30443.88137175405,False
2008-12-02,44126.225729504025,44126.225729504025,44126.225729504025,37032.866003851734,31615.391717359842,False
2008-12-03,44599.052289504034,44599.052289504034,44599.052289504034,37775.10051385174,32375.53984879057,False
2008-12-04,44207.54552950403,44207.54552950403,44207.54552950403,37294.76975324774,31626.675967623993,False
2008-12-05,45019.74770950404,45019.74770950404,45019.74770950404,37653.13511533373,32601.737774540197,False
2008-12-08,45344.811909504024,45344.811909504024,45344.811909504024,37490.042252893734,33739.90828982008,False
2008-12-09,44310.401909504035,44310.401909504035,44310.401909504035,36695.11402289373,33183.902504077225,False
2008-12-10,44361.20190950404,44361.20190950404,44361.20190950404,36841.58965054174,33410.10042982685,False
2008-12-11,43658.23190950403,43658.23190950403,43658.23190950403,36157.252198226735,32605.328217806058,False
2008-12-12,44562.67190950403,44562.67190950403,44562.67190950403,36494.700117226734,32994.63485191936,False
2008-12-15,44206.47190950402,44206.47190950402,44206.47190950402,36029.887425226734,32535.05811388837,False
2008-12-16,45445.17190950403,45445.17190950403,45445.17190950403,37009.46163213373,34066.125706547435,False
2008-12-17,45813.16390950402,45813.16390950402,45813.16390950402,37424.068092133726,33736.31784655421,False
2008-12-18,45956.996069504035,45956.996069504035,45956.996069504035,37308.13095213373,33105.938593161256,False
2008-12-19,45657.34606950403,45657.34606950403,45657.34606950403,37190.36231213373,32964.88546485933,False
2008-12-22,45264.75606950402,45264.75606950402,45264.75606950402,36844.068202133734,32542.239000420115,False
2008-12-23,45282.029205504026,45282.029205504026,45282.029205504026,36678.93562413373,32205.763174361706,False
2008-12-24,45262.39920550403,45262.39920550403,45262.39920550403,36744.567844133744,32392.979144653345,False
2008-12-26,45512.91474550404,45512.91474550404,45512.91474550404,37046.41166232973,32579.68219447843,False
2008-12-29,45248.674745504024,45248.674745504024,45248.674745504024,36910.83953232974,32486.33066956588,False
2008-12-30,46192.605565504025,46192.605565504025,46192.605565504025,37420.302904329736,33256.224289861115,False
2008-12-31,46569.18556550403,46569.18556550403,46569.18556550403,37629.430664329724,33731.18864188868,False
2009-01-02,46925.182765504025,46925.182765504025,46925.182765504025,37886.05092432973,34747.79700659563,False
2009-01-05,47203.182765504025,47203.182765504025,47203.182765504025,37704.15005452974,34706.76336927143,False
2009-01-06,46694.46276550403,46694.46276550403,46694.46276550403,37235.081647312734,34938.60342015314,False
2009-01-07,46930.962765504024,46930.962765504024,46930.962765504024,36880.94699731274,33891.73274791959,False
2009-01-08,47346.962765504024,47346.962765504024,47346.962765504024,36886.87096301774,34030.221273888754,False
2009-01-09,46361.80276550402,46361.80276550402,46361.80276550402,36159.337590019735,33301.36129091772,False
2009-01-12,45884.862765504025,45884.862765504025,45884.862765504025,35708.54360689274,32501.205363095905,False
2009-01-13,46177.24096550404,46177.24096550404,46177.24096550404,35422.417248749734,32561.217057682552,False
2009-01-14,45343.640965504026,45343.640965504026,45343.640965504026,34543.82636517274,31536.914885977312,False
2009-01-15,46291.69096550402,46291.69096550402,46291.69096550402,35011.419151096736,31548.199136241463,False
2009-01-16,47242.830965504036,47242.830965504036,47242.830965504036,35673.859170465745,31794.913880653185,False
2009-01-20,45711.64096550403,45711.64096550403,45711.64096550403,35096.19960046574,30116.638114093574,False
2009-01-21,46486.16096550403,46486.16096550403,46486.16096550403,35044.934869881734,31417.404417270584,False
2009-01-22,46705.88096550403,46705.88096550403,46705.88096550403,35291.78641988173,30931.155814978858,False
2009-01-23,46471.51708550403,46471.51708550403,46471.51708550403,35268.099569259735,31066.053897682155,False
2009-01-26,46168.63208550403,46168.63208550403,46168.63208550403,,31278.915891301407,True
2009-01-27,45942.083085504026,45942.083085504026,45942.083085504026,,31596.413660097372,True
2009-01-28,46564.453085504036,46564.453085504036,46564.453085504036,,32665.85283285923,True
2009-01-29,46041.87308550403,46041.87308550403,46041.87308550403,,31604.107467095662,True
2009-01-30,45616.75267550403,45616.75267550403,45616.75267550403,,30961.418122505438,True
2009-02-02,45788.80607550403,45788.80607550403,45788.80607550403,,30867.553677126336,True
2009-02-03,46346.86607550403,46346.86607550403,46346.86607550403,,31301.484391829705,True
2009-02-04,45584.847675504025,45584.847675504025,45584.847675504025,,31148.121172330524,True
2009-02-05,45602.51288550404,45602.51288550404,45602.51288550404,,31611.801274093938,True
2009-02-06,45794.70112550403,45794.70112550403,45794.70112550403,34957.301222023736,32512.48961336004,False
2009-02-09,45742.86112550403,45742.86112550403,45742.86112550403,34843.26698154373,32557.1136939501,False
2009-02-10,44627.27112550403,44627.27112550403,44627.27112550403,33783.105361543734,31066.053897682134,False
2009-02-11,44904.16408550403,44904.16408550403,44904.16408550403,34072.470925543734,31249.166504241362,False
2009-02-12,45039.524085504025,45039.524085504025,45039.524085504025,34381.44044554373,31271.222084303117,False
2009-02-13,45241.96783550402,45241.96783550402,45241.96783550402,34269.35568705173,30935.25917871126,False
2009-02-17,44306.27783550403,44306.27783550403,44306.27783550403,33973.959405051726,29611.92437500595,False
2009-02-18,44201.31783550402,44201.31783550402,44201.31783550402,33717.542170651715,29540.628430155164,False
2009-02-19,42963.38783550403,42963.38783550403,42963.38783550403,32422.453313029728,29223.13066135919,False
2009-02-20,42761.85783550402,42761.85783550402,42761.85783550402,32579.128003029728,28938.97272288913,False
2009-02-23,41995.516675504026,41995.516675504026,41995.516675504026,32095.78383235173,27903.386300919738,False
2009-02-24,42455.866675504025,42455.866675504025,42455.866675504025,31980.646449214724,28961.54122341744,False
2009-02-25,41949.39667550403,41949.39667550403,41949.39667550403,31936.80517853473,28733.2916158016,False
2009-02-26,41073.976675504025,41073.976675504025,41073.976675504025,31650.07131151473,28266.02107077232,False
2009-02-27,41007.730875504036,41007.730875504036,41007.730875504036,,27634.61597644626,True
2009-03-02,39984.300875504036,39984.300875504036,39984.300875504036,,26389.758004123465,True
2009-03-03,39509.99472550403,39509.99472550403,39509.99472550403,,26191.770704034217,True
2009-03-04,39421.334355504034,39421.334355504034,39421.334355504034,,26811.89154809613,True
2009-03-05,38904.17435550403,38904.17435550403,38904.17435550403,,25716.806352006646,True
2009-03-06,38782.95835550403,38782.95835550403,38782.95835550403,,25761.943353063263,True
2009-03-09,38943.14735550403,38943.14735550403,38943.14735550403,,25458.807357330763,True
2009-03-10,39897.207155504024,39897.207155504024,39897.207155504024,,26976.53901785946,True
2009-03-11,39674.787155504026,39674.787155504026,39674.787155504026,,27152.47073788695,True
2009-03-12,40693.09715550402,40693.09715550402,40693.09715550402,30767.22568625873,28221.396990182257,False
2009-03-13,40985.537155504026,40985.537155504026,40985.537155504026,30814.68266891073,28441.952790799813,False
2009-03-16,40052.16393550403,40052.16393550403,40052.16393550403,30147.37885891072,28355.782152419,False
2009-03-17,41114.41393550403,41114.41393550403,41114.41393550403,30563.37741175472,29223.130661359195,False
2009-03-18,41473.053935504024,41473.053935504024,41473.053935504024,30573.511954455724,29877.104256213566,False
2009-03-19,41273.00393550403,41273.00393550403,41273.00393550403,30484.313540455725,29507.288599829255,False
2009-03-20,41382.493935504026,41382.493935504026,41382.493935504026,30137.992110943727,28883.064392034925,False
2009-03-23,42499.57393550402,42499.57393550402,42499.57393550402,30806.93864557973,30957.827679239585,False
2009-03-24,42154.73393550403,42154.73393550403,42154.73393550403,30590.717682239727,30347.96524450873,False
2009-03-25,42792.86589356004,42792.86589356004,42792.86589356004,31137.735302239722,30668.027615637453,False
2009-03-26,43503.69589356003,43503.69589356003,43503.69589356003,31392.05670223973,31293.277664364894,False
2009-03-27,42670.61589356003,42670.61589356003,42670.61589356003,30611.003082239724,30728.03931022409,False
2009-03-30,43107.81589356003,43107.81589356003,43107.81589356003,30662.509528895727,29666.29394446053,False
2009-03-31,43001.505893560025,43001.505893560025,43001.505893560025,30882.850948895728,29941.219314532642,False
2009-04-01,42548.98589356003,42548.98589356003,42548.98589356003,30739.943178895734,30521.332362203466,False
2009-04-02,42372.05581356004,42372.05581356004,42372.05581356004,30560.464298895728,31413.30105353817,False
2009-04-03,42198.233977040036,42198.233977040036,42198.233977040036,30065.59146889573,31726.18253813517,False
2009-04-06,42119.33067704002,42119.33067704002,42119.33067704002,29853.195748895723,31477.416111857226,False
2009-04-07,40935.01576704004,40935.01576704004,40935.01576704004,29183.41290889572,30743.426924220672,False
2009-04-08,41428.68576704003,41428.68576704003,41428.68576704003,29655.266788895726,31074.77354561356,False
2009-04-09,42100.76476704002,42100.76476704002,42100.76476704002,30301.416918895724,32309.886029071848,False
2009-04-13,42142.10472304003,42142.10472304003,42142.10472304003,30780.845111608727,32317.06691560358,False
2009-04-14,41470.83472304003,41470.83472304003,41470.83472304003,30177.13448160873,31760.03528892762,False
2009-04-15,41458.594723040034,41458.594723040034,41458.594723040034,30479.433491608732,32099.075717318792,False
2009-04-16,42128.72472304003,42128.72472304003,42128.72472304003,31195.023691608723,32569.423785147388,False
2009-04-17,42281.06472304003,42281.06472304003,42281.06472304003,30932.60725160873,32787.92790389874,False
2009-04-20,41855.93472304003,41855.93472304003,41855.93472304003,30279.242111608735,31413.30105353817,False
2009-04-21,41411.094723040034,41411.094723040034,41411.094723040034,30509.51353111573,32027.266852001456,False
2009-04-22,41287.66472304003,41287.66472304003,41287.66472304003,30446.08176111573,31831.33123377842,False
2009-04-23,41305.634723040035,41305.634723040035,41305.634723040035,30331.123871115728,32144.212718375416,False
2009-04-24,41659.68472304003,41659.68472304003,41659.68472304003,30390.978931115726,32629.94840020058,False
2009-04-27,41632.624723040026,41632.624723040026,41632.624723040026,30549.76582111573,32321.170279336016,False
2009-04-28,41509.42472304002,41509.42472304002,41509.42472304002,30432.658671115725,32219.099106492074,False
2009-04-29,41384.194723040026,41384.194723040026,41384.194723040026,30515.86248111573,32904.360849806144,False
2009-04-30,41203.28472304003,41203.28472304003,41203.28472304003,31066.007991115723,32915.645100070295,False
2009-05-01,40479.014723040025,40479.014723040025,40479.014723040025,30924.091011115728,33092.60266103089,False
2009-05-04,41045.28172304004,41045.28172304004,41045.28172304004,31338.56044511573,34218.463085113515,False
2009-05-05,40723.24472304003,40723.24472304003,40723.24472304003,31326.28520650573,34102.030139206116,False
2009-05-06,40389.554723040026,40389.554723040026,40389.554723040026,30911.957556505728,34692.91451667454,False
2009-05-07,39701.828963040025,39701.828963040025,39701.828963040025,30414.429173753728,34211.282198581786,False
2009-05-08,40443.38455304003,40443.38455304003,40443.38455304003,30593.251483753727,35009.38644453739,False
2009-05-11,40860.76455304002,40860.76455304002,40860.76455304002,30681.915503753724,34354.38700874991,False
2009-05-12,41003.99455304003,41003.99455304003,41003.99455304003,30632.10574375373,34252.315835905974,False
2009-05-13,40271.134527815026,40271.134527815026,40271.134527815026,29662.145673753726,33390.09653163131,False
2009-05-14,40341.12452781503,40341.12452781503,40341.12452781503,29957.89991375373,33676.306151967576,False
2009-05-15,40405.79452781503,40405.79452781503,40405.79452781503,29751.42228981373,33401.38078189546,False
2009-05-18,40509.784527815034,40509.784527815034,40509.784527815034,30394.076879813736,34350.28364501748,False
2009-05-19,40930.51452781503,40930.51452781503,40930.51452781503,30499.573619813727,34309.25000769329,False
2009-05-20,40604.338277815026,40604.338277815026,40604.338277815026,30022.700367502726,34079.46163867778,False
2009-05-21,40278.57827781503,40278.57827781503,40278.57827781503,29579.894797502722,33589.6225931202,False
2009-05-22,40508.578277815024,40508.578277815024,40508.578277815024,29965.100867502726,33518.32664826941,False
2009-05-26,41361.74827781503,41361.74827781503,41361.74827781503,30796.788881823722,34376.9555092782,False
2009-05-27,40479.51827781504,40479.51827781504,40479.51827781504,30572.431381823735,33762.989710814916,False
2009-05-28,40388.23827781502,40388.23827781502,40388.23827781502,31201.53870721373,34233.85069911006,False
2009-05-29,40809.23827781503,40809.23827781503,40809.23827781503,31847.70223721373,34840.12269057505,False
2009-06-01,41313.03827781503,41313.03827781503,41313.03827781503,32641.03089369873,35683.36393758728,False
2009-06-02,41904.12827781503,41904.12827781503,41904.12827781503,32856.053197670735,35713.626245113875,False
2009-06-03,41356.08827781502,41356.08827781502,41356.08827781502,32388.425887670735,35261.74331408117,False
2009-06-04,41424.77827781503,41424.77827781503,41424.77827781503,32807.96094211074,35593.08993547405,False
2009-06-05,40872.398277815024,40872.398277815024,40872.398277815024,32687.723784205733,35600.27082200577,False
2009-06-08,41169.758277815024,41169.758277815024,41169.758277815024,32319.72789411573,35453.57556857177,False
2009-06-09,41470.72851781503,41470.72851781503,41470.72851781503,32694.101064115734,35634.636493264785,False
2009-06-10,41100.07936781503,41100.07936781503,41100.07936781503,32227.309925395733,35543.849570685,False
2009-06-11,41052.581007815024,41052.581007815024,41052.581007815024,32168.88639539574,35702.34199484971,False
2009-06-12,40970.84346781503,40970.84346781503,40970.84346781503,32083.256544163727,35800.30980396122,False
2009-06-15,40010.39846781504,40010.39846781504,40010.39846781504,31474.120337555734,34979.12413701075,False
2009-06-16,39668.553467815036,39668.553467815036,39668.553467815036,31445.082177555734,34504.67270544973,False
2009-06-17,40309.84346781504,40309.84346781504,40309.84346781504,31638.848897555727,34470.81995465727,False
2009-06-18,40138.98040931903,40138.98040931903,40138.98040931903,31668.301247555737,34723.17682420107,False
2009-06-19,40538.365409319034,40538.365409319034,40538.365409319034,32063.07709755573,34850.38109990607,False
2009-06-22,39189.745409319024,39189.745409319024,39189.745409319024,30726.49663755573,33805.56210953874,False
2009-06-23,39056.685409319034,39056.685409319034,39056.685409319034,30726.911157555736,33831.72105333292,False
2009-06-24,39711.81040931903,39711.81040931903,39711.81040931903,31507.029517228733,34123.57279880126,False
2009-06-25,40949.71120931903,40949.71120931903,40949.71120931903,31896.818943228733,34865.768713902646,False
2009-06-26,41269.471209319025,41269.471209319025,41269.471209319025,32342.41539322873,34774.98179132287,False
2009-06-29,41398.39120931903,41398.39120931903,41398.39120931903,32306.775453228736,35100.173367117124,False
2009-06-30,41349.32120931903,41349.32120931903,41349.32120931903,32250.19429322873,34816.52834911362,False
2009-07-01,41605.79120931903,41605.79120931903,41605.79120931903,32547.153741928727,34960.1460797483,False
2009-07-02,40608.56620931903,40608.56620931903,40608.56620931903,31682.60436021274,34006.11401196075,False
2009-07-06,40202.04120931903,40202.04120931903,40202.04120931903,31327.105786124732,34002.52356869487,False
2009-07-07,39581.776209319025,39581.776209319025,39581.776209319025,30746.08402307874,33343.420769174976,False
2009-07-08,39427.261209319026,39427.261209319026,39427.261209319026,30406.922983452736,33320.85226864667,False
2009-07-09,39679.48120931903,39679.48120931903,39679.48120931903,30369.329513452732,33384.96732696571,False
2009-07-10,39553.68120931903,39553.68120931903,39553.68120931903,30209.736998686734,33305.46465465009,False
2009-07-13,40139.55120931903,40139.55120931903,40139.55120931903,30899.520846686733,34115.87899180296,False
2009-07-14,40672.29620931902,40672.29620931902,40672.29620931902,31001.97822696073,34309.25000769323,False
2009-07-15,41712.00620931902,41712.00620931902,41712.00620931902,31871.853086960724,35312.52244026982,False
2009-07-16,42002.68620931902,42002.68620931902,42002.68620931902,32362.753565038736,35255.5882684825,False
2009-07-17,42136.81620931903,42136.81620931903,42136.81620931903,32536.599665038728,35641.817379796485,False
2009-07-20,42986.11620931903,42986.11620931903,42986.11620931903,33215.73498503873,36020.352684112186,False
2009-07-21,42920.812709319034,42920.812709319034,42920.812709319034,33054.19706503874,36187.05183574173,False
2009-07-22,43325.072709319036,43325.072709319036,43325.072709319036,33486.890505272735,36179.358028743445,False
2009-07-23,43821.62270931904,43821.62270931904,43821.62270931904,34361.07999457273,36978.48811563215,False
2009-07-24,43873.55020931903,43873.55020931903,43873.55020931903,34327.67852531473,37129.799653265116,False
2009-07-27,43824.26570931903,43824.26570931903,43824.26570931903,34434.780979340736,37239.564633107344,False
2009-07-28,43721.74360931904,43721.74360931904,43721.74360931904,34255.046519340736,37065.68459494606,False
2009-07-29,43506.55360931903,43506.55360931903,43506.55360931903,34285.32817934073,36974.89767236628,False
2009-07-30,44183.42860931903,44183.42860931903,44183.42860931903,34914.151929340725,37361.126783680265,False
2009-07-31,44386.75360931903,44386.75360931903,44386.75360931903,35255.28448934073,37413.95759173517,False
2009-08-03,44924.84860931903,44924.84860931903,44924.84860931903,36157.93078934074,38031.00091299777,False
2009-08-04,44357.93360931903,44357.93360931903,44357.93360931903,35652.310789340736,38129.48164257583,False
2009-08-05,44454.593609319025,44454.593609319025,44454.593609319025,35553.16767227674,38019.716662733605,False
2009-08-06,43939.233609319024,43939.233609319024,43939.233609319024,34888.17934227673,37822.75520357747,False
2009-08-07,44849.37360931904,44849.37360931904,44849.37360931904,35381.26318227673,38318.749294733694,False
2009-08-10,44911.09360931903,44911.09360931903,44911.09360931903,35448.794777322735,38239.24662241807,False
2009-08-11,45012.02360931903,45012.02360931903,45012.02360931903,35234.076302721114,37762.23058852429,False
2009-08-12,44852.653609319015,44852.653609319015,44852.653609319015,35799.88200272111,38167.43775710072,False
2009-08-13,45251.998609319024,45251.998609319024,45251.998609319024,36272.84282272112,38458.77658210251,False
2009-08-14,44566.24860931904,44566.24860931904,44566.24860931904,35583.98047272111,38163.84731383485,False
2009-08-17,43162.538609319025,43162.538609319025,43162.538609319025,34090.29576072112,37224.689939577314,False
2009-08-18,43931.268609319035,43931.268609319035,43931.268609319035,34765.15781161811,37520.13212831153,False
2009-08-19,44096.96220931903,44096.96220931903,44096.96220931903,34909.08754946011,37849.4270678382,False
2009-08-20,44633.60720931902,44633.60720931902,44633.60720931902,35699.24514946012,38239.24662241807,False
2009-08-21,45234.759209319025,45234.759209319025,45234.759209319025,36116.82789946011,38989.136344517734,False
2009-08-24,45081.67720931903,45081.67720931903,45081.67720931903,36128.64869946011,38985.03298078532,False
2009-08-25,45504.20220931903,45504.20220931903,45504.20220931903,36539.43234446012,39060.945209835074,False
2009-08-26,45412.36554931903,45412.36554931903,45412.36554931903,36234.65111446011,39065.0485735675,False
2009-08-27,45739.05054931902,45739.05054931902,45739.05054931902,36253.11423705811,39151.732132414865,False
2009-08-28,45941.020549319044,45941.020549319044,45941.020549319044,36306.27950705811,39144.55124588312,False
2009-08-31,45355.430549319026,45355.430549319026,45355.430549319026,35754.44560525811,38795.76532862745,False
2009-09-01,44182.265549319025,44182.265549319025,44182.265549319025,34662.58598525811,37940.21399041797,False
2009-09-02,44987.58054931903,44987.58054931903,44987.58054931903,34856.80504313611,37796.08333931674,False
2009-09-03,45561.92054931903,45561.92054931903,45561.92054931903,35184.26942313611,38110.50358531339,False
2009-09-04,45978.28554931904,45978.28554931904,45978.28554931904,35918.52318562611,38644.45379099448,False
2009-09-08,46574.80054931902,46574.80054931902,46574.80054931902,36605.30790562611,38977.852094253576,False
2009-09-09,46748.59154931903,46748.59154931903,46748.59154931903,37105.49896562611,39276.884726253644,False
2009-09-10,47240.975549319024,47240.975549319024,47240.975549319024,37779.3015356261,39677.98853109766,False
2009-09-11,47204.25554931903,47204.25554931903,47204.25554931903,37739.881495626105,39670.80764456592,False
2009-09-14,47379.49554931903,47379.49554931903,47379.49554931903,38100.73927562611,39863.665739989636,False
2009-09-15,48090.24654931903,48090.24654931903,48090.24654931903,38976.80472706211,40030.364891619174,False
2009-09-16,48800.625549319026,48800.625549319026,48800.625549319026,39412.3056070621,40636.12396261761,False
2009-09-17,47694.23554931903,47694.23554931903,47694.23554931903,38629.146537062115,40575.59934756443,False
2009-09-18,47619.00054931904,47619.00054931904,47619.00054931904,38631.42005706211,40601.24537089206,False
2009-09-21,47793.33864931903,47793.33864931903,47793.33864931903,38927.319457062105,40498.661277581574,False
2009-09-22,48258.38979931903,48258.38979931903,48258.38979931903,38993.9494570621,40734.6046921957,False
2009-09-23,47453.31147931903,47453.31147931903,47453.31147931903,38608.1454670621,40396.07718427109,False
2009-09-24,46701.806479319035,46701.806479319035,46701.806479319035,37699.65665258211,39950.862219303555,False
2009-09-25,46604.58647931902,46604.58647931902,46604.58647931902,37278.95967258212,39737.487305217735,False
2009-09-28,47493.03147931904,47493.03147931904,47493.03147931904,38188.99981258211,40448.907992325985,False
2009-09-29,47801.05647931902,47801.05647931902,47801.05647931902,38404.25562168011,40327.345841753064,False
2009-09-30,47983.75147931903,47983.75147931903,47983.75147931903,38252.91510168012,40171.41801992112,False
2009-10-01,46637.78147931903,46637.78147931903,46637.78147931903,36380.46912168011,39174.81355340971,False
2009-10-02,46417.73147931903,46417.73147931903,46417.73147931903,35864.3403357171,38992.21386731703,False
2009-10-05,47325.736479319035,47325.736479319035,47325.736479319035,36988.29650177312,39574.378596854054,False
2009-10-06,48456.726479319026,48456.726479319026,48456.726479319026,37519.91924201311,40141.15571239451,False
2009-10-07,48464.90147931903,48464.90147931903,48464.90147931903,37328.85662201311,40251.433612703266,False
2009-10-08,48709.591479319024,48709.591479319024,48709.591479319024,37401.69138201311,40559.69881310129,False
2009-10-09,48686.51647931903,48686.51647931903,48686.51647931903,37814.05893201311,40806.92647797958,False
2009-10-12,48371.60647931903,48371.60647931903,48371.60647931903,38002.522532013114,40966.44474307739,False
2009-10-13,48393.396479319024,48393.396479319024,48393.396479319024,37799.61358025111,40882.83870702934,False
2009-10-14,48827.48147931902,48827.48147931902,48827.48147931902,38257.289968859106,41586.565587139296,False
2009-10-15,48664.17147931903,48664.17147931903,48664.17147931903,37955.863748859105,41738.902965705376,False
2009-10-16,48213.366479319026,48213.366479319026,48213.366479319026,37466.38069271911,41427.047322041486,False
2009-10-19,48850.671479319026,48850.671479319026,48850.671479319026,38122.486904553116,41769.16527323196,False
2009-10-20,48593.286479319024,48593.286479319024,48593.286479319024,38086.222038921114,41548.60947261442,False
2009-10-21,48116.716479319024,48116.716479319024,48116.716479319024,37619.305578921114,41175.71629343078,False
2009-10-22,48661.74199931903,48661.74199931903,48661.74199931903,37957.67004892112,41594.25939413757,False
2009-10-23,48436.620119319035,48436.620119319035,48436.620119319035,37609.90914892111,41118.78212164344,False
2009-10-26,47704.16011931903,47704.16011931903,47704.16011931903,37192.73092292111,40673.56715667592,False
2009-10-27,46359.69011931902,46359.69011931902,46359.69011931902,36704.58104296311,40487.37702731738,False
2009-10-28,44601.93011931903,44601.93011931903,44601.93011931903,35618.86690032012,39722.61261168768,False
2009-10-29,45854.080119319035,45854.080119319035,45854.080119319035,36364.79759230012,40574.573506631285,False
2009-10-30,44526.37511931903,44526.37511931903,44526.37511931903,35652.618692300115,39398.95979729308,False
2009-11-02,44889.65169931903,44889.65169931903,44889.65169931903,35948.57269230011,39688.246940428646,False
2009-11-03,45854.95569931903,45854.95569931903,45854.95569931903,36235.80659230012,39813.912454734,False
2009-11-04,46019.33069931902,46019.33069931902,46019.33069931902,36260.60725716411,39916.49654804449,False
2009-11-05,46889.51069931902,46889.51069931902,46889.51069931902,36660.327913780115,40650.9986561476,False
2009-11-06,47669.165699319026,47669.165699319026,47669.165699319026,36733.22638672612,40757.173192723945,False
2009-11-09,49042.95569931903,49042.95569931903,49042.95569931903,37377.620370924116,41685.55923718387,False
2009-11-10,49877.19069931903,49877.19069931903,49877.19069931903,37628.005620924116,41693.253044182165,False
2009-11-11,50285.06569931903,50285.06569931903,50285.06569931903,37895.69666092411,41906.11503780142,False
2009-11-12,49112.13569931903,49112.13569931903,49112.13569931903,37332.12462833312,41480.3910505629,False
2009-11-13,49939.470699319034,49939.470699319034,49939.470699319034,37524.97306833312,41704.53729444632,False
2009-11-16,50835.78069931903,50835.78069931903,50835.78069931903,38172.76754993311,42309.7834449782,False
2009-11-17,51040.480699319036,51040.480699319036,51040.480699319036,38256.96132793312,42359.02380976724,False
2009-11-18,50617.180699319026,50617.180699319026,50617.180699319026,38086.49427877712,42332.3519455065,False
2009-11-19,49981.08569931903,49981.08569931903,49981.08569931903,37328.12874877712,41780.96244396263,False
2009-11-20,49784.035699319036,49784.035699319036,49784.035699319036,37022.374788777124,41632.21550866241,False
2009-11-23,50374.48069931902,50374.48069931902,50374.48069931902,37280.46494501712,42161.03650967797,False
2009-11-24,50035.36069931902,50035.36069931902,50035.36069931902,37230.70371581212,42225.664488463575,False
2009-11-25,50533.31069931904,50533.31069931904,50533.31069931904,37691.35890770012,42374.41142376378,False
2009-11-27,49481.76569931903,49481.76569931903,49481.76569931903,37078.880377700116,41685.55923718384,False
2009-11-30,49797.26069931903,49797.26069931903,49797.26069931903,37248.585376809126,41826.61236548576,False
2009-12-01,50608.74069931904,50608.74069931904,50608.74069931904,37582.456926809115,42343.636195770625,False
2009-12-02,50999.44569931903,50999.44569931903,50999.44569931903,37326.35639648512,42324.65813850819,False
2009-12-03,50005.32517931904,50005.32517931904,50005.32517931904,37011.406036485125,41993.82443758187,False
2009-12-04,49834.28241931902,49834.28241931902,49834.28241931902,37337.988306485124,42233.358295461854,False
2009-12-07,49275.86241931903,49275.86241931903,49275.86241931903,37254.56155648512,42168.73031667624,False
2009-12-08,49088.69741931904,49088.69741931904,49088.69741931904,37022.219947530124,41700.94685118042,False
2009-12-09,49444.98541931903,49444.98541931903,49444.98541931903,37179.66960068313,41856.87467301237,False
2009-12-10,49471.85241931903,49471.85241931903,49471.85241931903,37051.62465068312,42092.818087626474,False
2009-12-11,49644.90241931903,49644.90241931903,49644.90241931903,37144.50116068312,42271.31440998674,False
2009-12-14,50129.052419319036,50129.052419319036,50129.052419319036,37182.373434695124,42560.601553122324,False
2009-12-15,49721.37241931904,49721.37241931904,49721.37241931904,37151.39285289312,42362.614253033076,False
2009-12-16,50050.79241931904,50050.79241931904,50050.79241931904,37070.41384289312,42427.24223181868,False
2009-12-17,48649.63741931904,48649.63741931904,48649.63741931904,36750.58211289311,41917.9122085321,False
2009-12-18,48953.12241931903,48953.12241931903,48953.12241931903,36809.697890381125,42153.342702679685,False
2009-12-21,49067.94141931903,49067.94141931903,49067.94141931903,37076.495130381125,42582.144212717525,False
2009-12-22,49367.72741931904,49367.72741931904,49367.72741931904,37565.199650381124,42734.994511750156,False
2009-12-23,50330.38241931903,50330.38241931903,50330.38241931903,37719.181527228124,42819.11346826476,False
2009-12-24,50447.167419319034,50447.167419319034,50447.167419319034,37877.23331733811,43021.71705255298,False
2009-12-28,50620.37741931902,50620.37741931902,50620.37741931902,37955.64445338612,43113.52981606588,False
2009-12-29,50446.06991931902,50446.06991931902,50446.06991931902,37752.092833386116,43052.49228054615,False
2009-12-30,50337.97741931904,50337.97741931904,50337.97741931904,37679.773393386124,43037.10466654956,False
2009-12-31,50107.56241931903,50107.56241931903,50107.56241931903,37333.27353338613,42624.20369097485,False
2010-01-04,50860.01741931903,50860.01741931903,50860.01741931903,37909.91436338612,43346.908628347235,False
2010-01-05,51105.52741931903,51105.52741931903,51105.52741931903,38250.33113271012,43461.802812854985,False
2010-01-06,51614.09741931904,51614.09741931904,51614.09741931904,38148.03136271013,43492.06512038158,False
2010-01-07,51293.307419319026,51293.307419319026,51293.307419319026,37899.82443006212,43675.69064740735,False
2010-01-08,51970.37241931903,51970.37241931903,51970.37241931903,38029.31435006212,43821.36005990824,False
2010-01-11,52026.31241931902,52026.31241931902,52026.31241931902,38299.44381006213,43882.39759542798,False
2010-01-12,51067.45241931904,51067.45241931904,51067.45241931904,37440.06525567812,43473.08706311912,False
2010-01-13,51851.09741931903,51851.09741931903,51851.09741931903,37902.43797957012,43840.33811717067,False
2010-01-14,51553.82741931903,51553.82741931903,51553.82741931903,37826.073519570135,43958.82274494429,False
2010-01-15,50982.35641931903,50982.35641931903,50982.35641931903,37349.133279570124,43465.39325612084,False
2010-01-19,51158.18747931903,51158.18747931903,51158.18747931903,37728.81109957011,44008.57603019988,False
2010-01-20,50809.89747931903,50809.89747931903,50809.89747931903,37228.00639957013,43561.30938336615,False
2010-01-21,49972.42747931902,49972.42747931902,49972.42747931902,36360.81663811512,42723.710261486005,False
2010-01-22,49780.51747931902,49780.51747931902,49780.51747931902,35755.23699373712,41771.21695509811,False
2010-01-25,49361.28747931903,49361.28747931903,49361.28747931903,35552.94546373712,41985.10478965049,False
2010-01-26,49274.91997931902,49274.91997931902,49274.91997931902,35318.955463407125,41809.17306962299,False
2010-01-27,49345.650039319036,49345.650039319036,49345.650039319036,35287.07597340712,42008.18621064535,False
2010-01-28,49650.14003931903,49650.14003931903,49650.14003931903,35108.11353440712,41526.04097208605,False
2010-01-29,49045.09003931902,49045.09003931902,49045.09003931902,34849.79681561412,41075.183881986435,False
2010-02-01,49818.56503931904,49818.56503931904,49818.56503931904,35169.67845858112,41713.76986284423,False
2010-02-02,50537.52003931902,50537.52003931902,50537.52003931902,35706.92564858113,42218.48360193184,False
2010-02-03,50375.825039319025,50375.825039319025,50375.825039319025,35513.696876301125,42008.18621064534,False
2010-02-04,48767.42003931902,48767.42003931902,48767.42003931902,34417.36677484213,40711.52327120075,False
2010-02-05,48755.71003931902,48755.71003931902,48755.71003931902,34269.00963993213,40795.642227715354,False
2010-02-08,48535.31903931903,48535.31903931903,48535.31903931903,34294.67298447712,40501.225879914244,False
2010-02-09,49312.40503931903,49312.40503931903,49312.40503931903,34734.001784066124,41010.04298273427,False
2010-02-10,49646.91503931902,49646.91503931902,49646.91503931902,34477.385894066116,40929.51446948554,False
2010-02-11,49062.02003931904,49062.02003931904,49062.02003931904,34804.39132006612,41357.80305905684,False
2010-02-12,49399.56828931903,49399.56828931903,49399.56828931903,35074.324060066116,41323.437387797814,False
2010-02-16,50130.94328931903,50130.94328931903,50130.94328931903,35803.99075006612,41973.82053938631,False
2010-02-17,50661.728289319035,50661.728289319035,50661.728289319035,35916.172620066114,42172.833680408665,False
2010-02-18,51690.37228931902,51690.37228931902,51690.37228931902,36254.48232006612,42421.087186220044,False
2010-02-19,51757.04416931904,51757.04416931904,51757.04416931904,36329.04351606612,42509.309506467056,False
2010-02-22,51600.32916931903,51600.32916931903,51600.32916931903,36216.93301606613,42517.00331346535,False
2010-02-23,50913.579169319026,50913.579169319026,50913.579169319026,35652.703461066114,42000.492403647026,False
2010-02-24,51353.58220931902,51353.58220931902,51353.58220931902,35816.49019551612,42386.72151496101,False
2010-02-25,51714.182209319035,51714.182209319035,51714.182209319035,36080.55783307611,42329.27442270714,False
2010-02-26,51872.10612931903,51872.10612931903,51872.10612931903,36268.522860676116,42356.459207434425,False
2010-03-01,52798.35612931903,52798.35612931903,52798.35612931903,37012.58607094212,42796.03204726987,False
2010-03-02,53120.32362931903,53120.32362931903,53120.32362931903,37280.57336071712,42914.51667504349,False
2010-03-03,52946.35612931903,52946.35612931903,52946.35612931903,37164.697980717116,42952.985710034925,False
2010-03-04,53259.21112931903,53259.21112931903,53259.21112931903,37055.466441778124,43082.7545880727,False
2010-03-05,53649.52112931903,53649.52112931903,53649.52112931903,37469.12201177812,43698.772068402184,False
2010-03-08,54051.40112931901,54051.40112931901,54051.40112931901,37387.06936177812,43706.46587540047,False
2010-03-09,53984.39612931904,53984.39612931904,53984.39612931904,37545.00868177811,43779.30058165091,False
2010-03-10,54637.61612931903,54637.61612931903,54637.61612931903,37729.34298177812,43974.21035894084,False
2010-03-11,54971.57112931903,54971.57112931903,54971.57112931903,37981.98697963812,44157.83588596661,False
2010-03-12,54983.80612931903,54983.80612931903,54983.80612931903,37960.96969963811,44161.426329232476,False
2010-03-15,55054.286129319036,55054.286129319036,55054.286129319036,37882.126179638115,44173.22349996318,False
2010-03-16,55527.86612931903,55527.86612931903,55527.86612931903,38083.664819638114,44525.08694001817,False
2010-03-17,56031.85042542502,56031.85042542502,56031.85042542502,38154.48350963812,44788.72805982612,False
2010-03-18,55951.67442542503,55951.67442542503,55951.67442542503,38248.757812553114,44766.15955929781,False
2010-03-19,55549.84442542502,55549.84442542502,55549.84442542502,37905.94214255311,44540.47455401473,False
2010-03-22,56493.98942542503,56493.98942542503,56493.98942542503,38215.327732553116,44778.46965049507,False
2010-03-23,57721.08542542503,57721.08542542503,57721.08542542503,38664.28775255312,45093.40281695826,False
2010-03-24,57474.76942542503,57474.76942542503,57474.76942542503,38371.37647255312,44874.38577774036,False
2010-03-25,57511.76442542503,57511.76442542503,57511.76442542503,38086.96267255312,44801.551071489914,False
2010-03-26,57572.29942542503,57572.29942542503,57572.29942542503,38282.21301755311,44774.36628676263,False
2010-03-29,58045.38942542503,58045.38942542503,58045.38942542503,38652.82924870311,45058.52422523268,False
2010-03-30,58187.994425425015,58187.994425425015,58187.994425425015,38638.26016870311,45089.29945322584,False
2010-03-31,57930.14942542503,57930.14942542503,57930.14942542503,38153.74948870311,44935.93623372666,False
2010-04-01,58292.074425425024,58292.074425425024,58292.074425425024,38396.48617870311,45243.175593191576,False
2010-04-05,59198.304425425034,59198.304425425034,59198.304425425034,38982.12738870311,45611.96540864279,False
2010-04-06,59751.70442542503,59751.70442542503,59751.70442542503,38999.92309870311,45719.16578615226,False
2010-04-07,59418.80442542504,59418.80442542504,59418.80442542504,38745.462378703116,45458.08926867707,False
2010-04-08,59578.399425425036,59578.399425425036,59578.399425425036,38959.571768703114,45615.55585190866,False
2010-04-09,59969.669425425025,59969.669425425025,59969.669425425025,39274.68305870312,45915.10140437529,False
2010-04-12,60048.68942542502,60048.68942542502,60048.68942542502,39521.64365870312,45988.44903109229,False
2010-04-13,60390.769425425024,60390.769425425024,60390.769425425024,39525.563658703126,46022.81470235131,False
2010-04-14,61708.404425425026,61708.404425425026,61708.404425425026,39906.830156341115,46544.96773730169,False
2010-04-15,61965.21442542503,61965.21442542503,61965.21442542503,40202.59519634111,46583.43677229313,False
2010-04-16,61000.70942542502,61000.70942542502,61000.70942542502,39692.66143634111,45842.26669812485,False
2010-04-19,60372.281325425036,60372.281325425036,60372.281325425036,39293.86051634112,46015.12089535303,False
2010-04-20,61255.11632542502,61255.11632542502,61255.11632542502,39811.49651634111,46425.97018906154,False
2010-04-21,61464.466325425026,61464.466325425026,61464.466325425026,39463.82924744112,46341.33831208038,False
2010-04-22,62957.016325425015,62957.016325425015,62957.016325425015,39759.93364449112,46479.826838049536,False
2010-04-23,63342.12632542503,63342.12632542503,63342.12632542503,39870.424931427115,46782.96283378204,False
2010-04-26,63745.136325425025,63745.136325425025,63745.136325425025,39778.568101427125,46606.51819328799,False
2010-04-27,62393.316325425025,62393.316325425025,62393.316325425025,38802.07474142712,45504.25211066678,False
2010-04-28,62339.12132542502,62339.12132542502,62339.12132542502,38688.319361427115,45849.96050512313,False
2010-04-29,63184.86132542502,63184.86132542502,63184.86132542502,39593.11394581112,46418.27638206324,False
2010-04-30,61572.566325425025,61572.566325425025,61572.566325425025,38840.52894581112,45630.94346590523,False
2010-05-03,63098.121325425025,63098.121325425025,63098.121325425025,39587.92704581111,46222.3407638402,False
2010-05-04,61678.78632542503,61678.78632542503,61678.78632542503,38638.09272581112,45135.46229521556,False
2010-05-05,61112.66632542503,61112.66632542503,61112.66632542503,38332.38534581111,44866.69197074209,False
2010-05-06,59129.54632542503,59129.54632542503,59129.54632542503,36507.88519571512,43376.65801540723,False
2010-05-07,57210.54132542503,57210.54132542503,57210.54132542503,35787.97798846412,42731.40406848425,False
2010-05-10,60719.12632542502,60719.12632542502,60719.12632542502,36667.084723342115,44613.30926026517,False
2010-05-11,60456.99132542501,60456.99132542501,60456.99132542501,37278.612535076114,44486.61790502671,False
2010-05-12,62279.18132542504,62279.18132542504,62279.18132542504,38036.47528507612,45108.79043095482,False
2010-05-13,61447.70132542504,61447.70132542504,61447.70132542504,37695.97914507612,44548.168361013006,False
2010-05-14,59894.52132542502,59894.52132542502,59894.52132542502,36721.03006507612,43741.344467126,False
2010-05-17,60095.82632542502,60095.82632542502,60095.82632542502,36807.98777483811,43764.42588812086,False
2010-05-18,58519.56632542502,58519.56632542502,58519.56632542502,36283.36598614212,43168.925226453466,False
2010-05-19,58515.63072542503,58515.63072542503,58515.63072542503,35949.112646142115,42923.236322974844,False
2010-05-20,56159.07832542503,56159.07832542503,56159.07832542503,34578.69854614211,41302.40764866911,False
2010-05-21,57488.36832542502,57488.36832542502,57488.36832542502,34978.04476798611,41905.60211733479,False
2010-05-24,57307.71832542503,57307.71832542503,57307.71832542503,34963.478992121105,41368.06146838782,False
2010-05-25,57219.79332542504,57219.79332542504,57219.79332542504,35390.0927084591,41410.12094664512,False
2010-05-26,57184.30238542502,57184.30238542502,57184.30238542502,35668.2776284591,41160.32867943409,False
2010-05-27,58997.48238542503,58997.48238542503,58997.48238542503,37050.9617984591,42539.058893527064,False
2010-05-28,58805.417385425026,58805.417385425026,58805.417385425026,36832.392538459106,42005.621608312525,False
2010-06-01,58264.98238542503,58264.98238542503,58264.98238542503,36213.848828459115,41298.817205403255,False
2010-06-02,59410.192385425034,59410.192385425034,59410.192385425034,37262.27407845912,42373.89850329718,False
2010-06-03,59624.31238542503,59624.31238542503,59624.31238542503,37612.276839959115,42520.08083626463,False
2010-06-04,57854.30738542503,57854.30738542503,57854.30738542503,36184.4937854071,41025.943517197345,False
2010-06-07,56776.572385425025,56776.572385425025,56776.572385425025,35281.172705407116,40515.07473251112,False
2010-06-08,57179.579260425024,57179.579260425024,57179.579260425024,35342.494129511106,40949.00544721449,False
2010-06-09,57349.79926042503,57349.79926042503,57349.79926042503,35669.05516951112,40730.50132846315,False
2010-06-10,58600.75926042504,58600.75926042504,58600.75926042504,36645.37610951111,41920.98973133137,False
2010-06-11,59118.409260425025,59118.409260425025,59118.409260425025,37139.513279511106,42124.61915655269,False
2010-06-14,59328.53926042504,59328.53926042504,59328.53926042504,37331.701719511104,42058.96533683398,False
2010-06-15,60078.969260425016,60078.969260425016,60078.969260425016,37916.32867002511,43015.56200695429,False
2010-06-16,59810.75426042503,59810.75426042503,59810.75426042503,37849.713070025115,43000.17439295771,False
2010-06-17,59852.55426042502,59852.55426042502,59852.55426042502,38010.56785002511,43069.41865594228,False
2010-06-18,59557.99926042503,59557.99926042503,59557.99926042503,38074.65258724211,43115.58149793202,False
2010-06-21,59356.679260425015,59356.679260425015,59356.679260425015,37630.81221168511,42992.480585959434,False
2010-06-22,58725.72226042502,58725.72226042502,58725.72226042502,37101.232561685116,42282.08573978428,False
2010-06-23,59072.82726042504,59072.82726042504,59072.82726042504,37226.92662168511,42150.778100346855,False
2010-06-24,58304.35226042503,58304.35226042503,58304.35226042503,36714.767832995116,41452.69334536897,False
2010-06-25,59021.35126042502,59021.35126042502,59021.35126042502,37096.00715580811,41626.060463063695,False
2010-06-28,58794.33847042503,58794.33847042503,58794.33847042503,37094.044855808104,41494.752823626266,False
2010-06-29,56857.62847042502,56857.62847042502,56857.62847042502,35692.744565808105,40213.99041864482,False
2010-06-30,56689.43847042503,56689.43847042503,56689.43847042503,35432.81343619611,39831.86467106323,False
2010-07-01,56715.83347042503,56715.83347042503,56715.83347042503,35196.696805699125,39654.39418963609,False
2010-07-02,55976.69847042501,55976.69847042501,55976.69847042501,35019.456155417116,39438.45467321751,False
2010-07-06,55784.398470425025,55784.398470425025,55784.398470425025,35031.54361365312,39696.966588359945,False
2010-07-07,57517.24847042502,57517.24847042502,57517.24847042502,35595.78004225012,40946.95376534825,False
2010-07-08,57682.28347042503,57682.28347042503,57682.28347042503,35667.73822225011,41352.16093392468,False
2010-07-09,57996.618220425036,57996.618220425036,57996.618220425036,35811.98592992511,41660.93905478925,False
2010-07-12,57830.56322042503,57830.56322042503,57830.56322042503,35834.62060992511,41688.123839516535,False
2010-07-13,58845.69822042502,58845.69822042502,58845.69822042502,,42316.96433150983,True
2010-07-14,59398.81322042504,59398.81322042504,59398.81322042504,,42312.860967777415,True
2010-07-15,59484.23322042503,59484.23322042503,59484.23322042503,,42324.65813850811,True
2010-07-16,58071.07822042503,58071.07822042503,58071.07822042503,,41159.30283850096,True
2010-07-19,57814.083220425026,57814.083220425026,57814.083220425026,,41402.4271396468,True
2010-07-20,58413.63822042503,58413.63822042503,58413.63822042503,,41861.490957211245,True
2010-07-21,57782.68822042503,57782.68822042503,57782.68822042503,,41317.2823421991,True
2010-07-22,58077.96822042503,58077.96822042503,58077.96822042503,,42240.026261526946,True
2010-07-23,58997.18322042503,58997.18322042503,58997.18322042503,,42606.2514746454,True
2010-07-26,59834.39322042502,59834.39322042502,59834.39322042502,,43049.927678213266,True
2010-07-27,59547.11822042502,59547.11822042502,59547.11822042502,,43046.3372349474,True
2010-07-28,58868.93822042503,58868.93822042503,58868.93822042503,36605.037220452126,42768.33434207596,False
2010-07-29,58910.238220425024,58910.238220425024,58910.238220425024,36414.364879064124,42560.088632655665,False
2010-07-30,59390.978220425015,59390.978220425015,59390.978220425015,36234.06001906412,42552.394825657386,False
2010-08-02,59855.76322042502,59855.76322042502,59855.76322042502,36641.77850906413,43513.09485951012,False
2010-08-03,59666.14322042503,59666.14322042503,59666.14322042503,36399.27436906412,43304.84915008983,False
2010-08-04,60746.05322042502,60746.05322042502,60746.05322042502,36667.57586906412,43594.13629322542,False
2010-08-05,60614.438220425014,60614.438220425014,60614.438220425014,36594.035229064124,43547.973451235695,False
2010-08-06,61029.148220425035,61029.148220425035,61029.148220425035,36624.18546840412,43370.50296980855,False
2010-08-09,61604.54822042502,61604.54822042502,61604.54822042502,37123.220148404114,43601.830100223706,False
2010-08-10,61750.563220425014,61750.563220425014,61750.563220425014,36720.833219469125,43366.399606076135,False
2010-08-11,60324.96322042503,60324.96322042503,60324.96322042503,35861.14543755713,42177.962885074114,False
2010-08-12,60901.47822042502,60901.47822042502,60901.47822042502,35819.630767557115,41919.45096993166,False
2010-08-13,60406.81322042503,60406.81322042503,60406.81322042503,35550.67947567912,41795.83713749252,False
2010-08-16,60832.87322042502,60832.87322042502,60832.87322042502,35734.21808567912,41776.85908023008,False
2010-08-17,61194.183220425024,61194.183220425024,61194.183220425024,35966.86813567912,42289.77954678253,False
2010-08-18,61195.906020425035,61195.906020425035,61195.906020425035,,42367.230537231946,True
2010-08-19,60224.60202042504,60224.60202042504,60224.60202042504,,41630.16382679608,True
2010-08-20,60422.46702042503,60422.46702042503,60422.46702042503,,41494.75282362624,True
2010-08-23,59725.30702042503,59725.30702042503,59725.30702042503,,41336.77331992808,True
2010-08-24,58798.12202042503,58798.12202042503,58798.12202042503,,40723.320441931355,True
2010-08-25,59375.02672042503,59375.02672042503,59375.02672042503,,40881.29994562951,True
2010-08-26,59087.08672042503,59087.08672042503,59087.08672042503,,40607.4004164905,True
2010-08-27,59954.552655425025,59954.552655425025,59954.552655425025,,41236.2409084838,True
2010-08-30,58987.95265542503,58987.95265542503,58987.95265542503,,40638.17564448366,True
2010-08-31,59250.477135425026,59250.477135425026,59250.477135425026,34949.371670800116,40638.17564448366,False
2010-09-01,61133.89713542504,61133.89713542504,61133.89713542504,35425.374160843116,41853.79715021295,False
2010-09-02,62163.187135425025,62163.187135425025,62163.187135425025,35806.809770843116,42243.61670479281,False
2010-09-03,62782.80713542501,62782.80713542501,62782.80713542501,36002.00656084312,42791.41576307082,False
2010-09-07,62389.01713542502,62389.01713542502,62389.01713542502,36121.70991084312,42309.27052451151,False
2010-09-08,63086.037135425024,63086.037135425024,63086.037135425024,36549.23355084313,42606.25147464538,False
2010-09-09,62949.29713542503,62949.29713542503,62949.29713542503,36588.735080843115,42803.212933801515,False
2010-09-10,62921.26713542503,62921.26713542503,62921.26713542503,36688.28938084312,43019.15245022008,False
2010-09-13,64008.367135425025,64008.367135425025,64008.367135425025,37254.97158084312,43497.70724551349,False
2010-09-14,63872.467135425024,63872.467135425024,63872.467135425024,37080.57730734412,43470.52246078622,False
2010-09-15,63808.44713542503,63808.44713542503,63808.44713542503,36906.444893609114,43636.70869194921,False
2010-09-16,63498.877135425035,63498.877135425035,63498.877135425035,36836.405423609125,43624.9115212185,False
2010-09-17,63497.36713542502,63497.36713542502,63497.36713542502,36903.623043609114,43641.32497614818,False
2010-09-20,64956.80587542502,64956.80587542502,64956.80587542502,37439.166763609115,44308.63450313291,False
2010-09-21,65258.58587542503,65258.58587542503,65258.58587542503,37289.04488895413,44219.38634195277,False
2010-09-22,65314.81587542503,65314.81587542503,65314.81587542503,37034.895563279126,44001.90806413454,False
2010-09-23,65373.605875425026,65373.605875425026,65373.605875425026,37124.12117327913,43645.428339880586,False
2010-09-24,66941.09587542502,66941.09587542502,66941.09587542502,37732.901213279125,44545.09083821358,False
2010-09-27,67309.92587542502,67309.92587542502,67309.92587542502,37512.77900327912,44331.71592412777,False
2010-09-28,67513.87587542503,67513.87587542503,67513.87587542503,,44487.13082549316,True
2010-09-29,68419.24723542502,68419.24723542502,68419.24723542502,,44409.679835043724,True
2010-09-30,67101.70723542503,67101.70723542503,67101.70723542503,,44277.346354673195,True
2010-10-01,66680.90723542502,66680.90723542502,66680.90723542502,,44464.0494044983,True
2010-10-04,66506.48723542501,66506.48723542501,66506.48723542501,,44130.13818077265,True
2010-10-05,67826.80723542502,67826.80723542502,67826.80723542502,,45018.51642884148,True
2010-10-06,66542.38723542503,66542.38723542503,66542.38723542503,,45014.92598557562,True
2010-10-07,66739.93723542502,66739.93723542502,66739.93723542502,,44960.55641612106,True
2010-10-08,67106.15723542502,67106.15723542502,67106.15723542502,,45212.40036519831,True
2010-10-11,67114.02723542502,67114.02723542502,67114.02723542502,36631.77320478311,45255.48568438871,False
2010-10-12,67631.99723542503,67631.99723542503,67631.99723542503,37004.946728345116,45395.000051290976,False
2010-10-13,68499.47723542502,68499.47723542502,68499.47723542502,37418.86156834512,45747.88933227905,False
2010-10-14,68174.82223542502,68174.82223542502,68174.82223542502,37367.54506834512,45569.39300991881,False
2010-10-15,68520.10723542502,68520.10723542502,68520.10723542502,37433.19970834512,45662.74453483135,False
2010-10-18,68654.14723542503,68654.14723542503,68654.14723542503,37423.52256834512,45887.40369918132,False
2010-10-19,67492.89723542501,67492.89723542501,67492.89723542501,36607.28466834512,45286.26091238185,False
2010-10-20,68231.73723542504,68231.73723542504,68231.73723542504,37019.03229616412,45728.39835455007,False
2010-10-21,68911.86723542503,68911.86723542503,68911.86723542503,37279.003806164124,45829.443686460894,False
2010-10-22,69422.67923542502,69422.67923542502,69422.67923542502,38022.29380616413,45914.5884839086,False
2010-10-25,69863.38023542502,69863.38023542502,69863.38023542502,38207.07454616411,46050.512407545015,False
2010-10-26,70423.15023542503,70423.15023542503,70423.15023542503,38466.30370610412,46058.20621454331,False
2010-10-27,70376.07023542501,70376.07023542501,70376.07023542501,38480.78920176412,45926.38565463932,False
2010-10-28,70097.92023542502,70097.92023542502,70097.92023542502,38463.57380176412,45934.079461637615,False
2010-10-29,70054.050235425,70054.050235425,70054.050235425,38802.106141764125,45968.958053363174,False
2010-11-01,69805.81023542501,69805.81023542501,69805.81023542501,38658.65114176412,45984.8585878263,False
2010-11-02,70601.24023542502,70601.24023542502,70601.24023542502,38826.20464176412,46349.032119078525,False
2010-11-03,70659.49023542502,70659.49023542502,70659.49023542502,38982.660601764124,46535.73516890362,False
2010-11-04,70580.56023542501,70580.56023542501,70580.56023542501,39242.07857789612,47431.80722397073,False
2010-11-05,70763.18023542504,70763.18023542504,70763.18023542504,39217.37462789612,47610.303546330964,False
2010-11-08,70866.37303542504,70866.37303542504,70866.37303542504,38980.32502789613,47521.055385150845,False
2010-11-09,70190.25303542502,70190.25303542502,70190.25303542502,38457.883447896114,47179.45035442692,False
2010-11-10,71014.68303542501,71014.68303542501,71014.68303542501,38748.35249212412,47369.74384751788,False
2010-11-11,70990.22303542504,70990.22303542504,70990.22303542504,38462.878112124126,47191.24752515762,False
2010-11-12,70117.72303542504,70117.72303542504,70117.72303542504,37909.47546915613,46632.67713708201,False
2010-11-15,70528.63303542504,70528.63303542504,70528.63303542504,37751.885059508124,46566.51039689675,False
2010-11-16,69276.16303542504,69276.16303542504,69276.16303542504,37054.480659508125,45841.2408571916,False
2010-11-17,69974.90303542503,69974.90303542503,69974.90303542503,37014.29685270736,45864.32227818646,False
2010-11-18,70680.93303542501,70680.93303542501,70680.93303542501,37690.517879538354,46539.325612169465,False
2010-11-19,71492.81303542502,71492.81303542502,71492.81303542502,37858.23982995836,46667.55572880758,False
2010-11-22,72731.02303542504,72731.02303542504,72731.02303542504,38186.58692995836,46628.57377334959,False
2010-11-23,71911.92178542503,71911.92178542503,71911.92178542503,37471.55227995836,45953.57043936656,False
2010-11-24,73052.72178542503,73052.72178542503,73052.72178542503,38114.92288746236,46632.67713708199,False
2010-11-26,73030.77178542502,73030.77178542502,73030.77178542502,37915.17990040236,46089.49436300295,False
2010-11-29,72926.29178542503,72926.29178542503,72926.29178542503,37954.743930402365,46229.00872990523,False
2010-11-30,73402.80178542502,73402.80178542502,73402.80178542502,37521.34865040237,45968.95805336312,False
2010-12-01,74236.26178542501,74236.26178542501,74236.26178542501,38144.36259173637,46946.584462612074,False
2010-12-02,74289.82178542503,74289.82178542503,74289.82178542503,38511.012213976355,47548.240169878096,False
2010-12-03,74732.82178542503,74732.82178542503,74732.82178542503,38641.12197773636,47675.95736604966,False
2010-12-06,75322.94178542504,75322.94178542504,75322.94178542504,38749.619687736355,47625.69116032752,False
2010-12-07,74941.44178542505,74941.44178542505,74941.44178542505,38460.52062773636,47652.875945054795,False
2010-12-08,74592.39178542502,74592.39178542502,74592.39178542502,38185.46384773635,47827.26890368262,False
2010-12-09,75219.49178542504,75219.49178542504,75219.49178542504,38254.796267736354,48013.45903304116,False
2010-12-10,75974.97178542503,75974.97178542503,75974.97178542503,38558.32221546836,48293.000687312226,False
2010-12-13,75422.62378542505,75422.62378542505,75422.62378542505,38482.37815046837,48323.77591530536,False
2010-12-14,74540.01178542503,74540.01178542503,74540.01178542503,37994.14639935036,48366.86123449577,False
2010-12-15,74022.53178542503,74022.53178542503,74022.53178542503,37674.88573935036,48145.279592945124,False
2010-12-16,74510.26193542502,74510.26193542502,74510.26193542502,37750.73273935036,48424.82124721622,False
2010-12-17,74320.22651542502,74320.22651542502,74320.22651542502,37756.18303935036,48476.626214338015,False
2010-12-20,73979.22651542503,73979.22651542503,73979.22651542503,37908.068719350355,48593.57208071198,False
2010-12-21,74598.41651542502,74598.41651542502,74598.41651542502,38318.25526139185,48901.32436064344,False
2010-12-22,74814.47151542502,74814.47151542502,74814.47151542502,38230.35996342186,49053.66173920953,False
2010-12-23,74920.97651542503,74920.97651542503,74920.97651542503,38291.96296342186,48983.39163529184,False
2010-12-27,74702.30651542504,74702.30651542504,74702.30651542504,38144.727963421865,49002.88261302083,False
2010-12-28,74674.69651542502,74674.69651542502,74674.69651542502,37937.69364342186,49073.15271693851,False
2010-12-29,74912.26651542503,74912.26651542503,74912.26651542503,38084.700880421864,49108.03130866407,False
2010-12-30,74963.77651542504,74963.77651542504,74963.77651542504,38231.31417245386,49030.06739774809,False
2010-12-31,74594.85651542502,74594.85651542502,74594.85651542502,38184.37426245386,49041.86456847879,False
