Buffer basis points,Transaction date,Buy or sell,Ticker,Ticker name,Amount of shares
0,2006-07-06,BUY,MED,,205.0
0,2006-07-06,BUY,ACLI,,66.0
0,2006-07-06,BUY,FALB,,75.0
0,2006-07-06,BUY,TTI,,131.0
0,2006-07-06,BUY,CHAP1,,56.0
0,2006-07-06,BUY,LFCHY,,64.0
0,2006-07-06,BUY,ADM,,94.0
0,2006-07-06,BUY,LVS,,53.0
0,2006-07-06,BUY,MNST,,19.0
0,2006-07-06,BUY,BFH,,67.0
0,2006-07-06,BUY,AVL1,,84.0
0,2006-07-06,BUY,LECO,,65.0
0,2006-07-06,BUY,DAKT,,137.0
0,2006-07-06,BUY,MTW,,89.0
0,2006-07-06,BUY,VOLT2,,83.0
0,2006-07-06,BUY,EXPD,,74.0
0,2006-07-06,BUY,KEX,,101.0
0,2006-07-06,BUY,OII,,86.0
0,2006-07-06,BUY,FTI1,,57.0
0,2006-07-06,BUY,WEBX1,,111.0
0,2006-07-06,BUY,JLL,,46.0
0,2006-07-06,BUY,AGP,,130.0
0,2006-07-06,BUY,ATI,,58.0
0,2006-07-06,BUY,TEX,,40.0
0,2006-07-06,BUY,WCC,,60.0
0,2006-08-08,SELL,MNST,,76.0
0,2006-08-10,SELL,EXPD,,74.0
0,2006-08-16,SELL,MED,,205.0
0,2006-08-28,SELL,DAKT,,137.0
0,2006-09-08,BUY,CMCSK,,101.0
0,2006-09-12,BUY,HCR1,,65.0
0,2006-09-15,SELL,VOLT2,,83.0
0,2006-09-18,SELL,OII,,86.0
0,2006-09-18,BUY,CXW,,80.0
0,2006-10-04,BUY,CMCSA,,94.0
0,2006-10-17,BUY,EPC,,49.0
0,2006-10-18,BUY,UST1,,44.0
0,2006-11-02,BUY,CNP,,2.0
0,2006-12-18,BUY,MA,,41.0
0,2006-12-26,SELL,TTI,,131.0
0,2006-12-26,SELL,ADM,,94.0
0,2006-12-26,SELL,KEX,,101.0
0,2006-12-26,SELL,FTI1,,57.0
0,2006-12-26,SELL,WEBX1,,111.0
0,2006-12-26,SELL,WCC,,60.0
0,2007-01-30,BUY,TSG1,,129.0
0,2007-01-31,BUY,CF,,136.0
0,2007-02-01,BUY,MTCH,,109.0
0,2007-02-02,BUY,HAS,,146.0
0,2007-02-05,BUY,TRA,,287.0
0,2007-02-06,BUY,UIS,,11.0
0,2007-02-28,SELL,LFCHY,,170.6688
0,2007-03-30,BUY,MIR2,,102.0
0,2007-05-04,SELL,AGP,,130.0
0,2007-05-15,BUY,GEN1,,179.0
0,2007-05-22,SELL,LVS,,53.0
0,2007-06-06,BUY,TRW,,119.0
0,2007-06-13,SELL,ACLI,,132.0
0,2007-06-22,BUY,NRG,,111.0
0,2007-07-16,BUY,GLBL1,,135.0
0,2007-07-25,SELL,MTCH,,109.0
0,2007-07-30,SELL,UIS,,11.0
0,2007-08-10,SELL,TRA,,287.0
0,2007-08-24,BUY,TBSIQ,,117.0
0,2007-08-29,BUY,DRYS,,71.0
0,2007-09-12,BUY,CROX,,1.0
0,2007-10-30,SELL,CMCSA,,141.0
0,2007-10-30,BUY,EDO,,89.0
0,2007-11-02,SELL,CMCSK,,151.5
0,2007-11-02,SELL,CROX,,1.0
0,2007-11-08,SELL,JLL,,46.0
0,2007-11-08,SELL,TRW,,119.0
0,2007-11-12,SELL,TEX,,80.0
0,2007-11-13,SELL,TBSIQ,,117.0
0,2007-11-13,SELL,DRYS,,71.0
0,2007-11-30,BUY,MTL,,57.0
0,2007-12-05,BUY,TELFY,,46.0
0,2007-12-06,BUY,SIGM,,68.0
0,2007-12-11,BUY,IHS2,,71.0
0,2007-12-12,SELL,NRG,,111.0
0,2007-12-12,BUY,BIDU,,12.0
0,2007-12-13,BUY,BMRN,,172.0
0,2007-12-14,BUY,KUST,,821.0
0,2007-12-17,BUY,GLDN1,,47.0
0,2008-01-04,SELL,GLBL1,,135.0
0,2008-01-07,SELL,ATI,,58.0
0,2008-01-08,SELL,SIGM,,68.0
0,2008-01-10,SELL,HAS,,146.0
0,2008-01-15,BUY,CVD,,50.0
0,2008-01-18,SELL,GEN1,,179.0
0,2008-01-18,SELL,BFH,,67.0
0,2008-01-18,SELL,LECO,,65.0
0,2008-01-18,SELL,MTW,,178.0
0,2008-01-18,SELL,BIDU,,12.0
0,2008-02-06,BUY,PRGO,,131.0
0,2008-02-07,SELL,CXW,,160.0
0,2008-02-07,BUY,MEE,,115.0
0,2008-02-08,BUY,MOS,,47.0
0,2008-02-11,BUY,INCY,,376.0
0,2008-02-12,BUY,AUXL,,136.0
0,2008-02-13,BUY,GOLD1,,98.0
0,2008-02-21,BUY,FRFHF,,15.0
0,2008-02-22,BUY,CMO,,258.0
0,2008-02-25,BUY,PHRM,,67.0
0,2008-02-26,BUY,KGC,,123.0
0,2008-03-07,SELL,CMO,,258.0
0,2008-03-10,SELL,CELG,,56.0
0,2008-03-11,SELL,INCY,,376.0
0,2008-03-14,SELL,CNP,,2.0
0,2008-03-14,BUY,CMP,,75.0
0,2008-03-17,BUY,SID,,115.0
0,2008-03-24,SELL,AUXL,,136.0
0,2008-04-09,BUY,WLTGQ,,68.0
0,2008-04-10,BUY,XEC,,81.0
0,2008-04-11,BUY,EOG,,5.0
0,2008-04-15,BUY,SWN,,1.0
0,2008-04-16,BUY,THC,,2.0
0,2008-04-24,BUY,BPZRQ,,2.0
0,2008-04-30,SELL,KGC,,123.0
0,2008-04-30,SELL,EPC,,49.0
0,2008-05-29,SELL,TELFY,,46.0
0,2008-06-02,BUY,MMR,,163.0
0,2008-06-03,BUY,JRCCQ,,118.0
0,2008-06-04,SELL,IHS2,,71.0
0,2008-06-13,SELL,GOLD1,,98.0
0,2008-06-30,BUY,UNTCQ,,65.0
0,2008-07-07,SELL,MMR,,163.0
0,2008-07-07,SELL,BMRN,,172.0
0,2008-07-07,BUY,PCXCQ,,37.0
0,2008-07-08,SELL,CVD,,50.0
0,2008-07-09,SELL,JRCCQ,,118.0
0,2008-07-16,BUY,ANRZQ,,52.0
0,2008-07-21,SELL,MIR2,,102.0
0,2008-07-21,SELL,MTL,,171.0
0,2008-07-24,SELL,MEE,,115.0
0,2008-07-24,SELL,BPZRQ,,2.0
0,2008-07-24,SELL,SWN,,1.0
0,2008-07-30,SELL,EOG,,5.0
0,2008-08-05,SELL,XEC,,81.0
0,2008-08-05,SELL,MOS,,47.0
0,2008-08-05,SELL,KUST,,821.0
0,2008-08-06,BUY,SPSX,,98.0
0,2008-08-07,BUY,DRS1,,56.0
0,2008-08-08,SELL,SID,,115.0
0,2008-08-08,BUY,IPHS,,119.0
0,2008-08-12,SELL,FRFHF,,15.0
0,2008-08-22,BUY,FSYS,,80.0
0,2008-08-25,BUY,BUD1,,66.0
0,2008-08-26,BUY,MYGN,,68.0
0,2008-08-27,BUY,SQNM,,198.0
0,2008-08-28,BUY,IKN,,266.0
0,2008-08-29,BUY,WAB,,76.0
0,2008-09-02,BUY,SYNA,,129.0
0,2008-09-04,SELL,CMP,,75.0
0,2008-09-04,SELL,PCXCQ,,37.0
0,2008-09-05,SELL,MA,,41.0
0,2008-09-05,SELL,WLTGQ,,68.0
0,2008-09-05,BUY,THOR1,,157.0
0,2008-09-08,BUY,OCR,,136.0
0,2008-09-09,SELL,UNTCQ,,65.0
0,2008-09-09,BUY,UTHR,,37.0
0,2008-09-10,SELL,CF,,136.0
0,2008-09-10,SELL,ANRZQ,,52.0
0,2008-09-10,BUY,GCO,,111.0
0,2008-09-12,BUY,VAR,,62.0
0,2008-09-18,SELL,IPHS,,119.0
0,2008-09-23,BUY,GAS1,,81.0
0,2008-09-30,SELL,FSYS,,80.0
0,2008-10-06,SELL,THC,,2.0
0,2008-10-06,BUY,LDG,,51.0
0,2008-10-07,BUY,VRX1,,197.0
0,2008-10-08,SELL,GCO,,111.0
0,2008-10-08,SELL,SYNA,,129.0
0,2008-10-08,BUY,UB,,48.0
0,2008-10-09,SELL,SQNM,,198.0
0,2008-10-09,BUY,IMCL,,53.0
0,2008-10-10,SELL,WAB,,76.0
0,2008-10-13,SELL,VAR,,62.0
0,2008-10-13,BUY,PB,,102.0
0,2008-10-14,BUY,BWLD,,93.0
0,2008-10-15,BUY,FDRY,,208.0
0,2008-10-20,BUY,ATML,,910.0
0,2008-10-24,SELL,OCR,,136.0
0,2008-10-27,SELL,PRGO,,131.0
0,2008-10-29,SELL,THOR1,,157.0
0,2008-10-29,SELL,UTHR,,37.0
0,2008-10-29,SELL,BWLD,,93.0
0,2008-11-18,BUY,BRL,,52.0
0,2008-11-26,SELL,ATML,,910.0
0,2008-12-10,BUY,APOL,,46.0
0,2008-12-11,BUY,THOR1,,115.0
0,2008-12-12,BUY,DAL,,336.0
0,2008-12-15,BUY,AMGN,,58.0
0,2008-12-16,BUY,ALO1,,97.0
0,2008-12-17,BUY,LCC,,480.0
0,2008-12-18,BUY,CBST,,141.0
0,2008-12-19,BUY,CRI,,175.0
0,2008-12-24,SELL,GAS1,,81.0
0,2009-01-13,SELL,PB,,102.0
0,2009-01-21,BUY,ALK,,121.0
0,2009-01-22,BUY,JBLU,,538.0
0,2009-01-23,BUY,IDCC,,110.0
0,2009-01-26,BUY,SMG,,102.0
0,2009-01-27,BUY,MNST,,100.0
0,2009-01-28,SELL,DAL,,336.0
0,2009-01-28,BUY,RGLD,,71.0
0,2009-01-29,BUY,FRFHF,,10.0
0,2009-01-30,SELL,LCC,,480.0
0,2009-01-30,BUY,ORLY,,111.0
0,2009-02-02,BUY,DLTR,,78.0
0,2009-02-03,BUY,AVAV,,90.0
0,2009-02-04,BUY,ATHN1,,90.0
0,2009-02-05,BUY,GMCR,,82.0
0,2009-02-09,BUY,FNF,,178.0
0,2009-02-13,BUY,ESINQ,,27.0
0,2009-02-17,BUY,WTRG,,161.0
0,2009-02-19,SELL,CBST,,141.0
0,2009-02-20,SELL,JBLU,,538.0
0,2009-02-20,BUY,MBOT,,1487.0
0,2009-03-02,SELL,ATHN1,,90.0
0,2009-03-02,BUY,COCOQ,,150.0
0,2009-03-03,SELL,ALK,,121.0
0,2009-03-03,SELL,THOR1,,115.0
0,2009-03-04,SELL,VRX1,,197.0
0,2009-03-04,SELL,IDCC,,110.0
0,2009-03-04,BUY,PRDO,,122.0
0,2009-03-05,SELL,FRFHF,,10.0
0,2009-03-11,SELL,AVAV,,90.0
0,2009-03-23,BUY,CVTX,,149.0
0,2009-03-24,BUY,AU,,80.0
0,2009-04-01,BUY,SNDA1,,78.0
0,2009-04-02,BUY,AZO,,18.0
0,2009-04-03,BUY,BKNG,,35.0
0,2009-04-06,BUY,IAG,,383.0
0,2009-04-07,BUY,ADM,,105.0
0,2009-04-08,BUY,NFLX,,17.0
0,2009-04-13,SELL,APOL,,46.0
0,2009-04-13,BUY,VTRS,,2.0
0,2009-05-08,SELL,FNF,,178.0
0,2009-05-08,SELL,MYGN,,136.0
0,2009-05-13,BUY,TIVO,,148.0
0,2009-06-03,BUY,IQNT,,103.0
0,2009-06-09,SELL,AMGN,,58.0
0,2009-06-10,BUY,PALM,,256.0
0,2009-06-11,BUY,STRZA,,217.0
0,2009-06-18,SELL,MNST,,100.0
0,2009-07-10,BUY,STEC1,,128.0
0,2009-07-21,SELL,RGLD,,71.0
0,2009-07-21,BUY,BIDU,,9.0
0,2009-08-06,SELL,ESINQ,,27.0
0,2009-08-07,SELL,WTRG,,161.0
0,2009-08-12,SELL,MBOT,,1487.0
0,2009-08-20,SELL,COCOQ,,150.0
0,2009-08-20,BUY,ASH,,101.0
0,2009-09-08,BUY,DTGF,,165.0
0,2009-09-09,BUY,PWRD1,,96.0
0,2009-09-14,BUY,FUQI,,101.0
0,2009-09-18,SELL,IQNT,,103.0
0,2009-09-22,SELL,STEC1,,128.0
0,2009-09-22,BUY,CAR,,169.0
0,2009-09-23,SELL,AZO,,18.0
0,2009-10-20,BUY,JNY,,192.0
0,2009-10-22,BUY,VECO,,108.0
0,2009-10-23,BUY,SAN,,1.0
0,2009-10-28,SELL,CAR,,169.0
0,2009-10-28,SELL,FUQI,,101.0
0,2009-10-29,SELL,SNDA1,,78.0
0,2009-11-02,SELL,DTGF,,165.0
0,2009-11-02,SELL,PALM,,256.0
0,2009-11-30,BUY,MATV,,58.0
0,2009-12-01,BUY,TUPBQ,,76.0
0,2009-12-02,BUY,MCK,,57.0
0,2009-12-03,BUY,PRGO,,57.0
0,2009-12-04,BUY,NUS,,1.0
0,2010-01-26,SELL,IAG,,383.0
0,2010-02-12,SELL,MATV,,58.0
0,2010-02-26,BUY,EL,,63.0
0,2010-03-03,SELL,PWRD1,,96.0
0,2010-03-17,BUY,LNCR,,95.0
0,2010-04-05,BUY,EW,,31.0
0,2010-04-19,SELL,SAN,,1.0
0,2010-05-19,BUY,IPXL,,4.0
0,2010-05-20,SELL,BKNG,,35.0
0,2010-05-25,SELL,TUPBQ,,76.0
0,2010-05-26,SELL,VECO,,108.0
0,2010-06-08,SELL,GMCR,,369.0
0,2010-06-22,BUY,APKT,,142.0
0,2010-06-25,BUY,TSN,,227.0
0,2010-06-28,SELL,PRDO,,122.0
0,2010-06-28,BUY,VCI,,117.0
0,2010-06-30,SELL,JNY,,192.0
0,2010-07-07,SELL,ASH,,101.0
0,2010-07-09,BUY,IDC,,118.0
0,2010-07-29,BUY,CRUS,,211.0
0,2010-08-11,SELL,CRI,,175.0
0,2010-08-13,BUY,AZO,,19.0
0,2010-08-16,BUY,VMW,,52.0
0,2010-08-18,SELL,EL,,63.0
0,2010-08-27,SELL,LNCR,,142.5
0,2010-09-13,BUY,VRX1,,64.0
0,2010-09-14,BUY,PWER1,,365.0
0,2010-09-20,BUY,ISLN,,165.0
0,2010-10-12,BUY,BHC,,160.0
0,2010-10-22,SELL,CRUS,,211.0
0,2010-11-08,SELL,IPXL,,4.0
0,2010-11-10,BUY,ENDPQ,,123.0
0,2010-11-23,BUY,LYB,,155.0
0,2010-12-09,BUY,SQM,,3.0
0,2010-12-15,SELL,TSN,,227.0
0,2010-12-16,SELL,VCI,,117.0
0,2011-01-18,BUY,ALXN,,61.0
0,2011-01-19,BUY,ATML,,366.0
0,2011-02-04,BUY,FOSL,,43.0
0,2011-03-01,SELL,PWER1,,365.0
0,2011-03-18,SELL,ATML,,366.0
0,2011-03-31,BUY,SM,,74.0
0,2011-04-19,BUY,JAZZ,,53.0
0,2011-05-03,SELL,TIVO,,148.0
0,2011-06-03,BUY,DTGF,,68.0
0,2011-07-28,SELL,APKT,,142.0
0,2011-08-08,SELL,BHC,,160.0
0,2011-08-09,SELL,FOSL,,43.0
0,2011-08-09,SELL,EW,,62.0
0,2011-08-09,SELL,LYB,,155.0
0,2011-08-09,SELL,ADM,,105.0
0,2011-08-09,SELL,SMG,,102.0
0,2011-08-11,SELL,VTRS,,2.0
0,2011-08-22,SELL,ENDPQ,,123.0
0,2011-08-22,SELL,NFLX,,17.0
0,2011-08-23,SELL,STRZA,,217.0
0,2011-08-29,BUY,DPZ,,185.0
0,2011-09-08,BUY,QCOR,,167.0
0,2011-09-09,BUY,RGLD,,62.0
0,2011-09-12,BUY,GOLD1,,45.0
0,2011-09-13,BUY,VRUS1,,65.0
0,2011-09-14,BUY,MNST,,57.0
0,2011-09-15,BUY,PSMT,,71.0
0,2011-09-16,BUY,MCD,,58.0
0,2011-09-22,BUY,DMND,,55.0
0,2011-09-23,BUY,CEPH,,61.0
0,2011-09-26,BUY,CROX,,179.0
0,2011-09-29,SELL,DTGF,,68.0
0,2011-09-30,SELL,BIDU,,90.0
0,2011-10-04,SELL,SQM,,3.0
0,2011-10-04,SELL,SM,,74.0
0,2011-10-19,SELL,CROX,,179.0
0,2011-10-26,SELL,DMND,,55.0
0,2011-10-31,BUY,SUG,,118.0
0,2011-11-01,BUY,GR,,40.0
0,2011-11-03,BUY,BMRN,,154.0
0,2011-11-04,BUY,VFC,,35.0
0,2011-11-18,BUY,NLC,,130.0
0,2011-11-28,BUY,GNCIQ,,160.0
0,2011-11-29,BUY,SFD1,,1.0
0,2012-02-01,BUY,DG,,124.0
0,2012-03-02,SELL,RGLD,,62.0
0,2012-03-02,BUY,PAA,,66.0
0,2012-03-08,SELL,PSMT,,71.0
0,2012-04-05,SELL,GOLD1,,45.0
0,2012-04-05,SELL,AU,,80.0
0,2012-04-11,BUY,PIRRQ,,313.0
0,2012-04-12,BUY,VAL1,,114.0
0,2012-05-08,BUY,HD,,112.0
0,2012-05-09,SELL,NUS,,1.0
0,2012-05-09,BUY,EC,,89.0
0,2012-05-10,BUY,REGN,,12.0
0,2012-05-22,SELL,SFD1,,1.0
0,2012-06-04,SELL,DPZ,,185.0
0,2012-06-11,BUY,SHW,,42.0
0,2012-06-22,BUY,RHP,,1.0
0,2012-07-05,BUY,PSS,,1.0
0,2012-07-26,SELL,QCOR,,167.0
0,2012-08-13,SELL,MNST,,114.0
0,2012-08-27,BUY,ELLI,,222.0
0,2012-09-10,BUY,PCYC,,88.0
0,2012-09-13,BUY,NSM,,207.0
0,2012-10-19,SELL,DLTR,,234.0
0,2012-11-08,SELL,PCYC,,88.0
0,2012-11-14,SELL,NSM,,207.0
0,2012-11-23,BUY,VMED,,168.0
0,2012-11-26,BUY,MPC,,97.0
0,2012-12-11,BUY,WHR,,56.0
0,2012-12-14,SELL,RHP,,1.0
0,2012-12-17,BUY,BAX,,44.0
0,2013-01-17,BUY,BRFS,,1.0
0,2013-01-30,SELL,VMW,,52.0
0,2013-02-01,SELL,ELLI,,222.0
0,2013-03-04,BUY,CVI,,106.0
0,2013-03-06,BUY,EV1,,67.0
0,2013-05-14,SELL,EC,,89.0
0,2013-06-24,SELL,CVI,,106.0
0,2013-06-24,BUY,LGF.B,,226.0
0,2013-07-11,SELL,BRFS,,1.0
0,2013-07-24,BUY,NXST,,191.0
0,2013-07-25,BUY,CBOE,,124.0
0,2013-08-12,BUY,SAVEQ,,3.0
0,2013-09-24,SELL,MPC,,97.0
0,2013-10-24,BUY,QIHU,,73.0
0,2014-03-12,SELL,NXST,,191.0
0,2014-03-27,SELL,LGF.B,,226.0
0,2014-04-08,SELL,QIHU,,73.0
0,2014-04-08,SELL,PIRRQ,,313.0
0,2014-04-11,BUY,GLOG,,300.0
0,2014-04-14,SELL,BMRN,,154.0
0,2014-04-29,BUY,HP,,71.0
0,2014-05-08,SELL,GNCIQ,,160.0
0,2014-05-09,BUY,TRGP,,69.0
0,2014-05-12,BUY,CAR,,146.0
0,2014-05-15,BUY,CNQ,,187.0
0,2014-06-10,BUY,EXC,,105.0
0,2014-10-01,SELL,GLOG,,300.0
0,2014-10-14,SELL,CAR,,146.0
0,2014-10-14,SELL,HP,,71.0
0,2014-10-15,SELL,CNQ,,187.0
0,2014-10-31,BUY,MDVN,,81.0
0,2014-11-13,BUY,CNQR,,65.0
0,2014-11-14,BUY,PANW,,77.0
0,2014-11-17,BUY,CENX,,23.0
0,2014-11-28,SELL,EXC,,105.0
0,2014-12-02,SELL,TRGP,,69.0
0,2014-12-31,BUY,LOW,,126.0
0,2015-01-05,BUY,CBRL,,62.0
0,2015-01-15,SELL,CENX,,23.0
0,2015-01-22,BUY,TPST,,56.0
0,2015-02-18,BUY,KR,,1.0
0,2015-04-01,SELL,TPST,,56.0
0,2015-05-04,BUY,COR,,22.0
0,2015-07-02,SELL,PAA,,132.0
0,2015-07-02,SELL,BAX,,44.0
0,2015-07-15,SELL,SAVEQ,,3.0
0,2015-08-04,BUY,ADPTQ,,82.0
0,2015-08-05,BUY,HZNP,,1.0
0,2015-08-14,BUY,ALJ,,1.0
0,2015-08-21,SELL,MDVN,,81.0
0,2015-09-23,BUY,SKX,,54.0
0,2015-09-25,SELL,HZNP,,1.0
0,2015-09-28,SELL,JAZZ,,53.0
0,2015-09-29,SELL,WHR,,56.0
0,2015-10-01,SELL,ADPTQ,,82.0
0,2015-10-22,SELL,COR,,22.0
0,2015-10-26,SELL,SKX,,162.0
0,2015-10-27,BUY,AIZ,,106.0
0,2015-10-28,BUY,UHAL,,21.0
0,2015-10-29,BUY,ACGL,,113.0
0,2015-11-02,BUY,TYL,,20.0
0,2015-11-23,BUY,VRE,,3.0
0,2015-11-25,BUY,FNFG,,1.0
0,2015-12-15,SELL,ALJ,,1.0
0,2016-01-05,SELL,PRGO,,57.0
0,2016-01-07,SELL,EV1,,67.0
0,2016-01-12,SELL,MCK,,57.0
0,2016-01-19,BUY,SWI1,,136.0
0,2016-01-20,SELL,VFC,,140.0
0,2016-02-02,SELL,ALXN,,122.0
0,2016-02-03,SELL,REGN,,12.0
0,2016-02-05,BUY,TAL,,169.0
0,2016-02-08,SELL,PANW,,77.0
0,2016-02-19,SELL,TYL,,20.0
0,2016-02-22,BUY,HPY,,87.0
0,2016-02-23,BUY,EDU,,254.0
0,2016-02-24,BUY,HRL,,185.0
0,2016-03-04,BUY,HMIN,,236.0
0,2016-03-07,BUY,AWK,,121.0
0,2016-03-10,BUY,ATO,,116.0
0,2016-03-22,BUY,QIHU,,68.0
0,2016-03-23,BUY,HMY,,7.0
0,2016-04-21,SELL,UHAL,,21.0
0,2016-04-22,SELL,ACGL,,113.0
0,2016-05-17,BUY,AG,,784.0
0,2016-05-19,SELL,FNFG,,1.0
0,2016-05-23,BUY,B,,476.0
0,2016-05-24,BUY,BKH,,148.0
0,2016-06-08,BUY,CDE,,812.0
0,2016-06-21,BUY,PAAS,,2.0
0,2016-08-15,SELL,HRL,,185.0
0,2016-08-30,BUY,NUVA,,140.0
0,2016-08-31,SELL,AG,,784.0
0,2016-09-15,BUY,EXEL,,682.0
0,2016-09-19,SELL,HMY,,7.0
0,2016-09-29,SELL,KR,,2.0
0,2016-10-03,BUY,WB,,89.0
0,2016-10-05,SELL,CDE,,812.0
0,2016-10-05,SELL,B,,476.0
0,2016-10-06,SELL,DG,,124.0
0,2016-10-19,BUY,NTES,,33.0
0,2016-10-31,BUY,NVDA,,122.0
0,2016-11-01,SELL,EXEL,,682.0
0,2016-11-04,BUY,GEN,,332.0
0,2016-11-07,BUY,BRSL,,237.0
0,2016-11-08,BUY,TTMI,,1.0
0,2016-11-11,SELL,BKH,,148.0
0,2016-11-14,SELL,PAAS,,2.0
0,2016-12-02,BUY,DPZ,,52.0
0,2016-12-14,BUY,FNSR,,7.0
0,2016-12-15,BUY,FRANQ,,1.0
0,2017-03-27,SELL,WB,,89.0
0,2017-04-06,SELL,FNSR,,7.0
0,2017-04-06,SELL,FRANQ,,1.0
0,2017-04-27,BUY,MASI,,52.0
0,2017-05-02,SELL,BRSL,,237.0
0,2017-05-09,BUY,WNC,,245.0
0,2017-05-10,BUY,PLUG,,2.0
0,2017-06-15,BUY,RACE,,118.0
0,2017-06-29,SELL,AZO,,19.0
0,2017-07-06,SELL,ORLY,,111.0
0,2017-07-17,BUY,ISRG,,11.0
0,2017-08-01,BUY,FIZZ,,103.0
0,2017-08-07,SELL,TTMI,,1.0
0,2017-08-07,BUY,WGHTQ,,256.0
0,2017-09-07,BUY,SAFM,,19.0
0,2017-09-20,SELL,NUVA,,140.0
0,2017-10-17,SELL,MASI,,52.0
0,2017-10-20,BUY,PYPL,,171.0
0,2017-11-16,BUY,IBKR,,1.0
0,2018-01-16,SELL,VRE,,3.0
0,2018-01-26,SELL,PLUG,,2.0
0,2018-02-15,BUY,EC,,43.0
0,2018-02-23,SELL,SAFM,,19.0
0,2018-02-28,BUY,NKTR,,27.0
0,2018-03-20,SELL,FIZZ,,103.0
0,2018-03-27,BUY,GMED,,184.0
0,2018-04-20,BUY,FCFS,,1.0
0,2018-04-25,SELL,NTES,,33.0
0,2018-05-14,SELL,GEN,,332.0
0,2018-05-25,BUY,HLF,,240.0
0,2018-06-05,SELL,NKTR,,27.0
0,2018-06-14,BUY,ABMD,,12.0
0,2018-07-06,BUY,WWE,,4.0
0,2018-07-31,SELL,TAL,,1014.0
0,2018-08-03,SELL,CBOE,,124.0
0,2018-08-13,SELL,WNC,,245.0
0,2018-08-16,SELL,WGHTQ,,256.0
0,2018-08-30,BUY,TNDM,,316.0
0,2018-09-05,BUY,AMED,,104.0
0,2018-09-06,SELL,EDU,,254.0
0,2018-09-13,BUY,FNKO,,528.0
0,2018-09-18,BUY,EPAY,,190.0
0,2018-09-28,SELL,IBKR,,1.0
0,2018-10-03,SELL,TNDM,,316.0
0,2018-10-08,BUY,WCG,,39.0
0,2018-10-10,SELL,FCFS,,1.0
0,2018-10-25,SELL,NVDA,,122.0
0,2018-10-30,SELL,WWE,,4.0
0,2018-10-30,BUY,REGI,,387.0
0,2018-11-02,BUY,RGEN,,184.0
0,2018-11-09,BUY,TJX,,215.0
0,2018-11-12,SELL,FNKO,,528.0
0,2018-11-15,SELL,ABMD,,12.0
0,2018-11-21,SELL,EC,,43.0
0,2018-11-21,SELL,EPAY,,190.0
0,2018-11-27,BUY,MKC,,78.0
0,2018-11-30,BUY,CABO,,13.0
0,2018-12-14,SELL,RACE,,118.0
0,2018-12-14,BUY,MZTI,,60.0
0,2018-12-19,BUY,HELE,,80.0
0,2018-12-26,SELL,WCG,,39.0
0,2018-12-26,BUY,IDTI,,211.0
0,2018-12-27,BUY,ESL,,87.0
0,2019-01-03,SELL,GMED,,184.0
0,2019-01-17,BUY,TRCO,,206.0
0,2019-01-29,BUY,AU,,12.0
0,2019-02-05,BUY,NBEVQ,,1.0
0,2019-02-28,SELL,AMED,,104.0
0,2019-03-11,SELL,NBEVQ,,1.0
0,2019-04-01,BUY,ERIE,,64.0
0,2019-04-03,SELL,REGI,,387.0
0,2019-04-15,BUY,IONS,,138.0
0,2019-04-29,BUY,SEE,,255.0
0,2019-05-06,BUY,ENPH,,549.0
0,2019-05-07,SELL,TJX,,215.0
0,2019-05-15,BUY,ZNGA,,1931.0
0,2019-05-28,SELL,HLF,,240.0
0,2019-06-07,BUY,AVLR,,149.0
0,2019-06-10,SELL,MZTI,,60.0
0,2019-06-13,SELL,HELE,,80.0
0,2019-06-27,BUY,SHOP,,41.0
0,2019-07-11,BUY,AWI,,82.0
0,2019-07-16,BUY,MDCO,,1.0
0,2019-09-10,SELL,ENPH,,549.0
0,2019-09-30,SELL,ERIE,,64.0
0,2019-10-02,SELL,IONS,,138.0
0,2019-10-10,BUY,HSY,,79.0
0,2019-10-17,SELL,SEE,,255.0
0,2019-10-30,BUY,AWR,,134.0
0,2019-11-01,BUY,AQN,,925.0
0,2019-11-04,BUY,ETR,,106.0
0,2019-11-18,BUY,RH,,18.0
0,2019-12-31,SELL,AWI,,82.0
0,2020-02-03,BUY,SYNA,,128.0
0,2020-02-20,BUY,SEM,,10.0
0,2020-03-06,SELL,RH,,18.0
0,2020-03-10,SELL,CBRL,,62.0
0,2020-03-13,SELL,SEM,,10.0
0,2020-03-13,SELL,SHOP,,41.0
0,2020-03-13,SELL,AIZ,,106.0
0,2020-03-13,SELL,SYNA,,128.0
0,2020-03-13,SELL,AU,,12.0
0,2020-03-17,SELL,SHW,,42.0
0,2020-03-17,SELL,HD,,112.0
0,2020-03-17,SELL,MKC,,78.0
0,2020-03-17,SELL,AQN,,925.0
0,2020-03-17,SELL,AWR,,134.0
0,2020-03-17,SELL,LOW,,126.0
0,2020-03-17,SELL,ISRG,,33.0
0,2020-03-17,SELL,ETR,,106.0
0,2020-03-17,SELL,CABO,,13.0
0,2020-03-17,SELL,MCD,,58.0
0,2020-03-19,SELL,AVLR,,149.0
0,2020-03-23,SELL,PYPL,,171.0
0,2020-03-24,SELL,AWK,,121.0
0,2020-03-24,SELL,ATO,,116.0
0,2020-03-24,SELL,HSY,,79.0
0,2020-04-07,BUY,REGN,,21.0
0,2020-04-09,BUY,BILI,,415.0
0,2020-04-15,BUY,TDOC,,69.0
0,2020-04-16,BUY,FIT,,1631.0
0,2020-04-17,BUY,CCOI,,122.0
0,2020-04-20,BUY,ZM,,74.0
0,2020-04-21,BUY,CODX,,765.0
0,2020-04-22,BUY,AXSM,,166.0
0,2020-04-23,BUY,EVBG,,92.0
0,2020-04-24,BUY,EHTH,,89.0
0,2020-04-27,BUY,SE,,207.0
0,2020-04-28,BUY,DXCM,,34.0
0,2020-04-29,BUY,XLRN,,118.0
0,2020-04-30,BUY,QDEL,,80.0
0,2020-05-01,BUY,VXRT,,4077.0
0,2020-05-04,BUY,AUPH,,696.0
0,2020-05-05,BUY,CCXI1,,204.0
0,2020-05-06,BUY,GOTU,,284.0
0,2020-05-07,BUY,ARVN,,218.0
0,2020-05-08,BUY,LMNX1,,258.0
0,2020-05-11,BUY,NVAX,,65.0
0,2020-05-12,BUY,INSG,,1.0
0,2020-05-22,SELL,GOTU,,284.0
0,2020-06-01,SELL,ARVN,,218.0
0,2020-06-08,SELL,CODX,,765.0
0,2020-06-24,BUY,DKNG,,336.0
0,2020-06-29,SELL,EHTH,,89.0
0,2020-07-01,BUY,FVRR,,185.0
0,2020-07-09,BUY,DOCU,,41.0
0,2020-07-28,SELL,VXRT,,4077.0
0,2020-07-30,BUY,WKHS,,915.0
0,2020-08-13,SELL,NVAX,,65.0
0,2020-08-27,BUY,LVGO,,113.0
0,2020-08-28,SELL,QDEL,,80.0
0,2020-08-28,SELL,LMNX1,,258.0
0,2020-09-08,SELL,AXSM,,166.0
0,2020-09-09,SELL,INSG,,1.0
0,2020-09-15,BUY,APPS,,609.0
0,2020-09-21,SELL,CCOI,,122.0
0,2020-09-30,BUY,AGNT,,390.0
0,2020-10-01,BUY,RUN,,212.0
0,2020-10-08,BUY,SAIL1,,320.0
0,2020-10-09,BUY,NIO,,1.0
0,2020-10-19,SELL,DKNG,,336.0
0,2020-10-21,SELL,WKHS,,915.0
0,2020-10-21,BUY,ALTO,,1402.0
0,2020-10-22,SELL,AUPH,,696.0
0,2020-10-23,SELL,CCXI1,,204.0
0,2020-10-27,SELL,AGNT,,390.0
0,2020-10-28,SELL,ALTO,,1402.0
0,2020-10-28,SELL,RUN,,212.0
0,2020-10-29,SELL,EVBG,,92.0
0,2020-11-02,SELL,APPS,,609.0
0,2020-11-03,SELL,DXCM,,34.0
0,2020-11-11,SELL,ZM,,74.0
0,2020-11-11,SELL,TDOC,,69.0
0,2020-11-18,BUY,FDX,,55.0
0,2020-11-20,BUY,PACB,,1028.0
0,2020-11-23,BUY,DAR,,337.0
0,2020-11-24,BUY,SNAP,,355.0
0,2020-11-27,BUY,AGNT,,307.0
0,2020-11-30,BUY,GNRC,,73.0
0,2020-12-01,BUY,LOB,,394.0
0,2020-12-02,BUY,MRTX,,69.0
0,2020-12-03,BUY,FRHC,,414.0
0,2020-12-04,BUY,LPRO,,610.0
0,2020-12-14,BUY,PWR,,157.0
0,2020-12-15,BUY,KURA,,1.0
0,2020-12-16,BUY,PLUG,,2.0
0,2021-02-19,SELL,PLUG,,2.0
0,2021-02-23,SELL,REGN,,21.0
0,2021-02-25,SELL,PACB,,1028.0
0,2021-02-26,SELL,KURA,,1.0
0,2021-03-02,BUY,SICPQ,,155.0
0,2021-03-03,SELL,NIO,,1.0
0,2021-03-04,SELL,AGNT,,614.0
0,2021-03-05,SELL,FVRR,,185.0
0,2021-03-09,SELL,BILI,,415.0
0,2021-03-23,BUY,CTRN,,231.0
0,2021-03-25,BUY,TPR,,485.0
0,2021-03-29,SELL,MRTX,,69.0
0,2021-03-29,BUY,WAL,,210.0
0,2021-03-30,BUY,ATKR,,289.0
0,2021-04-05,BUY,DEN,,412.0
0,2021-04-06,BUY,SM,,1220.0
0,2021-04-07,BUY,TPL,,13.0
0,2021-04-09,BUY,DBRG,,3029.0
0,2021-04-26,SELL,SICPQ,,155.0
0,2021-04-29,BUY,DAC,,330.0
0,2021-05-11,SELL,SAIL1,,320.0
0,2021-05-13,SELL,DOCU,,41.0
0,2021-05-26,BUY,CHRD,,244.0
0,2021-06-11,BUY,NUE,,2.0
0,2021-06-15,BUY,NAVI,,2.0
0,2021-07-20,SELL,SM,,1220.0
0,2021-08-09,SELL,ZNGA,,1931.0
0,2021-08-13,SELL,CTRN,,231.0
0,2021-08-19,BUY,LSI,,187.0
0,2021-09-08,SELL,TPL,,13.0
0,2021-09-09,BUY,EPAM,,37.0
0,2021-09-15,BUY,WST,,51.0
0,2021-09-29,SELL,DBRG,,3029.0
0,2021-10-01,SELL,FDX,,55.0
0,2021-10-08,BUY,PRFT,,189.0
0,2021-10-25,SELL,SNAP,,355.0
0,2021-10-29,BUY,ASAN,,186.0
0,2021-11-02,BUY,INTU,,11.0
0,2021-11-11,SELL,LPRO,,610.0
0,2021-12-01,SELL,NUE,,2.0
0,2021-12-02,SELL,ASAN,,186.0
0,2021-12-06,SELL,SE,,207.0
0,2021-12-07,BUY,FDS,,49.0
0,2021-12-13,SELL,GNRC,,73.0
0,2021-12-14,BUY,ODFL,,63.0
0,2022-01-03,BUY,COST,,41.0
0,2022-01-04,BUY,BLDR,,278.0
0,2022-01-06,SELL,RGEN,,184.0
0,2022-01-06,BUY,WIRE,,163.0
0,2022-01-07,BUY,ACLS,,311.0
0,2022-01-13,BUY,ON,,331.0
0,2022-01-18,SELL,PRFT,,189.0
0,2022-01-20,SELL,EPAM,,37.0
0,2022-01-21,SELL,LOB,,394.0
0,2022-01-27,SELL,NAVI,,2.0
0,2022-02-08,BUY,CVE,,1336.0
0,2022-02-17,BUY,VET,,1185.0
0,2022-02-22,SELL,INTU,,11.0
0,2022-02-22,BUY,CVX,,152.0
0,2022-02-23,BUY,CNQ,,381.0
0,2022-03-01,BUY,IMO,,1.0
0,2022-03-07,SELL,WAL,,210.0
0,2022-03-08,SELL,WST,,51.0
0,2022-03-08,SELL,TPR,,485.0
0,2022-03-09,SELL,DPZ,,52.0
0,2022-03-24,BUY,ABBV,,138.0
0,2022-04-06,BUY,MCK,,69.0
0,2022-04-07,BUY,ADM,,225.0
0,2022-04-08,BUY,MDRX,,428.0
0,2022-04-11,BUY,RES,,1.0
0,2022-04-12,SELL,ACLS,,311.0
0,2022-04-25,SELL,FRHC,,414.0
0,2022-05-10,SELL,RES,,1.0
0,2022-05-13,BUY,AMR,,128.0
0,2022-05-19,SELL,ODFL,,63.0
0,2022-05-19,SELL,DAC,,330.0
0,2022-05-20,SELL,COST,,41.0
0,2022-05-25,SELL,BLDR,,278.0
0,2022-05-25,BUY,BMY,,260.0
0,2022-05-31,SELL,FDS,,49.0
0,2022-06-10,BUY,APTS,,857.0
0,2022-06-14,SELL,LSI,,187.0
0,2022-06-14,SELL,MDRX,,428.0
0,2022-06-22,BUY,STNG,,507.0
0,2022-06-23,SELL,ATKR,,289.0
0,2022-06-23,SELL,DEN,,412.0
0,2022-06-23,BUY,PBF,,546.0
0,2022-06-24,SELL,VET,,1185.0
0,2022-06-24,BUY,TVTY,,553.0
0,2022-06-30,SELL,WIRE,,163.0
0,2022-07-01,SELL,CHRD,,244.0
0,2022-07-01,SELL,DAR,,337.0
0,2022-07-05,SELL,ON,,331.0
0,2022-07-05,SELL,AMR,,128.0
0,2022-07-07,SELL,CVE,,1336.0
0,2022-07-13,SELL,CNQ,,381.0
0,2022-07-13,BUY,HRB,,481.0
0,2022-07-14,BUY,LNTH,,262.0
0,2022-07-18,BUY,CNR,,312.0
0,2022-07-19,BUY,SWCH,,526.0
0,2022-07-26,BUY,GO,,407.0
0,2022-07-27,BUY,LLY,,54.0
0,2022-07-28,BUY,SAIL1,,288.0
0,2022-08-02,BUY,VTNRQ,,1346.0
0,2022-08-03,BUY,CHNG,,756.0
0,2022-08-04,BUY,ACC,,278.0
0,2022-08-05,BUY,MNDT,,789.0
0,2022-08-08,BUY,CTIC,,2457.0
0,2022-08-09,BUY,TH,,1306.0
0,2022-08-10,SELL,VTNRQ,,1346.0
0,2022-08-10,BUY,MUSA,,62.0
0,2022-08-30,BUY,EQT,,368.0
0,2022-08-31,BUY,GPC,,115.0
0,2022-09-12,BUY,NFE,,322.0
0,2022-09-15,SELL,ABBV,,138.0
0,2022-09-26,BUY,INSW,,508.0
0,2022-09-27,SELL,IMO,,1.0
0,2022-09-29,SELL,ADM,,225.0
0,2022-09-29,BUY,DHT,,2167.0
0,2022-10-13,SELL,CTIC,,2457.0
0,2022-10-17,SELL,GO,,407.0
0,2022-10-18,BUY,SWIR,,581.0
0,2022-10-25,BUY,ELF,,438.0
0,2022-10-27,BUY,AAWW,,184.0
0,2022-10-31,BUY,FSLR,,141.0
0,2022-11-04,SELL,LNTH,,262.0
0,2022-11-14,BUY,AVEO,,1270.0
0,2022-11-15,SELL,BMY,,260.0
0,2022-11-16,BUY,NUVL,,583.0
0,2022-11-17,BUY,MYOV,,707.0
0,2022-12-07,SELL,PBF,,546.0
0,2022-12-20,BUY,ERIE,,68.0
0,2022-12-21,BUY,TTC,,166.0
0,2022-12-23,SELL,EQT,,368.0
0,2022-12-29,SELL,NFE,,322.0
0,2023-01-06,SELL,CNR,,312.0
0,2023-01-10,BUY,RMBS,,480.0
0,2023-02-01,SELL,MUSA,,62.0
0,2023-02-03,BUY,WFRD,,335.0
0,2023-02-06,BUY,YPF,,1669.0
0,2023-02-07,BUY,GILD,,215.0
0,2023-02-08,BUY,NVO,,135.0
0,2023-03-01,BUY,TDW,,225.0
0,2023-03-06,BUY,FMX,,2.0
0,2023-03-08,BUY,ALGM,,5.0
0,2023-03-24,SELL,HRB,,481.0
0,2023-04-05,SELL,NUVL,,583.0
0,2023-04-05,SELL,TH,,1306.0
0,2023-04-25,BUY,IPAR,,126.0
0,2023-04-26,BUY,COTY,,1635.0
0,2023-05-03,BUY,WYNN,,167.0
0,2023-05-05,SELL,INSW,,508.0
0,2023-05-05,SELL,DHT,,2167.0
0,2023-05-08,BUY,PEN,,61.0
0,2023-05-09,BUY,META,,81.0
0,2023-06-07,BUY,BLDR,,159.0
0,2023-06-08,BUY,TPH,,260.0
0,2023-06-13,SELL,STNG,,507.0
0,2023-06-14,SELL,ERIE,,68.0
0,2023-06-15,SELL,TTC,,166.0
0,2023-07-17,BUY,NVDA,,45.0
0,2023-07-18,BUY,MANH,,102.0
0,2023-07-19,BUY,PANW,,48.0
0,2023-08-01,SELL,GILD,,215.0
0,2023-08-29,SELL,ALGM,,5.0
0,2023-08-31,BUY,APP,,396.0
0,2023-09-27,SELL,FSLR,,141.0
0,2023-09-28,SELL,PEN,,61.0
0,2023-09-29,BUY,XPO,,271.0
0,2023-10-06,SELL,ELF,,438.0
0,2023-10-16,SELL,IPAR,,126.0
0,2023-10-17,SELL,COTY,,1635.0
0,2023-10-20,SELL,GPC,,115.0
0,2023-10-24,SELL,WYNN,,167.0
0,2023-10-26,SELL,BLDR,,159.0
0,2023-10-27,BUY,CEG,,169.0
0,2023-10-30,BUY,ANF,,323.0
0,2023-10-31,SELL,YPF,,1669.0
0,2023-11-07,BUY,MMYT,,488.0
0,2023-11-15,BUY,CLS,,769.0
0,2023-11-16,BUY,VRT,,469.0
0,2023-11-21,BUY,HRB,,451.0
0,2023-11-24,BUY,UEC,,3240.0
0,2023-11-28,BUY,CNR,,162.0
0,2023-11-29,SELL,TPH,,260.0
0,2023-12-01,BUY,AEO,,404.0
0,2024-01-02,BUY,CVSA,,3.0
0,2024-01-08,SELL,MANH,,102.0
0,2024-02-08,BUY,NRG,,387.0
0,2024-02-20,SELL,CNR,,162.0
0,2024-02-22,SELL,PANW,,48.0
0,2024-03-21,BUY,WING,,76.0
0,2024-03-25,BUY,CNM,,1.0
0,2024-06-12,SELL,UEC,,3240.0
0,2024-07-16,BUY,TRGP,,144.0
0,2024-07-31,SELL,VRT,,469.0
0,2024-07-31,SELL,RMBS,,480.0
0,2024-08-05,SELL,ANF,,323.0
0,2024-08-30,BUY,ADMA,,1742.0
0,2024-09-03,BUY,CRS,,208.0
0,2024-09-05,SELL,CNM,,1.0
0,2024-09-05,BUY,LMT,,50.0
0,2024-09-06,SELL,WFRD,,335.0
0,2024-09-09,SELL,CLS,,769.0
0,2024-09-09,SELL,TDW,,225.0
0,2024-09-30,SELL,FMX,,2.0
0,2024-10-07,BUY,WELL,,251.0
0,2024-10-08,BUY,AHR,,1260.0
0,2024-10-09,BUY,AFL,,283.0
0,2024-10-10,BUY,IRM,,5.0
0,2024-10-30,BUY,VTR,,1.0
0,2024-10-31,SELL,WING,,76.0
0,2024-11-12,SELL,AEO,,404.0
0,2024-11-18,SELL,NVO,,270.0
0,2024-12-03,BUY,AKR,,1410.0
0,2024-12-13,BUY,LLYVK,,309.0
0,2024-12-19,BUY,CALM,,1.0
0,2025-02-18,SELL,LMT,,50.0
0,2025-02-25,SELL,ADMA,,1742.0
0,2025-02-27,SELL,APP,,396.0
0,2025-03-04,SELL,CEG,,169.0
0,2025-03-05,SELL,PWR,,157.0
0,2025-03-05,SELL,IRM,,5.0
0,2025-03-10,SELL,XPO,,271.0
0,2025-03-14,SELL,CALM,,1.0
0,2025-03-20,BUY,SRAD,,1484.0
0,2025-03-27,BUY,ESLT,,86.0
0,2025-03-31,BUY,LX,,3025.0
0,2025-04-03,BUY,FOX,,642.0
0,2025-04-04,SELL,NVDA,,450.0
0,2025-04-04,BUY,PYCR,,1455.0
0,2025-04-07,SELL,META,,81.0
0,2025-04-07,BUY,SWI,,1682.0
0,2025-04-08,SELL,LX,,3025.0
0,2025-04-09,SELL,AKR,,1410.0
0,2025-04-09,BUY,FNMA,,5852.0
0,2025-05-01,BUY,VRSN,,118.0
0,2025-05-07,BUY,KC,,2193.0
0,2025-05-08,BUY,CNP,,860.0
0,2025-05-09,BUY,TGI,,1292.0
0,2025-05-12,BUY,PLMR,,207.0
0,2025-05-29,BUY,TDUP,,4818.0
0,2025-06-02,BUY,SSRM,,2947.0
0,2025-07-23,SELL,FNMA,,5852.0
0,2025-08-06,SELL,PLMR,,207.0
0,2025-08-08,SELL,LLY,,54.0
0,2025-08-22,BUY,WLDN,,344.0
0,2025-09-08,BUY,APH,,337.0
0,2025-09-09,BUY,HWKN,,213.0
0,2025-09-10,BUY,RBLX,,284.0
0,2025-10-14,SELL,TRGP,,144.0
0,2025-10-22,SELL,VRSN,,118.0
0,2025-10-28,SELL,KC,,2193.0
0,2025-10-29,SELL,MMYT,,488.0
0,2025-11-03,SELL,CVSA,,3.0
0,2025-11-05,SELL,TDUP,,4818.0
0,2025-11-05,SELL,HWKN,,213.0
0,2025-11-13,SELL,HRB,,451.0
0,2025-11-13,BUY,WDC,,224.0
0,2025-11-18,SELL,SRAD,,1484.0
0,2025-11-20,SELL,RBLX,,284.0
0,2025-11-21,BUY,INDV,,1137.0
0,2025-11-28,BUY,LGND,,181.0
0,2025-12-01,BUY,LITE,,115.0
0,2025-12-04,BUY,ROIV,,1774.0
0,2025-12-08,BUY,SNDK,,161.0
0,2025-12-09,BUY,CIEN,,173.0
0,2025-12-16,BUY,PVLA,,334.0
0,2025-12-19,BUY,ENS,,1.0
0,2025-12-23,BUY,RCUS,,1.0
0,2026-03-02,SELL,WLDN,,344.0
0,2026-03-23,SELL,SSRM,,2947.0
0,2026-04-01,BUY,ERAS,,2863.0
0,2026-04-23,BUY,SU,,833.0
0,2026-04-29,SELL,ERAS,,2863.0
0,2026-05-18,SELL,NRG,,387.0
0,2026-06-01,BUY,KGS,,866.0
0,2026-06-11,SELL,CIEN,,173.0
0,2026-06-11,SELL,PVLA,,334.0
0,2026-06-18,SELL,FOX,,642.0
0,2026-06-18,BUY,ATEX,,769.0
0,2026-07-06,SELL,LITE,,115.0
0,2026-07-08,SELL,SNDK,,161.0
0,2026-07-15,BUY,ATEN,,1565.0
0,2026-07-16,SELL,WDC,,224.0
0,2026-07-16,BUY,BAND,,818.0
0,2026-07-22,BUY,SYRE,,571.0
0,2026-07-30,SELL,BAND,,818.0
5,2006-07-06,BUY,MED,,205.0
5,2006-07-06,BUY,ACLI,,66.0
5,2006-07-06,BUY,FALB,,75.0
5,2006-07-06,BUY,TTI,,131.0
5,2006-07-06,BUY,CHAP1,,56.0
5,2006-07-06,BUY,LFCHY,,64.0
5,2006-07-06,BUY,ADM,,94.0
5,2006-07-06,BUY,LVS,,53.0
5,2006-07-06,BUY,MNST,,19.0
5,2006-07-06,BUY,BFH,,67.0
5,2006-07-06,BUY,AVL1,,84.0
5,2006-07-06,BUY,LECO,,65.0
5,2006-07-06,BUY,DAKT,,137.0
5,2006-07-06,BUY,MTW,,89.0
5,2006-07-06,BUY,VOLT2,,83.0
5,2006-07-06,BUY,EXPD,,74.0
5,2006-07-06,BUY,KEX,,101.0
5,2006-07-06,BUY,OII,,86.0
5,2006-07-06,BUY,FTI1,,57.0
5,2006-07-06,BUY,WEBX1,,111.0
5,2006-07-06,BUY,JLL,,46.0
5,2006-07-06,BUY,AGP,,130.0
5,2006-07-06,BUY,ATI,,58.0
5,2006-07-06,BUY,TEX,,40.0
5,2006-07-06,BUY,WCC,,60.0
5,2006-08-08,SELL,MNST,,76.0
5,2006-08-10,SELL,EXPD,,74.0
5,2006-08-16,SELL,MED,,205.0
5,2006-08-28,SELL,DAKT,,137.0
5,2006-09-08,BUY,CMCSK,,101.0
5,2006-09-12,BUY,HCR1,,65.0
5,2006-09-15,SELL,VOLT2,,83.0
5,2006-09-18,SELL,OII,,86.0
5,2006-09-18,BUY,CXW,,80.0
5,2006-10-04,BUY,CMCSA,,94.0
5,2006-10-17,BUY,EPC,,49.0
5,2006-10-18,BUY,UST1,,43.0
5,2006-11-02,BUY,T,,1.0
5,2006-12-18,BUY,MA,,41.0
5,2006-12-26,SELL,TTI,,131.0
5,2006-12-26,SELL,ADM,,94.0
5,2006-12-26,SELL,KEX,,101.0
5,2006-12-26,SELL,FTI1,,57.0
5,2006-12-26,SELL,WEBX1,,111.0
5,2006-12-26,SELL,WCC,,60.0
5,2007-01-30,BUY,TSG1,,129.0
5,2007-01-31,BUY,CF,,136.0
5,2007-02-01,BUY,MTCH,,109.0
5,2007-02-02,BUY,HAS,,146.0
5,2007-02-05,BUY,TRA,,287.0
5,2007-02-06,BUY,UIS,,11.0
5,2007-02-28,SELL,LFCHY,,170.6688
5,2007-03-30,BUY,MIR2,,102.0
5,2007-05-04,SELL,AGP,,130.0
5,2007-05-15,BUY,GEN1,,179.0
5,2007-05-22,SELL,LVS,,53.0
5,2007-06-06,BUY,TRW,,119.0
5,2007-06-13,SELL,ACLI,,132.0
5,2007-06-22,BUY,NRG,,111.0
5,2007-07-16,BUY,GLBL1,,134.0
5,2007-07-25,SELL,MTCH,,109.0
5,2007-07-30,SELL,UIS,,11.0
5,2007-08-10,SELL,TRA,,287.0
5,2007-08-24,BUY,TBSIQ,,118.0
5,2007-08-29,BUY,DRYS,,71.0
5,2007-09-12,BUY,SYNA,,1.0
5,2007-10-30,SELL,CMCSA,,141.0
5,2007-10-30,BUY,EDO,,89.0
5,2007-11-02,SELL,CMCSK,,151.5
5,2007-11-08,SELL,JLL,,46.0
5,2007-11-08,SELL,TRW,,119.0
5,2007-11-12,SELL,TEX,,80.0
5,2007-11-13,SELL,TBSIQ,,118.0
5,2007-11-13,SELL,DRYS,,71.0
5,2007-11-30,BUY,MTL,,57.0
5,2007-12-05,BUY,TELFY,,46.0
5,2007-12-11,BUY,IHS2,,71.0
5,2007-12-12,SELL,NRG,,111.0
5,2007-12-12,BUY,BIDU,,12.0
5,2007-12-13,BUY,SIGM,,74.0
5,2007-12-14,BUY,BMRN,,165.0
5,2007-12-17,BUY,KUST,,800.0
5,2007-12-24,SELL,SYNA,,1.0
5,2008-01-04,SELL,GLBL1,,134.0
5,2008-01-07,SELL,ATI,,58.0
5,2008-01-08,SELL,SIGM,,74.0
5,2008-01-10,SELL,HAS,,146.0
5,2008-01-15,BUY,CVD,,49.0
5,2008-01-18,SELL,GEN1,,179.0
5,2008-01-18,SELL,BFH,,67.0
5,2008-01-18,SELL,LECO,,65.0
5,2008-01-18,SELL,MTW,,178.0
5,2008-01-18,SELL,BIDU,,12.0
5,2008-01-28,BUY,CNX,,59.0
5,2008-02-06,BUY,PRGO,,130.0
5,2008-02-07,SELL,CXW,,160.0
5,2008-02-07,BUY,MEE,,114.0
5,2008-02-08,BUY,MOS,,47.0
5,2008-02-11,BUY,INCY,,372.0
5,2008-02-12,BUY,AUXL,,135.0
5,2008-02-13,BUY,GOLD1,,97.0
5,2008-02-21,BUY,FRFHF,,15.0
5,2008-02-22,BUY,CMO,,255.0
5,2008-02-25,BUY,GLDN1,,44.0
5,2008-02-26,BUY,KGC,,126.0
5,2008-02-27,BUY,CDE,,1.0
5,2008-03-07,SELL,CMO,,255.0
5,2008-03-11,SELL,INCY,,372.0
5,2008-03-14,BUY,CMP,,74.0
5,2008-03-24,SELL,AUXL,,135.0
5,2008-04-09,BUY,WLTGQ,,67.0
5,2008-04-11,BUY,XEC,,79.0
5,2008-04-17,BUY,ALO1,,1.0
5,2008-04-22,SELL,CDE,,1.0
5,2008-04-23,BUY,HMY,,1.0
5,2008-04-30,SELL,KGC,,126.0
5,2008-04-30,SELL,EPC,,49.0
5,2008-05-22,BUY,JRCCQ,,137.0
5,2008-05-29,SELL,TELFY,,46.0
5,2008-06-02,BUY,MMR,,153.0
5,2008-06-03,BUY,XCOOQ,,1.0
5,2008-06-04,SELL,IHS2,,71.0
5,2008-06-13,SELL,GOLD1,,97.0
5,2008-06-30,BUY,UNTCQ,,65.0
5,2008-07-07,SELL,MMR,,153.0
5,2008-07-07,SELL,BMRN,,165.0
5,2008-07-07,BUY,PCXCQ,,36.0
5,2008-07-08,SELL,CVD,,49.0
5,2008-07-09,SELL,JRCCQ,,137.0
5,2008-07-16,BUY,ANRZQ,,52.0
5,2008-07-21,SELL,MIR2,,102.0
5,2008-07-21,SELL,MTL,,171.0
5,2008-07-21,SELL,CNX,,59.0
5,2008-07-24,SELL,MEE,,114.0
5,2008-07-24,SELL,XCOOQ,,1.0
5,2008-08-05,SELL,MOS,,47.0
5,2008-08-05,SELL,XEC,,79.0
5,2008-08-05,SELL,KUST,,800.0
5,2008-08-06,BUY,SPSX,,98.0
5,2008-08-07,BUY,DRS1,,56.0
5,2008-08-08,BUY,IPHS,,119.0
5,2008-08-11,SELL,HMY,,1.0
5,2008-08-12,SELL,FRFHF,,15.0
5,2008-08-22,BUY,FSYS,,80.0
5,2008-08-25,BUY,BUD1,,66.0
5,2008-08-26,BUY,MYGN,,68.0
5,2008-08-27,BUY,SQNM,,198.0
5,2008-08-28,BUY,IKN,,266.0
5,2008-08-29,BUY,WAB,,76.0
5,2008-09-04,SELL,CMP,,74.0
5,2008-09-04,SELL,PCXCQ,,36.0
5,2008-09-05,SELL,MA,,41.0
5,2008-09-05,SELL,WLTGQ,,67.0
5,2008-09-05,BUY,THOR1,,158.0
5,2008-09-08,BUY,OCR,,136.0
5,2008-09-09,SELL,UNTCQ,,65.0
5,2008-09-09,BUY,UTHR,,37.0
5,2008-09-10,SELL,CF,,136.0
5,2008-09-10,SELL,ANRZQ,,52.0
5,2008-09-11,BUY,PLCE,,97.0
5,2008-09-12,BUY,VAR,,63.0
5,2008-09-16,SELL,T,,1.0
5,2008-09-18,SELL,IPHS,,119.0
5,2008-09-23,BUY,GAS1,,82.0
5,2008-09-30,SELL,FSYS,,80.0
5,2008-10-06,BUY,LDG,,51.0
5,2008-10-07,BUY,VRX1,,200.0
5,2008-10-08,BUY,UB,,49.0
5,2008-10-09,SELL,SQNM,,198.0
5,2008-10-09,BUY,IMCL,,54.0
5,2008-10-10,SELL,WAB,,76.0
5,2008-10-13,SELL,VAR,,63.0
5,2008-10-13,BUY,PB,,104.0
5,2008-10-14,BUY,BWLD,,96.0
5,2008-10-15,BUY,FDRY,,214.0
5,2008-10-16,SELL,PLCE,,97.0
5,2008-10-17,BUY,PHLY,,63.0
5,2008-10-20,BUY,ATML,,929.0
5,2008-10-24,SELL,OCR,,136.0
5,2008-10-27,SELL,PRGO,,130.0
5,2008-10-29,SELL,THOR1,,158.0
5,2008-10-29,SELL,BWLD,,96.0
5,2008-10-29,SELL,UTHR,,37.0
5,2008-11-18,BUY,BRL,,54.0
5,2008-11-26,SELL,ATML,,929.0
5,2008-12-15,BUY,APOL,,46.0
5,2008-12-16,BUY,THOR1,,121.0
5,2008-12-17,BUY,AMGN,,58.0
5,2008-12-18,BUY,CBST,,143.0
5,2008-12-19,BUY,CRI,,177.0
5,2008-12-24,SELL,GAS1,,82.0
5,2009-01-13,SELL,PB,,104.0
5,2009-01-21,BUY,LCC,,453.0
5,2009-01-22,BUY,JBLU,,547.0
5,2009-01-23,BUY,IDCC,,112.0
5,2009-01-26,BUY,SMG,,104.0
5,2009-01-27,BUY,MNST,,102.0
5,2009-01-28,BUY,RGLD,,73.0
5,2009-01-29,BUY,FRFHF,,10.0
5,2009-01-30,BUY,ORLY,,113.0
5,2009-02-02,BUY,DLTR,,79.0
5,2009-02-03,BUY,AVAV,,91.0
5,2009-02-04,BUY,ATHN1,,91.0
5,2009-02-05,SELL,LCC,,453.0
5,2009-02-05,BUY,GMCR,,84.0
5,2009-02-06,BUY,FNF,,189.0
5,2009-02-09,BUY,AGP,,115.0
5,2009-02-10,BUY,WTRG,,170.0
5,2009-02-13,BUY,ESINQ,,27.0
5,2009-02-17,BUY,ALK,,118.0
5,2009-02-19,SELL,CBST,,143.0
5,2009-02-20,SELL,JBLU,,547.0
5,2009-02-20,BUY,MBOT,,1512.0
5,2009-03-02,SELL,ATHN1,,91.0
5,2009-03-03,SELL,THOR1,,121.0
5,2009-03-03,SELL,ALK,,118.0
5,2009-03-04,SELL,VRX1,,200.0
5,2009-03-04,SELL,IDCC,,112.0
5,2009-03-05,SELL,FRFHF,,10.0
5,2009-03-10,BUY,NFLX,,75.0
5,2009-03-11,SELL,AVAV,,91.0
5,2009-03-23,BUY,CVTX,,151.0
5,2009-03-24,BUY,AU,,82.0
5,2009-04-01,BUY,PRDO,,131.0
5,2009-04-02,BUY,AZO,,18.0
5,2009-04-03,BUY,BKNG,,36.0
5,2009-04-06,BUY,IAG,,389.0
5,2009-04-07,BUY,ADM,,107.0
5,2009-04-08,BUY,VTRS,,22.0
5,2009-04-13,SELL,APOL,,46.0
5,2009-04-13,BUY,CY,,1.0
5,2009-05-08,SELL,MYGN,,136.0
5,2009-05-08,SELL,FNF,,189.0
5,2009-05-13,BUY,TIVO,,150.0
5,2009-06-03,BUY,SNDA1,,54.0
5,2009-06-10,BUY,PALM,,257.0
5,2009-06-11,SELL,AMGN,,58.0
5,2009-06-11,BUY,STRZA,,218.0
5,2009-06-18,SELL,MNST,,102.0
5,2009-07-14,BUY,STEC1,,116.0
5,2009-07-21,SELL,RGLD,,73.0
5,2009-07-21,BUY,BIDU,,9.0
5,2009-07-31,SELL,AGP,,115.0
5,2009-08-03,SELL,WTRG,,170.0
5,2009-08-06,SELL,ESINQ,,27.0
5,2009-08-12,SELL,MBOT,,1512.0
5,2009-08-20,BUY,ASH,,102.0
5,2009-09-01,BUY,DTGF,,176.0
5,2009-09-02,BUY,JNY,,219.0
5,2009-09-08,BUY,PWRD1,,101.0
5,2009-09-14,BUY,FUQI,,21.0
5,2009-09-22,SELL,STEC1,,116.0
5,2009-09-23,SELL,AZO,,18.0
5,2009-10-22,BUY,VECO,,149.0
5,2009-10-23,BUY,SAN,,137.0
5,2009-10-28,SELL,FUQI,,21.0
5,2009-10-29,SELL,SNDA1,,54.0
5,2009-11-02,SELL,DTGF,,176.0
5,2009-11-02,SELL,PALM,,257.0
5,2009-11-30,BUY,MATV,,61.0
5,2009-12-01,BUY,TUPBQ,,80.0
5,2009-12-03,BUY,MCK,,23.0
5,2009-12-04,BUY,PRGO,,1.0
5,2010-01-26,SELL,IAG,,389.0
5,2010-02-12,SELL,MATV,,61.0
5,2010-02-26,BUY,EL,,66.0
5,2010-03-02,SELL,PWRD1,,101.0
5,2010-03-17,BUY,LNCR,,101.0
5,2010-04-01,BUY,EW,,31.0
5,2010-04-19,SELL,SAN,,137.0
5,2010-05-19,BUY,IPXL,,98.0
5,2010-05-20,SELL,BKNG,,36.0
5,2010-05-25,SELL,TUPBQ,,80.0
5,2010-05-26,SELL,VECO,,149.0
5,2010-06-08,SELL,GMCR,,378.0
5,2010-06-22,BUY,APKT,,152.0
5,2010-06-25,BUY,TSN,,243.0
5,2010-06-28,SELL,PRDO,,131.0
5,2010-06-28,BUY,VCI,,126.0
5,2010-06-30,SELL,JNY,,219.0
5,2010-07-07,SELL,ASH,,102.0
5,2010-07-09,BUY,IDC,,126.0
5,2010-07-29,BUY,CRUS,,224.0
5,2010-08-11,SELL,CRI,,177.0
5,2010-08-13,BUY,AZO,,21.0
5,2010-08-16,BUY,VMW,,56.0
5,2010-08-18,SELL,EL,,66.0
5,2010-08-27,SELL,LNCR,,151.5
5,2010-09-13,BUY,VRX1,,69.0
5,2010-09-14,BUY,PWER1,,397.0
5,2010-09-20,BUY,ISLN,,179.0
5,2010-10-12,BUY,BHC,,174.0
5,2010-10-22,SELL,CRUS,,224.0
5,2010-11-08,SELL,IPXL,,98.0
5,2010-11-10,BUY,ENDPQ,,135.0
5,2010-11-23,BUY,LYB,,171.0
5,2010-12-09,BUY,SQM,,26.0
5,2010-12-15,SELL,TSN,,243.0
5,2010-12-16,SELL,VCI,,126.0
5,2011-01-18,BUY,ALXN,,67.0
5,2011-01-19,BUY,ATML,,400.0
5,2011-02-04,BUY,FOSL,,44.0
5,2011-03-01,SELL,PWER1,,397.0
5,2011-03-18,SELL,ATML,,400.0
5,2011-03-31,BUY,SM,,81.0
5,2011-04-19,BUY,JAZZ,,56.0
5,2011-05-03,SELL,TIVO,,150.0
5,2011-06-03,BUY,DTGF,,76.0
5,2011-07-28,SELL,APKT,,152.0
5,2011-08-08,SELL,BHC,,174.0
5,2011-08-09,SELL,EW,,62.0
5,2011-08-09,SELL,FOSL,,44.0
5,2011-08-09,SELL,ADM,,107.0
5,2011-08-09,SELL,SMG,,104.0
5,2011-08-09,SELL,LYB,,171.0
5,2011-08-11,SELL,VTRS,,22.0
5,2011-08-22,SELL,NFLX,,75.0
5,2011-08-22,SELL,ENDPQ,,135.0
5,2011-08-22,SELL,CY,,1.0
5,2011-08-23,SELL,STRZA,,218.0
5,2011-08-29,BUY,DPZ,,202.0
5,2011-09-08,BUY,QCOR,,182.0
5,2011-09-09,BUY,RGLD,,67.0
5,2011-09-12,BUY,GOLD1,,49.0
5,2011-09-13,BUY,VRUS1,,71.0
5,2011-09-14,BUY,MNST,,62.0
5,2011-09-15,BUY,PSMT,,77.0
5,2011-09-16,BUY,MCD,,63.0
5,2011-09-22,BUY,DMND,,60.0
5,2011-09-23,BUY,CEPH,,66.0
5,2011-09-26,BUY,CROX,,194.0
5,2011-09-27,BUY,CEG1,,141.0
5,2011-09-29,SELL,DTGF,,76.0
5,2011-09-30,SELL,BIDU,,90.0
5,2011-10-04,SELL,SQM,,26.0
5,2011-10-04,SELL,SM,,81.0
5,2011-10-19,SELL,CROX,,194.0
5,2011-10-26,SELL,DMND,,60.0
5,2011-10-31,BUY,SUG,,128.0
5,2011-11-01,BUY,GR,,44.0
5,2011-11-03,BUY,BMRN,,167.0
5,2011-11-04,BUY,VFC,,38.0
5,2011-11-18,BUY,NLC,,141.0
5,2011-11-28,BUY,GNCIQ,,197.0
5,2011-11-29,BUY,CTRA,,45.0
5,2012-01-23,SELL,CTRA,,45.0
5,2012-02-01,BUY,DG,,133.0
5,2012-02-23,BUY,URI,,142.0
5,2012-03-02,SELL,RGLD,,67.0
5,2012-03-02,BUY,PAA,,71.0
5,2012-03-08,SELL,PSMT,,77.0
5,2012-04-05,SELL,AU,,82.0
5,2012-04-05,SELL,GOLD1,,49.0
5,2012-04-11,BUY,PIRRQ,,334.0
5,2012-04-12,BUY,VAL1,,122.0
5,2012-04-26,BUY,AAPL,,10.0
5,2012-05-08,BUY,HD,,119.0
5,2012-05-09,BUY,EC,,68.0
5,2012-05-10,BUY,CPWM,,2.0
5,2012-06-04,SELL,DPZ,,202.0
5,2012-06-04,SELL,URI,,142.0
5,2012-07-17,BUY,PCYC,,114.0
5,2012-07-18,BUY,HAIN,,77.0
5,2012-07-26,SELL,QCOR,,182.0
5,2012-08-13,SELL,MNST,,124.0
5,2012-08-15,BUY,SBAC,,99.0
5,2012-08-27,BUY,ELLI,,239.0
5,2012-09-10,BUY,DK,,237.0
5,2012-09-13,BUY,NSM,,51.0
5,2012-10-19,SELL,DLTR,,237.0
5,2012-11-08,SELL,PCYC,,114.0
5,2012-11-14,SELL,NSM,,51.0
5,2012-11-23,BUY,VMED,,179.0
5,2012-12-11,BUY,WHR,,60.0
5,2012-12-17,BUY,BAX,,65.0
5,2013-01-10,SELL,HAIN,,77.0
5,2013-01-16,SELL,AAPL,,10.0
5,2013-01-30,SELL,VMW,,56.0
5,2013-02-01,SELL,ELLI,,239.0
5,2013-02-12,BUY,CPAY,,96.0
5,2013-02-19,BUY,CVI,,114.0
5,2013-03-04,BUY,EV1,,153.0
5,2013-03-06,BUY,CZZ,,1.0
5,2013-05-14,SELL,EC,,68.0
5,2013-06-24,SELL,CVI,,114.0
5,2013-06-24,BUY,LGF.B,,237.0
5,2013-07-02,SELL,DK,,237.0
5,2013-07-24,BUY,NXST,,201.0
5,2013-07-25,BUY,CBOE,,144.0
5,2013-08-02,BUY,TW2,,59.0
5,2013-08-14,SELL,CZZ,,1.0
5,2013-09-16,BUY,OCR,,7.0
5,2014-03-12,SELL,NXST,,201.0
5,2014-03-27,SELL,LGF.B,,237.0
5,2014-04-08,SELL,PIRRQ,,334.0
5,2014-04-11,BUY,GLOG,,318.0
5,2014-04-14,SELL,BMRN,,167.0
5,2014-04-29,BUY,HP,,75.0
5,2014-05-08,SELL,GNCIQ,,197.0
5,2014-05-09,BUY,TRGP,,74.0
5,2014-05-15,BUY,CNQ,,200.0
5,2014-06-10,BUY,EXC,,175.0
5,2014-10-01,SELL,GLOG,,318.0
5,2014-10-14,SELL,HP,,75.0
5,2014-10-15,SELL,CNQ,,200.0
5,2014-10-31,BUY,MDVN,,86.0
5,2014-11-13,BUY,CNQR,,70.0
5,2014-11-14,BUY,PANW,,21.0
5,2014-11-28,SELL,EXC,,175.0
5,2014-12-02,SELL,TRGP,,74.0
5,2014-12-31,BUY,LOW,,134.0
5,2015-01-05,BUY,CBRL,,65.0
5,2015-01-22,BUY,TPST,,102.0
5,2015-04-01,SELL,TPST,,102.0
5,2015-05-04,BUY,COR,,37.0
5,2015-07-02,SELL,PAA,,142.0
5,2015-07-02,SELL,BAX,,65.0
5,2015-08-04,BUY,ADPTQ,,86.0
5,2015-08-05,BUY,SKX,,8.0
5,2015-08-21,SELL,MDVN,,86.0
5,2015-09-23,BUY,PRE1,,64.0
5,2015-09-28,SELL,JAZZ,,56.0
5,2015-09-29,SELL,WHR,,60.0
5,2015-10-01,SELL,ADPTQ,,86.0
5,2015-10-01,BUY,THOR1,,140.0
5,2015-10-22,SELL,COR,,37.0
5,2015-10-26,SELL,SKX,,24.0
5,2015-10-28,BUY,UHAL,,22.0
5,2015-10-29,BUY,AIZ,,114.0
5,2015-11-02,BUY,ACGL,,124.0
5,2015-11-20,BUY,VRE,,13.0
5,2015-11-23,BUY,XXII,,3.0
5,2015-11-30,BUY,ATVI,,1.0
5,2016-01-05,SELL,PRGO,,1.0
5,2016-01-07,SELL,EV1,,153.0
5,2016-01-08,SELL,XXII,,3.0
5,2016-01-12,SELL,MCK,,23.0
5,2016-01-20,SELL,VFC,,152.0
5,2016-01-21,SELL,SBAC,,99.0
5,2016-02-02,SELL,ALXN,,134.0
5,2016-02-05,BUY,TAL,,177.0
5,2016-02-08,SELL,PANW,,21.0
5,2016-02-09,BUY,HRL,,100.0
5,2016-02-10,SELL,CPAY,,96.0
5,2016-02-10,BUY,DLR,,106.0
5,2016-02-12,BUY,TSN,,137.0
5,2016-02-19,BUY,HPY,,93.0
5,2016-02-23,BUY,EDU,,271.0
5,2016-02-24,BUY,YOKU,,315.0
5,2016-03-04,BUY,HMIN,,220.0
5,2016-03-10,BUY,ATO,,3.0
5,2016-03-15,BUY,QIHU,,1.0
5,2016-04-21,SELL,UHAL,,22.0
5,2016-04-22,SELL,AIZ,,114.0
5,2016-04-26,SELL,ACGL,,124.0
5,2016-05-09,BUY,CPB,,145.0
5,2016-05-17,BUY,AG,,832.0
5,2016-05-19,BUY,ITC,,207.0
5,2016-05-23,BUY,B,,503.0
5,2016-05-24,BUY,BKH,,156.0
5,2016-05-26,BUY,CDE,,1206.0
5,2016-06-08,BUY,AWK,,73.0
5,2016-08-01,SELL,HRL,,200.0
5,2016-08-30,BUY,NUVA,,125.0
5,2016-08-31,SELL,AG,,832.0
5,2016-08-31,BUY,AMH,,2.0
5,2016-10-03,BUY,EXEL,,753.0
5,2016-10-05,SELL,B,,503.0
5,2016-10-05,SELL,CDE,,1206.0
5,2016-10-06,SELL,DG,,133.0
5,2016-10-27,SELL,CPB,,145.0
5,2016-11-04,BUY,GEN,,360.0
5,2016-11-07,BUY,NVDA,,136.0
5,2016-11-08,BUY,BRSL,,327.0
5,2016-11-11,SELL,BKH,,156.0
5,2016-11-28,SELL,AWK,,73.0
5,2016-11-29,BUY,DPZ,,57.0
5,2016-11-30,BUY,REN,,351.0
5,2016-12-14,BUY,FNSR,,312.0
5,2016-12-29,BUY,CFG,,138.0
5,2017-04-06,SELL,FNSR,,312.0
5,2017-05-03,SELL,BRSL,,327.0
5,2017-05-09,BUY,WNC,,507.0
5,2017-06-15,BUY,RACE,,126.0
5,2017-06-16,SELL,REN,,351.0
5,2017-06-22,SELL,CFG,,138.0
5,2017-06-29,SELL,AZO,,21.0
5,2017-07-06,SELL,ORLY,,113.0
5,2017-07-17,BUY,ISRG,,11.0
5,2017-07-19,BUY,SPGI,,76.0
5,2017-07-25,BUY,HRC,,137.0
5,2017-08-01,BUY,FIZZ,,111.0
5,2017-08-07,BUY,WGHTQ,,275.0
5,2017-09-20,SELL,NUVA,,125.0
5,2017-10-20,BUY,PYPL,,111.0
5,2018-01-16,SELL,VRE,,13.0
5,2018-02-15,BUY,EC,,55.0
5,2018-03-20,SELL,FIZZ,,111.0
5,2018-04-02,SELL,EXEL,,753.0
5,2018-04-20,BUY,GMED,,260.0
5,2018-05-02,BUY,VIRT,,368.0
5,2018-05-14,SELL,GEN,,360.0
5,2018-06-14,BUY,ABMD,,19.0
5,2018-07-30,SELL,VIRT,,368.0
5,2018-07-31,SELL,TAL,,1062.0
5,2018-08-01,SELL,TSN,,137.0
5,2018-08-03,SELL,CBOE,,144.0
5,2018-08-13,SELL,WNC,,507.0
5,2018-08-16,SELL,WGHTQ,,275.0
5,2018-08-29,BUY,TNDM,,331.0
5,2018-08-30,BUY,AMED,,110.0
5,2018-08-31,BUY,WWE,,157.0
5,2018-09-05,BUY,IIN,,178.0
5,2018-09-06,SELL,EDU,,271.0
5,2018-09-13,BUY,FNKO,,548.0
5,2018-09-18,BUY,EPAY,,197.0
5,2018-10-03,SELL,TNDM,,331.0
5,2018-10-08,BUY,WCG,,40.0
5,2018-10-10,SELL,GMED,,260.0
5,2018-10-11,SELL,IIN,,178.0
5,2018-10-25,SELL,NVDA,,136.0
5,2018-10-30,SELL,WWE,,157.0
5,2018-11-02,BUY,REGI,,381.0
5,2018-11-09,BUY,TJX,,217.0
5,2018-11-12,SELL,FNKO,,548.0
5,2018-11-12,SELL,ATVI,,1.0
5,2018-11-12,BUY,LLY,,105.0
5,2018-11-15,SELL,ABMD,,19.0
5,2018-11-21,SELL,EC,,55.0
5,2018-11-21,SELL,EPAY,,197.0
5,2018-11-27,BUY,MKC,,78.0
5,2018-11-30,BUY,CABO,,13.0
5,2018-12-14,SELL,RACE,,126.0
5,2018-12-14,BUY,MZTI,,61.0
5,2018-12-17,BUY,AEE,,162.0
5,2018-12-19,BUY,HELE,,81.0
5,2018-12-26,SELL,WCG,,40.0
5,2018-12-26,BUY,IDTI,,217.0
5,2018-12-27,BUY,ESL,,89.0
5,2019-01-17,BUY,TRCO,,246.0
5,2019-01-29,BUY,AU,,839.0
5,2019-04-29,BUY,SEE,,261.0
5,2019-04-30,SELL,REGI,,381.0
5,2019-05-07,SELL,TJX,,217.0
5,2019-05-15,BUY,ZNGA,,1972.0
5,2019-05-31,BUY,FICO,,39.0
5,2019-06-07,BUY,ERIE,,53.0
5,2019-06-10,SELL,MZTI,,61.0
5,2019-06-13,SELL,HELE,,81.0
5,2019-07-11,BUY,AWI,,130.0
5,2019-07-16,BUY,SHOP,,23.0
5,2019-09-30,SELL,ERIE,,53.0
5,2019-10-17,SELL,SEE,,261.0
5,2019-10-30,BUY,AWR,,136.0
5,2019-11-01,BUY,AQN,,939.0
5,2019-11-18,BUY,RH,,42.0
5,2019-12-31,SELL,AWI,,130.0
5,2020-02-03,BUY,SYNA,,194.0
5,2020-03-06,SELL,RH,,42.0
5,2020-03-10,SELL,CBRL,,65.0
5,2020-03-13,SELL,AU,,839.0
5,2020-03-13,SELL,SYNA,,194.0
5,2020-03-13,SELL,SHOP,,23.0
5,2020-03-13,SELL,FICO,,39.0
5,2020-03-17,SELL,CABO,,13.0
5,2020-03-17,SELL,LOW,,134.0
5,2020-03-17,SELL,HD,,119.0
5,2020-03-17,SELL,MKC,,78.0
5,2020-03-17,SELL,AMED,,110.0
5,2020-03-17,SELL,AWR,,136.0
5,2020-03-17,SELL,ISRG,,33.0
5,2020-03-17,SELL,AQN,,939.0
5,2020-03-17,SELL,MCD,,63.0
5,2020-03-19,SELL,SPGI,,76.0
5,2020-03-23,SELL,PYPL,,111.0
5,2020-03-23,SELL,HRC,,137.0
5,2020-03-23,SELL,AMH,,2.0
5,2020-03-24,SELL,ATO,,3.0
5,2020-04-07,BUY,REGN,,22.0
5,2020-04-09,BUY,BILI,,439.0
5,2020-04-15,BUY,TDOC,,73.0
5,2020-04-16,BUY,FIT,,1720.0
5,2020-04-17,BUY,CCOI,,129.0
5,2020-04-20,BUY,ZM,,78.0
5,2020-04-21,BUY,CODX,,808.0
5,2020-04-22,BUY,AXSM,,175.0
5,2020-04-23,BUY,EVBG,,97.0
5,2020-04-24,BUY,EHTH,,94.0
5,2020-04-27,BUY,SE,,218.0
5,2020-04-28,BUY,DXCM,,35.0
5,2020-04-29,BUY,XLRN,,124.0
5,2020-04-30,BUY,QDEL,,83.0
5,2020-05-01,BUY,VXRT,,4272.0
5,2020-05-04,BUY,AUPH,,729.0
5,2020-05-05,BUY,CCXI1,,213.0
5,2020-05-06,BUY,GOTU,,298.0
5,2020-05-07,BUY,ARVN,,1.0
5,2020-05-08,BUY,LMNX1,,1.0
5,2020-05-22,SELL,GOTU,,298.0
5,2020-06-01,SELL,ARVN,,1.0
5,2020-06-08,SELL,CODX,,808.0
5,2020-06-24,BUY,NVAX,,192.0
5,2020-06-29,SELL,EHTH,,94.0
5,2020-07-01,BUY,FVRR,,196.0
5,2020-07-09,BUY,DOCU,,7.0
5,2020-07-28,SELL,VXRT,,4272.0
5,2020-07-30,BUY,WKHS,,981.0
5,2020-08-13,SELL,NVAX,,192.0
5,2020-08-27,BUY,LVGO,,120.0
5,2020-08-28,SELL,QDEL,,83.0
5,2020-08-28,SELL,LMNX1,,1.0
5,2020-09-08,SELL,AXSM,,175.0
5,2020-09-15,BUY,APPS,,639.0
5,2020-09-21,SELL,CCOI,,129.0
5,2020-09-30,BUY,AGNT,,407.0
5,2020-10-01,BUY,RUN,,221.0
5,2020-10-08,BUY,SAIL1,,385.0
5,2020-10-21,SELL,WKHS,,981.0
5,2020-10-21,BUY,ALTO,,572.0
5,2020-10-22,SELL,AUPH,,729.0
5,2020-10-23,SELL,CCXI1,,213.0
5,2020-10-27,SELL,AGNT,,407.0
5,2020-10-28,SELL,ALTO,,572.0
5,2020-10-28,SELL,RUN,,221.0
5,2020-10-29,SELL,EVBG,,97.0
5,2020-11-02,SELL,APPS,,639.0
5,2020-11-03,SELL,DXCM,,35.0
5,2020-11-11,SELL,TDOC,,73.0
5,2020-11-11,SELL,ZM,,78.0
5,2020-11-20,BUY,NIO,,339.0
5,2020-11-23,BUY,FDX,,60.0
5,2020-11-24,BUY,PACB,,1131.0
5,2020-11-27,BUY,AGNT,,322.0
5,2020-11-30,BUY,GNRC,,76.0
5,2020-12-01,BUY,LOB,,410.0
5,2020-12-02,BUY,MRTX,,71.0
5,2020-12-03,BUY,FRHC,,430.0
5,2020-12-04,BUY,LPRO,,631.0
5,2020-12-14,BUY,PWR,,248.0
5,2020-12-15,BUY,SWAV,,67.0
5,2020-12-16,BUY,DAR,,4.0
5,2021-02-23,SELL,REGN,,22.0
5,2021-02-25,SELL,PACB,,1131.0
5,2021-03-02,BUY,SICPQ,,159.0
5,2021-03-03,SELL,NIO,,339.0
5,2021-03-04,SELL,AGNT,,644.0
5,2021-03-05,SELL,FVRR,,196.0
5,2021-03-08,SELL,SWAV,,67.0
5,2021-03-09,SELL,BILI,,439.0
5,2021-03-25,BUY,TPR,,505.0
5,2021-03-29,SELL,MRTX,,71.0
5,2021-03-29,BUY,CTRN,,245.0
5,2021-04-05,BUY,DEN,,425.0
5,2021-04-06,BUY,SM,,1259.0
5,2021-04-07,BUY,TPL,,13.0
5,2021-04-08,BUY,CPE,,555.0
5,2021-04-09,BUY,DBRG,,3220.0
5,2021-04-26,SELL,SICPQ,,159.0
5,2021-04-29,BUY,ATKR,,289.0
5,2021-05-11,SELL,SAIL1,,385.0
5,2021-05-13,SELL,DOCU,,7.0
5,2021-05-26,BUY,CHRD,,256.0
5,2021-06-11,BUY,DAC,,319.0
5,2021-06-15,BUY,COF,,96.0
5,2021-07-19,SELL,CPE,,555.0
5,2021-07-20,SELL,SM,,1259.0
5,2021-08-09,SELL,ZNGA,,1972.0
5,2021-08-13,SELL,CTRN,,245.0
5,2021-08-18,BUY,ORLY,,38.0
5,2021-08-19,BUY,LSI,,189.0
5,2021-09-08,SELL,TPL,,13.0
5,2021-09-09,BUY,EPAM,,37.0
5,2021-09-15,BUY,WST,,51.0
5,2021-09-29,SELL,DBRG,,3220.0
5,2021-10-01,SELL,FDX,,60.0
5,2021-10-08,BUY,PRFT,,188.0
5,2021-10-29,BUY,ASAN,,110.0
5,2021-11-02,BUY,ARES,,2.0
5,2021-11-11,SELL,LPRO,,631.0
5,2021-12-01,SELL,DAC,,319.0
5,2021-12-02,SELL,ASAN,,110.0
5,2021-12-03,SELL,COF,,96.0
5,2021-12-06,SELL,SE,,218.0
5,2021-12-13,SELL,GNRC,,76.0
5,2021-12-14,BUY,FDS,,50.0
5,2022-01-03,BUY,COST,,42.0
5,2022-01-04,BUY,BLDR,,286.0
5,2022-01-05,BUY,WIRE,,169.0
5,2022-01-06,BUY,PLD,,147.0
5,2022-01-07,BUY,ACLS,,324.0
5,2022-01-13,BUY,ON,,343.0
5,2022-01-18,SELL,PRFT,,188.0
5,2022-01-20,SELL,EPAM,,37.0
5,2022-01-21,SELL,LOB,,410.0
5,2022-02-17,BUY,VET,,1209.0
5,2022-02-22,BUY,CVE,,1357.0
5,2022-02-23,BUY,CVX,,155.0
5,2022-03-08,SELL,TPR,,505.0
5,2022-03-08,SELL,WST,,51.0
5,2022-03-09,SELL,DPZ,,57.0
5,2022-04-07,BUY,ABBV,,130.0
5,2022-04-08,BUY,MCK,,69.0
5,2022-04-11,BUY,PCRX,,225.0
5,2022-04-12,SELL,ACLS,,324.0
5,2022-04-25,SELL,FRHC,,430.0
5,2022-04-26,SELL,ARES,,2.0
5,2022-05-13,BUY,AMR,,132.0
5,2022-05-19,SELL,PLD,,147.0
5,2022-05-20,SELL,COST,,42.0
5,2022-05-25,SELL,BLDR,,286.0
5,2022-05-25,BUY,BMY,,269.0
5,2022-05-26,BUY,SRE,,126.0
5,2022-06-07,SELL,FDS,,50.0
5,2022-06-14,SELL,LSI,,189.0
5,2022-06-15,SELL,PCRX,,225.0
5,2022-06-22,BUY,STNG,,526.0
5,2022-06-23,SELL,DEN,,425.0
5,2022-06-23,SELL,ATKR,,289.0
5,2022-06-23,BUY,PBF,,572.0
5,2022-06-24,SELL,VET,,1209.0
5,2022-06-28,BUY,MRK,,209.0
5,2022-06-29,SELL,WIRE,,169.0
5,2022-07-01,SELL,CHRD,,256.0
5,2022-07-01,SELL,DAR,,4.0
5,2022-07-05,SELL,ON,,343.0
5,2022-07-05,SELL,AMR,,132.0
5,2022-07-07,SELL,CVE,,1357.0
5,2022-07-11,BUY,HRB,,512.0
5,2022-07-14,SELL,DLR,,106.0
5,2022-07-18,BUY,LNTH,,270.0
5,2022-07-19,BUY,CNR,,327.0
5,2022-07-26,BUY,GO,,437.0
5,2022-07-27,BUY,GLNG,,858.0
5,2022-07-28,BUY,SAIL1,,308.0
5,2022-08-01,BUY,SWCH,,583.0
5,2022-08-03,BUY,CHNG,,808.0
5,2022-08-04,BUY,ACC,,297.0
5,2022-08-05,BUY,MNDT,,843.0
5,2022-08-08,BUY,CTIC,,2606.0
5,2022-08-30,BUY,MUSA,,67.0
5,2022-08-31,BUY,GPC,,127.0
5,2022-09-26,BUY,INSW,,564.0
5,2022-09-29,SELL,ABBV,,130.0
5,2022-09-29,BUY,DHT,,169.0
5,2022-10-13,SELL,CTIC,,2606.0
5,2022-10-17,SELL,GO,,437.0
5,2022-10-25,BUY,ELF,,488.0
5,2022-10-31,BUY,FSLR,,158.0
5,2022-11-04,SELL,LNTH,,270.0
5,2022-11-14,BUY,AVEO,,1413.0
5,2022-11-15,SELL,BMY,,269.0
5,2022-11-16,SELL,SRE,,126.0
5,2022-11-16,BUY,NUVL,,650.0
5,2022-11-17,BUY,MYOV,,789.0
5,2022-12-07,SELL,PBF,,572.0
5,2022-12-20,BUY,ERIE,,76.0
5,2022-12-21,BUY,TTC,,186.0
5,2022-12-22,BUY,RMBS,,492.0
5,2022-12-29,SELL,HRB,,512.0
5,2023-01-10,BUY,AAWW,,190.0
5,2023-01-18,SELL,GLNG,,858.0
5,2023-02-03,BUY,WFRD,,374.0
5,2023-02-06,BUY,YPF,,1752.0
5,2023-02-17,BUY,TDW,,7.0
5,2023-02-21,SELL,CNR,,327.0
5,2023-02-22,SELL,MUSA,,67.0
5,2023-03-07,BUY,ALGM,,484.0
5,2023-04-03,BUY,NSIT,,153.0
5,2023-04-04,BUY,IPAR,,150.0
5,2023-04-05,SELL,NUVL,,650.0
5,2023-04-25,BUY,WYNN,,194.0
5,2023-05-03,BUY,NVO,,38.0
5,2023-05-05,SELL,INSW,,564.0
5,2023-05-05,SELL,DHT,,169.0
5,2023-05-08,BUY,PEN,,70.0
5,2023-06-07,BUY,BLDR,,15.0
5,2023-06-08,BUY,CX,,1.0
5,2023-06-13,SELL,STNG,,526.0
5,2023-06-14,SELL,ERIE,,76.0
5,2023-06-15,SELL,TTC,,186.0
5,2023-07-17,BUY,TPH,,700.0
5,2023-07-18,BUY,NVDA,,51.0
5,2023-07-19,BUY,MANH,,53.0
5,2023-08-28,SELL,ALGM,,484.0
5,2023-09-26,SELL,IPAR,,150.0
5,2023-09-27,SELL,FSLR,,158.0
5,2023-09-28,SELL,PEN,,70.0
5,2023-09-28,BUY,CEG,,205.0
5,2023-10-06,SELL,ELF,,488.0
5,2023-10-09,SELL,CX,,1.0
5,2023-10-16,SELL,WYNN,,194.0
5,2023-10-20,SELL,GPC,,127.0
5,2023-10-26,SELL,BLDR,,15.0
5,2023-10-26,BUY,VRT,,589.0
5,2023-10-27,BUY,UEC,,3886.0
5,2023-10-30,BUY,ANF,,370.0
5,2023-10-31,SELL,YPF,,1752.0
5,2023-11-07,BUY,MMYT,,557.0
5,2023-11-08,BUY,XPO,,280.0
5,2023-11-15,BUY,CLS,,881.0
5,2023-11-21,BUY,HRB,,518.0
5,2023-11-28,BUY,CNR,,35.0
5,2023-12-01,BUY,AEO,,2.0
5,2024-01-09,SELL,MANH,,53.0
5,2024-01-23,SELL,AEE,,162.0
5,2024-02-09,BUY,CRWD,,67.0
5,2024-02-20,SELL,CNR,,35.0
5,2024-02-23,BUY,AGO,,37.0
5,2024-03-21,BUY,WING,,1.0
5,2024-06-12,SELL,UEC,,3886.0
5,2024-07-16,BUY,TRGP,,170.0
5,2024-07-23,SELL,CRWD,,67.0
5,2024-07-31,SELL,VRT,,589.0
5,2024-07-31,SELL,RMBS,,492.0
5,2024-08-05,SELL,ANF,,370.0
5,2024-08-15,SELL,AGO,,37.0
5,2024-08-22,BUY,ADMA,,1901.0
5,2024-08-30,BUY,AEM,,407.0
5,2024-09-03,BUY,CRS,,232.0
5,2024-09-05,BUY,LMT,,56.0
5,2024-09-06,SELL,WFRD,,374.0
5,2024-09-09,SELL,CLS,,881.0
5,2024-09-09,SELL,TDW,,7.0
5,2024-09-17,BUY,FOX,,896.0
5,2024-10-08,BUY,AHR,,1367.0
5,2024-10-09,BUY,AFL,,112.0
5,2024-10-10,BUY,AKR,,4.0
5,2024-10-31,SELL,WING,,1.0
5,2024-11-12,SELL,AEO,,2.0
5,2024-11-15,SELL,NSIT,,153.0
5,2024-11-18,SELL,NVO,,76.0
5,2024-12-03,BUY,CNK,,892.0
5,2024-12-13,BUY,LLYVK,,8.0
5,2024-12-18,BUY,EXLS,,4.0
5,2024-12-20,BUY,SOFI,,1.0
5,2025-02-05,SELL,MRK,,209.0
5,2025-02-14,SELL,ADMA,,1901.0
5,2025-02-18,SELL,LMT,,56.0
5,2025-02-19,SELL,TPH,,700.0
5,2025-03-04,SELL,CNK,,892.0
5,2025-03-04,SELL,CEG,,205.0
5,2025-03-05,SELL,PWR,,248.0
5,2025-03-07,SELL,SOFI,,1.0
5,2025-03-10,SELL,XPO,,280.0
5,2025-03-10,BUY,VRNA,,503.0
5,2025-03-19,BUY,LX,,3089.0
5,2025-03-20,BUY,SRAD,,1460.0
5,2025-03-21,BUY,ESLT,,80.0
5,2025-04-03,BUY,EAT,,215.0
5,2025-04-04,SELL,NVDA,,510.0
5,2025-04-04,SELL,AKR,,4.0
5,2025-04-04,BUY,PYCR,,1435.0
5,2025-04-07,BUY,SWI,,1655.0
5,2025-04-08,SELL,LX,,3089.0
5,2025-04-08,BUY,ATSG,,1349.0
5,2025-04-09,BUY,FNMA,,5760.0
5,2025-05-07,BUY,VRSN,,117.0
5,2025-05-08,BUY,CNP,,853.0
5,2025-05-09,BUY,KC,,2287.0
5,2025-05-28,BUY,NUTX,,209.0
5,2025-05-29,BUY,TDUP,,1435.0
5,2025-06-03,BUY,BBVA,,10.0
5,2025-06-11,SELL,NUTX,,209.0
5,2025-07-15,BUY,ASM,,5857.0
5,2025-07-23,SELL,FNMA,,5760.0
5,2025-08-08,SELL,LLY,,105.0
5,2025-08-22,BUY,WLDN,,334.0
5,2025-09-10,BUY,RBLX,,274.0
5,2025-09-25,SELL,EAT,,215.0
5,2025-10-14,SELL,TRGP,,170.0
5,2025-10-27,BUY,WDC,,279.0
5,2025-10-28,SELL,VRSN,,117.0
5,2025-10-29,SELL,MMYT,,557.0
5,2025-10-30,SELL,KC,,2287.0
5,2025-11-05,SELL,TDUP,,1435.0
5,2025-11-05,SELL,ASM,,5857.0
5,2025-11-13,SELL,HRB,,518.0
5,2025-11-13,BUY,INDV,,1208.0
5,2025-11-18,SELL,SRAD,,1460.0
5,2025-11-20,SELL,RBLX,,274.0
5,2025-11-20,BUY,BE,,331.0
5,2025-11-28,BUY,LGND,,176.0
5,2025-12-01,BUY,LITE,,112.0
5,2025-12-02,BUY,SNDK,,171.0
5,2025-12-08,BUY,CIEN,,180.0
5,2025-12-09,BUY,ROIV,,1734.0
5,2025-12-16,BUY,PVLA,,407.0
5,2025-12-18,SELL,BE,,331.0
5,2025-12-19,BUY,GOOG,,120.0
5,2025-12-23,BUY,GOOGL,,122.0
5,2026-01-22,BUY,ARWR,,7.0
5,2026-02-04,SELL,EXLS,,4.0
5,2026-03-02,SELL,WLDN,,334.0
5,2026-03-09,BUY,ERAS,,1936.0
5,2026-04-01,BUY,TEN,,1.0
5,2026-04-29,SELL,ERAS,,1936.0
5,2026-05-20,SELL,AEM,,407.0
5,2026-06-01,BUY,KGS,,886.0
5,2026-06-11,SELL,CIEN,,180.0
5,2026-06-11,SELL,PVLA,,407.0
5,2026-06-18,SELL,FOX,,896.0
5,2026-06-23,BUY,ATEX,,842.0
5,2026-07-06,SELL,LITE,,112.0
5,2026-07-08,SELL,SNDK,,171.0
5,2026-07-15,BUY,ATEN,,1587.0
5,2026-07-16,SELL,WDC,,279.0
5,2026-07-16,BUY,BAND,,831.0
5,2026-07-22,BUY,SYRE,,576.0
5,2026-07-30,SELL,BAND,,831.0
10,2006-07-06,BUY,MED,,205.0
10,2006-07-06,BUY,ACLI,,66.0
10,2006-07-06,BUY,FALB,,75.0
10,2006-07-06,BUY,TTI,,131.0
10,2006-07-06,BUY,CHAP1,,56.0
10,2006-07-06,BUY,LFCHY,,64.0
10,2006-07-06,BUY,ADM,,94.0
10,2006-07-06,BUY,LVS,,53.0
10,2006-07-06,BUY,MNST,,19.0
10,2006-07-06,BUY,BFH,,67.0
10,2006-07-06,BUY,AVL1,,84.0
10,2006-07-06,BUY,LECO,,65.0
10,2006-07-06,BUY,DAKT,,137.0
10,2006-07-06,BUY,MTW,,89.0
10,2006-07-06,BUY,VOLT2,,83.0
10,2006-07-06,BUY,EXPD,,74.0
10,2006-07-06,BUY,KEX,,101.0
10,2006-07-06,BUY,OII,,86.0
10,2006-07-06,BUY,FTI1,,57.0
10,2006-07-06,BUY,WEBX1,,111.0
10,2006-07-06,BUY,JLL,,46.0
10,2006-07-06,BUY,AGP,,130.0
10,2006-07-06,BUY,ATI,,58.0
10,2006-07-06,BUY,TEX,,40.0
10,2006-07-06,BUY,WCC,,60.0
10,2006-08-08,SELL,MNST,,76.0
10,2006-08-10,SELL,EXPD,,74.0
10,2006-08-16,SELL,MED,,205.0
10,2006-08-28,SELL,DAKT,,137.0
10,2006-09-08,BUY,CMCSK,,101.0
10,2006-09-12,BUY,HCR1,,65.0
10,2006-09-15,SELL,VOLT2,,83.0
10,2006-09-18,SELL,OII,,86.0
10,2006-09-18,BUY,CXW,,80.0
10,2006-10-04,BUY,CMCSA,,94.0
10,2006-10-17,BUY,EPC,,49.0
10,2006-10-18,BUY,UST1,,42.0
10,2006-11-02,BUY,ACAS,,1.0
10,2006-12-18,BUY,MA,,41.0
10,2006-12-26,SELL,TTI,,131.0
10,2006-12-26,SELL,ADM,,94.0
10,2006-12-26,SELL,KEX,,101.0
10,2006-12-26,SELL,FTI1,,57.0
10,2006-12-26,SELL,WEBX1,,111.0
10,2006-12-26,SELL,WCC,,60.0
10,2007-01-30,BUY,TSG1,,129.0
10,2007-01-31,BUY,CF,,136.0
10,2007-02-01,BUY,MTCH,,109.0
10,2007-02-02,BUY,HAS,,146.0
10,2007-02-05,BUY,TRA,,287.0
10,2007-02-06,BUY,UIS,,11.0
10,2007-02-28,SELL,LFCHY,,170.6688
10,2007-03-30,BUY,MIR2,,102.0
10,2007-05-04,SELL,AGP,,130.0
10,2007-05-15,BUY,GEN1,,179.0
10,2007-05-22,SELL,LVS,,53.0
10,2007-06-06,BUY,TRW,,119.0
10,2007-06-13,SELL,ACLI,,132.0
10,2007-06-22,BUY,NRG,,111.0
10,2007-07-16,BUY,GLBL1,,134.0
10,2007-07-25,SELL,MTCH,,109.0
10,2007-07-30,SELL,UIS,,11.0
10,2007-08-10,SELL,TRA,,287.0
10,2007-08-24,BUY,TBSIQ,,117.0
10,2007-08-29,BUY,DRYS,,71.0
10,2007-09-12,BUY,OII,,1.0
10,2007-10-30,SELL,CMCSA,,141.0
10,2007-10-30,BUY,EDO,,89.0
10,2007-11-02,SELL,CMCSK,,151.5
10,2007-11-08,SELL,JLL,,46.0
10,2007-11-08,SELL,TRW,,119.0
10,2007-11-12,SELL,TEX,,80.0
10,2007-11-13,SELL,TBSIQ,,117.0
10,2007-11-13,SELL,DRYS,,71.0
10,2007-11-30,BUY,MTL,,57.0
10,2007-12-05,BUY,TELFY,,46.0
10,2007-12-11,BUY,IHS2,,71.0
10,2007-12-12,SELL,NRG,,111.0
10,2007-12-12,BUY,BIDU,,12.0
10,2007-12-13,BUY,SIGM,,73.0
10,2007-12-14,BUY,BMRN,,165.0
10,2007-12-17,BUY,KUST,,800.0
10,2007-12-18,SELL,ACAS,,1.0
10,2008-01-04,SELL,GLBL1,,134.0
10,2008-01-07,SELL,ATI,,58.0
10,2008-01-08,SELL,SIGM,,73.0
10,2008-01-10,SELL,HAS,,146.0
10,2008-01-15,BUY,CVD,,49.0
10,2008-01-18,SELL,GEN1,,179.0
10,2008-01-18,SELL,BFH,,67.0
10,2008-01-18,SELL,LECO,,65.0
10,2008-01-18,SELL,MTW,,178.0
10,2008-01-18,SELL,BIDU,,12.0
10,2008-01-22,BUY,PHRM,,63.0
10,2008-02-01,SELL,OII,,1.0
10,2008-02-06,BUY,PRGO,,130.0
10,2008-02-07,SELL,CXW,,160.0
10,2008-02-07,BUY,MEE,,114.0
10,2008-02-08,BUY,MOS,,47.0
10,2008-02-11,BUY,INCY,,372.0
10,2008-02-12,BUY,AUXL,,134.0
10,2008-02-13,BUY,GOLD1,,97.0
10,2008-02-21,BUY,FRFHF,,15.0
10,2008-02-22,BUY,CMO,,255.0
10,2008-02-25,BUY,GLDN1,,44.0
10,2008-02-26,BUY,KGC,,134.0
10,2008-02-27,BUY,CDE,,1.0
10,2008-03-07,SELL,CMO,,255.0
10,2008-03-10,SELL,CELG,,52.0
10,2008-03-11,SELL,INCY,,372.0
10,2008-03-14,BUY,CMP,,74.0
10,2008-03-17,BUY,SID,,113.0
10,2008-03-24,SELL,AUXL,,134.0
10,2008-04-09,BUY,WLTGQ,,68.0
10,2008-04-10,BUY,XEC,,80.0
10,2008-04-11,BUY,EOG,,1.0
10,2008-04-15,BUY,THC,,2.0
10,2008-04-22,SELL,CDE,,1.0
10,2008-04-24,BUY,BPZRQ,,2.0
10,2008-04-30,SELL,KGC,,134.0
10,2008-04-30,SELL,EPC,,49.0
10,2008-05-22,BUY,JRCCQ,,137.0
10,2008-05-29,SELL,TELFY,,46.0
10,2008-06-02,BUY,MMR,,158.0
10,2008-06-03,BUY,CGRNQ,,6.0
10,2008-06-04,SELL,IHS2,,71.0
10,2008-06-13,SELL,GOLD1,,97.0
10,2008-06-30,BUY,UNTCQ,,64.0
10,2008-07-07,SELL,MMR,,158.0
10,2008-07-07,SELL,BMRN,,165.0
10,2008-07-07,BUY,PCXCQ,,38.0
10,2008-07-08,SELL,CVD,,49.0
10,2008-07-09,SELL,JRCCQ,,137.0
10,2008-07-16,BUY,ANRZQ,,51.0
10,2008-07-21,SELL,MIR2,,102.0
10,2008-07-21,SELL,MTL,,171.0
10,2008-07-24,SELL,MEE,,114.0
10,2008-07-24,SELL,BPZRQ,,2.0
10,2008-07-25,SELL,CGRNQ,,6.0
10,2008-07-30,SELL,EOG,,1.0
10,2008-08-05,SELL,XEC,,80.0
10,2008-08-05,SELL,MOS,,47.0
10,2008-08-05,SELL,KUST,,800.0
10,2008-08-06,BUY,SPSX,,98.0
10,2008-08-07,BUY,DRS1,,56.0
10,2008-08-08,SELL,SID,,113.0
10,2008-08-08,BUY,IPHS,,119.0
10,2008-08-12,SELL,FRFHF,,15.0
10,2008-08-22,BUY,FSYS,,80.0
10,2008-08-25,BUY,BUD1,,65.0
10,2008-08-26,BUY,MYGN,,68.0
10,2008-08-27,BUY,SQNM,,197.0
10,2008-08-28,BUY,IKN,,265.0
10,2008-08-29,BUY,WAB,,76.0
10,2008-09-02,BUY,SYNA,,129.0
10,2008-09-04,SELL,CMP,,74.0
10,2008-09-04,SELL,PCXCQ,,38.0
10,2008-09-05,SELL,MA,,41.0
10,2008-09-05,SELL,WLTGQ,,68.0
10,2008-09-05,BUY,THOR1,,156.0
10,2008-09-08,BUY,OCR,,135.0
10,2008-09-09,SELL,UNTCQ,,64.0
10,2008-09-09,BUY,UTHR,,36.0
10,2008-09-10,SELL,CF,,136.0
10,2008-09-10,SELL,ANRZQ,,51.0
10,2008-09-10,BUY,GCO,,110.0
10,2008-09-12,BUY,VAR,,62.0
10,2008-09-18,SELL,IPHS,,119.0
10,2008-09-23,BUY,GAS1,,81.0
10,2008-09-30,SELL,FSYS,,80.0
10,2008-10-03,SELL,THC,,2.0
10,2008-10-06,BUY,LDG,,50.0
10,2008-10-07,BUY,VRX1,,196.0
10,2008-10-08,SELL,GCO,,110.0
10,2008-10-08,SELL,SYNA,,129.0
10,2008-10-08,BUY,UB,,48.0
10,2008-10-09,SELL,SQNM,,197.0
10,2008-10-09,BUY,IMCL,,53.0
10,2008-10-10,SELL,WAB,,76.0
10,2008-10-13,SELL,VAR,,62.0
10,2008-10-13,BUY,PB,,101.0
10,2008-10-14,BUY,BWLD,,93.0
10,2008-10-15,BUY,FDRY,,207.0
10,2008-10-20,BUY,ATML,,906.0
10,2008-10-24,SELL,OCR,,135.0
10,2008-10-27,SELL,PRGO,,130.0
10,2008-10-29,SELL,THOR1,,156.0
10,2008-10-29,SELL,BWLD,,93.0
10,2008-10-29,SELL,UTHR,,36.0
10,2008-11-18,BUY,BRL,,52.0
10,2008-11-26,SELL,ATML,,906.0
10,2008-12-10,BUY,APOL,,46.0
10,2008-12-11,BUY,THOR1,,114.0
10,2008-12-12,BUY,DAL,,334.0
10,2008-12-15,BUY,AMGN,,58.0
10,2008-12-16,BUY,ALO1,,97.0
10,2008-12-17,BUY,LCC,,477.0
10,2008-12-18,BUY,CBST,,140.0
10,2008-12-19,BUY,CRI,,174.0
10,2008-12-24,SELL,GAS1,,81.0
10,2009-01-13,SELL,PB,,101.0
10,2009-01-21,BUY,ALK,,120.0
10,2009-01-22,BUY,JBLU,,536.0
10,2009-01-23,BUY,IDCC,,110.0
10,2009-01-26,BUY,SMG,,102.0
10,2009-01-27,BUY,MNST,,100.0
10,2009-01-28,SELL,DAL,,334.0
10,2009-01-28,BUY,RGLD,,71.0
10,2009-01-29,BUY,FRFHF,,10.0
10,2009-01-30,SELL,LCC,,477.0
10,2009-01-30,BUY,ORLY,,110.0
10,2009-02-02,BUY,DLTR,,77.0
10,2009-02-03,BUY,AVAV,,89.0
10,2009-02-04,BUY,ATHN1,,89.0
10,2009-02-05,BUY,GMCR,,82.0
10,2009-02-09,BUY,FNF,,178.0
10,2009-02-13,BUY,ESINQ,,26.0
10,2009-02-17,BUY,WTRG,,160.0
10,2009-02-19,SELL,CBST,,140.0
10,2009-02-20,SELL,JBLU,,536.0
10,2009-02-20,BUY,MBOT,,1481.0
10,2009-03-02,SELL,ATHN1,,89.0
10,2009-03-02,BUY,COCOQ,,149.0
10,2009-03-03,SELL,ALK,,120.0
10,2009-03-03,SELL,THOR1,,114.0
10,2009-03-04,SELL,VRX1,,196.0
10,2009-03-04,SELL,IDCC,,110.0
10,2009-03-04,BUY,PRDO,,121.0
10,2009-03-05,SELL,FRFHF,,10.0
10,2009-03-11,SELL,AVAV,,89.0
10,2009-03-23,BUY,CVTX,,148.0
10,2009-03-24,BUY,AU,,80.0
10,2009-04-01,BUY,SNDA1,,78.0
10,2009-04-02,BUY,AZO,,18.0
10,2009-04-03,BUY,BKNG,,35.0
10,2009-04-06,BUY,IAG,,381.0
10,2009-04-07,BUY,ADM,,105.0
10,2009-04-08,BUY,NFLX,,16.0
10,2009-04-13,SELL,APOL,,46.0
10,2009-04-13,BUY,CY,,1.0
10,2009-05-08,SELL,FNF,,178.0
10,2009-05-08,SELL,MYGN,,136.0
10,2009-05-13,BUY,TIVO,,147.0
10,2009-06-03,BUY,IQNT,,102.0
10,2009-06-09,SELL,AMGN,,58.0
10,2009-06-10,BUY,PALM,,255.0
10,2009-06-11,BUY,STRZA,,216.0
10,2009-06-18,SELL,MNST,,100.0
10,2009-07-10,BUY,STEC1,,128.0
10,2009-07-21,SELL,RGLD,,71.0
10,2009-07-21,BUY,BIDU,,9.0
10,2009-08-06,SELL,ESINQ,,26.0
10,2009-08-07,SELL,WTRG,,160.0
10,2009-08-12,SELL,MBOT,,1481.0
10,2009-08-20,SELL,COCOQ,,149.0
10,2009-08-20,BUY,ASH,,101.0
10,2009-09-08,BUY,DTGF,,165.0
10,2009-09-09,BUY,PWRD1,,96.0
10,2009-09-14,BUY,FUQI,,97.0
10,2009-09-18,SELL,IQNT,,102.0
10,2009-09-22,SELL,STEC1,,128.0
10,2009-09-22,BUY,CAR,,168.0
10,2009-09-23,SELL,AZO,,18.0
10,2009-10-20,BUY,JNY,,192.0
10,2009-10-22,BUY,VECO,,109.0
10,2009-10-23,BUY,ALU,,1.0
10,2009-10-28,SELL,CAR,,168.0
10,2009-10-28,SELL,FUQI,,97.0
10,2009-10-29,SELL,SNDA1,,78.0
10,2009-11-02,SELL,DTGF,,165.0
10,2009-11-02,SELL,PALM,,255.0
10,2009-11-30,BUY,MATV,,57.0
10,2009-12-01,BUY,TUPBQ,,76.0
10,2009-12-02,BUY,MCK,,57.0
10,2009-12-03,BUY,PRGO,,56.0
10,2009-12-04,BUY,NUS,,1.0
10,2010-01-26,SELL,IAG,,381.0
10,2010-02-09,SELL,ALU,,1.0
10,2010-02-12,SELL,MATV,,57.0
10,2010-02-26,BUY,EL,,63.0
10,2010-03-03,SELL,PWRD1,,96.0
10,2010-03-12,BUY,EW,,41.0
10,2010-03-17,BUY,LNCR,,73.0
10,2010-04-05,BUY,HNT,,1.0
10,2010-05-20,SELL,BKNG,,35.0
10,2010-05-25,SELL,TUPBQ,,76.0
10,2010-05-26,SELL,VECO,,109.0
10,2010-06-08,SELL,GMCR,,369.0
10,2010-06-22,BUY,APKT,,142.0
10,2010-06-25,BUY,TSN,,226.0
10,2010-06-28,SELL,PRDO,,121.0
10,2010-06-28,BUY,VCI,,117.0
10,2010-06-30,SELL,JNY,,192.0
10,2010-07-07,SELL,ASH,,101.0
10,2010-07-09,BUY,IDC,,118.0
10,2010-07-29,BUY,CRUS,,211.0
10,2010-08-11,SELL,CRI,,174.0
10,2010-08-13,BUY,AZO,,19.0
10,2010-08-16,BUY,VMW,,52.0
10,2010-08-18,SELL,EL,,63.0
10,2010-08-27,SELL,LNCR,,109.5
10,2010-09-13,BUY,VRX1,,64.0
10,2010-09-14,BUY,PWER1,,365.0
10,2010-09-20,BUY,ISLN,,165.0
10,2010-10-12,BUY,BHC,,160.0
10,2010-10-22,SELL,CRUS,,211.0
10,2010-11-10,BUY,ENDPQ,,123.0
10,2010-11-23,BUY,LYB,,129.0
10,2010-12-15,SELL,TSN,,226.0
10,2010-12-16,SELL,VCI,,117.0
10,2011-01-18,BUY,ALXN,,61.0
10,2011-01-19,BUY,ATML,,367.0
10,2011-02-04,BUY,FOSL,,44.0
10,2011-03-01,SELL,PWER1,,365.0
10,2011-03-18,SELL,ATML,,367.0
10,2011-03-31,BUY,SM,,74.0
10,2011-04-19,BUY,JAZZ,,52.0
10,2011-05-03,SELL,TIVO,,147.0
10,2011-06-03,BUY,DTGF,,68.0
10,2011-07-28,SELL,APKT,,142.0
10,2011-08-08,SELL,HNT,,1.0
10,2011-08-08,SELL,BHC,,160.0
10,2011-08-09,SELL,EW,,82.0
10,2011-08-09,SELL,FOSL,,44.0
10,2011-08-09,SELL,LYB,,129.0
10,2011-08-09,SELL,ADM,,105.0
10,2011-08-09,SELL,SMG,,102.0
10,2011-08-22,SELL,ENDPQ,,123.0
10,2011-08-22,SELL,NFLX,,16.0
10,2011-08-22,SELL,CY,,1.0
10,2011-08-23,SELL,STRZA,,216.0
10,2011-08-29,BUY,DPZ,,185.0
10,2011-09-08,BUY,QCOR,,167.0
10,2011-09-09,BUY,RGLD,,62.0
10,2011-09-12,BUY,GOLD1,,45.0
10,2011-09-13,BUY,VRUS1,,65.0
10,2011-09-14,BUY,MNST,,57.0
10,2011-09-15,BUY,PSMT,,71.0
10,2011-09-16,BUY,MCD,,58.0
10,2011-09-22,BUY,DMND,,55.0
10,2011-09-23,BUY,CEPH,,61.0
10,2011-09-26,BUY,CROX,,179.0
10,2011-09-27,BUY,CEG1,,16.0
10,2011-09-29,SELL,DTGF,,68.0
10,2011-09-30,SELL,BIDU,,90.0
10,2011-10-04,SELL,SM,,74.0
10,2011-10-19,SELL,CROX,,179.0
10,2011-10-26,SELL,DMND,,55.0
10,2011-10-31,BUY,SUG,,118.0
10,2011-11-01,BUY,GR,,40.0
10,2011-11-03,BUY,BMRN,,154.0
10,2011-11-18,BUY,VFC,,37.0
10,2011-11-28,BUY,NLC,,132.0
10,2011-11-29,BUY,CTRA,,49.0
10,2012-01-23,SELL,CTRA,,49.0
10,2012-02-01,BUY,DG,,124.0
10,2012-02-23,BUY,URI,,130.0
10,2012-03-02,SELL,RGLD,,62.0
10,2012-03-02,BUY,PAA,,66.0
10,2012-03-08,SELL,PSMT,,71.0
10,2012-04-05,SELL,GOLD1,,45.0
10,2012-04-05,SELL,AU,,80.0
10,2012-04-11,BUY,PIRRQ,,308.0
10,2012-04-12,BUY,VAL1,,112.0
10,2012-04-26,BUY,AAPL,,9.0
10,2012-05-08,BUY,HD,,110.0
10,2012-05-09,SELL,NUS,,1.0
10,2012-05-09,BUY,EC,,6.0
10,2012-05-10,BUY,CPWM,,4.0
10,2012-06-04,SELL,DPZ,,185.0
10,2012-06-04,SELL,URI,,130.0
10,2012-06-11,BUY,SHW,,42.0
10,2012-07-17,BUY,PCYC,,77.0
10,2012-07-18,BUY,PSS,,1.0
10,2012-07-26,SELL,QCOR,,167.0
10,2012-08-13,SELL,MNST,,114.0
10,2012-08-15,BUY,SBAC,,92.0
10,2012-08-27,BUY,ELLI,,219.0
10,2012-09-10,BUY,DK,,216.0
10,2012-09-13,BUY,NSM,,44.0
10,2012-10-19,SELL,DLTR,,231.0
10,2012-11-08,SELL,PCYC,,77.0
10,2012-11-14,SELL,NSM,,44.0
10,2012-11-23,BUY,VMED,,166.0
10,2012-11-26,BUY,MPC,,96.0
10,2012-12-11,BUY,WHR,,29.0
10,2012-12-17,BUY,ONIT,,1.0
10,2013-01-16,SELL,AAPL,,9.0
10,2013-01-30,SELL,VMW,,52.0
10,2013-02-01,SELL,ELLI,,219.0
10,2013-02-19,BUY,CVI,,108.0
10,2013-03-04,BUY,EV1,,161.0
10,2013-03-06,BUY,THC,,25.0
10,2013-05-14,SELL,EC,,6.0
10,2013-06-24,SELL,CVI,,108.0
10,2013-06-24,BUY,LGF.B,,222.0
10,2013-07-02,SELL,DK,,216.0
10,2013-07-24,BUY,NXST,,187.0
10,2013-07-25,BUY,CBOE,,134.0
10,2013-08-02,BUY,TW2,,21.0
10,2013-08-26,SELL,THC,,25.0
10,2013-09-24,SELL,MPC,,96.0
10,2013-09-26,BUY,QIHU,,78.0
10,2013-10-24,BUY,MGA,,7.0
10,2014-02-07,SELL,ONIT,,1.0
10,2014-03-12,SELL,NXST,,187.0
10,2014-03-12,BUY,WWE,,28.0
10,2014-03-27,SELL,LGF.B,,222.0
10,2014-04-08,SELL,PIRRQ,,308.0
10,2014-04-08,SELL,QIHU,,78.0
10,2014-04-11,SELL,WWE,,28.0
10,2014-04-11,BUY,GLOG,,295.0
10,2014-04-14,SELL,BMRN,,154.0
10,2014-04-29,BUY,HP,,70.0
10,2014-05-09,BUY,TRGP,,68.0
10,2014-05-12,BUY,CAR,,145.0
10,2014-05-14,BUY,KNX1,,228.0
10,2014-05-15,BUY,CNQ,,1.0
10,2014-10-01,SELL,GLOG,,295.0
10,2014-10-14,SELL,CAR,,145.0
10,2014-10-14,SELL,HP,,70.0
10,2014-10-15,SELL,CNQ,,1.0
10,2014-10-31,BUY,MDVN,,81.0
10,2014-11-13,BUY,CNQR,,66.0
10,2014-11-14,BUY,PANW,,27.0
10,2014-11-17,BUY,CENX,,1.0
10,2014-12-02,SELL,TRGP,,68.0
10,2015-01-05,BUY,LOW,,128.0
10,2015-01-15,SELL,CENX,,1.0
10,2015-01-22,BUY,TPST,,147.0
10,2015-02-18,BUY,KR,,2.0
10,2015-04-01,SELL,TPST,,147.0
10,2015-05-04,BUY,COR,,48.0
10,2015-07-02,SELL,PAA,,132.0
10,2015-08-04,BUY,ADPTQ,,53.0
10,2015-08-21,SELL,MDVN,,81.0
10,2015-09-23,BUY,SKX,,54.0
10,2015-09-28,SELL,JAZZ,,52.0
10,2015-09-29,SELL,WHR,,29.0
10,2015-10-01,SELL,ADPTQ,,53.0
10,2015-10-01,SELL,KNX1,,228.0
10,2015-10-22,SELL,COR,,48.0
10,2015-10-26,SELL,SKX,,162.0
10,2015-10-28,BUY,UHAL,,21.0
10,2015-10-29,BUY,AIZ,,106.0
10,2015-11-02,BUY,ACGL,,116.0
10,2015-11-03,BUY,TYL,,29.0
10,2015-11-23,BUY,VRE,,6.0
10,2015-11-25,BUY,XXII,,5.0
10,2015-12-15,SELL,MGA,,14.0
10,2016-01-05,SELL,PRGO,,56.0
10,2016-01-07,SELL,EV1,,161.0
10,2016-01-08,SELL,XXII,,5.0
10,2016-01-12,SELL,MCK,,57.0
10,2016-01-20,SELL,VFC,,148.0
10,2016-01-20,BUY,SWI1,,134.0
10,2016-01-21,SELL,SBAC,,92.0
10,2016-02-02,SELL,ALXN,,122.0
10,2016-02-05,BUY,TAL,,166.0
10,2016-02-08,SELL,PANW,,27.0
10,2016-02-19,SELL,TYL,,29.0
10,2016-02-22,BUY,HPY,,85.0
10,2016-02-23,BUY,EDU,,250.0
10,2016-02-24,BUY,HRL,,182.0
10,2016-02-25,BUY,COR2,,123.0
10,2016-02-26,BUY,EDR1,,201.0
10,2016-02-29,BUY,CRAY,,188.0
10,2016-03-04,BUY,HMIN,,231.0
10,2016-03-10,BUY,ATO,,39.0
10,2016-03-22,BUY,HMY,,3.0
10,2016-03-29,BUY,BRKR,,1.0
10,2016-04-21,SELL,UHAL,,21.0
10,2016-04-22,SELL,AIZ,,106.0
10,2016-04-26,SELL,ACGL,,116.0
10,2016-05-17,BUY,AG,,763.0
10,2016-05-23,BUY,B,,463.0
10,2016-05-24,BUY,BKH,,144.0
10,2016-05-26,BUY,CDE,,1111.0
10,2016-06-08,BUY,AWK,,95.0
10,2016-06-23,SELL,CRAY,,188.0
10,2016-07-26,BUY,TSEOF,,114.0
10,2016-08-15,SELL,HRL,,182.0
10,2016-08-31,SELL,AG,,763.0
10,2016-09-12,SELL,HMY,,3.0
10,2016-09-15,BUY,EXEL,,670.0
10,2016-09-16,SELL,BRKR,,1.0
10,2016-09-29,SELL,KR,,4.0
10,2016-10-03,BUY,WB,,158.0
10,2016-10-05,SELL,CDE,,1111.0
10,2016-10-05,SELL,B,,463.0
10,2016-10-06,SELL,DG,,124.0
10,2016-10-12,BUY,REN,,294.0
10,2016-10-18,BUY,SPSC,,123.0
10,2016-10-31,BUY,NVDA,,119.0
10,2016-11-01,SELL,EXEL,,670.0
10,2016-11-04,BUY,GEN,,323.0
10,2016-11-07,BUY,BRSL,,56.0
10,2016-11-08,BUY,TTMI,,1.0
10,2016-11-11,SELL,BKH,,144.0
10,2016-11-28,SELL,AWK,,95.0
10,2016-12-02,BUY,DPZ,,51.0
10,2016-12-14,BUY,FNSR,,221.0
10,2016-12-29,BUY,CFG,,2.0
10,2017-03-27,SELL,WB,,158.0
10,2017-04-06,SELL,FNSR,,221.0
10,2017-04-11,SELL,SPSC,,123.0
10,2017-04-27,BUY,MASI,,98.0
10,2017-05-02,SELL,BRSL,,56.0
10,2017-05-09,BUY,WNC,,455.0
10,2017-05-12,BUY,GEO,,85.0
10,2017-06-15,BUY,RACE,,114.0
10,2017-06-16,SELL,REN,,294.0
10,2017-06-22,SELL,CFG,,2.0
10,2017-06-29,SELL,AZO,,19.0
10,2017-07-06,SELL,ORLY,,110.0
10,2017-07-17,BUY,ISRG,,10.0
10,2017-07-19,BUY,SPGI,,68.0
10,2017-07-25,BUY,HRC,,122.0
10,2017-08-01,BUY,FIZZ,,99.0
10,2017-08-07,SELL,TTMI,,1.0
10,2017-08-07,BUY,WGHTQ,,81.0
10,2017-09-07,BUY,SAFM,,2.0
10,2017-10-17,SELL,MASI,,98.0
10,2017-11-01,SELL,GEO,,85.0
10,2017-11-16,BUY,IBKR,,202.0
10,2017-12-04,BUY,LGIH,,5.0
10,2018-01-05,SELL,EDR1,,201.0
10,2018-01-16,SELL,VRE,,6.0
10,2018-02-07,BUY,EC,,407.0
10,2018-02-15,BUY,SRNEQ,,1.0
10,2018-02-23,SELL,SAFM,,2.0
10,2018-03-06,SELL,SRNEQ,,1.0
10,2018-03-20,SELL,FIZZ,,99.0
10,2018-03-27,BUY,NKTR,,87.0
10,2018-04-06,BUY,FTNT,,4.0
10,2018-04-20,BUY,GMED,,6.0
10,2018-05-14,SELL,GEN,,323.0
10,2018-05-29,SELL,LGIH,,5.0
10,2018-06-05,SELL,NKTR,,87.0
10,2018-06-14,BUY,ABMD,,28.0
10,2018-06-28,BUY,WWE,,2.0
10,2018-07-06,BUY,TNDM,,8.0
10,2018-07-31,SELL,TAL,,996.0
10,2018-08-03,SELL,CBOE,,134.0
10,2018-08-13,SELL,WNC,,455.0
10,2018-08-16,SELL,WGHTQ,,81.0
10,2018-08-30,BUY,AMED,,101.0
10,2018-09-05,BUY,IIN,,162.0
10,2018-09-06,SELL,EDU,,250.0
10,2018-09-13,BUY,FNKO,,498.0
10,2018-09-18,BUY,EPAY,,181.0
10,2018-09-28,SELL,IBKR,,202.0
10,2018-10-03,SELL,TNDM,,8.0
10,2018-10-08,BUY,WCG,,37.0
10,2018-10-10,SELL,GMED,,6.0
10,2018-10-11,SELL,IIN,,162.0
10,2018-10-19,SELL,TSEOF,,114.0
10,2018-10-25,SELL,NVDA,,119.0
10,2018-10-30,SELL,WWE,,2.0
10,2018-10-30,BUY,REGI,,354.0
10,2018-11-02,BUY,RGEN,,170.0
10,2018-11-09,BUY,TJX,,198.0
10,2018-11-12,SELL,FNKO,,498.0
10,2018-11-12,BUY,LLY,,96.0
10,2018-11-15,SELL,ABMD,,28.0
10,2018-11-20,BUY,MKC,,69.0
10,2018-11-21,SELL,EPAY,,181.0
10,2018-11-21,SELL,EC,,407.0
10,2018-11-27,BUY,SONC,,237.0
10,2018-11-30,BUY,CABO,,11.0
10,2018-12-14,SELL,RACE,,114.0
10,2018-12-24,BUY,IDTI,,198.0
10,2018-12-26,SELL,WCG,,37.0
10,2018-12-26,SELL,COR2,,123.0
10,2018-12-26,BUY,ESL,,77.0
10,2018-12-27,BUY,SAVEQ,,168.0
10,2018-12-28,BUY,BEL,,393.0
10,2019-01-17,BUY,TRCO,,222.0
10,2019-01-25,BUY,AU,,811.0
10,2019-01-29,BUY,EHTH,,171.0
10,2019-01-30,BUY,NVAX,,2.0
10,2019-03-01,SELL,NVAX,,2.0
10,2019-04-03,SELL,REGI,,354.0
10,2019-04-15,BUY,IONS,,129.0
10,2019-05-02,BUY,ENPH,,824.0
10,2019-05-06,BUY,ZNGA,,1803.0
10,2019-05-07,SELL,TJX,,198.0
10,2019-05-15,BUY,LSCC,,797.0
10,2019-06-03,BUY,PRO,,106.0
10,2019-06-07,BUY,AVLR,,3.0
10,2019-06-20,SELL,SAVEQ,,168.0
10,2019-07-23,BUY,ERIE,,31.0
10,2019-09-10,SELL,EHTH,,171.0
10,2019-09-10,SELL,ENPH,,824.0
10,2019-09-30,SELL,ERIE,,31.0
10,2019-10-02,SELL,IONS,,129.0
10,2019-10-10,BUY,HSY,,77.0
10,2019-10-11,BUY,AWR,,132.0
10,2019-10-29,SELL,PRO,,106.0
10,2019-10-30,BUY,AIZ,,96.0
10,2019-11-01,BUY,AQN,,903.0
10,2019-11-04,BUY,ETR,,104.0
10,2019-11-29,BUY,RH,,2.0
10,2020-03-06,SELL,RH,,2.0
10,2020-03-13,SELL,LSCC,,797.0
10,2020-03-13,SELL,FTNT,,4.0
10,2020-03-13,SELL,AIZ,,96.0
10,2020-03-13,SELL,AU,,811.0
10,2020-03-17,SELL,AMED,,101.0
10,2020-03-17,SELL,SHW,,42.0
10,2020-03-17,SELL,LOW,,128.0
10,2020-03-17,SELL,HD,,110.0
10,2020-03-17,SELL,AWR,,132.0
10,2020-03-17,SELL,AQN,,903.0
10,2020-03-17,SELL,CABO,,11.0
10,2020-03-17,SELL,ISRG,,30.0
10,2020-03-17,SELL,MCD,,58.0
10,2020-03-17,SELL,ETR,,104.0
10,2020-03-17,SELL,MKC,,69.0
10,2020-03-19,SELL,AVLR,,3.0
10,2020-03-19,SELL,SPGI,,68.0
10,2020-03-23,SELL,HRC,,122.0
10,2020-03-24,SELL,HSY,,77.0
10,2020-03-24,SELL,ATO,,39.0
10,2020-04-07,BUY,REGN,,21.0
10,2020-04-15,BUY,TDOC,,68.0
10,2020-04-16,BUY,FIT,,1592.0
10,2020-04-17,BUY,CCOI,,119.0
10,2020-04-20,BUY,ZM,,72.0
10,2020-04-21,BUY,CODX,,747.0
10,2020-04-22,BUY,AXSM,,162.0
10,2020-04-23,BUY,EVBG,,89.0
10,2020-04-24,BUY,EHTH,,87.0
10,2020-04-27,BUY,SE,,203.0
10,2020-04-28,BUY,DXCM,,33.0
10,2020-04-29,BUY,XLRN,,116.0
10,2020-04-30,BUY,QDEL,,78.0
10,2020-05-01,BUY,VXRT,,3987.0
10,2020-05-04,BUY,AUPH,,683.0
10,2020-05-05,BUY,BILI,,411.0
10,2020-05-06,BUY,GOTU,,278.0
10,2020-05-07,BUY,ARVN,,214.0
10,2020-05-08,BUY,LMNX1,,184.0
10,2020-05-11,BUY,NVAX,,46.0
10,2020-05-15,BUY,VBIV,,1.0
10,2020-05-22,SELL,GOTU,,278.0
10,2020-06-01,SELL,ARVN,,214.0
10,2020-06-08,SELL,CODX,,747.0
10,2020-06-24,BUY,DKNG,,327.0
10,2020-06-29,SELL,EHTH,,87.0
10,2020-07-01,BUY,FVRR,,181.0
10,2020-07-09,BUY,DOCU,,41.0
10,2020-07-28,SELL,VXRT,,3987.0
10,2020-07-29,SELL,VBIV,,1.0
10,2020-07-30,BUY,WKHS,,891.0
10,2020-08-13,SELL,NVAX,,46.0
10,2020-08-27,BUY,LVGO,,110.0
10,2020-08-28,SELL,QDEL,,78.0
10,2020-08-28,SELL,LMNX1,,184.0
10,2020-08-28,BUY,BAND,,98.0
10,2020-09-08,SELL,AXSM,,162.0
10,2020-09-15,BUY,APPS,,592.0
10,2020-09-21,SELL,CCOI,,119.0
10,2020-09-30,BUY,AGNT,,382.0
10,2020-10-01,BUY,RUN,,156.0
10,2020-10-08,BUY,NIO,,1.0
10,2020-10-19,SELL,DKNG,,327.0
10,2020-10-21,SELL,WKHS,,891.0
10,2020-10-21,BUY,ALTO,,1364.0
10,2020-10-22,SELL,AUPH,,683.0
10,2020-10-27,SELL,AGNT,,382.0
10,2020-10-28,SELL,ALTO,,1364.0
10,2020-10-28,SELL,RUN,,156.0
10,2020-10-29,SELL,EVBG,,89.0
10,2020-11-02,SELL,APPS,,592.0
10,2020-11-03,SELL,DXCM,,33.0
10,2020-11-11,SELL,TDOC,,68.0
10,2020-11-11,SELL,ZM,,72.0
10,2020-11-18,BUY,FDX,,53.0
10,2020-11-20,BUY,PACB,,1003.0
10,2020-11-23,BUY,DAR,,330.0
10,2020-11-27,BUY,AGNT,,300.0
10,2020-11-30,BUY,GNRC,,71.0
10,2020-12-01,BUY,LOB,,384.0
10,2020-12-02,BUY,MRTX,,67.0
10,2020-12-03,BUY,FRHC,,403.0
10,2020-12-04,BUY,LPRO,,594.0
10,2020-12-14,BUY,PWR,,186.0
10,2020-12-15,BUY,INFY,,1.0
10,2020-12-16,BUY,KURA,,1.0
10,2021-02-23,SELL,REGN,,21.0
10,2021-02-25,SELL,PACB,,1003.0
10,2021-02-26,SELL,KURA,,1.0
10,2021-03-02,BUY,SICPQ,,149.0
10,2021-03-03,SELL,NIO,,1.0
10,2021-03-04,SELL,AGNT,,600.0
10,2021-03-04,SELL,BAND,,98.0
10,2021-03-05,SELL,FVRR,,181.0
10,2021-03-09,SELL,BILI,,411.0
10,2021-03-25,BUY,TPR,,474.0
10,2021-03-29,SELL,MRTX,,67.0
10,2021-03-29,BUY,CTRN,,230.0
10,2021-03-30,BUY,ATKR,,282.0
10,2021-04-05,BUY,DEN,,401.0
10,2021-04-06,BUY,SM,,1187.0
10,2021-04-07,BUY,TPL,,12.0
10,2021-04-08,BUY,CPE,,523.0
10,2021-04-09,BUY,DBRG,,3042.0
10,2021-04-26,SELL,SICPQ,,149.0
10,2021-04-29,BUY,DAC,,386.0
10,2021-05-13,SELL,DOCU,,41.0
10,2021-05-26,BUY,CHRD,,221.0
10,2021-06-15,BUY,COF,,1.0
10,2021-07-19,SELL,CPE,,523.0
10,2021-07-20,SELL,SM,,1187.0
10,2021-08-09,SELL,ZNGA,,1803.0
10,2021-08-13,SELL,CTRN,,230.0
10,2021-08-18,BUY,ORLY,,37.0
10,2021-08-19,BUY,LSI,,184.0
10,2021-09-08,SELL,TPL,,12.0
10,2021-09-09,BUY,EPAM,,37.0
10,2021-09-15,BUY,WST,,48.0
10,2021-09-29,SELL,DBRG,,3042.0
10,2021-10-01,SELL,FDX,,53.0
10,2021-10-08,BUY,PRFT,,184.0
10,2021-10-29,BUY,ASAN,,61.0
10,2021-11-02,BUY,ARES,,1.0
10,2021-11-11,SELL,LPRO,,594.0
10,2021-12-02,SELL,ASAN,,61.0
10,2021-12-03,SELL,COF,,1.0
10,2021-12-06,SELL,SE,,203.0
10,2021-12-13,SELL,GNRC,,71.0
10,2021-12-14,BUY,FDS,,49.0
10,2022-01-04,BUY,BLDR,,279.0
10,2022-01-05,BUY,WIRE,,163.0
10,2022-01-06,SELL,RGEN,,170.0
10,2022-01-06,BUY,COST,,40.0
10,2022-01-07,BUY,ACLS,,312.0
10,2022-01-13,BUY,ON,,332.0
10,2022-01-18,SELL,PRFT,,184.0
10,2022-01-20,SELL,EPAM,,37.0
10,2022-01-21,SELL,LOB,,384.0
10,2022-02-08,BUY,CVE,,1351.0
10,2022-02-17,BUY,VET,,1206.0
10,2022-02-22,BUY,CVX,,155.0
10,2022-02-23,BUY,CNQ,,356.0
10,2022-03-08,SELL,WST,,48.0
10,2022-03-08,SELL,TPR,,474.0
10,2022-03-09,SELL,DPZ,,51.0
10,2022-04-07,BUY,ABBV,,128.0
10,2022-04-08,BUY,MCK,,68.0
10,2022-04-11,BUY,PCRX,,132.0
10,2022-04-12,SELL,ACLS,,312.0
10,2022-04-25,SELL,FRHC,,403.0
10,2022-04-26,SELL,ARES,,1.0
10,2022-05-13,BUY,AMR,,132.0
10,2022-05-19,SELL,DAC,,386.0
10,2022-05-20,SELL,COST,,40.0
10,2022-05-25,SELL,BLDR,,279.0
10,2022-05-25,BUY,BMY,,269.0
10,2022-05-26,SELL,INFY,,1.0
10,2022-05-26,BUY,SRE,,126.0
10,2022-06-07,SELL,FDS,,49.0
10,2022-06-14,SELL,LSI,,184.0
10,2022-06-15,SELL,PCRX,,132.0
10,2022-06-22,BUY,STNG,,523.0
10,2022-06-23,SELL,DEN,,401.0
10,2022-06-23,SELL,ATKR,,282.0
10,2022-06-23,BUY,PBF,,566.0
10,2022-06-24,SELL,VET,,1206.0
10,2022-06-28,BUY,MRK,,206.0
10,2022-06-29,SELL,WIRE,,163.0
10,2022-06-29,BUY,CNR,,356.0
10,2022-07-01,SELL,CHRD,,221.0
10,2022-07-01,SELL,DAR,,330.0
10,2022-07-05,SELL,ON,,332.0
10,2022-07-05,SELL,AMR,,132.0
10,2022-07-07,SELL,CVE,,1351.0
10,2022-07-11,BUY,HRB,,500.0
10,2022-07-13,SELL,CNQ,,356.0
10,2022-07-18,BUY,LNTH,,265.0
10,2022-07-19,BUY,SWCH,,553.0
10,2022-07-26,BUY,GO,,429.0
10,2022-07-27,BUY,GLNG,,843.0
10,2022-07-28,BUY,SAIL1,,303.0
10,2022-08-01,BUY,VTNRQ,,1425.0
10,2022-08-03,BUY,CHNG,,794.0
10,2022-08-04,BUY,ACC,,292.0
10,2022-08-05,BUY,MNDT,,827.0
10,2022-08-08,BUY,CTIC,,2576.0
10,2022-08-09,BUY,TH,,164.0
10,2022-08-10,SELL,VTNRQ,,1425.0
10,2022-08-30,BUY,MUSA,,65.0
10,2022-09-12,BUY,NFE,,342.0
10,2022-09-26,BUY,INSW,,540.0
10,2022-09-29,SELL,ABBV,,128.0
10,2022-09-29,BUY,DHT,,1574.0
10,2022-10-13,SELL,CTIC,,2576.0
10,2022-10-17,SELL,GO,,429.0
10,2022-10-25,BUY,ELF,,470.0
10,2022-10-31,BUY,FSLR,,152.0
10,2022-11-04,SELL,LNTH,,265.0
10,2022-11-14,BUY,AVEO,,1359.0
10,2022-11-15,SELL,BMY,,269.0
10,2022-11-16,SELL,SRE,,126.0
10,2022-11-16,BUY,NUVL,,625.0
10,2022-11-17,BUY,MYOV,,757.0
10,2022-12-07,SELL,PBF,,566.0
10,2022-12-20,BUY,ERIE,,73.0
10,2022-12-21,BUY,TTC,,178.0
10,2022-12-22,BUY,RMBS,,546.0
10,2022-12-29,SELL,NFE,,342.0
10,2022-12-29,SELL,HRB,,500.0
10,2023-01-10,BUY,AAWW,,190.0
10,2023-01-18,SELL,GLNG,,843.0
10,2023-02-03,BUY,WFRD,,356.0
10,2023-02-06,BUY,YPF,,1775.0
10,2023-02-07,BUY,GILD,,162.0
10,2023-02-17,BUY,TDW,,7.0
10,2023-02-21,SELL,CNR,,356.0
10,2023-02-22,SELL,MUSA,,65.0
10,2023-03-07,BUY,ALGM,,464.0
10,2023-04-03,BUY,NSIT,,146.0
10,2023-04-04,BUY,IPAR,,143.0
10,2023-04-05,SELL,NUVL,,625.0
10,2023-04-05,SELL,TH,,164.0
10,2023-04-25,BUY,WYNN,,186.0
10,2023-05-03,BUY,NVO,,72.0
10,2023-05-05,SELL,INSW,,540.0
10,2023-05-05,SELL,DHT,,1574.0
10,2023-05-08,BUY,PEN,,66.0
10,2023-05-09,BUY,META,,58.0
10,2023-06-07,BUY,BLDR,,4.0
10,2023-06-08,BUY,TPH,,1.0
10,2023-06-13,SELL,STNG,,523.0
10,2023-06-14,SELL,ERIE,,73.0
10,2023-06-15,SELL,TTC,,178.0
10,2023-07-17,BUY,NVDA,,49.0
10,2023-07-18,BUY,MANH,,111.0
10,2023-07-19,BUY,PANW,,45.0
10,2023-08-01,SELL,GILD,,162.0
10,2023-08-28,SELL,ALGM,,464.0
10,2023-08-31,BUY,APP,,541.0
10,2023-09-26,SELL,IPAR,,143.0
10,2023-09-27,SELL,FSLR,,152.0
10,2023-09-28,SELL,PEN,,66.0
10,2023-09-28,BUY,CEG,,198.0
10,2023-10-06,SELL,ELF,,470.0
10,2023-10-16,SELL,WYNN,,186.0
10,2023-10-26,SELL,BLDR,,4.0
10,2023-10-26,BUY,VRT,,572.0
10,2023-10-27,BUY,UEC,,3760.0
10,2023-10-30,BUY,ANF,,359.0
10,2023-10-31,SELL,YPF,,1775.0
10,2023-11-07,BUY,MMYT,,541.0
10,2023-11-15,BUY,CLS,,859.0
10,2023-11-28,BUY,CNR,,184.0
10,2023-11-29,SELL,TPH,,1.0
10,2023-12-01,BUY,AEO,,3.0
10,2024-01-02,BUY,CVSA,,3.0
10,2024-01-08,SELL,MANH,,111.0
10,2024-02-08,BUY,NRG,,418.0
10,2024-02-20,SELL,CNR,,184.0
10,2024-02-22,SELL,PANW,,45.0
10,2024-03-21,BUY,WING,,78.0
10,2024-03-25,BUY,CNM,,5.0
10,2024-06-12,SELL,UEC,,3760.0
10,2024-07-16,BUY,TRGP,,164.0
10,2024-07-31,SELL,VRT,,572.0
10,2024-07-31,SELL,RMBS,,546.0
10,2024-08-05,SELL,ANF,,359.0
10,2024-08-30,BUY,ADMA,,1944.0
10,2024-09-03,BUY,CRS,,233.0
10,2024-09-05,SELL,CNM,,5.0
10,2024-09-05,BUY,LMT,,56.0
10,2024-09-06,SELL,WFRD,,356.0
10,2024-09-09,SELL,CLS,,859.0
10,2024-09-09,SELL,TDW,,7.0
10,2024-10-07,BUY,WELL,,284.0
10,2024-10-08,BUY,AHR,,1426.0
10,2024-10-09,BUY,AFL,,170.0
10,2024-10-10,BUY,AKR,,4.0
10,2024-10-31,SELL,WING,,78.0
10,2024-11-12,SELL,AEO,,3.0
10,2024-11-15,SELL,NSIT,,146.0
10,2024-11-18,SELL,NVO,,144.0
10,2024-12-03,BUY,CNK,,1131.0
10,2024-12-13,BUY,LLYVK,,287.0
10,2024-12-18,BUY,EXLS,,6.0
10,2024-12-19,BUY,RKLB,,1.0
10,2025-02-05,SELL,MRK,,206.0
10,2025-02-18,SELL,LMT,,56.0
10,2025-02-25,SELL,ADMA,,1944.0
10,2025-02-26,SELL,RKLB,,1.0
10,2025-02-27,SELL,APP,,541.0
10,2025-03-04,SELL,CNK,,1131.0
10,2025-03-04,SELL,CEG,,198.0
10,2025-03-05,SELL,PWR,,186.0
10,2025-03-10,BUY,VRNA,,587.0
10,2025-03-20,BUY,SRAD,,1701.0
10,2025-03-27,BUY,ESLT,,98.0
10,2025-03-28,BUY,LX,,3396.0
10,2025-03-31,BUY,FNMA,,5747.0
10,2025-04-03,BUY,FOX,,730.0
10,2025-04-04,SELL,AKR,,4.0
10,2025-04-04,SELL,NVDA,,490.0
10,2025-04-04,BUY,PYCR,,1658.0
10,2025-04-07,SELL,META,,58.0
10,2025-04-07,BUY,SWI,,1912.0
10,2025-04-08,SELL,LX,,3396.0
10,2025-05-07,BUY,VRSN,,134.0
10,2025-05-08,BUY,CNP,,981.0
10,2025-05-09,BUY,KC,,2648.0
10,2025-05-12,BUY,PLMR,,235.0
10,2025-05-29,BUY,TDUP,,5490.0
10,2025-06-02,BUY,SSRM,,3373.0
10,2025-07-23,SELL,FNMA,,5747.0
10,2025-08-06,SELL,PLMR,,235.0
10,2025-08-08,SELL,LLY,,96.0
10,2025-08-22,BUY,WLDN,,401.0
10,2025-09-08,BUY,APH,,394.0
10,2025-09-10,BUY,RBLX,,332.0
10,2025-10-14,SELL,TRGP,,164.0
10,2025-10-28,SELL,VRSN,,134.0
10,2025-10-29,SELL,MMYT,,541.0
10,2025-10-30,SELL,KC,,2648.0
10,2025-11-03,SELL,CVSA,,3.0
10,2025-11-05,SELL,TDUP,,5490.0
10,2025-11-13,BUY,WDC,,263.0
10,2025-11-18,SELL,SRAD,,1701.0
10,2025-11-20,SELL,RBLX,,332.0
10,2025-11-20,BUY,BE,,397.0
10,2025-11-28,BUY,LGND,,211.0
10,2025-12-01,BUY,LITE,,135.0
10,2025-12-02,BUY,SNDK,,206.0
10,2025-12-04,BUY,ROIV,,2065.0
10,2025-12-08,BUY,CIEN,,215.0
10,2025-12-18,SELL,BE,,397.0
10,2025-12-19,BUY,PVLA,,448.0
10,2025-12-23,BUY,GOOG,,86.0
10,2026-01-22,BUY,ARWR,,7.0
10,2026-02-04,SELL,EXLS,,6.0
10,2026-03-02,SELL,WLDN,,401.0
10,2026-03-09,BUY,ERAS,,2326.0
10,2026-03-23,SELL,SSRM,,3373.0
10,2026-04-01,BUY,FTI,,784.0
10,2026-04-23,BUY,SU,,388.0
10,2026-04-29,SELL,ERAS,,2326.0
10,2026-05-18,SELL,NRG,,418.0
10,2026-06-01,BUY,KGS,,1029.0
10,2026-06-11,SELL,CIEN,,215.0
10,2026-06-11,SELL,PVLA,,448.0
10,2026-06-18,SELL,FOX,,730.0
10,2026-06-18,BUY,ATEX,,914.0
10,2026-07-06,SELL,LITE,,135.0
10,2026-07-08,SELL,SNDK,,206.0
10,2026-07-15,BUY,ATEN,,1849.0
10,2026-07-16,SELL,WDC,,263.0
10,2026-07-16,BUY,BAND,,966.0
10,2026-07-22,BUY,SYRE,,674.0
10,2026-07-30,SELL,BAND,,966.0
15,2006-07-06,BUY,MED,,205.0
15,2006-07-06,BUY,ACLI,,66.0
15,2006-07-06,BUY,FALB,,75.0
15,2006-07-06,BUY,TTI,,131.0
15,2006-07-06,BUY,CHAP1,,56.0
15,2006-07-06,BUY,LFCHY,,64.0
15,2006-07-06,BUY,ADM,,94.0
15,2006-07-06,BUY,LVS,,53.0
15,2006-07-06,BUY,MNST,,19.0
15,2006-07-06,BUY,BFH,,67.0
15,2006-07-06,BUY,AVL1,,84.0
15,2006-07-06,BUY,LECO,,65.0
15,2006-07-06,BUY,DAKT,,137.0
15,2006-07-06,BUY,MTW,,89.0
15,2006-07-06,BUY,VOLT2,,83.0
15,2006-07-06,BUY,EXPD,,74.0
15,2006-07-06,BUY,KEX,,101.0
15,2006-07-06,BUY,OII,,86.0
15,2006-07-06,BUY,FTI1,,57.0
15,2006-07-06,BUY,WEBX1,,111.0
15,2006-07-06,BUY,JLL,,46.0
15,2006-07-06,BUY,AGP,,130.0
15,2006-07-06,BUY,ATI,,58.0
15,2006-07-06,BUY,TEX,,40.0
15,2006-07-06,BUY,WCC,,60.0
15,2006-08-08,SELL,MNST,,76.0
15,2006-08-10,SELL,EXPD,,74.0
15,2006-08-16,SELL,MED,,205.0
15,2006-08-28,SELL,DAKT,,137.0
15,2006-09-08,BUY,CMCSK,,101.0
15,2006-09-12,BUY,HCR1,,65.0
15,2006-09-15,SELL,VOLT2,,83.0
15,2006-09-18,SELL,OII,,86.0
15,2006-09-18,BUY,CXW,,80.0
15,2006-10-04,BUY,CMCSA,,94.0
15,2006-10-17,BUY,EPC,,49.0
15,2006-10-18,BUY,UST1,,41.0
15,2006-11-02,BUY,ACAS,,1.0
15,2006-12-18,BUY,MA,,41.0
15,2006-12-26,SELL,TTI,,131.0
15,2006-12-26,SELL,ADM,,94.0
15,2006-12-26,SELL,KEX,,101.0
15,2006-12-26,SELL,FTI1,,57.0
15,2006-12-26,SELL,WEBX1,,111.0
15,2006-12-26,SELL,WCC,,60.0
15,2007-01-30,BUY,TSG1,,129.0
15,2007-01-31,BUY,CF,,136.0
15,2007-02-01,BUY,MTCH,,109.0
15,2007-02-02,BUY,HAS,,146.0
15,2007-02-05,BUY,TRA,,287.0
15,2007-02-06,BUY,UIS,,11.0
15,2007-02-28,SELL,LFCHY,,170.6688
15,2007-03-30,BUY,MIR2,,102.0
15,2007-05-04,SELL,AGP,,130.0
15,2007-05-15,BUY,GEN1,,179.0
15,2007-05-22,SELL,LVS,,53.0
15,2007-06-06,BUY,TRW,,119.0
15,2007-06-13,SELL,ACLI,,132.0
15,2007-06-22,BUY,NRG,,111.0
15,2007-07-16,BUY,GLBL1,,133.0
15,2007-07-25,SELL,MTCH,,109.0
15,2007-07-30,SELL,UIS,,11.0
15,2007-08-10,SELL,TRA,,287.0
15,2007-08-24,BUY,TBSIQ,,118.0
15,2007-08-29,BUY,DRYS,,71.0
15,2007-09-12,BUY,CROX,,1.0
15,2007-10-30,SELL,CMCSA,,141.0
15,2007-10-30,BUY,EDO,,89.0
15,2007-11-02,SELL,CMCSK,,151.5
15,2007-11-02,SELL,CROX,,1.0
15,2007-11-08,SELL,JLL,,46.0
15,2007-11-08,SELL,TRW,,119.0
15,2007-11-12,SELL,TEX,,80.0
15,2007-11-13,SELL,TBSIQ,,118.0
15,2007-11-13,SELL,DRYS,,71.0
15,2007-11-30,BUY,MTL,,57.0
15,2007-12-05,BUY,TELFY,,46.0
15,2007-12-06,BUY,SIGM,,68.0
15,2007-12-11,BUY,IHS2,,71.0
15,2007-12-12,SELL,NRG,,111.0
15,2007-12-12,BUY,BIDU,,12.0
15,2007-12-13,BUY,BMRN,,172.0
15,2007-12-14,BUY,KUST,,821.0
15,2007-12-17,BUY,GLDN1,,47.0
15,2007-12-18,SELL,ACAS,,1.0
15,2008-01-04,SELL,GLBL1,,133.0
15,2008-01-07,SELL,ATI,,58.0
15,2008-01-08,SELL,SIGM,,68.0
15,2008-01-10,SELL,HAS,,146.0
15,2008-01-15,BUY,CVD,,50.0
15,2008-01-18,SELL,GEN1,,179.0
15,2008-01-18,SELL,BFH,,67.0
15,2008-01-18,SELL,LECO,,65.0
15,2008-01-18,SELL,MTW,,178.0
15,2008-01-18,SELL,BIDU,,12.0
15,2008-01-22,BUY,PHRM,,64.0
15,2008-02-06,BUY,PRGO,,131.0
15,2008-02-07,SELL,CXW,,160.0
15,2008-02-07,BUY,MEE,,116.0
15,2008-02-08,BUY,MOS,,47.0
15,2008-02-11,BUY,INCY,,376.0
15,2008-02-12,BUY,AUXL,,136.0
15,2008-02-13,BUY,GOLD1,,99.0
15,2008-02-21,BUY,FRFHF,,15.0
15,2008-02-22,BUY,CMO,,258.0
15,2008-02-25,BUY,KGC,,141.0
15,2008-02-26,BUY,MFA,,2.0
15,2008-03-07,SELL,CMO,,258.0
15,2008-03-07,SELL,MFA,,2.0
15,2008-03-10,SELL,CELG,,53.0
15,2008-03-11,SELL,INCY,,376.0
15,2008-03-14,BUY,CMP,,75.0
15,2008-03-17,BUY,SID,,115.0
15,2008-03-24,SELL,AUXL,,136.0
15,2008-04-09,BUY,WLTGQ,,68.0
15,2008-04-10,BUY,XEC,,81.0
15,2008-04-11,BUY,EOG,,3.0
15,2008-04-14,BUY,CHKAQ,,1.0
15,2008-04-16,BUY,THC,,4.0
15,2008-04-24,BUY,BPZRQ,,2.0
15,2008-04-30,SELL,KGC,,141.0
15,2008-04-30,SELL,EPC,,49.0
15,2008-05-29,SELL,TELFY,,46.0
15,2008-06-02,BUY,MMR,,164.0
15,2008-06-03,BUY,JRCCQ,,125.0
15,2008-06-04,SELL,IHS2,,71.0
15,2008-06-13,SELL,GOLD1,,99.0
15,2008-06-30,BUY,UNTCQ,,65.0
15,2008-07-07,SELL,MMR,,164.0
15,2008-07-07,SELL,BMRN,,172.0
15,2008-07-07,BUY,PCXCQ,,38.0
15,2008-07-08,SELL,CVD,,50.0
15,2008-07-09,SELL,JRCCQ,,125.0
15,2008-07-16,BUY,ANRZQ,,52.0
15,2008-07-21,SELL,MIR2,,102.0
15,2008-07-21,SELL,MTL,,171.0
15,2008-07-24,SELL,MEE,,116.0
15,2008-07-24,SELL,BPZRQ,,2.0
15,2008-07-24,SELL,CHKAQ,,1.0
15,2008-07-30,SELL,EOG,,3.0
15,2008-08-05,SELL,XEC,,81.0
15,2008-08-05,SELL,MOS,,47.0
15,2008-08-05,SELL,KUST,,821.0
15,2008-08-06,BUY,SPSX,,98.0
15,2008-08-07,BUY,DRS1,,56.0
15,2008-08-08,SELL,SID,,115.0
15,2008-08-08,BUY,IPHS,,119.0
15,2008-08-12,SELL,FRFHF,,15.0
15,2008-08-22,BUY,FSYS,,80.0
15,2008-08-25,BUY,BUD1,,66.0
15,2008-08-26,BUY,MYGN,,68.0
15,2008-08-27,BUY,SQNM,,198.0
15,2008-08-28,BUY,IKN,,266.0
15,2008-08-29,BUY,WAB,,76.0
15,2008-09-03,BUY,SYNA,,128.0
15,2008-09-04,SELL,CMP,,75.0
15,2008-09-04,SELL,PCXCQ,,38.0
15,2008-09-05,SELL,MA,,41.0
15,2008-09-05,SELL,WLTGQ,,68.0
15,2008-09-05,BUY,THOR1,,157.0
15,2008-09-08,BUY,OCR,,136.0
15,2008-09-09,SELL,UNTCQ,,65.0
15,2008-09-09,BUY,UTHR,,37.0
15,2008-09-10,SELL,CF,,136.0
15,2008-09-10,SELL,ANRZQ,,52.0
15,2008-09-10,BUY,GCO,,111.0
15,2008-09-12,BUY,VAR,,62.0
15,2008-09-18,SELL,IPHS,,119.0
15,2008-09-23,BUY,GAS1,,82.0
15,2008-09-30,SELL,FSYS,,80.0
15,2008-10-06,SELL,THC,,4.0
15,2008-10-06,BUY,LDG,,51.0
15,2008-10-07,BUY,VRX1,,198.0
15,2008-10-08,SELL,GCO,,111.0
15,2008-10-08,SELL,SYNA,,128.0
15,2008-10-08,BUY,UB,,49.0
15,2008-10-09,SELL,SQNM,,198.0
15,2008-10-09,BUY,IMCL,,53.0
15,2008-10-10,SELL,WAB,,76.0
15,2008-10-13,SELL,VAR,,62.0
15,2008-10-13,BUY,PB,,102.0
15,2008-10-14,BUY,BWLD,,94.0
15,2008-10-15,BUY,FDRY,,209.0
15,2008-10-20,BUY,ATML,,914.0
15,2008-10-24,SELL,OCR,,136.0
15,2008-10-27,SELL,PRGO,,131.0
15,2008-10-29,SELL,THOR1,,157.0
15,2008-10-29,SELL,UTHR,,37.0
15,2008-10-29,SELL,BWLD,,94.0
15,2008-11-18,BUY,BRL,,53.0
15,2008-11-26,SELL,ATML,,914.0
15,2008-12-10,BUY,APOL,,46.0
15,2008-12-11,BUY,THOR1,,115.0
15,2008-12-12,BUY,DAL,,337.0
15,2008-12-15,BUY,AMGN,,58.0
15,2008-12-16,BUY,ALO1,,97.0
15,2008-12-17,BUY,LCC,,482.0
15,2008-12-18,BUY,CBST,,142.0
15,2008-12-19,BUY,CRI,,176.0
15,2008-12-24,SELL,GAS1,,82.0
15,2009-01-13,SELL,PB,,102.0
15,2009-01-21,BUY,ALK,,121.0
15,2009-01-22,BUY,JBLU,,541.0
15,2009-01-23,BUY,IDCC,,111.0
15,2009-01-26,BUY,SMG,,103.0
15,2009-01-27,BUY,MNST,,101.0
15,2009-01-28,SELL,DAL,,337.0
15,2009-01-28,BUY,RGLD,,72.0
15,2009-01-29,BUY,FRFHF,,10.0
15,2009-01-30,SELL,LCC,,482.0
15,2009-01-30,BUY,ORLY,,111.0
15,2009-02-02,BUY,DLTR,,78.0
15,2009-02-03,BUY,AVAV,,90.0
15,2009-02-04,BUY,ATHN1,,90.0
15,2009-02-05,BUY,GMCR,,82.0
15,2009-02-09,BUY,FNF,,179.0
15,2009-02-13,BUY,ESINQ,,27.0
15,2009-02-17,BUY,WTRG,,161.0
15,2009-02-19,SELL,CBST,,142.0
15,2009-02-20,SELL,JBLU,,541.0
15,2009-02-20,BUY,MBOT,,1494.0
15,2009-03-02,SELL,ATHN1,,90.0
15,2009-03-02,BUY,COCOQ,,151.0
15,2009-03-03,SELL,ALK,,121.0
15,2009-03-03,SELL,THOR1,,115.0
15,2009-03-04,SELL,VRX1,,198.0
15,2009-03-04,SELL,IDCC,,111.0
15,2009-03-04,BUY,PRDO,,122.0
15,2009-03-05,SELL,FRFHF,,10.0
15,2009-03-11,SELL,AVAV,,90.0
15,2009-03-23,BUY,CVTX,,150.0
15,2009-03-24,BUY,AU,,81.0
15,2009-04-01,BUY,SNDA1,,78.0
15,2009-04-02,BUY,AZO,,18.0
15,2009-04-03,BUY,BKNG,,35.0
15,2009-04-06,BUY,IAG,,385.0
15,2009-04-07,BUY,ADM,,106.0
15,2009-04-08,BUY,NFLX,,17.0
15,2009-04-13,SELL,APOL,,46.0
15,2009-04-13,BUY,Q1,,1.0
15,2009-05-08,SELL,FNF,,179.0
15,2009-05-08,SELL,MYGN,,136.0
15,2009-05-13,BUY,TIVO,,148.0
15,2009-06-03,BUY,IQNT,,103.0
15,2009-06-09,SELL,AMGN,,58.0
15,2009-06-10,BUY,PALM,,257.0
15,2009-06-11,BUY,STRZA,,218.0
15,2009-06-18,SELL,MNST,,101.0
15,2009-07-10,BUY,STEC1,,129.0
15,2009-07-21,SELL,RGLD,,72.0
15,2009-07-21,BUY,BIDU,,9.0
15,2009-08-06,SELL,ESINQ,,27.0
15,2009-08-07,SELL,WTRG,,161.0
15,2009-08-12,SELL,MBOT,,1494.0
15,2009-08-20,SELL,COCOQ,,151.0
15,2009-08-20,BUY,ASH,,101.0
15,2009-09-08,BUY,DTGF,,166.0
15,2009-09-09,SELL,Q1,,1.0
15,2009-09-09,BUY,PWRD1,,96.0
15,2009-09-14,BUY,FUQI,,102.0
15,2009-09-18,SELL,IQNT,,103.0
15,2009-09-22,SELL,STEC1,,129.0
15,2009-09-22,BUY,CAR,,169.0
15,2009-09-23,SELL,AZO,,18.0
15,2009-10-09,BUY,THC,,626.0
15,2009-10-20,BUY,JNY,,143.0
15,2009-10-22,BUY,BEXP,,2.0
15,2009-10-27,BUY,VG2,,2.0
15,2009-10-28,SELL,CAR,,169.0
15,2009-10-28,SELL,FUQI,,102.0
15,2009-10-29,SELL,SNDA1,,78.0
15,2009-11-02,SELL,DTGF,,166.0
15,2009-11-02,SELL,PALM,,257.0
15,2009-11-19,SELL,VG2,,2.0
15,2009-11-30,BUY,MATV,,57.0
15,2009-12-01,BUY,TUPBQ,,76.0
15,2009-12-02,BUY,MCK,,57.0
15,2009-12-03,BUY,PRGO,,60.0
15,2009-12-04,BUY,NUS,,1.0
15,2009-12-23,BUY,FMCC,,4.0
15,2010-01-26,SELL,IAG,,385.0
15,2010-02-12,SELL,MATV,,57.0
15,2010-02-26,BUY,EL,,62.0
15,2010-03-03,SELL,PWRD1,,96.0
15,2010-03-17,BUY,LNCR,,94.0
15,2010-04-05,SELL,THC,,626.0
15,2010-04-05,BUY,EW,,32.0
15,2010-05-05,BUY,VIAV,,272.0
15,2010-05-20,SELL,BKNG,,35.0
15,2010-05-21,SELL,BEXP,,2.0
15,2010-05-25,SELL,TUPBQ,,76.0
15,2010-06-08,SELL,GMCR,,369.0
15,2010-06-17,SELL,FMCC,,4.0
15,2010-06-22,BUY,APKT,,140.0
15,2010-06-23,BUY,VCI,,114.0
15,2010-06-25,BUY,TSN,,224.0
15,2010-06-28,SELL,PRDO,,122.0
15,2010-06-30,SELL,JNY,,143.0
15,2010-07-07,SELL,ASH,,101.0
15,2010-07-07,SELL,VIAV,,272.0
15,2010-07-09,BUY,IDC,,116.0
15,2010-07-20,BUY,HSY,,77.0
15,2010-07-29,BUY,CRUS,,207.0
15,2010-08-11,SELL,CRI,,176.0
15,2010-08-13,BUY,AZO,,19.0
15,2010-08-16,BUY,VMW,,51.0
15,2010-08-17,BUY,OUTR,,83.0
15,2010-08-18,SELL,EL,,62.0
15,2010-08-27,SELL,LNCR,,141.0
15,2010-09-13,BUY,VRX1,,62.0
15,2010-09-14,BUY,PWER1,,356.0
15,2010-09-20,BUY,ISLN,,44.0
15,2010-10-12,BUY,BHC,,144.0
15,2010-10-22,SELL,CRUS,,207.0
15,2010-11-10,BUY,ENDPQ,,75.0
15,2010-11-23,BUY,LYB,,6.0
15,2010-12-13,SELL,VCI,,114.0
15,2010-12-15,SELL,TSN,,224.0
15,2011-01-07,SELL,HSY,,77.0
15,2011-01-13,BUY,NOV,,72.0
15,2011-01-18,SELL,OUTR,,83.0
15,2011-01-18,BUY,ALXN,,59.0
15,2011-02-04,BUY,FOSL,,68.0
15,2011-02-09,BUY,ATML,,111.0
15,2011-02-17,BUY,CY,,1.0
15,2011-03-01,SELL,PWER1,,356.0
15,2011-03-18,SELL,ATML,,111.0
15,2011-03-31,BUY,SM,,57.0
15,2011-04-19,BUY,JAZZ,,1.0
15,2011-05-03,SELL,TIVO,,148.0
15,2011-06-03,BUY,DTGF,,66.0
15,2011-07-28,SELL,APKT,,140.0
15,2011-08-08,SELL,BHC,,144.0
15,2011-08-09,SELL,FOSL,,68.0
15,2011-08-09,SELL,EW,,64.0
15,2011-08-09,SELL,LYB,,6.0
15,2011-08-09,SELL,ADM,,106.0
15,2011-08-09,SELL,SMG,,103.0
15,2011-08-10,SELL,CY,,1.0
15,2011-08-22,SELL,ENDPQ,,75.0
15,2011-08-22,SELL,NFLX,,17.0
15,2011-08-23,SELL,STRZA,,218.0
15,2011-08-29,BUY,DPZ,,181.0
15,2011-09-08,BUY,QCOR,,163.0
15,2011-09-09,BUY,RGLD,,61.0
15,2011-09-12,BUY,GOLD1,,44.0
15,2011-09-13,BUY,VRUS1,,64.0
15,2011-09-14,BUY,MNST,,56.0
15,2011-09-15,BUY,PSMT,,69.0
15,2011-09-16,BUY,MCD,,57.0
15,2011-09-22,SELL,NOV,,72.0
15,2011-09-22,BUY,DMND,,54.0
15,2011-09-23,BUY,CEPH,,59.0
15,2011-09-26,BUY,CROX,,174.0
15,2011-09-29,SELL,DTGF,,66.0
15,2011-09-30,SELL,BIDU,,90.0
15,2011-10-04,SELL,SM,,57.0
15,2011-10-19,SELL,CROX,,174.0
15,2011-10-26,SELL,DMND,,54.0
15,2011-10-28,BUY,SUG,,114.0
15,2011-10-31,BUY,GR,,39.0
15,2011-11-01,BUY,VSEA,,77.0
15,2011-11-03,BUY,BMRN,,150.0
15,2011-11-25,BUY,NLC,,131.0
15,2011-11-28,BUY,GNCIQ,,178.0
15,2011-11-29,BUY,CTRA,,55.0
15,2011-12-27,BUY,MMI1,,130.0
15,2012-01-23,SELL,CTRA,,55.0
15,2012-02-01,BUY,DG,,120.0
15,2012-02-23,BUY,URI,,127.0
15,2012-03-02,SELL,RGLD,,61.0
15,2012-03-02,BUY,PAA,,25.0
15,2012-03-08,SELL,PSMT,,69.0
15,2012-04-05,SELL,GOLD1,,44.0
15,2012-04-05,SELL,AU,,81.0
15,2012-04-11,BUY,PIRRQ,,302.0
15,2012-04-12,BUY,VAL1,,110.0
15,2012-05-08,BUY,HD,,108.0
15,2012-05-09,SELL,NUS,,1.0
15,2012-05-09,BUY,EC,,64.0
15,2012-05-10,BUY,CPWM,,5.0
15,2012-06-04,SELL,DPZ,,181.0
15,2012-06-04,SELL,URI,,127.0
15,2012-06-11,BUY,SHW,,42.0
15,2012-07-17,BUY,PCYC,,104.0
15,2012-07-18,BUY,HAIN,,62.0
15,2012-07-19,BUY,PSS,,1.0
15,2012-07-26,SELL,QCOR,,163.0
15,2012-08-13,SELL,MNST,,112.0
15,2012-08-15,BUY,SBAC,,90.0
15,2012-08-27,BUY,ELLI,,216.0
15,2012-09-10,BUY,DK,,214.0
15,2012-09-13,BUY,NSM,,35.0
15,2012-10-19,SELL,DLTR,,234.0
15,2012-11-08,SELL,PCYC,,104.0
15,2012-11-14,SELL,NSM,,35.0
15,2012-11-23,BUY,VMED,,162.0
15,2012-11-26,BUY,MPC,,93.0
15,2012-12-11,BUY,WHR,,43.0
15,2012-12-17,BUY,BAX,,1.0
15,2013-01-10,SELL,HAIN,,62.0
15,2013-01-30,SELL,VMW,,51.0
15,2013-02-01,SELL,ELLI,,216.0
15,2013-02-12,BUY,CPAY,,89.0
15,2013-03-04,BUY,CVI,,104.0
15,2013-03-06,BUY,MTZ,,1.0
15,2013-05-14,SELL,EC,,64.0
15,2013-06-24,SELL,CVI,,104.0
15,2013-06-24,BUY,LGF.B,,217.0
15,2013-07-02,SELL,DK,,214.0
15,2013-07-24,BUY,NXST,,182.0
15,2013-07-25,BUY,CBOE,,131.0
15,2013-08-02,BUY,TW2,,51.0
15,2013-09-24,SELL,MPC,,93.0
15,2013-10-24,BUY,QIHU,,71.0
15,2014-03-12,SELL,NXST,,182.0
15,2014-03-27,SELL,LGF.B,,217.0
15,2014-04-08,SELL,PIRRQ,,302.0
15,2014-04-08,SELL,QIHU,,71.0
15,2014-04-11,BUY,GLOG,,287.0
15,2014-04-14,SELL,BMRN,,150.0
15,2014-04-29,BUY,HP,,68.0
15,2014-05-08,SELL,GNCIQ,,178.0
15,2014-05-09,BUY,TRGP,,66.0
15,2014-05-12,BUY,CAR,,140.0
15,2014-05-15,BUY,CNQ,,180.0
15,2014-06-10,BUY,EXC,,121.0
15,2014-06-24,SELL,MTZ,,1.0
15,2014-07-25,BUY,NFX1,,1.0
15,2014-10-01,SELL,GLOG,,287.0
15,2014-10-13,SELL,NFX1,,1.0
15,2014-10-14,SELL,HP,,68.0
15,2014-10-14,SELL,CAR,,140.0
15,2014-10-15,SELL,CNQ,,180.0
15,2014-10-31,BUY,MDVN,,77.0
15,2014-11-12,BUY,CNQR,,63.0
15,2014-11-13,BUY,WOOF1,,175.0
15,2014-11-14,BUY,PANW,,3.0
15,2014-11-17,BUY,CENX,,3.0
15,2014-11-28,SELL,EXC,,121.0
15,2014-12-02,SELL,TRGP,,66.0
15,2014-12-31,BUY,LOW,,121.0
15,2015-01-05,BUY,CBRL,,59.0
15,2015-01-15,SELL,CENX,,3.0
15,2015-01-22,BUY,TPST,,61.0
15,2015-02-18,BUY,CEMP,,1.0
15,2015-04-01,SELL,TPST,,61.0
15,2015-05-04,BUY,COR,,22.0
15,2015-07-02,SELL,PAA,,50.0
15,2015-07-02,SELL,BAX,,1.0
15,2015-08-04,BUY,ADPTQ,,22.0
15,2015-08-05,BUY,HZNP,,1.0
15,2015-08-21,SELL,MDVN,,77.0
15,2015-09-23,BUY,SKX,,51.0
15,2015-09-25,SELL,HZNP,,1.0
15,2015-09-28,SELL,JAZZ,,1.0
15,2015-09-29,SELL,WHR,,43.0
15,2015-09-29,SELL,CEMP,,1.0
15,2015-10-01,SELL,ADPTQ,,22.0
15,2015-10-22,SELL,COR,,22.0
15,2015-10-26,SELL,SKX,,153.0
15,2015-10-27,BUY,AIZ,,103.0
15,2015-10-28,BUY,UHAL,,17.0
15,2015-10-29,BUY,ACGL,,3.0
15,2015-10-30,BUY,AF,,1.0
15,2015-11-05,BUY,XXII,,1.0
15,2015-11-23,BUY,VRE,,1.0
15,2015-11-30,BUY,ATVI,,1.0
15,2016-01-05,SELL,PRGO,,60.0
15,2016-01-08,SELL,XXII,,1.0
15,2016-01-12,SELL,MCK,,57.0
15,2016-01-21,SELL,SBAC,,90.0
15,2016-02-02,SELL,ALXN,,118.0
15,2016-02-05,BUY,TAL,,165.0
15,2016-02-08,SELL,PANW,,3.0
15,2016-02-10,SELL,CPAY,,89.0
15,2016-02-10,BUY,HRL,,184.0
15,2016-02-12,BUY,TSN,,127.0
15,2016-02-19,BUY,HPY,,86.0
15,2016-02-23,BUY,EDU,,252.0
15,2016-03-04,BUY,HMIN,,234.0
15,2016-03-10,BUY,ATO,,116.0
15,2016-03-14,BUY,AWK,,78.0
15,2016-04-21,SELL,UHAL,,17.0
15,2016-04-22,SELL,ACGL,,3.0
15,2016-04-25,SELL,AF,,1.0
15,2016-05-17,BUY,AG,,786.0
15,2016-05-23,BUY,B,,476.0
15,2016-05-24,BUY,BKH,,106.0
15,2016-05-25,BUY,CDE,,1.0
15,2016-06-08,BUY,HL,,57.0
15,2016-08-02,SELL,HRL,,184.0
15,2016-08-31,SELL,AG,,786.0
15,2016-09-01,BUY,AMH,,408.0
15,2016-10-03,BUY,EXEL,,638.0
15,2016-10-05,SELL,B,,476.0
15,2016-10-05,SELL,CDE,,1.0
15,2016-10-06,SELL,DG,,120.0
15,2016-11-04,BUY,GEN,,332.0
15,2016-11-07,BUY,NVDA,,114.0
15,2016-11-08,BUY,STM,,1.0
15,2016-11-11,SELL,BKH,,106.0
15,2016-12-14,BUY,FNSR,,202.0
15,2017-03-07,SELL,HL,,57.0
15,2017-04-06,SELL,FNSR,,202.0
15,2017-04-06,BUY,LOPE,,13.0
15,2017-05-09,BUY,WNC,,239.0
15,2017-06-29,SELL,AZO,,19.0
15,2017-07-06,SELL,ORLY,,111.0
15,2017-07-17,BUY,ISRG,,11.0
15,2017-08-01,BUY,FIZZ,,106.0
15,2017-08-07,BUY,WGHTQ,,263.0
15,2017-10-26,BUY,BA,,45.0
15,2018-01-16,SELL,VRE,,1.0
15,2018-02-15,BUY,EC,,734.0
15,2018-03-20,SELL,FIZZ,,106.0
15,2018-04-02,SELL,EXEL,,638.0
15,2018-04-20,BUY,GMED,,249.0
15,2018-05-02,BUY,VIRT,,350.0
15,2018-05-14,SELL,GEN,,332.0
15,2018-06-14,BUY,ABMD,,25.0
15,2018-07-30,SELL,VIRT,,350.0
15,2018-07-31,SELL,TAL,,990.0
15,2018-08-01,SELL,TSN,,127.0
15,2018-08-03,SELL,CBOE,,131.0
15,2018-08-13,SELL,WNC,,239.0
15,2018-08-16,SELL,WGHTQ,,263.0
15,2018-08-29,BUY,TNDM,,314.0
15,2018-08-30,BUY,AMED,,104.0
15,2018-08-31,BUY,WWE,,149.0
15,2018-09-05,BUY,IIN,,169.0
15,2018-09-06,SELL,EDU,,252.0
15,2018-09-10,SELL,STM,,1.0
15,2018-09-13,BUY,FNKO,,523.0
15,2018-09-18,BUY,EPAY,,189.0
15,2018-10-03,SELL,TNDM,,314.0
15,2018-10-08,BUY,WCG,,39.0
15,2018-10-10,SELL,GMED,,249.0
15,2018-10-10,BUY,REGI,,449.0
15,2018-10-11,SELL,IIN,,169.0
15,2018-10-25,SELL,NVDA,,114.0
15,2018-10-30,SELL,WWE,,149.0
15,2018-11-02,BUY,RGEN,,182.0
15,2018-11-09,BUY,TJX,,211.0
15,2018-11-12,SELL,FNKO,,523.0
15,2018-11-12,SELL,ATVI,,1.0
15,2018-11-12,BUY,LLY,,103.0
15,2018-11-15,SELL,ABMD,,25.0
15,2018-11-21,SELL,EC,,734.0
15,2018-11-21,SELL,EPAY,,189.0
15,2018-11-27,BUY,MKC,,75.0
15,2018-11-30,BUY,CABO,,12.0
15,2018-12-14,BUY,MZTI,,59.0
15,2018-12-17,BUY,AEE,,155.0
15,2018-12-19,BUY,HELE,,78.0
15,2018-12-26,SELL,WCG,,39.0
15,2018-12-26,BUY,IDTI,,206.0
15,2018-12-27,BUY,ESL,,85.0
15,2019-01-29,BUY,TRCO,,130.0
15,2019-04-03,SELL,REGI,,449.0
15,2019-04-29,BUY,SEE,,252.0
15,2019-05-06,BUY,ENPH,,844.0
15,2019-05-07,SELL,TJX,,211.0
15,2019-05-15,BUY,ZNGA,,1899.0
15,2019-06-07,BUY,ERIE,,38.0
15,2019-06-10,SELL,MZTI,,59.0
15,2019-06-13,SELL,HELE,,78.0
15,2019-07-11,BUY,AWI,,126.0
15,2019-07-16,BUY,SHOP,,22.0
15,2019-09-10,SELL,ENPH,,844.0
15,2019-09-30,SELL,ERIE,,38.0
15,2019-10-10,BUY,HSY,,80.0
15,2019-10-17,SELL,SEE,,252.0
15,2019-10-30,BUY,AWR,,135.0
15,2019-11-01,BUY,AQN,,927.0
15,2019-11-04,SELL,LOPE,,13.0
15,2019-11-18,BUY,RH,,41.0
15,2019-12-05,BUY,BLDR,,14.0
15,2019-12-31,SELL,AWI,,126.0
15,2020-02-03,BUY,SYNA,,182.0
15,2020-02-26,SELL,BA,,45.0
15,2020-03-06,SELL,RH,,41.0
15,2020-03-10,SELL,BLDR,,14.0
15,2020-03-10,SELL,CBRL,,59.0
15,2020-03-13,SELL,SYNA,,182.0
15,2020-03-13,SELL,SHOP,,22.0
15,2020-03-13,SELL,AIZ,,103.0
15,2020-03-17,SELL,AMED,,104.0
15,2020-03-17,SELL,SHW,,42.0
15,2020-03-17,SELL,HD,,108.0
15,2020-03-17,SELL,AWR,,135.0
15,2020-03-17,SELL,AQN,,927.0
15,2020-03-17,SELL,LOW,,121.0
15,2020-03-17,SELL,ISRG,,33.0
15,2020-03-17,SELL,MKC,,75.0
15,2020-03-17,SELL,MCD,,57.0
15,2020-03-17,SELL,CABO,,12.0
15,2020-03-23,SELL,AMH,,408.0
15,2020-03-24,SELL,AWK,,78.0
15,2020-03-24,SELL,ATO,,116.0
15,2020-03-24,SELL,HSY,,80.0
15,2020-03-27,BUY,SAFE2,,175.0
15,2020-04-06,SELL,SAFE2,,175.0
15,2020-04-07,BUY,REGN,,21.0
15,2020-04-09,BUY,BILI,,418.0
15,2020-04-13,BUY,TDOC,,74.0
15,2020-04-15,BUY,AXSM,,168.0
15,2020-04-16,BUY,FIT,,1647.0
15,2020-04-17,BUY,CCOI,,123.0
15,2020-04-20,BUY,ZM,,75.0
15,2020-04-21,BUY,CODX,,774.0
15,2020-04-22,BUY,KR,,346.0
15,2020-04-23,BUY,EVBG,,92.0
15,2020-04-24,BUY,EHTH,,90.0
15,2020-04-27,BUY,SE,,210.0
15,2020-04-28,BUY,DXCM,,34.0
15,2020-04-29,BUY,XLRN,,119.0
15,2020-04-30,BUY,QDEL,,80.0
15,2020-05-01,BUY,VXRT,,4111.0
15,2020-05-04,BUY,AUPH,,702.0
15,2020-05-05,BUY,CCXI1,,206.0
15,2020-05-06,BUY,GOTU,,286.0
15,2020-05-07,BUY,ARVN,,46.0
15,2020-05-18,BUY,RCUS,,3.0
15,2020-05-22,SELL,GOTU,,286.0
15,2020-06-01,SELL,ARVN,,46.0
15,2020-06-08,SELL,CODX,,774.0
15,2020-06-24,SELL,RCUS,,3.0
15,2020-06-24,BUY,NVAX,,185.0
15,2020-06-29,SELL,EHTH,,90.0
15,2020-07-01,BUY,FVRR,,189.0
15,2020-07-09,BUY,DOCU,,13.0
15,2020-07-28,SELL,VXRT,,4111.0
15,2020-07-29,BUY,LVGO,,137.0
15,2020-07-30,BUY,WKHS,,953.0
15,2020-08-13,SELL,NVAX,,185.0
15,2020-08-27,BUY,BAND,,102.0
15,2020-08-28,SELL,QDEL,,80.0
15,2020-09-08,SELL,AXSM,,168.0
15,2020-09-15,BUY,APPS,,625.0
15,2020-09-21,SELL,CCOI,,123.0
15,2020-09-30,BUY,AGNT,,400.0
15,2020-10-08,BUY,RUN,,225.0
15,2020-10-21,SELL,WKHS,,953.0
15,2020-10-21,BUY,ALTO,,517.0
15,2020-10-22,SELL,AUPH,,702.0
15,2020-10-23,SELL,CCXI1,,206.0
15,2020-10-27,SELL,AGNT,,400.0
15,2020-10-28,SELL,ALTO,,517.0
15,2020-10-29,SELL,EVBG,,92.0
15,2020-11-02,SELL,APPS,,625.0
15,2020-11-03,SELL,DXCM,,34.0
15,2020-11-11,SELL,ZM,,75.0
15,2020-11-11,SELL,TDOC,,74.0
15,2020-11-20,BUY,NIO,,340.0
15,2020-11-23,BUY,FDX,,60.0
15,2020-11-24,BUY,PACB,,1138.0
15,2020-11-27,BUY,AGNT,,324.0
15,2020-11-30,BUY,GNRC,,77.0
15,2020-12-01,BUY,LOB,,412.0
15,2020-12-03,BUY,FRHC,,432.0
15,2020-12-04,BUY,LPRO,,632.0
15,2020-12-14,BUY,PWR,,248.0
15,2020-12-15,BUY,SWAV,,89.0
15,2020-12-16,BUY,KURA,,1.0
15,2021-02-19,SELL,RUN,,225.0
15,2021-02-23,SELL,REGN,,21.0
15,2021-02-25,SELL,PACB,,1138.0
15,2021-02-26,SELL,KURA,,1.0
15,2021-03-02,BUY,SICPQ,,161.0
15,2021-03-03,SELL,NIO,,340.0
15,2021-03-04,SELL,AGNT,,648.0
15,2021-03-04,SELL,BAND,,102.0
15,2021-03-05,SELL,FVRR,,189.0
15,2021-03-08,SELL,SWAV,,89.0
15,2021-03-09,SELL,BILI,,418.0
15,2021-03-23,BUY,CTRN,,239.0
15,2021-03-25,BUY,TPR,,508.0
15,2021-03-29,BUY,WAL,,219.0
15,2021-03-30,BUY,ATKR,,304.0
15,2021-04-05,BUY,DEN,,429.0
15,2021-04-06,BUY,SM,,1273.0
15,2021-04-07,BUY,TPL,,13.0
15,2021-04-08,BUY,CPE,,561.0
15,2021-04-09,BUY,DBRG,,3256.0
15,2021-04-12,BUY,DAC,,346.0
15,2021-04-26,SELL,SICPQ,,161.0
15,2021-05-13,SELL,DOCU,,13.0
15,2021-05-26,BUY,CHRD,,260.0
15,2021-06-15,BUY,COF,,2.0
15,2021-07-19,SELL,CPE,,561.0
15,2021-07-20,SELL,SM,,1273.0
15,2021-08-09,SELL,ZNGA,,1899.0
15,2021-08-13,SELL,CTRN,,239.0
15,2021-08-18,BUY,ORLY,,39.0
15,2021-08-19,BUY,LSI,,196.0
15,2021-09-08,SELL,TPL,,13.0
15,2021-09-09,BUY,EPAM,,39.0
15,2021-09-15,BUY,WST,,53.0
15,2021-09-29,SELL,DBRG,,3256.0
15,2021-10-01,SELL,FDX,,60.0
15,2021-10-08,BUY,PRFT,,197.0
15,2021-10-29,BUY,ASAN,,69.0
15,2021-11-02,BUY,ARES,,2.0
15,2021-11-11,SELL,LPRO,,632.0
15,2021-12-02,SELL,ASAN,,69.0
15,2021-12-03,SELL,COF,,2.0
15,2021-12-06,SELL,SE,,210.0
15,2021-12-13,SELL,GNRC,,77.0
15,2021-12-14,BUY,FDS,,52.0
15,2022-01-04,BUY,BLDR,,299.0
15,2022-01-05,BUY,WIRE,,176.0
15,2022-01-06,SELL,RGEN,,182.0
15,2022-01-06,BUY,COST,,44.0
15,2022-01-07,BUY,ACLS,,338.0
15,2022-01-13,BUY,ON,,360.0
15,2022-01-18,SELL,PRFT,,197.0
15,2022-01-20,SELL,EPAM,,39.0
15,2022-01-21,SELL,LOB,,412.0
15,2022-02-08,BUY,CVE,,1460.0
15,2022-02-17,BUY,VET,,1297.0
15,2022-02-22,BUY,CVX,,167.0
15,2022-02-23,BUY,CNQ,,312.0
15,2022-03-07,SELL,WAL,,219.0
15,2022-03-08,SELL,WST,,53.0
15,2022-03-08,SELL,TPR,,508.0
15,2022-04-06,BUY,ABBV,,145.0
15,2022-04-07,BUY,MCK,,75.0
15,2022-04-08,BUY,MDRX,,372.0
15,2022-04-12,SELL,ACLS,,338.0
15,2022-04-25,SELL,FRHC,,432.0
15,2022-04-26,SELL,ARES,,2.0
15,2022-05-13,BUY,AMR,,143.0
15,2022-05-19,SELL,DAC,,346.0
15,2022-05-20,SELL,COST,,44.0
15,2022-05-25,SELL,BLDR,,299.0
15,2022-05-25,BUY,BMY,,291.0
15,2022-05-26,BUY,SRE,,136.0
15,2022-06-07,SELL,FDS,,52.0
15,2022-06-14,SELL,LSI,,196.0
15,2022-06-14,SELL,MDRX,,372.0
15,2022-06-22,BUY,STNG,,568.0
15,2022-06-23,SELL,DEN,,429.0
15,2022-06-23,SELL,ATKR,,304.0
15,2022-06-23,BUY,PBF,,616.0
15,2022-06-24,SELL,VET,,1297.0
15,2022-06-28,BUY,MRK,,226.0
15,2022-06-29,SELL,WIRE,,176.0
15,2022-07-01,SELL,CHRD,,260.0
15,2022-07-05,SELL,ON,,360.0
15,2022-07-05,SELL,AMR,,143.0
15,2022-07-07,SELL,CVE,,1460.0
15,2022-07-11,BUY,HRB,,551.0
15,2022-07-13,SELL,CNQ,,312.0
15,2022-07-18,BUY,LNTH,,291.0
15,2022-07-19,BUY,CNR,,352.0
15,2022-07-26,BUY,GO,,469.0
15,2022-07-27,BUY,GLNG,,922.0
15,2022-07-28,BUY,SAIL1,,331.0
15,2022-08-01,BUY,SWCH,,627.0
15,2022-08-03,BUY,CHNG,,868.0
15,2022-08-04,BUY,ACC,,320.0
15,2022-08-05,BUY,MNDT,,907.0
15,2022-08-08,BUY,CTIC,,1523.0
15,2022-08-30,BUY,MUSA,,72.0
15,2022-09-26,BUY,INSW,,609.0
15,2022-09-28,SELL,ABBV,,145.0
15,2022-09-29,BUY,DHT,,2600.0
15,2022-10-10,SELL,KR,,346.0
15,2022-10-13,SELL,CTIC,,1523.0
15,2022-10-17,SELL,GO,,469.0
15,2022-10-25,BUY,ELF,,527.0
15,2022-10-28,BUY,HAE,,275.0
15,2022-11-04,SELL,LNTH,,291.0
15,2022-11-09,BUY,AVEO,,1568.0
15,2022-11-14,BUY,FSLR,,149.0
15,2022-11-15,SELL,BMY,,291.0
15,2022-11-16,SELL,SRE,,136.0
15,2022-11-16,BUY,NUVL,,698.0
15,2022-11-17,BUY,MYOV,,847.0
15,2022-12-07,SELL,PBF,,616.0
15,2022-12-20,BUY,ERIE,,82.0
15,2022-12-21,BUY,TTC,,200.0
15,2022-12-22,BUY,RMBS,,223.0
15,2022-12-29,SELL,HRB,,551.0
15,2023-01-10,BUY,AAWW,,203.0
15,2023-01-18,SELL,GLNG,,922.0
15,2023-02-03,BUY,WFRD,,400.0
15,2023-02-06,BUY,YPF,,1957.0
15,2023-02-17,BUY,TDW,,7.0
15,2023-02-21,SELL,CNR,,352.0
15,2023-02-22,SELL,MUSA,,72.0
15,2023-03-07,BUY,ALGM,,522.0
15,2023-04-03,BUY,NSIT,,164.0
15,2023-04-04,BUY,IPAR,,160.0
15,2023-04-05,SELL,NUVL,,698.0
15,2023-04-25,BUY,WYNN,,209.0
15,2023-05-03,BUY,NVO,,45.0
15,2023-05-05,SELL,INSW,,609.0
15,2023-05-05,SELL,DHT,,2600.0
15,2023-05-08,BUY,PEN,,74.0
15,2023-06-07,BUY,BLDR,,182.0
15,2023-06-08,BUY,TPH,,4.0
15,2023-06-13,SELL,STNG,,568.0
15,2023-06-14,SELL,ERIE,,82.0
15,2023-06-15,SELL,TTC,,200.0
15,2023-07-17,BUY,NVDA,,55.0
15,2023-07-18,BUY,MANH,,124.0
15,2023-07-19,BUY,PANW,,48.0
15,2023-08-28,SELL,ALGM,,522.0
15,2023-09-26,SELL,IPAR,,160.0
15,2023-09-27,SELL,FSLR,,149.0
15,2023-09-28,SELL,PEN,,74.0
15,2023-09-28,BUY,CEG,,220.0
15,2023-10-06,SELL,ELF,,527.0
15,2023-10-16,SELL,WYNN,,209.0
15,2023-10-26,SELL,BLDR,,182.0
15,2023-10-26,BUY,VRT,,634.0
15,2023-10-27,BUY,UEC,,4184.0
15,2023-10-30,BUY,ANF,,398.0
15,2023-10-31,SELL,YPF,,1957.0
15,2023-11-07,BUY,MMYT,,596.0
15,2023-11-15,BUY,CLS,,937.0
15,2023-11-28,BUY,CNR,,240.0
15,2023-11-29,SELL,TPH,,4.0
15,2023-12-01,BUY,AEO,,1325.0
15,2024-01-02,BUY,CVSA,,23.0
15,2024-01-08,SELL,MANH,,124.0
15,2024-01-23,SELL,AEE,,155.0
15,2024-02-08,BUY,NRG,,546.0
15,2024-02-20,SELL,CNR,,240.0
15,2024-02-22,SELL,PANW,,48.0
15,2024-02-23,BUY,AGO,,352.0
15,2024-03-21,BUY,WING,,26.0
15,2024-03-25,BUY,CNM,,4.0
15,2024-06-12,SELL,UEC,,4184.0
15,2024-07-16,BUY,TRGP,,185.0
15,2024-07-31,SELL,VRT,,634.0
15,2024-07-31,SELL,RMBS,,223.0
15,2024-08-05,SELL,ANF,,398.0
15,2024-08-15,SELL,AGO,,352.0
15,2024-08-30,BUY,ADMA,,2036.0
15,2024-09-03,BUY,CRS,,244.0
15,2024-09-05,SELL,CNM,,4.0
15,2024-09-05,BUY,LMT,,58.0
15,2024-09-06,SELL,WFRD,,400.0
15,2024-09-09,SELL,TDW,,7.0
15,2024-09-09,SELL,CLS,,937.0
15,2024-09-17,BUY,FOX,,938.0
15,2024-10-07,BUY,WELL,,290.0
15,2024-10-08,BUY,AHR,,1453.0
15,2024-10-09,BUY,AFL,,58.0
15,2024-10-10,BUY,AKR,,3.0
15,2024-10-31,SELL,WING,,26.0
15,2024-11-12,SELL,AEO,,1325.0
15,2024-11-15,SELL,NSIT,,164.0
15,2024-11-18,SELL,NVO,,90.0
15,2024-12-03,BUY,CNK,,1047.0
15,2024-12-13,BUY,LLYVK,,416.0
15,2024-12-18,BUY,EXLS,,5.0
15,2024-12-19,BUY,RKLB,,2.0
15,2025-02-04,SELL,HAE,,275.0
15,2025-02-05,SELL,MRK,,226.0
15,2025-02-18,SELL,LMT,,58.0
15,2025-02-25,SELL,ADMA,,2036.0
15,2025-02-26,SELL,RKLB,,2.0
15,2025-03-04,SELL,CNK,,1047.0
15,2025-03-04,SELL,CEG,,220.0
15,2025-03-05,SELL,PWR,,248.0
15,2025-03-07,BUY,VRNA,,527.0
15,2025-03-10,BUY,LX,,3790.0
15,2025-03-20,BUY,SRAD,,1559.0
15,2025-03-27,BUY,ESLT,,90.0
15,2025-03-28,BUY,RBRK,,540.0
15,2025-04-03,BUY,EAT,,230.0
15,2025-04-04,SELL,AKR,,3.0
15,2025-04-04,SELL,NVDA,,550.0
15,2025-04-04,BUY,PYCR,,1226.0
15,2025-04-07,BUY,SWI,,1734.0
15,2025-04-08,SELL,LX,,3790.0
15,2025-05-07,BUY,VRSN,,125.0
15,2025-05-08,BUY,CNP,,915.0
15,2025-05-09,BUY,KC,,2461.0
15,2025-05-29,BUY,TDUP,,1048.0
15,2025-06-04,BUY,BBVA,,1.0
15,2025-08-08,SELL,LLY,,103.0
15,2025-09-10,BUY,RBLX,,307.0
15,2025-09-25,SELL,EAT,,230.0
15,2025-10-14,SELL,TRGP,,185.0
15,2025-10-27,BUY,WDC,,309.0
15,2025-10-28,SELL,VRSN,,125.0
15,2025-10-29,SELL,MMYT,,596.0
15,2025-10-30,SELL,KC,,2461.0
15,2025-11-03,SELL,CVSA,,23.0
15,2025-11-05,SELL,TDUP,,1048.0
15,2025-11-13,BUY,INDV,,1340.0
15,2025-11-18,SELL,SRAD,,1559.0
15,2025-11-18,SELL,RBRK,,540.0
15,2025-11-20,SELL,RBLX,,307.0
15,2025-11-20,BUY,BE,,366.0
15,2025-11-28,BUY,LGND,,194.0
15,2025-12-01,BUY,LITE,,124.0
15,2025-12-02,BUY,SNDK,,189.0
15,2025-12-04,BUY,ROIV,,1905.0
15,2025-12-08,BUY,CIEN,,199.0
15,2025-12-18,SELL,BE,,366.0
15,2025-12-19,BUY,PVLA,,413.0
15,2025-12-22,BUY,GOOG,,117.0
15,2025-12-23,BUY,AXTI,,1.0
15,2026-01-22,BUY,ARWR,,4.0
15,2026-01-23,SELL,AXTI,,1.0
15,2026-02-04,SELL,EXLS,,5.0
15,2026-02-25,BUY,NESR,,30.0
15,2026-03-09,BUY,ERAS,,43.0
15,2026-04-29,SELL,ERAS,,43.0
15,2026-05-18,SELL,NRG,,546.0
15,2026-06-01,BUY,KGS,,971.0
15,2026-06-11,SELL,CIEN,,199.0
15,2026-06-11,SELL,PVLA,,413.0
15,2026-06-18,SELL,FOX,,938.0
15,2026-06-18,BUY,ATEX,,867.0
15,2026-07-06,SELL,LITE,,124.0
15,2026-07-08,SELL,SNDK,,189.0
15,2026-07-15,BUY,ATEN,,1747.0
15,2026-07-16,SELL,WDC,,309.0
15,2026-07-16,BUY,BAND,,913.0
15,2026-07-22,BUY,SYRE,,635.0
15,2026-07-30,SELL,BAND,,913.0
20,2006-07-06,BUY,MED,,205.0
20,2006-07-06,BUY,ACLI,,66.0
20,2006-07-06,BUY,FALB,,75.0
20,2006-07-06,BUY,TTI,,131.0
20,2006-07-06,BUY,CHAP1,,56.0
20,2006-07-06,BUY,LFCHY,,64.0
20,2006-07-06,BUY,ADM,,94.0
20,2006-07-06,BUY,LVS,,53.0
20,2006-07-06,BUY,MNST,,19.0
20,2006-07-06,BUY,BFH,,67.0
20,2006-07-06,BUY,AVL1,,84.0
20,2006-07-06,BUY,LECO,,65.0
20,2006-07-06,BUY,DAKT,,137.0
20,2006-07-06,BUY,MTW,,89.0
20,2006-07-06,BUY,VOLT2,,83.0
20,2006-07-06,BUY,EXPD,,74.0
20,2006-07-06,BUY,KEX,,101.0
20,2006-07-06,BUY,OII,,86.0
20,2006-07-06,BUY,FTI1,,57.0
20,2006-07-06,BUY,WEBX1,,111.0
20,2006-07-06,BUY,JLL,,46.0
20,2006-07-06,BUY,AGP,,130.0
20,2006-07-06,BUY,ATI,,58.0
20,2006-07-06,BUY,TEX,,40.0
20,2006-07-06,BUY,WCC,,60.0
20,2006-08-08,SELL,MNST,,76.0
20,2006-08-10,SELL,EXPD,,74.0
20,2006-08-16,SELL,MED,,205.0
20,2006-08-28,SELL,DAKT,,137.0
20,2006-09-08,BUY,CMCSK,,101.0
20,2006-09-12,BUY,HCR1,,65.0
20,2006-09-15,SELL,VOLT2,,83.0
20,2006-09-18,SELL,OII,,86.0
20,2006-09-18,BUY,CXW,,80.0
20,2006-10-04,BUY,CMCSA,,94.0
20,2006-10-17,BUY,EPC,,49.0
20,2006-10-18,BUY,UST1,,41.0
20,2006-11-02,BUY,Q1,,1.0
20,2006-12-18,BUY,MA,,41.0
20,2006-12-26,SELL,TTI,,131.0
20,2006-12-26,SELL,ADM,,94.0
20,2006-12-26,SELL,KEX,,101.0
20,2006-12-26,SELL,FTI1,,57.0
20,2006-12-26,SELL,WEBX1,,111.0
20,2006-12-26,SELL,WCC,,60.0
20,2007-01-30,BUY,TSG1,,129.0
20,2007-01-31,BUY,CF,,136.0
20,2007-02-01,BUY,MTCH,,109.0
20,2007-02-02,BUY,HAS,,146.0
20,2007-02-05,BUY,TRA,,287.0
20,2007-02-06,BUY,UIS,,9.0
20,2007-02-28,SELL,LFCHY,,170.6688
20,2007-03-30,BUY,MIR2,,102.0
20,2007-05-04,SELL,AGP,,130.0
20,2007-05-15,BUY,GEN1,,179.0
20,2007-05-22,SELL,LVS,,53.0
20,2007-06-06,BUY,TRW,,119.0
20,2007-06-13,SELL,ACLI,,132.0
20,2007-06-22,BUY,NRG,,111.0
20,2007-07-16,BUY,GLBL1,,133.0
20,2007-07-25,SELL,MTCH,,109.0
20,2007-07-30,SELL,UIS,,9.0
20,2007-08-10,SELL,TRA,,287.0
20,2007-08-24,BUY,TBSIQ,,118.0
20,2007-08-29,BUY,DRYS,,71.0
20,2007-09-12,BUY,SYNA,,1.0
20,2007-10-30,SELL,CMCSA,,141.0
20,2007-10-30,BUY,EDO,,89.0
20,2007-10-31,SELL,Q1,,1.0
20,2007-11-02,SELL,CMCSK,,151.5
20,2007-11-08,SELL,JLL,,46.0
20,2007-11-08,SELL,TRW,,119.0
20,2007-11-12,SELL,TEX,,80.0
20,2007-11-13,SELL,TBSIQ,,118.0
20,2007-11-13,SELL,DRYS,,71.0
20,2007-11-30,BUY,MTL,,57.0
20,2007-12-03,BUY,MON2,,48.0
20,2007-12-05,BUY,TELFY,,46.0
20,2007-12-11,BUY,IHS2,,71.0
20,2007-12-12,SELL,NRG,,111.0
20,2007-12-12,BUY,BIDU,,12.0
20,2007-12-13,BUY,SIGM,,74.0
20,2007-12-14,BUY,BMRN,,166.0
20,2007-12-17,BUY,KUST,,693.0
20,2007-12-24,SELL,SYNA,,1.0
20,2008-01-04,SELL,GLBL1,,133.0
20,2008-01-07,SELL,ATI,,58.0
20,2008-01-08,SELL,SIGM,,74.0
20,2008-01-10,SELL,HAS,,146.0
20,2008-01-15,BUY,CVD,,50.0
20,2008-01-18,SELL,GEN1,,179.0
20,2008-01-18,SELL,BFH,,67.0
20,2008-01-18,SELL,LECO,,65.0
20,2008-01-18,SELL,MTW,,178.0
20,2008-01-18,SELL,BIDU,,12.0
20,2008-01-28,BUY,CNX,,59.0
20,2008-02-06,BUY,PRGO,,130.0
20,2008-02-07,SELL,CXW,,160.0
20,2008-02-07,BUY,MEE,,114.0
20,2008-02-08,BUY,MOS,,47.0
20,2008-02-11,BUY,INCY,,374.0
20,2008-02-12,BUY,AUXL,,135.0
20,2008-02-13,BUY,GOLD1,,98.0
20,2008-02-21,BUY,FRFHF,,15.0
20,2008-02-22,BUY,CMO,,257.0
20,2008-02-25,BUY,GLDN1,,31.0
20,2008-02-26,BUY,KGC,,1.0
20,2008-02-27,BUY,MFA,,1.0
20,2008-03-07,SELL,CMO,,257.0
20,2008-03-07,SELL,MFA,,1.0
20,2008-03-11,SELL,INCY,,374.0
20,2008-03-14,BUY,CMP,,74.0
20,2008-03-24,SELL,AUXL,,135.0
20,2008-04-09,BUY,WLTGQ,,68.0
20,2008-04-10,BUY,XEC,,55.0
20,2008-04-11,BUY,SWN,,1.0
20,2008-04-30,SELL,KGC,,1.0
20,2008-04-30,SELL,EPC,,49.0
20,2008-05-01,BUY,HP,,71.0
20,2008-05-02,BUY,MMR,,3.0
20,2008-05-29,SELL,TELFY,,46.0
20,2008-06-02,BUY,JRCCQ,,106.0
20,2008-06-03,BUY,CGRNQ,,4.0
20,2008-06-04,SELL,IHS2,,71.0
20,2008-06-13,SELL,GOLD1,,98.0
20,2008-06-30,BUY,UNTCQ,,67.0
20,2008-07-07,SELL,BMRN,,166.0
20,2008-07-07,SELL,MMR,,3.0
20,2008-07-07,BUY,PCXCQ,,35.0
20,2008-07-08,SELL,CVD,,50.0
20,2008-07-09,SELL,JRCCQ,,106.0
20,2008-07-16,BUY,ANRZQ,,53.0
20,2008-07-21,SELL,MIR2,,102.0
20,2008-07-21,SELL,MTL,,171.0
20,2008-07-21,SELL,CNX,,59.0
20,2008-07-24,SELL,MEE,,114.0
20,2008-07-24,SELL,SWN,,1.0
20,2008-07-25,SELL,CGRNQ,,4.0
20,2008-08-05,SELL,MOS,,47.0
20,2008-08-05,SELL,XEC,,55.0
20,2008-08-05,SELL,KUST,,693.0
20,2008-08-06,BUY,SPSX,,100.0
20,2008-08-07,BUY,DRS1,,57.0
20,2008-08-08,BUY,IPHS,,122.0
20,2008-08-11,SELL,HP,,71.0
20,2008-08-12,SELL,FRFHF,,15.0
20,2008-08-22,BUY,FSYS,,82.0
20,2008-08-25,BUY,BUD1,,67.0
20,2008-08-26,BUY,MYGN,,70.0
20,2008-08-27,BUY,SQNM,,203.0
20,2008-08-28,BUY,IKN,,273.0
20,2008-08-29,BUY,WAB,,78.0
20,2008-09-03,BUY,SYNA,,131.0
20,2008-09-04,SELL,CMP,,74.0
20,2008-09-04,SELL,PCXCQ,,35.0
20,2008-09-05,SELL,MA,,41.0
20,2008-09-05,SELL,WLTGQ,,68.0
20,2008-09-05,BUY,THOR1,,160.0
20,2008-09-08,BUY,OCR,,139.0
20,2008-09-09,SELL,UNTCQ,,67.0
20,2008-09-09,BUY,UTHR,,38.0
20,2008-09-10,SELL,CF,,136.0
20,2008-09-10,SELL,MON2,,48.0
20,2008-09-10,SELL,ANRZQ,,53.0
20,2008-09-11,BUY,PLCE,,98.0
20,2008-09-12,BUY,VAR,,63.0
20,2008-09-18,SELL,IPHS,,122.0
20,2008-09-23,BUY,GAS1,,83.0
20,2008-09-30,SELL,FSYS,,82.0
20,2008-10-06,BUY,LDG,,52.0
20,2008-10-07,BUY,VRX1,,201.0
20,2008-10-08,SELL,SYNA,,131.0
20,2008-10-08,BUY,UB,,50.0
20,2008-10-09,SELL,SQNM,,203.0
20,2008-10-09,BUY,IMCL,,54.0
20,2008-10-10,SELL,WAB,,78.0
20,2008-10-13,SELL,VAR,,63.0
20,2008-10-13,BUY,PB,,104.0
20,2008-10-14,BUY,BWLD,,96.0
20,2008-10-15,BUY,FDRY,,214.0
20,2008-10-16,SELL,PLCE,,98.0
20,2008-10-17,BUY,PHLY,,63.0
20,2008-10-20,BUY,ATML,,929.0
20,2008-10-24,SELL,OCR,,139.0
20,2008-10-27,SELL,PRGO,,130.0
20,2008-10-29,SELL,BWLD,,96.0
20,2008-10-29,SELL,THOR1,,160.0
20,2008-10-29,SELL,UTHR,,38.0
20,2008-11-18,BUY,BRL,,54.0
20,2008-11-26,SELL,ATML,,929.0
20,2008-12-15,BUY,APOL,,46.0
20,2008-12-16,BUY,THOR1,,121.0
20,2008-12-17,BUY,ALO1,,96.0
20,2008-12-18,BUY,CBST,,143.0
20,2008-12-19,BUY,CRI,,177.0
20,2008-12-24,SELL,GAS1,,83.0
20,2009-01-13,SELL,PB,,104.0
20,2009-01-21,BUY,LCC,,455.0
20,2009-01-22,BUY,JBLU,,550.0
20,2009-01-23,BUY,IDCC,,112.0
20,2009-01-26,BUY,SMG,,104.0
20,2009-01-27,BUY,MNST,,103.0
20,2009-01-28,BUY,RGLD,,74.0
20,2009-01-29,BUY,FRFHF,,10.0
20,2009-01-30,BUY,ORLY,,114.0
20,2009-02-02,BUY,DLTR,,80.0
20,2009-02-03,BUY,AVAV,,92.0
20,2009-02-04,BUY,ATHN1,,92.0
20,2009-02-05,SELL,LCC,,455.0
20,2009-02-05,BUY,GMCR,,84.0
20,2009-02-06,BUY,FNF,,190.0
20,2009-02-09,BUY,AGP,,116.0
20,2009-02-10,BUY,WTRG,,170.0
20,2009-02-11,BUY,ESINQ,,26.0
20,2009-02-13,BUY,HMY,,277.0
20,2009-02-17,BUY,ALK,,118.0
20,2009-02-19,SELL,CBST,,143.0
20,2009-02-20,SELL,JBLU,,550.0
20,2009-02-20,BUY,MBOT,,1520.0
20,2009-03-02,SELL,ATHN1,,92.0
20,2009-03-03,SELL,THOR1,,121.0
20,2009-03-03,SELL,ALK,,118.0
20,2009-03-04,SELL,VRX1,,201.0
20,2009-03-04,SELL,IDCC,,112.0
20,2009-03-05,SELL,FRFHF,,10.0
20,2009-03-10,BUY,NFLX,,75.0
20,2009-03-11,SELL,AVAV,,92.0
20,2009-03-23,BUY,CVTX,,153.0
20,2009-03-24,BUY,AU,,82.0
20,2009-04-01,BUY,PRDO,,132.0
20,2009-04-02,BUY,AZO,,18.0
20,2009-04-03,BUY,BKNG,,36.0
20,2009-04-06,BUY,IAG,,390.0
20,2009-04-07,BUY,ADM,,100.0
20,2009-04-08,BUY,VTRS,,16.0
20,2009-04-13,SELL,APOL,,46.0
20,2009-04-13,SELL,HMY,,277.0
20,2009-04-14,BUY,SGP1,,134.0
20,2009-05-08,SELL,MYGN,,140.0
20,2009-05-08,SELL,FNF,,190.0
20,2009-05-13,BUY,TIVO,,150.0
20,2009-05-14,BUY,SNDA1,,64.0
20,2009-06-03,BUY,IQNT,,104.0
20,2009-06-10,BUY,PALM,,258.0
20,2009-06-11,BUY,STRZA,,7.0
20,2009-06-18,SELL,MNST,,103.0
20,2009-07-10,SELL,ESINQ,,26.0
20,2009-07-21,SELL,RGLD,,74.0
20,2009-07-21,BUY,STEC1,,102.0
20,2009-07-31,SELL,AGP,,116.0
20,2009-08-03,SELL,WTRG,,170.0
20,2009-08-11,BUY,BIDU,,9.0
20,2009-08-12,SELL,MBOT,,1520.0
20,2009-08-20,BUY,ASH,,101.0
20,2009-09-01,BUY,DTGF,,173.0
20,2009-09-02,BUY,JNY,,215.0
20,2009-09-14,BUY,PWRD1,,13.0
20,2009-09-18,SELL,IQNT,,104.0
20,2009-09-22,SELL,STEC1,,102.0
20,2009-09-23,SELL,AZO,,18.0
20,2009-10-20,BUY,VECO,,144.0
20,2009-10-22,BUY,BEXP,,346.0
20,2009-10-23,BUY,SAN,,34.0
20,2009-10-29,SELL,SNDA1,,64.0
20,2009-11-02,SELL,DTGF,,173.0
20,2009-11-02,SELL,PALM,,258.0
20,2009-12-01,BUY,MATV,,59.0
20,2009-12-03,BUY,MCK,,60.0
20,2009-12-04,BUY,PRGO,,93.0
20,2009-12-18,BUY,UFS,,27.0
20,2010-01-26,SELL,IAG,,390.0
20,2010-02-12,SELL,MATV,,59.0
20,2010-02-26,BUY,EL,,65.0
20,2010-03-08,SELL,PWRD1,,13.0
20,2010-03-17,BUY,LNCR,,100.0
20,2010-04-08,BUY,EW,,4.0
20,2010-04-19,SELL,SAN,,34.0
20,2010-05-19,BUY,IPXL,,25.0
20,2010-05-20,SELL,BKNG,,36.0
20,2010-05-21,SELL,BEXP,,346.0
20,2010-05-26,SELL,VECO,,144.0
20,2010-06-08,SELL,UFS,,27.0
20,2010-06-08,SELL,GMCR,,378.0
20,2010-06-22,BUY,APKT,,148.0
20,2010-06-23,BUY,VCI,,120.0
20,2010-06-28,SELL,PRDO,,132.0
20,2010-06-28,BUY,CMG,,29.0
20,2010-06-30,SELL,JNY,,215.0
20,2010-07-07,SELL,ASH,,101.0
20,2010-07-09,BUY,IDC,,122.0
20,2010-07-12,BUY,THOR1,,92.0
20,2010-07-29,BUY,CRUS,,216.0
20,2010-08-11,SELL,CRI,,177.0
20,2010-08-13,BUY,AZO,,20.0
20,2010-08-16,BUY,VMW,,54.0
20,2010-08-18,SELL,EL,,65.0
20,2010-08-27,SELL,LNCR,,150.0
20,2010-09-13,BUY,VRX1,,66.0
20,2010-09-14,BUY,PWER1,,381.0
20,2010-09-20,BUY,ISLN,,173.0
20,2010-10-12,BUY,BHC,,166.0
20,2010-10-22,SELL,CRUS,,216.0
20,2010-11-08,SELL,IPXL,,25.0
20,2010-11-10,BUY,ENDPQ,,129.0
20,2010-11-12,SELL,THOR1,,92.0
20,2010-11-23,BUY,LYB,,164.0
20,2010-12-09,BUY,SQM,,59.0
20,2010-12-13,SELL,VCI,,120.0
20,2010-12-15,BUY,VMED,,160.0
20,2011-01-13,BUY,NOV,,77.0
20,2011-02-04,BUY,FOSL,,9.0
20,2011-03-01,SELL,PWER1,,381.0
20,2011-03-31,BUY,SM,,43.0
20,2011-05-03,SELL,TIVO,,150.0
20,2011-06-03,BUY,DTGF,,72.0
20,2011-07-28,SELL,APKT,,148.0
20,2011-08-08,SELL,BHC,,166.0
20,2011-08-09,SELL,FOSL,,9.0
20,2011-08-09,SELL,ADM,,100.0
20,2011-08-09,SELL,SMG,,104.0
20,2011-08-09,SELL,EW,,8.0
20,2011-08-09,SELL,VMED,,160.0
20,2011-08-09,SELL,LYB,,164.0
20,2011-08-11,SELL,VTRS,,16.0
20,2011-08-22,SELL,NFLX,,75.0
20,2011-08-22,SELL,ENDPQ,,129.0
20,2011-08-23,SELL,STRZA,,7.0
20,2011-08-29,BUY,DPZ,,198.0
20,2011-09-08,BUY,QCOR,,177.0
20,2011-09-09,BUY,RGLD,,66.0
20,2011-09-12,BUY,GOLD1,,48.0
20,2011-09-13,BUY,VRUS1,,69.0
20,2011-09-14,BUY,MNST,,61.0
20,2011-09-15,BUY,PSMT,,75.0
20,2011-09-16,BUY,MCD,,62.0
20,2011-09-19,BUY,DMND,,63.0
20,2011-09-22,SELL,NOV,,77.0
20,2011-09-22,BUY,CEPH,,53.0
20,2011-09-23,BUY,DPL,,141.0
20,2011-09-26,BUY,CROX,,1.0
20,2011-09-29,SELL,DTGF,,72.0
20,2011-09-30,SELL,BIDU,,90.0
20,2011-10-04,SELL,SQM,,59.0
20,2011-10-04,SELL,SM,,43.0
20,2011-10-19,SELL,CROX,,1.0
20,2011-10-26,SELL,DMND,,63.0
20,2011-10-28,BUY,ALXN,,79.0
20,2011-10-31,BUY,SUG,,126.0
20,2011-11-01,BUY,GR,,43.0
20,2011-11-03,BUY,BMRN,,165.0
20,2011-11-04,BUY,VFC,,38.0
20,2011-11-18,BUY,NLC,,7.0
20,2011-12-16,BUY,TJX,,73.0
20,2011-12-19,BUY,INHX,,2.0
20,2012-01-12,BUY,KATE,,1.0
20,2012-02-01,BUY,DG,,133.0
20,2012-03-02,SELL,RGLD,,66.0
20,2012-03-02,BUY,PAA,,46.0
20,2012-03-08,SELL,PSMT,,75.0
20,2012-04-05,SELL,AU,,82.0
20,2012-04-05,SELL,GOLD1,,48.0
20,2012-04-11,BUY,PIRRQ,,337.0
20,2012-04-12,BUY,VAL1,,123.0
20,2012-04-13,BUY,EC,,97.0
20,2012-05-08,BUY,HD,,83.0
20,2012-05-09,BUY,FBIN,,1.0
20,2012-05-10,BUY,CPWM,,1.0
20,2012-06-04,SELL,DPZ,,198.0
20,2012-07-12,SELL,KATE,,1.0
20,2012-07-17,BUY,PCYC,,110.0
20,2012-07-24,SELL,CMG,,29.0
20,2012-07-26,SELL,QCOR,,177.0
20,2012-08-13,SELL,MNST,,122.0
20,2012-08-13,BUY,SBAC,,99.0
20,2012-08-15,BUY,ABT,,90.0
20,2012-08-23,BUY,CLGX,,245.0
20,2012-08-27,BUY,ELLI,,235.0
20,2012-09-10,BUY,DK,,156.0
20,2012-09-13,BUY,CDMO,,5.0
20,2012-09-25,SELL,CDMO,,5.0
20,2012-10-03,SELL,EC,,97.0
20,2012-10-19,SELL,DLTR,,240.0
20,2012-10-25,BUY,ONIT,,157.0
20,2012-11-06,BUY,WAC,,140.0
20,2012-11-08,SELL,PCYC,,110.0
20,2012-11-23,BUY,VMED,,177.0
20,2012-12-11,BUY,WHR,,27.0
20,2013-01-03,SELL,ABT,,90.0
20,2013-01-30,SELL,VMW,,54.0
20,2013-02-01,SELL,ELLI,,235.0
20,2013-02-05,BUY,CVI,,118.0
20,2013-03-04,BUY,EV1,,171.0
20,2013-03-06,BUY,THC,,61.0
20,2013-03-20,SELL,WAC,,140.0
20,2013-04-22,BUY,MSGN,,87.0
20,2013-04-23,SELL,ONIT,,157.0
20,2013-05-23,BUY,OHI,,161.0
20,2013-06-24,SELL,CVI,,118.0
20,2013-07-02,SELL,DK,,156.0
20,2013-07-24,BUY,NXST,,196.0
20,2013-07-25,BUY,CBOE,,140.0
20,2013-08-02,BUY,TW2,,74.0
20,2013-08-26,SELL,THC,,61.0
20,2013-09-26,BUY,QIHU,,31.0
20,2013-10-10,SELL,MSGN,,87.0
20,2013-11-11,BUY,GHC,,7.0
20,2013-11-12,SELL,OHI,,161.0
20,2013-12-13,BUY,OA,,48.0
20,2014-03-12,SELL,NXST,,196.0
20,2014-04-08,SELL,QIHU,,31.0
20,2014-04-08,SELL,PIRRQ,,337.0
20,2014-04-11,BUY,GLOG,,309.0
20,2014-04-14,SELL,BMRN,,165.0
20,2014-05-09,BUY,TRGP,,71.0
20,2014-05-12,BUY,CAR,,150.0
20,2014-05-15,BUY,HP,,32.0
20,2014-10-01,SELL,GLOG,,309.0
20,2014-10-14,SELL,HP,,32.0
20,2014-10-14,SELL,CAR,,150.0
20,2014-10-31,BUY,MDVN,,83.0
20,2014-11-06,SELL,OA,,48.0
20,2014-11-13,BUY,CNQR,,67.0
20,2014-11-14,BUY,PANW,,48.0
20,2014-12-02,SELL,TRGP,,71.0
20,2014-12-19,BUY,LOW,,134.0
20,2015-01-05,BUY,CBRL,,51.0
20,2015-01-22,BUY,TPST,,2.0
20,2015-04-01,SELL,TPST,,2.0
20,2015-05-04,BUY,COR,,6.0
20,2015-07-02,SELL,PAA,,92.0
20,2015-07-02,SELL,GHC,,7.0
20,2015-08-04,BUY,ADPTQ,,86.0
20,2015-08-05,BUY,SKX,,15.0
20,2015-08-21,SELL,MDVN,,83.0
20,2015-09-23,BUY,PRE1,,56.0
20,2015-09-29,SELL,WHR,,27.0
20,2015-10-01,SELL,ADPTQ,,86.0
20,2015-10-22,SELL,COR,,6.0
20,2015-10-26,SELL,SKX,,45.0
20,2015-10-29,BUY,AIZ,,115.0
20,2015-11-02,BUY,UHAL,,9.0
20,2015-11-23,BUY,TYL,,1.0
20,2015-11-25,BUY,VRE,,2.0
20,2016-01-05,SELL,PRGO,,93.0
20,2016-01-07,SELL,EV1,,171.0
20,2016-01-12,SELL,MCK,,60.0
20,2016-01-20,SELL,VFC,,152.0
20,2016-01-21,SELL,SBAC,,99.0
20,2016-02-02,SELL,ALXN,,79.0
20,2016-02-05,BUY,TAL,,181.0
20,2016-02-08,SELL,PANW,,48.0
20,2016-02-09,BUY,HRL,,102.0
20,2016-02-12,BUY,TSN,,140.0
20,2016-02-19,SELL,TYL,,1.0
20,2016-02-19,BUY,HPY,,95.0
20,2016-02-23,BUY,EDU,,277.0
20,2016-02-24,BUY,YOKU,,322.0
20,2016-03-04,BUY,HMIN,,256.0
20,2016-03-10,BUY,ATO,,126.0
20,2016-04-04,BUY,BRKR,,323.0
20,2016-04-22,SELL,AIZ,,115.0
20,2016-04-26,SELL,UHAL,,9.0
20,2016-05-09,BUY,CPB,,146.0
20,2016-05-17,BUY,AG,,840.0
20,2016-05-19,BUY,ITC,,208.0
20,2016-05-24,BUY,BKH,,158.0
20,2016-05-26,BUY,B,,272.0
20,2016-06-08,BUY,CDE,,31.0
20,2016-08-01,SELL,HRL,,204.0
20,2016-08-31,SELL,AG,,840.0
20,2016-08-31,BUY,AMH,,373.0
20,2016-09-22,SELL,BRKR,,323.0
20,2016-10-03,BUY,EXEL,,743.0
20,2016-10-05,SELL,B,,272.0
20,2016-10-05,SELL,CDE,,31.0
20,2016-10-06,SELL,DG,,133.0
20,2016-10-27,SELL,CPB,,146.0
20,2016-10-28,BUY,NVDA,,130.0
20,2016-11-04,BUY,GEN,,359.0
20,2016-11-07,BUY,BRSL,,332.0
20,2016-11-08,BUY,CWEI,,89.0
20,2016-11-11,SELL,BKH,,158.0
20,2016-11-29,BUY,DPZ,,57.0
20,2016-11-30,BUY,REN,,83.0
20,2016-12-14,BUY,FNSR,,4.0
20,2017-04-06,SELL,FNSR,,4.0
20,2017-05-02,SELL,BRSL,,332.0
20,2017-05-09,BUY,WNC,,505.0
20,2017-06-15,BUY,RACE,,125.0
20,2017-06-16,SELL,REN,,83.0
20,2017-06-16,BUY,SITE,,220.0
20,2017-06-29,SELL,AZO,,20.0
20,2017-07-06,SELL,ORLY,,114.0
20,2017-07-17,BUY,ISRG,,11.0
20,2017-07-19,BUY,SPGI,,76.0
20,2017-08-01,BUY,FIZZ,,112.0
20,2017-08-07,BUY,WGHTQ,,65.0
20,2018-01-16,SELL,VRE,,2.0
20,2018-02-15,BUY,EC,,72.0
20,2018-03-20,SELL,FIZZ,,112.0
20,2018-04-02,SELL,EXEL,,743.0
20,2018-04-20,BUY,GMED,,263.0
20,2018-05-02,BUY,VIRT,,371.0
20,2018-05-14,SELL,GEN,,359.0
20,2018-06-14,BUY,ABMD,,18.0
20,2018-07-30,SELL,VIRT,,371.0
20,2018-07-31,SELL,TAL,,1086.0
20,2018-08-01,SELL,TSN,,140.0
20,2018-08-03,SELL,CBOE,,140.0
20,2018-08-13,SELL,WNC,,505.0
20,2018-08-16,SELL,WGHTQ,,65.0
20,2018-08-29,BUY,TNDM,,337.0
20,2018-08-30,BUY,AMED,,112.0
20,2018-08-31,BUY,WWE,,160.0
20,2018-09-05,BUY,IIN,,181.0
20,2018-09-06,SELL,EDU,,277.0
20,2018-09-13,BUY,FNKO,,560.0
20,2018-09-18,BUY,EPAY,,201.0
20,2018-10-03,SELL,TNDM,,337.0
20,2018-10-08,BUY,WCG,,41.0
20,2018-10-10,SELL,FBIN,,1.0
20,2018-10-10,SELL,GMED,,263.0
20,2018-10-11,SELL,IIN,,181.0
20,2018-10-12,SELL,SITE,,220.0
20,2018-10-25,SELL,NVDA,,130.0
20,2018-10-30,SELL,WWE,,160.0
20,2018-11-02,BUY,REGI,,385.0
20,2018-11-09,BUY,TNDM,,309.0
20,2018-11-12,SELL,FNKO,,560.0
20,2018-11-12,BUY,LLY,,105.0
20,2018-11-13,BUY,PFE,,263.0
20,2018-11-14,BUY,AVAV,,120.0
20,2018-11-15,SELL,ABMD,,18.0
20,2018-11-21,SELL,EPAY,,201.0
20,2018-11-21,SELL,EC,,72.0
20,2018-11-27,BUY,MKC,,78.0
20,2018-11-30,BUY,CABO,,13.0
20,2018-12-10,SELL,CLGX,,245.0
20,2018-12-10,SELL,AVAV,,120.0
20,2018-12-14,SELL,RACE,,125.0
20,2018-12-14,BUY,MZTI,,61.0
20,2018-12-19,BUY,HELE,,80.0
20,2018-12-26,SELL,WCG,,41.0
20,2018-12-26,BUY,IDTI,,215.0
20,2018-12-27,BUY,ESL,,89.0
20,2019-01-11,BUY,SAVEQ,,184.0
20,2019-01-14,BUY,BALL,,232.0
20,2019-01-17,BUY,TRCO,,202.0
20,2019-01-29,BUY,AU,,11.0
20,2019-04-29,BUY,SEE,,264.0
20,2019-04-30,SELL,REGI,,385.0
20,2019-05-09,SELL,PFE,,263.0
20,2019-05-15,BUY,ZNGA,,2005.0
20,2019-05-31,BUY,FICO,,40.0
20,2019-06-10,SELL,MZTI,,61.0
20,2019-06-11,BUY,BLD,,150.0
20,2019-06-13,SELL,HELE,,80.0
20,2019-07-05,SELL,SAVEQ,,184.0
20,2019-07-11,BUY,ERIE,,47.0
20,2019-07-16,BUY,SHOP,,34.0
20,2019-08-06,BUY,PRO,,7.0
20,2019-09-30,SELL,ERIE,,47.0
20,2019-10-17,SELL,SEE,,264.0
20,2019-10-29,SELL,PRO,,7.0
20,2019-10-30,BUY,AWR,,137.0
20,2019-11-01,BUY,AQN,,938.0
20,2019-11-18,BUY,RH,,23.0
20,2019-11-29,BUY,GNRC,,3.0
20,2020-03-06,SELL,RH,,23.0
20,2020-03-10,SELL,CBRL,,51.0
20,2020-03-12,SELL,BLD,,150.0
20,2020-03-13,SELL,AU,,11.0
20,2020-03-13,SELL,TNDM,,309.0
20,2020-03-13,SELL,SHOP,,34.0
20,2020-03-13,SELL,FICO,,40.0
20,2020-03-17,SELL,MKC,,78.0
20,2020-03-17,SELL,AWR,,137.0
20,2020-03-17,SELL,CABO,,13.0
20,2020-03-17,SELL,TJX,,292.0
20,2020-03-17,SELL,HD,,83.0
20,2020-03-17,SELL,AMED,,112.0
20,2020-03-17,SELL,LOW,,134.0
20,2020-03-17,SELL,ISRG,,33.0
20,2020-03-17,SELL,MCD,,62.0
20,2020-03-17,SELL,AQN,,938.0
20,2020-03-19,SELL,SPGI,,76.0
20,2020-03-23,SELL,AMH,,373.0
20,2020-03-23,SELL,BALL,,232.0
20,2020-03-24,SELL,ATO,,126.0
20,2020-03-24,SELL,GNRC,,3.0
20,2020-04-07,BUY,REGN,,22.0
20,2020-04-09,BUY,BILI,,431.0
20,2020-04-14,BUY,TSLA,,17.0
20,2020-04-15,BUY,TDOC,,72.0
20,2020-04-16,BUY,FIT,,1694.0
20,2020-04-17,BUY,CCOI,,127.0
20,2020-04-20,BUY,ZM,,77.0
20,2020-04-21,BUY,CODX,,797.0
20,2020-04-22,BUY,AXSM,,172.0
20,2020-04-23,BUY,EVBG,,95.0
20,2020-04-24,BUY,EHTH,,92.0
20,2020-04-27,BUY,SE,,214.0
20,2020-04-28,BUY,DXCM,,35.0
20,2020-04-29,BUY,XLRN,,122.0
20,2020-04-30,BUY,QDEL,,82.0
20,2020-05-01,BUY,VXRT,,4214.0
20,2020-05-04,BUY,AUPH,,717.0
20,2020-05-05,BUY,CCXI1,,211.0
20,2020-05-06,BUY,GOTU,,294.0
20,2020-05-07,BUY,ARVN,,225.0
20,2020-05-08,BUY,LMNX1,,15.0
20,2020-05-11,BUY,NVAX,,4.0
20,2020-05-22,SELL,GOTU,,294.0
20,2020-06-01,SELL,ARVN,,225.0
20,2020-06-08,SELL,CODX,,797.0
20,2020-06-24,BUY,DKNG,,349.0
20,2020-06-29,SELL,EHTH,,92.0
20,2020-07-01,BUY,FVRR,,192.0
20,2020-07-09,BUY,DOCU,,42.0
20,2020-07-28,SELL,VXRT,,4214.0
20,2020-07-30,BUY,WKHS,,946.0
20,2020-08-13,SELL,NVAX,,4.0
20,2020-08-27,BUY,LVGO,,120.0
20,2020-08-28,SELL,QDEL,,82.0
20,2020-08-28,SELL,LMNX1,,15.0
20,2020-09-08,SELL,AXSM,,172.0
20,2020-09-09,SELL,TSLA,,85.0
20,2020-09-15,BUY,APPS,,638.0
20,2020-09-21,SELL,CCOI,,127.0
20,2020-09-30,BUY,AGNT,,409.0
20,2020-10-01,BUY,RUN,,223.0
20,2020-10-08,BUY,SAIL1,,385.0
20,2020-10-09,BUY,NIO,,551.0
20,2020-10-19,SELL,DKNG,,349.0
20,2020-10-21,SELL,WKHS,,946.0
20,2020-10-21,BUY,ALTO,,1455.0
20,2020-10-22,SELL,AUPH,,717.0
20,2020-10-23,SELL,CCXI1,,211.0
20,2020-10-27,SELL,AGNT,,409.0
20,2020-10-28,SELL,ALTO,,1455.0
20,2020-10-28,SELL,RUN,,223.0
20,2020-10-29,SELL,EVBG,,95.0
20,2020-11-02,SELL,APPS,,638.0
20,2020-11-03,SELL,DXCM,,35.0
20,2020-11-11,SELL,ZM,,77.0
20,2020-11-11,SELL,TDOC,,72.0
20,2020-11-18,BUY,FDX,,58.0
20,2020-11-20,BUY,PACB,,1096.0
20,2020-11-23,BUY,DAR,,359.0
20,2020-11-24,BUY,SNAP,,382.0
20,2020-11-27,BUY,AGNT,,330.0
20,2020-11-30,BUY,GNRC,,79.0
20,2020-12-01,BUY,LOB,,420.0
20,2020-12-02,BUY,MRTX,,73.0
20,2020-12-03,BUY,FRHC,,440.0
20,2020-12-04,BUY,LPRO,,647.0
20,2020-12-14,BUY,PWR,,109.0
20,2020-12-15,BUY,KURA,,1.0
20,2020-12-16,BUY,PLUG,,1.0
20,2021-02-19,SELL,PLUG,,1.0
20,2021-02-23,SELL,REGN,,22.0
20,2021-02-25,SELL,PACB,,1096.0
20,2021-02-26,SELL,KURA,,1.0
20,2021-03-02,BUY,SICPQ,,164.0
20,2021-03-03,SELL,NIO,,551.0
20,2021-03-04,SELL,AGNT,,660.0
20,2021-03-05,SELL,FVRR,,192.0
20,2021-03-09,SELL,BILI,,431.0
20,2021-03-23,BUY,CTRN,,245.0
20,2021-03-25,BUY,TPR,,517.0
20,2021-03-29,SELL,MRTX,,73.0
20,2021-03-29,BUY,WAL,,224.0
20,2021-03-30,BUY,ATKR,,309.0
20,2021-04-05,BUY,DEN,,439.0
20,2021-04-06,BUY,SM,,1295.0
20,2021-04-07,BUY,TPL,,14.0
20,2021-04-09,BUY,DBRG,,3331.0
20,2021-04-26,SELL,SICPQ,,164.0
20,2021-04-29,BUY,DAC,,421.0
20,2021-05-11,SELL,SAIL1,,385.0
20,2021-05-13,SELL,DOCU,,42.0
20,2021-05-26,BUY,CHRD,,266.0
20,2021-06-11,BUY,NUE,,169.0
20,2021-06-15,BUY,NAVI,,4.0
20,2021-07-20,SELL,SM,,1295.0
20,2021-08-09,SELL,ZNGA,,2005.0
20,2021-08-13,SELL,CTRN,,245.0
20,2021-08-19,BUY,LSI,,199.0
20,2021-09-08,SELL,TPL,,14.0
20,2021-09-09,BUY,EPAM,,39.0
20,2021-09-15,BUY,WST,,53.0
20,2021-09-29,SELL,DBRG,,3331.0
20,2021-10-01,SELL,FDX,,58.0
20,2021-10-08,BUY,PRFT,,198.0
20,2021-10-25,SELL,SNAP,,382.0
20,2021-10-29,BUY,ASAN,,195.0
20,2021-11-02,BUY,INTU,,15.0
20,2021-11-11,SELL,LPRO,,647.0
20,2021-12-01,SELL,NUE,,169.0
20,2021-12-02,SELL,ASAN,,195.0
20,2021-12-06,SELL,SE,,214.0
20,2021-12-07,BUY,FDS,,52.0
20,2021-12-13,SELL,GNRC,,79.0
20,2021-12-14,BUY,ODFL,,67.0
20,2022-01-03,BUY,COST,,43.0
20,2022-01-04,BUY,BLDR,,294.0
20,2022-01-06,BUY,WIRE,,175.0
20,2022-01-07,BUY,ACLS,,334.0
20,2022-01-13,BUY,ON,,173.0
20,2022-01-18,SELL,PRFT,,198.0
20,2022-01-20,SELL,EPAM,,39.0
20,2022-01-21,SELL,LOB,,420.0
20,2022-01-27,SELL,NAVI,,4.0
20,2022-02-17,BUY,VET,,1273.0
20,2022-02-22,SELL,INTU,,15.0
20,2022-02-22,BUY,CVE,,1421.0
20,2022-02-23,BUY,CVX,,162.0
20,2022-03-01,BUY,COP,,95.0
20,2022-03-07,SELL,WAL,,224.0
20,2022-03-08,SELL,WST,,53.0
20,2022-03-08,SELL,TPR,,517.0
20,2022-03-09,SELL,DPZ,,57.0
20,2022-03-24,BUY,ABBV,,148.0
20,2022-04-06,BUY,MCK,,74.0
20,2022-04-07,BUY,CNQ,,362.0
20,2022-04-08,BUY,MDRX,,427.0
20,2022-04-11,BUY,RES,,1.0
20,2022-04-12,SELL,ACLS,,334.0
20,2022-04-25,SELL,FRHC,,440.0
20,2022-05-10,SELL,RES,,1.0
20,2022-05-13,BUY,AMR,,138.0
20,2022-05-19,SELL,ODFL,,67.0
20,2022-05-19,SELL,DAC,,421.0
20,2022-05-20,SELL,COST,,43.0
20,2022-05-25,SELL,BLDR,,294.0
20,2022-05-25,BUY,BMY,,281.0
20,2022-05-31,SELL,FDS,,52.0
20,2022-06-10,BUY,APTS,,926.0
20,2022-06-14,SELL,LSI,,199.0
20,2022-06-14,SELL,MDRX,,427.0
20,2022-06-22,BUY,STNG,,551.0
20,2022-06-23,SELL,ATKR,,309.0
20,2022-06-23,SELL,DEN,,439.0
20,2022-06-23,BUY,PBF,,595.0
20,2022-06-24,SELL,VET,,1273.0
20,2022-06-24,BUY,TVTY,,605.0
20,2022-06-30,SELL,WIRE,,175.0
20,2022-07-01,SELL,CHRD,,266.0
20,2022-07-01,SELL,DAR,,359.0
20,2022-07-05,SELL,ON,,173.0
20,2022-07-05,SELL,AMR,,138.0
20,2022-07-06,SELL,COP,,95.0
20,2022-07-07,SELL,CVE,,1421.0
20,2022-07-13,SELL,CNQ,,362.0
20,2022-07-13,BUY,HRB,,527.0
20,2022-07-14,BUY,LNTH,,287.0
20,2022-07-18,BUY,CNR,,343.0
20,2022-07-19,BUY,SWCH,,576.0
20,2022-07-26,BUY,GO,,446.0
20,2022-07-27,BUY,GLNG,,877.0
20,2022-07-28,BUY,SAIL1,,314.0
20,2022-08-02,BUY,VTNRQ,,1463.0
20,2022-08-03,BUY,CHNG,,823.0
20,2022-08-04,BUY,ACC,,302.0
20,2022-08-05,BUY,MNDT,,857.0
20,2022-08-08,BUY,CTIC,,2670.0
20,2022-08-09,BUY,TH,,1421.0
20,2022-08-10,SELL,VTNRQ,,1463.0
20,2022-08-10,BUY,MUSA,,68.0
20,2022-08-30,BUY,EQT,,403.0
20,2022-08-31,BUY,GPC,,126.0
20,2022-09-01,BUY,DINO,,376.0
20,2022-09-12,BUY,NFE,,353.0
20,2022-09-15,SELL,ABBV,,148.0
20,2022-09-26,BUY,INSW,,552.0
20,2022-09-29,BUY,DHT,,2376.0
20,2022-10-13,SELL,CTIC,,2670.0
20,2022-10-17,SELL,GO,,446.0
20,2022-10-18,BUY,SWIR,,638.0
20,2022-10-25,BUY,ELF,,483.0
20,2022-11-04,SELL,LNTH,,287.0
20,2022-11-14,BUY,AVEO,,1395.0
20,2022-11-15,SELL,BMY,,281.0
20,2022-11-16,BUY,FSLR,,131.0
20,2022-11-17,BUY,NUVL,,579.0
20,2022-12-07,SELL,PBF,,595.0
20,2022-12-20,BUY,ERIE,,73.0
20,2022-12-21,BUY,TTC,,180.0
20,2022-12-23,SELL,EQT,,403.0
20,2022-12-29,SELL,NFE,,353.0
20,2023-01-06,SELL,CNR,,343.0
20,2023-01-10,BUY,AAWW,,192.0
20,2023-01-18,SELL,GLNG,,877.0
20,2023-02-01,SELL,MUSA,,68.0
20,2023-02-03,BUY,WFRD,,360.0
20,2023-02-06,BUY,YPF,,1797.0
20,2023-02-07,BUY,GILD,,231.0
20,2023-02-08,BUY,NVO,,145.0
20,2023-02-17,BUY,TDW,,468.0
20,2023-03-01,BUY,RMBS,,218.0
20,2023-03-06,BUY,FMX,,1.0
20,2023-03-07,BUY,ING,,1.0
20,2023-03-16,SELL,DINO,,376.0
20,2023-03-24,SELL,HRB,,527.0
20,2023-04-05,SELL,NUVL,,579.0
20,2023-04-05,SELL,TH,,1421.0
20,2023-04-18,BUY,WYNN,,191.0
20,2023-04-26,BUY,IPAR,,135.0
20,2023-05-03,BUY,PKX,,287.0
20,2023-05-05,SELL,INSW,,552.0
20,2023-05-05,SELL,DHT,,2376.0
20,2023-05-08,BUY,PEN,,65.0
20,2023-05-09,BUY,META,,87.0
20,2023-06-07,BUY,BLDR,,170.0
20,2023-06-08,BUY,TPH,,161.0
20,2023-06-13,SELL,STNG,,551.0
20,2023-06-14,SELL,ERIE,,73.0
20,2023-06-15,SELL,TTC,,180.0
20,2023-07-17,BUY,NVDA,,49.0
20,2023-07-18,BUY,MANH,,111.0
20,2023-07-19,BUY,PANW,,51.0
20,2023-08-01,SELL,GILD,,231.0
20,2023-08-31,BUY,APP,,421.0
20,2023-09-27,SELL,FSLR,,131.0
20,2023-09-28,SELL,PEN,,65.0
20,2023-10-06,SELL,ELF,,483.0
20,2023-10-09,SELL,WYNN,,191.0
20,2023-10-17,SELL,IPAR,,135.0
20,2023-10-19,SELL,PKX,,287.0
20,2023-10-20,SELL,GPC,,126.0
20,2023-10-26,SELL,BLDR,,170.0
20,2023-10-27,BUY,CEG,,191.0
20,2023-10-30,BUY,ANF,,364.0
20,2023-10-31,SELL,YPF,,1797.0
20,2023-11-07,BUY,MMYT,,545.0
20,2023-11-08,BUY,VRT,,551.0
20,2023-11-16,BUY,HRB,,494.0
20,2023-11-20,BUY,CLS,,805.0
20,2023-11-21,BUY,MUSA,,62.0
20,2023-11-28,BUY,UEC,,3553.0
20,2023-11-29,SELL,TPH,,161.0
20,2023-12-01,BUY,AEO,,1192.0
20,2024-01-02,BUY,CVSA,,56.0
20,2024-01-08,SELL,MANH,,111.0
20,2024-02-08,BUY,NRG,,420.0
20,2024-02-22,SELL,PANW,,51.0
20,2024-03-25,BUY,WING,,40.0
20,2024-06-12,SELL,UEC,,3553.0
20,2024-07-16,BUY,TRGP,,159.0
20,2024-07-31,SELL,RMBS,,218.0
20,2024-07-31,SELL,VRT,,551.0
20,2024-08-05,SELL,ANF,,364.0
20,2024-08-30,BUY,ADMA,,1980.0
20,2024-09-03,BUY,CRS,,237.0
20,2024-09-05,BUY,LMT,,57.0
20,2024-09-06,SELL,WFRD,,360.0
20,2024-09-09,SELL,CLS,,805.0
20,2024-09-09,SELL,TDW,,468.0
20,2024-09-30,SELL,FMX,,1.0
20,2024-10-08,BUY,AHR,,1420.0
20,2024-10-09,BUY,AFL,,318.0
20,2024-10-10,BUY,IRM,,267.0
20,2024-10-30,BUY,VTR,,6.0
20,2024-10-31,SELL,WING,,40.0
20,2024-11-12,SELL,AEO,,1192.0
20,2024-11-18,SELL,NVO,,290.0
20,2024-12-03,BUY,AKR,,1554.0
20,2024-12-13,BUY,LLYVK,,334.0
20,2024-12-19,BUY,CALM,,3.0
20,2025-02-18,SELL,LMT,,57.0
20,2025-02-25,SELL,ADMA,,1980.0
20,2025-02-27,SELL,APP,,421.0
20,2025-03-04,SELL,CEG,,191.0
20,2025-03-05,SELL,PWR,,109.0
20,2025-03-05,SELL,IRM,,267.0
20,2025-03-14,SELL,CALM,,3.0
20,2025-03-20,BUY,SRAD,,1641.0
20,2025-03-27,BUY,ESLT,,95.0
20,2025-03-31,BUY,LX,,3342.0
20,2025-04-03,BUY,FOX,,710.0
20,2025-04-04,SELL,NVDA,,490.0
20,2025-04-04,BUY,PYCR,,1607.0
20,2025-04-07,SELL,META,,87.0
20,2025-04-07,BUY,SWI,,1857.0
20,2025-04-08,SELL,LX,,3342.0
20,2025-04-09,SELL,AKR,,1554.0
20,2025-05-01,BUY,VRSN,,130.0
20,2025-05-07,BUY,KC,,2409.0
20,2025-05-08,BUY,CNP,,945.0
20,2025-05-09,BUY,TGI,,1410.0
20,2025-05-12,BUY,PLMR,,226.0
20,2025-05-29,BUY,TDUP,,5101.0
20,2025-06-02,BUY,SSRM,,3125.0
20,2025-06-17,SELL,MUSA,,62.0
20,2025-07-21,BUY,ASM,,10450.0
20,2025-08-06,SELL,PLMR,,226.0
20,2025-08-08,SELL,LLY,,105.0
20,2025-09-08,BUY,WLDN,,407.0
20,2025-09-09,BUY,HWKN,,230.0
20,2025-09-10,BUY,RBLX,,305.0
20,2025-10-14,SELL,TRGP,,159.0
20,2025-10-22,SELL,VRSN,,130.0
20,2025-10-28,SELL,KC,,2409.0
20,2025-10-29,SELL,MMYT,,545.0
20,2025-11-03,SELL,CVSA,,56.0
20,2025-11-05,SELL,TDUP,,5101.0
20,2025-11-05,SELL,HWKN,,230.0
20,2025-11-05,SELL,ASM,,10450.0
20,2025-11-13,SELL,HRB,,494.0
20,2025-11-13,BUY,WDC,,237.0
20,2025-11-18,SELL,SRAD,,1641.0
20,2025-11-20,SELL,RBLX,,305.0
20,2025-11-21,BUY,INDV,,1207.0
20,2025-11-28,BUY,LGND,,191.0
20,2025-12-01,BUY,LITE,,121.0
20,2025-12-04,BUY,ROIV,,1877.0
20,2025-12-08,BUY,SNDK,,171.0
20,2025-12-09,BUY,CIEN,,183.0
20,2025-12-10,BUY,INSM,,201.0
20,2025-12-16,BUY,PVLA,,443.0
20,2025-12-19,BUY,GOOG,,94.0
20,2025-12-23,BUY,AXGN,,8.0
20,2026-03-02,SELL,WLDN,,407.0
20,2026-03-09,SELL,INSM,,201.0
20,2026-03-23,SELL,SSRM,,3125.0
20,2026-04-01,BUY,ERAS,,3023.0
20,2026-04-09,BUY,FTI,,746.0
20,2026-04-23,BUY,SU,,540.0
20,2026-04-29,SELL,ERAS,,3023.0
20,2026-05-18,SELL,NRG,,420.0
20,2026-06-01,BUY,KGS,,913.0
20,2026-06-11,SELL,PVLA,,443.0
20,2026-06-11,SELL,CIEN,,183.0
20,2026-06-18,SELL,FOX,,710.0
20,2026-06-18,BUY,ATEX,,808.0
20,2026-07-06,SELL,LITE,,121.0
20,2026-07-08,SELL,SNDK,,171.0
20,2026-07-15,BUY,ATEN,,1642.0
20,2026-07-16,SELL,WDC,,237.0
20,2026-07-16,BUY,BAND,,859.0
20,2026-07-22,BUY,SYRE,,598.0
20,2026-07-30,SELL,BAND,,859.0
25,2006-07-06,BUY,MED,,205.0
25,2006-07-06,BUY,ACLI,,66.0
25,2006-07-06,BUY,FALB,,75.0
25,2006-07-06,BUY,TTI,,131.0
25,2006-07-06,BUY,CHAP1,,56.0
25,2006-07-06,BUY,LFCHY,,64.0
25,2006-07-06,BUY,ADM,,94.0
25,2006-07-06,BUY,LVS,,53.0
25,2006-07-06,BUY,MNST,,19.0
25,2006-07-06,BUY,BFH,,67.0
25,2006-07-06,BUY,AVL1,,84.0
25,2006-07-06,BUY,LECO,,65.0
25,2006-07-06,BUY,DAKT,,137.0
25,2006-07-06,BUY,MTW,,89.0
25,2006-07-06,BUY,VOLT2,,83.0
25,2006-07-06,BUY,EXPD,,74.0
25,2006-07-06,BUY,KEX,,101.0
25,2006-07-06,BUY,OII,,86.0
25,2006-07-06,BUY,FTI1,,57.0
25,2006-07-06,BUY,WEBX1,,111.0
25,2006-07-06,BUY,JLL,,46.0
25,2006-07-06,BUY,AGP,,130.0
25,2006-07-06,BUY,ATI,,58.0
25,2006-07-06,BUY,TEX,,40.0
25,2006-07-06,BUY,WCC,,59.0
25,2006-08-08,SELL,MNST,,76.0
25,2006-08-10,SELL,EXPD,,74.0
25,2006-08-16,SELL,MED,,205.0
25,2006-08-28,SELL,DAKT,,137.0
25,2006-09-08,BUY,CMCSK,,101.0
25,2006-09-12,BUY,HCR1,,65.0
25,2006-09-15,SELL,VOLT2,,83.0
25,2006-09-18,SELL,OII,,86.0
25,2006-09-18,BUY,CXW,,80.0
25,2006-10-04,BUY,CMCSA,,94.0
25,2006-10-17,BUY,EPC,,49.0
25,2006-10-18,BUY,UST1,,41.0
25,2006-11-02,BUY,T,,1.0
25,2006-12-18,BUY,MA,,41.0
25,2006-12-26,SELL,TTI,,131.0
25,2006-12-26,SELL,ADM,,94.0
25,2006-12-26,SELL,KEX,,101.0
25,2006-12-26,SELL,FTI1,,57.0
25,2006-12-26,SELL,WEBX1,,111.0
25,2006-12-26,SELL,WCC,,59.0
25,2007-01-30,BUY,TSG1,,129.0
25,2007-01-31,BUY,CF,,136.0
25,2007-02-01,BUY,MTCH,,109.0
25,2007-02-02,BUY,HAS,,146.0
25,2007-02-05,BUY,TRA,,286.0
25,2007-02-06,BUY,UIS,,2.0
25,2007-02-28,SELL,LFCHY,,170.6688
25,2007-03-30,BUY,MIR2,,102.0
25,2007-05-04,SELL,AGP,,130.0
25,2007-05-15,BUY,GEN1,,179.0
25,2007-05-22,SELL,LVS,,53.0
25,2007-06-06,BUY,TRW,,119.0
25,2007-06-13,SELL,ACLI,,132.0
25,2007-06-22,BUY,NRG,,111.0
25,2007-07-16,BUY,GLBL1,,133.0
25,2007-07-25,SELL,MTCH,,109.0
25,2007-07-30,SELL,UIS,,2.0
25,2007-08-10,SELL,TRA,,286.0
25,2007-08-24,BUY,TBSIQ,,118.0
25,2007-08-29,BUY,DRYS,,70.0
25,2007-09-12,BUY,OPSW,,2.0
25,2007-10-30,SELL,CMCSA,,141.0
25,2007-10-30,BUY,EDO,,89.0
25,2007-11-02,SELL,CMCSK,,151.5
25,2007-11-05,BUY,BIDU,,12.0
25,2007-11-08,SELL,JLL,,46.0
25,2007-11-08,SELL,TRW,,119.0
25,2007-11-12,SELL,TEX,,80.0
25,2007-11-13,SELL,TBSIQ,,118.0
25,2007-11-13,SELL,DRYS,,70.0
25,2007-11-30,BUY,MTL,,57.0
25,2007-12-05,BUY,TELFY,,46.0
25,2007-12-11,BUY,IHS2,,71.0
25,2007-12-12,SELL,NRG,,111.0
25,2007-12-12,BUY,MON2,,46.0
25,2007-12-13,BUY,SIGM,,73.0
25,2007-12-14,BUY,BMRN,,165.0
25,2007-12-17,BUY,KUST,,637.0
25,2008-01-04,SELL,GLBL1,,133.0
25,2008-01-07,SELL,ATI,,58.0
25,2008-01-08,SELL,SIGM,,73.0
25,2008-01-10,SELL,HAS,,146.0
25,2008-01-15,BUY,CVD,,49.0
25,2008-01-18,SELL,GEN1,,179.0
25,2008-01-18,SELL,BFH,,67.0
25,2008-01-18,SELL,LECO,,65.0
25,2008-01-18,SELL,MTW,,178.0
25,2008-01-18,SELL,BIDU,,12.0
25,2008-02-06,BUY,PRGO,,130.0
25,2008-02-07,SELL,CXW,,160.0
25,2008-02-07,BUY,MEE,,114.0
25,2008-02-08,BUY,MOS,,46.0
25,2008-02-11,BUY,INCY,,371.0
25,2008-02-12,BUY,AUXL,,134.0
25,2008-02-13,BUY,GOLD1,,97.0
25,2008-02-21,BUY,FRFHF,,15.0
25,2008-02-22,BUY,CMO,,255.0
25,2008-02-25,BUY,GLDN1,,44.0
25,2008-02-26,BUY,KGC,,135.0
25,2008-02-27,BUY,CSIQ,,1.0
25,2008-03-07,SELL,CMO,,255.0
25,2008-03-11,SELL,INCY,,371.0
25,2008-03-14,BUY,CMP,,74.0
25,2008-03-24,SELL,AUXL,,134.0
25,2008-04-09,BUY,WLTGQ,,67.0
25,2008-04-11,BUY,XEC,,78.0
25,2008-04-15,BUY,SID,,1.0
25,2008-04-23,BUY,KCG1,,1.0
25,2008-04-30,SELL,KGC,,135.0
25,2008-04-30,SELL,EPC,,49.0
25,2008-05-29,SELL,TELFY,,46.0
25,2008-06-02,BUY,MMR,,160.0
25,2008-06-03,BUY,JRCCQ,,125.0
25,2008-06-04,SELL,IHS2,,71.0
25,2008-06-13,SELL,GOLD1,,97.0
25,2008-06-30,BUY,UNTCQ,,64.0
25,2008-07-03,SELL,CSIQ,,1.0
25,2008-07-07,SELL,MMR,,160.0
25,2008-07-07,SELL,BMRN,,165.0
25,2008-07-07,BUY,PCXCQ,,39.0
25,2008-07-08,SELL,CVD,,49.0
25,2008-07-09,SELL,JRCCQ,,125.0
25,2008-07-16,BUY,ANRZQ,,51.0
25,2008-07-21,SELL,MIR2,,102.0
25,2008-07-21,SELL,MTL,,171.0
25,2008-07-24,SELL,MEE,,114.0
25,2008-08-05,SELL,MOS,,46.0
25,2008-08-05,SELL,XEC,,78.0
25,2008-08-05,SELL,KUST,,637.0
25,2008-08-05,BUY,SPSX,,98.0
25,2008-08-06,BUY,DRS1,,55.0
25,2008-08-07,BUY,EW,,69.0
25,2008-08-08,SELL,SID,,1.0
25,2008-08-08,BUY,IPHS,,118.0
25,2008-08-12,SELL,FRFHF,,15.0
25,2008-08-22,BUY,FSYS,,79.0
25,2008-08-25,BUY,BUD1,,65.0
25,2008-08-26,BUY,MYGN,,67.0
25,2008-08-27,BUY,SQNM,,196.0
25,2008-09-04,SELL,CMP,,74.0
25,2008-09-04,SELL,PCXCQ,,39.0
25,2008-09-05,SELL,MA,,41.0
25,2008-09-05,SELL,WLTGQ,,67.0
25,2008-09-05,BUY,IKN,,239.0
25,2008-09-08,BUY,THOR1,,159.0
25,2008-09-09,SELL,UNTCQ,,64.0
25,2008-09-09,BUY,UTHR,,36.0
25,2008-09-10,SELL,CF,,136.0
25,2008-09-10,SELL,MON2,,46.0
25,2008-09-10,SELL,ANRZQ,,51.0
25,2008-09-10,BUY,OCR,,122.0
25,2008-09-12,BUY,VAR,,62.0
25,2008-09-16,SELL,T,,1.0
25,2008-09-18,SELL,IPHS,,118.0
25,2008-09-23,BUY,GAS1,,81.0
25,2008-09-30,SELL,FSYS,,79.0
25,2008-10-06,BUY,LDG,,51.0
25,2008-10-07,BUY,VRX1,,200.0
25,2008-10-08,BUY,UB,,50.0
25,2008-10-09,SELL,SQNM,,196.0
25,2008-10-09,SELL,KCG1,,1.0
25,2008-10-09,BUY,IMCL,,54.0
25,2008-10-13,SELL,VAR,,62.0
25,2008-10-13,BUY,PB,,105.0
25,2008-10-14,BUY,BWLD,,96.0
25,2008-10-15,BUY,FDRY,,215.0
25,2008-10-17,BUY,PHLY,,63.0
25,2008-10-20,BUY,ATML,,936.0
25,2008-10-21,BUY,APOL,,60.0
25,2008-10-24,SELL,OCR,,122.0
25,2008-10-27,SELL,PRGO,,130.0
25,2008-10-29,SELL,BWLD,,96.0
25,2008-10-29,SELL,THOR1,,159.0
25,2008-10-29,SELL,UTHR,,36.0
25,2008-11-18,BUY,BRL,,55.0
25,2008-11-26,SELL,ATML,,936.0
25,2008-12-15,BUY,AMGN,,60.0
25,2008-12-16,BUY,THOR1,,123.0
25,2008-12-17,BUY,ALO1,,98.0
25,2008-12-18,BUY,CBST,,146.0
25,2008-12-19,BUY,CRI,,181.0
25,2008-12-24,SELL,GAS1,,81.0
25,2009-01-13,SELL,PB,,105.0
25,2009-01-21,BUY,LCC,,465.0
25,2009-01-22,BUY,JBLU,,562.0
25,2009-01-23,BUY,IDCC,,115.0
25,2009-01-26,BUY,SMG,,106.0
25,2009-01-27,BUY,MNST,,105.0
25,2009-01-28,BUY,RGLD,,75.0
25,2009-01-29,BUY,FRFHF,,10.0
25,2009-01-30,BUY,ORLY,,116.0
25,2009-02-02,BUY,DLTR,,81.0
25,2009-02-03,BUY,AVAV,,94.0
25,2009-02-04,BUY,ATHN1,,94.0
25,2009-02-05,SELL,LCC,,465.0
25,2009-02-05,BUY,GMCR,,86.0
25,2009-02-06,BUY,FNF,,195.0
25,2009-02-09,BUY,AGP,,119.0
25,2009-02-13,BUY,ESINQ,,28.0
25,2009-02-17,BUY,ALK,,122.0
25,2009-02-19,SELL,CBST,,146.0
25,2009-02-20,SELL,JBLU,,562.0
25,2009-02-20,BUY,MBOT,,1559.0
25,2009-03-02,SELL,ATHN1,,94.0
25,2009-03-03,SELL,THOR1,,123.0
25,2009-03-03,SELL,ALK,,122.0
25,2009-03-04,SELL,VRX1,,200.0
25,2009-03-04,SELL,IDCC,,115.0
25,2009-03-05,SELL,FRFHF,,10.0
25,2009-03-10,BUY,NFLX,,77.0
25,2009-03-11,SELL,AVAV,,94.0
25,2009-03-23,BUY,CVTX,,156.0
25,2009-03-24,BUY,AU,,84.0
25,2009-04-01,BUY,PRDO,,135.0
25,2009-04-02,BUY,AZO,,19.0
25,2009-04-03,BUY,BKNG,,37.0
25,2009-04-06,BUY,IAG,,399.0
25,2009-04-07,BUY,ADM,,57.0
25,2009-04-08,BUY,VTRS,,9.0
25,2009-04-13,SELL,APOL,,60.0
25,2009-04-14,BUY,SGP1,,138.0
25,2009-05-08,SELL,MYGN,,134.0
25,2009-05-08,SELL,FNF,,195.0
25,2009-05-13,BUY,TIVO,,155.0
25,2009-06-03,BUY,SNDA1,,56.0
25,2009-06-09,SELL,AMGN,,60.0
25,2009-06-10,BUY,PALM,,266.0
25,2009-06-11,BUY,STRZA,,226.0
25,2009-06-18,SELL,MNST,,105.0
25,2009-07-10,BUY,STEC1,,135.0
25,2009-07-21,SELL,RGLD,,75.0
25,2009-07-21,BUY,BIDU,,1.0
25,2009-07-31,SELL,AGP,,119.0
25,2009-08-06,SELL,ESINQ,,28.0
25,2009-08-12,SELL,MBOT,,1559.0
25,2009-08-20,BUY,ASH,,107.0
25,2009-09-01,BUY,DTGF,,184.0
25,2009-09-08,BUY,PWRD1,,106.0
25,2009-09-14,BUY,FUQI,,33.0
25,2009-09-22,SELL,STEC1,,135.0
25,2009-09-23,SELL,AZO,,19.0
25,2009-10-22,BUY,VECO,,155.0
25,2009-10-23,BUY,SAN,,168.0
25,2009-10-28,SELL,FUQI,,33.0
25,2009-10-29,SELL,SNDA1,,56.0
25,2009-11-02,SELL,DTGF,,184.0
25,2009-11-02,SELL,PALM,,266.0
25,2009-11-30,BUY,MATV,,64.0
25,2009-12-01,BUY,TUPBQ,,84.0
25,2009-12-03,BUY,MCK,,64.0
25,2009-12-04,BUY,PRGO,,40.0
25,2009-12-18,BUY,VMED,,1.0
25,2010-01-26,SELL,IAG,,399.0
25,2010-02-12,SELL,MATV,,64.0
25,2010-02-26,BUY,EL,,69.0
25,2010-03-02,SELL,PWRD1,,106.0
25,2010-03-17,BUY,LNCR,,105.0
25,2010-04-01,BUY,WOLF2,,44.0
25,2010-04-19,SELL,SAN,,168.0
25,2010-05-19,BUY,IPXL,,119.0
25,2010-05-20,SELL,BKNG,,37.0
25,2010-05-25,SELL,TUPBQ,,84.0
25,2010-05-26,SELL,VECO,,155.0
25,2010-06-08,SELL,GMCR,,387.0
25,2010-06-22,BUY,APKT,,158.0
25,2010-06-25,BUY,TSN,,252.0
25,2010-06-28,SELL,PRDO,,135.0
25,2010-06-28,BUY,VCI,,131.0
25,2010-07-07,SELL,ASH,,107.0
25,2010-07-09,BUY,IDC,,132.0
25,2010-07-29,BUY,CRUS,,233.0
25,2010-08-11,SELL,CRI,,181.0
25,2010-08-13,BUY,AZO,,21.0
25,2010-08-16,SELL,WOLF2,,44.0
25,2010-08-18,SELL,EL,,69.0
25,2010-08-27,SELL,LNCR,,157.5
25,2010-09-13,BUY,VRX1,,71.0
25,2010-09-14,BUY,PWER1,,406.0
25,2010-09-16,BUY,ISLN,,193.0
25,2010-09-20,BUY,VMW,,54.0
25,2010-10-12,BUY,BHC,,178.0
25,2010-10-22,SELL,CRUS,,233.0
25,2010-11-08,SELL,IPXL,,119.0
25,2010-11-10,BUY,ENDPQ,,137.0
25,2010-11-23,BUY,LYB,,174.0
25,2010-12-09,BUY,SQM,,18.0
25,2010-12-15,SELL,TSN,,252.0
25,2010-12-16,SELL,VCI,,131.0
25,2011-01-18,BUY,ALXN,,69.0
25,2011-01-19,BUY,ATML,,413.0
25,2011-02-04,BUY,FOSL,,50.0
25,2011-03-01,SELL,PWER1,,406.0
25,2011-03-11,SELL,VMW,,54.0
25,2011-03-18,SELL,ATML,,413.0
25,2011-03-31,BUY,SM,,83.0
25,2011-04-12,BUY,JAZZ,,183.0
25,2011-04-19,BUY,ST,,7.0
25,2011-05-03,SELL,TIVO,,155.0
25,2011-06-03,BUY,DTGF,,77.0
25,2011-07-28,SELL,APKT,,158.0
25,2011-08-08,SELL,BHC,,178.0
25,2011-08-09,SELL,FOSL,,50.0
25,2011-08-09,SELL,EW,,138.0
25,2011-08-09,SELL,ADM,,57.0
25,2011-08-09,SELL,SMG,,106.0
25,2011-08-09,SELL,VMED,,1.0
25,2011-08-09,SELL,LYB,,174.0
25,2011-08-11,SELL,VTRS,,9.0
25,2011-08-22,SELL,NFLX,,77.0
25,2011-08-22,SELL,ENDPQ,,137.0
25,2011-08-23,SELL,STRZA,,226.0
25,2011-08-29,BUY,DPZ,,205.0
25,2011-09-08,BUY,QCOR,,185.0
25,2011-09-09,BUY,RGLD,,69.0
25,2011-09-12,BUY,GOLD1,,50.0
25,2011-09-13,BUY,VRUS1,,72.0
25,2011-09-14,BUY,MNST,,63.0
25,2011-09-15,BUY,PSMT,,78.0
25,2011-09-16,BUY,MCD,,64.0
25,2011-09-19,BUY,DMND,,65.0
25,2011-09-22,BUY,CEPH,,70.0
25,2011-09-23,BUY,DPL,,185.0
25,2011-09-26,BUY,CROX,,201.0
25,2011-09-29,SELL,DTGF,,77.0
25,2011-09-30,SELL,BIDU,,10.0
25,2011-10-03,SELL,ST,,7.0
25,2011-10-04,SELL,SQM,,18.0
25,2011-10-04,SELL,SM,,83.0
25,2011-10-19,SELL,CROX,,201.0
25,2011-10-26,SELL,DMND,,65.0
25,2011-10-31,BUY,SUG,,133.0
25,2011-11-01,BUY,GR,,45.0
25,2011-11-02,BUY,MMI1,,143.0
25,2011-11-03,BUY,BMRN,,173.0
25,2011-11-04,BUY,VFC,,40.0
25,2011-11-18,BUY,NLC,,126.0
25,2011-12-16,BUY,TJX,,91.0
25,2011-12-19,BUY,NSR1,,141.0
25,2012-01-12,BUY,INHX,,1.0
25,2012-02-01,BUY,DG,,141.0
25,2012-03-02,SELL,RGLD,,69.0
25,2012-03-02,BUY,PAA,,46.0
25,2012-03-08,SELL,PSMT,,78.0
25,2012-04-05,SELL,GOLD1,,50.0
25,2012-04-05,SELL,AU,,84.0
25,2012-04-11,BUY,PIRRQ,,353.0
25,2012-04-12,BUY,VAL1,,129.0
25,2012-04-13,BUY,EC,,101.0
25,2012-04-26,SELL,MMI1,,143.0
25,2012-05-08,BUY,HD,,126.0
25,2012-05-09,BUY,EQIX,,22.0
25,2012-05-10,BUY,CPWM,,3.0
25,2012-05-29,BUY,LCC,,1.0
25,2012-06-04,SELL,DPZ,,205.0
25,2012-06-12,SELL,NSR1,,141.0
25,2012-07-17,BUY,PCYC,,123.0
25,2012-07-18,BUY,HAIN,,68.0
25,2012-07-26,SELL,QCOR,,185.0
25,2012-08-08,SELL,LCC,,1.0
25,2012-08-13,SELL,MNST,,126.0
25,2012-08-15,BUY,SBAC,,106.0
25,2012-08-27,BUY,ELLI,,256.0
25,2012-09-10,BUY,DK,,252.0
25,2012-09-11,BUY,NSM,,18.0
25,2012-09-13,BUY,CDMO,,5.0
25,2012-09-25,SELL,CDMO,,5.0
25,2012-10-03,SELL,EC,,101.0
25,2012-10-19,SELL,DLTR,,243.0
25,2012-10-25,BUY,ONIT,,170.0
25,2012-11-06,BUY,WAC,,152.0
25,2012-11-08,SELL,PCYC,,123.0
25,2012-11-14,SELL,NSM,,18.0
25,2012-11-23,BUY,VMED,,192.0
25,2012-12-11,BUY,WHR,,26.0
25,2012-12-17,BUY,BAX,,1.0
25,2013-01-10,SELL,HAIN,,68.0
25,2013-02-01,SELL,ELLI,,256.0
25,2013-02-12,BUY,CPAY,,106.0
25,2013-03-06,BUY,EV1,,51.0
25,2013-03-20,SELL,WAC,,152.0
25,2013-04-22,BUY,MSGN,,95.0
25,2013-04-23,SELL,ONIT,,170.0
25,2013-05-23,BUY,OHI,,171.0
25,2013-07-02,SELL,DK,,252.0
25,2013-07-24,BUY,NXST,,217.0
25,2013-08-02,BUY,CBOE,,156.0
25,2013-10-10,SELL,MSGN,,95.0
25,2013-11-08,SELL,EQIX,,22.0
25,2013-11-11,BUY,GHC,,12.0
25,2013-11-12,SELL,OHI,,171.0
25,2013-12-11,BUY,OA,,71.0
25,2013-12-13,BUY,GIVN,,2.0
25,2014-01-24,SELL,CBOE,,156.0
25,2014-02-26,BUY,WWE,,341.0
25,2014-03-12,SELL,NXST,,217.0
25,2014-04-08,SELL,PIRRQ,,353.0
25,2014-04-11,SELL,WWE,,341.0
25,2014-04-11,BUY,GLOG,,359.0
25,2014-04-14,SELL,BMRN,,173.0
25,2014-04-14,BUY,CAR,,183.0
25,2014-05-09,BUY,TRGP,,84.0
25,2014-05-14,BUY,HP,,51.0
25,2014-05-15,BUY,CNQ,,1.0
25,2014-10-01,SELL,GLOG,,359.0
25,2014-10-14,SELL,HP,,51.0
25,2014-10-14,SELL,CAR,,183.0
25,2014-10-15,SELL,CNQ,,1.0
25,2014-10-31,BUY,MDVN,,100.0
25,2014-11-06,SELL,OA,,71.0
25,2014-11-13,BUY,CNQR,,81.0
25,2014-11-14,BUY,PANW,,76.0
25,2014-11-17,BUY,CENX,,2.0
25,2014-12-02,SELL,TRGP,,84.0
25,2014-12-19,BUY,LOW,,160.0
25,2015-01-05,BUY,CBRL,,60.0
25,2015-01-15,SELL,CENX,,2.0
25,2015-01-22,BUY,TPST,,4.0
25,2015-02-18,BUY,KR,,2.0
25,2015-04-01,SELL,TPST,,4.0
25,2015-05-04,BUY,COR,,5.0
25,2015-07-02,SELL,PAA,,92.0
25,2015-07-02,SELL,BAX,,1.0
25,2015-07-02,SELL,GHC,,12.0
25,2015-08-04,BUY,ADPTQ,,103.0
25,2015-08-05,BUY,SKX,,38.0
25,2015-08-06,BUY,EGRX,,1.0
25,2015-08-21,SELL,MDVN,,100.0
25,2015-08-21,SELL,EGRX,,1.0
25,2015-09-23,BUY,PRE1,,68.0
25,2015-09-24,BUY,THOR1,,1.0
25,2015-09-28,SELL,JAZZ,,183.0
25,2015-09-29,SELL,WHR,,26.0
25,2015-10-01,SELL,ADPTQ,,103.0
25,2015-10-22,SELL,COR,,5.0
25,2015-10-26,SELL,SKX,,114.0
25,2015-10-28,BUY,UHAL,,26.0
25,2015-10-29,BUY,AIZ,,132.0
25,2015-11-02,BUY,ACGL,,144.0
25,2015-11-20,BUY,VRE,,387.0
25,2015-11-23,BUY,XXII,,4.0
25,2015-11-30,BUY,ATVI,,1.0
25,2016-01-05,SELL,PRGO,,40.0
25,2016-01-07,SELL,EV1,,51.0
25,2016-01-08,SELL,XXII,,4.0
25,2016-01-12,SELL,MCK,,64.0
25,2016-01-20,SELL,VFC,,160.0
25,2016-01-21,SELL,SBAC,,106.0
25,2016-02-02,SELL,ALXN,,138.0
25,2016-02-05,BUY,TAL,,205.0
25,2016-02-08,SELL,PANW,,76.0
25,2016-02-09,BUY,HRL,,115.0
25,2016-02-10,SELL,CPAY,,106.0
25,2016-02-10,BUY,DLR,,122.0
25,2016-02-12,BUY,TSN,,157.0
25,2016-02-22,BUY,HPY,,106.0
25,2016-02-23,BUY,EDU,,311.0
25,2016-03-04,BUY,HMIN,,289.0
25,2016-03-10,BUY,ATO,,139.0
25,2016-03-14,BUY,ACC,,1.0
25,2016-04-21,SELL,UHAL,,26.0
25,2016-04-22,SELL,AIZ,,132.0
25,2016-04-26,SELL,ACGL,,144.0
25,2016-05-09,BUY,CPB,,168.0
25,2016-05-17,BUY,AG,,965.0
25,2016-05-23,BUY,B,,582.0
25,2016-05-24,BUY,BKH,,181.0
25,2016-05-26,BUY,CDE,,1395.0
25,2016-06-08,BUY,AWK,,97.0
25,2016-08-01,SELL,HRL,,230.0
25,2016-08-31,SELL,AG,,965.0
25,2016-08-31,BUY,AMH,,433.0
25,2016-09-29,SELL,KR,,4.0
25,2016-10-03,BUY,EXEL,,871.0
25,2016-10-05,SELL,B,,582.0
25,2016-10-05,SELL,CDE,,1395.0
25,2016-10-06,SELL,DG,,141.0
25,2016-10-27,SELL,CPB,,168.0
25,2016-10-31,BUY,NVDA,,152.0
25,2016-11-04,BUY,GEN,,415.0
25,2016-11-07,BUY,BRSL,,384.0
25,2016-11-08,BUY,CWEI,,103.0
25,2016-11-11,SELL,BKH,,181.0
25,2016-11-28,SELL,AWK,,97.0
25,2016-11-29,BUY,DPZ,,66.0
25,2016-12-14,BUY,FNSR,,275.0
25,2016-12-29,BUY,CFG,,6.0
25,2017-04-06,SELL,FNSR,,275.0
25,2017-05-02,SELL,BRSL,,384.0
25,2017-05-09,BUY,WNC,,582.0
25,2017-06-15,BUY,RACE,,145.0
25,2017-06-16,BUY,SITE,,254.0
25,2017-06-22,SELL,CFG,,6.0
25,2017-06-29,SELL,AZO,,21.0
25,2017-07-06,SELL,ORLY,,116.0
25,2017-07-17,BUY,ISRG,,13.0
25,2017-07-25,BUY,HRC,,157.0
25,2017-08-01,BUY,FIZZ,,128.0
25,2017-08-07,BUY,WGHTQ,,42.0
25,2018-01-16,SELL,VRE,,387.0
25,2018-02-02,SELL,ACC,,1.0
25,2018-02-15,BUY,EC,,563.0
25,2018-03-07,BUY,NKTR,,2.0
25,2018-03-20,SELL,FIZZ,,128.0
25,2018-04-02,SELL,EXEL,,871.0
25,2018-04-20,BUY,GMED,,297.0
25,2018-05-02,BUY,VIRT,,418.0
25,2018-05-14,SELL,GEN,,415.0
25,2018-06-05,SELL,NKTR,,2.0
25,2018-06-14,BUY,ABMD,,24.0
25,2018-07-06,BUY,WWE,,5.0
25,2018-07-30,SELL,VIRT,,418.0
25,2018-07-31,SELL,TAL,,1230.0
25,2018-08-01,SELL,TSN,,157.0
25,2018-08-13,SELL,WNC,,582.0
25,2018-08-16,SELL,WGHTQ,,42.0
25,2018-08-29,BUY,TNDM,,388.0
25,2018-08-30,BUY,AMED,,129.0
25,2018-08-31,BUY,IIN,,219.0
25,2018-09-06,SELL,EDU,,311.0
25,2018-09-13,BUY,FNKO,,645.0
25,2018-09-18,BUY,EPAY,,231.0
25,2018-10-03,SELL,TNDM,,388.0
25,2018-10-05,SELL,IIN,,219.0
25,2018-10-08,BUY,WCG,,47.0
25,2018-10-10,SELL,GMED,,297.0
25,2018-10-12,SELL,SITE,,254.0
25,2018-10-25,SELL,NVDA,,152.0
25,2018-10-30,SELL,WWE,,5.0
25,2018-11-02,BUY,REGI,,447.0
25,2018-11-06,BUY,TNDM,,367.0
25,2018-11-09,BUY,IDTI,,302.0
25,2018-11-12,SELL,FNKO,,645.0
25,2018-11-12,SELL,ATVI,,1.0
25,2018-11-13,BUY,LLY,,119.0
25,2018-11-15,SELL,ABMD,,24.0
25,2018-11-21,SELL,EC,,563.0
25,2018-11-21,SELL,EPAY,,231.0
25,2018-11-27,BUY,MKC,,91.0
25,2018-11-30,BUY,CABO,,15.0
25,2018-12-14,SELL,RACE,,145.0
25,2018-12-14,BUY,MZTI,,72.0
25,2018-12-17,BUY,AEE,,189.0
25,2018-12-19,BUY,HELE,,95.0
25,2018-12-26,SELL,WCG,,47.0
25,2018-12-26,BUY,ESL,,101.0
25,2018-12-27,BUY,SAVEQ,,220.0
25,2019-01-17,BUY,TRCO,,208.0
25,2019-01-29,BUY,AU,,14.0
25,2019-04-29,BUY,SEE,,311.0
25,2019-04-30,SELL,REGI,,447.0
25,2019-05-15,BUY,ZNGA,,2349.0
25,2019-05-31,BUY,FICO,,36.0
25,2019-06-10,SELL,MZTI,,72.0
25,2019-06-13,SELL,HELE,,95.0
25,2019-06-20,SELL,SAVEQ,,220.0
25,2019-07-11,BUY,ERIE,,55.0
25,2019-07-16,BUY,SHOP,,45.0
25,2019-07-23,BUY,PRO,,98.0
25,2019-09-30,SELL,ERIE,,55.0
25,2019-10-17,SELL,SEE,,311.0
25,2019-10-29,SELL,PRO,,98.0
25,2019-10-30,BUY,AWR,,157.0
25,2019-11-01,BUY,AQN,,1079.0
25,2019-11-18,BUY,RH,,50.0
25,2019-11-29,BUY,GNRC,,1.0
25,2020-03-06,SELL,RH,,50.0
25,2020-03-10,SELL,CBRL,,60.0
25,2020-03-13,SELL,TNDM,,367.0
25,2020-03-13,SELL,SHOP,,45.0
25,2020-03-13,SELL,FICO,,36.0
25,2020-03-13,SELL,AU,,14.0
25,2020-03-17,SELL,AWR,,157.0
25,2020-03-17,SELL,TJX,,364.0
25,2020-03-17,SELL,HD,,126.0
25,2020-03-17,SELL,LOW,,160.0
25,2020-03-17,SELL,AQN,,1079.0
25,2020-03-17,SELL,ISRG,,39.0
25,2020-03-17,SELL,AMED,,129.0
25,2020-03-17,SELL,MKC,,91.0
25,2020-03-17,SELL,MCD,,64.0
25,2020-03-17,SELL,CABO,,15.0
25,2020-03-23,SELL,AMH,,433.0
25,2020-03-23,SELL,HRC,,157.0
25,2020-03-24,SELL,ATO,,139.0
25,2020-03-24,SELL,GNRC,,1.0
25,2020-04-07,BUY,REGN,,26.0
25,2020-04-09,BUY,BILI,,512.0
25,2020-04-15,BUY,TDOC,,86.0
25,2020-04-16,BUY,FIT,,2004.0
25,2020-04-17,BUY,CCOI,,150.0
25,2020-04-20,BUY,ZM,,91.0
25,2020-04-21,BUY,CODX,,941.0
25,2020-04-22,BUY,AXSM,,204.0
25,2020-04-23,BUY,EVBG,,113.0
25,2020-04-24,BUY,EHTH,,109.0
25,2020-04-27,BUY,SE,,254.0
25,2020-04-28,BUY,DXCM,,41.0
25,2020-04-29,BUY,XLRN,,145.0
25,2020-04-30,BUY,QDEL,,97.0
25,2020-05-01,BUY,VXRT,,4976.0
25,2020-05-04,BUY,AUPH,,849.0
25,2020-05-05,BUY,CCXI1,,249.0
25,2020-05-06,BUY,GOTU,,328.0
25,2020-05-18,BUY,RCUS,,2.0
25,2020-05-19,BUY,PLUR,,1.0
25,2020-05-22,SELL,GOTU,,328.0
25,2020-06-08,SELL,CODX,,941.0
25,2020-06-24,SELL,RCUS,,2.0
25,2020-06-24,BUY,NVAX,,224.0
25,2020-06-29,SELL,EHTH,,109.0
25,2020-07-09,BUY,DOCU,,85.0
25,2020-07-27,BUY,NAK,,43.0
25,2020-07-28,SELL,VXRT,,4976.0
25,2020-07-30,BUY,WKHS,,1134.0
25,2020-08-13,SELL,NVAX,,224.0
25,2020-08-25,SELL,NAK,,43.0
25,2020-08-27,BUY,LVGO,,137.0
25,2020-08-28,SELL,QDEL,,97.0
25,2020-09-08,SELL,AXSM,,204.0
25,2020-09-15,BUY,APPS,,725.0
25,2020-09-21,SELL,CCOI,,150.0
25,2020-09-25,BUY,FVRR,,148.0
25,2020-09-30,BUY,AGNT,,462.0
25,2020-10-08,BUY,RUN,,259.0
25,2020-10-21,SELL,WKHS,,1134.0
25,2020-10-21,BUY,ALTO,,1022.0
25,2020-10-22,SELL,AUPH,,849.0
25,2020-10-23,SELL,CCXI1,,249.0
25,2020-10-27,SELL,AGNT,,462.0
25,2020-10-28,SELL,ALTO,,1022.0
25,2020-10-29,SELL,EVBG,,113.0
25,2020-11-02,SELL,APPS,,725.0
25,2020-11-03,SELL,DXCM,,41.0
25,2020-11-11,SELL,TDOC,,86.0
25,2020-11-11,SELL,ZM,,91.0
25,2020-11-20,BUY,NIO,,384.0
25,2020-11-23,BUY,FDX,,68.0
25,2020-11-24,BUY,PACB,,1281.0
25,2020-11-27,BUY,AGNT,,366.0
25,2020-11-30,BUY,GNRC,,87.0
25,2020-12-01,BUY,LOB,,464.0
25,2020-12-03,BUY,FRHC,,485.0
25,2020-12-04,BUY,LPRO,,711.0
25,2020-12-10,SELL,PLUR,,1.0
25,2020-12-14,BUY,PWR,,279.0
25,2020-12-15,BUY,SWAV,,201.0
25,2020-12-16,BUY,DAR,,5.0
25,2021-01-29,BUY,SICPQ,,150.0
25,2021-02-19,SELL,RUN,,259.0
25,2021-02-23,SELL,REGN,,26.0
25,2021-02-25,SELL,PACB,,1281.0
25,2021-03-02,BUY,VCEL,,557.0
25,2021-03-03,SELL,NIO,,384.0
25,2021-03-04,SELL,AGNT,,732.0
25,2021-03-05,SELL,FVRR,,148.0
25,2021-03-05,SELL,SICPQ,,150.0
25,2021-03-08,SELL,SWAV,,201.0
25,2021-03-09,SELL,BILI,,512.0
25,2021-03-23,BUY,CTRN,,272.0
25,2021-03-25,BUY,TPR,,582.0
25,2021-03-29,BUY,WAL,,252.0
25,2021-04-05,BUY,DEN,,489.0
25,2021-04-06,BUY,SM,,1446.0
25,2021-04-07,BUY,TPL,,15.0
25,2021-04-08,BUY,SICPQ,,177.0
25,2021-04-09,BUY,DBRG,,3739.0
25,2021-04-12,BUY,DAC,,451.0
25,2021-04-26,SELL,SICPQ,,177.0
25,2021-05-13,SELL,DOCU,,85.0
25,2021-05-26,BUY,CHRD,,300.0
25,2021-06-15,BUY,COF,,134.0
25,2021-07-20,SELL,SM,,1446.0
25,2021-08-09,SELL,ZNGA,,2349.0
25,2021-08-11,SELL,VCEL,,557.0
25,2021-08-13,SELL,CTRN,,272.0
25,2021-08-19,BUY,LSI,,220.0
25,2021-09-08,SELL,TPL,,15.0
25,2021-09-09,BUY,EPAM,,43.0
25,2021-09-13,BUY,DXLG,,4038.0
25,2021-09-15,BUY,WST,,59.0
25,2021-09-29,SELL,DBRG,,3739.0
25,2021-10-01,SELL,FDX,,68.0
25,2021-10-08,BUY,PRFT,,218.0
25,2021-10-29,BUY,ASAN,,114.0
25,2021-11-02,BUY,ARES,,2.0
25,2021-11-11,SELL,LPRO,,711.0
25,2021-12-02,SELL,ASAN,,114.0
25,2021-12-03,SELL,COF,,134.0
25,2021-12-06,SELL,SE,,254.0
25,2021-12-13,SELL,GNRC,,87.0
25,2021-12-14,BUY,FDS,,57.0
25,2021-12-17,SELL,DXLG,,4038.0
25,2022-01-04,BUY,BLDR,,328.0
25,2022-01-05,BUY,WIRE,,193.0
25,2022-01-06,BUY,COST,,48.0
25,2022-01-07,BUY,ACLS,,372.0
25,2022-01-13,BUY,ON,,397.0
25,2022-01-18,SELL,PRFT,,218.0
25,2022-01-20,SELL,EPAM,,43.0
25,2022-01-20,BUY,VCRA,,315.0
25,2022-01-21,SELL,LOB,,464.0
25,2022-02-17,BUY,VET,,1414.0
25,2022-02-22,BUY,CVE,,1583.0
25,2022-02-23,BUY,CVX,,181.0
25,2022-03-07,SELL,WAL,,252.0
25,2022-03-08,SELL,WST,,59.0
25,2022-03-08,SELL,TPR,,582.0
25,2022-03-09,SELL,DPZ,,66.0
25,2022-04-06,BUY,ABBV,,157.0
25,2022-04-07,BUY,MCK,,81.0
25,2022-04-08,BUY,MDRX,,1139.0
25,2022-04-11,BUY,PCRX,,316.0
25,2022-04-12,SELL,ACLS,,372.0
25,2022-04-12,BUY,RGLD,,137.0
25,2022-04-25,SELL,FRHC,,485.0
25,2022-04-26,SELL,ARES,,2.0
25,2022-05-13,BUY,AMR,,151.0
25,2022-05-19,SELL,DAC,,451.0
25,2022-05-20,SELL,COST,,48.0
25,2022-05-25,SELL,BLDR,,328.0
25,2022-05-25,BUY,BMY,,308.0
25,2022-05-26,BUY,SRE,,144.0
25,2022-06-07,SELL,FDS,,57.0
25,2022-06-14,SELL,MDRX,,1139.0
25,2022-06-14,SELL,LSI,,220.0
25,2022-06-15,SELL,PCRX,,316.0
25,2022-06-22,BUY,STNG,,601.0
25,2022-06-23,SELL,DEN,,489.0
25,2022-06-23,BUY,PBF,,654.0
25,2022-06-24,SELL,VET,,1414.0
25,2022-06-28,BUY,MRK,,239.0
25,2022-06-29,SELL,WIRE,,193.0
25,2022-07-01,SELL,CHRD,,300.0
25,2022-07-01,SELL,DAR,,5.0
25,2022-07-05,SELL,ON,,397.0
25,2022-07-05,SELL,AMR,,151.0
25,2022-07-07,SELL,CVE,,1583.0
25,2022-07-11,BUY,HRB,,583.0
25,2022-07-14,SELL,DLR,,122.0
25,2022-07-18,BUY,LNTH,,306.0
25,2022-07-19,BUY,CNR,,371.0
25,2022-07-20,BUY,GO,,481.0
25,2022-07-21,SELL,RGLD,,137.0
25,2022-07-26,BUY,AR,,561.0
25,2022-07-27,BUY,GLNG,,972.0
25,2022-08-01,BUY,SWCH,,659.0
25,2022-08-03,BUY,SAIL1,,344.0
25,2022-08-04,BUY,CHNG,,909.0
25,2022-08-05,BUY,MNDT,,949.0
25,2022-08-08,BUY,CTIC,,2951.0
25,2022-08-10,BUY,MUSA,,77.0
25,2022-08-15,BUY,SWIR,,80.0
25,2022-08-30,BUY,EQT,,459.0
25,2022-09-27,SELL,AR,,561.0
25,2022-09-28,SELL,ABBV,,157.0
25,2022-09-29,BUY,INSW,,624.0
25,2022-10-13,SELL,CTIC,,2951.0
25,2022-10-17,SELL,GO,,481.0
25,2022-10-25,BUY,ELF,,537.0
25,2022-10-27,BUY,AAWW,,225.0
25,2022-10-28,BUY,HAE,,280.0
25,2022-11-04,SELL,LNTH,,306.0
25,2022-11-14,BUY,AVEO,,1544.0
25,2022-11-15,SELL,BMY,,308.0
25,2022-11-16,SELL,SRE,,144.0
25,2022-11-16,BUY,FSLR,,144.0
25,2022-11-17,BUY,NUVL,,710.0
25,2022-12-07,SELL,PBF,,654.0
25,2022-12-20,BUY,ERIE,,83.0
25,2022-12-21,BUY,TTC,,202.0
25,2022-12-22,BUY,RMBS,,621.0
25,2022-12-23,SELL,EQT,,459.0
25,2022-12-29,SELL,HRB,,583.0
25,2023-01-10,BUY,WFRD,,429.0
25,2023-01-18,SELL,GLNG,,972.0
25,2023-02-01,SELL,MUSA,,77.0
25,2023-02-03,BUY,NINEQ,,1728.0
25,2023-02-06,BUY,YPF,,2046.0
25,2023-02-07,BUY,GILD,,263.0
25,2023-02-17,BUY,TDW,,414.0
25,2023-02-21,SELL,CNR,,371.0
25,2023-03-01,BUY,FMX,,222.0
25,2023-03-06,BUY,SMFG,,2.0
25,2023-03-08,BUY,ALGM,,2.0
25,2023-03-10,SELL,NINEQ,,1728.0
25,2023-04-03,BUY,NSIT,,163.0
25,2023-04-05,SELL,NUVL,,710.0
25,2023-04-12,BUY,IPAR,,168.0
25,2023-05-03,BUY,WYNN,,67.0
25,2023-05-05,SELL,INSW,,624.0
25,2023-05-08,BUY,PEN,,75.0
25,2023-06-07,BUY,BLDR,,11.0
25,2023-06-13,SELL,STNG,,601.0
25,2023-06-14,SELL,ERIE,,83.0
25,2023-06-15,SELL,TTC,,202.0
25,2023-07-17,BUY,TPH,,759.0
25,2023-07-18,BUY,NVDA,,55.0
25,2023-07-19,BUY,MANH,,67.0
25,2023-08-01,SELL,GILD,,263.0
25,2023-08-25,SELL,SMFG,,2.0
25,2023-08-29,SELL,ALGM,,2.0
25,2023-08-31,BUY,APP,,474.0
25,2023-09-27,SELL,FSLR,,144.0
25,2023-09-27,BUY,CEG,,5.0
25,2023-09-28,SELL,PEN,,75.0
25,2023-09-29,BUY,XPO,,341.0
25,2023-10-03,SELL,IPAR,,168.0
25,2023-10-06,SELL,ELF,,537.0
25,2023-10-24,SELL,WYNN,,67.0
25,2023-10-26,SELL,BLDR,,11.0
25,2023-10-27,BUY,UEC,,4301.0
25,2023-10-30,BUY,ANF,,409.0
25,2023-10-31,SELL,YPF,,2046.0
25,2023-11-02,BUY,CLS,,1018.0
25,2023-11-07,BUY,MMYT,,619.0
25,2023-11-24,BUY,HRB,,486.0
25,2023-11-28,BUY,LBRT,,1.0
25,2023-12-01,BUY,BNKK,,3.0
25,2023-12-07,SELL,BNKK,,3.0
25,2024-01-09,SELL,MANH,,67.0
25,2024-01-10,BUY,NHC,,146.0
25,2024-01-23,SELL,AEE,,189.0
25,2024-02-09,BUY,CRWD,,38.0
25,2024-02-23,BUY,AGO,,7.0
25,2024-06-12,SELL,UEC,,4301.0
25,2024-07-16,BUY,TRGP,,190.0
25,2024-07-23,SELL,CRWD,,38.0
25,2024-07-31,SELL,RMBS,,621.0
25,2024-08-05,SELL,ANF,,409.0
25,2024-08-15,SELL,AGO,,7.0
25,2024-08-22,BUY,ADMA,,2075.0
25,2024-08-30,BUY,AEM,,445.0
25,2024-09-05,BUY,CRS,,151.0
25,2024-09-06,SELL,WFRD,,429.0
25,2024-09-09,SELL,CLS,,1018.0
25,2024-09-09,SELL,TDW,,414.0
25,2024-09-17,BUY,FOX,,984.0
25,2024-09-30,SELL,FMX,,222.0
25,2024-10-08,BUY,AHR,,1484.0
25,2024-10-09,BUY,LMT,,61.0
25,2024-10-10,BUY,IRM,,213.0
25,2024-10-24,SELL,LBRT,,1.0
25,2024-10-30,BUY,VTR,,2.0
25,2024-11-15,SELL,NSIT,,163.0
25,2024-11-25,BUY,AKR,,992.0
25,2024-12-18,BUY,LLYVK,,14.0
25,2025-01-27,SELL,NHC,,146.0
25,2025-02-04,SELL,HAE,,280.0
25,2025-02-05,SELL,MRK,,239.0
25,2025-02-14,SELL,ADMA,,2075.0
25,2025-02-18,SELL,LMT,,61.0
25,2025-02-19,SELL,TPH,,759.0
25,2025-02-27,SELL,APP,,474.0
25,2025-02-27,BUY,EAT,,252.0
25,2025-03-04,SELL,CEG,,5.0
25,2025-03-05,SELL,PWR,,279.0
25,2025-03-05,SELL,IRM,,213.0
25,2025-03-07,BUY,VRNA,,596.0
25,2025-03-10,SELL,XPO,,341.0
25,2025-03-10,BUY,LX,,4303.0
25,2025-03-19,BUY,GRRR,,1459.0
25,2025-03-20,BUY,SRAD,,1749.0
25,2025-03-21,BUY,ESLT,,96.0
25,2025-03-31,BUY,FNMA,,5903.0
25,2025-04-03,BUY,FOXA,,692.0
25,2025-04-04,SELL,NVDA,,550.0
25,2025-04-04,SELL,GRRR,,1459.0
25,2025-04-04,BUY,PYCR,,1682.0
25,2025-04-07,BUY,SWI,,1935.0
25,2025-04-08,SELL,AKR,,992.0
25,2025-04-08,SELL,LX,,4303.0
25,2025-04-09,BUY,ATSG,,1556.0
25,2025-05-07,BUY,VRSN,,134.0
25,2025-05-08,BUY,CNP,,985.0
25,2025-05-09,BUY,KC,,2643.0
25,2025-05-12,BUY,PLMR,,235.0
25,2025-05-28,BUY,NUTX,,241.0
25,2025-05-29,BUY,TDUP,,5459.0
25,2025-06-02,BUY,SSRM,,1184.0
25,2025-06-11,SELL,NUTX,,241.0
25,2025-07-15,BUY,ASM,,6727.0
25,2025-07-23,SELL,FNMA,,5903.0
25,2025-08-06,SELL,PLMR,,235.0
25,2025-08-08,SELL,LLY,,119.0
25,2025-08-20,SELL,EAT,,252.0
25,2025-08-22,BUY,WLDN,,387.0
25,2025-09-08,BUY,APH,,380.0
25,2025-09-10,BUY,RBLX,,318.0
25,2025-09-22,BUY,PRM,,1947.0
25,2025-10-14,SELL,TRGP,,190.0
25,2025-10-28,SELL,VRSN,,134.0
25,2025-10-29,SELL,MMYT,,619.0
25,2025-10-30,SELL,KC,,2643.0
25,2025-11-05,SELL,TDUP,,5459.0
25,2025-11-05,SELL,ASM,,6727.0
25,2025-11-13,SELL,HRB,,486.0
25,2025-11-13,BUY,WDC,,254.0
25,2025-11-18,SELL,SRAD,,1749.0
25,2025-11-20,SELL,RBLX,,318.0
25,2025-11-20,BUY,BE,,383.0
25,2025-11-28,BUY,LGND,,204.0
25,2025-12-01,BUY,LITE,,130.0
25,2025-12-02,BUY,SNDK,,199.0
25,2025-12-08,BUY,CIEN,,210.0
25,2025-12-09,BUY,ROIV,,2011.0
25,2025-12-16,BUY,PVLA,,472.0
25,2025-12-18,SELL,BE,,383.0
25,2025-12-19,BUY,GOOG,,139.0
25,2025-12-23,BUY,GOOGL,,142.0
25,2026-01-22,BUY,ARWR,,76.0
25,2026-03-02,SELL,WLDN,,387.0
25,2026-03-23,SELL,PRM,,1947.0
25,2026-03-23,SELL,SSRM,,1184.0
25,2026-04-01,BUY,ERAS,,3234.0
25,2026-04-23,BUY,SU,,794.0
25,2026-04-24,BUY,PR,,1.0
25,2026-04-29,SELL,ERAS,,3234.0
25,2026-05-20,SELL,AEM,,445.0
25,2026-06-01,BUY,KGS,,995.0
25,2026-06-11,SELL,PVLA,,472.0
25,2026-06-11,SELL,CIEN,,210.0
25,2026-06-17,SELL,FOXA,,692.0
25,2026-06-18,SELL,FOX,,984.0
25,2026-06-23,BUY,ATEX,,930.0
25,2026-07-06,SELL,LITE,,130.0
25,2026-07-08,SELL,SNDK,,199.0
25,2026-07-15,BUY,ATEN,,1752.0
25,2026-07-16,SELL,WDC,,254.0
25,2026-07-16,BUY,BAND,,919.0
25,2026-07-21,BUY,SYRE,,662.0
25,2026-07-22,BUY,FTNT,,414.0
25,2026-07-30,SELL,BAND,,919.0
