FROZEN_VALIDATION_SOURCE_SHA256=a48aab7c22ce15e162109d30377569d0585239ffbd00d6b265556d4a4cebb778
============================= test session starts ==============================
platform linux -- Python 3.12.13, pytest-8.4.2, pluggy-1.6.0 -- /usr/local/bin/python
rootdir: /tmp/repo
configfile: pytest.ini
plugins: asyncio-1.2.0, anyio-4.14.2
asyncio: mode=Mode.STRICT, debug=False, asyncio_default_fixture_loop_scope=None, asyncio_default_test_loop_scope=function
collecting ... collected 970 items

tests/sentinel/test_autonomous_deploy.py::test_shadow_attestation_uses_data_budget_not_process_health_budget PASSED [  0%]
tests/sentinel/test_autonomous_deploy.py::test_real_config_allows_measured_formation_and_full_status_read PASSED [  0%]
tests/sentinel/test_autonomous_deploy.py::test_shadow_read_cannot_authorize_after_data_deadline PASSED [  0%]
tests/sentinel/test_autonomous_deploy.py::test_formation_wait_budget_is_bounded[29] PASSED [  0%]
tests/sentinel/test_autonomous_deploy.py::test_formation_wait_budget_is_bounded[7201] PASSED [  0%]
tests/sentinel/test_autonomous_deploy.py::test_formation_wait_budget_is_bounded[unbounded] PASSED [  0%]
tests/sentinel/test_autonomous_deploy.py::test_dotenv_is_literal_and_does_not_truncate_hash_password PASSED [  0%]
tests/sentinel/test_autonomous_deploy.py::test_update_dotenv_changes_only_named_deploy_facts PASSED [  0%]
tests/sentinel/test_autonomous_deploy.py::test_runner_can_stream_progress_while_retaining_captured_output PASSED [  0%]
tests/sentinel/test_autonomous_deploy.py::test_runner_streamed_failure_still_refuses_with_child_output PASSED [  1%]
tests/sentinel/test_autonomous_deploy.py::test_streaming_deadline_covers_silent_partial_closed_and_inherited_pipe[False-import time; time.sleep(1.2)] PASSED [  1%]
tests/sentinel/test_autonomous_deploy.py::test_streaming_deadline_covers_silent_partial_closed_and_inherited_pipe[False-import time; print('partial', end='', flush=True); time.sleep(1.2)] PASSED [  1%]
tests/sentinel/test_autonomous_deploy.py::test_streaming_deadline_covers_silent_partial_closed_and_inherited_pipe[False-import os,time; os.close(1); os.close(2); time.sleep(1.2)] PASSED [  1%]
tests/sentinel/test_autonomous_deploy.py::test_streaming_deadline_covers_silent_partial_closed_and_inherited_pipe[False-import os,time; child=os.fork(); time.sleep(1.2) if child==0 else None] PASSED [  1%]
tests/sentinel/test_autonomous_deploy.py::test_streaming_deadline_covers_silent_partial_closed_and_inherited_pipe[True-import time; time.sleep(1.2)] PASSED [  1%]
tests/sentinel/test_autonomous_deploy.py::test_streaming_deadline_covers_silent_partial_closed_and_inherited_pipe[True-import time; print('partial', end='', flush=True); time.sleep(1.2)] PASSED [  1%]
tests/sentinel/test_autonomous_deploy.py::test_streaming_deadline_covers_silent_partial_closed_and_inherited_pipe[True-import os,time; os.close(1); os.close(2); time.sleep(1.2)] PASSED [  1%]
tests/sentinel/test_autonomous_deploy.py::test_streaming_deadline_covers_silent_partial_closed_and_inherited_pipe[True-import os,time; child=os.fork(); time.sleep(1.2) if child==0 else None] PASSED [  1%]
tests/sentinel/test_autonomous_deploy.py::test_stream_timeout_kills_descendant_before_its_late_side_effect PASSED [  1%]
tests/sentinel/test_autonomous_deploy.py::test_full_deploy_suite_uses_live_streaming_without_weakening_skip_gate PASSED [  2%]
tests/sentinel/test_autonomous_deploy.py::test_owned_binding_must_match_every_configured_identity PASSED [  2%]
tests/sentinel/test_autonomous_deploy.py::test_unknown_and_unapproved_unbound_ownership_fail_closed PASSED [  2%]
tests/sentinel/test_autonomous_deploy.py::test_final_health_requires_same_fence_and_advancing_heartbeat PASSED [  2%]
tests/sentinel/test_autonomous_deploy.py::test_failure_boundary_fences_only_after_transition PASSED [  2%]
tests/sentinel/test_autonomous_deploy.py::test_run_build_failure_does_not_enter_fail_close PASSED [  2%]
tests/sentinel/test_autonomous_deploy.py::test_run_post_transition_install_failure_always_fail_closes PASSED [  2%]
tests/sentinel/test_autonomous_deploy.py::test_reviewed_dual_starts_shadow_and_attests_before_paper_release PASSED [  2%]
tests/sentinel/test_autonomous_deploy.py::test_broker_unavailable_is_operational_not_deployment_failure PASSED [  2%]
tests/sentinel/test_autonomous_deploy.py::test_broker_trading_block_is_operational_not_deployment_failure PASSED [  2%]
tests/sentinel/test_autonomous_deploy.py::test_broker_identity_contradiction_still_blocks_deployment PASSED [  3%]
tests/sentinel/test_autonomous_deploy.py::test_durable_not_owned_and_noncurrent_authority_are_valid_fenced_install_states PASSED [  3%]
tests/sentinel/test_autonomous_deploy.py::test_durable_owned_identity_contradiction_still_blocks_deployment PASSED [  3%]
tests/sentinel/test_autonomous_deploy.py::test_unreadable_durable_authority_still_blocks_deployment PASSED [  3%]
tests/sentinel/test_autonomous_deploy.py::test_deployer_contains_no_destructive_reseed_or_account_migration_command PASSED [  3%]
tests/sentinel/test_autonomous_deploy.py::test_signer_is_network_disabled_and_private_key_is_read_only PASSED [  3%]
tests/sentinel/test_autonomous_deploy.py::test_launcher_serializes_before_fast_forward_and_reexecs_after_update PASSED [  3%]
tests/sentinel/test_autonomous_deploy.py::test_empty_issuer_keeps_original_confirmation_and_autonomous_alias PASSED [  3%]
tests/sentinel/test_autonomous_deploy_driver.py::test_config_refuses_noncanonical_exposure_before_deployment[1.0] PASSED [  3%]
tests/sentinel/test_autonomous_deploy_driver.py::test_config_refuses_noncanonical_exposure_before_deployment[0.0] PASSED [  4%]
tests/sentinel/test_autonomous_deploy_driver.py::test_config_refuses_noncanonical_exposure_before_deployment[00] PASSED [  4%]
tests/sentinel/test_autonomous_deploy_driver.py::test_config_refuses_noncanonical_exposure_before_deployment[.5] PASSED [  4%]
tests/sentinel/test_autonomous_deploy_driver.py::test_config_refuses_noncanonical_exposure_before_deployment[0.500] PASSED [  4%]
tests/sentinel/test_autonomous_deploy_driver.py::test_config_accepts_canonical_exposure[0] PASSED [  4%]
tests/sentinel/test_autonomous_deploy_driver.py::test_config_accepts_canonical_exposure[1] PASSED [  4%]
tests/sentinel/test_autonomous_deploy_driver.py::test_config_accepts_canonical_exposure[0.5] PASSED [  4%]
tests/sentinel/test_autonomous_deploy_driver.py::test_config_accepts_canonical_exposure[0.0001] PASSED [  4%]
tests/sentinel/test_autonomous_deploy_driver.py::test_config_accepts_canonical_exposure[0.999999999999999999] PASSED [  4%]
tests/sentinel/test_autonomous_deploy_driver.py::test_data_wait_defaults_are_bounded_and_operator_overridable PASSED [  4%]
tests/sentinel/test_autonomous_deploy_driver.py::test_vendor_probe_reuses_canonical_readiness_floor PASSED [  5%]
tests/sentinel/test_autonomous_deploy_driver.py::test_freshness_wait_polls_vendor_then_ingests_once_and_continues PASSED [  5%]
tests/sentinel/test_autonomous_deploy_driver.py::test_wait_recomputes_missing_sessions_if_another_close_occurs PASSED [  5%]
tests/sentinel/test_autonomous_deploy_driver.py::test_freshness_wait_does_not_ingest_until_tickers_and_sep_are_ready PASSED [  5%]
tests/sentinel/test_autonomous_deploy_driver.py::test_nonfreshness_readiness_gets_one_repair_ingest_then_refuses PASSED [  5%]
tests/sentinel/test_autonomous_deploy_driver.py::test_vendor_ready_but_post_ingest_still_stale_is_hard_failure PASSED [  5%]
tests/sentinel/test_autonomous_deploy_driver.py::test_non_vendor_freshness_failure_is_not_retryable PASSED [  5%]
tests/sentinel/test_autonomous_deploy_driver.py::test_freshness_wait_timeout_refuses_and_retains_probe_state PASSED [  5%]
tests/sentinel/test_autonomous_deploy_driver.py::test_waiting_for_data_refuses_if_automation_fence_is_lost PASSED [  5%]
tests/sentinel/test_autonomous_deploy_driver.py::test_vendor_probe_is_read_only_and_filter_independent_for_tickers PASSED [  5%]
tests/sentinel/test_autonomous_deploy_driver.py::test_pre_authority_recheck_returns_to_wait_if_a_session_closed PASSED [  6%]
tests/sentinel/test_autonomous_deploy_driver.py::test_execution_generation_advances_past_abandoned_staged_certificate PASSED [  6%]
tests/sentinel/test_autonomous_deploy_driver.py::test_admin_generation_uses_max_installed_and_confirms_active_predecessor PASSED [  6%]
tests/sentinel/test_autonomous_deploy_driver.py::test_private_key_is_proved_before_transition_using_network_none PASSED [  6%]
tests/sentinel/test_autonomous_deploy_driver.py::test_plan_reread_mismatch_refuses_before_automation_activation PASSED [  6%]
tests/sentinel/test_autonomous_deploy_driver.py::test_optional_key_rotation_revokes_only_different_predecessor_after_rotation PASSED [  6%]
tests/sentinel/test_autonomous_deploy_driver.py::test_launcher_entry_installs_guards_before_delegating_to_bootstrap[argv0-None] PASSED [  6%]
tests/sentinel/test_autonomous_deploy_driver.py::test_launcher_entry_installs_guards_before_delegating_to_bootstrap[argv1-shadow] PASSED [  6%]
tests/sentinel/test_autonomous_deploy_driver.py::test_launcher_entry_installs_guards_before_delegating_to_bootstrap[argv2-dual] PASSED [  6%]
tests/sentinel/test_autonomous_deploy_driver.py::test_launcher_entry_installs_guards_before_delegating_to_bootstrap[argv3-paper] PASSED [  7%]
tests/sentinel/test_autonomous_deploy_bootstrap.py::test_repository_parser_accepts_registry_refs_and_rejects_local_tags PASSED [  7%]
tests/sentinel/test_autonomous_deploy_bootstrap.py::test_existing_owned_status_fills_missing_identity_without_overriding_conflict PASSED [  7%]
tests/sentinel/test_autonomous_deploy_bootstrap.py::test_unknown_or_not_owned_status_never_invents_binding PASSED [  7%]
tests/sentinel/test_autonomous_deploy_bootstrap.py::test_signing_key_auto_discovery_is_bounded_to_documented_locations PASSED [  7%]
tests/sentinel/test_autonomous_deploy_bootstrap.py::test_multiple_conventional_signing_keys_refuse_ambiguity PASSED [  7%]
tests/sentinel/test_autonomous_deploy_bootstrap.py::test_safe_dotenv_preserves_mode_and_collapses_managed_duplicates PASSED [  7%]
tests/sentinel/test_autonomous_deploy_bootstrap.py::test_backup_checks_and_restore_use_the_exact_created_backup PASSED [  7%]
tests/sentinel/test_autonomous_deploy_bootstrap.py::test_promoted_runtime_becomes_the_ordinary_cli_image PASSED [  7%]
tests/sentinel/test_autonomous_deploy_bootstrap.py::test_bootstrap_key_verifier_accepts_auto_only_after_active_root_proof PASSED [  7%]
tests/sentinel/test_autonomous_deploy_bootstrap.py::test_bootstrap_does_not_persist_discovered_facts_before_final_pass PASSED [  8%]
tests/sentinel/test_host_python_compat.py::HostPythonCompatibilityTests::test_abandoned_attempt_is_not_a_certified_baseline PASSED [  8%]
tests/sentinel/test_host_python_compat.py::HostPythonCompatibilityTests::test_build_push_and_resume_are_bound_to_immutable_images PASSED [  8%]
tests/sentinel/test_host_python_compat.py::HostPythonCompatibilityTests::test_forward_run_parses_real_finalized_manifest_path PASSED [  8%]
tests/sentinel/test_host_python_compat.py::HostPythonCompatibilityTests::test_preflight_exercises_host_call_graph_and_repo_digest_paths PASSED [  8%]
tests/sentinel/test_host_python_compat.py::HostPythonCompatibilityTests::test_reviewed_transition_retains_prior_evidence PASSED [  8%]
tests/sentinel/test_host_python_compat.py::HostPythonCompatibilityTests::test_test_run_parses_real_immutable_manifest_path PASSED [  8%]
tests/host_python38/test_env_ingestion.py::EnvHarness::test_accept_bootstrap_bom PASSED [  8%]
tests/host_python38/test_env_ingestion.py::EnvHarness::test_accept_bootstrap_case_sensitive PASSED [  8%]
tests/host_python38/test_env_ingestion.py::EnvHarness::test_accept_bootstrap_comments PASSED [  8%]
tests/host_python38/test_env_ingestion.py::EnvHarness::test_accept_bootstrap_crlf PASSED [  9%]
tests/host_python38/test_env_ingestion.py::EnvHarness::test_accept_bootstrap_double_escapes PASSED [  9%]
tests/host_python38/test_env_ingestion.py::EnvHarness::test_accept_bootstrap_double_quote_hash PASSED [  9%]
tests/host_python38/test_env_ingestion.py::EnvHarness::test_accept_bootstrap_embedded_hash PASSED [  9%]
tests/host_python38/test_env_ingestion.py::EnvHarness::test_accept_bootstrap_empty PASSED [  9%]
tests/host_python38/test_env_ingestion.py::EnvHarness::test_accept_bootstrap_empty_comment_no_newline PASSED [  9%]
tests/host_python38/test_env_ingestion.py::EnvHarness::test_accept_bootstrap_empty_inline_comment PASSED [  9%]
tests/host_python38/test_env_ingestion.py::EnvHarness::test_accept_bootstrap_empty_tab_comment_crlf PASSED [  9%]
tests/host_python38/test_env_ingestion.py::EnvHarness::test_accept_bootstrap_empty_values PASSED [  9%]
tests/host_python38/test_env_ingestion.py::EnvHarness::test_accept_bootstrap_equals PASSED [ 10%]
tests/host_python38/test_env_ingestion.py::EnvHarness::test_accept_bootstrap_inline_comment PASSED [ 10%]
tests/host_python38/test_env_ingestion.py::EnvHarness::test_accept_bootstrap_leading_literal_hash PASSED [ 10%]
tests/host_python38/test_env_ingestion.py::EnvHarness::test_accept_bootstrap_lf PASSED [ 10%]
tests/host_python38/test_env_ingestion.py::EnvHarness::test_accept_bootstrap_literal_dollars PASSED [ 10%]
tests/host_python38/test_env_ingestion.py::EnvHarness::test_accept_bootstrap_literal_single_backslashes PASSED [ 10%]
tests/host_python38/test_env_ingestion.py::EnvHarness::test_accept_bootstrap_mixed_endings PASSED [ 10%]
tests/host_python38/test_env_ingestion.py::EnvHarness::test_accept_bootstrap_no_final_newline PASSED [ 10%]
tests/host_python38/test_env_ingestion.py::EnvHarness::test_accept_bootstrap_shell_words PASSED [ 10%]
tests/host_python38/test_env_ingestion.py::EnvHarness::test_accept_bootstrap_single_escaped_quote PASSED [ 10%]
tests/host_python38/test_env_ingestion.py::EnvHarness::test_accept_bootstrap_single_quote_hash PASSED [ 11%]
tests/host_python38/test_env_ingestion.py::EnvHarness::test_accept_bootstrap_spacing PASSED [ 11%]
tests/host_python38/test_env_ingestion.py::EnvHarness::test_accept_bootstrap_unicode_value PASSED [ 11%]
tests/host_python38/test_env_ingestion.py::EnvHarness::test_accept_bootstrap_unknown_key PASSED [ 11%]
tests/host_python38/test_env_ingestion.py::EnvHarness::test_accept_canonical_bom PASSED [ 11%]
tests/host_python38/test_env_ingestion.py::EnvHarness::test_accept_canonical_case_sensitive PASSED [ 11%]
tests/host_python38/test_env_ingestion.py::EnvHarness::test_accept_canonical_comments PASSED [ 11%]
tests/host_python38/test_env_ingestion.py::EnvHarness::test_accept_canonical_crlf PASSED [ 11%]
tests/host_python38/test_env_ingestion.py::EnvHarness::test_accept_canonical_double_escapes PASSED [ 11%]
tests/host_python38/test_env_ingestion.py::EnvHarness::test_accept_canonical_double_quote_hash PASSED [ 11%]
tests/host_python38/test_env_ingestion.py::EnvHarness::test_accept_canonical_embedded_hash PASSED [ 12%]
tests/host_python38/test_env_ingestion.py::EnvHarness::test_accept_canonical_empty PASSED [ 12%]
tests/host_python38/test_env_ingestion.py::EnvHarness::test_accept_canonical_empty_comment_no_newline PASSED [ 12%]
tests/host_python38/test_env_ingestion.py::EnvHarness::test_accept_canonical_empty_inline_comment PASSED [ 12%]
tests/host_python38/test_env_ingestion.py::EnvHarness::test_accept_canonical_empty_tab_comment_crlf PASSED [ 12%]
tests/host_python38/test_env_ingestion.py::EnvHarness::test_accept_canonical_empty_values PASSED [ 12%]
tests/host_python38/test_env_ingestion.py::EnvHarness::test_accept_canonical_equals PASSED [ 12%]
tests/host_python38/test_env_ingestion.py::EnvHarness::test_accept_canonical_inline_comment PASSED [ 12%]
tests/host_python38/test_env_ingestion.py::EnvHarness::test_accept_canonical_leading_literal_hash PASSED [ 12%]
tests/host_python38/test_env_ingestion.py::EnvHarness::test_accept_canonical_lf PASSED [ 12%]
tests/host_python38/test_env_ingestion.py::EnvHarness::test_accept_canonical_literal_dollars PASSED [ 13%]
tests/host_python38/test_env_ingestion.py::EnvHarness::test_accept_canonical_literal_single_backslashes PASSED [ 13%]
tests/host_python38/test_env_ingestion.py::EnvHarness::test_accept_canonical_mixed_endings PASSED [ 13%]
tests/host_python38/test_env_ingestion.py::EnvHarness::test_accept_canonical_no_final_newline PASSED [ 13%]
tests/host_python38/test_env_ingestion.py::EnvHarness::test_accept_canonical_shell_words PASSED [ 13%]
tests/host_python38/test_env_ingestion.py::EnvHarness::test_accept_canonical_single_escaped_quote PASSED [ 13%]
tests/host_python38/test_env_ingestion.py::EnvHarness::test_accept_canonical_single_quote_hash PASSED [ 13%]
tests/host_python38/test_env_ingestion.py::EnvHarness::test_accept_canonical_spacing PASSED [ 13%]
tests/host_python38/test_env_ingestion.py::EnvHarness::test_accept_canonical_unicode_value PASSED [ 13%]
tests/host_python38/test_env_ingestion.py::EnvHarness::test_accept_canonical_unknown_key PASSED [ 14%]
tests/host_python38/test_env_ingestion.py::EnvHarness::test_accept_conversion_bom PASSED [ 14%]
tests/host_python38/test_env_ingestion.py::EnvHarness::test_accept_conversion_case_sensitive PASSED [ 14%]
tests/host_python38/test_env_ingestion.py::EnvHarness::test_accept_conversion_comments PASSED [ 14%]
tests/host_python38/test_env_ingestion.py::EnvHarness::test_accept_conversion_crlf PASSED [ 14%]
tests/host_python38/test_env_ingestion.py::EnvHarness::test_accept_conversion_double_escapes PASSED [ 14%]
tests/host_python38/test_env_ingestion.py::EnvHarness::test_accept_conversion_double_quote_hash PASSED [ 14%]
tests/host_python38/test_env_ingestion.py::EnvHarness::test_accept_conversion_embedded_hash PASSED [ 14%]
tests/host_python38/test_env_ingestion.py::EnvHarness::test_accept_conversion_empty PASSED [ 14%]
tests/host_python38/test_env_ingestion.py::EnvHarness::test_accept_conversion_empty_comment_no_newline PASSED [ 14%]
tests/host_python38/test_env_ingestion.py::EnvHarness::test_accept_conversion_empty_inline_comment PASSED [ 15%]
tests/host_python38/test_env_ingestion.py::EnvHarness::test_accept_conversion_empty_tab_comment_crlf PASSED [ 15%]
tests/host_python38/test_env_ingestion.py::EnvHarness::test_accept_conversion_empty_values PASSED [ 15%]
tests/host_python38/test_env_ingestion.py::EnvHarness::test_accept_conversion_equals PASSED [ 15%]
tests/host_python38/test_env_ingestion.py::EnvHarness::test_accept_conversion_inline_comment PASSED [ 15%]
tests/host_python38/test_env_ingestion.py::EnvHarness::test_accept_conversion_leading_literal_hash PASSED [ 15%]
tests/host_python38/test_env_ingestion.py::EnvHarness::test_accept_conversion_lf PASSED [ 15%]
tests/host_python38/test_env_ingestion.py::EnvHarness::test_accept_conversion_literal_dollars PASSED [ 15%]
tests/host_python38/test_env_ingestion.py::EnvHarness::test_accept_conversion_literal_single_backslashes PASSED [ 15%]
tests/host_python38/test_env_ingestion.py::EnvHarness::test_accept_conversion_mixed_endings PASSED [ 15%]
tests/host_python38/test_env_ingestion.py::EnvHarness::test_accept_conversion_no_final_newline PASSED [ 16%]
tests/host_python38/test_env_ingestion.py::EnvHarness::test_accept_conversion_shell_words PASSED [ 16%]
tests/host_python38/test_env_ingestion.py::EnvHarness::test_accept_conversion_single_escaped_quote PASSED [ 16%]
tests/host_python38/test_env_ingestion.py::EnvHarness::test_accept_conversion_single_quote_hash PASSED [ 16%]
tests/host_python38/test_env_ingestion.py::EnvHarness::test_accept_conversion_spacing PASSED [ 16%]
tests/host_python38/test_env_ingestion.py::EnvHarness::test_accept_conversion_unicode_value PASSED [ 16%]
tests/host_python38/test_env_ingestion.py::EnvHarness::test_accept_conversion_unknown_key PASSED [ 16%]
tests/host_python38/test_env_ingestion.py::EnvHarness::test_accept_go_bom PASSED [ 16%]
tests/host_python38/test_env_ingestion.py::EnvHarness::test_accept_go_case_sensitive PASSED [ 16%]
tests/host_python38/test_env_ingestion.py::EnvHarness::test_accept_go_comments PASSED [ 17%]
tests/host_python38/test_env_ingestion.py::EnvHarness::test_accept_go_crlf PASSED [ 17%]
tests/host_python38/test_env_ingestion.py::EnvHarness::test_accept_go_double_escapes PASSED [ 17%]
tests/host_python38/test_env_ingestion.py::EnvHarness::test_accept_go_double_quote_hash PASSED [ 17%]
tests/host_python38/test_env_ingestion.py::EnvHarness::test_accept_go_embedded_hash PASSED [ 17%]
tests/host_python38/test_env_ingestion.py::EnvHarness::test_accept_go_empty PASSED [ 17%]
tests/host_python38/test_env_ingestion.py::EnvHarness::test_accept_go_empty_comment_no_newline PASSED [ 17%]
tests/host_python38/test_env_ingestion.py::EnvHarness::test_accept_go_empty_inline_comment PASSED [ 17%]
tests/host_python38/test_env_ingestion.py::EnvHarness::test_accept_go_empty_tab_comment_crlf PASSED [ 17%]
tests/host_python38/test_env_ingestion.py::EnvHarness::test_accept_go_empty_values PASSED [ 17%]
tests/host_python38/test_env_ingestion.py::EnvHarness::test_accept_go_equals PASSED [ 18%]
tests/host_python38/test_env_ingestion.py::EnvHarness::test_accept_go_inline_comment PASSED [ 18%]
tests/host_python38/test_env_ingestion.py::EnvHarness::test_accept_go_leading_literal_hash PASSED [ 18%]
tests/host_python38/test_env_ingestion.py::EnvHarness::test_accept_go_lf PASSED [ 18%]
tests/host_python38/test_env_ingestion.py::EnvHarness::test_accept_go_literal_dollars PASSED [ 18%]
tests/host_python38/test_env_ingestion.py::EnvHarness::test_accept_go_literal_single_backslashes PASSED [ 18%]
tests/host_python38/test_env_ingestion.py::EnvHarness::test_accept_go_mixed_endings PASSED [ 18%]
tests/host_python38/test_env_ingestion.py::EnvHarness::test_accept_go_no_final_newline PASSED [ 18%]
tests/host_python38/test_env_ingestion.py::EnvHarness::test_accept_go_shell_words PASSED [ 18%]
tests/host_python38/test_env_ingestion.py::EnvHarness::test_accept_go_single_escaped_quote PASSED [ 18%]
tests/host_python38/test_env_ingestion.py::EnvHarness::test_accept_go_single_quote_hash PASSED [ 19%]
tests/host_python38/test_env_ingestion.py::EnvHarness::test_accept_go_spacing PASSED [ 19%]
tests/host_python38/test_env_ingestion.py::EnvHarness::test_accept_go_unicode_value PASSED [ 19%]
tests/host_python38/test_env_ingestion.py::EnvHarness::test_accept_go_unknown_key PASSED [ 19%]
tests/host_python38/test_env_ingestion.py::EnvHarness::test_accept_install_bom PASSED [ 19%]
tests/host_python38/test_env_ingestion.py::EnvHarness::test_accept_install_case_sensitive PASSED [ 19%]
tests/host_python38/test_env_ingestion.py::EnvHarness::test_accept_install_comments PASSED [ 19%]
tests/host_python38/test_env_ingestion.py::EnvHarness::test_accept_install_crlf PASSED [ 19%]
tests/host_python38/test_env_ingestion.py::EnvHarness::test_accept_install_double_escapes PASSED [ 19%]
tests/host_python38/test_env_ingestion.py::EnvHarness::test_accept_install_double_quote_hash PASSED [ 20%]
tests/host_python38/test_env_ingestion.py::EnvHarness::test_accept_install_embedded_hash PASSED [ 20%]
tests/host_python38/test_env_ingestion.py::EnvHarness::test_accept_install_empty PASSED [ 20%]
tests/host_python38/test_env_ingestion.py::EnvHarness::test_accept_install_empty_comment_no_newline PASSED [ 20%]
tests/host_python38/test_env_ingestion.py::EnvHarness::test_accept_install_empty_inline_comment PASSED [ 20%]
tests/host_python38/test_env_ingestion.py::EnvHarness::test_accept_install_empty_tab_comment_crlf PASSED [ 20%]
tests/host_python38/test_env_ingestion.py::EnvHarness::test_accept_install_empty_values PASSED [ 20%]
tests/host_python38/test_env_ingestion.py::EnvHarness::test_accept_install_equals PASSED [ 20%]
tests/host_python38/test_env_ingestion.py::EnvHarness::test_accept_install_inline_comment PASSED [ 20%]
tests/host_python38/test_env_ingestion.py::EnvHarness::test_accept_install_leading_literal_hash PASSED [ 20%]
tests/host_python38/test_env_ingestion.py::EnvHarness::test_accept_install_lf PASSED [ 21%]
tests/host_python38/test_env_ingestion.py::EnvHarness::test_accept_install_literal_dollars PASSED [ 21%]
tests/host_python38/test_env_ingestion.py::EnvHarness::test_accept_install_literal_single_backslashes PASSED [ 21%]
tests/host_python38/test_env_ingestion.py::EnvHarness::test_accept_install_mixed_endings PASSED [ 21%]
tests/host_python38/test_env_ingestion.py::EnvHarness::test_accept_install_no_final_newline PASSED [ 21%]
tests/host_python38/test_env_ingestion.py::EnvHarness::test_accept_install_shell_words PASSED [ 21%]
tests/host_python38/test_env_ingestion.py::EnvHarness::test_accept_install_single_escaped_quote PASSED [ 21%]
tests/host_python38/test_env_ingestion.py::EnvHarness::test_accept_install_single_quote_hash PASSED [ 21%]
tests/host_python38/test_env_ingestion.py::EnvHarness::test_accept_install_spacing PASSED [ 21%]
tests/host_python38/test_env_ingestion.py::EnvHarness::test_accept_install_unicode_value PASSED [ 21%]
tests/host_python38/test_env_ingestion.py::EnvHarness::test_accept_install_unknown_key PASSED [ 22%]
tests/host_python38/test_env_ingestion.py::EnvHarness::test_accept_runtime_bom PASSED [ 22%]
tests/host_python38/test_env_ingestion.py::EnvHarness::test_accept_runtime_case_sensitive PASSED [ 22%]
tests/host_python38/test_env_ingestion.py::EnvHarness::test_accept_runtime_comments PASSED [ 22%]
tests/host_python38/test_env_ingestion.py::EnvHarness::test_accept_runtime_crlf PASSED [ 22%]
tests/host_python38/test_env_ingestion.py::EnvHarness::test_accept_runtime_double_escapes PASSED [ 22%]
tests/host_python38/test_env_ingestion.py::EnvHarness::test_accept_runtime_double_quote_hash PASSED [ 22%]
tests/host_python38/test_env_ingestion.py::EnvHarness::test_accept_runtime_embedded_hash PASSED [ 22%]
tests/host_python38/test_env_ingestion.py::EnvHarness::test_accept_runtime_empty PASSED [ 22%]
tests/host_python38/test_env_ingestion.py::EnvHarness::test_accept_runtime_empty_comment_no_newline PASSED [ 22%]
tests/host_python38/test_env_ingestion.py::EnvHarness::test_accept_runtime_empty_inline_comment PASSED [ 23%]
tests/host_python38/test_env_ingestion.py::EnvHarness::test_accept_runtime_empty_tab_comment_crlf PASSED [ 23%]
tests/host_python38/test_env_ingestion.py::EnvHarness::test_accept_runtime_empty_values PASSED [ 23%]
tests/host_python38/test_env_ingestion.py::EnvHarness::test_accept_runtime_equals PASSED [ 23%]
tests/host_python38/test_env_ingestion.py::EnvHarness::test_accept_runtime_inline_comment PASSED [ 23%]
tests/host_python38/test_env_ingestion.py::EnvHarness::test_accept_runtime_leading_literal_hash PASSED [ 23%]
tests/host_python38/test_env_ingestion.py::EnvHarness::test_accept_runtime_lf PASSED [ 23%]
tests/host_python38/test_env_ingestion.py::EnvHarness::test_accept_runtime_literal_dollars PASSED [ 23%]
tests/host_python38/test_env_ingestion.py::EnvHarness::test_accept_runtime_literal_single_backslashes PASSED [ 23%]
tests/host_python38/test_env_ingestion.py::EnvHarness::test_accept_runtime_mixed_endings PASSED [ 24%]
tests/host_python38/test_env_ingestion.py::EnvHarness::test_accept_runtime_no_final_newline PASSED [ 24%]
tests/host_python38/test_env_ingestion.py::EnvHarness::test_accept_runtime_shell_words PASSED [ 24%]
tests/host_python38/test_env_ingestion.py::EnvHarness::test_accept_runtime_single_escaped_quote PASSED [ 24%]
tests/host_python38/test_env_ingestion.py::EnvHarness::test_accept_runtime_single_quote_hash PASSED [ 24%]
tests/host_python38/test_env_ingestion.py::EnvHarness::test_accept_runtime_spacing PASSED [ 24%]
tests/host_python38/test_env_ingestion.py::EnvHarness::test_accept_runtime_unicode_value PASSED [ 24%]
tests/host_python38/test_env_ingestion.py::EnvHarness::test_accept_runtime_unknown_key PASSED [ 24%]
tests/host_python38/test_env_ingestion.py::EnvHarness::test_alternate_compose_env_file_is_not_silently_accepted PASSED [ 24%]
tests/host_python38/test_env_ingestion.py::EnvHarness::test_atomic_replacement_during_read_is_refused PASSED [ 24%]
tests/host_python38/test_env_ingestion.py::EnvHarness::test_automation_inspection_and_stop_allow_unconfigured_alerts PASSED [ 25%]
tests/host_python38/test_env_ingestion.py::EnvHarness::test_automation_start_checks_dispatcher_callback_deadline PASSED [ 25%]
tests/host_python38/test_env_ingestion.py::EnvHarness::test_automation_start_requires_webhook_before_docker PASSED [ 25%]
tests/host_python38/test_env_ingestion.py::EnvHarness::test_automation_start_valid_file_process_and_override PASSED [ 25%]
tests/host_python38/test_env_ingestion.py::EnvHarness::test_blank_receipt_remains_owned_by_existing_bootstrap PASSED [ 25%]
tests/host_python38/test_env_ingestion.py::EnvHarness::test_bootstrap_missing_inputs_block_even_with_existing_key PASSED [ 25%]
tests/host_python38/test_env_ingestion.py::EnvHarness::test_cli_success_reports_no_values PASSED [ 25%]
tests/host_python38/test_env_ingestion.py::EnvHarness::test_command_merge_preserves_application_extensions_and_external_controls PASSED [ 25%]
tests/host_python38/test_env_ingestion.py::EnvHarness::test_command_merge_refuses_file_control_keys_even_with_process_override PASSED [ 25%]
tests/host_python38/test_env_ingestion.py::EnvHarness::test_compose_consumes_file_values_literally_and_process_wins PASSED [ 25%]
tests/host_python38/test_env_ingestion.py::EnvHarness::test_control_sentinel_authorized_cli_sh_BACKUP PASSED [ 26%]
tests/host_python38/test_env_ingestion.py::EnvHarness::test_control_sentinel_authorized_cli_sh_CANONICAL PASSED [ 26%]
tests/host_python38/test_env_ingestion.py::EnvHarness::test_control_sentinel_authorized_cli_sh_FORWARDED_ARGS PASSED [ 26%]
tests/host_python38/test_env_ingestion.py::EnvHarness::test_control_sentinel_authorized_cli_sh_INITIALIZE_BACKUP PASSED [ 26%]
tests/host_python38/test_env_ingestion.py::EnvHarness::test_control_sentinel_authorized_cli_sh_LOCAL_FULL PASSED [ 26%]
tests/host_python38/test_env_ingestion.py::EnvHarness::test_control_sentinel_authorized_cli_sh_PRODUCTION_RUN PASSED [ 26%]
tests/host_python38/test_env_ingestion.py::EnvHarness::test_control_sentinel_authorized_cli_sh_RUN PASSED [ 26%]
tests/host_python38/test_env_ingestion.py::EnvHarness::test_control_sentinel_authorized_cli_sh_RUNTIME_POINTER PASSED [ 26%]
tests/host_python38/test_env_ingestion.py::EnvHarness::test_control_sentinel_authorized_cli_sh_SENTINEL_BASE_BACKUP_LOCK_HELD PASSED [ 26%]
tests/host_python38/test_env_ingestion.py::EnvHarness::test_control_sentinel_authorized_cli_sh_SENTINEL_DEPLOY_LOCK_FD PASSED [ 27%]
tests/host_python38/test_env_ingestion.py::EnvHarness::test_control_sentinel_authorized_cli_sh_SENTINEL_GO_LOCK_HELD PASSED [ 27%]
tests/host_python38/test_env_ingestion.py::EnvHarness::test_control_sentinel_authorized_cli_sh_SENTINEL_GO_RUN_TOKEN PASSED [ 27%]
tests/host_python38/test_env_ingestion.py::EnvHarness::test_control_sentinel_authorized_cli_sh_SENTINEL_HOST_PYTHON PASSED [ 27%]
tests/host_python38/test_env_ingestion.py::EnvHarness::test_control_sentinel_authorized_cli_sh_SENTINEL_PYTHON PASSED [ 27%]
tests/host_python38/test_env_ingestion.py::EnvHarness::test_control_sentinel_authorized_cli_sh_record PASSED [ 27%]
tests/host_python38/test_env_ingestion.py::EnvHarness::test_control_sentinel_authorized_cli_sh_records PASSED [ 27%]
tests/host_python38/test_env_ingestion.py::EnvHarness::test_control_sentinel_automation_compose_sh_BACKUP PASSED [ 27%]
tests/host_python38/test_env_ingestion.py::EnvHarness::test_control_sentinel_automation_compose_sh_CANONICAL PASSED [ 27%]
tests/host_python38/test_env_ingestion.py::EnvHarness::test_control_sentinel_automation_compose_sh_FORWARDED_ARGS PASSED [ 27%]
tests/host_python38/test_env_ingestion.py::EnvHarness::test_control_sentinel_automation_compose_sh_INITIALIZE_BACKUP PASSED [ 28%]
tests/host_python38/test_env_ingestion.py::EnvHarness::test_control_sentinel_automation_compose_sh_LOCAL_FULL PASSED [ 28%]
tests/host_python38/test_env_ingestion.py::EnvHarness::test_control_sentinel_automation_compose_sh_PRODUCTION_RUN PASSED [ 28%]
tests/host_python38/test_env_ingestion.py::EnvHarness::test_control_sentinel_automation_compose_sh_RUN PASSED [ 28%]
tests/host_python38/test_env_ingestion.py::EnvHarness::test_control_sentinel_automation_compose_sh_RUNTIME_POINTER PASSED [ 28%]
tests/host_python38/test_env_ingestion.py::EnvHarness::test_control_sentinel_automation_compose_sh_SENTINEL_BASE_BACKUP_LOCK_HELD PASSED [ 28%]
tests/host_python38/test_env_ingestion.py::EnvHarness::test_control_sentinel_automation_compose_sh_SENTINEL_DEPLOY_LOCK_FD PASSED [ 28%]
tests/host_python38/test_env_ingestion.py::EnvHarness::test_control_sentinel_automation_compose_sh_SENTINEL_GO_LOCK_HELD PASSED [ 28%]
tests/host_python38/test_env_ingestion.py::EnvHarness::test_control_sentinel_automation_compose_sh_SENTINEL_GO_RUN_TOKEN PASSED [ 28%]
tests/host_python38/test_env_ingestion.py::EnvHarness::test_control_sentinel_automation_compose_sh_SENTINEL_HOST_PYTHON PASSED [ 28%]
tests/host_python38/test_env_ingestion.py::EnvHarness::test_control_sentinel_automation_compose_sh_SENTINEL_PYTHON PASSED [ 29%]
tests/host_python38/test_env_ingestion.py::EnvHarness::test_control_sentinel_automation_compose_sh_record PASSED [ 29%]
tests/host_python38/test_env_ingestion.py::EnvHarness::test_control_sentinel_automation_compose_sh_records PASSED [ 29%]
tests/host_python38/test_env_ingestion.py::EnvHarness::test_control_sentinel_autonomous_deploy_sh_BACKUP PASSED [ 29%]
tests/host_python38/test_env_ingestion.py::EnvHarness::test_control_sentinel_autonomous_deploy_sh_CANONICAL PASSED [ 29%]
tests/host_python38/test_env_ingestion.py::EnvHarness::test_control_sentinel_autonomous_deploy_sh_FORWARDED_ARGS PASSED [ 29%]
tests/host_python38/test_env_ingestion.py::EnvHarness::test_control_sentinel_autonomous_deploy_sh_INITIALIZE_BACKUP PASSED [ 29%]
tests/host_python38/test_env_ingestion.py::EnvHarness::test_control_sentinel_autonomous_deploy_sh_LOCAL_FULL PASSED [ 29%]
tests/host_python38/test_env_ingestion.py::EnvHarness::test_control_sentinel_autonomous_deploy_sh_PRODUCTION_RUN PASSED [ 29%]
tests/host_python38/test_env_ingestion.py::EnvHarness::test_control_sentinel_autonomous_deploy_sh_RUN PASSED [ 30%]
tests/host_python38/test_env_ingestion.py::EnvHarness::test_control_sentinel_autonomous_deploy_sh_RUNTIME_POINTER PASSED [ 30%]
tests/host_python38/test_env_ingestion.py::EnvHarness::test_control_sentinel_autonomous_deploy_sh_SENTINEL_BASE_BACKUP_LOCK_HELD PASSED [ 30%]
tests/host_python38/test_env_ingestion.py::EnvHarness::test_control_sentinel_autonomous_deploy_sh_SENTINEL_DEPLOY_LOCK_FD PASSED [ 30%]
tests/host_python38/test_env_ingestion.py::EnvHarness::test_control_sentinel_autonomous_deploy_sh_SENTINEL_GO_LOCK_HELD PASSED [ 30%]
tests/host_python38/test_env_ingestion.py::EnvHarness::test_control_sentinel_autonomous_deploy_sh_SENTINEL_GO_RUN_TOKEN PASSED [ 30%]
tests/host_python38/test_env_ingestion.py::EnvHarness::test_control_sentinel_autonomous_deploy_sh_SENTINEL_HOST_PYTHON PASSED [ 30%]
tests/host_python38/test_env_ingestion.py::EnvHarness::test_control_sentinel_autonomous_deploy_sh_SENTINEL_PYTHON PASSED [ 30%]
tests/host_python38/test_env_ingestion.py::EnvHarness::test_control_sentinel_autonomous_deploy_sh_record PASSED [ 30%]
tests/host_python38/test_env_ingestion.py::EnvHarness::test_control_sentinel_autonomous_deploy_sh_records PASSED [ 30%]
tests/host_python38/test_env_ingestion.py::EnvHarness::test_control_sentinel_backup_maintenance_sh_BACKUP PASSED [ 31%]
tests/host_python38/test_env_ingestion.py::EnvHarness::test_control_sentinel_backup_maintenance_sh_CANONICAL PASSED [ 31%]
tests/host_python38/test_env_ingestion.py::EnvHarness::test_control_sentinel_backup_maintenance_sh_FORWARDED_ARGS PASSED [ 31%]
tests/host_python38/test_env_ingestion.py::EnvHarness::test_control_sentinel_backup_maintenance_sh_INITIALIZE_BACKUP PASSED [ 31%]
tests/host_python38/test_env_ingestion.py::EnvHarness::test_control_sentinel_backup_maintenance_sh_LOCAL_FULL PASSED [ 31%]
tests/host_python38/test_env_ingestion.py::EnvHarness::test_control_sentinel_backup_maintenance_sh_PRODUCTION_RUN PASSED [ 31%]
tests/host_python38/test_env_ingestion.py::EnvHarness::test_control_sentinel_backup_maintenance_sh_RUN PASSED [ 31%]
tests/host_python38/test_env_ingestion.py::EnvHarness::test_control_sentinel_backup_maintenance_sh_RUNTIME_POINTER PASSED [ 31%]
tests/host_python38/test_env_ingestion.py::EnvHarness::test_control_sentinel_backup_maintenance_sh_SENTINEL_BASE_BACKUP_LOCK_HELD PASSED [ 31%]
tests/host_python38/test_env_ingestion.py::EnvHarness::test_control_sentinel_backup_maintenance_sh_SENTINEL_DEPLOY_LOCK_FD PASSED [ 31%]
tests/host_python38/test_env_ingestion.py::EnvHarness::test_control_sentinel_backup_maintenance_sh_SENTINEL_GO_LOCK_HELD PASSED [ 32%]
tests/host_python38/test_env_ingestion.py::EnvHarness::test_control_sentinel_backup_maintenance_sh_SENTINEL_GO_RUN_TOKEN PASSED [ 32%]
tests/host_python38/test_env_ingestion.py::EnvHarness::test_control_sentinel_backup_maintenance_sh_SENTINEL_HOST_PYTHON PASSED [ 32%]
tests/host_python38/test_env_ingestion.py::EnvHarness::test_control_sentinel_backup_maintenance_sh_SENTINEL_PYTHON PASSED [ 32%]
tests/host_python38/test_env_ingestion.py::EnvHarness::test_control_sentinel_backup_maintenance_sh_record PASSED [ 32%]
tests/host_python38/test_env_ingestion.py::EnvHarness::test_control_sentinel_backup_maintenance_sh_records PASSED [ 32%]
tests/host_python38/test_env_ingestion.py::EnvHarness::test_control_sentinel_backup_status_sh_BACKUP PASSED [ 32%]
tests/host_python38/test_env_ingestion.py::EnvHarness::test_control_sentinel_backup_status_sh_CANONICAL PASSED [ 32%]
tests/host_python38/test_env_ingestion.py::EnvHarness::test_control_sentinel_backup_status_sh_FORWARDED_ARGS PASSED [ 32%]
tests/host_python38/test_env_ingestion.py::EnvHarness::test_control_sentinel_backup_status_sh_INITIALIZE_BACKUP PASSED [ 32%]
tests/host_python38/test_env_ingestion.py::EnvHarness::test_control_sentinel_backup_status_sh_LOCAL_FULL PASSED [ 33%]
tests/host_python38/test_env_ingestion.py::EnvHarness::test_control_sentinel_backup_status_sh_PRODUCTION_RUN PASSED [ 33%]
tests/host_python38/test_env_ingestion.py::EnvHarness::test_control_sentinel_backup_status_sh_RUN PASSED [ 33%]
tests/host_python38/test_env_ingestion.py::EnvHarness::test_control_sentinel_backup_status_sh_RUNTIME_POINTER PASSED [ 33%]
tests/host_python38/test_env_ingestion.py::EnvHarness::test_control_sentinel_backup_status_sh_SENTINEL_BASE_BACKUP_LOCK_HELD PASSED [ 33%]
tests/host_python38/test_env_ingestion.py::EnvHarness::test_control_sentinel_backup_status_sh_SENTINEL_DEPLOY_LOCK_FD PASSED [ 33%]
tests/host_python38/test_env_ingestion.py::EnvHarness::test_control_sentinel_backup_status_sh_SENTINEL_GO_LOCK_HELD PASSED [ 33%]
tests/host_python38/test_env_ingestion.py::EnvHarness::test_control_sentinel_backup_status_sh_SENTINEL_GO_RUN_TOKEN PASSED [ 33%]
tests/host_python38/test_env_ingestion.py::EnvHarness::test_control_sentinel_backup_status_sh_SENTINEL_HOST_PYTHON PASSED [ 33%]
tests/host_python38/test_env_ingestion.py::EnvHarness::test_control_sentinel_backup_status_sh_SENTINEL_PYTHON PASSED [ 34%]
tests/host_python38/test_env_ingestion.py::EnvHarness::test_control_sentinel_backup_status_sh_record PASSED [ 34%]
tests/host_python38/test_env_ingestion.py::EnvHarness::test_control_sentinel_backup_status_sh_records PASSED [ 34%]
tests/host_python38/test_env_ingestion.py::EnvHarness::test_control_sentinel_base_backup_sh_BACKUP PASSED [ 34%]
tests/host_python38/test_env_ingestion.py::EnvHarness::test_control_sentinel_base_backup_sh_CANONICAL PASSED [ 34%]
tests/host_python38/test_env_ingestion.py::EnvHarness::test_control_sentinel_base_backup_sh_FORWARDED_ARGS PASSED [ 34%]
tests/host_python38/test_env_ingestion.py::EnvHarness::test_control_sentinel_base_backup_sh_INITIALIZE_BACKUP PASSED [ 34%]
tests/host_python38/test_env_ingestion.py::EnvHarness::test_control_sentinel_base_backup_sh_LOCAL_FULL PASSED [ 34%]
tests/host_python38/test_env_ingestion.py::EnvHarness::test_control_sentinel_base_backup_sh_PRODUCTION_RUN PASSED [ 34%]
tests/host_python38/test_env_ingestion.py::EnvHarness::test_control_sentinel_base_backup_sh_RUN PASSED [ 34%]
tests/host_python38/test_env_ingestion.py::EnvHarness::test_control_sentinel_base_backup_sh_RUNTIME_POINTER PASSED [ 35%]
tests/host_python38/test_env_ingestion.py::EnvHarness::test_control_sentinel_base_backup_sh_SENTINEL_BASE_BACKUP_LOCK_HELD PASSED [ 35%]
tests/host_python38/test_env_ingestion.py::EnvHarness::test_control_sentinel_base_backup_sh_SENTINEL_DEPLOY_LOCK_FD PASSED [ 35%]
tests/host_python38/test_env_ingestion.py::EnvHarness::test_control_sentinel_base_backup_sh_SENTINEL_GO_LOCK_HELD PASSED [ 35%]
tests/host_python38/test_env_ingestion.py::EnvHarness::test_control_sentinel_base_backup_sh_SENTINEL_GO_RUN_TOKEN PASSED [ 35%]
tests/host_python38/test_env_ingestion.py::EnvHarness::test_control_sentinel_base_backup_sh_SENTINEL_HOST_PYTHON PASSED [ 35%]
tests/host_python38/test_env_ingestion.py::EnvHarness::test_control_sentinel_base_backup_sh_SENTINEL_PYTHON PASSED [ 35%]
tests/host_python38/test_env_ingestion.py::EnvHarness::test_control_sentinel_base_backup_sh_record PASSED [ 35%]
tests/host_python38/test_env_ingestion.py::EnvHarness::test_control_sentinel_base_backup_sh_records PASSED [ 35%]
tests/host_python38/test_env_ingestion.py::EnvHarness::test_control_sentinel_bringup_sh_BACKUP PASSED [ 35%]
tests/host_python38/test_env_ingestion.py::EnvHarness::test_control_sentinel_bringup_sh_CANONICAL PASSED [ 36%]
tests/host_python38/test_env_ingestion.py::EnvHarness::test_control_sentinel_bringup_sh_FORWARDED_ARGS PASSED [ 36%]
tests/host_python38/test_env_ingestion.py::EnvHarness::test_control_sentinel_bringup_sh_INITIALIZE_BACKUP PASSED [ 36%]
tests/host_python38/test_env_ingestion.py::EnvHarness::test_control_sentinel_bringup_sh_LOCAL_FULL PASSED [ 36%]
tests/host_python38/test_env_ingestion.py::EnvHarness::test_control_sentinel_bringup_sh_PRODUCTION_RUN PASSED [ 36%]
tests/host_python38/test_env_ingestion.py::EnvHarness::test_control_sentinel_bringup_sh_RUN PASSED [ 36%]
tests/host_python38/test_env_ingestion.py::EnvHarness::test_control_sentinel_bringup_sh_RUNTIME_POINTER PASSED [ 36%]
tests/host_python38/test_env_ingestion.py::EnvHarness::test_control_sentinel_bringup_sh_SENTINEL_BASE_BACKUP_LOCK_HELD PASSED [ 36%]
tests/host_python38/test_env_ingestion.py::EnvHarness::test_control_sentinel_bringup_sh_SENTINEL_DEPLOY_LOCK_FD PASSED [ 36%]
tests/host_python38/test_env_ingestion.py::EnvHarness::test_control_sentinel_bringup_sh_SENTINEL_GO_LOCK_HELD PASSED [ 37%]
tests/host_python38/test_env_ingestion.py::EnvHarness::test_control_sentinel_bringup_sh_SENTINEL_GO_RUN_TOKEN PASSED [ 37%]
tests/host_python38/test_env_ingestion.py::EnvHarness::test_control_sentinel_bringup_sh_SENTINEL_HOST_PYTHON PASSED [ 37%]
tests/host_python38/test_env_ingestion.py::EnvHarness::test_control_sentinel_bringup_sh_SENTINEL_PYTHON PASSED [ 37%]
tests/host_python38/test_env_ingestion.py::EnvHarness::test_control_sentinel_bringup_sh_record PASSED [ 37%]
tests/host_python38/test_env_ingestion.py::EnvHarness::test_control_sentinel_bringup_sh_records PASSED [ 37%]
tests/host_python38/test_env_ingestion.py::EnvHarness::test_control_sentinel_compose_sh_BACKUP PASSED [ 37%]
tests/host_python38/test_env_ingestion.py::EnvHarness::test_control_sentinel_compose_sh_CANONICAL PASSED [ 37%]
tests/host_python38/test_env_ingestion.py::EnvHarness::test_control_sentinel_compose_sh_FORWARDED_ARGS PASSED [ 37%]
tests/host_python38/test_env_ingestion.py::EnvHarness::test_control_sentinel_compose_sh_INITIALIZE_BACKUP PASSED [ 37%]
tests/host_python38/test_env_ingestion.py::EnvHarness::test_control_sentinel_compose_sh_LOCAL_FULL PASSED [ 38%]
tests/host_python38/test_env_ingestion.py::EnvHarness::test_control_sentinel_compose_sh_PRODUCTION_RUN PASSED [ 38%]
tests/host_python38/test_env_ingestion.py::EnvHarness::test_control_sentinel_compose_sh_RUN PASSED [ 38%]
tests/host_python38/test_env_ingestion.py::EnvHarness::test_control_sentinel_compose_sh_RUNTIME_POINTER PASSED [ 38%]
tests/host_python38/test_env_ingestion.py::EnvHarness::test_control_sentinel_compose_sh_SENTINEL_BASE_BACKUP_LOCK_HELD PASSED [ 38%]
tests/host_python38/test_env_ingestion.py::EnvHarness::test_control_sentinel_compose_sh_SENTINEL_DEPLOY_LOCK_FD PASSED [ 38%]
tests/host_python38/test_env_ingestion.py::EnvHarness::test_control_sentinel_compose_sh_SENTINEL_GO_LOCK_HELD PASSED [ 38%]
tests/host_python38/test_env_ingestion.py::EnvHarness::test_control_sentinel_compose_sh_SENTINEL_GO_RUN_TOKEN PASSED [ 38%]
tests/host_python38/test_env_ingestion.py::EnvHarness::test_control_sentinel_compose_sh_SENTINEL_HOST_PYTHON PASSED [ 38%]
tests/host_python38/test_env_ingestion.py::EnvHarness::test_control_sentinel_compose_sh_SENTINEL_PYTHON PASSED [ 38%]
tests/host_python38/test_env_ingestion.py::EnvHarness::test_control_sentinel_compose_sh_record PASSED [ 39%]
tests/host_python38/test_env_ingestion.py::EnvHarness::test_control_sentinel_compose_sh_records PASSED [ 39%]
tests/host_python38/test_env_ingestion.py::EnvHarness::test_control_sentinel_go_validate_sh_BACKUP PASSED [ 39%]
tests/host_python38/test_env_ingestion.py::EnvHarness::test_control_sentinel_go_validate_sh_CANONICAL PASSED [ 39%]
tests/host_python38/test_env_ingestion.py::EnvHarness::test_control_sentinel_go_validate_sh_FORWARDED_ARGS PASSED [ 39%]
tests/host_python38/test_env_ingestion.py::EnvHarness::test_control_sentinel_go_validate_sh_INITIALIZE_BACKUP PASSED [ 39%]
tests/host_python38/test_env_ingestion.py::EnvHarness::test_control_sentinel_go_validate_sh_LOCAL_FULL PASSED [ 39%]
tests/host_python38/test_env_ingestion.py::EnvHarness::test_control_sentinel_go_validate_sh_PRODUCTION_RUN PASSED [ 39%]
tests/host_python38/test_env_ingestion.py::EnvHarness::test_control_sentinel_go_validate_sh_RUN PASSED [ 39%]
tests/host_python38/test_env_ingestion.py::EnvHarness::test_control_sentinel_go_validate_sh_RUNTIME_POINTER PASSED [ 40%]
tests/host_python38/test_env_ingestion.py::EnvHarness::test_control_sentinel_go_validate_sh_SENTINEL_BASE_BACKUP_LOCK_HELD PASSED [ 40%]
tests/host_python38/test_env_ingestion.py::EnvHarness::test_control_sentinel_go_validate_sh_SENTINEL_DEPLOY_LOCK_FD PASSED [ 40%]
tests/host_python38/test_env_ingestion.py::EnvHarness::test_control_sentinel_go_validate_sh_SENTINEL_GO_LOCK_HELD PASSED [ 40%]
tests/host_python38/test_env_ingestion.py::EnvHarness::test_control_sentinel_go_validate_sh_SENTINEL_GO_RUN_TOKEN PASSED [ 40%]
tests/host_python38/test_env_ingestion.py::EnvHarness::test_control_sentinel_go_validate_sh_SENTINEL_HOST_PYTHON PASSED [ 40%]
tests/host_python38/test_env_ingestion.py::EnvHarness::test_control_sentinel_go_validate_sh_SENTINEL_PYTHON PASSED [ 40%]
tests/host_python38/test_env_ingestion.py::EnvHarness::test_control_sentinel_go_validate_sh_record PASSED [ 40%]
tests/host_python38/test_env_ingestion.py::EnvHarness::test_control_sentinel_go_validate_sh_records PASSED [ 40%]
tests/host_python38/test_env_ingestion.py::EnvHarness::test_control_sentinel_restore_drill_sh_BACKUP PASSED [ 40%]
tests/host_python38/test_env_ingestion.py::EnvHarness::test_control_sentinel_restore_drill_sh_CANONICAL PASSED [ 41%]
tests/host_python38/test_env_ingestion.py::EnvHarness::test_control_sentinel_restore_drill_sh_FORWARDED_ARGS PASSED [ 41%]
tests/host_python38/test_env_ingestion.py::EnvHarness::test_control_sentinel_restore_drill_sh_INITIALIZE_BACKUP PASSED [ 41%]
tests/host_python38/test_env_ingestion.py::EnvHarness::test_control_sentinel_restore_drill_sh_LOCAL_FULL PASSED [ 41%]
tests/host_python38/test_env_ingestion.py::EnvHarness::test_control_sentinel_restore_drill_sh_PRODUCTION_RUN PASSED [ 41%]
tests/host_python38/test_env_ingestion.py::EnvHarness::test_control_sentinel_restore_drill_sh_RUN PASSED [ 41%]
tests/host_python38/test_env_ingestion.py::EnvHarness::test_control_sentinel_restore_drill_sh_RUNTIME_POINTER PASSED [ 41%]
tests/host_python38/test_env_ingestion.py::EnvHarness::test_control_sentinel_restore_drill_sh_SENTINEL_BASE_BACKUP_LOCK_HELD PASSED [ 41%]
tests/host_python38/test_env_ingestion.py::EnvHarness::test_control_sentinel_restore_drill_sh_SENTINEL_DEPLOY_LOCK_FD PASSED [ 41%]
tests/host_python38/test_env_ingestion.py::EnvHarness::test_control_sentinel_restore_drill_sh_SENTINEL_GO_LOCK_HELD PASSED [ 41%]
tests/host_python38/test_env_ingestion.py::EnvHarness::test_control_sentinel_restore_drill_sh_SENTINEL_GO_RUN_TOKEN PASSED [ 42%]
tests/host_python38/test_env_ingestion.py::EnvHarness::test_control_sentinel_restore_drill_sh_SENTINEL_HOST_PYTHON PASSED [ 42%]
tests/host_python38/test_env_ingestion.py::EnvHarness::test_control_sentinel_restore_drill_sh_SENTINEL_PYTHON PASSED [ 42%]
tests/host_python38/test_env_ingestion.py::EnvHarness::test_control_sentinel_restore_drill_sh_record PASSED [ 42%]
tests/host_python38/test_env_ingestion.py::EnvHarness::test_control_sentinel_restore_drill_sh_records PASSED [ 42%]
tests/host_python38/test_env_ingestion.py::EnvHarness::test_deterministic_control_byte_campaign PASSED [ 42%]
tests/host_python38/test_env_ingestion.py::EnvHarness::test_empty_commented_credentials_block_install_before_git PASSED [ 42%]
tests/host_python38/test_env_ingestion.py::EnvHarness::test_exception_never_includes_a_malformed_key_or_line PASSED [ 42%]
tests/host_python38/test_env_ingestion.py::EnvHarness::test_explicit_empty_process_value_is_authoritative_and_refused PASSED [ 42%]
tests/host_python38/test_env_ingestion.py::EnvHarness::test_failed_load_does_not_partially_update_process PASSED [ 42%]
tests/host_python38/test_env_ingestion.py::EnvHarness::test_file_size_and_line_size_bounds PASSED [ 43%]
tests/host_python38/test_env_ingestion.py::EnvHarness::test_file_type_dangling_symlink PASSED [ 43%]
tests/host_python38/test_env_ingestion.py::EnvHarness::test_file_type_directory PASSED [ 43%]
tests/host_python38/test_env_ingestion.py::EnvHarness::test_file_type_fifo PASSED [ 43%]
tests/host_python38/test_env_ingestion.py::EnvHarness::test_file_type_mode000 PASSED [ 43%]
tests/host_python38/test_env_ingestion.py::EnvHarness::test_file_type_symlink PASSED [ 43%]
tests/host_python38/test_env_ingestion.py::EnvHarness::test_fresh_blank_receipt_is_not_exported_as_an_empty_override PASSED [ 43%]
tests/host_python38/test_env_ingestion.py::EnvHarness::test_go_arguments_cannot_weaken_preflight_or_select_another_file PASSED [ 43%]
tests/host_python38/test_env_ingestion.py::EnvHarness::test_go_cli_shadow_target_overrides_file_target PASSED [ 43%]
tests/host_python38/test_env_ingestion.py::EnvHarness::test_in_place_truncation_and_same_size_mutation_are_refused PASSED [ 44%]
tests/host_python38/test_env_ingestion.py::EnvHarness::test_incomplete_loader_pipe_cannot_export_or_start_compose PASSED [ 44%]
tests/host_python38/test_env_ingestion.py::EnvHarness::test_launcher_sentinel_autonomous_deploy_sh_control_in_comment PASSED [ 44%]
tests/host_python38/test_env_ingestion.py::EnvHarness::test_launcher_sentinel_autonomous_deploy_sh_duplicate_conflict PASSED [ 44%]
tests/host_python38/test_env_ingestion.py::EnvHarness::test_launcher_sentinel_autonomous_deploy_sh_empty_override PASSED [ 44%]
tests/host_python38/test_env_ingestion.py::EnvHarness::test_launcher_sentinel_autonomous_deploy_sh_invalid_utf8 PASSED [ 44%]
tests/host_python38/test_env_ingestion.py::EnvHarness::test_launcher_sentinel_autonomous_deploy_sh_missing_file PASSED [ 44%]
tests/host_python38/test_env_ingestion.py::EnvHarness::test_launcher_sentinel_autonomous_deploy_sh_missing_required PASSED [ 44%]
tests/host_python38/test_env_ingestion.py::EnvHarness::test_launcher_sentinel_autonomous_deploy_sh_nul PASSED [ 44%]
tests/host_python38/test_env_ingestion.py::EnvHarness::test_launcher_sentinel_autonomous_deploy_sh_unclosed_double PASSED [ 44%]
tests/host_python38/test_env_ingestion.py::EnvHarness::test_launcher_sentinel_autonomous_deploy_sh_valid PASSED [ 45%]
tests/host_python38/test_env_ingestion.py::EnvHarness::test_launcher_sentinel_bringup_sh_control_in_comment PASSED [ 45%]
tests/host_python38/test_env_ingestion.py::EnvHarness::test_launcher_sentinel_bringup_sh_duplicate_conflict PASSED [ 45%]
tests/host_python38/test_env_ingestion.py::EnvHarness::test_launcher_sentinel_bringup_sh_empty_override PASSED [ 45%]
tests/host_python38/test_env_ingestion.py::EnvHarness::test_launcher_sentinel_bringup_sh_invalid_utf8 PASSED [ 45%]
tests/host_python38/test_env_ingestion.py::EnvHarness::test_launcher_sentinel_bringup_sh_missing_file PASSED [ 45%]
tests/host_python38/test_env_ingestion.py::EnvHarness::test_launcher_sentinel_bringup_sh_missing_required PASSED [ 45%]
tests/host_python38/test_env_ingestion.py::EnvHarness::test_launcher_sentinel_bringup_sh_nul PASSED [ 45%]
tests/host_python38/test_env_ingestion.py::EnvHarness::test_launcher_sentinel_bringup_sh_unclosed_double PASSED [ 45%]
tests/host_python38/test_env_ingestion.py::EnvHarness::test_launcher_sentinel_bringup_sh_valid PASSED [ 45%]
tests/host_python38/test_env_ingestion.py::EnvHarness::test_launcher_sentinel_compose_sh_control_in_comment PASSED [ 46%]
tests/host_python38/test_env_ingestion.py::EnvHarness::test_launcher_sentinel_compose_sh_duplicate_conflict PASSED [ 46%]
tests/host_python38/test_env_ingestion.py::EnvHarness::test_launcher_sentinel_compose_sh_empty_override PASSED [ 46%]
tests/host_python38/test_env_ingestion.py::EnvHarness::test_launcher_sentinel_compose_sh_invalid_utf8 PASSED [ 46%]
tests/host_python38/test_env_ingestion.py::EnvHarness::test_launcher_sentinel_compose_sh_missing_file PASSED [ 46%]
tests/host_python38/test_env_ingestion.py::EnvHarness::test_launcher_sentinel_compose_sh_missing_required PASSED [ 46%]
tests/host_python38/test_env_ingestion.py::EnvHarness::test_launcher_sentinel_compose_sh_nul PASSED [ 46%]
tests/host_python38/test_env_ingestion.py::EnvHarness::test_launcher_sentinel_compose_sh_unclosed_double PASSED [ 46%]
tests/host_python38/test_env_ingestion.py::EnvHarness::test_launcher_sentinel_compose_sh_valid PASSED [ 46%]
tests/host_python38/test_env_ingestion.py::EnvHarness::test_launcher_sentinel_go_validate_sh_control_in_comment PASSED [ 47%]
tests/host_python38/test_env_ingestion.py::EnvHarness::test_launcher_sentinel_go_validate_sh_duplicate_conflict PASSED [ 47%]
tests/host_python38/test_env_ingestion.py::EnvHarness::test_launcher_sentinel_go_validate_sh_empty_override PASSED [ 47%]
tests/host_python38/test_env_ingestion.py::EnvHarness::test_launcher_sentinel_go_validate_sh_invalid_utf8 PASSED [ 47%]
tests/host_python38/test_env_ingestion.py::EnvHarness::test_launcher_sentinel_go_validate_sh_missing_file PASSED [ 47%]
tests/host_python38/test_env_ingestion.py::EnvHarness::test_launcher_sentinel_go_validate_sh_missing_required PASSED [ 47%]
tests/host_python38/test_env_ingestion.py::EnvHarness::test_launcher_sentinel_go_validate_sh_nul PASSED [ 47%]
tests/host_python38/test_env_ingestion.py::EnvHarness::test_launcher_sentinel_go_validate_sh_unclosed_double PASSED [ 47%]
tests/host_python38/test_env_ingestion.py::EnvHarness::test_launcher_sentinel_go_validate_sh_valid PASSED [ 47%]
tests/host_python38/test_env_ingestion.py::EnvHarness::test_maintenance_sentinel_authorized_cli_sh_control_in_comment PASSED [ 47%]
tests/host_python38/test_env_ingestion.py::EnvHarness::test_maintenance_sentinel_authorized_cli_sh_duplicate_conflict PASSED [ 48%]
tests/host_python38/test_env_ingestion.py::EnvHarness::test_maintenance_sentinel_authorized_cli_sh_empty_override PASSED [ 48%]
tests/host_python38/test_env_ingestion.py::EnvHarness::test_maintenance_sentinel_authorized_cli_sh_invalid_utf8 PASSED [ 48%]
tests/host_python38/test_env_ingestion.py::EnvHarness::test_maintenance_sentinel_authorized_cli_sh_literal_override PASSED [ 48%]
tests/host_python38/test_env_ingestion.py::EnvHarness::test_maintenance_sentinel_authorized_cli_sh_missing_SENTINEL_BACKUP_DIR PASSED [ 48%]
tests/host_python38/test_env_ingestion.py::EnvHarness::test_maintenance_sentinel_authorized_cli_sh_missing_SENTINEL_POSTGRES_PASSWORD PASSED [ 48%]
tests/host_python38/test_env_ingestion.py::EnvHarness::test_maintenance_sentinel_authorized_cli_sh_missing_SENTINEL_PUBLICATION_RECEIPT_KEY PASSED [ 48%]
tests/host_python38/test_env_ingestion.py::EnvHarness::test_maintenance_sentinel_authorized_cli_sh_nul PASSED [ 48%]
tests/host_python38/test_env_ingestion.py::EnvHarness::test_maintenance_sentinel_authorized_cli_sh_process_only PASSED [ 48%]
tests/host_python38/test_env_ingestion.py::EnvHarness::test_maintenance_sentinel_authorized_cli_sh_unclosed_double PASSED [ 48%]
tests/host_python38/test_env_ingestion.py::EnvHarness::test_maintenance_sentinel_authorized_cli_sh_valid PASSED [ 49%]
tests/host_python38/test_env_ingestion.py::EnvHarness::test_maintenance_sentinel_automation_compose_sh_control_in_comment PASSED [ 49%]
tests/host_python38/test_env_ingestion.py::EnvHarness::test_maintenance_sentinel_automation_compose_sh_duplicate_conflict PASSED [ 49%]
tests/host_python38/test_env_ingestion.py::EnvHarness::test_maintenance_sentinel_automation_compose_sh_empty_override PASSED [ 49%]
tests/host_python38/test_env_ingestion.py::EnvHarness::test_maintenance_sentinel_automation_compose_sh_invalid_utf8 PASSED [ 49%]
tests/host_python38/test_env_ingestion.py::EnvHarness::test_maintenance_sentinel_automation_compose_sh_literal_override PASSED [ 49%]
tests/host_python38/test_env_ingestion.py::EnvHarness::test_maintenance_sentinel_automation_compose_sh_missing_SENTINEL_BACKUP_DIR PASSED [ 49%]
tests/host_python38/test_env_ingestion.py::EnvHarness::test_maintenance_sentinel_automation_compose_sh_missing_SENTINEL_POSTGRES_PASSWORD PASSED [ 49%]
tests/host_python38/test_env_ingestion.py::EnvHarness::test_maintenance_sentinel_automation_compose_sh_missing_SENTINEL_PUBLICATION_RECEIPT_KEY PASSED [ 49%]
tests/host_python38/test_env_ingestion.py::EnvHarness::test_maintenance_sentinel_automation_compose_sh_nul PASSED [ 50%]
tests/host_python38/test_env_ingestion.py::EnvHarness::test_maintenance_sentinel_automation_compose_sh_process_only PASSED [ 50%]
tests/host_python38/test_env_ingestion.py::EnvHarness::test_maintenance_sentinel_automation_compose_sh_unclosed_double PASSED [ 50%]
tests/host_python38/test_env_ingestion.py::EnvHarness::test_maintenance_sentinel_automation_compose_sh_valid PASSED [ 50%]
tests/host_python38/test_env_ingestion.py::EnvHarness::test_maintenance_sentinel_backup_maintenance_sh_control_in_comment PASSED [ 50%]
tests/host_python38/test_env_ingestion.py::EnvHarness::test_maintenance_sentinel_backup_maintenance_sh_duplicate_conflict PASSED [ 50%]
tests/host_python38/test_env_ingestion.py::EnvHarness::test_maintenance_sentinel_backup_maintenance_sh_empty_override PASSED [ 50%]
tests/host_python38/test_env_ingestion.py::EnvHarness::test_maintenance_sentinel_backup_maintenance_sh_invalid_utf8 PASSED [ 50%]
tests/host_python38/test_env_ingestion.py::EnvHarness::test_maintenance_sentinel_backup_maintenance_sh_literal_override PASSED [ 50%]
tests/host_python38/test_env_ingestion.py::EnvHarness::test_maintenance_sentinel_backup_maintenance_sh_missing_SENTINEL_BACKUP_DIR PASSED [ 50%]
tests/host_python38/test_env_ingestion.py::EnvHarness::test_maintenance_sentinel_backup_maintenance_sh_missing_SENTINEL_POSTGRES_PASSWORD PASSED [ 51%]
tests/host_python38/test_env_ingestion.py::EnvHarness::test_maintenance_sentinel_backup_maintenance_sh_missing_SENTINEL_PUBLICATION_RECEIPT_KEY PASSED [ 51%]
tests/host_python38/test_env_ingestion.py::EnvHarness::test_maintenance_sentinel_backup_maintenance_sh_nul PASSED [ 51%]
tests/host_python38/test_env_ingestion.py::EnvHarness::test_maintenance_sentinel_backup_maintenance_sh_process_only PASSED [ 51%]
tests/host_python38/test_env_ingestion.py::EnvHarness::test_maintenance_sentinel_backup_maintenance_sh_unclosed_double PASSED [ 51%]
tests/host_python38/test_env_ingestion.py::EnvHarness::test_maintenance_sentinel_backup_maintenance_sh_valid PASSED [ 51%]
tests/host_python38/test_env_ingestion.py::EnvHarness::test_maintenance_sentinel_backup_status_sh_control_in_comment PASSED [ 51%]
tests/host_python38/test_env_ingestion.py::EnvHarness::test_maintenance_sentinel_backup_status_sh_duplicate_conflict PASSED [ 51%]
tests/host_python38/test_env_ingestion.py::EnvHarness::test_maintenance_sentinel_backup_status_sh_empty_override PASSED [ 51%]
tests/host_python38/test_env_ingestion.py::EnvHarness::test_maintenance_sentinel_backup_status_sh_invalid_utf8 PASSED [ 51%]
tests/host_python38/test_env_ingestion.py::EnvHarness::test_maintenance_sentinel_backup_status_sh_literal_override PASSED [ 52%]
tests/host_python38/test_env_ingestion.py::EnvHarness::test_maintenance_sentinel_backup_status_sh_missing_SENTINEL_BACKUP_DIR PASSED [ 52%]
tests/host_python38/test_env_ingestion.py::EnvHarness::test_maintenance_sentinel_backup_status_sh_missing_SENTINEL_POSTGRES_PASSWORD PASSED [ 52%]
tests/host_python38/test_env_ingestion.py::EnvHarness::test_maintenance_sentinel_backup_status_sh_missing_SENTINEL_PUBLICATION_RECEIPT_KEY PASSED [ 52%]
tests/host_python38/test_env_ingestion.py::EnvHarness::test_maintenance_sentinel_backup_status_sh_nul PASSED [ 52%]
tests/host_python38/test_env_ingestion.py::EnvHarness::test_maintenance_sentinel_backup_status_sh_process_only PASSED [ 52%]
tests/host_python38/test_env_ingestion.py::EnvHarness::test_maintenance_sentinel_backup_status_sh_unclosed_double PASSED [ 52%]
tests/host_python38/test_env_ingestion.py::EnvHarness::test_maintenance_sentinel_backup_status_sh_valid PASSED [ 52%]
tests/host_python38/test_env_ingestion.py::EnvHarness::test_maintenance_sentinel_base_backup_sh_control_in_comment PASSED [ 52%]
tests/host_python38/test_env_ingestion.py::EnvHarness::test_maintenance_sentinel_base_backup_sh_duplicate_conflict PASSED [ 52%]
tests/host_python38/test_env_ingestion.py::EnvHarness::test_maintenance_sentinel_base_backup_sh_empty_override PASSED [ 53%]
tests/host_python38/test_env_ingestion.py::EnvHarness::test_maintenance_sentinel_base_backup_sh_invalid_utf8 PASSED [ 53%]
tests/host_python38/test_env_ingestion.py::EnvHarness::test_maintenance_sentinel_base_backup_sh_literal_override PASSED [ 53%]
tests/host_python38/test_env_ingestion.py::EnvHarness::test_maintenance_sentinel_base_backup_sh_missing_SENTINEL_BACKUP_DIR PASSED [ 53%]
tests/host_python38/test_env_ingestion.py::EnvHarness::test_maintenance_sentinel_base_backup_sh_missing_SENTINEL_POSTGRES_PASSWORD PASSED [ 53%]
tests/host_python38/test_env_ingestion.py::EnvHarness::test_maintenance_sentinel_base_backup_sh_missing_SENTINEL_PUBLICATION_RECEIPT_KEY PASSED [ 53%]
tests/host_python38/test_env_ingestion.py::EnvHarness::test_maintenance_sentinel_base_backup_sh_nul PASSED [ 53%]
tests/host_python38/test_env_ingestion.py::EnvHarness::test_maintenance_sentinel_base_backup_sh_process_only PASSED [ 53%]
tests/host_python38/test_env_ingestion.py::EnvHarness::test_maintenance_sentinel_base_backup_sh_unclosed_double PASSED [ 53%]
tests/host_python38/test_env_ingestion.py::EnvHarness::test_maintenance_sentinel_base_backup_sh_valid PASSED [ 54%]
tests/host_python38/test_env_ingestion.py::EnvHarness::test_maintenance_sentinel_restore_drill_sh_control_in_comment PASSED [ 54%]
tests/host_python38/test_env_ingestion.py::EnvHarness::test_maintenance_sentinel_restore_drill_sh_duplicate_conflict PASSED [ 54%]
tests/host_python38/test_env_ingestion.py::EnvHarness::test_maintenance_sentinel_restore_drill_sh_empty_override PASSED [ 54%]
tests/host_python38/test_env_ingestion.py::EnvHarness::test_maintenance_sentinel_restore_drill_sh_invalid_utf8 PASSED [ 54%]
tests/host_python38/test_env_ingestion.py::EnvHarness::test_maintenance_sentinel_restore_drill_sh_literal_override PASSED [ 54%]
tests/host_python38/test_env_ingestion.py::EnvHarness::test_maintenance_sentinel_restore_drill_sh_missing_SENTINEL_BACKUP_DIR PASSED [ 54%]
tests/host_python38/test_env_ingestion.py::EnvHarness::test_maintenance_sentinel_restore_drill_sh_missing_SENTINEL_POSTGRES_PASSWORD PASSED [ 54%]
tests/host_python38/test_env_ingestion.py::EnvHarness::test_maintenance_sentinel_restore_drill_sh_missing_SENTINEL_PUBLICATION_RECEIPT_KEY PASSED [ 54%]
tests/host_python38/test_env_ingestion.py::EnvHarness::test_maintenance_sentinel_restore_drill_sh_nul PASSED [ 54%]
tests/host_python38/test_env_ingestion.py::EnvHarness::test_maintenance_sentinel_restore_drill_sh_process_only PASSED [ 55%]
tests/host_python38/test_env_ingestion.py::EnvHarness::test_maintenance_sentinel_restore_drill_sh_unclosed_double PASSED [ 55%]
tests/host_python38/test_env_ingestion.py::EnvHarness::test_maintenance_sentinel_restore_drill_sh_valid PASSED [ 55%]
tests/host_python38/test_env_ingestion.py::EnvHarness::test_malformed_webhook_errors_are_secret_safe PASSED [ 55%]
tests/host_python38/test_env_ingestion.py::EnvHarness::test_managed_fact_write_roundtrips_bom_and_tab_export PASSED [ 55%]
tests/host_python38/test_env_ingestion.py::EnvHarness::test_numeric_SENTINEL_AUTOMATION_HEARTBEAT_SECONDS_0 PASSED [ 55%]
tests/host_python38/test_env_ingestion.py::EnvHarness::test_numeric_SENTINEL_AUTOMATION_HEARTBEAT_SECONDS_1 PASSED [ 55%]
tests/host_python38/test_env_ingestion.py::EnvHarness::test_numeric_SENTINEL_AUTOMATION_HEARTBEAT_SECONDS_2 PASSED [ 55%]
tests/host_python38/test_env_ingestion.py::EnvHarness::test_numeric_SENTINEL_AUTOMATION_HEARTBEAT_SECONDS_3 PASSED [ 55%]
tests/host_python38/test_env_ingestion.py::EnvHarness::test_numeric_SENTINEL_AUTOMATION_HEARTBEAT_SECONDS_4 PASSED [ 55%]
tests/host_python38/test_env_ingestion.py::EnvHarness::test_numeric_SENTINEL_AUTOMATION_HEARTBEAT_SECONDS_5 PASSED [ 56%]
tests/host_python38/test_env_ingestion.py::EnvHarness::test_numeric_SENTINEL_AUTOMATION_HEARTBEAT_SECONDS_6 PASSED [ 56%]
tests/host_python38/test_env_ingestion.py::EnvHarness::test_numeric_SENTINEL_AUTOMATION_HEARTBEAT_SECONDS_7 PASSED [ 56%]
tests/host_python38/test_env_ingestion.py::EnvHarness::test_numeric_SENTINEL_AUTOMATION_HEARTBEAT_SECONDS_8 PASSED [ 56%]
tests/host_python38/test_env_ingestion.py::EnvHarness::test_numeric_SENTINEL_AUTOMATION_HEARTBEAT_SECONDS_9 PASSED [ 56%]
tests/host_python38/test_env_ingestion.py::EnvHarness::test_numeric_SENTINEL_DEPLOY_DATA_RETRY_SECONDS_0 PASSED [ 56%]
tests/host_python38/test_env_ingestion.py::EnvHarness::test_numeric_SENTINEL_DEPLOY_DATA_RETRY_SECONDS_1 PASSED [ 56%]
tests/host_python38/test_env_ingestion.py::EnvHarness::test_numeric_SENTINEL_DEPLOY_DATA_RETRY_SECONDS_2 PASSED [ 56%]
tests/host_python38/test_env_ingestion.py::EnvHarness::test_numeric_SENTINEL_DEPLOY_DATA_RETRY_SECONDS_3 PASSED [ 56%]
tests/host_python38/test_env_ingestion.py::EnvHarness::test_numeric_SENTINEL_DEPLOY_DATA_RETRY_SECONDS_4 PASSED [ 57%]
tests/host_python38/test_env_ingestion.py::EnvHarness::test_numeric_SENTINEL_DEPLOY_DATA_RETRY_SECONDS_5 PASSED [ 57%]
tests/host_python38/test_env_ingestion.py::EnvHarness::test_numeric_SENTINEL_DEPLOY_DATA_RETRY_SECONDS_6 PASSED [ 57%]
tests/host_python38/test_env_ingestion.py::EnvHarness::test_numeric_SENTINEL_DEPLOY_DATA_RETRY_SECONDS_7 PASSED [ 57%]
tests/host_python38/test_env_ingestion.py::EnvHarness::test_numeric_SENTINEL_DEPLOY_DATA_RETRY_SECONDS_8 PASSED [ 57%]
tests/host_python38/test_env_ingestion.py::EnvHarness::test_numeric_SENTINEL_DEPLOY_DATA_RETRY_SECONDS_9 PASSED [ 57%]
tests/host_python38/test_env_ingestion.py::EnvHarness::test_numeric_SENTINEL_DEPLOY_DATA_WAIT_TIMEOUT_SECONDS_0 PASSED [ 57%]
tests/host_python38/test_env_ingestion.py::EnvHarness::test_numeric_SENTINEL_DEPLOY_DATA_WAIT_TIMEOUT_SECONDS_1 PASSED [ 57%]
tests/host_python38/test_env_ingestion.py::EnvHarness::test_numeric_SENTINEL_DEPLOY_DATA_WAIT_TIMEOUT_SECONDS_2 PASSED [ 57%]
tests/host_python38/test_env_ingestion.py::EnvHarness::test_numeric_SENTINEL_DEPLOY_DATA_WAIT_TIMEOUT_SECONDS_3 PASSED [ 57%]
tests/host_python38/test_env_ingestion.py::EnvHarness::test_numeric_SENTINEL_DEPLOY_DATA_WAIT_TIMEOUT_SECONDS_4 PASSED [ 58%]
tests/host_python38/test_env_ingestion.py::EnvHarness::test_numeric_SENTINEL_DEPLOY_DATA_WAIT_TIMEOUT_SECONDS_5 PASSED [ 58%]
tests/host_python38/test_env_ingestion.py::EnvHarness::test_numeric_SENTINEL_DEPLOY_DATA_WAIT_TIMEOUT_SECONDS_6 PASSED [ 58%]
tests/host_python38/test_env_ingestion.py::EnvHarness::test_numeric_SENTINEL_DEPLOY_DATA_WAIT_TIMEOUT_SECONDS_7 PASSED [ 58%]
tests/host_python38/test_env_ingestion.py::EnvHarness::test_numeric_SENTINEL_DEPLOY_DATA_WAIT_TIMEOUT_SECONDS_8 PASSED [ 58%]
tests/host_python38/test_env_ingestion.py::EnvHarness::test_numeric_SENTINEL_DEPLOY_DATA_WAIT_TIMEOUT_SECONDS_9 PASSED [ 58%]
tests/host_python38/test_env_ingestion.py::EnvHarness::test_numeric_SENTINEL_DEPLOY_HEALTH_TIMEOUT_SECONDS_0 PASSED [ 58%]
tests/host_python38/test_env_ingestion.py::EnvHarness::test_numeric_SENTINEL_DEPLOY_HEALTH_TIMEOUT_SECONDS_1 PASSED [ 58%]
tests/host_python38/test_env_ingestion.py::EnvHarness::test_numeric_SENTINEL_DEPLOY_HEALTH_TIMEOUT_SECONDS_2 PASSED [ 58%]
tests/host_python38/test_env_ingestion.py::EnvHarness::test_numeric_SENTINEL_DEPLOY_HEALTH_TIMEOUT_SECONDS_3 PASSED [ 58%]
tests/host_python38/test_env_ingestion.py::EnvHarness::test_numeric_SENTINEL_DEPLOY_HEALTH_TIMEOUT_SECONDS_4 PASSED [ 59%]
tests/host_python38/test_env_ingestion.py::EnvHarness::test_numeric_SENTINEL_DEPLOY_HEALTH_TIMEOUT_SECONDS_5 PASSED [ 59%]
tests/host_python38/test_env_ingestion.py::EnvHarness::test_numeric_SENTINEL_DEPLOY_HEALTH_TIMEOUT_SECONDS_6 PASSED [ 59%]
tests/host_python38/test_env_ingestion.py::EnvHarness::test_numeric_SENTINEL_DEPLOY_HEALTH_TIMEOUT_SECONDS_7 PASSED [ 59%]
tests/host_python38/test_env_ingestion.py::EnvHarness::test_numeric_SENTINEL_DEPLOY_HEALTH_TIMEOUT_SECONDS_8 PASSED [ 59%]
tests/host_python38/test_env_ingestion.py::EnvHarness::test_numeric_SENTINEL_DEPLOY_HEALTH_TIMEOUT_SECONDS_9 PASSED [ 59%]
tests/host_python38/test_env_ingestion.py::EnvHarness::test_numeric_SENTINEL_DEPLOY_NOT_BEFORE_MARGIN_SECONDS_0 PASSED [ 59%]
tests/host_python38/test_env_ingestion.py::EnvHarness::test_numeric_SENTINEL_DEPLOY_NOT_BEFORE_MARGIN_SECONDS_1 PASSED [ 59%]
tests/host_python38/test_env_ingestion.py::EnvHarness::test_numeric_SENTINEL_DEPLOY_NOT_BEFORE_MARGIN_SECONDS_2 PASSED [ 59%]
tests/host_python38/test_env_ingestion.py::EnvHarness::test_numeric_SENTINEL_DEPLOY_NOT_BEFORE_MARGIN_SECONDS_3 PASSED [ 60%]
tests/host_python38/test_env_ingestion.py::EnvHarness::test_numeric_SENTINEL_DEPLOY_NOT_BEFORE_MARGIN_SECONDS_4 PASSED [ 60%]
tests/host_python38/test_env_ingestion.py::EnvHarness::test_numeric_SENTINEL_DEPLOY_NOT_BEFORE_MARGIN_SECONDS_5 PASSED [ 60%]
tests/host_python38/test_env_ingestion.py::EnvHarness::test_numeric_SENTINEL_DEPLOY_NOT_BEFORE_MARGIN_SECONDS_6 PASSED [ 60%]
tests/host_python38/test_env_ingestion.py::EnvHarness::test_numeric_SENTINEL_DEPLOY_NOT_BEFORE_MARGIN_SECONDS_7 PASSED [ 60%]
tests/host_python38/test_env_ingestion.py::EnvHarness::test_numeric_SENTINEL_DEPLOY_NOT_BEFORE_MARGIN_SECONDS_8 PASSED [ 60%]
tests/host_python38/test_env_ingestion.py::EnvHarness::test_numeric_SENTINEL_DEPLOY_NOT_BEFORE_MARGIN_SECONDS_9 PASSED [ 60%]
tests/host_python38/test_env_ingestion.py::EnvHarness::test_optional_missing_file_and_required_file PASSED [ 60%]
tests/host_python38/test_env_ingestion.py::EnvHarness::test_permission_denied_and_io_error_are_redacted PASSED [ 60%]
tests/host_python38/test_env_ingestion.py::EnvHarness::test_private_record_protocol_failure_emits_no_partial_values PASSED [ 60%]
tests/host_python38/test_env_ingestion.py::EnvHarness::test_process_override_cannot_hide_malformed_file PASSED [ 61%]
tests/host_python38/test_env_ingestion.py::EnvHarness::test_python_command_loaders_refuse_shell_control_assignments PASSED [ 61%]
tests/host_python38/test_env_ingestion.py::EnvHarness::test_quote_roundtrip_property_for_generated_secrets PASSED [ 61%]
tests/host_python38/test_env_ingestion.py::EnvHarness::test_read_failure_closes_descriptor PASSED [ 61%]
tests/host_python38/test_env_ingestion.py::EnvHarness::test_receipt_write_roundtrips_bom_crlf_and_tab_export PASSED [ 61%]
tests/host_python38/test_env_ingestion.py::EnvHarness::test_refuse_bootstrap_adjacent_quote PASSED [ 61%]
tests/host_python38/test_env_ingestion.py::EnvHarness::test_refuse_bootstrap_ansi_escape PASSED [ 61%]
tests/host_python38/test_env_ingestion.py::EnvHarness::test_refuse_bootstrap_bare_cr PASSED [ 61%]
tests/host_python38/test_env_ingestion.py::EnvHarness::test_refuse_bootstrap_bidi PASSED [ 61%]
tests/host_python38/test_env_ingestion.py::EnvHarness::test_refuse_bootstrap_control_in_comment PASSED [ 61%]
tests/host_python38/test_env_ingestion.py::EnvHarness::test_refuse_bootstrap_del PASSED [ 62%]
tests/host_python38/test_env_ingestion.py::EnvHarness::test_refuse_bootstrap_dot_key PASSED [ 62%]
tests/host_python38/test_env_ingestion.py::EnvHarness::test_refuse_bootstrap_double_bom PASSED [ 62%]
tests/host_python38/test_env_ingestion.py::EnvHarness::test_refuse_bootstrap_duplicate_conflict PASSED [ 62%]
tests/host_python38/test_env_ingestion.py::EnvHarness::test_refuse_bootstrap_duplicate_crlf PASSED [ 62%]
tests/host_python38/test_env_ingestion.py::EnvHarness::test_refuse_bootstrap_duplicate_empty PASSED [ 62%]
tests/host_python38/test_env_ingestion.py::EnvHarness::test_refuse_bootstrap_duplicate_equal PASSED [ 62%]
tests/host_python38/test_env_ingestion.py::EnvHarness::test_refuse_bootstrap_duplicate_export PASSED [ 62%]
tests/host_python38/test_env_ingestion.py::EnvHarness::test_refuse_bootstrap_embedded_bom PASSED [ 62%]
tests/host_python38/test_env_ingestion.py::EnvHarness::test_refuse_bootstrap_escaped_newline PASSED [ 62%]
tests/host_python38/test_env_ingestion.py::EnvHarness::test_refuse_bootstrap_escaped_tab PASSED [ 63%]
tests/host_python38/test_env_ingestion.py::EnvHarness::test_refuse_bootstrap_final_cr PASSED [ 63%]
tests/host_python38/test_env_ingestion.py::EnvHarness::test_refuse_bootstrap_form_feed PASSED [ 63%]
tests/host_python38/test_env_ingestion.py::EnvHarness::test_refuse_bootstrap_gzip PASSED [ 63%]
tests/host_python38/test_env_ingestion.py::EnvHarness::test_refuse_bootstrap_hyphen_key PASSED [ 63%]
tests/host_python38/test_env_ingestion.py::EnvHarness::test_refuse_bootstrap_invalid_utf8 PASSED [ 63%]
tests/host_python38/test_env_ingestion.py::EnvHarness::test_refuse_bootstrap_literal_tab_value PASSED [ 63%]
tests/host_python38/test_env_ingestion.py::EnvHarness::test_refuse_bootstrap_multiline PASSED [ 63%]
tests/host_python38/test_env_ingestion.py::EnvHarness::test_refuse_bootstrap_no_equals PASSED [ 63%]
tests/host_python38/test_env_ingestion.py::EnvHarness::test_refuse_bootstrap_no_key PASSED [ 64%]
tests/host_python38/test_env_ingestion.py::EnvHarness::test_refuse_bootstrap_noncharacter PASSED [ 64%]
tests/host_python38/test_env_ingestion.py::EnvHarness::test_refuse_bootstrap_nul PASSED [ 64%]
tests/host_python38/test_env_ingestion.py::EnvHarness::test_refuse_bootstrap_numeric_key PASSED [ 64%]
tests/host_python38/test_env_ingestion.py::EnvHarness::test_refuse_bootstrap_python_path PASSED [ 64%]
tests/host_python38/test_env_ingestion.py::EnvHarness::test_refuse_bootstrap_quote_garbage PASSED [ 64%]
tests/host_python38/test_env_ingestion.py::EnvHarness::test_refuse_bootstrap_quote_no_comment_gap PASSED [ 64%]
tests/host_python38/test_env_ingestion.py::EnvHarness::test_refuse_bootstrap_quoted_tab_value PASSED [ 64%]
tests/host_python38/test_env_ingestion.py::EnvHarness::test_refuse_bootstrap_shell_env PASSED [ 64%]
tests/host_python38/test_env_ingestion.py::EnvHarness::test_refuse_bootstrap_shell_source PASSED [ 64%]
tests/host_python38/test_env_ingestion.py::EnvHarness::test_refuse_bootstrap_space_key PASSED [ 65%]
tests/host_python38/test_env_ingestion.py::EnvHarness::test_refuse_bootstrap_truncated_utf8 PASSED [ 65%]
tests/host_python38/test_env_ingestion.py::EnvHarness::test_refuse_bootstrap_unclosed_double PASSED [ 65%]
tests/host_python38/test_env_ingestion.py::EnvHarness::test_refuse_bootstrap_unclosed_single PASSED [ 65%]
tests/host_python38/test_env_ingestion.py::EnvHarness::test_refuse_bootstrap_unicode_key PASSED [ 65%]
tests/host_python38/test_env_ingestion.py::EnvHarness::test_refuse_bootstrap_unicode_line_separator PASSED [ 65%]
tests/host_python38/test_env_ingestion.py::EnvHarness::test_refuse_bootstrap_unicode_paragraph_separator PASSED [ 65%]
tests/host_python38/test_env_ingestion.py::EnvHarness::test_refuse_bootstrap_utf16 PASSED [ 65%]
tests/host_python38/test_env_ingestion.py::EnvHarness::test_refuse_bootstrap_vertical_tab PASSED [ 65%]
tests/host_python38/test_env_ingestion.py::EnvHarness::test_refuse_bootstrap_zero_width PASSED [ 65%]
tests/host_python38/test_env_ingestion.py::EnvHarness::test_refuse_canonical_adjacent_quote PASSED [ 66%]
tests/host_python38/test_env_ingestion.py::EnvHarness::test_refuse_canonical_ansi_escape PASSED [ 66%]
tests/host_python38/test_env_ingestion.py::EnvHarness::test_refuse_canonical_bare_cr PASSED [ 66%]
tests/host_python38/test_env_ingestion.py::EnvHarness::test_refuse_canonical_bidi PASSED [ 66%]
tests/host_python38/test_env_ingestion.py::EnvHarness::test_refuse_canonical_control_in_comment PASSED [ 66%]
tests/host_python38/test_env_ingestion.py::EnvHarness::test_refuse_canonical_del PASSED [ 66%]
tests/host_python38/test_env_ingestion.py::EnvHarness::test_refuse_canonical_dot_key PASSED [ 66%]
tests/host_python38/test_env_ingestion.py::EnvHarness::test_refuse_canonical_double_bom PASSED [ 66%]
tests/host_python38/test_env_ingestion.py::EnvHarness::test_refuse_canonical_duplicate_conflict PASSED [ 66%]
tests/host_python38/test_env_ingestion.py::EnvHarness::test_refuse_canonical_duplicate_crlf PASSED [ 67%]
tests/host_python38/test_env_ingestion.py::EnvHarness::test_refuse_canonical_duplicate_empty PASSED [ 67%]
tests/host_python38/test_env_ingestion.py::EnvHarness::test_refuse_canonical_duplicate_equal PASSED [ 67%]
tests/host_python38/test_env_ingestion.py::EnvHarness::test_refuse_canonical_duplicate_export PASSED [ 67%]
tests/host_python38/test_env_ingestion.py::EnvHarness::test_refuse_canonical_embedded_bom PASSED [ 67%]
tests/host_python38/test_env_ingestion.py::EnvHarness::test_refuse_canonical_escaped_newline PASSED [ 67%]
tests/host_python38/test_env_ingestion.py::EnvHarness::test_refuse_canonical_escaped_tab PASSED [ 67%]
tests/host_python38/test_env_ingestion.py::EnvHarness::test_refuse_canonical_final_cr PASSED [ 67%]
tests/host_python38/test_env_ingestion.py::EnvHarness::test_refuse_canonical_form_feed PASSED [ 67%]
tests/host_python38/test_env_ingestion.py::EnvHarness::test_refuse_canonical_gzip PASSED [ 67%]
tests/host_python38/test_env_ingestion.py::EnvHarness::test_refuse_canonical_hyphen_key PASSED [ 68%]
tests/host_python38/test_env_ingestion.py::EnvHarness::test_refuse_canonical_invalid_utf8 PASSED [ 68%]
tests/host_python38/test_env_ingestion.py::EnvHarness::test_refuse_canonical_literal_tab_value PASSED [ 68%]
tests/host_python38/test_env_ingestion.py::EnvHarness::test_refuse_canonical_multiline PASSED [ 68%]
tests/host_python38/test_env_ingestion.py::EnvHarness::test_refuse_canonical_no_equals PASSED [ 68%]
tests/host_python38/test_env_ingestion.py::EnvHarness::test_refuse_canonical_no_key PASSED [ 68%]
tests/host_python38/test_env_ingestion.py::EnvHarness::test_refuse_canonical_noncharacter PASSED [ 68%]
tests/host_python38/test_env_ingestion.py::EnvHarness::test_refuse_canonical_nul PASSED [ 68%]
tests/host_python38/test_env_ingestion.py::EnvHarness::test_refuse_canonical_numeric_key PASSED [ 68%]
tests/host_python38/test_env_ingestion.py::EnvHarness::test_refuse_canonical_python_path PASSED [ 68%]
tests/host_python38/test_env_ingestion.py::EnvHarness::test_refuse_canonical_quote_garbage PASSED [ 69%]
tests/host_python38/test_env_ingestion.py::EnvHarness::test_refuse_canonical_quote_no_comment_gap PASSED [ 69%]
tests/host_python38/test_env_ingestion.py::EnvHarness::test_refuse_canonical_quoted_tab_value PASSED [ 69%]
tests/host_python38/test_env_ingestion.py::EnvHarness::test_refuse_canonical_shell_env PASSED [ 69%]
tests/host_python38/test_env_ingestion.py::EnvHarness::test_refuse_canonical_shell_source PASSED [ 69%]
tests/host_python38/test_env_ingestion.py::EnvHarness::test_refuse_canonical_space_key PASSED [ 69%]
tests/host_python38/test_env_ingestion.py::EnvHarness::test_refuse_canonical_truncated_utf8 PASSED [ 69%]
tests/host_python38/test_env_ingestion.py::EnvHarness::test_refuse_canonical_unclosed_double PASSED [ 69%]
tests/host_python38/test_env_ingestion.py::EnvHarness::test_refuse_canonical_unclosed_single PASSED [ 69%]
tests/host_python38/test_env_ingestion.py::EnvHarness::test_refuse_canonical_unicode_key PASSED [ 70%]
tests/host_python38/test_env_ingestion.py::EnvHarness::test_refuse_canonical_unicode_line_separator PASSED [ 70%]
tests/host_python38/test_env_ingestion.py::EnvHarness::test_refuse_canonical_unicode_paragraph_separator PASSED [ 70%]
tests/host_python38/test_env_ingestion.py::EnvHarness::test_refuse_canonical_utf16 PASSED [ 70%]
tests/host_python38/test_env_ingestion.py::EnvHarness::test_refuse_canonical_vertical_tab PASSED [ 70%]
tests/host_python38/test_env_ingestion.py::EnvHarness::test_refuse_canonical_zero_width PASSED [ 70%]
tests/host_python38/test_env_ingestion.py::EnvHarness::test_refuse_conversion_adjacent_quote PASSED [ 70%]
tests/host_python38/test_env_ingestion.py::EnvHarness::test_refuse_conversion_ansi_escape PASSED [ 70%]
tests/host_python38/test_env_ingestion.py::EnvHarness::test_refuse_conversion_bare_cr PASSED [ 70%]
tests/host_python38/test_env_ingestion.py::EnvHarness::test_refuse_conversion_bidi PASSED [ 70%]
tests/host_python38/test_env_ingestion.py::EnvHarness::test_refuse_conversion_control_in_comment PASSED [ 71%]
tests/host_python38/test_env_ingestion.py::EnvHarness::test_refuse_conversion_del PASSED [ 71%]
tests/host_python38/test_env_ingestion.py::EnvHarness::test_refuse_conversion_dot_key PASSED [ 71%]
tests/host_python38/test_env_ingestion.py::EnvHarness::test_refuse_conversion_double_bom PASSED [ 71%]
tests/host_python38/test_env_ingestion.py::EnvHarness::test_refuse_conversion_duplicate_conflict PASSED [ 71%]
tests/host_python38/test_env_ingestion.py::EnvHarness::test_refuse_conversion_duplicate_crlf PASSED [ 71%]
tests/host_python38/test_env_ingestion.py::EnvHarness::test_refuse_conversion_duplicate_empty PASSED [ 71%]
tests/host_python38/test_env_ingestion.py::EnvHarness::test_refuse_conversion_duplicate_equal PASSED [ 71%]
tests/host_python38/test_env_ingestion.py::EnvHarness::test_refuse_conversion_duplicate_export PASSED [ 71%]
tests/host_python38/test_env_ingestion.py::EnvHarness::test_refuse_conversion_embedded_bom PASSED [ 71%]
tests/host_python38/test_env_ingestion.py::EnvHarness::test_refuse_conversion_escaped_newline PASSED [ 72%]
tests/host_python38/test_env_ingestion.py::EnvHarness::test_refuse_conversion_escaped_tab PASSED [ 72%]
tests/host_python38/test_env_ingestion.py::EnvHarness::test_refuse_conversion_final_cr PASSED [ 72%]
tests/host_python38/test_env_ingestion.py::EnvHarness::test_refuse_conversion_form_feed PASSED [ 72%]
tests/host_python38/test_env_ingestion.py::EnvHarness::test_refuse_conversion_gzip PASSED [ 72%]
tests/host_python38/test_env_ingestion.py::EnvHarness::test_refuse_conversion_hyphen_key PASSED [ 72%]
tests/host_python38/test_env_ingestion.py::EnvHarness::test_refuse_conversion_invalid_utf8 PASSED [ 72%]
tests/host_python38/test_env_ingestion.py::EnvHarness::test_refuse_conversion_literal_tab_value PASSED [ 72%]
tests/host_python38/test_env_ingestion.py::EnvHarness::test_refuse_conversion_multiline PASSED [ 72%]
tests/host_python38/test_env_ingestion.py::EnvHarness::test_refuse_conversion_no_equals PASSED [ 72%]
tests/host_python38/test_env_ingestion.py::EnvHarness::test_refuse_conversion_no_key PASSED [ 73%]
tests/host_python38/test_env_ingestion.py::EnvHarness::test_refuse_conversion_noncharacter PASSED [ 73%]
tests/host_python38/test_env_ingestion.py::EnvHarness::test_refuse_conversion_nul PASSED [ 73%]
tests/host_python38/test_env_ingestion.py::EnvHarness::test_refuse_conversion_numeric_key PASSED [ 73%]
tests/host_python38/test_env_ingestion.py::EnvHarness::test_refuse_conversion_python_path PASSED [ 73%]
tests/host_python38/test_env_ingestion.py::EnvHarness::test_refuse_conversion_quote_garbage PASSED [ 73%]
tests/host_python38/test_env_ingestion.py::EnvHarness::test_refuse_conversion_quote_no_comment_gap PASSED [ 73%]
tests/host_python38/test_env_ingestion.py::EnvHarness::test_refuse_conversion_quoted_tab_value PASSED [ 73%]
tests/host_python38/test_env_ingestion.py::EnvHarness::test_refuse_conversion_shell_env PASSED [ 73%]
tests/host_python38/test_env_ingestion.py::EnvHarness::test_refuse_conversion_shell_source PASSED [ 74%]
tests/host_python38/test_env_ingestion.py::EnvHarness::test_refuse_conversion_space_key PASSED [ 74%]
tests/host_python38/test_env_ingestion.py::EnvHarness::test_refuse_conversion_truncated_utf8 PASSED [ 74%]
tests/host_python38/test_env_ingestion.py::EnvHarness::test_refuse_conversion_unclosed_double PASSED [ 74%]
tests/host_python38/test_env_ingestion.py::EnvHarness::test_refuse_conversion_unclosed_single PASSED [ 74%]
tests/host_python38/test_env_ingestion.py::EnvHarness::test_refuse_conversion_unicode_key PASSED [ 74%]
tests/host_python38/test_env_ingestion.py::EnvHarness::test_refuse_conversion_unicode_line_separator PASSED [ 74%]
tests/host_python38/test_env_ingestion.py::EnvHarness::test_refuse_conversion_unicode_paragraph_separator PASSED [ 74%]
tests/host_python38/test_env_ingestion.py::EnvHarness::test_refuse_conversion_utf16 PASSED [ 74%]
tests/host_python38/test_env_ingestion.py::EnvHarness::test_refuse_conversion_vertical_tab PASSED [ 74%]
tests/host_python38/test_env_ingestion.py::EnvHarness::test_refuse_conversion_zero_width PASSED [ 75%]
tests/host_python38/test_env_ingestion.py::EnvHarness::test_refuse_go_adjacent_quote PASSED [ 75%]
tests/host_python38/test_env_ingestion.py::EnvHarness::test_refuse_go_ansi_escape PASSED [ 75%]
tests/host_python38/test_env_ingestion.py::EnvHarness::test_refuse_go_bare_cr PASSED [ 75%]
tests/host_python38/test_env_ingestion.py::EnvHarness::test_refuse_go_bidi PASSED [ 75%]
tests/host_python38/test_env_ingestion.py::EnvHarness::test_refuse_go_control_in_comment PASSED [ 75%]
tests/host_python38/test_env_ingestion.py::EnvHarness::test_refuse_go_del PASSED [ 75%]
tests/host_python38/test_env_ingestion.py::EnvHarness::test_refuse_go_dot_key PASSED [ 75%]
tests/host_python38/test_env_ingestion.py::EnvHarness::test_refuse_go_double_bom PASSED [ 75%]
tests/host_python38/test_env_ingestion.py::EnvHarness::test_refuse_go_duplicate_conflict PASSED [ 75%]
tests/host_python38/test_env_ingestion.py::EnvHarness::test_refuse_go_duplicate_crlf PASSED [ 76%]
tests/host_python38/test_env_ingestion.py::EnvHarness::test_refuse_go_duplicate_empty PASSED [ 76%]
tests/host_python38/test_env_ingestion.py::EnvHarness::test_refuse_go_duplicate_equal PASSED [ 76%]
tests/host_python38/test_env_ingestion.py::EnvHarness::test_refuse_go_duplicate_export PASSED [ 76%]
tests/host_python38/test_env_ingestion.py::EnvHarness::test_refuse_go_embedded_bom PASSED [ 76%]
tests/host_python38/test_env_ingestion.py::EnvHarness::test_refuse_go_escaped_newline PASSED [ 76%]
tests/host_python38/test_env_ingestion.py::EnvHarness::test_refuse_go_escaped_tab PASSED [ 76%]
tests/host_python38/test_env_ingestion.py::EnvHarness::test_refuse_go_final_cr PASSED [ 76%]
tests/host_python38/test_env_ingestion.py::EnvHarness::test_refuse_go_form_feed PASSED [ 76%]
tests/host_python38/test_env_ingestion.py::EnvHarness::test_refuse_go_gzip PASSED [ 77%]
tests/host_python38/test_env_ingestion.py::EnvHarness::test_refuse_go_hyphen_key PASSED [ 77%]
tests/host_python38/test_env_ingestion.py::EnvHarness::test_refuse_go_invalid_utf8 PASSED [ 77%]
tests/host_python38/test_env_ingestion.py::EnvHarness::test_refuse_go_literal_tab_value PASSED [ 77%]
tests/host_python38/test_env_ingestion.py::EnvHarness::test_refuse_go_multiline PASSED [ 77%]
tests/host_python38/test_env_ingestion.py::EnvHarness::test_refuse_go_no_equals PASSED [ 77%]
tests/host_python38/test_env_ingestion.py::EnvHarness::test_refuse_go_no_key PASSED [ 77%]
tests/host_python38/test_env_ingestion.py::EnvHarness::test_refuse_go_noncharacter PASSED [ 77%]
tests/host_python38/test_env_ingestion.py::EnvHarness::test_refuse_go_nul PASSED [ 77%]
tests/host_python38/test_env_ingestion.py::EnvHarness::test_refuse_go_numeric_key PASSED [ 77%]
tests/host_python38/test_env_ingestion.py::EnvHarness::test_refuse_go_python_path PASSED [ 78%]
tests/host_python38/test_env_ingestion.py::EnvHarness::test_refuse_go_quote_garbage PASSED [ 78%]
tests/host_python38/test_env_ingestion.py::EnvHarness::test_refuse_go_quote_no_comment_gap PASSED [ 78%]
tests/host_python38/test_env_ingestion.py::EnvHarness::test_refuse_go_quoted_tab_value PASSED [ 78%]
tests/host_python38/test_env_ingestion.py::EnvHarness::test_refuse_go_shell_env PASSED [ 78%]
tests/host_python38/test_env_ingestion.py::EnvHarness::test_refuse_go_shell_source PASSED [ 78%]
tests/host_python38/test_env_ingestion.py::EnvHarness::test_refuse_go_space_key PASSED [ 78%]
tests/host_python38/test_env_ingestion.py::EnvHarness::test_refuse_go_truncated_utf8 PASSED [ 78%]
tests/host_python38/test_env_ingestion.py::EnvHarness::test_refuse_go_unclosed_double PASSED [ 78%]
tests/host_python38/test_env_ingestion.py::EnvHarness::test_refuse_go_unclosed_single PASSED [ 78%]
tests/host_python38/test_env_ingestion.py::EnvHarness::test_refuse_go_unicode_key PASSED [ 79%]
tests/host_python38/test_env_ingestion.py::EnvHarness::test_refuse_go_unicode_line_separator PASSED [ 79%]
tests/host_python38/test_env_ingestion.py::EnvHarness::test_refuse_go_unicode_paragraph_separator PASSED [ 79%]
tests/host_python38/test_env_ingestion.py::EnvHarness::test_refuse_go_utf16 PASSED [ 79%]
tests/host_python38/test_env_ingestion.py::EnvHarness::test_refuse_go_vertical_tab PASSED [ 79%]
tests/host_python38/test_env_ingestion.py::EnvHarness::test_refuse_go_zero_width PASSED [ 79%]
tests/host_python38/test_env_ingestion.py::EnvHarness::test_refuse_install_adjacent_quote PASSED [ 79%]
tests/host_python38/test_env_ingestion.py::EnvHarness::test_refuse_install_ansi_escape PASSED [ 79%]
tests/host_python38/test_env_ingestion.py::EnvHarness::test_refuse_install_bare_cr PASSED [ 79%]
tests/host_python38/test_env_ingestion.py::EnvHarness::test_refuse_install_bidi PASSED [ 80%]
tests/host_python38/test_env_ingestion.py::EnvHarness::test_refuse_install_control_in_comment PASSED [ 80%]
tests/host_python38/test_env_ingestion.py::EnvHarness::test_refuse_install_del PASSED [ 80%]
tests/host_python38/test_env_ingestion.py::EnvHarness::test_refuse_install_dot_key PASSED [ 80%]
tests/host_python38/test_env_ingestion.py::EnvHarness::test_refuse_install_double_bom PASSED [ 80%]
tests/host_python38/test_env_ingestion.py::EnvHarness::test_refuse_install_duplicate_conflict PASSED [ 80%]
tests/host_python38/test_env_ingestion.py::EnvHarness::test_refuse_install_duplicate_crlf PASSED [ 80%]
tests/host_python38/test_env_ingestion.py::EnvHarness::test_refuse_install_duplicate_empty PASSED [ 80%]
tests/host_python38/test_env_ingestion.py::EnvHarness::test_refuse_install_duplicate_equal PASSED [ 80%]
tests/host_python38/test_env_ingestion.py::EnvHarness::test_refuse_install_duplicate_export PASSED [ 80%]
tests/host_python38/test_env_ingestion.py::EnvHarness::test_refuse_install_embedded_bom PASSED [ 81%]
tests/host_python38/test_env_ingestion.py::EnvHarness::test_refuse_install_escaped_newline PASSED [ 81%]
tests/host_python38/test_env_ingestion.py::EnvHarness::test_refuse_install_escaped_tab PASSED [ 81%]
tests/host_python38/test_env_ingestion.py::EnvHarness::test_refuse_install_final_cr PASSED [ 81%]
tests/host_python38/test_env_ingestion.py::EnvHarness::test_refuse_install_form_feed PASSED [ 81%]
tests/host_python38/test_env_ingestion.py::EnvHarness::test_refuse_install_gzip PASSED [ 81%]
tests/host_python38/test_env_ingestion.py::EnvHarness::test_refuse_install_hyphen_key PASSED [ 81%]
tests/host_python38/test_env_ingestion.py::EnvHarness::test_refuse_install_invalid_utf8 PASSED [ 81%]
tests/host_python38/test_env_ingestion.py::EnvHarness::test_refuse_install_literal_tab_value PASSED [ 81%]
tests/host_python38/test_env_ingestion.py::EnvHarness::test_refuse_install_multiline PASSED [ 81%]
tests/host_python38/test_env_ingestion.py::EnvHarness::test_refuse_install_no_equals PASSED [ 82%]
tests/host_python38/test_env_ingestion.py::EnvHarness::test_refuse_install_no_key PASSED [ 82%]
tests/host_python38/test_env_ingestion.py::EnvHarness::test_refuse_install_noncharacter PASSED [ 82%]
tests/host_python38/test_env_ingestion.py::EnvHarness::test_refuse_install_nul PASSED [ 82%]
tests/host_python38/test_env_ingestion.py::EnvHarness::test_refuse_install_numeric_key PASSED [ 82%]
tests/host_python38/test_env_ingestion.py::EnvHarness::test_refuse_install_python_path PASSED [ 82%]
tests/host_python38/test_env_ingestion.py::EnvHarness::test_refuse_install_quote_garbage PASSED [ 82%]
tests/host_python38/test_env_ingestion.py::EnvHarness::test_refuse_install_quote_no_comment_gap PASSED [ 82%]
tests/host_python38/test_env_ingestion.py::EnvHarness::test_refuse_install_quoted_tab_value PASSED [ 82%]
tests/host_python38/test_env_ingestion.py::EnvHarness::test_refuse_install_shell_env PASSED [ 82%]
tests/host_python38/test_env_ingestion.py::EnvHarness::test_refuse_install_shell_source PASSED [ 83%]
tests/host_python38/test_env_ingestion.py::EnvHarness::test_refuse_install_space_key PASSED [ 83%]
tests/host_python38/test_env_ingestion.py::EnvHarness::test_refuse_install_truncated_utf8 PASSED [ 83%]
tests/host_python38/test_env_ingestion.py::EnvHarness::test_refuse_install_unclosed_double PASSED [ 83%]
tests/host_python38/test_env_ingestion.py::EnvHarness::test_refuse_install_unclosed_single PASSED [ 83%]
tests/host_python38/test_env_ingestion.py::EnvHarness::test_refuse_install_unicode_key PASSED [ 83%]
tests/host_python38/test_env_ingestion.py::EnvHarness::test_refuse_install_unicode_line_separator PASSED [ 83%]
tests/host_python38/test_env_ingestion.py::EnvHarness::test_refuse_install_unicode_paragraph_separator PASSED [ 83%]
tests/host_python38/test_env_ingestion.py::EnvHarness::test_refuse_install_utf16 PASSED [ 83%]
tests/host_python38/test_env_ingestion.py::EnvHarness::test_refuse_install_vertical_tab PASSED [ 84%]
tests/host_python38/test_env_ingestion.py::EnvHarness::test_refuse_install_zero_width PASSED [ 84%]
tests/host_python38/test_env_ingestion.py::EnvHarness::test_refuse_runtime_adjacent_quote PASSED [ 84%]
tests/host_python38/test_env_ingestion.py::EnvHarness::test_refuse_runtime_ansi_escape PASSED [ 84%]
tests/host_python38/test_env_ingestion.py::EnvHarness::test_refuse_runtime_bare_cr PASSED [ 84%]
tests/host_python38/test_env_ingestion.py::EnvHarness::test_refuse_runtime_bidi PASSED [ 84%]
tests/host_python38/test_env_ingestion.py::EnvHarness::test_refuse_runtime_control_in_comment PASSED [ 84%]
tests/host_python38/test_env_ingestion.py::EnvHarness::test_refuse_runtime_del PASSED [ 84%]
tests/host_python38/test_env_ingestion.py::EnvHarness::test_refuse_runtime_dot_key PASSED [ 84%]
tests/host_python38/test_env_ingestion.py::EnvHarness::test_refuse_runtime_double_bom PASSED [ 84%]
tests/host_python38/test_env_ingestion.py::EnvHarness::test_refuse_runtime_duplicate_conflict PASSED [ 85%]
tests/host_python38/test_env_ingestion.py::EnvHarness::test_refuse_runtime_duplicate_crlf PASSED [ 85%]
tests/host_python38/test_env_ingestion.py::EnvHarness::test_refuse_runtime_duplicate_empty PASSED [ 85%]
tests/host_python38/test_env_ingestion.py::EnvHarness::test_refuse_runtime_duplicate_equal PASSED [ 85%]
tests/host_python38/test_env_ingestion.py::EnvHarness::test_refuse_runtime_duplicate_export PASSED [ 85%]
tests/host_python38/test_env_ingestion.py::EnvHarness::test_refuse_runtime_embedded_bom PASSED [ 85%]
tests/host_python38/test_env_ingestion.py::EnvHarness::test_refuse_runtime_escaped_newline PASSED [ 85%]
tests/host_python38/test_env_ingestion.py::EnvHarness::test_refuse_runtime_escaped_tab PASSED [ 85%]
tests/host_python38/test_env_ingestion.py::EnvHarness::test_refuse_runtime_final_cr PASSED [ 85%]
tests/host_python38/test_env_ingestion.py::EnvHarness::test_refuse_runtime_form_feed PASSED [ 85%]
tests/host_python38/test_env_ingestion.py::EnvHarness::test_refuse_runtime_gzip PASSED [ 86%]
tests/host_python38/test_env_ingestion.py::EnvHarness::test_refuse_runtime_hyphen_key PASSED [ 86%]
tests/host_python38/test_env_ingestion.py::EnvHarness::test_refuse_runtime_invalid_utf8 PASSED [ 86%]
tests/host_python38/test_env_ingestion.py::EnvHarness::test_refuse_runtime_literal_tab_value PASSED [ 86%]
tests/host_python38/test_env_ingestion.py::EnvHarness::test_refuse_runtime_multiline PASSED [ 86%]
tests/host_python38/test_env_ingestion.py::EnvHarness::test_refuse_runtime_no_equals PASSED [ 86%]
tests/host_python38/test_env_ingestion.py::EnvHarness::test_refuse_runtime_no_key PASSED [ 86%]
tests/host_python38/test_env_ingestion.py::EnvHarness::test_refuse_runtime_noncharacter PASSED [ 86%]
tests/host_python38/test_env_ingestion.py::EnvHarness::test_refuse_runtime_nul PASSED [ 86%]
tests/host_python38/test_env_ingestion.py::EnvHarness::test_refuse_runtime_numeric_key PASSED [ 87%]
tests/host_python38/test_env_ingestion.py::EnvHarness::test_refuse_runtime_python_path PASSED [ 87%]
tests/host_python38/test_env_ingestion.py::EnvHarness::test_refuse_runtime_quote_garbage PASSED [ 87%]
tests/host_python38/test_env_ingestion.py::EnvHarness::test_refuse_runtime_quote_no_comment_gap PASSED [ 87%]
tests/host_python38/test_env_ingestion.py::EnvHarness::test_refuse_runtime_quoted_tab_value PASSED [ 87%]
tests/host_python38/test_env_ingestion.py::EnvHarness::test_refuse_runtime_shell_env PASSED [ 87%]
tests/host_python38/test_env_ingestion.py::EnvHarness::test_refuse_runtime_shell_source PASSED [ 87%]
tests/host_python38/test_env_ingestion.py::EnvHarness::test_refuse_runtime_space_key PASSED [ 87%]
tests/host_python38/test_env_ingestion.py::EnvHarness::test_refuse_runtime_truncated_utf8 PASSED [ 87%]
tests/host_python38/test_env_ingestion.py::EnvHarness::test_refuse_runtime_unclosed_double PASSED [ 87%]
tests/host_python38/test_env_ingestion.py::EnvHarness::test_refuse_runtime_unclosed_single PASSED [ 88%]
tests/host_python38/test_env_ingestion.py::EnvHarness::test_refuse_runtime_unicode_key PASSED [ 88%]
tests/host_python38/test_env_ingestion.py::EnvHarness::test_refuse_runtime_unicode_line_separator PASSED [ 88%]
tests/host_python38/test_env_ingestion.py::EnvHarness::test_refuse_runtime_unicode_paragraph_separator PASSED [ 88%]
tests/host_python38/test_env_ingestion.py::EnvHarness::test_refuse_runtime_utf16 PASSED [ 88%]
tests/host_python38/test_env_ingestion.py::EnvHarness::test_refuse_runtime_vertical_tab PASSED [ 88%]
tests/host_python38/test_env_ingestion.py::EnvHarness::test_refuse_runtime_zero_width PASSED [ 88%]
tests/host_python38/test_env_ingestion.py::EnvHarness::test_required_ALPACA_API_KEY_0 PASSED [ 88%]
tests/host_python38/test_env_ingestion.py::EnvHarness::test_required_ALPACA_API_KEY_1 PASSED [ 88%]
tests/host_python38/test_env_ingestion.py::EnvHarness::test_required_ALPACA_API_KEY_2 PASSED [ 88%]
tests/host_python38/test_env_ingestion.py::EnvHarness::test_required_ALPACA_API_KEY_3 PASSED [ 89%]
tests/host_python38/test_env_ingestion.py::EnvHarness::test_required_ALPACA_API_KEY_4 PASSED [ 89%]
tests/host_python38/test_env_ingestion.py::EnvHarness::test_required_ALPACA_API_KEY_5 PASSED [ 89%]
tests/host_python38/test_env_ingestion.py::EnvHarness::test_required_ALPACA_API_KEY_6 PASSED [ 89%]
tests/host_python38/test_env_ingestion.py::EnvHarness::test_required_ALPACA_API_KEY_7 PASSED [ 89%]
tests/host_python38/test_env_ingestion.py::EnvHarness::test_required_ALPACA_API_KEY_8 PASSED [ 89%]
tests/host_python38/test_env_ingestion.py::EnvHarness::test_required_ALPACA_SECRET_KEY_0 PASSED [ 89%]
tests/host_python38/test_env_ingestion.py::EnvHarness::test_required_ALPACA_SECRET_KEY_1 PASSED [ 89%]
tests/host_python38/test_env_ingestion.py::EnvHarness::test_required_ALPACA_SECRET_KEY_2 PASSED [ 89%]
tests/host_python38/test_env_ingestion.py::EnvHarness::test_required_ALPACA_SECRET_KEY_3 PASSED [ 90%]
tests/host_python38/test_env_ingestion.py::EnvHarness::test_required_ALPACA_SECRET_KEY_4 PASSED [ 90%]
tests/host_python38/test_env_ingestion.py::EnvHarness::test_required_ALPACA_SECRET_KEY_5 PASSED [ 90%]
tests/host_python38/test_env_ingestion.py::EnvHarness::test_required_ALPACA_SECRET_KEY_6 PASSED [ 90%]
tests/host_python38/test_env_ingestion.py::EnvHarness::test_required_ALPACA_SECRET_KEY_7 PASSED [ 90%]
tests/host_python38/test_env_ingestion.py::EnvHarness::test_required_ALPACA_SECRET_KEY_8 PASSED [ 90%]
tests/host_python38/test_env_ingestion.py::EnvHarness::test_required_SENTINEL_BACKUP_DIR_0 PASSED [ 90%]
tests/host_python38/test_env_ingestion.py::EnvHarness::test_required_SENTINEL_BACKUP_DIR_1 PASSED [ 90%]
tests/host_python38/test_env_ingestion.py::EnvHarness::test_required_SENTINEL_BACKUP_DIR_2 PASSED [ 90%]
tests/host_python38/test_env_ingestion.py::EnvHarness::test_required_SENTINEL_BACKUP_DIR_3 PASSED [ 90%]
tests/host_python38/test_env_ingestion.py::EnvHarness::test_required_SENTINEL_BACKUP_DIR_4 PASSED [ 91%]
tests/host_python38/test_env_ingestion.py::EnvHarness::test_required_SENTINEL_BACKUP_DIR_5 PASSED [ 91%]
tests/host_python38/test_env_ingestion.py::EnvHarness::test_required_SENTINEL_BACKUP_DIR_6 PASSED [ 91%]
tests/host_python38/test_env_ingestion.py::EnvHarness::test_required_SENTINEL_BACKUP_DIR_7 PASSED [ 91%]
tests/host_python38/test_env_ingestion.py::EnvHarness::test_required_SENTINEL_BACKUP_DIR_8 PASSED [ 91%]
tests/host_python38/test_env_ingestion.py::EnvHarness::test_required_SENTINEL_POSTGRES_PASSWORD_0 PASSED [ 91%]
tests/host_python38/test_env_ingestion.py::EnvHarness::test_required_SENTINEL_POSTGRES_PASSWORD_1 PASSED [ 91%]
tests/host_python38/test_env_ingestion.py::EnvHarness::test_required_SENTINEL_POSTGRES_PASSWORD_2 PASSED [ 91%]
tests/host_python38/test_env_ingestion.py::EnvHarness::test_required_SENTINEL_POSTGRES_PASSWORD_3 PASSED [ 91%]
tests/host_python38/test_env_ingestion.py::EnvHarness::test_required_SENTINEL_POSTGRES_PASSWORD_4 PASSED [ 91%]
tests/host_python38/test_env_ingestion.py::EnvHarness::test_required_SENTINEL_POSTGRES_PASSWORD_5 PASSED [ 92%]
tests/host_python38/test_env_ingestion.py::EnvHarness::test_required_SENTINEL_POSTGRES_PASSWORD_6 PASSED [ 92%]
tests/host_python38/test_env_ingestion.py::EnvHarness::test_required_SENTINEL_POSTGRES_PASSWORD_7 PASSED [ 92%]
tests/host_python38/test_env_ingestion.py::EnvHarness::test_required_SENTINEL_POSTGRES_PASSWORD_8 PASSED [ 92%]
tests/host_python38/test_env_ingestion.py::EnvHarness::test_required_SHARADAR_API_KEY_0 PASSED [ 92%]
tests/host_python38/test_env_ingestion.py::EnvHarness::test_required_SHARADAR_API_KEY_1 PASSED [ 92%]
tests/host_python38/test_env_ingestion.py::EnvHarness::test_required_SHARADAR_API_KEY_2 PASSED [ 92%]
tests/host_python38/test_env_ingestion.py::EnvHarness::test_required_SHARADAR_API_KEY_3 PASSED [ 92%]
tests/host_python38/test_env_ingestion.py::EnvHarness::test_required_SHARADAR_API_KEY_4 PASSED [ 92%]
tests/host_python38/test_env_ingestion.py::EnvHarness::test_required_SHARADAR_API_KEY_5 PASSED [ 92%]
tests/host_python38/test_env_ingestion.py::EnvHarness::test_required_SHARADAR_API_KEY_6 PASSED [ 93%]
tests/host_python38/test_env_ingestion.py::EnvHarness::test_required_SHARADAR_API_KEY_7 PASSED [ 93%]
tests/host_python38/test_env_ingestion.py::EnvHarness::test_required_SHARADAR_API_KEY_8 PASSED [ 93%]
tests/host_python38/test_env_ingestion.py::EnvHarness::test_same_timestamp_rewrite_requires_two_matching_byte_observations PASSED [ 93%]
tests/host_python38/test_env_ingestion.py::EnvHarness::test_seeded_mutation_and_order_independence PASSED [ 93%]
tests/host_python38/test_env_ingestion.py::EnvHarness::test_semantic_ALPACA_BASE_URL_0 PASSED [ 93%]
tests/host_python38/test_env_ingestion.py::EnvHarness::test_semantic_ALPACA_BASE_URL_1 PASSED [ 93%]
tests/host_python38/test_env_ingestion.py::EnvHarness::test_semantic_ALPACA_BASE_URL_2 PASSED [ 93%]
tests/host_python38/test_env_ingestion.py::EnvHarness::test_semantic_ALPACA_BASE_URL_3 PASSED [ 93%]
tests/host_python38/test_env_ingestion.py::EnvHarness::test_semantic_SENTINEL_BACKUP_DIR_0 PASSED [ 94%]
tests/host_python38/test_env_ingestion.py::EnvHarness::test_semantic_SENTINEL_BACKUP_DIR_1 PASSED [ 94%]
tests/host_python38/test_env_ingestion.py::EnvHarness::test_semantic_SENTINEL_BACKUP_DURABLE_TARGET_ATTESTED_0 PASSED [ 94%]
tests/host_python38/test_env_ingestion.py::EnvHarness::test_semantic_SENTINEL_BACKUP_DURABLE_TARGET_ATTESTED_1 PASSED [ 94%]
tests/host_python38/test_env_ingestion.py::EnvHarness::test_semantic_SENTINEL_BACKUP_DURABLE_TARGET_ATTESTED_2 PASSED [ 94%]
tests/host_python38/test_env_ingestion.py::EnvHarness::test_semantic_SENTINEL_BACKUP_DURABLE_TARGET_ATTESTED_3 PASSED [ 94%]
tests/host_python38/test_env_ingestion.py::EnvHarness::test_semantic_SENTINEL_DEPLOY_ALLOW_EMPTY_BIND_0 PASSED [ 94%]
tests/host_python38/test_env_ingestion.py::EnvHarness::test_semantic_SENTINEL_DEPLOY_ALLOW_EMPTY_BIND_1 PASSED [ 94%]
tests/host_python38/test_env_ingestion.py::EnvHarness::test_semantic_SENTINEL_DEPLOY_MAXIMUM_EXPOSURE_0 PASSED [ 94%]
tests/host_python38/test_env_ingestion.py::EnvHarness::test_semantic_SENTINEL_DEPLOY_MAXIMUM_EXPOSURE_1 PASSED [ 94%]
tests/host_python38/test_env_ingestion.py::EnvHarness::test_semantic_SENTINEL_DEPLOY_MAXIMUM_EXPOSURE_2 PASSED [ 95%]
tests/host_python38/test_env_ingestion.py::EnvHarness::test_semantic_SENTINEL_DEPLOY_MAXIMUM_EXPOSURE_3 PASSED [ 95%]
tests/host_python38/test_env_ingestion.py::EnvHarness::test_semantic_SENTINEL_DEPLOY_MAXIMUM_EXPOSURE_4 PASSED [ 95%]
tests/host_python38/test_env_ingestion.py::EnvHarness::test_semantic_SENTINEL_DEPLOY_MAXIMUM_EXPOSURE_5 PASSED [ 95%]
tests/host_python38/test_env_ingestion.py::EnvHarness::test_semantic_SENTINEL_DEPLOY_MAXIMUM_EXPOSURE_6 PASSED [ 95%]
tests/host_python38/test_env_ingestion.py::EnvHarness::test_semantic_SENTINEL_DEPLOY_MAXIMUM_EXPOSURE_7 PASSED [ 95%]
tests/host_python38/test_env_ingestion.py::EnvHarness::test_semantic_SENTINEL_DEPLOY_REVOKE_PREVIOUS_SIGNING_KEY_0 PASSED [ 95%]
tests/host_python38/test_env_ingestion.py::EnvHarness::test_semantic_SENTINEL_DEPLOY_REVOKE_PREVIOUS_SIGNING_KEY_1 PASSED [ 95%]
tests/host_python38/test_env_ingestion.py::EnvHarness::test_semantic_SENTINEL_FORCE_CPU_LIMITS_0 PASSED [ 95%]
tests/host_python38/test_env_ingestion.py::EnvHarness::test_semantic_SENTINEL_FORCE_CPU_LIMITS_1 PASSED [ 95%]
tests/host_python38/test_env_ingestion.py::EnvHarness::test_semantic_SENTINEL_FORCE_CPU_LIMITS_2 PASSED [ 96%]
tests/host_python38/test_env_ingestion.py::EnvHarness::test_semantic_SENTINEL_FORCE_CPU_LIMITS_3 PASSED [ 96%]
tests/host_python38/test_env_ingestion.py::EnvHarness::test_semantic_SENTINEL_POSTGRES_PASSWORD_0 PASSED [ 96%]
tests/host_python38/test_env_ingestion.py::EnvHarness::test_semantic_SENTINEL_POSTGRES_PASSWORD_1 PASSED [ 96%]
tests/host_python38/test_env_ingestion.py::EnvHarness::test_semantic_SENTINEL_POSTGRES_PASSWORD_2 PASSED [ 96%]
tests/host_python38/test_env_ingestion.py::EnvHarness::test_semantic_SENTINEL_POSTGRES_PASSWORD_3 PASSED [ 96%]
tests/host_python38/test_env_ingestion.py::EnvHarness::test_semantic_SENTINEL_POSTGRES_PASSWORD_4 PASSED [ 96%]
tests/host_python38/test_env_ingestion.py::EnvHarness::test_semantic_SENTINEL_POSTGRES_PASSWORD_5 PASSED [ 96%]
tests/host_python38/test_env_ingestion.py::EnvHarness::test_semantic_SENTINEL_POSTGRES_PASSWORD_6 PASSED [ 96%]
tests/host_python38/test_env_ingestion.py::EnvHarness::test_semantic_SENTINEL_PUBLICATION_RECEIPT_KEY_0 PASSED [ 97%]
tests/host_python38/test_env_ingestion.py::EnvHarness::test_semantic_SENTINEL_PUBLICATION_RECEIPT_KEY_1 PASSED [ 97%]
tests/host_python38/test_env_ingestion.py::EnvHarness::test_semantic_SHARADAR_API_KEY_0 PASSED [ 97%]
tests/host_python38/test_env_ingestion.py::EnvHarness::test_semantic_SHARADAR_API_KEY_1 PASSED [ 97%]
tests/host_python38/test_env_ingestion.py::EnvHarness::test_semantic_SHARADAR_API_KEY_2 PASSED [ 97%]
tests/host_python38/test_env_ingestion.py::EnvHarness::test_semantic_SHARADAR_API_KEY_3 PASSED [ 97%]
tests/host_python38/test_env_ingestion.py::EnvHarness::test_shadow_target_has_no_broker_prerequisite PASSED [ 97%]
tests/host_python38/test_env_ingestion.py::EnvHarness::test_shell_refuses_explicit_empty_receipt_before_bootstrap PASSED [ 97%]
tests/host_python38/test_env_ingestion.py::EnvHarness::test_short_read_chunks_are_joined PASSED [ 97%]
tests/host_python38/test_env_ingestion.py::EnvHarness::test_swap_to_symlink_between_stat_and_open_is_refused PASSED [ 97%]
tests/host_python38/test_env_ingestion.py::EnvHarness::test_valid_invalid_valid_retry_does_not_cache_state PASSED [ 98%]
tests/host_python38/test_env_ingestion.py::EnvHarness::test_validated_runtime_pointer_keeps_precedence_over_file_and_shell PASSED [ 98%]
tests/host_python38/test_env_ingestion.py::EnvHarness::test_webhook_bracketed_hosts_are_validated_independently_of_url_parser PASSED [ 98%]
tests/host_python38/test_env_ingestion.py::EnvHarness::test_webhook_refuses_before_launcher_side_effects PASSED [ 98%]
tests/host_python38/test_env_ingestion.py::EnvHarness::test_webhook_remains_optional_for_shadow_and_maintenance PASSED [ 98%]
tests/host_python38/test_env_ingestion.py::EnvHarness::test_webhook_url_valid_ports_and_ipv6_remain_literal PASSED [ 98%]
tests/host_python38/test_env_ingestion.py::EnvHarness::test_webhook_valid_file_and_process_reach_bootstrap PASSED [ 98%]
tests/host_python38/test_env_review_fixes.py::EnvReviewFixes::test_broker_deployment_callback_respects_alert_dispatcher_heartbeat PASSED [ 98%]
tests/host_python38/test_env_review_fixes.py::EnvReviewFixes::test_cross_field_runtime_invariants_refuse_before_install PASSED [ 98%]
tests/host_python38/test_env_review_fixes.py::EnvReviewFixes::test_every_typed_runtime_family_refuses_malformed_values PASSED [ 98%]
tests/host_python38/test_env_review_fixes.py::EnvReviewFixes::test_install_shadow_is_broker_free_but_dual_is_not PASSED [ 99%]
tests/host_python38/test_env_review_fixes.py::EnvReviewFixes::test_launcher_shadow_reaches_bootstrap_with_no_alpaca_variables PASSED [ 99%]
tests/host_python38/test_env_review_fixes.py::EnvReviewFixes::test_production_entry_routes_both_legacy_writers_through_safe_writer PASSED [ 99%]
tests/host_python38/test_env_review_fixes.py::EnvReviewFixes::test_safe_writer_preserves_secret_mode_and_unmanaged_values PASSED [ 99%]
tests/host_python38/test_env_review_fixes.py::EnvReviewFixes::test_safe_writer_refuses_concurrent_creation PASSED [ 99%]
tests/host_python38/test_env_review_fixes.py::EnvReviewFixes::test_safe_writer_refuses_concurrent_replacement_and_keeps_operator_edit PASSED [ 99%]
tests/host_python38/test_env_review_fixes.py::EnvReviewFixes::test_service_defaults_and_valid_partial_automation_overrides PASSED [ 99%]
tests/host_python38/test_env_review_fixes.py::EnvReviewFixes::test_shadow_overlay_config_and_integrity_never_require_broker_secrets PASSED [ 99%]
tests/host_python38/test_env_review_fixes.py::EnvReviewFixes::test_single_automation_override_refuses_conflict_with_service_default PASSED [ 99%]
tests/host_python38/test_env_review_fixes.py::EnvReviewFixes::test_valid_runtime_edge_spellings_survive_preflight PASSED [100%]

============================= 970 passed in 39.02s =============================
