FROZEN_VALIDATION_SOURCE_SHA256=1b4659e149a9b51ea7e4031e146a85da36a348f8461776f611000da67a61c8bd
tests/sentinel/test_action_lifecycle.py::test_v5_semantic_reearn_repairs_unchanged_accepted_legacy_split_economics[adrratiosplit-2.0-2.0-source_prices0-1.0-SPLIT_RESOLVED_NO_EVENT]
tests/sentinel/test_action_lifecycle.py::test_v5_semantic_reearn_repairs_unchanged_accepted_legacy_split_economics[split-4.0-0.25-source_prices1-4.0-SPLIT_CORROBORATED_DERIVED]
tests/sentinel/test_action_lifecycle.py::test_v5_reearns_a_legacy_nonunit_bar_with_no_action_or_disposition
tests/sentinel/test_action_lifecycle.py::TestPublishedActionReconciliation::test_real_daily_removal_repairs_ratio_before_resolution
tests/sentinel/test_action_lifecycle.py::TestPublishedActionReconciliation::test_repeated_corrective_ingest_is_idempotent
tests/sentinel/test_action_lifecycle.py::TestPublishedActionReconciliation::test_corrected_values_and_ordinary_actions_replace_only_their_keys
tests/sentinel/test_action_lifecycle.py::TestPublishedActionReconciliation::test_weekend_action_remains_mapped_to_effective_session
tests/sentinel/test_action_lifecycle.py::TestUnpublishedAndFailedCorrections::test_failed_candidate_keeps_old_action_ratio_and_blocker
tests/sentinel/test_action_lifecycle.py::TestUnpublishedAndFailedCorrections::test_failed_publication_cannot_activate_removal_repair_or_resolution
tests/sentinel/test_action_lifecycle.py::TestUnpublishedAndFailedCorrections::test_failed_actions_retry_cleanup_rolls_back_before_publication_commit
tests/sentinel/test_action_lifecycle.py::TestUnpublishedAndFailedCorrections::test_same_run_retry_is_immutable_and_idempotent
tests/sentinel/test_action_lifecycle.py::test_legacy_action_upgrade_retains_evidence_as_active_baseline
tests/sentinel/test_action_lifecycle.py::test_source_row_siblings_disappearance_restatement_and_dividends
tests/sentinel/test_action_lifecycle.py::test_multiple_public_buyers_are_provenance_not_delivered_securities
tests/sentinel/test_action_lifecycle.py::test_AL_consortium_and_delisting_rows_coalesce_to_one_terminal_event
tests/sentinel/test_action_lifecycle.py::test_economically_equivalent_terminal_siblings_apply_once_and_stay_audited
tests/sentinel/test_action_lifecycle.py::test_pr86_observation_schema_upgrade_is_idempotent_and_preserves_history
tests/sentinel/test_action_lifecycle.py::test_failed_13216_row_daily_candidate_is_retired_by_later_daily_retry
tests/sentinel/test_action_lifecycle.py::test_later_daily_retry_rewrites_failed_bar_spy_and_bil_owners
tests/sentinel/test_action_lifecycle.py::test_universe_retirement_never_deletes_unrewritten_economic_keys
tests/sentinel/test_action_lifecycle.py::test_feed_startup_durably_aborts_failed_pending_lifecycle
tests/sentinel/test_action_source_identity.py::test_identity_is_null_stable_numeric_semantic_and_content_complete
tests/sentinel/test_action_source_identity.py::test_xrn_shape_retains_siblings_and_deduplicates_exact_repeat
tests/sentinel/test_action_source_identity.py::test_ambiguous_splits_are_not_first_last_or_product
tests/sentinel/test_action_source_identity.py::test_exact_duplicate_split_is_one_source_row
tests/sentinel/test_action_source_identity.py::test_stock_split_wins_without_combining_adr_ratio_metadata
tests/sentinel/test_action_source_identity.py::test_stock_split_preserves_vendor_subunit_value_when_adr_ratio_is_noisy
tests/sentinel/test_action_source_identity.py::test_identical_adr_metadata_does_not_create_split_multiplicity
tests/sentinel/test_action_source_identity.py::test_adr_ratio_never_makes_a_stock_split_ambiguous[0.1-0.5]
tests/sentinel/test_action_source_identity.py::test_adr_ratio_never_makes_a_stock_split_ambiguous[0.9375-0.00666666666666667]
tests/sentinel/test_action_source_identity.py::test_adr_ratio_never_makes_a_stock_split_ambiguous[0.05-0.0066]
tests/sentinel/test_action_value_precision.py::test_active_actions_preserves_float_contract_and_exact_source_spelling
tests/sentinel/test_action_value_precision.py::test_active_actions_legacy_payload_falls_back_to_compatibility_value
tests/sentinel/test_actions_wiring.py::test_direct_1_for_30_multiplier_cannot_expand_shares
tests/sentinel/test_actions_wiring.py::TestTheCorpusCarriesTheAUTHORITATIVEValues::test_multiple_distinct_splits_fail_closed_with_certification_evidence
tests/sentinel/test_actions_wiring.py::TestTheCorpusCarriesTheAUTHORITATIVEValues::test_a_3_for_2_split_lands_as_1_point_5
tests/sentinel/test_actions_wiring.py::TestTheCorpusCarriesTheAUTHORITATIVEValues::test_a_cash_dividend_lands_EXACTLY
tests/sentinel/test_actions_wiring.py::TestTheCorpusCarriesTheAUTHORITATIVEValues::test_dividends_are_ZERO_on_every_other_session
tests/sentinel/test_actions_wiring.py::TestTheCorpusCarriesTheAUTHORITATIVEValues::test_TWO_distributions_on_one_ex_date_are_SUMMED
tests/sentinel/test_actions_wiring.py::TestTheCorpusCarriesTheAUTHORITATIVEValues::test_a_split_ratio_is_NOT_inverted
tests/sentinel/test_actions_wiring.py::TestTheCorpusCarriesTheAUTHORITATIVEValues::test_stock_split_is_direct_and_adr_ratio_metadata_is_ignored[JZ-1-for-30]
tests/sentinel/test_actions_wiring.py::TestTheCorpusCarriesTheAUTHORITATIVEValues::test_stock_split_is_direct_and_adr_ratio_metadata_is_ignored[LGHL-1-for-9]
tests/sentinel/test_actions_wiring.py::TestTheCorpusCarriesTheAUTHORITATIVEValues::test_stock_split_is_direct_and_adr_ratio_metadata_is_ignored[SLAI-1-for-7]
tests/sentinel/test_actions_wiring.py::TestTheCorpusCarriesTheAUTHORITATIVEValues::test_a_1_for_30_can_never_multiply_a_holding_by_30
tests/sentinel/test_actions_wiring.py::TestTheExDateIsSnappedForward::test_a_WEEKEND_ex_date_lands_on_the_next_session
tests/sentinel/test_actions_wiring.py::TestTheExDateIsSnappedForward::test_snapping_is_FORWARD_only
tests/sentinel/test_actions_wiring.py::TestDisagreementIsReported::test_reciprocal_price_evidence_is_a_disagreement
tests/sentinel/test_actions_wiring.py::TestDisagreementIsReported::test_a_material_disagreement_is_reported
tests/sentinel/test_actions_wiring.py::TestDisagreementIsReported::test_agreement_within_tolerance_is_silent
tests/sentinel/test_actions_wiring.py::TestDisagreementIsReported::test_a_split_ACTIONS_never_recorded_is_reported_TOO
tests/sentinel/test_actions_wiring.py::TestDisagreementIsReported::test_full_agreement_leaves_NOTHING_to_report
tests/sentinel/test_actions_wiring.py::TestDisagreementIsReported::test_the_derived_ratio_is_STILL_the_fallback
tests/sentinel/test_actions_wiring.py::TestDisagreementIsReported::test_neither_source_wins_an_unresolved_disagreement
tests/sentinel/test_actions_wiring.py::TestUnusableRows::test_a_dividend_with_no_amount_accrues_NOTHING
tests/sentinel/test_actions_wiring.py::TestUnusableRows::test_but_it_is_COUNTED
tests/sentinel/test_actions_wiring.py::TestTheInputOrderIsENFORCED::test_an_OUT_OF_ORDER_stream_is_REFUSED
tests/sentinel/test_actions_wiring.py::TestTheInputOrderIsENFORCED::test_an_ORDERED_stream_is_accepted
tests/sentinel/test_actions_wiring.py::TestTheInputOrderIsENFORCED::test_TIES_on_one_session_are_fine
tests/sentinel/test_actions_wiring.py::TestTheInputOrderIsENFORCED::test_the_INGEST_sorts_before_normalising
tests/sentinel/test_actions_wiring.py::TestTheInputOrderIsENFORCED::test_the_ordering_is_date_then_ticker
tests/sentinel/test_actions_wiring.py::TestTheDisagreementCheckSurvivesSNAPPING::test_THE_FALSIFIER_a_derived_1_48_against_a_stated_1_5
tests/sentinel/test_actions_wiring.py::TestTheDisagreementCheckSurvivesSNAPPING::test_a_LEGITIMATE_3_for_2_is_NOT_reported
tests/sentinel/test_actions_wiring.py::TestTheDisagreementCheckSurvivesSNAPPING::test_a_REAL_disagreement_is_still_reported
tests/sentinel/test_actions_wiring.py::TestTheDisagreementCheckSurvivesSNAPPING::test_the_unsnapped_ratio_is_RECORDED_by_the_normaliser
tests/sentinel/test_actions_wiring.py::TestTheDisagreementCheckSurvivesSNAPPING::test_the_unsnapped_helper_returns_None_on_unusable_input
tests/sentinel/test_actions_wiring.py::TestTheDisagreementCheckSurvivesSNAPPING::test_the_SNAPPED_value_is_unchanged_for_a_clean_2_for_1
tests/sentinel/test_actions_wiring.py::TestTheDisagreementCheckSurvivesSNAPPING::test_a_disagreement_reaches_the_ANOMALY_table_through_ingest
tests/sentinel/test_adapter_and_recovery_drill.py::TestAlpacaStatusMapping::test_every_certified_spelling_maps[new-ACKNOWLEDGED]
tests/sentinel/test_adapter_and_recovery_drill.py::TestAlpacaStatusMapping::test_every_certified_spelling_maps[accepted-ACKNOWLEDGED]
tests/sentinel/test_adapter_and_recovery_drill.py::TestAlpacaStatusMapping::test_every_certified_spelling_maps[partially_filled-PARTIALLY_FILLED]
tests/sentinel/test_adapter_and_recovery_drill.py::TestAlpacaStatusMapping::test_every_certified_spelling_maps[filled-FILLED]
tests/sentinel/test_adapter_and_recovery_drill.py::TestAlpacaStatusMapping::test_every_certified_spelling_maps[canceled-CANCELLED]
tests/sentinel/test_adapter_and_recovery_drill.py::TestAlpacaStatusMapping::test_every_certified_spelling_maps[expired-CANCELLED]
tests/sentinel/test_adapter_and_recovery_drill.py::TestAlpacaStatusMapping::test_every_certified_spelling_maps[pending_cancel-CANCEL_PENDING]
tests/sentinel/test_adapter_and_recovery_drill.py::TestAlpacaStatusMapping::test_every_certified_spelling_maps[rejected-REJECTED]
tests/sentinel/test_adapter_and_recovery_drill.py::TestAlpacaStatusMapping::test_an_UNKNOWN_status_RAISES_rather_than_defaulting
tests/sentinel/test_adapter_and_recovery_drill.py::TestAlpacaStatusMapping::test_the_mapping_lives_in_ONE_place
tests/sentinel/test_adapter_and_recovery_drill.py::TestAlpacaObservation::test_it_reads_orders_positions_orders_positions
tests/sentinel/test_adapter_and_recovery_drill.py::TestAlpacaObservation::test_a_consistent_read_is_COMPLETE
tests/sentinel/test_adapter_and_recovery_drill.py::TestAlpacaObservation::test_malformed_open_order_pages_never_look_complete[non-array]
tests/sentinel/test_adapter_and_recovery_drill.py::TestAlpacaObservation::test_malformed_open_order_pages_never_look_complete[non-object-row]
tests/sentinel/test_adapter_and_recovery_drill.py::TestAlpacaObservation::test_malformed_open_order_pages_never_look_complete[missing-id]
tests/sentinel/test_adapter_and_recovery_drill.py::TestAlpacaObservation::test_malformed_position_collections_never_look_flat[non-array]
tests/sentinel/test_adapter_and_recovery_drill.py::TestAlpacaObservation::test_malformed_position_collections_never_look_flat[non-object-row]
tests/sentinel/test_adapter_and_recovery_drill.py::TestAlpacaObservation::test_duplicate_order_id_across_cursor_pages_fails_closed
tests/sentinel/test_adapter_and_recovery_drill.py::TestAlpacaObservation::test_duplicate_permanent_position_identity_fails_closed
tests/sentinel/test_adapter_and_recovery_drill.py::TestAlpacaObservation::test_a_fill_between_the_reads_is_INCONSISTENT
tests/sentinel/test_adapter_and_recovery_drill.py::TestAlpacaObservation::test_partial_fill_with_lagging_positions_stays_amber_then_converges
tests/sentinel/test_adapter_and_recovery_drill.py::TestAlpacaObservation::test_hitting_the_page_cap_reports_TRUNCATED_not_COMPLETE
tests/sentinel/test_adapter_and_recovery_drill.py::TestAlpacaObservation::test_timestamp_ties_page_by_stable_order_id_without_skipping
tests/sentinel/test_adapter_and_recovery_drill.py::TestAlpacaObservation::test_closed_recovery_uses_only_id_cursor_and_keeps_floor_ties
tests/sentinel/test_adapter_and_recovery_drill.py::TestAlpacaObservation::test_large_pre_floor_terminal_archive_is_not_a_completeness_dependency
tests/sentinel/test_adapter_and_recovery_drill.py::TestAlpacaObservation::test_closed_recovery_cap_before_floor_is_TRUNCATED
tests/sentinel/test_adapter_and_recovery_drill.py::TestAlpacaObservation::test_closed_recovery_requires_aware_submission_times[None]
tests/sentinel/test_adapter_and_recovery_drill.py::TestAlpacaObservation::test_closed_recovery_requires_aware_submission_times[not-a-time]
tests/sentinel/test_adapter_and_recovery_drill.py::TestAlpacaObservation::test_closed_recovery_requires_aware_submission_times[2026-08-11T14:00:00]
tests/sentinel/test_adapter_and_recovery_drill.py::TestAlpacaObservation::test_closed_recovery_refuses_non_descending_submission_time
tests/sentinel/test_adapter_and_recovery_drill.py::TestAlpacaObservation::test_rows_newer_than_captured_upper_replay_next_run
tests/sentinel/test_adapter_and_recovery_drill.py::TestAlpacaObservation::test_future_processed_watermark_refuses_before_broker_read
tests/sentinel/test_adapter_and_recovery_drill.py::TestAlpacaObservation::test_more_than_10000_terminal_orders_do_not_truncate_open_truth
tests/sentinel/test_adapter_and_recovery_drill.py::TestAlpacaObservation::test_historical_orders_resolve_identity_at_submission_date
tests/sentinel/test_adapter_and_recovery_drill.py::TestAlpacaObservation::test_positions_carry_DECIMAL_quantities_from_the_wire_string
tests/sentinel/test_adapter_and_recovery_drill.py::TestAlpacaAccountSnapshot::test_account_payload_must_be_an_object
tests/sentinel/test_adapter_and_recovery_drill.py::TestAlpacaAccountSnapshot::test_cash_only_authorities_cross_as_decimal
tests/sentinel/test_adapter_and_recovery_drill.py::TestAlpacaAccountSnapshot::test_availability_flags_must_be_explicit_booleans[missing-trading]
tests/sentinel/test_adapter_and_recovery_drill.py::TestAlpacaAccountSnapshot::test_availability_flags_must_be_explicit_booleans[string-account]
tests/sentinel/test_adapter_and_recovery_drill.py::TestAlpacaAccountSnapshot::test_availability_flags_must_be_explicit_booleans[numeric-suspended]
tests/sentinel/test_adapter_and_recovery_drill.py::TestAlpacaInstrumentResolution::test_asset_payload_must_be_an_object
tests/sentinel/test_adapter_and_recovery_drill.py::TestAlpacaInstrumentResolution::test_a_desired_symbol_is_resolved_to_a_stable_asset_id
tests/sentinel/test_adapter_and_recovery_drill.py::TestAlpacaInstrumentResolution::test_a_symbol_mapping_to_another_security_is_refused
tests/sentinel/test_adapter_and_recovery_drill.py::TestAlpacaInstrumentResolution::test_an_unusable_or_unidentified_asset_is_refused[payload0]
tests/sentinel/test_adapter_and_recovery_drill.py::TestAlpacaInstrumentResolution::test_an_unusable_or_unidentified_asset_is_refused[payload1]
tests/sentinel/test_adapter_and_recovery_drill.py::TestAlpacaInstrumentResolution::test_an_unusable_or_unidentified_asset_is_refused[payload2]
tests/sentinel/test_adapter_and_recovery_drill.py::TestAlpacaSubmit::test_a_transport_exception_is_UNKNOWN_never_a_rejection
tests/sentinel/test_adapter_and_recovery_drill.py::TestAlpacaSubmit::test_a_5xx_is_UNKNOWN_because_the_broker_may_have_recorded_it
tests/sentinel/test_adapter_and_recovery_drill.py::TestAlpacaSubmit::test_an_undocumented_4xx_is_UNKNOWN_until_exact_lookup
tests/sentinel/test_adapter_and_recovery_drill.py::TestAlpacaSubmit::test_a_documented_order_refusal_is_REJECTED[403]
tests/sentinel/test_adapter_and_recovery_drill.py::TestAlpacaSubmit::test_a_documented_order_refusal_is_REJECTED[422]
tests/sentinel/test_adapter_and_recovery_drill.py::TestAlpacaSubmit::test_a_DUPLICATE_key_is_UNKNOWN_not_rejected
tests/sentinel/test_adapter_and_recovery_drill.py::TestAlpacaSubmit::test_the_client_key_is_sent_verbatim
tests/sentinel/test_adapter_and_recovery_drill.py::TestAlpacaSubmit::test_the_durable_asset_id_is_used_at_the_transport_boundary
tests/sentinel/test_adapter_and_recovery_drill.py::TestAlpacaCancel::test_an_accepted_cancel_is_ACKNOWLEDGED_not_CANCELLED
tests/sentinel/test_adapter_and_recovery_drill.py::TestAlpacaHasNoClosePosition::test_the_adapter_exposes_no_close_position
tests/sentinel/test_adapter_and_recovery_drill.py::TestAlpacaHasNoClosePosition::test_nor_a_cancel_all
tests/sentinel/test_adapter_and_recovery_drill.py::TestAlpacaHasNoClosePosition::test_capabilities_are_declared_CONSERVATIVELY
tests/sentinel/test_adapter_and_recovery_drill.py::TestAlpacaHasNoClosePosition::test_fractional_quantity_is_sent_as_an_exact_decimal_string
tests/sentinel/test_adapter_and_recovery_drill.py::TestAdapterCertification::test_alpaca_and_the_simulator_are_certified
tests/sentinel/test_adapter_and_recovery_drill.py::TestAdapterCertification::test_IBKR_is_refused_at_STARTUP_with_reasons
tests/sentinel/test_adapter_and_recovery_drill.py::TestAdapterCertification::test_an_UNLISTED_adapter_is_refused_too
tests/sentinel/test_adapter_and_recovery_drill.py::TestAdapterCertification::test_the_IBKR_adapter_is_GONE_not_merely_uncertified
tests/sentinel/test_adapter_and_recovery_drill.py::TestAdapterCertification::test_the_broker_factory_is_gone_too
tests/sentinel/test_adapter_and_recovery_drill.py::TestStaleBackupRestore::test_an_order_placed_after_the_backup_is_RECOVERED_not_duplicated
tests/sentinel/test_adapter_and_recovery_drill.py::TestStaleBackupRestore::test_the_restored_appliance_does_NOT_re_submit
tests/sentinel/test_adapter_and_recovery_drill.py::TestStaleBackupRestore::test_a_fill_that_happened_while_down_is_ATTRIBUTED_after_restore
tests/sentinel/test_adapter_and_recovery_drill.py::TestStaleBackupRestore::test_the_binding_SURVIVES_the_restore_so_the_account_is_still_known
tests/sentinel/test_adapter_and_recovery_drill.py::TestStaleBackupRestore::test_a_restore_onto_the_WRONG_account_refuses_everything
tests/sentinel/test_adapter_and_recovery_drill.py::TestStaleBackupRestore::test_a_takeover_reconciles_prior_epoch_terminal_and_inflight_rows
tests/sentinel/test_adapter_and_recovery_drill.py::TestCorruptBrokerEvidenceCannotLookComplete::test_a_WELL_FORMED_order_still_parses
tests/sentinel/test_adapter_and_recovery_drill.py::TestCorruptBrokerEvidenceCannotLookComplete::test_an_UNRECOGNISED_SIDE_refuses[None]
tests/sentinel/test_adapter_and_recovery_drill.py::TestCorruptBrokerEvidenceCannotLookComplete::test_an_UNRECOGNISED_SIDE_refuses[]
tests/sentinel/test_adapter_and_recovery_drill.py::TestCorruptBrokerEvidenceCannotLookComplete::test_an_UNRECOGNISED_SIDE_refuses[long]
tests/sentinel/test_adapter_and_recovery_drill.py::TestCorruptBrokerEvidenceCannotLookComplete::test_an_UNRECOGNISED_SIDE_refuses[b]
tests/sentinel/test_adapter_and_recovery_drill.py::TestCorruptBrokerEvidenceCannotLookComplete::test_an_UNRECOGNISED_SIDE_refuses[1]
tests/sentinel/test_adapter_and_recovery_drill.py::TestCorruptBrokerEvidenceCannotLookComplete::test_an_UNRECOGNISED_SIDE_refuses[sel]
tests/sentinel/test_adapter_and_recovery_drill.py::TestCorruptBrokerEvidenceCannotLookComplete::test_an_UNRECOGNISED_SIDE_refuses[buy sell]
tests/sentinel/test_adapter_and_recovery_drill.py::TestCorruptBrokerEvidenceCannotLookComplete::test_case_and_whitespace_are_still_ACCEPTED[buy-BUY]
tests/sentinel/test_adapter_and_recovery_drill.py::TestCorruptBrokerEvidenceCannotLookComplete::test_case_and_whitespace_are_still_ACCEPTED[sell-SELL]
tests/sentinel/test_adapter_and_recovery_drill.py::TestCorruptBrokerEvidenceCannotLookComplete::test_case_and_whitespace_are_still_ACCEPTED[BUY-BUY]
tests/sentinel/test_adapter_and_recovery_drill.py::TestCorruptBrokerEvidenceCannotLookComplete::test_case_and_whitespace_are_still_ACCEPTED[Sell-SELL]
tests/sentinel/test_adapter_and_recovery_drill.py::TestCorruptBrokerEvidenceCannotLookComplete::test_case_and_whitespace_are_still_ACCEPTED[BUY -BUY]
tests/sentinel/test_adapter_and_recovery_drill.py::TestCorruptBrokerEvidenceCannotLookComplete::test_case_and_whitespace_are_still_ACCEPTED[ sell-SELL]
tests/sentinel/test_adapter_and_recovery_drill.py::TestCorruptBrokerEvidenceCannotLookComplete::test_an_UNREADABLE_QUANTITY_refuses[None]
tests/sentinel/test_adapter_and_recovery_drill.py::TestCorruptBrokerEvidenceCannotLookComplete::test_an_UNREADABLE_QUANTITY_refuses[]
tests/sentinel/test_adapter_and_recovery_drill.py::TestCorruptBrokerEvidenceCannotLookComplete::test_an_UNREADABLE_QUANTITY_refuses[garbage]
tests/sentinel/test_adapter_and_recovery_drill.py::TestCorruptBrokerEvidenceCannotLookComplete::test_an_UNREADABLE_QUANTITY_refuses[NaN]
tests/sentinel/test_adapter_and_recovery_drill.py::TestCorruptBrokerEvidenceCannotLookComplete::test_an_UNREADABLE_QUANTITY_refuses[Infinity]
tests/sentinel/test_adapter_and_recovery_drill.py::TestCorruptBrokerEvidenceCannotLookComplete::test_an_UNREADABLE_QUANTITY_refuses[1.2.3]
tests/sentinel/test_adapter_and_recovery_drill.py::TestCorruptBrokerEvidenceCannotLookComplete::test_an_UNREADABLE_QUANTITY_refuses[-5]
tests/sentinel/test_adapter_and_recovery_drill.py::TestCorruptBrokerEvidenceCannotLookComplete::test_an_UNREADABLE_FILLED_QUANTITY_refuses[None]
tests/sentinel/test_adapter_and_recovery_drill.py::TestCorruptBrokerEvidenceCannotLookComplete::test_an_UNREADABLE_FILLED_QUANTITY_refuses[]
tests/sentinel/test_adapter_and_recovery_drill.py::TestCorruptBrokerEvidenceCannotLookComplete::test_an_UNREADABLE_FILLED_QUANTITY_refuses[garbage]
tests/sentinel/test_adapter_and_recovery_drill.py::TestCorruptBrokerEvidenceCannotLookComplete::test_an_UNREADABLE_FILLED_QUANTITY_refuses[-1]
tests/sentinel/test_adapter_and_recovery_drill.py::TestCorruptBrokerEvidenceCannotLookComplete::test_a_LEGITIMATE_zero_is_still_zero
tests/sentinel/test_adapter_and_recovery_drill.py::TestCorruptBrokerEvidenceCannotLookComplete::test_the_error_names_the_ORDER
tests/sentinel/test_adapter_and_recovery_drill.py::TestCorruptBrokerEvidenceCannotLookComplete::test_a_NEGATIVE_POSITION_is_read_faithfully_not_zeroed
tests/sentinel/test_adapter_and_recovery_drill.py::TestCorruptBrokerEvidenceCannotLookComplete::test_it_matches_the_UNKNOWN_STATUS_discipline
tests/sentinel/test_administrative_authority.py::test_base_signed_claims_keep_admin_and_execution_authority_disjoint
tests/sentinel/test_administrative_authority.py::test_admin_config_identity_names_all_concrete_broker_adapters
tests/sentinel/test_administrative_authority.py::test_admin_envelope_refuses_no_go_evidence_before_signing
tests/sentinel/test_administrative_authority.py::test_execution_certificate_installer_refuses_admin_only_envelope
tests/sentinel/test_administrative_authority.py::test_committed_disabled_root_refuses_admin_certificate_before_database
tests/sentinel/test_administrative_authority.py::test_fresh_check_surrounds_each_read_and_each_exact_mutation
tests/sentinel/test_administrative_authority.py::test_each_guard_check_uses_a_distinct_closed_database_view
tests/sentinel/test_administrative_authority.py::test_expiry_or_revocation_race_immediately_before_mutation_is_zero_call
tests/sentinel/test_administrative_authority.py::test_unobserved_cancel_and_nonexact_liquidation_are_zero_call
tests/sentinel/test_administrative_authority.py::test_account_mismatch_prevents_book_read_and_every_mutation
tests/sentinel/test_administrative_authority.py::test_inspection_grant_and_broker_native_close_are_structurally_read_only
tests/sentinel/test_administrative_authority.py::test_known_admin_wrapper_preserves_concrete_adapter_certification
tests/sentinel/test_administrative_authority.py::test_cli_authority_must_pass_before_broker_construction
tests/sentinel/test_administrative_authority.py::test_every_admin_broker_command_authorizes_before_construction
tests/sentinel/test_administrative_authority.py::test_final_binding_recheck_hook_runs_after_stable_observation
tests/sentinel/test_administrative_authority.py::test_adopt_rechecks_authority_before_epoch_mutation
tests/sentinel/test_administrative_authority.py::test_migration_rechecks_authority_before_ownership_binding
tests/sentinel/test_administrative_authority.py::test_cli_parser_keeps_admin_lifecycle_explicit_and_exact
tests/sentinel/test_administrative_authority.py::test_runbook_uses_only_digest_pinned_surface_for_admin_broker_access
tests/sentinel/test_administrative_authority.py::test_admin_certificate_lifecycle_restart_expiry_and_revocation
tests/sentinel/test_administrative_authority.py::test_admin_install_refuses_account_or_binding_mismatch
tests/sentinel/test_administrative_authority.py::test_durable_key_revocation_invalidates_admin_certificate
tests/sentinel/test_administrative_authority.py::test_globally_revoked_key_cannot_install_admin_certificate
tests/sentinel/test_adversarial_certification_tools.py::test_every_reviewed_mutant_has_one_source_anchor_and_one_test
tests/sentinel/test_adversarial_certification_tools.py::test_junit_errors_and_skips_can_never_be_reported_as_passes
tests/sentinel/test_adversarial_certification_tools.py::test_required_evidence_layers_name_real_test_surfaces
tests/sentinel/test_adversarial_certification_tools.py::test_safety_workflow_retains_junit_system_and_mutation_evidence
tests/sentinel/test_adversarial_scenario.py::TestTheWholeThingAtOnce::test_the_recovered_order_is_ours_not_a_stranger
tests/sentinel/test_adversarial_scenario.py::TestTheWholeThingAtOnce::test_the_split_is_visible_and_the_broker_shows_the_doubled_count
tests/sentinel/test_adversarial_scenario.py::TestTheWholeThingAtOnce::test_a_LOWER_exposure_plan_sells_and_NEVER_re_buys
tests/sentinel/test_adversarial_scenario.py::TestTheWholeThingAtOnce::test_the_journal_then_AGREES_with_the_broker
tests/sentinel/test_adversarial_scenario.py::TestTheWholeThingAtOnce::test_a_SECOND_restart_is_a_NO_OP
tests/sentinel/test_adversarial_scenario.py::TestTheWholeThingAtOnce::test_WITHOUT_the_corporate_action_lookup_it_would_have_stalled
tests/sentinel/test_alert_attempt_fencing.py::test_old_attempt_cannot_finish_successor_even_with_same_holder[success]
tests/sentinel/test_alert_attempt_fencing.py::test_old_attempt_cannot_finish_successor_even_with_same_holder[failure]
tests/sentinel/test_alert_attempt_fencing.py::test_health_incident_survives_leader_replacement
tests/sentinel/test_alert_supervisor.py::test_silent_socket_worker_is_killed_and_reaped
tests/sentinel/test_alert_supervisor.py::test_completed_iterations_renew_only_the_next_iteration_budget
tests/sentinel/test_alert_supervisor.py::test_dispatcher_restarts_after_stall_and_bounds_independent_report
tests/sentinel/test_alert_supervisor.py::test_public_alert_service_entry_uses_supervisor
tests/sentinel/test_alias_capture_warmup.py::test_source_clock_owns_both_seed_boundaries_across_utc_midnight[2026-09-14T23:59:59+00:00]
tests/sentinel/test_alias_capture_warmup.py::test_source_clock_owns_both_seed_boundaries_across_utc_midnight[2026-12-31T23:59:59+00:00]
tests/sentinel/test_alias_capture_warmup.py::test_source_clock_owns_both_seed_boundaries_across_utc_midnight[2026-09-14T20:00:00-07:00]
tests/sentinel/test_alias_capture_warmup.py::test_middle_collision_freezes_and_revalidates_every_capture_chunk[False]
tests/sentinel/test_alias_capture_warmup.py::test_middle_collision_freezes_and_revalidates_every_capture_chunk[True]
tests/sentinel/test_alias_capture_warmup.py::test_initial_warmup_and_restart_keep_native_series_and_unaffected_opening_book
tests/sentinel/test_alias_rejection_authority.py::test_two_native_labels_are_not_repaired_by_choosing_one_price
tests/sentinel/test_alias_rejection_authority.py::test_rejection_cannot_excuse_a_missing_native_price
tests/sentinel/test_alias_rejection_authority.py::test_native_economics_cannot_hide_behind_population_tolerance[None-open]
tests/sentinel/test_alias_rejection_authority.py::test_native_economics_cannot_hide_behind_population_tolerance[None-close]
tests/sentinel/test_alias_rejection_authority.py::test_native_economics_cannot_hide_behind_population_tolerance[None-closeunadj]
tests/sentinel/test_alias_rejection_authority.py::test_native_economics_cannot_hide_behind_population_tolerance[None-volume]
tests/sentinel/test_alias_rejection_authority.py::test_native_economics_cannot_hide_behind_population_tolerance[-1-open]
tests/sentinel/test_alias_rejection_authority.py::test_native_economics_cannot_hide_behind_population_tolerance[-1-close]
tests/sentinel/test_alias_rejection_authority.py::test_native_economics_cannot_hide_behind_population_tolerance[-1-closeunadj]
tests/sentinel/test_alias_rejection_authority.py::test_native_economics_cannot_hide_behind_population_tolerance[-1-volume]
tests/sentinel/test_alias_rejection_authority.py::test_native_economics_cannot_hide_behind_population_tolerance[NaN-open]
tests/sentinel/test_alias_rejection_authority.py::test_native_economics_cannot_hide_behind_population_tolerance[NaN-close]
tests/sentinel/test_alias_rejection_authority.py::test_native_economics_cannot_hide_behind_population_tolerance[NaN-closeunadj]
tests/sentinel/test_alias_rejection_authority.py::test_native_economics_cannot_hide_behind_population_tolerance[NaN-volume]
tests/sentinel/test_alias_rejection_authority.py::test_native_economics_cannot_hide_behind_population_tolerance[Infinity-open]
tests/sentinel/test_alias_rejection_authority.py::test_native_economics_cannot_hide_behind_population_tolerance[Infinity-close]
tests/sentinel/test_alias_rejection_authority.py::test_native_economics_cannot_hide_behind_population_tolerance[Infinity-closeunadj]
tests/sentinel/test_alias_rejection_authority.py::test_native_economics_cannot_hide_behind_population_tolerance[Infinity-volume]
tests/sentinel/test_alias_rejection_authority.py::test_corrected_source_requires_replay_and_empty_evidence_restores_native_identities
tests/sentinel/test_alias_rejection_authority.py::test_changed_claim_fingerprint_cannot_silently_reapply_old_rejection
tests/sentinel/test_alias_rejection_authority.py::test_mutation_paths_share_the_same_explicit_exclusion_and_keep_unknowns_refused
tests/sentinel/test_alias_rejection_authority.py::test_durable_witness_tampering_refuses_instead_of_changing_identity
tests/sentinel/test_alias_rejection_authority.py::test_new_daily_contradiction_requires_retained_replay_before_publication
tests/sentinel/test_alias_rejection_authority.py::test_daily_tolerance_cannot_replace_a_native_unit_with_its_unanchored_share[False]
tests/sentinel/test_alias_rejection_authority.py::test_daily_tolerance_cannot_replace_a_native_unit_with_its_unanchored_share[True]
tests/sentinel/test_alias_rejection_authority.py::test_publication_binds_the_exact_alias_evidence_proven_by_seed[None]
tests/sentinel/test_alias_rejection_authority.py::test_publication_binds_the_exact_alias_evidence_proven_by_seed[proof_hash]
tests/sentinel/test_alias_rejection_authority.py::test_publication_binds_the_exact_alias_evidence_proven_by_seed[caller_evidence]
tests/sentinel/test_alias_rejection_authority.py::test_publication_binds_the_exact_alias_evidence_proven_by_seed[missing_seed_proof]
tests/sentinel/test_alias_rejection_authority.py::test_publication_binds_the_exact_alias_evidence_proven_by_seed[missing_alias_hash]
tests/sentinel/test_alpaca_activity_sse_accounting.py::test_trade_event_is_fill_evidence_not_second_cash_flow
tests/sentinel/test_alpaca_boundary_overlay.py::test_runtime_exports_final_hardened_adapter
tests/sentinel/test_alpaca_boundary_overlay.py::test_strict_terminal_witness_is_scoped_to_alpaca_even_through_wrappers
tests/sentinel/test_alpaca_boundary_overlay.py::test_empty_order_class_is_accepted_and_post_targets_asset_id
tests/sentinel/test_alpaca_boundary_overlay.py::test_ticker_only_submit_is_refused_before_transport
tests/sentinel/test_alpaca_boundary_overlay.py::test_activity_sse_unknown_economic_type_fails_closed[25.00]
tests/sentinel/test_alpaca_boundary_overlay.py::test_activity_sse_unknown_economic_type_fails_closed[None]
tests/sentinel/test_alpaca_boundary_overlay.py::test_activity_sse_cash_type_without_amount_fails_closed
tests/sentinel/test_alpaca_boundary_overlay.py::test_activity_sse_never_interprets_non_usd_cash_as_usd[None]
tests/sentinel/test_alpaca_boundary_overlay.py::test_activity_sse_never_interprets_non_usd_cash_as_usd[EUR]
tests/sentinel/test_alpaca_boundary_overlay.py::test_activity_sse_accepts_only_executed_financial_state[None]
tests/sentinel/test_alpaca_boundary_overlay.py::test_activity_sse_accepts_only_executed_financial_state[pending]
tests/sentinel/test_alpaca_boundary_overlay.py::test_activity_sse_required_time_fields_never_fall_back[at-None-business time]
tests/sentinel/test_alpaca_boundary_overlay.py::test_activity_sse_required_time_fields_never_fall_back[at-2026-08-20T17:00:00Z-outside the requested]
tests/sentinel/test_alpaca_boundary_overlay.py::test_activity_sse_required_time_fields_never_fall_back[executed_at-None-execution time]
tests/sentinel/test_alpaca_boundary_overlay.py::test_activity_sse_required_time_fields_never_fall_back[settle_date-None-settle_date]
tests/sentinel/test_alpaca_boundary_overlay.py::test_activity_sse_required_time_fields_never_fall_back[settle_date-2026-08-19T17:00:00Z-settle_date]
tests/sentinel/test_alpaca_boundary_overlay.py::test_cash_journal_is_external_capital_not_strategy_income
tests/sentinel/test_alpaca_boundary_overlay.py::test_trade_activity_advances_cursor_without_double_counting_fill_cash
tests/sentinel/test_alpaca_boundary_overlay.py::test_securities_transfer_refuses_unweighted_external_value[JNLS-None]
tests/sentinel/test_alpaca_boundary_overlay.py::test_securities_transfer_refuses_unweighted_external_value[ACATS-None]
tests/sentinel/test_alpaca_boundary_overlay.py::test_securities_transfer_refuses_unweighted_external_value[FOPT-0]
tests/sentinel/test_alpaca_boundary_overlay.py::test_activity_sse_correction_never_becomes_an_extra_positive_cash_row
tests/sentinel/test_alpaca_boundary_overlay.py::test_activity_sse_loss_comment_is_not_complete_history
tests/sentinel/test_alpaca_boundary_overlay.py::test_activity_sse_resumes_by_event_cursor_through_bounded_upper_id
tests/sentinel/test_alpaca_boundary_overlay.py::test_activity_sse_discovers_late_publication_with_pre_binding_business_time
tests/sentinel/test_alpaca_boundary_overlay.py::test_activity_sse_retained_cursor_cannot_disappear_from_discovery
tests/sentinel/test_alpaca_boundary_overlay.py::test_native_fill_activity_ids_preserve_economic_multiplicity
tests/sentinel/test_alpaca_boundary_overlay.py::test_native_fill_activity_id_cannot_move_between_broker_orders
tests/sentinel/test_alpaca_boundary_overlay.py::test_terminal_fill_recovery_replays_full_sse_lifetime_for_backfills
tests/sentinel/test_alpaca_boundary_overlay.py::test_broker_asset_id_is_immutable_under_one_client_key
tests/sentinel/test_alpaca_boundary_overlay.py::test_account_and_asset_provenance_is_retained_with_observation
tests/sentinel/test_alpaca_boundary_overlay.py::test_observation_evidence_commits_once
tests/sentinel/test_alpaca_boundary_overlay.py::test_observation_evidence_failure_rolls_back_every_record
tests/sentinel/test_alpaca_boundary_overlay.py::test_historical_partial_observation_is_uncertifiable
tests/sentinel/test_alpaca_boundary_overlay.py::test_historical_observation_missing_provenance_is_uncertifiable
tests/sentinel/test_alpaca_boundary_overlay.py::test_historical_observation_identity_disagreement_is_uncertifiable
tests/sentinel/test_alpaca_boundary_overlay.py::test_historical_observation_economics_tamper_is_uncertifiable[path0-replacement0]
tests/sentinel/test_alpaca_boundary_overlay.py::test_historical_observation_economics_tamper_is_uncertifiable[path1-cancelled]
tests/sentinel/test_alpaca_boundary_overlay.py::test_historical_observation_economics_tamper_is_uncertifiable[path2-99]
tests/sentinel/test_alpaca_boundary_overlay.py::test_historical_observation_economics_tamper_is_uncertifiable[path3-1]
tests/sentinel/test_alpaca_boundary_overlay.py::test_historical_observation_economics_tamper_is_uncertifiable[path4-12.5]
tests/sentinel/test_alpaca_boundary_overlay.py::test_historical_observation_economics_tamper_is_uncertifiable[path5-99]
tests/sentinel/test_alpaca_boundary_overlay.py::test_historical_observation_economics_tamper_is_uncertifiable[path6-inconsistent]
tests/sentinel/test_alpaca_boundary_overlay.py::test_historical_observation_economics_tamper_is_uncertifiable[path7-2026-08-30T00:00:00+00:00]
tests/sentinel/test_alpaca_boundary_overlay.py::test_historical_observation_economics_tamper_is_uncertifiable[path8-2026-08-30T00:00:00+00:00]
tests/sentinel/test_alpaca_boundary_overlay.py::test_historical_observation_processed_session_tamper_is_uncertifiable
tests/sentinel/test_alpaca_boundary_overlay.py::test_historical_observation_malformed_canonical_evidence_is_distinct
tests/sentinel/test_alpaca_boundary_overlay.py::test_historical_observation_digest_gap_is_uncertifiable[None]
tests/sentinel/test_alpaca_boundary_overlay.py::test_historical_observation_digest_gap_is_uncertifiable[0000000000000000000000000000000000000000000000000000000000000000]
tests/sentinel/test_alpaca_boundary_overlay.py::test_historical_observation_missing_normalized_fields_is_uncertifiable
tests/sentinel/test_alpaca_boundary_overlay.py::test_naked_complete_observation_cannot_authenticate_corrupt_watermark
tests/sentinel/test_alpaca_boundary_overlay.py::test_watermark_cannot_advance_before_recovered_order_is_durable
tests/sentinel/test_alpaca_boundary_overlay.py::test_physical_db_incarnation_change_requires_takeover_before_rerisk
tests/sentinel/test_alpaca_certification_boundary.py::test_alpaca_certification_allowlist_is_closed_to_asset_id_submitters
tests/sentinel/test_alpaca_certification_boundary.py::test_ticker_addressed_alpaca_variants_cannot_claim_certification[original-ticker-submit]
tests/sentinel/test_alpaca_certification_boundary.py::test_ticker_addressed_alpaca_variants_cannot_claim_certification[hardened-ticker-submit]
tests/sentinel/test_alpaca_certification_boundary.py::test_every_certified_alpaca_variant_submits_by_stable_asset_id[financial-grade-asset-id-submit]
tests/sentinel/test_alpaca_certification_boundary.py::test_every_certified_alpaca_variant_submits_by_stable_asset_id[asset-id-overlay]
tests/sentinel/test_alpaca_certification_boundary.py::test_every_certified_alpaca_variant_refuses_missing_asset_id_before_transport[financial-grade-asset-id-submit]
tests/sentinel/test_alpaca_certification_boundary.py::test_every_certified_alpaca_variant_refuses_missing_asset_id_before_transport[asset-id-overlay]
tests/sentinel/test_alpaca_execution_entrypoint.py::test_public_execute_session_converges_after_fill[paper]
tests/sentinel/test_alpaca_execution_entrypoint.py::test_public_execute_session_converges_after_fill[live_cash]
tests/sentinel/test_alpaca_execution_entrypoint.py::test_public_execute_session_resolves_unknown_before_overlap[paper]
tests/sentinel/test_alpaca_execution_entrypoint.py::test_public_execute_session_resolves_unknown_before_overlap[live_cash]
tests/sentinel/test_alpaca_execution_entrypoint.py::test_public_execute_session_sells_before_buy_and_converges[paper]
tests/sentinel/test_alpaca_execution_entrypoint.py::test_public_execute_session_sells_before_buy_and_converges[live_cash]
tests/sentinel/test_alpaca_execution_entrypoint.py::test_zero_value_legacy_cursor_without_cash_row_is_accepted[paper-recent]
tests/sentinel/test_alpaca_execution_entrypoint.py::test_zero_value_legacy_cursor_without_cash_row_is_accepted[paper-older-than-overlap]
tests/sentinel/test_alpaca_execution_entrypoint.py::test_zero_value_legacy_cursor_without_cash_row_is_accepted[live_cash-recent]
tests/sentinel/test_alpaca_execution_entrypoint.py::test_zero_value_legacy_cursor_without_cash_row_is_accepted[live_cash-older-than-overlap]
tests/sentinel/test_alpaca_execution_entrypoint.py::test_cash_cursor_total_detects_nonlast_ledger_loss[paper]
tests/sentinel/test_alpaca_execution_entrypoint.py::test_cash_cursor_total_detects_nonlast_ledger_loss[live_cash]
tests/sentinel/test_alpaca_postclose_candidates.py::test_last_equity_candidate_maps_only_stable_t1_account_field
tests/sentinel/test_alpaca_postclose_candidates.py::test_last_equity_candidate_refuses_outside_unambiguous_t1_window[observed0-not mature]
tests/sentinel/test_alpaca_postclose_candidates.py::test_last_equity_candidate_refuses_outside_unambiguous_t1_window[observed1-no longer has]
tests/sentinel/test_alpaca_postclose_candidates.py::test_last_equity_candidate_refuses_half_day_and_in_bracket_revision
tests/sentinel/test_alpaca_postclose_candidates.py::test_activity_sse_candidate_is_only_a_repeated_bounded_snapshot
tests/sentinel/test_alpaca_postclose_candidates.py::test_candidate_snapshot_replay_refuses_changed_history[initial0-later0]
tests/sentinel/test_alpaca_postclose_candidates.py::test_candidate_snapshot_replay_refuses_changed_history[initial1-later1]
tests/sentinel/test_alpaca_postclose_candidates.py::test_candidate_snapshot_replay_refuses_changed_history[initial2-later2]
tests/sentinel/test_alpaca_postclose_candidates.py::test_empty_candidate_snapshot_never_claims_finality
tests/sentinel/test_alpaca_postclose_candidates.py::test_activity_sse_fill_candidate_refuses_correction_or_bust[changes0]
tests/sentinel/test_alpaca_postclose_candidates.py::test_activity_sse_fill_candidate_refuses_correction_or_bust[changes1]
tests/sentinel/test_alpaca_postclose_candidates.py::test_activity_sse_fill_candidate_refuses_identity_flip
tests/sentinel/test_alpaca_restart_day_fence.py::test_intraday_database_restart_fences_increases_for_that_session
tests/sentinel/test_alpaca_restart_day_fence.py::test_preopen_restart_does_not_extend_predecessor_day_orders
tests/sentinel/test_alpaca_restart_day_fence.py::test_prior_session_restart_is_harmless_for_current_rerisk
tests/sentinel/test_alpaca_restart_day_fence.py::test_known_non_session_remains_a_gateway_concern
tests/sentinel/test_alpaca_restart_day_fence.py::test_unexpected_calendar_failure_blocks_increases[failure0]
tests/sentinel/test_alpaca_restart_day_fence.py::test_unexpected_calendar_failure_blocks_increases[failure1]
tests/sentinel/test_alpaca_restart_day_fence.py::test_unexpected_calendar_failure_blocks_increases[failure2]
tests/sentinel/test_alpaca_restart_day_fence.py::test_timezone_failure_blocks_increases
tests/sentinel/test_alpaca_simulation_cash.py::test_deposit_withdrawal_fees_and_dividends_have_distinct_attribution[paper]
tests/sentinel/test_alpaca_simulation_cash.py::test_deposit_withdrawal_fees_and_dividends_have_distinct_attribution[live_cash]
tests/sentinel/test_alpaca_simulation_cash.py::test_cash_event_published_late_is_seen_by_event_cursor[paper]
tests/sentinel/test_alpaca_simulation_cash.py::test_cash_event_published_late_is_seen_by_event_cursor[live_cash]
tests/sentinel/test_alpaca_simulation_cash.py::test_trade_notional_is_not_booked_again_as_cash_flow[paper]
tests/sentinel/test_alpaca_simulation_cash.py::test_trade_notional_is_not_booked_again_as_cash_flow[live_cash]
tests/sentinel/test_alpaca_simulation_cash.py::test_malformed_or_nonfinal_cash_event_refuses_entire_batch[paper-account_id-other-account]
tests/sentinel/test_alpaca_simulation_cash.py::test_malformed_or_nonfinal_cash_event_refuses_entire_batch[paper-ref_id-]
tests/sentinel/test_alpaca_simulation_cash.py::test_malformed_or_nonfinal_cash_event_refuses_entire_batch[paper-event_id-]
tests/sentinel/test_alpaca_simulation_cash.py::test_malformed_or_nonfinal_cash_event_refuses_entire_batch[paper-currency-EUR]
tests/sentinel/test_alpaca_simulation_cash.py::test_malformed_or_nonfinal_cash_event_refuses_entire_batch[paper-currency-None]
tests/sentinel/test_alpaca_simulation_cash.py::test_malformed_or_nonfinal_cash_event_refuses_entire_batch[paper-status-pending]
tests/sentinel/test_alpaca_simulation_cash.py::test_malformed_or_nonfinal_cash_event_refuses_entire_batch[paper-status-None]
tests/sentinel/test_alpaca_simulation_cash.py::test_malformed_or_nonfinal_cash_event_refuses_entire_batch[paper-details-value7]
tests/sentinel/test_alpaca_simulation_cash.py::test_malformed_or_nonfinal_cash_event_refuses_entire_batch[paper-at-invalid]
tests/sentinel/test_alpaca_simulation_cash.py::test_malformed_or_nonfinal_cash_event_refuses_entire_batch[paper-at-2026-09-09T14:00:00]
tests/sentinel/test_alpaca_simulation_cash.py::test_malformed_or_nonfinal_cash_event_refuses_entire_batch[paper-executed_at-None]
tests/sentinel/test_alpaca_simulation_cash.py::test_malformed_or_nonfinal_cash_event_refuses_entire_batch[paper-settle_date-09/09/2026]
tests/sentinel/test_alpaca_simulation_cash.py::test_malformed_or_nonfinal_cash_event_refuses_entire_batch[paper-net_amount-NaN]
tests/sentinel/test_alpaca_simulation_cash.py::test_malformed_or_nonfinal_cash_event_refuses_entire_batch[paper-net_amount-Infinity]
tests/sentinel/test_alpaca_simulation_cash.py::test_malformed_or_nonfinal_cash_event_refuses_entire_batch[paper-net_amount-None]
tests/sentinel/test_alpaca_simulation_cash.py::test_malformed_or_nonfinal_cash_event_refuses_entire_batch[paper-activity_type-NEW_UNKNOWN_CASH_TYPE]
tests/sentinel/test_alpaca_simulation_cash.py::test_malformed_or_nonfinal_cash_event_refuses_entire_batch[live_cash-account_id-other-account]
tests/sentinel/test_alpaca_simulation_cash.py::test_malformed_or_nonfinal_cash_event_refuses_entire_batch[live_cash-ref_id-]
tests/sentinel/test_alpaca_simulation_cash.py::test_malformed_or_nonfinal_cash_event_refuses_entire_batch[live_cash-event_id-]
tests/sentinel/test_alpaca_simulation_cash.py::test_malformed_or_nonfinal_cash_event_refuses_entire_batch[live_cash-currency-EUR]
tests/sentinel/test_alpaca_simulation_cash.py::test_malformed_or_nonfinal_cash_event_refuses_entire_batch[live_cash-currency-None]
tests/sentinel/test_alpaca_simulation_cash.py::test_malformed_or_nonfinal_cash_event_refuses_entire_batch[live_cash-status-pending]
tests/sentinel/test_alpaca_simulation_cash.py::test_malformed_or_nonfinal_cash_event_refuses_entire_batch[live_cash-status-None]
tests/sentinel/test_alpaca_simulation_cash.py::test_malformed_or_nonfinal_cash_event_refuses_entire_batch[live_cash-details-value7]
tests/sentinel/test_alpaca_simulation_cash.py::test_malformed_or_nonfinal_cash_event_refuses_entire_batch[live_cash-at-invalid]
tests/sentinel/test_alpaca_simulation_cash.py::test_malformed_or_nonfinal_cash_event_refuses_entire_batch[live_cash-at-2026-09-09T14:00:00]
tests/sentinel/test_alpaca_simulation_cash.py::test_malformed_or_nonfinal_cash_event_refuses_entire_batch[live_cash-executed_at-None]
tests/sentinel/test_alpaca_simulation_cash.py::test_malformed_or_nonfinal_cash_event_refuses_entire_batch[live_cash-settle_date-09/09/2026]
tests/sentinel/test_alpaca_simulation_cash.py::test_malformed_or_nonfinal_cash_event_refuses_entire_batch[live_cash-net_amount-NaN]
tests/sentinel/test_alpaca_simulation_cash.py::test_malformed_or_nonfinal_cash_event_refuses_entire_batch[live_cash-net_amount-Infinity]
tests/sentinel/test_alpaca_simulation_cash.py::test_malformed_or_nonfinal_cash_event_refuses_entire_batch[live_cash-net_amount-None]
tests/sentinel/test_alpaca_simulation_cash.py::test_malformed_or_nonfinal_cash_event_refuses_entire_batch[live_cash-activity_type-NEW_UNKNOWN_CASH_TYPE]
tests/sentinel/test_alpaca_simulation_cash.py::test_missing_cash_amount_is_not_an_ignorable_event[paper-CSD]
tests/sentinel/test_alpaca_simulation_cash.py::test_missing_cash_amount_is_not_an_ignorable_event[paper-CSW]
tests/sentinel/test_alpaca_simulation_cash.py::test_missing_cash_amount_is_not_an_ignorable_event[paper-JNLC]
tests/sentinel/test_alpaca_simulation_cash.py::test_missing_cash_amount_is_not_an_ignorable_event[paper-JNL]
tests/sentinel/test_alpaca_simulation_cash.py::test_missing_cash_amount_is_not_an_ignorable_event[paper-DIV]
tests/sentinel/test_alpaca_simulation_cash.py::test_missing_cash_amount_is_not_an_ignorable_event[paper-FEE]
tests/sentinel/test_alpaca_simulation_cash.py::test_missing_cash_amount_is_not_an_ignorable_event[paper-INT]
tests/sentinel/test_alpaca_simulation_cash.py::test_missing_cash_amount_is_not_an_ignorable_event[live_cash-CSD]
tests/sentinel/test_alpaca_simulation_cash.py::test_missing_cash_amount_is_not_an_ignorable_event[live_cash-CSW]
tests/sentinel/test_alpaca_simulation_cash.py::test_missing_cash_amount_is_not_an_ignorable_event[live_cash-JNLC]
tests/sentinel/test_alpaca_simulation_cash.py::test_missing_cash_amount_is_not_an_ignorable_event[live_cash-JNL]
tests/sentinel/test_alpaca_simulation_cash.py::test_missing_cash_amount_is_not_an_ignorable_event[live_cash-DIV]
tests/sentinel/test_alpaca_simulation_cash.py::test_missing_cash_amount_is_not_an_ignorable_event[live_cash-FEE]
tests/sentinel/test_alpaca_simulation_cash.py::test_missing_cash_amount_is_not_an_ignorable_event[live_cash-INT]
tests/sentinel/test_alpaca_simulation_cash.py::test_securities_transfers_refuse_until_in_kind_valuation_exists[paper-ACATS]
tests/sentinel/test_alpaca_simulation_cash.py::test_securities_transfers_refuse_until_in_kind_valuation_exists[paper-FOPT]
tests/sentinel/test_alpaca_simulation_cash.py::test_securities_transfers_refuse_until_in_kind_valuation_exists[paper-JNLS]
tests/sentinel/test_alpaca_simulation_cash.py::test_securities_transfers_refuse_until_in_kind_valuation_exists[live_cash-ACATS]
tests/sentinel/test_alpaca_simulation_cash.py::test_securities_transfers_refuse_until_in_kind_valuation_exists[live_cash-FOPT]
tests/sentinel/test_alpaca_simulation_cash.py::test_securities_transfers_refuse_until_in_kind_valuation_exists[live_cash-JNLS]
tests/sentinel/test_alpaca_simulation_cash.py::test_corrupt_stream_identity_and_order_never_advance_cursor[paper-duplicate_event]
tests/sentinel/test_alpaca_simulation_cash.py::test_corrupt_stream_identity_and_order_never_advance_cursor[paper-duplicate_ref]
tests/sentinel/test_alpaca_simulation_cash.py::test_corrupt_stream_identity_and_order_never_advance_cursor[paper-reverse]
tests/sentinel/test_alpaca_simulation_cash.py::test_corrupt_stream_identity_and_order_never_advance_cursor[paper-missing_cursor]
tests/sentinel/test_alpaca_simulation_cash.py::test_corrupt_stream_identity_and_order_never_advance_cursor[live_cash-duplicate_event]
tests/sentinel/test_alpaca_simulation_cash.py::test_corrupt_stream_identity_and_order_never_advance_cursor[live_cash-duplicate_ref]
tests/sentinel/test_alpaca_simulation_cash.py::test_corrupt_stream_identity_and_order_never_advance_cursor[live_cash-reverse]
tests/sentinel/test_alpaca_simulation_cash.py::test_corrupt_stream_identity_and_order_never_advance_cursor[live_cash-missing_cursor]
tests/sentinel/test_alpaca_simulation_cash.py::test_corrections_and_busts_are_refused_by_cash_and_fill_consumers[paper-trade_correct]
tests/sentinel/test_alpaca_simulation_cash.py::test_corrections_and_busts_are_refused_by_cash_and_fill_consumers[paper-trade_bust]
tests/sentinel/test_alpaca_simulation_cash.py::test_corrections_and_busts_are_refused_by_cash_and_fill_consumers[live_cash-trade_correct]
tests/sentinel/test_alpaca_simulation_cash.py::test_corrections_and_busts_are_refused_by_cash_and_fill_consumers[live_cash-trade_bust]
tests/sentinel/test_alpaca_simulation_cash.py::test_late_fill_after_terminal_order_aged_out_is_discovered[paper]
tests/sentinel/test_alpaca_simulation_cash.py::test_late_fill_after_terminal_order_aged_out_is_discovered[live_cash]
tests/sentinel/test_alpaca_simulation_cash.py::test_candidate_capabilities_are_refused_at_real_guard_before_http[paper]
tests/sentinel/test_alpaca_simulation_cash.py::test_candidate_capabilities_are_refused_at_real_guard_before_http[live_cash]
tests/sentinel/test_alpaca_simulation_durability.py::test_native_cash_accumulation_matches_sql_and_survives_restart[paper-6]
tests/sentinel/test_alpaca_simulation_durability.py::test_native_cash_accumulation_matches_sql_and_survives_restart[paper-28]
tests/sentinel/test_alpaca_simulation_durability.py::test_native_cash_accumulation_matches_sql_and_survives_restart[live_cash-6]
tests/sentinel/test_alpaca_simulation_durability.py::test_native_cash_accumulation_matches_sql_and_survives_restart[live_cash-28]
tests/sentinel/test_alpaca_simulation_durability.py::test_external_capital_and_reported_pl_keep_small_internal_income[6]
tests/sentinel/test_alpaca_simulation_durability.py::test_external_capital_and_reported_pl_keep_small_internal_income[28]
tests/sentinel/test_alpaca_simulation_durability.py::test_nav_residual_just_outside_tolerance_stays_unexplained_after_restart
tests/sentinel/test_alpaca_simulation_durability.py::test_unknown_restart_reconciles_broker_fill_and_durable_cash_once[paper]
tests/sentinel/test_alpaca_simulation_durability.py::test_unknown_restart_reconciles_broker_fill_and_durable_cash_once[live_cash]
tests/sentinel/test_alpaca_simulation_durability.py::test_crash_after_broker_acceptance_before_journal_ack_is_recovered[paper]
tests/sentinel/test_alpaca_simulation_durability.py::test_crash_after_broker_acceptance_before_journal_ack_is_recovered[live_cash]
tests/sentinel/test_alpaca_simulation_durability.py::test_corrupt_exact_response_cannot_mutate_unknown_journal[paper]
tests/sentinel/test_alpaca_simulation_durability.py::test_corrupt_exact_response_cannot_mutate_unknown_journal[live_cash]
tests/sentinel/test_alpaca_simulation_durability.py::test_foreign_fill_is_reported_and_does_not_become_owned_history[paper]
tests/sentinel/test_alpaca_simulation_durability.py::test_foreign_fill_is_reported_and_does_not_become_owned_history[live_cash]
tests/sentinel/test_alpaca_simulation_durability.py::test_cash_replay_across_restart_deduplicates_and_excludes_external_capital[paper]
tests/sentinel/test_alpaca_simulation_durability.py::test_cash_replay_across_restart_deduplicates_and_excludes_external_capital[live_cash]
tests/sentinel/test_alpaca_simulation_durability.py::test_cash_correction_rolls_back_new_rows_and_preserves_cursor[paper-1000-1001]
tests/sentinel/test_alpaca_simulation_durability.py::test_cash_correction_rolls_back_new_rows_and_preserves_cursor[paper-1000-0]
tests/sentinel/test_alpaca_simulation_durability.py::test_cash_correction_rolls_back_new_rows_and_preserves_cursor[paper-0-1000]
tests/sentinel/test_alpaca_simulation_durability.py::test_cash_correction_rolls_back_new_rows_and_preserves_cursor[live_cash-1000-1001]
tests/sentinel/test_alpaca_simulation_durability.py::test_cash_correction_rolls_back_new_rows_and_preserves_cursor[live_cash-1000-0]
tests/sentinel/test_alpaca_simulation_durability.py::test_cash_correction_rolls_back_new_rows_and_preserves_cursor[live_cash-0-1000]
tests/sentinel/test_alpaca_simulation_durability.py::test_zero_cash_identity_survives_restart_without_inventing_return[paper]
tests/sentinel/test_alpaca_simulation_durability.py::test_zero_cash_identity_survives_restart_without_inventing_return[live_cash]
tests/sentinel/test_alpaca_simulation_durability.py::test_zero_cash_identity_cannot_change_classification_or_session[paper-activity_type-DIV]
tests/sentinel/test_alpaca_simulation_durability.py::test_zero_cash_identity_cannot_change_classification_or_session[paper-settle_date-2026-09-10]
tests/sentinel/test_alpaca_simulation_durability.py::test_zero_cash_identity_cannot_change_classification_or_session[live_cash-activity_type-DIV]
tests/sentinel/test_alpaca_simulation_durability.py::test_zero_cash_identity_cannot_change_classification_or_session[live_cash-settle_date-2026-09-10]
tests/sentinel/test_alpaca_simulation_durability.py::test_partial_cash_state_loss_refuses_recovery[paper-cursor]
tests/sentinel/test_alpaca_simulation_durability.py::test_partial_cash_state_loss_refuses_recovery[paper-ledger]
tests/sentinel/test_alpaca_simulation_durability.py::test_partial_cash_state_loss_refuses_recovery[live_cash-cursor]
tests/sentinel/test_alpaca_simulation_durability.py::test_partial_cash_state_loss_refuses_recovery[live_cash-ledger]
tests/sentinel/test_alpaca_simulation_durability.py::test_deposit_or_withdrawal_during_plan_is_not_implicit_resizing[paper-5000]
tests/sentinel/test_alpaca_simulation_durability.py::test_deposit_or_withdrawal_during_plan_is_not_implicit_resizing[paper--5000]
tests/sentinel/test_alpaca_simulation_durability.py::test_deposit_or_withdrawal_during_plan_is_not_implicit_resizing[live_cash-5000]
tests/sentinel/test_alpaca_simulation_durability.py::test_deposit_or_withdrawal_during_plan_is_not_implicit_resizing[live_cash--5000]
tests/sentinel/test_alpaca_simulation_durability.py::test_cash_cursor_never_rewinds_after_clock_rollback[paper]
tests/sentinel/test_alpaca_simulation_durability.py::test_cash_cursor_never_rewinds_after_clock_rollback[live_cash]
tests/sentinel/test_alpaca_simulation_harness.py::test_modeled_fill_capability_does_not_promote_production[paper]
tests/sentinel/test_alpaca_simulation_harness.py::test_modeled_fill_capability_does_not_promote_production[live_cash]
tests/sentinel/test_alpaca_simulation_harness.py::test_happy_buy_partial_fill_sell_and_adapter_restart[paper]
tests/sentinel/test_alpaca_simulation_harness.py::test_happy_buy_partial_fill_sell_and_adapter_restart[live_cash]
tests/sentinel/test_alpaca_simulation_harness.py::test_lost_post_is_unknown_and_same_key_retry_never_duplicates[paper-False]
tests/sentinel/test_alpaca_simulation_harness.py::test_lost_post_is_unknown_and_same_key_retry_never_duplicates[paper-True]
tests/sentinel/test_alpaca_simulation_harness.py::test_lost_post_is_unknown_and_same_key_retry_never_duplicates[live_cash-False]
tests/sentinel/test_alpaca_simulation_harness.py::test_lost_post_is_unknown_and_same_key_retry_never_duplicates[live_cash-True]
tests/sentinel/test_alpaca_simulation_harness.py::test_error_after_acceptance_never_erases_broker_order[paper-400]
tests/sentinel/test_alpaca_simulation_harness.py::test_error_after_acceptance_never_erases_broker_order[paper-404]
tests/sentinel/test_alpaca_simulation_harness.py::test_error_after_acceptance_never_erases_broker_order[paper-408]
tests/sentinel/test_alpaca_simulation_harness.py::test_error_after_acceptance_never_erases_broker_order[paper-409]
tests/sentinel/test_alpaca_simulation_harness.py::test_error_after_acceptance_never_erases_broker_order[paper-418]
tests/sentinel/test_alpaca_simulation_harness.py::test_error_after_acceptance_never_erases_broker_order[paper-429]
tests/sentinel/test_alpaca_simulation_harness.py::test_error_after_acceptance_never_erases_broker_order[paper-500]
tests/sentinel/test_alpaca_simulation_harness.py::test_error_after_acceptance_never_erases_broker_order[paper-502]
tests/sentinel/test_alpaca_simulation_harness.py::test_error_after_acceptance_never_erases_broker_order[paper-503]
tests/sentinel/test_alpaca_simulation_harness.py::test_error_after_acceptance_never_erases_broker_order[paper-504]
tests/sentinel/test_alpaca_simulation_harness.py::test_error_after_acceptance_never_erases_broker_order[live_cash-400]
tests/sentinel/test_alpaca_simulation_harness.py::test_error_after_acceptance_never_erases_broker_order[live_cash-404]
tests/sentinel/test_alpaca_simulation_harness.py::test_error_after_acceptance_never_erases_broker_order[live_cash-408]
tests/sentinel/test_alpaca_simulation_harness.py::test_error_after_acceptance_never_erases_broker_order[live_cash-409]
tests/sentinel/test_alpaca_simulation_harness.py::test_error_after_acceptance_never_erases_broker_order[live_cash-418]
tests/sentinel/test_alpaca_simulation_harness.py::test_error_after_acceptance_never_erases_broker_order[live_cash-429]
tests/sentinel/test_alpaca_simulation_harness.py::test_error_after_acceptance_never_erases_broker_order[live_cash-500]
tests/sentinel/test_alpaca_simulation_harness.py::test_error_after_acceptance_never_erases_broker_order[live_cash-502]
tests/sentinel/test_alpaca_simulation_harness.py::test_error_after_acceptance_never_erases_broker_order[live_cash-503]
tests/sentinel/test_alpaca_simulation_harness.py::test_error_after_acceptance_never_erases_broker_order[live_cash-504]
tests/sentinel/test_alpaca_simulation_harness.py::test_documented_broker_reject_requires_origin_witness[paper-403]
tests/sentinel/test_alpaca_simulation_harness.py::test_documented_broker_reject_requires_origin_witness[paper-422]
tests/sentinel/test_alpaca_simulation_harness.py::test_documented_broker_reject_requires_origin_witness[live_cash-403]
tests/sentinel/test_alpaca_simulation_harness.py::test_documented_broker_reject_requires_origin_witness[live_cash-422]
tests/sentinel/test_alpaca_simulation_harness.py::test_corrupt_post_body_preserves_unknown_and_positive_recovery[paper-]
tests/sentinel/test_alpaca_simulation_harness.py::test_corrupt_post_body_preserves_unknown_and_positive_recovery[paper-{]
tests/sentinel/test_alpaca_simulation_harness.py::test_corrupt_post_body_preserves_unknown_and_positive_recovery[paper-<html>gateway</html>]
tests/sentinel/test_alpaca_simulation_harness.py::test_corrupt_post_body_preserves_unknown_and_positive_recovery[paper-\xff\xfe]
tests/sentinel/test_alpaca_simulation_harness.py::test_corrupt_post_body_preserves_unknown_and_positive_recovery[live_cash-]
tests/sentinel/test_alpaca_simulation_harness.py::test_corrupt_post_body_preserves_unknown_and_positive_recovery[live_cash-{]
tests/sentinel/test_alpaca_simulation_harness.py::test_corrupt_post_body_preserves_unknown_and_positive_recovery[live_cash-<html>gateway</html>]
tests/sentinel/test_alpaca_simulation_harness.py::test_corrupt_post_body_preserves_unknown_and_positive_recovery[live_cash-\xff\xfe]
tests/sentinel/test_alpaca_simulation_harness.py::test_cancel_acknowledgement_and_fill_races_use_observed_lifecycle[paper-ignore]
tests/sentinel/test_alpaca_simulation_harness.py::test_cancel_acknowledgement_and_fill_races_use_observed_lifecycle[paper-confirm]
tests/sentinel/test_alpaca_simulation_harness.py::test_cancel_acknowledgement_and_fill_races_use_observed_lifecycle[paper-fill]
tests/sentinel/test_alpaca_simulation_harness.py::test_cancel_acknowledgement_and_fill_races_use_observed_lifecycle[live_cash-ignore]
tests/sentinel/test_alpaca_simulation_harness.py::test_cancel_acknowledgement_and_fill_races_use_observed_lifecycle[live_cash-confirm]
tests/sentinel/test_alpaca_simulation_harness.py::test_cancel_acknowledgement_and_fill_races_use_observed_lifecycle[live_cash-fill]
tests/sentinel/test_alpaca_simulation_harness.py::test_fill_between_order_and_position_reads_is_inconsistent_then_converges[paper]
tests/sentinel/test_alpaca_simulation_harness.py::test_fill_between_order_and_position_reads_is_inconsistent_then_converges[live_cash]
tests/sentinel/test_alpaca_simulation_harness.py::test_stale_position_endpoint_detects_cross_read_lag[paper]
tests/sentinel/test_alpaca_simulation_harness.py::test_stale_position_endpoint_detects_cross_read_lag[live_cash]
tests/sentinel/test_alpaca_simulation_harness.py::test_account_flip_at_each_observation_bracket_refuses[paper-1]
tests/sentinel/test_alpaca_simulation_harness.py::test_account_flip_at_each_observation_bracket_refuses[paper-2]
tests/sentinel/test_alpaca_simulation_harness.py::test_account_flip_at_each_observation_bracket_refuses[paper-3]
tests/sentinel/test_alpaca_simulation_harness.py::test_account_flip_at_each_observation_bracket_refuses[paper-4]
tests/sentinel/test_alpaca_simulation_harness.py::test_account_flip_at_each_observation_bracket_refuses[paper-5]
tests/sentinel/test_alpaca_simulation_harness.py::test_account_flip_at_each_observation_bracket_refuses[live_cash-1]
tests/sentinel/test_alpaca_simulation_harness.py::test_account_flip_at_each_observation_bracket_refuses[live_cash-2]
tests/sentinel/test_alpaca_simulation_harness.py::test_account_flip_at_each_observation_bracket_refuses[live_cash-3]
tests/sentinel/test_alpaca_simulation_harness.py::test_account_flip_at_each_observation_bracket_refuses[live_cash-4]
tests/sentinel/test_alpaca_simulation_harness.py::test_account_flip_at_each_observation_bracket_refuses[live_cash-5]
tests/sentinel/test_alpaca_simulation_harness.py::test_malformed_collection_or_account_never_becomes_empty_authority[paper-/v2/orders-payload0]
tests/sentinel/test_alpaca_simulation_harness.py::test_malformed_collection_or_account_never_becomes_empty_authority[paper-/v2/orders-payload1]
tests/sentinel/test_alpaca_simulation_harness.py::test_malformed_collection_or_account_never_becomes_empty_authority[paper-/v2/positions-payload2]
tests/sentinel/test_alpaca_simulation_harness.py::test_malformed_collection_or_account_never_becomes_empty_authority[paper-/v2/positions-payload3]
tests/sentinel/test_alpaca_simulation_harness.py::test_malformed_collection_or_account_never_becomes_empty_authority[paper-/v2/account-payload4]
tests/sentinel/test_alpaca_simulation_harness.py::test_malformed_collection_or_account_never_becomes_empty_authority[paper-/v2/account-payload5]
tests/sentinel/test_alpaca_simulation_harness.py::test_malformed_collection_or_account_never_becomes_empty_authority[live_cash-/v2/orders-payload0]
tests/sentinel/test_alpaca_simulation_harness.py::test_malformed_collection_or_account_never_becomes_empty_authority[live_cash-/v2/orders-payload1]
tests/sentinel/test_alpaca_simulation_harness.py::test_malformed_collection_or_account_never_becomes_empty_authority[live_cash-/v2/positions-payload2]
tests/sentinel/test_alpaca_simulation_harness.py::test_malformed_collection_or_account_never_becomes_empty_authority[live_cash-/v2/positions-payload3]
tests/sentinel/test_alpaca_simulation_harness.py::test_malformed_collection_or_account_never_becomes_empty_authority[live_cash-/v2/account-payload4]
tests/sentinel/test_alpaca_simulation_harness.py::test_malformed_collection_or_account_never_becomes_empty_authority[live_cash-/v2/account-payload5]
tests/sentinel/test_alpaca_simulation_harness.py::test_corrupted_money_and_flags_are_refused[paper-cash-NaN]
tests/sentinel/test_alpaca_simulation_harness.py::test_corrupted_money_and_flags_are_refused[paper-equity-Infinity]
tests/sentinel/test_alpaca_simulation_harness.py::test_corrupted_money_and_flags_are_refused[paper-buying_power--Infinity]
tests/sentinel/test_alpaca_simulation_harness.py::test_corrupted_money_and_flags_are_refused[paper-cash-None]
tests/sentinel/test_alpaca_simulation_harness.py::test_corrupted_money_and_flags_are_refused[paper-cash-1\x00.00]
tests/sentinel/test_alpaca_simulation_harness.py::test_corrupted_money_and_flags_are_refused[paper-cash-1,000]
tests/sentinel/test_alpaca_simulation_harness.py::test_corrupted_money_and_flags_are_refused[paper-trading_blocked-false]
tests/sentinel/test_alpaca_simulation_harness.py::test_corrupted_money_and_flags_are_refused[paper-account_blocked-0]
tests/sentinel/test_alpaca_simulation_harness.py::test_corrupted_money_and_flags_are_refused[paper-trade_suspended_by_user-None]
tests/sentinel/test_alpaca_simulation_harness.py::test_corrupted_money_and_flags_are_refused[paper-multiplier-garbage]
tests/sentinel/test_alpaca_simulation_harness.py::test_corrupted_money_and_flags_are_refused[live_cash-cash-NaN]
tests/sentinel/test_alpaca_simulation_harness.py::test_corrupted_money_and_flags_are_refused[live_cash-equity-Infinity]
tests/sentinel/test_alpaca_simulation_harness.py::test_corrupted_money_and_flags_are_refused[live_cash-buying_power--Infinity]
tests/sentinel/test_alpaca_simulation_harness.py::test_corrupted_money_and_flags_are_refused[live_cash-cash-None]
tests/sentinel/test_alpaca_simulation_harness.py::test_corrupted_money_and_flags_are_refused[live_cash-cash-1\x00.00]
tests/sentinel/test_alpaca_simulation_harness.py::test_corrupted_money_and_flags_are_refused[live_cash-cash-1,000]
tests/sentinel/test_alpaca_simulation_harness.py::test_corrupted_money_and_flags_are_refused[live_cash-trading_blocked-false]
tests/sentinel/test_alpaca_simulation_harness.py::test_corrupted_money_and_flags_are_refused[live_cash-account_blocked-0]
tests/sentinel/test_alpaca_simulation_harness.py::test_corrupted_money_and_flags_are_refused[live_cash-trade_suspended_by_user-None]
tests/sentinel/test_alpaca_simulation_harness.py::test_corrupted_money_and_flags_are_refused[live_cash-multiplier-garbage]
tests/sentinel/test_alpaca_simulation_harness.py::test_account_risk_and_settlement_gates_refuse[paper-change0]
tests/sentinel/test_alpaca_simulation_harness.py::test_account_risk_and_settlement_gates_refuse[paper-change1]
tests/sentinel/test_alpaca_simulation_harness.py::test_account_risk_and_settlement_gates_refuse[paper-change2]
tests/sentinel/test_alpaca_simulation_harness.py::test_account_risk_and_settlement_gates_refuse[paper-change3]
tests/sentinel/test_alpaca_simulation_harness.py::test_account_risk_and_settlement_gates_refuse[paper-change4]
tests/sentinel/test_alpaca_simulation_harness.py::test_account_risk_and_settlement_gates_refuse[paper-change5]
tests/sentinel/test_alpaca_simulation_harness.py::test_account_risk_and_settlement_gates_refuse[paper-change6]
tests/sentinel/test_alpaca_simulation_harness.py::test_account_risk_and_settlement_gates_refuse[paper-change7]
tests/sentinel/test_alpaca_simulation_harness.py::test_account_risk_and_settlement_gates_refuse[paper-change8]
tests/sentinel/test_alpaca_simulation_harness.py::test_account_risk_and_settlement_gates_refuse[paper-change9]
tests/sentinel/test_alpaca_simulation_harness.py::test_account_risk_and_settlement_gates_refuse[live_cash-change0]
tests/sentinel/test_alpaca_simulation_harness.py::test_account_risk_and_settlement_gates_refuse[live_cash-change1]
tests/sentinel/test_alpaca_simulation_harness.py::test_account_risk_and_settlement_gates_refuse[live_cash-change2]
tests/sentinel/test_alpaca_simulation_harness.py::test_account_risk_and_settlement_gates_refuse[live_cash-change3]
tests/sentinel/test_alpaca_simulation_harness.py::test_account_risk_and_settlement_gates_refuse[live_cash-change4]
tests/sentinel/test_alpaca_simulation_harness.py::test_account_risk_and_settlement_gates_refuse[live_cash-change5]
tests/sentinel/test_alpaca_simulation_harness.py::test_account_risk_and_settlement_gates_refuse[live_cash-change6]
tests/sentinel/test_alpaca_simulation_harness.py::test_account_risk_and_settlement_gates_refuse[live_cash-change7]
tests/sentinel/test_alpaca_simulation_harness.py::test_account_risk_and_settlement_gates_refuse[live_cash-change8]
tests/sentinel/test_alpaca_simulation_harness.py::test_account_risk_and_settlement_gates_refuse[live_cash-change9]
tests/sentinel/test_alpaca_simulation_harness.py::test_corrupt_order_payload_cannot_authorize_recovery[paper-qty-NaN]
tests/sentinel/test_alpaca_simulation_harness.py::test_corrupt_order_payload_cannot_authorize_recovery[paper-qty-0]
tests/sentinel/test_alpaca_simulation_harness.py::test_corrupt_order_payload_cannot_authorize_recovery[paper-filled_qty-11]
tests/sentinel/test_alpaca_simulation_harness.py::test_corrupt_order_payload_cannot_authorize_recovery[paper-filled_qty--1]
tests/sentinel/test_alpaca_simulation_harness.py::test_corrupt_order_payload_cannot_authorize_recovery[paper-filled_qty-Infinity]
tests/sentinel/test_alpaca_simulation_harness.py::test_corrupt_order_payload_cannot_authorize_recovery[paper-side-BUY_OR_SELL]
tests/sentinel/test_alpaca_simulation_harness.py::test_corrupt_order_payload_cannot_authorize_recovery[paper-status-new-vendor-status]
tests/sentinel/test_alpaca_simulation_harness.py::test_corrupt_order_payload_cannot_authorize_recovery[paper-id-]
tests/sentinel/test_alpaca_simulation_harness.py::test_corrupt_order_payload_cannot_authorize_recovery[live_cash-qty-NaN]
tests/sentinel/test_alpaca_simulation_harness.py::test_corrupt_order_payload_cannot_authorize_recovery[live_cash-qty-0]
tests/sentinel/test_alpaca_simulation_harness.py::test_corrupt_order_payload_cannot_authorize_recovery[live_cash-filled_qty-11]
tests/sentinel/test_alpaca_simulation_harness.py::test_corrupt_order_payload_cannot_authorize_recovery[live_cash-filled_qty--1]
tests/sentinel/test_alpaca_simulation_harness.py::test_corrupt_order_payload_cannot_authorize_recovery[live_cash-filled_qty-Infinity]
tests/sentinel/test_alpaca_simulation_harness.py::test_corrupt_order_payload_cannot_authorize_recovery[live_cash-side-BUY_OR_SELL]
tests/sentinel/test_alpaca_simulation_harness.py::test_corrupt_order_payload_cannot_authorize_recovery[live_cash-status-new-vendor-status]
tests/sentinel/test_alpaca_simulation_harness.py::test_corrupt_order_payload_cannot_authorize_recovery[live_cash-id-]
tests/sentinel/test_alpaca_simulation_harness.py::test_duplicate_position_identity_is_not_summed[paper]
tests/sentinel/test_alpaca_simulation_harness.py::test_duplicate_position_identity_is_not_summed[live_cash]
tests/sentinel/test_alpaca_simulation_harness.py::test_tied_order_timestamps_page_by_native_id_and_hit_cap[paper]
tests/sentinel/test_alpaca_simulation_harness.py::test_tied_order_timestamps_page_by_native_id_and_hit_cap[live_cash]
tests/sentinel/test_alpaca_simulation_harness.py::test_repeated_page_is_refused[paper]
tests/sentinel/test_alpaca_simulation_harness.py::test_repeated_page_is_refused[live_cash]
tests/sentinel/test_alpaca_simulation_harness.py::test_stable_asset_handle_is_used_at_post[paper]
tests/sentinel/test_alpaca_simulation_harness.py::test_stable_asset_handle_is_used_at_post[live_cash]
tests/sentinel/test_alpaca_simulation_harness.py::test_wrong_asset_on_exact_lookup_cannot_recover_unknown[paper]
tests/sentinel/test_alpaca_simulation_harness.py::test_wrong_asset_on_exact_lookup_cannot_recover_unknown[live_cash]
tests/sentinel/test_alpaca_simulation_harness.py::test_empty_successful_exact_lookup_is_corruption_not_absence[paper-payload0]
tests/sentinel/test_alpaca_simulation_harness.py::test_empty_successful_exact_lookup_is_corruption_not_absence[paper-payload1]
tests/sentinel/test_alpaca_simulation_harness.py::test_empty_successful_exact_lookup_is_corruption_not_absence[paper-False]
tests/sentinel/test_alpaca_simulation_harness.py::test_empty_successful_exact_lookup_is_corruption_not_absence[paper-0]
tests/sentinel/test_alpaca_simulation_harness.py::test_empty_successful_exact_lookup_is_corruption_not_absence[paper-]
tests/sentinel/test_alpaca_simulation_harness.py::test_empty_successful_exact_lookup_is_corruption_not_absence[paper-None]
tests/sentinel/test_alpaca_simulation_harness.py::test_empty_successful_exact_lookup_is_corruption_not_absence[live_cash-payload0]
tests/sentinel/test_alpaca_simulation_harness.py::test_empty_successful_exact_lookup_is_corruption_not_absence[live_cash-payload1]
tests/sentinel/test_alpaca_simulation_harness.py::test_empty_successful_exact_lookup_is_corruption_not_absence[live_cash-False]
tests/sentinel/test_alpaca_simulation_harness.py::test_empty_successful_exact_lookup_is_corruption_not_absence[live_cash-0]
tests/sentinel/test_alpaca_simulation_harness.py::test_empty_successful_exact_lookup_is_corruption_not_absence[live_cash-]
tests/sentinel/test_alpaca_simulation_harness.py::test_empty_successful_exact_lookup_is_corruption_not_absence[live_cash-None]
tests/sentinel/test_alpaca_simulation_harness.py::test_missing_asset_cannot_recover_a_durable_command[paper]
tests/sentinel/test_alpaca_simulation_harness.py::test_missing_asset_cannot_recover_a_durable_command[live_cash]
tests/sentinel/test_alpaca_simulation_harness.py::test_paper_and_live_cash_profiles_exercise_actual_economic_differences
tests/sentinel/test_alpaca_simulation_harness.py::test_live_cash_sale_proceeds_cannot_fund_buy_until_settlement
tests/sentinel/test_alpaca_simulation_harness.py::test_paper_replacement_requires_new_binding
tests/sentinel/test_alpaca_simulation_harness.py::test_actual_live_or_untrusted_endpoint_is_refused_before_transport[https://api.alpaca.markets]
tests/sentinel/test_alpaca_simulation_harness.py::test_actual_live_or_untrusted_endpoint_is_refused_before_transport[https://api.alpaca.markets/]
tests/sentinel/test_alpaca_simulation_harness.py::test_actual_live_or_untrusted_endpoint_is_refused_before_transport[http://paper-api.alpaca.markets]
tests/sentinel/test_alpaca_simulation_harness.py::test_actual_live_or_untrusted_endpoint_is_refused_before_transport[https://paper-api.alpaca.markets.example.com]
tests/sentinel/test_alpaca_simulation_harness.py::test_actual_live_or_untrusted_endpoint_is_refused_before_transport[https://user@paper-api.alpaca.markets]
tests/sentinel/test_alpaca_simulation_harness.py::test_simulation_does_not_promote_unaccepted_production_capabilities[paper]
tests/sentinel/test_alpaca_simulation_harness.py::test_simulation_does_not_promote_unaccepted_production_capabilities[live_cash]
tests/sentinel/test_alpaca_simulation_harness.py::test_seeded_partial_fill_outage_retry_campaign[paper-7]
tests/sentinel/test_alpaca_simulation_harness.py::test_seeded_partial_fill_outage_retry_campaign[paper-29]
tests/sentinel/test_alpaca_simulation_harness.py::test_seeded_partial_fill_outage_retry_campaign[paper-181]
tests/sentinel/test_alpaca_simulation_harness.py::test_seeded_partial_fill_outage_retry_campaign[paper-20260910]
tests/sentinel/test_alpaca_simulation_harness.py::test_seeded_partial_fill_outage_retry_campaign[live_cash-7]
tests/sentinel/test_alpaca_simulation_harness.py::test_seeded_partial_fill_outage_retry_campaign[live_cash-29]
tests/sentinel/test_alpaca_simulation_harness.py::test_seeded_partial_fill_outage_retry_campaign[live_cash-181]
tests/sentinel/test_alpaca_simulation_harness.py::test_seeded_partial_fill_outage_retry_campaign[live_cash-20260910]
tests/sentinel/test_alpaca_simulation_review_regressions.py::test_exact_404_cannot_cancel_order_present_in_complete_observation[paper]
tests/sentinel/test_alpaca_simulation_review_regressions.py::test_exact_404_cannot_cancel_order_present_in_complete_observation[live_cash]
tests/sentinel/test_alpaca_simulation_review_regressions.py::test_unknown_pending_cancel_recovery_preserves_terminal_race[paper-exact-positive-canceled]
tests/sentinel/test_alpaca_simulation_review_regressions.py::test_unknown_pending_cancel_recovery_preserves_terminal_race[paper-exact-positive-filled]
tests/sentinel/test_alpaca_simulation_review_regressions.py::test_unknown_pending_cancel_recovery_preserves_terminal_race[paper-exact-404-canceled]
tests/sentinel/test_alpaca_simulation_review_regressions.py::test_unknown_pending_cancel_recovery_preserves_terminal_race[paper-exact-404-filled]
tests/sentinel/test_alpaca_simulation_review_regressions.py::test_unknown_pending_cancel_recovery_preserves_terminal_race[live_cash-exact-positive-canceled]
tests/sentinel/test_alpaca_simulation_review_regressions.py::test_unknown_pending_cancel_recovery_preserves_terminal_race[live_cash-exact-positive-filled]
tests/sentinel/test_alpaca_simulation_review_regressions.py::test_unknown_pending_cancel_recovery_preserves_terminal_race[live_cash-exact-404-canceled]
tests/sentinel/test_alpaca_simulation_review_regressions.py::test_unknown_pending_cancel_recovery_preserves_terminal_race[live_cash-exact-404-filled]
tests/sentinel/test_alpaca_simulation_review_regressions.py::test_pending_buy_reduces_reported_buying_power[paper]
tests/sentinel/test_alpaca_simulation_review_regressions.py::test_pending_buy_reduces_reported_buying_power[live_cash]
tests/sentinel/test_alpaca_simulation_review_regressions.py::test_unfilled_day_order_expires_at_session_close[paper]
tests/sentinel/test_alpaca_simulation_review_regressions.py::test_unfilled_day_order_expires_at_session_close[live_cash]
tests/sentinel/test_alpaca_simulation_review_regressions.py::test_pytest_setup_errors_cannot_count_as_mutant_kill
tests/sentinel/test_alpaca_simulation_review_regressions.py::test_old_zero_cursor_replays_owned_interval[same-time-legacy-rest]
tests/sentinel/test_alpaca_simulation_review_regressions.py::test_old_zero_cursor_replays_owned_interval[same-time-sse]
tests/sentinel/test_alpaca_simulation_review_regressions.py::test_old_zero_cursor_replays_owned_interval[later-legacy-rest]
tests/sentinel/test_alpaca_simulation_review_regressions.py::test_old_zero_cursor_replays_owned_interval[later-sse]
tests/sentinel/test_alpaca_simulation_sessions.py::test_day_order_preserves_partial_fill_until_eligible_session_close[paper-summer]
tests/sentinel/test_alpaca_simulation_sessions.py::test_day_order_preserves_partial_fill_until_eligible_session_close[paper-winter]
tests/sentinel/test_alpaca_simulation_sessions.py::test_day_order_preserves_partial_fill_until_eligible_session_close[paper-early-close]
tests/sentinel/test_alpaca_simulation_sessions.py::test_day_order_preserves_partial_fill_until_eligible_session_close[paper-weekend-queue]
tests/sentinel/test_alpaca_simulation_sessions.py::test_day_order_preserves_partial_fill_until_eligible_session_close[paper-holiday-queue]
tests/sentinel/test_alpaca_simulation_sessions.py::test_day_order_preserves_partial_fill_until_eligible_session_close[paper-saturday-queue]
tests/sentinel/test_alpaca_simulation_sessions.py::test_day_order_preserves_partial_fill_until_eligible_session_close[paper-preopen-queue]
tests/sentinel/test_alpaca_simulation_sessions.py::test_day_order_preserves_partial_fill_until_eligible_session_close[live_cash-summer]
tests/sentinel/test_alpaca_simulation_sessions.py::test_day_order_preserves_partial_fill_until_eligible_session_close[live_cash-winter]
tests/sentinel/test_alpaca_simulation_sessions.py::test_day_order_preserves_partial_fill_until_eligible_session_close[live_cash-early-close]
tests/sentinel/test_alpaca_simulation_sessions.py::test_day_order_preserves_partial_fill_until_eligible_session_close[live_cash-weekend-queue]
tests/sentinel/test_alpaca_simulation_sessions.py::test_day_order_preserves_partial_fill_until_eligible_session_close[live_cash-holiday-queue]
tests/sentinel/test_alpaca_simulation_sessions.py::test_day_order_preserves_partial_fill_until_eligible_session_close[live_cash-saturday-queue]
tests/sentinel/test_alpaca_simulation_sessions.py::test_day_order_preserves_partial_fill_until_eligible_session_close[live_cash-preopen-queue]
tests/sentinel/test_alpaca_simulation_sessions.py::test_clock_names_actual_future_session_boundaries[paper-2026-09-14T13:29:59+00:00-False-2026-09-14T13:30:00+00:00-2026-09-14T20:00:00+00:00]
tests/sentinel/test_alpaca_simulation_sessions.py::test_clock_names_actual_future_session_boundaries[paper-2026-09-14T13:30:00+00:00-True-2026-09-15T13:30:00+00:00-2026-09-14T20:00:00+00:00]
tests/sentinel/test_alpaca_simulation_sessions.py::test_clock_names_actual_future_session_boundaries[paper-2026-09-14T19:59:59+00:00-True-2026-09-15T13:30:00+00:00-2026-09-14T20:00:00+00:00]
tests/sentinel/test_alpaca_simulation_sessions.py::test_clock_names_actual_future_session_boundaries[paper-2026-09-14T20:00:00+00:00-False-2026-09-15T13:30:00+00:00-2026-09-15T20:00:00+00:00]
tests/sentinel/test_alpaca_simulation_sessions.py::test_clock_names_actual_future_session_boundaries[paper-2026-11-02T14:29:59+00:00-False-2026-11-02T14:30:00+00:00-2026-11-02T21:00:00+00:00]
tests/sentinel/test_alpaca_simulation_sessions.py::test_clock_names_actual_future_session_boundaries[paper-2026-11-02T20:00:00+00:00-True-2026-11-03T14:30:00+00:00-2026-11-02T21:00:00+00:00]
tests/sentinel/test_alpaca_simulation_sessions.py::test_clock_names_actual_future_session_boundaries[paper-2026-11-02T21:00:00+00:00-False-2026-11-03T14:30:00+00:00-2026-11-03T21:00:00+00:00]
tests/sentinel/test_alpaca_simulation_sessions.py::test_clock_names_actual_future_session_boundaries[paper-2026-11-27T18:00:00+00:00-False-2026-11-30T14:30:00+00:00-2026-11-30T21:00:00+00:00]
tests/sentinel/test_alpaca_simulation_sessions.py::test_clock_names_actual_future_session_boundaries[paper-2026-09-11T20:00:01+00:00-False-2026-09-14T13:30:00+00:00-2026-09-14T20:00:00+00:00]
tests/sentinel/test_alpaca_simulation_sessions.py::test_clock_names_actual_future_session_boundaries[paper-2026-09-12T14:00:00+00:00-False-2026-09-14T13:30:00+00:00-2026-09-14T20:00:00+00:00]
tests/sentinel/test_alpaca_simulation_sessions.py::test_clock_names_actual_future_session_boundaries[paper-2026-11-26T14:00:00+00:00-False-2026-11-27T14:30:00+00:00-2026-11-27T18:00:00+00:00]
tests/sentinel/test_alpaca_simulation_sessions.py::test_clock_names_actual_future_session_boundaries[live_cash-2026-09-14T13:29:59+00:00-False-2026-09-14T13:30:00+00:00-2026-09-14T20:00:00+00:00]
tests/sentinel/test_alpaca_simulation_sessions.py::test_clock_names_actual_future_session_boundaries[live_cash-2026-09-14T13:30:00+00:00-True-2026-09-15T13:30:00+00:00-2026-09-14T20:00:00+00:00]
tests/sentinel/test_alpaca_simulation_sessions.py::test_clock_names_actual_future_session_boundaries[live_cash-2026-09-14T19:59:59+00:00-True-2026-09-15T13:30:00+00:00-2026-09-14T20:00:00+00:00]
tests/sentinel/test_alpaca_simulation_sessions.py::test_clock_names_actual_future_session_boundaries[live_cash-2026-09-14T20:00:00+00:00-False-2026-09-15T13:30:00+00:00-2026-09-15T20:00:00+00:00]
tests/sentinel/test_alpaca_simulation_sessions.py::test_clock_names_actual_future_session_boundaries[live_cash-2026-11-02T14:29:59+00:00-False-2026-11-02T14:30:00+00:00-2026-11-02T21:00:00+00:00]
tests/sentinel/test_alpaca_simulation_sessions.py::test_clock_names_actual_future_session_boundaries[live_cash-2026-11-02T20:00:00+00:00-True-2026-11-03T14:30:00+00:00-2026-11-02T21:00:00+00:00]
tests/sentinel/test_alpaca_simulation_sessions.py::test_clock_names_actual_future_session_boundaries[live_cash-2026-11-02T21:00:00+00:00-False-2026-11-03T14:30:00+00:00-2026-11-03T21:00:00+00:00]
tests/sentinel/test_alpaca_simulation_sessions.py::test_clock_names_actual_future_session_boundaries[live_cash-2026-11-27T18:00:00+00:00-False-2026-11-30T14:30:00+00:00-2026-11-30T21:00:00+00:00]
tests/sentinel/test_alpaca_simulation_sessions.py::test_clock_names_actual_future_session_boundaries[live_cash-2026-09-11T20:00:01+00:00-False-2026-09-14T13:30:00+00:00-2026-09-14T20:00:00+00:00]
tests/sentinel/test_alpaca_simulation_sessions.py::test_clock_names_actual_future_session_boundaries[live_cash-2026-09-12T14:00:00+00:00-False-2026-09-14T13:30:00+00:00-2026-09-14T20:00:00+00:00]
tests/sentinel/test_alpaca_simulation_sessions.py::test_clock_names_actual_future_session_boundaries[live_cash-2026-11-26T14:00:00+00:00-False-2026-11-27T14:30:00+00:00-2026-11-27T18:00:00+00:00]
tests/sentinel/test_alpaca_simulation_sessions.py::test_closed_session_fill_cannot_change_broker_economics[paper-2026-09-09T20:00:01+00:00]
tests/sentinel/test_alpaca_simulation_sessions.py::test_closed_session_fill_cannot_change_broker_economics[paper-2026-09-12T14:00:00+00:00]
tests/sentinel/test_alpaca_simulation_sessions.py::test_closed_session_fill_cannot_change_broker_economics[paper-2026-11-26T14:00:00+00:00]
tests/sentinel/test_alpaca_simulation_sessions.py::test_closed_session_fill_cannot_change_broker_economics[paper-2026-11-27T18:00:01+00:00]
tests/sentinel/test_alpaca_simulation_sessions.py::test_closed_session_fill_cannot_change_broker_economics[paper-2026-11-02T14:29:59+00:00]
tests/sentinel/test_alpaca_simulation_sessions.py::test_closed_session_fill_cannot_change_broker_economics[live_cash-2026-09-09T20:00:01+00:00]
tests/sentinel/test_alpaca_simulation_sessions.py::test_closed_session_fill_cannot_change_broker_economics[live_cash-2026-09-12T14:00:00+00:00]
tests/sentinel/test_alpaca_simulation_sessions.py::test_closed_session_fill_cannot_change_broker_economics[live_cash-2026-11-26T14:00:00+00:00]
tests/sentinel/test_alpaca_simulation_sessions.py::test_closed_session_fill_cannot_change_broker_economics[live_cash-2026-11-27T18:00:01+00:00]
tests/sentinel/test_alpaca_simulation_sessions.py::test_closed_session_fill_cannot_change_broker_economics[live_cash-2026-11-02T14:29:59+00:00]
tests/sentinel/test_alpaca_simulation_sessions.py::test_production_guard_refuses_closed_simulated_clock[paper-2026-09-09T20:00:01+00:00]
tests/sentinel/test_alpaca_simulation_sessions.py::test_production_guard_refuses_closed_simulated_clock[paper-2026-09-12T14:00:00+00:00]
tests/sentinel/test_alpaca_simulation_sessions.py::test_production_guard_refuses_closed_simulated_clock[paper-2026-11-26T14:00:00+00:00]
tests/sentinel/test_alpaca_simulation_sessions.py::test_production_guard_refuses_closed_simulated_clock[paper-2026-11-27T18:00:01+00:00]
tests/sentinel/test_alpaca_simulation_sessions.py::test_production_guard_refuses_closed_simulated_clock[paper-2026-11-02T14:29:59+00:00]
tests/sentinel/test_alpaca_simulation_sessions.py::test_production_guard_refuses_closed_simulated_clock[live_cash-2026-09-09T20:00:01+00:00]
tests/sentinel/test_alpaca_simulation_sessions.py::test_production_guard_refuses_closed_simulated_clock[live_cash-2026-09-12T14:00:00+00:00]
tests/sentinel/test_alpaca_simulation_sessions.py::test_production_guard_refuses_closed_simulated_clock[live_cash-2026-11-26T14:00:00+00:00]
tests/sentinel/test_alpaca_simulation_sessions.py::test_production_guard_refuses_closed_simulated_clock[live_cash-2026-11-27T18:00:01+00:00]
tests/sentinel/test_alpaca_simulation_sessions.py::test_production_guard_refuses_closed_simulated_clock[live_cash-2026-11-02T14:29:59+00:00]
tests/sentinel/test_alpaca_simulation_sessions.py::test_day_expiry_keeps_event_time_across_a_client_absence[paper]
tests/sentinel/test_alpaca_simulation_sessions.py::test_day_expiry_keeps_event_time_across_a_client_absence[live_cash]
tests/sentinel/test_alpaca_simulation_sessions.py::test_explicit_late_report_survives_session_gate[paper]
tests/sentinel/test_alpaca_simulation_sessions.py::test_explicit_late_report_survives_session_gate[live_cash]
tests/sentinel/test_anomaly_lifecycle.py::TestPublishedSupersession::test_disagreement_then_corroborated_retains_history
tests/sentinel/test_anomaly_lifecycle.py::TestPublishedSupersession::test_uncertain_then_authoritative_activates_only_authoritative[SPLIT_ONLY_DERIVED]
tests/sentinel/test_anomaly_lifecycle.py::TestPublishedSupersession::test_uncertain_then_authoritative_activates_only_authoritative[SEAM_SPLIT_UNCORROBORATED]
tests/sentinel/test_anomaly_lifecycle.py::TestPublishedSupersession::test_certification_never_combines_stale_and_current
tests/sentinel/test_anomaly_lifecycle.py::TestFailedCandidate::test_failed_correction_keeps_old_blocker_and_is_durably_aborted
tests/sentinel/test_anomaly_lifecycle.py::TestFailedCandidate::test_published_blocker_failed_correction_successful_retry_recovers
tests/sentinel/test_anomaly_lifecycle.py::TestFailedCandidate::test_running_candidate_blocks_until_durably_aborted
tests/sentinel/test_anomaly_lifecycle.py::TestFailedCandidate::test_failed_publication_rolls_back_lifecycle_activation
tests/sentinel/test_anomaly_lifecycle.py::TestFailedCandidate::test_successful_retry_supersedes_unresolved_publication_candidate
tests/sentinel/test_anomaly_lifecycle.py::TestFailedCandidate::test_crash_reclaim_then_retry_keeps_history_and_recovers
tests/sentinel/test_anomaly_lifecycle.py::TestFailedCandidate::test_repeated_identical_candidate_writes_are_idempotent
tests/sentinel/test_anomaly_lifecycle.py::TestFailedCandidate::test_repeated_identical_published_ingests_have_one_active_disposition
tests/sentinel/test_anomaly_lifecycle.py::TestFailedCandidate::test_reclaim_cannot_supersede_a_newer_publication
tests/sentinel/test_anomaly_lifecycle.py::TestExplicitResolvedDispositions::test_candidate_split_cleanup_obeys_writer_and_publication_authority[publish]
tests/sentinel/test_anomaly_lifecycle.py::TestExplicitResolvedDispositions::test_candidate_split_cleanup_obeys_writer_and_publication_authority[fail]
tests/sentinel/test_anomaly_lifecycle.py::TestExplicitResolvedDispositions::test_candidate_split_cleanup_obeys_writer_and_publication_authority[foreign]
tests/sentinel/test_anomaly_lifecycle.py::TestExplicitResolvedDispositions::test_corrected_unusable_dividend_emits_published_tombstone
tests/sentinel/test_anomaly_lifecycle.py::TestExplicitResolvedDispositions::test_bare_current_bar_is_not_a_no_split_proof
tests/sentinel/test_anomaly_lifecycle.py::TestExplicitResolvedDispositions::test_missing_current_sep_coverage_cannot_resolve_by_silence
tests/sentinel/test_anomaly_lifecycle.py::test_legacy_schema_upgrade_retains_ambiguous_evidence_fail_closed
tests/sentinel/test_anomaly_lifecycle.py::test_schema_upgrade_classifies_stamped_legacy_rows_deterministically
tests/sentinel/test_apge_terminal_seed_coverage.py::test_apge_reviewed_terminal_no_trade_session_is_accepted
tests/sentinel/test_apge_terminal_seed_coverage.py::test_apge_terminal_exception_is_bound_to_exact_tickers_last_session
tests/sentinel/test_authority_evidence.py::test_forward_review_is_digest_bound_and_no_clobber
tests/sentinel/test_authority_evidence.py::test_hand_authored_minimal_forward_pass_cannot_be_promoted
tests/sentinel/test_authority_evidence.py::test_resource_score_is_computed_and_tight_measurement_blocks
tests/sentinel/test_authority_evidence.py::test_publication_evidence_binds_exact_canonical_row_and_source
tests/sentinel/test_authority_evidence.py::test_publication_root_must_equal_certification_generation
tests/sentinel/test_authority_evidence.py::test_actual_producers_reach_issuer_decision_schemas_and_tamper_refuses
tests/sentinel/test_authority_evidence.py::test_external_certification_source_is_anchored_to_preserved_revision
tests/sentinel/test_authority_evidence.py::test_changed_terminal_coalescing_revision_cannot_produce_authority
tests/sentinel/test_authority_evidence.py::test_legacy_portable_baseline_row_cannot_be_promoted_to_go
tests/sentinel/test_authority_evidence.py::test_formal_test_summary_preserves_xfail_as_certification_debt
tests/sentinel/test_authority_evidence.py::test_formal_test_summary_refuses_digest_consistent_pytest_subset
tests/sentinel/test_authority_evidence.py::test_operator_authored_one_pass_text_is_not_test_evidence
tests/sentinel/test_authority_evidence.py::test_legacy_or_forged_formal_run_without_retained_logs_is_refused
tests/sentinel/test_authority_evidence.py::test_formal_run_reparses_retained_logs_instead_of_trusting_counts
tests/sentinel/test_authority_evidence.py::test_sparse_operator_authored_resource_pass_is_refused
tests/sentinel/test_authority_evidence.py::test_resource_report_with_forged_producer_digest_is_refused
tests/sentinel/test_authority_evidence.py::test_automation_compose_is_separate_and_digest_qualified
tests/sentinel/test_authority_evidence.py::test_copy_publishes_exact_bytes_once_and_refuses_overwrite
tests/sentinel/test_authority_evidence.py::test_file_publication_rolls_back_after_post_publish_fsync_failure
tests/sentinel/test_authority_evidence.py::test_file_publication_rolls_back_after_temporary_unlink_failure
tests/sentinel/test_authority_evidence.py::test_unlink_retry_recovers_from_two_transient_failures
tests/sentinel/test_authority_static_architecture.py::test_authority_package_has_one_static_owner_per_responsibility
tests/sentinel/test_authority_static_architecture.py::test_obsolete_unsigned_installer_and_private_proxy_are_gone
tests/sentinel/test_authority_static_architecture.py::test_lifecycle_commit_false_and_rollback_preserve_existing_boundary
tests/sentinel/test_authority_static_architecture.py::test_common_transition_lock_precedes_existing_row_lock_orders
tests/sentinel/test_automatic_share_units.py::test_paper_split_omission_defers_only_affected_buy
tests/sentinel/test_automatic_share_units.py::test_split_restriction_clears_without_acknowledgement
tests/sentinel/test_automatic_share_units.py::test_restricted_sale_does_not_fund_another_purchase
tests/sentinel/test_automatic_share_units.py::test_unrelated_reduction_runs_during_split_restriction
tests/sentinel/test_automatic_share_units.py::test_arbitrary_quantity_discrepancy_is_not_excused_by_split
tests/sentinel/test_automatic_share_units.py::test_non_scalar_target_defers_only_that_security
tests/sentinel/test_automatic_share_units.py::test_ordinary_book_does_not_need_negative_event_certificate
tests/sentinel/test_automatic_share_units.py::test_material_notice_cannot_excuse_unattributed_broker_position
tests/sentinel/test_automation_composition.py::test_real_callbacks_prepare_submit_restart_and_reconcile_once[acknowledged]
tests/sentinel/test_automation_composition.py::test_real_callbacks_prepare_submit_restart_and_reconcile_once[accepted-response-lost]
tests/sentinel/test_automation_composition.py::test_real_callbacks_prepare_submit_restart_and_reconcile_once[kill-before-open]
tests/sentinel/test_automation_composition.py::test_real_callbacks_prepare_submit_restart_and_reconcile_once[missing-preopen]
tests/sentinel/test_automation_deployment.py::test_automation_is_profile_gated_and_uses_immutable_runtime_image
tests/sentinel/test_automation_deployment.py::test_automation_health_is_select_only_and_policy_inert_is_healthy
tests/sentinel/test_automation_deployment.py::test_only_authority_profiles_receive_broker_and_artifact_authority
tests/sentinel/test_automation_deployment.py::test_single_runtime_carries_execution_capability_and_second_image_is_retired
tests/sentinel/test_automation_deployment.py::test_test_lens_inherits_single_runtime_without_transport_intent
tests/sentinel/test_automation_deployment.py::test_automation_package_cannot_import_migration_or_admin_surfaces
tests/sentinel/test_automation_deployment.py::test_ci_resolves_the_signed_automation_overlay_with_immutable_facts
tests/sentinel/test_automation_outbox.py::test_enqueue_is_idempotent_and_content_immutable
tests/sentinel/test_automation_outbox.py::test_alert_adapters_come_from_an_explicit_registry
tests/sentinel/test_automation_outbox.py::test_real_retry_transition_survives_live_notification_and_reconstruction[False]
tests/sentinel/test_automation_outbox.py::test_real_retry_transition_survives_live_notification_and_reconstruction[True]
tests/sentinel/test_automation_outbox.py::test_retry_backoff_dead_letter_and_ack_are_durable
tests/sentinel/test_automation_outbox.py::test_expired_delivery_claim_is_recovered_with_same_idempotency_key
tests/sentinel/test_automation_outbox.py::test_repeated_crash_after_claim_remains_recoverable
tests/sentinel/test_automation_outbox.py::test_concurrent_claimers_receive_distinct_alerts
tests/sentinel/test_automation_outbox.py::test_dispatch_operates_while_fresh_automation_is_killed
tests/sentinel/test_automation_outbox.py::test_dispatch_failure_is_committed_not_lost
tests/sentinel/test_automation_outbox.py::test_terminal_transport_failure_dead_letters_without_retry
tests/sentinel/test_automation_outbox.py::test_dispatcher_health_transitions_and_recovers_durably
tests/sentinel/test_automation_outbox.py::test_dispatcher_health_fails_on_stale_heartbeat_and_dead_letter
tests/sentinel/test_automation_p0_continuity.py::test_callback_deadline_is_process_supervised
tests/sentinel/test_automation_p0_continuity.py::test_callback_watch_resets_between_phases
tests/sentinel/test_automation_p0_continuity.py::test_instance_stall_is_bounded_by_lease_after_startup_grace
tests/sentinel/test_automation_p0_continuity.py::test_missing_initial_instance_is_fatal_after_startup_grace
tests/sentinel/test_automation_p0_continuity.py::test_compose_uses_strict_liveness_and_bounded_failover_budget
tests/sentinel/test_automation_p0_continuity.py::test_off_host_standby_requires_shared_database_and_same_fencing_runtime
tests/sentinel/test_automation_p0_continuity.py::test_secondary_worker_is_hot_passive_until_live_lease_expires
tests/sentinel/test_automation_p0_continuity.py::test_global_health_is_bound_to_current_lease_holder_not_latest_instance
tests/sentinel/test_automation_p1_continuity.py::test_unattended_alert_transport_requires_https
tests/sentinel/test_automation_p1_continuity.py::test_shadow_worker_exit_classes_are_distinct
tests/sentinel/test_automation_p1_continuity.py::test_primary_compose_supervises_shadow_and_externalizes_alerts
tests/sentinel/test_automation_p1_continuity.py::test_off_host_stack_contains_independent_silence_monitor
tests/sentinel/test_automation_p1_continuity.py::test_trading_worker_does_not_consume_its_own_alert_outbox
tests/sentinel/test_automation_p1_continuity.py::test_health_surfaces_unresolved_broker_outcomes_after_kill
tests/sentinel/test_automation_p1_continuity.py::test_alert_service_has_direct_database_scheduler_and_kill_uncertainty_paths
tests/sentinel/test_automation_p1_continuity.py::test_shadow_supervisor_health_is_not_relaxed_to_callback_deadline
tests/sentinel/test_automation_process_contracts.py::test_primary_and_standby_expose_identical_automation_config_inputs
tests/sentinel/test_automation_process_contracts.py::test_standby_takeover_preserves_nondefault_automation_fingerprint
tests/sentinel/test_automation_process_contracts.py::test_reviewed_child_exception_selection_covers_parent_process
tests/sentinel/test_automation_process_contracts.py::test_process_boundary_preserves_provider_retry_delay
tests/sentinel/test_automation_process_contracts.py::test_process_backed_callback_preserves_every_reviewed_exception_type[CallbackDeadlineExceeded]
tests/sentinel/test_automation_process_contracts.py::test_process_backed_callback_preserves_every_reviewed_exception_type[DataIntegrityFailure]
tests/sentinel/test_automation_process_contracts.py::test_process_backed_callback_preserves_every_reviewed_exception_type[HumanInterventionRequired]
tests/sentinel/test_automation_process_contracts.py::test_process_backed_callback_preserves_every_reviewed_exception_type[NonRetryableCallbackRefused]
tests/sentinel/test_automation_process_contracts.py::test_process_backed_callback_preserves_every_reviewed_exception_type[PermanentOperationalRefusal]
tests/sentinel/test_automation_process_contracts.py::test_process_backed_callback_preserves_every_reviewed_exception_type[SoftwareDefect]
tests/sentinel/test_automation_process_contracts.py::test_process_backed_callback_preserves_every_reviewed_exception_type[SourceDataPending]
tests/sentinel/test_automation_process_contracts.py::test_process_backed_callback_preserves_every_reviewed_exception_type[StaleLeaderRefused]
tests/sentinel/test_automation_process_contracts.py::test_process_backed_callback_preserves_every_reviewed_exception_type[TransientInfrastructureFailure]
tests/sentinel/test_automation_process_contracts.py::test_process_backed_callback_uses_most_specific_reviewed_base
tests/sentinel/test_automation_process_contracts.py::test_process_backed_callback_preserves_reviewed_failure_domain
tests/sentinel/test_automation_process_contracts.py::test_postgres_authority_sqlstates_are_permanent[28000]
tests/sentinel/test_automation_process_contracts.py::test_postgres_authority_sqlstates_are_permanent[28P01]
tests/sentinel/test_automation_process_contracts.py::test_postgres_authority_sqlstates_are_permanent[42501]
tests/sentinel/test_automation_process_contracts.py::test_postgres_connectivity_and_resource_sqlstates_remain_transient[]
tests/sentinel/test_automation_process_contracts.py::test_postgres_connectivity_and_resource_sqlstates_remain_transient[08006]
tests/sentinel/test_automation_process_contracts.py::test_postgres_connectivity_and_resource_sqlstates_remain_transient[40001]
tests/sentinel/test_automation_process_contracts.py::test_postgres_connectivity_and_resource_sqlstates_remain_transient[53300]
tests/sentinel/test_automation_process_contracts.py::test_postgres_connectivity_and_resource_sqlstates_remain_transient[55P03]
tests/sentinel/test_automation_process_contracts.py::test_postgres_connectivity_and_resource_sqlstates_remain_transient[57P01]
tests/sentinel/test_automation_process_contracts.py::test_postgres_connectivity_and_resource_sqlstates_remain_transient[57P02]
tests/sentinel/test_automation_process_contracts.py::test_postgres_connectivity_and_resource_sqlstates_remain_transient[57P03]
tests/sentinel/test_automation_runtime.py::test_conclusive_dispositions_require_clean_reconciliation[SUCCEEDED]
tests/sentinel/test_automation_runtime.py::test_conclusive_dispositions_require_clean_reconciliation[READY_TO_EXECUTE]
tests/sentinel/test_automation_runtime.py::test_conclusive_dispositions_require_clean_reconciliation[SUPERSEDED]
tests/sentinel/test_automation_runtime.py::test_transport_evidence_never_claims_clean_success
tests/sentinel/test_automation_runtime.py::test_production_composition_accepts_only_an_explicit_typed_alert_adapter
tests/sentinel/test_automation_runtime.py::test_successful_cycle_financial_certificate_waits_for_session_close
tests/sentinel/test_automation_runtime.py::test_terminal_financial_refusal_creates_a_critical_alert
tests/sentinel/test_automation_runtime.py::test_dual_refresh_never_races_the_shadow_publication_writer
tests/sentinel/test_automation_runtime.py::test_dual_prepare_bypasses_legacy_paper_catchup_lineage
tests/sentinel/test_automation_runtime.py::test_accepted_submit_needs_restart_reobservation_and_final_fill
tests/sentinel/test_automation_runtime.py::test_dual_raw_buy_ack_fill_recovery_converges_without_projection
tests/sentinel/test_automation_runtime.py::test_scoped_recovery_retries_and_expires_without_operator_latch
tests/sentinel/test_automation_runtime.py::test_dual_run_refuses_before_broker_construction_when_shadow_differs
tests/sentinel/test_automation_runtime.py::test_partial_recovery_requires_reobservation_not_success
tests/sentinel/test_automation_runtime.py::test_current_cycle_clean_read_still_requires_zero_share_delta
tests/sentinel/test_automation_runtime.py::test_split_projected_book_is_converged_during_recovery
tests/sentinel/test_automation_runtime.py::test_split_projected_book_is_converged_after_execute
tests/sentinel/test_automation_runtime.py::test_execute_refuses_clean_success_without_durable_projection
tests/sentinel/test_automation_runtime.py::test_execute_refuses_nonempty_raw_share_noop_without_projection
tests/sentinel/test_automation_runtime.py::test_execute_allows_empty_book_noop_without_projection
tests/sentinel/test_automation_runtime.py::test_recovery_refuses_corrupt_durable_projection
tests/sentinel/test_automation_runtime.py::test_adopted_old_generation_recovery_never_loads_stale_plan
tests/sentinel/test_automation_runtime.py::test_revocation_between_read_and_submit_latches_without_mutation
tests/sentinel/test_automation_runtime.py::test_true_broker_read_outage_remains_retryable_transport
tests/sentinel/test_automation_runtime.py::test_paper_refusal_class_controls_durable_latching[False]
tests/sentinel/test_automation_runtime.py::test_paper_refusal_class_controls_durable_latching[True]
tests/sentinel/test_automation_runtime.py::test_missing_preopen_units_return_stable_terminal_failure_code
tests/sentinel/test_automation_runtime.py::test_recovery_missing_preopen_units_keep_stable_failure_code
tests/sentinel/test_automation_runtime.py::test_old_generation_grant_is_read_only_recovery_only[transport]
tests/sentinel/test_automation_runtime.py::test_old_generation_grant_is_read_only_recovery_only[planless-preflight]
tests/sentinel/test_automation_runtime.py::test_old_generation_grant_is_read_only_recovery_only[stranded-planless-preflight]
tests/sentinel/test_automation_runtime.py::test_composition_requires_exact_signed_automation_authority
tests/sentinel/test_automation_runtime.py::test_idle_authority_failure_blocks_cycle_and_enqueues_alert
tests/sentinel/test_automation_runtime.py::test_idle_no_live_cycle_authority_failure_engages_durable_kill[False]
tests/sentinel/test_automation_runtime.py::test_idle_no_live_cycle_authority_failure_engages_durable_kill[True]
tests/sentinel/test_automation_runtime.py::test_control_poll_preserves_adopted_old_recovery_obligation
tests/sentinel/test_automation_runtime.py::test_preparation_and_recovery_grants_cannot_mutate_simulator
tests/sentinel/test_automation_runtime.py::test_after_close_clean_delta_is_superseded_not_late_submitted
tests/sentinel/test_automation_runtime.py::test_terminal_rejection_supersedes_old_intent_without_revision_loop
tests/sentinel/test_automation_runtime.py::test_newly_rejected_submit_requires_read_only_recovery
tests/sentinel/test_automation_runtime.py::test_blocked_unsettled_account_remains_readable_for_recovery
tests/sentinel/test_automation_runtime.py::test_service_reenters_executor_only_at_next_durable_boundary
tests/sentinel/test_automation_runtime.py::test_service_supersedes_adopted_old_generation_transport
tests/sentinel/test_automation_runtime.py::test_service_supersedes_clean_old_generation_planless_preflight
tests/sentinel/test_automation_safety_seams.py::test_callback_ipc_decoder_covers_every_authority_class
tests/sentinel/test_automation_safety_seams.py::test_background_callback_results_are_always_consumed
tests/sentinel/test_automation_safety_seams.py::test_blocking_sync_work_inside_async_callback_is_process_killed[sleep]
tests/sentinel/test_automation_safety_seams.py::test_blocking_sync_work_inside_async_callback_is_process_killed[postgres]
tests/sentinel/test_automation_safety_seams.py::test_blocking_sync_work_inside_async_callback_is_process_killed[vendor]
tests/sentinel/test_automation_safety_seams.py::test_cancelled_child_cannot_attempt_late_durable_write
tests/sentinel/test_automation_safety_seams.py::test_sigterm_ignoring_child_has_no_post_deadline_grace
tests/sentinel/test_automation_safety_seams.py::test_callback_descendant_is_reaped_before_outcome_progression[True]
tests/sentinel/test_automation_safety_seams.py::test_callback_descendant_is_reaped_before_outcome_progression[False]
tests/sentinel/test_automation_safety_seams.py::test_callback_dies_when_automation_worker_is_sigkilled
tests/sentinel/test_automation_safety_seams.py::test_actual_supervisor_spawn_reaps_complete_group_before_replacement
tests/sentinel/test_automation_safety_seams.py::test_supervisor_anchors_first_callback_poll_to_registered_start
tests/sentinel/test_automation_safety_seams.py::test_failure_after_callback_start_cleans_process
tests/sentinel/test_automation_safety_seams.py::test_failure_during_task_creation_cleans_process
tests/sentinel/test_automation_safety_seams.py::test_child_exception_short_name_cannot_spoof_reviewed_type
tests/sentinel/test_automation_safety_seams.py::test_heartbeat_connection_construction_failure_is_signaled
tests/sentinel/test_automation_safety_seams.py::test_heartbeat_close_failure_is_signaled
tests/sentinel/test_automation_safety_seams.py::test_factory_returning_after_callback_stop_cannot_renew
tests/sentinel/test_automation_safety_seams.py::test_unjoined_heartbeat_worker_is_terminal_supervisor_failure
tests/sentinel/test_automation_safety_seams.py::test_alpaca_label_cannot_spoof_composition_certification
tests/sentinel/test_automation_safety_seams.py::test_guarded_wrapper_subclass_cannot_mint_certification
tests/sentinel/test_automation_safety_seams.py::test_empty_account_snapshot_a_then_observation_b_is_refused
tests/sentinel/test_automation_safety_seams.py::test_exact_lookup_from_account_b_cannot_mutate_account_a[False]
tests/sentinel/test_automation_safety_seams.py::test_exact_lookup_from_account_b_cannot_mutate_account_a[True]
tests/sentinel/test_automation_safety_seams.py::test_capability_graph_separates_certified_and_inherited_methods
tests/sentinel/test_automation_safety_seams.py::test_dependency_failures_receive_reviewed_taxonomy[exc0-TransientInfrastructureFailure]
tests/sentinel/test_automation_safety_seams.py::test_dependency_failures_receive_reviewed_taxonomy[exc1-TransientInfrastructureFailure]
tests/sentinel/test_automation_safety_seams.py::test_dependency_failures_receive_reviewed_taxonomy[exc2-PermanentOperationalRefusal]
tests/sentinel/test_automation_safety_seams.py::test_dependency_failures_receive_reviewed_taxonomy[exc3-DataIntegrityFailure]
tests/sentinel/test_automation_safety_seams.py::test_dependency_failures_receive_reviewed_taxonomy[exc4-TransientInfrastructureFailure]
tests/sentinel/test_automation_safety_seams.py::test_dependency_failures_receive_reviewed_taxonomy[exc5-TransientInfrastructureFailure]
tests/sentinel/test_automation_safety_seams.py::test_dependency_failures_receive_reviewed_taxonomy[exc6-PermanentOperationalRefusal]
tests/sentinel/test_automation_safety_seams.py::test_dependency_failures_receive_reviewed_taxonomy[exc7-PermanentOperationalRefusal]
tests/sentinel/test_automation_safety_seams.py::test_dependency_failures_receive_reviewed_taxonomy[exc8-PermanentOperationalRefusal]
tests/sentinel/test_automation_safety_seams.py::test_dependency_failures_receive_reviewed_taxonomy[exc9-HumanInterventionRequired]
tests/sentinel/test_automation_safety_seams.py::test_dependency_failures_receive_reviewed_taxonomy[exc10-TransientInfrastructureFailure]
tests/sentinel/test_automation_safety_seams.py::test_dependency_failures_receive_reviewed_taxonomy[exc11-TransientInfrastructureFailure]
tests/sentinel/test_automation_safety_seams.py::test_dependency_failures_receive_reviewed_taxonomy[exc12-TransientInfrastructureFailure]
tests/sentinel/test_automation_safety_seams.py::test_unknown_dependency_exception_remains_software_defect_candidate
tests/sentinel/test_automation_safety_seams.py::test_dns_failures_receive_resolver_specific_taxonomy[-3-TransientInfrastructureFailure]
tests/sentinel/test_automation_safety_seams.py::test_dns_failures_receive_resolver_specific_taxonomy[-4-PermanentOperationalRefusal]
tests/sentinel/test_automation_safety_seams.py::test_dns_failures_receive_resolver_specific_taxonomy[-2-PermanentOperationalRefusal]
tests/sentinel/test_automation_safety_seams.py::test_dns_failures_receive_resolver_specific_taxonomy[-10-HumanInterventionRequired]
tests/sentinel/test_automation_safety_seams.py::test_dns_failures_receive_resolver_specific_taxonomy[-1-SoftwareDefect]
tests/sentinel/test_automation_safety_seams.py::test_dns_failures_receive_resolver_specific_taxonomy[-6-SoftwareDefect]
tests/sentinel/test_automation_safety_seams.py::test_dns_failures_receive_resolver_specific_taxonomy[-8-SoftwareDefect]
tests/sentinel/test_automation_safety_seams.py::test_dns_failures_receive_resolver_specific_taxonomy[-7-SoftwareDefect]
tests/sentinel/test_automation_safety_seams.py::test_eai_system_uses_underlying_system_errno
tests/sentinel/test_automation_safety_seams.py::test_refresh_connection_outage_is_transient_end_to_end
tests/sentinel/test_automation_schedule.py::test_dst_is_derived_from_each_actual_session
tests/sentinel/test_automation_schedule.py::test_holiday_is_not_weekday_arithmetic
tests/sentinel/test_automation_schedule.py::test_early_close_is_the_final_execution_boundary
tests/sentinel/test_automation_schedule.py::test_clock_resolution_and_wake_are_restart_deterministic
tests/sentinel/test_automation_schedule.py::test_schedule_rejects_an_execution_delay_past_the_close
tests/sentinel/test_automation_service.py::test_disabled_and_killed_ticks_make_zero_callback_calls
tests/sentinel/test_automation_service.py::test_changed_runtime_config_durably_kills_and_cannot_silently_resume
tests/sentinel/test_automation_service.py::test_prepare_restart_and_execution_use_durable_boundaries
tests/sentinel/test_automation_service.py::test_crash_after_preparing_commit_replays_canonical_prepare
tests/sentinel/test_automation_service.py::test_refresh_crash_restart_recognizes_existing_publication
tests/sentinel/test_automation_service.py::test_old_unresolved_execution_recovers_before_new_refresh
tests/sentinel/test_automation_service.py::test_unresolved_journal_preflight_blocks_publication
tests/sentinel/test_automation_service.py::test_stale_preflight_recovery_supersedes_planless_cycle
tests/sentinel/test_automation_service.py::test_generation_change_supersedes_clean_planless_preflight
tests/sentinel/test_automation_service.py::test_stale_pretransport_retry_terminalizes_and_next_obligation_runs[REFRESH]
tests/sentinel/test_automation_service.py::test_stale_pretransport_retry_terminalizes_and_next_obligation_runs[PREPARE]
tests/sentinel/test_automation_service.py::test_blocked_cycle_latches_across_later_sessions
tests/sentinel/test_automation_service.py::test_newest_cycle_supersedes_an_unexecuted_older_plan
tests/sentinel/test_automation_service.py::test_canonical_catchup_reports_historical_state_only_cycles
tests/sentinel/test_automation_service.py::test_authority_loss_inside_callback_rejects_stale_worker
tests/sentinel/test_automation_service.py::test_missing_control_singleton_refuses_instead_of_reseeding
tests/sentinel/test_automation_service.py::test_persistent_run_recomputes_boundaries_across_connections
tests/sentinel/test_automation_service.py::test_generation_change_supersedes_pretransport_cycle_without_execute
tests/sentinel/test_automation_service.py::test_generation_change_recovers_transport_read_only_under_current_fence
tests/sentinel/test_automation_service.py::test_nonretryable_recovery_refusal_latches_adopted_cycle_blocked
tests/sentinel/test_automation_service.py::test_malformed_callback_result_latches_integrity_block
tests/sentinel/test_automation_service.py::test_unknown_programming_error_latches_as_software_defect
tests/sentinel/test_automation_service.py::test_explicit_transient_failure_exhausts_phase_budget
tests/sentinel/test_automation_service.py::test_provider_retry_after_survives_durable_scheduling
tests/sentinel/test_automation_service.py::test_rebound_account_blocks_ambiguous_cycle_without_broker_callback
tests/sentinel/test_automation_service.py::test_transport_state_after_close_enters_recovery_not_execution[False]
tests/sentinel/test_automation_service.py::test_transport_state_after_close_enters_recovery_not_execution[True]
tests/sentinel/test_automation_service.py::test_current_executing_recovery_can_terminalize_superseded
tests/sentinel/test_automation_service.py::test_lease_token_takeover_recovers_execution_retry_before_close
tests/sentinel/test_automation_service.py::test_precreated_historical_cycles_mark_after_successful_prepare
tests/sentinel/test_automation_service.py::test_notify_distinguishes_explicit_kill_from_inert_schema
tests/sentinel/test_automation_service.py::test_missed_window_supersession_is_notifier_eligible
tests/sentinel/test_automation_store.py::test_fresh_schema_is_disabled_killed_and_unleased
tests/sentinel/test_automation_store.py::test_health_never_reports_revoked_cached_authority_as_ready
tests/sentinel/test_automation_store.py::test_schema_check_never_repairs_a_deleted_control_singleton
tests/sentinel/test_automation_store.py::test_concurrent_first_schema_seeds_one_inert_control_and_lease
tests/sentinel/test_automation_store.py::test_disabled_and_killed_states_refuse_leadership
tests/sentinel/test_automation_store.py::test_kill_release_is_one_exact_identity_confirmed_boundary
tests/sentinel/test_automation_store.py::test_postgres_time_lease_takeover_fences_the_old_worker
tests/sentinel/test_automation_store.py::test_concurrent_leader_acquisition_has_exactly_one_winner
tests/sentinel/test_automation_store.py::test_lease_takeover_refuses_while_execution_writer_lock_is_held
tests/sentinel/test_automation_store.py::test_emergency_kill_succeeds_while_execution_writer_lock_is_held
tests/sentinel/test_automation_store.py::test_cycle_identity_events_and_stale_fence_are_durable
tests/sentinel/test_automation_store.py::test_kill_generation_immediately_invalidates_old_permit
tests/sentinel/test_automation_store.py::test_config_mismatch_atomically_kills_clears_authority_and_fences_leader
tests/sentinel/test_automation_store.py::test_authority_verdict_is_fenced_and_cleared_on_generation_change
tests/sentinel/test_automation_store.py::test_historical_cycles_can_only_become_state_only_audit
tests/sentinel/test_automation_store.py::test_terminal_daily_cycle_satisfies_later_canonical_catchup_audit
tests/sentinel/test_automation_store.py::test_nonterminal_daily_cycle_cannot_be_recast_as_historical
tests/sentinel/test_automation_store.py::test_cross_generation_adoption_preserves_cycle_identity_and_audits_fence
tests/sentinel/test_automation_store.py::test_adoption_never_moves_pretransport_cycle_to_executable_state
tests/sentinel/test_automation_worker_source_recovery.py::test_worker_wait_restart_source_healing_and_transport[recover]
tests/sentinel/test_automation_worker_source_recovery.py::test_worker_wait_restart_source_healing_and_transport[expired]
tests/sentinel/test_automation_worker_source_recovery.py::test_worker_wait_restart_source_healing_and_transport[killed]
tests/sentinel/test_autonomous_deploy.py::test_shadow_attestation_uses_data_budget_not_process_health_budget
tests/sentinel/test_autonomous_deploy.py::test_real_config_allows_measured_formation_and_full_status_read
tests/sentinel/test_autonomous_deploy.py::test_shadow_read_cannot_authorize_after_data_deadline
tests/sentinel/test_autonomous_deploy.py::test_formation_wait_budget_is_bounded[29]
tests/sentinel/test_autonomous_deploy.py::test_formation_wait_budget_is_bounded[7201]
tests/sentinel/test_autonomous_deploy.py::test_formation_wait_budget_is_bounded[unbounded]
tests/sentinel/test_autonomous_deploy.py::test_dotenv_is_literal_and_does_not_truncate_hash_password
tests/sentinel/test_autonomous_deploy.py::test_update_dotenv_changes_only_named_deploy_facts
tests/sentinel/test_autonomous_deploy.py::test_runner_can_stream_progress_while_retaining_captured_output
tests/sentinel/test_autonomous_deploy.py::test_runner_streamed_failure_still_refuses_with_child_output
tests/sentinel/test_autonomous_deploy.py::test_streaming_deadline_covers_silent_partial_closed_and_inherited_pipe[False-import time; time.sleep(1.2)]
tests/sentinel/test_autonomous_deploy.py::test_streaming_deadline_covers_silent_partial_closed_and_inherited_pipe[False-import time; print('partial', end='', flush=True); time.sleep(1.2)]
tests/sentinel/test_autonomous_deploy.py::test_streaming_deadline_covers_silent_partial_closed_and_inherited_pipe[False-import os,time; os.close(1); os.close(2); time.sleep(1.2)]
tests/sentinel/test_autonomous_deploy.py::test_streaming_deadline_covers_silent_partial_closed_and_inherited_pipe[False-import os,time; child=os.fork(); time.sleep(1.2) if child==0 else None]
tests/sentinel/test_autonomous_deploy.py::test_streaming_deadline_covers_silent_partial_closed_and_inherited_pipe[True-import time; time.sleep(1.2)]
tests/sentinel/test_autonomous_deploy.py::test_streaming_deadline_covers_silent_partial_closed_and_inherited_pipe[True-import time; print('partial', end='', flush=True); time.sleep(1.2)]
tests/sentinel/test_autonomous_deploy.py::test_streaming_deadline_covers_silent_partial_closed_and_inherited_pipe[True-import os,time; os.close(1); os.close(2); time.sleep(1.2)]
tests/sentinel/test_autonomous_deploy.py::test_streaming_deadline_covers_silent_partial_closed_and_inherited_pipe[True-import os,time; child=os.fork(); time.sleep(1.2) if child==0 else None]
tests/sentinel/test_autonomous_deploy.py::test_stream_timeout_kills_descendant_before_its_late_side_effect
tests/sentinel/test_autonomous_deploy.py::test_full_deploy_suite_uses_live_streaming_without_weakening_skip_gate
tests/sentinel/test_autonomous_deploy.py::test_owned_binding_must_match_every_configured_identity
tests/sentinel/test_autonomous_deploy.py::test_unknown_and_unapproved_unbound_ownership_fail_closed
tests/sentinel/test_autonomous_deploy.py::test_final_health_requires_same_fence_and_advancing_heartbeat
tests/sentinel/test_autonomous_deploy.py::test_failure_boundary_fences_only_after_transition
tests/sentinel/test_autonomous_deploy.py::test_run_build_failure_does_not_enter_fail_close
tests/sentinel/test_autonomous_deploy.py::test_run_post_transition_install_failure_always_fail_closes
tests/sentinel/test_autonomous_deploy.py::test_reviewed_dual_starts_shadow_and_attests_before_paper_release
tests/sentinel/test_autonomous_deploy.py::test_broker_unavailable_is_operational_not_deployment_failure
tests/sentinel/test_autonomous_deploy.py::test_broker_trading_block_is_operational_not_deployment_failure
tests/sentinel/test_autonomous_deploy.py::test_broker_identity_contradiction_still_blocks_deployment
tests/sentinel/test_autonomous_deploy.py::test_durable_not_owned_and_noncurrent_authority_are_valid_fenced_install_states
tests/sentinel/test_autonomous_deploy.py::test_durable_owned_identity_contradiction_still_blocks_deployment
tests/sentinel/test_autonomous_deploy.py::test_unreadable_durable_authority_still_blocks_deployment
tests/sentinel/test_autonomous_deploy.py::test_deployer_contains_no_destructive_reseed_or_account_migration_command
tests/sentinel/test_autonomous_deploy.py::test_signer_is_network_disabled_and_private_key_is_read_only
tests/sentinel/test_autonomous_deploy.py::test_launcher_serializes_before_fast_forward_and_reexecs_after_update
tests/sentinel/test_autonomous_deploy.py::test_empty_issuer_keeps_original_confirmation_and_autonomous_alias
tests/sentinel/test_autonomous_deploy_bootstrap.py::test_repository_parser_accepts_registry_refs_and_rejects_local_tags
tests/sentinel/test_autonomous_deploy_bootstrap.py::test_existing_owned_status_fills_missing_identity_without_overriding_conflict
tests/sentinel/test_autonomous_deploy_bootstrap.py::test_unknown_or_not_owned_status_never_invents_binding
tests/sentinel/test_autonomous_deploy_bootstrap.py::test_signing_key_auto_discovery_is_bounded_to_documented_locations
tests/sentinel/test_autonomous_deploy_bootstrap.py::test_multiple_conventional_signing_keys_refuse_ambiguity
tests/sentinel/test_autonomous_deploy_bootstrap.py::test_safe_dotenv_preserves_mode_and_collapses_managed_duplicates
tests/sentinel/test_autonomous_deploy_bootstrap.py::test_backup_checks_and_restore_use_the_exact_created_backup
tests/sentinel/test_autonomous_deploy_bootstrap.py::test_promoted_runtime_becomes_the_ordinary_cli_image
tests/sentinel/test_autonomous_deploy_bootstrap.py::test_bootstrap_key_verifier_accepts_auto_only_after_active_root_proof
tests/sentinel/test_autonomous_deploy_bootstrap.py::test_bootstrap_does_not_persist_discovered_facts_before_final_pass
tests/sentinel/test_autonomous_deploy_driver.py::test_config_refuses_noncanonical_exposure_before_deployment[1.0]
tests/sentinel/test_autonomous_deploy_driver.py::test_config_refuses_noncanonical_exposure_before_deployment[0.0]
tests/sentinel/test_autonomous_deploy_driver.py::test_config_refuses_noncanonical_exposure_before_deployment[00]
tests/sentinel/test_autonomous_deploy_driver.py::test_config_refuses_noncanonical_exposure_before_deployment[.5]
tests/sentinel/test_autonomous_deploy_driver.py::test_config_refuses_noncanonical_exposure_before_deployment[0.500]
tests/sentinel/test_autonomous_deploy_driver.py::test_config_accepts_canonical_exposure[0]
tests/sentinel/test_autonomous_deploy_driver.py::test_config_accepts_canonical_exposure[1]
tests/sentinel/test_autonomous_deploy_driver.py::test_config_accepts_canonical_exposure[0.5]
tests/sentinel/test_autonomous_deploy_driver.py::test_config_accepts_canonical_exposure[0.0001]
tests/sentinel/test_autonomous_deploy_driver.py::test_config_accepts_canonical_exposure[0.999999999999999999]
tests/sentinel/test_autonomous_deploy_driver.py::test_data_wait_defaults_are_bounded_and_operator_overridable
tests/sentinel/test_autonomous_deploy_driver.py::test_vendor_probe_reuses_canonical_readiness_floor
tests/sentinel/test_autonomous_deploy_driver.py::test_freshness_wait_polls_vendor_then_ingests_once_and_continues
tests/sentinel/test_autonomous_deploy_driver.py::test_wait_recomputes_missing_sessions_if_another_close_occurs
tests/sentinel/test_autonomous_deploy_driver.py::test_freshness_wait_does_not_ingest_until_tickers_and_sep_are_ready
tests/sentinel/test_autonomous_deploy_driver.py::test_nonfreshness_readiness_gets_one_repair_ingest_then_refuses
tests/sentinel/test_autonomous_deploy_driver.py::test_vendor_ready_but_post_ingest_still_stale_is_hard_failure
tests/sentinel/test_autonomous_deploy_driver.py::test_non_vendor_freshness_failure_is_not_retryable
tests/sentinel/test_autonomous_deploy_driver.py::test_freshness_wait_timeout_refuses_and_retains_probe_state
tests/sentinel/test_autonomous_deploy_driver.py::test_waiting_for_data_refuses_if_automation_fence_is_lost
tests/sentinel/test_autonomous_deploy_driver.py::test_vendor_probe_is_read_only_and_filter_independent_for_tickers
tests/sentinel/test_autonomous_deploy_driver.py::test_pre_authority_recheck_returns_to_wait_if_a_session_closed
tests/sentinel/test_autonomous_deploy_driver.py::test_execution_generation_advances_past_abandoned_staged_certificate
tests/sentinel/test_autonomous_deploy_driver.py::test_admin_generation_uses_max_installed_and_confirms_active_predecessor
tests/sentinel/test_autonomous_deploy_driver.py::test_private_key_is_proved_before_transition_using_network_none
tests/sentinel/test_autonomous_deploy_driver.py::test_plan_reread_mismatch_refuses_before_automation_activation
tests/sentinel/test_autonomous_deploy_driver.py::test_optional_key_rotation_revokes_only_different_predecessor_after_rotation
tests/sentinel/test_autonomous_deploy_driver.py::test_launcher_entry_installs_guards_before_delegating_to_bootstrap[argv0-None]
tests/sentinel/test_autonomous_deploy_driver.py::test_launcher_entry_installs_guards_before_delegating_to_bootstrap[argv1-shadow]
tests/sentinel/test_autonomous_deploy_driver.py::test_launcher_entry_installs_guards_before_delegating_to_bootstrap[argv2-dual]
tests/sentinel/test_autonomous_deploy_driver.py::test_launcher_entry_installs_guards_before_delegating_to_bootstrap[argv3-paper]
tests/sentinel/test_autonomous_deploy_live_account.py::test_redeploy_preflight_allows_invested_cash_only_owned_account
tests/sentinel/test_autonomous_deploy_live_account.py::test_redeploy_preflight_refuses_margin_before_transition
tests/sentinel/test_autonomous_deploy_live_account.py::test_redeploy_preflight_still_refuses_wrong_account
tests/sentinel/test_autonomous_deploy_live_account.py::test_redeploy_preflight_still_refuses_broker_block
tests/sentinel/test_backup_bounded_reads.py::test_hash_sql_uses_checked_length_even_if_file_grows[budget]
tests/sentinel/test_backup_bounded_reads.py::test_hash_sql_uses_checked_length_even_if_file_grows[budget-extra-bytes]
tests/sentinel/test_backup_bounded_reads.py::test_short_or_missing_object_cannot_match_complete_digest
tests/sentinel/test_backup_bounded_reads.py::test_unchanged_chain_repeats_content_proof_with_real_sql
tests/sentinel/test_backup_bounded_reads.py::test_real_sql_changed_chain_is_retryable_and_never_cached[growth-before-read]
tests/sentinel/test_backup_bounded_reads.py::test_real_sql_changed_chain_is_retryable_and_never_cached[missing-before-read]
tests/sentinel/test_backup_bounded_reads.py::test_real_sql_changed_chain_is_retryable_and_never_cached[same-size-after-read]
tests/sentinel/test_backup_bounded_reads.py::test_same_metadata_cannot_reuse_old_content_authority
tests/sentinel/test_backup_contract.py::test_backup_overlay_archives_wal_to_an_operator_target
tests/sentinel/test_backup_contract.py::test_wal_archive_contract_requires_verified_atomic_durable_publication
tests/sentinel/test_backup_contract.py::test_wal_archive_success_and_identical_retry_are_idempotent
tests/sentinel/test_backup_contract.py::test_two_clusters_may_archive_same_wal_filename_without_collision
tests/sentinel/test_backup_contract.py::test_wal_archive_refuses_partial_or_mismatched_final_within_one_cluster
tests/sentinel/test_backup_contract.py::test_wal_archive_copy_failure_leaves_no_final_or_temporary
tests/sentinel/test_backup_contract.py::test_wal_archive_file_fsync_failure_leaves_no_final
tests/sentinel/test_backup_contract.py::test_base_backup_is_physical_streamed_and_verified_before_promotion
tests/sentinel/test_backup_contract.py::test_restore_drill_is_isolated_and_cleans_only_its_unique_objects
tests/sentinel/test_backup_contract.py::test_backup_status_enforces_cluster_identity_age_and_no_pruning
tests/sentinel/test_backup_contract.py::test_retired_in_trader_certification_refuses_before_any_mutation
tests/sentinel/test_backup_contract.py::test_backup_root_refuses_the_repository
tests/sentinel/test_backup_contract.py::test_backup_root_accepts_an_explicit_dedicated_target
tests/sentinel/test_backup_contract.py::test_backup_root_absent_or_unreadable_fails_closed_without_attestation
tests/sentinel/test_backup_contract.py::test_backup_root_readable_device_and_attestation_matrix
tests/sentinel/test_backup_contract.py::test_attestation_never_allows_a_path_inside_docker_root
tests/sentinel/test_backup_contract.py::test_base_backup_requires_post_base_marker_wal_before_metadata
tests/sentinel/test_backup_contract.py::test_supported_compose_wrapper_always_includes_backup_and_preserves_refusal
tests/sentinel/test_backup_manifest_bound.py::test_short_and_exact_limit_manifest_have_independent_wal_oracle[53]
tests/sentinel/test_backup_manifest_bound.py::test_short_and_exact_limit_manifest_have_independent_wal_oracle[8388608]
tests/sentinel/test_backup_manifest_bound.py::test_valid_json_prefix_at_limit_cannot_hide_extra_bytes
tests/sentinel/test_backup_manifest_bound.py::test_oversize_invalid_bytes_are_refused_before_decoder_or_parser
tests/sentinel/test_backup_manifest_bound.py::test_sparse_gigabyte_manifest_does_not_require_reading_it_all
tests/sentinel/test_backup_manifest_bound.py::test_in_budget_invalid_manifest_refuses_and_repair_succeeds[]
tests/sentinel/test_backup_manifest_bound.py::test_in_budget_invalid_manifest_refuses_and_repair_succeeds[{broken]
tests/sentinel/test_backup_manifest_bound.py::test_in_budget_invalid_manifest_refuses_and_repair_succeeds[\xff]
tests/sentinel/test_backup_manifest_bound.py::test_in_budget_invalid_manifest_refuses_and_repair_succeeds[{}]
tests/sentinel/test_backup_manifest_bound.py::test_binary_presence_probe_does_not_split_valid_utf8
tests/sentinel/test_backup_manifest_bound.py::test_growth_after_presence_probe_cannot_gain_range_authority
tests/sentinel/test_backup_manifest_bound.py::test_missing_manifest_remains_missing_media
tests/sentinel/test_backup_orchestration_hardening.py::test_backup_shell_contracts_are_syntax_valid
tests/sentinel/test_backup_orchestration_hardening.py::test_completed_backup_namespace_is_published_only_after_recovery_proof
tests/sentinel/test_backup_orchestration_hardening.py::test_hidden_staging_is_ignored_and_reaped_under_the_backup_lock
tests/sentinel/test_backup_orchestration_hardening.py::test_status_selects_newest_complete_backup_for_current_cluster_only
tests/sentinel/test_backup_orchestration_hardening.py::test_restore_binds_new_backup_to_system_id_namespace_and_keeps_legacy_read_only
tests/sentinel/test_backup_orchestration_hardening.py::test_base_backup_requires_target_bound_kernel_lock
tests/sentinel/test_backup_orchestration_hardening.py::test_base_backup_lock_serializes_two_processes_for_same_target
tests/sentinel/test_backup_orchestration_hardening.py::test_different_checkouts_derive_same_lock_from_same_target
tests/sentinel/test_backup_owner_contract.py::test_base_backup_uses_explicit_private_authority_split
tests/sentinel/test_backup_owner_contract.py::test_backup_preflight_proves_the_two_actual_filesystem_authorities
tests/sentinel/test_backup_owner_contract.py::test_private_base_backup_contents_are_not_inspected_by_nas_host_user
tests/sentinel/test_backup_selection_sql.py::test_real_sql_accepts_exact_record_then_missing_refuses
tests/sentinel/test_backup_selection_sql.py::test_actual_publisher_grants_only_selection_read_to_postgres
tests/sentinel/test_backup_selection_sql.py::test_failed_atomic_rename_preserves_old_record_and_cleans_temporary
tests/sentinel/test_backup_selection_sql.py::test_large_non_ascii_record_is_bounded_before_decoding
tests/sentinel/test_backup_selection_sql.py::test_real_sql_refuses_selection_alias_during_archive_proof[symlink]
tests/sentinel/test_backup_selection_sql.py::test_real_sql_refuses_selection_alias_during_archive_proof[hardlink]
tests/sentinel/test_binding_and_handover.py::TestBinding::test_an_unbound_appliance_REFUSES_rather_than_deciding
tests/sentinel/test_binding_and_handover.py::TestBinding::test_binding_is_ONE_row_enforced_by_the_schema
tests/sentinel/test_binding_and_handover.py::TestBinding::test_bind_is_NOT_an_upsert
tests/sentinel/test_binding_and_handover.py::TestBinding::test_verify_accepts_the_bound_account
tests/sentinel/test_binding_and_handover.py::TestBinding::test_verify_REFUSES_a_different_account
tests/sentinel/test_binding_and_handover.py::TestBinding::test_verify_REFUSES_an_unreadable_account
tests/sentinel/test_binding_and_handover.py::TestBinding::test_the_binding_yields_the_identity_commands_are_keyed_on
tests/sentinel/test_binding_and_handover.py::TestBinding::test_adoption_increments_the_epoch_and_disjoins_the_keyspace
tests/sentinel/test_binding_and_handover.py::TestBinding::test_adoption_mismatch_does_not_change_epoch_or_append_event[observed0-ACC-123]
tests/sentinel/test_binding_and_handover.py::TestBinding::test_adoption_mismatch_does_not_change_epoch_or_append_event[observed1-OTHER]
tests/sentinel/test_binding_and_handover.py::TestBinding::test_adoption_mismatch_does_not_change_epoch_or_append_event[None-ACC-123]
tests/sentinel/test_binding_and_handover.py::TestPostgresOwnershipStore::test_events_round_trip_in_order
tests/sentinel/test_binding_and_handover.py::TestPostgresOwnershipStore::test_ownership_established_reads_the_whole_history
tests/sentinel/test_binding_and_handover.py::TestPostgresOwnershipStore::test_the_file_is_AUDIT_evidence_and_flows_one_way
tests/sentinel/test_binding_and_handover.py::TestMigrationCannotReArm::test_a_bound_account_REFUSES_migration_before_touching_the_broker
tests/sentinel/test_binding_and_handover.py::TestMigrationCannotReArm::test_ordinary_startup_has_no_legacy_path
tests/sentinel/test_binding_and_handover.py::TestMigrationCannotReArm::test_ordinary_startup_on_an_UNBOUND_appliance_refuses
tests/sentinel/test_binding_and_handover.py::TestMigrationCannotReArm::test_a_wrong_account_is_refused_before_liquidating
tests/sentinel/test_binding_and_handover.py::TestMigrationCannotReArm::test_missing_expected_account_refuses_before_liquidating
tests/sentinel/test_binding_and_handover.py::TestMigrationCannotReArm::test_unreadable_broker_account_refuses_before_liquidating
tests/sentinel/test_binding_and_handover.py::TestMigrationRequiresStableFlatness::test_a_clean_handover_binds_the_account
tests/sentinel/test_binding_and_handover.py::TestMigrationRequiresStableFlatness::test_ONE_flat_read_is_not_enough
tests/sentinel/test_binding_and_handover.py::TestMigrationRequiresStableFlatness::test_a_resting_order_on_the_second_read_also_blocks
tests/sentinel/test_binding_and_handover.py::TestMigrationRequiresStableFlatness::test_binding_and_events_land_together
tests/sentinel/test_binding_and_handover.py::TestMigrationRequiresStableFlatness::test_failure_between_final_event_and_binding_rolls_both_back
tests/sentinel/test_binding_and_handover.py::TestTheRetiredCommand::test_establish_ownership_refuses_and_says_what_to_run
tests/sentinel/test_book_artifact.py::TestTheUnionReachesEverySource::test_the_LEDGER_is_the_primary_source
tests/sentinel/test_book_artifact.py::TestTheUnionReachesEverySource::test_it_is_the_WHOLE_interval_not_an_end_of_run_snapshot
tests/sentinel/test_book_artifact.py::TestTheUnionReachesEverySource::test_still_open_EPISODES_are_included
tests/sentinel/test_book_artifact.py::TestTheUnionReachesEverySource::test_RECEIVABLES_count_too
tests/sentinel/test_book_artifact.py::TestTheUnionReachesEverySource::test_session_facts_are_swept_as_well
tests/sentinel/test_book_artifact.py::TestTheUnionReachesEverySource::test_terminal_RESULTS_are_pending_terminal
tests/sentinel/test_book_artifact.py::TestTheUnionReachesEverySource::test_a_RESOLVED_terminal_event_still_counts
tests/sentinel/test_book_artifact.py::TestTheUnionReachesEverySource::test_the_CARRY_AUDIT_is_swept
tests/sentinel/test_book_artifact.py::TestTheUnionReachesEverySource::test_pending_sessions_contribute_their_KEYS
tests/sentinel/test_book_artifact.py::TestTheUnionReachesEverySource::test_tickers_are_UPPERCASED_to_match_the_audit
tests/sentinel/test_book_artifact.py::TestTheUnionReachesEverySource::test_a_NESTED_ticker_is_still_found
tests/sentinel/test_book_artifact.py::TestTheBiasIsTowardINCLUDING::test_an_empty_run_produces_BOTH_keys
tests/sentinel/test_book_artifact.py::TestTheBiasIsTowardINCLUDING::test_an_unrecognised_shape_does_not_CRASH_the_artifact
tests/sentinel/test_book_artifact.py::TestTheBiasIsTowardINCLUDING::test_deep_nesting_terminates
tests/sentinel/test_book_artifact.py::TestTheBiasIsTowardINCLUDING::test_the_note_explains_the_asymmetry
tests/sentinel/test_book_artifact.py::TestTheLoaderIsFailClosed::test_a_book_with_NO_schema_is_refused
tests/sentinel/test_book_artifact.py::TestTheLoaderIsFailClosed::test_a_complete_book_loads
tests/sentinel/test_book_artifact.py::TestTheLoaderIsFailClosed::test_THE_FALSIFIER_a_book_with_only_held_is_REFUSED
tests/sentinel/test_book_artifact.py::TestTheLoaderIsFailClosed::test_a_book_with_only_pending_is_REFUSED
tests/sentinel/test_book_artifact.py::TestTheLoaderIsFailClosed::test_an_EXPLICIT_empty_list_is_accepted
tests/sentinel/test_book_artifact.py::TestTheLoaderIsFailClosed::test_a_NON_LIST_value_is_refused
tests/sentinel/test_book_artifact.py::TestTheLoaderIsFailClosed::test_write_then_load_ROUND_TRIPS
tests/sentinel/test_book_artifact.py::TestTheAuditAcceptsTheEmittedArtifact::test_the_emitted_book_makes_holdings_KNOWN
tests/sentinel/test_book_artifact.py::TestTheWindowIsCHECKED::test_a_MATCHING_window_loads
tests/sentinel/test_book_artifact.py::TestTheWindowIsCHECKED::test_THE_FALSIFIER_a_NARROWER_book_is_refused
tests/sentinel/test_book_artifact.py::TestTheWindowIsCHECKED::test_a_SHIFTED_window_is_refused
tests/sentinel/test_book_artifact.py::TestTheWindowIsCHECKED::test_a_MISSING_window_is_refused_when_one_is_required
tests/sentinel/test_book_artifact.py::TestTheWindowIsCHECKED::test_NO_window_check_when_the_caller_supplies_none
tests/sentinel/test_book_artifact.py::TestTheWindowIsCHECKED::test_a_WRONG_SCHEMA_is_refused
tests/sentinel/test_book_artifact.py::TestTheWindowIsCHECKED::test_the_emitted_artifact_declares_the_CURRENT_schema
tests/sentinel/test_book_artifact.py::TestTheSharedBookArtifactBoundary::test_the_canonical_module_is_SHARED_not_sentinel_only
tests/sentinel/test_book_artifact.py::TestTheSharedBookArtifactBoundary::test_wealth_core_source_tree_is_UNTOUCHED_by_this
tests/sentinel/test_book_artifact.py::TestAgainstTheREALPortfolioState::test_the_real_state_has_NO_holdings_attribute
tests/sentinel/test_book_artifact.py::TestAgainstTheREALPortfolioState::test_THE_FALSIFIER_a_RELABELLED_holding_is_found
tests/sentinel/test_book_artifact.py::TestAgainstTheREALPortfolioState::test_the_episode_label_survives_from_run_result
tests/sentinel/test_book_artifact.py::TestAgainstTheREALPortfolioState::test_extra_held_carries_INTERMEDIATE_labels
tests/sentinel/test_bootstrap.py::TestTheWarmupBoundary::test_all_but_the_last_session_is_WARM_UP
tests/sentinel/test_bootstrap.py::TestTheWarmupBoundary::test_a_window_shorter_than_the_split_decides_on_everything
tests/sentinel/test_bootstrap.py::TestTheWarmupBoundary::test_the_book_records_how_much_warm_up_it_had
tests/sentinel/test_bootstrap.py::TestTheFirstBook::test_a_cold_start_OPENS_a_book_rather_than_drip_feeding
tests/sentinel/test_bootstrap.py::TestTheFirstBook::test_weights_are_of_TOTAL_EQUITY_including_cash
tests/sentinel/test_bootstrap.py::TestTheFirstBook::test_exposure_is_PINNED_to_one
tests/sentinel/test_bootstrap.py::TestTheFirstBook::test_it_reports_tickers_not_just_permatickers
tests/sentinel/test_bootstrap.py::TestTheFirstBook::test_an_EMPTY_window_refuses_with_the_remedy
tests/sentinel/test_bootstrap.py::TestTerminalEventsAreAPPLIED::test_a_delisting_in_the_window_is_RESOLVED_and_counted
tests/sentinel/test_bootstrap.py::TestTerminalEventsAreAPPLIED::test_ZERO_events_over_a_long_window_is_NAMED_as_suspicious
tests/sentinel/test_bootstrap.py::TestTerminalEventsAreAPPLIED::test_events_are_read_over_the_WHOLE_window_not_just_the_decision
tests/sentinel/test_bootstrap.py::TestTerminalEventsAreAPPLIED::test_an_UNRESOLVABLE_ticker_yields_no_event
tests/sentinel/test_bootstrap.py::TestMetaIsReparsedOnRead::test_related_tickers_are_tokenised_AGAIN_at_load
tests/sentinel/test_bounded_historical_performance.py::test_rsas_supplement_resolves_actual_production_claim_for_28_dollars_per_share
tests/sentinel/test_bounded_historical_performance.py::test_rsas_supplement_refuses_wrong_or_duplicate_source[id]
tests/sentinel/test_bounded_historical_performance.py::test_rsas_supplement_refuses_wrong_or_duplicate_source[date]
tests/sentinel/test_bounded_historical_performance.py::test_rsas_supplement_refuses_wrong_or_duplicate_source[cash]
tests/sentinel/test_bounded_historical_performance.py::test_rsas_supplement_refuses_wrong_or_duplicate_source[authority]
tests/sentinel/test_bounded_historical_performance.py::test_rsas_supplement_refuses_wrong_or_duplicate_source[duplicate]
tests/sentinel/test_bounded_historical_performance.py::test_rsas_supplement_refuses_wrong_or_duplicate_source[missing]
tests/sentinel/test_bounded_historical_performance.py::test_budget_projects_runtime_and_refuses_over_budget_continuation
tests/sentinel/test_bounded_historical_performance.py::test_twenty_year_multiple_and_drawdown_have_independent_cash_oracle
tests/sentinel/test_bounded_historical_performance.py::test_incomplete_or_invalid_path_cannot_publish_twenty_year_returns[prefix]
tests/sentinel/test_bounded_historical_performance.py::test_incomplete_or_invalid_path_cannot_publish_twenty_year_returns[gap]
tests/sentinel/test_bounded_historical_performance.py::test_incomplete_or_invalid_path_cannot_publish_twenty_year_returns[duplicate]
tests/sentinel/test_bounded_historical_performance.py::test_incomplete_or_invalid_path_cannot_publish_twenty_year_returns[nan]
tests/sentinel/test_bounded_historical_performance.py::test_incomplete_or_invalid_path_cannot_publish_twenty_year_returns[zero]
tests/sentinel/test_bounded_historical_performance.py::test_unknown_classification_stays_ineligible_and_issuer_groups_are_preserved
tests/sentinel/test_bounded_historical_performance.py::test_retained_spin_off_reaches_production_entitlement_refusal
tests/sentinel/test_bounded_historical_performance.py::test_unresolved_core_valuation_cannot_enter_scalar_performance
tests/sentinel/test_bounded_historical_performance.py::test_manifest_requires_passing_reconstruction_and_exact_bytes
tests/sentinel/test_bounded_historical_performance.py::test_modified_production_source_is_refused
tests/sentinel/test_bounded_historical_performance.py::test_partition_rebase_preserves_true_boundary_and_within_partition_returns
tests/sentinel/test_bounded_historical_performance.py::test_invalid_benchmark_bridge_refuses[0]
tests/sentinel/test_bounded_historical_performance.py::test_invalid_benchmark_bridge_refuses[-1]
tests/sentinel/test_bounded_historical_performance.py::test_invalid_benchmark_bridge_refuses[NaN]
tests/sentinel/test_bounded_historical_performance.py::test_invalid_benchmark_bridge_refuses[Infinity]
tests/sentinel/test_bounded_operational_feed.py::test_window_is_exactly_300_sessions_and_requirement_is_independent
tests/sentinel/test_bounded_operational_feed.py::test_capture_predecessors_resolve_renames_and_reused_tickers_at_source_date
tests/sentinel/test_bounded_operational_feed.py::test_same_capture_predecessor_does_not_hide_real_split_disagreement
tests/sentinel/test_bounded_operational_feed.py::test_larger_startup_requirement_refuses
tests/sentinel/test_bounded_operational_feed.py::test_diagnostic_probe_reports_pending_without_polling_or_download[creating]
tests/sentinel/test_bounded_operational_feed.py::test_diagnostic_probe_reports_pending_without_polling_or_download[regenerating]
tests/sentinel/test_bounded_operational_feed.py::test_bounded_recovery_includes_stable_local_key_and_value_drift
tests/sentinel/test_bounded_operational_feed.py::test_preflight_refuses_before_any_file_download[ACTIONS]
tests/sentinel/test_bounded_operational_feed.py::test_preflight_refuses_before_any_file_download[TICKERS]
tests/sentinel/test_bounded_operational_feed.py::test_preflight_refuses_before_any_file_download[SEP]
tests/sentinel/test_bounded_operational_feed.py::test_repeated_sep_and_cdc_proofs_download_once
tests/sentinel/test_bounded_operational_feed.py::test_changed_generation_refuses_capture_and_closes_resources
tests/sentinel/test_bounded_operational_feed.py::test_monthly_exports_are_each_downloaded_once_across_all_replays
tests/sentinel/test_bounded_operational_feed.py::test_mixed_sep_partition_refresh_refuses_before_download
tests/sentinel/test_bounded_operational_feed.py::test_outside_window_refuses_before_acquisition
tests/sentinel/test_bounded_operational_feed.py::test_source_partitions_never_cross_price_cap
tests/sentinel/test_bounded_operational_feed.py::test_direct_capture_cannot_bypass_300_session_cap
tests/sentinel/test_bounded_operational_feed.py::test_non_session_source_row_refuses_before_private_staging
tests/sentinel/test_bounded_operational_feed.py::test_daily_wrapper_keeps_injected_sources_offline
tests/sentinel/test_bounded_operational_feed.py::test_production_daily_establishes_a_bounded_capture
tests/sentinel/test_bounded_operational_feed.py::test_cold_or_expired_feed_uses_bounded_seed_without_daily[None]
tests/sentinel/test_bounded_operational_feed.py::test_cold_or_expired_feed_uses_bounded_seed_without_daily[2006-01-03]
tests/sentinel/test_bounded_operational_feed.py::test_daily_uses_existing_capture_and_maintenance_bounds
tests/sentinel/test_bounded_operational_feed.py::test_old_persisted_cursor_refuses_before_source_contact
tests/sentinel/test_bounded_operational_publication.py::test_bounded_recovery_does_not_widen_to_failed_old_rows
tests/sentinel/test_bounded_operational_publication.py::test_bounded_publication_retains_history_but_never_ignores_old_split[1]
tests/sentinel/test_bounded_operational_publication.py::test_bounded_publication_retains_history_but_never_ignores_old_split[2]
tests/sentinel/test_bounded_operational_publication.py::test_bounded_identity_replacement_keeps_old_published_keys
tests/sentinel/test_bounded_operational_publication.py::test_operational_cdc_watermark_cannot_authorize_manual_full_history
tests/sentinel/test_bounded_operational_publication.py::test_real_go_readonly_probe_never_downloads_sep_twice[False]
tests/sentinel/test_bounded_operational_publication.py::test_real_go_readonly_probe_never_downloads_sep_twice[True]
tests/sentinel/test_bounded_operational_publication.py::test_malformed_operational_scope_refuses[None]
tests/sentinel/test_bounded_operational_publication.py::test_malformed_operational_scope_refuses[scope1]
tests/sentinel/test_bounded_operational_publication.py::test_malformed_operational_scope_refuses[scope2]
tests/sentinel/test_bounded_operational_publication.py::test_malformed_operational_scope_refuses[scope3]
tests/sentinel/test_bounded_operational_publication.py::test_container_probe_export_fixture_preserves_cold_preflight[2026-08-22T03:44:59+00:00-2026-08-21-False-fresh]
tests/sentinel/test_bounded_operational_publication.py::test_container_probe_export_fixture_preserves_cold_preflight[2026-08-22T03:44:59+00:00-2026-08-21-False-creating]
tests/sentinel/test_bounded_operational_publication.py::test_container_probe_export_fixture_preserves_cold_preflight[2026-08-22T03:45:00+00:00-2026-08-21-True-fresh]
tests/sentinel/test_bounded_operational_publication.py::test_container_probe_export_fixture_preserves_cold_preflight[2026-08-22T03:45:00+00:00-2026-08-21-True-creating]
tests/sentinel/test_bounded_operational_publication.py::test_container_probe_export_fixture_preserves_cold_preflight[2026-08-22T03:45:01+00:00-2026-08-21-True-fresh]
tests/sentinel/test_bounded_operational_publication.py::test_container_probe_export_fixture_preserves_cold_preflight[2026-08-22T03:45:01+00:00-2026-08-21-True-creating]
tests/sentinel/test_bounded_operational_publication.py::test_container_probe_export_fixture_preserves_cold_preflight[2026-12-05T04:44:59+00:00-2026-12-04-False-fresh]
tests/sentinel/test_bounded_operational_publication.py::test_container_probe_export_fixture_preserves_cold_preflight[2026-12-05T04:44:59+00:00-2026-12-04-False-creating]
tests/sentinel/test_bounded_operational_publication.py::test_container_probe_export_fixture_preserves_cold_preflight[2026-12-05T04:45:00+00:00-2026-12-04-True-fresh]
tests/sentinel/test_bounded_operational_publication.py::test_container_probe_export_fixture_preserves_cold_preflight[2026-12-05T04:45:00+00:00-2026-12-04-True-creating]
tests/sentinel/test_bounded_operational_publication.py::test_container_probe_export_fixture_preserves_cold_preflight[2026-11-27T18:00:01+00:00-2026-11-27-False-fresh]
tests/sentinel/test_bounded_operational_publication.py::test_container_probe_export_fixture_preserves_cold_preflight[2026-11-27T18:00:01+00:00-2026-11-27-False-creating]
tests/sentinel/test_bounded_operational_publication.py::test_container_probe_export_fixture_preserves_cold_preflight[2026-11-28T04:44:59+00:00-2026-11-27-False-fresh]
tests/sentinel/test_bounded_operational_publication.py::test_container_probe_export_fixture_preserves_cold_preflight[2026-11-28T04:44:59+00:00-2026-11-27-False-creating]
tests/sentinel/test_bounded_operational_publication.py::test_container_probe_export_fixture_preserves_cold_preflight[2026-11-28T04:45:00+00:00-2026-11-27-True-fresh]
tests/sentinel/test_bounded_operational_publication.py::test_container_probe_export_fixture_preserves_cold_preflight[2026-11-28T04:45:00+00:00-2026-11-27-True-creating]
tests/sentinel/test_bounded_operational_publication.py::test_container_probe_rejects_invalid_clock[2026-08-22T03:45:00]
tests/sentinel/test_bounded_operational_publication.py::test_container_probe_rejects_invalid_clock[not-a-clock]
tests/sentinel/test_bounded_operational_publication.py::test_container_probe_requires_exact_clock_import_seam[0]
tests/sentinel/test_bounded_operational_publication.py::test_container_probe_requires_exact_clock_import_seam[2]
tests/sentinel/test_bounded_operational_publication.py::test_container_probe_diagnostics_retain_cause_without_child_output[0-REFUSED-SOURCE_EXPORT_UNAVAILABLE-True]
tests/sentinel/test_bounded_operational_publication.py::test_container_probe_diagnostics_retain_cause_without_child_output[1-REFUSED-SOURCE_EXPORT_UNAVAILABLE-True]
tests/sentinel/test_bounded_operational_publication.py::test_container_probe_diagnostics_retain_cause_without_child_output[0-RECOVERY_REQUIRED-CORPUS_SCHEMA_NOT_INSTALLED-True]
tests/sentinel/test_bounded_operational_publication.py::test_container_probe_diagnostics_retain_cause_without_child_output[0-REFUSED-READONLY_PREFLIGHT_UNAVAILABLE-True]
tests/sentinel/test_bounded_operational_publication.py::test_container_probe_diagnostics_retain_cause_without_child_output[0-REFUSED-SOURCE_EXPORT_UNAVAILABLE-False]
tests/sentinel/test_bounded_operational_publication.py::test_canonical_cold_seed_publishes_300_sessions_with_one_sep_acquisition
tests/sentinel/test_breadth_classifier.py::TestGreenBoundaries::test_own_dd_exactly_zero_is_GREEN
tests/sentinel/test_breadth_classifier.py::TestGreenBoundaries::test_own_dd_exactly_at_the_GREEN_threshold_is_NOT_green
tests/sentinel/test_breadth_classifier.py::TestGreenBoundaries::test_own_dd_just_above_the_threshold_IS_green
tests/sentinel/test_breadth_classifier.py::TestGreenBoundaries::test_r21_exactly_zero_is_NOT_green
tests/sentinel/test_breadth_classifier.py::TestGreenBoundaries::test_r21_just_above_zero_IS_green
tests/sentinel/test_breadth_classifier.py::TestGreenBoundaries::test_r63_exactly_zero_is_NOT_green_once_the_age_gate_applies
tests/sentinel/test_breadth_classifier.py::TestGreenBoundaries::test_r63_just_above_zero_IS_green
tests/sentinel/test_breadth_classifier.py::TestTheAge63Exemption::test_age_62_is_GREEN_with_a_NEGATIVE_r63
tests/sentinel/test_breadth_classifier.py::TestTheAge63Exemption::test_age_63_is_NOT_green_with_the_same_negative_r63
tests/sentinel/test_breadth_classifier.py::TestTheAge63Exemption::test_age_62_is_GREEN_with_r63_entirely_ABSENT
tests/sentinel/test_breadth_classifier.py::TestTheAge63Exemption::test_age_63_with_r63_ABSENT_is_NOT_green
tests/sentinel/test_breadth_classifier.py::TestTheAge63Exemption::test_age_63_with_a_POSITIVE_r63_is_green
tests/sentinel/test_breadth_classifier.py::TestRedBoundaries::test_own_dd_exactly_at_minus_10pct_with_negative_r21_IS_red
tests/sentinel/test_breadth_classifier.py::TestRedBoundaries::test_own_dd_just_above_minus_10pct_is_NOT_red
tests/sentinel/test_breadth_classifier.py::TestRedBoundaries::test_r21_exactly_zero_is_NOT_red
tests/sentinel/test_breadth_classifier.py::TestRedBoundaries::test_r21_just_below_zero_IS_red
tests/sentinel/test_breadth_classifier.py::TestAmberBoundaries::test_r21_exactly_minus_3pct_IS_amber
tests/sentinel/test_breadth_classifier.py::TestAmberBoundaries::test_r21_just_above_minus_3pct_is_NOT_amber
tests/sentinel/test_breadth_classifier.py::TestAmberBoundaries::test_own_dd_exactly_minus_10pct_IS_amber
tests/sentinel/test_breadth_classifier.py::TestAmberBoundaries::test_own_dd_just_above_minus_10pct_is_NOT_amber
tests/sentinel/test_breadth_classifier.py::TestSectorEscalation::test_stress_exactly_half_escalates_a_NON_green_holding
tests/sentinel/test_breadth_classifier.py::TestSectorEscalation::test_stress_just_below_half_does_NOT_escalate
tests/sentinel/test_breadth_classifier.py::TestSectorEscalation::test_stress_at_half_does_NOT_escalate_a_GREEN_holding
tests/sentinel/test_breadth_classifier.py::TestSectorEscalation::test_stress_at_ONE_still_does_not_escalate_a_green_holding
tests/sentinel/test_breadth_classifier.py::TestSectorEscalation::test_sector_stress_is_the_RED_fraction_within_each_sector
tests/sentinel/test_breadth_classifier.py::TestSectorEscalation::test_an_UNKNOWN_sector_is_its_own_bucket_not_dropped
tests/sentinel/test_breadth_classifier.py::TestSectorEscalation::test_escalation_reaches_the_damaged_count_through_session_breadth
tests/sentinel/test_breadth_classifier.py::TestTheDenominator::test_breadth_divides_by_the_HELD_COUNT
tests/sentinel/test_breadth_classifier.py::TestTheDenominator::test_an_EMPTY_book_is_zero_and_zero_not_NaN
tests/sentinel/test_breadth_classifier.py::TestTheDenominator::test_green_and_damaged_need_NOT_sum_to_one
tests/sentinel/test_breadth_classifier.py::TestTheDenominator::test_RED_never_enters_either_fraction_directly
tests/sentinel/test_breadth_classifier.py::TestUnavailableIsNotZero::test_absent_own_dd_is_not_green_and_not_red[None]
tests/sentinel/test_breadth_classifier.py::TestUnavailableIsNotZero::test_absent_own_dd_is_not_green_and_not_red[nan]
tests/sentinel/test_breadth_classifier.py::TestUnavailableIsNotZero::test_absent_r21_is_not_green_and_not_red[None]
tests/sentinel/test_breadth_classifier.py::TestUnavailableIsNotZero::test_absent_r21_is_not_green_and_not_red[nan]
tests/sentinel/test_breadth_classifier.py::TestUnavailableIsNotZero::test_a_holding_with_NO_metrics_is_amber_ONLY_via_escalation[None]
tests/sentinel/test_breadth_classifier.py::TestUnavailableIsNotZero::test_a_holding_with_NO_metrics_is_amber_ONLY_via_escalation[nan]
tests/sentinel/test_breadth_classifier.py::TestUnavailableIsNotZero::test_infinities_are_unavailable_too
tests/sentinel/test_breadth_classifier.py::TestTheFloat32LagContract::test_to_float32_matches_numpy
tests/sentinel/test_breadth_classifier.py::TestTheFloat32LagContract::test_an_UNCHANGED_price_is_green_under_float32_and_NOT_under_float64
tests/sentinel/test_breadth_classifier.py::TestTheFloat32LagContract::test_the_same_fixture_moves_the_SESSION_breadth
tests/sentinel/test_breadth_classifier.py::TestTheFloat32LagContract::test_a_non_positive_lag_is_UNAVAILABLE_not_a_minus_100pct_return
tests/sentinel/test_breadth_classifier.py::TestTheFloat32LagContract::test_absent_inputs_propagate_as_NaN
tests/sentinel/test_breadth_classifier.py::TestTheFloat32LagContract::test_own_drawdown_is_NOT_float32_rounded
tests/sentinel/test_breadth_classifier.py::TestTheFloat32LagContract::test_own_drawdown_rejects_a_non_positive_peak
tests/sentinel/test_breadth_classifier.py::TestDifferentialAgainstTheRecoveredArtefact::test_the_stored_artefact_is_present_and_is_the_authority
tests/sentinel/test_breadth_classifier.py::TestDifferentialAgainstTheRecoveredArtefact::test_randomised_books_agree_on_every_holding_and_both_fractions
tests/sentinel/test_breadth_classifier.py::TestPriorityIsNotHere::test_the_production_module_exposes_no_priority
tests/sentinel/test_breadth_classifier.py::TestPriorityIsNotHere::test_the_production_module_does_not_reproduce_position_features
tests/sentinel/test_breadth_classifier.py::TestPriorityIsNotHere::test_the_recovered_artefact_still_FAILS_CLOSED_on_priority
tests/sentinel/test_breadth_classifier.py::TestTheModuleIsPure::test_no_source_file_references_docs_or_a_tape
tests/sentinel/test_breadth_classifier.py::TestTheModuleIsPure::test_it_imports_nothing_outside_the_stdlib
tests/sentinel/test_breadth_classifier.py::TestTheModuleIsPure::test_classification_is_deterministic_across_repeated_calls
tests/sentinel/test_breadth_classifier.py::TestTheSeamIntoTheController::test_it_returns_exactly_the_two_Observation_fields
tests/sentinel/test_breadth_classifier.py::TestTheSeamIntoTheController::test_the_values_are_accepted_by_the_controller_Observation
tests/sentinel/test_broker_conformance.py::TestTheHappyPath::test_a_submit_is_acknowledged_and_fills
tests/sentinel/test_broker_conformance.py::TestTheHappyPath::test_orders_are_read_before_positions_and_then_AGAIN
tests/sentinel/test_broker_conformance.py::TestAcceptThenTimeout::test_the_caller_lands_in_UNKNOWN_not_a_failure
tests/sentinel/test_broker_conformance.py::TestAcceptThenTimeout::test_resolution_finds_the_live_order_by_key
tests/sentinel/test_broker_conformance.py::TestAcceptThenTimeout::test_a_RETRY_under_the_same_key_does_not_create_a_second_order
tests/sentinel/test_broker_conformance.py::TestAcceptThenTimeout::test_a_FRESH_identity_on_retry_WOULD_have_doubled_the_position
tests/sentinel/test_broker_conformance.py::TestNeverReceived::test_it_also_lands_in_UNKNOWN
tests/sentinel/test_broker_conformance.py::TestNeverReceived::test_absence_from_a_COMPLETE_observation_preserves_UNKNOWN
tests/sentinel/test_broker_conformance.py::TestNeverReceived::test_a_TRUNCATED_observation_may_NOT_resolve_it
tests/sentinel/test_broker_conformance.py::TestNeverReceived::test_absent_reads_keep_the_security_blocked
tests/sentinel/test_broker_conformance.py::TestOutage::test_a_transport_exception_becomes_UNKNOWN_not_an_error
tests/sentinel/test_broker_conformance.py::TestOutage::test_an_observe_outage_propagates
tests/sentinel/test_broker_conformance.py::TestOutage::test_recovery_after_an_outage_finds_the_order_that_did_land
tests/sentinel/test_broker_conformance.py::TestPartialFills::test_a_partial_moves_the_remaining_delta_and_nothing_else
tests/sentinel/test_broker_conformance.py::TestPartialFills::test_successive_partials_accumulate
tests/sentinel/test_broker_conformance.py::TestPartialFills::test_a_partially_filled_command_still_BLOCKS_an_overlapping_one
tests/sentinel/test_broker_conformance.py::TestCancellation::test_a_cancel_the_broker_IGNORED_does_not_advance_the_state
tests/sentinel/test_broker_conformance.py::TestCancellation::test_a_real_cancellation_is_confirmed_by_ABSENCE
tests/sentinel/test_broker_conformance.py::TestCancellation::test_absence_from_a_TRUNCATED_read_confirms_nothing
tests/sentinel/test_broker_conformance.py::TestCancellation::test_a_cancel_that_LOSES_the_race_adopts_the_fill
tests/sentinel/test_broker_conformance.py::TestFillBetweenObservationReads::test_the_position_is_never_lost
tests/sentinel/test_broker_conformance.py::TestFillBetweenObservationReads::test_the_observation_declares_itself_INCONSISTENT
tests/sentinel/test_broker_conformance.py::TestFillBetweenObservationReads::test_the_DOUBLE_COUNT_is_real_if_the_two_halves_are_mixed
tests/sentinel/test_broker_conformance.py::TestFillBetweenObservationReads::test_an_INCONSISTENT_observation_cannot_authorise_anything
tests/sentinel/test_broker_conformance.py::TestFillBetweenObservationReads::test_the_NEXT_observation_is_coherent_and_says_nothing_to_do
tests/sentinel/test_broker_conformance.py::TestForeignActivity::test_an_order_with_no_key_of_ours_is_not_adopted
tests/sentinel/test_broker_conformance.py::TestForeignActivity::test_a_corporate_action_changes_a_share_count_with_no_order
tests/sentinel/test_broker_conformance.py::TestRejection::test_a_real_rejection_is_terminal_and_frees_the_security
tests/sentinel/test_broker_conformance.py::TestTheSimulatorItselfIsDeterministic::test_the_same_script_gives_the_same_calls_every_time
tests/sentinel/test_broker_conformance.py::TestTheSimulatorItselfIsDeterministic::test_it_can_emit_a_state_no_real_broker_offers_on_demand
tests/sentinel/test_cancellation_confirmed.py::TestCancellationIsConfirmedByObservation::test_requesting_a_cancel_does_NOT_claim_it_succeeded
tests/sentinel/test_cancellation_confirmed.py::TestCancellationIsConfirmedByObservation::test_a_STILL_VISIBLE_order_is_cancelled_AGAIN
tests/sentinel/test_cancellation_confirmed.py::TestCancellationIsConfirmedByObservation::test_only_an_EMPTY_observation_advances_the_state
tests/sentinel/test_cancellation_confirmed.py::TestCancellationIsConfirmedByObservation::test_an_account_with_no_orders_does_not_wait_to_prove_a_negative
tests/sentinel/test_cancellation_confirmed.py::TestCancellationIsConfirmedByObservation::test_our_OWN_sells_are_still_never_cancelled
tests/sentinel/test_cancellation_confirmed.py::TestEndToEnd::test_zero_cancellations_never_reaches_liquidation
tests/sentinel/test_cancellation_confirmed.py::TestEndToEnd::test_an_ACCEPTED_cancel_that_did_nothing_is_retried
tests/sentinel/test_cancellation_confirmed.py::TestEndToEnd::test_PARTIAL_cancellation_keeps_cleaning
tests/sentinel/test_cancellation_confirmed.py::TestEndToEnd::test_a_RETRY_that_succeeds_completes_the_handover
tests/sentinel/test_cancellation_confirmed.py::TestEndToEnd::test_a_legacy_BUY_that_FILLS_during_cleanup_is_liquidated_too
tests/sentinel/test_cancellation_confirmed.py::TestEndToEnd::test_a_RESTART_between_request_and_confirmation_re_cancels
tests/sentinel/test_cancellation_confirmed.py::TestEndToEnd::test_ownership_is_still_a_NO_OP_once_established
tests/sentinel/test_canonical_session_kernel.py::test_production_and_certification_bind_the_exact_kernel_function
tests/sentinel/test_canonical_session_kernel.py::test_kernel_has_no_io_clock_execution_or_broker_imports
tests/sentinel/test_canonical_session_kernel.py::test_runtime_source_identity_covers_the_canonical_kernel
tests/sentinel/test_canonical_session_kernel.py::test_separation_decision_pins_preserved_strict_pit_evidence
tests/sentinel/test_cash_grace_identity.py::test_changed_cash_does_not_renew_durable_grace
tests/sentinel/test_cash_grace_identity.py::test_process_death_at_first_seen_commit[before_commit]
tests/sentinel/test_cash_grace_identity.py::test_process_death_at_first_seen_commit[after_commit]
tests/sentinel/test_cash_grace_identity.py::test_same_numeric_position_spelling_never_renews_grace
tests/sentinel/test_cash_grace_identity.py::test_offsetting_new_activity_set_is_not_execution_permission
tests/sentinel/test_cash_grace_identity.py::test_cash_tolerance_is_exact_after_restart[0.999-True-BUY-6]
tests/sentinel/test_cash_grace_identity.py::test_cash_tolerance_is_exact_after_restart[0.999-True-BUY-28]
tests/sentinel/test_cash_grace_identity.py::test_cash_tolerance_is_exact_after_restart[0.999-True-SELL-6]
tests/sentinel/test_cash_grace_identity.py::test_cash_tolerance_is_exact_after_restart[0.999-True-SELL-28]
tests/sentinel/test_cash_grace_identity.py::test_cash_tolerance_is_exact_after_restart[1-True-BUY-6]
tests/sentinel/test_cash_grace_identity.py::test_cash_tolerance_is_exact_after_restart[1-True-BUY-28]
tests/sentinel/test_cash_grace_identity.py::test_cash_tolerance_is_exact_after_restart[1-True-SELL-6]
tests/sentinel/test_cash_grace_identity.py::test_cash_tolerance_is_exact_after_restart[1-True-SELL-28]
tests/sentinel/test_cash_grace_identity.py::test_cash_tolerance_is_exact_after_restart[1.001-False-BUY-6]
tests/sentinel/test_cash_grace_identity.py::test_cash_tolerance_is_exact_after_restart[1.001-False-BUY-28]
tests/sentinel/test_cash_grace_identity.py::test_cash_tolerance_is_exact_after_restart[1.001-False-SELL-6]
tests/sentinel/test_cash_grace_identity.py::test_cash_tolerance_is_exact_after_restart[1.001-False-SELL-28]
tests/sentinel/test_cash_grace_identity.py::test_default_precision_cannot_admit_cash_just_outside_tolerance
tests/sentinel/test_cash_grace_identity.py::test_activity_delta_cannot_round_cash_into_tolerance
tests/sentinel/test_cash_grace_identity.py::test_changed_decimal_context_cannot_renew_cash_grace
tests/sentinel/test_catchup.py::TestHistoricalIntentIsNeverReplayed::test_three_missed_sessions_produce_ONE_execution_intent
tests/sentinel/test_catchup.py::TestHistoricalIntentIsNeverReplayed::test_the_surviving_plan_is_the_NEWEST_not_the_first
tests/sentinel/test_catchup.py::TestHistoricalIntentIsNeverReplayed::test_an_intent_from_BEFORE_the_gap_is_superseded_too
tests/sentinel/test_catchup.py::TestCatchUpIsResumable::test_the_processed_session_is_DURABLE
tests/sentinel/test_catchup.py::TestCatchUpIsResumable::test_a_crash_MIDWAY_does_not_lose_the_sessions_already_advanced
tests/sentinel/test_catchup.py::TestCatchUpIsResumable::test_resuming_replays_only_what_is_OWED
tests/sentinel/test_catchup.py::TestCatchUpIsResumable::test_two_catch_ups_at_once_are_REFUSED
tests/sentinel/test_catchup.py::TestNavMovesForTwoReasons::test_an_unexplained_NAV_move_is_NOT_silently_pl
tests/sentinel/test_catchup.py::TestNavMovesForTwoReasons::test_nor_silently_a_CASH_FLOW
tests/sentinel/test_catchup.py::TestNavMovesForTwoReasons::test_a_DECLARED_flow_explains_it
tests/sentinel/test_catchup.py::TestNavMovesForTwoReasons::test_ordinary_pl_needs_no_declaration
tests/sentinel/test_catchup.py::TestCashIsNotPerformance::test_a_deposit_is_not_a_return
tests/sentinel/test_catchup.py::TestCashIsNotPerformance::test_a_withdrawal_is_not_a_loss
tests/sentinel/test_catchup.py::TestCashIsNotPerformance::test_the_net_of_several_flows_is_removed
tests/sentinel/test_catchup.py::TestReprojectionNotReplay::test_PLUS_50k_reprojects_the_CURRENT_target_upward
tests/sentinel/test_catchup.py::TestReprojectionNotReplay::test_MINUS_50k_reprojects_downward
tests/sentinel/test_catchup.py::TestReprojectionNotReplay::test_a_cash_flow_advances_NO_sessions
tests/sentinel/test_catchup.py::TestReprojectionNotReplay::test_a_deposit_while_the_BROKER_is_unavailable
tests/sentinel/test_catchup.py::TestReprojectionNotReplay::test_a_withdrawal_while_SHARADAR_is_unavailable_still_REDUCES
tests/sentinel/test_catchup.py::TestReprojectionNotReplay::test_and_the_same_staleness_REFUSES_an_increase
tests/sentinel/test_catchup.py::TestReprojectionNotReplay::test_cash_movement_DURING_a_partial_fill_converges_exactly_once
tests/sentinel/test_catchup.py::TestReprojectionNotReplay::test_the_re_projected_plan_is_a_NEW_plan_not_an_edit
tests/sentinel/test_catchup.py::TestUnexplainedNavBlocksIncreasesOnly::test_an_unexplained_move_REFUSES_to_increase
tests/sentinel/test_catchup.py::TestUnexplainedNavBlocksIncreasesOnly::test_but_still_permits_DE_RISKING
tests/sentinel/test_catchup.py::TestCatchUpCannotBeToldToSkipASession::test_a_MISSING_MIDDLE_session_refuses
tests/sentinel/test_catchup.py::TestCatchUpCannotBeToldToSkipASession::test_a_MISSING_THROUGH_session_refuses
tests/sentinel/test_catchup.py::TestCatchUpCannotBeToldToSkipASession::test_and_NOTHING_is_marked_when_it_refuses
tests/sentinel/test_catchup.py::TestCatchUpCannotBeToldToSkipASession::test_a_DUPLICATE_refuses_rather_than_being_normalised
tests/sentinel/test_catchup.py::TestCatchUpCannotBeToldToSkipASession::test_OUT_OF_ORDER_is_accepted_and_sorted
tests/sentinel/test_catchup.py::TestCatchUpCannotBeToldToSkipASession::test_a_WEEKEND_day_refuses
tests/sentinel/test_catchup.py::TestCatchUpCannotBeToldToSkipASession::test_a_HOLIDAY_refuses
tests/sentinel/test_catchup.py::TestCatchUpCannotBeToldToSkipASession::test_the_holiday_is_not_required_either
tests/sentinel/test_catchup.py::TestCatchUpCannotBeToldToSkipASession::test_a_RESUMING_caller_may_repeat_processed_sessions
tests/sentinel/test_catchup.py::TestCatchUpCannotBeToldToSkipASession::test_a_COMPLETE_list_still_works
tests/sentinel/test_catchup_atomicity.py::TestNeitherCanExistWithoutTheOther::test_the_pointer_is_NEVER_ahead_of_the_durable_state
tests/sentinel/test_catchup_atomicity.py::TestNeitherCanExistWithoutTheOther::test_a_CRASH_rolls_back_the_state_AND_the_pointer_together
tests/sentinel/test_catchup_atomicity.py::TestNeitherCanExistWithoutTheOther::test_a_crash_BETWEEN_the_seam_and_the_pointer_loses_both
tests/sentinel/test_catchup_atomicity.py::TestNeitherCanExistWithoutTheOther::test_and_the_RESUME_replays_exactly_the_missing_session
tests/sentinel/test_catchup_atomicity.py::TestNeitherCanExistWithoutTheOther::test_final_state_plan_and_supersession_roll_back_together
tests/sentinel/test_catchup_atomicity.py::TestTheSeamCannotBeSatisfiedInMemory::test_advance_state_RECEIVES_the_transaction
tests/sentinel/test_catchup_atomicity.py::TestTheSeamCannotBeSatisfiedInMemory::test_catch_up_PERSISTS_the_state_it_was_handed
tests/sentinel/test_catchup_atomicity.py::TestTheSeamCannotBeSatisfiedInMemory::test_a_RESTART_recovers_the_state_without_being_handed_one
tests/sentinel/test_catchup_atomicity.py::TestTheSeamCannotBeSatisfiedInMemory::test_an_UNENCODABLE_state_is_refused_at_the_first_session
tests/sentinel/test_catchup_atomicity.py::TestASeamThatCOMMITSCannotBeStopped_butIsBounded::test_catch_ups_own_state_and_pointer_agree_even_then
tests/sentinel/test_catchup_atomicity.py::TestASeamThatCOMMITSCannotBeStopped_butIsBounded::test_and_the_seams_over_advance_is_DETECTABLE
tests/sentinel/test_catchup_atomicity.py::TestReprojectionDoesNotDisturbAnyOfIt::test_a_cash_flow_moves_neither_the_pointer_nor_the_state
tests/sentinel/test_cli.py::TestPaperOnly::test_the_LIVE_endpoint_is_refused
tests/sentinel/test_cli.py::TestPaperOnly::test_malformed_numeric_runtime_config_is_a_controlled_refusal
tests/sentinel/test_cli.py::TestPaperOnly::test_there_is_no_override[extra0]
tests/sentinel/test_cli.py::TestPaperOnly::test_there_is_no_override[extra1]
tests/sentinel/test_cli.py::TestPaperOnly::test_there_is_no_override[extra2]
tests/sentinel/test_cli.py::TestPaperOnly::test_there_is_no_override[extra3]
tests/sentinel/test_cli.py::TestPaperOnly::test_there_is_no_override[extra4]
tests/sentinel/test_cli.py::TestPaperOnly::test_no_override_reaches_the_guard_from_the_process_env_either
tests/sentinel/test_cli.py::TestPaperOnly::test_ONLY_the_paper_endpoint_is_accepted
tests/sentinel/test_cli.py::TestPaperOnly::test_the_cli_exits_1_rather_than_traceback
tests/sentinel/test_cli.py::TestCredentialRefusal::test_missing_or_placeholder_credentials_refuse[over0]
tests/sentinel/test_cli.py::TestCredentialRefusal::test_missing_or_placeholder_credentials_refuse[over1]
tests/sentinel/test_cli.py::TestCredentialRefusal::test_missing_or_placeholder_credentials_refuse[over2]
tests/sentinel/test_cli.py::TestCredentialRefusal::test_status_still_works_WITHOUT_credentials
tests/sentinel/test_cli.py::TestPreviewCloseGate::test_full_instant_is_used_and_current_unclosed_frontier_refuses
tests/sentinel/test_cli.py::TestPreviewCloseGate::test_latest_closed_frontier_is_returned
tests/sentinel/test_cli.py::TestLegacyPlanIsRetired::test_plan_refuses_without_broker_or_audit_log_access
tests/sentinel/test_cli.py::TestEstablishOwnershipIsRetired::test_it_refuses
tests/sentinel/test_cli.py::TestEstablishOwnershipIsRetired::test_it_liquidates_NOTHING
tests/sentinel/test_cli.py::TestEstablishOwnershipIsRetired::test_it_names_the_replacement
tests/sentinel/test_cli.py::TestEstablishOwnershipIsRetired::test_migrate_account_refuses_without_a_database
tests/sentinel/test_cli.py::TestEstablishOwnershipIsRetired::test_schema_migration_refusal_stops_administrative_startup_before_broker[migrate]
tests/sentinel/test_cli.py::TestEstablishOwnershipIsRetired::test_schema_migration_refusal_stops_administrative_startup_before_broker[adopt]
tests/sentinel/test_cli.py::TestEstablishOwnershipIsRetired::test_migrate_account_safety_failures_are_controlled_refusals[administrative-observation]
tests/sentinel/test_cli.py::TestEstablishOwnershipIsRetired::test_migrate_account_safety_failures_are_controlled_refusals[incomplete-orders]
tests/sentinel/test_cli.py::TestEstablishOwnershipIsRetired::test_migrate_account_safety_failures_are_controlled_refusals[malformed-json]
tests/sentinel/test_cli.py::TestEstablishOwnershipIsRetired::test_migrate_account_safety_failures_are_controlled_refusals[writer-lock]
tests/sentinel/test_cli.py::TestEstablishOwnershipIsRetired::test_migrate_account_safety_failures_are_controlled_refusals[stored-key]
tests/sentinel/test_cli.py::TestEstablishOwnershipIsRetired::test_migrate_account_safety_failures_are_controlled_refusals[exact-cancel-unsupported]
tests/sentinel/test_cli.py::TestEstablishOwnershipIsRetired::test_adoption_requires_the_human_assertion
tests/sentinel/test_cli.py::TestRedaction::test_the_secret_is_never_printed
tests/sentinel/test_cli_routing.py::test_executable_boundary_is_direct_and_has_no_compatibility_proxy
tests/sentinel/test_cli_routing.py::test_cli_has_one_parser_construction_and_one_parse_call
tests/sentinel/test_cli_routing.py::test_every_command_has_one_static_direct_owner
tests/sentinel/test_cli_routing.py::test_parser_and_router_have_exactly_the_same_commands
tests/sentinel/test_cli_routing.py::test_cli_router_invokes_selected_owner_once
tests/sentinel/test_cli_routing.py::test_feed_daily_calls_ingest_with_validated_session
tests/sentinel/test_cli_routing.py::test_feed_daily_waits_on_export_without_changing_target
tests/sentinel/test_cli_routing.py::test_feed_daily_boundary_refuses_before_configuration
tests/sentinel/test_cli_routing.py::test_feed_daily_rejects_duplicate_through_before_configuration
tests/sentinel/test_cli_routing.py::test_feed_daily_help_contract_is_stable
tests/sentinel/test_close_valuation_quarantine.py::test_parser_preserves_ambiguous_timestamp_without_guessing[1775700600]
tests/sentinel/test_close_valuation_quarantine.py::test_parser_preserves_ambiguous_timestamp_without_guessing[1775700600000]
tests/sentinel/test_close_valuation_quarantine.py::test_parser_refuses_malformed_or_ambiguous_shapes[payload0-must be an object]
tests/sentinel/test_close_valuation_quarantine.py::test_parser_refuses_malformed_or_ambiguous_shapes[payload1-exactly '1D']
tests/sentinel/test_close_valuation_quarantine.py::test_parser_refuses_malformed_or_ambiguous_shapes[payload2-must be arrays]
tests/sentinel/test_close_valuation_quarantine.py::test_parser_refuses_malformed_or_ambiguous_shapes[payload3-exactly one]
tests/sentinel/test_close_valuation_quarantine.py::test_parser_refuses_malformed_or_ambiguous_shapes[payload4-opaque integer]
tests/sentinel/test_close_valuation_quarantine.py::test_parser_refuses_malformed_or_ambiguous_shapes[payload5-not finite]
tests/sentinel/test_close_valuation_quarantine.py::test_parser_refuses_malformed_or_ambiguous_shapes[payload6-must be positive]
tests/sentinel/test_close_valuation_quarantine.py::test_parser_refuses_malformed_or_ambiguous_shapes[payload7-parallel]
tests/sentinel/test_close_valuation_quarantine.py::test_parser_refuses_malformed_or_ambiguous_shapes[payload8-not a number]
tests/sentinel/test_close_valuation_quarantine.py::test_parser_refuses_invalid_request_bracket_and_query_identity
tests/sentinel/test_close_valuation_quarantine.py::test_alpaca_uses_exact_query_and_identity_sandwich[session0]
tests/sentinel/test_close_valuation_quarantine.py::test_alpaca_uses_exact_query_and_identity_sandwich[session1]
tests/sentinel/test_close_valuation_quarantine.py::test_alpaca_refuses_account_flip_around_history_read
tests/sentinel/test_close_valuation_quarantine.py::test_alpaca_parser_exists_but_guarded_production_capability_is_false
tests/sentinel/test_close_valuation_quarantine.py::test_authority_gate_classifies_close_valuation_as_account_bound_read
tests/sentinel/test_close_valuation_quarantine.py::test_simulator_exposes_only_explicit_deterministic_close_points
tests/sentinel/test_coherent_seed_capture.py::test_changed_actions_refresh_refuses[status0]
tests/sentinel/test_coherent_seed_capture.py::test_changed_actions_refresh_refuses[status1]
tests/sentinel/test_coherent_seed_capture.py::test_pending_actions_refresh_defers_without_using_old_file[creating]
tests/sentinel/test_coherent_seed_capture.py::test_pending_actions_refresh_defers_without_using_old_file[regenerating]
tests/sentinel/test_coherent_seed_capture.py::test_refresh_corroboration_downloads_no_second_file
tests/sentinel/test_coherent_seed_capture.py::test_single_actions_file_replayed_after_independent_refresh
tests/sentinel/test_coherent_seed_capture.py::test_capture_failure_closes_files_and_refuses_unknown_request
tests/sentinel/test_coherent_seed_capture.py::test_real_seed_guard_checks_refresh_before_database_replay
tests/sentinel/test_coherent_seed_capture.py::test_postgres_identity_capture_failure_preserves_published_corpus
tests/sentinel/test_coherent_seed_capture.py::test_acquisition_precedes_candidate_and_identity_reuses_source[False-False]
tests/sentinel/test_coherent_seed_capture.py::test_acquisition_precedes_candidate_and_identity_reuses_source[False-True]
tests/sentinel/test_coherent_seed_capture.py::test_acquisition_precedes_candidate_and_identity_reuses_source[True-False]
tests/sentinel/test_coherent_seed_capture.py::test_acquisition_precedes_candidate_and_identity_reuses_source[True-True]
tests/sentinel/test_combined_event_economics.py::test_combined_event_conserves_old_share_cash_through_kernel_and_restart[1-1.36-False]
tests/sentinel/test_combined_event_economics.py::test_combined_event_conserves_old_share_cash_through_kernel_and_restart[1-1.36-True]
tests/sentinel/test_combined_event_economics.py::test_combined_event_conserves_old_share_cash_through_kernel_and_restart[1-1.435518-False]
tests/sentinel/test_combined_event_economics.py::test_combined_event_conserves_old_share_cash_through_kernel_and_restart[1-1.435518-True]
tests/sentinel/test_combined_event_economics.py::test_combined_event_conserves_old_share_cash_through_kernel_and_restart[5-1.36-False]
tests/sentinel/test_combined_event_economics.py::test_combined_event_conserves_old_share_cash_through_kernel_and_restart[5-1.36-True]
tests/sentinel/test_combined_event_economics.py::test_combined_event_conserves_old_share_cash_through_kernel_and_restart[5-1.435518-False]
tests/sentinel/test_combined_event_economics.py::test_combined_event_conserves_old_share_cash_through_kernel_and_restart[5-1.435518-True]
tests/sentinel/test_combined_event_economics.py::test_combined_event_conserves_old_share_cash_through_kernel_and_restart[rebase2-1.36-False]
tests/sentinel/test_combined_event_economics.py::test_combined_event_conserves_old_share_cash_through_kernel_and_restart[rebase2-1.36-True]
tests/sentinel/test_combined_event_economics.py::test_combined_event_conserves_old_share_cash_through_kernel_and_restart[rebase2-1.435518-False]
tests/sentinel/test_combined_event_economics.py::test_combined_event_conserves_old_share_cash_through_kernel_and_restart[rebase2-1.435518-True]
tests/sentinel/test_combined_event_economics.py::test_equivalent_later_adjustments_preserve_cash_holdings_and_controller
tests/sentinel/test_combined_event_economics.py::test_cash_entitlement_follows_prior_holding_and_funds_next_open_sizing[False]
tests/sentinel/test_combined_event_economics.py::test_cash_entitlement_follows_prior_holding_and_funds_next_open_sizing[True]
tests/sentinel/test_combined_event_economics.py::test_opening_entry_receives_no_old_share_distribution
tests/sentinel/test_combined_event_economics.py::test_basis_contract_refuses_missing_or_wrong_consolidation
tests/sentinel/test_combined_event_economics.py::test_production_kernel_opening_witness_is_invariant_to_terminal_close
tests/sentinel/test_concordance_witness.py::test_prior_membership_earns_next_close_return_only
tests/sentinel/test_concordance_witness.py::test_missing_next_print_is_zero_weight_not_reweighted
tests/sentinel/test_concordance_witness.py::test_exact_20_40_session_returns_and_bounded_history
tests/sentinel/test_concordance_witness.py::test_eligible_count_mismatch_refuses
tests/sentinel/test_concordance_witness.py::test_duplicate_or_out_of_order_session_refuses
tests/sentinel/test_concordance_witness.py::test_state_json_round_trip_is_strict
tests/sentinel/test_concurrent_source_symbols.py::test_all_observed_collisions_and_prices_survive_go_and_are_order_independent
tests/sentinel/test_concurrent_source_symbols.py::test_early_discovery_preserves_native_authority_without_publication_permission
tests/sentinel/test_concurrent_source_symbols.py::test_worker_wait_keeps_all_symbols_and_corrected_metadata_permits_full_retry
tests/sentinel/test_concurrent_source_symbols.py::test_corrected_metadata_keeps_four_distinct_prices_and_missing_bar_still_refuses
tests/sentinel/test_concurrent_source_symbols.py::test_probe_cannot_hide_a_bad_collision_row[0]
tests/sentinel/test_concurrent_source_symbols.py::test_probe_cannot_hide_a_bad_collision_row[-1]
tests/sentinel/test_concurrent_source_symbols.py::test_probe_cannot_hide_a_bad_collision_row[None]
tests/sentinel/test_concurrent_source_symbols.py::test_probe_cannot_hide_a_bad_collision_row[NaN]
tests/sentinel/test_concurrent_source_symbols.py::test_probe_cannot_hide_a_bad_collision_row[Infinity]
tests/sentinel/test_concurrent_source_symbols.py::test_probe_cannot_hide_a_row_from_another_session
tests/sentinel/test_concurrent_source_symbols.py::test_probe_checks_each_price_even_when_population_domain_floor_passes
tests/sentinel/test_concurrent_source_symbols.py::test_probe_stops_an_oversized_response_before_stability_materialization
tests/sentinel/test_concurrent_source_symbols.py::test_collision_witness_bound_keeps_complete_totals_and_rejects_partial_probe
tests/sentinel/test_concurrent_source_symbols.py::test_repeated_source_key_remains_an_integrity_failure[0]
tests/sentinel/test_concurrent_source_symbols.py::test_repeated_source_key_remains_an_integrity_failure[1]
tests/sentinel/test_concurrent_symbol_publication.py::test_empty_database_seed_restart_failed_correction_and_automatic_healing
tests/sentinel/test_controller_certification.py::TestTheFrozenRuleIsLOADEDNotTranscribed::test_the_digest_matches_the_handoffs_own_manifest
tests/sentinel/test_controller_certification.py::TestTheFrozenRuleIsLOADEDNotTranscribed::test_every_threshold_comes_from_the_file
tests/sentinel/test_controller_certification.py::TestTheFrozenRuleIsLOADEDNotTranscribed::test_a_TAMPERED_rule_file_is_refused
tests/sentinel/test_controller_certification.py::TestTheSevenRecoveryGates::test_the_fragility_verdicts_match_EXACTLY
tests/sentinel/test_controller_certification.py::TestTheTapeIsReproduced::test_the_ramp_reproduces_candidate_alloc_on_EVERY_session
tests/sentinel/test_controller_certification.py::TestTheTapeIsReproduced::test_the_allocation_LEVELS_are_exactly_the_four
tests/sentinel/test_controller_certification.py::TestTheTapeIsReproduced::test_the_session_COUNT_at_each_level_matches
tests/sentinel/test_controller_certification.py::TestTheHealthyTriple::test_it_matches_the_tapes_own_healthy_column
tests/sentinel/test_controller_certification.py::TestFailClosed::test_an_unavailable_predicate_is_not_a_passing_one
tests/sentinel/test_controller_certification.py::TestFailClosed::test_unavailable_is_distinguishable_from_a_genuine_negative
tests/sentinel/test_controller_certification.py::TestFailClosed::test_the_SPY_predicates_are_unavailable_on_the_tape
tests/sentinel/test_controller_certification.py::TestTheStateIsDURABLE::test_it_round_trips_through_STRICT_json
tests/sentinel/test_controller_certification.py::TestTheStateIsDURABLE::test_a_RESUMED_controller_continues_identically
tests/sentinel/test_controller_certification.py::TestTheParameterPlateau::test_the_FRAGILITY_threshold_is_on_a_plateau
tests/sentinel/test_controller_certification.py::TestTheParameterPlateau::test_but_the_CONFIRMATION_COUNT_is_not
tests/sentinel/test_controller_certification.py::TestTheParameterPlateau::test_nor_is_the_GATE_HORIZON
tests/sentinel/test_controller_certification.py::TestTheParameterPlateau::test_nor_are_the_STEP_LEVELS
tests/sentinel/test_controller_certification.py::TestRenewedSevereAbandonsTheRamp::test_a_severe_MID_RAMP_drops_to_zero_and_does_not_resume_at_0_65
tests/sentinel/test_controller_certification.py::TestRenewedSevereAbandonsTheRamp::test_the_streak_does_not_survive_the_interruption
tests/sentinel/test_corporate_action_cash_adjudication.py::test_tri_stale_component_is_replaced_and_other_distribution_remains_additive
tests/sentinel/test_corporate_action_cash_adjudication.py::test_source_convergence_is_accepted_without_double_correction
tests/sentinel/test_corporate_action_cash_adjudication.py::test_flagged_event_with_no_reviewed_authority_fails_closed
tests/sentinel/test_corporate_action_cash_adjudication.py::test_flagged_event_with_third_unreviewed_amount_fails_closed
tests/sentinel/test_corporate_action_cash_adjudication.py::test_late_independent_source_has_no_historical_pit_authority
tests/sentinel/test_corporate_action_cash_adjudication.py::test_retained_source_text_is_bound_by_its_independent_content_hash
tests/sentinel/test_corporate_action_cash_adjudication.py::test_record_hash_binds_the_complete_reviewed_authority
tests/sentinel/test_corporate_action_cash_adjudication.py::test_reviewed_authority_requires_a_usable_old_share_basis[cash_entitlement_basis-RAW_POST_CONSOLIDATION_SHARE]
tests/sentinel/test_corporate_action_cash_adjudication.py::test_reviewed_authority_requires_a_usable_old_share_basis[new_shares_per_old_share-0]
tests/sentinel/test_corporate_action_cash_adjudication.py::test_reviewed_authority_requires_a_usable_old_share_basis[new_shares_per_old_share-NaN]
tests/sentinel/test_corporate_action_cash_adjudication.py::test_semantic_replay_scope_contains_the_combined_tri_event
tests/sentinel/test_corporate_action_cash_adjudication.py::test_common_mode_sharadar_fact_loses_authority_but_source_is_preserved
tests/sentinel/test_corporate_action_cash_adjudication.py::test_existing_stale_bar_is_reearned_through_current_semantic_replay
tests/sentinel/test_corporate_action_cash_adjudication.py::test_production_ingest_refuses_a_flagged_contradictory_source_amount
tests/sentinel/test_corporate_action_cash_adjudication.py::test_v8_correct_amount_wrong_basis_is_replayed_once_and_old_state_refused
tests/sentinel/test_corporate_action_cash_adjudication.py::test_published_combined_event_reaches_canonical_ledger_after_database_restart
tests/sentinel/test_corpus_publication.py::TestARunIsNotAVersion::test_run_and_publication_record_the_exact_producer_binding
tests/sentinel/test_corpus_publication.py::TestARunIsNotAVersion::test_an_unpublished_corpus_REFUSES_to_supply_a_version
tests/sentinel/test_corpus_publication.py::TestARunIsNotAVersion::test_a_successful_ingest_publishes_one
tests/sentinel/test_corpus_publication.py::TestARunIsNotAVersion::test_a_FAILED_ingest_publishes_NOTHING
tests/sentinel/test_corpus_publication.py::TestARunIsNotAVersion::test_versions_CHAIN_so_a_gap_is_detectable
tests/sentinel/test_corpus_publication.py::TestARunIsNotAVersion::test_a_broken_chain_is_REJECTED_at_the_database_boundary
tests/sentinel/test_corpus_publication.py::TestPinning::test_a_pinned_session_is_told_which_version_it_read
tests/sentinel/test_corpus_publication.py::TestPinning::test_a_PUBLISH_is_REFUSED_while_a_session_holds_the_pin
tests/sentinel/test_corpus_publication.py::TestPinning::test_the_pin_is_released_and_publishing_resumes
tests/sentinel/test_corpus_publication.py::TestPinning::test_an_ingest_that_cannot_publish_still_KEEPS_ITS_DATA
tests/sentinel/test_corpus_publication.py::TestPinning::test_an_ingest_REFUSES_TO_START_while_a_reader_is_pinned
tests/sentinel/test_corpus_publication.py::TestProvenanceOnRows::test_a_bar_records_which_ingest_last_wrote_it
tests/sentinel/test_corpus_publication.py::TestProvenanceOnRows::test_the_run_id_matches_the_publication
tests/sentinel/test_corpus_publication.py::TestBoundedWrites::test_bars_are_flushed_in_BATCHES_not_one_list
tests/sentinel/test_corpus_publication.py::TestBoundedWrites::test_an_empty_stream_writes_nothing_and_does_not_error
tests/sentinel/test_corpus_snapshot_stability.py::TestTheFailure::test_an_ingest_CANNOT_rewrite_rows_a_reader_has_pinned
tests/sentinel/test_corpus_snapshot_stability.py::TestTheFailure::test_the_row_CONTENT_is_stable_across_the_whole_pin
tests/sentinel/test_corpus_snapshot_stability.py::TestTheWriterSideIsSTRUCTURAL::test_write_bars_REFUSES_without_the_corpus_lock
tests/sentinel/test_corpus_snapshot_stability.py::TestTheWriterSideIsSTRUCTURAL::test_the_INGEST_takes_it_for_its_whole_duration
tests/sentinel/test_corpus_snapshot_stability.py::TestTheWriterSideIsSTRUCTURAL::test_a_reader_CANNOT_pin_while_an_ingest_holds_it
tests/sentinel/test_corpus_snapshot_stability.py::TestItStillLetsTheORDINARYCaseThrough::test_an_ingest_with_no_reader_writes_normally
tests/sentinel/test_corpus_snapshot_stability.py::TestItStillLetsTheORDINARYCaseThrough::test_a_reader_with_no_ingest_pins_normally
tests/sentinel/test_corpus_snapshot_stability.py::TestItStillLetsTheORDINARYCaseThrough::test_two_readers_may_hold_the_pin_at_once
tests/sentinel/test_corpus_visibility.py::TestTheFailure::test_rows_from_an_UNPUBLISHED_ingest_are_INVISIBLE
tests/sentinel/test_corpus_visibility.py::TestTheFailure::test_the_version_and_the_visible_rows_now_AGREE
tests/sentinel/test_corpus_visibility.py::TestTheFailure::test_publishing_the_run_makes_its_rows_visible
tests/sentinel/test_corpus_visibility.py::TestTheFailure::test_bars_with_NO_run_id_stay_visible
tests/sentinel/test_corpus_visibility.py::TestTheCoherenceGate::test_an_unpublished_run_is_REPORTED_not_merely_hidden
tests/sentinel/test_corpus_visibility.py::TestTheCoherenceGate::test_a_coherent_corpus_reports_clean
tests/sentinel/test_corpus_visibility.py::TestTheCoherenceGate::test_planning_REFUSES_an_incoherent_corpus
tests/sentinel/test_corpus_visibility.py::TestTheCoherenceGate::test_an_empty_corpus_is_coherent_rather_than_broken
tests/sentinel/test_corpus_visibility.py::TestTheCoherenceGate::test_a_run_that_wrote_NOTHING_is_not_an_incoherence
tests/sentinel/test_corpus_visibility.py::TestTheCoherenceGate::test_the_EXHAUSTIVE_mode_sees_an_orphaned_run_id
tests/sentinel/test_corpus_visibility.py::TestEveryReaderAgrees::test_the_reported_frontier_is_the_READABLE_one
tests/sentinel/test_corpus_visibility.py::TestEveryReaderAgrees::test_readiness_FAILS_on_an_incoherent_corpus
tests/sentinel/test_corpus_visibility.py::TestEveryReaderAgrees::test_a_hand_built_corpus_WARNS_rather_than_failing
tests/sentinel/test_corpus_visibility.py::TestMemory::test_the_loader_STREAMS_rather_than_fetchall
tests/sentinel/test_dependency_pins.py::TestEveryDependencyIsPinnedExactly::test_the_requirements_file_exists_and_is_read
tests/sentinel/test_dependency_pins.py::TestEveryDependencyIsPinnedExactly::test_no_line_declares_a_RANGE
tests/sentinel/test_dependency_pins.py::TestEveryDependencyIsPinnedExactly::test_the_calendar_stack_is_ALL_pinned
tests/sentinel/test_dependency_pins.py::TestEveryDependencyIsPinnedExactly::test_the_dockerfile_INSTALLS_the_pin_file
tests/sentinel/test_dependency_pins.py::TestTheBaseImageIsPinnedByDigest::test_FROM_carries_a_digest_not_a_bare_tag
tests/sentinel/test_dependency_pins.py::TestTheBaseImageIsPinnedByDigest::test_the_recorded_digest_MATCHES_the_dockerfile
tests/sentinel/test_dependency_pins.py::TestTheCertificationTestToolsAreArtifactLocked::test_the_delta_lock_is_complete_exact_and_hashed
tests/sentinel/test_dependency_pins.py::TestTheCertificationTestToolsAreArtifactLocked::test_the_test_image_installs_only_the_reviewed_delta_lock
tests/sentinel/test_dependency_pins.py::TestTheCertificationTestToolsAreArtifactLocked::test_the_async_broker_suite_has_its_reviewed_plugin
tests/sentinel/test_dependency_pins.py::TestTheCertificationTestToolsAreArtifactLocked::test_the_guard_fails_when_a_lock_control_is_removed[--require-hashes]
tests/sentinel/test_dependency_pins.py::TestTheCertificationTestToolsAreArtifactLocked::test_the_guard_fails_when_a_lock_control_is_removed[--only-binary=:all:]
tests/sentinel/test_dependency_pins.py::TestTheCertificationTestToolsAreArtifactLocked::test_the_guard_fails_when_a_lock_control_is_removed[--no-deps]
tests/sentinel/test_dependency_pins.py::TestTheCertificationTestToolsAreArtifactLocked::test_the_guard_fails_when_a_lock_control_is_removed[pip check]
tests/sentinel/test_dependency_pins.py::TestTheRecordDescribesTHISEnvironment::test_pin_drift_names_the_package_not_a_boolean
tests/sentinel/test_dependency_pins.py::TestTheRecordDescribesTHISEnvironment::test_compatible_requires_interpreter_AND_pins_AND_located_sources
tests/sentinel/test_dependency_pins.py::TestTheRecordDescribesTHISEnvironment::test_it_reports_the_calendar_it_consulted
tests/sentinel/test_dependency_pins.py::TestTheRecordDescribesTHISEnvironment::test_the_two_source_trees_are_hashed_SEPARATELY
tests/sentinel/test_dependency_pins.py::TestTheRecordDescribesTHISEnvironment::test_the_source_hash_IGNORES_caches_and_is_STABLE
tests/sentinel/test_dependency_pins.py::TestTheRecordDescribesTHISEnvironment::test_the_source_hash_MOVES_when_a_file_does
tests/sentinel/test_dependency_pins.py::TestTheRecordDescribesTHISEnvironment::test_a_RENAME_alone_moves_it
tests/sentinel/test_dependency_pins.py::TestTheRecordDescribesTHISEnvironment::test_the_identity_hash_covers_the_environment
tests/sentinel/test_dependency_pins.py::TestInsideTheCertifiedImage::test_every_pin_is_satisfied
tests/sentinel/test_dependency_pins.py::TestInsideTheCertifiedImage::test_the_environment_reports_itself_COMPATIBLE
tests/sentinel/test_dependency_pins.py::TestTheWHOLECLOSUREIsFingerprinted::test_every_installed_distribution_is_recorded
tests/sentinel/test_dependency_pins.py::TestTheWHOLECLOSUREIsFingerprinted::test_the_closure_is_INSIDE_the_identity_hash
tests/sentinel/test_dependency_pins.py::TestTheWHOLECLOSUREIsFingerprinted::test_a_VERSION_change_anywhere_in_the_closure_moves_it
tests/sentinel/test_dependency_pins.py::TestTheWHOLECLOSUREIsFingerprinted::test_the_record_says_whether_a_LOCK_was_used
tests/sentinel/test_dependency_pins.py::TestTheWHOLECLOSUREIsFingerprinted::test_the_lock_if_present_COVERS_every_declared_pin
tests/sentinel/test_dependency_pins.py::TestTheWHOLECLOSUREIsFingerprinted::test_every_locked_distribution_has_an_artifact_hash
tests/sentinel/test_dependency_recovery.py::test_shadow_preflight_database_outage_is_retryable[QueryCanceled]
tests/sentinel/test_dependency_recovery.py::test_shadow_preflight_database_outage_is_retryable[OperationalError]
tests/sentinel/test_dependency_recovery.py::test_shadow_preflight_database_outage_is_retryable[SerializationFailure]
tests/sentinel/test_dependency_recovery.py::test_shadow_preflight_database_outage_is_retryable[LockNotAvailable]
tests/sentinel/test_dependency_recovery.py::test_guarded_callback_preserves_observation_failure_class[QueryCanceled-TransientInfrastructureFailure-before_read-prepare]
tests/sentinel/test_dependency_recovery.py::test_guarded_callback_preserves_observation_failure_class[QueryCanceled-TransientInfrastructureFailure-before_read-recover]
tests/sentinel/test_dependency_recovery.py::test_guarded_callback_preserves_observation_failure_class[QueryCanceled-TransientInfrastructureFailure-before_read-execute]
tests/sentinel/test_dependency_recovery.py::test_guarded_callback_preserves_observation_failure_class[QueryCanceled-TransientInfrastructureFailure-after_read-prepare]
tests/sentinel/test_dependency_recovery.py::test_guarded_callback_preserves_observation_failure_class[QueryCanceled-TransientInfrastructureFailure-after_read-recover]
tests/sentinel/test_dependency_recovery.py::test_guarded_callback_preserves_observation_failure_class[QueryCanceled-TransientInfrastructureFailure-after_read-execute]
tests/sentinel/test_dependency_recovery.py::test_guarded_callback_preserves_observation_failure_class[OperationalError-TransientInfrastructureFailure-before_read-prepare]
tests/sentinel/test_dependency_recovery.py::test_guarded_callback_preserves_observation_failure_class[OperationalError-TransientInfrastructureFailure-before_read-recover]
tests/sentinel/test_dependency_recovery.py::test_guarded_callback_preserves_observation_failure_class[OperationalError-TransientInfrastructureFailure-before_read-execute]
tests/sentinel/test_dependency_recovery.py::test_guarded_callback_preserves_observation_failure_class[OperationalError-TransientInfrastructureFailure-after_read-prepare]
tests/sentinel/test_dependency_recovery.py::test_guarded_callback_preserves_observation_failure_class[OperationalError-TransientInfrastructureFailure-after_read-recover]
tests/sentinel/test_dependency_recovery.py::test_guarded_callback_preserves_observation_failure_class[OperationalError-TransientInfrastructureFailure-after_read-execute]
tests/sentinel/test_dependency_recovery.py::test_guarded_callback_preserves_observation_failure_class[RuntimeError-NonRetryableCallbackRefused-before_read-prepare]
tests/sentinel/test_dependency_recovery.py::test_guarded_callback_preserves_observation_failure_class[RuntimeError-NonRetryableCallbackRefused-before_read-recover]
tests/sentinel/test_dependency_recovery.py::test_guarded_callback_preserves_observation_failure_class[RuntimeError-NonRetryableCallbackRefused-before_read-execute]
tests/sentinel/test_dependency_recovery.py::test_guarded_callback_preserves_observation_failure_class[RuntimeError-NonRetryableCallbackRefused-after_read-prepare]
tests/sentinel/test_dependency_recovery.py::test_guarded_callback_preserves_observation_failure_class[RuntimeError-NonRetryableCallbackRefused-after_read-recover]
tests/sentinel/test_dependency_recovery.py::test_guarded_callback_preserves_observation_failure_class[RuntimeError-NonRetryableCallbackRefused-after_read-execute]
tests/sentinel/test_dependency_recovery.py::test_backup_database_failure_is_classified_before_callback_ipc[connect]
tests/sentinel/test_dependency_recovery.py::test_backup_database_failure_is_classified_before_callback_ipc[proof]
tests/sentinel/test_dependency_recovery.py::test_backup_database_failure_is_classified_before_callback_ipc[rollback]
tests/sentinel/test_dependency_recovery.py::test_backup_database_failure_is_classified_before_callback_ipc[close]
tests/sentinel/test_dependency_recovery.py::test_real_query_timeout_recovers_and_permission_refusal_stays_terminal
tests/sentinel/test_dependency_recovery.py::test_integrity_refusal_is_not_hidden_by_transient_context_or_cleanup
tests/sentinel/test_dependency_recovery.py::test_post_commit_retention_diagnostic_has_its_own_lock_budget
tests/sentinel/test_deployment_fence.py::test_feed_only_bootstrap_then_durable_fenced_database
tests/sentinel/test_deployment_fence.py::test_unfenced_or_partial_database_cannot_enter_migration[partial]
tests/sentinel/test_deployment_fence.py::test_unfenced_or_partial_database_cannot_enter_migration[missing-control]
tests/sentinel/test_deployment_fence.py::test_unfenced_or_partial_database_cannot_enter_migration[released-kill]
tests/sentinel/test_deployment_fence.py::test_unfenced_or_partial_database_cannot_enter_migration[standby-lease]
tests/sentinel/test_deployment_pitr_hardening.py::test_publication_binds_branch_unique_wrap_safe_pitr_target
tests/sentinel/test_deployment_pitr_hardening.py::test_publication_refuses_missing_or_ambiguous_pitr_authority[row0]
tests/sentinel/test_deployment_pitr_hardening.py::test_publication_refuses_missing_or_ambiguous_pitr_authority[row1]
tests/sentinel/test_deployment_pitr_hardening.py::test_publication_refuses_missing_or_ambiguous_pitr_authority[row2]
tests/sentinel/test_deployment_pitr_hardening.py::test_publication_refuses_missing_or_ambiguous_pitr_authority[row3]
tests/sentinel/test_deployment_pitr_hardening.py::test_physical_base_backup_records_pitr_epoch_timeline_and_cluster_identity
tests/sentinel/test_deployment_pitr_hardening.py::test_strict_recovered_order_policy_refuses_prefix_only_ownership
tests/sentinel/test_deployment_pitr_hardening.py::test_runtime_falsifier_exercises_strict_policy_through_fresh_process
tests/sentinel/test_deployment_pitr_hardening.py::test_authorized_services_enable_strict_ownership_and_kernel_hardening
tests/sentinel/test_deployment_pitr_hardening.py::test_authorized_cli_repairs_only_certificate_readability_before_start
tests/sentinel/test_deployment_pitr_hardening.py::test_standby_broker_service_uses_same_strict_authority_and_hardening
tests/sentinel/test_deployment_pitr_hardening.py::test_ordinary_python_services_have_same_kernel_hardening
tests/sentinel/test_deployment_pitr_hardening.py::test_deployable_image_has_fixed_non_root_user_and_test_lens_reenters_root
tests/sentinel/test_deployment_pitr_hardening.py::test_autonomous_deploy_migrates_existing_audit_volume_before_bootstrap
tests/sentinel/test_deployment_receipt_key_bootstrap.py::test_bootstrap_uses_canonical_corpus_lock_key
tests/sentinel/test_deployment_receipt_key_bootstrap.py::test_missing_key_is_generated_only_after_no_receipt_ancestry_is_proven
tests/sentinel/test_deployment_receipt_key_bootstrap.py::test_generation_guard_remains_held_through_durable_key_write
tests/sentinel/test_deployment_receipt_key_bootstrap.py::test_valid_key_established_after_probe_is_adopted_not_overwritten
tests/sentinel/test_deployment_receipt_key_bootstrap.py::test_generated_secret_is_never_printed
tests/sentinel/test_deployment_receipt_key_bootstrap.py::test_existing_key_is_idempotent_and_never_reprobes
tests/sentinel/test_deployment_receipt_key_bootstrap.py::test_authenticated_receipt_ancestry_refuses_rotation
tests/sentinel/test_deployment_receipt_key_bootstrap.py::test_publication_history_without_receipt_authority_is_ambiguous
tests/sentinel/test_deployment_receipt_key_bootstrap.py::test_operator_attestation_accepts_exact_pre_receipt_shape
tests/sentinel/test_deployment_receipt_key_bootstrap.py::test_operator_attestation_does_not_bypass_partial_receipt_schema[0:1:0]
tests/sentinel/test_deployment_receipt_key_bootstrap.py::test_operator_attestation_does_not_bypass_partial_receipt_schema[0:0:1]
tests/sentinel/test_deployment_receipt_key_bootstrap.py::test_operator_attestation_does_not_bypass_partial_receipt_schema[1:1:0]
tests/sentinel/test_deployment_receipt_key_bootstrap.py::test_operator_attestation_does_not_bypass_partial_receipt_schema[1:0:1]
tests/sentinel/test_deployment_receipt_key_bootstrap.py::test_operator_attestation_does_not_bypass_partial_receipt_schema[0:1:1]
tests/sentinel/test_deployment_receipt_key_bootstrap.py::test_verified_pre_receipt_state_requires_attestation_at_persistence
tests/sentinel/test_deployment_receipt_key_bootstrap.py::test_verified_pre_receipt_state_can_be_persisted
tests/sentinel/test_deployment_receipt_key_bootstrap.py::test_verified_pre_receipt_cli_passes_explicit_attestation
tests/sentinel/test_deployment_receipt_key_bootstrap.py::test_short_existing_key_refuses_automatic_replacement
tests/sentinel/test_deployment_receipt_key_bootstrap.py::test_placeholder_is_treated_as_unprovisioned
tests/sentinel/test_deployment_receipt_key_bootstrap.py::test_symlink_env_is_refused_without_following_target
tests/sentinel/test_deployment_receipt_key_bootstrap.py::test_duplicate_receipt_key_assignments_are_refused
tests/sentinel/test_deployment_receipt_key_bootstrap.py::test_known_postgres_placeholder_cannot_initialize_database
tests/sentinel/test_deployment_receipt_key_bootstrap.py::test_backup_durability_is_proven_before_postgres_start
tests/sentinel/test_deployment_receipt_key_bootstrap.py::test_supported_launchers_bootstrap_before_compose_dependent_work
tests/sentinel/test_dividend_domain.py::test_raw_dividend_conversion_preserves_aapl_2014_cash_basis
tests/sentinel/test_dividend_domain.py::test_raw_dividend_conversion_spans_multiple_later_splits
tests/sentinel/test_dividend_domain.py::test_non_split_dividend_is_unchanged_and_zero_needs_no_price_witness
tests/sentinel/test_dividend_domain.py::test_production_normalizer_attaches_raw_basis_dividend
tests/sentinel/test_dividend_domain.py::test_same_day_split_then_dividend_has_consistent_cash_entitlement
tests/sentinel/test_dividend_domain.py::test_positive_dividend_without_split_adjusted_close_fails_closed
tests/sentinel/test_docker_layering_contract.py::test_stable_layers_precede_commit_identity_and_app_source
tests/sentinel/test_docker_layering_contract.py::test_exact_source_identity_is_still_baked_into_the_final_image
tests/sentinel/test_docker_layering_contract.py::test_one_runtime_contains_broker_code_and_execution_capability
tests/sentinel/test_docker_layering_contract.py::test_default_runtime_command_remains_non_trading
tests/sentinel/test_docker_layering_contract.py::test_dependency_layer_changes_only_after_lock_copy_boundary
tests/sentinel/test_dual_reconciliation.py::test_exact_plan_state_session_and_exposure_match
tests/sentinel/test_dual_reconciliation.py::test_missing_or_behind_shadow_is_retryable
tests/sentinel/test_dual_reconciliation.py::test_any_plan_economic_drift_is_permanent_refusal[change0]
tests/sentinel/test_dual_reconciliation.py::test_any_plan_economic_drift_is_permanent_refusal[change1]
tests/sentinel/test_dual_reconciliation.py::test_any_plan_economic_drift_is_permanent_refusal[change2]
tests/sentinel/test_dual_reconciliation.py::test_any_plan_economic_drift_is_permanent_refusal[change3]
tests/sentinel/test_dual_reconciliation.py::test_ahead_or_invalid_shadow_is_permanent_refusal
tests/sentinel/test_dual_regenesis_automation_scope.py::test_dual_match_is_verification_only_outside_prepare
tests/sentinel/test_dual_regenesis_automation_scope.py::test_prepare_scopes_handover_and_first_plan_flat_sizing
tests/sentinel/test_dual_regenesis_automation_scope.py::test_rollover_after_prepare_entry_is_seen_at_locked_sizing_boundary
tests/sentinel/test_dual_regenesis_automation_scope.py::test_prepare_does_not_require_flat_sizing_after_handover
tests/sentinel/test_dual_regenesis_automation_scope.py::test_prepare_scopes_reset_even_when_base_prepare_raises
tests/sentinel/test_dual_regenesis_automation_scope.py::test_prepare_retries_mutable_pre_adoption_book_state[post-gap PAPER plan sizing requires a flat broker account; predecessor-strategy positions cannot seed fresh Wealth Core state]
tests/sentinel/test_dual_regenesis_automation_scope.py::test_prepare_retries_mutable_pre_adoption_book_state[post-gap PAPER plan sizing still has working broker order(s): order-1]
tests/sentinel/test_dual_regenesis_automation_scope.py::test_prepare_retries_generic_first_plan_working_order_gate
tests/sentinel/test_dual_regenesis_automation_scope.py::test_generic_working_order_gate_stays_terminal_after_handover
tests/sentinel/test_dual_regenesis_automation_scope.py::test_prepare_keeps_external_replacement_terminal
tests/sentinel/test_dual_regenesis_automation_scope.py::test_legacy_nonflat_sizing_authority_cannot_be_rehabilitated
tests/sentinel/test_dual_regenesis_automation_scope.py::test_nested_prepare_scope_restores_prior_context
tests/sentinel/test_dual_regenesis_handover.py::test_first_regenesis_adoption_records_two_bound_authorities
tests/sentinel/test_dual_regenesis_handover.py::test_first_regenesis_adoption_refuses_old_strategy_positions
tests/sentinel/test_dual_regenesis_handover.py::test_first_regenesis_adoption_refuses_working_broker_order
tests/sentinel/test_dual_regenesis_handover.py::test_first_regenesis_adoption_requires_finalized_clean_reconciliation
tests/sentinel/test_dual_regenesis_handover.py::test_first_regenesis_adoption_refuses_inflight_local_command
tests/sentinel/test_dual_regenesis_handover.py::test_stale_handover_can_refresh_broker_safety_without_rewriting_plan
tests/sentinel/test_dual_regenesis_handover.py::test_latest_flat_reconciliation_must_not_predate_sizing_observation
tests/sentinel/test_dual_regenesis_handover.py::test_existing_handover_allows_later_nonflat_days_without_reset
tests/sentinel/test_dual_regenesis_handover.py::test_existing_handover_survives_takeover_epoch_for_same_broker_account
tests/sentinel/test_dual_regenesis_handover.py::test_existing_handover_refuses_different_broker_account
tests/sentinel/test_dual_regenesis_handover.py::test_handover_refuses_referenced_broker_evidence_mutation
tests/sentinel/test_dual_regenesis_handover.py::test_current_post_gap_plan_without_handover_is_not_execution_authority
tests/sentinel/test_dual_regenesis_pre_adoption.py::test_flat_complete_observation_is_valid_first_segment_sizing_input
tests/sentinel/test_dual_regenesis_pre_adoption.py::test_first_post_gap_sizing_refuses_predecessor_position
tests/sentinel/test_dual_regenesis_pre_adoption.py::test_first_post_gap_sizing_refuses_working_broker_order
tests/sentinel/test_dual_regenesis_pre_adoption.py::test_first_post_gap_sizing_refuses_external_replacement_even_if_terminal
tests/sentinel/test_dual_regenesis_pre_adoption.py::test_flat_sizing_scope_is_task_local_and_restored
tests/sentinel/test_economic_boundaries.py::test_f2_intended_budget_matches_independent_decimal_oracle[below]
tests/sentinel/test_economic_boundaries.py::test_f2_intended_budget_matches_independent_decimal_oracle[exact]
tests/sentinel/test_economic_boundaries.py::test_f2_intended_budget_matches_independent_decimal_oracle[above]
tests/sentinel/test_economic_boundaries.py::test_f2_real_paths_preserve_exactly_affordable_share[canonical-shadow]
tests/sentinel/test_economic_boundaries.py::test_f2_real_paths_preserve_exactly_affordable_share[production-projection]
tests/sentinel/test_economic_boundaries.py::test_f9_target_weights_use_economic_nav[exact-cent]
tests/sentinel/test_economic_boundaries.py::test_f9_target_weights_use_economic_nav[rounded-down]
tests/sentinel/test_economic_boundaries.py::test_f9_target_weights_use_economic_nav[rounded-up]
tests/sentinel/test_economic_boundaries.py::test_f10_inclusive_stop_reaches_next_open_economics[below-stop]
tests/sentinel/test_economic_boundaries.py::test_f10_inclusive_stop_reaches_next_open_economics[inclusive-stop]
tests/sentinel/test_economic_boundaries.py::test_f10_inclusive_stop_reaches_next_open_economics[above-stop]
tests/sentinel/test_economic_source_precision.py::test_provider_decodes_fractional_source_numbers_as_decimal
tests/sentinel/test_economic_source_precision.py::test_staging_preserves_exact_source_values_and_normalized_economics
tests/sentinel/test_economic_source_precision.py::test_direct_and_staged_equivalent_publications_match
tests/sentinel/test_empty_account_binding.py::test_facade_accepts_only_the_certified_alpaca_adapter
tests/sentinel/test_empty_account_binding.py::test_empty_authority_requires_no_historical_go_claim
tests/sentinel/test_empty_account_binding.py::test_offline_issuer_signs_only_canonical_reviewed_candidate
tests/sentinel/test_empty_account_binding.py::test_wrong_subject_endpoint_epoch_or_lifetime_refuses[<lambda>-epoch-1]
tests/sentinel/test_empty_account_binding.py::test_wrong_subject_endpoint_epoch_or_lifetime_refuses[<lambda>-paper epoch-1]
tests/sentinel/test_empty_account_binding.py::test_wrong_subject_endpoint_epoch_or_lifetime_refuses[<lambda>-one hour]
tests/sentinel/test_empty_account_binding.py::test_wrong_signature_key_and_expiry_refuse
tests/sentinel/test_empty_account_binding.py::test_context_refuses_wrong_account_deployment_and_bindings
tests/sentinel/test_empty_account_binding.py::test_blocked_suspended_margin_or_unsettled_refuses[status-SUSPENDED-account_status]
tests/sentinel/test_empty_account_binding.py::test_blocked_suspended_margin_or_unsettled_refuses[trading_blocked-True-trading_blocked]
tests/sentinel/test_empty_account_binding.py::test_blocked_suspended_margin_or_unsettled_refuses[account_blocked-True-account_blocked]
tests/sentinel/test_empty_account_binding.py::test_blocked_suspended_margin_or_unsettled_refuses[trade_suspended_by_user-True-trade_suspended_by_user]
tests/sentinel/test_empty_account_binding.py::test_blocked_suspended_margin_or_unsettled_refuses[multiplier-value4-cash_only_multiplier]
tests/sentinel/test_empty_account_binding.py::test_blocked_suspended_margin_or_unsettled_refuses[buying_power-value5-unsettled_buying_power]
tests/sentinel/test_empty_account_binding.py::test_blocked_suspended_margin_or_unsettled_refuses[buying_power-value6-margin_buying_power]
tests/sentinel/test_empty_account_binding.py::test_nonempty_position_refuses_before_mutation
tests/sentinel/test_empty_account_binding.py::test_any_open_order_refuses
tests/sentinel/test_empty_account_binding.py::test_incomplete_pagination_refuses
tests/sentinel/test_empty_account_binding.py::test_account_order_or_position_change_between_reads_refuses[account]
tests/sentinel/test_empty_account_binding.py::test_account_order_or_position_change_between_reads_refuses[position]
tests/sentinel/test_empty_account_binding.py::test_account_order_or_position_change_between_reads_refuses[order]
tests/sentinel/test_empty_account_binding.py::test_wrong_broker_account_and_existing_binding_refuse
tests/sentinel/test_empty_account_binding.py::test_failure_after_reads_is_atomic
tests/sentinel/test_empty_account_binding.py::test_binding_write_failure_rolls_back_consumption_and_event
tests/sentinel/test_empty_account_binding.py::test_success_binds_once_consumes_authority_and_replay_refuses
tests/sentinel/test_empty_account_binding.py::test_paper_observation_binding_does_not_authorize_legacy_warmup
tests/sentinel/test_empty_account_binding.py::test_prebinding_candidate_binds_current_runtime_and_refuses_drift
tests/sentinel/test_empty_account_binding.py::test_empty_authority_cannot_authorize_any_other_operation[ADMIN_INSPECT]
tests/sentinel/test_empty_account_binding.py::test_empty_authority_cannot_authorize_any_other_operation[ADMIN_MIGRATE]
tests/sentinel/test_empty_account_binding.py::test_empty_authority_cannot_authorize_any_other_operation[ADMIN_ADOPT]
tests/sentinel/test_empty_account_binding.py::test_empty_authority_cannot_authorize_any_other_operation[PREPARE_READ]
tests/sentinel/test_empty_account_binding.py::test_empty_authority_cannot_authorize_any_other_operation[EXECUTE_READ]
tests/sentinel/test_empty_account_binding.py::test_empty_authority_cannot_authorize_any_other_operation[AUTOMATION]
tests/sentinel/test_env_automation_config.py::test_required_service_inputs_have_preflight_or_provisioning_authority
tests/sentinel/test_env_automation_config.py::test_missing_webhook_refuses_at_host_and_real_dispatcher[install-None]
tests/sentinel/test_env_automation_config.py::test_missing_webhook_refuses_at_host_and_real_dispatcher[install-]
tests/sentinel/test_env_automation_config.py::test_missing_webhook_refuses_at_host_and_real_dispatcher[install-   ]
tests/sentinel/test_env_automation_config.py::test_missing_webhook_refuses_at_host_and_real_dispatcher[go-None]
tests/sentinel/test_env_automation_config.py::test_missing_webhook_refuses_at_host_and_real_dispatcher[go-]
tests/sentinel/test_env_automation_config.py::test_missing_webhook_refuses_at_host_and_real_dispatcher[go-   ]
tests/sentinel/test_env_automation_config.py::test_missing_webhook_refuses_at_host_and_real_dispatcher[bringup-None]
tests/sentinel/test_env_automation_config.py::test_missing_webhook_refuses_at_host_and_real_dispatcher[bringup-]
tests/sentinel/test_env_automation_config.py::test_missing_webhook_refuses_at_host_and_real_dispatcher[bringup-   ]
tests/sentinel/test_env_automation_config.py::test_missing_webhook_refuses_at_host_and_real_dispatcher[maintenance-None]
tests/sentinel/test_env_automation_config.py::test_missing_webhook_refuses_at_host_and_real_dispatcher[maintenance-]
tests/sentinel/test_env_automation_config.py::test_missing_webhook_refuses_at_host_and_real_dispatcher[maintenance-   ]
tests/sentinel/test_env_automation_config.py::test_shared_graph_resolves_for_shadow_and_maintenance_before_alert_setup
tests/sentinel/test_env_automation_config.py::test_valid_webhook_agrees_with_dispatcher_configuration
tests/sentinel/test_env_automation_config.py::test_valid_web_push_replaces_the_migration_webhook_requirement
tests/sentinel/test_env_automation_config.py::test_host_preflight_rejects_noncanonical_or_invalid_vapid_shape[SENTINEL_WEB_PUSH_VAPID_PRIVATE_KEY-AAAAAAAAAAAAAAAAAAAAAAAAAAAAAAAAAAAAAAAAAA+A]
tests/sentinel/test_env_automation_config.py::test_host_preflight_rejects_noncanonical_or_invalid_vapid_shape[SENTINEL_WEB_PUSH_VAPID_PRIVATE_KEY-AAAAAAAAAAAAAAAAAAAAAAAAAAAAAAAAAAAAAAAAAAA]
tests/sentinel/test_env_automation_config.py::test_host_preflight_rejects_noncanonical_or_invalid_vapid_shape[SENTINEL_WEB_PUSH_VAPID_PUBLIC_KEY-AwAAAAAAAAAAAAAAAAAAAAAAAAAAAAAAAAAAAAAAAAAAAAAAAAAAAAAAAAAAAAAAAAAAAAAAAAAAAAAAAAAAAAA]
tests/sentinel/test_env_automation_config.py::test_host_automation_defaults_match_deployed_service[sentinel-automation]
tests/sentinel/test_env_automation_config.py::test_host_automation_defaults_match_deployed_service[sentinel-authorized-cli]
tests/sentinel/test_env_automation_config.py::test_alert_dispatcher_effective_heartbeat_matches_host_preflight
tests/sentinel/test_env_automation_config.py::test_install_preflight_agrees_with_effective_runtime[None-None-True-install-DUAL_RUN_OBSERVATION]
tests/sentinel/test_env_automation_config.py::test_install_preflight_agrees_with_effective_runtime[None-None-True-install-HISTORICAL_PAPER_EXECUTION]
tests/sentinel/test_env_automation_config.py::test_install_preflight_agrees_with_effective_runtime[None-None-True-maintenance-DUAL_RUN_OBSERVATION]
tests/sentinel/test_env_automation_config.py::test_install_preflight_agrees_with_effective_runtime[None-None-True-maintenance-HISTORICAL_PAPER_EXECUTION]
tests/sentinel/test_env_automation_config.py::test_install_preflight_agrees_with_effective_runtime[LEASE_SECONDS-3-False-install-DUAL_RUN_OBSERVATION]
tests/sentinel/test_env_automation_config.py::test_install_preflight_agrees_with_effective_runtime[LEASE_SECONDS-3-False-install-HISTORICAL_PAPER_EXECUTION]
tests/sentinel/test_env_automation_config.py::test_install_preflight_agrees_with_effective_runtime[LEASE_SECONDS-3-False-maintenance-DUAL_RUN_OBSERVATION]
tests/sentinel/test_env_automation_config.py::test_install_preflight_agrees_with_effective_runtime[LEASE_SECONDS-3-False-maintenance-HISTORICAL_PAPER_EXECUTION]
tests/sentinel/test_env_automation_config.py::test_install_preflight_agrees_with_effective_runtime[LEASE_SECONDS-4-True-install-DUAL_RUN_OBSERVATION]
tests/sentinel/test_env_automation_config.py::test_install_preflight_agrees_with_effective_runtime[LEASE_SECONDS-4-True-install-HISTORICAL_PAPER_EXECUTION]
tests/sentinel/test_env_automation_config.py::test_install_preflight_agrees_with_effective_runtime[LEASE_SECONDS-4-True-maintenance-DUAL_RUN_OBSERVATION]
tests/sentinel/test_env_automation_config.py::test_install_preflight_agrees_with_effective_runtime[LEASE_SECONDS-4-True-maintenance-HISTORICAL_PAPER_EXECUTION]
tests/sentinel/test_env_automation_config.py::test_install_preflight_agrees_with_effective_runtime[HEARTBEAT_SECONDS-12-False-install-DUAL_RUN_OBSERVATION]
tests/sentinel/test_env_automation_config.py::test_install_preflight_agrees_with_effective_runtime[HEARTBEAT_SECONDS-12-False-install-HISTORICAL_PAPER_EXECUTION]
tests/sentinel/test_env_automation_config.py::test_install_preflight_agrees_with_effective_runtime[HEARTBEAT_SECONDS-12-False-maintenance-DUAL_RUN_OBSERVATION]
tests/sentinel/test_env_automation_config.py::test_install_preflight_agrees_with_effective_runtime[HEARTBEAT_SECONDS-12-False-maintenance-HISTORICAL_PAPER_EXECUTION]
tests/sentinel/test_env_automation_config.py::test_install_preflight_agrees_with_effective_runtime[HEARTBEAT_SECONDS-11-True-install-DUAL_RUN_OBSERVATION]
tests/sentinel/test_env_automation_config.py::test_install_preflight_agrees_with_effective_runtime[HEARTBEAT_SECONDS-11-True-install-HISTORICAL_PAPER_EXECUTION]
tests/sentinel/test_env_automation_config.py::test_install_preflight_agrees_with_effective_runtime[HEARTBEAT_SECONDS-11-True-maintenance-DUAL_RUN_OBSERVATION]
tests/sentinel/test_env_automation_config.py::test_install_preflight_agrees_with_effective_runtime[HEARTBEAT_SECONDS-11-True-maintenance-HISTORICAL_PAPER_EXECUTION]
tests/sentinel/test_env_automation_config.py::test_install_preflight_agrees_with_effective_runtime[RETRY_BASE_SECONDS-901-False-install-DUAL_RUN_OBSERVATION]
tests/sentinel/test_env_automation_config.py::test_install_preflight_agrees_with_effective_runtime[RETRY_BASE_SECONDS-901-False-install-HISTORICAL_PAPER_EXECUTION]
tests/sentinel/test_env_automation_config.py::test_install_preflight_agrees_with_effective_runtime[RETRY_BASE_SECONDS-901-False-maintenance-DUAL_RUN_OBSERVATION]
tests/sentinel/test_env_automation_config.py::test_install_preflight_agrees_with_effective_runtime[RETRY_BASE_SECONDS-901-False-maintenance-HISTORICAL_PAPER_EXECUTION]
tests/sentinel/test_env_automation_config.py::test_install_preflight_agrees_with_effective_runtime[RETRY_BASE_SECONDS-900-True-install-DUAL_RUN_OBSERVATION]
tests/sentinel/test_env_automation_config.py::test_install_preflight_agrees_with_effective_runtime[RETRY_BASE_SECONDS-900-True-install-HISTORICAL_PAPER_EXECUTION]
tests/sentinel/test_env_automation_config.py::test_install_preflight_agrees_with_effective_runtime[RETRY_BASE_SECONDS-900-True-maintenance-DUAL_RUN_OBSERVATION]
tests/sentinel/test_env_automation_config.py::test_install_preflight_agrees_with_effective_runtime[RETRY_BASE_SECONDS-900-True-maintenance-HISTORICAL_PAPER_EXECUTION]
tests/sentinel/test_env_automation_config.py::test_install_preflight_agrees_with_effective_runtime[RETRY_MAX_SECONDS-4-False-install-DUAL_RUN_OBSERVATION]
tests/sentinel/test_env_automation_config.py::test_install_preflight_agrees_with_effective_runtime[RETRY_MAX_SECONDS-4-False-install-HISTORICAL_PAPER_EXECUTION]
tests/sentinel/test_env_automation_config.py::test_install_preflight_agrees_with_effective_runtime[RETRY_MAX_SECONDS-4-False-maintenance-DUAL_RUN_OBSERVATION]
tests/sentinel/test_env_automation_config.py::test_install_preflight_agrees_with_effective_runtime[RETRY_MAX_SECONDS-4-False-maintenance-HISTORICAL_PAPER_EXECUTION]
tests/sentinel/test_env_automation_config.py::test_install_preflight_agrees_with_effective_runtime[RETRY_MAX_SECONDS-5-True-install-DUAL_RUN_OBSERVATION]
tests/sentinel/test_env_automation_config.py::test_install_preflight_agrees_with_effective_runtime[RETRY_MAX_SECONDS-5-True-install-HISTORICAL_PAPER_EXECUTION]
tests/sentinel/test_env_automation_config.py::test_install_preflight_agrees_with_effective_runtime[RETRY_MAX_SECONDS-5-True-maintenance-DUAL_RUN_OBSERVATION]
tests/sentinel/test_env_automation_config.py::test_install_preflight_agrees_with_effective_runtime[RETRY_MAX_SECONDS-5-True-maintenance-HISTORICAL_PAPER_EXECUTION]
tests/sentinel/test_env_automation_config.py::test_install_preflight_agrees_with_effective_runtime[CALLBACK_DEADLINE_SECONDS-2-False-install-DUAL_RUN_OBSERVATION]
tests/sentinel/test_env_automation_config.py::test_install_preflight_agrees_with_effective_runtime[CALLBACK_DEADLINE_SECONDS-2-False-install-HISTORICAL_PAPER_EXECUTION]
tests/sentinel/test_env_automation_config.py::test_install_preflight_agrees_with_effective_runtime[CALLBACK_DEADLINE_SECONDS-2-False-maintenance-DUAL_RUN_OBSERVATION]
tests/sentinel/test_env_automation_config.py::test_install_preflight_agrees_with_effective_runtime[CALLBACK_DEADLINE_SECONDS-2-False-maintenance-HISTORICAL_PAPER_EXECUTION]
tests/sentinel/test_env_automation_config.py::test_install_preflight_agrees_with_effective_runtime[CALLBACK_DEADLINE_SECONDS-3-False-install-DUAL_RUN_OBSERVATION]
tests/sentinel/test_env_automation_config.py::test_install_preflight_agrees_with_effective_runtime[CALLBACK_DEADLINE_SECONDS-3-False-install-HISTORICAL_PAPER_EXECUTION]
tests/sentinel/test_env_automation_config.py::test_install_preflight_agrees_with_effective_runtime[CALLBACK_DEADLINE_SECONDS-3-False-maintenance-DUAL_RUN_OBSERVATION]
tests/sentinel/test_env_automation_config.py::test_install_preflight_agrees_with_effective_runtime[CALLBACK_DEADLINE_SECONDS-3-False-maintenance-HISTORICAL_PAPER_EXECUTION]
tests/sentinel/test_env_automation_config.py::test_install_preflight_agrees_with_effective_runtime[CALLBACK_DEADLINE_SECONDS-9-False-install-DUAL_RUN_OBSERVATION]
tests/sentinel/test_env_automation_config.py::test_install_preflight_agrees_with_effective_runtime[CALLBACK_DEADLINE_SECONDS-9-False-install-HISTORICAL_PAPER_EXECUTION]
tests/sentinel/test_env_automation_config.py::test_install_preflight_agrees_with_effective_runtime[CALLBACK_DEADLINE_SECONDS-9-False-maintenance-DUAL_RUN_OBSERVATION]
tests/sentinel/test_env_automation_config.py::test_install_preflight_agrees_with_effective_runtime[CALLBACK_DEADLINE_SECONDS-9-False-maintenance-HISTORICAL_PAPER_EXECUTION]
tests/sentinel/test_env_automation_config.py::test_install_preflight_agrees_with_effective_runtime[CALLBACK_DEADLINE_SECONDS-10-True-install-DUAL_RUN_OBSERVATION]
tests/sentinel/test_env_automation_config.py::test_install_preflight_agrees_with_effective_runtime[CALLBACK_DEADLINE_SECONDS-10-True-install-HISTORICAL_PAPER_EXECUTION]
tests/sentinel/test_env_automation_config.py::test_install_preflight_agrees_with_effective_runtime[CALLBACK_DEADLINE_SECONDS-10-True-maintenance-DUAL_RUN_OBSERVATION]
tests/sentinel/test_env_automation_config.py::test_install_preflight_agrees_with_effective_runtime[CALLBACK_DEADLINE_SECONDS-10-True-maintenance-HISTORICAL_PAPER_EXECUTION]
tests/sentinel/test_execution_authority_gate.py::test_signed_root_must_reach_current_publication_without_a_gap
tests/sentinel/test_execution_authority_gate.py::test_false_predecessor_after_signed_root_refuses
tests/sentinel/test_execution_authority_gate.py::test_sequence_value_gap_with_exact_predecessor_is_valid
tests/sentinel/test_execution_authority_gate.py::test_missing_or_tampered_signed_publication_root_refuses
tests/sentinel/test_execution_authority_gate.py::test_publication_policy_identity_is_versioned_and_source_bound
tests/sentinel/test_execution_callback_death.py::test_abrupt_child_death_retains_durable_recovery_wake[accepted_before_ack_commit]
tests/sentinel/test_execution_callback_death.py::test_abrupt_child_death_retains_durable_recovery_wake[ack_committed_before_result]
tests/sentinel/test_execution_contract.py::TestIdentityIsDerived::test_the_same_inputs_always_give_the_same_key
tests/sentinel/test_execution_contract.py::TestIdentityIsDerived::test_it_is_recomputable_from_DURABLE_FIELDS_ALONE
tests/sentinel/test_execution_contract.py::TestIdentityIsDerived::test_every_component_CHANGES_the_key[change0]
tests/sentinel/test_execution_contract.py::TestIdentityIsDerived::test_every_component_CHANGES_the_key[change1]
tests/sentinel/test_execution_contract.py::TestIdentityIsDerived::test_every_component_CHANGES_the_key[change2]
tests/sentinel/test_execution_contract.py::TestIdentityIsDerived::test_every_component_CHANGES_the_key[change3]
tests/sentinel/test_execution_contract.py::TestIdentityIsDerived::test_every_component_CHANGES_the_key[change4]
tests/sentinel/test_execution_contract.py::TestIdentityIsDerived::test_every_component_CHANGES_the_key[change5]
tests/sentinel/test_execution_contract.py::TestIdentityIsDerived::test_a_takeover_epoch_bump_disjoins_the_whole_namespace
tests/sentinel/test_execution_contract.py::TestIdentityIsDerived::test_the_key_is_short_enough_for_every_broker
tests/sentinel/test_execution_contract.py::TestIdentityIsDerived::test_an_empty_component_RAISES_rather_than_hashing
tests/sentinel/test_execution_contract.py::TestIdentityIsDerived::test_superseding_gives_a_DIFFERENT_key_and_only_via_that_route
tests/sentinel/test_execution_contract.py::TestIdentityIsDerived::test_a_foreign_order_is_not_mistaken_for_ours
tests/sentinel/test_execution_contract.py::TestIdentityIsDerived::test_an_order_from_a_PREVIOUS_epoch_is_still_recognised_as_ours
tests/sentinel/test_execution_contract.py::TestUnknownIsAState::test_a_submit_outcome_cannot_be_FAILED
tests/sentinel/test_execution_contract.py::TestUnknownIsAState::test_UNKNOWN_resolves_to_anything_the_broker_turns_out_to_hold
tests/sentinel/test_execution_contract.py::TestUnknownIsAState::test_UNKNOWN_may_NOT_be_superseded
tests/sentinel/test_execution_contract.py::TestUnknownIsAState::test_UNKNOWN_blocks_an_overlapping_command
tests/sentinel/test_execution_contract.py::TestUnknownIsAState::test_only_a_PLANNED_command_may_be_superseded
tests/sentinel/test_execution_contract.py::TestUnknownIsAState::test_terminal_states_are_terminal
tests/sentinel/test_execution_contract.py::TestUnknownIsAState::test_a_cancel_can_LOSE_the_race_to_a_fill
tests/sentinel/test_execution_contract.py::TestUnknownIsAState::test_a_partial_fill_can_be_followed_by_another
tests/sentinel/test_execution_contract.py::TestObservationCompleteness::test_malformed_recovery_economics_are_not_observations[10-11-100-between zero and quantity]
tests/sentinel/test_execution_contract.py::TestObservationCompleteness::test_malformed_recovery_economics_are_not_observations[10-1-None-requires filled_average_price]
tests/sentinel/test_execution_contract.py::TestObservationCompleteness::test_malformed_recovery_economics_are_not_observations[10-10-100-full quantity]
tests/sentinel/test_execution_contract.py::TestObservationCompleteness::test_one_client_key_cannot_name_two_broker_orders
tests/sentinel/test_execution_contract.py::TestObservationCompleteness::test_a_truncated_read_cannot_support_an_irreversible_conclusion
tests/sentinel/test_execution_contract.py::TestObservationCompleteness::test_a_complete_read_can
tests/sentinel/test_execution_contract.py::TestObservationCompleteness::test_a_zero_quantity_position_is_not_a_position
tests/sentinel/test_execution_contract.py::TestRemainingDelta::test_a_full_exit_sizes_to_the_observed_quantity
tests/sentinel/test_execution_contract.py::TestRemainingDelta::test_a_working_order_is_COMMITTED_and_not_re_ordered
tests/sentinel/test_execution_contract.py::TestRemainingDelta::test_only_the_UNFILLED_part_of_a_working_order_counts
tests/sentinel/test_execution_contract.py::TestRemainingDelta::test_a_TERMINAL_order_claims_nothing
tests/sentinel/test_execution_contract.py::TestRemainingDelta::test_an_opposing_working_order_is_reported_as_a_CONFLICT
tests/sentinel/test_execution_contract.py::TestRemainingDelta::test_a_sub_increment_remainder_is_DUST
tests/sentinel/test_execution_contract.py::TestRemainingDelta::test_quantities_are_DECIMAL_and_a_float_is_refused
tests/sentinel/test_execution_contract.py::TestRemainingDelta::test_a_fractional_residual_is_represented_EXACTLY
tests/sentinel/test_execution_contract.py::TestRuntimePermissions::test_reducing_exposure_survives_states_that_forbid_increasing_it
tests/sentinel/test_execution_contract.py::TestRuntimePermissions::test_BROKER_DEGRADED_permits_no_broker_contact_at_all
tests/sentinel/test_execution_contract.py::TestRuntimePermissions::test_the_shadow_keeps_advancing_in_every_state_but_INTEGRITY_HALTED
tests/sentinel/test_execution_contract.py::TestRuntimePermissions::test_INTEGRITY_HALTED_permits_nothing
tests/sentinel/test_execution_contract.py::TestRuntimePermissions::test_RECONCILING_submits_nothing
tests/sentinel/test_execution_contract.py::TestAuthorize::test_the_happy_path_returns_the_permission_it_granted
tests/sentinel/test_execution_contract.py::TestAuthorize::test_the_WRONG_ACCOUNT_is_refused_before_anything_else
tests/sentinel/test_execution_contract.py::TestAuthorize::test_an_unreadable_account_is_refused_too
tests/sentinel/test_execution_contract.py::TestAuthorize::test_an_INCREASE_needs_a_COMPLETE_observation
tests/sentinel/test_execution_contract.py::TestAuthorize::test_a_REDUCE_does_not
tests/sentinel/test_execution_contract.py::TestAuthorize::test_an_UNKNOWN_command_blocks_a_new_one_for_that_security
tests/sentinel/test_execution_contract.py::TestAuthorize::test_an_in_flight_command_for_ANOTHER_security_does_not_block
tests/sentinel/test_execution_contract.py::TestAuthorize::test_a_terminal_command_does_not_block
tests/sentinel/test_execution_contract.py::TestAuthorize::test_an_opposing_working_order_is_refused_until_cancelled
tests/sentinel/test_execution_contract.py::TestAuthorize::test_DUST_is_refused_as_an_operator_matter
tests/sentinel/test_execution_contract.py::TestAuthorize::test_a_degraded_runtime_refuses_the_INCREASE
tests/sentinel/test_execution_contract.py::TestAuthorize::test_capabilities_FAIL_CLOSED
tests/sentinel/test_execution_contract.py::TestAuthorize::test_a_fractional_command_needs_the_fractional_capability
tests/sentinel/test_execution_contract.py::TestCommandConstruction::test_direction_lives_in_side_not_in_a_signed_quantity
tests/sentinel/test_execution_contract.py::TestCommandConstruction::test_build_produces_a_PLANNED_command_carrying_the_key
tests/sentinel/test_execution_contract.py::TestCommandConstruction::test_a_command_is_replaced_not_edited
tests/sentinel/test_execution_contract.py::TestCommandConstruction::test_an_illegal_transition_raises_from_the_command_too
tests/sentinel/test_execution_state_machine_model.py::test_command_transition_guard_matches_every_independent_model_edge
tests/sentinel/test_execution_state_machine_model.py::test_runtime_permission_guard_matches_every_independent_model_cell
tests/sentinel/test_execution_state_machine_model.py::test_generated_valid_and_invalid_command_paths_preserve_the_model[model-seed-0]
tests/sentinel/test_execution_state_machine_model.py::test_generated_valid_and_invalid_command_paths_preserve_the_model[model-seed-1]
tests/sentinel/test_execution_state_machine_model.py::test_generated_valid_and_invalid_command_paths_preserve_the_model[model-seed-2]
tests/sentinel/test_execution_state_machine_model.py::test_generated_valid_and_invalid_command_paths_preserve_the_model[model-seed-3]
tests/sentinel/test_execution_state_machine_model.py::test_generated_valid_and_invalid_command_paths_preserve_the_model[model-seed-4]
tests/sentinel/test_execution_state_machine_model.py::test_generated_valid_and_invalid_command_paths_preserve_the_model[model-seed-5]
tests/sentinel/test_execution_state_machine_model.py::test_generated_valid_and_invalid_command_paths_preserve_the_model[model-seed-6]
tests/sentinel/test_execution_state_machine_model.py::test_generated_valid_and_invalid_command_paths_preserve_the_model[model-seed-7]
tests/sentinel/test_execution_state_machine_model.py::test_generated_valid_and_invalid_command_paths_preserve_the_model[model-seed-8]
tests/sentinel/test_execution_state_machine_model.py::test_generated_valid_and_invalid_command_paths_preserve_the_model[model-seed-9]
tests/sentinel/test_execution_state_machine_model.py::test_generated_valid_and_invalid_command_paths_preserve_the_model[model-seed-10]
tests/sentinel/test_execution_state_machine_model.py::test_generated_valid_and_invalid_command_paths_preserve_the_model[model-seed-11]
tests/sentinel/test_execution_state_machine_model.py::test_generated_valid_and_invalid_command_paths_preserve_the_model[model-seed-12]
tests/sentinel/test_execution_state_machine_model.py::test_generated_valid_and_invalid_command_paths_preserve_the_model[model-seed-13]
tests/sentinel/test_execution_state_machine_model.py::test_generated_valid_and_invalid_command_paths_preserve_the_model[model-seed-14]
tests/sentinel/test_execution_state_machine_model.py::test_generated_valid_and_invalid_command_paths_preserve_the_model[model-seed-15]
tests/sentinel/test_execution_state_machine_model.py::test_every_legal_edge_survives_persistence_and_connection_restart
tests/sentinel/test_exported_symbol_identity.py::test_exported_full_history_covers_the_exact_nas_failed_session[None]
tests/sentinel/test_exported_symbol_identity.py::test_exported_full_history_covers_the_exact_nas_failed_session[missing-price]
tests/sentinel/test_exported_symbol_identity.py::test_exported_full_history_covers_the_exact_nas_failed_session[missing-older-pair]
tests/sentinel/test_exported_symbol_identity.py::test_exported_full_history_covers_the_exact_nas_failed_session[duplicate-alias]
tests/sentinel/test_exported_symbol_identity.py::test_cheap_retry_probe_follows_all_historical_labels_over_filtered_http
tests/sentinel/test_exported_symbol_identity.py::test_cheap_retry_cannot_hide_conflicting_context_from_full_projection
tests/sentinel/test_exported_symbol_identity.py::test_production_capture_rebuild_and_publication_with_complete_history[None]
tests/sentinel/test_exported_symbol_identity.py::test_production_capture_rebuild_and_publication_with_complete_history[missing-older-pair]
tests/sentinel/test_exported_symbol_identity.py::test_production_capture_rebuild_and_publication_with_complete_history[missing-last-price]
tests/sentinel/test_false_flat_race.py::test_the_rejected_ordering_really_does_lose_the_position
tests/sentinel/test_false_flat_race.py::test_orders_before_positions_cannot_conclude_flat
tests/sentinel/test_false_flat_race.py::test_the_false_flat_would_have_established_ownership_irreversibly
tests/sentinel/test_false_flat_race.py::test_source_reads_orders_before_positions
tests/sentinel/test_feed_deployment_provenance.py::test_mutating_feed_commands_are_classified_at_the_compose_boundary
tests/sentinel/test_feed_deployment_provenance.py::test_feed_run_position_refuses_non_mutation
tests/sentinel/test_feed_deployment_provenance.py::test_old_image_A_cannot_run_feed_daily_after_source_advances_to_B
tests/sentinel/test_feed_deployment_provenance.py::test_matching_clean_head_resolves_and_binds_the_selected_digest
tests/sentinel/test_feed_deployment_provenance.py::test_dirty_source_cannot_authorize_even_a_matching_image
tests/sentinel/test_feed_deployment_provenance.py::test_compatible_environment_is_not_a_deployment_certification
tests/sentinel/test_feed_deployment_provenance.py::test_container_feed_binding_requires_baked_revision_and_injected_facts
tests/sentinel/test_feed_deployment_provenance.py::test_cli_refuses_unbound_feed_before_database_contact
tests/sentinel/test_feed_deployment_provenance.py::test_ingest_run_persists_the_authorized_commit_and_digest
tests/sentinel/test_feed_deployment_provenance.py::test_publication_refuses_missing_or_different_run_producer
tests/sentinel/test_feed_domains.py::TestTheForbiddenColumn::test_closeadj_is_read_in_NO_module_outside_the_allowlist
tests/sentinel/test_feed_domains.py::TestTheForbiddenColumn::test_the_allowlist_is_EXACTLY_the_regime_transport_paths
tests/sentinel/test_feed_domains.py::TestTheForbiddenColumn::test_the_SPY_sensor_is_the_only_strategy_reader
tests/sentinel/test_feed_domains.py::TestTheForbiddenColumn::test_rolling_reader_has_only_the_named_spy_transport_occurrence[sentinel/core/rolling_reader.py]
tests/sentinel/test_feed_domains.py::TestTheForbiddenColumn::test_rolling_reader_has_only_the_named_spy_transport_occurrence[sentinel/rolling_initialization.py]
tests/sentinel/test_feed_domains.py::TestTheForbiddenColumn::test_rolling_reader_has_only_the_named_spy_transport_occurrence[sentinel/core/formation_inputs.py]
tests/sentinel/test_feed_domains.py::TestTheForbiddenColumn::test_the_exemption_is_by_FILE_not_by_PACKAGE
tests/sentinel/test_feed_domains.py::TestTheForbiddenColumn::test_the_guard_CATCHES_a_dict_key_read
tests/sentinel/test_feed_domains.py::TestTheForbiddenColumn::test_the_guard_still_catches_the_ATTRIBUTE_form
tests/sentinel/test_feed_domains.py::TestTheForbiddenColumn::test_a_DOCSTRING_naming_the_column_is_still_exempt
tests/sentinel/test_feed_domains.py::TestTheForbiddenColumn::test_a_COMMENT_naming_the_column_is_still_exempt
tests/sentinel/test_feed_domains.py::TestTheForbiddenColumn::test_a_FUNCTION_docstring_is_exempt_but_its_body_is_not
tests/sentinel/test_feed_domains.py::TestSplitRatio::test_a_2_for_1_gives_ratio_2_not_one_half
tests/sentinel/test_feed_domains.py::TestSplitRatio::test_a_reverse_split_gives_the_reciprocal
tests/sentinel/test_feed_domains.py::TestSplitRatio::test_vendor_rounding_is_NOT_a_split
tests/sentinel/test_feed_domains.py::TestSplitRatio::test_a_near_integral_ratio_is_SNAPPED
tests/sentinel/test_feed_domains.py::TestSplitRatio::test_missing_or_nonpositive_inputs_mean_no_split
tests/sentinel/test_feed_domains.py::TestNormalisation::test_the_open_is_SCALED_into_the_as_traded_domain
tests/sentinel/test_feed_domains.py::TestNormalisation::test_a_bar_with_no_as_traded_close_is_DROPPED_not_substituted
tests/sentinel/test_feed_domains.py::TestNormalisation::test_an_unresolvable_identity_is_DROPPED_not_keyed_on_the_ticker
tests/sentinel/test_feed_domains.py::TestNormalisation::test_the_split_ratio_follows_the_SECURITY_not_the_symbol
tests/sentinel/test_feed_domains.py::TestNormalisation::test_dividends_are_attached_per_ticker_session
tests/sentinel/test_feed_domains.py::TestNormalisation::test_both_column_spellings_are_accepted
tests/sentinel/test_feed_domains.py::TestTheCoverageRefusal::test_a_mostly_empty_raw_domain_REFUSES
tests/sentinel/test_feed_domains.py::TestTheCoverageRefusal::test_ordinary_gaps_do_NOT_refuse
tests/sentinel/test_feed_domains.py::TestTheCoverageRefusal::test_an_empty_feed_does_not_divide_by_zero
tests/sentinel/test_feed_ingest.py::TestSeed::test_a_reversed_range_refuses_before_a_run_row_exists
tests/sentinel/test_feed_ingest.py::TestSeed::test_it_chunks_by_YEAR_and_publishes_each
tests/sentinel/test_feed_ingest.py::TestSeed::test_IDENTITY_then_ACTIONS_then_prices
tests/sentinel/test_feed_ingest.py::TestSeed::test_an_interrupted_seed_RESUMES_without_duplicating
tests/sentinel/test_feed_ingest.py::TestSeed::test_a_failed_seed_is_RECORDED_as_failed
tests/sentinel/test_feed_ingest.py::TestDaily::test_it_OVERLAPS_the_frontier_so_restatements_are_repaired
tests/sentinel/test_feed_ingest.py::TestDaily::test_daily_on_an_EMPTY_corpus_refuses_with_the_remedy
tests/sentinel/test_feed_ingest.py::TestDaily::test_a_mostly_empty_raw_domain_REFUSES_on_the_daily_path
tests/sentinel/test_feed_ingest.py::TestDaily::test_legacy_equities_get_bounded_spy_and_bil_reference_evidence
tests/sentinel/test_feed_reobservation_regressions.py::test_go_opt_in_reobserves_already_current_market_frontier
tests/sentinel/test_feed_reobservation_regressions.py::test_failed_sep_candidate_retries_on_vendor_clock_when_cursor_leads_market
tests/sentinel/test_feed_static_architecture.py::test_public_feed_modules_install_no_custom_module_classes
tests/sentinel/test_feed_static_architecture.py::test_public_feed_facades_use_only_explicit_imports
tests/sentinel/test_feed_static_architecture.py::test_ingest_import_does_not_replace_run_or_identity_lifecycle
tests/sentinel/test_feed_static_architecture.py::test_public_facade_imports_do_not_replace_implementation_callables
tests/sentinel/test_feed_static_architecture.py::test_reverse_import_order_keeps_implementation_callables_stable
tests/sentinel/test_feed_static_architecture.py::test_public_feed_exports_are_direct_canonical_object_bindings
tests/sentinel/test_feed_static_architecture.py::test_hidden_feed_modules_expose_no_duplicate_production_orchestration
tests/sentinel/test_feed_static_architecture.py::test_public_monkeypatch_does_not_propagate_to_hidden_implementation
tests/sentinel/test_feed_static_architecture.py::test_seed_has_one_public_generation_path
tests/sentinel/test_feed_static_architecture.py::test_seed_coherence_keeps_success_reopen_private
tests/sentinel/test_feed_static_architecture.py::test_canonical_entrypoints_are_owned_by_public_modules
tests/sentinel/test_feed_store.py::TestProgressIsVisibleToOtherProcesses::test_a_watcher_sees_progress_MID_RUN
tests/sentinel/test_feed_store.py::TestProgressIsVisibleToOtherProcesses::test_counters_survive_the_writer_dying
tests/sentinel/test_feed_store.py::TestProgressIsVisibleToOtherProcesses::test_a_failing_chunk_RECORDS_before_it_raises
tests/sentinel/test_feed_store.py::TestIdempotentUpserts::test_re_running_a_chunk_does_not_duplicate
tests/sentinel/test_feed_store.py::TestIdempotentUpserts::test_a_re_fetch_CORRECTS_a_restated_bar
tests/sentinel/test_feed_store.py::TestIdempotentUpserts::test_the_as_traded_price_cannot_be_NULL
tests/sentinel/test_feed_store.py::TestIdempotentUpserts::test_latest_session_drives_the_incremental_resume
tests/sentinel/test_feed_universe.py::TestTheParseThatBrokeTheReference::test_whitespace_separated_related_tickers_are_TOKENISED
tests/sentinel/test_feed_universe.py::TestTheParseThatBrokeTheReference::test_comma_separated_still_works
tests/sentinel/test_feed_universe.py::TestTheParseThatBrokeTheReference::test_GOOG_and_GOOGL_get_the_SAME_issuer_key
tests/sentinel/test_feed_universe.py::TestTheParseThatBrokeTheReference::test_the_OLD_comma_only_parse_would_NOT_have_matched
tests/sentinel/test_feed_universe.py::TestTheParseThatBrokeTheReference::test_the_key_is_ORDER_INDEPENDENT
tests/sentinel/test_feed_universe.py::TestTheParseThatBrokeTheReference::test_a_lone_security_falls_back_to_the_PERMATICKER
tests/sentinel/test_feed_universe.py::TestTheParseThatBrokeTheReference::test_no_identity_at_all_returns_None_rather_than_guessing
tests/sentinel/test_feed_universe.py::TestPointInTimeIdentity::test_a_REUSED_ticker_resolves_to_the_right_company_per_session
tests/sentinel/test_feed_universe.py::TestPointInTimeIdentity::test_a_session_in_the_GAP_resolves_to_nothing
tests/sentinel/test_feed_universe.py::TestPointInTimeIdentity::test_an_unknown_ticker_resolves_to_nothing
tests/sentinel/test_feed_universe.py::TestPointInTimeIdentity::test_an_AMBIGUOUS_session_refuses_rather_than_coin_flipping
tests/sentinel/test_feed_universe.py::TestPointInTimeIdentity::test_open_ended_listings_cover_everything
tests/sentinel/test_feed_universe.py::TestPointInTimeIdentity::test_reused_tickers_are_reported
tests/sentinel/test_feed_universe.py::TestPointInTimeIdentity::test_rows_without_a_permaticker_are_DROPPED
tests/sentinel/test_feed_universe.py::TestTheResolverDrivesTheFeed::test_bars_are_keyed_on_the_SECURITY_not_the_symbol
tests/sentinel/test_feed_universe.py::TestTheResolverDrivesTheFeed::test_an_unresolvable_bar_is_dropped_and_COUNTED
tests/sentinel/test_feed_universe.py::TestUniversePublication::test_identical_complete_snapshot_can_retry_on_same_day
tests/sentinel/test_feed_universe.py::TestUniversePublication::test_same_day_retry_still_refuses_a_complete_snapshot_omission
tests/sentinel/test_feed_universe.py::TestUniversePublication::test_same_day_retry_refuses_changed_published_metadata
tests/sentinel/test_feed_universe.py::TestUniversePublication::test_same_day_retry_can_append_a_genuinely_new_listing
tests/sentinel/test_feed_universe.py::TestUniversePublication::test_an_unpublished_snapshot_cannot_change_identity_resolution
tests/sentinel/test_feed_universe.py::TestUniversePublication::test_candidate_resolver_reads_current_plus_only_that_candidate
tests/sentinel/test_feed_universe.py::TestUniversePublication::test_duplicate_dated_snapshots_collapse_without_losing_boundaries
tests/sentinel/test_final_deploy_overnight_readiness.py::test_bootstrap_persists_reviewed_dual_as_dual
tests/sentinel/test_final_deploy_overnight_readiness.py::test_mobile_panel_uses_the_promoted_runtime_selector
tests/sentinel/test_formed_economics.py::test_flat_half_cash_book_pays_for_stock_and_bil_only[1-.9995]
tests/sentinel/test_formed_economics.py::test_flat_half_cash_book_pays_for_stock_and_bil_only[.55-.999275]
tests/sentinel/test_formed_economics.py::test_flat_half_cash_book_pays_for_stock_and_bil_only[0-.999]
tests/sentinel/test_formed_economics.py::test_canonical_rotation_cost_is_replaced_by_one_funded_entry
tests/sentinel/test_formed_economics.py::test_missing_or_invented_opening_evidence_refuses[marks0]
tests/sentinel/test_formed_economics.py::test_missing_or_invented_opening_evidence_refuses[marks1]
tests/sentinel/test_formed_economics.py::test_missing_or_invented_opening_evidence_refuses[marks2]
tests/sentinel/test_formed_economics.py::test_missing_or_invented_opening_evidence_refuses[marks3]
tests/sentinel/test_formed_restore.py::test_logical_restore_preserves_authenticated_formed_origin_and_never_reforms
tests/sentinel/test_formed_startup.py::test_startup_window_does_not_relax_the_rolling_contract
tests/sentinel/test_formed_startup.py::test_progress_commit_reply_loss_resumes_exactly_once[0]
tests/sentinel/test_formed_startup.py::test_progress_commit_reply_loss_resumes_exactly_once[1]
tests/sentinel/test_formed_startup.py::test_progress_commit_reply_loss_resumes_exactly_once[63]
tests/sentinel/test_formed_startup.py::test_progress_commit_reply_loss_resumes_exactly_once[126]
tests/sentinel/test_formed_startup.py::test_progress_cannot_be_self_rehashed_or_rebound[context]
tests/sentinel/test_formed_startup.py::test_progress_cannot_be_self_rehashed_or_rebound[rehashed_state]
tests/sentinel/test_formed_startup.py::test_progress_cannot_be_self_rehashed_or_rebound[cursor]
tests/sentinel/test_formed_startup.py::test_authenticated_origin_cannot_change_context_or_seed
tests/sentinel/test_formed_startup.py::test_first_funded_open_accounts_for_entry_and_preserves_formed_identity
tests/sentinel/test_formed_startup.py::test_valid_obsolete_generation_is_retained_then_reformed_not_spliced
tests/sentinel/test_forward_chain_certification.py::TestCorrectedReferenceContract::test_full_chain_is_exact_7188_session_xnys_axis
tests/sentinel/test_forward_chain_certification.py::TestCorrectedReferenceContract::test_committed_tape_is_exact_5032_session_xnys_lineage
tests/sentinel/test_forward_chain_certification.py::TestCorrectedReferenceContract::test_missing_row_is_refused_before_any_differential
tests/sentinel/test_forward_chain_certification.py::TestCorrectedReferenceContract::test_field_schema_mismatch_is_refused
tests/sentinel/test_forward_chain_certification.py::TestCorrectedReferenceContract::test_session_axis_mismatch_is_refused_even_at_the_same_count
tests/sentinel/test_forward_chain_certification.py::TestCorrectedReferenceContract::test_crlf_conversion_is_a_checksum_failure
tests/sentinel/test_forward_chain_certification.py::TestCorrectedReferenceContract::test_mutation_of_uncompared_nav_field_is_a_checksum_failure
tests/sentinel/test_forward_chain_certification.py::TestCorrectedReferenceContract::test_manifest_digest_cannot_be_re_pinned_by_editing_the_manifest
tests/sentinel/test_forward_chain_certification.py::TestCorrectedReferenceContract::test_gitattributes_preserves_frozen_tape_bytes
tests/sentinel/test_forward_chain_certification.py::TestCorrectedReferenceContract::test_full_chain_count_or_boundaries_cannot_be_narrowed[sessions0]
tests/sentinel/test_forward_chain_certification.py::TestCorrectedReferenceContract::test_full_chain_count_or_boundaries_cannot_be_narrowed[sessions1]
tests/sentinel/test_forward_chain_certification.py::TestDecisionBasisTiming::test_close_t_decision_is_compared_to_next_session_allocation
tests/sentinel/test_forward_chain_certification.py::TestDecisionBasisTiming::test_wrong_next_session_decision_names_both_dates
tests/sentinel/test_forward_chain_certification.py::TestDecisionBasisTiming::test_same_session_field_mismatch_is_the_first_divergence
tests/sentinel/test_forward_chain_certification.py::TestDecisionBasisTiming::test_final_close_target_is_not_compared_without_a_next_tape_row
tests/sentinel/test_forward_chain_certification.py::TestCanonicalProductionDriver::test_session_state_loader_warmup_and_advance_are_the_invoked_components
tests/sentinel/test_forward_chain_certification.py::TestCanonicalProductionDriver::test_loader_session_or_publication_mismatch_refuses
tests/sentinel/test_forward_chain_certification.py::TestReadOnlyProvenanceBoundary::test_snapshot_is_repeatable_read_and_read_only
tests/sentinel/test_forward_chain_certification.py::TestReadOnlyProvenanceBoundary::test_incomplete_or_mismatched_corpus_identity_refuses[change0]
tests/sentinel/test_forward_chain_certification.py::TestReadOnlyProvenanceBoundary::test_incomplete_or_mismatched_corpus_identity_refuses[change1]
tests/sentinel/test_forward_chain_certification.py::TestReadOnlyProvenanceBoundary::test_incomplete_or_mismatched_corpus_identity_refuses[change2]
tests/sentinel/test_forward_chain_certification.py::TestReadOnlyProvenanceBoundary::test_incomplete_or_mismatched_corpus_identity_refuses[change3]
tests/sentinel/test_forward_chain_certification.py::TestReadOnlyProvenanceBoundary::test_report_binds_same_pin_to_corpus_chain_and_source
tests/sentinel/test_forward_chain_certification.py::TestReadOnlyProvenanceBoundary::test_source_identity_contains_runner_production_and_reference_hashes
tests/sentinel/test_forward_chain_certification.py::test_runner_imports_no_execution_or_broker_module
tests/sentinel/test_forward_chain_certification.py::test_output_artifact_refuses_overwrite
tests/sentinel/test_forward_chain_certification.py::test_output_artifact_is_complete_and_leaves_no_temporary
tests/sentinel/test_forward_chain_certification.py::test_output_artifact_directory_open_failure_removes_publication_and_retries
tests/sentinel/test_forward_chain_certification.py::test_output_artifact_directory_fsync_failure_removes_publication_and_retries
tests/sentinel/test_forward_chain_certification.py::test_cli_without_database_url_refuses_without_connecting
tests/sentinel/test_forward_chain_certification.py::test_generic_cli_failure_redacts_exception_detail
tests/sentinel/test_forward_run_artifact.py::test_forward_report_schema_versions_defensive_evidence
tests/sentinel/test_forward_run_artifact.py::test_record_binds_actual_bytes_sources_images_and_completion
tests/sentinel/test_forward_run_artifact.py::test_run_formal_owns_one_broker_free_invocation
tests/sentinel/test_forward_run_artifact.py::test_fabricated_partial_or_mutating_run_cannot_publish[minimal_pass]
tests/sentinel/test_forward_run_artifact.py::test_fabricated_partial_or_mutating_run_cannot_publish[partial_count]
tests/sentinel/test_forward_run_artifact.py::test_fabricated_partial_or_mutating_run_cannot_publish[write_transaction]
tests/sentinel/test_forward_run_artifact.py::test_fabricated_partial_or_mutating_run_cannot_publish[wrong_corpus]
tests/sentinel/test_forward_run_artifact.py::test_fabricated_partial_or_mutating_run_cannot_publish[wrong_runner]
tests/sentinel/test_forward_run_artifact.py::test_fabricated_partial_or_mutating_run_cannot_publish[runtime_identity]
tests/sentinel/test_forward_run_artifact.py::test_fabricated_partial_or_mutating_run_cannot_publish[nonzero_exit]
tests/sentinel/test_forward_run_artifact.py::test_fabricated_partial_or_mutating_run_cannot_publish[stderr]
tests/sentinel/test_forward_run_artifact.py::test_fabricated_partial_or_mutating_run_cannot_publish[broker_option]
tests/sentinel/test_forward_run_artifact.py::test_fabricated_partial_or_mutating_run_cannot_publish[unpublished_anomaly]
tests/sentinel/test_forward_run_artifact.py::test_fabricated_partial_or_mutating_run_cannot_publish[unpublished_defensive]
tests/sentinel/test_forward_run_artifact.py::test_fabricated_partial_or_mutating_run_cannot_publish[missing_defensive_bars]
tests/sentinel/test_forward_run_artifact.py::test_fabricated_partial_or_mutating_run_cannot_publish[changed_defensive_bars]
tests/sentinel/test_forward_run_artifact.py::test_validation_recomputes_raw_output_and_producer_identity
tests/sentinel/test_forward_run_artifact.py::test_cli_has_no_preexisting_report_input
tests/sentinel/test_forward_run_artifact.py::test_atomic_publish_is_no_clobber_and_rolls_back_post_link
tests/sentinel/test_full_production_trading_day.py::test_complete_production_day_reconciles_and_restart_is_a_noop
tests/sentinel/test_generated_economic_sequences.py::test_generated_failures_preserve_invariants_and_replay_exactly[seed-0]
tests/sentinel/test_generated_economic_sequences.py::test_generated_failures_preserve_invariants_and_replay_exactly[seed-1]
tests/sentinel/test_generated_economic_sequences.py::test_generated_failures_preserve_invariants_and_replay_exactly[seed-2]
tests/sentinel/test_generated_economic_sequences.py::test_generated_failures_preserve_invariants_and_replay_exactly[seed-3]
tests/sentinel/test_generated_economic_sequences.py::test_generated_failures_preserve_invariants_and_replay_exactly[seed-4]
tests/sentinel/test_generated_economic_sequences.py::test_generated_failures_preserve_invariants_and_replay_exactly[seed-5]
tests/sentinel/test_generated_economic_sequences.py::test_generated_failures_preserve_invariants_and_replay_exactly[seed-6]
tests/sentinel/test_generated_economic_sequences.py::test_generated_failures_preserve_invariants_and_replay_exactly[seed-7]
tests/sentinel/test_generated_economic_sequences.py::test_restart_soak_replays_duplicate_and_reordered_evidence_exactly[soak-0]
tests/sentinel/test_generated_economic_sequences.py::test_restart_soak_replays_duplicate_and_reordered_evidence_exactly[soak-1]
tests/sentinel/test_generated_economic_sequences.py::test_restart_soak_replays_duplicate_and_reordered_evidence_exactly[soak-2]
tests/sentinel/test_generated_economic_sequences.py::test_restart_soak_replays_duplicate_and_reordered_evidence_exactly[soak-3]
tests/sentinel/test_generated_economic_sequences.py::test_combined_fault_injection_converges_and_replays_exactly[combined-0]
tests/sentinel/test_generated_economic_sequences.py::test_combined_fault_injection_converges_and_replays_exactly[combined-1]
tests/sentinel/test_generated_economic_sequences.py::test_unknown_command_blocks_overlap_after_database_restart
tests/sentinel/test_generated_economic_sequences.py::test_cancel_outage_ignored_cancel_and_fill_race_converge_after_restart
tests/sentinel/test_go_actual_deadline_guard.py::test_prepared_missing_actual_deadline_refuses_instead_of_becoming_timing_failure
tests/sentinel/test_go_actual_deadline_guard.py::test_deadline_guard_preserves_bounded_runner_capability_for_inner_probe_contract
tests/sentinel/test_go_actual_deadline_guard.py::test_deadline_guard_preserves_production_command_runner_deadline_seam
tests/sentinel/test_go_actual_deadline_guard.py::test_unprepared_none_remains_guarded_by_existing_phase_contract
tests/sentinel/test_go_actual_deadline_guard.py::test_verified_entry_installs_deadline_guard_after_probe_contract_before_observability
tests/sentinel/test_go_backup_refresh.py::test_direct_refresh_refuses_without_exact_artifact_certification
tests/sentinel/test_go_backup_refresh.py::test_direct_refresh_refuses_without_lifecycle_lock
tests/sentinel/test_go_backup_refresh.py::test_direct_refresh_requires_exact_current_run_token_in_supplied_environment
tests/sentinel/test_go_backup_refresh.py::test_healthy_backup_checkpoint_does_not_create_another_backup
tests/sentinel/test_go_backup_refresh.py::test_repairable_states_create_and_verify_exact_new_backup[BASE_BACKUP_STALE-latest base backup is 246h old (max 30h)]
tests/sentinel/test_go_backup_refresh.py::test_repairable_states_create_and_verify_exact_new_backup[BASE_BACKUP_RUNTIME_HORIZON_EXCEEDED-restore horizon exceeds runtime proof budget]
tests/sentinel/test_go_backup_refresh.py::test_repairable_states_create_and_verify_exact_new_backup[WAL_ARCHIVE_STALE-last WAL archive is 31h old]
tests/sentinel/test_go_backup_refresh.py::test_repairable_states_create_and_verify_exact_new_backup[BASE_BACKUP_MISSING-no base backup exists]
tests/sentinel/test_go_backup_refresh.py::test_repairable_states_create_and_verify_exact_new_backup[BASE_BACKUP_NOT_FOUND-requested base backup does not exist: /backup/base/x]
tests/sentinel/test_go_backup_refresh.py::test_repairable_states_create_and_verify_exact_new_backup[WAL_ARCHIVE_UNINITIALIZED-no successful WAL archive is recorded]
tests/sentinel/test_go_backup_refresh.py::test_repairable_states_create_and_verify_exact_new_backup[WAL_ARCHIVE_UNRESOLVED_FAILURE-an unresolved archive failure is newer than the last success]
tests/sentinel/test_go_backup_refresh.py::test_repairable_states_create_and_verify_exact_new_backup[BASE_BACKUP_MANIFEST_MISSING-latest backup has no manifest: /backup/base/base-20260828T010203Z]
tests/sentinel/test_go_backup_refresh.py::test_repairable_states_create_and_verify_exact_new_backup[BASE_BACKUP_RECOVERY_MARKER_MISSING-latest backup lacks a post-base recovery marker]
tests/sentinel/test_go_backup_refresh.py::test_repairable_reason_is_not_broken_by_unrelated_diagnostics
tests/sentinel/test_go_backup_refresh.py::test_structural_backup_failure_remains_operator_refusal
tests/sentinel/test_go_backup_refresh.py::test_status_reason_requires_exit_four_and_one_well_formed_reason
tests/sentinel/test_go_backup_refresh.py::test_refresh_must_emit_one_exact_verified_backup_path
tests/sentinel/test_go_backup_refresh.py::test_refresh_must_prove_recovery_marker_database_mutation
tests/sentinel/test_go_backup_refresh.py::test_refresh_failure_is_fail_closed
tests/sentinel/test_go_backup_refresh.py::test_stale_archiver_reason_survives_go_without_starting_a_base_copy
tests/sentinel/test_go_backup_refresh.py::test_refresh_preserves_reviewed_causal_reason_without_raw_diagnostics[WAL_ARCHIVE_SCRIPT_DRIFT]
tests/sentinel/test_go_backup_refresh.py::test_refresh_preserves_reviewed_causal_reason_without_raw_diagnostics[BASE_BACKUP_EVIDENCE_WRITE_FAILED]
tests/sentinel/test_go_backup_refresh.py::test_refresh_preserves_reviewed_causal_reason_without_raw_diagnostics[BASE_BACKUP_EVIDENCE_SCHEMA_UNAVAILABLE]
tests/sentinel/test_go_backup_refresh.py::test_refresh_rejects_unknown_or_ambiguous_machine_diagnostics[SENTINEL_BASE_BACKUP_REASON=SECRET_VALUE\n]
tests/sentinel/test_go_backup_refresh.py::test_refresh_rejects_unknown_or_ambiguous_machine_diagnostics[SENTINEL_BASE_BACKUP_REASON=WAL_ARCHIVE_SCRIPT_DRIFT\nSENTINEL_BASE_BACKUP_REASON=WAL_ARCHIVE_SCRIPT_DRIFT\n]
tests/sentinel/test_go_backup_refresh.py::test_backup_subprocesses_never_receive_broker_authority
tests/sentinel/test_go_backup_refresh.py::test_checkout_identity_is_rechecked_after_refresh
tests/sentinel/test_go_backup_refresh.py::test_local_audit_retains_exact_path_and_publicly_bindable_digest
tests/sentinel/test_go_backup_refresh.py::test_backup_audit_digest_is_folded_into_preparation_evidence
tests/sentinel/test_go_backup_refresh.py::test_certified_overlay_missing_call_contract_fails_closed
tests/sentinel/test_go_backup_refresh.py::test_certified_overlay_mismatched_run_token_cannot_fall_through
tests/sentinel/test_go_backup_refresh.py::test_verified_entry_installs_backup_refresh_after_phase_guard
tests/sentinel/test_go_backup_refresh.py::test_overlay_requires_exact_capability_and_machine_status_contract
tests/sentinel/test_go_backup_refresh_call_contract.py::test_certified_overlay_refuses_non_runner_positional_drift
tests/sentinel/test_go_backup_refresh_call_contract.py::test_certified_overlay_refuses_missing_commit
tests/sentinel/test_go_backup_refresh_call_contract.py::test_certified_overlay_refuses_missing_runtime_identity
tests/sentinel/test_go_certification_cache_contract.py::test_invalid_git_identity_never_runs_certification_suite
tests/sentinel/test_go_certification_cache_contract.py::test_cache_rejects_extra_top_level_field_even_with_recomputed_hash
tests/sentinel/test_go_certification_cache_contract.py::test_cache_rejects_test_summary_field_drift_before_image_inspection
tests/sentinel/test_go_identity_history_recovery_preflight.py::test_historical_identity_mutation_is_recovery_required_in_readonly_probe
tests/sentinel/test_go_identity_history_recovery_preflight.py::test_identity_history_recovery_requirement_allows_go_to_continue
tests/sentinel/test_go_identity_history_recovery_preflight.py::test_unrelated_source_refusal_still_blocks_go
tests/sentinel/test_go_identity_history_recovery_preflight.py::test_certified_recovery_owns_historical_identity_rebuild_escalation
tests/sentinel/test_go_legacy_feed_mode_refusal.py::test_legacy_go_validation_mode_refuses_before_feed_surface_import
tests/sentinel/test_go_legacy_feed_mode_refusal.py::test_supported_verified_preparation_removes_legacy_service_mode
tests/sentinel/test_go_legacy_feed_mode_refusal.py::test_legacy_core_producer_is_the_retired_mode_source
tests/sentinel/test_go_output_guard.py::test_redact_removes_bare_and_embedded_actual_secret_values
tests/sentinel/test_go_output_guard.py::test_run_guarded_redacts_actual_secrets_on_stdout_and_stderr
tests/sentinel/test_go_output_guard.py::test_run_guarded_preserves_child_exit_code
tests/sentinel/test_go_output_guard.py::test_webhook_is_redacted_from_streams_and_scanned_in_bundles
tests/sentinel/test_go_output_guard.py::test_output_guard_preserves_exact_inherited_lifecycle_lock_descriptor
tests/sentinel/test_go_output_guard.py::test_stale_lock_environment_refuses_before_child_start
tests/sentinel/test_go_output_guard.py::test_signal_arriving_during_child_start_is_forwarded_after_spawn
tests/sentinel/test_go_output_guard.py::test_output_guard_forwards_termination_to_child_process_group
tests/sentinel/test_go_output_guard.py::test_process_group_escalation_uses_sigkill_after_grace
tests/sentinel/test_go_output_guard.py::test_supported_launcher_guards_both_sensitive_diagnostic_surfaces
tests/sentinel/test_go_preflight_vendor_cursor_clock.py::test_readonly_preflight_keeps_sep_vendor_clock_separate_from_market_clock
tests/sentinel/test_go_preflight_vendor_cursor_clock.py::test_readonly_preflight_keeps_market_cursors_on_market_target
tests/sentinel/test_go_preparation_attempts.py::test_partial_preparation_attempts_survive_failure[connect-expected0-import hashlib\nimport json, os\n\nSUCCESS_MARKER = 'SENTINEL_GO_PREPARATION='\nRECOVERY_MARKER = 'SENTINEL_GO_PREPARATION_RECOVERY='\nFAILURE_MARKER = 'SENTINEL_GO_PREPARATION_FAILURE='\nIDENTITY_REASON_CODES = {\n    'NO_PERMANENT_ID': 'SOURCE_IDENTITY_NO_PERMANENT_ID',\n    'IDENTITY_INTERVAL_GAP': 'SOURCE_IDENTITY_INTERVAL_GAP',\n    'TICKER_REUSE_UNRESOLVED': 'SOURCE_IDENTITY_TICKER_REUSE_UNRESOLVED',\n    'AMBIGUOUS_IDENTITY': 'SOURCE_IDENTITY_AMBIGUOUS',\n}\n\n\ndef failure_detail(exc):\n    raw = str(exc).strip()\n    if not raw:\n        return {}\n    digest = hashlib.sha256(raw.encode('utf-8', errors='replace')).hexdigest()\n    lowered = raw.lower()\n    prohibited = ('http://', 'https://', 'api_key', 'api-key', 'password',\n                  'authorization', 'postgres://', 'postgresql://', 'apca-api-')\n    value = {'detail_sha256': digest}\n    if any(item in lowered for item in prohibited) or '\\n' in raw or '\\r' in raw:\n        return value\n    from sentinel.source_diagnostic import coverage_diagnostic\n    source = coverage_diagnostic(raw)\n    if source is not None:\n        value['source_coverage'] = source\n    if len(raw) > 420:\n        raw = raw[:365] + ' ... [sha256:%s]' % digest[:16]\n    value['detail'] = raw\n    return value\n\n\ndef reason_code(phase, exc):\n    name = type(exc).__name__\n    lowered = str(exc).lower()\n    if name == 'SeedIdentityCollision':\n        return 'SOURCE_IDENTITY_COLLISION'\n    if name == 'VendorPublicationUnstable':\n        return 'SOURCE_PUBLICATION_UNSTABLE'\n    if name == 'OperationalAcquisitionRefused':\n        return 'OPERATIONAL_ACQUISITION_BOUND_EXCEEDED'\n    if name == 'SharadarSnapshotExportError':\n        return 'SOURCE_EXPORT_UNAVAILABLE'\n    if name == 'ExportPending':\n        return 'SOURCE_EXPORT_PENDING'\n    if name == 'SharadarRetryDeferred':\n        return 'SOURCE_RETRY_DEFERRED'\n    if name == 'MutationCursorUnavailable':\n        return 'LOCAL_CURSOR_MISSING'\n    if name == 'HistoricalIdentityMutation':\n        return 'SOURCE_IDENTITY_HISTORY_MUTATION'\n    if name == 'SeedHistoryIncomplete' and lowered.startswith(\n            'sharadar sep seed eligible-set coverage refused:'):\n        return 'SOURCE_SEED_COVERAGE_INCOMPLETE'\n    if name == 'SepMutationIdentityRefused':\n        identity_reason = str(getattr(exc, 'reason_code', '') or '')\n        return IDENTITY_REASON_CODES.get(\n            identity_reason, 'SOURCE_IDENTITY_UNRESOLVED')\n    if name in {'SharadarMutationRefused', 'SourceAuthorityRefused'}:\n        if 'source cursor' in lowered:\n            return 'LOCAL_CURSOR_CORRUPT'\n        if 'no positive raw close' in lowered:\n            return 'SOURCE_RAW_CLOSE_INVALID'\n        if 'lastupdated' in lowered or 'invalid date' in lowered:\n            return 'SOURCE_CDC_INVALID'\n        return 'SOURCE_AUTHORITY_REFUSED'\n    return {\n        'RUNTIME_IMPORT': 'PREPARATION_RUNTIME_IMPORT_FAILURE',\n        'DATABASE_CONNECT': 'PREPARATION_DATABASE_CONNECT_FAILURE',\n        'BACKUP_DURABILITY': 'PREPARATION_BACKUP_DURABILITY_REFUSED',\n        'SCHEMA_MIGRATION': 'PREPARATION_SCHEMA_MIGRATION_FAILED',\n        'SOURCE_FINAL_FRONTIER': 'PREPARATION_SOURCE_FINAL_FRONTIER_FAILED',\n        'DAILY_CATCHUP': 'PREPARATION_DAILY_CATCHUP_FAILED',\n        'PUBLICATION_CHECK': 'PREPARATION_PUBLICATION_CHECK_FAILED',\n    }.get(str(phase), 'PREPARATION_RUNTIME_FAILURE')\n\n\ndef emit_failure(phase, exc):\n    value = {\n        'phase': str(phase),\n        'error_type': type(exc).__name__,\n        'reason_code': reason_code(phase, exc),\n        'schema_migration_attempted': schema_attempted,\n        'bounded_sharadar_daily_attempted': daily_attempted,\n    }\n    if type(exc).__name__ == 'SepMutationIdentityRefused':\n        identity_reason = str(getattr(exc, 'reason_code', '') or '')\n        if identity_reason:\n            value['identity_reason'] = identity_reason\n    value.update(failure_detail(exc))\n    print(FAILURE_MARKER + json.dumps(value, sort_keys=True), flush=True)\n\n\nc = None\nschema_attempted = False\ndaily_attempted = False\nphase = 'RUNTIME_IMPORT'\ntry:\n    from datetime import datetime, timezone\n    from sentinel import backup_guard, schema\n    from sentinel.feed import calendar, rolling_go_inputs, publication, store, progress\n    from sentinel.shadow_runtime import publication_not_before\n\n    def latest_source_final(now):\n        target = calendar.latest_closed_session(now)\n        while now < publication_not_before(target):\n            previous = calendar.previous_sessions(target, 2)\n            if len(previous) != 2 or previous[-1] != target:\n                raise RuntimeError('source-final predecessor session is unavailable')\n            target = previous[0]\n        return target\n\n    phase = 'DATABASE_CONNECT'\n    progress.emit('database_connect', 'started')\n    c = store.connect(os.environ['SENTINEL_DATABASE_URL'])\n    phase = 'BACKUP_DURABILITY'\n    progress.emit('backup_durability', 'started')\n    backup_guard.require_writes_permitted(\n        c, operation='NAS validation schema migration')\n    phase = 'SCHEMA_MIGRATION'\n    progress.emit('schema_migration', 'started', reason='BEHAVIORAL_SCHEMA')\n    schema_attempted = True\n    schema.ensure_schema(c)\n    progress.emit('schema_migration', 'started', reason='FEED_SCHEMA')\n    store.migrate_schema(c)\n    progress.emit('schema_migration', 'completed')\n\n    phase = 'SOURCE_FINAL_FRONTIER'\n    now = datetime.now(timezone.utc)\n    target = latest_source_final(now)\n    execution_session = calendar.next_session(target)\n    execution_open, _execution_close = calendar.session_window(execution_session)\n    source_final = now >= publication_not_before(target)\n    following_open_future = now < execution_open.astimezone(timezone.utc)\n\n    phase = 'DAILY_CATCHUP'\n    progress.emit('daily_catchup', 'started', date_to=target)\n    daily_attempted = True\n    recovered = rolling_go_inputs.prepare(c, target_session=target)\n    print(RECOVERY_MARKER + json.dumps({\n        'mode': recovered['status'],\n        'input_contract': recovered['schema'],\n    }, sort_keys=True), flush=True)\n\n    phase = 'PUBLICATION_CHECK'\n    progress.emit('publication_check', 'started', date_to=target)\n    after = rolling_go_inputs.current(c)\n    visible = after.window_end if after is not None else None\n    current = (\n        after is not None and after.window_end is not None\n        and after.window_end >= target and visible == target\n        and publication.chain_gaps(c) == [])\n    print(SUCCESS_MARKER + json.dumps({\n        'schema_migrated': True,\n        'source_not_before_satisfied': source_final,\n        'following_open_future': following_open_future,\n        'bounded_sharadar_daily': daily_attempted,\n        'publication_current': current,\n    }, sort_keys=True), flush=True)\nexcept BaseException as exc:\n    if c is not None:\n        try:\n            c.rollback()\n        except BaseException:\n            pass\n    emit_failure(phase, exc)\n    raise\nfinally:\n    if c is not None:\n        c.close()]
tests/sentinel/test_go_preparation_attempts.py::test_partial_preparation_attempts_survive_failure[connect-expected0-import hashlib\nimport json, os\n\nSUCCESS_MARKER = 'SENTINEL_GO_PREPARATION='\nRECOVERY_MARKER = 'SENTINEL_GO_PREPARATION_RECOVERY='\nFAILURE_MARKER = 'SENTINEL_GO_PREPARATION_FAILURE='\nIDENTITY_REASON_CODES = {\n    'NO_PERMANENT_ID': 'SOURCE_IDENTITY_NO_PERMANENT_ID',\n    'IDENTITY_INTERVAL_GAP': 'SOURCE_IDENTITY_INTERVAL_GAP',\n    'TICKER_REUSE_UNRESOLVED': 'SOURCE_IDENTITY_TICKER_REUSE_UNRESOLVED',\n    'AMBIGUOUS_IDENTITY': 'SOURCE_IDENTITY_AMBIGUOUS',\n}\n\n\ndef failure_detail(exc):\n    raw = str(exc).strip()\n    if not raw:\n        return {}\n    digest = hashlib.sha256(raw.encode('utf-8', errors='replace')).hexdigest()\n    lowered = raw.lower()\n    prohibited = ('http://', 'https://', 'api_key', 'api-key', 'password',\n                  'authorization', 'postgres://', 'postgresql://', 'apca-api-')\n    value = {'detail_sha256': digest}\n    if any(item in lowered for item in prohibited) or '\\n' in raw or '\\r' in raw:\n        return value\n    from sentinel.source_diagnostic import coverage_diagnostic\n    source = coverage_diagnostic(raw)\n    if source is not None:\n        value['source_coverage'] = source\n    if len(raw) > 420:\n        raw = raw[:365] + ' ... [sha256:%s]' % digest[:16]\n    value['detail'] = raw\n    return value\n\n\ndef reason_code(phase, exc):\n    name = type(exc).__name__\n    lowered = str(exc).lower()\n    if name == 'SeedIdentityCollision':\n        return 'SOURCE_IDENTITY_COLLISION'\n    if name == 'VendorPublicationUnstable':\n        return 'SOURCE_PUBLICATION_UNSTABLE'\n    if name == 'OperationalAcquisitionRefused':\n        return 'OPERATIONAL_ACQUISITION_BOUND_EXCEEDED'\n    if name == 'SharadarSnapshotExportError':\n        return 'SOURCE_EXPORT_UNAVAILABLE'\n    if name == 'ExportPending':\n        return 'SOURCE_EXPORT_PENDING'\n    if name == 'SharadarRetryDeferred':\n        return 'SOURCE_RETRY_DEFERRED'\n    if name == 'MutationCursorUnavailable':\n        return 'LOCAL_CURSOR_MISSING'\n    if name == 'HistoricalIdentityMutation':\n        return 'SOURCE_IDENTITY_HISTORY_MUTATION'\n    if name == 'SeedHistoryIncomplete' and lowered.startswith(\n            'sharadar sep seed eligible-set coverage refused:'):\n        return 'SOURCE_SEED_COVERAGE_INCOMPLETE'\n    if name == 'SepMutationIdentityRefused':\n        identity_reason = str(getattr(exc, 'reason_code', '') or '')\n        return IDENTITY_REASON_CODES.get(\n            identity_reason, 'SOURCE_IDENTITY_UNRESOLVED')\n    if name in {'SharadarMutationRefused', 'SourceAuthorityRefused'}:\n        if 'source cursor' in lowered:\n            return 'LOCAL_CURSOR_CORRUPT'\n        if 'no positive raw close' in lowered:\n            return 'SOURCE_RAW_CLOSE_INVALID'\n        if 'lastupdated' in lowered or 'invalid date' in lowered:\n            return 'SOURCE_CDC_INVALID'\n        return 'SOURCE_AUTHORITY_REFUSED'\n    return {\n        'RUNTIME_IMPORT': 'PREPARATION_RUNTIME_IMPORT_FAILURE',\n        'DATABASE_CONNECT': 'PREPARATION_DATABASE_CONNECT_FAILURE',\n        'BACKUP_DURABILITY': 'PREPARATION_BACKUP_DURABILITY_REFUSED',\n        'SCHEMA_MIGRATION': 'PREPARATION_SCHEMA_MIGRATION_FAILED',\n        'DAILY_CATCHUP': 'PREPARATION_DAILY_CATCHUP_FAILED',\n        'PUBLICATION_CHECK': 'PREPARATION_PUBLICATION_CHECK_FAILED',\n    }.get(str(phase), 'PREPARATION_RUNTIME_FAILURE')\n\n\ndef emit_failure(phase, exc):\n    value = {\n        'phase': str(phase),\n        'error_type': type(exc).__name__,\n        'reason_code': reason_code(phase, exc),\n        'schema_migration_attempted': schema_attempted,\n        'bounded_sharadar_daily_attempted': daily_attempted,\n    }\n    if type(exc).__name__ == 'SepMutationIdentityRefused':\n        identity_reason = str(getattr(exc, 'reason_code', '') or '')\n        if identity_reason:\n            value['identity_reason'] = identity_reason\n    value.update(failure_detail(exc))\n    print(FAILURE_MARKER + json.dumps(value, sort_keys=True), flush=True)\n\n\nc = None\nschema_attempted = False\ndaily_attempted = False\nphase = 'RUNTIME_IMPORT'\ntry:\n    from datetime import datetime, timezone\n    from sentinel import backup_guard, schema\n    from sentinel.feed import calendar, outage_recovery, publication, store, progress\n    from sentinel.shadow_runtime import publication_not_before\n\n    phase = 'DATABASE_CONNECT'\n    progress.emit('database_connect', 'started')\n    c = store.connect(os.environ['SENTINEL_DATABASE_URL'])\n    # Schema bootstrap/migration is PostgreSQL WAL mutation just like market-data\n    # publication. Prove the external archive target *before* the validator may\n    # change even one financial-database row.\n    phase = 'BACKUP_DURABILITY'\n    progress.emit('backup_durability', 'started')\n    backup_guard.require_writes_permitted(\n        c, operation='NAS validation schema migration')\n    phase = 'SCHEMA_MIGRATION'\n    progress.emit('schema_migration', 'started', reason='BEHAVIORAL_SCHEMA')\n    schema_attempted = True\n    schema.ensure_schema(c)\n    progress.emit('schema_migration', 'started', reason='FEED_SCHEMA')\n    store.migrate_schema(c)\n    progress.emit('schema_migration', 'completed')\n    target = calendar.latest_closed_session()\n    now = datetime.now(timezone.utc)\n    execution_session = calendar.next_session(target)\n    execution_open, _execution_close = calendar.session_window(execution_session)\n    source_final = now >= publication_not_before(target)\n    prospective = now < execution_open.astimezone(timezone.utc)\n    eligible = source_final and prospective\n    daily_attempted = False\n    if eligible:\n        phase = 'DAILY_CATCHUP'\n        progress.emit('daily_catchup', 'started', date_to=target)\n        daily_attempted = True\n        recovered = outage_recovery.catch_up_waiting(\n            c, target_session=target, reobserve_current=True)\n        if recovered.mode == 'ALREADY_CURRENT':\n            # The requested current-vendor re-observation completed inside\n            # catch_up. No second mutable-source observation is needed here.\n            pass\n        elif recovered.mode in {'BOUNDED_RESEED', 'BOUNDED_INITIAL_SEED'}:\n            print(RECOVERY_MARKER + json.dumps({\n                'mode': recovered.mode,\n                'trigger': recovered.recovered_from,\n            }, sort_keys=True), flush=True)\n    phase = 'PUBLICATION_CHECK'\n    progress.emit('publication_check', 'started', date_to=target)\n    after = publication.current(c)\n    visible = store.latest_visible_session(c)\n    current = (\n        after is not None and after.window_end is not None\n        and after.window_end >= target and visible == target\n        and publication.chain_gaps(c) == [])\n    print(SUCCESS_MARKER + json.dumps({\n        'schema_migrated': True,\n        'source_not_before_satisfied': source_final,\n        'following_open_future': prospective,\n        'bounded_sharadar_daily': daily_attempted,\n        'publication_current': current,\n    }, sort_keys=True), flush=True)\nexcept BaseException as exc:\n    if c is not None:\n        try:\n            c.rollback()\n        except BaseException:\n            pass\n    emit_failure(phase, exc)\n    raise\nfinally:\n    if c is not None:\n        c.close()]
tests/sentinel/test_go_preparation_attempts.py::test_partial_preparation_attempts_survive_failure[backup-expected1-import hashlib\nimport json, os\n\nSUCCESS_MARKER = 'SENTINEL_GO_PREPARATION='\nRECOVERY_MARKER = 'SENTINEL_GO_PREPARATION_RECOVERY='\nFAILURE_MARKER = 'SENTINEL_GO_PREPARATION_FAILURE='\nIDENTITY_REASON_CODES = {\n    'NO_PERMANENT_ID': 'SOURCE_IDENTITY_NO_PERMANENT_ID',\n    'IDENTITY_INTERVAL_GAP': 'SOURCE_IDENTITY_INTERVAL_GAP',\n    'TICKER_REUSE_UNRESOLVED': 'SOURCE_IDENTITY_TICKER_REUSE_UNRESOLVED',\n    'AMBIGUOUS_IDENTITY': 'SOURCE_IDENTITY_AMBIGUOUS',\n}\n\n\ndef failure_detail(exc):\n    raw = str(exc).strip()\n    if not raw:\n        return {}\n    digest = hashlib.sha256(raw.encode('utf-8', errors='replace')).hexdigest()\n    lowered = raw.lower()\n    prohibited = ('http://', 'https://', 'api_key', 'api-key', 'password',\n                  'authorization', 'postgres://', 'postgresql://', 'apca-api-')\n    value = {'detail_sha256': digest}\n    if any(item in lowered for item in prohibited) or '\\n' in raw or '\\r' in raw:\n        return value\n    from sentinel.source_diagnostic import coverage_diagnostic\n    source = coverage_diagnostic(raw)\n    if source is not None:\n        value['source_coverage'] = source\n    if len(raw) > 420:\n        raw = raw[:365] + ' ... [sha256:%s]' % digest[:16]\n    value['detail'] = raw\n    return value\n\n\ndef reason_code(phase, exc):\n    name = type(exc).__name__\n    lowered = str(exc).lower()\n    if name == 'SeedIdentityCollision':\n        return 'SOURCE_IDENTITY_COLLISION'\n    if name == 'VendorPublicationUnstable':\n        return 'SOURCE_PUBLICATION_UNSTABLE'\n    if name == 'OperationalAcquisitionRefused':\n        return 'OPERATIONAL_ACQUISITION_BOUND_EXCEEDED'\n    if name == 'SharadarSnapshotExportError':\n        return 'SOURCE_EXPORT_UNAVAILABLE'\n    if name == 'ExportPending':\n        return 'SOURCE_EXPORT_PENDING'\n    if name == 'SharadarRetryDeferred':\n        return 'SOURCE_RETRY_DEFERRED'\n    if name == 'MutationCursorUnavailable':\n        return 'LOCAL_CURSOR_MISSING'\n    if name == 'HistoricalIdentityMutation':\n        return 'SOURCE_IDENTITY_HISTORY_MUTATION'\n    if name == 'SeedHistoryIncomplete' and lowered.startswith(\n            'sharadar sep seed eligible-set coverage refused:'):\n        return 'SOURCE_SEED_COVERAGE_INCOMPLETE'\n    if name == 'SepMutationIdentityRefused':\n        identity_reason = str(getattr(exc, 'reason_code', '') or '')\n        return IDENTITY_REASON_CODES.get(\n            identity_reason, 'SOURCE_IDENTITY_UNRESOLVED')\n    if name in {'SharadarMutationRefused', 'SourceAuthorityRefused'}:\n        if 'source cursor' in lowered:\n            return 'LOCAL_CURSOR_CORRUPT'\n        if 'no positive raw close' in lowered:\n            return 'SOURCE_RAW_CLOSE_INVALID'\n        if 'lastupdated' in lowered or 'invalid date' in lowered:\n            return 'SOURCE_CDC_INVALID'\n        return 'SOURCE_AUTHORITY_REFUSED'\n    return {\n        'RUNTIME_IMPORT': 'PREPARATION_RUNTIME_IMPORT_FAILURE',\n        'DATABASE_CONNECT': 'PREPARATION_DATABASE_CONNECT_FAILURE',\n        'BACKUP_DURABILITY': 'PREPARATION_BACKUP_DURABILITY_REFUSED',\n        'SCHEMA_MIGRATION': 'PREPARATION_SCHEMA_MIGRATION_FAILED',\n        'SOURCE_FINAL_FRONTIER': 'PREPARATION_SOURCE_FINAL_FRONTIER_FAILED',\n        'DAILY_CATCHUP': 'PREPARATION_DAILY_CATCHUP_FAILED',\n        'PUBLICATION_CHECK': 'PREPARATION_PUBLICATION_CHECK_FAILED',\n    }.get(str(phase), 'PREPARATION_RUNTIME_FAILURE')\n\n\ndef emit_failure(phase, exc):\n    value = {\n        'phase': str(phase),\n        'error_type': type(exc).__name__,\n        'reason_code': reason_code(phase, exc),\n        'schema_migration_attempted': schema_attempted,\n        'bounded_sharadar_daily_attempted': daily_attempted,\n    }\n    if type(exc).__name__ == 'SepMutationIdentityRefused':\n        identity_reason = str(getattr(exc, 'reason_code', '') or '')\n        if identity_reason:\n            value['identity_reason'] = identity_reason\n    value.update(failure_detail(exc))\n    print(FAILURE_MARKER + json.dumps(value, sort_keys=True), flush=True)\n\n\nc = None\nschema_attempted = False\ndaily_attempted = False\nphase = 'RUNTIME_IMPORT'\ntry:\n    from datetime import datetime, timezone\n    from sentinel import backup_guard, schema\n    from sentinel.feed import calendar, rolling_go_inputs, publication, store, progress\n    from sentinel.shadow_runtime import publication_not_before\n\n    def latest_source_final(now):\n        target = calendar.latest_closed_session(now)\n        while now < publication_not_before(target):\n            previous = calendar.previous_sessions(target, 2)\n            if len(previous) != 2 or previous[-1] != target:\n                raise RuntimeError('source-final predecessor session is unavailable')\n            target = previous[0]\n        return target\n\n    phase = 'DATABASE_CONNECT'\n    progress.emit('database_connect', 'started')\n    c = store.connect(os.environ['SENTINEL_DATABASE_URL'])\n    phase = 'BACKUP_DURABILITY'\n    progress.emit('backup_durability', 'started')\n    backup_guard.require_writes_permitted(\n        c, operation='NAS validation schema migration')\n    phase = 'SCHEMA_MIGRATION'\n    progress.emit('schema_migration', 'started', reason='BEHAVIORAL_SCHEMA')\n    schema_attempted = True\n    schema.ensure_schema(c)\n    progress.emit('schema_migration', 'started', reason='FEED_SCHEMA')\n    store.migrate_schema(c)\n    progress.emit('schema_migration', 'completed')\n\n    phase = 'SOURCE_FINAL_FRONTIER'\n    now = datetime.now(timezone.utc)\n    target = latest_source_final(now)\n    execution_session = calendar.next_session(target)\n    execution_open, _execution_close = calendar.session_window(execution_session)\n    source_final = now >= publication_not_before(target)\n    following_open_future = now < execution_open.astimezone(timezone.utc)\n\n    phase = 'DAILY_CATCHUP'\n    progress.emit('daily_catchup', 'started', date_to=target)\n    daily_attempted = True\n    recovered = rolling_go_inputs.prepare(c, target_session=target)\n    print(RECOVERY_MARKER + json.dumps({\n        'mode': recovered['status'],\n        'input_contract': recovered['schema'],\n    }, sort_keys=True), flush=True)\n\n    phase = 'PUBLICATION_CHECK'\n    progress.emit('publication_check', 'started', date_to=target)\n    after = rolling_go_inputs.current(c)\n    visible = after.window_end if after is not None else None\n    current = (\n        after is not None and after.window_end is not None\n        and after.window_end >= target and visible == target\n        and publication.chain_gaps(c) == [])\n    print(SUCCESS_MARKER + json.dumps({\n        'schema_migrated': True,\n        'source_not_before_satisfied': source_final,\n        'following_open_future': following_open_future,\n        'bounded_sharadar_daily': daily_attempted,\n        'publication_current': current,\n    }, sort_keys=True), flush=True)\nexcept BaseException as exc:\n    if c is not None:\n        try:\n            c.rollback()\n        except BaseException:\n            pass\n    emit_failure(phase, exc)\n    raise\nfinally:\n    if c is not None:\n        c.close()]
tests/sentinel/test_go_preparation_attempts.py::test_partial_preparation_attempts_survive_failure[backup-expected1-import hashlib\nimport json, os\n\nSUCCESS_MARKER = 'SENTINEL_GO_PREPARATION='\nRECOVERY_MARKER = 'SENTINEL_GO_PREPARATION_RECOVERY='\nFAILURE_MARKER = 'SENTINEL_GO_PREPARATION_FAILURE='\nIDENTITY_REASON_CODES = {\n    'NO_PERMANENT_ID': 'SOURCE_IDENTITY_NO_PERMANENT_ID',\n    'IDENTITY_INTERVAL_GAP': 'SOURCE_IDENTITY_INTERVAL_GAP',\n    'TICKER_REUSE_UNRESOLVED': 'SOURCE_IDENTITY_TICKER_REUSE_UNRESOLVED',\n    'AMBIGUOUS_IDENTITY': 'SOURCE_IDENTITY_AMBIGUOUS',\n}\n\n\ndef failure_detail(exc):\n    raw = str(exc).strip()\n    if not raw:\n        return {}\n    digest = hashlib.sha256(raw.encode('utf-8', errors='replace')).hexdigest()\n    lowered = raw.lower()\n    prohibited = ('http://', 'https://', 'api_key', 'api-key', 'password',\n                  'authorization', 'postgres://', 'postgresql://', 'apca-api-')\n    value = {'detail_sha256': digest}\n    if any(item in lowered for item in prohibited) or '\\n' in raw or '\\r' in raw:\n        return value\n    from sentinel.source_diagnostic import coverage_diagnostic\n    source = coverage_diagnostic(raw)\n    if source is not None:\n        value['source_coverage'] = source\n    if len(raw) > 420:\n        raw = raw[:365] + ' ... [sha256:%s]' % digest[:16]\n    value['detail'] = raw\n    return value\n\n\ndef reason_code(phase, exc):\n    name = type(exc).__name__\n    lowered = str(exc).lower()\n    if name == 'SeedIdentityCollision':\n        return 'SOURCE_IDENTITY_COLLISION'\n    if name == 'VendorPublicationUnstable':\n        return 'SOURCE_PUBLICATION_UNSTABLE'\n    if name == 'OperationalAcquisitionRefused':\n        return 'OPERATIONAL_ACQUISITION_BOUND_EXCEEDED'\n    if name == 'SharadarSnapshotExportError':\n        return 'SOURCE_EXPORT_UNAVAILABLE'\n    if name == 'ExportPending':\n        return 'SOURCE_EXPORT_PENDING'\n    if name == 'SharadarRetryDeferred':\n        return 'SOURCE_RETRY_DEFERRED'\n    if name == 'MutationCursorUnavailable':\n        return 'LOCAL_CURSOR_MISSING'\n    if name == 'HistoricalIdentityMutation':\n        return 'SOURCE_IDENTITY_HISTORY_MUTATION'\n    if name == 'SeedHistoryIncomplete' and lowered.startswith(\n            'sharadar sep seed eligible-set coverage refused:'):\n        return 'SOURCE_SEED_COVERAGE_INCOMPLETE'\n    if name == 'SepMutationIdentityRefused':\n        identity_reason = str(getattr(exc, 'reason_code', '') or '')\n        return IDENTITY_REASON_CODES.get(\n            identity_reason, 'SOURCE_IDENTITY_UNRESOLVED')\n    if name in {'SharadarMutationRefused', 'SourceAuthorityRefused'}:\n        if 'source cursor' in lowered:\n            return 'LOCAL_CURSOR_CORRUPT'\n        if 'no positive raw close' in lowered:\n            return 'SOURCE_RAW_CLOSE_INVALID'\n        if 'lastupdated' in lowered or 'invalid date' in lowered:\n            return 'SOURCE_CDC_INVALID'\n        return 'SOURCE_AUTHORITY_REFUSED'\n    return {\n        'RUNTIME_IMPORT': 'PREPARATION_RUNTIME_IMPORT_FAILURE',\n        'DATABASE_CONNECT': 'PREPARATION_DATABASE_CONNECT_FAILURE',\n        'BACKUP_DURABILITY': 'PREPARATION_BACKUP_DURABILITY_REFUSED',\n        'SCHEMA_MIGRATION': 'PREPARATION_SCHEMA_MIGRATION_FAILED',\n        'DAILY_CATCHUP': 'PREPARATION_DAILY_CATCHUP_FAILED',\n        'PUBLICATION_CHECK': 'PREPARATION_PUBLICATION_CHECK_FAILED',\n    }.get(str(phase), 'PREPARATION_RUNTIME_FAILURE')\n\n\ndef emit_failure(phase, exc):\n    value = {\n        'phase': str(phase),\n        'error_type': type(exc).__name__,\n        'reason_code': reason_code(phase, exc),\n        'schema_migration_attempted': schema_attempted,\n        'bounded_sharadar_daily_attempted': daily_attempted,\n    }\n    if type(exc).__name__ == 'SepMutationIdentityRefused':\n        identity_reason = str(getattr(exc, 'reason_code', '') or '')\n        if identity_reason:\n            value['identity_reason'] = identity_reason\n    value.update(failure_detail(exc))\n    print(FAILURE_MARKER + json.dumps(value, sort_keys=True), flush=True)\n\n\nc = None\nschema_attempted = False\ndaily_attempted = False\nphase = 'RUNTIME_IMPORT'\ntry:\n    from datetime import datetime, timezone\n    from sentinel import backup_guard, schema\n    from sentinel.feed import calendar, outage_recovery, publication, store, progress\n    from sentinel.shadow_runtime import publication_not_before\n\n    phase = 'DATABASE_CONNECT'\n    progress.emit('database_connect', 'started')\n    c = store.connect(os.environ['SENTINEL_DATABASE_URL'])\n    # Schema bootstrap/migration is PostgreSQL WAL mutation just like market-data\n    # publication. Prove the external archive target *before* the validator may\n    # change even one financial-database row.\n    phase = 'BACKUP_DURABILITY'\n    progress.emit('backup_durability', 'started')\n    backup_guard.require_writes_permitted(\n        c, operation='NAS validation schema migration')\n    phase = 'SCHEMA_MIGRATION'\n    progress.emit('schema_migration', 'started', reason='BEHAVIORAL_SCHEMA')\n    schema_attempted = True\n    schema.ensure_schema(c)\n    progress.emit('schema_migration', 'started', reason='FEED_SCHEMA')\n    store.migrate_schema(c)\n    progress.emit('schema_migration', 'completed')\n    target = calendar.latest_closed_session()\n    now = datetime.now(timezone.utc)\n    execution_session = calendar.next_session(target)\n    execution_open, _execution_close = calendar.session_window(execution_session)\n    source_final = now >= publication_not_before(target)\n    prospective = now < execution_open.astimezone(timezone.utc)\n    eligible = source_final and prospective\n    daily_attempted = False\n    if eligible:\n        phase = 'DAILY_CATCHUP'\n        progress.emit('daily_catchup', 'started', date_to=target)\n        daily_attempted = True\n        recovered = outage_recovery.catch_up_waiting(\n            c, target_session=target, reobserve_current=True)\n        if recovered.mode == 'ALREADY_CURRENT':\n            # The requested current-vendor re-observation completed inside\n            # catch_up. No second mutable-source observation is needed here.\n            pass\n        elif recovered.mode in {'BOUNDED_RESEED', 'BOUNDED_INITIAL_SEED'}:\n            print(RECOVERY_MARKER + json.dumps({\n                'mode': recovered.mode,\n                'trigger': recovered.recovered_from,\n            }, sort_keys=True), flush=True)\n    phase = 'PUBLICATION_CHECK'\n    progress.emit('publication_check', 'started', date_to=target)\n    after = publication.current(c)\n    visible = store.latest_visible_session(c)\n    current = (\n        after is not None and after.window_end is not None\n        and after.window_end >= target and visible == target\n        and publication.chain_gaps(c) == [])\n    print(SUCCESS_MARKER + json.dumps({\n        'schema_migrated': True,\n        'source_not_before_satisfied': source_final,\n        'following_open_future': prospective,\n        'bounded_sharadar_daily': daily_attempted,\n        'publication_current': current,\n    }, sort_keys=True), flush=True)\nexcept BaseException as exc:\n    if c is not None:\n        try:\n            c.rollback()\n        except BaseException:\n            pass\n    emit_failure(phase, exc)\n    raise\nfinally:\n    if c is not None:\n        c.close()]
tests/sentinel/test_go_preparation_attempts.py::test_partial_preparation_attempts_survive_failure[schema-expected2-import hashlib\nimport json, os\n\nSUCCESS_MARKER = 'SENTINEL_GO_PREPARATION='\nRECOVERY_MARKER = 'SENTINEL_GO_PREPARATION_RECOVERY='\nFAILURE_MARKER = 'SENTINEL_GO_PREPARATION_FAILURE='\nIDENTITY_REASON_CODES = {\n    'NO_PERMANENT_ID': 'SOURCE_IDENTITY_NO_PERMANENT_ID',\n    'IDENTITY_INTERVAL_GAP': 'SOURCE_IDENTITY_INTERVAL_GAP',\n    'TICKER_REUSE_UNRESOLVED': 'SOURCE_IDENTITY_TICKER_REUSE_UNRESOLVED',\n    'AMBIGUOUS_IDENTITY': 'SOURCE_IDENTITY_AMBIGUOUS',\n}\n\n\ndef failure_detail(exc):\n    raw = str(exc).strip()\n    if not raw:\n        return {}\n    digest = hashlib.sha256(raw.encode('utf-8', errors='replace')).hexdigest()\n    lowered = raw.lower()\n    prohibited = ('http://', 'https://', 'api_key', 'api-key', 'password',\n                  'authorization', 'postgres://', 'postgresql://', 'apca-api-')\n    value = {'detail_sha256': digest}\n    if any(item in lowered for item in prohibited) or '\\n' in raw or '\\r' in raw:\n        return value\n    from sentinel.source_diagnostic import coverage_diagnostic\n    source = coverage_diagnostic(raw)\n    if source is not None:\n        value['source_coverage'] = source\n    if len(raw) > 420:\n        raw = raw[:365] + ' ... [sha256:%s]' % digest[:16]\n    value['detail'] = raw\n    return value\n\n\ndef reason_code(phase, exc):\n    name = type(exc).__name__\n    lowered = str(exc).lower()\n    if name == 'SeedIdentityCollision':\n        return 'SOURCE_IDENTITY_COLLISION'\n    if name == 'VendorPublicationUnstable':\n        return 'SOURCE_PUBLICATION_UNSTABLE'\n    if name == 'OperationalAcquisitionRefused':\n        return 'OPERATIONAL_ACQUISITION_BOUND_EXCEEDED'\n    if name == 'SharadarSnapshotExportError':\n        return 'SOURCE_EXPORT_UNAVAILABLE'\n    if name == 'ExportPending':\n        return 'SOURCE_EXPORT_PENDING'\n    if name == 'SharadarRetryDeferred':\n        return 'SOURCE_RETRY_DEFERRED'\n    if name == 'MutationCursorUnavailable':\n        return 'LOCAL_CURSOR_MISSING'\n    if name == 'HistoricalIdentityMutation':\n        return 'SOURCE_IDENTITY_HISTORY_MUTATION'\n    if name == 'SeedHistoryIncomplete' and lowered.startswith(\n            'sharadar sep seed eligible-set coverage refused:'):\n        return 'SOURCE_SEED_COVERAGE_INCOMPLETE'\n    if name == 'SepMutationIdentityRefused':\n        identity_reason = str(getattr(exc, 'reason_code', '') or '')\n        return IDENTITY_REASON_CODES.get(\n            identity_reason, 'SOURCE_IDENTITY_UNRESOLVED')\n    if name in {'SharadarMutationRefused', 'SourceAuthorityRefused'}:\n        if 'source cursor' in lowered:\n            return 'LOCAL_CURSOR_CORRUPT'\n        if 'no positive raw close' in lowered:\n            return 'SOURCE_RAW_CLOSE_INVALID'\n        if 'lastupdated' in lowered or 'invalid date' in lowered:\n            return 'SOURCE_CDC_INVALID'\n        return 'SOURCE_AUTHORITY_REFUSED'\n    return {\n        'RUNTIME_IMPORT': 'PREPARATION_RUNTIME_IMPORT_FAILURE',\n        'DATABASE_CONNECT': 'PREPARATION_DATABASE_CONNECT_FAILURE',\n        'BACKUP_DURABILITY': 'PREPARATION_BACKUP_DURABILITY_REFUSED',\n        'SCHEMA_MIGRATION': 'PREPARATION_SCHEMA_MIGRATION_FAILED',\n        'SOURCE_FINAL_FRONTIER': 'PREPARATION_SOURCE_FINAL_FRONTIER_FAILED',\n        'DAILY_CATCHUP': 'PREPARATION_DAILY_CATCHUP_FAILED',\n        'PUBLICATION_CHECK': 'PREPARATION_PUBLICATION_CHECK_FAILED',\n    }.get(str(phase), 'PREPARATION_RUNTIME_FAILURE')\n\n\ndef emit_failure(phase, exc):\n    value = {\n        'phase': str(phase),\n        'error_type': type(exc).__name__,\n        'reason_code': reason_code(phase, exc),\n        'schema_migration_attempted': schema_attempted,\n        'bounded_sharadar_daily_attempted': daily_attempted,\n    }\n    if type(exc).__name__ == 'SepMutationIdentityRefused':\n        identity_reason = str(getattr(exc, 'reason_code', '') or '')\n        if identity_reason:\n            value['identity_reason'] = identity_reason\n    value.update(failure_detail(exc))\n    print(FAILURE_MARKER + json.dumps(value, sort_keys=True), flush=True)\n\n\nc = None\nschema_attempted = False\ndaily_attempted = False\nphase = 'RUNTIME_IMPORT'\ntry:\n    from datetime import datetime, timezone\n    from sentinel import backup_guard, schema\n    from sentinel.feed import calendar, rolling_go_inputs, publication, store, progress\n    from sentinel.shadow_runtime import publication_not_before\n\n    def latest_source_final(now):\n        target = calendar.latest_closed_session(now)\n        while now < publication_not_before(target):\n            previous = calendar.previous_sessions(target, 2)\n            if len(previous) != 2 or previous[-1] != target:\n                raise RuntimeError('source-final predecessor session is unavailable')\n            target = previous[0]\n        return target\n\n    phase = 'DATABASE_CONNECT'\n    progress.emit('database_connect', 'started')\n    c = store.connect(os.environ['SENTINEL_DATABASE_URL'])\n    phase = 'BACKUP_DURABILITY'\n    progress.emit('backup_durability', 'started')\n    backup_guard.require_writes_permitted(\n        c, operation='NAS validation schema migration')\n    phase = 'SCHEMA_MIGRATION'\n    progress.emit('schema_migration', 'started', reason='BEHAVIORAL_SCHEMA')\n    schema_attempted = True\n    schema.ensure_schema(c)\n    progress.emit('schema_migration', 'started', reason='FEED_SCHEMA')\n    store.migrate_schema(c)\n    progress.emit('schema_migration', 'completed')\n\n    phase = 'SOURCE_FINAL_FRONTIER'\n    now = datetime.now(timezone.utc)\n    target = latest_source_final(now)\n    execution_session = calendar.next_session(target)\n    execution_open, _execution_close = calendar.session_window(execution_session)\n    source_final = now >= publication_not_before(target)\n    following_open_future = now < execution_open.astimezone(timezone.utc)\n\n    phase = 'DAILY_CATCHUP'\n    progress.emit('daily_catchup', 'started', date_to=target)\n    daily_attempted = True\n    recovered = rolling_go_inputs.prepare(c, target_session=target)\n    print(RECOVERY_MARKER + json.dumps({\n        'mode': recovered['status'],\n        'input_contract': recovered['schema'],\n    }, sort_keys=True), flush=True)\n\n    phase = 'PUBLICATION_CHECK'\n    progress.emit('publication_check', 'started', date_to=target)\n    after = rolling_go_inputs.current(c)\n    visible = after.window_end if after is not None else None\n    current = (\n        after is not None and after.window_end is not None\n        and after.window_end >= target and visible == target\n        and publication.chain_gaps(c) == [])\n    print(SUCCESS_MARKER + json.dumps({\n        'schema_migrated': True,\n        'source_not_before_satisfied': source_final,\n        'following_open_future': following_open_future,\n        'bounded_sharadar_daily': daily_attempted,\n        'publication_current': current,\n    }, sort_keys=True), flush=True)\nexcept BaseException as exc:\n    if c is not None:\n        try:\n            c.rollback()\n        except BaseException:\n            pass\n    emit_failure(phase, exc)\n    raise\nfinally:\n    if c is not None:\n        c.close()]
tests/sentinel/test_go_preparation_attempts.py::test_partial_preparation_attempts_survive_failure[schema-expected2-import hashlib\nimport json, os\n\nSUCCESS_MARKER = 'SENTINEL_GO_PREPARATION='\nRECOVERY_MARKER = 'SENTINEL_GO_PREPARATION_RECOVERY='\nFAILURE_MARKER = 'SENTINEL_GO_PREPARATION_FAILURE='\nIDENTITY_REASON_CODES = {\n    'NO_PERMANENT_ID': 'SOURCE_IDENTITY_NO_PERMANENT_ID',\n    'IDENTITY_INTERVAL_GAP': 'SOURCE_IDENTITY_INTERVAL_GAP',\n    'TICKER_REUSE_UNRESOLVED': 'SOURCE_IDENTITY_TICKER_REUSE_UNRESOLVED',\n    'AMBIGUOUS_IDENTITY': 'SOURCE_IDENTITY_AMBIGUOUS',\n}\n\n\ndef failure_detail(exc):\n    raw = str(exc).strip()\n    if not raw:\n        return {}\n    digest = hashlib.sha256(raw.encode('utf-8', errors='replace')).hexdigest()\n    lowered = raw.lower()\n    prohibited = ('http://', 'https://', 'api_key', 'api-key', 'password',\n                  'authorization', 'postgres://', 'postgresql://', 'apca-api-')\n    value = {'detail_sha256': digest}\n    if any(item in lowered for item in prohibited) or '\\n' in raw or '\\r' in raw:\n        return value\n    from sentinel.source_diagnostic import coverage_diagnostic\n    source = coverage_diagnostic(raw)\n    if source is not None:\n        value['source_coverage'] = source\n    if len(raw) > 420:\n        raw = raw[:365] + ' ... [sha256:%s]' % digest[:16]\n    value['detail'] = raw\n    return value\n\n\ndef reason_code(phase, exc):\n    name = type(exc).__name__\n    lowered = str(exc).lower()\n    if name == 'SeedIdentityCollision':\n        return 'SOURCE_IDENTITY_COLLISION'\n    if name == 'VendorPublicationUnstable':\n        return 'SOURCE_PUBLICATION_UNSTABLE'\n    if name == 'OperationalAcquisitionRefused':\n        return 'OPERATIONAL_ACQUISITION_BOUND_EXCEEDED'\n    if name == 'SharadarSnapshotExportError':\n        return 'SOURCE_EXPORT_UNAVAILABLE'\n    if name == 'ExportPending':\n        return 'SOURCE_EXPORT_PENDING'\n    if name == 'SharadarRetryDeferred':\n        return 'SOURCE_RETRY_DEFERRED'\n    if name == 'MutationCursorUnavailable':\n        return 'LOCAL_CURSOR_MISSING'\n    if name == 'HistoricalIdentityMutation':\n        return 'SOURCE_IDENTITY_HISTORY_MUTATION'\n    if name == 'SeedHistoryIncomplete' and lowered.startswith(\n            'sharadar sep seed eligible-set coverage refused:'):\n        return 'SOURCE_SEED_COVERAGE_INCOMPLETE'\n    if name == 'SepMutationIdentityRefused':\n        identity_reason = str(getattr(exc, 'reason_code', '') or '')\n        return IDENTITY_REASON_CODES.get(\n            identity_reason, 'SOURCE_IDENTITY_UNRESOLVED')\n    if name in {'SharadarMutationRefused', 'SourceAuthorityRefused'}:\n        if 'source cursor' in lowered:\n            return 'LOCAL_CURSOR_CORRUPT'\n        if 'no positive raw close' in lowered:\n            return 'SOURCE_RAW_CLOSE_INVALID'\n        if 'lastupdated' in lowered or 'invalid date' in lowered:\n            return 'SOURCE_CDC_INVALID'\n        return 'SOURCE_AUTHORITY_REFUSED'\n    return {\n        'RUNTIME_IMPORT': 'PREPARATION_RUNTIME_IMPORT_FAILURE',\n        'DATABASE_CONNECT': 'PREPARATION_DATABASE_CONNECT_FAILURE',\n        'BACKUP_DURABILITY': 'PREPARATION_BACKUP_DURABILITY_REFUSED',\n        'SCHEMA_MIGRATION': 'PREPARATION_SCHEMA_MIGRATION_FAILED',\n        'DAILY_CATCHUP': 'PREPARATION_DAILY_CATCHUP_FAILED',\n        'PUBLICATION_CHECK': 'PREPARATION_PUBLICATION_CHECK_FAILED',\n    }.get(str(phase), 'PREPARATION_RUNTIME_FAILURE')\n\n\ndef emit_failure(phase, exc):\n    value = {\n        'phase': str(phase),\n        'error_type': type(exc).__name__,\n        'reason_code': reason_code(phase, exc),\n        'schema_migration_attempted': schema_attempted,\n        'bounded_sharadar_daily_attempted': daily_attempted,\n    }\n    if type(exc).__name__ == 'SepMutationIdentityRefused':\n        identity_reason = str(getattr(exc, 'reason_code', '') or '')\n        if identity_reason:\n            value['identity_reason'] = identity_reason\n    value.update(failure_detail(exc))\n    print(FAILURE_MARKER + json.dumps(value, sort_keys=True), flush=True)\n\n\nc = None\nschema_attempted = False\ndaily_attempted = False\nphase = 'RUNTIME_IMPORT'\ntry:\n    from datetime import datetime, timezone\n    from sentinel import backup_guard, schema\n    from sentinel.feed import calendar, outage_recovery, publication, store, progress\n    from sentinel.shadow_runtime import publication_not_before\n\n    phase = 'DATABASE_CONNECT'\n    progress.emit('database_connect', 'started')\n    c = store.connect(os.environ['SENTINEL_DATABASE_URL'])\n    # Schema bootstrap/migration is PostgreSQL WAL mutation just like market-data\n    # publication. Prove the external archive target *before* the validator may\n    # change even one financial-database row.\n    phase = 'BACKUP_DURABILITY'\n    progress.emit('backup_durability', 'started')\n    backup_guard.require_writes_permitted(\n        c, operation='NAS validation schema migration')\n    phase = 'SCHEMA_MIGRATION'\n    progress.emit('schema_migration', 'started', reason='BEHAVIORAL_SCHEMA')\n    schema_attempted = True\n    schema.ensure_schema(c)\n    progress.emit('schema_migration', 'started', reason='FEED_SCHEMA')\n    store.migrate_schema(c)\n    progress.emit('schema_migration', 'completed')\n    target = calendar.latest_closed_session()\n    now = datetime.now(timezone.utc)\n    execution_session = calendar.next_session(target)\n    execution_open, _execution_close = calendar.session_window(execution_session)\n    source_final = now >= publication_not_before(target)\n    prospective = now < execution_open.astimezone(timezone.utc)\n    eligible = source_final and prospective\n    daily_attempted = False\n    if eligible:\n        phase = 'DAILY_CATCHUP'\n        progress.emit('daily_catchup', 'started', date_to=target)\n        daily_attempted = True\n        recovered = outage_recovery.catch_up_waiting(\n            c, target_session=target, reobserve_current=True)\n        if recovered.mode == 'ALREADY_CURRENT':\n            # The requested current-vendor re-observation completed inside\n            # catch_up. No second mutable-source observation is needed here.\n            pass\n        elif recovered.mode in {'BOUNDED_RESEED', 'BOUNDED_INITIAL_SEED'}:\n            print(RECOVERY_MARKER + json.dumps({\n                'mode': recovered.mode,\n                'trigger': recovered.recovered_from,\n            }, sort_keys=True), flush=True)\n    phase = 'PUBLICATION_CHECK'\n    progress.emit('publication_check', 'started', date_to=target)\n    after = publication.current(c)\n    visible = store.latest_visible_session(c)\n    current = (\n        after is not None and after.window_end is not None\n        and after.window_end >= target and visible == target\n        and publication.chain_gaps(c) == [])\n    print(SUCCESS_MARKER + json.dumps({\n        'schema_migrated': True,\n        'source_not_before_satisfied': source_final,\n        'following_open_future': prospective,\n        'bounded_sharadar_daily': daily_attempted,\n        'publication_current': current,\n    }, sort_keys=True), flush=True)\nexcept BaseException as exc:\n    if c is not None:\n        try:\n            c.rollback()\n        except BaseException:\n            pass\n    emit_failure(phase, exc)\n    raise\nfinally:\n    if c is not None:\n        c.close()]
tests/sentinel/test_go_preparation_attempts.py::test_partial_preparation_attempts_survive_failure[daily-expected3-import hashlib\nimport json, os\n\nSUCCESS_MARKER = 'SENTINEL_GO_PREPARATION='\nRECOVERY_MARKER = 'SENTINEL_GO_PREPARATION_RECOVERY='\nFAILURE_MARKER = 'SENTINEL_GO_PREPARATION_FAILURE='\nIDENTITY_REASON_CODES = {\n    'NO_PERMANENT_ID': 'SOURCE_IDENTITY_NO_PERMANENT_ID',\n    'IDENTITY_INTERVAL_GAP': 'SOURCE_IDENTITY_INTERVAL_GAP',\n    'TICKER_REUSE_UNRESOLVED': 'SOURCE_IDENTITY_TICKER_REUSE_UNRESOLVED',\n    'AMBIGUOUS_IDENTITY': 'SOURCE_IDENTITY_AMBIGUOUS',\n}\n\n\ndef failure_detail(exc):\n    raw = str(exc).strip()\n    if not raw:\n        return {}\n    digest = hashlib.sha256(raw.encode('utf-8', errors='replace')).hexdigest()\n    lowered = raw.lower()\n    prohibited = ('http://', 'https://', 'api_key', 'api-key', 'password',\n                  'authorization', 'postgres://', 'postgresql://', 'apca-api-')\n    value = {'detail_sha256': digest}\n    if any(item in lowered for item in prohibited) or '\\n' in raw or '\\r' in raw:\n        return value\n    from sentinel.source_diagnostic import coverage_diagnostic\n    source = coverage_diagnostic(raw)\n    if source is not None:\n        value['source_coverage'] = source\n    if len(raw) > 420:\n        raw = raw[:365] + ' ... [sha256:%s]' % digest[:16]\n    value['detail'] = raw\n    return value\n\n\ndef reason_code(phase, exc):\n    name = type(exc).__name__\n    lowered = str(exc).lower()\n    if name == 'SeedIdentityCollision':\n        return 'SOURCE_IDENTITY_COLLISION'\n    if name == 'VendorPublicationUnstable':\n        return 'SOURCE_PUBLICATION_UNSTABLE'\n    if name == 'OperationalAcquisitionRefused':\n        return 'OPERATIONAL_ACQUISITION_BOUND_EXCEEDED'\n    if name == 'SharadarSnapshotExportError':\n        return 'SOURCE_EXPORT_UNAVAILABLE'\n    if name == 'ExportPending':\n        return 'SOURCE_EXPORT_PENDING'\n    if name == 'SharadarRetryDeferred':\n        return 'SOURCE_RETRY_DEFERRED'\n    if name == 'MutationCursorUnavailable':\n        return 'LOCAL_CURSOR_MISSING'\n    if name == 'HistoricalIdentityMutation':\n        return 'SOURCE_IDENTITY_HISTORY_MUTATION'\n    if name == 'SeedHistoryIncomplete' and lowered.startswith(\n            'sharadar sep seed eligible-set coverage refused:'):\n        return 'SOURCE_SEED_COVERAGE_INCOMPLETE'\n    if name == 'SepMutationIdentityRefused':\n        identity_reason = str(getattr(exc, 'reason_code', '') or '')\n        return IDENTITY_REASON_CODES.get(\n            identity_reason, 'SOURCE_IDENTITY_UNRESOLVED')\n    if name in {'SharadarMutationRefused', 'SourceAuthorityRefused'}:\n        if 'source cursor' in lowered:\n            return 'LOCAL_CURSOR_CORRUPT'\n        if 'no positive raw close' in lowered:\n            return 'SOURCE_RAW_CLOSE_INVALID'\n        if 'lastupdated' in lowered or 'invalid date' in lowered:\n            return 'SOURCE_CDC_INVALID'\n        return 'SOURCE_AUTHORITY_REFUSED'\n    return {\n        'RUNTIME_IMPORT': 'PREPARATION_RUNTIME_IMPORT_FAILURE',\n        'DATABASE_CONNECT': 'PREPARATION_DATABASE_CONNECT_FAILURE',\n        'BACKUP_DURABILITY': 'PREPARATION_BACKUP_DURABILITY_REFUSED',\n        'SCHEMA_MIGRATION': 'PREPARATION_SCHEMA_MIGRATION_FAILED',\n        'SOURCE_FINAL_FRONTIER': 'PREPARATION_SOURCE_FINAL_FRONTIER_FAILED',\n        'DAILY_CATCHUP': 'PREPARATION_DAILY_CATCHUP_FAILED',\n        'PUBLICATION_CHECK': 'PREPARATION_PUBLICATION_CHECK_FAILED',\n    }.get(str(phase), 'PREPARATION_RUNTIME_FAILURE')\n\n\ndef emit_failure(phase, exc):\n    value = {\n        'phase': str(phase),\n        'error_type': type(exc).__name__,\n        'reason_code': reason_code(phase, exc),\n        'schema_migration_attempted': schema_attempted,\n        'bounded_sharadar_daily_attempted': daily_attempted,\n    }\n    if type(exc).__name__ == 'SepMutationIdentityRefused':\n        identity_reason = str(getattr(exc, 'reason_code', '') or '')\n        if identity_reason:\n            value['identity_reason'] = identity_reason\n    value.update(failure_detail(exc))\n    print(FAILURE_MARKER + json.dumps(value, sort_keys=True), flush=True)\n\n\nc = None\nschema_attempted = False\ndaily_attempted = False\nphase = 'RUNTIME_IMPORT'\ntry:\n    from datetime import datetime, timezone\n    from sentinel import backup_guard, schema\n    from sentinel.feed import calendar, rolling_go_inputs, publication, store, progress\n    from sentinel.shadow_runtime import publication_not_before\n\n    def latest_source_final(now):\n        target = calendar.latest_closed_session(now)\n        while now < publication_not_before(target):\n            previous = calendar.previous_sessions(target, 2)\n            if len(previous) != 2 or previous[-1] != target:\n                raise RuntimeError('source-final predecessor session is unavailable')\n            target = previous[0]\n        return target\n\n    phase = 'DATABASE_CONNECT'\n    progress.emit('database_connect', 'started')\n    c = store.connect(os.environ['SENTINEL_DATABASE_URL'])\n    phase = 'BACKUP_DURABILITY'\n    progress.emit('backup_durability', 'started')\n    backup_guard.require_writes_permitted(\n        c, operation='NAS validation schema migration')\n    phase = 'SCHEMA_MIGRATION'\n    progress.emit('schema_migration', 'started', reason='BEHAVIORAL_SCHEMA')\n    schema_attempted = True\n    schema.ensure_schema(c)\n    progress.emit('schema_migration', 'started', reason='FEED_SCHEMA')\n    store.migrate_schema(c)\n    progress.emit('schema_migration', 'completed')\n\n    phase = 'SOURCE_FINAL_FRONTIER'\n    now = datetime.now(timezone.utc)\n    target = latest_source_final(now)\n    execution_session = calendar.next_session(target)\n    execution_open, _execution_close = calendar.session_window(execution_session)\n    source_final = now >= publication_not_before(target)\n    following_open_future = now < execution_open.astimezone(timezone.utc)\n\n    phase = 'DAILY_CATCHUP'\n    progress.emit('daily_catchup', 'started', date_to=target)\n    daily_attempted = True\n    recovered = rolling_go_inputs.prepare(c, target_session=target)\n    print(RECOVERY_MARKER + json.dumps({\n        'mode': recovered['status'],\n        'input_contract': recovered['schema'],\n    }, sort_keys=True), flush=True)\n\n    phase = 'PUBLICATION_CHECK'\n    progress.emit('publication_check', 'started', date_to=target)\n    after = rolling_go_inputs.current(c)\n    visible = after.window_end if after is not None else None\n    current = (\n        after is not None and after.window_end is not None\n        and after.window_end >= target and visible == target\n        and publication.chain_gaps(c) == [])\n    print(SUCCESS_MARKER + json.dumps({\n        'schema_migrated': True,\n        'source_not_before_satisfied': source_final,\n        'following_open_future': following_open_future,\n        'bounded_sharadar_daily': daily_attempted,\n        'publication_current': current,\n    }, sort_keys=True), flush=True)\nexcept BaseException as exc:\n    if c is not None:\n        try:\n            c.rollback()\n        except BaseException:\n            pass\n    emit_failure(phase, exc)\n    raise\nfinally:\n    if c is not None:\n        c.close()]
tests/sentinel/test_go_preparation_attempts.py::test_partial_preparation_attempts_survive_failure[daily-expected3-import hashlib\nimport json, os\n\nSUCCESS_MARKER = 'SENTINEL_GO_PREPARATION='\nRECOVERY_MARKER = 'SENTINEL_GO_PREPARATION_RECOVERY='\nFAILURE_MARKER = 'SENTINEL_GO_PREPARATION_FAILURE='\nIDENTITY_REASON_CODES = {\n    'NO_PERMANENT_ID': 'SOURCE_IDENTITY_NO_PERMANENT_ID',\n    'IDENTITY_INTERVAL_GAP': 'SOURCE_IDENTITY_INTERVAL_GAP',\n    'TICKER_REUSE_UNRESOLVED': 'SOURCE_IDENTITY_TICKER_REUSE_UNRESOLVED',\n    'AMBIGUOUS_IDENTITY': 'SOURCE_IDENTITY_AMBIGUOUS',\n}\n\n\ndef failure_detail(exc):\n    raw = str(exc).strip()\n    if not raw:\n        return {}\n    digest = hashlib.sha256(raw.encode('utf-8', errors='replace')).hexdigest()\n    lowered = raw.lower()\n    prohibited = ('http://', 'https://', 'api_key', 'api-key', 'password',\n                  'authorization', 'postgres://', 'postgresql://', 'apca-api-')\n    value = {'detail_sha256': digest}\n    if any(item in lowered for item in prohibited) or '\\n' in raw or '\\r' in raw:\n        return value\n    from sentinel.source_diagnostic import coverage_diagnostic\n    source = coverage_diagnostic(raw)\n    if source is not None:\n        value['source_coverage'] = source\n    if len(raw) > 420:\n        raw = raw[:365] + ' ... [sha256:%s]' % digest[:16]\n    value['detail'] = raw\n    return value\n\n\ndef reason_code(phase, exc):\n    name = type(exc).__name__\n    lowered = str(exc).lower()\n    if name == 'SeedIdentityCollision':\n        return 'SOURCE_IDENTITY_COLLISION'\n    if name == 'VendorPublicationUnstable':\n        return 'SOURCE_PUBLICATION_UNSTABLE'\n    if name == 'OperationalAcquisitionRefused':\n        return 'OPERATIONAL_ACQUISITION_BOUND_EXCEEDED'\n    if name == 'SharadarSnapshotExportError':\n        return 'SOURCE_EXPORT_UNAVAILABLE'\n    if name == 'ExportPending':\n        return 'SOURCE_EXPORT_PENDING'\n    if name == 'SharadarRetryDeferred':\n        return 'SOURCE_RETRY_DEFERRED'\n    if name == 'MutationCursorUnavailable':\n        return 'LOCAL_CURSOR_MISSING'\n    if name == 'HistoricalIdentityMutation':\n        return 'SOURCE_IDENTITY_HISTORY_MUTATION'\n    if name == 'SeedHistoryIncomplete' and lowered.startswith(\n            'sharadar sep seed eligible-set coverage refused:'):\n        return 'SOURCE_SEED_COVERAGE_INCOMPLETE'\n    if name == 'SepMutationIdentityRefused':\n        identity_reason = str(getattr(exc, 'reason_code', '') or '')\n        return IDENTITY_REASON_CODES.get(\n            identity_reason, 'SOURCE_IDENTITY_UNRESOLVED')\n    if name in {'SharadarMutationRefused', 'SourceAuthorityRefused'}:\n        if 'source cursor' in lowered:\n            return 'LOCAL_CURSOR_CORRUPT'\n        if 'no positive raw close' in lowered:\n            return 'SOURCE_RAW_CLOSE_INVALID'\n        if 'lastupdated' in lowered or 'invalid date' in lowered:\n            return 'SOURCE_CDC_INVALID'\n        return 'SOURCE_AUTHORITY_REFUSED'\n    return {\n        'RUNTIME_IMPORT': 'PREPARATION_RUNTIME_IMPORT_FAILURE',\n        'DATABASE_CONNECT': 'PREPARATION_DATABASE_CONNECT_FAILURE',\n        'BACKUP_DURABILITY': 'PREPARATION_BACKUP_DURABILITY_REFUSED',\n        'SCHEMA_MIGRATION': 'PREPARATION_SCHEMA_MIGRATION_FAILED',\n        'DAILY_CATCHUP': 'PREPARATION_DAILY_CATCHUP_FAILED',\n        'PUBLICATION_CHECK': 'PREPARATION_PUBLICATION_CHECK_FAILED',\n    }.get(str(phase), 'PREPARATION_RUNTIME_FAILURE')\n\n\ndef emit_failure(phase, exc):\n    value = {\n        'phase': str(phase),\n        'error_type': type(exc).__name__,\n        'reason_code': reason_code(phase, exc),\n        'schema_migration_attempted': schema_attempted,\n        'bounded_sharadar_daily_attempted': daily_attempted,\n    }\n    if type(exc).__name__ == 'SepMutationIdentityRefused':\n        identity_reason = str(getattr(exc, 'reason_code', '') or '')\n        if identity_reason:\n            value['identity_reason'] = identity_reason\n    value.update(failure_detail(exc))\n    print(FAILURE_MARKER + json.dumps(value, sort_keys=True), flush=True)\n\n\nc = None\nschema_attempted = False\ndaily_attempted = False\nphase = 'RUNTIME_IMPORT'\ntry:\n    from datetime import datetime, timezone\n    from sentinel import backup_guard, schema\n    from sentinel.feed import calendar, outage_recovery, publication, store, progress\n    from sentinel.shadow_runtime import publication_not_before\n\n    phase = 'DATABASE_CONNECT'\n    progress.emit('database_connect', 'started')\n    c = store.connect(os.environ['SENTINEL_DATABASE_URL'])\n    # Schema bootstrap/migration is PostgreSQL WAL mutation just like market-data\n    # publication. Prove the external archive target *before* the validator may\n    # change even one financial-database row.\n    phase = 'BACKUP_DURABILITY'\n    progress.emit('backup_durability', 'started')\n    backup_guard.require_writes_permitted(\n        c, operation='NAS validation schema migration')\n    phase = 'SCHEMA_MIGRATION'\n    progress.emit('schema_migration', 'started', reason='BEHAVIORAL_SCHEMA')\n    schema_attempted = True\n    schema.ensure_schema(c)\n    progress.emit('schema_migration', 'started', reason='FEED_SCHEMA')\n    store.migrate_schema(c)\n    progress.emit('schema_migration', 'completed')\n    target = calendar.latest_closed_session()\n    now = datetime.now(timezone.utc)\n    execution_session = calendar.next_session(target)\n    execution_open, _execution_close = calendar.session_window(execution_session)\n    source_final = now >= publication_not_before(target)\n    prospective = now < execution_open.astimezone(timezone.utc)\n    eligible = source_final and prospective\n    daily_attempted = False\n    if eligible:\n        phase = 'DAILY_CATCHUP'\n        progress.emit('daily_catchup', 'started', date_to=target)\n        daily_attempted = True\n        recovered = outage_recovery.catch_up_waiting(\n            c, target_session=target, reobserve_current=True)\n        if recovered.mode == 'ALREADY_CURRENT':\n            # The requested current-vendor re-observation completed inside\n            # catch_up. No second mutable-source observation is needed here.\n            pass\n        elif recovered.mode in {'BOUNDED_RESEED', 'BOUNDED_INITIAL_SEED'}:\n            print(RECOVERY_MARKER + json.dumps({\n                'mode': recovered.mode,\n                'trigger': recovered.recovered_from,\n            }, sort_keys=True), flush=True)\n    phase = 'PUBLICATION_CHECK'\n    progress.emit('publication_check', 'started', date_to=target)\n    after = publication.current(c)\n    visible = store.latest_visible_session(c)\n    current = (\n        after is not None and after.window_end is not None\n        and after.window_end >= target and visible == target\n        and publication.chain_gaps(c) == [])\n    print(SUCCESS_MARKER + json.dumps({\n        'schema_migrated': True,\n        'source_not_before_satisfied': source_final,\n        'following_open_future': prospective,\n        'bounded_sharadar_daily': daily_attempted,\n        'publication_current': current,\n    }, sort_keys=True), flush=True)\nexcept BaseException as exc:\n    if c is not None:\n        try:\n            c.rollback()\n        except BaseException:\n            pass\n    emit_failure(phase, exc)\n    raise\nfinally:\n    if c is not None:\n        c.close()]
tests/sentinel/test_go_preparation_attempts.py::test_malformed_attempt_evidence_does_not_invent_attempts[not-json]
tests/sentinel/test_go_preparation_attempts.py::test_malformed_attempt_evidence_does_not_invent_attempts[[]]
tests/sentinel/test_go_preparation_attempts.py::test_malformed_attempt_evidence_does_not_invent_attempts[{}]
tests/sentinel/test_go_preparation_attempts.py::test_malformed_attempt_evidence_does_not_invent_attempts[{"schema_migration_attempted":"true","bounded_sharadar_daily_attempted":true}]
tests/sentinel/test_go_preparation_attempts.py::test_ambiguous_attempt_markers_are_not_evidence
tests/sentinel/test_go_preparation_identity_reason_codes.py::test_preparation_codes_preserve_structured_identity_reason_codes
tests/sentinel/test_go_preparation_identity_reason_codes.py::test_preparation_failure_markers_retain_raw_identity_reason_field
tests/sentinel/test_go_preparation_identity_reason_codes.py::test_exact_nas_missing_pair_keeps_session_and_counts_in_bounded_diagnostic
tests/sentinel/test_go_probe_contract.py::test_postgres_cold_start_explicitly_starts_service_and_waits_healthy
tests/sentinel/test_go_probe_contract.py::test_postgres_start_failure_has_typed_hashed_safe_evidence
tests/sentinel/test_go_probe_contract.py::test_postgres_exited_before_health_is_distinct_from_timeout
tests/sentinel/test_go_probe_contract.py::test_deadline_runner_kills_a_hung_host_subprocess
tests/sentinel/test_go_probe_contract.py::test_unbounded_test_double_is_rejected_before_startup
tests/sentinel/test_go_probe_contract.py::test_subprocess_classifier_distinguishes_import_auth_permission_and_timeout
tests/sentinel/test_go_probe_contract.py::test_preparation_classifier_prefers_typed_child_marker
tests/sentinel/test_go_probe_contract.py::test_preparation_classifier_falls_back_on_malformed_marker
tests/sentinel/test_go_probe_contract.py::test_verified_entry_installs_probe_contract_outside_backup_refresh_before_observability
tests/sentinel/test_go_probe_contract.py::test_installed_24x7_preparation_preserves_import_and_connect_failure_envelope
tests/sentinel/test_go_probe_contract.py::test_preparation_runtime_connect_and_import_are_inside_failure_envelope
tests/sentinel/test_go_readonly_data_preflight.py::test_preflight_container_is_transactionally_read_only_and_has_no_write_primitives
tests/sentinel/test_go_readonly_data_preflight.py::test_preflight_validates_all_local_maintenance_cursor_authority
tests/sentinel/test_go_readonly_data_preflight.py::test_missing_legacy_cursor_state_is_recovery_not_source_corruption
tests/sentinel/test_go_readonly_data_preflight.py::test_preflight_never_receives_broker_authority
tests/sentinel/test_go_readonly_data_preflight.py::test_preflight_builds_only_exact_commit_scoped_ordinary_runtime
tests/sentinel/test_go_readonly_data_preflight.py::test_launcher_runs_readonly_data_preflight_before_verified_certification
tests/sentinel/test_go_readonly_data_preflight.py::test_source_final_deferral_is_non_negative_authority
tests/sentinel/test_go_readonly_data_preflight.py::test_source_identity_validation_is_deferred_to_single_certified_acquisition
tests/sentinel/test_go_readonly_data_preflight.py::test_controlled_detail_scrubs_transport_or_credential_shaped_text
tests/sentinel/test_go_readonly_data_preflight.py::test_payload_accepts_only_one_marker_json_object
tests/sentinel/test_go_source_final_preparation.py::test_source_final_preparation_does_not_require_following_open_future
tests/sentinel/test_go_source_final_preparation.py::test_preparation_selects_newest_causally_final_frontier
tests/sentinel/test_go_source_final_preparation.py::test_nonfinal_selected_target_can_never_pass
tests/sentinel/test_go_source_final_preparation.py::test_source_final_overlay_is_internal_only
tests/sentinel/test_go_validation_liveness.py::test_launcher_serializes_and_uses_guarded_verified_entry
tests/sentinel/test_go_validation_liveness.py::test_host_go_lock_spans_child_lifecycle_and_is_provable_at_membrane
tests/sentinel/test_go_validation_liveness.py::test_phase_controller_orders_certification_before_single_preparation
tests/sentinel/test_go_validation_liveness.py::test_failed_certification_cannot_reach_mutable_preparation
tests/sentinel/test_go_validation_liveness.py::test_failed_preparation_short_circuits_expensive_readiness
tests/sentinel/test_go_validation_liveness.py::test_already_current_contract_is_source_owned_and_has_no_second_ingest
tests/sentinel/test_go_validation_liveness.py::test_mutation_refusal_reason_codes_distinguish_local_from_source_authority
tests/sentinel/test_go_validation_liveness.py::test_mutation_refusal_detail_never_echoes_secret_or_url_shaped_text
tests/sentinel/test_go_validation_liveness.py::test_requested_target_exit_is_not_shadow_only
tests/sentinel/test_go_validation_liveness.py::test_stable_certification_reuse_is_exact_same_boot_and_time_bounded
tests/sentinel/test_go_validation_liveness.py::test_promotion_requires_current_run_go_and_exact_certified_runtime_for_each_mode
tests/sentinel/test_go_validation_liveness.py::test_actual_wall_clock_deadline_requires_reviewed_margin
tests/sentinel/test_go_validation_liveness.py::test_supported_database_health_view_keeps_v1_public_schema_exact
tests/sentinel/test_go_validation_liveness.py::test_go_bundle_lifetime_is_capped_by_remaining_readiness_margin
tests/sentinel/test_go_validation_liveness.py::test_final_paper_account_is_reobserved_after_long_phases
tests/sentinel/test_go_validation_liveness.py::test_verified_entry_arms_mutation_then_writes_run_pass_only_after_target_go
tests/sentinel/test_go_validation_liveness.py::test_early_paper_account_preflight_is_get_only_and_target_aware
tests/sentinel/test_go_validation_liveness.py::test_command_deadlines_are_enforced_not_post_hoc_only
tests/sentinel/test_go_validation_liveness.py::test_runtime_preflight_uses_same_validated_pointer_precedence_as_compose
tests/sentinel/test_go_validation_liveness.py::test_runtime_promotion_refreshes_origin_main_at_final_boundary
tests/sentinel/test_go_validation_liveness.py::test_post_validation_recreates_panel_then_publishes_single_runtime_handoff
tests/sentinel/test_go_validation_liveness.py::test_autonomous_deploy_promotes_exact_reviewed_local_ids_to_repo_digests
tests/sentinel/test_go_wallclock_entry_wiring.py::test_verified_entry_installs_source_final_before_install_authority
tests/sentinel/test_go_wallclock_entry_wiring.py::test_public_go_launcher_remains_the_vetted_verified_entry
tests/sentinel/test_guarded_administration_connection.py::test_fresh_connection_reconstructs_password_from_active_connection
tests/sentinel/test_guarded_administration_connection.py::test_fresh_connection_keeps_passwordless_fallback
tests/sentinel/test_guarded_administration_connection.py::test_fresh_connection_refuses_without_active_connection_target
tests/sentinel/test_guarded_execution_broker.py::test_protocol_introspection_forces_every_broker_method_through_guard
tests/sentinel/test_guarded_execution_broker.py::test_grants_are_typed_identity_only_and_cannot_carry_plan_economics
tests/sentinel/test_guarded_execution_broker.py::test_prepare_scoped_automation_grant_is_structurally_read_only
tests/sentinel/test_guarded_execution_broker.py::test_recovery_scope_refuses_submit_but_retains_guarded_cancellation
tests/sentinel/test_guarded_execution_broker.py::test_paper_preparation_grant_allows_reads_but_never_mutations
tests/sentinel/test_guarded_execution_broker.py::test_every_read_and_mutation_gets_its_own_fresh_guard_callback
tests/sentinel/test_guarded_execution_broker.py::test_revocation_between_read_and_mutation_causes_zero_inner_mutations[submit]
tests/sentinel/test_guarded_execution_broker.py::test_revocation_between_read_and_mutation_causes_zero_inner_mutations[cancel]
tests/sentinel/test_guarded_execution_broker.py::test_cancelled_callback_authority_refuses_late_broker_mutation
tests/sentinel/test_guarded_execution_broker.py::test_dispatch_reraises_pretransport_refusal_instead_of_inventing_unknown
tests/sentinel/test_guarded_execution_broker.py::test_unavailable_guard_backend_is_also_known_pretransport_refusal
tests/sentinel/test_guarded_execution_broker.py::test_true_transport_exception_remains_unknown_under_the_guard
tests/sentinel/test_guarded_execution_broker.py::test_alternate_adapter_cannot_borrow_canonical_wrapper_certification
tests/sentinel/test_guarded_execution_broker.py::test_read_guard_failure_is_typed_but_inner_transport_is_not[before]
tests/sentinel/test_guarded_execution_broker.py::test_read_guard_failure_is_typed_but_inner_transport_is_not[after]
tests/sentinel/test_guarded_execution_broker.py::test_inner_read_transport_failure_remains_retryable_transport_error
tests/sentinel/test_guarded_execution_broker.py::test_send_pending_refused_before_transport_remains_durable_and_recoverable
tests/sentinel/test_high_impact_durable_remediation.py::test_crash_after_cycle_transition_reconstructs_missing_alert
tests/sentinel/test_high_impact_durable_remediation.py::test_each_same_state_transition_has_one_event_identity
tests/sentinel/test_high_impact_durable_remediation.py::test_restart_reconstructs_only_notifier_eligible_retry_transition
tests/sentinel/test_high_impact_durable_remediation.py::test_kill_event_reconstructs_after_notifier_crash
tests/sentinel/test_high_impact_durable_remediation.py::test_control_singleton_sql_tamper_refuses_before_lease_authority
tests/sentinel/test_high_impact_durable_remediation.py::test_rollout_singleton_cannot_replay_historical_authority
tests/sentinel/test_high_impact_durable_remediation.py::test_publication_evidence_and_receipt_are_durably_enforced
tests/sentinel/test_high_impact_durable_remediation.py::test_database_rejects_sql_publication_without_receipt
tests/sentinel/test_high_impact_durable_remediation.py::test_public_digest_cannot_certify_unpublished_successful_run
tests/sentinel/test_historical_command_symbol.py::test_current_symbol_survives_settled_old_label_only[FILLED]
tests/sentinel/test_historical_command_symbol.py::test_current_symbol_survives_settled_old_label_only[CANCELLED]
tests/sentinel/test_historical_command_symbol.py::test_current_symbol_survives_settled_old_label_only[ACKNOWLEDGED]
tests/sentinel/test_historical_cycle_recovery.py::test_new_shadow_close_preserves_old_order_reconciliation[False]
tests/sentinel/test_historical_cycle_recovery.py::test_new_shadow_close_preserves_old_order_reconciliation[True]
tests/sentinel/test_historical_formation.py::test_exact_frozen_axis_and_independent_replay
tests/sentinel/test_historical_formation.py::test_resume_across_rollover_split_and_dividend_is_identical
tests/sentinel/test_historical_formation.py::test_owned_split_and_dividend_have_independent_economic_effects
tests/sentinel/test_historical_formation.py::test_daily_cash_and_shares_reconcile_from_event_movements
tests/sentinel/test_historical_formation.py::test_rejected_input_does_not_advance_candidate
tests/sentinel/test_historical_formation.py::test_missing_historical_metadata_cannot_use_current_metadata
tests/sentinel/test_historical_formation.py::test_checkpoint_tampering_refuses[count-True]
tests/sentinel/test_historical_formation.py::test_checkpoint_tampering_refuses[count-127]
tests/sentinel/test_historical_formation.py::test_checkpoint_tampering_refuses[status-VERIFIED]
tests/sentinel/test_historical_formation.py::test_checkpoint_tampering_refuses[chain-0000000000000000000000000000000000000000000000000000000000000000]
tests/sentinel/test_historical_formation.py::test_checkpoint_tampering_refuses[state_sha256-0000000000000000000000000000000000000000000000000000000000000000]
tests/sentinel/test_historical_formation.py::test_resume_cannot_rebase_capital_or_change_source_period[change0]
tests/sentinel/test_historical_formation.py::test_resume_cannot_rebase_capital_or_change_source_period[change1]
tests/sentinel/test_historical_formation.py::test_resume_cannot_rebase_capital_or_change_source_period[change2]
tests/sentinel/test_historical_formation.py::test_complete_formation_cannot_advance_again
tests/sentinel/test_historical_formation.py::test_fifty_thousand_scaling_does_not_import_historical_profit
tests/sentinel/test_historical_formation.py::test_active_owned_cause_reaches_final_kernel_target
tests/sentinel/test_historical_formation.py::test_current_controller_uses_correlation_peers_not_sector_labels
tests/sentinel/test_historical_formation.py::test_current_eligibility_ignores_exchange_but_requires_first_session
tests/sentinel/test_historical_recovery_process_death.py::test_killed_sender_absence_and_late_fill_keep_original_identity[accepted_before_ack_commit-same-close]
tests/sentinel/test_historical_recovery_process_death.py::test_killed_sender_absence_and_late_fill_keep_original_identity[accepted_before_ack_commit-new-close]
tests/sentinel/test_historical_recovery_process_death.py::test_killed_sender_absence_and_late_fill_keep_original_identity[ack_committed_before_result-same-close]
tests/sentinel/test_historical_recovery_process_death.py::test_killed_sender_absence_and_late_fill_keep_original_identity[ack_committed_before_result-new-close]
tests/sentinel/test_historical_stress_checkpoints.py::test_named_stress_checkpoints_replay_the_frozen_economic_state
tests/sentinel/test_historical_symbol_identity.py::test_complete_history_preserves_permanent_identity_and_effective_labels[restated]
tests/sentinel/test_historical_symbol_identity.py::test_complete_history_preserves_permanent_identity_and_effective_labels[reciprocal]
tests/sentinel/test_historical_symbol_identity.py::test_complete_history_preserves_permanent_identity_and_effective_labels[mixed]
tests/sentinel/test_historical_symbol_identity.py::test_complete_history_preserves_permanent_identity_and_effective_labels[duplicate]
tests/sentinel/test_historical_symbol_identity.py::test_complete_history_preserves_permanent_identity_and_effective_labels[intermediate]
tests/sentinel/test_historical_symbol_identity.py::test_damaged_older_claims_do_not_grant_a_partial_alias[missing-older-to]
tests/sentinel/test_historical_symbol_identity.py::test_damaged_older_claims_do_not_grant_a_partial_alias[missing-older-from]
tests/sentinel/test_historical_symbol_identity.py::test_damaged_older_claims_do_not_grant_a_partial_alias[different-date]
tests/sentinel/test_historical_symbol_identity.py::test_damaged_older_claims_do_not_grant_a_partial_alias[extra-from]
tests/sentinel/test_historical_symbol_identity.py::test_damaged_older_claims_do_not_grant_a_partial_alias[extra-to]
tests/sentinel/test_historical_symbol_identity.py::test_damaged_older_claims_do_not_grant_a_partial_alias[foreign-primary]
tests/sentinel/test_historical_symbol_identity.py::test_damaged_older_claims_do_not_grant_a_partial_alias[earlier-primary]
tests/sentinel/test_historical_symbol_identity.py::test_damaged_older_claims_do_not_grant_a_partial_alias[branch]
tests/sentinel/test_historical_symbol_identity.py::test_damaged_older_claims_do_not_grant_a_partial_alias[cycle]
tests/sentinel/test_historical_symbol_identity.py::test_damaged_older_claims_do_not_grant_a_partial_alias[same-date]
tests/sentinel/test_historical_symbol_identity.py::test_damaged_older_claims_do_not_grant_a_partial_alias[conflicting-id]
tests/sentinel/test_historical_symbol_identity.py::test_restated_primary_cannot_borrow_a_future_rename
tests/sentinel/test_history_mutation_publication.py::test_changed_sep_fields_bind_earliest_history_before_new_publication[raw_close-101]
tests/sentinel/test_history_mutation_publication.py::test_changed_sep_fields_bind_earliest_history_before_new_publication[raw_open-98]
tests/sentinel/test_history_mutation_publication.py::test_changed_sep_fields_bind_earliest_history_before_new_publication[volume-1000001]
tests/sentinel/test_history_mutation_publication.py::test_changed_sep_fields_bind_earliest_history_before_new_publication[split_ratio-2]
tests/sentinel/test_history_mutation_publication.py::test_changed_sep_fields_bind_earliest_history_before_new_publication[dividend_per_share-1]
tests/sentinel/test_history_mutation_publication.py::test_changed_sep_fields_bind_earliest_history_before_new_publication[close_signal-101]
tests/sentinel/test_history_mutation_publication.py::test_failed_write_reclaimed_unchanged_still_carries_original_mutation
tests/sentinel/test_history_mutation_publication.py::test_unchanged_bar_and_forward_extension_do_not_invalidate_prior_state
tests/sentinel/test_history_mutation_publication.py::test_terminal_only_generation_cannot_advance_old_path[add]
tests/sentinel/test_history_mutation_publication.py::test_terminal_only_generation_cannot_advance_old_path[remove]
tests/sentinel/test_history_mutation_publication.py::test_terminal_only_generation_cannot_advance_old_path[change]
tests/sentinel/test_history_mutation_publication.py::test_reference_history_restatement_has_the_same_reconstruction_fence[SPY]
tests/sentinel/test_history_mutation_publication.py::test_reference_history_restatement_has_the_same_reconstruction_fence[BIL]
tests/sentinel/test_history_mutation_publication.py::test_mutation_footprints_are_append_only_and_schema_proves_trigger_presence
tests/sentinel/test_history_mutation_publication.py::test_upgrade_from_cash_spinoff_semantics_replays_and_preserves_source
tests/sentinel/test_host_python_compat.py::HostPythonCompatibilityTests::test_abandoned_attempt_is_not_a_certified_baseline
tests/sentinel/test_host_python_compat.py::HostPythonCompatibilityTests::test_build_push_and_resume_are_bound_to_immutable_images
tests/sentinel/test_host_python_compat.py::HostPythonCompatibilityTests::test_forward_run_parses_real_finalized_manifest_path
tests/sentinel/test_host_python_compat.py::HostPythonCompatibilityTests::test_preflight_exercises_host_call_graph_and_repo_digest_paths
tests/sentinel/test_host_python_compat.py::HostPythonCompatibilityTests::test_reviewed_transition_retains_prior_evidence
tests/sentinel/test_host_python_compat.py::HostPythonCompatibilityTests::test_test_run_parses_real_immutable_manifest_path
tests/sentinel/test_identity_refresh_deadlock.py::test_case_1_yhnau_forward_extension_resolves_without_rewriting_history
tests/sentinel/test_identity_refresh_deadlock.py::test_case_2_genuine_unknown_ticker_hard_fails
tests/sentinel/test_identity_refresh_deadlock.py::test_case_3_new_listing_after_published_frontier_is_safe
tests/sentinel/test_identity_refresh_deadlock.py::test_case_4_historical_first_date_rewrite_hard_fails
tests/sentinel/test_identity_refresh_deadlock.py::test_case_5_permaticker_reassignment_hard_fails
tests/sentinel/test_identity_refresh_deadlock.py::test_case_6_ambiguous_ticker_reuse_is_rejected_structurally
tests/sentinel/test_identity_refresh_deadlock.py::test_case_7_unstable_current_tickers_is_never_refresh_authority
tests/sentinel/test_identity_refresh_deadlock.py::test_case_8_failed_daily_publication_cannot_reach_cdc
tests/sentinel/test_identity_refresh_deadlock.py::test_case_9_safe_refresh_proof_runs_inside_postgres_read_only_transaction
tests/sentinel/test_identity_refresh_deadlock.py::test_case_10_ambiguous_published_identity_never_attempts_refresh
tests/sentinel/test_identity_refresh_deadlock.py::test_production_maintenance_facade_uses_typed_validator
tests/sentinel/test_identity_refresh_deadlock.py::test_cdc_cursor_follows_correction_publication
tests/sentinel/test_identity_refresh_prepublication.py::test_pinned_initial_tickers_fetch_serves_proven_candidate_once
tests/sentinel/test_identity_refresh_prepublication.py::test_prevalidation_is_noop_when_cursor_already_covers_boundary
tests/sentinel/test_identity_refresh_prepublication.py::test_prevalidation_uses_candidate_resolver_without_cursor_write
tests/sentinel/test_identity_refresh_prepublication.py::test_prevalidation_refuses_source_row_outside_exact_lastupdated_envelope
tests/sentinel/test_identity_refresh_prepublication.py::test_production_daily_prevalidates_exact_candidate_before_publication
tests/sentinel/test_identity_refresh_seed_authority.py::test_production_seed_rejects_overlapping_ticker_reuse
tests/sentinel/test_image_layout.py::TestCopyDirectiveReconstruction::test_copy_forms[COPY source /app/target\n-expected0]
tests/sentinel/test_image_layout.py::TestCopyDirectiveReconstruction::test_copy_forms[COPY source \\\n  /app/target\n-expected1]
tests/sentinel/test_image_layout.py::TestCopyDirectiveReconstruction::test_copy_forms[COPY source \\\r\n  /app/target\r\n-expected2]
tests/sentinel/test_image_layout.py::TestCopyDirectiveReconstruction::test_copy_forms[COPY one two /tmp/req/\n-expected3]
tests/sentinel/test_image_layout.py::TestCopyDirectiveReconstruction::test_copy_forms[COPY one \\\n two \\\n /tmp/req/\n-expected4]
tests/sentinel/test_image_layout.py::TestCopyDirectiveReconstruction::test_copy_forms[COPY "source file" "/app/target file"\n-expected5]
tests/sentinel/test_image_layout.py::TestCopyDirectiveReconstruction::test_copy_forms[COPY ["source file", "/app/target file"]\n-expected6]
tests/sentinel/test_image_layout.py::TestCopyDirectiveReconstruction::test_copy_forms[COPY --chown=10001:10001 --chmod=0444 source /app/target\n-expected7]
tests/sentinel/test_image_layout.py::TestCopyDirectiveReconstruction::test_copy_forms[# COPY ignored /ignored\nRUN echo COPY ignored /ignored\n-expected8]
tests/sentinel/test_image_layout.py::TestCopyDirectiveReconstruction::test_unsupported_or_incomplete_copy_refuses[COPY source\n]
tests/sentinel/test_image_layout.py::TestCopyDirectiveReconstruction::test_unsupported_or_incomplete_copy_refuses[COPY source \\\n]
tests/sentinel/test_image_layout.py::TestCopyDirectiveReconstruction::test_unsupported_or_incomplete_copy_refuses[COPY --from=builder source /target\n]
tests/sentinel/test_image_layout.py::TestCopyDirectiveReconstruction::test_reconstruction_preserves_all_paths_and_file_bytes
tests/sentinel/test_image_layout.py::TestCopyDirectiveReconstruction::test_reconstruction_still_refuses_missing_source
tests/sentinel/test_image_layout.py::TestTheImageLayout::test_sentinel_runs_with_the_repo_ABSENT
tests/sentinel/test_image_layout.py::TestTheImageLayout::test_the_default_command_does_not_TRADE
tests/sentinel/test_image_layout.py::TestTheImageCarriesItsRUNTIME_DEPENDENCIES::test_EVERY_reachable_third_party_import_is_installed
tests/sentinel/test_image_layout.py::TestTheImageCarriesItsRUNTIME_DEPENDENCIES::test_shared_still_does_not_declare_the_driver
tests/sentinel/test_image_layout.py::TestTheImageCarriesItsRUNTIME_DEPENDENCIES::test_the_walk_actually_reaches_the_BROKER
tests/sentinel/test_image_layout.py::TestRetirementProperties::test_the_image_does_not_build_FROM_stocker_base
tests/sentinel/test_image_layout.py::TestRetirementProperties::test_no_stocker_SERVICE_is_imported_by_sentinel
tests/sentinel/test_image_layout.py::TestComposeSafety::test_the_ownership_log_is_on_a_NAMED_VOLUME
tests/sentinel/test_image_layout.py::TestComposeSafety::test_it_has_its_OWN_compose_project
tests/sentinel/test_image_layout.py::TestComposeSafety::test_up_does_not_start_a_liquidation
tests/sentinel/test_image_layout.py::TestComposeSafety::test_the_default_endpoint_is_PAPER
tests/sentinel/test_image_layout.py::TestTheBuildContextCarriesWhatTheDockerfilesCOPY::test_there_are_copies_to_check
tests/sentinel/test_image_layout.py::TestTheBuildContextCarriesWhatTheDockerfilesCOPY::test_no_dockerfile_copies_an_ignored_path
tests/sentinel/test_image_layout.py::TestTheBuildContextCarriesWhatTheDockerfilesCOPY::test_the_context_is_still_pruned
tests/sentinel/test_image_layout.py::TestTheBuildContextCarriesWhatTheDockerfilesCOPY::test_the_matcher_understands_re_inclusion
tests/sentinel/test_image_layout.py::TestTheBuildContextCarriesWhatTheDockerfilesCOPY::test_no_dockerfile_copies_the_whole_context
tests/sentinel/test_image_layout.py::TestTheCleanCertificationImageInspectionBundle::test_every_repository_inspection_input_is_copied_to_the_nonimportable_root
tests/sentinel/test_image_layout.py::TestTheCleanCertificationImageInspectionBundle::test_runnable_suite_inputs_stay_on_the_work_root
tests/sentinel/test_image_layout.py::TestTheCleanCertificationImageInspectionBundle::test_the_inspected_docs_survive_the_pruned_build_context
tests/sentinel/test_image_layout.py::TestEveryRepoPathTheCodeREADS_IsCopiedIn::test_the_extractor_still_finds_the_known_ones
tests/sentinel/test_image_layout.py::TestEveryRepoPathTheCodeREADS_IsCopiedIn::test_the_RUNTIME_image_carries_every_path_sentinel_reads
tests/sentinel/test_image_layout.py::TestEveryRepoPathTheCodeREADS_IsCopiedIn::test_the_TEST_image_carries_every_path_the_suite_reads
tests/sentinel/test_image_layout.py::TestEveryRepoPathTheCodeREADS_IsCopiedIn::test_the_runtime_paths_also_resolve_under_the_TEST_image_repo_root
tests/sentinel/test_image_layout.py::TestEveryRepoPathTheCodeREADS_IsCopiedIn::test_every_named_path_actually_EXISTS
tests/sentinel/test_image_layout.py::TestNoRepoFileIsReadThroughROOT::test_both_sides_of_the_rule_are_populated
tests/sentinel/test_image_layout.py::TestNoRepoFileIsReadThroughROOT::test_no_test_module_reads_a_repo_file_through_ROOT
tests/sentinel/test_image_layout.py::TestEveryBinaryTheSuiteShellsOutToIsInstalled::test_the_bash_exemption_still_has_its_PREMISE
tests/sentinel/test_image_layout.py::TestEveryBinaryTheSuiteShellsOutToIsInstalled::test_the_parser_sees_the_install_line
tests/sentinel/test_image_layout.py::TestEveryBinaryTheSuiteShellsOutToIsInstalled::test_every_invoked_binary_is_installed
tests/sentinel/test_in_kind_distributions.py::test_adp_cdk_value_has_no_cash_authority_and_cash_distributions_remain_exact
tests/sentinel/test_in_kind_distributions.py::test_one_for_three_distribution_requires_reviewed_child_ownership[distribution0]
tests/sentinel/test_in_kind_distributions.py::test_one_for_three_distribution_requires_reviewed_child_ownership[distribution1]
tests/sentinel/test_in_kind_distributions.py::test_complete_distribution_liquidates_child_and_rebases_parent_stop
tests/sentinel/test_in_kind_distributions.py::test_fractional_entitlements_round_once_at_holder_boundary
tests/sentinel/test_in_kind_distributions.py::test_missing_fractional_cash_in_lieu_is_atomic
tests/sentinel/test_in_kind_distributions.py::test_held_ticker_with_unresolved_parent_identity_refuses_atomically
tests/sentinel/test_in_kind_distributions.py::test_canonical_kernel_checks_entitlement_before_any_accounting
tests/sentinel/test_in_kind_distributions.py::test_unheld_parent_has_no_entitlement
tests/sentinel/test_informational_paper_mirror.py::test_pending_is_immutable_and_requires_every_symbol
tests/sentinel/test_informational_paper_mirror.py::test_every_new_publication_rechecks_old_session_and_latches_correction
tests/sentinel/test_informational_paper_mirror.py::test_scalar_split_is_material_even_without_unsupported_event
tests/sentinel/test_informational_paper_mirror.py::test_due_session_requires_exact_current_publication_check
tests/sentinel/test_informational_paper_mirror.py::test_current_plan_status_is_bound_to_exact_cycle_plan
tests/sentinel/test_informational_paper_mirror.py::test_integrity_refusal_is_not_typed_as_ordinary_pending
tests/sentinel/test_informational_paper_mirror.py::test_external_replacement_is_permanent_before_generic_amber_retry
tests/sentinel/test_ingest_evidence.py::TestARealIngestPreservesTheRefusal::test_an_unnameable_priced_ticker_is_RECORDED
tests/sentinel/test_ingest_evidence.py::TestARealIngestPreservesTheRefusal::test_re_ingest_appends_history_but_active_projection_is_idempotent
tests/sentinel/test_ingest_evidence.py::TestARealIngestPreservesTheRefusal::test_SEED_records_them_too
tests/sentinel/test_ingest_evidence.py::TestTheTerminalActionIsNotHIDDEN::test_it_is_UNRESOLVED_not_ABSENT_FROM_CORPUS
tests/sentinel/test_ingest_evidence.py::TestTheTerminalActionIsNotHIDDEN::test_a_genuinely_UNPRICED_ticker_is_still_excluded
tests/sentinel/test_ingest_evidence.py::TestReadinessReportsTheRefusals::test_dropped_rows_are_LOUD
tests/sentinel/test_ingest_evidence.py::TestReadinessReportsTheRefusals::test_a_clean_ingest_reports_none
tests/sentinel/test_ingest_identity_rejection_regression.py::TestCurrentSessionIdentityCoverage::test_the_guard_is_SESSION_scoped_and_refuses_a_cross_section_collapse
tests/sentinel/test_ingest_identity_rejection_regression.py::TestCurrentSessionIdentityCoverage::test_a_small_tail_of_unknown_instruments_is_allowed
tests/sentinel/test_ingest_identity_rejection_regression.py::TestCurrentSessionIdentityCoverage::test_two_percent_identity_loss_is_refused
tests/sentinel/test_ingest_identity_rejection_regression.py::TestCurrentSessionIdentityCoverage::test_a_session_SEP_has_not_published_is_explicitly_na_not_pass
tests/sentinel/test_ingest_identity_rejection_regression.py::TestDailyPublicationBoundary::test_catastrophic_identity_loss_marks_the_run_failed_and_does_not_publish
tests/sentinel/test_ingest_identity_rejection_regression.py::TestDailyPublicationBoundary::test_saturday_catch_up_validates_friday_not_wall_clock_saturday
tests/sentinel/test_ingest_identity_rejection_regression.py::TestDailyPublicationBoundary::test_weekend_or_holiday_without_new_SEP_session_is_not_identity_failure[2024-02-18]
tests/sentinel/test_ingest_identity_rejection_regression.py::TestDailyPublicationBoundary::test_weekend_or_holiday_without_new_SEP_session_is_not_identity_failure[2024-02-19]
tests/sentinel/test_ingest_identity_rejection_regression.py::TestDailyPublicationBoundary::test_intermediate_new_session_collapse_cannot_hide_behind_healthy_latest
tests/sentinel/test_ingest_identity_rejection_regression.py::TestRejectionGenerationLifecycle::test_retries_append_history_and_only_the_latest_unresolved_observation_is_active
tests/sentinel/test_ingest_identity_rejection_regression.py::TestRejectionGenerationLifecycle::test_a_later_published_bar_resolves_rejection_without_deleting_history
tests/sentinel/test_ingest_identity_rejection_regression.py::TestRejectionGenerationLifecycle::test_reject_failed_repair_published_repair_and_rereject_lifecycle
tests/sentinel/test_ingest_identity_rejection_regression.py::TestRejectionGenerationLifecycle::test_legacy_runless_rejection_is_resolved_only_by_a_later_publication
tests/sentinel/test_ingest_identity_rejection_regression.py::TestLegacySchemaMigration::test_old_mutable_rejection_table_is_upgraded_without_losing_evidence
tests/sentinel/test_ingest_memory.py::TestTheFailure::test_the_whole_chunk_is_never_RESIDENT_AT_ONCE
tests/sentinel/test_ingest_memory.py::TestTheFailure::test_and_it_does_not_grow_with_the_chunk
tests/sentinel/test_ingest_memory.py::TestTheFailure::test_the_in_process_sort_is_GONE
tests/sentinel/test_ingest_memory.py::TestTheOrderingSURVIVES::test_a_SHUFFLED_vendor_stream_still_stores_ordered_bars
tests/sentinel/test_ingest_memory.py::TestTheOrderingSURVIVES::test_the_normaliser_still_REFUSES_an_unordered_stream
tests/sentinel/test_ingest_memory.py::TestNothingIsLostInTheRoundTrip::test_every_field_the_normaliser_READS_survives_staging
tests/sentinel/test_ingest_memory.py::TestNothingIsLostInTheRoundTrip::test_a_staged_row_comes_back_byte_for_byte_on_the_carried_fields
tests/sentinel/test_ingest_memory.py::TestStagingIsScratch::test_a_chunk_CLEANS_UP_after_itself
tests/sentinel/test_ingest_memory.py::TestStagingIsScratch::test_one_runs_scratch_is_INVISIBLE_to_another
tests/sentinel/test_ingest_memory.py::TestStagingIsScratch::test_restaging_the_same_chunk_REPLACES_rather_than_appends
tests/sentinel/test_ingest_memory.py::TestStagingIsScratch::test_the_staged_read_is_ORDERED_by_session_then_ticker
tests/sentinel/test_install_causal_vendor_window.py::test_deferred_vendor_probe_and_feed_recheck_causal_window
tests/sentinel/test_install_causal_vendor_window.py::test_deferred_vendor_probe_rejects_session_newer_than_causal_target
tests/sentinel/test_install_causal_vendor_window.py::test_expired_vendor_wait_returns_to_next_causal_session
tests/sentinel/test_install_causal_vendor_window.py::test_publication_bind_rechecks_margin_after_full_verification_and_rolls_back
tests/sentinel/test_install_causal_vendor_window.py::test_publication_binding_evidence_uses_margin_at_actual_bind_point
tests/sentinel/test_install_overlay_entrypoints.py::test_deploy_install_overlay_refuses_direct_operator_execution
tests/sentinel/test_install_overlay_entrypoints.py::test_go_install_overlay_refuses_direct_operator_execution
tests/sentinel/test_install_wallclock_decoupling.py::test_structural_database_health_survives_expired_session_window_only
tests/sentinel/test_install_wallclock_decoupling.py::test_temporal_readiness_classifier_accepts_only_nonfinal_freshness
tests/sentinel/test_install_wallclock_decoupling.py::test_temporal_readiness_classifier_rejects_real_data_failure
tests/sentinel/test_install_wallclock_decoupling.py::test_failed_preparation_skips_temporal_readiness_subprocess
tests/sentinel/test_install_wallclock_decoupling.py::test_waiting_install_preserves_truthful_session_and_database_no_go
tests/sentinel/test_install_wallclock_decoupling.py::test_waiting_bundle_is_install_safe_but_not_session_go
tests/sentinel/test_install_wallclock_decoupling.py::test_waiting_contract_rejects_transient_publication_binding
tests/sentinel/test_install_wallclock_decoupling.py::test_deferred_wait_never_enters_vendor_path_before_target_source_final
tests/sentinel/test_install_wallclock_decoupling.py::test_vendor_catchup_is_allowed_only_after_target_source_final
tests/sentinel/test_install_wallclock_decoupling.py::test_deferred_dual_uses_quiesced_boundary_before_publication_binding
tests/sentinel/test_install_wallclock_evidence_hardening.py::test_waiting_install_accepts_only_temporal_failure_vocabulary
tests/sentinel/test_install_wallclock_evidence_hardening.py::test_waiting_install_rejects_mutation_or_structural_failure_codes
tests/sentinel/test_install_wallclock_evidence_hardening.py::test_waiting_install_rejects_empty_duplicate_or_malformed_failures
tests/sentinel/test_issue209_account_bound_observation.py::test_alpaca_observation_refuses_a_b_a_account_flip
tests/sentinel/test_issue209_account_bound_observation.py::test_stable_alpaca_observation_carries_account_identity
tests/sentinel/test_issue209_asset_identity.py::test_order_reconciliation_refuses_asset_id_change
tests/sentinel/test_issue209_asset_identity.py::test_asset_id_participates_in_order_observation_fingerprint
tests/sentinel/test_issue209_asset_identity.py::test_replacement_authority_fields_participate_in_order_fingerprint[external_replacement-True]
tests/sentinel/test_issue209_asset_identity.py::test_replacement_authority_fields_participate_in_order_fingerprint[replaced_by-successor]
tests/sentinel/test_issue209_asset_identity.py::test_replacement_authority_fields_participate_in_order_fingerprint[replaces-predecessor]
tests/sentinel/test_issue209_asset_identity.py::test_replacement_authority_fields_participate_in_order_fingerprint[submitted_at-value3]
tests/sentinel/test_issue209_asset_identity.py::test_position_reconciliation_refuses_asset_id_change
tests/sentinel/test_issue209_asset_identity.py::test_command_client_key_economics_include_asset_id
tests/sentinel/test_issue209_asset_identity.py::test_observation_provenance_retains_position_asset_id
tests/sentinel/test_issue209_concordance_differential.py::test_reference_is_code_not_an_oracle_tape
tests/sentinel/test_issue209_concordance_differential.py::test_reference_pins_exact_simplified_three_signal_constants
tests/sentinel/test_issue209_concordance_differential.py::test_production_audit_seam_is_observational_only
tests/sentinel/test_issue209_concordance_differential.py::test_reference_detects_wrong_effective_native_source
tests/sentinel/test_issue209_concordance_differential.py::test_historical_differential_does_not_claim_pit_metadata_causality
tests/sentinel/test_issue209_published_immutability.py::test_published_strategy_families_refuse_in_place_mutation
tests/sentinel/test_issue209_published_immutability.py::test_restatement_requires_new_unpublished_run_and_legacy_stays_mutable
tests/sentinel/test_issue209_session_effective_metadata.py::test_future_tickers_snapshot_cannot_change_missed_session
tests/sentinel/test_issue209_session_effective_metadata.py::test_as_of_before_first_retained_snapshot_refuses
tests/sentinel/test_issue209_simplified_ldrc_runtime.py::test_default_paper_runtime_is_the_shared_compact_champion
tests/sentinel/test_issue209_simplified_ldrc_runtime.py::test_simplified_v3_entry_and_recovery_constants_are_frozen
tests/sentinel/test_issue209_simplified_ldrc_runtime.py::test_paper_gateway_has_no_legacy_runtime_identity_default
tests/sentinel/test_issue209_target_reprojection.py::test_forward_split_reexpresses_units_without_mutating_plan
tests/sentinel/test_issue209_target_reprojection.py::test_exact_reverse_split_is_supported_for_whole_share_adapter
tests/sentinel/test_issue209_target_reprojection.py::test_action_product_cannot_round_fractional_intent_into_a_whole_share
tests/sentinel/test_issue209_target_reprojection.py::test_cancelled_entry_scaling_keeps_exact_surviving_ratio
tests/sentinel/test_issue209_target_reprojection.py::test_fractional_reverse_split_refuses_instead_of_rounding
tests/sentinel/test_issue209_target_reprojection.py::test_fractional_held_entitlement_uses_broker_certified_increment_exactly
tests/sentinel/test_issue209_target_reprojection.py::test_fractional_pending_open_is_cancelled_even_for_fractional_broker
tests/sentinel/test_issue209_target_reprojection.py::test_cancelled_pending_open_removes_the_account_sized_target
tests/sentinel/test_issue209_target_reprojection.py::test_integral_pending_open_survives_the_same_reverse_split
tests/sentinel/test_issue209_target_reprojection.py::test_intermediate_fraction_cannot_be_resurrected_by_later_split
tests/sentinel/test_issue209_target_reprojection.py::test_evidenced_net_one_sequence_remains_bound_during_finalization
tests/sentinel/test_issue209_target_reprojection.py::test_pending_open_mixed_with_held_quantity_refuses_decomposition
tests/sentinel/test_issue209_target_reprojection.py::test_projection_matches_canonical_pending_open_cancellation_end_to_end
tests/sentinel/test_issue209_target_reprojection.py::test_repeating_reverse_ratio_reconstructs_exact_increment_from_evidence
tests/sentinel/test_issue209_target_reprojection.py::test_repeating_reverse_ratio_never_rounds_a_fractional_entitlement
tests/sentinel/test_issue209_target_reprojection.py::test_repeating_reverse_ratio_without_structured_evidence_still_refuses
tests/sentinel/test_issue209_target_reprojection.py::test_invalid_scalar_terms_refuse[ratio0]
tests/sentinel/test_issue209_target_reprojection.py::test_invalid_scalar_terms_refuse[ratio1]
tests/sentinel/test_issue209_target_reprojection.py::test_invalid_scalar_terms_refuse[ratio2]
tests/sentinel/test_issue209_target_reprojection.py::test_scalar_action_cannot_introduce_a_security
tests/sentinel/test_issue209_trial_strategy_evidence.py::test_generic_catchup_state_is_not_misrepresented_as_strategy_evidence
tests/sentinel/test_issue209_trial_strategy_evidence.py::test_canonical_strategy_evidence_is_idempotent_and_hash_verified
tests/sentinel/test_issue209_trial_strategy_evidence.py::test_same_session_different_strategy_evidence_refuses
tests/sentinel/test_issue209_trial_strategy_evidence.py::test_postgres_refuses_update_and_delete_of_trial_evidence
tests/sentinel/test_issue211_trial_verification.py::test_account_evidence_is_observation_bound_and_immutable
tests/sentinel/test_issue211_trial_verification.py::test_account_evidence_fingerprint_corruption_is_not_read_as_truth
tests/sentinel/test_issue211_trial_verification.py::test_account_evidence_uses_projected_pending_open_cancellation
tests/sentinel/test_issue211_trial_verification.py::test_plan_cash_baseline_v3_retains_certified_native_activity_identity
tests/sentinel/test_issue211_trial_verification.py::test_global_scheme_string_cannot_retroactively_promote_cash_finality
tests/sentinel/test_issue211_trial_verification.py::test_retained_verified_cash_finality_is_revalidated_and_revocable
tests/sentinel/test_issue211_trial_verification.py::test_plan_cash_baseline_refuses_timestamp_paged_activity_identity
tests/sentinel/test_issue211_trial_verification.py::test_legacy_verification_cannot_enter_the_corrected_v3_chain[1]
tests/sentinel/test_issue211_trial_verification.py::test_legacy_verification_cannot_enter_the_corrected_v3_chain[2]
tests/sentinel/test_issue211_trial_verification.py::test_safe_terminal_cycles_earn_durable_not_verified_records[MISSED_STATE_ONLY-CYCLE_MISSED_STATE_ONLY]
tests/sentinel/test_issue211_trial_verification.py::test_safe_terminal_cycles_earn_durable_not_verified_records[SUPERSEDED-CYCLE_SUPERSEDED]
tests/sentinel/test_issue211_trial_verification.py::test_safe_terminal_cycles_earn_durable_not_verified_records[BLOCKED-CYCLE_BLOCKED]
tests/sentinel/test_issue211_trial_verification.py::test_terminal_verification_debt_catches_callback_crash_and_nonterminal
tests/sentinel/test_issue211_trial_verification.py::test_exact_terminal_verdict_satisfies_callback_debt_across_upgrade[1]
tests/sentinel/test_issue211_trial_verification.py::test_exact_terminal_verdict_satisfies_callback_debt_across_upgrade[2]
tests/sentinel/test_issue211_trial_verification.py::test_exact_terminal_verdict_satisfies_callback_debt_across_upgrade[3]
tests/sentinel/test_issue211_trial_verification.py::test_terminal_verdict_identity_mismatch_is_integrity_refusal
tests/sentinel/test_issue211_trial_verification.py::test_succeeded_cycle_cannot_freeze_v3_with_pending_source_evidence[CLOSE_NAV_EVIDENCE_MISSING]
tests/sentinel/test_issue211_trial_verification.py::test_succeeded_cycle_cannot_freeze_v3_with_pending_source_evidence[CLOSE_NAV_EVIDENCE_FUTURE]
tests/sentinel/test_issue211_trial_verification.py::test_succeeded_cycle_cannot_freeze_v3_with_pending_source_evidence[CLOSE_FILL_INTERVAL_EVIDENCE_MISSING]
tests/sentinel/test_issue211_trial_verification.py::test_succeeded_cycle_cannot_freeze_v3_with_pending_source_evidence[CLOSE_FILL_INTERVAL_EVIDENCE_FUTURE]
tests/sentinel/test_issue211_trial_verification.py::test_succeeded_cycle_cannot_freeze_v3_with_pending_source_evidence[CLOSE_CASH_FINALITY_UNAVAILABLE]
tests/sentinel/test_issue211_trial_verification.py::test_succeeded_cycle_economic_mismatch_freezes_immutable_red[CLOSE_BOOK_INTERVAL_UNPROVEN]
tests/sentinel/test_issue211_trial_verification.py::test_succeeded_cycle_economic_mismatch_freezes_immutable_red[CLOSE_CASH_UNPROVEN]
tests/sentinel/test_issue211_trial_verification.py::test_retained_success_revalidates_its_close_source
tests/sentinel/test_issue211_trial_verification.py::test_late_cash_backfill_invalidates_ancestor_and_descendant_chain
tests/sentinel/test_issue211_trial_verification.py::test_renderer_exposes_owner_audit_without_a_write_control
tests/sentinel/test_issue211_trial_verification.py::test_split_ages_plan_target_before_position_comparison
tests/sentinel/test_issue211_trial_verification.py::test_corporate_action_cannot_introduce_an_unplanned_security
tests/sentinel/test_issue211_trial_verification.py::test_reconciled_book_treats_omitted_zero_sleeve_as_economic_zero
tests/sentinel/test_issue211_trial_verification.py::test_external_flow_has_pl_but_never_an_assumed_twr
tests/sentinel/test_issue211_trial_verification.py::test_offsetting_external_events_never_manufacture_a_no_flow_return
tests/sentinel/test_issue211_trial_verification.py::test_no_flow_return_extends_the_exact_verified_chain
tests/sentinel/test_issue211_trial_verification.py::test_annualization_counts_return_intervals_not_the_anchor_mark
tests/sentinel/test_issue211_trial_verification.py::test_panel_metrics_slice_to_latest_certified_performance_chain
tests/sentinel/test_issue211_trial_verification.py::test_current_operational_failure_removes_all_verified_styling
tests/sentinel/test_issue211_trial_verification.py::test_success_certificate_binds_strategy_evidence_and_split_target
tests/sentinel/test_issue212_strategy_path.py::test_fresh_warmup_primes_only_causal_zero_capital_witness_and_day_one_matches_reference
tests/sentinel/test_issue212_strategy_path.py::test_spy_v_rebound_clear_is_authoritative_until_next_session
tests/sentinel/test_issue212_strategy_path.py::test_persistence_clear_also_cannot_reenter_under_adversarial_thresholds
tests/sentinel/test_issue212_strategy_path.py::test_clear_reentry_adversarial_threshold_matrix_has_no_same_session_relatched_case
tests/sentinel/test_issue212_strategy_path.py::test_randomized_restart_transition_equivalence_after_clear_fix
tests/sentinel/test_issue212_strategy_path.py::test_boolean_integer_financial_fields_are_rejected[True]
tests/sentinel/test_issue212_strategy_path.py::test_boolean_integer_financial_fields_are_rejected[False]
tests/sentinel/test_issue222_import_order.py::test_execution_first_import_keeps_emergency_authority_native
tests/sentinel/test_issue222_import_order.py::test_automation_first_import_does_not_replace_emergency_authority
tests/sentinel/test_issue223_bil_evidence.py::test_bounded_sfp_observation_is_partitioned_without_broadening_sep
tests/sentinel/test_issue223_bil_evidence.py::test_bounded_sfp_observation_refuses_an_unrequested_fund
tests/sentinel/test_issue223_bil_evidence.py::test_defensive_writer_pins_identity_and_retains_scalar_source_fields
tests/sentinel/test_issue223_bil_evidence.py::test_defensive_writer_refuses_missing_nonpositive_or_nonfinite_source_field[open-None]
tests/sentinel/test_issue223_bil_evidence.py::test_defensive_writer_refuses_missing_nonpositive_or_nonfinite_source_field[close-0]
tests/sentinel/test_issue223_bil_evidence.py::test_defensive_writer_refuses_missing_nonpositive_or_nonfinite_source_field[closeadj-nan]
tests/sentinel/test_issue223_bil_evidence.py::test_defensive_writer_refuses_missing_nonpositive_or_nonfinite_source_field[closeunadj-inf]
tests/sentinel/test_issue223_bil_evidence.py::test_defensive_runtime_schema_names_every_scalar_source_field
tests/sentinel/test_issue223_bil_evidence.py::test_published_defensive_reader_exposes_every_scalar_identity_input
tests/sentinel/test_issue223_bil_evidence.py::test_publication_identity_changes_for_every_retained_bil_field[3-91.19]
tests/sentinel/test_issue223_bil_evidence.py::test_publication_identity_changes_for_every_retained_bil_field[4-91.26]
tests/sentinel/test_issue223_bil_evidence.py::test_publication_identity_changes_for_every_retained_bil_field[5-91.31]
tests/sentinel/test_issue223_bil_evidence.py::test_publication_identity_changes_for_every_retained_bil_field[6-91.23]
tests/sentinel/test_issue223_bil_evidence.py::test_sfp_stability_identity_includes_the_raw_bil_mark
tests/sentinel/test_issue223_bil_evidence.py::test_sfp_stability_identity_includes_scalar_return_fields[open-91.19]
tests/sentinel/test_issue223_bil_evidence.py::test_sfp_stability_identity_includes_scalar_return_fields[closeadj-91.31]
tests/sentinel/test_issue223_bil_evidence.py::test_paper_planning_resolves_fixed_bil_mark_and_sizes_the_sleeve
tests/sentinel/test_issue223_bil_evidence.py::test_trial_marks_synthetic_identity_from_provider_bil_relation
tests/sentinel/test_issue223_bil_evidence.py::test_corporate_action_mapping_resolves_bil_to_the_fixed_identity
tests/sentinel/test_issue223_bil_evidence.py::test_execution_uses_sharadar_direct_reverse_split_multiplier_without_inversion
tests/sentinel/test_issue223_bil_evidence.py::test_execution_refuses_accepted_disposition_that_conflicts_with_raw_terms
tests/sentinel/test_issue223_bil_evidence.py::test_disposition_requires_one_exact_applied_evidence_token
tests/sentinel/test_issue223_bil_evidence.py::test_ticker_level_disposition_cannot_fan_out_to_two_security_ids
tests/sentinel/test_issue223_bil_evidence.py::test_execution_corroborates_bil_direct_reverse_multiplier_from_price_domains
tests/sentinel/test_issue223_bil_evidence.py::test_execution_blocks_bil_when_required_split_evidence_is_absent_or_conflicts[stated0-None-None-None]
tests/sentinel/test_issue223_bil_evidence.py::test_execution_blocks_bil_when_required_split_evidence_is_absent_or_conflicts[stated1-prior_session1-prior_close1-prior_raw1]
tests/sentinel/test_issue223_bil_evidence.py::test_fresh_bil_target_is_fenced_by_ticker_only_unresolved_action
tests/sentinel/test_issue223_bil_evidence.py::test_missing_bil_mark_is_explicitly_unpriced_not_a_cash_decision
tests/sentinel/test_issue223_bil_evidence.py::test_bil_distribution_is_evidence_only_on_raw_paper_shares
tests/sentinel/test_issue223_bil_evidence.py::test_held_bil_distribution_without_price_basis_refuses
tests/sentinel/test_issue223_bil_evidence.py::test_ex_date_bil_buy_does_not_manufacture_distribution
tests/sentinel/test_issue223_bil_evidence.py::test_effective_session_equity_dividend_uses_pre_open_paper_shares
tests/sentinel/test_issue223_bil_evidence.py::test_ex_date_equity_buy_does_not_manufacture_distribution
tests/sentinel/test_issue223_bil_evidence.py::test_tri_account_entitlement_preserves_old_shares_after_consolidation[1-1.36]
tests/sentinel/test_issue223_bil_evidence.py::test_tri_account_entitlement_preserves_old_shares_after_consolidation[1-1.435518]
tests/sentinel/test_issue223_bil_evidence.py::test_tri_account_entitlement_preserves_old_shares_after_consolidation[5-1.36]
tests/sentinel/test_issue223_bil_evidence.py::test_tri_account_entitlement_preserves_old_shares_after_consolidation[5-1.435518]
tests/sentinel/test_issue223_bil_evidence.py::test_tri_old_wrong_basis_published_bar_cannot_authorize_account_evidence
tests/sentinel/test_issue223_bil_evidence.py::test_positive_equity_dividend_without_action_identity_refuses
tests/sentinel/test_issue223_bil_evidence.py::test_zero_equity_dividend_with_unusable_action_refuses
tests/sentinel/test_issue223_bil_evidence.py::test_mixed_valid_and_unusable_equity_dividends_refuse
tests/sentinel/test_issue223_bil_evidence.py::test_equity_dividend_action_aggregate_must_bind_to_published_bar
tests/sentinel/test_issue223_bil_evidence.py::test_zero_equity_bar_without_action_is_proven_non_event
tests/sentinel/test_issue237_actions_semantic_v6.py::test_actions_cursor_epoch_advances_for_cash_adjudication_semantics
tests/sentinel/test_issue237_actions_semantic_v6.py::test_load_actions_cursor_never_queries_legacy_v6_authority
tests/sentinel/test_issue237_tri_split.py::test_tri_unsnapped_sep_ratio_corroborates_explicit_split
tests/sentinel/test_issue237_tri_split.py::test_tri_stream_path_does_not_turn_small_real_split_into_no_event
tests/sentinel/test_issue237_tri_split.py::test_small_explicit_split_outside_rounding_bounds_still_fails_closed
tests/sentinel/test_issue241_go_preparation_feed_binding.py::test_go_preparation_without_verified_orchestration_is_non_mutating
tests/sentinel/test_issue241_go_preparation_feed_binding.py::test_verified_orchestration_cannot_be_armed_without_kernel_lock
tests/sentinel/test_issue241_go_preparation_feed_binding.py::test_verified_orchestration_arms_only_after_kernel_lock
tests/sentinel/test_issue241_go_preparation_feed_binding.py::test_go_preparation_reuses_host_feed_gate_and_forwards_exact_binding
tests/sentinel/test_issue241_go_preparation_feed_binding.py::test_go_preparation_fails_closed_before_mutation_when_binding_unavailable
tests/sentinel/test_issue241_go_preparation_feed_binding.py::test_legacy_direct_entry_is_not_an_operator_path
tests/sentinel/test_issue241_go_preparation_feed_binding.py::test_nas_launcher_reaches_feed_bound_entry_only_through_guarded_phase_chain
tests/sentinel/test_issue270_restore_validation.py::test_restore_validator_reconstructs_every_durable_chain
tests/sentinel/test_issue270_restore_validation.py::test_restore_validator_rejects_commands_without_account
tests/sentinel/test_issue270_restore_validation.py::test_restore_database_url_escapes_password
tests/sentinel/test_issue282_restore_upgrade_fence.py::test_legacy_backup_history_is_fenced_before_anchor_initialization
tests/sentinel/test_issue282_restore_upgrade_fence.py::test_executor_checks_upgrade_fence_before_initializing_base_restore_anchor
tests/sentinel/test_issue_149_151.py::test_149_emergency_wrapper_allows_password_only_in_dotenv
tests/sentinel/test_issue_149_151.py::test_151_exact_owned_source_path_renders_green
tests/sentinel/test_issue_149_151.py::test_151_not_owned_and_unknown_remain_distinct[NOT_OWNED-warn-NOT ESTABLISHED]
tests/sentinel/test_issue_149_151.py::test_151_not_owned_and_unknown_remain_distinct[UNKNOWN-unknown-UNREADABLE]
tests/sentinel/test_issue_149_151.py::test_151_model_does_not_treat_unknown_as_not_owned
tests/sentinel/test_issue_160_deployed_fenced.py::test_deploy_success_boundary_stops_before_operational_gates
tests/sentinel/test_issue_160_deployed_fenced.py::test_quiesced_review_failure_precedes_mode_persistence_and_start
tests/sentinel/test_issue_160_deployed_fenced.py::test_no_args_fenced_install_forces_stale_shadow_configuration_off
tests/sentinel/test_issue_160_deployed_fenced.py::test_persisted_deployment_receipt_is_explicitly_fenced
tests/sentinel/test_issue_160_deployed_fenced.py::test_start_fenced_runtime_never_releases_kill
tests/sentinel/test_issue_160_deployed_fenced.py::test_reviewed_shadow_starts_only_dedicated_broker_free_service
tests/sentinel/test_issue_160_deployed_fenced.py::test_fenced_runtime_uses_canonical_ingest_without_broker
tests/sentinel/test_issue_160_deployed_fenced.py::test_fenced_vendor_lag_is_retained_not_raised
tests/sentinel/test_issue_160_deployed_fenced.py::test_fenced_source_recovery_escalates_once_at_following_open
tests/sentinel/test_issue_160_deployed_fenced.py::test_expected_shadow_source_final_wait_shares_fenced_amber_incident
tests/sentinel/test_issue_160_deployed_fenced.py::test_fenced_shadow_mode_advances_without_constructing_broker
tests/sentinel/test_issue_160_deployed_fenced.py::test_shadow_mode_configuration_is_explicit_and_finite
tests/sentinel/test_issue_160_deployed_fenced.py::test_shadow_enabled_runtime_cannot_construct_an_execution_broker
tests/sentinel/test_issue_160_deployed_fenced.py::test_disabled_or_killed_control_wake_owns_fenced_data_progress
tests/sentinel/test_issue_161_publication_probe.py::test_normal_and_ground_truth_contraction_fire_non_authoritative_probe[6000]
tests/sentinel/test_issue_161_publication_probe.py::test_normal_and_ground_truth_contraction_fire_non_authoritative_probe[5924]
tests/sentinel/test_issue_161_publication_probe.py::test_genuinely_partial_publication_does_not_fire_ratio_probe
tests/sentinel/test_issue_161_publication_probe.py::test_stable_positive_frontier_below_probe_floor_triggers_authoritative_check
tests/sentinel/test_issue_161_publication_probe.py::test_stabilization_never_overrides_authoritative_refusal
tests/sentinel/test_issue_161_publication_probe.py::test_publication_probe_has_no_strategy_eligibility_dependency
tests/sentinel/test_issue_162_predecessor_closes.py::test_schema_installs_and_requires_the_mixed_order_predecessor_index
tests/sentinel/test_issue_162_predecessor_closes.py::test_query_is_a_loose_security_walk_not_corpus_wide_distinct_on
tests/sentinel/test_issue_162_predecessor_closes.py::test_sparse_predecessor_semantics_are_exact
tests/sentinel/test_issue_162_predecessor_closes.py::test_representative_plan_has_no_corpus_seq_scan_or_global_sort
tests/sentinel/test_issue_162_predecessor_closes.py::test_runtime_validation_refuses_a_missing_predecessor_index_without_repair
tests/sentinel/test_issue_165_feed_schema.py::test_store_api_separates_runtime_validation_from_explicit_migration
tests/sentinel/test_issue_165_feed_schema.py::test_runtime_validator_function_is_select_only
tests/sentinel/test_issue_165_feed_schema.py::test_staging_never_installs_columns_during_normal_io[stage]
tests/sentinel/test_issue_165_feed_schema.py::test_staging_never_installs_columns_during_normal_io[staged]
tests/sentinel/test_issue_165_feed_schema.py::test_runtime_validation_refuses_missing_schema_without_any_write_or_ddl
tests/sentinel/test_issue_165_feed_schema.py::test_runtime_validation_refuses_while_explicit_migration_lock_is_held
tests/sentinel/test_issue_165_feed_schema.py::test_production_binding_uses_the_existing_controlled_schema_refusal
tests/sentinel/test_issue_165_feed_schema.py::test_explicit_migration_is_the_only_feed_path_that_executes_ddl
tests/sentinel/test_issue_165_feed_schema.py::test_destructive_migration_objects_are_semantically_catalog_validated
tests/sentinel/test_issue_165_feed_schema.py::test_required_constraint_semantics_are_not_name_only
tests/sentinel/test_issue_165_feed_schema.py::test_all_production_automation_callbacks_use_runtime_validation_not_migration
tests/sentinel/test_issue_165_feed_schema.py::test_normal_cli_operations_never_name_the_feed_migration
tests/sentinel/test_issue_165_feed_schema.py::test_core_autonomous_deploy_migrates_feed_only_after_quiesce_and_replay
tests/sentinel/test_issue_165_feed_schema.py::test_bootstrap_autonomous_deploy_cannot_skip_feed_migration
tests/sentinel/test_issue_165_feed_schema_postgres.py::test_explicit_migration_is_idempotent_and_runtime_valid
tests/sentinel/test_issue_165_feed_schema_postgres.py::test_staging_keeps_the_migrated_catalog_valid_and_source_values_exact
tests/sentinel/test_issue_165_feed_schema_postgres.py::test_explicit_migration_upgrades_legacy_staging_without_inventing_source
tests/sentinel/test_issue_165_feed_schema_postgres.py::test_legacy_defensive_rows_gain_source_columns_without_fabrication
tests/sentinel/test_issue_165_feed_schema_postgres.py::test_runtime_validation_does_not_wait_on_a_normal_feed_writer
tests/sentinel/test_issue_165_feed_schema_postgres.py::test_runtime_validation_refuses_missing_critical_index_without_repair
tests/sentinel/test_issue_168_noop_bar_upserts.py::test_identical_published_overlap_is_no_physical_update_and_keeps_provenance
tests/sentinel/test_issue_168_noop_bar_upserts.py::test_identical_legacy_null_provenance_overlap_is_no_physical_update
tests/sentinel/test_issue_168_noop_bar_upserts.py::test_identical_unpublished_candidate_is_reowned_by_retry
tests/sentinel/test_issue_168_noop_bar_upserts.py::test_real_content_change_updates_tuple_and_current_provenance
tests/sentinel/test_issue_168_noop_bar_upserts.py::test_null_to_value_is_a_real_change
tests/sentinel/test_issue_168_noop_bar_upserts.py::test_new_session_still_inserts_normally
tests/sentinel/test_issue_168_noop_bar_upserts.py::test_split_non_downgrade_remains_noop_unless_other_content_changes
tests/sentinel/test_issue_177_actions_stability.py::test_partial_actions_fetch_cannot_remove_prior_or_publish_candidate
tests/sentinel/test_issue_177_actions_stability.py::test_terminal_seen_only_after_partial_observation_needs_stable_snapshot
tests/sentinel/test_issue_177_data_authority.py::test_sep_fingerprint_is_order_independent_but_multiset_sensitive
tests/sentinel/test_issue_177_data_authority.py::test_partial_sep_above_old_80_percent_floor_is_not_authority
tests/sentinel/test_issue_177_data_authority.py::test_frontier_domain_collapse_is_checked_per_session[close-signal close]
tests/sentinel/test_issue_177_data_authority.py::test_frontier_domain_collapse_is_checked_per_session[closeunadj-raw close]
tests/sentinel/test_issue_177_data_authority.py::test_frontier_domain_collapse_is_checked_per_session[open-raw open]
tests/sentinel/test_issue_177_data_authority.py::test_frontier_domain_collapse_is_checked_per_session[volume-volume]
tests/sentinel/test_issue_177_data_authority.py::test_zero_volume_is_observed_data_not_a_missing_publication_domain
tests/sentinel/test_issue_177_data_authority.py::test_actions_disappearance_and_later_terminal_are_not_one_snapshot_truth
tests/sentinel/test_issue_177_data_authority.py::test_moving_actions_are_refused_before_protected_sep_can_replay
tests/sentinel/test_issue_177_data_authority.py::test_stable_fetch_refuses_moving_sep_before_replay
tests/sentinel/test_issue_177_frontier_readiness.py::test_current_session_collapse_cannot_be_diluted_by_healthy_history[close_signal-signal domain]
tests/sentinel/test_issue_177_frontier_readiness.py::test_current_session_collapse_cannot_be_diluted_by_healthy_history[open_unadjusted-raw open]
tests/sentinel/test_issue_177_frontier_readiness.py::test_current_session_collapse_cannot_be_diluted_by_healthy_history[volume-volume]
tests/sentinel/test_issue_177_frontier_readiness.py::test_frontier_raw_close_is_an_explicit_readiness_contract
tests/sentinel/test_issue_178_seed_reference_bracketing.py::test_multi_year_seed_keeps_actions_pending_until_final_sep_chunk
tests/sentinel/test_issue_178_seed_reference_bracketing.py::test_daily_default_still_corroborates_actions_on_its_one_window
tests/sentinel/test_issue_178_sharadar_coherence.py::TestTickersAuthority::test_every_strategy_relevant_persisted_field_is_fingerprinted
tests/sentinel/test_issue_178_sharadar_coherence.py::TestTickersAuthority::test_source_partition_is_required_not_defaulted_to_sep
tests/sentinel/test_issue_178_sharadar_coherence.py::TestTickersAuthority::test_fresh_listing_dates_with_stale_strategy_metadata_refuse
tests/sentinel/test_issue_178_sharadar_coherence.py::TestTickersAuthority::test_partial_strategy_metadata_refuses_even_with_fresh_intervals
tests/sentinel/test_issue_178_sharadar_coherence.py::TestTickersAuthority::test_null_and_empty_related_tickers_are_distinct_authority_states
tests/sentinel/test_issue_178_sharadar_coherence.py::TestTickersAuthority::test_cursor_reordering_is_harmless_but_page_omission_is_not
tests/sentinel/test_issue_178_sharadar_coherence.py::TestTickersAuthority::test_sfp_closeadj_is_generation_authority
tests/sentinel/test_issue_178_sharadar_coherence.py::TestHistoricalSeedCompleteness::test_calibrated_clean_session_set_passes
tests/sentinel/test_issue_178_sharadar_coherence.py::TestHistoricalSeedCompleteness::test_session_local_identity_or_price_collapse_refuses[identity-4900-permanent identity]
tests/sentinel/test_issue_178_sharadar_coherence.py::TestHistoricalSeedCompleteness::test_session_local_identity_or_price_collapse_refuses[raw_close-4900-raw close]
tests/sentinel/test_issue_178_sharadar_coherence.py::TestHistoricalSeedCompleteness::test_uniformly_small_but_internally_consistent_source_refuses
tests/sentinel/test_issue_178_sharadar_coherence.py::TestHistoricalSeedCompleteness::test_single_session_population_collapse_refuses
tests/sentinel/test_issue_178_sharadar_coherence.py::TestHistoricalSeedCompleteness::test_missing_exchange_session_refuses
tests/sentinel/test_issue_178_sharadar_coherence.py::TestRetrySemantics::test_source_stabilization_refusals_retry_instead_of_latching[exc0]
tests/sentinel/test_issue_178_sharadar_coherence.py::TestRetrySemantics::test_source_stabilization_refusals_retry_instead_of_latching[exc1]
tests/sentinel/test_issue_178_sharadar_coherence.py::TestRetrySemantics::test_source_stabilization_refusals_retry_instead_of_latching[exc2]
tests/sentinel/test_issue_178_sharadar_coherence.py::TestRetrySemantics::test_source_stabilization_refusals_retry_instead_of_latching[exc3]
tests/sentinel/test_issue_178_sharadar_coherence.py::TestRetrySemantics::test_fenced_data_path_keeps_source_refusal_deployed_and_retryable
tests/sentinel/test_issue_178_sharadar_coherence.py::TestListingWindowCorrections::test_later_authority_can_narrow_both_listing_bounds
tests/sentinel/test_issue_178_sharadar_coherence.py::TestListingWindowCorrections::test_authoritative_empty_related_tickers_clears_but_null_carries
tests/sentinel/test_issue_178_tickers_partition.py::test_non_sep_partition_cannot_change_or_enter_tickers_authority
tests/sentinel/test_issue_178_tickers_partition.py::test_universe_writer_defensively_drops_non_sep_product_rows
tests/sentinel/test_issue_180_execution_membrane.py::test_execution_plan_rejects_nonfinite_target_quantities[bad0]
tests/sentinel/test_issue_180_execution_membrane.py::test_execution_plan_rejects_nonfinite_target_quantities[bad1]
tests/sentinel/test_issue_180_execution_membrane.py::test_execution_plan_rejects_nonfinite_target_quantities[bad2]
tests/sentinel/test_issue_180_execution_membrane.py::test_command_rejects_nonfinite_quantities[bad0]
tests/sentinel/test_issue_180_execution_membrane.py::test_command_rejects_nonfinite_quantities[bad1]
tests/sentinel/test_issue_180_execution_membrane.py::test_command_rejects_nonfinite_quantities[bad2]
tests/sentinel/test_issue_180_execution_membrane.py::test_compute_delta_rejects_nonfinite_desired_quantities[bad0]
tests/sentinel/test_issue_180_execution_membrane.py::test_compute_delta_rejects_nonfinite_desired_quantities[bad1]
tests/sentinel/test_issue_180_execution_membrane.py::test_compute_delta_rejects_nonfinite_desired_quantities[bad2]
tests/sentinel/test_issue_180_execution_membrane.py::test_compute_delta_rejects_nonfinite_or_nonpositive_increment
tests/sentinel/test_issue_180_execution_membrane.py::test_observation_rejects_duplicate_permanent_position_identity
tests/sentinel/test_issue_180_execution_membrane.py::test_defensive_projection_uses_the_same_fractional_lot_as_core
tests/sentinel/test_issue_180_executor_universe.py::test_executor_universe_includes_working_order_only_security
tests/sentinel/test_issue_183_alpaca_hardening.py::test_successor_new_with_replaces_is_external_replacement
tests/sentinel/test_issue_183_alpaca_hardening.py::test_transport_or_service_status_is_unknown_not_rejected[408]
tests/sentinel/test_issue_183_alpaca_hardening.py::test_transport_or_service_status_is_unknown_not_rejected[429]
tests/sentinel/test_issue_183_alpaca_hardening.py::test_transport_or_service_status_is_unknown_not_rejected[500]
tests/sentinel/test_issue_183_alpaca_hardening.py::test_transport_or_service_status_is_unknown_not_rejected[503]
tests/sentinel/test_issue_183_alpaca_hardening.py::test_credentials_status_is_typed_not_economic
tests/sentinel/test_issue_183_alpaca_hardening.py::test_documented_create_order_refusal_is_rejected[403]
tests/sentinel/test_issue_183_alpaca_hardening.py::test_documented_create_order_refusal_is_rejected[422]
tests/sentinel/test_issue_183_alpaca_hardening.py::test_nominal_refusal_without_alpaca_origin_witness_is_unknown[403]
tests/sentinel/test_issue_183_alpaca_hardening.py::test_nominal_refusal_without_alpaca_origin_witness_is_unknown[422]
tests/sentinel/test_issue_183_alpaca_hardening.py::test_undocumented_create_order_4xx_is_unknown[400]
tests/sentinel/test_issue_183_alpaca_hardening.py::test_undocumented_create_order_4xx_is_unknown[404]
tests/sentinel/test_issue_183_alpaca_hardening.py::test_undocumented_create_order_4xx_is_unknown[409]
tests/sentinel/test_issue_183_alpaca_hardening.py::test_undocumented_create_order_4xx_is_unknown[418]
tests/sentinel/test_issue_183_alpaca_hardening.py::test_duplicate_client_key_422_is_unknown_until_exact_lookup
tests/sentinel/test_issue_183_alpaca_hardening.py::test_nonduplicate_client_key_validation_is_rejected
tests/sentinel/test_issue_183_alpaca_hardening.py::test_structured_duplicate_client_key_is_unknown_until_exact_lookup
tests/sentinel/test_issue_183_alpaca_hardening.py::test_fast_fill_post_is_only_acknowledgement[new-0]
tests/sentinel/test_issue_183_alpaca_hardening.py::test_fast_fill_post_is_only_acknowledgement[accepted-0]
tests/sentinel/test_issue_183_alpaca_hardening.py::test_fast_fill_post_is_only_acknowledgement[partially_filled-1]
tests/sentinel/test_issue_183_alpaca_hardening.py::test_fast_fill_post_is_only_acknowledgement[filled-2]
tests/sentinel/test_issue_183_alpaca_hardening.py::test_2xx_rejected_payload_is_rejected_not_acknowledged
tests/sentinel/test_issue_183_alpaca_hardening.py::test_2xx_non_acknowledging_lifecycle_requires_exact_recovery[canceled]
tests/sentinel/test_issue_183_alpaca_hardening.py::test_2xx_non_acknowledging_lifecycle_requires_exact_recovery[expired]
tests/sentinel/test_issue_183_alpaca_hardening.py::test_2xx_non_acknowledging_lifecycle_requires_exact_recovery[pending_cancel]
tests/sentinel/test_issue_183_alpaca_hardening.py::test_2xx_non_acknowledging_lifecycle_requires_exact_recovery[pending_replace]
tests/sentinel/test_issue_183_alpaca_hardening.py::test_2xx_non_acknowledging_lifecycle_requires_exact_recovery[replaced]
tests/sentinel/test_issue_183_alpaca_hardening.py::test_2xx_non_acknowledging_lifecycle_requires_exact_recovery[stopped]
tests/sentinel/test_issue_183_alpaca_hardening.py::test_2xx_non_acknowledging_lifecycle_requires_exact_recovery[suspended]
tests/sentinel/test_issue_183_alpaca_hardening.py::test_2xx_non_acknowledging_lifecycle_requires_exact_recovery[done_for_day]
tests/sentinel/test_issue_183_alpaca_hardening.py::test_success_response_contradiction_fails_closed[client_order_id-another-key]
tests/sentinel/test_issue_183_alpaca_hardening.py::test_success_response_contradiction_fails_closed[side-sell]
tests/sentinel/test_issue_183_alpaca_hardening.py::test_success_response_contradiction_fails_closed[qty-3]
tests/sentinel/test_issue_183_alpaca_hardening.py::test_success_response_contradiction_fails_closed[symbol-MSFT]
tests/sentinel/test_issue_183_alpaca_hardening.py::test_success_response_contradiction_fails_closed[asset_id-another-asset]
tests/sentinel/test_issue_183_alpaca_hardening.py::test_success_response_contradiction_fails_closed[type-limit]
tests/sentinel/test_issue_183_alpaca_hardening.py::test_success_response_contradiction_fails_closed[time_in_force-gtc]
tests/sentinel/test_issue_183_alpaca_hardening.py::test_success_response_contradiction_fails_closed[order_class-bracket]
tests/sentinel/test_issue_183_alpaca_hardening.py::test_success_response_contradiction_fails_closed[extended_hours-True]
tests/sentinel/test_issue_183_alpaca_hardening.py::test_incomplete_2xx_is_unknown_not_acknowledged
tests/sentinel/test_issue_183_alpaca_hardening.py::test_429_that_actually_landed_is_adopted_without_second_post
tests/sentinel/test_issue_183_alpaca_hardening.py::test_exact_key_recovery_refuses_changed_economics
tests/sentinel/test_issue_183_alpaca_hardening.py::test_account_activity_sse_keeps_ref_id_and_event_cursor_separate
tests/sentinel/test_issue_183_alpaca_hardening.py::test_cash_activity_restart_overlap_is_idempotent_and_pnl_classified
tests/sentinel/test_issue_183_alpaca_hardening.py::test_timestamp_cursor_upgrade_replays_binding_then_uses_event_id
tests/sentinel/test_issue_183_alpaca_hardening.py::test_authoritative_sse_cursor_cannot_downgrade_to_timestamp_paging
tests/sentinel/test_issue_183_alpaca_hardening.py::test_non_alpaca_sse_flag_cannot_mint_the_alpaca_identity_scheme
tests/sentinel/test_issue_183_alpaca_hardening.py::test_replayed_native_activity_id_cannot_change_economics[100-101]
tests/sentinel/test_issue_183_alpaca_hardening.py::test_replayed_native_activity_id_cannot_change_economics[100-0]
tests/sentinel/test_issue_183_alpaca_hardening.py::test_replayed_native_activity_id_cannot_change_economics[0-100]
tests/sentinel/test_issue_183_alpaca_hardening.py::test_broker_closed_refuses_increase_before_transport
tests/sentinel/test_issue_183_alpaca_hardening.py::test_clock_outage_refuses_increase_before_transport
tests/sentinel/test_issue_183_alpaca_hardening.py::test_broker_clock_does_not_veto_reduction
tests/sentinel/test_issue_183_rate_limit_retry.py::test_429_absence_retries_once_under_the_exact_same_durable_key
tests/sentinel/test_issue_183_rate_limit_retry.py::test_long_429_backoff_stays_unknown_without_a_second_post
tests/sentinel/test_issue_185_crash_recovery.py::test_after_finish_before_publication_restart_publishes_exact_candidate
tests/sentinel/test_issue_185_crash_recovery.py::test_during_publication_before_commit_restart_retries_same_transition
tests/sentinel/test_issue_185_crash_recovery.py::test_after_publication_commit_restart_does_not_duplicate
tests/sentinel/test_issue_185_crash_recovery.py::test_success_with_incomplete_chunks_is_impossible_and_not_promoted
tests/sentinel/test_issue_185_crash_recovery.py::test_multiple_validated_unpublished_candidates_refuse_guessing
tests/sentinel/test_issue_185_crash_recovery.py::test_every_prevalidation_crash_is_reclaimed_before_publication_recovery[before-finish-success]
tests/sentinel/test_issue_185_crash_recovery.py::test_every_prevalidation_crash_is_reclaimed_before_publication_recovery[after-bar-batches]
tests/sentinel/test_issue_185_crash_recovery.py::test_every_prevalidation_crash_is_reclaimed_before_publication_recovery[after-tickers]
tests/sentinel/test_issue_185_crash_recovery.py::test_every_prevalidation_crash_is_reclaimed_before_publication_recovery[after-actions]
tests/sentinel/test_issue_185_crash_recovery.py::test_every_prevalidation_crash_is_reclaimed_before_publication_recovery[after-spy]
tests/sentinel/test_issue_185_crash_recovery.py::test_failed_candidate_physical_frontier_cannot_shorten_next_overlap
tests/sentinel/test_issue_185_crash_recovery.py::test_retry_overlap_never_shrinks_when_physical_frontier_is_not_ahead
tests/sentinel/test_issue_185_crash_recovery.py::test_finish_path_refuses_to_return_success_until_run_is_published
tests/sentinel/test_issue_185_full_reseed_recovery.py::test_seed_chooses_complete_reseed_instead_of_ordering_two_successes
tests/sentinel/test_issue_185_full_reseed_recovery.py::test_seed_still_resumes_one_complete_pending_candidate_cheaply
tests/sentinel/test_issue_185_full_reseed_recovery.py::test_prepare_full_reseed_widens_to_candidate_rows_and_retires_no_publication
tests/sentinel/test_issue_185_full_reseed_recovery.py::test_failed_actions_replay_cleanup_is_scoped_and_does_not_commit
tests/sentinel/test_issue_185_full_reseed_recovery.py::test_full_reseed_uses_complete_actions_scope_and_retires_bars_before_next_predecessor
tests/sentinel/test_issue_185_full_reseed_recovery.py::test_full_reseed_refuses_stably_empty_actions_before_any_bar_retirement
tests/sentinel/test_issue_185_maintenance_integration.py::test_actions_split_correction_replays_against_candidate_before_publication
tests/sentinel/test_issue_185_maintenance_integration.py::test_full_actions_history_does_not_expand_a_short_price_seed
tests/sentinel/test_issue_185_maintenance_integration.py::test_semantic_cursor_upgrade_replays_old_blockers_with_unchanged_source
tests/sentinel/test_issue_185_maintenance_integration.py::test_sep_mutation_cursor_moves_only_after_bounded_replay_publication
tests/sentinel/test_issue_185_readiness.py::test_source_maintenance_checks_pass_when_frontier_is_covered
tests/sentinel/test_issue_185_readiness.py::test_next_open_does_not_require_that_days_post_close_maintenance
tests/sentinel/test_issue_185_readiness.py::test_newer_weekend_maintenance_also_covers_older_decision_frontier
tests/sentinel/test_issue_185_readiness.py::test_post_publication_sep_failure_cannot_leave_readiness_green
tests/sentinel/test_issue_185_readiness.py::test_actions_cursor_becomes_blocking_when_due_at_decision_frontier
tests/sentinel/test_issue_185_readiness.py::test_actions_authority_does_not_expire_between_decision_and_next_open
tests/sentinel/test_issue_185_readiness.py::test_missing_or_corrupt_maintenance_authority_fails_closed
tests/sentinel/test_issue_185_readiness.py::test_future_source_cursors_are_not_normalized_into_pass
tests/sentinel/test_issue_185_readiness.py::test_future_decision_frontier_refuses_all_maintenance_domains
tests/sentinel/test_issue_185_reconciliation_cli.py::test_complete_value_proof_earns_initial_mutation_cursor
tests/sentinel/test_issue_185_reconciliation_cli.py::test_failed_historical_value_proof_can_never_create_cursor
tests/sentinel/test_issue_185_reconciliation_cli.py::test_existing_newer_cursor_is_never_moved_backward
tests/sentinel/test_issue_185_reconciliation_cli.py::test_future_vendor_update_date_refuses_cursor_bootstrap
tests/sentinel/test_issue_185_renormalization.py::test_weekend_action_replays_prior_effective_and_following_session
tests/sentinel/test_issue_185_renormalization.py::test_adjacent_corrections_merge_into_one_bounded_replay_window
tests/sentinel/test_issue_185_renormalization.py::test_complete_action_history_is_clipped_to_retained_market_sessions
tests/sentinel/test_issue_185_renormalization.py::test_retained_market_bounds_must_be_complete_and_ordered
tests/sentinel/test_issue_185_renormalization.py::test_sep_mutation_validation_refuses_unknown_permanent_identity
tests/sentinel/test_issue_185_renormalization.py::test_sep_mutation_validation_refuses_missing_new_raw_price
tests/sentinel/test_issue_185_renormalization.py::test_sep_mutation_before_retained_market_is_not_imported
tests/sentinel/test_issue_185_renormalization.py::test_action_change_dates_replay_only_bar_affecting_actions
tests/sentinel/test_issue_185_renormalization.py::test_semantic_reearn_includes_accepted_resolved_direct_and_adr_dates
tests/sentinel/test_issue_185_renormalization.py::test_legacy_cursor_cannot_bypass_v7_semantic_reearn[v4]
tests/sentinel/test_issue_185_renormalization.py::test_legacy_cursor_cannot_bypass_v7_semantic_reearn[v5]
tests/sentinel/test_issue_185_renormalization.py::test_legacy_cursor_cannot_bypass_v7_semantic_reearn[v6]
tests/sentinel/test_issue_185_retry_order.py::test_failed_daily_is_superseded_before_publication_capable_maintenance
tests/sentinel/test_issue_185_retry_order.py::test_failed_actions_reconciliation_is_retried_then_daily_refreshes_identity
tests/sentinel/test_issue_185_retry_order.py::test_same_day_failed_sep_mutation_gets_exact_retry_before_daily
tests/sentinel/test_issue_185_retry_order.py::test_unknown_failed_live_candidate_refuses_before_opening_new_run
tests/sentinel/test_issue_185_sep_reconciliation.py::test_keyset_fingerprint_is_order_independent_and_multiplicity_sensitive
tests/sentinel/test_issue_185_sep_reconciliation.py::test_numeric_canonicalization_matches_sql_decimal_and_python_float
tests/sentinel/test_issue_185_sep_reconciliation.py::test_value_fingerprint_changes_on_strategy_economics_not_numeric_spelling
tests/sentinel/test_issue_185_sep_reconciliation.py::test_stable_equal_complete_year_passes_key_and_value_proof
tests/sentinel/test_issue_185_sep_reconciliation.py::test_complete_year_keyset_drift_refuses_instead_of_guessing[row-count-drift]
tests/sentinel/test_issue_185_sep_reconciliation.py::test_complete_year_keyset_drift_refuses_instead_of_guessing[same-count-different-key]
tests/sentinel/test_issue_185_sep_reconciliation.py::test_same_keys_with_stale_price_or_volume_refuse_value_authority
tests/sentinel/test_issue_185_sep_reconciliation.py::test_failed_reconciliation_does_not_advance_rotation_cursor
tests/sentinel/test_issue_185_sep_reconciliation.py::test_rotation_advances_one_year_and_wraps
tests/sentinel/test_issue_185_sep_reconciliation.py::test_reconcile_next_saves_only_successful_complete_proof
tests/sentinel/test_issue_185_sep_reconciliation.py::test_production_rotation_applies_actions_then_sep_mutations_before_year_proof
tests/sentinel/test_issue_185_sep_reconciliation.py::test_reconcile_next_default_is_production_and_requires_export_retirement
tests/sentinel/test_issue_185_sep_reconciliation.py::test_complete_launch_sweep_visits_every_published_year_partition
tests/sentinel/test_issue_185_sep_reconciliation.py::test_complete_launch_default_requires_export_retirement_authority
tests/sentinel/test_issue_185_sep_reconciliation.py::test_complete_launch_sweep_stops_at_first_bad_year_and_claims_no_later_year
tests/sentinel/test_issue_185_sharadar_boundary.py::test_raw_volume_is_exactly_compatible_with_vendor_turnover[no-split]
tests/sentinel/test_issue_185_sharadar_boundary.py::test_raw_volume_is_exactly_compatible_with_vendor_turnover[4-for-1-history]
tests/sentinel/test_issue_185_sharadar_boundary.py::test_raw_volume_is_exactly_compatible_with_vendor_turnover[1-for-5-reverse-history]
tests/sentinel/test_issue_185_sharadar_boundary.py::test_retained_sharadar_split_falsifiers_use_compatible_turnover[AAPL-2020-08-28]
tests/sentinel/test_issue_185_sharadar_boundary.py::test_retained_sharadar_split_falsifiers_use_compatible_turnover[TSLA-2020-08-28]
tests/sentinel/test_issue_185_sharadar_boundary.py::test_retained_sharadar_split_falsifiers_use_compatible_turnover[NVDA-2021-07-15]
tests/sentinel/test_issue_185_sharadar_boundary.py::test_exact_5m_signal_day_boundary_survives_normalization
tests/sentinel/test_issue_185_sharadar_boundary.py::test_exact_20m_adv_boundary_survives_normalization
tests/sentinel/test_issue_185_sharadar_boundary.py::test_future_split_restatement_cannot_change_historical_liquidity
tests/sentinel/test_issue_185_sharadar_boundary.py::test_liquidity_domain_never_falls_back_to_mixed_basis[None-10-10]
tests/sentinel/test_issue_185_sharadar_boundary.py::test_liquidity_domain_never_falls_back_to_mixed_basis[10-None-10]
tests/sentinel/test_issue_185_sharadar_boundary.py::test_liquidity_domain_never_falls_back_to_mixed_basis[10-10-None]
tests/sentinel/test_issue_185_sharadar_boundary.py::test_liquidity_domain_never_falls_back_to_mixed_basis[0-10-10]
tests/sentinel/test_issue_185_sharadar_boundary.py::test_liquidity_domain_never_falls_back_to_mixed_basis[10-0-10]
tests/sentinel/test_issue_185_sharadar_boundary.py::test_liquidity_domain_never_falls_back_to_mixed_basis[10-10-0]
tests/sentinel/test_issue_185_sharadar_boundary.py::test_liquidity_domain_never_falls_back_to_mixed_basis[nan-10-10]
tests/sentinel/test_issue_185_sharadar_boundary.py::test_liquidity_domain_never_falls_back_to_mixed_basis[10-inf-10]
tests/sentinel/test_issue_185_sharadar_boundary.py::test_terminal_empty_page_is_well_formed_success
tests/sentinel/test_issue_185_sharadar_boundary.py::test_malformed_200_envelopes_refuse[missing-datatable]
tests/sentinel/test_issue_185_sharadar_boundary.py::test_malformed_200_envelopes_refuse[missing-columns]
tests/sentinel/test_issue_185_sharadar_boundary.py::test_malformed_200_envelopes_refuse[missing-data]
tests/sentinel/test_issue_185_sharadar_boundary.py::test_malformed_200_envelopes_refuse[missing-meta]
tests/sentinel/test_issue_185_sharadar_boundary.py::test_malformed_200_envelopes_refuse[missing-cursor-field]
tests/sentinel/test_issue_185_sharadar_boundary.py::test_duplicate_column_refuses
tests/sentinel/test_issue_185_sharadar_boundary.py::test_row_width_mismatch_refuses[-1]
tests/sentinel/test_issue_185_sharadar_boundary.py::test_row_width_mismatch_refuses[1]
tests/sentinel/test_issue_185_sharadar_boundary.py::test_schema_cannot_change_mid_traversal
tests/sentinel/test_issue_185_sharadar_boundary.py::test_required_table_column_cannot_disappear[open]
tests/sentinel/test_issue_185_sharadar_boundary.py::test_required_table_column_cannot_disappear[closeadj]
tests/sentinel/test_issue_185_sharadar_boundary.py::test_invalid_cursor_shapes_refuse[]
tests/sentinel/test_issue_185_sharadar_boundary.py::test_invalid_cursor_shapes_refuse[   ]
tests/sentinel/test_issue_185_sharadar_boundary.py::test_invalid_cursor_shapes_refuse[123]
tests/sentinel/test_issue_185_sharadar_boundary.py::test_invalid_cursor_shapes_refuse[cursor3]
tests/sentinel/test_issue_185_sharadar_boundary.py::test_invalid_cursor_shapes_refuse[cursor4]
tests/sentinel/test_issue_185_sharadar_boundary.py::test_empty_page_cannot_claim_more_pages
tests/sentinel/test_issue_185_sharadar_boundary.py::test_invalid_json_200_is_typed_protocol_failure
tests/sentinel/test_issue_185_sharadar_boundary.py::test_reserved_auth_and_cursor_params_refuse_before_transport
tests/sentinel/test_issue_185_sharadar_boundary.py::test_unknown_table_is_not_a_provider_escape_hatch
tests/sentinel/test_issue_185_sharadar_boundary.py::test_direct_provider_is_not_a_base_url_alias
tests/sentinel/test_issue_185_sharadar_boundary.py::test_numeric_retry_after_honored_for_429_and_503
tests/sentinel/test_issue_185_sharadar_boundary.py::test_http_date_retry_after_is_parsed
tests/sentinel/test_issue_185_sharadar_boundary.py::test_past_retry_after_falls_back_to_local_backoff
tests/sentinel/test_issue_185_sharadar_boundary.py::test_malformed_retry_after_falls_back_without_crashing
tests/sentinel/test_issue_185_sharadar_boundary.py::test_wait_above_local_ceiling_defers_instead_of_retrying_early
tests/sentinel/test_issue_185_sharadar_boundary.py::test_lastupdated_tracker_records_vendor_mutation_clock
tests/sentinel/test_issue_185_sharadar_boundary.py::test_mutation_fingerprint_is_order_independent_but_multiplicity_sensitive
tests/sentinel/test_issue_185_sharadar_boundary.py::test_failed_physical_frontier_expands_retry_back_to_visible_authority
tests/sentinel/test_issue_185_sharadar_boundary.py::test_normal_frontier_keeps_requested_overlap
tests/sentinel/test_issue_185_source_preflight.py::test_production_fetch_requires_api_key_before_run
tests/sentinel/test_issue_185_source_preflight.py::test_injected_test_source_does_not_require_production_secret
tests/sentinel/test_issue_185_source_preflight.py::test_invalid_transport_config_refuses_even_for_injected_source
tests/sentinel/test_issue_201_automation_financial_grade.py::test_failure_taxonomy_is_terminal_and_explicit[failure0-DATA_INTEGRITY]
tests/sentinel/test_issue_201_automation_financial_grade.py::test_failure_taxonomy_is_terminal_and_explicit[failure1-HUMAN_INTERVENTION_REQUIRED]
tests/sentinel/test_issue_201_automation_financial_grade.py::test_failure_taxonomy_is_terminal_and_explicit[failure2-SOFTWARE_DEFECT]
tests/sentinel/test_issue_201_automation_financial_grade.py::test_failure_taxonomy_is_terminal_and_explicit[failure3-SOFTWARE_DEFECT]
tests/sentinel/test_issue_201_automation_financial_grade.py::test_failure_taxonomy_is_terminal_and_explicit[failure4-SOFTWARE_DEFECT]
tests/sentinel/test_issue_201_automation_financial_grade.py::test_safety_limits_are_independently_fingerprinted
tests/sentinel/test_issue_201_automation_financial_grade.py::test_new_transport_is_bounded_around_execute_at[0-EXECUTED-1]
tests/sentinel/test_issue_201_automation_financial_grade.py::test_new_transport_is_bounded_around_execute_at[30-EXECUTED-1]
tests/sentinel/test_issue_201_automation_financial_grade.py::test_new_transport_is_bounded_around_execute_at[61-SUPERSEDED-0]
tests/sentinel/test_issue_201_automation_financial_grade.py::test_execute_retry_cannot_bypass_immutable_execute_at
tests/sentinel/test_issue_201_automation_financial_grade.py::test_sql_promoted_executing_row_is_refused_before_callback
tests/sentinel/test_issue_201_automation_financial_grade.py::test_late_recovery_can_reconcile_but_cannot_reopen_transport
tests/sentinel/test_issue_201_automation_financial_grade.py::test_production_tick_refuses_material_host_database_clock_skew
tests/sentinel/test_issue_201_automation_financial_grade.py::test_callback_result_is_refused_after_bounded_runtime
tests/sentinel/test_issue_201_automation_financial_grade.py::test_crash_signal_is_delivered_on_the_service_caller_task
tests/sentinel/test_issue_201_automation_financial_grade.py::test_production_boundary_rejects_in_process_sync_callback
tests/sentinel/test_issue_201_automation_financial_grade.py::test_never_returning_callback_durably_blocks_cycle
tests/sentinel/test_issue_201_automation_financial_grade.py::test_supervisor_integrity_failure_exits_run_and_records_failed
tests/sentinel/test_issue_201_automation_financial_grade.py::test_callback_that_suppresses_cancellation_cannot_hold_tick_open
tests/sentinel/test_issue_201_automation_financial_grade.py::test_late_database_boundary_rejects_cancelled_authority
tests/sentinel/test_issue_209_alpaca_asset_id.py::test_submit_addresses_the_durable_asset_id_not_the_ticker
tests/sentinel/test_issue_209_alpaca_asset_id.py::test_submit_without_stable_asset_id_refuses_before_transport
tests/sentinel/test_issue_209_alpaca_asset_id.py::test_submit_acknowledgement_must_return_the_same_asset_id
tests/sentinel/test_issue_209_alpaca_asset_id.py::test_production_builder_selects_asset_id_bound_adapter
tests/sentinel/test_issue_209_alpaca_asset_id.py::test_execution_certificate_identity_names_asset_id_transport
tests/sentinel/test_issue_209_standing_authority.py::test_nominal_expiry_does_not_stop_unchanged_paper_trial
tests/sentinel/test_issue_209_standing_authority.py::test_newer_metadata_does_not_require_certificate_rotation
tests/sentinel/test_issue_209_standing_authority.py::test_explicit_revocation_still_stops_standing_authority
tests/sentinel/test_issue_209_standing_authority.py::test_runtime_drift_still_stops_standing_authority
tests/sentinel/test_issue_209_standing_authority.py::test_panel_uses_standing_observation_lifecycle_semantics
tests/sentinel/test_issue_209_state_commitment.py::test_intact_predecessor_state_resumes
tests/sentinel/test_issue_209_state_commitment.py::test_valid_json_mutation_cannot_seed_next_strategy_transition
tests/sentinel/test_issue_209_state_commitment.py::test_interrupted_canonical_catchup_requires_its_exact_checkpoint[intact]
tests/sentinel/test_issue_209_state_commitment.py::test_interrupted_canonical_catchup_requires_its_exact_checkpoint[state]
tests/sentinel/test_issue_209_state_commitment.py::test_interrupted_canonical_catchup_requires_its_exact_checkpoint[missing]
tests/sentinel/test_issue_209_state_commitment.py::test_interrupted_canonical_catchup_requires_its_exact_checkpoint[hash]
tests/sentinel/test_issue_209_state_commitment.py::test_interrupted_canonical_catchup_requires_its_exact_checkpoint[anchor]
tests/sentinel/test_issue_209_state_commitment.py::test_interrupted_canonical_catchup_requires_its_exact_checkpoint[session]
tests/sentinel/test_issue_246_identity_rebuild.py::test_seed_generation_escalates_only_the_named_identity_mutation
tests/sentinel/test_issue_246_identity_rebuild.py::test_identity_rebuild_rekeys_claims_and_tombstones_atomically
tests/sentinel/test_issue_246_identity_rebuild.py::test_publication_failure_rolls_back_tombstones_and_projection
tests/sentinel/test_issue_246_identity_rebuild_writer.py::test_writer_claims_an_economically_unchanged_published_row
tests/sentinel/test_issue_246_identity_rebuild_writer.py::test_writer_leaves_unaffected_unchanged_row_on_published_owner
tests/sentinel/test_issue_246_identity_rebuild_writer.py::test_retirement_never_deletes_an_unaffected_missing_source_row
tests/sentinel/test_issue_251_identity_projection_replacement.py::test_older_complete_rebuild_replaces_surviving_pair_bounds_and_reprojects
tests/sentinel/test_issue_251_identity_projection_replacement.py::test_failure_after_projection_replacement_rolls_back_projection_and_bars
tests/sentinel/test_issue_252_253_session_envelope.py::test_exact_inclusive_xnys_boundaries_are_accepted
tests/sentinel/test_issue_252_253_session_envelope.py::test_invalid_session_refuses_with_bounded_deterministic_evidence[row0-missing_session]
tests/sentinel/test_issue_252_253_session_envelope.py::test_invalid_session_refuses_with_bounded_deterministic_evidence[row1-malformed_session]
tests/sentinel/test_issue_252_253_session_envelope.py::test_invalid_session_refuses_with_bounded_deterministic_evidence[row2-session_before_request]
tests/sentinel/test_issue_252_253_session_envelope.py::test_invalid_session_refuses_with_bounded_deterministic_evidence[row3-session_after_request]
tests/sentinel/test_issue_252_253_session_envelope.py::test_invalid_session_refuses_with_bounded_deterministic_evidence[row4-non_xnys_session]
tests/sentinel/test_issue_252_253_session_envelope.py::test_two_identical_off_window_sep_traversals_refuse_before_fingerprinting
tests/sentinel/test_issue_252_253_session_envelope.py::test_failed_observation_retries_cleanly_without_partial_stability_state
tests/sentinel/test_issue_252_253_session_envelope.py::test_primary_seed_sep_refuses_before_stability_or_candidate_mutation
tests/sentinel/test_issue_252_253_session_envelope.py::test_primary_sfp_reference_path_refuses_before_its_first_fingerprint
tests/sentinel/test_issue_252_253_session_envelope.py::test_annual_reconciliation_refuses_before_staging_or_local_comparison[2025-12-31]
tests/sentinel/test_issue_252_253_session_envelope.py::test_annual_reconciliation_refuses_before_staging_or_local_comparison[2027-01-04]
tests/sentinel/test_issue_252_253_session_envelope.py::test_recent_complete_export_refuses_future_row_before_staging
tests/sentinel/test_issue_252_253_session_envelope.py::test_renormalization_refuses_stable_off_window_history_before_replay
tests/sentinel/test_issue_252_253_session_envelope.py::test_valid_sep_stability_protocol_is_unchanged_after_envelope_validation
tests/sentinel/test_issue_254_256_source_authority.py::test_seed_watermark_refuses_future_without_partial_maximum
tests/sentinel/test_issue_254_256_source_authority.py::test_seed_watermark_malformed_refuses_and_exact_ceiling_passes
tests/sentinel/test_issue_254_256_source_authority.py::test_production_complete_seed_separates_vendor_clock_from_market_frontier
tests/sentinel/test_issue_254_256_source_authority.py::test_abandoned_seed_traversal_cannot_commit_watermark
tests/sentinel/test_issue_254_256_source_authority.py::test_cdc_exact_update_interval_refuses_outside_or_missing[2026-07-31]
tests/sentinel/test_issue_254_256_source_authority.py::test_cdc_exact_update_interval_refuses_outside_or_missing[2026-08-06]
tests/sentinel/test_issue_254_256_source_authority.py::test_cdc_exact_update_interval_refuses_outside_or_missing[bad]
tests/sentinel/test_issue_254_256_source_authority.py::test_cdc_exact_update_interval_refuses_outside_or_missing[None]
tests/sentinel/test_issue_254_256_source_authority.py::test_cdc_exact_update_interval_edges_pass[2026-08-01]
tests/sentinel/test_issue_254_256_source_authority.py::test_cdc_exact_update_interval_edges_pass[2026-08-05]
tests/sentinel/test_issue_254_256_source_authority.py::test_conflicting_duplicate_evidence_is_order_independent
tests/sentinel/test_issue_254_256_source_authority.py::test_identical_duplicate_and_sfp_duplicate_refuse_actions_unchanged
tests/sentinel/test_issue_254_256_source_authority.py::test_seed_coverage_requires_exact_common_equity_and_accounts_ineligible
tests/sentinel/test_issue_254_256_source_authority.py::test_staging_preflight_refuses_duplicate_before_streaming
tests/sentinel/test_issue_257_tickers_authority.py::test_identical_tickers_authority_duplicates_collapse_deterministically
tests/sentinel/test_issue_257_tickers_authority.py::test_conflicting_duplicate_refuses_with_order_independent_evidence
tests/sentinel/test_issue_257_tickers_authority.py::test_inclusive_overlap_across_permanent_identities_refuses
tests/sentinel/test_issue_257_tickers_authority.py::test_adjacent_ticker_reuse_is_accepted
tests/sentinel/test_issue_257_tickers_authority.py::test_malformed_authority_row_refuses_entire_candidate[changes0-nonblank_canonical_identity_key]
tests/sentinel/test_issue_257_tickers_authority.py::test_malformed_authority_row_refuses_entire_candidate[changes1-nonblank_canonical_identity_key]
tests/sentinel/test_issue_257_tickers_authority.py::test_malformed_authority_row_refuses_entire_candidate[changes2-valid_listing_date]
tests/sentinel/test_issue_257_tickers_authority.py::test_malformed_authority_row_refuses_entire_candidate[changes3-ordered_listing_interval]
tests/sentinel/test_issue_257_tickers_authority.py::test_malformed_authority_row_refuses_entire_candidate[changes4-supported_isdelisted_domain]
tests/sentinel/test_issue_257_tickers_authority.py::test_malformed_authority_row_refuses_entire_candidate[changes5-supported_isdelisted_domain]
tests/sentinel/test_issue_257_tickers_authority.py::test_one_permanent_identity_can_change_ticker_historically
tests/sentinel/test_issue_257_tickers_authority.py::test_non_sep_rows_do_not_define_sentinel_identity
tests/sentinel/test_issue_257_tickers_authority.py::test_source_membrane_validates_tickers_before_downstream_fingerprint
tests/sentinel/test_issue_257_tickers_authority.py::test_source_membrane_refuses_ambiguous_tickers_before_use
tests/sentinel/test_issue_258_manual_daily_boundary.py::test_extract_requires_exactly_one_explicit_through
tests/sentinel/test_issue_258_manual_daily_boundary.py::test_latest_fully_closed_session_is_accepted_and_future_is_refused
tests/sentinel/test_issue_258_manual_daily_boundary.py::test_current_session_before_official_close_is_refused
tests/sentinel/test_issue_258_manual_daily_boundary.py::test_non_session_or_malformed_boundary_refuses[2026-08-23]
tests/sentinel/test_issue_258_manual_daily_boundary.py::test_non_session_or_malformed_boundary_refuses[2026-07-04]
tests/sentinel/test_issue_258_manual_daily_boundary.py::test_non_session_or_malformed_boundary_refuses[2026-8-24]
tests/sentinel/test_issue_258_manual_daily_boundary.py::test_non_session_or_malformed_boundary_refuses[2026-02-30]
tests/sentinel/test_issue_258_manual_daily_boundary.py::test_utc_tomorrow_does_not_advance_exchange_session
tests/sentinel/test_issue_258_manual_daily_boundary.py::test_ingest_daily_has_no_wall_clock_fallback
tests/sentinel/test_issue_258_manual_daily_boundary.py::test_ingest_daily_passes_explicit_session_verbatim
tests/sentinel/test_issue_258_manual_daily_boundary.py::test_cli_missing_boundary_refuses_before_configuration
tests/sentinel/test_issue_258_manual_daily_boundary.py::test_cli_prints_and_passes_resolved_session
tests/sentinel/test_issue_259_seed_coherence.py::test_seed_publication_requires_exact_durable_proof
tests/sentinel/test_issue_259_seed_coherence.py::test_incomplete_or_mismatched_seed_proof_refuses_publication[<lambda>0]
tests/sentinel/test_issue_259_seed_coherence.py::test_incomplete_or_mismatched_seed_proof_refuses_publication[<lambda>1]
tests/sentinel/test_issue_259_seed_coherence.py::test_incomplete_or_mismatched_seed_proof_refuses_publication[<lambda>2]
tests/sentinel/test_issue_259_seed_coherence.py::test_incomplete_or_mismatched_seed_proof_refuses_publication[<lambda>3]
tests/sentinel/test_issue_259_seed_coherence.py::test_incomplete_or_mismatched_seed_proof_refuses_publication[<lambda>4]
tests/sentinel/test_issue_259_seed_coherence.py::test_incomplete_or_mismatched_seed_proof_refuses_publication[<lambda>5]
tests/sentinel/test_issue_259_seed_coherence.py::test_seed_window_mismatch_refuses_and_nonseed_does_not_require_proof
tests/sentinel/test_issue_259_seed_coherence.py::test_historical_mutation_is_double_observed_and_returned_for_replay
tests/sentinel/test_issue_259_seed_coherence.py::test_post_seed_proof_routes_cdc_and_date_windows_through_distinct_authority
tests/sentinel/test_issue_259_seed_coherence.py::test_post_seed_date_window_keeps_the_frozen_update_ceiling
tests/sentinel/test_issue_259_seed_coherence.py::test_seed_finalization_exercises_cdc_then_date_window_on_one_proof
tests/sentinel/test_issue_259_seed_coherence.py::test_unstable_or_out_of_envelope_mutation_refuses_cursor_authority
tests/sentinel/test_issue_259_seed_coherence.py::test_publication_membrane_embeds_exact_durable_proof
tests/sentinel/test_journal_and_reconcile.py::TestCommandJournal::test_a_command_round_trips_with_its_derived_key_intact
tests/sentinel/test_journal_and_reconcile.py::TestCommandJournal::test_average_fill_price_round_trips_as_decimal
tests/sentinel/test_journal_and_reconcile.py::TestCommandJournal::test_a_prior_epoch_recomputes_under_its_STORED_minting_identity
tests/sentinel/test_journal_and_reconcile.py::TestCommandJournal::test_a_different_account_still_cannot_load_the_row
tests/sentinel/test_journal_and_reconcile.py::TestCommandJournal::test_every_transition_is_appended
tests/sentinel/test_journal_and_reconcile.py::TestCommandJournal::test_the_DATABASE_enforces_one_in_flight_command_per_security
tests/sentinel/test_journal_and_reconcile.py::TestCommandJournal::test_a_TERMINAL_command_frees_the_security_for_a_new_one
tests/sentinel/test_journal_and_reconcile.py::TestCommandJournal::test_in_flight_includes_UNKNOWN
tests/sentinel/test_journal_and_reconcile.py::TestCommandJournal::test_fills_are_idempotent_across_a_re_read
tests/sentinel/test_journal_and_reconcile.py::TestTerminalRecoveryWatermark::test_first_checkpoint_falls_back_to_binding_establishment
tests/sentinel/test_journal_and_reconcile.py::TestTerminalRecoveryWatermark::test_raw_observation_never_advances_processed_history
tests/sentinel/test_journal_and_reconcile.py::TestTerminalRecoveryWatermark::test_processed_boundary_is_monotonic_and_account_scoped
tests/sentinel/test_journal_and_reconcile.py::TestWriterLock::test_a_second_writer_is_refused_rather_than_blocked
tests/sentinel/test_journal_and_reconcile.py::TestWriterLock::test_the_lock_is_released_afterwards
tests/sentinel/test_journal_and_reconcile.py::TestWriterLock::test_an_exception_rolls_back_before_lock_cleanup_commits
tests/sentinel/test_journal_and_reconcile.py::TestPlans::test_a_plan_round_trips_and_fingerprints_its_ECONOMIC_content
tests/sentinel/test_journal_and_reconcile.py::TestPlans::test_every_production_plan_authority_round_trips
tests/sentinel/test_journal_and_reconcile.py::TestPlans::test_the_fingerprint_ignores_the_handle_and_what_happened_after
tests/sentinel/test_journal_and_reconcile.py::TestPlans::test_a_plan_records_the_corpus_version_it_consumed
tests/sentinel/test_journal_and_reconcile.py::TestPlans::test_supersession_is_recorded_not_destructive
tests/sentinel/test_journal_and_reconcile.py::TestAgeBookThroughActions::test_a_split_multiplies_the_expected_holding
tests/sentinel/test_journal_and_reconcile.py::TestAgeBookThroughActions::test_no_action_leaves_the_holding_alone
tests/sentinel/test_journal_and_reconcile.py::TestAgeBookThroughActions::test_an_unknown_ratio_is_treated_as_NO_action
tests/sentinel/test_journal_and_reconcile.py::TestReconciliation::test_a_matching_book_reconciles_clean
tests/sentinel/test_journal_and_reconcile.py::TestReconciliation::test_an_expected_holding_missing_from_broker_is_foreign
tests/sentinel/test_journal_and_reconcile.py::TestReconciliation::test_recognized_partial_fill_position_lag_is_amber_then_converges
tests/sentinel/test_journal_and_reconcile.py::TestReconciliation::test_position_endpoint_may_lead_exact_working_order_briefly
tests/sentinel/test_journal_and_reconcile.py::TestReconciliation::test_order_leading_position_lag_uses_post_split_share_units
tests/sentinel/test_journal_and_reconcile.py::TestReconciliation::test_position_leading_order_lag_uses_post_split_share_units
tests/sentinel/test_journal_and_reconcile.py::TestReconciliation::test_new_command_generation_does_not_reuse_expired_lag_episode
tests/sentinel/test_journal_and_reconcile.py::TestReconciliation::test_a_WRONG_ACCOUNT_is_refused_before_anything_is_compared
tests/sentinel/test_journal_and_reconcile.py::TestReconciliation::test_a_broker_outage_yields_BROKER_DEGRADED_not_a_conclusion
tests/sentinel/test_journal_and_reconcile.py::TestReconciliation::test_an_INCOMPLETE_observation_cannot_conclude_anything
tests/sentinel/test_journal_and_reconcile.py::TestReconciliation::test_complete_processed_window_advances_even_with_foreign_activity
tests/sentinel/test_journal_and_reconcile.py::TestReconciliation::test_A_SPLIT_DURING_AN_OUTAGE_IS_NOT_FOREIGN_ACTIVITY
tests/sentinel/test_journal_and_reconcile.py::TestReconciliation::test_a_broker_that_does_not_post_the_split_is_fenced_and_named
tests/sentinel/test_journal_and_reconcile.py::TestReconciliation::test_a_genuinely_unexplained_position_IS_foreign
tests/sentinel/test_journal_and_reconcile.py::TestReconciliation::test_an_order_with_no_key_of_ours_is_foreign
tests/sentinel/test_journal_and_reconcile.py::TestReconciliation::test_an_order_carrying_OUR_key_but_missing_locally_is_RECOVERED
tests/sentinel/test_journal_and_reconcile.py::TestReconciliation::test_an_UNKNOWN_command_is_resolved_during_reconciliation
tests/sentinel/test_journal_and_reconcile.py::TestReconciliation::test_positive_closed_evidence_beats_exact_absence_for_UNKNOWN
tests/sentinel/test_journal_and_reconcile.py::TestReconciliation::test_exact_lookup_failure_does_not_advance_terminal_watermark
tests/sentinel/test_journal_and_reconcile.py::TestReconciliation::test_acknowledged_fill_missing_from_open_set_uses_exact_evidence
tests/sentinel/test_journal_and_reconcile.py::TestReconciliation::test_missing_acknowledged_order_stays_unknown_not_terminal
tests/sentinel/test_journal_and_reconcile.py::TestReconciliation::test_exact_working_order_omitted_by_complete_open_read_is_inconsistent
tests/sentinel/test_journal_and_reconcile.py::TestReconciliation::test_an_UNRESOLVABLE_command_keeps_the_appliance_RECONCILING
tests/sentinel/test_journal_and_reconcile.py::TestReconciliation::test_the_expected_book_comes_from_the_JOURNAL_not_the_broker
tests/sentinel/test_journal_and_reconcile.py::TestReconciliation::test_actions_age_each_fill_from_its_own_durable_boundary
tests/sentinel/test_journal_and_reconcile.py::TestReconciliation::test_recovered_fill_keeps_broker_submission_time_for_action_aging
tests/sentinel/test_journal_and_reconcile.py::TestReconciliation::test_overlap_economics_change_blocks_and_leaves_watermark
tests/sentinel/test_journal_and_reconcile.py::TestReconciliation::test_external_replacement_blocks_and_leaves_watermark[pending_replace]
tests/sentinel/test_journal_and_reconcile.py::TestReconciliation::test_external_replacement_blocks_and_leaves_watermark[replaced]
tests/sentinel/test_journal_and_reconcile.py::TestReconciliation::test_exact_key_replacement_race_is_durably_blocked_before_mutation[pending_replace-True-broker-successor-None]
tests/sentinel/test_journal_and_reconcile.py::TestReconciliation::test_exact_key_replacement_race_is_durably_blocked_before_mutation[replaced-True-broker-successor-None]
tests/sentinel/test_journal_and_reconcile.py::TestReconciliation::test_exact_key_replacement_race_is_durably_blocked_before_mutation[new-False-None-broker-predecessor]
tests/sentinel/test_journal_and_reconcile.py::TestTerminalRecoveryCrashBoundaries::test_crash_after_observation_before_adoption_replays
tests/sentinel/test_journal_and_reconcile.py::TestTerminalRecoveryCrashBoundaries::test_crash_midway_through_multiple_adoptions_replays_only_missing
tests/sentinel/test_journal_and_reconcile.py::TestTerminalRecoveryCrashBoundaries::test_crash_after_adoption_before_watermark_is_idempotent
tests/sentinel/test_journal_and_reconcile.py::TestTerminalRecoveryCrashBoundaries::test_restart_after_watermark_commit_is_a_noop_replay
tests/sentinel/test_journal_and_reconcile.py::TestTerminalRecoveryCrashBoundaries::test_adoption_conflict_does_not_advance
tests/sentinel/test_journal_and_reconcile.py::TestCorpusActionLookup::test_it_compounds_splits_over_the_gap
tests/sentinel/test_journal_and_reconcile.py::TestCorpusActionLookup::test_distinct_split_siblings_refuse_instead_of_multiplying
tests/sentinel/test_journal_and_reconcile.py::TestCorpusActionLookup::test_a_RECYCLED_ticker_does_not_inherit_the_other_company_split
tests/sentinel/test_journal_and_reconcile.py::TestCorpusActionLookup::test_a_WEEKEND_ex_date_still_resolves
tests/sentinel/test_journal_and_reconcile.py::TestCorpusActionLookup::test_a_REVERSE_split_is_supported
tests/sentinel/test_journal_and_reconcile.py::TestCorpusActionLookup::test_shifted_split_uses_prior_published_bar_exactly_once
tests/sentinel/test_journal_and_reconcile.py::TestCorpusActionLookup::test_resolved_issuer_action_is_not_an_execution_split
tests/sentinel/test_journal_and_reconcile.py::TestCorpusActionLookup::test_rounded_direct_reverse_split_uses_exact_canonical_ratio
tests/sentinel/test_journal_and_reconcile.py::TestCorpusActionLookup::test_ADR_ratio_metadata_does_not_resize_the_book
tests/sentinel/test_journal_and_reconcile.py::TestCorpusActionLookup::test_published_derived_only_split_blocks_book_and_target_without_ACTIONS
tests/sentinel/test_journal_and_reconcile.py::TestCorpusActionLookup::test_nonunit_bar_without_active_disposition_cannot_age_the_book
tests/sentinel/test_journal_and_reconcile.py::TestCorpusActionLookup::test_accepted_disposition_cannot_override_contradictory_actions_terms
tests/sentinel/test_journal_and_reconcile.py::TestCorpusActionLookup::test_active_split_disagreement_refuses_stale_preserved_bar_ratio
tests/sentinel/test_journal_and_reconcile.py::TestCorpusActionLookup::test_execution_uses_published_repair_and_ignores_unpublished_candidate
tests/sentinel/test_journal_and_reconcile.py::TestCorpusActionLookup::test_BIL_direct_reverse_multiplier_is_corroborated_by_price_domains
tests/sentinel/test_journal_and_reconcile.py::TestCorpusActionLookup::test_BIL_domain_discontinuity_without_ACTIONS_is_explicitly_blocking
tests/sentinel/test_journal_and_reconcile.py::TestCorpusActionLookup::test_BIL_orientation_does_not_bridge_a_missing_exchange_session
tests/sentinel/test_journal_and_reconcile.py::TestCorpusActionLookup::test_a_SPINOFF_is_NOT_silently_treated_as_a_multiplier
tests/sentinel/test_journal_and_reconcile.py::TestCorpusActionLookup::test_dividend_and_acquirer_side_rows_do_not_fence_the_held_book
tests/sentinel/test_journal_and_reconcile.py::TestCorpusActionLookup::test_unmapped_target_split_is_retained_as_blocking_evidence
tests/sentinel/test_journal_and_reconcile.py::TestCorpusActionLookup::test_an_unmapped_security_returns_1_rather_than_raising
tests/sentinel/test_ldrc_authoritative.py::test_native_partial_recovery_is_not_blocked
tests/sentinel/test_ldrc_authoritative.py::test_live_streak_gates_return_to_full
tests/sentinel/test_ldrc_authoritative.py::test_unhealthy_session_erases_earned_streak
tests/sentinel/test_ldrc_authoritative.py::test_divergence_exact_boundary_latches_55
tests/sentinel/test_ldrc_authoritative.py::test_spy_rebound_is_strictly_greater_than_11_percent
tests/sentinel/test_maintenance_future_cursor_refusal.py::test_sep_future_cursor_refuses_before_vendor_fetch
tests/sentinel/test_maintenance_future_cursor_refusal.py::test_daily_caller_reobserves_vendor_cursor_ahead_of_market_target
tests/sentinel/test_maintenance_future_cursor_refusal.py::test_daily_caller_refuses_vendor_cursor_beyond_source_observation_date
tests/sentinel/test_maintenance_future_cursor_refusal.py::test_equal_sep_cursor_reobserve_does_not_skip_same_date_row
tests/sentinel/test_maintenance_future_cursor_refusal.py::test_actions_future_cursor_refuses_before_export_or_vendor_fetch
tests/sentinel/test_maintenance_future_cursor_refusal.py::test_recent_sep_future_cursor_refuses_before_complete_export
tests/sentinel/test_maintenance_future_cursor_refusal.py::test_equal_sep_cursor_is_terminal_current_without_vendor_fetch
tests/sentinel/test_maintenance_publication_frontier.py::test_historical_repair_preserves_the_published_frontier[action_economics]
tests/sentinel/test_maintenance_publication_frontier.py::test_historical_repair_preserves_the_published_frontier[sep_mutation]
tests/sentinel/test_merge_readiness_137_149.py::test_137_candidate_survives_more_than_five_minutes_of_build_time
tests/sentinel/test_merge_readiness_137_149.py::test_149_emergency_wrapper_reaches_postgres_and_fences_live_lease
tests/sentinel/test_migration.py::TestTheOverlapPolicy::test_an_overlapping_security_is_SOLD_AND_REBOUGHT
tests/sentinel/test_migration.py::TestTheOverlapPolicy::test_the_churn_is_PRICED_not_assumed
tests/sentinel/test_migration.py::TestTheOverlapPolicy::test_the_policy_is_stated_in_the_OUTPUT_not_just_the_code
tests/sentinel/test_migration.py::TestTheOverlapPolicy::test_NO_overlap_produces_no_churn_and_no_caveat
tests/sentinel/test_migration.py::TestExposureScalesSIZENotMEMBERSHIP::test_a_partial_exposure_buys_EVERY_name_smaller
tests/sentinel/test_migration.py::TestExposureScalesSIZENotMEMBERSHIP::test_zero_exposure_still_targets_the_same_NAMES
tests/sentinel/test_migration.py::TestSizing::test_shares_come_from_the_MARK
tests/sentinel/test_migration.py::TestSizing::test_a_leg_with_NO_MARK_is_named_not_sized_at_zero
tests/sentinel/test_migration.py::TestSizing::test_zero_share_positions_are_not_exits
tests/sentinel/test_migration.py::TestTheWholeLegacyBookLeaves::test_every_held_security_is_exited_even_if_the_target_is_empty
tests/sentinel/test_migration_order_pagination.py::test_migration_pages_by_exclusive_order_id_until_exhausted
tests/sentinel/test_migration_order_pagination.py::test_page_cap_raises_before_positions_can_be_called_flat
tests/sentinel/test_migration_order_pagination.py::test_duplicate_exclusive_cursor_response_fails_closed
tests/sentinel/test_migration_order_pagination.py::test_full_page_without_boundary_id_fails_closed
tests/sentinel/test_migration_order_pagination.py::test_malformed_positions_are_never_filtered_into_a_flat_account[positions0]
tests/sentinel/test_migration_order_pagination.py::test_malformed_positions_are_never_filtered_into_a_flat_account[positions1]
tests/sentinel/test_migration_order_pagination.py::test_malformed_positions_are_never_filtered_into_a_flat_account[positions2]
tests/sentinel/test_migration_order_pagination.py::test_malformed_positions_are_never_filtered_into_a_flat_account[positions3]
tests/sentinel/test_migration_order_pagination.py::test_malformed_positions_are_never_filtered_into_a_flat_account[positions4]
tests/sentinel/test_migration_order_pagination.py::test_malformed_positions_are_never_filtered_into_a_flat_account[positions5]
tests/sentinel/test_migration_order_pagination.py::test_malformed_positions_are_never_filtered_into_a_flat_account[positions6]
tests/sentinel/test_migration_order_pagination.py::test_normalized_nonlong_position_refuses_before_any_mutation[]
tests/sentinel/test_migration_order_pagination.py::test_normalized_nonlong_position_refuses_before_any_mutation[short]
tests/sentinel/test_migration_order_pagination.py::test_normalized_nonlong_position_refuses_before_any_mutation[SHORT]
tests/sentinel/test_migration_order_pagination.py::test_normalized_nonlong_position_refuses_before_any_mutation[sideways]
tests/sentinel/test_migration_order_pagination.py::test_malformed_or_terminal_open_rows_refuse_the_whole_read[bad0]
tests/sentinel/test_migration_order_pagination.py::test_malformed_or_terminal_open_rows_refuse_the_whole_read[bad1]
tests/sentinel/test_migration_order_pagination.py::test_malformed_or_terminal_open_rows_refuse_the_whole_read[bad2]
tests/sentinel/test_migration_order_pagination.py::test_malformed_or_terminal_open_rows_refuse_the_whole_read[bad3]
tests/sentinel/test_migration_order_pagination.py::test_malformed_or_terminal_open_rows_refuse_the_whole_read[bad4]
tests/sentinel/test_migration_order_pagination.py::test_malformed_or_terminal_open_rows_refuse_the_whole_read[bad5]
tests/sentinel/test_migration_order_pagination.py::test_malformed_or_terminal_open_rows_refuse_the_whole_read[bad6]
tests/sentinel/test_migration_order_pagination.py::test_every_nonterminal_row_from_status_open_is_conservatively_working[pending_cancel]
tests/sentinel/test_migration_order_pagination.py::test_every_nonterminal_row_from_status_open_is_conservatively_working[future_open_status]
tests/sentinel/test_migration_order_pagination.py::test_cancellation_names_only_the_approved_id_when_a_new_order_arrives
tests/sentinel/test_migration_recovery_remediation.py::test_untyped_adapter_error_is_unknown_never_rejected
tests/sentinel/test_migration_recovery_remediation.py::test_short_inherited_position_refuses_full_migration_before_mutation
tests/sentinel/test_migration_recovery_remediation.py::test_accept_timeout_visibility_lag_survives_restart_without_duplicate
tests/sentinel/test_native_fill_acceptance.py::test_native_fill_authority_requires_order_economic_coherence[one-valid-fill]
tests/sentinel/test_native_fill_acceptance.py::test_native_fill_authority_requires_order_economic_coherence[two-valid-fills]
tests/sentinel/test_native_fill_acceptance.py::test_native_fill_authority_requires_order_economic_coherence[three-valid-fractional-fills]
tests/sentinel/test_native_fill_acceptance.py::test_native_fill_authority_requires_order_economic_coherence[one-valid-at-submission]
tests/sentinel/test_native_fill_acceptance.py::test_native_fill_authority_requires_order_economic_coherence[single-oversized-fill]
tests/sentinel/test_native_fill_acceptance.py::test_native_fill_authority_requires_order_economic_coherence[cumulative-oversized-fills]
tests/sentinel/test_native_fill_acceptance.py::test_native_fill_authority_requires_order_economic_coherence[single-gross-notional-conflict]
tests/sentinel/test_native_fill_acceptance.py::test_native_fill_authority_requires_order_economic_coherence[cumulative-gross-notional-conflict]
tests/sentinel/test_native_fill_acceptance.py::test_native_fill_authority_requires_order_economic_coherence[native-fill-before-submission]
tests/sentinel/test_native_fill_acceptance.py::test_native_fill_authority_requires_order_economic_coherence[native-fill-next-session]
tests/sentinel/test_native_fill_acceptance.py::test_delayed_complete_native_history_converges_without_partial_entitlement[initial0]
tests/sentinel/test_native_fill_acceptance.py::test_delayed_complete_native_history_converges_without_partial_entitlement[initial1]
tests/sentinel/test_native_fill_acceptance.py::test_native_identity_and_execution_type_cannot_be_dropped[asset_id-other-asset]
tests/sentinel/test_native_fill_acceptance.py::test_native_identity_and_execution_type_cannot_be_dropped[side-sell]
tests/sentinel/test_native_fill_acceptance.py::test_native_identity_and_execution_type_cannot_be_dropped[execution_type-unknown]
tests/sentinel/test_native_fill_acceptance.py::test_native_identity_and_execution_type_cannot_be_dropped[execution_type-None]
tests/sentinel/test_native_fill_acceptance.py::test_native_identity_and_execution_type_cannot_be_dropped[asset_id-None]
tests/sentinel/test_native_fill_acceptance.py::test_native_identity_and_execution_type_cannot_be_dropped[side-None]
tests/sentinel/test_native_fill_acceptance.py::test_unsupported_native_correction_retains_diagnostic_without_publishing[trade_correct]
tests/sentinel/test_native_fill_acceptance.py::test_unsupported_native_correction_retains_diagnostic_without_publishing[trade_bust]
tests/sentinel/test_native_fill_acceptance.py::test_malformed_native_economics_retains_raw_diagnostic[qty-NaN]
tests/sentinel/test_native_fill_acceptance.py::test_malformed_native_economics_retains_raw_diagnostic[qty-0]
tests/sentinel/test_native_fill_acceptance.py::test_malformed_native_economics_retains_raw_diagnostic[price--1]
tests/sentinel/test_native_fill_acceptance.py::test_malformed_native_economics_retains_raw_diagnostic[price-bad]
tests/sentinel/test_native_fill_acceptance.py::test_malformed_native_economics_retains_raw_diagnostic[executed_at-not-a-time]
tests/sentinel/test_native_fill_acceptance.py::test_complete_native_history_cannot_replace_durable_execution_ids
tests/sentinel/test_native_fill_acceptance.py::test_partial_native_notional_leaves_positive_economics_for_missing_shares[400-True]
tests/sentinel/test_native_fill_acceptance.py::test_partial_native_notional_leaves_positive_economics_for_missing_shares[500-False]
tests/sentinel/test_native_fill_acceptance.py::test_partial_native_notional_leaves_positive_economics_for_missing_shares[600-False]
tests/sentinel/test_native_fill_progression.py::test_six_then_four_shares_reconcile_and_notify_once_across_connections
tests/sentinel/test_native_fill_progression.py::test_partial_native_union_refuses_impossible_notional_and_recovers_after_restart[200]
tests/sentinel/test_native_fill_progression.py::test_partial_native_union_refuses_impossible_notional_and_recovers_after_restart[300]
tests/sentinel/test_native_fill_progression.py::test_partial_native_notional_comparison_is_exact_under_low_decimal_precision[499.9999999999999999999999999999-True]
tests/sentinel/test_native_fill_progression.py::test_partial_native_notional_comparison_is_exact_under_low_decimal_precision[500-False]
tests/sentinel/test_native_fill_progression.py::test_partial_native_notional_comparison_is_exact_under_low_decimal_precision[500.0000000000000000000000000001-False]
tests/sentinel/test_nav_quantity_precision.py::test_production_share_scaling_does_not_floor_a_rounded_weight[2999-9-6]
tests/sentinel/test_nav_quantity_precision.py::test_production_share_scaling_does_not_floor_a_rounded_weight[2999-9-28]
tests/sentinel/test_nav_quantity_precision.py::test_production_share_scaling_does_not_floor_a_rounded_weight[3000-10-6]
tests/sentinel/test_nav_quantity_precision.py::test_production_share_scaling_does_not_floor_a_rounded_weight[3000-10-28]
tests/sentinel/test_nav_quantity_precision.py::test_production_share_scaling_does_not_floor_a_rounded_weight[3001-10-6]
tests/sentinel/test_nav_quantity_precision.py::test_production_share_scaling_does_not_floor_a_rounded_weight[3001-10-28]
tests/sentinel/test_nav_quantity_precision.py::test_production_share_scaling_does_not_floor_a_rounded_weight[6000-20-6]
tests/sentinel/test_nav_quantity_precision.py::test_production_share_scaling_does_not_floor_a_rounded_weight[6000-20-28]
tests/sentinel/test_nav_quantity_precision.py::test_opening_share_scaling_floors_once_after_exact_ratio[6]
tests/sentinel/test_nav_quantity_precision.py::test_opening_share_scaling_floors_once_after_exact_ratio[28]
tests/sentinel/test_nav_quantity_precision.py::test_projection_never_rounds_unaffordable_fraction_up_to_one_share[False]
tests/sentinel/test_nav_quantity_precision.py::test_projection_never_rounds_unaffordable_fraction_up_to_one_share[True]
tests/sentinel/test_nav_quantity_precision.py::test_projector_refuses_invalid_weight_denominator[0]
tests/sentinel/test_nav_quantity_precision.py::test_projector_refuses_invalid_weight_denominator[-1]
tests/sentinel/test_nav_quantity_precision.py::test_projector_refuses_invalid_weight_denominator[NaN]
tests/sentinel/test_nav_quantity_precision.py::test_projector_refuses_invalid_weight_denominator[Infinity]
tests/sentinel/test_nav_quantity_precision.py::test_partial_fill_remainder_is_not_rounded_into_an_overlapping_order
tests/sentinel/test_nav_quantity_precision.py::test_exact_delta_and_magnitude_preserve_a_fractional_position
tests/sentinel/test_nav_quantity_precision.py::test_committed_orders_do_not_erase_a_small_excess
tests/sentinel/test_nav_quantity_precision.py::test_full_precision_nav_preserves_twenty_affordable_target_shares
tests/sentinel/test_notification_recovery.py::test_long_outage_and_repeated_worker_death_preserve_delivery_identity
tests/sentinel/test_notification_recovery.py::test_permanent_peer_cannot_discard_temporary_recipient
tests/sentinel/test_notification_recovery.py::test_missing_authority_flags_cannot_silence_integrity_alarm[CORRUPT]
tests/sentinel/test_notification_recovery.py::test_missing_authority_flags_cannot_silence_integrity_alarm[UNCERTIFIABLE_OBSERVATIONS]
tests/sentinel/test_notification_recovery.py::test_health_recurrence_survives_restart_without_duplicate_active_alert
tests/sentinel/test_notification_recovery.py::test_health_occurrence_and_alert_recover_atomic_commit[False]
tests/sentinel/test_notification_recovery.py::test_health_occurrence_and_alert_recover_atomic_commit[True]
tests/sentinel/test_notification_recovery.py::test_notification_migration_does_not_reseed_lost_occurrence[row]
tests/sentinel/test_notification_recovery.py::test_notification_migration_does_not_reseed_lost_occurrence[table]
tests/sentinel/test_notification_recovery.py::test_waiting_subscription_database_does_not_block_event_loop[enroll]
tests/sentinel/test_notification_recovery.py::test_waiting_subscription_database_does_not_block_event_loop[refresh]
tests/sentinel/test_notification_recovery.py::test_waiting_subscription_database_does_not_block_event_loop[remove]
tests/sentinel/test_notification_recovery.py::test_pending_alert_follows_rotation_before_or_after_fanout[False-False]
tests/sentinel/test_notification_recovery.py::test_pending_alert_follows_rotation_before_or_after_fanout[False-True]
tests/sentinel/test_notification_recovery.py::test_pending_alert_follows_rotation_before_or_after_fanout[True-False]
tests/sentinel/test_notification_recovery.py::test_pending_alert_follows_rotation_before_or_after_fanout[True-True]
tests/sentinel/test_notification_recovery.py::test_rotation_during_http_fences_old_result_and_retries_successor[False-201]
tests/sentinel/test_notification_recovery.py::test_rotation_during_http_fences_old_result_and_retries_successor[False-410]
tests/sentinel/test_notification_recovery.py::test_rotation_during_http_fences_old_result_and_retries_successor[False-503]
tests/sentinel/test_notification_recovery.py::test_rotation_during_http_fences_old_result_and_retries_successor[True-201]
tests/sentinel/test_notification_recovery.py::test_rotation_during_http_fences_old_result_and_retries_successor[True-410]
tests/sentinel/test_notification_recovery.py::test_rotation_during_http_fences_old_result_and_retries_successor[True-503]
tests/sentinel/test_notification_recovery.py::test_explicit_removal_and_new_enrollment_cannot_inherit_pending_alert[False]
tests/sentinel/test_notification_recovery.py::test_explicit_removal_and_new_enrollment_cannot_inherit_pending_alert[True]
tests/sentinel/test_notification_recovery.py::test_rotation_chain_survives_restart_and_refuses_merging_devices
tests/sentinel/test_notification_recovery.py::test_recipient_schema_migration_preserves_eligibility_and_pending_evidence
tests/sentinel/test_notification_recovery.py::test_rotation_cannot_cross_delivery_result_transaction
tests/sentinel/test_notification_recovery.py::test_delivery_result_uses_enrollment_lock_order
tests/sentinel/test_notification_recovery.py::test_old_rotation_retry_cannot_reconnect_removed_successor
tests/sentinel/test_notification_recovery.py::test_removal_follows_current_successor_but_never_an_independent_reenrollment
tests/sentinel/test_observation_storage_envelope.py::test_persisted_envelope_restarts_with_the_complete_original_value[False-state]
tests/sentinel/test_observation_storage_envelope.py::test_persisted_envelope_restarts_with_the_complete_original_value[False-initial_state]
tests/sentinel/test_observation_storage_envelope.py::test_persisted_envelope_restarts_with_the_complete_original_value[True-state]
tests/sentinel/test_observation_storage_envelope.py::test_persisted_envelope_restarts_with_the_complete_original_value[True-initial_state]
tests/sentinel/test_observation_storage_envelope.py::test_storage_envelope_refuses_incomplete_or_contradictory_evidence[checksum]
tests/sentinel/test_observation_storage_envelope.py::test_storage_envelope_refuses_incomplete_or_contradictory_evidence[length]
tests/sentinel/test_observation_storage_envelope.py::test_storage_envelope_refuses_incomplete_or_contradictory_evidence[count]
tests/sentinel/test_observation_storage_envelope.py::test_storage_envelope_refuses_incomplete_or_contradictory_evidence[missing-group]
tests/sentinel/test_observation_storage_envelope.py::test_storage_envelope_refuses_incomplete_or_contradictory_evidence[duplicate-group]
tests/sentinel/test_observation_storage_envelope.py::test_storage_envelope_refuses_incomplete_or_contradictory_evidence[inline]
tests/sentinel/test_observation_storage_envelope.py::test_storage_envelope_refuses_incomplete_or_contradictory_evidence[schema]
tests/sentinel/test_observation_storage_envelope.py::test_storage_envelope_refuses_incomplete_or_contradictory_evidence[truncated]
tests/sentinel/test_observation_storage_envelope.py::test_storage_envelope_refuses_incomplete_or_contradictory_evidence[trailing]
tests/sentinel/test_observation_storage_envelope.py::test_storage_envelope_refuses_incomplete_or_contradictory_evidence[byte-bound]
tests/sentinel/test_observation_storage_envelope.py::test_persisted_sub_float_group_change_cannot_pass_exact_retry[state]
tests/sentinel/test_observation_storage_envelope.py::test_persisted_sub_float_group_change_cannot_pass_exact_retry[initial_state]
tests/sentinel/test_observation_storage_envelope.py::test_reserved_envelope_cannot_enter_logical_input
tests/sentinel/test_observation_storage_envelope.py::test_valid_larger_group_cannot_bypass_the_decompression_budget
tests/sentinel/test_observation_storage_envelope.py::test_exact_decode_retains_original_decimal_spelling
tests/sentinel/test_opening_submit_freshness_boundary.py::test_buy_inside_opening_freshness_reaches_transport
tests/sentinel/test_opening_submit_freshness_boundary.py::test_authority_latency_crossing_deadline_refuses_before_transport
tests/sentinel/test_opening_submit_freshness_boundary.py::test_late_sell_remains_risk_reducing_and_executable
tests/sentinel/test_operational_coherence.py::test_operational_margin_is_source_derived_and_exceeds_strategy_minimum
tests/sentinel/test_operational_coherence.py::test_missed_session_cursor_expands_boundary
tests/sentinel/test_operational_coherence.py::test_readonly_readiness_does_not_persist_historical_candidates
tests/sentinel/test_operational_coherence.py::test_eight_year_old_unrelated_price_is_historical_only_and_invisible
tests/sentinel/test_operational_coherence.py::test_revision_inside_operational_feature_window_blocks
tests/sentinel/test_operational_coherence.py::test_falsifier_old_split_for_current_security_blocks
tests/sentinel/test_operational_coherence.py::test_falsifier_old_split_for_durable_held_identity_blocks
tests/sentinel/test_operational_coherence.py::test_old_terminal_or_identity_event_for_current_security_blocks[delisted]
tests/sentinel/test_operational_coherence.py::test_old_terminal_or_identity_event_for_current_security_blocks[mergerfrom]
tests/sentinel/test_operational_coherence.py::test_old_terminal_or_identity_event_for_current_security_blocks[tickerchangefrom]
tests/sentinel/test_operational_coherence.py::test_old_economic_revision_for_long_inactive_security_is_historical_only[split]
tests/sentinel/test_operational_coherence.py::test_old_economic_revision_for_long_inactive_security_is_historical_only[terminal]
tests/sentinel/test_operational_coherence.py::test_old_economic_revision_for_long_inactive_security_is_historical_only[identity]
tests/sentinel/test_operational_coherence.py::test_historical_only_candidate_does_not_change_published_decision_inputs
tests/sentinel/test_operational_coherence.py::test_full_historical_certification_remains_strict
tests/sentinel/test_operational_coherence.py::test_restart_preserves_historical_classification
tests/sentinel/test_operational_coherence.py::test_quarantine_status_recomputes_and_appends_changed_live_verdict
tests/sentinel/test_operational_coherence.py::test_feed_status_reports_first_publication_pending
tests/sentinel/test_operational_coherence.py::test_covering_retry_publishes_and_clears_live_quarantine
tests/sentinel/test_operational_parity.py::test_current_champion_real_startup_and_restart_from_operational_window
tests/sentinel/test_operational_parity.py::test_legacy_observation_warmup_uses_the_same_selected_production_strategy
tests/sentinel/test_operational_parity.py::test_real_transition_faults_refuse_and_rollback[mutate_prior]
tests/sentinel/test_operational_parity.py::test_real_transition_faults_refuse_and_rollback[mutate_input]
tests/sentinel/test_operational_parity.py::test_real_transition_faults_refuse_and_rollback[restart_diverges]
tests/sentinel/test_operational_parity.py::test_real_transition_faults_refuse_and_rollback[wrong_version]
tests/sentinel/test_operational_parity.py::test_real_transition_faults_refuse_and_rollback[no_advance]
tests/sentinel/test_operational_parity.py::test_writable_snapshot_is_refused_before_loading_inputs
tests/sentinel/test_operational_parity.py::test_wrong_image_revision_is_refused_before_database_reads
tests/sentinel/test_operational_readiness_regressions.py::test_automation_liveness_refuses_healthy_but_not_operational
tests/sentinel/test_operational_readiness_regressions.py::test_automation_liveness_preserves_intentional_disabled_semantics
tests/sentinel/test_operational_readiness_regressions.py::test_outage_current_frontier_does_not_skip_incoherence_repair
tests/sentinel/test_operational_readiness_regressions.py::test_outage_current_coherent_frontier_remains_read_only
tests/sentinel/test_operational_readiness_regressions.py::test_backup_archive_mode_misconfiguration_is_not_retryable
tests/sentinel/test_operational_readiness_regressions.py::test_backup_target_outage_remains_retryable
tests/sentinel/test_operational_readiness_regressions.py::test_shadow_worker_only_calls_transient_backup_failure_availability
tests/sentinel/test_operational_readiness_regressions.py::test_automation_latches_backup_configuration_refusal
tests/sentinel/test_operational_readiness_regressions.py::test_segment_panel_says_marker_is_not_sufficient
tests/sentinel/test_operational_snapshot.py::test_source_final_axis_uses_calendar_and_eastern_cutoff[2026-09-14T23:44:59-04:00-2026-09-11]
tests/sentinel/test_operational_snapshot.py::test_source_final_axis_uses_calendar_and_eastern_cutoff[2026-09-14T23:45:00-04:00-2026-09-14]
tests/sentinel/test_operational_snapshot.py::test_source_final_axis_uses_calendar_and_eastern_cutoff[2026-09-15T08:00:00-04:00-2026-09-14]
tests/sentinel/test_operational_snapshot.py::test_source_final_axis_uses_calendar_and_eastern_cutoff[2026-09-13T12:00:00-04:00-2026-09-11]
tests/sentinel/test_operational_snapshot.py::test_source_final_axis_uses_calendar_and_eastern_cutoff[2026-09-07T12:00:00-04:00-2026-09-04]
tests/sentinel/test_operational_snapshot.py::test_source_final_axis_uses_calendar_and_eastern_cutoff[2026-11-27T14:00:00-05:00-2026-11-25]
tests/sentinel/test_operational_snapshot.py::test_source_final_axis_uses_calendar_and_eastern_cutoff[2026-11-27T23:45:00-05:00-2026-11-27]
tests/sentinel/test_operational_snapshot.py::test_cold_publication_uses_real_version_and_receipt_without_legacy_corpus
tests/sentinel/test_operational_snapshot.py::test_legacy_readers_cannot_mislabel_legacy_rows_with_snapshot_version
tests/sentinel/test_operational_snapshot.py::test_cannot_supply_snapshot_marker_to_legacy_publisher
tests/sentinel/test_operational_snapshot.py::test_explicit_refresh_advances_data_not_strategy_history_authority
tests/sentinel/test_operational_snapshot.py::test_publication_cas_rejects_concurrent_job
tests/sentinel/test_operational_snapshot.py::test_job_cannot_cross_comparison_boundary
tests/sentinel/test_operational_snapshot.py::test_target_that_aged_during_validation_cannot_publish
tests/sentinel/test_operational_snapshot.py::test_missing_operational_validation_cannot_publish
tests/sentinel/test_operational_snapshot.py::test_receipt_work_cannot_outlive_publication_lease
tests/sentinel/test_operational_snapshot.py::test_lost_commit_acknowledgement_returns_original_publication
tests/sentinel/test_operational_snapshot.py::test_failure_at_each_publication_write_rolls_back_every_visible_fact[receipt]
tests/sentinel/test_operational_snapshot.py::test_failure_at_each_publication_write_rolls_back_every_visible_fact[binding]
tests/sentinel/test_operational_snapshot.py::test_failure_at_each_publication_write_rolls_back_every_visible_fact[job]
tests/sentinel/test_operational_snapshot.py::test_deferred_constraint_prevents_unbound_published_job
tests/sentinel/test_operational_snapshot.py::test_operational_evidence_cannot_be_erased[sentinel_operational_snapshot_jobs]
tests/sentinel/test_operational_snapshot.py::test_operational_evidence_cannot_be_erased[sentinel_operational_snapshot_validations]
tests/sentinel/test_operational_snapshot.py::test_operational_evidence_cannot_be_erased[sentinel_operational_snapshots]
tests/sentinel/test_operational_snapshot.py::test_snapshot_pin_excludes_writer
tests/sentinel/test_operational_snapshot.py::test_bad_operational_reference_never_replaces_active_snapshot
tests/sentinel/test_operational_snapshot.py::test_expired_first_attempt_gets_one_fresh_successor
tests/sentinel/test_operational_surface.py::test_public_readme_describes_only_the_current_architecture
tests/sentinel/test_operational_surface.py::test_env_example_has_no_live_trading_or_retired_service_controls
tests/sentinel/test_operational_surface.py::test_retired_operational_scripts_are_fail_closed_tombstones
tests/sentinel/test_operational_surface.py::test_make_image_never_emits_an_unknown_or_dirty_source_tag
tests/sentinel/test_operational_surface.py::test_every_published_operational_port_is_loopback_only
tests/sentinel/test_operational_surface.py::test_all_active_python_images_require_artifact_hashes
tests/sentinel/test_operational_surface.py::test_shell_entrypoints_are_forced_to_lf_in_every_checkout
tests/sentinel/test_operational_surface.py::test_pull_requests_run_the_complete_sentinel_safety_suite
tests/sentinel/test_operational_surface.py::test_whitespace_check_uses_complete_pr_delta_and_refuses_missing_base[merge_main]
tests/sentinel/test_operational_surface.py::test_whitespace_check_uses_complete_pr_delta_and_refuses_missing_base[earlier_pr_whitespace]
tests/sentinel/test_operational_surface.py::test_whitespace_check_uses_complete_pr_delta_and_refuses_missing_base[clean_push]
tests/sentinel/test_operational_surface.py::test_whitespace_check_uses_complete_pr_delta_and_refuses_missing_base[dirty_push]
tests/sentinel/test_operational_surface.py::test_whitespace_check_uses_complete_pr_delta_and_refuses_missing_base[missing_base]
tests/sentinel/test_operational_surface.py::test_pull_request_safety_is_read_only_and_publication_is_main_only
tests/sentinel/test_operational_surface.py::test_pull_request_ci_proves_it_is_testing_the_synthetic_merge
tests/sentinel/test_operational_surface.py::test_main_push_runs_exact_sha_safety_and_branch_coverage
tests/sentinel/test_operational_surface.py::test_publication_persists_verifiable_provenance_before_runtime_tag
tests/sentinel/test_operational_surface.py::test_required_workflow_activation_is_exact_and_fail_closed
tests/sentinel/test_operational_surface.py::test_ci_compiles_python_and_syntax_checks_every_tracked_shell_script
tests/sentinel/test_operational_surface.py::test_ci_pytest_logs_are_pipefail_safe_and_distinguish_skip_from_xfail
tests/sentinel/test_operational_surface.py::test_ci_log_contract_rejects_missing_evidence_or_failure_controls[set -euo pipefail]
tests/sentinel/test_operational_surface.py::test_ci_log_contract_rejects_missing_evidence_or_failure_controls[-ra]
tests/sentinel/test_operational_surface.py::test_ci_log_contract_rejects_missing_evidence_or_failure_controls[-vv]
tests/sentinel/test_operational_surface.py::test_ci_log_contract_rejects_missing_evidence_or_failure_controls[--capture=tee-sys]
tests/sentinel/test_operational_surface.py::test_ci_log_contract_rejects_missing_evidence_or_failure_controls[--junitxml=/evidence/scripts.xml]
tests/sentinel/test_operational_surface.py::test_ci_log_contract_rejects_missing_evidence_or_failure_controls[--junitxml=/evidence/wealth-core.xml]
tests/sentinel/test_operational_surface.py::test_ci_log_contract_rejects_missing_evidence_or_failure_controls[2>&1]
tests/sentinel/test_operational_surface.py::test_ci_log_contract_rejects_missing_evidence_or_failure_controls[| tee /tmp/sentinel-lane-evidence/summary.txt]
tests/sentinel/test_operational_surface.py::test_ci_log_contract_rejects_missing_evidence_or_failure_controls[| tee -a /tmp/sentinel-lane-evidence/summary.txt]
tests/sentinel/test_operational_surface.py::test_expected_golden_drift_is_exact_strict_xfail_not_a_suite_mask
tests/sentinel/test_operational_surface.py::test_make_certify_is_a_fail_closed_external_boundary
tests/sentinel/test_operational_surface.py::test_make_host_test_runner_installs_async_pytest_support
tests/sentinel/test_operational_surface.py::test_test_runner_refuses_pytest_nothing_collected
tests/sentinel/test_operational_surface.py::test_test_runner_refuses_when_global_discovery_finds_no_suites
tests/sentinel/test_operational_surface.py::test_test_runner_skips_helper_only_directory_but_refuses_real_empty_suite
tests/sentinel/test_operator_monitoring.py::test_shadow_source_wait_is_amber_then_distinct_red_at_following_open
tests/sentinel/test_operator_monitoring.py::test_shadow_semantic_retries_coalesce_per_decision_session
tests/sentinel/test_operator_monitoring.py::test_central_recoverability_policy_has_only_one_way_to_earn_amber
tests/sentinel/test_operator_monitoring.py::test_feed_ready_while_behind_is_never_green
tests/sentinel/test_operator_monitoring.py::test_transient_broker_and_account_reads_are_amber_only_with_bounds
tests/sentinel/test_operator_monitoring.py::test_alpaca_account_exposes_identity_flags_and_cash_only_contract
tests/sentinel/test_operator_monitoring.py::test_backup_lag_is_amber_only_while_restore_authority_remains_valid
tests/sentinel/test_operator_monitoring.py::test_monthly_restore_proof_survives_newer_daily_base_generations
tests/sentinel/test_operator_monitoring.py::test_runtime_identity_needs_observed_reviewed_and_current_proof
tests/sentinel/test_operator_monitoring.py::test_completed_runtime_evidence_lives_until_next_session_obligation
tests/sentinel/test_operator_monitoring.py::test_degraded_dispatcher_is_amber_only_with_durable_delivery_retry
tests/sentinel/test_operator_monitoring.py::test_dashboard_expands_every_durable_automation_step
tests/sentinel/test_operator_monitoring.py::test_automation_steps_escalate_retry_and_require_clean_completion
tests/sentinel/test_operator_monitoring.py::test_headline_uses_the_same_recoverability_verdict[row0-OPERATIONAL GREEN \u2014 HEALTHY AND CURRENT]
tests/sentinel/test_operator_monitoring.py::test_headline_uses_the_same_recoverability_verdict[row1-OPERATIONAL AMBER \u2014 NO ACTION REQUIRED YET]
tests/sentinel/test_operator_monitoring.py::test_headline_uses_the_same_recoverability_verdict[row2-OPERATIONAL RED \u2014 OPERATOR ACTION REQUIRED]
tests/sentinel/test_operator_monitoring.py::test_withdrawn_shadow_verification_turns_operational_headline_red
tests/sentinel/test_operator_monitoring.py::test_operational_health_uses_exact_panel_status
tests/sentinel/test_operator_monitoring.py::test_home_screen_heartbeat_and_service_worker_fail_closed
tests/sentinel/test_operator_monitoring.py::test_notification_permission_is_requested_only_inside_button_gesture
tests/sentinel/test_operator_monitoring.py::test_success_paths_have_no_routine_or_recovery_to_green_alert
tests/sentinel/test_operator_monitoring.py::test_retry_incident_is_coalesced_and_red_escalation_is_distinct
tests/sentinel/test_operator_monitoring.py::test_fact_recovery_uses_durable_retry_phase_not_error_words
tests/sentinel/test_operator_monitoring.py::test_backup_recovery_requires_durable_typed_failure_domain
tests/sentinel/test_operator_monitoring.py::test_health_alarm_reuses_terminal_cycle_alert_identity
tests/sentinel/test_operator_monitoring.py::test_red_scheduler_alarm_does_not_collapse_into_amber_retry
tests/sentinel/test_operator_monitoring.py::test_secondary_webhook_cannot_probe_or_clear_primary_web_push_health
tests/sentinel/test_operator_monitoring.py::test_contiguous_database_outage_retries_one_external_incident
tests/sentinel/test_operator_monitoring.py::test_web_push_rejects_noncanonical_base64url[ab+c]
tests/sentinel/test_operator_monitoring.py::test_web_push_rejects_noncanonical_base64url[ab/c]
tests/sentinel/test_operator_monitoring.py::test_web_push_rejects_noncanonical_base64url[ab c]
tests/sentinel/test_operator_monitoring.py::test_web_push_rejects_noncanonical_base64url[ab=c]
tests/sentinel/test_operator_monitoring.py::test_web_push_rejects_noncanonical_base64url[AB]
tests/sentinel/test_operator_monitoring.py::test_web_push_rejects_noncanonical_base64url[]
tests/sentinel/test_operator_monitoring.py::test_rfc8291_payload_round_trip_uses_browser_keys
tests/sentinel/test_operator_monitoring.py::test_unchanged_backup_reobservation_appends_new_freshness_evidence
tests/sentinel/test_operator_monitoring.py::test_push_enrollment_is_same_origin_narrow_and_durable
tests/sentinel/test_operator_monitoring.py::test_browser_subscription_replacement_is_atomic_and_silent
tests/sentinel/test_operator_monitoring.py::test_service_worker_handles_subscription_rotation_without_test_push
tests/sentinel/test_operator_monitoring.py::test_informational_green_outbox_rows_are_consumed_without_push
tests/sentinel/test_operator_monitoring.py::test_web_push_partial_fanout_retries_only_the_failed_device
tests/sentinel/test_operator_monitoring.py::test_device_added_after_alert_never_receives_that_historical_alert
tests/sentinel/test_operator_monitoring.py::test_first_fanout_excludes_a_late_device_when_an_older_device_exists
tests/sentinel/test_operator_monitoring.py::test_terminal_push_response_retires_only_that_subscription
tests/sentinel/test_operator_monitoring.py::test_fill_commit_crash_reconstructs_one_alert_per_partial_fill
tests/sentinel/test_operator_monitoring.py::test_unbound_fill_emits_red_integrity_alert_not_a_fabricated_trade
tests/sentinel/test_operator_monitoring.py::test_contradictory_fill_command_identity_emits_red_integrity_alert
tests/sentinel/test_operator_monitoring.py::test_fill_notification_payload_uses_durable_economics
tests/sentinel/test_outage_regenesis_integration.py::test_real_segment_rollover_cannot_adopt_nonflat_predecessor_book
tests/sentinel/test_outage_regenesis_integration.py::test_docker_health_is_non_green_during_multi_session_gap
tests/sentinel/test_ownership.py::TestOwnershipIsIrreversible::test_an_owned_book_is_NEVER_liquidated[UNINITIALIZED]
tests/sentinel/test_ownership.py::TestOwnershipIsIrreversible::test_an_owned_book_is_NEVER_liquidated[ACCOUNT_INSPECTED]
tests/sentinel/test_ownership.py::TestOwnershipIsIrreversible::test_an_owned_book_is_NEVER_liquidated[LEGACY_CLEANUP_REQUIRED]
tests/sentinel/test_ownership.py::TestOwnershipIsIrreversible::test_an_owned_book_is_NEVER_liquidated[LEGACY_ORDERS_CANCELLED]
tests/sentinel/test_ownership.py::TestOwnershipIsIrreversible::test_an_owned_book_is_NEVER_liquidated[LIQUIDATION_SUBMITTED]
tests/sentinel/test_ownership.py::TestOwnershipIsIrreversible::test_an_owned_book_is_NEVER_liquidated[LIQUIDATION_PENDING]
tests/sentinel/test_ownership.py::TestOwnershipIsIrreversible::test_an_owned_book_is_NEVER_liquidated[FLAT_CONFIRMED]
tests/sentinel/test_ownership.py::TestOwnershipIsIrreversible::test_an_owned_book_is_NEVER_liquidated[SENTINEL_OWNERSHIP_ESTABLISHED]
tests/sentinel/test_ownership.py::TestOwnershipIsIrreversible::test_an_owned_book_is_NEVER_liquidated[WEALTH_CORE_BOOTSTRAP_ALLOWED]
tests/sentinel/test_ownership.py::TestOwnershipIsIrreversible::test_the_same_book_IS_liquidated_when_ownership_is_not_established
tests/sentinel/test_ownership.py::TestOwnershipIsIrreversible::test_ownership_established_has_NO_default
tests/sentinel/test_ownership.py::TestOwnershipIsIrreversible::test_ownership_survives_later_events_in_the_log
tests/sentinel/test_ownership.py::TestOwnershipIsIrreversible::test_a_naturally_flat_wealth_core_book_is_not_a_migration
tests/sentinel/test_ownership.py::TestLegacyCleanupSequencing::test_orders_are_cancelled_BEFORE_positions_are_sold
tests/sentinel/test_ownership.py::TestLegacyCleanupSequencing::test_our_OWN_sells_are_not_cancelled_once_past_the_cleanup_phase
tests/sentinel/test_ownership.py::TestLegacyCleanupSequencing::test_an_already_flat_account_needs_no_liquidation
tests/sentinel/test_ownership.py::TestLegacyCleanupSequencing::test_a_working_order_means_NOT_flat_even_with_no_positions
tests/sentinel/test_ownership.py::TestLegacyCleanupSequencing::test_zero_quantity_is_not_a_position
tests/sentinel/test_ownership.py::TestIdempotencyUnderRestart::test_a_ticker_with_a_working_sell_is_NOT_closed_again
tests/sentinel/test_ownership.py::TestIdempotencyUnderRestart::test_submit_then_timeout_resolves_by_ASKING_the_broker
tests/sentinel/test_ownership.py::TestIdempotencyUnderRestart::test_a_partial_fill_keeps_liquidating_rather_than_declaring_victory
tests/sentinel/test_ownership.py::TestIdempotencyUnderRestart::test_positions_gone_but_orders_still_working_is_PENDING_not_flat
tests/sentinel/test_ownership.py::TestTheStore::test_the_ownership_record_survives_a_restart
tests/sentinel/test_ownership.py::TestTheStore::test_a_torn_FINAL_line_is_survivable
tests/sentinel/test_ownership.py::TestTheStore::test_corruption_EARLIER_in_the_log_REFUSES_rather_than_skips
tests/sentinel/test_ownership.py::TestTheStore::test_an_empty_log_reads_as_UNINITIALIZED
tests/sentinel/test_ownership.py::TestTheStore::test_events_round_trip
tests/sentinel/test_p0_recovery_and_staleness.py::TestP0SendPendingRecovery::test_SEND_PENDING_is_in_the_INDETERMINATE_set
tests/sentinel/test_p0_recovery_and_staleness.py::TestP0SendPendingRecovery::test_a_landed_order_is_ADOPTED_not_left_pending_forever
tests/sentinel/test_p0_recovery_and_staleness.py::TestP0SendPendingRecovery::test_absent_order_without_request_finality_remains_unknown
tests/sentinel/test_p0_recovery_and_staleness.py::TestP0SendPendingRecovery::test_reconciliation_resolves_it_too_not_only_the_boot_path
tests/sentinel/test_p0_recovery_and_staleness.py::TestP0SendPendingRecovery::test_the_history_says_HOW_it_was_resolved
tests/sentinel/test_p0_recovery_and_staleness.py::TestP0SendPendingRecovery::test_it_BLOCKS_an_overlapping_command_until_resolved
tests/sentinel/test_p0_recovery_and_staleness.py::TestP0SendPendingRecovery::test_a_TRUNCATED_read_may_not_declare_it_never_landed
tests/sentinel/test_p0_recovery_and_staleness.py::TestP0LatestPlanOnly::test_MONDAY_ZERO_CANNOT_LIQUIDATE_ON_WEDNESDAY
tests/sentinel/test_p0_recovery_and_staleness.py::TestP0LatestPlanOnly::test_the_CURRENT_plan_still_executes_normally
tests/sentinel/test_p0_recovery_and_staleness.py::TestP0LatestPlanOnly::test_adopting_a_plan_supersedes_every_other
tests/sentinel/test_p0_recovery_and_staleness.py::TestP0LatestPlanOnly::test_an_UNPERSISTED_plan_is_refused
tests/sentinel/test_p0_recovery_and_staleness.py::TestP0LatestPlanOnly::test_a_plan_that_DIFFERS_from_its_stored_record_is_refused
tests/sentinel/test_p0_recovery_and_staleness.py::TestP0LatestPlanOnly::test_re_adopting_the_current_plan_is_idempotent
tests/sentinel/test_p0_recovery_and_staleness.py::TestP0LatestPlanOnly::test_the_refusal_happens_before_the_broker_is_touched
tests/sentinel/test_panel.py::TestStalenessCannotHide::test_a_fresh_row_is_not_stale
tests/sentinel/test_panel.py::TestStalenessCannotHide::test_a_row_past_its_budget_is_STALE_and_downgraded
tests/sentinel/test_panel.py::TestStalenessCannotHide::test_staleness_never_IMPROVES_a_status
tests/sentinel/test_panel.py::TestStalenessCannotHide::test_a_timeless_row_never_goes_stale
tests/sentinel/test_panel.py::TestStalenessCannotHide::test_the_rendered_page_SAYS_stale
tests/sentinel/test_panel.py::TestStalenessCannotHide::test_a_materially_future_fact_is_never_green
tests/sentinel/test_panel.py::TestUnknownIsNeverZero::test_an_unreadable_feed_does_not_render_as_empty
tests/sentinel/test_panel.py::TestUnknownIsNeverZero::test_a_TIMED_OUT_contract_check_is_not_a_FAILED_one
tests/sentinel/test_panel.py::TestUnknownIsNeverZero::test_an_EMPTY_feed_is_distinct_from_an_UNREADABLE_one
tests/sentinel/test_panel.py::TestUnknownIsNeverZero::test_a_source_failure_makes_the_WHOLE_panel_fail
tests/sentinel/test_panel.py::TestUnknownIsNeverZero::test_the_panel_still_RENDERS_when_every_source_is_down
tests/sentinel/test_panel.py::TestPendingIsNotFailure::test_pending_rows_do_not_drive_the_headline
tests/sentinel/test_panel.py::TestPendingIsNotFailure::test_the_unbuilt_rows_are_PENDING_not_FAIL
tests/sentinel/test_panel.py::TestPendingIsNotFailure::test_the_book_row_NAMES_what_it_is_waiting_for
tests/sentinel/test_panel.py::TestTheRowsThatMatter::test_an_UNINITIALIZED_store_reads_NOT_ESTABLISHED
tests/sentinel/test_panel.py::TestTheRowsThatMatter::test_a_PART_WAY_handover_is_called_out
tests/sentinel/test_panel.py::TestTheRowsThatMatter::test_established_ownership_does_not_claim_current_flatness
tests/sentinel/test_panel.py::TestTheRowsThatMatter::test_a_CORRUPT_log_is_UNKNOWN_not_reassuring
tests/sentinel/test_panel.py::TestTheRowsThatMatter::test_a_pinned_exposure_SAYS_pinned
tests/sentinel/test_panel.py::TestTheRowsThatMatter::test_unknown_runtime_values_never_fall_back_to_placeholders
tests/sentinel/test_panel.py::TestTheRowsThatMatter::test_automation_names_the_absence_of_durable_control
tests/sentinel/test_panel.py::TestTheRowsThatMatter::test_execution_authority_names_the_missing_schema
tests/sentinel/test_panel.py::TestTheRowsThatMatter::test_the_panel_always_includes_the_fail_closed_authority_row
tests/sentinel/test_panel.py::TestTheRowsThatMatter::test_disabled_is_maintenance_but_enabled_kill_is_red
tests/sentinel/test_panel.py::TestTheRowsThatMatter::test_non_success_terminal_cycle_is_immediately_red[MISSED_STATE_ONLY]
tests/sentinel/test_panel.py::TestTheRowsThatMatter::test_non_success_terminal_cycle_is_immediately_red[SUPERSEDED]
tests/sentinel/test_panel.py::TestTheRowsThatMatter::test_any_cycle_failure_code_overrides_success_coloring
tests/sentinel/test_panel.py::TestTheRowsThatMatter::test_retry_wait_with_retry_reason_remains_amber
tests/sentinel/test_panel.py::TestTheRowsThatMatter::test_only_succeeded_cycle_is_green[DISCOVERED]
tests/sentinel/test_panel.py::TestTheRowsThatMatter::test_only_succeeded_cycle_is_green[PREPARING]
tests/sentinel/test_panel.py::TestTheRowsThatMatter::test_only_succeeded_cycle_is_green[WAITING_OPEN]
tests/sentinel/test_panel.py::TestTheRowsThatMatter::test_only_succeeded_cycle_is_green[EXECUTING]
tests/sentinel/test_panel.py::TestTheRowsThatMatter::test_disabled_installed_automation_participates_in_operational_headline
tests/sentinel/test_panel.py::TestTheRowsThatMatter::test_missed_cycle_invalidates_prior_trial_before_execution_close
tests/sentinel/test_panel.py::TestTheRowsThatMatter::test_disabled_automation_invalidates_prior_trial
tests/sentinel/test_panel.py::TestTheRowsThatMatter::test_retry_wait_does_not_erase_prior_verified_before_deadline
tests/sentinel/test_panel.py::TestTheRowsThatMatter::test_trial_source_removes_verified_before_failed_cycle_close[False]
tests/sentinel/test_panel.py::TestTheRowsThatMatter::test_trial_source_removes_verified_before_failed_cycle_close[True]
tests/sentinel/test_panel.py::TestTheRowsThatMatter::test_alert_dispatcher_requires_fresh_loop_without_test_pushes
tests/sentinel/test_panel.py::TestTheRowsThatMatter::test_lifecycle_active_never_manufactures_a_runtime_verdict
tests/sentinel/test_panel.py::TestTheRowsThatMatter::test_lifecycle_failure_overrides_a_cached_runtime_pass[REVOKED-aaaaaaaaaaaaaaaaaaaaaaaaaaaaaaaaaaaaaaaaaaaaaaaaaaaaaaaaaaaaaaaa-False]
tests/sentinel/test_panel.py::TestTheRowsThatMatter::test_lifecycle_failure_overrides_a_cached_runtime_pass[ACTIVE-aaaaaaaaaaaaaaaaaaaaaaaaaaaaaaaaaaaaaaaaaaaaaaaaaaaaaaaaaaaaaaaa-False]
tests/sentinel/test_panel.py::TestTheRowsThatMatter::test_lifecycle_failure_overrides_a_cached_runtime_pass[None-None-False]
tests/sentinel/test_panel.py::TestTheRowsThatMatter::test_a_stalled_ingest_has_a_TIGHT_freshness_budget
tests/sentinel/test_panel.py::TestTheRowsThatMatter::test_a_failed_ingest_shows_its_ERROR
tests/sentinel/test_panel.py::TestTheRowsThatMatter::test_blocking_terminals_OUTRANK_a_clean_looking_book
tests/sentinel/test_panel.py::TestTheRowsThatMatter::test_settled_terminals_report_the_MIX
tests/sentinel/test_panel.py::TestTheRowsThatMatter::test_an_unresolved_terminal_makes_the_BOOK_row_fail
tests/sentinel/test_panel.py::TestItCannotHang::test_the_dsn_carries_a_CONNECT_timeout
tests/sentinel/test_panel.py::TestItCannotHang::test_an_existing_connect_timeout_is_not_doubled
tests/sentinel/test_panel.py::TestItCannotHang::test_it_appends_correctly_to_a_dsn_that_ALREADY_has_params
tests/sentinel/test_panel.py::TestItCannotHang::test_the_readiness_budget_is_TIGHTER_than_the_statement_budget
tests/sentinel/test_panel.py::TestItCannotHang::test_a_SLOW_query_does_not_cost_the_page_its_other_rows
tests/sentinel/test_panel.py::TestItCannotHang::test_a_frontier_timeout_DURING_AN_INGEST_reads_as_BUILDING
tests/sentinel/test_panel.py::TestItCannotHang::test_a_timed_out_FRONTIER_is_not_a_source_failure
tests/sentinel/test_panel.py::TestItCannotHang::test_a_DEAD_port_does_not_hang_the_page
tests/sentinel/test_panel.py::TestRuntimeRowsAreDurableFacts::test_current_plan_book_and_observation_replace_the_old_placeholders
tests/sentinel/test_panel.py::TestRuntimeRowsAreDurableFacts::test_plan_state_mismatch_is_unknown_not_a_computed_exposure
tests/sentinel/test_panel.py::TestRuntimeRowsAreDurableFacts::test_pinned_rollout_reports_one_even_when_controller_decides_point55
tests/sentinel/test_panel.py::TestRuntimeRowsAreDurableFacts::test_partial_schema_is_feature_detected_and_never_queried
tests/sentinel/test_panel.py::TestRuntimeRowsAreDurableFacts::test_malformed_canonical_json_does_not_hide_broker_evidence
tests/sentinel/test_panel.py::TestRuntimeRowsAreDurableFacts::test_incomplete_or_indeterminate_broker_evidence_never_reads_clean
tests/sentinel/test_panel.py::TestAutomationRowsAreDurableFacts::test_projects_policy_lease_cycle_alerts_and_persisted_verdict
tests/sentinel/test_panel.py::TestAutomationRowsAreDurableFacts::test_absent_optional_runtime_verdict_stays_unknown
tests/sentinel/test_panel.py::TestAutomationRowsAreDurableFacts::test_source_projection_never_renders_revoked_cached_pass_green
tests/sentinel/test_panel.py::TestAutomationRowsAreDurableFacts::test_completely_absent_schema_is_not_installed_not_unreadable
tests/sentinel/test_panel.py::TestAutomationRowsAreDurableFacts::test_partial_schema_is_unknown_and_never_queried
tests/sentinel/test_panel.py::TestAutomationRowsAreDurableFacts::test_automation_panel_queries_are_structurally_select_only
tests/sentinel/test_panel.py::TestItCannotAct::test_there_are_NO_write_routes
tests/sentinel/test_panel.py::TestItCannotAct::test_the_page_has_no_form_or_button
tests/sentinel/test_panel.py::TestItCannotAct::test_performance_is_never_shown_without_an_explicit_verdict
tests/sentinel/test_panel.py::TestItCannotAct::test_ios_resume_and_clock_guards_can_only_invalidate
tests/sentinel/test_panel.py::TestItCannotAct::test_the_sources_module_never_imports_a_BROKER
tests/sentinel/test_panel.py::TestItCannotAct::test_health_refuses_when_database_configuration_is_missing
tests/sentinel/test_panel.py::TestItCannotAct::test_health_proves_the_required_database_schema
tests/sentinel/test_panel.py::TestItCannotAct::test_health_refuses_an_old_or_partial_schema_and_closes
tests/sentinel/test_panel.py::TestItCannotAct::test_health_reloads_database_configuration_each_request
tests/sentinel/test_panel.py::TestReviewedDualAuthority::test_a_paper_mismatch_turns_the_header_red_without_erasing_shadow_go
tests/sentinel/test_panel.py::TestReviewedDualAuthority::test_ordinary_paper_pending_is_amber_and_never_strategy_performance
tests/sentinel/test_panel.py::TestReviewedDualAuthority::test_paper_not_started_is_operationally_amber
tests/sentinel/test_panel.py::TestReviewedDualAuthority::test_dual_source_uses_current_shadow_and_clean_mirror
tests/sentinel/test_panel.py::TestReviewedDualAuthority::test_historical_clean_mirror_cannot_green_an_active_cycle[PLAN_READY]
tests/sentinel/test_panel.py::TestReviewedDualAuthority::test_historical_clean_mirror_cannot_green_an_active_cycle[WAITING_OPEN]
tests/sentinel/test_panel.py::TestReviewedDualAuthority::test_current_plan_not_yet_stamped_is_normal_amber_before_transport[PLAN_READY]
tests/sentinel/test_panel.py::TestReviewedDualAuthority::test_current_plan_not_yet_stamped_is_normal_amber_before_transport[WAITING_OPEN]
tests/sentinel/test_panel.py::TestReviewedDualAuthority::test_current_plan_not_yet_stamped_is_normal_amber_before_transport[EXECUTING]
tests/sentinel/test_panel.py::TestReviewedDualAuthority::test_current_plan_not_yet_stamped_is_normal_amber_before_transport[RETRY_WAIT]
tests/sentinel/test_panel.py::TestReviewedDualAuthority::test_retry_wait_before_plan_creation_is_amber
tests/sentinel/test_panel.py::TestReviewedDualAuthority::test_latched_old_mismatch_outranks_new_cycle_without_plan
tests/sentinel/test_panel.py::TestReviewedDualAuthority::test_succeeded_current_plan_without_stamp_is_red
tests/sentinel/test_panel.py::TestReviewedDualAuthority::test_superseded_cycle_is_red_even_with_historical_clean_mirror
tests/sentinel/test_panel.py::TestReviewedDualAuthority::test_completed_cycle_without_its_clean_reconciliation_is_red
tests/sentinel/test_panel.py::TestReviewedDualAuthority::test_unreadable_paper_evidence_does_not_erase_verified_shadow
tests/sentinel/test_panel.py::TestReviewedDualAuthority::test_mirror_integrity_refusal_is_red_not_pending
tests/sentinel/test_panel.py::TestReviewedDualAuthority::test_dual_build_never_loads_legacy_trial_or_paper_catchup_rows
tests/sentinel/test_panel.py::TestItRenders::test_the_html_is_wellformed_enough_to_parse
tests/sentinel/test_panel.py::TestItRenders::test_it_escapes_source_text
tests/sentinel/test_panel.py::TestItRenders::test_it_declares_a_MOBILE_viewport
tests/sentinel/test_panel.py::TestItRenders::test_it_defines_BOTH_themes_without_a_media_only_colour
tests/sentinel/test_panel_concurrency.py::test_http_builds_share_one_slot[/-/]
tests/sentinel/test_panel_concurrency.py::test_http_builds_share_one_slot[/-/panel.json]
tests/sentinel/test_panel_concurrency.py::test_http_builds_share_one_slot[/-/operational-health]
tests/sentinel/test_panel_concurrency.py::test_http_builds_share_one_slot[/panel.json-/]
tests/sentinel/test_panel_concurrency.py::test_http_builds_share_one_slot[/panel.json-/panel.json]
tests/sentinel/test_panel_concurrency.py::test_http_builds_share_one_slot[/panel.json-/operational-health]
tests/sentinel/test_panel_concurrency.py::test_http_builds_share_one_slot[/operational-health-/]
tests/sentinel/test_panel_concurrency.py::test_http_builds_share_one_slot[/operational-health-/panel.json]
tests/sentinel/test_panel_concurrency.py::test_http_builds_share_one_slot[/operational-health-/operational-health]
tests/sentinel/test_panel_concurrency.py::test_failed_build_releases_admission[/]
tests/sentinel/test_panel_concurrency.py::test_failed_build_releases_admission[/panel.json]
tests/sentinel/test_panel_concurrency.py::test_failed_build_releases_admission[/operational-health]
tests/sentinel/test_panel_concurrency.py::test_deployed_panel_cannot_multiply_workers
tests/sentinel/test_paper_activation.py::TestPaperAccountInspection::test_complete_unbound_inherited_book_is_visible_without_mutation
tests/sentinel/test_paper_activation.py::TestPaperAccountInspection::test_clean_database_without_binding_table_is_read_only_unbound
tests/sentinel/test_paper_activation.py::TestPaperAccountInspection::test_well_formed_unsafe_facts_remain_visible_but_not_approval_ready[inactive]
tests/sentinel/test_paper_activation.py::TestPaperAccountInspection::test_well_formed_unsafe_facts_remain_visible_but_not_approval_ready[blocked]
tests/sentinel/test_paper_activation.py::TestPaperAccountInspection::test_well_formed_unsafe_facts_remain_visible_but_not_approval_ready[margin-multiplier]
tests/sentinel/test_paper_activation.py::TestPaperAccountInspection::test_well_formed_unsafe_facts_remain_visible_but_not_approval_ready[unsettled]
tests/sentinel/test_paper_activation.py::TestPaperAccountInspection::test_well_formed_unsafe_facts_remain_visible_but_not_approval_ready[margin-buying-power]
tests/sentinel/test_paper_activation.py::TestPaperAccountInspection::test_existing_matching_binding_is_reported_but_not_migration_ready
tests/sentinel/test_paper_activation.py::TestPaperAccountInspection::test_account_confirmation_mismatch_refuses_before_observation
tests/sentinel/test_paper_activation.py::TestPaperAccountInspection::test_existing_binding_mismatch_refuses
tests/sentinel/test_paper_activation.py::TestPaperAccountInspection::test_live_endpoint_refuses_before_any_broker_read
tests/sentinel/test_paper_activation.py::TestPaperAccountInspection::test_incomplete_observation_refuses_without_mutation
tests/sentinel/test_paper_activation.py::TestPaperAccountInspection::test_malformed_account_evidence_refuses[missing-status]
tests/sentinel/test_paper_activation.py::TestPaperAccountInspection::test_malformed_account_evidence_refuses[malformed-block-flag]
tests/sentinel/test_paper_activation.py::TestPaperAccountInspection::test_malformed_account_evidence_refuses[missing-buying-power]
tests/sentinel/test_paper_activation.py::test_fresh_boot_warms_exactly_252_feature_sessions_without_path_history
tests/sentinel/test_paper_activation.py::test_current_only_paper_observation_starts_witness_prospectively
tests/sentinel/test_paper_activation.py::test_prospective_witness_provenance_survives_restart_and_blocks_mode_rotation
tests/sentinel/test_paper_activation.py::test_v4_witness_origin_encoding_preserves_legacy_hash_and_binds_prospective
tests/sentinel/test_paper_activation.py::test_current_only_metadata_never_weakens_historical_authority
tests/sentinel/test_paper_activation.py::test_supported_current_only_seed_produces_the_first_plan_without_backdating
tests/sentinel/test_paper_activation.py::test_real_fresh_boot_pipeline_is_restart_equivalent_and_adopts_one_plan
tests/sentinel/test_paper_activation.py::test_historical_only_revision_preserves_state_targets_and_execution_plan
tests/sentinel/test_paper_activation.py::test_prepare_resumes_v3_across_missed_sessions_and_restart_is_equivalent
tests/sentinel/test_paper_activation.py::test_unbound_preparation_refuses_before_any_broker_read
tests/sentinel/test_paper_activation.py::test_missing_canonical_state_never_bootstraps_over_a_surviving_book
tests/sentinel/test_paper_activation.py::test_preparation_is_read_only_at_the_broker
tests/sentinel/test_paper_activation.py::test_preparation_snapshots_cash_after_reconciling_a_boundary_fill
tests/sentinel/test_paper_activation.py::test_preparation_refuses_an_early_current_session_frontier_with_real_calendar
tests/sentinel/test_paper_activation.py::test_preparation_recognizes_the_real_half_day_close_at_1300
tests/sentinel/test_paper_activation.py::test_same_session_prepare_allows_market_nav_move_without_replacing_plan[lower]
tests/sentinel/test_paper_activation.py::test_same_session_prepare_allows_market_nav_move_without_replacing_plan[higher]
tests/sentinel/test_paper_activation.py::test_same_session_prepare_refuses_unexplained_cash_without_replacing_plan[lower]
tests/sentinel/test_paper_activation.py::test_same_session_prepare_refuses_unexplained_cash_without_replacing_plan[higher]
tests/sentinel/test_paper_activation.py::test_restart_cash_authority_uses_durable_average_fill_price
tests/sentinel/test_paper_activation.py::test_stable_account_endpoint_lag_is_bounded_then_permanent
tests/sentinel/test_paper_activation.py::test_account_change_inside_settled_book_bracket_is_retryable
tests/sentinel/test_paper_activation.py::test_mark_to_market_ticks_do_not_destabilize_cash_bracket
tests/sentinel/test_paper_activation.py::TestStrictExecutionGate::test_missing_preopen_authority_executes_from_reconciled_projection
tests/sentinel/test_paper_activation.py::TestStrictExecutionGate::test_missing_preopen_authority_records_clean_empty_projection
tests/sentinel/test_paper_activation.py::TestStrictExecutionGate::test_recovered_command_adopted_by_reconcile_revalidates_exact_coverage
tests/sentinel/test_paper_activation.py::TestStrictExecutionGate::test_missing_system_certificate_refuses_before_broker_read
tests/sentinel/test_paper_activation.py::TestStrictExecutionGate::test_rollout_version_change_stales_plan_before_broker_read
tests/sentinel/test_paper_activation.py::TestStrictExecutionGate::test_half_day_after_close_refuses_before_broker_read
tests/sentinel/test_paper_activation.py::TestStrictExecutionGate::test_wrong_session_refuses_before_broker_read
tests/sentinel/test_paper_activation.py::TestStrictExecutionGate::test_account_confirmation_refuses_before_broker_read
tests/sentinel/test_paper_activation.py::TestStrictExecutionGate::test_connected_account_mismatch_refuses_before_submission
tests/sentinel/test_paper_activation.py::TestStrictExecutionGate::test_market_nav_move_does_not_invalidate_fixed_share_plan[lower]
tests/sentinel/test_paper_activation.py::TestStrictExecutionGate::test_market_nav_move_does_not_invalidate_fixed_share_plan[higher]
tests/sentinel/test_paper_activation.py::TestStrictExecutionGate::test_unknown_submit_is_reconciled_before_market_nav_authority
tests/sentinel/test_paper_activation.py::TestStrictExecutionGate::test_unexplained_cash_mismatch_waits_bounded_after_read_before_mutation[lower]
tests/sentinel/test_paper_activation.py::TestStrictExecutionGate::test_unexplained_cash_mismatch_waits_bounded_after_read_before_mutation[higher]
tests/sentinel/test_paper_activation.py::TestStrictExecutionGate::test_margin_capable_paper_account_refuses_before_observation[margin-multiplier]
tests/sentinel/test_paper_activation.py::TestStrictExecutionGate::test_margin_capable_paper_account_refuses_before_observation[margin-power]
tests/sentinel/test_paper_activation.py::TestStrictExecutionGate::test_margin_capable_paper_account_refuses_before_observation[unsettled-cash]
tests/sentinel/test_paper_activation.py::TestStrictExecutionGate::test_unavailable_paper_account_refuses_before_observation[inactive]
tests/sentinel/test_paper_activation.py::TestStrictExecutionGate::test_unavailable_paper_account_refuses_before_observation[trading-blocked]
tests/sentinel/test_paper_activation.py::TestStrictExecutionGate::test_unavailable_paper_account_refuses_before_observation[account-blocked]
tests/sentinel/test_paper_activation.py::TestStrictExecutionGate::test_unavailable_paper_account_refuses_before_observation[user-suspended]
tests/sentinel/test_paper_activation.py::TestStrictExecutionGate::test_post_decision_split_durably_reprojects_share_units
tests/sentinel/test_paper_activation.py::TestStrictExecutionGate::test_non_scalar_action_fences_without_compensating_paper_book
tests/sentinel/test_paper_activation.py::TestStrictExecutionGate::test_unmapped_split_on_target_symbol_fences
tests/sentinel/test_paper_activation.py::TestStrictExecutionGate::test_pre_decision_split_ages_history_without_staling_current_target
tests/sentinel/test_paper_activation.py::TestStrictExecutionGate::test_increase_revalidates_held_instrument_and_refuses_unavailable_asset[inactive]
tests/sentinel/test_paper_activation.py::TestStrictExecutionGate::test_increase_revalidates_held_instrument_and_refuses_unavailable_asset[nontradable]
tests/sentinel/test_paper_activation.py::TestStrictExecutionGate::test_changed_publication_refuses_before_broker_read
tests/sentinel/test_paper_activation.py::TestStrictExecutionGate::test_changed_state_refuses_before_broker_read
tests/sentinel/test_paper_activation.py::TestStrictExecutionGate::test_changed_plan_economics_with_retained_stamps_and_id_refuse_every_load
tests/sentinel/test_paper_activation.py::TestStrictExecutionGate::test_failed_readiness_refuses_before_broker_read
tests/sentinel/test_paper_activation.py::TestStrictExecutionGate::test_live_url_refuses_before_broker_read
tests/sentinel/test_paper_activation.py::test_explicit_simulated_migration_then_prepare_and_restart_to_target
tests/sentinel/test_paper_allowlist.py::TestTheConfigBoundary::test_the_real_paper_endpoint_is_ACCEPTED[https://paper-api.alpaca.markets]
tests/sentinel/test_paper_allowlist.py::TestTheConfigBoundary::test_the_real_paper_endpoint_is_ACCEPTED[https://paper-api.alpaca.markets/]
tests/sentinel/test_paper_allowlist.py::TestTheConfigBoundary::test_the_real_paper_endpoint_is_ACCEPTED[https://paper-api.alpaca.markets/v2]
tests/sentinel/test_paper_allowlist.py::TestTheConfigBoundary::test_the_real_paper_endpoint_is_ACCEPTED[https://PAPER-API.Alpaca.Markets]
tests/sentinel/test_paper_allowlist.py::TestTheConfigBoundary::test_the_real_paper_endpoint_is_ACCEPTED[https://paper-api.alpaca.markets.]
tests/sentinel/test_paper_allowlist.py::TestTheConfigBoundary::test_the_real_paper_endpoint_is_ACCEPTED[https://paper-api.alpaca.markets:443]
tests/sentinel/test_paper_allowlist.py::TestTheConfigBoundary::test_everything_else_is_REFUSED[https://api.alpaca.markets-the live endpoint]
tests/sentinel/test_paper_allowlist.py::TestTheConfigBoundary::test_everything_else_is_REFUSED[https://api.alpaca.markets/-the live endpoint, trailing slash]
tests/sentinel/test_paper_allowlist.py::TestTheConfigBoundary::test_everything_else_is_REFUSED[https://api.alpaca.markets.-the live endpoint, root dot]
tests/sentinel/test_paper_allowlist.py::TestTheConfigBoundary::test_everything_else_is_REFUSED[https://API.Alpaca.Markets-the live endpoint, mixed case]
tests/sentinel/test_paper_allowlist.py::TestTheConfigBoundary::test_everything_else_is_REFUSED[https://api.alpaca.markets.evil.example-a lookalike SUFFIX domain]
tests/sentinel/test_paper_allowlist.py::TestTheConfigBoundary::test_everything_else_is_REFUSED[https://paper-api.alpaca.markets.evil.example-paper-looking suffix]
tests/sentinel/test_paper_allowlist.py::TestTheConfigBoundary::test_everything_else_is_REFUSED[https://evil.example/paper-api.alpaca.markets-the host is in the PATH]
tests/sentinel/test_paper_allowlist.py::TestTheConfigBoundary::test_everything_else_is_REFUSED[https://paper-api.alpaca.markets@evil.example/-userinfo; host is evil]
tests/sentinel/test_paper_allowlist.py::TestTheConfigBoundary::test_everything_else_is_REFUSED[https://user:pw@paper-api.alpaca.markets/-embedded credentials]
tests/sentinel/test_paper_allowlist.py::TestTheConfigBoundary::test_everything_else_is_REFUSED[http://paper-api.alpaca.markets-cleartext \u2014 the key on the wire]
tests/sentinel/test_paper_allowlist.py::TestTheConfigBoundary::test_everything_else_is_REFUSED[ws://paper-api.alpaca.markets-not https]
tests/sentinel/test_paper_allowlist.py::TestTheConfigBoundary::test_everything_else_is_REFUSED[https://10.0.0.5:8080-a bare IP, i.e. any proxy]
tests/sentinel/test_paper_allowlist.py::TestTheConfigBoundary::test_everything_else_is_REFUSED[https://127.0.0.1-loopback]
tests/sentinel/test_paper_allowlist.py::TestTheConfigBoundary::test_everything_else_is_REFUSED[https://xn--paper-api-alpaca.markets-punycode lookalike]
tests/sentinel/test_paper_allowlist.py::TestTheConfigBoundary::test_everything_else_is_REFUSED[https://paper-api.alpaca.marketsX-one character longer]
tests/sentinel/test_paper_allowlist.py::TestTheConfigBoundary::test_everything_else_is_REFUSED[https://paper-api.alpaca.market-one character shorter]
tests/sentinel/test_paper_allowlist.py::TestTheConfigBoundary::test_everything_else_is_REFUSED[not-a-url-unparseable]
tests/sentinel/test_paper_allowlist.py::TestTheConfigBoundary::test_everything_else_is_REFUSED[-empty]
tests/sentinel/test_paper_allowlist.py::TestTheConfigBoundary::test_everything_else_is_REFUSED[https://-no host at all]
tests/sentinel/test_paper_allowlist.py::TestTheConfigBoundary::test_from_env_refuses_at_construction
tests/sentinel/test_paper_allowlist.py::TestTheConfigBoundary::test_the_default_is_the_paper_endpoint
tests/sentinel/test_paper_allowlist.py::TestTheConfigBoundary::test_there_is_no_OVERRIDE
tests/sentinel/test_paper_allowlist.py::TestTheAdapterBoundary::test_the_adapter_refuses_a_non_paper_url
tests/sentinel/test_paper_allowlist.py::TestTheAdapterBoundary::test_the_adapter_applies_the_SAME_allowlist[https://api.alpaca.markets-the live endpoint]
tests/sentinel/test_paper_allowlist.py::TestTheAdapterBoundary::test_the_adapter_applies_the_SAME_allowlist[https://api.alpaca.markets/-the live endpoint, trailing slash]
tests/sentinel/test_paper_allowlist.py::TestTheAdapterBoundary::test_the_adapter_applies_the_SAME_allowlist[https://api.alpaca.markets.-the live endpoint, root dot]
tests/sentinel/test_paper_allowlist.py::TestTheAdapterBoundary::test_the_adapter_applies_the_SAME_allowlist[https://API.Alpaca.Markets-the live endpoint, mixed case]
tests/sentinel/test_paper_allowlist.py::TestTheAdapterBoundary::test_the_adapter_applies_the_SAME_allowlist[https://api.alpaca.markets.evil.example-a lookalike SUFFIX domain]
tests/sentinel/test_paper_allowlist.py::TestTheAdapterBoundary::test_the_adapter_applies_the_SAME_allowlist[https://paper-api.alpaca.markets.evil.example-paper-looking suffix]
tests/sentinel/test_paper_allowlist.py::TestTheAdapterBoundary::test_the_adapter_applies_the_SAME_allowlist[https://evil.example/paper-api.alpaca.markets-the host is in the PATH]
tests/sentinel/test_paper_allowlist.py::TestTheAdapterBoundary::test_the_adapter_applies_the_SAME_allowlist[https://paper-api.alpaca.markets@evil.example/-userinfo; host is evil]
tests/sentinel/test_paper_allowlist.py::TestTheAdapterBoundary::test_the_adapter_applies_the_SAME_allowlist[https://user:pw@paper-api.alpaca.markets/-embedded credentials]
tests/sentinel/test_paper_allowlist.py::TestTheAdapterBoundary::test_the_adapter_applies_the_SAME_allowlist[http://paper-api.alpaca.markets-cleartext \u2014 the key on the wire]
tests/sentinel/test_paper_allowlist.py::TestTheAdapterBoundary::test_the_adapter_applies_the_SAME_allowlist[ws://paper-api.alpaca.markets-not https]
tests/sentinel/test_paper_allowlist.py::TestTheAdapterBoundary::test_the_adapter_applies_the_SAME_allowlist[https://10.0.0.5:8080-a bare IP, i.e. any proxy]
tests/sentinel/test_paper_allowlist.py::TestTheAdapterBoundary::test_the_adapter_applies_the_SAME_allowlist[https://127.0.0.1-loopback]
tests/sentinel/test_paper_allowlist.py::TestTheAdapterBoundary::test_the_adapter_applies_the_SAME_allowlist[https://xn--paper-api-alpaca.markets-punycode lookalike]
tests/sentinel/test_paper_allowlist.py::TestTheAdapterBoundary::test_the_adapter_applies_the_SAME_allowlist[https://paper-api.alpaca.marketsX-one character longer]
tests/sentinel/test_paper_allowlist.py::TestTheAdapterBoundary::test_the_adapter_applies_the_SAME_allowlist[https://paper-api.alpaca.market-one character shorter]
tests/sentinel/test_paper_allowlist.py::TestTheAdapterBoundary::test_the_adapter_applies_the_SAME_allowlist[not-a-url-unparseable]
tests/sentinel/test_paper_allowlist.py::TestTheAdapterBoundary::test_the_adapter_applies_the_SAME_allowlist[-empty]
tests/sentinel/test_paper_allowlist.py::TestTheAdapterBoundary::test_the_adapter_applies_the_SAME_allowlist[https://-no host at all]
tests/sentinel/test_paper_allowlist.py::TestTheAdapterBoundary::test_the_adapter_still_constructs_for_PAPER
tests/sentinel/test_paper_allowlist.py::TestTheAdapterBoundary::test_both_boundaries_call_ONE_predicate
tests/sentinel/test_paper_allowlist.py::TestTheDenylistIsNoLongerTheGate::test_is_live_endpoint_still_exists_for_the_RECORD
tests/sentinel/test_paper_allowlist.py::TestTheDenylistIsNoLongerTheGate::test_a_host_absent_from_the_denylist_is_still_refused
tests/sentinel/test_paper_cli.py::test_inspect_builds_typed_adapter_and_prints_complete_read_only_book
tests/sentinel/test_paper_cli.py::test_inspect_does_not_ensure_or_write_database_schemas
tests/sentinel/test_paper_cli.py::test_prepare_builds_resolver_after_schemas_and_prints_json
tests/sentinel/test_paper_cli.py::test_current_plan_never_constructs_a_broker
tests/sentinel/test_paper_cli.py::test_current_plan_uses_reviewed_shadow_in_dual_without_catchup
tests/sentinel/test_paper_cli.py::test_schema_migration_refusal_stops_paper_startup_before_broker[prepare]
tests/sentinel/test_paper_cli.py::test_schema_migration_refusal_stops_paper_startup_before_broker[current]
tests/sentinel/test_paper_cli.py::test_schema_migration_refusal_stops_paper_startup_before_broker[execute]
tests/sentinel/test_paper_cli.py::test_execute_passes_every_explicit_confirmation
tests/sentinel/test_paper_cli.py::test_execute_exit_and_authorization_reflect_operator_attention[deferred]
tests/sentinel/test_paper_cli.py::test_execute_exit_and_authorization_reflect_operator_attention[refused]
tests/sentinel/test_paper_cli.py::test_execute_exit_and_authorization_reflect_operator_attention[non-running]
tests/sentinel/test_paper_cli.py::test_execute_exit_and_authorization_reflect_operator_attention[unknown]
tests/sentinel/test_paper_cli.py::test_execute_exit_and_authorization_reflect_operator_attention[cancelled]
tests/sentinel/test_paper_cli.py::test_execute_exit_and_authorization_reflect_operator_attention[clean-running]
tests/sentinel/test_paper_cli.py::test_activation_refusal_is_an_operator_checkpoint
tests/sentinel/test_paper_cli.py::test_operational_refusals_are_caught_as_attention_exit[WriterLockUnavailable]
tests/sentinel/test_paper_cli.py::test_operational_refusals_are_caught_as_attention_exit[MalformedBrokerPayload]
tests/sentinel/test_paper_cli.py::test_certificate_install_requires_confirmation_before_file_or_database
tests/sentinel/test_paper_cli.py::test_pinned_rollout_does_not_load_broken_controller_and_warns_of_risk
tests/sentinel/test_paper_cli.py::test_emergency_automation_fencing_bypasses_execution_writer_lock[True]
tests/sentinel/test_paper_cli.py::test_emergency_automation_fencing_bypasses_execution_writer_lock[False]
tests/sentinel/test_paper_cli.py::test_execution_authority_revocation_bypasses_writer_lock[certificate-revoke_system_certificate-args0-expected_kwargs0]
tests/sentinel/test_paper_cli.py::test_execution_authority_revocation_bypasses_writer_lock[key-revoke_signed_key-args1-expected_kwargs1]
tests/sentinel/test_paper_cli.py::test_administrative_authority_revocation_bypasses_writer_lock
tests/sentinel/test_paper_cli.py::test_pinned_rollout_requires_literal_exposure_increase_acknowledgement
tests/sentinel/test_paper_cli.py::test_generic_controller_rollout_refuses_before_identity_or_database
tests/sentinel/test_paper_cli.py::test_rollout_help_names_pinned_exposure_increase_risk
tests/sentinel/test_paper_cli.py::test_broker_command_refuses_before_configuration_without_authorized_image
tests/sentinel/test_paper_cli.py::test_emergency_fencing_does_not_depend_on_authorized_image
tests/sentinel/test_paper_cli.py::test_inspection_refusals_are_caught_without_a_traceback[MalformedBrokerPayload]
tests/sentinel/test_paper_cli.py::test_inspection_refusals_are_caught_without_a_traceback[IncompleteObservation]
tests/sentinel/test_paper_cli.py::test_inspection_refusals_are_caught_without_a_traceback[PaperActivationRefused]
tests/sentinel/test_paper_cli.py::test_command_parser_preserves_required_confirmations_and_warmup_default
tests/sentinel/test_paper_close_nav_gate.py::test_uncertified_source_refuses_before_transport
tests/sentinel/test_paper_close_nav_gate.py::test_accepted_point_is_recorded_before_the_due_cycle_can_advance
tests/sentinel/test_paper_close_nav_gate.py::test_transport_unavailability_is_retryable_and_records_nothing
tests/sentinel/test_paper_close_nav_gate.py::test_malformed_transport_evidence_is_not_retried_as_an_outage
tests/sentinel/test_paper_close_nav_gate.py::test_malformed_or_revised_history_is_a_hard_refusal
tests/sentinel/test_paper_close_nav_gate.py::test_fill_interval_requires_certified_capability_before_baseline_or_transport
tests/sentinel/test_paper_close_nav_gate.py::test_fill_interval_uses_exact_authoritative_plan_cash_boundary_and_records
tests/sentinel/test_paper_close_nav_gate.py::test_fill_interval_refuses_missing_or_non_authoritative_cash_baseline[missing]
tests/sentinel/test_paper_close_nav_gate.py::test_fill_interval_refuses_missing_or_non_authoritative_cash_baseline[legacy-identity]
tests/sentinel/test_paper_close_nav_gate.py::test_fill_interval_transport_vs_malformed_classification[error0-PaperRetryableRefused-temporarily unavailable]
tests/sentinel/test_paper_close_nav_gate.py::test_fill_interval_transport_vs_malformed_classification[error1-PaperActivationRefused-malformed or contradictory]
tests/sentinel/test_paper_close_nav_gate.py::test_fill_interval_rejects_shifted_or_short_accepted_payload_before_write[shifted-lower-bound]
tests/sentinel/test_paper_close_nav_gate.py::test_fill_interval_rejects_shifted_or_short_accepted_payload_before_write[short-upper-bound]
tests/sentinel/test_paper_close_nav_gate.py::test_fill_interval_historical_revision_is_a_hard_refusal
tests/sentinel/test_paper_close_nav_gate.py::test_offsetting_cash_activity_identity_blocks_immutable_plan
tests/sentinel/test_paper_close_nav_gate.py::test_authoritative_cash_baseline_refuses_downgraded_current_provenance
tests/sentinel/test_paper_close_nav_gate.py::test_due_cycle_finalization_uses_old_plan_effective_session_everywhere
tests/sentinel/test_paper_close_nav_gate.py::test_due_cycle_without_close_cash_finality_stays_pending_before_writes
tests/sentinel/test_paper_close_nav_gate.py::test_manual_delayed_preparation_cannot_bypass_due_cycle_gate
tests/sentinel/test_paper_close_nav_gate.py::test_missing_plan_cash_baseline_is_never_backfilled_from_current_state
tests/sentinel/test_paper_fresh_connection.py::test_paper_fresh_connection_preserves_password_and_active_target
tests/sentinel/test_paper_fresh_connection.py::test_paper_fresh_connection_refuses_without_active_target
tests/sentinel/test_paper_ledger_certification.py::test_exact_ledgers_produce_a_deterministic_read_only_match
tests/sentinel/test_paper_ledger_certification.py::test_any_economic_divergence_fails_with_sanitized_subjects[cash-<lambda>]
tests/sentinel/test_paper_ledger_certification.py::test_any_economic_divergence_fails_with_sanitized_subjects[equity-<lambda>]
tests/sentinel/test_paper_ledger_certification.py::test_any_economic_divergence_fails_with_sanitized_subjects[positions-<lambda>]
tests/sentinel/test_paper_ledger_certification.py::test_any_economic_divergence_fails_with_sanitized_subjects[orders-<lambda>]
tests/sentinel/test_paper_ledger_certification.py::test_any_economic_divergence_fails_with_sanitized_subjects[fills-<lambda>]
tests/sentinel/test_paper_ledger_certification.py::test_any_economic_divergence_fails_with_sanitized_subjects[corporate_actions-<lambda>]
tests/sentinel/test_paper_ledger_certification.py::test_one_cent_cash_rounding_is_within_the_fixed_tolerance
tests/sentinel/test_paper_ledger_certification.py::test_order_and_fill_delivery_order_does_not_change_the_ledger
tests/sentinel/test_paper_ledger_certification.py::test_incomplete_duplicate_or_time_regressed_broker_evidence_refuses[incomplete]
tests/sentinel/test_paper_ledger_certification.py::test_incomplete_duplicate_or_time_regressed_broker_evidence_refuses[duplicate]
tests/sentinel/test_paper_ledger_certification.py::test_incomplete_duplicate_or_time_regressed_broker_evidence_refuses[regressed]
tests/sentinel/test_paper_ledger_certification.py::test_noncanonical_or_raw_identifier_fields_refuse
tests/sentinel/test_paper_ledger_certification.py::test_every_fill_has_one_order_origin_and_exact_aggregate[orphan-fill]
tests/sentinel/test_paper_ledger_certification.py::test_every_fill_has_one_order_origin_and_exact_aggregate[missing-fill]
tests/sentinel/test_paper_ledger_certification.py::test_cli_distinguishes_match_divergence_and_refusal
tests/sentinel/test_paper_ledger_certification.py::test_certificate_surface_has_no_network_or_broker_mutation_client
tests/sentinel/test_paper_observation_authority.py::test_live_endpoint_and_nonpaper_account_claims_refuse
tests/sentinel/test_paper_observation_authority.py::test_float_warmup_evidence_and_comparison_are_canonical
tests/sentinel/test_paper_observation_authority.py::test_offline_issuer_refuses_legacy_warmup_without_selected_strategy_binding
tests/sentinel/test_paper_observation_authority.py::test_expiry_limit_expiry_and_signature_tamper_refuse
tests/sentinel/test_paper_observation_authority.py::test_digest_corpus_metadata_and_account_mismatch_refuse
tests/sentinel/test_paper_observation_authority.py::test_restart_persistence_and_expired_safety_scope
tests/sentinel/test_paper_package_architecture.py::test_monolithic_paper_module_was_removed
tests/sentinel/test_paper_package_architecture.py::test_package_initializer_is_declarative
tests/sentinel/test_paper_package_architecture.py::test_package_initializer_imports_only_the_explicit_public_api
tests/sentinel/test_paper_package_architecture.py::test_public_operations_have_one_canonical_owner
tests/sentinel/test_paper_package_architecture.py::test_reconciliation_evidence_uses_the_execution_owner_directly
tests/sentinel/test_paper_package_architecture.py::test_production_paper_root_access_is_public_api_only
tests/sentinel/test_paper_package_architecture.py::test_submodule_import_order_does_not_change_behavior
tests/sentinel/test_paper_package_architecture.py::test_equivalence_manifest_covers_every_canonical_definition
tests/sentinel/test_paper_performance_quarantine.py::test_first_dividend_latches_invalidity_and_preserves_separate_evidence
tests/sentinel/test_paper_performance_quarantine.py::test_restart_repeated_processing_later_credit_and_new_epoch_cannot_clear_marker
tests/sentinel/test_paper_performance_quarantine.py::test_tampered_quarantine_refuses_and_empty_account_never_gets_synthetic_credit
tests/sentinel/test_paper_performance_quarantine.py::test_terminal_failure_retains_permanent_negative_authority
tests/sentinel/test_paper_performance_quarantine.py::test_preparation_detects_missed_cycle_dividend_using_preopen_ownership[False]
tests/sentinel/test_paper_performance_quarantine.py::test_preparation_detects_missed_cycle_dividend_using_preopen_ownership[True]
tests/sentinel/test_paper_performance_quarantine.py::test_paper_dividend_evidence_uses_reviewed_tri_cash_with_raw_source_retained
tests/sentinel/test_paper_private_root_test_ownership.py::test_guard_rejects_private_root_access_forms
tests/sentinel/test_paper_private_root_test_ownership.py::test_guard_allows_public_root_and_canonical_owner_access
tests/sentinel/test_paper_private_root_test_ownership.py::test_tests_use_canonical_owners_for_private_paper_bindings
tests/sentinel/test_paper_reporting_continuity.py::test_missing_native_rows_are_reported_without_inventing_cash_or_fills
tests/sentinel/test_paper_reporting_continuity.py::test_strictly_partial_coherent_history_is_pending[6-100]
tests/sentinel/test_paper_reporting_continuity.py::test_strictly_partial_coherent_history_is_pending[0.5-50]
tests/sentinel/test_paper_reporting_continuity.py::test_contradictory_native_economics_still_refuse_informational_mode[11-100]
tests/sentinel/test_paper_reporting_continuity.py::test_contradictory_native_economics_still_refuse_informational_mode[10-101]
tests/sentinel/test_paper_reporting_continuity.py::test_contradictory_native_economics_still_refuse_informational_mode[5-200]
tests/sentinel/test_paper_reporting_continuity.py::test_contradictory_native_economics_still_refuse_informational_mode[5-201]
tests/sentinel/test_paper_reporting_continuity.py::test_unresolved_commands_remain_a_refusal
tests/sentinel/test_paper_reporting_continuity.py::test_incomplete_first_command_cannot_hide_later_contradiction
tests/sentinel/test_pit_clock_contract.py::test_public_year_reconciliation_requires_observation_ceiling
tests/sentinel/test_pit_clock_contract.py::test_pit_reconciliation_modules_have_no_wall_clock_access
tests/sentinel/test_plan_currency_race.py::TestSupersessionDuringLockAcquisition::test_a_plan_superseded_while_the_lock_is_taken_SUBMITS_NOTHING
tests/sentinel/test_plan_currency_race.py::TestSupersessionDuringLockAcquisition::test_the_check_is_INSIDE_the_lock_in_the_source
tests/sentinel/test_plan_currency_race.py::TestSupersessionDuringLockAcquisition::test_an_UNRACED_current_plan_still_executes
tests/sentinel/test_plan_economics.py::TestAPlanIdDeterminesThePlan::test_identical_content_is_idempotent
tests/sentinel/test_plan_economics.py::TestAPlanIdDeterminesThePlan::test_a_DIFFERENT_BASKET_under_the_same_id_refuses
tests/sentinel/test_plan_economics.py::TestAPlanIdDeterminesThePlan::test_the_STORED_basket_is_what_a_later_load_returns
tests/sentinel/test_plan_economics.py::TestAPlanIdDeterminesThePlan::test_every_economic_FIELD_is_covered[target_exposure-value0]
tests/sentinel/test_plan_economics.py::TestAPlanIdDeterminesThePlan::test_every_economic_FIELD_is_covered[data_version-2]
tests/sentinel/test_plan_economics.py::TestAPlanIdDeterminesThePlan::test_every_economic_FIELD_is_covered[decision_session-value2]
tests/sentinel/test_plan_economics.py::TestAPlanIdDeterminesThePlan::test_every_economic_FIELD_is_covered[effective_session-value3]
tests/sentinel/test_plan_economics.py::TestAPlanIdDeterminesThePlan::test_every_economic_FIELD_is_covered[shadow_snapshot_hash-deadbeef]
tests/sentinel/test_plan_economics.py::TestAPlanIdDeterminesThePlan::test_every_economic_FIELD_is_covered[sentinel_transition_hash-cafef00d]
tests/sentinel/test_plan_economics.py::TestAPlanIdDeterminesThePlan::test_every_economic_FIELD_is_covered[strategy_fingerprint-other-strategy]
tests/sentinel/test_plan_economics.py::TestAPlanIdDeterminesThePlan::test_every_economic_FIELD_is_covered[deployment_id-replacement-appliance]
tests/sentinel/test_plan_economics.py::TestAPlanIdDeterminesThePlan::test_every_economic_FIELD_is_covered[broker-other-broker]
tests/sentinel/test_plan_economics.py::TestAPlanIdDeterminesThePlan::test_every_economic_FIELD_is_covered[broker_account_id-OTHER-ACCOUNT]
tests/sentinel/test_plan_economics.py::TestAPlanIdDeterminesThePlan::test_every_economic_FIELD_is_covered[takeover_epoch-2]
tests/sentinel/test_plan_economics.py::TestAPlanIdDeterminesThePlan::test_every_economic_FIELD_is_covered[publication_fingerprint-other-publication]
tests/sentinel/test_plan_economics.py::TestAPlanIdDeterminesThePlan::test_every_economic_FIELD_is_covered[account_nav-value12]
tests/sentinel/test_plan_economics.py::TestAPlanIdDeterminesThePlan::test_every_economic_FIELD_is_covered[account_cash-value13]
tests/sentinel/test_plan_economics.py::TestAPlanIdDeterminesThePlan::test_every_economic_FIELD_is_covered[cash_residual-value14]
tests/sentinel/test_plan_economics.py::TestAPlanIdDeterminesThePlan::test_every_economic_FIELD_is_covered[unpriced_securities-value15]
tests/sentinel/test_plan_economics.py::TestAPlanIdDeterminesThePlan::test_every_economic_FIELD_is_covered[defensive_security-SENTINEL:BIL]
tests/sentinel/test_plan_economics.py::TestAPlanIdDeterminesThePlan::test_a_QUANTITY_change_alone_refuses
tests/sentinel/test_plan_economics.py::TestAPlanIdDeterminesThePlan::test_the_plan_fingerprint_keeps_the_complete_sha256
tests/sentinel/test_plan_economics.py::TestAPlanIdDeterminesThePlan::test_SUPERSESSION_is_not_a_divergence
tests/sentinel/test_plan_economics.py::TestAPlanIdDeterminesThePlan::test_the_error_NAMES_what_differed
tests/sentinel/test_plan_economics.py::TestTheCatchUpCallerIsProtected::test_catch_up_saves_through_the_guarded_path
tests/sentinel/test_planless_action_units.py::test_planless_retired_history_preserves_held_and_exited_units[False-1-AAA]
tests/sentinel/test_planless_action_units.py::test_planless_retired_history_preserves_held_and_exited_units[False-SENTINEL:BIL-BIL]
tests/sentinel/test_planless_action_units.py::test_planless_retired_history_preserves_held_and_exited_units[True-1-AAA]
tests/sentinel/test_planless_action_units.py::test_planless_retired_history_preserves_held_and_exited_units[True-SENTINEL:BIL-BIL]
tests/sentinel/test_post_simplification_hardening.py::test_every_non_mutating_broker_operation_has_authority_classification
tests/sentinel/test_post_simplification_hardening.py::test_market_clock_is_authorized_for_prepare_and_execute_reads
tests/sentinel/test_post_simplification_hardening.py::test_publication_cannot_be_redirected_through_hidden_implementation
tests/sentinel/test_post_simplification_hardening.py::test_ingest_support_module_contains_helpers_only
tests/sentinel/test_post_simplification_hardening.py::test_maintenance_impl_exposes_no_public_sep_reconciliation_entrypoint
tests/sentinel/test_postgres_pressure_evidence.py::test_shared_memory_is_not_subtracted_as_reclaimable_file_cache
tests/sentinel/test_postgres_pressure_evidence.py::test_missing_oom_reset_or_inconsistent_evidence_refuses[]
tests/sentinel/test_postgres_pressure_evidence.py::test_missing_oom_reset_or_inconsistent_evidence_refuses[BEGIN 10\nphase publish\nmemory.current\n1000000000\nmemory.peak\n1073800000\nmemory.events\nmax 5\noom 0\noom_kill 0\noom_group_kill 0\nmemory.stat\nanon 50000000\nfile 900000000\nshmem 150000000\nkernel 10000000\nmemory.pressure\nsome avg10=0.00 avg60=0.00 avg300=0.00 total=100000\nfull avg10=0.00 avg60=0.00 avg300=0.00 total=50000\ncpu.stat\nusage_usec 100\n]
tests/sentinel/test_postgres_pressure_evidence.py::test_missing_oom_reset_or_inconsistent_evidence_refuses[BEGIN 10\nphase publish\nmemory.current\n1000000000\nmemory.peak\n1073800000\nmemory.events\nmax 5\noom 1\noom_kill 0\noom_group_kill 0\nmemory.stat\nanon 50000000\nfile 900000000\nshmem 150000000\nkernel 10000000\nmemory.pressure\nsome avg10=0.00 avg60=0.00 avg300=0.00 total=100000\nfull avg10=0.00 avg60=0.00 avg300=0.00 total=50000\ncpu.stat\nusage_usec 100\nEND\n]
tests/sentinel/test_postgres_pressure_evidence.py::test_missing_oom_reset_or_inconsistent_evidence_refuses[BEGIN 10\nphase publish\nmemory.current\n1000000000\nmemory.peak\n1073800000\nmemory.events\nmax 5\noom 0\noom_kill 0\noom_group_kill 0\nmemory.stat\nanon 50000000\nfile 900000000\nshmem 150000000\nkernel 10000000\nmemory.pressure\nsome avg10=0.00 avg60=0.00 avg300=0.00 total=100000\nfull avg10=0.00 avg60=0.00 avg300=0.00 total=50000\ncpu.stat\nusage_usec 100\nEND\nBEGIN 12\nphase publish\nmemory.current\n1000000000\nmemory.peak\n1073800000\nmemory.events\nmax 0\noom 0\noom_kill 0\noom_group_kill 0\nmemory.stat\nanon 50000000\nfile 900000000\nshmem 150000000\nkernel 10000000\nmemory.pressure\nsome avg10=0.00 avg60=0.00 avg300=0.00 total=120000\nfull avg10=0.00 avg60=0.00 avg300=0.00 total=60000\ncpu.stat\nusage_usec 100\nEND\n]
tests/sentinel/test_postgres_pressure_evidence.py::test_missing_oom_reset_or_inconsistent_evidence_refuses[BEGIN 10\nphase publish\nmemory.current\n1000000000\nmemory.peak\n1073800000\nmemory.events\nmax 5\noom 0\noom_kill 0\noom_group_kill 0\nmemory.stat\nanon 50000000\nfile 900000000\nkernel 10000000\nmemory.pressure\nsome avg10=0.00 avg60=0.00 avg300=0.00 total=100000\nfull avg10=0.00 avg60=0.00 avg300=0.00 total=50000\ncpu.stat\nusage_usec 100\nEND\n]
tests/sentinel/test_postgres_pressure_evidence.py::test_missing_oom_reset_or_inconsistent_evidence_refuses[BEGIN 10\nphase publish\nmemory.current\n1000000000\nmemory.peak\n1073800000\nmemory.events\nmax 5\noom 0\noom_kill 0\noom_group_kill 0\nmemory.stat\nanon 50000000\nfile 100000000\nshmem 150000000\nkernel 10000000\nmemory.pressure\nsome avg10=0.00 avg60=0.00 avg300=0.00 total=100000\nfull avg10=0.00 avg60=0.00 avg300=0.00 total=50000\ncpu.stat\nusage_usec 100\nEND\n]
tests/sentinel/test_postgres_pressure_evidence.py::test_missing_oom_reset_or_inconsistent_evidence_refuses[BEGIN 10\nphase publish\nmemory.current\n1000000000\nmemory.peak\n1073800000\nmemory.events\nmax 5\noom 0\noom_kill 0\noom_group_kill 0\nmemory.stat\nanon 50000000\nfile 900000000\nshmem 150000000\nkernel 10000000\nmemory.pressure\nsome avg10=0.00 avg60=0.00 avg300=0.00 total=100000\nfull avg10=0.00 avg60=0.00 avg300=0.00 total=50000\ncpu.stat\nusage_usec 100\nEND\nBEGIN 10\nphase publish\nmemory.current\n1000000000\nmemory.peak\n1073800000\nmemory.events\nmax 5\noom 0\noom_kill 0\noom_group_kill 0\nmemory.stat\nanon 50000000\nfile 900000000\nshmem 150000000\nkernel 10000000\nmemory.pressure\nsome avg10=0.00 avg60=0.00 avg300=0.00 total=100000\nfull avg10=0.00 avg60=0.00 avg300=0.00 total=50000\ncpu.stat\nusage_usec 100\nEND\n]
tests/sentinel/test_preopen_paper_gate.py::test_active_units_include_working_and_recovered_command_identities
tests/sentinel/test_preopen_paper_gate.py::test_post_reconciliation_terminal_recovered_identity_requires_coverage
tests/sentinel/test_preopen_paper_gate.py::test_only_empty_share_unit_domain_can_bypass_preopen_authority
tests/sentinel/test_preopen_paper_gate.py::test_cutoff_is_exact_official_xnys_open_even_on_a_half_day
tests/sentinel/test_preopen_paper_gate.py::test_recovery_overlays_open_split_before_book_classification_and_evidence
tests/sentinel/test_preopen_paper_gate.py::test_recovery_refuses_stale_projection_from_before_current_authority
tests/sentinel/test_preopen_paper_gate.py::test_target_projection_preview_does_not_persist
tests/sentinel/test_preopen_paper_gate.py::test_target_projection_preview_mismatch_refuses_before_persist
tests/sentinel/test_preopen_paper_gate.py::test_recovery_revalidates_coverage_after_adopting_command
tests/sentinel/test_preopen_paper_gate.py::test_recovery_missing_authority_still_reconciles_nonempty_domain
tests/sentinel/test_preopen_paper_gate.py::test_recovery_all_zero_domain_needs_no_optional_authority
tests/sentinel/test_preopen_paper_gate.py::test_dual_recovery_checks_mirror_only_for_current_shadow[False]
tests/sentinel/test_preopen_paper_gate.py::test_dual_recovery_checks_mirror_only_for_current_shadow[True]
tests/sentinel/test_preopen_paper_gate.py::test_old_generation_recovery_never_loads_stale_plan_economics
tests/sentinel/test_preopen_share_unit_authority.py::test_explicit_negative_and_oriented_positive_cover_every_identity
tests/sentinel/test_preopen_share_unit_authority.py::test_canonical_digest_is_independent_of_input_order_and_decimal_spelling
tests/sentinel/test_preopen_share_unit_authority.py::test_identity_coverage_must_be_exact[coverage0-missing=['SEC-B']]
tests/sentinel/test_preopen_share_unit_authority.py::test_identity_coverage_must_be_exact[coverage1-extra=['SEC-C']]
tests/sentinel/test_preopen_share_unit_authority.py::test_empty_required_set_still_rejects_unrequested_coverage
tests/sentinel/test_preopen_share_unit_authority.py::test_required_identity_argument_cannot_be_one_ambiguous_string
tests/sentinel/test_preopen_share_unit_authority.py::test_incomplete_publication_never_authorizes_units
tests/sentinel/test_preopen_share_unit_authority.py::test_stale_publication_before_required_cutoff_refuses
tests/sentinel/test_preopen_share_unit_authority.py::test_self_selected_cutoff_cannot_replace_configured_cutoff
tests/sentinel/test_preopen_share_unit_authority.py::test_future_provider_publication_refuses
tests/sentinel/test_preopen_share_unit_authority.py::test_wrong_plan_id_fingerprint_or_effective_session_refuses
tests/sentinel/test_preopen_share_unit_authority.py::test_no_event_is_not_an_implicit_default
tests/sentinel/test_preopen_share_unit_authority.py::test_positive_multiplier_requires_event_and_revision_identity
tests/sentinel/test_preopen_share_unit_authority.py::test_optional_exact_rational_terms_are_all_or_none_positive_and_consistent
tests/sentinel/test_preopen_share_unit_authority.py::test_aggregate_multiplier_must_equal_oriented_event_product
tests/sentinel/test_preopen_share_unit_authority.py::test_one_publication_cannot_carry_two_revisions_of_the_same_event
tests/sentinel/test_preopen_share_unit_authority.py::test_event_effective_session_must_match_publication_session
tests/sentinel/test_preopen_share_unit_authority.py::test_authority_overlay_replaces_matching_open_event_without_double_apply
tests/sentinel/test_preopen_share_unit_authority.py::test_authority_overlay_refuses_corpus_contradictions
tests/sentinel/test_preopen_share_unit_authority.py::test_provider_event_resolves_only_same_identity_scalar_uncertainty
tests/sentinel/test_preopen_share_unit_authority.py::test_overlay_emits_exact_reverse_ratio_for_target_reprojection
tests/sentinel/test_preopen_share_unit_authority.py::test_record_is_immutable_and_idempotent
tests/sentinel/test_preopen_share_unit_authority.py::test_incomplete_publication_cannot_be_persisted_as_authority
tests/sentinel/test_preopen_share_unit_authority.py::test_durable_content_tamper_is_detected_by_digest
tests/sentinel/test_preopen_share_unit_authority.py::test_durable_row_session_tamper_is_detected
tests/sentinel/test_preopen_share_unit_authority.py::test_absent_record_never_becomes_implicit_no_event_authority
tests/sentinel/test_preopen_share_unit_authority.py::test_recorded_authority_revalidates_plan_and_exact_coverage
tests/sentinel/test_process_death_recovery.py::test_process_death_recovers_one_order_and_one_fill_without_duplication
tests/sentinel/test_production_controller_semantics.py::test_binary_and_parent_fast_match_standalone_on_boundaries
tests/sentinel/test_production_controller_semantics.py::test_stops20_two_is_healthy_but_three_breaks_the_streak
tests/sentinel/test_production_controller_semantics.py::test_slow_state_exact_minimum_dwell_and_sixth_healthy_exit
tests/sentinel/test_production_controller_semantics.py::test_stops20_unavailable_or_invalid_fails_binary_recovery_closed
tests/sentinel/test_production_controller_semantics.py::test_slow_entry_retains_named_unavailable_predicates
tests/sentinel/test_production_controller_semantics.py::test_every_persisted_controller_field_is_required_after_progress
tests/sentinel/test_production_controller_semantics.py::test_versionless_known_legacy_state_has_one_explicit_migration
tests/sentinel/test_production_controller_semantics.py::test_nonfinite_controller_state_and_observation_never_reach_json[nan]
tests/sentinel/test_production_controller_semantics.py::test_nonfinite_controller_state_and_observation_never_reach_json[inf]
tests/sentinel/test_production_controller_semantics.py::test_nonfinite_controller_state_and_observation_never_reach_json[-inf]
tests/sentinel/test_production_decision.py::test_shadow_target_aggregates_episodes_and_signed_pending_entries
tests/sentinel/test_production_decision.py::test_decision_refuses_a_noncanonical_controller_snapshot
tests/sentinel/test_production_decision.py::test_default_rollout_pins_exposure_to_one_and_keeps_wealth_core_cash
tests/sentinel/test_production_decision.py::test_explicit_controller_rollout_uses_controller_exposure_and_is_stamped
tests/sentinel/test_production_decision.py::test_plan_carries_every_identity_and_has_a_restart_stable_id
tests/sentinel/test_production_decision.py::test_broker_reported_equity_cannot_change_decision_close_target
tests/sentinel/test_production_decision.py::test_unpriced_core_caps_at_scaled_share_target_without_blocking_trims[0-10-orders0-0]
tests/sentinel/test_production_decision.py::test_unpriced_core_caps_at_scaled_share_target_without_blocking_trims[0.55-10-orders1-5]
tests/sentinel/test_production_decision.py::test_unpriced_core_caps_at_scaled_share_target_without_blocking_trims[0.55-6-orders2-5]
tests/sentinel/test_production_decision.py::test_unpriced_core_caps_at_scaled_share_target_without_blocking_trims[0.55-4-orders3-4]
tests/sentinel/test_production_decision.py::test_unpriced_core_caps_at_scaled_share_target_without_blocking_trims[0.55-4-orders4-5]
tests/sentinel/test_production_decision.py::test_unpriced_core_caps_at_scaled_share_target_without_blocking_trims[0.55-10-orders5-5]
tests/sentinel/test_production_decision.py::test_unpriced_wanted_bil_is_preserved_but_dropped_core_remains_zero
tests/sentinel/test_production_decision.py::test_working_order_only_security_is_given_an_explicit_zero_target
tests/sentinel/test_production_decision.py::test_plan_refuses_unowned_mismatched_or_incomplete_broker_evidence
tests/sentinel/test_production_decision.py::test_plan_refuses_an_effective_session_other_than_next_xnys
tests/sentinel/test_production_decision.py::test_publication_and_runtime_strategy_identity_are_complete
tests/sentinel/test_production_decision.py::test_data_semantics_identity_moves_when_only_a_decoder_source_moves
tests/sentinel/test_production_decision.py::test_cash_adjudication_changes_invalidate_persisted_strategy_identity[sentinel.execution.numeric-Context(prec=28)-Context(prec=6)]
tests/sentinel/test_production_decision.py::test_cash_adjudication_changes_invalidate_persisted_strategy_identity[sentinel.feed.corporate_action_authority-cash_per_old_share=final-cash_per_old_share=stale]
tests/sentinel/test_production_decision.py::test_cash_adjudication_changes_invalidate_persisted_strategy_identity[sentinel.feed.actions_reconcile_v7-if prior is None:-if False:]
tests/sentinel/test_production_decision.py::test_cash_adjudication_changes_invalidate_persisted_strategy_identity[sentinel.feed.source_authority.corporate_action_data-"final_cash_amount": "1.435518"-"final_cash_amount": "1.50"]
tests/sentinel/test_production_decision.py::test_data_semantics_bundle_names_transitive_book_dependencies
tests/sentinel/test_production_decision.py::test_concordance_identity_refuses_pinned_one_rollout
tests/sentinel/test_production_has_no_backtest_platform.py::test_the_legacy_backtest_platform_is_absent
tests/sentinel/test_production_has_no_backtest_platform.py::test_production_build_and_ci_do_not_name_legacy_surfaces
tests/sentinel/test_production_has_no_backtest_platform.py::test_the_preserved_certification_source_is_documented_exactly
tests/sentinel/test_production_outage_recovery.py::test_backup_guard_allows_transient_disconnect_but_fences_prolonged_loss
tests/sentinel/test_production_outage_recovery.py::test_backup_guard_refuses_missing_archive_authority
tests/sentinel/test_production_outage_recovery.py::test_feed_outage_recovery_escalates_only_named_local_state[RuntimeError]
tests/sentinel/test_production_outage_recovery.py::test_feed_outage_recovery_escalates_only_named_local_state[SepValueDrift]
tests/sentinel/test_production_outage_recovery.py::test_feed_outage_recovery_escalates_only_named_local_state[SepKeysetDrift]
tests/sentinel/test_production_outage_recovery.py::test_hard_backup_fence_blocks_ordinary_daily_before_ingest
tests/sentinel/test_production_outage_recovery.py::test_degraded_backup_blocks_bulk_reseed_before_seed_starts
tests/sentinel/test_production_outage_recovery.py::test_feed_outage_recovery_never_relabels_vendor_failure_local
tests/sentinel/test_production_outage_recovery.py::test_automation_backup_fence_blocks_new_work_but_not_recovery
tests/sentinel/test_production_outage_recovery.py::test_shadow_recovery_distinguishes_one_session_from_causal_gap[2026-08-21-2026-08-24-normal]
tests/sentinel/test_production_outage_recovery.py::test_shadow_recovery_distinguishes_one_session_from_causal_gap[2026-08-20-2026-08-24-rollover]
tests/sentinel/test_production_outage_recovery.py::test_expired_partial_shadow_waits_then_rolls_instead_of_promoting
tests/sentinel/test_production_outage_recovery.py::test_shadow_financial_health_is_red_for_multi_session_gap
tests/sentinel/test_production_outage_recovery.py::test_shadow_financial_health_is_red_after_partial_cutoff
tests/sentinel/test_production_outage_recovery.py::test_shadow_worker_only_classifies_true_provider_availability
tests/sentinel/test_production_outage_recovery.py::test_post_gap_dual_transport_requires_exact_segment_marker
tests/sentinel/test_production_outage_recovery.py::test_panel_discloses_segment_return_and_exact_approval_marker
tests/sentinel/test_production_outage_recovery.py::test_segment_rollover_reason_does_not_hide_a_single_contiguous_session
tests/sentinel/test_production_recovery_wiring.py::test_fresh_archive_enabled_database_requires_active_first_archive_proof
tests/sentinel/test_production_recovery_wiring.py::test_virgin_archiver_with_observed_failure_is_fenced
tests/sentinel/test_production_recovery_wiring.py::test_quiet_old_archive_requires_active_probe_before_mutation
tests/sentinel/test_production_recovery_wiring.py::test_active_wal_probe_promotes_only_after_exact_forced_file_is_durable
tests/sentinel/test_production_recovery_wiring.py::test_regenesis_approval_is_forwarded_to_authorized_automation
tests/sentinel/test_production_recovery_wiring.py::test_nas_schema_and_recovery_mutations_cannot_bypass_backup_guard
tests/sentinel/test_production_state.py::test_production_breadth_uses_the_certified_float32_lag_return
tests/sentinel/test_production_state.py::test_advance_state_does_not_mutate_its_prior_session_envelope
tests/sentinel/test_production_state.py::test_one_session_advance_persists_complete_authoritative_envelope
tests/sentinel/test_production_state.py::test_reload_is_identical_and_does_not_alias_prior_state
tests/sentinel/test_production_state.py::test_publication_version_cannot_move_backwards
tests/sentinel/test_production_state.py::test_failure_leaves_the_prior_envelope_authoritative
tests/sentinel/test_production_state.py::test_lifetime_peak_outside_rolling_history_controls_drawdown
tests/sentinel/test_production_state.py::test_version_three_migrates_without_activating_concordance
tests/sentinel/test_production_state.py::test_concordance_identity_requires_both_durable_states
tests/sentinel/test_production_state.py::test_version_one_is_explicitly_refused
tests/sentinel/test_production_state.py::test_production_envelope_refuses_nonfinite_json_numbers
tests/sentinel/test_production_state.py::test_persisted_identity_must_match_running_source
tests/sentinel/test_production_state.py::test_persisted_book_cannot_cross_data_semantics_identity
tests/sentinel/test_production_state.py::test_production_state_refuses_a_noncanonical_slot_domain
tests/sentinel/test_production_state.py::test_session_calculation_remains_inside_one_publication_pin
tests/sentinel/test_production_state.py::test_advance_and_persist_migrates_before_requesting_reentry_anchor
tests/sentinel/test_production_state.py::test_loaded_version_must_equal_the_pin
tests/sentinel/test_production_state.py::test_stop_evidence_waits_for_executed_fill_and_pending_exit_survives
tests/sentinel/test_production_state.py::test_completed_stops_keep_multiplicity_for_exactly_twenty_controller_sessions
tests/sentinel/test_production_state.py::test_serialized_state_reaches_a_bounded_plateau_through_session_1000
tests/sentinel/test_production_state.py::test_security_turnover_plateaus_and_restarts_are_identical
tests/sentinel/test_production_state.py::test_evicted_split_security_reappears_on_its_original_signal_basis
tests/sentinel/test_production_state.py::test_returning_security_without_a_corpus_anchor_fails_closed
tests/sentinel/test_production_state.py::test_retained_persisted_series_requires_a_complete_valid_anchor
tests/sentinel/test_production_state.py::test_path_dependent_securities_pin_anchors_and_marks_after_expiry
tests/sentinel/test_production_state.py::test_published_loader_reconstructs_prior_split_factor_from_pinned_rows
tests/sentinel/test_production_state.py::test_restart_window_keeps_t_minus_126_and_discards_t_minus_127
tests/sentinel/test_production_state.py::test_repeated_serialization_cycles_preserve_every_production_output
tests/sentinel/test_production_state.py::test_version_two_envelope_migrates_by_pruning_only_redundant_history
tests/sentinel/test_projection_and_executor.py::TestProjection::test_full_exposure_buys_whole_shares
tests/sentinel/test_projection_and_executor.py::TestProjection::test_half_exposure_halves_every_holding
tests/sentinel/test_projection_and_executor.py::TestProjection::test_zero_exposure_holds_nothing_of_the_core
tests/sentinel/test_projection_and_executor.py::TestProjection::test_rounding_is_DOWN_never_nearest
tests/sentinel/test_projection_and_executor.py::TestProjection::test_realised_exposure_is_reported_SEPARATELY_from_the_target
tests/sentinel/test_projection_and_executor.py::TestProjection::test_an_unpriced_security_is_NAMED_not_guessed_and_not_renormalised
tests/sentinel/test_projection_and_executor.py::TestProjection::test_the_defensive_sleeve_absorbs_what_the_core_did_not_take
tests/sentinel/test_projection_and_executor.py::TestProjection::test_leverage_is_refused_rather_than_clamped
tests/sentinel/test_projection_and_executor.py::TestProjection::test_floats_are_refused
tests/sentinel/test_projection_and_executor.py::TestProjection::test_desired_basket_includes_the_sleeve
tests/sentinel/test_projection_and_executor.py::TestOrderOfOperations::test_reductions_come_before_increases
tests/sentinel/test_projection_and_executor.py::TestOrderOfOperations::test_it_is_deterministic_within_each_group
tests/sentinel/test_projection_and_executor.py::TestExecuteSession::test_it_submits_a_buy_and_journals_every_transition
tests/sentinel/test_projection_and_executor.py::TestExecuteSession::test_SEND_PENDING_is_written_BEFORE_the_broker_call
tests/sentinel/test_projection_and_executor.py::TestExecuteSession::test_an_UNKNOWN_outcome_is_journalled_and_blocks_the_security
tests/sentinel/test_projection_and_executor.py::TestExecuteSession::test_a_non_ack_stops_the_rest_of_the_same_buy_batch[rejected]
tests/sentinel/test_projection_and_executor.py::TestExecuteSession::test_a_non_ack_stops_the_rest_of_the_same_buy_batch[unknown]
tests/sentinel/test_projection_and_executor.py::TestExecuteSession::test_the_NEXT_session_resolves_it_rather_than_double_submitting
tests/sentinel/test_projection_and_executor.py::TestExecuteSession::test_an_UNRESOLVABLE_UNKNOWN_stops_the_session_entirely
tests/sentinel/test_projection_and_executor.py::TestExecuteSession::test_nothing_is_submitted_while_the_broker_is_down
tests/sentinel/test_projection_and_executor.py::TestExecuteSession::test_reductions_are_sent_before_increases
tests/sentinel/test_projection_and_executor.py::TestExecuteSession::test_a_rejected_sale_defers_the_purchase_it_would_fund
tests/sentinel/test_projection_and_executor.py::TestExecuteSession::test_FOREIGN_ACTIVITY_blocks_buying_but_not_selling
tests/sentinel/test_projection_and_executor.py::TestExecuteSession::test_an_UNEXPLAINED_broker_position_is_itself_foreign_activity
tests/sentinel/test_projection_and_executor.py::TestMissedOpen::test_a_STALE_plan_may_still_de_risk
tests/sentinel/test_projection_and_executor.py::TestMissedOpen::test_a_STALE_plan_may_NOT_buy
tests/sentinel/test_projection_and_executor.py::TestMissedOpen::test_a_CURRENT_plan_buys_normally
tests/sentinel/test_projection_and_executor.py::TestMissedOpen::test_the_window_predicate_is_inclusive_of_its_own_session
tests/sentinel/test_projection_and_executor.py::TestRestartConvergence::test_a_crash_after_SEND_PENDING_is_resolved_by_asking_the_broker
tests/sentinel/test_projection_and_executor.py::TestRestartConvergence::test_a_command_that_NEVER_LANDED_remains_UNKNOWN
tests/sentinel/test_projection_and_executor.py::TestRestartConvergence::test_absence_does_not_authorize_a_replacement_under_a_new_plan
tests/sentinel/test_projection_and_executor.py::TestRestartConvergence::test_a_completed_book_asks_for_nothing_further
tests/sentinel/test_projection_and_executor.py::TestTheUnleveredEnvelopeIsEnforcedNotDocumented::test_120_percent_REFUSES
tests/sentinel/test_projection_and_executor.py::TestTheUnleveredEnvelopeIsEnforcedNotDocumented::test_100_point_0001_percent_REFUSES
tests/sentinel/test_projection_and_executor.py::TestTheUnleveredEnvelopeIsEnforcedNotDocumented::test_exactly_100_percent_is_ALLOWED
tests/sentinel/test_projection_and_executor.py::TestTheUnleveredEnvelopeIsEnforcedNotDocumented::test_the_certified_25_slot_book_at_4_percent_passes
tests/sentinel/test_projection_and_executor.py::TestTheUnleveredEnvelopeIsEnforcedNotDocumented::test_a_NEGATIVE_weight_refuses_rather_than_vanishing
tests/sentinel/test_projection_and_executor.py::TestTheUnleveredEnvelopeIsEnforcedNotDocumented::test_a_single_weight_above_1_refuses
tests/sentinel/test_projection_and_executor.py::TestTheUnleveredEnvelopeIsEnforcedNotDocumented::test_a_NON_FINITE_weight_refuses[NaN]
tests/sentinel/test_projection_and_executor.py::TestTheUnleveredEnvelopeIsEnforcedNotDocumented::test_a_NON_FINITE_weight_refuses[Infinity]
tests/sentinel/test_projection_and_executor.py::TestTheUnleveredEnvelopeIsEnforcedNotDocumented::test_a_NON_FINITE_weight_refuses[-Infinity]
tests/sentinel/test_projection_and_executor.py::TestTheUnleveredEnvelopeIsEnforcedNotDocumented::test_a_NON_FINITE_weight_refuses[sNaN]
tests/sentinel/test_projection_and_executor.py::TestTheUnleveredEnvelopeIsEnforcedNotDocumented::test_a_NON_FINITE_or_impossible_scalar_refuses[exposure-NaN]
tests/sentinel/test_projection_and_executor.py::TestTheUnleveredEnvelopeIsEnforcedNotDocumented::test_a_NON_FINITE_or_impossible_scalar_refuses[exposure-Infinity]
tests/sentinel/test_projection_and_executor.py::TestTheUnleveredEnvelopeIsEnforcedNotDocumented::test_a_NON_FINITE_or_impossible_scalar_refuses[nav-NaN]
tests/sentinel/test_projection_and_executor.py::TestTheUnleveredEnvelopeIsEnforcedNotDocumented::test_a_NON_FINITE_or_impossible_scalar_refuses[nav-Infinity]
tests/sentinel/test_projection_and_executor.py::TestTheUnleveredEnvelopeIsEnforcedNotDocumented::test_a_NON_FINITE_or_impossible_scalar_refuses[lot-NaN]
tests/sentinel/test_projection_and_executor.py::TestTheUnleveredEnvelopeIsEnforcedNotDocumented::test_a_NON_FINITE_or_impossible_scalar_refuses[lot-0]
tests/sentinel/test_projection_and_executor.py::TestTheUnleveredEnvelopeIsEnforcedNotDocumented::test_a_NON_FINITE_or_impossible_scalar_refuses[lot--1]
tests/sentinel/test_projection_and_executor.py::TestTheUnleveredEnvelopeIsEnforcedNotDocumented::test_a_NON_FINITE_mark_is_UNPRICED_not_a_price[NaN]
tests/sentinel/test_projection_and_executor.py::TestTheUnleveredEnvelopeIsEnforcedNotDocumented::test_a_NON_FINITE_mark_is_UNPRICED_not_a_price[Infinity]
tests/sentinel/test_projection_and_executor.py::TestTheUnleveredEnvelopeIsEnforcedNotDocumented::test_exposure_still_scales_a_LEGAL_book
tests/sentinel/test_readiness.py::TestAHealthyCorpus::test_it_is_READY
tests/sentinel/test_readiness.py::TestSplitSourceAgreement::test_old_unrelated_split_is_outside_operational_closure
tests/sentinel/test_readiness.py::TestSplitSourceAgreement::test_an_old_current_universe_disagreement_blocks_normal_readiness
tests/sentinel/test_readiness.py::TestSplitSourceAgreement::test_every_unsafe_split_disposition_blocks_runtime_readiness[SPLIT_ONLY_DERIVED]
tests/sentinel/test_readiness.py::TestSplitSourceAgreement::test_every_unsafe_split_disposition_blocks_runtime_readiness[SEAM_SPLIT_UNCORROBORATED]
tests/sentinel/test_readiness.py::TestSplitSourceAgreement::test_every_unsafe_split_disposition_blocks_runtime_readiness[AMBIGUOUS_SPLIT_MULTIPLICITY]
tests/sentinel/test_readiness.py::TestWhatARowCountWouldMiss::test_an_EMPTY_corpus_names_the_remedy
tests/sentinel/test_readiness.py::TestWhatARowCountWouldMiss::test_TOO_FEW_sessions_fails_with_the_ENGINE_s_number
tests/sentinel/test_readiness.py::TestWhatARowCountWouldMiss::test_between_required_and_preferred_WARNS_but_stays_ready
tests/sentinel/test_readiness.py::TestWhatARowCountWouldMiss::test_a_STALE_frontier_fails_even_with_ample_history
tests/sentinel/test_readiness.py::TestWhatARowCountWouldMiss::test_a_MISSING_RAW_OPEN_fails_though_every_row_exists
tests/sentinel/test_readiness.py::TestWhatARowCountWouldMiss::test_MISSING_VOLUME_fails_because_eligibility_reads_it
tests/sentinel/test_readiness.py::TestWhatARowCountWouldMiss::test_NO_IDENTITY_fails_though_the_prices_are_perfect
tests/sentinel/test_readiness.py::TestWhatARowCountWouldMiss::test_NO_RELATED_TICKERS_fails_because_GOOG_GOOGL_becomes_UNDETECTABLE
tests/sentinel/test_readiness.py::TestWhatARowCountWouldMiss::test_historical_snapshots_do_not_inflate_issuer_cardinality
tests/sentinel/test_readiness.py::TestWhatARowCountWouldMiss::test_NO_ACTIONS_over_a_long_window_is_a_missing_ingest
tests/sentinel/test_readiness.py::TestWhatARowCountWouldMiss::test_a_TINY_frontier_cross_section_fails_despite_full_history
tests/sentinel/test_readiness.py::TestWhatARowCountWouldMiss::test_a_missing_frontier_SPY_sensor_row_fails
tests/sentinel/test_readiness.py::TestWhatARowCountWouldMiss::test_a_missing_interior_SPY_sensor_row_fails
tests/sentinel/test_readiness.py::TestWhatARowCountWouldMiss::test_a_missing_frontier_BIL_mark_fails_without_cash_substitution
tests/sentinel/test_readiness.py::TestWhatARowCountWouldMiss::test_the_exact_BIL_tail_is_required
tests/sentinel/test_readiness.py::TestWhatARowCountWouldMiss::test_a_legacy_BIL_row_missing_a_scalar_return_field_fails[open_signal]
tests/sentinel/test_readiness.py::TestWhatARowCountWouldMiss::test_a_legacy_BIL_row_missing_a_scalar_return_field_fails[close_adjusted]
tests/sentinel/test_readiness.py::TestTheReportItself::test_EVERY_check_is_reported_even_after_one_fails
tests/sentinel/test_readiness.py::TestTheReportItself::test_a_single_failure_makes_the_whole_thing_NOT_READY
tests/sentinel/test_readiness.py::TestContinuityIsCheckedAgainstACALENDAR::test_a_MIDDLE_GAP_fails_and_NAMES_the_date
tests/sentinel/test_readiness.py::TestContinuityIsCheckedAgainstACALENDAR::test_SEVERAL_gaps_are_all_reported
tests/sentinel/test_readiness.py::TestContinuityIsCheckedAgainstACALENDAR::test_a_HOLIDAY_is_not_a_gap
tests/sentinel/test_readiness.py::TestContinuityIsCheckedAgainstACALENDAR::test_a_SHORT_history_is_not_reported_as_a_GAP
tests/sentinel/test_readiness.py::TestContinuityIsCheckedAgainstACALENDAR::test_the_verdict_NAMES_the_calendar_it_consulted
tests/sentinel/test_readiness.py::TestContinuityIsCheckedAgainstACALENDAR::test_a_WEEKEND_row_is_reported_SEPARATELY_from_a_gap
tests/sentinel/test_readiness.py::TestContinuityIsCheckedAgainstACALENDAR::test_continuity_is_a_SESSION_axis_check_not_a_per_security_one
tests/sentinel/test_readiness.py::TestContinuityIsCheckedAgainstACALENDAR::test_NO_CALENDAR_fails_rather_than_passing
tests/sentinel/test_readiness_snapshot.py::TestTheFailure::test_the_panel_does_NOT_compute_the_contract
tests/sentinel/test_readiness_snapshot.py::TestTheFailure::test_a_persisted_verdict_is_READABLE_without_touching_the_corpus
tests/sentinel/test_readiness_snapshot.py::TestTheFailure::test_the_read_is_a_SINGLE_keyed_query
tests/sentinel/test_readiness_snapshot.py::TestStalenessIsVISIBLE::test_the_snapshot_carries_its_own_AGE
tests/sentinel/test_readiness_snapshot.py::TestStalenessIsVISIBLE::test_an_OLD_snapshot_reports_itself_stale
tests/sentinel/test_readiness_snapshot.py::TestStalenessIsVISIBLE::test_NO_snapshot_is_not_the_same_as_NOT_READY
tests/sentinel/test_readiness_snapshot.py::TestStalenessIsVISIBLE::test_and_the_PANEL_renders_that_as_unknown_not_failed
tests/sentinel/test_readiness_snapshot.py::TestStalenessIsVISIBLE::test_a_stale_snapshot_does_not_claim_to_be_READY
tests/sentinel/test_readiness_snapshot.py::TestTheFailingCLAUSESSurvive::test_the_failures_are_persisted_by_NAME_and_DETAIL
tests/sentinel/test_readiness_snapshot.py::TestTheFailingCLAUSESSurvive::test_every_check_is_kept_not_just_the_failures
tests/sentinel/test_readiness_snapshot.py::TestItIsWrittenWhereTheCheckAlreadyRUNS::test_check_data_persists_what_it_computed
tests/sentinel/test_readiness_snapshot.py::TestItIsWrittenWhereTheCheckAlreadyRUNS::test_the_ROW_dates_the_verdict_it_shows
tests/sentinel/test_readiness_snapshot.py::TestItIsWrittenWhereTheCheckAlreadyRUNS::test_a_stale_FAILURE_stays_a_failure
tests/sentinel/test_readiness_snapshot.py::TestItIsWrittenWhereTheCheckAlreadyRUNS::test_saving_TWICE_keeps_both_and_returns_the_newer
tests/sentinel/test_readiness_wall_clock.py::test_operational_readiness_defaults_to_a_real_instant_not_midnight
tests/sentinel/test_readiness_wall_clock.py::test_utc_wall_clock_and_explicit_date_have_the_intended_close_semantics
tests/sentinel/test_reboot_outage_recovery.py::test_transient_outage_never_exhausts_activation_generation
tests/sentinel/test_reboot_outage_recovery.py::test_long_data_callback_restarts_after_deadline_without_blocking
tests/sentinel/test_reboot_outage_recovery.py::test_execution_callback_deadline_routes_to_read_only_recovery
tests/sentinel/test_reboot_outage_recovery.py::test_unbounded_retry_backoff_saturates_without_huge_integer_growth
tests/sentinel/test_reboot_outage_recovery.py::test_temporary_backup_loss_is_typed_transient
tests/sentinel/test_reboot_outage_recovery.py::test_successful_automation_backup_check_publishes_runtime_proof
tests/sentinel/test_reboot_outage_recovery.py::test_backup_integrity_refusal_remains_terminal
tests/sentinel/test_reboot_outage_recovery.py::test_wal_restore_horizon_crosses_log_boundary_contiguously
tests/sentinel/test_reboot_outage_recovery.py::test_wal_restore_horizon_refuses_timeline_gap
tests/sentinel/test_reboot_outage_recovery.py::test_cold_boot_backup_mount_marker_is_enforced_in_archive_and_health
tests/sentinel/test_reboot_outage_recovery.py::test_attested_cold_boot_fallback_cannot_recreate_marker
tests/sentinel/test_reboot_outage_recovery.py::test_unattended_services_enable_runtime_restore_horizon
tests/sentinel/test_reboot_outage_recovery.py::test_shadow_timeout_is_restartable_not_terminal_latch
tests/sentinel/test_recent_sep_reconciliation.py::test_recent_reconciliation_splits_cross_year_window_without_gaps
tests/sentinel/test_recent_sep_reconciliation.py::test_recent_reconciliation_preserves_an_explicit_injected_source
tests/sentinel/test_recent_sep_reconciliation.py::test_recent_production_clock_uses_shared_authority_helper
tests/sentinel/test_recent_sep_reconciliation.py::test_recent_reconciliation_refuses_backward_source_traversal
tests/sentinel/test_recent_sep_reconciliation.py::test_ingest_recent_source_selects_export_only_for_production_wrapper
tests/sentinel/test_recent_sep_reconciliation.py::test_readiness_refuses_missing_recent_complete_proof
tests/sentinel/test_recent_sep_reconciliation.py::test_readiness_refuses_proof_for_preceding_corpus_version
tests/sentinel/test_recent_sep_reconciliation.py::test_readiness_accepts_exact_frontier_and_publication_proof
tests/sentinel/test_recent_sep_reconciliation.py::test_daily_proves_recent_complete_source_after_all_mutation_publications
tests/sentinel/test_recovery_capability_boundary.py::test_ordinary_observation_control_never_reads_candidate_sse
tests/sentinel/test_recovery_capability_boundary.py::test_reconciliation_never_calls_unaccepted_nested_fill_producer[200]
tests/sentinel/test_recovery_capability_boundary.py::test_reconciliation_never_calls_unaccepted_nested_fill_producer[403]
tests/sentinel/test_recovery_numeric_identity.py::test_equivalent_quantity_encoding_preserves_strict_completion[0-10-10.0]
tests/sentinel/test_recovery_numeric_identity.py::test_equivalent_quantity_encoding_preserves_strict_completion[0-10.0-10]
tests/sentinel/test_recovery_numeric_identity.py::test_equivalent_quantity_encoding_preserves_strict_completion[0-10-10.000000]
tests/sentinel/test_recovery_numeric_identity.py::test_equivalent_quantity_encoding_preserves_strict_completion[10-10-10.0]
tests/sentinel/test_recovery_numeric_identity.py::test_equivalent_quantity_encoding_preserves_strict_completion[10-10.0-10]
tests/sentinel/test_recovery_numeric_identity.py::test_equivalent_quantity_encoding_preserves_strict_completion[10-10-10.000000]
tests/sentinel/test_recovery_numeric_identity.py::test_matching_decimal_encodings_complete_normally[10]
tests/sentinel/test_recovery_numeric_identity.py::test_matching_decimal_encodings_complete_normally[10.0]
tests/sentinel/test_recovery_numeric_identity.py::test_matching_decimal_encodings_complete_normally[10.000000]
tests/sentinel/test_recovery_numeric_identity.py::test_equal_filled_quantity_lexical_variants_do_not_renew_position_lag
tests/sentinel/test_rejection_audit.py::TestTheNegativeIsPROVEN::test_a_price_below_the_floor_is_IMMATERIAL
tests/sentinel/test_rejection_audit.py::TestTheNegativeIsPROVEN::test_dollar_volume_below_the_signal_floor_is_IMMATERIAL
tests/sentinel/test_rejection_audit.py::TestTheNegativeIsPROVEN::test_the_bound_is_the_MAXIMUM_not_the_mean
tests/sentinel/test_rejection_audit.py::TestTheHistoryPROOFIsGoneBecauseItWasWRONG::test_a_LONG_LIVED_security_with_ONE_rejection_is_not_dismissed
tests/sentinel/test_rejection_audit.py::TestTheHistoryPROOFIsGoneBecauseItWasWRONG::test_NO_verdict_reason_CLEARS_on_a_history_requirement
tests/sentinel/test_rejection_audit.py::TestTheHistoryPROOFIsGoneBecauseItWasWRONG::test_a_HANDFUL_of_rejections_with_a_good_price_is_UNDETERMINED
tests/sentinel/test_rejection_audit.py::TestWhatCannotBeDisprovedIsUNDETERMINED::test_a_liquid_long_lived_rejection_is_UNDETERMINED
tests/sentinel/test_rejection_audit.py::TestWhatCannotBeDisprovedIsUNDETERMINED::test_a_rejection_with_NO_price_is_UNDETERMINED
tests/sentinel/test_rejection_audit.py::TestWhatCannotBeDisprovedIsUNDETERMINED::test_nothing_can_ever_be_declared_WOULD_HAVE_BEEN_ADMITTED
tests/sentinel/test_rejection_audit.py::TestTheHoldingIntersectionMustBeSUPPLIED::test_omitting_the_book_makes_EVERY_ticker_UNDETERMINED
tests/sentinel/test_rejection_audit.py::TestTheHoldingIntersectionMustBeSUPPLIED::test_even_a_PROVABLY_immaterial_ticker_is_undetermined
tests/sentinel/test_rejection_audit.py::TestTheHoldingIntersectionMustBeSUPPLIED::test_an_EXPLICIT_empty_book_is_a_different_statement
tests/sentinel/test_rejection_audit.py::TestTheHoldingIntersectionMustBeSUPPLIED::test_HALF_a_book_is_still_unknown
tests/sentinel/test_rejection_audit.py::TestIntersectionIsMATERIAL::test_a_HELD_ticker
tests/sentinel/test_rejection_audit.py::TestIntersectionIsMATERIAL::test_a_PENDING_TERMINAL_ticker
tests/sentinel/test_rejection_audit.py::TestIntersectionIsMATERIAL::test_a_CORPORATE_ACTION_in_the_window
tests/sentinel/test_rejection_audit.py::TestIntersectionIsMATERIAL::test_intersection_OUTRANKS_an_immateriality_proof
tests/sentinel/test_rejection_audit.py::TestIntersectionIsMATERIAL::test_an_action_OUTSIDE_the_window_does_not_implicate_it
tests/sentinel/test_rejection_audit.py::TestTheIntervalVerdict::test_no_rejections_at_all_is_CLEAR
tests/sentinel/test_rejection_audit.py::TestTheIntervalVerdict::test_only_IMMATERIAL_rejections_are_still_CLEAR
tests/sentinel/test_rejection_audit.py::TestTheIntervalVerdict::test_ONE_undetermined_rejection_blocks_the_interval
tests/sentinel/test_rejection_audit.py::TestTheIntervalVerdict::test_MATERIAL_outranks_UNDETERMINED_in_the_verdict
tests/sentinel/test_rejection_audit.py::TestTheIntervalVerdict::test_the_report_NAMES_them
tests/sentinel/test_rejection_audit.py::TestTheIntervalVerdict::test_the_window_is_RESPECTED
tests/sentinel/test_rejection_audit.py::TestTruncatedEvidenceCannotBeCertified::test_a_truncation_makes_the_interval_UNCERTIFIABLE
tests/sentinel/test_rejection_audit.py::TestTruncatedEvidenceCannotBeCertified::test_it_blocks_even_with_NO_rejections_at_all_recorded
tests/sentinel/test_rejection_audit.py::TestTruncatedEvidenceCannotBeCertified::test_a_truncation_OUTSIDE_the_interval_does_not
tests/sentinel/test_rejection_audit.py::TestTruncatedEvidenceCannotBeCertified::test_it_OVERLAPS_rather_than_contains
tests/sentinel/test_rejection_audit.py::TestTruncatedEvidenceCannotBeCertified::test_ZERO_truncation_writes_NO_row
tests/sentinel/test_rejection_audit.py::TestTruncatedEvidenceCannotBeCertified::test_THE_FALSIFIER_a_capped_report_cannot_reach_CLEAR
tests/sentinel/test_rejection_audit.py::TestUnexplainedCorpusAnomaliesBlockTheInterval::test_a_SPLIT_DISAGREEMENT_blocks
tests/sentinel/test_rejection_audit.py::TestUnexplainedCorpusAnomaliesBlockTheInterval::test_an_UNUSABLE_DIVIDEND_blocks
tests/sentinel/test_rejection_audit.py::TestUnexplainedCorpusAnomaliesBlockTheInterval::test_split_below_price_floor_then_rises_stays_blocking
tests/sentinel/test_rejection_audit.py::TestUnexplainedCorpusAnomaliesBlockTheInterval::test_split_below_liquidity_floor_then_liquid_stays_blocking
tests/sentinel/test_rejection_audit.py::TestUnexplainedCorpusAnomaliesBlockTheInterval::test_absent_from_observed_book_is_not_a_counterfactual_proof
tests/sentinel/test_rejection_audit.py::TestUnexplainedCorpusAnomaliesBlockTheInterval::test_an_anomaly_OUTSIDE_the_interval_does_not_block
tests/sentinel/test_rejection_audit.py::TestUnexplainedCorpusAnomaliesBlockTheInterval::test_they_are_NAMED_in_the_report
tests/sentinel/test_rejection_audit.py::TestUnexplainedCorpusAnomaliesBlockTheInterval::test_certification_distinguishes_all_split_dispositions
tests/sentinel/test_rejection_audit.py::TestUnexplainedCorpusAnomaliesBlockTheInterval::test_ambiguous_split_multiplicity_is_a_named_blocker
tests/sentinel/test_rejection_audit.py::TestUnexplainedCorpusAnomaliesBlockTheInterval::test_unresolved_split_on_a_held_security_fails_closed
tests/sentinel/test_rejection_audit.py::TestUnexplainedCorpusAnomaliesBlockTheInterval::test_unresolved_split_on_an_eligibility_capable_security_fails_closed
tests/sentinel/test_rejection_audit.py::TestUnexplainedCorpusAnomaliesBlockTheInterval::test_derived_only_split_on_a_held_security_is_held
tests/sentinel/test_rejection_audit.py::TestUnexplainedCorpusAnomaliesBlockTheInterval::test_derived_only_eligibility_capable_split_is_held
tests/sentinel/test_rejection_audit.py::TestUnexplainedCorpusAnomaliesBlockTheInterval::test_seam_artifact_below_event_day_floor_still_blocks
tests/sentinel/test_rejection_audit.py::TestUnexplainedCorpusAnomaliesBlockTheInterval::test_resolved_split_dispositions_continue_to_clear[SPLIT_AUTHORITATIVE_APPLIED]
tests/sentinel/test_rejection_audit.py::TestUnexplainedCorpusAnomaliesBlockTheInterval::test_resolved_split_dispositions_continue_to_clear[SPLIT_CORROBORATED_DERIVED]
tests/sentinel/test_rejection_audit.py::TestTheEvidenceRowCarriesPriceAndVolume::test_a_re_ingest_UPDATES_the_price_without_duplicating
tests/sentinel/test_rejection_audit.py::TestTheEvidenceRowCarriesPriceAndVolume::test_both_REASONS_are_recorded_separately
tests/sentinel/test_rejection_audit.py::TestTheCertifiedPostgresIsAGateNotAWarning::test_a_WRONG_postgres_version_REFUSES
tests/sentinel/test_rejection_audit.py::TestTheCertifiedPostgresIsAGateNotAWarning::test_the_CERTIFIED_version_passes
tests/sentinel/test_rejection_audit.py::TestTheCertifiedPostgresIsAGateNotAWarning::test_it_is_only_checked_when_a_CORPUS_was_requested
tests/sentinel/test_research_artefacts.py::TestTheThreeThousandAdversarialWorlds::test_the_gate_reproduces_ALL_THREE_THOUSAND_verdicts
tests/sentinel/test_research_artefacts.py::TestTheThreeThousandAdversarialWorlds::test_every_family_is_actually_exercised
tests/sentinel/test_research_artefacts.py::TestTheThreeThousandAdversarialWorlds::test_the_families_disagree_with_each_other
tests/sentinel/test_research_artefacts.py::TestTheGatePlateauGrid::test_every_cell_of_the_grid_matches
tests/sentinel/test_research_artefacts.py::TestTheGatePlateauGrid::test_the_grid_is_not_degenerate
tests/sentinel/test_research_artefacts.py::TestTheParameterPlateauGrid::test_the_frozen_configuration_matches_its_own_row
tests/sentinel/test_research_artefacts.py::TestTheParameterPlateauGrid::test_neighbouring_configurations_match_too[60-65-100_n10]
tests/sentinel/test_research_artefacts.py::TestTheParameterPlateauGrid::test_neighbouring_configurations_match_too[55-65-100_n9]
tests/sentinel/test_research_artefacts.py::TestTheParameterPlateauGrid::test_neighbouring_configurations_match_too[55-65-100_n12]
tests/sentinel/test_research_artefacts.py::TestTheParameterPlateauGrid::test_neighbouring_configurations_match_too[60-65-100_n12]
tests/sentinel/test_research_artefacts.py::TestTheWindowedPerformanceOracles::test_all_sixty_rolling_starts
tests/sentinel/test_research_artefacts.py::TestTheWindowedPerformanceOracles::test_all_fifteen_fixed_five_year_windows
tests/sentinel/test_research_artefacts.py::TestTheWindowedPerformanceOracles::test_the_five_regime_blocks
tests/sentinel/test_research_artefacts.py::TestTheWindowedPerformanceOracles::test_the_drawdowns_agree_too
tests/sentinel/test_research_artefacts.py::TestTheHeadlineMetrics::test_the_twenty_year_numbers_match_the_frozen_rule
tests/sentinel/test_research_artefacts.py::TestTheHeadlineMetrics::test_the_base_rows_of_the_BLOCKED_grids_still_match
tests/sentinel/test_research_artefacts.py::TestTheGateBOUNDARY::test_exactly_zero_is_FRAGILE
tests/sentinel/test_research_artefacts.py::TestTheGateBOUNDARY::test_just_above_zero_is_NOT
tests/sentinel/test_research_artefacts.py::TestTheGateBOUNDARY::test_just_below_zero_IS
tests/sentinel/test_research_artefacts.py::TestTheGateBOUNDARY::test_an_UNEVALUABLE_gate_is_neither
tests/sentinel/test_resource_envelope.py::test_the_compose_file_exists
tests/sentinel/test_resource_envelope.py::test_EVERY_service_declares_a_memory_limit
tests/sentinel/test_resource_envelope.py::test_EVERY_service_declares_a_cpu_limit
tests/sentinel/test_resource_envelope.py::test_the_read_only_panel_is_smaller_than_the_engine
tests/sentinel/test_resource_envelope.py::test_engine_covers_measured_actions_reconciliation_peak
tests/sentinel/test_resource_envelope.py::test_the_engine_is_bounded_below_a_plausible_NAS
tests/sentinel/test_resource_envelope.py::test_the_limits_are_documented_as_PROVISIONAL
tests/sentinel/test_resumable_historical_replay.py::test_january_formation_does_not_reset_book_or_enter_july_return
tests/sentinel/test_resumable_historical_replay.py::test_checkpoint_roundtrip_preserves_production_state_and_detects_corruption
tests/sentinel/test_resumable_historical_replay.py::test_applied_action_evidence_is_immutable_and_future_evidence_cannot_be_used_early
tests/sentinel/test_retained_coverage_closure.py::test_missing_required_coverage_refuses_before_reconciliation[1]
tests/sentinel/test_retained_coverage_closure.py::test_missing_required_coverage_refuses_before_reconciliation[2]
tests/sentinel/test_retained_coverage_closure.py::test_missing_required_coverage_refuses_before_reconciliation[3]
tests/sentinel/test_returning_identity.py::test_return_restarts_features_without_admission_and_survives_restart
tests/sentinel/test_returning_identity.py::test_missing_economic_dependency_anchor_is_not_inactive_reentry
tests/sentinel/test_reused_symbol_identity.py::test_unrelated_later_reuse_cannot_poison_or_capture_phge[restated-metadata]
tests/sentinel/test_reused_symbol_identity.py::test_unrelated_later_reuse_cannot_poison_or_capture_phge[restated-partial-actions]
tests/sentinel/test_reused_symbol_identity.py::test_unrelated_later_reuse_cannot_poison_or_capture_phge[restated-complete-actions]
tests/sentinel/test_reused_symbol_identity.py::test_unrelated_later_reuse_cannot_poison_or_capture_phge[reciprocal-metadata]
tests/sentinel/test_reused_symbol_identity.py::test_unrelated_later_reuse_cannot_poison_or_capture_phge[reciprocal-partial-actions]
tests/sentinel/test_reused_symbol_identity.py::test_unrelated_later_reuse_cannot_poison_or_capture_phge[reciprocal-complete-actions]
tests/sentinel/test_reused_symbol_identity.py::test_unrelated_later_reuse_cannot_poison_or_capture_phge[mixed-metadata]
tests/sentinel/test_reused_symbol_identity.py::test_unrelated_later_reuse_cannot_poison_or_capture_phge[mixed-partial-actions]
tests/sentinel/test_reused_symbol_identity.py::test_unrelated_later_reuse_cannot_poison_or_capture_phge[mixed-complete-actions]
tests/sentinel/test_reused_symbol_identity.py::test_actual_conflict_still_refuses_with_a_structured_reason[overlap]
tests/sentinel/test_reused_symbol_identity.py::test_actual_conflict_still_refuses_with_a_structured_reason[unbounded]
tests/sentinel/test_reused_symbol_identity.py::test_actual_conflict_still_refuses_with_a_structured_reason[same-id]
tests/sentinel/test_reused_symbol_identity.py::test_actual_conflict_still_refuses_with_a_structured_reason[damaged-own-history]
tests/sentinel/test_reused_symbol_identity.py::test_two_anchored_businesses_keep_separate_histories_and_effective_labels
tests/sentinel/test_review_findings.py::TestR1StoppedIsNotARejection::test_stopped_does_NOT_free_the_security
tests/sentinel/test_review_findings.py::TestR1StoppedIsNotARejection::test_every_status_that_can_still_trade_BLOCKS[stopped]
tests/sentinel/test_review_findings.py::TestR1StoppedIsNotARejection::test_every_status_that_can_still_trade_BLOCKS[calculated]
tests/sentinel/test_review_findings.py::TestR1StoppedIsNotARejection::test_every_status_that_can_still_trade_BLOCKS[done_for_day]
tests/sentinel/test_review_findings.py::TestR1StoppedIsNotARejection::test_every_status_that_can_still_trade_BLOCKS[pending_replace]
tests/sentinel/test_review_findings.py::TestR1StoppedIsNotARejection::test_every_status_that_can_still_trade_BLOCKS[replaced]
tests/sentinel/test_review_findings.py::TestR1StoppedIsNotARejection::test_every_status_that_can_still_trade_BLOCKS[new]
tests/sentinel/test_review_findings.py::TestR1StoppedIsNotARejection::test_every_status_that_can_still_trade_BLOCKS[accepted]
tests/sentinel/test_review_findings.py::TestR1StoppedIsNotARejection::test_every_status_that_can_still_trade_BLOCKS[pending_new]
tests/sentinel/test_review_findings.py::TestR1StoppedIsNotARejection::test_every_status_that_can_still_trade_BLOCKS[accepted_for_bidding]
tests/sentinel/test_review_findings.py::TestR1StoppedIsNotARejection::test_every_status_that_can_still_trade_BLOCKS[held]
tests/sentinel/test_review_findings.py::TestR1StoppedIsNotARejection::test_every_status_that_can_still_trade_BLOCKS[suspended]
tests/sentinel/test_review_findings.py::TestR1StoppedIsNotARejection::test_every_status_that_can_still_trade_BLOCKS[partially_filled]
tests/sentinel/test_review_findings.py::TestR1StoppedIsNotARejection::test_every_status_that_can_still_trade_BLOCKS[pending_cancel]
tests/sentinel/test_review_findings.py::TestR1StoppedIsNotARejection::test_only_genuinely_settled_statuses_are_terminal[filled]
tests/sentinel/test_review_findings.py::TestR1StoppedIsNotARejection::test_only_genuinely_settled_statuses_are_terminal[canceled]
tests/sentinel/test_review_findings.py::TestR1StoppedIsNotARejection::test_only_genuinely_settled_statuses_are_terminal[expired]
tests/sentinel/test_review_findings.py::TestR1StoppedIsNotARejection::test_only_genuinely_settled_statuses_are_terminal[rejected]
tests/sentinel/test_review_findings.py::TestR1StoppedIsNotARejection::test_external_replacement_is_flagged_as_anomalous
tests/sentinel/test_review_findings.py::TestR2FillsAreSynchronised::test_an_ACKNOWLEDGED_command_that_FILLS_is_not_foreign_activity
tests/sentinel/test_review_findings.py::TestR2FillsAreSynchronised::test_the_sync_is_PERSISTED_not_only_in_memory
tests/sentinel/test_review_findings.py::TestR2FillsAreSynchronised::test_a_PARTIAL_fill_is_synced_and_still_blocks
tests/sentinel/test_review_findings.py::TestR2FillsAreSynchronised::test_a_growing_PARTIAL_is_persisted_even_though_the_state_is_unchanged
tests/sentinel/test_review_findings.py::TestR2FillsAreSynchronised::test_the_book_converges_and_the_next_session_does_nothing
tests/sentinel/test_review_findings.py::TestR3EconomicsAreBoundToThePlan::test_the_executor_has_no_independent_desired_argument
tests/sentinel/test_review_findings.py::TestR3EconomicsAreBoundToThePlan::test_the_quantity_comes_from_the_PLAN
tests/sentinel/test_review_findings.py::TestR3EconomicsAreBoundToThePlan::test_a_key_rebuilt_with_DIFFERENT_economics_is_REFUSED
tests/sentinel/test_review_findings.py::TestR3EconomicsAreBoundToThePlan::test_a_flipped_SIDE_under_one_key_is_refused_too
tests/sentinel/test_review_findings.py::TestR3EconomicsAreBoundToThePlan::test_an_IDENTICAL_rebuild_is_fine_because_restarts_do_that
tests/sentinel/test_review_findings.py::TestR3EconomicsAreBoundToThePlan::test_new_intent_needs_a_NEW_identity
tests/sentinel/test_review_findings.py::TestR4RiskEnvelope::test_a_NEGATIVE_target_quantity_is_refused
tests/sentinel/test_review_findings.py::TestR4RiskEnvelope::test_exposure_outside_0_1_is_refused[-0.1]
tests/sentinel/test_review_findings.py::TestR4RiskEnvelope::test_exposure_outside_0_1_is_refused[1.5]
tests/sentinel/test_review_findings.py::TestR4RiskEnvelope::test_the_gate_runs_BEFORE_the_broker_is_touched
tests/sentinel/test_review_findings.py::TestR4RiskEnvelope::test_a_normal_long_plan_passes
tests/sentinel/test_review_findings.py::TestR5WriterLockIsTakenInside::test_execute_session_holds_the_lock
tests/sentinel/test_review_findings.py::TestR5WriterLockIsTakenInside::test_a_concurrent_session_is_REFUSED_not_silently_interleaved
tests/sentinel/test_review_findings.py::TestR5WriterLockIsTakenInside::test_the_lock_is_released_when_the_session_ends
tests/sentinel/test_review_findings.py::TestR7Transactionality::test_the_ownership_store_can_DEFER_its_commit
tests/sentinel/test_review_findings.py::TestR7Transactionality::test_binding_and_events_ROLL_BACK_TOGETHER
tests/sentinel/test_review_findings.py::TestRecoveredOrderAdoption::test_a_recovered_order_is_written_into_the_journal
tests/sentinel/test_review_findings.py::TestRecoveredOrderAdoption::test_a_CONFLICTING_recovered_order_does_not_poison_the_transaction
tests/sentinel/test_review_findings.py::TestR7FillIdentity::test_the_same_fill_re_read_is_not_double_counted
tests/sentinel/test_review_findings.py::TestR7FillIdentity::test_identity_does_NOT_depend_on_position_in_the_response
tests/sentinel/test_review_findings.py::TestR7FillIdentity::test_two_genuinely_different_fills_both_land
tests/sentinel/test_review_followup_20260825.py::test_cdc_request_shape_drift_refuses_before_fetch
tests/sentinel/test_review_followup_20260825.py::test_cdc_replay_is_available_only_after_two_exact_update_observations
tests/sentinel/test_review_followup_20260825.py::test_successful_seed_coverage_returns_positive_category_evidence
tests/sentinel/test_review_followup_20260825.py::test_shadow_health_requires_frontier_health_and_respects_latch
tests/sentinel/test_review_followup_20260825.py::test_shadow_retry_threshold_latches_instead_of_exit_restart_loop
tests/sentinel/test_review_followup_20260825.py::test_callback_deadline_remains_bounded_during_database_loss
tests/sentinel/test_review_followup_20260825.py::test_webhook_transport_failure_has_distinct_type
tests/sentinel/test_review_followup_20260825.py::test_webhook_http_failure_classification[401-False]
tests/sentinel/test_review_followup_20260825.py::test_webhook_http_failure_classification[403-False]
tests/sentinel/test_review_followup_20260825.py::test_webhook_http_failure_classification[404-False]
tests/sentinel/test_review_followup_20260825.py::test_webhook_http_failure_classification[410-False]
tests/sentinel/test_review_followup_20260825.py::test_webhook_http_failure_classification[408-True]
tests/sentinel/test_review_followup_20260825.py::test_webhook_http_failure_classification[425-True]
tests/sentinel/test_review_followup_20260825.py::test_webhook_http_failure_classification[429-True]
tests/sentinel/test_review_followup_20260825.py::test_webhook_http_failure_classification[503-True]
tests/sentinel/test_rolling_admission_readers.py::test_warmup_is_the_selected_canonical_production_transition
tests/sentinel/test_rolling_admission_readers.py::test_signed_rolling_candidate_installs_and_activates_with_reobserved_inputs
tests/sentinel/test_rolling_admission_readers.py::test_public_candidate_cli_holds_one_generation_across_all_stages
tests/sentinel/test_rolling_admission_readers.py::test_offline_issuer_refuses_rehashed_evidence_for_different_strategy_or_corpus
tests/sentinel/test_rolling_admission_readers.py::test_candidate_refuses_warmup_for_different_generation_or_strategy[publication_fingerprint]
tests/sentinel/test_rolling_admission_readers.py::test_candidate_refuses_warmup_for_different_generation_or_strategy[strategy_identity_sha256]
tests/sentinel/test_rolling_admission_readers.py::test_candidate_refuses_warmup_for_different_generation_or_strategy[decision_session]
tests/sentinel/test_rolling_admission_readers.py::test_readiness_cache_is_bound_to_authenticated_publication
tests/sentinel/test_rolling_admission_readers.py::test_informational_paper_panel_receives_the_rolling_frontier
tests/sentinel/test_rolling_admission_readers.py::test_stale_readiness_is_a_failure_not_a_provider_retry_permission
tests/sentinel/test_rolling_admission_readers.py::test_integrity_refusal_never_dispatches_to_a_different_reader
tests/sentinel/test_rolling_admission_readers.py::test_generated_installer_programs_read_real_rolling_publication
tests/sentinel/test_rolling_audit_acceptance.py::test_source_rounded_common_benchmark_scale_advances[0.5]
tests/sentinel/test_rolling_audit_acceptance.py::test_source_rounded_common_benchmark_scale_advances[0.997123]
tests/sentinel/test_rolling_audit_acceptance.py::test_nonuniform_change_outside_source_precision_refuses
tests/sentinel/test_rolling_audit_acceptance.py::test_current_dated_rename_advances_same_security
tests/sentinel/test_rolling_daily.py::test_daily_advances_pending_book_and_matches_canonical_transition
tests/sentinel/test_rolling_daily.py::test_repeated_continuation_outlives_origin_prices
tests/sentinel/test_rolling_daily.py::test_historical_economic_changes_refuse_without_advancing[raw]
tests/sentinel/test_rolling_daily.py::test_historical_economic_changes_refuse_without_advancing[signal]
tests/sentinel/test_rolling_daily.py::test_historical_economic_changes_refuse_without_advancing[volume]
tests/sentinel/test_rolling_daily.py::test_historical_economic_changes_refuse_without_advancing[sector]
tests/sentinel/test_rolling_daily.py::test_historical_economic_changes_refuse_without_advancing[actions]
tests/sentinel/test_rolling_daily.py::test_historical_economic_changes_refuse_without_advancing[spy]
tests/sentinel/test_rolling_daily.py::test_historical_economic_changes_refuse_without_advancing[bil]
tests/sentinel/test_rolling_daily.py::test_uniform_rebase_is_accepted
tests/sentinel/test_rolling_daily.py::test_missing_causal_sessions_never_jump_cursor
tests/sentinel/test_rolling_daily.py::test_failed_write_rolls_back_record_and_checkpoint[append]
tests/sentinel/test_rolling_daily.py::test_failed_write_rolls_back_record_and_checkpoint[archive]
tests/sentinel/test_rolling_daily.py::test_failed_write_rolls_back_record_and_checkpoint[checkpoint]
tests/sentinel/test_rolling_daily.py::test_changed_signed_checkpoint_refuses
tests/sentinel/test_rolling_daily.py::test_changed_input_archive_refuses
tests/sentinel/test_rolling_daily.py::test_input_archive_cannot_be_overwritten
tests/sentinel/test_rolling_daily.py::test_proof_cannot_admit_a_different_prior_state
tests/sentinel/test_rolling_daily.py::test_checkpoint_reads_only_current_suffix_in_read_only_transaction
tests/sentinel/test_rolling_daily.py::test_lost_commit_reply_recovers_once
tests/sentinel/test_rolling_daily.py::test_stale_checkpoint_cannot_overwrite_current
tests/sentinel/test_rolling_daily.py::test_checkpoint_refuses_tampered_or_foreign_lineage[record]
tests/sentinel/test_rolling_daily.py::test_checkpoint_refuses_tampered_or_foreign_lineage[foreign]
tests/sentinel/test_rolling_daily.py::test_checkpoint_refuses_tampered_or_foreign_lineage[suffix]
tests/sentinel/test_rolling_daily.py::test_final_write_rechecks_authority[deadline]
tests/sentinel/test_rolling_daily.py::test_final_write_rechecks_authority[backup]
tests/sentinel/test_rolling_daily.py::test_writer_lock_excludes_continuation
tests/sentinel/test_rolling_daily.py::test_overlap_guard_distinguishes_economic_changes[keys-IDENTITY_KEYS]
tests/sentinel/test_rolling_daily.py::test_overlap_guard_distinguishes_economic_changes[signal-NONUNIFORM_SIGNAL]
tests/sentinel/test_rolling_daily.py::test_overlap_guard_distinguishes_economic_changes[raw-RAW_ECONOMICS]
tests/sentinel/test_rolling_daily.py::test_overlap_guard_distinguishes_economic_changes[spy-NONUNIFORM_BENCHMARK]
tests/sentinel/test_rolling_daily.py::test_overlap_guard_distinguishes_economic_changes[bil-BIL_RAW_ECONOMICS]
tests/sentinel/test_rolling_daily.py::test_live_anchor_outside_snapshot_refuses
tests/sentinel/test_rolling_go_inputs.py::test_first_prepare_is_idempotent_without_behavioral_state
tests/sentinel/test_rolling_go_inputs.py::test_preparation_retry_reuses_job_and_original_deadline
tests/sentinel/test_rolling_go_inputs.py::test_source_final_target_cannot_be_selected_by_caller
tests/sentinel/test_rolling_go_inputs.py::test_failed_attempt_book_is_preserved_and_not_adopted
tests/sentinel/test_rolling_go_inputs.py::test_readiness_reads_snapshot_without_legacy_tables
tests/sentinel/test_rolling_go_inputs.py::test_readiness_refuses_stale_frontier
tests/sentinel/test_rolling_go_inputs.py::test_readiness_checks_canonical_current_inputs[domain]
tests/sentinel/test_rolling_go_inputs.py::test_readiness_checks_canonical_current_inputs[warmup]
tests/sentinel/test_rolling_go_inputs.py::test_readiness_checks_canonical_current_inputs[population]
tests/sentinel/test_rolling_go_inputs.py::test_readiness_checks_canonical_current_inputs[issuer]
tests/sentinel/test_rolling_go_inputs.py::test_readiness_checks_canonical_current_inputs[bil]
tests/sentinel/test_rolling_go_inputs.py::test_strategy_request_is_bound_to_current_source
tests/sentinel/test_rolling_go_inputs.py::test_sealed_payload_tamper_refuses
tests/sentinel/test_rolling_go_inputs.py::test_database_health_measures_actual_snapshot_queries_and_pin
tests/sentinel/test_rolling_go_inputs.py::test_database_health_refuses_a_missing_publication_pin
tests/sentinel/test_rolling_go_inputs.py::test_supported_go_preparation_and_readiness_payloads_use_rolling
tests/sentinel/test_rolling_go_inputs.py::test_snapshot_parity_uses_canonical_warmup_without_creating_a_book
tests/sentinel/test_rolling_history_retention.py::test_old_command_and_bil_actions_survive_real_retirement_and_restart
tests/sentinel/test_rolling_history_retention.py::test_no_action_aging_needs_no_expired_prices
tests/sentinel/test_rolling_history_retention.py::test_out_of_window_correction_is_scoped_and_original_evidence_immutable
tests/sentinel/test_rolling_history_retention.py::test_retained_cash_reader_supplies_old_entitlement_without_synthetic_cash
tests/sentinel/test_rolling_history_retention.py::test_atomic_history_and_publication_rollback_then_lost_ack
tests/sentinel/test_rolling_history_retention.py::test_current_generation_cannot_be_retired_even_by_direct_sql
tests/sentinel/test_rolling_history_retention.py::test_reader_pin_excludes_cleanup_and_incremental_retry_finishes
tests/sentinel/test_rolling_history_retention.py::test_cleanup_rollback_and_failure_do_not_stop_next_publication
tests/sentinel/test_rolling_history_retention.py::test_repeated_publications_bound_bulk_storage_and_preserve_failed_attempts
tests/sentinel/test_rolling_history_retention.py::test_missing_retained_event_cannot_become_no_action
tests/sentinel/test_rolling_history_retention.py::test_terminal_candidate_cleanup_preserves_job_and_exact_reacquisition
tests/sentinel/test_rolling_history_retention.py::test_active_job_and_worker_scratch_survive_maintenance
tests/sentinel/test_rolling_history_retention.py::test_explicit_read_only_generation_reader_pins_until_transaction_ends
tests/sentinel/test_rolling_history_retention.py::test_history_outside_initial_basis_is_not_fabricated
tests/sentinel/test_rolling_history_retention.py::test_backup_authority_refusal_retains_data_and_retries
tests/sentinel/test_rolling_history_retention.py::test_retained_payload_cannot_be_rehydrated_under_different_identity
tests/sentinel/test_rolling_history_retention.py::test_pinned_candidates_do_not_starve_retirement
tests/sentinel/test_rolling_history_retention.py::test_idempotent_schema_migration_after_cleanup_preserves_archive
tests/sentinel/test_rolling_history_retention.py::test_advance_cannot_bridge_unobserved_action_interval
tests/sentinel/test_rolling_history_retention.py::test_retirement_requires_shared_writer_ownership
tests/sentinel/test_rolling_history_retention.py::test_idle_maintenance_drains_backlog_without_another_publication
tests/sentinel/test_rolling_history_retention.py::test_shadow_idle_loop_drains_then_yields_without_reacquisition
tests/sentinel/test_rolling_initialization.py::test_composed_input_keeps_spy_equity_and_bil_domains_separate[cold]
tests/sentinel/test_rolling_initialization.py::test_composed_input_keeps_spy_equity_and_bil_domains_separate[formed]
tests/sentinel/test_rolling_initialization.py::test_real_publication_forms_historical_book_and_atomic_checkpoint
tests/sentinel/test_rolling_initialization.py::test_restart_does_not_read_prices_warm_or_transition_again
tests/sentinel/test_rolling_initialization.py::test_restart_survives_absent_original_price_payloads
tests/sentinel/test_rolling_initialization.py::test_restart_reads_a_consistent_read_only_snapshot
tests/sentinel/test_rolling_initialization.py::test_checkpoint_cannot_change_capital_or_observation[starting_cash-200000]
tests/sentinel/test_rolling_initialization.py::test_checkpoint_cannot_change_capital_or_observation[observation_id-other]
tests/sentinel/test_rolling_initialization.py::test_partial_state_is_never_interpreted_as_fresh[catchup]
tests/sentinel/test_rolling_initialization.py::test_partial_state_is_never_interpreted_as_fresh[catchup:resume_commitment:v1]
tests/sentinel/test_rolling_initialization.py::test_partial_state_is_never_interpreted_as_fresh[shadow-observation:v1:other:genesis]
tests/sentinel/test_rolling_initialization.py::test_partial_state_is_never_interpreted_as_fresh[shadow-segment:v3:other:00000001]
tests/sentinel/test_rolling_initialization.py::test_partial_state_is_never_interpreted_as_fresh[unexpected-book]
tests/sentinel/test_rolling_initialization.py::test_existing_execution_history_prevents_new_genesis
tests/sentinel/test_rolling_initialization.py::test_orphaned_strategy_evidence_prevents_new_genesis
tests/sentinel/test_rolling_initialization.py::test_failed_first_state_leaves_no_partial_seed[genesis]
tests/sentinel/test_rolling_initialization.py::test_failed_first_state_leaves_no_partial_seed[session]
tests/sentinel/test_rolling_initialization.py::test_failed_first_state_leaves_no_partial_seed[checkpoint]
tests/sentinel/test_rolling_initialization.py::test_lost_ack_recovers_exact_checkpoint
tests/sentinel/test_rolling_initialization.py::test_checkpoint_authentication_detects_valid_json_mutations[input_value]
tests/sentinel/test_rolling_initialization.py::test_checkpoint_authentication_detects_valid_json_mutations[state_sha256]
tests/sentinel/test_rolling_initialization.py::test_checkpoint_authentication_detects_valid_json_mutations[starting_cash]
tests/sentinel/test_rolling_initialization.py::test_changed_state_cannot_be_self_rehashed_into_checkpoint
tests/sentinel/test_rolling_initialization.py::test_missing_checkpoint_does_not_reseed_existing_state
tests/sentinel/test_rolling_initialization.py::test_extra_shadow_lineage_prevents_checkpoint_admission
tests/sentinel/test_rolling_initialization.py::test_transition_that_crosses_next_open_is_not_committed
tests/sentinel/test_rolling_initialization.py::test_final_checkpoint_write_cannot_extend_opening_deadline
tests/sentinel/test_rolling_initialization.py::test_unreviewed_publication_cannot_seed
tests/sentinel/test_rolling_initialization.py::test_acquisition_bound_to_another_strategy_cannot_seed
tests/sentinel/test_rolling_initialization.py::test_backup_gate_precedes_any_genesis_write
tests/sentinel/test_rolling_initialization.py::test_common_writer_lock_excludes_another_initializer
tests/sentinel/test_rolling_initialization.py::test_failed_publication_does_not_burn_a_committed_version
tests/sentinel/test_rolling_inputs.py::test_empty_legacy_corpus_forms_canonical_initial_pending_book
tests/sentinel/test_rolling_inputs.py::test_independent_reference_generations_and_full_history
tests/sentinel/test_rolling_inputs.py::test_terminal_siblings_and_weekend_dates_use_canonical_coalescer
tests/sentinel/test_rolling_inputs.py::test_unresolved_terminal_cannot_be_excluded_by_bounded_price_absence
tests/sentinel/test_rolling_inputs.py::test_reference_validation_must_name_this_snapshot[schema]
tests/sentinel/test_rolling_inputs.py::test_reference_validation_must_name_this_snapshot[snapshot]
tests/sentinel/test_rolling_inputs.py::test_wrong_snapshot_and_unknown_reference_schema_refuse
tests/sentinel/test_rolling_inputs.py::test_conflicting_metadata_does_not_depend_on_source_order
tests/sentinel/test_rolling_inputs.py::test_bar_identity_must_resolve_in_same_reference_generation
tests/sentinel/test_rolling_inputs.py::test_returning_security_does_not_get_an_invented_first_observation
tests/sentinel/test_rolling_inputs.py::test_genuine_first_day_listing_remains_eligible_for_later_feature_formation
tests/sentinel/test_rolling_inputs.py::test_ambiguous_active_symbol_refuses_even_when_metadata_agrees
tests/sentinel/test_rolling_inputs.py::test_reference_actions_cannot_claim_future_information
tests/sentinel/test_rolling_inputs.py::test_rename_uses_same_dated_projection_as_price_normalization
tests/sentinel/test_rolling_inputs.py::test_source_bundle_feeds_adapter_without_legacy_publication
tests/sentinel/test_rolling_inputs.py::test_cold_start_verifies_restored_payload_not_only_manifest
tests/sentinel/test_rolling_paper_inputs.py::test_readers_bind_snapshot_raw_marks_and_leave_legacy_readers_closed
tests/sentinel/test_rolling_paper_inputs.py::test_next_open_resolver_is_bounded_and_historical_dates_do_not_borrow_extension
tests/sentinel/test_rolling_paper_inputs.py::test_action_reader_requires_retained_predecessor_and_never_reads_legacy_rows
tests/sentinel/test_rolling_paper_inputs.py::test_corrupt_receipt_cannot_trigger_a_permissive_reader_fallback
tests/sentinel/test_rolling_paper_inputs.py::test_legacy_opening_identity_uses_the_publication_reader
tests/sentinel/test_rolling_paper_inputs.py::test_real_paper_preparation_and_restart_reuse_only_verified_rolling_shadow[alpaca-False]
tests/sentinel/test_rolling_paper_inputs.py::test_real_paper_preparation_and_restart_reuse_only_verified_rolling_shadow[alpaca-True]
tests/sentinel/test_rolling_paper_inputs.py::test_rolling_preparation_refuses_non_shadow_mode_before_broker_read
tests/sentinel/test_rolling_paper_inputs.py::test_candidate_only_shadow_cannot_become_a_paper_plan
tests/sentinel/test_rolling_paper_inputs.py::test_automation_refresh_consumes_current_shadow_without_acquisition
tests/sentinel/test_rolling_paper_inputs.py::test_fresh_broker_guard_rechecks_snapshot_receipt_after_read
tests/sentinel/test_rolling_paper_inputs.py::test_snapshot_dividend_inputs_reuse_entitlement_domains
tests/sentinel/test_rolling_paper_inputs.py::test_snapshot_actions_preserve_scalar_and_material_reconciliation_policy
tests/sentinel/test_rolling_paper_inputs.py::test_next_open_identity_never_extends_a_delisted_or_reused_symbol[delisted]
tests/sentinel/test_rolling_paper_inputs.py::test_next_open_identity_never_extends_a_delisted_or_reused_symbol[competing]
tests/sentinel/test_rolling_paper_inputs.py::test_next_open_identity_never_extends_a_delisted_or_reused_symbol[successor]
tests/sentinel/test_rolling_reader.py::test_explicit_generation_and_bounded_sql
tests/sentinel/test_rolling_reader.py::test_snapshot_identity_cannot_be_substituted
tests/sentinel/test_rolling_reader.py::test_unknown_semantics_refuse
tests/sentinel/test_rolling_reader.py::test_unsealed_candidate_refuses
tests/sentinel/test_rolling_reader.py::test_price_range_cannot_escape_snapshot
tests/sentinel/test_rolling_reader.py::test_invalid_or_unavailable_spy_tail_refuses[1]
tests/sentinel/test_rolling_reader.py::test_invalid_or_unavailable_spy_tail_refuses[True]
tests/sentinel/test_rolling_reader.py::test_invalid_or_unavailable_spy_tail_refuses[2.5]
tests/sentinel/test_rolling_reader.py::test_invalid_or_unavailable_spy_tail_refuses[301]
tests/sentinel/test_rolling_reader.py::test_restart_budget_is_measured_through_cursor_not_window_end
tests/sentinel/test_rolling_reader.py::test_old_or_future_live_anchor_is_not_guessed[2000-01-03]
tests/sentinel/test_rolling_reader.py::test_old_or_future_live_anchor_is_not_guessed[2026-08-21]
tests/sentinel/test_rolling_reader.py::test_missing_live_anchor_is_not_guessed
tests/sentinel/test_rolling_reader.py::test_anchor_identity_date_and_price_domains
tests/sentinel/test_rolling_reader.py::test_composed_input_keeps_spy_equity_and_bil_domains_separate
tests/sentinel/test_rolling_reader.py::test_corrupt_benchmark_tail_refuses
tests/sentinel/test_rolling_reader.py::test_empty_session_refuses
tests/sentinel/test_rolling_reader.py::test_comparison_preserves_explicit_legacy_references
tests/sentinel/test_rolling_reader.py::test_storage_optional_bil_fields_are_required_for_economic_read[bil_open]
tests/sentinel/test_rolling_reader.py::test_storage_optional_bil_fields_are_required_for_economic_read[bil_adjusted]
tests/sentinel/test_rolling_reader.py::test_kernel_rehearsal_preserves_checkpoint_and_has_no_authority
tests/sentinel/test_rolling_reader.py::test_input_drift_refuses_even_when_book_holds_only_cash
tests/sentinel/test_rolling_reader.py::test_exact_input_comparison_does_not_use_python_numeric_equality
tests/sentinel/test_rolling_reader.py::test_nonconsecutive_successor_refuses
tests/sentinel/test_rolling_reader.py::test_kernel_output_difference_refuses
tests/sentinel/test_rolling_reader.py::test_checkpoint_uses_existing_attestations_not_vendor_genesis
tests/sentinel/test_rolling_reader.py::test_checkpoint_rejects_unattested_candidate
tests/sentinel/test_rolling_reader.py::test_checkpoint_rejects_rehashed_corrupt_authority
tests/sentinel/test_rolling_reader.py::test_write_capable_transaction_refuses_before_any_work
tests/sentinel/test_rolling_reader.py::test_cli_rolls_back_and_redacts_driver_errors
tests/sentinel/test_rolling_reader.py::test_read_only_rehearsal_uses_retained_origin_and_never_promotes
tests/sentinel/test_rolling_reader.py::test_rehearsal_refuses_changed_bindings[expected_publication_version-6-LEGACY_PUBLICATION_CHANGED]
tests/sentinel/test_rolling_reader.py::test_rehearsal_refuses_changed_bindings[strategy_sha256-bbbbbbbbbbbbbbbbbbbbbbbbbbbbbbbbbbbbbbbbbbbbbbbbbbbbbbbbbbbbbbbb-CHECKPOINT_STRATEGY_MISMATCH]
tests/sentinel/test_rolling_reader.py::test_rehearsal_refuses_changed_bindings[cursor-2026-08-19-CHECKPOINT_CURSOR_MISMATCH]
tests/sentinel/test_rolling_reader.py::test_unpublished_comparison_refuses
tests/sentinel/test_rolling_reader.py::test_selected_champion_resumes_pending_book_through_same_kernel
tests/sentinel/test_rolling_recovery.py::test_interrupted_book_matches_continuous_production_run[False]
tests/sentinel/test_rolling_recovery.py::test_interrupted_book_matches_continuous_production_run[True]
tests/sentinel/test_rolling_recovery.py::test_recovery_crash_keeps_exact_candidate_without_retransition[candidate]
tests/sentinel/test_rolling_recovery.py::test_recovery_crash_keeps_exact_candidate_without_retransition[receipt]
tests/sentinel/test_rolling_recovery.py::test_expired_genesis_candidate_recovers_without_reset_or_replay
tests/sentinel/test_rolling_recovery.py::test_service_waits_for_exact_missing_input_preserving_identity
tests/sentinel/test_rolling_recovery.py::test_late_publication_cannot_be_backdated
tests/sentinel/test_rolling_recovery.py::test_ambiguous_or_retired_history_is_not_guessed[ambiguous]
tests/sentinel/test_rolling_recovery.py::test_ambiguous_or_retired_history_is_not_guessed[retired]
tests/sentinel/test_rolling_recovery.py::test_stale_retention_rule_is_refused_without_runtime_migration
tests/sentinel/test_rolling_recovery.py::test_unconsumed_snapshot_sql_guard_has_a_real_removal_falsifier
tests/sentinel/test_rolling_recovery.py::test_reconstruction_clock_cannot_claim_timely_authority[future]
tests/sentinel/test_rolling_recovery.py::test_reconstruction_clock_cannot_claim_timely_authority[naive]
tests/sentinel/test_rolling_recovery.py::test_reconstruction_clock_cannot_claim_timely_authority[prospective]
tests/sentinel/test_rolling_recovery_report_inputs.py::test_recovery_gates_do_not_materialize_warmup[False]
tests/sentinel/test_rolling_recovery_report_inputs.py::test_recovery_gates_do_not_materialize_warmup[True]
tests/sentinel/test_rolling_report_consumers.py::test_report_only_entrypoints_never_materialize[assessment]
tests/sentinel/test_rolling_report_consumers.py::test_report_only_entrypoints_never_materialize[readiness]
tests/sentinel/test_rolling_report_consumers.py::test_report_only_entrypoints_never_materialize[execution]
tests/sentinel/test_rolling_report_consumers.py::test_report_only_entrypoints_never_materialize[prepare]
tests/sentinel/test_rolling_report_consumers.py::test_report_only_entrypoints_never_materialize[runtime_retry]
tests/sentinel/test_rolling_report_consumers.py::test_first_acquisition_verification_never_materializes
tests/sentinel/test_rolling_report_consumers.py::test_report_consumers_preserve_stale_frontier_semantics[assessment]
tests/sentinel/test_rolling_report_consumers.py::test_report_consumers_preserve_stale_frontier_semantics[readiness]
tests/sentinel/test_rolling_report_consumers.py::test_report_consumers_preserve_stale_frontier_semantics[execution]
tests/sentinel/test_rolling_report_consumers.py::test_report_consumers_refuse_late_corruption[assessment]
tests/sentinel/test_rolling_report_consumers.py::test_report_consumers_refuse_late_corruption[readiness]
tests/sentinel/test_rolling_report_consumers.py::test_report_consumers_refuse_late_corruption[execution]
tests/sentinel/test_rolling_restore_integrity.py::test_restore_refuses_corrupt_current_rolling_dependencies[checkpoint]
tests/sentinel/test_rolling_restore_integrity.py::test_restore_refuses_corrupt_current_rolling_dependencies[snapshot]
tests/sentinel/test_rolling_restore_integrity.py::test_restore_refuses_corrupt_current_rolling_dependencies[missing-origin]
tests/sentinel/test_rolling_restore_integrity.py::test_uninitialized_rolling_publication_is_a_valid_empty_restore
tests/sentinel/test_rolling_restore_integrity.py::test_public_status_checks_final_compressed_series_after_valid_storage_rehash[initial_state-129]
tests/sentinel/test_rolling_restore_integrity.py::test_public_status_checks_final_compressed_series_after_valid_storage_rehash[state-129]
tests/sentinel/test_rolling_restore_integrity.py::test_populated_physical_restore_preserves_book_and_advances_next_session[inline]
tests/sentinel/test_rolling_restore_integrity.py::test_populated_physical_restore_preserves_book_and_advances_next_session[compressed]
tests/sentinel/test_rolling_restore_integrity.py::test_published_price_oracle_refuses_a_dollar_of_invented_cash
tests/sentinel/test_rolling_retention_runtime.py::test_checkpoint_handoff_releases_origin_prices_and_restore_keeps_current_closure
tests/sentinel/test_rolling_retention_runtime.py::test_service_keeps_valid_trading_state_when_cleanup_fails
tests/sentinel/test_rolling_runtime.py::test_first_runtime_approval_is_signed_bound_and_idempotent
tests/sentinel/test_rolling_runtime.py::test_committed_candidate_requires_runtime_attestation
tests/sentinel/test_rolling_runtime.py::test_authority_failure_preserves_candidate_and_recovery_never_replays
tests/sentinel/test_rolling_runtime.py::test_postcommit_cutoff_crossing_cannot_issue_authority
tests/sentinel/test_rolling_runtime.py::test_lost_authority_commit_acknowledgement_recovers_exact_row
tests/sentinel/test_rolling_runtime.py::test_authority_tamper_refuses_runtime_status[signature]
tests/sentinel/test_rolling_runtime.py::test_authority_tamper_refuses_runtime_status[checkpoint]
tests/sentinel/test_rolling_runtime.py::test_authority_tamper_refuses_runtime_status[runtime]
tests/sentinel/test_rolling_runtime.py::test_authority_tamper_refuses_runtime_status[timing]
tests/sentinel/test_rolling_runtime.py::test_authority_tamper_refuses_runtime_status[chain]
tests/sentinel/test_rolling_runtime.py::test_status_is_readonly_without_warmup_or_transition
tests/sentinel/test_rolling_runtime.py::test_daily_runtime_continuation_and_bounded_restart
tests/sentinel/test_rolling_runtime.py::test_daily_cannot_skip_missing_predecessor_authority
tests/sentinel/test_rolling_runtime.py::test_unattested_candidate_cannot_be_skipped_by_new_publication
tests/sentinel/test_rolling_runtime.py::test_runtime_requires_exact_target_and_adjacent_session
tests/sentinel/test_rolling_runtime.py::test_backup_refusal_after_candidate_commit_cannot_issue_authority
tests/sentinel/test_rolling_runtime.py::test_publication_and_writer_locks_span_candidate_and_authority_commits
tests/sentinel/test_rolling_runtime.py::test_changed_reviewed_runtime_withdraws_verification
tests/sentinel/test_rolling_runtime.py::test_rolling_book_cannot_dispatch_back_to_legacy_publication
tests/sentinel/test_rolling_runtime.py::test_actual_shadow_service_initializes_and_acquires_next_snapshot
tests/sentinel/test_rolling_runtime.py::test_production_worker_gap_waits_without_legacy_catchup
tests/sentinel/test_rolling_snapshot_jobs.py::test_duplicate_wakes_keep_one_job_and_original_deadline
tests/sentinel/test_rolling_snapshot_jobs.py::test_an_active_owner_excludes_a_second_worker
tests/sentinel/test_rolling_snapshot_jobs.py::test_reclaimed_fence_refuses_old_worker_and_keeps_checkpoints
tests/sentinel/test_rolling_snapshot_jobs.py::test_each_lease_identity_is_required[owner]
tests/sentinel/test_rolling_snapshot_jobs.py::test_each_lease_identity_is_required[fence]
tests/sentinel/test_rolling_snapshot_jobs.py::test_heartbeat_is_not_meaningful_progress
tests/sentinel/test_rolling_snapshot_jobs.py::test_wait_releases_worker_and_resumes_same_stage
tests/sentinel/test_rolling_snapshot_jobs.py::test_expired_deadline_cannot_be_extended_or_reclaimed
tests/sentinel/test_rolling_snapshot_jobs.py::test_retry_cannot_hide_budget_exhaustion
tests/sentinel/test_rolling_snapshot_jobs.py::test_component_is_idempotent_but_changed_generation_refuses
tests/sentinel/test_rolling_snapshot_jobs.py::test_checkpoint_names_cannot_persist_urls_paths_or_arbitrary_ids[https://vendor.invalid/secret]
tests/sentinel/test_rolling_snapshot_jobs.py::test_checkpoint_names_cannot_persist_urls_paths_or_arbitrary_ids[C:/private/file.zip]
tests/sentinel/test_rolling_snapshot_jobs.py::test_checkpoint_names_cannot_persist_urls_paths_or_arbitrary_ids[SEP?api_key=secret]
tests/sentinel/test_rolling_snapshot_jobs.py::test_checkpoint_names_cannot_persist_urls_paths_or_arbitrary_ids[account-123]
tests/sentinel/test_rolling_snapshot_jobs.py::test_ready_requires_exact_sealed_candidate_and_does_not_publish
tests/sentinel/test_rolling_snapshot_jobs.py::test_candidate_with_different_window_refuses
tests/sentinel/test_rolling_snapshot_jobs.py::test_ready_rechecks_lease_after_loading_evidence
tests/sentinel/test_rolling_snapshot_jobs.py::test_terminal_outcomes_are_retained_and_cannot_reopen
tests/sentinel/test_rolling_snapshot_jobs.py::test_source_checkpoint_bytes_and_request_cannot_be_rewritten
tests/sentinel/test_rolling_snapshot_jobs.py::test_job_schema_validation_is_read_only
tests/sentinel/test_rolling_snapshot_publisher.py::test_direct_complete_candidate_is_isolated_and_idempotent
tests/sentinel/test_rolling_snapshot_publisher.py::test_bad_source_never_publishes[missing_equity]
tests/sentinel/test_rolling_snapshot_publisher.py::test_bad_source_never_publishes[missing_benchmark]
tests/sentinel/test_rolling_snapshot_publisher.py::test_bad_source_never_publishes[duplicate]
tests/sentinel/test_rolling_snapshot_publisher.py::test_bad_source_never_publishes[raw]
tests/sentinel/test_rolling_snapshot_publisher.py::test_bad_source_never_publishes[ambiguous_split]
tests/sentinel/test_rolling_snapshot_publisher.py::test_pending_export_is_durable_wait_without_new_deadline
tests/sentinel/test_rolling_snapshot_publisher.py::test_crash_restarts_from_durable_components_or_ready[seal]
tests/sentinel/test_rolling_snapshot_publisher.py::test_crash_restarts_from_durable_components_or_ready[ready]
tests/sentinel/test_rolling_snapshot_publisher.py::test_corroboration_refuses_changed_ticker_fields
tests/sentinel/test_rolling_snapshot_publisher.py::test_corroboration_refuses_changed_refresh
tests/sentinel/test_rolling_snapshot_publisher.py::test_compare_and_swap_loser_preserves_winner
tests/sentinel/test_rolling_snapshot_publisher.py::test_publication_transaction_rolls_back_before_visibility
tests/sentinel/test_rolling_snapshot_publisher.py::test_producer_refusal_happens_before_source_io
tests/sentinel/test_rolling_snapshot_publisher.py::test_backup_refusal_happens_before_source_io
tests/sentinel/test_rolling_snapshot_publisher.py::test_legacy_publication_change_invalidates_ready
tests/sentinel/test_rolling_snapshot_publisher.py::test_ready_checkpoint_changed_content_refuses
tests/sentinel/test_rolling_snapshot_publisher.py::test_acquisition_resume_checks_completed_components
tests/sentinel/test_rolling_snapshot_publisher.py::test_corroboration_refuses_changed_benchmark
tests/sentinel/test_rolling_snapshot_publisher.py::test_preflight_refuses_mixed_sep_refreshes
tests/sentinel/test_rolling_snapshot_publisher.py::test_source_rejects_unclosed_target
tests/sentinel/test_rolling_snapshot_publisher.py::test_benchmark_key_guard_is_exact
tests/sentinel/test_rolling_snapshot_publisher.py::test_post_validation_lease_is_rechecked
tests/sentinel/test_rolling_snapshot_publisher.py::test_comparison_catalog_is_immutable
tests/sentinel/test_rolling_snapshot_publisher.py::test_old_comparison_cannot_replace_newer_frontier
tests/sentinel/test_rolling_snapshot_publisher.py::test_retry_after_is_not_shortened
tests/sentinel/test_rolling_snapshot_publisher.py::test_writer_contention_is_a_durable_retry
tests/sentinel/test_rolling_snapshot_publisher.py::test_source_network_is_outside_common_writer_lock
tests/sentinel/test_rolling_snapshot_publisher.py::test_missing_independent_ticker_key_refuses
tests/sentinel/test_rolling_snapshot_storage.py::test_window_counts_sessions_and_rejects_missing_middle
tests/sentinel/test_rolling_snapshot_storage.py::test_existing_300_only_catalog_migrates_without_rewriting_old_manifest
tests/sentinel/test_rolling_snapshot_storage.py::test_aggregate_requirement_and_bounded_scope
tests/sentinel/test_rolling_snapshot_storage.py::test_invalid_price_domains_refuse[close_unadjusted-0]
tests/sentinel/test_rolling_snapshot_storage.py::test_invalid_price_domains_refuse[close_signal-nan]
tests/sentinel/test_rolling_snapshot_storage.py::test_invalid_price_domains_refuse[split_ratio--1]
tests/sentinel/test_rolling_snapshot_storage.py::test_invalid_price_domains_refuse[open_unadjusted-inf]
tests/sentinel/test_rolling_snapshot_storage.py::test_invalid_price_domains_refuse[volume--1]
tests/sentinel/test_rolling_snapshot_storage.py::test_invalid_price_domains_refuse[dividend_per_share-nan]
tests/sentinel/test_rolling_snapshot_storage.py::test_invalid_price_domains_refuse[volume-True]
tests/sentinel/test_rolling_snapshot_storage.py::test_invalid_price_domains_refuse[close_unadjusted-50]
tests/sentinel/test_rolling_snapshot_storage.py::test_noncanonical_labels_refuse[]
tests/sentinel/test_rolling_snapshot_storage.py::test_noncanonical_labels_refuse[ ]
tests/sentinel/test_rolling_snapshot_storage.py::test_noncanonical_labels_refuse[ P-AAA]
tests/sentinel/test_rolling_snapshot_storage.py::test_noncanonical_labels_refuse[P-AAA ]
tests/sentinel/test_rolling_snapshot_storage.py::test_seal_is_content_addressed_and_attempt_independent
tests/sentinel/test_rolling_snapshot_storage.py::test_missing_middle_refuses_and_leaves_private_candidate[bar]
tests/sentinel/test_rolling_snapshot_storage.py::test_missing_middle_refuses_and_leaves_private_candidate[benchmark]
tests/sentinel/test_rolling_snapshot_storage.py::test_independent_coverage_refuses_keyset_drift[missing]
tests/sentinel/test_rolling_snapshot_storage.py::test_independent_coverage_refuses_keyset_drift[extra]
tests/sentinel/test_rolling_snapshot_storage.py::test_independent_coverage_refuses_keyset_drift[wrong_identity]
tests/sentinel/test_rolling_snapshot_storage.py::test_independent_coverage_refuses_keyset_drift[duplicate]
tests/sentinel/test_rolling_snapshot_storage.py::test_legitimate_ipo_absence_uses_independent_keys
tests/sentinel/test_rolling_snapshot_storage.py::test_wrong_benchmark_axis_refuses
tests/sentinel/test_rolling_snapshot_storage.py::test_later_bad_batch_rolls_back_all_uncommitted_rows
tests/sentinel/test_rolling_snapshot_storage.py::test_duplicate_and_off_axis_rows_fail_in_database
tests/sentinel/test_rolling_snapshot_storage.py::test_sealed_rows_and_evidence_are_immutable_even_through_sql
tests/sentinel/test_rolling_snapshot_storage.py::test_truncate_cannot_erase_snapshot_evidence[sentinel_snapshot_evidence]
tests/sentinel/test_rolling_snapshot_storage.py::test_truncate_cannot_erase_snapshot_evidence[sentinel_price_candidates]
tests/sentinel/test_rolling_snapshot_storage.py::test_truncate_cannot_erase_snapshot_evidence[sentinel_snapshot_bars]
tests/sentinel/test_rolling_snapshot_storage.py::test_truncate_cannot_erase_snapshot_evidence[sentinel_snapshot_benchmarks]
tests/sentinel/test_rolling_snapshot_storage.py::test_presealed_insert_cannot_bypass_sealing
tests/sentinel/test_rolling_snapshot_storage.py::test_rollback_of_seal_preserves_committed_private_batches
tests/sentinel/test_rolling_snapshot_storage.py::test_explicit_generation_reader_survives_a_newer_candidate
tests/sentinel/test_rolling_snapshot_storage.py::test_restore_verification_reads_payload_not_only_manifest[bar_value]
tests/sentinel/test_rolling_snapshot_storage.py::test_restore_verification_reads_payload_not_only_manifest[bar_missing]
tests/sentinel/test_rolling_snapshot_storage.py::test_restore_verification_reads_payload_not_only_manifest[benchmark_value]
tests/sentinel/test_rolling_snapshot_storage.py::test_missing_reference_and_corrupt_evidence_refuse
tests/sentinel/test_rolling_snapshot_storage.py::test_seal_lock_blocks_a_concurrent_insert
tests/sentinel/test_rolling_snapshot_storage.py::test_explicit_feed_migration_and_read_only_schema_validation
tests/sentinel/test_rolling_status_inputs.py::test_compact_coverage_matches_independent_sql_counts
tests/sentinel/test_rolling_status_inputs.py::test_status_does_not_materialize_warmup_and_keeps_economic_state
tests/sentinel/test_rolling_status_inputs.py::test_both_assessments_keep_identical_readiness_clauses
tests/sentinel/test_rolling_status_inputs.py::test_compact_status_rejects_late_hash_corruption_despite_unchanged_counts
tests/sentinel/test_rolling_status_inputs.py::test_compact_reader_checks_dated_identity_after_valid_hashes
tests/sentinel/test_rolling_status_inputs.py::test_compact_reader_keeps_terminal_reference_refusal
tests/sentinel/test_rolling_status_inputs.py::test_compact_status_refuses_stale_source_final_frontier
tests/sentinel/test_rollout_rotation_schema.py::test_controller_certificate_rotation_is_valid_rollout_history
tests/sentinel/test_rollout_rotation_schema.py::test_controller_same_certificate_noop_still_breaks_mode_chain
tests/sentinel/test_rollout_rotation_schema.py::test_different_legacy_certificate_cannot_masquerade_as_rotation
tests/sentinel/test_rollout_rotation_schema.py::test_unrelated_signed_certificate_cannot_masquerade_as_rotation
tests/sentinel/test_rollout_rotation_schema.py::test_nonadvancing_issuer_generation_cannot_rotate
tests/sentinel/test_rollout_rotation_schema.py::test_pinned_same_mode_event_still_breaks_mode_chain
tests/sentinel/test_runtime_is_the_artifact.py::TestTheIdentityRecordFindsBothSourceTrees::test_it_resolves_them_by_IMPORT_not_by_repo_layout
tests/sentinel/test_runtime_is_the_artifact.py::TestTheIdentityRecordFindsBothSourceTrees::test_neither_hash_is_NULL
tests/sentinel/test_runtime_is_the_artifact.py::TestTheIdentityRecordFindsBothSourceTrees::test_a_MISSING_source_tree_makes_the_record_UNCERTIFIED
tests/sentinel/test_runtime_is_the_artifact.py::TestTheIdentityRecordFindsBothSourceTrees::test_sources_known_is_FALSE_when_a_tree_cannot_be_found
tests/sentinel/test_runtime_is_the_artifact.py::TestTheIdentityRecordFindsBothSourceTrees::test_the_source_hash_of_an_ABSENT_path_is_None_not_an_error
tests/sentinel/test_runtime_is_the_artifact.py::TestPytestImportsTheRUNTIMECode::test_sentinel_is_imported_from_app
tests/sentinel/test_runtime_is_the_artifact.py::TestPytestImportsTheRUNTIMECode::test_wealth_core_comes_from_the_INSTALLED_package
tests/sentinel/test_runtime_is_the_artifact.py::TestPytestImportsTheRUNTIMECode::test_the_inspection_copy_is_NOT_importable
tests/sentinel/test_runtime_is_the_artifact.py::TestPytestImportsTheRUNTIMECode::test_the_ARTEFACT_matches_the_checkout_it_claims_to_be_built_from
tests/sentinel/test_runtime_is_the_artifact.py::TestPytestImportsTheRUNTIMECode::test_WEALTH_CORE_also_matches_its_checkout
tests/sentinel/test_runtime_is_the_artifact.py::TestPytestImportsTheRUNTIMECode::test_the_environment_reports_itself_COMPATIBLE
tests/sentinel/test_runtime_is_the_artifact.py::TestTheGateIsNotVacuous::test_the_in_image_marker_is_OFF_in_a_checkout_and_ON_in_the_image
tests/sentinel/test_runtime_is_the_artifact.py::TestTheGateIsNotVacuous::test_the_test_image_does_NOT_copy_runtime_code_onto_the_path
tests/sentinel/test_runtime_regressions_137_148_149_150.py::test_148_readiness_session_scan_is_bounded_and_visibility_preserved
tests/sentinel/test_runtime_regressions_137_148_149_150.py::test_148_preparation_guard_rechecks_boundary_without_full_readiness
tests/sentinel/test_runtime_regressions_137_148_149_150.py::test_149_emergency_cli_does_not_enter_schema_preflight
tests/sentinel/test_runtime_regressions_137_148_149_150.py::test_149_host_emergency_path_needs_no_backup_or_authorized_environment
tests/sentinel/test_runtime_regressions_137_148_149_150.py::test_150_require_leader_leaves_backend_idle_not_idle_in_transaction
tests/sentinel/test_runtime_regressions_137_148_149_150.py::test_150_runtime_schema_is_read_only_and_does_not_repair
tests/sentinel/test_runtime_regressions_137_148_149_150.py::test_150_runtime_validation_coexists_with_idle_reader
tests/sentinel/test_runtime_regressions_137_148_149_150.py::test_150_explicit_schema_ddl_has_bounded_lock_wait
tests/sentinel/test_runtime_regressions_137_148_149_150.py::test_150_automation_composition_uses_read_only_runtime_schema_gate
tests/sentinel/test_runtime_regressions_137_148_149_150.py::test_137_future_certificate_stages_before_not_before_but_activation_waits
tests/sentinel/test_runtime_regressions_137_148_149_150.py::test_137_candidate_cli_captures_lifecycle_reference_before_warmup
tests/sentinel/test_runtime_selection_contract.py::test_runtime_preflight_reports_stale_before_expensive_validation
tests/sentinel/test_runtime_selection_contract.py::test_runtime_preflight_match_is_explicit
tests/sentinel/test_runtime_selection_contract.py::test_runtime_preflight_missing_prior_image_is_nonfatal
tests/sentinel/test_runtime_selection_contract.py::test_runtime_preflight_invalid_selector_configuration_fails_immediately
tests/sentinel/test_runtime_selection_contract.py::test_generic_promotion_cannot_select_same_revision_without_certification
tests/sentinel/test_runtime_selection_contract.py::test_development_input_never_promotes_runtime
tests/sentinel/test_runtime_selection_contract.py::test_go_launcher_orders_preflight_verified_validator_and_exact_promotion
tests/sentinel/test_runtime_selection_contract.py::test_compose_prefers_validated_runtime_pointer_before_resolution
tests/sentinel/test_schema_migrations.py::test_feed_owned_relations_allow_behavioral_bootstrap_but_unknown_relations_refuse
tests/sentinel/test_schema_migrations.py::test_brand_new_behavioral_database_seeds_once[empty]
tests/sentinel/test_schema_migrations.py::test_brand_new_behavioral_database_seeds_once[feed-only]
tests/sentinel/test_schema_migrations.py::test_verified_backup_marker_may_precede_behavioral_schema
tests/sentinel/test_schema_migrations.py::test_only_the_exact_backup_relation_is_recognized
tests/sentinel/test_schema_migrations.py::test_backup_relation_with_an_extra_index_is_not_exact
tests/sentinel/test_schema_migrations.py::test_unrelated_unknown_relation_still_refuses_markerless_bootstrap
tests/sentinel/test_schema_migrations.py::test_public_builtin_shadows_cannot_change_migration_semantics
tests/sentinel/test_schema_migrations.py::test_real_pre_rollout_upgrade_seeds_but_leaves_old_plan_unstamped
tests/sentinel/test_schema_migrations.py::test_exact_fb97372_upgrade_backfills_command_identity_without_rewrite
tests/sentinel/test_schema_migrations.py::test_markerless_legacy_with_missing_safety_index_is_not_recognized
tests/sentinel/test_schema_migrations.py::test_exact_6113_bridge_preserves_all_durable_operational_intent
tests/sentinel/test_schema_migrations.py::test_markerless_6113_bridge_requires_exact_semantic_catalog[mode-default]
tests/sentinel/test_schema_migrations.py::test_markerless_6113_bridge_requires_exact_semantic_catalog[rollout-constraint]
tests/sentinel/test_schema_migrations.py::test_markerless_6113_bridge_requires_exact_semantic_catalog[active-certificate-index]
tests/sentinel/test_schema_migrations.py::test_damaged_exact_6113_schema_is_not_misclassified_as_bridge_or_legacy[singleton]
tests/sentinel/test_schema_migrations.py::test_damaged_exact_6113_schema_is_not_misclassified_as_bridge_or_legacy[table]
tests/sentinel/test_schema_migrations.py::test_deleted_current_singleton_refuses_across_ensure_and_restart
tests/sentinel/test_schema_migrations.py::test_deleted_current_rollout_table_with_history_is_never_repaired
tests/sentinel/test_schema_migrations.py::test_ledgered_schema_with_missing_safety_index_refuses_without_repair
tests/sentinel/test_schema_migrations.py::test_ledgered_schema_with_invalid_safety_index_refuses
tests/sentinel/test_schema_migrations.py::test_safety_index_predicate_literal_case_is_semantic
tests/sentinel/test_schema_migrations.py::test_stage4_runtime_requires_complete_semantic_catalog[column-type]
tests/sentinel/test_schema_migrations.py::test_stage4_runtime_requires_complete_semantic_catalog[column-default]
tests/sentinel/test_schema_migrations.py::test_stage4_runtime_requires_complete_semantic_catalog[constraint-definition]
tests/sentinel/test_schema_migrations.py::test_stage4_runtime_requires_complete_semantic_catalog[index-definition]
tests/sentinel/test_schema_migrations.py::test_stage4_runtime_requires_complete_semantic_catalog[unexpected-trigger]
tests/sentinel/test_schema_migrations.py::test_stage4_runtime_requires_complete_semantic_catalog[unexpected-column]
tests/sentinel/test_schema_migrations.py::test_unlogged_rollout_authority_is_not_a_durable_current_schema
tests/sentinel/test_schema_migrations.py::test_missing_or_corrupt_migration_authority_refuses_without_repair[missing]
tests/sentinel/test_schema_migrations.py::test_missing_or_corrupt_migration_authority_refuses_without_repair[empty]
tests/sentinel/test_schema_migrations.py::test_missing_or_corrupt_migration_authority_refuses_without_repair[corrupt-name]
tests/sentinel/test_schema_migrations.py::test_missing_or_corrupt_migration_authority_refuses_without_repair[corrupt-hash]
tests/sentinel/test_schema_migrations.py::test_missing_or_corrupt_migration_authority_refuses_without_repair[corrupt-bootstrap]
tests/sentinel/test_schema_migrations.py::test_missing_or_corrupt_migration_authority_refuses_without_repair[corrupt-source]
tests/sentinel/test_schema_migrations.py::test_missing_or_corrupt_migration_authority_refuses_without_repair[gapped]
tests/sentinel/test_schema_migrations.py::test_missing_or_corrupt_migration_authority_refuses_without_repair[future]
tests/sentinel/test_schema_migrations.py::test_four_concurrent_first_initializers_serialize_to_one_seed
tests/sentinel/test_schema_migrations.py::test_migration_or_seed_failure_rolls_back_every_effect[seed-empty]
tests/sentinel/test_schema_migrations.py::test_migration_or_seed_failure_rolls_back_every_effect[seed-legacy]
tests/sentinel/test_schema_migrations.py::test_migration_or_seed_failure_rolls_back_every_effect[post-seed-empty]
tests/sentinel/test_schema_migrations.py::test_migration_or_seed_failure_rolls_back_every_effect[post-seed-legacy]
tests/sentinel/test_schema_migrations.py::test_6113_bridge_failure_rolls_back_witness_and_preserves_state
tests/sentinel/test_schema_migrations.py::test_repeated_ensure_schema_is_a_data_and_authority_noop
tests/sentinel/test_seed_membership_sample.py::test_context_dependent_onset_exception_stays_with_full_capture
tests/sentinel/test_seed_symbol_transition.py::test_real_seed_capture_refuses_mismatch_and_accepts_consistent_reference[stale-False-missing0-unresolved0]
tests/sentinel/test_seed_symbol_transition.py::test_real_seed_capture_refuses_mismatch_and_accepts_consistent_reference[one-updated-False-missing1-unresolved1]
tests/sentinel/test_seed_symbol_transition.py::test_real_seed_capture_refuses_mismatch_and_accepts_consistent_reference[consistent-False-missing2-unresolved2]
tests/sentinel/test_seed_symbol_transition.py::test_real_seed_capture_refuses_mismatch_and_accepts_consistent_reference[consistent-True-missing3-unresolved3]
tests/sentinel/test_seed_symbol_transition.py::test_unresolved_symbol_diagnostic_is_bounded_and_order_independent
tests/sentinel/test_seed_symbol_transition.py::test_diagnostic_does_not_make_unclassified_rows_eligible_or_a_new_refusal
tests/sentinel/test_seed_vendor_clock.py::test_production_seed_uses_captured_vendor_boundary
tests/sentinel/test_seed_vendor_clock.py::test_injected_seed_keeps_market_end_as_deterministic_update_ceiling
tests/sentinel/test_sep_frozen_source_authority.py::test_public_sep_wrapper_refuses_cursor_after_frozen_ceiling
tests/sentinel/test_sep_frozen_source_authority.py::test_daily_reuses_one_frozen_source_ceiling_for_rotation_and_sep
tests/sentinel/test_sep_frozen_source_authority.py::test_complete_sep_export_precedes_actions_authority
tests/sentinel/test_sep_frozen_source_authority.py::test_composite_export_refreshes_actions_at_final_destructive_gate
tests/sentinel/test_sep_frozen_source_authority.py::test_post_retirement_source_change_refuses_reconciliation_authority
tests/sentinel/test_sep_negative_space_economic_guards.py::test_retirement_refuses_fractional_split_event
tests/sentinel/test_sep_negative_space_economic_guards.py::test_retirement_refuses_dividend_entitlement
tests/sentinel/test_sep_negative_space_economic_guards.py::test_retirement_allows_economically_empty_row
tests/sentinel/test_sep_negative_space_economic_guards.py::test_retirement_refuses_new_current_actions_dividend_on_stale_zero_bar
tests/sentinel/test_sep_negative_space_economic_guards.py::test_retirement_refuses_new_current_actions_split_on_stale_unit_bar
tests/sentinel/test_sep_negative_space_economic_guards.py::test_small_published_split_must_survive_canonical_bridge_resolution
tests/sentinel/test_sep_negative_space_economic_guards.py::test_unit_split_edge_accepts_bridge_inside_canonical_no_event_band
tests/sentinel/test_sep_negative_space_economic_guards.py::test_derived_only_nonunit_successor_refused_when_bridge_is_unusable
tests/sentinel/test_sep_negative_space_economic_guards.py::test_authoritative_nonunit_successor_survives_unusable_bridge
tests/sentinel/test_sep_negative_space_economic_guards.py::test_complete_export_disagreement_refuses_before_retirement
tests/sentinel/test_sep_negative_space_economic_guards.py::test_production_repair_uses_fresh_complete_export_and_persists_evidence
tests/sentinel/test_sep_negative_space_economic_guards.py::test_guarded_plan_persists_complete_export_authority
tests/sentinel/test_sep_negative_space_economic_guards.py::test_production_retirement_refuses_missing_actions_authority
tests/sentinel/test_sep_negative_space_economic_guards.py::test_production_rotating_reconciliation_uses_source_day
tests/sentinel/test_sep_negative_space_economic_guards.py::test_injected_reconciliation_keeps_market_ceiling
tests/sentinel/test_sep_negative_space_p1_regressions.py::test_retirement_refuses_source_rows_rejected_by_normalisation[dropped_no_raw_close-rejection0]
tests/sentinel/test_sep_negative_space_p1_regressions.py::test_retirement_refuses_source_rows_rejected_by_normalisation[dropped_no_identity-rejection1]
tests/sentinel/test_sep_negative_space_p1_regressions.py::test_retirement_accepts_lossless_source_normalisation
tests/sentinel/test_sep_negative_space_p1_regressions.py::test_post_commit_publish_exception_preserves_successful_origin_run
tests/sentinel/test_sep_negative_space_self_heal.py::test_reconcile_year_repairs_only_local_row_surplus
tests/sentinel/test_sep_negative_space_self_heal.py::test_reconcile_year_never_self_heals_missing_or_substituted_local_keys[local0]
tests/sentinel/test_sep_negative_space_self_heal.py::test_reconcile_year_never_self_heals_missing_or_substituted_local_keys[local1]
tests/sentinel/test_sep_negative_space_self_heal.py::test_reconcile_year_rechecks_values_after_negative_space_repair
tests/sentinel/test_sep_negative_space_self_heal.py::test_repair_refuses_if_source_changes_between_detection_and_reobservation
tests/sentinel/test_sep_negative_space_self_heal.py::test_repair_refuses_if_current_source_key_is_missing_locally
tests/sentinel/test_sep_negative_space_self_heal.py::test_repair_refuses_value_drift_even_when_source_keys_exist
tests/sentinel/test_sep_negative_space_self_heal.py::test_bridge_split_ratio_detects_deleted_intermediate_split_bar
tests/sentinel/test_sep_negative_space_self_heal.py::test_repair_refuses_when_retirement_would_change_split_chain
tests/sentinel/test_sep_negative_space_self_heal.py::test_failed_atomic_retirement_marks_repair_run_failed
tests/sentinel/test_sep_negative_space_self_heal.py::test_retirement_key_digest_is_order_sensitive_to_canonical_plan
tests/sentinel/test_sep_observation_authority.py::test_frozen_daily_ceiling_accepts_already_stronger_sep_cursor
tests/sentinel/test_sep_observation_authority.py::test_recent_frontier_reuses_established_sep_observation_ceiling
tests/sentinel/test_sep_observation_authority.py::test_rotation_uses_explicit_frozen_observation_ceiling
tests/sentinel/test_sep_reconciliation_action_order.py::test_production_rotation_reconciles_actions_before_sep_partition
tests/sentinel/test_sep_reconciliation_action_order.py::test_injected_rotation_does_not_gain_production_actions_authority
tests/sentinel/test_sep_retirement_mutation_authority.py::test_mutation_boundary_requires_complete_authority
tests/sentinel/test_sep_retirement_mutation_authority.py::test_mutation_boundary_rejects_same_day_future_sep_refresh
tests/sentinel/test_sep_retirement_mutation_authority.py::test_mutation_boundary_requires_exact_frozen_ceiling_binding
tests/sentinel/test_sep_retirement_mutation_authority.py::test_mutation_boundary_requires_exact_frozen_instant_binding
tests/sentinel/test_sep_retirement_mutation_authority.py::test_mutation_boundary_rejects_forged_evidence_on_injected_fetch
tests/sentinel/test_sep_retirement_mutation_authority.py::test_complete_export_refuses_generation_after_frozen_ceiling
tests/sentinel/test_sep_retirement_mutation_authority.py::test_complete_export_persists_frozen_boundary_in_authority
tests/sentinel/test_sep_retirement_mutation_authority.py::test_published_retirement_is_append_only_tombstone
tests/sentinel/test_sep_retirement_mutation_authority.py::test_retirement_entry_points_refuse_absent_authority_before_database_access[evidence0-_retire_and_publish_authorized]
tests/sentinel/test_sep_retirement_mutation_authority.py::test_retirement_entry_points_refuse_absent_authority_before_database_access[evidence0-_retire_and_publish]
tests/sentinel/test_sep_retirement_mutation_authority.py::test_retirement_entry_points_refuse_absent_authority_before_database_access[evidence1-_retire_and_publish_authorized]
tests/sentinel/test_sep_retirement_mutation_authority.py::test_retirement_entry_points_refuse_absent_authority_before_database_access[evidence1-_retire_and_publish]
tests/sentinel/test_sep_retirement_mutation_authority.py::test_retirement_entry_points_refuse_absent_authority_before_database_access[evidence2-_retire_and_publish_authorized]
tests/sentinel/test_sep_retirement_mutation_authority.py::test_retirement_entry_points_refuse_absent_authority_before_database_access[evidence2-_retire_and_publish]
tests/sentinel/test_sep_retirement_postgres.py::test_retirement_publishes_tombstone_and_preserves_evidence
tests/sentinel/test_sep_retirement_source_authority.py::test_retirement_refuses_unusable_current_actions_dividend[None]
tests/sentinel/test_sep_retirement_source_authority.py::test_retirement_refuses_unusable_current_actions_dividend[0.0]
tests/sentinel/test_sep_retirement_source_authority.py::test_retirement_refuses_unusable_current_actions_dividend[-0.25]
tests/sentinel/test_sep_retirement_source_authority.py::test_retirement_refuses_prefix_removal_when_successor_has_derived_split
tests/sentinel/test_sep_retirement_source_authority.py::test_retirement_allows_prefix_removal_when_successor_is_unit_split
tests/sentinel/test_sep_retirement_source_authority.py::test_complete_export_source_spools_months_and_replays
tests/sentinel/test_sep_retirement_source_authority.py::test_complete_export_source_refuses_cross_refresh_composite
tests/sentinel/test_sep_retirement_source_authority.py::test_complete_export_source_refuses_same_day_refresh_after_frozen_boundary
tests/sentinel/test_session_freshness.py::TestTheAnchorsAreReal::test_the_certified_calendar_explicitly_covers_the_1998_seed
tests/sentinel/test_session_freshness.py::TestTheAnchorsAreReal::test_a_reversed_calendar_range_refuses
tests/sentinel/test_session_freshness.py::TestTheAnchorsAreReal::test_the_calendar_agrees_with_the_dates_this_file_reasons_about
tests/sentinel/test_session_freshness.py::TestTheAnchorsAreReal::test_half_day_close_is_read_from_the_real_xnys_schedule
tests/sentinel/test_session_freshness.py::TestTheFailure::test_a_three_session_hole_inside_one_week_is_STALE
tests/sentinel/test_session_freshness.py::TestTheFailure::test_the_evening_BEFORE_the_close_is_not_stale
tests/sentinel/test_session_freshness.py::TestTheFailure::test_after_the_close_the_SAME_DAY_is_owed
tests/sentinel/test_session_freshness.py::TestTheFailure::test_a_weekend_does_not_make_a_current_corpus_stale
tests/sentinel/test_session_freshness.py::TestTheFailure::test_thanksgiving_does_not_make_a_current_corpus_stale
tests/sentinel/test_session_freshness.py::TestTheFailure::test_but_the_HALF_DAY_after_thanksgiving_is_still_owed
tests/sentinel/test_session_freshness.py::TestTheFailure::test_the_christmas_stretch_does_not_false_alarm
tests/sentinel/test_session_freshness.py::TestTheFailure::test_a_FUTURE_session_is_an_anomaly_not_freshness
tests/sentinel/test_session_freshness.py::TestTheFailure::test_a_day_XNYS_NEVER_HELD_is_an_anomaly_too
tests/sentinel/test_session_freshness.py::TestTheFailure::test_TODAYS_session_before_the_close_is_EARLY_not_anomalous
tests/sentinel/test_session_freshness.py::TestDegradation::test_no_calendar_is_UNKNOWN_rather_than_fresh
tests/sentinel/test_session_freshness.py::TestDegradation::test_an_empty_corpus_is_not_evaluable_either
tests/sentinel/test_session_freshness.py::TestReadinessUsesIt::test_the_day_budget_is_GONE
tests/sentinel/test_session_freshness.py::TestReadinessUsesIt::test_freshness_reports_SESSIONS_not_days
tests/sentinel/test_session_freshness.py::TestThePanelAgrees::test_the_panels_sessions_behind_counts_SESSIONS
tests/sentinel/test_session_freshness.py::TestThePanelAgrees::test_a_monday_holding_fridays_data_is_ZERO_behind
tests/sentinel/test_session_freshness.py::TestThePanelAgrees::test_and_the_old_arithmetic_would_have_said_three
tests/sentinel/test_shadow_heartbeat_isolation.py::test_heartbeat_fault_never_leaves_an_unsupervised_worker[error]
tests/sentinel/test_shadow_heartbeat_isolation.py::test_heartbeat_fault_never_leaves_an_unsupervised_worker[stall]
tests/sentinel/test_shadow_heartbeat_isolation.py::test_heartbeat_fault_never_leaves_an_unsupervised_worker[normal]
tests/sentinel/test_shadow_heartbeat_isolation.py::test_heartbeat_fault_never_leaves_an_unsupervised_worker[terminal]
tests/sentinel/test_shadow_heartbeat_isolation.py::test_heartbeat_fault_never_leaves_an_unsupervised_worker[cleanup_stall]
tests/sentinel/test_shadow_observation.py::test_warmup_identity_detects_any_historical_price_action_correction[raw_close-10.01]
tests/sentinel/test_shadow_observation.py::test_warmup_identity_detects_any_historical_price_action_correction[raw_open-10.02]
tests/sentinel/test_shadow_observation.py::test_warmup_identity_detects_any_historical_price_action_correction[split_ratio-2.0]
tests/sentinel/test_shadow_observation.py::test_warmup_identity_detects_any_historical_price_action_correction[dividend_per_share-0.25]
tests/sentinel/test_shadow_observation.py::test_warmup_identity_detects_static_and_causal_metadata_corrections
tests/sentinel/test_shadow_observation.py::test_pure_canonical_transition_is_a_non_deployable_candidate
tests/sentinel/test_shadow_observation.py::test_bil_adjusted_open_formula_divides_by_signal_close_exactly_once
tests/sentinel/test_shadow_observation.py::test_first_committed_close_stays_cash_and_earns_no_past_return
tests/sentinel/test_shadow_observation.py::test_initial_open_charges_only_the_new_bil_sleeve[1-1]
tests/sentinel/test_shadow_observation.py::test_initial_open_charges_only_the_new_bil_sleeve[0-0.999]
tests/sentinel/test_shadow_observation.py::test_full_precision_parent_open_prevents_fractional_cent_phantom_return
tests/sentinel/test_shadow_observation.py::test_bil_return_is_invariant_to_current_publication_scale_restatement
tests/sentinel/test_shadow_observation.py::test_changed_allocation_uses_old_overnight_new_intraday_and_10bp_shift
tests/sentinel/test_shadow_observation.py::test_ex_date_dividend_belongs_to_the_prior_close_allocation[1-0-expected0]
tests/sentinel/test_shadow_observation.py::test_ex_date_dividend_belongs_to_the_prior_close_allocation[0-1-expected1]
tests/sentinel/test_shadow_observation.py::test_ex_date_dividend_belongs_to_the_prior_close_allocation[1-1-expected2]
tests/sentinel/test_shadow_observation.py::test_ex_date_dividend_belongs_to_the_prior_close_allocation[0-0-expected3]
tests/sentinel/test_shadow_observation.py::test_terminal_entitlement_belongs_to_the_prior_close_allocation[cash_merger-110-1-0-expected0]
tests/sentinel/test_shadow_observation.py::test_terminal_entitlement_belongs_to_the_prior_close_allocation[cash_merger-110-0-1-expected1]
tests/sentinel/test_shadow_observation.py::test_terminal_entitlement_belongs_to_the_prior_close_allocation[cash_merger-110-1-1-expected2]
tests/sentinel/test_shadow_observation.py::test_terminal_entitlement_belongs_to_the_prior_close_allocation[cash_merger-110-0-0-expected3]
tests/sentinel/test_shadow_observation.py::test_terminal_entitlement_belongs_to_the_prior_close_allocation[conversion-120-1-0-expected4]
tests/sentinel/test_shadow_observation.py::test_terminal_entitlement_belongs_to_the_prior_close_allocation[conversion-120-0-1-expected5]
tests/sentinel/test_shadow_observation.py::test_terminal_entitlement_belongs_to_the_prior_close_allocation[conversion-120-1-1-expected6]
tests/sentinel/test_shadow_observation.py::test_terminal_entitlement_belongs_to_the_prior_close_allocation[conversion-120-0-0-expected7]
tests/sentinel/test_shadow_observation.py::test_terminal_causality_rotates_the_committed_model_identity
tests/sentinel/test_shadow_observation.py::test_only_adjacent_xnys_sessions_advance_and_restart_verifies_chain
tests/sentinel/test_shadow_observation.py::test_unpublished_next_session_refuses_before_canonical_advance
tests/sentinel/test_shadow_observation.py::test_gap_refuses_before_canonical_advance
tests/sentinel/test_shadow_observation.py::test_exact_retry_is_idempotent_but_changed_input_is_a_rewrite
tests/sentinel/test_shadow_observation.py::test_publication_that_does_not_cover_session_is_not_fully_published
tests/sentinel/test_shadow_observation.py::test_changed_durable_row_fails_closed_on_restart
tests/sentinel/test_shadow_observation.py::test_rehashed_strategy_economics_rewrite_fails_closed_on_restart
tests/sentinel/test_shadow_observation.py::test_rehashed_but_incoherent_session_state_still_fails_closed
tests/sentinel/test_shadow_observation.py::test_rehashed_but_weakened_publication_semantics_still_fail_closed
tests/sentinel/test_shadow_observation.py::test_starting_cash_is_explicit_and_cannot_adopt_account_equity
tests/sentinel/test_shadow_observation.py::test_seed_requires_exact_canonical_slot_cardinality_and_defaults
tests/sentinel/test_shadow_observation.py::test_nonpositive_shadow_nav_cannot_be_labelled_verified
tests/sentinel/test_shadow_observation.py::test_blocked_unresolved_equity_emits_no_verified_nav_or_return
tests/sentinel/test_shadow_observation.py::test_restart_refuses_rehashed_unresolved_performance_record
tests/sentinel/test_shadow_observation.py::test_corrupt_immutable_genesis_cannot_seed_a_restart
tests/sentinel/test_shadow_observation.py::test_runtime_identity_drift_requires_a_new_observation_lineage
tests/sentinel/test_shadow_observation.py::test_activation_after_following_open_cannot_commit_genesis
tests/sentinel/test_shadow_observation.py::test_postgres_adapter_uses_distinct_immutable_namespaced_rows
tests/sentinel/test_shadow_observation.py::test_postgres_publication_source_holds_pin_and_passes_restart_anchors
tests/sentinel/test_shadow_observation.py::test_only_real_postgres_runtime_promotes_candidate_to_shadow_go
tests/sentinel/test_shadow_observation.py::test_postgres_runtime_refuses_go_when_full_readiness_fails
tests/sentinel/test_shadow_observation.py::test_candidate_without_runtime_attestation_never_verifies
tests/sentinel/test_shadow_observation.py::test_crash_after_candidate_commit_recovers_only_before_open
tests/sentinel/test_shadow_observation.py::test_shadow_service_restart_recovers_exact_partial_lineage_end_to_end[GENESIS_ONLY]
tests/sentinel/test_shadow_observation.py::test_shadow_service_restart_recovers_exact_partial_lineage_end_to_end[TRAILING_CANDIDATE]
tests/sentinel/test_shadow_observation.py::test_shadow_service_partial_lineage_is_permanently_refused_at_cutoff
tests/sentinel/test_shadow_observation.py::test_direct_shadow_runtime_cannot_bypass_source_not_before
tests/sentinel/test_shadow_observation.py::test_fresh_genesis_requires_exact_reviewed_publication_subject
tests/sentinel/test_shadow_observation.py::test_trailing_candidate_is_permanently_refused_at_following_open
tests/sentinel/test_shadow_observation.py::test_tampered_rehashed_runtime_authority_is_not_verified
tests/sentinel/test_shadow_observation.py::test_same_session_retry_revalidates_exact_postgres_authority
tests/sentinel/test_shadow_observation.py::test_exact_publication_authority_avoids_repeated_252_session_scan
tests/sentinel/test_shadow_observation.py::test_status_accepts_only_scale_equivalent_same_frontier_republication
tests/sentinel/test_shadow_observation.py::test_same_frontier_raw_price_correction_withdraws_verified_status
tests/sentinel/test_shadow_observation.py::test_historical_warmup_correction_withdraws_verified_status
tests/sentinel/test_shadow_observation.py::test_d_plus_one_overlap_correction_withdraws_status_and_blocks_advance
tests/sentinel/test_shadow_observation.py::test_memory_store_cannot_be_promoted_to_shadow_go
tests/sentinel/test_shadow_observation.py::test_postgres_promotion_requires_canonical_warmup_reloader
tests/sentinel/test_shadow_observation.py::test_module_has_no_broker_or_execution_import_or_mutation_api
tests/sentinel/test_shadow_observation.py::test_shadow_runtime_import_graph_is_broker_free
tests/sentinel/test_shadow_service.py::test_shadow_service_refuses_any_broker_authority_environment[ALPACA_API_KEY]
tests/sentinel/test_shadow_service.py::test_shadow_service_refuses_any_broker_authority_environment[ALPACA_SECRET_KEY]
tests/sentinel/test_shadow_service.py::test_shadow_service_refuses_any_broker_authority_environment[SENTINEL_PAPER_ACCOUNT_ID]
tests/sentinel/test_shadow_service.py::test_shadow_service_config_is_explicit_and_normalized
tests/sentinel/test_shadow_service.py::test_new_installation_defaults_to_fifty_thousand_across_runtime_callers
tests/sentinel/test_shadow_service.py::test_shadow_service_requires_every_reviewed_digest[SENTINEL_VALIDATED_SOURCE_IDENTITY_SHA256]
tests/sentinel/test_shadow_service.py::test_shadow_service_requires_every_reviewed_digest[SENTINEL_VALIDATED_SHADOW_CONFIG_SHA256]
tests/sentinel/test_shadow_service.py::test_shadow_service_requires_every_reviewed_digest[SENTINEL_VALIDATED_DATA_PUBLICATION_SHA256]
tests/sentinel/test_shadow_service.py::test_shadow_service_requires_every_reviewed_digest[SENTINEL_REVIEWED_VALIDATION_BUNDLE_SHA256]
tests/sentinel/test_shadow_service.py::test_shadow_service_requires_reviewed_shadow_capable_mode[]
tests/sentinel/test_shadow_service.py::test_shadow_service_requires_reviewed_shadow_capable_mode[paper]
tests/sentinel/test_shadow_service.py::test_shadow_service_requires_reviewed_shadow_capable_mode[unexpected]
tests/sentinel/test_shadow_service.py::test_rolling_service_preserves_availability_retry_and_integrity_refusal[True]
tests/sentinel/test_shadow_service.py::test_rolling_service_preserves_availability_retry_and_integrity_refusal[False]
tests/sentinel/test_shadow_service.py::test_lineage_preflight_accepts_only_truly_empty_not_started
tests/sentinel/test_shadow_service.py::test_public_preflight_never_marks_retrospective_fresh_start_healthy
tests/sentinel/test_shadow_service.py::test_lineage_preflight_requires_verified_shadow_go
tests/sentinel/test_shadow_service.py::test_structural_preflight_names_attested_session_without_claiming_go
tests/sentinel/test_shadow_service.py::test_lineage_preflight_surfaces_only_explicit_preopen_recovery[GENESIS_ONLY]
tests/sentinel/test_shadow_service.py::test_lineage_preflight_surfaces_only_explicit_preopen_recovery[TRAILING_CANDIDATE]
tests/sentinel/test_shadow_service.py::test_new_lineage_waits_during_market_hours_for_a_fresh_close
tests/sentinel/test_shadow_service.py::test_new_lineage_may_use_a_close_whose_following_open_is_future
tests/sentinel/test_shadow_service.py::test_existing_verified_lineage_does_not_use_new_lineage_wait_rule
tests/sentinel/test_shadow_service.py::test_service_health_keeps_exact_daily_gap_healthy_before_source_final
tests/sentinel/test_shadow_service.py::test_day_two_structural_lineage_ingests_then_fully_advances
tests/sentinel/test_shadow_service.py::test_verified_same_session_is_a_retained_noop
tests/sentinel/test_shadow_service.py::test_verified_lineage_gap_refuses_before_post_cutoff_ingest
tests/sentinel/test_shadow_service.py::test_restart_routes_exact_recovery_session_without_ingest[GENESIS_ONLY]
tests/sentinel/test_shadow_service.py::test_restart_routes_exact_recovery_session_without_ingest[TRAILING_CANDIDATE]
tests/sentinel/test_shadow_service.py::test_reviewed_sharadar_not_before_is_fixed_local_2345[2026-08-21-2026-08-22T03:45:00+00:00]
tests/sentinel/test_shadow_service.py::test_reviewed_sharadar_not_before_is_fixed_local_2345[2026-11-27-2026-11-28T04:45:00+00:00]
tests/sentinel/test_shadow_service.py::test_reviewed_sharadar_not_before_is_fixed_local_2345[2026-03-06-2026-03-07T04:45:00+00:00]
tests/sentinel/test_shadow_service.py::test_reviewed_sharadar_not_before_is_fixed_local_2345[2026-03-09-2026-03-10T03:45:00+00:00]
tests/sentinel/test_shadow_service.py::test_visible_close_is_never_trusted_before_local_2345
tests/sentinel/test_shadow_service.py::test_weekend_resume_uses_friday_only_after_friday_2345
tests/sentinel/test_shadow_service.py::test_shadow_module_and_compose_service_have_no_broker_surface
tests/sentinel/test_shadow_service.py::test_inactive_shadow_profile_does_not_require_late_review_values
tests/sentinel/test_shadow_static_ownership.py::test_shadow_runtime_has_one_static_segment_owner
tests/sentinel/test_shadow_static_ownership.py::test_static_store_selects_the_active_segment_namespace
tests/sentinel/test_shadow_static_ownership.py::test_shadow_owner_is_independent_of_import_order[from sentinel import shadow_runtime, shadow_segments]
tests/sentinel/test_shadow_static_ownership.py::test_shadow_owner_is_independent_of_import_order[from sentinel import shadow_service, shadow_runtime, shadow_segments]
tests/sentinel/test_shadow_static_ownership.py::test_shadow_owner_is_independent_of_import_order[from sentinel import shadow_runtime, shadow_recovery, shadow_segments]
tests/sentinel/test_shadow_static_ownership.py::test_shadow_owner_is_independent_of_import_order[from sentinel import dual_reconciliation, shadow_runtime, shadow_segments]
tests/sentinel/test_shadow_static_ownership.py::test_segment_zero_without_reviewed_config_keeps_original_binding
tests/sentinel/test_shadow_static_ownership.py::test_later_segment_accepts_only_exact_marker_bindings
tests/sentinel/test_shadow_static_ownership.py::test_later_segment_mismatches_remain_fail_closed[changes0-gate_changes0-active segment first session differs]
tests/sentinel/test_shadow_static_ownership.py::test_later_segment_mismatches_remain_fail_closed[changes1-gate_changes1-segment source identity differs]
tests/sentinel/test_shadow_static_ownership.py::test_later_segment_mismatches_remain_fail_closed[changes2-gate_changes2-segment genesis is not the exact live published frontier]
tests/sentinel/test_shadow_static_ownership.py::test_later_segment_mismatches_remain_fail_closed[changes3-gate_changes3-segment genesis publication differs]
tests/sentinel/test_shadow_static_ownership.py::test_later_segment_mismatches_remain_fail_closed[changes4-gate_changes4-segment predecessor state changed]
tests/sentinel/test_sharadar_authority_closure.py::test_stable_partial_sep_cannot_false_green_against_tickers_population
tests/sentinel/test_sharadar_authority_closure.py::test_legitimate_cross_section_contraction_is_predicted_by_tickers
tests/sentinel/test_sharadar_authority_closure.py::test_calibrated_daily_listing_floor_allows_measured_sparse_tail
tests/sentinel/test_sharadar_authority_closure.py::test_forward_only_listing_extension_does_not_reinterpret_history
tests/sentinel/test_sharadar_authority_closure.py::test_historical_listing_narrowing_is_refused_before_publication
tests/sentinel/test_sharadar_authority_closure.py::test_stable_partial_tickers_cannot_common_mode_false_green_with_sep
tests/sentinel/test_sharadar_authority_closure.py::test_new_listing_pair_may_start_after_but_not_inside_published_history
tests/sentinel/test_sharadar_secret_redaction.py::test_secret_absent_from_stdout_stderr_logs_and_exception[success]
tests/sentinel/test_sharadar_secret_redaction.py::test_secret_absent_from_stdout_stderr_logs_and_exception[retry-then-success]
tests/sentinel/test_sharadar_secret_redaction.py::test_secret_absent_from_stdout_stderr_logs_and_exception[4xx]
tests/sentinel/test_sharadar_secret_redaction.py::test_secret_absent_from_stdout_stderr_logs_and_exception[5xx]
tests/sentinel/test_sharadar_secret_redaction.py::test_secret_absent_from_stdout_stderr_logs_and_exception[transport]
tests/sentinel/test_sharadar_secret_redaction.py::test_verbose_logging_still_cannot_reenable_url_disclosure
tests/sentinel/test_sharadar_snapshot_export.py::test_complete_actions_accepts_fresh_snapshot_after_latest_refresh
tests/sentinel/test_sharadar_snapshot_export.py::test_official_utc_timestamp_spelling_is_accepted
tests/sentinel/test_sharadar_snapshot_export.py::test_complete_actions_waits_for_vendor_generated_fresh_file
tests/sentinel/test_sharadar_snapshot_export.py::test_fresh_snapshot_older_than_table_refresh_is_refused
tests/sentinel/test_sharadar_snapshot_export.py::test_export_csv_schema_and_zip_are_fail_closed
tests/sentinel/test_sharadar_snapshot_export.py::test_non_https_export_link_is_refused_without_rendering_secret
tests/sentinel/test_sharadar_snapshot_export.py::test_complete_ticker_export_returns_only_sep_identity_keys
tests/sentinel/test_sharadar_snapshot_export.py::test_http_export_requires_explicit_same_origin_development[True-http://127.0.0.1:8000-http://127.0.0.1:8000/export.zip-True]
tests/sentinel/test_sharadar_snapshot_export.py::test_http_export_requires_explicit_same_origin_development[False-http://127.0.0.1:8000-http://127.0.0.1:8000/export.zip-False]
tests/sentinel/test_sharadar_snapshot_export.py::test_http_export_requires_explicit_same_origin_development[True-http://127.0.0.1:8000-http://127.0.0.1:8001/export.zip-False]
tests/sentinel/test_sharadar_snapshot_export.py::test_http_export_requires_explicit_same_origin_development[True-http://127.0.0.1:8000-http://example.com/export.zip-False]
tests/sentinel/test_sharadar_snapshot_export.py::test_http_export_requires_explicit_same_origin_development[True-https://example.com-http://example.com/export.zip-False]
tests/sentinel/test_sharadar_snapshot_export.py::test_paginated_ticker_keyset_must_exactly_match_fresh_export
tests/sentinel/test_sharadar_snapshot_source.py::test_tickers_export_is_key_witness_not_value_source
tests/sentinel/test_sharadar_snapshot_source.py::test_tickers_key_mismatch_refuses_common_mode_partial_source
tests/sentinel/test_sharadar_snapshot_source.py::test_non_tickers_remain_on_strict_paginated_transport[SEP]
tests/sentinel/test_sharadar_snapshot_source.py::test_non_tickers_remain_on_strict_paginated_transport[SFP]
tests/sentinel/test_sharadar_snapshot_source.py::test_non_tickers_remain_on_strict_paginated_transport[ACTIONS]
tests/sentinel/test_signed_authority.py::test_valid_test_vector_signature_and_disabled_production_root_refuses
tests/sentinel/test_signed_authority.py::test_production_trust_store_enables_only_the_reviewed_operational_root
tests/sentinel/test_signed_authority.py::test_retired_key_verifies_existing_but_cannot_install_and_revoked_refuses
tests/sentinel/test_signed_authority.py::test_unknown_fields_algorithm_and_key_refuse[<lambda>-unknown extra]
tests/sentinel/test_signed_authority.py::test_unknown_fields_algorithm_and_key_refuse[<lambda>-algorithm]
tests/sentinel/test_signed_authority.py::test_unknown_fields_algorithm_and_key_refuse[<lambda>-not trusted]
tests/sentinel/test_signed_authority.py::test_signature_tamper_noncanonical_and_malformed_base64_refuse
tests/sentinel/test_signed_authority.py::test_time_window_refuses[value0-instant0-not yet valid]
tests/sentinel/test_signed_authority.py::test_time_window_refuses[value1-instant1-expired]
tests/sentinel/test_signed_authority.py::test_certificate_cannot_be_valid_before_its_issuance
tests/sentinel/test_signed_authority.py::test_claim_identity_and_evidence_falsifiers[path0-LIVE-scope]
tests/sentinel/test_signed_authority.py::test_claim_identity_and_evidence_falsifiers[path1-https://api.alpaca.markets-endpoint]
tests/sentinel/test_signed_authority.py::test_claim_identity_and_evidence_falsifiers[path2--broker_account_id]
tests/sentinel/test_signed_authority.py::test_claim_identity_and_evidence_falsifiers[path3-NO-GO-not GO]
tests/sentinel/test_signed_authority.py::test_claim_identity_and_evidence_falsifiers[path4-FAIL-controller]
tests/sentinel/test_signed_authority.py::test_claim_identity_and_evidence_falsifiers[path5-0000000000000000000000000000000000000000000000000000000000000000-certification corpus]
tests/sentinel/test_signed_authority.py::test_claim_identity_and_evidence_falsifiers[path6-FAIL-resource]
tests/sentinel/test_signed_authority.py::test_claim_identity_and_evidence_falsifiers[path7-1-zero strict_xfails]
tests/sentinel/test_signed_authority.py::test_claim_identity_and_evidence_falsifiers[path8-1-zero strict_skips]
tests/sentinel/test_signed_authority.py::test_operations_are_exact_sorted_and_automation_permission_agrees
tests/sentinel/test_signed_authority.py::test_atomic_stage_activate_restart_and_revocation
tests/sentinel/test_signed_authority.py::test_competing_activation_serializes_to_one_complete_transition
tests/sentinel/test_signed_authority.py::test_activation_queued_before_revocation_finishes_durably_revoked
tests/sentinel/test_signed_authority.py::test_revocation_queued_before_activation_wins_without_partial_rollout
tests/sentinel/test_signed_authority.py::test_execution_activation_and_key_revocation_follow_transition_queue[activation-first]
tests/sentinel/test_signed_authority.py::test_execution_activation_and_key_revocation_follow_transition_queue[key-revocation-first]
tests/sentinel/test_signed_authority.py::test_administrative_activation_and_key_revocation_follow_transition_queue[activation-first]
tests/sentinel/test_signed_authority.py::test_administrative_activation_and_key_revocation_follow_transition_queue[key-revocation-first]
tests/sentinel/test_signed_authority.py::test_controller_certificate_activation_requires_target_confirmation
tests/sentinel/test_signed_authority.py::test_account_binding_mismatch_rolls_back_install
tests/sentinel/test_signed_authority.py::test_refused_supersession_does_not_create_authority_state
tests/sentinel/test_signed_authority.py::test_rotation_is_monotonic_and_old_certificate_never_falls_back
tests/sentinel/test_signed_authority.py::test_durable_byte_tamper_key_revocation_and_expiry_fail_closed
tests/sentinel/test_signed_authority.py::test_operation_gate_requires_independent_config_and_publication_hashes
tests/sentinel/test_signed_authority.py::test_operation_gate_accepts_only_exact_operation_and_independent_hashes
tests/sentinel/test_signed_authority.py::test_offline_issuer_validates_every_digest_and_never_emits_private_key
tests/sentinel/test_signed_authority.py::test_issuer_anchors_external_certification_source_to_preserved_revision
tests/sentinel/test_signed_authority.py::test_issuer_refuses_changed_terminal_coalescing_revision
tests/sentinel/test_signed_authority.py::test_issuer_revalidates_formal_forward_run_and_refuses_forged_pass
tests/sentinel/test_signed_authority.py::test_issuer_refuses_digest_consistent_formal_pytest_subset
tests/sentinel/test_signed_authority.py::test_issuer_refuses_publication_root_from_other_generation
tests/sentinel/test_signed_authority.py::test_issuer_refuses_chain_root_not_derived_from_retained_row
tests/sentinel/test_signed_authority.py::test_bundle_post_rename_failure_leaves_no_authoritative_directory
tests/sentinel/test_signed_authority.py::test_bundle_refuses_operator_authored_completed_check_count
tests/sentinel/test_signed_authority.py::test_bundle_blocks_publication_root_from_other_generation
tests/sentinel/test_signed_authority.py::test_issuer_post_link_failure_leaves_no_certificate
tests/sentinel/test_signed_authority.py::test_issuer_cli_requires_disjoint_admin_confirmation
tests/sentinel/test_signed_authority.py::test_issuer_confirmation_and_signature_use_the_same_pre_read_claim_bytes
tests/sentinel/test_signed_authority.py::test_issuer_refuses_checksum_manifest_unrelated_to_reference
tests/sentinel/test_signed_authority.py::test_issuer_refuses_producer_derived_no_go_and_xfail[NO-GO-0]
tests/sentinel/test_signed_authority.py::test_issuer_refuses_producer_derived_no_go_and_xfail[GO-1]
tests/sentinel/test_signed_authority.py::test_formal_producer_refuses_a_skipped_suite_before_bundle
tests/sentinel/test_source_acquisition_lifecycle.py::test_pending_jobs_all_requested_then_polled_without_download
tests/sentinel/test_source_acquisition_lifecycle.py::test_pending_budget_yields_availability_not_integrity_failure
tests/sentinel/test_source_acquisition_lifecycle.py::test_download_renews_expired_link_and_restart_reuses_verified_bytes
tests/sentinel/test_source_acquisition_lifecycle.py::test_corrupt_cache_redownloads_instead_of_replaying
tests/sentinel/test_source_acquisition_lifecycle.py::test_link_renewal_may_not_switch_generation
tests/sentinel/test_source_acquisition_lifecycle.py::test_retry_after_survives_restart_and_classification
tests/sentinel/test_source_acquisition_lifecycle.py::test_http_backoff_cannot_overrun_acquisition_slice
tests/sentinel/test_source_acquisition_lifecycle.py::test_go_retries_fixed_target_without_remigrating_or_changing_window
tests/sentinel/test_source_acquisition_lifecycle.py::test_go_wait_budget_never_shortens_retry_after
tests/sentinel/test_source_acquisition_lifecycle.py::test_corroboration_and_metadata_budgets_cannot_extend_parent_deadline
tests/sentinel/test_source_acquisition_lifecycle.py::test_snapshot_transport_exhaustion_remains_shadow_availability
tests/sentinel/test_source_acquisition_lifecycle.py::test_expired_export_url_is_renewed_without_changing_provider_generation
tests/sentinel/test_source_acquisition_lifecycle.py::test_completed_download_survives_a_new_process
tests/sentinel/test_source_acquisition_replay.py::test_standalone_replay_refuses_missing_checkout_identity
tests/sentinel/test_source_acquisition_replay.py::test_bounded_daily_waits_and_recovers_through_real_protocol[bounded_happy_daily-2]
tests/sentinel/test_source_acquisition_replay.py::test_bounded_daily_waits_and_recovers_through_real_protocol[bounded_sep_creating-0]
tests/sentinel/test_source_acquisition_replay.py::test_empty_database_bootstraps_with_delayed_exports
tests/sentinel/test_source_coverage_diagnostic.py::test_real_conflict_survives_both_preparation_markers_and_bundle_view
tests/sentinel/test_source_coverage_diagnostic.py::test_diagnostic_is_standalone_host_python38_and_rejects_credential_shaped_data
tests/sentinel/test_source_membership_probe.py::test_probe_get_filters_and_pagination_exclude_unreviewed_output_fields
tests/sentinel/test_source_membership_probe.py::test_probe_is_bounded_and_does_not_expose_credentials[network]
tests/sentinel/test_source_membership_probe.py::test_probe_is_bounded_and_does_not_expose_credentials[oversize]
tests/sentinel/test_source_membership_probe.py::test_probe_is_bounded_and_does_not_expose_credentials[pagination]
tests/sentinel/test_source_membership_probe.py::test_probe_rejects_unbounded_requests_and_redirects
tests/sentinel/test_source_membership_probe.py::test_operator_probe_captures_both_action_directions_without_exposing_key
tests/sentinel/test_source_seed_warmup.py::test_source_seed_progress_counts_acquired_sep_receipts[None]
tests/sentinel/test_source_seed_warmup.py::test_source_seed_progress_counts_acquired_sep_receipts[duplicate]
tests/sentinel/test_source_seed_warmup.py::test_source_seed_progress_counts_acquired_sep_receipts[missing]
tests/sentinel/test_source_seed_warmup.py::test_source_seed_progress_counts_acquired_sep_receipts[count]
tests/sentinel/test_source_seed_warmup.py::test_single_sep_acquisition_contract[None]
tests/sentinel/test_source_seed_warmup.py::test_single_sep_acquisition_contract[duplicate]
tests/sentinel/test_source_seed_warmup.py::test_single_sep_acquisition_contract[missing]
tests/sentinel/test_source_seed_warmup.py::test_single_sep_acquisition_contract[unbounded]
tests/sentinel/test_source_seed_warmup.py::test_single_sep_acquisition_contract[pages]
tests/sentinel/test_source_seed_warmup.py::test_single_sep_acquisition_contract[wrong_export]
tests/sentinel/test_source_seed_warmup.py::test_canonical_warmup_progress_names_its_counter_unit
tests/sentinel/test_source_seed_warmup.py::test_full_seed_current_champion_warmup_and_restart
tests/sentinel/test_source_seed_warmup.py::test_missing_warmup_session_refuses_at_the_real_database_loader[0]
tests/sentinel/test_source_seed_warmup.py::test_missing_warmup_session_refuses_at_the_real_database_loader[120]
tests/sentinel/test_source_seed_warmup.py::test_missing_warmup_session_refuses_at_the_real_database_loader[251]
tests/sentinel/test_source_seed_warmup.py::test_missing_spy_history_refuses_current_champion_warmup[0]
tests/sentinel/test_source_seed_warmup.py::test_missing_spy_history_refuses_current_champion_warmup[120]
tests/sentinel/test_source_seed_warmup.py::test_missing_spy_history_refuses_current_champion_warmup[251]
tests/sentinel/test_source_seed_warmup.py::test_initial_warmup_does_not_include_the_first_decision_session
tests/sentinel/test_source_seed_warmup.py::test_published_daily_update_preserves_alias_evidence_and_restart_transition
tests/sentinel/test_sparse_entitlement_scope.py::test_sparse_action_record_only_prices_affected_holdings[unheld-equity-dividend-current]
tests/sentinel/test_sparse_entitlement_scope.py::test_sparse_action_record_only_prices_affected_holdings[unheld-equity-dividend-retired]
tests/sentinel/test_sparse_entitlement_scope.py::test_sparse_action_record_only_prices_affected_holdings[one-of-two-held-pays-current]
tests/sentinel/test_sparse_entitlement_scope.py::test_sparse_action_record_only_prices_affected_holdings[one-of-two-held-pays-retired]
tests/sentinel/test_sparse_entitlement_scope.py::test_sparse_action_record_only_prices_affected_holdings[held-payer-only-control-current]
tests/sentinel/test_sparse_entitlement_scope.py::test_sparse_action_record_only_prices_affected_holdings[held-payer-only-control-retired]
tests/sentinel/test_sparse_entitlement_scope.py::test_sparse_action_record_only_prices_affected_holdings[unheld-bil-dividend-current]
tests/sentinel/test_sparse_entitlement_scope.py::test_sparse_action_record_only_prices_affected_holdings[unheld-bil-dividend-retired]
tests/sentinel/test_sparse_entitlement_scope.py::test_sparse_action_record_only_prices_affected_holdings[held-bil-only-control-current]
tests/sentinel/test_sparse_entitlement_scope.py::test_sparse_action_record_only_prices_affected_holdings[held-bil-only-control-retired]
tests/sentinel/test_sparse_entitlement_scope.py::test_sparse_scope_cannot_ignore_unresolved_possible_ownership[missing-held-identity]
tests/sentinel/test_sparse_entitlement_scope.py::test_sparse_scope_cannot_ignore_unresolved_possible_ownership[ambiguous-held-payer]
tests/sentinel/test_split_reconciliation_nas_evidence.py::test_mill_rounded_sep_prices_corroborate_the_stated_split[0.0125-315.2-0.039-328.0-3.28]
tests/sentinel/test_split_reconciliation_nas_evidence.py::test_mill_rounded_sep_prices_corroborate_the_stated_split[0.01-275.0-0.028-341.0-3.41]
tests/sentinel/test_split_reconciliation_nas_evidence.py::test_mill_rounded_sep_prices_corroborate_the_stated_split[0.00455-6.666-0.01-5.4-1.8]
tests/sentinel/test_split_reconciliation_nas_evidence.py::test_mill_rounded_sep_prices_corroborate_the_stated_split[0.01-206.0-0.01-187.2-0.936]
tests/sentinel/test_split_reconciliation_nas_evidence.py::test_mill_rounded_sep_prices_corroborate_the_stated_split[0.004-2.075-0.008-2.33-2.33]
tests/sentinel/test_split_reconciliation_nas_evidence.py::test_mill_rounded_sep_prices_corroborate_the_stated_split[0.005-7.7-0.038-5.71-5.71]
tests/sentinel/test_split_reconciliation_nas_evidence.py::test_mill_rounded_sep_prices_corroborate_the_stated_split[0.005-4.7-0.024-3.37-3.37]
tests/sentinel/test_split_reconciliation_nas_evidence.py::test_mill_rounded_sep_prices_corroborate_the_stated_split[0.01-1.56-0.016-1.83-1.83]
tests/sentinel/test_split_reconciliation_nas_evidence.py::test_mill_rounded_sep_prices_corroborate_the_stated_split[0.00667-2.01-0.013-2.18-2.18]
tests/sentinel/test_split_reconciliation_nas_evidence.py::test_mill_rounded_sep_prices_corroborate_the_stated_split[0.005-3.74-0.019-4.19-4.19]
tests/sentinel/test_split_reconciliation_nas_evidence.py::test_mill_rounded_sep_prices_corroborate_the_stated_split[0.005-4.48-0.022-3.34-3.34]
tests/sentinel/test_split_reconciliation_nas_evidence.py::test_split_and_adr_ratio_rows_are_different_authorities
tests/sentinel/test_split_reconciliation_nas_evidence.py::test_gp_action_one_session_late_is_applied_exactly_once
tests/sentinel/test_split_reconciliation_nas_evidence.py::test_bjdx_intermediate_adjustment_artifact_is_not_applied
tests/sentinel/test_split_reconciliation_nas_evidence.py::test_agmb_issuer_action_is_refuted_as_a_listed_share_event
tests/sentinel/test_split_reconciliation_nas_evidence.py::test_first_retained_session_uses_direct_stock_split_authority
tests/sentinel/test_split_seam.py::TestTheDefect::test_a_split_on_the_FIRST_bar_of_a_window_derives_NO_SPLIT
tests/sentinel/test_split_seam.py::TestTheDefect::test_the_SAME_split_is_seen_when_the_predecessor_is_in_the_stream
tests/sentinel/test_split_seam.py::TestPriorObservationsCloseTheGap::test_a_SEEDED_predecessor_recovers_the_split_when_ACTIONS_confirms
tests/sentinel/test_split_seam.py::TestPriorObservationsCloseTheGap::test_the_seed_is_keyed_on_SECURITY_not_ticker
tests/sentinel/test_split_seam.py::TestSeamCaution::test_an_UNCORROBORATED_seam_split_is_RECORDED_and_NOT_applied
tests/sentinel/test_split_seam.py::TestSeamCaution::test_caution_applies_to_the_SEAM_ONLY_not_the_rest_of_the_window
tests/sentinel/test_split_seam.py::TestSeamCaution::test_a_spurious_reverse_split_from_a_stale_vintage_is_NOT_written
tests/sentinel/test_split_seam.py::TestSeamCaution::test_two_fetch_starts_cannot_turn_one_vintage_seam_into_two_events
tests/sentinel/test_split_seam.py::TestPreviousObservations::test_it_returns_the_last_bar_STRICTLY_BEFORE_the_session
tests/sentinel/test_split_seam.py::TestPreviousObservations::test_a_SPARSE_security_is_found_however_far_back_it_printed
tests/sentinel/test_split_seam.py::TestTheUpsertNeverDowngrades::test_an_incoming_1_0_does_NOT_overwrite_a_stored_split
tests/sentinel/test_split_seam.py::TestTheUpsertNeverDowngrades::test_a_ratio_may_still_be_RAISED_from_1_0
tests/sentinel/test_split_seam.py::TestTheUpsertNeverDowngrades::test_ACTIONS_may_still_RESTATE_one_split_as_another
tests/sentinel/test_split_seam.py::TestTheDailyOverlapNoLongerCorrupts::test_a_stored_split_SURVIVES_a_daily_run_that_reopens_its_session
tests/sentinel/test_split_seam.py::TestRepair::test_the_audit_finds_a_bar_that_CONTRADICTS_actions
tests/sentinel/test_split_seam.py::TestRepair::test_a_split_ACTIONS_never_recorded_is_INVISIBLE_to_the_audit
tests/sentinel/test_split_seam.py::TestRepair::test_repair_is_DRY_by_default
tests/sentinel/test_split_seam.py::TestRepair::test_repair_applies_the_authoritative_value_and_leaves_a_TRACE
tests/sentinel/test_split_seam.py::TestRepair::test_repair_is_the_ONLY_path_allowed_to_lower_a_ratio
tests/sentinel/test_split_seam.py::TestRepair::test_an_unpublished_repair_candidate_is_invisible
tests/sentinel/test_split_seam.py::TestRepair::test_a_publication_failure_rolls_back_the_repair_generation
tests/sentinel/test_split_source_precision.py::test_noninteger_contractual_ratios_are_preserved[0.09174665445824517]
tests/sentinel/test_split_source_precision.py::test_noninteger_contractual_ratios_are_preserved[0.09175]
tests/sentinel/test_split_source_precision.py::test_noninteger_contractual_ratios_are_preserved[0.4]
tests/sentinel/test_split_source_precision.py::test_noninteger_contractual_ratios_are_preserved[0.98456]
tests/sentinel/test_split_source_precision.py::test_noninteger_contractual_ratios_are_preserved[1.5]
tests/sentinel/test_split_source_precision.py::test_five_decimal_reconstruction_requires_unique_independent_evidence
tests/sentinel/test_split_source_precision.py::test_stream_applies_the_same_noninteger_ratio_on_direct_and_shifted_paths[False]
tests/sentinel/test_split_source_precision.py::test_stream_applies_the_same_noninteger_ratio_on_direct_and_shifted_paths[True]
tests/sentinel/test_split_source_precision.py::test_normalizer_to_canonical_split_preserves_issuer_neutral_nav_and_restart
tests/sentinel/test_split_source_precision.py::test_v9_split_history_is_replayed_before_v10_authority_and_survives_restart
tests/sentinel/test_spy_regime.py::TestDatedProductionInput::test_exact_expected_tail_ending_on_decision_is_available
tests/sentinel/test_spy_regime.py::TestDatedProductionInput::test_invalid_chronology_is_unavailable[missing_newest]
tests/sentinel/test_spy_regime.py::TestDatedProductionInput::test_invalid_chronology_is_unavailable[missing_interior]
tests/sentinel/test_spy_regime.py::TestDatedProductionInput::test_invalid_chronology_is_unavailable[duplicate]
tests/sentinel/test_spy_regime.py::TestDatedProductionInput::test_invalid_chronology_is_unavailable[out_of_order]
tests/sentinel/test_spy_regime.py::TestTheThresholdsComeFromTheFrozenRule::test_the_two_numbers_are_the_frozen_ones
tests/sentinel/test_spy_regime.py::TestTheThresholdsComeFromTheFrozenRule::test_the_module_does_not_restate_either_threshold
tests/sentinel/test_spy_regime.py::TestSpyR20Boundary::test_r20_EXACTLY_at_the_threshold_confirms
tests/sentinel/test_spy_regime.py::TestSpyR20Boundary::test_r20_one_step_ABOVE_the_threshold_does_not_confirm
tests/sentinel/test_spy_regime.py::TestSpyR20Boundary::test_r20_one_step_BELOW_the_threshold_confirms
tests/sentinel/test_spy_regime.py::TestSpyR20Boundary::test_a_constructed_series_at_the_threshold_confirms
tests/sentinel/test_spy_regime.py::TestSpyR20Boundary::test_r20_just_ABOVE_the_threshold_does_not_confirm
tests/sentinel/test_spy_regime.py::TestSpyR20Boundary::test_r20_just_BELOW_the_threshold_confirms
tests/sentinel/test_spy_regime.py::TestSpyR20Boundary::test_a_flat_market_gives_exactly_zero
tests/sentinel/test_spy_regime.py::TestTheR20WindowLength::test_the_lookback_is_a_GAP_of_20_spanning_21_observations
tests/sentinel/test_spy_regime.py::TestTheR20WindowLength::test_20_closes_is_NOT_enough
tests/sentinel/test_spy_regime.py::TestTheR20WindowLength::test_21_closes_IS_enough
tests/sentinel/test_spy_regime.py::TestTheR20WindowLength::test_off_by_one_reads_a_DIFFERENT_bar
tests/sentinel/test_spy_regime.py::TestVolatilityAccelerationBoundary::test_expansion_EXACTLY_at_the_threshold_fires
tests/sentinel/test_spy_regime.py::TestVolatilityAccelerationBoundary::test_expansion_one_step_BELOW_the_threshold_does_not_fire
tests/sentinel/test_spy_regime.py::TestVolatilityAccelerationBoundary::test_expansion_one_step_ABOVE_the_threshold_fires
tests/sentinel/test_spy_regime.py::TestVolatilityAccelerationBoundary::test_a_CONSTRUCTED_expansion_crosses_the_threshold_as_expected
tests/sentinel/test_spy_regime.py::TestVolatilityAccelerationBoundary::test_the_ratio_rises_MONOTONICALLY_with_the_fast_window_scale
tests/sentinel/test_spy_regime.py::TestTheStdDevConvention::test_ddof_is_ONE_sample_not_population
tests/sentinel/test_spy_regime.py::TestTheStdDevConvention::test_matches_pandas_rolling_std_ddof_1
tests/sentinel/test_spy_regime.py::TestTheStdDevConvention::test_population_ddof_would_BIAS_the_ratio_through_the_threshold
tests/sentinel/test_spy_regime.py::TestTheStdDevConvention::test_the_std_is_of_RETURNS_not_PRICES
tests/sentinel/test_spy_regime.py::TestInsufficientHistory::test_fewer_than_21_closes_gives_BOTH_fields_unavailable
tests/sentinel/test_spy_regime.py::TestInsufficientHistory::test_exactly_21_closes_gives_both_fields
tests/sentinel/test_spy_regime.py::TestInsufficientHistory::test_an_empty_series_does_not_raise
tests/sentinel/test_spy_regime.py::TestInsufficientHistory::test_min_closes_is_the_slow_window_plus_one
tests/sentinel/test_spy_regime.py::TestTheWindowLengthsArePinned::test_the_windows_are_5_and_20
tests/sentinel/test_spy_regime.py::TestTheWindowLengthsArePinned::test_the_fast_window_is_EXACTLY_the_last_five_returns
tests/sentinel/test_spy_regime.py::TestTheWindowLengthsArePinned::test_the_fifth_from_last_return_IS_inside_the_fast_window
tests/sentinel/test_spy_regime.py::TestTheWindowLengthsArePinned::test_the_fast_window_matches_pandas_at_window_5_specifically
tests/sentinel/test_spy_regime.py::TestTheWindowLengthsArePinned::test_a_wrong_fast_window_changes_the_acceleration
tests/sentinel/test_spy_regime.py::TestDegenerateDenominator::test_a_perfectly_flat_window_is_UNAVAILABLE_not_zero
tests/sentinel/test_spy_regime.py::TestDegenerateDenominator::test_it_does_not_raise_ZeroDivisionError
tests/sentinel/test_spy_regime.py::TestDegenerateDenominator::test_a_flat_price_series_yields_an_unavailable_ratio
tests/sentinel/test_spy_regime.py::TestUnavailableInputs::test_a_bad_close_anywhere_in_the_window_is_unavailable[None]
tests/sentinel/test_spy_regime.py::TestUnavailableInputs::test_a_bad_close_anywhere_in_the_window_is_unavailable[nan]
tests/sentinel/test_spy_regime.py::TestUnavailableInputs::test_a_bad_close_anywhere_in_the_window_is_unavailable[inf]
tests/sentinel/test_spy_regime.py::TestUnavailableInputs::test_a_bad_close_anywhere_in_the_window_is_unavailable[-inf]
tests/sentinel/test_spy_regime.py::TestUnavailableInputs::test_a_bad_ENDPOINT_makes_r20_unavailable[None]
tests/sentinel/test_spy_regime.py::TestUnavailableInputs::test_a_bad_ENDPOINT_makes_r20_unavailable[nan]
tests/sentinel/test_spy_regime.py::TestUnavailableInputs::test_a_bad_ENDPOINT_makes_r20_unavailable[inf]
tests/sentinel/test_spy_regime.py::TestUnavailableInputs::test_a_NON_POSITIVE_close_is_unavailable_not_a_minus_100pct_return
tests/sentinel/test_spy_regime.py::TestUnavailableInputs::test_rolling_std_returns_NaN_rather_than_RAISING_on_a_None
tests/sentinel/test_spy_regime.py::TestUnavailableInputs::test_volatility_acceleration_survives_a_None_in_the_window
tests/sentinel/test_spy_regime.py::TestUnavailableInputs::test_a_bad_close_kills_the_returns_on_BOTH_sides
tests/sentinel/test_spy_regime.py::TestUnavailableInputs::test_unavailable_inputs_give_predicates_of_None_not_False
tests/sentinel/test_spy_regime.py::TestTheTotalReturnDomainIsLoadBearing::test_the_two_domains_DISAGREE_across_the_frozen_threshold
tests/sentinel/test_spy_regime.py::TestTheTotalReturnDomainIsLoadBearing::test_the_wrong_domain_also_fabricates_volatility
tests/sentinel/test_spy_regime.py::TestTheTotalReturnDomainIsLoadBearing::test_the_permitted_column_is_the_total_return_one
tests/sentinel/test_spy_regime.py::TestNoLeakIntoOtherDomains::test_the_seam_returns_ONLY_the_two_SPY_fields
tests/sentinel/test_spy_regime.py::TestNoLeakIntoOtherDomains::test_the_regime_module_cannot_reach_wealth_core_or_execution
tests/sentinel/test_spy_regime.py::TestNoLeakIntoOtherDomains::test_breadth_does_not_import_the_regime_module
tests/sentinel/test_spy_regime.py::TestNoLeakIntoOtherDomains::test_only_the_session_kernel_imports_the_SPY_sensor
tests/sentinel/test_spy_regime.py::TestTheSeamIntoTheController::test_the_values_are_accepted_by_the_controller_Observation
tests/sentinel/test_spy_regime.py::TestTheSeamIntoTheController::test_both_seams_compose_into_one_Observation
tests/sentinel/test_startup.py::TestTheHandover::test_a_legacy_book_is_liquidated_exactly_once_and_ownership_recorded
tests/sentinel/test_startup.py::TestTheHandover::test_legacy_orders_are_cancelled_before_any_close
tests/sentinel/test_startup.py::TestTheHandover::test_an_already_flat_account_establishes_ownership_without_trading
tests/sentinel/test_startup.py::TestTheHandover::test_slow_fills_do_not_provoke_duplicate_closes
tests/sentinel/test_startup.py::TestTheHandover::test_a_refused_close_is_retried_and_does_not_abort_the_others
tests/sentinel/test_startup.py::TestTheHandover::test_an_unclosable_book_REFUSES_bootstrap
tests/sentinel/test_startup.py::TestRestartSafety::test_restart_after_ownership_NEVER_touches_the_book
tests/sentinel/test_startup.py::TestRestartSafety::test_restart_mid_liquidation_does_not_duplicate
tests/sentinel/test_startup.py::TestRestartSafety::test_a_second_full_run_is_a_no_op
tests/sentinel/test_state_hash_allocations.py::test_state_hash_has_no_universe_sized_feed_array_copy
tests/sentinel/test_state_hash_allocations.py::test_private_canonical_view_preserves_trimming_and_public_ownership[260]
tests/sentinel/test_state_hash_allocations.py::test_private_canonical_view_preserves_trimming_and_public_ownership[300]
tests/sentinel/test_status_memory.py::test_batched_json_matches_independent_standard_encoder[0]
tests/sentinel/test_status_memory.py::test_batched_json_matches_independent_standard_encoder[1]
tests/sentinel/test_status_memory.py::test_batched_json_matches_independent_standard_encoder[255]
tests/sentinel/test_status_memory.py::test_batched_json_matches_independent_standard_encoder[256]
tests/sentinel/test_status_memory.py::test_batched_json_matches_independent_standard_encoder[257]
tests/sentinel/test_status_memory.py::test_batched_json_matches_independent_standard_encoder[512]
tests/sentinel/test_status_memory.py::test_batched_json_matches_independent_standard_encoder[513]
tests/sentinel/test_status_memory.py::test_batched_json_matches_independent_standard_encoder[1301]
tests/sentinel/test_status_memory.py::test_batched_json_fuzz_and_final_element_commitment
tests/sentinel/test_status_memory.py::test_batched_json_rejects_invalid_value_in_last_batch[nan]
tests/sentinel/test_status_memory.py::test_batched_json_rejects_invalid_value_in_last_batch[inf]
tests/sentinel/test_status_memory.py::test_batched_json_rejects_invalid_value_in_last_batch[-inf]
tests/sentinel/test_status_memory.py::test_batched_json_rejects_invalid_value_in_last_batch[invalid3]
tests/sentinel/test_status_memory.py::test_batched_json_rejects_invalid_value_in_last_batch[invalid4]
tests/sentinel/test_status_memory.py::test_batched_json_rejects_invalid_value_in_last_batch[invalid5]
tests/sentinel/test_status_memory.py::test_batched_json_refuses_cycles_but_allows_shared_children
tests/sentinel/test_status_memory.py::test_batched_json_never_encodes_a_whole_large_array
tests/sentinel/test_status_memory.py::test_database_batched_insert_preserves_complete_value_and_rollback[0-False]
tests/sentinel/test_status_memory.py::test_database_batched_insert_preserves_complete_value_and_rollback[0-True]
tests/sentinel/test_status_memory.py::test_database_batched_insert_preserves_complete_value_and_rollback[1-False]
tests/sentinel/test_status_memory.py::test_database_batched_insert_preserves_complete_value_and_rollback[1-True]
tests/sentinel/test_status_memory.py::test_database_batched_insert_preserves_complete_value_and_rollback[128-False]
tests/sentinel/test_status_memory.py::test_database_batched_insert_preserves_complete_value_and_rollback[128-True]
tests/sentinel/test_status_memory.py::test_database_batched_insert_preserves_complete_value_and_rollback[129-False]
tests/sentinel/test_status_memory.py::test_database_batched_insert_preserves_complete_value_and_rollback[129-True]
tests/sentinel/test_status_memory.py::test_database_batched_insert_preserves_complete_value_and_rollback[513-False]
tests/sentinel/test_status_memory.py::test_database_batched_insert_preserves_complete_value_and_rollback[513-True]
tests/sentinel/test_status_memory.py::test_database_batched_insert_refuses_missing_last_series
tests/sentinel/test_status_memory.py::test_observation_storage_is_part_of_economic_source_identity
tests/sentinel/test_status_memory.py::test_exact_json_comparison_matches_postgresql_numeric_and_type_oracle[1.00000000000000001-1.0]
tests/sentinel/test_status_memory.py::test_exact_json_comparison_matches_postgresql_numeric_and_type_oracle[0.100000000000000001-0.1]
tests/sentinel/test_status_memory.py::test_exact_json_comparison_matches_postgresql_numeric_and_type_oracle[0.1-0.1]
tests/sentinel/test_status_memory.py::test_exact_json_comparison_matches_postgresql_numeric_and_type_oracle[1-1.0]
tests/sentinel/test_status_memory.py::test_exact_json_comparison_matches_postgresql_numeric_and_type_oracle[true-1]
tests/sentinel/test_status_memory.py::test_exact_json_comparison_matches_postgresql_numeric_and_type_oracle[0-False]
tests/sentinel/test_status_memory.py::test_exact_json_comparison_matches_postgresql_numeric_and_type_oracle[null-None]
tests/sentinel/test_status_memory.py::test_exact_json_comparison_matches_postgresql_numeric_and_type_oracle[{"v":[1.00000000000000001]}-expected7]
tests/sentinel/test_status_memory.py::test_exact_json_comparison_matches_postgresql_numeric_and_type_oracle[{"v":[1.0,null,true]}-expected8]
tests/sentinel/test_status_memory.py::test_exact_json_comparison_matches_postgresql_numeric_and_type_oracle[{"v":[]}-expected9]
tests/sentinel/test_status_memory.py::test_exact_json_comparison_matches_postgresql_numeric_and_type_oracle[{}-expected10]
tests/sentinel/test_status_memory.py::test_database_retry_refuses_sub_float_precision_corruption[False]
tests/sentinel/test_status_memory.py::test_database_retry_refuses_sub_float_precision_corruption[True]
tests/sentinel/test_status_memory.py::test_database_genesis_comparison_checks_complete_payload_and_row_session
tests/sentinel/test_status_memory.py::test_database_reads_transfer_fresh_objects_without_roundtrip
tests/sentinel/test_status_memory.py::test_formed_checkpoint_reuses_verified_observer_and_retains_economics
tests/sentinel/test_status_memory.py::test_genesis_recheck_rejects_changed_payload_after_resume
tests/sentinel/test_status_memory.py::test_daily_checkpoint_verifies_history_once
tests/sentinel/test_status_memory.py::test_incremental_digest_matches_independent_json_bytes[None]
tests/sentinel/test_status_memory.py::test_incremental_digest_matches_independent_json_bytes[True]
tests/sentinel/test_status_memory.py::test_incremental_digest_matches_independent_json_bytes[-0.0]
tests/sentinel/test_status_memory.py::test_incremental_digest_matches_independent_json_bytes[1e-30]
tests/sentinel/test_status_memory.py::test_incremental_digest_matches_independent_json_bytes[\xe9\n"]
tests/sentinel/test_status_memory.py::test_incremental_digest_matches_independent_json_bytes[value5]
tests/sentinel/test_status_memory.py::test_incremental_digest_matches_independent_json_bytes[value6]
tests/sentinel/test_status_memory.py::test_incremental_digest_matches_independent_json_bytes[value7]
tests/sentinel/test_status_memory.py::test_incremental_digest_refuses_noncanonical_values[nan]
tests/sentinel/test_status_memory.py::test_incremental_digest_refuses_noncanonical_values[value1]
tests/sentinel/test_status_memory.py::test_incremental_digest_refuses_noncanonical_values[value2]
tests/sentinel/test_status_memory.py::test_compact_decoder_preserves_standard_json_and_mutable_ownership
tests/sentinel/test_status_memory.py::test_compact_decoder_keeps_more_than_cache_capacity_and_long_scalars
tests/sentinel/test_status_memory.py::test_cursor_decoder_cache_is_released_and_connection_unchanged[False-False]
tests/sentinel/test_status_memory.py::test_cursor_decoder_cache_is_released_and_connection_unchanged[False-True]
tests/sentinel/test_status_memory.py::test_cursor_decoder_cache_is_released_and_connection_unchanged[True-False]
tests/sentinel/test_status_memory.py::test_cursor_decoder_cache_is_released_and_connection_unchanged[True-True]
tests/sentinel/test_status_memory.py::test_read_only_verifier_releases_seed_and_cannot_be_reused
tests/sentinel/test_status_memory.py::test_streamed_row_is_complete_direct_jsonb_value[None]
tests/sentinel/test_status_memory.py::test_streamed_row_is_complete_direct_jsonb_value[series1]
tests/sentinel/test_status_memory.py::test_streamed_row_is_complete_direct_jsonb_value[series2]
tests/sentinel/test_status_memory.py::test_streamed_row_is_complete_direct_jsonb_value[series3]
tests/sentinel/test_status_memory.py::test_streamed_record_spans_multiple_batches
tests/sentinel/test_status_memory.py::test_streamed_status_refuses_excess_suffix_before_payloads
tests/sentinel/test_status_memory.py::test_status_snapshot_cannot_be_reused_across_transactions
tests/sentinel/test_status_memory.py::test_public_status_checks_last_streamed_security[genesis]
tests/sentinel/test_status_memory.py::test_public_status_checks_last_streamed_security[session]
tests/sentinel/test_strategy_history_mutations.py::test_corrected_history_refuses_next_day_before_state_mutation
tests/sentinel/test_strategy_history_mutations.py::test_forward_only_extension_advances_and_restart_is_identical
tests/sentinel/test_strategy_history_mutations.py::test_missing_or_malformed_history_proof_refuses[None]
tests/sentinel/test_strategy_history_mutations.py::test_missing_or_malformed_history_proof_refuses[value1]
tests/sentinel/test_strategy_history_mutations.py::test_missing_or_malformed_history_proof_refuses[value2]
tests/sentinel/test_strategy_history_mutations.py::test_missing_or_malformed_history_proof_refuses[value3]
tests/sentinel/test_strategy_history_mutations.py::test_missing_or_malformed_history_proof_refuses[value4]
tests/sentinel/test_strategy_history_mutations.py::test_missing_or_malformed_history_proof_refuses[value5]
tests/sentinel/test_strategy_history_mutations.py::test_later_publication_retains_earlier_reconstruction_obligation
tests/sentinel/test_strategy_history_mutations.py::test_every_target_terminal_source_mutation_has_a_replay_boundary[added-acquisitionby]
tests/sentinel/test_strategy_history_mutations.py::test_every_target_terminal_source_mutation_has_a_replay_boundary[added-bankruptcyliquidation]
tests/sentinel/test_strategy_history_mutations.py::test_every_target_terminal_source_mutation_has_a_replay_boundary[added-delisted]
tests/sentinel/test_strategy_history_mutations.py::test_every_target_terminal_source_mutation_has_a_replay_boundary[added-mergerto]
tests/sentinel/test_strategy_history_mutations.py::test_every_target_terminal_source_mutation_has_a_replay_boundary[added-regulatorydelisting]
tests/sentinel/test_strategy_history_mutations.py::test_every_target_terminal_source_mutation_has_a_replay_boundary[added-voluntarydelisting]
tests/sentinel/test_strategy_history_mutations.py::test_every_target_terminal_source_mutation_has_a_replay_boundary[removed-acquisitionby]
tests/sentinel/test_strategy_history_mutations.py::test_every_target_terminal_source_mutation_has_a_replay_boundary[removed-bankruptcyliquidation]
tests/sentinel/test_strategy_history_mutations.py::test_every_target_terminal_source_mutation_has_a_replay_boundary[removed-delisted]
tests/sentinel/test_strategy_history_mutations.py::test_every_target_terminal_source_mutation_has_a_replay_boundary[removed-mergerto]
tests/sentinel/test_strategy_history_mutations.py::test_every_target_terminal_source_mutation_has_a_replay_boundary[removed-regulatorydelisting]
tests/sentinel/test_strategy_history_mutations.py::test_every_target_terminal_source_mutation_has_a_replay_boundary[removed-voluntarydelisting]
tests/sentinel/test_strategy_history_mutations.py::test_every_target_terminal_source_mutation_has_a_replay_boundary[changed-acquisitionby]
tests/sentinel/test_strategy_history_mutations.py::test_every_target_terminal_source_mutation_has_a_replay_boundary[changed-bankruptcyliquidation]
tests/sentinel/test_strategy_history_mutations.py::test_every_target_terminal_source_mutation_has_a_replay_boundary[changed-delisted]
tests/sentinel/test_strategy_history_mutations.py::test_every_target_terminal_source_mutation_has_a_replay_boundary[changed-mergerto]
tests/sentinel/test_strategy_history_mutations.py::test_every_target_terminal_source_mutation_has_a_replay_boundary[changed-regulatorydelisting]
tests/sentinel/test_strategy_history_mutations.py::test_every_target_terminal_source_mutation_has_a_replay_boundary[changed-voluntarydelisting]
tests/sentinel/test_strategy_history_mutations.py::test_publication_carries_failed_attempt_history_and_cannot_accept_caller_authority
tests/sentinel/test_strategy_history_mutations.py::test_terminal_only_publication_records_affected_history
tests/sentinel/test_strict_recovery_predecessor.py::test_fresh_process_strict_policy[prefix]
tests/sentinel/test_strict_recovery_predecessor.py::test_fresh_process_strict_policy[restore]
tests/sentinel/test_supervisor_dependency_bounds.py::test_same_phase_invocations_get_separate_deadlines_but_one_cannot_renew
tests/sentinel/test_supervisor_dependency_bounds.py::test_silent_dependency_process_is_killed_and_reaped
tests/sentinel/test_supervisor_dependency_bounds.py::test_full_logging_pipe_cannot_block_supervisor
tests/sentinel/test_supervisor_dependency_bounds.py::test_real_snapshot_lock_is_bounded_then_recovers
tests/sentinel/test_supervisor_dependency_bounds.py::test_persistent_shadow_latch_survives_restart_without_worker
tests/sentinel/test_supervisor_dependency_bounds.py::test_reconstructed_shadow_is_not_green_health
tests/sentinel/test_supervisor_dependency_bounds.py::test_filesystem_heartbeat_stall_cannot_hold_the_worker_deadline
tests/sentinel/test_supervisor_dependency_bounds.py::test_entire_shadow_health_read_is_bounded
tests/sentinel/test_supervisor_dependency_bounds.py::test_holder_file_stall_refuses_before_starting_worker
tests/sentinel/test_supervisor_dependency_bounds.py::test_unreaped_dependency_prevents_replacement
tests/sentinel/test_supervisor_dependency_bounds.py::test_unknown_shadow_latch_cannot_start_worker
tests/sentinel/test_supervisor_dependency_bounds.py::test_terminal_refusal_survives_latch_timeout_and_restart[2-False]
tests/sentinel/test_supervisor_dependency_bounds.py::test_terminal_refusal_survives_latch_timeout_and_restart[2-True]
tests/sentinel/test_supervisor_dependency_bounds.py::test_terminal_refusal_survives_latch_timeout_and_restart[42-False]
tests/sentinel/test_supervisor_dependency_bounds.py::test_terminal_refusal_survives_latch_timeout_and_restart[42-True]
tests/sentinel/test_supervisor_dependency_bounds.py::test_terminal_refusal_survives_latch_timeout_and_restart[11-False]
tests/sentinel/test_supervisor_dependency_bounds.py::test_terminal_refusal_survives_latch_timeout_and_restart[11-True]
tests/sentinel/test_supervisor_dependency_bounds.py::test_worker_arming_timeout_never_launches
tests/sentinel/test_supervisor_dependency_bounds.py::test_recoverable_worker_outcome_clears_guard_before_next_attempt[0]
tests/sentinel/test_supervisor_dependency_bounds.py::test_recoverable_worker_outcome_clears_guard_before_next_attempt[10]
tests/sentinel/test_supervisor_dependency_bounds.py::test_recoverable_worker_outcome_clears_guard_before_next_attempt[11]
tests/sentinel/test_supervisor_dependency_bounds.py::test_recoverable_worker_outcome_clears_guard_before_next_attempt[12]
tests/sentinel/test_supervisor_dependency_bounds.py::test_latched_wait_retries_failed_persistence_without_worker
tests/sentinel/test_supervisor_dependency_bounds.py::test_semantic_retry_threshold_survives_normal_guard_clear
tests/sentinel/test_supervisor_dependency_bounds.py::test_supervised_termination_acknowledges_worker_and_allows_restart[False-False]
tests/sentinel/test_supervisor_dependency_bounds.py::test_supervised_termination_acknowledges_worker_and_allows_restart[False-True]
tests/sentinel/test_supervisor_dependency_bounds.py::test_supervised_termination_acknowledges_worker_and_allows_restart[True-False]
tests/sentinel/test_supervisor_dependency_bounds.py::test_supervised_termination_acknowledges_worker_and_allows_restart[True-True]
tests/sentinel/test_supervisor_timing_admission.py::test_shadow_refuses_invalid_deadline_before_worker[nan]
tests/sentinel/test_supervisor_timing_admission.py::test_shadow_refuses_invalid_deadline_before_worker[NaN]
tests/sentinel/test_supervisor_timing_admission.py::test_shadow_refuses_invalid_deadline_before_worker[inf]
tests/sentinel/test_supervisor_timing_admission.py::test_shadow_refuses_invalid_deadline_before_worker[-inf]
tests/sentinel/test_supervisor_timing_admission.py::test_shadow_refuses_invalid_deadline_before_worker[1e309]
tests/sentinel/test_supervisor_timing_admission.py::test_shadow_refuses_invalid_deadline_before_worker[29]
tests/sentinel/test_supervisor_timing_admission.py::test_shadow_refuses_invalid_deadline_before_worker[7201]
tests/sentinel/test_supervisor_timing_admission.py::test_automation_refuses_invalid_timing_before_worker[nan-POLL]
tests/sentinel/test_supervisor_timing_admission.py::test_automation_refuses_invalid_timing_before_worker[nan-STARTUP_GRACE]
tests/sentinel/test_supervisor_timing_admission.py::test_automation_refuses_invalid_timing_before_worker[NaN-POLL]
tests/sentinel/test_supervisor_timing_admission.py::test_automation_refuses_invalid_timing_before_worker[NaN-STARTUP_GRACE]
tests/sentinel/test_supervisor_timing_admission.py::test_automation_refuses_invalid_timing_before_worker[inf-POLL]
tests/sentinel/test_supervisor_timing_admission.py::test_automation_refuses_invalid_timing_before_worker[inf-STARTUP_GRACE]
tests/sentinel/test_supervisor_timing_admission.py::test_automation_refuses_invalid_timing_before_worker[-inf-POLL]
tests/sentinel/test_supervisor_timing_admission.py::test_automation_refuses_invalid_timing_before_worker[-inf-STARTUP_GRACE]
tests/sentinel/test_supervisor_timing_admission.py::test_automation_refuses_invalid_timing_before_worker[1e309-POLL]
tests/sentinel/test_supervisor_timing_admission.py::test_automation_refuses_invalid_timing_before_worker[1e309-STARTUP_GRACE]
tests/sentinel/test_supervisor_timing_admission.py::test_automation_refuses_invalid_timing_before_worker[-1-POLL]
tests/sentinel/test_supervisor_timing_admission.py::test_automation_refuses_invalid_timing_before_worker[-1-STARTUP_GRACE]
tests/sentinel/test_supervisor_timing_admission.py::test_shadow_accepts_finite_deadline_boundaries[30]
tests/sentinel/test_supervisor_timing_admission.py::test_shadow_accepts_finite_deadline_boundaries[7200]
tests/sentinel/test_supervisor_timing_admission.py::test_shadow_accepts_finite_deadline_boundaries[120.5]
tests/sentinel/test_supervisor_timing_admission.py::test_automation_accepts_positive_poll_and_zero_or_positive_grace[2-20]
tests/sentinel/test_supervisor_timing_admission.py::test_automation_accepts_positive_poll_and_zero_or_positive_grace[0.25-0]
tests/sentinel/test_supervisor_timing_admission.py::test_automation_accepts_positive_poll_and_zero_or_positive_grace[1-0.5]
tests/sentinel/test_supervisor_timing_admission.py::test_zero_poll_cannot_start_a_busy_worker_loop
tests/sentinel/test_symbol_identity_recovery.py::test_nas_restated_actions_join_identity_and_keep_transport_labels_dated
tests/sentinel/test_symbol_identity_recovery.py::test_unproven_identity_never_gets_an_alias[missing-to]
tests/sentinel/test_symbol_identity_recovery.py::test_unproven_identity_never_gets_an_alias[missing-from]
tests/sentinel/test_symbol_identity_recovery.py::test_unproven_identity_never_gets_an_alias[different-date]
tests/sentinel/test_symbol_identity_recovery.py::test_unproven_identity_never_gets_an_alias[relation]
tests/sentinel/test_symbol_identity_recovery.py::test_unproven_identity_never_gets_an_alias[conflicting-id]
tests/sentinel/test_symbol_identity_recovery.py::test_unproven_identity_never_gets_an_alias[delisted]
tests/sentinel/test_symbol_identity_recovery.py::test_unproven_identity_never_gets_an_alias[gap]
tests/sentinel/test_symbol_identity_recovery.py::test_unproven_identity_never_gets_an_alias[branch]
tests/sentinel/test_symbol_identity_recovery.py::test_unproven_identity_never_gets_an_alias[to-branch]
tests/sentinel/test_symbol_identity_recovery.py::test_unproven_identity_never_gets_an_alias[cycle]
tests/sentinel/test_symbol_identity_recovery.py::test_rename_join_obeys_actual_seed_capture_gates[None]
tests/sentinel/test_symbol_identity_recovery.py::test_rename_join_obeys_actual_seed_capture_gates[missing-price]
tests/sentinel/test_symbol_identity_recovery.py::test_rename_join_obeys_actual_seed_capture_gates[moving-actions]
tests/sentinel/test_symbol_identity_recovery.py::test_rename_join_obeys_actual_seed_capture_gates[duplicate-alias]
tests/sentinel/test_symbol_identity_recovery.py::test_small_probe_follows_restated_actions_but_never_publishes
tests/sentinel/test_symbol_identity_recovery.py::test_published_resolver_cannot_consume_a_candidate_rename
tests/sentinel/test_symbol_identity_recovery.py::test_daily_overlap_cannot_forget_an_older_unresolved_rename[False]
tests/sentinel/test_symbol_identity_recovery.py::test_daily_overlap_cannot_forget_an_older_unresolved_rename[True]
tests/sentinel/test_symbol_identity_recovery.py::test_nas_split_units_still_use_the_existing_independent_price_check
tests/sentinel/test_system_authority.py::test_new_database_is_durably_pinned_at_version_one
tests/sentinel/test_system_authority.py::test_deleted_rollout_row_is_not_recreated_by_schema_check_or_restart
tests/sentinel/test_system_authority.py::test_preexisting_unsigned_bytes_survive_restart_but_never_authorize
tests/sentinel/test_system_authority.py::test_idempotent_pinned_operation_leaves_no_transaction_open
tests/sentinel/test_system_authority.py::test_durable_manifest_tampering_is_detected
tests/sentinel/test_system_authority.py::test_revocation_removes_a_legacy_unsigned_row_from_active_evidence
tests/sentinel/test_system_authority.py::test_controller_transition_remains_unavailable_with_unsigned_row
tests/sentinel/test_system_authority.py::test_controller_command_refuses_before_revocation_can_matter
tests/sentinel/test_system_simulation.py::TestTheChainComposes::test_the_controller_driven_through_CATCH_UP_matches_a_straight_run
tests/sentinel/test_system_simulation.py::TestTheChainComposes::test_the_controllers_state_SURVIVES_the_transaction
tests/sentinel/test_system_simulation.py::TestTheChainComposes::test_the_exposure_reaches_the_PLAN
tests/sentinel/test_system_simulation.py::TestOutageAndRestart::test_an_OUTAGE_advances_every_session_and_emits_ONE_plan
tests/sentinel/test_system_simulation.py::TestOutageAndRestart::test_RESTARTING_every_thirty_sessions_changes_nothing
tests/sentinel/test_system_simulation.py::TestOutageAndRestart::test_RECOVERING_TWICE_takes_no_further_economic_action
tests/sentinel/test_system_simulation.py::TestOutageAndRestart::test_and_the_second_pass_does_not_double_age_the_ramp
tests/sentinel/test_system_simulation.py::TestDegradedInputs::test_a_STALLED_CORPUS_does_not_drift_exposure_upward
tests/sentinel/test_system_simulation.py::TestDegradedInputs::test_an_unavailable_HEALTHY_breaks_the_streak
tests/sentinel/test_system_simulation.py::TestExternalCashAtAPartialExposure::test_a_deposit_at_55_percent_projects_against_55_percent
tests/sentinel/test_system_simulation.py::TestExternalCashAtAPartialExposure::test_the_deposit_does_not_move_the_CONTROLLER
tests/sentinel/test_system_simulation.py::TestExternalCashAtAPartialExposure::test_strategy_pl_excludes_it_even_mid_ramp
tests/sentinel/test_system_simulation.py::TestASingleNameFailure::test_a_holding_that_cannot_be_priced_is_not_liquidated
tests/sentinel/test_system_simulation.py::TestASingleNameFailure::test_but_a_name_the_STRATEGY_dropped_is_sold_even_unpriced
tests/sentinel/test_system_simulation.py::TestAnUnevaluableFragilityGate::test_a_COLD_START_recovery_ramps_rather_than_going_to_full
tests/sentinel/test_system_simulation.py::TestAnUnevaluableFragilityGate::test_and_it_SAYS_the_gate_was_unavailable
tests/sentinel/test_system_simulation.py::TestAnUnevaluableFragilityGate::test_a_ROBUST_recovery_with_a_full_window_still_goes_to_full
tests/sentinel/test_terminal.py::TestTheRulesAndWhatTheyCost::test_a_terminal_action_with_NO_TERMS_blocks_rather_than_writing_off
tests/sentinel/test_terminal.py::TestTheRulesAndWhatTheyCost::test_value_is_a_DEAL_SIZE_and_never_reaches_a_ratio_or_price
tests/sentinel/test_terminal.py::TestTheRulesAndWhatTheyCost::test_NA_is_a_SENTINEL_not_a_counterparty
tests/sentinel/test_terminal.py::TestTheRulesAndWhatTheyCost::test_every_absence_spelling_is_absence[N/A]
tests/sentinel/test_terminal.py::TestTheRulesAndWhatTheyCost::test_every_absence_spelling_is_absence[NA]
tests/sentinel/test_terminal.py::TestTheRulesAndWhatTheyCost::test_every_absence_spelling_is_absence[NONE]
tests/sentinel/test_terminal.py::TestTheRulesAndWhatTheyCost::test_every_absence_spelling_is_absence[NULL]
tests/sentinel/test_terminal.py::TestTheRulesAndWhatTheyCost::test_every_absence_spelling_is_absence[-]
tests/sentinel/test_terminal.py::TestTheRulesAndWhatTheyCost::test_every_absence_spelling_is_absence[--]
tests/sentinel/test_terminal.py::TestTheRulesAndWhatTheyCost::test_every_absence_spelling_is_absence[]
tests/sentinel/test_terminal.py::TestTheRulesAndWhatTheyCost::test_every_absence_spelling_is_absence[   ]
tests/sentinel/test_terminal.py::TestTheRulesAndWhatTheyCost::test_every_absence_spelling_is_absence[None]
tests/sentinel/test_terminal.py::TestTheRulesAndWhatTheyCost::test_an_UNATTRIBUTABLE_action_is_not_emitted_at_all
tests/sentinel/test_terminal.py::TestTheRulesAndWhatTheyCost::test_a_PUBLIC_buyer_does_not_prove_delivered_consideration
tests/sentinel/test_terminal.py::TestTheRulesAndWhatTheyCost::test_the_ACQUIRER_side_is_NOT_terminal_for_this_security
tests/sentinel/test_terminal.py::TestTheRulesAndWhatTheyCost::test_an_UNKNOWN_action_is_non_terminal
tests/sentinel/test_terminal.py::TestTheRulesAndWhatTheyCost::test_every_TARGET_side_action_terminates[acquisitionby]
tests/sentinel/test_terminal.py::TestTheRulesAndWhatTheyCost::test_every_TARGET_side_action_terminates[bankruptcyliquidation]
tests/sentinel/test_terminal.py::TestTheRulesAndWhatTheyCost::test_every_TARGET_side_action_terminates[delisted]
tests/sentinel/test_terminal.py::TestTheRulesAndWhatTheyCost::test_every_TARGET_side_action_terminates[mergerto]
tests/sentinel/test_terminal.py::TestTheRulesAndWhatTheyCost::test_every_TARGET_side_action_terminates[regulatorydelisting]
tests/sentinel/test_terminal.py::TestTheRulesAndWhatTheyCost::test_every_TARGET_side_action_terminates[voluntarydelisting]
tests/sentinel/test_terminal_historical_relevance.py::test_historical_holder_receives_daily_terminal_without_event_day_price[False-2024-12-30-2024-12-30]
tests/sentinel/test_terminal_historical_relevance.py::test_historical_holder_receives_daily_terminal_without_event_day_price[False-2024-12-28-2024-12-30]
tests/sentinel/test_terminal_historical_relevance.py::test_historical_holder_receives_daily_terminal_without_event_day_price[True-2024-12-30-2024-12-30]
tests/sentinel/test_terminal_historical_relevance.py::test_historical_holder_receives_daily_terminal_without_event_day_price[True-2024-12-28-2024-12-30]
tests/sentinel/test_terminal_historical_relevance.py::test_unresolved_prior_ticker_blocks_even_when_another_security_prints
tests/sentinel/test_terminal_identity.py::TestResolutionIsEffectiveDateBased::test_a_terminal_date_inside_the_OLD_window_resolves_to_the_OLD_issuer
tests/sentinel/test_terminal_identity.py::TestResolutionIsEffectiveDateBased::test_a_date_inside_the_NEW_window_resolves_to_the_NEW_issuer
tests/sentinel/test_terminal_identity.py::TestResolutionIsEffectiveDateBased::test_the_BOUNDARY_session_belongs_to_the_interval_that_contains_it
tests/sentinel/test_terminal_identity.py::TestResolutionIsEffectiveDateBased::test_a_date_in_the_GAP_between_them_resolves_to_NEITHER
tests/sentinel/test_terminal_identity.py::TestResolutionIsEffectiveDateBased::test_OVERLAPPING_intervals_resolve_to_neither
tests/sentinel/test_terminal_identity.py::TestResolutionIsEffectiveDateBased::test_an_UNKNOWN_symbol_is_NO_PERMANENT_ID
tests/sentinel/test_terminal_identity.py::TestResolutionIsEffectiveDateBased::test_a_weekend_terminal_keeps_vendor_date_but_applies_on_monday
tests/sentinel/test_terminal_identity.py::TestResolutionIsEffectiveDateBased::test_two_raw_weekend_rows_snapping_to_monday_apply_only_once
tests/sentinel/test_terminal_identity.py::TestResolutionIsEffectiveDateBased::test_a_plain_interval_gap_is_distinguished_from_reuse
tests/sentinel/test_terminal_identity.py::TestConservation::test_every_row_lands_in_exactly_ONE_bucket
tests/sentinel/test_terminal_identity.py::TestConservation::test_ONE_resolvable_and_ONE_not
tests/sentinel/test_terminal_identity.py::TestConservation::test_ALL_unresolvable
tests/sentinel/test_terminal_identity.py::TestConservation::test_a_DUPLICATE_vendor_row_is_excluded_not_replayed
tests/sentinel/test_terminal_identity.py::TestConservation::test_exclusions_carry_a_REASON_each
tests/sentinel/test_terminal_identity.py::TestConservation::test_there_is_no_generic_NOT_RELEVANT_bucket
tests/sentinel/test_terminal_identity.py::TestAbsentFromCorpusCannotHideAMappingFailure::test_a_PRICED_but_UNNAMEABLE_security_stays_UNRESOLVED
tests/sentinel/test_terminal_identity.py::TestAbsentFromCorpusCannotHideAMappingFailure::test_a_security_that_NEVER_PRINTED_is_excluded
tests/sentinel/test_terminal_identity.py::TestReadinessRefusesAnUnresolvedTermination::test_an_unresolved_terminal_makes_readiness_FALSE
tests/sentinel/test_terminal_identity.py::TestReadinessRefusesAnUnresolvedTermination::test_the_failure_NAMES_the_date_ticker_action_and_reason
tests/sentinel/test_terminal_identity.py::TestReadinessRefusesAnUnresolvedTermination::test_a_clean_corpus_PASSES_and_reports_the_counts
tests/sentinel/test_terminal_identity.py::TestReadinessRefusesAnUnresolvedTermination::test_the_accounting_is_EXPOSED_not_merely_logged
tests/sentinel/test_terminal_identity.py::TestIGMSProductionPair::test_readiness_and_target_book_consume_the_same_one_event_stream
tests/sentinel/test_terminal_identity.py::TestIGMSProductionPair::test_distinct_public_buyers_are_provenance_and_coalesce
tests/sentinel/test_terminal_identity.py::TestIGMSProductionPair::test_conflicting_richest_evidence_is_an_actionable_readiness_failure
tests/sentinel/test_terminal_leadership_return.py::test_complete_cash_terminal_earns_return_before_leaving_sensor[1-0-True]
tests/sentinel/test_terminal_leadership_return.py::test_complete_cash_terminal_earns_return_before_leaving_sensor[1-5-False]
tests/sentinel/test_terminal_leadership_return.py::test_complete_cash_terminal_earns_return_before_leaving_sensor[2-0-True]
tests/sentinel/test_terminal_leadership_return.py::test_complete_cash_terminal_earns_return_before_leaving_sensor[2-5-False]
tests/sentinel/test_terminal_leadership_return.py::test_complete_cash_terminal_earns_return_before_leaving_sensor[0.5-0-True]
tests/sentinel/test_terminal_leadership_return.py::test_complete_cash_terminal_earns_return_before_leaving_sensor[0.5-5-False]
tests/sentinel/test_terminal_leadership_return.py::test_terminal_consideration_uses_owned_signal_basis[WRITE_OFF-0]
tests/sentinel/test_terminal_leadership_return.py::test_terminal_consideration_uses_owned_signal_basis[CASH_MERGER-220]
tests/sentinel/test_terminal_leadership_return.py::test_terminal_consideration_uses_owned_signal_basis[CONVERSION-100]
tests/sentinel/test_terminal_leadership_return.py::test_terminal_consideration_uses_owned_signal_basis[CASH_PLUS_STOCK-320]
tests/sentinel/test_terminal_leadership_return.py::test_terminal_witness_refuses_incomplete_authority[missing-close]
tests/sentinel/test_terminal_leadership_return.py::test_terminal_witness_refuses_incomplete_authority[stale-close]
tests/sentinel/test_terminal_leadership_return.py::test_terminal_witness_refuses_incomplete_authority[missing-basis]
tests/sentinel/test_terminal_leadership_return.py::test_terminal_witness_refuses_incomplete_authority[duplicate]
tests/sentinel/test_terminal_leadership_return.py::test_terminal_witness_refuses_incomplete_authority[missing-reference]
tests/sentinel/test_terminal_split_return.py::test_split_then_terminal_preserves_economic_value[CASH_MERGER-2-50-0.5]
tests/sentinel/test_terminal_split_return.py::test_split_then_terminal_preserves_economic_value[CASH_MERGER-0.5-200-2]
tests/sentinel/test_terminal_split_return.py::test_split_then_terminal_preserves_economic_value[CONVERSION-2-50-0.5]
tests/sentinel/test_terminal_split_return.py::test_split_then_terminal_preserves_economic_value[CONVERSION-0.5-200-2]
tests/sentinel/test_terminal_split_return.py::test_split_then_terminal_preserves_economic_value[CASH_PLUS_STOCK-2-50-0.5]
tests/sentinel/test_terminal_split_return.py::test_split_then_terminal_preserves_economic_value[CASH_PLUS_STOCK-0.5-200-2]
tests/sentinel/test_trial_close_nav_evidence.py::test_typed_close_point_is_recorded_in_the_versioned_namespace
tests/sentinel/test_trial_close_nav_evidence.py::test_plain_duck_typed_close_point_is_accepted
tests/sentinel/test_trial_close_nav_evidence.py::test_retry_of_identical_source_point_keeps_first_request_bracket
tests/sentinel/test_trial_close_nav_evidence.py::test_changed_historical_source_point_is_a_revision[change0]
tests/sentinel/test_trial_close_nav_evidence.py::test_changed_historical_source_point_is_a_revision[change1]
tests/sentinel/test_trial_close_nav_evidence.py::test_changed_historical_source_point_is_a_revision[change2]
tests/sentinel/test_trial_close_nav_evidence.py::test_changed_historical_source_point_is_a_revision[change3]
tests/sentinel/test_trial_close_nav_evidence.py::test_changed_historical_source_point_is_a_revision[change4]
tests/sentinel/test_trial_close_nav_evidence.py::test_changed_historical_source_point_is_a_revision[change5]
tests/sentinel/test_trial_close_nav_evidence.py::test_changed_historical_source_point_is_a_revision[change6]
tests/sentinel/test_trial_close_nav_evidence.py::test_incomplete_or_non_close_authority_is_refused[change0-label unit]
tests/sentinel/test_trial_close_nav_evidence.py::test_incomplete_or_non_close_authority_is_refused[change1-valuation_at]
tests/sentinel/test_trial_close_nav_evidence.py::test_incomplete_or_non_close_authority_is_refused[change2-official XNYS close]
tests/sentinel/test_trial_close_nav_evidence.py::test_incomplete_or_non_close_authority_is_refused[change3-requested before]
tests/sentinel/test_trial_close_nav_evidence.py::test_non_decimal_equity_and_wrong_account_are_refused
tests/sentinel/test_trial_close_nav_evidence.py::test_load_rejects_db_date_kind_hash_and_binding_corruption
tests/sentinel/test_trial_fill_interval_evidence.py::test_capability_is_separate_and_false_for_production_alpaca
tests/sentinel/test_trial_fill_interval_evidence.py::test_guard_refuses_false_capability_before_transport
tests/sentinel/test_trial_fill_interval_evidence.py::test_certified_fill_interval_crosses_account_bound_read_guard
tests/sentinel/test_trial_fill_interval_evidence.py::test_complete_native_interval_is_recorded_and_bound
tests/sentinel/test_trial_fill_interval_evidence.py::test_retry_keeps_first_request_bracket_but_source_change_refuses
tests/sentinel/test_trial_fill_interval_evidence.py::test_incomplete_unpinned_or_short_interval_refuses[change0-not explicitly COMPLETE]
tests/sentinel/test_trial_fill_interval_evidence.py::test_incomplete_unpinned_or_short_interval_refuses[change1-not certified]
tests/sentinel/test_trial_fill_interval_evidence.py::test_incomplete_unpinned_or_short_interval_refuses[change2-does not reach]
tests/sentinel/test_trial_fill_interval_evidence.py::test_wrong_account_and_duplicate_native_identity_refuse
tests/sentinel/test_trial_fill_interval_evidence.py::test_load_rejects_hash_plan_and_binding_corruption
tests/sentinel/test_trial_fill_interval_proof.py::test_complete_account_interval_drives_cash_and_sql_is_account_wide
tests/sentinel/test_trial_fill_interval_proof.py::test_durable_fill_must_match_native_activity_identity_not_only_economics
tests/sentinel/test_trial_fill_interval_proof.py::test_foreign_off_plan_wrong_order_and_post_close_authoritative_fills_block[fill0-foreign, or off-plan]
tests/sentinel/test_trial_fill_interval_proof.py::test_foreign_off_plan_wrong_order_and_post_close_authoritative_fills_block[fill1-foreign, or off-plan]
tests/sentinel/test_trial_fill_interval_proof.py::test_foreign_off_plan_wrong_order_and_post_close_authoritative_fills_block[fill2-broker order identity]
tests/sentinel/test_trial_fill_interval_proof.py::test_foreign_off_plan_wrong_order_and_post_close_authoritative_fills_block[fill3-outside the plan-to-close]
tests/sentinel/test_trial_fill_interval_proof.py::test_missing_or_wrong_lower_boundary_and_omitted_command_fill_block
tests/sentinel/test_trial_fill_interval_proof.py::test_stale_mislinked_foreign_post_close_or_different_durable_rows_block[durable0]
tests/sentinel/test_trial_fill_interval_proof.py::test_stale_mislinked_foreign_post_close_or_different_durable_rows_block[durable1]
tests/sentinel/test_trial_fill_interval_proof.py::test_stale_mislinked_foreign_post_close_or_different_durable_rows_block[durable2]
tests/sentinel/test_trial_fill_interval_proof.py::test_stale_mislinked_foreign_post_close_or_different_durable_rows_block[durable3]
tests/sentinel/test_trial_fill_interval_proof.py::test_stale_mislinked_foreign_post_close_or_different_durable_rows_block[durable4]
tests/sentinel/test_two_phase.py::TestSimulatedCashReservations::test_two_working_buys_cannot_spend_the_same_cash
tests/sentinel/test_two_phase.py::TestTheFailure::test_the_BUY_is_sized_after_the_SELL_has_SETTLED
tests/sentinel/test_two_phase.py::TestTheFailure::test_filled_but_unsettled_cash_defers_the_buy
tests/sentinel/test_two_phase.py::TestTheFailure::test_a_FOREIGN_fill_BETWEEN_the_phases_is_seen
tests/sentinel/test_two_phase.py::TestTheFailure::test_convergence_is_EXACT
tests/sentinel/test_two_phase.py::TestTheAsymmetryWhenTheSETTLEFails::test_an_UNSETTLED_reduction_defers_the_increase
tests/sentinel/test_two_phase.py::TestTheAsymmetryWhenTheSETTLEFails::test_the_REDUCTION_still_went_out
tests/sentinel/test_two_phase.py::TestTheAsymmetryWhenTheSETTLEFails::test_an_INCOMPLETE_settle_read_does_not_count_as_settled
tests/sentinel/test_two_phase.py::TestTheAsymmetryWhenTheSETTLEFails::test_a_pure_BUY_session_pays_for_no_extra_settle
tests/sentinel/test_two_phase.py::TestOnlyReconciledFillsCanFundIncreases::test_a_reduction_without_a_fill_cannot_fund_a_buy[rejected]
tests/sentinel/test_two_phase.py::TestOnlyReconciledFillsCanFundIncreases::test_a_reduction_without_a_fill_cannot_fund_a_buy[unknown-never-landed]
tests/sentinel/test_two_phase.py::TestOnlyReconciledFillsCanFundIncreases::test_an_UNKNOWN_reduction_is_resolved_again_between_phases
tests/sentinel/test_two_phase.py::TestOnlyReconciledFillsCanFundIncreases::test_a_PARTIAL_reduction_cannot_fund_the_whole_buy
tests/sentinel/test_two_phase.py::TestOnlyReconciledFillsCanFundIncreases::test_a_CANCELLED_reduction_cannot_fund_a_buy
tests/sentinel/test_two_phase.py::TestOnlyReconciledFillsCanFundIncreases::test_an_ABSENT_reduction_cannot_fund_a_buy
tests/sentinel/test_two_phase.py::TestTheReductionBarrierSurvivesRestart::test_a_working_SELL_netted_to_zero_still_blocks_the_BUY[ordinary-ack]
tests/sentinel/test_two_phase.py::TestTheReductionBarrierSurvivesRestart::test_a_working_SELL_netted_to_zero_still_blocks_the_BUY[timeout-resolved-to-ack]
tests/sentinel/test_two_phase.py::TestTheReductionBarrierSurvivesRestart::test_a_PARTIAL_SELL_netted_to_zero_survives_restart_as_a_barrier
tests/sentinel/test_two_phase.py::TestTheReductionBarrierSurvivesRestart::test_a_smaller_old_SELL_does_not_satisfy_a_blocked_new_SELL
tests/sentinel/test_two_phase.py::TestUnavailablePriceAuthorityIsOneWay::test_a_cancelled_preservation_BUY_does_not_become_a_fresh_BUY
tests/sentinel/test_two_phase.py::TestUnavailablePriceAuthorityIsOneWay::test_an_unpriced_name_may_still_be_reduced
tests/sentinel/test_two_phase.py::TestSamePlanCommandRevisionRecovery::test_an_identical_PLANNED_crash_remnant_reuses_revision_zero
tests/sentinel/test_two_phase.py::TestSamePlanCommandRevisionRecovery::test_a_changed_PLANNED_remnant_is_superseded_not_rewritten
tests/sentinel/test_two_phase.py::TestSamePlanCommandRevisionRecovery::test_a_CANCELLED_command_is_not_resurrected_on_restart
tests/sentinel/test_two_phase.py::TestSamePlanCommandRevisionRecovery::test_a_REJECTED_command_is_not_resurrected_on_restart
tests/sentinel/test_two_phase.py::TestSamePlanCommandRevisionRecovery::test_a_PARTIAL_then_CANCELLED_command_restarts_at_remaining_revision
tests/sentinel/test_two_phase.py::TestPhaseTwoReconcilesTheWorldAgain::test_FOREIGN_activity_arriving_between_phases_blocks_the_buy
tests/sentinel/test_two_phase.py::TestPhaseTwoReconcilesTheWorldAgain::test_account_identity_is_rechecked_between_phases
tests/sentinel/test_two_phase.py::TestNothingIsSubmittedTwice::test_a_security_that_only_REDUCES_is_not_revisited
tests/sentinel/test_two_phase.py::TestNothingIsSubmittedTwice::test_one_command_per_security_per_plan
tests/sentinel/test_universe_projection.py::test_meta_uses_each_fields_own_observation_date_across_ticker_pairs
tests/sentinel/test_unknown_absence_finality.py::test_unknown_survives_absence_then_recovers_original_late_fill
tests/sentinel/test_unpriceable.py::TestTheFailure::test_an_unpriceable_HELD_security_is_not_sold
tests/sentinel/test_unpriceable.py::TestTheFailure::test_the_PLAN_carries_the_held_quantity_not_zero
tests/sentinel/test_unpriceable.py::TestTheFailure::test_the_priceable_names_are_UNAFFECTED
tests/sentinel/test_unpriceable.py::TestTheFailure::test_it_is_NAMED_not_silently_absorbed
tests/sentinel/test_unpriceable.py::TestTheFailure::test_a_ZERO_mark_is_unpriceable_too_not_a_price_of_zero
tests/sentinel/test_unpriceable.py::TestTheSweepStillWorks::test_a_security_WEALTH_CORE_DROPPED_is_still_sold
tests/sentinel/test_unpriceable.py::TestTheSweepStillWorks::test_a_dropped_security_with_NO_mark_is_ALSO_sold
tests/sentinel/test_unpriceable.py::TestTheSweepStillWorks::test_a_normal_reprojection_is_unchanged
tests/sentinel/test_unpriceable.py::TestTheBlindSecurityIsNotBOUGHT_EITHER::test_an_unpriceable_security_that_is_NOT_held_is_omitted
tests/sentinel/test_unpriceable.py::TestTheBlindSecurityIsNotBOUGHT_EITHER::test_holding_is_a_HOLD_not_a_target_that_grows
tests/sentinel/test_unpriceable.py::TestTheBlindSecurityIsNotBOUGHT_EITHER::test_a_committed_quantity_is_respected_for_a_blind_security
tests/sentinel/test_v5_opening_execution_freshness.py::test_public_late_opening_suppresses_buy_and_preserves_pending_sale[False]
tests/sentinel/test_v5_opening_execution_freshness.py::test_public_late_opening_suppresses_buy_and_preserves_pending_sale[True]
tests/sentinel/test_v5_opening_execution_freshness.py::test_late_restart_with_durable_opening_projection_remains_permitted
tests/sentinel/test_v5_opening_execution_freshness.py::test_fresh_v5_opening_without_certificate_retains_sizing_on_retry
tests/sentinel/test_warmup_economic_contract.py::test_warmup_keeps_all_cash_and_creates_no_economic_history
tests/sentinel/test_warmup_economic_contract.py::test_first_and_second_closes_are_economically_identical_after_warmup_restart
tests/sentinel/test_warmup_economic_contract.py::test_source_row_order_cannot_change_warmup_features_or_first_two_closes
tests/sentinel/test_warmup_economic_contract.py::test_warmup_identity_refuses_invalid_benchmark_before_hashing[first]
tests/sentinel/test_warmup_economic_contract.py::test_warmup_identity_refuses_invalid_benchmark_before_hashing[middle]
tests/sentinel/test_warmup_economic_contract.py::test_warmup_identity_refuses_invalid_benchmark_before_hashing[last]
tests/sentinel/test_warmup_economic_contract.py::test_warmup_identity_refuses_invalid_benchmark_before_hashing[future]
tests/sentinel/test_warmup_economic_contract.py::test_warmup_identity_refuses_invalid_benchmark_before_hashing[none]
tests/sentinel/test_warmup_economic_contract.py::test_warmup_identity_refuses_invalid_benchmark_before_hashing[nan]
tests/sentinel/test_warmup_economic_contract.py::test_warmup_identity_refuses_invalid_benchmark_before_hashing[zero]
tests/sentinel/test_warmup_economic_contract.py::test_warmup_identity_refuses_invalid_benchmark_before_hashing[negative]
tests/sentinel/test_warmup_economic_contract.py::test_invalid_warmup_inputs_refuse_before_economic_activity[empty]
tests/sentinel/test_warmup_economic_contract.py::test_invalid_warmup_inputs_refuse_before_economic_activity[short]
tests/sentinel/test_warmup_economic_contract.py::test_invalid_warmup_inputs_refuse_before_economic_activity[duplicate]
tests/sentinel/test_warmup_economic_contract.py::test_invalid_warmup_inputs_refuse_before_economic_activity[reversed]
tests/sentinel/test_warmup_economic_contract.py::test_invalid_warmup_inputs_refuse_before_economic_activity[missing_spy]
tests/sentinel/test_warmup_economic_contract.py::test_invalid_warmup_inputs_refuse_before_economic_activity[nan_spy]
tests/sentinel/test_warmup_economic_contract.py::test_invalid_warmup_inputs_refuse_before_economic_activity[negative_spy]
tests/sentinel/test_warmup_economic_contract.py::test_invalid_warmup_inputs_refuse_before_economic_activity[nonfresh]
tests/sentinel/test_warmup_economic_contract.py::test_invalid_warmup_inputs_refuse_before_economic_activity[no_causal_metadata]
tests/sentinel/test_warmup_economic_contract.py::test_irrelevant_young_instruments_do_not_change_champion_book_economics
tests/sentinel/test_web_push_attempt_fencing.py::test_push_response_after_takeover_cannot_complete_successor

=============================== warnings summary ===============================
../../usr/local/lib/python3.12/site-packages/fastapi/testclient.py:1
  /usr/local/lib/python3.12/site-packages/fastapi/testclient.py:1: StarletteDeprecationWarning: Using `httpx` with `starlette.testclient` is deprecated; install `httpx2` instead.
    from starlette.testclient import TestClient as TestClient  # noqa

-- Docs: https://docs.pytest.org/en/stable/how-to/capture-warnings.html
5597 tests collected in 9.70s
