decision_date,ticker,outcome,planned_shares,close_price,close_nav,cash_before_decision,required_reserve,uncommitted_cash_after_reserve,intended_capital,funding_fraction,q0_reason,buffer_basis_points
2006-07-05,MED,PLAN,205,19.49,100000.0,100000.0,150.0,99850.0,4000.0,1.0,,15
2006-07-05,ACLI,PLAN,66,59.89,100000.0,100000.0,150.0,99850.0,4000.0,1.0,,15
2006-07-05,FALB,PLAN,75,53.26,100000.0,100000.0,150.0,99850.0,4000.0,1.0,,15
2006-07-05,TTI,PLAN,131,30.37,100000.0,100000.0,150.0,99850.0,4000.0,1.0,,15
2006-07-05,CHAP1,PLAN,56,71.0,100000.0,100000.0,150.0,99850.0,4000.0,1.0,,15
2006-07-05,LFCHY,PLAN,64,61.65,100000.0,100000.0,150.0,99850.0,4000.0,1.0,,15
2006-07-05,ADM,PLAN,94,42.21,100000.0,100000.0,150.0,99850.0,4000.0,1.0,,15
2006-07-05,LVS,PLAN,53,75.06999999999998,100000.0,100000.0,150.0,99850.0,4000.0,1.0,,15
2006-07-05,MNST,PLAN,19,205.35,100000.0,100000.0,150.0,99850.0,4000.0,1.0,,15
2006-07-05,BFH,PLAN,67,58.81,100000.0,100000.0,150.0,99850.0,4000.0,1.0,,15
2006-07-05,AVL1,PLAN,84,47.38,100000.0,100000.0,150.0,99850.0,4000.0,1.0,,15
2006-07-05,LECO,PLAN,65,60.63,100000.0,100000.0,150.0,99850.0,4000.0,1.0,,15
2006-07-05,DAKT,PLAN,137,29.03,100000.0,100000.0,150.0,99850.0,4000.0,1.0,,15
2006-07-05,MTW,PLAN,89,44.87,100000.0,100000.0,150.0,99850.0,4000.0,1.0,,15
2006-07-05,VOLT2,PLAN,83,47.67,100000.0,100000.0,150.0,99850.0,4000.0,1.0,,15
2006-07-05,EXPD,PLAN,74,53.73,100000.0,100000.0,150.0,99850.0,4000.0,1.0,,15
2006-07-05,KEX,PLAN,101,39.46,100000.0,100000.0,150.0,99850.0,4000.0,1.0,,15
2006-07-05,OII,PLAN,86,46.05,100000.0,100000.0,150.0,99850.0,4000.0,1.0,,15
2006-07-05,FTI1,PLAN,57,69.18,100000.0,100000.0,150.0,99850.0,4000.0,1.0,,15
2006-07-05,WEBX1,PLAN,111,35.75,100000.0,100000.0,150.0,99850.0,4000.0,1.0,,15
2006-07-05,JLL,PLAN,46,86.25,100000.0,100000.0,150.0,99850.0,4000.0,1.0,,15
2006-07-05,AGP,PLAN,130,30.67,100000.0,100000.0,150.0,99850.0,4000.0,1.0,,15
2006-07-05,ATI,PLAN,58,68.61,100000.0,100000.0,150.0,99850.0,4000.0,1.0,,15
2006-07-05,TEX,PLAN,40,98.96,100000.0,100000.0,150.0,99850.0,4000.0,1.0,,15
2006-07-05,WCC,PLAN,60,66.6,100000.0,100000.0,150.0,99850.0,4000.0,1.0,,15
2006-09-07,CMCSK,PLAN,101,34.86,88313.27174698001,10600.901746980015,132.46990762047002,10468.431839359544,3532.5308698792005,1.0,,15
2006-09-11,HCR1,PLAN,65,52.21,86078.59694808102,7072.476948081014,129.11789542212153,6943.359052658892,3443.143877923241,1.0,,15
2006-09-15,CXW,PLAN,80,43.47,87240.796359581,6458.086359581013,130.8611945393715,6327.225165041642,3489.63185438324,1.0,,15
2006-10-03,CMCSA,PLAN,94,37.07,87203.226659581,9694.126659581016,130.80483998937152,9563.321819591643,3488.1290663832406,1.0,,15
2006-10-16,EPC,PLAN,49,76.62,94707.37963026502,6226.949630265017,142.06106944539752,6084.88856081962,3788.2951852106007,1.0,,15
2006-10-17,UST1,PLAN,41,55.79,94057.78603026501,2479.6060302650167,141.08667904539752,2338.5193512196192,3762.3114412106006,0.6215645322725204,,15
2006-11-01,ACAS,PLAN,1,42.74,93493.55864026501,201.12864026501683,140.2403379603975,60.888302304619316,3739.7423456106003,0.01628141638583336,,15
2006-12-15,MA,PLAN,41,96.19,100330.19087026501,4361.5808702650165,150.4952863053975,4211.085583959619,4013.2076348106007,1.0,,15
2007-01-29,TSG1,PLAN,129,32.3,104532.168490265,21197.50377026501,156.7982527353975,21040.705517529615,4181.2867396106,1.0,,15
2007-01-30,CF,PLAN,136,30.77,104981.964304265,17022.763200265013,157.4729464563975,16865.290253808616,4199.2785721706005,1.0,,15
2007-01-31,MTCH,PLAN,109,38.4,104864.854704265,12843.697120265013,157.2972820563975,12686.399838208616,4194.5941881706,1.0,,15
2007-02-01,HAS,PLAN,146,28.68,105455.01205626504,8658.275880265013,158.18251808439757,8500.093362180616,4218.200482250601,1.0,,15
2007-02-02,TRA,PLAN,287,14.67,105421.298424265,4460.9627602650135,158.1319476363975,4302.830812628616,4216.8519369706,1.0,,15
2007-02-05,UIS,PLAN,11,8.849999999999998,105100.49083026499,257.9539502650132,157.65073624539747,100.30321401961572,4204.0196332106,0.023858883347558108,,15
2007-03-29,MIR2,PLAN,102,40.94,105447.073661001,6896.033661001015,158.17061049150152,6737.863050509513,4217.8829464400405,1.0,,15
2007-05-14,GEN1,PLAN,179,25.46,114595.892741001,10518.827741001016,171.8938391115015,10346.933901889515,4583.83570964004,1.0,,15
2007-06-05,TRW,PLAN,119,40.04,119244.445231001,10137.575231001016,178.86666784650149,9958.708563154514,4769.7778092400395,1.0,,15
2007-06-21,NRG,PLAN,111,43.51,121232.522471001,8888.062471001018,181.8487837065015,8706.213687294516,4849.30089884004,1.0,,15
2007-07-13,GLBL1,PLAN,135,28.68,127803.72231100101,4068.5173110010187,191.7055834665015,3876.811727534517,5112.14889244004,0.7583526632543182,,15
2007-08-23,TBSIQ,PLAN,118,38.17,112723.02177100102,9263.50177100102,169.08453265650152,9094.417238344518,4508.920870840041,1.0,,15
2007-08-28,DRYS,PLAN,71,61.3,109597.67597100101,4763.20597100102,164.3965139565015,4598.809457044518,4383.9070388400405,1.0,,15
2007-09-11,GRMN,Q0_SKIP,0,106.88,114011.70827100103,240.4632710010205,171.01756240650155,69.44570859451895,4560.468330840041,0.015227758106529161,CASH_SCARCITY,15
2007-09-11,OII,Q0_SKIP,0,72.29,114011.70827100103,240.4632710010205,171.01756240650155,69.44570859451895,4560.468330840041,0.015227758106529161,CASH_SCARCITY,15
2007-09-11,CROX,PLAN,1,57.71,114011.70827100103,240.4632710010205,171.01756240650155,69.44570859451895,4560.468330840041,0.015227758106529161,,15
2007-10-29,EDO,PLAN,89,57.65,129140.56589100101,9871.735891001043,193.71084883650153,9678.025042164541,5165.62263564004,1.0,,15
2007-11-29,MTL,PLAN,57,82.76999999999998,119807.60942100103,34775.91942100105,179.71141413150156,34596.20800686954,4792.304376840041,1.0,,15
2007-12-04,TELFY,PLAN,46,103.11,120490.02632574204,29724.036325742047,180.73503948861307,29543.301286253434,4819.601053029682,1.0,,15
2007-12-05,SIGM,PLAN,68,71.15,121778.02793406406,25024.627934064047,182.6670419010961,24841.96089216295,4871.1211173625625,1.0,,15
2007-12-10,IHS2,PLAN,71,69.05,123780.05993406405,20203.239934064044,185.67008990109608,20017.569844162947,4951.202397362562,1.0,,15
2007-12-11,BIDU,PLAN,12,378.38,120690.50123406402,15249.591234064046,181.03575185109605,15068.55548221295,4827.620049362561,1.0,,15
2007-12-12,BMRN,PLAN,172,28.18,121812.24571406405,15216.465714064045,182.71836857109608,15033.74734549295,4872.489828562562,1.0,,15
2007-12-13,KUST,PLAN,821,6.0,123340.65863406404,10439.188634064045,185.01098795109607,10254.177646112948,4933.626345362562,1.0,,15
2007-12-14,GLDN1,PLAN,47,103.06,123309.59263406406,5508.262634064045,184.96438895109608,5323.298245112949,4932.383705362562,1.0,,15
2008-01-14,CVD,PLAN,50,95.66,119878.42649406404,24263.63849406405,179.81763974109606,24083.820854322952,4795.137059762562,1.0,,15
2008-01-18,PHRM,PLAN,64,67.84,109188.38680406407,39993.896804064054,163.7825802060961,39830.114223857956,4367.535472162563,1.0,,15
2008-02-05,PRGO,PLAN,131,33.48,110488.89296406407,35745.812964064055,165.7333394460961,35580.07962461796,4419.555718562563,1.0,,15
2008-02-06,MEE,PLAN,116,38.26,111245.36171406407,31320.141714064055,166.8680425710961,31153.27367149296,4449.814468562563,1.0,,15
2008-02-07,MOS,PLAN,47,93.75,111868.15095406405,30863.880954064054,167.80222643109607,30696.078727632957,4474.726038162562,1.0,,15
2008-02-08,INCY,PLAN,376,11.98,113020.41314406405,26383.595144064053,169.53061971609608,26214.064524347956,4520.816525762562,1.0,,15
2008-02-11,AUXL,PLAN,136,33.47,114198.32194406407,21885.901944064055,171.2974829160961,21714.60446114796,4567.932877762562,1.0,,15
2008-02-12,GOLD1,PLAN,99,46.39,114998.00882406403,17268.168824064058,172.49701323609605,17095.67181082796,4599.920352962561,1.0,,15
2008-02-20,FRFHF,PLAN,15,307.0,117966.94176406406,12616.461764064057,176.95041264609608,12439.511351417961,4718.6776705625625,1.0,,15
2008-02-21,CMO,PLAN,258,18.11,117248.37681406406,8157.186814064057,175.8725652210961,7981.314248842961,4689.935072562563,1.0,,15
2008-02-22,KGC,PLAN,143,23.12,117915.99765406406,3503.3776540640574,176.8739964810961,3326.5036575829613,4716.6399061625625,0.7052697945494402,,15
2008-02-25,GG,Q0_SKIP,0,41.14,119893.63825406406,200.67825406405836,179.8404573810961,20.837796682962278,4795.745530162562,0.0043450588760192066,CASH_SCARCITY,15
2008-02-25,MON2,Q0_SKIP,0,121.92,119893.63825406406,200.67825406405836,179.8404573810961,20.837796682962278,4795.745530162562,0.0043450588760192066,CASH_SCARCITY,15
2008-02-25,CNX,Q0_SKIP,0,81.31999999999998,119893.63825406406,200.67825406405836,179.8404573810961,20.837796682962278,4795.745530162562,0.0043450588760192066,CASH_SCARCITY,15
2008-02-25,SID,Q0_SKIP,0,38.39,119893.63825406406,200.67825406405836,179.8404573810961,20.837796682962278,4795.745530162562,0.0043450588760192066,CASH_SCARCITY,15
2008-02-25,HES,Q0_SKIP,0,97.59,119893.63825406406,200.67825406405836,179.8404573810961,20.837796682962278,4795.745530162562,0.0043450588760192066,CASH_SCARCITY,15
2008-02-25,BVN,Q0_SKIP,0,72.79999999999998,119893.63825406406,200.67825406405836,179.8404573810961,20.837796682962278,4795.745530162562,0.0043450588760192066,CASH_SCARCITY,15
2008-02-25,FCL1,Q0_SKIP,0,57.62,119893.63825406406,200.67825406405836,179.8404573810961,20.837796682962278,4795.745530162562,0.0043450588760192066,CASH_SCARCITY,15
2008-02-25,NVT1,Q0_SKIP,0,74.45999999999998,119893.63825406406,200.67825406405836,179.8404573810961,20.837796682962278,4795.745530162562,0.0043450588760192066,CASH_SCARCITY,15
2008-02-25,WLTGQ,Q0_SKIP,0,54.11,119893.63825406406,200.67825406405836,179.8404573810961,20.837796682962278,4795.745530162562,0.0043450588760192066,CASH_SCARCITY,15
2008-02-25,NLY,Q0_SKIP,0,21.0,119893.63825406406,200.67825406405836,179.8404573810961,20.837796682962278,4795.745530162562,0.0043450588760192066,CASH_SCARCITY,15
2008-02-25,TRA,Q0_SKIP,0,50.64,119893.63825406406,200.67825406405836,179.8404573810961,20.837796682962278,4795.745530162562,0.0043450588760192066,CASH_SCARCITY,15
2008-02-25,ANRZQ,Q0_SKIP,0,42.27,119893.63825406406,200.67825406405836,179.8404573810961,20.837796682962278,4795.745530162562,0.0043450588760192066,CASH_SCARCITY,15
2008-02-25,MFA,PLAN,2,10.3,119893.63825406406,200.67825406405836,179.8404573810961,20.837796682962278,4795.745530162562,0.0043450588760192066,,15
2008-02-26,CNX,Q0_SKIP,0,81.33,120485.25799406406,180.39799406405837,180.72788699109609,0.0,4819.410319762563,0.0,CASH_SCARCITY,15
2008-02-26,GG,Q0_SKIP,0,42.27,120485.25799406406,180.39799406405837,180.72788699109609,0.0,4819.410319762563,0.0,CASH_SCARCITY,15
2008-02-26,FCL1,Q0_SKIP,0,57.81,120485.25799406406,180.39799406405837,180.72788699109609,0.0,4819.410319762563,0.0,CASH_SCARCITY,15
2008-02-26,BVN,Q0_SKIP,0,72.54,120485.25799406406,180.39799406405837,180.72788699109609,0.0,4819.410319762563,0.0,CASH_SCARCITY,15
2008-02-26,WLTGQ,Q0_SKIP,0,52.57,120485.25799406406,180.39799406405837,180.72788699109609,0.0,4819.410319762563,0.0,CASH_SCARCITY,15
2008-02-26,ANRZQ,Q0_SKIP,0,41.5,120485.25799406406,180.39799406405837,180.72788699109609,0.0,4819.410319762563,0.0,CASH_SCARCITY,15
2008-02-26,MON2,Q0_SKIP,0,120.76,120485.25799406406,180.39799406405837,180.72788699109609,0.0,4819.410319762563,0.0,CASH_SCARCITY,15
2008-02-26,CPHD,Q0_SKIP,0,31.82,120485.25799406406,180.39799406405837,180.72788699109609,0.0,4819.410319762563,0.0,CASH_SCARCITY,15
2008-02-26,HES,Q0_SKIP,0,98.54,120485.25799406406,180.39799406405837,180.72788699109609,0.0,4819.410319762563,0.0,CASH_SCARCITY,15
2008-02-26,SID,Q0_SKIP,0,37.47,120485.25799406406,180.39799406405837,180.72788699109609,0.0,4819.410319762563,0.0,CASH_SCARCITY,15
2008-02-26,TRA,Q0_SKIP,0,50.38,120485.25799406406,180.39799406405837,180.72788699109609,0.0,4819.410319762563,0.0,CASH_SCARCITY,15
2008-02-26,NVT1,Q0_SKIP,0,74.72,120485.25799406406,180.39799406405837,180.72788699109609,0.0,4819.410319762563,0.0,CASH_SCARCITY,15
2008-02-26,PBR,Q0_SKIP,0,121.75,120485.25799406406,180.39799406405837,180.72788699109609,0.0,4819.410319762563,0.0,CASH_SCARCITY,15
2008-02-26,RESP1,Q0_SKIP,0,65.73,120485.25799406406,180.39799406405837,180.72788699109609,0.0,4819.410319762563,0.0,CASH_SCARCITY,15
2008-02-26,ADM,Q0_SKIP,0,45.92,120485.25799406406,180.39799406405837,180.72788699109609,0.0,4819.410319762563,0.0,CASH_SCARCITY,15
2008-02-26,AEM,Q0_SKIP,0,67.39,120485.25799406406,180.39799406405837,180.72788699109609,0.0,4819.410319762563,0.0,CASH_SCARCITY,15
2008-02-26,ACIIQ,Q0_SKIP,0,54.45,120485.25799406406,180.39799406405837,180.72788699109609,0.0,4819.410319762563,0.0,CASH_SCARCITY,15
2008-02-26,OTEX,Q0_SKIP,0,33.07,120485.25799406406,180.39799406405837,180.72788699109609,0.0,4819.410319762563,0.0,CASH_SCARCITY,15
2008-02-26,CSIQ,Q0_SKIP,0,19.32,120485.25799406406,180.39799406405837,180.72788699109609,0.0,4819.410319762563,0.0,CASH_SCARCITY,15
2008-02-26,ATVI,Q0_SKIP,0,27.25,120485.25799406406,180.39799406405837,180.72788699109609,0.0,4819.410319762563,0.0,CASH_SCARCITY,15
2008-02-26,AUY,Q0_SKIP,0,17.57,120485.25799406406,180.39799406405837,180.72788699109609,0.0,4819.410319762563,0.0,CASH_SCARCITY,15
2008-02-26,BTUUQ,Q0_SKIP,0,59.12,120485.25799406406,180.39799406405837,180.72788699109609,0.0,4819.410319762563,0.0,CASH_SCARCITY,15
2008-02-26,EOG,Q0_SKIP,0,108.23,120485.25799406406,180.39799406405837,180.72788699109609,0.0,4819.410319762563,0.0,CASH_SCARCITY,15
2008-02-26,POT,Q0_SKIP,0,161.53,120485.25799406406,180.39799406405837,180.72788699109609,0.0,4819.410319762563,0.0,CASH_SCARCITY,15
2008-02-26,SWN,Q0_SKIP,0,68.13,120485.25799406406,180.39799406405837,180.72788699109609,0.0,4819.410319762563,0.0,CASH_SCARCITY,15
2008-02-26,WTI,Q0_SKIP,0,36.55,120485.25799406406,180.39799406405837,180.72788699109609,0.0,4819.410319762563,0.0,CASH_SCARCITY,15
2008-02-26,NLY,Q0_SKIP,0,20.87,120485.25799406406,180.39799406405837,180.72788699109609,0.0,4819.410319762563,0.0,CASH_SCARCITY,15
2008-02-26,CMEDQ,Q0_SKIP,0,55.57,120485.25799406406,180.39799406405837,180.72788699109609,0.0,4819.410319762563,0.0,CASH_SCARCITY,15
2008-02-26,SYT1,Q0_SKIP,0,56.89,120485.25799406406,180.39799406405837,180.72788699109609,0.0,4819.410319762563,0.0,CASH_SCARCITY,15
2008-02-26,WLL2,Q0_SKIP,0,60.85,120485.25799406406,180.39799406405837,180.72788699109609,0.0,4819.410319762563,0.0,CASH_SCARCITY,15
2008-02-26,RRC,Q0_SKIP,0,65.16,120485.25799406406,180.39799406405837,180.72788699109609,0.0,4819.410319762563,0.0,CASH_SCARCITY,15
2008-02-26,VAR,Q0_SKIP,0,53.69,120485.25799406406,180.39799406405837,180.72788699109609,0.0,4819.410319762563,0.0,CASH_SCARCITY,15
2008-02-26,PAAS,Q0_SKIP,0,39.19,120485.25799406406,180.39799406405837,180.72788699109609,0.0,4819.410319762563,0.0,CASH_SCARCITY,15
2008-02-26,SGY,Q0_SKIP,0,49.72,120485.25799406406,180.39799406405837,180.72788699109609,0.0,4819.410319762563,0.0,CASH_SCARCITY,15
2008-02-26,ILMN,Q0_SKIP,0,74.45,120485.25799406406,180.39799406405837,180.72788699109609,0.0,4819.410319762563,0.0,CASH_SCARCITY,15
2008-02-26,BEAS,Q0_SKIP,0,18.82,120485.25799406406,180.39799406405837,180.72788699109609,0.0,4819.410319762563,0.0,CASH_SCARCITY,15
2008-02-26,MBT,Q0_SKIP,0,87.03,120485.25799406406,180.39799406405837,180.72788699109609,0.0,4819.410319762563,0.0,CASH_SCARCITY,15
2008-02-26,VEON,Q0_SKIP,0,37.7,120485.25799406406,180.39799406405837,180.72788699109609,0.0,4819.410319762563,0.0,CASH_SCARCITY,15
2008-02-26,PPDI,Q0_SKIP,0,46.65,120485.25799406406,180.39799406405837,180.72788699109609,0.0,4819.410319762563,0.0,CASH_SCARCITY,15
2008-02-26,KWKAQ,Q0_SKIP,0,34.73,120485.25799406406,180.39799406405837,180.72788699109609,0.0,4819.410319762563,0.0,CASH_SCARCITY,15
2008-02-26,FSLR,Q0_SKIP,0,220.69,120485.25799406406,180.39799406405837,180.72788699109609,0.0,4819.410319762563,0.0,CASH_SCARCITY,15
2008-02-26,AIZ,Q0_SKIP,0,64.52,120485.25799406406,180.39799406405837,180.72788699109609,0.0,4819.410319762563,0.0,CASH_SCARCITY,15
2008-02-26,AGP,Q0_SKIP,0,37.91,120485.25799406406,180.39799406405837,180.72788699109609,0.0,4819.410319762563,0.0,CASH_SCARCITY,15
2008-02-26,IMCL,Q0_SKIP,0,45.58,120485.25799406406,180.39799406405837,180.72788699109609,0.0,4819.410319762563,0.0,CASH_SCARCITY,15
2008-02-26,WDR,Q0_SKIP,0,33.92,120485.25799406406,180.39799406405837,180.72788699109609,0.0,4819.410319762563,0.0,CASH_SCARCITY,15
2008-02-26,AGU,Q0_SKIP,0,74.06999999999998,120485.25799406406,180.39799406405837,180.72788699109609,0.0,4819.410319762563,0.0,CASH_SCARCITY,15
2008-02-26,PRXL,Q0_SKIP,0,58.07,120485.25799406406,180.39799406405837,180.72788699109609,0.0,4819.410319762563,0.0,CASH_SCARCITY,15
2008-02-26,AGCO,Q0_SKIP,0,66.7,120485.25799406406,180.39799406405837,180.72788699109609,0.0,4819.410319762563,0.0,CASH_SCARCITY,15
2008-02-26,CMP,Q0_SKIP,0,57.94,120485.25799406406,180.39799406405837,180.72788699109609,0.0,4819.410319762563,0.0,CASH_SCARCITY,15
2008-02-26,SOHU,Q0_SKIP,0,45.58,120485.25799406406,180.39799406405837,180.72788699109609,0.0,4819.410319762563,0.0,CASH_SCARCITY,15
2008-02-26,WPM,Q0_SKIP,0,16.97,120485.25799406406,180.39799406405837,180.72788699109609,0.0,4819.410319762563,0.0,CASH_SCARCITY,15
2008-02-26,UAPH,Q0_SKIP,0,38.62,120485.25799406406,180.39799406405837,180.72788699109609,0.0,4819.410319762563,0.0,CASH_SCARCITY,15
2008-02-26,DE,Q0_SKIP,0,87.45999999999998,120485.25799406406,180.39799406405837,180.72788699109609,0.0,4819.410319762563,0.0,CASH_SCARCITY,15
2008-02-26,CDE,Q0_SKIP,0,4.84,120485.25799406406,180.39799406405837,180.72788699109609,0.0,4819.410319762563,0.0,CASH_SCARCITY,15
2008-02-26,TKC,Q0_SKIP,0,26.91,120485.25799406406,180.39799406405837,180.72788699109609,0.0,4819.410319762563,0.0,CASH_SCARCITY,15
2008-02-26,CLF,Q0_SKIP,0,124.96,120485.25799406406,180.39799406405837,180.72788699109609,0.0,4819.410319762563,0.0,CASH_SCARCITY,15
2008-02-26,APA,Q0_SKIP,0,114.63,120485.25799406406,180.39799406405837,180.72788699109609,0.0,4819.410319762563,0.0,CASH_SCARCITY,15
2008-02-26,CEDCQ,Q0_SKIP,0,55.45,120485.25799406406,180.39799406405837,180.72788699109609,0.0,4819.410319762563,0.0,CASH_SCARCITY,15
2008-02-26,ISRG,Q0_SKIP,0,296.23,120485.25799406406,180.39799406405837,180.72788699109609,0.0,4819.410319762563,0.0,CASH_SCARCITY,15
2008-02-26,OMG,Q0_SKIP,0,62.13,120485.25799406406,180.39799406405837,180.72788699109609,0.0,4819.410319762563,0.0,CASH_SCARCITY,15
2008-02-26,TT2,Q0_SKIP,0,45.08,120485.25799406406,180.39799406405837,180.72788699109609,0.0,4819.410319762563,0.0,CASH_SCARCITY,15
2008-02-26,DNRCQ,Q0_SKIP,0,32.55,120485.25799406406,180.39799406405837,180.72788699109609,0.0,4819.410319762563,0.0,CASH_SCARCITY,15
2008-02-26,RIO,Q0_SKIP,0,458.0,120485.25799406406,180.39799406405837,180.72788699109609,0.0,4819.410319762563,0.0,CASH_SCARCITY,15
2008-02-26,BUCY,Q0_SKIP,0,106.3,120485.25799406406,180.39799406405837,180.72788699109609,0.0,4819.410319762563,0.0,CASH_SCARCITY,15
2008-02-26,STT,Q0_SKIP,0,82.79999999999998,120485.25799406406,180.39799406405837,180.72788699109609,0.0,4819.410319762563,0.0,CASH_SCARCITY,15
2008-02-26,DLB,Q0_SKIP,0,46.53,120485.25799406406,180.39799406405837,180.72788699109609,0.0,4819.410319762563,0.0,CASH_SCARCITY,15
2008-02-26,FHI,Q0_SKIP,0,43.3,120485.25799406406,180.39799406405837,180.72788699109609,0.0,4819.410319762563,0.0,CASH_SCARCITY,15
2008-02-26,FLIR,Q0_SKIP,0,30.71,120485.25799406406,180.39799406405837,180.72788699109609,0.0,4819.410319762563,0.0,CASH_SCARCITY,15
2008-02-26,BKNG,Q0_SKIP,0,126.53,120485.25799406406,180.39799406405837,180.72788699109609,0.0,4819.410319762563,0.0,CASH_SCARCITY,15
2008-02-26,NFLX,Q0_SKIP,0,29.0,120485.25799406406,180.39799406405837,180.72788699109609,0.0,4819.410319762563,0.0,CASH_SCARCITY,15
2008-02-26,JOY,Q0_SKIP,0,68.99,120485.25799406406,180.39799406405837,180.72788699109609,0.0,4819.410319762563,0.0,CASH_SCARCITY,15
2008-02-26,HMY,Q0_SKIP,0,12.43,120485.25799406406,180.39799406405837,180.72788699109609,0.0,4819.410319762563,0.0,CASH_SCARCITY,15
2008-02-26,THC,Q0_SKIP,0,4.9,120485.25799406406,180.39799406405837,180.72788699109609,0.0,4819.410319762563,0.0,CASH_SCARCITY,15
2008-02-26,CHA2,Q0_SKIP,0,78.5,120485.25799406406,180.39799406405837,180.72788699109609,0.0,4819.410319762563,0.0,CASH_SCARCITY,15
2008-02-26,DECK,Q0_SKIP,0,127.87,120485.25799406406,180.39799406405837,180.72788699109609,0.0,4819.410319762563,0.0,CASH_SCARCITY,15
2008-02-26,DPTRQ,Q0_SKIP,0,24.51,120485.25799406406,180.39799406405837,180.72788699109609,0.0,4819.410319762563,0.0,CASH_SCARCITY,15
2008-02-26,HL,Q0_SKIP,0,10.85,120485.25799406406,180.39799406405837,180.72788699109609,0.0,4819.410319762563,0.0,CASH_SCARCITY,15
2008-02-26,FMCN,Q0_SKIP,0,51.37,120485.25799406406,180.39799406405837,180.72788699109609,0.0,4819.410319762563,0.0,CASH_SCARCITY,15
2008-02-26,CEO,Q0_SKIP,0,170.73,120485.25799406406,180.39799406405837,180.72788699109609,0.0,4819.410319762563,0.0,CASH_SCARCITY,15
2008-02-26,SUNEQ,Q0_SKIP,0,81.79,120485.25799406406,180.39799406405837,180.72788699109609,0.0,4819.410319762563,0.0,CASH_SCARCITY,15
2008-02-26,CHU,Q0_SKIP,0,23.68,120485.25799406406,180.39799406405837,180.72788699109609,0.0,4819.410319762563,0.0,CASH_SCARCITY,15
2008-02-26,EMKR,Q0_SKIP,0,12.32,120485.25799406406,180.39799406405837,180.72788699109609,0.0,4819.410319762563,0.0,CASH_SCARCITY,15
2008-02-27,FCL1,Q0_SKIP,0,57.34,119687.63799406406,180.39799406405837,179.5314569910961,0.8665370729622737,4787.5055197625625,0.00018099970211736692,CASH_SCARCITY,15
2008-02-27,CNX,Q0_SKIP,0,79.08,119687.63799406406,180.39799406405837,179.5314569910961,0.8665370729622737,4787.5055197625625,0.00018099970211736692,CASH_SCARCITY,15
2008-02-27,GG,Q0_SKIP,0,43.4,119687.63799406406,180.39799406405837,179.5314569910961,0.8665370729622737,4787.5055197625625,0.00018099970211736692,CASH_SCARCITY,15
2008-02-27,ANRZQ,Q0_SKIP,0,41.33,119687.63799406406,180.39799406405837,179.5314569910961,0.8665370729622737,4787.5055197625625,0.00018099970211736692,CASH_SCARCITY,15
2008-02-27,BVN,Q0_SKIP,0,74.53,119687.63799406406,180.39799406405837,179.5314569910961,0.8665370729622737,4787.5055197625625,0.00018099970211736692,CASH_SCARCITY,15
2008-02-27,NLY,Q0_SKIP,0,20.77,119687.63799406406,180.39799406405837,179.5314569910961,0.8665370729622737,4787.5055197625625,0.00018099970211736692,CASH_SCARCITY,15
2008-02-27,WLTGQ,Q0_SKIP,0,53.52,119687.63799406406,180.39799406405837,179.5314569910961,0.8665370729622737,4787.5055197625625,0.00018099970211736692,CASH_SCARCITY,15
2008-02-27,CPHD,Q0_SKIP,0,31.45,119687.63799406406,180.39799406405837,179.5314569910961,0.8665370729622737,4787.5055197625625,0.00018099970211736692,CASH_SCARCITY,15
2008-02-27,MON2,Q0_SKIP,0,119.27,119687.63799406406,180.39799406405837,179.5314569910961,0.8665370729622737,4787.5055197625625,0.00018099970211736692,CASH_SCARCITY,15
2008-02-27,SID,Q0_SKIP,0,37.42,119687.63799406406,180.39799406405837,179.5314569910961,0.8665370729622737,4787.5055197625625,0.00018099970211736692,CASH_SCARCITY,15
2008-02-27,ACIIQ,Q0_SKIP,0,52.92,119687.63799406406,180.39799406405837,179.5314569910961,0.8665370729622737,4787.5055197625625,0.00018099970211736692,CASH_SCARCITY,15
2008-02-27,HES,Q0_SKIP,0,95.49,119687.63799406406,180.39799406405837,179.5314569910961,0.8665370729622737,4787.5055197625625,0.00018099970211736692,CASH_SCARCITY,15
2008-02-27,WLL2,Q0_SKIP,0,60.97,119687.63799406406,180.39799406405837,179.5314569910961,0.8665370729622737,4787.5055197625625,0.00018099970211736692,CASH_SCARCITY,15
2008-02-27,ADM,Q0_SKIP,0,45.23,119687.63799406406,180.39799406405837,179.5314569910961,0.8665370729622737,4787.5055197625625,0.00018099970211736692,CASH_SCARCITY,15
2008-02-27,PBR,Q0_SKIP,0,125.01,119687.63799406406,180.39799406405837,179.5314569910961,0.8665370729622737,4787.5055197625625,0.00018099970211736692,CASH_SCARCITY,15
2008-02-27,TRA,Q0_SKIP,0,47.46,119687.63799406406,180.39799406405837,179.5314569910961,0.8665370729622737,4787.5055197625625,0.00018099970211736692,CASH_SCARCITY,15
2008-02-27,SWN,Q0_SKIP,0,65.61,119687.63799406406,180.39799406405837,179.5314569910961,0.8665370729622737,4787.5055197625625,0.00018099970211736692,CASH_SCARCITY,15
2008-02-27,RESP1,Q0_SKIP,0,65.76,119687.63799406406,180.39799406405837,179.5314569910961,0.8665370729622737,4787.5055197625625,0.00018099970211736692,CASH_SCARCITY,15
2008-02-27,AEM,Q0_SKIP,0,69.11,119687.63799406406,180.39799406405837,179.5314569910961,0.8665370729622737,4787.5055197625625,0.00018099970211736692,CASH_SCARCITY,15
2008-02-27,AUY,Q0_SKIP,0,18.21,119687.63799406406,180.39799406405837,179.5314569910961,0.8665370729622737,4787.5055197625625,0.00018099970211736692,CASH_SCARCITY,15
2008-02-27,POT,Q0_SKIP,0,159.6,119687.63799406406,180.39799406405837,179.5314569910961,0.8665370729622737,4787.5055197625625,0.00018099970211736692,CASH_SCARCITY,15
2008-02-27,EOG,Q0_SKIP,0,105.68,119687.63799406406,180.39799406405837,179.5314569910961,0.8665370729622737,4787.5055197625625,0.00018099970211736692,CASH_SCARCITY,15
2008-02-27,PPDI,Q0_SKIP,0,46.43,119687.63799406406,180.39799406405837,179.5314569910961,0.8665370729622737,4787.5055197625625,0.00018099970211736692,CASH_SCARCITY,15
2008-02-27,ATVI,Q0_SKIP,0,27.51,119687.63799406406,180.39799406405837,179.5314569910961,0.8665370729622737,4787.5055197625625,0.00018099970211736692,CASH_SCARCITY,15
2008-02-27,OTEX,Q0_SKIP,0,33.0,119687.63799406406,180.39799406405837,179.5314569910961,0.8665370729622737,4787.5055197625625,0.00018099970211736692,CASH_SCARCITY,15
2008-02-27,SVNTQ,Q0_SKIP,0,23.7,119687.63799406406,180.39799406405837,179.5314569910961,0.8665370729622737,4787.5055197625625,0.00018099970211736692,CASH_SCARCITY,15
2008-02-27,SGY,Q0_SKIP,0,52.25,119687.63799406406,180.39799406405837,179.5314569910961,0.8665370729622737,4787.5055197625625,0.00018099970211736692,CASH_SCARCITY,15
2008-02-27,RRC,Q0_SKIP,0,61.87,119687.63799406406,180.39799406405837,179.5314569910961,0.8665370729622737,4787.5055197625625,0.00018099970211736692,CASH_SCARCITY,15
2008-02-27,PAAS,Q0_SKIP,0,40.99,119687.63799406406,180.39799406405837,179.5314569910961,0.8665370729622737,4787.5055197625625,0.00018099970211736692,CASH_SCARCITY,15
2008-02-27,CMP,Q0_SKIP,0,57.71,119687.63799406406,180.39799406405837,179.5314569910961,0.8665370729622737,4787.5055197625625,0.00018099970211736692,CASH_SCARCITY,15
2008-02-27,KWKAQ,Q0_SKIP,0,34.06,119687.63799406406,180.39799406405837,179.5314569910961,0.8665370729622737,4787.5055197625625,0.00018099970211736692,CASH_SCARCITY,15
2008-02-27,SYT1,Q0_SKIP,0,57.2,119687.63799406406,180.39799406405837,179.5314569910961,0.8665370729622737,4787.5055197625625,0.00018099970211736692,CASH_SCARCITY,15
2008-02-27,ILMN,Q0_SKIP,0,74.48,119687.63799406406,180.39799406405837,179.5314569910961,0.8665370729622737,4787.5055197625625,0.00018099970211736692,CASH_SCARCITY,15
2008-02-27,WDR,Q0_SKIP,0,34.47,119687.63799406406,180.39799406405837,179.5314569910961,0.8665370729622737,4787.5055197625625,0.00018099970211736692,CASH_SCARCITY,15
2008-02-27,IBKR,Q0_SKIP,0,34.06,119687.63799406406,180.39799406405837,179.5314569910961,0.8665370729622737,4787.5055197625625,0.00018099970211736692,CASH_SCARCITY,15
2008-02-27,WTI,Q0_SKIP,0,37.55,119687.63799406406,180.39799406405837,179.5314569910961,0.8665370729622737,4787.5055197625625,0.00018099970211736692,CASH_SCARCITY,15
2008-02-27,BEAS,Q0_SKIP,0,19.08,119687.63799406406,180.39799406405837,179.5314569910961,0.8665370729622737,4787.5055197625625,0.00018099970211736692,CASH_SCARCITY,15
2008-02-27,AGP,Q0_SKIP,0,38.2,119687.63799406406,180.39799406405837,179.5314569910961,0.8665370729622737,4787.5055197625625,0.00018099970211736692,CASH_SCARCITY,15
2008-02-27,FSLR,Q0_SKIP,0,217.69,119687.63799406406,180.39799406405837,179.5314569910961,0.8665370729622737,4787.5055197625625,0.00018099970211736692,CASH_SCARCITY,15
2008-02-27,CSIQ,Q0_SKIP,0,20.0,119687.63799406406,180.39799406405837,179.5314569910961,0.8665370729622737,4787.5055197625625,0.00018099970211736692,CASH_SCARCITY,15
2008-02-27,CMEDQ,Q0_SKIP,0,55.46,119687.63799406406,180.39799406405837,179.5314569910961,0.8665370729622737,4787.5055197625625,0.00018099970211736692,CASH_SCARCITY,15
2008-02-27,AGCO,Q0_SKIP,0,65.8,119687.63799406406,180.39799406405837,179.5314569910961,0.8665370729622737,4787.5055197625625,0.00018099970211736692,CASH_SCARCITY,15
2008-02-27,AGU,Q0_SKIP,0,73.87999999999998,119687.63799406406,180.39799406405837,179.5314569910961,0.8665370729622737,4787.5055197625625,0.00018099970211736692,CASH_SCARCITY,15
2008-02-27,UPLMQ,Q0_SKIP,0,78.29999999999998,119687.63799406406,180.39799406405837,179.5314569910961,0.8665370729622737,4787.5055197625625,0.00018099970211736692,CASH_SCARCITY,15
2008-02-27,VEON,Q0_SKIP,0,36.58,119687.63799406406,180.39799406405837,179.5314569910961,0.8665370729622737,4787.5055197625625,0.00018099970211736692,CASH_SCARCITY,15
2008-02-27,PXP,Q0_SKIP,0,54.55,119687.63799406406,180.39799406405837,179.5314569910961,0.8665370729622737,4787.5055197625625,0.00018099970211736692,CASH_SCARCITY,15
2008-02-27,APA,Q0_SKIP,0,113.55,119687.63799406406,180.39799406405837,179.5314569910961,0.8665370729622737,4787.5055197625625,0.00018099970211736692,CASH_SCARCITY,15
2008-02-27,DE,Q0_SKIP,0,86.23999999999998,119687.63799406406,180.39799406405837,179.5314569910961,0.8665370729622737,4787.5055197625625,0.00018099970211736692,CASH_SCARCITY,15
2008-02-27,CLF,Q0_SKIP,0,124.07,119687.63799406406,180.39799406405837,179.5314569910961,0.8665370729622737,4787.5055197625625,0.00018099970211736692,CASH_SCARCITY,15
2008-02-27,MBT,Q0_SKIP,0,85.93,119687.63799406406,180.39799406405837,179.5314569910961,0.8665370729622737,4787.5055197625625,0.00018099970211736692,CASH_SCARCITY,15
2008-02-27,ISRG,Q0_SKIP,0,294.92,119687.63799406406,180.39799406405837,179.5314569910961,0.8665370729622737,4787.5055197625625,0.00018099970211736692,CASH_SCARCITY,15
2008-02-27,CRZO,Q0_SKIP,0,58.77,119687.63799406406,180.39799406405837,179.5314569910961,0.8665370729622737,4787.5055197625625,0.00018099970211736692,CASH_SCARCITY,15
2008-02-27,IMCL,Q0_SKIP,0,44.76,119687.63799406406,180.39799406405837,179.5314569910961,0.8665370729622737,4787.5055197625625,0.00018099970211736692,CASH_SCARCITY,15
2008-02-27,CDE,Q0_SKIP,0,4.88,119687.63799406406,180.39799406405837,179.5314569910961,0.8665370729622737,4787.5055197625625,0.00018099970211736692,CASH_SCARCITY,15
2008-02-27,UAPH,Q0_SKIP,0,38.59,119687.63799406406,180.39799406405837,179.5314569910961,0.8665370729622737,4787.5055197625625,0.00018099970211736692,CASH_SCARCITY,15
2008-02-27,DNRCQ,Q0_SKIP,0,31.96,119687.63799406406,180.39799406405837,179.5314569910961,0.8665370729622737,4787.5055197625625,0.00018099970211736692,CASH_SCARCITY,15
2008-02-27,NFLX,Q0_SKIP,0,32.43,119687.63799406406,180.39799406405837,179.5314569910961,0.8665370729622737,4787.5055197625625,0.00018099970211736692,CASH_SCARCITY,15
2008-02-27,CEDCQ,Q0_SKIP,0,62.36,119687.63799406406,180.39799406405837,179.5314569910961,0.8665370729622737,4787.5055197625625,0.00018099970211736692,CASH_SCARCITY,15
2008-02-27,WPM,Q0_SKIP,0,17.41,119687.63799406406,180.39799406405837,179.5314569910961,0.8665370729622737,4787.5055197625625,0.00018099970211736692,CASH_SCARCITY,15
2008-02-27,BUCY,Q0_SKIP,0,104.59,119687.63799406406,180.39799406405837,179.5314569910961,0.8665370729622737,4787.5055197625625,0.00018099970211736692,CASH_SCARCITY,15
2008-02-27,OMG,Q0_SKIP,0,62.86,119687.63799406406,180.39799406405837,179.5314569910961,0.8665370729622737,4787.5055197625625,0.00018099970211736692,CASH_SCARCITY,15
2008-02-27,URBN,Q0_SKIP,0,30.78,119687.63799406406,180.39799406405837,179.5314569910961,0.8665370729622737,4787.5055197625625,0.00018099970211736692,CASH_SCARCITY,15
2008-02-27,SOHU,Q0_SKIP,0,45.25,119687.63799406406,180.39799406405837,179.5314569910961,0.8665370729622737,4787.5055197625625,0.00018099970211736692,CASH_SCARCITY,15
2008-02-27,STT,Q0_SKIP,0,83.12,119687.63799406406,180.39799406405837,179.5314569910961,0.8665370729622737,4787.5055197625625,0.00018099970211736692,CASH_SCARCITY,15
2008-02-27,TKC,Q0_SKIP,0,26.83,119687.63799406406,180.39799406405837,179.5314569910961,0.8665370729622737,4787.5055197625625,0.00018099970211736692,CASH_SCARCITY,15
2008-02-27,RIO,Q0_SKIP,0,461.96,119687.63799406406,180.39799406405837,179.5314569910961,0.8665370729622737,4787.5055197625625,0.00018099970211736692,CASH_SCARCITY,15
2008-02-27,JOY,Q0_SKIP,0,68.13,119687.63799406406,180.39799406405837,179.5314569910961,0.8665370729622737,4787.5055197625625,0.00018099970211736692,CASH_SCARCITY,15
2008-02-27,DLB,Q0_SKIP,0,46.17,119687.63799406406,180.39799406405837,179.5314569910961,0.8665370729622737,4787.5055197625625,0.00018099970211736692,CASH_SCARCITY,15
2008-02-27,WGRP,Q0_SKIP,0,37.09,119687.63799406406,180.39799406405837,179.5314569910961,0.8665370729622737,4787.5055197625625,0.00018099970211736692,CASH_SCARCITY,15
2008-02-27,BKNG,Q0_SKIP,0,123.25,119687.63799406406,180.39799406405837,179.5314569910961,0.8665370729622737,4787.5055197625625,0.00018099970211736692,CASH_SCARCITY,15
2008-02-27,DPTRQ,Q0_SKIP,0,24.65,119687.63799406406,180.39799406405837,179.5314569910961,0.8665370729622737,4787.5055197625625,0.00018099970211736692,CASH_SCARCITY,15
2008-02-27,WDC,Q0_SKIP,0,33.97,119687.63799406406,180.39799406405837,179.5314569910961,0.8665370729622737,4787.5055197625625,0.00018099970211736692,CASH_SCARCITY,15
2008-02-27,HL,Q0_SKIP,0,11.04,119687.63799406406,180.39799406405837,179.5314569910961,0.8665370729622737,4787.5055197625625,0.00018099970211736692,CASH_SCARCITY,15
2008-02-27,THC,Q0_SKIP,0,5.0,119687.63799406406,180.39799406405837,179.5314569910961,0.8665370729622737,4787.5055197625625,0.00018099970211736692,CASH_SCARCITY,15
2008-02-27,WOLF2,Q0_SKIP,0,33.75,119687.63799406406,180.39799406405837,179.5314569910961,0.8665370729622737,4787.5055197625625,0.00018099970211736692,CASH_SCARCITY,15
2008-02-27,SUNEQ,Q0_SKIP,0,80.0,119687.63799406406,180.39799406405837,179.5314569910961,0.8665370729622737,4787.5055197625625,0.00018099970211736692,CASH_SCARCITY,15
2008-02-27,FMCN,Q0_SKIP,0,51.76,119687.63799406406,180.39799406405837,179.5314569910961,0.8665370729622737,4787.5055197625625,0.00018099970211736692,CASH_SCARCITY,15
2008-02-27,GFASY,Q0_SKIP,0,39.32,119687.63799406406,180.39799406405837,179.5314569910961,0.8665370729622737,4787.5055197625625,0.00018099970211736692,CASH_SCARCITY,15
2008-02-27,DECK,Q0_SKIP,0,127.2,119687.63799406406,180.39799406405837,179.5314569910961,0.8665370729622737,4787.5055197625625,0.00018099970211736692,CASH_SCARCITY,15
2008-02-27,CHA2,Q0_SKIP,0,79.33,119687.63799406406,180.39799406405837,179.5314569910961,0.8665370729622737,4787.5055197625625,0.00018099970211736692,CASH_SCARCITY,15
2008-02-27,EMKR,Q0_SKIP,0,12.15,119687.63799406406,180.39799406405837,179.5314569910961,0.8665370729622737,4787.5055197625625,0.00018099970211736692,CASH_SCARCITY,15
2008-02-28,FCL1,Q0_SKIP,0,59.42,119812.20799406404,180.39799406405837,179.71831199109607,0.6796820729622937,4792.488319762561,0.00014182237443532628,CASH_SCARCITY,15
2008-02-28,CNX,Q0_SKIP,0,80.04999999999998,119812.20799406404,180.39799406405837,179.71831199109607,0.6796820729622937,4792.488319762561,0.00014182237443532628,CASH_SCARCITY,15
2008-02-28,WLTGQ,Q0_SKIP,0,56.39,119812.20799406404,180.39799406405837,179.71831199109607,0.6796820729622937,4792.488319762561,0.00014182237443532628,CASH_SCARCITY,15
2008-02-28,ANRZQ,Q0_SKIP,0,43.05,119812.20799406404,180.39799406405837,179.71831199109607,0.6796820729622937,4792.488319762561,0.00014182237443532628,CASH_SCARCITY,15
2008-02-28,SID,Q0_SKIP,0,38.27,119812.20799406404,180.39799406405837,179.71831199109607,0.6796820729622937,4792.488319762561,0.00014182237443532628,CASH_SCARCITY,15
2008-02-28,GG,Q0_SKIP,0,44.71,119812.20799406404,180.39799406405837,179.71831199109607,0.6796820729622937,4792.488319762561,0.00014182237443532628,CASH_SCARCITY,15
2008-02-28,B,Q0_SKIP,0,53.33,119812.20799406404,180.39799406405837,179.71831199109607,0.6796820729622937,4792.488319762561,0.00014182237443532628,CASH_SCARCITY,15
2008-02-28,BVN,Q0_SKIP,0,77.29,119812.20799406404,180.39799406405837,179.71831199109607,0.6796820729622937,4792.488319762561,0.00014182237443532628,CASH_SCARCITY,15
2008-02-28,WLL2,Q0_SKIP,0,62.13,119812.20799406404,180.39799406405837,179.71831199109607,0.6796820729622937,4792.488319762561,0.00014182237443532628,CASH_SCARCITY,15
2008-02-28,MON2,Q0_SKIP,0,118.52,119812.20799406404,180.39799406405837,179.71831199109607,0.6796820729622937,4792.488319762561,0.00014182237443532628,CASH_SCARCITY,15
2008-02-28,CPRT,Q0_SKIP,0,42.56,119812.20799406404,180.39799406405837,179.71831199109607,0.6796820729622937,4792.488319762561,0.00014182237443532628,CASH_SCARCITY,15
2008-02-28,NLY,Q0_SKIP,0,20.8,119812.20799406404,180.39799406405837,179.71831199109607,0.6796820729622937,4792.488319762561,0.00014182237443532628,CASH_SCARCITY,15
2008-02-28,HES,Q0_SKIP,0,95.97000000000001,119812.20799406404,180.39799406405837,179.71831199109607,0.6796820729622937,4792.488319762561,0.00014182237443532628,CASH_SCARCITY,15
2008-02-28,SWN,Q0_SKIP,0,67.65,119812.20799406404,180.39799406405837,179.71831199109607,0.6796820729622937,4792.488319762561,0.00014182237443532628,CASH_SCARCITY,15
2008-02-28,TRA,Q0_SKIP,0,48.06,119812.20799406404,180.39799406405837,179.71831199109607,0.6796820729622937,4792.488319762561,0.00014182237443532628,CASH_SCARCITY,15
2008-02-28,ADM,Q0_SKIP,0,46.47,119812.20799406404,180.39799406405837,179.71831199109607,0.6796820729622937,4792.488319762561,0.00014182237443532628,CASH_SCARCITY,15
2008-02-28,PBR,Q0_SKIP,0,124.86,119812.20799406404,180.39799406405837,179.71831199109607,0.6796820729622937,4792.488319762561,0.00014182237443532628,CASH_SCARCITY,15
2008-02-28,ACIIQ,Q0_SKIP,0,54.1,119812.20799406404,180.39799406405837,179.71831199109607,0.6796820729622937,4792.488319762561,0.00014182237443532628,CASH_SCARCITY,15
2008-02-28,POT,Q0_SKIP,0,162.29,119812.20799406404,180.39799406405837,179.71831199109607,0.6796820729622937,4792.488319762561,0.00014182237443532628,CASH_SCARCITY,15
2008-02-28,RESP1,Q0_SKIP,0,65.75,119812.20799406404,180.39799406405837,179.71831199109607,0.6796820729622937,4792.488319762561,0.00014182237443532628,CASH_SCARCITY,15
2008-02-28,EOG,Q0_SKIP,0,124.73,119812.20799406404,180.39799406405837,179.71831199109607,0.6796820729622937,4792.488319762561,0.00014182237443532628,CASH_SCARCITY,15
2008-02-28,AUY,Q0_SKIP,0,18.63,119812.20799406404,180.39799406405837,179.71831199109607,0.6796820729622937,4792.488319762561,0.00014182237443532628,CASH_SCARCITY,15
2008-02-28,AEM,Q0_SKIP,0,70.16,119812.20799406404,180.39799406405837,179.71831199109607,0.6796820729622937,4792.488319762561,0.00014182237443532628,CASH_SCARCITY,15
2008-02-28,SGY,Q0_SKIP,0,52.72,119812.20799406404,180.39799406405837,179.71831199109607,0.6796820729622937,4792.488319762561,0.00014182237443532628,CASH_SCARCITY,15
2008-02-28,BTUUQ,Q0_SKIP,0,59.17,119812.20799406404,180.39799406405837,179.71831199109607,0.6796820729622937,4792.488319762561,0.00014182237443532628,CASH_SCARCITY,15
2008-02-28,CMEDQ,Q0_SKIP,0,54.51,119812.20799406404,180.39799406405837,179.71831199109607,0.6796820729622937,4792.488319762561,0.00014182237443532628,CASH_SCARCITY,15
2008-02-28,SYT1,Q0_SKIP,0,57.1,119812.20799406404,180.39799406405837,179.71831199109607,0.6796820729622937,4792.488319762561,0.00014182237443532628,CASH_SCARCITY,15
2008-02-28,RRC,Q0_SKIP,0,64.0,119812.20799406404,180.39799406405837,179.71831199109607,0.6796820729622937,4792.488319762561,0.00014182237443532628,CASH_SCARCITY,15
2008-02-28,KWKAQ,Q0_SKIP,0,35.22,119812.20799406404,180.39799406405837,179.71831199109607,0.6796820729622937,4792.488319762561,0.00014182237443532628,CASH_SCARCITY,15
2008-02-28,OTEX,Q0_SKIP,0,33.18,119812.20799406404,180.39799406405837,179.71831199109607,0.6796820729622937,4792.488319762561,0.00014182237443532628,CASH_SCARCITY,15
2008-02-28,FSLR,Q0_SKIP,0,205.26,119812.20799406404,180.39799406405837,179.71831199109607,0.6796820729622937,4792.488319762561,0.00014182237443532628,CASH_SCARCITY,15
2008-02-28,CMP,Q0_SKIP,0,57.94,119812.20799406404,180.39799406405837,179.71831199109607,0.6796820729622937,4792.488319762561,0.00014182237443532628,CASH_SCARCITY,15
2008-02-28,ATVI,Q0_SKIP,0,27.46,119812.20799406404,180.39799406405837,179.71831199109607,0.6796820729622937,4792.488319762561,0.00014182237443532628,CASH_SCARCITY,15
2008-02-28,PAAS,Q0_SKIP,0,41.0,119812.20799406404,180.39799406405837,179.71831199109607,0.6796820729622937,4792.488319762561,0.00014182237443532628,CASH_SCARCITY,15
2008-02-28,WDR,Q0_SKIP,0,32.71,119812.20799406404,180.39799406405837,179.71831199109607,0.6796820729622937,4792.488319762561,0.00014182237443532628,CASH_SCARCITY,15
2008-02-28,WTI,Q0_SKIP,0,38.84,119812.20799406404,180.39799406405837,179.71831199109607,0.6796820729622937,4792.488319762561,0.00014182237443532628,CASH_SCARCITY,15
2008-02-28,AGU,Q0_SKIP,0,76.31999999999998,119812.20799406404,180.39799406405837,179.71831199109607,0.6796820729622937,4792.488319762561,0.00014182237443532628,CASH_SCARCITY,15
2008-02-28,ILMN,Q0_SKIP,0,73.95,119812.20799406404,180.39799406405837,179.71831199109607,0.6796820729622937,4792.488319762561,0.00014182237443532628,CASH_SCARCITY,15
2008-02-28,SVNTQ,Q0_SKIP,0,24.16,119812.20799406404,180.39799406405837,179.71831199109607,0.6796820729622937,4792.488319762561,0.00014182237443532628,CASH_SCARCITY,15
2008-02-28,VEON,Q0_SKIP,0,36.01,119812.20799406404,180.39799406405837,179.71831199109607,0.6796820729622937,4792.488319762561,0.00014182237443532628,CASH_SCARCITY,15
2008-02-28,AGCO,Q0_SKIP,0,65.04,119812.20799406404,180.39799406405837,179.71831199109607,0.6796820729622937,4792.488319762561,0.00014182237443532628,CASH_SCARCITY,15
2008-02-28,BEAS,Q0_SKIP,0,19.05,119812.20799406404,180.39799406405837,179.71831199109607,0.6796820729622937,4792.488319762561,0.00014182237443532628,CASH_SCARCITY,15
2008-02-28,LIFC,Q0_SKIP,0,41.13,119812.20799406404,180.39799406405837,179.71831199109607,0.6796820729622937,4792.488319762561,0.00014182237443532628,CASH_SCARCITY,15
2008-02-28,DE,Q0_SKIP,0,86.97,119812.20799406404,180.39799406405837,179.71831199109607,0.6796820729622937,4792.488319762561,0.00014182237443532628,CASH_SCARCITY,15
2008-02-28,CSIQ,Q0_SKIP,0,19.6,119812.20799406404,180.39799406405837,179.71831199109607,0.6796820729622937,4792.488319762561,0.00014182237443532628,CASH_SCARCITY,15
2008-02-28,CHTT,Q0_SKIP,0,79.81999999999998,119812.20799406404,180.39799406405837,179.71831199109607,0.6796820729622937,4792.488319762561,0.00014182237443532628,CASH_SCARCITY,15
2008-02-28,WPM,Q0_SKIP,0,17.66,119812.20799406404,180.39799406405837,179.71831199109607,0.6796820729622937,4792.488319762561,0.00014182237443532628,CASH_SCARCITY,15
2008-02-28,APA,Q0_SKIP,0,119.4,119812.20799406404,180.39799406405837,179.71831199109607,0.6796820729622937,4792.488319762561,0.00014182237443532628,CASH_SCARCITY,15
2008-02-28,CLF,Q0_SKIP,0,126.93,119812.20799406404,180.39799406405837,179.71831199109607,0.6796820729622937,4792.488319762561,0.00014182237443532628,CASH_SCARCITY,15
2008-02-28,MBT,Q0_SKIP,0,84.2,119812.20799406404,180.39799406405837,179.71831199109607,0.6796820729622937,4792.488319762561,0.00014182237443532628,CASH_SCARCITY,15
2008-02-28,IMCL,Q0_SKIP,0,45.63,119812.20799406404,180.39799406405837,179.71831199109607,0.6796820729622937,4792.488319762561,0.00014182237443532628,CASH_SCARCITY,15
2008-02-28,BUCY,Q0_SKIP,0,105.57,119812.20799406404,180.39799406405837,179.71831199109607,0.6796820729622937,4792.488319762561,0.00014182237443532628,CASH_SCARCITY,15
2008-02-28,WMS1,Q0_SKIP,0,38.98,119812.20799406404,180.39799406405837,179.71831199109607,0.6796820729622937,4792.488319762561,0.00014182237443532628,CASH_SCARCITY,15
2008-02-28,JOY,Q0_SKIP,0,69.15,119812.20799406404,180.39799406405837,179.71831199109607,0.6796820729622937,4792.488319762561,0.00014182237443532628,CASH_SCARCITY,15
2008-02-28,URBN,Q0_SKIP,0,29.53,119812.20799406404,180.39799406405837,179.71831199109607,0.6796820729622937,4792.488319762561,0.00014182237443532628,CASH_SCARCITY,15
2008-02-28,CDE,Q0_SKIP,0,4.84,119812.20799406404,180.39799406405837,179.71831199109607,0.6796820729622937,4792.488319762561,0.00014182237443532628,CASH_SCARCITY,15
2008-02-28,UAPH,Q0_SKIP,0,38.58,119812.20799406404,180.39799406405837,179.71831199109607,0.6796820729622937,4792.488319762561,0.00014182237443532628,CASH_SCARCITY,15
2008-02-28,OMG,Q0_SKIP,0,63.1,119812.20799406404,180.39799406405837,179.71831199109607,0.6796820729622937,4792.488319762561,0.00014182237443532628,CASH_SCARCITY,15
2008-02-28,DNRCQ,Q0_SKIP,0,32.67,119812.20799406404,180.39799406405837,179.71831199109607,0.6796820729622937,4792.488319762561,0.00014182237443532628,CASH_SCARCITY,15
2008-02-28,STT,Q0_SKIP,0,81.70999999999998,119812.20799406404,180.39799406405837,179.71831199109607,0.6796820729622937,4792.488319762561,0.00014182237443532628,CASH_SCARCITY,15
2008-02-28,CEDCQ,Q0_SKIP,0,59.87,119812.20799406404,180.39799406405837,179.71831199109607,0.6796820729622937,4792.488319762561,0.00014182237443532628,CASH_SCARCITY,15
2008-02-28,TT2,Q0_SKIP,0,45.52,119812.20799406404,180.39799406405837,179.71831199109607,0.6796820729622937,4792.488319762561,0.00014182237443532628,CASH_SCARCITY,15
2008-02-28,TKC,Q0_SKIP,0,26.12,119812.20799406404,180.39799406405837,179.71831199109607,0.6796820729622937,4792.488319762561,0.00014182237443532628,CASH_SCARCITY,15
2008-02-28,NFLX,Q0_SKIP,0,31.54,119812.20799406404,180.39799406405837,179.71831199109607,0.6796820729622937,4792.488319762561,0.00014182237443532628,CASH_SCARCITY,15
2008-02-28,TNH,Q0_SKIP,0,142.21,119812.20799406404,180.39799406405837,179.71831199109607,0.6796820729622937,4792.488319762561,0.00014182237443532628,CASH_SCARCITY,15
2008-02-28,FBR,Q0_SKIP,0,33.06,119812.20799406404,180.39799406405837,179.71831199109607,0.6796820729622937,4792.488319762561,0.00014182237443532628,CASH_SCARCITY,15
2008-02-28,RIO,Q0_SKIP,0,464.0,119812.20799406404,180.39799406405837,179.71831199109607,0.6796820729622937,4792.488319762561,0.00014182237443532628,CASH_SCARCITY,15
2008-02-28,GFASY,Q0_SKIP,0,40.58,119812.20799406404,180.39799406405837,179.71831199109607,0.6796820729622937,4792.488319762561,0.00014182237443532628,CASH_SCARCITY,15
2008-02-28,CRM,Q0_SKIP,0,61.66,119812.20799406404,180.39799406405837,179.71831199109607,0.6796820729622937,4792.488319762561,0.00014182237443532628,CASH_SCARCITY,15
2008-02-28,THC,Q0_SKIP,0,4.99,119812.20799406404,180.39799406405837,179.71831199109607,0.6796820729622937,4792.488319762561,0.00014182237443532628,CASH_SCARCITY,15
2008-02-28,SOHU,Q0_SKIP,0,46.63,119812.20799406404,180.39799406405837,179.71831199109607,0.6796820729622937,4792.488319762561,0.00014182237443532628,CASH_SCARCITY,15
2008-02-28,BKNG,Q0_SKIP,0,123.31,119812.20799406404,180.39799406405837,179.71831199109607,0.6796820729622937,4792.488319762561,0.00014182237443532628,CASH_SCARCITY,15
2008-02-28,DPTRQ,Q0_SKIP,0,24.86,119812.20799406404,180.39799406405837,179.71831199109607,0.6796820729622937,4792.488319762561,0.00014182237443532628,CASH_SCARCITY,15
2008-02-28,CBI,Q0_SKIP,0,48.47,119812.20799406404,180.39799406405837,179.71831199109607,0.6796820729622937,4792.488319762561,0.00014182237443532628,CASH_SCARCITY,15
2008-02-28,STLD,Q0_SKIP,0,62.01,119812.20799406404,180.39799406405837,179.71831199109607,0.6796820729622937,4792.488319762561,0.00014182237443532628,CASH_SCARCITY,15
2008-02-28,SUNEQ,Q0_SKIP,0,78.68,119812.20799406404,180.39799406405837,179.71831199109607,0.6796820729622937,4792.488319762561,0.00014182237443532628,CASH_SCARCITY,15
2008-02-28,AROPQ,Q0_SKIP,0,28.0,119812.20799406404,180.39799406405837,179.71831199109607,0.6796820729622937,4792.488319762561,0.00014182237443532628,CASH_SCARCITY,15
2008-02-28,HL,Q0_SKIP,0,11.77,119812.20799406404,180.39799406405837,179.71831199109607,0.6796820729622937,4792.488319762561,0.00014182237443532628,CASH_SCARCITY,15
2008-02-28,QMAR1,Q0_SKIP,0,23.24,119812.20799406404,180.39799406405837,179.71831199109607,0.6796820729622937,4792.488319762561,0.00014182237443532628,CASH_SCARCITY,15
2008-02-28,DECK,Q0_SKIP,0,126.46,119812.20799406404,180.39799406405837,179.71831199109607,0.6796820729622937,4792.488319762561,0.00014182237443532628,CASH_SCARCITY,15
2008-02-28,CEO,Q0_SKIP,0,171.3,119812.20799406404,180.39799406405837,179.71831199109607,0.6796820729622937,4792.488319762561,0.00014182237443532628,CASH_SCARCITY,15
2008-02-28,CHA2,Q0_SKIP,0,76.09999999999998,119812.20799406404,180.39799406405837,179.71831199109607,0.6796820729622937,4792.488319762561,0.00014182237443532628,CASH_SCARCITY,15
2008-02-28,WOLF2,Q0_SKIP,0,33.65,119812.20799406404,180.39799406405837,179.71831199109607,0.6796820729622937,4792.488319762561,0.00014182237443532628,CASH_SCARCITY,15
2008-03-13,CMP,PLAN,75,60.76,114627.63624006406,15981.626240064059,171.9414543600961,15809.684785703963,4585.105449602563,1.0,,15
2008-03-14,SID,PLAN,115,39.12,112957.81924006405,11390.03924006406,169.43672886009608,11220.602511203964,4518.312769602562,1.0,,15
2008-04-08,WLTGQ,PLAN,68,69.27,119358.65674006408,10147.75674006406,179.03798511009612,9968.718754953963,4774.346269602564,1.0,,15
2008-04-09,XEC,PLAN,81,58.99,120005.68666006406,5412.946660064061,180.0085299900961,5232.938130073965,4800.227466402563,1.0,,15
2008-04-10,EOG,PLAN,3,129.82,121764.42819006405,639.7081900640624,182.64664228509608,457.0615477789663,4870.577127602562,0.09384135304802065,,15
2008-04-11,NEU,Q0_SKIP,0,81.75,120095.31314006407,254.27314006406243,180.1429697100961,74.13017035396632,4803.812525602563,0.015431528595023147,CASH_SCARCITY,15
2008-04-11,CHKAQ,PLAN,1,47.6,120095.31314006407,254.27314006406243,180.1429697100961,74.13017035396632,4803.812525602563,0.015431528595023147,,15
2008-04-14,NEU,Q0_SKIP,0,82.47,121292.49571006407,206.79571006406243,181.9387435650961,24.85696649896633,4851.699828402563,0.005123352098876768,CASH_SCARCITY,15
2008-04-14,HES,Q0_SKIP,0,101.19,121292.49571006407,206.79571006406243,181.9387435650961,24.85696649896633,4851.699828402563,0.005123352098876768,CASH_SCARCITY,15
2008-04-14,SWN,Q0_SKIP,0,38.08,121292.49571006407,206.79571006406243,181.9387435650961,24.85696649896633,4851.699828402563,0.005123352098876768,CASH_SCARCITY,15
2008-04-14,CTRA,Q0_SKIP,0,57.92,121292.49571006407,206.79571006406243,181.9387435650961,24.85696649896633,4851.699828402563,0.005123352098876768,CASH_SCARCITY,15
2008-04-14,HP,Q0_SKIP,0,52.89,121292.49571006407,206.79571006406243,181.9387435650961,24.85696649896633,4851.699828402563,0.005123352098876768,CASH_SCARCITY,15
2008-04-14,WTI,Q0_SKIP,0,37.97,121292.49571006407,206.79571006406243,181.9387435650961,24.85696649896633,4851.699828402563,0.005123352098876768,CASH_SCARCITY,15
2008-04-14,SGY,Q0_SKIP,0,60.44,121292.49571006407,206.79571006406243,181.9387435650961,24.85696649896633,4851.699828402563,0.005123352098876768,CASH_SCARCITY,15
2008-04-14,NFLX,Q0_SKIP,0,35.78,121292.49571006407,206.79571006406243,181.9387435650961,24.85696649896633,4851.699828402563,0.005123352098876768,CASH_SCARCITY,15
2008-04-14,RRC,Q0_SKIP,0,66.85,121292.49571006407,206.79571006406243,181.9387435650961,24.85696649896633,4851.699828402563,0.005123352098876768,CASH_SCARCITY,15
2008-04-14,OVV,Q0_SKIP,0,80.23,121292.49571006407,206.79571006406243,181.9387435650961,24.85696649896633,4851.699828402563,0.005123352098876768,CASH_SCARCITY,15
2008-04-14,TT2,Q0_SKIP,0,45.91,121292.49571006407,206.79571006406243,181.9387435650961,24.85696649896633,4851.699828402563,0.005123352098876768,CASH_SCARCITY,15
2008-04-14,STLD,Q0_SKIP,0,34.57,121292.49571006407,206.79571006406243,181.9387435650961,24.85696649896633,4851.699828402563,0.005123352098876768,CASH_SCARCITY,15
2008-04-14,CLR,Q0_SKIP,0,38.23,121292.49571006407,206.79571006406243,181.9387435650961,24.85696649896633,4851.699828402563,0.005123352098876768,CASH_SCARCITY,15
2008-04-14,ANRZQ,Q0_SKIP,0,47.81,121292.49571006407,206.79571006406243,181.9387435650961,24.85696649896633,4851.699828402563,0.005123352098876768,CASH_SCARCITY,15
2008-04-14,KWKAQ,Q0_SKIP,0,40.1,121292.49571006407,206.79571006406243,181.9387435650961,24.85696649896633,4851.699828402563,0.005123352098876768,CASH_SCARCITY,15
2008-04-14,LNN,Q0_SKIP,0,107.75,121292.49571006407,206.79571006406243,181.9387435650961,24.85696649896633,4851.699828402563,0.005123352098876768,CASH_SCARCITY,15
2008-04-14,POT,Q0_SKIP,0,181.9,121292.49571006407,206.79571006406243,181.9387435650961,24.85696649896633,4851.699828402563,0.005123352098876768,CASH_SCARCITY,15
2008-04-14,SYT1,Q0_SKIP,0,61.13,121292.49571006407,206.79571006406243,181.9387435650961,24.85696649896633,4851.699828402563,0.005123352098876768,CASH_SCARCITY,15
2008-04-14,WLL2,Q0_SKIP,0,70.47,121292.49571006407,206.79571006406243,181.9387435650961,24.85696649896633,4851.699828402563,0.005123352098876768,CASH_SCARCITY,15
2008-04-14,APA,Q0_SKIP,0,136.44,121292.49571006407,206.79571006406243,181.9387435650961,24.85696649896633,4851.699828402563,0.005123352098876768,CASH_SCARCITY,15
2008-04-14,MLNM,PLAN,1,24.45,121292.49571006407,206.79571006406243,181.9387435650961,24.85696649896633,4851.699828402563,0.005123352098876768,,15
2008-04-15,CTRA,Q0_SKIP,0,59.41,121273.33571006406,207.15571006406245,181.91000356509608,25.24570649896637,4850.933428402563,0.005204298692526051,CASH_SCARCITY,15
2008-04-15,NEU,Q0_SKIP,0,83.42,121273.33571006406,207.15571006406245,181.91000356509608,25.24570649896637,4850.933428402563,0.005204298692526051,CASH_SCARCITY,15
2008-04-15,HP,Q0_SKIP,0,54.0,121273.33571006406,207.15571006406245,181.91000356509608,25.24570649896637,4850.933428402563,0.005204298692526051,CASH_SCARCITY,15
2008-04-15,HES,Q0_SKIP,0,103.5,121273.33571006406,207.15571006406245,181.91000356509608,25.24570649896637,4850.933428402563,0.005204298692526051,CASH_SCARCITY,15
2008-04-15,SWN,Q0_SKIP,0,38.76,121273.33571006406,207.15571006406245,181.91000356509608,25.24570649896637,4850.933428402563,0.005204298692526051,CASH_SCARCITY,15
2008-04-15,RRC,Q0_SKIP,0,69.07,121273.33571006406,207.15571006406245,181.91000356509608,25.24570649896637,4850.933428402563,0.005204298692526051,CASH_SCARCITY,15
2008-04-15,STLD,Q0_SKIP,0,35.04,121273.33571006406,207.15571006406245,181.91000356509608,25.24570649896637,4850.933428402563,0.005204298692526051,CASH_SCARCITY,15
2008-04-15,WTI,Q0_SKIP,0,39.92,121273.33571006406,207.15571006406245,181.91000356509608,25.24570649896637,4850.933428402563,0.005204298692526051,CASH_SCARCITY,15
2008-04-15,SGY,Q0_SKIP,0,59.83,121273.33571006406,207.15571006406245,181.91000356509608,25.24570649896637,4850.933428402563,0.005204298692526051,CASH_SCARCITY,15
2008-04-15,OVV,Q0_SKIP,0,82.0,121273.33571006406,207.15571006406245,181.91000356509608,25.24570649896637,4850.933428402563,0.005204298692526051,CASH_SCARCITY,15
2008-04-15,TT2,Q0_SKIP,0,46.0,121273.33571006406,207.15571006406245,181.91000356509608,25.24570649896637,4850.933428402563,0.005204298692526051,CASH_SCARCITY,15
2008-04-15,NFLX,Q0_SKIP,0,36.48,121273.33571006406,207.15571006406245,181.91000356509608,25.24570649896637,4850.933428402563,0.005204298692526051,CASH_SCARCITY,15
2008-04-15,CLR,Q0_SKIP,0,41.58,121273.33571006406,207.15571006406245,181.91000356509608,25.24570649896637,4850.933428402563,0.005204298692526051,CASH_SCARCITY,15
2008-04-15,WLL2,Q0_SKIP,0,74.84999999999998,121273.33571006406,207.15571006406245,181.91000356509608,25.24570649896637,4850.933428402563,0.005204298692526051,CASH_SCARCITY,15
2008-04-15,ALO1,Q0_SKIP,0,27.01,121273.33571006406,207.15571006406245,181.91000356509608,25.24570649896637,4850.933428402563,0.005204298692526051,CASH_SCARCITY,15
2008-04-15,THC,PLAN,4,5.33,121273.33571006406,207.15571006406245,181.91000356509608,25.24570649896637,4850.933428402563,0.005204298692526051,,15
2008-04-22,LNN,Q0_SKIP,0,128.89,128540.60669006404,185.61419006406246,192.81091003509607,0.0,5141.624267602562,0.0,CASH_SCARCITY,15
2008-04-22,NEU,Q0_SKIP,0,88.51999999999998,128540.60669006404,185.61419006406246,192.81091003509607,0.0,5141.624267602562,0.0,CASH_SCARCITY,15
2008-04-22,BPZRQ,Q0_SKIP,0,20.62,128540.60669006404,185.61419006406246,192.81091003509607,0.0,5141.624267602562,0.0,CASH_SCARCITY,15
2008-04-22,HP,Q0_SKIP,0,56.7,128540.60669006404,185.61419006406246,192.81091003509607,0.0,5141.624267602562,0.0,CASH_SCARCITY,15
2008-04-22,WMT,Q0_SKIP,0,56.55,128540.60669006404,185.61419006406246,192.81091003509607,0.0,5141.624267602562,0.0,CASH_SCARCITY,15
2008-04-22,TT2,Q0_SKIP,0,46.4,128540.60669006404,185.61419006406246,192.81091003509607,0.0,5141.624267602562,0.0,CASH_SCARCITY,15
2008-04-22,RRC,Q0_SKIP,0,72.0,128540.60669006404,185.61419006406246,192.81091003509607,0.0,5141.624267602562,0.0,CASH_SCARCITY,15
2008-04-22,OI,Q0_SKIP,0,58.51,128540.60669006404,185.61419006406246,192.81091003509607,0.0,5141.624267602562,0.0,CASH_SCARCITY,15
2008-04-22,CQB,Q0_SKIP,0,23.28,128540.60669006404,185.61419006406246,192.81091003509607,0.0,5141.624267602562,0.0,CASH_SCARCITY,15
2008-04-22,SIAL,Q0_SKIP,0,60.92,128540.60669006404,185.61419006406246,192.81091003509607,0.0,5141.624267602562,0.0,CASH_SCARCITY,15
2008-04-22,CVA,Q0_SKIP,0,29.3,128540.60669006404,185.61419006406246,192.81091003509607,0.0,5141.624267602562,0.0,CASH_SCARCITY,15
2008-04-22,UAPH,Q0_SKIP,0,39.15,128540.60669006404,185.61419006406246,192.81091003509607,0.0,5141.624267602562,0.0,CASH_SCARCITY,15
2008-04-22,CSX,Q0_SKIP,0,60.66,128540.60669006404,185.61419006406246,192.81091003509607,0.0,5141.624267602562,0.0,CASH_SCARCITY,15
2008-04-22,STLD,Q0_SKIP,0,37.12,128540.60669006404,185.61419006406246,192.81091003509607,0.0,5141.624267602562,0.0,CASH_SCARCITY,15
2008-04-22,KCG1,Q0_SKIP,0,18.13,128540.60669006404,185.61419006406246,192.81091003509607,0.0,5141.624267602562,0.0,CASH_SCARCITY,15
2008-04-22,AROPQ,Q0_SKIP,0,30.08,128540.60669006404,185.61419006406246,192.81091003509607,0.0,5141.624267602562,0.0,CASH_SCARCITY,15
2008-04-22,POT,Q0_SKIP,0,214.83,128540.60669006404,185.61419006406246,192.81091003509607,0.0,5141.624267602562,0.0,CASH_SCARCITY,15
2008-04-22,CSIQ,Q0_SKIP,0,26.14,128540.60669006404,185.61419006406246,192.81091003509607,0.0,5141.624267602562,0.0,CASH_SCARCITY,15
2008-04-22,SWN,Q0_SKIP,0,39.78,128540.60669006404,185.61419006406246,192.81091003509607,0.0,5141.624267602562,0.0,CASH_SCARCITY,15
2008-04-22,MLNM,Q0_SKIP,0,24.6,128540.60669006404,185.61419006406246,192.81091003509607,0.0,5141.624267602562,0.0,CASH_SCARCITY,15
2008-04-22,HES,Q0_SKIP,0,115.8,128540.60669006404,185.61419006406246,192.81091003509607,0.0,5141.624267602562,0.0,CASH_SCARCITY,15
2008-04-22,SGY,Q0_SKIP,0,66.0,128540.60669006404,185.61419006406246,192.81091003509607,0.0,5141.624267602562,0.0,CASH_SCARCITY,15
2008-04-22,ANRZQ,Q0_SKIP,0,51.78,128540.60669006404,185.61419006406246,192.81091003509607,0.0,5141.624267602562,0.0,CASH_SCARCITY,15
2008-04-22,CTRA,Q0_SKIP,0,59.36,128540.60669006404,185.61419006406246,192.81091003509607,0.0,5141.624267602562,0.0,CASH_SCARCITY,15
2008-04-22,CEDCQ,Q0_SKIP,0,60.25,128540.60669006404,185.61419006406246,192.81091003509607,0.0,5141.624267602562,0.0,CASH_SCARCITY,15
2008-04-22,NHP1,Q0_SKIP,0,35.54,128540.60669006404,185.61419006406246,192.81091003509607,0.0,5141.624267602562,0.0,CASH_SCARCITY,15
2008-04-22,NVR,Q0_SKIP,0,658.0,128540.60669006404,185.61419006406246,192.81091003509607,0.0,5141.624267602562,0.0,CASH_SCARCITY,15
2008-04-22,FLS,Q0_SKIP,0,111.91,128540.60669006404,185.61419006406246,192.81091003509607,0.0,5141.624267602562,0.0,CASH_SCARCITY,15
2008-04-22,HCBK,Q0_SKIP,0,18.27,128540.60669006404,185.61419006406246,192.81091003509607,0.0,5141.624267602562,0.0,CASH_SCARCITY,15
2008-04-22,WLL2,Q0_SKIP,0,78.89,128540.60669006404,185.61419006406246,192.81091003509607,0.0,5141.624267602562,0.0,CASH_SCARCITY,15
2008-04-22,SVNTQ,Q0_SKIP,0,19.53,128540.60669006404,185.61419006406246,192.81091003509607,0.0,5141.624267602562,0.0,CASH_SCARCITY,15
2008-04-22,SWC,Q0_SKIP,0,16.72,128540.60669006404,185.61419006406246,192.81091003509607,0.0,5141.624267602562,0.0,CASH_SCARCITY,15
2008-04-22,BUCY,Q0_SKIP,0,121.08,128540.60669006404,185.61419006406246,192.81091003509607,0.0,5141.624267602562,0.0,CASH_SCARCITY,15
2008-04-22,ADM,Q0_SKIP,0,47.28,128540.60669006404,185.61419006406246,192.81091003509607,0.0,5141.624267602562,0.0,CASH_SCARCITY,15
2008-04-22,SYT1,Q0_SKIP,0,64.05,128540.60669006404,185.61419006406246,192.81091003509607,0.0,5141.624267602562,0.0,CASH_SCARCITY,15
2008-04-22,GILD,Q0_SKIP,0,50.89,128540.60669006404,185.61419006406246,192.81091003509607,0.0,5141.624267602562,0.0,CASH_SCARCITY,15
2008-04-22,BKNG,Q0_SKIP,0,125.84,128540.60669006404,185.61419006406246,192.81091003509607,0.0,5141.624267602562,0.0,CASH_SCARCITY,15
2008-04-22,TW2,Q0_SKIP,0,58.05,128540.60669006404,185.61419006406246,192.81091003509607,0.0,5141.624267602562,0.0,CASH_SCARCITY,15
2008-04-22,CNX,Q0_SKIP,0,85.0,128540.60669006404,185.61419006406246,192.81091003509607,0.0,5141.624267602562,0.0,CASH_SCARCITY,15
2008-04-22,QLGC,Q0_SKIP,0,16.1,128540.60669006404,185.61419006406246,192.81091003509607,0.0,5141.624267602562,0.0,CASH_SCARCITY,15
2008-04-22,WTI,Q0_SKIP,0,42.73,128540.60669006404,185.61419006406246,192.81091003509607,0.0,5141.624267602562,0.0,CASH_SCARCITY,15
2008-04-22,JOY,Q0_SKIP,0,73.69,128540.60669006404,185.61419006406246,192.81091003509607,0.0,5141.624267602562,0.0,CASH_SCARCITY,15
2008-04-22,KWKAQ,Q0_SKIP,0,42.24,128540.60669006404,185.61419006406246,192.81091003509607,0.0,5141.624267602562,0.0,CASH_SCARCITY,15
2008-04-22,FSLR,Q0_SKIP,0,298.03,128540.60669006404,185.61419006406246,192.81091003509607,0.0,5141.624267602562,0.0,CASH_SCARCITY,15
2008-04-22,ATVI,Q0_SKIP,0,27.23,128540.60669006404,185.61419006406246,192.81091003509607,0.0,5141.624267602562,0.0,CASH_SCARCITY,15
2008-04-22,AEM,Q0_SKIP,0,68.53,128540.60669006404,185.61419006406246,192.81091003509607,0.0,5141.624267602562,0.0,CASH_SCARCITY,15
2008-04-22,BVN,Q0_SKIP,0,69.17,128540.60669006404,185.61419006406246,192.81091003509607,0.0,5141.624267602562,0.0,CASH_SCARCITY,15
2008-04-22,MMR,Q0_SKIP,0,27.68,128540.60669006404,185.61419006406246,192.81091003509607,0.0,5141.624267602562,0.0,CASH_SCARCITY,15
2008-04-22,APA,Q0_SKIP,0,141.6,128540.60669006404,185.61419006406246,192.81091003509607,0.0,5141.624267602562,0.0,CASH_SCARCITY,15
2008-04-22,HMY,Q0_SKIP,0,12.36,128540.60669006404,185.61419006406246,192.81091003509607,0.0,5141.624267602562,0.0,CASH_SCARCITY,15
2008-04-22,NUE,Q0_SKIP,0,74.62999999999998,128540.60669006404,185.61419006406246,192.81091003509607,0.0,5141.624267602562,0.0,CASH_SCARCITY,15
2008-04-22,FCL1,Q0_SKIP,0,63.78,128540.60669006404,185.61419006406246,192.81091003509607,0.0,5141.624267602562,0.0,CASH_SCARCITY,15
2008-04-22,TTWO,Q0_SKIP,0,26.08,128540.60669006404,185.61419006406246,192.81091003509607,0.0,5141.624267602562,0.0,CASH_SCARCITY,15
2008-04-22,CRZO,Q0_SKIP,0,68.65,128540.60669006404,185.61419006406246,192.81091003509607,0.0,5141.624267602562,0.0,CASH_SCARCITY,15
2008-04-22,HL,Q0_SKIP,0,12.42,128540.60669006404,185.61419006406246,192.81091003509607,0.0,5141.624267602562,0.0,CASH_SCARCITY,15
2008-04-22,PAAS,Q0_SKIP,0,37.53,128540.60669006404,185.61419006406246,192.81091003509607,0.0,5141.624267602562,0.0,CASH_SCARCITY,15
2008-04-22,NX,Q0_SKIP,0,55.27,128540.60669006404,185.61419006406246,192.81091003509607,0.0,5141.624267602562,0.0,CASH_SCARCITY,15
2008-04-22,MTH,Q0_SKIP,0,20.51,128540.60669006404,185.61419006406246,192.81091003509607,0.0,5141.624267602562,0.0,CASH_SCARCITY,15
2008-04-22,CLF,Q0_SKIP,0,161.34,128540.60669006404,185.61419006406246,192.81091003509607,0.0,5141.624267602562,0.0,CASH_SCARCITY,15
2008-04-22,CVSA,Q0_SKIP,0,49.88,128540.60669006404,185.61419006406246,192.81091003509607,0.0,5141.624267602562,0.0,CASH_SCARCITY,15
2008-04-22,CPS1,Q0_SKIP,0,48.23,128540.60669006404,185.61419006406246,192.81091003509607,0.0,5141.624267602562,0.0,CASH_SCARCITY,15
2008-04-22,UTHR,Q0_SKIP,0,86.18,128540.60669006404,185.61419006406246,192.81091003509607,0.0,5141.624267602562,0.0,CASH_SCARCITY,15
2008-04-22,GFASY,Q0_SKIP,0,36.74,128540.60669006404,185.61419006406246,192.81091003509607,0.0,5141.624267602562,0.0,CASH_SCARCITY,15
2008-04-22,MON2,Q0_SKIP,0,128.58,128540.60669006404,185.61419006406246,192.81091003509607,0.0,5141.624267602562,0.0,CASH_SCARCITY,15
2008-04-22,PBR,Q0_SKIP,0,127.63,128540.60669006404,185.61419006406246,192.81091003509607,0.0,5141.624267602562,0.0,CASH_SCARCITY,15
2008-04-22,DPTRQ,Q0_SKIP,0,27.12,128540.60669006404,185.61419006406246,192.81091003509607,0.0,5141.624267602562,0.0,CASH_SCARCITY,15
2008-04-22,PIRRQ,Q0_SKIP,0,7.72,128540.60669006404,185.61419006406246,192.81091003509607,0.0,5141.624267602562,0.0,CASH_SCARCITY,15
2008-04-23,NEU,Q0_SKIP,0,88.31999999999998,127133.35669006407,243.74669006406245,190.7000350350961,53.04665502896634,5085.334267602563,0.010431301510878798,CASH_SCARCITY,15
2008-04-23,LNN,Q0_SKIP,0,113.56,127133.35669006407,243.74669006406245,190.7000350350961,53.04665502896634,5085.334267602563,0.010431301510878798,CASH_SCARCITY,15
2008-04-23,BPZRQ,PLAN,2,20.15,127133.35669006407,243.74669006406245,190.7000350350961,53.04665502896634,5085.334267602563,0.010431301510878798,,15
2008-05-30,MMR,PLAN,164,31.92,131200.86729006405,10676.137290064062,196.8013009350961,10479.335989128966,5248.034691602562,1.0,,15
2008-06-02,JRCCQ,PLAN,126,40.77,131949.85893006407,5342.448930064062,197.92478839509613,5144.524141668966,5277.994357202563,0.9747119442536997,,15
2008-06-27,UNTCQ,PLAN,65,81.08,132382.01500006407,7992.660000064064,198.5730225000961,7794.086977563968,5295.280600002563,1.0,,15
2008-07-03,PCXCQ,PLAN,38,63.365,120748.60550006408,2637.885500064065,181.12290825009612,2456.762591813969,4829.944220002563,0.5086523735904894,,15
2008-07-15,ANRZQ,PLAN,52,94.92,123907.45797006409,18414.01797006407,185.86118695509614,18228.156783108974,4956.298318802564,1.0,,15
2008-08-05,SPSX,PLAN,98,45.02,111180.38628006408,45661.796280064074,166.7705794200961,45495.02570064398,4447.215451202564,1.0,,15
2008-08-06,DRS1,PLAN,56,78.75,111795.84824006406,41251.69824006407,167.6937723600961,41084.00446770398,4471.833929602562,1.0,,15
2008-08-07,IPHS,PLAN,119,36.83,110449.39544006408,36841.28544006407,165.67409316009613,36675.61134690398,4417.975817602563,1.0,,15
2008-08-21,FSYS,PLAN,80,56.08,113056.67827006408,44321.238270064074,169.58501740509612,44151.65325265898,4522.267130802563,1.0,,15
2008-08-22,BUD1,PLAN,66,67.79,112592.62307006406,39721.44307006407,168.8889346050961,39552.55413545898,4503.704922802563,1.0,,15
2008-08-25,MYGN,PLAN,68,65.11,111748.84619006407,35250.096190064076,167.62326928509611,35082.47292077898,4469.953847602563,1.0,,15
2008-08-26,SQNM,PLAN,198,22.61,112418.23687006407,30826.356870064075,168.6273553050961,30657.72951475898,4496.729474802562,1.0,,15
2008-08-27,IKN,PLAN,266,17.02,113682.4876500641,26487.802650064077,170.52373147509616,26317.27891858898,4547.299506002564,1.0,,15
2008-08-28,WAB,PLAN,76,59.69,114354.2617100641,21962.44171006408,171.53139256509616,21790.910317498983,4574.1704684025635,1.0,,15
2008-08-29,SYNA,PLAN,87,52.34,114056.43943006409,17395.59943006408,171.08465914509614,17224.514770918984,4562.257577202564,1.0,,15
2008-09-02,SYNA,PLAN,128,33.97,109263.06943006408,17395.59943006408,163.8946041450961,17231.704825918987,4370.522777202563,1.0,,15
2008-09-04,THOR1,PLAN,157,26.21,103554.09319006407,19273.433190064083,155.3311397850961,19118.102050278987,4142.163727602563,1.0,,15
2008-09-05,OCR,PLAN,136,30.76,105198.51981006408,28917.26981006408,157.79777971509614,28759.472030348985,4207.940792402564,1.0,,15
2008-09-08,UTHR,PLAN,37,109.45,102028.42573006407,24658.93573006408,153.04263859509612,24505.893091468984,4081.137029202563,1.0,,15
2008-09-09,GCO,PLAN,111,35.26,98401.69881006407,24301.39881006408,147.6025482150961,24153.796261848987,3936.067952402563,1.0,,15
2008-09-11,VAR,PLAN,62,63.96,100640.07291006407,38115.69291006408,150.96010936509612,37964.732800698985,4025.602916402563,1.0,,15
2008-09-22,GAS1,PLAN,82,47.92,98440.83345006408,37571.35345006408,147.66125017509611,37423.69219988899,3937.633338002563,1.0,,15
2008-10-03,LDG,PLAN,51,73.79999999999998,94695.90467006408,36708.204670064086,142.04385700509613,36566.16081305899,3787.836186802563,1.0,,15
2008-10-06,VRX1,PLAN,198,18.67,92528.7416800641,33010.84168006409,138.79311252009614,32872.04856754399,3701.1496672025637,1.0,,15
2008-10-07,UB,PLAN,49,73.5,90288.4294800641,29264.899480064094,135.43264422009614,29129.466835844,3611.537179202564,1.0,,15
2008-10-08,IMCL,PLAN,53,66.85,89909.1384400641,31209.258440064095,134.86370766009614,31074.394732404,3596.365537602564,1.0,,15
2008-10-10,PB,PLAN,102,33.74,86604.8073600641,34240.3173600641,129.90721104009614,34110.41014902401,3464.1922944025637,1.0,,15
2008-10-13,BWLD,PLAN,94,38.16,89873.7551800641,33352.5451800641,134.81063277009613,33217.73454729401,3594.950207202564,1.0,,15
2008-10-14,FDRY,PLAN,209,17.1,89779.54082006408,29594.430820064103,134.66931123009613,29459.761508834006,3591.1816328025634,1.0,,15
2008-10-17,ATML,PLAN,914,3.91,89488.21335006412,26073.443350064103,134.2323200250962,25939.211030039005,3579.528534002565,1.0,,15
2008-11-17,BRL,PLAN,53,64.81,86333.85462006411,53858.5846200641,129.50078193009617,53729.08383813401,3453.3541848025648,1.0,,15
2008-12-09,APOL,PLAN,46,72.92,84759.32817006411,61288.198170064104,127.13899225509617,61161.05917780901,3390.3731268025645,1.0,,15
2008-12-10,THOR1,PLAN,115,29.24,84615.9243500641,57895.989350064105,126.92388652509615,57769.06546353901,3384.6369740025643,1.0,,15
2008-12-11,DAL,PLAN,337,9.97,84264.49520006412,54547.50520006411,126.39674280009618,54421.10845726401,3370.5798080025647,1.0,,15
2008-12-12,AMGN,PLAN,58,58.13,85207.0304400641,51375.38044006411,127.81054566009615,51247.56989440401,3408.281217602564,1.0,,15
2008-12-15,ALO1,PLAN,97,34.61,84800.3192000641,48020.78920006411,127.20047880009615,47893.58872126401,3392.012768002564,1.0,,15
2008-12-16,LCC,PLAN,482,7.15,86307.1142000641,44622.39420006411,129.46067130009615,44492.93352876401,3452.284568002564,1.0,,15
2008-12-17,CBST,PLAN,142,24.42,86841.64486006413,41307.742860064114,130.2624672900962,41177.48039277402,3473.665794402565,1.0,,15
2008-12-18,CRI,PLAN,176,19.74,86989.02094006412,37982.28094006412,130.4835314100962,37851.79740865403,3479.560837602565,1.0,,15
2009-01-20,ALK,PLAN,121,28.2,86013.22366006412,53072.44366006412,129.01983549009617,52943.42382457403,3440.528946402565,1.0,,15
2009-01-21,JBLU,PLAN,541,6.34,85865.58651206412,49609.83651206412,128.7983797680962,49481.038132296024,3434.623460482565,1.0,,15
2009-01-22,IDCC,PLAN,111,30.98,86225.40493206412,46154.804932064115,129.33810739809618,46025.46682466602,3449.016197282565,1.0,,15
2009-01-23,SMG,PLAN,103,33.33,85951.4927520641,42779.252752064116,128.92723912809618,42650.32551293602,3438.0597100825644,1.0,,15
2009-01-26,MNST,PLAN,101,33.86,85952.91813206411,39321.17813206412,128.92937719809618,39192.24875486602,3438.1167252825644,1.0,,15
2009-01-27,RGLD,PLAN,72,46.75,84533.0971703261,35860.49717032612,126.79964575548915,35733.69752457063,3381.3238868130443,1.0,,15
2009-01-28,FRFHF,PLAN,10,326.93,85884.00259032613,35280.88259032612,128.8260038854892,35152.05658644063,3435.3601036130453,1.0,,15
2009-01-29,ORLY,PLAN,111,30.55,85254.82759032611,32052.65759032612,127.88224138548917,31924.775348940628,3410.1931036130445,1.0,,15
2009-01-30,DLTR,PLAN,78,42.71,83936.87129532614,31807.53129532612,125.90530694298921,31681.62598838313,3357.474851813046,1.0,,15
2009-02-02,AVAV,PLAN,90,37.18,84203.3456694821,28460.40566948212,126.30501850422316,28334.100650977896,3368.1338267792844,1.0,,15
2009-02-03,ATHN1,PLAN,90,37.58,85248.91786948213,25044.192869482118,127.8733768042232,24916.319492677896,3409.9567147792854,1.0,,15
2009-02-04,GMCR,PLAN,82,40.72,84511.94886948212,21714.728869482118,126.76792330422319,21587.960946177896,3380.477954779285,1.0,,15
2009-02-06,FNF,PLAN,179,19.07,85733.30173661408,18399.15173661412,128.59995260492113,18270.5517840092,3429.3320694645636,1.0,,15
2009-02-12,ESINQ,PLAN,27,123.06,83748.00030661414,14964.290306614119,125.62200045992121,14838.668306154197,3349.9200122645657,1.0,,15
2009-02-13,WTRG,PLAN,161,20.73,84040.24580661411,11626.45580661412,126.06036870992116,11500.395437904199,3361.6098322645644,1.0,,15
2009-02-19,MBOT,PLAN,1494,2.14,80043.86050661415,10883.82050661412,120.06579075992123,10763.754715854198,3201.754420264566,1.0,,15
2009-02-27,COCOQ,PLAN,151,19.7,74472.69330661412,10250.123306614121,111.70903995992118,10138.4142666542,2978.907732264565,1.0,,15
2009-03-03,PRDO,PLAN,122,23.46,72109.32568861412,14678.505688614121,108.16398853292118,14570.3417000812,2884.3730275445646,1.0,,15
2009-03-20,CVTX,PLAN,150,19.89,74688.1532686141,21637.593268614113,112.03222990292116,21525.561038711192,2987.526130744564,1.0,,15
2009-03-23,AU,PLAN,81,37.53,76350.67276861412,18654.11276861411,114.52600915292119,18539.586759461192,3054.026910744565,1.0,,15
2009-03-31,SNDA1,PLAN,78,39.53,77876.78947861411,15727.899478614112,116.81518421792117,15611.08429439619,3115.0715791445646,1.0,,15
2009-04-01,AZO,PLAN,18,166.82,77352.42839861412,12693.788398614113,116.02864259792119,12577.759756016192,3094.097135944565,1.0,,15
2009-04-02,BKNG,PLAN,35,86.09999999999998,77422.0432786141,9711.443278614113,116.13306491792116,9595.310213696192,3096.881731144564,1.0,,15
2009-04-03,IAG,PLAN,385,7.98,76884.8214336891,6696.511433689113,115.32723215053365,6581.184201538579,3075.392857347564,1.0,,15
2009-04-06,ADM,PLAN,106,28.71,76387.76228368912,3694.362283689113,114.58164342553368,3579.7806402635797,3055.510491347565,1.0,,15
2009-04-07,NFLX,PLAN,17,43.7,74517.7616236891,870.8816236891134,111.77664243553366,759.1049812535798,2980.710464947564,0.2546724984464178,,15
2009-04-09,VTRS,Q0_SKIP,0,14.21,76695.57801727511,120.94001727511352,115.04336702591267,5.896650249200846,3067.8231206910045,0.0019220959022802687,CASH_SCARCITY,15
2009-04-09,SGP1,Q0_SKIP,0,23.32,76695.57801727511,120.94001727511352,115.04336702591267,5.896650249200846,3067.8231206910045,0.0019220959022802687,CASH_SCARCITY,15
2009-04-09,ALGT,Q0_SKIP,0,48.99,76695.57801727511,120.94001727511352,115.04336702591267,5.896650249200846,3067.8231206910045,0.0019220959022802687,CASH_SCARCITY,15
2009-04-09,GVA,Q0_SKIP,0,41.03,76695.57801727511,120.94001727511352,115.04336702591267,5.896650249200846,3067.8231206910045,0.0019220959022802687,CASH_SCARCITY,15
2009-04-09,BR,Q0_SKIP,0,19.82,76695.57801727511,120.94001727511352,115.04336702591267,5.896650249200846,3067.8231206910045,0.0019220959022802687,CASH_SCARCITY,15
2009-04-09,AAP,Q0_SKIP,0,42.29,76695.57801727511,120.94001727511352,115.04336702591267,5.896650249200846,3067.8231206910045,0.0019220959022802687,CASH_SCARCITY,15
2009-04-09,CY,Q0_SKIP,0,7.34,76695.57801727511,120.94001727511352,115.04336702591267,5.896650249200846,3067.8231206910045,0.0019220959022802687,CASH_SCARCITY,15
2009-04-09,SQM,Q0_SKIP,0,30.57,76695.57801727511,120.94001727511352,115.04336702591267,5.896650249200846,3067.8231206910045,0.0019220959022802687,CASH_SCARCITY,15
2009-04-09,IQNT,Q0_SKIP,0,24.54,76695.57801727511,120.94001727511352,115.04336702591267,5.896650249200846,3067.8231206910045,0.0019220959022802687,CASH_SCARCITY,15
2009-04-09,FDO,Q0_SKIP,0,34.33,76695.57801727511,120.94001727511352,115.04336702591267,5.896650249200846,3067.8231206910045,0.0019220959022802687,CASH_SCARCITY,15
2009-04-09,MV,Q0_SKIP,0,25.82,76695.57801727511,120.94001727511352,115.04336702591267,5.896650249200846,3067.8231206910045,0.0019220959022802687,CASH_SCARCITY,15
2009-04-09,SBAC,Q0_SKIP,0,27.0,76695.57801727511,120.94001727511352,115.04336702591267,5.896650249200846,3067.8231206910045,0.0019220959022802687,CASH_SCARCITY,15
2009-04-09,PENN,Q0_SKIP,0,28.07,76695.57801727511,120.94001727511352,115.04336702591267,5.896650249200846,3067.8231206910045,0.0019220959022802687,CASH_SCARCITY,15
2009-04-09,WYE,Q0_SKIP,0,42.42,76695.57801727511,120.94001727511352,115.04336702591267,5.896650249200846,3067.8231206910045,0.0019220959022802687,CASH_SCARCITY,15
2009-04-09,WBD,Q0_SKIP,0,17.95,76695.57801727511,120.94001727511352,115.04336702591267,5.896650249200846,3067.8231206910045,0.0019220959022802687,CASH_SCARCITY,15
2009-04-09,URS,Q0_SKIP,0,42.14,76695.57801727511,120.94001727511352,115.04336702591267,5.896650249200846,3067.8231206910045,0.0019220959022802687,CASH_SCARCITY,15
2009-04-09,SHAW,Q0_SKIP,0,27.82,76695.57801727511,120.94001727511352,115.04336702591267,5.896650249200846,3067.8231206910045,0.0019220959022802687,CASH_SCARCITY,15
2009-04-09,PAA,Q0_SKIP,0,39.35,76695.57801727511,120.94001727511352,115.04336702591267,5.896650249200846,3067.8231206910045,0.0019220959022802687,CASH_SCARCITY,15
2009-04-09,ACM,Q0_SKIP,0,28.33,76695.57801727511,120.94001727511352,115.04336702591267,5.896650249200846,3067.8231206910045,0.0019220959022802687,CASH_SCARCITY,15
2009-04-09,WKC,Q0_SKIP,0,34.01,76695.57801727511,120.94001727511352,115.04336702591267,5.896650249200846,3067.8231206910045,0.0019220959022802687,CASH_SCARCITY,15
2009-04-09,BALL,Q0_SKIP,0,43.23,76695.57801727511,120.94001727511352,115.04336702591267,5.896650249200846,3067.8231206910045,0.0019220959022802687,CASH_SCARCITY,15
2009-04-09,BRCM,Q0_SKIP,0,23.17,76695.57801727511,120.94001727511352,115.04336702591267,5.896650249200846,3067.8231206910045,0.0019220959022802687,CASH_SCARCITY,15
2009-04-09,AKAM,Q0_SKIP,0,20.2,76695.57801727511,120.94001727511352,115.04336702591267,5.896650249200846,3067.8231206910045,0.0019220959022802687,CASH_SCARCITY,15
2009-04-09,PNRA,Q0_SKIP,0,57.6,76695.57801727511,120.94001727511352,115.04336702591267,5.896650249200846,3067.8231206910045,0.0019220959022802687,CASH_SCARCITY,15
2009-04-09,TIVO,Q0_SKIP,0,18.91,76695.57801727511,120.94001727511352,115.04336702591267,5.896650249200846,3067.8231206910045,0.0019220959022802687,CASH_SCARCITY,15
2009-04-09,TW2,Q0_SKIP,0,51.88,76695.57801727511,120.94001727511352,115.04336702591267,5.896650249200846,3067.8231206910045,0.0019220959022802687,CASH_SCARCITY,15
2009-04-09,NVDA,Q0_SKIP,0,12.04,76695.57801727511,120.94001727511352,115.04336702591267,5.896650249200846,3067.8231206910045,0.0019220959022802687,CASH_SCARCITY,15
2009-04-09,HTS,Q0_SKIP,0,25.43,76695.57801727511,120.94001727511352,115.04336702591267,5.896650249200846,3067.8231206910045,0.0019220959022802687,CASH_SCARCITY,15
2009-04-09,ERIC,Q0_SKIP,0,9.16,76695.57801727511,120.94001727511352,115.04336702591267,5.896650249200846,3067.8231206910045,0.0019220959022802687,CASH_SCARCITY,15
2009-04-09,PALM,Q0_SKIP,0,9.45,76695.57801727511,120.94001727511352,115.04336702591267,5.896650249200846,3067.8231206910045,0.0019220959022802687,CASH_SCARCITY,15
2009-04-09,EQT,Q0_SKIP,0,33.72,76695.57801727511,120.94001727511352,115.04336702591267,5.896650249200846,3067.8231206910045,0.0019220959022802687,CASH_SCARCITY,15
2009-04-09,BMC,Q0_SKIP,0,33.63,76695.57801727511,120.94001727511352,115.04336702591267,5.896650249200846,3067.8231206910045,0.0019220959022802687,CASH_SCARCITY,15
2009-04-09,Q1,PLAN,1,3.83,76695.57801727511,120.94001727511352,115.04336702591267,5.896650249200846,3067.8231206910045,0.0019220959022802687,,15
2009-05-12,TIVO,PLAN,148,21.09,78551.01179927512,13161.001799275113,117.82651769891268,13043.1752815762,3142.040471971005,1.0,,15
2009-06-02,IQNT,PLAN,103,31.62,82041.21451927509,10120.164519275115,123.06182177891264,9997.102697496202,3281.6485807710037,1.0,,15
2009-06-09,PALM,PLAN,257,12.7,81935.53152927512,9869.461529275115,122.90329729391269,9746.558231981202,3277.421261171005,1.0,,15
2009-06-10,STRZA,PLAN,218,14.8,80765.20164927514,6566.281649275115,121.14780247391272,6445.133846801203,3230.608065971006,1.0,,15
2009-07-09,STEC1,PLAN,129,23.67,76578.56419196114,6345.044191961115,114.8678462879417,6230.176345673173,3063.1425676784456,1.0,,15
2009-07-20,BIDU,PLAN,9,336.24,84627.1146319611,3292.434631961115,126.94067194794165,3165.4939600131734,3385.084585278444,0.9351299443977681,,15
2009-08-19,ASH,PLAN,101,32.87,83846.4932719611,11317.576271961116,125.76973990794164,11191.806532053173,3353.8597308784438,1.0,,15
2009-09-04,DTGF,PLAN,166,21.22,88544.31253196113,10465.062531961117,132.8164687979417,10332.246063163175,3541.7725012784454,1.0,,15
2009-09-08,PWRD1,PLAN,96,36.84,89363.15875196113,6837.6587519611185,134.0447381279417,6703.614013833177,3574.5263500784454,1.0,,15
2009-09-11,FUQI,PLAN,104,30.35,91204.22011196113,3304.202111961119,136.8063301679417,3167.3957817931773,3648.168804478445,0.8682152475798058,,15
2009-09-21,CAR,PLAN,169,13.76,93295.0171519611,2471.7071519611195,139.94252572794167,2331.7646262331778,3731.8006860784444,0.6248363249762698,,15
2009-10-08,THC,PLAN,626,5.95,93279.7567619611,6679.148761961122,139.91963514294167,6539.22912681818,3731.1902704784443,1.0,,15
2009-10-19,JNY,PLAN,144,19.4,94139.70180196113,2944.4578019611217,141.2095527029417,2803.24824925818,3765.5880720784453,0.7444383707405642,,15
2009-10-21,VECO,Q0_SKIP,0,25.41,92148.1164519611,160.32645196112207,138.22217467794167,22.10427728318041,3685.9246580784443,0.00599694224208692,CASH_SCARCITY,15
2009-10-21,BEXP,PLAN,2,10.68,92148.1164519611,160.32645196112207,138.22217467794167,22.10427728318041,3685.9246580784443,0.00599694224208692,,15
2009-10-22,VECO,Q0_SKIP,0,26.15,92822.12275196113,138.60475196112208,139.23318412794168,0.0,3712.884910078445,0.0,CASH_SCARCITY,15
2009-10-22,SAN,Q0_SKIP,0,17.52,92822.12275196113,138.60475196112208,139.23318412794168,0.0,3712.884910078445,0.0,CASH_SCARCITY,15
2009-10-22,ADEA,Q0_SKIP,0,29.65,92822.12275196113,138.60475196112208,139.23318412794168,0.0,3712.884910078445,0.0,CASH_SCARCITY,15
2009-10-22,DAN,Q0_SKIP,0,7.24,92822.12275196113,138.60475196112208,139.23318412794168,0.0,3712.884910078445,0.0,CASH_SCARCITY,15
2009-10-22,STX,Q0_SKIP,0,15.92,92822.12275196113,138.60475196112208,139.23318412794168,0.0,3712.884910078445,0.0,CASH_SCARCITY,15
2009-10-22,WCRX,Q0_SKIP,0,23.42,92822.12275196113,138.60475196112208,139.23318412794168,0.0,3712.884910078445,0.0,CASH_SCARCITY,15
2009-10-22,TECK,Q0_SKIP,0,33.54,92822.12275196113,138.60475196112208,139.23318412794168,0.0,3712.884910078445,0.0,CASH_SCARCITY,15
2009-10-22,AES,Q0_SKIP,0,14.96,92822.12275196113,138.60475196112208,139.23318412794168,0.0,3712.884910078445,0.0,CASH_SCARCITY,15
2009-10-22,SGY,Q0_SKIP,0,19.09,92822.12275196113,138.60475196112208,139.23318412794168,0.0,3712.884910078445,0.0,CASH_SCARCITY,15
2009-10-22,EXPE,Q0_SKIP,0,25.88,92822.12275196113,138.60475196112208,139.23318412794168,0.0,3712.884910078445,0.0,CASH_SCARCITY,15
2009-10-22,ATPAQ,Q0_SKIP,0,20.94,92822.12275196113,138.60475196112208,139.23318412794168,0.0,3712.884910078445,0.0,CASH_SCARCITY,15
2009-10-22,JCG,Q0_SKIP,0,43.49,92822.12275196113,138.60475196112208,139.23318412794168,0.0,3712.884910078445,0.0,CASH_SCARCITY,15
2009-10-22,QVCAQ,Q0_SKIP,0,11.99,92822.12275196113,138.60475196112208,139.23318412794168,0.0,3712.884910078445,0.0,CASH_SCARCITY,15
2009-10-22,RINO,Q0_SKIP,0,23.74,92822.12275196113,138.60475196112208,139.23318412794168,0.0,3712.884910078445,0.0,CASH_SCARCITY,15
2009-10-22,ATLS2,Q0_SKIP,0,30.7,92822.12275196113,138.60475196112208,139.23318412794168,0.0,3712.884910078445,0.0,CASH_SCARCITY,15
2009-10-22,WLTGQ,Q0_SKIP,0,63.95,92822.12275196113,138.60475196112208,139.23318412794168,0.0,3712.884910078445,0.0,CASH_SCARCITY,15
2009-10-22,SIVBQ,Q0_SKIP,0,45.15,92822.12275196113,138.60475196112208,139.23318412794168,0.0,3712.884910078445,0.0,CASH_SCARCITY,15
2009-10-22,IP,Q0_SKIP,0,24.38,92822.12275196113,138.60475196112208,139.23318412794168,0.0,3712.884910078445,0.0,CASH_SCARCITY,15
2009-10-22,TSL1,Q0_SKIP,0,35.81,92822.12275196113,138.60475196112208,139.23318412794168,0.0,3712.884910078445,0.0,CASH_SCARCITY,15
2009-10-22,TGNA,Q0_SKIP,0,13.94,92822.12275196113,138.60475196112208,139.23318412794168,0.0,3712.884910078445,0.0,CASH_SCARCITY,15
2009-10-22,RRD,Q0_SKIP,0,22.17,92822.12275196113,138.60475196112208,139.23318412794168,0.0,3712.884910078445,0.0,CASH_SCARCITY,15
2009-10-22,DD,Q0_SKIP,0,26.46,92822.12275196113,138.60475196112208,139.23318412794168,0.0,3712.884910078445,0.0,CASH_SCARCITY,15
2009-10-22,HGSI,Q0_SKIP,0,20.41,92822.12275196113,138.60475196112208,139.23318412794168,0.0,3712.884910078445,0.0,CASH_SCARCITY,15
2009-10-22,GGB,Q0_SKIP,0,17.25,92822.12275196113,138.60475196112208,139.23318412794168,0.0,3712.884910078445,0.0,CASH_SCARCITY,15
2009-10-22,ING,Q0_SKIP,0,17.48,92822.12275196113,138.60475196112208,139.23318412794168,0.0,3712.884910078445,0.0,CASH_SCARCITY,15
2009-10-22,RAX,Q0_SKIP,0,18.94,92822.12275196113,138.60475196112208,139.23318412794168,0.0,3712.884910078445,0.0,CASH_SCARCITY,15
2009-10-22,JOY,Q0_SKIP,0,55.4,92822.12275196113,138.60475196112208,139.23318412794168,0.0,3712.884910078445,0.0,CASH_SCARCITY,15
2009-10-22,HMA1,Q0_SKIP,0,7.61,92822.12275196113,138.60475196112208,139.23318412794168,0.0,3712.884910078445,0.0,CASH_SCARCITY,15
2009-10-22,TCPTF,Q0_SKIP,0,12.34,92822.12275196113,138.60475196112208,139.23318412794168,0.0,3712.884910078445,0.0,CASH_SCARCITY,15
2009-10-22,CYT1,Q0_SKIP,0,38.12,92822.12275196113,138.60475196112208,139.23318412794168,0.0,3712.884910078445,0.0,CASH_SCARCITY,15
2009-10-22,HIG,Q0_SKIP,0,26.9,92822.12275196113,138.60475196112208,139.23318412794168,0.0,3712.884910078445,0.0,CASH_SCARCITY,15
2009-10-22,IGT1,Q0_SKIP,0,21.4,92822.12275196113,138.60475196112208,139.23318412794168,0.0,3712.884910078445,0.0,CASH_SCARCITY,15
2009-10-22,UFS,Q0_SKIP,0,43.62,92822.12275196113,138.60475196112208,139.23318412794168,0.0,3712.884910078445,0.0,CASH_SCARCITY,15
2009-10-22,OSK,Q0_SKIP,0,35.14,92822.12275196113,138.60475196112208,139.23318412794168,0.0,3712.884910078445,0.0,CASH_SCARCITY,15
2009-10-22,LNC,Q0_SKIP,0,26.52,92822.12275196113,138.60475196112208,139.23318412794168,0.0,3712.884910078445,0.0,CASH_SCARCITY,15
2009-10-22,FLEX,Q0_SKIP,0,7.51,92822.12275196113,138.60475196112208,139.23318412794168,0.0,3712.884910078445,0.0,CASH_SCARCITY,15
2009-10-22,ODP,Q0_SKIP,0,7.519999999999999,92822.12275196113,138.60475196112208,139.23318412794168,0.0,3712.884910078445,0.0,CASH_SCARCITY,15
2009-10-22,CBI,Q0_SKIP,0,20.31,92822.12275196113,138.60475196112208,139.23318412794168,0.0,3712.884910078445,0.0,CASH_SCARCITY,15
2009-10-22,GFASY,Q0_SKIP,0,35.35,92822.12275196113,138.60475196112208,139.23318412794168,0.0,3712.884910078445,0.0,CASH_SCARCITY,15
2009-10-22,PER1,Q0_SKIP,0,29.92,92822.12275196113,138.60475196112208,139.23318412794168,0.0,3712.884910078445,0.0,CASH_SCARCITY,15
2009-10-22,CNO,Q0_SKIP,0,6.24,92822.12275196113,138.60475196112208,139.23318412794168,0.0,3712.884910078445,0.0,CASH_SCARCITY,15
2009-10-22,SITC,Q0_SKIP,0,10.01,92822.12275196113,138.60475196112208,139.23318412794168,0.0,3712.884910078445,0.0,CASH_SCARCITY,15
2009-10-22,IBN,Q0_SKIP,0,39.34,92822.12275196113,138.60475196112208,139.23318412794168,0.0,3712.884910078445,0.0,CASH_SCARCITY,15
2009-10-22,MEE,Q0_SKIP,0,32.72,92822.12275196113,138.60475196112208,139.23318412794168,0.0,3712.884910078445,0.0,CASH_SCARCITY,15
2009-10-22,ALU,Q0_SKIP,0,4.508,92822.12275196113,138.60475196112208,139.23318412794168,0.0,3712.884910078445,0.0,CASH_SCARCITY,15
2009-10-22,TRW,Q0_SKIP,0,18.71,92822.12275196113,138.60475196112208,139.23318412794168,0.0,3712.884910078445,0.0,CASH_SCARCITY,15
2009-10-22,FITB,Q0_SKIP,0,10.8,92822.12275196113,138.60475196112208,139.23318412794168,0.0,3712.884910078445,0.0,CASH_SCARCITY,15
2009-10-22,MTL,Q0_SKIP,0,21.08,92822.12275196113,138.60475196112208,139.23318412794168,0.0,3712.884910078445,0.0,CASH_SCARCITY,15
2009-10-22,AIV,Q0_SKIP,0,14.86,92822.12275196113,138.60475196112208,139.23318412794168,0.0,3712.884910078445,0.0,CASH_SCARCITY,15
2009-10-22,XL1,Q0_SKIP,0,18.01,92822.12275196113,138.60475196112208,139.23318412794168,0.0,3712.884910078445,0.0,CASH_SCARCITY,15
2009-10-22,CROX,Q0_SKIP,0,7.769999999999999,92822.12275196113,138.60475196112208,139.23318412794168,0.0,3712.884910078445,0.0,CASH_SCARCITY,15
2009-10-22,CENX,Q0_SKIP,0,10.77,92822.12275196113,138.60475196112208,139.23318412794168,0.0,3712.884910078445,0.0,CASH_SCARCITY,15
2009-10-22,PSKY,Q0_SKIP,0,13.6,92822.12275196113,138.60475196112208,139.23318412794168,0.0,3712.884910078445,0.0,CASH_SCARCITY,15
2009-10-22,VEDL,Q0_SKIP,0,17.81,92822.12275196113,138.60475196112208,139.23318412794168,0.0,3712.884910078445,0.0,CASH_SCARCITY,15
2009-10-22,ANRZQ,Q0_SKIP,0,39.9,92822.12275196113,138.60475196112208,139.23318412794168,0.0,3712.884910078445,0.0,CASH_SCARCITY,15
2009-10-22,EJ,Q0_SKIP,0,21.17,92822.12275196113,138.60475196112208,139.23318412794168,0.0,3712.884910078445,0.0,CASH_SCARCITY,15
2009-10-22,COF,Q0_SKIP,0,38.33,92822.12275196113,138.60475196112208,139.23318412794168,0.0,3712.884910078445,0.0,CASH_SCARCITY,15
2009-10-22,MTW,Q0_SKIP,0,11.53,92822.12275196113,138.60475196112208,139.23318412794168,0.0,3712.884910078445,0.0,CASH_SCARCITY,15
2009-10-22,HL,Q0_SKIP,0,4.81,92822.12275196113,138.60475196112208,139.23318412794168,0.0,3712.884910078445,0.0,CASH_SCARCITY,15
2009-10-22,PCXCQ,Q0_SKIP,0,12.32,92822.12275196113,138.60475196112208,139.23318412794168,0.0,3712.884910078445,0.0,CASH_SCARCITY,15
2009-10-22,BC,Q0_SKIP,0,11.87,92822.12275196113,138.60475196112208,139.23318412794168,0.0,3712.884910078445,0.0,CASH_SCARCITY,15
2009-10-22,ZNB,Q0_SKIP,0,7.5,92822.12275196113,138.60475196112208,139.23318412794168,0.0,3712.884910078445,0.0,CASH_SCARCITY,15
2009-10-23,SAN,Q0_SKIP,0,17.11,91926.62075196112,138.60475196112208,137.88993112794168,0.7148208331803971,3677.064830078445,0.00019439984504302237,CASH_SCARCITY,15
2009-10-23,VECO,Q0_SKIP,0,25.56,91926.62075196112,138.60475196112208,137.88993112794168,0.7148208331803971,3677.064830078445,0.00019439984504302237,CASH_SCARCITY,15
2009-10-23,STX,Q0_SKIP,0,15.73,91926.62075196112,138.60475196112208,137.88993112794168,0.7148208331803971,3677.064830078445,0.00019439984504302237,CASH_SCARCITY,15
2009-10-23,DAN,Q0_SKIP,0,7.01,91926.62075196112,138.60475196112208,137.88993112794168,0.7148208331803971,3677.064830078445,0.00019439984504302237,CASH_SCARCITY,15
2009-10-23,WCRX,Q0_SKIP,0,22.55,91926.62075196112,138.60475196112208,137.88993112794168,0.7148208331803971,3677.064830078445,0.00019439984504302237,CASH_SCARCITY,15
2009-10-23,JCG,Q0_SKIP,0,43.64,91926.62075196112,138.60475196112208,137.88993112794168,0.7148208331803971,3677.064830078445,0.00019439984504302237,CASH_SCARCITY,15
2009-10-23,SIVBQ,Q0_SKIP,0,43.24,91926.62075196112,138.60475196112208,137.88993112794168,0.7148208331803971,3677.064830078445,0.00019439984504302237,CASH_SCARCITY,15
2009-10-23,EXPE,Q0_SKIP,0,26.36,91926.62075196112,138.60475196112208,137.88993112794168,0.7148208331803971,3677.064830078445,0.00019439984504302237,CASH_SCARCITY,15
2009-10-23,TECK,Q0_SKIP,0,33.2,91926.62075196112,138.60475196112208,137.88993112794168,0.7148208331803971,3677.064830078445,0.00019439984504302237,CASH_SCARCITY,15
2009-10-23,SGY,Q0_SKIP,0,18.3,91926.62075196112,138.60475196112208,137.88993112794168,0.7148208331803971,3677.064830078445,0.00019439984504302237,CASH_SCARCITY,15
2009-10-23,QVCAQ,Q0_SKIP,0,12.07,91926.62075196112,138.60475196112208,137.88993112794168,0.7148208331803971,3677.064830078445,0.00019439984504302237,CASH_SCARCITY,15
2009-10-23,NIHDQ,Q0_SKIP,0,30.99,91926.62075196112,138.60475196112208,137.88993112794168,0.7148208331803971,3677.064830078445,0.00019439984504302237,CASH_SCARCITY,15
2009-10-23,WLTGQ,Q0_SKIP,0,62.66,91926.62075196112,138.60475196112208,137.88993112794168,0.7148208331803971,3677.064830078445,0.00019439984504302237,CASH_SCARCITY,15
2009-10-23,ADEA,Q0_SKIP,0,28.82,91926.62075196112,138.60475196112208,137.88993112794168,0.7148208331803971,3677.064830078445,0.00019439984504302237,CASH_SCARCITY,15
2009-10-23,RAX,Q0_SKIP,0,18.69,91926.62075196112,138.60475196112208,137.88993112794168,0.7148208331803971,3677.064830078445,0.00019439984504302237,CASH_SCARCITY,15
2009-10-23,GGB,Q0_SKIP,0,16.9,91926.62075196112,138.60475196112208,137.88993112794168,0.7148208331803971,3677.064830078445,0.00019439984504302237,CASH_SCARCITY,15
2009-10-23,ATPAQ,Q0_SKIP,0,20.48,91926.62075196112,138.60475196112208,137.88993112794168,0.7148208331803971,3677.064830078445,0.00019439984504302237,CASH_SCARCITY,15
2009-10-23,RINO,Q0_SKIP,0,23.57,91926.62075196112,138.60475196112208,137.88993112794168,0.7148208331803971,3677.064830078445,0.00019439984504302237,CASH_SCARCITY,15
2009-10-23,ING,Q0_SKIP,0,17.37,91926.62075196112,138.60475196112208,137.88993112794168,0.7148208331803971,3677.064830078445,0.00019439984504302237,CASH_SCARCITY,15
2009-10-23,RRD,Q0_SKIP,0,21.37,91926.62075196112,138.60475196112208,137.88993112794168,0.7148208331803971,3677.064830078445,0.00019439984504302237,CASH_SCARCITY,15
2009-10-23,TSL1,Q0_SKIP,0,35.52,91926.62075196112,138.60475196112208,137.88993112794168,0.7148208331803971,3677.064830078445,0.00019439984504302237,CASH_SCARCITY,15
2009-10-23,IP,Q0_SKIP,0,23.72,91926.62075196112,138.60475196112208,137.88993112794168,0.7148208331803971,3677.064830078445,0.00019439984504302237,CASH_SCARCITY,15
2009-10-23,BEAV,Q0_SKIP,0,20.07,91926.62075196112,138.60475196112208,137.88993112794168,0.7148208331803971,3677.064830078445,0.00019439984504302237,CASH_SCARCITY,15
2009-10-23,HGSI,Q0_SKIP,0,19.63,91926.62075196112,138.60475196112208,137.88993112794168,0.7148208331803971,3677.064830078445,0.00019439984504302237,CASH_SCARCITY,15
2009-10-23,TCOM,Q0_SKIP,0,60.99,91926.62075196112,138.60475196112208,137.88993112794168,0.7148208331803971,3677.064830078445,0.00019439984504302237,CASH_SCARCITY,15
2009-10-23,TGNA,Q0_SKIP,0,13.22,91926.62075196112,138.60475196112208,137.88993112794168,0.7148208331803971,3677.064830078445,0.00019439984504302237,CASH_SCARCITY,15
2009-10-23,CYT1,Q0_SKIP,0,36.62,91926.62075196112,138.60475196112208,137.88993112794168,0.7148208331803971,3677.064830078445,0.00019439984504302237,CASH_SCARCITY,15
2009-10-23,JOY,Q0_SKIP,0,56.55,91926.62075196112,138.60475196112208,137.88993112794168,0.7148208331803971,3677.064830078445,0.00019439984504302237,CASH_SCARCITY,15
2009-10-23,OSK,Q0_SKIP,0,34.21,91926.62075196112,138.60475196112208,137.88993112794168,0.7148208331803971,3677.064830078445,0.00019439984504302237,CASH_SCARCITY,15
2009-10-23,CBI,Q0_SKIP,0,20.18,91926.62075196112,138.60475196112208,137.88993112794168,0.7148208331803971,3677.064830078445,0.00019439984504302237,CASH_SCARCITY,15
2009-10-23,LNC,Q0_SKIP,0,25.41,91926.62075196112,138.60475196112208,137.88993112794168,0.7148208331803971,3677.064830078445,0.00019439984504302237,CASH_SCARCITY,15
2009-10-23,MTL,Q0_SKIP,0,20.51,91926.62075196112,138.60475196112208,137.88993112794168,0.7148208331803971,3677.064830078445,0.00019439984504302237,CASH_SCARCITY,15
2009-10-23,SKX,Q0_SKIP,0,24.44,91926.62075196112,138.60475196112208,137.88993112794168,0.7148208331803971,3677.064830078445,0.00019439984504302237,CASH_SCARCITY,15
2009-10-23,COF,Q0_SKIP,0,40.95,91926.62075196112,138.60475196112208,137.88993112794168,0.7148208331803971,3677.064830078445,0.00019439984504302237,CASH_SCARCITY,15
2009-10-23,CNO,Q0_SKIP,0,6.07,91926.62075196112,138.60475196112208,137.88993112794168,0.7148208331803971,3677.064830078445,0.00019439984504302237,CASH_SCARCITY,15
2009-10-23,XL1,Q0_SKIP,0,17.18,91926.62075196112,138.60475196112208,137.88993112794168,0.7148208331803971,3677.064830078445,0.00019439984504302237,CASH_SCARCITY,15
2009-10-23,PER1,Q0_SKIP,0,29.93,91926.62075196112,138.60475196112208,137.88993112794168,0.7148208331803971,3677.064830078445,0.00019439984504302237,CASH_SCARCITY,15
2009-10-23,FLEX,Q0_SKIP,0,7.24,91926.62075196112,138.60475196112208,137.88993112794168,0.7148208331803971,3677.064830078445,0.00019439984504302237,CASH_SCARCITY,15
2009-10-23,ALU,Q0_SKIP,0,4.558,91926.62075196112,138.60475196112208,137.88993112794168,0.7148208331803971,3677.064830078445,0.00019439984504302237,CASH_SCARCITY,15
2009-10-23,BDN,Q0_SKIP,0,10.57,91926.62075196112,138.60475196112208,137.88993112794168,0.7148208331803971,3677.064830078445,0.00019439984504302237,CASH_SCARCITY,15
2009-10-23,ODP,Q0_SKIP,0,7.0,91926.62075196112,138.60475196112208,137.88993112794168,0.7148208331803971,3677.064830078445,0.00019439984504302237,CASH_SCARCITY,15
2009-10-23,GFASY,Q0_SKIP,0,34.66,91926.62075196112,138.60475196112208,137.88993112794168,0.7148208331803971,3677.064830078445,0.00019439984504302237,CASH_SCARCITY,15
2009-10-23,SITC,Q0_SKIP,0,9.44,91926.62075196112,138.60475196112208,137.88993112794168,0.7148208331803971,3677.064830078445,0.00019439984504302237,CASH_SCARCITY,15
2009-10-23,MEE,Q0_SKIP,0,31.64,91926.62075196112,138.60475196112208,137.88993112794168,0.7148208331803971,3677.064830078445,0.00019439984504302237,CASH_SCARCITY,15
2009-10-23,SLG,Q0_SKIP,0,42.19,91926.62075196112,138.60475196112208,137.88993112794168,0.7148208331803971,3677.064830078445,0.00019439984504302237,CASH_SCARCITY,15
2009-10-23,AIV,Q0_SKIP,0,14.41,91926.62075196112,138.60475196112208,137.88993112794168,0.7148208331803971,3677.064830078445,0.00019439984504302237,CASH_SCARCITY,15
2009-10-23,TRW,Q0_SKIP,0,18.54,91926.62075196112,138.60475196112208,137.88993112794168,0.7148208331803971,3677.064830078445,0.00019439984504302237,CASH_SCARCITY,15
2009-10-23,IBN,Q0_SKIP,0,38.66,91926.62075196112,138.60475196112208,137.88993112794168,0.7148208331803971,3677.064830078445,0.00019439984504302237,CASH_SCARCITY,15
2009-10-23,CROX,Q0_SKIP,0,7.559999999999999,91926.62075196112,138.60475196112208,137.88993112794168,0.7148208331803971,3677.064830078445,0.00019439984504302237,CASH_SCARCITY,15
2009-10-23,FITB,Q0_SKIP,0,10.34,91926.62075196112,138.60475196112208,137.88993112794168,0.7148208331803971,3677.064830078445,0.00019439984504302237,CASH_SCARCITY,15
2009-10-23,UFS,Q0_SKIP,0,41.61,91926.62075196112,138.60475196112208,137.88993112794168,0.7148208331803971,3677.064830078445,0.00019439984504302237,CASH_SCARCITY,15
2009-10-23,CENX,Q0_SKIP,0,10.32,91926.62075196112,138.60475196112208,137.88993112794168,0.7148208331803971,3677.064830078445,0.00019439984504302237,CASH_SCARCITY,15
2009-10-23,TCPTF,Q0_SKIP,0,12.02,91926.62075196112,138.60475196112208,137.88993112794168,0.7148208331803971,3677.064830078445,0.00019439984504302237,CASH_SCARCITY,15
2009-10-23,PSKY,Q0_SKIP,0,13.04,91926.62075196112,138.60475196112208,137.88993112794168,0.7148208331803971,3677.064830078445,0.00019439984504302237,CASH_SCARCITY,15
2009-10-23,MAC,Q0_SKIP,0,31.02,91926.62075196112,138.60475196112208,137.88993112794168,0.7148208331803971,3677.064830078445,0.00019439984504302237,CASH_SCARCITY,15
2009-10-23,ANRZQ,Q0_SKIP,0,37.86,91926.62075196112,138.60475196112208,137.88993112794168,0.7148208331803971,3677.064830078445,0.00019439984504302237,CASH_SCARCITY,15
2009-10-23,AM1,Q0_SKIP,0,22.25,91926.62075196112,138.60475196112208,137.88993112794168,0.7148208331803971,3677.064830078445,0.00019439984504302237,CASH_SCARCITY,15
2009-10-23,VEON,Q0_SKIP,0,19.84,91926.62075196112,138.60475196112208,137.88993112794168,0.7148208331803971,3677.064830078445,0.00019439984504302237,CASH_SCARCITY,15
2009-10-23,ZNB,Q0_SKIP,0,7.7,91926.62075196112,138.60475196112208,137.88993112794168,0.7148208331803971,3677.064830078445,0.00019439984504302237,CASH_SCARCITY,15
2009-10-23,VEDL,Q0_SKIP,0,17.55,91926.62075196112,138.60475196112208,137.88993112794168,0.7148208331803971,3677.064830078445,0.00019439984504302237,CASH_SCARCITY,15
2009-10-23,SLM,Q0_SKIP,0,11.0,91926.62075196112,138.60475196112208,137.88993112794168,0.7148208331803971,3677.064830078445,0.00019439984504302237,CASH_SCARCITY,15
2009-10-23,MTW,Q0_SKIP,0,11.63,91926.62075196112,138.60475196112208,137.88993112794168,0.7148208331803971,3677.064830078445,0.00019439984504302237,CASH_SCARCITY,15
2009-10-23,TRQ,Q0_SKIP,0,12.65,91926.62075196112,138.60475196112208,137.88993112794168,0.7148208331803971,3677.064830078445,0.00019439984504302237,CASH_SCARCITY,15
2009-10-23,YGEHY,Q0_SKIP,0,12.63,91926.62075196112,138.60475196112208,137.88993112794168,0.7148208331803971,3677.064830078445,0.00019439984504302237,CASH_SCARCITY,15
2009-10-23,HEROQ,Q0_SKIP,0,5.8,91926.62075196112,138.60475196112208,137.88993112794168,0.7148208331803971,3677.064830078445,0.00019439984504302237,CASH_SCARCITY,15
2009-10-23,VG2,Q0_SKIP,0,1.45,91926.62075196112,138.60475196112208,137.88993112794168,0.7148208331803971,3677.064830078445,0.00019439984504302237,CASH_SCARCITY,15
2009-10-26,SAN,Q0_SKIP,0,16.7,90433.5447519611,138.60475196112208,135.65031712794166,2.9544348331804144,3617.3417900784443,0.0008167419626433325,CASH_SCARCITY,15
2009-10-26,VECO,Q0_SKIP,0,25.07,90433.5447519611,138.60475196112208,135.65031712794166,2.9544348331804144,3617.3417900784443,0.0008167419626433325,CASH_SCARCITY,15
2009-10-26,WCRX,Q0_SKIP,0,22.33,90433.5447519611,138.60475196112208,135.65031712794166,2.9544348331804144,3617.3417900784443,0.0008167419626433325,CASH_SCARCITY,15
2009-10-26,QVCAQ,Q0_SKIP,0,11.91,90433.5447519611,138.60475196112208,135.65031712794166,2.9544348331804144,3617.3417900784443,0.0008167419626433325,CASH_SCARCITY,15
2009-10-26,TECK,Q0_SKIP,0,32.02,90433.5447519611,138.60475196112208,135.65031712794166,2.9544348331804144,3617.3417900784443,0.0008167419626433325,CASH_SCARCITY,15
2009-10-26,DAN,Q0_SKIP,0,6.81,90433.5447519611,138.60475196112208,135.65031712794166,2.9544348331804144,3617.3417900784443,0.0008167419626433325,CASH_SCARCITY,15
2009-10-26,SIVBQ,Q0_SKIP,0,43.28,90433.5447519611,138.60475196112208,135.65031712794166,2.9544348331804144,3617.3417900784443,0.0008167419626433325,CASH_SCARCITY,15
2009-10-26,STX,Q0_SKIP,0,15.82,90433.5447519611,138.60475196112208,135.65031712794166,2.9544348331804144,3617.3417900784443,0.0008167419626433325,CASH_SCARCITY,15
2009-10-26,JCG,Q0_SKIP,0,42.72,90433.5447519611,138.60475196112208,135.65031712794166,2.9544348331804144,3617.3417900784443,0.0008167419626433325,CASH_SCARCITY,15
2009-10-26,EXPE,Q0_SKIP,0,26.52,90433.5447519611,138.60475196112208,135.65031712794166,2.9544348331804144,3617.3417900784443,0.0008167419626433325,CASH_SCARCITY,15
2009-10-26,SGY,Q0_SKIP,0,17.13,90433.5447519611,138.60475196112208,135.65031712794166,2.9544348331804144,3617.3417900784443,0.0008167419626433325,CASH_SCARCITY,15
2009-10-26,GGB,Q0_SKIP,0,16.66,90433.5447519611,138.60475196112208,135.65031712794166,2.9544348331804144,3617.3417900784443,0.0008167419626433325,CASH_SCARCITY,15
2009-10-26,WLTGQ,Q0_SKIP,0,61.78,90433.5447519611,138.60475196112208,135.65031712794166,2.9544348331804144,3617.3417900784443,0.0008167419626433325,CASH_SCARCITY,15
2009-10-26,TCOM,Q0_SKIP,0,60.25,90433.5447519611,138.60475196112208,135.65031712794166,2.9544348331804144,3617.3417900784443,0.0008167419626433325,CASH_SCARCITY,15
2009-10-26,RINO,Q0_SKIP,0,22.18,90433.5447519611,138.60475196112208,135.65031712794166,2.9544348331804144,3617.3417900784443,0.0008167419626433325,CASH_SCARCITY,15
2009-10-26,IP,Q0_SKIP,0,22.94,90433.5447519611,138.60475196112208,135.65031712794166,2.9544348331804144,3617.3417900784443,0.0008167419626433325,CASH_SCARCITY,15
2009-10-26,ADEA,Q0_SKIP,0,28.92,90433.5447519611,138.60475196112208,135.65031712794166,2.9544348331804144,3617.3417900784443,0.0008167419626433325,CASH_SCARCITY,15
2009-10-26,ATPAQ,Q0_SKIP,0,19.29,90433.5447519611,138.60475196112208,135.65031712794166,2.9544348331804144,3617.3417900784443,0.0008167419626433325,CASH_SCARCITY,15
2009-10-26,BEAV,Q0_SKIP,0,20.15,90433.5447519611,138.60475196112208,135.65031712794166,2.9544348331804144,3617.3417900784443,0.0008167419626433325,CASH_SCARCITY,15
2009-10-26,RRD,Q0_SKIP,0,21.43,90433.5447519611,138.60475196112208,135.65031712794166,2.9544348331804144,3617.3417900784443,0.0008167419626433325,CASH_SCARCITY,15
2009-10-26,ISRG,Q0_SKIP,0,260.47,90433.5447519611,138.60475196112208,135.65031712794166,2.9544348331804144,3617.3417900784443,0.0008167419626433325,CASH_SCARCITY,15
2009-10-26,RAX,Q0_SKIP,0,18.71,90433.5447519611,138.60475196112208,135.65031712794166,2.9544348331804144,3617.3417900784443,0.0008167419626433325,CASH_SCARCITY,15
2009-10-26,HGSI,Q0_SKIP,0,19.43,90433.5447519611,138.60475196112208,135.65031712794166,2.9544348331804144,3617.3417900784443,0.0008167419626433325,CASH_SCARCITY,15
2009-10-26,TGNA,Q0_SKIP,0,12.28,90433.5447519611,138.60475196112208,135.65031712794166,2.9544348331804144,3617.3417900784443,0.0008167419626433325,CASH_SCARCITY,15
2009-10-26,TSL1,Q0_SKIP,0,34.43,90433.5447519611,138.60475196112208,135.65031712794166,2.9544348331804144,3617.3417900784443,0.0008167419626433325,CASH_SCARCITY,15
2009-10-26,JOY,Q0_SKIP,0,55.11,90433.5447519611,138.60475196112208,135.65031712794166,2.9544348331804144,3617.3417900784443,0.0008167419626433325,CASH_SCARCITY,15
2009-10-26,MTL,Q0_SKIP,0,19.66,90433.5447519611,138.60475196112208,135.65031712794166,2.9544348331804144,3617.3417900784443,0.0008167419626433325,CASH_SCARCITY,15
2009-10-26,CBI,Q0_SKIP,0,19.99,90433.5447519611,138.60475196112208,135.65031712794166,2.9544348331804144,3617.3417900784443,0.0008167419626433325,CASH_SCARCITY,15
2009-10-26,AM1,Q0_SKIP,0,21.76,90433.5447519611,138.60475196112208,135.65031712794166,2.9544348331804144,3617.3417900784443,0.0008167419626433325,CASH_SCARCITY,15
2009-10-26,COF,Q0_SKIP,0,39.48,90433.5447519611,138.60475196112208,135.65031712794166,2.9544348331804144,3617.3417900784443,0.0008167419626433325,CASH_SCARCITY,15
2009-10-26,SLG,Q0_SKIP,0,41.81,90433.5447519611,138.60475196112208,135.65031712794166,2.9544348331804144,3617.3417900784443,0.0008167419626433325,CASH_SCARCITY,15
2009-10-26,OSK,Q0_SKIP,0,33.0,90433.5447519611,138.60475196112208,135.65031712794166,2.9544348331804144,3617.3417900784443,0.0008167419626433325,CASH_SCARCITY,15
2009-10-26,PER1,Q0_SKIP,0,29.93,90433.5447519611,138.60475196112208,135.65031712794166,2.9544348331804144,3617.3417900784443,0.0008167419626433325,CASH_SCARCITY,15
2009-10-26,CNO,Q0_SKIP,0,5.68,90433.5447519611,138.60475196112208,135.65031712794166,2.9544348331804144,3617.3417900784443,0.0008167419626433325,CASH_SCARCITY,15
2009-10-26,SITC,Q0_SKIP,0,9.8,90433.5447519611,138.60475196112208,135.65031712794166,2.9544348331804144,3617.3417900784443,0.0008167419626433325,CASH_SCARCITY,15
2009-10-26,GFASY,Q0_SKIP,0,34.33,90433.5447519611,138.60475196112208,135.65031712794166,2.9544348331804144,3617.3417900784443,0.0008167419626433325,CASH_SCARCITY,15
2009-10-26,FLEX,Q0_SKIP,0,7.11,90433.5447519611,138.60475196112208,135.65031712794166,2.9544348331804144,3617.3417900784443,0.0008167419626433325,CASH_SCARCITY,15
2009-10-26,IBN,Q0_SKIP,0,37.38,90433.5447519611,138.60475196112208,135.65031712794166,2.9544348331804144,3617.3417900784443,0.0008167419626433325,CASH_SCARCITY,15
2009-10-26,MEE,Q0_SKIP,0,31.12,90433.5447519611,138.60475196112208,135.65031712794166,2.9544348331804144,3617.3417900784443,0.0008167419626433325,CASH_SCARCITY,15
2009-10-26,SVA,Q0_SKIP,0,8.06,90433.5447519611,138.60475196112208,135.65031712794166,2.9544348331804144,3617.3417900784443,0.0008167419626433325,CASH_SCARCITY,15
2009-10-26,UIS,Q0_SKIP,0,27.17,90433.5447519611,138.60475196112208,135.65031712794166,2.9544348331804144,3617.3417900784443,0.0008167419626433325,CASH_SCARCITY,15
2009-10-26,AIV,Q0_SKIP,0,14.19,90433.5447519611,138.60475196112208,135.65031712794166,2.9544348331804144,3617.3417900784443,0.0008167419626433325,CASH_SCARCITY,15
2009-10-26,TRW,Q0_SKIP,0,18.22,90433.5447519611,138.60475196112208,135.65031712794166,2.9544348331804144,3617.3417900784443,0.0008167419626433325,CASH_SCARCITY,15
2009-10-26,CRZO,Q0_SKIP,0,25.34,90433.5447519611,138.60475196112208,135.65031712794166,2.9544348331804144,3617.3417900784443,0.0008167419626433325,CASH_SCARCITY,15
2009-10-26,VEDL,Q0_SKIP,0,17.25,90433.5447519611,138.60475196112208,135.65031712794166,2.9544348331804144,3617.3417900784443,0.0008167419626433325,CASH_SCARCITY,15
2009-10-26,PRU,Q0_SKIP,0,47.94,90433.5447519611,138.60475196112208,135.65031712794166,2.9544348331804144,3617.3417900784443,0.0008167419626433325,CASH_SCARCITY,15
2009-10-26,PSKY,Q0_SKIP,0,12.77,90433.5447519611,138.60475196112208,135.65031712794166,2.9544348331804144,3617.3417900784443,0.0008167419626433325,CASH_SCARCITY,15
2009-10-26,CROX,Q0_SKIP,0,7.46,90433.5447519611,138.60475196112208,135.65031712794166,2.9544348331804144,3617.3417900784443,0.0008167419626433325,CASH_SCARCITY,15
2009-10-26,CENX,Q0_SKIP,0,9.73,90433.5447519611,138.60475196112208,135.65031712794166,2.9544348331804144,3617.3417900784443,0.0008167419626433325,CASH_SCARCITY,15
2009-10-26,ANRZQ,Q0_SKIP,0,36.4,90433.5447519611,138.60475196112208,135.65031712794166,2.9544348331804144,3617.3417900784443,0.0008167419626433325,CASH_SCARCITY,15
2009-10-26,ODP,Q0_SKIP,0,6.62,90433.5447519611,138.60475196112208,135.65031712794166,2.9544348331804144,3617.3417900784443,0.0008167419626433325,CASH_SCARCITY,15
2009-10-26,ZNB,Q0_SKIP,0,7.25,90433.5447519611,138.60475196112208,135.65031712794166,2.9544348331804144,3617.3417900784443,0.0008167419626433325,CASH_SCARCITY,15
2009-10-26,VEON,Q0_SKIP,0,18.92,90433.5447519611,138.60475196112208,135.65031712794166,2.9544348331804144,3617.3417900784443,0.0008167419626433325,CASH_SCARCITY,15
2009-10-26,MAC,Q0_SKIP,0,30.62,90433.5447519611,138.60475196112208,135.65031712794166,2.9544348331804144,3617.3417900784443,0.0008167419626433325,CASH_SCARCITY,15
2009-10-26,MTW,Q0_SKIP,0,11.28,90433.5447519611,138.60475196112208,135.65031712794166,2.9544348331804144,3617.3417900784443,0.0008167419626433325,CASH_SCARCITY,15
2009-10-26,SLM,Q0_SKIP,0,10.91,90433.5447519611,138.60475196112208,135.65031712794166,2.9544348331804144,3617.3417900784443,0.0008167419626433325,CASH_SCARCITY,15
2009-10-26,UFS,Q0_SKIP,0,40.15,90433.5447519611,138.60475196112208,135.65031712794166,2.9544348331804144,3617.3417900784443,0.0008167419626433325,CASH_SCARCITY,15
2009-10-26,DNDNQ,Q0_SKIP,0,27.27,90433.5447519611,138.60475196112208,135.65031712794166,2.9544348331804144,3617.3417900784443,0.0008167419626433325,CASH_SCARCITY,15
2009-10-26,VG2,PLAN,2,1.42,90433.5447519611,138.60475196112208,135.65031712794166,2.9544348331804144,3617.3417900784443,0.0008167419626433325,,15
2009-11-27,MATV,PLAN,57,61.15,88558.62095196113,13128.535951961121,132.8379314279417,12995.69802053318,3542.3448380784453,1.0,,15
2009-11-30,TUPBQ,PLAN,76,46.55,88547.44621196113,9665.904211961122,132.8211693179417,9533.08304264318,3541.897848478445,1.0,,15
2009-12-01,MCK,PLAN,57,62.48,89881.94505196113,6097.179051961122,134.8229175779417,5962.356134383181,3595.2778020784453,1.0,,15
2009-12-02,PRGO,PLAN,60,39.83,90193.40736196113,2549.9453619611227,135.2901110429417,2414.655250918181,3607.7362944784454,0.6692992651967811,,15
2009-12-03,NUS,PLAN,1,27.81,88873.60396196111,167.1459619611228,133.31040594294166,33.83555601818114,3554.9441584784445,0.009517886782408174,,15
2009-12-21,UFS,Q0_SKIP,0,55.56,88468.95777196111,138.9277719611228,132.70343665794167,6.224335303181135,3538.7583108784447,0.0017589037612563134,CASH_SCARCITY,15
2009-12-21,CTSH,Q0_SKIP,0,45.23,88468.95777196111,138.9277719611228,132.70343665794167,6.224335303181135,3538.7583108784447,0.0017589037612563134,CASH_SCARCITY,15
2009-12-21,SKX,Q0_SKIP,0,28.75,88468.95777196111,138.9277719611228,132.70343665794167,6.224335303181135,3538.7583108784447,0.0017589037612563134,CASH_SCARCITY,15
2009-12-21,VMED,Q0_SKIP,0,17.18,88468.95777196111,138.9277719611228,132.70343665794167,6.224335303181135,3538.7583108784447,0.0017589037612563134,CASH_SCARCITY,15
2009-12-21,DAN,Q0_SKIP,0,10.95,88468.95777196111,138.9277719611228,132.70343665794167,6.224335303181135,3538.7583108784447,0.0017589037612563134,CASH_SCARCITY,15
2009-12-21,MWV,Q0_SKIP,0,28.0,88468.95777196111,138.9277719611228,132.70343665794167,6.224335303181135,3538.7583108784447,0.0017589037612563134,CASH_SCARCITY,15
2009-12-21,RRD,Q0_SKIP,0,21.91,88468.95777196111,138.9277719611228,132.70343665794167,6.224335303181135,3538.7583108784447,0.0017589037612563134,CASH_SCARCITY,15
2009-12-21,IP,Q0_SKIP,0,27.01,88468.95777196111,138.9277719611228,132.70343665794167,6.224335303181135,3538.7583108784447,0.0017589037612563134,CASH_SCARCITY,15
2009-12-21,TECK,Q0_SKIP,0,37.21,88468.95777196111,138.9277719611228,132.70343665794167,6.224335303181135,3538.7583108784447,0.0017589037612563134,CASH_SCARCITY,15
2009-12-21,WSM,Q0_SKIP,0,22.18,88468.95777196111,138.9277719611228,132.70343665794167,6.224335303181135,3538.7583108784447,0.0017589037612563134,CASH_SCARCITY,15
2009-12-21,BDK,Q0_SKIP,0,64.08,88468.95777196111,138.9277719611228,132.70343665794167,6.224335303181135,3538.7583108784447,0.0017589037612563134,CASH_SCARCITY,15
2009-12-21,WLTGQ,Q0_SKIP,0,75.54,88468.95777196111,138.9277719611228,132.70343665794167,6.224335303181135,3538.7583108784447,0.0017589037612563134,CASH_SCARCITY,15
2009-12-21,JWN,Q0_SKIP,0,36.79,88468.95777196111,138.9277719611228,132.70343665794167,6.224335303181135,3538.7583108784447,0.0017589037612563134,CASH_SCARCITY,15
2009-12-21,OC,Q0_SKIP,0,26.29,88468.95777196111,138.9277719611228,132.70343665794167,6.224335303181135,3538.7583108784447,0.0017589037612563134,CASH_SCARCITY,15
2009-12-21,WLL2,Q0_SKIP,0,71.22,88468.95777196111,138.9277719611228,132.70343665794167,6.224335303181135,3538.7583108784447,0.0017589037612563134,CASH_SCARCITY,15
2009-12-21,MELI,Q0_SKIP,0,51.8,88468.95777196111,138.9277719611228,132.70343665794167,6.224335303181135,3538.7583108784447,0.0017589037612563134,CASH_SCARCITY,15
2009-12-21,KSU,Q0_SKIP,0,32.65,88468.95777196111,138.9277719611228,132.70343665794167,6.224335303181135,3538.7583108784447,0.0017589037612563134,CASH_SCARCITY,15
2009-12-21,JBL,Q0_SKIP,0,15.02,88468.95777196111,138.9277719611228,132.70343665794167,6.224335303181135,3538.7583108784447,0.0017589037612563134,CASH_SCARCITY,15
2009-12-21,TGNA,Q0_SKIP,0,14.03,88468.95777196111,138.9277719611228,132.70343665794167,6.224335303181135,3538.7583108784447,0.0017589037612563134,CASH_SCARCITY,15
2009-12-21,INCY,Q0_SKIP,0,8.73,88468.95777196111,138.9277719611228,132.70343665794167,6.224335303181135,3538.7583108784447,0.0017589037612563134,CASH_SCARCITY,15
2009-12-21,SLG,Q0_SKIP,0,50.97,88468.95777196111,138.9277719611228,132.70343665794167,6.224335303181135,3538.7583108784447,0.0017589037612563134,CASH_SCARCITY,15
2009-12-21,MEE,Q0_SKIP,0,41.15,88468.95777196111,138.9277719611228,132.70343665794167,6.224335303181135,3538.7583108784447,0.0017589037612563134,CASH_SCARCITY,15
2009-12-21,TRW,Q0_SKIP,0,24.15,88468.95777196111,138.9277719611228,132.70343665794167,6.224335303181135,3538.7583108784447,0.0017589037612563134,CASH_SCARCITY,15
2009-12-21,PXD,Q0_SKIP,0,46.39,88468.95777196111,138.9277719611228,132.70343665794167,6.224335303181135,3538.7583108784447,0.0017589037612563134,CASH_SCARCITY,15
2009-12-21,WCRX,Q0_SKIP,0,27.55,88468.95777196111,138.9277719611228,132.70343665794167,6.224335303181135,3538.7583108784447,0.0017589037612563134,CASH_SCARCITY,15
2009-12-21,HAR,Q0_SKIP,0,36.11,88468.95777196111,138.9277719611228,132.70343665794167,6.224335303181135,3538.7583108784447,0.0017589037612563134,CASH_SCARCITY,15
2009-12-21,GGP,Q0_SKIP,0,9.15,88468.95777196111,138.9277719611228,132.70343665794167,6.224335303181135,3538.7583108784447,0.0017589037612563134,CASH_SCARCITY,15
2009-12-21,ISRG,Q0_SKIP,0,290.57,88468.95777196111,138.9277719611228,132.70343665794167,6.224335303181135,3538.7583108784447,0.0017589037612563134,CASH_SCARCITY,15
2009-12-21,LAMR,Q0_SKIP,0,31.15,88468.95777196111,138.9277719611228,132.70343665794167,6.224335303181135,3538.7583108784447,0.0017589037612563134,CASH_SCARCITY,15
2009-12-21,TRQ,Q0_SKIP,0,14.24,88468.95777196111,138.9277719611228,132.70343665794167,6.224335303181135,3538.7583108784447,0.0017589037612563134,CASH_SCARCITY,15
2009-12-21,BUCY,Q0_SKIP,0,55.84,88468.95777196111,138.9277719611228,132.70343665794167,6.224335303181135,3538.7583108784447,0.0017589037612563134,CASH_SCARCITY,15
2009-12-21,COF,Q0_SKIP,0,39.16,88468.95777196111,138.9277719611228,132.70343665794167,6.224335303181135,3538.7583108784447,0.0017589037612563134,CASH_SCARCITY,15
2009-12-21,JCG,Q0_SKIP,0,44.57,88468.95777196111,138.9277719611228,132.70343665794167,6.224335303181135,3538.7583108784447,0.0017589037612563134,CASH_SCARCITY,15
2009-12-21,VECO,Q0_SKIP,0,32.46,88468.95777196111,138.9277719611228,132.70343665794167,6.224335303181135,3538.7583108784447,0.0017589037612563134,CASH_SCARCITY,15
2009-12-21,ATPAQ,Q0_SKIP,0,18.84,88468.95777196111,138.9277719611228,132.70343665794167,6.224335303181135,3538.7583108784447,0.0017589037612563134,CASH_SCARCITY,15
2009-12-21,FLEX,Q0_SKIP,0,7.3,88468.95777196111,138.9277719611228,132.70343665794167,6.224335303181135,3538.7583108784447,0.0017589037612563134,CASH_SCARCITY,15
2009-12-21,WHR,Q0_SKIP,0,83.54999999999998,88468.95777196111,138.9277719611228,132.70343665794167,6.224335303181135,3538.7583108784447,0.0017589037612563134,CASH_SCARCITY,15
2009-12-21,ARE,Q0_SKIP,0,63.61,88468.95777196111,138.9277719611228,132.70343665794167,6.224335303181135,3538.7583108784447,0.0017589037612563134,CASH_SCARCITY,15
2009-12-21,SM,Q0_SKIP,0,35.74,88468.95777196111,138.9277719611228,132.70343665794167,6.224335303181135,3538.7583108784447,0.0017589037612563134,CASH_SCARCITY,15
2009-12-21,FMCN,Q0_SKIP,0,15.98,88468.95777196111,138.9277719611228,132.70343665794167,6.224335303181135,3538.7583108784447,0.0017589037612563134,CASH_SCARCITY,15
2009-12-21,MPS,Q0_SKIP,0,13.75,88468.95777196111,138.9277719611228,132.70343665794167,6.224335303181135,3538.7583108784447,0.0017589037612563134,CASH_SCARCITY,15
2009-12-21,HGSI,Q0_SKIP,0,29.6,88468.95777196111,138.9277719611228,132.70343665794167,6.224335303181135,3538.7583108784447,0.0017589037612563134,CASH_SCARCITY,15
2009-12-21,CAR,Q0_SKIP,0,13.31,88468.95777196111,138.9277719611228,132.70343665794167,6.224335303181135,3538.7583108784447,0.0017589037612563134,CASH_SCARCITY,15
2009-12-21,DDS,Q0_SKIP,0,19.21,88468.95777196111,138.9277719611228,132.70343665794167,6.224335303181135,3538.7583108784447,0.0017589037612563134,CASH_SCARCITY,15
2009-12-21,PCXCQ,Q0_SKIP,0,13.99,88468.95777196111,138.9277719611228,132.70343665794167,6.224335303181135,3538.7583108784447,0.0017589037612563134,CASH_SCARCITY,15
2009-12-21,AMD,Q0_SKIP,0,9.53,88468.95777196111,138.9277719611228,132.70343665794167,6.224335303181135,3538.7583108784447,0.0017589037612563134,CASH_SCARCITY,15
2009-12-21,OMX,Q0_SKIP,0,13.29,88468.95777196111,138.9277719611228,132.70343665794167,6.224335303181135,3538.7583108784447,0.0017589037612563134,CASH_SCARCITY,15
2009-12-21,PSKY,Q0_SKIP,0,13.9,88468.95777196111,138.9277719611228,132.70343665794167,6.224335303181135,3538.7583108784447,0.0017589037612563134,CASH_SCARCITY,15
2009-12-21,CLF,Q0_SKIP,0,45.72,88468.95777196111,138.9277719611228,132.70343665794167,6.224335303181135,3538.7583108784447,0.0017589037612563134,CASH_SCARCITY,15
2009-12-21,ANN,Q0_SKIP,0,15.38,88468.95777196111,138.9277719611228,132.70343665794167,6.224335303181135,3538.7583108784447,0.0017589037612563134,CASH_SCARCITY,15
2009-12-21,TSL1,Q0_SKIP,0,55.5,88468.95777196111,138.9277719611228,132.70343665794167,6.224335303181135,3538.7583108784447,0.0017589037612563134,CASH_SCARCITY,15
2009-12-21,MAC,Q0_SKIP,0,33.4,88468.95777196111,138.9277719611228,132.70343665794167,6.224335303181135,3538.7583108784447,0.0017589037612563134,CASH_SCARCITY,15
2009-12-21,SKS,Q0_SKIP,0,6.76,88468.95777196111,138.9277719611228,132.70343665794167,6.224335303181135,3538.7583108784447,0.0017589037612563134,CASH_SCARCITY,15
2009-12-21,IOC,Q0_SKIP,0,71.7,88468.95777196111,138.9277719611228,132.70343665794167,6.224335303181135,3538.7583108784447,0.0017589037612563134,CASH_SCARCITY,15
2009-12-21,RCL,Q0_SKIP,0,25.92,88468.95777196111,138.9277719611228,132.70343665794167,6.224335303181135,3538.7583108784447,0.0017589037612563134,CASH_SCARCITY,15
2009-12-21,UAL,Q0_SKIP,0,11.52,88468.95777196111,138.9277719611228,132.70343665794167,6.224335303181135,3538.7583108784447,0.0017589037612563134,CASH_SCARCITY,15
2009-12-21,DTGF,Q0_SKIP,0,25.99,88468.95777196111,138.9277719611228,132.70343665794167,6.224335303181135,3538.7583108784447,0.0017589037612563134,CASH_SCARCITY,15
2009-12-21,CSIQ,Q0_SKIP,0,28.81,88468.95777196111,138.9277719611228,132.70343665794167,6.224335303181135,3538.7583108784447,0.0017589037612563134,CASH_SCARCITY,15
2009-12-21,NYT,Q0_SKIP,0,10.79,88468.95777196111,138.9277719611228,132.70343665794167,6.224335303181135,3538.7583108784447,0.0017589037612563134,CASH_SCARCITY,15
2009-12-21,CENX,Q0_SKIP,0,15.54,88468.95777196111,138.9277719611228,132.70343665794167,6.224335303181135,3538.7583108784447,0.0017589037612563134,CASH_SCARCITY,15
2009-12-21,GNW,Q0_SKIP,0,11.62,88468.95777196111,138.9277719611228,132.70343665794167,6.224335303181135,3538.7583108784447,0.0017589037612563134,CASH_SCARCITY,15
2009-12-21,TEN1,Q0_SKIP,0,18.46,88468.95777196111,138.9277719611228,132.70343665794167,6.224335303181135,3538.7583108784447,0.0017589037612563134,CASH_SCARCITY,15
2009-12-21,DCH,Q0_SKIP,0,8.099999999999998,88468.95777196111,138.9277719611228,132.70343665794167,6.224335303181135,3538.7583108784447,0.0017589037612563134,CASH_SCARCITY,15
2009-12-22,UFS,Q0_SKIP,0,57.3,88949.99977196111,138.9277719611228,133.42499965794167,5.502772303181132,3557.999990878445,0.0015465914326274455,CASH_SCARCITY,15
2009-12-22,CTSH,Q0_SKIP,0,45.78,88949.99977196111,138.9277719611228,133.42499965794167,5.502772303181132,3557.999990878445,0.0015465914326274455,CASH_SCARCITY,15
2009-12-22,SKX,Q0_SKIP,0,28.82,88949.99977196111,138.9277719611228,133.42499965794167,5.502772303181132,3557.999990878445,0.0015465914326274455,CASH_SCARCITY,15
2009-12-22,DAN,Q0_SKIP,0,10.5,88949.99977196111,138.9277719611228,133.42499965794167,5.502772303181132,3557.999990878445,0.0015465914326274455,CASH_SCARCITY,15
2009-12-22,VMED,Q0_SKIP,0,17.31,88949.99977196111,138.9277719611228,133.42499965794167,5.502772303181132,3557.999990878445,0.0015465914326274455,CASH_SCARCITY,15
2009-12-22,LNCR,Q0_SKIP,0,38.03,88949.99977196111,138.9277719611228,133.42499965794167,5.502772303181132,3557.999990878445,0.0015465914326274455,CASH_SCARCITY,15
2009-12-22,LULU,Q0_SKIP,0,30.07,88949.99977196111,138.9277719611228,133.42499965794167,5.502772303181132,3557.999990878445,0.0015465914326274455,CASH_SCARCITY,15
2009-12-22,MWV,Q0_SKIP,0,28.52,88949.99977196111,138.9277719611228,133.42499965794167,5.502772303181132,3557.999990878445,0.0015465914326274455,CASH_SCARCITY,15
2009-12-22,RRD,Q0_SKIP,0,22.22,88949.99977196111,138.9277719611228,133.42499965794167,5.502772303181132,3557.999990878445,0.0015465914326274455,CASH_SCARCITY,15
2009-12-22,AXP,Q0_SKIP,0,41.42,88949.99977196111,138.9277719611228,133.42499965794167,5.502772303181132,3557.999990878445,0.0015465914326274455,CASH_SCARCITY,15
2009-12-22,IP,Q0_SKIP,0,27.4,88949.99977196111,138.9277719611228,133.42499965794167,5.502772303181132,3557.999990878445,0.0015465914326274455,CASH_SCARCITY,15
2009-12-22,TECK,Q0_SKIP,0,37.6,88949.99977196111,138.9277719611228,133.42499965794167,5.502772303181132,3557.999990878445,0.0015465914326274455,CASH_SCARCITY,15
2009-12-22,BDK,Q0_SKIP,0,65.68,88949.99977196111,138.9277719611228,133.42499965794167,5.502772303181132,3557.999990878445,0.0015465914326274455,CASH_SCARCITY,15
2009-12-22,WLTGQ,Q0_SKIP,0,77.75,88949.99977196111,138.9277719611228,133.42499965794167,5.502772303181132,3557.999990878445,0.0015465914326274455,CASH_SCARCITY,15
2009-12-22,WLL2,Q0_SKIP,0,72.08,88949.99977196111,138.9277719611228,133.42499965794167,5.502772303181132,3557.999990878445,0.0015465914326274455,CASH_SCARCITY,15
2009-12-22,KSU,Q0_SKIP,0,33.18,88949.99977196111,138.9277719611228,133.42499965794167,5.502772303181132,3557.999990878445,0.0015465914326274455,CASH_SCARCITY,15
2009-12-22,WSM,Q0_SKIP,0,22.41,88949.99977196111,138.9277719611228,133.42499965794167,5.502772303181132,3557.999990878445,0.0015465914326274455,CASH_SCARCITY,15
2009-12-22,TGNA,Q0_SKIP,0,14.41,88949.99977196111,138.9277719611228,133.42499965794167,5.502772303181132,3557.999990878445,0.0015465914326274455,CASH_SCARCITY,15
2009-12-22,JBL,Q0_SKIP,0,17.18,88949.99977196111,138.9277719611228,133.42499965794167,5.502772303181132,3557.999990878445,0.0015465914326274455,CASH_SCARCITY,15
2009-12-22,MELI,Q0_SKIP,0,52.76,88949.99977196111,138.9277719611228,133.42499965794167,5.502772303181132,3557.999990878445,0.0015465914326274455,CASH_SCARCITY,15
2009-12-22,JWN,Q0_SKIP,0,36.68,88949.99977196111,138.9277719611228,133.42499965794167,5.502772303181132,3557.999990878445,0.0015465914326274455,CASH_SCARCITY,15
2009-12-22,MEE,Q0_SKIP,0,42.13,88949.99977196111,138.9277719611228,133.42499965794167,5.502772303181132,3557.999990878445,0.0015465914326274455,CASH_SCARCITY,15
2009-12-22,OC,Q0_SKIP,0,26.46,88949.99977196111,138.9277719611228,133.42499965794167,5.502772303181132,3557.999990878445,0.0015465914326274455,CASH_SCARCITY,15
2009-12-22,PXD,Q0_SKIP,0,47.88,88949.99977196111,138.9277719611228,133.42499965794167,5.502772303181132,3557.999990878445,0.0015465914326274455,CASH_SCARCITY,15
2009-12-22,TRW,Q0_SKIP,0,23.95,88949.99977196111,138.9277719611228,133.42499965794167,5.502772303181132,3557.999990878445,0.0015465914326274455,CASH_SCARCITY,15
2009-12-22,SLG,Q0_SKIP,0,50.88,88949.99977196111,138.9277719611228,133.42499965794167,5.502772303181132,3557.999990878445,0.0015465914326274455,CASH_SCARCITY,15
2009-12-22,INCY,Q0_SKIP,0,9.05,88949.99977196111,138.9277719611228,133.42499965794167,5.502772303181132,3557.999990878445,0.0015465914326274455,CASH_SCARCITY,15
2009-12-22,WCRX,Q0_SKIP,0,28.08,88949.99977196111,138.9277719611228,133.42499965794167,5.502772303181132,3557.999990878445,0.0015465914326274455,CASH_SCARCITY,15
2009-12-22,ISRG,Q0_SKIP,0,297.52,88949.99977196111,138.9277719611228,133.42499965794167,5.502772303181132,3557.999990878445,0.0015465914326274455,CASH_SCARCITY,15
2009-12-22,LAMR,Q0_SKIP,0,31.4,88949.99977196111,138.9277719611228,133.42499965794167,5.502772303181132,3557.999990878445,0.0015465914326274455,CASH_SCARCITY,15
2009-12-22,TRQ,Q0_SKIP,0,14.3,88949.99977196111,138.9277719611228,133.42499965794167,5.502772303181132,3557.999990878445,0.0015465914326274455,CASH_SCARCITY,15
2009-12-22,DDS,Q0_SKIP,0,19.27,88949.99977196111,138.9277719611228,133.42499965794167,5.502772303181132,3557.999990878445,0.0015465914326274455,CASH_SCARCITY,15
2009-12-22,GGP,Q0_SKIP,0,10.95,88949.99977196111,138.9277719611228,133.42499965794167,5.502772303181132,3557.999990878445,0.0015465914326274455,CASH_SCARCITY,15
2009-12-22,HBI,Q0_SKIP,0,25.34,88949.99977196111,138.9277719611228,133.42499965794167,5.502772303181132,3557.999990878445,0.0015465914326274455,CASH_SCARCITY,15
2009-12-22,COF,Q0_SKIP,0,38.57,88949.99977196111,138.9277719611228,133.42499965794167,5.502772303181132,3557.999990878445,0.0015465914326274455,CASH_SCARCITY,15
2009-12-22,FLEX,Q0_SKIP,0,7.55,88949.99977196111,138.9277719611228,133.42499965794167,5.502772303181132,3557.999990878445,0.0015465914326274455,CASH_SCARCITY,15
2009-12-22,JCG,Q0_SKIP,0,44.34,88949.99977196111,138.9277719611228,133.42499965794167,5.502772303181132,3557.999990878445,0.0015465914326274455,CASH_SCARCITY,15
2009-12-22,BUCY,Q0_SKIP,0,59.17,88949.99977196111,138.9277719611228,133.42499965794167,5.502772303181132,3557.999990878445,0.0015465914326274455,CASH_SCARCITY,15
2009-12-22,ATPAQ,Q0_SKIP,0,18.83,88949.99977196111,138.9277719611228,133.42499965794167,5.502772303181132,3557.999990878445,0.0015465914326274455,CASH_SCARCITY,15
2009-12-22,VECO,Q0_SKIP,0,33.53,88949.99977196111,138.9277719611228,133.42499965794167,5.502772303181132,3557.999990878445,0.0015465914326274455,CASH_SCARCITY,15
2009-12-22,HGSI,Q0_SKIP,0,30.58,88949.99977196111,138.9277719611228,133.42499965794167,5.502772303181132,3557.999990878445,0.0015465914326274455,CASH_SCARCITY,15
2009-12-22,MPS,Q0_SKIP,0,13.74,88949.99977196111,138.9277719611228,133.42499965794167,5.502772303181132,3557.999990878445,0.0015465914326274455,CASH_SCARCITY,15
2009-12-22,CAR,Q0_SKIP,0,13.5,88949.99977196111,138.9277719611228,133.42499965794167,5.502772303181132,3557.999990878445,0.0015465914326274455,CASH_SCARCITY,15
2009-12-22,CLF,Q0_SKIP,0,45.49,88949.99977196111,138.9277719611228,133.42499965794167,5.502772303181132,3557.999990878445,0.0015465914326274455,CASH_SCARCITY,15
2009-12-22,ANN,Q0_SKIP,0,14.71,88949.99977196111,138.9277719611228,133.42499965794167,5.502772303181132,3557.999990878445,0.0015465914326274455,CASH_SCARCITY,15
2009-12-22,OMX,Q0_SKIP,0,13.64,88949.99977196111,138.9277719611228,133.42499965794167,5.502772303181132,3557.999990878445,0.0015465914326274455,CASH_SCARCITY,15
2009-12-22,FMCN,Q0_SKIP,0,15.5,88949.99977196111,138.9277719611228,133.42499965794167,5.502772303181132,3557.999990878445,0.0015465914326274455,CASH_SCARCITY,15
2009-12-22,AMD,Q0_SKIP,0,9.43,88949.99977196111,138.9277719611228,133.42499965794167,5.502772303181132,3557.999990878445,0.0015465914326274455,CASH_SCARCITY,15
2009-12-22,IOC,Q0_SKIP,0,72.44,88949.99977196111,138.9277719611228,133.42499965794167,5.502772303181132,3557.999990878445,0.0015465914326274455,CASH_SCARCITY,15
2009-12-22,SKS,Q0_SKIP,0,6.93,88949.99977196111,138.9277719611228,133.42499965794167,5.502772303181132,3557.999990878445,0.0015465914326274455,CASH_SCARCITY,15
2009-12-22,PCXCQ,Q0_SKIP,0,14.7,88949.99977196111,138.9277719611228,133.42499965794167,5.502772303181132,3557.999990878445,0.0015465914326274455,CASH_SCARCITY,15
2009-12-22,MAC,Q0_SKIP,0,34.27,88949.99977196111,138.9277719611228,133.42499965794167,5.502772303181132,3557.999990878445,0.0015465914326274455,CASH_SCARCITY,15
2009-12-22,PSKY,Q0_SKIP,0,13.86,88949.99977196111,138.9277719611228,133.42499965794167,5.502772303181132,3557.999990878445,0.0015465914326274455,CASH_SCARCITY,15
2009-12-22,SGI,Q0_SKIP,0,23.72,88949.99977196111,138.9277719611228,133.42499965794167,5.502772303181132,3557.999990878445,0.0015465914326274455,CASH_SCARCITY,15
2009-12-22,UAL,Q0_SKIP,0,12.93,88949.99977196111,138.9277719611228,133.42499965794167,5.502772303181132,3557.999990878445,0.0015465914326274455,CASH_SCARCITY,15
2009-12-22,RCL,Q0_SKIP,0,26.09,88949.99977196111,138.9277719611228,133.42499965794167,5.502772303181132,3557.999990878445,0.0015465914326274455,CASH_SCARCITY,15
2009-12-22,TSL1,Q0_SKIP,0,53.97,88949.99977196111,138.9277719611228,133.42499965794167,5.502772303181132,3557.999990878445,0.0015465914326274455,CASH_SCARCITY,15
2009-12-22,NYT,Q0_SKIP,0,11.03,88949.99977196111,138.9277719611228,133.42499965794167,5.502772303181132,3557.999990878445,0.0015465914326274455,CASH_SCARCITY,15
2009-12-22,CSIQ,Q0_SKIP,0,29.05,88949.99977196111,138.9277719611228,133.42499965794167,5.502772303181132,3557.999990878445,0.0015465914326274455,CASH_SCARCITY,15
2009-12-22,DTGF,Q0_SKIP,0,26.97,88949.99977196111,138.9277719611228,133.42499965794167,5.502772303181132,3557.999990878445,0.0015465914326274455,CASH_SCARCITY,15
2009-12-22,GNW,Q0_SKIP,0,11.98,88949.99977196111,138.9277719611228,133.42499965794167,5.502772303181132,3557.999990878445,0.0015465914326274455,CASH_SCARCITY,15
2009-12-22,TEN1,Q0_SKIP,0,18.4,88949.99977196111,138.9277719611228,133.42499965794167,5.502772303181132,3557.999990878445,0.0015465914326274455,CASH_SCARCITY,15
2009-12-22,RDN,Q0_SKIP,0,8.12,88949.99977196111,138.9277719611228,133.42499965794167,5.502772303181132,3557.999990878445,0.0015465914326274455,CASH_SCARCITY,15
2009-12-22,DCH,Q0_SKIP,0,8.41,88949.99977196111,138.9277719611228,133.42499965794167,5.502772303181132,3557.999990878445,0.0015465914326274455,CASH_SCARCITY,15
2009-12-22,FMCC,PLAN,4,1.35,88949.99977196111,138.9277719611228,133.42499965794167,5.502772303181132,3557.999990878445,0.0015465914326274455,,15
2010-02-25,EL,PLAN,62,60.57,94995.02383196111,8154.503831961122,142.49253574794167,8012.011296213181,3799.8009532784445,1.0,,15
2010-03-16,LNCR,PLAN,94,42.75,101348.53017596115,7391.9301759611235,152.02279526394173,7239.907380697182,4053.941207038446,1.0,,15
2010-04-01,EW,PLAN,32,100.39,105585.6699841491,3386.5299841491237,158.37850497622367,3228.1514791729,4223.426799365964,0.7643441291932707,,15
2010-05-04,VIAV,PLAN,272,13.59,108269.36097214911,3866.9409721491234,162.40404145822367,3704.5369306908997,4330.774438885965,0.8553982625896914,,15
2010-06-21,APKT,PLAN,140,29.23,102882.29468214908,18147.564682149117,154.3234420232236,17993.241240125895,4115.291787285963,1.0,,15
2010-06-22,VCI,PLAN,114,35.36,101516.1458821491,14024.645882149118,152.27421882322363,13872.371663325894,4060.645835285964,1.0,,15
2010-06-24,TSN,PLAN,224,17.87,100200.87370214913,9988.43370214912,150.3013105532237,9838.132391595895,4008.034948085965,1.0,,15
2010-07-08,IDC,PLAN,116,33.7,97907.37754214912,18132.66754214912,146.8610663132237,17985.806475835896,3916.2951016859647,1.0,,15
2010-07-19,HSY,PLAN,77,50.55,97473.63414214912,14253.564142149122,146.21045121322368,14107.353690935899,3898.945365685965,1.0,,15
2010-07-28,CRUS,PLAN,207,19.17,99340.01798214913,10393.547982149123,149.01002697322372,10244.5379551759,3973.6007192859656,1.0,,15
2010-08-12,AZO,PLAN,19,206.5,99262.93996214913,14325.919962149123,148.8944099432237,14177.0255522059,3970.517598485965,1.0,,15
2010-08-13,VMW,PLAN,51,76.37999999999998,98732.02178214912,10403.821782149123,148.09803267322368,10255.7237494759,3949.280871285965,1.0,,15
2010-08-16,OUTR,PLAN,83,47.21,99119.46039214912,6478.5103921491245,148.6791905882237,6329.831201560901,3964.778415685965,1.0,,15
2010-09-10,VRX1,PLAN,62,64.98,101591.20192214912,9483.001922149126,152.38680288322368,9330.615119265902,4063.648076885965,1.0,,15
2010-09-13,PWER1,PLAN,356,11.52,102818.13596214911,5412.975962149127,154.22720394322369,5258.748758205903,4112.725438485964,1.0,,15
2010-09-17,ISLN,PLAN,46,25.08,101528.91484214911,1307.7548421491274,152.29337226322366,1155.4614698859036,4061.1565936859647,0.28451536975509484,,15
2010-10-11,BHC,PLAN,144,27.16,107120.07756214915,4100.847562149127,160.68011634322372,3940.1674458059033,4284.803102485966,0.9195679128219192,,15
2010-11-09,ENDPQ,PLAN,75,36.35,111568.43266214913,2925.8426621491276,167.3526489932237,2758.490013155904,4462.737306485966,0.6181161524221521,,15
2010-11-22,LYB,PLAN,6,29.68,114084.53091214912,361.27091214912787,171.12679636822367,190.1441157809042,4563.381236485965,0.04166737467837003,,15
2011-01-12,NOV,PLAN,72,67.38,122226.07674214913,13336.006742149128,183.3391151132237,13152.667627035904,4889.043069685966,1.0,,15
2011-01-14,ALXN,PLAN,59,82.37,122364.37890214914,8473.308902149129,183.5465683532237,8289.762333795905,4894.575156085965,1.0,,15
2011-02-03,FOSL,PLAN,68,74.15,126710.02738214913,7012.64738214913,190.06504107322368,6822.582341075907,5068.401095285965,1.0,,15
2011-02-08,ATML,PLAN,120,14.66,128342.43342214914,1960.6404221491302,192.51365013322373,1768.1267720159065,5133.697336885966,0.34441585780910666,,15
2011-02-16,CY,PLAN,1,22.97,131330.19173214913,223.15773214913062,196.9952875982237,26.162444550906912,5253.2076692859655,0.004980279897151487,,15
2011-03-30,SM,PLAN,57,74.19,134365.10873214912,4488.17873214913,201.5476630982237,4286.631069050906,5374.604349285965,0.7975714658178327,,15
2011-04-18,JAZZ,PLAN,1,34.21,134266.77793214913,243.1379321491304,201.4001668982237,41.737765250906705,5370.671117285965,0.007771424527666595,,15
2011-06-02,DTGF,PLAN,66,83.43,139541.88737214913,7273.25737214913,209.31283105822368,7063.944541090907,5581.675494885965,1.0,,15
2011-08-26,DPZ,PLAN,181,26.98,122686.16273789712,51765.71273789712,184.02924410684568,51581.683493790275,4907.446509515885,1.0,,15
2011-09-07,QCOR,PLAN,163,30.76,126002.73333789711,46823.28333789712,189.00410000684568,46634.279237890274,5040.109333515885,1.0,,15
2011-09-08,RGLD,PLAN,61,82.34,125842.7287978971,41841.67879789712,188.76409319684566,41652.91470470027,5033.709151915884,1.0,,15
2011-09-09,GOLD1,PLAN,44,111.71,124004.38947789713,36827.34947789712,186.0065842168457,36641.342893680274,4960.175579115886,1.0,,15
2011-09-12,VRUS1,PLAN,64,77.09,123755.17531789713,31998.36531789712,185.6327629768457,31812.732554920276,4950.207012715885,1.0,,15
2011-09-13,MNST,PLAN,56,88.40999999999998,124725.62595789712,27034.045957897124,187.08843893684568,26846.95751896028,4989.025038315885,1.0,,15
2011-09-14,PSMT,PLAN,69,72.64,126010.66400589711,22079.144005897127,189.01599600884566,21890.12800988828,5040.426560235885,1.0,,15
2011-09-15,MCD,PLAN,57,88.06999999999998,126844.72148589711,17031.581485897128,190.26708222884568,16841.314403668282,5073.788859435885,1.0,,15
2011-09-21,DMND,PLAN,54,91.91,124996.42066589714,11995.730665897128,187.4946309988457,11808.236034898282,4999.856826635885,1.0,,15
2011-09-22,CEPH,PLAN,59,80.95,120444.96430589713,11203.964305897127,180.6674464588457,11023.296859438282,4817.798572235885,1.0,,15
2011-09-23,CROX,PLAN,174,27.58,120342.33707589711,6421.957075897128,180.51350561384567,6241.443570283282,4813.693483035885,1.0,,15
2011-10-27,SUG,PLAN,114,42.46,121818.12682189714,28970.526821897132,182.72719023284571,28787.799631664286,4872.725072875885,1.0,,15
2011-10-28,GR,PLAN,39,122.73,122000.73752189716,24126.387521897133,183.00110628284574,23943.386415614288,4880.029500875887,1.0,,15
2011-10-31,VSEA,PLAN,77,62.77,121260.84144189714,19335.521441897134,181.89126216284572,19153.63017973429,4850.433657675886,1.0,,15
2011-11-02,BMRN,PLAN,150,32.28,121404.94277189716,14502.022771897133,182.10741415784574,14319.915357739286,4856.1977108758865,1.0,,15
2011-11-23,NLC,PLAN,131,37.26,122250.46127189713,14486.231271897133,183.3756919078457,14302.855579989287,4890.018450875886,1.0,,15
2011-11-25,GNCIQ,PLAN,178,27.35,121943.30903189712,9629.139031897135,182.9149635478457,9446.22406834929,4877.732361275885,1.0,,15
2011-11-28,CTRA,PLAN,55,80.01999999999998,124352.33901189714,4624.119011897136,186.52850851784572,4437.590503379291,4974.093560475886,0.8921405376530017,,15
2011-12-23,MMI1,PLAN,130,38.76,126608.22192804712,5363.551928047136,189.91233289207068,5173.639595155066,5064.328877121885,1.0,,15
2012-01-31,DG,PLAN,120,42.61,128626.75590252415,12601.615902524145,192.94013385378622,12408.675768670359,5145.070236100966,1.0,,15
2012-02-22,URI,PLAN,127,41.15,131452.59110252414,7482.381102524145,197.1788866537862,7285.2022158703585,5258.1036441009655,1.0,,15
2012-03-01,PAA,PLAN,25,84.15999999999998,135891.38172252418,2345.4117225241457,203.83707258378627,2141.5746499403594,5435.655268900968,0.3939864733867428,,15
2012-04-10,PIRRQ,PLAN,302,17.75,134445.40882252413,20658.41882252415,201.6681132337862,20456.75070929036,5377.816352900965,1.0,,15
2012-04-11,VAL1,PLAN,110,49.03,135838.99688252414,15226.051882524149,203.7584953237862,15022.293387200363,5433.559875300965,1.0,,15
2012-05-07,HD,PLAN,108,51.39,139734.18368252413,9855.653682524147,209.6012755237862,9646.052407000361,5589.367347300966,1.0,,15
2012-05-08,EC,PLAN,64,63.85,138419.99192252412,4318.361922524148,207.62998788378619,4110.731934640362,5536.799676900965,0.7424382629897139,,15
2012-05-09,REGN,Q0_SKIP,0,129.4,137903.32155252417,328.3415525241494,206.85498232878626,121.48657019536313,5516.132862100967,0.022023865855379653,CASH_SCARCITY,15
2012-05-09,EQIX,Q0_SKIP,0,158.99,137903.32155252417,328.3415525241494,206.85498232878626,121.48657019536313,5516.132862100967,0.022023865855379653,CASH_SCARCITY,15
2012-05-09,CPWM,PLAN,5,21.93,137903.32155252417,328.3415525241494,206.85498232878626,121.48657019536313,5516.132862100967,0.022023865855379653,,15
2012-06-08,SHW,PLAN,42,131.42,138202.93691252416,14760.446912524149,207.30440536878626,14553.142507155362,5528.117476500966,1.0,,15
2012-07-16,PCYC,PLAN,104,53.29,139123.47413781012,9344.40413781015,208.68521120671517,9135.718926603435,5564.938965512405,1.0,,15
2012-07-17,HAIN,PLAN,62,57.41,139969.09157781018,3798.3715778101505,209.95363736671527,3588.4179404434353,5598.763663112407,0.6409304189933602,,15
2012-07-18,SRE,Q0_SKIP,0,70.26,140105.28339781016,236.6333978101511,210.15792509671525,26.475472713435863,5604.211335912406,0.00472421026376684,CASH_SCARCITY,15
2012-07-18,ROST,Q0_SKIP,0,69.23,140105.28339781016,236.6333978101511,210.15792509671525,26.475472713435863,5604.211335912406,0.00472421026376684,CASH_SCARCITY,15
2012-07-18,CCI,Q0_SKIP,0,58.82,140105.28339781016,236.6333978101511,210.15792509671525,26.475472713435863,5604.211335912406,0.00472421026376684,CASH_SCARCITY,15
2012-07-18,PSS,PLAN,1,21.52,140105.28339781016,236.6333978101511,210.15792509671525,26.475472713435863,5604.211335912406,0.00472421026376684,,15
2012-08-14,SBAC,PLAN,90,60.62,136791.91852169813,17566.58852169815,205.1878777825472,17361.400643915604,5471.676740867925,1.0,,15
2012-08-24,ELLI,PLAN,216,25.64,138644.34914007725,12128.01914007727,207.96652371011587,11920.052616367153,5545.77396560309,1.0,,15
2012-09-07,DK,PLAN,214,26.2,140315.41474007728,6885.71474007727,210.47312211011592,6675.2416179671545,5612.616589603092,1.0,,15
2012-09-12,NSM,PLAN,35,27.95,140103.3837400773,1209.0437400772707,210.15507561011594,998.8886644671547,5604.1353496030915,0.17824135252870013,,15
2012-11-21,VMED,PLAN,162,33.72,136996.49863052007,15427.478630520114,205.49474794578012,15221.983882574334,5479.859945220803,1.0,,15
2012-11-23,MPC,PLAN,93,58.98,138229.9287305201,9922.078730520114,207.34489309578015,9714.733837424334,5529.197149220804,1.0,,15
2012-12-10,WHR,PLAN,43,99.66,136676.59498052008,4566.274980520115,205.01489247078013,4361.260088049335,5467.063799220803,0.7977335272127108,,15
2012-12-14,BAX,PLAN,1,65.95,136200.12068052014,302.5506805201147,204.3001810207802,98.25049949933452,5448.004827220806,0.01803421667477764,,15
2013-02-11,CPAY,PLAN,89,66.15,148480.1019005201,12017.201900520113,222.72015285078015,11794.481747669333,5939.204076020804,1.0,,15
2013-03-01,CVI,PLAN,104,57.88,151193.1240805201,6305.514080520114,226.78968612078015,6078.7243943993335,6047.724963220804,1.0,,15
2013-03-05,EV1,Q0_SKIP,0,39.25,154501.60208052013,267.4820805201143,231.7524031207802,35.72967739933412,6180.0640832208055,0.00578144124691879,CASH_SCARCITY,15
2013-03-05,THC,Q0_SKIP,0,40.24,154501.60208052013,267.4820805201143,231.7524031207802,35.72967739933412,6180.0640832208055,0.00578144124691879,CASH_SCARCITY,15
2013-03-05,ALK,Q0_SKIP,0,55.85,154501.60208052013,267.4820805201143,231.7524031207802,35.72967739933412,6180.0640832208055,0.00578144124691879,CASH_SCARCITY,15
2013-03-05,MTZ,PLAN,1,30.42,154501.60208052013,267.4820805201143,231.7524031207802,35.72967739933412,6180.0640832208055,0.00578144124691879,,15
2013-06-21,LGF.B,PLAN,217,28.3,154063.5812805201,12725.393280520115,231.09537192078014,12494.297908599334,6162.543251220804,1.0,,15
2013-07-23,NXST,PLAN,182,35.73,163626.9257705201,17697.975770520112,245.44038865578014,17452.53538186433,6545.077030820804,1.0,,15
2013-07-24,CBOE,PLAN,131,49.67,163354.2938305201,11199.543830520113,245.03144074578015,10954.512389774332,6534.171753220804,1.0,,15
2013-08-01,TW2,PLAN,51,86.29999999999998,169198.1643305201,4737.934330520114,253.79724649578017,4484.1370840243335,6767.926573220805,0.6625569937131228,,15
2013-10-23,QIHU,PLAN,71,87.56,176512.89001703254,6522.990017032542,264.7693350255488,6258.220682006993,7060.515600681301,0.8863687917357068,,15
2014-04-10,GLOG,PLAN,287,24.9,179049.19358650025,25069.74358650021,268.5737903797504,24801.169796120463,7161.96774346001,1.0,,15
2014-04-28,HP,PLAN,68,107.03,182624.57927650024,26957.67927650021,273.9368689147504,26683.74240758546,7304.98317106001,1.0,,15
2014-05-08,TRGP,PLAN,66,109.32,181077.52721650022,26340.91721650021,271.61629082475037,26069.30092567546,7243.101088660009,1.0,,15
2014-05-09,CAR,PLAN,140,51.87,182077.8311365002,19147.651136500208,273.1167467047503,18874.53438979546,7283.113245460008,1.0,,15
2014-05-14,CNQ,PLAN,180,40.74,183618.37560037582,11867.83613650021,275.4275634005637,11592.408573099645,7344.735024015033,1.0,,15
2014-06-09,EXC,PLAN,121,37.08,189837.9596003758,4793.9096003758195,284.7569394005637,4509.1526609752555,7593.518384015032,0.5938159931853705,,15
2014-07-24,NFX1,PLAN,1,44.98,193501.29575037584,365.92575037581986,290.25194362556374,75.67380675025612,7740.051830015033,0.009776912146350465,,15
2014-10-30,MDVN,PLAN,77,102.74,199783.09498946526,24880.116989465263,299.6746424841979,24580.442346981064,7991.32379957861,1.0,,15
2014-11-11,CNQR,PLAN,63,128.45,203054.89849946523,16883.968499465263,304.5823477491978,16579.386151716066,8122.195939978609,1.0,,15
2014-11-12,WOOF1,PLAN,175,46.2,202531.54319244938,8791.093709465264,303.79731478867404,8487.29639467659,8101.261727697975,1.0,,15
2014-11-13,PANW,PLAN,3,109.6,202721.3799424494,725.3349424493754,304.0820699136741,421.2528725357013,8108.855197697976,0.05194973424303973,,15
2014-11-14,CENX,PLAN,3,27.53,201570.05468050338,395.6896805033755,302.3550820207551,93.33459848262038,8062.802187220135,0.01157595043452256,,15
2014-12-30,LOW,PLAN,121,68.55,208092.09979050333,19563.069790503378,312.138149685755,19250.931640817624,8323.683991620133,1.0,,15
2015-01-02,CBRL,PLAN,59,138.77,207093.37725050337,11237.21225050338,310.64006587575506,10926.572184627625,8283.735090020135,1.0,,15
2015-01-21,TPST,PLAN,61,47.45,204703.70591050337,3236.9959105033818,307.0555588657551,2929.940351637627,8188.148236420135,0.3578269795612053,,15
2015-02-17,KR,Q0_SKIP,0,73.25,213999.07853050344,365.4635305033821,320.99861779575514,44.46491270762698,8559.963141220138,0.00519452151534486,CASH_SCARCITY,15
2015-02-17,CEMP,PLAN,1,28.28,213999.07853050344,365.4635305033821,320.99861779575514,44.46491270762698,8559.963141220138,0.00519452151534486,,15
2015-05-01,COR,PLAN,22,114.61,216309.81750050338,2862.227500503382,324.46472625075506,2537.762774252627,8652.392700020135,0.2933018486605123,,15
2015-08-03,ADPTQ,PLAN,22,113.45,225389.1883627731,2927.0183627730926,338.08378254415965,2588.934580228933,9015.567534510925,0.28716268502439624,,15
2015-08-04,SKX,Q0_SKIP,0,153.9,225503.37090277314,407.04090277309297,338.2550563541597,68.78584641893326,9020.134836110925,0.007625811328624286,CASH_SCARCITY,15
2015-08-04,ANAC1,Q0_SKIP,0,152.25,225503.37090277314,407.04090277309297,338.2550563541597,68.78584641893326,9020.134836110925,0.007625811328624286,CASH_SCARCITY,15
2015-08-04,HZNP,PLAN,1,35.0,225503.37090277314,407.04090277309297,338.2550563541597,68.78584641893326,9020.134836110925,0.007625811328624286,,15
2015-09-22,SKX,PLAN,51,141.43,210638.91899976225,7619.408999762231,315.9583784996434,7303.450621262588,8425.55675999049,0.8668211287761631,,15
2015-10-26,AIZ,PLAN,103,82.04,212901.12937922127,15807.529379221229,319.35169406883193,15488.177685152397,8516.04517516885,1.0,,15
2015-10-27,UHAL,PLAN,17,401.21,211798.27899922125,7408.758999221232,317.6974184988319,7091.0615807224,8471.93115996885,0.8370065156134334,,15
2015-10-28,ACGL,PLAN,3,77.65,214077.23434922122,577.2843492212332,321.11585152383185,256.1684976974014,8563.089373968849,0.029915429643433883,,15
2015-10-29,CVC,Q0_SKIP,0,32.59,216426.88975820024,342.47975820023333,324.6403346373004,17.83942356293295,8657.07559032801,0.00206067549911009,CASH_SCARCITY,15
2015-10-29,ATVI,Q0_SKIP,0,34.99,216426.88975820024,342.47975820023333,324.6403346373004,17.83942356293295,8657.07559032801,0.00206067549911009,CASH_SCARCITY,15
2015-10-29,AF,PLAN,1,16.53,216426.88975820024,342.47975820023333,324.6403346373004,17.83942356293295,8657.07559032801,0.00206067549911009,,15
2015-10-30,TYL,Q0_SKIP,0,170.36,215659.50406820024,326.77406820023333,323.4892561023004,3.2848120979329565,8626.38016272801,0.0003807868463907538,CASH_SCARCITY,15
2015-10-30,ATVI,Q0_SKIP,0,34.76,215659.50406820024,326.77406820023333,323.4892561023004,3.2848120979329565,8626.38016272801,0.0003807868463907538,CASH_SCARCITY,15
2015-10-30,AAP,Q0_SKIP,0,198.43,215659.50406820024,326.77406820023333,323.4892561023004,3.2848120979329565,8626.38016272801,0.0003807868463907538,CASH_SCARCITY,15
2015-10-30,EEFT,Q0_SKIP,0,80.23999999999998,215659.50406820024,326.77406820023333,323.4892561023004,3.2848120979329565,8626.38016272801,0.0003807868463907538,CASH_SCARCITY,15
2015-10-30,RCL,Q0_SKIP,0,98.35,215659.50406820024,326.77406820023333,323.4892561023004,3.2848120979329565,8626.38016272801,0.0003807868463907538,CASH_SCARCITY,15
2015-10-30,IPCM,Q0_SKIP,0,78.5,215659.50406820024,326.77406820023333,323.4892561023004,3.2848120979329565,8626.38016272801,0.0003807868463907538,CASH_SCARCITY,15
2015-10-30,CASY,Q0_SKIP,0,106.22,215659.50406820024,326.77406820023333,323.4892561023004,3.2848120979329565,8626.38016272801,0.0003807868463907538,CASH_SCARCITY,15
2015-10-30,NVR,Q0_SKIP,0,1637.76,215659.50406820024,326.77406820023333,323.4892561023004,3.2848120979329565,8626.38016272801,0.0003807868463907538,CASH_SCARCITY,15
2015-10-30,DY,Q0_SKIP,0,76.09,215659.50406820024,326.77406820023333,323.4892561023004,3.2848120979329565,8626.38016272801,0.0003807868463907538,CASH_SCARCITY,15
2015-10-30,NKE,Q0_SKIP,0,131.03,215659.50406820024,326.77406820023333,323.4892561023004,3.2848120979329565,8626.38016272801,0.0003807868463907538,CASH_SCARCITY,15
2015-10-30,RAI,Q0_SKIP,0,48.32,215659.50406820024,326.77406820023333,323.4892561023004,3.2848120979329565,8626.38016272801,0.0003807868463907538,CASH_SCARCITY,15
2015-10-30,EXEL,Q0_SKIP,0,6.02,215659.50406820024,326.77406820023333,323.4892561023004,3.2848120979329565,8626.38016272801,0.0003807868463907538,CASH_SCARCITY,15
2015-10-30,CUBE,Q0_SKIP,0,27.82,215659.50406820024,326.77406820023333,323.4892561023004,3.2848120979329565,8626.38016272801,0.0003807868463907538,CASH_SCARCITY,15
2015-10-30,TE1,Q0_SKIP,0,27.0,215659.50406820024,326.77406820023333,323.4892561023004,3.2848120979329565,8626.38016272801,0.0003807868463907538,CASH_SCARCITY,15
2015-10-30,SFG,Q0_SKIP,0,114.72,215659.50406820024,326.77406820023333,323.4892561023004,3.2848120979329565,8626.38016272801,0.0003807868463907538,CASH_SCARCITY,15
2015-10-30,SSNC,Q0_SKIP,0,74.15,215659.50406820024,326.77406820023333,323.4892561023004,3.2848120979329565,8626.38016272801,0.0003807868463907538,CASH_SCARCITY,15
2015-10-30,PBY1,Q0_SKIP,0,15.04,215659.50406820024,326.77406820023333,323.4892561023004,3.2848120979329565,8626.38016272801,0.0003807868463907538,CASH_SCARCITY,15
2015-10-30,BYD,Q0_SKIP,0,19.99,215659.50406820024,326.77406820023333,323.4892561023004,3.2848120979329565,8626.38016272801,0.0003807868463907538,CASH_SCARCITY,15
2015-10-30,CYT1,Q0_SKIP,0,74.42,215659.50406820024,326.77406820023333,323.4892561023004,3.2848120979329565,8626.38016272801,0.0003807868463907538,CASH_SCARCITY,15
2015-10-30,RARE,Q0_SKIP,0,99.35,215659.50406820024,326.77406820023333,323.4892561023004,3.2848120979329565,8626.38016272801,0.0003807868463907538,CASH_SCARCITY,15
2015-10-30,PGR,Q0_SKIP,0,33.13,215659.50406820024,326.77406820023333,323.4892561023004,3.2848120979329565,8626.38016272801,0.0003807868463907538,CASH_SCARCITY,15
2015-10-30,AMZN,Q0_SKIP,0,625.9,215659.50406820024,326.77406820023333,323.4892561023004,3.2848120979329565,8626.38016272801,0.0003807868463907538,CASH_SCARCITY,15
2015-10-30,BEE,Q0_SKIP,0,14.1,215659.50406820024,326.77406820023333,323.4892561023004,3.2848120979329565,8626.38016272801,0.0003807868463907538,CASH_SCARCITY,15
2015-10-30,HPY,Q0_SKIP,0,74.0,215659.50406820024,326.77406820023333,323.4892561023004,3.2848120979329565,8626.38016272801,0.0003807868463907538,CASH_SCARCITY,15
2015-10-30,IMPV,Q0_SKIP,0,70.62,215659.50406820024,326.77406820023333,323.4892561023004,3.2848120979329565,8626.38016272801,0.0003807868463907538,CASH_SCARCITY,15
2015-10-30,EXR,Q0_SKIP,0,79.23999999999998,215659.50406820024,326.77406820023333,323.4892561023004,3.2848120979329565,8626.38016272801,0.0003807868463907538,CASH_SCARCITY,15
2015-10-30,SGI,Q0_SKIP,0,77.84,215659.50406820024,326.77406820023333,323.4892561023004,3.2848120979329565,8626.38016272801,0.0003807868463907538,CASH_SCARCITY,15
2015-10-30,CORE,Q0_SKIP,0,81.29,215659.50406820024,326.77406820023333,323.4892561023004,3.2848120979329565,8626.38016272801,0.0003807868463907538,CASH_SCARCITY,15
2015-10-30,HRTX,Q0_SKIP,0,27.42,215659.50406820024,326.77406820023333,323.4892561023004,3.2848120979329565,8626.38016272801,0.0003807868463907538,CASH_SCARCITY,15
2015-10-30,RDY,Q0_SKIP,0,64.79,215659.50406820024,326.77406820023333,323.4892561023004,3.2848120979329565,8626.38016272801,0.0003807868463907538,CASH_SCARCITY,15
2015-10-30,LGF.B,Q0_SKIP,0,38.97,215659.50406820024,326.77406820023333,323.4892561023004,3.2848120979329565,8626.38016272801,0.0003807868463907538,CASH_SCARCITY,15
2015-10-30,HRL,Q0_SKIP,0,67.55,215659.50406820024,326.77406820023333,323.4892561023004,3.2848120979329565,8626.38016272801,0.0003807868463907538,CASH_SCARCITY,15
2015-10-30,GPN,Q0_SKIP,0,136.41,215659.50406820024,326.77406820023333,323.4892561023004,3.2848120979329565,8626.38016272801,0.0003807868463907538,CASH_SCARCITY,15
2015-10-30,TREE,Q0_SKIP,0,121.36,215659.50406820024,326.77406820023333,323.4892561023004,3.2848120979329565,8626.38016272801,0.0003807868463907538,CASH_SCARCITY,15
2015-10-30,TWC,Q0_SKIP,0,189.4,215659.50406820024,326.77406820023333,323.4892561023004,3.2848120979329565,8626.38016272801,0.0003807868463907538,CASH_SCARCITY,15
2015-10-30,EW,Q0_SKIP,0,157.15,215659.50406820024,326.77406820023333,323.4892561023004,3.2848120979329565,8626.38016272801,0.0003807868463907538,CASH_SCARCITY,15
2015-10-30,WP,Q0_SKIP,0,50.15,215659.50406820024,326.77406820023333,323.4892561023004,3.2848120979329565,8626.38016272801,0.0003807868463907538,CASH_SCARCITY,15
2015-10-30,PSA,Q0_SKIP,0,229.46,215659.50406820024,326.77406820023333,323.4892561023004,3.2848120979329565,8626.38016272801,0.0003807868463907538,CASH_SCARCITY,15
2015-10-30,ELS,Q0_SKIP,0,60.48,215659.50406820024,326.77406820023333,323.4892561023004,3.2848120979329565,8626.38016272801,0.0003807868463907538,CASH_SCARCITY,15
2015-10-30,NFLX,Q0_SKIP,0,108.38,215659.50406820024,326.77406820023333,323.4892561023004,3.2848120979329565,8626.38016272801,0.0003807868463907538,CASH_SCARCITY,15
2015-10-30,HRB,Q0_SKIP,0,37.26,215659.50406820024,326.77406820023333,323.4892561023004,3.2848120979329565,8626.38016272801,0.0003807868463907538,CASH_SCARCITY,15
2015-10-30,TSS,Q0_SKIP,0,52.45,215659.50406820024,326.77406820023333,323.4892561023004,3.2848120979329565,8626.38016272801,0.0003807868463907538,CASH_SCARCITY,15
2015-10-30,ALTR1,Q0_SKIP,0,52.55,215659.50406820024,326.77406820023333,323.4892561023004,3.2848120979329565,8626.38016272801,0.0003807868463907538,CASH_SCARCITY,15
2015-10-30,MANH,Q0_SKIP,0,72.84999999999998,215659.50406820024,326.77406820023333,323.4892561023004,3.2848120979329565,8626.38016272801,0.0003807868463907538,CASH_SCARCITY,15
2015-10-30,SBUX,Q0_SKIP,0,62.57,215659.50406820024,326.77406820023333,323.4892561023004,3.2848120979329565,8626.38016272801,0.0003807868463907538,CASH_SCARCITY,15
2015-10-30,CB1,Q0_SKIP,0,129.35,215659.50406820024,326.77406820023333,323.4892561023004,3.2848120979329565,8626.38016272801,0.0003807868463907538,CASH_SCARCITY,15
2015-10-30,VA,Q0_SKIP,0,35.61,215659.50406820024,326.77406820023333,323.4892561023004,3.2848120979329565,8626.38016272801,0.0003807868463907538,CASH_SCARCITY,15
2015-10-30,HLF,Q0_SKIP,0,56.04,215659.50406820024,326.77406820023333,323.4892561023004,3.2848120979329565,8626.38016272801,0.0003807868463907538,CASH_SCARCITY,15
2015-10-30,VRSN,Q0_SKIP,0,80.59999999999998,215659.50406820024,326.77406820023333,323.4892561023004,3.2848120979329565,8626.38016272801,0.0003807868463907538,CASH_SCARCITY,15
2015-10-30,NCLH,Q0_SKIP,0,63.62,215659.50406820024,326.77406820023333,323.4892561023004,3.2848120979329565,8626.38016272801,0.0003807868463907538,CASH_SCARCITY,15
2015-10-30,MSI,Q0_SKIP,0,69.97,215659.50406820024,326.77406820023333,323.4892561023004,3.2848120979329565,8626.38016272801,0.0003807868463907538,CASH_SCARCITY,15
2015-10-30,META,Q0_SKIP,0,101.97,215659.50406820024,326.77406820023333,323.4892561023004,3.2848120979329565,8626.38016272801,0.0003807868463907538,CASH_SCARCITY,15
2015-10-30,IBKR,Q0_SKIP,0,41.14,215659.50406820024,326.77406820023333,323.4892561023004,3.2848120979329565,8626.38016272801,0.0003807868463907538,CASH_SCARCITY,15
2015-10-30,ITCI,Q0_SKIP,0,47.85,215659.50406820024,326.77406820023333,323.4892561023004,3.2848120979329565,8626.38016272801,0.0003807868463907538,CASH_SCARCITY,15
2015-10-30,ATHN1,Q0_SKIP,0,152.45,215659.50406820024,326.77406820023333,323.4892561023004,3.2848120979329565,8626.38016272801,0.0003807868463907538,CASH_SCARCITY,15
2015-10-30,EXPE,Q0_SKIP,0,136.3,215659.50406820024,326.77406820023333,323.4892561023004,3.2848120979329565,8626.38016272801,0.0003807868463907538,CASH_SCARCITY,15
2015-10-30,FISV,Q0_SKIP,0,96.51,215659.50406820024,326.77406820023333,323.4892561023004,3.2848120979329565,8626.38016272801,0.0003807868463907538,CASH_SCARCITY,15
2015-10-30,EA,Q0_SKIP,0,72.06999999999998,215659.50406820024,326.77406820023333,323.4892561023004,3.2848120979329565,8626.38016272801,0.0003807868463907538,CASH_SCARCITY,15
2015-10-30,FLO,Q0_SKIP,0,27.0,215659.50406820024,326.77406820023333,323.4892561023004,3.2848120979329565,8626.38016272801,0.0003807868463907538,CASH_SCARCITY,15
2015-10-30,GAS,Q0_SKIP,0,62.5,215659.50406820024,326.77406820023333,323.4892561023004,3.2848120979329565,8626.38016272801,0.0003807868463907538,CASH_SCARCITY,15
2015-10-30,HIG,Q0_SKIP,0,46.26,215659.50406820024,326.77406820023333,323.4892561023004,3.2848120979329565,8626.38016272801,0.0003807868463907538,CASH_SCARCITY,15
2015-10-30,POST,Q0_SKIP,0,64.27,215659.50406820024,326.77406820023333,323.4892561023004,3.2848120979329565,8626.38016272801,0.0003807868463907538,CASH_SCARCITY,15
2015-10-30,GOOGL,Q0_SKIP,0,737.39,215659.50406820024,326.77406820023333,323.4892561023004,3.2848120979329565,8626.38016272801,0.0003807868463907538,CASH_SCARCITY,15
2015-10-30,TTWO,Q0_SKIP,0,33.2,215659.50406820024,326.77406820023333,323.4892561023004,3.2848120979329565,8626.38016272801,0.0003807868463907538,CASH_SCARCITY,15
2015-10-30,EPAM,Q0_SKIP,0,77.34999999999998,215659.50406820024,326.77406820023333,323.4892561023004,3.2848120979329565,8626.38016272801,0.0003807868463907538,CASH_SCARCITY,15
2015-10-30,TAP,Q0_SKIP,0,88.09999999999998,215659.50406820024,326.77406820023333,323.4892561023004,3.2848120979329565,8626.38016272801,0.0003807868463907538,CASH_SCARCITY,15
2015-10-30,ADBE,Q0_SKIP,0,88.65999999999998,215659.50406820024,326.77406820023333,323.4892561023004,3.2848120979329565,8626.38016272801,0.0003807868463907538,CASH_SCARCITY,15
2015-10-30,CCL,Q0_SKIP,0,54.08,215659.50406820024,326.77406820023333,323.4892561023004,3.2848120979329565,8626.38016272801,0.0003807868463907538,CASH_SCARCITY,15
2015-10-30,OZK,Q0_SKIP,0,50.02,215659.50406820024,326.77406820023333,323.4892561023004,3.2848120979329565,8626.38016272801,0.0003807868463907538,CASH_SCARCITY,15
2015-10-30,MKTX,Q0_SKIP,0,101.31,215659.50406820024,326.77406820023333,323.4892561023004,3.2848120979329565,8626.38016272801,0.0003807868463907538,CASH_SCARCITY,15
2015-10-30,GOOG,Q0_SKIP,0,710.81,215659.50406820024,326.77406820023333,323.4892561023004,3.2848120979329565,8626.38016272801,0.0003807868463907538,CASH_SCARCITY,15
2015-10-30,TECD,Q0_SKIP,0,72.79,215659.50406820024,326.77406820023333,323.4892561023004,3.2848120979329565,8626.38016272801,0.0003807868463907538,CASH_SCARCITY,15
2015-10-30,ANDV,Q0_SKIP,0,106.93,215659.50406820024,326.77406820023333,323.4892561023004,3.2848120979329565,8626.38016272801,0.0003807868463907538,CASH_SCARCITY,15
2015-10-30,FTK,Q0_SKIP,0,18.1,215659.50406820024,326.77406820023333,323.4892561023004,3.2848120979329565,8626.38016272801,0.0003807868463907538,CASH_SCARCITY,15
2015-10-30,PTLA,Q0_SKIP,0,47.61,215659.50406820024,326.77406820023333,323.4892561023004,3.2848120979329565,8626.38016272801,0.0003807868463907538,CASH_SCARCITY,15
2015-10-30,PFPT,Q0_SKIP,0,70.44,215659.50406820024,326.77406820023333,323.4892561023004,3.2848120979329565,8626.38016272801,0.0003807868463907538,CASH_SCARCITY,15
2015-10-30,BRCM,Q0_SKIP,0,51.4,215659.50406820024,326.77406820023333,323.4892561023004,3.2848120979329565,8626.38016272801,0.0003807868463907538,CASH_SCARCITY,15
2015-10-30,DMND,Q0_SKIP,0,39.62,215659.50406820024,326.77406820023333,323.4892561023004,3.2848120979329565,8626.38016272801,0.0003807868463907538,CASH_SCARCITY,15
2015-10-30,W,Q0_SKIP,0,42.27,215659.50406820024,326.77406820023333,323.4892561023004,3.2848120979329565,8626.38016272801,0.0003807868463907538,CASH_SCARCITY,15
2015-10-30,PBF,Q0_SKIP,0,34.0,215659.50406820024,326.77406820023333,323.4892561023004,3.2848120979329565,8626.38016272801,0.0003807868463907538,CASH_SCARCITY,15
2015-10-30,COTY,Q0_SKIP,0,28.95,215659.50406820024,326.77406820023333,323.4892561023004,3.2848120979329565,8626.38016272801,0.0003807868463907538,CASH_SCARCITY,15
2015-10-30,SGEN,Q0_SKIP,0,41.49,215659.50406820024,326.77406820023333,323.4892561023004,3.2848120979329565,8626.38016272801,0.0003807868463907538,CASH_SCARCITY,15
2015-10-30,NBIX,Q0_SKIP,0,49.09,215659.50406820024,326.77406820023333,323.4892561023004,3.2848120979329565,8626.38016272801,0.0003807868463907538,CASH_SCARCITY,15
2015-10-30,CLVSQ,Q0_SKIP,0,99.91,215659.50406820024,326.77406820023333,323.4892561023004,3.2848120979329565,8626.38016272801,0.0003807868463907538,CASH_SCARCITY,15
2015-10-30,CAM2,Q0_SKIP,0,68.01,215659.50406820024,326.77406820023333,323.4892561023004,3.2848120979329565,8626.38016272801,0.0003807868463907538,CASH_SCARCITY,15
2015-11-02,TYL,Q0_SKIP,0,172.22,217587.49406820023,326.77406820023333,326.38124110230035,0.39282709793297954,8703.49976272801,4.5134383712541455e-05,CASH_SCARCITY,15
2015-11-02,ATVI,Q0_SKIP,0,34.57,217587.49406820023,326.77406820023333,326.38124110230035,0.39282709793297954,8703.49976272801,4.5134383712541455e-05,CASH_SCARCITY,15
2015-11-02,RCL,Q0_SKIP,0,98.37,217587.49406820023,326.77406820023333,326.38124110230035,0.39282709793297954,8703.49976272801,4.5134383712541455e-05,CASH_SCARCITY,15
2015-11-02,AAP,Q0_SKIP,0,200.38,217587.49406820023,326.77406820023333,326.38124110230035,0.39282709793297954,8703.49976272801,4.5134383712541455e-05,CASH_SCARCITY,15
2015-11-02,NVR,Q0_SKIP,0,1649.9,217587.49406820023,326.77406820023333,326.38124110230035,0.39282709793297954,8703.49976272801,4.5134383712541455e-05,CASH_SCARCITY,15
2015-11-02,CASY,Q0_SKIP,0,109.29,217587.49406820023,326.77406820023333,326.38124110230035,0.39282709793297954,8703.49976272801,4.5134383712541455e-05,CASH_SCARCITY,15
2015-11-02,EEFT,Q0_SKIP,0,80.89,217587.49406820023,326.77406820023333,326.38124110230035,0.39282709793297954,8703.49976272801,4.5134383712541455e-05,CASH_SCARCITY,15
2015-11-02,CUBE,Q0_SKIP,0,28.42,217587.49406820023,326.77406820023333,326.38124110230035,0.39282709793297954,8703.49976272801,4.5134383712541455e-05,CASH_SCARCITY,15
2015-11-02,RAI,Q0_SKIP,0,47.9,217587.49406820023,326.77406820023333,326.38124110230035,0.39282709793297954,8703.49976272801,4.5134383712541455e-05,CASH_SCARCITY,15
2015-11-02,DY,Q0_SKIP,0,80.18,217587.49406820023,326.77406820023333,326.38124110230035,0.39282709793297954,8703.49976272801,4.5134383712541455e-05,CASH_SCARCITY,15
2015-11-02,NKE,Q0_SKIP,0,131.19,217587.49406820023,326.77406820023333,326.38124110230035,0.39282709793297954,8703.49976272801,4.5134383712541455e-05,CASH_SCARCITY,15
2015-11-02,EW,Q0_SKIP,0,157.52,217587.49406820023,326.77406820023333,326.38124110230035,0.39282709793297954,8703.49976272801,4.5134383712541455e-05,CASH_SCARCITY,15
2015-11-02,EXEL,Q0_SKIP,0,6.15,217587.49406820023,326.77406820023333,326.38124110230035,0.39282709793297954,8703.49976272801,4.5134383712541455e-05,CASH_SCARCITY,15
2015-11-02,IMPV,Q0_SKIP,0,73.58,217587.49406820023,326.77406820023333,326.38124110230035,0.39282709793297954,8703.49976272801,4.5134383712541455e-05,CASH_SCARCITY,15
2015-11-02,BYD,Q0_SKIP,0,20.41,217587.49406820023,326.77406820023333,326.38124110230035,0.39282709793297954,8703.49976272801,4.5134383712541455e-05,CASH_SCARCITY,15
2015-11-02,TE1,Q0_SKIP,0,27.05,217587.49406820023,326.77406820023333,326.38124110230035,0.39282709793297954,8703.49976272801,4.5134383712541455e-05,CASH_SCARCITY,15
2015-11-02,BEE,Q0_SKIP,0,14.13,217587.49406820023,326.77406820023333,326.38124110230035,0.39282709793297954,8703.49976272801,4.5134383712541455e-05,CASH_SCARCITY,15
2015-11-02,SSNC,Q0_SKIP,0,74.45,217587.49406820023,326.77406820023333,326.38124110230035,0.39282709793297954,8703.49976272801,4.5134383712541455e-05,CASH_SCARCITY,15
2015-11-02,VRSN,Q0_SKIP,0,81.72,217587.49406820023,326.77406820023333,326.38124110230035,0.39282709793297954,8703.49976272801,4.5134383712541455e-05,CASH_SCARCITY,15
2015-11-02,HPY,Q0_SKIP,0,73.2,217587.49406820023,326.77406820023333,326.38124110230035,0.39282709793297954,8703.49976272801,4.5134383712541455e-05,CASH_SCARCITY,15
2015-11-02,LGF.B,Q0_SKIP,0,39.11,217587.49406820023,326.77406820023333,326.38124110230035,0.39282709793297954,8703.49976272801,4.5134383712541455e-05,CASH_SCARCITY,15
2015-11-02,AMZN,Q0_SKIP,0,628.35,217587.49406820023,326.77406820023333,326.38124110230035,0.39282709793297954,8703.49976272801,4.5134383712541455e-05,CASH_SCARCITY,15
2015-11-02,PBY1,Q0_SKIP,0,15.01,217587.49406820023,326.77406820023333,326.38124110230035,0.39282709793297954,8703.49976272801,4.5134383712541455e-05,CASH_SCARCITY,15
2015-11-02,EXR,Q0_SKIP,0,80.47,217587.49406820023,326.77406820023333,326.38124110230035,0.39282709793297954,8703.49976272801,4.5134383712541455e-05,CASH_SCARCITY,15
2015-11-02,PGR,Q0_SKIP,0,33.63,217587.49406820023,326.77406820023333,326.38124110230035,0.39282709793297954,8703.49976272801,4.5134383712541455e-05,CASH_SCARCITY,15
2015-11-02,LNCE,Q0_SKIP,0,36.86,217587.49406820023,326.77406820023333,326.38124110230035,0.39282709793297954,8703.49976272801,4.5134383712541455e-05,CASH_SCARCITY,15
2015-11-02,HRTX,Q0_SKIP,0,29.86,217587.49406820023,326.77406820023333,326.38124110230035,0.39282709793297954,8703.49976272801,4.5134383712541455e-05,CASH_SCARCITY,15
2015-11-02,TWC,Q0_SKIP,0,187.41,217587.49406820023,326.77406820023333,326.38124110230035,0.39282709793297954,8703.49976272801,4.5134383712541455e-05,CASH_SCARCITY,15
2015-11-02,SFG,Q0_SKIP,0,114.9,217587.49406820023,326.77406820023333,326.38124110230035,0.39282709793297954,8703.49976272801,4.5134383712541455e-05,CASH_SCARCITY,15
2015-11-02,PSA,Q0_SKIP,0,235.26,217587.49406820023,326.77406820023333,326.38124110230035,0.39282709793297954,8703.49976272801,4.5134383712541455e-05,CASH_SCARCITY,15
2015-11-02,RARE,Q0_SKIP,0,109.63,217587.49406820023,326.77406820023333,326.38124110230035,0.39282709793297954,8703.49976272801,4.5134383712541455e-05,CASH_SCARCITY,15
2015-11-02,ELS,Q0_SKIP,0,60.96,217587.49406820023,326.77406820023333,326.38124110230035,0.39282709793297954,8703.49976272801,4.5134383712541455e-05,CASH_SCARCITY,15
2015-11-02,CYT1,Q0_SKIP,0,74.42,217587.49406820023,326.77406820023333,326.38124110230035,0.39282709793297954,8703.49976272801,4.5134383712541455e-05,CASH_SCARCITY,15
2015-11-02,CORE,Q0_SKIP,0,80.58,217587.49406820023,326.77406820023333,326.38124110230035,0.39282709793297954,8703.49976272801,4.5134383712541455e-05,CASH_SCARCITY,15
2015-11-02,DXCM,Q0_SKIP,0,86.81,217587.49406820023,326.77406820023333,326.38124110230035,0.39282709793297954,8703.49976272801,4.5134383712541455e-05,CASH_SCARCITY,15
2015-11-02,MSI,Q0_SKIP,0,70.73,217587.49406820023,326.77406820023333,326.38124110230035,0.39282709793297954,8703.49976272801,4.5134383712541455e-05,CASH_SCARCITY,15
2015-11-02,HRL,Q0_SKIP,0,67.52,217587.49406820023,326.77406820023333,326.38124110230035,0.39282709793297954,8703.49976272801,4.5134383712541455e-05,CASH_SCARCITY,15
2015-11-02,RYAAY,Q0_SKIP,0,80.54,217587.49406820023,326.77406820023333,326.38124110230035,0.39282709793297954,8703.49976272801,4.5134383712541455e-05,CASH_SCARCITY,15
2015-11-02,HLF,Q0_SKIP,0,56.91,217587.49406820023,326.77406820023333,326.38124110230035,0.39282709793297954,8703.49976272801,4.5134383712541455e-05,CASH_SCARCITY,15
2015-11-02,SBUX,Q0_SKIP,0,62.24,217587.49406820023,326.77406820023333,326.38124110230035,0.39282709793297954,8703.49976272801,4.5134383712541455e-05,CASH_SCARCITY,15
2015-11-02,SGI,Q0_SKIP,0,78.76,217587.49406820023,326.77406820023333,326.38124110230035,0.39282709793297954,8703.49976272801,4.5134383712541455e-05,CASH_SCARCITY,15
2015-11-02,MANH,Q0_SKIP,0,73.97,217587.49406820023,326.77406820023333,326.38124110230035,0.39282709793297954,8703.49976272801,4.5134383712541455e-05,CASH_SCARCITY,15
2015-11-02,GPN,Q0_SKIP,0,136.23,217587.49406820023,326.77406820023333,326.38124110230035,0.39282709793297954,8703.49976272801,4.5134383712541455e-05,CASH_SCARCITY,15
2015-11-02,WP,Q0_SKIP,0,50.05,217587.49406820023,326.77406820023333,326.38124110230035,0.39282709793297954,8703.49976272801,4.5134383712541455e-05,CASH_SCARCITY,15
2015-11-02,RDY,Q0_SKIP,0,66.05,217587.49406820023,326.77406820023333,326.38124110230035,0.39282709793297954,8703.49976272801,4.5134383712541455e-05,CASH_SCARCITY,15
2015-11-02,ATHN1,Q0_SKIP,0,156.93,217587.49406820023,326.77406820023333,326.38124110230035,0.39282709793297954,8703.49976272801,4.5134383712541455e-05,CASH_SCARCITY,15
2015-11-02,HRB,Q0_SKIP,0,37.4,217587.49406820023,326.77406820023333,326.38124110230035,0.39282709793297954,8703.49976272801,4.5134383712541455e-05,CASH_SCARCITY,15
2015-11-02,TREE,Q0_SKIP,0,115.0,217587.49406820023,326.77406820023333,326.38124110230035,0.39282709793297954,8703.49976272801,4.5134383712541455e-05,CASH_SCARCITY,15
2015-11-02,HAWK1,Q0_SKIP,0,43.81,217587.49406820023,326.77406820023333,326.38124110230035,0.39282709793297954,8703.49976272801,4.5134383712541455e-05,CASH_SCARCITY,15
2015-11-02,NCLH,Q0_SKIP,0,63.76,217587.49406820023,326.77406820023333,326.38124110230035,0.39282709793297954,8703.49976272801,4.5134383712541455e-05,CASH_SCARCITY,15
2015-11-02,COR2,Q0_SKIP,0,57.27,217587.49406820023,326.77406820023333,326.38124110230035,0.39282709793297954,8703.49976272801,4.5134383712541455e-05,CASH_SCARCITY,15
2015-11-02,DHI,Q0_SKIP,0,29.85,217587.49406820023,326.77406820023333,326.38124110230035,0.39282709793297954,8703.49976272801,4.5134383712541455e-05,CASH_SCARCITY,15
2015-11-02,TSS,Q0_SKIP,0,52.74,217587.49406820023,326.77406820023333,326.38124110230035,0.39282709793297954,8703.49976272801,4.5134383712541455e-05,CASH_SCARCITY,15
2015-11-02,HOLX,Q0_SKIP,0,39.59,217587.49406820023,326.77406820023333,326.38124110230035,0.39282709793297954,8703.49976272801,4.5134383712541455e-05,CASH_SCARCITY,15
2015-11-02,MDLZ,Q0_SKIP,0,46.44,217587.49406820023,326.77406820023333,326.38124110230035,0.39282709793297954,8703.49976272801,4.5134383712541455e-05,CASH_SCARCITY,15
2015-11-02,META,Q0_SKIP,0,103.31,217587.49406820023,326.77406820023333,326.38124110230035,0.39282709793297954,8703.49976272801,4.5134383712541455e-05,CASH_SCARCITY,15
2015-11-02,ITCI,Q0_SKIP,0,52.49,217587.49406820023,326.77406820023333,326.38124110230035,0.39282709793297954,8703.49976272801,4.5134383712541455e-05,CASH_SCARCITY,15
2015-11-02,EXPE,Q0_SKIP,0,135.41,217587.49406820023,326.77406820023333,326.38124110230035,0.39282709793297954,8703.49976272801,4.5134383712541455e-05,CASH_SCARCITY,15
2015-11-02,GAS,Q0_SKIP,0,62.74,217587.49406820023,326.77406820023333,326.38124110230035,0.39282709793297954,8703.49976272801,4.5134383712541455e-05,CASH_SCARCITY,15
2015-11-02,FISV,Q0_SKIP,0,96.77,217587.49406820023,326.77406820023333,326.38124110230035,0.39282709793297954,8703.49976272801,4.5134383712541455e-05,CASH_SCARCITY,15
2015-11-02,POST,Q0_SKIP,0,66.41,217587.49406820023,326.77406820023333,326.38124110230035,0.39282709793297954,8703.49976272801,4.5134383712541455e-05,CASH_SCARCITY,15
2015-11-02,CB1,Q0_SKIP,0,129.8,217587.49406820023,326.77406820023333,326.38124110230035,0.39282709793297954,8703.49976272801,4.5134383712541455e-05,CASH_SCARCITY,15
2015-11-02,GOOGL,Q0_SKIP,0,747.74,217587.49406820023,326.77406820023333,326.38124110230035,0.39282709793297954,8703.49976272801,4.5134383712541455e-05,CASH_SCARCITY,15
2015-11-02,TTWO,Q0_SKIP,0,33.65,217587.49406820023,326.77406820023333,326.38124110230035,0.39282709793297954,8703.49976272801,4.5134383712541455e-05,CASH_SCARCITY,15
2015-11-02,PTLA,Q0_SKIP,0,50.0,217587.49406820023,326.77406820023333,326.38124110230035,0.39282709793297954,8703.49976272801,4.5134383712541455e-05,CASH_SCARCITY,15
2015-11-02,NFLX,Q0_SKIP,0,107.64,217587.49406820023,326.77406820023333,326.38124110230035,0.39282709793297954,8703.49976272801,4.5134383712541455e-05,CASH_SCARCITY,15
2015-11-02,EPAM,Q0_SKIP,0,78.11,217587.49406820023,326.77406820023333,326.38124110230035,0.39282709793297954,8703.49976272801,4.5134383712541455e-05,CASH_SCARCITY,15
2015-11-02,FNFG,Q0_SKIP,0,10.54,217587.49406820023,326.77406820023333,326.38124110230035,0.39282709793297954,8703.49976272801,4.5134383712541455e-05,CASH_SCARCITY,15
2015-11-02,CCL,Q0_SKIP,0,53.55,217587.49406820023,326.77406820023333,326.38124110230035,0.39282709793297954,8703.49976272801,4.5134383712541455e-05,CASH_SCARCITY,15
2015-11-02,MKTX,Q0_SKIP,0,99.0,217587.49406820023,326.77406820023333,326.38124110230035,0.39282709793297954,8703.49976272801,4.5134383712541455e-05,CASH_SCARCITY,15
2015-11-02,PFPT,Q0_SKIP,0,70.82,217587.49406820023,326.77406820023333,326.38124110230035,0.39282709793297954,8703.49976272801,4.5134383712541455e-05,CASH_SCARCITY,15
2015-11-02,VA,Q0_SKIP,0,36.86,217587.49406820023,326.77406820023333,326.38124110230035,0.39282709793297954,8703.49976272801,4.5134383712541455e-05,CASH_SCARCITY,15
2015-11-02,TECD,Q0_SKIP,0,73.93,217587.49406820023,326.77406820023333,326.38124110230035,0.39282709793297954,8703.49976272801,4.5134383712541455e-05,CASH_SCARCITY,15
2015-11-02,GOOG,Q0_SKIP,0,721.11,217587.49406820023,326.77406820023333,326.38124110230035,0.39282709793297954,8703.49976272801,4.5134383712541455e-05,CASH_SCARCITY,15
2015-11-02,TAP,Q0_SKIP,0,88.70999999999998,217587.49406820023,326.77406820023333,326.38124110230035,0.39282709793297954,8703.49976272801,4.5134383712541455e-05,CASH_SCARCITY,15
2015-11-02,IPHI,Q0_SKIP,0,29.58,217587.49406820023,326.77406820023333,326.38124110230035,0.39282709793297954,8703.49976272801,4.5134383712541455e-05,CASH_SCARCITY,15
2015-11-02,HNT,Q0_SKIP,0,65.25,217587.49406820023,326.77406820023333,326.38124110230035,0.39282709793297954,8703.49976272801,4.5134383712541455e-05,CASH_SCARCITY,15
2015-11-02,CBM,Q0_SKIP,0,47.29,217587.49406820023,326.77406820023333,326.38124110230035,0.39282709793297954,8703.49976272801,4.5134383712541455e-05,CASH_SCARCITY,15
2015-11-02,FLTX,Q0_SKIP,0,55.37,217587.49406820023,326.77406820023333,326.38124110230035,0.39282709793297954,8703.49976272801,4.5134383712541455e-05,CASH_SCARCITY,15
2015-11-02,ANDV,Q0_SKIP,0,111.35,217587.49406820023,326.77406820023333,326.38124110230035,0.39282709793297954,8703.49976272801,4.5134383712541455e-05,CASH_SCARCITY,15
2015-11-02,DMND,Q0_SKIP,0,40.59,217587.49406820023,326.77406820023333,326.38124110230035,0.39282709793297954,8703.49976272801,4.5134383712541455e-05,CASH_SCARCITY,15
2015-11-02,FTK,Q0_SKIP,0,18.88,217587.49406820023,326.77406820023333,326.38124110230035,0.39282709793297954,8703.49976272801,4.5134383712541455e-05,CASH_SCARCITY,15
2015-11-02,NBIX,Q0_SKIP,0,52.42,217587.49406820023,326.77406820023333,326.38124110230035,0.39282709793297954,8703.49976272801,4.5134383712541455e-05,CASH_SCARCITY,15
2015-11-02,ALDR,Q0_SKIP,0,35.26,217587.49406820023,326.77406820023333,326.38124110230035,0.39282709793297954,8703.49976272801,4.5134383712541455e-05,CASH_SCARCITY,15
2015-11-02,BRCM,Q0_SKIP,0,51.96,217587.49406820023,326.77406820023333,326.38124110230035,0.39282709793297954,8703.49976272801,4.5134383712541455e-05,CASH_SCARCITY,15
2015-11-02,PAYC,Q0_SKIP,0,38.98,217587.49406820023,326.77406820023333,326.38124110230035,0.39282709793297954,8703.49976272801,4.5134383712541455e-05,CASH_SCARCITY,15
2015-11-02,SGEN,Q0_SKIP,0,42.76,217587.49406820023,326.77406820023333,326.38124110230035,0.39282709793297954,8703.49976272801,4.5134383712541455e-05,CASH_SCARCITY,15
2015-11-02,W,Q0_SKIP,0,43.6,217587.49406820023,326.77406820023333,326.38124110230035,0.39282709793297954,8703.49976272801,4.5134383712541455e-05,CASH_SCARCITY,15
2015-11-02,LGND,Q0_SKIP,0,95.07,217587.49406820023,326.77406820023333,326.38124110230035,0.39282709793297954,8703.49976272801,4.5134383712541455e-05,CASH_SCARCITY,15
2015-11-02,CLVSQ,Q0_SKIP,0,106.2,217587.49406820023,326.77406820023333,326.38124110230035,0.39282709793297954,8703.49976272801,4.5134383712541455e-05,CASH_SCARCITY,15
2015-11-02,KITE,Q0_SKIP,0,72.33,217587.49406820023,326.77406820023333,326.38124110230035,0.39282709793297954,8703.49976272801,4.5134383712541455e-05,CASH_SCARCITY,15
2015-11-02,CAM2,Q0_SKIP,0,69.19,217587.49406820023,326.77406820023333,326.38124110230035,0.39282709793297954,8703.49976272801,4.5134383712541455e-05,CASH_SCARCITY,15
2015-11-03,TYL,Q0_SKIP,0,172.21,217530.2040682002,326.77406820023333,326.2953061023003,0.4787620979330427,8701.208162728008,5.502248526633811e-05,CASH_SCARCITY,15
2015-11-03,RCL,Q0_SKIP,0,96.66,217530.2040682002,326.77406820023333,326.2953061023003,0.4787620979330427,8701.208162728008,5.502248526633811e-05,CASH_SCARCITY,15
2015-11-03,ATVI,Q0_SKIP,0,35.82,217530.2040682002,326.77406820023333,326.2953061023003,0.4787620979330427,8701.208162728008,5.502248526633811e-05,CASH_SCARCITY,15
2015-11-03,NVR,Q0_SKIP,0,1646.9,217530.2040682002,326.77406820023333,326.2953061023003,0.4787620979330427,8701.208162728008,5.502248526633811e-05,CASH_SCARCITY,15
2015-11-03,AAP,Q0_SKIP,0,198.7,217530.2040682002,326.77406820023333,326.2953061023003,0.4787620979330427,8701.208162728008,5.502248526633811e-05,CASH_SCARCITY,15
2015-11-03,CASY,Q0_SKIP,0,111.45,217530.2040682002,326.77406820023333,326.2953061023003,0.4787620979330427,8701.208162728008,5.502248526633811e-05,CASH_SCARCITY,15
2015-11-03,DY,Q0_SKIP,0,83.04999999999998,217530.2040682002,326.77406820023333,326.2953061023003,0.4787620979330427,8701.208162728008,5.502248526633811e-05,CASH_SCARCITY,15
2015-11-03,BYD,Q0_SKIP,0,20.65,217530.2040682002,326.77406820023333,326.2953061023003,0.4787620979330427,8701.208162728008,5.502248526633811e-05,CASH_SCARCITY,15
2015-11-03,HPY,Q0_SKIP,0,73.17,217530.2040682002,326.77406820023333,326.2953061023003,0.4787620979330427,8701.208162728008,5.502248526633811e-05,CASH_SCARCITY,15
2015-11-03,EEFT,Q0_SKIP,0,80.68,217530.2040682002,326.77406820023333,326.2953061023003,0.4787620979330427,8701.208162728008,5.502248526633811e-05,CASH_SCARCITY,15
2015-11-03,RAI,Q0_SKIP,0,45.98,217530.2040682002,326.77406820023333,326.2953061023003,0.4787620979330427,8701.208162728008,5.502248526633811e-05,CASH_SCARCITY,15
2015-11-03,RYAAY,Q0_SKIP,0,83.51,217530.2040682002,326.77406820023333,326.2953061023003,0.4787620979330427,8701.208162728008,5.502248526633811e-05,CASH_SCARCITY,15
2015-11-03,NKE,Q0_SKIP,0,131.4,217530.2040682002,326.77406820023333,326.2953061023003,0.4787620979330427,8701.208162728008,5.502248526633811e-05,CASH_SCARCITY,15
2015-11-03,TWC,Q0_SKIP,0,189.31,217530.2040682002,326.77406820023333,326.2953061023003,0.4787620979330427,8701.208162728008,5.502248526633811e-05,CASH_SCARCITY,15
2015-11-03,PGR,Q0_SKIP,0,33.38,217530.2040682002,326.77406820023333,326.2953061023003,0.4787620979330427,8701.208162728008,5.502248526633811e-05,CASH_SCARCITY,15
2015-11-03,LNCE,Q0_SKIP,0,36.75,217530.2040682002,326.77406820023333,326.2953061023003,0.4787620979330427,8701.208162728008,5.502248526633811e-05,CASH_SCARCITY,15
2015-11-03,TE1,Q0_SKIP,0,27.02,217530.2040682002,326.77406820023333,326.2953061023003,0.4787620979330427,8701.208162728008,5.502248526633811e-05,CASH_SCARCITY,15
2015-11-03,HRL,Q0_SKIP,0,67.77,217530.2040682002,326.77406820023333,326.2953061023003,0.4787620979330427,8701.208162728008,5.502248526633811e-05,CASH_SCARCITY,15
2015-11-03,BEE,Q0_SKIP,0,14.11,217530.2040682002,326.77406820023333,326.2953061023003,0.4787620979330427,8701.208162728008,5.502248526633811e-05,CASH_SCARCITY,15
2015-11-03,AMZN,Q0_SKIP,0,625.31,217530.2040682002,326.77406820023333,326.2953061023003,0.4787620979330427,8701.208162728008,5.502248526633811e-05,CASH_SCARCITY,15
2015-11-03,EXR,Q0_SKIP,0,79.15,217530.2040682002,326.77406820023333,326.2953061023003,0.4787620979330427,8701.208162728008,5.502248526633811e-05,CASH_SCARCITY,15
2015-11-03,PSA,Q0_SKIP,0,233.66,217530.2040682002,326.77406820023333,326.2953061023003,0.4787620979330427,8701.208162728008,5.502248526633811e-05,CASH_SCARCITY,15
2015-11-03,VRSN,Q0_SKIP,0,80.93,217530.2040682002,326.77406820023333,326.2953061023003,0.4787620979330427,8701.208162728008,5.502248526633811e-05,CASH_SCARCITY,15
2015-11-03,PBY1,Q0_SKIP,0,15.01,217530.2040682002,326.77406820023333,326.2953061023003,0.4787620979330427,8701.208162728008,5.502248526633811e-05,CASH_SCARCITY,15
2015-11-03,RDY,Q0_SKIP,0,66.31,217530.2040682002,326.77406820023333,326.2953061023003,0.4787620979330427,8701.208162728008,5.502248526633811e-05,CASH_SCARCITY,15
2015-11-03,SBUX,Q0_SKIP,0,62.8,217530.2040682002,326.77406820023333,326.2953061023003,0.4787620979330427,8701.208162728008,5.502248526633811e-05,CASH_SCARCITY,15
2015-11-03,MSI,Q0_SKIP,0,71.36,217530.2040682002,326.77406820023333,326.2953061023003,0.4787620979330427,8701.208162728008,5.502248526633811e-05,CASH_SCARCITY,15
2015-11-03,MDCO,Q0_SKIP,0,38.92,217530.2040682002,326.77406820023333,326.2953061023003,0.4787620979330427,8701.208162728008,5.502248526633811e-05,CASH_SCARCITY,15
2015-11-03,EXEL,Q0_SKIP,0,6.19,217530.2040682002,326.77406820023333,326.2953061023003,0.4787620979330427,8701.208162728008,5.502248526633811e-05,CASH_SCARCITY,15
2015-11-03,SGI,Q0_SKIP,0,79.76999999999998,217530.2040682002,326.77406820023333,326.2953061023003,0.4787620979330427,8701.208162728008,5.502248526633811e-05,CASH_SCARCITY,15
2015-11-03,IMPV,Q0_SKIP,0,71.23,217530.2040682002,326.77406820023333,326.2953061023003,0.4787620979330427,8701.208162728008,5.502248526633811e-05,CASH_SCARCITY,15
2015-11-03,MANH,Q0_SKIP,0,74.94,217530.2040682002,326.77406820023333,326.2953061023003,0.4787620979330427,8701.208162728008,5.502248526633811e-05,CASH_SCARCITY,15
2015-11-03,WP,Q0_SKIP,0,50.28,217530.2040682002,326.77406820023333,326.2953061023003,0.4787620979330427,8701.208162728008,5.502248526633811e-05,CASH_SCARCITY,15
2015-11-03,CORE,Q0_SKIP,0,79.68,217530.2040682002,326.77406820023333,326.2953061023003,0.4787620979330427,8701.208162728008,5.502248526633811e-05,CASH_SCARCITY,15
2015-11-03,CYT1,Q0_SKIP,0,74.42,217530.2040682002,326.77406820023333,326.2953061023003,0.4787620979330427,8701.208162728008,5.502248526633811e-05,CASH_SCARCITY,15
2015-11-03,SFG,Q0_SKIP,0,114.79,217530.2040682002,326.77406820023333,326.2953061023003,0.4787620979330427,8701.208162728008,5.502248526633811e-05,CASH_SCARCITY,15
2015-11-03,COR2,Q0_SKIP,0,57.0,217530.2040682002,326.77406820023333,326.2953061023003,0.4787620979330427,8701.208162728008,5.502248526633811e-05,CASH_SCARCITY,15
2015-11-03,HAWK1,Q0_SKIP,0,44.24,217530.2040682002,326.77406820023333,326.2953061023003,0.4787620979330427,8701.208162728008,5.502248526633811e-05,CASH_SCARCITY,15
2015-11-03,HRTX,Q0_SKIP,0,30.14,217530.2040682002,326.77406820023333,326.2953061023003,0.4787620979330427,8701.208162728008,5.502248526633811e-05,CASH_SCARCITY,15
2015-11-03,ATHN1,Q0_SKIP,0,162.66,217530.2040682002,326.77406820023333,326.2953061023003,0.4787620979330427,8701.208162728008,5.502248526633811e-05,CASH_SCARCITY,15
2015-11-03,TREE,Q0_SKIP,0,115.77,217530.2040682002,326.77406820023333,326.2953061023003,0.4787620979330427,8701.208162728008,5.502248526633811e-05,CASH_SCARCITY,15
2015-11-03,EW,Q0_SKIP,0,157.94,217530.2040682002,326.77406820023333,326.2953061023003,0.4787620979330427,8701.208162728008,5.502248526633811e-05,CASH_SCARCITY,15
2015-11-03,GOOGL,Q0_SKIP,0,748.82,217530.2040682002,326.77406820023333,326.2953061023003,0.4787620979330427,8701.208162728008,5.502248526633811e-05,CASH_SCARCITY,15
2015-11-03,MDLZ,Q0_SKIP,0,46.4,217530.2040682002,326.77406820023333,326.2953061023003,0.4787620979330427,8701.208162728008,5.502248526633811e-05,CASH_SCARCITY,15
2015-11-03,DXCM,Q0_SKIP,0,87.43,217530.2040682002,326.77406820023333,326.2953061023003,0.4787620979330427,8701.208162728008,5.502248526633811e-05,CASH_SCARCITY,15
2015-11-03,META,Q0_SKIP,0,102.58,217530.2040682002,326.77406820023333,326.2953061023003,0.4787620979330427,8701.208162728008,5.502248526633811e-05,CASH_SCARCITY,15
2015-11-03,TTWO,Q0_SKIP,0,33.92,217530.2040682002,326.77406820023333,326.2953061023003,0.4787620979330427,8701.208162728008,5.502248526633811e-05,CASH_SCARCITY,15
2015-11-03,NCLH,Q0_SKIP,0,60.55,217530.2040682002,326.77406820023333,326.2953061023003,0.4787620979330427,8701.208162728008,5.502248526633811e-05,CASH_SCARCITY,15
2015-11-03,POST,Q0_SKIP,0,64.7,217530.2040682002,326.77406820023333,326.2953061023003,0.4787620979330427,8701.208162728008,5.502248526633811e-05,CASH_SCARCITY,15
2015-11-03,RARE,Q0_SKIP,0,109.66,217530.2040682002,326.77406820023333,326.2953061023003,0.4787620979330427,8701.208162728008,5.502248526633811e-05,CASH_SCARCITY,15
2015-11-03,EPAM,Q0_SKIP,0,78.73,217530.2040682002,326.77406820023333,326.2953061023003,0.4787620979330427,8701.208162728008,5.502248526633811e-05,CASH_SCARCITY,15
2015-11-03,GPN,Q0_SKIP,0,67.56,217530.2040682002,326.77406820023333,326.2953061023003,0.4787620979330427,8701.208162728008,5.502248526633811e-05,CASH_SCARCITY,15
2015-11-03,EXPE,Q0_SKIP,0,136.39,217530.2040682002,326.77406820023333,326.2953061023003,0.4787620979330427,8701.208162728008,5.502248526633811e-05,CASH_SCARCITY,15
2015-11-03,FLO,Q0_SKIP,0,26.92,217530.2040682002,326.77406820023333,326.2953061023003,0.4787620979330427,8701.208162728008,5.502248526633811e-05,CASH_SCARCITY,15
2015-11-03,HRB,Q0_SKIP,0,36.9,217530.2040682002,326.77406820023333,326.2953061023003,0.4787620979330427,8701.208162728008,5.502248526633811e-05,CASH_SCARCITY,15
2015-11-03,CB1,Q0_SKIP,0,129.64,217530.2040682002,326.77406820023333,326.2953061023003,0.4787620979330427,8701.208162728008,5.502248526633811e-05,CASH_SCARCITY,15
2015-11-03,ITCI,Q0_SKIP,0,53.15,217530.2040682002,326.77406820023333,326.2953061023003,0.4787620979330427,8701.208162728008,5.502248526633811e-05,CASH_SCARCITY,15
2015-11-03,ADBE,Q0_SKIP,0,90.36000000000001,217530.2040682002,326.77406820023333,326.2953061023003,0.4787620979330427,8701.208162728008,5.502248526633811e-05,CASH_SCARCITY,15
2015-11-03,GOOG,Q0_SKIP,0,722.1599999999999,217530.2040682002,326.77406820023333,326.2953061023003,0.4787620979330427,8701.208162728008,5.502248526633811e-05,CASH_SCARCITY,15
2015-11-03,PFPT,Q0_SKIP,0,70.83,217530.2040682002,326.77406820023333,326.2953061023003,0.4787620979330427,8701.208162728008,5.502248526633811e-05,CASH_SCARCITY,15
2015-11-03,GAS,Q0_SKIP,0,62.75,217530.2040682002,326.77406820023333,326.2953061023003,0.4787620979330427,8701.208162728008,5.502248526633811e-05,CASH_SCARCITY,15
2015-11-03,FNFG,Q0_SKIP,0,10.58,217530.2040682002,326.77406820023333,326.2953061023003,0.4787620979330427,8701.208162728008,5.502248526633811e-05,CASH_SCARCITY,15
2015-11-03,TECD,Q0_SKIP,0,74.51999999999998,217530.2040682002,326.77406820023333,326.2953061023003,0.4787620979330427,8701.208162728008,5.502248526633811e-05,CASH_SCARCITY,15
2015-11-03,HOLX,Q0_SKIP,0,39.72,217530.2040682002,326.77406820023333,326.2953061023003,0.4787620979330427,8701.208162728008,5.502248526633811e-05,CASH_SCARCITY,15
2015-11-03,MKTX,Q0_SKIP,0,98.88,217530.2040682002,326.77406820023333,326.2953061023003,0.4787620979330427,8701.208162728008,5.502248526633811e-05,CASH_SCARCITY,15
2015-11-03,CCL,Q0_SKIP,0,52.98,217530.2040682002,326.77406820023333,326.2953061023003,0.4787620979330427,8701.208162728008,5.502248526633811e-05,CASH_SCARCITY,15
2015-11-03,VA,Q0_SKIP,0,37.44,217530.2040682002,326.77406820023333,326.2953061023003,0.4787620979330427,8701.208162728008,5.502248526633811e-05,CASH_SCARCITY,15
2015-11-03,ANDV,Q0_SKIP,0,112.53,217530.2040682002,326.77406820023333,326.2953061023003,0.4787620979330427,8701.208162728008,5.502248526633811e-05,CASH_SCARCITY,15
2015-11-03,OC,Q0_SKIP,0,45.52,217530.2040682002,326.77406820023333,326.2953061023003,0.4787620979330427,8701.208162728008,5.502248526633811e-05,CASH_SCARCITY,15
2015-11-03,PTLA,Q0_SKIP,0,51.16,217530.2040682002,326.77406820023333,326.2953061023003,0.4787620979330427,8701.208162728008,5.502248526633811e-05,CASH_SCARCITY,15
2015-11-03,IBKR,Q0_SKIP,0,42.12,217530.2040682002,326.77406820023333,326.2953061023003,0.4787620979330427,8701.208162728008,5.502248526633811e-05,CASH_SCARCITY,15
2015-11-03,W,Q0_SKIP,0,45.14,217530.2040682002,326.77406820023333,326.2953061023003,0.4787620979330427,8701.208162728008,5.502248526633811e-05,CASH_SCARCITY,15
2015-11-03,FTK,Q0_SKIP,0,19.22,217530.2040682002,326.77406820023333,326.2953061023003,0.4787620979330427,8701.208162728008,5.502248526633811e-05,CASH_SCARCITY,15
2015-11-03,DMND,Q0_SKIP,0,40.27,217530.2040682002,326.77406820023333,326.2953061023003,0.4787620979330427,8701.208162728008,5.502248526633811e-05,CASH_SCARCITY,15
2015-11-03,CBM,Q0_SKIP,0,50.37,217530.2040682002,326.77406820023333,326.2953061023003,0.4787620979330427,8701.208162728008,5.502248526633811e-05,CASH_SCARCITY,15
2015-11-03,UVE,Q0_SKIP,0,32.35,217530.2040682002,326.77406820023333,326.2953061023003,0.4787620979330427,8701.208162728008,5.502248526633811e-05,CASH_SCARCITY,15
2015-11-03,NVDA,Q0_SKIP,0,28.5,217530.2040682002,326.77406820023333,326.2953061023003,0.4787620979330427,8701.208162728008,5.502248526633811e-05,CASH_SCARCITY,15
2015-11-03,IPHI,Q0_SKIP,0,29.23,217530.2040682002,326.77406820023333,326.2953061023003,0.4787620979330427,8701.208162728008,5.502248526633811e-05,CASH_SCARCITY,15
2015-11-03,NHTC,Q0_SKIP,0,52.15,217530.2040682002,326.77406820023333,326.2953061023003,0.4787620979330427,8701.208162728008,5.502248526633811e-05,CASH_SCARCITY,15
2015-11-03,COTY,Q0_SKIP,0,29.61,217530.2040682002,326.77406820023333,326.2953061023003,0.4787620979330427,8701.208162728008,5.502248526633811e-05,CASH_SCARCITY,15
2015-11-03,ALDR,Q0_SKIP,0,37.69,217530.2040682002,326.77406820023333,326.2953061023003,0.4787620979330427,8701.208162728008,5.502248526633811e-05,CASH_SCARCITY,15
2015-11-03,PAYC,Q0_SKIP,0,39.15,217530.2040682002,326.77406820023333,326.2953061023003,0.4787620979330427,8701.208162728008,5.502248526633811e-05,CASH_SCARCITY,15
2015-11-03,EGRX,Q0_SKIP,0,70.96,217530.2040682002,326.77406820023333,326.2953061023003,0.4787620979330427,8701.208162728008,5.502248526633811e-05,CASH_SCARCITY,15
2015-11-03,CAM2,Q0_SKIP,0,70.68,217530.2040682002,326.77406820023333,326.2953061023003,0.4787620979330427,8701.208162728008,5.502248526633811e-05,CASH_SCARCITY,15
2015-11-03,NBIX,Q0_SKIP,0,53.17,217530.2040682002,326.77406820023333,326.2953061023003,0.4787620979330427,8701.208162728008,5.502248526633811e-05,CASH_SCARCITY,15
2015-11-03,CLVSQ,Q0_SKIP,0,104.88,217530.2040682002,326.77406820023333,326.2953061023003,0.4787620979330427,8701.208162728008,5.502248526633811e-05,CASH_SCARCITY,15
2015-11-04,TYL,Q0_SKIP,0,171.91,216470.2740682002,326.77406820023333,324.70541110230033,2.0686570979329986,8658.810962728008,0.00023890775613852368,CASH_SCARCITY,15
2015-11-04,RDUS1,Q0_SKIP,0,70.79,216470.2740682002,326.77406820023333,324.70541110230033,2.0686570979329986,8658.810962728008,0.00023890775613852368,CASH_SCARCITY,15
2015-11-04,AAP,Q0_SKIP,0,199.34,216470.2740682002,326.77406820023333,324.70541110230033,2.0686570979329986,8658.810962728008,0.00023890775613852368,CASH_SCARCITY,15
2015-11-04,CASY,Q0_SKIP,0,111.26,216470.2740682002,326.77406820023333,324.70541110230033,2.0686570979329986,8658.810962728008,0.00023890775613852368,CASH_SCARCITY,15
2015-11-04,DY,Q0_SKIP,0,84.12,216470.2740682002,326.77406820023333,324.70541110230033,2.0686570979329986,8658.810962728008,0.00023890775613852368,CASH_SCARCITY,15
2015-11-04,ATVI,Q0_SKIP,0,36.99,216470.2740682002,326.77406820023333,324.70541110230033,2.0686570979329986,8658.810962728008,0.00023890775613852368,CASH_SCARCITY,15
2015-11-04,RCL,Q0_SKIP,0,97.95,216470.2740682002,326.77406820023333,324.70541110230033,2.0686570979329986,8658.810962728008,0.00023890775613852368,CASH_SCARCITY,15
2015-11-04,RAI,Q0_SKIP,0,45.71,216470.2740682002,326.77406820023333,324.70541110230033,2.0686570979329986,8658.810962728008,0.00023890775613852368,CASH_SCARCITY,15
2015-11-04,IPCM,Q0_SKIP,0,79.59999999999998,216470.2740682002,326.77406820023333,324.70541110230033,2.0686570979329986,8658.810962728008,0.00023890775613852368,CASH_SCARCITY,15
2015-11-04,LNCE,Q0_SKIP,0,37.14,216470.2740682002,326.77406820023333,324.70541110230033,2.0686570979329986,8658.810962728008,0.00023890775613852368,CASH_SCARCITY,15
2015-11-04,NVR,Q0_SKIP,0,1658.34,216470.2740682002,326.77406820023333,324.70541110230033,2.0686570979329986,8658.810962728008,0.00023890775613852368,CASH_SCARCITY,15
2015-11-04,TWC,Q0_SKIP,0,188.65,216470.2740682002,326.77406820023333,324.70541110230033,2.0686570979329986,8658.810962728008,0.00023890775613852368,CASH_SCARCITY,15
2015-11-04,EEFT,Q0_SKIP,0,80.01,216470.2740682002,326.77406820023333,324.70541110230033,2.0686570979329986,8658.810962728008,0.00023890775613852368,CASH_SCARCITY,15
2015-11-04,PGR,Q0_SKIP,0,33.15,216470.2740682002,326.77406820023333,324.70541110230033,2.0686570979329986,8658.810962728008,0.00023890775613852368,CASH_SCARCITY,15
2015-11-04,TE1,Q0_SKIP,0,27.06,216470.2740682002,326.77406820023333,324.70541110230033,2.0686570979329986,8658.810962728008,0.00023890775613852368,CASH_SCARCITY,15
2015-11-04,BYD,Q0_SKIP,0,20.67,216470.2740682002,326.77406820023333,324.70541110230033,2.0686570979329986,8658.810962728008,0.00023890775613852368,CASH_SCARCITY,15
2015-11-04,CUBE,Q0_SKIP,0,27.74,216470.2740682002,326.77406820023333,324.70541110230033,2.0686570979329986,8658.810962728008,0.00023890775613852368,CASH_SCARCITY,15
2015-11-04,ANAC1,Q0_SKIP,0,118.18,216470.2740682002,326.77406820023333,324.70541110230033,2.0686570979329986,8658.810962728008,0.00023890775613852368,CASH_SCARCITY,15
2015-11-04,RVNC,Q0_SKIP,0,36.81,216470.2740682002,326.77406820023333,324.70541110230033,2.0686570979329986,8658.810962728008,0.00023890775613852368,CASH_SCARCITY,15
2015-11-04,NKE,Q0_SKIP,0,130.36,216470.2740682002,326.77406820023333,324.70541110230033,2.0686570979329986,8658.810962728008,0.00023890775613852368,CASH_SCARCITY,15
2015-11-04,RDY,Q0_SKIP,0,66.32,216470.2740682002,326.77406820023333,324.70541110230033,2.0686570979329986,8658.810962728008,0.00023890775613852368,CASH_SCARCITY,15
2015-11-04,HPY,Q0_SKIP,0,72.73999999999998,216470.2740682002,326.77406820023333,324.70541110230033,2.0686570979329986,8658.810962728008,0.00023890775613852368,CASH_SCARCITY,15
2015-11-04,IMPV,Q0_SKIP,0,72.39,216470.2740682002,326.77406820023333,324.70541110230033,2.0686570979329986,8658.810962728008,0.00023890775613852368,CASH_SCARCITY,15
2015-11-04,BEE,Q0_SKIP,0,14.12,216470.2740682002,326.77406820023333,324.70541110230033,2.0686570979329986,8658.810962728008,0.00023890775613852368,CASH_SCARCITY,15
2015-11-04,FLTX,Q0_SKIP,0,57.9,216470.2740682002,326.77406820023333,324.70541110230033,2.0686570979329986,8658.810962728008,0.00023890775613852368,CASH_SCARCITY,15
2015-11-04,AMZN,Q0_SKIP,0,640.95,216470.2740682002,326.77406820023333,324.70541110230033,2.0686570979329986,8658.810962728008,0.00023890775613852368,CASH_SCARCITY,15
2015-11-04,SBUX,Q0_SKIP,0,61.96,216470.2740682002,326.77406820023333,324.70541110230033,2.0686570979329986,8658.810962728008,0.00023890775613852368,CASH_SCARCITY,15
2015-11-04,HAWK1,Q0_SKIP,0,44.59,216470.2740682002,326.77406820023333,324.70541110230033,2.0686570979329986,8658.810962728008,0.00023890775613852368,CASH_SCARCITY,15
2015-11-04,SGI,Q0_SKIP,0,80.48999999999998,216470.2740682002,326.77406820023333,324.70541110230033,2.0686570979329986,8658.810962728008,0.00023890775613852368,CASH_SCARCITY,15
2015-11-04,SFG,Q0_SKIP,0,114.74,216470.2740682002,326.77406820023333,324.70541110230033,2.0686570979329986,8658.810962728008,0.00023890775613852368,CASH_SCARCITY,15
2015-11-04,CYT1,Q0_SKIP,0,74.34999999999998,216470.2740682002,326.77406820023333,324.70541110230033,2.0686570979329986,8658.810962728008,0.00023890775613852368,CASH_SCARCITY,15
2015-11-04,PBY1,Q0_SKIP,0,14.98,216470.2740682002,326.77406820023333,324.70541110230033,2.0686570979329986,8658.810962728008,0.00023890775613852368,CASH_SCARCITY,15
2015-11-04,EXEL,Q0_SKIP,0,6.21,216470.2740682002,326.77406820023333,324.70541110230033,2.0686570979329986,8658.810962728008,0.00023890775613852368,CASH_SCARCITY,15
2015-11-04,VRSN,Q0_SKIP,0,81.28,216470.2740682002,326.77406820023333,324.70541110230033,2.0686570979329986,8658.810962728008,0.00023890775613852368,CASH_SCARCITY,15
2015-11-04,COR2,Q0_SKIP,0,56.85,216470.2740682002,326.77406820023333,324.70541110230033,2.0686570979329986,8658.810962728008,0.00023890775613852368,CASH_SCARCITY,15
2015-11-04,HRL,Q0_SKIP,0,67.22,216470.2740682002,326.77406820023333,324.70541110230033,2.0686570979329986,8658.810962728008,0.00023890775613852368,CASH_SCARCITY,15
2015-11-04,RYAAY,Q0_SKIP,0,83.61,216470.2740682002,326.77406820023333,324.70541110230033,2.0686570979329986,8658.810962728008,0.00023890775613852368,CASH_SCARCITY,15
2015-11-04,BF.B,Q0_SKIP,0,106.85,216470.2740682002,326.77406820023333,324.70541110230033,2.0686570979329986,8658.810962728008,0.00023890775613852368,CASH_SCARCITY,15
2015-11-04,STZ,Q0_SKIP,0,133.2,216470.2740682002,326.77406820023333,324.70541110230033,2.0686570979329986,8658.810962728008,0.00023890775613852368,CASH_SCARCITY,15
2015-11-04,MDCO,Q0_SKIP,0,39.21,216470.2740682002,326.77406820023333,324.70541110230033,2.0686570979329986,8658.810962728008,0.00023890775613852368,CASH_SCARCITY,15
2015-11-04,POOL,Q0_SKIP,0,82.76999999999998,216470.2740682002,326.77406820023333,324.70541110230033,2.0686570979329986,8658.810962728008,0.00023890775613852368,CASH_SCARCITY,15
2015-11-04,PSA,Q0_SKIP,0,231.65,216470.2740682002,326.77406820023333,324.70541110230033,2.0686570979329986,8658.810962728008,0.00023890775613852368,CASH_SCARCITY,15
2015-11-04,EXR,Q0_SKIP,0,79.15,216470.2740682002,326.77406820023333,324.70541110230033,2.0686570979329986,8658.810962728008,0.00023890775613852368,CASH_SCARCITY,15
2015-11-04,TREE,Q0_SKIP,0,113.9,216470.2740682002,326.77406820023333,324.70541110230033,2.0686570979329986,8658.810962728008,0.00023890775613852368,CASH_SCARCITY,15
2015-11-04,GOOGL,Q0_SKIP,0,755.3099999999998,216470.2740682002,326.77406820023333,324.70541110230033,2.0686570979329986,8658.810962728008,0.00023890775613852368,CASH_SCARCITY,15
2015-11-04,POST,Q0_SKIP,0,64.28,216470.2740682002,326.77406820023333,324.70541110230033,2.0686570979329986,8658.810962728008,0.00023890775613852368,CASH_SCARCITY,15
2015-11-04,AMSG,Q0_SKIP,0,80.62999999999998,216470.2740682002,326.77406820023333,324.70541110230033,2.0686570979329986,8658.810962728008,0.00023890775613852368,CASH_SCARCITY,15
2015-11-04,RARE,Q0_SKIP,0,108.57,216470.2740682002,326.77406820023333,324.70541110230033,2.0686570979329986,8658.810962728008,0.00023890775613852368,CASH_SCARCITY,15
2015-11-04,MANH,Q0_SKIP,0,74.15,216470.2740682002,326.77406820023333,324.70541110230033,2.0686570979329986,8658.810962728008,0.00023890775613852368,CASH_SCARCITY,15
2015-11-04,TECD,Q0_SKIP,0,75.22,216470.2740682002,326.77406820023333,324.70541110230033,2.0686570979329986,8658.810962728008,0.00023890775613852368,CASH_SCARCITY,15
2015-11-04,META,Q0_SKIP,0,103.94,216470.2740682002,326.77406820023333,324.70541110230033,2.0686570979329986,8658.810962728008,0.00023890775613852368,CASH_SCARCITY,15
2015-11-04,DINO,Q0_SKIP,0,50.82,216470.2740682002,326.77406820023333,324.70541110230033,2.0686570979329986,8658.810962728008,0.00023890775613852368,CASH_SCARCITY,15
2015-11-04,NFLX,Q0_SKIP,0,114.05,216470.2740682002,326.77406820023333,324.70541110230033,2.0686570979329986,8658.810962728008,0.00023890775613852368,CASH_SCARCITY,15
2015-11-04,ATHN1,Q0_SKIP,0,160.5,216470.2740682002,326.77406820023333,324.70541110230033,2.0686570979329986,8658.810962728008,0.00023890775613852368,CASH_SCARCITY,15
2015-11-04,TSS,Q0_SKIP,0,52.53,216470.2740682002,326.77406820023333,324.70541110230033,2.0686570979329986,8658.810962728008,0.00023890775613852368,CASH_SCARCITY,15
2015-11-04,CB1,Q0_SKIP,0,129.21,216470.2740682002,326.77406820023333,324.70541110230033,2.0686570979329986,8658.810962728008,0.00023890775613852368,CASH_SCARCITY,15
2015-11-04,HRTX,Q0_SKIP,0,28.77,216470.2740682002,326.77406820023333,324.70541110230033,2.0686570979329986,8658.810962728008,0.00023890775613852368,CASH_SCARCITY,15
2015-11-04,WP,Q0_SKIP,0,50.24,216470.2740682002,326.77406820023333,324.70541110230033,2.0686570979329986,8658.810962728008,0.00023890775613852368,CASH_SCARCITY,15
2015-11-04,GOOG,Q0_SKIP,0,728.11,216470.2740682002,326.77406820023333,324.70541110230033,2.0686570979329986,8658.810962728008,0.00023890775613852368,CASH_SCARCITY,15
2015-11-04,EW,Q0_SKIP,0,156.44,216470.2740682002,326.77406820023333,324.70541110230033,2.0686570979329986,8658.810962728008,0.00023890775613852368,CASH_SCARCITY,15
2015-11-04,GPN,Q0_SKIP,0,68.07,216470.2740682002,326.77406820023333,324.70541110230033,2.0686570979329986,8658.810962728008,0.00023890775613852368,CASH_SCARCITY,15
2015-11-04,ZD,Q0_SKIP,0,78.04999999999998,216470.2740682002,326.77406820023333,324.70541110230033,2.0686570979329986,8658.810962728008,0.00023890775613852368,CASH_SCARCITY,15
2015-11-04,ULTI1,Q0_SKIP,0,205.62,216470.2740682002,326.77406820023333,324.70541110230033,2.0686570979329986,8658.810962728008,0.00023890775613852368,CASH_SCARCITY,15
2015-11-04,GAS,Q0_SKIP,0,62.73,216470.2740682002,326.77406820023333,324.70541110230033,2.0686570979329986,8658.810962728008,0.00023890775613852368,CASH_SCARCITY,15
2015-11-04,TTWO,Q0_SKIP,0,34.03,216470.2740682002,326.77406820023333,324.70541110230033,2.0686570979329986,8658.810962728008,0.00023890775613852368,CASH_SCARCITY,15
2015-11-04,ADBE,Q0_SKIP,0,91.01,216470.2740682002,326.77406820023333,324.70541110230033,2.0686570979329986,8658.810962728008,0.00023890775613852368,CASH_SCARCITY,15
2015-11-04,FLO,Q0_SKIP,0,26.9,216470.2740682002,326.77406820023333,324.70541110230033,2.0686570979329986,8658.810962728008,0.00023890775613852368,CASH_SCARCITY,15
2015-11-04,EXPE,Q0_SKIP,0,134.17,216470.2740682002,326.77406820023333,324.70541110230033,2.0686570979329986,8658.810962728008,0.00023890775613852368,CASH_SCARCITY,15
2015-11-04,CDW,Q0_SKIP,0,45.93,216470.2740682002,326.77406820023333,324.70541110230033,2.0686570979329986,8658.810962728008,0.00023890775613852368,CASH_SCARCITY,15
2015-11-04,HIG,Q0_SKIP,0,46.59,216470.2740682002,326.77406820023333,324.70541110230033,2.0686570979329986,8658.810962728008,0.00023890775613852368,CASH_SCARCITY,15
2015-11-04,MYGN,Q0_SKIP,0,46.16,216470.2740682002,326.77406820023333,324.70541110230033,2.0686570979329986,8658.810962728008,0.00023890775613852368,CASH_SCARCITY,15
2015-11-04,ITCI,Q0_SKIP,0,52.68,216470.2740682002,326.77406820023333,324.70541110230033,2.0686570979329986,8658.810962728008,0.00023890775613852368,CASH_SCARCITY,15
2015-11-04,W,Q0_SKIP,0,44.51,216470.2740682002,326.77406820023333,324.70541110230033,2.0686570979329986,8658.810962728008,0.00023890775613852368,CASH_SCARCITY,15
2015-11-04,PFPT,Q0_SKIP,0,71.56,216470.2740682002,326.77406820023333,324.70541110230033,2.0686570979329986,8658.810962728008,0.00023890775613852368,CASH_SCARCITY,15
2015-11-04,SNX,Q0_SKIP,0,93.92,216470.2740682002,326.77406820023333,324.70541110230033,2.0686570979329986,8658.810962728008,0.00023890775613852368,CASH_SCARCITY,15
2015-11-04,DXCM,Q0_SKIP,0,87.04999999999998,216470.2740682002,326.77406820023333,324.70541110230033,2.0686570979329986,8658.810962728008,0.00023890775613852368,CASH_SCARCITY,15
2015-11-04,HRB,Q0_SKIP,0,36.81,216470.2740682002,326.77406820023333,324.70541110230033,2.0686570979329986,8658.810962728008,0.00023890775613852368,CASH_SCARCITY,15
2015-11-04,ANDV,Q0_SKIP,0,114.58,216470.2740682002,326.77406820023333,324.70541110230033,2.0686570979329986,8658.810962728008,0.00023890775613852368,CASH_SCARCITY,15
2015-11-04,ALK,Q0_SKIP,0,77.40999999999998,216470.2740682002,326.77406820023333,324.70541110230033,2.0686570979329986,8658.810962728008,0.00023890775613852368,CASH_SCARCITY,15
2015-11-04,IPHI,Q0_SKIP,0,29.81,216470.2740682002,326.77406820023333,324.70541110230033,2.0686570979329986,8658.810962728008,0.00023890775613852368,CASH_SCARCITY,15
2015-11-04,DMND,Q0_SKIP,0,40.8,216470.2740682002,326.77406820023333,324.70541110230033,2.0686570979329986,8658.810962728008,0.00023890775613852368,CASH_SCARCITY,15
2015-11-04,CBM,Q0_SKIP,0,50.39,216470.2740682002,326.77406820023333,324.70541110230033,2.0686570979329986,8658.810962728008,0.00023890775613852368,CASH_SCARCITY,15
2015-11-04,NVDA,Q0_SKIP,0,28.03,216470.2740682002,326.77406820023333,324.70541110230033,2.0686570979329986,8658.810962728008,0.00023890775613852368,CASH_SCARCITY,15
2015-11-04,PTLA,Q0_SKIP,0,50.51,216470.2740682002,326.77406820023333,324.70541110230033,2.0686570979329986,8658.810962728008,0.00023890775613852368,CASH_SCARCITY,15
2015-11-04,IBKR,Q0_SKIP,0,41.74,216470.2740682002,326.77406820023333,324.70541110230033,2.0686570979329986,8658.810962728008,0.00023890775613852368,CASH_SCARCITY,15
2015-11-04,CAM2,Q0_SKIP,0,69.67,216470.2740682002,326.77406820023333,324.70541110230033,2.0686570979329986,8658.810962728008,0.00023890775613852368,CASH_SCARCITY,15
2015-11-04,UVE,Q0_SKIP,0,31.24,216470.2740682002,326.77406820023333,324.70541110230033,2.0686570979329986,8658.810962728008,0.00023890775613852368,CASH_SCARCITY,15
2015-11-04,VA,Q0_SKIP,0,37.32,216470.2740682002,326.77406820023333,324.70541110230033,2.0686570979329986,8658.810962728008,0.00023890775613852368,CASH_SCARCITY,15
2015-11-04,SLH,Q0_SKIP,0,54.84,216470.2740682002,326.77406820023333,324.70541110230033,2.0686570979329986,8658.810962728008,0.00023890775613852368,CASH_SCARCITY,15
2015-11-04,PBF,Q0_SKIP,0,35.12,216470.2740682002,326.77406820023333,324.70541110230033,2.0686570979329986,8658.810962728008,0.00023890775613852368,CASH_SCARCITY,15
2015-11-04,NHTC,Q0_SKIP,0,49.32,216470.2740682002,326.77406820023333,324.70541110230033,2.0686570979329986,8658.810962728008,0.00023890775613852368,CASH_SCARCITY,15
2015-11-04,PMCS,Q0_SKIP,0,11.72,216470.2740682002,326.77406820023333,324.70541110230033,2.0686570979329986,8658.810962728008,0.00023890775613852368,CASH_SCARCITY,15
2015-11-04,CPE,Q0_SKIP,0,9.07,216470.2740682002,326.77406820023333,324.70541110230033,2.0686570979329986,8658.810962728008,0.00023890775613852368,CASH_SCARCITY,15
2015-11-04,EGRX,Q0_SKIP,0,73.26,216470.2740682002,326.77406820023333,324.70541110230033,2.0686570979329986,8658.810962728008,0.00023890775613852368,CASH_SCARCITY,15
2015-11-04,CLVSQ,Q0_SKIP,0,104.75,216470.2740682002,326.77406820023333,324.70541110230033,2.0686570979329986,8658.810962728008,0.00023890775613852368,CASH_SCARCITY,15
2015-11-04,XXII,PLAN,1,1.51,216470.2740682002,326.77406820023333,324.70541110230033,2.0686570979329986,8658.810962728008,0.00023890775613852368,,15
2015-11-20,TYL,Q0_SKIP,0,174.2,217684.96215820024,353.4621582002333,326.52744323730036,26.934714962932958,8707.39848632801,0.003093313692399023,CASH_SCARCITY,15
2015-11-20,VRE,PLAN,1,23.96,217684.96215820024,353.4621582002333,326.52744323730036,26.934714962932958,8707.39848632801,0.003093313692399023,,15
2015-11-24,TYL,Q0_SKIP,0,174.81,218504.7581982002,329.4781982002333,327.7571372973003,1.7210609029330044,8740.190327928009,0.00019691343533259273,CASH_SCARCITY,15
2015-11-24,AMZN,Q0_SKIP,0,671.15,218504.7581982002,329.4781982002333,327.7571372973003,1.7210609029330044,8740.190327928009,0.00019691343533259273,CASH_SCARCITY,15
2015-11-24,ATVI,Q0_SKIP,0,36.84,218504.7581982002,329.4781982002333,327.7571372973003,1.7210609029330044,8740.190327928009,0.00019691343533259273,CASH_SCARCITY,15
2015-11-24,VRSN,Q0_SKIP,0,88.54,218504.7581982002,329.4781982002333,327.7571372973003,1.7210609029330044,8740.190327928009,0.00019691343533259273,CASH_SCARCITY,15
2015-11-24,NKE,Q0_SKIP,0,132.51,218504.7581982002,329.4781982002333,327.7571372973003,1.7210609029330044,8740.190327928009,0.00019691343533259273,CASH_SCARCITY,15
2015-11-24,LNCE,Q0_SKIP,0,38.04,218504.7581982002,329.4781982002333,327.7571372973003,1.7210609029330044,8740.190327928009,0.00019691343533259273,CASH_SCARCITY,15
2015-11-24,POST,Q0_SKIP,0,66.11,218504.7581982002,329.4781982002333,327.7571372973003,1.7210609029330044,8740.190327928009,0.00019691343533259273,CASH_SCARCITY,15
2015-11-24,BYD,Q0_SKIP,0,20.17,218504.7581982002,329.4781982002333,327.7571372973003,1.7210609029330044,8740.190327928009,0.00019691343533259273,CASH_SCARCITY,15
2015-11-24,AFG,Q0_SKIP,0,73.79999999999998,218504.7581982002,329.4781982002333,327.7571372973003,1.7210609029330044,8740.190327928009,0.00019691343533259273,CASH_SCARCITY,15
2015-11-24,MANH,Q0_SKIP,0,73.87999999999998,218504.7581982002,329.4781982002333,327.7571372973003,1.7210609029330044,8740.190327928009,0.00019691343533259273,CASH_SCARCITY,15
2015-11-24,TSS,Q0_SKIP,0,55.35,218504.7581982002,329.4781982002333,327.7571372973003,1.7210609029330044,8740.190327928009,0.00019691343533259273,CASH_SCARCITY,15
2015-11-24,PSA,Q0_SKIP,0,237.83,218504.7581982002,329.4781982002333,327.7571372973003,1.7210609029330044,8740.190327928009,0.00019691343533259273,CASH_SCARCITY,15
2015-11-24,JKHY,Q0_SKIP,0,78.64,218504.7581982002,329.4781982002333,327.7571372973003,1.7210609029330044,8740.190327928009,0.00019691343533259273,CASH_SCARCITY,15
2015-11-24,META,Q0_SKIP,0,105.74,218504.7581982002,329.4781982002333,327.7571372973003,1.7210609029330044,8740.190327928009,0.00019691343533259273,CASH_SCARCITY,15
2015-11-24,HPY,Q0_SKIP,0,78.09,218504.7581982002,329.4781982002333,327.7571372973003,1.7210609029330044,8740.190327928009,0.00019691343533259273,CASH_SCARCITY,15
2015-11-24,CASY,Q0_SKIP,0,116.08,218504.7581982002,329.4781982002333,327.7571372973003,1.7210609029330044,8740.190327928009,0.00019691343533259273,CASH_SCARCITY,15
2015-11-24,THG,Q0_SKIP,0,84.73999999999998,218504.7581982002,329.4781982002333,327.7571372973003,1.7210609029330044,8740.190327928009,0.00019691343533259273,CASH_SCARCITY,15
2015-11-24,PNY,Q0_SKIP,0,58.03,218504.7581982002,329.4781982002333,327.7571372973003,1.7210609029330044,8740.190327928009,0.00019691343533259273,CASH_SCARCITY,15
2015-11-24,LMT,Q0_SKIP,0,226.43,218504.7581982002,329.4781982002333,327.7571372973003,1.7210609029330044,8740.190327928009,0.00019691343533259273,CASH_SCARCITY,15
2015-11-24,HA,Q0_SKIP,0,36.8,218504.7581982002,329.4781982002333,327.7571372973003,1.7210609029330044,8740.190327928009,0.00019691343533259273,CASH_SCARCITY,15
2015-11-24,POOL,Q0_SKIP,0,82.0,218504.7581982002,329.4781982002333,327.7571372973003,1.7210609029330044,8740.190327928009,0.00019691343533259273,CASH_SCARCITY,15
2015-11-24,GPN,Q0_SKIP,0,72.25,218504.7581982002,329.4781982002333,327.7571372973003,1.7210609029330044,8740.190327928009,0.00019691343533259273,CASH_SCARCITY,15
2015-11-24,PBY1,Q0_SKIP,0,15.41,218504.7581982002,329.4781982002333,327.7571372973003,1.7210609029330044,8740.190327928009,0.00019691343533259273,CASH_SCARCITY,15
2015-11-24,ATO,Q0_SKIP,0,62.66,218504.7581982002,329.4781982002333,327.7571372973003,1.7210609029330044,8740.190327928009,0.00019691343533259273,CASH_SCARCITY,15
2015-11-24,GOOGL,Q0_SKIP,0,769.63,218504.7581982002,329.4781982002333,327.7571372973003,1.7210609029330044,8740.190327928009,0.00019691343533259273,CASH_SCARCITY,15
2015-11-24,CB1,Q0_SKIP,0,130.84,218504.7581982002,329.4781982002333,327.7571372973003,1.7210609029330044,8740.190327928009,0.00019691343533259273,CASH_SCARCITY,15
2015-11-24,LUV,Q0_SKIP,0,46.23,218504.7581982002,329.4781982002333,327.7571372973003,1.7210609029330044,8740.190327928009,0.00019691343533259273,CASH_SCARCITY,15
2015-11-24,HRL,Q0_SKIP,0,71.32,218504.7581982002,329.4781982002333,327.7571372973003,1.7210609029330044,8740.190327928009,0.00019691343533259273,CASH_SCARCITY,15
2015-11-24,MSI,Q0_SKIP,0,71.96,218504.7581982002,329.4781982002333,327.7571372973003,1.7210609029330044,8740.190327928009,0.00019691343533259273,CASH_SCARCITY,15
2015-11-24,FLTX,Q0_SKIP,0,58.58,218504.7581982002,329.4781982002333,327.7571372973003,1.7210609029330044,8740.190327928009,0.00019691343533259273,CASH_SCARCITY,15
2015-11-24,GOOG,Q0_SKIP,0,748.2799999999999,218504.7581982002,329.4781982002333,327.7571372973003,1.7210609029330044,8740.190327928009,0.00019691343533259273,CASH_SCARCITY,15
2015-11-24,WGHTQ,Q0_SKIP,0,25.15,218504.7581982002,329.4781982002333,327.7571372973003,1.7210609029330044,8740.190327928009,0.00019691343533259273,CASH_SCARCITY,15
2015-11-24,CINF,Q0_SKIP,0,61.28,218504.7581982002,329.4781982002333,327.7571372973003,1.7210609029330044,8740.190327928009,0.00019691343533259273,CASH_SCARCITY,15
2015-11-24,NVDA,Q0_SKIP,0,31.17,218504.7581982002,329.4781982002333,327.7571372973003,1.7210609029330044,8740.190327928009,0.00019691343533259273,CASH_SCARCITY,15
2015-11-24,CUBE,Q0_SKIP,0,28.79,218504.7581982002,329.4781982002333,327.7571372973003,1.7210609029330044,8740.190327928009,0.00019691343533259273,CASH_SCARCITY,15
2015-11-24,COR2,Q0_SKIP,0,58.73,218504.7581982002,329.4781982002333,327.7571372973003,1.7210609029330044,8740.190327928009,0.00019691343533259273,CASH_SCARCITY,15
2015-11-24,SGI,Q0_SKIP,0,81.0,218504.7581982002,329.4781982002333,327.7571372973003,1.7210609029330044,8740.190327928009,0.00019691343533259273,CASH_SCARCITY,15
2015-11-24,WP,Q0_SKIP,0,52.09,218504.7581982002,329.4781982002333,327.7571372973003,1.7210609029330044,8740.190327928009,0.00019691343533259273,CASH_SCARCITY,15
2015-11-24,TTWO,Q0_SKIP,0,34.71,218504.7581982002,329.4781982002333,327.7571372973003,1.7210609029330044,8740.190327928009,0.00019691343533259273,CASH_SCARCITY,15
2015-11-24,BEE,Q0_SKIP,0,14.12,218504.7581982002,329.4781982002333,327.7571372973003,1.7210609029330044,8740.190327928009,0.00019691343533259273,CASH_SCARCITY,15
2015-11-24,STZ,Q0_SKIP,0,141.34,218504.7581982002,329.4781982002333,327.7571372973003,1.7210609029330044,8740.190327928009,0.00019691343533259273,CASH_SCARCITY,15
2015-11-24,DMND,Q0_SKIP,0,41.23,218504.7581982002,329.4781982002333,327.7571372973003,1.7210609029330044,8740.190327928009,0.00019691343533259273,CASH_SCARCITY,15
2015-11-24,ALK,Q0_SKIP,0,79.59999999999998,218504.7581982002,329.4781982002333,327.7571372973003,1.7210609029330044,8740.190327928009,0.00019691343533259273,CASH_SCARCITY,15
2015-11-24,MXL,Q0_SKIP,0,16.92,218504.7581982002,329.4781982002333,327.7571372973003,1.7210609029330044,8740.190327928009,0.00019691343533259273,CASH_SCARCITY,15
2015-11-24,ORI,Q0_SKIP,0,18.92,218504.7581982002,329.4781982002333,327.7571372973003,1.7210609029330044,8740.190327928009,0.00019691343533259273,CASH_SCARCITY,15
2015-11-24,EXR,Q0_SKIP,0,82.43,218504.7581982002,329.4781982002333,327.7571372973003,1.7210609029330044,8740.190327928009,0.00019691343533259273,CASH_SCARCITY,15
2015-11-24,DY,Q0_SKIP,0,88.56,218504.7581982002,329.4781982002333,327.7571372973003,1.7210609029330044,8740.190327928009,0.00019691343533259273,CASH_SCARCITY,15
2015-11-24,ULTI1,Q0_SKIP,0,197.74,218504.7581982002,329.4781982002333,327.7571372973003,1.7210609029330044,8740.190327928009,0.00019691343533259273,CASH_SCARCITY,15
2015-11-24,CHE,Q0_SKIP,0,153.07,218504.7581982002,329.4781982002333,327.7571372973003,1.7210609029330044,8740.190327928009,0.00019691343533259273,CASH_SCARCITY,15
2015-11-24,MYGN,Q0_SKIP,0,44.1,218504.7581982002,329.4781982002333,327.7571372973003,1.7210609029330044,8740.190327928009,0.00019691343533259273,CASH_SCARCITY,15
2015-11-24,DHI,Q0_SKIP,0,32.74,218504.7581982002,329.4781982002333,327.7571372973003,1.7210609029330044,8740.190327928009,0.00019691343533259273,CASH_SCARCITY,15
2015-11-24,FNFG,Q0_SKIP,0,10.7,218504.7581982002,329.4781982002333,327.7571372973003,1.7210609029330044,8740.190327928009,0.00019691343533259273,CASH_SCARCITY,15
2015-11-24,AYI,Q0_SKIP,0,226.16,218504.7581982002,329.4781982002333,327.7571372973003,1.7210609029330044,8740.190327928009,0.00019691343533259273,CASH_SCARCITY,15
2015-11-24,CYT1,Q0_SKIP,0,74.56999999999998,218504.7581982002,329.4781982002333,327.7571372973003,1.7210609029330044,8740.190327928009,0.00019691343533259273,CASH_SCARCITY,15
2015-11-24,GAS,Q0_SKIP,0,62.73,218504.7581982002,329.4781982002333,327.7571372973003,1.7210609029330044,8740.190327928009,0.00019691343533259273,CASH_SCARCITY,15
2015-11-24,TAP,Q0_SKIP,0,92.11000000000001,218504.7581982002,329.4781982002333,327.7571372973003,1.7210609029330044,8740.190327928009,0.00019691343533259273,CASH_SCARCITY,15
2015-11-24,KITE,Q0_SKIP,0,84.84999999999998,218504.7581982002,329.4781982002333,327.7571372973003,1.7210609029330044,8740.190327928009,0.00019691343533259273,CASH_SCARCITY,15
2015-11-24,MSFT,Q0_SKIP,0,54.25,218504.7581982002,329.4781982002333,327.7571372973003,1.7210609029330044,8740.190327928009,0.00019691343533259273,CASH_SCARCITY,15
2015-11-24,ITCI,Q0_SKIP,0,57.46,218504.7581982002,329.4781982002333,327.7571372973003,1.7210609029330044,8740.190327928009,0.00019691343533259273,CASH_SCARCITY,15
2015-11-24,CAM2,Q0_SKIP,0,68.72,218504.7581982002,329.4781982002333,327.7571372973003,1.7210609029330044,8740.190327928009,0.00019691343533259273,CASH_SCARCITY,15
2015-11-24,GWRE,Q0_SKIP,0,59.0,218504.7581982002,329.4781982002333,327.7571372973003,1.7210609029330044,8740.190327928009,0.00019691343533259273,CASH_SCARCITY,15
2015-11-24,ACORQ,Q0_SKIP,0,37.38,218504.7581982002,329.4781982002333,327.7571372973003,1.7210609029330044,8740.190327928009,0.00019691343533259273,CASH_SCARCITY,15
2015-11-24,ANDV,Q0_SKIP,0,118.24,218504.7581982002,329.4781982002333,327.7571372973003,1.7210609029330044,8740.190327928009,0.00019691343533259273,CASH_SCARCITY,15
2015-11-24,ATHN1,Q0_SKIP,0,164.53,218504.7581982002,329.4781982002333,327.7571372973003,1.7210609029330044,8740.190327928009,0.00019691343533259273,CASH_SCARCITY,15
2015-11-24,ANAC1,Q0_SKIP,0,113.19,218504.7581982002,329.4781982002333,327.7571372973003,1.7210609029330044,8740.190327928009,0.00019691343533259273,CASH_SCARCITY,15
2015-11-24,SWI1,Q0_SKIP,0,58.27,218504.7581982002,329.4781982002333,327.7571372973003,1.7210609029330044,8740.190327928009,0.00019691343533259273,CASH_SCARCITY,15
2015-11-24,MDCO,Q0_SKIP,0,41.97,218504.7581982002,329.4781982002333,327.7571372973003,1.7210609029330044,8740.190327928009,0.00019691343533259273,CASH_SCARCITY,15
2015-11-24,GGAL,Q0_SKIP,0,25.84,218504.7581982002,329.4781982002333,327.7571372973003,1.7210609029330044,8740.190327928009,0.00019691343533259273,CASH_SCARCITY,15
2015-11-24,DXCM,Q0_SKIP,0,86.86,218504.7581982002,329.4781982002333,327.7571372973003,1.7210609029330044,8740.190327928009,0.00019691343533259273,CASH_SCARCITY,15
2015-11-24,PBF,Q0_SKIP,0,40.94,218504.7581982002,329.4781982002333,327.7571372973003,1.7210609029330044,8740.190327928009,0.00019691343533259273,CASH_SCARCITY,15
2015-11-24,NFLX,Q0_SKIP,0,123.31,218504.7581982002,329.4781982002333,327.7571372973003,1.7210609029330044,8740.190327928009,0.00019691343533259273,CASH_SCARCITY,15
2015-11-24,PTLA,Q0_SKIP,0,49.81,218504.7581982002,329.4781982002333,327.7571372973003,1.7210609029330044,8740.190327928009,0.00019691343533259273,CASH_SCARCITY,15
2015-11-24,TCRT,Q0_SKIP,0,12.61,218504.7581982002,329.4781982002333,327.7571372973003,1.7210609029330044,8740.190327928009,0.00019691343533259273,CASH_SCARCITY,15
2015-11-24,NHTC,Q0_SKIP,0,46.34,218504.7581982002,329.4781982002333,327.7571372973003,1.7210609029330044,8740.190327928009,0.00019691343533259273,CASH_SCARCITY,15
2015-11-25,TYL,Q0_SKIP,0,173.45,219085.1381982002,336.9781982002333,328.62770729730033,8.350490902932961,8763.40552792801,0.0009528819448467682,CASH_SCARCITY,15
2015-11-25,ATVI,Q0_SKIP,0,37.23,219085.1381982002,336.9781982002333,328.62770729730033,8.350490902932961,8763.40552792801,0.0009528819448467682,CASH_SCARCITY,15
2015-11-25,AMZN,Q0_SKIP,0,675.34,219085.1381982002,336.9781982002333,328.62770729730033,8.350490902932961,8763.40552792801,0.0009528819448467682,CASH_SCARCITY,15
2015-11-25,VRSN,Q0_SKIP,0,89.39,219085.1381982002,336.9781982002333,328.62770729730033,8.350490902932961,8763.40552792801,0.0009528819448467682,CASH_SCARCITY,15
2015-11-25,NVR,Q0_SKIP,0,1675.57,219085.1381982002,336.9781982002333,328.62770729730033,8.350490902932961,8763.40552792801,0.0009528819448467682,CASH_SCARCITY,15
2015-11-25,PSA,Q0_SKIP,0,239.34,219085.1381982002,336.9781982002333,328.62770729730033,8.350490902932961,8763.40552792801,0.0009528819448467682,CASH_SCARCITY,15
2015-11-25,NKE,Q0_SKIP,0,134.13,219085.1381982002,336.9781982002333,328.62770729730033,8.350490902932961,8763.40552792801,0.0009528819448467682,CASH_SCARCITY,15
2015-11-25,CASY,Q0_SKIP,0,117.79,219085.1381982002,336.9781982002333,328.62770729730033,8.350490902932961,8763.40552792801,0.0009528819448467682,CASH_SCARCITY,15
2015-11-25,LMT,Q0_SKIP,0,225.8,219085.1381982002,336.9781982002333,328.62770729730033,8.350490902932961,8763.40552792801,0.0009528819448467682,CASH_SCARCITY,15
2015-11-25,LNCE,Q0_SKIP,0,38.16,219085.1381982002,336.9781982002333,328.62770729730033,8.350490902932961,8763.40552792801,0.0009528819448467682,CASH_SCARCITY,15
2015-11-25,TSS,Q0_SKIP,0,55.63,219085.1381982002,336.9781982002333,328.62770729730033,8.350490902932961,8763.40552792801,0.0009528819448467682,CASH_SCARCITY,15
2015-11-25,META,Q0_SKIP,0,105.41,219085.1381982002,336.9781982002333,328.62770729730033,8.350490902932961,8763.40552792801,0.0009528819448467682,CASH_SCARCITY,15
2015-11-25,BYD,Q0_SKIP,0,20.22,219085.1381982002,336.9781982002333,328.62770729730033,8.350490902932961,8763.40552792801,0.0009528819448467682,CASH_SCARCITY,15
2015-11-25,POOL,Q0_SKIP,0,82.25,219085.1381982002,336.9781982002333,328.62770729730033,8.350490902932961,8763.40552792801,0.0009528819448467682,CASH_SCARCITY,15
2015-11-25,POST,Q0_SKIP,0,69.1,219085.1381982002,336.9781982002333,328.62770729730033,8.350490902932961,8763.40552792801,0.0009528819448467682,CASH_SCARCITY,15
2015-11-25,HA,Q0_SKIP,0,36.6,219085.1381982002,336.9781982002333,328.62770729730033,8.350490902932961,8763.40552792801,0.0009528819448467682,CASH_SCARCITY,15
2015-11-25,HPY,Q0_SKIP,0,78.81,219085.1381982002,336.9781982002333,328.62770729730033,8.350490902932961,8763.40552792801,0.0009528819448467682,CASH_SCARCITY,15
2015-11-25,PNY,Q0_SKIP,0,57.83,219085.1381982002,336.9781982002333,328.62770729730033,8.350490902932961,8763.40552792801,0.0009528819448467682,CASH_SCARCITY,15
2015-11-25,MANH,Q0_SKIP,0,74.86,219085.1381982002,336.9781982002333,328.62770729730033,8.350490902932961,8763.40552792801,0.0009528819448467682,CASH_SCARCITY,15
2015-11-25,CUBE,Q0_SKIP,0,28.96,219085.1381982002,336.9781982002333,328.62770729730033,8.350490902932961,8763.40552792801,0.0009528819448467682,CASH_SCARCITY,15
2015-11-25,FLTX,Q0_SKIP,0,59.54,219085.1381982002,336.9781982002333,328.62770729730033,8.350490902932961,8763.40552792801,0.0009528819448467682,CASH_SCARCITY,15
2015-11-25,PBY1,Q0_SKIP,0,15.52,219085.1381982002,336.9781982002333,328.62770729730033,8.350490902932961,8763.40552792801,0.0009528819448467682,CASH_SCARCITY,15
2015-11-25,GOOGL,Q0_SKIP,0,769.26,219085.1381982002,336.9781982002333,328.62770729730033,8.350490902932961,8763.40552792801,0.0009528819448467682,CASH_SCARCITY,15
2015-11-25,JKHY,Q0_SKIP,0,78.7,219085.1381982002,336.9781982002333,328.62770729730033,8.350490902932961,8763.40552792801,0.0009528819448467682,CASH_SCARCITY,15
2015-11-25,COR2,Q0_SKIP,0,59.01,219085.1381982002,336.9781982002333,328.62770729730033,8.350490902932961,8763.40552792801,0.0009528819448467682,CASH_SCARCITY,15
2015-11-25,CINF,Q0_SKIP,0,60.86,219085.1381982002,336.9781982002333,328.62770729730033,8.350490902932961,8763.40552792801,0.0009528819448467682,CASH_SCARCITY,15
2015-11-25,MSI,Q0_SKIP,0,71.83,219085.1381982002,336.9781982002333,328.62770729730033,8.350490902932961,8763.40552792801,0.0009528819448467682,CASH_SCARCITY,15
2015-11-25,WGHTQ,Q0_SKIP,0,26.41,219085.1381982002,336.9781982002333,328.62770729730033,8.350490902932961,8763.40552792801,0.0009528819448467682,CASH_SCARCITY,15
2015-11-25,HRL,Q0_SKIP,0,73.54999999999998,219085.1381982002,336.9781982002333,328.62770729730033,8.350490902932961,8763.40552792801,0.0009528819448467682,CASH_SCARCITY,15
2015-11-25,THG,Q0_SKIP,0,84.2,219085.1381982002,336.9781982002333,328.62770729730033,8.350490902932961,8763.40552792801,0.0009528819448467682,CASH_SCARCITY,15
2015-11-25,GOOG,Q0_SKIP,0,748.15,219085.1381982002,336.9781982002333,328.62770729730033,8.350490902932961,8763.40552792801,0.0009528819448467682,CASH_SCARCITY,15
2015-11-25,CB1,Q0_SKIP,0,130.51,219085.1381982002,336.9781982002333,328.62770729730033,8.350490902932961,8763.40552792801,0.0009528819448467682,CASH_SCARCITY,15
2015-11-25,GPN,Q0_SKIP,0,72.44,219085.1381982002,336.9781982002333,328.62770729730033,8.350490902932961,8763.40552792801,0.0009528819448467682,CASH_SCARCITY,15
2015-11-25,BEE,Q0_SKIP,0,14.13,219085.1381982002,336.9781982002333,328.62770729730033,8.350490902932961,8763.40552792801,0.0009528819448467682,CASH_SCARCITY,15
2015-11-25,NVDA,Q0_SKIP,0,31.13,219085.1381982002,336.9781982002333,328.62770729730033,8.350490902932961,8763.40552792801,0.0009528819448467682,CASH_SCARCITY,15
2015-11-25,SGI,Q0_SKIP,0,81.04999999999998,219085.1381982002,336.9781982002333,328.62770729730033,8.350490902932961,8763.40552792801,0.0009528819448467682,CASH_SCARCITY,15
2015-11-25,TTWO,Q0_SKIP,0,35.62,219085.1381982002,336.9781982002333,328.62770729730033,8.350490902932961,8763.40552792801,0.0009528819448467682,CASH_SCARCITY,15
2015-11-25,EXR,Q0_SKIP,0,83.44,219085.1381982002,336.9781982002333,328.62770729730033,8.350490902932961,8763.40552792801,0.0009528819448467682,CASH_SCARCITY,15
2015-11-25,ORI,Q0_SKIP,0,19.0,219085.1381982002,336.9781982002333,328.62770729730033,8.350490902932961,8763.40552792801,0.0009528819448467682,CASH_SCARCITY,15
2015-11-25,LUV,Q0_SKIP,0,45.88,219085.1381982002,336.9781982002333,328.62770729730033,8.350490902932961,8763.40552792801,0.0009528819448467682,CASH_SCARCITY,15
2015-11-25,WP,Q0_SKIP,0,52.51,219085.1381982002,336.9781982002333,328.62770729730033,8.350490902932961,8763.40552792801,0.0009528819448467682,CASH_SCARCITY,15
2015-11-25,STZ,Q0_SKIP,0,143.19,219085.1381982002,336.9781982002333,328.62770729730033,8.350490902932961,8763.40552792801,0.0009528819448467682,CASH_SCARCITY,15
2015-11-25,CHE,Q0_SKIP,0,154.39,219085.1381982002,336.9781982002333,328.62770729730033,8.350490902932961,8763.40552792801,0.0009528819448467682,CASH_SCARCITY,15
2015-11-25,DY,Q0_SKIP,0,86.67,219085.1381982002,336.9781982002333,328.62770729730033,8.350490902932961,8763.40552792801,0.0009528819448467682,CASH_SCARCITY,15
2015-11-25,ULTI1,Q0_SKIP,0,198.18,219085.1381982002,336.9781982002333,328.62770729730033,8.350490902932961,8763.40552792801,0.0009528819448467682,CASH_SCARCITY,15
2015-11-25,AYI,Q0_SKIP,0,229.63,219085.1381982002,336.9781982002333,328.62770729730033,8.350490902932961,8763.40552792801,0.0009528819448467682,CASH_SCARCITY,15
2015-11-25,DMND,Q0_SKIP,0,41.3,219085.1381982002,336.9781982002333,328.62770729730033,8.350490902932961,8763.40552792801,0.0009528819448467682,CASH_SCARCITY,15
2015-11-25,MXL,Q0_SKIP,0,17.17,219085.1381982002,336.9781982002333,328.62770729730033,8.350490902932961,8763.40552792801,0.0009528819448467682,CASH_SCARCITY,15
2015-11-25,NTGR,Q0_SKIP,0,43.12,219085.1381982002,336.9781982002333,328.62770729730033,8.350490902932961,8763.40552792801,0.0009528819448467682,CASH_SCARCITY,15
2015-11-25,VA,Q0_SKIP,0,35.69,219085.1381982002,336.9781982002333,328.62770729730033,8.350490902932961,8763.40552792801,0.0009528819448467682,CASH_SCARCITY,15
2015-11-25,ALK,Q0_SKIP,0,79.61,219085.1381982002,336.9781982002333,328.62770729730033,8.350490902932961,8763.40552792801,0.0009528819448467682,CASH_SCARCITY,15
2015-11-25,MYGN,Q0_SKIP,0,43.82,219085.1381982002,336.9781982002333,328.62770729730033,8.350490902932961,8763.40552792801,0.0009528819448467682,CASH_SCARCITY,15
2015-11-25,FNFG,Q0_SKIP,0,10.75,219085.1381982002,336.9781982002333,328.62770729730033,8.350490902932961,8763.40552792801,0.0009528819448467682,CASH_SCARCITY,15
2015-11-25,GAS,Q0_SKIP,0,62.49,219085.1381982002,336.9781982002333,328.62770729730033,8.350490902932961,8763.40552792801,0.0009528819448467682,CASH_SCARCITY,15
2015-11-25,EW,Q0_SKIP,0,163.67,219085.1381982002,336.9781982002333,328.62770729730033,8.350490902932961,8763.40552792801,0.0009528819448467682,CASH_SCARCITY,15
2015-11-25,ITCI,Q0_SKIP,0,58.28,219085.1381982002,336.9781982002333,328.62770729730033,8.350490902932961,8763.40552792801,0.0009528819448467682,CASH_SCARCITY,15
2015-11-25,CYT1,Q0_SKIP,0,74.76,219085.1381982002,336.9781982002333,328.62770729730033,8.350490902932961,8763.40552792801,0.0009528819448467682,CASH_SCARCITY,15
2015-11-25,ATHN1,Q0_SKIP,0,166.77,219085.1381982002,336.9781982002333,328.62770729730033,8.350490902932961,8763.40552792801,0.0009528819448467682,CASH_SCARCITY,15
2015-11-25,HRB,Q0_SKIP,0,36.94,219085.1381982002,336.9781982002333,328.62770729730033,8.350490902932961,8763.40552792801,0.0009528819448467682,CASH_SCARCITY,15
2015-11-25,TAP,Q0_SKIP,0,92.5,219085.1381982002,336.9781982002333,328.62770729730033,8.350490902932961,8763.40552792801,0.0009528819448467682,CASH_SCARCITY,15
2015-11-25,ANDV,Q0_SKIP,0,117.3,219085.1381982002,336.9781982002333,328.62770729730033,8.350490902932961,8763.40552792801,0.0009528819448467682,CASH_SCARCITY,15
2015-11-25,GWRE,Q0_SKIP,0,59.74,219085.1381982002,336.9781982002333,328.62770729730033,8.350490902932961,8763.40552792801,0.0009528819448467682,CASH_SCARCITY,15
2015-11-25,MSFT,Q0_SKIP,0,53.69,219085.1381982002,336.9781982002333,328.62770729730033,8.350490902932961,8763.40552792801,0.0009528819448467682,CASH_SCARCITY,15
2015-11-25,DHI,Q0_SKIP,0,32.74,219085.1381982002,336.9781982002333,328.62770729730033,8.350490902932961,8763.40552792801,0.0009528819448467682,CASH_SCARCITY,15
2015-11-25,CCE1,Q0_SKIP,0,51.44,219085.1381982002,336.9781982002333,328.62770729730033,8.350490902932961,8763.40552792801,0.0009528819448467682,CASH_SCARCITY,15
2015-11-25,ACORQ,Q0_SKIP,0,38.06,219085.1381982002,336.9781982002333,328.62770729730033,8.350490902932961,8763.40552792801,0.0009528819448467682,CASH_SCARCITY,15
2015-11-25,CAM2,Q0_SKIP,0,68.09,219085.1381982002,336.9781982002333,328.62770729730033,8.350490902932961,8763.40552792801,0.0009528819448467682,CASH_SCARCITY,15
2015-11-25,KITE,Q0_SKIP,0,87.0,219085.1381982002,336.9781982002333,328.62770729730033,8.350490902932961,8763.40552792801,0.0009528819448467682,CASH_SCARCITY,15
2015-11-25,GES,Q0_SKIP,0,20.86,219085.1381982002,336.9781982002333,328.62770729730033,8.350490902932961,8763.40552792801,0.0009528819448467682,CASH_SCARCITY,15
2015-11-25,PMCS,Q0_SKIP,0,11.78,219085.1381982002,336.9781982002333,328.62770729730033,8.350490902932961,8763.40552792801,0.0009528819448467682,CASH_SCARCITY,15
2015-11-25,PRTA,Q0_SKIP,0,73.19,219085.1381982002,336.9781982002333,328.62770729730033,8.350490902932961,8763.40552792801,0.0009528819448467682,CASH_SCARCITY,15
2015-11-25,GGAL,Q0_SKIP,0,24.46,219085.1381982002,336.9781982002333,328.62770729730033,8.350490902932961,8763.40552792801,0.0009528819448467682,CASH_SCARCITY,15
2015-11-25,ANAC1,Q0_SKIP,0,118.06,219085.1381982002,336.9781982002333,328.62770729730033,8.350490902932961,8763.40552792801,0.0009528819448467682,CASH_SCARCITY,15
2015-11-25,SWI1,Q0_SKIP,0,58.15,219085.1381982002,336.9781982002333,328.62770729730033,8.350490902932961,8763.40552792801,0.0009528819448467682,CASH_SCARCITY,15
2015-11-25,DXCM,Q0_SKIP,0,87.4,219085.1381982002,336.9781982002333,328.62770729730033,8.350490902932961,8763.40552792801,0.0009528819448467682,CASH_SCARCITY,15
2015-11-25,TCRT,Q0_SKIP,0,12.92,219085.1381982002,336.9781982002333,328.62770729730033,8.350490902932961,8763.40552792801,0.0009528819448467682,CASH_SCARCITY,15
2015-11-25,PTLA,Q0_SKIP,0,49.97,219085.1381982002,336.9781982002333,328.62770729730033,8.350490902932961,8763.40552792801,0.0009528819448467682,CASH_SCARCITY,15
2015-11-25,MDCO,Q0_SKIP,0,42.64,219085.1381982002,336.9781982002333,328.62770729730033,8.350490902932961,8763.40552792801,0.0009528819448467682,CASH_SCARCITY,15
2015-11-25,PBF,Q0_SKIP,0,41.29,219085.1381982002,336.9781982002333,328.62770729730033,8.350490902932961,8763.40552792801,0.0009528819448467682,CASH_SCARCITY,15
2015-11-25,NFLX,Q0_SKIP,0,124.16,219085.1381982002,336.9781982002333,328.62770729730033,8.350490902932961,8763.40552792801,0.0009528819448467682,CASH_SCARCITY,15
2015-11-25,SINA,Q0_SKIP,0,51.01,219085.1381982002,336.9781982002333,328.62770729730033,8.350490902932961,8763.40552792801,0.0009528819448467682,CASH_SCARCITY,15
2015-11-27,ATVI,PLAN,1,37.24,219423.98819820027,396.12819820023327,329.1359822973004,66.99221590293286,8776.959527928011,0.0076327361075057614,,15
2016-02-04,TAL,PLAN,165,47.95,198863.45571820022,50136.12571820023,298.29518357730035,49837.83053462293,7954.538228728009,1.0,,15
2016-02-09,HRL,PLAN,92,82.86,191330.30472331724,42569.57472331723,286.99545708497584,42282.57926623226,7653.21218893269,1.0,,15
2016-02-11,TSN,PLAN,127,60.05,191907.74206331722,45165.54206331723,287.86161309497584,44877.68045022226,7676.309682532688,1.0,,15
2016-02-18,HPY,PLAN,86,91.35,198034.52031331728,37506.140313317235,297.05178046997594,37209.08853284726,7921.380812532691,1.0,,15
2016-02-22,EDU,PLAN,252,31.77,200711.09883331726,29656.818833317237,301.0666482499759,29355.75218506726,8028.44395333269,1.0,,15
2016-03-03,HMIN,PLAN,234,35.02,205814.28818041636,21903.64818041636,308.7214322706246,21594.926748145735,8232.571527216654,1.0,,15
2016-03-09,ATO,PLAN,116,70.91,206037.3212198367,13890.531219836721,309.05598182975507,13581.475238006966,8241.492848793469,1.0,,15
2016-03-11,AWK,PLAN,78,68.11,210775.74637983672,5647.456379836722,316.1636195697551,5331.292760266967,8431.029855193468,0.6323418196631008,,15
2016-05-16,AG,PLAN,786,11.23,221008.71731313108,24074.657313131047,331.5130759696966,23743.144237161352,8840.348692525244,1.0,,15
2016-05-20,B,PLAN,476,18.2,217042.88531199016,15047.675311990099,325.56432796798526,14722.110984022114,8681.715412479607,1.0,,15
2016-05-23,BKH,PLAN,106,58.19,216132.1387119901,6542.5787119901,324.19820806798515,6218.380503922114,8645.285548479604,0.7192799438551459,,15
2016-05-24,CDE,PLAN,1,7.33,218134.7577119901,335.3777119901006,327.2021365679852,8.1755754221154,8725.390308479604,0.0009369867860432701,,15
2016-06-07,HL,PLAN,60,4.4,221445.3604619901,599.8704619901006,332.16804069298513,267.70242129711545,8857.814418479604,0.030222175431743256,,15
2016-08-31,AMH,PLAN,408,21.87,223374.4670746396,17497.40707463958,335.0617006119594,17162.34537402762,8934.978682985584,1.0,,15
2016-09-30,EXEL,PLAN,647,12.79,224756.03779463953,8632.337794639581,337.1340566919593,8295.203737947622,8990.241511785582,0.9226897550052673,,15
2016-11-03,GEN,PLAN,332,25.45,211900.50862463962,16002.758624639584,317.8507629369594,15684.907861702624,8476.020344985585,1.0,,15
2016-11-04,NVDA,PLAN,117,67.57,213122.8463046396,8272.716304639584,319.6842694569594,7953.032035182624,8524.913852185584,0.932916411013779,,15
2016-11-07,BRSL,Q0_SKIP,0,28.48,216076.71010316553,336.0601031655833,324.1150651547483,11.945038010834992,8643.068404126621,0.0013820367319008894,CASH_SCARCITY,15
2016-11-07,CWEI,Q0_SKIP,0,104.34,216076.71010316553,336.0601031655833,324.1150651547483,11.945038010834992,8643.068404126621,0.0013820367319008894,CASH_SCARCITY,15
2016-11-07,TTMI,Q0_SKIP,0,13.39,216076.71010316553,336.0601031655833,324.1150651547483,11.945038010834992,8643.068404126621,0.0013820367319008894,CASH_SCARCITY,15
2016-11-07,ISIL,Q0_SKIP,0,22.09,216076.71010316553,336.0601031655833,324.1150651547483,11.945038010834992,8643.068404126621,0.0013820367319008894,CASH_SCARCITY,15
2016-11-07,LOCK,Q0_SKIP,0,17.64,216076.71010316553,336.0601031655833,324.1150651547483,11.945038010834992,8643.068404126621,0.0013820367319008894,CASH_SCARCITY,15
2016-11-07,TSM,Q0_SKIP,0,31.35,216076.71010316553,336.0601031655833,324.1150651547483,11.945038010834992,8643.068404126621,0.0013820367319008894,CASH_SCARCITY,15
2016-11-07,GIMO,Q0_SKIP,0,57.85,216076.71010316553,336.0601031655833,324.1150651547483,11.945038010834992,8643.068404126621,0.0013820367319008894,CASH_SCARCITY,15
2016-11-07,VEEV,Q0_SKIP,0,39.02,216076.71010316553,336.0601031655833,324.1150651547483,11.945038010834992,8643.068404126621,0.0013820367319008894,CASH_SCARCITY,15
2016-11-07,SGEN,Q0_SKIP,0,59.73,216076.71010316553,336.0601031655833,324.1150651547483,11.945038010834992,8643.068404126621,0.0013820367319008894,CASH_SCARCITY,15
2016-11-07,STM,PLAN,1,9.340000000000002,216076.71010316553,336.0601031655833,324.1150651547483,11.945038010834992,8643.068404126621,0.0013820367319008894,,15
2016-12-13,FNSR,PLAN,202,31.73,230937.95135709448,6787.171357094477,346.40692703564173,6440.7644300588345,9237.518054283779,0.6972397122484664,,15
2017-04-05,LOPE,PLAN,13,69.34,252032.81578709447,1315.8257870944772,378.0492236806417,937.7765634138354,10081.31263148378,0.09302127586889569,,15
2017-05-08,WNC,PLAN,239,21.82,263587.61139709444,5632.661397094477,395.38141709564167,5237.279979998835,10543.504455883778,0.49673047532845527,,15
2017-07-14,ISRG,PLAN,11,951.75,270930.9115097565,44248.791509756484,406.3963672646348,43842.39514249185,10837.23646039026,1.0,,15
2017-07-31,FIZZ,PLAN,106,102.12,272732.9661365144,33783.76613651449,409.0994492047716,33374.66668730972,10909.318645460575,1.0,,15
2017-08-04,WGHTQ,PLAN,263,41.39,273406.8172165145,22873.94721651449,410.11022582477176,22463.83699068972,10936.27268866058,1.0,,15
2017-10-25,BA,PLAN,45,258.39,295288.72274179116,28823.422741791164,442.93308411268674,28380.489657678478,11811.548909671646,1.0,,15
2018-02-14,EC,PLAN,734,17.38,319563.3059394384,17919.035939438403,479.34495890915764,17439.690980529245,12782.532237577536,1.0,,15
2018-04-19,GMED,PLAN,249,51.08,318425.3809240032,29405.200924003177,477.6380713860048,28927.56285261717,12737.015236960127,1.0,,15
2018-05-01,VIRT,PLAN,350,36.05,316581.66931400314,16770.52931400318,474.87250397100473,16295.656810032175,12663.266772560126,1.0,,15
2018-06-13,ABMD,PLAN,26,433.07,338267.6435907062,11799.423590706194,507.40146538605933,11292.022125320134,13530.705743628248,0.8345479045420573,,15
2018-08-28,TNDM,PLAN,314,40.59,319002.42410070624,84155.2441007062,478.50363615105937,83676.74046455514,12760.09696402825,1.0,,15
2018-08-29,AMED,PLAN,104,122.98,321737.1257347539,71403.52512070621,482.6056886021309,70920.91943210408,12869.485029390156,1.0,,15
2018-08-30,WWE,PLAN,149,86.26999999999998,321899.51429475384,58767.6742947539,482.84927144213077,58284.82502331177,12875.980571790154,1.0,,15
2018-09-04,IIN,PLAN,169,76.59999999999998,324151.51476475387,46002.904764753905,486.2272721471308,45516.677492606774,12966.060590590156,1.0,,15
2018-09-12,FNKO,PLAN,523,24.55,321900.9887247539,51433.62872475391,482.8514830871309,50950.77724166678,12876.039548990157,1.0,,15
2018-09-17,EPAY,PLAN,189,66.77,317184.9237947539,38954.47379475391,475.77738569213085,38478.69640906178,12687.396951790157,1.0,,15
2018-10-05,WCG,PLAN,39,315.44,315111.31263475394,37737.66263475391,472.6669689521309,37264.99566580178,12604.452505390158,1.0,,15
2018-10-09,REGI,PLAN,449,27.74,312294.70546475396,25478.245464753916,468.44205819713096,25009.803406556784,12491.788218590158,1.0,,15
2018-11-01,RGEN,PLAN,182,63.55,289463.11651475384,66137.04651475392,434.1946747721308,65702.85183998178,11578.524660590154,1.0,,15
2018-11-08,TJX,PLAN,211,55.54,293873.0142947539,54348.049294753924,440.80952144213086,53907.23977331179,11754.920571790157,1.0,,15
2018-11-09,LLY,PLAN,103,112.21,289424.45081475395,42700.26081475393,434.1366762221309,42266.1241385318,11576.978032590157,1.0,,15
2018-11-26,MKC,PLAN,75,144.74,275064.315644754,71728.74564475393,412.596473467131,71316.1491712868,11002.572625790159,1.0,,15
2018-11-29,CABO,PLAN,12,885.9299999999998,282444.677144754,60910.56714475393,423.667015717131,60486.900129036796,11297.78708579016,1.0,,15
2018-12-13,MZTI,PLAN,59,186.26,276207.57798475394,50316.87798475393,414.3113669771309,49902.5666177768,11048.303119390157,1.0,,15
2018-12-14,AEE,PLAN,155,69.81,272064.868054754,39315.95805475394,408.09730208213097,38907.860752671804,10882.594722190159,1.0,,15
2018-12-18,HELE,PLAN,78,136.49,266639.87030475395,28447.350304753938,399.9598054571309,28047.390499296806,10665.594812190158,1.0,,15
2018-12-24,IDTI,PLAN,206,48.21,249673.64174475393,17788.141744753935,374.5104626171309,17413.631282136805,9986.945669790157,1.0,,15
2018-12-26,ESL,PLAN,85,121.29,259987.65655475392,16515.70655475394,389.9814848321309,16125.725069921808,10399.506262190158,1.0,,15
2019-01-28,TRCO,PLAN,130,45.81,271173.1945547539,6398.384554753939,406.7597918321309,5991.624762921808,10846.927782190156,0.5523798888713547,,15
2019-04-26,SEE,PLAN,252,46.43,293522.9424068602,31767.99240686017,440.2844136102903,31327.70799324988,11740.917696274408,1.0,,15
2019-05-03,ENPH,PLAN,844,13.83,292110.3194468602,20043.319446860172,438.16547917029027,19605.153967689883,11684.412777874408,1.0,,15
2019-05-14,ZNGA,PLAN,1899,6.01,285649.8348868601,20143.574886860173,428.4747523302902,19715.100134529883,11425.993395474405,1.0,,15
2019-06-06,ERIE,PLAN,38,229.73,296104.30720732285,9225.2672073229,444.1564608109843,8781.110746511917,11844.172288292915,0.7413866104591701,,15
2019-07-10,AWI,PLAN,126,97.95,309362.4643373229,20083.254337322902,464.04369650598437,19619.210640816917,12374.498573492918,1.0,,15
2019-07-15,SHOP,PLAN,22,324.02,312065.4446773229,7671.194677322903,468.0981670159844,7203.096510306918,12482.617787092917,0.57705015351467,,15
2019-10-09,HSY,PLAN,80,156.47,316367.9724373229,34264.93743732291,474.5519586559844,33790.385478666925,12654.718897492916,1.0,,15
2019-10-29,AWR,PLAN,135,93.81,318202.03775732295,32209.107757322905,477.30305663598443,31731.80470068692,12728.08151029292,1.0,,15
2019-10-31,AQN,PLAN,927,13.72,318550.7301573229,19538.850157322908,477.8260952359843,19061.024062086923,12742.029206292917,1.0,,15
2019-11-15,RH,PLAN,41,188.47,327014.00300734927,8312.293007349297,490.52100451102393,7821.772002838273,13080.56012029397,0.5979691948132331,,15
2019-12-04,BLDR,PLAN,14,25.22,328491.38737734925,870.6173773492981,492.7370810660239,377.88029628327416,13139.65549509397,0.02875876741398323,,15
2020-01-31,SYNA,PLAN,184,66.69,343328.3812373492,12851.841237349296,514.9925718560238,12336.848665493271,13733.135249493967,0.8983271803099626,,15
2020-03-26,SAFE2,PLAN,175,62.36,274143.17070484627,219586.79070484627,411.2147560572694,219175.575948789,10965.72682819385,1.0,,15
2020-04-06,REGN,PLAN,21,504.27,274040.41595484625,216678.22595484625,411.0606239322694,216267.16533091397,10961.616638193851,1.0,,15
2020-04-08,BILI,PLAN,418,26.2,274148.01694484625,206108.65694484624,411.2220254172694,205697.43491942898,10965.92067779385,1.0,,15
2020-04-09,TDOC,PLAN,74,146.66,274828.99564484623,194455.71564484623,412.24349346726933,194043.47215137896,10993.15982579385,1.0,,15
2020-04-14,AXSM,PLAN,168,65.91,277821.69194484624,183340.91194484624,416.7325379172694,182924.17940692898,11112.86767779385,1.0,,15
2020-04-15,FIT,PLAN,1647,6.76,278754.24194484623,172620.20194484625,418.13136291726937,172202.07058192897,11150.169677793849,1.0,,15
2020-04-16,CCOI,PLAN,123,90.75,281476.3576348463,161524.80763484625,422.21453645226944,161102.593098394,11259.054305393853,1.0,,15
2020-04-17,ZM,PLAN,75,150.06,282694.45313484623,150259.05313484624,424.04167970226933,149835.01145514398,11307.77812539385,1.0,,15
2020-04-20,CODX,PLAN,774,14.58,282575.07563484623,138750.05563484624,423.86261345226933,138326.19302139396,11303.00302539385,1.0,,15
2020-04-21,KR,PLAN,346,32.17,278576.9764748462,127639.79647484624,417.8654647122693,127221.93101013397,11143.079058993848,1.0,,15
2020-04-22,EVBG,PLAN,92,122.05,283650.9802948463,116442.43029484624,425.47647044226943,116016.95382440397,11346.039211793852,1.0,,15
2020-04-23,EHTH,PLAN,90,126.25,285448.81597484625,105256.93597484624,428.1732239622694,104828.76275088398,11417.952638993851,1.0,,15
2020-04-24,SE,PLAN,210,54.39,286021.4818748462,94131.72187484625,429.0322228122693,93702.68965203398,11440.859274993849,1.0,,15
2020-04-27,DXCM,PLAN,34,335.05,289128.3252748462,82473.47527484625,433.69248791226937,82039.78278693398,11565.13301099385,1.0,,15
2020-04-28,XLRN,PLAN,119,94.36000000000001,283345.97027218825,71071.74027218825,425.0189554082824,70646.72131677998,11333.83881088753,1.0,,15
2020-04-29,QDEL,PLAN,80,139.7,282683.98819218826,59598.198192188254,424.0259822882824,59174.172209899974,11307.359527687531,1.0,,15
2020-04-30,VXRT,PLAN,4111,2.7,277824.9937921882,48532.74379218825,416.73749068828226,48116.00630149997,11112.999751687528,1.0,,15
2020-05-01,AUPH,PLAN,702,15.69,275915.18744218827,36804.67744218825,413.8727811632824,36390.804661024966,11036.607497687532,1.0,,15
2020-05-04,CCXI1,PLAN,206,54.54,281353.7430621882,25779.283062188253,422.03061459328234,25357.252447594972,11254.14972248753,1.0,,15
2020-05-05,GOTU,PLAN,286,39.68,284857.39306218823,14437.953062188255,427.2860895932824,14010.666972594972,11394.29572248753,1.0,,15
2020-05-06,ARVN,PLAN,46,52.7,290836.64012218826,2903.4901221882556,436.2549601832824,2467.235162004973,11633.465604887531,0.2120808403790201,,15
2020-05-07,LMNX1,Q0_SKIP,0,38.83,293915.9432621883,444.17326218825565,440.87391489328246,3.299347294973188,11756.637730487531,0.0002806369789227459,CASH_SCARCITY,15
2020-05-07,VIRT,Q0_SKIP,0,25.73,293915.9432621883,444.17326218825565,440.87391489328246,3.299347294973188,11756.637730487531,0.0002806369789227459,CASH_SCARCITY,15
2020-05-07,NVAX,Q0_SKIP,0,18.15,293915.9432621883,444.17326218825565,440.87391489328246,3.299347294973188,11756.637730487531,0.0002806369789227459,CASH_SCARCITY,15
2020-05-07,CTXS,Q0_SKIP,0,150.68,293915.9432621883,444.17326218825565,440.87391489328246,3.299347294973188,11756.637730487531,0.0002806369789227459,CASH_SCARCITY,15
2020-05-07,MASI,Q0_SKIP,0,233.41,293915.9432621883,444.17326218825565,440.87391489328246,3.299347294973188,11756.637730487531,0.0002806369789227459,CASH_SCARCITY,15
2020-05-07,ZTO,Q0_SKIP,0,29.89,293915.9432621883,444.17326218825565,440.87391489328246,3.299347294973188,11756.637730487531,0.0002806369789227459,CASH_SCARCITY,15
2020-05-07,FIVN,Q0_SKIP,0,103.86,293915.9432621883,444.17326218825565,440.87391489328246,3.299347294973188,11756.637730487531,0.0002806369789227459,CASH_SCARCITY,15
2020-05-07,MRNA,Q0_SKIP,0,53.19,293915.9432621883,444.17326218825565,440.87391489328246,3.299347294973188,11756.637730487531,0.0002806369789227459,CASH_SCARCITY,15
2020-05-07,MNTA,Q0_SKIP,0,32.4,293915.9432621883,444.17326218825565,440.87391489328246,3.299347294973188,11756.637730487531,0.0002806369789227459,CASH_SCARCITY,15
2020-05-07,APT,Q0_SKIP,0,13.5,293915.9432621883,444.17326218825565,440.87391489328246,3.299347294973188,11756.637730487531,0.0002806369789227459,CASH_SCARCITY,15
2020-05-07,INO,Q0_SKIP,0,10.7,293915.9432621883,444.17326218825565,440.87391489328246,3.299347294973188,11756.637730487531,0.0002806369789227459,CASH_SCARCITY,15
2020-05-07,NEM,Q0_SKIP,0,64.56,293915.9432621883,444.17326218825565,440.87391489328246,3.299347294973188,11756.637730487531,0.0002806369789227459,CASH_SCARCITY,15
2020-05-07,PRNB,Q0_SKIP,0,60.87,293915.9432621883,444.17326218825565,440.87391489328246,3.299347294973188,11756.637730487531,0.0002806369789227459,CASH_SCARCITY,15
2020-05-07,TSLA,Q0_SKIP,0,780.0399999999998,293915.9432621883,444.17326218825565,440.87391489328246,3.299347294973188,11756.637730487531,0.0002806369789227459,CASH_SCARCITY,15
2020-05-07,CLX,Q0_SKIP,0,201.99,293915.9432621883,444.17326218825565,440.87391489328246,3.299347294973188,11756.637730487531,0.0002806369789227459,CASH_SCARCITY,15
2020-05-07,ENPH,Q0_SKIP,0,54.49,293915.9432621883,444.17326218825565,440.87391489328246,3.299347294973188,11756.637730487531,0.0002806369789227459,CASH_SCARCITY,15
2020-05-07,LM,Q0_SKIP,0,49.96,293915.9432621883,444.17326218825565,440.87391489328246,3.299347294973188,11756.637730487531,0.0002806369789227459,CASH_SCARCITY,15
2020-05-07,RCUS,Q0_SKIP,0,29.73,293915.9432621883,444.17326218825565,440.87391489328246,3.299347294973188,11756.637730487531,0.0002806369789227459,CASH_SCARCITY,15
2020-05-07,DOCU,Q0_SKIP,0,117.7,293915.9432621883,444.17326218825565,440.87391489328246,3.299347294973188,11756.637730487531,0.0002806369789227459,CASH_SCARCITY,15
2020-05-07,BNTX,Q0_SKIP,0,49.32,293915.9432621883,444.17326218825565,440.87391489328246,3.299347294973188,11756.637730487531,0.0002806369789227459,CASH_SCARCITY,15
2020-05-07,NFLX,Q0_SKIP,0,436.53,293915.9432621883,444.17326218825565,440.87391489328246,3.299347294973188,11756.637730487531,0.0002806369789227459,CASH_SCARCITY,15
2020-05-07,ZS,Q0_SKIP,0,74.87999999999998,293915.9432621883,444.17326218825565,440.87391489328246,3.299347294973188,11756.637730487531,0.0002806369789227459,CASH_SCARCITY,15
2020-05-07,QGEN,Q0_SKIP,0,42.53,293915.9432621883,444.17326218825565,440.87391489328246,3.299347294973188,11756.637730487531,0.0002806369789227459,CASH_SCARCITY,15
2020-05-07,JD,Q0_SKIP,0,44.76,293915.9432621883,444.17326218825565,440.87391489328246,3.299347294973188,11756.637730487531,0.0002806369789227459,CASH_SCARCITY,15
2020-05-07,BAND,Q0_SKIP,0,107.03,293915.9432621883,444.17326218825565,440.87391489328246,3.299347294973188,11756.637730487531,0.0002806369789227459,CASH_SCARCITY,15
2020-05-07,CHWY,Q0_SKIP,0,39.4,293915.9432621883,444.17326218825565,440.87391489328246,3.299347294973188,11756.637730487531,0.0002806369789227459,CASH_SCARCITY,15
2020-05-07,VRTX,Q0_SKIP,0,270.01,293915.9432621883,444.17326218825565,440.87391489328246,3.299347294973188,11756.637730487531,0.0002806369789227459,CASH_SCARCITY,15
2020-05-07,LOGM,Q0_SKIP,0,85.34999999999998,293915.9432621883,444.17326218825565,440.87391489328246,3.299347294973188,11756.637730487531,0.0002806369789227459,CASH_SCARCITY,15
2020-05-07,LVGO,Q0_SKIP,0,52.43,293915.9432621883,444.17326218825565,440.87391489328246,3.299347294973188,11756.637730487531,0.0002806369789227459,CASH_SCARCITY,15
2020-05-07,NET,Q0_SKIP,0,29.52,293915.9432621883,444.17326218825565,440.87391489328246,3.299347294973188,11756.637730487531,0.0002806369789227459,CASH_SCARCITY,15
2020-05-07,ICUI,Q0_SKIP,0,217.36,293915.9432621883,444.17326218825565,440.87391489328246,3.299347294973188,11756.637730487531,0.0002806369789227459,CASH_SCARCITY,15
2020-05-07,CABO,Q0_SKIP,0,1911.2,293915.9432621883,444.17326218825565,440.87391489328246,3.299347294973188,11756.637730487531,0.0002806369789227459,CASH_SCARCITY,15
2020-05-07,AMD,Q0_SKIP,0,51.95,293915.9432621883,444.17326218825565,440.87391489328246,3.299347294973188,11756.637730487531,0.0002806369789227459,CASH_SCARCITY,15
2020-05-07,HLI,Q0_SKIP,0,59.77,293915.9432621883,444.17326218825565,440.87391489328246,3.299347294973188,11756.637730487531,0.0002806369789227459,CASH_SCARCITY,15
2020-05-07,FATE,Q0_SKIP,0,27.79,293915.9432621883,444.17326218825565,440.87391489328246,3.299347294973188,11756.637730487531,0.0002806369789227459,CASH_SCARCITY,15
2020-05-07,B,Q0_SKIP,0,27.26,293915.9432621883,444.17326218825565,440.87391489328246,3.299347294973188,11756.637730487531,0.0002806369789227459,CASH_SCARCITY,15
2020-05-07,STMP,Q0_SKIP,0,194.88,293915.9432621883,444.17326218825565,440.87391489328246,3.299347294973188,11756.637730487531,0.0002806369789227459,CASH_SCARCITY,15
2020-05-07,ATRC,Q0_SKIP,0,41.84,293915.9432621883,444.17326218825565,440.87391489328246,3.299347294973188,11756.637730487531,0.0002806369789227459,CASH_SCARCITY,15
2020-05-07,GDS,Q0_SKIP,0,62.55,293915.9432621883,444.17326218825565,440.87391489328246,3.299347294973188,11756.637730487531,0.0002806369789227459,CASH_SCARCITY,15
2020-05-07,TW,Q0_SKIP,0,55.25,293915.9432621883,444.17326218825565,440.87391489328246,3.299347294973188,11756.637730487531,0.0002806369789227459,CASH_SCARCITY,15
2020-05-07,CLVT,Q0_SKIP,0,24.45,293915.9432621883,444.17326218825565,440.87391489328246,3.299347294973188,11756.637730487531,0.0002806369789227459,CASH_SCARCITY,15
2020-05-07,AUDC,Q0_SKIP,0,34.16,293915.9432621883,444.17326218825565,440.87391489328246,3.299347294973188,11756.637730487531,0.0002806369789227459,CASH_SCARCITY,15
2020-05-07,CLVSQ,Q0_SKIP,0,8.62,293915.9432621883,444.17326218825565,440.87391489328246,3.299347294973188,11756.637730487531,0.0002806369789227459,CASH_SCARCITY,15
2020-05-07,SBAC,Q0_SKIP,0,286.13,293915.9432621883,444.17326218825565,440.87391489328246,3.299347294973188,11756.637730487531,0.0002806369789227459,CASH_SCARCITY,15
2020-05-07,CIEN,Q0_SKIP,0,46.57,293915.9432621883,444.17326218825565,440.87391489328246,3.299347294973188,11756.637730487531,0.0002806369789227459,CASH_SCARCITY,15
2020-05-07,IPHI,Q0_SKIP,0,98.97000000000001,293915.9432621883,444.17326218825565,440.87391489328246,3.299347294973188,11756.637730487531,0.0002806369789227459,CASH_SCARCITY,15
2020-05-07,TEAM,Q0_SKIP,0,179.78,293915.9432621883,444.17326218825565,440.87391489328246,3.299347294973188,11756.637730487531,0.0002806369789227459,CASH_SCARCITY,15
2020-05-07,ALNY,Q0_SKIP,0,141.45,293915.9432621883,444.17326218825565,440.87391489328246,3.299347294973188,11756.637730487531,0.0002806369789227459,CASH_SCARCITY,15
2020-05-07,AXON,Q0_SKIP,0,70.28,293915.9432621883,444.17326218825565,440.87391489328246,3.299347294973188,11756.637730487531,0.0002806369789227459,CASH_SCARCITY,15
2020-05-07,SHOP,Q0_SKIP,0,722.76,293915.9432621883,444.17326218825565,440.87391489328246,3.299347294973188,11756.637730487531,0.0002806369789227459,CASH_SCARCITY,15
2020-05-07,DKNG,Q0_SKIP,0,23.51,293915.9432621883,444.17326218825565,440.87391489328246,3.299347294973188,11756.637730487531,0.0002806369789227459,CASH_SCARCITY,15
2020-05-07,DPZ,Q0_SKIP,0,367.17,293915.9432621883,444.17326218825565,440.87391489328246,3.299347294973188,11756.637730487531,0.0002806369789227459,CASH_SCARCITY,15
2020-05-07,KNSL,Q0_SKIP,0,131.4,293915.9432621883,444.17326218825565,440.87391489328246,3.299347294973188,11756.637730487531,0.0002806369789227459,CASH_SCARCITY,15
2020-05-07,NG,Q0_SKIP,0,11.8,293915.9432621883,444.17326218825565,440.87391489328246,3.299347294973188,11756.637730487531,0.0002806369789227459,CASH_SCARCITY,15
2020-05-07,EQIX,Q0_SKIP,0,675.34,293915.9432621883,444.17326218825565,440.87391489328246,3.299347294973188,11756.637730487531,0.0002806369789227459,CASH_SCARCITY,15
2020-05-07,PETS,Q0_SKIP,0,37.55,293915.9432621883,444.17326218825565,440.87391489328246,3.299347294973188,11756.637730487531,0.0002806369789227459,CASH_SCARCITY,15
2020-05-07,INSG,Q0_SKIP,0,10.51,293915.9432621883,444.17326218825565,440.87391489328246,3.299347294973188,11756.637730487531,0.0002806369789227459,CASH_SCARCITY,15
2020-05-07,JKHY,Q0_SKIP,0,183.81,293915.9432621883,444.17326218825565,440.87391489328246,3.299347294973188,11756.637730487531,0.0002806369789227459,CASH_SCARCITY,15
2020-05-07,RARE,Q0_SKIP,0,63.12,293915.9432621883,444.17326218825565,440.87391489328246,3.299347294973188,11756.637730487531,0.0002806369789227459,CASH_SCARCITY,15
2020-05-07,GILD,Q0_SKIP,0,77.61,293915.9432621883,444.17326218825565,440.87391489328246,3.299347294973188,11756.637730487531,0.0002806369789227459,CASH_SCARCITY,15
2020-05-07,AMZN,Q0_SKIP,0,2367.61,293915.9432621883,444.17326218825565,440.87391489328246,3.299347294973188,11756.637730487531,0.0002806369789227459,CASH_SCARCITY,15
2020-05-07,IOVA,Q0_SKIP,0,33.78,293915.9432621883,444.17326218825565,440.87391489328246,3.299347294973188,11756.637730487531,0.0002806369789227459,CASH_SCARCITY,15
2020-05-07,SPCE,Q0_SKIP,0,19.84,293915.9432621883,444.17326218825565,440.87391489328246,3.299347294973188,11756.637730487531,0.0002806369789227459,CASH_SCARCITY,15
2020-05-07,NVDA,Q0_SKIP,0,304.87,293915.9432621883,444.17326218825565,440.87391489328246,3.299347294973188,11756.637730487531,0.0002806369789227459,CASH_SCARCITY,15
2020-05-07,OKTA,Q0_SKIP,0,170.29,293915.9432621883,444.17326218825565,440.87391489328246,3.299347294973188,11756.637730487531,0.0002806369789227459,CASH_SCARCITY,15
2020-05-07,SGEN,Q0_SKIP,0,163.26,293915.9432621883,444.17326218825565,440.87391489328246,3.299347294973188,11756.637730487531,0.0002806369789227459,CASH_SCARCITY,15
2020-05-07,DVA,Q0_SKIP,0,80.15999999999998,293915.9432621883,444.17326218825565,440.87391489328246,3.299347294973188,11756.637730487531,0.0002806369789227459,CASH_SCARCITY,15
2020-05-07,MSCI,Q0_SKIP,0,334.1,293915.9432621883,444.17326218825565,440.87391489328246,3.299347294973188,11756.637730487531,0.0002806369789227459,CASH_SCARCITY,15
2020-05-07,PLUG,Q0_SKIP,0,4.37,293915.9432621883,444.17326218825565,440.87391489328246,3.299347294973188,11756.637730487531,0.0002806369789227459,CASH_SCARCITY,15
2020-05-07,FRPT,Q0_SKIP,0,71.91,293915.9432621883,444.17326218825565,440.87391489328246,3.299347294973188,11756.637730487531,0.0002806369789227459,CASH_SCARCITY,15
2020-05-07,TGTX,Q0_SKIP,0,18.64,293915.9432621883,444.17326218825565,440.87391489328246,3.299347294973188,11756.637730487531,0.0002806369789227459,CASH_SCARCITY,15
2020-05-07,CRWD,Q0_SKIP,0,75.48999999999998,293915.9432621883,444.17326218825565,440.87391489328246,3.299347294973188,11756.637730487531,0.0002806369789227459,CASH_SCARCITY,15
2020-05-07,FTNT,Q0_SKIP,0,135.12,293915.9432621883,444.17326218825565,440.87391489328246,3.299347294973188,11756.637730487531,0.0002806369789227459,CASH_SCARCITY,15
2020-05-07,RNG,Q0_SKIP,0,259.7,293915.9432621883,444.17326218825565,440.87391489328246,3.299347294973188,11756.637730487531,0.0002806369789227459,CASH_SCARCITY,15
2020-05-07,WING,Q0_SKIP,0,123.0,293915.9432621883,444.17326218825565,440.87391489328246,3.299347294973188,11756.637730487531,0.0002806369789227459,CASH_SCARCITY,15
2020-05-07,PTON,Q0_SKIP,0,44.12,293915.9432621883,444.17326218825565,440.87391489328246,3.299347294973188,11756.637730487531,0.0002806369789227459,CASH_SCARCITY,15
2020-05-07,SYNA,Q0_SKIP,0,69.01,293915.9432621883,444.17326218825565,440.87391489328246,3.299347294973188,11756.637730487531,0.0002806369789227459,CASH_SCARCITY,15
2020-05-07,PODD,Q0_SKIP,0,215.15,293915.9432621883,444.17326218825565,440.87391489328246,3.299347294973188,11756.637730487531,0.0002806369789227459,CASH_SCARCITY,15
2020-05-07,FNV,Q0_SKIP,0,144.62,293915.9432621883,444.17326218825565,440.87391489328246,3.299347294973188,11756.637730487531,0.0002806369789227459,CASH_SCARCITY,15
2020-05-07,DLR,Q0_SKIP,0,149.03,293915.9432621883,444.17326218825565,440.87391489328246,3.299347294973188,11756.637730487531,0.0002806369789227459,CASH_SCARCITY,15
2020-05-07,KPTI,Q0_SKIP,0,19.46,293915.9432621883,444.17326218825565,440.87391489328246,3.299347294973188,11756.637730487531,0.0002806369789227459,CASH_SCARCITY,15
2020-05-07,CEMI,Q0_SKIP,0,11.78,293915.9432621883,444.17326218825565,440.87391489328246,3.299347294973188,11756.637730487531,0.0002806369789227459,CASH_SCARCITY,15
2020-05-07,MOH,Q0_SKIP,0,177.27,293915.9432621883,444.17326218825565,440.87391489328246,3.299347294973188,11756.637730487531,0.0002806369789227459,CASH_SCARCITY,15
2020-05-07,MSFT,Q0_SKIP,0,183.6,293915.9432621883,444.17326218825565,440.87391489328246,3.299347294973188,11756.637730487531,0.0002806369789227459,CASH_SCARCITY,15
2020-05-07,CNC,Q0_SKIP,0,64.61,293915.9432621883,444.17326218825565,440.87391489328246,3.299347294973188,11756.637730487531,0.0002806369789227459,CASH_SCARCITY,15
2020-05-07,NTES,Q0_SKIP,0,347.32,293915.9432621883,444.17326218825565,440.87391489328246,3.299347294973188,11756.637730487531,0.0002806369789227459,CASH_SCARCITY,15
2020-05-07,SNDX,Q0_SKIP,0,18.01,293915.9432621883,444.17326218825565,440.87391489328246,3.299347294973188,11756.637730487531,0.0002806369789227459,CASH_SCARCITY,15
2020-05-07,ADVM,Q0_SKIP,0,19.7,293915.9432621883,444.17326218825565,440.87391489328246,3.299347294973188,11756.637730487531,0.0002806369789227459,CASH_SCARCITY,15
2020-05-07,ODFL,Q0_SKIP,0,149.71,293915.9432621883,444.17326218825565,440.87391489328246,3.299347294973188,11756.637730487531,0.0002806369789227459,CASH_SCARCITY,15
2020-05-07,ARCT,Q0_SKIP,0,37.57,293915.9432621883,444.17326218825565,440.87391489328246,3.299347294973188,11756.637730487531,0.0002806369789227459,CASH_SCARCITY,15
2020-05-07,GRUB1,Q0_SKIP,0,44.89,293915.9432621883,444.17326218825565,440.87391489328246,3.299347294973188,11756.637730487531,0.0002806369789227459,CASH_SCARCITY,15
2020-05-07,EXEL,Q0_SKIP,0,25.3,293915.9432621883,444.17326218825565,440.87391489328246,3.299347294973188,11756.637730487531,0.0002806369789227459,CASH_SCARCITY,15
2020-05-07,PLUR,Q0_SKIP,0,8.49,293915.9432621883,444.17326218825565,440.87391489328246,3.299347294973188,11756.637730487531,0.0002806369789227459,CASH_SCARCITY,15
2020-05-07,GBT,Q0_SKIP,0,77.44,293915.9432621883,444.17326218825565,440.87391489328246,3.299347294973188,11756.637730487531,0.0002806369789227459,CASH_SCARCITY,15
2020-05-07,CAG,Q0_SKIP,0,33.17,293915.9432621883,444.17326218825565,440.87391489328246,3.299347294973188,11756.637730487531,0.0002806369789227459,CASH_SCARCITY,15
2020-05-07,CCI,Q0_SKIP,0,154.69,293915.9432621883,444.17326218825565,440.87391489328246,3.299347294973188,11756.637730487531,0.0002806369789227459,CASH_SCARCITY,15
2020-05-07,LDOS,Q0_SKIP,0,100.38,293915.9432621883,444.17326218825565,440.87391489328246,3.299347294973188,11756.637730487531,0.0002806369789227459,CASH_SCARCITY,15
2020-05-07,LITE,Q0_SKIP,0,79.62,293915.9432621883,444.17326218825565,440.87391489328246,3.299347294973188,11756.637730487531,0.0002806369789227459,CASH_SCARCITY,15
2020-05-07,SMAR,Q0_SKIP,0,55.91,293915.9432621883,444.17326218825565,440.87391489328246,3.299347294973188,11756.637730487531,0.0002806369789227459,CASH_SCARCITY,15
2020-05-07,NVRO,Q0_SKIP,0,125.05,293915.9432621883,444.17326218825565,440.87391489328246,3.299347294973188,11756.637730487531,0.0002806369789227459,CASH_SCARCITY,15
2020-05-07,MKTX,Q0_SKIP,0,480.75,293915.9432621883,444.17326218825565,440.87391489328246,3.299347294973188,11756.637730487531,0.0002806369789227459,CASH_SCARCITY,15
2020-05-07,PING,Q0_SKIP,0,25.53,293915.9432621883,444.17326218825565,440.87391489328246,3.299347294973188,11756.637730487531,0.0002806369789227459,CASH_SCARCITY,15
2020-05-07,ANET,Q0_SKIP,0,210.43,293915.9432621883,444.17326218825565,440.87391489328246,3.299347294973188,11756.637730487531,0.0002806369789227459,CASH_SCARCITY,15
2020-05-07,AMT,Q0_SKIP,0,235.25,293915.9432621883,444.17326218825565,440.87391489328246,3.299347294973188,11756.637730487531,0.0002806369789227459,CASH_SCARCITY,15
2020-05-07,EQX,Q0_SKIP,0,9.07,293915.9432621883,444.17326218825565,440.87391489328246,3.299347294973188,11756.637730487531,0.0002806369789227459,CASH_SCARCITY,15
2020-05-07,AGIO,Q0_SKIP,0,39.31,293915.9432621883,444.17326218825565,440.87391489328246,3.299347294973188,11756.637730487531,0.0002806369789227459,CASH_SCARCITY,15
2020-05-07,WORK,Q0_SKIP,0,29.95,293915.9432621883,444.17326218825565,440.87391489328246,3.299347294973188,11756.637730487531,0.0002806369789227459,CASH_SCARCITY,15
2020-05-07,DT,Q0_SKIP,0,31.89,293915.9432621883,444.17326218825565,440.87391489328246,3.299347294973188,11756.637730487531,0.0002806369789227459,CASH_SCARCITY,15
2020-05-07,Z,Q0_SKIP,0,48.56,293915.9432621883,444.17326218825565,440.87391489328246,3.299347294973188,11756.637730487531,0.0002806369789227459,CASH_SCARCITY,15
2020-05-07,FOLD,Q0_SKIP,0,11.62,293915.9432621883,444.17326218825565,440.87391489328246,3.299347294973188,11756.637730487531,0.0002806369789227459,CASH_SCARCITY,15
2020-05-07,TEVA,Q0_SKIP,0,11.55,293915.9432621883,444.17326218825565,440.87391489328246,3.299347294973188,11756.637730487531,0.0002806369789227459,CASH_SCARCITY,15
2020-05-07,ETSY,Q0_SKIP,0,76.59,293915.9432621883,444.17326218825565,440.87391489328246,3.299347294973188,11756.637730487531,0.0002806369789227459,CASH_SCARCITY,15
2020-05-07,TXG,Q0_SKIP,0,80.81,293915.9432621883,444.17326218825565,440.87391489328246,3.299347294973188,11756.637730487531,0.0002806369789227459,CASH_SCARCITY,15
2020-05-07,ZG,Q0_SKIP,0,48.19,293915.9432621883,444.17326218825565,440.87391489328246,3.299347294973188,11756.637730487531,0.0002806369789227459,CASH_SCARCITY,15
2020-05-07,NIO,Q0_SKIP,0,3.63,293915.9432621883,444.17326218825565,440.87391489328246,3.299347294973188,11756.637730487531,0.0002806369789227459,CASH_SCARCITY,15
2020-05-08,LMNX1,Q0_SKIP,0,33.245,296746.08326218824,444.17326218825565,445.1191248932824,0.0,11869.84333048753,0.0,CASH_SCARCITY,15
2020-05-08,NVAX,Q0_SKIP,0,18.73,296746.08326218824,444.17326218825565,445.1191248932824,0.0,11869.84333048753,0.0,CASH_SCARCITY,15
2020-05-08,MASI,Q0_SKIP,0,237.14,296746.08326218824,444.17326218825565,445.1191248932824,0.0,11869.84333048753,0.0,CASH_SCARCITY,15
2020-05-08,PRNB,Q0_SKIP,0,61.45,296746.08326218824,444.17326218825565,445.1191248932824,0.0,11869.84333048753,0.0,CASH_SCARCITY,15
2020-05-08,MRNA,Q0_SKIP,0,59.25,296746.08326218824,444.17326218825565,445.1191248932824,0.0,11869.84333048753,0.0,CASH_SCARCITY,15
2020-05-08,CTXS,Q0_SKIP,0,150.98,296746.08326218824,444.17326218825565,445.1191248932824,0.0,11869.84333048753,0.0,CASH_SCARCITY,15
2020-05-08,CHWY,Q0_SKIP,0,39.41,296746.08326218824,444.17326218825565,445.1191248932824,0.0,11869.84333048753,0.0,CASH_SCARCITY,15
2020-05-08,ZTO,Q0_SKIP,0,31.15,296746.08326218824,444.17326218825565,445.1191248932824,0.0,11869.84333048753,0.0,CASH_SCARCITY,15
2020-05-08,ENPH,Q0_SKIP,0,57.28,296746.08326218824,444.17326218825565,445.1191248932824,0.0,11869.84333048753,0.0,CASH_SCARCITY,15
2020-05-08,MNTA,Q0_SKIP,0,32.76,296746.08326218824,444.17326218825565,445.1191248932824,0.0,11869.84333048753,0.0,CASH_SCARCITY,15
2020-05-08,APT,Q0_SKIP,0,13.05,296746.08326218824,444.17326218825565,445.1191248932824,0.0,11869.84333048753,0.0,CASH_SCARCITY,15
2020-05-08,FATE,Q0_SKIP,0,28.84,296746.08326218824,444.17326218825565,445.1191248932824,0.0,11869.84333048753,0.0,CASH_SCARCITY,15
2020-05-08,RCUS,Q0_SKIP,0,30.08,296746.08326218824,444.17326218825565,445.1191248932824,0.0,11869.84333048753,0.0,CASH_SCARCITY,15
2020-05-08,ZS,Q0_SKIP,0,74.01999999999998,296746.08326218824,444.17326218825565,445.1191248932824,0.0,11869.84333048753,0.0,CASH_SCARCITY,15
2020-05-08,INO,Q0_SKIP,0,10.855,296746.08326218824,444.17326218825565,445.1191248932824,0.0,11869.84333048753,0.0,CASH_SCARCITY,15
2020-05-08,NEM,Q0_SKIP,0,64.55,296746.08326218824,444.17326218825565,445.1191248932824,0.0,11869.84333048753,0.0,CASH_SCARCITY,15
2020-05-08,LM,Q0_SKIP,0,49.75,296746.08326218824,444.17326218825565,445.1191248932824,0.0,11869.84333048753,0.0,CASH_SCARCITY,15
2020-05-08,BNTX,Q0_SKIP,0,49.24,296746.08326218824,444.17326218825565,445.1191248932824,0.0,11869.84333048753,0.0,CASH_SCARCITY,15
2020-05-08,FIVN,Q0_SKIP,0,104.53,296746.08326218824,444.17326218825565,445.1191248932824,0.0,11869.84333048753,0.0,CASH_SCARCITY,15
2020-05-08,DOCU,Q0_SKIP,0,116.56,296746.08326218824,444.17326218825565,445.1191248932824,0.0,11869.84333048753,0.0,CASH_SCARCITY,15
2020-05-08,TSLA,Q0_SKIP,0,819.4199999999998,296746.08326218824,444.17326218825565,445.1191248932824,0.0,11869.84333048753,0.0,CASH_SCARCITY,15
2020-05-08,CLX,Q0_SKIP,0,204.05,296746.08326218824,444.17326218825565,445.1191248932824,0.0,11869.84333048753,0.0,CASH_SCARCITY,15
2020-05-08,NET,Q0_SKIP,0,26.26,296746.08326218824,444.17326218825565,445.1191248932824,0.0,11869.84333048753,0.0,CASH_SCARCITY,15
2020-05-08,NFLX,Q0_SKIP,0,435.55,296746.08326218824,444.17326218825565,445.1191248932824,0.0,11869.84333048753,0.0,CASH_SCARCITY,15
2020-05-08,BAND,Q0_SKIP,0,108.03,296746.08326218824,444.17326218825565,445.1191248932824,0.0,11869.84333048753,0.0,CASH_SCARCITY,15
2020-05-08,DKNG,Q0_SKIP,0,23.45,296746.08326218824,444.17326218825565,445.1191248932824,0.0,11869.84333048753,0.0,CASH_SCARCITY,15
2020-05-08,LVGO,Q0_SKIP,0,53.96,296746.08326218824,444.17326218825565,445.1191248932824,0.0,11869.84333048753,0.0,CASH_SCARCITY,15
2020-05-08,VRTX,Q0_SKIP,0,271.63,296746.08326218824,444.17326218825565,445.1191248932824,0.0,11869.84333048753,0.0,CASH_SCARCITY,15
2020-05-08,CGEN,Q0_SKIP,0,15.41,296746.08326218824,444.17326218825565,445.1191248932824,0.0,11869.84333048753,0.0,CASH_SCARCITY,15
2020-05-08,INSG,Q0_SKIP,0,11.2,296746.08326218824,444.17326218825565,445.1191248932824,0.0,11869.84333048753,0.0,CASH_SCARCITY,15
2020-05-08,LOGM,Q0_SKIP,0,85.19,296746.08326218824,444.17326218825565,445.1191248932824,0.0,11869.84333048753,0.0,CASH_SCARCITY,15
2020-05-08,STMP,Q0_SKIP,0,202.87,296746.08326218824,444.17326218825565,445.1191248932824,0.0,11869.84333048753,0.0,CASH_SCARCITY,15
2020-05-08,JD,Q0_SKIP,0,46.78,296746.08326218824,444.17326218825565,445.1191248932824,0.0,11869.84333048753,0.0,CASH_SCARCITY,15
2020-05-08,SHOP,Q0_SKIP,0,708.97,296746.08326218824,444.17326218825565,445.1191248932824,0.0,11869.84333048753,0.0,CASH_SCARCITY,15
2020-05-08,TEAM,Q0_SKIP,0,176.19,296746.08326218824,444.17326218825565,445.1191248932824,0.0,11869.84333048753,0.0,CASH_SCARCITY,15
2020-05-08,AMD,Q0_SKIP,0,53.19,296746.08326218824,444.17326218825565,445.1191248932824,0.0,11869.84333048753,0.0,CASH_SCARCITY,15
2020-05-08,QGEN,Q0_SKIP,0,42.83,296746.08326218824,444.17326218825565,445.1191248932824,0.0,11869.84333048753,0.0,CASH_SCARCITY,15
2020-05-08,VIPS,Q0_SKIP,0,17.18,296746.08326218824,444.17326218825565,445.1191248932824,0.0,11869.84333048753,0.0,CASH_SCARCITY,15
2020-05-08,RARE,Q0_SKIP,0,63.84,296746.08326218824,444.17326218825565,445.1191248932824,0.0,11869.84333048753,0.0,CASH_SCARCITY,15
2020-05-08,AXON,Q0_SKIP,0,86.12999999999998,296746.08326218824,444.17326218825565,445.1191248932824,0.0,11869.84333048753,0.0,CASH_SCARCITY,15
2020-05-08,EQIX,Q0_SKIP,0,678.16,296746.08326218824,444.17326218825565,445.1191248932824,0.0,11869.84333048753,0.0,CASH_SCARCITY,15
2020-05-08,ATRC,Q0_SKIP,0,45.06,296746.08326218824,444.17326218825565,445.1191248932824,0.0,11869.84333048753,0.0,CASH_SCARCITY,15
2020-05-08,AUDC,Q0_SKIP,0,33.8,296746.08326218824,444.17326218825565,445.1191248932824,0.0,11869.84333048753,0.0,CASH_SCARCITY,15
2020-05-08,ALNY,Q0_SKIP,0,136.13,296746.08326218824,444.17326218825565,445.1191248932824,0.0,11869.84333048753,0.0,CASH_SCARCITY,15
2020-05-08,MOH,Q0_SKIP,0,175.55,296746.08326218824,444.17326218825565,445.1191248932824,0.0,11869.84333048753,0.0,CASH_SCARCITY,15
2020-05-08,VIR,Q0_SKIP,0,30.79,296746.08326218824,444.17326218825565,445.1191248932824,0.0,11869.84333048753,0.0,CASH_SCARCITY,15
2020-05-08,TW,Q0_SKIP,0,58.18,296746.08326218824,444.17326218825565,445.1191248932824,0.0,11869.84333048753,0.0,CASH_SCARCITY,15
2020-05-08,CABO,Q0_SKIP,0,1844.49,296746.08326218824,444.17326218825565,445.1191248932824,0.0,11869.84333048753,0.0,CASH_SCARCITY,15
2020-05-08,PCG,Q0_SKIP,0,11.59,296746.08326218824,444.17326218825565,445.1191248932824,0.0,11869.84333048753,0.0,CASH_SCARCITY,15
2020-05-08,CIEN,Q0_SKIP,0,47.96,296746.08326218824,444.17326218825565,445.1191248932824,0.0,11869.84333048753,0.0,CASH_SCARCITY,15
2020-05-08,DPZ,Q0_SKIP,0,369.11,296746.08326218824,444.17326218825565,445.1191248932824,0.0,11869.84333048753,0.0,CASH_SCARCITY,15
2020-05-08,CLVSQ,Q0_SKIP,0,9.02,296746.08326218824,444.17326218825565,445.1191248932824,0.0,11869.84333048753,0.0,CASH_SCARCITY,15
2020-05-08,NG,Q0_SKIP,0,11.47,296746.08326218824,444.17326218825565,445.1191248932824,0.0,11869.84333048753,0.0,CASH_SCARCITY,15
2020-05-08,SYNA,Q0_SKIP,0,67.41,296746.08326218824,444.17326218825565,445.1191248932824,0.0,11869.84333048753,0.0,CASH_SCARCITY,15
2020-05-08,B,Q0_SKIP,0,27.39,296746.08326218824,444.17326218825565,445.1191248932824,0.0,11869.84333048753,0.0,CASH_SCARCITY,15
2020-05-08,TAL,Q0_SKIP,0,54.8,296746.08326218824,444.17326218825565,445.1191248932824,0.0,11869.84333048753,0.0,CASH_SCARCITY,15
2020-05-08,RNG,Q0_SKIP,0,266.73,296746.08326218824,444.17326218825565,445.1191248932824,0.0,11869.84333048753,0.0,CASH_SCARCITY,15
2020-05-08,SPCE,Q0_SKIP,0,20.18,296746.08326218824,444.17326218825565,445.1191248932824,0.0,11869.84333048753,0.0,CASH_SCARCITY,15
2020-05-08,FVRR,Q0_SKIP,0,48.81,296746.08326218824,444.17326218825565,445.1191248932824,0.0,11869.84333048753,0.0,CASH_SCARCITY,15
2020-05-08,GDS,Q0_SKIP,0,62.92,296746.08326218824,444.17326218825565,445.1191248932824,0.0,11869.84333048753,0.0,CASH_SCARCITY,15
2020-05-08,CNC,Q0_SKIP,0,65.88,296746.08326218824,444.17326218825565,445.1191248932824,0.0,11869.84333048753,0.0,CASH_SCARCITY,15
2020-05-08,IOVA,Q0_SKIP,0,36.11,296746.08326218824,444.17326218825565,445.1191248932824,0.0,11869.84333048753,0.0,CASH_SCARCITY,15
2020-05-08,EXEL,Q0_SKIP,0,26.0,296746.08326218824,444.17326218825565,445.1191248932824,0.0,11869.84333048753,0.0,CASH_SCARCITY,15
2020-05-08,PLUR,Q0_SKIP,0,9.89,296746.08326218824,444.17326218825565,445.1191248932824,0.0,11869.84333048753,0.0,CASH_SCARCITY,15
2020-05-08,NVDA,Q0_SKIP,0,312.5,296746.08326218824,444.17326218825565,445.1191248932824,0.0,11869.84333048753,0.0,CASH_SCARCITY,15
2020-05-08,CLVT,Q0_SKIP,0,23.69,296746.08326218824,444.17326218825565,445.1191248932824,0.0,11869.84333048753,0.0,CASH_SCARCITY,15
2020-05-08,PETS,Q0_SKIP,0,37.02,296746.08326218824,444.17326218825565,445.1191248932824,0.0,11869.84333048753,0.0,CASH_SCARCITY,15
2020-05-08,GBT,Q0_SKIP,0,77.25,296746.08326218824,444.17326218825565,445.1191248932824,0.0,11869.84333048753,0.0,CASH_SCARCITY,15
2020-05-08,NVRO,Q0_SKIP,0,124.89,296746.08326218824,444.17326218825565,445.1191248932824,0.0,11869.84333048753,0.0,CASH_SCARCITY,15
2020-05-08,BIO,Q0_SKIP,0,456.35,296746.08326218824,444.17326218825565,445.1191248932824,0.0,11869.84333048753,0.0,CASH_SCARCITY,15
2020-05-08,IPHI,Q0_SKIP,0,110.78,296746.08326218824,444.17326218825565,445.1191248932824,0.0,11869.84333048753,0.0,CASH_SCARCITY,15
2020-05-08,MSCI,Q0_SKIP,0,333.58,296746.08326218824,444.17326218825565,445.1191248932824,0.0,11869.84333048753,0.0,CASH_SCARCITY,15
2020-05-08,JKHY,Q0_SKIP,0,182.79,296746.08326218824,444.17326218825565,445.1191248932824,0.0,11869.84333048753,0.0,CASH_SCARCITY,15
2020-05-08,GILD,Q0_SKIP,0,77.48999999999998,296746.08326218824,444.17326218825565,445.1191248932824,0.0,11869.84333048753,0.0,CASH_SCARCITY,15
2020-05-08,OKTA,Q0_SKIP,0,169.38,296746.08326218824,444.17326218825565,445.1191248932824,0.0,11869.84333048753,0.0,CASH_SCARCITY,15
2020-05-08,CEMI,Q0_SKIP,0,11.76,296746.08326218824,444.17326218825565,445.1191248932824,0.0,11869.84333048753,0.0,CASH_SCARCITY,15
2020-05-08,CRWD,Q0_SKIP,0,76.7,296746.08326218824,444.17326218825565,445.1191248932824,0.0,11869.84333048753,0.0,CASH_SCARCITY,15
2020-05-08,WING,Q0_SKIP,0,127.55,296746.08326218824,444.17326218825565,445.1191248932824,0.0,11869.84333048753,0.0,CASH_SCARCITY,15
2020-05-08,KNSL,Q0_SKIP,0,135.64,296746.08326218824,444.17326218825565,445.1191248932824,0.0,11869.84333048753,0.0,CASH_SCARCITY,15
2020-05-08,PLUG,Q0_SKIP,0,4.55,296746.08326218824,444.17326218825565,445.1191248932824,0.0,11869.84333048753,0.0,CASH_SCARCITY,15
2020-05-08,FRPT,Q0_SKIP,0,73.59,296746.08326218824,444.17326218825565,445.1191248932824,0.0,11869.84333048753,0.0,CASH_SCARCITY,15
2020-05-08,CCI,Q0_SKIP,0,157.7,296746.08326218824,444.17326218825565,445.1191248932824,0.0,11869.84333048753,0.0,CASH_SCARCITY,15
2020-05-08,GO,Q0_SKIP,0,36.71,296746.08326218824,444.17326218825565,445.1191248932824,0.0,11869.84333048753,0.0,CASH_SCARCITY,15
2020-05-08,ADVM,Q0_SKIP,0,19.59,296746.08326218824,444.17326218825565,445.1191248932824,0.0,11869.84333048753,0.0,CASH_SCARCITY,15
2020-05-08,PING,Q0_SKIP,0,25.52,296746.08326218824,444.17326218825565,445.1191248932824,0.0,11869.84333048753,0.0,CASH_SCARCITY,15
2020-05-08,WORK,Q0_SKIP,0,31.16,296746.08326218824,444.17326218825565,445.1191248932824,0.0,11869.84333048753,0.0,CASH_SCARCITY,15
2020-05-08,FTNT,Q0_SKIP,0,136.84,296746.08326218824,444.17326218825565,445.1191248932824,0.0,11869.84333048753,0.0,CASH_SCARCITY,15
2020-05-08,TGTX,Q0_SKIP,0,18.82,296746.08326218824,444.17326218825565,445.1191248932824,0.0,11869.84333048753,0.0,CASH_SCARCITY,15
2020-05-08,DT,Q0_SKIP,0,31.22,296746.08326218824,444.17326218825565,445.1191248932824,0.0,11869.84333048753,0.0,CASH_SCARCITY,15
2020-05-08,SMAR,Q0_SKIP,0,56.42,296746.08326218824,444.17326218825565,445.1191248932824,0.0,11869.84333048753,0.0,CASH_SCARCITY,15
2020-05-08,NIO,Q0_SKIP,0,3.77,296746.08326218824,444.17326218825565,445.1191248932824,0.0,11869.84333048753,0.0,CASH_SCARCITY,15
2020-05-08,LITE,Q0_SKIP,0,81.20999999999998,296746.08326218824,444.17326218825565,445.1191248932824,0.0,11869.84333048753,0.0,CASH_SCARCITY,15
2020-05-08,TEVA,Q0_SKIP,0,11.29,296746.08326218824,444.17326218825565,445.1191248932824,0.0,11869.84333048753,0.0,CASH_SCARCITY,15
2020-05-08,MSFT,Q0_SKIP,0,184.68,296746.08326218824,444.17326218825565,445.1191248932824,0.0,11869.84333048753,0.0,CASH_SCARCITY,15
2020-05-08,VEEV,Q0_SKIP,0,192.34,296746.08326218824,444.17326218825565,445.1191248932824,0.0,11869.84333048753,0.0,CASH_SCARCITY,15
2020-05-08,PTON,Q0_SKIP,0,43.0,296746.08326218824,444.17326218825565,445.1191248932824,0.0,11869.84333048753,0.0,CASH_SCARCITY,15
2020-05-08,GRUB1,Q0_SKIP,0,46.82,296746.08326218824,444.17326218825565,445.1191248932824,0.0,11869.84333048753,0.0,CASH_SCARCITY,15
2020-05-08,SNDX,Q0_SKIP,0,18.03,296746.08326218824,444.17326218825565,445.1191248932824,0.0,11869.84333048753,0.0,CASH_SCARCITY,15
2020-05-08,ETSY,Q0_SKIP,0,80.70999999999998,296746.08326218824,444.17326218825565,445.1191248932824,0.0,11869.84333048753,0.0,CASH_SCARCITY,15
2020-05-08,TXG,Q0_SKIP,0,82.95999999999998,296746.08326218824,444.17326218825565,445.1191248932824,0.0,11869.84333048753,0.0,CASH_SCARCITY,15
2020-05-08,ARCT,Q0_SKIP,0,39.23,296746.08326218824,444.17326218825565,445.1191248932824,0.0,11869.84333048753,0.0,CASH_SCARCITY,15
2020-05-08,TNDM,Q0_SKIP,0,87.78,296746.08326218824,444.17326218825565,445.1191248932824,0.0,11869.84333048753,0.0,CASH_SCARCITY,15
2020-05-08,IRTC,Q0_SKIP,0,124.52,296746.08326218824,444.17326218825565,445.1191248932824,0.0,11869.84333048753,0.0,CASH_SCARCITY,15
2020-05-08,AXNX,Q0_SKIP,0,35.15,296746.08326218824,444.17326218825565,445.1191248932824,0.0,11869.84333048753,0.0,CASH_SCARCITY,15
2020-05-08,NEO,Q0_SKIP,0,28.1,296746.08326218824,444.17326218825565,445.1191248932824,0.0,11869.84333048753,0.0,CASH_SCARCITY,15
2020-05-08,MEDP,Q0_SKIP,0,82.18,296746.08326218824,444.17326218825565,445.1191248932824,0.0,11869.84333048753,0.0,CASH_SCARCITY,15
2020-05-08,EQX,Q0_SKIP,0,8.849999999999998,296746.08326218824,444.17326218825565,445.1191248932824,0.0,11869.84333048753,0.0,CASH_SCARCITY,15
2020-05-08,SEDG,Q0_SKIP,0,118.32,296746.08326218824,444.17326218825565,445.1191248932824,0.0,11869.84333048753,0.0,CASH_SCARCITY,15
2020-05-08,Z,Q0_SKIP,0,52.97,296746.08326218824,444.17326218825565,445.1191248932824,0.0,11869.84333048753,0.0,CASH_SCARCITY,15
2020-05-08,FOLD,Q0_SKIP,0,11.67,296746.08326218824,444.17326218825565,445.1191248932824,0.0,11869.84333048753,0.0,CASH_SCARCITY,15
2020-05-08,ZG,Q0_SKIP,0,52.69,296746.08326218824,444.17326218825565,445.1191248932824,0.0,11869.84333048753,0.0,CASH_SCARCITY,15
2020-05-08,TNK,Q0_SKIP,0,18.3,296746.08326218824,444.17326218825565,445.1191248932824,0.0,11869.84333048753,0.0,CASH_SCARCITY,15
2020-05-08,AYTU,Q0_SKIP,0,1.53,296746.08326218824,444.17326218825565,445.1191248932824,0.0,11869.84333048753,0.0,CASH_SCARCITY,15
2020-05-11,BAND,Q0_SKIP,0,109.9,309211.85326218826,444.17326218825565,463.8177798932824,0.0,12368.474130487532,0.0,CASH_SCARCITY,15
2020-05-11,VIRT,Q0_SKIP,0,24.34,309211.85326218826,444.17326218825565,463.8177798932824,0.0,12368.474130487532,0.0,CASH_SCARCITY,15
2020-05-11,LMNX1,Q0_SKIP,0,34.46,309211.85326218826,444.17326218825565,463.8177798932824,0.0,12368.474130487532,0.0,CASH_SCARCITY,15
2020-05-11,NEM,Q0_SKIP,0,62.95,309211.85326218826,444.17326218825565,463.8177798932824,0.0,12368.474130487532,0.0,CASH_SCARCITY,15
2020-05-11,PRNB,Q0_SKIP,0,66.61,309211.85326218826,444.17326218825565,463.8177798932824,0.0,12368.474130487532,0.0,CASH_SCARCITY,15
2020-05-11,NVAX,Q0_SKIP,0,24.5,309211.85326218826,444.17326218825565,463.8177798932824,0.0,12368.474130487532,0.0,CASH_SCARCITY,15
2020-05-11,RCUS,Q0_SKIP,0,30.45,309211.85326218826,444.17326218825565,463.8177798932824,0.0,12368.474130487532,0.0,CASH_SCARCITY,15
2020-05-11,MASI,Q0_SKIP,0,250.39,309211.85326218826,444.17326218825565,463.8177798932824,0.0,12368.474130487532,0.0,CASH_SCARCITY,15
2020-05-11,INSG,Q0_SKIP,0,11.19,309211.85326218826,444.17326218825565,463.8177798932824,0.0,12368.474130487532,0.0,CASH_SCARCITY,15
2020-05-11,PLUR,Q0_SKIP,0,9.57,309211.85326218826,444.17326218825565,463.8177798932824,0.0,12368.474130487532,0.0,CASH_SCARCITY,15
2020-05-11,ENPH,Q0_SKIP,0,59.58,309211.85326218826,444.17326218825565,463.8177798932824,0.0,12368.474130487532,0.0,CASH_SCARCITY,15
2020-05-11,MNTA,Q0_SKIP,0,34.3,309211.85326218826,444.17326218825565,463.8177798932824,0.0,12368.474130487532,0.0,CASH_SCARCITY,15
2020-05-11,LM,Q0_SKIP,0,49.84,309211.85326218826,444.17326218825565,463.8177798932824,0.0,12368.474130487532,0.0,CASH_SCARCITY,15
2020-05-11,CLX,Q0_SKIP,0,205.81,309211.85326218826,444.17326218825565,463.8177798932824,0.0,12368.474130487532,0.0,CASH_SCARCITY,15
2020-05-11,DOCU,Q0_SKIP,0,120.65,309211.85326218826,444.17326218825565,463.8177798932824,0.0,12368.474130487532,0.0,CASH_SCARCITY,15
2020-05-11,FATE,Q0_SKIP,0,30.22,309211.85326218826,444.17326218825565,463.8177798932824,0.0,12368.474130487532,0.0,CASH_SCARCITY,15
2020-05-11,APT,Q0_SKIP,0,12.88,309211.85326218826,444.17326218825565,463.8177798932824,0.0,12368.474130487532,0.0,CASH_SCARCITY,15
2020-05-11,B,Q0_SKIP,0,26.02,309211.85326218826,444.17326218825565,463.8177798932824,0.0,12368.474130487532,0.0,CASH_SCARCITY,15
2020-05-11,MRNA,Q0_SKIP,0,66.9,309211.85326218826,444.17326218825565,463.8177798932824,0.0,12368.474130487532,0.0,CASH_SCARCITY,15
2020-05-11,ZS,Q0_SKIP,0,76.95999999999998,309211.85326218826,444.17326218825565,463.8177798932824,0.0,12368.474130487532,0.0,CASH_SCARCITY,15
2020-05-11,CGEN,Q0_SKIP,0,15.58,309211.85326218826,444.17326218825565,463.8177798932824,0.0,12368.474130487532,0.0,CASH_SCARCITY,15
2020-05-11,INO,Q0_SKIP,0,11.9,309211.85326218826,444.17326218825565,463.8177798932824,0.0,12368.474130487532,0.0,CASH_SCARCITY,15
2020-05-11,ZTO,Q0_SKIP,0,32.45,309211.85326218826,444.17326218825565,463.8177798932824,0.0,12368.474130487532,0.0,CASH_SCARCITY,15
2020-05-11,TSLA,Q0_SKIP,0,811.2899999999998,309211.85326218826,444.17326218825565,463.8177798932824,0.0,12368.474130487532,0.0,CASH_SCARCITY,15
2020-05-11,AKBA,Q0_SKIP,0,12.85,309211.85326218826,444.17326218825565,463.8177798932824,0.0,12368.474130487532,0.0,CASH_SCARCITY,15
2020-05-11,CTXS,Q0_SKIP,0,154.02,309211.85326218826,444.17326218825565,463.8177798932824,0.0,12368.474130487532,0.0,CASH_SCARCITY,15
2020-05-11,NG,Q0_SKIP,0,10.85,309211.85326218826,444.17326218825565,463.8177798932824,0.0,12368.474130487532,0.0,CASH_SCARCITY,15
2020-05-11,BNTX,Q0_SKIP,0,49.98,309211.85326218826,444.17326218825565,463.8177798932824,0.0,12368.474130487532,0.0,CASH_SCARCITY,15
2020-05-11,STMP,Q0_SKIP,0,216.2,309211.85326218826,444.17326218825565,463.8177798932824,0.0,12368.474130487532,0.0,CASH_SCARCITY,15
2020-05-11,FIVN,Q0_SKIP,0,105.18,309211.85326218826,444.17326218825565,463.8177798932824,0.0,12368.474130487532,0.0,CASH_SCARCITY,15
2020-05-11,SHOP,Q0_SKIP,0,750.34,309211.85326218826,444.17326218825565,463.8177798932824,0.0,12368.474130487532,0.0,CASH_SCARCITY,15
2020-05-11,LOGM,Q0_SKIP,0,85.31999999999998,309211.85326218826,444.17326218825565,463.8177798932824,0.0,12368.474130487532,0.0,CASH_SCARCITY,15
2020-05-11,NFLX,Q0_SKIP,0,440.52,309211.85326218826,444.17326218825565,463.8177798932824,0.0,12368.474130487532,0.0,CASH_SCARCITY,15
2020-05-11,JD,Q0_SKIP,0,46.72,309211.85326218826,444.17326218825565,463.8177798932824,0.0,12368.474130487532,0.0,CASH_SCARCITY,15
2020-05-11,ALNY,Q0_SKIP,0,142.43,309211.85326218826,444.17326218825565,463.8177798932824,0.0,12368.474130487532,0.0,CASH_SCARCITY,15
2020-05-11,VRTX,Q0_SKIP,0,285.28,309211.85326218826,444.17326218825565,463.8177798932824,0.0,12368.474130487532,0.0,CASH_SCARCITY,15
2020-05-11,DKNG,Q0_SKIP,0,24.46,309211.85326218826,444.17326218825565,463.8177798932824,0.0,12368.474130487532,0.0,CASH_SCARCITY,15
2020-05-11,AXON,Q0_SKIP,0,84.92,309211.85326218826,444.17326218825565,463.8177798932824,0.0,12368.474130487532,0.0,CASH_SCARCITY,15
2020-05-11,QGEN,Q0_SKIP,0,42.9,309211.85326218826,444.17326218825565,463.8177798932824,0.0,12368.474130487532,0.0,CASH_SCARCITY,15
2020-05-11,NET,Q0_SKIP,0,28.12,309211.85326218826,444.17326218825565,463.8177798932824,0.0,12368.474130487532,0.0,CASH_SCARCITY,15
2020-05-11,ATRC,Q0_SKIP,0,46.03,309211.85326218826,444.17326218825565,463.8177798932824,0.0,12368.474130487532,0.0,CASH_SCARCITY,15
2020-05-11,CLVT,Q0_SKIP,0,23.37,309211.85326218826,444.17326218825565,463.8177798932824,0.0,12368.474130487532,0.0,CASH_SCARCITY,15
2020-05-11,RARE,Q0_SKIP,0,67.36,309211.85326218826,444.17326218825565,463.8177798932824,0.0,12368.474130487532,0.0,CASH_SCARCITY,15
2020-05-11,CEMI,Q0_SKIP,0,12.03,309211.85326218826,444.17326218825565,463.8177798932824,0.0,12368.474130487532,0.0,CASH_SCARCITY,15
2020-05-11,TEAM,Q0_SKIP,0,176.6,309211.85326218826,444.17326218825565,463.8177798932824,0.0,12368.474130487532,0.0,CASH_SCARCITY,15
2020-05-11,AMD,Q0_SKIP,0,55.74,309211.85326218826,444.17326218825565,463.8177798932824,0.0,12368.474130487532,0.0,CASH_SCARCITY,15
2020-05-11,QLYS,Q0_SKIP,0,106.52,309211.85326218826,444.17326218825565,463.8177798932824,0.0,12368.474130487532,0.0,CASH_SCARCITY,15
2020-05-11,HLI,Q0_SKIP,0,62.27,309211.85326218826,444.17326218825565,463.8177798932824,0.0,12368.474130487532,0.0,CASH_SCARCITY,15
2020-05-11,IOVA,Q0_SKIP,0,37.18,309211.85326218826,444.17326218825565,463.8177798932824,0.0,12368.474130487532,0.0,CASH_SCARCITY,15
2020-05-11,VIR,Q0_SKIP,0,31.31,309211.85326218826,444.17326218825565,463.8177798932824,0.0,12368.474130487532,0.0,CASH_SCARCITY,15
2020-05-11,VIPS,Q0_SKIP,0,17.22,309211.85326218826,444.17326218825565,463.8177798932824,0.0,12368.474130487532,0.0,CASH_SCARCITY,15
2020-05-11,CABO,Q0_SKIP,0,1910.1,309211.85326218826,444.17326218825565,463.8177798932824,0.0,12368.474130487532,0.0,CASH_SCARCITY,15
2020-05-11,OKTA,Q0_SKIP,0,174.33,309211.85326218826,444.17326218825565,463.8177798932824,0.0,12368.474130487532,0.0,CASH_SCARCITY,15
2020-05-11,FVRR,Q0_SKIP,0,52.24,309211.85326218826,444.17326218825565,463.8177798932824,0.0,12368.474130487532,0.0,CASH_SCARCITY,15
2020-05-11,KNSL,Q0_SKIP,0,135.16,309211.85326218826,444.17326218825565,463.8177798932824,0.0,12368.474130487532,0.0,CASH_SCARCITY,15
2020-05-11,LVGO,Q0_SKIP,0,53.59,309211.85326218826,444.17326218825565,463.8177798932824,0.0,12368.474130487532,0.0,CASH_SCARCITY,15
2020-05-11,WPM,Q0_SKIP,0,42.63,309211.85326218826,444.17326218825565,463.8177798932824,0.0,12368.474130487532,0.0,CASH_SCARCITY,15
2020-05-11,GBT,Q0_SKIP,0,77.04999999999998,309211.85326218826,444.17326218825565,463.8177798932824,0.0,12368.474130487532,0.0,CASH_SCARCITY,15
2020-05-11,ARCT,Q0_SKIP,0,48.45,309211.85326218826,444.17326218825565,463.8177798932824,0.0,12368.474130487532,0.0,CASH_SCARCITY,15
2020-05-11,PLUG,Q0_SKIP,0,4.31,309211.85326218826,444.17326218825565,463.8177798932824,0.0,12368.474130487532,0.0,CASH_SCARCITY,15
2020-05-11,PING,Q0_SKIP,0,28.37,309211.85326218826,444.17326218825565,463.8177798932824,0.0,12368.474130487532,0.0,CASH_SCARCITY,15
2020-05-11,PETS,Q0_SKIP,0,36.55,309211.85326218826,444.17326218825565,463.8177798932824,0.0,12368.474130487532,0.0,CASH_SCARCITY,15
2020-05-11,IPHI,Q0_SKIP,0,112.24,309211.85326218826,444.17326218825565,463.8177798932824,0.0,12368.474130487532,0.0,CASH_SCARCITY,15
2020-05-11,DPZ,Q0_SKIP,0,377.49,309211.85326218826,444.17326218825565,463.8177798932824,0.0,12368.474130487532,0.0,CASH_SCARCITY,15
2020-05-11,MSCI,Q0_SKIP,0,347.25,309211.85326218826,444.17326218825565,463.8177798932824,0.0,12368.474130487532,0.0,CASH_SCARCITY,15
2020-05-11,SPCE,Q0_SKIP,0,19.4,309211.85326218826,444.17326218825565,463.8177798932824,0.0,12368.474130487532,0.0,CASH_SCARCITY,15
2020-05-11,CIEN,Q0_SKIP,0,48.53,309211.85326218826,444.17326218825565,463.8177798932824,0.0,12368.474130487532,0.0,CASH_SCARCITY,15
2020-05-11,MOH,Q0_SKIP,0,178.86,309211.85326218826,444.17326218825565,463.8177798932824,0.0,12368.474130487532,0.0,CASH_SCARCITY,15
2020-05-11,DT,Q0_SKIP,0,33.5,309211.85326218826,444.17326218825565,463.8177798932824,0.0,12368.474130487532,0.0,CASH_SCARCITY,15
2020-05-11,WING,Q0_SKIP,0,126.48,309211.85326218826,444.17326218825565,463.8177798932824,0.0,12368.474130487532,0.0,CASH_SCARCITY,15
2020-05-11,KGC,Q0_SKIP,0,6.9,309211.85326218826,444.17326218825565,463.8177798932824,0.0,12368.474130487532,0.0,CASH_SCARCITY,15
2020-05-11,FNV,Q0_SKIP,0,141.21,309211.85326218826,444.17326218825565,463.8177798932824,0.0,12368.474130487532,0.0,CASH_SCARCITY,15
2020-05-11,GDS,Q0_SKIP,0,62.62,309211.85326218826,444.17326218825565,463.8177798932824,0.0,12368.474130487532,0.0,CASH_SCARCITY,15
2020-05-11,GRUB1,Q0_SKIP,0,46.79,309211.85326218826,444.17326218825565,463.8177798932824,0.0,12368.474130487532,0.0,CASH_SCARCITY,15
2020-05-11,CNC,Q0_SKIP,0,67.54,309211.85326218826,444.17326218825565,463.8177798932824,0.0,12368.474130487532,0.0,CASH_SCARCITY,15
2020-05-11,NVDA,Q0_SKIP,0,322.62,309211.85326218826,444.17326218825565,463.8177798932824,0.0,12368.474130487532,0.0,CASH_SCARCITY,15
2020-05-11,SNDX,Q0_SKIP,0,18.47,309211.85326218826,444.17326218825565,463.8177798932824,0.0,12368.474130487532,0.0,CASH_SCARCITY,15
2020-05-11,AXNX,Q0_SKIP,0,34.92,309211.85326218826,444.17326218825565,463.8177798932824,0.0,12368.474130487532,0.0,CASH_SCARCITY,15
2020-05-11,CRWD,Q0_SKIP,0,76.23,309211.85326218826,444.17326218825565,463.8177798932824,0.0,12368.474130487532,0.0,CASH_SCARCITY,15
2020-05-11,ETSY,Q0_SKIP,0,80.28,309211.85326218826,444.17326218825565,463.8177798932824,0.0,12368.474130487532,0.0,CASH_SCARCITY,15
2020-05-11,PTON,Q0_SKIP,0,42.8,309211.85326218826,444.17326218825565,463.8177798932824,0.0,12368.474130487532,0.0,CASH_SCARCITY,15
2020-05-11,AUDC,Q0_SKIP,0,34.2,309211.85326218826,444.17326218825565,463.8177798932824,0.0,12368.474130487532,0.0,CASH_SCARCITY,15
2020-05-11,ADVM,Q0_SKIP,0,19.8,309211.85326218826,444.17326218825565,463.8177798932824,0.0,12368.474130487532,0.0,CASH_SCARCITY,15
2020-05-11,CAG,Q0_SKIP,0,33.41,309211.85326218826,444.17326218825565,463.8177798932824,0.0,12368.474130487532,0.0,CASH_SCARCITY,15
2020-05-11,KPTI,Q0_SKIP,0,20.57,309211.85326218826,444.17326218825565,463.8177798932824,0.0,12368.474130487532,0.0,CASH_SCARCITY,15
2020-05-11,EXEL,Q0_SKIP,0,27.42,309211.85326218826,444.17326218825565,463.8177798932824,0.0,12368.474130487532,0.0,CASH_SCARCITY,15
2020-05-11,NEO,Q0_SKIP,0,28.14,309211.85326218826,444.17326218825565,463.8177798932824,0.0,12368.474130487532,0.0,CASH_SCARCITY,15
2020-05-11,TGTX,Q0_SKIP,0,20.22,309211.85326218826,444.17326218825565,463.8177798932824,0.0,12368.474130487532,0.0,CASH_SCARCITY,15
2020-05-11,EQX,Q0_SKIP,0,8.519999999999998,309211.85326218826,444.17326218825565,463.8177798932824,0.0,12368.474130487532,0.0,CASH_SCARCITY,15
2020-05-11,LITE,Q0_SKIP,0,80.79999999999998,309211.85326218826,444.17326218825565,463.8177798932824,0.0,12368.474130487532,0.0,CASH_SCARCITY,15
2020-05-11,AGIO,Q0_SKIP,0,44.13,309211.85326218826,444.17326218825565,463.8177798932824,0.0,12368.474130487532,0.0,CASH_SCARCITY,15
2020-05-11,RNG,Q0_SKIP,0,275.03,309211.85326218826,444.17326218825565,463.8177798932824,0.0,12368.474130487532,0.0,CASH_SCARCITY,15
2020-05-11,CLVSQ,Q0_SKIP,0,9.24,309211.85326218826,444.17326218825565,463.8177798932824,0.0,12368.474130487532,0.0,CASH_SCARCITY,15
2020-05-11,SMAR,Q0_SKIP,0,56.96,309211.85326218826,444.17326218825565,463.8177798932824,0.0,12368.474130487532,0.0,CASH_SCARCITY,15
2020-05-11,WORK,Q0_SKIP,0,31.26,309211.85326218826,444.17326218825565,463.8177798932824,0.0,12368.474130487532,0.0,CASH_SCARCITY,15
2020-05-11,UI,Q0_SKIP,0,187.37,309211.85326218826,444.17326218825565,463.8177798932824,0.0,12368.474130487532,0.0,CASH_SCARCITY,15
2020-05-11,IRTC,Q0_SKIP,0,131.03,309211.85326218826,444.17326218825565,463.8177798932824,0.0,12368.474130487532,0.0,CASH_SCARCITY,15
2020-05-11,DDOG,Q0_SKIP,0,55.69,309211.85326218826,444.17326218825565,463.8177798932824,0.0,12368.474130487532,0.0,CASH_SCARCITY,15
2020-05-11,MEDP,Q0_SKIP,0,85.97,309211.85326218826,444.17326218825565,463.8177798932824,0.0,12368.474130487532,0.0,CASH_SCARCITY,15
2020-05-11,TEVA,Q0_SKIP,0,11.45,309211.85326218826,444.17326218825565,463.8177798932824,0.0,12368.474130487532,0.0,CASH_SCARCITY,15
2020-05-11,TXG,Q0_SKIP,0,82.09999999999998,309211.85326218826,444.17326218825565,463.8177798932824,0.0,12368.474130487532,0.0,CASH_SCARCITY,15
2020-05-11,NIO,Q0_SKIP,0,3.74,309211.85326218826,444.17326218825565,463.8177798932824,0.0,12368.474130487532,0.0,CASH_SCARCITY,15
2020-05-11,Z,Q0_SKIP,0,55.76,309211.85326218826,444.17326218825565,463.8177798932824,0.0,12368.474130487532,0.0,CASH_SCARCITY,15
2020-05-11,SEDG,Q0_SKIP,0,122.94,309211.85326218826,444.17326218825565,463.8177798932824,0.0,12368.474130487532,0.0,CASH_SCARCITY,15
2020-05-11,BTG,Q0_SKIP,0,5.21,309211.85326218826,444.17326218825565,463.8177798932824,0.0,12368.474130487532,0.0,CASH_SCARCITY,15
2020-05-11,SRPT,Q0_SKIP,0,135.83,309211.85326218826,444.17326218825565,463.8177798932824,0.0,12368.474130487532,0.0,CASH_SCARCITY,15
2020-05-11,AYX,Q0_SKIP,0,128.4,309211.85326218826,444.17326218825565,463.8177798932824,0.0,12368.474130487532,0.0,CASH_SCARCITY,15
2020-05-11,ZG,Q0_SKIP,0,55.11,309211.85326218826,444.17326218825565,463.8177798932824,0.0,12368.474130487532,0.0,CASH_SCARCITY,15
2020-05-11,AGI,Q0_SKIP,0,7.929999999999999,309211.85326218826,444.17326218825565,463.8177798932824,0.0,12368.474130487532,0.0,CASH_SCARCITY,15
2020-05-11,GFI,Q0_SKIP,0,7.87,309211.85326218826,444.17326218825565,463.8177798932824,0.0,12368.474130487532,0.0,CASH_SCARCITY,15
2020-05-11,RADCQ,Q0_SKIP,0,13.68,309211.85326218826,444.17326218825565,463.8177798932824,0.0,12368.474130487532,0.0,CASH_SCARCITY,15
2020-05-11,FOLD,Q0_SKIP,0,12.07,309211.85326218826,444.17326218825565,463.8177798932824,0.0,12368.474130487532,0.0,CASH_SCARCITY,15
2020-05-11,AYTU,Q0_SKIP,0,1.68,309211.85326218826,444.17326218825565,463.8177798932824,0.0,12368.474130487532,0.0,CASH_SCARCITY,15
2020-05-12,NEM,Q0_SKIP,0,62.48,304227.8082621882,444.17326218825565,456.34171239328236,0.0,12169.11233048753,0.0,CASH_SCARCITY,15
2020-05-12,LMNX1,Q0_SKIP,0,34.6,304227.8082621882,444.17326218825565,456.34171239328236,0.0,12169.11233048753,0.0,CASH_SCARCITY,15
2020-05-12,BAND,Q0_SKIP,0,107.55,304227.8082621882,444.17326218825565,456.34171239328236,0.0,12169.11233048753,0.0,CASH_SCARCITY,15
2020-05-12,CHWY,Q0_SKIP,0,40.36,304227.8082621882,444.17326218825565,456.34171239328236,0.0,12169.11233048753,0.0,CASH_SCARCITY,15
2020-05-12,INSG,Q0_SKIP,0,10.62,304227.8082621882,444.17326218825565,456.34171239328236,0.0,12169.11233048753,0.0,CASH_SCARCITY,15
2020-05-12,RCUS,Q0_SKIP,0,29.29,304227.8082621882,444.17326218825565,456.34171239328236,0.0,12169.11233048753,0.0,CASH_SCARCITY,15
2020-05-12,NVAX,Q0_SKIP,0,39.82,304227.8082621882,444.17326218825565,456.34171239328236,0.0,12169.11233048753,0.0,CASH_SCARCITY,15
2020-05-12,PRNB,Q0_SKIP,0,65.57,304227.8082621882,444.17326218825565,456.34171239328236,0.0,12169.11233048753,0.0,CASH_SCARCITY,15
2020-05-12,PLUR,Q0_SKIP,0,9.76,304227.8082621882,444.17326218825565,456.34171239328236,0.0,12169.11233048753,0.0,CASH_SCARCITY,15
2020-05-12,B,Q0_SKIP,0,26.04,304227.8082621882,444.17326218825565,456.34171239328236,0.0,12169.11233048753,0.0,CASH_SCARCITY,15
2020-05-12,CEMI,Q0_SKIP,0,11.52,304227.8082621882,444.17326218825565,456.34171239328236,0.0,12169.11233048753,0.0,CASH_SCARCITY,15
2020-05-12,TSLA,Q0_SKIP,0,809.4099999999999,304227.8082621882,444.17326218825565,456.34171239328236,0.0,12169.11233048753,0.0,CASH_SCARCITY,15
2020-05-12,MASI,Q0_SKIP,0,243.62,304227.8082621882,444.17326218825565,456.34171239328236,0.0,12169.11233048753,0.0,CASH_SCARCITY,15
2020-05-12,NG,Q0_SKIP,0,10.85,304227.8082621882,444.17326218825565,456.34171239328236,0.0,12169.11233048753,0.0,CASH_SCARCITY,15
2020-05-12,CGEN,Q0_SKIP,0,14.82,304227.8082621882,444.17326218825565,456.34171239328236,0.0,12169.11233048753,0.0,CASH_SCARCITY,15
2020-05-12,DOCU,Q0_SKIP,0,120.26,304227.8082621882,444.17326218825565,456.34171239328236,0.0,12169.11233048753,0.0,CASH_SCARCITY,15
2020-05-12,MRNA,Q0_SKIP,0,62.35,304227.8082621882,444.17326218825565,456.34171239328236,0.0,12169.11233048753,0.0,CASH_SCARCITY,15
2020-05-12,NFLX,Q0_SKIP,0,431.82,304227.8082621882,444.17326218825565,456.34171239328236,0.0,12169.11233048753,0.0,CASH_SCARCITY,15
2020-05-12,ENPH,Q0_SKIP,0,59.27,304227.8082621882,444.17326218825565,456.34171239328236,0.0,12169.11233048753,0.0,CASH_SCARCITY,15
2020-05-12,APT,Q0_SKIP,0,13.84,304227.8082621882,444.17326218825565,456.34171239328236,0.0,12169.11233048753,0.0,CASH_SCARCITY,15
2020-05-12,LM,Q0_SKIP,0,49.85,304227.8082621882,444.17326218825565,456.34171239328236,0.0,12169.11233048753,0.0,CASH_SCARCITY,15
2020-05-12,CLX,Q0_SKIP,0,205.68,304227.8082621882,444.17326218825565,456.34171239328236,0.0,12169.11233048753,0.0,CASH_SCARCITY,15
2020-05-12,FATE,Q0_SKIP,0,28.75,304227.8082621882,444.17326218825565,456.34171239328236,0.0,12169.11233048753,0.0,CASH_SCARCITY,15
2020-05-12,ZTO,Q0_SKIP,0,32.25,304227.8082621882,444.17326218825565,456.34171239328236,0.0,12169.11233048753,0.0,CASH_SCARCITY,15
2020-05-12,NET,Q0_SKIP,0,28.79,304227.8082621882,444.17326218825565,456.34171239328236,0.0,12169.11233048753,0.0,CASH_SCARCITY,15
2020-05-12,INO,Q0_SKIP,0,12.9,304227.8082621882,444.17326218825565,456.34171239328236,0.0,12169.11233048753,0.0,CASH_SCARCITY,15
2020-05-12,MNTA,Q0_SKIP,0,31.85,304227.8082621882,444.17326218825565,456.34171239328236,0.0,12169.11233048753,0.0,CASH_SCARCITY,15
2020-05-12,FIVN,Q0_SKIP,0,104.28,304227.8082621882,444.17326218825565,456.34171239328236,0.0,12169.11233048753,0.0,CASH_SCARCITY,15
2020-05-12,SHOP,Q0_SKIP,0,742.2799999999999,304227.8082621882,444.17326218825565,456.34171239328236,0.0,12169.11233048753,0.0,CASH_SCARCITY,15
2020-05-12,ZS,Q0_SKIP,0,76.45,304227.8082621882,444.17326218825565,456.34171239328236,0.0,12169.11233048753,0.0,CASH_SCARCITY,15
2020-05-12,CTXS,Q0_SKIP,0,146.84,304227.8082621882,444.17326218825565,456.34171239328236,0.0,12169.11233048753,0.0,CASH_SCARCITY,15
2020-05-12,QLYS,Q0_SKIP,0,104.81,304227.8082621882,444.17326218825565,456.34171239328236,0.0,12169.11233048753,0.0,CASH_SCARCITY,15
2020-05-12,JD,Q0_SKIP,0,47.03,304227.8082621882,444.17326218825565,456.34171239328236,0.0,12169.11233048753,0.0,CASH_SCARCITY,15
2020-05-12,ASAPQ,Q0_SKIP,0,2.92,304227.8082621882,444.17326218825565,456.34171239328236,0.0,12169.11233048753,0.0,CASH_SCARCITY,15
2020-05-12,WPM,Q0_SKIP,0,42.34,304227.8082621882,444.17326218825565,456.34171239328236,0.0,12169.11233048753,0.0,CASH_SCARCITY,15
2020-05-12,AMZN,Q0_SKIP,0,2356.95,304227.8082621882,444.17326218825565,456.34171239328236,0.0,12169.11233048753,0.0,CASH_SCARCITY,15
2020-05-12,AMD,Q0_SKIP,0,53.76,304227.8082621882,444.17326218825565,456.34171239328236,0.0,12169.11233048753,0.0,CASH_SCARCITY,15
2020-05-12,LOGM,Q0_SKIP,0,85.11,304227.8082621882,444.17326218825565,456.34171239328236,0.0,12169.11233048753,0.0,CASH_SCARCITY,15
2020-05-12,ALNY,Q0_SKIP,0,144.19,304227.8082621882,444.17326218825565,456.34171239328236,0.0,12169.11233048753,0.0,CASH_SCARCITY,15
2020-05-12,KGC,Q0_SKIP,0,6.93,304227.8082621882,444.17326218825565,456.34171239328236,0.0,12169.11233048753,0.0,CASH_SCARCITY,15
2020-05-12,FNV,Q0_SKIP,0,140.88,304227.8082621882,444.17326218825565,456.34171239328236,0.0,12169.11233048753,0.0,CASH_SCARCITY,15
2020-05-12,BNTX,Q0_SKIP,0,49.33,304227.8082621882,444.17326218825565,456.34171239328236,0.0,12169.11233048753,0.0,CASH_SCARCITY,15
2020-05-12,ATRC,Q0_SKIP,0,46.79,304227.8082621882,444.17326218825565,456.34171239328236,0.0,12169.11233048753,0.0,CASH_SCARCITY,15
2020-05-12,VRTX,Q0_SKIP,0,276.47,304227.8082621882,444.17326218825565,456.34171239328236,0.0,12169.11233048753,0.0,CASH_SCARCITY,15
2020-05-12,ARCT,Q0_SKIP,0,46.3,304227.8082621882,444.17326218825565,456.34171239328236,0.0,12169.11233048753,0.0,CASH_SCARCITY,15
2020-05-12,AKBA,Q0_SKIP,0,11.565,304227.8082621882,444.17326218825565,456.34171239328236,0.0,12169.11233048753,0.0,CASH_SCARCITY,15
2020-05-12,VIR,Q0_SKIP,0,30.26,304227.8082621882,444.17326218825565,456.34171239328236,0.0,12169.11233048753,0.0,CASH_SCARCITY,15
2020-05-12,DKNG,Q0_SKIP,0,26.3,304227.8082621882,444.17326218825565,456.34171239328236,0.0,12169.11233048753,0.0,CASH_SCARCITY,15
2020-05-12,VIPS,Q0_SKIP,0,17.37,304227.8082621882,444.17326218825565,456.34171239328236,0.0,12169.11233048753,0.0,CASH_SCARCITY,15
2020-05-12,SBAC,Q0_SKIP,0,289.17,304227.8082621882,444.17326218825565,456.34171239328236,0.0,12169.11233048753,0.0,CASH_SCARCITY,15
2020-05-12,DPZ,Q0_SKIP,0,377.94,304227.8082621882,444.17326218825565,456.34171239328236,0.0,12169.11233048753,0.0,CASH_SCARCITY,15
2020-05-12,STMP,Q0_SKIP,0,195.24,304227.8082621882,444.17326218825565,456.34171239328236,0.0,12169.11233048753,0.0,CASH_SCARCITY,15
2020-05-12,QGEN,Q0_SKIP,0,42.74,304227.8082621882,444.17326218825565,456.34171239328236,0.0,12169.11233048753,0.0,CASH_SCARCITY,15
2020-05-12,LVGO,Q0_SKIP,0,57.85,304227.8082621882,444.17326218825565,456.34171239328236,0.0,12169.11233048753,0.0,CASH_SCARCITY,15
2020-05-12,PLUG,Q0_SKIP,0,4.275,304227.8082621882,444.17326218825565,456.34171239328236,0.0,12169.11233048753,0.0,CASH_SCARCITY,15
2020-05-12,PTON,Q0_SKIP,0,46.17,304227.8082621882,444.17326218825565,456.34171239328236,0.0,12169.11233048753,0.0,CASH_SCARCITY,15
2020-05-12,EQIX,Q0_SKIP,0,663.65,304227.8082621882,444.17326218825565,456.34171239328236,0.0,12169.11233048753,0.0,CASH_SCARCITY,15
2020-05-12,HLI,Q0_SKIP,0,59.81,304227.8082621882,444.17326218825565,456.34171239328236,0.0,12169.11233048753,0.0,CASH_SCARCITY,15
2020-05-12,RARE,Q0_SKIP,0,66.29,304227.8082621882,444.17326218825565,456.34171239328236,0.0,12169.11233048753,0.0,CASH_SCARCITY,15
2020-05-12,PETS,Q0_SKIP,0,34.35,304227.8082621882,444.17326218825565,456.34171239328236,0.0,12169.11233048753,0.0,CASH_SCARCITY,15
2020-05-12,GBT,Q0_SKIP,0,73.90999999999998,304227.8082621882,444.17326218825565,456.34171239328236,0.0,12169.11233048753,0.0,CASH_SCARCITY,15
2020-05-12,IPHI,Q0_SKIP,0,110.96,304227.8082621882,444.17326218825565,456.34171239328236,0.0,12169.11233048753,0.0,CASH_SCARCITY,15
2020-05-12,WING,Q0_SKIP,0,122.43,304227.8082621882,444.17326218825565,456.34171239328236,0.0,12169.11233048753,0.0,CASH_SCARCITY,15
2020-05-12,FVRR,Q0_SKIP,0,54.56,304227.8082621882,444.17326218825565,456.34171239328236,0.0,12169.11233048753,0.0,CASH_SCARCITY,15
2020-05-12,OKTA,Q0_SKIP,0,173.65,304227.8082621882,444.17326218825565,456.34171239328236,0.0,12169.11233048753,0.0,CASH_SCARCITY,15
2020-05-12,OSUR,Q0_SKIP,0,17.17,304227.8082621882,444.17326218825565,456.34171239328236,0.0,12169.11233048753,0.0,CASH_SCARCITY,15
2020-05-12,NVDA,Q0_SKIP,0,312.1,304227.8082621882,444.17326218825565,456.34171239328236,0.0,12169.11233048753,0.0,CASH_SCARCITY,15
2020-05-12,MSCI,Q0_SKIP,0,347.12,304227.8082621882,444.17326218825565,456.34171239328236,0.0,12169.11233048753,0.0,CASH_SCARCITY,15
2020-05-12,ETSY,Q0_SKIP,0,79.01999999999998,304227.8082621882,444.17326218825565,456.34171239328236,0.0,12169.11233048753,0.0,CASH_SCARCITY,15
2020-05-12,GDS,Q0_SKIP,0,61.38,304227.8082621882,444.17326218825565,456.34171239328236,0.0,12169.11233048753,0.0,CASH_SCARCITY,15
2020-05-12,NIO,Q0_SKIP,0,3.62,304227.8082621882,444.17326218825565,456.34171239328236,0.0,12169.11233048753,0.0,CASH_SCARCITY,15
2020-05-12,SPCE,Q0_SKIP,0,17.6,304227.8082621882,444.17326218825565,456.34171239328236,0.0,12169.11233048753,0.0,CASH_SCARCITY,15
2020-05-12,PING,Q0_SKIP,0,26.19,304227.8082621882,444.17326218825565,456.34171239328236,0.0,12169.11233048753,0.0,CASH_SCARCITY,15
2020-05-12,BTG,Q0_SKIP,0,5.16,304227.8082621882,444.17326218825565,456.34171239328236,0.0,12169.11233048753,0.0,CASH_SCARCITY,15
2020-05-12,AUDC,Q0_SKIP,0,32.49,304227.8082621882,444.17326218825565,456.34171239328236,0.0,12169.11233048753,0.0,CASH_SCARCITY,15
2020-05-12,MOH,Q0_SKIP,0,180.5,304227.8082621882,444.17326218825565,456.34171239328236,0.0,12169.11233048753,0.0,CASH_SCARCITY,15
2020-05-12,KNSL,Q0_SKIP,0,131.84,304227.8082621882,444.17326218825565,456.34171239328236,0.0,12169.11233048753,0.0,CASH_SCARCITY,15
2020-05-12,TAL,Q0_SKIP,0,54.17,304227.8082621882,444.17326218825565,456.34171239328236,0.0,12169.11233048753,0.0,CASH_SCARCITY,15
2020-05-12,SNDX,Q0_SKIP,0,18.95,304227.8082621882,444.17326218825565,456.34171239328236,0.0,12169.11233048753,0.0,CASH_SCARCITY,15
2020-05-12,CLVT,Q0_SKIP,0,22.84,304227.8082621882,444.17326218825565,456.34171239328236,0.0,12169.11233048753,0.0,CASH_SCARCITY,15
2020-05-12,CAG,Q0_SKIP,0,34.11,304227.8082621882,444.17326218825565,456.34171239328236,0.0,12169.11233048753,0.0,CASH_SCARCITY,15
2020-05-12,EQX,Q0_SKIP,0,8.55,304227.8082621882,444.17326218825565,456.34171239328236,0.0,12169.11233048753,0.0,CASH_SCARCITY,15
2020-05-12,RNG,Q0_SKIP,0,278.8,304227.8082621882,444.17326218825565,456.34171239328236,0.0,12169.11233048753,0.0,CASH_SCARCITY,15
2020-05-12,DT,Q0_SKIP,0,32.4,304227.8082621882,444.17326218825565,456.34171239328236,0.0,12169.11233048753,0.0,CASH_SCARCITY,15
2020-05-12,AUY,Q0_SKIP,0,5.08,304227.8082621882,444.17326218825565,456.34171239328236,0.0,12169.11233048753,0.0,CASH_SCARCITY,15
2020-05-12,AGI,Q0_SKIP,0,7.84,304227.8082621882,444.17326218825565,456.34171239328236,0.0,12169.11233048753,0.0,CASH_SCARCITY,15
2020-05-12,CRWD,Q0_SKIP,0,76.15,304227.8082621882,444.17326218825565,456.34171239328236,0.0,12169.11233048753,0.0,CASH_SCARCITY,15
2020-05-12,CIEN,Q0_SKIP,0,48.09,304227.8082621882,444.17326218825565,456.34171239328236,0.0,12169.11233048753,0.0,CASH_SCARCITY,15
2020-05-12,AGIO,Q0_SKIP,0,45.65,304227.8082621882,444.17326218825565,456.34171239328236,0.0,12169.11233048753,0.0,CASH_SCARCITY,15
2020-05-12,CABO,Q0_SKIP,0,1892.82,304227.8082621882,444.17326218825565,456.34171239328236,0.0,12169.11233048753,0.0,CASH_SCARCITY,15
2020-05-12,WORK,Q0_SKIP,0,31.01,304227.8082621882,444.17326218825565,456.34171239328236,0.0,12169.11233048753,0.0,CASH_SCARCITY,15
2020-05-12,CNC,Q0_SKIP,0,66.75,304227.8082621882,444.17326218825565,456.34171239328236,0.0,12169.11233048753,0.0,CASH_SCARCITY,15
2020-05-12,IOVA,Q0_SKIP,0,35.89,304227.8082621882,444.17326218825565,456.34171239328236,0.0,12169.11233048753,0.0,CASH_SCARCITY,15
2020-05-12,GFI,Q0_SKIP,0,7.97,304227.8082621882,444.17326218825565,456.34171239328236,0.0,12169.11233048753,0.0,CASH_SCARCITY,15
2020-05-12,TRHC,Q0_SKIP,0,55.23,304227.8082621882,444.17326218825565,456.34171239328236,0.0,12169.11233048753,0.0,CASH_SCARCITY,15
2020-05-12,ADVM,Q0_SKIP,0,18.81,304227.8082621882,444.17326218825565,456.34171239328236,0.0,12169.11233048753,0.0,CASH_SCARCITY,15
2020-05-12,AXNX,Q0_SKIP,0,34.58,304227.8082621882,444.17326218825565,456.34171239328236,0.0,12169.11233048753,0.0,CASH_SCARCITY,15
2020-05-12,TNDM,Q0_SKIP,0,86.59,304227.8082621882,444.17326218825565,456.34171239328236,0.0,12169.11233048753,0.0,CASH_SCARCITY,15
2020-05-12,IRTC,Q0_SKIP,0,126.12,304227.8082621882,444.17326218825565,456.34171239328236,0.0,12169.11233048753,0.0,CASH_SCARCITY,15
2020-05-12,SRPT,Q0_SKIP,0,132.89,304227.8082621882,444.17326218825565,456.34171239328236,0.0,12169.11233048753,0.0,CASH_SCARCITY,15
2020-05-12,MEDP,Q0_SKIP,0,83.43,304227.8082621882,444.17326218825565,456.34171239328236,0.0,12169.11233048753,0.0,CASH_SCARCITY,15
2020-05-12,TXG,Q0_SKIP,0,82.59,304227.8082621882,444.17326218825565,456.34171239328236,0.0,12169.11233048753,0.0,CASH_SCARCITY,15
2020-05-12,SEDG,Q0_SKIP,0,121.0,304227.8082621882,444.17326218825565,456.34171239328236,0.0,12169.11233048753,0.0,CASH_SCARCITY,15
2020-05-12,AU,Q0_SKIP,0,25.29,304227.8082621882,444.17326218825565,456.34171239328236,0.0,12169.11233048753,0.0,CASH_SCARCITY,15
2020-05-12,AYX,Q0_SKIP,0,127.28,304227.8082621882,444.17326218825565,456.34171239328236,0.0,12169.11233048753,0.0,CASH_SCARCITY,15
2020-05-12,TGTX,Q0_SKIP,0,19.935,304227.8082621882,444.17326218825565,456.34171239328236,0.0,12169.11233048753,0.0,CASH_SCARCITY,15
2020-05-12,FSLY,Q0_SKIP,0,37.1,304227.8082621882,444.17326218825565,456.34171239328236,0.0,12169.11233048753,0.0,CASH_SCARCITY,15
2020-05-12,FTCHF,Q0_SKIP,0,15.62,304227.8082621882,444.17326218825565,456.34171239328236,0.0,12169.11233048753,0.0,CASH_SCARCITY,15
2020-05-12,IMMU,Q0_SKIP,0,31.82,304227.8082621882,444.17326218825565,456.34171239328236,0.0,12169.11233048753,0.0,CASH_SCARCITY,15
2020-05-12,CLVSQ,Q0_SKIP,0,9.55,304227.8082621882,444.17326218825565,456.34171239328236,0.0,12169.11233048753,0.0,CASH_SCARCITY,15
2020-05-12,BCRX,Q0_SKIP,0,5.41,304227.8082621882,444.17326218825565,456.34171239328236,0.0,12169.11233048753,0.0,CASH_SCARCITY,15
2020-05-12,AYTU,Q0_SKIP,0,1.62,304227.8082621882,444.17326218825565,456.34171239328236,0.0,12169.11233048753,0.0,CASH_SCARCITY,15
2020-05-13,NEM,Q0_SKIP,0,63.89,307306.98326218827,444.17326218825565,460.9604748932824,0.0,12292.27933048753,0.0,CASH_SCARCITY,15
2020-05-13,CHWY,Q0_SKIP,0,41.77,307306.98326218827,444.17326218825565,460.9604748932824,0.0,12292.27933048753,0.0,CASH_SCARCITY,15
2020-05-13,LMNX1,Q0_SKIP,0,33.89,307306.98326218827,444.17326218825565,460.9604748932824,0.0,12292.27933048753,0.0,CASH_SCARCITY,15
2020-05-13,BAND,Q0_SKIP,0,109.33,307306.98326218827,444.17326218825565,460.9604748932824,0.0,12292.27933048753,0.0,CASH_SCARCITY,15
2020-05-13,NVAX,Q0_SKIP,0,40.67,307306.98326218827,444.17326218825565,460.9604748932824,0.0,12292.27933048753,0.0,CASH_SCARCITY,15
2020-05-13,RCUS,Q0_SKIP,0,31.02,307306.98326218827,444.17326218825565,460.9604748932824,0.0,12292.27933048753,0.0,CASH_SCARCITY,15
2020-05-13,PLUR,Q0_SKIP,0,9.19,307306.98326218827,444.17326218825565,460.9604748932824,0.0,12292.27933048753,0.0,CASH_SCARCITY,15
2020-05-13,PRNB,Q0_SKIP,0,63.79,307306.98326218827,444.17326218825565,460.9604748932824,0.0,12292.27933048753,0.0,CASH_SCARCITY,15
2020-05-13,MASI,Q0_SKIP,0,241.1,307306.98326218827,444.17326218825565,460.9604748932824,0.0,12292.27933048753,0.0,CASH_SCARCITY,15
2020-05-13,CLX,Q0_SKIP,0,206.74,307306.98326218827,444.17326218825565,460.9604748932824,0.0,12292.27933048753,0.0,CASH_SCARCITY,15
2020-05-13,CGEN,Q0_SKIP,0,13.94,307306.98326218827,444.17326218825565,460.9604748932824,0.0,12292.27933048753,0.0,CASH_SCARCITY,15
2020-05-13,B,Q0_SKIP,0,26.12,307306.98326218827,444.17326218825565,460.9604748932824,0.0,12292.27933048753,0.0,CASH_SCARCITY,15
2020-05-13,TSLA,Q0_SKIP,0,790.96,307306.98326218827,444.17326218825565,460.9604748932824,0.0,12292.27933048753,0.0,CASH_SCARCITY,15
2020-05-13,ACMR,Q0_SKIP,0,50.28,307306.98326218827,444.17326218825565,460.9604748932824,0.0,12292.27933048753,0.0,CASH_SCARCITY,15
2020-05-13,DOCU,Q0_SKIP,0,119.07,307306.98326218827,444.17326218825565,460.9604748932824,0.0,12292.27933048753,0.0,CASH_SCARCITY,15
2020-05-13,MRNA,Q0_SKIP,0,65.18,307306.98326218827,444.17326218825565,460.9604748932824,0.0,12292.27933048753,0.0,CASH_SCARCITY,15
2020-05-13,NFLX,Q0_SKIP,0,438.27,307306.98326218827,444.17326218825565,460.9604748932824,0.0,12292.27933048753,0.0,CASH_SCARCITY,15
2020-05-13,CYTK,Q0_SKIP,0,21.61,307306.98326218827,444.17326218825565,460.9604748932824,0.0,12292.27933048753,0.0,CASH_SCARCITY,15
2020-05-13,ENPH,Q0_SKIP,0,57.47,307306.98326218827,444.17326218825565,460.9604748932824,0.0,12292.27933048753,0.0,CASH_SCARCITY,15
2020-05-13,SHOP,Q0_SKIP,0,754.38,307306.98326218827,444.17326218825565,460.9604748932824,0.0,12292.27933048753,0.0,CASH_SCARCITY,15
2020-05-13,AMZN,Q0_SKIP,0,2367.92,307306.98326218827,444.17326218825565,460.9604748932824,0.0,12292.27933048753,0.0,CASH_SCARCITY,15
2020-05-13,APT,Q0_SKIP,0,13.1,307306.98326218827,444.17326218825565,460.9604748932824,0.0,12292.27933048753,0.0,CASH_SCARCITY,15
2020-05-13,ZS,Q0_SKIP,0,75.15999999999998,307306.98326218827,444.17326218825565,460.9604748932824,0.0,12292.27933048753,0.0,CASH_SCARCITY,15
2020-05-13,CEMI,Q0_SKIP,0,11.08,307306.98326218827,444.17326218825565,460.9604748932824,0.0,12292.27933048753,0.0,CASH_SCARCITY,15
2020-05-13,AKBA,Q0_SKIP,0,11.81,307306.98326218827,444.17326218825565,460.9604748932824,0.0,12292.27933048753,0.0,CASH_SCARCITY,15
2020-05-13,LM,Q0_SKIP,0,49.9,307306.98326218827,444.17326218825565,460.9604748932824,0.0,12292.27933048753,0.0,CASH_SCARCITY,15
2020-05-13,FIVN,Q0_SKIP,0,100.83,307306.98326218827,444.17326218825565,460.9604748932824,0.0,12292.27933048753,0.0,CASH_SCARCITY,15
2020-05-13,CTXS,Q0_SKIP,0,146.51,307306.98326218827,444.17326218825565,460.9604748932824,0.0,12292.27933048753,0.0,CASH_SCARCITY,15
2020-05-13,ASAPQ,Q0_SKIP,0,2.64,307306.98326218827,444.17326218825565,460.9604748932824,0.0,12292.27933048753,0.0,CASH_SCARCITY,15
2020-05-13,JD,Q0_SKIP,0,47.81,307306.98326218827,444.17326218825565,460.9604748932824,0.0,12292.27933048753,0.0,CASH_SCARCITY,15
2020-05-13,ZTO,Q0_SKIP,0,32.75,307306.98326218827,444.17326218825565,460.9604748932824,0.0,12292.27933048753,0.0,CASH_SCARCITY,15
2020-05-13,INO,Q0_SKIP,0,13.37,307306.98326218827,444.17326218825565,460.9604748932824,0.0,12292.27933048753,0.0,CASH_SCARCITY,15
2020-05-13,ARCT,Q0_SKIP,0,42.01,307306.98326218827,444.17326218825565,460.9604748932824,0.0,12292.27933048753,0.0,CASH_SCARCITY,15
2020-05-13,LOGM,Q0_SKIP,0,85.15999999999998,307306.98326218827,444.17326218825565,460.9604748932824,0.0,12292.27933048753,0.0,CASH_SCARCITY,15
2020-05-13,RARE,Q0_SKIP,0,64.08,307306.98326218827,444.17326218825565,460.9604748932824,0.0,12292.27933048753,0.0,CASH_SCARCITY,15
2020-05-13,VRTX,Q0_SKIP,0,277.03,307306.98326218827,444.17326218825565,460.9604748932824,0.0,12292.27933048753,0.0,CASH_SCARCITY,15
2020-05-13,ALNY,Q0_SKIP,0,139.46,307306.98326218827,444.17326218825565,460.9604748932824,0.0,12292.27933048753,0.0,CASH_SCARCITY,15
2020-05-13,GDS,Q0_SKIP,0,62.45,307306.98326218827,444.17326218825565,460.9604748932824,0.0,12292.27933048753,0.0,CASH_SCARCITY,15
2020-05-13,ATRC,Q0_SKIP,0,48.8,307306.98326218827,444.17326218825565,460.9604748932824,0.0,12292.27933048753,0.0,CASH_SCARCITY,15
2020-05-13,NET,Q0_SKIP,0,27.87,307306.98326218827,444.17326218825565,460.9604748932824,0.0,12292.27933048753,0.0,CASH_SCARCITY,15
2020-05-13,WPM,Q0_SKIP,0,43.3,307306.98326218827,444.17326218825565,460.9604748932824,0.0,12292.27933048753,0.0,CASH_SCARCITY,15
2020-05-13,VIPS,Q0_SKIP,0,17.31,307306.98326218827,444.17326218825565,460.9604748932824,0.0,12292.27933048753,0.0,CASH_SCARCITY,15
2020-05-13,FNV,Q0_SKIP,0,141.45,307306.98326218827,444.17326218825565,460.9604748932824,0.0,12292.27933048753,0.0,CASH_SCARCITY,15
2020-05-13,DKNG,Q0_SKIP,0,25.855,307306.98326218827,444.17326218825565,460.9604748932824,0.0,12292.27933048753,0.0,CASH_SCARCITY,15
2020-05-13,GBT,Q0_SKIP,0,71.14,307306.98326218827,444.17326218825565,460.9604748932824,0.0,12292.27933048753,0.0,CASH_SCARCITY,15
2020-05-13,KGC,Q0_SKIP,0,6.89,307306.98326218827,444.17326218825565,460.9604748932824,0.0,12292.27933048753,0.0,CASH_SCARCITY,15
2020-05-13,VIR,Q0_SKIP,0,30.71,307306.98326218827,444.17326218825565,460.9604748932824,0.0,12292.27933048753,0.0,CASH_SCARCITY,15
2020-05-13,PETS,Q0_SKIP,0,32.72,307306.98326218827,444.17326218825565,460.9604748932824,0.0,12292.27933048753,0.0,CASH_SCARCITY,15
2020-05-13,LVGO,Q0_SKIP,0,57.35,307306.98326218827,444.17326218825565,460.9604748932824,0.0,12292.27933048753,0.0,CASH_SCARCITY,15
2020-05-13,STMP,Q0_SKIP,0,196.92,307306.98326218827,444.17326218825565,460.9604748932824,0.0,12292.27933048753,0.0,CASH_SCARCITY,15
2020-05-13,BNTX,Q0_SKIP,0,48.49,307306.98326218827,444.17326218825565,460.9604748932824,0.0,12292.27933048753,0.0,CASH_SCARCITY,15
2020-05-13,ETSY,Q0_SKIP,0,81.54999999999998,307306.98326218827,444.17326218825565,460.9604748932824,0.0,12292.27933048753,0.0,CASH_SCARCITY,15
2020-05-13,DPZ,Q0_SKIP,0,384.96,307306.98326218827,444.17326218825565,460.9604748932824,0.0,12292.27933048753,0.0,CASH_SCARCITY,15
2020-05-13,TEAM,Q0_SKIP,0,175.76,307306.98326218827,444.17326218825565,460.9604748932824,0.0,12292.27933048753,0.0,CASH_SCARCITY,15
2020-05-13,MOH,Q0_SKIP,0,174.38,307306.98326218827,444.17326218825565,460.9604748932824,0.0,12292.27933048753,0.0,CASH_SCARCITY,15
2020-05-13,NVDA,Q0_SKIP,0,311.2,307306.98326218827,444.17326218825565,460.9604748932824,0.0,12292.27933048753,0.0,CASH_SCARCITY,15
2020-05-13,NIO,Q0_SKIP,0,3.44,307306.98326218827,444.17326218825565,460.9604748932824,0.0,12292.27933048753,0.0,CASH_SCARCITY,15
2020-05-13,AGIO,Q0_SKIP,0,45.56,307306.98326218827,444.17326218825565,460.9604748932824,0.0,12292.27933048753,0.0,CASH_SCARCITY,15
2020-05-13,OKTA,Q0_SKIP,0,177.36,307306.98326218827,444.17326218825565,460.9604748932824,0.0,12292.27933048753,0.0,CASH_SCARCITY,15
2020-05-13,OSUR,Q0_SKIP,0,16.45,307306.98326218827,444.17326218825565,460.9604748932824,0.0,12292.27933048753,0.0,CASH_SCARCITY,15
2020-05-13,WING,Q0_SKIP,0,120.15,307306.98326218827,444.17326218825565,460.9604748932824,0.0,12292.27933048753,0.0,CASH_SCARCITY,15
2020-05-13,IPHI,Q0_SKIP,0,108.37,307306.98326218827,444.17326218825565,460.9604748932824,0.0,12292.27933048753,0.0,CASH_SCARCITY,15
2020-05-13,QGEN,Q0_SKIP,0,42.85,307306.98326218827,444.17326218825565,460.9604748932824,0.0,12292.27933048753,0.0,CASH_SCARCITY,15
2020-05-13,SNDX,Q0_SKIP,0,18.22,307306.98326218827,444.17326218825565,460.9604748932824,0.0,12292.27933048753,0.0,CASH_SCARCITY,15
2020-05-13,FVRR,Q0_SKIP,0,54.54,307306.98326218827,444.17326218825565,460.9604748932824,0.0,12292.27933048753,0.0,CASH_SCARCITY,15
2020-05-13,CLVT,Q0_SKIP,0,22.51,307306.98326218827,444.17326218825565,460.9604748932824,0.0,12292.27933048753,0.0,CASH_SCARCITY,15
2020-05-13,KNSL,Q0_SKIP,0,131.11,307306.98326218827,444.17326218825565,460.9604748932824,0.0,12292.27933048753,0.0,CASH_SCARCITY,15
2020-05-13,MSCI,Q0_SKIP,0,335.62,307306.98326218827,444.17326218825565,460.9604748932824,0.0,12292.27933048753,0.0,CASH_SCARCITY,15
2020-05-13,CAG,Q0_SKIP,0,34.05,307306.98326218827,444.17326218825565,460.9604748932824,0.0,12292.27933048753,0.0,CASH_SCARCITY,15
2020-05-13,PTON,Q0_SKIP,0,45.17,307306.98326218827,444.17326218825565,460.9604748932824,0.0,12292.27933048753,0.0,CASH_SCARCITY,15
2020-05-13,CRWD,Q0_SKIP,0,76.56999999999998,307306.98326218827,444.17326218825565,460.9604748932824,0.0,12292.27933048753,0.0,CASH_SCARCITY,15
2020-05-13,RNG,Q0_SKIP,0,283.0,307306.98326218827,444.17326218825565,460.9604748932824,0.0,12292.27933048753,0.0,CASH_SCARCITY,15
2020-05-13,BTG,Q0_SKIP,0,5.15,307306.98326218827,444.17326218825565,460.9604748932824,0.0,12292.27933048753,0.0,CASH_SCARCITY,15
2020-05-13,IRTC,Q0_SKIP,0,129.73,307306.98326218827,444.17326218825565,460.9604748932824,0.0,12292.27933048753,0.0,CASH_SCARCITY,15
2020-05-13,NOW,Q0_SKIP,0,361.29,307306.98326218827,444.17326218825565,460.9604748932824,0.0,12292.27933048753,0.0,CASH_SCARCITY,15
2020-05-13,FTCHF,Q0_SKIP,0,15.57,307306.98326218827,444.17326218825565,460.9604748932824,0.0,12292.27933048753,0.0,CASH_SCARCITY,15
2020-05-13,DT,Q0_SKIP,0,32.93,307306.98326218827,444.17326218825565,460.9604748932824,0.0,12292.27933048753,0.0,CASH_SCARCITY,15
2020-05-13,AUY,Q0_SKIP,0,5.08,307306.98326218827,444.17326218825565,460.9604748932824,0.0,12292.27933048753,0.0,CASH_SCARCITY,15
2020-05-13,SMAR,Q0_SKIP,0,52.07,307306.98326218827,444.17326218825565,460.9604748932824,0.0,12292.27933048753,0.0,CASH_SCARCITY,15
2020-05-13,WORK,Q0_SKIP,0,30.2,307306.98326218827,444.17326218825565,460.9604748932824,0.0,12292.27933048753,0.0,CASH_SCARCITY,15
2020-05-13,BCRX,Q0_SKIP,0,4.9,307306.98326218827,444.17326218825565,460.9604748932824,0.0,12292.27933048753,0.0,CASH_SCARCITY,15
2020-05-13,GFI,Q0_SKIP,0,8.08,307306.98326218827,444.17326218825565,460.9604748932824,0.0,12292.27933048753,0.0,CASH_SCARCITY,15
2020-05-13,TGTX,Q0_SKIP,0,20.63,307306.98326218827,444.17326218825565,460.9604748932824,0.0,12292.27933048753,0.0,CASH_SCARCITY,15
2020-05-13,AYX,Q0_SKIP,0,122.17,307306.98326218827,444.17326218825565,460.9604748932824,0.0,12292.27933048753,0.0,CASH_SCARCITY,15
2020-05-13,AGI,Q0_SKIP,0,7.769999999999999,307306.98326218827,444.17326218825565,460.9604748932824,0.0,12292.27933048753,0.0,CASH_SCARCITY,15
2020-05-13,ADVM,Q0_SKIP,0,17.4,307306.98326218827,444.17326218825565,460.9604748932824,0.0,12292.27933048753,0.0,CASH_SCARCITY,15
2020-05-13,AU,Q0_SKIP,0,24.98,307306.98326218827,444.17326218825565,460.9604748932824,0.0,12292.27933048753,0.0,CASH_SCARCITY,15
2020-05-13,AXNX,Q0_SKIP,0,34.89,307306.98326218827,444.17326218825565,460.9604748932824,0.0,12292.27933048753,0.0,CASH_SCARCITY,15
2020-05-13,SEDG,Q0_SKIP,0,117.73,307306.98326218827,444.17326218825565,460.9604748932824,0.0,12292.27933048753,0.0,CASH_SCARCITY,15
2020-05-13,FRPT,Q0_SKIP,0,70.06,307306.98326218827,444.17326218825565,460.9604748932824,0.0,12292.27933048753,0.0,CASH_SCARCITY,15
2020-05-13,UNFI,Q0_SKIP,0,22.59,307306.98326218827,444.17326218825565,460.9604748932824,0.0,12292.27933048753,0.0,CASH_SCARCITY,15
2020-05-13,MESO,Q0_SKIP,0,12.15,307306.98326218827,444.17326218825565,460.9604748932824,0.0,12292.27933048753,0.0,CASH_SCARCITY,15
2020-05-13,GNMK,Q0_SKIP,0,11.76,307306.98326218827,444.17326218825565,460.9604748932824,0.0,12292.27933048753,0.0,CASH_SCARCITY,15
2020-05-13,CLVSQ,Q0_SKIP,0,9.19,307306.98326218827,444.17326218825565,460.9604748932824,0.0,12292.27933048753,0.0,CASH_SCARCITY,15
2020-05-13,IMMU,Q0_SKIP,0,32.06,307306.98326218827,444.17326218825565,460.9604748932824,0.0,12292.27933048753,0.0,CASH_SCARCITY,15
2020-05-13,AYTU,Q0_SKIP,0,1.69,307306.98326218827,444.17326218825565,460.9604748932824,0.0,12292.27933048753,0.0,CASH_SCARCITY,15
2020-05-14,PLUR,Q0_SKIP,0,10.06,305216.4332621882,444.17326218825565,457.82464989328236,0.0,12208.65733048753,0.0,CASH_SCARCITY,15
2020-05-14,NEM,Q0_SKIP,0,66.64,305216.4332621882,444.17326218825565,457.82464989328236,0.0,12208.65733048753,0.0,CASH_SCARCITY,15
2020-05-14,MASI,Q0_SKIP,0,246.12,305216.4332621882,444.17326218825565,457.82464989328236,0.0,12208.65733048753,0.0,CASH_SCARCITY,15
2020-05-14,NVAX,Q0_SKIP,0,38.3,305216.4332621882,444.17326218825565,457.82464989328236,0.0,12208.65733048753,0.0,CASH_SCARCITY,15
2020-05-14,LMNX1,Q0_SKIP,0,34.06,305216.4332621882,444.17326218825565,457.82464989328236,0.0,12208.65733048753,0.0,CASH_SCARCITY,15
2020-05-14,CGEN,Q0_SKIP,0,11.57,305216.4332621882,444.17326218825565,457.82464989328236,0.0,12208.65733048753,0.0,CASH_SCARCITY,15
2020-05-14,CLX,Q0_SKIP,0,206.21,305216.4332621882,444.17326218825565,457.82464989328236,0.0,12208.65733048753,0.0,CASH_SCARCITY,15
2020-05-14,NFLX,Q0_SKIP,0,441.95,305216.4332621882,444.17326218825565,457.82464989328236,0.0,12208.65733048753,0.0,CASH_SCARCITY,15
2020-05-14,CYTK,Q0_SKIP,0,21.24,305216.4332621882,444.17326218825565,457.82464989328236,0.0,12208.65733048753,0.0,CASH_SCARCITY,15
2020-05-14,DOCU,Q0_SKIP,0,122.01,305216.4332621882,444.17326218825565,457.82464989328236,0.0,12208.65733048753,0.0,CASH_SCARCITY,15
2020-05-14,TSLA,Q0_SKIP,0,803.33,305216.4332621882,444.17326218825565,457.82464989328236,0.0,12208.65733048753,0.0,CASH_SCARCITY,15
2020-05-14,B,Q0_SKIP,0,27.14,305216.4332621882,444.17326218825565,457.82464989328236,0.0,12208.65733048753,0.0,CASH_SCARCITY,15
2020-05-14,MRNA,Q0_SKIP,0,64.56,305216.4332621882,444.17326218825565,457.82464989328236,0.0,12208.65733048753,0.0,CASH_SCARCITY,15
2020-05-14,CEMI,Q0_SKIP,0,12.53,305216.4332621882,444.17326218825565,457.82464989328236,0.0,12208.65733048753,0.0,CASH_SCARCITY,15
2020-05-14,AKBA,Q0_SKIP,0,12.12,305216.4332621882,444.17326218825565,457.82464989328236,0.0,12208.65733048753,0.0,CASH_SCARCITY,15
2020-05-14,PRNB,Q0_SKIP,0,64.12,305216.4332621882,444.17326218825565,457.82464989328236,0.0,12208.65733048753,0.0,CASH_SCARCITY,15
2020-05-14,ZS,Q0_SKIP,0,75.62,305216.4332621882,444.17326218825565,457.82464989328236,0.0,12208.65733048753,0.0,CASH_SCARCITY,15
2020-05-14,APT,Q0_SKIP,0,16.35,305216.4332621882,444.17326218825565,457.82464989328236,0.0,12208.65733048753,0.0,CASH_SCARCITY,15
2020-05-14,AMZN,Q0_SKIP,0,2388.85,305216.4332621882,444.17326218825565,457.82464989328236,0.0,12208.65733048753,0.0,CASH_SCARCITY,15
2020-05-14,ACMR,Q0_SKIP,0,60.03,305216.4332621882,444.17326218825565,457.82464989328236,0.0,12208.65733048753,0.0,CASH_SCARCITY,15
2020-05-14,RCUS,Q0_SKIP,0,31.79,305216.4332621882,444.17326218825565,457.82464989328236,0.0,12208.65733048753,0.0,CASH_SCARCITY,15
2020-05-14,BAND,Q0_SKIP,0,109.64,305216.4332621882,444.17326218825565,457.82464989328236,0.0,12208.65733048753,0.0,CASH_SCARCITY,15
2020-05-14,FIVN,Q0_SKIP,0,103.08,305216.4332621882,444.17326218825565,457.82464989328236,0.0,12208.65733048753,0.0,CASH_SCARCITY,15
2020-05-14,SHOP,Q0_SKIP,0,754.2899999999998,305216.4332621882,444.17326218825565,457.82464989328236,0.0,12208.65733048753,0.0,CASH_SCARCITY,15
2020-05-14,ENPH,Q0_SKIP,0,56.98,305216.4332621882,444.17326218825565,457.82464989328236,0.0,12208.65733048753,0.0,CASH_SCARCITY,15
2020-05-14,ASAPQ,Q0_SKIP,0,2.605,305216.4332621882,444.17326218825565,457.82464989328236,0.0,12208.65733048753,0.0,CASH_SCARCITY,15
2020-05-14,CTXS,Q0_SKIP,0,146.06,305216.4332621882,444.17326218825565,457.82464989328236,0.0,12208.65733048753,0.0,CASH_SCARCITY,15
2020-05-14,JD,Q0_SKIP,0,48.96,305216.4332621882,444.17326218825565,457.82464989328236,0.0,12208.65733048753,0.0,CASH_SCARCITY,15
2020-05-14,ALNY,Q0_SKIP,0,136.2,305216.4332621882,444.17326218825565,457.82464989328236,0.0,12208.65733048753,0.0,CASH_SCARCITY,15
2020-05-14,NET,Q0_SKIP,0,28.02,305216.4332621882,444.17326218825565,457.82464989328236,0.0,12208.65733048753,0.0,CASH_SCARCITY,15
2020-05-14,VBIV,Q0_SKIP,0,2.07,305216.4332621882,444.17326218825565,457.82464989328236,0.0,12208.65733048753,0.0,CASH_SCARCITY,15
2020-05-14,LM,Q0_SKIP,0,49.87,305216.4332621882,444.17326218825565,457.82464989328236,0.0,12208.65733048753,0.0,CASH_SCARCITY,15
2020-05-14,DKNG,Q0_SKIP,0,25.31,305216.4332621882,444.17326218825565,457.82464989328236,0.0,12208.65733048753,0.0,CASH_SCARCITY,15
2020-05-14,INO,Q0_SKIP,0,13.65,305216.4332621882,444.17326218825565,457.82464989328236,0.0,12208.65733048753,0.0,CASH_SCARCITY,15
2020-05-14,LOGM,Q0_SKIP,0,85.09999999999998,305216.4332621882,444.17326218825565,457.82464989328236,0.0,12208.65733048753,0.0,CASH_SCARCITY,15
2020-05-14,RARE,Q0_SKIP,0,64.73,305216.4332621882,444.17326218825565,457.82464989328236,0.0,12208.65733048753,0.0,CASH_SCARCITY,15
2020-05-14,ATVI,Q0_SKIP,0,72.95999999999998,305216.4332621882,444.17326218825565,457.82464989328236,0.0,12208.65733048753,0.0,CASH_SCARCITY,15
2020-05-14,LVGO,Q0_SKIP,0,61.16,305216.4332621882,444.17326218825565,457.82464989328236,0.0,12208.65733048753,0.0,CASH_SCARCITY,15
2020-05-14,ARCT,Q0_SKIP,0,41.47,305216.4332621882,444.17326218825565,457.82464989328236,0.0,12208.65733048753,0.0,CASH_SCARCITY,15
2020-05-14,MNTA,Q0_SKIP,0,29.88,305216.4332621882,444.17326218825565,457.82464989328236,0.0,12208.65733048753,0.0,CASH_SCARCITY,15
2020-05-14,PTON,Q0_SKIP,0,45.11,305216.4332621882,444.17326218825565,457.82464989328236,0.0,12208.65733048753,0.0,CASH_SCARCITY,15
2020-05-14,VIR,Q0_SKIP,0,31.15,305216.4332621882,444.17326218825565,457.82464989328236,0.0,12208.65733048753,0.0,CASH_SCARCITY,15
2020-05-14,BNTX,Q0_SKIP,0,48.66,305216.4332621882,444.17326218825565,457.82464989328236,0.0,12208.65733048753,0.0,CASH_SCARCITY,15
2020-05-14,WPM,Q0_SKIP,0,44.0,305216.4332621882,444.17326218825565,457.82464989328236,0.0,12208.65733048753,0.0,CASH_SCARCITY,15
2020-05-14,VRTX,Q0_SKIP,0,277.0,305216.4332621882,444.17326218825565,457.82464989328236,0.0,12208.65733048753,0.0,CASH_SCARCITY,15
2020-05-14,FVRR,Q0_SKIP,0,57.0,305216.4332621882,444.17326218825565,457.82464989328236,0.0,12208.65733048753,0.0,CASH_SCARCITY,15
2020-05-14,FNV,Q0_SKIP,0,146.52,305216.4332621882,444.17326218825565,457.82464989328236,0.0,12208.65733048753,0.0,CASH_SCARCITY,15
2020-05-14,STMP,Q0_SKIP,0,195.49,305216.4332621882,444.17326218825565,457.82464989328236,0.0,12208.65733048753,0.0,CASH_SCARCITY,15
2020-05-14,PETS,Q0_SKIP,0,31.86,305216.4332621882,444.17326218825565,457.82464989328236,0.0,12208.65733048753,0.0,CASH_SCARCITY,15
2020-05-14,UAVS,Q0_SKIP,0,1.27,305216.4332621882,444.17326218825565,457.82464989328236,0.0,12208.65733048753,0.0,CASH_SCARCITY,15
2020-05-14,ATRC,Q0_SKIP,0,47.35,305216.4332621882,444.17326218825565,457.82464989328236,0.0,12208.65733048753,0.0,CASH_SCARCITY,15
2020-05-14,NIO,Q0_SKIP,0,3.45,305216.4332621882,444.17326218825565,457.82464989328236,0.0,12208.65733048753,0.0,CASH_SCARCITY,15
2020-05-14,DPZ,Q0_SKIP,0,376.01,305216.4332621882,444.17326218825565,457.82464989328236,0.0,12208.65733048753,0.0,CASH_SCARCITY,15
2020-05-14,OSUR,Q0_SKIP,0,15.95,305216.4332621882,444.17326218825565,457.82464989328236,0.0,12208.65733048753,0.0,CASH_SCARCITY,15
2020-05-14,ETSY,Q0_SKIP,0,81.62999999999998,305216.4332621882,444.17326218825565,457.82464989328236,0.0,12208.65733048753,0.0,CASH_SCARCITY,15
2020-05-14,PING,Q0_SKIP,0,23.24,305216.4332621882,444.17326218825565,457.82464989328236,0.0,12208.65733048753,0.0,CASH_SCARCITY,15
2020-05-14,WING,Q0_SKIP,0,121.91,305216.4332621882,444.17326218825565,457.82464989328236,0.0,12208.65733048753,0.0,CASH_SCARCITY,15
2020-05-14,OKTA,Q0_SKIP,0,177.32,305216.4332621882,444.17326218825565,457.82464989328236,0.0,12208.65733048753,0.0,CASH_SCARCITY,15
2020-05-14,TEAM,Q0_SKIP,0,179.79,305216.4332621882,444.17326218825565,457.82464989328236,0.0,12208.65733048753,0.0,CASH_SCARCITY,15
2020-05-14,CLVT,Q0_SKIP,0,22.65,305216.4332621882,444.17326218825565,457.82464989328236,0.0,12208.65733048753,0.0,CASH_SCARCITY,15
2020-05-14,NVDA,Q0_SKIP,0,321.22,305216.4332621882,444.17326218825565,457.82464989328236,0.0,12208.65733048753,0.0,CASH_SCARCITY,15
2020-05-14,QGEN,Q0_SKIP,0,42.29,305216.4332621882,444.17326218825565,457.82464989328236,0.0,12208.65733048753,0.0,CASH_SCARCITY,15
2020-05-14,IOVA,Q0_SKIP,0,35.37,305216.4332621882,444.17326218825565,457.82464989328236,0.0,12208.65733048753,0.0,CASH_SCARCITY,15
2020-05-14,RNG,Q0_SKIP,0,271.55,305216.4332621882,444.17326218825565,457.82464989328236,0.0,12208.65733048753,0.0,CASH_SCARCITY,15
2020-05-14,KGC,Q0_SKIP,0,7.2,305216.4332621882,444.17326218825565,457.82464989328236,0.0,12208.65733048753,0.0,CASH_SCARCITY,15
2020-05-14,FTCHF,Q0_SKIP,0,15.89,305216.4332621882,444.17326218825565,457.82464989328236,0.0,12208.65733048753,0.0,CASH_SCARCITY,15
2020-05-14,WORK,Q0_SKIP,0,31.66,305216.4332621882,444.17326218825565,457.82464989328236,0.0,12208.65733048753,0.0,CASH_SCARCITY,15
2020-05-14,MOH,Q0_SKIP,0,176.48,305216.4332621882,444.17326218825565,457.82464989328236,0.0,12208.65733048753,0.0,CASH_SCARCITY,15
2020-05-14,GDS,Q0_SKIP,0,60.88,305216.4332621882,444.17326218825565,457.82464989328236,0.0,12208.65733048753,0.0,CASH_SCARCITY,15
2020-05-14,GBT,Q0_SKIP,0,69.57,305216.4332621882,444.17326218825565,457.82464989328236,0.0,12208.65733048753,0.0,CASH_SCARCITY,15
2020-05-14,SNDX,Q0_SKIP,0,18.52,305216.4332621882,444.17326218825565,457.82464989328236,0.0,12208.65733048753,0.0,CASH_SCARCITY,15
2020-05-14,QTS,Q0_SKIP,0,62.96,305216.4332621882,444.17326218825565,457.82464989328236,0.0,12208.65733048753,0.0,CASH_SCARCITY,15
2020-05-14,TRHC,Q0_SKIP,0,57.35,305216.4332621882,444.17326218825565,457.82464989328236,0.0,12208.65733048753,0.0,CASH_SCARCITY,15
2020-05-14,TW,Q0_SKIP,0,59.0,305216.4332621882,444.17326218825565,457.82464989328236,0.0,12208.65733048753,0.0,CASH_SCARCITY,15
2020-05-14,CRWD,Q0_SKIP,0,77.14,305216.4332621882,444.17326218825565,457.82464989328236,0.0,12208.65733048753,0.0,CASH_SCARCITY,15
2020-05-14,TAL,Q0_SKIP,0,53.77,305216.4332621882,444.17326218825565,457.82464989328236,0.0,12208.65733048753,0.0,CASH_SCARCITY,15
2020-05-14,IPHI,Q0_SKIP,0,109.48,305216.4332621882,444.17326218825565,457.82464989328236,0.0,12208.65733048753,0.0,CASH_SCARCITY,15
2020-05-14,AGIO,Q0_SKIP,0,44.75,305216.4332621882,444.17326218825565,457.82464989328236,0.0,12208.65733048753,0.0,CASH_SCARCITY,15
2020-05-14,MSCI,Q0_SKIP,0,342.05,305216.4332621882,444.17326218825565,457.82464989328236,0.0,12208.65733048753,0.0,CASH_SCARCITY,15
2020-05-14,IRTC,Q0_SKIP,0,125.77,305216.4332621882,444.17326218825565,457.82464989328236,0.0,12208.65733048753,0.0,CASH_SCARCITY,15
2020-05-14,CAG,Q0_SKIP,0,33.83,305216.4332621882,444.17326218825565,457.82464989328236,0.0,12208.65733048753,0.0,CASH_SCARCITY,15
2020-05-14,BCRX,Q0_SKIP,0,5.08,305216.4332621882,444.17326218825565,457.82464989328236,0.0,12208.65733048753,0.0,CASH_SCARCITY,15
2020-05-14,BTG,Q0_SKIP,0,5.26,305216.4332621882,444.17326218825565,457.82464989328236,0.0,12208.65733048753,0.0,CASH_SCARCITY,15
2020-05-14,VEEV,Q0_SKIP,0,196.03,305216.4332621882,444.17326218825565,457.82464989328236,0.0,12208.65733048753,0.0,CASH_SCARCITY,15
2020-05-14,SMAR,Q0_SKIP,0,52.1,305216.4332621882,444.17326218825565,457.82464989328236,0.0,12208.65733048753,0.0,CASH_SCARCITY,15
2020-05-14,TGTX,Q0_SKIP,0,19.93,305216.4332621882,444.17326218825565,457.82464989328236,0.0,12208.65733048753,0.0,CASH_SCARCITY,15
2020-05-14,DT,Q0_SKIP,0,33.0,305216.4332621882,444.17326218825565,457.82464989328236,0.0,12208.65733048753,0.0,CASH_SCARCITY,15
2020-05-14,KNSL,Q0_SKIP,0,130.41,305216.4332621882,444.17326218825565,457.82464989328236,0.0,12208.65733048753,0.0,CASH_SCARCITY,15
2020-05-14,AUY,Q0_SKIP,0,5.16,305216.4332621882,444.17326218825565,457.82464989328236,0.0,12208.65733048753,0.0,CASH_SCARCITY,15
2020-05-14,GLUU,Q0_SKIP,0,9.43,305216.4332621882,444.17326218825565,457.82464989328236,0.0,12208.65733048753,0.0,CASH_SCARCITY,15
2020-05-14,AYX,Q0_SKIP,0,125.5,305216.4332621882,444.17326218825565,457.82464989328236,0.0,12208.65733048753,0.0,CASH_SCARCITY,15
2020-05-14,COUP,Q0_SKIP,0,210.25,305216.4332621882,444.17326218825565,457.82464989328236,0.0,12208.65733048753,0.0,CASH_SCARCITY,15
2020-05-14,GFI,Q0_SKIP,0,8.279999999999998,305216.4332621882,444.17326218825565,457.82464989328236,0.0,12208.65733048753,0.0,CASH_SCARCITY,15
2020-05-14,ADVM,Q0_SKIP,0,17.19,305216.4332621882,444.17326218825565,457.82464989328236,0.0,12208.65733048753,0.0,CASH_SCARCITY,15
2020-05-14,NEO,Q0_SKIP,0,27.76,305216.4332621882,444.17326218825565,457.82464989328236,0.0,12208.65733048753,0.0,CASH_SCARCITY,15
2020-05-14,AGI,Q0_SKIP,0,8.189999999999998,305216.4332621882,444.17326218825565,457.82464989328236,0.0,12208.65733048753,0.0,CASH_SCARCITY,15
2020-05-14,UNFI,Q0_SKIP,0,18.08,305216.4332621882,444.17326218825565,457.82464989328236,0.0,12208.65733048753,0.0,CASH_SCARCITY,15
2020-05-14,GNMK,Q0_SKIP,0,11.98,305216.4332621882,444.17326218825565,457.82464989328236,0.0,12208.65733048753,0.0,CASH_SCARCITY,15
2020-05-14,FRPT,Q0_SKIP,0,70.5,305216.4332621882,444.17326218825565,457.82464989328236,0.0,12208.65733048753,0.0,CASH_SCARCITY,15
2020-05-14,AXNX,Q0_SKIP,0,35.51,305216.4332621882,444.17326218825565,457.82464989328236,0.0,12208.65733048753,0.0,CASH_SCARCITY,15
2020-05-14,CLVSQ,Q0_SKIP,0,9.5,305216.4332621882,444.17326218825565,457.82464989328236,0.0,12208.65733048753,0.0,CASH_SCARCITY,15
2020-05-14,MESO,Q0_SKIP,0,12.3,305216.4332621882,444.17326218825565,457.82464989328236,0.0,12208.65733048753,0.0,CASH_SCARCITY,15
2020-05-14,AYTU,Q0_SKIP,0,1.78,305216.4332621882,444.17326218825565,457.82464989328236,0.0,12208.65733048753,0.0,CASH_SCARCITY,15
2020-05-15,RCUS,PLAN,3,35.03,306525.7932621882,575.7532621882556,459.7886898932823,115.96457229497327,12261.031730487528,0.009457978320586423,,15
2020-06-23,NVAX,PLAN,185,69.66,323035.4853821883,22062.87538218825,484.5532280732824,21578.322154114965,12921.419415287532,1.0,,15
2020-06-30,FVRR,PLAN,189,73.81999999999998,350450.04665218823,17401.826652188254,525.6750699782824,16876.151582209972,14018.00186608753,1.0,,15
2020-07-08,DOCU,PLAN,13,206.35,366880.71182218834,3312.9218221882566,550.3210677332826,2762.600754454974,14675.228472887535,0.1882492500582785,,15
2020-07-24,NAK,Q0_SKIP,0,1.94,377887.96232218825,560.6723221882567,566.8319434832824,0.0,15115.51849288753,0.0,CASH_SCARCITY,15
2020-07-24,LVGO,Q0_SKIP,0,109.13,377887.96232218825,560.6723221882567,566.8319434832824,0.0,15115.51849288753,0.0,CASH_SCARCITY,15
2020-07-24,FSLY,Q0_SKIP,0,78.79999999999998,377887.96232218825,560.6723221882567,566.8319434832824,0.0,15115.51849288753,0.0,CASH_SCARCITY,15
2020-07-24,BAND,Q0_SKIP,0,137.56,377887.96232218825,560.6723221882567,566.8319434832824,0.0,15115.51849288753,0.0,CASH_SCARCITY,15
2020-07-24,ARCT,Q0_SKIP,0,53.7,377887.96232218825,560.6723221882567,566.8319434832824,0.0,15115.51849288753,0.0,CASH_SCARCITY,15
2020-07-24,VAPO,Q0_SKIP,0,48.39,377887.96232218825,560.6723221882567,566.8319434832824,0.0,15115.51849288753,0.0,CASH_SCARCITY,15
2020-07-24,MRNA,Q0_SKIP,0,73.20999999999998,377887.96232218825,560.6723221882567,566.8319434832824,0.0,15115.51849288753,0.0,CASH_SCARCITY,15
2020-07-24,FUTU,Q0_SKIP,0,28.68,377887.96232218825,560.6723221882567,566.8319434832824,0.0,15115.51849288753,0.0,CASH_SCARCITY,15
2020-07-24,ALT,Q0_SKIP,0,25.63,377887.96232218825,560.6723221882567,566.8319434832824,0.0,15115.51849288753,0.0,CASH_SCARCITY,15
2020-07-24,AMZN,Q0_SKIP,0,3008.91,377887.96232218825,560.6723221882567,566.8319434832824,0.0,15115.51849288753,0.0,CASH_SCARCITY,15
2020-07-24,SPOT,Q0_SKIP,0,268.74,377887.96232218825,560.6723221882567,566.8319434832824,0.0,15115.51849288753,0.0,CASH_SCARCITY,15
2020-07-24,WKHS,Q0_SKIP,0,15.145,377887.96232218825,560.6723221882567,566.8319434832824,0.0,15115.51849288753,0.0,CASH_SCARCITY,15
2020-07-24,NET,Q0_SKIP,0,35.72,377887.96232218825,560.6723221882567,566.8319434832824,0.0,15115.51849288753,0.0,CASH_SCARCITY,15
2020-07-24,VIRT,Q0_SKIP,0,25.31,377887.96232218825,560.6723221882567,566.8319434832824,0.0,15115.51849288753,0.0,CASH_SCARCITY,15
2020-07-24,BJ,Q0_SKIP,0,40.07,377887.96232218825,560.6723221882567,566.8319434832824,0.0,15115.51849288753,0.0,CASH_SCARCITY,15
2020-07-24,CODX,Q0_SKIP,0,21.82,377887.96232218825,560.6723221882567,566.8319434832824,0.0,15115.51849288753,0.0,CASH_SCARCITY,15
2020-07-24,BBBY,Q0_SKIP,0,53.21,377887.96232218825,560.6723221882567,566.8319434832824,0.0,15115.51849288753,0.0,CASH_SCARCITY,15
2020-07-24,ZS,Q0_SKIP,0,121.72,377887.96232218825,560.6723221882567,566.8319434832824,0.0,15115.51849288753,0.0,CASH_SCARCITY,15
2020-07-24,VEEV,Q0_SKIP,0,251.95,377887.96232218825,560.6723221882567,566.8319434832824,0.0,15115.51849288753,0.0,CASH_SCARCITY,15
2020-07-24,SHOP,Q0_SKIP,0,929.81,377887.96232218825,560.6723221882567,566.8319434832824,0.0,15115.51849288753,0.0,CASH_SCARCITY,15
2020-07-24,BTAI,Q0_SKIP,0,60.76,377887.96232218825,560.6723221882567,566.8319434832824,0.0,15115.51849288753,0.0,CASH_SCARCITY,15
2020-07-24,RGR,Q0_SKIP,0,75.18,377887.96232218825,560.6723221882567,566.8319434832824,0.0,15115.51849288753,0.0,CASH_SCARCITY,15
2020-07-24,ETSY,Q0_SKIP,0,101.59,377887.96232218825,560.6723221882567,566.8319434832824,0.0,15115.51849288753,0.0,CASH_SCARCITY,15
2020-07-24,JD,Q0_SKIP,0,60.88,377887.96232218825,560.6723221882567,566.8319434832824,0.0,15115.51849288753,0.0,CASH_SCARCITY,15
2020-07-24,STMP,Q0_SKIP,0,215.99,377887.96232218825,560.6723221882567,566.8319434832824,0.0,15115.51849288753,0.0,CASH_SCARCITY,15
2020-07-24,HZNP,Q0_SKIP,0,58.47,377887.96232218825,560.6723221882567,566.8319434832824,0.0,15115.51849288753,0.0,CASH_SCARCITY,15
2020-07-24,HYLN,Q0_SKIP,0,17.97,377887.96232218825,560.6723221882567,566.8319434832824,0.0,15115.51849288753,0.0,CASH_SCARCITY,15
2020-07-24,PTON,Q0_SKIP,0,61.82,377887.96232218825,560.6723221882567,566.8319434832824,0.0,15115.51849288753,0.0,CASH_SCARCITY,15
2020-07-24,OKTA,Q0_SKIP,0,205.64,377887.96232218825,560.6723221882567,566.8319434832824,0.0,15115.51849288753,0.0,CASH_SCARCITY,15
2020-07-24,ASAPQ,Q0_SKIP,0,4.76,377887.96232218825,560.6723221882567,566.8319434832824,0.0,15115.51849288753,0.0,CASH_SCARCITY,15
2020-07-24,GMAB,Q0_SKIP,0,35.1,377887.96232218825,560.6723221882567,566.8319434832824,0.0,15115.51849288753,0.0,CASH_SCARCITY,15
2020-07-24,OLLI,Q0_SKIP,0,105.75,377887.96232218825,560.6723221882567,566.8319434832824,0.0,15115.51849288753,0.0,CASH_SCARCITY,15
2020-07-24,SWBI,Q0_SKIP,0,23.35,377887.96232218825,560.6723221882567,566.8319434832824,0.0,15115.51849288753,0.0,CASH_SCARCITY,15
2020-07-24,SGEN,Q0_SKIP,0,168.815,377887.96232218825,560.6723221882567,566.8319434832824,0.0,15115.51849288753,0.0,CASH_SCARCITY,15
2020-07-24,GNMK,Q0_SKIP,0,16.8,377887.96232218825,560.6723221882567,566.8319434832824,0.0,15115.51849288753,0.0,CASH_SCARCITY,15
2020-07-24,TWLO,Q0_SKIP,0,248.29,377887.96232218825,560.6723221882567,566.8319434832824,0.0,15115.51849288753,0.0,CASH_SCARCITY,15
2020-07-24,TWST,Q0_SKIP,0,54.64,377887.96232218825,560.6723221882567,566.8319434832824,0.0,15115.51849288753,0.0,CASH_SCARCITY,15
2020-07-24,TAL,Q0_SKIP,0,75.73999999999998,377887.96232218825,560.6723221882567,566.8319434832824,0.0,15115.51849288753,0.0,CASH_SCARCITY,15
2020-07-24,TSCO,Q0_SKIP,0,146.53,377887.96232218825,560.6723221882567,566.8319434832824,0.0,15115.51849288753,0.0,CASH_SCARCITY,15
2020-07-24,FIVN,Q0_SKIP,0,111.44,377887.96232218825,560.6723221882567,566.8319434832824,0.0,15115.51849288753,0.0,CASH_SCARCITY,15
2020-07-24,WST,Q0_SKIP,0,262.66,377887.96232218825,560.6723221882567,566.8319434832824,0.0,15115.51849288753,0.0,CASH_SCARCITY,15
2020-07-24,UNFI,Q0_SKIP,0,19.46,377887.96232218825,560.6723221882567,566.8319434832824,0.0,15115.51849288753,0.0,CASH_SCARCITY,15
2020-07-24,NIU,Q0_SKIP,0,18.94,377887.96232218825,560.6723221882567,566.8319434832824,0.0,15115.51849288753,0.0,CASH_SCARCITY,15
2020-07-24,PLUG,Q0_SKIP,0,8.519999999999998,377887.96232218825,560.6723221882567,566.8319434832824,0.0,15115.51849288753,0.0,CASH_SCARCITY,15
2020-07-24,GOTU,Q0_SKIP,0,81.2,377887.96232218825,560.6723221882567,566.8319434832824,0.0,15115.51849288753,0.0,CASH_SCARCITY,15
2020-07-24,IBIO,Q0_SKIP,0,5.5,377887.96232218825,560.6723221882567,566.8319434832824,0.0,15115.51849288753,0.0,CASH_SCARCITY,15
2020-07-24,ARGX,Q0_SKIP,0,251.33,377887.96232218825,560.6723221882567,566.8319434832824,0.0,15115.51849288753,0.0,CASH_SCARCITY,15
2020-07-24,COUP,Q0_SKIP,0,292.11,377887.96232218825,560.6723221882567,566.8319434832824,0.0,15115.51849288753,0.0,CASH_SCARCITY,15
2020-07-24,WIX,Q0_SKIP,0,267.47,377887.96232218825,560.6723221882567,566.8319434832824,0.0,15115.51849288753,0.0,CASH_SCARCITY,15
2020-07-24,WPM,Q0_SKIP,0,53.62,377887.96232218825,560.6723221882567,566.8319434832824,0.0,15115.51849288753,0.0,CASH_SCARCITY,15
2020-07-24,BMRN,Q0_SKIP,0,122.95,377887.96232218825,560.6723221882567,566.8319434832824,0.0,15115.51849288753,0.0,CASH_SCARCITY,15
2020-07-24,MKTX,Q0_SKIP,0,505.81,377887.96232218825,560.6723221882567,566.8319434832824,0.0,15115.51849288753,0.0,CASH_SCARCITY,15
2020-07-24,APT,Q0_SKIP,0,21.75,377887.96232218825,560.6723221882567,566.8319434832824,0.0,15115.51849288753,0.0,CASH_SCARCITY,15
2020-07-24,EQT,Q0_SKIP,0,14.17,377887.96232218825,560.6723221882567,566.8319434832824,0.0,15115.51849288753,0.0,CASH_SCARCITY,15
2020-07-24,TWOUQ,Q0_SKIP,0,42.23,377887.96232218825,560.6723221882567,566.8319434832824,0.0,15115.51849288753,0.0,CASH_SCARCITY,15
2020-07-24,PYPL,Q0_SKIP,0,172.56,377887.96232218825,560.6723221882567,566.8319434832824,0.0,15115.51849288753,0.0,CASH_SCARCITY,15
2020-07-24,VIPS,Q0_SKIP,0,20.43,377887.96232218825,560.6723221882567,566.8319434832824,0.0,15115.51849288753,0.0,CASH_SCARCITY,15
2020-07-24,SAM,Q0_SKIP,0,828.34,377887.96232218825,560.6723221882567,566.8319434832824,0.0,15115.51849288753,0.0,CASH_SCARCITY,15
2020-07-24,CHGG,Q0_SKIP,0,73.42,377887.96232218825,560.6723221882567,566.8319434832824,0.0,15115.51849288753,0.0,CASH_SCARCITY,15
2020-07-24,VBIV,Q0_SKIP,0,5.14,377887.96232218825,560.6723221882567,566.8319434832824,0.0,15115.51849288753,0.0,CASH_SCARCITY,15
2020-07-24,BILL,Q0_SKIP,0,82.31999999999998,377887.96232218825,560.6723221882567,566.8319434832824,0.0,15115.51849288753,0.0,CASH_SCARCITY,15
2020-07-24,MELI,Q0_SKIP,0,988.99,377887.96232218825,560.6723221882567,566.8319434832824,0.0,15115.51849288753,0.0,CASH_SCARCITY,15
2020-07-24,NVDA,Q0_SKIP,0,407.78,377887.96232218825,560.6723221882567,566.8319434832824,0.0,15115.51849288753,0.0,CASH_SCARCITY,15
2020-07-24,TSLA,Q0_SKIP,0,1417.0,377887.96232218825,560.6723221882567,566.8319434832824,0.0,15115.51849288753,0.0,CASH_SCARCITY,15
2020-07-24,ALRM,Q0_SKIP,0,67.8,377887.96232218825,560.6723221882567,566.8319434832824,0.0,15115.51849288753,0.0,CASH_SCARCITY,15
2020-07-24,SCPX,Q0_SKIP,0,2.51,377887.96232218825,560.6723221882567,566.8319434832824,0.0,15115.51849288753,0.0,CASH_SCARCITY,15
2020-07-24,WING,Q0_SKIP,0,136.81,377887.96232218825,560.6723221882567,566.8319434832824,0.0,15115.51849288753,0.0,CASH_SCARCITY,15
2020-07-24,VIR,Q0_SKIP,0,48.06,377887.96232218825,560.6723221882567,566.8319434832824,0.0,15115.51849288753,0.0,CASH_SCARCITY,15
2020-07-24,ACMR,Q0_SKIP,0,85.01999999999998,377887.96232218825,560.6723221882567,566.8319434832824,0.0,15115.51849288753,0.0,CASH_SCARCITY,15
2020-07-24,RRC,Q0_SKIP,0,6.73,377887.96232218825,560.6723221882567,566.8319434832824,0.0,15115.51849288753,0.0,CASH_SCARCITY,15
2020-07-24,IBRX,Q0_SKIP,0,13.24,377887.96232218825,560.6723221882567,566.8319434832824,0.0,15115.51849288753,0.0,CASH_SCARCITY,15
2020-07-24,IMMU,Q0_SKIP,0,41.21,377887.96232218825,560.6723221882567,566.8319434832824,0.0,15115.51849288753,0.0,CASH_SCARCITY,15
2020-07-24,ANGI,Q0_SKIP,0,14.58,377887.96232218825,560.6723221882567,566.8319434832824,0.0,15115.51849288753,0.0,CASH_SCARCITY,15
2020-07-24,W,Q0_SKIP,0,222.79,377887.96232218825,560.6723221882567,566.8319434832824,0.0,15115.51849288753,0.0,CASH_SCARCITY,15
2020-07-24,UPWK,Q0_SKIP,0,13.4,377887.96232218825,560.6723221882567,566.8319434832824,0.0,15115.51849288753,0.0,CASH_SCARCITY,15
2020-07-24,SWN,Q0_SKIP,0,2.64,377887.96232218825,560.6723221882567,566.8319434832824,0.0,15115.51849288753,0.0,CASH_SCARCITY,15
2020-07-24,OPK,Q0_SKIP,0,5.3,377887.96232218825,560.6723221882567,566.8319434832824,0.0,15115.51849288753,0.0,CASH_SCARCITY,15
2020-07-24,NIO,Q0_SKIP,0,11.82,377887.96232218825,560.6723221882567,566.8319434832824,0.0,15115.51849288753,0.0,CASH_SCARCITY,15
2020-07-24,APPS,Q0_SKIP,0,12.19,377887.96232218825,560.6723221882567,566.8319434832824,0.0,15115.51849288753,0.0,CASH_SCARCITY,15
2020-07-24,XYZ,Q0_SKIP,0,121.41,377887.96232218825,560.6723221882567,566.8319434832824,0.0,15115.51849288753,0.0,CASH_SCARCITY,15
2020-07-24,TTD,Q0_SKIP,0,426.07,377887.96232218825,560.6723221882567,566.8319434832824,0.0,15115.51849288753,0.0,CASH_SCARCITY,15
2020-07-24,RDFN,Q0_SKIP,0,40.24,377887.96232218825,560.6723221882567,566.8319434832824,0.0,15115.51849288753,0.0,CASH_SCARCITY,15
2020-07-24,GDOT,Q0_SKIP,0,50.89,377887.96232218825,560.6723221882567,566.8319434832824,0.0,15115.51849288753,0.0,CASH_SCARCITY,15
2020-07-24,ECOM,Q0_SKIP,0,19.52,377887.96232218825,560.6723221882567,566.8319434832824,0.0,15115.51849288753,0.0,CASH_SCARCITY,15
2020-07-24,DQ,Q0_SKIP,0,108.55,377887.96232218825,560.6723221882567,566.8319434832824,0.0,15115.51849288753,0.0,CASH_SCARCITY,15
2020-07-24,BLDP,Q0_SKIP,0,15.81,377887.96232218825,560.6723221882567,566.8319434832824,0.0,15115.51849288753,0.0,CASH_SCARCITY,15
2020-07-24,BCRX,Q0_SKIP,0,4.45,377887.96232218825,560.6723221882567,566.8319434832824,0.0,15115.51849288753,0.0,CASH_SCARCITY,15
2020-07-24,MVIS,Q0_SKIP,0,2.0,377887.96232218825,560.6723221882567,566.8319434832824,0.0,15115.51849288753,0.0,CASH_SCARCITY,15
2020-07-24,CWH,Q0_SKIP,0,35.09,377887.96232218825,560.6723221882567,566.8319434832824,0.0,15115.51849288753,0.0,CASH_SCARCITY,15
2020-07-24,NVTAQ,Q0_SKIP,0,29.73,377887.96232218825,560.6723221882567,566.8319434832824,0.0,15115.51849288753,0.0,CASH_SCARCITY,15
2020-07-24,AIM,Q0_SKIP,0,3.07,377887.96232218825,560.6723221882567,566.8319434832824,0.0,15115.51849288753,0.0,CASH_SCARCITY,15
2020-07-24,NOVA,Q0_SKIP,0,22.3,377887.96232218825,560.6723221882567,566.8319434832824,0.0,15115.51849288753,0.0,CASH_SCARCITY,15
2020-07-24,BNTX,Q0_SKIP,0,84.17,377887.96232218825,560.6723221882567,566.8319434832824,0.0,15115.51849288753,0.0,CASH_SCARCITY,15
2020-07-24,UAVS,Q0_SKIP,0,3.33,377887.96232218825,560.6723221882567,566.8319434832824,0.0,15115.51849288753,0.0,CASH_SCARCITY,15
2020-07-24,ENPH,Q0_SKIP,0,59.65,377887.96232218825,560.6723221882567,566.8319434832824,0.0,15115.51849288753,0.0,CASH_SCARCITY,15
2020-07-24,IMRN,Q0_SKIP,0,12.88,377887.96232218825,560.6723221882567,566.8319434832824,0.0,15115.51849288753,0.0,CASH_SCARCITY,15
2020-07-27,LVGO,Q0_SKIP,0,108.56,380622.8623221883,560.6723221882567,570.9342934832824,0.0,15224.914492887532,0.0,CASH_SCARCITY,15
2020-07-27,NAK,Q0_SKIP,0,1.72,380622.8623221883,560.6723221882567,570.9342934832824,0.0,15224.914492887532,0.0,CASH_SCARCITY,15
2020-07-27,BAND,Q0_SKIP,0,142.43,380622.8623221883,560.6723221882567,570.9342934832824,0.0,15224.914492887532,0.0,CASH_SCARCITY,15
2020-07-27,ARCT,Q0_SKIP,0,63.19,380622.8623221883,560.6723221882567,570.9342934832824,0.0,15224.914492887532,0.0,CASH_SCARCITY,15
2020-07-27,VAPO,Q0_SKIP,0,49.99,380622.8623221883,560.6723221882567,570.9342934832824,0.0,15224.914492887532,0.0,CASH_SCARCITY,15
2020-07-27,SPOT,Q0_SKIP,0,272.5,380622.8623221883,560.6723221882567,570.9342934832824,0.0,15224.914492887532,0.0,CASH_SCARCITY,15
2020-07-27,FUTU,Q0_SKIP,0,29.74,380622.8623221883,560.6723221882567,570.9342934832824,0.0,15224.914492887532,0.0,CASH_SCARCITY,15
2020-07-27,ALT,Q0_SKIP,0,22.43,380622.8623221883,560.6723221882567,570.9342934832824,0.0,15224.914492887532,0.0,CASH_SCARCITY,15
2020-07-27,AMZN,Q0_SKIP,0,3055.21,380622.8623221883,560.6723221882567,570.9342934832824,0.0,15224.914492887532,0.0,CASH_SCARCITY,15
2020-07-27,ZS,Q0_SKIP,0,124.87,380622.8623221883,560.6723221882567,570.9342934832824,0.0,15224.914492887532,0.0,CASH_SCARCITY,15
2020-07-27,NET,Q0_SKIP,0,37.36,380622.8623221883,560.6723221882567,570.9342934832824,0.0,15224.914492887532,0.0,CASH_SCARCITY,15
2020-07-27,WKHS,Q0_SKIP,0,15.73,380622.8623221883,560.6723221882567,570.9342934832824,0.0,15224.914492887532,0.0,CASH_SCARCITY,15
2020-07-27,VEEV,Q0_SKIP,0,253.5,380622.8623221883,560.6723221882567,570.9342934832824,0.0,15224.914492887532,0.0,CASH_SCARCITY,15
2020-07-27,SHOP,Q0_SKIP,0,976.3900000000002,380622.8623221883,560.6723221882567,570.9342934832824,0.0,15224.914492887532,0.0,CASH_SCARCITY,15
2020-07-27,JD,Q0_SKIP,0,62.78,380622.8623221883,560.6723221882567,570.9342934832824,0.0,15224.914492887532,0.0,CASH_SCARCITY,15
2020-07-27,OKTA,Q0_SKIP,0,206.0,380622.8623221883,560.6723221882567,570.9342934832824,0.0,15224.914492887532,0.0,CASH_SCARCITY,15
2020-07-27,MRNA,Q0_SKIP,0,79.90999999999998,380622.8623221883,560.6723221882567,570.9342934832824,0.0,15224.914492887532,0.0,CASH_SCARCITY,15
2020-07-27,HYLN,Q0_SKIP,0,19.0,380622.8623221883,560.6723221882567,570.9342934832824,0.0,15224.914492887532,0.0,CASH_SCARCITY,15
2020-07-27,ETSY,Q0_SKIP,0,105.95,380622.8623221883,560.6723221882567,570.9342934832824,0.0,15224.914492887532,0.0,CASH_SCARCITY,15
2020-07-27,BJ,Q0_SKIP,0,41.07,380622.8623221883,560.6723221882567,570.9342934832824,0.0,15224.914492887532,0.0,CASH_SCARCITY,15
2020-07-27,VIRT,Q0_SKIP,0,25.36,380622.8623221883,560.6723221882567,570.9342934832824,0.0,15224.914492887532,0.0,CASH_SCARCITY,15
2020-07-27,BBBY,Q0_SKIP,0,59.13,380622.8623221883,560.6723221882567,570.9342934832824,0.0,15224.914492887532,0.0,CASH_SCARCITY,15
2020-07-27,BTAI,Q0_SKIP,0,61.48,380622.8623221883,560.6723221882567,570.9342934832824,0.0,15224.914492887532,0.0,CASH_SCARCITY,15
2020-07-27,HZNP,Q0_SKIP,0,58.9,380622.8623221883,560.6723221882567,570.9342934832824,0.0,15224.914492887532,0.0,CASH_SCARCITY,15
2020-07-27,NIU,Q0_SKIP,0,18.22,380622.8623221883,560.6723221882567,570.9342934832824,0.0,15224.914492887532,0.0,CASH_SCARCITY,15
2020-07-27,OLLI,Q0_SKIP,0,107.8,380622.8623221883,560.6723221882567,570.9342934832824,0.0,15224.914492887532,0.0,CASH_SCARCITY,15
2020-07-27,SGEN,Q0_SKIP,0,171.36,380622.8623221883,560.6723221882567,570.9342934832824,0.0,15224.914492887532,0.0,CASH_SCARCITY,15
2020-07-27,PTON,Q0_SKIP,0,63.68,380622.8623221883,560.6723221882567,570.9342934832824,0.0,15224.914492887532,0.0,CASH_SCARCITY,15
2020-07-27,GMAB,Q0_SKIP,0,35.64,380622.8623221883,560.6723221882567,570.9342934832824,0.0,15224.914492887532,0.0,CASH_SCARCITY,15
2020-07-27,GNMK,Q0_SKIP,0,17.41,380622.8623221883,560.6723221882567,570.9342934832824,0.0,15224.914492887532,0.0,CASH_SCARCITY,15
2020-07-27,STMP,Q0_SKIP,0,231.02,380622.8623221883,560.6723221882567,570.9342934832824,0.0,15224.914492887532,0.0,CASH_SCARCITY,15
2020-07-27,TWLO,Q0_SKIP,0,252.86,380622.8623221883,560.6723221882567,570.9342934832824,0.0,15224.914492887532,0.0,CASH_SCARCITY,15
2020-07-27,ASAPQ,Q0_SKIP,0,4.8,380622.8623221883,560.6723221882567,570.9342934832824,0.0,15224.914492887532,0.0,CASH_SCARCITY,15
2020-07-27,COUP,Q0_SKIP,0,292.85,380622.8623221883,560.6723221882567,570.9342934832824,0.0,15224.914492887532,0.0,CASH_SCARCITY,15
2020-07-27,FIVN,Q0_SKIP,0,114.35,380622.8623221883,560.6723221882567,570.9342934832824,0.0,15224.914492887532,0.0,CASH_SCARCITY,15
2020-07-27,SWBI,Q0_SKIP,0,24.82,380622.8623221883,560.6723221882567,570.9342934832824,0.0,15224.914492887532,0.0,CASH_SCARCITY,15
2020-07-27,ARGX,Q0_SKIP,0,259.67,380622.8623221883,560.6723221882567,570.9342934832824,0.0,15224.914492887532,0.0,CASH_SCARCITY,15
2020-07-27,WIX,Q0_SKIP,0,272.47,380622.8623221883,560.6723221882567,570.9342934832824,0.0,15224.914492887532,0.0,CASH_SCARCITY,15
2020-07-27,UNFI,Q0_SKIP,0,20.37,380622.8623221883,560.6723221882567,570.9342934832824,0.0,15224.914492887532,0.0,CASH_SCARCITY,15
2020-07-27,TWST,Q0_SKIP,0,58.63,380622.8623221883,560.6723221882567,570.9342934832824,0.0,15224.914492887532,0.0,CASH_SCARCITY,15
2020-07-27,CODX,Q0_SKIP,0,22.12,380622.8623221883,560.6723221882567,570.9342934832824,0.0,15224.914492887532,0.0,CASH_SCARCITY,15
2020-07-27,WPM,Q0_SKIP,0,56.21,380622.8623221883,560.6723221882567,570.9342934832824,0.0,15224.914492887532,0.0,CASH_SCARCITY,15
2020-07-27,IBIO,Q0_SKIP,0,4.66,380622.8623221883,560.6723221882567,570.9342934832824,0.0,15224.914492887532,0.0,CASH_SCARCITY,15
2020-07-27,PLUG,Q0_SKIP,0,8.349999999999998,380622.8623221883,560.6723221882567,570.9342934832824,0.0,15224.914492887532,0.0,CASH_SCARCITY,15
2020-07-27,PYPL,Q0_SKIP,0,177.98,380622.8623221883,560.6723221882567,570.9342934832824,0.0,15224.914492887532,0.0,CASH_SCARCITY,15
2020-07-27,NVDA,Q0_SKIP,0,416.86,380622.8623221883,560.6723221882567,570.9342934832824,0.0,15224.914492887532,0.0,CASH_SCARCITY,15
2020-07-27,SFM,Q0_SKIP,0,26.91,380622.8623221883,560.6723221882567,570.9342934832824,0.0,15224.914492887532,0.0,CASH_SCARCITY,15
2020-07-27,TWOUQ,Q0_SKIP,0,42.97,380622.8623221883,560.6723221882567,570.9342934832824,0.0,15224.914492887532,0.0,CASH_SCARCITY,15
2020-07-27,NIO,Q0_SKIP,0,11.69,380622.8623221883,560.6723221882567,570.9342934832824,0.0,15224.914492887532,0.0,CASH_SCARCITY,15
2020-07-27,PLMR,Q0_SKIP,0,84.15999999999998,380622.8623221883,560.6723221882567,570.9342934832824,0.0,15224.914492887532,0.0,CASH_SCARCITY,15
2020-07-27,BL,Q0_SKIP,0,86.65999999999998,380622.8623221883,560.6723221882567,570.9342934832824,0.0,15224.914492887532,0.0,CASH_SCARCITY,15
2020-07-27,SCPX,Q0_SKIP,0,2.36,380622.8623221883,560.6723221882567,570.9342934832824,0.0,15224.914492887532,0.0,CASH_SCARCITY,15
2020-07-27,MELI,Q0_SKIP,0,1070.44,380622.8623221883,560.6723221882567,570.9342934832824,0.0,15224.914492887532,0.0,CASH_SCARCITY,15
2020-07-27,DOYU,Q0_SKIP,0,11.77,380622.8623221883,560.6723221882567,570.9342934832824,0.0,15224.914492887532,0.0,CASH_SCARCITY,15
2020-07-27,GOTU,Q0_SKIP,0,87.37,380622.8623221883,560.6723221882567,570.9342934832824,0.0,15224.914492887532,0.0,CASH_SCARCITY,15
2020-07-27,CHGG,Q0_SKIP,0,74.29999999999998,380622.8623221883,560.6723221882567,570.9342934832824,0.0,15224.914492887532,0.0,CASH_SCARCITY,15
2020-07-27,TSLA,Q0_SKIP,0,1539.6,380622.8623221883,560.6723221882567,570.9342934832824,0.0,15224.914492887532,0.0,CASH_SCARCITY,15
2020-07-27,VIPS,Q0_SKIP,0,21.55,380622.8623221883,560.6723221882567,570.9342934832824,0.0,15224.914492887532,0.0,CASH_SCARCITY,15
2020-07-27,CALX,Q0_SKIP,0,20.26,380622.8623221883,560.6723221882567,570.9342934832824,0.0,15224.914492887532,0.0,CASH_SCARCITY,15
2020-07-27,RRC,Q0_SKIP,0,5.98,380622.8623221883,560.6723221882567,570.9342934832824,0.0,15224.914492887532,0.0,CASH_SCARCITY,15
2020-07-27,VBIV,Q0_SKIP,0,4.82,380622.8623221883,560.6723221882567,570.9342934832824,0.0,15224.914492887532,0.0,CASH_SCARCITY,15
2020-07-27,EQT,Q0_SKIP,0,13.41,380622.8623221883,560.6723221882567,570.9342934832824,0.0,15224.914492887532,0.0,CASH_SCARCITY,15
2020-07-27,DT,Q0_SKIP,0,42.4,380622.8623221883,560.6723221882567,570.9342934832824,0.0,15224.914492887532,0.0,CASH_SCARCITY,15
2020-07-27,IMMU,Q0_SKIP,0,43.31,380622.8623221883,560.6723221882567,570.9342934832824,0.0,15224.914492887532,0.0,CASH_SCARCITY,15
2020-07-27,W,Q0_SKIP,0,231.41,380622.8623221883,560.6723221882567,570.9342934832824,0.0,15224.914492887532,0.0,CASH_SCARCITY,15
2020-07-27,APPS,Q0_SKIP,0,12.56,380622.8623221883,560.6723221882567,570.9342934832824,0.0,15224.914492887532,0.0,CASH_SCARCITY,15
2020-07-27,FTCHF,Q0_SKIP,0,22.41,380622.8623221883,560.6723221882567,570.9342934832824,0.0,15224.914492887532,0.0,CASH_SCARCITY,15
2020-07-27,IBRX,Q0_SKIP,0,13.49,380622.8623221883,560.6723221882567,570.9342934832824,0.0,15224.914492887532,0.0,CASH_SCARCITY,15
2020-07-27,OPK,Q0_SKIP,0,5.85,380622.8623221883,560.6723221882567,570.9342934832824,0.0,15224.914492887532,0.0,CASH_SCARCITY,15
2020-07-27,ACMR,Q0_SKIP,0,84.29,380622.8623221883,560.6723221882567,570.9342934832824,0.0,15224.914492887532,0.0,CASH_SCARCITY,15
2020-07-27,APT,Q0_SKIP,0,23.12,380622.8623221883,560.6723221882567,570.9342934832824,0.0,15224.914492887532,0.0,CASH_SCARCITY,15
2020-07-27,TTD,Q0_SKIP,0,432.16,380622.8623221883,560.6723221882567,570.9342934832824,0.0,15224.914492887532,0.0,CASH_SCARCITY,15
2020-07-27,BLDP,Q0_SKIP,0,15.44,380622.8623221883,560.6723221882567,570.9342934832824,0.0,15224.914492887532,0.0,CASH_SCARCITY,15
2020-07-27,RDFN,Q0_SKIP,0,43.49,380622.8623221883,560.6723221882567,570.9342934832824,0.0,15224.914492887532,0.0,CASH_SCARCITY,15
2020-07-27,XYZ,Q0_SKIP,0,125.75,380622.8623221883,560.6723221882567,570.9342934832824,0.0,15224.914492887532,0.0,CASH_SCARCITY,15
2020-07-27,ECOM,Q0_SKIP,0,21.13,380622.8623221883,560.6723221882567,570.9342934832824,0.0,15224.914492887532,0.0,CASH_SCARCITY,15
2020-07-27,GDOT,Q0_SKIP,0,52.41,380622.8623221883,560.6723221882567,570.9342934832824,0.0,15224.914492887532,0.0,CASH_SCARCITY,15
2020-07-27,TRAW,Q0_SKIP,0,1.24,380622.8623221883,560.6723221882567,570.9342934832824,0.0,15224.914492887532,0.0,CASH_SCARCITY,15
2020-07-27,AIM,Q0_SKIP,0,3.22,380622.8623221883,560.6723221882567,570.9342934832824,0.0,15224.914492887532,0.0,CASH_SCARCITY,15
2020-07-27,BNTX,Q0_SKIP,0,86.53,380622.8623221883,560.6723221882567,570.9342934832824,0.0,15224.914492887532,0.0,CASH_SCARCITY,15
2020-07-27,DVAX,Q0_SKIP,0,9.340000000000002,380622.8623221883,560.6723221882567,570.9342934832824,0.0,15224.914492887532,0.0,CASH_SCARCITY,15
2020-07-27,CWH,Q0_SKIP,0,38.17,380622.8623221883,560.6723221882567,570.9342934832824,0.0,15224.914492887532,0.0,CASH_SCARCITY,15
2020-07-27,VIR,Q0_SKIP,0,47.74,380622.8623221883,560.6723221882567,570.9342934832824,0.0,15224.914492887532,0.0,CASH_SCARCITY,15
2020-07-27,TGTX,Q0_SKIP,0,21.09,380622.8623221883,560.6723221882567,570.9342934832824,0.0,15224.914492887532,0.0,CASH_SCARCITY,15
2020-07-27,NVTAQ,Q0_SKIP,0,31.58,380622.8623221883,560.6723221882567,570.9342934832824,0.0,15224.914492887532,0.0,CASH_SCARCITY,15
2020-07-27,ENPH,Q0_SKIP,0,62.22,380622.8623221883,560.6723221882567,570.9342934832824,0.0,15224.914492887532,0.0,CASH_SCARCITY,15
2020-07-27,MVIS,Q0_SKIP,0,2.06,380622.8623221883,560.6723221882567,570.9342934832824,0.0,15224.914492887532,0.0,CASH_SCARCITY,15
2020-07-27,NOVA,Q0_SKIP,0,23.75,380622.8623221883,560.6723221882567,570.9342934832824,0.0,15224.914492887532,0.0,CASH_SCARCITY,15
2020-07-27,UAVS,Q0_SKIP,0,3.21,380622.8623221883,560.6723221882567,570.9342934832824,0.0,15224.914492887532,0.0,CASH_SCARCITY,15
2020-07-27,SRNEQ,Q0_SKIP,0,7.79,380622.8623221883,560.6723221882567,570.9342934832824,0.0,15224.914492887532,0.0,CASH_SCARCITY,15
2020-07-27,FCEL,Q0_SKIP,0,2.46,380622.8623221883,560.6723221882567,570.9342934832824,0.0,15224.914492887532,0.0,CASH_SCARCITY,15
2020-07-27,IMRN,Q0_SKIP,0,11.45,380622.8623221883,560.6723221882567,570.9342934832824,0.0,15224.914492887532,0.0,CASH_SCARCITY,15
2020-07-28,LVGO,PLAN,137,111.27,382109.75802218827,46968.51802218826,573.1646370332824,46395.35338515498,15284.39032088753,1.0,,15
2020-07-29,WKHS,PLAN,953,16.15,385180.65734218823,31247.132342188263,577.7709860132824,30669.36135617498,15407.22629368753,1.0,,15
2020-08-26,BAND,PLAN,102,155.83,397911.60705218837,39782.927052188264,596.8674105782826,39186.05964160998,15916.464282087534,1.0,,15
2020-09-14,APPS,PLAN,625,25.31,396110.7935721883,48936.55357218826,594.1661903582825,48342.38738182998,15844.431742887533,1.0,,15
2020-09-29,AGNT,PLAN,400,42.05,421055.5067921883,40372.13679218827,631.5832601882825,39740.55353199999,16842.220271687533,1.0,,15
2020-10-07,RUN,PLAN,225,78.04999999999998,439861.60879218834,23547.328792188273,659.7924131882826,22887.53637899999,17594.464351687533,1.0,,15
2020-10-20,ALTO,PLAN,517,10.635,439714.1432921883,6164.463292188273,659.5712149382824,5504.8920772499905,17588.565731687533,0.31298129484955023,,15
2020-11-19,NIO,PLAN,340,48.45,412324.5562016223,162878.6262016223,618.4868343024334,162260.13936731988,16492.98224806489,1.0,,15
2020-11-20,FDX,PLAN,60,276.69,421021.54440162226,146450.4144016223,631.5323166024334,145818.88208501987,16840.861776064892,1.0,,15
2020-11-23,PACB,PLAN,1138,14.93,425387.96180162235,129621.00180162232,638.0819427024336,128982.91985891988,17015.518472064894,1.0,,15
2020-11-25,AGNT,PLAN,324,51.98,422223.75594162237,112568.10594162231,633.3356339124335,111934.77030770988,16888.950237664896,1.0,,15
2020-11-27,GNRC,PLAN,77,221.4,428742.5041016222,95489.20410162231,643.1137561524333,94846.09034546987,17149.70016406489,1.0,,15
2020-11-30,LOB,PLAN,412,41.12,424923.7663016224,78424.35630162232,637.3856494524335,77786.97065216988,16996.950652064894,1.0,,15
2020-12-02,FRHC,PLAN,432,39.35,426272.66886162234,61259.768861622324,639.4090032924336,60620.35985832989,17050.906754464893,1.0,,15
2020-12-03,LPRO,PLAN,632,27.05,428378.8340616223,43897.62406162232,642.5682510924335,43255.05581052989,17135.153362464895,1.0,,15
2020-12-11,PWR,PLAN,248,72.06999999999998,448450.20138162235,26902.711381622325,672.6753020724335,26230.036079549893,17938.008055264894,1.0,,15
2020-12-14,SWAV,PLAN,89,93.38,451075.93834162236,9010.758341622324,676.6139075124336,8334.14443410989,18043.037533664894,0.461903624517765,,15
2020-12-15,DAR,Q0_SKIP,0,55.51,455375.8793516224,733.4993516223276,683.0638190274336,50.43553259489397,18215.0351740649,0.0027688957014316154,CASH_SCARCITY,15
2020-12-15,MRTX,Q0_SKIP,0,233.29,455375.8793516224,733.4993516223276,683.0638190274336,50.43553259489397,18215.0351740649,0.0027688957014316154,CASH_SCARCITY,15
2020-12-15,KURA,PLAN,1,40.18,455375.8793516224,733.4993516223276,683.0638190274336,50.43553259489397,18215.0351740649,0.0027688957014316154,,15
2021-03-01,SICPQ,PLAN,161,147.7,595103.2639056223,78062.10890562231,892.6548958584335,77169.45400976388,23804.130556224893,1.0,,15
2021-03-22,CTRN,PLAN,239,89.65999999999998,537831.7177716224,211619.46777162235,806.7475766574336,210812.72019496493,21513.268710864893,1.0,,15
2021-03-24,TPR,PLAN,508,40.64,516771.93294162233,190573.61294162236,775.1578994124335,189798.4550422099,20670.877317664894,1.0,,15
2021-03-26,WAL,PLAN,219,96.1,528803.1713816226,170451.95138162235,793.2047570724338,169658.7466245499,21152.1268552649,1.0,,15
2021-03-29,ATKR,PLAN,304,68.49,521457.0893116223,149729.17931162234,782.1856339674335,148946.99367765491,20858.283572464894,1.0,,15
2021-04-01,DEN,PLAN,429,50.87,547023.1514716224,128820.45147162235,820.5347272074337,127999.91674441492,21880.926058864898,1.0,,15
2021-04-05,SM,PLAN,1273,17.26,549870.5453116224,106902.39531162236,824.8058179674337,106077.58949365492,21994.8218124649,1.0,,15
2021-04-06,TPL,PLAN,13,1595.49,555082.2096216225,84579.26962162237,832.6233144324337,83746.64630718993,22203.2883848649,1.0,,15
2021-04-07,CPE,PLAN,561,38.94,547008.1138729344,63723.373872934375,820.5121708094016,62902.861702124974,21880.324554917373,1.0,,15
2021-04-08,DBRG,PLAN,3256,6.76,550847.0305029346,42288.59050293437,826.270545754402,41462.31995717997,22033.881220117382,1.0,,15
2021-04-09,DAC,PLAN,346,56.2,553227.6350629344,20321.205062934372,829.8414525944015,19491.36361033997,22129.105402517376,0.8808021497390789,,15
2021-05-25,CHRD,PLAN,260,82.95999999999998,541016.9522629344,22677.582262934375,811.5254283944016,21866.056834539973,21640.678090517376,1.0,,15
2021-06-14,COF,PLAN,2,158.71,588107.6474778265,1294.5274778265202,882.1614712167396,412.3660066097806,23524.30589911306,0.017529359139362665,,15
2021-08-17,ORLY,PLAN,39,599.77,593466.1264378264,80478.19643782653,890.1991896567397,79587.99724816979,23738.64505751306,1.0,,15
2021-08-18,LSI,PLAN,196,120.47,591442.7551251386,57118.235125138526,887.1641326877078,56231.07099245082,23657.710205005544,1.0,,15
2021-09-08,EPAM,PLAN,39,629.32,623168.7177931386,49714.457793138536,934.7530766897079,48779.704716448825,24926.748711725544,1.0,,15
2021-09-14,WST,PLAN,53,452.06,610065.7509431385,25153.07094313854,915.0986264147077,24237.972316723834,24402.63003772554,0.9932524600525783,,15
2021-10-07,PRFT,PLAN,197,122.86,607789.3982531385,34287.988253138545,911.6840973797079,33376.30415575884,24311.575930125542,1.0,,15
2021-10-28,ASAN,PLAN,69,131.83,649032.5574031386,10191.457403138547,973.5488361047079,9217.908567033839,25961.302296125545,0.3550634117614938,,15
2021-11-01,INTU,Q0_SKIP,0,608.81,664901.0680831386,1193.1480831385488,997.3516021247078,195.796481013841,26596.042723325543,0.007361865186136188,CASH_SCARCITY,15
2021-11-01,ARES,PLAN,2,83.98999999999998,664901.0680831386,1193.1480831385488,997.3516021247078,195.796481013841,26596.042723325543,0.007361865186136188,,15
2021-12-13,FDS,PLAN,52,466.54,616832.0315231386,125827.38152313855,925.2480472847079,124902.13347585384,24673.281260925545,1.0,,15
2022-01-03,BLDR,PLAN,299,83.48999999999998,626483.7444831384,101597.07448313855,939.7256167247077,100657.34886641384,25059.349779325537,1.0,,15
2022-01-04,WIRE,PLAN,176,141.71,625602.1508431386,76365.57084313856,938.4032262647079,75427.16761687385,25024.086033725544,1.0,,15
2022-01-05,COST,PLAN,44,549.92,606018.0758831388,51355.62588313856,909.0271138247082,50446.598769313845,24240.723035325555,1.0,,15
2022-01-06,ACLS,PLAN,338,72.17,610796.9230831385,65480.57308313856,916.1953846247078,64564.377698513854,24431.87692332554,1.0,,15
2022-01-12,ON,PLAN,360,66.49,600502.2494831386,41056.08948313855,900.7533742247078,40155.33610891384,24020.08997932554,1.0,,15
2022-02-07,CVE,PLAN,1460,15.45,564738.6847231385,83345.99472313856,847.1080270847077,82498.88669605386,22589.547388925537,1.0,,15
2022-02-16,VET,PLAN,1297,17.5,568283.0906231386,62204.20062313855,852.4246359347079,61351.775987203844,22731.323624925542,1.0,,15
2022-02-18,CVX,PLAN,167,133.42,558290.9695531387,40218.92955313856,837.4364543297081,39381.49309880885,22331.63878212555,1.0,,15
2022-02-22,CNQ,PLAN,315,52.18,549559.7905531385,17317.05055313856,824.3396858297077,16492.71086730885,21982.39162212554,0.7502691768401006,,15
2022-04-05,ABBV,PLAN,145,163.43,593844.6554731386,56626.905473138555,890.7669832097079,55736.138489928846,23753.786218925543,1.0,,15
2022-04-06,MCK,PLAN,75,311.57,589017.8044231386,32752.004423138555,883.5267066347079,31868.477716503847,23560.712176925546,1.0,,15
2022-04-07,MDRX,PLAN,375,22.63,597221.3726731385,9396.92267313856,895.8320590097078,8501.090614128852,23888.854906925542,0.355860113314361,,15
2022-05-12,AMR,PLAN,143,153.01,550514.0905331386,42515.94053313856,825.771135799708,41690.16939733885,22020.563621325546,1.0,,15
2022-05-24,BMY,PLAN,291,77.12999999999998,563090.9281331386,65039.90813313857,844.6363921997079,64195.27174093886,22523.637125325542,1.0,,15
2022-05-25,SRE,PLAN,136,166.74,571613.7020031385,60106.38200313857,857.4205530047077,59248.96145013386,22864.54808012554,1.0,,15
2022-06-21,STNG,PLAN,568,37.35,531241.8248831388,84040.80488313857,796.8627373247082,83243.94214581385,21249.672995325553,1.0,,15
2022-06-22,PBF,PLAN,616,33.8,521334.1427231386,63788.412723138565,782.001214084708,63006.411509053854,20853.365708925547,1.0,,15
2022-06-27,MRK,PLAN,226,94.41,534019.6714231386,117177.71142313856,801.0295071347078,116376.68191600386,21360.786856925544,1.0,,15
2022-07-08,HRB,PLAN,551,37.27,513995.6865631387,205808.0065631386,770.9935298447081,205037.0130332939,20559.827462525547,1.0,,15
2022-07-15,LNTH,PLAN,291,70.65,514538.5501231386,200369.7301231386,771.8078251847079,199597.9222979539,20581.542004925544,1.0,,15
2022-07-18,CNR,PLAN,352,57.81,509880.2736231386,179542.4236231386,764.8204104347079,178777.6032127039,20395.210944925544,1.0,,15
2022-07-25,GO,PLAN,469,44.4,521819.23290313856,159331.5129031386,782.7288493547079,158548.7840537839,20872.76931612554,1.0,,15
2022-07-26,GLNG,PLAN,922,22.62,522346.2028331386,138660.7928331386,783.519304249708,137877.2735288889,20893.848113325545,1.0,,15
2022-07-27,SAIL1,PLAN,331,63.64,527931.8186731386,117175.16867313861,791.897728009708,116383.27094512891,21117.272746925544,1.0,,15
2022-07-29,SWCH,PLAN,627,33.81,530533.5639731386,96069.38397313861,795.8003459597079,95273.5836271789,21221.342558925542,1.0,,15
2022-08-02,CHNG,PLAN,868,24.23,526871.0262931385,74830.48629313862,790.3065394397078,74040.1797536989,21074.84105172554,1.0,,15
2022-08-03,ACC,PLAN,320,65.38,524149.63617313857,53899.45617313862,786.2244542597078,53113.23171887891,20965.985446925544,1.0,,15
2022-08-04,MNDT,PLAN,907,22.79,517402.6745731387,32956.93457313863,776.1040118597081,32180.83056127892,20696.10698292555,1.0,,15
2022-08-05,CTIC,PLAN,1544,7.429999999999999,523886.06311313866,12274.813113138625,785.829094669708,11488.984018468916,20955.442524525548,0.5482577619166283,,15
2022-08-29,MUSA,PLAN,72,299.84,546971.5324231386,44193.75242313863,820.457298634708,43373.29512450392,21878.861296925545,1.0,,15
2022-09-23,INSW,PLAN,609,33.68,513957.8298631387,43965.79986313863,770.936744794708,43194.86311834392,20558.313194525548,1.0,,15
2022-09-28,DHT,PLAN,2600,8.13,529141.2764631386,44434.88646313864,793.711914694708,43641.17454844393,21165.651058525546,1.0,,15
2022-10-24,ELF,PLAN,527,41.66,549742.6947331387,84294.43473313865,824.6140420997081,83469.82069103894,21989.70778932555,1.0,,15
2022-10-27,HAE,PLAN,275,81.69,562873.5443831387,62111.924383138656,844.3103165747079,61267.61406656395,22514.941775325547,1.0,,15
2022-11-08,AVEO,PLAN,1568,14.79,580665.1643431387,57449.40434313865,870.9977465147081,56578.40659662394,23226.60657372555,1.0,,15
2022-11-11,FSLR,PLAN,149,150.42,561884.5693031385,34743.98930313866,842.8268539547078,33901.162449183954,22475.38277212554,1.0,,15
2022-11-15,NUVL,PLAN,698,32.61,570126.4768831386,34478.33688313866,855.189715324708,33623.14716781396,22805.059075325546,1.0,,15
2022-11-16,MYOV,PLAN,847,26.8,568561.4408631386,32137.860863138663,852.842161294708,31285.018701843954,22742.457634525545,1.0,,15
2022-12-19,ERIE,PLAN,82,271.4,557375.3635731386,53153.14357313866,836.0630453597079,52317.08052777895,22295.014542925546,1.0,,15
2022-12-20,TTC,PLAN,200,112.02,561321.2720331387,30829.30203313866,841.9819080497081,29987.320125088954,22452.850881325547,1.0,,15
2022-12-21,RMBS,PLAN,223,37.0,567229.1700331386,9135.630033138663,850.843755049708,8284.786278088955,22689.166801325544,0.36514281686205163,,15
2023-01-09,AAWW,PLAN,203,101.2,540427.0169531386,21420.116953138666,810.640525429708,20609.476427708956,21617.080678125545,0.9533885141375177,,15
2023-02-02,WFRD,PLAN,400,55.4,555097.1019131386,45277.13191313867,832.645652869708,44444.48626026896,22203.884076525545,1.0,,15
2023-02-03,YPF,PLAN,1980,11.18,557624.0099131387,23002.879913138673,836.4360148697081,22166.443898268964,22304.96039652555,0.9937898792109866,,15
2023-02-16,TDW,PLAN,7,45.06,585656.4362431386,1215.636243138672,878.4846543647079,337.151588773964,23426.257449725545,0.014392038058043026,,15
2023-03-06,ALGM,PLAN,522,45.35,592553.7158731387,40617.70587313868,888.8305738097081,39728.87529932897,23702.14863492555,1.0,,15
2023-03-31,NSIT,PLAN,164,142.96,588963.3475731388,62275.56757313869,883.4450213597082,61392.12255177898,23558.533902925552,1.0,,15
2023-04-03,IPAR,PLAN,160,146.42,588269.5775731388,38882.19757313869,882.4043663597082,37999.79320677898,23530.78310292555,1.0,,15
2023-04-24,WYNN,PLAN,209,114.48,598997.6999931387,32209.279993138694,898.496549989708,31310.783443148986,23959.907999725547,1.0,,15
2023-05-02,NVO,PLAN,45,167.2,577720.5547631385,8470.334763138693,866.5808321447078,7603.753930993986,23108.82219052554,0.32904117173533287,,15
2023-05-05,PEN,PLAN,74,310.08,579010.2889431387,46005.1589431387,868.515433414708,45136.64350972399,23160.411557725547,1.0,,15
2023-06-06,BLDR,PLAN,182,123.92,596801.5925631387,23587.232563138696,895.202388844708,22692.03017429399,23872.06370252555,0.9505684325018486,,15
2023-06-07,TPH,PLAN,4,32.29,595643.0809631386,1033.1009631386987,893.464621444708,139.63634169399074,23825.723238525545,0.005860738844989292,,15
2023-07-14,NVDA,PLAN,55,454.69,626746.6458231386,63932.815823138706,940.119968734708,62992.695854403995,25069.865832925545,1.0,,15
2023-07-17,MANH,PLAN,124,204.4,635057.2468731388,38448.40687313871,952.5858703097083,37495.821002829,25402.289874925555,1.0,,15
2023-07-18,PANW,PLAN,48,248.34,638904.3221531388,12968.23215313871,958.3564832297083,12009.875669909,25556.172886125554,0.46994030457624436,,15
2023-09-27,CEG,PLAN,220,110.75,611639.8943231388,67267.32432313872,917.4598414847081,66349.864481654,24465.59577292555,1.0,,15
2023-10-25,VRT,PLAN,634,37.39,593610.6626731388,132565.88267313872,890.4159940097082,131675.46667912902,23744.426506925553,1.0,,15
2023-10-26,UEC,PLAN,4184,5.63,589492.8109931387,128295.39099313872,884.239216489708,127411.15177664901,23579.71243972555,1.0,,15
2023-10-27,ANF,PLAN,398,58.72,585534.2632331387,104674.03323313872,878.3013948497081,103795.73183828901,23421.370529325548,1.0,,15
2023-11-06,MMYT,PLAN,596,40.98,612168.5658631388,101509.33586313872,918.2528487947081,100591.08301434401,24486.74263452555,1.0,,15
2023-11-14,CLS,PLAN,937,26.88,630876.9297831388,77359.12978313872,946.3153946747082,76412.81438846402,25235.077191325552,1.0,,15
2023-11-27,CNR,PLAN,240,104.67,630081.5107831386,52464.99078313872,945.1222661747079,51519.86851696401,25203.260431325543,1.0,,15
2023-11-30,AEO,PLAN,1325,19.03,631048.7227431387,27256.01274313872,946.5730841147081,26309.43965902401,25241.948909725546,1.0,,15
2023-12-29,CVSA,PLAN,23,58.95,658999.1677431386,2392.0577431387233,988.498751614708,1403.5589915240153,26359.966709725544,0.05324585599746491,,15
2024-02-07,NRG,PLAN,546,52.99,724465.6248831387,36730.90488313872,1086.698437324708,35644.20644581401,28978.624995325546,1.0,,15
2024-02-22,AGO,PLAN,352,85.26,752192.5977151387,40172.65771513872,1128.2888965727082,39044.36881856601,30087.70390860555,1.0,,15
2024-03-20,WING,PLAN,26,348.23,819389.1450751384,10534.675075138728,1229.0837176127077,9305.59135752602,32775.565803005535,0.2839185573013874,,15
2024-03-22,CNM,PLAN,4,58.18,833057.2793151387,1503.392815138728,1249.585918972708,253.80689616602012,33322.291172605546,0.007616730039700159,,15
2024-07-15,TRGP,PLAN,186,134.34,927815.2810351389,26450.97103513873,1391.7229215527084,25059.24811358602,37112.61124140555,0.675221906391434,,15
2024-08-29,ADMA,PLAN,2036,17.22,877493.0785251388,141000.66852513872,1316.2396177877083,139684.42890735102,35099.723141005554,1.0,,15
2024-08-30,CRS,PLAN,244,144.77,884136.5868051387,105803.78680513872,1326.2048802077081,104477.58192493102,35365.46347220555,1.0,,15
2024-09-04,LMT,PLAN,58,574.78,847905.1304051386,70905.72040513872,1271.857695607708,69633.86270953102,33916.20521620555,1.0,,15
2024-09-16,FOX,PLAN,938,36.77,863659.3425951387,114964.94259513871,1295.489013892708,113669.453581246,34546.37370380555,1.0,,15
2024-10-04,WELL,PLAN,290,125.56,912514.2623351387,80636.53233513872,1368.7713935027082,79267.760941636,36500.570493405554,1.0,,15
2024-10-07,AHR,PLAN,1453,24.94,907220.8084351387,44376.40843513872,1360.831212652708,43015.57722248601,36288.83233740555,1.0,,15
2024-10-08,AFL,PLAN,58,112.47,917558.0953151388,7956.905315138727,1376.3371429727083,6580.5681721660185,36702.32381260555,0.17929568181472744,,15
2024-10-09,IRM,Q0_SKIP,0,120.49,912033.1859751387,1441.0559751387273,1368.0497789627082,73.0061961760191,36481.327439005545,0.0020011935228530487,CASH_SCARCITY,15
2024-10-09,AKR,PLAN,3,23.22,912033.1859751387,1441.0559751387273,1368.0497789627082,73.0061961760191,36481.327439005545,0.0020011935228530487,,15
2024-12-02,CNK,PLAN,1047,36.02,943966.1880851387,68504.33808513873,1415.949282127708,67088.38880301102,37758.64752340555,1.0,,15
2024-12-12,LLYVK,PLAN,416,71.35,917230.2112551385,31140.081255138728,1375.8453168827077,29764.23593825602,36689.208450205544,0.811253150327621,,15
2024-12-17,UI,Q0_SKIP,0,340.21,904586.1621351385,1624.3521351387376,1356.8792432027078,267.4728919360298,36183.44648540554,0.007392134191636885,CASH_SCARCITY,15
2024-12-17,EXLS,PLAN,5,45.59,904586.1621351385,1624.3521351387376,1356.8792432027078,267.4728919360298,36183.44648540554,0.007392134191636885,,15
2024-12-18,CALM,Q0_SKIP,0,103.53,878560.5038851388,1395.8738851387377,1317.840755827708,78.0331293110296,35142.420155405554,0.0022204825099112206,CASH_SCARCITY,15
2024-12-18,PAM,Q0_SKIP,0,85.65,878560.5038851388,1395.8738851387377,1317.840755827708,78.0331293110296,35142.420155405554,0.0022204825099112206,CASH_SCARCITY,15
2024-12-18,RKLB,PLAN,3,22.92,878560.5038851388,1395.8738851387377,1317.840755827708,78.0331293110296,35142.420155405554,0.0022204825099112206,,15
2025-03-06,VRNA,PLAN,527,65.67,867709.9074651389,235605.83746513873,1301.5648611977085,234304.27260394103,34708.396298605556,1.0,,15
2025-03-07,LX,PLAN,3790,9.06,859507.5400651388,200683.55006513873,1289.2613100977082,199394.28875504102,34380.301602605556,1.0,,15
2025-03-19,SRAD,PLAN,1559,22.8,889849.5238651388,167379.57386513875,1334.7742857977082,166044.79957934105,35593.980954605555,1.0,,15
2025-03-26,ESLT,PLAN,90,393.32,893557.0768651388,131486.71686513876,1340.3356152977083,130146.38124984106,35742.283074605555,1.0,,15
2025-03-27,RBRK,PLAN,540,66.0,893448.9915651387,96606.57156513876,1340.173487347708,95266.39807779105,35737.95966260555,1.0,,15
2025-04-02,EAT,PLAN,230,155.25,894492.2035651384,61727.21356513876,1341.7383053477076,60385.47525979105,35779.68814260553,1.0,,15
2025-04-03,PYCR,PLAN,1226,22.46,853361.0887651388,28859.578765138765,1280.0416331477081,27579.537131991056,34134.44355060555,0.8079679720310481,,15
2025-04-04,SWI,PLAN,1734,18.37,797563.8945851389,55747.97458513877,1196.3458418777084,54551.62874326106,31902.555783405554,1.0,,15
2025-05-06,VRSN,PLAN,125,283.22,887262.6134851386,113159.91348513878,1330.893920227708,111829.01956491107,35490.50453940555,1.0,,15
2025-05-07,CNP,PLAN,915,39.05,894817.1622351388,77723.26223513878,1342.2257433527082,76381.03649178607,35792.686489405554,1.0,,15
2025-05-08,KC,PLAN,2461,14.23,876381.791935139,42167.441935138784,1314.5726879027086,40852.86924723608,35055.27167740556,1.0,,15
2025-05-28,TDUP,PLAN,1062,7.22,925063.7663051388,9063.336305138786,1387.5956494577083,7675.740655681077,37002.55065220555,0.2074381500839473,,15
2025-05-30,SSRM,Q0_SKIP,0,11.83,933335.0044251388,1394.7954251387882,1400.0025066377082,0.0,37333.400177005555,0.0,CASH_SCARCITY,15
2025-05-30,AEM,Q0_SKIP,0,117.99,933335.0044251388,1394.7954251387882,1400.0025066377082,0.0,37333.400177005555,0.0,CASH_SCARCITY,15
2025-05-30,SAND,Q0_SKIP,0,8.84,933335.0044251388,1394.7954251387882,1400.0025066377082,0.0,37333.400177005555,0.0,CASH_SCARCITY,15
2025-05-30,AU,Q0_SKIP,0,43.81,933335.0044251388,1394.7954251387882,1400.0025066377082,0.0,37333.400177005555,0.0,CASH_SCARCITY,15
2025-05-30,LYG,Q0_SKIP,0,4.21,933335.0044251388,1394.7954251387882,1400.0025066377082,0.0,37333.400177005555,0.0,CASH_SCARCITY,15
2025-05-30,DB,Q0_SKIP,0,27.78,933335.0044251388,1394.7954251387882,1400.0025066377082,0.0,37333.400177005555,0.0,CASH_SCARCITY,15
2025-05-30,SAN,Q0_SKIP,0,7.97,933335.0044251388,1394.7954251387882,1400.0025066377082,0.0,37333.400177005555,0.0,CASH_SCARCITY,15
2025-05-30,BBVA,Q0_SKIP,0,15.04,933335.0044251388,1394.7954251387882,1400.0025066377082,0.0,37333.400177005555,0.0,CASH_SCARCITY,15
2025-05-30,PM,Q0_SKIP,0,180.59,933335.0044251388,1394.7954251387882,1400.0025066377082,0.0,37333.400177005555,0.0,CASH_SCARCITY,15
2025-05-30,NUTX,Q0_SKIP,0,167.74,933335.0044251388,1394.7954251387882,1400.0025066377082,0.0,37333.400177005555,0.0,CASH_SCARCITY,15
2025-05-30,WPM,Q0_SKIP,0,86.75,933335.0044251388,1394.7954251387882,1400.0025066377082,0.0,37333.400177005555,0.0,CASH_SCARCITY,15
2025-05-30,LRN,Q0_SKIP,0,151.39,933335.0044251388,1394.7954251387882,1400.0025066377082,0.0,37333.400177005555,0.0,CASH_SCARCITY,15
2025-05-30,GFI,Q0_SKIP,0,23.0,933335.0044251388,1394.7954251387882,1400.0025066377082,0.0,37333.400177005555,0.0,CASH_SCARCITY,15
2025-05-30,CME,Q0_SKIP,0,289.0,933335.0044251388,1394.7954251387882,1400.0025066377082,0.0,37333.400177005555,0.0,CASH_SCARCITY,15
2025-05-30,TMC,Q0_SKIP,0,4.47,933335.0044251388,1394.7954251387882,1400.0025066377082,0.0,37333.400177005555,0.0,CASH_SCARCITY,15
2025-05-30,HSAI,Q0_SKIP,0,18.86,933335.0044251388,1394.7954251387882,1400.0025066377082,0.0,37333.400177005555,0.0,CASH_SCARCITY,15
2025-05-30,SONY,Q0_SKIP,0,26.38,933335.0044251388,1394.7954251387882,1400.0025066377082,0.0,37333.400177005555,0.0,CASH_SCARCITY,15
2025-05-30,OPCH,Q0_SKIP,0,32.68,933335.0044251388,1394.7954251387882,1400.0025066377082,0.0,37333.400177005555,0.0,CASH_SCARCITY,15
2025-05-30,NFG,Q0_SKIP,0,82.54,933335.0044251388,1394.7954251387882,1400.0025066377082,0.0,37333.400177005555,0.0,CASH_SCARCITY,15
2025-05-30,RGC,Q0_SKIP,0,877.0,933335.0044251388,1394.7954251387882,1400.0025066377082,0.0,37333.400177005555,0.0,CASH_SCARCITY,15
2025-05-30,GRND,Q0_SKIP,0,24.42,933335.0044251388,1394.7954251387882,1400.0025066377082,0.0,37333.400177005555,0.0,CASH_SCARCITY,15
2025-05-30,GRPN,Q0_SKIP,0,29.13,933335.0044251388,1394.7954251387882,1400.0025066377082,0.0,37333.400177005555,0.0,CASH_SCARCITY,15
2025-05-30,RPRX,Q0_SKIP,0,32.88,933335.0044251388,1394.7954251387882,1400.0025066377082,0.0,37333.400177005555,0.0,CASH_SCARCITY,15
2025-05-30,DFDV,Q0_SKIP,0,17.51,933335.0044251388,1394.7954251387882,1400.0025066377082,0.0,37333.400177005555,0.0,CASH_SCARCITY,15
2025-05-30,TIGO,Q0_SKIP,0,37.51,933335.0044251388,1394.7954251387882,1400.0025066377082,0.0,37333.400177005555,0.0,CASH_SCARCITY,15
2025-05-30,PLTR,Q0_SKIP,0,131.78,933335.0044251388,1394.7954251387882,1400.0025066377082,0.0,37333.400177005555,0.0,CASH_SCARCITY,15
2025-05-30,BUD,Q0_SKIP,0,70.49,933335.0044251388,1394.7954251387882,1400.0025066377082,0.0,37333.400177005555,0.0,CASH_SCARCITY,15
2025-05-30,ING,Q0_SKIP,0,21.26,933335.0044251388,1394.7954251387882,1400.0025066377082,0.0,37333.400177005555,0.0,CASH_SCARCITY,15
2025-05-30,NWG,Q0_SKIP,0,14.3,933335.0044251388,1394.7954251387882,1400.0025066377082,0.0,37333.400177005555,0.0,CASH_SCARCITY,15
2025-05-30,OR,Q0_SKIP,0,25.56,933335.0044251388,1394.7954251387882,1400.0025066377082,0.0,37333.400177005555,0.0,CASH_SCARCITY,15
2025-05-30,NFLX,Q0_SKIP,0,1207.23,933335.0044251388,1394.7954251387882,1400.0025066377082,0.0,37333.400177005555,0.0,CASH_SCARCITY,15
2025-05-30,DAN,Q0_SKIP,0,16.63,933335.0044251388,1394.7954251387882,1400.0025066377082,0.0,37333.400177005555,0.0,CASH_SCARCITY,15
2025-05-30,SAP,Q0_SKIP,0,302.86,933335.0044251388,1394.7954251387882,1400.0025066377082,0.0,37333.400177005555,0.0,CASH_SCARCITY,15
2025-05-30,PLMR,Q0_SKIP,0,171.47,933335.0044251388,1394.7954251387882,1400.0025066377082,0.0,37333.400177005555,0.0,CASH_SCARCITY,15
2025-05-30,T,Q0_SKIP,0,27.8,933335.0044251388,1394.7954251387882,1400.0025066377082,0.0,37333.400177005555,0.0,CASH_SCARCITY,15
2025-05-30,CCEP,Q0_SKIP,0,91.79,933335.0044251388,1394.7954251387882,1400.0025066377082,0.0,37333.400177005555,0.0,CASH_SCARCITY,15
2025-05-30,KOF,Q0_SKIP,0,95.0,933335.0044251388,1394.7954251387882,1400.0025066377082,0.0,37333.400177005555,0.0,CASH_SCARCITY,15
2025-05-30,BTI,Q0_SKIP,0,45.2,933335.0044251388,1394.7954251387882,1400.0025066377082,0.0,37333.400177005555,0.0,CASH_SCARCITY,15
2025-05-30,NGD,Q0_SKIP,0,4.45,933335.0044251388,1394.7954251387882,1400.0025066377082,0.0,37333.400177005555,0.0,CASH_SCARCITY,15
2025-05-30,RBLX,Q0_SKIP,0,86.98,933335.0044251388,1394.7954251387882,1400.0025066377082,0.0,37333.400177005555,0.0,CASH_SCARCITY,15
2025-05-30,CHEF,Q0_SKIP,0,63.78,933335.0044251388,1394.7954251387882,1400.0025066377082,0.0,37333.400177005555,0.0,CASH_SCARCITY,15
2025-05-30,GILD,Q0_SKIP,0,110.08,933335.0044251388,1394.7954251387882,1400.0025066377082,0.0,37333.400177005555,0.0,CASH_SCARCITY,15
2025-05-30,NTR,Q0_SKIP,0,59.03,933335.0044251388,1394.7954251387882,1400.0025066377082,0.0,37333.400177005555,0.0,CASH_SCARCITY,15
2025-05-30,HSBC,Q0_SKIP,0,59.28,933335.0044251388,1394.7954251387882,1400.0025066377082,0.0,37333.400177005555,0.0,CASH_SCARCITY,15
2025-05-30,XPEV,Q0_SKIP,0,19.31,933335.0044251388,1394.7954251387882,1400.0025066377082,0.0,37333.400177005555,0.0,CASH_SCARCITY,15
2025-05-30,MVST,Q0_SKIP,0,3.59,933335.0044251388,1394.7954251387882,1400.0025066377082,0.0,37333.400177005555,0.0,CASH_SCARCITY,15
2025-05-30,LAES,Q0_SKIP,0,3.35,933335.0044251388,1394.7954251387882,1400.0025066377082,0.0,37333.400177005555,0.0,CASH_SCARCITY,15
2025-05-30,CHKP,Q0_SKIP,0,228.88,933335.0044251388,1394.7954251387882,1400.0025066377082,0.0,37333.400177005555,0.0,CASH_SCARCITY,15
2025-05-30,FMX,Q0_SKIP,0,106.53,933335.0044251388,1394.7954251387882,1400.0025066377082,0.0,37333.400177005555,0.0,CASH_SCARCITY,15
2025-05-30,NTES,Q0_SKIP,0,121.76,933335.0044251388,1394.7954251387882,1400.0025066377082,0.0,37333.400177005555,0.0,CASH_SCARCITY,15
2025-05-30,IRTC,Q0_SKIP,0,140.5,933335.0044251388,1394.7954251387882,1400.0025066377082,0.0,37333.400177005555,0.0,CASH_SCARCITY,15
2025-05-30,RR,Q0_SKIP,0,2.31,933335.0044251388,1394.7954251387882,1400.0025066377082,0.0,37333.400177005555,0.0,CASH_SCARCITY,15
2025-05-30,DG,Q0_SKIP,0,97.25,933335.0044251388,1394.7954251387882,1400.0025066377082,0.0,37333.400177005555,0.0,CASH_SCARCITY,15
2025-05-30,NEM,Q0_SKIP,0,52.72,933335.0044251388,1394.7954251387882,1400.0025066377082,0.0,37333.400177005555,0.0,CASH_SCARCITY,15
2025-05-30,SBS,Q0_SKIP,0,20.54,933335.0044251388,1394.7954251387882,1400.0025066377082,0.0,37333.400177005555,0.0,CASH_SCARCITY,15
2025-05-30,GSK,Q0_SKIP,0,41.03,933335.0044251388,1394.7954251387882,1400.0025066377082,0.0,37333.400177005555,0.0,CASH_SCARCITY,15
2025-05-30,RGTI,Q0_SKIP,0,12.11,933335.0044251388,1394.7954251387882,1400.0025066377082,0.0,37333.400177005555,0.0,CASH_SCARCITY,15
2025-05-30,ITUB,Q0_SKIP,0,6.59,933335.0044251388,1394.7954251387882,1400.0025066377082,0.0,37333.400177005555,0.0,CASH_SCARCITY,15
2025-05-30,LTM,Q0_SKIP,0,37.85,933335.0044251388,1394.7954251387882,1400.0025066377082,0.0,37333.400177005555,0.0,CASH_SCARCITY,15
2025-05-30,GRAL,Q0_SKIP,0,38.41,933335.0044251388,1394.7954251387882,1400.0025066377082,0.0,37333.400177005555,0.0,CASH_SCARCITY,15
2025-05-30,NOK,Q0_SKIP,0,5.22,933335.0044251388,1394.7954251387882,1400.0025066377082,0.0,37333.400177005555,0.0,CASH_SCARCITY,15
2025-05-30,SXT,Q0_SKIP,0,94.53,933335.0044251388,1394.7954251387882,1400.0025066377082,0.0,37333.400177005555,0.0,CASH_SCARCITY,15
2025-05-30,PRMB,Q0_SKIP,0,33.07,933335.0044251388,1394.7954251387882,1400.0025066377082,0.0,37333.400177005555,0.0,CASH_SCARCITY,15
2025-05-30,ASR,Q0_SKIP,0,322.02,933335.0044251388,1394.7954251387882,1400.0025066377082,0.0,37333.400177005555,0.0,CASH_SCARCITY,15
2025-05-30,KTOS,Q0_SKIP,0,36.89,933335.0044251388,1394.7954251387882,1400.0025066377082,0.0,37333.400177005555,0.0,CASH_SCARCITY,15
2025-05-30,SPOT,Q0_SKIP,0,665.14,933335.0044251388,1394.7954251387882,1400.0025066377082,0.0,37333.400177005555,0.0,CASH_SCARCITY,15
2025-05-30,LQDA,Q0_SKIP,0,14.92,933335.0044251388,1394.7954251387882,1400.0025066377082,0.0,37333.400177005555,0.0,CASH_SCARCITY,15
2025-05-30,AEVA,Q0_SKIP,0,18.27,933335.0044251388,1394.7954251387882,1400.0025066377082,0.0,37333.400177005555,0.0,CASH_SCARCITY,15
2025-05-30,FNMA,Q0_SKIP,0,10.53,933335.0044251388,1394.7954251387882,1400.0025066377082,0.0,37333.400177005555,0.0,CASH_SCARCITY,15
2025-05-30,WAY,Q0_SKIP,0,39.98,933335.0044251388,1394.7954251387882,1400.0025066377082,0.0,37333.400177005555,0.0,CASH_SCARCITY,15
2025-05-30,BCS,Q0_SKIP,0,17.83,933335.0044251388,1394.7954251387882,1400.0025066377082,0.0,37333.400177005555,0.0,CASH_SCARCITY,15
2025-05-30,QBTS,Q0_SKIP,0,16.33,933335.0044251388,1394.7954251387882,1400.0025066377082,0.0,37333.400177005555,0.0,CASH_SCARCITY,15
2025-05-30,HWM,Q0_SKIP,0,169.89,933335.0044251388,1394.7954251387882,1400.0025066377082,0.0,37333.400177005555,0.0,CASH_SCARCITY,15
2025-05-30,OSIS,Q0_SKIP,0,219.11,933335.0044251388,1394.7954251387882,1400.0025066377082,0.0,37333.400177005555,0.0,CASH_SCARCITY,15
2025-05-30,URBN,Q0_SKIP,0,69.9,933335.0044251388,1394.7954251387882,1400.0025066377082,0.0,37333.400177005555,0.0,CASH_SCARCITY,15
2025-05-30,FRHC,Q0_SKIP,0,165.89,933335.0044251388,1394.7954251387882,1400.0025066377082,0.0,37333.400177005555,0.0,CASH_SCARCITY,15
2025-05-30,BCRX,Q0_SKIP,0,10.75,933335.0044251388,1394.7954251387882,1400.0025066377082,0.0,37333.400177005555,0.0,CASH_SCARCITY,15
2025-05-30,COOP,Q0_SKIP,0,129.53,933335.0044251388,1394.7954251387882,1400.0025066377082,0.0,37333.400177005555,0.0,CASH_SCARCITY,15
2025-05-30,BA,Q0_SKIP,0,207.32,933335.0044251388,1394.7954251387882,1400.0025066377082,0.0,37333.400177005555,0.0,CASH_SCARCITY,15
2025-05-30,CALX,Q0_SKIP,0,46.24,933335.0044251388,1394.7954251387882,1400.0025066377082,0.0,37333.400177005555,0.0,CASH_SCARCITY,15
2025-05-30,EGO,Q0_SKIP,0,20.09,933335.0044251388,1394.7954251387882,1400.0025066377082,0.0,37333.400177005555,0.0,CASH_SCARCITY,15
2025-05-30,EVLV,Q0_SKIP,0,5.46,933335.0044251388,1394.7954251387882,1400.0025066377082,0.0,37333.400177005555,0.0,CASH_SCARCITY,15
2025-05-30,SEGG,Q0_SKIP,0,1.49,933335.0044251388,1394.7954251387882,1400.0025066377082,0.0,37333.400177005555,0.0,CASH_SCARCITY,15
2025-05-30,ADPT,Q0_SKIP,0,9.52,933335.0044251388,1394.7954251387882,1400.0025066377082,0.0,37333.400177005555,0.0,CASH_SCARCITY,15
2025-05-30,BB,Q0_SKIP,0,3.96,933335.0044251388,1394.7954251387882,1400.0025066377082,0.0,37333.400177005555,0.0,CASH_SCARCITY,15
2025-05-30,ODD,Q0_SKIP,0,74.43,933335.0044251388,1394.7954251387882,1400.0025066377082,0.0,37333.400177005555,0.0,CASH_SCARCITY,15
2025-05-30,YMM,Q0_SKIP,0,11.63,933335.0044251388,1394.7954251387882,1400.0025066377082,0.0,37333.400177005555,0.0,CASH_SCARCITY,15
2025-05-30,MT,Q0_SKIP,0,30.58,933335.0044251388,1394.7954251387882,1400.0025066377082,0.0,37333.400177005555,0.0,CASH_SCARCITY,15
2025-05-30,EMBJ,Q0_SKIP,0,45.99,933335.0044251388,1394.7954251387882,1400.0025066377082,0.0,37333.400177005555,0.0,CASH_SCARCITY,15
2025-05-30,PRCH,Q0_SKIP,0,9.12,933335.0044251388,1394.7954251387882,1400.0025066377082,0.0,37333.400177005555,0.0,CASH_SCARCITY,15
2025-05-30,QFIN,Q0_SKIP,0,41.1,933335.0044251388,1394.7954251387882,1400.0025066377082,0.0,37333.400177005555,0.0,CASH_SCARCITY,15
2025-05-30,TPR,Q0_SKIP,0,78.54999999999998,933335.0044251388,1394.7954251387882,1400.0025066377082,0.0,37333.400177005555,0.0,CASH_SCARCITY,15
2025-05-30,TME,Q0_SKIP,0,16.84,933335.0044251388,1394.7954251387882,1400.0025066377082,0.0,37333.400177005555,0.0,CASH_SCARCITY,15
2025-05-30,SE,Q0_SKIP,0,160.37,933335.0044251388,1394.7954251387882,1400.0025066377082,0.0,37333.400177005555,0.0,CASH_SCARCITY,15
2025-05-30,DLTR,Q0_SKIP,0,90.26,933335.0044251388,1394.7954251387882,1400.0025066377082,0.0,37333.400177005555,0.0,CASH_SCARCITY,15
2025-05-30,BZ,Q0_SKIP,0,16.96,933335.0044251388,1394.7954251387882,1400.0025066377082,0.0,37333.400177005555,0.0,CASH_SCARCITY,15
2025-05-30,FUBO,Q0_SKIP,0,3.66,933335.0044251388,1394.7954251387882,1400.0025066377082,0.0,37333.400177005555,0.0,CASH_SCARCITY,15
2025-05-30,AKRO,Q0_SKIP,0,49.65,933335.0044251388,1394.7954251387882,1400.0025066377082,0.0,37333.400177005555,0.0,CASH_SCARCITY,15
2025-05-30,FMCC,Q0_SKIP,0,7.94,933335.0044251388,1394.7954251387882,1400.0025066377082,0.0,37333.400177005555,0.0,CASH_SCARCITY,15
2025-05-30,CRWD,Q0_SKIP,0,471.37,933335.0044251388,1394.7954251387882,1400.0025066377082,0.0,37333.400177005555,0.0,CASH_SCARCITY,15
2025-05-30,HOOD,Q0_SKIP,0,66.15,933335.0044251388,1394.7954251387882,1400.0025066377082,0.0,37333.400177005555,0.0,CASH_SCARCITY,15
2025-05-30,RDUS,Q0_SKIP,0,29.61,933335.0044251388,1394.7954251387882,1400.0025066377082,0.0,37333.400177005555,0.0,CASH_SCARCITY,15
2025-05-30,WBA,Q0_SKIP,0,11.25,933335.0044251388,1394.7954251387882,1400.0025066377082,0.0,37333.400177005555,0.0,CASH_SCARCITY,15
2025-05-30,BBAI,Q0_SKIP,0,4.16,933335.0044251388,1394.7954251387882,1400.0025066377082,0.0,37333.400177005555,0.0,CASH_SCARCITY,15
2025-05-30,CRK,Q0_SKIP,0,23.3,933335.0044251388,1394.7954251387882,1400.0025066377082,0.0,37333.400177005555,0.0,CASH_SCARCITY,15
2025-05-30,NET,Q0_SKIP,0,165.89,933335.0044251388,1394.7954251387882,1400.0025066377082,0.0,37333.400177005555,0.0,CASH_SCARCITY,15
2025-05-30,RIVN,Q0_SKIP,0,14.53,933335.0044251388,1394.7954251387882,1400.0025066377082,0.0,37333.400177005555,0.0,CASH_SCARCITY,15
2025-05-30,TMDX,Q0_SKIP,0,127.12,933335.0044251388,1394.7954251387882,1400.0025066377082,0.0,37333.400177005555,0.0,CASH_SCARCITY,15
2025-05-30,LTBR,Q0_SKIP,0,15.05,933335.0044251388,1394.7954251387882,1400.0025066377082,0.0,37333.400177005555,0.0,CASH_SCARCITY,15
2025-05-30,CELH,Q0_SKIP,0,37.88,933335.0044251388,1394.7954251387882,1400.0025066377082,0.0,37333.400177005555,0.0,CASH_SCARCITY,15
2025-05-30,AVGO,Q0_SKIP,0,242.07,933335.0044251388,1394.7954251387882,1400.0025066377082,0.0,37333.400177005555,0.0,CASH_SCARCITY,15
2025-05-30,SWTX,Q0_SKIP,0,46.71,933335.0044251388,1394.7954251387882,1400.0025066377082,0.0,37333.400177005555,0.0,CASH_SCARCITY,15
2025-05-30,CORT,Q0_SKIP,0,77.56,933335.0044251388,1394.7954251387882,1400.0025066377082,0.0,37333.400177005555,0.0,CASH_SCARCITY,15
2025-05-30,NAKA,Q0_SKIP,0,22.6,933335.0044251388,1394.7954251387882,1400.0025066377082,0.0,37333.400177005555,0.0,CASH_SCARCITY,15
2025-06-02,BBVA,Q0_SKIP,0,15.19,946479.8154251388,1394.7954251387882,1419.7197231377083,0.0,37859.19261700555,0.0,CASH_SCARCITY,15
2025-06-02,DB,Q0_SKIP,0,27.73,946479.8154251388,1394.7954251387882,1419.7197231377083,0.0,37859.19261700555,0.0,CASH_SCARCITY,15
2025-06-02,LRN,Q0_SKIP,0,158.33,946479.8154251388,1394.7954251387882,1419.7197231377083,0.0,37859.19261700555,0.0,CASH_SCARCITY,15
2025-06-02,NFG,Q0_SKIP,0,83.26999999999998,946479.8154251388,1394.7954251387882,1419.7197231377083,0.0,37859.19261700555,0.0,CASH_SCARCITY,15
2025-06-02,FNV,Q0_SKIP,0,178.17,946479.8154251388,1394.7954251387882,1419.7197231377083,0.0,37859.19261700555,0.0,CASH_SCARCITY,15
2025-06-02,NUTX,Q0_SKIP,0,167.96,946479.8154251388,1394.7954251387882,1419.7197231377083,0.0,37859.19261700555,0.0,CASH_SCARCITY,15
2025-06-02,SAN,Q0_SKIP,0,8.019999999999998,946479.8154251388,1394.7954251387882,1419.7197231377083,0.0,37859.19261700555,0.0,CASH_SCARCITY,15
2025-06-02,SSRM,Q0_SKIP,0,12.68,946479.8154251388,1394.7954251387882,1419.7197231377083,0.0,37859.19261700555,0.0,CASH_SCARCITY,15
2025-06-02,LYG,Q0_SKIP,0,4.27,946479.8154251388,1394.7954251387882,1419.7197231377083,0.0,37859.19261700555,0.0,CASH_SCARCITY,15
2025-06-02,SAND,Q0_SKIP,0,9.29,946479.8154251388,1394.7954251387882,1419.7197231377083,0.0,37859.19261700555,0.0,CASH_SCARCITY,15
2025-06-02,TMC,Q0_SKIP,0,3.98,946479.8154251388,1394.7954251387882,1419.7197231377083,0.0,37859.19261700555,0.0,CASH_SCARCITY,15
2025-06-02,AU,Q0_SKIP,0,47.42,946479.8154251388,1394.7954251387882,1419.7197231377083,0.0,37859.19261700555,0.0,CASH_SCARCITY,15
2025-06-02,PM,Q0_SKIP,0,182.75,946479.8154251388,1394.7954251387882,1419.7197231377083,0.0,37859.19261700555,0.0,CASH_SCARCITY,15
2025-06-02,RGC,Q0_SKIP,0,747.99,946479.8154251388,1394.7954251387882,1419.7197231377083,0.0,37859.19261700555,0.0,CASH_SCARCITY,15
2025-06-02,GRPN,Q0_SKIP,0,32.38,946479.8154251388,1394.7954251387882,1419.7197231377083,0.0,37859.19261700555,0.0,CASH_SCARCITY,15
2025-06-02,CME,Q0_SKIP,0,290.71,946479.8154251388,1394.7954251387882,1419.7197231377083,0.0,37859.19261700555,0.0,CASH_SCARCITY,15
2025-06-02,AEM,Q0_SKIP,0,124.28,946479.8154251388,1394.7954251387882,1419.7197231377083,0.0,37859.19261700555,0.0,CASH_SCARCITY,15
2025-06-02,GRND,Q0_SKIP,0,24.73,946479.8154251388,1394.7954251387882,1419.7197231377083,0.0,37859.19261700555,0.0,CASH_SCARCITY,15
2025-06-02,COR,Q0_SKIP,0,292.07,946479.8154251388,1394.7954251387882,1419.7197231377083,0.0,37859.19261700555,0.0,CASH_SCARCITY,15
2025-06-02,TIGO,Q0_SKIP,0,37.34,946479.8154251388,1394.7954251387882,1419.7197231377083,0.0,37859.19261700555,0.0,CASH_SCARCITY,15
2025-06-02,KGC,Q0_SKIP,0,15.71,946479.8154251388,1394.7954251387882,1419.7197231377083,0.0,37859.19261700555,0.0,CASH_SCARCITY,15
2025-06-02,HMY,Q0_SKIP,0,15.45,946479.8154251388,1394.7954251387882,1419.7197231377083,0.0,37859.19261700555,0.0,CASH_SCARCITY,15
2025-06-02,AGI,Q0_SKIP,0,27.35,946479.8154251388,1394.7954251387882,1419.7197231377083,0.0,37859.19261700555,0.0,CASH_SCARCITY,15
2025-06-02,WPM,Q0_SKIP,0,91.83,946479.8154251388,1394.7954251387882,1419.7197231377083,0.0,37859.19261700555,0.0,CASH_SCARCITY,15
2025-06-02,GFI,Q0_SKIP,0,25.19,946479.8154251388,1394.7954251387882,1419.7197231377083,0.0,37859.19261700555,0.0,CASH_SCARCITY,15
2025-06-02,SONY,Q0_SKIP,0,26.88,946479.8154251388,1394.7954251387882,1419.7197231377083,0.0,37859.19261700555,0.0,CASH_SCARCITY,15
2025-06-02,CAH,Q0_SKIP,0,155.25,946479.8154251388,1394.7954251387882,1419.7197231377083,0.0,37859.19261700555,0.0,CASH_SCARCITY,15
2025-06-02,DFDV,Q0_SKIP,0,19.71,946479.8154251388,1394.7954251387882,1419.7197231377083,0.0,37859.19261700555,0.0,CASH_SCARCITY,15
2025-06-02,AZO,Q0_SKIP,0,3749.81,946479.8154251388,1394.7954251387882,1419.7197231377083,0.0,37859.19261700555,0.0,CASH_SCARCITY,15
2025-06-02,BUD,Q0_SKIP,0,71.27,946479.8154251388,1394.7954251387882,1419.7197231377083,0.0,37859.19261700555,0.0,CASH_SCARCITY,15
2025-06-02,RPRX,Q0_SKIP,0,33.26,946479.8154251388,1394.7954251387882,1419.7197231377083,0.0,37859.19261700555,0.0,CASH_SCARCITY,15
2025-06-02,ING,Q0_SKIP,0,21.41,946479.8154251388,1394.7954251387882,1419.7197231377083,0.0,37859.19261700555,0.0,CASH_SCARCITY,15
2025-06-02,RBLX,Q0_SKIP,0,89.95,946479.8154251388,1394.7954251387882,1419.7197231377083,0.0,37859.19261700555,0.0,CASH_SCARCITY,15
2025-06-02,PLTR,Q0_SKIP,0,132.04,946479.8154251388,1394.7954251387882,1419.7197231377083,0.0,37859.19261700555,0.0,CASH_SCARCITY,15
2025-06-02,NTR,Q0_SKIP,0,60.22,946479.8154251388,1394.7954251387882,1419.7197231377083,0.0,37859.19261700555,0.0,CASH_SCARCITY,15
2025-06-02,NWG,Q0_SKIP,0,14.46,946479.8154251388,1394.7954251387882,1419.7197231377083,0.0,37859.19261700555,0.0,CASH_SCARCITY,15
2025-06-02,NFLX,Q0_SKIP,0,1218.98,946479.8154251388,1394.7954251387882,1419.7197231377083,0.0,37859.19261700555,0.0,CASH_SCARCITY,15
2025-06-02,T,Q0_SKIP,0,27.93,946479.8154251388,1394.7954251387882,1419.7197231377083,0.0,37859.19261700555,0.0,CASH_SCARCITY,15
2025-06-02,PLMR,Q0_SKIP,0,175.67,946479.8154251388,1394.7954251387882,1419.7197231377083,0.0,37859.19261700555,0.0,CASH_SCARCITY,15
2025-06-02,CHEF,Q0_SKIP,0,64.6,946479.8154251388,1394.7954251387882,1419.7197231377083,0.0,37859.19261700555,0.0,CASH_SCARCITY,15
2025-06-02,GRRR,Q0_SKIP,0,17.62,946479.8154251388,1394.7954251387882,1419.7197231377083,0.0,37859.19261700555,0.0,CASH_SCARCITY,15
2025-06-02,KOF,Q0_SKIP,0,97.93,946479.8154251388,1394.7954251387882,1419.7197231377083,0.0,37859.19261700555,0.0,CASH_SCARCITY,15
2025-06-02,RGLD,Q0_SKIP,0,186.71,946479.8154251388,1394.7954251387882,1419.7197231377083,0.0,37859.19261700555,0.0,CASH_SCARCITY,15
2025-06-02,XPEV,Q0_SKIP,0,19.26,946479.8154251388,1394.7954251387882,1419.7197231377083,0.0,37859.19261700555,0.0,CASH_SCARCITY,15
2025-06-02,TRI,Q0_SKIP,0,197.42,946479.8154251388,1394.7954251387882,1419.7197231377083,0.0,37859.19261700555,0.0,CASH_SCARCITY,15
2025-06-02,HSAI,Q0_SKIP,0,18.65,946479.8154251388,1394.7954251387882,1419.7197231377083,0.0,37859.19261700555,0.0,CASH_SCARCITY,15
2025-06-02,LAES,Q0_SKIP,0,3.38,946479.8154251388,1394.7954251387882,1419.7197231377083,0.0,37859.19261700555,0.0,CASH_SCARCITY,15
2025-06-02,RGTI,Q0_SKIP,0,12.26,946479.8154251388,1394.7954251387882,1419.7197231377083,0.0,37859.19261700555,0.0,CASH_SCARCITY,15
2025-06-02,SAP,Q0_SKIP,0,304.66,946479.8154251388,1394.7954251387882,1419.7197231377083,0.0,37859.19261700555,0.0,CASH_SCARCITY,15
2025-06-02,IRTC,Q0_SKIP,0,140.65,946479.8154251388,1394.7954251387882,1419.7197231377083,0.0,37859.19261700555,0.0,CASH_SCARCITY,15
2025-06-02,DAN,Q0_SKIP,0,16.51,946479.8154251388,1394.7954251387882,1419.7197231377083,0.0,37859.19261700555,0.0,CASH_SCARCITY,15
2025-06-02,RR,Q0_SKIP,0,2.4,946479.8154251388,1394.7954251387882,1419.7197231377083,0.0,37859.19261700555,0.0,CASH_SCARCITY,15
2025-06-02,OR,Q0_SKIP,0,27.06,946479.8154251388,1394.7954251387882,1419.7197231377083,0.0,37859.19261700555,0.0,CASH_SCARCITY,15
2025-06-02,RELX,Q0_SKIP,0,54.57,946479.8154251388,1394.7954251387882,1419.7197231377083,0.0,37859.19261700555,0.0,CASH_SCARCITY,15
2025-06-02,WAY,Q0_SKIP,0,39.77,946479.8154251388,1394.7954251387882,1419.7197231377083,0.0,37859.19261700555,0.0,CASH_SCARCITY,15
2025-06-02,MVST,Q0_SKIP,0,3.57,946479.8154251388,1394.7954251387882,1419.7197231377083,0.0,37859.19261700555,0.0,CASH_SCARCITY,15
2025-06-02,HSBC,Q0_SKIP,0,59.99,946479.8154251388,1394.7954251387882,1419.7197231377083,0.0,37859.19261700555,0.0,CASH_SCARCITY,15
2025-06-02,NGD,Q0_SKIP,0,4.59,946479.8154251388,1394.7954251387882,1419.7197231377083,0.0,37859.19261700555,0.0,CASH_SCARCITY,15
2025-06-02,NTES,Q0_SKIP,0,123.2,946479.8154251388,1394.7954251387882,1419.7197231377083,0.0,37859.19261700555,0.0,CASH_SCARCITY,15
2025-06-02,CHKP,Q0_SKIP,0,229.89,946479.8154251388,1394.7954251387882,1419.7197231377083,0.0,37859.19261700555,0.0,CASH_SCARCITY,15
2025-06-02,HWM,Q0_SKIP,0,172.65,946479.8154251388,1394.7954251387882,1419.7197231377083,0.0,37859.19261700555,0.0,CASH_SCARCITY,15
2025-06-02,DG,Q0_SKIP,0,97.17,946479.8154251388,1394.7954251387882,1419.7197231377083,0.0,37859.19261700555,0.0,CASH_SCARCITY,15
2025-06-02,ASR,Q0_SKIP,0,326.03,946479.8154251388,1394.7954251387882,1419.7197231377083,0.0,37859.19261700555,0.0,CASH_SCARCITY,15
2025-06-02,FMX,Q0_SKIP,0,106.64,946479.8154251388,1394.7954251387882,1419.7197231377083,0.0,37859.19261700555,0.0,CASH_SCARCITY,15
2025-06-02,NOK,Q0_SKIP,0,5.31,946479.8154251388,1394.7954251387882,1419.7197231377083,0.0,37859.19261700555,0.0,CASH_SCARCITY,15
2025-06-02,NEM,Q0_SKIP,0,55.58,946479.8154251388,1394.7954251387882,1419.7197231377083,0.0,37859.19261700555,0.0,CASH_SCARCITY,15
2025-06-02,FNMA,Q0_SKIP,0,10.78,946479.8154251388,1394.7954251387882,1419.7197231377083,0.0,37859.19261700555,0.0,CASH_SCARCITY,15
2025-06-02,CALX,Q0_SKIP,0,47.27,946479.8154251388,1394.7954251387882,1419.7197231377083,0.0,37859.19261700555,0.0,CASH_SCARCITY,15
2025-06-02,SXT,Q0_SKIP,0,94.49,946479.8154251388,1394.7954251387882,1419.7197231377083,0.0,37859.19261700555,0.0,CASH_SCARCITY,15
2025-06-02,STNE,Q0_SKIP,0,14.14,946479.8154251388,1394.7954251387882,1419.7197231377083,0.0,37859.19261700555,0.0,CASH_SCARCITY,15
2025-06-02,LTM,Q0_SKIP,0,37.89,946479.8154251388,1394.7954251387882,1419.7197231377083,0.0,37859.19261700555,0.0,CASH_SCARCITY,15
2025-06-02,KTOS,Q0_SKIP,0,38.04,946479.8154251388,1394.7954251387882,1419.7197231377083,0.0,37859.19261700555,0.0,CASH_SCARCITY,15
2025-06-02,QBTS,Q0_SKIP,0,17.11,946479.8154251388,1394.7954251387882,1419.7197231377083,0.0,37859.19261700555,0.0,CASH_SCARCITY,15
2025-06-02,COOP,Q0_SKIP,0,128.7,946479.8154251388,1394.7954251387882,1419.7197231377083,0.0,37859.19261700555,0.0,CASH_SCARCITY,15
2025-06-02,GRAL,Q0_SKIP,0,37.5,946479.8154251388,1394.7954251387882,1419.7197231377083,0.0,37859.19261700555,0.0,CASH_SCARCITY,15
2025-06-02,SBS,Q0_SKIP,0,20.25,946479.8154251388,1394.7954251387882,1419.7197231377083,0.0,37859.19261700555,0.0,CASH_SCARCITY,15
2025-06-02,ASND,Q0_SKIP,0,175.69,946479.8154251388,1394.7954251387882,1419.7197231377083,0.0,37859.19261700555,0.0,CASH_SCARCITY,15
2025-06-02,AEVA,Q0_SKIP,0,17.32,946479.8154251388,1394.7954251387882,1419.7197231377083,0.0,37859.19261700555,0.0,CASH_SCARCITY,15
2025-06-02,ODD,Q0_SKIP,0,76.51999999999998,946479.8154251388,1394.7954251387882,1419.7197231377083,0.0,37859.19261700555,0.0,CASH_SCARCITY,15
2025-06-02,SPOT,Q0_SKIP,0,672.0,946479.8154251388,1394.7954251387882,1419.7197231377083,0.0,37859.19261700555,0.0,CASH_SCARCITY,15
2025-06-02,MOS,Q0_SKIP,0,36.79,946479.8154251388,1394.7954251387882,1419.7197231377083,0.0,37859.19261700555,0.0,CASH_SCARCITY,15
2025-06-02,LQDA,Q0_SKIP,0,16.87,946479.8154251388,1394.7954251387882,1419.7197231377083,0.0,37859.19261700555,0.0,CASH_SCARCITY,15
2025-06-02,BCS,Q0_SKIP,0,17.93,946479.8154251388,1394.7954251387882,1419.7197231377083,0.0,37859.19261700555,0.0,CASH_SCARCITY,15
2025-06-02,ITUB,Q0_SKIP,0,6.54,946479.8154251388,1394.7954251387882,1419.7197231377083,0.0,37859.19261700555,0.0,CASH_SCARCITY,15
2025-06-02,MRCY,Q0_SKIP,0,50.36,946479.8154251388,1394.7954251387882,1419.7197231377083,0.0,37859.19261700555,0.0,CASH_SCARCITY,15
2025-06-02,URBN,Q0_SKIP,0,72.62,946479.8154251388,1394.7954251387882,1419.7197231377083,0.0,37859.19261700555,0.0,CASH_SCARCITY,15
2025-06-02,MT,Q0_SKIP,0,30.62,946479.8154251388,1394.7954251387882,1419.7197231377083,0.0,37859.19261700555,0.0,CASH_SCARCITY,15
2025-06-02,BA,Q0_SKIP,0,211.47,946479.8154251388,1394.7954251387882,1419.7197231377083,0.0,37859.19261700555,0.0,CASH_SCARCITY,15
2025-06-02,FRHC,Q0_SKIP,0,160.58,946479.8154251388,1394.7954251387882,1419.7197231377083,0.0,37859.19261700555,0.0,CASH_SCARCITY,15
2025-06-02,BZ,Q0_SKIP,0,17.65,946479.8154251388,1394.7954251387882,1419.7197231377083,0.0,37859.19261700555,0.0,CASH_SCARCITY,15
2025-06-02,IAG,Q0_SKIP,0,7.47,946479.8154251388,1394.7954251387882,1419.7197231377083,0.0,37859.19261700555,0.0,CASH_SCARCITY,15
2025-06-02,PRCH,Q0_SKIP,0,9.35,946479.8154251388,1394.7954251387882,1419.7197231377083,0.0,37859.19261700555,0.0,CASH_SCARCITY,15
2025-06-02,FMCC,Q0_SKIP,0,7.98,946479.8154251388,1394.7954251387882,1419.7197231377083,0.0,37859.19261700555,0.0,CASH_SCARCITY,15
2025-06-02,SE,Q0_SKIP,0,165.1,946479.8154251388,1394.7954251387882,1419.7197231377083,0.0,37859.19261700555,0.0,CASH_SCARCITY,15
2025-06-02,BB,Q0_SKIP,0,4.04,946479.8154251388,1394.7954251387882,1419.7197231377083,0.0,37859.19261700555,0.0,CASH_SCARCITY,15
2025-06-02,EGO,Q0_SKIP,0,21.0,946479.8154251388,1394.7954251387882,1419.7197231377083,0.0,37859.19261700555,0.0,CASH_SCARCITY,15
2025-06-02,FSM,Q0_SKIP,0,6.56,946479.8154251388,1394.7954251387882,1419.7197231377083,0.0,37859.19261700555,0.0,CASH_SCARCITY,15
2025-06-02,TME,Q0_SKIP,0,17.36,946479.8154251388,1394.7954251387882,1419.7197231377083,0.0,37859.19261700555,0.0,CASH_SCARCITY,15
2025-06-02,SLNO,Q0_SKIP,0,75.65999999999998,946479.8154251388,1394.7954251387882,1419.7197231377083,0.0,37859.19261700555,0.0,CASH_SCARCITY,15
2025-06-02,RDUS,Q0_SKIP,0,29.7,946479.8154251388,1394.7954251387882,1419.7197231377083,0.0,37859.19261700555,0.0,CASH_SCARCITY,15
2025-06-02,WBA,Q0_SKIP,0,11.2,946479.8154251388,1394.7954251387882,1419.7197231377083,0.0,37859.19261700555,0.0,CASH_SCARCITY,15
2025-06-02,FUBO,Q0_SKIP,0,3.56,946479.8154251388,1394.7954251387882,1419.7197231377083,0.0,37859.19261700555,0.0,CASH_SCARCITY,15
2025-06-02,DLTR,Q0_SKIP,0,91.24,946479.8154251388,1394.7954251387882,1419.7197231377083,0.0,37859.19261700555,0.0,CASH_SCARCITY,15
2025-06-02,CELH,Q0_SKIP,0,38.1,946479.8154251388,1394.7954251387882,1419.7197231377083,0.0,37859.19261700555,0.0,CASH_SCARCITY,15
2025-06-02,AKRO,Q0_SKIP,0,50.73,946479.8154251388,1394.7954251387882,1419.7197231377083,0.0,37859.19261700555,0.0,CASH_SCARCITY,15
2025-06-02,TPR,Q0_SKIP,0,78.56,946479.8154251388,1394.7954251387882,1419.7197231377083,0.0,37859.19261700555,0.0,CASH_SCARCITY,15
2025-06-02,ROOT,Q0_SKIP,0,137.8,946479.8154251388,1394.7954251387882,1419.7197231377083,0.0,37859.19261700555,0.0,CASH_SCARCITY,15
2025-06-02,BCRX,Q0_SKIP,0,10.73,946479.8154251388,1394.7954251387882,1419.7197231377083,0.0,37859.19261700555,0.0,CASH_SCARCITY,15
2025-06-02,LTBR,Q0_SKIP,0,14.21,946479.8154251388,1394.7954251387882,1419.7197231377083,0.0,37859.19261700555,0.0,CASH_SCARCITY,15
2025-06-02,CRWD,Q0_SKIP,0,479.17,946479.8154251388,1394.7954251387882,1419.7197231377083,0.0,37859.19261700555,0.0,CASH_SCARCITY,15
2025-06-02,CRK,Q0_SKIP,0,23.74,946479.8154251388,1394.7954251387882,1419.7197231377083,0.0,37859.19261700555,0.0,CASH_SCARCITY,15
2025-06-02,DRS,Q0_SKIP,0,43.92,946479.8154251388,1394.7954251387882,1419.7197231377083,0.0,37859.19261700555,0.0,CASH_SCARCITY,15
2025-06-02,NET,Q0_SKIP,0,169.7,946479.8154251388,1394.7954251387882,1419.7197231377083,0.0,37859.19261700555,0.0,CASH_SCARCITY,15
2025-06-02,BBAI,Q0_SKIP,0,3.95,946479.8154251388,1394.7954251387882,1419.7197231377083,0.0,37859.19261700555,0.0,CASH_SCARCITY,15
2025-06-02,EVLV,Q0_SKIP,0,5.39,946479.8154251388,1394.7954251387882,1419.7197231377083,0.0,37859.19261700555,0.0,CASH_SCARCITY,15
2025-06-02,HOOD,Q0_SKIP,0,67.98,946479.8154251388,1394.7954251387882,1419.7197231377083,0.0,37859.19261700555,0.0,CASH_SCARCITY,15
2025-06-02,EQX,Q0_SKIP,0,6.88,946479.8154251388,1394.7954251387882,1419.7197231377083,0.0,37859.19261700555,0.0,CASH_SCARCITY,15
2025-06-02,ATEC,Q0_SKIP,0,12.3,946479.8154251388,1394.7954251387882,1419.7197231377083,0.0,37859.19261700555,0.0,CASH_SCARCITY,15
2025-06-02,RIVN,Q0_SKIP,0,14.1,946479.8154251388,1394.7954251387882,1419.7197231377083,0.0,37859.19261700555,0.0,CASH_SCARCITY,15
2025-06-02,AVGO,Q0_SKIP,0,248.71,946479.8154251388,1394.7954251387882,1419.7197231377083,0.0,37859.19261700555,0.0,CASH_SCARCITY,15
2025-06-02,CORT,Q0_SKIP,0,71.68,946479.8154251388,1394.7954251387882,1419.7197231377083,0.0,37859.19261700555,0.0,CASH_SCARCITY,15
2025-06-02,ACHR,Q0_SKIP,0,9.73,946479.8154251388,1394.7954251387882,1419.7197231377083,0.0,37859.19261700555,0.0,CASH_SCARCITY,15
2025-06-02,HIMS,Q0_SKIP,0,56.77,946479.8154251388,1394.7954251387882,1419.7197231377083,0.0,37859.19261700555,0.0,CASH_SCARCITY,15
2025-06-02,SOUN,Q0_SKIP,0,9.97,946479.8154251388,1394.7954251387882,1419.7197231377083,0.0,37859.19261700555,0.0,CASH_SCARCITY,15
2025-06-02,OKLO,Q0_SKIP,0,52.44,946479.8154251388,1394.7954251387882,1419.7197231377083,0.0,37859.19261700555,0.0,CASH_SCARCITY,15
2025-06-03,BBVA,PLAN,1,15.0,946523.1454251386,1448.0454251387882,1419.784718137708,28.260707001080164,37860.92581700555,0.0007464346523820776,,15
2025-09-09,RBLX,PLAN,307,131.79,1014334.6355651388,70877.49556513882,1521.5019533477082,69355.99361179111,40573.38542260555,1.0,,15
2025-10-24,WDC,PLAN,309,129.43,1001335.8018451388,145801.6318451388,1502.003702767708,144299.62814237108,40053.432073805554,1.0,,15
2025-11-12,INDV,PLAN,1340,30.1,1009542.4330051385,226917.66300513878,1514.3136495077079,225403.34935563107,40381.697320205545,1.0,,15
2025-11-19,BE,PLAN,366,108.93,1000170.9815051387,258243.6615051388,1500.256472257708,256743.40503288107,40006.83926020555,1.0,,15
2025-11-26,LGND,PLAN,194,206.16,1004322.4709951387,247138.39099513885,1506.483706492708,245631.90728864615,40172.89883980555,1.0,,15
2025-11-28,LITE,PLAN,124,325.16,1010321.0720751389,207099.47207513885,1515.4816081127085,205583.99046702613,40412.842883005556,1.0,,15
2025-12-01,SNDK,PLAN,189,210.17,998342.5433151388,168001.65331513886,1497.5138149727081,166504.13950016614,39933.70173260555,1.0,,15
2025-12-03,ROIV,PLAN,1905,20.7,987059.8225651389,128002.38256513886,1480.5897338477084,126521.79283129115,39482.392902605556,1.0,,15
2025-12-05,CIEN,PLAN,199,201.71,1007525.9740651387,88568.07406513886,1511.2889610977081,87056.78510404115,40301.03896260555,1.0,,15
2025-12-18,PVLA,PLAN,413,96.24,995596.0240051385,78046.99400513885,1493.3940360077079,76553.59996913114,39823.84096020554,1.0,,15
2025-12-19,GOOG,PLAN,118,308.61,1014821.419735139,38032.74973513885,1522.2321296027085,36510.517605536144,40592.85678940556,0.8994320797610166,,15
2025-12-22,GOOGL,Q0_SKIP,0,309.78,1029067.777105139,1563.687105138859,1543.6016656577085,20.085439481150388,41162.71108420556,0.00048795229838146693,CASH_SCARCITY,15
2025-12-22,AXGN,Q0_SKIP,0,32.74,1029067.777105139,1563.687105138859,1543.6016656577085,20.085439481150388,41162.71108420556,0.00048795229838146693,CASH_SCARCITY,15
2025-12-22,TERN,Q0_SKIP,0,40.64,1029067.777105139,1563.687105138859,1543.6016656577085,20.085439481150388,41162.71108420556,0.00048795229838146693,CASH_SCARCITY,15
2025-12-22,ENS,Q0_SKIP,0,148.77,1029067.777105139,1563.687105138859,1543.6016656577085,20.085439481150388,41162.71108420556,0.00048795229838146693,CASH_SCARCITY,15
2025-12-22,RCUS,Q0_SKIP,0,23.22,1029067.777105139,1563.687105138859,1543.6016656577085,20.085439481150388,41162.71108420556,0.00048795229838146693,CASH_SCARCITY,15
2025-12-22,AXTI,PLAN,1,15.22,1029067.777105139,1563.687105138859,1543.6016656577085,20.085439481150388,41162.71108420556,0.00048795229838146693,,15
2026-01-21,ARWR,PLAN,4,67.6,1105112.2520451387,1979.362045138859,1657.668378067708,321.6936670711509,44204.490081805554,0.007277397985494671,,15
2026-02-24,NESR,PLAN,31,26.36,1274962.1364751388,2734.1164751388587,1912.4432047127084,821.6732704261503,50998.485459005555,0.016111719064414987,,15
2026-03-06,ERAS,PLAN,43,15.47,1224500.8207751387,2509.9807751388585,1836.751231162708,673.2295439761504,48980.03283100555,0.013744979434762236,,15
2026-05-29,KGS,PLAN,971,66.85,1625197.580525139,73273.46052513886,2437.796370787709,70835.66415435115,65007.90322100557,1.0,,15
2026-06-17,ATEX,PLAN,867,79.15999999999998,1718920.9410451388,138766.1210451389,2578.3814115677083,136187.73963357118,68756.83764180556,1.0,,15
2026-07-14,ATEN,PLAN,1747,37.64,1646060.681285139,505212.5012851389,2469.0910219277084,502743.4102632112,65842.42725140556,1.0,,15
2026-07-15,BAND,PLAN,913,70.97,1621571.2567351386,439372.17673513887,2432.356885102708,436939.8198500362,64862.85026940554,1.0,,15
2026-07-21,SYRE,PLAN,635,102.7,1632706.3483201389,524521.5983201388,2449.059522480208,522072.5387976586,65308.25393280556,1.0,,15
