date,canonical_nav,canonical_alloc,wealth_core_nav,damaged,green,r20,r40,healthy,candidate_nav,candidate_alloc
2006-07-31,1.0,1.0,5.8954766700424575,0.6086956521739131,0.3478260869565217,-0.0499870372306699,-0.0203297993931501,False,1.0,1.0
2006-08-01,0.983355443080857,1.0,5.797349073042456,0.6956521739130435,0.2608695652173913,-0.0738564574122807,-0.0176632396480111,False,0.983355443080857,1.0
2006-08-02,0.9839179422921336,1.0,5.800665274019455,0.6086956521739131,0.2608695652173913,-0.0648060468430441,-0.0131813044247258,False,0.9839179422921337,1.0
2006-08-03,0.9947847332719952,1.0,5.864730186719456,0.5217391304347826,0.2608695652173913,-0.0569420261556063,0.0060504426356202,False,0.9947847332719953,1.0
2006-08-04,0.991786569630738,1.0,5.847054582919455,0.6086956521739131,0.2608695652173913,-0.0490738343828285,0.0075196103988874,False,0.9917865696307381,1.0
2006-08-07,0.9897543912386362,1.0,5.835073922619453,0.6086956521739131,0.3043478260869565,-0.0467109426142661,0.0057896581447656,False,0.9897543912386363,1.0
2006-08-08,0.9851137260420424,1.0,5.807714989219456,0.5652173913043478,0.3043478260869565,-0.0553029302558437,0.0323928570274127,False,0.9851137260420425,1.0
2006-08-09,0.9820845348163784,1.0,5.789856463019456,0.6086956521739131,0.3043478260869565,-0.044930228593066,0.0508120086183443,False,0.9820845348163785,1.0
2006-08-10,0.9764138497011476,1.0,5.756425071219456,0.6086956521739131,0.3478260869565217,-0.0259857412116523,0.0337830104216068,False,0.9764138497011478,1.0
2006-08-11,0.9642989179780296,1.0,5.685001773886657,0.4545454545454545,0.3181818181818182,-0.0341952001039734,-0.0087890748430983,False,0.9642989179780297,1.0
2006-08-14,0.9606750143828268,1.0,5.663637134786656,0.5454545454545454,0.2727272727272727,-0.027282170584549,-0.0083229046276102,False,0.9606750143828269,1.0
2006-08-15,0.9685138750019916,1.0,5.709850954686656,0.5,0.4090909090909091,-0.0291148032669006,0.0114633394156615,False,0.9685138750019916,1.0
2006-08-16,0.974943967949374,1.0,5.747759417644154,0.4285714285714285,0.3809523809523809,-0.0448001009313796,0.0203078922709316,False,0.974943967949374,1.0
2006-08-17,0.9642761644756396,1.0,5.684867631144155,0.5714285714285714,0.238095238095238,-0.0257778941969057,-0.0169109257117386,False,0.9642761644756396,1.0
2006-08-18,0.9639538839703744,1.0,5.682967633944156,0.5238095238095238,0.2857142857142857,-0.0089650690584747,-0.0162290897773528,False,0.9639538839703744,1.0
2006-08-21,0.9580913013270356,1.0,5.648404914744155,0.5238095238095238,0.3333333333333333,-0.0375441131493747,-0.0343961983576495,False,0.9580913013270356,1.0
2006-08-22,0.9628755602222197,1.0,5.676610401444155,0.5714285714285714,0.2857142857142857,-0.0341519729541927,-0.0368096205265549,False,0.9628755602222197,1.0
2006-08-23,0.9508344813342272,1.0,5.605622501777856,0.6818181818181818,0.2727272727272727,-0.0387520760779258,-0.0407462448087979,False,0.9508344813342272,1.0
2006-08-24,0.950114344161677,1.0,5.601376949877856,0.5454545454545454,0.3181818181818182,-0.0251402080141449,-0.0481442733904899,False,0.950114344161677,1.0
2006-08-25,0.9499478415775876,1.0,5.600395337777855,0.5,0.3636363636363636,-0.0401792206531288,-0.0792729525800089,False,0.9499478415775876,1.0
2006-08-28,0.9504737817133112,1.0,5.6034960055778535,0.5454545454545454,0.4090909090909091,-0.0495262182866887,-0.0970375865999677,False,0.9504737817133113,1.0
2006-08-29,0.9531769263090626,1.0,5.6194323314778565,0.4090909090909091,0.5,-0.0306893270222261,-0.1022791794602783,False,0.9531769263090628,1.0
2006-08-30,0.9400177298874708,1.0,5.541852595977855,0.4545454545454545,0.4545454545454545,-0.0446177577597509,-0.1065323041033851,False,0.940017729887471,1.0
2006-08-31,0.9471927323287396,1.0,5.584152655477854,0.5,0.4545454545454545,-0.0478415071637844,-0.102059340967147,False,0.9471927323287397,1.0
2006-09-01,0.9538873638647708,1.0,5.623620699513055,0.5217391304347826,0.4347826086956521,-0.038213066123771,-0.0854116388283815,False,0.9538873638647708,1.0
2006-09-05,0.9435620660123816,1.0,5.562748146913055,0.5652173913043478,0.391304347826087,-0.0466704928365581,-0.0912014127381561,False,0.9435620660123816,1.0
2006-09-06,0.9288543547495068,1.0,5.476039178293057,0.5652173913043478,0.4347826086956521,-0.0571095192415728,-0.109254125737855,False,0.9288543547495068,1.0
2006-09-07,0.9297166548118292,1.0,5.481122848193055,0.5652173913043478,0.391304347826087,-0.0533231897540674,-0.0958575952421718,False,0.9297166548118292,1.0
2006-09-08,0.9245418583691556,1.0,5.450614956493054,0.5652173913043478,0.3478260869565217,-0.0531250057010849,-0.0777302542627212,False,0.9245418583691556,1.0
2006-09-11,0.9205025785733412,1.0,5.426801476693056,0.5652173913043478,0.4347826086956521,-0.0454178041561238,-0.0780599333586955,False,0.9205025785733412,1.0
2006-09-12,0.9326931242106768,1.0,5.498670554093056,0.4782608695652174,0.391304347826087,-0.0291273216782124,-0.0556148357040655,False,0.9326931242106768,1.0
2006-09-13,0.9378581013812812,1.0,5.529120556503656,0.5,0.4166666666666667,-0.0316523845573685,-0.059845634874953,False,0.9378581013812812,1.0
2006-09-14,0.9233803922532446,1.0,5.443767560103656,0.5416666666666666,0.375,-0.0528887581145656,-0.0953194373442773,False,0.9233803922532446,1.0
2006-09-15,0.9266520857022256,1.0,5.463055752503655,0.5416666666666666,0.2916666666666667,-0.039017949586956,-0.063790043207629,False,0.9266520857022257,1.0
2006-09-18,0.9323501463717218,1.0,5.496648536245155,0.48,0.36,-0.0327855285654142,-0.0414566730961815,False,0.9323501463717218,1.0
2006-09-19,0.929725117495153,1.0,5.481172739745157,0.52,0.28,-0.0296069735656643,-0.0660395191494792,False,0.929725117495153,1.0
2006-09-20,0.9297178333852492,1.0,5.481129796445156,0.48,0.28,-0.0344361495989345,-0.0674120601033779,False,0.9297178333852492,1.0
2006-09-21,0.9306055245411812,1.0,5.486363158945156,0.48,0.36,-0.021274950782875,-0.0592025783495088,False,0.9306055245411812,1.0
2006-09-22,0.924776760876554,1.0,5.451999818745155,0.48,0.32,-0.0266679304873345,-0.0511377011817211,False,0.924776760876554,1.0
2006-09-25,0.931419614727372,1.0,5.491162608645156,0.44,0.32,-0.0195044675499714,-0.0589000138976882,False,0.931419614727372,1.0
2006-09-26,0.9380087615214546,1.0,5.530008769845154,0.44,0.32,-0.0131145334376161,-0.0619912384785454,False,0.9380087615214545,1.0
2006-09-27,0.9532260077122288,1.0,5.619721689745155,0.4,0.4,5.1492437354916376e-05,-0.0306394148531203,True,0.9532260077122287,1.0
2006-09-28,0.9481851273791742,1.0,5.590003297345156,0.44,0.32,0.0086885568559234,-0.0363168648289069,True,0.948185127379174,1.0
2006-09-29,0.9452213054903033,1.0,5.572530154545156,0.48,0.24,-0.0020813365338959,-0.0498232694209838,False,0.9452213054903031,1.0
2006-10-02,0.9415727787461808,1.0,5.551020350245157,0.44,0.2,-0.0129098943807118,-0.0506296338568619,False,0.9415727787461807,1.0
2006-10-03,0.9365969614642524,1.0,5.521685535545155,0.48,0.2,-0.0073817131898533,-0.0537076978338628,False,0.9365969614642523,1.0
2006-10-04,0.9554358283135383,1.0,5.632749635545156,0.44,0.28,0.0286174828465977,-0.0301263670822482,True,0.9554358283135382,1.0
2006-10-05,0.964657491169276,1.0,5.687115733770154,0.4,0.4,0.0375822420482707,-0.0177449527299199,True,0.964657491169276,1.0
2006-10-06,0.9600561667610492,1.0,5.659988733070155,0.36,0.4,0.0384128723544641,-0.0167528174094467,True,0.9600561667610492,1.0
2006-10-09,0.9672901284382638,1.0,5.702636385370155,0.4,0.52,0.0508282659429777,0.0031019535586604,True,0.9672901284382638,1.0
2006-10-10,0.978744462749032,1.0,5.770165146070156,0.4,0.52,0.0493745877855889,0.0188091166062165,True,0.9787444627490319,1.0
2006-10-11,0.9712273030721568,1.0,5.725847906570156,0.4,0.44,0.0355802243876013,0.0028016408852789,True,0.9712273030721567,1.0
2006-10-12,0.9816279119002056,1.0,5.787164453270155,0.4,0.44,0.0630807413018863,0.0068557211189177,True,0.9816279119002055,1.0
2006-10-13,0.9855257688312272,1.0,5.810144177870155,0.36,0.44,0.0635337512723412,0.0220368449811709,True,0.9855257688312271,1.0
2006-10-16,0.996385279738178,1.0,5.874166171070156,0.36,0.56,0.0686814214763109,0.0336441362051718,True,0.9963852797381778,1.0
2006-10-17,0.9892021969155136,1.0,5.831818473870155,0.36,0.48,0.063972757432436,0.0324717441285469,True,0.9892021969155134,1.0
2006-10-18,0.981097066274796,1.0,5.784034865270157,0.4,0.52,0.05526325412353,0.0189240508382735,True,0.9810970662747959,1.0
2006-10-19,0.9997926763617752,1.0,5.894254398370155,0.36,0.52,0.074346379852737,0.0514897134976102,True,0.999792676361775,1.0
2006-10-20,0.9948795067198384,1.0,5.865288921370155,0.36,0.52,0.0758050470221995,0.0471155528102877,True,0.9948795067198383,1.0
2006-10-23,0.9929347986594608,1.0,5.853823940370155,0.4,0.52,0.0660445442198405,0.0452519130002804,True,0.9929347986594607,1.0
2006-10-24,0.998986490574602,1.0,5.889501548870155,0.4,0.52,0.0650076327157553,0.0510405545051881,True,0.9989864905746018,1.0
2006-10-25,0.9956645920418644,1.0,5.8699173735701535,0.4,0.52,0.0445210096936925,0.0445747946263501,True,0.9956645920418642,1.0
2006-10-26,0.9903829144875754,1.0,5.838779366770155,0.44,0.44,0.0445037428767081,0.0535789730329172,True,0.9903829144875752,1.0
2006-10-27,0.9838582605277926,1.0,5.800313421570156,0.48,0.44,0.0408760941094614,0.0387096806675326,True,0.9838582605277923,1.0
2006-10-30,0.9840392314924342,1.0,5.801380331670155,0.44,0.44,0.0451016147714071,0.0316094633075967,True,0.984039231492434,1.0
2006-10-31,0.9869613920511452,1.0,5.818607861070155,0.44,0.44,0.0537738564816123,0.0459952001060994,True,0.986961392051145,1.0
2006-11-01,0.9878290274798448,1.0,5.823722985498155,0.5,0.4166666666666667,0.0339041076400543,0.0634918407054705,True,0.9878290274798447,1.0
2006-11-02,0.9848528862817704,1.0,5.806177214498156,0.4583333333333333,0.375,0.0209353011792978,0.0593043387838425,True,0.9848528862817703,1.0
2006-11-03,0.9873995484840468,1.0,5.821191002098155,0.4166666666666667,0.3333333333333333,0.0284810229543617,0.0679879332080963,True,0.9873995484840468,1.0
2006-11-06,0.9915147080688494,1.0,5.84545182942386,0.2272727272727272,0.5,0.0250437577293356,0.0771449544503917,True,0.9915147080688493,1.0
2006-11-07,0.988301088312491,1.0,5.826506009123861,0.3181818181818182,0.4545454545454545,0.0097641682044535,0.0596208577702066,True,0.9883010883124909,1.0
2006-11-08,0.990572208198019,1.0,5.839895343423861,0.2272727272727272,0.5,0.0199179996944802,0.0562069109805636,True,0.9905722081980189,1.0
2006-11-09,0.9905350652302396,1.0,5.839676367923862,0.3181818181818182,0.3181818181818182,0.0090738590682408,0.0727269861266206,True,0.9905350652302395,1.0
2006-11-10,0.9927539887747042,1.0,5.852757979912861,0.2857142857142857,0.3809523809523809,0.0073343794470737,0.0713341113589423,True,0.9927539887747042,1.0
2006-11-13,1.0020961173391116,1.0,5.907834280912862,0.2857142857142857,0.4761904761904761,0.005731555570988,0.0748066284311848,True,1.0020961173391116,1.0
2006-11-14,1.008281866777373,1.0,5.94430222241286,0.2857142857142857,0.5238095238095238,0.0192879372097565,0.0844945971706843,True,1.008281866777373,1.0
2006-11-15,1.0155544592409935,1.0,5.987177621612862,0.2857142857142857,0.5714285714285714,0.0351212883522644,0.0923254591591513,True,1.0155544592409935,1.0
2006-11-16,1.017258725674793,1.0,5.997225084612862,0.1904761904761904,0.5714285714285714,0.0174696711888071,0.0931148578516498,True,1.017258725674793,1.0
2006-11-17,1.0174451206709063,1.0,5.998323971963862,0.3,0.65,0.0226817557288601,0.100206194310632,True,1.0174451206709063,1.0
2006-11-20,1.014227945527736,1.0,5.979357190963861,0.35,0.65,0.0214446576925522,0.0889055045556479,True,1.014227945527736,1.0
2006-11-21,1.0212122518195803,1.0,6.020533005763861,0.25,0.65,0.0222483101169814,0.0887022528053678,True,1.0212122518195803,1.0
2006-11-22,1.0216338413260964,1.0,6.023018476863861,0.3,0.65,0.0260823268114571,0.0717645480299566,True,1.0216338413260966,1.0
2006-11-24,1.0221492028430774,1.0,6.02605677866386,0.25,0.55,0.0320747540075831,0.0780059434894784,True,1.0221492028430776,1.0
2006-11-27,1.007528005707651,1.0,5.939857852063862,0.4,0.35,0.0240580845122557,0.0659175791483337,True,1.0075280057076512,1.0
2006-11-28,1.007473069640879,1.0,5.939533977763862,0.25,0.5,0.02381392672008,0.0699895880406107,True,1.0074730696408791,1.0
2006-11-29,1.024529066302006,1.0,6.04008720816386,0.3,0.55,0.038063975504438,0.0938846787419458,True,1.0245290663020061,1.0
2006-11-30,1.0240662957657638,1.0,6.037358955263861,0.3,0.55,0.0366837451399539,0.0718315824238735,True,1.024066295765764,1.0
2006-12-01,1.0230654160523411,1.0,6.031458292263859,0.2,0.6,0.0388002414399566,0.0605478373596293,True,1.0230654160523414,1.0
2006-12-04,1.0271882922287687,1.0,6.055764612575462,0.238095238095238,0.7142857142857143,0.0402964978116606,0.0699252062451767,True,1.027188292228769,1.0
2006-12-05,1.0353326498248192,1.0,6.103779482775461,0.238095238095238,0.7142857142857143,0.0441929316825902,0.0703434464863337,True,1.0353326498248194,1.0
2006-12-06,1.0346327714518004,1.0,6.0996533661554615,0.1904761904761904,0.6666666666666666,0.0468801296358183,0.0571020433114826,True,1.0346327714518007,1.0
2006-12-07,1.0272682357730107,1.0,6.056235917875462,0.2272727272727272,0.6363636363636364,0.0370452827883662,0.0577011504141073,True,1.027268235773011,1.0
2006-12-08,1.024676466408836,1.0,6.04095620205484,0.217391304347826,0.6086956521739131,0.0344676350964527,0.0438542486279742,True,1.0246764664088361,1.0
2006-12-11,1.02369934859082,1.0,6.035195626754842,0.1739130434782608,0.6521739130434783,0.0311712268759654,0.0387342279287783,True,1.0236993485908201,1.0
2006-12-12,1.0158902469594044,1.0,5.989157250272841,0.2727272727272727,0.6363636363636364,0.0137652759866198,0.0195757280018751,True,1.0158902469594047,1.0
2006-12-13,1.0157954932298474,1.0,5.988598631870838,0.3478260869565217,0.6086956521739131,0.0074519107206492,0.0268835799164783,True,1.0157954932298476,1.0
2006-12-14,1.0248443268841445,1.0,6.04194581957084,0.3043478260869565,0.6956521739130435,0.0091475819525168,0.0445901451682615,True,1.0248443268841447,1.0
2006-12-15,1.0272861594459035,1.0,6.056341586470841,0.2608695652173913,0.6086956521739131,0.009857309176148,0.0274991843150689,True,1.0272861594459037,1.0
2006-12-18,1.0137785831366537,1.0,5.976707985470839,0.3478260869565217,0.4347826086956521,-0.0036036710577914,0.0189963470844087,False,1.013778583136654,1.0
2006-12-19,1.0253024336923222,1.0,6.04464657757084,0.3043478260869565,0.4782608695652174,0.0109191313584084,0.0325979460852419,True,1.0253024336923224,1.0
2006-12-20,1.0246861372307974,1.0,6.041013216160091,0.3333333333333333,0.5833333333333334,0.0034017271189483,0.0257257199158054,True,1.0246861372307976,1.0
2006-12-21,1.012812977363048,1.0,5.971015279160089,0.4583333333333333,0.4166666666666667,-0.0086340757385239,0.0172230542878062,False,1.0128129773630483,1.0
2006-12-22,1.0155136312696107,1.0,5.98693692126009,0.5,0.375,-0.0064917837386265,0.0253747479024697,False,1.015513631269611,1.0
2006-12-26,1.0251035609672874,1.0,6.04347412806009,0.5,0.4166666666666667,0.0174442349592971,0.0419219943504554,True,1.0251035609672876,1.0
2006-12-27,1.0339535045630484,1.0,6.0956487640600905,0.3333333333333333,0.5833333333333334,0.0262840126650818,0.0507238649366776,True,1.0339535045630486,1.0
2006-12-28,1.0333661657448667,1.0,6.092186121760091,0.3333333333333333,0.5,0.0086255234073131,0.0470178206234401,True,1.033366165744867,1.0
2006-12-29,1.0246321692236686,1.0,6.040695049033135,0.4166666666666667,0.4583333333333333,0.0005525750239456,0.0372565906852488,True,1.0246321692236688,1.0
2007-01-03,1.0353006368845792,1.0,6.103590751233137,0.4166666666666667,0.5,0.0119593729201106,0.051223640916838,True,1.0353006368845794,1.0
2007-01-04,1.033069627309588,1.0,6.090437886333135,0.3333333333333333,0.375,0.0057256640533336,0.0462528860739896,True,1.0330696273095883,1.0
2007-01-05,1.0109808206891284,1.0,5.960213842233136,0.5833333333333334,0.1666666666666666,-0.0235207777324621,0.0196327018266759,False,1.0109808206891286,1.0
2007-01-08,1.0286884186566474,1.0,6.064608572933135,0.5416666666666666,0.2083333333333333,-0.0057453745514089,0.0408654111806328,False,1.0286884186566476,1.0
2007-01-09,1.01933700493973,1.0,6.009477531533134,0.5833333333333334,0.25,-0.0077207009397233,0.0290385662990064,False,1.0193370049397301,1.0
2007-01-10,1.0104860345596165,1.0,5.957296842149936,0.5416666666666666,0.2916666666666667,-0.013848694992433,0.0201416083384584,False,1.0104860345596167,1.0
2007-01-11,1.0151170330908683,1.0,5.984598785949934,0.3333333333333333,0.3333333333333333,-0.0083836289548934,0.0225262699208752,False,1.0151170330908685,1.0
2007-01-12,1.0331864125256671,1.0,6.091126390849935,0.375,0.375,0.0170256241931947,0.0310252625956783,True,1.0331864125256673,1.0
2007-01-16,1.0380808720435255,1.0,6.119981562749936,0.4583333333333333,0.4583333333333333,0.0219388439525547,0.0295542409796527,True,1.0380808720435257,1.0
2007-01-17,1.0422339907398164,1.0,6.144466177131835,0.4,0.36,0.0169681027639994,0.0262709018271287,True,1.0422339907398166,1.0
2007-01-18,1.0309050381135956,1.0,6.077676601227934,0.48,0.28,0.0035227561808524,0.013414790253827,True,1.0309050381135958,1.0
2007-01-19,1.0406432846902862,1.0,6.135088206727935,0.44,0.4,0.0264995749570018,0.0228004081478938,True,1.0406432846902864,1.0
2007-01-22,1.038917578107187,1.0,6.124914343827935,0.4,0.44,0.013279149612309,0.0243432777496623,True,1.0389175781071873,1.0
2007-01-23,1.0517917258051463,1.0,6.200813581227934,0.4,0.48,0.0264525766373706,0.0299442882036322,True,1.0517917258051466,1.0
2007-01-24,1.064182710620879,1.0,6.273864343127936,0.36,0.6,0.0507198608291699,0.0416478659707995,True,1.0641827106208792,1.0
2007-01-25,1.0473917138236195,1.0,6.174873413242936,0.3333333333333333,0.5416666666666666,0.0313910927164555,0.0246955247925944,True,1.0473917138236197,1.0
2007-01-26,1.0541106965822629,1.0,6.214485019342935,0.3333333333333333,0.5416666666666666,0.0282967855341407,0.0462346362688883,True,1.054110696582263,1.0
2007-01-29,1.05935553148376,1.0,6.245405821142935,0.4166666666666667,0.5,0.0245678619092706,0.0514976165679295,True,1.0593555314837602,1.0
2007-01-30,1.0657464575290545,1.0,6.283083376542935,0.4583333333333333,0.5,0.0313347706336477,0.0402305728385243,True,1.0657464575290547,1.0
2007-01-31,1.0662502552652224,1.0,6.286053504342935,0.4166666666666667,0.5,0.0406175867707594,0.0411926060586875,True,1.0662502552652227,1.0
2007-02-01,1.078349863064957,1.0,6.357386459842934,0.25,0.5833333333333334,0.0415813770866799,0.054038037201902,True,1.0783498630649573,1.0
2007-02-02,1.0801807287445466,1.0,6.368180285742936,0.2916666666666667,0.5833333333333334,0.0456030263493945,0.0515897980114199,True,1.0801807287445468,1.0
2007-02-05,1.085883240887599,1.0,6.401799313042935,0.2083333333333333,0.5833333333333334,0.0740888636714329,0.0488254582441043,True,1.0858832408875991,1.0
2007-02-06,1.0892894818964125,1.0,6.421880727442937,0.2083333333333333,0.6666666666666666,0.0589109998136296,0.0528271595030933,True,1.0892894818964127,1.0
2007-02-07,1.101371467338225,1.0,6.493109790742935,0.2083333333333333,0.7083333333333334,0.080478254003292,0.0721362045322582,True,1.1013714673382253,1.0
2007-02-08,1.1053088145790269,1.0,6.5163223295429376,0.2083333333333333,0.625,0.0938387832947491,0.0786905436140061,True,1.105308814579027,1.0
2007-02-09,1.0925918043530392,1.0,6.441349492442936,0.25,0.5833333333333334,0.0763210238195613,0.067297547719507,True,1.0925918043530394,1.0
2007-02-12,1.0845401677243662,1.0,6.393881256542936,0.3333333333333333,0.5416666666666666,0.0497042494714603,0.067576119536961,True,1.0845401677243665,1.0
2007-02-13,1.0972058275478425,1.0,6.468551358542935,0.3333333333333333,0.5833333333333334,0.0569560205727766,0.0801444137728362,True,1.0972058275478427,1.0
2007-02-14,1.1010492256254127,1.0,6.491210022242936,0.25,0.6666666666666666,0.0564318909267651,0.0743575358151766,True,1.101049225625413,1.0
2007-02-15,1.1044838408356454,1.0,6.511458716085436,0.1739130434782608,0.6086956521739131,0.0713730169140391,0.0751472028313713,True,1.1044838408356457,1.0
2007-02-16,1.1107011820026889,1.0,6.548112905885434,0.1304347826086956,0.6521739130434783,0.0673217214227763,0.0956052933828555,True,1.110701182002689,1.0
2007-02-20,1.11383027571851,1.0,6.566560404885434,0.1304347826086956,0.6521739130434783,0.0721064877425663,0.0863431501936271,True,1.1138302757185101,1.0
2007-02-21,1.1151530245879315,1.0,6.574358639985435,0.1304347826086956,0.5217391304347826,0.0602412979948878,0.088287412184203,True,1.1151530245879318,1.0
2007-02-22,1.117367386671041,1.0,6.587413359985434,0.2608695652173913,0.5652173913043478,0.0499770157129622,0.1032317038237506,True,1.1173673866710412,1.0
2007-02-23,1.1143085799605277,1.0,6.569380236385435,0.3043478260869565,0.5652173913043478,0.063889054356389,0.0972856943017124,True,1.114308579960528,1.0
2007-02-26,1.1138550201977375,1.0,6.566706285385436,0.2608695652173913,0.5652173913043478,0.0566774664266134,0.0865780420728465,True,1.1138550201977377,1.0
2007-02-27,1.0761348393643704,1.0,6.344327839292536,0.3333333333333333,0.4583333333333333,0.0158391657776209,0.0407961621244741,True,1.0761348393643706,1.0
2007-02-28,1.094357909020776,1.0,6.451761521308434,0.1739130434782608,0.5217391304347826,0.026846396053765,0.0590223923500976,True,1.0943579090207762,1.0
2007-03-01,1.0969632163368153,1.0,6.467121049808435,0.2608695652173913,0.4347826086956521,0.0288046459261606,0.0705922079022269,True,1.0969632163368155,1.0
2007-03-02,1.0797559325703494,1.0,6.365675909808435,0.4782608695652174,0.217391304347826,0.0013039084563857,0.042939503852277,True,1.0797559325703496,1.0
2007-03-05,1.0665333957742809,1.0,6.287722752608435,0.5652173913043478,0.217391304347826,-0.0126343051742158,0.0323925586234126,False,1.066533395774281,1.0
2007-03-06,1.086276129502911,1.0,6.404115578708434,0.391304347826087,0.2608695652173913,0.000361814788661,0.0744774849066454,True,1.0862761295029113,1.0
2007-03-07,1.0889268724257708,1.0,6.419742971768434,0.4782608695652174,0.3043478260869565,-0.0003328862315002,0.0585585029214075,False,1.088926872425771,1.0
2007-03-08,1.092628753540219,1.0,6.441567325513935,0.5238095238095238,0.3333333333333333,-0.0079380245968553,0.0719013910466466,False,1.0926287535402193,1.0
2007-03-09,1.0976266079036712,1.0,6.471032059313936,0.4761904761904761,0.3809523809523809,-0.0069502808391889,0.0862362965580538,False,1.0976266079036714,1.0
2007-03-12,1.104127561150548,1.0,6.509358277513934,0.4761904761904761,0.3809523809523809,0.0105581579063187,0.0876849911469388,True,1.1041275611505483,1.0
2007-03-13,1.0920091108710246,1.0,6.437914236613935,0.4761904761904761,0.2857142857142857,0.00688673722646,0.0569332868030687,True,1.0920091108710248,1.0
2007-03-14,1.100607993597099,1.0,6.488608749113936,0.3809523809523809,0.2857142857142857,0.0031007546294754,0.0602333818467195,True,1.1006079935970992,1.0
2007-03-15,1.097907852592235,1.0,6.472690130813936,0.4761904761904761,0.3809523809523809,-0.0028530722878383,0.0534178143747732,False,1.0979078525922352,1.0
2007-03-16,1.0948902176670725,1.0,6.454899734513935,0.5238095238095238,0.2857142857142857,-0.0086860692876361,0.0620669966562199,False,1.0948902176670727,1.0
2007-03-19,1.110301710780376,1.0,6.545757832613937,0.4761904761904761,0.3333333333333333,-0.0003596567904899,0.0669378519180292,False,1.1103017107803763,1.0
2007-03-20,1.1186818294897838,1.0,6.595162626957436,0.3181818181818182,0.3181818181818182,0.0043557388203911,0.07677630359082,True,1.118681829489784,1.0
2007-03-21,1.134389318041228,1.0,6.687765759257436,0.3181818181818182,0.4090909090909091,0.0172499137151198,0.0785303689025065,True,1.1343893180412281,1.0
2007-03-22,1.13262136825814,1.0,6.677342852557434,0.3636363636363636,0.4090909090909091,0.0136517154241857,0.0643110031334111,True,1.1326213682581403,1.0
2007-03-23,1.1360148029403023,1.0,6.697348767557436,0.3181818181818182,0.4090909090909091,0.0194795439702561,0.0846131279701984,True,1.1360148029403025,1.0
2007-03-26,1.1265554837162304,1.0,6.641581571757435,0.2272727272727272,0.4090909090909091,0.011402259080574,0.0687259766634142,True,1.1265554837162306,1.0
2007-03-27,1.11860047759462,1.0,6.594683018757437,0.3636363636363636,0.2272727272727272,0.0394612614301499,0.0559254606693568,True,1.1186004775946201,1.0
2007-03-28,1.112428262363084,1.0,6.558294867857436,0.2727272727272727,0.3636363636363636,0.0165122883412771,0.0438019798276061,True,1.1124282623630841,1.0
2007-03-29,1.116856766486163,1.0,6.584403010598235,0.238095238095238,0.2857142857142857,0.0181351114176646,0.0474621328070425,True,1.1168567664861633,1.0
2007-03-30,1.116612987459761,1.0,6.582965817035436,0.1818181818181818,0.4090909090909091,0.0341346167014557,0.0354830335732139,True,1.1166129874597612,1.0
2007-04-02,1.122095547820697,1.0,6.615288123735435,0.1818181818181818,0.5454545454545454,0.0520960264972101,0.0388035242258646,True,1.1220955478206973,1.0
2007-04-03,1.1303393493180325,1.0,6.6638892631354345,0.0909090909090909,0.6363636363636364,0.0405635534265904,0.040940044708762,True,1.1303393493180327,1.0
2007-04-04,1.14512164972859,1.0,6.751037970335436,0.0909090909090909,0.6363636363636364,0.0516056483918296,0.0512555833505121,True,1.1451216497285903,1.0
2007-04-05,1.1488540502335085,1.0,6.773042250435437,0.0909090909090909,0.7272727272727273,0.0514587379392259,0.0431122326148858,True,1.1488540502335087,1.0
2007-04-09,1.1554803007788634,1.0,6.812107155935435,0.1363636363636363,0.7727272727272727,0.0527079905485217,0.0453913743725511,True,1.1554803007788637,1.0
2007-04-10,1.160292637778222,1.0,6.840478176443536,0.1304347826086956,0.6956521739130435,0.0508682860603064,0.0619635193632734,True,1.1602926377782221,1.0
2007-04-11,1.1614587464208588,1.0,6.847352942740935,0.125,0.6666666666666666,0.0635980367365607,0.070922756930144,True,1.161458746420859,1.0
2007-04-12,1.170770375772045,1.0,6.902249436340935,0.125,0.75,0.0637487484945804,0.0670471723510737,True,1.1707703757720451,1.0
2007-04-13,1.1804550308212505,1.0,6.959345094240936,0.125,0.75,0.075185889265767,0.0721183062008279,True,1.1804550308212507,1.0
2007-04-16,1.18863285977357,1.0,7.007557294040932,0.0416666666666666,0.8333333333333334,0.0856183027246686,0.0761885469272762,True,1.1886328597735702,1.0
2007-04-17,1.1844331456052808,1.0,6.982797977140936,0.0416666666666666,0.875,0.0667669283989496,0.0663832584292809,True,1.184433145605281,1.0
2007-04-18,1.1820110255948395,1.0,6.968518425127336,0.0416666666666666,0.7916666666666666,0.0566105522013702,0.0612128718016287,True,1.1820110255948397,1.0
2007-04-19,1.1774288486120568,1.0,6.941504307627334,0.0416666666666666,0.75,0.0379407050880429,0.0558450926922224,True,1.177428848612057,1.0
2007-04-20,1.1864527968824885,1.0,6.994704784127336,0.0416666666666666,0.6666666666666666,0.0475281767879196,0.0618287333562443,True,1.1864527968824887,1.0
2007-04-23,1.18752252397208,1.0,7.001011335227336,0.0,0.75,0.0453407129013303,0.0657034732821906,True,1.1875225239720801,1.0
2007-04-24,1.178053423418486,1.0,6.945186473827336,0.125,0.625,0.0457127415796481,0.0576362291829968,True,1.1780534234184863,1.0
2007-04-25,1.1994148271265077,1.0,7.071122131027336,0.125,0.7083333333333334,0.0722459458498232,0.1145581234364216,True,1.199414827126508,1.0
2007-04-26,1.2005921373574635,1.0,7.0780629360273375,0.0833333333333333,0.75,0.0792535374884275,0.0970744830927798,True,1.2005921373574637,1.0
2007-04-27,1.1996441726359002,1.0,7.0724742321273375,0.125,0.7083333333333334,0.0741253566562534,0.0936047396757531,True,1.1996441726359004,1.0
2007-04-30,1.1867982767841134,1.0,6.996741552827334,0.25,0.5833333333333334,0.0628555194257771,0.0991356851904026,True,1.1867982767841136,1.0
2007-05-01,1.1846516946434862,1.0,6.984086427896936,0.24,0.6,0.0557493940193269,0.1107497424245713,True,1.1846516946434864,1.0
2007-05-02,1.207802809818541,1.0,7.120573287296938,0.24,0.64,0.0685311544247702,0.1118745749952558,True,1.2078028098185412,1.0
2007-05-03,1.1973920214064888,1.0,7.059196727096936,0.2,0.64,0.045646129990021,0.0996073765165637,True,1.197392021406489,1.0
2007-05-04,1.197902430278988,1.0,7.062205830696937,0.24,0.6,0.0426933082017773,0.0963489898995171,True,1.1979024302789882,1.0
2007-05-07,1.1994633565814805,1.0,7.071408235296936,0.24,0.68,0.0380647387696433,0.0927790452094672,True,1.1994633565814807,1.0
2007-05-08,1.2004125511442263,1.0,7.077004189696937,0.28,0.64,0.034577409232577,0.0872045888369503,True,1.2004125511442265,1.0
2007-05-09,1.2166667288236896,1.0,7.172830314996936,0.24,0.64,0.0475333132347222,0.1141543753725951,True,1.2166667288236899,1.0
2007-05-10,1.204499767057139,1.0,7.101100275756936,0.24,0.64,0.0288095701625956,0.0943948926997084,True,1.2044997670571391,1.0
2007-05-11,1.2321272028890282,1.0,7.263977179156935,0.24,0.68,0.0437730965760112,0.1222501050337621,True,1.2321272028890284,1.0
2007-05-14,1.2255615682565162,1.0,7.2252696333569375,0.24,0.64,0.0310682210905564,0.1193465321736733,True,1.2255615682565164,1.0
2007-05-15,1.2226907385090242,1.0,7.208344723556935,0.32,0.56,0.0323003396567327,0.1012238625208052,True,1.2226907385090244,1.0
2007-05-16,1.221789832017953,1.0,7.203033450356934,0.28,0.56,0.0336534986237497,0.0921691939657185,True,1.2217898320179532,1.0
2007-05-17,1.2392991511752212,1.0,7.306259232956936,0.24,0.68,0.0525469565622553,0.0924813302325009,True,1.2392991511752214,1.0
2007-05-18,1.2505320137080354,1.0,7.372482311956936,0.2,0.72,0.0540090739335943,0.1041042035355819,True,1.2505320137080356,1.0
2007-05-21,1.2601968010338056,1.0,7.429460840156937,0.16,0.64,0.0611982304290452,0.1093137147263283,True,1.2601968010338058,1.0
2007-05-22,1.2533887612354375,1.0,7.389324200356937,0.16,0.72,0.0639489995269839,0.1125850251962863,True,1.2533887612354377,1.0
2007-05-23,1.2474033342589712,1.0,7.354037255256936,0.2,0.68,0.0400099332167094,0.1151464345351622,True,1.2474033342589714,1.0
2007-05-24,1.2259574080385405,1.0,7.227603297556936,0.28,0.52,0.0211273003477319,0.1020552511262977,True,1.2259574080385407,1.0
2007-05-25,1.2401783166761784,1.0,7.311442332656935,0.32,0.56,0.033788472419463,0.1104184116446791,True,1.2401783166761786,1.0
2007-05-29,1.247572413700005,1.0,7.355034059156935,0.24,0.56,0.0512084809227828,0.1172827360159665,True,1.2475724137000053,1.0
2007-05-30,1.2649295212268448,1.0,7.457362481640836,0.125,0.7916666666666666,0.0677649193820779,0.1272921665927242,True,1.264929521226845,1.0
2007-05-31,1.266852233796907,1.0,7.468697788740837,0.125,0.7916666666666666,0.0488899541368321,0.1207715935583735,True,1.2668522337969073,1.0
2007-06-01,1.2852173290317288,1.0,7.576968779240836,0.125,0.7916666666666666,0.0733471628799375,0.1223413070011754,True,1.285217329031729,1.0
2007-06-04,1.2880173393826952,1.0,7.593476174940837,0.0833333333333333,0.7916666666666666,0.0752272529263666,0.1211322614225025,True,1.2880173393826955,1.0
2007-06-05,1.2839212568686706,1.0,7.569327816040836,0.0833333333333333,0.75,0.0704130724992704,0.1111580664795663,True,1.2839212568686709,1.0
2007-06-06,1.2648528717945269,1.0,7.456910596700835,0.1666666666666666,0.75,0.0536818117978488,0.0901153990053063,True,1.264852871794527,1.0
2007-06-07,1.2387899986801645,1.0,7.303257536300834,0.25,0.5416666666666666,0.0181835085421162,0.0665811441840771,True,1.2387899986801647,1.0
2007-06-08,1.253475605179117,1.0,7.389836186800834,0.2083333333333333,0.5833333333333334,0.0406607285957696,0.0706417168717075,True,1.2534756051791172,1.0
2007-06-11,1.2552315513357026,1.0,7.400188326400835,0.1666666666666666,0.6666666666666666,0.0187515934982203,0.0633455053873834,True,1.2552315513357029,1.0
2007-06-12,1.2473175326038357,1.0,7.353531413600836,0.25,0.625,0.0177518330460293,0.0493715720104224,True,1.247317532603836,1.0
2007-06-13,1.2708997495272725,1.0,7.492559823300837,0.1666666666666666,0.7083333333333334,0.0394286220545314,0.0730025195958226,True,1.2708997495272727,1.0
2007-06-14,1.2828809277514055,1.0,7.563194580000834,0.1666666666666666,0.7916666666666666,0.0500013129365728,0.0853375306764194,True,1.2828809277514057,1.0
2007-06-15,1.300095334606021,1.0,7.664681714000838,0.1666666666666666,0.7916666666666666,0.0490569071826985,0.1041816549157614,True,1.3000953346060211,1.0
2007-06-18,1.309686079912047,1.0,7.721223729200835,0.1666666666666666,0.6666666666666666,0.0473031202364906,0.1038669918882273,True,1.309686079912047,1.0
2007-06-19,1.3069196622985446,1.0,7.704914378700835,0.2083333333333333,0.6666666666666666,0.03707584500009,0.1005430515348024,True,1.3069196622985446,1.0
2007-06-20,1.2837762506566468,1.0,7.568472935300837,0.25,0.5416666666666666,0.024244265116321,0.0897436611417608,True,1.2837762506566468,1.0
2007-06-21,1.299117347324806,1.0,7.658916012800834,0.25,0.625,0.0414573311178099,0.0831259693838859,True,1.299117347324806,1.0
2007-06-22,1.294712279922544,1.0,7.632946040700835,0.3333333333333333,0.5416666666666666,0.0560825942509757,0.0783947684117278,True,1.294712279922544,1.0
2007-06-25,1.287883395601014,1.0,7.592686512500836,0.3333333333333333,0.5,0.0384663062427106,0.0735544963897343,True,1.287883395601014,1.0
2007-06-26,1.2725206306934316,1.0,7.502115690400837,0.4583333333333333,0.3333333333333333,0.0199974099454762,0.0722299278539571,True,1.2725206306934316,1.0
2007-06-27,1.2775150840765854,1.0,7.531560373800835,0.3333333333333333,0.375,0.0099496158786254,0.078388770178601,True,1.2775150840765854,1.0
2007-06-28,1.280238464050521,1.0,7.547615996900836,0.3333333333333333,0.4166666666666667,0.0105665285157166,0.0599730797470676,True,1.280238464050521,1.0
2007-06-29,1.2831607707787365,1.0,7.564844388039735,0.28,0.36,-0.0016001638061805,0.0716296315984303,False,1.2831607707787365,1.0
2007-07-02,1.3010464331774716,1.0,7.670288893439734,0.32,0.44,0.0101156198728042,0.0861038430938494,True,1.3010464331774716,1.0
2007-07-03,1.300884454621123,1.0,7.669333952639733,0.32,0.4,0.013212023449026,0.0845553951132747,True,1.300884454621123,1.0
2007-07-05,1.3095890490029092,1.0,7.720651685739736,0.2,0.6,0.0353686805840998,0.0909491472366024,True,1.3095890490029092,1.0
2007-07-06,1.323618097768427,1.0,7.803359615439736,0.16,0.72,0.0684765772880313,0.0879052302581995,True,1.323618097768427,1.0
2007-07-09,1.327418577128112,1.0,7.825765252839735,0.08,0.8,0.0589903558102578,0.1020496752533963,True,1.327418577128112,1.0
2007-07-10,1.3193548337260608,1.0,7.778225641739733,0.2,0.68,0.051084823610531,0.0707943389550243,True,1.3193548337260608,1.0
2007-07-11,1.3162274136357244,1.0,7.759788009559733,0.1666666666666666,0.5416666666666666,0.055246462292593,0.0739790213136242,True,1.3162274136357244,1.0
2007-07-12,1.3277084158834211,1.0,7.827473990459735,0.125,0.6666666666666666,0.044699565309757,0.0858906296308887,True,1.3277084158834211,1.0
2007-07-13,1.3416802185229877,1.0,7.909844426959736,0.125,0.625,0.0458337866746862,0.0981268491218483,True,1.3416802185229877,1.0
2007-07-16,1.3346657658307846,1.0,7.868490884759736,0.1666666666666666,0.5416666666666666,0.026590689393743,0.0769520535579542,True,1.3346657658307846,1.0
2007-07-17,1.3234962128691703,1.0,7.802641045859735,0.2916666666666667,0.5416666666666666,0.0105446130709809,0.0583465264074156,True,1.3234962128691703,1.0
2007-07-18,1.3275593040579492,1.0,7.826594905171436,0.2916666666666667,0.5416666666666666,0.0157925864571537,0.05345395494488,True,1.3275593040579492,1.0
2007-07-19,1.3191273993991457,1.0,7.776884807971435,0.3333333333333333,0.5,0.0275368458673512,0.0524487215753475,True,1.3191273993991457,1.0
2007-07-20,1.3008932230947508,1.0,7.669385646971436,0.4166666666666667,0.5,0.0013669864185876,0.0428809891449866,True,1.3008932230947508,1.0
2007-07-23,1.3023123324336976,1.0,7.677751972971436,0.2916666666666667,0.4583333333333333,0.0058700706164676,0.062281873656051,True,1.3023123324336976,1.0
2007-07-24,1.2593161808607365,1.0,7.424269164471434,0.5,0.1666666666666666,-0.0221815226734456,0.0154315423251787,False,1.2593161808607365,1.0
2007-07-25,1.2516443872583924,1.0,7.379040284271435,0.5833333333333334,0.2083333333333333,-0.0164054263101914,0.0032639176000295,False,1.2516443872583924,1.0
2007-07-26,1.2186751178204047,1.0,7.184670725471435,0.625,0.0833333333333333,-0.0460581381696262,-0.0365667830738732,False,1.2186751178204047,1.0
2007-07-27,1.2016631434350873,1.0,7.084377027371437,0.875,0.0833333333333333,-0.0613755349662213,-0.0514575327908928,False,1.2016631434350873,1.0
2007-07-30,1.2031667965974284,0.0,7.253490800971434,0.75,0.125,-0.0411579632174009,-0.0426922675405048,False,1.2031667965974284,0.0
2007-07-31,1.2047265905754088,0.0,7.216624151871436,0.8333333333333334,0.0833333333333333,-0.0591457176999303,-0.0496283934244828,False,1.2047265905754088,0.0
2007-08-01,1.2043494975257871,0.0,7.128014022771436,0.875,0.0416666666666666,-0.0705823912755786,-0.0583029040351738,False,1.2043494975257871,0.0
2007-08-02,1.2046066064232566,0.0,7.151164699571435,0.7916666666666666,0.2083333333333333,-0.0737615177252666,-0.0410016847009901,False,1.2046066064232566,0.0
2007-08-03,1.204092388628318,0.0,6.954882355871435,0.7916666666666666,0.1666666666666666,-0.1087323026724929,-0.0477013413121201,False,1.204092388628318,0.0
2007-08-06,1.2054122143019936,0.0,7.017341189771434,0.8333333333333334,0.0833333333333333,-0.1033028767090793,-0.0504063943521132,False,1.2054122143019936,0.0
2007-08-07,1.2056693231994629,0.0,7.096073733171437,0.75,0.125,-0.0877001953900274,-0.041095520791605,False,1.2056693231994629,0.0
2007-08-08,1.2051379648113594,0.0,7.187445034671435,0.625,0.1666666666666666,-0.0737575529361362,-0.0225859345106234,False,1.2051379648113594,0.0
2007-08-09,1.206200681587566,0.0,6.910605432671435,0.7916666666666666,0.1666666666666666,-0.1171346668038495,-0.0776709701829277,False,1.206200681587566,0.0
2007-08-10,1.2069891488731384,0.0,6.927506903071433,0.782608695652174,0.1739130434782608,-0.1241917629302702,-0.0840501550244832,False,1.2069891488731384,0.0
2007-08-13,1.2072462577706078,0.0,6.930214581631435,0.8695652173913043,0.0869565217391304,-0.1192447594932877,-0.0958248704610622,False,1.2072462577706078,0.0
2007-08-14,1.2069891488731384,0.0,6.777733881931436,0.9130434782608696,0.0869565217391304,-0.1313538785014516,-0.122194341254641,False,1.2069891488731384,0.0
2007-08-15,1.2072462577706078,0.0,6.591289848200235,1.0,0.0,-0.1578342908938561,-0.144534316121547,False,1.2072462577706078,0.0
2007-08-16,1.208823192341753,0.0,6.458385481037596,1.0,0.0,-0.1695408070828509,-0.1466725802883665,False,1.208823192341753,0.0
2007-08-17,1.2096116596273254,0.0,6.602762682237596,0.9090909090909092,0.0454545454545454,-0.1390754114907545,-0.1378985392708342,False,1.2096116596273254,0.0
2007-08-20,1.210657235810367,0.0,6.655789121337597,0.9545454545454546,0.0,-0.1331070416485881,-0.1280183187661469,False,1.210657235810367,0.0
2007-08-21,1.210400126912898,0.0,6.756396239237599,0.8181818181818182,0.0,-0.0899580700050471,-0.1101441857090165,False,1.210400126912898,0.0
2007-08-22,1.210400126912898,0.0,6.855913499437598,0.6363636363636364,0.1363636363636363,-0.0708936073907728,-0.0861359938490514,False,1.210400126912898,0.0
2007-08-23,1.2096116596273254,0.0,6.852157400837598,0.5909090909090909,0.1363636363636363,-0.0462809413735545,-0.0902074655507771,False,1.2096116596273254,0.0
2007-08-24,1.2093545507298562,0.0,6.928304139337598,0.5454545454545454,0.2727272727272727,-0.0220305733913976,-0.0820539701301095,False,1.2093545507298562,0.0
2007-08-27,1.2077776161587108,0.0,6.873909286437599,0.5,0.1818181818181818,-0.0523308741886043,-0.0913350052110162,False,1.2077776161587108,0.0
2007-08-28,1.2090803012392222,0.0,6.731890761637597,0.8181818181818182,0.0909090909090909,-0.0671689948143047,-0.1223419541087601,False,1.2090803012392222,0.0
2007-08-29,1.2098687685247946,0.0,6.8233273037150965,0.6363636363636364,0.1363636363636363,-0.0427449662813478,-0.1103103156217949,False,1.2098687685247946,0.0
2007-08-30,1.210143018015429,0.0,6.808409072415097,0.6363636363636364,0.0909090909090909,-0.0479300423855262,-0.1181561674398,False,1.210143018015429,0.0
2007-08-31,1.2098687685247946,0.0,6.896631554215097,0.6363636363636364,0.1818181818181818,-0.0083755265259319,-0.1161971389131657,False,1.2098687685247946,0.0
2007-09-04,1.2100744556427705,0.0,6.960921676315098,0.5909090909090909,0.2727272727272727,-0.0080400128667783,-0.1105123331179415,False,1.2100744556427705,0.0
2007-09-05,1.2103315645402395,0.0,6.933034493015098,0.6818181818181818,0.2727272727272727,-0.022975978870427,-0.1086611764242408,False,1.2103315645402395,0.0
2007-09-06,1.2103315645402395,0.0,6.934256221575096,0.6818181818181818,0.3181818181818182,-0.0352265390378617,-0.1063858686561561,False,1.2103315645402395,0.0
2007-09-07,1.211120031825812,0.0,6.849671748775097,0.7272727272727273,0.1363636363636363,-0.0088174161424786,-0.1249192578444081,False,1.211120031825812,0.0
2007-09-10,1.2113942813164458,0.0,6.858348441975097,0.6363636363636364,0.2272727272727272,-0.0099831674026442,-0.1329351031735521,False,1.2113942813164458,0.0
2007-09-11,1.2100744556427698,0.0,6.9258893185750985,0.5909090909090909,0.4090909090909091,-0.000624116757914,-0.1197944535985084,False,1.2100744556427698,0.0
2007-09-12,1.211925639704549,0.0,6.916661146520096,0.6086956521739131,0.3478260869565217,0.0204975980185682,-0.113548719482586,False,1.211925639704549,0.0
2007-09-13,1.211651390213915,0.0,6.924687491008125,0.5416666666666666,0.375,0.0505815478436173,-0.1152362457864496,True,1.211651390213915,0.0
2007-09-14,1.2124398574994877,0.0,6.938222204808127,0.4583333333333333,0.375,0.0742966992570162,-0.107840430181461,True,1.2124398574994877,0.0
2007-09-17,1.2129712158875912,0.0,6.916477245508124,0.5416666666666666,0.3333333333333333,0.0475126213629433,-0.0981706274948669,True,1.2129712158875912,0.0
2007-09-18,1.2399023782969432,1.0,7.124356854023325,0.4,0.52,0.0704000268253031,-0.0720777541259823,True,1.2399023782969432,1.0
2007-09-19,1.2473404726129762,1.0,7.167095410823326,0.4,0.52,0.0607867207669974,-0.0346396053201846,True,1.2473404726129762,1.0
2007-09-20,1.2423849736151469,1.0,7.138621602023326,0.44,0.52,0.0412356577440655,-0.0325812941773153,True,1.2423849736151469,1.0
2007-09-21,1.2492550662455884,1.0,7.178096477123324,0.4,0.52,0.0475673656074921,-0.000915038225037,True,1.2492550662455884,1.0
2007-09-24,1.2465690942921728,1.0,7.162663147023325,0.44,0.48,0.0338263163643584,0.011050529827735,True,1.2465690942921728,1.0
2007-09-25,1.2501410792164145,1.0,7.183187420323327,0.36,0.48,0.0449930484965725,-0.0096923512522677,True,1.2501410792164147,1.0
2007-09-26,1.2624601892999454,1.0,7.253971812623326,0.32,0.52,0.0775534050494199,0.0051752259735191,True,1.2624601892999456,1.0
2007-09-27,1.274065185515214,1.0,7.320652977023323,0.36,0.56,0.072886093715224,0.0270256138156399,True,1.2740651855152143,1.0
2007-09-28,1.2726457081724405,1.0,7.312496800123322,0.32,0.6,0.0740389894829591,0.022560255193333,True,1.2726457081724407,1.0
2007-10-01,1.288581940197087,1.0,7.404064818573325,0.32,0.56,0.073576971651921,0.0645851992482204,True,1.2885819401970875,1.0
2007-10-02,1.2859807672009038,1.0,7.389118734923326,0.36,0.48,0.0615144198598283,0.0529798302658846,True,1.2859807672009043,1.0
2007-10-03,1.2720966584478683,1.0,7.309342014523324,0.4,0.4,0.0542774627599715,0.0300544060520311,True,1.2720966584478688,1.0
2007-10-04,1.281953181509773,1.0,7.365976624523325,0.36,0.52,0.0622590785735583,0.0248393676738638,True,1.2819531815097736,1.0
2007-10-05,1.2973969648416797,1.0,7.454715081323323,0.36,0.56,0.0883317266490069,0.0787354529140802,True,1.29739696484168,1.0
2007-10-08,1.301017077479763,1.0,7.475515891723324,0.32,0.6,0.0899877652717353,0.0791062349441935,True,1.3010170774797634,1.0
2007-10-09,1.3227170742553127,1.0,7.600201934323323,0.28,0.64,0.0973611596621579,0.0966762781729289,True,1.3227170742553132,1.0
2007-10-10,1.3246955859298537,1.0,7.611570267392127,0.2916666666666667,0.5,0.1004688687433608,0.1230258372468107,True,1.3246955859298541,1.0
2007-10-11,1.3125620305259778,1.0,7.541852053992125,0.25,0.5,0.0891252585456603,0.14421489991848,True,1.3125620305259782,1.0
2007-10-12,1.331659116588449,1.0,7.6515820281921245,0.2083333333333333,0.5833333333333334,0.1028159379054833,0.1847515219798912,True,1.3316591165884497,1.0
2007-10-15,1.3305530173153384,1.0,7.645226490792124,0.2916666666666667,0.5416666666666666,0.1053642221923427,0.157882973949512,True,1.330553017315339,1.0
2007-10-16,1.330549770914367,1.0,7.645207837292126,0.3333333333333333,0.5416666666666666,0.0731084916071633,0.1486553582027683,True,1.3305497709143677,1.0
2007-10-17,1.330233698715649,1.0,7.643391717592124,0.375,0.5833333333333334,0.0664559740685917,0.1312823355745953,True,1.3302336987156496,1.0
2007-10-18,1.3460440102130191,1.0,7.734236209103826,0.375,0.5416666666666666,0.0834355202286787,0.1281116965285922,True,1.34604401021302,1.0
2007-10-19,1.314572513009031,1.0,7.553404088175423,0.391304347826087,0.391304347826087,0.0522851165693034,0.1023395474324782,True,1.314572513009032,1.0
2007-10-22,1.313405005808196,1.0,7.546695706875423,0.391304347826087,0.5217391304347826,0.0536158900634178,0.089255834487218,True,1.313405005808197,1.0
2007-10-23,1.3372946252989193,1.0,7.683963105775423,0.391304347826087,0.5217391304347826,0.0697149685994906,0.1178447060591971,True,1.3372946252989202,1.0
2007-10-24,1.3327085974318118,1.0,7.657612241675423,0.4347826086956521,0.5652173913043478,0.0556440581075436,0.1375128493339714,True,1.3327085974318127,1.0
2007-10-25,1.3446725628399114,1.0,7.726356007675426,0.4347826086956521,0.5217391304347826,0.0554189676693386,0.132344333455711,True,1.3446725628399123,1.0
2007-10-26,1.353308528539317,1.0,7.775977415375423,0.4347826086956521,0.4347826086956521,0.063381992214244,0.1421137203521625,True,1.3533085285393178,1.0
2007-10-29,1.3704822805999632,1.0,7.874656101975425,0.3478260869565217,0.5652173913043478,0.063558504001965,0.141811917901077,True,1.3704822805999641,1.0
2007-10-30,1.3508081912878145,1.0,7.761610723975426,0.391304347826087,0.5652173913043478,0.0504108815157597,0.1150262975066527,True,1.3508081912878154,1.0
2007-10-31,1.3783609982766445,1.0,7.919926437175425,0.4347826086956521,0.5217391304347826,0.0835347999093349,0.1423463196605472,True,1.3783609982766454,1.0
2007-11-01,1.346304940493273,1.0,7.735735488775424,0.4782608695652174,0.4782608695652174,0.0501982130952018,0.1155825861621067,True,1.3463049404932739,1.0
2007-11-02,1.3606350498137108,1.0,7.818074884475425,0.391304347826087,0.4782608695652174,0.0487422791063396,0.1413794954296172,True,1.3606350498137116,1.0
2007-11-05,1.3365214150462397,1.0,7.679520315875424,0.4782608695652174,0.4782608695652174,0.0272896783455396,0.1197331807865746,True,1.3365214150462406,1.0
2007-11-06,1.359764998916208,1.0,7.813075657775426,0.4782608695652174,0.4782608695652174,0.0280089562476941,0.1280971003710542,True,1.3597649989162088,1.0
2007-11-07,1.3316883566102662,1.0,7.651750038475425,0.5217391304347826,0.4347826086956521,0.0052787755577095,0.1062779969097036,True,1.331688356610267,1.0
2007-11-08,1.3276280960373712,1.0,7.628420181425423,0.5217391304347826,0.391304347826087,0.0114783645732583,0.1016266353291917,True,1.327628096037372,1.0
2007-11-09,1.3017455802918565,1.0,7.479701797076325,0.6363636363636364,0.3181818181818182,-0.0224633586208067,0.0780429879995712,False,1.3017455802918574,1.0
2007-11-12,1.2474770267397657,1.0,7.167880037376324,0.7272727272727273,0.1363636363636363,-0.0624371892697639,0.0363483870392939,False,1.2474770267397666,1.0
2007-11-13,1.284284133333402,1.0,7.379370043950325,0.5238095238095238,0.238095238095238,-0.0347718203349667,0.035794555937072,False,1.284284133333403,1.0
2007-11-14,1.291221111709168,1.0,7.419229237950325,0.5714285714285714,0.3333333333333333,-0.0293276189320329,0.035179359653318,False,1.291221111709169,1.0
2007-11-15,1.2776835782015874,1.0,7.341443904750324,0.6666666666666666,0.238095238095238,-0.0507861789753916,0.0284119699900484,False,1.2776835782015883,1.0
2007-11-16,1.2789515195303984,1.0,7.348729370650326,0.6190476190476191,0.1904761904761904,-0.0270970168067014,0.023771329080183,False,1.2789515195303993,1.0
2007-11-19,1.2599930986032566,1.0,7.239796152650324,0.7619047619047619,0.1428571428571428,-0.0406667455725686,0.0107687607309934,False,1.2599930986032575,1.0
2007-11-20,1.259793776797224,1.0,7.238650869199127,0.7272727272727273,0.1818181818181818,-0.0579534584492722,0.0077212866141955,False,1.259793776797225,1.0
2007-11-21,1.2339508476251464,1.0,7.090159945399126,0.8636363636363636,0.0454545454545454,-0.0741030334740667,-0.0225823688670991,False,1.2339508476251473,1.0
2007-11-23,1.2537986994724506,1.0,7.204203745799125,0.8181818181818182,0.0454545454545454,-0.0675806630392891,-0.0159069459499974,False,1.2537986994724515,1.0
2007-11-26,1.2466267814940128,1.0,7.1629946119991255,0.8181818181818182,0.0,-0.0788303219816776,-0.0204447526215224,False,1.2466267814940137,1.0
2007-11-27,1.2578571550805162,1.0,7.227523231699125,0.8636363636363636,0.0909090909090909,-0.0821791913063938,-0.0238438737639545,False,1.257857155080517,1.0
2007-11-28,1.3049077125926114,1.0,7.497871097599126,0.6818181818181818,0.2727272727272727,-0.0339800121077464,0.0147179070437455,False,1.3049077125926123,1.0
2007-11-29,1.3047508183032146,1.0,7.496969598476626,0.5909090909090909,0.3181818181818182,-0.0534041372800482,0.0256695587072672,False,1.3047508183032155,1.0
2007-11-30,1.3185817377171196,1.0,7.576440698176622,0.5909090909090909,0.2272727272727272,-0.0205920679203598,0.0285724601613051,False,1.3185817377171205,1.0
2007-12-03,1.328103068673491,1.0,7.631149327376624,0.4545454545454545,0.2727272727272727,-0.0239094099072885,0.0236674700680821,False,1.3281030686734918,1.0
2007-12-04,1.3185343842595114,1.0,7.576168609876626,0.6363636363636364,0.3181818181818182,-0.0134580939626066,0.0134643173275494,False,1.3185343842595123,1.0
2007-12-05,1.33588780275053,1.0,7.675879642076625,0.5454545454545454,0.3181818181818182,-0.0175597961299998,0.0099573285561707,False,1.3358878027505308,1.0
2007-12-06,1.3506288071562629,1.0,7.760580000436626,0.5,0.3181818181818182,0.0142228851457468,0.019576740121924,True,1.3506288071562635,1.0
2007-12-07,1.3583096237354446,1.0,7.804713215436625,0.4090909090909091,0.4090909090909091,0.0231100319356374,0.0348536618807524,True,1.358309623735445,1.0
2007-12-10,1.3626659035612636,1.0,7.829743969936626,0.5,0.3636363636363636,0.0467989476528496,0.0232843274878407,True,1.362665903561264,1.0
2007-12-11,1.3396530366319055,1.0,7.697514304836626,0.4545454545454545,0.3181818181818182,0.073889945799674,0.0068392759988833,True,1.339653036631906,1.0
2007-12-12,1.34590822794118,1.0,7.733456017553288,0.3043478260869565,0.391304347826087,0.0479832250577061,0.0115429406419405,True,1.3459082279411805,1.0
2007-12-13,1.3498351683624428,1.0,7.756019830152787,0.4166666666666667,0.375,0.0453942830718498,0.0147353579041928,True,1.3498351683624432,1.0
2007-12-14,1.3390674217428529,1.0,7.694149419405587,0.36,0.4,0.0480430715307982,-0.0051830314738841,True,1.3390674217428533,1.0
2007-12-17,1.3044373117992154,1.0,7.495168221005588,0.48,0.28,0.0199270980014742,-0.0077098837146818,True,1.3044373117992158,1.0
2007-12-18,1.3032464042317824,1.0,7.488325383505588,0.52,0.32,0.034328208365961,-0.0077345537221882,True,1.3032464042317828,1.0
2007-12-19,1.3135803486568445,1.0,7.5477032096009875,0.4166666666666667,0.375,0.0426947432589817,-0.0177330232197523,True,1.313580348656845,1.0
2007-12-20,1.326489110350146,1.0,7.621875681931386,0.391304347826087,0.4782608695652174,0.0749934755530157,-0.0046668019502927,True,1.3264891103501464,1.0
2007-12-21,1.3372591838493657,1.0,7.683759462699587,0.3636363636363636,0.4545454545454545,0.0665660958270506,-0.0055131481041673,True,1.3372591838493662,1.0
2007-12-24,1.3435054511570883,1.0,7.719649898982936,0.3333333333333333,0.4761904761904761,0.0777126491274091,-0.0072437860070312,True,1.3435054511570887,1.0
2007-12-26,1.3487104014057545,1.0,7.749557030082939,0.3809523809523809,0.5238095238095238,0.0722285880859201,-0.0158862901785773,True,1.348710401405755,1.0
2007-12-27,1.341668876266203,1.0,7.709097120682938,0.3809523809523809,0.4761904761904761,0.0281714663181458,-0.0067658125561843,True,1.3416688762662035,1.0
2007-12-28,1.3428763725275228,1.0,7.7160352751829375,0.4285714285714285,0.4761904761904761,0.0292205635662208,-0.0257440727019181,True,1.3428763725275232,1.0
2007-12-31,1.3390096482974787,1.0,7.693817458882939,0.4285714285714285,0.4761904761904761,0.0154923354358946,-0.005418751708006,True,1.3390096482974791,1.0
2008-01-02,1.334400462984752,1.0,7.667333534382939,0.4285714285714285,0.4285714285714285,0.0047416457802109,-0.0192811340796718,True,1.3344004629847523,1.0
2008-01-03,1.3240919420545176,1.0,7.608101789182938,0.4761904761904761,0.3809523809523809,0.0042149509799298,-0.0092998681890125,True,1.324091942054518,1.0
2008-01-04,1.2921395204728447,1.0,7.424506324182937,0.6666666666666666,0.2857142857142857,-0.0327484704835315,-0.0497332101482712,False,1.2921395204728452,1.0
2008-01-07,1.278912326364634,1.0,7.348504170582938,0.7619047619047619,0.238095238095238,-0.0530985866817304,-0.0396309166357592,False,1.2789123263646345,1.0
2008-01-08,1.2678629196616322,1.0,7.285015368758438,0.8,0.2,-0.0665876928892529,-0.0450165046628066,False,1.2678629196616327,1.0
2008-01-09,1.2725999734827875,1.0,7.3122340131044385,0.75,0.25,-0.0660953868758975,-0.0223896337735478,False,1.272599973482788,1.0
2008-01-10,1.2767786924580349,1.0,7.336244520458439,0.7368421052631579,0.1578947368421052,-0.0469333047099618,0.0234887417484936,False,1.2767786924580353,1.0
2008-01-11,1.266243060740243,1.0,7.275707819058436,0.6842105263157895,0.2105263157894736,-0.0591906383712355,-0.0140475710358057,False,1.2662430607402435,1.0
2008-01-14,1.2811910848022598,1.0,7.361597691958438,0.7368421052631579,0.2631578947368421,-0.050853678411312,-0.00776786161251,False,1.2811910848022603,1.0
2008-01-15,1.248578129718002,1.0,7.174206866558437,0.7368421052631579,0.2105263157894736,-0.0675763524342003,-0.0227798564371888,False,1.2485781297180025,1.0
2008-01-16,1.2200176593269432,1.0,7.01010121877014,0.8947368421052632,0.1052631578947368,-0.0647172935860228,-0.0460798234362274,False,1.2200176593269436,1.0
2008-01-17,1.1795812104858046,1.0,6.777757369370138,0.8947368421052632,0.1052631578947368,-0.0948901093027563,-0.0638193083808089,False,1.179581210485805,1.0
2008-01-18,1.1945507072264785,1.0,6.863770622165239,0.8235294117647058,0.1176470588235294,-0.0906146636192263,-0.0517886901589665,False,1.194550707226479,1.0
2008-01-22,1.1875767574542442,1.0,6.823698994165238,0.8823529411764706,0.0588235294117647,-0.1047218192837132,-0.0375817969250181,False,1.1875767574542446,1.0
2008-01-23,1.1995736735406937,1.0,6.892632091515238,0.8333333333333334,0.0555555555555555,-0.1029609756818697,-0.0432485900285051,False,1.199573673540694,1.0
2008-01-24,1.2178521586535205,1.0,6.997658465344439,0.8421052631578947,0.1052631578947368,-0.0935264478423586,-0.0230819867402556,False,1.217852158653521,1.0
2008-01-25,1.219597831446231,1.0,7.007688929148139,0.85,0.1,-0.0957303879505562,-0.0304162706232222,False,1.2195978314462315,1.0
2008-01-28,1.2355736467532823,1.0,7.099484389237291,0.7619047619047619,0.1428571428571428,-0.079077059466549,-0.0531333098657033,False,1.2355736467532827,1.0
2008-01-29,1.2397188636477514,1.0,7.123302396937291,0.7619047619047619,0.1428571428571428,-0.0768183214703608,-0.0498424325497149,False,1.2397188636477519,1.0
2008-01-30,1.2259477934679344,1.0,7.044175185037291,0.7619047619047619,0.1904761904761904,-0.0844369231941679,-0.0702527128955722,False,1.2259477934679348,1.0
2008-01-31,1.2546070894337409,1.0,7.2088486748372915,0.7142857142857143,0.238095238095238,-0.0597971716620445,-0.0553390628885135,False,1.2546070894337413,1.0
2008-02-01,1.2723725809871005,1.0,7.310927438237291,0.4761904761904761,0.2857142857142857,-0.0390602490844909,-0.0350099351397161,False,1.2723725809871012,1.0
2008-02-04,1.2845925297281513,1.0,7.381142059237292,0.4761904761904761,0.4285714285714285,-0.0058406933811073,-0.0383978900898444,False,1.284592529728152,1.0
2008-02-05,1.2468149094190215,1.0,7.164075576513293,0.4285714285714285,0.2857142857142857,-0.025097433408004,-0.0768633818464306,False,1.2468149094190222,1.0
2008-02-06,1.2217212559087565,1.0,7.019889916813293,0.7142857142857143,0.1904761904761904,-0.0363932591113159,-0.1005576088396256,False,1.2217212559087571,1.0
2008-02-07,1.2348788787242189,1.0,7.095492320622493,0.4210526315789473,0.3157894736842105,-0.0296409677389314,-0.0937772233847482,False,1.2348788787242195,1.0
2008-02-08,1.2446514857157551,1.0,7.151644757153391,0.4,0.35,-0.0251627059035802,-0.0709150416700422,False,1.2446514857157558,1.0
2008-02-11,1.2637095964316156,1.0,7.261150782853392,0.3,0.4,-0.0020007725113579,-0.0610729838804106,False,1.2637095964316163,1.0
2008-02-12,1.2665765134015556,1.0,7.277623805183393,0.3809523809523809,0.5714285714285714,-0.0114070192760975,-0.0616806087975112,False,1.2665765134015563,1.0
2008-02-13,1.274068968395989,1.0,7.320674713083394,0.3809523809523809,0.4285714285714285,0.0204158939446945,-0.0485400901339717,True,1.2740689683959896,1.0
2008-02-14,1.2732955420936574,1.0,7.316230681783392,0.3809523809523809,0.5714285714285714,0.0436697635967886,-0.0238737189007598,True,1.273295542093658,1.0
2008-02-15,1.2670127504008497,1.0,7.280130379983393,0.3333333333333333,0.4761904761904761,0.0741208313067631,-0.027802611780303,True,1.2670127504008504,1.0
2008-02-19,1.289353153619494,1.0,7.408496134883395,0.1904761904761904,0.4761904761904761,0.0793624295892214,-0.0184436338912367,True,1.2893531536194947,1.0
2008-02-20,1.283911740612895,1.0,7.377230312083392,0.238095238095238,0.4761904761904761,0.0811189529889087,-0.0320977906301931,True,1.2839117406128957,1.0
2008-02-21,1.2795981700811008,1.0,7.352444960977192,0.2272727272727272,0.4545454545454545,0.0667107809261979,-0.0431188018483327,True,1.2795981700811014,1.0
2008-02-22,1.2822829626118482,1.0,7.3678715142307905,0.217391304347826,0.5652173913043478,0.0529052754889101,-0.0455692148420476,True,1.2822829626118488,1.0
2008-02-25,1.3039011188606568,1.0,7.492087309230793,0.2608695652173913,0.6956521739130435,0.0691238416802182,-0.0332237984510181,True,1.3039011188606575,1.0
2008-02-26,1.30889083873788,1.0,7.52075774783079,0.2608695652173913,0.6956521739130435,0.059338585099524,-0.0244307951896011,True,1.3088908387378806,1.0
2008-02-27,1.3000522470600646,1.0,7.46997207123079,0.2608695652173913,0.6956521739130435,0.0486669882837702,-0.0318898495375674,True,1.3000522470600653,1.0
2008-02-28,1.306815597984354,1.0,7.508833619008292,0.2608695652173913,0.6086956521739131,0.0659634977503105,-0.0240431802370191,True,1.3068155979843548,1.0
2008-02-29,1.2728598370256772,1.0,7.313727163408292,0.4347826086956521,0.4347826086956521,0.0145485767979958,-0.0461185586082769,True,1.2728598370256778,1.0
2008-03-03,1.2810539845301547,1.0,7.360809927308291,0.4347826086956521,0.4347826086956521,0.0068230042621004,-0.0325037530683727,True,1.2810539845301554,1.0
2008-03-04,1.2730199178259651,1.0,7.314646971908293,0.3478260869565217,0.3043478260869565,-0.0090087803208965,-0.0147968561784118,False,1.2730199178259658,1.0
2008-03-05,1.2886703791079808,1.0,7.404572979838291,0.4347826086956521,0.391304347826087,0.0335699143255057,0.0076299622282047,True,1.2886703791079814,1.0
2008-03-06,1.2485532977135243,1.0,7.174064184308294,0.5217391304347826,0.3043478260869565,0.021962490768657,-0.0152300549599323,True,1.248553297713525,1.0
2008-03-07,1.2341102933992198,1.0,7.091076105101092,0.7142857142857143,0.1428571428571428,-0.0006223973364843,-0.0302449166160442,False,1.2341102933992205,1.0
2008-03-10,1.1812340955621168,1.0,6.78725468410109,0.9523809523809524,0.0476190476190476,-0.0509519258052941,-0.0748325433846147,False,1.1812340955621174,1.0
2008-03-11,1.2338671916060482,1.0,7.089679266158992,0.5238095238095238,0.1904761904761904,-0.0236149230090794,-0.025568447431623,False,1.2338671916060489,1.0
2008-03-12,1.2334699495443726,1.0,7.08739675242699,0.5909090909090909,0.2727272727272727,-0.0261386213204529,-0.0372474768392975,False,1.2334699495443733,1.0
2008-03-13,1.2585691351544075,1.0,7.231614199026993,0.4545454545454545,0.3636363636363636,-0.0121656155404956,0.0080019064875522,False,1.2585691351544082,1.0
2008-03-14,1.243448822059714,1.0,7.1447343703269945,0.5454545454545454,0.2272727272727272,-0.0234405281784518,0.0192055930941998,False,1.2434488220597146,1.0
2008-03-17,1.2061850500053244,1.0,6.930620409026992,0.6818181818181818,0.1818181818181818,-0.0480087515901326,0.0225536311387699,False,1.206185050005325,1.0
2008-03-18,1.2449388813650608,1.0,7.15329610422699,0.5454545454545454,0.3636363636363636,-0.0344469411888842,0.0421816954556704,False,1.2449388813650615,1.0
2008-03-19,1.1968816512941003,1.0,6.877163997026992,0.7272727272727273,0.2272727272727272,-0.0677851027962792,0.0078351936255496,False,1.196881651294101,1.0
2008-03-20,1.2010339051348975,1.0,6.901022438326993,0.7272727272727273,0.2272727272727272,-0.0613976065167582,0.0012172921317072,False,1.2010339051348982,1.0
2008-03-24,1.220721718542543,1.0,7.01414667362699,0.7272727272727273,0.2272727272727272,-0.048009094610376,0.0023562465021989,False,1.2207217185425436,1.0
2008-03-25,1.2460363177154663,1.0,7.159601865326991,0.7272727272727273,0.2272727272727272,-0.0443782126636665,0.0216780364703372,False,1.246036317715467,1.0
2008-03-26,1.2558896638346049,1.0,7.216218220926992,0.6818181818181818,0.2272727272727272,-0.0404931972435406,0.0164425788253959,False,1.2558896638346055,1.0
2008-03-27,1.260760599634554,1.0,7.244206137926991,0.7272727272727273,0.2727272727272727,-0.0302231295044991,0.0169729900897768,False,1.2607605996345546,1.0
2008-03-28,1.2486226148821609,1.0,7.174462473926992,0.6363636363636364,0.3181818181818182,-0.0445303707668862,0.0184957479715222,False,1.2486226148821615,1.0
2008-03-31,1.2425627789804703,1.0,7.139643254126992,0.7727272727272727,0.2272727272727272,-0.0238023521238622,-0.0096000656737134,False,1.242562778980471,1.0
2008-04-01,1.2716837373208003,1.0,7.306969410426992,0.5909090909090909,0.3636363636363636,-0.0073144827013604,-0.0005413851859065,False,1.2716837373208008,1.0
2008-04-02,1.2730086857186904,1.0,7.314582433326991,0.6363636363636364,0.3636363636363636,-8.823198378582475e-06,-0.0090175240330192,False,1.2730086857186909,1.0
2008-04-03,1.296986146570036,1.0,7.452354560026993,0.5454545454545454,0.3636363636363636,0.0064529825445445,0.0402395229412144,True,1.2969861465700365,1.0
2008-04-04,1.3255346731975126,1.0,7.616391580126991,0.4090909090909091,0.5454545454545454,0.0616564592196138,0.0849730794047098,True,1.325534673197513,1.0
2008-04-07,1.331745414942245,1.0,7.652077890026991,0.3636363636363636,0.5454545454545454,0.0791137729465816,0.078442135408536,True,1.3317454149422454,1.0
2008-04-08,1.334747535272452,1.0,7.669327777538692,0.3636363636363636,0.5909090909090909,0.1299602172736831,0.0723865681202204,True,1.3347475352724525,1.0
2008-04-09,1.3348171435223954,1.0,7.669727739681891,0.3043478260869565,0.6956521739130435,0.0818158976939382,0.0562688985598975,True,1.3348171435223959,1.0
2008-04-10,1.3431033365288256,1.0,7.717339387963593,0.2916666666666667,0.7083333333333334,0.0888820899325111,0.0604202133211417,True,1.343103336528826,1.0
2008-04-11,1.318480089300471,1.0,7.575856636393591,0.32,0.52,0.0476024339645932,0.0348577055136927,True,1.3184800893004713,1.0
2008-04-14,1.3310033472123948,1.0,7.64781404199359,0.32,0.6,0.0704126487551377,0.0453216108994216,True,1.3310033472123952,1.0
2008-04-15,1.3371525432268296,1.0,7.683146716193591,0.28,0.6,0.1085799340830222,0.0553583954098246,True,1.33715254322683,1.0
2008-04-16,1.3982538200248629,1.0,8.034228630193592,0.24,0.68,0.1231505746625036,0.0844614728708428,True,1.3982538200248633,1.0
2008-04-17,1.3850464094269157,1.0,7.958340150693593,0.24,0.72,0.15721250127727,0.0787707329210507,True,1.3850464094269161,1.0
2008-04-18,1.4093038270471598,1.0,8.097720881393592,0.24,0.68,0.1734088613334103,0.1013643657819842,True,1.4093038270471603,1.0
2008-04-21,1.4329126658599676,1.0,8.233374942193592,0.32,0.6,0.1738241763821204,0.1174699404422445,True,1.432912665859968,1.0
2008-04-22,1.4230936762647368,1.0,8.176955995793593,0.36,0.6,0.142096467038693,0.0914122671420276,True,1.4230936762647373,1.0
2008-04-23,1.4017127178195363,1.0,8.054103115993591,0.32,0.6,0.1161113576965755,0.0709164403436122,True,1.4017127178195368,1.0
2008-04-24,1.3651396758873549,1.0,7.843958021893594,0.48,0.36,0.0827905601452458,0.0500652408197268,True,1.3651396758873553,1.0
2008-04-25,1.3974291727081516,1.0,8.029490287993593,0.36,0.48,0.1191765678855931,0.0693392203640363,True,1.3974291727081523,1.0
2008-04-28,1.3932907239423116,1.0,8.005711169293592,0.4,0.52,0.1213040882212117,0.0946144134754443,True,1.3932907239423122,1.0
2008-04-29,1.3504554466045022,1.0,7.759583887793592,0.6,0.36,0.0619428455141364,0.0541752829407897,True,1.350455446604503,1.0
2008-04-30,1.3699239093316011,1.0,7.871447755703592,0.5,0.3333333333333333,0.076130842389497,0.0761213474735933,True,1.3699239093316018,1.0
2008-05-01,1.366605991087176,1.0,7.852383324503591,0.5416666666666666,0.3333333333333333,0.0536781712751934,0.0604775381219997,True,1.3666059910871766,1.0
2008-05-02,1.3848504524431684,1.0,7.957214201179593,0.4583333333333333,0.375,0.044748568592756,0.1091640661069452,True,1.384850452443169,1.0
2008-05-05,1.4229551439172734,1.0,8.17616000257959,0.4166666666666667,0.4583333333333333,0.0684888627748598,0.1530210480603815,True,1.422955143917274,1.0
2008-05-06,1.4405201632186913,1.0,8.277086872179591,0.4166666666666667,0.5,0.0792454191905651,0.2195043883601983,True,1.440520163218692,1.0
2008-05-07,1.428720755993636,1.0,8.209288641279592,0.4583333333333333,0.4583333333333333,0.0703494204632719,0.1579210191446609,True,1.4287207559936366,1.0
2008-05-08,1.4440304162847466,1.0,8.297256440307091,0.4166666666666667,0.4583333333333333,0.075144686943271,0.1707057936986242,True,1.4440304162847473,1.0
2008-05-09,1.4373061014420996,1.0,8.258619190007092,0.4166666666666667,0.4166666666666667,0.0901234786220193,0.1420160095263769,True,1.4373061014421002,1.0
2008-05-12,1.4543264819369333,1.0,8.35641661870709,0.375,0.4583333333333333,0.0926542634042375,0.1695909442641239,True,1.454326481936934,1.0
2008-05-13,1.458566643376871,1.0,8.38078016840709,0.4166666666666667,0.375,0.0908004855280342,0.2092395303443968,True,1.4585666433768716,1.0
2008-05-14,1.450979874651828,1.0,8.337187343107093,0.375,0.4166666666666667,0.0377085003250898,0.1655028984722895,True,1.4509798746518288,1.0
2008-05-15,1.4748068686513025,1.0,8.474094902107094,0.4166666666666667,0.4166666666666667,0.0648068242431874,0.2322077684595651,True,1.474806868651303,1.0
2008-05-16,1.5035928714199154,1.0,8.639496436707091,0.4166666666666667,0.5,0.0669046961791872,0.2519154246948885,True,1.5035928714199158,1.0
2008-05-19,1.4797707139809555,1.0,8.502616668107091,0.4583333333333333,0.4166666666666667,0.0327012589374153,0.2122097047209905,True,1.479770713980956,1.0
2008-05-20,1.4874615856123834,1.0,8.546807658446212,0.5,0.4166666666666667,0.0452309713838352,0.1937545996568994,True,1.4874615856123838,1.0
2008-05-21,1.4757046213708662,1.0,8.479253300746207,0.4583333333333333,0.4583333333333333,0.0527867819209273,0.1750272845347746,True,1.4757046213708667,1.0
2008-05-22,1.4692224532332887,1.0,8.442007401546212,0.4583333333333333,0.375,0.0762433172109511,0.1653461042954231,True,1.4692224532332891,1.0
2008-05-23,1.4495648095217255,1.0,8.32905651834621,0.5416666666666666,0.3333333333333333,0.0373082499147616,0.1609310869790141,True,1.449564809521726,1.0
2008-05-27,1.4489241442158542,1.0,8.325375318646207,0.4583333333333333,0.4166666666666667,0.0399295131429056,0.1660772145490345,True,1.4489241442158547,1.0
2008-05-28,1.49100395039748,1.0,8.567161737346213,0.4583333333333333,0.4166666666666667,0.104074891286761,0.1724644317137738,True,1.4910039503974803,1.0
2008-05-29,1.4825332468224477,1.0,8.518489909523709,0.4583333333333333,0.4166666666666667,0.0822011622133012,0.1645900483274924,True,1.4825332468224481,1.0
2008-05-30,1.506035560887662,1.0,8.653531889623709,0.5,0.5,0.1020261660711481,0.1611809153632599,True,1.5060355608876625,1.0
2008-06-02,1.531060474011844,1.0,8.797322573840711,0.48,0.48,0.105578202549402,0.1550512445808398,True,1.5310604740118445,1.0
2008-06-03,1.525200768901313,1.0,8.763653285840709,0.4,0.52,0.0718544259255891,0.1452645166174331,True,1.5252007689013134,1.0
2008-06-04,1.4937190220485506,1.0,8.58276227144071,0.32,0.44,0.0369303118333257,0.1191022890659612,True,1.493719022048551,1.0
2008-06-05,1.553101059506862,1.0,8.923965605652457,0.25,0.6666666666666666,0.0870571124493275,0.1635309503206155,True,1.5531010595068624,1.0
2008-06-06,1.5321729729442883,1.0,8.803714883052457,0.3333333333333333,0.5833333333333334,0.0610392659777334,0.1407707294541482,True,1.5321729729442888,1.0
2008-06-09,1.5565663785394257,1.0,8.943876987252459,0.3333333333333333,0.5833333333333334,0.0829748631677469,0.1805763250966297,True,1.5565663785394264,1.0
2008-06-10,1.5287379585561736,1.0,8.783977628952462,0.4166666666666667,0.5416666666666666,0.0511655928317662,0.1485605665514719,True,1.5287379585561742,1.0
2008-06-11,1.5410447771653717,1.0,8.854691395652459,0.4166666666666667,0.4583333333333333,0.0565473879188318,0.1524824037252379,True,1.5410447771653726,1.0
2008-06-12,1.5233799498866432,1.0,8.75319103925246,0.4166666666666667,0.4583333333333333,0.0498973669446571,0.0894874221474009,True,1.523379949886644,1.0
2008-06-13,1.5651169055647438,1.0,8.993007472752463,0.4166666666666667,0.5416666666666666,0.0612351615883297,0.130010442186075,True,1.5651169055647447,1.0
2008-06-16,1.5881049340589786,1.0,9.12509441865246,0.4166666666666667,0.5416666666666666,0.0562067460184578,0.126871937463231,True,1.5881049340589795,1.0
2008-06-17,1.6216192369402866,1.0,9.31766429965246,0.4166666666666667,0.5416666666666666,0.0958584472710117,0.1316943981139748,True,1.6216192369402875,1.0
2008-06-18,1.635472053527584,1.0,9.39726121835246,0.4583333333333333,0.5,0.0995054052802748,0.1492371028028791,True,1.6354720535275848,1.0
2008-06-19,1.6128402052643098,1.0,9.26722084895246,0.4583333333333333,0.5,0.0929288842140039,0.1506210828800909,True,1.6128402052643107,1.0
2008-06-20,1.6033024304999353,1.0,9.212417735252464,0.4583333333333333,0.4166666666666667,0.0912591398066229,0.1744603565622489,True,1.6033024304999361,1.0
2008-06-23,1.6174569206226688,1.0,9.29374804035246,0.5,0.4583333333333333,0.1158224247706025,0.1574518066544394,True,1.6174569206226697,1.0
2008-06-24,1.5695965887430374,1.0,9.01874729075246,0.5416666666666666,0.3333333333333333,0.0832841698503752,0.1265391793479173,True,1.5695965887430383,1.0
2008-06-25,1.5620966670524743,1.0,8.97565347995246,0.5416666666666666,0.3333333333333333,0.0476811054967643,0.1567184026545336,True,1.5620966670524752,1.0
2008-06-26,1.5449623357863875,1.0,8.87720130135246,0.5833333333333334,0.125,0.0421097395945391,0.1277723713430107,False,1.5449623357863884,1.0
2008-06-27,1.5682401281095009,1.0,9.01095320165246,0.625,0.2083333333333333,0.0413035182151844,0.1475437238950776,False,1.5682401281095018,1.0
2008-06-30,1.5824283195586863,1.0,9.09247715125246,0.625,0.2916666666666667,0.0335505007272787,0.1426709048380994,False,1.5824283195586872,1.0
2008-07-01,1.5742835000670947,1.0,9.04567782125246,0.5833333333333334,0.2916666666666667,0.0321811607799926,0.1063479455390472,True,1.5742835000670956,1.0
2008-07-02,1.442784012907253,1.0,8.29009472935246,0.9583333333333334,0.0,-0.0340994580570066,0.0015715501569264,False,1.442784012907254,1.0
2008-07-03,1.4375309779157184,0.0,8.205519112852459,1.0,0.0,-0.0805075371811084,-0.000459178449175,False,1.4375309779157193,0.0
2008-07-07,1.4372125349898912,0.0,8.19216745245926,1.0,0.0,-0.0694647019714884,-0.0126655104134567,False,1.437212534989892,0.0
2008-07-08,1.4365955518211009,0.0,8.193441322971761,0.9565217391304348,0.0,-0.0839049626185913,-0.0078921022432171,False,1.4365955518211018,0.0
2008-07-09,1.436913994746928,0.0,8.21871125521176,0.9545454545454546,0.0,-0.0643519823954871,-0.0164789968928854,False,1.436913994746929,0.0
2008-07-10,1.4381678637673727,0.0,8.34807266311176,0.9545454545454546,0.0454545454545454,-0.05721472492982,-0.0039026802562639,False,1.4381678637673736,0.0
2008-07-11,1.4391032898619902,0.0,8.476651575411761,0.8181818181818182,0.0909090909090909,-0.0315929884999192,0.0167279715046793,False,1.439103289861991,0.0
2008-07-14,1.4391032898619902,0.0,8.58511035011176,0.8181818181818182,0.1363636363636363,-0.0453571426329371,0.0131005669970798,False,1.439103289861991,0.0
2008-07-15,1.4394217327878172,0.0,8.41184883601176,0.9090909090909092,0.0909090909090909,-0.0781630906944661,-0.0263496376626897,False,1.439421732787818,0.0
2008-07-16,1.43972027303078,0.0,8.536198289423458,0.8636363636363636,0.0454545454545454,-0.0838693029816656,0.0039495631318215,False,1.439720273030781,0.0
2008-07-17,1.4375309779157175,0.0,8.22250883262346,0.9545454545454546,0.0,-0.1250100809621805,-0.0379438544521674,False,1.4375309779157184,0.0
2008-07-18,1.439421732787817,0.0,8.14043628072346,0.9545454545454546,0.0,-0.1215881855622733,-0.0399583557661769,False,1.439421732787818,0.0
2008-07-21,1.4381678637673725,0.0,8.34281663467512,0.8947368421052632,0.0526315789473684,-0.09439444948851,-0.0117496659447282,False,1.4381678637673736,0.0
2008-07-22,1.438844554984755,0.0,8.18753060757512,0.9473684210526316,0.0,-0.1190281281539226,-0.0169918298020135,False,1.4388445549847562,0.0
2008-07-23,1.439421732787817,0.0,7.927487744375121,0.9473684210526316,0.0,-0.120999015849605,-0.0477921485869765,False,1.439421732787818,0.0
2008-07-24,1.43910328986199,0.0,7.80640594850092,0.9444444444444444,0.0555555555555555,-0.1302687914660596,-0.0887990459581246,False,1.439103289861991,0.0
2008-07-25,1.439421732787817,0.0,7.928380485300919,0.9444444444444444,0.0555555555555555,-0.1068828771413561,-0.0692739476703546,False,1.439421732787818,0.0
2008-07-28,1.439421732787817,0.0,7.86836803140092,0.9444444444444444,0.0555555555555555,-0.1267995898638125,-0.090733340818246,False,1.439421732787818,0.0
2008-07-29,1.439421732787817,0.0,7.988151321900919,0.9444444444444444,0.0,-0.1214548918827279,-0.0919792635938921,False,1.439421732787818,0.0
2008-07-30,1.43972027303078,0.0,8.171153653647721,0.8823529411764706,0.0588235294117647,-0.0966786773623618,-0.0676087486425643,False,1.4397202730307814,0.0
2008-07-31,1.43972027303078,0.0,7.99565706744772,0.8823529411764706,0.0588235294117647,-0.0355168030664636,-0.0684051573869863,False,1.4397202730307814,0.0
2008-08-01,1.4393023166906316,0.0,7.944812479047721,0.7647058823529411,0.1764705882352941,-0.0317721073120635,-0.1097217503824239,False,1.439302316690633,0.0
2008-08-04,1.4396008569335943,0.0,7.61213659669272,0.875,0.125,-0.0708031005387246,-0.1353494862326333,False,1.4396008569335956,0.0
2008-08-05,1.4398396891279652,0.0,7.61238202705422,0.9285714285714286,0.0714285714285714,-0.0709176123942498,-0.148872235395902,False,1.4398396891279666,0.0
2008-08-06,1.4393023166906318,0.0,7.694654925910219,0.8,0.2,-0.0637638083427276,-0.1240124632662743,False,1.4393023166906331,0.0
2008-08-07,1.4402377427852495,0.0,7.62205979483822,0.8,0.1333333333333333,-0.0869677226794665,-0.139206613278408,False,1.4402377427852509,0.0
2008-08-08,1.439919299859422,0.0,7.6355126162676195,0.6875,0.25,-0.0992300971275067,-0.1276881103100307,False,1.4399192998594232,0.0
2008-08-11,1.4402377427852495,0.0,7.55209102226762,0.6875,0.25,-0.1203268549519218,-0.1602263152622319,False,1.4402377427852509,0.0
2008-08-12,1.4393023166906318,0.0,7.536948696494429,0.6428571428571429,0.3571428571428571,-0.1040080672600555,-0.1740415659603178,False,1.4393023166906331,0.0
2008-08-13,1.440556185711077,0.0,7.612033368094429,0.6428571428571429,0.3571428571428571,-0.1082642284064664,-0.1830534860138338,False,1.440556185711078,0.0
2008-08-14,1.4402377427852495,0.0,7.610006620694429,0.6428571428571429,0.3571428571428571,-0.0744909156556791,-0.1901888812207962,False,1.4402377427852506,0.0
2008-08-15,1.4405561857110765,0.0,7.553094049894428,0.7142857142857143,0.2142857142857142,-0.0721511981145111,-0.1849666504118969,False,1.4405561857110776,0.0
2008-08-18,1.439700370347916,0.0,7.552457476694429,0.7857142857142857,0.2142857142857142,-0.0947352905607122,-0.1801872544496099,False,1.4397003703479172,0.0
2008-08-19,1.440874628636904,0.0,7.550442971994428,0.7857142857142857,0.2142857142857142,-0.0778119394132409,-0.1875782580707791,False,1.4408746286369052,0.0
2008-08-20,1.440874628636904,0.0,7.583433553334731,0.6666666666666666,0.2666666666666666,-0.0434001542650772,-0.1591477941608868,False,1.4408746286369052,0.0
2008-08-21,1.441173168879867,0.0,7.614431420654729,0.5,0.375,-0.0245919222126869,-0.1516571536922724,False,1.4411731688798681,0.0
2008-08-22,1.4414916118056944,0.0,7.643134412854929,0.5294117647058824,0.4705882352941176,-0.0359778485624942,-0.1390153097361348,False,1.4414916118056955,0.0
2008-08-25,1.441173168879867,0.0,7.552743586737927,0.5,0.3888888888888889,-0.0401130759775605,-0.1618263442592423,False,1.4411731688798681,0.0
2008-08-26,1.4414916118056944,0.0,7.542836464137931,0.5555555555555556,0.2777777777777778,-0.0557469231387841,-0.1704310784988962,False,1.4414916118056955,0.0
2008-08-27,1.4414916118056944,0.0,7.61310038193793,0.5555555555555556,0.3888888888888889,-0.0682955302719913,-0.1583714860978958,False,1.4414916118056955,0.0
2008-08-28,1.4414916118056944,0.0,7.665149057460429,0.6111111111111112,0.3888888888888889,-0.0413359411489607,-0.0753846237340698,False,1.4414916118056955,0.0
2008-08-29,1.4409542393683608,0.0,7.6304046292259295,0.5263157894736842,0.4210526315789473,-0.0395739799587412,-0.0700887385327903,False,1.4409542393683619,0.0
2008-09-02,1.4419095681458425,0.0,7.50800879802593,0.5789473684210527,0.3684210526315789,-0.0136791815732826,-0.0835137536437867,False,1.4419095681458436,0.0
2008-09-03,1.4419095681458425,0.0,7.43386412282593,0.5789473684210527,0.3157894736842105,-0.0234509912395151,-0.09270551532678,False,1.4419095681458436,0.0
2008-09-04,1.4419095681458425,0.0,7.261209283330327,0.6,0.2,-0.0563307447511842,-0.1165026902817943,False,1.4419095681458436,0.0
2008-09-05,1.4422081083888054,0.0,7.259961866178129,0.5294117647058824,0.2941176470588235,-0.0475065715051605,-0.130342755848514,False,1.4422081083888065,0.0
2008-09-08,1.4422081083888054,0.0,7.170583765341329,0.3888888888888889,0.3888888888888889,-0.0608903258093962,-0.154078269992711,False,1.4422081083888065,0.0
2008-09-09,1.4416707359514722,0.0,7.091730127451031,0.5,0.3888888888888889,-0.0609580702164734,-0.1739500322953086,False,1.4416707359514733,0.0
2008-09-10,1.442526551314633,0.0,7.16230361140243,0.4375,0.5625,-0.0497077929250405,-0.1485458487151996,False,1.4425265513146341,0.0
2008-09-11,1.4422081083888056,0.0,7.217969853502429,0.375,0.5625,-0.0517684954251125,-0.1544280476186154,False,1.4422081083888068,0.0
2008-09-12,1.4428449942404604,0.0,7.24211409455251,0.4117647058823529,0.5882352941176471,-0.048343259668327,-0.1192330416455322,False,1.4428449942404615,0.0
2008-09-15,1.4444173061867325,0.0,7.125770526980108,0.3888888888888889,0.3888888888888889,-0.056575956831928,-0.1246451318765407,False,1.4444173061867336,0.0
2008-09-16,1.4450541920383868,0.0,7.2130632828801104,0.3888888888888889,0.5555555555555556,-0.0449382462412573,-0.1354162989870152,False,1.445054192038388,0.0
2008-09-17,1.4513434398234752,0.0,6.90090767918011,0.6666666666666666,0.2222222222222222,-0.0860261173051076,-0.1571441976906472,False,1.4513434398234764,0.0
2008-09-18,1.4471041683734,0.0,6.985279355981308,0.4705882352941176,0.3529411764705882,-0.0788764341569778,-0.118853339011763,False,1.4471041683734012,0.0
2008-09-19,1.4422081083888056,0.0,7.111970418781308,0.2941176470588235,0.4705882352941176,-0.0659879870360979,-0.0889571378046214,False,1.4422081083888068,0.0
2008-09-22,1.4429644103376456,0.0,7.03822983758131,0.4705882352941176,0.4117647058823529,-0.0791435218326441,-0.112273956751941,False,1.4429644103376467,0.0
2008-09-23,1.4475619300792766,0.0,6.992595326181308,0.5294117647058824,0.2941176470588235,-0.0741648718937312,-0.1113029667301525,False,1.4475619300792777,0.0
2008-09-24,1.4431634371662876,0.0,7.06931094678131,0.4117647058823529,0.4117647058823529,-0.0627781763011801,-0.1150254092709093,False,1.4431634371662887,0.0
2008-09-25,1.44473574911256,0.0,7.137286673681309,0.3529411764705882,0.4117647058823529,-0.062499334618717,-0.1265264396912764,False,1.4447357491125612,0.0
2008-09-26,1.4472434871534494,0.0,7.0965827799813095,0.4705882352941176,0.3529411764705882,-0.0741755017700195,-0.11244532874312,False,1.4472434871534505,0.0
2008-09-29,1.453532734938538,0.0,6.819223006381312,0.7058823529411765,0.0588235294117647,-0.1063091228134395,-0.1416760276765304,False,1.4535327349385392,0.0
2008-09-30,1.4481988159309311,0.0,6.9273502381563095,0.625,0.1875,-0.077338556132525,-0.0899598095538554,False,1.4481988159309322,0.0
2008-10-01,1.447979886419425,0.0,6.893915636856311,0.6875,0.125,-0.0726336232473887,-0.0943812840244351,False,1.4479798864194262,0.0
2008-10-02,1.4473430005677708,0.0,6.772992115156307,0.75,0.0625,-0.0672363444054461,-0.1197796158019244,False,1.4473430005677719,0.0
2008-10-03,1.4473430005677708,0.0,6.683899326355911,0.8571428571428571,0.0714285714285714,-0.0793478740578391,-0.1230849001102886,False,1.4473430005677719,0.0
2008-10-06,1.4470245576419434,0.0,6.542654648855908,1.0,0.0,-0.0875701528682344,-0.1431283035383053,False,1.4470245576419445,0.0
2008-10-07,1.4467260173989802,0.0,6.40616613457051,1.0,0.0,-0.0966709083058314,-0.1517361065059077,False,1.4467260173989813,0.0
2008-10-08,1.445452245695671,0.0,6.346768771499747,0.8571428571428571,0.1428571428571428,-0.1138648798138557,-0.1579127008716745,False,1.4454522456956722,0.0
2008-10-09,1.447661443493598,0.0,6.238290384044252,0.9166666666666666,0.0833333333333333,-0.1357278416704387,-0.1804699109449746,False,1.447661443493599,0.0
2008-10-10,1.4489153125140428,0.0,6.247392088344252,0.9166666666666666,0.0833333333333333,-0.1373524351068265,-0.1790556303387072,False,1.448915312514044,0.0
2008-10-13,1.4432629505806092,0.0,6.384403842824253,0.5384615384615384,0.1538461538461538,-0.1040402131038094,-0.1547299953303917,False,1.4432629505806103,0.0
2008-10-14,1.4460493261815976,0.0,6.377486774090749,0.5,0.4285714285714285,-0.1158421153426679,-0.1555746200795483,False,1.4460493261815988,0.0
2008-10-15,1.446208547644511,0.0,6.20929455261835,0.8,0.2,-0.1002206026677245,-0.1776251306513501,False,1.4462085476445121,0.0
2008-10-16,1.4452930242327575,0.0,6.342194125118349,0.4666666666666667,0.5333333333333333,-0.0920629223385751,-0.1636777614634154,False,1.4452930242327586,0.0
2008-10-17,1.4423076218031272,0.0,6.392985758852648,0.5,0.25,-0.1010950014682237,-0.1604119328580222,False,1.4423076218031283,0.0
2008-10-20,1.4457706886214985,0.0,6.454316503613749,0.5294117647058824,0.2941176470588235,-0.082963095471776,-0.1555406257466459,False,1.4457706886214996,0.0
2008-10-21,1.4457706886214985,0.0,6.45534565523585,0.5625,0.3125,-0.0768312258731628,-0.1452979197425725,False,1.4457706886214996,0.0
2008-10-22,1.4438799337493993,0.0,6.36568868613585,0.625,0.25,-0.099531943911142,-0.1560616862898693,False,1.4438799337494004,0.0
2008-10-23,1.4457706886214985,0.0,6.288821492835848,0.75,0.25,-0.1188778340618109,-0.1739473831507505,False,1.4457706886214996,0.0
2008-10-24,1.4441983766752264,0.0,6.110547146361449,0.8,0.1333333333333333,-0.1389451323531884,-0.2028143092124084,False,1.4441983766752275,0.0
2008-10-27,1.446407574473153,0.0,5.994777825361449,0.8,0.1333333333333333,-0.1209001641753556,-0.2143564965873123,False,1.4464075744731542,0.0
2008-10-28,1.4460891315473257,0.0,6.08618022416145,0.7333333333333333,0.2,-0.1214273834981864,-0.1893749211160114,False,1.4460891315473268,0.0
2008-10-29,1.4445168196010534,0.0,6.082411160715347,0.6666666666666666,0.3333333333333333,-0.1177131428476569,-0.181796834026183,False,1.4445168196010545,0.0
2008-10-30,1.446407574473153,0.0,6.181919642500449,0.5454545454545454,0.3636363636363636,-0.0872690330368437,-0.1486377266810943,False,1.4464075744731542,0.0
2008-10-31,1.4448352625268808,0.0,6.236822549200449,0.4545454545454545,0.3636363636363636,-0.0668886162591576,-0.140929020818162,False,1.4448352625268819,0.0
2008-11-03,1.4444173061867325,0.0,6.22724758716745,0.3,0.5,-0.0482078114490748,-0.1315563988992707,False,1.4444173061867336,0.0
2008-11-04,1.4450541920383868,0.0,6.286886419685915,0.1818181818181818,0.8181818181818182,-0.0186195163189585,-0.1134904590700209,False,1.445054192038388,0.0
2008-11-05,1.4456910778900416,0.0,6.239561778509114,0.1666666666666666,0.6666666666666666,-0.016891586388344,-0.1288331077482257,False,1.4456910778900427,0.0
2008-11-06,1.4479002756879682,0.0,6.226765944609114,0.1666666666666666,0.6666666666666666,-0.0018473714312199,-0.1373244733645355,False,1.4479002756879693,0.0
2008-11-07,1.4479002756879682,0.0,6.248320277777114,0.1538461538461538,0.7692307692307693,0.0001485723034084,-0.1372242695710805,True,1.4479002756879693,0.0
2008-11-10,1.447581832762141,0.0,6.241298546882112,0.2857142857142857,0.6428571428571429,-0.0224148251685213,-0.1241229950851131,False,1.4475818327621421,0.0
2008-11-11,1.447581832762141,0.0,6.206332944328315,0.2666666666666666,0.6,-0.0268371908598487,-0.1395704292434569,False,1.4475818327621421,0.0
2008-11-12,1.447900275687968,0.0,6.097753677174314,0.375,0.5,-0.0179635342628416,-0.116383820700702,False,1.447900275687969,0.0
2008-11-13,1.447900275687968,0.0,6.263170751161315,0.1764705882352941,0.7058823529411765,-0.0124599424738609,-0.1033757660961218,False,1.447900275687969,0.0
2008-11-14,1.447900275687968,0.0,6.161071577961315,0.3529411764705882,0.5294117647058824,-0.0362763487420867,-0.1337039926809674,False,1.447900275687969,0.0
2008-11-17,1.4485172588567583,0.0,6.140518576308315,0.4375,0.4375,-0.0486183048398293,-0.1275478752455027,False,1.4485172588567594,0.0
2008-11-18,1.446944946910486,0.0,6.092258961308316,0.5,0.4375,-0.0562458950022357,-0.1287556798120435,False,1.4469449469104871,0.0
2008-11-19,1.4466265039846589,0.0,5.944826491508313,0.6875,0.25,-0.0661141653917436,-0.1590656379013827,False,1.44662650398466,0.0
2008-11-20,1.4475818327621408,0.0,5.783434173014713,0.7058823529411765,0.2352941176470588,-0.0803628025373062,-0.1896872806943452,False,1.447581832762142,0.0
2008-11-21,1.4472633898363134,0.0,5.88976885593683,0.4666666666666667,0.2666666666666666,-0.0361306909408402,-0.1700556396592414,False,1.4472633898363145,0.0
2008-11-24,1.4475818327621408,0.0,6.017392937101429,0.3571428571428571,0.3571428571428571,0.0037724687050626,-0.1175837875560814,True,1.447581832762142,0.0
2008-11-25,1.4478604703222395,0.0,6.05168667871793,0.2666666666666666,0.6,-0.0056675195562866,-0.1264067109838283,False,1.4478604703222406,0.0
2008-11-26,1.4485172588567583,0.0,6.11017725521793,0.3333333333333333,0.6666666666666666,0.0045649815129098,-0.1136855196556732,True,1.4485172588567594,0.0
2008-11-28,1.444118765943769,0.0,6.123174961503929,0.3571428571428571,0.6428571428571429,-0.0095026600787,-0.0959424051591978,False,1.4441187659437702,0.0
2008-12-01,1.4480793998337458,0.0,5.90822321066493,0.6,0.3333333333333333,-0.0526869789774032,-0.116051436117887,False,1.4480793998337471,0.0
2008-12-02,1.449353171537055,0.0,6.041772428722431,0.5625,0.3125,-0.0297844522557975,-0.0765564204464108,False,1.4493531715370562,0.0
2008-12-03,1.4471439737391285,0.0,6.122790198897922,0.5294117647058824,0.4705882352941176,-0.02610134967194,-0.0442348714847349,False,1.4471439737391298,0.0
2008-12-04,1.4465070878874735,0.0,6.06938614569532,0.5,0.3888888888888889,-0.0272736513964696,-0.0437045425461246,False,1.4465070878874748,0.0
2008-12-05,1.4465070878874735,0.0,6.18867867810732,0.4736842105263157,0.5263157894736842,-0.0061167011640719,-0.0079527727763081,False,1.4465070878874748,0.0
2008-12-08,1.446825530813301,0.0,6.223968434294321,0.45,0.55,-0.0038973423896664,-0.0037493491233939,False,1.4468255308133022,0.0
2008-12-09,1.4461886449616463,0.0,6.08355361489432,0.5,0.4,-0.0252743769269929,-0.0471226813554523,False,1.4461886449616477,0.0
2008-12-10,1.447143973739128,0.0,6.095911295394321,0.5,0.45,-0.0177917701039392,-0.0441514798337741,False,1.4471439737391294,0.0
2008-12-11,1.445571661792856,0.0,6.00875927714432,0.55,0.3,-0.0145946203703055,-0.032295983670072,False,1.4455716617928573,0.0
2008-12-12,1.4461886449616463,0.0,6.10692032264432,0.4,0.45,-0.0249474962003907,-0.0370965943067279,False,1.4461886449616477,0.0
2008-12-15,1.4458702020358192,0.0,6.04433193444432,0.65,0.3,-0.018947944694326,-0.0545369311867356,False,1.4458702020358205,0.0
2008-12-16,1.446825530813301,0.0,6.199638296144321,0.35,0.45,0.0096278057140164,-0.0394585867189554,True,1.4468255308133022,0.0
2008-12-17,1.4458702020358192,0.0,6.242658107584321,0.25,0.55,0.0246869260205753,-0.0329475072305417,True,1.4458702020358205,0.0
2008-12-18,1.4448750678926088,0.0,6.26921572474632,0.25,0.55,0.054566644409449,-0.0151551491356534,True,1.44487506789261,0.0
2008-12-19,1.445870202035819,0.0,6.25038385244632,0.2,0.7,0.0807391707872073,-0.006112057789097,True,1.4458702020358203,0.0
2008-12-22,1.4477808595907822,0.0,6.204908597266321,0.2631578947368421,0.6842105263157895,0.0535063003383966,0.015442389796642,True,1.4477808595907835,0.0
2008-12-23,1.4462483530102386,0.0,6.202242351566321,0.2631578947368421,0.5789473684210527,0.0307191862650626,0.0346075421389553,True,1.44624835301024,0.0
2008-12-24,1.4445850581377246,1.0,6.201767786132321,0.3,0.6,0.0247998806584259,0.0189918072935142,True,1.444585058137726,1.0
2008-12-26,1.4559044681472588,1.0,6.25036329939732,0.2857142857142857,0.5714285714285714,0.022943040491939,0.0276127565605446,True,1.4559044681472602,1.0
2008-12-29,1.447730661499319,1.0,6.215272218762293,0.3809523809523809,0.4761904761904761,0.0150407685289699,0.0053951811396166,True,1.4477306614993204,1.0
2008-12-30,1.4786279067828505,1.0,6.347917603262293,0.3333333333333333,0.5714285714285714,0.074420748323061,0.0178127649432782,True,1.478627906782852,1.0
2008-12-31,1.493970136249105,1.0,6.413783537521594,0.1363636363636363,0.7727272727272727,0.0615731746251533,0.029954799089495,True,1.4939701362491065,1.0
2009-01-02,1.5017250389045456,1.0,6.447076215721592,0.2272727272727272,0.7272727272727273,0.0529637642789131,0.025479988875587,True,1.5017250389045471,1.0
2009-01-05,1.5053259744763148,1.0,6.462535441263994,0.1904761904761904,0.7142857142857143,0.064775792169281,0.0357354683982562,True,1.5053259744763163,1.0
2009-01-06,1.488105867935945,1.0,6.388607567363992,0.238095238095238,0.5714285714285714,0.0323055856759744,0.0259912808983922,True,1.4881058679359465,1.0
2009-01-07,1.4956240239570493,1.0,6.420883865363993,0.1904761904761904,0.6190476190476191,0.0316382438549431,0.027617596396366,True,1.495624023957051,1.0
2009-01-08,1.5064064517970268,1.0,6.467174053163993,0.2857142857142857,0.6190476190476191,0.0630586105677541,0.0361904665487793,True,1.5064064517970286,1.0
2009-01-09,1.4790655920082345,1.0,6.349796635663993,0.3809523809523809,0.4761904761904761,0.041648463694262,0.0231156936990921,True,1.4790655920082363,1.0
2009-01-12,1.4670351326982891,1.0,6.298148506963994,0.3809523809523809,0.3333333333333333,0.0481612287116295,0.0328637134917102,True,1.467035132698291,1.0
2009-01-13,1.4736088366917193,1.0,6.326370165101993,0.35,0.55,0.035934616936782,0.0100906420168984,True,1.473608836691721,1.0
2009-01-14,1.445727230906825,1.0,6.206671263601994,0.45,0.45,0.026858109534416,0.0074012588660377,True,1.4457272309068265,1.0
2009-01-15,1.4901254489227362,1.0,6.397277858001993,0.35,0.55,0.0318792084984358,0.0418139410381919,True,1.4901254489227378,1.0
2009-01-16,1.517451090921876,1.0,6.514589943801993,0.35,0.55,0.0435602641585155,0.0693225591978088,True,1.5174510909218775,1.0
2009-01-20,1.472352364937329,1.0,6.320975989101993,0.45,0.4,0.0082562582990024,0.0632734190192056,True,1.4723523649373305,1.0
2009-01-21,1.494480134021113,1.0,6.415973015901993,0.45,0.45,0.026492639070617,0.1093708035683507,True,1.4944801340211145,1.0
2009-01-22,1.507034519560278,1.0,6.46987041943173,0.4285714285714285,0.4761904761904761,0.0427019702243707,0.0984930950066338,True,1.5070345195602795,1.0
2009-01-23,1.4991379678002372,1.0,6.43596962553173,0.3809523809523809,0.5238095238095238,0.0376843181412256,0.0695611359945405,True,1.4991379678002388,1.0
2009-01-26,1.4907178188400831,1.0,6.399820969361328,0.3181818181818182,0.4545454545454545,0.0319349562993749,0.0575268200628575,True,1.4907178188400847,1.0
2009-01-27,1.4867706349795191,1.0,6.382875260574928,0.3333333333333333,0.5238095238095238,0.0212006814372509,0.0446301300218616,True,1.4867706349795207,1.0
2009-01-28,1.5128065462628977,1.0,6.494650385874929,0.3333333333333333,0.5714285714285714,0.044950270443387,0.0606671255854105,True,1.5128065462628992,1.0
2009-01-29,1.4930694978336607,1.0,6.409916994474931,0.2857142857142857,0.5238095238095238,0.0097668865740752,0.0849144939047652,True,1.4930694978336623,1.0
2009-01-30,1.4701784280279944,1.0,6.31164303095083,0.4761904761904761,0.3809523809523809,-0.0159251564966649,0.0446674556865864,False,1.470178428027996,1.0
2009-02-02,1.4856248114441406,1.0,6.377956109950828,0.3809523809523809,0.4761904761904761,-0.0107211553668638,0.0416747761664011,False,1.4856248114441422,1.0
2009-02-03,1.5161650734548775,1.0,6.509068924700829,0.3809523809523809,0.4761904761904761,0.00720049953455,0.072442709765196,True,1.5161650734548788,1.0
2009-02-04,1.4952247097076456,1.0,6.4191695639218285,0.35,0.45,0.004783827498493,0.037243957523579,True,1.495224709707647,1.0
2009-02-05,1.492200285179966,1.0,6.406185365794006,0.3,0.55,-0.0022891707556453,0.029276647756705,False,1.4922002851799674,1.0
2009-02-06,1.5021452949547585,1.0,6.448880422694006,0.35,0.55,-0.0028286899841573,0.0600515473234688,False,1.5021452949547598,1.0
2009-02-09,1.4970454726006992,1.0,6.426986305894006,0.35,0.55,0.0121562428939019,0.0543109954289893,True,1.4970454726007005,1.0
2009-02-10,1.459304699842473,1.0,6.264960880394006,0.45,0.45,-0.0052694258532156,0.0426380208347181,False,1.4593046998424744,1.0
2009-02-11,1.4632339517284751,1.0,6.281829605176208,0.4210526315789473,0.5263157894736842,-0.0070404606059069,0.0286411600759435,False,1.4632339517284765,1.0
2009-02-12,1.4628805516522525,1.0,6.280312418496207,0.3157894736842105,0.3684210526315789,0.0118648389396858,0.039041615617952,True,1.4628805516522538,1.0
2009-02-13,1.468023729169916,1.0,6.302392663939507,0.25,0.6,-0.0148321201874637,0.0165742520590421,False,1.4680237291699174,1.0
2009-02-17,1.4419669056517408,1.0,6.190527760039506,0.4,0.5,-0.0497440647159689,-0.0083506651567991,False,1.4419669056517421,1.0
2009-02-18,1.4321811761943983,1.0,6.148516511639506,0.45,0.35,-0.0272836786217547,-0.0192526814208005,False,1.4321811761943997,1.0
2009-02-19,1.3884307342326856,1.0,5.960690893439506,0.65,0.25,-0.07096072900152,-0.0463480269125282,False,1.388430734232687,1.0
2009-02-20,1.397887211810578,1.0,6.001288626111932,0.631578947368421,0.3157894736842105,-0.0724252207451404,-0.0328159501405223,False,1.3978872118105794,1.0
2009-02-23,1.3749181031575686,1.0,5.902679632949532,0.7222222222222222,0.2222222222222222,-0.0828608622493519,-0.0482990992025871,False,1.37491810315757,1.0
2009-02-24,1.3898209549536895,1.0,5.96665926894953,0.6666666666666666,0.2222222222222222,-0.0676834090337101,-0.0379099194440194,False,1.3898209549536908,1.0
2009-02-25,1.381864839570898,1.0,5.932502761649533,0.6111111111111112,0.3333333333333333,-0.0705595018764049,-0.0508547299608066,False,1.3818648395708992,1.0
2009-02-26,1.3480380976987172,1.0,5.787280715449533,0.8333333333333334,0.1666666666666666,-0.1089157427109299,-0.0688612643579414,False,1.3480380976987185,1.0
2009-02-27,1.349163758913926,1.0,5.792113306942332,0.8947368421052632,0.1052631578947368,-0.0963824785976353,-0.0875569487597516,False,1.3491637589139274,1.0
2009-03-02,1.315826396775596,1.0,5.648992223542333,1.0,0.0,-0.1049886383242859,-0.1192418343252648,False,1.3158263967755974,1.0
2009-03-03,1.305923184115542,1.0,5.60647660640483,0.8888888888888888,0.1111111111111111,-0.1209603029946133,-0.130384624159849,False,1.3059231841155434,1.0
2009-03-04,1.3044801111059343,1.0,5.600281330014834,0.8823529411764706,0.1176470588235294,-0.1396186774482135,-0.1334235021356438,False,1.3044801111059356,1.0
2009-03-05,1.2879600307859445,1.0,5.529358748214833,0.8823529411764706,0.0588235294117647,-0.1386177459321327,-0.1344970418184089,False,1.2879600307859458,1.0
2009-03-06,1.2938305437375603,1.0,5.554561527314832,0.8235294117647058,0.1764705882352941,-0.1329377452963571,-0.1349225988531486,False,1.2938305437375617,1.0
2009-03-09,1.2969300167834044,1.0,5.567867917258033,0.7222222222222222,0.2222222222222222,-0.1366147994209408,-0.1390570484902884,False,1.2969300167834057,1.0
2009-03-10,1.3260826844520377,1.0,5.693023631841032,0.6842105263157895,0.2631578947368421,-0.1142001303752394,-0.1034321320046941,False,1.326082684452039,1.0
2009-03-11,1.3198887318308947,1.0,5.666432289491032,0.5789473684210527,0.3684210526315789,-0.0955358863893387,-0.1003018929729046,False,1.319888731830896,1.0
2009-03-12,1.3567666650443997,1.0,5.824753446791033,0.5263157894736842,0.4736842105263157,-0.0727616295113362,-0.079289814731047,False,1.356766665044401,1.0
2009-03-13,1.3675653027511971,1.0,5.871113225391031,0.5263157894736842,0.4210526315789473,-0.0651558657973827,-0.0540640907113587,False,1.3675653027511985,1.0
2009-03-16,1.3396574631625864,1.0,5.751301699191033,0.65,0.35,-0.0874415470653962,-0.1009767237174081,False,1.3396574631625877,1.0
2009-03-17,1.3716155526269946,1.0,5.888501408291033,0.5,0.4,-0.0487884657747736,-0.0961055938918493,False,1.371615552626996,1.0
2009-03-18,1.384169750579757,1.0,5.942398006491032,0.45,0.55,-0.0335232904975175,-0.0598923304349943,False,1.3841697505797583,1.0
2009-03-19,1.3796239353895818,1.0,5.922882305391034,0.4,0.5,-0.006342987536912,-0.0768536135187653,False,1.3796239353895832,1.0
2009-03-20,1.378381902666046,1.0,5.917550117791034,0.5,0.5,-0.0139534212629846,-0.0853680623930034,False,1.3783819026660473,1.0
2009-03-23,1.4069379351391935,1.0,6.040144409691034,0.4,0.6,0.0232885376285976,-0.0615020329291864,True,1.4069379351391949,1.0
2009-03-24,1.3910652391657166,1.0,5.972001122445433,0.4285714285714285,0.4761904761904761,0.00089528381882,-0.0668487210758005,True,1.391065239165718,1.0
2009-03-25,1.41725985964349,1.0,6.08445760434927,0.3636363636363636,0.5909090909090909,0.0256139522904301,-0.0467528573006734,True,1.4172598596434913,1.0
2009-03-26,1.442204403246813,1.0,6.191547364199268,0.2857142857142857,0.6190476190476191,0.0698543355034633,-0.0466696440404049,True,1.4422044032468144,1.0
2009-03-27,1.4147337692080215,1.0,6.073612811099269,0.3809523809523809,0.4285714285714285,0.0486004829738977,-0.0524662306338039,True,1.4147337692080229,1.0
2009-03-30,1.4317393651898913,1.0,6.146619766799268,0.238095238095238,0.6190476190476191,0.0880913840141359,-0.0261458487658959,True,1.4317393651898926,1.0
2009-03-31,1.428756759617818,1.0,6.13381510219927,0.1904761904761904,0.6190476190476191,0.0940588060586944,-0.0382788786160901,True,1.4287567596178192,1.0
2009-04-01,1.4167810968310737,1.0,6.082402221199268,0.3809523809523809,0.6190476190476191,0.0860886914020722,-0.0655495752829459,True,1.416781096831075,1.0
2009-04-02,1.3994398079895976,1.0,6.007954097912069,0.2727272727272727,0.4545454545454545,0.0865553080367143,-0.0640605395939291,True,1.3994398079895989,1.0
2009-04-03,1.3799267122953298,1.0,5.92418216104846,0.4782608695652174,0.4782608695652174,0.0665436203948772,-0.0752402837606316,True,1.3799267122953311,1.0
2009-04-06,1.378302665706718,1.0,5.917209944521859,0.5,0.4583333333333333,0.0627425133741075,-0.0824438419266027,True,1.3783026657067194,1.0
2009-04-07,1.3482429841635288,1.0,5.78816031632186,0.4583333333333333,0.4166666666666667,0.0167110995198982,-0.0993974405992272,True,1.3482429841635302,1.0
2009-04-08,1.3595823088649617,1.0,5.836841325621857,0.5,0.4583333333333333,0.0300734267039359,-0.0683355511623281,True,1.3595823088649632,1.0
2009-04-09,1.3774513150706034,1.0,5.91355499951186,0.5,0.5,0.0152455470488197,-0.0586253733085804,True,1.377451315070605,1.0
2009-04-13,1.3774456224505671,1.0,5.913530560447259,0.5217391304347826,0.4347826086956521,0.0072247516659675,-0.0584018490813824,True,1.3774456224505687,1.0
2009-04-14,1.3546555570353358,1.0,5.81569022024726,0.6086956521739131,0.3478260869565217,0.0111954692040034,-0.0772250270087137,False,1.3546555570353374,1.0
2009-04-15,1.3535841456987692,1.0,5.81109052964726,0.5217391304347826,0.4347826086956521,-0.0131461085387154,-0.0612931958469764,False,1.3535841456987707,1.0
2009-04-16,1.3760260158336406,1.0,5.9074360279472575,0.5217391304347826,0.4347826086956521,-0.0058834797846902,-0.0392095366802494,False,1.3760260158336421,1.0
2009-04-17,1.3771998267894745,1.0,5.912475331747259,0.5454545454545454,0.3636363636363636,-0.0017570792575605,-0.0080889216626406,False,1.377199826789476,1.0
2009-04-20,1.3650804096283424,1.0,5.86044529688486,0.5714285714285714,0.3809523809523809,-0.0096500781183904,-0.0234688477761684,False,1.365080409628344,1.0
2009-04-21,1.352537853552418,1.0,5.80659867858486,0.6190476190476191,0.3809523809523809,-0.0386655873213005,-0.0162775146779668,False,1.3525378535524195,1.0
2009-04-22,1.346465171085356,1.0,5.780527962784859,0.6190476190476191,0.3333333333333333,-0.032061809054411,-0.0311952296544395,False,1.3464651710853575,1.0
2009-04-23,1.341904502992214,1.0,5.760948496484859,0.6666666666666666,0.2857142857142857,-0.0531697529839242,-0.0289176882097182,False,1.3419045029922156,1.0
2009-04-24,1.348695121757709,1.0,5.790101394384859,0.6190476190476191,0.2857142857142857,-0.064837745106441,0.0004873927970687,False,1.3486951217577106,1.0
2009-04-27,1.3506823458934252,1.0,5.798632773384858,0.6666666666666666,0.2857142857142857,-0.0452745419022919,0.0011255764687323,False,1.3506823458934267,1.0
2009-04-28,1.353356203293567,1.0,5.81011194700326,0.6818181818181818,0.3181818181818182,-0.054746809232229,0.0285218525862818,False,1.3533562032935686,1.0
2009-04-29,1.3523948349798465,1.0,5.805984683603259,0.6363636363636364,0.2727272727272727,-0.0534464135507553,0.0355852866612358,False,1.352394834979848,1.0
2009-04-30,1.3347682496562243,1.0,5.730311750103258,0.7727272727272727,0.1818181818181818,-0.0578867457776556,0.0232185514308937,False,1.3347682496562259,1.0
2009-05-01,1.3177080666494525,1.0,5.657070446103259,0.7727272727272727,0.1818181818181818,-0.0584031845267846,0.0230970178828888,False,1.317708066649454,1.0
2009-05-04,1.3366375709305258,1.0,5.73833695872326,0.6818181818181818,0.2727272727272727,-0.0313706090179221,0.0330854974789105,False,1.3366375709305274,1.0
2009-05-05,1.3270343302097098,1.0,5.697109155203259,0.6363636363636364,0.3181818181818182,-0.0371967179434571,0.02321197985761,False,1.3270343302097114,1.0
2009-05-06,1.3192864281815224,1.0,5.663846531491461,0.5714285714285714,0.4285714285714285,-0.0214772532267031,-0.0051250622228904,False,1.319286428181524,1.0
2009-05-07,1.3008321460355494,1.0,5.584620201491458,0.6666666666666666,0.3333333333333333,-0.0432119206364629,-0.0144380244605238,False,1.300832146035551,1.0
2009-05-08,1.320471659413257,1.0,5.66893486383346,0.5555555555555556,0.3333333333333333,-0.0413660033091081,-0.026751103609959,False,1.3204716594132586,1.0
2009-05-11,1.3376210550135077,1.0,5.74255916763346,0.4444444444444444,0.3333333333333333,-0.0289118980727594,-0.0218960276905594,False,1.3376210550135095,1.0
2009-05-12,1.3408169271984332,1.0,5.75627941003346,0.5,0.3333333333333333,-0.0102156077720511,0.0008654929097402,False,1.340816927198435,1.0
2009-05-13,1.3150387559158354,1.0,5.645610791840834,0.4736842105263157,0.3684210526315789,-0.0284765375727972,-0.0412482904577737,False,1.3150387559158372,1.0
2009-05-14,1.3134374054436695,1.0,5.638736012320833,0.5789473684210527,0.3157894736842105,-0.0454850487343818,-0.0511009181543378,False,1.3134374054436713,1.0
2009-05-15,1.3139008594485766,1.0,5.6407256730208335,0.5789473684210527,0.3157894736842105,-0.0459620790749443,-0.0476383993167279,False,1.3139008594485784,1.0
2009-05-18,1.3172672714712668,1.0,5.655178062320833,0.5789473684210527,0.3157894736842105,-0.0350258767321208,-0.0443379524038812,False,1.3172672714712685,1.0
2009-05-19,1.3288998888366963,1.0,5.705118210350833,0.45,0.45,-0.01747674910069,-0.0554665876535455,False,1.3288998888366983,1.0
2009-05-20,1.3197717426756943,1.0,5.665930041755633,0.5238095238095238,0.4285714285714285,-0.0198248190765635,-0.0512510085672035,False,1.3197717426756963,1.0
2009-05-21,1.3071120973389978,1.0,5.611580745955634,0.5238095238095238,0.2857142857142857,-0.0259276316426652,-0.0777188188566907,False,1.3071120973389998,1.0
2009-05-22,1.3080536742827356,1.0,5.615623042755634,0.5714285714285714,0.3333333333333333,-0.0301339026287917,-0.0930178334375249,False,1.3080536742827376,1.0
2009-05-26,1.3466674718041245,1.0,5.781396462755632,0.4285714285714285,0.5238095238095238,-0.0029724783932411,-0.0481124426979645,False,1.3466674718041267,1.0
2009-05-27,1.32370225756526,1.0,5.682804188755634,0.5714285714285714,0.3809523809523809,-0.0219114122772261,-0.0754586416015052,False,1.3237022575652622,1.0
2009-05-28,1.3204145279232418,1.0,5.668689591855632,0.6190476190476191,0.3809523809523809,-0.0236471674021744,-0.0758297246646492,False,1.320414527923244,1.0
2009-05-29,1.3390318078634005,1.0,5.748615689905633,0.6,0.4,0.0031942310646615,-0.0548774183545891,True,1.3390318078634027,1.0
2009-06-01,1.3612026553784673,1.0,5.843797657305634,0.55,0.45,0.0330077578105816,-0.0273231848864298,True,1.3612026553784695,1.0
2009-06-02,1.3783123543819942,1.0,5.917251539105633,0.35,0.6,0.0311788209143752,-0.0011698867040914,True,1.3783123543819964,1.0
2009-06-03,1.3635646252914857,1.0,5.853937862505634,0.35,0.35,0.0275277694406013,-0.0106928911783502,True,1.363564625291488,1.0
2009-06-04,1.3643391669168674,1.0,5.857263057705635,0.4,0.5,0.0341493232803469,0.0119386363900311,True,1.3643391669168694,1.0
2009-06-05,1.3493705018381006,1.0,5.793000877805634,0.5,0.4,0.0373133120598825,-0.0075109884559955,True,1.3493705018381026,1.0
2009-06-08,1.3543038566291947,1.0,5.814180330444034,0.3809523809523809,0.4761904761904761,0.0256212974922693,-0.0168045564936876,True,1.3543038566291967,1.0
2009-06-09,1.3626336760744873,1.0,5.849941191744033,0.3809523809523809,0.5238095238095238,0.018699332645244,-0.0107531986269833,True,1.3626336760744893,1.0
2009-06-10,1.3481769040867966,1.0,5.7878766270445325,0.4545454545454545,0.4545454545454545,0.0054891736068261,-0.0047825094097849,True,1.3481769040867986,1.0
2009-06-11,1.3520386510628064,1.0,5.8044555455783335,0.4347826086956521,0.5217391304347826,0.0281359731646866,-0.0011417795050818,True,1.3520386510628084,1.0
2009-06-12,1.3497592397836138,1.0,5.794669773973533,0.4166666666666667,0.5833333333333334,0.027654027660096,-0.0190888658701072,True,1.3497592397836158,1.0
2009-06-15,1.319529205353221,1.0,5.664888801473534,0.5833333333333334,0.3333333333333333,0.0042836914704558,-0.0418752749705862,True,1.3195292053532228,1.0
2009-06-16,1.30653166893585,1.0,5.609088900873532,0.6666666666666666,0.25,-0.0081499045546209,-0.0428903237344332,False,1.3065316689358517,1.0
2009-06-17,1.3254169450792888,1.0,5.690165537073535,0.5,0.2916666666666667,-0.0026209226042274,-0.0200518664981511,False,1.3254169450792905,1.0
2009-06-18,1.323774159792893,1.0,5.683112873188284,0.5217391304347826,0.2608695652173913,0.0030326585937383,-0.0168522823907669,True,1.3237741597928947,1.0
2009-06-19,1.342641250743266,1.0,5.764111438288282,0.391304347826087,0.391304347826087,0.0271814127316227,0.0005490314321248,True,1.3426412507432677,1.0
2009-06-22,1.2987967332373471,1.0,5.575881943088284,0.6086956521739131,0.217391304347826,-0.0070768816504906,-0.0369975302167111,False,1.298796733237349,1.0
2009-06-23,1.2910329304913433,1.0,5.542551055788284,0.6521739130434783,0.1739130434782608,-0.0413127535027247,-0.0441624306288136,False,1.291032930491345,1.0
2009-06-24,1.3135766736336791,1.0,5.639333906483983,0.7272727272727273,0.2727272727272727,-0.0076494422168662,-0.0293932444119877,False,1.3135766736336811,1.0
2009-06-25,1.3528043465690949,1.0,5.807742763383984,0.2727272727272727,0.4090909090909091,0.0245300380758426,0.0003028047569071,True,1.352804346569097,1.0
2009-06-26,1.3529635946488705,1.0,5.808426433483984,0.5,0.3181818181818182,0.0104043732969272,0.0136318383339821,True,1.3529635946488727,1.0
2009-06-29,1.3629618253771028,1.0,5.851349973983984,0.3636363636363636,0.3636363636363636,0.0012923645069928,0.0343427803722242,True,1.3629618253771052,1.0
2009-06-30,1.3576474126432228,1.0,5.828534596301982,0.6086956521739131,0.3478260869565217,-0.0149929307918283,0.0157184282184068,False,1.3576474126432252,1.0
2009-07-01,1.369817601355488,1.0,5.880782599201983,0.5652173913043478,0.3043478260869565,0.0045857570283225,0.0322397621311103,True,1.3698176013554904,1.0
2009-07-02,1.3311754550618984,1.0,5.714887474701984,0.6086956521739131,0.3043478260869565,-0.024307527526247,0.0090117101384601,False,1.3311754550619008,1.0
2009-07-06,1.3232142186872216,1.0,5.680708982401984,0.782608695652174,0.1739130434782608,-0.0193840632467132,0.0172059652122562,False,1.323214218687224,1.0
2009-07-07,1.2998307444022508,1.0,5.580321070501984,0.8260869565217391,0.0869565217391304,-0.0402222233661249,-0.0156314714245195,False,1.2998307444022532,1.0
2009-07-08,1.302163226859019,1.0,5.590334682701983,0.7391304347826086,0.1304347826086956,-0.0443776271475053,-0.0265081265142992,False,1.3021632268590215,1.0
2009-07-09,1.3064894446931072,1.0,5.608907627401984,0.8260869565217391,0.1304347826086956,-0.0309213570320927,-0.0256019161221743,False,1.3064894446931097,1.0
2009-07-10,1.3026153055069376,1.0,5.592275507701983,0.8260869565217391,0.0869565217391304,-0.03655468393379,-0.0094472123753081,False,1.30261530550694,1.0
2009-07-13,1.3302149506666132,1.0,5.710763920201983,0.7391304347826086,0.1739130434782608,-0.0144798335443391,0.0127737683984081,False,1.3302149506666159,1.0
2009-07-14,1.348035993294232,1.0,5.787271681001984,0.6521739130434783,0.2608695652173913,0.0216037567227473,0.0259799920216061,False,1.3480359932942347,1.0
2009-07-15,1.3809541021679252,1.0,5.928592862501983,0.5217391304347826,0.4347826086956521,0.0569618287880395,0.0483476907655393,True,1.3809541021679281,1.0
2009-07-16,1.399027369403656,1.0,6.006183452201983,0.4782608695652174,0.4347826086956521,0.0555375609144361,0.0527710786614246,True,1.3990273694036588,1.0
2009-07-17,1.4041278219530096,1.0,6.028080274501983,0.391304347826087,0.4782608695652174,0.0607004310861363,0.0639171733638517,True,1.4041278219530124,1.0
2009-07-20,1.4323298526607575,1.0,6.149154796601984,0.2608695652173913,0.5652173913043478,0.0668001239108668,0.0957972583810344,True,1.4323298526607604,1.0
2009-07-21,1.4319672486439197,1.0,6.147598096359184,0.25,0.5,0.1025337622113009,0.0947312612604611,True,1.4319672486439226,1.0
2009-07-22,1.4392447673346829,1.0,6.178841310959183,0.2916666666666667,0.5833333333333334,0.1148009731920103,0.0687454753819312,True,1.4392447673346858,1.0
2009-07-23,1.4568892899289296,1.0,6.254591251199983,0.217391304347826,0.6956521739130435,0.1091010667072915,0.1006170621848494,True,1.4568892899289325,1.0
2009-07-24,1.460197764654333,1.0,6.268794909099983,0.2608695652173913,0.6956521739130435,0.0793857724937112,0.1058631465915049,True,1.4601977646543358,1.0
2009-07-27,1.451785164064565,1.0,6.232678658941283,0.25,0.625,0.0730408192848242,0.0842051365315039,True,1.4517851640645678,1.0
2009-07-28,1.454179571400018,1.0,6.242958121681284,0.3333333333333333,0.5833333333333334,0.0669261195174535,0.0683049769659014,True,1.454179571400021,1.0
2009-07-29,1.4486211443187205,1.0,6.219095162681283,0.3333333333333333,0.5416666666666666,0.0670083637535752,0.0510107812015157,True,1.4486211443187234,1.0
2009-07-30,1.4740312782901632,1.0,6.328183754881284,0.25,0.5833333333333334,0.0760785062416713,0.0810131408146961,True,1.4740312782901661,1.0
2009-07-31,1.4752201986760665,1.0,6.333287925181284,0.25,0.5833333333333334,0.1082086835859437,0.0812708705048521,True,1.4752201986760693,1.0
2009-08-03,1.496693882275619,1.0,6.425476888681283,0.125,0.7083333333333334,0.1311047456552487,0.1091793397268099,True,1.496693882275622,1.0
2009-08-04,1.4724404239809237,1.0,6.321354036581282,0.2083333333333333,0.6666666666666666,0.1327939659236556,0.0872304739984759,True,1.4724404239809266,1.0
2009-08-05,1.4703942092564397,1.0,6.312569404281282,0.25,0.5833333333333334,0.1291934673990251,0.0790825407253925,True,1.4703942092564426,1.0
2009-08-06,1.450982365194959,1.0,6.229232152181283,0.375,0.5416666666666666,0.1105963167852401,0.0762551715553965,True,1.4509823651949618,1.0
2009-08-07,1.4803182007195783,1.0,6.355174227181284,0.2916666666666667,0.5416666666666666,0.1364200884646325,0.0948786113147981,True,1.4803182007195812,1.0
2009-08-10,1.4749634892111083,1.0,6.332185842281283,0.3333333333333333,0.5416666666666666,0.108815901123316,0.092760431443734,True,1.4749634892111112,1.0
2009-08-11,1.4756153092766104,1.0,6.334984179881283,0.2916666666666667,0.5416666666666666,0.0946408824519655,0.1182892377752313,True,1.4756153092766136,1.0
2009-08-12,1.4774002547220395,1.0,6.342647153481283,0.3333333333333333,0.625,0.0698402303180862,0.1307802863480218,True,1.4774002547220426,1.0
2009-08-13,1.4927768991965678,1.0,6.408660835281284,0.3333333333333333,0.5833333333333334,0.067010504471312,0.126269665359731,True,1.492776899196571,1.0
2009-08-14,1.4712641791971208,1.0,6.316304284081283,0.5,0.5,0.0478135652569942,0.1114163003659949,True,1.4712641791971242,1.0
2009-08-17,1.4289181627260497,1.0,6.134508024081284,0.6666666666666666,0.2916666666666667,-0.0023819163779701,0.0642590952237029,False,1.428918162726053,1.0
2009-08-18,1.4538108445759266,1.0,6.241375135531283,0.5,0.375,0.0152542566547473,0.1193520951905962,True,1.45381084457593,1.0
2009-08-19,1.46359925390178,1.0,6.283397888911283,0.4583333333333333,0.4583333333333333,0.0169217127759295,0.1336653150626923,True,1.4635992539017832,1.0
2009-08-20,1.480903604800008,1.0,6.357687433411285,0.4583333333333333,0.4166666666666667,0.0164832805327641,0.1273826907290158,True,1.4809036048000113,1.0
2009-08-21,1.5026627128185015,1.0,6.451101756371285,0.375,0.4583333333333333,0.0290816416735313,0.1107760827568811,True,1.5026627128185048,1.0
2009-08-24,1.4971827355805885,1.0,6.427575591462283,0.48,0.48,0.0312701718131103,0.1065949900663412,True,1.4971827355805918,1.0
2009-08-25,1.5227812490061694,1.0,6.537472918062284,0.4,0.48,0.0471755201045116,0.1172589141187776,True,1.5227812490061727,1.0
2009-08-26,1.5250184523211652,1.0,6.547077486081183,0.4,0.44,0.0527379489813908,0.1232801964039285,True,1.5250184523211685,1.0
2009-08-27,1.541152420987164,1.0,6.616342446681184,0.36,0.48,0.0455357655468882,0.1250785648119377,True,1.5411524209871676,1.0
2009-08-28,1.548230846531097,1.0,6.646730931781184,0.44,0.48,0.0494913558806704,0.1630554339353449,True,1.5482308465311008,1.0
2009-08-31,1.5283467666798902,1.0,6.561366317781182,0.48,0.48,0.021148535969256,0.1550259550537349,True,1.5283467666798938,1.0
2009-09-01,1.4852541363558318,1.0,6.376364759681185,0.6,0.32,0.0087023638893755,0.142651951226812,True,1.4852541363558351,1.0
2009-09-02,1.5059076884114972,1.0,6.465032805281184,0.52,0.36,0.0241523524314044,0.1564661459868859,True,1.5059076884115006,1.0
2009-09-03,1.5178464707161317,1.0,6.516287354181182,0.48,0.48,0.0460819560079135,0.1617747673978884,True,1.517846470716135,1.0
2009-09-04,1.537480579661518,1.0,6.600578814681184,0.44,0.56,0.0386149267867899,0.1803028669797317,True,1.5374805796615214,1.0
2009-09-08,1.5603066471521043,1.0,6.698573715881184,0.28,0.6,0.05786120033835,0.1729733201165604,True,1.5603066471521077,1.0
2009-09-09,1.572881764145913,1.0,6.752560121901184,0.36,0.52,0.0659158618495123,0.1667950796344979,True,1.5728817641459163,1.0
2009-09-10,1.5913990094938926,1.0,6.832056760081184,0.36,0.56,0.0771617267612434,0.152390949848076,True,1.591399009493896,1.0
2009-09-11,1.584474530341491,1.0,6.802329184331184,0.4,0.56,0.061427552365177,0.1325543481089175,True,1.5844745303414944,1.0
2009-09-14,1.5897065099013503,1.0,6.824790667031182,0.32,0.6,0.0805037819712735,0.1321665200609858,True,1.5897065099013536,1.0
2009-09-15,1.6073847484863826,1.0,6.900685353851182,0.36,0.56,0.1248962959641155,0.1222168870532407,True,1.607384748486386,1.0
2009-09-16,1.6237271063914065,1.0,6.970844953131184,0.32,0.64,0.1168764577932723,0.1339135779320959,True,1.6237271063914098,1.0
2009-09-17,1.590161290644073,1.0,6.826743092431183,0.32,0.64,0.0864731492619266,0.1048581358324967,True,1.5901612906440763,1.0
2009-09-18,1.590052743761457,1.0,6.826277088331183,0.32,0.6,0.0737044184426776,0.0914025895811367,True,1.5900527437614604,1.0
2009-09-21,1.5986387195999257,1.0,6.863137658131183,0.28,0.68,0.0638706250994971,0.0948097294056364,True,1.5986387195999288,1.0
2009-09-22,1.6097192835193432,1.0,6.910707777993984,0.2083333333333333,0.75,0.0751655394256962,0.1087861505710732,True,1.6097192835193463,1.0
2009-09-23,1.5873173073102838,1.0,6.814533548850184,0.2608695652173913,0.5652173913043478,0.0423803867733683,0.0915552236661438,True,1.5873173073102866,1.0
2009-09-24,1.5669997780642155,1.0,6.727308087350184,0.3478260869565217,0.5652173913043478,0.0275284051016906,0.0817181457068734,True,1.5669997780642184,1.0
2009-09-25,1.5627374316121525,1.0,6.709009349750185,0.391304347826087,0.4782608695652174,0.014005759800943,0.060179288342433,True,1.5627374316121554,1.0
2009-09-28,1.5858564949355498,1.0,6.808262115350182,0.391304347826087,0.5217391304347826,0.0243023503173027,0.0749964624662635,True,1.5858564949355527,1.0
2009-09-29,1.5931253779126344,1.0,6.839468255850184,0.391304347826087,0.5217391304347826,0.0423847602160774,0.0644296718113113,True,1.5931253779126373,1.0
2009-09-30,1.5973969596199284,1.0,6.857806641450185,0.217391304347826,0.5652173913043478,0.0755041312588069,0.0848635595735478,True,1.5973969596199313,1.0
2009-10-01,1.5565882050260178,1.0,6.6826100213501824,0.391304347826087,0.3478260869565217,0.033654464350322,0.0586196512656056,True,1.5565882050260207,1.0
2009-10-02,1.5480980853042454,1.0,6.646160972750184,0.5217391304347826,0.391304347826087,0.0199306156266525,0.0669310133870841,True,1.5480980853042483,1.0
2009-10-05,1.5780590789165645,1.0,6.774786922450184,0.2608695652173913,0.4347826086956521,0.0263928532118307,0.06602693809309,True,1.5780590789165676,1.0
2009-10-06,1.6100764455449648,1.0,6.912241115150184,0.1739130434782608,0.6956521739130435,0.031897446879241,0.0916042717817526,True,1.6100764455449679,1.0
2009-10-07,1.6121476960615453,1.0,6.921133228950184,0.217391304347826,0.5652173913043478,0.024964325234551,0.0925257320973902,True,1.6121476960615484,1.0
2009-10-08,1.61929408081316,1.0,6.9518134706501815,0.2608695652173913,0.6086956521739131,0.0175286469030409,0.0960429143271111,True,1.619294080813163,1.0
2009-10-09,1.6246132434138756,1.0,6.974649240050181,0.2608695652173913,0.6086956521739131,0.0253325075940056,0.0883161738959548,True,1.6246132434138787,1.0
2009-10-12,1.6150326611010704,1.0,6.933518711650184,0.2608695652173913,0.6521739130434783,0.0159313376664047,0.0977176525716851,True,1.6150326611010735,1.0
2009-10-13,1.6141587371071056,1.0,6.929766856650184,0.2608695652173913,0.6086956521739131,0.0042142919590981,0.1296369373790167,True,1.6141587371071087,1.0
2009-10-14,1.6314176032086676,1.0,7.003861129750185,0.217391304347826,0.5217391304347826,0.0047363234788591,0.1221663459833035,True,1.6314176032086707,1.0
2009-10-15,1.6291565993167052,1.0,6.994154383150183,0.3043478260869565,0.4347826086956521,0.0245228637510335,0.1131165822704332,True,1.6291565993167083,1.0
2009-10-16,1.6167897944244336,1.0,6.941062284650185,0.217391304347826,0.4782608695652174,0.0168151973372447,0.0917589701206629,True,1.6167897944244367,1.0
2009-10-19,1.636257577652995,1.0,7.024639689950184,0.3043478260869565,0.6086956521739131,0.0235318071505761,0.0889054234825015,True,1.6362575776529982,1.0
2009-10-20,1.6313325888502237,1.0,7.003496153450183,0.391304347826087,0.5217391304347826,0.013426754311862,0.0896015229681457,True,1.6313325888502268,1.0
2009-10-21,1.6076047776966358,1.0,6.901629964250182,0.4347826086956521,0.4347826086956521,0.0127809797656206,0.0557030294047986,True,1.607604777696639,1.0
2009-10-22,1.6292611769229604,1.0,6.994603346695783,0.3333333333333333,0.625,0.039732870246899,0.068355057896599,True,1.6292611769229635,1.0
2009-10-23,1.6219130184562789,1.0,6.963056867511781,0.36,0.6,0.037866621511126,0.0524027321174271,True,1.621913018456282,1.0
2009-10-26,1.60314529501348,1.0,6.882484898411784,0.4,0.44,0.0109018692001086,0.0354691605618258,True,1.603145295013483,1.0
2009-10-27,1.5625909226225705,1.0,6.708380370011783,0.68,0.24,-0.0191663855923702,0.0224060119661655,False,1.5625909226225736,1.0
2009-10-28,1.5112188270528069,1.0,6.487834126911782,0.8,0.08,-0.053949102662388,0.0174816484677031,False,1.51121882705281,1.0
2009-10-29,1.545552032856118,1.0,6.635230480311782,0.72,0.16,-0.0070899754567493,0.0263258795673189,False,1.5455520328561214,1.0
2009-10-30,1.5166187122550652,1.0,6.511016447611784,0.84,0.16,-0.0203342238763857,-0.0008088818498798,False,1.5166187122550685,1.0
2009-11-02,1.5363933798383125,1.0,6.5959113423141815,0.6666666666666666,0.2083333333333333,-0.0264031300443188,-0.0007071307680807,False,1.5363933798383158,1.0
2009-11-03,1.5639893828115967,1.0,6.714384118494183,0.5416666666666666,0.3333333333333333,-0.0286241456800949,0.0023602640328515,False,1.5639893828116,1.0
2009-11-04,1.566295623102419,1.0,6.724285070094182,0.625,0.25,-0.028441608092821,-0.0041873084128929,False,1.5662956231024223,1.0
2009-11-05,1.5939811470980083,1.0,6.843142170194183,0.625,0.375,-0.0156320794444209,0.0016225582576785,False,1.5939811470980116,1.0
2009-11-06,1.6171048767782243,1.0,6.942414968994184,0.4166666666666667,0.4583333333333333,-0.0046216332816996,0.0205937967521008,False,1.617104876778228,1.0
2009-11-09,1.660756210601226,1.0,7.129815104694183,0.3333333333333333,0.5416666666666666,0.0283112228015145,0.0446935961181191,True,1.6607562106012295,1.0
2009-11-10,1.680674661217596,1.0,7.215327276294183,0.3333333333333333,0.625,0.0412077960992236,0.0455957497420751,True,1.6806746612175998,1.0
2009-11-11,1.6952807390139522,1.0,7.278032827794182,0.2916666666666667,0.5833333333333334,0.0391457930082883,0.0440675236256709,True,1.695280739013956,1.0
2009-11-12,1.6671300146119712,1.0,7.157178569494184,0.4583333333333333,0.4583333333333333,0.0233086342412955,0.048403092454051,True,1.667130014611975,1.0
2009-11-13,1.6864256981791537,1.0,7.240017131394183,0.375,0.5,0.0430704745878913,0.0606099104547404,True,1.6864256981791574,1.0
2009-11-16,1.7196581076793658,1.0,7.382687641194184,0.3333333333333333,0.6666666666666666,0.0509702941428074,0.0757015244255603,True,1.7196581076793696,1.0
2009-11-17,1.719025323564752,1.0,7.379971027094183,0.3333333333333333,0.5833333333333334,0.0537552767068394,0.0679037899120102,True,1.7190253235647557,1.0
2009-11-18,1.7144994661738835,1.0,7.360541007094183,0.3333333333333333,0.6666666666666666,0.0664931393339136,0.0801239665679136,True,1.7144994661738873,1.0
2009-11-19,1.690507561543915,1.0,7.257541034594181,0.3333333333333333,0.5833333333333334,0.0375915080334909,0.0788179967914699,True,1.6905075615439187,1.0
2009-11-20,1.6819573838495585,1.0,7.220834150294183,0.3333333333333333,0.5416666666666666,0.0370207062339442,0.0762891768161055,True,1.6819573838495623,1.0
2009-11-23,1.701756981624996,1.0,7.305836073144184,0.2916666666666667,0.625,0.0615113844754084,0.0730838427433855,True,1.7017569816249998,1.0
2009-11-24,1.6940431933018756,1.0,7.272719903444186,0.2916666666666667,0.5416666666666666,0.0841245579864773,0.0633458086779505,True,1.6940431933018794,1.0
2009-11-25,1.7079601634102188,1.0,7.332467037344183,0.25,0.5833333333333334,0.1301871925067923,0.0692146076305273,True,1.7079601634102228,1.0
2009-11-27,1.6768463679529395,1.0,7.198891978344184,0.3333333333333333,0.5,0.0849497993633998,0.0772575319141082,True,1.6768463679529433,1.0
2009-11-30,1.6760824585176315,1.0,7.195612428344183,0.4166666666666667,0.5,0.1051442560836266,0.0826720053647205,True,1.6760824585176353,1.0
2009-12-01,1.699487289609841,1.0,7.296092027444185,0.2916666666666667,0.5416666666666666,0.1061537441593847,0.0769478230033342,True,1.699487289609845,1.0
2009-12-02,1.7108375101561448,1.0,7.344819813844183,0.2916666666666667,0.625,0.0938933019356935,0.0625815407026062,True,1.7108375101561488,1.0
2009-12-03,1.6817057049411894,1.0,7.219753664145183,0.36,0.56,0.0736834606037994,0.0431461764015621,True,1.6817057049411934,1.0
2009-12-04,1.6863483929693468,1.0,7.239685251345183,0.4,0.48,0.0579475146487782,0.041409595051761,True,1.6863483929693508,1.0
2009-12-07,1.6726101417275852,1.0,7.180705377845185,0.44,0.44,0.0343238498296687,0.0295435843012403,True,1.6726101417275892,1.0
2009-12-08,1.6617815202813755,1.0,7.134216875645184,0.48,0.44,0.0006173751894495,0.0289460766375047,True,1.6617815202813795,1.0
2009-12-09,1.6731878085168654,1.0,7.183185367005183,0.6,0.36,-0.0044546710160469,0.0365695579082583,False,1.6731878085168697,1.0
2009-12-10,1.6786995790272443,1.0,7.206848024045183,0.56,0.32,-0.0097807753047156,0.0289821414980335,False,1.6786995790272488,1.0
2009-12-11,1.6860203423340363,1.0,7.238276892695183,0.64,0.32,0.0113310465029699,0.0349037919627743,False,1.6860203423340407,1.0
2009-12-14,1.7031619618065237,1.0,7.311867812695183,0.52,0.28,0.0099241037689594,0.0534220142160395,True,1.7031619618065281,1.0
2009-12-15,1.6950097778649174,1.0,7.276869560795184,0.56,0.28,-0.0143332734014848,0.0359064495800196,False,1.6950097778649218,1.0
2009-12-16,1.7024851464556563,1.0,7.308962167495184,0.64,0.32,-0.0096218344676832,0.0436162178649184,False,1.7024851464556607,1.0
2009-12-17,1.6633655985877915,1.0,7.141017503795184,0.72,0.28,-0.0298243706661534,0.0346856526335095,False,1.663365598587796,1.0
2009-12-18,1.6687599848207468,1.0,7.164176216795182,0.72,0.24,-0.0128645249615483,0.0242433861785036,False,1.6687599848207513,1.0
2009-12-21,1.6787542252003609,1.0,7.207082626275185,0.56,0.28,-0.0019044231916665,0.0350457799507539,False,1.6787542252003655,1.0
2009-12-22,1.6876779133494844,1.0,7.245393033395185,0.52,0.28,-0.0082732543057164,0.0527292308432303,False,1.6876779133494888,1.0
2009-12-23,1.7147503302312357,1.0,7.361617994995184,0.52,0.4,0.0122234999740467,0.0973763544928882,True,1.7147503302312403,1.0
2009-12-24,1.7204770801346656,1.0,7.386203582995184,0.52,0.4,0.00732857650465,0.1384698558116539,True,1.7204770801346705,1.0
2009-12-28,1.725631450427776,1.0,7.408331880295182,0.56,0.36,0.0290933525021681,0.116514626323436,True,1.725631450427781,1.0
2009-12-29,1.7206019264927248,1.0,7.386739562595182,0.44,0.36,0.0265616215651265,0.1344986795885934,True,1.7206019264927297,1.0
2009-12-30,1.7218259228615589,1.0,7.391994318075183,0.48,0.4,0.0131443367586732,0.1206934014794829,True,1.721825922861564,1.0
2009-12-31,1.710642363294578,1.0,7.343982026195184,0.52,0.36,-0.0001140651057797,0.0937685268804966,False,1.710642363294583,1.0
2010-01-04,1.7390387845715407,1.0,7.465891089095184,0.52,0.36,0.0340922192639856,0.110287712562819,True,1.739038784571546,1.0
2010-01-05,1.7397371801805226,1.0,7.468889380795185,0.48,0.36,0.0316594052769647,0.0914415037768017,True,1.739737180180528,1.0
2010-01-06,1.755389931021046,1.0,7.5360884185951855,0.4,0.44,0.0494913830953813,0.0855139677262786,True,1.7553899310210512,1.0
2010-01-07,1.7470899343597222,1.0,7.500455589895183,0.44,0.4,0.05133551735724,0.0519845858214436,True,1.7470899343597275,1.0
2010-01-08,1.751077443757644,1.0,7.517574420795186,0.44,0.44,0.0465516392387652,0.0418895959846519,True,1.7510774437576493,1.0
2010-01-11,1.7535563885305483,1.0,7.528216812359183,0.2916666666666667,0.5,0.0445921417021386,0.0343752206790781,True,1.7535563885305538,1.0
2010-01-12,1.731345723597358,1.0,7.432863904259183,0.5,0.4166666666666667,0.0268830571762703,0.0385187168502465,True,1.7313457235973635,1.0
2010-01-13,1.7604878416073924,1.0,7.557974327959182,0.2916666666666667,0.4166666666666667,0.0336585017082364,0.043916635940856,True,1.760487841607398,1.0
2010-01-14,1.7550676332765724,1.0,7.534704757759184,0.4583333333333333,0.3333333333333333,0.0354321586789341,0.0205910264598991,True,1.755067633276578,1.0
2010-01-15,1.7431061209282743,1.0,7.483352626199183,0.4583333333333333,0.375,0.0238598113805483,0.0140084017573312,True,1.7431061209282797,1.0
2010-01-19,1.7475385339858098,1.0,7.502381479059182,0.4583333333333333,0.3333333333333333,0.0506039895675856,0.0192703867593824,True,1.7475385339858152,1.0
2010-01-20,1.7193565887236535,1.0,7.381393186059185,0.5,0.2916666666666667,0.0303198808475391,0.0170653050219962,True,1.7193565887236588,1.0
2010-01-21,1.7071340243745,1.0,7.328920328599183,0.6666666666666666,0.2916666666666667,0.0169052734153218,0.0149686554289016,False,1.707134024374505,1.0
2010-01-22,1.6898812014300275,1.0,7.2548519994591825,0.75,0.1666666666666666,0.0013055145553042,-0.0069785406043281,False,1.6898812014300326,1.0
2010-01-25,1.6818092761143562,1.0,7.220198306959183,0.75,0.1666666666666666,-0.0192104083819814,-0.0072217268342933,False,1.6818092761143613,1.0
2010-01-26,1.6897813396832628,1.0,7.254423281634181,0.6521739130434783,0.3043478260869565,-0.0178414120163696,-0.0106435876646326,False,1.689781339683268,1.0
2010-01-27,1.6938051088715913,1.0,7.271697779934182,0.5652173913043478,0.217391304347826,-0.0184433017538566,0.0101134732690826,False,1.6938051088715964,1.0
2010-01-28,1.6956827854989502,1.0,7.279758859034183,0.6086956521739131,0.2608695652173913,-0.0144828043082398,0.0116941304896494,False,1.6956827854989553,1.0
2010-01-29,1.673136327868871,1.0,7.182964354734184,0.6956521739130435,0.1739130434782608,-0.0282778847421284,-0.0155052420233287,False,1.6731363278688758,1.0
2010-02-01,1.70318583549078,1.0,7.311970305134184,0.5652173913043478,0.2608695652173913,-0.004358905148027,-0.0044724730548298,False,1.703185835490785,1.0
2010-02-02,1.7290442672062465,1.0,7.422983490484182,0.391304347826087,0.3043478260869565,-0.0057471503533815,0.0281491358006134,False,1.7290442672062516,1.0
2010-02-03,1.7270728525286605,1.0,7.414519983284182,0.5217391304347826,0.3043478260869565,-0.0072794487559023,0.0241494935027064,False,1.7270728525286656,1.0
2010-02-04,1.659451043231351,1.0,7.124211872884183,0.7391304347826086,0.217391304347826,-0.0546538897678938,-0.0078674032686681,False,1.6594510432313558,1.0
2010-02-05,1.6657387687608725,1.0,7.151205792984185,0.7391304347826086,0.1739130434782608,-0.04656381105456,0.0023813289720695,False,1.6657387687608773,1.0
2010-02-08,1.656655891305167,1.0,7.112211968084184,0.6956521739130435,0.1739130434782608,-0.0539219740332314,-0.009880491076703,False,1.6566558913051719,1.0
2010-02-09,1.6802080736571414,1.0,7.213324162884183,0.6086956521739131,0.3043478260869565,-0.0418283183552892,0.0008986090475882,False,1.6802080736571463,1.0
2010-02-10,1.6896280094878622,1.0,7.253765017684183,0.6956521739130435,0.217391304347826,-0.0240955422945889,0.0021397530404827,False,1.689628009487867,1.0
2010-02-11,1.6838014798277408,1.0,7.228751063851884,0.5,0.4166666666666667,-0.0435597224628567,-0.0113673757475467,False,1.6838014798277456,1.0
2010-02-12,1.6922446906885102,1.0,7.264998727381884,0.4782608695652174,0.3043478260869565,-0.0357951690276329,-0.0016313104576253,False,1.6922446906885151,1.0
2010-02-16,1.7186210999483942,1.0,7.3782356491818835,0.4347826086956521,0.4782608695652174,-0.0140467758594303,0.0094778820986072,False,1.718621099948399,1.0
2010-02-17,1.7332062281710865,1.0,7.4408512617818845,0.391304347826087,0.6086956521739131,-0.0082014247674611,0.0419875399867526,False,1.7332062281710916,1.0
2010-02-18,1.7639888548901603,1.0,7.573004575761884,0.3043478260869565,0.5652173913043478,0.0259587024932614,0.057065648107353,True,1.7639888548901654,1.0
2010-02-19,1.763869754832384,1.0,7.572493265681883,0.3478260869565217,0.6086956521739131,0.0332344910521433,0.0507016026255207,True,1.7638697548323892,1.0
2010-02-22,1.760763089184726,1.0,7.559155997081883,0.3043478260869565,0.5652173913043478,0.0419448939337956,0.0433051681586511,True,1.760763089184731,1.0
2010-02-23,1.7399260573356043,1.0,7.469700251881883,0.3478260869565217,0.5217391304347826,0.0345561069537685,0.0146818616451136,True,1.7399260573356095,1.0
2010-02-24,1.7619483156475215,1.0,7.564244308950284,0.3043478260869565,0.6086956521739131,0.0427078783919969,0.0241044975208906,True,1.7619483156475269,1.0
2010-02-25,1.77944897432488,1.0,7.639376625050282,0.3478260869565217,0.6086956521739131,0.0505629986618376,0.031187148266081,True,1.7794489743248854,1.0
2010-02-26,1.785867835809103,1.0,7.666933526703285,0.3333333333333333,0.625,0.053185095161307,0.037932021527731,True,1.7858678358091082,1.0
2010-03-01,1.816444563859156,1.0,7.798202894303284,0.375,0.5416666666666666,0.0856524561706344,0.0549525011450326,True,1.8164445638591615,1.0
2010-03-02,1.8262949698484223,1.0,7.840491806403283,0.25,0.625,0.0722816804791988,0.0676077063420228,True,1.8262949698484279,1.0
2010-03-03,1.816381078094692,1.0,7.797930342703284,0.25,0.6666666666666666,0.050511610688581,0.0444741625139808,True,1.8163810780946976,1.0
2010-03-04,1.8249191587879876,1.0,7.834585293203284,0.2916666666666667,0.5833333333333334,0.056654417395344,0.0489625557112167,True,1.8249191587879932,1.0
2010-03-05,1.842033746760656,1.0,7.908060163903284,0.2916666666666667,0.6666666666666666,0.1100259656794522,0.0493587289117074,True,1.8420337467606616,1.0
2010-03-08,1.8460402628300168,1.0,7.925260592603284,0.2916666666666667,0.6666666666666666,0.1082411584880551,0.0566372265813306,True,1.8460402628300225,1.0
2010-03-09,1.8424637518022315,1.0,7.909906224403284,0.2916666666666667,0.625,0.1121583917772315,0.0521886158549791,True,1.8424637518022373,1.0
2010-03-10,1.8569397834899557,1.0,7.9720534731832835,0.3333333333333333,0.6666666666666666,0.105184418884584,0.0589564131701743,True,1.8569397834899615,1.0
2010-03-11,1.8613919673007355,1.0,7.991167204133284,0.2916666666666667,0.6666666666666666,0.1016578541834987,0.0751128107638539,True,1.8613919673007413,1.0
2010-03-12,1.8616046401953148,1.0,7.992080233033283,0.2916666666666667,0.6666666666666666,0.1055962727778117,0.0574368059796412,True,1.8616046401953208,1.0
2010-03-15,1.869323189771413,1.0,8.025216843333283,0.2916666666666667,0.6666666666666666,0.1046411905188813,0.0651003723893723,True,1.869323189771419,1.0
2010-03-16,1.873323816222598,1.0,8.042391987233284,0.3333333333333333,0.625,0.0900156039506603,0.0747043990786837,True,1.873323816222604,1.0
2010-03-17,1.885923216312468,1.0,8.096482643343682,0.28,0.68,0.0881124159717166,0.079188343853584,True,1.8859232163124737,1.0
2010-03-18,1.8864118306274893,1.0,8.098580320113681,0.32,0.68,0.069401218379552,0.0971614864533982,True,1.8864118306274948,1.0
2010-03-19,1.8746030544325465,1.0,8.047883902213684,0.32,0.68,0.0627786146322828,0.0980995209906887,True,1.874603054432552,1.0
2010-03-22,1.915714942263928,1.0,8.224381907743684,0.32,0.68,0.0880026699963067,0.1336388265889885,True,1.9157149422639335,1.0
2010-03-23,1.938901948009988,1.0,8.323926357883684,0.2,0.72,0.1143588199254168,0.1528667224916347,True,1.9389019480099934,1.0
2010-03-24,1.9237266019418844,1.0,8.258776873013682,0.2,0.68,0.0918178387286621,0.1384470622112987,True,1.9237266019418897,1.0
2010-03-25,1.9204087936642948,1.0,8.244533145113683,0.28,0.68,0.0792154320653641,0.1337838005127196,True,1.9204087936643002,1.0
2010-03-26,1.922102505139508,1.0,8.251804440913682,0.32,0.68,0.0762848552388437,0.1335271676853953,True,1.9221025051395133,1.0
2010-03-29,1.934777240083832,1.0,8.306218518113685,0.32,0.68,0.0651452175194768,0.1563775215784246,True,1.934777240083837,1.0
2010-03-30,1.9300788473105284,1.0,8.286047784113684,0.32,0.68,0.0568275547901877,0.1332168264271451,True,1.9300788473105335,1.0
2010-03-31,1.9273538245089732,1.0,8.274348951613682,0.32,0.68,0.0610955199614209,0.1146931637691097,True,1.9273538245089783,1.0
2010-04-01,1.9394653212502384,1.0,8.326344983213685,0.32,0.68,0.0627678009245769,0.1229782915124897,True,1.9394653212502435,1.0
2010-04-05,1.9609173007188776,1.0,8.418440768413685,0.32,0.68,0.0645392920554723,0.1816662556675963,True,1.9609173007188827,1.0
2010-04-06,1.9811931785166288,1.0,8.505487415513684,0.28,0.68,0.0732123336678582,0.1893780799677364,True,1.9811931785166337,1.0
2010-04-07,1.9716014358423093,1.0,8.464308974413685,0.32,0.64,0.070089674173378,0.1901092110860855,True,1.9716014358423142,1.0
2010-04-08,1.9750820131174376,1.0,8.479251488113684,0.32,0.64,0.0636220036200878,0.1754984659837235,True,1.9750820131174422,1.0
2010-04-09,1.985299225844179,1.0,8.523115143213683,0.32,0.6,0.0665669889631714,0.1749919004041229,True,1.9852992258441837,1.0
2010-04-12,1.9845655545324183,1.0,8.51996540891368,0.28,0.64,0.0660510355862689,0.1786220515351051,True,1.984565554532423,1.0
2010-04-13,1.9886697978080183,1.0,8.537585391613682,0.36,0.64,0.0638448229228889,0.1751668117208886,True,1.9886697978080228,1.0
2010-04-14,2.0247367537729786,1.0,8.692424931443684,0.24,0.68,0.0808258221238507,0.1781170112677983,True,2.024736753772983,1.0
2010-04-15,2.0358009331754574,1.0,8.739924710713684,0.16,0.68,0.079471802227476,0.174586670695082,True,2.035800933175462,1.0
2010-04-16,2.0092217963902046,1.0,8.625817456613683,0.24,0.6,0.0651024149492662,0.1390218202457485,True,2.009221796390209,1.0
2010-04-19,1.9878131544887796,1.0,8.533907724513684,0.36,0.56,0.0603915051714789,0.1269614148339857,True,1.987813154488784,1.0
2010-04-20,2.0118189520424625,1.0,8.636967340913683,0.28,0.64,0.0501661325797053,0.1425835561864148,True,2.0118189520424674,1.0
2010-04-21,2.025007848943857,1.0,8.693588773813683,0.28,0.64,0.0444096211374922,0.1638470729295273,True,2.025007848943862,1.0
2010-04-22,2.0651007616399952,1.0,8.865712203313686,0.32,0.68,0.0734897357843897,0.172055243221515,True,2.06510076164,1.0
2010-04-23,2.087706264341445,1.0,8.962760194813685,0.24,0.72,0.0871155512456973,0.1732318793426017,True,2.08770626434145,1.0
2010-04-26,2.090478043743881,1.0,8.974659758713685,0.24,0.72,0.0875996665912217,0.1705670497149478,True,2.090478043743886,1.0
2010-04-27,2.05874136628588,1.0,8.838410596513684,0.28,0.64,0.064071523911805,0.1333906947933207,True,2.0587413662858847,1.0
2010-04-28,2.061963310014665,1.0,8.852242767013685,0.28,0.6,0.0683311269318927,0.1290417725816779,True,2.06196331001467,1.0
2010-04-29,2.098477930691253,1.0,9.009004182313683,0.36,0.64,0.0887870737620664,0.1553070861608338,True,2.0984779306912578,1.0
2010-04-30,2.043384595709362,1.0,8.772482235615884,0.36,0.56,0.0535814037613902,0.1197123915705216,True,2.043384595709367,1.0
2010-05-03,2.08306069449396,1.0,8.942816235635885,0.32,0.64,0.0622889061819709,0.1308482801453376,True,2.083060694493965,1.0
2010-05-04,2.042157649663179,1.0,8.767214816835885,0.36,0.52,0.0307715935061898,0.1062367873453151,True,2.042157649663184,1.0
2010-05-05,2.022646929322678,1.0,8.683453077635882,0.44,0.4,0.0258903714272051,0.0977946932981437,True,2.022646929322683,1.0
2010-05-06,1.9602499567289409,1.0,8.415575784842282,0.6666666666666666,0.2083333333333333,-0.007509590128405,0.0556346383213481,False,1.9602499567289462,1.0
2010-05-07,1.906897811629758,1.0,8.186528964142283,0.7916666666666666,0.0833333333333333,-0.0394909811044144,0.0244472121554348,False,1.906897811629763,1.0
2010-05-10,2.010765598170825,1.0,8.632445173062285,0.5,0.375,0.013201903851737,0.0801249388591236,True,2.0107655981708303,1.0
2010-05-11,2.0154160334619142,1.0,8.652410020142284,0.4166666666666667,0.375,0.0134493095250787,0.0781528012330312,True,2.0154160334619196,1.0
2010-05-12,2.065883032189942,1.0,8.869070579664994,0.3333333333333333,0.5416666666666666,0.020321791630586,0.1027901392700085,True,2.0658830321899475,1.0
2010-05-13,2.032734304206674,1.0,8.726759324124998,0.4583333333333333,0.4166666666666667,-0.0015063501144977,0.0778457397545935,False,2.0327343042066794,1.0
2010-05-14,1.9893129126092288,1.0,8.540346356524998,0.5833333333333334,0.25,-0.009908753636231,0.0545485775221792,False,1.989312912609234,1.0
2010-05-17,1.9882284326224964,1.0,8.535690560724996,0.5833333333333334,0.25,0.0002089120563362,0.0606130337413457,True,1.9882284326225015,1.0
2010-05-18,1.951110287701256,1.0,8.376338147271198,0.7083333333333334,0.25,-0.0301760077762334,0.0184763111966432,False,1.951110287701261,1.0
2010-05-19,1.926982352839642,1.0,8.272754181531198,0.75,0.1666666666666666,-0.0484074647687613,-0.0061476008018763,False,1.9269823528396468,1.0
2010-05-20,1.8605183901799365,1.0,7.987416838299196,0.8695652173913043,0.1304347826086956,-0.099066532374716,-0.0328571698796198,False,1.8605183901799411,1.0
2010-05-21,1.8889816121045149,1.0,8.109612683969198,0.8260869565217391,0.0869565217391304,-0.0951880327377454,-0.0163648394359903,False,1.8889816121045195,1.0
2010-05-24,1.892389949800736,1.0,8.124245064949196,0.8260869565217391,0.0869565217391304,-0.0947573185645063,-0.0154583614866135,False,1.8923899498007408,1.0
2010-05-25,1.907013145802323,1.0,8.187024106849195,0.782608695652174,0.1739130434782608,-0.0736995054202878,-0.0143500211323067,False,1.907013145802328,1.0
2010-05-26,1.8960094201038613,1.0,8.139783862199199,0.8260869565217391,0.1739130434782608,-0.0804834349402773,-0.0176518318172034,False,1.8960094201038664,1.0
2010-05-27,1.952697889201684,1.0,8.383153900893396,0.5714285714285714,0.2857142857142857,-0.0694694184568085,0.0131496689245254,False,1.952697889201689,1.0
2010-05-28,1.9444124629211057,1.0,8.347583624493398,0.7619047619047619,0.238095238095238,-0.0484353914559573,0.0025507760394902,False,1.9444124629211108,1.0
2010-06-01,1.9221402872701772,1.0,8.251966643893395,0.7142857142857143,0.2857142857142857,-0.0772519051649021,-0.0197749356561262,False,1.922140287270182,1.0
2010-06-02,1.949550066525422,1.0,8.369639940493398,0.7142857142857143,0.238095238095238,-0.0453479108985689,-0.0159717448729047,False,1.9495500665254266,1.0
2010-06-03,1.9578863677604996,1.0,8.405428628853395,0.6190476190476191,0.3333333333333333,-0.0320177291564498,-0.0069563086293608,False,1.9578863677605045,1.0
2010-06-04,1.9012675805930384,1.0,8.162357742603398,0.7142857142857143,0.2857142857142857,-0.0300892118035427,-0.0373728442840163,False,1.901267580593043,1.0
2010-06-07,1.868442330749464,1.0,8.021435215470198,0.75,0.2,-0.0201665137196985,-0.0588610994118664,False,1.8684423307494686,1.0
2010-06-08,1.875871402439942,1.0,8.053329064317197,0.5,0.3,-0.0670859874734254,-0.0547697463781113,False,1.875871402439947,1.0
2010-06-09,1.880902360811756,1.0,8.074927540217198,0.7,0.25,-0.0667423849055629,-0.0541907143735211,False,1.880902360811761,1.0
2010-06-10,1.9220287400765184,1.0,8.251487759117197,0.65,0.35,-0.0696333189594624,-0.0507266011273167,False,1.9220287400765235,1.0
2010-06-11,1.9376284310238627,1.0,8.318459004767195,0.7,0.2,-0.04678716396235,-0.048223036227056,False,1.9376284310238676,1.0
2010-06-14,1.942555225811914,1.0,8.339610294567196,0.75,0.25,-0.0235044404029861,-0.0331802943299065,False,1.942555225811919,1.0
2010-06-15,1.967504841642981,1.0,8.446721830067196,0.5,0.45,-0.0104231438598734,-0.0102164093239544,False,1.967504841642986,1.0
2010-06-16,1.956075162985312,1.0,8.397652920967197,0.55,0.4,0.0025446410258571,-0.0277081538577602,True,1.9560751629853166,1.0
2010-06-17,1.9541265822922675,1.0,8.389287442657196,0.5,0.45,0.0140863923391023,-0.035002958970533,True,1.9541265822922722,1.0
2010-06-18,1.9425159669860412,1.0,8.339441751967197,0.55,0.35,0.044072435531355,-0.0593602002047605,True,1.942515966986046,1.0
2010-06-21,1.929747216081306,1.0,8.2846240535672,0.4,0.4,0.0215807309693047,-0.0756615290944512,True,1.9297472160813107,1.0
2010-06-22,1.9101730637728207,1.0,8.200589993721596,0.5238095238095238,0.3809523809523809,0.0093971720648577,-0.0862505973266036,True,1.9101730637728251,1.0
2010-06-23,1.9202563363919625,1.0,8.243878628721598,0.5238095238095238,0.4285714285714285,0.0069444673828233,-0.0672668418489857,True,1.920256336391967,1.0
2010-06-24,1.8993187234172575,1.0,8.153991077321596,0.6666666666666666,0.238095238095238,0.0017454044680933,-0.0788785066191362,False,1.899318723417262,1.0
2010-06-25,1.9213876394674396,1.0,8.248735441361548,0.5714285714285714,0.3809523809523809,-0.0160343542682095,-0.0843898754586751,False,1.921387639467444,1.0
2010-06-28,1.9173479394581547,1.0,8.231392550237146,0.6,0.4,-0.0139191267177395,-0.061680339822398,False,1.9173479394581592,1.0
2010-06-29,1.8580831183274311,1.0,7.976961939544526,0.8095238095238095,0.1428571428571428,-0.0333259592793406,-0.1080033705984657,False,1.8580831183274353,1.0
2010-06-30,1.8474382460748624,1.0,7.931262293510127,0.7142857142857143,0.1904761904761904,-0.0523771213696235,-0.0953498392351992,False,1.8474382460748666,1.0
2010-07-01,1.8416353997926649,1.0,7.906350015110125,0.8571428571428571,0.1428571428571428,-0.0593757481956455,-0.0894924007279057,False,1.841635399792669,1.0
2010-07-02,1.8338665703686097,1.0,7.872997547710128,0.8571428571428571,0.0952380952380952,-0.0354505651452833,-0.0644730973856143,False,1.8338665703686137,1.0
2010-07-06,1.8356908962299845,1.0,7.880829585910127,0.7619047619047619,0.1904761904761904,-0.0175287371627583,-0.0373417573639751,False,1.8356908962299883,1.0
2010-07-07,1.8902259612279444,1.0,8.114954816137129,0.6,0.4,0.0076522083386587,-0.0599471350875179,True,1.8902259612279482,1.0
2010-07-08,1.8992049544884853,1.0,8.153502654384125,0.5714285714285714,0.3333333333333333,0.0097307516105356,-0.057661086864438,True,1.8992049544884892,1.0
2010-07-09,1.905326217629747,1.0,8.179781932538125,0.5,0.3636363636363636,-0.0086900482279504,-0.077718250287383,False,1.905326217629751,1.0
2010-07-12,1.9041787942215231,1.0,8.174855913478126,0.5454545454545454,0.3181818181818182,-0.0172631843478188,-0.0632426528735751,False,1.9041787942215271,1.0
2010-07-13,1.9370266129219729,1.0,8.315875331278127,0.5,0.4090909090909091,-0.002846051847834,-0.026283597394779,False,1.9370266129219769,1.0
2010-07-14,1.9538697300220824,1.0,8.388184746678126,0.5454545454545454,0.4090909090909091,-0.0069301540368831,-0.017281063904259,False,1.9538697300220866,1.0
2010-07-15,1.958294285435261,1.0,8.407179865778128,0.5,0.3636363636363636,0.0011344770855132,0.003682004948305,True,1.9582942854352654,1.0
2010-07-16,1.911314987139452,1.0,8.205492400478128,0.5454545454545454,0.3636363636363636,-0.0219083019190069,-0.0081305185162192,False,1.9113149871394564,1.0
2010-07-19,1.8994975589955263,1.0,8.154758838778127,0.5909090909090909,0.3636363636363636,-0.0221457165457753,0.0209507033208202,False,1.8994975589955307,1.0
2010-07-20,1.9273538257818128,1.0,8.274348957078125,0.4545454545454545,0.3636363636363636,-0.0012402610453579,0.0203137041839953,False,1.9273538257818175,1.0
2010-07-21,1.909573658988285,1.0,8.198016680878126,0.5,0.4090909090909091,-0.0003137960616784,0.0090804272075943,False,1.9095736589882897,1.0
2010-07-22,1.9186590378685864,1.0,8.237021244678127,0.4545454545454545,0.3636363636363636,-0.0008318152598195,0.0061068756090634,False,1.9186590378685913,1.0
2010-07-23,1.9599312427335167,1.0,8.414207509448127,0.4545454545454545,0.4090909090909091,0.0319127688096523,0.0337138739670153,True,1.9599312427335218,1.0
2010-07-26,1.9856337006547844,1.0,8.524551081578126,0.3636363636363636,0.5,0.0334373240816474,0.016866823913332,True,1.9856337006547897,1.0
2010-07-27,1.9739409473616945,1.0,8.474352763178128,0.3181818181818182,0.5,0.0295162952633065,0.0151863274915589,True,1.9739409473616998,1.0
2010-07-28,1.953443586909511,1.0,8.386355265878128,0.4090909090909091,0.5454545454545454,0.0513219605955621,0.0162856477472777,True,1.9534435869095161,1.0
2010-07-29,1.9436005341643472,1.0,8.344097922090526,0.4090909090909091,0.4545454545454545,0.0520516928204743,-0.0030517463815016,True,1.9436005341643523,1.0
2010-07-30,1.9602952881516669,1.0,8.415770397790528,0.4090909090909091,0.5,0.0644318025013854,0.0012303678246261,True,1.960295288151672,1.0
2010-08-02,1.9718239768456816,1.0,8.465264368225927,0.3478260869565217,0.4782608695652174,0.0752276139966614,0.0371101874206651,True,1.9718239768456867,1.0
2010-08-03,1.9632612142526236,1.0,8.428503455525926,0.4347826086956521,0.4782608695652174,0.0694944439091751,0.0507475569048605,True,1.9632612142526287,1.0
2010-08-04,1.993285972913885,1.0,8.557403155825925,0.3043478260869565,0.5217391304347826,0.0545225881983912,0.0625920147411072,True,1.99328597291389,1.0
2010-08-05,1.9867094551207116,1.0,8.529169417725928,0.2608695652173913,0.5217391304347826,0.0460742798850757,0.0562533688688073,True,1.9867094551207167,1.0
2010-08-06,1.998572043492674,1.0,8.58009685741593,0.2083333333333333,0.5833333333333334,0.0489395595358603,0.0398242241752886,True,1.9985720434926788,1.0
2010-08-09,2.0223207388594377,1.0,8.682052704915927,0.2083333333333333,0.5,0.0620435145042215,0.0437092615279297,True,2.0223207388594426,1.0
2010-08-10,2.021268891808251,1.0,8.677537006015926,0.25,0.5833333333333334,0.0434905118619921,0.04052068376251,True,2.0212688918082558,1.0
2010-08-11,1.9823749338469363,1.0,8.510560825415928,0.3333333333333333,0.4583333333333333,0.0145891015080783,0.0075578427504843,True,1.9823749338469412,1.0
2010-08-12,1.9979633436696,1.0,8.577483639915929,0.2916666666666667,0.5,0.0202569442853282,0.0214144024099558,True,1.997963343669605,1.0
2010-08-13,1.982544383333871,1.0,8.51128829131593,0.375,0.375,0.0372672200415398,0.0145424566141807,True,1.9825443833338758,1.0
2010-08-16,1.999453989706188,1.0,8.583883152715925,0.3333333333333333,0.5,0.052622563391721,0.0293114824731604,True,1.999453989706193,1.0
2010-08-17,2.009419231836264,1.0,8.626665069415926,0.25,0.5833333333333334,0.0425793152023663,0.0412862446910249,True,2.0094192318362687,1.0
2010-08-18,2.0146121486656896,1.0,8.648958851375927,0.2083333333333333,0.5,0.0550062518840224,0.0546751950771351,True,2.0146121486656945,1.0
2010-08-19,1.9879175166003065,1.0,8.53435576291593,0.25,0.5416666666666666,0.036097335360147,0.035235493785936,True,1.9879175166003114,1.0
2010-08-20,1.9959534715425555,1.0,8.568855030515925,0.2916666666666667,0.5416666666666666,0.0183793329192496,0.0508786371312295,True,1.9959534715425602,1.0
2010-08-23,1.9737657462771108,1.0,8.473600605015928,0.4166666666666667,0.3333333333333333,-0.005976910229596,0.0272605619676975,False,1.9737657462771152,1.0
2010-08-24,1.9430550896495495,1.0,8.341756266815928,0.625,0.1666666666666666,-0.0156467992385619,0.0134076604784936,False,1.943055089649554,1.0
2010-08-25,1.9644533838046896,1.0,8.433621574865429,0.5833333333333334,0.25,0.0056360966699817,0.0572473127967534,True,1.9644533838046943,1.0
2010-08-26,1.954258075180275,1.0,8.389851956565428,0.4166666666666667,0.25,0.0054834009502418,0.0578205140725895,True,1.9542580751802796,1.0
2010-08-27,1.9854448528662685,1.0,8.523740336565426,0.2916666666666667,0.3333333333333333,0.0128294777152244,0.0780879065909532,True,1.9854448528662731,1.0
2010-08-30,1.9488266259350293,1.0,8.366534127842625,0.64,0.24,-0.0116629837047833,0.0626872518556853,False,1.948826625935034,1.0
2010-08-31,1.9568135981089003,1.0,8.400823106852627,0.56,0.28,-0.0032841356498644,0.0659820790786009,False,1.956813598108905,1.0
2010-09-01,2.0134744588518725,1.0,8.644074619742629,0.36,0.4,0.0101282436199932,0.0652030498744502,True,2.0134744588518774,1.0
2010-09-02,2.045426406247297,1.0,8.781247960242627,0.32,0.48,0.0295548757646684,0.0769908752676942,True,2.045426406247302,1.0
2010-09-03,2.0644828500525545,1.0,8.863059438662624,0.2,0.64,0.0329789495327346,0.0835324843326823,True,2.0644828500525594,1.0
2010-09-07,2.054132443825428,1.0,8.818623968732227,0.25,0.5833333333333334,0.0157302965621219,0.078749773949251,True,2.054132443825433,1.0
2010-09-08,2.0741186578475337,1.0,8.904427056332228,0.2916666666666667,0.5833333333333334,0.0261468260128425,0.0707744767216997,True,2.0741186578475386,1.0
2010-09-09,2.065146236331769,1.0,8.865907431332227,0.25,0.5416666666666666,0.0417536062788121,0.0569518553872203,True,2.065146236331774,1.0
2010-09-10,2.0639873225591194,1.0,8.860932082832228,0.2083333333333333,0.6666666666666666,0.0330456407514729,0.0539719887403769,True,2.0639873225591243,1.0
2010-09-13,2.0969355132711893,1.0,9.002382409082228,0.2083333333333333,0.75,0.0576991521092478,0.0971166591486534,True,2.096935513271194,1.0
2010-09-14,2.099709709940188,1.0,9.014292350582227,0.2083333333333333,0.7083333333333334,0.0501415490179548,0.1054026892514321,True,2.0997097099401927,1.0
2010-09-15,2.0986850139523923,1.0,9.009893214282227,0.2083333333333333,0.7916666666666666,0.044423672622339,0.0888945173837387,True,2.098685013952397,1.0
2010-09-16,2.0924152536823204,1.0,8.982976421082228,0.1666666666666666,0.7083333333333334,0.0386193963280521,0.0957499564541042,True,2.0924152536823253,1.0
2010-09-17,2.092494587571489,1.0,8.983317010482226,0.1666666666666666,0.6666666666666666,0.0526063431193195,0.0906026272891156,True,2.092494587571494,1.0
2010-09-20,2.1340407012924403,1.0,9.161679197092228,0.1666666666666666,0.8333333333333334,0.0691835915609613,0.0888344727420593,True,2.134040701292445,1.0
2010-09-21,2.139921755099487,1.0,9.186927229282228,0.1666666666666666,0.7916666666666666,0.0841822334467885,0.0777021735649541,True,2.139921755099492,1.0
2010-09-22,2.145612548209382,1.0,9.211358450682225,0.1666666666666666,0.7916666666666666,0.1042468943051757,0.086968964840177,True,2.145612548209387,1.0
2010-09-23,2.1559381937756363,1.0,9.255687620282226,0.1666666666666666,0.75,0.0974748556262929,0.103660330005477,True,2.155938193775641,1.0
2010-09-24,2.200524569383401,1.0,9.447101996602228,0.1666666666666666,0.8333333333333334,0.1260153391871779,0.1321897327680636,True,2.200524569383406,1.0
2010-09-27,2.218919045466497,1.0,9.526071572379228,0.1739130434782608,0.7391304347826086,0.1175928871875611,0.1319310202284271,True,2.2189190454665018,1.0
2010-09-28,2.2268914201208108,1.0,9.560297882579226,0.1739130434782608,0.6956521739130435,0.1426831871472234,0.1293560917557954,True,2.2268914201208156,1.0
2010-09-29,2.25513268296052,1.0,9.681540832679229,0.1304347826086956,0.8695652173913043,0.1524514573794451,0.148666650463527,True,2.2551326829605247,1.0
2010-09-30,2.2185923345231933,1.0,9.524668965179227,0.1739130434782608,0.782608695652174,0.1018725987655597,0.1130326328840523,True,2.218592334523198,1.0
2010-10-01,2.2072144653259222,1.0,9.475822479979229,0.1739130434782608,0.782608695652174,0.0790974725780788,0.1109900643180916,True,2.207214465325927,1.0
2010-10-04,2.193449792072053,1.0,9.416729173779224,0.1739130434782608,0.6521739130434783,0.0624693695160578,0.0975084932334042,True,2.193449792072058,1.0
2010-10-05,2.232768686834982,1.0,9.585529656349223,0.217391304347826,0.7391304347826086,0.086964325765128,0.1040625969618604,True,2.2327686868349867,1.0
2010-10-06,2.198418293187007,1.0,9.438059513579226,0.3043478260869565,0.6521739130434783,0.059928893108009,0.0876426694620891,True,2.1984182931870118,1.0
2010-10-07,2.1996605741690547,1.0,9.443392766981225,0.25,0.625,0.0651355024989497,0.1096087509038756,True,2.1996605741690596,1.0
2010-10-08,2.210846779932017,1.0,9.491416419281228,0.25,0.625,0.0711532749100449,0.1065502212224862,True,2.2108467799320217,1.0
2010-10-11,2.2145756586253547,1.0,9.507424919181227,0.2083333333333333,0.625,0.0561009838450627,0.1170371151546654,True,2.2145756586253595,1.0
2010-10-12,2.2328774379358127,1.0,9.585996537181224,0.25,0.625,0.0634219708396821,0.1167435957173101,True,2.2328774379358176,1.0
2010-10-13,2.254961554739073,1.0,9.680806159781229,0.2083333333333333,0.625,0.0744640285453648,0.1221956667939436,True,2.254961554739078,1.0
2010-10-14,2.24666522646424,1.0,9.645189079881227,0.25,0.6666666666666666,0.0737186237342053,0.1151849888090073,True,2.246665226464245,1.0
2010-10-15,2.2622112098998595,1.0,9.711929753081227,0.2083333333333333,0.75,0.0811073172358067,0.1379804197151206,True,2.2622112098998644,1.0
2010-10-18,2.2651547992205865,1.0,9.72456691648123,0.25,0.7083333333333334,0.0614393614183361,0.13487354866543,True,2.2651547992205914,1.0
2010-10-19,2.234245245970228,1.0,9.591868692481228,0.2916666666666667,0.6666666666666666,0.0440780092290595,0.1319708279386384,True,2.234245245970233,1.0
2010-10-20,2.253760099744309,1.0,9.675648176981229,0.2083333333333333,0.7083333333333334,0.0504040450477332,0.1599054045095531,True,2.253760099744314,1.0
2010-10-21,2.272063261291654,1.0,9.754225729081227,0.2083333333333333,0.6666666666666666,0.0538628926614315,0.1565880259735119,True,2.272063261291659,1.0
2010-10-22,2.3016039735525924,1.0,9.881047363188028,0.1739130434782608,0.782608695652174,0.0459342311263151,0.1777379880291778,True,2.3016039735525977,1.0
2010-10-25,2.311318261681506,1.0,9.922751905848028,0.1739130434782608,0.6956521739130435,0.0416415445186209,0.1641311811530761,True,2.311318261681511,1.0
2010-10-26,2.3295153117674525,1.0,10.000873909388025,0.1739130434782608,0.7391304347826086,0.0460839225116214,0.1953425105990485,True,2.3295153117674583,1.0
2010-10-27,2.3250223772487835,1.0,9.981585231019023,0.25,0.625,0.030991389028389,0.1881675288314253,True,2.3250223772487892,1.0
2010-10-28,2.3193852840454108,1.0,9.957384549419029,0.25,0.5833333333333334,0.0454310365873864,0.1519318131147164,True,2.3193852840454166,1.0
2010-10-29,2.345308015934256,1.0,10.068673782719028,0.125,0.8333333333333334,0.0625646273969771,0.1466108038749458,True,2.3453080159342616,1.0
2010-11-01,2.3328977428003803,1.0,10.015395070119029,0.125,0.75,0.0635747174302074,0.1300155594612919,True,2.332897742800386,1.0
2010-11-02,2.365891179263497,1.0,10.157039641519027,0.125,0.8333333333333334,0.059622160241427,0.1517714869726112,True,2.3658911792635027,1.0
2010-11-03,2.373019192081125,1.0,10.187641010419028,0.125,0.7083333333333334,0.0794211453913089,0.1441096598319895,True,2.3730191920811308,1.0
2010-11-04,2.3753419220822813,1.0,10.197612754219028,0.125,0.75,0.0798674804541572,0.1502051914258138,True,2.375341922082287,1.0
2010-11-05,2.3923460428877266,1.0,10.270613376819028,0.0833333333333333,0.8333333333333334,0.0820949079796888,0.1590895044459275,True,2.3923460428877323,1.0
2010-11-08,2.395022938824175,1.0,10.282105595219027,0.125,0.7083333333333334,0.0814816506701916,0.1421538352831719,True,2.3950229388241806,1.0
2010-11-09,2.372446015473496,1.0,10.185180298119027,0.125,0.7083333333333334,0.0625061524499563,0.1298923866676204,True,2.3724460154735016,1.0
2010-11-10,2.408902476240472,1.0,10.341692026319024,0.1666666666666666,0.6666666666666666,0.0682676479241404,0.1478151605532534,True,2.4089024762404776,1.0
2010-11-11,2.410047117481472,1.0,10.346606101219027,0.3333333333333333,0.625,0.0727219565659813,0.1518015428534895,True,2.410047117481478,1.0
2010-11-12,2.3781487220579804,1.0,10.209662665419028,0.3333333333333333,0.625,0.0512496409047738,0.1365136790236651,True,2.378148722057986,1.0
2010-11-15,2.384587826393598,1.0,10.23730647193303,0.3043478260869565,0.6521739130434783,0.052726209799925,0.1174050358783778,True,2.3845878263936036,1.0
2010-11-16,2.342475570425784,1.0,10.056513772333028,0.3478260869565217,0.4782608695652174,0.0484415596948299,0.0946547764391882,True,2.3424755704257896,1.0
2010-11-17,2.3676202466895395,1.0,10.164462724433028,0.3043478260869565,0.5652173913043478,0.0505200828420684,0.1034705444211883,True,2.3676202466895453,1.0
2010-11-18,2.38329586757468,1.0,10.231759945933028,0.3043478260869565,0.6956521739130435,0.0489566501857836,0.1054564896412353,True,2.383295867574686,1.0
2010-11-19,2.4083224433535526,1.0,10.339201879233029,0.3043478260869565,0.6956521739130435,0.0463669992871262,0.0944310628753299,True,2.4083224433535584,1.0
2010-11-22,2.4561860475721464,1.0,10.544685770333029,0.3043478260869565,0.6956521739130435,0.0626775586436321,0.1069290935108302,True,2.456186047572152,1.0
2010-11-23,2.437731450146841,1.0,10.465458086803029,0.3333333333333333,0.625,0.0464543580515388,0.0946790795999343,True,2.437731450146847,1.0
2010-11-24,2.480164003926965,1.0,10.647625861303029,0.3333333333333333,0.625,0.0667269391453173,0.0997862887034324,True,2.480164003926971,1.0
2010-11-26,2.481127057031875,1.0,10.651760357703028,0.3333333333333333,0.5833333333333334,0.0697347586444787,0.1183339176032551,True,2.4811270570318813,1.0
2010-11-29,2.471439929973076,1.0,10.610172420603028,0.3333333333333333,0.5833333333333334,0.0537805325278668,0.1197099189036607,True,2.4714399299730823,1.0
2010-11-30,2.484534382530334,1.0,10.666388393203029,0.3333333333333333,0.625,0.0649992654834197,0.1327062928499065,True,2.4845343825303403,1.0
2010-12-01,2.5091535809939454,1.0,10.772081409403023,0.2916666666666667,0.5833333333333334,0.060553250709969,0.1237857265683652,True,2.5091535809939516,1.0
2010-12-02,2.505152733118386,1.0,10.754905314903024,0.2916666666666667,0.625,0.0556816149983934,0.1395250580301126,True,2.505152733118392,1.0
2010-12-03,2.513125077934218,1.0,10.789131497003028,0.1666666666666666,0.5833333333333334,0.0580056094539649,0.1425058517874182,True,2.513125077934224,1.0
2010-12-06,2.5304020666169444,1.0,10.863303572403028,0.1666666666666666,0.75,0.0577073806440531,0.1445397707274645,True,2.5304020666169507,1.0
2010-12-07,2.5222785356556523,1.0,10.828428331003026,0.1666666666666666,0.625,0.0531333519895018,0.1389443958854384,True,2.5222785356556585,1.0
2010-12-08,2.5134703522809345,1.0,10.790613799003026,0.2083333333333333,0.5416666666666666,0.0594425904267801,0.1256642704959729,True,2.5134703522809407,1.0
2010-12-09,2.524400850159699,1.0,10.837539668303029,0.125,0.6666666666666666,0.0479464714982906,0.1194873122578812,True,2.5244008501597053,1.0
2010-12-10,2.5470007969052344,1.0,10.93456380745303,0.1666666666666666,0.5833333333333334,0.0568261418751343,0.1336806066623714,True,2.5470007969052406,1.0
2010-12-13,2.5187586449672303,1.0,10.813317040353027,0.2083333333333333,0.5833333333333334,0.0591257904121187,0.1134056068437245,True,2.5187586449672366,1.0
2010-12-14,2.497323530833738,1.0,10.721293659953028,0.2083333333333333,0.5833333333333334,0.0472768095149749,0.1024957462920577,True,2.4973235308337443,1.0
2010-12-15,2.482229811762063,1.0,10.656494609053029,0.2083333333333333,0.625,0.0596609173221278,0.1109925449048661,True,2.4822298117620694,1.0
2010-12-16,2.50430173043549,1.0,10.751251863695726,0.16,0.72,0.0577294791836062,0.1111660600964599,True,2.504301730435497,1.0
2010-12-17,2.5090071995568017,1.0,10.771452977261728,0.16,0.68,0.0527468425940953,0.1042858015011627,True,2.509007199556808,1.0
2010-12-20,2.4900899400427385,1.0,10.690239032817733,0.2083333333333333,0.5833333333333334,0.0339520552635483,0.0818933094728762,True,2.4900899400427448,1.0
2010-12-21,2.5048541831569366,1.0,10.75362360599773,0.125,0.5833333333333334,0.0198145151231095,0.0837339992003654,True,2.504854183156943,1.0
2010-12-22,2.507100631447637,1.0,10.763267863747728,0.1666666666666666,0.5416666666666666,0.0284564492518715,0.0762327333858323,True,2.5071006314476434,1.0
2010-12-23,2.508408203002661,1.0,10.76888141699773,0.2083333333333333,0.5833333333333334,0.011388036851988,0.0788748648393127,True,2.5084082030026673,1.0
2010-12-27,2.5000407482384928,1.0,10.73295898299773,0.2083333333333333,0.4583333333333333,0.0076230240418413,0.0778893724280189,True,2.500040748238499,1.0
2010-12-28,2.497409707724982,1.0,10.721663627138424,0.217391304347826,0.4347826086956521,0.0105079542646169,0.0648536101686132,True,2.497409707724988,1.0
2010-12-29,2.501643821800553,1.0,10.739841159938424,0.217391304347826,0.5652173913043478,0.0068863765341791,0.0723332514341628,True,2.501643821800559,1.0
2010-12-30,2.4984444588391583,1.0,10.726105931238424,0.1739130434782608,0.5652173913043478,-0.0042680217886644,0.0560267863279,False,2.4984444588391646,1.0
2010-12-31,2.48092708953954,1.0,10.650901874538429,0.1739130434782608,0.391304347826087,-0.009670325987945,0.0454728296418784,False,2.4809270895395463,1.0
2011-01-03,2.5241157086345987,1.0,10.836315523338428,0.217391304347826,0.5217391304347826,0.0043732923589361,0.0626325773015012,True,2.524115708634605,1.0
2011-01-04,2.508964211404216,1.0,10.771268424238428,0.4782608695652174,0.2608695652173913,-0.0084721141732985,0.0487463629532962,False,2.5089642114042223,1.0
2011-01-05,2.515936646601644,1.0,10.801201880738423,0.4347826086956521,0.2608695652173913,-0.002514349214156,0.0504854069735254,False,2.5159366466016504,1.0
2011-01-06,2.5043764138404025,1.0,10.75157248803843,0.5217391304347826,0.3478260869565217,-0.0036180806478499,0.0556094416928489,False,2.5043764138404088,1.0
2011-01-07,2.5007218289413458,1.0,10.735882939838428,0.4347826086956521,0.3043478260869565,-0.009380055951437,0.0381166749615256,False,2.500721828941352,1.0
2011-01-10,2.515661731562145,1.0,10.800021639238429,0.4782608695652174,0.3043478260869565,-0.012304301349716,0.0438226345512446,False,2.515661731562151,1.0
2011-01-11,2.5082138609624893,1.0,10.768047084538429,0.4347826086956521,0.3478260869565217,-0.0041865003722409,0.0546917598963083,False,2.5082138609624955,1.0
2011-01-12,2.520132085926264,1.0,10.819213378438423,0.4347826086956521,0.2608695652173913,0.0091331999282093,0.0568417979964526,True,2.5201320859262704,1.0
2011-01-13,2.535060737854841,1.0,10.883303777338426,0.4347826086956521,0.3478260869565217,0.0212836562684239,0.0822143760474947,True,2.535060737854847,1.0
2011-01-14,2.528114353330638,1.0,10.853482159338428,0.391304347826087,0.4347826086956521,0.0095086876336614,0.0677870984020785,True,2.5281143533306443,1.0
2011-01-18,2.5370882791998337,1.0,10.89200824269863,0.3636363636363636,0.4090909090909091,0.0111921080369929,0.0645292989920116,True,2.53708827919984,1.0
2011-01-19,2.5056882590559493,1.0,10.757204388598623,0.4090909090909091,0.3636363636363636,0.006264158881323,0.0404288952133897,True,2.5056882590559555,1.0
2011-01-20,2.4792059990685096,1.0,10.643513037598629,0.5454545454545454,0.3636363636363636,-0.0102393920815386,0.0093722344523197,False,2.479205999068516,1.0
2011-01-21,2.473932587030871,1.0,10.620873680564028,0.5909090909090909,0.3181818181818182,-0.0132296422412104,0.0148503383676037,False,2.4739325870308773,1.0
2011-01-24,2.4812902610612277,1.0,10.652461011144029,0.5454545454545454,0.3636363636363636,-0.0108108169591264,0.000454105910931,False,2.481290261061234,1.0
2011-01-25,2.47810983370397,1.0,10.638807075144028,0.5454545454545454,0.3181818181818182,-0.0087722228327574,-0.0012160696564706,False,2.4781098337039764,1.0
2011-01-26,2.488877243446192,1.0,10.685032788544028,0.5909090909090909,0.3636363636363636,-0.0034165256314959,0.0070555279380413,False,2.4888772434461983,1.0
2011-01-27,2.54997003476471,1.0,10.947311082944028,0.4090909090909091,0.4545454545454545,0.0193177831884054,0.0263371892514256,True,2.5499700347647165,1.0
2011-01-28,2.5048320765374195,1.0,10.753528699768426,0.5217391304347826,0.391304347826087,0.0025566378614756,-0.0017222957132874,True,2.504832076537426,1.0
2011-01-31,2.5087753566610025,1.0,10.77045764936843,0.5217391304347826,0.391304347826087,0.0112249437876998,0.0014460689341313,True,2.508775356661009,1.0
2011-02-01,2.560475212598892,1.0,10.992411004968428,0.4347826086956521,0.4782608695652174,0.0144048483355632,0.0188411373076569,True,2.560475212598899,1.0
2011-02-02,2.5858996299985058,1.0,11.101560917548428,0.4347826086956521,0.5217391304347826,0.0306642152345537,0.0219323103287534,True,2.585899629998513,1.0
2011-02-03,2.6093929838165906,1.0,11.202420554768429,0.3478260869565217,0.5217391304347826,0.0371457434515218,0.0345379968665091,True,2.6093929838165977,1.0
2011-02-04,2.632659824710392,1.0,11.30230774626843,0.2608695652173913,0.6521739130434783,0.0512236939147938,0.0474202818112794,True,2.632659824710399,1.0
2011-02-07,2.642114600220024,1.0,11.342898171768429,0.217391304347826,0.6956521739130435,0.0565407834019413,0.046630371738656,True,2.6421146002200313,1.0
2011-02-08,2.6608512603107086,1.0,11.423336782368429,0.1739130434782608,0.6956521739130435,0.0577142494664439,0.0446998145991199,True,2.6608512603107157,1.0
2011-02-09,2.687029477820825,1.0,11.53572284446843,0.217391304347826,0.6956521739130435,0.0712920136681318,0.0668070492541312,True,2.687029477820832,1.0
2011-02-10,2.708621177421122,1.0,11.628418464068426,0.217391304347826,0.7391304347826086,0.0747933382331349,0.0846096406727257,True,2.7086211774211293,1.0
2011-02-11,2.7476605494002064,1.0,11.796018923568427,0.217391304347826,0.7391304347826086,0.0838637940190998,0.1069323784527922,True,2.747660549400214,1.0
2011-02-14,2.7798885671038804,1.0,11.934377465268428,0.217391304347826,0.6956521739130435,0.099589725220121,0.1100453804424226,True,2.779888567103888,1.0
2011-02-15,2.747373946153858,1.0,11.79478850326843,0.2608695652173913,0.6956521739130435,0.0828846472068152,0.0950044091699549,True,2.7473739461538655,1.0
2011-02-16,2.7740212146509617,1.0,11.909188254548429,0.1304347826086956,0.6521739130434783,0.107089521062812,0.1140245057185971,True,2.7740212146509697,1.0
2011-02-17,2.772082943298348,1.0,11.900867035408227,0.125,0.75,0.1181333638027168,0.106684357891291,True,2.772082943298356,1.0
2011-02-18,2.762785284194184,1.0,11.860951128488228,0.125,0.75,0.1167585158454069,0.101984200210947,True,2.762785284194192,1.0
2011-02-22,2.68044462019242,1.0,11.507453302508225,0.1666666666666666,0.625,0.0802624192165313,0.0685838999345582,True,2.680444620192428,1.0
2011-02-23,2.6165816763213288,1.0,11.233282428459528,0.36,0.4,0.0558780086072245,0.0466156114315139,True,2.6165816763213368,1.0
2011-02-24,2.6471781843510303,1.0,11.364636713759529,0.32,0.48,0.0636033542118972,0.0599695260904871,True,2.6471781843510382,1.0
2011-02-25,2.6958117750162383,1.0,11.57342624415953,0.28,0.6,0.0571935113994332,0.0776161464408367,True,2.6958117750162462,1.0
2011-02-28,2.6981482577398346,1.0,11.583457029959526,0.36,0.56,0.0771773018292099,0.0799312541025887,True,2.6981482577398426,1.0
2011-03-01,2.658591971605382,1.0,11.41363739925953,0.32,0.52,0.0597170306805687,0.0716122947808262,True,2.6585919716053894,1.0
2011-03-02,2.6863679672107432,1.0,11.532882904259528,0.32,0.6,0.0491677302683473,0.0642808323014301,True,2.686367967210751,1.0
2011-03-03,2.7261827039008075,1.0,11.703812092559524,0.24,0.64,0.054249233912603,0.0865769593321623,True,2.726182703900816,1.0
2011-03-04,2.734600897359397,1.0,11.739952353539527,0.24,0.6,0.047983540355686,0.086911668087156,True,2.7346008973594054,1.0
2011-03-07,2.688237546940816,1.0,11.540909222459526,0.32,0.52,0.021110863511027,0.0734159338365867,True,2.6882375469408246,1.0
2011-03-08,2.689243689680999,1.0,11.54522870755953,0.24,0.52,0.0178376401451514,0.0753869776949416,True,2.6892436896810072,1.0
2011-03-09,2.67430171906224,1.0,11.481081130009327,0.28,0.44,0.0050549457431758,0.063060937609281,True,2.6743017190622482,1.0
2011-03-10,2.6483567722663417,1.0,11.369696525589324,0.36,0.52,-0.0143923637137933,0.0558735893637378,False,2.64835677226635,1.0
2011-03-11,2.6841334209902743,1.0,11.523289743449329,0.32,0.52,-0.0090406722929642,0.0650764838795079,False,2.6841334209902827,1.0
2011-03-14,2.6769804484465545,1.0,11.49258121960933,0.32,0.4,-0.0257237383158847,0.0559827654116906,False,2.676980448446563,1.0
2011-03-15,2.672427269160571,1.0,11.473033903609329,0.44,0.28,-0.0386566926512679,0.0570832231697946,False,2.6724272691605795,1.0
2011-03-16,2.6441517131217807,1.0,11.351643728909329,0.64,0.2,-0.0375712353160297,0.042199333306492,False,2.6441517131217886,1.0
2011-03-17,2.6462143785334056,1.0,11.360498985878326,0.56,0.24,-0.0460727680965613,0.0560828422967518,False,2.6462143785334136,1.0
2011-03-18,2.629430911571764,1.0,11.288445655300126,0.625,0.2083333333333333,-0.0514602321230869,0.0605939613568611,False,2.629430911571772,1.0
2011-03-21,2.677120471409891,1.0,11.493182354100128,0.4166666666666667,0.25,-0.0310066849111935,0.0821315364226962,False,2.677120471409899,1.0
2011-03-22,2.6826296813684247,1.0,11.516834018400129,0.4166666666666667,0.2916666666666667,0.0008151860924658,0.0811430341168899,True,2.6826296813684327,1.0
2011-03-23,2.713927635240845,1.0,11.651199690400126,0.1666666666666666,0.4166666666666667,0.0372034856776861,0.0951603509778273,True,2.7139276352408532,1.0
2011-03-24,2.742119383819136,1.0,11.772230070150124,0.2083333333333333,0.5833333333333334,0.0358650581322241,0.1017495503403356,True,2.7421193838191447,1.0
2011-03-25,2.756175929257475,1.0,11.83257641680013,0.2083333333333333,0.625,0.0223918282428576,0.0808660069261528,True,2.7561759292574837,1.0
2011-03-28,2.7550661435347066,1.0,11.827811980600128,0.2916666666666667,0.5,0.0210951661501916,0.0999005359845124,True,2.7550661435347155,1.0
2011-03-29,2.7872085111175875,1.0,11.965802816600128,0.25,0.5416666666666666,0.0483776904789721,0.1109836931861287,True,2.7872085111175964,1.0
2011-03-30,2.807728994857162,1.0,12.05389958480013,0.1666666666666666,0.7083333333333334,0.0451766210466049,0.096565583233007,True,2.8077289948571713,1.0
2011-03-31,2.796084456290816,1.0,12.003908257700123,0.2083333333333333,0.625,0.0256408905720026,0.0812811231549737,True,2.796084456290825,1.0
2011-04-01,2.808650712415013,1.0,12.057856623000124,0.125,0.7083333333333334,0.0270788381321454,0.0763617170101305,True,2.808650712415022,1.0
2011-04-04,2.8303474612732837,1.0,12.15100323100013,0.125,0.7083333333333334,0.0528635999799143,0.0750904597348189,True,2.830347461273293,1.0
2011-04-05,2.8515436907437683,1.0,12.242001052400129,0.125,0.8333333333333334,0.0603515410989103,0.0792657103163894,True,2.8515436907437777,1.0
2011-04-06,2.838212411889711,1.0,12.184768357600127,0.125,0.8333333333333334,0.0612910247408231,0.0666557932886076,True,2.8382124118897205,1.0
2011-04-07,2.825817701940493,1.0,12.131556459520128,0.0833333333333333,0.875,0.0670079392370865,0.0516511728900812,True,2.8258177019405024,1.0
2011-04-08,2.820050697262706,1.0,12.106798053200128,0.125,0.875,0.0506373026055781,0.0411388350539572,True,2.8200506972627153,1.0
2011-04-11,2.8068179805566844,1.0,12.049988496900124,0.125,0.7916666666666666,0.0485014868844009,0.0215301090119706,True,2.8068179805566937,1.0
2011-04-12,2.7886859682649394,1.0,11.97214570800013,0.25,0.7083333333333334,0.0435030357779893,0.0031646596432546,True,2.7886859682649487,1.0
2011-04-13,2.8262946864934264,1.0,12.133604208400126,0.125,0.7916666666666666,0.0688852203403258,0.0287258822010929,True,2.8262946864934357,1.0
2011-04-14,2.8272453933609185,1.0,12.13768570100013,0.125,0.7916666666666666,0.0684113185598525,0.0191866516481029,True,2.827245393360928,1.0
2011-04-15,2.837495182164705,1.0,12.18168920890013,0.125,0.7916666666666666,0.0791290121665784,0.0235967827097287,True,2.8374951821647145,1.0
2011-04-18,2.8027340387936337,1.0,12.032455670900124,0.125,0.7083333333333334,0.0469211485718412,0.0144595943912093,True,2.802734038793643,1.0
2011-04-19,2.822771009357256,1.0,12.11847666209973,0.1666666666666666,0.7083333333333334,0.0522402808565596,0.0530980524994462,True,2.822771009357265,1.0
2011-04-20,2.87452719720748,1.0,12.340671856999728,0.0833333333333333,0.7916666666666666,0.0591760664069369,0.0985811080236556,True,2.87452719720749,1.0
2011-04-21,2.8963859251703785,1.0,12.434513859699726,0.0416666666666666,0.9166666666666666,0.0562581418816219,0.0941409015428413,True,2.8963859251703883,1.0
2011-04-25,2.8934108631675826,1.0,12.421741580499724,0.0416666666666666,0.75,0.04979179030385,0.0732985477630958,True,2.8934108631675923,1.0
2011-04-26,2.8512277792350287,1.0,12.240644808399727,0.125,0.625,0.0349035669891206,0.0567350296841822,True,2.8512277792350385,1.0
2011-04-27,2.894519615561073,1.0,12.42650158049973,0.0416666666666666,0.75,0.0385012832787512,0.088741576923226,True,2.894519615561083,1.0
2011-04-28,2.882249618006536,1.0,12.373825086899728,0.0416666666666666,0.6666666666666666,0.026541245001163,0.0729169098152906,True,2.8822496180065458,1.0
2011-04-29,2.8879500186888523,1.0,12.398297554699726,0.1666666666666666,0.625,0.0328550742418922,0.0593383981772663,True,2.887950018688862,1.0
2011-05-02,2.870477299845064,1.0,12.323285187479724,0.1666666666666666,0.6666666666666666,0.0220129142996525,0.0496878365749351,True,2.870477299845074,1.0
2011-05-03,2.825914046098408,1.0,12.131970075936527,0.3478260869565217,0.4347826086956521,-0.0015663854828912,0.0512144097214413,False,2.8259140460984176,1.0
2011-05-04,2.806200137238449,1.0,12.047336025336524,0.4347826086956521,0.4347826086956521,-0.0159014058429148,0.0434904609077362,False,2.806200137238459,1.0
2011-05-05,2.813399647371844,1.0,12.078244340336528,0.4347826086956521,0.391304347826087,-0.0087423916595965,0.0520128029377244,False,2.813399647371854,1.0
2011-05-06,2.8284487528793267,1.0,12.142851860136528,0.391304347826087,0.4782608695652174,0.0009310759632605,0.0680014046819186,True,2.8284487528793365,1.0
2011-05-09,2.864433237807768,1.0,12.29733734243652,0.3478260869565217,0.6086956521739131,0.0157382066173994,0.0671724495539318,True,2.864433237807778,1.0
2011-05-10,2.8881054965764927,1.0,12.39896503893653,0.2608695652173913,0.6521739130434783,0.0289607365290165,0.0788668621963422,True,2.8881054965765025,1.0
2011-05-11,2.865802634805488,1.0,12.30321631933653,0.3043478260869565,0.5652173913043478,0.0276534064495361,0.0723594493576831,True,2.865802634805498,1.0
2011-05-12,2.87781364128762,1.0,12.354780934836526,0.2608695652173913,0.6956521739130435,0.0182284441323115,0.0883693348631529,True,2.87781364128763,1.0
2011-05-13,2.8467521298181286,1.0,12.221430336936526,0.3043478260869565,0.5217391304347826,0.0068995554835873,0.0757828817315491,True,2.8467521298181384,1.0
2011-05-16,2.793803831892367,1.0,11.994117278036525,0.4347826086956521,0.4347826086956521,-0.0153978588393605,0.0625127359677788,False,2.7938038318923764,1.0
2011-05-17,2.7976477772584984,1.0,12.010619772236527,0.5217391304347826,0.391304347826087,-0.0018147499779621,0.0450212484405423,False,2.7976477772585078,1.0
2011-05-18,2.849855166514544,1.0,12.234752026036528,0.3043478260869565,0.4782608695652174,0.0095948828535887,0.0623364030852056,True,2.8498551665145535,1.0
2011-05-19,2.8674408788924213,1.0,12.310249487336526,0.3478260869565217,0.4782608695652174,-0.0024652117822862,0.0565649730885151,False,2.8674408788924306,1.0
2011-05-20,2.8539155429670773,1.0,12.252183683481023,0.4166666666666667,0.375,-0.0146632331811245,0.0407699824477503,False,2.8539155429670866,1.0
2011-05-23,2.8283322851125865,1.0,12.142351850781028,0.5,0.375,-0.0224919934059243,0.0261798802787422,False,2.828332285112596,1.0
2011-05-24,2.8247522829123493,1.0,12.126982494581029,0.5416666666666666,0.4166666666666667,-0.0092856475780346,0.0252938171888086,False,2.8247522829123586,1.0
2011-05-25,2.8570859268212203,1.0,12.265794501581029,0.5,0.5,-0.0129326084157821,0.02507075284282,False,2.85708592682123,1.0
2011-05-26,2.887495039041842,1.0,12.396344275381026,0.4583333333333333,0.5,0.0018199051888279,0.0284094527394864,True,2.887495039041852,1.0
2011-05-27,2.911187394110749,1.0,12.498058247581024,0.4583333333333333,0.5,0.0080463218793682,0.0411657586239815,True,2.9111873941107587,1.0
2011-05-31,2.940116043393551,1.0,12.622252225781024,0.3333333333333333,0.5416666666666666,0.0242603359212236,0.046807290916391,True,2.940116043393561,1.0
2011-06-01,2.891111171243236,1.0,12.411868741781024,0.375,0.5,0.023071163553203,0.0214686397346486,True,2.891111171243246,1.0
2011-06-02,2.906282542697221,1.0,12.477001163181026,0.375,0.4166666666666667,0.0356647425572658,0.0191962171686648,True,2.9062825426972307,1.0
2011-06-03,2.881127517905881,1.0,12.369007783676324,0.4,0.4,0.0240733201901506,0.0151204701369049,True,2.8811275179058904,1.0
2011-06-06,2.801009725099267,1.0,12.025052996296324,0.6,0.36,-0.0097010871249217,-0.0087790436107005,False,2.8010097250992763,1.0
2011-06-07,2.8136290481861046,1.0,12.079229184096327,0.56,0.28,-0.0177362100645585,-0.0022771395857646,False,2.813629048186114,1.0
2011-06-08,2.762809192694452,1.0,11.86105377039633,0.68,0.24,-0.0433835620030376,-0.0156792453828812,False,2.762809192694461,1.0
2011-06-09,2.786848070714346,1.0,11.964255404996326,0.6,0.24,-0.0275505937262495,-0.0006590550429512,False,2.7868480707143557,1.0
2011-06-10,2.7372113170530614,1.0,11.751159181876323,0.64,0.2,-0.048857341635106,-0.0315194908252434,False,2.737211317053071,1.0
2011-06-13,2.703353779378173,1.0,11.60580492579633,0.76,0.12,-0.0503726154932624,-0.0438206086651242,False,2.7033537793781828,1.0
2011-06-14,2.74165138061392,1.0,11.770220879216325,0.68,0.24,-0.0186671843896504,-0.0337776085588507,False,2.7416513806139298,1.0
2011-06-15,2.693520356191245,1.0,11.563588922796328,0.72,0.24,-0.0372196321186976,-0.0389668377700925,False,2.693520356191254,1.0
2011-06-16,2.6662462775374234,1.0,11.44649820429633,0.76,0.16,-0.0644274456942594,-0.0554507366346629,False,2.6662462775374327,1.0
2011-06-17,2.6650844138311984,1.0,11.441510191396327,0.76,0.16,-0.0705704053223181,-0.072861646109923,False,2.6650844138312078,1.0
2011-06-20,2.684306618933091,1.0,11.524033301896324,0.72,0.16,-0.0594302534466918,-0.0732220469635142,False,2.6843066189331,1.0
2011-06-21,2.771997739144811,1.0,11.90050124429633,0.6,0.32,-0.0199179376002962,-0.0419619368850551,False,2.7719977391448203,1.0
2011-06-22,2.752616514328865,1.0,11.817295444096324,0.52,0.28,-0.0255370246162298,-0.0345855443834866,False,2.7526165143288743,1.0
2011-06-23,2.7886542058854813,1.0,11.972009348496329,0.48,0.32,-0.0239515795774037,-0.0365744315935719,False,2.788654205885491,1.0
2011-06-24,2.7640265993285347,1.0,11.866280235396328,0.6,0.2,-0.0427597062657736,-0.0410176196882516,False,2.7640265993285444,1.0
2011-06-27,2.800702699728607,1.0,12.023734901496328,0.52,0.28,-0.0379517631210033,-0.0302108133435962,False,2.800702699728617,1.0
2011-06-28,2.8486132223653704,1.0,12.22942021869633,0.52,0.36,-0.0311221801036689,-0.007616878726361,False,2.848613222365381,1.0
2011-06-29,2.8595915118979844,1.0,12.276551262996325,0.48,0.32,-0.0109022647274049,0.0119173708931719,False,2.859591511897995,1.0
2011-06-30,2.889417236507056,1.0,12.404596487496326,0.44,0.36,-0.0058030511288531,0.0296547271038554,False,2.889417236507067,1.0
2011-07-01,2.935636123770194,1.0,12.60301942183633,0.36,0.48,0.0189191924083704,0.043447960375107,True,2.935636123770205,1.0
2011-07-05,2.979398645812847,1.0,12.790896901196326,0.36,0.56,0.063687362137687,0.053368438363911,True,2.979398645812858,1.0
2011-07-06,2.990871940902933,1.0,12.840153060596323,0.28,0.56,0.0629944067541858,0.0441409146585429,True,2.9908719409029443,1.0
2011-07-07,3.02821544840066,1.0,13.000472981196328,0.28,0.64,0.0960639107499741,0.0485127541186607,True,3.0282154484006716,1.0
2011-07-08,3.0264028204593645,1.0,12.992691163496328,0.28,0.64,0.0859590274268571,0.0560402114588667,True,3.026402820459376,1.0
2011-07-11,2.970278189477491,1.0,12.751741745896329,0.28,0.6,0.0851475627666751,0.0321301375680811,True,2.970278189477502,1.0
2011-07-12,2.953797256968376,1.0,12.680987230096328,0.32,0.52,0.0926417694571257,0.037602545732384,True,2.9537972569683872,1.0
2011-07-13,2.9878223785657823,1.0,12.827060942996322,0.32,0.64,0.0897893144593531,0.0694460163804695,True,2.9878223785657934,1.0
2011-07-14,2.9539160150645527,1.0,12.68149707209633,0.32,0.56,0.0966748434905162,0.0558570092619687,True,2.953916015064564,1.0
2011-07-15,2.9757900638192702,1.0,12.775404848696327,0.32,0.6,0.1160972221094838,0.0441899289425111,True,2.9757900638192814,1.0
2011-07-18,2.94234799458722,1.0,12.631834245846326,0.32,0.52,0.1040355717504046,0.0261233339617212,True,2.9423479945872306,1.0
2011-07-19,3.004757020166506,1.0,12.899763283476329,0.28,0.64,0.1193792091310272,0.052854219029413,True,3.004757020166517,1.0
2011-07-20,2.9687924892452493,1.0,12.745363465996324,0.32,0.52,0.0709938349953889,0.0496618466196487,True,2.96879248924526,1.0
2011-07-21,2.968832770033361,1.0,12.745536395996329,0.32,0.52,0.0785493564319519,0.0510064149669302,True,2.9688327700333716,1.0
2011-07-22,3.004302717566265,1.0,12.89781291079633,0.32,0.56,0.0773306748558697,0.0515269034658811,True,3.0043027175662758,1.0
2011-07-25,2.9831627866989563,1.0,12.807056785696329,0.4,0.48,0.0792815045353241,0.0331317444233114,True,2.983162786698967,1.0
2011-07-26,2.970585417148877,1.0,12.75306070919633,0.4,0.4,0.0606571762996237,0.0204033663921081,True,2.9705854171488877,1.0
2011-07-27,2.911245628841418,1.0,12.498308255896328,0.64,0.28,0.0219869815896032,-0.0098194813150334,False,2.911245628841429,1.0
2011-07-28,2.8904402392862747,1.0,12.408988354659526,0.625,0.25,0.0107878091188677,-0.0002320671593797,False,2.8904402392862854,1.0
2011-07-29,2.9028988910838573,1.0,12.462474762359529,0.5416666666666666,0.25,0.0046658732447721,-0.0011642541850812,True,2.902898891083868,1.0
2011-08-01,2.900918443871042,1.0,12.453972477459526,0.6666666666666666,0.2916666666666667,-0.0118262885573722,0.0068691600223045,False,2.9009184438710527,1.0
2011-08-02,2.820052662237347,1.0,12.106806489059524,0.8333333333333334,0.1666666666666666,-0.0534825991813615,0.0067985972941972,False,2.820052662237358,1.0
2011-08-03,2.8313463647360155,1.0,12.155291637059529,0.7916666666666666,0.1666666666666666,-0.0533374812827183,0.0062969624803002,False,2.831346364736026,1.0
2011-08-04,2.691943643486118,1.0,11.556819916009529,1.0,0.0,-0.1110461955711054,-0.025649816641598,False,2.691943643486128,1.0
2011-08-05,2.659892253497755,1.0,11.419219657159529,1.0,0.0,-0.1211043567908051,-0.0455553420908406,False,2.659892253497765,1.0
2011-08-08,2.586045545324015,0.0,10.688562291759528,1.0,0.0,-0.1617958938668717,-0.0904248571286163,False,2.586045545324025,0.0
2011-08-09,2.586045545324015,0.0,11.306961778422629,1.0,0.0,-0.1083531925978653,-0.0257494546293346,False,2.586045545324025,0.0
2011-08-10,2.585797588733909,0.0,11.123323702494227,1.0,0.0,-0.1328236646004514,-0.0549604959295521,False,2.585797588733919,0.0
2011-08-11,2.5860455453240148,0.0,11.565000158342633,0.8947368421052632,0.0526315789473684,-0.0880414124141837,0.0001220413105071,False,2.5860455453240245,0.0
2011-08-12,2.5860455453240148,0.0,11.659471996642624,0.8421052631578947,0.0526315789473684,-0.0873500969456618,0.0186060215574364,False,2.5860455453240245,0.0
2011-08-15,2.5860455453240148,0.0,11.780221588092628,0.7368421052631579,0.0526315789473684,-0.0674179728121219,0.0296037315905204,False,2.5860455453240245,0.0
2011-08-16,2.5860455453240148,0.0,11.641606257192628,0.631578947368421,0.1052631578947368,-0.097533342173442,0.0102024137050138,False,2.5860455453240245,0.0
2011-08-17,2.5860455453240148,0.0,11.543589188692629,0.8421052631578947,0.0,-0.0942910949938727,-0.0299913464380133,False,2.5860455453240245,0.0
2011-08-18,2.584912029483531,0.0,11.085542156892627,1.0,0.0,-0.1302412223015694,-0.0619222300623164,False,2.5849120294835406,0.0
2011-08-19,2.5860455453240148,0.0,10.937478250092626,0.9473684210526316,0.0,-0.1519896957927474,-0.0864124866836691,False,2.5860455453240245,0.0
2011-08-22,2.584912029483531,0.0,10.958760433904292,0.7647058823529411,0.0588235294117647,-0.1443185880034765,-0.0764788782574815,False,2.5849120294835406,0.0
2011-08-23,2.5860455453240148,0.0,11.253622387858496,0.8125,0.125,-0.1175747811077679,-0.0640493590341877,False,2.5860455453240245,0.0
2011-08-24,2.5860455453240148,0.0,11.304711413058492,0.625,0.1875,-0.0955006724429871,-0.0756134623801825,False,2.5860455453240245,0.0
2011-08-25,2.584912029483531,0.0,11.211963764658494,0.625,0.1875,-0.0964643172988033,-0.0867171468217368,False,2.5849120294835406,0.0
2011-08-26,2.5860455453240148,0.0,11.416609235858491,0.5,0.375,-0.0839211750831279,-0.079646867403846,False,2.5860455453240245,0.0
2011-08-29,2.5860455453240148,0.0,11.624429310776495,0.4117647058823529,0.4705882352941176,-0.0666087200838465,-0.07764727469707,False,2.5860455453240245,0.0
2011-08-30,2.5860455453240148,0.0,11.786720192676492,0.4117647058823529,0.5882352941176471,-0.0264385407227151,-0.0785071380276635,False,2.5860455453240245,0.0
2011-08-31,2.5860455453240148,0.0,11.764619914832096,0.2941176470588235,0.6470588235294118,-0.0321400533933992,-0.0837632651798215,False,2.5860455453240245,0.0
2011-09-01,2.5860455453240148,0.0,11.69289524723209,0.3529411764705882,0.5882352941176471,0.0117744615051116,-0.1005792432210348,True,2.5860455453240245,0.0
2011-09-02,2.5860455453240148,0.0,11.575409876332092,0.2352941176470588,0.5294117647058824,0.0136778364776122,-0.1090829659021038,True,2.5860455453240245,0.0
2011-09-06,2.585478787403773,0.0,11.64768339683209,0.2941176470588235,0.5294117647058824,0.0897334065042598,-0.086580984077688,True,2.585478787403783,0.0
2011-09-07,2.598058535456987,1.0,11.794856711132097,0.2352941176470588,0.6470588235294118,0.0431499586069645,-0.069878669766431,True,2.592146505192321,0.55
2011-09-08,2.5948077996199057,1.0,11.780098782132097,0.2352941176470588,0.5882352941176471,0.0590448590011454,-0.0816213601476553,True,2.59036266896099,0.55
2011-09-09,2.5548196772363894,1.0,11.598557770940896,0.2222222222222222,0.6111111111111112,0.0029016525844192,-0.085395225421632,True,2.5686624572187537,0.55
2011-09-12,2.554629707557501,1.0,11.597695332658091,0.3157894736842105,0.5789473684210527,-0.0052984100825768,-0.0921856903938677,False,2.5685574077733526,0.55
2011-09-13,2.578789582015714,1.0,11.707378102889994,0.2,0.55,-0.0061835411717776,-0.0731846321732979,False,2.5816644119143066,0.55
2011-09-14,2.596263406600797,1.0,11.786707053475112,0.238095238095238,0.6190476190476191,0.0124639841854157,-0.0862850120224268,True,2.59128572931929,0.55
2011-09-15,2.6047744266141653,1.0,11.825346006429111,0.1818181818181818,0.6363636363636364,0.0244080773432646,-0.0721844819899997,True,2.595957815578175,0.55
2011-09-16,2.6164061165776924,1.0,11.878152405729113,0.1363636363636363,0.7272727272727273,0.0714994573669693,-0.0680539416559731,True,2.6023335911111247,0.55
2011-09-19,2.635444379776974,1.0,11.964583709489114,0.1363636363636363,0.6363636363636364,0.0939069715990328,-0.0723556162398697,True,2.613005076582763,0.55
2011-09-20,2.637222205360385,1.0,11.972654812479115,0.2272727272727272,0.6818181818181818,0.0925190750076103,-0.0651517352643522,True,2.6139745552106213,0.55
2011-09-21,2.6055109777513885,1.0,11.828689855309117,0.3181818181818182,0.5909090909090909,0.0511006543165213,-0.0724822750369754,True,2.5966871275324532,0.55
2011-09-22,2.512757519490416,1.0,11.407600901877313,0.391304347826087,0.5652173913043478,0.0091014697376501,-0.0872683991855018,True,2.5455893446907782,0.55
2011-09-23,2.5048412651676406,1.0,11.371662109832512,0.4166666666666667,0.5416666666666666,0.0142435659377893,-0.0835947472251033,True,2.5414296772805924,0.55
2011-09-26,2.5218395367506266,1.0,11.448832110016117,0.44,0.52,0.0028224557302369,-0.0813355831543926,True,2.5509152889460176,0.55
2011-09-27,2.533763579693454,1.0,11.502965754816117,0.36,0.56,-0.0104489908891935,-0.0763617170637431,False,2.5572974945378952,0.55
2011-09-28,2.4717643996726983,1.0,11.221497329616115,0.52,0.4,-0.0479542106557827,-0.0731249120272493,False,2.5231335410942983,0.55
2011-09-29,2.4270065888435863,1.0,11.018302536955112,0.5833333333333334,0.3333333333333333,-0.0634374406721014,-0.0935386113351587,False,2.4980051495861466,0.55
2011-09-30,2.3960710229242315,1.0,10.87785898561981,0.6086956521739131,0.3478260869565217,-0.0697035459891949,-0.0587498062031028,False,2.48049285199704,0.55
2011-10-03,2.303696983999082,1.0,10.458492547919812,0.782608695652174,0.0869565217391304,-0.0964905208839307,-0.0841324659726084,False,2.4278970701569182,0.55
2011-10-04,2.3389038785940217,1.0,10.618327390485511,0.7272727272727273,0.2727272727272727,-0.0883743119791992,-0.006571033536303,False,2.4483048296220518,0.55
2011-10-05,2.381261967114348,1.0,10.81062774778551,0.5909090909090909,0.3181818181818182,-0.0834456057798194,-0.0438963216081871,False,2.4726914803544093,0.55
2011-10-06,2.4096564300685457,1.0,10.939535013485512,0.5454545454545454,0.3181818181818182,-0.0713545602793704,-0.0165228212290093,False,2.4886641389355697,0.55
2011-10-07,2.4028343939452723,1.0,10.908563833485513,0.5454545454545454,0.3636363636363636,-0.0594896323389533,-0.0567605979999565,False,2.4850345394660773,0.55
2011-10-10,2.478125708311174,1.0,11.250376865185512,0.3181818181818182,0.5909090909090909,-0.0299471970516901,-0.0350869346034633,False,2.527616259099661,0.55
2011-10-11,2.4838612973426546,1.0,11.27641571298551,0.3181818181818182,0.5909090909090909,-0.0368111789093151,-0.0427670966407254,False,2.5310832209002596,0.55
2011-10-12,2.4731584674096565,1.0,11.227826220585516,0.3181818181818182,0.5454545454545454,-0.0474161977856927,-0.0355432083396105,False,2.5248350768950436,0.55
2011-10-13,2.4748514004796105,1.0,11.235511922315917,0.3333333333333333,0.4761904761904761,-0.0498788013300006,-0.026688169627388,False,2.5260347592346553,0.55
2011-10-14,2.496223411036879,1.0,11.332538143515912,0.2857142857142857,0.3809523809523809,-0.0459342702110842,0.0222809117612448,False,2.537783289300737,0.55
2011-10-17,2.4704666496378724,1.0,11.215605708815913,0.4761904761904761,0.238095238095238,-0.0625995871531398,0.0254288467929919,False,2.52338121570959,0.55
2011-10-18,2.46555037537839,1.0,11.193286446315916,0.4761904761904761,0.3333333333333333,-0.065095701694403,0.0214007792054697,False,2.5208683194460693,0.55
2011-10-19,2.444228144698851,1.0,11.096486219456272,0.4,0.2,-0.0619006538179041,-0.0139631634140983,False,2.50887797643941,0.55
2011-10-20,2.445839019492825,1.0,11.103799387006273,0.4,0.45,-0.0266314992507359,-0.0177724152975844,False,2.5097873917761873,0.55
2011-10-21,2.482684292575043,1.0,11.271072260406276,0.4,0.5,-0.0088456593640132,0.0052719128413614,False,2.5303345590329234,0.55
2011-10-24,2.5226615802970187,1.0,11.452564083606273,0.4,0.6,0.0003259698067272,0.0031493455723132,True,2.552744074471924,0.55
2011-10-25,2.4764961906558938,1.0,11.242979061406274,0.4,0.6,-0.0226017097635008,-0.0328145355932953,False,2.527302192591554,0.55
2011-10-26,2.4736674703551063,1.0,11.230137029493475,0.3684210526315789,0.5789473684210527,0.0007699239792677,-0.0472212077732058,True,2.525714478838971,0.55
2011-10-27,2.5117086913370663,1.0,11.402839354893471,0.3684210526315789,0.631578947368421,0.0348998238747422,-0.0307515723038799,True,2.5468282265316633,0.55
2011-10-28,2.496200280783168,1.0,11.332433135093472,0.3157894736842105,0.5789473684210527,0.0417889356788496,-0.0308274473102755,True,2.5381793366998346,0.55
2011-10-31,2.488222413618902,1.0,11.296214628551471,0.35,0.65,0.080099696662143,-0.0241196856753628,True,2.533467288702654,0.55
2011-11-01,2.4669373334437013,1.0,11.199583060276472,0.3333333333333333,0.5714285714285714,0.0547407937630357,-0.038471198202167,True,2.5220476629309814,0.55
2011-11-02,2.4830442745929573,1.0,11.272706533176477,0.3333333333333333,0.6666666666666666,0.0427430114301752,-0.0442693108312888,True,2.530855598789979,0.55
2011-11-03,2.5090793415055623,1.0,11.390902439661277,0.1818181818181818,0.7272727272727273,0.0412602021584418,-0.0330384617029823,True,2.545200897656565,0.55
2011-11-04,2.498057191409264,1.0,11.340863274161274,0.2272727272727272,0.6363636363636364,0.039629363431761,-0.0222178051675745,True,2.5393026198965827,0.55
2011-11-07,2.5276850702687685,1.0,11.475370091861272,0.2272727272727272,0.7272727272727273,0.0199987279867934,-0.0105473749127003,True,2.5561175465581014,0.55
2011-11-08,2.5355409173018333,1.0,11.511034642461274,0.3181818181818182,0.6818181818181818,0.0208061617669508,-0.0167709164855837,True,2.5604868636752793,0.55
2011-11-09,2.483892838371372,1.0,11.276558905261272,0.3181818181818182,0.5454545454545454,0.0043403490326923,-0.0432816516011935,True,2.530839062768832,0.65
2011-11-10,2.4642747148684885,1.0,11.187495109161274,0.3636363636363636,0.4545454545454545,-0.0042736649194659,-0.0539393009659975,False,2.5180404862400003,0.65
2011-11-11,2.515331869362913,1.0,11.419288124261277,0.3636363636363636,0.5909090909090909,0.0076549471660063,-0.0386309474566528,True,2.5517585257338884,0.65
2011-11-14,2.512472141279463,1.0,11.406305320942275,0.3043478260869565,0.5652173913043478,0.0170030595829937,-0.0466609120803817,True,2.5500686043653764,0.65
2011-11-15,2.528057900885373,1.0,11.477062695642273,0.3043478260869565,0.6521739130434783,0.0253523619436859,-0.0413936695410517,True,2.560155295370662,0.65
2011-11-16,2.481353319572939,1.0,11.26502981154227,0.3478260869565217,0.4782608695652174,0.015188915549724,-0.0476519420714929,True,2.5296083440130968,0.65
2011-11-17,2.4556864260112934,1.0,11.148505365442274,0.4782608695652174,0.391304347826087,0.004026187512746,-0.0227125351477189,True,2.5126004185620583,0.65
2011-11-18,2.441497446028917,1.0,11.084089193333275,0.4583333333333333,0.4166666666666667,-0.0165896431814962,-0.0252885562129555,False,2.5031638293329577,0.65
2011-11-21,2.4992896408276977,1.0,11.346458438433272,0.625,0.1666666666666666,-0.0092647938399126,-0.0089418440762426,False,2.5416775561106317,0.65
2011-11-22,2.5222557337171048,1.0,11.45072159153327,0.5416666666666666,0.2083333333333333,0.0184775342008873,-0.004541799427767,True,2.5566636897583312,0.65
2011-11-23,2.483261605095457,1.0,11.273693186133276,0.7083333333333334,0.2083333333333333,0.0038785062484465,0.0046514163826785,False,2.53116793762058,0.65
2011-11-25,2.4685087539226926,1.0,11.206717110233276,0.6666666666666666,0.1666666666666666,-0.0171994218769757,0.0171001452035126,False,2.5213935894527357,0.65
2011-11-28,2.529029739216062,1.0,11.481474718581875,0.56,0.36,0.0131517725903771,0.0554903068480687,True,2.561575013021651,0.65
2011-11-29,2.54246243483915,1.0,11.542457455481877,0.44,0.32,0.0217987029308048,0.1036444690853333,True,2.570025562251189,0.65
2011-11-30,2.621586229129562,1.0,11.901669460661871,0.24,0.64,0.0626886194429516,0.1208610379942034,True,2.6222108582763606,0.65
2011-12-01,2.6179297665078263,1.0,11.88506958344417,0.2083333333333333,0.6666666666666666,0.0543226285954896,0.0993875527606389,True,2.6196323637188947,0.65
2011-12-02,2.6121597959665745,1.0,11.858874647944171,0.2916666666666667,0.5833333333333334,0.0410829792250253,0.0840382734115627,True,2.616080517489192,0.65
2011-12-05,2.6351930846952425,1.0,11.96344286164417,0.25,0.5416666666666666,0.0548970190744972,0.0967019164264817,True,2.6310746268439793,0.65
2011-12-06,2.630233938843334,1.0,11.940928967544174,0.25,0.5,0.0405702711072553,0.0613803529102734,True,2.6280581276317765,0.65
2011-12-07,2.6243520196725427,1.0,11.914225799444177,0.2916666666666667,0.4583333333333333,0.0350264914932696,0.0565614201083581,True,2.6240364107998766,0.65
2011-12-08,2.5932330662002294,1.0,11.772949691844175,0.3333333333333333,0.2916666666666667,0.0440197041272318,0.0485511140401522,True,2.60381152361348,0.65
2011-12-09,2.628161377722969,1.0,11.931519802544177,0.2916666666666667,0.6666666666666666,0.0665050295998459,0.0619471444684112,True,2.626407723445065,0.65
2011-12-12,2.605760209403333,1.0,11.829821335444173,0.3333333333333333,0.5833333333333334,0.0359508584699499,0.0438810075581161,True,2.6097522559642377,1.0
2011-12-13,2.564841032014225,1.0,11.644053452444172,0.4583333333333333,0.2916666666666667,0.0208435707104372,0.0382010347681429,True,2.5687703900511503,1.0
2011-12-14,2.53289703931507,1.0,11.499031771244171,0.4583333333333333,0.25,0.0019141723091082,0.0273150630419973,True,2.536777458886462,1.0
2011-12-15,2.540315528574866,1.0,11.532710772944174,0.5,0.2916666666666667,0.0237621174448765,0.0393119537897534,True,2.54420731333421,1.0
2011-12-16,2.558730745878169,1.0,11.616313527244172,0.375,0.4166666666666667,0.0419615138054283,0.0461566462410736,True,2.5626507429053333,1.0
2011-12-19,2.539669371893217,1.0,11.52977730344417,0.3333333333333333,0.4583333333333333,0.0402097188444641,0.02295301077491,True,2.5435601667350887,1.0
2011-12-20,2.602251295130596,1.0,11.81389130904417,0.2916666666666667,0.5,0.0411963674081408,0.0315498977172383,True,2.6062379660053168,1.0
2011-12-21,2.5994973272042734,1.0,11.801388643444175,0.375,0.5833333333333334,0.0306240134394841,0.049667403896068,True,2.6034797789769644,1.0
2011-12-22,2.587469993758896,1.0,11.746786072844172,0.3333333333333333,0.5833333333333334,0.0419643216202481,0.0460055867523105,True,2.5914340195555727,1.0
2011-12-23,2.6111977105157957,1.0,11.854506901844172,0.3333333333333333,0.5833333333333334,0.0578037069410251,0.0396100947223174,True,2.6151980873741456,1.0
2011-12-27,2.6222344693456106,1.0,11.904612389144171,0.3333333333333333,0.625,0.0368539478537091,0.0504904151853158,True,2.6262517546113306,1.0
2011-12-28,2.5930126103807654,1.0,11.771948850344174,0.4583333333333333,0.5,0.0198823687024554,0.0421144814821659,True,2.596985127512732,1.0
2011-12-29,2.611498408265327,1.0,11.855872031544171,0.3333333333333333,0.5416666666666666,-0.0038479836185227,0.0585994110437444,False,2.6154992457951587,1.0
2011-12-30,2.6064703175606083,1.0,11.83304513654417,0.375,0.3333333333333333,-0.0043772942627504,0.0497075482022504,False,2.6104634520131835,1.0
2012-01-03,2.61304371256274,1.0,11.862887517344175,0.4166666666666667,0.4166666666666667,0.0003383853459231,0.0414352664490851,True,2.617046917511755,1.0
2012-01-04,2.6180235615039917,1.0,11.885495400847775,0.4,0.44,-0.0065154706465228,0.048023868511613,False,2.6220343956234764,1.0
2012-01-05,2.636865238853653,1.0,11.971034229747778,0.4,0.44,0.0025211825885096,0.0431937387568919,True,2.640904938581337,1.0
2012-01-06,2.63016500650268,1.0,11.94061602344777,0.44,0.52,0.0022150179497877,0.037319093750433,True,2.634194441418039,1.0
2012-01-09,2.6501744354809382,1.0,12.031456296847775,0.32,0.56,0.0219576751595806,0.0669439496506592,True,2.6542345250098145,1.0
2012-01-10,2.661954134044696,1.0,12.084934636447777,0.28,0.56,0.0128579457137461,0.080218093373878,True,2.6660322701708647,1.0
2012-01-11,2.649507645492424,1.0,12.028429154747773,0.44,0.4,0.0167887420842558,0.0533431702447653,True,2.6535667134934284,1.0
2012-01-12,2.657064905848063,1.0,12.062738159647775,0.32,0.48,0.035956955102754,0.0575499971494075,True,2.6611355516355055,1.0
2012-01-13,2.656217268810213,1.0,12.058889994847776,0.4,0.52,0.0486874229710063,0.0506947913969675,True,2.660286616010583,1.0
2012-01-17,2.681878616686474,1.0,12.175389264238474,0.3333333333333333,0.5833333333333334,0.0557265766867256,0.080812875591633,True,2.685987277287658,1.0
2012-01-18,2.709841640050117,1.0,12.302337848838471,0.3333333333333333,0.625,0.0590569736246651,0.1034966074441516,True,2.713993140238324,1.0
2012-01-19,2.70534508003207,1.0,12.281924035838475,0.3333333333333333,0.5833333333333334,0.0652351483119819,0.108067954128848,True,2.7094896914525037,1.0
2012-01-20,2.6890513979686226,1.0,12.20795278283847,0.3333333333333333,0.5833333333333334,0.0333557727497142,0.0759262768272346,True,2.6931710473310697,1.0
2012-01-23,2.698703879041501,1.0,12.251773824438477,0.375,0.5,0.038163744505143,0.0699564849692537,True,2.7028383160861504,1.0
2012-01-24,2.697982430986388,1.0,12.248498541638474,0.4583333333333333,0.5416666666666666,0.0427106159661956,0.0864672596114479,True,2.702115762766548,1.0
2012-01-25,2.7271448866861827,1.0,12.38089239713847,0.2916666666666667,0.5833333333333334,0.0444038288266896,0.104774241676272,True,2.7313228955937947,1.0
2012-01-26,2.7195305415442688,1.0,12.346324234538477,0.4166666666666667,0.5833333333333334,0.0371042610171081,0.0753256473714922,True,2.72369688521107,1.0
2012-01-27,2.7383277167714364,1.0,12.431661029438477,0.2916666666666667,0.5833333333333334,0.0560410334330507,0.0770376306246889,True,2.742522857868811,1.0
2012-01-30,2.727181598503252,1.0,12.381059064138476,0.375,0.5833333333333334,0.0442976300011481,0.0402791898280416,True,2.7313596636536763,1.0
2012-01-31,2.728586536462081,1.0,12.387437304538476,0.375,0.5833333333333334,0.046851183410276,0.0422688077311808,True,2.732766753989277,1.0
2012-02-01,2.758502847508692,1.0,12.523253567838472,0.2916666666666667,0.625,0.0556665524754242,0.0560237745669633,True,2.7627288970760726,1.0
2012-02-02,2.752865934357639,1.0,12.497662696038477,0.2083333333333333,0.625,0.0515054084449047,0.0446543558215219,True,2.7570833481266535,1.0
2012-02-03,2.768612456509873,1.0,12.569149912338473,0.2083333333333333,0.5833333333333334,0.0499635763386583,0.0526107262258928,True,2.772853994083287,1.0
2012-02-06,2.7778459687365573,1.0,12.611068888438474,0.25,0.5,0.0561489343325449,0.0584883231797408,True,2.7821016521283766,1.0
2012-02-07,2.780960297475459,1.0,12.625207546488472,0.25,0.5416666666666666,0.0493499070263221,0.0723911914135424,True,2.785220752045104,1.0
2012-02-08,2.771978378445662,1.0,12.584430771638475,0.25,0.5416666666666666,0.0413321337861634,0.0547215258323652,True,2.7762250726397966,1.0
2012-02-09,2.7919518456498,1.0,12.675107783138474,0.2916666666666667,0.5416666666666666,0.0537625171226492,0.0714538642406776,True,2.796229139363711,1.0
2012-02-10,2.7809939432818878,1.0,12.625360294188471,0.3333333333333333,0.5416666666666666,0.0466413286183047,0.0842753638801199,True,2.7852544493971916,1.0
2012-02-13,2.801927161962005,1.0,12.720394455838472,0.2916666666666667,0.5833333333333334,0.0548561651423411,0.1062143934282,True,2.8062197379444207,1.0
2012-02-14,2.799064233308876,1.0,12.707397122338474,0.2916666666666667,0.5833333333333334,0.0436953469457122,0.101856915734861,True,2.803352423260512,1.0
2012-02-15,2.7696068275088725,1.0,12.573664230738476,0.3333333333333333,0.5833333333333334,0.0220548634929271,0.0824143306091897,True,2.7738498884670215,1.0
2012-02-16,2.78219991763534,1.0,12.630835265018476,0.32,0.52,0.0284085154868147,0.0954968975199024,True,2.786462271313498,1.0
2012-02-17,2.762589177554283,1.0,12.541804988718471,0.36,0.52,0.0273471082186129,0.061615064895429,True,2.7668214874136683,1.0
2012-02-21,2.7547808696447333,1.0,12.506356259718476,0.36,0.52,0.0207792307406284,0.0597359884987704,True,2.7590012171107166,1.0
2012-02-22,2.7631454530501816,1.0,12.544330409018473,0.32,0.56,0.024152500518682,0.0678946846591543,True,2.767378615128306,1.0
2012-02-23,2.787974243672542,1.0,12.657049973918472,0.28,0.6,0.0223051431126102,0.0676994056960269,True,2.7922454436667636,1.0
2012-02-24,2.7899522033873767,1.0,12.666029660518475,0.32,0.56,0.0258947861652323,0.0639598540871975,True,2.79422643363252,1.0
2012-02-27,2.795032794675599,1.0,12.689094901518471,0.32,0.64,0.0207079224144211,0.0779094492198275,True,2.799314808429335,1.0
2012-02-28,2.8261635384878305,1.0,12.830424535768474,0.28,0.6,0.0362945907375222,0.0821999850902044,True,2.830493244802964,1.0
2012-02-29,2.810489500461145,1.0,12.759266388218473,0.32,0.6,0.0300166268889019,0.0782741247909077,True,2.814795194018169,1.0
2012-03-01,2.8299290640489816,1.0,12.847519544918477,0.28,0.64,0.0258931095919647,0.0830010422112421,True,2.834264539180951,1.0
2012-03-02,2.8161140698460496,1.0,12.784801220883471,0.4166666666666667,0.5833333333333334,0.0229753780229651,0.0756641426971189,True,2.820428380290686,1.0
2012-03-05,2.806427070475445,1.0,12.740823470583472,0.375,0.5833333333333334,0.0136583268910235,0.06430432208796,True,2.810726540355557,1.0
2012-03-06,2.76769719288176,1.0,12.564994731383472,0.4166666666666667,0.5833333333333334,-0.0036534696196325,0.0522903262871539,False,2.771937328263596,1.0
2012-03-07,2.787150222368128,1.0,12.653309021557376,0.4166666666666667,0.5416666666666666,0.0022258228203717,0.0516855739959365,True,2.791420159954779,1.0
2012-03-08,2.81983377688728,1.0,12.801688219755874,0.391304347826087,0.5652173913043478,0.0172639869104793,0.0593096781133091,True,2.8241537859543944,1.0
2012-03-09,2.8304912780888234,1.0,12.850071925455875,0.3478260869565217,0.5652173913043478,0.013803759724249,0.06830840171543,True,2.8348276145374314,1.0
2012-03-12,2.827296298168349,1.0,12.835567121255878,0.3478260869565217,0.5652173913043478,0.0166495705603082,0.06406745727047,True,2.831627739880842,1.0
2012-03-13,2.8415950086547315,1.0,12.900481455955877,0.3478260869565217,0.5652173913043478,0.0141573439992459,0.0697901267419867,True,2.8459483561119727,1.0
2012-03-14,2.8252755677890136,1.0,12.826393261255877,0.391304347826087,0.5652173913043478,0.0093643204640405,0.0534688446413398,True,2.829603913725567,1.0
2012-03-15,2.833599186241126,1.0,12.864181434855874,0.391304347826087,0.5652173913043478,0.023105214103553,0.045669659939509,True,2.8379402840311676,1.0
2012-03-16,2.8236744013165227,1.0,12.819124168255872,0.391304347826087,0.5652173913043478,0.014907082491913,0.0437390860625626,True,2.8280002942525706,1.0
2012-03-19,2.8376554198788617,1.0,12.882596221855874,0.391304347826087,0.5217391304347826,0.0271724232232879,0.0552626186403502,True,2.8420027318529577,1.0
2012-03-20,2.830369903645677,1.0,12.84952090085587,0.391304347826087,0.4782608695652174,0.0274392184270879,0.0487886150187553,True,2.834706054147617,1.0
2012-03-21,2.8475564398013065,1.0,12.927545598355875,0.3478260869565217,0.4782608695652174,0.030548875614907,0.0554392078677232,True,2.8519189202212125,1.0
2012-03-22,2.841651209231318,1.0,12.900736599455874,0.3478260869565217,0.4347826086956521,0.0192530349520267,0.041987619764594,True,2.846004642788315,1.0
2012-03-23,2.8410582945415226,1.0,12.89804484185587,0.4347826086956521,0.4347826086956521,0.0183179092072249,0.0446870337143723,True,2.8454108197482273,1.0
2012-03-26,2.875535244294256,1.0,13.05456582728427,0.4090909090909091,0.5,0.0288019696126682,0.0501063209792109,True,2.879940588478008,1.0
2012-03-27,2.859625296591895,1.0,12.982336679684272,0.4545454545454545,0.4545454545454545,0.0118399935631356,0.048564312021367,True,2.8640062666019297,1.0
2012-03-28,2.8333406546080417,1.0,12.863007733984276,0.4090909090909091,0.4090909090909091,0.0081306669685645,0.0383913490542198,True,2.8376813563254464,1.0
2012-03-29,2.843579372673419,1.0,12.909490217284276,0.4090909090909091,0.4090909090909091,0.0048235515150711,0.0308415578550382,True,2.8479357601930295,1.0
2012-03-30,2.8493643303948684,1.0,12.935753192684272,0.4545454545454545,0.3636363636363636,0.0118071426526542,0.0350537942414352,True,2.8537295805183724,1.0
2012-04-02,2.866558296493446,1.0,13.013811621184276,0.4545454545454545,0.4545454545454545,0.021426256413574,0.0353772301187451,True,2.870949887917652,1.0
2012-04-03,2.874881194608504,1.0,13.051596524545271,0.391304347826087,0.4347826086956521,0.0387267805171791,0.0349318237814608,True,2.8792855367826355,1.0
2012-04-04,2.8367514504962985,1.0,12.878492315345271,0.391304347826087,0.5217391304347826,0.0177963956625299,0.0200618301064878,True,2.841097377581696,1.0
2012-04-05,2.8553400992469617,1.0,12.962882426451475,0.3,0.65,0.0125916366598306,0.0300730054207867,True,2.859714504298616,1.0
2012-04-09,2.828863870839296,1.0,12.842683702651478,0.3,0.55,-0.0005749557548982,0.0132208674182578,False,2.833197714086307,1.0
2012-04-10,2.76466436493791,1.0,12.55122607662107,0.3333333333333333,0.4285714285714285,-0.0221525891258778,-0.0058718496613142,False,2.768899854001823,1.0
2012-04-11,2.789315603701979,1.0,12.663139578571077,0.3809523809523809,0.3809523809523809,-0.0183979084962929,-0.0045010300164957,False,2.7935888586710487,1.0
2012-04-12,2.8050158178333247,1.0,12.734416562321076,0.3809523809523809,0.3809523809523809,-0.0071708934118394,0.0021262765082792,False,2.8093131256625163,1.0
2012-04-13,2.808577350798588,1.0,12.750585470921074,0.3333333333333333,0.4761904761904761,-0.0088304074775413,0.0140707781706213,False,2.812880114926243,1.0
2012-04-16,2.7984505724858506,1.0,12.704611179921075,0.4285714285714285,0.4761904761904761,-0.0089329806648075,0.0058409371474366,False,2.8027378223039423,1.0
2012-04-17,2.8202816611579857,1.0,12.803721557621076,0.3809523809523809,0.5714285714285714,-0.0061225752073936,0.0208834828111426,False,2.8246023563875697,1.0
2012-04-18,2.8414360479792005,1.0,12.899759794621074,0.2857142857142857,0.6190476190476191,0.0039097873105804,0.0314562872456867,True,2.845789151907349,1.0
2012-04-19,2.825454625474599,1.0,12.827206160471071,0.2857142857142857,0.6190476190476191,-0.0077616773517754,0.0225500877471491,False,2.8297832457290317,1.0
2012-04-20,2.838199893473991,1.0,12.885068063021071,0.238095238095238,0.6190476190476191,-0.0012145458760441,0.0180151053817803,False,2.8425480395862146,1.0
2012-04-23,2.814819738373064,1.0,12.778925119921071,0.238095238095238,0.5238095238095238,-0.0092354867265029,0.0089132476733813,False,2.819132065890995,1.0
2012-04-24,2.776069253244156,1.0,12.603002825121068,0.4285714285714285,0.4285714285714285,-0.0345904266857673,-0.0067847294913918,False,2.7803222146928936,1.0
2012-04-25,2.816814901475295,1.0,12.787982907721071,0.3809523809523809,0.3809523809523809,-0.0149706310010693,-0.0033078896126222,False,2.8211302855998817,1.0
2012-04-26,2.8476758268659244,1.0,12.92808760050906,0.3181818181818182,0.5454545454545454,0.0050594594880668,0.0132312632367699,True,2.852038490187817,1.0
2012-04-27,2.885465354328816,1.0,13.099647269209056,0.1818181818181818,0.6363636363636364,0.0147300202195577,0.0196246227459759,True,2.889885911524674,1.0
2012-04-30,2.8642531741112487,1.0,13.003346657509056,0.2272727272727272,0.5909090909090909,0.0052253211558652,0.0170941599208127,True,2.8686412340685727,1.0
2012-05-01,2.8596126065081973,1.0,12.98227906831146,0.1904761904761904,0.6190476190476191,-0.0024230067093861,0.0189513337411408,False,2.863993557076916,1.0
2012-05-02,2.8814509493694795,1.0,13.081422379111457,0.238095238095238,0.5714285714285714,0.0022852265245936,0.0411005065078227,True,2.8858653564631696,1.0
2012-05-03,2.8615246987027643,1.0,12.99095972471146,0.2857142857142857,0.4761904761904761,0.008732963969096,0.0266847749137266,True,2.86590857861281,1.0
2012-05-04,2.8167717675408337,1.0,12.78778708512146,0.2857142857142857,0.3809523809523809,-0.0135074388218413,-0.0010858829238601,False,2.82108708558387,1.0
2012-05-07,2.82772798524501,1.0,12.837526925911458,0.3333333333333333,0.4285714285714285,-0.0004015342010607,-0.0009762590915592,False,2.832060088305735,1.0
2012-05-08,2.794981969013132,1.0,12.688864159447856,0.4545454545454545,0.3181818181818182,0.0109661065768835,-0.0114294102023025,True,2.7992639049015247,1.0
2012-05-09,2.7858628550971885,1.0,12.64746453719026,0.391304347826087,0.391304347826087,-0.0012378479510202,-0.0196129826339779,False,2.7901308204263504,1.0
2012-05-10,2.824716562180829,1.0,12.823855446591857,0.375,0.4166666666666667,0.0070233986640122,-0.0001978587910356,True,2.8290440517160866,1.0
2012-05-11,2.8294535839508788,1.0,12.84536092549186,0.3333333333333333,0.4583333333333333,0.0074330276666063,-0.0014630164740229,True,2.833788330643337,1.0
2012-05-14,2.770825312943357,1.0,12.579196000291857,0.5,0.2916666666666667,-0.0098716267544991,-0.0187164243683786,False,2.7750702406314405,1.0
2012-05-15,2.7598648201838,1.0,12.529436751291858,0.5833333333333334,0.3333333333333333,-0.0214222720398006,-0.0274136877755173,False,2.7640929563047743,1.0
2012-05-16,2.758826135886959,1.0,12.524721256131858,0.6666666666666666,0.3333333333333333,-0.0290732962830516,-0.0252771793773554,False,2.763052680734853,1.0
2012-05-17,2.640818723489429,1.0,11.988982549291862,0.8333333333333334,0.0833333333333333,-0.0653473251067188,-0.0726017976052143,False,2.644864479988832,1.0
2012-05-18,2.6185384238939835,1.0,11.887832810891856,0.875,0.0833333333333333,-0.0773946437264997,-0.078515190257178,False,2.6225500467869804,1.0
2012-05-21,2.685010989416684,1.0,12.189609839723762,0.6956521739130435,0.0869565217391304,-0.0461161854120755,-0.0549257667203283,False,2.68912444883924,1.0
2012-05-22,2.7048299868491594,1.0,12.279585578023758,0.6521739130434783,0.1304347826086956,-0.0256619197492089,-0.0593646896812752,False,2.7089738091425035,1.0
2012-05-23,2.7248610672684115,1.0,12.370524146223756,0.4347826086956521,0.3043478260869565,-0.0326446136587548,-0.0471265341945664,False,2.7290355773454626,1.0
2012-05-24,2.7536784816248345,1.0,12.50135155772376,0.5652173913043478,0.3043478260869565,-0.0330084430096604,-0.0281159884017649,False,2.7578971402230965,1.0
2012-05-25,2.757416193689832,1.0,12.518320297123756,0.6956521739130435,0.2608695652173913,-0.0443772996431529,-0.0303009579446281,False,2.76164057849442,1.0
2012-05-29,2.794863289265403,1.0,12.688325368423754,0.6086956521739131,0.217391304347826,-0.0242261701839184,-0.0191274385476408,False,2.799145043335424,1.0
2012-05-30,2.7704797511519645,1.0,12.577627193523762,0.5652173913043478,0.2608695652173913,-0.0311695560277559,-0.0335170386937582,False,2.7747241494364774,1.0
2012-05-31,2.7502915207541245,1.0,12.48597518432376,0.5652173913043478,0.217391304347826,-0.0455185359459467,-0.0433373295870573,False,2.754504990499841,1.0
2012-06-01,2.6627765626535425,1.0,12.088668358172695,0.75,0.125,-0.0694553278325097,-0.0613289147388368,False,2.6668559587472584,1.0
2012-06-04,2.689752591204637,1.0,12.211136111324995,0.6363636363636364,0.1363636363636363,-0.0450938829336152,-0.0579922188904915,False,2.6938733148010208,1.0
2012-06-05,2.69847549498028,1.0,12.250736989724992,0.4545454545454545,0.2272727272727272,-0.0457089546587108,-0.0460921351511813,False,2.702609582138627,1.0
2012-06-06,2.75250940665563,1.0,12.496044105424993,0.3636363636363636,0.5,-0.015196005852052,-0.0043965402948851,False,2.7567262742212058,1.0
2012-06-07,2.736065654458673,1.0,12.421391553024993,0.4090909090909091,0.3636363636363636,-0.0178749648595963,-0.0190906863219905,False,2.7402573300575552,1.0
2012-06-08,2.7733246220549286,1.0,12.590542547124995,0.3181818181818182,0.5454545454545454,-0.0181936626187461,-0.0112980453004638,False,2.777573378705597,1.0
2012-06-11,2.728294490602919,1.0,12.386111453324997,0.4545454545454545,0.4545454545454545,-0.0357521656908428,-0.0285848848609575,False,2.732474260713402,1.0
2012-06-12,2.7633710842797745,1.0,12.545354746224993,0.4090909090909091,0.4545454545454545,-0.0026902557258888,-0.012535325279988,False,2.7676045920268404,1.0
2012-06-13,2.72461366032294,1.0,12.369400950024996,0.5454545454545454,0.4545454545454545,-0.0127727849578203,-0.0339214349235486,False,2.72878779137047,1.0
2012-06-14,2.752646290474157,1.0,12.496665540624996,0.4090909090909091,0.5,-0.0022400271377798,-0.0312481984481727,False,2.7568633677468943,1.0
2012-06-15,2.7869327120422027,1.0,12.652321552224995,0.2272727272727272,0.4545454545454545,0.0553290490002684,-0.0136338814593164,True,2.7912023164012054,1.0
2012-06-18,2.8175577076160674,1.0,12.791355153524997,0.1818181818181818,0.6363636363636364,0.0760039577445366,-0.0072729852134054,True,2.8218742297259123,1.0
2012-06-19,2.8358749499175278,1.0,12.874513113724998,0.1818181818181818,0.6818181818181818,0.0561874648169016,0.0074801278594953,True,2.8402195341966667,1.0
2012-06-20,2.8248984474118,1.0,12.824681182504994,0.1818181818181818,0.6363636363636364,0.0443903909474576,0.017589328548119,True,2.8292262155967642,1.0
2012-06-21,2.7677063763813754,1.0,12.565036423308644,0.3043478260869565,0.4782608695652174,0.0157238508882637,-0.0174340618079663,True,2.7719465258324116,1.0
2012-06-22,2.786608402044476,1.0,12.65084922590864,0.2608695652173913,0.5217391304347826,0.0119585204443366,-0.0214446547058904,True,2.790877509557835,1.0
2012-06-25,2.758045248459356,1.0,12.521176126108644,0.3478260869565217,0.4782608695652174,0.0002281319631631,-0.0441592915604772,True,2.762270596981144,1.0
2012-06-26,2.7769536911737127,1.0,12.607018061308638,0.3478260869565217,0.4782608695652174,-0.0064080408370877,-0.0304789687331413,False,2.7812080075888006,1.0
2012-06-27,2.732686339656687,1.0,12.40604989180864,0.4347826086956521,0.4347826086956521,-0.0136414682256973,-0.0443858257452915,False,2.7368728381168665,1.0
2012-06-28,2.687722249187934,1.0,12.201918615708644,0.4782608695652174,0.3043478260869565,-0.0227500507106366,-0.0672330376555391,False,2.6918398622832695,1.0
2012-06-29,2.7489144217183425,1.0,12.47972332910864,0.4347826086956521,0.4782608695652174,0.0323488873504886,-0.0393532430579661,True,2.753125781736754,1.0
2012-07-02,2.7844834007167387,1.0,12.64120198900864,0.4347826086956521,0.5217391304347826,0.0352191535466375,-0.0114628977740309,True,2.788749252710188,1.0
2012-07-03,2.79026198779792,1.0,12.667436042508646,0.4347826086956521,0.4782608695652174,0.0340142028298502,-0.0132495054837624,True,2.7945366926353885,1.0
2012-07-05,2.807113402431865,1.0,12.743939330742796,0.375,0.625,0.0198378961554868,0.0043404335173635,True,2.8114139237783093,1.0
2012-07-06,2.794969325624076,1.0,12.688806760062796,0.375,0.5833333333333334,0.0215286029666039,0.0032688150855033,True,2.799251242142693,1.0
2012-07-09,2.7931941509934703,1.0,12.680747692062797,0.375,0.5833333333333334,0.0071645161120081,-0.0111594952957063,True,2.79747334792962,1.0
2012-07-10,2.7748890457486493,1.0,12.597644832562796,0.4583333333333333,0.4583333333333333,0.0170782719043767,-0.0192844789933046,True,2.779140199109578,1.0
2012-07-11,2.750312399847371,1.0,12.486069972762795,0.4166666666666667,0.4583333333333333,-0.0047256354771503,-0.0074031780351383,False,2.754525901580036,1.0
2012-07-12,2.765316652042057,1.0,12.554187377462798,0.5416666666666666,0.375,0.0149389956865637,0.0019753981493531,True,2.769553140415303,1.0
2012-07-13,2.7993352534957903,1.0,12.708627519662794,0.375,0.4583333333333333,0.016961482913081,0.0146834615932789,True,2.8036238586526334,1.0
2012-07-16,2.7943478593007964,1.0,12.685985381662798,0.4583333333333333,0.4166666666666667,0.0026606839937515,0.0581369461090846,True,2.798628823727778,1.0
2012-07-17,2.818981461989185,1.0,12.797818818062796,0.3333333333333333,0.4583333333333333,0.0005053150710163,0.0765476787608581,True,2.823300165302707,1.0
2012-07-18,2.837392820836836,1.0,12.8814040554628,0.3333333333333333,0.4583333333333333,0.0005352390165695,0.0567527775568832,True,2.8417397305069927,1.0
2012-07-19,2.821654233112989,1.0,12.809952860462795,0.375,0.5416666666666666,-0.0011484357258167,0.0431909757107937,False,2.825977031134357,1.0
2012-07-20,2.74251611053785,1.0,12.450675806684798,0.36,0.4,-0.0091014950351996,0.0064792453022701,False,2.746717668289709,1.0
2012-07-23,2.720854042417736,1.0,12.352332760884796,0.36,0.36,-0.0235965554322227,-0.011920214878438,False,2.72502241369901,1.0
2012-07-24,2.700137498895208,1.0,12.2582822770087,0.4583333333333333,0.2916666666666667,-0.0209959389159751,-0.0207725967975753,False,2.7042741322575345,1.0
2012-07-25,2.71624021169598,1.0,12.3313865537421,0.391304347826087,0.217391304347826,-0.0218633388344592,-0.0281312785034607,False,2.7204015145497755,1.0
2012-07-26,2.738377953858723,1.0,12.4318890994523,0.391304347826087,0.2608695652173913,0.0020827908858178,-0.0115870896655692,True,2.7425731719197386,1.0
2012-07-27,2.7787534387020685,1.0,12.615188687152305,0.3043478260869565,0.3043478260869565,0.0338692696172895,0.0103486913053274,True,2.7830105123455096,1.0
2012-07-30,2.76499084733432,1.0,12.5527082653523,0.2608695652173913,0.391304347826087,0.0058482815939855,0.038386354346952,True,2.7692268365720127,1.0
2012-07-31,2.7459465453894887,1.0,12.4662495464523,0.4347826086956521,0.2608695652173913,-0.0138398581644734,0.0208918672924056,False,2.750153358596398,1.0
2012-08-01,2.718019583318158,1.0,12.3394646755523,0.5217391304347826,0.1739130434782608,-0.0258909037200392,0.0072426406592294,False,2.722183612184248,1.0
2012-08-02,2.7181877753889183,1.0,12.340228246252298,0.4782608695652174,0.1739130434782608,-0.0316786728195266,-0.0124692148857772,False,2.7223520619266752,1.0
2012-08-03,2.7653369339271165,1.0,12.554279454652296,0.391304347826087,0.4347826086956521,-0.0106020454053975,0.0106983103350397,False,2.769573453372381,1.0
2012-08-06,2.759619740871368,1.0,12.528324122252297,0.391304347826087,0.3478260869565217,-0.0120200774837516,-0.0049416794105434,False,2.763847501528777,1.0
2012-08-07,2.785521477838859,1.0,12.6459147276723,0.3478260869565217,0.4347826086956521,0.0038316602627765,0.0209753703029662,True,2.7897889201751918,1.0
2012-08-08,2.777044811434484,1.0,12.607431735752304,0.3478260869565217,0.4782608695652174,0.0097197727751203,0.0049482051949141,True,2.7812992674465784,1.0
2012-08-09,2.744288696834292,1.0,12.4587231239755,0.391304347826087,0.5217391304347826,-0.0076041762494859,0.007221220680887,False,2.7484929702032685,1.0
2012-08-10,2.719747604259615,1.0,12.3473096717755,0.391304347826087,0.4782608695652174,-0.0284309102086959,-0.011951657693323,False,2.7239142804683234,1.0
2012-08-13,2.722023979641945,1.0,12.357644127712078,0.4090909090909091,0.4090909090909091,-0.0258822033978792,-0.0232903837684315,False,2.726194143276888,1.0
2012-08-14,2.7275386142937985,1.0,12.38267987061208,0.4090909090909091,0.4090909090909091,-0.0324382579056979,-0.0319493343752789,False,2.7317172263954186,1.0
2012-08-15,2.7367145242748365,1.0,12.424337339812077,0.4090909090909091,0.4090909090909091,-0.0354826782610618,-0.0349664309583099,False,2.7409071939477365,1.0
2012-08-16,2.7348544796114904,1.0,12.415892972612085,0.4545454545454545,0.4090909090909091,-0.0307620092082426,-0.0318751167436868,False,2.739044299680319,1.0
2012-08-17,2.7393006787312717,1.0,12.43607815351208,0.4090909090909091,0.5,-0.0011724386209526,-0.0102632627118646,False,2.743497310414554,1.0
2012-08-20,2.726993760834593,1.0,12.38020630491208,0.4090909090909091,0.5,0.0022565408952994,-0.0213932611292441,True,2.7311715382161297,1.0
2012-08-21,2.7173343911686705,1.0,12.336353989972082,0.4545454545454545,0.4545454545454545,0.0063688950212714,-0.0147607648255325,True,2.721497370314623,1.0
2012-08-22,2.731274294826354,1.0,12.399639387112082,0.3636363636363636,0.5454545454545454,0.0055348871817881,-0.016449462766537,True,2.735458630021975,1.0
2012-08-23,2.7230882561223124,1.0,12.362475808144078,0.4347826086956521,0.5217391304347826,-0.0055834870109386,-0.0035123253609784,False,2.7272600502377764,1.0
2012-08-24,2.743858910794178,1.0,12.45677194978508,0.4166666666666667,0.5416666666666666,-0.0125576193345852,0.02088633288771,False,2.748062525727326,1.0
2012-08-27,2.736498924166378,1.0,12.423358542625076,0.4166666666666667,0.375,-0.0103045271182037,-0.0045165093004982,False,2.740691263538099,1.0
2012-08-28,2.7475674667022187,1.0,12.473608323925076,0.4166666666666667,0.4583333333333333,0.0005902960184902,-0.0132577317591542,True,2.751776763174215,1.0
2012-08-29,2.7453070884658355,1.0,12.463346493005083,0.4583333333333333,0.4583333333333333,0.0100394806995336,-0.0161113542486964,True,2.749512922019359,1.0
2012-08-30,2.733719561553668,1.0,12.410740588365076,0.4166666666666667,0.5,0.0057140225209524,-0.0261456629484988,True,2.7379076429184854,1.0
2012-08-31,2.746491824449285,1.0,12.46872504432508,0.4166666666666667,0.4583333333333333,-0.006814760706598,-0.0173445557095572,False,2.750699473028301,1.0
2012-09-04,2.7540113758455025,1.0,12.50286285532508,0.4583333333333333,0.5,-0.0020322963134384,-0.0140279454380327,False,2.7582305444405133,1.0
2012-09-05,2.7387698745214744,1.0,12.43366836962508,0.4583333333333333,0.4166666666666667,-0.0167837884896356,-0.0130164380022735,False,2.7429656930082427,1.0
2012-09-06,2.770943767003983,1.0,12.579733766725075,0.3333333333333333,0.4583333333333333,-0.0021969557010316,0.0075014631638776,False,2.7751888761646866,1.0
2012-09-07,2.760659140014753,1.0,12.533042862725075,0.4166666666666667,0.4166666666666667,0.0059652773410265,-0.0016842599287374,True,2.764888493040393,1.0
2012-09-10,2.743698830037799,1.0,12.45604520342508,0.4583333333333333,0.375,0.0088064148822748,-0.0198748697171994,True,2.747902199725881,1.0
2012-09-11,2.7514152719485216,1.0,12.49107687242508,0.4166666666666667,0.4166666666666667,0.010797587576889,-0.0153640811788615,True,2.755630463290523,1.0
2012-09-12,2.753879364453645,1.0,12.502263540325076,0.4166666666666667,0.5,0.0096573335467393,-0.023094191435229,True,2.7580983308060927,1.0
2012-09-13,2.7809623622910595,1.0,12.62521692048978,0.36,0.52,0.016168232975614,-0.0198881374941712,True,2.7852228200240208,1.0
2012-09-14,2.7914318923260746,1.0,12.672747260899978,0.4,0.44,0.0206875404656339,-0.0107108590529083,True,2.7957083894671206,1.0
2012-09-17,2.814025567905782,1.0,12.775319686579978,0.36,0.44,0.0272788196471804,0.0260743982845395,True,2.818336678747878,1.0
2012-09-18,2.8101487721855607,1.0,12.75771952499998,0.36,0.4,0.0304932899169954,0.0328186401680248,True,2.814453943744001,1.0
2012-09-19,2.8282592484987887,1.0,12.83993879379998,0.28,0.44,0.0408212024587857,0.0474500834331592,True,2.8325921654592894,1.0
2012-09-20,2.8435702932385785,1.0,12.90944899779998,0.24,0.64,0.0411148739710756,0.046877327341787,True,2.8479266668484198,1.0
2012-09-21,2.85997797669808,1.0,12.98393780269998,0.24,0.6,0.0502700271531775,0.0444058580985895,True,2.8643594870170053,1.0
2012-09-24,2.8424840933122706,1.0,12.904517787699978,0.24,0.6,0.0359439700525803,0.0229349800247011,True,2.846838802854687,1.0
2012-09-25,2.8307639875034307,1.0,12.85130999165998,0.24,0.6,0.0344473233680395,0.0237878328720404,True,2.8351007417451566,1.0
2012-09-26,2.803733034400837,1.0,12.72859288799998,0.24,0.4,0.0204419248587299,0.0210442876640744,True,2.8080283769950207,1.0
2012-09-27,2.842198914167454,1.0,12.903223110499978,0.24,0.6,0.0352936201959699,0.0456874305142775,True,2.8465531868130216,1.0
2012-09-28,2.840796200956084,1.0,12.89685497017168,0.125,0.5833333333333334,0.0391688455934957,0.045106679780289,True,2.845148324633212,1.0
2012-10-01,2.847865629004859,1.0,12.928949278181676,0.1666666666666666,0.4583333333333333,0.0369102881185161,0.0298439926307787,True,2.8522285831052265,1.0
2012-10-02,2.8676080920776545,1.0,13.018577560181676,0.125,0.5833333333333334,0.0412477294859672,0.0391316055639565,True,2.8720012917975266,1.0
2012-10-03,2.895516613546458,1.0,13.145278713081677,0.125,0.625,0.0572325336579693,0.0394881664286923,True,2.899952569355991,1.0
2012-10-04,2.911308398591308,1.0,13.21697141718168,0.125,0.7083333333333334,0.050655893222651,0.0483476487682132,True,2.915768547548373,1.0
2012-10-05,2.909941070668437,1.0,13.21076392158168,0.1666666666666666,0.625,0.0540747419664731,0.060362590140474,True,2.914399124867622,1.0
2012-10-08,2.8841649424075846,1.0,13.09374356378168,0.1666666666666666,0.625,0.0511958932343348,0.0604531603927001,True,2.8885835073614405,1.0
2012-10-09,2.8438166588516847,1.0,12.91056746648168,0.2083333333333333,0.6666666666666666,0.0335832209136952,0.0447434262595141,True,2.8481734098957165,1.0
2012-10-10,2.8468377099774904,1.0,12.92428265598168,0.125,0.625,0.0337554167127747,0.0437387375777185,True,2.8511990892972605,1.0
2012-10-11,2.8312965307121147,1.0,12.85372767038168,0.3333333333333333,0.5833333333333334,0.0180995503943417,0.0345604211174854,True,2.835634100814515,1.0
2012-10-12,2.8185898880347127,1.0,12.79604112190168,0.3333333333333333,0.5416666666666666,0.0097290554655113,0.0306178661597804,True,2.822907991453641,1.0
2012-10-15,2.84355635595148,1.0,12.90938572428168,0.2916666666666667,0.5833333333333334,0.0104941434727878,0.0380592309671143,True,2.8479127082092788,1.0
2012-10-16,2.8686686291779373,1.0,13.023392264301677,0.125,0.625,0.0208244693560699,0.0519527658545075,True,2.873063453649568,1.0
2012-10-17,2.876290929387584,1.0,13.057996541901678,0.25,0.625,0.0169827716162471,0.058497231233491,True,2.8806974312872557,1.0
2012-10-18,2.85190123686898,1.0,12.94727042678168,0.3333333333333333,0.5416666666666666,0.0029297477365721,0.044165077916604,True,2.8562703735545427,1.0
2012-10-19,2.8034311643396825,1.0,12.72722243615368,0.4347826086956521,0.4782608695652174,-0.0197717649643174,0.0295043350272374,False,2.807726044466392,1.0
2012-10-22,2.7832686903651926,1.0,12.63568735785368,0.4782608695652174,0.4782608695652174,-0.0208322724079265,0.0143629030690961,False,2.7875326814121633,1.0
2012-10-23,2.752381067046532,1.0,12.495461459853678,0.4782608695652174,0.3043478260869565,-0.0276896699275975,0.0058038184264916,False,2.7565977379947464,1.0
2012-10-24,2.746397825776119,1.0,12.468298302253675,0.5652173913043478,0.3043478260869565,-0.0204495962779751,-0.0004257005297508,False,2.750605330348375,1.0
2012-10-25,2.738352364321392,1.0,12.43177292619368,0.5217391304347826,0.3043478260869565,-0.0365373969177248,-0.0025333137315185,False,2.7425475431790196,1.0
2012-10-26,2.7238724374273517,1.0,12.366035891953675,0.6956521739130435,0.217391304347826,-0.0411588003002051,-0.0036020974004815,False,2.7280454329151698,1.0
2012-10-31,2.700786584633233,1.0,12.261229044053684,0.6086956521739131,0.1739130434782608,-0.0516453595540673,-0.0166413165366762,False,2.704924212400368,1.0
2012-11-01,2.7134299602020264,1.0,12.318628367873275,0.625,0.2083333333333333,-0.0537654124709637,-0.0147353841743004,False,2.7175869577268914,1.0
2012-11-02,2.672882887994969,1.0,12.134549795273278,0.7916666666666666,0.1666666666666666,-0.0768891204111602,-0.0240571459250542,False,2.676977767064124,1.0
2012-11-05,2.714927582874154,1.0,12.325427385133285,0.7916666666666666,0.1666666666666666,-0.0674544874092271,-0.0202155614981663,False,2.7190868747695514,1.0
2012-11-06,2.7140808744393,1.0,12.32158343607328,0.75,0.2083333333333333,-0.0673072723717208,-0.0168721537912157,False,2.7182388691702526,1.0
2012-11-07,2.665606822462252,1.0,12.10151737925648,0.8333333333333334,0.125,-0.0757786480002385,-0.0284623103383661,False,2.6696905545378034,1.0
2012-11-08,2.655444358984433,1.0,12.055381082126477,0.8260869565217391,0.0869565217391304,-0.0662392560648811,-0.0348805627207715,False,2.659512522080448,1.0
2012-11-09,2.663820302001927,1.0,12.09340680262648,0.782608695652174,0.1304347826086956,-0.064287966726776,-0.0327026171204806,False,2.6679012971131044,1.0
2012-11-12,2.654571939360974,1.0,12.05142040752648,0.6956521739130435,0.1304347826086956,-0.0624182558888285,-0.0454484478624737,False,2.658638765902787,1.0
2012-11-13,2.655673785333877,1.0,12.05642264869648,0.782608695652174,0.1304347826086956,-0.057800570204426,-0.0486338596923718,False,2.659742299912989,1.0
2012-11-14,2.6203933889959483,1.0,11.896254117526482,0.8260869565217391,0.1304347826086956,-0.0784802335598019,-0.0688096729177684,False,2.6244078537110855,1.0
2012-11-15,2.6000668931525808,1.0,11.803974400714878,0.8181818181818182,0.0909090909090909,-0.0936328906355171,-0.0747582765412067,False,2.6040502175050957,1.0
2012-11-16,2.652977924935663,1.0,12.044183783914876,0.7272727272727273,0.1363636363636363,-0.0776392270233483,-0.0619749846681005,False,2.657042309433966,1.0
2012-11-19,2.7036972071104897,1.0,12.27444290147488,0.7272727272727273,0.2272727272727272,-0.0519667468994116,-0.0491892486219449,False,2.7078392939757436,1.0
2012-11-20,2.7141994870083934,1.0,12.322121922114878,0.6818181818181818,0.2727272727272727,-0.0318294518753793,-0.0509718923982737,False,2.718357663454798,1.0
2012-11-21,2.716206486224947,1.0,12.33123344437488,0.6363636363636364,0.2727272727272727,-0.0240947646816829,-0.0444250883881557,False,2.7203677374110344,1.0
2012-11-23,2.74377524215592,1.0,12.456392104763877,0.5217391304347826,0.3478260869565217,-0.0031266836535269,-0.0307297767427904,False,2.7479787289080067,1.0
2012-11-26,2.7417111797440006,1.0,12.447021522823874,0.4782608695652174,0.4347826086956521,-0.0017064701945698,-0.0221211698460055,False,2.7459115043351088,1.0
2012-11-27,2.7278611168039792,1.0,12.384143991163882,0.5217391304347826,0.391304347826087,-0.0038312262709886,-0.0402286401537687,False,2.732040222982154,1.0
2012-11-28,2.751861680511455,1.0,12.49310351076388,0.5217391304347826,0.4347826086956521,0.0102755337215934,-0.0313061952190367,True,2.7560775557551267,1.0
2012-11-29,2.7730530315356337,1.0,12.58930956056388,0.4347826086956521,0.4782608695652174,0.0267575554890482,-0.0262697076390389,True,2.7773013721073396,1.0
2012-11-30,2.7647704262540604,1.0,12.55170758156388,0.4347826086956521,0.4782608695652174,0.0189208738773605,-0.0358618271819306,True,2.7690060778048005,1.0
2012-12-03,2.748465569231298,1.0,12.477685595663878,0.4782608695652174,0.4347826086956521,0.0282775880588714,-0.0507857712254845,True,2.75267624160392,1.0
2012-12-04,2.742789899690722,1.0,12.45191877476388,0.5217391304347826,0.391304347826087,0.0102626372034098,-0.05788411113784,True,2.7469918768898633,1.0
2012-12-05,2.722748268109292,1.0,12.360932305623882,0.4782608695652174,0.3478260869565217,0.0031934913036746,-0.0643287262570392,True,2.7269195413602567,1.0
2012-12-06,2.717120509016463,1.0,12.335382992088878,0.6086956521739131,0.3478260869565217,0.0193253131407531,-0.0579177809614729,False,2.721283160493156,1.0
2012-12-07,2.716370499151372,1.0,12.33197804228888,0.5217391304347826,0.4347826086956521,0.0229438587032715,-0.044815181493372,True,2.7205320016066428,1.0
2012-12-10,2.7238723678913157,1.0,12.366035576268878,0.5217391304347826,0.4347826086956521,0.0225435874350301,-0.0431936606906713,True,2.728045363272603,1.0
2012-12-11,2.726561825891852,1.0,12.37824537497588,0.5416666666666666,0.4166666666666667,0.0271192072301524,-0.0369917822750699,True,2.7307389415454204,1.0
2012-12-12,2.731385787963849,1.0,12.40014555183588,0.5,0.4166666666666667,0.0285095266775974,-0.0309389104250521,True,2.7355702939678914,1.0
2012-12-13,2.70474400764718,1.0,12.27919524333588,0.5833333333333334,0.375,0.0321900593267607,-0.0488164576073092,True,2.7088876982196624,1.0
2012-12-14,2.698534400727243,1.0,12.251004414355876,0.5416666666666666,0.4166666666666667,0.0378711439440198,-0.0593077313706497,True,2.7026685781296877,1.0
2012-12-17,2.7238933345482312,1.0,12.366130762235882,0.4583333333333333,0.375,0.0267304936637522,-0.0529840682256022,True,2.7280663620506136,1.0
2012-12-18,2.765392328745807,1.0,12.554530940113478,0.48,0.44,0.0228187984486809,-0.0303337671742618,True,2.769628933056396,1.0
2012-12-19,2.741467674578819,1.0,12.445916040213476,0.56,0.36,0.0100464935244977,-0.0221027327330359,True,2.7456676261179664,1.0
2012-12-20,2.7552800320485047,1.0,12.50862239381348,0.6,0.32,0.0143853370580313,-0.0100560389349315,True,2.7595011442354878,1.0
2012-12-21,2.733937566566529,1.0,12.41173030351348,0.56,0.28,-0.0035854524227216,-0.006700925500768,False,2.7381259819168573,1.0
2012-12-24,2.7369173622330982,1.0,12.42525819845348,0.6,0.12,-0.0017484764793317,-0.0034519629509036,False,2.741110342655454,1.0
2012-12-26,2.7133484305356417,1.0,12.318258233513482,0.6,0.16,-0.0053201705097589,-0.0091310140037245,False,2.717505303156371,1.0
2012-12-27,2.7181832485800808,1.0,12.34020769511348,0.56,0.28,-0.012238417421153,-0.0020886399704695,False,2.7223475281827256,1.0
2012-12-28,2.694955820343164,1.0,12.23475811263348,0.76,0.2,-0.0281628985469571,-0.0021589133785115,False,2.6990845153303566,1.0
2012-12-31,2.7442805595099324,1.0,12.458686181553478,0.6,0.32,-0.007411055380786,0.0113695948524163,False,2.748484820412457,1.0
2013-01-02,2.820545151436188,1.0,12.804917770113478,0.44,0.44,0.0262253902729618,0.0552445691146552,True,2.824866250335094,1.0
2013-01-03,2.8020823355099136,1.0,12.72109892409348,0.44,0.4,0.0216175638629398,0.0321020542814967,True,2.806375149219508,1.0
2013-01-04,2.819231952115806,1.0,12.79895601151348,0.32,0.36,0.0354361382345174,0.0387427945374798,True,2.823551039182306,1.0
2013-01-07,2.812760642864554,1.0,12.769577087093475,0.44,0.32,0.0351990769385159,0.0552046232633713,True,2.8170698158308434,1.0
2013-01-08,2.804314355466226,1.0,12.73123201201348,0.4,0.32,0.03237550118525,0.0560621788131634,True,2.8086105886491697,1.0
2013-01-09,2.8174772624619377,1.0,12.79098994271348,0.4,0.36,0.0343646404560014,0.0576829301678247,True,2.8217936613291275,1.0
2013-01-10,2.8208218849489284,1.0,12.80617410521348,0.4,0.32,0.0345710330724828,0.0626277793126885,True,2.8251434078059035,1.0
2013-01-11,2.799276546516836,1.0,12.708360997413475,0.4,0.36,0.0248557925622061,0.0540739461209485,True,2.80356506173409,1.0
2013-01-14,2.807124042590071,1.0,12.743987635713482,0.4,0.36,0.0378520239451238,0.0712605421683161,True,2.8114245802373237,1.0
2013-01-15,2.821553477163675,1.0,12.809495441213476,0.36,0.36,0.0455873663879473,0.0851849560464736,True,2.825876120826077,1.0
2013-01-16,2.8086175153379767,1.0,12.750767812843106,0.375,0.4583333333333333,0.031104074346508,0.0586659952724966,True,2.8129203409980423,1.0
2013-01-17,2.826446963547295,1.0,12.831711249643105,0.375,0.4166666666666667,0.0220781095567654,0.0454007039375501,True,2.830777104072002,1.0
2013-01-18,2.831281540968281,1.0,12.853659618843102,0.4583333333333333,0.3333333333333333,0.0327612348751336,0.0431368639336589,True,2.835619088106266,1.0
2013-01-22,2.8575341823898417,1.0,12.972843286043105,0.4166666666666667,0.4166666666666667,0.0371120717865156,0.0520312785061178,True,2.861911948795326,1.0
2013-01-23,2.841024752766026,1.0,12.897892566443105,0.375,0.4166666666666667,0.039169579989343,0.0354436869011516,True,2.845377226586446,1.0
2013-01-24,2.850501471667098,1.0,12.9409156700431,0.2916666666666667,0.4583333333333333,0.0415007449626922,0.0396797054069184,True,2.8548684639005946,1.0
2013-01-25,2.856476132742209,1.0,12.968039874643102,0.2916666666666667,0.5,0.0527494738957332,0.0471486671905487,True,2.8608522782067323,1.0
2013-01-28,2.8178889458471006,1.0,12.792858933143098,0.375,0.5,0.0366810064476355,0.0239936715581481,True,2.822205975416699,1.0
2013-01-29,2.822684060272952,1.0,12.814628145343102,0.375,0.5,0.0473953001253741,0.0178976125493834,True,2.827008435998188,1.0
2013-01-30,2.8100547050114804,1.0,12.757292471943105,0.375,0.5,0.0239677190707112,0.0163790375965411,True,2.814359732458215,1.0
2013-01-31,2.828064685988238,1.0,12.8390555046431,0.3333333333333333,0.5416666666666666,0.0026659862361084,0.0289612930385745,True,2.832397304877332,1.0
2013-02-01,2.850178664885082,1.0,12.9394501681357,0.391304347826087,0.5217391304347826,0.017164495406027,0.0391531138445819,True,2.8545451625758727,1.0
2013-02-04,2.831006675061076,1.0,12.852411762435704,0.391304347826087,0.5217391304347826,0.0041765711886294,0.0397607109771334,True,2.835343801102178,1.0
2013-02-05,2.8745547334068915,1.0,13.050114432035706,0.391304347826087,0.5217391304347826,0.0219691962411014,0.0579415686083852,True,2.8789585754397127,1.0
2013-02-06,2.875642430247203,1.0,13.0550524379357,0.3478260869565217,0.6086956521739131,0.0254351209385435,0.0586340969118863,True,2.880047938640733,1.0
2013-02-07,2.8702542481096684,1.0,13.030590773435703,0.3043478260869565,0.6086956521739131,0.0187320005562754,0.0537403594764149,True,2.8746515017628376,1.0
2013-02-08,2.8942659388015533,1.0,13.139600808135706,0.217391304347826,0.6521739130434783,0.0260364024557877,0.0615075408586582,True,2.898699978566853,1.0
2013-02-11,2.89411420961295,1.0,13.1389119768357,0.217391304347826,0.6521739130434783,0.0338793475814744,0.0595772381793084,True,2.8985480169278564,1.0
2013-02-12,2.881615925871301,1.0,13.082171351535704,0.217391304347826,0.6086956521739131,0.0265367266109473,0.065393219367174,True,2.886030585710377,1.0
2013-02-13,2.8903971649747144,1.0,13.122037064935704,0.217391304347826,0.6956521739130435,0.0243992142513786,0.0710988765589817,True,2.8948252777459658,1.0
2013-02-14,2.877188286211986,1.0,13.0620704282357,0.2608695652173913,0.6521739130434783,0.0244144211518804,0.0562778834690236,True,2.881596162869857,1.0
2013-02-15,2.867382211757535,1.0,13.017552092135702,0.2608695652173913,0.6956521739130435,0.0144829351967974,0.0368808005835412,True,2.871775065426852,1.0
2013-02-19,2.862304984454189,1.0,12.994502123201004,0.2916666666666667,0.7083333333333334,0.0109573855644529,0.0440775979216809,True,2.8666900597685663,1.0
2013-02-20,2.8299980172021413,1.0,12.847832583501,0.2916666666666667,0.5833333333333334,-0.0096363379858752,0.0271181093335495,False,2.8343335979709168,1.0
2013-02-21,2.8001161136215984,1.0,12.712172525739303,0.4583333333333333,0.375,-0.0143992547423597,0.0242063124865656,False,2.804405915062717,1.0
2013-02-22,2.83269791085311,1.0,12.860089758739305,0.375,0.5,-0.0062457644701989,0.0349957766141186,False,2.8370376278816707,1.0
2013-02-25,2.8130726371805648,1.0,12.7709935017746,0.4583333333333333,0.375,-0.0151947691997612,0.0367531886147174,False,2.8173822881247683,1.0
2013-02-26,2.823462533736363,1.0,12.818162316274602,0.4583333333333333,0.3333333333333333,0.0019779302862434,0.0387314892074617,True,2.8277881020894915,1.0
2013-02-27,2.866336924302681,1.0,13.0128066194746,0.3333333333333333,0.5,0.0154650194983236,0.0635932888642658,True,2.870728176582824,1.0
2013-02-28,2.873692666900194,1.0,13.0462007592746,0.3333333333333333,0.5,0.0226465206443204,0.0471570251597639,True,2.878095188239874,1.0
2013-03-01,2.8917865491183967,1.0,13.1283446929848,0.3333333333333333,0.5,0.0225319680436837,0.025258024196469,True,2.896216790437844,1.0
2013-03-04,2.920566728735675,1.0,13.259003063484805,0.375,0.5833333333333334,0.0246960180839852,0.0422844081789621,True,2.9250410615324,1.0
2013-03-05,2.934297871186471,1.0,13.3213407111848,0.375,0.5416666666666666,0.0364856773512076,0.0408146335686598,True,2.938793240208939,1.0
2013-03-06,2.921505530614598,1.0,13.2632651051174,0.36,0.56,0.0163332416885515,0.0386612661215621,True,2.9259813016636986,1.0
2013-03-07,2.919002835103084,1.0,13.2519031844574,0.36,0.6,0.0150785105963791,0.0408971552755146,True,2.923474772001608,1.0
2013-03-08,2.9271360016344,1.0,13.288826730457403,0.36,0.6,0.0198176707036292,0.0389208958785494,True,2.931620398612468,1.0
2013-03-11,2.9334405227263,1.0,13.317448457757395,0.32,0.6,0.0135352399375459,0.0399240513476832,True,2.9379345782837154,1.0
2013-03-12,2.9326787299774457,1.0,13.3139900151574,0.32,0.6,0.0133251549770914,0.0476559501156119,True,2.9371716184619614,1.0
2013-03-13,2.926364555936331,1.0,13.285324464690502,0.3333333333333333,0.625,0.0155290056746542,0.0424778212637297,True,2.9308477710530996,1.0
2013-03-14,2.9377963154194915,1.0,13.337223204930504,0.25,0.6666666666666666,0.0163988364710396,0.0411981694469485,True,2.942297044087954,1.0
2013-03-15,2.9371407982256192,1.0,13.3342472398905,0.2916666666666667,0.625,0.0208371875768214,0.0457603366018231,True,2.9416405226362268,1.0
2013-03-18,2.91894416596272,1.0,13.2516368339905,0.2916666666666667,0.5833333333333334,0.0179822396866931,0.0327256104955662,True,2.923416012979628,1.0
2013-03-19,2.9178011803553967,1.0,13.246447824090502,0.2916666666666667,0.5833333333333334,0.0193886382487609,0.0305584725980749,True,2.9222712763087393,1.0
2013-03-20,2.9492287659175216,1.0,13.3891250822905,0.25,0.5833333333333334,0.0421310361316988,0.0320887092419635,True,2.9537470091963196,1.0
2013-03-21,2.921730429107136,1.0,13.264286115790505,0.2916666666666667,0.5833333333333334,0.043431883018681,0.028407241528795,True,2.92620654470262,1.0
2013-03-22,2.93670652450314,1.0,13.3322756921905,0.25,0.6666666666666666,0.036717156902448,0.0302420657182209,True,2.941205583602752,1.0
2013-03-25,2.923118766382605,1.0,13.2705889911905,0.25,0.5833333333333334,0.0391195476958374,0.0233303659976389,True,2.927597008922474,1.0
2013-03-26,2.942492993676447,1.0,13.358545529390504,0.2083333333333333,0.625,0.0421576197728283,0.0442189348920165,True,2.9470009176955094,1.0
2013-03-27,2.9514027552638167,1.0,13.398994718590505,0.2083333333333333,0.5833333333333334,0.0296775407803222,0.0456015240254759,True,2.9559243291125816,1.0
2013-03-28,2.965030212751721,1.0,13.460861649690502,0.25,0.625,0.0317840341465784,0.0551503525763592,True,2.969572663979994,1.0
2013-04-01,2.957759063769548,1.0,13.4278515541905,0.2916666666666667,0.625,0.0228137566623873,0.0458597635421442,True,2.9622903755364143,1.0
2013-04-02,2.985612318872848,1.0,13.554301804790509,0.2916666666666667,0.625,0.0222715644526061,0.0475176014950715,True,2.9901863020608386,1.0
2013-04-03,2.9455768427655253,1.0,13.3725458136905,0.375,0.5,0.0038438400169968,0.0404697624748542,True,2.9500894912673346,1.0
2013-04-04,2.9663948833978218,1.0,13.467057081590502,0.375,0.5416666666666666,0.0153651438660056,0.0319493481629,True,2.9709394253130044,1.0
2013-04-05,2.968180408911889,1.0,13.4751631412905,0.375,0.4583333333333333,0.0168473881619473,0.0321799322792477,True,2.9727276862671794,1.0
2013-04-08,2.9797692570635568,1.0,13.5277750441905,0.2916666666666667,0.5416666666666666,0.0179811445043103,0.0381551596086005,True,2.984334288631703,1.0
2013-04-09,2.9735592765313488,1.0,13.499582519058103,0.3333333333333333,0.4166666666666667,0.0136763481291803,0.0273967007201243,True,2.9781147943570803,1.0
2013-04-10,3.00044220749589,1.0,13.621627620958105,0.25,0.5,0.0231063419343466,0.0367393924986669,True,3.0050389101980026,1.0
2013-04-11,3.025860869639452,1.0,13.7370251278581,0.2083333333333333,0.625,0.0339999722527002,0.0500569636894048,True,3.030496513945795,1.0
2013-04-12,3.0339191624961805,1.0,13.773608756858104,0.25,0.5833333333333334,0.0327193708332238,0.0496547669159928,True,3.0385671521749678,1.0
2013-04-15,2.952516596044676,1.0,13.4040514146695,0.48,0.44,0.0052349542889962,0.0261812235902936,True,2.9570398763068875,1.0
2013-04-16,3.0024441246877225,1.0,13.630716071469502,0.32,0.52,0.0286062199128989,0.0471028635025958,True,3.007043894343814,1.0
2013-04-17,2.981228409966271,1.0,13.534399413569504,0.4,0.56,0.0217380231517858,0.0415481320676798,True,2.985795676968939,1.0
2013-04-18,2.959848874683672,1.0,13.437339031069502,0.4,0.44,0.0036009782926573,0.0458837273709136,True,2.964383388058439,1.0
2013-04-19,3.01136285515965,1.0,13.6712059782695,0.36,0.52,0.030677856231899,0.0754421363137078,True,3.01597628838585,1.0
2013-04-22,3.013152441800224,1.0,13.6793304749695,0.32,0.56,0.0260311735814382,0.0637041211686306,True,3.017768616688212,1.0
2013-04-23,3.0366030254297103,1.0,13.7857931546695,0.28,0.56,0.0388230065614276,0.0794612927141407,True,3.041255126809089,1.0
2013-04-24,3.014107702589257,1.0,13.683667237969502,0.24,0.52,0.02433810685929,0.0675217632870828,True,3.0187253409448096,1.0
2013-04-25,3.0600506668846106,1.0,13.892242477269503,0.24,0.56,0.0368122959250547,0.0675823351189099,True,3.0647386902479434,1.0
2013-04-26,3.053948280704614,1.0,13.864538416869497,0.28,0.52,0.0299889247571514,0.0627261279122304,True,3.058626955160985,1.0
2013-04-29,3.0711290809072818,1.0,13.942537073869506,0.2,0.6,0.038329699848252,0.0620179009559196,True,3.075834076494091,1.0
2013-04-30,3.078627307986165,1.0,13.9765780751695,0.24,0.64,0.0311544096081546,0.0541198315023316,True,3.083343790919936,1.0
2013-05-01,3.071357407188592,1.0,13.943573646269504,0.24,0.56,0.042701505048829,0.0467094828197187,True,3.0760627525731854,1.0
2013-05-02,3.120024623162798,1.0,14.1645166431695,0.2,0.68,0.0517900501463253,0.067950955583657,True,3.1248045271316607,1.0
2013-05-03,3.1606546559220177,1.0,14.3489718461695,0.2,0.72,0.0648458720474769,0.082785743786508,True,3.165496805442854,1.0
2013-05-06,3.164976786052123,1.0,14.368593769569504,0.16,0.72,0.0621549902058795,0.0812537525707459,True,3.169825557112677,1.0
2013-05-07,3.178069804974881,1.0,14.4280344172695,0.16,0.68,0.0687763415572777,0.083393298876647,True,3.1829386346505655,1.0
2013-05-08,3.177658229793092,1.0,14.4261659180695,0.12,0.68,0.0590633013542039,0.0835343801254122,True,3.182526428932136,1.0
2013-05-09,3.1686064751697787,1.0,14.3850720984695,0.12,0.56,0.0471752045715625,0.0827791324707114,True,3.173460806944595,1.0
2013-05-10,3.2102168143946828,1.0,14.573977768669506,0.12,0.6,0.0581088824243598,0.0927295393303306,True,3.215134893559225,1.0
2013-05-13,3.216632541826693,1.0,14.6031043586695,0.12,0.68,0.08945451691477,0.0951577615107592,True,3.221560449939632,1.0
2013-05-14,3.2636686827953127,1.0,14.816642481617103,0.0416666666666666,0.8333333333333334,0.0870039698523152,0.1180990444601046,True,3.268668650671892,1.0
2013-05-15,3.2446221399660087,1.0,14.730173589385402,0.0833333333333333,0.7916666666666666,0.0883507379438663,0.1120093314825532,True,3.2495929283787506,1.0
2013-05-16,3.2003265047128395,1.0,14.529077015305402,0.0833333333333333,0.75,0.0812465906911783,0.0851401361932671,True,3.205229431839751,1.0
2013-05-17,3.219356736815837,1.0,14.6154718589054,0.0833333333333333,0.75,0.0690696842792668,0.1018664503554678,True,3.224288818418416,1.0
2013-05-20,3.2134463874246406,1.0,14.5886396212054,0.2083333333333333,0.7083333333333334,0.0664732201550184,0.094234769668829,True,3.218369414322234,1.0
2013-05-21,3.240902051260476,1.0,14.713284857805398,0.1666666666666666,0.6666666666666666,0.0672788059946873,0.1087137780826918,True,3.2458671404660278,1.0
2013-05-22,3.211142933850058,1.0,14.5781822337054,0.1666666666666666,0.75,0.0653709988835298,0.0913001120991456,True,3.216062431837398,1.0
2013-05-23,3.21255925201622,1.0,14.584612138805404,0.125,0.75,0.049838581688216,0.0884855502308623,True,3.217480919814905,1.0
2013-05-24,3.203878238131608,1.0,14.545201435205406,0.125,0.75,0.0490938102568003,0.0805550055957848,True,3.2087866065439954,1.0
2013-05-28,3.2136486900504786,1.0,14.589558049505404,0.1666666666666666,0.75,0.0464062582159825,0.0865146960127336,True,3.2185720268773963,1.0
2013-05-29,3.176325187724439,1.0,14.4201140759054,0.25,0.5833333333333334,0.0317342341129889,0.0638773050493006,True,3.1811913446318214,1.0
2013-05-30,3.1901449015667387,1.0,14.4828538265054,0.2083333333333333,0.5833333333333334,0.0386758942805294,0.0830289182242465,True,3.1950322303919814,1.0
2013-05-31,3.149060324101058,1.0,14.296335048105409,0.25,0.5416666666666666,0.0093062409580686,0.061578261790286,True,3.1538847110080126,1.0
2013-06-03,3.130694113341056,1.0,14.2129547773054,0.2916666666666667,0.5416666666666666,-0.0094792205547751,0.054751963169497,False,3.135490363058627,1.0
2013-06-04,3.0954519278421886,1.0,14.0529597185054,0.375,0.3333333333333333,-0.0219669409634621,0.0388226942419802,False,3.100194186235112,1.0
2013-06-05,3.055045192083013,1.0,13.869518255605405,0.5416666666666666,0.1666666666666666,-0.0387104816575418,0.0274034945914098,False,3.0597255470168445,1.0
2013-06-06,3.116935817296876,1.0,14.1504938557304,0.4583333333333333,0.375,-0.0191091703717207,0.0388254802941894,False,3.1217109891891703,1.0
2013-06-07,3.1499832176434683,1.0,14.300524867905,0.391304347826087,0.3478260869565217,-0.0058774283497331,0.0410205073370759,False,3.154809018431094,1.0
2013-06-10,3.143327623321865,1.0,14.270309312605002,0.3478260869565217,0.5217391304347826,-0.0208363468700574,0.0360617587238771,False,3.1481432276830024,1.0
2013-06-11,3.135209195549721,1.0,14.233452678705,0.4347826086956521,0.217391304347826,-0.0253132259337067,0.061876908583609,False,3.140012362411218,1.0
2013-06-12,3.100830966398573,1.0,14.077379872304997,0.4347826086956521,0.2608695652173913,-0.0498940708213283,0.0327689167974387,False,3.1055814655238145,1.0
2013-06-13,3.1441773868507523,1.0,14.274167131405,0.4782608695652174,0.3043478260869565,-0.0309573037420958,0.0546583335714039,False,3.1489942930567643,1.0
2013-06-14,3.1363468869652604,1.0,14.238617653644804,0.5,0.2916666666666667,-0.0199915907496821,0.0596307513505913,False,3.1411517967795763,1.0
2013-06-17,3.1315414570534097,1.0,14.2168016104448,0.4583333333333333,0.3333333333333333,-0.0272772752265048,0.0399083762648686,False,3.1363390049086766,1.0
2013-06-18,3.1649927642236886,1.0,14.368666308444803,0.4166666666666667,0.375,-0.0150783978816539,0.0503925126113922,False,3.1698415597629386,1.0
2013-06-19,3.103660816384399,1.0,14.0902270328448,0.5833333333333334,0.3333333333333333,-0.0423466160671841,0.0220831601605875,False,3.1084156508636243,1.0
2013-06-20,3.0106909748695103,1.0,13.668155726844802,0.7083333333333334,0.1666666666666666,-0.0624238668629465,-0.0011335785104199,False,3.015303378769457,1.0
2013-06-21,3.010258593453168,1.0,13.666192769975,0.7083333333333334,0.25,-0.0629718061810336,-0.0162716499992255,False,3.0148703349411474,1.0
2013-06-24,2.981982929469387,1.0,13.537824836555,0.6666666666666666,0.2083333333333333,-0.0692583463445296,-0.0235646922018675,False,2.9865513524022838,1.0
2013-06-25,3.0064829571550336,1.0,13.649051859359602,0.6086956521739131,0.217391304347826,-0.0644643372303992,-0.0210496276936527,False,3.011088914336443,1.0
2013-06-26,3.040151629309655,1.0,13.801903366859603,0.6956521739130435,0.1739130434782608,-0.0428714159812899,-0.0124976734198065,False,3.044809167180032,1.0
2013-06-27,3.069578649636472,1.0,13.935498312259606,0.5652173913043478,0.2608695652173913,-0.0377933465878158,-0.0005791437844242,False,3.074281269949535,1.0
2013-06-28,3.0504362974454065,1.0,13.848594457659605,0.6521739130434783,0.2608695652173913,-0.0313185574442129,-0.0223037745281793,False,3.0551095915138844,1.0
2013-07-01,3.1151172374310283,1.0,14.142237733459606,0.4782608695652174,0.3043478260869565,-0.0049755342892325,-0.0144075906571021,False,3.1198896232436715,1.0
2013-07-02,3.1082586637246203,1.0,14.111100677459598,0.5652173913043478,0.3043478260869565,0.0041372750024777,-0.0179205492367134,True,3.1130205421446497,1.0
2013-07-03,3.115365147959103,1.0,14.143363215859605,0.4782608695652174,0.3478260869565217,0.0197443743327945,-0.0197304215651966,True,3.1201379135727607,1.0
2013-07-05,3.145724026131352,1.0,14.281188677859603,0.391304347826087,0.4782608695652174,0.0092360608372885,-0.0100496029945355,True,3.150543301801754,1.0
2013-07-08,3.1467602591791968,1.0,14.285893044659606,0.391304347826087,0.5217391304347826,-0.0010231668683877,-0.006894581628162,False,3.151581122367345,1.0
2013-07-09,3.170116742936966,1.0,14.391928522859605,0.3478260869565217,0.5652173913043478,0.0085225349773725,-0.0124913903876855,True,3.1749733884547098,1.0
2013-07-10,3.2058197487417224,1.0,14.554015647486205,0.3333333333333333,0.5833333333333334,0.0225217995954563,-0.0033615257398439,True,3.210731091564699,1.0
2013-07-11,3.2440211176713647,1.0,14.727445024286205,0.2083333333333333,0.6666666666666666,0.046177993197449,-0.0060200856868596,True,3.2489909853128975,1.0
2013-07-12,3.3044777262022205,1.0,15.0019103702862,0.0416666666666666,0.7916666666666666,0.0509832365126279,0.0184476292320554,True,3.309540213876594,1.0
2013-07-15,3.2957607764913512,1.0,14.962336522586204,0.0416666666666666,0.6666666666666666,0.0508278883909874,0.0298201672979221,True,3.3008099097254395,1.0
2013-07-16,3.2611561213541957,1.0,14.805235770886204,0.125,0.6666666666666666,0.0413900521766508,0.012983769105284,True,3.2661522399655136,1.0
2013-07-17,3.2732540964398007,1.0,14.860159045586196,0.0833333333333333,0.7083333333333334,0.034205870370344,0.0186117027653576,True,3.27826874925072,1.0
2013-07-18,3.2772854322684486,1.0,14.878460799686202,0.125,0.7916666666666666,0.0559418783674672,0.011226313054979,True,3.2823062611197695,1.0
2013-07-19,3.300134415459232,1.0,14.9821922895862,0.0416666666666666,0.7083333333333334,0.0961385419512435,0.0277133355451346,True,3.305190249145011,1.0
2013-07-22,3.3088330529632275,1.0,15.0216830021862,0.0416666666666666,0.75,0.0991856514119462,0.0299679456142598,True,3.3139022130348375,1.0
2013-07-23,3.2801073710115984,1.0,14.8912720441862,0.0833333333333333,0.75,0.0999752341289426,0.023792768393235,True,3.285132523096813,1.0
2013-07-24,3.2732621496600505,1.0,14.860195606186204,0.0833333333333333,0.7083333333333334,0.0887346432049842,0.0185500860109997,True,3.2782768148085712,1.0
2013-07-25,3.2929005288160944,1.0,14.949351360386204,0.0416666666666666,0.7916666666666666,0.0831369386545475,0.0367013243927876,True,3.2979452801266835,1.0
2013-07-26,3.319412540246196,1.0,15.0697125345762,0.04,0.8,0.0813902880902923,0.040520930135798,True,3.32449790818132,1.0
2013-07-29,3.2979228371326337,1.0,14.972152004076202,0.04,0.8,0.0811315220365314,0.047272042358881,True,3.3029752826618126,1.0
2013-07-30,3.333864598666777,1.0,15.1353230494762,0.0,0.8,0.0702212291105119,0.0648963066880079,True,3.338972107276975,1.0
2013-07-31,3.345501462779049,1.0,15.188152938756206,0.04,0.8,0.0763265946374431,0.0807796537519385,True,3.350626799162958,1.0
2013-08-01,3.3971913545983936,1.0,15.422818501176202,0.0,0.84,0.0904632982826805,0.1119938138401475,True,3.4023958803313943,1.0
2013-08-02,3.401148108853113,1.0,15.440781664376203,0.0,0.88,0.0811972317342419,0.0911832351436474,True,3.4063586963669166,1.0
2013-08-05,3.3942337848910498,1.0,15.4093915092762,0.04,0.84,0.0786439084420125,0.0775402757321064,True,3.3994337796023792,1.0
2013-08-06,3.349113290411656,1.0,15.204550178776202,0.12,0.72,0.0564637084339225,0.0654674573413753,True,3.354244160145882,1.0
2013-08-07,3.3451754294372904,1.0,15.186672788676203,0.12,0.52,0.0434695933076911,0.0669704063721192,True,3.3503002663353776,1.0
2013-08-08,3.3540405039410595,1.0,15.226919104176202,0.12,0.6,0.0339145098872439,0.0816586070915612,True,3.3591789222078607,1.0
2013-08-09,3.3450819732619443,1.0,15.186248509476204,0.12,0.52,0.01228764434929,0.0638973447399608,True,3.3502066669843846,1.0
2013-08-12,3.33442581852968,1.0,15.137870916576205,0.2,0.44,0.0117317501664946,0.0631559386455755,True,3.339534186933429,1.0
2013-08-13,3.3376884603817127,1.0,15.152682897376204,0.12,0.48,0.0234678550120246,0.0658292429320972,True,3.342801827180225,1.0
2013-08-14,3.311971720988657,1.0,15.0359321575145,0.24,0.52,0.0118284812019231,0.0464389550669381,True,3.3170456895260854,1.0
2013-08-15,3.2389706831953915,1.0,14.704516691394506,0.36,0.32,-0.0116910015514081,0.0435968602292764,False,3.2439328135288235,1.0
2013-08-16,3.226732684758742,1.0,14.6489577284145,0.52,0.24,-0.0222420427351826,0.071758181657483,False,3.2316760663756208,1.0
2013-08-19,3.210436969488797,1.0,14.5749772449145,0.6,0.24,-0.0297373974145698,0.0664987308635163,False,3.2153553859327997,1.0
2013-08-20,3.2412135147308363,1.0,14.714698862514496,0.48,0.28,-0.0118574948565688,0.0869322834479056,False,3.246179081101048,1.0
2013-08-21,3.245871999287977,1.0,14.735847792414503,0.48,0.36,-0.0083678450181325,0.0796242804447731,False,3.2508447024957183,1.0
2013-08-22,3.285413195241164,1.0,14.9153598142145,0.36,0.36,-0.002273780671299,0.0806741228190648,False,3.290446475893733,1.0
2013-08-23,3.2949904982917557,1.0,14.9588395571145,0.36,0.36,-0.0073573385827573,0.0734341336007067,False,3.3000384514531644,1.0
2013-08-26,3.3060285836123198,1.0,15.0089510665145,0.4,0.32,0.0024578338790763,0.0837887637191301,True,3.3110934472132936,1.0
2013-08-27,3.2319304762767493,1.0,14.6725550436145,0.64,0.16,-0.030575363627783,0.0374988258682851,False,3.236881820953959,1.0
2013-08-28,3.2504879696745537,1.0,14.7568037133645,0.64,0.16,-0.0284003741028321,0.0457585166929124,False,3.2554677445877576,1.0
2013-08-29,3.2823705110999857,1.0,14.9015464135645,0.6,0.2,-0.0337987565354509,0.0536069947531792,False,3.287399130334855,1.0
2013-08-30,3.265031275155992,1.0,14.8228284783645,0.76,0.16,-0.0400208486489643,0.0379268009633266,False,3.2700333305355347,1.0
2013-09-03,3.294183924128474,1.0,14.9551778125645,0.76,0.12,-0.0294764200415227,0.0468493475215459,False,3.2992306416114796,1.0
2013-09-04,3.3417041522691746,1.0,15.170913629964502,0.6,0.2,-0.0022122685917175,0.0541265269534647,False,3.3468236711414403,1.0
2013-09-05,3.3524671161484005,1.0,15.219776122864504,0.48,0.32,0.0021797621275532,0.0457441088084367,True,3.357603123971869,1.0
2013-09-06,3.3523197934538675,1.0,15.2191072964895,0.48,0.32,-0.0005130261501526,0.0333840847066495,False,3.3574555755777284,1.0
2013-09-09,3.4045172394496235,1.0,15.456077090589504,0.44,0.4,0.0177679550644076,0.0302739257263433,True,3.4097329884998437,1.0
2013-09-10,3.4346330076462164,1.0,15.5927988640895,0.28,0.4,0.0300523072247327,0.0421366235515148,True,3.4398948943066525,1.0
2013-09-11,3.427475700606312,1.0,15.560305596589505,0.24,0.48,0.0269010248530894,0.0510001892160414,True,3.4327266222121544,1.0
2013-09-12,3.4170093553980707,1.0,15.512789714889506,0.32,0.4,0.0317145323867855,0.0439181483388737,True,3.4222442424750095,1.0
2013-09-13,3.4383951420224586,1.0,15.609878477689504,0.2,0.48,0.0615703191948391,0.0491594989462034,True,3.4436627923044068,1.0
2013-09-16,3.4706854809031493,1.0,15.756472526689503,0.12,0.6,0.0756036585542712,0.0516800360145883,True,3.4760026002558946,1.0
2013-09-17,3.492345205940279,1.0,15.854804935189502,0.08,0.72,0.0878099271627721,0.0554612910472185,True,3.4976955081739867,1.0
2013-09-18,3.54391137440514,1.0,16.088908809249503,0.04,0.84,0.0933902867856704,0.0804254170838869,True,3.549340676442719,1.0
2013-09-19,3.5546166026869823,1.0,16.137509189849503,0.04,0.84,0.095119155489413,0.0859553681198894,True,3.560062305224344,1.0
2013-09-20,3.510752433970096,1.0,15.9383714191997,0.04,0.84,0.0685877925660405,0.0661580582977177,True,3.5161309362319906,1.0
2013-09-23,3.4852845473035825,1.0,15.822750439199709,0.08,0.76,0.0577525334626862,0.0499702899372318,True,3.4906240325488636,1.0
2013-09-24,3.4988120741624003,1.0,15.884163697899703,0.16,0.72,0.0583127113618109,0.0609138681984529,True,3.504172283692625,1.0
2013-09-25,3.476939383338538,1.0,15.784864451699706,0.16,0.68,0.075808842071394,0.0429155955310769,True,3.4822660837224237,1.0
2013-09-26,3.5245029382385464,1.0,16.000796967099706,0.16,0.72,0.084299640890973,0.0535051254501028,True,3.5299025063886518,1.0
2013-09-27,3.523816823195519,1.0,15.997682091699703,0.16,0.72,0.0735585185398892,0.0372735755452,True,3.529215340211606,1.0
2013-09-30,3.5189442243724725,1.0,15.975561110149703,0.16,0.64,0.0777673865327215,0.0346342210775056,True,3.5243352765261737,1.0
2013-10-01,3.5586273710410388,1.0,16.155717570219704,0.12,0.8,0.0802758598193715,0.0484331948146186,True,3.5640792181092578,1.0
2013-10-02,3.539102324293224,1.0,16.067076330799697,0.16,0.76,0.059071109538529,0.0567281597865014,True,3.5445242588255774,1.0
2013-10-03,3.498124115477634,1.0,15.881040452599704,0.12,0.64,0.0434477041184455,0.0457221719059655,True,3.503483271049366,1.0
2013-10-04,3.536513920500915,1.0,16.055325305399702,0.12,0.64,0.0549452732423463,0.054404058730193,True,3.5419318895768845,1.0
2013-10-07,3.480851140456953,1.0,15.802623333599705,0.12,0.44,0.0224213583420334,0.0405876950939452,True,3.4861838336856503,1.0
2013-10-08,3.38488933182142,1.0,15.3669688757997,0.48,0.24,-0.0144829668014182,0.0151340938554727,False,3.39007501075204,1.0
2013-10-09,3.366552837639296,1.0,15.283723514499702,0.52,0.16,-0.017774848981785,0.0086480142170854,False,3.3717104249065795,1.0
2013-10-10,3.444183035761979,1.0,15.636154782239704,0.32,0.32,0.0079524746752539,0.0399192160776828,True,3.449459553145825,1.0
2013-10-11,3.4619249346039,1.0,15.7167007559997,0.32,0.4,0.0068432485533358,0.0688349087459332,True,3.4672286327260196,1.0
2013-10-14,3.46701690389675,1.0,15.7398176516997,0.4,0.4,-0.0010570179944522,0.0744667261322808,False,3.472328402958661,1.0
2013-10-15,3.437022527412505,1.0,15.603646981199706,0.4,0.28,-0.0158411254516512,0.070577793639035,False,3.4422880748373244,1.0
2013-10-16,3.4986540947774145,1.0,15.883446491499702,0.36,0.48,-0.0127704321148044,0.0794272203532875,False,3.504014062281892,1.0
2013-10-17,3.522007194178657,1.0,15.989466605149698,0.32,0.4,-0.009173818769561,0.0850727308258785,False,3.5274029388278674,1.0
2013-10-18,3.521108729328638,1.0,15.985387688519705,0.4,0.44,0.0029498791365449,0.0717399974008978,True,3.5265030975221396,1.0
2013-10-21,3.5140663536402448,1.0,15.953416194799704,0.28,0.48,0.0082580936925025,0.0664875529875028,True,3.5194499328549504,1.0
2013-10-22,3.572274019522446,1.0,16.2176716259997,0.2,0.6,0.0209962535291734,0.0805333133627104,True,3.577746773370936,1.0
2013-10-23,3.5737503362213654,1.0,16.22437391683971,0.2,0.56,0.0278437275457679,0.1057633703613578,True,3.5792253517994572,1.0
2013-10-24,3.633751279036511,1.0,16.4967705981997,0.16,0.64,0.0309968079789899,0.1179094686513584,True,3.639318216563734,1.0
2013-10-25,3.644602149530984,1.0,16.546032175999695,0.16,0.64,0.034276845930355,0.1103567184771012,True,3.650185710683084,1.0
2013-10-28,3.624771287349025,1.0,16.4560025732397,0.2,0.52,0.0300735266684786,0.1101796527740297,True,3.6303244674534416,1.0
2013-10-29,3.63539951142548,1.0,16.5042533644997,0.2,0.6,0.0215735260761467,0.1035812192506164,True,3.6409689740585884,1.0
2013-10-30,3.598063109290248,1.0,16.3347508273997,0.28,0.52,0.0166598135895379,0.0767150368015059,True,3.6035753722412056,1.0
2013-10-31,3.599168416489663,1.0,16.339768782099704,0.24,0.52,0.0288852818471918,0.0735879851447123,True,3.6046823727805477,1.0
2013-11-01,3.603089742108484,1.0,16.357571103779705,0.2,0.6,0.0188252677931322,0.0748049005182325,True,3.608609705903204,1.0
2013-11-04,3.626763914050104,1.0,16.4650488460997,0.24,0.48,0.041918705427316,0.0652799380849693,True,3.632320146875389,1.0
2013-11-05,3.638663224386689,1.0,16.519070207999704,0.12,0.72,0.0749725818742539,0.0594037896585342,True,3.644237687055509,1.0
2013-11-06,3.607930723170663,1.0,16.379548544699706,0.12,0.64,0.0716988258234581,0.0526495410404896,True,3.613458103389093,1.0
2013-11-07,3.5533646560004613,1.0,16.131825510449698,0.2,0.64,0.0317002955722209,0.039904866045211,True,3.5588084405449676,1.0
2013-11-08,3.6178230925654464,1.0,16.4244586488997,0.24,0.64,0.0450322178864301,0.0521836330996707,True,3.6233656279770057,1.0
2013-11-11,3.6314111643731457,1.0,16.4861467739997,0.24,0.68,0.0474166307904719,0.0463094925640379,True,3.6369745168250196,1.0
2013-11-12,3.6400645092039614,1.0,16.525431863599707,0.2,0.64,0.0590749639177705,0.0422980245516459,True,3.6456411186529096,1.0
2013-11-13,3.699272796124777,1.0,16.794229987588,0.12,0.68,0.0573416793751733,0.0438389692365592,True,3.704940113167358,1.0
2013-11-14,3.73358098896095,1.0,16.949984837988,0.16,0.72,0.0600719371419775,0.0503470293079395,True,3.7393008664435623,1.0
2013-11-15,3.7535472176591984,1.0,17.040628987588004,0.16,0.64,0.0660128687292425,0.0691574778499954,True,3.7592976835721355,1.0
2013-11-18,3.712673106064696,1.0,16.855065697588007,0.2,0.6,0.0565176443577151,0.0652424660526032,True,3.7183609524948302,1.0
2013-11-19,3.701845966033971,1.0,16.805911853088002,0.24,0.6,0.0362715586215998,0.0580293789914905,True,3.7075172251944988,1.0
2013-11-20,3.716807857421404,1.0,16.873836945087998,0.28,0.52,0.0400300826138007,0.0689883968735018,True,3.7225020383253993,1.0
2013-11-21,3.761442068203216,1.0,17.076470609188,0.16,0.64,0.0351402116879508,0.0672262540609731,True,3.7672046290936003,1.0
2013-11-22,3.799931117580933,1.0,17.251206018788004,0.08,0.68,0.0426189091914843,0.0783565969059156,True,3.80575264401874,1.0
2013-11-25,3.7891748962246,1.0,17.202374136088004,0.12,0.56,0.0453555813160866,0.0767931102688388,True,3.794979944040806,1.0
2013-11-26,3.792880272585795,1.0,17.219196075488007,0.16,0.52,0.0433186945933667,0.065826757656908,True,3.798690997069757,1.0
2013-11-27,3.801537161149827,1.0,17.258497253188004,0.16,0.52,0.0565509958216703,0.0741529384599,True,3.807361148059892,1.0
2013-11-29,3.80507218100984,1.0,17.274545795648006,0.12,0.56,0.0572087050933276,0.0877464765112532,True,3.810901583600068,1.0
2013-12-02,3.7912057631422127,1.0,17.211594014688007,0.16,0.56,0.0522096407522854,0.0720177690139627,True,3.7970139222636208,1.0
2013-12-03,3.742837945123568,1.0,16.992010246588002,0.12,0.48,0.0320048489022932,0.0752651561629904,True,3.748572004340893,1.0
2013-12-04,3.740250152625845,1.0,16.980261996388005,0.24,0.44,0.0279187498195243,0.1049844724504494,True,3.7459802473232946,1.0
2013-12-05,3.73015945970301,1.0,16.934451528488005,0.28,0.48,0.0338777947556963,0.1080056186846256,True,3.735874095374017,1.0
2013-12-06,3.780506044479926,1.0,17.163018647063005,0.24,0.48,0.0639229041961391,0.0976495747252121,True,3.7862978115423354,1.0
2013-12-09,3.763065808471727,1.0,17.083842184363004,0.16,0.6,0.0401464394996955,0.0869865405970404,True,3.7688308569458617,1.0
2013-12-10,3.760963188693459,1.0,17.074296556863004,0.2,0.48,0.0356753940703036,0.0847836318497119,True,3.7667250159364056,1.0
2013-12-11,3.701766235236003,1.0,16.805549885362996,0.28,0.4,0.0169507232292247,0.0770270505101418,True,3.7074373722482776,1.0
2013-12-12,3.725025663092458,1.0,16.911144742063,0.32,0.44,0.0069616025600107,0.0647024719171176,True,3.730732433743871,1.0
2013-12-13,3.72507046962873,1.0,16.911348158063003,0.4,0.48,-0.0022794521820695,0.0576555538517087,False,3.730777308924133,1.0
2013-12-16,3.7271777594491695,1.0,16.920914986963005,0.44,0.4,-0.0070252102027569,0.0585239042475755,False,3.732887827130305,1.0
2013-12-17,3.706599571961589,1.0,16.827492621963007,0.44,0.32,-0.001635892503756,0.0547892950632242,False,3.7122781136863865,1.0
2013-12-18,3.780578112789912,1.0,17.163345828063008,0.2,0.48,0.0212683475969397,0.0583113423351864,True,3.7863699902615786,1.0
2013-12-19,3.7700955553452697,1.0,17.115756344863,0.24,0.4,0.0143369525592949,0.0549409445684743,True,3.7758713734507503,1.0
2013-12-20,3.8212946669297447,1.0,17.3481938271732,0.2,0.44,0.0159121415779557,0.0516115092893647,True,3.8271489225048683,1.0
2013-12-23,3.844329566474274,1.0,17.452769353773203,0.24,0.48,0.0116840141359206,0.0548008832648558,True,3.850219111709273,1.0
2013-12-24,3.8514447639694422,1.0,17.485071449273203,0.24,0.52,0.0164336219494345,0.0625345597421664,True,3.857345209746858,1.0
2013-12-26,3.8782092716965137,1.0,17.6065789246732,0.24,0.44,0.0224971507082518,0.0667903925023702,True,3.8841507209249153,1.0
2013-12-27,3.854006067600477,1.0,17.496699443373203,0.2,0.52,0.0138020238199589,0.0711335378330024,True,3.8599104373166018,1.0
2013-12-30,3.8812827351214247,1.0,17.620532059373204,0.2,0.48,0.0200286750122462,0.0783831946677595,True,3.887228892921648,1.0
2013-12-31,3.8790477390820906,1.0,17.6103854604132,0.24,0.56,0.0231699310002824,0.0765892655263478,True,3.8849904728495805,1.0
2014-01-02,3.865878187222597,1.0,17.550597362873198,0.28,0.52,0.0328735157393964,0.0659304765458164,True,3.871800745125854,1.0
2014-01-03,3.860000357262796,1.0,17.523912759273202,0.2,0.56,0.0320166298376809,0.0608292439357078,True,3.8659139102811095,1.0
2014-01-06,3.816701269452599,1.0,17.3273403843732,0.2,0.56,0.0232005657357285,0.0578643444956359,True,3.822548487904148,1.0
2014-01-07,3.8728883427786935,1.0,17.5824225812732,0.2,0.68,0.0244364900391205,0.0899214456469201,True,3.8788216402992335,1.0
2014-01-08,3.9045863113460095,1.0,17.72632734407321,0.2,0.56,0.0376077671976082,0.0792640246478213,True,3.9105681704210435,1.0
2014-01-09,3.902561284767532,1.0,17.717133979873203,0.16,0.6,0.0376494235571778,0.0746679756494035,True,3.9085400414848133,1.0
2014-01-10,3.942291572317224,1.0,17.8975044535732,0.12,0.64,0.0649758309403047,0.0830279414963874,True,3.9483311961692493,1.0
2014-01-13,3.889693495916363,1.0,17.658715848173202,0.28,0.52,0.0442058250646255,0.0514751710095735,True,3.895652539072878,1.0
2014-01-14,3.958651510149654,1.0,17.9717764993732,0.16,0.72,0.062705133345895,0.060282747810793,True,3.9647161975640612,1.0
2014-01-15,3.9417611508465193,1.0,17.895096407273204,0.2,0.68,0.0575726206922482,0.0501429507272046,True,3.9477999620883897,1.0
2014-01-16,3.958983973344791,1.0,17.973285840173205,0.2,0.72,0.0680905494330583,0.0663432681099081,True,3.9650491700956096,1.0
2014-01-17,3.952051348695999,1.0,17.941812602273206,0.2,0.68,0.0453563531265193,0.0675893554074835,True,3.9581059246075374,1.0
2014-01-21,3.966834310929008,1.0,18.008925378573203,0.24,0.44,0.0521840236396138,0.0672691360701829,True,3.972911534463044,1.0
2014-01-22,3.9842851379375,1.0,18.0881499230732,0.2,0.52,0.0426532066260969,0.059244052066641,True,3.9903890962853126,1.0
2014-01-23,3.9593343475461817,1.0,17.974876494673204,0.4,0.48,0.0299154323486847,0.0419489788190496,True,3.965400081073225,1.0
2014-01-24,3.8480449825208223,1.0,17.469636872073206,0.52,0.28,-0.0008827288607183,0.0155363866563351,False,3.8539402198044614,1.0
2014-01-27,3.792072456985944,1.0,17.215528694973205,0.6,0.24,-0.0222104607245415,-0.0002129820985093,False,3.7978819438896134,1.0
2014-01-28,3.860406179376605,1.0,17.525755140273198,0.6,0.28,0.0016606387389823,0.0154855827343731,True,3.8663203541178124,1.0
2014-01-29,3.8225534501726575,1.0,17.353908543673203,0.6,0.24,-0.0151314111742824,0.0045942017210773,False,3.828409634214301,1.0
2014-01-30,3.95172000221924,1.0,17.9403083312332,0.48,0.32,0.0187345627136692,0.0423385722393476,True,3.9577740705051903,1.0
2014-01-31,3.911327488319353,1.0,17.7569314337732,0.52,0.32,0.0117565269508423,0.0450165210639978,True,3.91731967493422,1.0
2014-02-03,3.80442696847902,1.0,17.271616612473196,0.76,0.2,-0.0143972496477133,0.0171584287773161,False,3.810255382598226,1.0
2014-02-04,3.841608119741507,1.0,17.4404143302732,0.64,0.24,0.0065257531387779,0.0298777200391779,False,3.8474934956972215,1.0
2014-02-05,3.8203819882757246,1.0,17.344050381673206,0.68,0.2,-0.0135574149977421,0.0105477794048298,False,3.8262348456194757,1.0
2014-02-06,3.8595448414719735,1.0,17.5218447752732,0.6,0.24,-0.0115355293192404,0.0256384123772286,False,3.8654576966362657,1.0
2014-02-07,3.955286440330149,1.0,17.956499508573202,0.6,0.32,0.0135103978426713,0.0516684800906539,True,3.961345972429287,1.0
2014-02-10,3.9743487353319824,1.0,18.0430399136732,0.56,0.32,0.008131606307322,0.0736357951243245,True,3.980437471027418,1.0
2014-02-11,4.036005762966606,1.0,18.3229550103732,0.52,0.36,0.0376153718034208,0.0834840154137295,True,4.042188957747047,1.0
2014-02-12,4.048526500836841,1.0,18.3797975745732,0.44,0.4,0.0227034358686928,0.0868321911881442,True,4.054728877493027,1.0
2014-02-13,4.096601099067864,1.0,18.598050161973205,0.44,0.4,0.0392819205161865,0.0991161043183761,True,4.1028771264129515,1.0
2014-02-14,4.093675890285291,1.0,18.584770084573208,0.48,0.44,0.0340218394030789,0.1044289545738161,True,4.099947436185917,1.0
2014-02-18,4.149210895311083,1.0,18.83689197397321,0.4,0.4,0.0498879010466644,0.0975069874297971,True,4.155567521306579,1.0
2014-02-19,4.120574153109248,1.0,18.7068847911732,0.4,0.36,0.0387563054389918,0.0929627890378181,True,4.126886907374794,1.0
2014-02-20,4.160201463777478,1.0,18.886787762873208,0.32,0.48,0.044152544245626,0.0886889984644996,True,4.166574927416319,1.0
2014-02-21,4.172611669996026,1.0,18.9431285273732,0.32,0.44,0.0538669644259828,0.0853938503047821,True,4.179004146175191,1.0
2014-02-24,4.212018030712062,1.0,19.1220284142732,0.24,0.56,0.0945864847850095,0.0936202617043373,True,4.218470877767337,1.0
2014-02-25,4.217551874578192,1.0,19.1471513645732,0.28,0.56,0.1122023438155583,0.0874998173404999,True,4.224013199528822,1.0
2014-02-26,4.177228246214483,1.0,18.96408719872321,0.28,0.6,0.0820696196504997,0.0838665463791672,True,4.183627795027251,1.0
2014-02-27,4.203600560988052,1.0,19.0838141677849,0.2,0.68,0.0996839196056715,0.0830441500563716,True,4.210040512408901,1.0
2014-02-28,4.1329442619232655,1.0,18.763043518534896,0.24,0.6,0.0458595901537184,0.0654533122351457,True,4.139275967299574,1.0
2014-03-03,4.126989522251902,1.0,18.7360097545849,0.28,0.56,0.055137810519982,0.067542566626213,True,4.133312104916942,1.0
2014-03-04,4.192516896818924,1.0,19.033495736184904,0.2,0.64,0.1020100876046146,0.0861441732590724,True,4.198939867973028,1.0
2014-03-05,4.181875097399011,1.0,18.985183314584905,0.2,0.6,0.0885740989324024,0.0956778647753029,True,4.188281765226883,1.0
2014-03-06,4.134256885657107,1.0,18.7690026640449,0.2,0.6,0.0821579879563418,0.067486723020496,True,4.140590601984018,1.0
2014-03-07,4.133418207930862,1.0,18.7651951733849,0.24,0.6,0.0709600167138972,0.05860592604136,True,4.139750639396441,1.0
2014-03-10,4.150882547012322,1.0,18.844481060984894,0.2,0.6,0.0494518183785057,0.0636303299615144,True,4.1572417339922865,1.0
2014-03-11,4.13128466872178,1.0,18.755509175584905,0.2,0.56,0.0394872075504186,0.0479399082837161,True,4.137613831587343,1.0
2014-03-12,4.167650492040711,1.0,18.920605407781107,0.2083333333333333,0.5833333333333334,0.0326175770812928,0.0714598711739533,True,4.174035367653515,1.0
2014-03-13,4.086711625019905,1.0,18.553153202281106,0.3333333333333333,0.5,0.0094318572881197,0.0323494287238761,True,4.092972501607561,1.0
2014-03-14,4.098448163767335,1.0,18.606435601781097,0.2916666666666667,0.4583333333333333,0.000450877362673,0.0397505092075827,True,4.104727020831082,1.0
2014-03-17,4.122379108770605,1.0,18.7150790612811,0.25,0.4583333333333333,0.0070116001497406,0.0412719870870725,True,4.128694628243409,1.0
2014-03-18,4.157492390629511,1.0,18.874488913881105,0.25,0.5,0.0019959205563127,0.0519833938901874,True,4.163861703945502,1.0
2014-03-19,4.103566313900663,1.0,18.629671355181102,0.25,0.375,-0.0041275411087434,0.0344687960863259,False,4.109853012013469,1.0
2014-03-20,4.094157871067223,1.0,18.586958216281104,0.2916666666666667,0.4583333333333333,-0.015875094820597,0.0275765235985592,False,4.100430155366463,1.0
2014-03-21,3.999597782329426,1.0,18.1576673892913,0.4583333333333333,0.3333333333333333,-0.0414641719263474,0.010169243425526,False,4.005725199777264,1.0
2014-03-24,3.939085106001016,1.0,17.882947502591303,0.5416666666666666,0.2916666666666667,-0.0647986126177394,0.0236587991808125,False,3.9451198175196756,1.0
2014-03-25,3.932802918703946,1.0,17.8544271678913,0.5,0.2916666666666667,-0.0675152231299404,0.0371117544072083,False,3.9388280058588196,1.0
2014-03-26,3.898731707897153,1.0,17.6997481858913,0.5416666666666666,0.2083333333333333,-0.0666701750304668,0.0099278487132503,False,3.9047045976704577,1.0
2014-03-27,3.896712315883634,1.0,17.6905804019026,0.5652173913043478,0.217391304347826,-0.0730060434268007,0.0194003476151856,False,3.9026821119313864,1.0
2014-03-28,3.868640209058484,1.0,17.5631365922026,0.4782608695652174,0.217391304347826,-0.0639505485955399,-0.0210237043905183,False,3.874566998402433,1.0
2014-03-31,3.9251543082474183,1.0,17.819703445102604,0.4782608695652174,0.2608695652173913,-0.0489061609961034,0.0035350708856156,False,3.931167677666731,1.0
2014-04-01,3.960417475587105,1.0,17.979793758802604,0.4782608695652174,0.3043478260869565,-0.0553604021030718,0.0410023660331817,False,3.9664848684754217,1.0
2014-04-02,3.967214732076391,1.0,18.0106524424026,0.4347826086956521,0.217391304347826,-0.0513311278608327,0.0326963626741123,False,3.9732925384188285,1.0
2014-04-03,3.919490242929234,1.0,17.793989305902606,0.4782608695652174,0.217391304347826,-0.0519480643481442,0.0259419751631275,False,3.9254949349528316,1.0
2014-04-04,3.826373860366065,1.0,17.3712527221026,0.5652173913043478,0.217391304347826,-0.0742833974495165,-0.0085945318602019,False,3.8322358973082644,1.0
2014-04-07,3.780900148059697,1.0,17.164807827402598,0.7391304347826086,0.1739130434782608,-0.0891334300024767,-0.0440894218159066,False,3.78669251889211,1.0
2014-04-08,3.80917962511901,1.0,17.2931930717026,0.6956521739130435,0.0869565217391304,-0.0779672836494294,-0.041558786410618,False,3.8150153203481705,1.0
2014-04-09,3.9025505739906383,1.0,17.717085354302604,0.6956521739130435,0.217391304347826,-0.063608961105629,-0.03306615421626,False,3.9085293142989226,1.0
2014-04-10,3.778899632142947,1.0,17.155725738502603,0.782608695652174,0.1304347826086956,-0.0753202136878107,-0.0665987659061049,False,3.7846889381681477,1.0
2014-04-11,3.730475004536321,1.0,16.935884062068006,0.75,0.1666666666666666,-0.0897835337980144,-0.0893731377982716,False,3.736190123624672,1.0
2014-04-14,3.761458704641054,1.0,17.076546136508806,0.7391304347826086,0.1739130434782608,-0.0875514829195773,-0.0811537587605855,False,3.7672212910186063,1.0
2014-04-15,3.7895518544320734,1.0,17.2040854786088,0.782608695652174,0.0869565217391304,-0.0885005916130433,-0.0866813112067769,False,3.7953574797514302,1.0
2014-04-16,3.857289298801231,1.0,17.511604897208795,0.6521739130434783,0.1739130434782608,-0.0600153613370835,-0.0638951865747521,False,3.8631986984551805,1.0
2014-04-17,3.863869812999758,1.0,17.5414795982588,0.5652173913043478,0.1739130434782608,-0.0562479673035755,-0.0712301203097625,False,3.8697892940568157,1.0
2014-04-21,3.881097414078472,1.0,17.619690725308804,0.5217391304347826,0.217391304347826,-0.0296280712961939,-0.0698637397804698,False,3.887043287965304,1.0
2014-04-22,3.9362110830995247,1.0,17.869899802608803,0.5652173913043478,0.2608695652173913,-0.0007296168587762,-0.0654809513163244,False,3.942241391590923,1.0
2014-04-23,3.9101690063624743,1.0,17.751672072408805,0.5217391304347826,0.2608695652173913,-0.005755160583773,-0.0728818227627513,False,3.9161594181732413,1.0
2014-04-24,3.912494927171735,1.0,17.7622314583088,0.4347826086956521,0.3478260869565217,0.0035301786082644,-0.063375354047904,True,3.9184889023127476,1.0
2014-04-25,3.8688392574979913,1.0,17.564040246908803,0.4347826086956521,0.4347826086956521,-0.0071529679704679,-0.0796368015069862,False,3.8747663517858246,1.0
2014-04-28,3.8586776224199344,1.0,17.517907710608803,0.4347826086956521,0.4782608695652174,-0.0025752166394854,-0.0663610787181779,False,3.8645891489973465,1.0
2014-04-29,3.89124556099035,1.0,17.665762027042607,0.4166666666666667,0.5,-0.008638831646904,-0.0571225005516657,False,3.8972069819236186,1.0
2014-04-30,3.89686533253987,1.0,17.6912750781426,0.4583333333333333,0.4166666666666667,-0.0160468292645876,-0.0705188724470926,False,3.902835363010427,1.0
2014-05-01,3.9147349047319286,1.0,17.772400672742602,0.4166666666666667,0.25,-0.0132283808386129,-0.0638804809912271,False,3.920732311537406,1.0
2014-05-02,3.90750749351172,1.0,17.739589141142606,0.375,0.25,-0.0030572213922795,-0.0548464690068112,False,3.9134938278624105,1.0
2014-05-05,3.9266032863202582,1.0,17.826281622042604,0.3333333333333333,0.2083333333333333,0.026194363021444,-0.0500348407073313,True,3.9326188755861686,1.0
2014-05-06,3.879934082646707,1.0,17.614409347942605,0.375,0.4583333333333333,0.0261932160884577,-0.0652749051067793,True,3.8858781742999997,1.0
2014-05-07,3.859574144419238,1.0,17.521977806942605,0.3333333333333333,0.5,0.013229756603734,-0.0657690152314316,True,3.8654870444758953,1.0
2014-05-08,3.8325178253799583,1.0,17.399145545142602,0.3333333333333333,0.4583333333333333,-0.0179453788702773,-0.0804128530693211,False,3.838389274928245,1.0
2014-05-09,3.8241873905923214,1.0,17.361326426242606,0.3333333333333333,0.3333333333333333,0.0119843771621139,-0.0642385023744623,True,3.830046077844436,1.0
2014-05-12,3.8923269929422366,1.0,17.670671591142593,0.3333333333333333,0.5416666666666666,0.0433864288620351,-0.050292491838089,True,3.898290070638353,1.0
2014-05-13,3.869403301422888,1.0,17.566600934892598,0.375,0.5,0.0286975360512791,-0.0613664587057257,True,3.875331259830759,1.0
2014-05-14,3.83870574522612,1.0,17.4272379175543,0.4166666666666667,0.4166666666666667,0.0129708980592408,-0.0766776257057977,True,3.844586674719664,1.0
2014-05-15,3.799949207801439,1.0,17.251288146098002,0.48,0.36,-0.0148653851339625,-0.0739885950108163,False,3.805770761953622,1.0
2014-05-16,3.812160642946415,1.0,17.306726515098003,0.48,0.36,-0.0133827412816476,-0.0688779565911807,False,3.8180009051199653,1.0
2014-05-19,3.853380049349513,1.0,17.493857399798003,0.48,0.32,-0.007141630773919,-0.0365581093243722,False,3.8592834600004173,1.0
2014-05-20,3.8121590410074537,1.0,17.306719242498,0.52,0.36,-0.0315155969720984,-0.0322222195200094,False,3.81799930072682,1.0
2014-05-21,3.831602529066,1.0,17.394990215798,0.48,0.32,-0.0200928597123642,-0.0257323826619053,False,3.8374725763726336,1.0
2014-05-22,3.876763278567033,1.0,17.600014298998,0.48,0.4,-0.009132701580404,-0.0056347630398942,False,3.882702512521802,1.0
2014-05-23,3.90918446686884,1.0,17.747202387798,0.48,0.36,0.0104282464805576,0.0032006855970261,True,3.91517337035682,1.0
2014-05-27,3.952928376471096,1.0,17.945794197298003,0.4,0.4,0.0244256616576461,0.0217875436478294,True,3.958984295996568,1.0
2014-05-28,3.9572870995823552,1.0,17.965582248198004,0.44,0.4,0.0169718249740054,0.0081863765884102,True,3.9633496967082995,1.0
2014-05-29,3.97071840626802,1.0,18.02655867949801,0.4,0.44,0.0189519183820532,0.0026009709189522,True,3.976801580268793,1.0
2014-05-30,3.975444797323009,1.0,18.048015896298004,0.4,0.44,0.0155080469223334,0.0020745197329687,True,3.9815352121946375,1.0
2014-06-02,4.00491728092248,1.0,18.181817239198004,0.4,0.4,0.0249288805133462,0.0217954460142755,True,4.01105284788691,1.0
2014-06-03,4.022895210806899,1.0,18.263434763998003,0.4,0.4,0.0245229572394305,0.0513596835051637,True,4.0290583201111465,1.0
2014-06-04,4.045431370667604,1.0,18.365746075598,0.36,0.44,0.0426546648720385,0.0699651438146704,True,4.051629005558335,1.0
2014-06-05,4.058703998873891,1.0,18.426002126698,0.36,0.44,0.0515937372890176,0.0655060664793623,True,4.064921967542686,1.0
2014-06-06,4.073120385704661,1.0,18.491450697098006,0.36,0.44,0.062779241033497,0.043707264897685,True,4.079360440399355,1.0
2014-06-09,4.078404949268823,1.0,18.51544194639801,0.28,0.44,0.0664762295126768,0.079257282881586,True,4.08465309995935,1.0
2014-06-10,4.043611581664677,1.0,18.357484463998,0.36,0.36,0.0388673893526305,0.0839401354378666,True,4.049806428623347,1.0
2014-06-11,4.039680642865793,1.0,18.339638499698005,0.4,0.36,0.0440060981444576,0.0739665007837135,True,4.045869467593156,1.0
2014-06-12,4.002515211116711,1.0,18.170912146498004,0.48,0.28,0.0426730978518752,0.0561975043132247,True,4.008647098089992,1.0
2014-06-13,4.006751177037,1.0,18.190142895298,0.48,0.32,0.0544222982799318,0.0387479047221628,True,4.012889553545705,1.0
2014-06-16,4.039837635373028,1.0,18.34035122579801,0.36,0.36,0.0597238715130961,0.0455418611106503,True,4.046026700614233,1.0
2014-06-17,4.064601005293752,1.0,18.452773788998,0.36,0.44,0.0548144624301711,0.0472813670045049,True,4.0708280082259884,1.0
2014-06-18,4.100827767906072,1.0,18.617238703198,0.36,0.48,0.0757231594467608,0.0418211019000842,True,4.107110270543377,1.0
2014-06-19,4.103549945320013,1.0,18.629597043898,0.36,0.48,0.0709748503898977,0.0494559029655432,True,4.109836618356015,1.0
2014-06-20,4.118857512429751,1.0,18.699091459898003,0.4,0.4,0.0624475152251764,0.052744499123783,True,4.125167636787336,1.0
2014-06-23,4.100952605044932,1.0,18.61780544799801,0.36,0.48,0.0490557915087837,0.0599956038744937,True,4.107235298933784,1.0
2014-06-24,4.05361975318857,1.0,18.402920295198005,0.4,0.44,0.0254726033785024,0.0505204502278111,True,4.059829932750206,1.0
2014-06-25,4.087659478777841,1.0,18.557456338298007,0.36,0.48,0.03294488772605,0.0504758475683302,True,4.093921807485428,1.0
2014-06-26,4.091957450634904,1.0,18.576968586198003,0.32,0.44,0.0305332768436821,0.0500638593964133,True,4.0982263638715315,1.0
2014-06-27,4.060264473660578,1.0,18.433086484598,0.36,0.44,0.0213358958964005,0.0371748208934252,True,4.066484832989874,1.0
2014-06-30,4.077107644092262,1.0,18.509552345198,0.4,0.36,0.0180254317645121,0.0434036661125174,True,4.083353807300347,1.0
2014-07-01,4.149180349706731,1.0,18.836753300798,0.4,0.4,0.0313916053693339,0.0566843776049137,True,4.155536928906106,1.0
2014-07-02,4.182713461758167,1.0,18.988989382598,0.32,0.48,0.0339350933218054,0.0780372482268869,True,4.189121413967291,1.0
2014-07-03,4.203297708952236,1.0,19.082439257898,0.28,0.48,0.0356255864232679,0.0890573808589749,True,4.2097371964012185,1.0
2014-07-07,4.13865452704635,1.0,18.788967398998004,0.4,0.36,0.0160894192009872,0.0798787417605921,True,4.144994980596864,1.0
2014-07-08,4.1131064588259,1.0,18.672982404898,0.48,0.24,0.0085085983340862,0.0755504473824508,True,4.119407772520985,1.0
2014-07-09,4.141185078564012,1.0,18.800455782398,0.48,0.4,0.0241302842591935,0.0639355547653157,True,4.147529408940738,1.0
2014-07-10,4.11225200915307,1.0,18.669103311598,0.44,0.36,0.0179646295593787,0.0627612809553552,True,4.118552013824068,1.0
2014-07-11,4.101833281220304,1.0,18.62180360629801,0.44,0.4,0.024813914467519,0.0685458989195546,True,4.108117324312465,1.0
2014-07-14,4.146460648264944,1.0,18.824406200698,0.4,0.56,0.0348685169242926,0.0911884400328573,True,4.15281306085883,1.0
2014-07-15,4.0984620335412325,1.0,18.606498568798003,0.44,0.44,0.0145115728550293,0.075102131680772,True,4.104740911853589,1.0
2014-07-16,4.090688604269859,1.0,18.571208184398007,0.44,0.52,0.0064182434984716,0.0615845184957575,True,4.09695557362318,1.0
2014-07-17,4.009956721767609,1.0,18.204695662398,0.48,0.36,-0.0221591959676135,0.0518859991496798,False,4.016100009197806,1.0
2014-07-18,4.061328188356112,1.0,18.437915614598005,0.48,0.32,-0.0102890808023556,0.0599555036169452,False,4.067550177305268,1.0
2014-07-21,4.0626920471293415,1.0,18.444107360698,0.52,0.24,-0.0136361758402456,0.0479597940865339,False,4.0689161255216115,1.0
2014-07-22,4.083421977308105,1.0,18.538218618298007,0.56,0.32,-0.0042747696511438,0.0445713196488852,False,4.089677814127793,1.0
2014-07-23,4.130026573011944,1.0,18.749797580398,0.48,0.4,0.0188490348072913,0.0448017721735074,True,4.136353808464295,1.0
2014-07-24,4.10917175716874,1.0,18.655119357698,0.4,0.44,0.0052627373935101,0.0383810054121211,True,4.1154670428677855,1.0
2014-07-25,4.088219962849292,1.0,18.56000086499801,0.48,0.32,-0.0009133740589193,0.0295920144817598,False,4.094483150223191,1.0
2014-07-28,4.074098014254229,1.0,18.495889006898,0.44,0.36,0.0034070540683719,0.0248156425156886,True,4.080339566684083,1.0
2014-07-29,4.0668824687835325,1.0,18.46313134429801,0.56,0.28,-0.0025079483303674,0.0154722765826467,False,4.073112966937027,1.0
2014-07-30,4.081847371576556,1.0,18.531070107698,0.48,0.32,-0.0162280191399571,0.0146541626566092,False,4.0881007960870175,1.0
2014-07-31,4.000843468115938,1.0,18.163322644998004,0.72,0.16,-0.0434813417904513,-0.0110217918600622,False,4.006972793964879,1.0
2014-08-01,4.022728332869714,1.0,18.262677159298004,0.6,0.2,-0.0429589785415249,-0.0088638309209433,False,4.0288911865155566,1.0
2014-08-04,4.028781881872364,1.0,18.290159505098003,0.6,0.28,-0.0265479141725798,-0.0108856354916271,False,4.034954009606202,1.0
2014-08-05,4.005467961042023,1.0,18.184317257198003,0.6,0.2,-0.0261696357391638,-0.0178837043241316,False,4.0116043716530285,1.0
2014-08-06,4.037641557318032,1.0,18.330381309558003,0.52,0.2,-0.0250033551463207,-0.0014764089542415,False,4.043827258149182,1.0
2014-08-07,3.99364661497285,1.0,18.130649843198,0.64,0.24,-0.0288419566495993,-0.0113954621571982,False,3.999764915182234,1.0
2014-08-08,4.048219462034826,1.0,18.378403657298005,0.52,0.28,-0.0130706968103607,0.0114188825044752,False,4.054421368304985,1.0
2014-08-11,4.058654236186147,1.0,18.42577621039801,0.52,0.28,-0.021176231858257,0.0129539012670933,False,4.064872128618085,1.0
2014-08-12,4.040472414160183,1.0,18.343233041098006,0.52,0.28,-0.0141491171338102,0.0001571297770972,False,4.046662451887829,1.0
2014-08-13,4.100175684558366,1.0,18.614278327384703,0.48,0.28,0.00231918906724,0.0087523176858643,True,4.106457188198496,1.0
2014-08-14,4.1406953272117,1.0,18.798232373284705,0.44,0.36,0.0326034953779899,0.0097218321670664,True,4.147038907285234,1.0
2014-08-15,4.147637070066395,1.0,18.8297470066847,0.44,0.4,0.0212513930683393,0.0107436549655408,True,4.153991284948376,1.0
2014-08-18,4.211269357362559,1.0,19.1186295320847,0.44,0.48,0.0365711475321393,0.0224362810934657,True,4.217721057443963,1.0
2014-08-19,4.236596918374445,1.0,19.2336134513847,0.4,0.48,0.0375114161400764,0.0330762938256457,True,4.24308742049238,1.0
2014-08-20,4.255782560319384,1.0,19.320713835984705,0.36,0.48,0.0304491956853747,0.0498721684419938,True,4.26230245500217,1.0
2014-08-21,4.233193202146459,1.0,19.218161010784705,0.36,0.44,0.0301816162250587,0.035603191538873,True,4.239678489742499,1.0
2014-08-22,4.254458085310002,1.0,19.3147008871847,0.28,0.44,0.0406627148175389,0.0397122004897398,True,4.260975950885933,1.0
2014-08-25,4.300023823113039,1.0,19.521563565984703,0.24,0.52,0.0554541908585297,0.0590501803534744,True,4.306611495782591,1.0
2014-08-26,4.327097236593945,1.0,19.6444734343847,0.24,0.52,0.0639838426135406,0.0613154261119197,True,4.333726385960696,1.0
2014-08-27,4.3223201988838165,1.0,19.62278628818469,0.28,0.48,0.058912743524357,0.0417286872548992,True,4.32894202978861,1.0
2014-08-28,4.32363973404174,1.0,19.628776810684705,0.28,0.48,0.0806820532965797,0.0336925475703844,True,4.330263586485496,1.0
2014-08-29,4.345385844429214,1.0,19.727501397734702,0.28,0.52,0.080208625803305,0.0338039666270506,True,4.352043012097015,1.0
2014-09-02,4.340943421372919,1.0,19.7073333596847,0.24,0.48,0.0774828592496248,0.0488779367798397,True,4.347593783211227,1.0
2014-09-03,4.343616872427585,1.0,19.719470488884703,0.24,0.44,0.0844218240351604,0.0560428999125606,True,4.350271330015398,1.0
2014-09-04,4.276003510132168,1.0,19.412514387184697,0.32,0.36,0.0590349463741071,0.0325555194975506,True,4.282554383480169,1.0
2014-09-05,4.318879121944009,1.0,19.6071642346847,0.32,0.44,0.0814374776555864,0.0502467048057919,True,4.325495681089982,1.0
2014-09-08,4.313093645705892,1.0,19.580898905284705,0.32,0.52,0.0654297984966281,0.0515038886277547,True,4.3197013414536,1.0
2014-09-09,4.2898228827094425,1.0,19.475252588484704,0.32,0.48,0.0569569697419019,0.0345746038864467,True,4.296394927452482,1.0
2014-09-10,4.3435019381640965,1.0,19.718948701884703,0.32,0.52,0.0749985380278606,0.0597882577946295,True,4.350156219671651,1.0
2014-09-11,4.338294438489808,1.0,19.695307312884704,0.28,0.56,0.0580752563428488,0.0605291329096764,True,4.344940742064055,1.0
2014-09-12,4.308938485971497,1.0,19.562035006334703,0.32,0.48,0.0406316199248331,0.0745598481352425,True,4.315539815979538,1.0
2014-09-15,4.261154354576851,1.0,19.3451011015847,0.32,0.32,0.0273691459963347,0.049202171544187,True,4.267682478893628,1.0
2014-09-16,4.315365016359055,1.0,19.591210640384705,0.32,0.52,0.0247183569045534,0.0621934831138011,True,4.321976191865712,1.0
2014-09-17,4.304865613268275,1.0,19.543544680084707,0.4,0.4,0.0161140406342987,0.0542299172583067,True,4.311460703601074,1.0
2014-09-18,4.318146642061328,1.0,19.603838868784702,0.32,0.36,0.0146539633682001,0.0455493604517396,True,4.32476207904196,1.0
2014-09-19,4.321114726092818,1.0,19.617313594384704,0.36,0.32,0.0207695514350205,0.0515780262906577,True,4.3277347102031545,1.0
2014-09-22,4.2689353575617055,1.0,19.3804258696847,0.4,0.28,0.0034028475451881,0.0442039313820246,True,4.27547540244051,1.0
2014-09-23,4.21746661768697,1.0,19.1467643090847,0.4,0.24,-0.0191992437303061,0.0351902686020637,False,4.223927812023323,1.0
2014-09-24,4.308763120760106,1.0,19.561238870484704,0.36,0.28,-0.0042370473394469,0.0594756927039803,False,4.315364182107169,1.0
2014-09-25,4.223230569822447,1.0,19.172931921784706,0.52,0.2,-0.0229251014505953,0.0346370614517328,False,4.229700594581959,1.0
2014-09-26,4.258771026417249,1.0,19.334281093584703,0.44,0.2,-0.0150032638274075,0.0644682953374264,False,4.265295499455236,1.0
2014-09-29,4.260232695694344,1.0,19.340916886984704,0.4,0.2,-0.0195962227023027,0.0590406170071149,False,4.26675940802196,1.0
2014-09-30,4.232107433542755,1.0,19.213231758834706,0.56,0.16,-0.0250719664518781,0.0504682451500444,False,4.23859105773216,1.0
2014-10-01,4.175966803341713,1.0,18.958360407840505,0.625,0.0416666666666666,-0.0385968822780111,0.042566522553169,False,4.182364419613386,1.0
2014-10-02,4.189391032318922,1.0,19.019304707240504,0.5416666666666666,0.125,-0.0202554739742406,0.0375836915800151,False,4.195809214622315,1.0
2014-10-03,4.270977864397811,1.0,19.389698592040496,0.375,0.3333333333333333,-0.0110911317945463,0.0694431120633465,False,4.277521038414272,1.0
2014-10-06,4.228843676550758,1.0,19.1984147154405,0.4166666666666667,0.2916666666666667,-0.0195335358041697,0.0446181873808648,False,4.235322300636996,1.0
2014-10-07,4.155978507045486,1.0,18.8676160741405,0.5416666666666666,0.125,-0.0312004433104753,0.023979443725858,False,4.162345501079088,1.0
2014-10-08,4.2240258722330735,1.0,19.176542494005208,0.2608695652173913,0.3043478260869565,-0.0275068522201517,0.045428712105449,False,4.230497115402569,1.0
2014-10-09,4.147715068634431,1.0,18.8301011103052,0.5217391304347826,0.217391304347826,-0.0439295609271089,0.0115944749038692,False,4.154069403010874,1.0
2014-10-10,4.092495890888158,1.0,18.57941303675521,0.5217391304347826,0.1304347826086956,-0.0502310710138947,-0.0116404208749154,False,4.0987656290197805,1.0
2014-10-13,3.987973563634649,1.0,18.1048949086052,0.7391304347826086,0.0869565217391304,-0.0641095741225102,-0.0384950524200973,False,3.994083172681659,1.0
2014-10-14,4.008777744149795,1.0,18.199343253328703,0.7272727272727273,0.1363636363636363,-0.0710455016080962,-0.0480832727687546,False,4.014919225376363,1.0
2014-10-15,4.014686153002278,1.0,18.226166681228705,0.6818181818181818,0.0909090909090909,-0.0674073214670437,-0.0523794851499141,False,4.0208366859609095,1.0
2014-10-16,4.046366275785422,1.0,18.369990426428704,0.7727272727272727,0.0454545454545454,-0.0629391238427623,-0.0492074680897807,False,4.052565342958656,1.0
2014-10-17,4.105632799311365,1.0,18.639052937228705,0.5909090909090909,0.0454545454545454,-0.0498672079869293,-0.0301333760931142,False,4.1119226632972,1.0
2014-10-20,4.153842356549509,1.0,18.857918221428704,0.4090909090909091,0.1363636363636363,-0.0269605865097791,-0.0236494817302125,False,4.16020607798258,1.0
2014-10-21,4.26193060027162,1.0,19.348625158728705,0.2727272727272727,0.5454545454545454,0.0105428179083097,-0.0088588399526221,True,4.268459913803331,1.0
2014-10-22,4.239318643076197,1.0,19.24596973682869,0.3181818181818182,0.5909090909090909,-0.0161170330643888,-0.0202857917717707,False,4.245813314899268,1.0
2014-10-23,4.327057772132689,1.0,19.644294270728704,0.2727272727272727,0.4545454545454545,0.0245847818615798,0.0010960717926669,True,4.333686861039551,1.0
2014-10-24,4.381668480008544,1.0,19.892219968128703,0.1818181818181818,0.7727272727272727,0.0288574926496298,0.0134212722466025,True,4.388381232979267,1.0
2014-10-27,4.383456521914394,1.0,19.9003374519287,0.2272727272727272,0.7272727272727273,0.0289242008645644,0.0087611730806336,True,4.390172014180358,1.0
2014-10-28,4.4343486065837485,1.0,20.131381070928704,0.1363636363636363,0.7727272727272727,0.0477873438273501,0.0215172546942084,True,4.441142065951539,1.0
2014-10-29,4.414402802287862,1.0,20.040829645528703,0.1363636363636363,0.7272727272727273,0.057097196930623,0.0162965408642763,True,4.421165704515683,1.0
2014-10-30,4.449529937088277,1.0,20.20030238872871,0.1363636363636363,0.7727272727272727,0.062094682201427,0.0405814510079165,True,4.456346654382108,1.0
2014-10-31,4.468583663263871,1.0,20.28680389244281,0.0869565217391304,0.8260869565217391,0.0462671091117721,0.0346628227123144,True,4.475429571026487,1.0
2014-11-03,4.477487835417871,1.0,20.327227706323203,0.1739130434782608,0.7391304347826086,0.0587971979777499,0.0381151450016969,True,4.48434738444713,1.0
2014-11-04,4.466853574247894,1.0,20.278949507423203,0.1304347826086956,0.7391304347826086,0.0748018948306374,0.0412675992409827,True,4.473696831499583,1.0
2014-11-05,4.461837386165961,1.0,20.2561766488232,0.0869565217391304,0.782608695652174,0.0562997294822826,0.0272442489232274,True,4.468672958575311,1.0
2014-11-06,4.518677285016127,1.0,20.514222590923204,0.0869565217391304,0.782608695652174,0.0894377290250623,0.0415792079315646,True,4.525599936628663,1.0
2014-11-07,4.551775966211713,1.0,20.6644864116576,0.0416666666666666,0.9166666666666666,0.1122249325518269,0.0563566829813919,True,4.558749325282272,1.0
2014-11-10,4.5789354440318055,1.0,20.7877870012576,0.0416666666666666,0.875,0.1481860074966372,0.0745762915426024,True,4.585950411650855,1.0
2014-11-11,4.574219822792671,1.0,20.766378678057603,0.0833333333333333,0.8333333333333334,0.1410509922801408,0.0599844521731822,True,4.5812275660403134,1.0
2014-11-12,4.579579534876463,1.0,20.79071109211929,0.0416666666666666,0.7916666666666666,0.1407067353077504,0.0638147497012389,True,4.586595489248104,1.0
2014-11-13,4.587497893804381,1.0,20.826659438804896,0.08,0.84,0.133732732317694,0.0623765874737574,True,4.59452597916851,1.0
2014-11-14,4.562639075879617,1.0,20.713803553754897,0.08,0.76,0.1113120190984697,0.0558939915037119,True,4.569629077325569,1.0
2014-11-17,4.54314979500178,1.0,20.6253246868549,0.08,0.76,0.0937222467863843,0.06423485353423,True,4.5501099387054795,1.0
2014-11-18,4.595930060670036,1.0,20.8649404084549,0.08,0.8,0.0783681133562166,0.0897371520134588,True,4.602971064184737,1.0
2014-11-19,4.592696802104643,1.0,20.850261824054897,0.12,0.8,0.0833573007317092,0.0658967952952691,True,4.599732852240023,1.0
2014-11-20,4.590796441713118,1.0,20.84163442855489,0.08,0.76,0.0609510395906816,0.087034289464835,True,4.597829580480392,1.0
2014-11-21,4.5903013085175655,1.0,20.83938658655489,0.0,0.84,0.0476149278433348,0.0778464679232162,True,4.597333688736619,1.0
2014-11-24,4.629466504642612,1.0,21.017191616754896,0.0,0.84,0.0561223731770414,0.0866698688363749,True,4.636558886271593,1.0
2014-11-25,4.63253769536095,1.0,21.0311344336549,0.0,0.8,0.0446940703946789,0.0946172251310233,True,4.6396347820799475,1.0
2014-11-26,4.676750909839128,1.0,21.23185682785489,0.0,0.8,0.0594300337557092,0.1199205190272756,True,4.6839157315746345,1.0
2014-11-28,4.729349461385405,1.0,21.4706475903549,0.04,0.8,0.0628874349096384,0.1288870923962424,True,4.736594864544348,1.0
2014-12-01,4.65614675120855,1.0,21.13831655715489,0.04,0.72,0.0419737218946196,0.0901828337771173,True,4.663280007199709,1.0
2014-12-02,4.708488040225777,1.0,21.37593938035489,0.04,0.76,0.0515914756888102,0.1134221078765995,True,4.715701483512014,1.0
2014-12-03,4.751944851114249,1.0,21.57322779805489,0.0,0.8,0.0638237345656347,0.1433997656769494,True,4.759224870600333,1.0
2014-12-04,4.745765825025221,1.0,21.5451758021742,0.0,0.7916666666666666,0.0636348692894068,0.1235172246983236,True,4.753036378191357,1.0
2014-12-05,4.74520523879233,1.0,21.5426308116742,0.0,0.7916666666666666,0.0501314742098015,0.1440528484408672,True,4.752474933135642,1.0
2014-12-08,4.770791898045267,1.0,21.6587910041742,0.0,0.875,0.0481165886588732,0.1657414021275662,True,4.778100791365794,1.0
2014-12-09,4.754977921940843,1.0,21.5869975554742,0.0833333333333333,0.75,0.0384461585145283,0.1923293487450161,True,4.762262588116948,1.0
2014-12-10,4.690315771179809,1.0,21.2934395803742,0.125,0.6666666666666666,0.0253804917307758,0.1700114275541004,True,4.697501374396999,1.0
2014-12-11,4.703372980799662,1.0,21.3527176583742,0.0833333333333333,0.75,0.0270316182916867,0.1715418843593457,True,4.710578587771829,1.0
2014-12-12,4.625284370602721,1.0,20.9982052578742,0.2083333333333333,0.5416666666666666,0.008236837961141,0.1430711051250366,True,4.632370345167171,1.0
2014-12-15,4.593045980748296,1.0,20.85184705087419,0.2916666666666667,0.5,0.0066643239500199,0.1187181624032926,True,4.600082565828294,1.0
2014-12-16,4.51409922757065,1.0,20.49343878992419,0.2916666666666667,0.4166666666666667,-0.0063943670673345,0.0867285852707222,False,4.521014865560666,1.0
2014-12-17,4.633196904349283,1.0,21.0341271589742,0.0833333333333333,0.625,0.008108662052576,0.0871122359556961,True,4.640295000981994,1.0
2014-12-18,4.724535333393752,1.0,21.4487920589742,0.0416666666666666,0.8333333333333334,0.0287061256098366,0.1144562914868474,True,4.731773361268114,1.0
2014-12-19,4.724425807364833,1.0,21.4482948246742,0.0416666666666666,0.7916666666666666,0.0291081008161304,0.0918333094120655,True,4.731663667444397,1.0
2014-12-22,4.713968045446693,1.0,21.4008179100242,0.0833333333333333,0.8333333333333334,0.0269408756892839,0.0758385913846002,True,4.721189884147026,1.0
2014-12-23,4.667989384637925,1.0,21.1920806130742,0.1666666666666666,0.7916666666666666,0.0083212352776895,0.0649106159262795,True,4.675140783643117,1.0
2014-12-24,4.69499437444796,1.0,21.314679846674192,0.1666666666666666,0.75,0.0134821739604094,0.0587788175871482,True,4.702187145324713,1.0
2014-12-26,4.734024698859069,1.0,21.4918725763742,0.0833333333333333,0.7916666666666666,0.0122464912337851,0.0724043343769071,True,4.741277264521149,1.0
2014-12-29,4.744991610740427,1.0,21.5416609673742,0.1666666666666666,0.7916666666666666,0.0033074632109,0.0664028959979301,True,4.752260977803765,1.0
2014-12-30,4.709869267681614,1.0,21.3822099780742,0.2083333333333333,0.6666666666666666,0.011537977504493,0.0539959912581129,True,4.717084827019931,1.0
2014-12-31,4.702997252542976,1.0,21.3510118996742,0.1666666666666666,0.6666666666666666,-0.001166146677212,0.0503651657836512,False,4.710202283896291,1.0
2015-01-02,4.696714994131588,1.0,21.3224912421242,0.1666666666666666,0.5,-0.0116225795359791,0.0514593585983833,False,4.703910401012169,1.0
2015-01-05,4.638544440529167,1.0,21.0584042959742,0.3333333333333333,0.4166666666666667,-0.0225930626266172,0.0396041000756974,False,4.645650729632289,1.0
2015-01-06,4.585697021335607,1.0,20.8184837058742,0.4166666666666667,0.2916666666666667,-0.0336146087323548,0.0148317155867081,False,4.592722347747962,1.0
2015-01-07,4.685384934329683,1.0,21.271054205557,0.36,0.44,-0.0179020518062377,0.0293531511897249,False,4.692562983463337,1.0
2015-01-08,4.730258583321727,1.0,21.474774888807,0.2,0.56,-0.0051986232165361,0.0330476682057518,False,4.737505379263122,1.0
2015-01-09,4.692248345538877,1.0,21.30221322320699,0.2,0.48,0.0004120350213816,0.0258029844036105,True,4.69943690947624,1.0
2015-01-12,4.681167382623518,1.0,21.251907054957,0.24,0.44,-0.004721207156395,0.0221827892655641,False,4.68833897043248,1.0
2015-01-13,4.64572756621504,1.0,21.091014776857,0.32,0.44,0.0044198786440567,0.0126931224293969,True,4.652844859927138,1.0
2015-01-14,4.628171604148138,1.0,21.011312932507,0.36,0.48,0.0076475662440715,0.0143628560529711,True,4.635262001978666,1.0
2015-01-15,4.555381305949545,1.0,20.680854197457,0.36,0.44,0.0091451419868564,0.0026922975247749,True,4.562360188430909,1.0
2015-01-16,4.667000974197893,1.0,21.187593354857,0.24,0.64,0.0072960572465363,0.0154638805616409,True,4.674150858949976,1.0
2015-01-20,4.703686447690164,1.0,21.354140758357,0.24,0.64,-0.0044128965564566,0.0241665518905274,False,4.710892534896242,1.0
2015-01-21,4.711255342489301,1.0,21.388502582157,0.4,0.44,-0.0027877387459451,0.0262392162897191,False,4.718473025305883,1.0
2015-01-22,4.779901048627152,1.0,21.700145394157,0.2,0.48,0.0139867310394989,0.0413044215110176,True,4.787223897242996,1.0
2015-01-23,4.7821417363869365,1.0,21.710317832807004,0.24,0.52,0.024454286919477,0.0329790120721718,True,4.789468017755278,1.0
2015-01-26,4.799685298173995,1.0,21.78996338145699,0.24,0.52,0.0222984130280969,0.0360812180719924,True,4.807038456426574,1.0
2015-01-27,4.756468811676866,1.0,21.593766006056995,0.32,0.52,0.0047410214871088,0.0170455735989751,True,4.7637557619085875,1.0
2015-01-28,4.712422637695471,1.0,21.39380195455699,0.4,0.4,-0.0068638631459824,-0.0035791019099223,False,4.719642108818128,1.0
2015-01-29,4.793754478520129,1.0,21.763038211357,0.32,0.48,0.0178105178872207,0.0295539927464401,True,4.801098550707107,1.0
2015-01-30,4.7087697461684455,1.0,21.377218289657,0.36,0.44,0.001227407399047,5.982938477488986e-05,True,4.715983621030555,1.0
2015-02-02,4.690916848450351,1.0,21.296168395057,0.36,0.36,-0.0012345108631208,-0.0128427421984054,False,4.698103372522975,1.0
2015-02-03,4.710412527524295,1.0,21.384676308957,0.36,0.48,0.0154936721888834,-0.0074494399438134,True,4.717628919141261,1.0
2015-02-04,4.724037404675902,1.0,21.446531525657,0.24,0.48,0.0301677984168264,-0.0044608890556264,True,4.731274669719279,1.0
2015-02-05,4.797700864357857,1.0,21.780954303257,0.24,0.64,0.0239715480376516,0.0056403563365681,True,4.805050982441137,1.0
2015-02-06,4.75542762803938,1.0,21.589039164207,0.28,0.56,0.0053208602181695,9.45758541712749e-05,True,4.76271298316901,1.0
2015-02-09,4.689555119318026,1.0,21.289986317257,0.4,0.4,-0.0005739735032167,-0.0001621749790196,False,4.696739557210164,1.0
2015-02-10,4.750410998766726,1.0,21.566264302657,0.24,0.44,0.014791954759028,0.0100009117199679,True,4.757688668378109,1.0
2015-02-11,4.735818878245123,1.0,21.500017923557,0.36,0.48,0.0193922934020602,0.023897883629584,True,4.743074192605116,1.0
2015-02-12,4.758144889347019,1.0,21.601375186407,0.32,0.52,0.0280830739038255,0.0359454073159137,True,4.76543440734383,1.0
2015-02-13,4.816500605801988,1.0,21.866302748457,0.2,0.56,0.0573210632250271,0.0669904144739139,True,4.823879525247306,1.0
2015-02-17,4.813944079583961,1.0,21.854696443207,0.24,0.6,0.0314855527561404,0.0390113303980244,True,4.821319082409607,1.0
2015-02-18,4.828489759052329,1.0,21.920731985806995,0.24,0.6,0.0265330847942575,0.0220031004792802,True,4.835887045981281,1.0
2015-02-19,4.841704171989263,1.0,21.980723746957,0.24,0.64,0.0276887623397279,0.0248238345581808,True,4.849121703509995,1.0
2015-02-20,4.895658479615775,1.0,22.225669470357,0.16,0.64,0.0242175371019173,0.0385429923192999,True,4.903158669589664,1.0
2015-02-23,4.896572739084818,1.0,22.229820092557,0.24,0.6,0.0239288187188564,0.0489682678369285,True,4.904074329711905,1.0
2015-02-24,4.917298485986093,1.0,22.323912358607007,0.2,0.64,0.0245043540368867,0.0473491752722849,True,4.924831828631781,1.0
2015-02-25,4.9266880464095255,1.0,22.366539773757,0.24,0.56,0.035786891804016,0.0406975797141249,True,4.934235773940769,1.0
2015-02-26,4.908422609311313,1.0,22.283617002618698,0.2,0.56,0.0415921887073547,0.034442842470143,True,4.915942354039271,1.0
2015-02-27,4.858461716896138,1.0,22.056800878518697,0.24,0.6,0.0134982378980705,0.0315491663928209,True,4.865904921116636,1.0
2015-03-02,4.933596492115468,1.0,22.397903242318687,0.16,0.6,0.0477463877119843,0.0490323993805867,True,4.9411548034436485,1.0
2015-03-03,4.922102543197025,1.0,22.34572216991869,0.08,0.56,0.0492836906335369,0.0479883385189541,True,4.929643245698773,1.0
2015-03-04,4.883073682152732,1.0,22.168536083718696,0.16,0.56,0.036655208778324,0.0527168047560338,True,4.890554592111043,1.0
2015-03-05,4.928977472899348,1.0,22.376933480068693,0.12,0.64,0.0433823974426181,0.0748589472803322,True,4.936528707851233,1.0
2015-03-06,4.853597570214159,1.0,22.034718268618697,0.32,0.4,0.0116507275957027,0.0359015616095883,True,4.861033322521021,1.0
2015-03-09,4.889723707970978,1.0,22.19872635871869,0.32,0.48,0.0282405895822592,0.0337117140300746,True,4.897214805824783,1.0
2015-03-10,4.827582311361788,1.0,21.916612288218698,0.32,0.36,0.0294328968381618,0.028842029632037,True,4.834978208073244,1.0
2015-03-11,4.8309696734992,1.0,21.9319904833187,0.28,0.44,0.0169582536655013,0.0320010541455417,True,4.838370759677946,1.0
2015-03-12,4.9037003961041465,1.0,22.2621787527187,0.36,0.52,0.0354493113387883,0.0555290481872312,True,4.9112129063617465,1.0
2015-03-13,4.892277908606508,1.0,22.21032210611869,0.36,0.56,0.0281901922658551,0.057064933422446,True,4.899772919517174,1.0
2015-03-16,4.982200304140336,1.0,22.61855839331869,0.32,0.6,0.0344025075256388,0.0936955590596426,True,4.989833076917401,1.0
2015-03-17,5.015029408843452,1.0,22.76759837091869,0.28,0.6,0.0417714302316674,0.0745721795580665,True,5.022712476085086,1.0
2015-03-18,5.053680955595625,1.0,22.9430714980187,0.28,0.56,0.0466380188797361,0.0744085541835657,True,5.061423237332027,1.0
2015-03-19,5.074663836949682,1.0,23.03833112191869,0.28,0.6,0.048115220733262,0.0771362339847967,True,5.082438264636831,1.0
2015-03-20,5.1040738842479545,1.0,23.171849011918702,0.2,0.68,0.042571475420511,0.0678199888079078,True,5.111893368374967,1.0
2015-03-23,5.043540858849679,1.0,22.89703674301869,0.24,0.56,0.0300144871925926,0.05466151713442,True,5.051267605872567,1.0
2015-03-24,5.014508100248104,1.0,22.76523169591869,0.24,0.52,0.0197689065528665,0.0447576848748467,True,5.022190368840587,1.0
2015-03-25,4.89378305596872,1.0,22.21715528451869,0.4,0.32,-0.0066789271272789,0.0288689466342664,False,4.901280372777808,1.0
2015-03-26,4.888218111212972,1.0,22.1918911401187,0.4,0.24,-0.0041162914660227,0.0373046916699024,False,4.895706902479881,1.0
2015-03-27,4.956434489394063,1.0,22.50158485756869,0.28,0.44,0.0201653894188786,0.0339358245406324,True,4.9640277887261925,1.0
2015-03-30,5.004307912883134,1.0,22.718924137118687,0.2,0.6,0.0143326315560405,0.0627633506512326,True,5.011974554702769,1.0
2015-03-31,4.944732620005842,1.0,22.448459852568693,0.2,0.32,0.004597644321753,0.0541079238356863,True,4.952307991975632,1.0
2015-04-01,4.8893833255130765,1.0,22.197181065468698,0.32,0.24,0.0012921458431818,0.0379947184971594,True,4.896873901898095,1.0
2015-04-02,4.891612637845399,1.0,22.207301861118697,0.36,0.4,-0.0075806463428551,0.0354728844872453,False,4.899106629555664,1.0
2015-04-06,4.885172029432959,1.0,22.17806231461869,0.28,0.32,0.0065053723062182,0.0182318922225692,True,4.892656154076957,1.0
2015-04-07,4.892326282929535,1.0,22.210541719418696,0.24,0.52,0.0005322539910206,0.0287878747397938,True,4.899821367950072,1.0
2015-04-08,5.023551280050718,1.0,22.8062865869187,0.2,0.68,0.0405936048418507,0.0712212890636116,True,5.031247402870733,1.0
2015-04-09,5.025501475202482,1.0,22.815140225918697,0.16,0.72,0.040267651186139,0.0579087738949686,True,5.033200585737874,1.0
2015-04-10,5.063304178913997,1.0,22.98675971311869,0.12,0.64,0.0325476211672006,0.0691507232620818,True,5.071061203509478,1.0
2015-04-13,5.044376972944941,1.0,22.9008325951187,0.16,0.52,0.0310896206592963,0.0601562353090094,True,5.052105000901658,1.0
2015-04-14,5.043232579104498,1.0,22.89563719201869,0.12,0.52,0.0122500644772236,0.0470740049382296,True,5.050958853840225,1.0
2015-04-15,5.0418067136896285,1.0,22.88916394361869,0.12,0.4,0.0053394113300626,0.0473338764095818,True,5.049530803987545,1.0
2015-04-16,5.0552685274157465,1.0,22.95027887301869,0.16,0.44,0.0003141416789209,0.0469668115042094,True,5.063013241325534,1.0
2015-04-17,4.991688148616087,1.0,22.661632005618696,0.36,0.24,-0.0163509723992812,0.0309775176877857,False,4.999335456850705,1.0
2015-04-20,5.0395982997266335,1.0,22.8791380239187,0.2,0.36,-0.0126321808781614,0.0294015239645872,False,5.047319006715782,1.0
2015-04-21,5.079061268618735,1.0,23.058294904768697,0.24,0.36,0.0070427524556939,0.0372686242516686,True,5.0868424332081945,1.0
2015-04-22,5.094165290171488,1.0,23.126865249718698,0.24,0.44,0.0158853447498554,0.0359682871986419,True,5.101969594249025,1.0
2015-04-23,5.14921339005064,1.0,23.37677665141869,0.16,0.44,0.0521948625757702,0.0451673297649293,True,5.157102028280266,1.0
2015-04-24,5.1347642228781165,1.0,23.311179262418705,0.08,0.6,0.0504368066350391,0.046112902572291,True,5.1426307248620855,1.0
2015-04-27,5.051444607571437,1.0,22.93291876121869,0.16,0.48,0.0191690454863633,0.0397209861722627,True,5.059183463203857,1.0
2015-04-28,5.008257794919714,1.0,22.736856101318697,0.24,0.44,0.0007892963633218,0.0151332406133262,True,5.015930487991856,1.0
2015-04-29,4.977233027819326,1.0,22.59600758791869,0.36,0.28,0.0065727331103793,0.0112005965211958,True,4.9848581906872855,1.0
2015-04-30,4.891588883416222,1.0,22.207194019018697,0.52,0.24,0.0004510912228208,0.001743819941651,True,4.899082838734502,1.0
2015-05-01,4.978972348432122,1.0,22.60390388321869,0.24,0.28,0.0178590818722728,0.0101430521457357,True,4.986600175953892,1.0
2015-05-04,4.992108783764268,1.0,22.66354163591869,0.36,0.32,0.0218900693132237,0.0285378446701334,True,4.999756736415471,1.0
2015-05-05,4.906659442064125,1.0,22.2756124466187,0.48,0.24,0.0029297226525146,0.0034635360001098,True,4.914176485605029,1.0
2015-05-06,4.8756182076100885,1.0,22.13468917351869,0.48,0.24,-0.0294479073057524,0.0099503008235091,False,4.883087695718685,1.0
2015-05-07,4.941080866429059,1.0,22.43188135381869,0.44,0.2,-0.016798444730338,0.0227927725429299,False,4.948650643881649,1.0
2015-05-08,4.986833628590318,1.0,22.63959309951869,0.24,0.24,-0.0151028947939046,0.0169531630750157,False,4.99447349965942,1.0
2015-05-11,4.979169642327927,1.0,22.604799572518694,0.36,0.2,-0.0129267362385376,0.0177609970947396,False,4.986797772105603,1.0
2015-05-12,4.974579823342679,1.0,22.583962375618697,0.4,0.2,-0.0136128474515067,-0.0015295412332826,False,4.982200921479059,1.0
2015-05-13,4.940493298708184,1.0,22.4292138707804,0.44,0.24,-0.020094664618212,-0.0148625469680856,False,4.948062176002082,1.0
2015-05-14,4.995024125743338,1.0,22.6767769192804,0.4,0.28,-0.0119171516499448,-0.0116067536450512,False,5.002676544722977,1.0
2015-05-15,5.007252094521344,1.0,22.7322903488804,0.4,0.28,0.0031179724057026,-0.0132839818743261,True,5.014923246852014,1.0
2015-05-18,5.052127395927324,1.0,22.9360185338804,0.28,0.44,0.0024861299364615,-0.0101774561847438,True,5.059867297597247,1.0
2015-05-19,5.043166577320949,1.0,22.8953375522804,0.36,0.32,-0.0070671900572577,-7.421007169439164e-05,False,5.050892750941387,1.0
2015-05-20,5.015289144891216,1.0,22.7687775396804,0.48,0.32,-0.0154836250469636,0.0001557569810433,False,5.022972610050662,1.0
2015-05-21,5.038267604028677,1.0,22.8730968339804,0.44,0.24,-0.0215461620286183,0.029524101581033,False,5.045986272380821,1.0
2015-05-22,5.048143234234036,1.0,22.9179309443804,0.48,0.16,-0.0168695162784956,0.0327164458259783,False,5.05587703213473,1.0
2015-05-26,4.979719796367092,1.0,22.6072972021804,0.48,0.16,-0.0141988711698113,0.0046979955092432,False,4.987348768985384,1.0
2015-05-27,5.011730311692894,1.0,22.7526208876804,0.36,0.32,0.000693358232618,0.0014832018610713,True,5.019408324689944,1.0
2015-05-28,5.016780450149222,1.0,22.7755478766804,0.28,0.28,0.007945664209181,0.0145706220497918,True,5.0244662000008695,1.0
2015-05-29,4.990853241065869,1.0,22.657841631080387,0.28,0.32,0.0202928659818861,0.0207531111384373,True,4.998499270215097,1.0
2015-06-01,5.011643762582474,1.0,22.7522279656804,0.28,0.4,0.0065618790111661,0.0245381500179353,True,5.019321642985559,1.0
2015-06-02,5.007783094268092,1.0,22.7347010204804,0.24,0.4,0.0031398174965262,0.0250986176323799,True,5.015455060094843,1.0
2015-06-03,5.0235525510468975,1.0,22.8062923570804,0.28,0.4,0.0238233589192404,0.0268228774060399,True,5.031248675814089,1.0
2015-06-04,4.972224233393361,1.0,22.5732682955804,0.32,0.44,0.0198141080104443,-0.0102172833113459,True,4.979841722746125,1.0
2015-06-05,5.007054111487369,1.0,22.731391530980392,0.32,0.44,0.0133519865069506,-0.0036707508307647,True,5.014724960506368,1.0
2015-06-08,4.944512250689163,1.0,22.4474594037804,0.4,0.28,-0.0084866231868088,-0.0234613454035675,False,4.952087285051307,1.0
2015-06-09,4.919853320576173,1.0,22.33551098408039,0.48,0.2,-0.0119128943202702,-0.0246856357160921,False,4.927390577249948,1.0
2015-06-10,4.973664267793798,1.0,22.5798058693804,0.36,0.36,-0.0001840468102614,-0.013794388860616,False,4.981283963291377,1.0
2015-06-11,4.978423068310154,1.0,22.6014102210304,0.4,0.4,0.0076773243699961,-0.0125716135065961,True,4.986050054330156,1.0
2015-06-12,4.955202102815197,1.0,22.4959899785804,0.48,0.36,-0.0079723384563654,-0.0197944825399211,False,4.9627935141207224,1.0
2015-06-15,4.9473076993981895,1.0,22.4601503868804,0.56,0.2,-0.011971515312508,-0.0088908697612043,False,4.954887016411271,1.0
2015-06-16,4.980525453379232,1.0,22.6109547829804,0.48,0.24,-0.0141726320293918,-0.011721737097697,False,4.988155660270846,1.0
2015-06-17,5.00639377255987,1.0,22.7283936758804,0.56,0.24,-0.0072916101812776,-0.0143072690435609,False,5.014063609934078,1.0
2015-06-18,5.068062367785907,1.0,23.0083612879804,0.36,0.24,0.0105224686693197,-0.005124082337088,True,5.075826681966768,1.0
2015-06-19,5.05969237405332,1.0,22.9703625764804,0.28,0.2,0.0042524081109778,-0.0173853769918114,True,5.067443865333373,1.0
2015-06-22,5.083977744108869,1.0,23.0806150808304,0.28,0.28,0.0070985525196325,-0.0098907129061468,True,5.091766440780139,1.0
2015-06-23,5.100498052857756,1.0,23.1556151902804,0.28,0.32,0.0242540266178798,0.0097107756487719,True,5.108312058781002,1.0
2015-06-24,5.049631066399559,1.0,22.9246855139804,0.24,0.4,0.0075624090582533,0.0082610107494505,True,5.057367143671649,1.0
2015-06-25,5.053088545228637,1.0,22.9403820299804,0.2,0.44,0.007237329885213,0.0152404994874331,True,5.060829919387377,1.0
2015-06-26,5.042875376466295,1.0,22.894015537280403,0.24,0.4,0.010423495319874,0.0309278838953492,True,5.050601103964576,1.0
2015-06-29,4.920547239801665,1.0,22.3386612894804,0.52,0.24,-0.0181769748801667,-0.0117343709789532,False,4.92808555956553,1.0
2015-06-30,4.963471083928162,1.0,22.5335301055804,0.44,0.2,-0.0088486281266145,-0.0057365937075006,False,4.971075163382312,1.0
2015-07-01,5.003403048500203,1.0,22.71481616741979,0.36,0.28,-0.0040110066216971,0.0197167966471671,False,5.011068304059991,1.0
2015-07-02,5.001831784536637,1.0,22.7076828280232,0.3478260869565217,0.2608695652173913,0.0059545888828651,0.0258866817605922,True,5.009494632906815,1.0
2015-07-06,5.011719087607601,1.0,22.7525699317547,0.3181818181818182,0.3636363636363636,0.000931680788017,0.0142961070842779,True,5.019397083409259,1.0
2015-07-07,5.0247982763207615,1.0,22.811947792054696,0.3636363636363636,0.2727272727272727,0.016237400487866,0.0076129766015833,True,5.032496309549551,1.0
2015-07-08,4.960528813804952,1.0,22.520172571854697,0.4090909090909091,0.2272727272727272,0.0082676231542642,-0.0037437624869224,True,4.968128385676522,1.0
2015-07-09,4.9873281816895085,1.0,22.641838307954696,0.3636363636363636,0.3181818181818182,0.0027472529628085,0.0025627005294022,True,4.9949688104181185,1.0
2015-07-10,5.062141497038276,1.0,22.98148128465469,0.3181818181818182,0.3636363636363636,0.0168162543800316,0.0246226825895916,True,5.069896740395342,1.0
2015-07-13,5.1140276087322745,1.0,23.217037660454693,0.2272727272727272,0.5,0.0320522760972439,0.0238244060475345,True,5.121862342048931,1.0
2015-07-14,5.158849063393849,1.0,23.42052138805469,0.1818181818181818,0.5454545454545454,0.0427588856099232,0.0302754816435901,True,5.166752463556093,1.0
2015-07-15,5.15341999399237,1.0,23.39587410055469,0.1818181818181818,0.5,0.0347141164585014,0.0200494940303175,True,5.16131507677462,1.0
2015-07-16,5.184759208344789,1.0,23.53815016465469,0.1818181818181818,0.5,0.0356275282944262,0.0280761360651031,True,5.192702303067057,1.0
2015-07-17,5.186968918224994,1.0,23.548181967654696,0.2727272727272727,0.5,0.023461935116444,0.0342312812629481,True,5.194915398241387,1.0
2015-07-20,5.185013910692288,1.0,23.5393064810547,0.2727272727272727,0.5,0.0247686079259736,0.0291263422661935,True,5.192957395620695,1.0
2015-07-21,5.179338494506794,1.0,23.51354081035469,0.2727272727272727,0.4090909090909091,0.0187571140547229,0.0259888149335896,True,5.187273284649862,1.0
2015-07-22,5.197529702939978,1.0,23.596126592754697,0.2727272727272727,0.5,0.0190239559111002,0.043739390062025,True,5.2054923621673925,1.0
2015-07-23,5.203305999957271,1.0,23.62235024965469,0.2727272727272727,0.4090909090909091,0.0304329032234194,0.0382254583446786,True,5.211277508520308,1.0
2015-07-24,5.14567450248273,1.0,23.36071055005469,0.3181818181818182,0.4090909090909091,0.0183226469169071,0.0256925838422281,True,5.153557719106829,1.0
2015-07-27,5.109457220663522,1.0,23.196288677454696,0.3181818181818182,0.5,0.0132031508269956,0.0237642691277224,True,5.117284952107209,1.0
2015-07-28,5.174629603235132,1.0,23.49216304035469,0.4545454545454545,0.4545454545454545,0.0516370133342543,0.0325214337598238,True,5.18255717931716,1.0
2015-07-29,5.15325887617182,1.0,23.3951426460547,0.1818181818181818,0.5454545454545454,0.0382369090167955,0.0290499367015799,True,5.161153712120212,1.0
2015-07-30,5.1601429129894285,1.0,23.4263953013547,0.1818181818181818,0.5454545454545454,0.0313266516748453,0.0271899936458448,True,5.168048295340135,1.0
2015-07-31,5.195163121921562,1.0,23.58538261465469,0.2272727272727272,0.5454545454545454,0.0386521070105989,0.0448368533001688,True,5.203122155526949,1.0
2015-08-03,5.182367920910292,1.0,23.527294022554702,0.2727272727272727,0.5909090909090909,0.0340499597682262,0.0350133642495922,True,5.190307352160095,1.0
2015-08-04,5.221658432258347,1.0,23.7056679679962,0.3043478260869565,0.6086956521739131,0.0391777231864778,0.0560512680559255,True,5.229658056902053,1.0
2015-08-05,5.260853240221365,1.0,23.883607432190303,0.2916666666666667,0.5833333333333334,0.0605428247046206,0.0693109931182374,True,5.268912911640584,1.0
2015-08-06,5.125896413608405,1.0,23.270920531427706,0.32,0.52,0.0277840612991213,0.0306076441066527,True,5.133749330033973,1.0
2015-08-07,5.122964676515964,1.0,23.257610816327706,0.28,0.52,0.0120153060741734,0.0290336128976023,True,5.130813101495644,1.0
2015-08-10,5.150255134752016,1.0,23.38150604042771,0.28,0.52,0.0070839519829506,0.0393632848650116,True,5.158145368943286,1.0
2015-08-11,5.103711162391314,1.0,23.170202300627707,0.4,0.44,-0.0106880236899702,0.0316138539375974,False,5.111530090825391,1.0
2015-08-12,5.102906376121895,1.0,23.166548672889405,0.4,0.44,-0.0098019602379313,0.0245718898313489,False,5.110724071616637,1.0
2015-08-13,5.137444073311889,1.0,23.323345443989407,0.36,0.44,-0.0091258114661805,0.0261765867220249,False,5.145314680849264,1.0
2015-08-14,5.153683342910305,1.0,23.39706967128941,0.36,0.48,-0.0064171534164654,0.0168942228628892,False,5.161578829145311,1.0
2015-08-17,5.194805400254126,1.0,23.5837586035894,0.4,0.44,0.0018884210786105,0.0267038025658794,True,5.20276388582691,1.0
2015-08-18,5.183573705633939,1.0,23.532768132489405,0.36,0.44,0.0008177127506991,0.0195901647367509,True,5.191514984156081,1.0
2015-08-19,5.162328680854762,1.0,23.43631841063941,0.4,0.48,-0.0067726447172206,0.0121224686993777,False,5.170237411820225,1.0
2015-08-20,5.017674693004594,1.0,22.77960762598941,0.44,0.32,-0.0356756467819114,-0.0063284570644389,False,5.025361812843816,1.0
2015-08-21,4.8523669421590645,1.0,22.029131373105606,0.7083333333333334,0.1666666666666666,-0.0570007994446883,-0.0397225580499879,False,4.859800809133394,1.0
2015-08-24,4.663798308611168,1.0,21.17305365870561,0.875,0.0,-0.0872223590110577,-0.0751708181455715,False,4.67094328685263,1.0
2015-08-25,4.794961184041579,0.0,21.10033372700561,1.0,0.0,-0.1018139244666577,-0.0554342781077009,False,4.8023071049115655,0.0
2015-08-26,4.796009105514372,0.0,21.8516373614056,0.75,0.125,-0.0659754594362087,-0.0302612480592168,False,4.80335663180887,0.0
2015-08-27,4.794961184041579,0.0,22.244723346205618,0.625,0.2083333333333333,-0.0504419028172357,-0.0206954270617621,False,4.8023071049115655,0.0
2015-08-28,4.796009105514372,0.0,22.232986820305605,0.6666666666666666,0.2083333333333333,-0.0573404220929949,-0.0209046432131674,False,4.80335663180887,0.0
2015-08-31,4.796009105514372,0.0,21.88953798250561,0.7916666666666666,0.0833333333333333,-0.0696108969641404,-0.0379311854369733,False,4.80335663180887,0.0
2015-09-01,4.796009105514372,0.0,21.37226648290561,0.9166666666666666,0.0833333333333333,-0.0984322183302658,-0.063110845346162,False,4.80335663180887,0.0
2015-09-02,4.794961184041579,0.0,21.84777222140561,0.7916666666666666,0.0833333333333333,-0.0852398540113666,-0.0298576908460036,False,4.8023071049115655,0.0
2015-09-03,4.796009105514372,0.0,21.68152111920561,0.7916666666666666,0.0833333333333333,-0.0682998083412983,-0.0424133931038497,False,4.80335663180887,0.0
2015-09-04,4.794961184041579,0.0,21.4531640199056,0.9166666666666666,0.0833333333333333,-0.0775852176163905,-0.0665021216787095,False,4.8023071049115655,0.0
2015-09-08,4.794961184041579,0.0,22.016434849505607,0.7916666666666666,0.0833333333333333,-0.0583825177284059,-0.0517121446976871,False,4.8023071049115655,0.0
2015-09-09,4.794961184041579,0.0,21.701406897905606,0.875,0.0833333333333333,-0.0633915657560879,-0.0734020588895127,False,4.8023071049115655,0.0
2015-09-10,4.793913262568785,0.0,21.75511928480561,0.9166666666666666,0.0833333333333333,-0.0609253198658598,-0.0701300925409826,False,4.80125757801426,0.0
2015-09-11,4.794961184041579,0.0,21.8822804959056,0.7083333333333334,0.125,-0.0617863741522199,-0.0703483348167085,False,4.8023071049115655,0.0
2015-09-14,4.794961184041579,0.0,21.794278164605608,0.875,0.0833333333333333,-0.0685039421261626,-0.0744814952363717,False,4.8023071049115655,0.0
2015-09-15,4.793913262568785,0.0,22.101782404805608,0.6666666666666666,0.125,-0.0628388470088154,-0.061069092133452,False,4.80125757801426,0.0
2015-09-16,4.793913262568785,0.0,22.26467588860561,0.625,0.0833333333333333,-0.0538862337292596,-0.0531125844389679,False,4.80125757801426,0.0
2015-09-17,4.793913262568785,0.0,22.332880331905614,0.625,0.1666666666666666,-0.0470823983272418,-0.0535361706881573,False,4.80125757801426,0.0
2015-09-18,4.793913262568785,0.0,22.0734710500056,0.75,0.1666666666666666,-0.0309986277014786,-0.0655683783907882,False,4.80125757801426,0.0
2015-09-21,4.794961184041579,0.0,21.90533380310561,0.6666666666666666,0.1666666666666666,-0.0056197209006223,-0.0623001917613192,False,4.8023071049115655,0.0
2015-09-22,4.794961184041579,0.0,21.61503853810561,0.6666666666666666,0.1666666666666666,0.0208748764596962,-0.0681682385202405,False,4.8023071049115655,0.0
2015-09-23,4.793913262568785,0.0,21.669142415449205,0.52,0.28,0.0269573313769724,-0.0776012247903231,True,4.80125757801426,0.0
2015-09-24,4.793913262568785,0.0,21.42670887194921,0.6,0.2,-0.019446070902078,-0.0841385668762931,False,4.80125757801426,0.0
2015-09-25,4.793913262568785,0.0,20.99739090374921,0.64,0.2,-0.0560731829766347,-0.10368664774751,False,4.80125757801426,0.0
2015-09-28,4.794961184041579,0.0,20.2861550660759,0.875,0.125,-0.0875650118431971,-0.139884419196525,False,4.8023071049115655,0.0
2015-09-29,4.794961184041579,0.0,20.2085227871656,0.9130434782608696,0.0869565217391304,-0.0767953712263592,-0.1410604735167387,False,4.8023071049115655,0.0
2015-09-30,4.793913262568785,0.0,20.5815483752656,0.7391304347826086,0.1739130434782608,-0.0369973913750539,-0.1317878743998402,False,4.80125757801426,0.0
2015-10-01,4.794961184041579,0.0,20.638442152955104,0.6818181818181818,0.2727272727272727,-0.0553525575145666,-0.1358741676042358,False,4.8023071049115655,0.0
2015-10-02,4.794961184041579,0.0,20.91554726145511,0.6363636363636364,0.2727272727272727,-0.0353284187737176,-0.1012153028837699,False,4.8023071049115655,0.0
2015-10-05,4.793913262568785,0.0,20.992566846555103,0.5,0.3636363636363636,-0.0214698947401477,-0.0973893659009229,False,4.80125757801426,0.0
2015-10-06,4.793913262568785,0.0,20.730029444355104,0.6363636363636364,0.3181818181818182,-0.0584293240001748,-0.1134005906842817,False,4.80125757801426,0.0
2015-10-07,4.793913262568785,0.0,20.868953652955103,0.5909090909090909,0.3181818181818182,-0.038359413694549,-0.099319316155054,False,4.80125757801426,0.0
2015-10-08,4.793913262568785,0.0,20.93710186145511,0.5454545454545454,0.3181818181818182,-0.0376011463160226,-0.0962356043152556,False,4.80125757801426,0.0
2015-10-09,4.793913262568785,0.0,21.017282023655103,0.5909090909090909,0.3181818181818182,-0.0395296309455657,-0.0988736125300838,False,4.80125757801426,0.0
2015-10-12,4.793913262568785,0.0,21.14937381705511,0.5909090909090909,0.2727272727272727,-0.0295905348495476,-0.0960674086888946,False,4.80125757801426,0.0
2015-10-13,4.793913262568785,0.0,20.8767890345551,0.5909090909090909,0.2727272727272727,-0.0554250941310578,-0.1147810921293226,False,4.80125757801426,0.0
2015-10-14,4.793913262568785,0.0,20.742898623255105,0.6363636363636364,0.1818181818181818,-0.0683494012203116,-0.1185525431401586,False,4.80125757801426,0.0
2015-10-15,4.793913262568785,0.0,21.122402221555102,0.5909090909090909,0.2727272727272727,-0.0542016118100617,-0.0987320682600837,False,4.80125757801426,0.0
2015-10-16,4.793913262568785,0.0,21.180967409255103,0.5909090909090909,0.3636363636363636,-0.0404333164787996,-0.0701785668560158,False,4.80125757801426,0.0
2015-10-19,4.793913262568785,0.0,21.236681725455103,0.5,0.4090909090909091,-0.030524623987045,-0.0359728050202637,False,4.80125757801426,0.0
2015-10-20,4.792865341095993,0.0,21.080925521155105,0.5909090909090909,0.3181818181818182,-0.0247102505049391,-0.0043511974718216,False,4.8002080511169565,0.0
2015-10-21,4.793389301832389,0.0,20.98059941381811,0.5714285714285714,0.3333333333333333,-0.0317752769551319,-0.0056745222486341,False,4.800732814565608,0.0
2015-10-22,4.793913262568785,0.0,21.106285065918108,0.5714285714285714,0.3809523809523809,-0.0149544107751696,-0.034109677145015,False,4.80125757801426,0.0
2015-10-23,4.793913262568785,0.0,20.786023668818103,0.6190476190476191,0.3809523809523809,-0.0100663570964603,-0.0655750873897171,False,4.80125757801426,0.0
2015-10-26,4.792865341095993,0.0,20.870143124851204,0.6,0.4,0.0287875182297061,-0.0612982729882115,True,4.8002080511169565,0.0
2015-10-27,4.792865341095993,0.0,21.010304844151207,0.5,0.4,0.0396754411705351,-0.0401668202890849,True,4.8002080511169565,0.0
2015-10-28,4.792865341095993,0.0,21.248654558468505,0.4285714285714285,0.5238095238095238,0.032412827793103,-0.0057837536573845,True,4.8002080511169565,0.0
2015-10-29,4.78752163421941,1.0,21.276977641276904,0.4545454545454545,0.5,0.0309391321103358,-0.026125985493819,True,4.797264373023875,0.55
2015-10-30,4.769392775736905,1.0,21.196408330876903,0.4090909090909091,0.4545454545454545,0.0134283394984069,-0.0223744812765461,True,4.787273209858146,0.55
2015-11-02,4.82075200669136,1.0,21.424661964423,0.391304347826087,0.4782608695652174,0.0205832436322004,-0.0013285711821414,True,4.815626686934492,0.55
2015-11-03,4.815075685499996,1.0,21.399434932923004,0.391304347826087,0.4782608695652174,0.0322915840696107,-0.0280245153586462,True,4.812981833623743,0.55
2015-11-04,4.765057057246164,1.0,21.177139282623006,0.4347826086956521,0.391304347826087,0.0147676608416955,-0.024158231664381,True,4.785010110619015,0.55
2015-11-05,4.762931797656282,1.0,21.167694082323,0.4782608695652174,0.3478260869565217,0.0110135692319675,-0.027001699912208,True,4.783836323258925,0.55
2015-11-06,4.771979151963286,1.0,21.207902852123,0.4347826086956521,0.3478260869565217,0.0090697183514667,-0.0308184352133126,True,4.788834208007453,0.55
2015-11-09,4.735012001422282,1.0,21.043611326023,0.4347826086956521,0.3478260869565217,-0.0050007386481968,-0.0344432989665015,False,4.768901629053649,0.55
2015-11-10,4.750989502064454,1.0,21.114619448784705,0.4347826086956521,0.3478260869565217,0.0113920974071228,-0.0446644047950749,True,4.777283045235679,0.55
2015-11-11,4.722681522741504,1.0,20.988811506984703,0.4347826086956521,0.3478260869565217,0.0118552806045102,-0.0573044219464184,True,4.7620975220134145,0.55
2015-11-12,4.648192318225281,1.0,20.65776232118471,0.4782608695652174,0.391304347826087,-0.0219974932536903,-0.0750068054736211,False,4.7207865274027405,0.55
2015-11-13,4.586978677281056,1.0,20.385713154784696,0.5652173913043478,0.2608695652173913,-0.0375457003027595,-0.0764609195987994,False,4.686128843566399,0.55
2015-11-16,4.643626812642337,1.0,20.637472039984704,0.4782608695652174,0.3043478260869565,-0.0282157868737168,-0.057879134575943,False,4.718419845999201,0.55
2015-11-17,4.688257573125337,1.0,20.835822619984704,0.4782608695652174,0.391304347826087,-0.0116267618764857,-0.0360497121828956,False,4.742897993051926,0.55
2015-11-18,4.751938055507903,1.0,21.11883506428471,0.4782608695652174,0.5217391304347826,0.006588736944072,-0.0253958989522422,True,4.778330457044755,0.55
2015-11-19,4.746087578848082,1.0,21.09283404108471,0.4782608695652174,0.5217391304347826,-0.0006372994959268,-0.0155821798326476,False,4.775564957929404,0.55
2015-11-20,4.790325344599311,1.0,21.289438051406307,0.4583333333333333,0.5,0.0242188881629821,0.0139087350897939,True,4.799577084797514,0.55
2015-11-23,4.7969933438756645,1.0,21.319072355406306,0.4166666666666667,0.5833333333333334,0.021510596638915,0.0509173515614957,True,4.803723792413602,0.55
2015-11-24,4.820922522605252,1.0,21.42541978100631,0.4166666666666667,0.5416666666666666,0.0197576827149492,0.0602170186637074,True,4.816430776699023,0.55
2015-11-25,4.84058612177209,1.0,21.51280987379031,0.44,0.48,0.0124316254751539,0.0452473974039715,True,4.827235679717078,0.55
2015-11-27,4.859783111812535,1.0,21.598126235590307,0.36,0.48,0.0150937130135617,0.0464998315048594,True,4.838002377255919,0.55
2015-11-30,4.792857400553586,1.0,21.300691159390304,0.44,0.4,0.0049198348552992,0.018414239566419,True,4.801596185280597,0.55
2015-12-01,4.815355241318377,1.0,21.400677350890305,0.4,0.52,-0.001119486205781,0.0194407147691029,False,4.813520238378667,0.55
2015-12-02,4.790856722771469,1.0,21.291799632690303,0.48,0.4,-0.00502981973917,0.0270993434834783,False,4.800051187829044,0.55
2015-12-03,4.70305116201743,1.0,20.901569134390304,0.6,0.2,-0.0130126238749737,0.0015628709506756,False,4.752137718530254,0.55
2015-12-04,4.812186310815913,1.0,21.38659380859031,0.48,0.4,0.0103412173955268,0.0214686803412227,True,4.8127885346783215,0.55
2015-12-07,4.803647855292768,1.0,21.348646715890304,0.48,0.4,0.0066363876121404,0.0157662961301203,True,4.808091796438093,0.55
2015-12-08,4.826607527156284,1.0,21.450685403590303,0.4,0.36,0.0193443069851753,0.014246832513415,True,4.8202583388183875,0.55
2015-12-09,4.759345353487019,1.0,21.151755001890304,0.48,0.36,0.0017587602369852,0.0131708936120436,True,4.782838547696126,0.55
2015-12-10,4.768494143754313,1.0,21.192414579190302,0.48,0.24,0.0097005527034175,0.0216708360822455,True,4.788365901653898,0.55
2015-12-11,4.68634983667945,1.0,20.827344148490305,0.6,0.2,0.0082091092282385,-0.0139689638503188,True,4.743469378630579,0.55
2015-12-14,4.724224138963138,1.0,20.99566729028231,0.4166666666666667,0.25,0.0299206670311875,-0.0087484256687835,True,4.764554141753136,0.55
2015-12-15,4.754851706029158,1.0,21.131784076682305,0.4166666666666667,0.375,0.0239521602132217,-0.0049394557082363,True,4.781074431612058,0.55
2015-12-16,4.804935788775131,1.0,21.3543706235823,0.375,0.3333333333333333,0.0248873304911048,0.0129712095492575,True,4.809242997603436,0.55
2015-12-17,4.745696973621562,1.0,21.091098090982303,0.5833333333333334,0.2916666666666667,-0.0013133761032735,0.0052667073511454,False,4.776159370303179,0.55
2015-12-18,4.664589720155541,1.0,20.7306365932823,0.7083333333333334,0.1666666666666666,-0.0171715876158188,-0.0177979436676137,False,4.731733958957413,0.55
2015-12-21,4.6745945871983885,1.0,20.775100795982308,0.7916666666666666,0.1666666666666666,-0.024159268750169,-0.0005254912151466,False,4.736850395631858,0.55
2015-12-22,4.697363887475377,1.0,20.876293423382304,0.7916666666666666,0.125,-0.0207691462668974,0.0002946936441359,False,4.749540292446948,0.55
2015-12-23,4.725815641577056,1.0,21.002740337282304,0.6666666666666666,0.125,-0.0197279422314381,-0.0003600379397163,False,4.765362573976247,0.55
2015-12-24,4.7262949489594375,1.0,21.004870502582303,0.6666666666666666,0.0833333333333333,-0.0236110193967197,-0.0114729172717923,False,4.7658628284218905,0.55
2015-12-28,4.728163442853567,1.0,21.013174570082302,0.6666666666666666,0.125,-0.027083445069605,-0.0123985218033424,False,4.76666467525681,0.55
2015-12-29,4.773309102155666,1.0,21.213813492882306,0.625,0.125,-0.0040786313391384,0.0008211373235365,False,4.7916969784165,0.55
2015-12-30,4.750342314637417,1.0,21.11174318138231,0.5833333333333334,0.25,-0.0135011693681731,-0.0146055412010845,False,4.77948803467085,0.55
2015-12-31,4.706891481086518,1.0,20.918636500182306,0.6666666666666666,0.0833333333333333,-0.0175261433484026,-0.0224678097458074,False,4.754973304629161,0.55
2016-01-04,4.601518227072955,1.0,20.450330654082304,0.9166666666666666,0.0833333333333333,-0.0215887370659438,-0.0343204348255427,False,4.696893826730189,0.55
2016-01-05,4.607545576277085,1.0,20.477117744366303,0.782608695652174,0.1304347826086956,-0.0425255219397628,-0.0326240702114734,False,4.700277579619839,0.55
2016-01-06,4.567647383039171,1.0,20.2997999105663,0.8260869565217391,0.0869565217391304,-0.0491294281685462,-0.0428190824848951,False,4.676967217758772,0.55
2016-01-07,4.474471350312065,1.0,19.885701653366304,0.9090909090909092,0.0909090909090909,-0.0729572841510257,-0.0550242852672725,False,4.624954145731895,0.55
2016-01-08,4.408803943379212,1.0,19.593858805266308,0.9090909090909092,0.0909090909090909,-0.0736532829774536,-0.0720240612058924,False,4.587622403681114,0.55
2016-01-11,4.38443066951799,1.0,19.485537706666307,0.9090909090909092,0.0909090909090909,-0.08054187813974,-0.0716226261700494,False,4.5736733920536885,0.55
2016-01-12,4.41021028348852,1.0,19.6001089424663,0.9090909090909092,0.0909090909090909,-0.0589242294780519,-0.0511988356857885,False,4.588914169411833,0.55
2016-01-13,4.297631317308507,1.0,19.099779057966305,0.9090909090909092,0.0909090909090909,-0.0902990224651493,-0.0630801624183832,False,4.524035373332949,0.55
2016-01-14,4.355283809656349,1.0,19.35600156396631,0.8636363636363636,0.0909090909090909,-0.084033724094099,-0.0620943531036927,False,4.556969588352301,0.55
2016-01-15,4.2837032508450426,1.0,19.037879147872705,0.9130434782608696,0.0869565217391304,-0.1084785647183356,-0.0862909761185766,False,4.515777155406038,0.55
2016-01-19,4.262019548644238,1.0,18.941511197572705,0.9565217391304348,0.0434782608695652,-0.1019191549030191,-0.1030986728237772,False,4.5036494136958325,0.55
2016-01-20,4.241438117499994,1.0,18.850042023386308,0.9523809523809524,0.0476190476190476,-0.0907157173603337,-0.1063295720873678,False,4.491687865400165,0.55
2016-01-21,4.239481772907825,1.0,18.841347524786304,0.9047619047619048,0.0952380952380952,-0.0930803316039733,-0.114990847607567,False,4.490990323397283,0.55
2016-01-22,4.3231352915002565,1.0,19.21312527968631,0.8571428571428571,0.0952380952380952,-0.0796677891983055,-0.0987823034985829,False,4.538845748557635,0.55
2016-01-25,4.292895915803532,1.0,19.078733715586303,0.8571428571428571,0.0476190476190476,-0.0916074088808623,-0.1095281254419271,False,4.521830895714859,0.55
2016-01-26,4.320451465006843,1.0,19.201197664386303,0.7619047619047619,0.0476190476190476,-0.085869267224202,-0.107452825686909,False,4.537349777267249,0.55
2016-01-27,4.264159502627402,1.0,18.95102170353631,0.8571428571428571,0.0476190476190476,-0.098136188783298,-0.1225617677746501,False,4.505281415802566,0.55
2016-01-28,4.2550170206358295,1.0,18.910390161836304,0.7142857142857143,0.0476190476190476,-0.1085812945333403,-0.1122170628017508,False,4.499968715890177,0.55
2016-01-29,4.349653472925239,1.0,19.330978899236303,0.6190476190476191,0.0476190476190476,-0.0843494668747391,-0.0967118198045212,False,4.555457914990876,0.55
2016-02-01,4.346997443945246,1.0,19.31917482323632,0.6190476190476191,0.1428571428571428,-0.0764610865976874,-0.0926471619818044,False,4.553031763475843,0.55
2016-02-02,4.278986173015089,1.0,19.01691524061791,0.6,0.2,-0.0700925299307205,-0.0901680577977032,False,4.5138526255888705,0.55
2016-02-03,4.25050326073572,1.0,18.890329851761404,0.5789473684210527,0.2105263157894736,-0.0774907832447004,-0.1167209691814614,False,4.497771374979371,0.55
2016-02-04,4.18952702081155,1.0,18.619335756561405,0.7894736842105263,0.0526315789473684,-0.0827823013728422,-0.1278446824124645,False,4.462726001465438,0.55
2016-02-05,4.097360760374113,1.0,18.209725187161403,0.8421052631578947,0.1052631578947368,-0.0842804792820165,-0.1510888885576795,False,4.408728970135212,0.55
2016-02-08,4.051372264173109,1.0,18.005340480378923,0.7777777777777778,0.2222222222222222,-0.0810722553773038,-0.1487543005878325,False,4.381079495640588,0.55
2016-02-09,4.068894689201355,1.0,18.083214644514733,0.6842105263157895,0.2105263157894736,-0.0719673782300509,-0.1467128685623496,False,4.391932180738486,0.55
2016-02-10,4.053498112755856,1.0,18.01478829831473,0.6842105263157895,0.3157894736842105,-0.0808832567617395,-0.1350415026574305,False,4.382359740513151,0.55
2016-02-11,4.054764268450173,1.0,18.020415419914727,0.6842105263157895,0.2631578947368421,-0.0565118389472357,-0.1417078975977418,False,4.3833282118769405,0.55
2016-02-12,4.093743295832532,1.0,18.193648244214728,0.6842105263157895,0.2631578947368421,-0.060051313589241,-0.1390387021656935,False,4.40628825776127,0.55
2016-02-16,4.164094270303956,1.0,18.506306071214727,0.6842105263157895,0.3157894736842105,-0.0279218642228525,-0.1333715051860329,False,4.447935390393667,0.55
2016-02-17,4.184832813036778,1.0,18.598473489714728,0.5263157894736842,0.3157894736842105,-0.0181103663947328,-0.1181837280598169,False,4.460119080458848,0.55
2016-02-18,4.170218337000722,1.0,18.533522998914734,0.631578947368421,0.2631578947368421,-0.0167914227500864,-0.1059838941501455,False,4.451991192342043,0.55
2016-02-19,4.206698294702185,1.0,18.69564931471473,0.5263157894736842,0.3157894736842105,-0.0077328975477951,-0.1000934484837601,False,4.473410849657973,0.55
2016-02-22,4.211013370503016,1.0,18.71482662154473,0.5,0.35,-0.0259353255073198,-0.1035369046603187,False,4.475934612488995,0.55
2016-02-23,4.225031828045467,1.0,18.77712825284473,0.5,0.3,-0.0158084633517987,-0.1059676998666148,False,4.483689535541159,0.55
2016-02-24,4.255770246196922,1.0,18.913737689982728,0.4285714285714285,0.3809523809523809,-0.0149709398042782,-0.0995546633978293,False,4.502071809040645,0.55
2016-02-25,4.292076454189521,1.0,19.075091817382727,0.4285714285714285,0.4285714285714285,0.0065468825790677,-0.0922317923089516,True,4.522753033084932,0.55
2016-02-26,4.254175984471783,1.0,18.90665238078273,0.4285714285714285,0.4285714285714285,-0.0001976575322658,-0.1087574901548784,False,4.500787451527744,0.55
2016-02-29,4.22824973429949,1.0,18.79142945598273,0.4285714285714285,0.3333333333333333,-0.0279111288707106,-0.1099063069053332,False,4.486144232221621,0.55
2016-03-01,4.290970166244318,1.0,19.070175189182727,0.4285714285714285,0.5238095238095238,-0.0128887303071613,-0.0883643305806987,False,4.522744505841007,0.55
2016-03-02,4.272150610927566,1.0,18.986536244382727,0.4285714285714285,0.3333333333333333,-0.0015974723476863,-0.0715780314000631,False,4.511389769681463,0.55
2016-03-03,4.289520397258151,1.0,19.06373204288273,0.3809523809523809,0.3809523809523809,0.009179415737156,-0.0690226876227454,True,4.521922009326046,0.55
2016-03-04,4.284622053053786,1.0,19.041962541232728,0.3636363636363636,0.4545454545454545,0.0226982739984367,-0.0619630427331873,True,4.519081957145708,0.55
2016-03-07,4.260516900683284,1.0,18.934833043506632,0.3478260869565217,0.4347826086956521,0.0398198132532203,-0.047816698974698,True,4.505098638012396,0.55
2016-03-08,4.276354323461067,1.0,19.00521862420663,0.2608695652173913,0.5217391304347826,0.0555323097009641,-0.0300420752701079,True,4.513866110634103,0.55
2016-03-09,4.293724240657163,1.0,19.082415004306625,0.2608695652173913,0.6086956521739131,0.0552556821026832,-0.0206883027006109,True,4.524394285046998,0.55
2016-03-10,4.32054473573646,1.0,19.20161218350083,0.2916666666666667,0.5416666666666666,0.065880534677009,-0.0203313542866117,True,4.539938034091343,0.55
2016-03-11,4.354073987311142,1.0,19.350624802260427,0.24,0.6,0.0738167989665576,0.0131334369645232,True,4.558868962221991,0.55
2016-03-14,4.368449148959052,1.0,19.41451171836043,0.2,0.64,0.067103829740905,0.0030228430288539,True,4.5671471777851655,0.55
2016-03-15,4.373205816991839,1.0,19.43565157466044,0.16,0.6,0.0502177744099479,0.0208937363084471,True,4.569882341050767,0.55
2016-03-16,4.397142920240231,1.0,19.54203421886044,0.2,0.6,0.0507332351586551,0.0317040712868088,True,4.584089462311564,0.55
2016-03-17,4.433755986706388,1.0,19.70475210425043,0.125,0.625,0.0631951683122675,0.0453426087752868,True,4.608557880574749,0.65
2016-03-18,4.418280187033767,1.0,19.63597366965043,0.2083333333333333,0.6666666666666666,0.0502964266769596,0.0421745920146514,True,4.598102021661981,0.65
2016-03-21,4.38814659061029,1.0,19.50205221585044,0.2083333333333333,0.6666666666666666,0.0420642739697862,0.0150379978248311,True,4.578069877622345,0.65
2016-03-22,4.386606777893706,1.0,19.49520889205043,0.25,0.6666666666666666,0.0382423035906416,0.0218292881840418,True,4.57685055097446,0.65
2016-03-23,4.378521416531262,1.0,19.45927546635043,0.25,0.5833333333333334,0.0288434673944237,0.013440713776037,True,4.571192037854931,0.65
2016-03-24,4.359579438080178,1.0,19.37509244165043,0.2916666666666667,0.5,0.0157273488977032,0.0223771965832844,True,4.558687776224646,0.65
2016-03-28,4.359959604058924,1.0,19.37678199705044,0.3333333333333333,0.4583333333333333,0.0248658306504625,0.0246632581994725,True,4.5589461698876494,0.65
2016-03-29,4.42821913829254,1.0,19.68014492565043,0.2083333333333333,0.625,0.0472936596840298,0.0180625113831107,True,4.605339834225942,0.65
2016-03-30,4.443809552055554,1.0,19.74943273475043,0.1666666666666666,0.6666666666666666,0.0356188414017824,0.0222710294539398,True,4.615878935462848,0.65
2016-03-31,4.4316278397723865,1.0,19.69529407185044,0.2083333333333333,0.5833333333333334,0.0373294959304335,0.0356723907452452,True,4.607654224096713,0.65
2016-04-01,4.466894137825747,1.0,19.852026571983423,0.1739130434782608,0.6086956521739131,0.0413504830705484,0.0509094720827412,True,4.648882196964258,1.0
2016-04-04,4.435210869625395,1.0,19.71121797818343,0.217391304347826,0.6086956521739131,0.0351463477307827,0.0586423831600571,True,4.615908104242653,1.0
2016-04-05,4.392183989460199,1.0,19.519995454883432,0.2608695652173913,0.6521739130434783,0.030904017481024,0.0719544229391129,True,4.5711282435566645,1.0
2016-04-06,4.425842944179961,1.0,19.66958450778343,0.217391304347826,0.6521739130434783,0.0349570240002716,0.0924305779842427,True,4.6061585152705335,1.0
2016-04-07,4.404969772628666,1.0,19.576818764183432,0.3043478260869565,0.6956521739130435,0.0259088673925824,0.0825961616355508,True,4.584434938972343,1.0
2016-04-08,4.430756155761837,1.0,19.69142008388344,0.3043478260869565,0.6956521739130435,0.0255086862343505,0.0930697467993868,True,4.611271898562849,1.0
2016-04-11,4.408594482149923,1.0,19.59292790568343,0.3043478260869565,0.5652173913043478,0.0125217198875509,0.0872628321337634,True,4.5882073246709085,1.0
2016-04-12,4.420650804076272,1.0,19.64650930158344,0.3043478260869565,0.5652173913043478,0.0119496996158603,0.0798553999652431,True,4.6007548394843125,1.0
2016-04-13,4.44012053190776,1.0,19.733037780283432,0.2608695652173913,0.5652173913043478,0.0153010669326218,0.0662872268700236,True,4.621017793631598,1.0
2016-04-14,4.434208095963024,1.0,19.706761394083426,0.2608695652173913,0.5217391304347826,0.0084293770739589,0.0595902618019483,True,4.614864476056548,1.0
2016-04-15,4.449611144806162,1.0,19.77521650528343,0.3043478260869565,0.5217391304347826,0.0035760105308708,0.0669971654305232,True,4.630895068530066,1.0
2016-04-18,4.481261955974329,1.0,19.91588085168344,0.3043478260869565,0.5652173913043478,0.0142548155106583,0.0652682084707434,True,4.663835381870644,1.0
2016-04-19,4.516062988359317,1.0,20.07054559150544,0.25,0.5833333333333334,0.0291504385980956,0.0724409046034115,True,4.700054261230362,1.0
2016-04-20,4.484624694705532,1.0,19.93082572760543,0.2083333333333333,0.5833333333333334,0.0223448149731102,0.06144163576163,True,4.6673351236908385,1.0
2016-04-21,4.435936231681271,1.0,19.714441673745327,0.3043478260869565,0.4347826086956521,0.0131128318644822,0.0423345187972377,True,4.6166630186516056,1.0
2016-04-22,4.437757241708911,1.0,19.72253471072833,0.3333333333333333,0.4285714285714285,0.0179324186516398,0.0339417969540571,True,4.618558219396638,1.0
2016-04-25,4.449876416590316,1.0,19.77639544132833,0.3333333333333333,0.4285714285714285,0.0206233132177839,0.0460019596821714,True,4.631171147890054,1.0
2016-04-26,4.4631152753767225,1.0,19.83523233521953,0.25,0.5,0.0078803997711909,0.0555467524001735,True,4.644949377913255,1.0
2016-04-27,4.478061862904823,1.0,19.90165881491953,0.3,0.45,0.0077078710165303,0.0436012578535958,True,4.660504912143708,1.0
2016-04-28,4.46116943062684,1.0,19.82658450061953,0.45,0.35,0.0066660811608156,0.0442444185408139,True,4.642924256489583,1.0
2016-04-29,4.445560965545949,1.0,19.75721646681953,0.45,0.45,-0.0047758401299793,0.0363771596441266,False,4.626679878808448,1.0
2016-05-02,4.487489328648276,1.0,19.94355689771953,0.35,0.4,0.0117871417074915,0.0473477644194775,True,4.670316467176118,1.0
2016-05-03,4.478938805136891,1.0,19.90555617177553,0.2857142857142857,0.4285714285714285,0.0197520905055148,0.0512665269368082,True,4.6614175823357105,1.0
2016-05-04,4.488762158023809,1.0,19.949213678875527,0.238095238095238,0.5238095238095238,0.0142163232264231,0.0496703075789164,True,4.671641153555762,1.0
2016-05-05,4.467426144169941,1.0,19.85439094502553,0.2857142857142857,0.4285714285714285,0.0141786152380347,0.0404548344926298,True,4.649435878055836,1.0
2016-05-06,4.49165676676976,1.0,19.96207806472553,0.2857142857142857,0.4761904761904761,0.0137449701285696,0.0396042724932304,True,4.674653693063308,1.0
2016-05-09,4.490784746947639,1.0,19.958202584325527,0.2857142857142857,0.5714285714285714,0.0186431900530874,0.0313983547442935,True,4.673746145827719,1.0
2016-05-10,4.519143325906998,1.0,20.08423540392553,0.2857142857142857,0.6666666666666666,0.0222800954420341,0.0344960355058394,True,4.703260096413425,1.0
2016-05-11,4.475418620449784,1.0,19.889911565525527,0.2857142857142857,0.3333333333333333,0.0079498041299468,0.0233725115476619,True,4.657753979971971,1.0
2016-05-12,4.495408114212892,1.0,19.97875001772553,0.2857142857142857,0.5238095238095238,0.0138017920957709,0.0223475096796017,True,4.67855787610524,1.0
2016-05-13,4.460008558781247,1.0,19.82142528752553,0.3809523809523809,0.3809523809523809,0.0023367017109396,0.0059210683117363,True,4.641716088959883,1.0
2016-05-16,4.512328595497384,1.0,20.05394898902553,0.238095238095238,0.5238095238095238,0.0069325649400246,0.0212862028849185,True,4.696167723525048,1.0
2016-05-17,4.422935276197139,1.0,19.65666208332553,0.5238095238095238,0.2857142857142857,-0.0206214378325161,0.007927876808238,False,4.603132384472949,1.0
2016-05-18,4.400696486189352,1.0,19.557827180025527,0.4761904761904761,0.3333333333333333,-0.0187146560146416,0.0032119834325359,False,4.579987552345911,1.0
2016-05-19,4.412619056249166,1.0,19.61081414822553,0.4285714285714285,0.3333333333333333,-0.0052564271022599,0.0077874781174225,False,4.592395866038365,1.0
2016-05-20,4.430315453535093,1.0,19.68946148982553,0.3809523809523809,0.3809523809523809,-0.0016769254757508,0.0162254218462103,False,4.610813241457295,1.0
2016-05-23,4.427672553721877,1.0,19.67771576321993,0.3181818181818182,0.4090909090909091,-0.0049897706789469,0.0155306369352401,False,4.608062665887129,1.0
2016-05-24,4.478645186656279,1.0,19.90425125571993,0.217391304347826,0.5217391304347826,0.00347961240554,0.0113874329135355,True,4.661112001391749,1.0
2016-05-25,4.487135644167581,1.0,19.94198503290873,0.2083333333333333,0.5,0.0020262742098144,0.0097497634865981,True,4.6699483730518985,1.0
2016-05-26,4.503158907044954,1.0,20.01319653481513,0.24,0.56,0.0094122128897071,0.0161410366255485,True,4.6866244480224495,1.0
2016-05-27,4.491176393132624,1.0,19.959943160715127,0.24,0.52,0.0102608934935779,0.0054360489766824,True,4.674153748273782,1.0
2016-05-31,4.483679285546713,1.0,19.92662408611513,0.28,0.44,-0.0008490366934665,0.0109280972982042,False,4.666351197125383,1.0
2016-06-01,4.490543551747926,1.0,19.95713065081513,0.32,0.44,0.0025909589561095,0.0223942263174214,True,4.673495123968829,1.0
2016-06-02,4.501285138051121,1.0,20.00486902341513,0.24,0.44,0.0027898515417945,0.0170458361994898,True,4.68467433883072,1.0
2016-06-03,4.5792342601645695,1.0,20.35129497301513,0.24,0.6,0.0250274122920954,0.0395608815794235,True,4.7657992267016,1.0
2016-06-06,4.555901130169864,1.0,20.24759654131513,0.12,0.56,0.014303043784511,0.0282446088226464,True,4.74151546951262,1.0
2016-06-07,4.570392834464403,1.0,20.31200140291513,0.16,0.6,0.0177269880438764,0.0367006657041348,True,4.7565975878749205,1.0
2016-06-08,4.584058395151769,1.0,20.37273466981513,0.16,0.52,0.0143644634753292,0.0369646005345671,True,4.7708199042833295,1.0
2016-06-09,4.611212227823561,1.0,20.493413287015134,0.24,0.48,0.0303421017987648,0.0385331196949028,True,4.799080025385883,1.0
2016-06-10,4.58501855800424,1.0,20.37700188051513,0.16,0.6,0.0199337727553656,0.0340106866383906,True,4.771819185630348,1.0
2016-06-13,4.588204387303532,1.0,20.391160525415124,0.28,0.56,0.0287434041510705,0.0311472706236681,True,4.775134810459383,1.0
2016-06-14,4.578886534117295,1.0,20.349749589015133,0.2,0.56,0.014750241967379,0.0217850639177237,True,4.765437333766437,1.0
2016-06-15,4.615849660543791,1.0,20.51402323091513,0.28,0.6,0.0436168228336635,0.0220959434006311,True,4.803906394166404,1.0
2016-06-16,4.611968049893578,1.0,20.496772354715134,0.2,0.56,0.0480086650754616,0.0283955434082108,True,4.799866640796268,1.0
2016-06-17,4.601933488597421,1.0,20.45217618311513,0.2,0.56,0.0429029630555002,0.037421019655468,True,4.789423256215241,1.0
2016-06-20,4.632993839141093,1.0,20.590216370615128,0.2,0.6,0.0457480709289617,0.0439944293476037,True,4.8217490526676805,1.0
2016-06-21,4.628178955711099,1.0,20.568817790115126,0.16,0.56,0.045284830699749,0.0400690991003753,True,4.816738003565663,1.0
2016-06-22,4.644082182735757,1.0,20.639495821815128,0.16,0.56,0.0369390717917061,0.0405472178497019,True,4.8332891522403445,1.0
2016-06-23,4.663202230492661,1.0,20.724470232315127,0.24,0.56,0.0392380797656364,0.0413438610845227,True,4.853188179815115,1.0
2016-06-24,4.676485244916017,1.0,20.78350336521513,0.24,0.56,0.0384899448251541,0.0482644332696686,True,4.867012364443053,1.0
2016-06-27,4.670506407369245,1.0,20.756931873215127,0.24,0.52,0.039929407918787,0.0506000128142813,True,4.860789939963735,1.0
2016-06-28,4.695540474372577,1.0,20.86818970651513,0.28,0.48,0.0472516376246632,0.046362482557027,True,4.8868439329213675,1.0
2016-06-29,4.755268519849012,1.0,21.133636504515128,0.16,0.6,0.0589516536362377,0.0616953539073135,True,4.949005389787687,1.0
2016-06-30,4.829635142756729,1.0,21.46414090611513,0.12,0.6,0.0729458353859735,0.0759391949790873,True,5.026401821987963,1.0
2016-07-01,4.879613868774758,1.0,21.68625922061513,0.08,0.68,0.0655960345211497,0.0922651458139325,True,5.078416757297189,1.0
2016-07-05,4.908565316522548,1.0,21.814926901615127,0.08,0.72,0.0774082176668162,0.0928184345778968,True,5.1085477310472305,1.0
2016-07-06,4.940317340239094,1.0,21.95604106261513,0.12,0.72,0.0809393238553073,0.1001011223254462,True,5.141593380489303,1.0
2016-07-07,4.896086011406365,1.0,21.759465659615124,0.08,0.68,0.0680679846017244,0.0834102081557044,True,5.095560000065689,1.0
2016-07-08,4.977028682494097,1.0,22.119195710890327,0.0416666666666666,0.875,0.079331949300281,0.1120811491806097,True,5.17980039864779,1.0
2016-07-11,4.9943298345435965,1.0,22.196086480990328,0.0416666666666666,0.8333333333333334,0.089271454708685,0.1109847443557545,True,5.197806425938386,1.0
2016-07-12,4.929563054530381,1.0,21.90824625059033,0.0833333333333333,0.7916666666666666,0.0743991850431633,0.1052810750384398,True,5.130400948828805,1.0
2016-07-13,4.976122580081315,1.0,22.115168758690327,0.0416666666666666,0.7916666666666666,0.0867538522748296,0.1027837345548647,True,5.178857380244973,1.0
2016-07-14,5.003860084751642,1.0,22.23844136439033,0.0416666666666666,0.875,0.0840604553316708,0.1313437281528529,True,5.207724953030762,1.0
2016-07-15,4.9900700030198735,1.0,22.17715469393833,0.0434782608695652,0.8260869565217391,0.0819827780756241,0.1339273268856742,True,5.193373042401264,1.0
2016-07-18,4.999264632353049,1.0,22.21801799183833,0.0434782608695652,0.8695652173913043,0.0863400448398756,0.1329472516493515,True,5.202942274914012,1.0
2016-07-19,5.003013274034706,1.0,22.234677919738328,0.0434782608695652,0.8695652173913043,0.0798661616528739,0.1292679554099554,True,5.206843641957632,1.0
2016-07-20,4.95781443534003,1.0,22.03380265403833,0.1739130434782608,0.7391304347826086,0.0712235811932389,0.1197337597091536,True,5.159803333849184,1.0
2016-07-21,4.9732380469668325,1.0,22.10234915153833,0.0869565217391304,0.8260869565217391,0.0708764081425392,0.110433588662961,True,5.17585532686544,1.0
2016-07-22,5.001636298539821,1.0,22.228558286438325,0.0869565217391304,0.8260869565217391,0.0725754645239573,0.1146612661556127,True,5.2054105663873775,1.0
2016-07-25,4.975751256468339,1.0,22.113518501038328,0.1739130434782608,0.6956521739130435,0.0639937893266453,0.1049468515721343,True,5.178470928343401,1.0
2016-07-26,5.011998503967344,1.0,22.27461059283833,0.0869565217391304,0.8260869565217391,0.0731167172920013,0.1159656324412234,True,5.216194943819869,1.0
2016-07-27,5.005496945484481,1.0,22.24571599453833,0.0434782608695652,0.6956521739130435,0.0660108187339858,0.1163815756447748,True,5.209428501958721,1.0
2016-07-28,5.07056426280474,1.0,22.534891890038327,0.0434782608695652,0.782608695652174,0.0663045087022211,0.1291649227699929,True,5.277146760722205,1.0
2016-07-29,5.110311795748885,1.0,22.71154015073833,0.1304347826086956,0.8695652173913043,0.0581154983131804,0.1353006172724808,True,5.318513668595072,1.0
2016-08-01,5.118008492772108,1.0,22.74574625213833,0.1739130434782608,0.7391304347826086,0.0488552230582968,0.117655966477717,True,5.326523940757936,1.0
2016-08-02,5.087832700276203,1.0,22.61163726813833,0.1739130434782608,0.6086956521739131,0.0365213401867607,0.1167566097042376,True,5.295118740593111,1.0
2016-08-03,5.062556096276476,1.0,22.499301538038324,0.217391304347826,0.6086956521739131,0.0247430979871963,0.1076851114636727,True,5.268812329313071,1.0
2016-08-04,5.058327119132883,1.0,22.480506875788333,0.3043478260869565,0.6086956521739131,0.0331368990145488,0.1034604455481444,True,5.26441105721044,1.0
2016-08-05,5.046277344127311,1.0,22.426954576088328,0.2608695652173913,0.5652173913043478,0.0139136553254726,0.0943494020246158,True,5.251870356049321,1.0
2016-08-08,5.038574557717585,1.0,22.392721411888328,0.3043478260869565,0.3043478260869565,0.0088589910237737,0.0989213007484022,True,5.243853746409087,1.0
2016-08-09,5.025557804912898,1.0,22.33487161411243,0.4166666666666667,0.3333333333333333,0.0194732777166315,0.0953212587520315,True,5.230306671303016,1.0
2016-08-10,5.037216543956848,1.0,22.386686049412425,0.375,0.4583333333333333,0.0122774234139815,0.1000963894659832,True,5.242440405102863,1.0
2016-08-11,5.019668949893963,1.0,22.308700027612428,0.4166666666666667,0.375,0.0031593339690882,0.0874853643527457,True,5.224177895376538,1.0
2016-08-12,5.023074741843751,1.0,22.32383624311243,0.375,0.4166666666666667,0.0066140833302748,0.0891391023317382,True,5.227722444468906,1.0
2016-08-15,5.013171958000962,1.0,22.27982572441244,0.3333333333333333,0.4166666666666667,0.0027818742696494,0.089362106258706,True,5.217416206155066,1.0
2016-08-16,4.952734656250602,1.0,22.01122680908844,0.4,0.2,-0.010049667076649,0.0690138662409238,False,5.15451659683579,1.0
2016-08-17,4.936876114825736,1.0,21.94074737168844,0.48,0.2,-0.0042232965326498,0.0666994863570928,False,5.1380119543201825,1.0
2016-08-18,4.962650831352471,1.0,22.05529684198843,0.52,0.16,-0.002128837492671,0.0685966862948685,False,5.164836771988967,1.0
2016-08-19,4.923075040897641,1.0,21.879411849088427,0.52,0.24,-0.015707111223804,0.0557284024067563,False,5.123648603655566,1.0
2016-08-22,4.908486346290074,1.0,21.814575937588423,0.64,0.16,-0.0135185435748665,0.0496101429222455,False,5.10846554344741,1.0
2016-08-23,4.907863473458949,1.0,21.81180773050473,0.56,0.08,-0.0207771471651405,0.0508204133314529,False,5.107817293830061,1.0
2016-08-24,4.797492607393307,1.0,21.321291210904725,0.68,0.12,-0.0415551823038901,0.0217125448235759,False,4.992949750860744,1.0
2016-08-25,4.790606050425642,1.0,21.29068558030473,0.64,0.2,-0.0552124374860483,0.0074312376744081,False,4.985782625091127,1.0
2016-08-26,4.765477192396924,1.0,21.179006471304728,0.72,0.12,-0.0674781925515422,-0.0132842230237674,False,4.9596299791776035,1.0
2016-08-29,4.765346360973408,1.0,21.178425022804728,0.76,0.12,-0.0689061247742643,-0.0234173258118971,False,4.959493817482962,1.0
2016-08-30,4.702040324783652,1.0,20.897076713704728,0.72,0.16,-0.0758264664385697,-0.042074410427772,False,4.893608597121285,1.0
2016-08-31,4.683571922109896,1.0,20.814998381577528,0.6666666666666666,0.25,-0.0748602419329879,-0.0519694182472847,False,4.874387763641184,1.0
2016-09-01,4.720952950022171,1.0,20.98112928517753,0.5833333333333334,0.25,-0.0666967875277599,-0.0357700132261133,False,4.9132917514688845,1.0
2016-09-02,4.774561715045952,1.0,21.219380426777526,0.5416666666666666,0.2083333333333333,-0.0538447672515607,-0.0406802894587066,False,4.969084619092473,1.0
2016-09-06,4.832921617932072,1.0,21.47874684717753,0.4583333333333333,0.25,-0.0408156984539435,-0.0323182933364022,False,5.029822193159073,1.0
2016-09-07,4.829350405314264,1.0,21.462875459677527,0.375,0.2916666666666667,-0.039041914791394,-0.0203289111240843,False,5.026105483909145,1.0
2016-09-08,4.800396887344269,1.0,21.33419857807753,0.5833333333333334,0.2916666666666667,-0.0470139916650378,-0.0353137789331093,False,4.995972355592898,1.0
2016-09-09,4.641689534496697,1.0,20.62886227757753,0.7083333333333334,0.25,-0.0752996699922313,-0.0723782328284106,False,4.8307990238739755,1.0
2016-09-12,4.6870485200197445,1.0,20.83044927697753,0.6666666666666666,0.2916666666666667,-0.0668965203772115,-0.0607248962072171,False,4.878006003436087,1.0
2016-09-13,4.605930542962014,1.0,20.469940120877528,0.75,0.2083333333333333,-0.0812342801026393,-0.0786783893866207,False,4.793583156652215,1.0
2016-09-14,4.610127079892878,1.0,20.48859061047753,0.7916666666666666,0.125,-0.0691754354183571,-0.0785299123991694,False,4.797950666878525,1.0
2016-09-15,4.691091528618529,1.0,20.84841744717753,0.625,0.25,-0.0497854474146315,-0.0537984852398387,False,4.8822137303526265,1.0
2016-09-16,4.6663867023238135,1.0,20.73862284427753,0.625,0.25,-0.0596987656590611,-0.061700514181131,False,4.856502391870694,1.0
2016-09-19,4.696907746955286,1.0,20.874266217577528,0.625,0.2083333333333333,-0.0459402491458095,-0.060925771766631,False,4.888266910268049,1.0
2016-09-20,4.69228460067184,1.0,20.85371976627752,0.5833333333333334,0.2083333333333333,-0.0440465207327391,-0.0569696194977589,False,4.883455409975469,1.0
2016-09-21,4.777618552936735,1.0,21.23296580067753,0.4166666666666667,0.3333333333333333,-0.0265380080816347,-0.0467637711473934,False,4.9722659972068834,1.0
2016-09-22,4.823451114243231,1.0,21.43665749267753,0.375,0.4166666666666667,0.0054108487441792,-0.0363691823656939,True,5.019965846749939,1.0
2016-09-23,4.791115478763189,1.0,21.29294961087753,0.375,0.375,0.000106339016856,-0.0551119697055128,True,4.986312808313737,1.0
2016-09-26,4.766608628565328,1.0,21.18403486467753,0.3333333333333333,0.3333333333333333,0.0002374234778015,-0.0672567899808919,True,4.9608075117758705,1.0
2016-09-27,4.76588638978994,1.0,21.18082504977753,0.4166666666666667,0.3333333333333333,0.0001133241480524,-0.0688006093540977,True,4.9600558478946,1.0
2016-09-28,4.771627363022146,1.0,21.20633941157753,0.4583333333333333,0.2916666666666667,0.0147993282558025,-0.0621493189500691,True,4.966030717105502,1.0
2016-09-29,4.731957931070352,1.0,21.03003825177753,0.5,0.2083333333333333,0.0103310058573111,-0.0653026176735661,True,4.924745092178168,1.0
2016-09-30,4.729743011863738,1.0,21.020194581077533,0.5,0.2083333333333333,0.0018619253219891,-0.064959046643364,True,4.922439933795266,1.0
2016-10-03,4.682704023562817,1.0,20.81114121718393,0.52,0.16,-0.019238978772369,-0.0720478276897738,False,4.873484505587647,1.0
2016-10-04,4.575027467294675,1.0,20.33259890338393,0.68,0.16,-0.0533619559813478,-0.091999648931044,False,4.761421042693709,1.0
2016-10-05,4.580495749742343,1.0,20.35690135719293,0.6521739130434783,0.1739130434782608,-0.0515296333225434,-0.0885597325605269,False,4.767112111282881,1.0
2016-10-06,4.59454737667899,1.0,20.41935040181293,0.5909090909090909,0.1818181818181818,-0.0428817690487175,-0.0878797175811169,False,4.781736222866585,1.0
2016-10-07,4.563741844213827,1.0,20.28244269140093,0.5714285714285714,0.1904761904761904,-0.016792956466297,-0.0908281223784224,False,4.749675626168628,1.0
2016-10-10,4.5856140800787415,1.0,20.37964853380093,0.5714285714285714,0.1904761904761904,-0.0216414315976775,-0.0870902155050229,False,4.772438970179663,1.0
2016-10-11,4.532259672744277,1.0,20.14252782320093,0.6190476190476191,0.1904761904761904,-0.0159947853165758,-0.095929740548627,False,4.716910823164407,1.0
2016-10-12,4.565023989981695,1.0,20.288140877000927,0.5714285714285714,0.1428571428571428,-0.0097834808302575,-0.0782821397022746,False,4.751010008504596,1.0
2016-10-13,4.576084409022592,1.0,20.33729622430093,0.5714285714285714,0.1904761904761904,-0.0245160681462561,-0.0730809721393787,False,4.7625210458347125,1.0
2016-10-14,4.579616115623786,1.0,20.35299203690093,0.7142857142857143,0.1428571428571428,-0.0185948126966881,-0.0771834909900957,False,4.76619663953284,1.0
2016-10-17,4.569423907062046,1.0,20.307695240300927,0.7142857142857143,0.1428571428571428,-0.0271420787380545,-0.0718354140243027,False,4.755589184896926,1.0
2016-10-18,4.598021412538216,1.0,20.43478991080093,0.5714285714285714,0.1904761904761904,-0.0200889750208517,-0.0632506462988354,False,4.785351796229028,1.0
2016-10-19,4.594849607584671,1.0,20.42069359370093,0.5238095238095238,0.1904761904761904,-0.0382552402053358,-0.0637780304132366,False,4.78205076711891,1.0
2016-10-20,4.580574142236272,1.0,20.35724975360093,0.6190476190476191,0.0952380952380952,-0.0503533603335926,-0.0452149660059396,False,4.767193697606209,1.0
2016-10-21,4.588928501283295,1.0,20.39437867420573,0.65,0.1,-0.0422003974598598,-0.0420985459917806,False,4.775888425943706,1.0
2016-10-24,4.616624636858529,1.0,20.51746742500573,0.6,0.15,-0.0314655562044622,-0.0312356033884456,False,4.8047129441945655,1.0
2016-10-25,4.648472294868481,1.0,20.65900660940573,0.8,0.2,-0.0246363604413644,-0.0245258281878701,False,4.837858124216569,1.0
2016-10-26,4.633680535507212,1.0,20.593268225905728,0.8,0.2,-0.0289098072879612,-0.0145383247600251,False,4.822463726087883,1.0
2016-10-27,4.578317325140871,1.0,20.34721987790573,0.8,0.2,-0.0324687176360264,-0.0224731462907923,False,4.764844934350824,1.0
2016-10-28,4.604557815764926,1.0,20.46383936810573,0.8,0.2,-0.0264676528481156,-0.0246550083191778,False,4.792154502461869,1.0
2016-10-31,4.615743921702634,1.0,20.513553300305723,0.7,0.2,-0.0142994520950386,-0.0332633240120947,False,4.803796347364081,1.0
2016-11-01,4.554652578472464,1.0,20.242047656405724,0.8,0.2,-0.0044535008735717,-0.0575778093373411,False,4.740216049920629,1.0
2016-11-02,4.518531084135564,1.0,20.081514444005727,0.75,0.2,-0.0135279386756912,-0.0643604822786664,False,4.702622910981299,1.0
2016-11-03,4.507829335895469,1.0,20.033953122005727,0.75,0.15,-0.018874120489797,-0.0609465338626734,False,4.691485157245772,1.0
2016-11-04,4.541142105328728,1.0,20.18200363844293,0.7142857142857143,0.238095238095238,-0.0049520195612624,-0.0216618169786469,False,4.726155139558188,1.0
2016-11-07,4.609248767818274,1.0,20.48468716568893,0.6818181818181818,0.2727272727272727,0.0051540943757586,-0.0165988792027999,False,4.797036571034515,1.0
2016-11-08,4.649313726556828,1.0,20.66274614827103,0.5652173913043478,0.3043478260869565,0.0258268639187824,0.0094189834584252,True,4.838733837111305,1.0
2016-11-09,4.683452273689233,1.0,20.814466633218828,0.4166666666666667,0.3333333333333333,0.0259425326060582,0.015905243505361,True,4.874263240561934,1.0
2016-11-10,4.646587120394663,1.0,20.65062840911883,0.4583333333333333,0.4166666666666667,0.0154067768577565,-0.0094870048798584,True,4.835896144868258,1.0
2016-11-11,4.715221090720864,1.0,20.95565542803083,0.5217391304347826,0.3478260869565217,0.0296105550494611,0.0104651396277832,True,4.907326367504282,1.0
2016-11-14,4.66215387139863,1.0,20.71981105483083,0.6521739130434783,0.3043478260869565,0.0202935788455231,-0.0073993098074334,False,4.8520971089775475,1.0
2016-11-15,4.657897158832984,1.0,20.700893129230828,0.6956521739130435,0.2608695652173913,0.0130220677379828,-0.0073285072763771,False,4.847666971469598,1.0
2016-11-16,4.682183014081869,1.0,20.80882571703083,0.5652173913043478,0.1739130434782608,0.0190068041297886,-0.019975545933068,False,4.8729422693882425,1.0
2016-11-17,4.705199236024949,1.0,20.91111572783084,0.4782608695652174,0.2608695652173913,0.0272073084986312,-0.0245160312434999,True,4.8968962072097115,1.0
2016-11-18,4.717081132696474,1.0,20.963921933030832,0.4347826086956521,0.2608695652173913,0.0279264824843841,-0.0154524236359725,True,4.909262190418193,1.0
2016-11-21,4.7468286526597385,1.0,21.096127563730825,0.4347826086956521,0.3478260869565217,0.0282032926744093,-0.0041496958208504,True,4.940221669576205,1.0
2016-11-22,4.7617859321774185,1.0,21.16260156138283,0.4583333333333333,0.3333333333333333,0.0243765327877778,-0.0008603767016569,True,4.9557883314041495,1.0
2016-11-23,4.755285915980399,1.0,21.13371381739784,0.5416666666666666,0.25,0.0262437989717556,-0.003424711486983,True,4.949023494663915,1.0
2016-11-25,4.787087956446297,1.0,21.275050265697825,0.5,0.2083333333333333,0.0455998604900118,0.0116505738594929,True,4.982121198613759,1.0
2016-11-28,4.723940707622646,1.0,20.994407648497823,0.6666666666666666,0.125,0.0259271132287628,-0.0012267694516454,False,4.916401234856919,1.0
2016-11-29,4.729681001348732,1.0,21.01991899039784,0.5416666666666666,0.1666666666666666,0.0246844455799164,0.0100320194378153,False,4.922375396877589,1.0
2016-11-30,4.7448827115758725,1.0,21.08747930099783,0.5416666666666666,0.2916666666666667,0.041766112744259,0.0371266064510951,True,4.938196447893757,1.0
2016-12-01,4.650975742399504,1.0,20.67013257419783,0.625,0.25,0.0293114412179109,0.0153869791629277,False,4.840463566006527,1.0
2016-12-02,4.658973472223142,1.0,20.70567654279783,0.625,0.2083333333333333,0.0335292499039676,0.0140222943115504,False,4.848787135503819,1.0
2016-12-05,4.69350872082006,1.0,20.859160071097826,0.7083333333333334,0.2083333333333333,0.0335524878890141,0.0284343157513964,False,4.884729402639815,1.0
2016-12-06,4.701707384760154,1.0,20.895597042597835,0.6666666666666666,0.25,0.0200593679359264,0.025316850187145,False,4.89326209261499,1.0
2016-12-07,4.71298721916099,1.0,20.94572752819783,0.625,0.2916666666666667,0.0136952454381518,0.0398758145971998,False,4.905001484620433,1.0
2016-12-08,4.71901980564433,1.0,20.97253789429783,0.5833333333333334,0.2916666666666667,0.0075942979401992,0.0337338458681912,True,4.9112798478497215,1.0
2016-12-09,4.71906281251591,1.0,20.97272902789783,0.4583333333333333,0.25,0.0155976182611841,0.0312447041430032,True,4.911324606886642,1.0
2016-12-12,4.711620764096758,1.0,20.93965465039783,0.5,0.25,-0.0007635541483277,0.0288243916389911,False,4.903579358099174,1.0
2016-12-13,4.749147256631444,1.0,21.10643203619783,0.625,0.2916666666666667,0.0186594839279123,0.0393317304817435,False,4.9426347369991825,1.0
2016-12-14,4.736833085250837,1.0,21.05170469099624,0.64,0.36,0.0169466872552492,0.0301894359026042,False,4.929818867552692,1.0
2016-12-15,4.788451464876051,1.0,21.281110047896245,0.52,0.4,0.0226963470830974,0.0421345362363561,True,4.983540258450171,1.0
2016-12-16,4.812926957460535,1.0,21.389885432796248,0.48,0.4,0.022895464364353,0.0507256968251645,True,5.009012919817812,1.0
2016-12-19,4.839747911155453,1.0,21.509084650196247,0.52,0.44,0.0260048057279995,0.0546575109640563,True,5.036926599947828,1.0
2016-12-20,4.87608535926148,1.0,21.67057761669624,0.4,0.44,0.0272301184769581,0.0562013901523319,True,5.074744490941198,1.0
2016-12-21,4.859733668883688,1.0,21.59790649849625,0.52,0.4,0.0205695380055617,0.0454474848109616,True,5.057726607834483,1.0
2016-12-22,4.84124994723327,1.0,21.51576008489625,0.6,0.4,0.0180775736247502,0.0447957968046108,True,5.038489831259317,1.0
2016-12-23,4.874684861500769,1.0,21.66435344439625,0.52,0.32,0.0182985785620495,0.0647328516816563,True,5.073286934772242,1.0
2016-12-27,4.920654572046906,1.0,21.868654662896247,0.56,0.36,0.0416418995494249,0.0686486670228665,True,5.121129521223498,1.0
2016-12-28,4.858076781755576,1.0,21.590542865896243,0.56,0.36,0.0271468161109029,0.0525013657957769,True,5.056002216605456,1.0
2016-12-29,4.877400087279315,1.0,21.676420606196253,0.48,0.4,0.0279284829064683,0.070861059816575,True,5.076112782977538,1.0
2016-12-30,4.844515186585055,1.0,21.53027164849625,0.48,0.32,0.0416126539687566,0.072143822047394,True,5.041888101427127,1.0
2017-01-03,4.850470783105343,1.0,21.556739851396244,0.52,0.4,0.0411028978859637,0.0760102971249272,True,5.048086338005204,1.0
2017-01-04,4.9301583273439045,1.0,21.910891796096248,0.44,0.44,0.050420617197127,0.0856648422340045,True,5.131020473961865,1.0
2017-01-05,4.908399133923181,1.0,21.81418834339625,0.44,0.48,0.0439609980478552,0.0649021958184543,True,5.1083747779160795,1.0
2017-01-06,4.91116346878535,1.0,21.826473758596247,0.44,0.44,0.0420489681827822,0.0563200845606184,True,5.1112517359837355,1.0
2017-01-09,4.9347604474141615,1.0,21.931344801496248,0.4,0.32,0.0457172571116968,0.0536587455234109,True,5.13581009140136,1.0
2017-01-10,4.970023636616647,1.0,22.08806348509625,0.4,0.36,0.0531802254115238,0.0696073285277207,True,5.172509956550035,1.0
2017-01-11,4.962988322777889,1.0,22.05679674069625,0.4,0.32,0.0533505498992168,0.0525462597171979,True,5.165188013328212,1.0
2017-01-12,4.963737452526007,1.0,22.06012606599625,0.4,0.32,0.0451849951788545,0.0646876077980895,True,5.165967663761328,1.0
2017-01-13,4.979516942810998,1.0,22.130254179796253,0.4,0.24,0.0512333563780851,0.0690482793009104,True,5.182390034473425,1.0
2017-01-17,5.057552162888652,1.0,22.477062770896243,0.32,0.36,0.0561978543557328,0.0801696874466133,True,5.263604528070484,1.0
2017-01-18,5.06068555303155,1.0,22.49098836269625,0.32,0.44,0.0514777385488809,0.0755518096417371,True,5.266865577292159,1.0
2017-01-19,5.057104083019169,1.0,22.475071388696247,0.4,0.4,0.0449106391187681,0.0720833372921716,True,5.263138192745808,1.0
2017-01-20,5.074387605238548,1.0,22.55188380729625,0.4,0.4,0.0406683294828746,0.0690058513899114,True,5.281125871940198,1.0
2017-01-23,5.070287362913905,1.0,22.53366127569625,0.4,0.4,0.0433261796584383,0.0647869171631199,True,5.276858579508784,1.0
2017-01-24,5.125417504907698,1.0,22.778673807896247,0.44,0.44,0.0586971465575387,0.0778358221707455,True,5.334234807313415,1.0
2017-01-25,5.118651918098162,1.0,22.74860579979625,0.36,0.48,0.0500477597073385,0.0692621411322476,True,5.327193580210106,1.0
2017-01-26,5.11630033191472,1.0,22.73815474589625,0.36,0.52,0.0397601085390613,0.0830576945343439,True,5.324746186829937,1.0
2017-01-27,5.127275649265876,1.0,22.786931879396253,0.48,0.44,0.0554126415871547,0.0840637344894432,True,5.336168655298074,1.0
2017-01-30,5.066438932093826,1.0,22.51655785919625,0.52,0.4,0.0387581173231084,0.0677690556467218,True,5.272853357765513,1.0
2017-01-31,5.070343394301616,1.0,22.533910293596243,0.52,0.4,0.0466152337269785,0.0901676712864887,True,5.2769168937004265,1.0
2017-02-01,5.064276635741345,1.0,22.50694805799625,0.56,0.4,0.0440794022264205,0.0869940912809714,True,5.270602966171835,1.0
2017-02-02,5.090751188897323,1.0,22.62460778229625,0.48,0.44,0.0325735708451246,0.0846365675885771,True,5.298156132878248,1.0
2017-02-03,5.158483415320386,1.0,22.925627219346246,0.52,0.48,0.0509502741268144,0.0971510970760962,True,5.368647873193409,1.0
2017-02-06,5.144383861166902,1.0,22.862965173846256,0.52,0.48,0.0474878089202013,0.0915335904693392,True,5.35397388176518,1.0
2017-02-07,5.16047638513102,1.0,22.93448448983825,0.4583333333333333,0.5,0.0457399989568156,0.09354836336111,True,5.370722039624463,1.0
2017-02-08,5.206586806321816,1.0,23.13941106263825,0.3333333333333333,0.5,0.0475979969113811,0.1033094945277892,True,5.418711069485994,1.0
2017-02-09,5.265352115669884,1.0,23.40057921363825,0.4166666666666667,0.4583333333333333,0.0609237365125929,0.1175246012566717,True,5.4798705668902254,1.0
2017-02-10,5.280443628360172,1.0,23.467649778038243,0.375,0.5,0.0638039740947613,0.1118719515354793,True,5.495576930754332,1.0
2017-02-13,5.250058341442228,1.0,23.33260974693825,0.4166666666666667,0.4583333333333333,0.0543308521164516,0.1083477604033438,True,5.463953701046176,1.0
2017-02-14,5.237491453614295,1.0,23.276759264838244,0.3333333333333333,0.4583333333333333,0.035578336106151,0.0937756166125967,True,5.4508748191000365,1.0
2017-02-15,5.24747080822748,1.0,23.321110083738247,0.2083333333333333,0.4583333333333333,0.0369090814354271,0.0902868160285201,True,5.461260747793885,1.0
2017-02-16,5.237968797473968,1.0,23.27888070373825,0.25,0.4583333333333333,0.0357644832864145,0.0822813282073282,True,5.451371610674359,1.0
2017-02-17,5.249237348167003,1.0,23.32896104163825,0.2083333333333333,0.5,0.0344573092421924,0.0765269599304219,True,5.4630992592565875,1.0
2017-02-21,5.304397887816238,1.0,23.57410866883825,0.2083333333333333,0.625,0.0461730288927426,0.0914997094963621,True,5.5205071231633625,1.0
2017-02-22,5.279735741660216,1.0,23.46450374745325,0.2083333333333333,0.5416666666666666,0.0301084227001511,0.0905728477575369,True,5.49484020367387,1.0
2017-02-23,5.251039962160832,1.0,23.33697232191496,0.2916666666666667,0.4583333333333333,0.0258638497364078,0.077206037180461,True,5.464975314485421,1.0
2017-02-24,5.259891532120803,1.0,23.376310975714947,0.25,0.5416666666666666,0.0280654361336805,0.0689414294596131,True,5.474187510864474,1.0
2017-02-27,5.282921663474792,1.0,23.47866280351496,0.2083333333333333,0.4583333333333333,0.0303564748330233,0.0874512488799499,True,5.498155924787402,1.0
2017-02-28,5.243784500511279,1.0,23.30472718401495,0.25,0.4583333333333333,0.0350039881649493,0.0751187941681312,True,5.457424254296252,1.0
2017-03-01,5.3329502422102655,1.0,23.70100267631495,0.2083333333333333,0.625,0.0517927145139285,0.1008222777333285,True,5.550222743889582,1.0
2017-03-02,5.289958560097718,1.0,23.509936582214948,0.2916666666666667,0.5,0.0445635064174041,0.0906072413678171,True,5.505479515278426,1.0
2017-03-03,5.277007764780901,1.0,23.452379916481448,0.2916666666666667,0.4583333333333333,0.0365872479271411,0.0703525960846485,True,5.49200108486857,1.0
2017-03-06,5.270215779701889,1.0,23.42219458768145,0.2916666666666667,0.5416666666666666,0.0216599250953606,0.0737137783433499,True,5.484932383990149,1.0
2017-03-07,5.251499606474904,1.0,23.339015099481443,0.3333333333333333,0.4583333333333333,0.0208218803648336,0.0692984747611595,True,5.465453685407741,1.0
2017-03-08,5.19808109502018,1.0,23.101609493681444,0.3333333333333333,0.5,0.0072870617134317,0.053360370865418,True,5.409858822572897,1.0
2017-03-09,5.154626861576068,1.0,22.908487702481445,0.4583333333333333,0.4583333333333333,-0.0099796559009949,0.0371433293796339,False,5.364634197585613,1.0
2017-03-10,5.160393641888745,1.0,22.934116757585443,0.4,0.52,-0.0199337995779584,0.0397754953814522,False,5.370635925296684,1.0
2017-03-13,5.205630720089187,1.0,23.13516196948545,0.44,0.48,-0.0141679210188293,0.0487320834102698,False,5.417716030846504,1.0
2017-03-14,5.209008097662075,1.0,23.15017190418545,0.44,0.48,-0.0078190071634288,0.046087031631129,False,5.4212310079170525,1.0
2017-03-15,5.292629021066497,1.0,23.521804797685448,0.4,0.52,0.0105274763578178,0.0464803625561769,True,5.508258774887539,1.0
2017-03-16,5.285119277848335,1.0,23.48842956708545,0.44,0.48,0.0071745934368654,0.0443484825257196,True,5.500443073312019,1.0
2017-03-17,5.336511908276806,1.0,23.71683163648545,0.44,0.48,0.0188132298249577,0.0552505585550104,True,5.5539295176472265,1.0
2017-03-20,5.337160223439557,1.0,23.719712915835448,0.4,0.48,0.0167496475089383,0.0517841045350442,True,5.5546042461554785,1.0
2017-03-21,5.247012588203988,1.0,23.31907363608545,0.48,0.36,-0.0108184379878558,0.0348550708550992,False,5.460783859189905,1.0
2017-03-22,5.282524516901634,1.0,23.476897781985446,0.44,0.32,0.0005282035650782,0.0306525296414386,True,5.497742597858985,1.0
2017-03-23,5.276939742999018,1.0,23.452077610185448,0.48,0.32,0.0049323145557489,0.0309237329346794,True,5.491930291775864,1.0
2017-03-24,5.307187232290009,1.0,23.586505233185445,0.44,0.32,0.0089917634005152,0.0373095572956423,True,5.523410109772223,1.0
2017-03-27,5.271031459379193,1.0,23.42581967798545,0.4,0.32,-0.0022506871865631,0.0280374647175241,False,5.4857812956977545,1.0
2017-03-28,5.305812813375317,1.0,23.58039696198545,0.4,0.48,0.0118289210508151,0.0472469686282313,True,5.521979694941126,1.0
2017-03-29,5.331746518291626,1.0,23.69565301758545,0.36,0.44,-0.0002257144477202,0.0515553097022558,False,5.54896997842822,1.0
2017-03-30,5.331847157628359,1.0,23.696100284685446,0.36,0.36,0.0079185114693729,0.0528348945234586,True,5.5490747179645545,1.0
2017-03-31,5.368571173277785,1.0,23.85931125678545,0.32,0.32,0.0173513878656734,0.0545734753225359,True,5.587294925850823,1.0
2017-04-03,5.329049381835057,1.0,23.68366624938545,0.48,0.32,0.0111634142874688,0.0330651381001048,True,5.546162956531383,1.0
2017-04-04,5.335866566018032,1.0,23.71396356948545,0.48,0.36,0.0160653081719948,0.03722169846161,True,5.553257883163578,1.0
2017-04-05,5.294035950363124,1.0,23.528057553385448,0.44,0.36,0.0184596687871745,0.0258812472462677,True,5.509723024622962,1.0
2017-04-06,5.336916833150968,1.0,23.71863122678545,0.36,0.4,0.0353643389657822,0.0250317591307425,True,5.5543509397764534,1.0
2017-04-07,5.318946454514115,1.0,23.63876624158545,0.36,0.44,0.0307249453488085,0.0101786808682231,True,5.535648420589769,1.0
2017-04-10,5.302800980777791,1.0,23.56701160318545,0.32,0.4,0.0186663760672864,0.004233991306628,True,5.518845155704051,1.0
2017-04-11,5.315243381886965,1.0,23.62230883428545,0.32,0.32,0.0203945323626146,0.0124160602045477,True,5.531794479153226,1.0
2017-04-12,5.275801668921135,1.0,23.447019716235445,0.56,0.28,-0.003179393847251,0.0073146115170077,False,5.490745850829594,1.0
2017-04-13,5.249984221958213,1.0,23.332280340885447,0.52,0.24,-0.0066479210861681,0.0004789762197034,False,5.46387656182168,1.0
2017-04-17,5.311570166735002,1.0,23.60598412128545,0.48,0.28,-0.0046737910400086,0.0140515096799593,False,5.527971611630807,1.0
2017-04-18,5.30471136785909,1.0,23.575501854785447,0.52,0.32,-0.0060797979116232,0.0105680151253697,False,5.520833374859809,1.0
2017-04-19,5.324340007036907,1.0,23.66273657638545,0.52,0.28,0.0147374182037913,0.0037595443709967,True,5.5412617146433005,1.0
2017-04-20,5.356354295950859,1.0,23.80501631138545,0.28,0.48,0.0139762302688808,0.0145118161286132,True,5.574580314365698,1.0
2017-04-21,5.372550315096308,1.0,23.876995586585444,0.32,0.4,0.0181185643107137,0.0231402453249416,True,5.591436183957365,1.0
2017-04-24,5.447116718484216,1.0,24.208387864029145,0.25,0.4583333333333333,0.0263660353535009,0.0355948759057245,True,5.669040535998364,1.0
2017-04-25,5.51301929155298,1.0,24.50127585092914,0.2916666666666667,0.625,0.0459090092780982,0.0435549952726048,True,5.7376280800995625,1.0
2017-04-26,5.492752503219385,1.0,24.411205030329143,0.2916666666666667,0.5833333333333334,0.0352329975480505,0.0474786869452452,True,5.716535591993374,1.0
2017-04-27,5.497970815638032,1.0,24.434396553029146,0.3333333333333333,0.5416666666666666,0.031176331578431,0.0309435801822466,True,5.72196650639446,1.0
2017-04-28,5.463228405269833,1.0,24.279992344529152,0.3333333333333333,0.5833333333333334,0.0246408503014763,0.0327544806265764,True,5.685808637401629,1.0
2017-05-01,5.479163758382736,1.0,24.35081315282914,0.3333333333333333,0.5833333333333334,0.0206000035270887,0.0383088300439951,True,5.702393221030238,1.0
2017-05-02,5.458080831113276,1.0,24.25711520086195,0.391304347826087,0.5652173913043478,0.0242128454876102,0.0356465578003357,True,5.680451343246989,1.0
2017-05-03,5.436679970652871,1.0,24.16200427201194,0.391304347826087,0.5217391304347826,0.0188935392944189,0.0352623779976382,True,5.6581785791911745,1.0
2017-05-04,5.446710645562824,1.0,24.20658317151195,0.4347826086956521,0.5217391304347826,0.0288389985695556,0.0478310257184777,True,5.668617919048715,1.0
2017-05-05,5.4812395894841694,1.0,24.36003868021195,0.3478260869565217,0.5652173913043478,0.0270423468915086,0.0633630205791924,True,5.704553624647069,1.0
2017-05-08,5.496131386101809,1.0,24.426221655011943,0.3478260869565217,0.5217391304347826,0.0333120352127851,0.0650604910229641,True,5.720052135702058,1.0
2017-05-09,5.492234606331877,1.0,24.408903363341945,0.391304347826087,0.5652173913043478,0.0357233141957931,0.0550565150802282,True,5.715996595199201,1.0
2017-05-10,5.606169230653825,1.0,24.915258141341948,0.3478260869565217,0.6086956521739131,0.0547342478724988,0.0762450596246924,True,5.834573089354921,1.0
2017-05-11,5.589733841452881,1.0,24.842215044041943,0.391304347826087,0.5217391304347826,0.0595041649084475,0.0561355838854007,True,5.817468097407733,1.0
2017-05-12,5.604721391011427,1.0,24.908823569541944,0.391304347826087,0.5217391304347826,0.0675691876500343,0.0604720719365123,True,5.833066262524034,1.0
2017-05-15,5.622385881514596,1.0,24.987329109191947,0.3478260869565217,0.5652173913043478,0.0585167295211785,0.0535694435150433,True,5.851450431229361,1.0
2017-05-16,5.686825759511457,1.0,25.27371650294194,0.4347826086956521,0.4782608695652174,0.0720330221861971,0.0655152780567183,True,5.918515687837384,1.0
2017-05-17,5.510260654780095,1.0,24.489015759503644,0.4782608695652174,0.391304347826087,0.034919003575554,0.050171037738298,True,5.734757052270011,1.0
2017-05-18,5.537229443932294,1.0,24.60887199570365,0.5217391304347826,0.391304347826087,0.0337683315904191,0.0482165158374034,True,5.762824590898623,1.0
2017-05-19,5.590954452343476,1.0,24.84763975281865,0.4347826086956521,0.4347826086956521,0.0406518551596388,0.0595069727224124,True,5.818738437841964,1.0
2017-05-22,5.609986810509125,1.0,24.93222444821864,0.4347826086956521,0.4782608695652174,0.0299002390516482,0.0570546251650632,True,5.838546203218199,1.0
2017-05-23,5.595950517792905,1.0,24.86984355281865,0.4782608695652174,0.4347826086956521,0.0150427963070964,0.0616424054604256,True,5.823938050594377,1.0
2017-05-24,5.595230389649623,1.0,24.866643118110648,0.5,0.4166666666666667,0.0186569277188757,0.0545472647554996,True,5.8231885833355745,1.0
2017-05-25,5.590818347461024,1.0,24.84703486771065,0.4166666666666667,0.4166666666666667,0.0168875999775959,0.0485904249724924,True,5.818596787839652,1.0
2017-05-26,5.607222764917343,1.0,24.919940318610653,0.5416666666666666,0.2916666666666667,0.0263570088903135,0.0516473183022507,True,5.835669546206245,1.0
2017-05-30,5.559810350795155,1.0,24.709227354310656,0.5416666666666666,0.375,0.014718777530428,0.0356219879265582,True,5.7863254782416025,1.0
2017-05-31,5.563386976780988,1.0,24.72512280021065,0.5,0.3333333333333333,0.019293621499232,0.0439736204630996,True,5.790047821408399,1.0
2017-06-01,5.62482145032985,1.0,24.998153403510653,0.375,0.4166666666666667,0.0346059508178824,0.0541533190038996,True,5.853985228821458,1.0
2017-06-02,5.650255299010943,1.0,25.111187969422847,0.36,0.56,0.0373701976648856,0.0672869153114428,True,5.880455291170277,1.0
2017-06-05,5.661638940761924,1.0,25.16177980158935,0.4,0.48,0.032912144841078,0.0608445133703225,True,5.8923027197951505,1.0
2017-06-06,5.669483111202175,1.0,25.19664131278935,0.4,0.44,0.0315406806938283,0.0659034001725216,True,5.900466473666287,1.0
2017-06-07,5.731332145318584,1.0,25.47151432988935,0.4,0.52,0.0435337446639763,0.0808122284985202,True,5.96483533147476,1.0
2017-06-08,5.718724613475114,1.0,25.4154832153294,0.375,0.5,0.0200770576467528,0.0759102081690394,True,5.951714149614092,1.0
2017-06-09,5.628726309278571,1.0,25.0155076011294,0.4583333333333333,0.4166666666666667,0.0069757288865035,0.0668949787169703,True,5.858049177661133,1.0
2017-06-12,5.629080544355027,1.0,25.0170819129294,0.5416666666666666,0.4166666666666667,0.0043461845191208,0.0722090403264894,True,5.858417844813222,1.0
2017-06-13,5.659692266883628,1.0,25.1531282821294,0.5416666666666666,0.4166666666666667,0.0066353299391435,0.0655403372676548,True,5.890276735463112,1.0
2017-06-14,5.637516356877037,1.0,25.0545728337294,0.5,0.4166666666666667,-0.0086708129841938,0.0627376243379407,False,5.867197345164128,1.0
2017-06-15,5.594632440668917,1.0,24.8639856790294,0.5833333333333334,0.4166666666666667,0.0153117594928346,0.0507654344528669,True,5.822566273004206,1.0
2017-06-16,5.599166434640196,1.0,24.884135914521405,0.4782608695652174,0.4782608695652174,0.0111855561224345,0.0453316052810193,True,5.827284988783864,1.0
2017-06-19,5.6966601729371575,1.0,25.3174231659214,0.3478260869565217,0.4782608695652174,0.0189065608555218,0.0603270027886262,True,5.928750770219385,1.0
2017-06-20,5.65815417944792,1.0,25.1462926259214,0.4347826086956521,0.5217391304347826,0.0085860039543343,0.0387429665767158,True,5.8886759840065945,1.0
2017-06-21,5.681953108808508,1.0,25.2520611898214,0.4782608695652174,0.5217391304347826,0.0153687189945925,0.0306427038110257,True,5.9134445179358766,1.0
2017-06-22,5.666683930366899,1.0,25.1842010331214,0.4782608695652174,0.5217391304347826,0.0127704376301387,0.0316656224808185,True,5.897553249947596,1.0
2017-06-23,5.649338820195751,1.0,25.107114901821404,0.4347826086956521,0.4782608695652174,0.0104672463131096,0.0275316129593083,True,5.879501473614638,1.0
2017-06-26,5.669031399664426,1.0,25.1946337905214,0.4347826086956521,0.4782608695652174,0.0110230389157715,0.0376705821407863,True,5.899996358713659,1.0
2017-06-27,5.5958891945429015,1.0,24.8695710165214,0.4347826086956521,0.4347826086956521,0.0064892220186225,0.0213035129642884,True,5.823874228941926,1.0
2017-06-28,5.636547108410051,1.0,25.0502652442214,0.4347826086956521,0.4782608695652174,0.0131502863155843,0.0326976244615957,True,5.866188608040845,1.0
2017-06-29,5.572200130558915,1.0,24.7642907226158,0.4090909090909091,0.3181818181818182,-0.0093551982468436,0.0249270070406169,False,5.79922003647174,1.0
2017-06-30,5.57747764474882,1.0,24.7877453532158,0.3636363636363636,0.3181818181818182,-0.0128804187440632,0.0240084351263503,False,5.804712564614261,1.0
2017-07-03,5.56823499668295,1.0,24.7466686477158,0.3636363636363636,0.3636363636363636,-0.0164976864572723,0.0158714841375813,False,5.795093357012637,1.0
2017-07-05,5.534183735440546,1.0,24.5953360837158,0.4545454545454545,0.3181818181818182,-0.0238644993040537,0.0069234788373073,False,5.759654795611887,1.0
2017-07-06,5.492667845974061,1.0,24.410828791754465,0.5714285714285714,0.2857142857142857,-0.0416420289896243,7.8882217027898e-05,False,5.716447485683154,1.0
2017-07-07,5.549715063748401,1.0,24.664361301854463,0.4761904761904761,0.3333333333333333,-0.0295537136599431,-0.0100700076260166,False,5.775818893850565,1.0
2017-07-10,5.61458092619027,1.0,24.95264188005447,0.4285714285714285,0.3333333333333333,-0.0025130699755256,0.0044451284161559,False,5.8433274901576,1.0
2017-07-11,5.6318792823475015,1.0,25.02952022449004,0.3181818181818182,0.4545454545454545,0.0004971927423003,0.0048455381528207,True,5.861330607647025,1.0
2017-07-12,5.745052854614129,1.0,25.532492691390043,0.2272727272727272,0.5909090909090909,0.0150821959402229,0.0218176012256368,True,5.979115043329502,1.0
2017-07-13,5.739179129322504,1.0,25.50638834529004,0.3181818181818182,0.5,0.0180332554284219,0.0092060794589121,True,5.973002013538429,1.0
2017-07-14,5.793226399027434,1.0,25.746588314490047,0.3181818181818182,0.5909090909090909,0.035497230687558,0.0513525152393421,True,6.029251251190628,1.0
2017-07-17,5.795827766702429,1.0,25.75814946159004,0.3181818181818182,0.5454545454545454,0.0351233231513816,0.0467017531761324,True,6.031958602540111,1.0
2017-07-18,5.832030581917312,1.0,25.919044084890047,0.3181818181818182,0.5454545454545454,0.0237631181904192,0.043118957886125,True,6.0696363754936415,1.0
2017-07-19,5.867242534651729,1.0,26.07553506044635,0.2608695652173913,0.6521739130434783,0.0369534566525748,0.0458567431318546,True,6.106282916722634,1.0
2017-07-20,5.862199693961983,1.0,26.053123379246344,0.2608695652173913,0.6521739130434783,0.0317226456645778,0.0475789010861544,True,6.101034623035491,1.0
2017-07-21,5.851499119281323,1.0,26.005567272846346,0.2608695652173913,0.6521739130434783,0.0326143457417893,0.0458012828400713,True,6.089898090671994,1.0
2017-07-24,5.883399541968883,1.0,26.147340957046342,0.2608695652173913,0.6086956521739131,0.0414315248602887,0.0523324451492388,True,6.123098185084801,1.0
2017-07-25,5.866256485178836,1.0,26.071152802946347,0.2608695652173913,0.6086956521739131,0.0347899088239458,0.0461964382585597,True,6.105256694094914,1.0
2017-07-26,5.915936399622513,1.0,26.291943121946343,0.2608695652173913,0.6956521739130435,0.0571932706229645,0.0640536324726306,True,6.156960643791903,1.0
2017-07-27,5.8399475990312535,1.0,25.954229345446343,0.2608695652173913,0.6086956521739131,0.0360860091664485,0.0497108368345584,True,6.0778759439227175,1.0
2017-07-28,5.848547995388533,1.0,25.99245171914634,0.3478260869565217,0.5217391304347826,0.0495940307876021,0.0397748705508804,True,6.086826733504593,1.0
2017-07-31,5.8458971159979525,1.0,25.98067052924634,0.3478260869565217,0.5652173913043478,0.0481256023503475,0.0346253056957017,True,6.084067853256948,1.0
2017-08-01,5.846109981378745,1.0,25.981616557754144,0.25,0.5833333333333334,0.0499036022835475,0.0325826218427127,True,6.084289391097018,1.0
2017-08-02,5.855245666306504,1.0,26.022217891554146,0.2916666666666667,0.5833333333333334,0.0580143244630459,0.0327653423532185,True,6.093797277719647,1.0
2017-08-03,5.798105630884902,1.0,25.768272875954143,0.2916666666666667,0.5,0.0556082751544346,0.0116506047587663,True,6.034329270372893,1.0
2017-08-04,5.808141293816215,1.0,25.812873943504147,0.3333333333333333,0.5416666666666666,0.0465656753723977,0.0156357730761169,True,6.044773801471367,1.0
2017-08-07,5.888685436669607,1.0,26.170832832792144,0.2916666666666667,0.5833333333333334,0.0488201192720767,0.0461843609206067,True,6.128599435172894,1.0
2017-08-08,5.892827009725225,1.0,26.189239048792142,0.3333333333333333,0.5416666666666666,0.0463340413200321,0.0468542710113981,True,6.132909742212107,1.0
2017-08-09,5.927491236905115,1.0,26.34329579109215,0.2916666666666667,0.625,0.0317557360929166,0.0473168782671191,True,6.168986242714658,1.0
2017-08-10,5.81817348495546,1.0,25.857459581517148,0.3333333333333333,0.4166666666666667,0.0137640512437322,0.0320455173239622,True,6.055214719331684,1.0
2017-08-11,5.797872518627183,1.0,25.767236865117145,0.3333333333333333,0.4583333333333333,0.0008019917192476,0.0363276908918732,True,6.0340866607673425,1.0
2017-08-14,5.937978403241994,1.0,26.389903455917143,0.2916666666666667,0.5833333333333334,0.0245263734985761,0.0605111443920796,True,6.1799006721539556,1.0
2017-08-15,5.930988465534618,1.0,26.35883837471715,0.3333333333333333,0.5833333333333334,0.0169679980629953,0.0411343287968402,True,6.172625953756101,1.0
2017-08-16,5.922356282213527,1.0,26.32047473157338,0.3333333333333333,0.5416666666666666,0.009393466732676,0.0466940444509742,True,6.163642082161175,1.0
2017-08-17,5.847056954922472,1.0,25.985825151773376,0.3333333333333333,0.4583333333333333,-0.0025831155248962,0.0290575868811746,False,6.085274945782797,1.0
2017-08-18,5.862134206062018,1.0,26.05283233417337,0.375,0.4166666666666667,0.0018174978008027,0.0344911200442521,True,6.100966467058901,1.0
2017-08-21,5.902633112616301,1.0,26.23281989247338,0.4166666666666667,0.4583333333333333,0.0032691253602978,0.0448360950692232,True,6.143115360645255,1.0
2017-08-22,5.980170934012891,1.0,26.577417915888383,0.375,0.4583333333333333,0.0194185932923081,0.0548840732063826,True,6.2238121907826836,1.0
2017-08-23,5.985145956688436,1.0,26.599528196388384,0.3333333333333333,0.5,0.0116988338600692,0.0695611990539657,True,6.2289899034466085,1.0
2017-08-24,5.9750920715558005,1.0,26.554846144688383,0.3333333333333333,0.4166666666666667,0.0231413844444361,0.0600624738220709,True,6.218526407746623,1.0
2017-08-25,5.888602869755793,1.0,26.170465884188385,0.2916666666666667,0.4583333333333333,0.0068486869559487,0.0567823717352988,True,6.128513504357466,1.0
2017-08-28,5.906234669723186,1.0,26.248826138688383,0.3333333333333333,0.4166666666666667,0.0103213506033335,0.0589436741685354,True,6.1468636506648835,1.0
2017-08-29,5.934327724875376,1.0,26.37367890218838,0.2916666666666667,0.5,0.0150899904000478,0.065746637562982,True,6.176101259599785,1.0
2017-08-30,5.994192615423642,1.0,26.639733874888385,0.2916666666666667,0.5,0.023730336357481,0.0831213602535869,True,6.238405136814236,1.0
2017-08-31,6.055261050618856,1.0,26.91113770958838,0.25,0.5,0.0443516272563502,0.1024262199028029,True,6.301961592914554,1.0
2017-09-01,6.086169458697253,1.0,27.048502625688386,0.2083333333333333,0.6666666666666666,0.0478686985760912,0.0966634122268823,True,6.334129256534651,1.0
2017-09-05,6.051657538813009,1.0,26.89512277618838,0.25,0.5416666666666666,0.0276754640566385,0.0778467027848703,True,6.298211268558556,1.0
2017-09-06,6.076192381382495,1.0,27.004161927688383,0.2916666666666667,0.5416666666666666,0.031116707032915,0.0788925111423535,True,6.323745697919831,1.0
2017-09-07,6.1235401627664166,1.0,27.214587647473987,0.24,0.48,0.0330745197294737,0.0658805615423194,True,6.373022499910175,1.0
2017-09-08,6.124507155376575,1.0,27.218885211373976,0.28,0.48,0.0526511750145004,0.0671399197291748,True,6.374028889269595,1.0
2017-09-11,6.190647359830096,1.0,27.512829293273985,0.24,0.64,0.0677446494280482,0.0686009717951603,True,6.442863746219487,1.0
2017-09-12,6.204807896772361,1.0,27.575762361973982,0.2,0.6,0.0449360835304968,0.070564576197305,True,6.4576012049680385,1.0
2017-09-13,6.209626842793485,1.0,27.597178997673986,0.2,0.52,0.0469800909035744,0.0647452470580207,True,6.462616482177325,1.0
2017-09-14,6.169648284652856,1.0,27.419504001573976,0.2,0.52,0.0417556780874559,0.0515413753931468,True,6.421009136790194,1.0
2017-09-15,6.209833217301603,1.0,27.598096179073977,0.24,0.52,0.0620442498125011,0.0593008668226835,True,6.462831264696699,1.0
2017-09-18,6.258830300274851,1.0,27.815851819373982,0.24,0.6,0.0676709335317859,0.0696114231054609,True,6.513824563330901,1.0
2017-09-19,6.274744316188969,1.0,27.886577799673983,0.24,0.6,0.0630415606854029,0.0665167768104901,True,6.530386940450803,1.0
2017-09-20,6.270407596058163,1.0,27.867304299873982,0.24,0.56,0.0485331715845309,0.0688942107970249,True,6.525873535747835,1.0
2017-09-21,6.209617309929428,1.0,27.59713663117397,0.32,0.44,0.0375047417164731,0.0496423373188481,True,6.462606560929892,1.0
2017-09-22,6.142596488829168,1.0,27.299278862373985,0.36,0.44,0.0280337801103964,0.0518239050377979,True,6.392855209672086,1.0
2017-09-25,6.022370276926468,1.0,26.764962650773985,0.52,0.32,0.0227163234012115,0.0297205873449253,True,6.267730799091143,1.0
2017-09-26,6.028458192767947,1.0,26.79201891477398,0.44,0.4,0.0206939835410384,0.0312289240038785,True,6.2740667458807495,1.0
2017-09-27,6.103358608045617,1.0,27.12489562697398,0.4,0.44,0.0284835774171523,0.044003384726984,True,6.352018717963768,1.0
2017-09-28,6.143185906534729,1.0,27.301898386273987,0.44,0.48,0.0248562735084145,0.0491764575968436,True,6.393468641151188,1.0
2017-09-29,6.176683068504287,1.0,27.450768390573977,0.4,0.56,0.0200523176243614,0.0652932977976132,True,6.428330528432203,1.0
2017-10-02,6.212753600016979,1.0,27.61107511107398,0.28,0.56,0.020798655406947,0.0696629585495014,True,6.465870628244376,1.0
2017-10-03,6.233497004619599,1.0,27.703264136973985,0.36,0.48,0.0300478777327275,0.0585549307495365,True,6.487459150691089,1.0
2017-10-04,6.260498028922138,1.0,27.82326363447398,0.32,0.52,0.030332424645467,0.0623929768496729,True,6.515560237779079,1.0
2017-10-05,6.266496176152292,1.0,27.849920943673983,0.32,0.56,0.0233453214294416,0.0571919764531243,True,6.521802758647641,1.0
2017-10-06,6.268175614810342,1.0,27.85738480107398,0.28,0.56,0.0234579625411401,0.0773442268468775,True,6.523550620190226,1.0
2017-10-09,6.283420986281626,1.0,27.92513915347397,0.24,0.6,0.0149860945163058,0.0837459716636566,True,6.539417111276012,1.0
2017-10-10,6.325894945616121,1.0,28.113904354373982,0.4,0.56,0.0195150358976867,0.0653280487113825,True,6.583621524295935,1.0
2017-10-11,6.333604052429583,1.0,28.148165608073985,0.28,0.56,0.0199653236458132,0.067883387269187,True,6.591644711842761,1.0
2017-10-12,6.317047448260197,1.0,28.07458380027398,0.32,0.6,0.0238910156311507,0.0666442792764834,True,6.574413566445009,1.0
2017-10-13,6.363541775807295,1.0,28.281216551673985,0.24,0.6,0.0247524455370939,0.0883324422639688,True,6.6228021435915325,1.0
2017-10-16,6.453336797508463,1.0,28.680288726173984,0.24,0.64,0.0310771322918075,0.1008510843772709,True,6.716255551011161,1.0
2017-10-17,6.391090048609101,1.0,28.403648162273985,0.24,0.68,0.0185419080933639,0.0827523796030578,True,6.651472774914747,1.0
2017-10-18,6.386913630878218,1.0,28.385087087573982,0.24,0.64,0.0185802969002042,0.0680152292222844,True,6.647126203575216,1.0
2017-10-19,6.338335931370676,1.0,28.169195295273987,0.24,0.64,0.0207289137183097,0.0590110879898511,True,6.5965693747267915,1.0
2017-10-20,6.37875554886006,1.0,28.348830472573983,0.2,0.68,0.0384461294926941,0.0675576999433844,True,6.638635748891181,1.0
2017-10-23,6.360991599948652,1.0,28.26988291417398,0.2,0.64,0.0562272506424168,0.0802208504531827,True,6.620148069690836,1.0
2017-10-24,6.358898992226668,1.0,28.26058282717398,0.2,0.64,0.0548134844586194,0.0766417773448715,True,6.617970205948424,1.0
2017-10-25,6.266302112643998,1.0,27.849058475523982,0.28,0.64,0.0266973506003049,0.0559413640701138,True,6.5216007886969445,1.0
2017-10-26,6.172621538677832,1.0,27.43271790727398,0.36,0.56,0.0047915906487205,0.0297669652448402,True,6.424103525705016,1.0
2017-10-27,6.238134784428199,1.0,27.723875623423982,0.28,0.64,0.0099489831746852,0.030200800969705,True,6.492285880700892,1.0
2017-10-30,6.1911596370637625,1.0,27.515105985073976,0.32,0.48,-0.0034757475257278,0.0172506170061499,False,6.44339689440658,1.0
2017-10-31,6.213331776519026,1.0,27.613644676173976,0.36,0.48,-0.0032349783894382,0.0267156951081755,False,6.466472360536242,1.0
2017-11-01,6.185862159132927,1.0,27.491562630473982,0.32,0.48,-0.0119217144457852,0.0180490956946102,False,6.437883589169966,1.0
2017-11-02,6.184120836073118,1.0,27.483823742873984,0.4,0.4,-0.013145358708214,0.009893080096879,False,6.436071321961,1.0
2017-11-03,6.254097161573191,1.0,27.794816533473984,0.4,0.4,-0.0022460208683187,0.0211592545994256,False,6.508898589361747,1.0
2017-11-06,6.3466267220214245,1.0,28.206041701573977,0.36,0.52,0.0100591279619481,0.0251959695206431,True,6.605197944794893,1.0
2017-11-07,6.382154623129378,1.0,28.36393683297398,0.36,0.48,0.0088935522952755,0.0285821461852624,True,6.642173306614564,1.0
2017-11-08,6.346616870993971,1.0,28.205997921073987,0.44,0.44,0.0020545677400525,0.0220609114957479,True,6.605187692421603,1.0
2017-11-09,6.297883899409647,1.0,27.989416059723982,0.48,0.4,-0.003033624332809,0.0207849149319874,False,6.554469265475894,1.0
2017-11-10,6.29874648323992,1.0,27.993249604148986,0.52,0.36,-0.0101822687506685,0.0143181407337305,False,6.5553669922829805,1.0
2017-11-13,6.302022158463796,1.0,28.007807547448987,0.52,0.4,-0.0234475037941749,0.0069009473203083,False,6.558776123496179,1.0
2017-11-14,6.2940004391871485,1.0,27.972156963548983,0.48,0.4,-0.0151914006348703,0.0030688299041126,False,6.550427587179085,1.0
2017-11-15,6.255716330784384,1.0,27.802012537948983,0.52,0.4,-0.0205415804371531,-0.0023429522002705,False,6.510583725988568,1.0
2017-11-16,6.352471303126166,1.0,28.23201652341068,0.48,0.44,0.0022301392524064,0.0230052813348593,True,6.611280643020593,1.0
2017-11-17,6.357741508783215,1.0,28.255438673010683,0.48,0.44,-0.0032943792744343,0.0350250940860767,False,6.616765564869518,1.0
2017-11-20,6.353783585785993,1.0,28.237848645110684,0.44,0.48,-0.0011331588871644,0.0550303773464861,False,6.612646390071322,1.0
2017-11-21,6.401332945401739,1.0,28.44917023041068,0.44,0.52,0.0066731604365697,0.0618524240710689,True,6.662132982897156,1.0
2017-11-22,6.368671873085499,1.0,28.304016023598184,0.44,0.48,0.016336550425001,0.0434700436396018,True,6.62814124883322,1.0
2017-11-24,6.381381111629675,1.0,28.36049914889818,0.4,0.48,0.0338202450358808,0.0387738884544528,True,6.6413682810802275,1.0
2017-11-27,6.355736222061645,1.0,28.24652666299819,0.36,0.4,0.0188520193451098,0.0289885609430684,True,6.614678579717849,1.0
2017-11-28,6.400271525963724,1.0,28.444453009398188,0.4,0.56,0.0337758838664241,0.0301827398959182,True,6.661028319617337,1.0
2017-11-29,6.270671862765323,1.0,27.86847876909818,0.52,0.4,0.0092285569656831,0.0059637243938952,True,6.526148569082467,1.0
2017-11-30,6.359162717786036,1.0,28.261754891398184,0.44,0.44,0.0280155868648388,0.01575987859242,True,6.618244676088079,1.0
2017-12-01,6.3524457319887215,1.0,28.231902878698182,0.52,0.4,0.0272188885659754,0.0137157278039228,True,6.611254030076128,1.0
2017-12-04,6.269364963547265,1.0,27.86267057279818,0.48,0.36,0.0024412479658744,0.0001897440036795,True,6.52478842480311,1.0
2017-12-05,6.265251228596772,1.0,27.84438807649818,0.6,0.32,-0.012821849620098,-0.0028916982841872,False,6.520507090035753,1.0
2017-12-06,6.314451856358942,1.0,28.06304832219818,0.56,0.32,-0.0106081364003746,-0.0018089281209313,False,6.57171222618307,1.0
2017-12-07,6.376105703798498,1.0,28.337053879498185,0.52,0.36,0.0046463861619403,0.006710500217109,True,6.635877945112692,1.0
2017-12-08,6.365943108464157,1.0,28.29188869169818,0.52,0.4,0.0108066789006522,0.0077402711637732,True,6.625301310192088,1.0
2017-12-11,6.409404926550258,1.0,28.48504419099818,0.44,0.32,0.0175683278577383,0.0072071736713226,True,6.670533828831207,1.0
2017-12-12,6.349372846961985,1.0,28.218246187198183,0.44,0.36,0.0075135706139326,-0.0161101076557201,True,6.608055951041046,1.0
2017-12-13,6.321711145824732,1.0,28.09531047189818,0.44,0.36,0.0044027176205854,-0.0108555664615414,True,6.57926727013953,1.0
2017-12-14,6.307639763285421,1.0,28.032773628298184,0.52,0.32,0.0083001577685866,-0.012411921027011,True,6.564622598079869,1.0
2017-12-15,6.36122768642378,1.0,28.270932143198184,0.52,0.4,0.0013784215433294,0.0036116348677261,True,6.620393774687932,1.0
2017-12-18,6.433022073048602,1.0,28.590004865098187,0.48,0.4,0.0118407714691428,0.0085073842025873,True,6.695113173788034,1.0
2017-12-19,6.384374690738308,1.0,28.373803384498185,0.44,0.4,0.0048146280935266,0.0036760134677495,True,6.644483823153519,1.0
2017-12-20,6.413562297386325,1.0,28.503520616398177,0.44,0.44,0.0019104383554005,0.0085963474536201,True,6.6748605772764655,1.0
2017-12-21,6.398578166801799,1.0,28.436927285698182,0.48,0.48,0.0046958446458333,0.0211091089736792,True,6.659265970428383,1.0
2017-12-22,6.445103969912242,1.0,28.64369992259818,0.48,0.48,0.0099857471553352,0.0441437126068759,True,6.707687305500561,1.0
2017-12-26,6.450319687476583,1.0,28.66687991309817,0.48,0.44,0.0148815907568073,0.0340141581387503,True,6.713115519329031,1.0
2017-12-27,6.482441475276215,1.0,28.809637400798188,0.48,0.4,0.0128385098943313,0.0470480257799643,True,6.746545997605165,1.0
2017-12-28,6.45816915518132,1.0,28.70176496670417,0.5,0.4166666666666667,0.0299006703778168,0.0394051673833937,True,6.721284786283264,1.0
2017-12-29,6.430743758367926,1.0,28.579879448604185,0.625,0.375,0.0112563624738966,0.0395873029394051,False,6.692742037103064,1.0
2018-01-02,6.519236522414053,1.0,28.973164055104185,0.4166666666666667,0.375,0.0262561535292509,0.0541897054123103,True,6.784840130910686,1.0
2018-01-03,6.630228104598639,1.0,29.466439196804185,0.4583333333333333,0.4583333333333333,0.0575597597443418,0.0601415253566082,True,6.900353678917439,1.0
2018-01-04,6.642635782717674,1.0,29.521582110004186,0.375,0.5,0.0602345445300565,0.0466403766380589,True,6.91326686470906,1.0
2018-01-05,6.684118665682572,1.0,29.70594271258217,0.3478260869565217,0.5217391304347826,0.0585429769254413,0.0473138086405575,True,6.956439823401144,1.0
2018-01-08,6.727061721289324,1.0,29.89679269798218,0.3478260869565217,0.5652173913043478,0.0550423775568447,0.0599445118601855,True,7.0011324443887215,1.0
2018-01-09,6.790246314508535,1.0,30.177601283282183,0.3478260869565217,0.5652173913043478,0.0666520574901503,0.0781790237741666,True,7.066891274008578,1.0
2018-01-10,6.791045536316682,1.0,30.181153230582183,0.3043478260869565,0.5652173913043478,0.0595438444192411,0.0781582580576467,True,7.067723057328415,1.0
2018-01-11,6.774208527765814,1.0,30.106325233582183,0.3478260869565217,0.6086956521739131,0.0669098651226796,0.0749261677329804,True,7.050200083448321,1.0
2018-01-12,6.779733303026102,1.0,30.13087875598217,0.3478260869565217,0.6086956521739131,0.072452243804888,0.0771739481959241,True,7.055949946453198,1.0
2018-01-16,6.663940670557269,1.0,29.61626651184018,0.3181818181818182,0.6363636363636364,0.0564871997519187,0.065256210190352,True,6.935439746073565,1.0
2018-01-17,6.74576935978485,1.0,29.979934255640178,0.3636363636363636,0.5909090909090909,0.0604508582803544,0.0619126065890502,True,7.020602260521733,1.0
2018-01-18,6.752496840069224,1.0,30.009832908540176,0.3636363636363636,0.5909090909090909,0.0496616929637276,0.0620904971900249,True,7.027603828582103,1.0
2018-01-19,6.799354740946132,1.0,30.218081473340177,0.3636363636363636,0.5909090909090909,0.0649993257460013,0.0701269014193248,True,7.07637079158871,1.0
2018-01-22,6.821187343056554,1.0,30.31511117314018,0.3181818181818182,0.5909090909090909,0.0635567297500712,0.0655885893197303,True,7.09909288710583,1.0
2018-01-23,6.815254593143633,1.0,30.28874450644018,0.3636363636363636,0.5909090909090909,0.0651201588039835,0.0701217975988726,True,7.092918427940643,1.0
2018-01-24,6.808519487963074,1.0,30.25881196654018,0.3636363636363636,0.5454545454545454,0.0563862925636842,0.0669350989795871,True,7.085908924334224,1.0
2018-01-25,6.935808964809416,1.0,30.824519144440178,0.3181818181818182,0.5,0.0752659249239104,0.0912675923733679,True,7.218384368012388,1.0
2018-01-26,6.989927993007031,1.0,31.065038026840178,0.3181818181818182,0.5909090909090909,0.0782863246303648,0.092129914278054,True,7.274708287707374,1.0
2018-01-29,6.941334204995542,1.0,30.84907473309018,0.3181818181818182,0.5454545454545454,0.0748145547452228,0.1069522304639398,True,7.224134714884888,1.0
2018-01-30,6.859487296559261,1.0,30.48532601844018,0.3636363636363636,0.5454545454545454,0.0666709099757612,0.0786777443788095,True,7.138953238949755,1.0
2018-01-31,6.88083481529034,1.0,30.58019988292392,0.3478260869565217,0.5652173913043478,0.0554663558582455,0.0831788425426187,True,7.1611704880530835,1.0
2018-02-01,6.86422356867175,1.0,30.506375230023924,0.3478260869565217,0.5217391304347826,0.0352922192693214,0.0948833906756498,True,7.143882473989662,1.0
2018-02-02,6.720459906755743,1.0,29.867452536003828,0.4090909090909091,0.4545454545454545,0.011715849940252,0.0726560933552422,True,6.99426166189291,1.0
2018-02-05,6.48552956576972,1.0,28.82336166930382,0.7272727272727273,0.1363636363636363,-0.0297105886124436,0.0270930420094179,False,6.749759901600853,1.0
2018-02-06,6.575252540167288,1.0,29.222113647053824,0.5454545454545454,0.2272727272727272,-0.0225669374552639,0.0312333022098665,False,6.843138326400184,1.0
2018-02-07,6.613203307397836,1.0,29.390776618738823,0.6086956521739131,0.3478260869565217,-0.0260731347451146,0.038841094669056,False,6.8826352655922785,1.0
2018-02-08,6.274554803196945,1.0,27.885735555188823,0.8260869565217391,0.0434782608695652,-0.0760546708688202,-0.0210394139391488,False,6.5301897064113295,1.0
2018-02-09,6.427066291461533,1.0,28.563535839713825,0.7391304347826086,0.1739130434782608,-0.0512446929971861,0.0122363966287986,False,6.688914744603275,1.0
2018-02-12,6.501961449527752,1.0,28.896389187513822,0.7391304347826086,0.1739130434782608,-0.0409709115511027,0.0285128977811761,False,6.766861245288053,1.0
2018-02-13,6.554828971790642,1.0,29.131346055613832,0.7391304347826086,0.217391304347826,-0.0163734499091059,0.0391888595071689,False,6.821882670793604,1.0
2018-02-14,6.71242347568664,1.0,29.831736569113826,0.6521739130434783,0.2608695652173913,-0.0049432292033285,0.0552088066290081,False,6.985897814402565,1.0
2018-02-15,6.859143636443387,1.0,30.483798704485224,0.5833333333333334,0.375,0.0157936832700646,0.0662397172831168,True,7.13859557759822,1.0
2018-02-16,6.848527109305564,1.0,30.436616126985225,0.625,0.3333333333333333,0.0072319168851884,0.0727013123525781,False,7.127546517002251,1.0
2018-02-20,6.846014456725015,1.0,30.42544925258522,0.5833333333333334,0.2916666666666667,0.0036397055849428,0.0674277631192461,True,7.124931495135054,1.0
2018-02-21,6.786865496113892,1.0,30.16257605668523,0.6666666666666666,0.2916666666666667,-0.0041655225995955,0.0606833767112007,False,7.063372715931964,1.0
2018-02-22,6.82900468060634,1.0,30.349853432072724,0.6666666666666666,0.2916666666666667,0.0030087587587119,0.0595647040740183,False,7.107228714873744,1.0
2018-02-23,6.987726664928852,1.0,31.055254758611024,0.5833333333333334,0.3333333333333333,0.0074854570509159,0.083314781823242,True,7.272417274176143,1.0
2018-02-26,6.9455453256054005,1.0,30.86779003631102,0.625,0.3333333333333333,-0.0063495171117683,0.0714397271607385,False,7.228517402951447,1.0
2018-02-27,6.841209690064474,1.0,30.40409563361102,0.6666666666666666,0.2916666666666667,-0.0144243904664619,0.0593110099285412,False,7.11993097497506,1.0
2018-02-28,6.782366507174887,1.0,30.142581392561027,0.7083333333333334,0.2083333333333333,-0.0112429378538326,0.0546783952244125,False,7.05869043134282,1.0
2018-03-01,6.584482323542876,1.0,29.26313317856103,0.8333333333333334,0.1666666666666666,-0.043069264079544,0.0100081966507128,False,6.8527441451844835,1.0
2018-03-02,6.609636916063107,1.0,29.37492665826102,0.75,0.25,-0.0370889220115979,-0.0031056531103726,False,6.878923574051833,1.0
2018-03-05,6.653936193618043,1.0,29.57180404286103,0.7083333333333334,0.1666666666666666,-0.009898684622882,0.0017011938137225,False,6.925027671531914,1.0
2018-03-06,6.69328981504694,1.0,29.74670165946103,0.5416666666666666,0.2916666666666667,0.0320344309852151,0.001372080572336,True,6.965984619335455,1.0
2018-03-07,6.734769017670232,1.0,29.931045905654223,0.44,0.52,0.0242601294062065,0.0011457151279761,True,7.0091537477432215,1.0
2018-03-08,6.7965021172956295,1.0,30.205403680054225,0.52,0.44,0.0277170988668606,0.0009212924682466,True,7.07340194771324,1.0
2018-03-09,6.905177843024319,1.0,30.68838655995423,0.4,0.56,0.1005048261760448,0.0168062938316775,True,7.186505287750796,1.0
2018-03-12,6.929430452042769,1.0,30.796171392954225,0.36,0.56,0.0781638367801864,0.0229136619637175,True,7.211745984937027,1.0
2018-03-13,6.861848326731169,1.0,30.495819043854222,0.44,0.56,0.0553505092266515,0.0121118368577151,True,7.14141046108084,1.0
2018-03-14,6.860654671520796,1.0,30.49051413305424,0.48,0.52,0.0466565490947674,0.0295191705161266,True,7.14016817454223,1.0
2018-03-15,6.876339551283,1.0,30.560221773354225,0.48,0.52,0.0244198054830853,0.019355863584153,True,7.156492080154985,1.0
2018-03-16,6.869917799386832,1.0,30.531681856054224,0.48,0.52,0.0015707737750529,0.0173892653486098,True,7.14980869632222,1.0
2018-03-19,6.803980901752213,1.0,30.238641321954223,0.48,0.44,-0.0065044945931251,0.0006803823277856,False,7.08118542922016,1.0
2018-03-20,6.951500132179469,1.0,30.894254728486825,0.4583333333333333,0.5,0.0154083337277843,0.0191041211110509,True,7.234714817399696,1.0
2018-03-21,6.887197366734454,1.0,30.608476698186823,0.4583333333333333,0.3333333333333333,0.0147832413472777,0.0105561388217547,True,7.167792259517362,1.0
2018-03-22,6.670930741368243,1.0,29.647332184586823,0.5416666666666666,0.2083333333333333,-0.0231474346015622,-0.0202083208894494,False,6.942714602997861,1.0
2018-03-23,6.536741275545937,1.0,29.050959680786825,0.8333333333333334,0.0833333333333333,-0.0645396437222414,-0.0575372954024896,False,6.803058054301342,1.0
2018-03-26,6.722991157603376,1.0,29.87870206588682,0.5416666666666666,0.2083333333333333,-0.0320427205595443,-0.0381887818688122,False,6.996896039748871,1.0
2018-03-27,6.536669414291423,1.0,29.050640310886827,0.75,0.0833333333333333,-0.0445155593191852,-0.0582978399761944,False,6.802983265310053,1.0
2018-03-28,6.494919779975195,1.0,28.865094196686822,0.8333333333333334,0.125,-0.0423814795168631,-0.0531479250303342,False,6.759532687410987,1.0
2018-03-29,6.603005241602671,1.0,29.345453791086825,0.7083333333333334,0.125,0.0028131168328244,-0.040377306118479,False,6.872021715090343,1.0
2018-04-02,6.437284992280149,1.0,28.608950374718024,0.8260869565217391,0.1304347826086956,-0.0260758534805595,-0.0621976501960311,False,6.699549770830892,1.0
2018-04-03,6.472583215255861,1.0,28.765824757418024,0.6956521739130435,0.1739130434782608,-0.0272549920956742,-0.036883888147402,False,6.736286097081986,1.0
2018-04-04,6.52089935492571,1.0,28.980554110518025,0.5652173913043478,0.1304347826086956,-0.025755714287716,0.0054536470456743,False,6.786570709747226,1.0
2018-04-05,6.539731185567036,1.0,29.06424761001803,0.6521739130434783,0.0869565217391304,-0.0289598398388226,-0.0054022798946889,False,6.806169777802893,1.0
2018-04-06,6.425584662529271,1.0,28.556951099618026,0.782608695652174,0.0869565217391304,-0.0545747574803886,-0.0283703125622468,False,6.68737275185548,1.0
2018-04-09,6.485283541984645,1.0,28.822268276318027,0.782608695652174,0.0434782608695652,-0.0608086150111042,0.0335846518832434,False,6.749503854432692,1.0
2018-04-10,6.631945160456849,1.0,29.474070234718024,0.782608695652174,0.0869565217391304,-0.0429306987990942,0.0318775098473005,False,6.902140690242118,1.0
2018-04-11,6.643437837960784,1.0,29.52514664981803,0.8260869565217391,0.0869565217391304,-0.0318296876250585,0.0217590321830207,False,6.91410159690231,1.0
2018-04-12,6.711620828605153,1.0,29.828169399018027,0.6956521739130435,0.0869565217391304,-0.0217229768952362,0.0239200530615339,False,6.9850624662585465,1.0
2018-04-13,6.639054432570954,1.0,29.505665668718027,0.6956521739130435,0.1304347826086956,-0.0345074755169374,-0.010930335873688,False,6.909539604911881,1.0
2018-04-16,6.65663533669946,1.0,29.583799729018025,0.6086956521739131,0.217391304347826,-0.0310458536645678,-0.0295238459022751,False,6.927836781806548,1.0
2018-04-17,6.761987019818177,1.0,30.052009708512625,0.4782608695652174,0.3043478260869565,-0.0061719576436821,-0.012636306771685,False,7.037480652683957,1.0
2018-04-18,6.8072367810828665,1.0,30.253111287212626,0.391304347826087,0.2608695652173913,-0.0207528372802279,-0.0056642701950555,False,7.084573958025349,1.0
2018-04-19,6.753299602710317,1.0,30.01340059221262,0.4347826086956521,0.2608695652173913,-0.0194415459430379,-0.0049457136616003,False,7.028439296993807,1.0
2018-04-20,6.7238478908195765,1.0,29.88250960867792,0.5416666666666666,0.25,0.0079324987026443,-0.0153985528938643,True,6.997787677578973,1.0
2018-04-23,6.643077232484905,1.0,29.523544026324323,0.4583333333333333,0.3333333333333333,0.016267426299519,-0.0493221113203712,True,6.91372629981104,1.0
2018-04-24,6.636869486405812,1.0,29.49595520592433,0.5416666666666666,0.25,-0.0128100229761815,-0.0444422755491387,False,6.907265640717736,1.0
2018-04-25,6.598314830881783,1.0,29.32460839932433,0.5416666666666666,0.2083333333333333,0.0094307073959685,-0.0355046651377238,True,6.867140209904865,1.0
2018-04-26,6.744331452777276,1.0,29.97354382702433,0.4583333333333333,0.375,0.0384010397743561,-0.00560793262313,True,7.019105770996319,1.0
2018-04-27,6.733478218346123,1.0,29.925309261424328,0.4583333333333333,0.4166666666666667,0.019759635494668,0.0226283384907131,True,7.007810359291974,1.0
2018-04-30,6.724126774709953,1.0,29.883749040424323,0.4583333333333333,0.4166666666666667,0.0445594350372549,0.0173216562574873,True,6.9980779236230894,1.0
2018-05-01,6.770211182464986,1.0,30.08856000282433,0.4166666666666667,0.5,0.0459828722646029,0.0174746173488204,True,7.04603988022193,1.0
2018-05-02,6.770494931116213,1.0,30.08982105481932,0.36,0.48,0.0382762503460452,0.0115347038904112,True,7.046335189224651,1.0
2018-05-03,6.787698562707857,1.0,30.16627841891933,0.36,0.44,0.0379170596014826,0.0078591477894418,True,7.064239722925658,1.0
2018-05-04,6.84896759974803,1.0,30.438573779819325,0.36,0.48,0.0658901811204371,0.0077194829850617,True,7.128004953695116,1.0
2018-05-07,6.938190816450538,1.0,30.83510470581933,0.36,0.6,0.0698361562040958,0.0047809012565214,True,7.220863259911003,1.0
2018-05-08,6.942758676420154,1.0,30.855405450519328,0.4,0.56,0.0468661167188984,0.0019234227790618,True,7.225617221441265,1.0
2018-05-09,6.9975451279116605,1.0,31.09889053371932,0.36,0.48,0.0533018142997434,0.019775546575675,True,7.2826357562699595,1.0
2018-05-10,7.111156949777442,1.0,31.60381069456933,0.32,0.56,0.0595290066848608,0.0365128825528127,True,7.400876296506624,1.0
2018-05-11,7.0132447469703605,1.0,31.16866367924433,0.36,0.56,0.0563619892260018,0.0199096037457624,True,7.298975001680561,1.0
2018-05-14,7.05626223305177,1.0,31.35984445281953,0.375,0.5833333333333334,0.0600343681362682,0.0271246962636972,True,7.343745085553506,1.0
2018-05-15,7.005850181575757,1.0,31.13580032851952,0.3333333333333333,0.5833333333333334,0.0360638316877655,0.0296692896024375,True,7.29127917044826,1.0
2018-05-16,7.0129949479674885,1.0,31.167553508219523,0.375,0.625,0.0302263860508593,0.0088462654993486,True,7.29871502548649,1.0
2018-05-17,7.010983286266314,1.0,31.158613166157828,0.375,0.5833333333333334,0.038156708381867,0.0179733370397878,True,7.296621405628855,1.0
2018-05-18,6.989949505087153,1.0,31.065133632057822,0.375,0.5,0.0395757932940299,0.0478222269256352,True,7.274730676222351,1.0
2018-05-21,7.062669309725888,1.0,31.38831914965782,0.2916666666666667,0.5,0.0631623060453308,0.08045722050335,True,7.350413196273361,1.0
2018-05-22,7.030278841101108,1.0,31.244367575257822,0.2916666666666667,0.5833333333333334,0.0592763433876628,0.0457069890907413,True,7.31670309070673,1.0
2018-05-23,7.108089163865095,1.0,31.590176664845323,0.3333333333333333,0.625,0.077258261548454,0.0874175690030074,True,7.397683524331605,1.0
2018-05-24,7.13596278574659,1.0,31.71405421044532,0.2916666666666667,0.625,0.0580682215444854,0.0986991414039972,True,7.42669275995071,1.0
2018-05-25,7.107479378639093,1.0,31.58746662244533,0.25,0.625,0.0555435316140118,0.0764006870474593,True,7.397048895528309,1.0
2018-05-29,7.055790747544676,1.0,31.35774904994533,0.375,0.5416666666666666,0.0493244675401034,0.0960817729844587,True,7.343254391009952,1.0
2018-05-30,7.106742238858528,1.0,31.584190583645324,0.2083333333333333,0.625,0.0497076158074896,0.0979761870203463,True,7.396281723552255,1.0
2018-05-31,7.066108729620626,1.0,31.40360481639533,0.3333333333333333,0.5416666666666666,0.0436620662908724,0.0836095368168925,True,7.353992743364286,1.0
2018-06-01,7.141418522777533,1.0,31.738300909195328,0.3333333333333333,0.5833333333333334,0.0521119134566521,0.0920049035866179,True,7.4323707720038055,1.0
2018-06-04,7.156787604909887,1.0,31.806605063595324,0.3333333333333333,0.5416666666666666,0.0449440007824215,0.1137955502546896,True,7.448366013911096,1.0
2018-06-05,7.268140726361102,1.0,32.30148697879532,0.2916666666666667,0.5416666666666666,0.047555611922383,0.1207128692690717,True,7.5642558308439245,1.0
2018-06-06,7.333532045809316,1.0,32.59210282309533,0.2916666666666667,0.5416666666666666,0.0562850284162048,0.1057890058463837,True,7.632311292074706,1.0
2018-06-07,7.307978213031872,1.0,32.47853501699532,0.2916666666666667,0.5416666666666666,0.0443631415654557,0.1000295917986742,True,7.605716357295014,1.0
2018-06-08,7.373786230165152,1.0,32.77100277299532,0.3333333333333333,0.625,0.0369320044885141,0.098659536715457,True,7.674205493108144,1.0
2018-06-11,7.354622707606958,1.0,32.68583514929532,0.3333333333333333,0.625,0.0486761795649679,0.1077816550991737,True,7.654261219502575,1.0
2018-06-12,7.40081540173584,1.0,32.89112736419532,0.3333333333333333,0.625,0.0488294166662588,0.1117952279785485,True,7.702335874226786,1.0
2018-06-13,7.274425620494906,1.0,32.32941866499532,0.375,0.5833333333333334,0.0383358810077698,0.0757822514558017,True,7.570796781120992,1.0
2018-06-14,7.300132015726943,1.0,32.443664497887326,0.36,0.56,0.0409435725948545,0.0724075348772674,True,7.597550493981649,1.0
2018-06-15,7.239374457699316,1.0,32.17364228128732,0.32,0.6,0.0325761968196949,0.0719759056438011,True,7.534317580657417,1.0
2018-06-18,7.285898551277749,1.0,32.380407320587324,0.32,0.6,0.0423392251940033,0.0835906269125406,True,7.58273713654865,1.0
2018-06-19,7.243064704516206,1.0,32.190042687387326,0.36,0.52,0.0255420984445498,0.0903177023288752,True,7.538158173740689,1.0
2018-06-20,7.230634414632193,1.0,32.13479928168732,0.32,0.44,0.0284989511880735,0.0894646081925489,True,7.525221454946403,1.0
2018-06-21,7.1616082711941695,1.0,31.82802934458732,0.36,0.48,0.0075293241397629,0.0853692881818899,True,7.453383081469676,1.0
2018-06-22,7.120036317164876,1.0,31.643272887287324,0.4,0.4,-0.0022318598148414,0.0557067615994595,False,7.410117422822599,1.0
2018-06-25,6.947417149319461,1.0,30.87610890238733,0.52,0.28,-0.0225202523697334,0.0317724248948245,False,7.230465487609748,1.0
2018-06-26,6.997173291056562,1.0,31.09723799508732,0.36,0.36,-0.0083077090272991,0.0406069851885546,False,7.2822487702159995,1.0
2018-06-27,6.866947501498822,1.0,30.51848108818732,0.6,0.28,-0.0337418650205917,0.0142885231238261,False,7.146717383981879,1.0
2018-06-28,6.930289651957322,1.0,30.799989898387327,0.56,0.32,-0.0192211983795205,0.0236016306735151,False,7.212640189962521,1.0
2018-06-29,6.91470729870884,1.0,30.730737912287324,0.64,0.28,-0.0317459652232388,0.018711605241102,False,7.196422987949549,1.0
2018-07-02,6.963197286326691,1.0,30.946239890387325,0.52,0.32,-0.0270498901560777,0.0166783803420047,False,7.246888531392531,1.0
2018-07-03,6.948208028068671,1.0,30.87962377098733,0.68,0.28,-0.0440185062917192,0.0014437786280516,False,7.231288587961742,1.0
2018-07-05,6.932764263242953,1.0,30.810987707487325,0.68,0.24,-0.0546486713445772,-0.0014395449479097,False,7.215215620674604,1.0
2018-07-06,7.016841498893631,1.0,31.184648569987324,0.64,0.28,-0.0398382022566884,0.0027575915023405,False,7.3027182907460855,1.0
2018-07-09,7.043876876923255,1.0,31.304800744287327,0.48,0.2,-0.044740835026147,-0.0094611992576383,False,7.330855131184237,1.0
2018-07-10,7.041205254921432,1.0,31.292927368887323,0.52,0.2,-0.0426150280097105,0.0039868147996906,False,7.328074663239828,1.0
2018-07-11,6.98544140003623,1.0,31.04509845358733,0.6,0.2,-0.0561254374216902,-0.0100365931248712,False,7.270038904117026,1.0
2018-07-12,7.073440504222905,1.0,31.43618910868733,0.56,0.2,-0.0276290014851129,0.00964769740936,False,7.3616232256119085,1.0
2018-07-13,7.049207485024636,1.0,31.32849133788733,0.56,0.28,-0.0343726017778484,0.0051636337008409,False,7.33640291636492,1.0
2018-07-16,7.030747045397427,1.0,31.24644839558733,0.6,0.28,-0.0288184308631809,0.0028189710806802,False,7.31719037035799,1.0
2018-07-17,7.116792233136714,1.0,31.62885534338732,0.6,0.36,-0.023210084102993,0.0181464441134018,False,7.4067411698784635,1.0
2018-07-18,7.177431027674164,1.0,31.89834974448733,0.56,0.4,-0.0090615891918119,0.0162490572495364,False,7.469850481107348,1.0
2018-07-19,7.132028486818932,1.0,31.69656917398732,0.52,0.36,-0.0136372442802135,0.0144730597487783,False,7.422598171702592,1.0
2018-07-20,7.1167514685295865,1.0,31.628674174987324,0.52,0.4,-0.0062635096707267,0.0012186544744727,False,7.406698744459258,1.0
2018-07-23,7.10357117982085,1.0,31.57009758158733,0.52,0.4,-0.0023125074944252,-0.0045392061167183,False,7.392981470747749,1.0
2018-07-24,7.080038768429618,1.0,31.465513492099824,0.4583333333333333,0.4166666666666667,0.0190893415869162,-0.0038608075729267,True,7.368490313135138,1.0
2018-07-25,7.17218007043323,1.0,31.87501313979983,0.3333333333333333,0.5,0.0250110683410333,0.0164955746354951,True,7.464385591884278,1.0
2018-07-26,7.033693996807269,1.0,31.25954540569982,0.4583333333333333,0.4166666666666667,0.0242824770790883,-0.0102787240054714,True,7.320257385049141,1.0
2018-07-27,6.887535778292298,1.0,30.609980686199822,0.5833333333333334,0.4166666666666667,-0.0061691322891457,-0.0252717525531072,False,7.168144458476632,1.0
2018-07-30,6.771511465319952,1.0,30.094338794304825,0.6086956521739131,0.3478260869565217,-0.0207088785111158,-0.0517974203973284,False,7.0473931385775,1.0
2018-07-31,6.794420585241868,1.0,30.196152816172823,0.5909090909090909,0.3636363636363636,-0.0242383913803854,-0.0506326357120636,False,7.071235610878613,1.0
2018-08-01,6.813973727957045,1.0,30.283052012072822,0.5454545454545454,0.3636363636363636,-0.0193192690215031,-0.0624873699482478,False,7.091585378358783,1.0
2018-08-02,6.862653653388155,1.0,30.49939812267283,0.5,0.4545454545454545,-0.0101129372343612,-0.0642089499956896,False,7.1422485979703385,1.0
2018-08-03,6.862518003118858,1.0,30.49879525798262,0.4761904761904761,0.3809523809523809,-0.0219932993782325,-0.0609553281259991,False,7.142107421102812,1.0
2018-08-06,6.888195300667014,1.0,30.61291177328263,0.4761904761904761,0.3809523809523809,-0.0221016890238778,-0.0658536760276082,False,7.168830850795704,1.0
2018-08-07,6.8379169365248185,1.0,30.38946178988263,0.4761904761904761,0.4761904761904761,-0.0288712388059595,-0.0702559181652789,False,7.11650406964953,1.0
2018-08-08,6.828488635090404,1.0,30.347559993057025,0.45,0.45,-0.0224685536614782,-0.0773329336806853,False,7.106691644878838,1.0
2018-08-09,6.809967743370521,1.0,30.26524838610703,0.5,0.45,-0.0372481765691095,-0.0638480481284766,False,7.08741618386906,1.0
2018-08-10,6.767184354393786,1.0,30.07510800028202,0.5,0.35,-0.0400077783538053,-0.0730052086982819,False,7.042889734572782,1.0
2018-08-13,6.74601706082568,1.0,29.981035102782027,0.55,0.3,-0.040497828002238,-0.0681491750090274,False,7.020860053279599,1.0
2018-08-14,6.792554391059179,1.0,30.187858969182024,0.55,0.4,-0.0455595486640513,-0.0677121918108574,False,7.069293385107352,1.0
2018-08-15,6.713494994192589,1.0,29.83649867298202,0.55,0.3,-0.0646381736993035,-0.0731140383149435,False,6.987012988201704,1.0
2018-08-16,6.762622116351636,1.0,30.05483224087382,0.4736842105263157,0.3684210526315789,-0.051795414327076,-0.0647263118895163,False,7.03814162401586,1.0
2018-08-17,6.727611181112353,1.0,29.89923463877382,0.5789473684210527,0.3684210526315789,-0.0546794825051878,-0.0606005067084529,False,7.0017042900404025,1.0
2018-08-20,6.757784935472406,1.0,30.03333456477382,0.4736842105263157,0.3684210526315789,-0.0486778038250282,-0.0508777435332959,False,7.033107369032622,1.0
2018-08-21,6.757788647386263,1.0,30.03335106147382,0.4210526315789473,0.4210526315789473,-0.0455153045884848,-0.0272948201982908,False,7.033111232175493,1.0
2018-08-22,6.809530680317628,1.0,30.263305965473823,0.3684210526315789,0.5263157894736842,-0.0505633414881199,-0.0268169163365967,False,7.086961314202833,1.0
2018-08-23,6.807740005881289,1.0,30.255347747661823,0.4,0.45,-0.032124512529056,-0.0086220981891311,False,7.085097684967217,1.0
2018-08-24,6.850669480703476,1.0,30.44613737656182,0.3,0.5,-0.0053526106833471,-0.0114887220090951,False,7.129776171868416,1.0
2018-08-27,6.910034415132074,1.0,30.709970415661825,0.25,0.6,0.020456725285272,-0.0006757890645117,True,7.191559723990695,1.0
2018-08-28,6.900204552563448,1.0,30.666283977861823,0.25,0.6,0.0155692403781053,-0.0090465243440597,True,7.181329377874604,1.0
2018-08-29,6.9663815974323136,1.0,30.96039178804412,0.1904761904761904,0.6190476190476191,0.0223669587761916,0.0026155764608983,True,7.250202576174379,1.0
2018-08-30,6.971368892099254,1.0,30.98255660843062,0.1818181818181818,0.6818181818181818,0.0158415744407303,0.0055684323583564,True,7.255393060809289,1.0
2018-08-31,7.019548775322071,1.0,31.19668040283063,0.1818181818181818,0.6363636363636364,0.0228823840071303,0.0003858255069413,True,7.305535865732665,1.0
2018-09-04,7.015208175172827,1.0,31.177389659230627,0.2272727272727272,0.6363636363636364,0.0184392092502825,-0.0040700174422911,True,7.301018422933408,1.0
2018-09-05,6.872474134702495,1.0,30.543042867765628,0.2608695652173913,0.6086956521739131,0.0050537610354826,-0.0239633861122005,True,7.1524691806255785,1.0
2018-09-06,6.88082502902999,1.0,30.580156390265618,0.2272727272727272,0.6818181818181818,0.0076644184000891,-0.0149763436574956,True,7.161160303085606,1.0
2018-09-07,6.847957627322841,1.0,30.43408520256562,0.2272727272727272,0.6818181818181818,0.0055785703227895,-0.0318773978187063,True,7.126953833457649,1.0
2018-09-10,6.916131463995717,1.0,30.73706726916162,0.1818181818181818,0.7272727272727273,0.0220102042151733,-0.0188781535103946,True,7.197905175895675,1.0
2018-09-11,6.917951680733764,1.0,30.745156780561608,0.1818181818181818,0.6818181818181818,0.0254868344325001,-0.0160431550069067,True,7.19979955103129,1.0
2018-09-12,6.943908792666051,1.0,30.860516862961624,0.1818181818181818,0.7272727272727273,0.0222823981808812,-0.0242923264874437,True,7.226814195171785,1.0
2018-09-13,6.98131213247317,1.0,31.02674692636162,0.1818181818181818,0.7272727272727273,0.0398923568889606,-0.0273243859042061,True,7.265741403914849,1.0
2018-09-14,6.967865337295873,1.0,30.966985909661624,0.2272727272727272,0.6818181818181818,0.0303496509804934,-0.0230177360937994,True,7.251746765856023,1.0
2018-09-17,6.874904009490286,1.0,30.55384185636162,0.2727272727272727,0.5909090909090909,0.0218937784025712,-0.0339828445757522,True,7.154998052206877,1.0
2018-09-18,6.9395670026799605,1.0,30.841220831420618,0.217391304347826,0.5652173913043478,0.0268996526144775,-0.0230875672234797,True,7.222295514059918,1.0
2018-09-19,6.8615465019348285,1.0,30.494477656820617,0.2608695652173913,0.4782608695652174,0.0153538176410263,-0.0308603206339858,True,7.141096339483369,1.0
2018-09-20,6.901779694346422,1.0,30.67328431312061,0.2608695652173913,0.5217391304347826,0.0135470443352923,-0.0377012809817076,True,7.182968693328838,1.0
2018-09-21,6.917977890706085,1.0,30.745273264420625,0.217391304347826,0.6086956521739131,0.0161930221673509,-0.0164516833052033,True,7.199826828837736,1.0
2018-09-24,6.948838486227968,1.0,30.88242568922061,0.217391304347826,0.6086956521739131,0.014329841163847,0.0089005284195953,True,7.231944731945068,1.0
2018-09-25,6.992191474654836,1.0,31.075097521520625,0.1739130434782608,0.6521739130434783,0.0118895297167915,0.0325894758452511,True,7.27706398703916,1.0
2018-09-26,6.9490458149562855,1.0,30.883347111420623,0.2608695652173913,0.6086956521739131,0.0070782339886861,0.0227576770932138,True,7.232160507561022,1.0
2018-09-27,6.955860473812884,1.0,30.91363320832062,0.2608695652173913,0.6086956521739131,-0.0015102709307948,0.0208229076777468,False,7.239252805981205,1.0
2018-09-28,7.022260663420265,1.0,31.20873273112061,0.3043478260869565,0.6086956521739131,0.0073001116579398,0.0232573313609252,True,7.308358240275435,1.0
2018-10-01,6.995046312289255,1.0,31.08778515432062,0.2608695652173913,0.6086956521739131,-0.003490603715007,0.0193119069574998,False,7.280035135099617,1.0
2018-10-02,6.905479907598129,1.0,30.68972901262062,0.3478260869565217,0.5652173913043478,-0.0156414841633679,0.0025093084874412,False,7.186819658894634,1.0
2018-10-03,6.914455115050724,1.0,30.72961714324122,0.3636363636363636,0.4545454545454545,0.0061085686938056,0.0111932009757353,True,7.196160529945753,1.0
2018-10-04,6.785727668175223,1.0,30.157519256641223,0.4545454545454545,0.4090909090909091,-0.0138206334928663,-0.0062621422104208,False,7.062188531152993,1.0
2018-10-05,6.75670729680666,1.0,30.02854526134122,0.5,0.3636363636363636,-0.0133251891267693,-0.0078209543085879,False,7.031985825729068,1.0
2018-10-08,6.69664584107605,1.0,29.761616702408222,0.5217391304347826,0.391304347826087,-0.0317353167825501,-0.010423613370594,False,6.969477374967864,1.0
2018-10-09,6.692432409556036,1.0,29.74289112890823,0.6086956521739131,0.3043478260869565,-0.0325991393963894,-0.0079431538323271,False,6.965092281841155,1.0
2018-10-10,6.47773632117917,1.0,28.78872648567962,0.8636363636363636,0.1363636363636363,-0.0671340141995009,-0.0463475228544939,False,6.741649148375965,1.0
2018-10-11,6.436111823996221,0.0,28.28671766468792,0.8181818181818182,0.0454545454545454,-0.0883118448794145,-0.051942455623906,False,6.69832880588726,0.0
2018-10-12,6.436111823996221,0.0,28.86267933598792,0.7272727272727273,0.0909090909090909,-0.0679532254063242,-0.0396659310999115,False,6.69832880588726,0.0
2018-10-15,6.4368011366045526,0.0,28.57741207808792,0.7727272727272727,0.1363636363636363,-0.0646867843188166,-0.0442092440376964,False,6.699046202139363,0.0
2018-10-16,6.437490449212886,0.0,29.27030898058792,0.5909090909090909,0.3181818181818182,-0.0509354626206065,-0.025405956256381,False,6.699763598391468,0.0
2018-10-17,6.437490449212886,0.0,29.029917704987923,0.6363636363636364,0.2727272727272727,-0.0480270548757906,-0.0334106358771625,False,6.699763598391468,0.0
2018-10-18,6.437490449212886,0.0,28.80899379958792,0.7272727272727273,0.2272727272727272,-0.06077896629854,-0.0480552973143472,False,6.699763598391468,0.0
2018-10-19,6.438179761821217,0.0,28.48559554688793,0.7272727272727273,0.2727272727272727,-0.0734967517803025,-0.0584938641437582,False,6.70048099464357,0.0
2018-10-22,6.439644551113922,0.0,28.562192827987925,0.6818181818181818,0.3181818181818182,-0.0751311728094777,-0.0618779494184441,False,6.702005461679289,0.0
2018-10-23,6.439644551113922,0.0,28.21487619418792,0.7727272727272727,0.2272727272727272,-0.0920422317372262,-0.0812470408698742,False,6.702005461679289,0.0
2018-10-24,6.440333863722255,0.0,27.21435257358792,0.9090909090909092,0.0909090909090909,-0.1188017129294872,-0.1125643852631728,False,6.702722857931393,0.0
2018-10-25,6.441023176330585,0.0,27.287837754962727,0.9047619047619048,0.0952380952380952,-0.1172879107714192,-0.1186210451800423,False,6.703440254183493,0.0
2018-10-26,6.441712488938917,0.0,26.829008769562712,0.8571428571428571,0.1428571428571428,-0.1403364884851777,-0.1340608488628627,False,6.7041576504355955,0.0
2018-10-29,6.441712488938917,0.0,26.72724532626272,0.8571428571428571,0.1428571428571428,-0.1402653745325394,-0.1432663674101163,False,6.7041576504355955,0.0
2018-10-30,6.441712488938917,0.0,27.18510390874273,0.85,0.15,-0.1141953746947936,-0.1280506737133431,False,6.7041576504355955,0.0
2018-10-31,6.442401801547249,0.0,27.30908699594273,0.85,0.1,-0.1113105357399746,-0.105881915100081,False,6.704875046687699,0.0
2018-11-01,6.443866590839954,0.0,27.326535123742715,0.85,0.15,-0.0938732429815185,-0.1063964887883505,False,6.706399513723418,0.0
2018-11-02,6.443866590839954,0.0,27.059523668887625,0.8095238095238095,0.0952380952380952,-0.0988733076016145,-0.1108809912050031,False,6.706399513723418,0.0
2018-11-05,6.444555903448285,0.0,27.04883244128762,0.8095238095238095,0.0952380952380952,-0.0911504334003835,-0.1199930623041057,False,6.707116909975521,0.0
2018-11-06,6.444555903448285,0.0,27.16286083268762,0.7142857142857143,0.1428571428571428,-0.0867444353354399,-0.1165157807924683,False,6.707116909975521,0.0
2018-11-07,6.445245216056619,0.0,27.444596933087624,0.6190476190476191,0.1428571428571428,-0.0466894412040285,-0.1106890057947714,False,6.707834306227625,0.0
2018-11-08,6.44593452866495,0.0,27.17594630476263,0.6666666666666666,0.1904761904761904,-0.0392683015785864,-0.1241122903003147,False,6.708551702479728,0.0
2018-11-09,6.447399317957656,0.0,26.990336678473422,0.6363636363636364,0.3181818181818182,-0.0648707154217639,-0.1284157664807634,False,6.710076169515447,0.0
2018-11-12,6.446710005349324,0.0,26.464042378991227,0.782608695652174,0.217391304347826,-0.0739524521437385,-0.1338554901408856,False,6.709358773263344,0.0
2018-11-13,6.4473993179576565,0.0,26.321561501791223,0.7391304347826086,0.2608695652173913,-0.1007419320633857,-0.14654605776905,False,6.710076169515447,0.0
2018-11-14,6.446710005349325,0.0,26.19103402936622,0.8260869565217391,0.1739130434782608,-0.0977916542675532,-0.1411220639974417,False,6.709358773263344,0.0
2018-11-15,6.4487779431743215,0.0,26.45156045884572,0.7272727272727273,0.1818181818181818,-0.0818297701454578,-0.1376352076021098,False,6.711510962019654,0.0
2018-11-16,6.449467255782653,0.0,26.58479801791112,0.6666666666666666,0.238095238095238,-0.0667283759557723,-0.1353208088517508,False,6.712228358271757,0.0
2018-11-19,6.4487779431743215,0.0,26.01590255931113,0.7142857142857143,0.1904761904761904,-0.0891489769014408,-0.1575822825215482,False,6.711510962019654,0.0
2018-11-20,6.450156568390985,0.0,25.60141920091112,0.7619047619047619,0.1904761904761904,-0.0926269169245957,-0.1761435605091436,False,6.712945754523859,0.0
2018-11-21,6.451621357683692,0.0,25.74196542928621,0.6842105263157895,0.2105263157894736,-0.0541033317004459,-0.1664774761487278,False,6.71447022155958,0.0
2018-11-23,6.451621357683692,0.0,25.687262284686213,0.6842105263157895,0.2631578947368421,-0.0586552692320014,-0.1690636260194642,False,6.71447022155958,0.0
2018-11-26,6.452310670292023,0.0,25.840665969886228,0.6842105263157895,0.2631578947368421,-0.0368385879689208,-0.1720052783777879,False,6.715187617811682,0.0
2018-11-27,6.452310670292023,0.0,25.982351581469427,0.65,0.3,-0.0278702026976699,-0.1642263528105229,False,6.715187617811682,0.0
2018-11-28,6.452999982900354,0.0,26.495646550369425,0.6,0.3,-0.0253615862822423,-0.136660785128681,False,6.715905014063783,0.0
2018-11-29,6.453689295508688,0.0,26.42199926826941,0.6,0.25,-0.032483243683874,-0.1401780521668244,False,6.716622410315889,0.0
2018-11-30,6.454378608117019,0.0,26.62910188322692,0.5714285714285714,0.3333333333333333,-0.0255221980158703,-0.1169995895016225,False,6.717339806567991,0.0
2018-12-03,6.454206279964937,0.0,26.79945715382693,0.6190476190476191,0.3333333333333333,-0.0096109051379834,-0.1075339507595601,False,6.717160457504965,0.0
2018-12-04,6.454895592573268,0.0,26.26520480032692,0.6666666666666666,0.2857142857142857,-0.0289708490250604,-0.1174805769808325,False,6.717877853757067,0.0
2018-12-06,6.456360381865974,0.0,26.235524331426927,0.6190476190476191,0.2857142857142857,-0.0341398686601059,-0.1179228603661989,False,6.719402320792786,0.0
2018-12-07,6.457049694474304,0.0,25.815958863726912,0.7619047619047619,0.238095238095238,-0.0593427578233878,-0.1032615188251363,False,6.720119717044888,0.0
2018-12-10,6.457739007082637,0.0,25.828525280921426,0.8,0.2,-0.049581383799138,-0.0869027086460162,False,6.720837113296992,0.0
2018-12-11,6.457049694474304,0.0,25.91028762622141,0.75,0.2,-0.0400161385579684,-0.1022909784430605,False,6.720119717044888,0.0
2018-12-12,6.458428319690968,0.0,26.08946159542142,0.65,0.3,-0.0141543297960848,-0.0870600345429517,False,6.721554509549094,0.0
2018-12-13,6.459203796375342,0.0,26.011706638721424,0.6,0.2,-0.0117719027820105,-0.1113279106150741,False,6.72236158033271,0.0
2018-12-14,6.459893108983674,0.0,25.58454453258462,0.7894736842105263,0.1578947368421052,-0.0231563784805741,-0.1186835321896665,False,6.723078976584813,0.0
2018-12-17,6.460582421592006,0.0,25.109097373484627,0.7894736842105263,0.0526315789473684,-0.0507517538502027,-0.1284285196436196,False,6.723796372836916,0.0
2018-12-18,6.460582421592006,0.0,25.104174334984624,0.8421052631578947,0.0526315789473684,-0.0556943739775245,-0.1187063548079031,False,6.723796372836916,0.0
2018-12-19,6.459893108983674,0.0,24.886400394767417,0.9,0.05,-0.0434158362166628,-0.1286943357380677,False,6.723078976584812,0.0
2018-12-20,6.461271734200338,0.0,24.5974968019608,0.85,0.05,-0.039213544806711,-0.1282082319741766,False,6.724513769089019,0.0
2018-12-21,6.462736523493043,0.0,24.256143221810795,0.9,0.0,-0.0577198431703672,-0.108700339050069,False,6.726038236124738,0.0
2018-12-24,6.463425836101376,0.0,23.7503037849608,1.0,0.0,-0.0754054082626063,-0.1296377529714156,False,6.726755632376842,0.0
2018-12-26,6.462736523493043,0.0,24.5109057790548,0.95,0.05,-0.0514599814254432,-0.0864028563417438,False,6.726038236124738,0.0
2018-12-27,6.464804461318039,0.0,24.6823737672708,0.8571428571428571,0.1428571428571428,-0.0500331084398755,-0.0765088782637315,False,6.728190424881047,0.0
2018-12-28,6.465493773926372,0.0,24.7226636976708,0.8571428571428571,0.0952380952380952,-0.0669160063457257,-0.0905804965593678,False,6.728907821133152,0.0
2018-12-31,6.466269250610746,0.0,24.969922648870803,0.8095238095238095,0.1428571428571428,-0.0549571061847098,-0.0856551647962253,False,6.729714891916768,0.0
2019-01-02,6.465493773926372,0.0,24.6931876649708,0.9047619047619048,0.0952380952380952,-0.0726991930387075,-0.0963659478542497,False,6.728907821133152,0.0
2019-01-03,6.467647875827408,0.0,24.3715682034708,0.9047619047619048,0.0952380952380952,-0.0905947063188713,-0.0993349143284206,False,6.731149684420973,0.0
2019-01-04,6.46833718843574,0.0,24.845936254970795,0.9047619047619048,0.0476190476190476,-0.0540360738149835,-0.081441451903643,False,6.731867080673076,0.0
2019-01-07,6.46833718843574,0.0,25.0686911579708,0.8571428571428571,0.0476190476190476,-0.0444753136516659,-0.077096800945087,False,6.731867080673076,0.0
2019-01-08,6.46833718843574,0.0,25.3325440178708,0.7619047619047619,0.1428571428571428,-0.0187254267179416,-0.076956966078467,False,6.731867080673076,0.0
2019-01-09,6.46833718843574,0.0,25.380489899970804,0.7619047619047619,0.0952380952380952,-0.0173465335739306,-0.066067852234355,False,6.731867080673076,0.0
2019-01-10,6.469026501044072,0.0,25.4395150701708,0.6666666666666666,0.0952380952380952,-0.0181693296053644,-0.0574584017523392,False,6.7325844769251795,0.0
2019-01-11,6.470491290336777,0.0,25.4226996360102,0.7727272727272727,0.1363636363636363,-0.0255567542845818,-0.0393493453520051,False,6.734108943960898,0.0
2019-01-14,6.469801977728445,0.0,25.2706636410102,0.8636363636363636,0.1363636363636363,-0.0284888265119865,-0.0399253615979245,False,6.733391547708796,0.0
2019-01-15,6.471180602945108,0.0,25.5616876092102,0.7727272727272727,0.0909090909090909,-0.000893387933692,-0.0240290787851437,False,6.734826340213002,0.0
2019-01-16,6.471869915553442,0.0,25.6727183400102,0.6818181818181818,0.2272727272727272,0.022446882822668,-0.029444089699255,False,6.735543736465106,0.0
2019-01-17,6.473334704846147,0.0,25.802199802944003,0.4782608695652174,0.3043478260869565,0.0278051553755593,-0.0294378093239546,True,6.737068203500825,0.0
2019-01-18,6.473334704846147,0.0,25.996594773043995,0.4782608695652174,0.3478260869565217,0.0446104844680552,-0.0007421532358186,True,6.737068203500825,0.0
2019-01-22,6.474024017454479,0.0,25.705430250444003,0.5217391304347826,0.391304347826087,0.0450425284086177,0.0040627063959477,True,6.737785599752927,0.0
2019-01-23,6.474024017454479,0.0,25.715645314544,0.4782608695652174,0.391304347826087,0.0601704104146629,-0.0010224594083351,True,6.737785599752927,0.0
2019-01-24,6.476091955279475,0.0,25.649264407078004,0.4583333333333333,0.5,0.079955214017922,-0.0014792498004297,True,6.739937788509237,0.0
2019-01-25,6.475402642671144,0.0,25.674642540478,0.5,0.4166666666666667,0.0474783254406552,-0.0064248897300752,True,6.739220392257134,0.0
2019-01-28,6.458745849090319,1.0,25.525068621678003,0.5,0.4166666666666667,0.034141564435939,-0.0175997525996668,True,6.721884975578981,1.0
2019-01-29,6.458960878309296,1.0,25.525918420648,0.48,0.4,0.0324906220785941,-0.0365995269403193,True,6.722108765415293,1.0
2019-01-30,6.537851947627958,1.0,25.837697209448,0.44,0.48,0.0347527933017621,-0.0221142258346478,True,6.804213976852768,1.0
2019-01-31,6.648391623414236,1.0,26.274551805648,0.4,0.52,0.0640405022685868,-0.0133143836068404,True,6.9192572071074165,1.0
2019-02-01,6.660762814312842,1.0,26.323442953248,0.36,0.52,0.0800881885597837,-0.0177620836812716,True,6.932132419133769,1.0
2019-02-04,6.680126539445747,1.0,26.399968709848,0.36,0.52,0.0625467456299337,0.005130891251204,True,6.952285051871353,1.0
2019-02-05,6.686550361192163,1.0,26.425355757848006,0.36,0.52,0.0541178871815908,0.0072356635233581,True,6.958970589883212,1.0
2019-02-06,6.61629268057844,1.0,26.147696261598,0.44,0.48,0.032178064830447,0.0128500901175978,True,6.885850504533682,1.0
2019-02-07,6.625158249059318,1.0,26.182733132397995,0.44,0.52,0.0316086582878809,0.0137138240617327,True,6.895077269754669,1.0
2019-02-08,6.627164330101573,1.0,26.190661197298,0.44,0.52,0.0295267470726263,0.0108209362675251,True,6.897165081588854,1.0
2019-02-11,6.640981985544447,1.0,26.245268796298,0.4,0.52,0.0323556967617499,0.0059720358853216,True,6.911545689324373,1.0
2019-02-12,6.691956597057259,1.0,26.446721289898,0.36,0.52,0.0465384552457597,0.0167238027561409,True,6.964597084017695,1.0
2019-02-13,6.693548457637891,1.0,26.453012348798,0.36,0.52,0.034869557644803,0.0339450176690578,True,6.9662537994188245,1.0
2019-02-14,6.705433677598339,1.0,26.499982931348004,0.36,0.52,0.0322234903363753,0.0553936900707614,True,6.978623241312074,1.0
2019-02-15,6.759456787954309,1.0,26.713483141948,0.32,0.56,0.0353180483045487,0.0641052275007778,True,7.034847335326702,1.0
2019-02-19,6.796831708916873,1.0,26.861189437348,0.32,0.56,0.0332579967435007,0.0793521365587206,True,7.073744967398274,1.0
2019-02-20,6.782872179032459,1.0,26.806021148248004,0.28,0.44,0.0428155019029488,0.0897865487723592,True,7.059216705040745,1.0
2019-02-21,6.800503630043052,1.0,26.875700929348003,0.28,0.52,0.0451108887455338,0.107995639850186,True,7.077566488174332,1.0
2019-02-22,6.821259675544806,1.0,26.9577291586863,0.28,0.56,0.0510137339941498,0.1350477620314276,True,7.099168166529632,1.0
2019-02-25,6.748524150837558,1.0,26.670277182286306,0.4,0.52,0.0387789095890473,0.0880983927194052,True,7.023469285950616,1.0
2019-02-26,6.733187767964551,1.0,26.60966754778629,0.44,0.48,0.0424915185218015,0.0780838098753333,True,7.007508075520216,1.0
2019-02-27,6.721526428801035,1.0,26.563581745786305,0.36,0.56,0.0406513610220948,0.0744627711086383,True,6.995371635667979,1.0
2019-02-28,6.698978140430367,1.0,26.47447054348629,0.44,0.4,0.0246451271905705,0.0602544075034821,True,6.971904695744161,1.0
2019-03-01,6.75044741711429,1.0,26.677877961886303,0.48,0.44,0.015350448571747,0.0803740012769165,True,7.025470909019809,1.0
2019-03-04,6.7027864087941085,1.0,26.489520881986287,0.48,0.36,0.0063091263947976,0.0869026014589353,True,6.975868118751557,1.0
2019-03-05,6.692005349611792,1.0,26.44691396078629,0.56,0.36,0.0017782313098264,0.064436199521167,True,6.96464782282543,1.0
2019-03-06,6.589878843054497,1.0,26.043308346186304,0.56,0.4,-0.0144576071241061,0.0388778649062264,False,6.858360527106473,1.0
2019-03-07,6.5555322774450975,1.0,25.90757016038629,0.56,0.36,-0.0091834515289354,0.0226991076028464,False,6.822614630189802,1.0
2019-03-08,6.552309547229644,1.0,25.8948338781698,0.5416666666666666,0.375,-0.0109957678127939,0.0202653290076795,False,6.819260601045173,1.0
2019-03-11,6.600194960446315,1.0,26.0840778098698,0.5833333333333334,0.4166666666666667,-0.0040695187733249,0.025337068647774,False,6.869096938806607,1.0
2019-03-12,6.6338140458759565,1.0,26.21694098216981,0.5,0.4166666666666667,-0.0010793493619004,0.0312414242991958,False,6.904085716894856,1.0
2019-03-13,6.667588520826442,1.0,26.350418256382994,0.5217391304347826,0.4347826086956521,-0.0036413978299755,0.0427275923858416,False,6.939236215309299,1.0
2019-03-14,6.667439292644918,1.0,26.349828504183,0.5217391304347826,0.391304347826087,-0.0039006462951917,0.030832897538769,False,6.939080907344756,1.0
2019-03-15,6.6923549365581625,1.0,26.448295534083,0.4347826086956521,0.391304347826087,-0.001950469077618,0.0302101703372832,False,6.965011652475548,1.0
2019-03-18,6.693827516455501,1.0,26.454115193783,0.4782608695652174,0.3478260869565217,-0.0097092523197662,0.0252658841423518,False,6.966544227516978,1.0
2019-03-19,6.694344979533817,1.0,26.456160216283003,0.4782608695652174,0.3478260869565217,-0.0150786033511174,0.0176779092512351,False,6.967082772827913,1.0
2019-03-20,6.698450964106772,1.0,26.472387134083,0.5217391304347826,0.3043478260869565,-0.0124462340874788,0.0298363760562128,False,6.971356041455567,1.0
2019-03-21,6.8148985312180255,1.0,26.9325898128679,0.3478260869565217,0.3478260869565217,0.0021167404589539,0.0473231172478347,True,7.092547859510787,1.0
2019-03-22,6.766101468969064,1.0,26.7397430293679,0.4782608695652174,0.3478260869565217,-0.0080862200237722,0.0425150056930667,False,7.041762730749313,1.0
2019-03-25,6.7827487964226965,1.0,26.805533538167897,0.391304347826087,0.3478260869565217,0.00507142670311,0.0440470006897646,True,7.059088295635857,1.0
2019-03-26,6.802781483049016,1.0,26.88470304146789,0.391304347826087,0.4782608695652174,0.0103359237084674,0.0532666313239673,True,7.079937144375261,1.0
2019-03-27,6.763821750262244,1.0,26.730733543967897,0.391304347826087,0.4782608695652174,0.0062925173186823,0.0471996777340366,True,7.039390132836038,1.0
2019-03-28,6.7592365718614005,1.0,26.71261284436789,0.391304347826087,0.5652173913043478,0.0089951676461452,0.0338619818874557,True,7.034618147295328,1.0
2019-03-29,6.800436619595063,1.0,26.875436102967896,0.4090909090909091,0.5,0.0074053169207775,0.0228694404290743,True,7.077496747618802,1.0
2019-04-01,6.800670129616036,1.0,26.876358938367904,0.3636363636363636,0.5,0.0146034372650611,0.0210046985913625,True,7.077739771193086,1.0
2019-04-02,6.801018883773141,1.0,26.877737220467896,0.3636363636363636,0.5,0.0162901146167904,0.0180973135184692,True,7.078102734124835,1.0
2019-04-03,6.8229808908541685,1.0,26.964531429577697,0.2857142857142857,0.5238095238095238,0.0353727364874629,0.0204037242363166,True,7.1009595067678255,1.0
2019-04-04,6.836844646537519,1.0,27.0193212174777,0.238095238095238,0.6190476190476191,0.0429122086791189,0.0333346749617793,True,7.115388092937714,1.0
2019-04-05,6.891099223780154,1.0,27.23373618897769,0.238095238095238,0.6666666666666666,0.0517053832863796,0.0401410750842967,True,7.171853084151917,1.0
2019-04-08,6.894146425310842,1.0,27.245778778977705,0.238095238095238,0.7142857142857143,0.0445367851443969,0.0402860230878232,True,7.17502443330627,1.0
2019-04-09,6.883904652679793,1.0,27.20530312699769,0.2272727272727272,0.7272727272727273,0.0376993694840319,0.0365793293317349,True,7.1643653952855,1.0
2019-04-10,6.908425368486245,1.0,27.302209394597696,0.1818181818181818,0.5909090909090909,0.0361205324695044,0.0323476054109765,True,7.189885122337936,1.0
2019-04-11,6.914205511732383,1.0,27.325052614697704,0.1818181818181818,0.6363636363636364,0.0370106435554176,0.0329656318305588,True,7.195900757408694,1.0
2019-04-12,6.877898708872032,1.0,27.18156753940639,0.2608695652173913,0.5217391304347826,0.0277247357728005,0.0257201904553723,True,7.158114760194905,1.0
2019-04-15,6.894035747079172,1.0,27.2453413768064,0.217391304347826,0.6086956521739131,0.0299093799670664,0.019909729930472,True,7.174909245875155,1.0
2019-04-16,6.800983261383911,1.0,26.8775964402064,0.3043478260869565,0.5217391304347826,0.0159296065822891,0.0006108070119779,True,7.078065660425303,1.0
2019-04-17,6.682144345758175,1.0,26.4079431132064,0.4347826086956521,0.4347826086956521,-0.0024343864627768,-0.0148503216064805,False,6.954385066681048,1.0
2019-04-18,6.709357008914339,1.0,26.51548800050639,0.4347826086956521,0.4347826086956521,-0.0154868809594472,-0.0134029222080032,False,6.982706415111359,1.0
2019-04-22,6.6714344475684815,1.0,26.3656174214064,0.4782608695652174,0.4347826086956521,-0.0139913688605983,-0.0219644515973299,False,6.943238830954583,1.0
2019-04-23,6.749904893794983,1.0,26.6757339009064,0.4347826086956521,0.391304347826087,-0.0048422702378475,0.0002045992466745,False,7.024906282475561,1.0
2019-04-24,6.790120043582158,1.0,26.834664826806403,0.391304347826087,0.391304347826087,-0.0018612150777453,0.0084554712536732,False,7.06675985861266,1.0
2019-04-25,6.788417979621472,1.0,26.8279382423564,0.4782608695652174,0.391304347826087,0.003636439614671,0.009951839292607,True,7.064988449978207,1.0
2019-04-26,6.878869589935407,1.0,27.1854044771564,0.2608695652173913,0.4782608695652174,0.0176991908482735,0.0268535656833004,True,7.159125196429037,1.0
2019-04-29,6.858077590466788,1.0,27.103234157156404,0.3043478260869565,0.5652173913043478,0.0084760691255667,0.0159441540244613,True,7.137486099287594,1.0
2019-04-30,6.85011800611236,1.0,27.0717777503564,0.3478260869565217,0.5652173913043478,0.0072710299946738,0.0219806492901148,True,7.129202229363927,1.0
2019-05-01,6.720888422692217,1.0,26.5610603352696,0.4166666666666667,0.5,-0.0117821259505855,0.0043160564840405,False,6.994707636220192,1.0
2019-05-02,6.757124649579977,1.0,26.704266493169595,0.3333333333333333,0.5416666666666666,-0.0096521216060374,0.0253791929273101,False,7.032420182088956,1.0
2019-05-03,6.803343774283395,1.0,26.8869252255696,0.3333333333333333,0.5416666666666666,-0.0049000487777782,0.0378018879856507,False,7.080522344209497,1.0
2019-05-06,6.832678631441555,1.0,27.002857058074607,0.32,0.52,-0.0084776884560014,0.0427893526993778,False,7.111052348052265,1.0
2019-05-07,6.768259483415597,1.0,26.7482715375522,0.5416666666666666,0.4166666666666667,-0.0182599750758224,0.0254635694818805,False,7.044008665985681,1.0
2019-05-08,6.75130366747926,1.0,26.6812618772522,0.5416666666666666,0.3333333333333333,-0.0192624668543188,0.0177107197745982,False,7.026362044326587,1.0
2019-05-09,6.763514248031633,1.0,26.729518290152203,0.5416666666666666,0.3333333333333333,-0.0209759985416715,0.0143868696914279,False,7.039070102496989,1.0
2019-05-10,6.797827861549894,1.0,26.8651262487522,0.5,0.4166666666666667,-0.0168316735718969,0.0195560189125101,False,7.074781704804225,1.0
2019-05-13,6.733014986910781,1.0,26.60898471425219,0.5416666666666666,0.375,-0.0210651142294902,0.0060755968172736,False,7.0073282551036,1.0
2019-05-14,6.731524025307702,1.0,26.6030924097522,0.5416666666666666,0.3333333333333333,-0.0235727994071286,0.0056315327455824,False,7.005776549457787,1.0
2019-05-15,6.734343752318898,1.0,26.6142360167522,0.5,0.3333333333333333,-0.0097985109658181,0.0059750091916932,False,7.008711156434845,1.0
2019-05-16,6.776652221323863,1.0,26.7814397742405,0.5,0.4166666666666667,0.0141433454106207,0.0116745285792378,True,7.052743336797582,1.0
2019-05-17,6.714586672500937,1.0,26.5361557160405,0.5416666666666666,0.375,0.0007794582371523,-0.0147194940992265,True,6.988149143144236,1.0
2019-05-20,6.692163464561969,1.0,26.4475388336405,0.5416666666666666,0.375,0.0031071304314529,-0.0109277114371098,True,6.964812379619091,1.0
2019-05-21,6.757465022919066,1.0,26.705611654140498,0.4583333333333333,0.3333333333333333,0.0011200349105702,-0.0037276588389901,True,7.03277442275542,1.0
2019-05-22,6.755822690658453,1.0,26.69912113034049,0.4166666666666667,0.4166666666666667,-0.0050510672423421,-0.0069028811975774,False,7.031065179381325,1.0
2019-05-23,6.705183540391859,1.0,26.498994385040497,0.5,0.375,-0.012261242528006,-0.008669390181389,False,6.978362913135464,1.0
2019-05-24,6.739640771461897,1.0,26.63516992254049,0.5,0.375,-0.0202400723917227,-0.0028991144474931,False,7.014223984191907,1.0
2019-05-28,6.727645313329029,1.0,26.587763676940497,0.5,0.4583333333333333,-0.0190187811988408,-0.0107039165773994,False,7.001739812855475,1.0
2019-05-29,6.706875657619685,1.0,26.50568165984049,0.5416666666666666,0.3333333333333333,-0.0209109315145902,-0.0137919455301753,False,6.980123969792034,1.0
2019-05-30,6.777916409770966,1.0,26.786435867540497,0.5,0.375,0.0084851858105841,-0.0033969136679359,True,7.054059030204232,1.0
2019-05-31,6.749618397360986,1.0,26.674601662340496,0.5,0.375,-0.0011108648438887,-0.010752264247365,False,7.024608113741218,1.0
2019-06-03,6.788822911807576,1.0,26.8295385409405,0.5,0.4166666666666667,-0.0021343714146428,-0.0070239616683795,False,7.065409879717273,1.0
2019-06-04,6.877431997972066,1.0,27.1797230903405,0.3333333333333333,0.375,0.006549900697008,-0.0019833157765203,True,7.157629034783231,1.0
2019-06-05,6.992656161872019,1.0,27.635090859740497,0.2916666666666667,0.5,0.0331542664707618,0.014288895315526,True,7.277547606320123,1.0
2019-06-06,7.007904859933747,1.0,27.69535396244049,0.2916666666666667,0.5833333333333334,0.0380076508320199,0.0180130628633388,True,7.293417559526706,1.0
2019-06-07,7.045568516775452,1.0,27.84420134673,0.24,0.64,0.0417023249157644,0.0198515784674755,True,7.332615691016161,1.0
2019-06-10,7.037679972791675,1.0,27.81302569263,0.28,0.64,0.0352836400283742,0.0178580837450912,True,7.324405755755864,1.0
2019-06-11,7.011955552398563,1.0,27.711362364930004,0.28,0.6,0.0414287753747839,0.0194909592596359,True,7.297633283361662,1.0
2019-06-12,7.05777484352448,1.0,27.892440948530005,0.28,0.6,0.0484661151011585,0.0237508336847074,True,7.345319322076804,1.0
2019-06-13,7.09717682749256,1.0,28.048158229890003,0.25,0.625,0.0538780152184428,0.0435515799296901,True,7.38632660278291,1.0
2019-06-14,7.10049986399658,1.0,28.06129092419,0.25,0.6666666666666666,0.0477887358087638,0.0626079738166647,True,7.3897850248468195,1.0
2019-06-17,7.127285887663277,1.0,28.16714972529,0.2916666666666667,0.625,0.0614630855615456,0.0622904517070199,True,7.417662351846151,1.0
2019-06-18,7.159398121879103,1.0,28.294057797090005,0.25,0.6666666666666666,0.0698181776030058,0.0731422422187577,True,7.451082887310948,1.0
2019-06-19,7.218141138446943,1.0,28.52621115379,0.25,0.7083333333333334,0.0681729189815143,0.0693693099412993,True,7.512219183693188,1.0
2019-06-20,7.271641084255144,1.0,28.73764380959,0.2083333333333333,0.6666666666666666,0.0763516772442731,0.0709149525461045,True,7.5678987986408925,1.0
2019-06-21,7.233643177040155,1.0,28.58747546239,0.25,0.625,0.0788135974898924,0.0655860023285581,True,7.528352798909713,1.0
2019-06-24,7.196501902358123,1.0,28.44069254089,0.25,0.5416666666666666,0.0677871634984972,0.0461750740103354,True,7.489698332223404,1.0
2019-06-25,7.135267842699947,1.0,28.19869454138999,0.375,0.5416666666666666,0.0605891824533797,0.0404180688504416,True,7.425969503867668,1.0
2019-06-26,7.065082365926281,1.0,27.921320395890003,0.375,0.4583333333333333,0.0534088786780528,0.0313811177591549,True,7.352924564052425,1.0
2019-06-27,7.181823782464859,1.0,28.382684372389992,0.2916666666666667,0.625,0.0595916721710561,0.068582504392775,True,7.47442220340744,1.0
2019-06-28,7.247086633010578,1.0,28.640604218990003,0.2916666666666667,0.5833333333333334,0.0737031645884005,0.0725104254900872,True,7.542343961717299,1.0
2019-07-01,7.287759511810111,1.0,28.80134409739,0.25,0.5416666666666666,0.07349383044515,0.0712025958996522,True,7.5846739154427025,1.0
2019-07-02,7.339811456794941,1.0,29.00705423039,0.2083333333333333,0.6666666666666666,0.0672314112243079,0.074221670988555,True,7.6388465358117905,1.0
2019-07-03,7.407104831526262,1.0,29.27299874158999,0.2083333333333333,0.7083333333333334,0.0592691332249477,0.0943884243321404,True,7.70888154495001,1.0
2019-07-05,7.411461173977615,1.0,29.290215077796496,0.1739130434782608,0.6956521739130435,0.0575858722556463,0.0977822268132162,True,7.713415371416699,1.0
2019-07-08,7.406041296936362,1.0,29.2687956355965,0.217391304347826,0.5652173913043478,0.0511630508315443,0.0949989939167677,True,7.7077746803438,1.0
2019-07-09,7.412444036051911,1.0,29.294099364696493,0.2608695652173913,0.5652173913043478,0.0532510805704593,0.0904136125568033,True,7.714438276786354,1.0
2019-07-10,7.434288474256925,1.0,29.380428939696497,0.217391304347826,0.5652173913043478,0.0602304048709916,0.104154452159908,True,7.737172690618558,1.0
2019-07-11,7.425830518699068,1.0,29.3470029617965,0.1739130434782608,0.5652173913043478,0.0521489681003752,0.1031425410918931,True,7.728370145090857,1.0
2019-07-12,7.419387113708333,1.0,29.321538520496496,0.1739130434782608,0.5652173913043478,0.0453997827653971,0.101723848170588,True,7.7216642259835275,1.0
2019-07-15,7.434751456056375,1.0,29.382258651296496,0.1739130434782608,0.5652173913043478,0.0470743748274162,0.0971127354981702,True,7.737654535000487,1.0
2019-07-16,7.419605223649957,1.0,29.32240049453249,0.2083333333333333,0.5833333333333334,0.0410141168172668,0.1049980565499835,True,7.721891222055812,1.0
2019-07-17,7.418306395061988,1.0,29.317267502832504,0.25,0.625,0.036163413289123,0.1085064545038796,True,7.720539477216285,1.0
2019-07-18,7.477559471069577,1.0,29.551436622732503,0.1666666666666666,0.6666666666666666,0.035939770038696,0.1065628080512726,True,7.782206613635402,1.0
2019-07-19,7.40409430685441,1.0,29.2611010991325,0.1666666666666666,0.5,0.0182150385400705,0.095957464527947,True,7.705748366925488,1.0
2019-07-22,7.408375041644565,1.0,29.27801863263249,0.2083333333333333,0.5,0.0241554442661779,0.1048728192176544,True,7.7102035053599005,1.0
2019-07-23,7.411446569340341,1.0,29.290157360032502,0.1666666666666666,0.5833333333333334,0.0298679372142995,0.0996797634561055,True,7.713400171764294,1.0
2019-07-24,7.461397407535246,1.0,29.487563884832493,0.1666666666666666,0.75,0.0457067025408108,0.1090652167337784,True,7.765386083058079,1.0
2019-07-25,7.450796055571494,1.0,29.44566716948249,0.125,0.5833333333333334,0.0545943655951481,0.1109190681217775,True,7.754352815895847,1.0
2019-07-26,7.577130240053242,1.0,29.944941920882496,0.1666666666666666,0.7083333333333334,0.0550426283855036,0.117914382822742,True,7.8858340471459485,1.0
2019-07-29,7.597037337267171,1.0,30.023615092782503,0.1666666666666666,0.75,0.0482884670734531,0.1255506444982899,True,7.906552189769342,1.0
2019-07-30,7.589439123667732,1.0,29.99358682908249,0.1666666666666666,0.7083333333333334,0.041395385148033,0.1179315210104643,True,7.898644413394691,1.0
2019-07-31,7.596299116746992,1.0,30.020697633282506,0.2916666666666667,0.6666666666666666,0.0349447205097626,0.1045255146087809,True,7.905783893022698,1.0
2019-08-01,7.675162714215126,1.0,30.3323678528825,0.25,0.5833333333333334,0.036189292413947,0.0976033336322936,True,7.987860513364684,1.0
2019-08-02,7.643582423002855,1.0,30.2075620284825,0.2083333333333333,0.5,0.0313192289045838,0.090708646275075,True,7.954993593070231,1.0
2019-08-05,7.456045164514793,1.0,29.466411733382508,0.4166666666666667,0.2916666666666667,0.0067517673171924,0.0582602591631891,True,7.759815781518825,1.0
2019-08-06,7.626404579437567,1.0,30.13967491138249,0.24,0.56,0.028865046716713,0.0836532222155539,True,7.937115898038987,1.0
2019-08-07,7.735220403296132,1.0,30.5697168167325,0.24,0.6,0.04047891470465,0.1031473809970409,True,8.05036504401725,1.0
2019-08-08,7.901543307158175,1.0,31.227027637382506,0.2,0.76,0.0640618968156099,0.119551626729472,True,8.223464195878504,1.0
2019-08-09,7.866588861205857,1.0,31.0888870985825,0.2,0.72,0.0602747559392418,0.1084109995305178,True,8.187085652649456,1.0
2019-08-12,7.797515031381438,1.0,30.815906199902496,0.28,0.68,0.0487929660418648,0.0981642392416772,True,8.115197649970444,1.0
2019-08-13,7.876659359900945,1.0,31.1286858731825,0.28,0.72,0.0616008699215062,0.1051414920137792,True,8.19756643877369,1.0
2019-08-14,7.690852947036518,1.0,30.394375908132503,0.28,0.6,0.0367397270293328,0.0742317742511471,True,8.004189990128395,1.0
2019-08-15,7.722386949709063,1.0,30.5189987994708,0.28,0.64,0.0327416290818836,0.0698581257404749,True,8.037008736017631,1.0
2019-08-16,7.838095641372442,1.0,30.9762814304708,0.24,0.64,0.0586163974324653,0.0778991359108483,True,8.157431575715762,1.0
2019-08-19,7.895833020327111,1.0,31.204460490970803,0.2,0.68,0.0657982318581884,0.0915430616468298,True,8.217521263279387,1.0
2019-08-20,7.90373688287134,1.0,31.235696684270803,0.2,0.68,0.0664229727523779,0.0982748271464326,True,8.22574714120158,1.0
2019-08-21,7.964286772217098,1.0,31.474990831570803,0.2,0.64,0.0673988178372573,0.1161860980965581,True,8.288763925106082,1.0
2019-08-22,7.948215028807085,1.0,31.4114750402708,0.24,0.64,0.0667605138465219,0.1249996273419271,True,8.272037394432276,1.0
2019-08-23,7.795577479123079,1.0,30.8082489618708,0.28,0.48,0.0288298118349752,0.0854593088397352,True,8.11318115888701,1.0
2019-08-26,7.877613098711547,1.0,31.1324550644708,0.36,0.52,0.0369322604310515,0.0870041297462778,True,8.198559034353607,1.0
2019-08-27,7.843554915468192,1.0,30.9978565704708,0.36,0.48,0.0334828157469497,0.0762642349486684,True,8.163113268939062,1.0
2019-08-28,7.87639904530613,1.0,31.127657105670792,0.36,0.48,0.0368732094740213,0.0731064539831516,True,8.19729551856647,1.0
2019-08-29,7.884098404769752,1.0,31.158085099470792,0.36,0.56,0.0272223141494647,0.0643967628503512,True,8.205308561641603,1.0
2019-08-30,7.833545914521077,1.0,30.958300835970803,0.4,0.52,0.0248526778420727,0.0569502734528843,True,8.152696486074559,1.0
2019-09-03,7.741775615655339,1.0,30.595623122570792,0.4,0.56,0.0383219850250378,0.0453324934682524,True,8.057187325695246,1.0
2019-09-04,7.75804859811587,1.0,30.659934213870805,0.32,0.68,0.0172616096231295,0.0466249135080198,True,8.074123294204474,1.0
2019-09-05,7.715281134184802,1.0,30.4909165009708,0.36,0.52,-0.0025777247540144,0.0377968464501858,False,8.029613418764438,1.0
2019-09-06,7.717663667524243,1.0,30.5003323114708,0.36,0.6,-0.0232713575672429,0.0392997319411352,False,8.032093020134797,1.0
2019-09-09,7.509664097254535,1.0,29.6783146274708,0.6,0.32,-0.0453722407829779,0.0121677144166534,False,7.815619231106583,1.0
2019-09-10,7.445236789991527,1.0,29.42369686151089,0.6086956521739131,0.391304347826087,-0.0451782702530425,0.0014103139825354,False,7.748567057383224,1.0
2019-09-11,7.481252007034619,1.0,29.566029584910904,0.5217391304347826,0.391304347826087,-0.0501998797712766,0.008308633886364,False,7.786049589130199,1.0
2019-09-12,7.476585146226956,1.0,29.547586075110903,0.4782608695652174,0.3043478260869565,-0.0278600829173474,0.0078560722705876,False,7.781192593317217,1.0
2019-09-13,7.451362350465182,1.0,29.4479051761109,0.391304347826087,0.5217391304347826,-0.0350959620398317,-0.0035034319293282,False,7.75494218250456,1.0
2019-09-16,7.414132685736923,1.0,29.300772935710896,0.4782608695652174,0.3478260869565217,-0.0540900462349149,0.0013557875503042,False,7.716195724627141,1.0
2019-09-17,7.495849942338783,1.0,29.623720862610902,0.391304347826087,0.391304347826087,-0.0506574894578708,0.0118075691636148,False,7.801242266514981,1.0
2019-09-18,7.499314587909755,1.0,29.6374131982462,0.4090909090909091,0.2727272727272727,-0.0511684916837292,0.01185571773976,False,7.8048480670145475,1.0
2019-09-19,7.510013181059935,1.0,29.67969421234621,0.3636363636363636,0.3636363636363636,-0.0570388289811297,0.0065156392119778,False,7.815982537116999,1.0
2019-09-20,7.513329626320832,1.0,29.6928008579462,0.3636363636363636,0.3636363636363636,-0.0547148511848357,0.0083928710815504,False,7.819434099400518,1.0
2019-09-23,7.518667045907847,1.0,29.7138944269462,0.3636363636363636,0.4090909090909091,-0.0355214779093419,-0.0077157435985931,False,7.824988973577116,1.0
2019-09-24,7.523691704205851,1.0,29.7337519582462,0.3181818181818182,0.5,-0.0449274913696362,-0.0096545047503618,False,7.830218344094232,1.0
2019-09-25,7.523208062800114,1.0,29.731840599546203,0.3181818181818182,0.3636363636363636,-0.0408420488057431,-0.0087267398536839,False,7.829714998402243,1.0
2019-09-26,7.515507214273794,1.0,29.701406720946203,0.3181818181818182,0.4090909090909091,-0.0458193939840322,-0.0106356926223566,False,7.821700405597733,1.0
2019-09-27,7.442738421358289,1.0,29.4138232680462,0.3636363636363636,0.2727272727272727,-0.0559810343240322,-0.0302826534773482,False,7.7459669014130705,1.0
2019-09-30,7.44997799577942,1.0,29.44243418388169,0.3333333333333333,0.2857142857142857,-0.0489647884785656,-0.0253290167501559,False,7.753501427103974,1.0
2019-10-01,7.425672356466549,1.0,29.34637790208169,0.4761904761904761,0.2857142857142857,-0.0408308474543706,-0.0040735815540386,False,7.728205539088495,1.0
2019-10-02,7.336052063708764,1.0,28.992197047781698,0.6666666666666666,0.1904761904761904,-0.0543946752936804,-0.0380720053210473,False,7.63493397933508,1.0
2019-10-03,7.385115960353929,1.0,29.186098365154503,0.65,0.25,-0.0427936672803769,-0.0452610817389275,False,7.685996813731783,1.0
2019-10-04,7.4671990589474415,1.0,29.5104921055545,0.5,0.3,-0.0324534236482411,-0.0549695459894845,False,7.7714241025702835,1.0
2019-10-07,7.454690671396752,1.0,29.4610587545545,0.55,0.3,-0.0073203574948019,-0.0523604572549083,False,7.758406104291633,1.0
2019-10-08,7.403646301820768,1.0,29.2593305759545,0.45,0.3,-0.0055861874301524,-0.0505120833977915,False,7.7052821094855775,1.0
2019-10-09,7.464115511728753,1.0,29.49830587680449,0.4,0.35,-0.0022905919075781,-0.0523754842404892,False,7.768214926949337,1.0
2019-10-10,7.464243167523588,1.0,29.4988103745815,0.4285714285714285,0.3809523809523809,-0.0016507507721752,-0.0294648436361339,False,7.768347783635356,1.0
2019-10-11,7.48023611907217,1.0,29.56201477916389,0.3636363636363636,0.5,0.0038749650398073,-0.0313569926259673,True,7.784992312347492,1.0
2019-10-14,7.467466633734474,1.0,29.511549565463906,0.3636363636363636,0.5,0.0071935518634773,-0.0472855939243264,True,7.771702578760991,1.0
2019-10-15,7.475902584575178,1.0,29.5448885803639,0.2272727272727272,0.4545454545454545,-0.0026611202087885,-0.0531838039977364,False,7.7804822230659045,1.0
2019-10-16,7.486732034056867,1.0,29.587686740813893,0.1818181818181818,0.3636363636363636,-0.0016778271807894,-0.0527604669783718,False,7.791752880785778,1.0
2019-10-17,7.547724817215395,1.0,29.82873121166389,0.1818181818181818,0.5,0.0050215139769089,-0.052303736281176,True,7.8552306026704075,1.0
2019-10-18,7.579186426126908,1.0,29.953068001681395,0.1739130434782608,0.5652173913043478,0.0087653281676034,-0.046429116643509,True,7.887974005366711,1.0
2019-10-21,7.569829927628227,1.0,29.916090967467994,0.2272727272727272,0.5,0.0068047808751192,-0.0289584129077561,True,7.878236308892532,1.0
2019-10-22,7.505229237212211,1.0,29.660787988468,0.2727272727272727,0.3636363636363636,-0.0024539106225361,-0.0472711539438566,False,7.811003688122881,1.0
2019-10-23,7.518064279921866,1.0,29.711512285968,0.3181818181818182,0.3636363636363636,-0.0006837220020113,-0.0414978462003788,False,7.824361649988356,1.0
2019-10-24,7.548781958767486,1.0,29.832909052268,0.2272727272727272,0.4545454545454545,0.0044274782187019,-0.0415947801341886,True,7.856330813776728,1.0
2019-10-25,7.5449977104466095,1.0,29.817953641368,0.3636363636363636,0.4090909090909091,0.0137394710520624,-0.0430107130725294,True,7.852392389425265,1.0
2019-10-28,7.510916234890188,1.0,29.683263095768,0.4090909090909091,0.3636363636363636,0.0081796535701572,-0.0411856499152989,True,7.816922382733403,1.0
2019-10-29,7.507722580257653,1.0,29.670641720728003,0.4285714285714285,0.3809523809523809,0.0110495346215557,-0.0302324746953892,True,7.81359861375515,1.0
2019-10-30,7.5508353081632755,1.0,29.841023922469805,0.2272727272727272,0.3636363636363636,0.0292777699216504,-0.0267094601602412,True,7.858467819749042,1.0
2019-10-31,7.5888360149618865,1.0,29.9912033336698,0.1818181818181818,0.6363636363636364,0.0275852208281637,-0.0163889192141891,True,7.898016733123137,1.0
2019-11-01,7.66188661086767,1.0,30.2799004765698,0.2272727272727272,0.5454545454545454,0.0260723666776969,-0.0072271945318477,True,7.974043521380386,1.0
2019-11-04,7.560145701090226,1.0,29.877818746714,0.4347826086956521,0.4782608695652174,0.0141461308512909,0.006722218621489,True,7.868157532240395,1.0
2019-11-05,7.493156575094376,1.0,29.613076631464,0.4347826086956521,0.4347826086956521,0.0120900255934157,0.0064363010142629,True,7.798439167393743,1.0
2019-11-06,7.51466704082488,1.0,29.69808634181399,0.3043478260869565,0.391304347826087,0.0067726080895578,0.0044665029006965,True,7.820826002205017,1.0
2019-11-07,7.471778270232018,1.0,29.528589223014,0.4347826086956521,0.391304347826087,0.0010094931983479,-0.0006429239955038,True,7.776189877885336,1.0
2019-11-08,7.496357520564826,1.0,29.625726820013995,0.4782608695652174,0.4347826086956521,0.0021551995466497,0.0060385159093541,True,7.801770524249735,1.0
2019-11-11,7.495106544221762,1.0,29.620782941164,0.4347826086956521,0.3043478260869565,0.0037013771661764,0.010921555078265,True,7.800468581228331,1.0
2019-11-12,7.52619335534155,1.0,29.743638524213992,0.391304347826087,0.3478260869565217,0.0067270500380964,0.0040480283405059,True,7.83282191630099,1.0
2019-11-13,7.577982152623718,1.0,29.94830869321401,0.3478260869565217,0.391304347826087,0.0121882442368388,0.0104899672885825,True,7.88672066792989,1.0
2019-11-14,7.597832551687406,1.0,30.0267577931023,0.3478260869565217,0.4347826086956521,0.0066387866125856,0.0116936373492593,True,7.907379802434192,1.0
2019-11-15,7.616854011857151,1.0,30.10193091300229,0.3478260869565217,0.391304347826087,0.0049698719113693,0.0137787626372269,True,7.927176225813598,1.0
2019-11-18,7.673322699448021,1.0,30.325096084602293,0.3478260869565217,0.4782608695652174,0.0136717433296706,0.020569557422329,True,7.985945533598204,1.0
2019-11-19,7.665247235484364,1.0,30.293181719702293,0.3478260869565217,0.4347826086956521,0.021320867519776,0.0188146373939512,True,7.977541062953833,1.0
2019-11-20,7.66228910108558,1.0,30.28149112445589,0.3333333333333333,0.4166666666666667,0.0191837706880062,0.0184869323198939,True,7.974462409661765,1.0
2019-11-21,7.573087735485638,1.0,29.92896587709589,0.4166666666666667,0.4166666666666667,0.0032198276292665,0.0076615615646651,True,7.881626844795587,1.0
2019-11-22,7.566382600271223,1.0,29.9024670736959,0.4583333333333333,0.375,0.0028343136267623,0.016612726648852,True,7.874648532177303,1.0
2019-11-25,7.6132478997703155,1.0,30.0876794993959,0.4166666666666667,0.4583333333333333,0.0136243917093319,0.0219154880837757,True,7.923423195237211,1.0
2019-11-26,7.67126171917179,1.0,30.3169510570369,0.3478260869565217,0.391304347826087,0.0217827892767612,0.0330730135825845,True,7.9838005858517755,1.0
2019-11-27,7.699111203467789,1.0,30.427012671836906,0.3043478260869565,0.4347826086956521,0.0196370188532928,0.0494897168948771,True,8.012784700483452,1.0
2019-11-29,7.6842275508658675,1.0,30.3681922347301,0.4166666666666667,0.375,0.0125699825000709,0.0405019490713054,True,7.997294665243765,1.0
2019-12-02,7.61599980500445,1.0,30.098555073630106,0.375,0.4583333333333333,-0.0059889695833055,0.019927250483394,False,7.926287217274888,1.0
2019-12-03,7.618966287737706,1.0,30.110278661630097,0.375,0.375,0.0077803509314635,0.0220365436450999,True,7.929374559025267,1.0
2019-12-04,7.679489738857226,1.0,30.34946832463009,0.25,0.5,0.0248671119968559,0.037257781610748,True,7.992363827569994,1.0
2019-12-05,7.730770319379305,1.0,30.552130012730096,0.25,0.5,0.028757532087636,0.0357249036716464,True,8.04573365691525,1.0
2019-12-06,7.745592017199002,1.0,30.610705603530096,0.25,0.625,0.0366463962210805,0.0376928837071577,True,8.061159213240682,1.0
2019-12-09,7.724775421882697,1.0,30.52843808034009,0.1666666666666666,0.625,0.0304705186073699,0.0326913882019084,True,8.039494518179321,1.0
2019-12-10,7.730135543043815,1.0,30.5496213663301,0.1666666666666666,0.5416666666666666,0.031357659485607,0.0351751031765883,True,8.045073018826669,1.0
2019-12-11,7.742082923085032,1.0,30.59683760653009,0.2083333333333333,0.5416666666666666,0.0286850945159757,0.0356051106202288,True,8.057507153296893,1.0
2019-12-12,7.691518651963779,1.0,30.397006784830104,0.125,0.5,0.0149824184134232,0.0273532720251434,True,8.004882816886608,1.0
2019-12-13,7.683371194951205,1.0,30.364807902230098,0.1666666666666666,0.5,0.0112582953996269,0.0179718234329921,True,7.996403420087041,1.0
2019-12-16,7.72849534670559,1.0,30.543139283730103,0.1666666666666666,0.5,0.014657145151351,0.0196998611967089,True,8.043365998395688,1.0
2019-12-17,7.739782645024551,1.0,30.587746870230102,0.1666666666666666,0.4583333333333333,0.0086611691153444,0.0224513257260947,True,8.055113158410629,1.0
2019-12-18,7.756576988902614,1.0,30.65411839033009,0.2083333333333333,0.4583333333333333,0.0119147824737422,0.0334896834921678,True,8.072591729394276,1.0
2019-12-19,7.800300488057331,1.0,30.826914369980106,0.1666666666666666,0.4583333333333333,0.01801176974022,0.0375410740886079,True,8.118096590386635,1.0
2019-12-20,7.842932280785503,1.0,30.995395908080106,0.125,0.5833333333333334,0.0356320373835681,0.0389665940312893,True,8.16246526717268,1.0
2019-12-23,7.809797579812692,1.0,30.864447031030096,0.2083333333333333,0.4583333333333333,0.0321705882983953,0.0350960834619529,True,8.127980608100545,1.0
2019-12-24,7.865129387883535,1.0,31.08311923628009,0.0833333333333333,0.5416666666666666,0.0330846297702744,0.0471597794351548,True,8.18556671816484,1.0
2019-12-26,7.889212852098434,1.0,31.178297478480097,0.0833333333333333,0.5833333333333334,0.0284113801491021,0.0508130485327131,True,8.210631379331037,1.0
2019-12-27,7.8814232507743425,1.0,31.14751284738009,0.125,0.4583333333333333,0.0236796225549305,0.0437816386027731,True,8.202524417804824,1.0
2019-12-30,7.865891843396917,1.0,31.08613247286731,0.08,0.48,0.0236411911709433,0.0365083430303136,True,8.18636023727516,1.0
2019-12-31,7.885477252562001,1.0,31.16353432836729,0.12,0.48,0.0353830691251433,0.0291821914170833,True,8.206743585789468,1.0
2020-01-02,7.885106278228105,1.0,31.162068231767297,0.12,0.48,0.0349312466336455,0.0429833749223926,True,8.20635749739714,1.0
2020-01-03,7.892283960789655,1.0,31.190434549967293,0.08,0.52,0.0277094220017921,0.0532655872989347,True,8.213827609659996,1.0
2020-01-06,7.914198959825291,1.0,31.277042982517305,0.16,0.52,0.0237270844777486,0.0531669489585997,True,8.23663545907835,1.0
2020-01-07,7.887786862213646,1.0,31.172661943267304,0.2,0.52,0.0183581635462986,0.0556773203025882,True,8.209147292450112,1.0
2020-01-08,7.895980811772772,1.0,31.2050445651673,0.16,0.48,0.0221631543365112,0.0533089957504899,True,8.21767507597327,1.0
2020-01-09,7.963336282781994,1.0,31.4712344818673,0.16,0.52,0.0301677426533653,0.0624713919405461,True,8.28777471128617,1.0
2020-01-10,7.995583991541605,1.0,31.598677951267305,0.16,0.6,0.0327432644386556,0.0623676025898158,True,8.321336240733658,1.0
2020-01-13,8.055584392333532,1.0,31.8358005108673,0.16,0.6,0.0473334014833077,0.0630249887226845,True,8.383781149085141,1.0
2020-01-14,8.065774574847902,1.0,31.87607227786729,0.12,0.64,0.049770259719845,0.0615888834055142,True,8.394386495129435,1.0
2020-01-15,8.108826976194612,1.0,32.046216068067295,0.08,0.72,0.0492116010202612,0.0645900477508965,True,8.439192916768677,1.0
2020-01-16,8.161382692310045,1.0,32.2539171127673,0.04,0.64,0.0544718200266922,0.0636047787873084,True,8.49388983267022,1.0
2020-01-17,8.184145378292971,1.0,32.34387561791729,0.04,0.72,0.0551233346877213,0.0676948997034951,True,8.517579905091013,1.0
2020-01-21,8.217907959374589,1.0,32.4773058873673,0.04,0.68,0.0535373569206258,0.0725134292062001,True,8.552718025062285,1.0
2020-01-22,8.252206133280266,1.0,32.6128528283673,0.04,0.72,0.0521837799744169,0.0896752317568494,True,8.588413558723644,1.0
2020-01-23,8.279632104997004,1.0,32.7212407145673,0.04,0.72,0.0601596290278729,0.0942655879839082,True,8.616956906229625,1.0
2020-01-24,8.248148978605078,1.0,32.59681888711731,0.08,0.68,0.0486984475184342,0.0833942473952431,True,8.58419110939804,1.0
2020-01-27,8.158700291074899,1.0,32.243316219467296,0.2,0.52,0.0341589768242571,0.0635408606494176,True,8.491098146330131,1.0
2020-01-28,8.201542358469242,1.0,32.4126287664673,0.16,0.6,0.0406169161976484,0.0652583319974842,True,8.535685664691972,1.0
2020-01-29,8.207227320300333,1.0,32.4350958280673,0.16,0.56,0.0433943771029539,0.0680614630387321,True,8.541602240512113,1.0
2020-01-30,8.253902335233189,1.0,32.6195562460673,0.2,0.52,0.0467219764728235,0.083758212521168,True,8.590178866523225,1.0
2020-01-31,8.121972774179271,1.0,32.09816847546731,0.32,0.44,0.0300397341003744,0.0660203060946893,True,8.452874294551568,1.0
2020-02-03,8.186996207162531,1.0,32.35514213996729,0.2,0.52,0.0373418199138626,0.0660859621619629,True,8.520546881063439,1.0
2020-02-04,8.22115481571383,1.0,32.490137516417306,0.2,0.56,0.0387854610993141,0.0634328114890747,True,8.55609716326567,1.0
2020-02-05,8.24485614791047,1.0,32.58380556666729,0.16,0.64,0.0452686275547526,0.0644578399692181,True,8.580764123774149,1.0
2020-02-06,8.275190018846457,1.0,32.70368551786729,0.12,0.72,0.0480255988601552,0.0712531519563075,True,8.612333842735064,1.0
2020-02-07,8.253435511154512,1.0,32.617711349717304,0.2,0.68,0.0364293580066128,0.067696092157349,True,8.589693023321772,1.0
2020-02-10,8.365377302009138,1.0,33.0601071274673,0.12,0.8,0.046249693688257,0.080507324077554,True,8.706195492944584,1.0
2020-02-11,8.38759672941007,1.0,33.14791866586729,0.12,0.8,0.0412151770630704,0.0904994330695103,True,8.729320173602723,1.0
2020-02-12,8.432862134480013,1.0,33.3268082827673,0.08,0.84,0.0455117554086896,0.0975471470155313,True,8.776429760101779,1.0
2020-02-13,8.491541499234861,1.0,33.55871008646731,0.12,0.84,0.0471972733126251,0.0987315277163916,True,8.837499811399383,1.0
2020-02-14,8.525722782427167,1.0,33.6937950734673,0.12,0.8,0.0446419563758984,0.1015455050159381,True,8.873073692041974,1.0
2020-02-18,8.555273488063328,1.0,33.810579942667296,0.16,0.76,0.0453472039676501,0.1029702277568327,True,8.903828338357936,1.0
2020-02-19,8.552904666433664,1.0,33.8012183210673,0.12,0.76,0.0407642320545733,0.0964839982163001,True,8.90136300733326,1.0
2020-02-20,8.478531651105797,1.0,33.50729495510729,0.2,0.72,0.0274260620942055,0.0810410376585113,True,8.823959922275916,1.0
2020-02-21,8.43921805079733,1.0,33.351926967407294,0.24,0.68,0.019274521352707,0.0805936984348485,True,8.783044626114103,1.0
2020-02-24,8.268383121029505,1.0,32.6767845470073,0.36,0.4,0.002453173733514,0.0512710870042634,True,8.605249621551078,1.0
2020-02-25,8.015936025598863,1.0,31.67910952080729,0.56,0.2,-0.0174984078814869,0.0160628412334851,False,8.342517447603905,1.0
2020-02-26,7.967839205800132,1.0,31.48903010685729,0.64,0.24,-0.0284950247715027,0.0109645113929515,False,8.292461090234811,1.0
2020-02-27,7.662414418219596,1.0,30.2819863798073,0.96,0.0,-0.0663820899334859,-0.0258683222739878,False,7.974592832406371,1.0
2020-02-28,7.401833818416644,0.0,29.3354078671456,1.0,0.0,-0.1006803512024367,-0.058662359729769,False,7.703395782751673,0.0
2020-03-02,7.40395543378028,0.0,30.8757614115456,0.88,0.04,-0.0380833898624465,-0.0091876706671808,False,7.705603835951164,0.0
2020-03-03,7.405594863833999,0.0,30.580054880745603,0.84,0.0,-0.0548626011761196,-0.0195694506353817,False,7.707310058878044,0.0
2020-03-04,7.4088737239414355,0.0,32.1152349067456,0.6,0.28,-0.0115389665396851,0.0267989504217778,False,7.710722504731802,0.0
2020-03-05,7.410513153995155,0.0,31.4226763041456,0.72,0.16,-0.0356351642273948,0.0080203083500955,False,7.712428727658682,0.0
2020-03-06,7.410513153995155,0.0,31.1148593988826,0.75,0.2083333333333333,-0.0485824791250715,-0.0028900829190088,False,7.712428727658682,0.0
2020-03-09,7.413695577040609,0.0,29.234867157882604,0.8333333333333334,0.0833333333333333,-0.1037118808111599,-0.0710606800401559,False,7.715740807457918,0.0
2020-03-10,7.412056146986889,0.0,30.3119088555826,0.8333333333333334,0.0416666666666666,-0.0831273250654839,-0.0407222446986297,False,7.714034584531038,0.0
2020-03-11,7.413695577040609,0.0,28.9019134308826,1.0,0.0,-0.1280926648150864,-0.0921568496128503,False,7.715740807457918,0.0
2020-03-12,7.41456351059846,0.0,26.344491027518693,1.0,0.0,-0.209510529661463,-0.1735339662342707,False,7.716644101948618,0.0
2020-03-13,7.416106503590194,0.0,28.154060990309496,1.0,0.0,-0.1610505613068024,-0.1214544353533261,False,7.718249958820973,0.0
2020-03-16,7.416974437148046,0.0,25.18450496000949,1.0,0.0,-0.2525476900095049,-0.2191799565938448,False,7.719153253311676,0.0
2020-03-17,7.416974437148046,0.0,26.52062525912301,0.9,0.1,-0.2156116427433627,-0.1800418239169959,False,7.719153253311676,0.0
2020-03-18,7.418613867201765,0.0,25.74322892182301,0.9,0.1,-0.238393460339327,-0.2073471546223186,False,7.720859476238556,0.0
2020-03-19,7.416974437148045,0.0,25.05710874965932,1.0,0.0,-0.2521894476044527,-0.2316799489597502,False,7.719153253311675,0.0
2020-03-20,7.419385363697632,0.0,24.39774047105932,1.0,0.0,-0.2684758366465101,-0.2543760585399321,False,7.721662404674735,0.0
2020-03-23,7.417745933643914,0.0,24.170764225627213,1.0,0.0,-0.2603077517968062,-0.2584931582026301,False,7.719956181747856,0.0
2020-03-24,7.417745933643914,0.0,24.426440170621515,1.0,0.0,-0.2289417051139686,-0.2424339976582882,False,7.719956181747856,0.0
2020-03-25,7.417745933643914,0.0,24.316090107121514,1.0,0.0,-0.2277917095380381,-0.2497958039035116,False,7.719956181747856,0.0
2020-03-26,7.417745933643914,0.0,24.52067989902152,0.6666666666666666,0.0,-0.1902552365133996,-0.2440077862263363,False,7.719956181747856,0.0
2020-03-27,7.416106503590194,0.0,24.54283016802152,0.6666666666666666,0.0,-0.1633717765516928,-0.2476037999143391,False,7.718249958820974,0.0
2020-03-30,7.416106503590194,0.0,24.684326584021512,0.6666666666666666,0.3333333333333333,-0.2005273568803028,-0.2309739852325908,False,7.718249958820974,0.0
2020-03-31,7.416974437148046,0.0,24.672123778021508,0.6666666666666666,0.3333333333333333,-0.1931955689995821,-0.2374589587246842,False,7.719153253311677,0.0
2020-04-01,7.416299377714163,0.0,24.59962701662152,0.6666666666666666,0.3333333333333333,-0.2340200192197714,-0.2428586365880631,False,7.7184506909300215,0.0
2020-04-02,7.417167311272014,0.0,24.72064620262151,0.6666666666666666,0.3333333333333333,-0.2132864189114244,-0.2413210865734377,False,7.719353985420723,0.0
2020-04-03,7.414659947660443,0.0,24.72149311402152,0.6666666666666666,0.0,-0.2054763032318469,-0.2440762341444603,False,7.716744468003141,0.0
2020-04-06,7.415527881218294,0.0,24.80156999442151,0.3333333333333333,0.3333333333333333,-0.1516441699399254,-0.2396287486725685,False,7.717647762493842,0.0
2020-04-07,7.413888451164576,0.0,24.72521472592151,0.6666666666666666,0.3333333333333333,-0.1843069057867062,-0.2521132907830451,False,7.7159415395669635,0.0
2020-04-08,7.414659947660443,0.0,24.79071442470012,0.5,0.5,-0.1422466030152017,-0.2521185213891772,False,7.716744468003141,0.0
2020-04-09,7.413116954668708,0.0,24.82176947860011,0.25,0.5,-0.0578003783534094,-0.2552011201314167,False,7.715138611130785,0.0
2020-04-13,7.414659947660443,0.0,24.83098739380012,0.25,0.5,-0.1180317680512648,-0.2600732468613768,False,7.7167444680031405,0.0
2020-04-14,7.415527881218294,0.0,25.04840523200012,0.0,0.75,-0.0054041057477797,-0.2565870013341158,False,7.717647762493841,0.0
2020-04-15,7.414659947660443,0.0,25.03774206760541,0.0,0.8,-0.0559143375025628,-0.2594701980840912,False,7.7167444680031405,0.0
2020-04-16,7.413888451164576,0.0,25.20176281193161,0.1666666666666666,0.8333333333333334,-0.021033340904349,-0.2544125903229915,False,7.715941539566963,0.0
2020-04-17,7.415527881218295,0.0,25.236442607856613,0.0,0.8571428571428571,0.007157005223108,-0.2468373635750625,True,7.717647762493842,0.0
2020-04-20,7.414659947660444,0.0,25.25963180726561,0.0,0.875,0.0353266867982577,-0.2426335116423638,True,7.716744468003141,0.0
2020-04-21,7.414659947660444,0.0,25.10251185608561,0.0,0.8888888888888888,0.0385485382986154,-0.2317936968377563,True,7.716744468003141,0.0
2020-04-22,7.501442526052667,1.0,25.579578963864613,0.1,0.8,0.0472086306964212,-0.1925410988252817,True,7.807062700592965,1.0
2020-04-23,7.5723961320429956,1.0,25.82152754387401,0.0,0.8181818181818182,0.0619111637652467,-0.1799833956063664,True,7.880907064377107,1.0
2020-04-24,7.595593193112796,1.0,25.90062847056961,0.0833333333333333,0.8333333333333334,0.0562769294012586,-0.1446852876256253,True,7.905049208986287,1.0
2020-04-27,7.685489066987174,1.0,26.20716932538641,0.0769230769230769,0.8461538461538461,0.0678136606891193,-0.1066369540838286,True,7.998607577450008,1.0
2020-04-28,7.557060582326586,1.0,25.76923401452112,0.0714285714285714,0.8571428571428571,0.0439512670846722,-0.16538952121566,True,7.864946721047372,1.0
2020-04-29,7.569255418833424,1.0,25.81081785420192,0.2,0.6,0.0461530627207207,-0.1559590734922643,True,7.877638393735887,1.0
2020-04-30,7.417244352334631,1.0,25.29246700829692,0.1875,0.625,0.0281646543342815,-0.2124464578341165,True,7.7194341652533724,1.0
2020-05-01,7.377994105679045,1.0,25.15862544646521,0.1764705882352941,0.5294117647058824,0.0177171438098269,-0.1993481012581341,True,7.678584803868591,1.0
2020-05-04,7.468706897336688,1.0,25.46795195389101,0.1666666666666666,0.6666666666666666,0.0301947312173518,-0.1814858737621157,True,7.7729933725882,1.0
2020-05-05,7.578871040699439,1.0,25.84360668887661,0.1578947368421052,0.6842105263157895,0.042014948839508,-0.1160005431422529,True,7.887645770657386,1.0
2020-05-06,7.739185985396156,1.0,26.39027338301112,0.1,0.7,0.0673425357695269,-0.1293760644126912,True,8.05449218996175,1.0
2020-05-07,7.852895854173941,1.0,26.77801888092972,0.0952380952380952,0.8095238095238095,0.0801632587986074,-0.0734862954673247,True,8.172834771690694,1.0
2020-05-08,7.879632312903804,1.0,26.869188993200712,0.0909090909090909,0.7727272727272727,0.0824848331770129,0.0199168002575542,True,8.200660514402303,1.0
2020-05-11,8.297836539722628,1.0,28.29524644892092,0.0434782608695652,0.8260869565217391,0.1395135441124571,0.0050147457825007,True,8.635903017306022,1.0
2020-05-12,8.401915372170858,1.0,28.65015054954292,0.0833333333333333,0.75,0.1437914024538957,0.1376102327616339,True,8.744222179641246,1.0
2020-05-13,8.357924127851412,1.0,28.50014240059292,0.2083333333333333,0.6666666666666666,0.1382872434598352,0.0746406663541601,True,8.698438665139037,1.0
2020-05-14,8.26994145959136,1.0,28.20012549019292,0.2916666666666667,0.625,0.118974323369227,0.0954385549625886,True,8.60687144919542,1.0
2020-05-15,8.51158658248948,1.0,29.02412440519332,0.24,0.72,0.1500877859923697,0.1583189702837497,True,8.858361561824575,1.0
2020-05-18,8.652616844800916,1.0,29.50503120659332,0.32,0.56,0.168070517880889,0.2093345792243459,True,9.0051376114607,1.0
2020-05-19,8.60910323018867,1.0,29.35665175329331,0.36,0.44,0.1694706857065528,0.2145520712236199,True,8.959851186026203,1.0
2020-05-20,8.610019957536599,1.0,29.359777751993324,0.36,0.6,0.1477819002990186,0.2019671121502713,True,8.96080526224018,1.0
2020-05-21,8.538102996777734,1.0,29.11454417589332,0.44,0.48,0.127529892506323,0.197336580331493,True,8.885958295149441,1.0
2020-05-22,8.429592189215542,1.0,28.74452724103981,0.4583333333333333,0.4583333333333333,0.109800376994777,0.1722565344604021,True,8.773026592295246,1.0
2020-05-26,8.248387256942486,1.0,28.12662663623981,0.625,0.2916666666666667,0.0732416876855928,0.1460221353317212,False,8.584439095557219,1.0
2020-05-27,8.098506973316455,1.0,27.61554166333982,0.625,0.125,0.0716477504833204,0.118748026985501,False,8.428452461281584,1.0
2020-05-28,8.118297973595439,1.0,27.68302807713982,0.625,0.2083333333333333,0.072535873660164,0.1220366891074247,False,8.449049777004374,1.0
2020-05-29,8.31508529272172,1.0,28.35406391473981,0.5416666666666666,0.375,0.1210477770095961,0.1526217001412861,True,8.653854510729223,1.0
2020-06-01,8.532447242488443,1.0,29.095258310149408,0.4347826086956521,0.5217391304347826,0.1564724937799531,0.1769618832643618,True,8.880072116830766,1.0
2020-06-02,8.513354432414696,1.0,29.030152693299407,0.4347826086956521,0.4347826086956521,0.1398699332344295,0.1742879994911839,True,8.860201436643779,1.0
2020-06-03,8.322117667046095,1.0,28.378043992399416,0.5652173913043478,0.3043478260869565,0.0980682508457173,0.1442035322272883,True,8.661173394676378,1.0
2020-06-04,8.09525551087266,1.0,27.60445432379942,0.6956521739130435,0.2608695652173913,0.0460086533840129,0.1164495285397606,False,8.425068529313942,1.0
2020-06-05,8.139969890186428,1.0,27.75692833029942,0.6956521739130435,0.2608695652173913,0.0365564552673776,0.1196501986503433,False,8.471604640429677,1.0
2020-06-08,8.168209672956348,1.0,27.85322470939941,0.6956521739130435,0.2608695652173913,0.0366232012602876,0.1221288930836637,False,8.500994954888554,1.0
2020-06-09,8.172879172450303,1.0,27.869147490999417,0.6956521739130435,0.217391304347826,-0.0150590297451801,0.1223535757566318,False,8.505854696891921,1.0
2020-06-10,8.321025659655453,1.0,28.374320296699413,0.6956521739130435,0.2608695652173913,-0.009627532405686,0.1327795136614258,False,8.660036897244233,1.0
2020-06-11,8.054192294260318,1.0,27.46443061659941,0.6956521739130435,0.2608695652173913,-0.0363405827744902,0.0969212216677366,False,8.382332334819726,1.0
2020-06-12,8.192069609467026,1.0,27.93458601129941,0.6956521739130435,0.2608695652173913,-0.0094162516753997,0.1084377795220723,False,8.525826981491987,1.0
2020-06-15,8.623280841243018,1.0,29.40499676429941,0.6086956521739131,0.391304347826087,0.0131226132367989,0.1651799431963141,False,8.97460641451213,1.0
2020-06-16,8.778140259153663,1.0,29.933060359399413,0.5217391304347826,0.391304347826087,0.0145069886491238,0.1850157036251634,True,9.135775040573964,1.0
2020-06-17,8.867538130889661,1.0,30.23790304949941,0.4782608695652174,0.4347826086956521,0.0300187945005423,0.2045767858951861,True,9.228815117534971,1.0
2020-06-18,8.975167896269369,1.0,30.60491567044942,0.391304347826087,0.4782608695652174,0.0424096506783522,0.1964589297456351,True,9.340829883208533,1.0
2020-06-19,9.166899543685956,1.0,31.258711896699413,0.3478260869565217,0.5217391304347826,0.0736459313205202,0.2105678815316773,True,9.540372969471028,1.0
2020-06-22,9.26292990473551,1.0,31.586171074699408,0.391304347826087,0.5652173913043478,0.0988586039293928,0.2195136929047945,True,9.640315753445,1.0
2020-06-23,9.33739174455966,1.0,31.84008257304941,0.391304347826087,0.5652173913043478,0.1320263529941052,0.2149378735919602,True,9.717811281843662,1.0
2020-06-24,9.2930437405489,1.0,31.68885788972441,0.3333333333333333,0.5833333333333334,0.1475008629576149,0.2297167184661968,True,9.671656472717856,1.0
2020-06-25,9.784474320014038,1.0,33.36461388852442,0.375,0.5833333333333334,0.2052371509197852,0.2926600806294388,True,10.183108681216204,1.0
2020-06-26,9.839086036999054,1.0,33.550837367824414,0.375,0.4583333333333333,0.1832814325562364,0.326515019543899,True,10.23994536258893,1.0
2020-06-29,9.820595927194978,1.0,33.48778693157281,0.391304347826087,0.4782608695652174,0.1509706005906517,0.3310658407324813,True,10.220701937597013,1.0
2020-06-30,10.1073997381578,1.0,34.46577492577281,0.3043478260869565,0.6521739130434783,0.1872405663828296,0.3532998251360024,True,10.519190571906927,1.0
2020-07-01,10.092846863765956,1.0,34.41615028379701,0.2083333333333333,0.5,0.2127738716951315,0.3317084839636615,True,10.504044791284548,1.0
2020-07-02,10.191736738576626,1.0,34.75336027409701,0.25,0.625,0.2589765356866373,0.3169003507356491,True,10.606963589958188,1.0
2020-07-06,10.085202155541792,1.0,34.39008217529701,0.2083333333333333,0.625,0.2389729067303476,0.2842653643727284,True,10.496088626023464,1.0
2020-07-07,10.697134769291738,1.0,36.47674464849702,0.2083333333333333,0.6666666666666666,0.3096058007311266,0.357567757542943,True,11.132952304908104,1.0
2020-07-08,10.761688478559224,1.0,36.696869870797016,0.2083333333333333,0.7083333333333334,0.3167560967786542,0.296927027550117,True,11.200136030445798,1.0
2020-07-09,10.819654798408884,1.0,36.89453239379701,0.125,0.6666666666666666,0.3002789849414893,0.2877605068775324,True,11.260463986304584,1.0
2020-07-10,10.695725633902327,1.0,36.47193956069703,0.25,0.5833333333333334,0.3279699867017636,0.2797107834779893,True,11.131485759200322,1.0
2020-07-13,10.823698551431908,1.0,36.90832140829702,0.4166666666666667,0.5,0.3212410376644843,0.3087998995299692,True,11.26467248797434,1.0
2020-07-14,11.465646894786357,1.0,39.097336158797006,0.25,0.5,0.3296153872142253,0.3470634156943344,True,11.932774782926826,1.0
2020-07-15,11.36901742022989,1.0,38.76783403089701,0.3333333333333333,0.5,0.2951510325179081,0.3139397738455463,True,11.83220847665071,1.0
2020-07-16,11.527479478026835,1.0,39.30818246469703,0.3333333333333333,0.4583333333333333,0.2999639029316812,0.3389872521919101,True,11.997126519625668,1.0
2020-07-17,11.993472026718228,1.0,40.89719593169701,0.2916666666666667,0.5416666666666666,0.3362950047656987,0.392966809121039,True,12.482104313297734,1.0
2020-07-20,12.123927145251136,1.0,41.34204197219701,0.25,0.6666666666666666,0.322576634277828,0.4199790222519777,True,12.617874371718168,1.0
2020-07-21,12.13433016408754,1.0,41.37751579484701,0.2083333333333333,0.625,0.3099883394220735,0.4394919578211234,True,12.628701225359878,1.0
2020-07-22,12.213021921550272,1.0,41.64585112059701,0.1666666666666666,0.625,0.3079693190195289,0.4806557380378609,True,12.710599004673357,1.0
2020-07-23,11.842962263521782,1.0,40.38396446199702,0.2916666666666667,0.625,0.2743900270098445,0.4623636557383748,True,12.325462553496855,1.0
2020-07-24,11.475460036353,1.0,39.13079852669701,0.3333333333333333,0.4166666666666667,0.1728233588267551,0.4135302835245313,True,11.94298772680189,1.0
2020-07-27,11.622656952254546,1.0,39.63273333729701,0.2083333333333333,0.5,0.1812740440065796,0.3977796430336042,True,12.096181668871855,1.0
2020-07-28,11.749838554864388,1.0,40.06641683689202,0.1739130434782608,0.6086956521739131,0.1964486312207383,0.3770771996519961,True,12.2285448433531,1.0
2020-07-29,11.81428130119049,1.0,40.286163680592,0.1739130434782608,0.6521739130434783,0.1688744491413369,0.3877351630289787,True,12.29561308515046,1.0
2020-07-30,11.969894600242135,1.0,40.81679797620842,0.2083333333333333,0.625,0.1859780260032397,0.4383231623412986,True,12.457566306617265,1.0
2020-07-31,11.988759595249268,1.0,40.88112675400841,0.2916666666666667,0.625,0.1763215537024964,0.4809612345338916,True,12.477199890205428,1.0
2020-08-03,12.565434233283938,1.0,42.84756112830842,0.2083333333333333,0.7083333333333334,0.2459278494858197,0.543670849253737,True,13.077369129833993,1.0
2020-08-04,12.678189636640685,1.0,43.23205194240841,0.1666666666666666,0.75,0.1851949059327513,0.5521381238065131,True,13.19471835976937,1.0
2020-08-05,12.9217987158814,1.0,44.06274785950841,0.25,0.625,0.2007222418327587,0.5810583324710188,True,13.448252443308736,1.0
2020-08-06,12.61753800918738,1.0,43.025232642208415,0.375,0.5416666666666666,0.1661682599192433,0.5163440812787765,True,13.131595692792127,1.0
2020-08-07,12.287238790540563,1.0,41.898927279508406,0.6666666666666666,0.25,0.1487989885972398,0.525570577610476,False,12.787839581753909,1.0
2020-08-10,12.099267494447004,1.0,41.25795368080841,0.7916666666666666,0.2083333333333333,0.1178496367904067,0.4769488140658238,False,12.592210049244999,1.0
2020-08-11,11.40265729267851,1.0,38.882544471008416,0.9166666666666666,0.0416666666666666,-0.0054937678341101,0.3223107889682102,False,11.867218888652701,1.0
2020-08-12,11.16609383985634,1.0,38.07587382060841,0.9166666666666666,0.0833333333333333,-0.0178488230664919,0.2720341108941115,False,11.621017481065127,1.0
2020-08-13,11.391767599494784,1.0,38.84541111089562,0.782608695652174,0.1739130434782608,-0.011772901334653,0.2846595561638561,False,11.855885532810769,1.0
2020-08-14,11.282942638299902,1.0,38.474322926395615,0.8260869565217391,0.1304347826086956,-0.059243010433964,0.2571288658555104,False,11.742626877227213,1.0
2020-08-17,11.596781434227657,1.0,39.544498993795614,0.5217391304347826,0.2608695652173913,-0.0434797821455036,0.2650712903486945,False,12.069251942896532,1.0
2020-08-18,11.807759868134395,1.0,40.26392588949561,0.4782608695652174,0.4782608695652174,-0.0269129232134829,0.2747327238326491,False,12.288825958995748,1.0
2020-08-19,11.775813086847473,1.0,40.15498881349561,0.4782608695652174,0.4347826086956521,-0.0357985793779119,0.2611458755287348,False,12.25557761726375,1.0
2020-08-20,11.91987829330199,1.0,40.64624463684562,0.5217391304347826,0.4782608695652174,0.006494661392034,0.2826667587166585,True,12.405512259282013,1.0
2020-08-21,11.823723485671405,1.0,40.31836110164562,0.4782608695652174,0.391304347826087,0.0303485392494198,0.2084168345647454,True,12.305439958584076,1.0
2020-08-24,11.63723926483034,1.0,39.68245836214561,0.6521739130434783,0.2608695652173913,0.0012546453565391,0.1827561240006927,False,12.111358087034562,1.0
2020-08-25,11.801234892962707,1.0,40.241676019945615,0.5217391304347826,0.4347826086956521,0.0043742165356854,0.2016821566075222,True,12.282035146414264,1.0
2020-08-26,11.865345489125536,1.0,40.460290246645606,0.5217391304347826,0.4782608695652174,0.0043222424312765,0.1739266078822505,True,12.34875770574566,1.0
2020-08-27,11.576594470090743,1.0,39.47566236118962,0.4166666666666667,0.5,-0.0328574430507883,0.1470098205543519,False,12.048242531146172,1.0
2020-08-28,11.549370660103955,1.0,39.382830403224766,0.3181818181818182,0.4545454545454545,-0.0366500747349567,0.1332092808469593,False,12.01990958174641,1.0
2020-08-31,11.689952555604531,1.0,39.862208294124784,0.2727272727272727,0.4090909090909091,-0.0696738100272241,0.1591193091931166,False,12.166218997426054,1.0
2020-09-01,12.22985102645132,1.0,41.703237605424775,0.3636363636363636,0.4545454545454545,-0.0353629834415504,0.1432828780992414,False,12.728113752896924,1.0
2020-09-02,12.11608693121032,1.0,41.31530719772476,0.4090909090909091,0.4090909090909091,-0.0623529124997767,0.1258537129512251,False,12.609714735436203,1.0
2020-09-03,11.557895661819266,1.0,39.41190027262477,0.6818181818181818,0.0454545454545454,-0.0839817044019631,0.0682314618317536,False,12.028781904993965,1.0
2020-09-04,11.298348491817844,1.0,38.52685618852478,0.8636363636363636,0.0454545454545454,-0.0804810841215214,0.0563424005572266,False,11.758660388642253,1.0
2020-09-08,11.048903085208394,1.0,37.67625865966558,0.9,0.05,-0.0868122313785256,0.0208066154749568,False,11.499052196882948,1.0
2020-09-09,11.340738649278489,1.0,38.67140470386557,0.75,0.15,-0.0054301941916449,-0.010894129799572,False,11.802777585572562,1.0
2020-09-10,11.24835424775269,1.0,38.35637808256557,0.75,0.15,0.0073669816030681,-0.0106133334145911,False,11.706629303057065,1.0
2020-09-11,11.1620844242567,1.0,38.06220189516558,0.8,0.15,-0.0201622068947638,-0.031697740556956,False,11.616844715777596,1.0
2020-09-14,11.463749086527846,1.0,39.09086471866558,0.7,0.2,0.0160247600315008,-0.044167605428211,False,11.93079965507423,1.0
2020-09-15,11.580769995577857,1.0,39.48990071381878,0.6190476190476191,0.2857142857142857,-0.0013806795222112,-0.0448004300228763,False,12.052588173890566,1.0
2020-09-16,11.608704738632868,1.0,39.58515692131877,0.7142857142857143,0.1904761904761904,-0.0168579926865483,-0.0433172180373248,False,12.081661020852733,1.0
2020-09-17,11.646601687978071,1.0,39.71438380066878,0.5714285714285714,0.238095238095238,-0.0109726095273808,-0.046378385072144,False,12.121101949537003,1.0
2020-09-18,11.775711714920154,1.0,40.15464313981878,0.4285714285714285,0.2857142857142857,-0.0120946350989878,-0.0056785242665819,False,12.255472115289974,1.0
2020-09-21,11.81567465620159,1.0,40.29091495801728,0.6,0.3,-0.000680735597341,0.0296471443210846,False,12.297063207563324,1.0
2020-09-22,12.023663873098064,1.0,41.00014875921729,0.6,0.4,0.0332058660541219,0.0345021729963159,True,12.513526221406137,1.0
2020-09-23,11.885126844869172,1.0,40.52774377301728,0.55,0.35,0.0071087435058587,0.0115140552249355,True,12.369344984000069,1.0
2020-09-24,11.66777106600841,1.0,39.78657042011727,0.6,0.2,-0.0166513839228868,-0.0124011128097413,False,12.143133800216578,1.0
2020-09-25,11.99903903313458,1.0,40.91617917121728,0.55,0.4,0.0364912638285177,0.0024348111546326,True,12.48789812802019,1.0
2020-09-28,12.085730030851208,1.0,41.21179154361728,0.55,0.45,0.0464405712252402,0.0080884460841443,True,12.578121048798446,1.0
2020-09-29,12.072635568860388,1.0,41.16714002181728,0.5,0.5,0.0327360621384549,-0.0392185940632434,True,12.564493098515841,1.0
2020-09-30,12.089634052175096,1.0,41.22510407935747,0.5714285714285714,0.4285714285714285,-0.0114651416417872,-0.0464226834693041,False,12.582184125887178,1.0
2020-10-01,12.3821381244369,1.0,42.22252970618687,0.4545454545454545,0.4090909090909091,0.0219585081171094,-0.041763581317919,True,12.886605258808704,1.0
2020-10-02,12.223732350789945,1.0,41.68237319878688,0.5454545454545454,0.3636363636363636,0.0576088163843031,-0.0312109746061935,True,12.721745793085587,1.0
2020-10-05,12.539686619708048,1.0,42.75976293318688,0.3181818181818182,0.5454545454545454,0.1098689891526334,0.0205455296727723,True,13.050572519331483,1.0
2020-10-06,12.48951748749958,1.0,42.58868846658687,0.4090909090909091,0.5,0.130385287225462,0.0322540181239638,True,12.998359420394104,1.0
2020-10-07,12.587116837559185,1.0,42.92149782598687,0.4090909090909091,0.5454545454545454,0.1099027344537206,0.1038757470717992,True,13.099935116376061,1.0
2020-10-08,12.4883330111706,1.0,42.58464945599888,0.391304347826087,0.4782608695652174,0.1102364609174404,0.1184155525000745,True,12.99712668669847,1.0
2020-10-09,12.707401866072392,1.0,43.33166432054287,0.3333333333333333,0.5833333333333334,0.1384434468581437,0.1154899145446015,True,13.225120739845654,1.0
2020-10-12,12.766546153663633,1.0,43.53334366014287,0.3333333333333333,0.5416666666666666,0.1136449391296283,0.1314908320394761,True,13.286674655642926,1.0
2020-10-13,13.043551389734398,1.0,44.47791895814288,0.3333333333333333,0.5416666666666666,0.1263112379155371,0.1247561630537108,True,13.574965506220835,1.0
2020-10-14,12.966740631895748,1.0,44.21599775584288,0.375,0.5416666666666666,0.1169842737703068,0.0981541610520975,True,13.495025361316205,1.0
2020-10-15,12.96163593271612,1.0,44.19859096304288,0.4583333333333333,0.5,0.1129114122701959,0.1006998699047889,True,13.489712688930247,1.0
2020-10-16,12.902292374323356,1.0,43.996232119042894,0.4166666666666667,0.5416666666666666,0.0956698573026204,0.0824181301895852,True,13.427951383736003,1.0
2020-10-19,12.838945435557177,1.0,43.78022192944789,0.4782608695652174,0.5217391304347826,0.0866028228712707,0.0858631336495712,True,13.362023594364748,1.0
2020-10-20,12.745836875489724,1.0,43.46272596034788,0.5217391304347826,0.391304347826087,0.0600626406404678,0.095262938694554,True,13.26512164998752,1.0
2020-10-21,12.386875132358233,1.0,42.23868268846398,0.625,0.2916666666666667,0.0422164856999964,0.0496253353744153,False,12.891535259635429,1.0
2020-10-22,12.23681857938278,1.0,41.72699664507298,0.6956521739130435,0.2608695652173913,0.048770884357868,0.0313073977152793,False,12.735365174529056,1.0
2020-10-23,12.237541186862757,1.0,41.72946070382297,0.6521739130434783,0.2608695652173913,0.0198767712205591,0.0570933635517454,False,12.736117222136501,1.0
2020-10-26,12.084599400983992,1.0,41.20793614702298,0.6521739130434783,0.217391304347826,-9.355081276252176e-05,0.0463426758592944,False,12.576944355351305,1.0
2020-10-27,12.183623445339668,1.0,41.54560364938936,0.6818181818181818,0.3181818181818182,0.0091933427333428,0.0422303587107764,False,12.68000278984122,1.0
2020-10-28,11.923330488332594,1.0,40.658016465407584,0.65,0.3,-0.0137558807094398,-0.0250633092304859,False,12.409105101987269,1.0
2020-10-29,11.953261975113074,1.0,40.76008147849648,0.7777777777777778,0.2222222222222222,-0.0346366794663204,-0.0134387411564219,False,12.440256043050352,1.0
2020-10-30,11.55444680127101,1.0,39.40013981449648,0.7777777777777778,0.1666666666666666,-0.054752961723322,-0.0002983986574345,False,12.025192532622942,1.0
2020-11-02,11.632872864077004,1.0,39.66756913351127,0.7058823529411765,0.2352941176470588,-0.0723155038185602,0.0296082540294644,False,12.106813792475375,1.0
2020-11-03,11.829486183433668,1.0,40.3380116397845,0.6875,0.25,-0.0528468217228186,0.070648017473361,False,12.311437437415423,1.0
2020-11-04,12.294225384911714,1.0,41.9227512496028,0.5333333333333333,0.3333333333333333,-0.0232691454625654,0.0840762462764179,False,12.795110820602943,1.0
2020-11-05,12.611082209376448,1.0,43.003218657502806,0.6,0.4,0.0098291099457428,0.1211490971575703,True,13.124876873880787,1.0
2020-11-06,12.651349642594685,1.0,43.14052877940279,0.5333333333333333,0.4666666666666667,-0.0044109900724367,0.1334217841160216,False,13.166784863555426,1.0
2020-11-09,12.006254227433557,1.0,40.94078265670281,0.7333333333333333,0.2,-0.0595534545584122,0.0473235358529664,False,12.495407280305697,1.0
2020-11-10,11.71424480817839,1.0,39.9450437742028,0.8,0.2,-0.1019129332063818,0.0115255559562537,False,12.191500953306424,1.0
2020-11-11,12.054779876054567,1.0,41.10625291877081,0.6923076923076923,0.2307692307692307,-0.0703307625046443,0.0384259180903447,False,12.545909937635331,1.0
2020-11-12,12.32199023886606,1.0,42.01742814297081,0.6153846153846154,0.3846153846153846,-0.0493491482996794,0.0579901819416683,False,12.82400685692417,1.0
2020-11-13,12.27910073862094,1.0,41.8711768913708,0.5384615384615384,0.3076923076923077,-0.0483008458979445,0.0427480763700236,False,12.779369973225089,1.0
2020-11-16,12.257067235246495,1.0,41.79604364367081,0.5384615384615384,0.4615384615384615,-0.0453213391420125,0.0373565278232537,False,12.756438791420976,1.0
2020-11-17,12.24917037874368,1.0,41.7691157209708,0.5384615384615384,0.3846153846153846,-0.0389669585134213,0.0187552237010029,False,12.748220204976976,1.0
2020-11-18,12.089686061291513,1.0,41.22528142808681,0.6428571428571429,0.2142857142857142,-0.023992255342138,0.0172113616532965,False,12.582238253934085,1.0
2020-11-19,12.36488147919765,1.0,42.1636853281868,0.3571428571428571,0.3571428571428571,0.0104653753738441,0.0597466653438314,True,12.868645551603489,1.0
2020-11-20,12.548605104161483,1.0,42.7901745608868,0.3571428571428571,0.5714285714285714,0.0254188249542042,0.0458008403430736,True,13.059854356402218,1.0
2020-11-23,12.691796256976362,1.0,43.27844990094761,0.4666666666666667,0.5333333333333333,0.0502455096643856,0.0501472583433564,True,13.208879334506555,1.0
2020-11-24,12.52280904237039,1.0,42.70221115954761,0.4666666666666667,0.5333333333333333,0.0278394681641662,0.0372887486698563,True,13.03300732383055,1.0
2020-11-25,12.605324670944835,1.0,42.98358571244759,0.4666666666666667,0.4666666666666667,0.0571982956674395,0.0426556020260149,True,13.11888476457907,1.0
2020-11-27,12.806505822370196,1.0,43.6696043190094,0.3125,0.625,0.0713816738086718,0.0342725701868709,True,13.328262342011737,1.0
2020-11-30,12.69007973670884,1.0,43.27259664464741,0.2941176470588235,0.5294117647058824,0.0982853575744453,0.0381509814298868,True,13.207092880593345,1.0
2020-12-01,12.599308772911137,1.0,42.96307177286101,0.3333333333333333,0.6666666666666666,0.083078008341219,0.0047546764932211,True,13.112623769712236,1.0
2020-12-02,12.660558278312877,1.0,43.1719298097626,0.3157894736842105,0.5789473684210527,0.0702542850967664,0.0136947476941751,True,13.176368673094617,1.0
2020-12-03,12.760748154202789,1.0,43.51357274481211,0.35,0.6,0.037946495585124,0.013794367596994,True,13.280640436868133,1.0
2020-12-04,12.982920292067009,1.0,44.2711696635822,0.2857142857142857,0.5714285714285714,0.0294850256716348,0.0396039471764571,True,13.511864205444212,1.0
2020-12-07,13.128711453030991,1.0,44.76831091356976,0.3636363636363636,0.6363636363636364,0.037732085818664,0.0331546598902687,True,13.66359511998299,1.0
2020-12-08,13.323399713937626,1.0,45.43218905779375,0.3478260869565217,0.6521739130434783,0.1097049472344566,0.0436181840860843,True,13.866215276664683,1.0
2020-12-09,12.952635033428326,1.0,44.16789830449376,0.3043478260869565,0.6521739130434783,0.1057166079016329,-0.0069702149046332,True,13.480345079319507,1.0
2020-12-10,13.251195959747472,1.0,45.18597752909376,0.3043478260869565,0.6521739130434783,0.0992482729667627,0.0219373037470969,True,13.79106983174219,1.0
2020-12-11,13.261966202673827,1.0,45.22270356924376,0.3043478260869565,0.6956521739130435,0.0762844269136728,0.0231707071172744,True,13.802278870741642,1.0
2020-12-14,13.397654760343148,1.0,45.68539539996045,0.25,0.6666666666666666,0.091094131853163,0.0383933623303718,True,13.94349558656641,1.0
2020-12-15,13.510077783709518,1.0,46.06875281336046,0.2916666666666667,0.625,0.1022275985286151,0.0522731677240135,True,14.060498894845216,1.0
2020-12-16,13.661879533406664,1.0,46.58638989846045,0.2083333333333333,0.6666666666666666,0.1153310069973798,0.0718699499189803,True,14.218485278641314,1.0
2020-12-17,13.963754281755074,1.0,47.615769105960446,0.1666666666666666,0.75,0.155013803581212,0.1273024174819974,True,14.532658863241437,1.0
2020-12-18,14.058868957875257,1.0,47.94010583986045,0.2083333333333333,0.75,0.1369998961597425,0.1488990268730758,True,14.631648655889707,1.0
2020-12-21,14.361526984862088,1.0,48.97215599201046,0.125,0.7916666666666666,0.1444719843880801,0.1735631174242315,True,14.946637431090963,1.0
2020-12-22,14.577076308168904,1.0,49.70716941336045,0.1666666666666666,0.7916666666666666,0.148543201688748,0.2062523402291645,True,15.170968561574503,1.0
2020-12-23,14.418346288921228,1.0,49.16590724316047,0.2083333333333333,0.7083333333333334,0.1513667772252507,0.1834202159650919,True,15.005771639991872,1.0
2020-12-24,14.337500951817873,1.0,48.89022830846046,0.2083333333333333,0.7083333333333334,0.1374162368753326,0.2024745070890743,True,14.921632540928668,1.0
2020-12-28,13.81611132221138,1.0,47.112313306760456,0.4166666666666667,0.5,0.0788353602336726,0.1558444340111335,True,14.379000705033128,1.0
2020-12-29,13.751111380354953,1.0,46.890666451560456,0.5833333333333334,0.25,0.0836111092806488,0.1901142146279388,True,14.311352566712316,1.0
2020-12-30,14.117511450672652,1.0,48.14007408196045,0.4166666666666667,0.4166666666666667,0.1204988864965113,0.213587702335195,True,14.692680333010243,1.0
2020-12-31,13.97937960718498,1.0,47.66905075736045,0.5,0.375,0.1041677072906965,0.1817402201933402,True,14.54892078818784,1.0
2021-01-04,14.00748115181223,1.0,47.76487575066045,0.44,0.36,0.0977006193166523,0.1393545110213396,True,14.578167232471923,1.0
2021-01-05,14.30020870348788,1.0,48.76306343216045,0.36,0.48,0.1014631825341925,0.1339398527475737,True,14.88282094969842,1.0
2021-01-06,14.251329829751285,1.0,48.59638868846046,0.36,0.44,0.0855086487913565,0.126467154284454,True,14.83195067632491,1.0
2021-01-07,14.91831144105002,1.0,50.87076574786045,0.36,0.6,0.1197075642370733,0.2425450234897235,True,15.526106132621104,1.0
2021-01-08,15.41986062200757,1.0,52.58102571906045,0.32,0.6,0.1904805919576824,0.3163341619121764,True,16.048089189822115,1.0
2021-01-11,15.433692454211275,1.0,52.62819163986046,0.36,0.56,0.1647018503909736,0.2802964975634707,True,16.062484551901257,1.0
2021-01-12,15.701539501527671,1.0,53.54153792936046,0.24,0.6,0.1839526101613788,0.2742697565204868,True,16.341244095189815,1.0
2021-01-13,15.866819582752852,1.0,54.105135513981054,0.2083333333333333,0.7083333333333334,0.1842982870194858,0.2921809113307139,True,16.513257938234357,1.0
2021-01-14,16.267663536966527,1.0,55.47199522708104,0.2083333333333333,0.75,0.2041132403088092,0.327206845222088,True,16.930432884630502,1.0
2021-01-15,16.025195794951113,1.0,54.64519121818105,0.25,0.6666666666666666,0.1729861733713544,0.3082678499402758,True,16.678086638130413,1.0
2021-01-19,16.405511034474802,1.0,55.94204894478106,0.25,0.7083333333333334,0.1748639157815965,0.3569840400572184,True,17.073896498785956,1.0
2021-01-20,16.467051485092767,1.0,56.15189909168105,0.375,0.5833333333333334,0.1712927643349673,0.3317597514215153,True,17.137944200935053,1.0
2021-01-21,16.41127944992631,1.0,55.96171897998106,0.3333333333333333,0.5833333333333334,0.1427252455274974,0.307817029359211,True,17.0798999282539,1.0
2021-01-22,16.836153351092538,1.0,57.41051972288105,0.25,0.6666666666666666,0.1549746324410512,0.3265382622131301,True,17.522083838179253,1.0
2021-01-25,16.584182010921626,1.0,56.55130887508106,0.3333333333333333,0.5416666666666666,0.1502138788041582,0.3243180467584989,True,17.259846802484482,1.0
2021-01-26,16.07274404657076,1.0,54.80732860078105,0.5,0.3333333333333333,0.1210282810501139,0.2750757688628436,True,16.727572077818703,1.0
2021-01-27,15.249634206242073,1.0,52.00056135788104,0.7916666666666666,0.0833333333333333,0.1037573345059907,0.1907724415823288,False,15.870927491047123,1.0
2021-01-28,15.757088439130282,1.0,53.73095728848104,0.5416666666666666,0.3333333333333333,0.1458774497049817,0.2416855343744959,True,16.399056180973144,1.0
2021-01-29,15.448978577161444,1.0,52.680316626181046,0.5416666666666666,0.1666666666666666,0.0943131607253169,0.2261766780711953,False,16.078393454743136,1.0
2021-02-01,15.989800911961296,1.0,54.52449627168105,0.4166666666666667,0.4583333333333333,0.1438133423133472,0.2629617557506372,True,16.64124971378926,1.0
2021-02-02,16.391790004799777,1.0,55.89526085558104,0.4166666666666667,0.5416666666666666,0.1702168167957218,0.2845477245314254,True,17.059616453498982,1.0
2021-02-03,16.52110250523992,1.0,56.336210620181056,0.375,0.5416666666666666,0.1553049922418519,0.2725259135523508,True,17.19419734182819,1.0
2021-02-04,17.036284680332674,1.0,58.09295848338106,0.25,0.625,0.1954171915078049,0.2976357002955958,True,17.730368822074595,1.0
2021-02-05,17.407040994601726,1.0,59.35722070818106,0.25,0.6666666666666666,0.1668238100126797,0.3065014462031192,True,18.116230312326174,1.0
2021-02-08,18.00898513791468,1.0,61.40982294998106,0.2083333333333333,0.7916666666666666,0.1679084253337455,0.390372313543682,True,18.742698575300636,1.0
2021-02-09,18.25313212976075,1.0,62.242353124681046,0.2083333333333333,0.7916666666666666,0.1826808253380845,0.3774705456931908,True,18.996792486822798,1.0
2021-02-10,18.350570964196788,1.0,62.57461513308107,0.2916666666666667,0.6666666666666666,0.1687115752191936,0.3836991200065811,True,19.09820112753062,1.0
2021-02-11,18.773035501838223,1.0,64.01520005558106,0.2083333333333333,0.6666666666666666,0.1831631036029692,0.4012180368616549,True,19.537877512797714,1.0
2021-02-12,19.09043156229834,1.0,65.09750623378106,0.25,0.75,0.1735201873899952,0.4130511954059681,True,19.868204771365303,1.0
2021-02-16,18.84578770740565,1.0,64.26328177861554,0.24,0.6,0.1760098253116633,0.379443264839443,True,19.613593753840515,1.0
2021-02-17,18.315964542021167,1.0,62.45660880221555,0.32,0.52,0.1164519351778632,0.3116790923450054,True,19.062184787096104,1.0
2021-02-18,17.98805483194312,1.0,61.33845155541557,0.44,0.36,0.0923664657408338,0.2794809373243994,True,18.720915536839026,1.0
2021-02-19,18.39704213194808,1.0,62.73307970851557,0.28,0.44,0.120999870124733,0.2809948518245782,True,19.14656560131604,1.0
2021-02-22,17.291965662966142,1.0,58.96481904381555,0.6,0.2,0.027073423624051,0.1862437499401605,True,17.996466636706405,1.0
2021-02-23,17.084321234743772,1.0,58.25676095636452,0.7083333333333334,0.1666666666666666,0.0301576058133459,0.1849015755621736,False,17.780362458752535,1.0
2021-02-24,17.23062407626716,1.0,58.75564701386452,0.6666666666666666,0.25,0.0720399719140334,0.2017871269318014,False,17.932625900494724,1.0
2021-02-25,16.56951612535989,1.0,56.5012988701389,0.7391304347826086,0.1304347826086956,0.0865517101110244,0.1992894193550705,False,17.24458340644531,1.0
2021-02-26,16.74264782916675,1.0,57.09167013183893,0.6521739130434783,0.1739130434782608,0.0625470494656228,0.2175487032332208,False,17.42476875911399,1.0
2021-03-01,17.782152279083164,1.0,60.63633318398892,0.4347826086956521,0.5217391304347826,0.1510244635442053,0.2595812187732216,True,18.506624200898372,1.0
2021-03-02,17.250431041853506,1.0,58.8231878686389,0.4782608695652174,0.391304347826087,0.0788396388943899,0.2339911731839166,True,17.953239831975772,1.0
2021-03-03,16.581338272635275,1.0,56.54161185643492,0.8181818181818182,0.1363636363636363,0.0115636100621103,0.1837487477532715,False,17.2568872059764,1.0
2021-03-04,15.7012635810006,1.0,53.54059705287101,0.85,0.1,-0.0496237417556904,0.0979744356577823,False,16.34095693324092,1.0
2021-03-05,15.591324012665256,1.0,53.1657081085486,0.8888888888888888,0.1111111111111111,-0.0848166542635632,0.0940259048749678,False,16.226538259727228,1.0
2021-03-08,14.90076601082461,1.0,50.8109366261486,0.8333333333333334,0.1666666666666666,-0.1439805297496779,-0.0011761002774833,False,15.507845874890277,1.0
2021-03-09,15.437421877166145,1.0,52.64090880307709,0.8125,0.1875,-0.1427933468241122,0.0011388724962611,False,16.066365917217933,1.0
2021-03-10,15.455379250870164,1.0,52.70214263337709,0.875,0.125,-0.1532752219729456,0.0014051593112429,False,16.085054901631043,1.0
2021-03-11,15.898233049470916,1.0,54.2122540114771,0.625,0.25,-0.1336382349906467,0.0125270230937621,False,16.54595123735104,1.0
2021-03-12,15.847709247503616,1.0,54.03997013707711,0.6875,0.25,-0.1558259586761109,-0.0012044212861661,False,16.493369018869576,1.0
2021-03-15,15.90486022466691,1.0,54.23485237847712,0.75,0.25,-0.1668674344650544,-0.0223021155727233,False,16.552848413741216,1.0
2021-03-16,15.832647580622496,1.0,53.98861053577709,0.75,0.1875,-0.1598840108762929,-0.0120153423890939,False,16.477693716778283,1.0
2021-03-17,15.756282909359111,1.0,53.72821046847709,0.75,0.1875,-0.1397513970279609,-0.0395737824778136,False,16.398217832694275,1.0
2021-03-18,15.510772532995752,1.0,52.8910312143771,0.8125,0.1875,-0.137718186990859,-0.0580722634506061,False,16.142704990296544,1.0
2021-03-19,15.68766911277522,1.0,53.49424053247709,0.6875,0.1875,-0.1472722082028498,-0.0440922561436443,False,16.326808605709495,1.0
2021-03-22,15.813136005524363,1.0,53.922076949177104,0.6875,0.25,-0.0855212002073861,-0.0607631282653868,False,16.45738721044308,1.0
2021-03-23,15.596934167399558,1.0,53.1848384818771,0.8125,0.125,-0.0870615254130999,-0.059529486764671,False,16.23237698069571,1.0
2021-03-24,15.246688515058512,1.0,51.99051668447709,0.875,0.125,-0.1151400873483882,-0.0513948040931119,False,15.867861787925781,1.0
2021-03-25,15.367875158556112,1.0,52.4037576452585,0.7647058823529411,0.1764705882352941,-0.072521186358885,0.0077536910534976,False,15.993985759545145,1.0
2021-03-26,15.492665369582426,1.0,52.82928660795851,0.7647058823529411,0.2352941176470588,-0.0746585887930325,-0.0167812137736811,False,16.123860113513608,1.0
2021-03-29,15.25196073689091,1.0,52.00849472192901,0.7647058823529411,0.2352941176470588,-0.1422882619877499,-0.0127528068788818,False,15.8733488080921,1.0
2021-03-30,15.512457651951904,1.0,52.89677739362899,0.6470588235294118,0.2941176470588235,-0.1007495630506201,-0.0298529833259086,False,16.14445876356121,1.0
2021-03-31,15.742576912010582,1.0,53.68147363882898,0.5882352941176471,0.2941176470588235,-0.0505846601060494,-0.0396059913285299,False,16.38395343217364,1.0
2021-04-01,16.011487546134536,1.0,54.59844671112901,0.4117647058823529,0.5294117647058824,0.0197578980528247,-0.0308463045334742,True,16.66381989441349,1.0
2021-04-05,16.058505067373336,1.0,54.758774327189,0.3888888888888889,0.6111111111111112,0.0299641681699758,-0.0573939465855554,True,16.712752980958236,1.0
2021-04-06,16.22012196338762,1.0,55.3098806162973,0.2631578947368421,0.5789473684210527,0.0885428273690476,-0.0681861455707599,True,16.880954395056474,1.0
2021-04-07,16.000409892955627,1.0,54.5606724159531,0.35,0.55,0.0364690438772172,-0.1115318397775982,True,16.652290920800375,1.0
2021-04-08,16.098316133648353,1.0,54.8945282585003,0.1904761904761904,0.5714285714285714,0.0415995539379594,-0.1180518488988023,True,16.754186010606478,1.0
2021-04-09,16.17779474304393,1.0,55.16554671367229,0.3181818181818182,0.5454545454545454,0.0175844505929116,-0.1184037393382521,True,16.836902699396962,1.0
2021-04-12,16.06465032149044,1.0,54.7797293651561,0.391304347826087,0.5217391304347826,0.0136891124514415,-0.1442699652958404,True,16.719148602072,1.0
2021-04-13,16.098745893939434,1.0,54.8959937216113,0.4166666666666667,0.5416666666666666,0.0121903409733727,-0.1567112644151627,True,16.75463327998527,1.0
2021-04-14,16.112371479970292,1.0,54.9424563523113,0.4583333333333333,0.4166666666666667,0.0176675377837722,-0.1450412298956986,True,16.768813993108886,1.0
2021-04-15,16.26234437550196,1.0,55.45385712761129,0.4583333333333333,0.5416666666666666,0.0321180743614504,-0.1121218684283711,True,16.924897012440013,1.0
2021-04-16,16.199541038711494,1.0,55.239700596111305,0.4166666666666667,0.4583333333333333,0.044405815651705,-0.099427859762557,True,16.859534972215513,1.0
2021-04-19,15.984267678208116,1.0,54.50562819541129,0.4166666666666667,0.5,0.0189064776481904,-0.1311501292672462,True,16.635491047679626,1.0
2021-04-20,15.560737216513983,1.0,53.06140852021131,0.5833333333333334,0.25,-0.015961336759654,-0.1001175042904404,False,16.194705310993175,1.0
2021-04-21,15.895819788895553,1.0,54.204024902311296,0.5416666666666666,0.4166666666666667,0.0191631007919952,-0.0695667934077008,True,16.543439656870444,1.0
2021-04-22,15.826360550427518,1.0,53.96717204781133,0.5,0.375,0.0380195368191909,-0.0814981233195041,True,16.471150543413657,1.0
2021-04-23,16.157521754081625,1.0,55.09641674031133,0.375,0.375,0.051382939240359,-0.0248645988308431,True,16.81580375803902,1.0
2021-04-26,16.47046945274116,1.0,56.16355420642129,0.2608695652173913,0.5652173913043478,0.0631140000660255,-0.0162565909050197,True,17.14150142178249,1.0
2021-04-27,16.467508673440307,1.0,56.153458083221295,0.3478260869565217,0.5652173913043478,0.0796978144330831,-0.0739305110545722,True,17.13842001583102,1.0
2021-04-28,16.508813908079322,1.0,56.29430706092128,0.3043478260869565,0.6521739130434783,0.0642294263412253,-0.0429912233482652,True,17.18140808853431,1.0
2021-04-29,16.409817577280155,1.0,55.95673406052629,0.25,0.625,0.0423844627851563,-0.0103442009646576,True,17.078378496693336,1.0
2021-04-30,16.158966907080334,1.0,55.10134464652631,0.4166666666666667,0.5,0.0092108469322955,0.0291507319597887,True,16.817307788768268,1.0
2021-05-03,16.319435357326636,1.0,55.6485347876263,0.4166666666666667,0.5,0.0162487285621277,0.0466997763672876,True,16.984313967671714,1.0
2021-05-04,16.043409661403622,1.0,54.70729967712632,0.5,0.375,-0.0108946346015692,0.0766835510167027,False,16.69704256519658,1.0
2021-05-05,16.112529176733805,1.0,54.9429940911263,0.5,0.3333333333333333,0.0070072757215766,0.0437318682445437,True,16.768978114678326,1.0
2021-05-06,15.835802831731222,1.0,53.99936979902631,0.5416666666666666,0.3333333333333333,-0.0163068795355824,0.0246143154875768,False,16.480977517614775,1.0
2021-05-07,16.09714399569864,1.0,54.89053132122631,0.4166666666666667,0.4166666666666667,-0.0049852744843335,0.0125115127957162,False,16.75296611797445,1.0
2021-05-10,15.52115090980345,1.0,52.926421008826296,0.5833333333333334,0.3333333333333333,-0.0338320100848954,-0.0206060278239643,False,16.15350619795583,1.0
2021-05-11,15.522409209688128,1.0,52.9307117543927,0.5454545454545454,0.4090909090909091,-0.035800098221829,-0.0240461726526605,False,16.15481576289107,1.0
2021-05-12,14.998115052115075,1.0,51.14289244399269,0.7272727272727273,0.2272727272727272,-0.0691553337905825,-0.0527096004795049,False,15.609161064143244,1.0
2021-05-13,15.012158200605068,1.0,51.190778943749706,0.5714285714285714,0.238095238095238,-0.0768761345861176,-0.047227173631925,False,15.623776351855486,1.0
2021-05-14,15.353589429758705,1.0,52.355043957649706,0.4285714285714285,0.3333333333333333,-0.0522207145826686,-0.0101338023559219,False,15.979118008434922,1.0
2021-05-17,15.373210473878055,1.0,52.4219508286497,0.3809523809523809,0.4285714285714285,-0.0382286643737281,-0.0200449561140397,False,15.999538443725717,1.0
2021-05-18,15.328080728837294,1.0,52.268060443849706,0.6190476190476191,0.2857142857142857,-0.0149515080448611,-0.0306741987495464,False,15.952570044251704,1.0
2021-05-19,15.20018544521365,1.0,51.83194332434971,0.5714285714285714,0.3333333333333333,-0.0437620929854682,-0.0254376095922223,False,15.819464112306996,1.0
2021-05-20,15.4339029089413,1.0,52.62890928094971,0.6666666666666666,0.238095238095238,-0.0247977189850897,0.0122790200441156,False,16.06270358087698,1.0
2021-05-21,15.464189412321328,1.0,52.7321848845497,0.5714285714285714,0.2857142857142857,-0.042910809733872,0.0062672459771768,False,16.094224002455686,1.0
2021-05-24,15.571020190759947,1.0,53.0964729962497,0.6190476190476191,0.238095238095238,-0.0546098133123654,0.0050575429926578,False,16.20540722924531,1.0
2021-05-25,15.436814307790984,1.0,52.6388370190497,0.6666666666666666,0.238095238095238,-0.0625895747856313,0.0121199873307409,False,16.065733594542618,1.0
2021-05-26,15.62090241595681,1.0,53.266569122946,0.5909090909090909,0.2727272727272727,-0.0537840875223613,0.0069908177310165,False,16.257321732143186,1.0
2021-05-27,15.923988635395402,1.0,54.300079391946,0.4545454545454545,0.3636363636363636,-0.0296059928513402,0.0115236358315908,False,16.572756145007762,1.0
2021-05-28,15.907562148259432,1.0,54.24406581544599,0.4545454545454545,0.3636363636363636,-0.0155582197962633,-0.0064906772450502,False,16.55566041780921,1.0
2021-06-01,16.131646775016755,1.0,55.008184234646,0.4090909090909091,0.3181818181818182,-0.0115070514511136,0.0045547021554344,False,16.78887459298386,1.0
2021-06-02,16.054316010323976,1.0,54.74448983254601,0.5909090909090909,0.3636363636363636,0.0006798024329326,-0.0102222383677446,True,16.708393255355187,1.0
2021-06-03,15.97139466840891,1.0,54.46173181554602,0.5454545454545454,0.4090909090909091,-0.0087593019554428,-0.0018134050777965,False,16.622093571887653,1.0
2021-06-04,16.074973718810874,1.0,54.814931682046,0.4545454545454545,0.3636363636363636,0.0151031740936058,-0.001449991082526,True,16.72989259029612,1.0
2021-06-07,16.24958534160571,1.0,55.410349400408414,0.4545454545454545,0.4090909090909091,0.0094700864916037,0.0044376010267193,True,16.91161815610258,1.0
2021-06-08,16.334887119564236,1.0,55.7012245964084,0.4545454545454545,0.5,0.052427568966346,0.0168218288394546,True,17.000395258197464,1.0
2021-06-09,16.240636841474636,1.0,55.37983542060841,0.4545454545454545,0.5454545454545454,0.0462703709252965,0.0088137888795813,True,16.902305080469873,1.0
2021-06-10,16.16056879320867,1.0,55.1068070056084,0.4545454545454545,0.4090909090909091,0.0775066558067016,0.0029913233628149,True,16.81897493817317,1.0
2021-06-11,16.429558452915234,1.0,56.0240495515628,0.3043478260869565,0.5217391304347826,0.0944168209107358,0.0102822860930911,True,17.098923645618022,1.0
2021-06-14,16.3612145662045,1.0,55.79099999599491,0.4166666666666667,0.4166666666666667,0.0656279849774277,0.0099801301226172,True,17.02779532504503,1.0
2021-06-15,16.46613626527549,1.0,56.14877823359231,0.44,0.44,0.0710928789568399,0.0301464287741086,True,17.136991693670815,1.0
2021-06-16,16.55666860171141,1.0,56.4574893968923,0.44,0.52,0.0801527532773709,0.0640028406970654,True,17.231212455148583,1.0
2021-06-17,16.2894691876965,1.0,55.54635150759231,0.48,0.36,0.0716625298032698,0.0247643345249768,True,16.95312693072695,1.0
2021-06-18,16.163903781291715,1.0,55.11817916379231,0.6,0.36,0.0472985269285002,0.0213279123642289,True,16.8224457987416,1.0
2021-06-21,16.60842184442127,1.0,56.633965608492296,0.4,0.44,0.0739923963417226,0.0279065129666775,True,17.28507420365784,1.0
2021-06-22,16.66018720151505,1.0,56.81048312959231,0.4,0.48,0.0699483397626983,0.011518660674382,True,17.33894856010944,1.0
2021-06-23,16.698565017707256,1.0,56.941349743092296,0.4,0.48,0.0817364700227996,0.0140310443339628,True,17.378889946887224,1.0
2021-06-24,17.01984722625068,1.0,58.03690751009231,0.32,0.48,0.0895559534937526,0.0309551807305348,True,17.713261681119967,1.0
2021-06-25,17.063088345011725,1.0,58.18435776489231,0.4,0.52,0.0715335671041843,0.0398097519765268,True,17.75826450880795,1.0
2021-06-28,16.770513328794912,1.0,57.18669022239232,0.56,0.28,0.0542478585023105,0.0378456385999914,True,17.453769541566817,1.0
2021-06-29,16.73344329007578,1.0,57.0602830707923,0.48,0.32,0.0373053367366709,0.0253690108563273,True,17.415189213104853,1.0
2021-06-30,16.925322620672624,1.0,57.7145828899923,0.52,0.36,0.0542537352440637,0.054970419498211,True,17.614885999384924,1.0
2021-07-01,17.047166407926163,1.0,58.1300646811923,0.4,0.44,0.0673561552921304,0.0580068604339263,True,17.74169388779604,1.0
2021-07-02,16.931094461653537,1.0,57.73426460609229,0.48,0.44,0.0532579870933684,0.0691655258379204,True,17.62089299394355,1.0
2021-07-06,16.72512535275533,1.0,57.0319192815923,0.56,0.32,0.0292647474475578,0.0390119736286449,True,17.40653239037045,1.0
2021-07-07,16.551133424521772,1.0,56.43861469359229,0.64,0.32,0.0132383103338706,0.0663599317282437,False,17.225451766423948,1.0
2021-07-08,16.38516269338825,1.0,55.8726620240923,0.68,0.24,0.0088990261480714,0.0555811583141132,False,17.052719135343654,1.0
2021-07-09,16.815657576902375,1.0,57.34063006199232,0.52,0.36,0.0405362454797386,0.1211847301125343,True,17.500753034984527,1.0
2021-07-12,16.855761416831488,1.0,57.47738233819229,0.48,0.4,0.0259412305654893,0.1228073399967313,True,17.5424907663307,1.0
2021-07-13,16.70258166755473,1.0,56.95504633699231,0.6,0.36,0.0208644107666284,0.0878616849804112,True,17.38307024115685,1.0
2021-07-14,16.311230913147174,1.0,55.6205580048923,0.72,0.28,-0.0094075106407922,0.0610165613007767,False,16.97577526196145,1.0
2021-07-15,16.13550430038709,1.0,55.02133822129232,0.72,0.2,-0.0254377442380396,0.0526761038014866,False,16.792889279803198,1.0
2021-07-16,15.81221457644683,1.0,53.91893491779231,0.8,0.12,-0.0292983525583594,0.0402645831815102,False,16.4564282409439,1.0
2021-07-19,15.550416490188246,1.0,53.02621531129231,0.84,0.16,-0.0379541538606237,0.0075491974994512,False,16.183964102584167,1.0
2021-07-20,16.007831145995812,1.0,54.58597855240528,0.6666666666666666,0.2083333333333333,-0.036161816218992,0.0351548806846182,False,16.660014526973534,1.0
2021-07-21,16.40702559804702,1.0,55.9472135379053,0.625,0.25,-0.0151956037711874,0.0536898287360245,False,17.075472767981026,1.0
2021-07-22,16.31843322499556,1.0,55.64511756180529,0.7083333333333334,0.2083333333333333,-0.0227643388703523,0.0571114544507818,False,16.98327100694573,1.0
2021-07-23,16.29525214724545,1.0,55.5660711375053,0.75,0.2083333333333333,-0.0425735360237337,0.0431697038578127,False,16.95914549684099,1.0
2021-07-26,16.28442376147872,1.0,55.52914683290531,0.7916666666666666,0.2083333333333333,-0.0456344459917562,0.0226347264078146,False,16.94787594617344,1.0
2021-07-27,16.05963024400734,1.0,54.7626111285053,0.8333333333333334,0.1666666666666666,-0.0423888685367183,0.0095594846231392,False,16.713923998999167,1.0
2021-07-28,16.312909192235598,1.0,55.6262808605053,0.8333333333333334,0.1666666666666666,-0.0251313546500969,0.0112364484387033,False,16.977521916691774,1.0
2021-07-29,16.433441013895862,1.0,56.03728890850532,0.75,0.2083333333333333,-0.0290618747896699,0.0236151451938588,False,17.10296438803649,1.0
2021-07-30,16.357607275291674,1.0,55.778699297505305,0.75,0.2083333333333333,-0.0404500734100812,0.0241815204558617,False,17.024041067615503,1.0
2021-08-02,16.196807905379035,1.0,55.23038073534411,0.8333333333333334,0.1666666666666666,-0.0433691134343116,0.0075791219755216,False,16.856690486875348,1.0
2021-08-03,16.416417609510557,1.0,55.9792398712441,0.8333333333333334,0.1666666666666666,-0.0184577237380115,0.0102668630858966,False,17.085247424272247,1.0
2021-08-04,16.399072373826776,1.0,55.9200934038441,0.8333333333333334,0.1666666666666666,-0.00918734969955,0.0039293356478522,False,17.06719551731308,1.0
2021-08-05,16.75851950060025,1.0,57.1457918119441,0.75,0.1666666666666666,0.0227862740333157,0.0318880758298267,False,17.441287066574763,1.0
2021-08-06,16.856257105576944,1.0,57.4790726143441,0.5,0.2916666666666667,0.0024143884049077,0.0430485041257109,True,17.543006650189348,1.0
2021-08-09,16.858709684485607,1.0,57.4874357972441,0.5416666666666666,0.2916666666666667,0.0001749115676956,0.0261206795544912,True,17.545559150891926,1.0
2021-08-10,16.880194255694715,1.0,57.5606972111441,0.5416666666666666,0.2916666666666667,0.0106338404251007,0.0317201200063852,True,17.56791903619963,1.0
2021-08-11,17.02380809067965,1.0,58.050413878244086,0.5416666666666666,0.4166666666666667,0.0436862908340125,0.0338678009473423,True,17.71738391718833,1.0
2021-08-12,17.079480141525753,1.0,58.240253047944094,0.4583333333333333,0.4166666666666667,0.058503026838524,0.0315770975666149,True,17.775324132035887,1.0
2021-08-13,16.9100532230654,1.0,57.662514936333,0.4347826086956521,0.391304347826087,0.0694297842538682,0.0380972533983881,True,17.598994503301896,1.0
2021-08-16,16.741460037011283,1.0,57.087619814433005,0.4782608695652174,0.4347826086956521,0.0765923888646034,0.0357312356924597,True,17.423532574500072,1.0
2021-08-17,16.618524058171104,1.0,56.668413699433,0.5217391304347826,0.4347826086956521,0.0381496348009677,0.0006082584994815,True,17.295587996956385,1.0
2021-08-18,16.519610354275333,1.0,56.33112245303301,0.5652173913043478,0.3478260869565217,0.0068619845538437,-0.0084378912157078,True,17.192644398364486,1.0
2021-08-19,16.332777340579657,1.0,55.69403034571,0.6666666666666666,0.3333333333333333,0.0008790130392011,-0.021905335981847,False,16.99819952360912,1.0
2021-08-20,16.431696029820305,1.0,56.03133859191002,0.625,0.375,0.0083732292904668,-0.0345567847120995,False,17.101148310656427,1.0
2021-08-23,16.825709577367977,1.0,57.37490692791001,0.5416666666666666,0.4166666666666667,0.0332394823309429,-0.0139118290220384,True,17.511214569233285,1.0
2021-08-24,17.067873949632034,1.0,58.20067645971002,0.5,0.4166666666666667,0.0627812527627105,0.0177311579560632,True,17.76324508623707,1.0
2021-08-25,17.237361973857457,1.0,58.77862293921,0.4166666666666667,0.5,0.0566700133451285,0.0301144644916293,True,17.93963831027791,1.0
2021-08-26,17.08912182704946,1.0,58.27313075851001,0.4166666666666667,0.4166666666666667,0.0398991795205376,0.0096777597714312,True,17.785358634488123,1.0
2021-08-27,17.41635726520211,1.0,59.388988768609984,0.375,0.5416666666666666,0.0647252359157495,0.0216570219613914,True,18.125926141956327,1.0
2021-08-30,17.433996568050254,1.0,59.44913799171002,0.375,0.5416666666666666,0.0763847216006272,0.0297028705105697,True,18.144284096823267,1.0
2021-08-31,17.4204591495551,1.0,59.40297600831002,0.375,0.5833333333333334,0.0611608186345642,0.0415742054026051,True,18.130195143314822,1.0
2021-09-01,17.465869439293062,1.0,59.55782303781001,0.3333333333333333,0.5,0.0650522810771243,0.0552672733225654,True,18.17745551730357,1.0
2021-09-02,17.722641145448353,1.0,60.43340291601001,0.2916666666666667,0.5,0.0575302397573702,0.0816274135989998,True,18.444688493191936,1.0
2021-09-03,17.755285521434065,1.0,60.544718758310005,0.375,0.4583333333333333,0.0533349966262479,0.0558781564285859,True,18.478662850691453,1.0
2021-09-07,17.70122276161835,1.0,60.3603671980724,0.5,0.4166666666666667,0.0499749442810601,0.0501585970446054,True,18.422397491837806,1.0
2021-09-08,17.479605320604286,1.0,59.60466177041622,0.5217391304347826,0.4347826086956521,0.035509725529808,0.0465211707097319,True,18.19175101930498,1.0
2021-09-09,17.329513249793337,1.0,59.09285461281624,0.5652173913043478,0.3478260869565217,0.0179575073617663,0.0624282950850387,True,18.03554396931249,1.0
2021-09-10,17.301958494780944,1.0,58.99889414731624,0.5652173913043478,0.3043478260869565,0.0130260611805312,0.0722911520259004,True,18.006866591683572,1.0
2021-09-13,17.263177436043428,1.0,58.866652495016254,0.5217391304347826,0.3043478260869565,0.0208825015699156,0.0917621534024641,True,17.966505533646046,1.0
2021-09-14,17.09920155095944,1.0,58.30750216011624,0.6086956521739131,0.3478260869565217,0.0213685970732102,0.0995976578343362,False,17.79584902167653,1.0
2021-09-15,17.375122220362456,1.0,59.24837913494403,0.4166666666666667,0.4583333333333333,0.045527398193905,0.0854138866094085,True,18.083011118691555,1.0
2021-09-16,17.391787987101612,1.0,59.30520864404404,0.4583333333333333,0.4166666666666667,0.0527965014986293,0.0600207748302539,True,18.10035587410815,1.0
2021-09-17,17.341275725874237,1.0,59.13296412304404,0.4166666666666667,0.4583333333333333,0.0617469009871887,0.0626801903574878,True,18.047785666553903,1.0
2021-09-20,16.920093080962957,1.0,57.69675039664405,0.625,0.2916666666666667,0.0297228630724608,0.0383449687106025,False,17.60944340027592,1.0
2021-09-21,17.053022657141124,1.0,58.15003422554406,0.625,0.2916666666666667,0.0135098658827974,0.0471984091620452,False,17.747788729508525,1.0
2021-09-22,17.24123866159038,1.0,58.79184226864405,0.5416666666666666,0.3333333333333333,0.0101573700667081,0.0735763152469812,True,17.943672940163623,1.0
2021-09-23,17.656533355238214,1.0,60.20797834814404,0.375,0.4166666666666667,0.0243176062564838,0.0823656986726888,True,18.375887371090986,1.0
2021-09-24,17.603034154626155,1.0,60.02554849924404,0.4166666666666667,0.4166666666666667,0.0300724831139798,0.0711715300369104,True,18.320208531699848,1.0
2021-09-27,17.681978061995125,1.0,60.29474364474403,0.3333333333333333,0.5,0.0152512257728958,0.0809636008748002,True,18.402368733890142,1.0
2021-09-28,17.19087109068104,1.0,58.62009113506954,0.6086956521739131,0.217391304347826,-0.0139454815435016,0.0613740183318385,False,17.89125331783097,1.0
2021-09-29,17.138730531150777,1.0,58.442294190669536,0.6521739130434783,0.1739130434782608,-0.0161722843230294,0.0439994241631473,False,17.83698847262513,1.0
2021-09-30,17.036224809161524,1.0,58.092754325401536,0.7727272727272727,0.1363636363636363,-0.0245990977789497,0.0388529558752146,False,17.730306511660917,1.0
2021-10-01,17.145375168303133,1.0,58.46495210214916,0.6,0.25,-0.0325722318929581,0.0230841195541775,False,17.843903822398318,1.0
2021-10-04,16.947226834779034,1.0,57.78927526714914,0.65,0.25,-0.0455108810094633,0.0053967929316873,False,17.637682624479645,1.0
2021-10-05,17.02103089302897,1.0,58.04094376014915,0.65,0.25,-0.0384262645439527,0.0096283293075942,False,17.714493572282596,1.0
2021-10-06,16.938734127451983,1.0,57.76031552014916,0.75,0.25,-0.0309429865967709,0.0034679619719133,False,17.62884391134283,1.0
2021-10-07,17.146701846995228,1.0,58.46947601634916,0.6,0.3,-0.01054913661815,0.0072189345451356,False,17.845284551997555,1.0
2021-10-08,16.955790352106952,1.0,57.81847647304215,0.6666666666666666,0.2857142857142857,-0.0200074542300177,-0.0072420113723532,False,17.646595032524424,1.0
2021-10-11,16.836811603057473,1.0,57.41276433224215,0.6666666666666666,0.238095238095238,-0.0246979928559245,-0.0043312471605965,False,17.522768908330125,1.0
2021-10-12,16.96167798075614,1.0,57.83855301984214,0.6666666666666666,0.2857142857142857,-0.0080426895836892,0.0131540464964223,False,17.652722532116986,1.0
2021-10-13,17.154249477328577,1.0,58.49521309364214,0.5238095238095238,0.3333333333333333,-0.0127120108988378,0.0322366425130304,False,17.853139684266942,1.0
2021-10-14,17.39484515524925,1.0,59.315633448842135,0.5238095238095238,0.4285714285714285,0.000175782280114,0.052981564468159,True,18.103537595934576,1.0
2021-10-15,17.475194038832115,1.0,59.58961949954215,0.4761904761904761,0.4761904761904761,0.007722517943594,0.0699462604816176,True,18.187160015206,1.0
2021-10-18,17.690630169094593,1.0,60.32424693774214,0.4285714285714285,0.5238095238095238,0.0455397665039194,0.076616201820528,True,18.41137334098847,1.0
2021-10-19,17.731013149303415,1.0,60.461951069642126,0.3809523809523809,0.5238095238095238,0.0397577899117123,0.0538047782040134,True,18.45340158521378,1.0
2021-10-20,17.827538752244457,1.0,60.79109900004215,0.3809523809523809,0.5714285714285714,0.034005682663637,0.0445084610335306,True,18.55385978798692,1.0
2021-10-21,17.860479939595223,1.0,60.90342695564214,0.4285714285714285,0.5238095238095238,0.0115507716182856,0.0361492649909416,True,18.588143049397804,1.0
2021-10-22,17.861657047149414,1.0,60.90744083904214,0.4285714285714285,0.5238095238095238,0.0146919497088677,0.0452062562323789,True,18.589368114103557,1.0
2021-10-25,17.936599523025716,1.0,61.16299128454213,0.4285714285714285,0.5714285714285714,0.0144000552504841,0.0298708995171474,True,18.66736386039795,1.0
2021-10-26,17.90985978512352,1.0,61.07180999044213,0.3809523809523809,0.4761904761904761,0.0418238663212491,0.0272951308218865,True,18.63953470491554,1.0
2021-10-27,17.665492151312062,1.0,60.23852743664215,0.4285714285714285,0.4285714285714285,0.0307351597134835,0.0140658176488539,True,18.38521116213883,1.0
2021-10-28,18.168336940944563,1.0,61.95320537469213,0.2727272727272727,0.5909090909090909,0.0664532280164684,0.0402194407838147,True,18.908542613082197,1.0
2021-10-29,18.348275823747937,1.0,62.56678880819215,0.2727272727272727,0.6818181818181818,0.0701588996237663,0.0353014357829082,True,19.095812479570103,1.0
2021-11-01,18.657356774776503,1.0,63.620740840165126,0.217391304347826,0.6956521739130435,0.1009091314272103,0.050805786944595,True,19.417485858504683,1.0
2021-11-02,18.707611674926696,1.0,63.79210777155844,0.2083333333333333,0.7083333333333334,0.0990880512759346,0.0568542030605081,True,19.469788219700146,1.0
2021-11-03,18.84236928669002,1.0,64.25162511893664,0.24,0.68,0.1123835550469429,0.0779630856126569,True,19.61003606146719,1.0
2021-11-04,18.84507088585921,1.0,64.26083744963665,0.28,0.68,0.099049313041015,0.0874552916876614,True,19.612847727894348,1.0
2021-11-05,18.760082381156128,1.0,63.97103050123665,0.32,0.6,0.1064115556739568,0.0842750771142475,True,19.52439666228367,1.0
2021-11-08,18.778070035937176,1.0,64.03236758863665,0.28,0.6,0.1152984590340833,0.0877528256606356,True,19.54311716147093,1.0
2021-11-09,18.756540344626792,1.0,63.95895231723665,0.32,0.56,0.1058186793728197,0.0969249229987789,True,19.52071031780042,1.0
2021-11-10,18.297422605508377,1.0,62.39338163923662,0.32,0.52,0.0666408128021363,0.0530816631646502,True,19.042887423896563,1.0
2021-11-11,18.47082379679385,1.0,62.98467184102254,0.2916666666666667,0.625,0.0618561781919573,0.062042833692113,True,19.2233532433735,1.0
2021-11-12,18.553578423090904,1.0,63.26686136532253,0.2083333333333333,0.625,0.061709436923131,0.0699085071006531,True,19.309479418975247,1.0
2021-11-15,18.576233538042608,1.0,63.34411428032252,0.2916666666666667,0.5833333333333334,0.0500605891640395,0.097880103209538,True,19.333057537757444,1.0
2021-11-16,18.62474396711585,1.0,63.50953264442255,0.2916666666666667,0.6666666666666666,0.0504049492427083,0.0921667285369227,True,19.38354435547179,1.0
2021-11-17,18.486336290049326,1.0,63.03756873982255,0.3333333333333333,0.5416666666666666,0.0369539254386375,0.0722162515639166,True,19.239497739191123,1.0
2021-11-18,18.65334512565751,1.0,63.60706129852254,0.2916666666666667,0.625,0.044392154563807,0.0564556898211028,True,19.41331076870082,1.0
2021-11-19,18.67526627027188,1.0,63.68181140794404,0.3478260869565217,0.6086956521739131,0.0455506015469213,0.0609117784029253,True,19.436125014078133,1.0
2021-11-22,18.279909302577884,1.0,62.33366207014405,0.4347826086956521,0.5652173913043478,0.0191401820122847,0.0338158569412501,True,19.024660602375505,1.0
2021-11-23,18.12620512893958,1.0,61.80953780564403,0.391304347826087,0.4347826086956521,0.0120796782560947,0.0544087634259304,True,18.86469428699423,1.0
2021-11-24,18.298504656229248,1.0,62.39707138314405,0.391304347826087,0.5652173913043478,0.0358332787728288,0.067669780032453,True,19.044013559009073,1.0
2021-11-26,17.914377836798295,1.0,61.087216341844055,0.4782608695652174,0.3478260869565217,-0.0139781150565266,0.0515462220928499,False,18.644236828885294,1.0
2021-11-29,18.17446898728633,1.0,61.97411537474405,0.391304347826087,0.4782608695652174,-0.009472652260691,0.0600216565039466,False,18.91492448831577,1.0
2021-11-30,17.662215220096346,1.0,60.227353249744034,0.6956521739130435,0.1739130434782608,-0.053337756612208,0.0421891081229883,False,18.381800723762773,1.0
2021-12-01,17.103454091841826,1.0,58.32200313175204,0.7727272727272727,0.1818181818181818,-0.0857489246067086,0.0048424328309399,False,17.800274817540494,1.0
2021-12-02,17.335223246044738,1.0,59.112325441192056,0.7142857142857143,0.238095238095238,-0.0799870768751949,0.0234072461147005,False,18.041486599493275,1.0
2021-12-03,16.92093580832499,1.0,57.69962405874664,0.85,0.15,-0.1021028304530305,-0.0131667326279314,False,17.61032046163205,1.0
2021-12-06,16.975937421414027,1.0,57.887177066086856,0.6111111111111112,0.2222222222222222,-0.095103258263632,0.0011882117488297,False,17.667562924068914,1.0
2021-12-07,17.2968277987955,1.0,58.981398706586845,0.5555555555555556,0.3333333333333333,-0.0788814949729604,0.0273220492444357,False,18.001526863342388,1.0
2021-12-08,17.39164597974251,1.0,59.30472440538685,0.6111111111111112,0.2777777777777778,-0.0727689829684015,0.0253493787273988,False,18.100208081153305,1.0
2021-12-09,17.22991887434769,1.0,58.75324230728685,0.6111111111111112,0.2222222222222222,-0.0583417541462545,0.004411116739273,False,17.931891967576792,1.0
2021-12-10,17.209960080137236,1.0,58.68518372378685,0.4444444444444444,0.3888888888888889,-0.0682624516658256,-0.0106287278479294,False,17.91112002174263,1.0
2021-12-13,17.079705652331175,1.0,58.24102202956784,0.7647058823529411,0.2352941176470588,-0.0794387334426774,-0.0226314160301808,False,17.775558830494404,1.0
2021-12-14,16.881052192802514,1.0,57.563622737790254,0.7777777777777778,0.1111111111111111,-0.0912553851009949,-0.0457630942795025,False,17.568811926969694,1.0
2021-12-15,17.116269203180117,1.0,58.36570208049024,0.6666666666666666,0.2777777777777778,-0.0809930470238478,-0.0346705482053888,False,17.813612036000226,1.0
2021-12-16,16.99659694582049,1.0,57.95762510779024,0.7222222222222222,0.2222222222222222,-0.0805859701378864,-0.0466100126311246,False,17.689064148912735,1.0
2021-12-17,16.877937434181987,1.0,57.55300155209024,0.7777777777777778,0.2222222222222222,-0.0951790512380253,-0.0550120998280133,False,17.56557026834694,1.0
2021-12-20,16.694421406259398,1.0,56.92722021589025,0.7777777777777778,0.1666666666666666,-0.106067824433951,-0.0653486760947692,False,17.374577518408568,1.0
2021-12-21,16.97542447767532,1.0,57.88542795119025,0.7777777777777778,0.1666666666666666,-0.0713616683381798,-0.0535873616465881,False,17.66702908222235,1.0
2021-12-22,17.091823983102213,1.0,58.28234498815765,0.631578947368421,0.2631578947368421,-0.057065510319417,-0.0456751650675006,False,17.78817088048711,1.0
2021-12-23,17.180286616188486,1.0,58.58399855685765,0.631578947368421,0.3684210526315789,-0.0611098043828458,-0.0274662902662204,False,17.880237615753764,1.0
2021-12-27,17.542496665585663,1.0,59.81911840585765,0.5263157894736842,0.3157894736842105,-0.0207588103031267,-0.0344467563207997,False,18.25720465330789,1.0
2021-12-28,17.436582374960988,1.0,59.45795547605764,0.4210526315789473,0.4736842105263157,-0.0406001744998171,-0.049688235425748,False,18.14697525343928,1.0
2021-12-29,17.49106412760834,1.0,59.64373578285765,0.5263157894736842,0.4210526315789473,-0.0096902393247517,-0.0625111403103422,False,18.20367667552961,1.0
2021-12-30,17.397357880211292,1.0,59.32420172705765,0.4736842105263157,0.4736842105263157,0.0171838850089149,-0.0700385392578735,True,18.10615269313219,1.0
2021-12-31,17.450877788811244,1.0,59.50670218925764,0.4210526315789473,0.5263157894736842,0.0066716500344403,-0.0738490726249436,True,18.161853084186134,1.0
2022-01-03,17.37131988251871,1.0,59.23541333526164,0.45,0.5,0.0266169719745719,-0.0782035266551514,True,18.079053867822537,1.0
2022-01-04,17.332856915603916,1.0,59.10425636165764,0.238095238095238,0.6190476190476191,0.0210250241462164,-0.0760777824187922,True,18.039023861152256,1.0
2022-01-05,16.83509230662569,1.0,57.406901609347656,0.4090909090909091,0.5,-0.0266948077150864,-0.1034705763474652,False,17.52097956514749,1.0
2022-01-06,16.96819417479828,1.0,57.86077294613843,0.4090909090909091,0.4090909090909091,-0.024348000496184,-0.0953452042311642,False,17.65950420581234,1.0
2022-01-07,16.562469655217367,1.0,56.47727072637842,0.5652173913043478,0.217391304347826,-0.0387378039326716,-0.0948195266457204,False,17.23724985239494,1.0
2022-01-10,16.334360908571927,1.0,55.69943024077843,0.5652173913043478,0.1739130434782608,-0.0508774667395001,-0.1156668977911409,False,16.999847608569212,1.0
2022-01-11,16.57124502503448,1.0,56.507194339656046,0.5,0.3181818181818182,-0.0297698706082383,-0.1068437232350449,False,17.246382744121448,1.0
2022-01-12,16.63708700823132,1.0,56.73171251765604,0.5,0.2727272727272727,-0.0144520129305215,-0.1043885740260572,False,17.314907229827213,1.0
2022-01-13,16.360711542913727,1.0,55.78928470937604,0.5217391304347826,0.3043478260869565,-0.0441426604885373,-0.1215604589356792,False,17.027271807820533,1.0
2022-01-14,16.282190574070366,1.0,55.521531765076034,0.7391304347826086,0.217391304347826,-0.0420323182356684,-0.1192310732313891,False,16.945551775314467,1.0
2022-01-18,15.823911096335028,1.0,53.95881952039284,0.7727272727272727,0.1818181818181818,-0.0624499493470269,-0.1516850736563396,False,16.46860129483702,1.0
2022-01-19,15.653967980224005,1.0,53.37932119819285,0.8636363636363636,0.1363636363636363,-0.0623234193456554,-0.1617807342783279,False,16.291734437775187,1.0
2022-01-20,15.354914134742206,1.0,52.359561141592856,0.8636363636363636,0.1363636363636363,-0.0954621396987317,-0.1600114704848777,False,15.980496683913676,1.0
2022-01-21,15.116991301246,1.0,51.54825506471685,0.9523809523809524,0.0476190476190476,-0.1155425356479581,-0.1660145522070251,False,15.732880512416452,1.0
2022-01-24,15.234178760001784,1.0,51.947858986816826,0.9047619047619048,0.0952380952380952,-0.1132756338507731,-0.1674631864076553,False,15.854842366426816,1.0
2022-01-25,15.07889644057482,1.0,51.41835331671684,0.9523809523809524,0.0476190476190476,-0.1404361233166917,-0.1582796467761807,False,15.69323360919786,1.0
2022-01-26,15.042702442914951,1.0,51.29493342541685,0.9523809523809524,0.0476190476190476,-0.1372906617000622,-0.1723168113776615,False,15.655565013039942,1.0
2022-01-27,14.90026402003644,1.0,50.80922486031684,0.9523809523809524,0.0476190476190476,-0.1481213543481619,-0.1563762623001737,False,15.507323432234113,1.0
2022-01-28,15.140788018470513,1.0,51.62940079171683,0.9523809523809524,0.0476190476190476,-0.1297076186670579,-0.1147526144620979,False,15.757646744083871,1.0
2022-01-31,15.52986281845815,1.0,52.95612822241684,0.9047619047619048,0.0952380952380952,-0.1100812803574138,-0.1041440541008611,False,16.162573043015676,1.0
2022-02-01,15.696255523529691,1.0,53.523519803916855,0.9047619047619048,0.0952380952380952,-0.096427005565345,-0.0723766284954977,False,16.335744839893838,1.0
2022-02-02,15.815084215100487,1.0,53.92872025551684,0.9047619047619048,0.0952380952380952,-0.0875662164577759,-0.068382274126977,False,16.45941479303961,1.0
2022-02-03,15.525741672118908,1.0,52.94207530021685,0.9047619047619048,0.0952380952380952,-0.0777750790229687,-0.1023936959585114,False,16.158283994908324,1.0
2022-02-04,15.53078584867579,1.0,52.95927571361685,0.9047619047619048,0.0952380952380952,-0.0847119210986743,-0.1069973556979151,False,16.163533678887863,1.0
2022-02-07,15.567695509925674,1.0,53.085135985316846,0.9047619047619048,0.0952380952380952,-0.0600619452291846,-0.0964730813037533,False,16.20194709585863,1.0
2022-02-08,15.672501345253927,1.0,53.44251913280375,0.7272727272727273,0.2272727272727272,-0.0405194648889309,-0.089335403901242,False,16.311022880276624,1.0
2022-02-09,16.07648161148315,1.0,54.82007352770373,0.5,0.4090909090909091,-0.0298567435822648,-0.0587377827972758,False,16.731461916808627,1.0
2022-02-10,15.79088538018049,1.0,53.84620332540375,0.7727272727272727,0.1818181818181818,-0.0508623671699363,-0.064579316512441,False,16.43423006079037,1.0
2022-02-11,15.535551471600302,1.0,52.97552627175765,0.8695652173913043,0.0869565217391304,-0.0504354635890412,-0.0923517685317855,False,16.168493460536506,1.0
2022-02-14,15.398441945515248,1.0,52.50798900315763,0.8695652173913043,0.1304347826086956,-0.0542770104879197,-0.0940279401458792,False,16.025797883882152,1.0
2022-02-15,15.697374106036309,1.0,53.52733411955764,0.7391304347826086,0.1304347826086956,-0.0079965685808252,-0.0699471326250296,False,16.3369089951526,1.0
2022-02-16,15.631749462796154,1.0,53.30355706095765,0.6086956521739131,0.217391304347826,-0.0014193537035417,-0.0636543140731314,False,16.268610704163827,1.0
2022-02-17,15.380779269081438,1.0,52.44776007719004,0.75,0.2083333333333333,0.0016844857686768,-0.0939384585458247,False,16.007415603154133,1.0
2022-02-18,15.300411233777703,1.0,52.173708719990046,0.7083333333333334,0.2083333333333333,0.0121333623124189,-0.1048110927830513,False,15.92377325189161,1.0
2022-02-22,15.13486478356714,1.0,51.609202829204136,0.6956521739130435,0.1739130434782608,-0.0065191552494711,-0.1190563276571886,False,15.751482187584203,1.0
2022-02-23,15.002989234629917,1.0,51.15951318541534,0.75,0.1666666666666666,-0.005034002736477,-0.1447631702240923,False,15.614233828265,1.0
2022-02-24,15.264716670125246,1.0,52.051991876015336,0.6666666666666666,0.2916666666666667,0.014758932316371,-0.1245579929673922,False,15.88662443744196,1.0
2022-02-25,15.69235395940524,1.0,53.51021564711535,0.625,0.3333333333333333,0.0531594566581954,-0.102835948406591,False,16.331684320114597,1.0
2022-02-28,15.683584184260038,1.0,53.48031111141533,0.625,0.3333333333333333,0.0358499283608855,-0.0985076991432474,False,16.322557250995434,1.0
2022-03-01,15.511757828744422,1.0,52.89439102821534,0.7083333333333334,0.25,-0.001165817749028,-0.1111187633959654,False,16.14373042849218,1.0
2022-03-02,15.972670858180372,1.0,54.46608356481535,0.4583333333333333,0.375,0.0176102723503905,-0.0805148390448928,True,16.62342175557087,1.0
2022-03-03,15.854931018357092,1.0,54.06459604831535,0.5833333333333334,0.3333333333333333,0.0025195441715419,-0.085267299236534,True,16.50088501564842,1.0
2022-03-04,15.774174288883268,1.0,53.78921926161535,0.7083333333333334,0.25,0.0160013364907709,-0.0630182477422406,False,16.416838134224307,1.0
2022-03-07,15.488962366003236,1.0,52.81665953361534,0.6666666666666666,0.3333333333333333,-0.0026929405298652,-0.08717673746285,False,16.12000624393816,1.0
2022-03-08,15.591875272504398,1.0,53.16758787961075,0.6363636363636364,0.3636363636363636,0.0015532011506329,-0.0586020323609909,False,16.227111978730427,1.0
2022-03-09,15.778265789871064,1.0,53.80317109451076,0.5454545454545454,0.3181818181818182,0.0067484087119993,-0.0340444980867935,True,16.42109632918352,1.0
2022-03-10,15.869767356024408,1.0,54.11518728721075,0.5909090909090909,0.3636363636363636,-0.012858177582282,-0.0423310178535375,False,16.516325808271127,1.0
2022-03-11,15.648202501473682,1.0,53.35966117701074,0.6818181818181818,0.3181818181818182,-0.0090357744528937,-0.0594385607449422,False,16.285734064654115,1.0
2022-03-14,15.331175814819954,1.0,52.27861454674633,0.6363636363636364,0.2727272727272727,-0.0131553525572591,-0.0629273198413977,False,15.955791228743422,1.0
2022-03-15,15.573321036888087,1.0,53.10431877724635,0.6818181818181818,0.3181818181818182,0.0113569341620158,-0.0435364967605261,False,16.207801815343185,1.0
2022-03-16,15.89765511732161,1.0,54.21028328904635,0.5454545454545454,0.3181818181818182,0.0127588862909422,0.0046602904008765,True,16.54534975936724,1.0
2022-03-17,16.247907354412945,1.0,55.40462754014635,0.3636363636363636,0.3636363636363636,0.0394170782408747,0.0379417777613491,True,16.909871805160197,1.0
2022-03-18,16.451210093261306,1.0,56.097880663646336,0.3181818181818182,0.4545454545454545,0.0695953570006464,0.071397075157757,True,17.121457406713375,1.0
2022-03-21,16.478660859853186,1.0,56.19148653334633,0.3181818181818182,0.4545454545454545,0.0770077096669359,0.0900754344215934,True,17.150026559275414,1.0
2022-03-22,16.510645985403517,1.0,56.30055436154635,0.3636363636363636,0.5909090909090909,0.090901453135554,0.0837896972006899,True,17.183314807474414,1.0
2022-03-23,16.351575845798628,1.0,55.75813239634636,0.3636363636363636,0.5,0.08988786101745,0.0844013625426352,True,17.01776390851406,1.0
2022-03-24,16.493713714411765,1.0,56.24281608502595,0.3478260869565217,0.6086956521739131,0.0805122735551195,0.0964594810675278,True,17.165692690016744,1.0
2022-03-25,16.633563993382978,1.0,56.71969919672595,0.3478260869565217,0.6521739130434783,0.0599788939513199,0.116326796022927,True,17.31124068199719,1.0
2022-03-28,16.494852567791728,1.0,56.24669952342595,0.3478260869565217,0.5217391304347826,0.0517272310972054,0.0894315769872327,True,17.16687794201505,1.0
2022-03-29,16.706564672448685,1.0,56.968628203125945,0.3043478260869565,0.5217391304347826,0.0770258830040655,0.0757702671134967,True,17.3872155197264,1.0
2022-03-30,16.54760988986493,1.0,56.42659960013874,0.3043478260869565,0.5217391304347826,0.0359951718024733,0.0542393289316043,True,17.221784677607623,1.0
2022-03-31,16.245592238561102,1.0,55.39673310003874,0.391304347826087,0.4347826086956521,0.0246397300468665,0.0272213551066367,True,16.907462367968392,1.0
2022-04-01,16.335440491738854,1.0,55.70311157043875,0.4347826086956521,0.4347826086956521,0.0355813364666026,0.0521520218949669,True,17.0009711755959,1.0
2022-04-04,16.35382777282945,1.0,55.765811365438736,0.391304347826087,0.5217391304347826,0.0558375303903193,0.0529942227117783,True,17.0201075824762,1.0
2022-04-05,16.02682078765512,1.0,54.650732369638746,0.4347826086956521,0.4347826086956521,0.0278956512638175,0.0294921799720913,True,16.679777835508013,1.0
2022-04-06,15.898262148966738,1.0,54.212353239438734,0.5652173913043478,0.3478260869565217,0.0076051678108193,0.0144048993035295,True,16.545981522404592,1.0
2022-04-07,16.04102796072204,1.0,54.69917818576764,0.5,0.5,0.0107916266732557,-0.0022053115611927,True,16.69456383040785,1.0
2022-04-08,16.050030477780076,1.0,54.72987636083994,0.48,0.48,0.0256788584036125,0.0164110555779759,True,16.70393312369926,1.0
2022-04-11,15.780877274067864,1.0,53.81207613723994,0.52,0.48,0.0293324833450285,0.0157912516279856,True,16.423814209217298,1.0
2022-04-12,15.86046145428035,1.0,54.08345458411194,0.4583333333333333,0.5416666666666666,0.0184379694422354,0.0300043024092879,True,16.506640769940294,1.0
2022-04-13,16.04432353527832,1.0,54.71041594561194,0.4166666666666667,0.5,0.0092257893931102,0.0221023864818634,True,16.69799367168251,1.0
2022-04-14,15.930447850665333,1.0,54.32210502321195,0.4583333333333333,0.5416666666666666,-0.0195384855922008,0.0191084426333778,False,16.579478518529115,1.0
2022-04-18,16.054252228762305,1.0,54.74427234031196,0.4583333333333333,0.4583333333333333,-0.0241294021685131,0.0437866604740035,False,16.708326875235727,1.0
2022-04-19,16.228115944558308,1.0,55.337139729711936,0.4583333333333333,0.5416666666666666,-0.0152042036319396,0.0606326651359909,False,16.889274063175023,1.0
2022-04-20,16.37481330950817,1.0,55.83737109421196,0.4583333333333333,0.5416666666666666,-0.0082269752507222,0.0819266338796309,False,17.04194810182796,1.0
2022-04-21,15.901202606083425,1.0,54.22238006491194,0.5,0.4166666666666667,-0.027543109236834,0.0598689606055471,False,16.549041778215212,1.0
2022-04-22,15.48551436433,1.0,52.80490200421193,0.7083333333333334,0.2916666666666667,-0.0611262792321191,0.0144645786080574,False,16.11641776543404,1.0
2022-04-25,15.461154811102183,1.0,52.72183703195475,0.6521739130434783,0.2608695652173913,-0.0704845445478309,-0.0147332356191522,False,16.091065766968743,1.0
2022-04-26,15.128764651198765,1.0,51.58840165435476,0.6956521739130435,0.1304347826086956,-0.0828190437579555,-0.0353758124764674,False,15.74513352654783,1.0
2022-04-27,15.22290899732439,1.0,51.90942960695964,0.5909090909090909,0.1818181818181818,-0.0888067477792751,-0.0186212829396276,False,15.843113456482168,1.0
2022-04-28,15.637572177474482,1.0,53.32341225405964,0.6818181818181818,0.2272727272727272,-0.054995115212852,-0.0209795020307622,False,16.27467064509167,1.0
2022-04-29,15.144004661419885,1.0,51.640369398359645,0.8181818181818182,0.1818181818181818,-0.0678083975619217,-0.0448394481258913,False,15.760994437957972,1.0
2022-05-02,15.122460370150018,1.0,51.566904341759646,0.8636363636363636,0.1363636363636363,-0.0742545095249967,-0.0413152477459656,False,15.738572399503429,1.0
2022-05-03,15.50830259763424,1.0,52.882608846759645,0.8181818181818182,0.1363636363636363,-0.051701973809458,0.0012486460470362,False,16.140134426012867,1.0
2022-05-04,15.939962741213678,1.0,54.35455036865965,0.6363636363636364,0.3181818181818182,-0.0054195431266286,0.0223249264521192,False,16.589381060185904,1.0
2022-05-05,15.658395986996448,1.0,53.39442050055965,0.7272727272727273,0.2272727272727272,-0.01508757119003,-0.0075971468899685,False,16.296342848276403,1.0
2022-05-06,15.7337233945588,1.0,53.65128354565964,0.6363636363636364,0.2727272727272727,-0.0191574110409699,-0.0085725239956944,False,16.374739208959028,1.0
2022-05-09,14.952703745990284,1.0,50.98804194865964,0.9545454545454546,0.0454545454545454,-0.0683691369501728,-0.0444459199334811,False,15.561899632358546,1.0
2022-05-10,15.02421576928395,1.0,51.23189470635965,0.8636363636363636,0.0909090909090909,-0.0479480000790141,-0.0200219506477306,False,15.636325164216043,1.0
2022-05-11,14.938051803236242,1.0,50.93807948805964,0.8636363636363636,0.1363636363636363,-0.058157806675617,-0.0407921490956941,False,15.546650747178257,1.0
2022-05-12,14.928800258695384,1.0,50.906532140559655,0.9090909090909092,0.0909090909090909,-0.0695275979775726,-0.0609432555604122,False,15.537022280645726,1.0
2022-05-13,15.327813062022136,1.0,52.26714771214365,0.8695652173913043,0.1304347826086956,-0.0378291178184315,-0.0566284797371713,False,15.952291472283529,1.0
2022-05-16,15.369436169361911,1.0,52.40908062134365,0.8260869565217391,0.1739130434782608,-0.0426563660295242,-0.0657564955870637,False,15.995610368304737,1.0
2022-05-17,15.593514015853144,1.0,53.17317592014364,0.782608695652174,0.217391304347826,-0.0391050896403017,-0.0537147315263051,False,16.228817486974943,1.0
2022-05-18,15.506503081310663,0.0,51.22685434863666,0.9545454545454546,0.0454545454545454,-0.0825704479853856,-0.0901181182040911,False,16.138261594658083,0.0
2022-05-19,15.509934304088883,0.0,51.223735893421136,0.9523809523809524,0.0476190476190476,-0.0553027028304732,-0.0813226036821553,False,16.1418326106695,0.0
2022-05-20,15.509934304088883,0.0,51.49284995004515,0.8,0.2,-0.02484716388759,-0.08445462844179,False,16.1418326106695,0.0
2022-05-23,15.509934304088883,0.0,52.51820786084516,0.65,0.35,-0.0038623307261879,-0.0740746406518904,False,16.1418326106695,0.0
2022-05-24,15.508117774382766,0.0,52.15091709094515,0.65,0.35,0.010903912867068,-0.0728181825277581,False,16.139942072781103,0.0
2022-05-25,15.509934304088882,0.0,52.90717796408415,0.55,0.4,0.019220946265045,-0.0712927512412689,True,16.1418326106695,0.0
2022-05-26,15.5133655268671,0.0,53.55556177638415,0.55,0.4,0.0043536134037791,-0.050880929279806,True,16.145403626680913,0.0
2022-05-27,15.50993430408888,0.0,54.53505968018633,0.3809523809523809,0.4285714285714285,0.0560547942540208,-0.0155545890819291,True,16.141832610669496,0.0
2022-05-31,15.508117774382765,0.0,53.81717757058634,0.4285714285714285,0.3809523809523809,0.04363793517472,-0.0338568878233592,True,16.1399420727811,0.0
2022-06-01,15.508319611016775,0.0,54.16994032868634,0.4761904761904761,0.4285714285714285,0.024343191646559,-0.0286173732198479,True,16.140152132546476,0.0
2022-06-02,15.511750833794997,0.0,54.63374294958634,0.3333333333333333,0.6190476190476191,0.0051365079654428,-0.0003108726876246,True,16.143723148557893,0.0
2022-06-03,15.50831961101678,0.0,54.85633660188635,0.2857142857142857,0.5238095238095238,0.0273795667716139,0.0118789044187648,True,16.14015213254648,0.0
2022-06-06,15.510136140722896,0.0,55.61248942538634,0.2857142857142857,0.6190476190476191,0.0365546870478434,0.0166969828416241,True,16.142042670434876,0.0
2022-06-07,15.50831961101678,0.0,56.59622548099176,0.3,0.6,0.1099901725580883,0.0341011024371182,True,16.14015213254648,0.0
2022-06-08,15.510136140722896,0.0,56.138505041691744,0.25,0.55,0.0957725722121891,0.0432324688331775,True,16.142042670434876,0.0
2022-06-09,15.511750833794997,0.0,55.054772304991744,0.35,0.45,0.0808175898719756,0.0179596094285949,True,16.143723148557893,0.0
2022-06-10,15.50831961101678,0.0,54.02711342489174,0.5,0.25,0.0613002134130007,-0.0124894411586905,True,16.14015213254648,0.0
2022-06-13,15.510136140722896,0.0,51.70735851089175,0.8,0.05,-0.0107101540021827,-0.0481341161430123,False,16.142042670434876,0.0
2022-06-14,15.50831961101678,0.0,51.63937839863043,0.8888888888888888,0.0,-0.0146864286415235,-0.0567163249952485,False,16.14015213254648,0.0
2022-06-15,15.510136140722896,0.0,51.65155128713043,0.8888888888888888,0.0,-0.0286163955167623,-0.0666024384451988,False,16.142042670434876,0.0
2022-06-16,15.513567363501114,0.0,49.46442380029445,1.0,0.0,-0.0344044265600922,-0.1141340856317306,False,16.145613686446293,0.0
2022-06-17,15.511750833795,0.0,48.25250131169443,1.0,0.0,-0.0580050347735044,-0.1100999024032274,False,16.1437231485579,0.0
2022-06-21,15.51518205657322,0.0,49.530171302890444,0.8421052631578947,0.1052631578947368,-0.0381155568017455,-0.0620156572028157,False,16.147294164569317,0.0
2022-06-22,15.516796749645325,0.0,48.49195948175225,0.85,0.15,-0.0766638570333752,-0.0802300865889549,False,16.148974642692338,0.0
2022-06-23,15.516796749645325,0.0,47.523962971790056,0.8421052631578947,0.1578947368421052,-0.0887223921889278,-0.0787859005556458,False,16.148974642692338,0.0
2022-06-24,15.513567363501116,0.0,48.49068510142445,0.7777777777777778,0.1666666666666666,-0.083476250909807,-0.0658597971779068,False,16.145613686446296,0.0
2022-06-27,15.513567363501116,0.0,49.49984148642845,0.7058823529411765,0.2352941176470588,-0.0757292082359242,-0.0717052905281786,False,16.145613686446296,0.0
2022-06-28,15.516796749645325,0.0,49.75738454519245,0.7777777777777778,0.2222222222222222,-0.0876074063732931,-0.0364634272586557,False,16.14897464269234,0.0
2022-06-29,15.51861327935144,0.0,48.80257648219245,0.8333333333333334,0.0555555555555555,-0.093178448123125,-0.053606628027283,False,16.150865180580738,0.0
2022-06-30,15.520227972423545,0.0,48.10941763440725,0.7647058823529411,0.1176470588235294,-0.1118798111555176,-0.0902601311932981,False,16.152545658703758,0.0
2022-07-01,15.519016952619465,0.0,48.11426088055724,0.625,0.25,-0.119330686807327,-0.1148071218651917,False,16.15128530011149,0.0
2022-07-05,15.519016952619465,0.0,47.051910591604745,0.7142857142857143,0.2142857142857142,-0.1422702734767241,-0.118786005157382,False,16.15128530011149,0.0
2022-07-06,15.519016952619465,0.0,46.57279711087976,0.7142857142857143,0.2142857142857142,-0.1625478810229287,-0.1319350808961684,False,16.15128530011149,0.0
2022-07-07,15.519016952619465,0.0,47.08935326581455,0.6923076923076923,0.2307692307692307,-0.1679771421924623,-0.0764628044899374,False,16.15128530011149,0.0
2022-07-08,15.517402259547362,0.0,47.17390695741455,0.6923076923076923,0.1538461538461538,-0.1596871537213104,-0.0792082309702545,False,16.14960482198847,0.0
2022-07-11,15.519016952619465,0.0,47.10125939332455,0.6428571428571429,0.2142857142857142,-0.1444654582822797,-0.0753232185684283,False,16.151285300111486,0.0
2022-07-12,15.51740225954736,0.0,46.79002896302454,0.6428571428571429,0.2142857142857142,-0.1339528248520655,-0.0808639481897707,False,16.149604821988465,0.0
2022-07-13,15.51740225954736,0.0,46.77156771529664,0.6153846153846154,0.2307692307692307,-0.0954562549265676,-0.1051440577380152,False,16.149604821988465,0.0
2022-07-14,15.51901695261946,0.0,46.80291413199665,0.5384615384615384,0.3846153846153846,-0.0936584524565471,-0.1069693729193921,False,16.15128530011148,0.0
2022-07-15,15.517402259547358,0.0,47.13786512389665,0.4615384615384615,0.3846153846153846,-0.0873872333115852,-0.1135029211967876,False,16.14960482198846,0.0
2022-07-18,15.517402259547358,0.0,46.946085284876645,0.5,0.3571428571428571,-0.0509121166676324,-0.0835649410488141,False,16.14960482198846,0.0
2022-07-19,15.517402259547358,0.0,47.47511718987265,0.3333333333333333,0.4666666666666667,-0.0161107528250225,-0.0731812828206842,False,16.14960482198846,0.0
2022-07-20,15.517402259547358,0.0,47.52445450047265,0.3333333333333333,0.4666666666666667,-0.0404948488902308,-0.0770669219789226,False,16.14960482198846,0.0
2022-07-21,15.52244817539768,0.0,47.29194167837265,0.4,0.4,-0.0247467377314617,-0.0995134144013497,False,16.154856316122896,0.0
2022-07-22,15.524062868469784,0.0,47.16531923387264,0.4,0.5333333333333333,-0.007546587352791,-0.0955994282589165,False,16.15653679424592,0.0
2022-07-25,15.52244817539768,0.0,48.07521897427265,0.4,0.6,-0.0085679574599285,-0.0913289874030259,False,16.1548563161229,0.0
2022-07-26,15.52244817539768,0.0,48.34523774031275,0.375,0.625,-0.0233254028991641,-0.0972881968417508,False,16.1548563161229,0.0
2022-07-27,15.52244817539768,0.0,49.03423402638234,0.2941176470588235,0.6470588235294118,-0.0145335315636074,-0.1008676929311686,False,16.1548563161229,0.0
2022-07-28,15.524062868469784,0.0,48.97425690923035,0.2777777777777778,0.6111111111111112,0.0035178558062511,-0.0899883806616212,True,16.156536794245923,0.0
2022-07-29,15.525879398175904,0.0,49.00501025369035,0.2631578947368421,0.6842105263157895,0.0186157443452938,-0.0953467927720945,True,16.158427332134327,0.0
2022-08-01,15.52709041797998,0.0,48.69875025829034,0.2105263157894736,0.5789473684210527,0.0121479446433581,-0.1086323647415583,True,16.159687690726592,0.0
2022-08-02,15.528705111052082,0.0,48.63232589110015,0.25,0.65,0.0335887593006136,-0.1134601961475526,True,16.16136816884961,0.0
2022-08-03,15.52709041797998,0.0,48.15983879684594,0.3333333333333333,0.6666666666666666,0.034076580845848,-0.1340103761860797,True,16.159687690726592,0.0
2022-08-04,15.530319804124185,0.0,47.47791822754655,0.3181818181818182,0.5454545454545454,0.0082516521205673,-0.1611115790134742,True,16.16304864697263,0.0
2022-08-05,15.831280841109248,1.0,48.23738026013114,0.3478260869565217,0.6521739130434783,0.0225436766065745,-0.1407434126664535,True,16.33700878090119,0.55
2022-08-08,15.868680672620016,1.0,48.35133628885404,0.25,0.7083333333333334,0.0265402010823232,-0.1217593995122182,True,16.359095499398514,0.55
2022-08-09,15.708051253620573,1.0,47.86190385170594,0.3043478260869565,0.6521739130434783,0.0229081903225245,-0.1141132513354918,True,16.267158247699946,0.55
2022-08-10,15.84484141161,1.0,48.27869886235633,0.3181818181818182,0.6363636363636364,0.032223233487356,-0.066308930629539,True,16.345926741430677,0.55
2022-08-11,15.939014760473588,1.0,48.56564188895636,0.2727272727272727,0.5909090909090909,0.0376627778344815,-0.0595231121092578,True,16.39936008556092,0.55
2022-08-12,16.08507543733744,1.0,49.010683858816336,0.2608695652173913,0.7391304347826086,0.0397306651456783,-0.0511285210706168,True,16.48354764399255,0.55
2022-08-15,16.028870038819736,1.0,48.83942789992194,0.3181818181818182,0.6363636363636364,0.040330149011492,-0.0126352609078363,True,16.451098084789678,0.55
2022-08-16,16.041895863370176,1.0,48.87911714922195,0.3181818181818182,0.6363636363636364,0.0295733858588305,0.0129861835240372,True,16.459220357824176,0.55
2022-08-17,16.138784846673047,1.0,49.17433462262195,0.2727272727272727,0.6363636363636364,0.0347164452383748,-0.0071842408557898,True,16.51389559241025,0.55
2022-08-18,16.28264060521748,1.0,49.61265828052196,0.2272727272727272,0.6818181818181818,0.0490721361777075,0.0231110231623334,True,16.59813713300613,0.55
2022-08-19,16.23944032164989,1.0,49.48102846947193,0.2727272727272727,0.6363636363636364,0.0490977114798414,0.0411806039585456,True,16.575526916860284,0.65
2022-08-22,16.21617872215171,1.0,49.41015115817195,0.2272727272727272,0.6818181818181818,0.0277675736560594,0.0189617048062802,True,16.560771862226307,0.65
2022-08-23,16.256194278786634,1.0,49.53207721337194,0.2727272727272727,0.6818181818181818,0.0245492530088344,0.0006512288923659,True,16.586055490241137,0.65
2022-08-24,16.3865828487686,1.0,49.92936680067196,0.1818181818181818,0.6818181818181818,0.0182552616975315,0.0034564167118411,True,16.674412271327643,0.65
2022-08-25,16.525118434705057,1.0,50.35148007157194,0.1818181818181818,0.6363636363636364,0.0281213692510773,0.0317381519794282,True,16.766648135808865,0.65
2022-08-26,16.289790897977564,1.0,49.63444498207196,0.2272727272727272,0.5909090909090909,0.012844293371701,0.0316991437986984,True,16.611449544442127,0.65
2022-08-29,16.2166815954085,1.0,49.41168339607195,0.2727272727272727,0.6363636363636364,0.0146396598270044,0.0269654462475386,True,16.562990145914547,0.65
2022-08-30,15.911029421211468,1.0,48.48037150147196,0.4090909090909091,0.4090909090909091,-0.0031245552591594,0.0303592541069328,False,16.360750707483813,0.65
2022-08-31,15.943548110289276,1.0,48.57945485337194,0.3636363636363636,0.5,0.0087129871488167,0.0430864768056502,True,16.383748629052185,0.65
2022-09-01,15.872784853931549,1.0,48.363841591271935,0.4090909090909091,0.4545454545454545,0.0186596926908091,0.0270653181041375,True,16.337672994299353,0.65
2022-09-02,15.967298407961632,1.0,48.65182121157195,0.3181818181818182,0.5,0.0085916969206421,0.0313290619640971,True,16.401499520146636,0.65
2022-09-06,15.94428403981076,1.0,48.58169720587195,0.3181818181818182,0.4545454545454545,0.0047643133509633,0.0314309602676401,True,16.386133389317852,0.65
2022-09-07,16.031226957369668,1.0,48.84660935147194,0.4090909090909091,0.5,0.0205738890541626,0.0439533899428143,True,16.44488188301249,0.65
2022-09-08,16.04090151463584,1.0,48.87608740207193,0.3636363636363636,0.5,0.0123737497859826,0.0449957055018066,True,16.452526969620944,0.65
2022-09-09,16.179592060799077,1.0,49.29867283157105,0.4090909090909091,0.4545454545454545,0.0150936117408009,0.0533248569209963,True,16.54498913372781,0.65
2022-09-12,16.20737922381089,1.0,49.38333938268614,0.3478260869565217,0.5217391304347826,0.0076035569090058,0.0476363164281519,True,16.562857998935897,0.65
2022-09-13,15.859880650386938,1.0,48.32452291708614,0.5652173913043478,0.2608695652173913,-0.0105428135622492,0.0293621422072769,False,16.33330777947779,0.65
2022-09-14,15.99053467538308,1.0,48.72262133688614,0.4347826086956521,0.3478260869565217,-0.0032016906495681,0.0262770103762821,False,16.420767962341422,0.65
2022-09-15,15.787856143481566,1.0,48.105066666987845,0.6086956521739131,0.217391304347826,-0.0217444315991253,0.012217124270399,False,16.287345209545588,0.65
2022-09-16,15.455585814127334,1.0,47.09265014888784,0.7391304347826086,0.1739130434782608,-0.0507936526477856,-0.0042140695097733,False,16.064536553314227,0.65
2022-09-19,15.540149283038598,1.0,47.350312194487856,0.7391304347826086,0.217391304347826,-0.0430612770366859,0.0039222242872547,False,16.121668480885873,0.65
2022-09-20,15.444938392627185,1.0,47.06020781368784,0.782608695652174,0.0869565217391304,-0.04755993028561,-0.0211129804968334,False,16.056880495741716,0.65
2022-09-21,15.28566678912374,1.0,46.57491259468785,0.8260869565217391,0.1304347826086956,-0.0597020110007774,-0.0366183977651372,False,15.950490535143766,0.65
2022-09-22,15.305244053852524,1.0,46.63456386186285,0.8695652173913043,0.0869565217391304,-0.0659892794547669,-0.0489386693229138,False,15.966156707370947,0.65
2022-09-23,14.837046316252136,1.0,45.20798110256285,0.9130434782608696,0.0434782608695652,-0.1021518922919025,-0.0769031741236621,False,15.648686631462962,0.65
2022-09-26,14.655159169023314,1.0,44.65377708247344,0.9090909090909092,0.0454545454545454,-0.1003470050163257,-0.0887915980160261,False,15.522786428017763,0.65
2022-09-27,14.841326067303651,1.0,45.22102136007344,0.8636363636363636,0.0909090909090909,-0.0848111569566895,-0.0714131036170657,False,15.65278919224696,0.65
2022-09-28,15.26595345162961,1.0,46.51484671837344,0.6818181818181818,0.1818181818181818,-0.0405426922736934,-0.0435405696504886,False,15.94445564547222,0.65
2022-09-29,15.071276721788346,1.0,45.92167327022344,0.7272727272727273,0.1818181818181818,-0.0547099919332262,-0.0464736922410355,False,15.813520306088108,0.65
2022-09-30,15.018221183850068,1.0,45.760014830573446,0.7272727272727273,0.0909090909090909,-0.0538382947885677,-0.0361832081335105,False,15.777335804448581,0.65
2022-10-03,15.26170815463888,1.0,46.50191144122724,0.8095238095238095,0.1428571428571428,-0.0441897079452668,-0.0359776756023022,False,15.94210059973289,0.65
2022-10-04,15.522853806317396,1.0,47.29761345862723,0.8095238095238095,0.1904761904761904,-0.0264314303759958,-0.0217930446416578,False,16.121219449486148,0.65
2022-10-05,15.497770742177796,1.0,47.221186205827244,0.7142857142857143,0.238095238095238,-0.033276069050138,-0.0133867981487714,False,16.10428698131834,0.65
2022-10-06,15.405598474444355,1.0,46.94034040612724,0.6666666666666666,0.2857142857142857,-0.0396051954818018,-0.0277215104749358,False,16.04327094555642,0.65
2022-10-07,15.145444411788048,1.0,46.147659727127234,0.7142857142857143,0.1904761904761904,-0.0639167937686527,-0.0497879172967126,False,15.867171368567645,0.65
2022-10-10,15.022395145579504,1.0,45.77273275157775,0.75,0.2,-0.0731138614002736,-0.0660662298972619,False,15.784024950530538,0.65
2022-10-11,15.106209361351128,1.0,46.02811184806134,0.7142857142857143,0.1904761904761904,-0.0475206154226275,-0.0575624279961126,False,15.841266267849338,0.65
2022-10-12,15.1221428272847,1.0,46.07666058286135,0.6666666666666666,0.1904761904761904,-0.0543066173662875,-0.0573344350268242,False,15.852126972593373,0.65
2022-10-13,15.403891869035249,1.0,46.93514043684495,0.45,0.3,-0.0243202288491112,-0.045535830895552,False,16.045899623479098,0.65
2022-10-14,15.175176839660006,1.0,46.23825343484495,0.6,0.3,-0.018142888780768,-0.0680149978377959,False,15.891038762164968,0.65
2022-10-17,15.43907249238667,1.0,47.04233461294624,0.45,0.45,-0.0065042355006366,-0.0492854318505178,False,16.07066266105728,0.65
2022-10-18,15.583611028901649,1.0,47.482738672358245,0.5789473684210527,0.3684210526315789,0.0089785166343339,-0.0390084312764732,True,16.16845607066465,0.65
2022-10-19,15.522743255517526,1.0,47.29727661405825,0.5263157894736842,0.4736842105263157,0.0155097235642003,-0.0451182491234261,True,16.127407199073474,0.65
2022-10-20,15.470470417341303,1.0,47.13800303425824,0.5789473684210527,0.3684210526315789,0.0107954086133761,-0.0559062520772074,True,16.09458951464635,0.65
2022-10-21,15.687056669383344,1.0,47.79793405965824,0.4210526315789473,0.4210526315789473,0.0572897283605651,-0.0507144180922581,True,16.241632889132504,0.65
2022-10-24,15.770122953635708,1.0,48.051034233958255,0.3157894736842105,0.5789473684210527,0.0760799505316256,-0.0319014496623391,True,16.296946663192386,0.65
2022-10-25,15.94035288361365,1.0,48.56971910515824,0.2631578947368421,0.5789473684210527,0.0740517937094058,-0.0170397815464963,True,16.41129252234426,0.65
2022-10-26,16.02947932031427,1.0,48.841284360143455,0.2,0.55,0.0500149480413329,0.007444515120115,True,16.472199143765575,0.65
2022-10-27,16.142533905391712,1.0,49.18575787844344,0.2,0.65,0.0710793918377643,0.0124806469504754,True,16.5495779112058,0.65
2022-10-28,16.245294799096097,1.0,49.49886686534346,0.2,0.7,0.0817056560976459,0.0234684681101997,True,16.617382898735315,0.65
2022-10-31,16.239783524739703,1.0,49.48207419774344,0.2,0.7,0.0640868872730695,0.0170651984960843,True,16.613718519461667,0.65
2022-11-01,16.327715965987892,1.0,49.75000138874344,0.2,0.65,0.0518501410702549,0.024048237300575,True,16.684342179867386,1.0
2022-11-02,16.079555446701544,1.0,48.99386463300585,0.2857142857142857,0.6190476190476191,0.0375398961697377,0.0030146469425205,True,16.4307613956394,1.0
2022-11-03,16.220789748971285,1.0,49.424200801805846,0.2857142857142857,0.6190476190476191,0.0529152616744632,0.0112143469100736,True,16.575080505030556,1.0
2022-11-04,16.474635846418963,1.0,50.197661322974646,0.2,0.7,0.0877617981019018,0.0182355515832037,True,16.834471050509386,1.0
2022-11-07,16.63557332945293,1.0,50.68803242087464,0.15,0.75,0.1073848855818526,0.0264197005406632,True,16.998923693003825,1.0
2022-11-08,16.5645541748324,1.0,50.47163944537464,0.2,0.7,0.0965394281647131,0.0444311997031499,True,16.92635335435498,1.0
2022-11-09,16.147531337936503,1.0,49.20098488732585,0.3333333333333333,0.6666666666666666,0.0678070907253773,0.0098180996283456,True,16.500222000644285,1.0
2022-11-10,16.26419947209062,1.0,49.556468768125846,0.2857142857142857,0.6666666666666666,0.0558500157213359,0.0301715017086552,True,16.619438373330382,1.0
2022-11-11,16.001101064922054,1.0,48.75481677042585,0.3809523809523809,0.5714285714285714,0.0544260033335175,0.0352956696274877,True,16.3505934313114,1.0
2022-11-14,16.073658293046144,1.0,48.97589620416026,0.3181818181818182,0.4545454545454545,0.0411025857267273,0.0343310093288389,True,16.424735437711238,1.0
2022-11-15,16.181217531160932,1.0,49.30362558509325,0.4285714285714285,0.5238095238095238,0.0383483969890519,0.0476712253436522,True,16.534643959947367,1.0
2022-11-16,16.13786756901714,1.0,49.17153970845575,0.3181818181818182,0.5,0.0396272941821012,0.0557516261246628,True,16.490347157908552,1.0
2022-11-17,16.185805306528746,1.0,49.317604382335645,0.1818181818181818,0.6363636363636364,0.0462387290037158,0.0575333035904501,True,16.539331940448765,1.0
2022-11-18,16.294406711617224,1.0,49.64850921098565,0.1818181818181818,0.7272727272727273,0.038716634677508,0.098224428521783,True,16.65030539242974,1.0
2022-11-21,16.362427980701284,1.0,49.85576773008565,0.1818181818181818,0.6818181818181818,0.0375586816163047,0.1164960947873319,True,16.719812366416264,1.0
2022-11-22,16.54133824847079,1.0,50.40090129858565,0.2272727272727272,0.6818181818181818,0.0377021367873822,0.1145458413525712,True,16.902630351073526,1.0
2022-11-23,16.54795984167982,1.0,50.42107707038565,0.1363636363636363,0.6363636363636364,0.032345437490816,0.0839781409076263,True,16.909396571597295,1.0
2022-11-25,16.636235124126227,1.0,50.69004888698564,0.1818181818181818,0.6363636363636364,0.0305838737355612,0.1038371487184923,True,16.99959994244404,1.0
2022-11-28,16.368689327629912,1.0,49.874845843585646,0.1818181818181818,0.5909090909090909,0.0075957087919811,0.0899219772600024,True,16.726210472243295,1.0
2022-11-29,16.38188576558315,1.0,49.915054946185634,0.3181818181818182,0.5,0.0087502546217421,0.073397918476366,True,16.7396951437568,1.0
2022-11-30,16.66336980251038,1.0,50.772727339385646,0.2272727272727272,0.6363636363636364,0.0205573049667011,0.0734733451995037,True,17.027327290227706,1.0
2022-12-01,16.57897231701974,1.0,50.51557103968566,0.2272727272727272,0.5909090909090909,0.0310591217508218,0.0697649741262085,True,16.941086414285262,1.0
2022-12-02,16.71432973134697,1.0,50.92800052858564,0.2272727272727272,0.6363636363636364,0.0304263842891487,0.0849516660500799,True,17.079400274100188,1.0
2022-12-05,16.405991755759615,1.0,49.98850508748245,0.2857142857142857,0.5238095238095238,-0.0041666529870081,0.0832294721566873,False,16.76432765142208,1.0
2022-12-06,16.12492664958071,1.0,49.13210916218245,0.4761904761904761,0.4285714285714285,-0.0306960673827895,0.0733925245153492,False,16.477123585888478,1.0
2022-12-07,16.088356175608794,1.0,49.02068015798616,0.4285714285714285,0.3809523809523809,-0.0287480118207542,0.0650160997219106,False,16.439754348041717,1.0
2022-12-08,16.12362682318947,1.0,49.12814863488615,0.4285714285714285,0.3809523809523809,-0.0014803820006143,0.066226328328139,False,16.475795368988386,1.0
2022-12-09,15.85419063769395,1.0,48.30718563978614,0.4761904761904761,0.3809523809523809,-0.0252092846684675,0.0292327921078108,False,16.20047422034704,1.0
2022-12-12,16.054434751749557,1.0,48.91732272038615,0.4285714285714285,0.3809523809523809,0.0033331260524576,0.0579405381156172,True,16.405092020250443,1.0
2022-12-13,16.138795164858557,1.0,49.17436606178615,0.3333333333333333,0.5714285714285714,0.0040523986901344,0.0453215484814217,True,16.49129501408482,1.0
2022-12-14,16.197378452113547,1.0,49.352867367686144,0.3333333333333333,0.6190476190476191,0.0009987456704965,0.0393854429550117,True,16.55115786401556,1.0
2022-12-15,15.975815813125744,1.0,48.67777345863614,0.3809523809523809,0.4761904761904761,-0.0100417081252124,0.0291876603349201,False,16.324755904865405,1.0
2022-12-16,15.888111260255862,1.0,48.41054063586014,0.4090909090909091,0.4090909090909091,-0.0183922913092752,0.0269960015208337,False,16.23513572933923,1.0
2022-12-19,15.777948490590994,1.0,48.07487838186015,0.4545454545454545,0.4545454545454545,-0.0316954296137718,0.0057940646944332,False,16.122566809816178,1.0
2022-12-20,15.90429795015872,1.0,48.45986093557774,0.391304347826087,0.391304347826087,-0.0279989027962666,0.0085081769443071,False,16.25167596519716,1.0
2022-12-21,16.072021165528927,1.0,48.97090793167774,0.3043478260869565,0.5217391304347826,-0.0283723768834276,0.0082600606697125,False,16.42306255243161,1.0
2022-12-22,15.926339867897068,1.0,48.52702191757776,0.4347826086956521,0.4782608695652174,-0.0375647499589084,-0.0064343607397463,False,16.274199317429225,1.0
2022-12-23,16.01244692391576,1.0,48.78938722117775,0.391304347826087,0.391304347826087,-0.0374957552328555,-0.0080586469409553,False,16.362187103945693,1.0
2022-12-27,15.878872680042877,1.0,48.38239099267775,0.4782608695652174,0.3043478260869565,-0.0299239992758763,-0.0225555844682862,False,16.225695362183735,1.0
2022-12-28,15.574712233076609,1.0,47.45562434077775,0.4782608695652174,0.3478260869565217,-0.049272320907178,-0.0409532116391777,False,15.914891512745289,1.0
2022-12-29,15.683734532000877,1.0,47.787811618789256,0.4761904761904761,0.3809523809523809,-0.0587897455388597,-0.0394409993001156,False,16.026295051628335,1.0
2022-12-30,15.711057619819185,1.0,47.87106414839824,0.5714285714285714,0.2857142857142857,-0.0523503315286659,-0.0229171650984888,False,16.054214924041652,1.0
2023-01-03,15.38859299131854,1.0,46.88852527099825,0.6190476190476191,0.238095238095238,-0.079317373854488,-0.051304330463042,False,15.72470709734894,1.0
2023-01-04,15.181481915772771,1.0,46.25746478969825,0.7619047619047619,0.1428571428571428,-0.0746379650932688,-0.0784936275800768,False,15.513072349363116,1.0
2023-01-05,15.280819662009897,1.0,46.56014356139824,0.6190476190476191,0.2857142857142857,-0.0523479582831318,-0.081437149211111,False,15.61457980778838,1.0
2023-01-06,15.54215601566873,1.0,47.35642664131826,0.4545454545454545,0.4090909090909091,-0.0339500290755712,-0.061722045059146,False,15.881624209930452,1.0
2023-01-09,15.359533862292388,1.0,46.79998308221825,0.5454545454545454,0.3636363636363636,-0.0473896455974867,-0.048799872819743,False,15.695013265515314,1.0
2023-01-10,15.505196431540432,1.0,47.243812031562655,0.5217391304347826,0.4347826086956521,-0.0220127418755623,-0.0466671010677554,False,15.843857363072834,1.0
2023-01-11,15.57379272997805,1.0,47.452822645762645,0.4347826086956521,0.4782608695652174,-0.0299382712131377,-0.0267049331924261,False,15.913951926071702,1.0
2023-01-12,15.82971232745111,1.0,48.23260105176954,0.4090909090909091,0.5,-0.0191515434857525,-0.0151767544853538,False,16.1754612604862,1.0
2023-01-13,15.997992176074208,1.0,48.74534409066953,0.3181818181818182,0.4545454545454545,-0.0123097868354937,-0.0113233355113039,False,16.347416638828925,1.0
2023-01-17,16.139748945450105,1.0,49.17727219916954,0.3181818181818182,0.5,0.0102613308917642,0.0001165814767605,True,16.49226962693251,1.0
2023-01-18,15.957725997628518,1.0,48.62265439924145,0.2857142857142857,0.5238095238095238,0.0043815615482754,-0.0140913167173852,True,16.306270975781935,1.0
2023-01-19,15.851807666803651,1.0,48.29992480763126,0.35,0.45,0.0046811647443714,-0.0271626363970661,True,16.198039201155055,1.0
2023-01-20,15.946794284604929,1.0,48.58934583733126,0.4,0.6,0.0026720031641374,-0.0254017127889932,True,16.2951004947987,1.0
2023-01-23,15.946430899005332,1.0,48.588238613631255,0.4,0.55,-0.0078142173426797,-0.0359648863066117,False,16.29472917221448,1.0
2023-01-24,16.042505655499742,1.0,48.88097516533124,0.35,0.5,0.0072939412674997,-0.0305448037713373,True,16.392902371426132,1.0
2023-01-25,16.03999734694595,1.0,48.873332433531246,0.35,0.55,0.0017205629571233,-0.0358397060832353,True,16.39033927697426,1.0
2023-01-26,16.087828475410777,1.0,49.01907227323126,0.3,0.55,0.0131593595829082,-0.0171584203595979,True,16.439215121937437,1.0
2023-01-27,16.009531541309496,1.0,48.78050414843124,0.4,0.45,0.0279182884232973,-0.0227296313502524,True,16.359208044223596,1.0
2023-01-30,15.787831686317404,1.0,48.10499214683124,0.4,0.4,0.0066372683179591,-0.0525426805363866,True,16.13266587202877,1.0
2023-01-31,15.945176868261132,1.0,48.58441762413124,0.35,0.4,0.0149015587688134,-0.0382288743016936,True,16.293447751219418,1.0
2023-02-01,15.995884363053534,1.0,48.738921655288856,0.3809523809523809,0.4761904761904761,0.0394637360334111,-0.0429837977257338,True,16.345262787441424,1.0
2023-02-02,16.012041674487108,1.0,48.78815243979865,0.3636363636363636,0.4545454545454545,0.0547087407752617,-0.0240125734022875,True,16.3617730031523,1.0
2023-02-03,16.14163044942766,1.0,49.18300507850744,0.3809523809523809,0.5714285714285714,0.0563327626696525,0.0010358992763161,True,16.494192226286867,1.0
2023-02-06,16.11441866330035,1.0,49.10009168140744,0.2857142857142857,0.5238095238095238,0.0368200297986132,0.0016199596408157,True,16.466386086590465,1.0
2023-02-07,16.367121654966756,1.0,49.87006919770745,0.2857142857142857,0.4285714285714285,0.0656001543867157,0.0151017407217022,True,16.724608558834667,1.0
2023-02-08,16.337894636420835,1.0,49.781015455207445,0.1904761904761904,0.4761904761904761,0.0537044602148051,0.0305095359189677,True,16.694743170477025,1.0
2023-02-09,16.347592457448886,1.0,49.81056438970744,0.3809523809523809,0.4761904761904761,0.049686016816016,0.0182602321559399,True,16.704652809079768,1.0
2023-02-10,16.426202344200544,1.0,50.05008607070744,0.3333333333333333,0.4761904761904761,0.0376816713033396,0.0178084656510053,True,16.78497967488374,1.0
2023-02-13,16.68052342570028,1.0,50.82499385230744,0.3809523809523809,0.5238095238095238,0.0426635569085249,0.0298285907818434,True,17.044855578906965,1.0
2023-02-14,16.696183942290013,1.0,50.87271091963704,0.3181818181818182,0.5909090909090909,0.0344760627145181,0.0450911638936413,True,17.060858148895377,1.0
2023-02-15,16.688785758887512,1.0,50.85016890363705,0.2727272727272727,0.5909090909090909,0.0458122768474431,0.0503945677063923,True,17.053298376073883,1.0
2023-02-16,16.59539630157795,1.0,50.56561436823705,0.3636363636363636,0.6363636363636364,0.0469087595815018,0.0518095119574284,True,16.957869127733783,1.0
2023-02-17,16.495066657378587,1.0,50.2599133168072,0.3043478260869565,0.6086956521739131,0.0343813535804478,0.0371452238301392,True,16.855348106539303,1.0
2023-02-21,16.310606401511542,1.0,49.69786912124,0.3478260869565217,0.4347826086956521,0.0228374301944223,0.0148447562086551,True,16.66685891222195,1.0
2023-02-22,16.20527688503329,1.0,49.37693362714,0.391304347826087,0.3478260869565217,0.0101462472901012,0.0175141946894206,True,16.559228812689113,1.0
2023-02-23,16.52377004235743,1.0,50.34737156544001,0.3478260869565217,0.4782608695652174,0.0301603974706141,0.0319328532903973,True,16.884678424246026,1.0
2023-02-24,16.499967287099146,1.0,50.27484537074,0.391304347826087,0.5217391304347826,0.0256180510824255,0.0391145278113407,True,16.860355774686216,1.0
2023-02-27,16.651742582585616,1.0,50.73729959133999,0.3478260869565217,0.5217391304347826,0.0401142931396225,0.0691525039686888,True,17.01544611124166,1.0
2023-02-28,16.6727801579611,1.0,50.80140037594002,0.3043478260869565,0.5217391304347826,0.0560525656230959,0.0630618698590055,True,17.03694318449615,1.0
2023-03-01,16.85680282138147,1.0,51.36211124204001,0.2608695652173913,0.6086956521739131,0.0571725206093469,0.0729260390539821,True,17.224985228573335,1.0
2023-03-02,16.770349172334488,1.0,51.09868988114,0.391304347826087,0.5652173913043478,0.0484165046272637,0.0897909368189457,True,17.136643278823428,1.0
2023-03-03,17.001344567872152,1.0,51.80252508214,0.3043478260869565,0.6086956521739131,0.0617849312097007,0.1198738477703313,True,17.37268402262081,1.0
2023-03-06,16.905270421394317,1.0,51.50979038914001,0.391304347826087,0.6086956521739131,0.0473087259901765,0.1063065198932373,True,17.274511446749575,1.0
2023-03-07,16.817566437114888,1.0,51.24255929884,0.391304347826087,0.5217391304347826,0.0436346968827319,0.0820613575208208,True,17.184891852232873,1.0
2023-03-08,16.8610296752335,1.0,51.3749903235629,0.3333333333333333,0.625,0.0301768405391471,0.0977566003241341,True,17.229304404394274,1.0
2023-03-09,16.41010724975687,1.0,50.0010448592733,0.3478260869565217,0.391304347826087,0.0044199460789191,0.0583617771120712,True,16.768533035091938,1.0
2023-03-10,16.049176852223827,1.0,48.901302077373295,0.6086956521739131,0.217391304347826,-0.018254406941071,0.0305246211047045,False,16.39971927889352,1.0
2023-03-13,15.89860667696463,1.0,48.4425198175733,0.6956521739130435,0.1739130434782608,-0.0321191506217007,0.0043522174053696,False,16.245860384523965,1.0
2023-03-14,16.216917810093783,1.0,49.4124031342733,0.6086956521739131,0.3043478260869565,-0.02779322949136,0.0136845693890885,False,16.571123996155315,1.0
2023-03-15,15.779850329212184,1.0,48.0806732201733,0.7391304347826086,0.1739130434782608,-0.0548828173099382,-0.0222988980469469,False,16.12451018795878,1.0
2023-03-16,15.929154088588836,1.0,48.53559675337329,0.6956521739130435,0.217391304347826,-0.0455174918818845,-0.0017904749739354,False,16.27707500568158,1.0
2023-03-17,15.7295537896825,1.0,47.9274213558793,0.7727272727272727,0.0454545454545454,-0.0521736568480208,-0.0077122987920905,False,16.073115082989748,1.0
2023-03-20,16.069636681168163,1.0,48.9636424880293,0.6818181818181818,0.2272727272727272,-0.0257913462883832,0.0077032658960078,False,16.420625986712295,1.0
2023-03-21,16.320796528856405,1.0,49.728918096529306,0.6818181818181818,0.2727272727272727,0.0006247546592705,0.0234764526446125,False,16.677271609982753,1.0
2023-03-22,16.0553588823452,1.0,48.92013851522929,0.6818181818181818,0.2272727272727272,-0.0092511842748297,0.0008011982118929,False,16.406036335493848,1.0
2023-03-23,16.016456836152987,1.0,48.801605288896894,0.6521739130434783,0.3043478260869565,-0.0307020253189179,-0.0014676131350752,False,16.366284599763024,1.0
2023-03-24,16.10050306199341,1.0,49.05769131225679,0.6086956521739131,0.3043478260869565,-0.0242100010354601,0.0007878370037333,False,16.452166543922825,1.0
2023-03-27,16.366908134411414,1.0,49.86941860775681,0.6086956521739131,0.3478260869565217,-0.0171053838216354,0.0223227389371003,False,16.724390374612508,1.0
2023-03-28,16.416752313321297,1.0,50.0212921444568,0.6086956521739131,0.3478260869565217,-0.015356037938133,0.0398357823607251,False,16.7753232386052,1.0
2023-03-29,16.607705207358176,1.0,50.6031191901568,0.5652173913043478,0.391304347826087,-0.0147772751845522,0.0415503913547559,False,16.970446881800843,1.0
2023-03-30,16.581804826484316,1.0,50.5242016007568,0.5217391304347826,0.3478260869565217,-0.0112427203460501,0.0366294510595561,False,16.943980790769583,1.0
2023-03-31,16.798661765665567,1.0,51.18495740076579,0.4782608695652174,0.391304347826087,-0.0119215748729424,0.0491267826533221,False,17.16557426930115,1.0
2023-04-03,16.880282198644817,1.0,51.4336521148658,0.4347826086956521,0.3043478260869565,-0.0014781320929284,0.0457606653510862,False,17.24897743699046,1.0
2023-04-04,16.659392312586814,1.0,50.76060806136581,0.4347826086956521,0.2608695652173913,-0.0094052920866718,0.0338190077267646,False,17.023262924884747,1.0
2023-04-05,16.643686199224355,1.0,50.71275206220329,0.4545454545454545,0.4090909090909091,-0.0128902848874283,0.0168975675801665,False,17.007213762209396,1.0
2023-04-06,16.64855711705384,1.0,50.72759358500331,0.4545454545454545,0.3181818181818182,0.0145306708644763,0.0190148417251068,True,17.012191069504944,1.0
2023-04-10,16.83907747484269,1.0,51.3081027073033,0.3636363636363636,0.5454545454545454,0.0492175162559451,0.0300646727445093,True,17.206872729095387,1.0
2023-04-11,16.890422731827613,1.0,51.464549978411306,0.3478260869565217,0.6086956521739131,0.0623838349495129,0.0282609685367096,True,17.259339457364927,1.0
2023-04-12,16.9653339543852,1.0,51.69280195401131,0.2608695652173913,0.6086956521739131,0.0461503322058887,0.0170744359404277,True,17.335886873602846,1.0
2023-04-13,17.192174781615336,1.0,52.3839783251113,0.2608695652173913,0.5652173913043478,0.0895017647783777,0.0297068384631906,True,17.56768230596801,1.0
2023-04-14,17.13912788507537,1.0,52.22234621551132,0.2608695652173913,0.6086956521739131,0.0759597019249957,0.0269847149273898,True,17.513476771323948,1.0
2023-04-17,17.36697339064188,1.0,52.916583807711305,0.217391304347826,0.6086956521739131,0.1040982867570858,0.0464934416173339,True,17.746298825978453,1.0
2023-04-18,17.47185327005977,1.0,53.23614927281129,0.1739130434782608,0.6086956521739131,0.0872587611476523,0.0592168939338146,True,17.85346946758175,1.0
2023-04-19,17.31015687349178,1.0,52.74346579089811,0.3333333333333333,0.5,0.0606196114807331,0.0612822385247193,True,17.688241335538564,1.0
2023-04-20,17.33947432319671,1.0,52.832795074098094,0.2916666666666667,0.4583333333333333,0.0799804881511272,0.0699893896420207,True,17.718199130231774,1.0
2023-04-21,17.43002419871917,1.0,53.1086974992981,0.4166666666666667,0.4583333333333333,0.0882571830353526,0.0548454834483069,True,17.81072677529298,1.0
2023-04-24,17.457681602892997,1.0,53.1929686795981,0.3333333333333333,0.4166666666666667,0.084294169919654,0.0580434069431559,True,17.838988266122698,1.0
2023-04-25,17.11930781607859,1.0,52.1619551318981,0.5,0.3333333333333333,0.045970789075626,0.0280790572622684,True,17.49322379694224,1.0
2023-04-26,16.88018350885585,1.0,51.43335141039811,0.5416666666666666,0.2916666666666667,0.0282291641300151,0.0124396380765399,True,17.24887659164184,1.0
2023-04-27,16.98209208899778,1.0,51.7438634265397,0.6086956521739131,0.3043478260869565,0.0225429628576097,0.0074325641074353,False,17.353011035534315,1.0
2023-04-28,16.958509563508816,1.0,51.6720082645397,0.5652173913043478,0.391304347826087,0.0227179574820972,0.0112198254932422,True,17.328913425951754,1.0
2023-05-01,17.025973531331292,1.0,51.87756870543969,0.5652173913043478,0.4347826086956521,0.013531540121269,0.0014486479796245,True,17.397850926230817,1.0
2023-05-02,16.758976962065855,1.0,51.0640391389397,0.5652173913043478,0.391304347826087,-0.0071862090426838,-0.0086537189693998,False,17.12502267935571,1.0
2023-05-03,16.760562195481373,1.0,51.0688692918397,0.6086956521739131,0.3478260869565217,0.0060728435345223,-0.0033895654193882,False,17.126642537074606,1.0
2023-05-04,16.56267907273152,1.0,50.465926072339705,0.6086956521739131,0.3043478260869565,-0.0048671385366906,-0.0176946846217945,False,16.92443729670561,1.0
2023-05-05,16.933437568978896,1.0,51.59561474046809,0.5454545454545454,0.3636363636363636,0.0171114199219848,0.0318907311973712,True,17.303293814688285,1.0
2023-05-08,16.962242635902978,1.0,51.683382810568105,0.5217391304347826,0.4347826086956521,0.0073142463560904,0.0568917516509663,True,17.332728035253883,1.0
2023-05-09,16.953655337602477,1.0,51.6572176014681,0.6086956521739131,0.391304347826087,0.0037436958671088,0.0663610769216966,False,17.323953175160494,1.0
2023-05-10,17.14928898653945,1.0,52.25330674991811,0.5652173913043478,0.391304347826087,0.0108429950538462,0.0574937350835769,True,17.52385980922736,1.0
2023-05-11,17.063504617755115,1.0,51.9919246634681,0.5652173913043478,0.391304347826087,-0.0074842284640924,0.0813476846587444,False,17.43620175800555,1.0
2023-05-12,17.230592817517227,1.0,52.5010367883681,0.5217391304347826,0.391304347826087,0.0053366153199374,0.081701684953924,True,17.60693945976716,1.0
2023-05-15,17.244313612292256,1.0,52.5428435885681,0.4782608695652174,0.5217391304347826,-0.0070628183501283,0.0963002411170328,False,17.620959940983465,1.0
2023-05-16,17.08074102209449,1.0,52.04444340776811,0.4782608695652174,0.3478260869565217,-0.022385275443876,0.0629201743005947,False,17.453814635921095,1.0
2023-05-17,17.339060282220114,1.0,52.8315335051681,0.5217391304347826,0.391304347826087,0.0016697369607667,0.0623905672473363,True,17.717776045867467,1.0
2023-05-18,17.400004410303314,1.0,53.017228213668105,0.5217391304347826,0.4347826086956521,0.0034908836322466,0.0837505743603599,True,17.78005130156838,1.0
2023-05-19,17.462328049938176,1.0,53.207126247468096,0.5217391304347826,0.4347826086956521,0.0018533451732891,0.0902740992328283,True,17.843736199794737,1.0
2023-05-22,17.485641902228444,1.0,53.27816277126811,0.4782608695652174,0.4347826086956521,0.0016016043808939,0.0860307802123752,True,17.867559267880438,1.0
2023-05-23,17.18941140167259,1.0,52.37555839936812,0.5217391304347826,0.391304347826087,0.0040950011733627,0.0502540406841938,True,17.56485856891662,1.0
2023-05-24,17.165670839421118,1.0,52.3032217046681,0.6086956521739131,0.3043478260869565,0.0169125726871091,0.0456191646073695,False,17.54059947076896,1.0
2023-05-25,17.48293322634972,1.0,53.26990952696811,0.5217391304347826,0.3478260869565217,0.0294923107663755,0.0527001176901769,True,17.864791429726644,1.0
2023-05-26,17.5308480761522,1.0,53.4159044627681,0.5217391304347826,0.391304347826087,0.0337493404417408,0.0572340140050424,True,17.91375282464966,1.0
2023-05-30,17.5455144470211,1.0,53.46059240152301,0.5416666666666666,0.375,0.0305146084441949,0.0444590582139112,True,17.928739535015232,1.0
2023-05-31,17.42795422034835,1.0,53.10239034482301,0.5416666666666666,0.4166666666666667,0.0399175474610846,0.0324444825778742,True,17.808611584931047,1.0
2023-06-01,17.685443179119584,1.0,53.8869505419222,0.4782608695652174,0.4782608695652174,0.0551819785548453,0.0615899336110565,True,18.071724558271963,1.0
2023-06-02,17.899446699994407,1.0,54.53901207232219,0.391304347826087,0.5217391304347826,0.0807096256223252,0.0754496621564864,True,18.290402294791242,1.0
2023-06-05,17.88205356977015,1.0,54.486015789522206,0.3478260869565217,0.5217391304347826,0.056020285126811,0.07409029167175,True,18.27262926782011,1.0
2023-06-06,17.995254449242214,1.0,54.83093506192219,0.3478260869565217,0.5217391304347826,0.0609006624603234,0.0686603512648977,True,18.388302654845468,1.0
2023-06-07,17.923807727231253,1.0,54.61323930296419,0.375,0.4583333333333333,0.0572237886349511,0.0611817129630729,True,18.31529540997767,1.0
2023-06-08,18.10504538846272,1.0,55.1654643610642,0.3333333333333333,0.5833333333333334,0.055731546810684,0.0671788387509417,True,18.50049162248918,1.0
2023-06-09,18.08242633435708,1.0,55.09654486396418,0.375,0.5416666666666666,0.0597135078301407,0.0517823698310551,True,18.477378528210128,1.0
2023-06-12,18.15300799727613,1.0,55.3116048169642,0.3333333333333333,0.5416666666666666,0.0535335719164082,0.0591558753163659,True,18.549501819564444,1.0
2023-06-13,18.186665221116463,1.0,55.41415724599259,0.3043478260869565,0.6086956521739131,0.0546470929496707,0.0471983121086763,True,18.58389417674081,1.0
2023-06-14,18.066838448863784,1.0,55.0490491011426,0.3478260869565217,0.5652173913043478,0.0577315366759407,0.0340539248817757,True,18.461450175709842,1.0
2023-06-15,18.20733306794409,1.0,55.47713148014261,0.391304347826087,0.5217391304347826,0.0500761155213431,0.0518294664230474,True,18.6050134459216,1.0
2023-06-16,18.132039334272225,1.0,55.24771400604261,0.391304347826087,0.5217391304347826,0.0420709619783454,0.0457087104431552,True,18.52807516384969,1.0
2023-06-20,18.162584089844795,1.0,55.3407828489426,0.4347826086956521,0.4347826086956521,0.0401009554913902,0.0420286215769836,True,18.559287070942805,1.0
2023-06-21,18.37409435868253,1.0,55.9852475242426,0.391304347826087,0.4347826086956521,0.0508103998367295,0.0524933823765971,True,18.77541709838789,1.0
2023-06-22,18.485471830137616,1.0,56.3246109337426,0.3043478260869565,0.5652173913043478,0.0753987671933273,0.0798025264068169,True,18.88922725093807,1.0
2023-06-23,18.244015746273583,1.0,55.5889023672426,0.3043478260869565,0.5217391304347826,0.0628198523052214,0.0807948703106362,True,18.642497338867695,1.0
2023-06-26,18.20646604435987,1.0,55.4744896884426,0.3478260869565217,0.5652173913043478,0.0413850930300232,0.0720979458211357,True,18.604127485007826,1.0
2023-06-27,18.35776402213913,1.0,55.9354895380426,0.3478260869565217,0.5217391304347826,0.0471691924084278,0.0825104619831227,True,18.758730078392563,1.0
2023-06-28,18.38721288698025,1.0,56.02521923874261,0.3478260869565217,0.5652173913043478,0.0479722861646878,0.079950750137371,True,18.788822158561118,1.0
2023-06-29,18.6042656719042,1.0,56.68657177414261,0.2608695652173913,0.6086956521739131,0.0674956702710658,0.1101074793536134,True,19.01061576045302,1.0
2023-06-30,18.86860825871445,1.0,57.4920147453646,0.217391304347826,0.6956521739130435,0.0669005049865976,0.1257741857729217,True,19.280732057199035,1.0
2023-07-03,18.76513952772516,1.0,57.17674900206459,0.2608695652173913,0.6086956521739131,0.0483642227740501,0.1329773067099837,True,19.175003386003507,1.0
2023-07-05,18.685853551655452,1.0,56.9351672996518,0.25,0.625,0.0449500936091673,0.1034884957964408,True,19.09398566389422,1.0
2023-07-06,18.377966472382,1.0,55.99704572445181,0.2916666666666667,0.4583333333333333,0.0212673860333167,0.0834632463918685,True,18.779373785903516,1.0
2023-07-07,18.438191189406325,1.0,56.1805484116518,0.3333333333333333,0.5,0.0286983363135271,0.0875643524798583,True,18.8409139173348,1.0
2023-07-10,18.71345401929663,1.0,57.01926499625179,0.2916666666666667,0.6666666666666666,0.0336043692672332,0.0912087395567775,True,19.12218897459665,1.0
2023-07-11,18.68035858456801,1.0,56.9184243197518,0.3333333333333333,0.5833333333333334,0.0330670364228087,0.0947550929913023,True,19.088370677000462,1.0
2023-07-12,18.77490428778788,1.0,57.2065018975518,0.2916666666666667,0.5416666666666666,0.0342585807600077,0.089626136873286,True,19.184981425707903,1.0
2023-07-13,19.00661920265604,1.0,57.91252944975181,0.25,0.625,0.0450854497825985,0.1021963314972167,True,19.421757404411384,1.0
2023-07-14,18.94663617527033,1.0,57.7297631827518,0.2916666666666667,0.5,0.0486968281083999,0.1092397075022828,True,19.360464241548176,1.0
2023-07-17,19.303304157151945,1.0,58.81651852752221,0.24,0.6,0.0601939386245105,0.1132843327700992,True,19.724922483393613,1.0
2023-07-18,19.437161073327832,1.0,59.2243760490222,0.24,0.6,0.0719787617374476,0.1170779394640977,True,19.86170307152195,1.0
2023-07-19,19.07705167327201,1.0,58.1271348188222,0.24,0.6,0.0503489800186813,0.0924689777168377,True,19.493728244838678,1.0
2023-07-20,19.072525000955565,1.0,58.113342200522204,0.28,0.52,0.0380117043397565,0.0907534940724648,True,19.48910270198743,1.0
2023-07-21,19.046783883277165,1.0,58.03490988072219,0.28,0.48,0.0303650379226143,0.1080532915410854,True,19.462799352741687,1.0
2023-07-24,19.02266318860522,1.0,57.96141493532221,0.36,0.44,0.0426796081060538,0.1081805870889425,True,19.438151819408727,1.0
2023-07-25,19.18494101462591,1.0,58.4558700132222,0.24,0.52,0.0537432672481299,0.0973525303929545,True,19.603974080352888,1.0
2023-07-26,19.11430942696805,1.0,58.2406579412222,0.32,0.44,0.0412111956508725,0.0903242868763376,True,19.531799773815106,1.0
2023-07-27,18.9936729673236,1.0,57.873082706122176,0.36,0.4,0.0329827083675511,0.0825372504565336,True,19.40852840038673,1.0
2023-07-28,19.365331196696303,1.0,59.0055128308222,0.2,0.44,0.0409081195793421,0.1111649108009444,True,19.788304303258556,1.0
2023-07-31,19.517713289724224,1.0,59.46981594312221,0.2,0.4,0.0344013200183956,0.1036032906864294,True,19.94401469088768,1.0
2023-08-01,19.35074711303532,1.0,58.96107561842219,0.36,0.4,0.0312072065568675,0.08108074162099,True,19.773401677399157,1.0
2023-08-02,19.29451389966985,1.0,58.78973490862219,0.36,0.28,0.0325733232539693,0.0789875907925643,True,19.7159402311309,1.0
2023-08-03,19.23838639869544,1.0,58.6187163009222,0.52,0.32,0.0468180158891062,0.0690810987396504,True,19.658586806199413,1.0
2023-08-04,18.98528739832565,1.0,57.84753215942219,0.48,0.32,0.0296719023736808,0.0592217729205901,True,19.39995967572088,1.0
2023-08-07,19.02625646699537,1.0,57.97236353372219,0.36,0.44,0.0167153774699313,0.0508814564541053,True,19.441823581358385,1.0
2023-08-08,19.30803387258848,1.0,58.83092981138009,0.4,0.4,0.0336008158076261,0.0677789316305816,True,19.72975550418604,1.0
2023-08-09,19.239869041076528,1.0,58.62323386239081,0.4166666666666667,0.4166666666666667,0.0247652262915176,0.0598722285564734,True,19.660101832114115,1.0
2023-08-10,19.30808455181895,1.0,58.8310842292908,0.4583333333333333,0.4166666666666667,0.0158610716586984,0.0616616249910633,True,19.729807290340595,1.0
2023-08-11,19.33349808396473,1.0,58.90851840699081,0.4583333333333333,0.375,0.0204185009473794,0.0701096452866449,True,19.755775899005915,1.0
2023-08-14,19.477258842937395,1.0,59.34655260439081,0.4583333333333333,0.4166666666666667,0.0090116533609614,0.069748038894787,True,19.902676647385775,1.0
2023-08-15,19.292065697807967,1.0,58.78227531989081,0.5416666666666666,0.4166666666666667,-0.0074648440156709,0.0639766074929655,False,19.71343855620746,1.0
2023-08-16,19.10507893140321,1.0,58.2125329316908,0.5416666666666666,0.375,0.0014691608856136,0.051892111656369,True,19.522367667890773,1.0
2023-08-17,18.58915455372471,1.0,56.64052870529079,0.7083333333333334,0.2083333333333333,-0.0253438098629642,0.0117045330694383,False,18.99517458870847,1.0
2023-08-18,18.773467129633243,1.0,57.20212292499141,0.625,0.3333333333333333,-0.0143497587476639,0.0155795482063971,False,19.18351287747565,1.0
2023-08-21,18.84149985571938,1.0,57.4094163531914,0.6666666666666666,0.3333333333333333,-0.0095235525693562,0.0327495940452602,False,19.253031558705455,1.0
2023-08-22,18.84491253593949,1.0,57.4198146750414,0.625,0.3333333333333333,-0.0177237177027124,0.0350670190482902,False,19.256518777901416,1.0
2023-08-23,19.163854773655547,1.0,58.3916209461914,0.5833333333333334,0.4166666666666667,0.0025920552807208,0.0439100726289047,True,19.582427278560797,1.0
2023-08-24,18.81293054791228,1.0,57.32236663319141,0.625,0.3333333333333333,-0.0095159277366869,0.0231529195614783,False,19.22383824665321,1.0
2023-08-25,18.887106830982283,1.0,57.54837927289141,0.5833333333333334,0.4166666666666667,-0.0246948715132535,0.015203027309228,False,19.29963467102442,1.0
2023-08-28,19.08110522627651,1.0,58.13948585849141,0.5416666666666666,0.375,-0.0223698369253932,0.0112619311741726,False,19.497870334614873,1.0
2023-08-29,19.478405633267663,1.0,59.35004683595649,0.4782608695652174,0.391304347826087,0.0065970848301954,0.038010167976032,True,19.903848485646478,1.0
2023-08-30,19.610414101738108,1.0,59.75227219946789,0.5454545454545454,0.4090909090909091,0.0163725400759466,0.0494791713702984,True,20.038740252700062,1.0
2023-08-31,19.72553640366648,1.0,60.10304598146792,0.3181818181818182,0.4090909090909091,0.0253217704892383,0.0733253014314498,True,20.156377029448755,1.0
2023-09-01,19.836444296127915,1.0,60.4409785995679,0.3636363636363636,0.5454545454545454,0.0448324473548573,0.0758346137296248,True,20.26970734656899,1.0
2023-09-05,19.64860021569804,1.0,59.8686240043679,0.5454545454545454,0.4090909090909091,0.0327097319318827,0.0499718649179958,True,20.07776041897158,1.0
2023-09-06,19.68061570614626,1.0,59.96617412696791,0.5,0.4090909090909091,0.0192967257058076,0.0535459272395648,True,20.110475184392968,1.0
2023-09-07,19.754372959221683,1.0,60.19090999636789,0.5,0.3636363636363636,0.026741549905912,0.0521690367322356,True,20.18584342641291,1.0
2023-09-08,19.790378273395564,1.0,60.30061697766791,0.5454545454545454,0.4090909090909091,0.0249788486414712,0.0412361116084238,True,20.22263516037141,1.0
2023-09-11,19.89865479961478,1.0,60.63053191133011,0.4782608695652174,0.391304347826087,0.029231994810023,0.0502473692711247,True,20.333276637553638,1.0
2023-09-12,19.859098124021468,1.0,60.5100040512301,0.6086956521739131,0.391304347826087,0.0196043644623296,0.0287926855601874,False,20.292855974157018,1.0
2023-09-13,19.67301178475311,1.0,59.94300523423011,0.6086956521739131,0.3043478260869565,0.0197462569800617,0.0121340102361411,False,20.102705179898987,1.0
2023-09-14,19.671700784541876,1.0,59.9390106606801,0.5652173913043478,0.2608695652173913,0.0296581791246779,0.0311709126469998,True,20.1013655451229,1.0
2023-09-15,19.3426328709437,1.0,58.93635179568008,0.5652173913043478,0.2608695652173913,0.0405332214029074,0.0141621452835745,True,19.76511020589947,1.0
2023-09-18,19.332469605526235,1.0,58.905384667780126,0.6086956521739131,0.3043478260869565,0.0297761980796096,0.0149991580730806,False,19.754724956778098,1.0
2023-09-19,19.013465608858024,1.0,57.9333902191801,0.6521739130434783,0.1739130434782608,0.00912696730385,-0.000483506418423,False,19.42875334824175,1.0
2023-09-20,18.860992217611965,1.0,57.46880892428011,0.6521739130434783,0.2608695652173913,0.0008532637995435,-0.0168855769098779,False,19.27294966827982,1.0
2023-09-21,18.52510416493085,1.0,56.445369324880105,0.7391304347826086,0.0869565217391304,-0.0333310086237337,-0.0308253491599278,False,18.929725226065436,1.0
2023-09-22,18.42554413806488,1.0,56.142013271580105,0.782608695652174,0.1304347826086956,-0.0205914973672395,-0.0299114779029897,False,18.827990632008998,1.0
2023-09-25,18.47151547803238,1.0,56.28208639828011,0.7391304347826086,0.1304347826086956,-0.0220039711041488,-0.0461554573782041,False,18.874966067402564,1.0
2023-09-26,19.099814288055804,1.0,58.1964917404801,0.6956521739130435,0.1739130434782608,0.0009805019969979,-0.0214112685981731,False,19.516988035415164,1.0
2023-09-27,19.320834762066596,1.0,58.86993369108009,0.6363636363636364,0.1818181818181818,-0.0080895158550325,-0.001545798247168,False,19.742835987745675,1.0
2023-09-28,19.415772882799143,1.0,59.159206951842826,0.6666666666666666,0.1904761904761904,-0.0099254007553932,0.0062846352989158,False,19.839847725058775,1.0
2023-09-29,19.16472697491598,1.0,58.3942785140967,0.7272727272727273,0.2272727272727272,-0.0284306300865034,-0.0038287734871801,False,19.58331853024039,1.0
2023-10-02,18.92705595437067,1.0,57.6701029082236,0.7272727272727273,0.1363636363636363,-0.0458443221063947,-0.0030671879088914,False,19.340456353970513,1.0
2023-10-03,18.5212940978804,1.0,56.4337601787236,0.8181818181818182,0.1363636363636363,-0.0573733551216025,-0.02654029025578,False,18.925831940407456,1.0
2023-10-04,18.54448426734824,1.0,56.50441984512359,0.8181818181818182,0.1363636363636363,-0.0577284499510449,-0.0395456943093641,False,18.949528624218992,1.0
2023-10-05,18.67807848351248,1.0,56.9114769285236,0.7727272727272727,0.1363636363636363,-0.0544838592412406,-0.0291992921762949,False,19.0860407745025,1.0
2023-10-06,18.95694782572623,1.0,57.761182434873206,0.7142857142857143,0.1428571428571428,-0.0421129114439271,-0.0181859948432654,False,19.37100111669983,1.0
2023-10-09,19.1364324970137,1.0,58.3080661915732,0.7142857142857143,0.1428571428571428,-0.0383052176278683,-0.0101929607407399,False,19.554406050864486,1.0
2023-10-10,19.34234014650908,1.0,58.93545987417319,0.5238095238095238,0.1904761904761904,-0.0260212208170377,-0.0069269858513602,False,19.76481108784513,1.0
2023-10-11,19.47271077179017,1.0,59.33269478457319,0.4761904761904761,0.238095238095238,-0.0101815123761662,0.0093636978440698,False,19.898029238315406,1.0
2023-10-12,19.26977970254195,1.0,58.71437064187321,0.4761904761904761,0.238095238095238,-0.0204314353091291,0.0086207846473762,False,19.690665795362545,1.0
2023-10-13,19.2682513404795,1.0,58.70971377407322,0.5714285714285714,0.3809523809523809,-0.0038454708291508,0.0365318812532402,False,19.68910405116772,1.0
2023-10-16,19.36935126268259,1.0,59.01776183667321,0.5238095238095238,0.2857142857142857,0.0019077571520307,0.031740760986487,True,19.792412174600784,1.0
2023-10-17,19.44539963008634,1.0,59.249478654373206,0.5238095238095238,0.4285714285714285,0.0227172694401955,0.0320515765194591,True,19.87012157294085,1.0
2023-10-18,19.257841137908954,1.0,58.67799423697319,0.5238095238095238,0.2857142857142857,0.0210407233998233,0.0219119404869601,True,19.678466471348806,1.0
2023-10-19,18.88891177334804,1.0,57.5538788715732,0.7142857142857143,0.238095238095238,0.0196386268696886,-0.0143469569955969,False,19.301479036525865,1.0
2023-10-20,18.685400565730223,1.0,56.933787066773206,0.7142857142857143,0.238095238095238,0.0141030531157297,-0.0067788472326123,False,19.093522783954672,1.0
2023-10-23,18.50703881177709,1.0,56.390324801423205,0.7142857142857143,0.238095238095238,0.0019231412705127,-0.0201231465785817,False,18.911265293626304,1.0
2023-10-24,18.71177341109069,1.0,57.014144239573206,0.7142857142857143,0.2857142857142857,-0.0203164738207832,-0.0193558921669385,False,19.120471658933102,1.0
2023-10-25,18.43736197592813,1.0,56.1780218260732,0.7142857142857143,0.2857142857142857,-0.0457264293711064,-0.0534460405507474,False,18.84006659236667,1.0
2023-10-26,18.262927240170992,1.0,55.64652505308669,0.8,0.15,-0.0593767577313122,-0.0687128203706664,False,18.66182189326183,1.0
2023-10-27,18.14495551774844,1.0,55.28706918267712,0.7,0.15,-0.0532108523383755,-0.080128664365459,False,18.541273459632393,1.0
2023-10-30,18.20781904308517,1.0,55.47861223005241,0.6190476190476191,0.2857142857142857,-0.0380004641513945,-0.0821026807390402,False,18.605510035619847,1.0
2023-10-31,18.3938833972353,1.0,56.0455440591366,0.6,0.35,-0.0068791467794726,-0.0638578221699629,False,18.79563836456576,1.0
2023-11-01,18.593075210757213,1.0,56.652474815403096,0.5714285714285714,0.3809523809523809,0.0026202369776615,-0.0552594751926083,True,18.99918087982943,1.0
2023-11-02,18.894097950886486,1.0,57.5696809801031,0.5238095238095238,0.4761904761904761,0.0115654009894377,-0.0435485859313801,True,19.306778489360376,1.0
2023-11-03,19.09688622784636,1.0,58.1875700395031,0.5238095238095238,0.4285714285714285,0.0073819057480455,-0.0350418792389365,True,19.513996021188593,1.0
2023-11-06,19.22172178028061,1.0,58.5679397691031,0.4761904761904761,0.4285714285714285,0.0044569061281518,-0.0340190342589024,True,19.641558203024957,1.0
2023-11-07,19.02987715039156,1.0,57.9833956342538,0.5,0.4545454545454545,-0.0161543532866637,-0.0417552181096727,False,19.445523346887914,1.0
2023-11-08,19.09472151345305,1.0,58.18097422755379,0.4545454545454545,0.3181818181818182,-0.0194112295286957,-0.029395106231179,False,19.51178402560177,1.0
2023-11-09,18.941815128225,1.0,57.715073614553816,0.5909090909090909,0.3636363636363636,-0.017019632781463,-0.0371033325644325,False,19.35553789430296,1.0
2023-11-10,19.364811380171293,1.0,59.003928967353794,0.3636363636363636,0.5454545454545454,0.0050113545845713,0.001146612737551,True,19.787773133020647,1.0
2023-11-13,19.445329835709305,1.0,59.24926599325379,0.4090909090909091,0.5454545454545454,0.0039226183673526,0.0058378589226284,True,19.870050254131097,1.0
2023-11-14,19.75090345544553,1.0,60.18033853505381,0.3636363636363636,0.4545454545454545,0.0157108535268417,0.0387850306597421,True,20.182298142533867,1.0
2023-11-15,19.452561640347152,1.0,59.27130105875381,0.4545454545454545,0.4545454545454545,0.0101112321492198,0.0313647031879262,True,19.877440014181257,1.0
2023-11-16,19.327500043704607,1.0,58.890242580053794,0.4545454545454545,0.4090909090909091,0.0232193508879321,0.0433139739258652,True,19.749646850931033,1.0
2023-11-17,19.49866389941649,1.0,59.41177309155382,0.4090909090909091,0.4545454545454545,0.0435239978305741,0.0582408721995175,True,19.924549228181547,1.0
2023-11-20,19.6372875030951,1.0,59.8341545495538,0.3636363636363636,0.5,0.0610712876767058,0.0631118776609931,True,20.06620061670387,1.0
2023-11-21,19.534911692440183,1.0,59.5222188977538,0.4090909090909091,0.5454545454545454,0.043990393815992,0.0227801903108801,True,19.961588737157093,1.0
2023-11-22,19.57720895512761,1.0,59.6510972345538,0.3636363636363636,0.5454545454545454,0.0618226718490235,0.0132693124400795,True,20.00480984692032,1.0
2023-11-24,19.695697633302544,1.0,60.0121282517538,0.3636363636363636,0.5454545454545454,0.0784523956258245,0.0144173890059966,True,20.125886527530692,1.0
2023-11-27,19.713907727943425,1.0,60.0676137976538,0.4090909090909091,0.5454545454545454,0.0864676801582846,0.0286558088589645,True,20.144494362867192,1.0
2023-11-28,19.66527519808267,1.0,59.9194321148544,0.3043478260869565,0.5217391304347826,0.0800456194972452,0.0390033846516695,True,20.094799612483264,1.0
2023-11-29,19.67105911661117,1.0,59.93705552007682,0.375,0.5833333333333334,0.069434805679361,0.0620780066800157,True,20.10070986202894,1.0
2023-11-30,19.80642767028026,1.0,60.3495189501768,0.375,0.5416666666666666,0.0652582988972712,0.0680495280828026,True,20.239035104488668,1.0
2023-12-01,20.04220858839564,1.0,61.06793547751682,0.36,0.6,0.0607655703116152,0.0730337494880586,True,20.479965895146393,1.0
2023-12-04,20.027379812864,1.0,61.0227526972168,0.32,0.56,0.0487248849846955,0.0564664732412822,True,20.46481323291282,1.0
2023-12-05,19.872212226502924,1.0,60.54996228041679,0.36,0.6,0.0338414244914124,0.0384491586717654,True,20.30625651184631,1.0
2023-12-06,19.54972285030541,1.0,59.5673479976168,0.36,0.36,0.0273173439747167,0.010721696662632,True,19.97672339692323,1.0
2023-12-07,19.639403600120023,1.0,59.840602226016806,0.4,0.4,0.0285252699958578,0.0085603299039043,True,20.06836293303293,1.0
2023-12-08,19.85244264797592,1.0,60.489725039566814,0.4,0.44,0.0480749871956036,0.0302371357860979,True,20.286055130735605,1.0
2023-12-11,20.028981201282264,1.0,61.02763207386682,0.36,0.48,0.0342977686728747,0.0394810015377253,True,20.466449598488314,1.0
2023-12-12,20.1941072854904,1.0,61.53076569866681,0.36,0.48,0.038506801175778,0.0425804670286911,True,20.63518232861965,1.0
2023-12-13,20.3660042583527,1.0,62.05452999346681,0.32,0.48,0.0311429198312223,0.0473430552099307,True,20.810833835596636,1.0
2023-12-14,20.33284798140341,1.0,61.95350393276679,0.36,0.44,0.0452529778510211,0.0558217733647359,True,20.776953366878004,1.0
2023-12-15,20.312800530019217,1.0,61.892420022666805,0.2,0.48,0.0509791997975204,0.0753822546135372,True,20.75646804367512,1.0
2023-12-18,20.485811804941896,1.0,62.419579558366806,0.12,0.56,0.0506264383353438,0.0963539011581953,True,20.933258191041606,1.0
2023-12-19,20.735853988668516,1.0,63.18144968236679,0.12,0.56,0.0559428834252317,0.1204306750290642,True,21.188761738591456,1.0
2023-12-20,20.26824667215706,1.0,61.75666591626678,0.32,0.48,0.0375397130666663,0.0831814936442003,True,20.710941050704772,1.0
2023-12-21,20.805374586084632,1.0,63.3932766044668,0.28,0.64,0.0627344599412544,0.1284355437208519,True,21.259800788894356,1.0
2023-12-22,20.858509648153102,1.0,63.55517735146681,0.24,0.64,0.0590388843543383,0.1421230218928366,True,21.314096414758108,1.0
2023-12-26,21.16669271713945,1.0,64.4942007973668,0.2,0.64,0.0736934051454845,0.1665331830896639,True,21.629010747400887,1.0
2023-12-27,21.149245049063435,1.0,64.4410383395668,0.16,0.64,0.0754614332132741,0.1615474098802258,True,21.61118199137479,1.0
2023-12-28,20.968610101147164,1.0,63.89064972866678,0.16,0.72,0.0659624363306543,0.1399773309587715,True,21.426601656503973,1.0
2023-12-29,20.84972678304734,1.0,63.5284162568888,0.16,0.68,0.0526747745799998,0.121370539661159,True,21.30512171633431,1.0
2024-01-02,20.651541261783947,1.0,62.9245516392888,0.24,0.56,0.0304024713993404,0.0930154652244195,True,21.102607472533048,1.0
2024-01-03,20.522861072884684,1.0,62.53246743168881,0.36,0.48,0.0247401939070648,0.0746705419943811,True,20.97111668056695,1.0
2024-01-04,20.529289526547934,1.0,62.5520547137888,0.36,0.44,0.0330651309756393,0.0680255266002625,True,20.977685543035438,1.0
2024-01-05,20.684837066758448,1.0,63.02600283718881,0.24,0.52,0.0580629313849996,0.0869664004285406,True,21.13663051681591,1.0
2024-01-08,20.952250129626837,1.0,63.84080144568882,0.12,0.6,0.0668475762420193,0.0972796913987494,True,21.40988435425138,1.0
2024-01-09,20.938754421484703,1.0,63.7996804768888,0.16,0.6,0.0547193004292367,0.1054249172923285,True,21.396093875958393,1.0
2024-01-10,20.982404957101377,1.0,63.9326821907888,0.16,0.64,0.0476022093304515,0.0835326275672596,True,21.4406978165267,1.0
2024-01-11,21.15939784998142,1.0,64.4719735824888,0.16,0.68,0.0478006059314439,0.0881480555359059,True,21.6215565474335,1.0
2024-01-12,21.296714820366056,1.0,64.8903737727888,0.16,0.6,0.0456992225969732,0.0782653496538823,True,21.761872763478195,1.0
2024-01-16,21.30916578973617,1.0,64.9283114576888,0.24,0.56,0.0480167760672638,0.0954426560221342,True,21.774595684055377,1.0
2024-01-17,21.18957460244363,1.0,64.5639211322888,0.36,0.48,0.0431636234072543,0.0963432701864381,True,21.652392413577026,1.0
2024-01-18,21.34211040067984,1.0,65.0286925791888,0.28,0.56,0.0417995930008192,0.0945421958536616,True,21.808259863608217,1.0
2024-01-19,21.474192641408184,1.0,65.4311427242888,0.2,0.64,0.0356068601342947,0.0935416939851578,True,21.943227014236378,1.0
2024-01-22,21.612122567016275,1.0,65.8514105685388,0.2,0.52,0.066304496713341,0.1063332615616559,True,22.084169573531433,1.0
2024-01-23,21.590019374693476,1.0,65.78406288494081,0.125,0.6666666666666666,0.0377135622029916,0.1028139621015118,True,22.061583608369546,1.0
2024-01-24,21.460037991385327,1.0,65.38801398174078,0.2916666666666667,0.5416666666666666,0.0288385101993846,0.0895799880223358,True,21.928763201605786,1.0
2024-01-25,21.56932828414029,1.0,65.72101782794081,0.2083333333333333,0.625,0.0190221293605687,0.0941173399917516,True,22.04044058777909,1.0
2024-01-26,21.622244300633668,1.0,65.8822511504408,0.25,0.5416666666666666,0.0223648291214619,0.0995139443938115,True,22.094512383724716,1.0
2024-01-29,21.87221385960065,1.0,66.6438999892408,0.25,0.5416666666666666,0.0430931642152117,0.1118981306466984,True,22.34994172026164,1.0
2024-01-30,21.60919997584621,1.0,65.84250553154081,0.375,0.5,0.0364260501205409,0.0910195586794799,True,22.08118314779774,1.0
2024-01-31,21.49144543422908,1.0,65.48371140374078,0.375,0.5,0.0406702900184687,0.0723092387468986,True,21.96085663858689,1.0
2024-02-01,21.86613743890101,1.0,66.6253853397408,0.2916666666666667,0.5416666666666666,0.0654526852394421,0.0918121912710687,True,22.343732579779726,1.0
2024-02-02,22.056226049095105,1.0,67.20457894164079,0.1666666666666666,0.6666666666666666,0.0743784396714053,0.1099029034965435,True,22.53797306164383,1.0
2024-02-05,22.13346477194222,1.0,67.4399227323408,0.2083333333333333,0.625,0.0700333147661957,0.132162585701129,True,22.61689881489686,1.0
2024-02-06,21.904719970987934,1.0,66.74294501734079,0.25,0.625,0.0454590717210983,0.1153454767258852,True,22.383157822651714,1.0
2024-02-07,22.278827578464146,1.0,67.88283831474082,0.25,0.5833333333333334,0.0639996596743321,0.1222209767086577,True,22.7654366023798,1.0
2024-02-08,22.42989899017177,1.0,68.34314782514079,0.25,0.6666666666666666,0.0689860879165089,0.1198721874448511,True,22.919807681088916,1.0
2024-02-09,22.692321970029194,1.0,69.14274181854078,0.25,0.7083333333333334,0.072446490723228,0.1237100828088493,True,23.187962443268894,1.0
2024-02-12,22.705915833988957,1.0,69.18416186481579,0.2083333333333333,0.6666666666666666,0.0661698776317967,0.11489301219588,True,23.201853221276284,1.0
2024-02-13,22.609813485329127,1.0,68.8913412407158,0.2916666666666667,0.5833333333333334,0.0610370067240935,0.1119845830750443,True,23.10365182723749,1.0
2024-02-14,22.96267234801653,1.0,69.9664903274158,0.25,0.625,0.0836778358621892,0.1304532978641333,True,23.46421775198404,1.0
2024-02-15,23.29826403060641,1.0,70.9890268971158,0.2083333333333333,0.6666666666666666,0.0916569914221909,0.1372878093601375,True,23.80713935085987,1.0
2024-02-16,23.38422544254945,1.0,71.2509484281158,0.25,0.5833333333333334,0.0889454999792724,0.1277194300909039,True,23.894978312176306,1.0
2024-02-20,22.946538874460067,1.0,69.9173321761158,0.2083333333333333,0.5833333333333334,0.0617438802369336,0.1321422738545135,True,23.447731894811692,1.0
2024-02-21,22.806974497876443,1.0,69.49208421471582,0.2916666666666667,0.5416666666666666,0.0563665600323364,0.096205906003276,True,23.305119185239107,1.0
2024-02-22,23.388733697892008,1.0,71.26468493051578,0.2083333333333333,0.7083333333333334,0.0898738253530078,0.1213041627814928,True,23.89958503579436,1.0
2024-02-23,23.26422810176181,1.0,70.88532056667661,0.28,0.64,0.0785791655305165,0.0990960379428524,True,23.772360017091696,1.0
2024-02-26,23.533155836781116,1.0,71.70473433027661,0.24,0.68,0.0883771133827879,0.112718481543304,True,24.047161609798565,1.0
2024-02-27,23.619709904790163,1.0,71.96846166437659,0.24,0.56,0.0798957095247339,0.1264318326705857,True,24.135606171838393,1.0
2024-02-28,23.65112848096981,1.0,72.06419300927661,0.28,0.6,0.0944934799717698,0.1343615543298266,True,24.167710985327155,1.0
2024-02-29,23.711404443193864,1.0,72.24785183887661,0.24,0.6,0.1032950071114848,0.1481663350266373,True,24.229303481244024,1.0
2024-03-01,24.40808609150413,1.0,74.3706173893766,0.24,0.72,0.1162504653465159,0.1893120557032221,True,24.941201889757235,1.0
2024-03-04,24.523090841757504,1.0,74.7210329953766,0.24,0.68,0.1118443738820678,0.1945416235688466,True,25.058718547294298,1.0
2024-03-05,24.266613275279,1.0,73.93955447657662,0.24,0.6,0.096376619084098,0.1731595079507122,True,24.79663905684377,1.0
2024-03-06,24.298046432945476,1.0,74.0353302507766,0.24,0.68,0.1092607650372805,0.1596867297125108,True,24.828758770304834,1.0
2024-03-07,24.53013984135813,1.0,74.7425110600766,0.2,0.72,0.1010516489238515,0.1715185797388403,True,25.06592150952169,1.0
2024-03-08,24.02859996804539,1.0,73.2143359346766,0.28,0.6,0.0712754425944641,0.145178544460083,True,24.553427117738533,1.0
2024-03-11,23.81984491708355,1.0,72.5782663155766,0.32,0.56,0.0496874206413748,0.1257335906231593,True,24.340112487004,1.0
2024-03-12,24.236330931332883,1.0,73.84728519307659,0.32,0.56,0.0674016017910634,0.138031435165562,True,24.76569529291145,1.0
2024-03-13,24.36881913295848,1.0,74.2509722873766,0.32,0.6,0.0777983263228032,0.143583910013785,True,24.901077271341336,1.0
2024-03-14,24.316163076078944,1.0,74.09053105307662,0.28,0.56,0.0589430841301588,0.1475531497114028,True,24.847271112987602,1.0
2024-03-15,24.37015487411744,1.0,74.25504224576218,0.2916666666666667,0.5416666666666666,0.0460073266447194,0.1418812112105434,True,24.902442187451236,1.0
2024-03-18,24.68255955164921,1.0,75.20692879091222,0.25,0.7083333333333334,0.0555217923420001,0.1494057059008771,True,25.221670336041573,1.0
2024-03-19,24.774515569998577,1.0,75.4871156860122,0.1666666666666666,0.7083333333333334,0.0796624146909179,0.1463249615199127,True,25.31563483657765,1.0
2024-03-20,25.0986446550078,1.0,76.47472610641219,0.1666666666666666,0.75,0.1004811119223521,0.1625114465819757,True,25.646843474454887,1.0
2024-03-21,25.39846811724537,1.0,77.38827811171221,0.1666666666666666,0.7916666666666666,0.0859274574379587,0.1835239120937735,True,25.953215611742458,1.0
2024-03-22,25.399899061369684,1.0,77.39263815033121,0.1666666666666666,0.7916666666666666,0.0918006370237634,0.1775934200067774,True,25.954677810218968,1.0
2024-03-25,25.302281721093635,1.0,77.09520139773119,0.2083333333333333,0.7083333333333334,0.0751758878657264,0.1701968292140754,True,25.854928334465786,1.0
2024-03-26,25.32883366340969,1.0,77.1761042729312,0.1666666666666666,0.7083333333333334,0.0723600656193033,0.1580370339279477,True,25.882060218194287,1.0
2024-03-27,25.271061340898918,1.0,77.00007394933118,0.1666666666666666,0.7083333333333334,0.0684928358167999,0.1694584421980345,True,25.82302604591304,1.0
2024-03-28,25.308862356850906,1.0,77.1152523735532,0.2083333333333333,0.6666666666666666,0.0673708686250162,0.1776249500902291,True,25.86165270295456,1.0
2024-04-01,25.4099701972904,1.0,77.42332456275322,0.1666666666666666,0.7083333333333334,0.0410472210737984,0.1620694449713247,True,25.964968917572328,1.0
2024-04-02,25.40366913174152,1.0,77.40412542795319,0.1666666666666666,0.5833333333333334,0.0359081282072559,0.1517686242059412,True,25.958530225600086,1.0
2024-04-03,25.8769014117212,1.0,78.8460482685532,0.2083333333333333,0.5416666666666666,0.0663581736015317,0.169130169105941,True,26.44209873611233,1.0
2024-04-04,25.20077935684474,1.0,76.7859271077532,0.2916666666666667,0.5,0.0371524898674677,0.1504725643707076,True,25.751208978940383,1.0
2024-04-05,25.63008441914151,1.0,78.0940051935032,0.3333333333333333,0.5833333333333334,0.0448405343343727,0.1504233931913392,True,26.189890823592084,1.0
2024-04-08,25.44897096162544,1.0,77.54215857994659,0.4347826086956521,0.4782608695652174,0.0591116833885014,0.134600337378985,True,26.004821527624934,1.0
2024-04-09,25.196401333295277,1.0,76.77258741724661,0.3478260869565217,0.4782608695652174,0.057790318157129,0.110349190645776,True,25.746735331608267,1.0
2024-04-10,25.274949144632487,1.0,77.01191995654662,0.391304347826087,0.4347826086956521,0.042853772555023,0.113143787259085,True,25.826998766160877,1.0
2024-04-11,25.4192139054927,1.0,77.4514898307466,0.3043478260869565,0.4782608695652174,0.0431040489407048,0.124255798128831,True,25.9744145247215,1.0
2024-04-12,24.99950751923396,1.0,76.1726585880466,0.391304347826087,0.4347826086956521,0.0281024782165266,0.0887020090844683,True,25.545541008180464,1.0
2024-04-15,24.6311597453396,1.0,75.05031530984662,0.4347826086956521,0.217391304347826,0.0107100210306569,0.0572100871113057,True,25.169147866993548,1.0
2024-04-16,24.656380838144248,1.0,75.1271631313466,0.4782608695652174,0.2608695652173913,-0.0010606158348437,0.0544022892150195,False,25.194919833101945,1.0
2024-04-17,24.372142017140455,1.0,74.26109700371859,0.4583333333333333,0.2083333333333333,-0.016241429695012,0.0621271534883682,False,24.904472733194766,1.0
2024-04-18,24.062217394929725,1.0,73.31676710371859,0.6666666666666666,0.1666666666666666,-0.0412941525060109,0.0550376770566458,False,24.587778808722945,1.0
2024-04-19,23.81574603207593,1.0,72.5657771508186,0.7916666666666666,0.0833333333333333,-0.0623156513953209,0.0182571805596476,False,24.33592407509351,1.0
2024-04-22,24.007041689988224,1.0,73.1486485865186,0.7083333333333334,0.0833333333333333,-0.0548371223057272,0.0319294319578205,False,24.531397968734243,1.0
2024-04-23,24.62024319281554,1.0,75.0170529414686,0.625,0.1666666666666666,-0.0269556135607129,0.0461938621226214,False,25.157992877641995,1.0
2024-04-24,24.62115780831006,1.0,75.01983974411861,0.5833333333333334,0.2083333333333333,-0.0279395358074439,0.0423988231674599,False,25.15892746995762,1.0
2024-04-25,24.85405759339529,1.0,75.72947755601861,0.5416666666666666,0.3333333333333333,-0.0165012360137299,0.0508613833540074,False,25.396914198540724,1.0
2024-04-26,25.28528856495534,1.0,77.04342382251859,0.4166666666666667,0.375,-0.0009314441543505,0.0663766722689114,False,25.83756401772254,1.0
2024-04-29,25.52747005157549,1.0,77.78134266681859,0.4166666666666667,0.3333333333333333,0.0046241634040808,0.045861193535408,True,26.085035176629063,1.0
2024-04-30,25.07708050444222,1.0,76.40902086491859,0.4583333333333333,0.2916666666666667,-0.0128559628770799,0.0225905317669581,False,25.624808324676206,1.0
2024-05-01,24.78474680902701,1.0,75.5182899272186,0.5833333333333334,0.25,-0.0422057720635549,0.0213517035883967,False,25.32608954397396,1.0
2024-05-02,25.15337680405433,1.0,76.64149312371862,0.5,0.1666666666666666,-0.0018809955088762,0.0352016106920072,False,25.702771070502862,1.0
2024-05-03,25.67073510517489,1.0,78.2178664666186,0.2916666666666667,0.4166666666666667,0.0015860535364846,0.0464977073589163,True,26.231429392552997,1.0
2024-05-06,26.137870415524457,1.0,79.64121204581859,0.25,0.5,0.0270698353555358,0.0877816622809526,True,26.708767764827844,1.0
2024-05-07,26.124210780244617,1.0,79.59959159654342,0.25,0.5416666666666666,0.0368230936901019,0.0967414301471116,True,26.694809778938343,1.0
2024-05-08,26.19443729109152,1.0,79.81356941312463,0.28,0.56,0.0363794261740106,0.0807921943839771,True,26.766570161070703,1.0
2024-05-09,26.843222411363737,1.0,81.79039585362462,0.24,0.72,0.0560209497888259,0.1015397284909331,True,27.42952589660509,1.0
2024-05-10,26.72652677601993,1.0,81.43482817762461,0.24,0.72,0.0690821311362732,0.0991259884382083,True,27.310281422054647,1.0
2024-05-13,26.619830153607765,1.0,81.10972715772463,0.24,0.72,0.0807379932097769,0.0923127198456836,True,27.201254356574765,1.0
2024-05-14,26.928435215831115,1.0,82.05003640282462,0.24,0.72,0.0921487379920706,0.0909903877465516,True,27.516599899533695,1.0
2024-05-15,27.640643051014152,1.0,84.22010972252461,0.24,0.68,0.1341080743569858,0.1156885378007712,True,28.244363614319592,1.0
2024-05-16,27.12849864909349,1.0,82.6596229551246,0.24,0.68,0.1274313669366928,0.0808750441303487,True,27.72103307225557,1.0
2024-05-17,27.243095923959658,1.0,83.00879699732462,0.24,0.64,0.1439110866931328,0.0726275221875207,True,27.838133354421814,1.0
2024-05-20,27.62194434566316,1.0,84.16313539622462,0.2,0.68,0.1505767641992499,0.0874824454587277,True,28.22525649615032,1.0
2024-05-21,27.48141885745313,1.0,83.73495896002461,0.2,0.64,0.1162123234214236,0.08612413537957,True,28.08166168257241,1.0
2024-05-22,27.04219771325174,1.0,82.39666690622462,0.32,0.56,0.0983316838221364,0.0676448064135375,True,27.63284717123757,1.0
2024-05-23,27.010091877598843,1.0,82.2988415048246,0.36,0.52,0.0867477785509149,0.0688150969696494,True,27.60004008731234,1.0
2024-05-24,27.601202339418315,1.0,84.0999352008246,0.36,0.56,0.0915913523594404,0.0905745959753456,True,28.204061447779385,1.0
2024-05-28,27.777583739988977,1.0,84.63736339602458,0.28,0.56,0.0881447978929113,0.0931765572456686,True,28.384295330302532,1.0
2024-05-29,27.910127752207664,1.0,85.04122054332463,0.36,0.48,0.1129735675276701,0.0986652206603633,True,28.51973433832764,1.0
2024-05-30,27.75932548935216,1.0,84.58173112042462,0.36,0.56,0.1200165046367043,0.0727453433345881,True,28.36563828715792,1.0
2024-05-31,27.524370471505243,1.0,83.86583108342461,0.32,0.52,0.0942614459251738,0.0922031450598523,True,28.125551435892216,1.0
2024-06-03,27.18901727802638,1.0,82.84402118202463,0.52,0.36,0.0591444758644799,0.0608243357060729,True,27.782873535151673,1.0
2024-06-04,26.563017639558364,1.0,80.9366213382246,0.72,0.28,0.0162655647638905,0.0437757062795498,False,27.14320095667038,1.0
2024-06-05,27.197634771048094,1.0,82.87027839342461,0.48,0.24,0.0410892409280052,0.0794253675864542,True,27.791679249472427,1.0
2024-06-06,26.9308024539075,1.0,82.05724929762462,0.68,0.28,0.028111509120541,0.0655136158652425,False,27.519018842279266,1.0
2024-06-07,26.83960278171455,1.0,81.77936696382463,0.68,0.24,-0.0001348433356371,0.0558785524014537,False,27.42582720783826,1.0
2024-06-10,27.434670640679236,1.0,83.59251871582464,0.76,0.24,0.0264959181039063,0.0974084437292097,False,28.033892402008068,1.0
2024-06-11,27.21251434454773,1.0,82.9156159534246,0.72,0.28,0.0222647623038882,0.1048003677413738,False,27.806883819191523,1.0
2024-06-12,27.493034491562696,1.0,83.77035140648101,0.625,0.3333333333333333,0.0209666574090292,0.115047446421254,False,28.093531022688563,1.0
2024-06-13,27.48441538542832,1.0,83.744089279981,0.7083333333333334,0.2916666666666667,-0.0056520995295771,0.127697982643423,False,28.084723660021915,1.0
2024-06-14,27.107087008202843,1.0,82.594382405481,0.75,0.25,-0.0007892674477721,0.1265415220591723,False,27.699153763233046,1.0
2024-06-17,27.262264080900984,1.0,83.06720172683099,0.75,0.25,0.0007035968670674,0.1447159389499339,False,27.85772017783501,1.0
2024-06-18,27.68320558886684,1.0,84.349796343831,0.5833333333333334,0.2916666666666667,0.0022178468842399,0.1531285672908082,True,28.287855793327193,1.0
2024-06-20,27.37036177995355,1.0,83.39657178013103,0.6666666666666666,0.25,-0.0040411697109105,0.1117015199890678,False,27.96817892194878,1.0
2024-06-21,27.24908906930832,1.0,83.02705790963103,0.7083333333333334,0.2083333333333333,0.0076506857264486,0.1067346743584607,False,27.84425740067171,1.0
2024-06-24,27.240971417773785,1.0,83.002323698431,0.5833333333333334,0.2083333333333333,0.0085478991045719,0.0960371889140858,True,27.83596244526085,1.0
2024-06-25,27.543321170187987,1.0,83.923573224931,0.5833333333333334,0.3333333333333333,-0.0020970524587499,0.089302228030025,False,28.1449160513736,1.0
2024-06-26,27.215667082665316,1.0,82.925222240431,0.7083333333333334,0.2083333333333333,-0.020229140971492,0.0661325633789398,False,27.810105418689393,1.0
2024-06-27,27.363467985643403,1.0,83.37556662073101,0.6666666666666666,0.25,-0.0195864301094437,0.0911743885336311,False,27.961134554970098,1.0
2024-06-28,27.407239679669985,1.0,83.50893750023101,0.625,0.2916666666666667,-0.0126835145838549,0.1058107589659864,False,28.00586230026241,1.0
2024-07-01,27.60714912871608,1.0,84.11805486780302,0.625,0.375,0.0030074677746592,0.097552401960846,False,28.210138125480196,1.0
2024-07-02,27.67654564018751,1.0,84.32950370420302,0.625,0.375,0.0179310769924421,0.0781360770073256,False,28.281050379581764,1.0
2024-07-03,27.992688064540346,1.0,85.29277903820302,0.6666666666666666,0.3333333333333333,0.0538218377287402,0.0709628450799193,False,28.60409791399889,1.0
2024-07-05,27.80630614284943,1.0,84.724879591503,0.5833333333333334,0.2916666666666667,0.0223795700223632,0.0643883704948826,True,28.41364508127506,1.0
2024-07-08,28.10148277131947,1.0,85.624272850603,0.5416666666666666,0.375,0.0434699381652516,0.0728034528489947,True,28.715268889721546,1.0
2024-07-09,28.063608820372064,1.0,85.508872195903,0.5833333333333334,0.2916666666666667,0.045604476661309,0.0454634838659189,True,28.676567704655223,1.0
2024-07-10,28.19282410454445,1.0,85.90258682080301,0.4583333333333333,0.25,0.0276348666180465,0.0548629958846769,True,28.808605279322233,1.0
2024-07-11,28.043049989992294,1.0,85.44623013120301,0.5,0.3333333333333333,0.03052035673473,0.053464647526747,True,28.65555983303445,1.0
2024-07-12,28.27490556840854,1.0,86.152686280503,0.5,0.3333333333333333,0.028438878839867,0.0500018044786285,True,28.892479547626856,1.0
2024-07-15,28.364457063333983,1.0,86.42554667360302,0.5416666666666666,0.2916666666666667,0.0320196615268826,0.026186583683452,True,28.98398700569185,1.0
2024-07-16,28.39806589033764,1.0,86.52795163909782,0.48,0.36,0.0476251425224749,0.0467982861000142,True,29.018329908958975,1.0
2024-07-17,26.962613786169527,1.0,82.15417735709784,0.6,0.24,-0.0109913943259538,-0.0102955309694987,False,27.551524990338354,1.0
2024-07-18,26.856898496972224,1.0,81.83206642649782,0.68,0.24,-0.0298486780818092,-0.0276970309952516,False,27.443500692127536,1.0
2024-07-19,26.954503990251727,1.0,82.12946708169781,0.68,0.28,-0.0151937264492579,-0.0191734957330458,False,27.543238062124797,1.0
2024-07-22,27.342734982965897,1.0,83.31239385889782,0.6,0.28,0.00343666217316,0.0111136407218435,True,27.939948706820342,1.0
2024-07-23,27.69910628649216,1.0,84.39824523469782,0.6,0.28,0.0168178609232503,0.025509517406149,True,28.30410379033008,1.0
2024-07-24,26.42820975573849,1.0,80.52586625029781,0.72,0.16,-0.0404857281937542,-0.0424978799566512,False,27.005448630081666,1.0
2024-07-25,26.033111717296272,1.0,79.32201581572781,0.7916666666666666,0.125,-0.0434512724518983,-0.0628014315075702,False,26.60172095122591,1.0
2024-07-26,26.169351756955265,1.0,79.73713463432782,0.7083333333333334,0.2083333333333333,-0.043639067581443,-0.0623707641436616,False,26.740936714471935,1.0
2024-07-29,26.05986607444919,1.0,79.4035354421278,0.75,0.2083333333333333,-0.0491612296958257,-0.0612212071058734,False,26.629059670889546,1.0
2024-07-30,25.652621487118896,1.0,78.16267488162782,0.75,0.2083333333333333,-0.0707978803781717,-0.0680033349472639,False,26.212920141020746,1.0
2024-07-31,26.38391939324741,1.0,80.39091500543118,0.6190476190476191,0.2857142857142857,-0.0467047536836806,-0.0296111432254536,False,26.960190887687634,1.0
2024-08-01,25.880278455620157,1.0,78.85633800773117,0.7142857142857143,0.1428571428571428,-0.0754629067437109,-0.0257026213362696,False,26.44554954062682,1.0
2024-08-02,24.902319485398262,1.0,75.87652991773116,0.9047619047619048,0.0952380952380952,-0.104436261419712,-0.084393930022665,False,25.4462302156801,1.0
2024-08-05,24.36150533997447,1.0,74.22868740614335,0.95,0.05,-0.1330882594978953,-0.0954036597435382,False,24.89360373217444,1.0
2024-08-06,24.84366081424986,1.0,75.69779891964336,0.85,0.05,-0.1147374889214094,-0.074365555395794,False,25.3862903353383,1.0
2024-08-07,24.55838359370649,1.0,74.82856882354336,0.8,0.1,-0.1289136731162774,-0.1048413186600417,False,25.094782155407813,1.0
2024-08-08,25.24322802792817,1.0,76.91526678084337,0.8,0.1,-0.0998401373268348,-0.0723669371997641,False,25.794584804126956,1.0
2024-08-09,25.43627722174956,1.0,77.50348118148068,0.8,0.1,-0.1003939107697876,-0.074810122194563,False,25.99185053400449,1.0
2024-08-12,25.341580797207303,1.0,77.21494436088066,0.85,0.1,-0.1065726821203383,-0.077965441802961,False,25.895085771954236,1.0
2024-08-13,25.65911458526101,1.0,78.18245913328067,0.8,0.1,-0.0964485157423536,-0.0534167475281895,False,26.21955505991793,1.0
2024-08-14,25.90236037401319,1.0,78.92362087038067,0.65,0.15,-0.0393230945844053,-0.049882273271665,False,26.468113767198673,1.0
2024-08-15,26.273858944366157,1.0,80.05556451941744,0.5263157894736842,0.3684210526315789,-0.0217091170326981,-0.0509098066687581,False,26.847726523815208,1.0
2024-08-16,26.17661883317878,1.0,79.75927717116305,0.5263157894736842,0.3684210526315789,-0.0288591901878169,-0.0436144379958139,False,26.748362516501622,1.0
2024-08-19,26.27585140035863,1.0,80.06163546581307,0.5263157894736842,0.3684210526315789,-0.0390189051414175,-0.0357163377635951,False,26.84976249857285,1.0
2024-08-20,26.09517580809808,1.0,79.51112301296305,0.5263157894736842,0.2631578947368421,-0.0579054956432385,-0.0420614812924079,False,26.665140631613347,1.0
2024-08-21,26.48456270008269,1.0,80.69757177636308,0.5263157894736842,0.3157894736842105,0.0021323027501691,-0.0384397532731553,True,27.063032422465138,1.0
2024-08-22,26.37829151912412,1.0,80.37376706226308,0.5263157894736842,0.3684210526315789,0.0132592601904948,-0.0307681439884514,True,26.954440090833153,1.0
2024-08-23,26.65661052958229,1.0,81.22179572626307,0.4210526315789473,0.4210526315789473,0.0186194437352666,-0.0258321590096686,True,27.238838081055373,1.0
2024-08-26,26.53335496205453,1.0,80.84624015753256,0.45,0.35,0.0181692755539362,-0.0318851780708032,True,27.112890393792156,1.0
2024-08-27,26.477536104034083,1.0,80.67616197453256,0.45,0.3,0.032157127384794,-0.0409174094512719,True,27.05585235312299,1.0
2024-08-28,26.24451710230636,1.0,79.96616091353258,0.5,0.3,-0.0052836081274844,-0.0517415921950098,False,26.817743803994933,1.0
2024-08-29,26.32276705272525,1.0,80.20458588063258,0.55,0.35,0.0170975207188701,-0.0596556146363975,True,26.897702871819607,1.0
2024-08-30,26.470820066824405,1.0,80.65569843503908,0.4285714285714285,0.4761904761904761,0.0629861239370028,-0.0480281727880084,True,27.048989625774453,1.0
2024-09-03,25.592459579556262,1.0,77.9793635727451,0.5454545454545454,0.3181818181818182,0.0505286607868986,-0.0892843702298846,True,26.151444190920973,1.0
2024-09-04,25.522637048657785,1.0,77.76661666947946,0.391304347826087,0.391304347826087,0.0273299591185238,-0.0905433006844697,True,26.080096612374085,1.0
2024-09-05,24.99968448234953,1.0,76.17319778870775,0.4782608695652174,0.391304347826087,0.0179694598774864,-0.1132607223155134,True,25.545721836483697,1.0
2024-09-06,24.62171706625856,1.0,75.02154378427777,0.5,0.3636363636363636,-0.0246208987607289,-0.1220028821741825,False,25.159498943089528,1.0
2024-09-09,24.91561271908323,1.0,75.91703395367016,0.4761904761904761,0.4285714285714285,-0.02046936735778,-0.1188082782875367,False,25.459813797115444,1.0
2024-09-10,24.814547019443648,1.0,75.60909016607013,0.4761904761904761,0.4285714285714285,-0.0207971942232481,-0.1251534635746373,False,25.35654064372724,1.0
2024-09-11,25.29818544372788,1.0,77.08272017837017,0.4285714285714285,0.3809523809523809,-0.0140663131743622,-0.1091581538890816,False,25.850742587152695,1.0
2024-09-12,25.756463451418167,1.0,78.47907785427017,0.3809523809523809,0.3809523809523809,-0.0056325724948756,-0.0447341768983113,False,26.319030197602316,1.0
2024-09-13,26.108624909820637,1.0,79.55210197357017,0.2857142857142857,0.4761904761904761,-0.006288913817167,-0.0278615040837997,False,26.67888348552007,1.0
2024-09-16,26.250537542584198,1.0,79.98450499257017,0.2857142857142857,0.4761904761904761,0.0028238448164943,-0.0261168392459426,True,26.823895741343563,1.0
2024-09-17,26.36763846976521,1.0,80.34130757916675,0.3181818181818182,0.5,0.0034932100965274,-0.0356619962782854,True,26.943554360022233,1.0
2024-09-18,26.42729859759061,1.0,80.52308998206675,0.3181818181818182,0.5454545454545454,0.0127273635531308,-0.0459151163848833,True,27.004517570627257,1.0
2024-09-19,26.740588157600797,1.0,81.47767273436676,0.2727272727272727,0.5454545454545454,0.0096669694122344,0.011819885067867,True,27.324649929095422,1.0
2024-09-20,27.096725319750284,1.0,82.56281068926677,0.3181818181818182,0.5909090909090909,0.0272357972882855,0.0408561840015213,True,27.688565757166327,1.0
2024-09-23,27.2119912759391,1.0,82.91402218096675,0.3181818181818182,0.5909090909090909,0.0208346348362808,0.0398420078826264,True,27.806349325838752,1.0
2024-09-24,27.261897654977645,1.0,83.06608523936677,0.3181818181818182,0.5454545454545454,0.0274576167983662,0.0461257773579661,True,27.857345748521002,1.0
2024-09-25,27.285235014222494,1.0,83.13719338806676,0.3181818181818182,0.5,0.0305050631227485,0.0636431457082618,True,27.881192836994774,1.0
2024-09-26,26.835309591936674,1.0,81.76628575896677,0.3636363636363636,0.5,0.0225110824987668,0.0171085346328334,True,27.42144024719746,1.0
2024-09-27,26.759799241515346,1.0,81.53620826091677,0.3181818181818182,0.5,0.0166028209691901,0.0339842087635728,True,27.3442806170829,1.0
2024-09-30,26.82068091080277,1.0,81.72171265956676,0.3636363636363636,0.5,0.0132168494627351,0.0770354515180546,True,27.4064920497774,1.0
2024-10-01,26.872512555422407,1.0,81.87964193743876,0.3181818181818182,0.5,0.0500168017023527,0.103072744496115,True,27.459455789248413,1.0
2024-10-02,26.779463438134787,1.0,81.59612440663876,0.3636363636363636,0.5454545454545454,0.0492435945032214,0.0779193790463674,True,27.364374314558674,1.0
2024-10-03,26.87979078564656,1.0,81.90181846013876,0.4090909090909091,0.5454545454545454,0.0752052012746173,0.0945260579989861,True,27.466892988901844,1.0
2024-10-04,27.354325926577957,1.0,83.34771107423876,0.2272727272727272,0.5454545454545454,0.110983683752265,0.0836302669497788,True,27.95179281715483,1.0
2024-10-07,27.23230687370813,1.0,82.97592312408257,0.2608695652173913,0.4782608695652174,0.0929816248448305,0.0706089824505782,True,27.827108652218083,1.0
2024-10-08,27.50067769215036,1.0,83.79363998160335,0.2916666666666667,0.5,0.1082482251480134,0.0851997715620402,True,28.10134116430419,1.0
2024-10-09,27.46831259684833,1.0,83.69502462477226,0.36,0.48,0.0857819292196897,0.0705089805642222,True,28.068269158040245,1.0
2024-10-10,27.31118102499141,1.0,83.21625001022227,0.32,0.52,0.0603622301060757,0.0543896629741753,True,27.907705554558753,1.0
2024-10-11,27.574244223681408,1.0,84.01779472887225,0.32,0.48,0.0561354463868939,0.0494935015853115,True,28.176514519083682,1.0
2024-10-14,27.67217078573305,1.0,84.31617366982226,0.32,0.48,0.0541563478783104,0.0571331218170412,True,28.276579970563308,1.0
2024-10-15,27.513202312946827,1.0,83.83180207992227,0.36,0.48,0.0434458263865826,0.0470908018824958,True,28.11413934498523,1.0
2024-10-16,27.767340702144438,1.0,84.60615320422228,0.24,0.6,0.0507067379439223,0.0640794645854587,True,28.373828566383114,1.0
2024-10-17,27.578748577126625,1.0,84.03151934232227,0.32,0.64,0.0313441280567934,0.041314100196206,True,28.18111725558006,1.0
2024-10-18,27.65448429595292,1.0,84.26228353032225,0.32,0.6,0.0205839993438645,0.0483804182656619,True,28.25850717654441,1.0
2024-10-21,27.82109256846145,1.0,84.76993333302227,0.36,0.48,0.0223835619505325,0.043684550126388,True,28.42875446859183,1.0
2024-10-22,27.697565822433443,1.0,84.39355149252223,0.4,0.4,0.0159808452430396,0.0438772579662032,True,28.302529679809982,1.0
2024-10-23,27.602845346296533,1.0,84.10494138752225,0.36,0.36,0.0116403737005919,0.0425005271578495,True,28.20574034083568,1.0
2024-10-24,27.66914148997129,1.0,84.30694350752226,0.4,0.36,0.0310721922241266,0.0542827434054684,True,28.273484509620793,1.0
2024-10-25,27.663961415988865,1.0,84.29115999632226,0.28,0.36,0.0337880776426298,0.0509518760158138,True,28.268191293654773,1.0
2024-10-28,27.883104907170758,1.0,84.95888284337227,0.32,0.48,0.0396121187191804,0.053352515591927,True,28.492121266529473,1.0
2024-10-29,28.10152426344773,1.0,85.62439927572225,0.32,0.48,0.0457349012486489,0.098039216437632,True,28.715311288111337,1.0
2024-10-30,27.97576891641684,1.0,85.24122696292227,0.44,0.36,0.04467249618521,0.0961159249760228,True,28.58680922173647,1.0
2024-10-31,27.455054613630903,1.0,83.65462799582225,0.52,0.36,0.0214013506493335,0.0982160448070827,True,28.05472159700506,1.0
2024-11-01,27.5978557301762,1.0,84.08973819502228,0.44,0.48,0.0089027894254059,0.1208745375437732,True,28.200641742668537,1.0
2024-11-04,27.20014975519172,1.0,82.87794146552226,0.56,0.28,-0.0011808444530806,0.0916909835558135,False,27.79424916532085,1.0
2024-11-05,27.63934683959357,1.0,84.21616020992228,0.48,0.48,0.0050423901910896,0.1138364451277924,True,28.24303909134754,1.0
2024-11-06,28.220860075099864,1.0,85.98801148013516,0.48,0.48,0.0273969314859872,0.1155290223432445,True,28.83725360509333,1.0
2024-11-07,29.89892390102773,1.0,91.10101551843516,0.4,0.48,0.0947503102728652,0.1608318804102539,True,30.55196931485696,1.0
2024-11-08,31.095688326192786,1.0,94.74751647043514,0.36,0.56,0.127707728775648,0.1910121055244196,True,31.77487319312993,1.0
2024-11-11,31.0478703930492,1.0,94.60181683643516,0.4,0.52,0.1219889698373997,0.1827517948035411,True,31.726010831697167,1.0
2024-11-12,30.762871069595526,1.0,93.73343348342075,0.375,0.5,0.1181130687618836,0.1666904150278816,True,31.43478661862064,1.0
2024-11-13,30.60121492300026,1.0,93.24087264182072,0.4166666666666667,0.5,0.1020578186169975,0.1579395756246604,True,31.26959961568082,1.0
2024-11-14,30.23333915178892,1.0,92.11996753992076,0.4583333333333333,0.4166666666666667,0.0962549322076193,0.1306160871856265,True,30.893688786550882,1.0
2024-11-15,30.020055368241746,1.0,91.47009902495076,0.4782608695652174,0.4347826086956521,0.0855402345230145,0.1078849939981747,True,30.675746507696296,1.0
2024-11-18,30.355722339410352,1.0,92.49286499641794,0.4090909090909091,0.4545454545454545,0.0911046093790803,0.1155274169976288,True,31.01874503958666,1.0
2024-11-19,31.10050212356333,1.0,94.76218394911795,0.3181818181818182,0.4545454545454545,0.1228604825039794,0.1408047421044005,True,31.77979213235462,1.0
2024-11-20,31.37050674769312,1.0,95.58487895761796,0.3181818181818182,0.5454545454545454,0.1364953994462787,0.1497246306048369,True,32.05569413533604,1.0
2024-11-21,31.57084890802297,1.0,96.19531478191796,0.3181818181818182,0.5454545454545454,0.1410129555145711,0.1764667293985387,True,32.260412123017844,1.0
2024-11-22,31.868470778909245,1.0,97.10215861241797,0.3181818181818182,0.5909090909090909,0.1519850790599473,0.1909084403543759,True,32.56453458230258,1.0
2024-11-25,31.60124180537187,1.0,96.28792091791796,0.2727272727272727,0.5909090909090909,0.1333473051361984,0.1782415931373167,True,32.291468855034914,1.0
2024-11-26,32.25017971371065,1.0,98.26521289851796,0.2272727272727272,0.5909090909090909,0.1476309758634399,0.200117765214445,True,32.95458071579765,1.0
2024-11-27,32.140409164423765,1.0,97.93074572681792,0.2727272727272727,0.5909090909090909,0.1488659797144316,0.2001886908105423,True,32.84241258343979,1.0
2024-11-29,32.315687016646464,1.0,98.46481144731794,0.3636363636363636,0.5,0.1770396188031022,0.2022298564132654,True,33.021518814165965,1.0
2024-12-02,32.1255562795023,1.0,97.88548948601796,0.3636363636363636,0.5454545454545454,0.1640598673169888,0.1744232471942779,True,32.827235285224646,1.0
2024-12-03,32.65566097166546,1.0,99.50070065371794,0.2727272727272727,0.5909090909090909,0.2005691610367863,0.1991514756024364,True,33.36891840205662,1.0
2024-12-04,32.862581149239254,1.0,100.13117947531794,0.3636363636363636,0.5,0.1889782106631901,0.1949735027300574,True,33.58035808252091,1.0
2024-12-05,32.86428596042695,1.0,100.13637397766792,0.4090909090909091,0.5,0.1645387799298197,0.1964435690963319,True,33.58210012980216,1.0
2024-12-06,33.26485830024771,1.0,101.35690442441796,0.3181818181818182,0.4545454545454545,0.112577108472599,0.2179941347028651,True,33.99142167846712,1.0
2024-12-09,31.68431666044415,1.0,96.541047207218,0.5,0.3181818181818182,0.0189295804639111,0.1490547629672813,True,32.376358211969844,1.0
2024-12-10,31.193376056803675,1.0,95.04516770001796,0.6818181818181818,0.2727272727272727,0.0046864941753639,0.1272471646093651,False,31.874694596667435,1.0
2024-12-11,31.641350660509577,1.0,96.41013125051796,0.6363636363636364,0.2727272727272727,0.0285564890522298,0.1500424523691375,False,32.33245375855444,1.0
2024-12-12,31.23798258820425,1.0,95.18108230091796,0.6363636363636364,0.2727272727272727,0.0208085746532042,0.1249900710078371,False,31.920275413659503,1.0
2024-12-13,31.118188375973865,1.0,94.81607336536077,0.6521739130434783,0.3043478260869565,0.0292673336458964,0.1283393910694994,False,31.79786468381934,1.0
2024-12-16,31.412450053386102,1.0,95.71267879936076,0.6521739130434783,0.3043478260869565,0.0463821491354539,0.1358899235731965,False,32.09855355705761,1.0
2024-12-17,31.218020643127467,1.0,95.12025892566076,0.6956521739130435,0.2608695652173913,0.0284064498309635,0.1220990177257401,False,31.89987746437311,1.0
2024-12-18,29.94613661531847,1.0,91.24487107094622,0.6666666666666666,0.2083333333333333,-0.0371172627264515,0.0811829749697292,False,30.600213238385987,1.0
2024-12-19,30.02833398113803,1.0,91.49532368000632,0.64,0.16,-0.0427845420971337,0.0878709641854706,False,30.68420594014991,1.0
2024-12-20,30.51824476550165,1.0,92.98806536250632,0.64,0.2,-0.0333410148579763,0.1029704256116161,False,31.184817243099854,1.0
2024-12-23,30.82442429776792,1.0,93.92098409940633,0.76,0.16,-0.0327611101387483,0.1142447690066694,False,31.497684278234683,1.0
2024-12-24,30.87197296321986,1.0,94.06586328380632,0.72,0.16,-0.0230772210359164,0.10719279886511,False,31.546271490692856,1.0
2024-12-26,31.007054324647623,1.0,94.47745164880628,0.72,0.16,-0.0385463088918703,0.1033940377739293,False,31.684303268124427,1.0
2024-12-27,30.538488754040507,1.0,93.0497481147063,0.84,0.12,-0.0498413197600615,0.0916049830580283,False,31.205503396176695,1.0
2024-12-30,30.383166114047995,1.0,92.57648525470633,0.84,0.08,-0.0598013250222092,0.1066510899950405,False,31.046788234833024,1.0
2024-12-31,30.13282707249911,1.0,91.8137106149063,0.84,0.08,-0.0620294070448405,0.0918539239826203,False,30.790981345560688,1.0
2025-01-02,30.820502694674506,1.0,93.90903510667827,0.8,0.16,-0.0561972479620999,0.1331004781983518,False,31.49367702038916,1.0
2025-01-03,31.327167956069022,1.0,95.4528271171783,0.76,0.16,-0.0467222336005024,0.1334264929586772,False,32.011408747800836,1.0
2025-01-06,31.443423895617432,1.0,95.80705505487828,0.72,0.16,-0.0432342289901085,0.1141908436504721,False,32.13020392282153,1.0
2025-01-07,30.77111414910056,1.0,93.75854986942834,0.8,0.12,-0.0749663241802706,0.029171292283294,False,31.443209741570854,1.0
2025-01-08,30.91680094605468,1.0,94.20245263977829,0.8,0.12,-0.0242238367522583,-0.0057528033552936,False,31.59207859601043,1.0
2025-01-10,30.878531419949883,1.0,94.08584668087832,0.68,0.24,-0.0100933171286251,-0.0054541252251946,False,31.552973195725183,1.0
2025-01-13,30.57206842679297,1.0,93.15206424817832,0.52,0.24,-0.0337938239485815,-0.0062023678599724,False,31.239816508412186,1.0
2025-01-14,30.823140080695108,1.0,93.91707113317833,0.52,0.28,-0.0132800671854458,0.0072521681983306,False,31.496372011588164,1.0
2025-01-15,31.309732036432496,1.0,95.39970045647829,0.52,0.28,0.006155360271761,0.0356028449004417,True,31.993591996820943,1.0
2025-01-16,31.60331986574371,1.0,96.29425269797837,0.44,0.36,0.006076247221507,0.0527402257617726,True,32.29359230392308,1.0
2025-01-17,31.74395780363606,1.0,96.72277176457833,0.44,0.32,0.0168472295704111,0.0457322493829572,True,32.43730202328338,1.0
2025-01-21,31.881504751747944,1.0,97.14187268927827,0.4,0.4,0.0646283078612377,0.0251122192523347,True,32.577853240175905,1.0
2025-01-22,32.32603948180919,1.0,98.4963550604783,0.4,0.4,0.0765179147838988,0.0304595887405085,True,33.032097395489885,1.0
2025-01-23,32.740723275311844,1.0,99.7598826319783,0.36,0.48,0.0728245849945647,0.0370555245662587,True,33.45583861695993,1.0
2025-01-24,32.84663579044725,1.0,100.0825945033783,0.32,0.44,0.0656041933871829,0.0306938170433133,True,33.564064448872394,1.0
2025-01-27,31.838079242638816,1.0,97.0095566235783,0.48,0.36,0.0312939597533969,0.0074945610911623,True,32.533479241092316,1.0
2025-01-28,32.1910371092415,1.0,98.0850073718783,0.52,0.4,0.0381843038747711,-0.0018338689890771,True,32.89414633217488,1.0
2025-01-29,32.34021805170291,1.0,98.53955668606832,0.48,0.36,0.058998639787767,0.0062167499566347,True,33.046585650443646,1.0
2025-01-30,32.61056132594429,1.0,99.36328355006832,0.4,0.36,0.0733101745728348,0.0091248039735605,True,33.32283370025445,1.0
2025-01-31,32.34432054457509,1.0,98.55205684386831,0.44,0.24,0.0733915031190126,0.0068096646535702,True,33.050777749020845,1.0
2025-02-03,32.54984641870438,1.0,99.17828726976832,0.48,0.36,0.056110172542017,-0.0032403126996229,True,33.260792671985726,1.0
2025-02-04,33.03029755673987,1.0,100.64220572806832,0.48,0.44,0.0543658974554992,0.0051035676941801,True,33.75173771318983,1.0
2025-02-05,33.161740114824674,1.0,101.04270678166829,0.36,0.4,0.0546478724744334,0.0090509848519428,True,33.88605120937339,1.0
2025-02-06,33.43203529020892,1.0,101.86628709006833,0.4,0.4,0.0864746439864003,0.0050256336116718,True,34.1622501097629,1.0
2025-02-07,33.26855881078651,1.0,101.36817975556832,0.36,0.48,0.0760673094488435,0.0500008306103127,True,33.99520301470532,1.0
2025-02-10,33.47908154299333,1.0,102.0096354399683,0.4,0.44,0.0842187113006061,0.07327534801066,True,34.2103239359717,1.0
2025-02-11,32.99510291662765,1.0,100.53496884336832,0.52,0.4,0.0792564786918759,0.0427842752555966,True,33.71577435984925,1.0
2025-02-12,33.08958387367972,1.0,100.82284914177266,0.52,0.24,0.0735305938022881,0.0592740353909622,True,33.81231894821799,1.0
2025-02-13,34.9992979623673,1.0,106.64168373947273,0.48,0.36,0.117840865633777,0.12472157888825,True,35.76374457246018,1.0
2025-02-14,35.6094198575713,1.0,108.50070463357272,0.6,0.32,0.1267619987028636,0.1336084831667816,True,36.387192609663764,1.0
2025-02-18,35.621478585195774,1.0,108.53744717106628,0.5,0.3333333333333333,0.1221498845715947,0.1410550012893829,True,36.39951472124139,1.0
2025-02-19,35.61588990174278,1.0,108.52041864055248,0.4090909090909091,0.4090909090909091,0.1171332777130007,0.1893317111070702,True,36.3938039710508,1.0
2025-02-20,34.57002750784661,1.0,105.33371110245248,0.5454545454545454,0.2272727272727272,0.0694173509037563,0.1512469366286328,True,35.32509809147965,1.0
2025-02-21,33.28589300651849,1.0,101.4209964669525,0.6363636363636364,0.2272727272727272,0.0166511205822301,0.0906883165228902,False,34.01291581995057,1.0
2025-02-24,33.35748744605826,1.0,101.6391423162525,0.5909090909090909,0.2272727272727272,0.0155526325091588,0.0821771438071523,True,34.08607400875944,1.0
2025-02-25,32.64063866033641,1.0,99.45492817635252,0.5454545454545454,0.3181818181818182,0.0252075325141716,0.0572903357755496,True,33.35356797686129,1.0
2025-02-26,31.9183656298043,1.0,97.2541865449525,0.5454545454545454,0.2727272727272727,-0.0084704161134008,0.0293904508185505,False,32.61551922504628,1.0
2025-02-27,31.917424986338325,1.0,97.25132043594888,0.5238095238095238,0.2857142857142857,-0.013073290498186,0.0451540429326378,False,32.61455803626223,1.0
2025-02-28,32.31228745487801,1.0,98.45445309694892,0.4285714285714285,0.4285714285714285,-0.0091465420691481,0.0634930979078596,False,33.01804499995186,1.0
2025-03-03,32.1596867699696,1.0,97.98948394254109,0.4,0.5,-0.0057083831565127,0.067264173142264,False,32.862111246008716,1.0
2025-03-04,31.81042511692679,1.0,96.92529543264112,0.4736842105263157,0.4736842105263157,-0.0227165834291832,0.032118957697057,False,32.505221100331816,1.0
2025-03-05,31.856624685748987,1.0,97.06606396498522,0.3333333333333333,0.5,-0.0355332212486052,0.0169008807442287,False,32.55242974950219,1.0
2025-03-06,31.279720098755405,1.0,95.3082550917852,0.5555555555555556,0.3888888888888889,-0.0567527521038605,-0.0052062967889719,False,31.96292454530913,1.0
2025-03-07,31.06382424123927,1.0,94.6504276752852,0.5,0.3333333333333333,-0.0708365801965766,0.0095124957361107,False,31.742313140167187,1.0
2025-03-10,30.61412279315612,1.0,93.28020248804768,0.6470588235294118,0.1764705882352941,-0.0797881276651448,-0.0097900864137498,False,31.28278941656552,1.0
2025-03-11,30.79163249226478,1.0,93.82106857094423,0.5625,0.25,-0.08027248439529,-0.0028142182833531,False,31.464176241663623,1.0
2025-03-12,30.850215344726653,1.0,93.99956855204422,0.5625,0.3125,-0.0650062397841504,0.0090980732494339,False,31.524038647304597,1.0
2025-03-13,30.639304784510628,1.0,93.35693116874424,0.5625,0.3125,-0.0740498610838717,-0.0059641975380576,False,31.3085214271789,1.0
2025-03-14,30.99967034587492,1.0,94.45495291383553,0.5333333333333333,0.4666666666666667,-0.1142773669572732,-0.0099030451680899,False,31.67675801018698,1.0
2025-03-17,31.271755826826727,1.0,95.28398822308554,0.4666666666666667,0.4,-0.1218122633868832,-0.0104914306574604,False,31.954786319586166,1.0
2025-03-18,31.19784871274362,1.0,95.05879573223552,0.5333333333333333,0.4,-0.1241843418114211,-0.0172035602576908,False,31.879264943328906,1.0
2025-03-19,31.5263534749664,1.0,96.05973869393551,0.5333333333333333,0.4,-0.1148233678298822,-0.0111397275488409,False,32.21494483095422,1.0
2025-03-20,31.47200120810668,1.0,95.89412916487552,0.5,0.375,-0.0896159628174078,-0.0264195146511255,False,32.15940541439234,1.0
2025-03-21,31.36774315477484,1.0,95.5764583829455,0.4705882352941176,0.4705882352941176,-0.0576265101665749,-0.0419349355538615,False,32.05287018065734,1.0
2025-03-24,31.854514529046707,1.0,97.05963438848552,0.2222222222222222,0.6111111111111112,-0.0450565384890571,-0.0302046537651533,False,32.55027350324293,1.0
2025-03-25,31.83641618417889,1.0,97.00448934038552,0.2777777777777778,0.5,-0.0246386868996769,-5.223488663541609e-05,False,32.531779858492314,1.0
2025-03-26,31.660173556127887,1.0,96.4674839803855,0.3333333333333333,0.5555555555555556,-0.0080891382933255,-0.0164910360393831,False,32.35168777952626,1.0
2025-03-27,31.71174047837288,1.0,96.62460665808553,0.3333333333333333,0.4444444444444444,-0.0064442701143181,-0.0194333127972508,False,32.40438101461746,1.0
2025-03-28,31.560024559452547,1.0,96.16233335588552,0.3333333333333333,0.5555555555555556,-0.0232810164392089,-0.0322146177120833,False,32.24935135151744,1.0
2025-03-31,31.40384462918704,1.0,95.68645836125748,0.3684210526315789,0.3684210526315789,-0.023502783039801,-0.0290770033054782,False,32.08976017516396,1.0
2025-04-01,31.532839340271597,1.0,96.07950090737754,0.3684210526315789,0.4736842105263157,-0.0087262517126024,-0.0312446045167323,False,32.22157235903653,1.0
2025-04-02,31.82621530407992,1.0,96.9734076018161,0.25,0.55,-0.0009545701080713,-0.0364538724058292,False,32.52135617311822,1.0
2025-04-03,30.825143586607176,1.0,93.9231757483073,0.4761904761904761,0.2857142857142857,-0.0145326272330137,-0.0704606127461012,False,31.498419277615202,1.0
2025-04-04,29.013721341311964,1.0,88.40383309151672,0.6818181818181818,0.1363636363636363,-0.0659964749995479,-0.1321580906021278,False,29.64743236458432,1.0
2025-04-07,28.719840360028428,1.0,87.50838762581672,0.7727272727272727,0.0454545454545454,-0.0618760970525392,-0.1367272467866352,False,29.347132502551958,1.0
2025-04-08,28.457271911186204,1.0,86.7083503933127,0.6666666666666666,0.0476190476190476,-0.0758115238503508,-0.1499984288803802,False,29.078829094087098,1.0
2025-04-09,30.134874755144573,1.0,91.81994983505612,0.3636363636363636,0.4090909090909091,-0.0231875395872835,-0.0866864446130185,False,30.79307375321916,1.0
2025-04-10,29.65233586706413,1.0,90.3496700725877,0.4545454545454545,0.3636363636363636,-0.0322125101854607,-0.1038770393649364,False,30.299995361814176,1.0
2025-04-11,30.08514529933755,1.0,91.668425855792,0.3809523809523809,0.4285714285714285,-0.0295011216678651,-0.1404071781186485,False,30.742258118084933,1.0
2025-04-14,30.493468822797983,1.0,92.91257389839204,0.3333333333333333,0.5238095238095238,-0.0248878575395204,-0.1436684746686644,False,31.15950014995848,1.0
2025-04-15,30.805761642715755,1.0,93.8641196171544,0.4090909090909091,0.4545454545454545,-0.0125677598361999,-0.1351913826643185,False,31.478613997766555,1.0
2025-04-16,30.585942414882258,1.0,93.1943378232544,0.3636363636363636,0.3636363636363636,-0.0298293635777089,-0.1412276234213765,False,31.253993528955846,1.0
2025-04-17,31.078720972154805,1.0,94.6958175133544,0.3636363636363636,0.4545454545454545,-0.0124961941044462,-0.1009922984556309,False,31.757535242050505,1.0
2025-04-21,30.38607192392029,1.0,92.58533915965444,0.5,0.1818181818181818,-0.0312955645553068,-0.0871186205528666,False,31.049757512735695,1.0
2025-04-22,31.07492198712904,1.0,94.6842421337544,0.4090909090909091,0.5,-0.0244735339226965,-0.0684273796886024,False,31.753653280468242,1.0
2025-04-23,31.1812578775318,1.0,95.0082440153544,0.5454545454545454,0.2727272727272727,-0.0205788962820715,-0.0447105461995136,False,31.8623117349132,1.0
2025-04-24,31.45806832145289,1.0,95.8516761278544,0.5,0.2727272727272727,-0.0063835794935451,-0.0144210801295411,False,32.145168208835265,1.0
2025-04-25,31.70149584260163,1.0,96.5933915974544,0.4545454545454545,0.2727272727272727,-0.0003230549826875,-0.0067652432434355,False,32.393912617869745,1.0
2025-04-28,31.779462326484914,1.0,96.8309528515544,0.4090909090909091,0.3181818181818182,0.0069530290326296,-0.0164898609897903,True,32.47358202774799,1.0
2025-04-29,31.676451882011484,1.0,96.5170834918544,0.3636363636363636,0.3181818181818182,0.0086806967759318,-0.015026106796828,True,32.368321652856906,1.0
2025-04-30,31.70739410606725,1.0,96.6113634078544,0.3636363636363636,0.3636363636363636,0.0055356501173917,-0.0032389070715279,True,32.39993970984834,1.0
2025-05-01,31.236844646511887,1.0,95.1776150308544,0.5454545454545454,0.3181818181818182,-0.0185184022648294,-0.0194552952596496,False,31.919112617306595,1.0
2025-05-02,31.804854385896157,1.0,96.90832160255444,0.5,0.4090909090909091,0.0317828462513516,0.0167883307613629,True,32.49952869467624,1.0
2025-05-05,31.80135973951036,1.0,96.8976735325544,0.3181818181818182,0.4545454545454545,0.096080001782782,0.02374258534762,True,32.495957719028475,1.0
2025-05-06,31.64639063722402,1.0,96.4254878900544,0.2272727272727272,0.5454545454545454,0.1018999493210517,0.0337186811146741,True,32.337603817280176,1.0
2025-05-07,31.898836460971346,1.0,97.19468182435445,0.2272727272727272,0.5909090909090909,0.1209379648381649,0.0359579495820727,True,32.5955635046028,1.0
2025-05-08,31.287888336594687,1.0,95.3331434377544,0.2727272727272727,0.5454545454545454,0.0382617678294241,0.0141870319859163,True,31.97127119191915,1.0
2025-05-09,31.44980661705489,1.0,95.8265029924244,0.3043478260869565,0.5652173913043478,0.0606181839450721,0.0264530098918565,True,32.13672605419145,1.0
2025-05-12,31.496385441509386,1.0,95.9684271039244,0.3043478260869565,0.4782608695652174,0.0469082043025037,0.0160232379922893,True,32.184322242608346,1.0
2025-05-13,31.685487123007874,1.0,96.54461356728284,0.25,0.5833333333333334,0.0390909380345307,0.0132301907981204,True,32.37755423950744,1.0
2025-05-14,31.45513056996817,1.0,95.84272489788754,0.32,0.44,0.0210794634712743,0.0082467820006915,True,32.14216629165881,1.0
2025-05-15,31.89719809376717,1.0,97.18968977458748,0.28,0.48,0.0428711877207643,0.0117630038975247,True,32.59388935255926,1.0
2025-05-16,32.2764097429786,1.0,98.3451349154875,0.2,0.52,0.0385372606516487,0.0255594974578459,True,32.98138365532731,1.0
2025-05-19,32.34919573495557,1.0,98.5669113849875,0.24,0.44,0.06460604108193,0.0312885939972809,True,33.05575942218745,1.0
2025-05-20,32.41957588534507,1.0,98.78135733608752,0.2,0.6,0.0432713523391294,0.0177388155070801,True,33.12767679962192,1.0
2025-05-21,31.940960944571763,1.0,97.32303370908753,0.36,0.44,0.0243640930081712,0.0032838105830776,True,32.63860806147796,1.0
2025-05-22,32.48197639333745,1.0,98.97148958518753,0.36,0.44,0.0325483453536239,0.0259569909101304,True,33.19144024514677,1.0
2025-05-23,32.74142812100128,1.0,99.7620302730875,0.24,0.44,0.0328038867176148,0.0324702342758715,True,33.456558857726655,1.0
2025-05-27,32.92332118178752,1.0,100.31625231158748,0.24,0.52,0.035993650350381,0.043196944278887,True,33.64242478487916,1.0
2025-05-28,32.80496340346578,1.0,99.9556201418375,0.24,0.52,0.0356261972034546,0.0446161541945893,True,33.52148186320644,1.0
2025-05-29,32.827060501481746,1.0,100.02294925628752,0.28,0.56,0.0353124697560758,0.0410435973508183,True,33.544061600951046,1.0
2025-05-30,33.06497340201137,1.0,100.74786186233752,0.32,0.56,0.0585247574198761,0.0389225701546938,True,33.78717094029218,1.0
2025-06-02,33.51979857784044,1.0,102.13369887568751,0.16,0.52,0.0539208314283232,0.0874174351747063,True,34.251930302921835,1.0
2025-06-03,33.12358241936658,1.0,100.92644156698748,0.32,0.4,0.0415775517363639,0.1416523247640992,True,33.84706008231407,1.0
2025-06-04,32.91363999747087,1.0,100.28675406858753,0.4,0.44,0.0400440408757463,0.1460244759326467,True,33.63253214636304,1.0
2025-06-05,32.92229133930731,1.0,100.31311441618752,0.36,0.48,0.0320843952909744,0.156902581598693,True,33.64137244881654,1.0
2025-06-06,33.11090906893988,1.0,100.88782629448752,0.36,0.48,0.0582660201523714,0.0987571489172101,True,33.83410992348446,1.0
2025-06-09,32.91974635680095,1.0,100.30535994008753,0.36,0.44,0.0467392298351658,0.110190661011837,True,33.638771879388074,1.0
2025-06-10,32.9370796468504,1.0,100.35817389188752,0.44,0.36,0.0457415727279708,0.094795432069116,True,33.65648375916908,1.0
2025-06-11,33.23900778967148,1.0,101.27813878813753,0.36,0.44,0.0490294077106212,0.0900369512838377,True,33.96500654698902,1.0
2025-06-12,33.55123338977527,1.0,102.22947969038752,0.36,0.44,0.0666378673947818,0.089122021357608,True,34.2840517067834,1.0
2025-06-13,33.494174481178064,1.0,102.05562311498748,0.32,0.44,0.0500663532488434,0.0950839449982332,True,34.22574653063821,1.0
2025-06-16,33.641048678160594,1.0,102.50314385328748,0.36,0.36,0.0422797624038358,0.0824463692795309,True,34.37582872002431,1.0
2025-06-17,33.466246635358054,1.0,101.9705279080875,0.44,0.4,0.0345310254250128,0.1013679793541526,True,34.197208691238124,1.0
2025-06-18,33.501547212412525,1.0,102.07808757908752,0.44,0.44,0.0333740123835655,0.0780895033715147,True,34.23328029537127,1.0
2025-06-20,33.42254114242323,1.0,101.83735874108751,0.44,0.44,0.046384960064993,0.0718791805543679,True,34.15254859298658,1.0
2025-06-23,33.701820582353896,1.0,102.6883138013875,0.24,0.52,0.0375544940444771,0.0713251760398414,True,34.437927990160766,1.0
2025-06-24,33.795190476812145,1.0,102.9728087294375,0.28,0.52,0.0321843736295346,0.0660440328937701,True,34.53333724836226,1.0
2025-06-25,33.61065214732885,1.0,102.41052664618748,0.4,0.52,0.0208767202356709,0.0576217999546775,True,34.3447682751627,1.0
2025-06-26,34.020014302109566,1.0,103.65783936348753,0.44,0.52,0.0370386299079186,0.0739843726446187,True,34.76307162390276,1.0
2025-06-27,33.98573638320922,1.0,103.55339569748747,0.4,0.48,0.0352963641589285,0.071855235706866,True,34.72804501458775,1.0
2025-06-30,34.133900795614984,1.0,104.0048476787875,0.36,0.52,0.032328088718154,0.0927448396881085,True,34.87944559998538,1.0
2025-07-01,33.7444928193343,1.0,102.8183346722465,0.36,0.44,0.0067033291077833,0.0609856096149359,True,34.48153226431917,1.0
2025-07-02,33.58290421621516,1.0,102.3259796333465,0.48,0.36,0.0138669118283549,0.0560210158086857,True,34.31641428012454,1.0
2025-07-03,33.97459752949062,1.0,103.51945598484652,0.44,0.4,0.0322345851780994,0.0735694291003303,True,34.716662868590134,1.0
2025-07-07,33.827478640374885,1.0,103.0711896778465,0.36,0.48,0.0274946628634822,0.0604612077861606,True,34.566330642561574,1.0
2025-07-08,33.510082542321506,1.0,102.10409444224648,0.4,0.48,0.0120556482623455,0.0710241030593208,True,34.242002051991506,1.0
2025-07-09,33.568266059919246,1.0,102.28137766344652,0.4,0.36,0.0197000212604716,0.0673600149170883,True,34.301456400588165,1.0
2025-07-10,33.49507875934447,1.0,102.05837842014648,0.4,0.48,0.0169413657336026,0.0634578631743882,True,34.2266705598402,1.0
2025-07-11,33.37183904277295,1.0,101.68287114874651,0.36,0.52,0.0039962460354414,0.0532215873222463,True,34.100739069746155,1.0
2025-07-14,33.7917840667167,1.0,102.96242951244652,0.36,0.56,0.0071696522791548,0.0742852900117816,True,34.52985643624159,1.0
2025-07-15,33.59024190147694,1.0,102.34833731354648,0.4,0.36,0.0028681829538113,0.0530781356636025,True,34.32391223341884,1.0
2025-07-16,33.809604734906046,1.0,103.0167284890465,0.44,0.36,0.005010428133737,0.0475020302486086,True,34.54806633936363,1.0
2025-07-17,33.69041175154952,1.0,102.6535514776465,0.44,0.36,0.0066982449102808,0.0414605676005936,True,34.4262699703,1.0
2025-07-18,33.76342561236931,1.0,102.87602225584652,0.48,0.36,0.007816904643132,0.0414517984990585,True,34.50087858306177,1.0
2025-07-21,33.629844370814986,1.0,102.46900470564653,0.4,0.48,0.0062024975153265,0.0528751601798711,True,34.36437969077662,1.0
2025-07-22,33.67592827451268,1.0,102.60942081024652,0.4,0.48,-0.0007682762353422,0.0367573655838302,False,34.41147014849147,1.0
2025-07-23,33.828189739636386,1.0,103.07335637337953,0.375,0.5,0.0009764484933707,0.033192248506046,True,34.56705727348946,1.0
2025-07-24,33.67179464635524,1.0,102.59682578427952,0.375,0.5,0.0018191405140965,0.0227338384373496,True,34.407246234579276,1.0
2025-07-25,33.90992345404327,1.0,103.32239625217947,0.375,0.5,-0.0032360611929386,0.0336827094420955,False,34.650576196873274,1.0
2025-07-28,33.67276309370422,1.0,102.5997766107795,0.375,0.4166666666666667,-0.0092089600759572,0.0257623612746051,False,34.408235834532334,1.0
2025-07-29,33.625106500772795,1.0,102.45456857497952,0.4166666666666667,0.3333333333333333,-0.0149058350491115,0.0169403765111566,False,34.35953833726751,1.0
2025-07-30,33.46140395157568,1.0,101.95577241347948,0.4583333333333333,0.375,-0.0083891872156517,-0.0017420935907217,False,34.192260234671245,1.0
2025-07-31,33.0594727282124,1.0,100.7311014942795,0.5833333333333334,0.3333333333333333,-0.0155862484266631,-0.0019354697309755,False,33.78155012204221,1.0
2025-08-01,33.054180612428745,1.0,100.71497659547953,0.5416666666666666,0.375,-0.0270913265790105,0.00426998092489,False,33.776142417083726,1.0
2025-08-04,33.56063612654576,1.0,102.25812951307952,0.5416666666666666,0.4166666666666667,-0.0078883358900604,0.0193894398375706,False,34.29365981596614,1.0
2025-08-05,33.27397562791751,1.0,101.38468461517948,0.625,0.3333333333333333,-0.0070458469956258,0.0049248590136301,False,34.00073814470924,1.0
2025-08-06,33.28581438151318,1.0,101.42075689920574,0.5217391304347826,0.391304347826087,-0.0084142468932382,0.0111200135245459,False,34.012835477635946,1.0
2025-08-07,32.81333659506034,1.0,99.9811329750057,0.5652173913043478,0.3478260869565217,-0.0203535023512653,-0.0037569527449551,False,33.530037940124494,1.0
2025-08-08,32.771307937782886,1.0,99.85307306985572,0.5,0.3636363636363636,-0.0179951456741821,-0.0140708126682983,False,33.48709130258877,1.0
2025-08-11,32.79154817396656,1.0,99.91474438875568,0.4545454545454545,0.3636363636363636,-0.0295999729039263,-0.022642542137965,False,33.50777362135236,1.0
2025-08-12,32.9195524024671,1.0,100.30476896775572,0.5909090909090909,0.3636363636363636,-0.0199667957431515,-0.0171558812125329,False,33.638573688748295,1.0
2025-08-13,33.20437249751824,1.0,101.1726062178557,0.4545454545454545,0.4545454545454545,-0.0179011923426288,-0.0129804568466327,False,33.92961475875678,1.0
2025-08-14,33.175524920295594,1.0,101.08470862030572,0.5,0.4545454545454545,-0.0152828892401487,-0.0086870128649351,False,33.90013709939245,1.0
2025-08-15,33.190041541101635,1.0,101.12894027565572,0.4545454545454545,0.4545454545454545,-0.0169824021368741,-0.0092982473118574,False,33.91497078888876,1.0
2025-08-18,33.17987286968421,1.0,101.0979566758557,0.5,0.4545454545454545,-0.0133801243969268,-0.0072606170699269,False,33.90458001569082,1.0
2025-08-19,33.10955218654123,1.0,100.8836919194557,0.4090909090909091,0.4545454545454545,-0.0168184254151689,-0.0175737804539488,False,33.832723404372764,1.0
2025-08-20,33.42968497609272,1.0,101.8591257620057,0.3181818181818182,0.5,-0.0117802568393651,-0.0108153111600366,False,34.159848460626726,1.0
2025-08-21,33.54274231198819,1.0,102.20360766195572,0.4090909090909091,0.5,-0.0038326538790838,-0.0020204855009352,False,34.27537516882973,1.0
2025-08-22,33.600738987709754,1.0,102.3803215822432,0.391304347826087,0.5217391304347826,-0.0091178166990721,-0.0123243720792266,False,34.33463859459295,1.0
2025-08-25,33.57033239076756,1.0,102.2876737040432,0.391304347826087,0.5217391304347826,-0.0030419452853224,-0.012222892208594,False,34.30356786375922,1.0
2025-08-26,33.90584147480867,1.0,103.3099585987432,0.391304347826087,0.5217391304347826,0.0083489690665934,-0.0066813143382549,True,34.646405059987785,1.0
2025-08-27,33.88320238411822,1.0,103.24097805084318,0.391304347826087,0.4782608695652174,0.0126055210699751,0.0041105837781165,True,34.623271491489454,1.0
2025-08-28,33.81128407457749,1.0,103.02184538054316,0.4347826086956521,0.4347826086956521,0.0227411777721278,0.0068004796991933,True,34.54978235878561,1.0
2025-08-29,33.77860072329484,1.0,102.9222603084432,0.391304347826087,0.4782608695652174,0.0219161418448141,-0.0057689220902661,True,34.51638514526717,1.0
2025-09-02,33.70718028209844,1.0,102.70464462624324,0.391304347826087,0.4347826086956521,0.0043665488043822,-0.0035562318893274,True,34.44340475523344,1.0
2025-09-03,33.71250351506181,1.0,102.7208643380432,0.4782608695652174,0.3043478260869565,0.0131793054141795,0.0060405990490968,True,34.44884425702591,1.0
2025-09-04,33.88048834076969,1.0,103.2327084520432,0.4347826086956521,0.3478260869565217,0.0178656875400586,0.0093011143409409,True,34.62049816863081,1.0
2025-09-05,33.90463460267495,1.0,103.3062812999432,0.391304347826087,0.3043478260869565,0.033257757998889,0.0122273437919955,True,34.64517182763072,1.0
2025-09-08,34.029026722945694,1.0,103.68529990665522,0.4166666666666667,0.3333333333333333,0.0383786569504829,0.0196928817536972,True,34.77228089196033,1.0
2025-09-09,33.79644432803932,1.0,102.97662917195522,0.4583333333333333,0.4166666666666667,0.0306449743922292,0.0001379110766512,True,34.53461848591932,1.0
2025-09-10,33.9014859183204,1.0,103.2966873646164,0.32,0.52,0.0298282766377984,0.0092659057876498,True,34.64195437043725,1.0
2025-09-11,34.246047653173164,1.0,104.34655538186642,0.24,0.6,0.0313716260029541,0.0129088441491453,True,34.9940419433928,1.0
2025-09-12,33.960134686606686,1.0,103.4753881890164,0.28,0.44,0.0236502592859078,0.0080059257525917,True,34.70188413162091,1.0
2025-09-15,33.84844819405102,1.0,103.1350832026164,0.36,0.4,0.01983747601322,0.0025181858813088,True,34.5877582084024,1.0
2025-09-16,33.48555033088853,1.0,102.0293456191164,0.48,0.36,0.0092127375654778,-0.0042906544061113,True,34.216934013643126,1.0
2025-09-17,33.52483906389507,1.0,102.1490570671664,0.48,0.48,0.01254281166396,-0.0044865640936757,True,34.257080882112675,1.0
2025-09-18,33.73101258293169,1.0,102.7772608453164,0.28,0.48,0.0090137734487916,-0.002872667956892,True,34.46775759569588,1.0
2025-09-19,33.674655019522795,1.0,102.6055412451164,0.4,0.28,0.0039326751017449,8.494864017727366e-05,True,34.41016908335917,1.0
2025-09-22,33.78981667718587,1.0,102.9564349427164,0.4,0.32,0.0056271884241974,-0.0035419359474577,True,34.52784607544147,1.0
2025-09-23,33.89336614707097,1.0,103.27194669471642,0.4,0.48,0.0096225963014966,0.0065513796047222,True,34.63365724901319,1.0
2025-09-24,33.705736816458554,1.0,102.7002464349874,0.4166666666666667,0.4166666666666667,-0.0059017753179431,0.0023979200090826,False,34.44192976174932,1.0
2025-09-25,33.545715034960885,1.0,102.2126654488702,0.4347826086956521,0.4782608695652174,-0.0099603144157213,0.0025196517010228,False,34.27841282133337,1.0
2025-09-26,33.95345821017084,1.0,103.4550451898702,0.3478260869565217,0.4782608695652174,0.0042049315630767,0.0270417344314,True,34.69506182912353,1.0
2025-09-29,34.02795743897823,1.0,103.6820418343702,0.4347826086956521,0.4347826086956521,0.0073820913342754,0.0294600201398829,True,34.77118825293859,1.0
2025-09-30,34.05041271195208,1.0,103.7504622958702,0.391304347826087,0.4347826086956521,0.01018276898219,0.0145937813442968,True,34.79413398881607,1.0
2025-10-01,33.79993494631532,1.0,102.9872649684402,0.391304347826087,0.4347826086956521,0.0025934422584326,0.0158069274402099,True,34.538185345476265,1.0
2025-10-02,33.60415019914009,1.0,102.39071542874022,0.4347826086956521,0.4347826086956521,-0.0081562620600439,0.009563708250555,False,34.338124312918204,1.0
2025-10-03,33.36477259561957,1.0,101.66133992194015,0.5217391304347826,0.391304347826087,-0.0159229560613749,0.0168052401181979,False,34.09351827888059,1.0
2025-10-06,33.370137376957565,1.0,101.6776862302402,0.5652173913043478,0.3478260869565217,-0.0193625680614553,0.0182729795317164,False,34.09900023653773,1.0
2025-10-07,33.355021715062605,1.0,101.63162931684016,0.5652173913043478,0.3478260869565217,-0.0130612146263704,0.0171834991781023,False,34.08355442183492,1.0
2025-10-08,33.33412597394063,1.0,101.5679606964402,0.4782608695652174,0.3478260869565217,-0.0167355479859112,0.0125935360968783,False,34.062202280745055,1.0
2025-10-09,32.96373733265483,1.0,100.43939896394018,0.6086956521739131,0.217391304347826,-0.0374440383166231,-0.0072470926797784,False,33.683723696010894,1.0
2025-10-10,32.59511950678056,1.0,99.31623284644022,0.6956521739130435,0.1739130434782608,-0.0401946338677052,-0.0174949880946706,False,33.30705460443089,1.0
2025-10-13,32.979782566970144,1.0,100.4882882532402,0.6086956521739131,0.217391304347826,-0.0256633811423449,-0.0063350018369543,False,33.7001193866409,1.0
2025-10-14,33.222227719402056,1.0,101.2270104784006,0.4545454545454545,0.2727272727272727,-0.0078637683682788,0.0012765223629462,False,33.947859970287155,1.0
2025-10-15,33.558198006729,1.0,102.2507006440006,0.4545454545454545,0.3636363636363636,0.0009950515428387,0.0135503439508966,True,34.29116844329757,1.0
2025-10-16,33.22154755088335,1.0,101.2249380278006,0.5909090909090909,0.3181818181818182,-0.0151037574337781,-0.0062261258327199,False,33.94716494568422,1.0
2025-10-17,33.28149940457412,1.0,101.4076093096006,0.5909090909090909,0.2727272727272727,-0.0116751193062178,-0.0077883586554784,False,34.00842625396382,1.0
2025-10-20,33.64597665658482,1.0,102.5181592378006,0.5,0.4090909090909091,-0.0042569044388497,0.0013463295819664,False,34.380864334219,1.0
2025-10-21,33.31426798131345,1.0,101.50745406080064,0.5454545454545454,0.2727272727272727,-0.0170858852804607,-0.0076276995554717,False,34.041910554413754,1.0
2025-10-22,33.192238016822074,1.0,101.1356328633006,0.6363636363636364,0.2727272727272727,-0.0152347596622103,-0.0210466228516041,False,33.917215239526335,1.0
2025-10-23,33.67050606932262,1.0,102.5928995334006,0.4545454545454545,0.3181818181818182,0.0037200290478738,-0.0062773380267999,True,34.40592951274373,1.0
2025-10-24,33.87787653481332,1.0,103.2247503671386,0.4782608695652174,0.391304347826087,-0.002226037621548,0.001969533605673,False,34.617829316209956,1.0
2025-10-27,33.81511456948704,1.0,103.0335167696993,0.5,0.375,-0.0062549410987381,0.0010809756890557,False,34.55369651848332,1.0
2025-10-28,33.300839801582846,1.0,101.46653884879932,0.5833333333333334,0.3333333333333333,-0.0220136218820664,-0.0120550125259627,False,34.02818907947232,1.0
2025-10-29,33.35168462378567,1.0,101.62146131195767,0.5652173913043478,0.3043478260869565,-0.0132618693864825,-0.0107028210205427,False,34.08014444257844,1.0
2025-10-30,33.58627600785965,1.0,102.33625336908185,0.5454545454545454,0.4545454545454545,-0.0005319042789214,-0.0086838279882756,False,34.319859717666034,1.0
2025-10-31,33.64061866622473,1.0,102.50183362138183,0.5,0.4090909090909091,0.0082675843156017,-0.0077870161275643,True,34.37538931586675,1.0
2025-11-03,33.745015084743216,1.0,102.81992599738184,0.5,0.4090909090909091,0.0112339276147093,-0.0083461581347832,True,34.482065936928954,1.0
2025-11-04,33.46146047054623,1.0,101.95594462488184,0.5454545454545454,0.4090909090909091,0.0031910863795228,-0.0099118077109419,True,34.192317988116166,1.0
2025-11-05,33.6531905732606,1.0,102.54013979928185,0.4545454545454545,0.4090909090909091,0.0095717103718093,-0.0073240254323364,True,34.38823581560234,1.0
2025-11-06,33.66730623402868,1.0,102.58314974288189,0.5,0.4545454545454545,0.0213437236886628,-0.0168995098355779,True,34.402659787383826,1.0
2025-11-07,34.15707758508424,1.0,104.07546657678184,0.5,0.5,0.0479199985132361,0.0057992378503504,True,34.90312861155549,1.0
2025-11-10,34.59308578246487,1.0,105.40396888968188,0.4090909090909091,0.5,0.0489179457814397,0.0219991647518049,True,35.348659999624644,1.0
2025-11-11,34.49931550709836,1.0,105.11825401447064,0.3809523809523809,0.5238095238095238,0.0384407631686438,0.0302747055429069,True,35.25284161548725,1.0
2025-11-12,34.46829819924695,1.0,105.02374532067066,0.3809523809523809,0.5714285714285714,0.0271200555028447,0.0281420928987534,True,35.22114683473719,1.0
2025-11-13,34.03815387593168,1.0,103.71311003482464,0.5454545454545454,0.4090909090909091,0.0245806226756164,0.0091056054793745,True,34.781607398121,1.0
2025-11-14,34.148200542411466,1.0,104.04841852632464,0.5,0.4545454545454545,0.0260415291781661,0.0140623719118768,True,34.894057678559925,1.0
2025-11-17,34.247934491413844,1.0,104.35230451452465,0.4090909090909091,0.5454545454545454,0.0178909306444878,0.0135578662235622,True,34.99596999352004,1.0
2025-11-18,34.1742372837718,1.0,104.12775160154064,0.4285714285714285,0.4761904761904761,0.0258138435741921,0.0082869059237749,True,34.92066310843202,1.0
2025-11-19,34.05168337902052,1.0,103.75433397569064,0.3809523809523809,0.4285714285714285,0.0258929621365953,0.0102637294192911,True,34.79543240950213,1.0
2025-11-20,33.481955595665674,1.0,102.01839258179623,0.45,0.4,-0.0055998704999786,-0.0019006731330291,False,34.213260763040964,1.0
2025-11-21,33.67222584606628,1.0,102.59813963529623,0.4,0.45,-0.0060703535694075,-0.0082828783555339,False,34.407686852455164,1.0
2025-11-24,34.02196966170078,1.0,103.66379727839625,0.5,0.5,0.0061172376568077,-0.0001759664031606,True,34.76506969200809,1.0
2025-11-25,34.31046507717011,1.0,104.54283310619624,0.45,0.45,0.0303183127393462,0.0076372749845337,True,35.05986635793736,1.0
2025-11-26,34.61067844220185,1.0,105.45757313219625,0.3,0.6,0.0377490322488325,0.0239865401271996,True,35.36663691418619,1.0
2025-11-28,34.75944310524385,1.0,105.91085405699629,0.3,0.6,0.034929954637116,0.0343794709658604,True,35.51865086075628,1.0
2025-12-01,34.445326003201025,1.0,104.95374981195604,0.2857142857142857,0.5714285714285714,0.0239207056493353,0.0323860564157814,True,35.19767288527289,1.0
2025-12-02,34.10037849489734,1.0,103.90270635597604,0.2727272727272727,0.5,0.010530841644661,0.0218830719721283,True,34.8451911128915,1.0
2025-12-03,33.937517379471295,1.0,103.40647401487604,0.3636363636363636,0.3636363636363636,0.0142270212426653,0.0174635072758966,True,34.67877282246905,1.0
2025-12-04,34.49887935648663,1.0,105.11692507822605,0.2272727272727272,0.4545454545454545,0.0251295276560783,0.0349417705883923,True,35.25239593857426,1.0
2025-12-05,34.689029936514764,1.0,105.69630750012608,0.2727272727272727,0.4545454545454545,0.0303476522708372,0.0523391078641684,True,35.44669974380325,1.0
2025-12-08,34.69677553438552,1.0,105.71990807632604,0.3636363636363636,0.4545454545454545,0.0158004720385376,0.0644776291483688,True,35.45461451923985,1.0
2025-12-09,34.623315273626766,1.0,105.49607713252604,0.5,0.3636363636363636,0.000873859341488,0.0498345525268151,True,35.379549756374395,1.0
2025-12-10,34.88266313714773,1.0,106.28630134987604,0.5454545454545454,0.2727272727272727,0.0111117459698732,0.049979653133735,True,35.64456223623471,1.0
2025-12-11,35.31104471778714,1.0,107.59156561807606,0.5,0.3636363636363636,0.0244499021584598,0.0522330403648811,True,36.082300428755254,1.0
2025-12-12,34.498788908051424,1.0,105.11664948488608,0.5652173913043478,0.3043478260869565,0.0135329029241353,0.0384461727802356,True,35.252303514585144,1.0
2025-12-15,34.56149574965165,1.0,105.30771512218608,0.391304347826087,0.2608695652173913,0.0121029864143762,0.0384596958663954,True,35.316379984585986,1.0
2025-12-16,34.406588361682886,1.0,104.83571752113605,0.5217391304347826,0.3043478260869565,0.0046325091607739,0.0226063197053669,True,35.15808914510519,1.0
2025-12-17,34.3026271917988,1.0,104.51895133308606,0.5652173913043478,0.1739130434782608,0.0037569209507415,0.0296677450946765,False,35.05185727927787,1.0
2025-12-18,34.786964584661554,1.0,105.99471107913604,0.4347826086956521,0.3043478260869565,0.0215930941638573,0.0480451654700493,True,35.54677345799265,1.0
2025-12-19,35.49603568495489,1.0,108.15522687312676,0.3333333333333333,0.5,0.0601541951017325,0.0542174688991539,True,36.27133192604739,1.0
2025-12-22,35.92525772380486,1.0,109.46305198922674,0.2916666666666667,0.4583333333333333,0.0669106903724872,0.0604341652549453,True,36.70992893387328,1.0
2025-12-23,35.96768014936255,1.0,109.59231169308276,0.28,0.48,0.0571898248987068,0.0636569063059711,True,36.75327794028537,1.0
2025-12-24,36.17502911476755,1.0,110.22409701678274,0.28,0.56,0.0543438870153383,0.0863098147166872,True,36.96515577406597,1.0
2025-12-26,36.13605978323545,1.0,110.10535877428278,0.24,0.52,0.0440725640088484,0.0834852928977396,True,36.92533528336436,1.0
2025-12-29,35.74919413714796,1.0,108.92659216233274,0.32,0.4,0.0284743063606447,0.0643988672272615,True,36.530019806882244,1.0
2025-12-30,35.53727621144743,1.0,108.28088537028276,0.32,0.36,0.0317009688961842,0.0563799840912837,True,36.313473218626996,1.0
2025-12-31,35.185755918441984,1.0,107.2098148603828,0.4,0.28,0.0318288966706645,0.0426949233858886,True,35.954275100293295,1.0
2026-01-02,36.17420953800505,1.0,110.22159979395272,0.28,0.44,0.06590618086539,0.0810708507432502,True,36.96431829629648,1.0
2026-01-05,36.17185642016987,1.0,110.2144299230527,0.32,0.48,0.0484936639940065,0.0748418145205669,True,36.961913782203176,1.0
2026-01-06,37.66405645434664,1.0,114.76111323915276,0.32,0.52,0.0857627475682238,0.118713097880053,True,38.48670610605769,1.0
2026-01-07,37.38305045896132,1.0,113.90489742245272,0.28,0.56,0.0774214572738505,0.0944452248832266,True,38.19956244240202,1.0
2026-01-08,36.531753320439954,1.0,111.31102367355273,0.48,0.32,0.0551200262519888,0.0560420527433203,True,37.329671467729305,1.0
2026-01-09,37.25677165200072,1.0,113.52013014485276,0.4,0.32,0.0680598412316955,0.0799278508680854,True,38.07052548280615,1.0
2026-01-12,37.7464666595815,1.0,115.01221436275276,0.24,0.44,0.0689705433883005,0.0951067685844202,True,38.570916296026425,1.0
2026-01-13,38.072878777930605,1.0,116.00678110895277,0.2,0.52,0.1036004446244502,0.1185353623085854,True,38.90445783273225,1.0
2026-01-14,38.09376225390243,1.0,116.07041235785276,0.24,0.52,0.1022023621268297,0.115542302341544,True,38.92579744077938,1.0
2026-01-15,38.63240693048643,1.0,117.71164457085274,0.24,0.56,0.1228200402894248,0.128021514411966,True,39.476207070406204,1.0
2026-01-16,38.57282667200343,1.0,117.53010552715271,0.24,0.64,0.1244860767173416,0.1287106820177781,True,39.41532547363136,1.0
2026-01-20,38.81967157865888,1.0,118.28223365545276,0.28,0.44,0.1159258084787155,0.1400220995410752,True,39.66756190992019,1.0
2026-01-21,39.439638215318055,1.0,120.17125114565272,0.32,0.48,0.1110998018303963,0.1779371160871987,True,40.30106971515579,1.0
2026-01-22,39.31740618207176,1.0,119.79881425145275,0.44,0.4,0.0944223833923729,0.1676509406242594,True,40.17616791797422,1.0
2026-01-23,39.01712948746011,1.0,118.88388126235276,0.4,0.4,0.0847830420375781,0.1468215942647937,True,39.86933264891538,1.0
2026-01-26,39.31705731094154,1.0,119.79775125285276,0.44,0.44,0.0868562727677628,0.1459202672569657,True,40.17581142688108,1.0
2026-01-27,40.03134046817921,1.0,121.9741480090527,0.4,0.48,0.1077948372985284,0.1566181961740398,True,40.90569579242824,1.0
2026-01-28,41.04357442943847,1.0,125.05839084395276,0.32,0.4,0.1480978919966475,0.1807891831053705,True,41.94003873487728,1.0
2026-01-29,40.86856991285518,1.0,124.52515796795277,0.32,0.48,0.1500197614945635,0.1864765021837,True,41.761211809924625,1.0
2026-01-30,40.3075756430001,1.0,122.81582729595276,0.24,0.48,0.1455651467721808,0.1820272214583072,True,41.18796443235483,1.0
2026-02-02,41.53151259698352,1.0,126.54512202935275,0.24,0.64,0.1480973082037919,0.2237640170493386,True,42.43863433556615,1.0
2026-02-03,42.42471260699941,1.0,129.26667241835278,0.24,0.64,0.1728652274352966,0.2297417596847981,True,43.35134341460753,1.0
2026-02-04,40.70290000823659,1.0,124.02036734065275,0.4,0.4,0.080682853626598,0.1733651844034835,True,41.59192338138261,1.0
2026-02-05,41.14439339100823,1.0,125.36558282895275,0.36,0.4,0.1006162655499738,0.1858275807281562,True,42.04305976099953,1.0
2026-02-06,42.29622842663065,1.0,128.87518544215277,0.32,0.56,0.1577935516980899,0.221611162662072,True,43.220052912345146,1.0
2026-02-09,42.676664510755806,1.0,130.03436139505277,0.28,0.52,0.1454740338046449,0.223434814680419,True,43.608798393852474,1.0
2026-02-10,42.02963312247712,1.0,128.06287851695276,0.36,0.48,0.113471984054126,0.1902687518419881,True,42.94763469492216,1.0
2026-02-11,42.90095463890843,1.0,130.71776587185275,0.32,0.52,0.1268114210417021,0.243549585269531,True,43.83798741535799,1.0
2026-02-12,43.021615806767855,1.0,131.08541639205276,0.28,0.52,0.1293611673223642,0.2447845463170235,True,43.96128403667249,1.0
2026-02-13,43.45474881973665,1.0,132.4051581147527,0.28,0.64,0.1248263381033274,0.2629775542677843,True,44.403877441213695,1.0
2026-02-17,43.48344710779912,1.0,132.49260083325277,0.32,0.64,0.1273077671375297,0.2676418883214673,True,44.43320255067837,1.0
2026-02-18,43.75826869986847,1.0,133.32997298105272,0.24,0.6,0.1272189310309517,0.2578926969432284,True,44.71402673270433,1.0
2026-02-19,44.15259068669553,1.0,134.53145881245277,0.24,0.68,0.1194978626742835,0.2438738533669489,True,45.11696140960419,1.0
2026-02-20,44.7927287307839,1.0,136.48193790265276,0.2,0.72,0.1392595056590695,0.2468311034858155,True,45.771081201507066,1.0
2026-02-23,44.90216256506424,1.0,136.8153791150528,0.24,0.68,0.1508320359521979,0.2484030768345249,True,45.88290526440671,1.0
2026-02-24,44.94671469752197,1.0,136.95112796420358,0.1666666666666666,0.6666666666666666,0.1431861327275319,0.2424790192960382,True,45.92843049428675,1.0
2026-02-25,45.58079133476201,1.0,138.88313815160356,0.125,0.75,0.1386276552740988,0.2613658381179753,True,46.57635648748812,1.0
2026-02-26,45.69182954671249,1.0,139.22146784880354,0.125,0.75,0.1132517131339343,0.2781219451107266,True,46.68981997050569,1.0
2026-02-27,45.36133730679165,1.0,138.21446910940355,0.2083333333333333,0.625,0.109932092155818,0.2764438398961959,True,46.352109195151904,1.0
2026-03-02,45.71680207731495,1.0,139.29755830963353,0.2608695652173913,0.6521739130434783,0.134198754155393,0.2992985622728474,True,46.71533794537349,1.0
2026-03-03,44.1015341716864,1.0,134.3758913284336,0.3478260869565217,0.5652173913043478,0.0618812418329681,0.2191429953805306,True,45.064789729946234,1.0
2026-03-04,44.77819086820442,1.0,136.43764152433354,0.3043478260869565,0.5652173913043478,0.0554742299142114,0.2379290227204262,True,45.75622580627941,1.0
2026-03-05,43.61859587621668,1.0,132.90439458508354,0.391304347826087,0.4347826086956521,0.0716336149854208,0.1580960730846314,True,44.5713032073877,1.0
2026-03-06,42.73251325303482,1.0,130.20453063438356,0.391304347826087,0.4347826086956521,0.0385986942846428,0.1430986163086425,True,43.665866971505324,1.0
2026-03-09,44.207445184688375,1.0,134.69859862288357,0.391304347826087,0.391304347826087,0.0451864582056775,0.2101101416326987,True,45.17301402691601,1.0
2026-03-10,44.689641001089385,1.0,136.1678330574835,0.391304347826087,0.4782608695652174,0.0471680838559036,0.1995038490859026,True,45.665741853348905,1.0
2026-03-11,44.91164652355136,1.0,136.84427641758353,0.391304347826087,0.5217391304347826,0.0685709863960952,0.1898238563251346,True,45.89259636933214,1.0
2026-03-12,43.83990062221994,1.0,133.5787027028835,0.391304347826087,0.391304347826087,0.0218863657280941,0.1514732279092143,True,44.797441640714105,1.0
2026-03-13,44.00972717665902,1.0,134.09615850238353,0.4782608695652174,0.3478260869565217,0.0229677884328962,0.155300095677753,True,44.97097750766523,1.0
2026-03-16,44.953167959591646,1.0,136.97079083668356,0.3478260869565217,0.5652173913043478,0.0344822874496619,0.1636129232247571,True,45.93502470702117,1.0
2026-03-17,46.11109177397594,1.0,140.49894575398355,0.3043478260869565,0.5652173913043478,0.0604286191861165,0.1954294189034349,True,47.11823962683288,1.0
2026-03-18,45.8571886812056,1.0,139.72531156998355,0.3478260869565217,0.4347826086956521,0.0479662482931699,0.1812873941575441,True,46.85879084115267,1.0
2026-03-19,46.330097563260445,1.0,141.1662490279836,0.3478260869565217,0.391304347826087,0.049317760129103,0.1747089897306972,True,47.34202889015704,1.0
2026-03-20,44.27850171612451,1.0,134.91510548428357,0.5652173913043478,0.1304347826086956,-0.0114801448634671,0.1261806414970214,False,45.245622558756246,1.0
2026-03-23,44.57910161692932,1.0,135.83102327178355,0.6086956521739131,0.217391304347826,-0.007194774809939,0.1425520586094582,False,45.55278809340353,1.0
2026-03-24,45.45944892721355,1.0,138.51341191698356,0.5217391304347826,0.3043478260869565,0.0114076019380309,0.1562271450707646,True,46.45236374700409,1.0
2026-03-25,45.47370001514107,1.0,138.55683450258354,0.5652173913043478,0.3043478260869565,-0.0023494835540354,0.1359524683238624,False,46.46692610391387,1.0
2026-03-26,43.39757572638168,1.0,132.23095362223623,0.75,0.125,-0.0502114676319827,0.0573537107736605,False,44.34545558631355,1.0
2026-03-27,43.40453205128031,1.0,132.25214931023623,0.7916666666666666,0.125,-0.0431381738654861,0.0620516485855175,False,44.35256384965943,1.0
2026-03-30,42.13972097614718,1.0,128.3983125044363,0.7916666666666666,0.125,-0.0782443420937082,0.0454541188330006,False,43.060127062152496,1.0
2026-03-31,44.1147848517555,1.0,134.41626570493625,0.7916666666666666,0.125,0.000300458483315,0.06220029306035,False,45.0783298283194,1.0
2026-04-01,45.73917973825809,1.0,139.36574228988627,0.52,0.32,0.0214610919159761,0.0781258593773444,True,46.73820437403613,1.0
2026-04-02,46.49934249723368,1.0,141.6819326494862,0.48,0.32,0.0660440017187198,0.142408587295356,True,47.51497043302198,1.0
2026-04-06,46.49122430191238,1.0,141.65719678138623,0.32,0.44,0.0879590448289542,0.1299528433945189,True,47.506674921947095,1.0
2026-04-07,46.897860703500825,1.0,142.89620422038627,0.32,0.4,0.0608588781272594,0.1087953334858788,True,47.922192982221056,1.0
2026-04-08,49.0008333013372,1.0,149.30389099548623,0.28,0.48,0.0964696113836027,0.1481879819587945,True,50.071098223485386,1.0
2026-04-09,49.70000431801845,1.0,151.43424156768623,0.28,0.48,0.1066172844933688,0.1824991232540473,True,50.78554037258054,1.0
2026-04-10,49.60068811245231,1.0,151.13162842968623,0.28,0.52,0.1314051220114434,0.1561674682984248,True,50.684054925312644,1.0
2026-04-13,50.199074044373575,1.0,152.95489023838624,0.24,0.4,0.1406358835825076,0.1668337672356004,True,51.29551066502481,1.0
2026-04-14,50.5168145489526,1.0,153.92303486908628,0.28,0.44,0.1237653950075796,0.162515396384214,True,51.62019118456859,1.0
2026-04-15,49.68662752638424,1.0,151.39348293348624,0.44,0.36,0.0775417717267377,0.142656133107546,True,50.77187140814248,1.0
2026-04-16,50.35844783226718,1.0,153.44049680978625,0.36,0.44,0.098158201156941,0.1508327300988159,True,51.458365458509554,1.0
2026-04-17,50.91508221950377,1.0,155.1365430660862,0.36,0.52,0.0989634146568081,0.1531618287315126,True,52.027157725908246,1.0
2026-04-20,51.04993554395433,1.0,155.5474366100863,0.32,0.48,0.1529282510786473,0.1396924677390807,True,52.164956485631436,1.0
2026-04-21,50.50075361341375,1.0,153.87409773868626,0.36,0.52,0.1328347091282704,0.1246842184992098,True,51.60377944977254,1.0
2026-04-22,50.885992142607314,1.0,155.04790658018626,0.36,0.48,0.1193710734171538,0.1321404130436432,True,51.997432270248055,1.0
2026-04-23,51.10742585747755,1.0,155.72260766178624,0.32,0.56,0.1238897613447038,0.1212492008338756,True,52.22370248934975,1.0
2026-04-24,51.34596784806576,1.0,156.44943708408624,0.32,0.56,0.1831529063235719,0.1237450624640197,True,52.46745465918973,1.0
2026-04-27,51.596568679212574,1.0,157.21300938798623,0.36,0.56,0.1887368954526174,0.137456956576264,True,52.72352905600813,1.0
2026-04-28,49.46765464786671,1.0,150.72627993748625,0.44,0.44,0.1738961127879192,0.0820453837564669,True,50.5481157744147,1.0
2026-04-29,50.33182217288947,1.0,153.35936932117875,0.4166666666666667,0.4166666666666667,0.1409286555975706,0.1412714572910021,True,51.43115824760831,1.0
2026-04-30,51.84620249210152,1.0,157.97363521977877,0.3333333333333333,0.5833333333333334,0.1335184143832659,0.1578449572627969,True,52.978615313178466,1.0
2026-05-01,52.87075880481951,1.0,161.09542384512872,0.3333333333333333,0.5833333333333334,0.1370216430041964,0.2121151023489873,True,54.025549749050484,1.0
2026-05-04,53.682437147616525,1.0,163.56858045597875,0.3333333333333333,0.5416666666666666,0.1546789303504816,0.2562433861482285,True,54.854956583381934,1.0
2026-05-05,55.22905404097741,1.0,168.28107011177872,0.375,0.5416666666666666,0.1776454877152777,0.2493156709292587,True,56.43535432693339,1.0
2026-05-06,55.55404157829147,1.0,169.2712962074787,0.3333333333333333,0.5,0.1337366700818008,0.2431078060559319,True,56.767440167233104,1.0
2026-05-07,53.85418491233365,1.0,164.0918901185788,0.5,0.4166666666666667,0.0835851153600224,0.1991140178771417,True,55.03045562324378,1.0
2026-05-08,55.59096583227738,1.0,169.38380316747876,0.4583333333333333,0.375,0.1207700527509656,0.268044978279478,True,56.8051709122755,1.0
2026-05-11,57.16977349724675,1.0,174.19437702167875,0.3333333333333333,0.4583333333333333,0.13886111617739,0.2990258555287584,True,58.41846253085938,1.0
2026-05-12,55.93764525030221,1.0,170.44012369412877,0.4583333333333333,0.4583333333333333,0.1073074529688848,0.2443537972804157,True,57.159422422351525,1.0
2026-05-13,56.30060003442448,1.0,171.54603471387875,0.3333333333333333,0.4583333333333333,0.133113733761224,0.2209773802449683,True,57.53030478132508,1.0
2026-05-14,55.66123404920288,1.0,169.59790806107873,0.375,0.5416666666666666,0.1053008272732727,0.213795168215696,True,56.876973911421025,1.0
2026-05-15,54.69623782173897,1.0,166.65759701227876,0.4583333333333333,0.2916666666666667,0.07426395946753,0.1805767891391798,True,55.89090045847589,1.0
2026-05-18,53.24590121848353,1.0,162.23847016217877,0.625,0.25,0.0430160322658677,0.2025226499272769,False,54.408885936964936,1.0
2026-05-19,53.687846356816095,1.0,163.58506213447873,0.5833333333333334,0.2916666666666667,0.063109805604085,0.2043276874029158,True,54.86048393928376,1.0
2026-05-20,53.997411128988006,1.0,164.52829558351348,0.4347826086956521,0.3043478260869565,0.0611449016786578,0.1878149076431794,True,55.176810153955046,1.0
2026-05-21,56.25445284027913,1.0,171.40542576541347,0.3043478260869565,0.4347826086956521,0.1007099633066042,0.2370766579703971,True,57.48314965078718,1.0
2026-05-22,55.70437815935247,1.0,169.72936671361344,0.3478260869565217,0.4347826086956521,0.0848832049321448,0.2835827169370986,True,56.92106036529376,1.0
2026-05-26,57.41493934885199,1.0,174.9413891257134,0.391304347826087,0.5217391304347826,0.1127666203117789,0.3227867375927256,True,58.66898323856406,1.0
2026-05-27,57.27110778863835,1.0,174.50313919931347,0.4347826086956521,0.4347826086956521,0.1577485974687935,0.3590765781542822,True,58.52201014251882,1.0
2026-05-28,57.463635848569055,1.0,175.08976572251348,0.4782608695652174,0.3043478260869565,0.1416959165750415,0.3025935871991982,True,58.718743356019175,1.0
2026-05-29,57.64769909635601,1.0,175.65060024781346,0.5652173913043478,0.2608695652173913,0.1118981974646708,0.2603570817457654,True,58.90682687089733,1.0
2026-06-01,58.41463545781414,1.0,177.98742954635716,0.625,0.25,0.1048571417985639,0.2562464826527237,False,59.69051447983203,1.0
2026-06-02,59.03610713908115,1.0,179.8810328568572,0.625,0.2916666666666667,0.0997285197157324,0.2698333508212804,False,60.325560202513365,1.0
2026-06-03,59.77733244530507,1.0,182.1395214348572,0.6666666666666666,0.25,0.0823530021164777,0.2746281290575545,False,61.08297518126349,1.0
2026-06-04,58.84399826500496,1.0,179.29568357885717,0.75,0.2083333333333333,0.0592208342227815,0.2008775014730035,False,60.12925533062847,1.0
2026-06-05,55.88253206017231,1.0,170.2721956574572,0.7916666666666666,0.0833333333333333,0.037663686696596,0.1243969256540371,False,57.10310546260854,1.0
2026-06-08,56.69420077534415,1.0,172.74532293325714,0.7916666666666666,0.125,0.0198455797007619,0.143012384159062,False,57.93250245903044,1.0
2026-06-09,56.51286397091134,1.0,172.19279578915717,0.75,0.0833333333333333,-0.0114905042673821,0.1257750276619982,False,57.747204937854605,1.0
2026-06-10,56.30474782989003,1.0,171.55867290715716,0.5833333333333334,0.1666666666666666,0.0065627106386976,0.1145743913707928,False,57.53454317198447,1.0
2026-06-11,59.38395881635866,1.0,180.94092521802284,0.5,0.2272727272727272,0.0547660021393896,0.1951698429285631,True,60.68100957605883,1.0
2026-06-12,60.78655496745375,1.0,185.21458851607284,0.4545454545454545,0.3636363636363636,0.0920806195874182,0.2070776122790816,True,62.11424090944206,1.0
2026-06-15,62.76892073923504,1.0,191.2547903486229,0.5,0.3636363636363636,0.1475911916246572,0.2328158573647651,True,64.13990505811742,1.0
2026-06-16,61.973079808226295,1.0,188.8298897988228,0.5,0.3636363636363636,0.1639032937752826,0.2139697954146699,True,63.32668155267713,1.0
2026-06-17,62.04510569532469,1.0,189.0493502543228,0.5,0.3181818181818182,0.1556638961258614,0.228597619954024,True,63.40028061262289,1.0
2026-06-18,63.72681581155368,1.0,194.17346441653248,0.5238095238095238,0.3333333333333333,0.1801827991220592,0.2523449603372207,True,65.11872225412111,1.0
2026-06-22,64.63053986130083,1.0,196.92708120063247,0.5714285714285714,0.3333333333333333,0.1488964268269319,0.264601743815761,True,66.04218523654718,1.0
2026-06-23,61.866129916593046,1.0,188.50401707612448,0.4545454545454545,0.3636363636363636,0.1106152148330921,0.2048877937145277,True,63.21739568612813,1.0
2026-06-24,61.18981879121803,1.0,186.44331982387448,0.4545454545454545,0.3181818181818182,0.0657473383265279,0.1859280637758846,True,62.526312728823314,1.0
2026-06-25,64.92478989219202,1.0,197.8236511480745,0.3181818181818182,0.5,0.1336394981532389,0.3124695390221392,True,66.34286220888377,1.0
2026-06-26,61.971819623378,1.0,188.82605005797447,0.4545454545454545,0.5,0.0784528112124531,0.2312651707801318,True,63.32539384316143,1.0
2026-06-29,63.31851480407594,1.0,192.9293849793744,0.4545454545454545,0.5,0.0983702003134829,0.221275845877471,True,64.70150323001914,1.0
2026-06-30,64.943898324153,1.0,197.8818738975745,0.4090909090909091,0.5454545454545454,0.1117744348683669,0.2283519244333776,True,66.36238800281731,1.0
2026-07-01,62.59854195165649,1.0,190.7356519133204,0.4545454545454545,0.5,0.0603433218281603,0.1660897917045452,True,63.965804896277675,1.0
2026-07-02,59.34517999936719,1.0,180.8227674669204,0.5,0.4545454545454545,-0.0072293698674712,0.0745282719370099,False,60.64138376107256,1.0
2026-07-06,60.0015106365291,1.0,182.8225848436005,0.4285714285714285,0.4761904761904761,0.0196708654349291,0.0800566247186513,True,61.31204982093975,1.0
2026-07-07,58.38216403966945,1.0,177.88849022740044,0.4285714285714285,0.4761904761904761,0.0447301131023483,0.0840785007647344,True,59.65733382844634,1.0
2026-07-08,58.67320329273984,1.0,178.77527704281246,0.35,0.5,0.0349066128515971,0.0554449345197891,True,59.95472989389203,1.0
2026-07-09,58.90044959054346,1.0,179.46768886911244,0.45,0.45,0.0422485333757114,0.030272572155285,True,60.18693965302562,1.0
2026-07-10,58.72906197509222,1.0,178.94547656921242,0.4,0.45,0.0430570109740402,0.0499022923167278,True,60.01180862872702,1.0
2026-07-13,58.26169890285868,1.0,177.52143700721237,0.4,0.45,-0.0188983681093163,0.0348326459617676,False,59.53423751984555,1.0
2026-07-14,58.62782242053064,1.0,178.63700305151244,0.35,0.5,-0.0355133227747316,0.0532972080479812,False,59.90835782311761,1.0
2026-07-15,57.48785407400761,1.0,175.16355784087895,0.3333333333333333,0.5714285714285714,-0.0841350560600994,0.0510385423832404,False,58.74349055036326,1.0
2026-07-16,56.47555882943901,1.0,172.0791282777965,0.4761904761904761,0.4761904761904761,-0.0887082100131093,0.060655515956115,False,57.709084986068945,1.0
2026-07-17,56.7292880104021,1.0,172.8522325583691,0.3,0.5,-0.0856766641840565,0.0566504685878475,False,57.96835606140024,1.0
2026-07-20,56.53792950648924,1.0,172.26916963301912,0.4,0.5,-0.1128078692386371,0.0470488922410092,False,57.77281794909107,1.0
2026-07-21,57.27314257900362,1.0,174.5093391371191,0.25,0.55,-0.1138377816135598,0.0181086062932083,False,58.52408937630685,1.0
2026-07-22,56.90460180947324,1.0,173.3864078077073,0.2857142857142857,0.4285714285714285,-0.0801978095899791,0.0215463073061741,False,58.14749902411766,1.0
2026-07-23,56.738138738551065,1.0,172.87920042935727,0.2857142857142857,0.5238095238095238,-0.0727519731322671,-0.0117878833971888,False,57.97740010511622,1.0
2026-07-24,56.6465167892322,1.0,172.6000314313573,0.3333333333333333,0.4285714285714285,-0.1275055817154889,-0.0109058655144448,False,57.883776970269516,1.0
2026-07-27,56.17260343822959,1.0,171.15603339025728,0.5238095238095238,0.3333333333333333,-0.0935782783270212,-0.0224669461177443,False,57.39951251293782,1.0
2026-07-28,55.747920009208855,1.0,169.86203726565728,0.4761904761904761,0.238095238095238,-0.119563682412522,-0.0329549854881764,False,56.96555324621238,1.0
2026-07-29,54.38899444375485,1.0,165.72143677325732,0.5714285714285714,0.238095238095238,-0.1625234110172401,-0.0689149385682045,False,55.57694634134988,1.0
2026-07-30,54.42323084867198,1.0,165.8257539475468,0.55,0.25,-0.1305990658584053,-0.0781365254917959,False,55.61193052994281,1.0
2026-07-31,54.41940224142888,1.0,165.81408831004686,0.55,0.3,-0.0830021538057657,-0.0896314704035783,False,55.60801829914156,1.0
