decision_date,ticker,outcome,planned_shares,close_price,close_nav,cash_before_decision,required_reserve,uncommitted_cash_after_reserve,intended_capital,funding_fraction,q0_reason,buffer_basis_points
2006-07-05,MED,PLAN,205,19.49,100000.0,100000.0,250.0,99750.0,4000.0,1.0,,25
2006-07-05,ACLI,PLAN,66,59.89,100000.0,100000.0,250.0,99750.0,4000.0,1.0,,25
2006-07-05,FALB,PLAN,75,53.26,100000.0,100000.0,250.0,99750.0,4000.0,1.0,,25
2006-07-05,TTI,PLAN,131,30.37,100000.0,100000.0,250.0,99750.0,4000.0,1.0,,25
2006-07-05,CHAP1,PLAN,56,71.0,100000.0,100000.0,250.0,99750.0,4000.0,1.0,,25
2006-07-05,LFCHY,PLAN,64,61.65,100000.0,100000.0,250.0,99750.0,4000.0,1.0,,25
2006-07-05,ADM,PLAN,94,42.21,100000.0,100000.0,250.0,99750.0,4000.0,1.0,,25
2006-07-05,LVS,PLAN,53,75.06999999999998,100000.0,100000.0,250.0,99750.0,4000.0,1.0,,25
2006-07-05,MNST,PLAN,19,205.35,100000.0,100000.0,250.0,99750.0,4000.0,1.0,,25
2006-07-05,BFH,PLAN,67,58.81,100000.0,100000.0,250.0,99750.0,4000.0,1.0,,25
2006-07-05,AVL1,PLAN,84,47.38,100000.0,100000.0,250.0,99750.0,4000.0,1.0,,25
2006-07-05,LECO,PLAN,65,60.63,100000.0,100000.0,250.0,99750.0,4000.0,1.0,,25
2006-07-05,DAKT,PLAN,137,29.03,100000.0,100000.0,250.0,99750.0,4000.0,1.0,,25
2006-07-05,MTW,PLAN,89,44.87,100000.0,100000.0,250.0,99750.0,4000.0,1.0,,25
2006-07-05,VOLT2,PLAN,83,47.67,100000.0,100000.0,250.0,99750.0,4000.0,1.0,,25
2006-07-05,EXPD,PLAN,74,53.73,100000.0,100000.0,250.0,99750.0,4000.0,1.0,,25
2006-07-05,KEX,PLAN,101,39.46,100000.0,100000.0,250.0,99750.0,4000.0,1.0,,25
2006-07-05,OII,PLAN,86,46.05,100000.0,100000.0,250.0,99750.0,4000.0,1.0,,25
2006-07-05,FTI1,PLAN,57,69.18,100000.0,100000.0,250.0,99750.0,4000.0,1.0,,25
2006-07-05,WEBX1,PLAN,111,35.75,100000.0,100000.0,250.0,99750.0,4000.0,1.0,,25
2006-07-05,JLL,PLAN,46,86.25,100000.0,100000.0,250.0,99750.0,4000.0,1.0,,25
2006-07-05,AGP,PLAN,130,30.67,100000.0,100000.0,250.0,99750.0,4000.0,1.0,,25
2006-07-05,ATI,PLAN,58,68.61,100000.0,100000.0,250.0,99750.0,4000.0,1.0,,25
2006-07-05,TEX,PLAN,40,98.96,100000.0,100000.0,250.0,99750.0,4000.0,1.0,,25
2006-07-05,WCC,PLAN,60,66.6,100000.0,100000.0,250.0,99750.0,4000.0,1.0,,25
2006-09-07,CMCSK,PLAN,101,34.86,88320.46824698,10667.468246980015,220.80117061745,10446.667076362566,3532.8187298792,1.0,,25
2006-09-11,HCR1,PLAN,65,52.21,86088.28344808103,7139.0434480810145,215.22070862020257,6923.822739460812,3443.531337923241,1.0,,25
2006-09-15,CXW,PLAN,80,43.47,87248.462859581,6524.652859581014,218.12115714895253,6306.531702432061,3489.9385143832405,1.0,,25
2006-10-03,CMCSA,PLAN,94,37.07,87208.033159581,9760.693159581017,218.0200828989525,9542.673076682064,3488.32132638324,1.0,,25
2006-10-16,EPC,PLAN,49,76.62,94703.01613026501,6293.516130265018,236.75754032566252,6056.758589939355,3788.1206452106003,1.0,,25
2006-10-17,UST1,PLAN,41,55.79,94055.802530265,2546.1725302650175,235.13950632566252,2311.033023939355,3762.2321012106004,0.6142717838157081,,25
2006-11-01,ACAS,Q0_SKIP,0,42.74,93495.81514026501,267.69514026501764,233.73953785066254,33.9556024143551,3739.8326056106007,0.00907944445519138,CASH_SCARCITY,25
2006-11-01,BLS,Q0_SKIP,0,44.2,93495.81514026501,267.69514026501764,233.73953785066254,33.9556024143551,3739.8326056106007,0.00907944445519138,CASH_SCARCITY,25
2006-11-01,T,PLAN,1,33.76,93495.81514026501,267.69514026501764,233.73953785066254,33.9556024143551,3739.8326056106007,0.00907944445519138,,25
2006-12-15,MA,PLAN,41,96.19,100332.45625026501,4436.156250265017,250.83114062566253,4185.325109639354,4013.2982500106004,1.0,,25
2007-01-29,TSG1,PLAN,129,32.3,104537.127830265,21213.533110265013,261.34281957566253,20952.19029068935,4181.4851132106005,1.0,,25
2007-01-30,CF,PLAN,136,30.77,104987.323644265,17038.792540265014,262.4683091106625,16776.32423115435,4199.4929457706,1.0,,25
2007-01-31,MTCH,PLAN,109,38.4,104869.86404426499,12859.726460265014,262.1746601106625,12597.551800154351,4194.7945617706,1.0,,25
2007-02-01,HAS,PLAN,146,28.68,105459.42139626504,8674.305220265014,263.6485534906626,8410.656666774352,4218.376855850602,1.0,,25
2007-02-02,TRA,PLAN,286,14.67,105425.81776426501,4476.992100265014,263.5645444106625,4213.427555854352,4217.0327105706,0.9991450968100838,,25
2007-02-05,UIS,PLAN,2,8.849999999999998,105104.934800265,288.62792026501484,262.7623370006625,25.865583264352324,4204.1973920106,0.006152323702380316,,25
2007-03-29,MIR2,PLAN,102,40.94,105458.30728100102,7005.547281001016,263.64576820250255,6741.901512798513,4218.332291240041,1.0,,25
2007-05-14,GEN1,PLAN,179,25.46,114607.06136100102,10628.696361001017,286.51765340250256,10342.178707598514,4584.282454440041,1.0,,25
2007-06-05,TRW,PLAN,119,40.04,119250.28385100102,10247.443851001017,298.12570962750254,9949.318141373515,4770.011354040041,1.0,,25
2007-06-21,NRG,PLAN,111,43.51,121237.471091001,8997.02109100102,303.0936777275025,8693.927413273517,4849.49884364004,1.0,,25
2007-07-13,GLBL1,PLAN,134,28.68,127795.41593100101,4177.830931001019,319.48853982750256,3858.3423911735163,5111.816637240041,0.7547888871962165,,25
2007-08-23,TBSIQ,PLAN,118,38.17,112738.70887100103,9279.42887100102,281.8467721775026,8997.582098823517,4509.548354840042,1.0,,25
2007-08-28,DRYS,PLAN,71,61.3,109613.22307100102,4779.133071001021,274.03305767750254,4505.100013323518,4384.528922840041,1.0,,25
2007-09-11,GRMN,Q0_SKIP,0,106.88,114015.97907100101,319.2340710010208,285.03994767750254,34.19412332351828,4560.639162840041,0.0074976603284318205,CASH_SCARCITY,25
2007-09-11,OII,Q0_SKIP,0,72.29,114015.97907100101,319.2340710010208,285.03994767750254,34.19412332351828,4560.639162840041,0.0074976603284318205,CASH_SCARCITY,25
2007-09-11,CROX,Q0_SKIP,0,57.71,114015.97907100101,319.2340710010208,285.03994767750254,34.19412332351828,4560.639162840041,0.0074976603284318205,CASH_SCARCITY,25
2007-09-11,SYNA,Q0_SKIP,0,41.15,114015.97907100101,319.2340710010208,285.03994767750254,34.19412332351828,4560.639162840041,0.0074976603284318205,CASH_SCARCITY,25
2007-09-11,JNPR,Q0_SKIP,0,36.18,114015.97907100101,319.2340710010208,285.03994767750254,34.19412332351828,4560.639162840041,0.0074976603284318205,CASH_SCARCITY,25
2007-09-11,MDRIQ,Q0_SKIP,0,49.68,114015.97907100101,319.2340710010208,285.03994767750254,34.19412332351828,4560.639162840041,0.0074976603284318205,CASH_SCARCITY,25
2007-09-11,POT,Q0_SKIP,0,89.76,114015.97907100101,319.2340710010208,285.03994767750254,34.19412332351828,4560.639162840041,0.0074976603284318205,CASH_SCARCITY,25
2007-09-11,EDO,Q0_SKIP,0,50.11,114015.97907100101,319.2340710010208,285.03994767750254,34.19412332351828,4560.639162840041,0.0074976603284318205,CASH_SCARCITY,25
2007-09-11,JEF,Q0_SKIP,0,44.89,114015.97907100101,319.2340710010208,285.03994767750254,34.19412332351828,4560.639162840041,0.0074976603284318205,CASH_SCARCITY,25
2007-09-11,DNRCQ,Q0_SKIP,0,42.31,114015.97907100101,319.2340710010208,285.03994767750254,34.19412332351828,4560.639162840041,0.0074976603284318205,CASH_SCARCITY,25
2007-09-11,ILMN,Q0_SKIP,0,51.43,114015.97907100101,319.2340710010208,285.03994767750254,34.19412332351828,4560.639162840041,0.0074976603284318205,CASH_SCARCITY,25
2007-09-11,BCE,Q0_SKIP,0,39.22,114015.97907100101,319.2340710010208,285.03994767750254,34.19412332351828,4560.639162840041,0.0074976603284318205,CASH_SCARCITY,25
2007-09-11,EFD1,Q0_SKIP,0,36.47,114015.97907100101,319.2340710010208,285.03994767750254,34.19412332351828,4560.639162840041,0.0074976603284318205,CASH_SCARCITY,25
2007-09-11,NVT1,Q0_SKIP,0,66.46,114015.97907100101,319.2340710010208,285.03994767750254,34.19412332351828,4560.639162840041,0.0074976603284318205,CASH_SCARCITY,25
2007-09-11,ARTC1,Q0_SKIP,0,58.66,114015.97907100101,319.2340710010208,285.03994767750254,34.19412332351828,4560.639162840041,0.0074976603284318205,CASH_SCARCITY,25
2007-09-11,SHAW,Q0_SKIP,0,53.16,114015.97907100101,319.2340710010208,285.03994767750254,34.19412332351828,4560.639162840041,0.0074976603284318205,CASH_SCARCITY,25
2007-09-11,PCZ,Q0_SKIP,0,53.15,114015.97907100101,319.2340710010208,285.03994767750254,34.19412332351828,4560.639162840041,0.0074976603284318205,CASH_SCARCITY,25
2007-09-11,BIDU,Q0_SKIP,0,227.04,114015.97907100101,319.2340710010208,285.03994767750254,34.19412332351828,4560.639162840041,0.0074976603284318205,CASH_SCARCITY,25
2007-09-11,OPSW,PLAN,2,14.21,114015.97907100101,319.2340710010208,285.03994767750254,34.19412332351828,4560.639162840041,0.0074976603284318205,,25
2007-10-29,EDO,PLAN,89,57.65,129073.74067100103,10008.150671001042,322.68435167750255,9685.46631932354,5162.949626840041,1.0,,25
2007-11-02,BIDU,PLAN,12,409.0,126907.55543100103,10928.825431001043,317.2688885775026,10611.556542423541,5076.3022172400415,1.0,,25
2007-11-29,MTL,PLAN,57,82.76999999999998,119520.09591100103,29933.445911001047,298.80023977750255,29634.645671223545,4780.803836440041,1.0,,25
2007-12-04,TELFY,PLAN,46,103.11,120301.18281574205,24881.562815742047,300.7529570393551,24580.80985870269,4812.047312629682,1.0,,25
2007-12-10,IHS2,PLAN,71,69.05,123629.00442406404,20192.594424064046,309.07251106016014,19883.521913003886,4945.160176962562,1.0,,25
2007-12-11,MON2,PLAN,46,102.67,120704.94572406403,15238.945724064048,301.7623643101601,14937.183359753888,4828.197828962561,1.0,,25
2007-12-12,SIGM,PLAN,73,65.98,121789.44052406406,14935.870524064048,304.4736013101602,14631.396922753887,4871.577620962563,1.0,,25
2007-12-13,BMRN,PLAN,165,29.76,123050.93821406405,10103.30821406405,307.62734553516015,9795.68086852889,4922.037528562562,1.0,,25
2007-12-14,KUST,PLAN,637,6.1,121877.18781406406,4197.007814064052,304.69296953516016,3892.3148445288916,4875.087512562563,0.798409225372637,,25
2008-01-14,CVD,PLAN,49,95.66,119276.38833406403,24111.062334064052,298.1909708351601,23812.871363228893,4771.055533362562,1.0,,25
2008-02-05,PRGO,PLAN,130,33.48,108984.56740406406,39938.17740406405,272.4614185101602,39665.71598555389,4359.382696162563,1.0,,25
2008-02-06,MEE,PLAN,114,38.26,109551.12990406404,35546.289904064055,273.87782476016014,35272.4120793039,4382.045196162562,1.0,,25
2008-02-07,MOS,PLAN,46,93.75,110036.04456406405,35165.52456406405,275.09011141016015,34890.43445265389,4401.441782562562,1.0,,25
2008-02-08,INCY,PLAN,371,11.98,111420.16998406404,30780.56398406405,278.5504249601601,30502.01355910389,4456.806799362562,1.0,,25
2008-02-11,AUXL,PLAN,134,33.47,112743.93053406406,26342.680534064053,281.85982633516016,26060.820707728893,4509.757221362563,1.0,,25
2008-02-12,GOLD1,PLAN,97,46.39,113567.83525406405,21792.855254064052,283.91958813516015,21508.935665928893,4542.7134101625625,1.0,,25
2008-02-20,FRFHF,PLAN,15,307.0,116630.69207406405,17235.122074064053,291.5767301851601,16943.545343878894,4665.227682962562,1.0,,25
2008-02-21,CMO,PLAN,255,18.11,115758.19712406406,12775.79712406405,289.39549281016014,12486.401631253892,4630.327884962562,1.0,,25
2008-02-22,GLDN1,PLAN,44,105.06,116418.95202406404,8176.102024064052,291.0473800601601,7885.054644003892,4656.7580809625615,1.0,,25
2008-02-25,KGC,PLAN,136,23.87,118452.10894406405,3548.3989440640526,296.1302723601601,3252.2686717038923,4738.084357762562,0.6864100396134973,,25
2008-02-26,CNX,Q0_SKIP,0,81.33,118971.00379406406,320.0237940640527,297.42750948516016,22.59628457889255,4758.8401517625625,0.004748275600415664,CASH_SCARCITY,25
2008-02-26,PHRM,Q0_SKIP,0,71.11,118971.00379406406,320.0237940640527,297.42750948516016,22.59628457889255,4758.8401517625625,0.004748275600415664,CASH_SCARCITY,25
2008-02-26,GG,Q0_SKIP,0,42.27,118971.00379406406,320.0237940640527,297.42750948516016,22.59628457889255,4758.8401517625625,0.004748275600415664,CASH_SCARCITY,25
2008-02-26,FCL1,Q0_SKIP,0,57.81,118971.00379406406,320.0237940640527,297.42750948516016,22.59628457889255,4758.8401517625625,0.004748275600415664,CASH_SCARCITY,25
2008-02-26,BVN,Q0_SKIP,0,72.54,118971.00379406406,320.0237940640527,297.42750948516016,22.59628457889255,4758.8401517625625,0.004748275600415664,CASH_SCARCITY,25
2008-02-26,WLTGQ,Q0_SKIP,0,52.57,118971.00379406406,320.0237940640527,297.42750948516016,22.59628457889255,4758.8401517625625,0.004748275600415664,CASH_SCARCITY,25
2008-02-26,ANRZQ,Q0_SKIP,0,41.5,118971.00379406406,320.0237940640527,297.42750948516016,22.59628457889255,4758.8401517625625,0.004748275600415664,CASH_SCARCITY,25
2008-02-26,CPHD,Q0_SKIP,0,31.82,118971.00379406406,320.0237940640527,297.42750948516016,22.59628457889255,4758.8401517625625,0.004748275600415664,CASH_SCARCITY,25
2008-02-26,HES,Q0_SKIP,0,98.54,118971.00379406406,320.0237940640527,297.42750948516016,22.59628457889255,4758.8401517625625,0.004748275600415664,CASH_SCARCITY,25
2008-02-26,SID,Q0_SKIP,0,37.47,118971.00379406406,320.0237940640527,297.42750948516016,22.59628457889255,4758.8401517625625,0.004748275600415664,CASH_SCARCITY,25
2008-02-26,TRA,Q0_SKIP,0,50.38,118971.00379406406,320.0237940640527,297.42750948516016,22.59628457889255,4758.8401517625625,0.004748275600415664,CASH_SCARCITY,25
2008-02-26,NVT1,Q0_SKIP,0,74.72,118971.00379406406,320.0237940640527,297.42750948516016,22.59628457889255,4758.8401517625625,0.004748275600415664,CASH_SCARCITY,25
2008-02-26,PBR,Q0_SKIP,0,121.75,118971.00379406406,320.0237940640527,297.42750948516016,22.59628457889255,4758.8401517625625,0.004748275600415664,CASH_SCARCITY,25
2008-02-26,RESP1,Q0_SKIP,0,65.73,118971.00379406406,320.0237940640527,297.42750948516016,22.59628457889255,4758.8401517625625,0.004748275600415664,CASH_SCARCITY,25
2008-02-26,ADM,Q0_SKIP,0,45.92,118971.00379406406,320.0237940640527,297.42750948516016,22.59628457889255,4758.8401517625625,0.004748275600415664,CASH_SCARCITY,25
2008-02-26,AEM,Q0_SKIP,0,67.39,118971.00379406406,320.0237940640527,297.42750948516016,22.59628457889255,4758.8401517625625,0.004748275600415664,CASH_SCARCITY,25
2008-02-26,ACIIQ,Q0_SKIP,0,54.45,118971.00379406406,320.0237940640527,297.42750948516016,22.59628457889255,4758.8401517625625,0.004748275600415664,CASH_SCARCITY,25
2008-02-26,OTEX,Q0_SKIP,0,33.07,118971.00379406406,320.0237940640527,297.42750948516016,22.59628457889255,4758.8401517625625,0.004748275600415664,CASH_SCARCITY,25
2008-02-26,CSIQ,PLAN,1,19.32,118971.00379406406,320.0237940640527,297.42750948516016,22.59628457889255,4758.8401517625625,0.004748275600415664,,25
2008-03-13,CMP,PLAN,74,60.76,112689.64508406406,11100.865084064053,281.72411271016017,10819.140971353892,4507.585803362563,1.0,,25
2008-04-08,WLTGQ,PLAN,67,69.27,117606.29424406403,9607.784244064052,294.0157356101601,9313.768508453892,4704.251769762562,1.0,,25
2008-04-10,XEC,PLAN,78,58.81,119861.08372406404,4943.003724064052,299.6527093101601,4643.351014753892,4794.443348962562,0.9684859485843411,,25
2008-04-14,EOG,Q0_SKIP,0,127.89,119769.36072406404,375.44072406405303,299.4234018101601,76.01732225389293,4790.774428962562,0.015867439258740974,CASH_SCARCITY,25
2008-04-14,NEU,Q0_SKIP,0,82.47,119769.36072406404,375.44072406405303,299.4234018101601,76.01732225389293,4790.774428962562,0.015867439258740974,CASH_SCARCITY,25
2008-04-14,HES,Q0_SKIP,0,101.19,119769.36072406404,375.44072406405303,299.4234018101601,76.01732225389293,4790.774428962562,0.015867439258740974,CASH_SCARCITY,25
2008-04-14,SID,PLAN,1,39.85,119769.36072406404,375.44072406405303,299.4234018101601,76.01732225389293,4790.774428962562,0.015867439258740974,,25
2008-04-22,LNN,Q0_SKIP,0,128.89,126236.19596406407,335.14046406405305,315.59048991016016,19.54997415389289,5049.4478385625625,0.0038717053386689154,CASH_SCARCITY,25
2008-04-22,NEU,Q0_SKIP,0,88.51999999999998,126236.19596406407,335.14046406405305,315.59048991016016,19.54997415389289,5049.4478385625625,0.0038717053386689154,CASH_SCARCITY,25
2008-04-22,BPZRQ,Q0_SKIP,0,20.62,126236.19596406407,335.14046406405305,315.59048991016016,19.54997415389289,5049.4478385625625,0.0038717053386689154,CASH_SCARCITY,25
2008-04-22,HP,Q0_SKIP,0,56.7,126236.19596406407,335.14046406405305,315.59048991016016,19.54997415389289,5049.4478385625625,0.0038717053386689154,CASH_SCARCITY,25
2008-04-22,EOG,Q0_SKIP,0,137.25,126236.19596406407,335.14046406405305,315.59048991016016,19.54997415389289,5049.4478385625625,0.0038717053386689154,CASH_SCARCITY,25
2008-04-22,WMT,Q0_SKIP,0,56.55,126236.19596406407,335.14046406405305,315.59048991016016,19.54997415389289,5049.4478385625625,0.0038717053386689154,CASH_SCARCITY,25
2008-04-22,TT2,Q0_SKIP,0,46.4,126236.19596406407,335.14046406405305,315.59048991016016,19.54997415389289,5049.4478385625625,0.0038717053386689154,CASH_SCARCITY,25
2008-04-22,RRC,Q0_SKIP,0,72.0,126236.19596406407,335.14046406405305,315.59048991016016,19.54997415389289,5049.4478385625625,0.0038717053386689154,CASH_SCARCITY,25
2008-04-22,OI,Q0_SKIP,0,58.51,126236.19596406407,335.14046406405305,315.59048991016016,19.54997415389289,5049.4478385625625,0.0038717053386689154,CASH_SCARCITY,25
2008-04-22,CQB,Q0_SKIP,0,23.28,126236.19596406407,335.14046406405305,315.59048991016016,19.54997415389289,5049.4478385625625,0.0038717053386689154,CASH_SCARCITY,25
2008-04-22,SIAL,Q0_SKIP,0,60.92,126236.19596406407,335.14046406405305,315.59048991016016,19.54997415389289,5049.4478385625625,0.0038717053386689154,CASH_SCARCITY,25
2008-04-22,CVA,Q0_SKIP,0,29.3,126236.19596406407,335.14046406405305,315.59048991016016,19.54997415389289,5049.4478385625625,0.0038717053386689154,CASH_SCARCITY,25
2008-04-22,UAPH,Q0_SKIP,0,39.15,126236.19596406407,335.14046406405305,315.59048991016016,19.54997415389289,5049.4478385625625,0.0038717053386689154,CASH_SCARCITY,25
2008-04-22,CSX,Q0_SKIP,0,60.66,126236.19596406407,335.14046406405305,315.59048991016016,19.54997415389289,5049.4478385625625,0.0038717053386689154,CASH_SCARCITY,25
2008-04-22,STLD,Q0_SKIP,0,37.12,126236.19596406407,335.14046406405305,315.59048991016016,19.54997415389289,5049.4478385625625,0.0038717053386689154,CASH_SCARCITY,25
2008-04-22,KCG1,PLAN,1,18.13,126236.19596406407,335.14046406405305,315.59048991016016,19.54997415389289,5049.4478385625625,0.0038717053386689154,,25
2008-05-30,MMR,PLAN,160,31.92,128135.07397406404,10679.523974064054,320.3376849351601,10359.186289128893,5125.402958962562,1.0,,25
2008-06-02,JRCCQ,PLAN,126,40.77,129090.00557406407,5475.925574064054,322.7250139351602,5153.200560128894,5163.600222962563,0.9979859666928858,,25
2008-06-27,UNTCQ,PLAN,64,81.08,130240.05168406405,8051.071684064054,325.6001292101601,7725.471554853894,5209.602067362562,1.0,,25
2008-07-03,PCXCQ,PLAN,39,63.365,118982.47247406405,2821.622474064056,297.4561811851601,2524.166292878896,4759.298898962562,0.530365153873634,,25
2008-07-15,ANRZQ,PLAN,51,94.92,121935.55328906406,18159.413289064058,304.8388832226602,17854.5744058414,4877.422131562563,1.0,,25
2008-08-04,SPSX,PLAN,98,44.98,110363.28214906405,29837.96214906406,275.9082053726601,29562.0539436914,4414.531285962562,1.0,,25
2008-08-05,DRS1,PLAN,55,79.11,109425.46816906407,38945.95816906406,273.5636704226602,38672.3944986414,4377.018726762563,1.0,,25
2008-08-06,EW,PLAN,69,63.52,110057.47931906403,34595.059319064065,275.1436982976601,34319.915620766405,4402.299172762561,1.0,,25
2008-08-07,IPHS,PLAN,118,36.83,108869.76568706406,30711.240687064063,272.17441421766017,30439.0662728464,4354.790627482563,1.0,,25
2008-08-21,FSYS,PLAN,79,56.08,112246.16510706408,34317.165107064066,280.6154127676602,34036.5496942964,4489.846604282563,1.0,,25
2008-08-22,BUD1,PLAN,65,67.79,111799.91734706405,29774.867347064064,279.4997933676601,29495.367553696404,4471.996693882562,1.0,,25
2008-08-25,MYGN,PLAN,67,65.11,110739.38814706406,25371.268147064064,276.8484703676602,25094.419676696405,4429.575525882563,1.0,,25
2008-08-26,SQNM,PLAN,196,22.61,111391.10381706405,21012.583817064064,278.4777595426601,20734.106057521403,4455.644152682562,1.0,,25
2008-09-04,IKN,PLAN,239,17.16,102718.40843706406,22991.32843706407,256.79602109266017,22734.532415971407,4108.736337482563,1.0,,25
2008-09-05,THOR1,PLAN,159,26.22,104507.29626706407,32558.446267064068,261.26824066766017,32297.178026396406,4180.291850682563,1.0,,25
2008-09-08,UTHR,PLAN,36,109.45,101236.05234706405,28280.252347064066,253.09013086766012,28027.162216196408,4049.442093882562,1.0,,25
2008-09-09,OCR,PLAN,122,31.8,97805.88110706405,27975.22110706407,244.51470276766014,27730.70640429641,3912.2352442825622,1.0,,25
2008-09-11,VAR,PLAN,62,63.96,99703.08389706406,46342.65389706407,249.25770974266015,46093.39618732141,3988.1233558825625,1.0,,25
2008-09-22,GAS1,PLAN,81,47.92,97919.04320706405,45799.513207064076,244.79760801766014,45554.715599046416,3916.761728282562,1.0,,25
2008-10-03,LDG,PLAN,51,73.79999999999998,95701.88471706407,44945.90471706407,239.25471179266017,44706.65000527141,3828.075388682563,1.0,,25
2008-10-06,VRX1,PLAN,200,18.67,93690.87140706406,41228.88140706407,234.22717851766015,40994.65422854641,3747.6348562825624,1.0,,25
2008-10-07,UB,PLAN,50,73.5,92308.8214070641,37445.101407064074,230.77205351766025,37214.32935354641,3692.352856282564,1.0,,25
2008-10-08,IMCL,PLAN,54,66.85,91882.72390706406,33753.913907064074,229.70680976766016,33524.207097296414,3675.3089562825626,1.0,,25
2008-10-10,PB,PLAN,105,33.74,88660.94200706409,33774.712007064074,221.65235501766023,33553.05965204642,3546.4376802825636,1.0,,25
2008-10-13,BWLD,PLAN,96,38.16,92297.02932706407,32786.33932706407,230.74257331766017,32555.596753746413,3691.881173082563,1.0,,25
2008-10-14,FDRY,PLAN,215,17.1,92086.05508706409,28948.265087064075,230.2151377176602,28718.049949346416,3683.4422034825634,1.0,,25
2008-10-16,PHLY,PLAN,63,57.0,90956.4266370641,25326.196637064077,227.39106659266025,25098.805570471417,3638.257065482564,1.0,,25
2008-10-17,ATML,PLAN,936,3.91,91601.54272706408,21758.722727064076,229.0038568176602,21529.718870246415,3664.061709082563,1.0,,25
2008-10-20,APOL,PLAN,60,61.41,92720.58976706408,18142.149767064075,231.80147441766022,17910.348292646413,3708.8235906825635,1.0,,25
2008-11-17,BRL,PLAN,55,64.81,89204.02713706408,45040.35713706408,223.01006784266022,44817.34706922142,3568.1610854825635,1.0,,25
2008-12-12,AMGN,PLAN,60,58.13,87893.94586706407,56316.765867064074,219.7348646676602,56097.03100239641,3515.757834682563,1.0,,25
2008-12-15,THOR1,PLAN,123,28.33,87629.28906706408,52846.49906706408,219.0732226676602,52627.42584439641,3505.171562682563,1.0,,25
2008-12-16,ALO1,PLAN,98,36.0,89073.9750670641,49399.05506706408,222.68493766766025,49176.37012939642,3562.959002682564,1.0,,25
2008-12-17,CBST,PLAN,146,24.42,89486.81176706406,45882.24176706408,223.71702941766017,45658.52473764642,3579.4724706825627,1.0,,25
2008-12-18,CRI,PLAN,181,19.74,89674.82280706408,42463.13280706408,224.1870570176602,42238.94575004642,3586.9929122825633,1.0,,25
2009-01-20,LCC,PLAN,465,7.63,88815.92763706409,57758.447637064084,222.03981909266022,57536.40781797143,3552.6371054825636,1.0,,25
2009-01-21,JBLU,PLAN,562,6.34,89292.32273706408,54099.89273706408,223.2308068426602,53876.661930221424,3571.692909482563,1.0,,25
2009-01-22,IDCC,PLAN,115,30.98,89496.36717706406,50510.747177064084,223.74091794266016,50287.00625912142,3579.8546870825626,1.0,,25
2009-01-23,SMG,PLAN,106,33.33,89238.0884770641,47013.55347706409,223.09522119266026,46790.458255871425,3569.523539082564,1.0,,25
2009-01-26,MNST,PLAN,105,33.86,89410.05823706408,43454.75823706409,223.5251455926602,43231.233091471426,3576.4023294825633,1.0,,25
2009-01-27,RGLD,PLAN,75,46.75,88819.6806035741,39857.02060357409,222.04920150893525,39634.97140206516,3552.787224142964,1.0,,25
2009-01-28,FRFHF,PLAN,10,326.93,89848.60560357409,36328.49560357409,224.62151400893524,36103.87408956516,3593.944224142964,1.0,,25
2009-01-29,ORLY,PLAN,116,30.55,89131.62060357409,33100.27060357409,222.82905150893524,32877.44155206516,3565.264824142964,1.0,,25
2009-01-30,DLTR,PLAN,81,42.71,87460.22186357409,29527.96186357409,218.65055465893522,29309.311308915156,3498.4088745429635,1.0,,25
2009-02-02,AVAV,PLAN,94,37.18,87729.16063673612,26052.100636736093,219.32290159184032,25832.777735144253,3509.166425469445,1.0,,25
2009-02-03,ATHN1,PLAN,94,37.58,88874.37615673609,22484.056156736093,222.18594039184023,22261.870216344254,3554.9750462694437,1.0,,25
2009-02-04,GMCR,PLAN,86,40.72,88162.8587567361,19006.418756736093,220.40714689184026,18786.011609844252,3526.514350269444,1.0,,25
2009-02-05,FNF,PLAN,195,18.05,88157.08445397211,18028.304453972094,220.3927111349303,17807.911742837165,3526.2833781588847,1.0,,25
2009-02-06,AGP,PLAN,119,29.91,89243.6676539721,14467.947653972094,223.10916913493023,14244.838484837164,3569.7467061588836,1.0,,25
2009-02-12,ESINQ,PLAN,28,123.06,87186.4795539721,10906.289553972096,217.96619888493024,10688.323355087166,3487.459182158884,1.0,,25
2009-02-13,ALK,PLAN,122,28.61,87470.17155397209,7444.831553972096,218.67542888493023,7226.1561250871655,3498.8068621588836,1.0,,25
2009-02-19,MBOT,PLAN,1559,2.14,83528.5762579721,6498.656257972098,208.82144064493028,6289.834817327167,3341.1430503188844,1.0,,25
2009-03-09,NFLX,PLAN,77,38.5,74330.7969019721,21650.5469019721,185.82699225493027,21464.71990971717,2973.2318760788844,1.0,,25
2009-03-20,CVTX,PLAN,156,19.89,77977.8028619721,20542.1328619721,194.94450715493025,20347.188354817168,3119.112114478884,1.0,,25
2009-03-23,AU,PLAN,84,37.53,79749.7931419721,17439.3131419721,199.37448285493025,17239.938659117168,3189.991725678884,1.0,,25
2009-03-31,PRDO,PLAN,135,23.96,81098.6515819721,14404.721581972099,202.74662895493023,14201.974953017168,3243.9460632788837,1.0,,25
2009-04-01,AZO,PLAN,19,166.82,80426.6752319721,11295.265231972098,201.06668807993026,11094.198543892167,3217.067009278884,1.0,,25
2009-04-02,BKNG,PLAN,37,86.09999999999998,80526.01427197212,8147.154271972098,201.3150356799303,7945.839236292168,3221.040570878885,1.0,,25
2009-04-03,IAG,PLAN,399,7.98,79876.4506073371,4959.940607337097,199.69112651834277,4760.249480818755,3195.0580242934843,1.0,,25
2009-04-06,ADM,PLAN,57,28.71,79506.36239733708,1848.6223973370975,198.76590599334273,1649.8564913437547,3180.2544958934836,0.5187812778738741,,25
2009-04-07,VTRS,PLAN,9,14.02,77778.3156273371,330.3356273370978,194.44578906834275,135.88983826875503,3111.132625093484,0.04367857453993038,,25
2009-04-09,SGP1,Q0_SKIP,0,23.32,80279.66989733711,204.47989733709778,200.69917474334278,3.7807225937550015,3211.1867958934845,0.001177359908987496,CASH_SCARCITY,25
2009-04-09,ALGT,Q0_SKIP,0,48.99,80279.66989733711,204.47989733709778,200.69917474334278,3.7807225937550015,3211.1867958934845,0.001177359908987496,CASH_SCARCITY,25
2009-04-09,SNDA1,Q0_SKIP,0,46.41,80279.66989733711,204.47989733709778,200.69917474334278,3.7807225937550015,3211.1867958934845,0.001177359908987496,CASH_SCARCITY,25
2009-04-09,GVA,Q0_SKIP,0,41.03,80279.66989733711,204.47989733709778,200.69917474334278,3.7807225937550015,3211.1867958934845,0.001177359908987496,CASH_SCARCITY,25
2009-04-09,BR,Q0_SKIP,0,19.82,80279.66989733711,204.47989733709778,200.69917474334278,3.7807225937550015,3211.1867958934845,0.001177359908987496,CASH_SCARCITY,25
2009-04-09,AAP,Q0_SKIP,0,42.29,80279.66989733711,204.47989733709778,200.69917474334278,3.7807225937550015,3211.1867958934845,0.001177359908987496,CASH_SCARCITY,25
2009-04-09,CY,Q0_SKIP,0,7.34,80279.66989733711,204.47989733709778,200.69917474334278,3.7807225937550015,3211.1867958934845,0.001177359908987496,CASH_SCARCITY,25
2009-04-09,SQM,Q0_SKIP,0,30.57,80279.66989733711,204.47989733709778,200.69917474334278,3.7807225937550015,3211.1867958934845,0.001177359908987496,CASH_SCARCITY,25
2009-04-09,IQNT,Q0_SKIP,0,24.54,80279.66989733711,204.47989733709778,200.69917474334278,3.7807225937550015,3211.1867958934845,0.001177359908987496,CASH_SCARCITY,25
2009-04-09,FDO,Q0_SKIP,0,34.33,80279.66989733711,204.47989733709778,200.69917474334278,3.7807225937550015,3211.1867958934845,0.001177359908987496,CASH_SCARCITY,25
2009-04-09,MV,Q0_SKIP,0,25.82,80279.66989733711,204.47989733709778,200.69917474334278,3.7807225937550015,3211.1867958934845,0.001177359908987496,CASH_SCARCITY,25
2009-04-09,SBAC,Q0_SKIP,0,27.0,80279.66989733711,204.47989733709778,200.69917474334278,3.7807225937550015,3211.1867958934845,0.001177359908987496,CASH_SCARCITY,25
2009-04-09,PENN,Q0_SKIP,0,28.07,80279.66989733711,204.47989733709778,200.69917474334278,3.7807225937550015,3211.1867958934845,0.001177359908987496,CASH_SCARCITY,25
2009-04-09,WYE,Q0_SKIP,0,42.42,80279.66989733711,204.47989733709778,200.69917474334278,3.7807225937550015,3211.1867958934845,0.001177359908987496,CASH_SCARCITY,25
2009-04-09,WBD,Q0_SKIP,0,17.95,80279.66989733711,204.47989733709778,200.69917474334278,3.7807225937550015,3211.1867958934845,0.001177359908987496,CASH_SCARCITY,25
2009-04-09,URS,Q0_SKIP,0,42.14,80279.66989733711,204.47989733709778,200.69917474334278,3.7807225937550015,3211.1867958934845,0.001177359908987496,CASH_SCARCITY,25
2009-04-09,SHAW,Q0_SKIP,0,27.82,80279.66989733711,204.47989733709778,200.69917474334278,3.7807225937550015,3211.1867958934845,0.001177359908987496,CASH_SCARCITY,25
2009-04-09,PAA,Q0_SKIP,0,39.35,80279.66989733711,204.47989733709778,200.69917474334278,3.7807225937550015,3211.1867958934845,0.001177359908987496,CASH_SCARCITY,25
2009-04-09,ACM,Q0_SKIP,0,28.33,80279.66989733711,204.47989733709778,200.69917474334278,3.7807225937550015,3211.1867958934845,0.001177359908987496,CASH_SCARCITY,25
2009-04-09,WKC,Q0_SKIP,0,34.01,80279.66989733711,204.47989733709778,200.69917474334278,3.7807225937550015,3211.1867958934845,0.001177359908987496,CASH_SCARCITY,25
2009-04-09,BALL,Q0_SKIP,0,43.23,80279.66989733711,204.47989733709778,200.69917474334278,3.7807225937550015,3211.1867958934845,0.001177359908987496,CASH_SCARCITY,25
2009-04-09,BRCM,Q0_SKIP,0,23.17,80279.66989733711,204.47989733709778,200.69917474334278,3.7807225937550015,3211.1867958934845,0.001177359908987496,CASH_SCARCITY,25
2009-04-09,AKAM,Q0_SKIP,0,20.2,80279.66989733711,204.47989733709778,200.69917474334278,3.7807225937550015,3211.1867958934845,0.001177359908987496,CASH_SCARCITY,25
2009-04-09,PNRA,Q0_SKIP,0,57.6,80279.66989733711,204.47989733709778,200.69917474334278,3.7807225937550015,3211.1867958934845,0.001177359908987496,CASH_SCARCITY,25
2009-04-09,TIVO,Q0_SKIP,0,18.91,80279.66989733711,204.47989733709778,200.69917474334278,3.7807225937550015,3211.1867958934845,0.001177359908987496,CASH_SCARCITY,25
2009-04-09,TW2,Q0_SKIP,0,51.88,80279.66989733711,204.47989733709778,200.69917474334278,3.7807225937550015,3211.1867958934845,0.001177359908987496,CASH_SCARCITY,25
2009-04-09,NVDA,Q0_SKIP,0,12.04,80279.66989733711,204.47989733709778,200.69917474334278,3.7807225937550015,3211.1867958934845,0.001177359908987496,CASH_SCARCITY,25
2009-04-09,HTS,Q0_SKIP,0,25.43,80279.66989733711,204.47989733709778,200.69917474334278,3.7807225937550015,3211.1867958934845,0.001177359908987496,CASH_SCARCITY,25
2009-04-09,ERIC,Q0_SKIP,0,9.16,80279.66989733711,204.47989733709778,200.69917474334278,3.7807225937550015,3211.1867958934845,0.001177359908987496,CASH_SCARCITY,25
2009-04-09,PALM,Q0_SKIP,0,9.45,80279.66989733711,204.47989733709778,200.69917474334278,3.7807225937550015,3211.1867958934845,0.001177359908987496,CASH_SCARCITY,25
2009-04-09,EQT,Q0_SKIP,0,33.72,80279.66989733711,204.47989733709778,200.69917474334278,3.7807225937550015,3211.1867958934845,0.001177359908987496,CASH_SCARCITY,25
2009-04-09,BMC,Q0_SKIP,0,33.63,80279.66989733711,204.47989733709778,200.69917474334278,3.7807225937550015,3211.1867958934845,0.001177359908987496,CASH_SCARCITY,25
2009-04-09,Q1,Q0_SKIP,0,3.83,80279.66989733711,204.47989733709778,200.69917474334278,3.7807225937550015,3211.1867958934845,0.001177359908987496,CASH_SCARCITY,25
2009-04-09,CTSH,Q0_SKIP,0,23.62,80279.66989733711,204.47989733709778,200.69917474334278,3.7807225937550015,3211.1867958934845,0.001177359908987496,CASH_SCARCITY,25
2009-04-09,AGN,Q0_SKIP,0,29.33,80279.66989733711,204.47989733709778,200.69917474334278,3.7807225937550015,3211.1867958934845,0.001177359908987496,CASH_SCARCITY,25
2009-04-09,HK1,Q0_SKIP,0,21.41,80279.66989733711,204.47989733709778,200.69917474334278,3.7807225937550015,3211.1867958934845,0.001177359908987496,CASH_SCARCITY,25
2009-04-09,CHKP,Q0_SKIP,0,24.25,80279.66989733711,204.47989733709778,200.69917474334278,3.7807225937550015,3211.1867958934845,0.001177359908987496,CASH_SCARCITY,25
2009-04-09,CTXS,Q0_SKIP,0,25.64,80279.66989733711,204.47989733709778,200.69917474334278,3.7807225937550015,3211.1867958934845,0.001177359908987496,CASH_SCARCITY,25
2009-04-09,TRA,Q0_SKIP,0,27.4,80279.66989733711,204.47989733709778,200.69917474334278,3.7807225937550015,3211.1867958934845,0.001177359908987496,CASH_SCARCITY,25
2009-04-09,RRC,Q0_SKIP,0,42.72,80279.66989733711,204.47989733709778,200.69917474334278,3.7807225937550015,3211.1867958934845,0.001177359908987496,CASH_SCARCITY,25
2009-04-09,EXP,Q0_SKIP,0,26.51,80279.66989733711,204.47989733709778,200.69917474334278,3.7807225937550015,3211.1867958934845,0.001177359908987496,CASH_SCARCITY,25
2009-04-09,CMS,Q0_SKIP,0,12.22,80279.66989733711,204.47989733709778,200.69917474334278,3.7807225937550015,3211.1867958934845,0.001177359908987496,CASH_SCARCITY,25
2009-04-09,ANDV,Q0_SKIP,0,15.54,80279.66989733711,204.47989733709778,200.69917474334278,3.7807225937550015,3211.1867958934845,0.001177359908987496,CASH_SCARCITY,25
2009-04-09,MRVL,Q0_SKIP,0,10.47,80279.66989733711,204.47989733709778,200.69917474334278,3.7807225937550015,3211.1867958934845,0.001177359908987496,CASH_SCARCITY,25
2009-04-09,RNR,Q0_SKIP,0,50.81,80279.66989733711,204.47989733709778,200.69917474334278,3.7807225937550015,3211.1867958934845,0.001177359908987496,CASH_SCARCITY,25
2009-04-09,FTO,Q0_SKIP,0,15.11,80279.66989733711,204.47989733709778,200.69917474334278,3.7807225937550015,3211.1867958934845,0.001177359908987496,CASH_SCARCITY,25
2009-04-09,CF,Q0_SKIP,0,73.03,80279.66989733711,204.47989733709778,200.69917474334278,3.7807225937550015,3211.1867958934845,0.001177359908987496,CASH_SCARCITY,25
2009-04-09,MS,Q0_SKIP,0,25.35,80279.66989733711,204.47989733709778,200.69917474334278,3.7807225937550015,3211.1867958934845,0.001177359908987496,CASH_SCARCITY,25
2009-04-09,BG,Q0_SKIP,0,57.12,80279.66989733711,204.47989733709778,200.69917474334278,3.7807225937550015,3211.1867958934845,0.001177359908987496,CASH_SCARCITY,25
2009-04-09,PRE1,Q0_SKIP,0,68.05,80279.66989733711,204.47989733709778,200.69917474334278,3.7807225937550015,3211.1867958934845,0.001177359908987496,CASH_SCARCITY,25
2009-04-09,IDCC,Q0_SKIP,0,27.56,80279.66989733711,204.47989733709778,200.69917474334278,3.7807225937550015,3211.1867958934845,0.001177359908987496,CASH_SCARCITY,25
2009-04-09,CERN,Q0_SKIP,0,45.63,80279.66989733711,204.47989733709778,200.69917474334278,3.7807225937550015,3211.1867958934845,0.001177359908987496,CASH_SCARCITY,25
2009-04-09,DNRCQ,Q0_SKIP,0,17.13,80279.66989733711,204.47989733709778,200.69917474334278,3.7807225937550015,3211.1867958934845,0.001177359908987496,CASH_SCARCITY,25
2009-04-09,SWKS,Q0_SKIP,0,9.22,80279.66989733711,204.47989733709778,200.69917474334278,3.7807225937550015,3211.1867958934845,0.001177359908987496,CASH_SCARCITY,25
2009-04-09,TLAB,Q0_SKIP,0,4.72,80279.66989733711,204.47989733709778,200.69917474334278,3.7807225937550015,3211.1867958934845,0.001177359908987496,CASH_SCARCITY,25
2009-04-09,SCCO,Q0_SKIP,0,19.82,80279.66989733711,204.47989733709778,200.69917474334278,3.7807225937550015,3211.1867958934845,0.001177359908987496,CASH_SCARCITY,25
2009-04-09,AMZN,Q0_SKIP,0,79.76999999999998,80279.66989733711,204.47989733709778,200.69917474334278,3.7807225937550015,3211.1867958934845,0.001177359908987496,CASH_SCARCITY,25
2009-04-09,NXGN,Q0_SKIP,0,49.39,80279.66989733711,204.47989733709778,200.69917474334278,3.7807225937550015,3211.1867958934845,0.001177359908987496,CASH_SCARCITY,25
2009-04-09,DRI,Q0_SKIP,0,37.04,80279.66989733711,204.47989733709778,200.69917474334278,3.7807225937550015,3211.1867958934845,0.001177359908987496,CASH_SCARCITY,25
2009-04-09,NBL,Q0_SKIP,0,61.3,80279.66989733711,204.47989733709778,200.69917474334278,3.7807225937550015,3211.1867958934845,0.001177359908987496,CASH_SCARCITY,25
2009-04-09,AN,Q0_SKIP,0,16.0,80279.66989733711,204.47989733709778,200.69917474334278,3.7807225937550015,3211.1867958934845,0.001177359908987496,CASH_SCARCITY,25
2009-04-09,EGO,Q0_SKIP,0,7.54,80279.66989733711,204.47989733709778,200.69917474334278,3.7807225937550015,3211.1867958934845,0.001177359908987496,CASH_SCARCITY,25
2009-04-09,ILMN,Q0_SKIP,0,35.0,80279.66989733711,204.47989733709778,200.69917474334278,3.7807225937550015,3211.1867958934845,0.001177359908987496,CASH_SCARCITY,25
2009-04-09,VMW,Q0_SKIP,0,30.01,80279.66989733711,204.47989733709778,200.69917474334278,3.7807225937550015,3211.1867958934845,0.001177359908987496,CASH_SCARCITY,25
2009-04-09,NTAP,Q0_SKIP,0,16.96,80279.66989733711,204.47989733709778,200.69917474334278,3.7807225937550015,3211.1867958934845,0.001177359908987496,CASH_SCARCITY,25
2009-04-09,NUE,Q0_SKIP,0,42.76,80279.66989733711,204.47989733709778,200.69917474334278,3.7807225937550015,3211.1867958934845,0.001177359908987496,CASH_SCARCITY,25
2009-04-09,KMX,Q0_SKIP,0,12.23,80279.66989733711,204.47989733709778,200.69917474334278,3.7807225937550015,3211.1867958934845,0.001177359908987496,CASH_SCARCITY,25
2009-04-09,DINO,Q0_SKIP,0,22.37,80279.66989733711,204.47989733709778,200.69917474334278,3.7807225937550015,3211.1867958934845,0.001177359908987496,CASH_SCARCITY,25
2009-04-09,PWR,Q0_SKIP,0,21.99,80279.66989733711,204.47989733709778,200.69917474334278,3.7807225937550015,3211.1867958934845,0.001177359908987496,CASH_SCARCITY,25
2009-04-09,CHS,Q0_SKIP,0,6.92,80279.66989733711,204.47989733709778,200.69917474334278,3.7807225937550015,3211.1867958934845,0.001177359908987496,CASH_SCARCITY,25
2009-04-09,LEAP2,Q0_SKIP,0,34.02,80279.66989733711,204.47989733709778,200.69917474334278,3.7807225937550015,3211.1867958934845,0.001177359908987496,CASH_SCARCITY,25
2009-04-09,ACHHY,Q0_SKIP,0,18.72,80279.66989733711,204.47989733709778,200.69917474334278,3.7807225937550015,3211.1867958934845,0.001177359908987496,CASH_SCARCITY,25
2009-04-09,SWN,Q0_SKIP,0,31.21,80279.66989733711,204.47989733709778,200.69917474334278,3.7807225937550015,3211.1867958934845,0.001177359908987496,CASH_SCARCITY,25
2009-04-09,FHN,Q0_SKIP,0,12.43,80279.66989733711,204.47989733709778,200.69917474334278,3.7807225937550015,3211.1867958934845,0.001177359908987496,CASH_SCARCITY,25
2009-04-09,SID,Q0_SKIP,0,17.47,80279.66989733711,204.47989733709778,200.69917474334278,3.7807225937550015,3211.1867958934845,0.001177359908987496,CASH_SCARCITY,25
2009-04-13,SGP1,PLAN,138,23.37,80874.5898173371,3900.8598173370974,202.18647454334274,3698.6733427937547,3234.983592693484,1.0,,25
2009-05-12,TIVO,PLAN,155,21.09,81888.2733873371,11212.973387337099,204.72068346834277,11008.252703868757,3275.5309354934843,1.0,,25
2009-06-02,SNDA1,PLAN,56,60.4,85380.48008733708,7997.670087337099,213.4512002183427,7784.218887118756,3415.2192034934833,1.0,,25
2009-06-09,PALM,PLAN,266,12.7,84723.39224733709,7717.0022473371,211.80848061834274,7505.193766718758,3388.935689893484,1.0,,25
2009-06-10,STRZA,PLAN,226,14.8,83720.2668073371,4298.1468073371,209.30066701834275,4088.846140318757,3348.810672293484,1.0,,25
2009-07-09,STEC1,PLAN,135,23.67,80158.35940636709,4077.6294063671,200.39589851591774,3877.233507851182,3206.334376254684,1.0,,25
2009-07-20,BIDU,PLAN,1,336.24,88525.32800636711,883.0380063670996,221.31332001591778,661.7246863511818,3541.0131202546845,0.18687439551299595,,25
2009-08-19,ASH,PLAN,107,32.87,88300.2782963671,12203.210296367099,220.75069574091776,11982.459600626182,3532.011131854684,1.0,,25
2009-08-31,DTGF,PLAN,184,19.84,91711.80906636707,8686.9290663671,229.27952266591768,8457.649543701182,3668.472362654683,1.0,,25
2009-09-04,PWRD1,PLAN,106,34.904,92982.1034663671,5067.7134663671,232.45525866591777,4835.258207701183,3719.2841386546843,1.0,,25
2009-09-11,FUQI,PLAN,33,30.35,96111.2050763671,1267.527076367101,240.27801269091776,1027.2490636761831,3844.448203054684,0.2672032524355411,,25
2009-10-21,VECO,PLAN,155,25.41,98740.00166636711,7149.661666367102,246.8500041659178,6902.811662201184,3949.6000666546847,1.0,,25
2009-10-22,SAN,PLAN,168,17.52,99884.68956636709,3205.621566367102,249.71172391591773,2955.909842451184,3995.3875826546837,0.7398305624424972,,25
2009-11-27,MATV,PLAN,64,61.15,98002.91548636707,13642.640486367101,245.00728871591767,13397.633197651183,3920.1166194546827,1.0,,25
2009-11-30,TUPBQ,PLAN,84,46.55,98388.4850063671,9754.293006367101,245.97121251591776,9508.321793851183,3935.539400254684,1.0,,25
2009-12-02,MCK,PLAN,64,61.98,100477.16456636711,5809.912566367101,251.19291141591776,5558.719654951184,4019.086582654684,1.0,,25
2009-12-03,PRGO,PLAN,40,39.4,99002.4125663671,1858.9445663671017,247.50603141591776,1611.438534951184,3960.096502654684,0.4069190066128294,,25
2009-12-17,UFS,Q0_SKIP,0,54.81,98054.96696636711,271.75896636710195,245.13741741591778,26.621548951184167,3922.1986786546845,0.006787404497396692,CASH_SCARCITY,25
2009-12-17,SKX,Q0_SKIP,0,28.94,98054.96696636711,271.75896636710195,245.13741741591778,26.621548951184167,3922.1986786546845,0.006787404497396692,CASH_SCARCITY,25
2009-12-17,VMED,PLAN,1,16.81,98054.96696636711,271.75896636710195,245.13741741591778,26.621548951184167,3922.1986786546845,0.006787404497396692,,25
2010-02-25,EL,PLAN,69,60.57,105281.88817636711,8810.8281763671,263.20472044091775,8547.623455926183,4211.275527054684,1.0,,25
2010-03-16,LNCR,PLAN,105,42.75,112734.85539436711,7949.385394367101,281.8371384859178,7667.548255881184,4509.394215774685,1.0,,25
2010-03-31,WOLF2,PLAN,45,70.22,116221.26475457707,3475.0447545771012,290.5531618864427,3184.4915926906588,4648.850590183083,0.6850062248537967,,25
2010-05-18,IPXL,PLAN,119,20.24,115079.85191457711,2701.9499145771015,287.6996297864428,2414.2502847906585,4603.194076583085,0.5244728431226036,,25
2010-06-21,APKT,PLAN,158,29.23,115770.9322145771,25030.632214577097,289.42733053644275,24741.204884040653,4630.837288583084,1.0,,25
2010-06-24,TSN,PLAN,252,17.87,113000.12885457712,20377.623854577098,282.50032213644283,20095.123532440655,4520.005154183085,1.0,,25
2010-06-25,VCI,PLAN,131,34.69,113790.97361457709,15869.880614577098,284.47743403644273,15585.403180540656,4551.638944583084,1.0,,25
2010-07-08,IDC,PLAN,132,33.7,111496.39363457708,19238.4786345771,278.7409840864427,18959.737650490657,4459.855745383084,1.0,,25
2010-07-28,CRUS,PLAN,233,19.17,111846.31683457711,14823.7368345771,279.6157920864428,14544.121042490657,4473.852673383085,1.0,,25
2010-08-12,AZO,PLAN,21,206.5,112515.17671457712,18905.0267145771,281.2879417864428,18623.738772790657,4500.607068583085,1.0,,25
2010-09-10,VRX1,PLAN,71,64.98,115896.0172895771,24790.4272895771,289.74004322394273,24500.687246353158,4635.840691583084,1.0,,25
2010-09-13,PWER1,PLAN,406,11.52,117108.5661095771,20129.5911095771,292.77141527394275,19836.819694303158,4684.342644383084,1.0,,25
2010-09-15,ISLN,PLAN,193,23.92,116119.9139895771,15447.793989577101,290.29978497394274,15157.49420460316,4644.796559583084,1.0,,25
2010-09-17,VMW,PLAN,54,84.81,115193.72558957708,10849.800589577102,287.98431397394273,10561.81627560316,4607.749023583084,1.0,,25
2010-10-11,BHC,PLAN,178,27.16,121405.45386957712,10709.203869577103,303.5136346739428,10405.690234903159,4856.218154783085,1.0,,25
2010-11-09,ENDPQ,PLAN,137,36.35,124927.4259495771,11178.650949577102,312.31856487394276,10866.332384703159,4997.097037983084,1.0,,25
2010-11-22,LYB,PLAN,174,29.68,129557.01921957711,6388.499219577104,323.8925480489428,6064.606671528161,5182.280768783085,1.0,,25
2010-12-08,SQM,PLAN,18,53.92,134505.65971957712,1344.8097195771045,336.2641492989428,1008.5455702781617,5380.226388783085,0.18745411389766395,,25
2011-01-14,ALXN,PLAN,69,82.37,142465.9262895771,15586.771289577104,356.16481572394275,15230.60647385316,5698.637051583084,1.0,,25
2011-01-18,ATML,PLAN,413,13.87,143557.9277495771,9877.527749577104,358.89481937394277,9518.63293020316,5742.317109983084,1.0,,25
2011-02-03,FOSL,PLAN,50,74.15,147344.7629195771,4126.952919577105,368.36190729894275,3758.591012278162,5893.790516783084,0.6377204961009804,,25
2011-03-30,SM,PLAN,83,74.19,154915.2032495771,12983.483249577106,387.2880081239428,12596.195241453162,6196.608129983085,1.0,,25
2011-04-11,JAZZ,PLAN,183,33.75,154723.3630495771,6802.108049577106,386.8084076239428,6415.299641953163,6188.934521983085,1.0,,25
2011-04-18,ST,PLAN,7,33.27,153428.2905895771,643.4955895771072,383.5707264739428,259.92486310316445,6137.131623583085,0.04235282523587309,,25
2011-06-02,DTGF,PLAN,77,83.43,161540.79963957708,7820.109639577107,403.8519990989427,7416.257640478165,6461.631985583083,1.0,,25
2011-08-26,DPZ,PLAN,205,26.98,138848.9167179651,76101.60671796511,347.12229179491277,75754.4844261702,5553.956668718604,1.0,,25
2011-09-07,QCOR,PLAN,185,30.76,142450.42471796513,70502.70971796512,356.1260617949128,70146.5836561702,5698.016988718605,1.0,,25
2011-09-08,RGLD,PLAN,69,82.34,142286.81241796515,64839.75241796512,355.71703104491286,64484.03538692021,5691.472496718606,1.0,,25
2011-09-09,GOLD1,PLAN,50,111.71,140554.9711379651,59167.80613796512,351.38742784491274,58816.418710120204,5622.198845518604,1.0,,25
2011-09-12,VRUS1,PLAN,72,77.09,140229.33913796511,53680.32413796512,350.5733478449128,53329.75079012021,5609.173565518605,1.0,,25
2011-09-13,MNST,PLAN,63,88.40999999999998,141271.51485796508,48095.464857965126,353.17878714491275,47742.28607082021,5650.860594318604,1.0,,25
2011-09-14,PSMT,PLAN,78,72.64,142051.98016196513,42521.20016196513,355.12995040491285,42166.07021156022,5682.079206478606,1.0,,25
2011-09-15,MCD,PLAN,64,88.06999999999998,142980.14492196514,36815.25992196513,357.45036230491286,36457.80955966022,5719.205796878606,1.0,,25
2011-09-16,DMND,PLAN,65,87.29999999999998,143517.60128196515,31160.971281965132,358.7940032049129,30802.17727876022,5740.704051278606,1.0,,25
2011-09-21,CEPH,PLAN,70,81.04999999999998,143308.09413196513,25558.224131965133,358.27023532991285,25199.95389663522,5732.323765278606,1.0,,25
2011-09-22,DPL,PLAN,185,30.08,139352.11993196516,19878.349931965135,348.38029982991293,19529.96963213522,5574.084797278607,1.0,,25
2011-09-23,CROX,PLAN,201,27.58,138911.61198196514,14309.836981965134,347.27902995491286,13962.557952010222,5556.464479278606,1.0,,25
2011-10-28,SUG,PLAN,133,42.33,140937.23221596514,33011.48721596513,352.3430805399129,32659.144135425217,5637.489288638606,1.0,,25
2011-10-31,GR,PLAN,45,122.63,140042.64131596513,27379.961315965127,350.1066032899128,27029.854712675213,5601.705652638605,1.0,,25
2011-11-01,MMI1,PLAN,143,38.87,139283.29881596516,21861.948815965126,348.2082470399129,21513.740568925212,5571.331952638607,1.0,,25
2011-11-02,BMRN,PLAN,173,32.28,140036.19039596512,16287.960395965127,350.0904759899128,15937.869919975214,5601.447615838605,1.0,,25
2011-11-03,VFC,PLAN,40,141.04,141339.60346596513,10675.423465965128,353.34900866491284,10322.074457300216,5653.5841386386055,1.0,,25
2011-11-17,NLC,PLAN,126,37.96,138899.36656596512,5156.961565965128,347.2484164149128,4809.713149550215,5555.974662638605,0.8656830604166253,,25
2011-11-25,GNCIQ,Q0_SKIP,0,27.35,140045.20596596514,354.76096596512815,350.11301491491287,4.647951050215283,5601.808238638606,0.0008297233415017548,CASH_SCARCITY,25
2011-11-25,TRH,Q0_SKIP,0,53.37,140045.20596596514,354.76096596512815,350.11301491491287,4.647951050215283,5601.808238638606,0.0008297233415017548,CASH_SCARCITY,25
2011-11-25,TIN,Q0_SKIP,0,31.82,140045.20596596514,354.76096596512815,350.11301491491287,4.647951050215283,5601.808238638606,0.0008297233415017548,CASH_SCARCITY,25
2011-11-25,NETL1,Q0_SKIP,0,49.31,140045.20596596514,354.76096596512815,350.11301491491287,4.647951050215283,5601.808238638606,0.0008297233415017548,CASH_SCARCITY,25
2011-11-25,GWW,Q0_SKIP,0,170.31,140045.20596596514,354.76096596512815,350.11301491491287,4.647951050215283,5601.808238638606,0.0008297233415017548,CASH_SCARCITY,25
2011-11-25,HS,Q0_SKIP,0,54.43,140045.20596596514,354.76096596512815,350.11301491491287,4.647951050215283,5601.808238638606,0.0008297233415017548,CASH_SCARCITY,25
2011-11-25,SBH,Q0_SKIP,0,19.22,140045.20596596514,354.76096596512815,350.11301491491287,4.647951050215283,5601.808238638606,0.0008297233415017548,CASH_SCARCITY,25
2011-11-25,TJX,Q0_SKIP,0,58.75,140045.20596596514,354.76096596512815,350.11301491491287,4.647951050215283,5601.808238638606,0.0008297233415017548,CASH_SCARCITY,25
2011-11-25,MA,Q0_SKIP,0,346.2,140045.20596596514,354.76096596512815,350.11301491491287,4.647951050215283,5601.808238638606,0.0008297233415017548,CASH_SCARCITY,25
2011-11-25,CRI,Q0_SKIP,0,37.04,140045.20596596514,354.76096596512815,350.11301491491287,4.647951050215283,5601.808238638606,0.0008297233415017548,CASH_SCARCITY,25
2011-11-25,CTRA,Q0_SKIP,0,76.69,140045.20596596514,354.76096596512815,350.11301491491287,4.647951050215283,5601.808238638606,0.0008297233415017548,CASH_SCARCITY,25
2011-11-25,FAST,Q0_SKIP,0,38.42,140045.20596596514,354.76096596512815,350.11301491491287,4.647951050215283,5601.808238638606,0.0008297233415017548,CASH_SCARCITY,25
2011-11-25,TDG,Q0_SKIP,0,91.17,140045.20596596514,354.76096596512815,350.11301491491287,4.647951050215283,5601.808238638606,0.0008297233415017548,CASH_SCARCITY,25
2011-12-15,TJX,PLAN,91,62.29,142875.27438381666,10937.149383816675,357.18818595954167,10579.961197857134,5715.010975352667,1.0,,25
2011-12-16,NSR1,PLAN,141,33.88,143800.15908381666,5171.089083816676,359.50039770954163,4811.588686107134,5752.006363352666,0.8365061479700117,,25
2012-01-11,INHX,PLAN,1,24.35,148220.28700381663,399.5820038166763,370.5507175095416,29.031286307134735,5928.811480152665,0.004896645205252366,,25
2012-01-31,DG,PLAN,141,42.61,151352.65761381667,10237.007613816677,378.3816440345417,9858.625969782135,6054.106304552667,1.0,,25
2012-03-01,PAA,PLAN,46,84.15999999999998,159246.1642238167,4338.124223816677,398.1154105595418,3940.008813257135,6369.846568952668,0.6185406148495273,,25
2012-04-10,PIRRQ,PLAN,353,17.75,157228.48257381664,23482.287573816673,393.07120643454164,23089.21636738213,6289.139302952666,1.0,,25
2012-04-11,VAL1,PLAN,129,49.03,158470.28166381668,17132.534163816672,396.17570415954174,16736.35845965713,6338.811266552668,1.0,,25
2012-04-12,EC,PLAN,101,62.49,158974.45268381666,10789.717683816672,397.43613170954166,10392.281552107132,6358.9781073526665,1.0,,25
2012-05-07,HD,PLAN,126,51.39,163135.76389381665,10359.888893816675,407.8394097345416,9952.049484082134,6525.430555752666,1.0,,25
2012-05-08,EQIX,PLAN,22,157.46,161333.8751738167,3899.715173816675,403.33468793454176,3496.380485882133,6453.355006952668,0.5417926771602102,,25
2012-05-09,REGN,Q0_SKIP,0,129.4,160127.74597381664,483.01097381667523,400.3193649345416,82.69160888213361,6405.109838952666,0.012910256180033747,CASH_SCARCITY,25
2012-05-09,CPWM,PLAN,3,21.93,160127.74597381664,483.01097381667523,400.3193649345416,82.69160888213361,6405.109838952666,0.012910256180033747,,25
2012-05-25,ABVT,Q0_SKIP,0,83.29,159947.25518381668,417.1551838166753,399.86813795954174,17.287045857133535,6397.890207352668,0.00270199164050466,CASH_SCARCITY,25
2012-05-25,DDD,Q0_SKIP,0,30.63,159947.25518381668,417.1551838166753,399.86813795954174,17.287045857133535,6397.890207352668,0.00270199164050466,CASH_SCARCITY,25
2012-05-25,PSS,Q0_SKIP,0,21.35,159947.25518381668,417.1551838166753,399.86813795954174,17.287045857133535,6397.890207352668,0.00270199164050466,CASH_SCARCITY,25
2012-05-25,RHP,Q0_SKIP,0,34.22,159947.25518381668,417.1551838166753,399.86813795954174,17.287045857133535,6397.890207352668,0.00270199164050466,CASH_SCARCITY,25
2012-05-25,LCC,PLAN,1,12.3,159947.25518381668,417.1551838166753,399.86813795954174,17.287045857133535,6397.890207352668,0.00270199164050466,,25
2012-07-16,PCYC,PLAN,123,53.29,164306.51099381666,10937.190993816675,410.76627748454166,10526.424716332134,6572.260439752667,1.0,,25
2012-07-17,HAIN,PLAN,68,57.41,165680.3340238167,4377.774023816677,414.2008350595417,3963.5731887571355,6627.213360952667,0.5980753859699741,,25
2012-08-14,SBAC,PLAN,106,60.62,161323.63830569066,20248.598305690677,403.30909576422664,19845.28920992645,6452.945532227626,1.0,,25
2012-08-24,ELLI,PLAN,256,25.64,164448.15000569064,13823.880005690678,411.1203750142266,13412.759630676452,6577.926000227626,1.0,,25
2012-09-07,DK,PLAN,252,26.2,165455.80922860885,7633.309228608874,413.63952307152215,7219.669705537352,6618.232369144354,1.0,,25
2012-09-10,NSM,PLAN,19,28.17,164936.27122860888,948.6312286088751,412.34067807152223,536.2905505373528,6597.450849144356,0.0812875401120883,,25
2012-09-12,CDMO,PLAN,6,4.17,165565.1825486089,439.4425486088751,413.9129563715222,25.52959223735286,6622.607301944356,0.0038549156054983862,,25
2012-10-24,ONIT,PLAN,170,37.75,161210.61238914888,16026.802389148874,403.0265309728722,15623.775858176,6448.424495565955,1.0,,25
2012-11-05,WAC,PLAN,152,42.72,162584.42258914886,9603.445589148874,406.46105647287214,9196.984532676002,6503.376903565954,1.0,,25
2012-11-21,VMED,PLAN,192,33.72,162813.3218391489,9443.661839148876,407.0333045978723,9036.628534551004,6512.532873565957,1.0,,25
2012-12-10,WHR,PLAN,26,99.66,162334.59343914886,3080.9634391488758,405.83648359787213,2675.1269555510034,6493.383737565954,0.41197733934538344,,25
2012-12-14,BAX,PLAN,1,65.95,162183.72683914888,505.4308391488757,405.4593170978722,99.97152205100349,6487.349073565955,0.015410227030692416,,25
2013-02-11,CPAY,PLAN,106,66.15,176844.98585914887,9374.135859148875,442.1124646478722,8932.023394501002,7073.799434365955,1.0,,25
2013-03-05,EV1,PLAN,52,39.25,182958.66289914885,2508.6428991488756,457.39665724787216,2051.2462419010035,7318.3465159659545,0.28028820956016975,,25
2013-04-19,MSGN,PLAN,96,56.16,180317.9091257031,5858.199125703102,450.7947728142577,5407.404352888844,7212.716365028124,0.7497042832721678,,25
2013-05-22,OHI,PLAN,171,36.04,192840.76362570308,6675.863625703103,482.1019090642577,6193.761716638845,7713.630545028123,0.8029632324860412,,25
2013-07-23,NXST,PLAN,217,35.73,194715.9744390227,17663.284439022656,486.7899360975568,17176.4945029251,7788.638977560909,1.0,,25
2013-08-01,CBOE,PLAN,156,50.8,198709.89404902267,10059.774049022657,496.7747351225567,9562.9993139001,7948.395761960907,1.0,,25
2013-11-08,GHC,PLAN,12,662.78,212152.3908890227,11454.920889022656,530.3809772225568,10924.5399118001,8486.095635560909,1.0,,25
2013-12-10,OA,PLAN,71,120.18,221661.04474866096,9200.844748660964,554.1526118716524,8646.692136789312,8866.441789946439,0.9752155759476931,,25
2013-12-12,CTSH,Q0_SKIP,0,93.24,219111.03782866098,635.3678286609647,547.7775945716525,87.59023408931228,8764.44151314644,0.009993818083893782,CASH_SCARCITY,25
2013-12-12,GIVN,PLAN,2,29.92,219111.03782866098,635.3678286609647,547.7775945716525,87.59023408931228,8764.44151314644,0.009993818083893782,,25
2014-02-25,WWE,PLAN,341,23.71,250484.6151686609,8727.185168660963,626.2115379216523,8100.9736307393105,10019.384606746436,0.8085300593496145,,25
2014-04-10,GLOG,PLAN,359,24.9,224220.55034866097,15582.890348660963,560.5513758716525,15022.338972789312,8968.82201394644,1.0,,25
2014-04-11,CAR,PLAN,183,48.04,221093.12602866098,13946.166028660962,552.7328150716525,13393.43321358931,8843.72504114644,1.0,,25
2014-05-08,TRGP,PLAN,84,109.32,230409.11931866093,15295.699318660965,576.0227982966524,14719.676520364314,9216.364772746438,1.0,,25
2014-05-13,HP,PLAN,51,107.93,234229.95339866096,6140.633398660966,585.5748834966524,5555.058515164314,9369.198135946439,0.5929065043305506,,25
2014-05-14,CNQ,PLAN,1,40.74,232664.50876866098,652.3387686609667,581.6612719216524,70.67749673931428,9306.580350746439,0.0075943573338025875,,25
2014-10-30,MDVN,PLAN,100,102.74,257258.241258661,22098.289258660967,643.1456031466525,21455.143655514315,10290.32965034644,1.0,,25
2014-11-12,CNQR,PLAN,81,128.3,260843.36525866092,19475.535258660966,652.1084131466523,18823.426845514314,10433.734610346437,1.0,,25
2014-11-13,PANW,PLAN,76,109.6,260972.68809866096,9067.978098660966,652.4317202466524,8415.546378414314,10438.907523946438,0.8061711782683567,,25
2014-11-14,CENX,PLAN,2,27.53,260936.50479602895,716.9647960289694,652.3412619900724,64.62353403889699,10437.460191841159,0.006191499929208109,,25
2014-12-18,LOW,PLAN,160,66.62,267176.38223602896,19745.49223602897,667.9409555900725,19077.5512804389,10687.05528944116,1.0,,25
2015-01-02,CBRL,PLAN,60,138.77,264415.32143602904,9033.991436028973,661.0383035900726,8372.9531324389,10576.612857441161,0.7916478787013672,,25
2015-01-21,TPST,PLAN,4,47.45,262732.74833602895,884.3683360289763,656.8318708400724,227.5364651889039,10509.309933441158,0.021650942510018787,,25
2015-02-17,KR,PLAN,2,73.25,274177.238016029,832.3580160289763,685.4430950400725,146.91492098890376,10967.08952064116,0.013395980830866308,,25
2015-05-01,COR,PLAN,5,114.61,280800.902996029,1319.142996028976,702.0022574900726,617.1407385389035,11232.036119841161,0.05494468963189471,,25
2015-08-03,ADPTQ,PLAN,103,113.45,294608.8714060289,18580.64140602897,736.5221785150724,17844.1192275139,11784.354856241158,1.0,,25
2015-08-04,SKX,PLAN,39,153.9,295692.49511602893,6782.565116028973,739.2312377900723,6043.3338782389,11827.699804641157,0.510947519640929,,25
2015-08-05,ANAC1,Q0_SKIP,0,151.69,297118.460498029,890.0604980289727,742.7961512450726,147.26434678390012,11884.738419921161,0.012391046532169029,CASH_SCARCITY,25
2015-08-05,EGRX,PLAN,1,100.56,297118.460498029,890.0604980289727,742.7961512450726,147.26434678390012,11884.738419921161,0.012391046532169029,,25
2015-09-22,PRE1,PLAN,68,138.5,272285.36496802885,10212.844968028976,680.7134124200721,9532.131555608903,10891.414598721154,0.8751968322579644,,25
2015-09-23,THOR1,PLAN,1,63.27,273119.7224080289,790.8724080289776,682.7993060200723,108.07310200890527,10924.788896321157,0.009892465935456025,,25
2015-10-27,UHAL,PLAN,26,401.21,267141.9666080289,41753.56660802898,667.8549165200723,41085.71169150891,10685.678664321156,1.0,,25
2015-10-28,AIZ,PLAN,132,81.4,270283.023908029,31305.428908028982,675.7075597700725,30629.72134825891,10811.32095632116,1.0,,25
2015-10-30,ACGL,PLAN,144,74.89,271047.34042802895,20564.72042802898,677.6183510700724,19887.10207695891,10841.893617121159,1.0,,25
2015-11-19,VRE,PLAN,388,23.6,269241.070412029,9856.160412028983,673.1026760300725,9183.057735998911,10769.64281648116,0.852679879219927,,25
2015-11-20,TYL,Q0_SKIP,0,174.2,271956.54012202896,686.7101220289824,679.8913503050725,6.81877172390989,10878.26160488116,0.000626825495798911,CASH_SCARCITY,25
2015-11-20,NVR,Q0_SKIP,0,1668.94,271956.54012202896,686.7101220289824,679.8913503050725,6.81877172390989,10878.26160488116,0.000626825495798911,CASH_SCARCITY,25
2015-11-20,ATVI,Q0_SKIP,0,37.51,271956.54012202896,686.7101220289824,679.8913503050725,6.81877172390989,10878.26160488116,0.000626825495798911,CASH_SCARCITY,25
2015-11-20,LNCE,Q0_SKIP,0,38.74,271956.54012202896,686.7101220289824,679.8913503050725,6.81877172390989,10878.26160488116,0.000626825495798911,CASH_SCARCITY,25
2015-11-20,PNY,Q0_SKIP,0,57.77,271956.54012202896,686.7101220289824,679.8913503050725,6.81877172390989,10878.26160488116,0.000626825495798911,CASH_SCARCITY,25
2015-11-20,NKE,Q0_SKIP,0,132.65,271956.54012202896,686.7101220289824,679.8913503050725,6.81877172390989,10878.26160488116,0.000626825495798911,CASH_SCARCITY,25
2015-11-20,CASY,Q0_SKIP,0,114.54,271956.54012202896,686.7101220289824,679.8913503050725,6.81877172390989,10878.26160488116,0.000626825495798911,CASH_SCARCITY,25
2015-11-20,HPY,Q0_SKIP,0,79.33,271956.54012202896,686.7101220289824,679.8913503050725,6.81877172390989,10878.26160488116,0.000626825495798911,CASH_SCARCITY,25
2015-11-20,AFG,Q0_SKIP,0,73.51,271956.54012202896,686.7101220289824,679.8913503050725,6.81877172390989,10878.26160488116,0.000626825495798911,CASH_SCARCITY,25
2015-11-20,PSA,Q0_SKIP,0,236.68,271956.54012202896,686.7101220289824,679.8913503050725,6.81877172390989,10878.26160488116,0.000626825495798911,CASH_SCARCITY,25
2015-11-20,NVDA,Q0_SKIP,0,31.39,271956.54012202896,686.7101220289824,679.8913503050725,6.81877172390989,10878.26160488116,0.000626825495798911,CASH_SCARCITY,25
2015-11-20,THG,Q0_SKIP,0,84.56,271956.54012202896,686.7101220289824,679.8913503050725,6.81877172390989,10878.26160488116,0.000626825495798911,CASH_SCARCITY,25
2015-11-20,AMZN,Q0_SKIP,0,668.45,271956.54012202896,686.7101220289824,679.8913503050725,6.81877172390989,10878.26160488116,0.000626825495798911,CASH_SCARCITY,25
2015-11-20,MANH,Q0_SKIP,0,73.72,271956.54012202896,686.7101220289824,679.8913503050725,6.81877172390989,10878.26160488116,0.000626825495798911,CASH_SCARCITY,25
2015-11-20,BYD,Q0_SKIP,0,20.17,271956.54012202896,686.7101220289824,679.8913503050725,6.81877172390989,10878.26160488116,0.000626825495798911,CASH_SCARCITY,25
2015-11-20,JKHY,Q0_SKIP,0,79.17,271956.54012202896,686.7101220289824,679.8913503050725,6.81877172390989,10878.26160488116,0.000626825495798911,CASH_SCARCITY,25
2015-11-20,TSS,Q0_SKIP,0,55.09,271956.54012202896,686.7101220289824,679.8913503050725,6.81877172390989,10878.26160488116,0.000626825495798911,CASH_SCARCITY,25
2015-11-20,CDW,Q0_SKIP,0,45.1,271956.54012202896,686.7101220289824,679.8913503050725,6.81877172390989,10878.26160488116,0.000626825495798911,CASH_SCARCITY,25
2015-11-20,SSNC,Q0_SKIP,0,74.11,271956.54012202896,686.7101220289824,679.8913503050725,6.81877172390989,10878.26160488116,0.000626825495798911,CASH_SCARCITY,25
2015-11-20,GPN,Q0_SKIP,0,71.26,271956.54012202896,686.7101220289824,679.8913503050725,6.81877172390989,10878.26160488116,0.000626825495798911,CASH_SCARCITY,25
2015-11-20,HA,Q0_SKIP,0,37.73,271956.54012202896,686.7101220289824,679.8913503050725,6.81877172390989,10878.26160488116,0.000626825495798911,CASH_SCARCITY,25
2015-11-20,VRSN,Q0_SKIP,0,90.3,271956.54012202896,686.7101220289824,679.8913503050725,6.81877172390989,10878.26160488116,0.000626825495798911,CASH_SCARCITY,25
2015-11-20,MSI,Q0_SKIP,0,72.19,271956.54012202896,686.7101220289824,679.8913503050725,6.81877172390989,10878.26160488116,0.000626825495798911,CASH_SCARCITY,25
2015-11-20,POST,Q0_SKIP,0,63.38,271956.54012202896,686.7101220289824,679.8913503050725,6.81877172390989,10878.26160488116,0.000626825495798911,CASH_SCARCITY,25
2015-11-20,SBUX,Q0_SKIP,0,61.99,271956.54012202896,686.7101220289824,679.8913503050725,6.81877172390989,10878.26160488116,0.000626825495798911,CASH_SCARCITY,25
2015-11-20,ATO,Q0_SKIP,0,62.51,271956.54012202896,686.7101220289824,679.8913503050725,6.81877172390989,10878.26160488116,0.000626825495798911,CASH_SCARCITY,25
2015-11-20,POOL,Q0_SKIP,0,81.95999999999998,271956.54012202896,686.7101220289824,679.8913503050725,6.81877172390989,10878.26160488116,0.000626825495798911,CASH_SCARCITY,25
2015-11-20,RYAAY,Q0_SKIP,0,80.48999999999998,271956.54012202896,686.7101220289824,679.8913503050725,6.81877172390989,10878.26160488116,0.000626825495798911,CASH_SCARCITY,25
2015-11-20,META,Q0_SKIP,0,107.32,271956.54012202896,686.7101220289824,679.8913503050725,6.81877172390989,10878.26160488116,0.000626825495798911,CASH_SCARCITY,25
2015-11-20,COR2,Q0_SKIP,0,59.57,271956.54012202896,686.7101220289824,679.8913503050725,6.81877172390989,10878.26160488116,0.000626825495798911,CASH_SCARCITY,25
2015-11-20,CINF,Q0_SKIP,0,61.02,271956.54012202896,686.7101220289824,679.8913503050725,6.81877172390989,10878.26160488116,0.000626825495798911,CASH_SCARCITY,25
2015-11-20,CB1,Q0_SKIP,0,131.38,271956.54012202896,686.7101220289824,679.8913503050725,6.81877172390989,10878.26160488116,0.000626825495798911,CASH_SCARCITY,25
2015-11-20,FLTX,Q0_SKIP,0,58.39,271956.54012202896,686.7101220289824,679.8913503050725,6.81877172390989,10878.26160488116,0.000626825495798911,CASH_SCARCITY,25
2015-11-20,CUBE,Q0_SKIP,0,28.92,271956.54012202896,686.7101220289824,679.8913503050725,6.81877172390989,10878.26160488116,0.000626825495798911,CASH_SCARCITY,25
2015-11-20,FISV,Q0_SKIP,0,96.79,271956.54012202896,686.7101220289824,679.8913503050725,6.81877172390989,10878.26160488116,0.000626825495798911,CASH_SCARCITY,25
2015-11-20,SGI,Q0_SKIP,0,79.83,271956.54012202896,686.7101220289824,679.8913503050725,6.81877172390989,10878.26160488116,0.000626825495798911,CASH_SCARCITY,25
2015-11-20,LUV,Q0_SKIP,0,47.32,271956.54012202896,686.7101220289824,679.8913503050725,6.81877172390989,10878.26160488116,0.000626825495798911,CASH_SCARCITY,25
2015-11-20,DY,Q0_SKIP,0,83.37999999999998,271956.54012202896,686.7101220289824,679.8913503050725,6.81877172390989,10878.26160488116,0.000626825495798911,CASH_SCARCITY,25
2015-11-20,EXR,Q0_SKIP,0,82.94,271956.54012202896,686.7101220289824,679.8913503050725,6.81877172390989,10878.26160488116,0.000626825495798911,CASH_SCARCITY,25
2015-11-20,BEE,Q0_SKIP,0,14.09,271956.54012202896,686.7101220289824,679.8913503050725,6.81877172390989,10878.26160488116,0.000626825495798911,CASH_SCARCITY,25
2015-11-20,WP,Q0_SKIP,0,51.99,271956.54012202896,686.7101220289824,679.8913503050725,6.81877172390989,10878.26160488116,0.000626825495798911,CASH_SCARCITY,25
2015-11-20,WR1,Q0_SKIP,0,42.73,271956.54012202896,686.7101220289824,679.8913503050725,6.81877172390989,10878.26160488116,0.000626825495798911,CASH_SCARCITY,25
2015-11-20,WGHTQ,Q0_SKIP,0,25.97,271956.54012202896,686.7101220289824,679.8913503050725,6.81877172390989,10878.26160488116,0.000626825495798911,CASH_SCARCITY,25
2015-11-20,TTWO,Q0_SKIP,0,35.6,271956.54012202896,686.7101220289824,679.8913503050725,6.81877172390989,10878.26160488116,0.000626825495798911,CASH_SCARCITY,25
2015-11-20,JBLU,Q0_SKIP,0,25.85,271956.54012202896,686.7101220289824,679.8913503050725,6.81877172390989,10878.26160488116,0.000626825495798911,CASH_SCARCITY,25
2015-11-20,LXFT,Q0_SKIP,0,75.78,271956.54012202896,686.7101220289824,679.8913503050725,6.81877172390989,10878.26160488116,0.000626825495798911,CASH_SCARCITY,25
2015-11-20,GOOGL,Q0_SKIP,0,777.0,271956.54012202896,686.7101220289824,679.8913503050725,6.81877172390989,10878.26160488116,0.000626825495798911,CASH_SCARCITY,25
2015-11-20,TREE,Q0_SKIP,0,100.92,271956.54012202896,686.7101220289824,679.8913503050725,6.81877172390989,10878.26160488116,0.000626825495798911,CASH_SCARCITY,25
2015-11-20,TECD,Q0_SKIP,0,76.39,271956.54012202896,686.7101220289824,679.8913503050725,6.81877172390989,10878.26160488116,0.000626825495798911,CASH_SCARCITY,25
2015-11-20,XRAY,Q0_SKIP,0,61.26,271956.54012202896,686.7101220289824,679.8913503050725,6.81877172390989,10878.26160488116,0.000626825495798911,CASH_SCARCITY,25
2015-11-20,VA,Q0_SKIP,0,36.65,271956.54012202896,686.7101220289824,679.8913503050725,6.81877172390989,10878.26160488116,0.000626825495798911,CASH_SCARCITY,25
2015-11-20,CYT1,Q0_SKIP,0,74.54,271956.54012202896,686.7101220289824,679.8913503050725,6.81877172390989,10878.26160488116,0.000626825495798911,CASH_SCARCITY,25
2015-11-20,ALK,Q0_SKIP,0,81.86,271956.54012202896,686.7101220289824,679.8913503050725,6.81877172390989,10878.26160488116,0.000626825495798911,CASH_SCARCITY,25
2015-11-20,INGR,Q0_SKIP,0,96.06,271956.54012202896,686.7101220289824,679.8913503050725,6.81877172390989,10878.26160488116,0.000626825495798911,CASH_SCARCITY,25
2015-11-20,GOOG,Q0_SKIP,0,756.6,271956.54012202896,686.7101220289824,679.8913503050725,6.81877172390989,10878.26160488116,0.000626825495798911,CASH_SCARCITY,25
2015-11-20,FNFG,Q0_SKIP,0,10.69,271956.54012202896,686.7101220289824,679.8913503050725,6.81877172390989,10878.26160488116,0.000626825495798911,CASH_SCARCITY,25
2015-11-20,DHI,Q0_SKIP,0,32.23,271956.54012202896,686.7101220289824,679.8913503050725,6.81877172390989,10878.26160488116,0.000626825495798911,CASH_SCARCITY,25
2015-11-20,GAS,Q0_SKIP,0,62.25,271956.54012202896,686.7101220289824,679.8913503050725,6.81877172390989,10878.26160488116,0.000626825495798911,CASH_SCARCITY,25
2015-11-20,NDAQ,Q0_SKIP,0,59.97,271956.54012202896,686.7101220289824,679.8913503050725,6.81877172390989,10878.26160488116,0.000626825495798911,CASH_SCARCITY,25
2015-11-20,PMCS,Q0_SKIP,0,11.87,271956.54012202896,686.7101220289824,679.8913503050725,6.81877172390989,10878.26160488116,0.000626825495798911,CASH_SCARCITY,25
2015-11-20,AYI,Q0_SKIP,0,226.36,271956.54012202896,686.7101220289824,679.8913503050725,6.81877172390989,10878.26160488116,0.000626825495798911,CASH_SCARCITY,25
2015-11-20,PBY1,Q0_SKIP,0,15.16,271956.54012202896,686.7101220289824,679.8913503050725,6.81877172390989,10878.26160488116,0.000626825495798911,CASH_SCARCITY,25
2015-11-20,EW,Q0_SKIP,0,157.68,271956.54012202896,686.7101220289824,679.8913503050725,6.81877172390989,10878.26160488116,0.000626825495798911,CASH_SCARCITY,25
2015-11-20,TAP,Q0_SKIP,0,92.5,271956.54012202896,686.7101220289824,679.8913503050725,6.81877172390989,10878.26160488116,0.000626825495798911,CASH_SCARCITY,25
2015-11-20,MYGN,Q0_SKIP,0,44.12,271956.54012202896,686.7101220289824,679.8913503050725,6.81877172390989,10878.26160488116,0.000626825495798911,CASH_SCARCITY,25
2015-11-20,ITCI,Q0_SKIP,0,52.21,271956.54012202896,686.7101220289824,679.8913503050725,6.81877172390989,10878.26160488116,0.000626825495798911,CASH_SCARCITY,25
2015-11-20,KITE,Q0_SKIP,0,82.93,271956.54012202896,686.7101220289824,679.8913503050725,6.81877172390989,10878.26160488116,0.000626825495798911,CASH_SCARCITY,25
2015-11-20,GWRE,Q0_SKIP,0,59.07,271956.54012202896,686.7101220289824,679.8913503050725,6.81877172390989,10878.26160488116,0.000626825495798911,CASH_SCARCITY,25
2015-11-20,HELE,Q0_SKIP,0,102.23,271956.54012202896,686.7101220289824,679.8913503050725,6.81877172390989,10878.26160488116,0.000626825495798911,CASH_SCARCITY,25
2015-11-20,DMND,Q0_SKIP,0,41.88,271956.54012202896,686.7101220289824,679.8913503050725,6.81877172390989,10878.26160488116,0.000626825495798911,CASH_SCARCITY,25
2015-11-20,MXIM,Q0_SKIP,0,39.99,271956.54012202896,686.7101220289824,679.8913503050725,6.81877172390989,10878.26160488116,0.000626825495798911,CASH_SCARCITY,25
2015-11-20,ANDV,Q0_SKIP,0,114.44,271956.54012202896,686.7101220289824,679.8913503050725,6.81877172390989,10878.26160488116,0.000626825495798911,CASH_SCARCITY,25
2015-11-20,ANAC1,Q0_SKIP,0,105.78,271956.54012202896,686.7101220289824,679.8913503050725,6.81877172390989,10878.26160488116,0.000626825495798911,CASH_SCARCITY,25
2015-11-20,MDCO,Q0_SKIP,0,41.11,271956.54012202896,686.7101220289824,679.8913503050725,6.81877172390989,10878.26160488116,0.000626825495798911,CASH_SCARCITY,25
2015-11-20,SWI1,Q0_SKIP,0,58.0,271956.54012202896,686.7101220289824,679.8913503050725,6.81877172390989,10878.26160488116,0.000626825495798911,CASH_SCARCITY,25
2015-11-20,PTLA,Q0_SKIP,0,49.3,271956.54012202896,686.7101220289824,679.8913503050725,6.81877172390989,10878.26160488116,0.000626825495798911,CASH_SCARCITY,25
2015-11-20,XXII,PLAN,4,1.43,271956.54012202896,686.7101220289824,679.8913503050725,6.81877172390989,10878.26160488116,0.000626825495798911,,25
2015-11-24,TYL,Q0_SKIP,0,174.81,274064.674322029,680.9043220289824,685.1616858050725,0.0,10962.58697288116,0.0,CASH_SCARCITY,25
2015-11-24,AMZN,Q0_SKIP,0,671.15,274064.674322029,680.9043220289824,685.1616858050725,0.0,10962.58697288116,0.0,CASH_SCARCITY,25
2015-11-24,ATVI,Q0_SKIP,0,36.84,274064.674322029,680.9043220289824,685.1616858050725,0.0,10962.58697288116,0.0,CASH_SCARCITY,25
2015-11-24,VRSN,Q0_SKIP,0,88.54,274064.674322029,680.9043220289824,685.1616858050725,0.0,10962.58697288116,0.0,CASH_SCARCITY,25
2015-11-24,NKE,Q0_SKIP,0,132.51,274064.674322029,680.9043220289824,685.1616858050725,0.0,10962.58697288116,0.0,CASH_SCARCITY,25
2015-11-24,LNCE,Q0_SKIP,0,38.04,274064.674322029,680.9043220289824,685.1616858050725,0.0,10962.58697288116,0.0,CASH_SCARCITY,25
2015-11-24,POST,Q0_SKIP,0,66.11,274064.674322029,680.9043220289824,685.1616858050725,0.0,10962.58697288116,0.0,CASH_SCARCITY,25
2015-11-24,BYD,Q0_SKIP,0,20.17,274064.674322029,680.9043220289824,685.1616858050725,0.0,10962.58697288116,0.0,CASH_SCARCITY,25
2015-11-24,AFG,Q0_SKIP,0,73.79999999999998,274064.674322029,680.9043220289824,685.1616858050725,0.0,10962.58697288116,0.0,CASH_SCARCITY,25
2015-11-24,MANH,Q0_SKIP,0,73.87999999999998,274064.674322029,680.9043220289824,685.1616858050725,0.0,10962.58697288116,0.0,CASH_SCARCITY,25
2015-11-24,TSS,Q0_SKIP,0,55.35,274064.674322029,680.9043220289824,685.1616858050725,0.0,10962.58697288116,0.0,CASH_SCARCITY,25
2015-11-24,PSA,Q0_SKIP,0,237.83,274064.674322029,680.9043220289824,685.1616858050725,0.0,10962.58697288116,0.0,CASH_SCARCITY,25
2015-11-24,JKHY,Q0_SKIP,0,78.64,274064.674322029,680.9043220289824,685.1616858050725,0.0,10962.58697288116,0.0,CASH_SCARCITY,25
2015-11-24,META,Q0_SKIP,0,105.74,274064.674322029,680.9043220289824,685.1616858050725,0.0,10962.58697288116,0.0,CASH_SCARCITY,25
2015-11-24,HPY,Q0_SKIP,0,78.09,274064.674322029,680.9043220289824,685.1616858050725,0.0,10962.58697288116,0.0,CASH_SCARCITY,25
2015-11-24,CASY,Q0_SKIP,0,116.08,274064.674322029,680.9043220289824,685.1616858050725,0.0,10962.58697288116,0.0,CASH_SCARCITY,25
2015-11-24,THG,Q0_SKIP,0,84.73999999999998,274064.674322029,680.9043220289824,685.1616858050725,0.0,10962.58697288116,0.0,CASH_SCARCITY,25
2015-11-24,PNY,Q0_SKIP,0,58.03,274064.674322029,680.9043220289824,685.1616858050725,0.0,10962.58697288116,0.0,CASH_SCARCITY,25
2015-11-24,LMT,Q0_SKIP,0,226.43,274064.674322029,680.9043220289824,685.1616858050725,0.0,10962.58697288116,0.0,CASH_SCARCITY,25
2015-11-24,CBOE,Q0_SKIP,0,71.33,274064.674322029,680.9043220289824,685.1616858050725,0.0,10962.58697288116,0.0,CASH_SCARCITY,25
2015-11-24,HA,Q0_SKIP,0,36.8,274064.674322029,680.9043220289824,685.1616858050725,0.0,10962.58697288116,0.0,CASH_SCARCITY,25
2015-11-24,POOL,Q0_SKIP,0,82.0,274064.674322029,680.9043220289824,685.1616858050725,0.0,10962.58697288116,0.0,CASH_SCARCITY,25
2015-11-24,GPN,Q0_SKIP,0,72.25,274064.674322029,680.9043220289824,685.1616858050725,0.0,10962.58697288116,0.0,CASH_SCARCITY,25
2015-11-24,PBY1,Q0_SKIP,0,15.41,274064.674322029,680.9043220289824,685.1616858050725,0.0,10962.58697288116,0.0,CASH_SCARCITY,25
2015-11-24,ATO,Q0_SKIP,0,62.66,274064.674322029,680.9043220289824,685.1616858050725,0.0,10962.58697288116,0.0,CASH_SCARCITY,25
2015-11-24,GOOGL,Q0_SKIP,0,769.63,274064.674322029,680.9043220289824,685.1616858050725,0.0,10962.58697288116,0.0,CASH_SCARCITY,25
2015-11-24,CB1,Q0_SKIP,0,130.84,274064.674322029,680.9043220289824,685.1616858050725,0.0,10962.58697288116,0.0,CASH_SCARCITY,25
2015-11-24,LUV,Q0_SKIP,0,46.23,274064.674322029,680.9043220289824,685.1616858050725,0.0,10962.58697288116,0.0,CASH_SCARCITY,25
2015-11-24,HRL,Q0_SKIP,0,71.32,274064.674322029,680.9043220289824,685.1616858050725,0.0,10962.58697288116,0.0,CASH_SCARCITY,25
2015-11-24,MSI,Q0_SKIP,0,71.96,274064.674322029,680.9043220289824,685.1616858050725,0.0,10962.58697288116,0.0,CASH_SCARCITY,25
2015-11-24,FLTX,Q0_SKIP,0,58.58,274064.674322029,680.9043220289824,685.1616858050725,0.0,10962.58697288116,0.0,CASH_SCARCITY,25
2015-11-24,GOOG,Q0_SKIP,0,748.2799999999999,274064.674322029,680.9043220289824,685.1616858050725,0.0,10962.58697288116,0.0,CASH_SCARCITY,25
2015-11-24,WGHTQ,Q0_SKIP,0,25.15,274064.674322029,680.9043220289824,685.1616858050725,0.0,10962.58697288116,0.0,CASH_SCARCITY,25
2015-11-24,CINF,Q0_SKIP,0,61.28,274064.674322029,680.9043220289824,685.1616858050725,0.0,10962.58697288116,0.0,CASH_SCARCITY,25
2015-11-24,NVDA,Q0_SKIP,0,31.17,274064.674322029,680.9043220289824,685.1616858050725,0.0,10962.58697288116,0.0,CASH_SCARCITY,25
2015-11-24,CUBE,Q0_SKIP,0,28.79,274064.674322029,680.9043220289824,685.1616858050725,0.0,10962.58697288116,0.0,CASH_SCARCITY,25
2015-11-24,COR2,Q0_SKIP,0,58.73,274064.674322029,680.9043220289824,685.1616858050725,0.0,10962.58697288116,0.0,CASH_SCARCITY,25
2015-11-24,SGI,Q0_SKIP,0,81.0,274064.674322029,680.9043220289824,685.1616858050725,0.0,10962.58697288116,0.0,CASH_SCARCITY,25
2015-11-24,WP,Q0_SKIP,0,52.09,274064.674322029,680.9043220289824,685.1616858050725,0.0,10962.58697288116,0.0,CASH_SCARCITY,25
2015-11-24,TTWO,Q0_SKIP,0,34.71,274064.674322029,680.9043220289824,685.1616858050725,0.0,10962.58697288116,0.0,CASH_SCARCITY,25
2015-11-24,BEE,Q0_SKIP,0,14.12,274064.674322029,680.9043220289824,685.1616858050725,0.0,10962.58697288116,0.0,CASH_SCARCITY,25
2015-11-24,STZ,Q0_SKIP,0,141.34,274064.674322029,680.9043220289824,685.1616858050725,0.0,10962.58697288116,0.0,CASH_SCARCITY,25
2015-11-24,DMND,Q0_SKIP,0,41.23,274064.674322029,680.9043220289824,685.1616858050725,0.0,10962.58697288116,0.0,CASH_SCARCITY,25
2015-11-24,ALK,Q0_SKIP,0,79.59999999999998,274064.674322029,680.9043220289824,685.1616858050725,0.0,10962.58697288116,0.0,CASH_SCARCITY,25
2015-11-24,MXL,Q0_SKIP,0,16.92,274064.674322029,680.9043220289824,685.1616858050725,0.0,10962.58697288116,0.0,CASH_SCARCITY,25
2015-11-24,ORI,Q0_SKIP,0,18.92,274064.674322029,680.9043220289824,685.1616858050725,0.0,10962.58697288116,0.0,CASH_SCARCITY,25
2015-11-24,EXR,Q0_SKIP,0,82.43,274064.674322029,680.9043220289824,685.1616858050725,0.0,10962.58697288116,0.0,CASH_SCARCITY,25
2015-11-24,DY,Q0_SKIP,0,88.56,274064.674322029,680.9043220289824,685.1616858050725,0.0,10962.58697288116,0.0,CASH_SCARCITY,25
2015-11-24,ULTI1,Q0_SKIP,0,197.74,274064.674322029,680.9043220289824,685.1616858050725,0.0,10962.58697288116,0.0,CASH_SCARCITY,25
2015-11-24,CHE,Q0_SKIP,0,153.07,274064.674322029,680.9043220289824,685.1616858050725,0.0,10962.58697288116,0.0,CASH_SCARCITY,25
2015-11-24,MYGN,Q0_SKIP,0,44.1,274064.674322029,680.9043220289824,685.1616858050725,0.0,10962.58697288116,0.0,CASH_SCARCITY,25
2015-11-24,DHI,Q0_SKIP,0,32.74,274064.674322029,680.9043220289824,685.1616858050725,0.0,10962.58697288116,0.0,CASH_SCARCITY,25
2015-11-24,FNFG,Q0_SKIP,0,10.7,274064.674322029,680.9043220289824,685.1616858050725,0.0,10962.58697288116,0.0,CASH_SCARCITY,25
2015-11-24,AYI,Q0_SKIP,0,226.16,274064.674322029,680.9043220289824,685.1616858050725,0.0,10962.58697288116,0.0,CASH_SCARCITY,25
2015-11-24,CYT1,Q0_SKIP,0,74.56999999999998,274064.674322029,680.9043220289824,685.1616858050725,0.0,10962.58697288116,0.0,CASH_SCARCITY,25
2015-11-24,GAS,Q0_SKIP,0,62.73,274064.674322029,680.9043220289824,685.1616858050725,0.0,10962.58697288116,0.0,CASH_SCARCITY,25
2015-11-24,TAP,Q0_SKIP,0,92.11000000000001,274064.674322029,680.9043220289824,685.1616858050725,0.0,10962.58697288116,0.0,CASH_SCARCITY,25
2015-11-24,KITE,Q0_SKIP,0,84.84999999999998,274064.674322029,680.9043220289824,685.1616858050725,0.0,10962.58697288116,0.0,CASH_SCARCITY,25
2015-11-24,MSFT,Q0_SKIP,0,54.25,274064.674322029,680.9043220289824,685.1616858050725,0.0,10962.58697288116,0.0,CASH_SCARCITY,25
2015-11-24,ITCI,Q0_SKIP,0,57.46,274064.674322029,680.9043220289824,685.1616858050725,0.0,10962.58697288116,0.0,CASH_SCARCITY,25
2015-11-24,CAM2,Q0_SKIP,0,68.72,274064.674322029,680.9043220289824,685.1616858050725,0.0,10962.58697288116,0.0,CASH_SCARCITY,25
2015-11-24,GWRE,Q0_SKIP,0,59.0,274064.674322029,680.9043220289824,685.1616858050725,0.0,10962.58697288116,0.0,CASH_SCARCITY,25
2015-11-24,ACORQ,Q0_SKIP,0,37.38,274064.674322029,680.9043220289824,685.1616858050725,0.0,10962.58697288116,0.0,CASH_SCARCITY,25
2015-11-24,ANDV,Q0_SKIP,0,118.24,274064.674322029,680.9043220289824,685.1616858050725,0.0,10962.58697288116,0.0,CASH_SCARCITY,25
2015-11-24,ATHN1,Q0_SKIP,0,164.53,274064.674322029,680.9043220289824,685.1616858050725,0.0,10962.58697288116,0.0,CASH_SCARCITY,25
2015-11-24,ANAC1,Q0_SKIP,0,113.19,274064.674322029,680.9043220289824,685.1616858050725,0.0,10962.58697288116,0.0,CASH_SCARCITY,25
2015-11-24,SWI1,Q0_SKIP,0,58.27,274064.674322029,680.9043220289824,685.1616858050725,0.0,10962.58697288116,0.0,CASH_SCARCITY,25
2015-11-24,MDCO,Q0_SKIP,0,41.97,274064.674322029,680.9043220289824,685.1616858050725,0.0,10962.58697288116,0.0,CASH_SCARCITY,25
2015-11-24,GGAL,Q0_SKIP,0,25.84,274064.674322029,680.9043220289824,685.1616858050725,0.0,10962.58697288116,0.0,CASH_SCARCITY,25
2015-11-24,DXCM,Q0_SKIP,0,86.86,274064.674322029,680.9043220289824,685.1616858050725,0.0,10962.58697288116,0.0,CASH_SCARCITY,25
2015-11-24,PBF,Q0_SKIP,0,40.94,274064.674322029,680.9043220289824,685.1616858050725,0.0,10962.58697288116,0.0,CASH_SCARCITY,25
2015-11-24,NFLX,Q0_SKIP,0,123.31,274064.674322029,680.9043220289824,685.1616858050725,0.0,10962.58697288116,0.0,CASH_SCARCITY,25
2015-11-24,PTLA,Q0_SKIP,0,49.81,274064.674322029,680.9043220289824,685.1616858050725,0.0,10962.58697288116,0.0,CASH_SCARCITY,25
2015-11-24,TCRT,Q0_SKIP,0,12.61,274064.674322029,680.9043220289824,685.1616858050725,0.0,10962.58697288116,0.0,CASH_SCARCITY,25
2015-11-24,NHTC,Q0_SKIP,0,46.34,274064.674322029,680.9043220289824,685.1616858050725,0.0,10962.58697288116,0.0,CASH_SCARCITY,25
2015-11-25,TYL,Q0_SKIP,0,173.45,274881.124322029,685.9043220289824,687.2028108050725,0.0,10995.24497288116,0.0,CASH_SCARCITY,25
2015-11-25,ATVI,Q0_SKIP,0,37.23,274881.124322029,685.9043220289824,687.2028108050725,0.0,10995.24497288116,0.0,CASH_SCARCITY,25
2015-11-25,AMZN,Q0_SKIP,0,675.34,274881.124322029,685.9043220289824,687.2028108050725,0.0,10995.24497288116,0.0,CASH_SCARCITY,25
2015-11-25,VRSN,Q0_SKIP,0,89.39,274881.124322029,685.9043220289824,687.2028108050725,0.0,10995.24497288116,0.0,CASH_SCARCITY,25
2015-11-25,NVR,Q0_SKIP,0,1675.57,274881.124322029,685.9043220289824,687.2028108050725,0.0,10995.24497288116,0.0,CASH_SCARCITY,25
2015-11-25,PSA,Q0_SKIP,0,239.34,274881.124322029,685.9043220289824,687.2028108050725,0.0,10995.24497288116,0.0,CASH_SCARCITY,25
2015-11-25,NKE,Q0_SKIP,0,134.13,274881.124322029,685.9043220289824,687.2028108050725,0.0,10995.24497288116,0.0,CASH_SCARCITY,25
2015-11-25,CASY,Q0_SKIP,0,117.79,274881.124322029,685.9043220289824,687.2028108050725,0.0,10995.24497288116,0.0,CASH_SCARCITY,25
2015-11-25,LMT,Q0_SKIP,0,225.8,274881.124322029,685.9043220289824,687.2028108050725,0.0,10995.24497288116,0.0,CASH_SCARCITY,25
2015-11-25,LNCE,Q0_SKIP,0,38.16,274881.124322029,685.9043220289824,687.2028108050725,0.0,10995.24497288116,0.0,CASH_SCARCITY,25
2015-11-25,TSS,Q0_SKIP,0,55.63,274881.124322029,685.9043220289824,687.2028108050725,0.0,10995.24497288116,0.0,CASH_SCARCITY,25
2015-11-25,META,Q0_SKIP,0,105.41,274881.124322029,685.9043220289824,687.2028108050725,0.0,10995.24497288116,0.0,CASH_SCARCITY,25
2015-11-25,BYD,Q0_SKIP,0,20.22,274881.124322029,685.9043220289824,687.2028108050725,0.0,10995.24497288116,0.0,CASH_SCARCITY,25
2015-11-25,POOL,Q0_SKIP,0,82.25,274881.124322029,685.9043220289824,687.2028108050725,0.0,10995.24497288116,0.0,CASH_SCARCITY,25
2015-11-25,POST,Q0_SKIP,0,69.1,274881.124322029,685.9043220289824,687.2028108050725,0.0,10995.24497288116,0.0,CASH_SCARCITY,25
2015-11-25,CBOE,Q0_SKIP,0,71.83,274881.124322029,685.9043220289824,687.2028108050725,0.0,10995.24497288116,0.0,CASH_SCARCITY,25
2015-11-25,HA,Q0_SKIP,0,36.6,274881.124322029,685.9043220289824,687.2028108050725,0.0,10995.24497288116,0.0,CASH_SCARCITY,25
2015-11-25,HPY,Q0_SKIP,0,78.81,274881.124322029,685.9043220289824,687.2028108050725,0.0,10995.24497288116,0.0,CASH_SCARCITY,25
2015-11-25,PNY,Q0_SKIP,0,57.83,274881.124322029,685.9043220289824,687.2028108050725,0.0,10995.24497288116,0.0,CASH_SCARCITY,25
2015-11-25,MANH,Q0_SKIP,0,74.86,274881.124322029,685.9043220289824,687.2028108050725,0.0,10995.24497288116,0.0,CASH_SCARCITY,25
2015-11-25,CUBE,Q0_SKIP,0,28.96,274881.124322029,685.9043220289824,687.2028108050725,0.0,10995.24497288116,0.0,CASH_SCARCITY,25
2015-11-25,FLTX,Q0_SKIP,0,59.54,274881.124322029,685.9043220289824,687.2028108050725,0.0,10995.24497288116,0.0,CASH_SCARCITY,25
2015-11-25,PBY1,Q0_SKIP,0,15.52,274881.124322029,685.9043220289824,687.2028108050725,0.0,10995.24497288116,0.0,CASH_SCARCITY,25
2015-11-25,GOOGL,Q0_SKIP,0,769.26,274881.124322029,685.9043220289824,687.2028108050725,0.0,10995.24497288116,0.0,CASH_SCARCITY,25
2015-11-25,JKHY,Q0_SKIP,0,78.7,274881.124322029,685.9043220289824,687.2028108050725,0.0,10995.24497288116,0.0,CASH_SCARCITY,25
2015-11-25,COR2,Q0_SKIP,0,59.01,274881.124322029,685.9043220289824,687.2028108050725,0.0,10995.24497288116,0.0,CASH_SCARCITY,25
2015-11-25,CINF,Q0_SKIP,0,60.86,274881.124322029,685.9043220289824,687.2028108050725,0.0,10995.24497288116,0.0,CASH_SCARCITY,25
2015-11-25,MSI,Q0_SKIP,0,71.83,274881.124322029,685.9043220289824,687.2028108050725,0.0,10995.24497288116,0.0,CASH_SCARCITY,25
2015-11-25,WGHTQ,Q0_SKIP,0,26.41,274881.124322029,685.9043220289824,687.2028108050725,0.0,10995.24497288116,0.0,CASH_SCARCITY,25
2015-11-25,HRL,Q0_SKIP,0,73.54999999999998,274881.124322029,685.9043220289824,687.2028108050725,0.0,10995.24497288116,0.0,CASH_SCARCITY,25
2015-11-25,THG,Q0_SKIP,0,84.2,274881.124322029,685.9043220289824,687.2028108050725,0.0,10995.24497288116,0.0,CASH_SCARCITY,25
2015-11-25,GOOG,Q0_SKIP,0,748.15,274881.124322029,685.9043220289824,687.2028108050725,0.0,10995.24497288116,0.0,CASH_SCARCITY,25
2015-11-25,CB1,Q0_SKIP,0,130.51,274881.124322029,685.9043220289824,687.2028108050725,0.0,10995.24497288116,0.0,CASH_SCARCITY,25
2015-11-25,GPN,Q0_SKIP,0,72.44,274881.124322029,685.9043220289824,687.2028108050725,0.0,10995.24497288116,0.0,CASH_SCARCITY,25
2015-11-25,BEE,Q0_SKIP,0,14.13,274881.124322029,685.9043220289824,687.2028108050725,0.0,10995.24497288116,0.0,CASH_SCARCITY,25
2015-11-25,NVDA,Q0_SKIP,0,31.13,274881.124322029,685.9043220289824,687.2028108050725,0.0,10995.24497288116,0.0,CASH_SCARCITY,25
2015-11-25,SGI,Q0_SKIP,0,81.04999999999998,274881.124322029,685.9043220289824,687.2028108050725,0.0,10995.24497288116,0.0,CASH_SCARCITY,25
2015-11-25,TTWO,Q0_SKIP,0,35.62,274881.124322029,685.9043220289824,687.2028108050725,0.0,10995.24497288116,0.0,CASH_SCARCITY,25
2015-11-25,EXR,Q0_SKIP,0,83.44,274881.124322029,685.9043220289824,687.2028108050725,0.0,10995.24497288116,0.0,CASH_SCARCITY,25
2015-11-25,ORI,Q0_SKIP,0,19.0,274881.124322029,685.9043220289824,687.2028108050725,0.0,10995.24497288116,0.0,CASH_SCARCITY,25
2015-11-25,LUV,Q0_SKIP,0,45.88,274881.124322029,685.9043220289824,687.2028108050725,0.0,10995.24497288116,0.0,CASH_SCARCITY,25
2015-11-25,WP,Q0_SKIP,0,52.51,274881.124322029,685.9043220289824,687.2028108050725,0.0,10995.24497288116,0.0,CASH_SCARCITY,25
2015-11-25,STZ,Q0_SKIP,0,143.19,274881.124322029,685.9043220289824,687.2028108050725,0.0,10995.24497288116,0.0,CASH_SCARCITY,25
2015-11-25,CHE,Q0_SKIP,0,154.39,274881.124322029,685.9043220289824,687.2028108050725,0.0,10995.24497288116,0.0,CASH_SCARCITY,25
2015-11-25,DY,Q0_SKIP,0,86.67,274881.124322029,685.9043220289824,687.2028108050725,0.0,10995.24497288116,0.0,CASH_SCARCITY,25
2015-11-25,ULTI1,Q0_SKIP,0,198.18,274881.124322029,685.9043220289824,687.2028108050725,0.0,10995.24497288116,0.0,CASH_SCARCITY,25
2015-11-25,AYI,Q0_SKIP,0,229.63,274881.124322029,685.9043220289824,687.2028108050725,0.0,10995.24497288116,0.0,CASH_SCARCITY,25
2015-11-25,DMND,Q0_SKIP,0,41.3,274881.124322029,685.9043220289824,687.2028108050725,0.0,10995.24497288116,0.0,CASH_SCARCITY,25
2015-11-25,MXL,Q0_SKIP,0,17.17,274881.124322029,685.9043220289824,687.2028108050725,0.0,10995.24497288116,0.0,CASH_SCARCITY,25
2015-11-25,NTGR,Q0_SKIP,0,43.12,274881.124322029,685.9043220289824,687.2028108050725,0.0,10995.24497288116,0.0,CASH_SCARCITY,25
2015-11-25,VA,Q0_SKIP,0,35.69,274881.124322029,685.9043220289824,687.2028108050725,0.0,10995.24497288116,0.0,CASH_SCARCITY,25
2015-11-25,ALK,Q0_SKIP,0,79.61,274881.124322029,685.9043220289824,687.2028108050725,0.0,10995.24497288116,0.0,CASH_SCARCITY,25
2015-11-25,MYGN,Q0_SKIP,0,43.82,274881.124322029,685.9043220289824,687.2028108050725,0.0,10995.24497288116,0.0,CASH_SCARCITY,25
2015-11-25,FNFG,Q0_SKIP,0,10.75,274881.124322029,685.9043220289824,687.2028108050725,0.0,10995.24497288116,0.0,CASH_SCARCITY,25
2015-11-25,GAS,Q0_SKIP,0,62.49,274881.124322029,685.9043220289824,687.2028108050725,0.0,10995.24497288116,0.0,CASH_SCARCITY,25
2015-11-25,EW,Q0_SKIP,0,163.67,274881.124322029,685.9043220289824,687.2028108050725,0.0,10995.24497288116,0.0,CASH_SCARCITY,25
2015-11-25,ITCI,Q0_SKIP,0,58.28,274881.124322029,685.9043220289824,687.2028108050725,0.0,10995.24497288116,0.0,CASH_SCARCITY,25
2015-11-25,CYT1,Q0_SKIP,0,74.76,274881.124322029,685.9043220289824,687.2028108050725,0.0,10995.24497288116,0.0,CASH_SCARCITY,25
2015-11-25,ATHN1,Q0_SKIP,0,166.77,274881.124322029,685.9043220289824,687.2028108050725,0.0,10995.24497288116,0.0,CASH_SCARCITY,25
2015-11-25,HRB,Q0_SKIP,0,36.94,274881.124322029,685.9043220289824,687.2028108050725,0.0,10995.24497288116,0.0,CASH_SCARCITY,25
2015-11-25,TAP,Q0_SKIP,0,92.5,274881.124322029,685.9043220289824,687.2028108050725,0.0,10995.24497288116,0.0,CASH_SCARCITY,25
2015-11-25,ANDV,Q0_SKIP,0,117.3,274881.124322029,685.9043220289824,687.2028108050725,0.0,10995.24497288116,0.0,CASH_SCARCITY,25
2015-11-25,GWRE,Q0_SKIP,0,59.74,274881.124322029,685.9043220289824,687.2028108050725,0.0,10995.24497288116,0.0,CASH_SCARCITY,25
2015-11-25,MSFT,Q0_SKIP,0,53.69,274881.124322029,685.9043220289824,687.2028108050725,0.0,10995.24497288116,0.0,CASH_SCARCITY,25
2015-11-25,DHI,Q0_SKIP,0,32.74,274881.124322029,685.9043220289824,687.2028108050725,0.0,10995.24497288116,0.0,CASH_SCARCITY,25
2015-11-25,CCE1,Q0_SKIP,0,51.44,274881.124322029,685.9043220289824,687.2028108050725,0.0,10995.24497288116,0.0,CASH_SCARCITY,25
2015-11-25,ACORQ,Q0_SKIP,0,38.06,274881.124322029,685.9043220289824,687.2028108050725,0.0,10995.24497288116,0.0,CASH_SCARCITY,25
2015-11-25,CAM2,Q0_SKIP,0,68.09,274881.124322029,685.9043220289824,687.2028108050725,0.0,10995.24497288116,0.0,CASH_SCARCITY,25
2015-11-25,KITE,Q0_SKIP,0,87.0,274881.124322029,685.9043220289824,687.2028108050725,0.0,10995.24497288116,0.0,CASH_SCARCITY,25
2015-11-25,GES,Q0_SKIP,0,20.86,274881.124322029,685.9043220289824,687.2028108050725,0.0,10995.24497288116,0.0,CASH_SCARCITY,25
2015-11-25,PMCS,Q0_SKIP,0,11.78,274881.124322029,685.9043220289824,687.2028108050725,0.0,10995.24497288116,0.0,CASH_SCARCITY,25
2015-11-25,PRTA,Q0_SKIP,0,73.19,274881.124322029,685.9043220289824,687.2028108050725,0.0,10995.24497288116,0.0,CASH_SCARCITY,25
2015-11-25,GGAL,Q0_SKIP,0,24.46,274881.124322029,685.9043220289824,687.2028108050725,0.0,10995.24497288116,0.0,CASH_SCARCITY,25
2015-11-25,ANAC1,Q0_SKIP,0,118.06,274881.124322029,685.9043220289824,687.2028108050725,0.0,10995.24497288116,0.0,CASH_SCARCITY,25
2015-11-25,SWI1,Q0_SKIP,0,58.15,274881.124322029,685.9043220289824,687.2028108050725,0.0,10995.24497288116,0.0,CASH_SCARCITY,25
2015-11-25,DXCM,Q0_SKIP,0,87.4,274881.124322029,685.9043220289824,687.2028108050725,0.0,10995.24497288116,0.0,CASH_SCARCITY,25
2015-11-25,TCRT,Q0_SKIP,0,12.92,274881.124322029,685.9043220289824,687.2028108050725,0.0,10995.24497288116,0.0,CASH_SCARCITY,25
2015-11-25,PTLA,Q0_SKIP,0,49.97,274881.124322029,685.9043220289824,687.2028108050725,0.0,10995.24497288116,0.0,CASH_SCARCITY,25
2015-11-25,MDCO,Q0_SKIP,0,42.64,274881.124322029,685.9043220289824,687.2028108050725,0.0,10995.24497288116,0.0,CASH_SCARCITY,25
2015-11-25,PBF,Q0_SKIP,0,41.29,274881.124322029,685.9043220289824,687.2028108050725,0.0,10995.24497288116,0.0,CASH_SCARCITY,25
2015-11-25,NFLX,Q0_SKIP,0,124.16,274881.124322029,685.9043220289824,687.2028108050725,0.0,10995.24497288116,0.0,CASH_SCARCITY,25
2015-11-25,SINA,Q0_SKIP,0,51.01,274881.124322029,685.9043220289824,687.2028108050725,0.0,10995.24497288116,0.0,CASH_SCARCITY,25
2015-11-27,ATVI,PLAN,1,37.24,275116.97432202904,751.9043220289824,687.7924358050726,64.11188622390978,11004.678972881162,0.005825875191988857,,25
2016-02-04,TAL,PLAN,205,47.95,246209.43891202897,56387.95891202898,615.5235972800724,55772.43531474891,9848.377556481159,1.0,,25
2016-02-08,HRL,PLAN,115,81.4,236168.00849121797,55939.93849121799,590.4200212280449,55349.51846998994,9446.720339648718,1.0,,25
2016-02-09,DLR,PLAN,122,77.15,236671.746141218,46628.28614121799,591.679365353045,46036.606775864944,9466.86984564872,1.0,,25
2016-02-11,TSN,PLAN,157,60.05,236172.84936121802,49384.269361217994,590.432123403045,48793.83723781495,9446.91397444872,1.0,,25
2016-02-19,HPY,PLAN,106,92.33,245897.29011121803,39963.16011121799,614.7432252780451,39348.41688593995,9835.891604448721,1.0,,25
2016-02-22,EDU,PLAN,311,31.77,247782.023911218,30127.133911217992,619.4550597780451,29507.67885143995,9911.280956448722,1.0,,25
2016-03-03,HMIN,PLAN,289,35.02,253663.71430121802,20474.834301217994,634.1592857530451,19840.67501546495,10146.548572048721,1.0,,25
2016-03-09,ATO,PLAN,139,70.91,253924.80307746746,10571.483077467534,634.8120076936686,9936.671069773865,10156.992123098698,0.978308435149439,,25
2016-03-11,AWK,Q0_SKIP,0,68.11,259119.53546746756,694.0054674675357,647.798838668669,46.206628798866745,10364.781418698703,0.00445804179869217,CASH_SCARCITY,25
2016-03-11,QIHU,Q0_SKIP,0,75.12999999999998,259119.53546746756,694.0054674675357,647.798838668669,46.206628798866745,10364.781418698703,0.00445804179869217,CASH_SCARCITY,25
2016-03-11,ACC,PLAN,1,45.14,259119.53546746756,694.0054674675357,647.798838668669,46.206628798866745,10364.781418698703,0.00445804179869217,,25
2016-05-06,CPB,PLAN,168,63.92,269595.2506367475,61643.560636747534,673.9881265918688,60969.57251015567,10783.8100254699,1.0,,25
2016-05-16,AG,PLAN,965,11.23,271366.4518703002,51017.85187030021,678.4161296757505,50339.43574062446,10854.658074812009,1.0,,25
2016-05-20,B,PLAN,582,18.2,265201.53717030026,39890.35717030021,663.0038429257506,39227.35332737446,10608.06148681201,1.0,,25
2016-05-23,BKH,PLAN,181,58.19,264372.20847030025,29491.26847030021,660.9305211757506,28830.33794912446,10574.88833881201,1.0,,25
2016-05-25,CDE,PLAN,1395,7.66,267463.4099703003,18892.17997030021,668.6585249257507,18223.52144537446,10698.536398812012,1.0,,25
2016-06-07,AWK,PLAN,97,75.97,272874.14737030026,8110.247370300211,682.1853684257507,7428.06200187446,10914.96589481201,0.6805391856886233,,25
2016-08-30,AMH,PLAN,433,21.82,280127.4884803003,10162.46848030021,700.3187212007507,9462.149759099459,11205.099539212011,0.8444503081821686,,25
2016-09-30,EXEL,PLAN,871,12.79,278989.6836703003,12908.143670300211,697.4742091757507,12210.66946112446,11159.587346812012,1.0,,25
2016-10-28,NVDA,PLAN,152,70.56,269490.1490103002,44432.10901030022,673.7253725257506,43758.383637774474,10779.60596041201,1.0,,25
2016-11-03,GEN,PLAN,415,25.45,264849.4174103002,33659.747410300224,662.1235435257504,32997.62386677448,10593.976696412006,1.0,,25
2016-11-04,BRSL,PLAN,384,27.69,266637.78451030026,23997.19451030022,666.5944612757506,23330.60004902447,10665.51138041201,1.0,,25
2016-11-07,CWEI,PLAN,103,104.34,270880.7283103002,13215.223310300222,677.2018207757505,12538.021489524472,10835.229132412009,1.0,,25
2016-11-28,DPZ,PLAN,66,170.04,282319.0438950938,20385.543895093753,705.7976097377344,19679.746285356017,11292.761755803751,1.0,,25
2016-12-13,FNSR,PLAN,275,31.73,282883.6618150937,9457.431815093752,707.2091545377343,8750.222660556017,11315.34647260375,0.7733057650282027,,25
2016-12-28,CFG,PLAN,6,36.0,284087.36931509373,940.359315093754,710.2184232877344,230.14089180601968,11363.49477260375,0.020252650827179187,,25
2017-05-08,WNC,PLAN,582,21.82,318323.53445509373,30782.244455093754,795.8088361377344,29986.43561895602,12732.94137820375,1.0,,25
2017-06-14,RACE,PLAN,145,88.42,321236.95865509385,33324.12865509375,803.0923966377346,32521.036258456017,12849.478346203754,1.0,,25
2017-06-15,SITE,PLAN,254,50.22,320183.97475509375,20867.784755093755,800.4599368877343,20067.32481820602,12807.35899020375,1.0,,25
2017-07-14,ISRG,PLAN,13,951.75,328851.7830279658,41357.82302796576,822.1294575699145,40535.693570395844,13154.071321118632,1.0,,25
2017-07-24,HRC,PLAN,157,84.09999999999998,332059.46576867974,28931.43576867976,830.1486644216993,28101.28710425806,13282.37863074719,1.0,,25
2017-07-31,FIZZ,PLAN,128,102.12,329353.3873586798,15775.417358679762,823.3834683966995,14952.033890283063,13174.135494347192,1.0,,25
2017-08-04,WGHTQ,PLAN,42,41.39,331266.92639867973,2601.296398679764,828.1673159966994,1773.1290826830646,13250.67705594719,0.13381422512951865,,25
2018-02-14,EC,PLAN,563,17.38,380547.2942304844,10754.179230484502,951.3682355762111,9802.810994908292,15221.891769219377,0.6439942645454119,,25
2018-03-06,NKTR,PLAN,2,98.09,375420.4145689582,1215.594568958238,938.5510364223956,277.04353253584236,15016.816582758329,0.018448885688191197,,25
2018-04-19,GMED,PLAN,297,51.08,380817.4375608802,32162.44756088024,952.0435939022005,31210.40396697804,15232.697502435209,1.0,,25
2018-05-01,VIRT,PLAN,418,36.05,377876.25843088026,17225.298430880237,944.6906460772007,16280.607784803036,15115.05033723521,1.0,,25
2018-06-13,ABMD,PLAN,24,433.07,409011.84887317556,11566.598873175612,1022.529622182939,10544.069250992672,16360.473954927023,0.6444843395149492,,25
2018-07-05,WWE,PLAN,5,75.37,390385.23431317555,1367.814313175614,975.9630857829388,391.8512273926751,15615.409372527021,0.025093881181371958,,25
2018-08-28,TNDM,PLAN,388,40.59,394294.59151317563,72948.6115131756,985.7364787829391,71962.87503439265,15771.783660527026,1.0,,25
2018-08-29,AMED,PLAN,129,122.98,398367.44117190584,57191.7103531756,995.9186029297646,56195.79175024584,15934.697646876233,1.0,,25
2018-08-30,IIN,PLAN,219,72.7,398633.19448190584,41511.78448190585,996.5829862047647,40515.20149570109,15945.327779276235,1.0,,25
2018-09-12,FNKO,PLAN,645,24.55,396663.8966319059,48175.116631905854,991.6597415797648,47183.45689032609,15866.555865276237,1.0,,25
2018-09-17,EPAY,PLAN,231,66.77,387399.9946819059,32919.51468190585,968.4999867047648,31951.014695201084,15495.999787276236,1.0,,25
2018-10-05,WCG,PLAN,47,315.44,377032.80304190586,42771.49304190586,942.5820076047647,41828.91103430109,15081.312121676236,1.0,,25
2018-11-01,REGI,PLAN,447,31.21,349852.7851519059,90335.35515190587,874.6319628797647,89460.7231890261,13994.111406076236,1.0,,25
2018-11-05,TNDM,PLAN,367,37.88,348166.7591219059,76245.24912190587,870.4168978047647,75374.8322241011,13926.670364876236,1.0,,25
2018-11-08,IDTI,PLAN,302,46.9,354980.8959319059,62443.27093190587,887.4522398297647,61555.81869207611,14199.235837276236,1.0,,25
2018-11-12,LLY,PLAN,119,113.2,339414.8066119059,58949.08661190587,848.5370165297649,58100.549595376106,13576.592264476238,1.0,,25
2018-11-26,MKC,PLAN,91,144.74,332843.7590719059,75734.70907190588,832.1093976797648,74902.5996742261,13313.750362876237,1.0,,25
2018-11-29,CABO,PLAN,15,885.9299999999998,342593.0612919059,62603.46129190588,856.4826532297648,61746.97863867611,13703.722451676236,1.0,,25
2018-12-13,MZTI,PLAN,72,186.26,337075.48984190595,49352.93984190588,842.6887246047648,48510.251117301115,13483.019593676237,1.0,,25
2018-12-14,AEE,PLAN,189,69.81,331812.91100190586,50911.60100190588,829.5322775047647,50082.06872440111,13272.516440076235,1.0,,25
2018-12-18,HELE,PLAN,95,136.49,324507.2415519059,37658.91155190588,811.2681038797648,36847.643448026116,12980.289662076237,1.0,,25
2018-12-24,ESL,PLAN,101,121.1,306183.1521519059,24676.542151905884,765.4578803797647,23911.08427152612,12247.326086076235,1.0,,25
2018-12-26,SAVEQ,PLAN,220,57.76,318420.85863190587,22885.058631905886,796.0521465797647,22089.00648532612,12736.834345276235,1.0,,25
2019-01-16,TRCO,PLAN,208,45.86,333617.58963190584,10417.049631905888,834.0439740797647,9583.005657826123,13344.703585276235,0.7181130398729464,,25
2019-01-28,AU,PLAN,14,13.54,333487.39907190594,1028.7590719058887,833.7184976797648,195.0405742261239,13339.495962876237,0.014621285149672899,,25
2019-04-26,SEE,PLAN,311,46.43,361492.52217190596,29121.46217190589,903.7313054297649,28217.730866476122,14459.700886876239,1.0,,25
2019-05-14,ZNGA,PLAN,2349,6.01,353377.8500919059,25547.62009190589,883.4446252297648,24664.175466676126,14135.114003676237,1.0,,25
2019-05-30,FICO,PLAN,36,297.56,351890.1026019059,11731.46260190589,879.7252565047647,10851.737345401125,14075.604104076236,0.770960682409255,,25
2019-07-10,ERIE,PLAN,55,264.81,370730.5660819059,36406.046081905886,926.8264152047648,35479.21966670112,14829.222643276236,1.0,,25
2019-07-15,SHOP,PLAN,45,324.02,372123.57228190586,21807.662281905887,930.3089307047646,20877.353351201124,14884.942891276234,1.0,,25
2019-07-22,PRO,PLAN,99,66.09,368066.47758190596,7486.397581905887,920.1661939547649,6566.231387951122,14722.659103276239,0.4459949348749056,,25
2019-10-29,AWR,PLAN,157,93.81,370676.5482519058,39830.56825190588,926.6913706297646,38903.87688127612,14827.061930076234,1.0,,25
2019-10-31,AQN,PLAN,1079,13.72,370658.59793190594,25095.527931905883,926.6464948297648,24168.881437076117,14826.343917276237,1.0,,25
2019-11-15,RH,PLAN,50,188.47,379004.26405190595,10485.204051905883,947.5106601297649,9537.693391776118,15160.170562076239,0.6291283698110253,,25
2019-11-27,GNRC,PLAN,1,99.04,388219.0675519059,1167.9575519058842,970.5476688797647,197.40988302611947,15528.762702076236,0.012712531372491464,,25
2020-04-06,REGN,PLAN,26,504.27,333679.58976977493,247429.17976977487,834.1989744244373,246594.98079535042,13347.183590790997,1.0,,25
2020-04-08,BILI,PLAN,512,26.2,335837.51670977485,234343.04670977488,839.5937917744371,233503.45291800043,13433.500668390994,1.0,,25
2020-04-14,TDOC,PLAN,86,157.33,338632.70750977495,220069.58750977486,846.5817687744374,219223.00574100044,13545.308300390998,1.0,,25
2020-04-15,FIT,PLAN,2004,6.76,339037.26096977486,206219.21096977487,847.5931524244371,205371.61781735043,13561.490438790994,1.0,,25
2020-04-16,CCOI,PLAN,150,90.75,342373.6040497748,192718.80404977486,855.934010124437,191862.8700396504,13694.944161990992,1.0,,25
2020-04-17,ZM,PLAN,91,150.06,343730.58904977486,178980.07904977485,859.3264726244372,178120.75257715042,13749.223561990995,1.0,,25
2020-04-20,CODX,PLAN,941,14.58,343648.5487497748,165015.82874977484,859.121371874437,164156.7073779004,13745.941949990993,1.0,,25
2020-04-21,AXSM,PLAN,204,66.37,339251.4548097748,151508.39480977485,848.128637024437,150660.26617275042,13570.058192390992,1.0,,25
2020-04-22,EVBG,PLAN,113,122.05,345205.1370097748,137836.93700977485,863.012842524437,136973.9241672504,13808.205480390992,1.0,,25
2020-04-23,EHTH,PLAN,109,126.25,345933.8620297748,124098.23202977485,864.834655074437,123233.39737470042,13837.354481190992,1.0,,25
2020-04-24,SE,PLAN,254,54.39,345867.1216197749,110624.36161977485,864.6678040494372,109759.6938157254,13834.684864790996,1.0,,25
2020-04-27,DXCM,PLAN,41,335.05,349330.4447797749,96523.43477977485,873.3261119494372,95650.1086678254,13973.217791190995,1.0,,25
2020-04-28,XLRN,PLAN,145,94.36000000000001,343756.4637471579,82774.28374715785,859.3911593678947,81914.89258778996,13750.258549886315,1.0,,25
2020-04-29,QDEL,PLAN,97,139.7,341905.48734715785,68793.91734715785,854.7637183678946,67939.15362878997,13676.219493886314,1.0,,25
2020-04-30,VXRT,PLAN,4976,2.7,336242.2838871579,55377.053887157854,840.6057097178948,54536.44817743996,13449.691355486317,1.0,,25
2020-05-01,AUPH,PLAN,849,15.69,333713.42228715785,41181.27228715786,834.2835557178946,40346.98873143997,13348.536891486314,1.0,,25
2020-05-04,CCXI1,PLAN,249,54.54,339963.03147715796,27847.14147715786,849.907578692895,26997.233898464965,13598.52125908632,1.0,,25
2020-05-05,GOTU,PLAN,334,39.68,345071.2264771578,14138.446477157862,862.6780661928944,13275.768410964967,13802.849059086311,0.9618136338472548,,25
2020-05-06,ARVN,Q0_SKIP,0,52.7,350401.6113571579,910.1113571578644,876.0040283928947,34.10732876496968,14016.064454286316,0.002433445485086876,CASH_SCARCITY,25
2020-05-06,VIRT,PLAN,1,25.07,350401.6113571579,910.1113571578644,876.0040283928947,34.10732876496968,14016.064454286316,0.002433445485086876,,25
2020-05-07,LMNX1,Q0_SKIP,0,38.83,354217.66135715786,910.1113571578644,885.5441533928947,24.56720376496969,14168.706454286315,0.0017339059034240647,CASH_SCARCITY,25
2020-05-07,ARVN,Q0_SKIP,0,54.63,354217.66135715786,910.1113571578644,885.5441533928947,24.56720376496969,14168.706454286315,0.0017339059034240647,CASH_SCARCITY,25
2020-05-07,VIRT,Q0_SKIP,0,25.73,354217.66135715786,910.1113571578644,885.5441533928947,24.56720376496969,14168.706454286315,0.0017339059034240647,CASH_SCARCITY,25
2020-05-07,NVAX,PLAN,1,18.15,354217.66135715786,910.1113571578644,885.5441533928947,24.56720376496969,14168.706454286315,0.0017339059034240647,,25
2020-05-08,LMNX1,Q0_SKIP,0,33.245,356973.1813571578,910.1113571578644,892.4329533928945,17.678403764969858,14278.927254286313,0.0012380764640188972,CASH_SCARCITY,25
2020-05-08,ARVN,Q0_SKIP,0,52.78,356973.1813571578,910.1113571578644,892.4329533928945,17.678403764969858,14278.927254286313,0.0012380764640188972,CASH_SCARCITY,25
2020-05-08,NVAX,Q0_SKIP,0,18.73,356973.1813571578,910.1113571578644,892.4329533928945,17.678403764969858,14278.927254286313,0.0012380764640188972,CASH_SCARCITY,25
2020-05-08,MASI,Q0_SKIP,0,237.14,356973.1813571578,910.1113571578644,892.4329533928945,17.678403764969858,14278.927254286313,0.0012380764640188972,CASH_SCARCITY,25
2020-05-08,PRNB,Q0_SKIP,0,61.45,356973.1813571578,910.1113571578644,892.4329533928945,17.678403764969858,14278.927254286313,0.0012380764640188972,CASH_SCARCITY,25
2020-05-08,MRNA,Q0_SKIP,0,59.25,356973.1813571578,910.1113571578644,892.4329533928945,17.678403764969858,14278.927254286313,0.0012380764640188972,CASH_SCARCITY,25
2020-05-08,CTXS,Q0_SKIP,0,150.98,356973.1813571578,910.1113571578644,892.4329533928945,17.678403764969858,14278.927254286313,0.0012380764640188972,CASH_SCARCITY,25
2020-05-08,CHWY,Q0_SKIP,0,39.41,356973.1813571578,910.1113571578644,892.4329533928945,17.678403764969858,14278.927254286313,0.0012380764640188972,CASH_SCARCITY,25
2020-05-08,ZTO,Q0_SKIP,0,31.15,356973.1813571578,910.1113571578644,892.4329533928945,17.678403764969858,14278.927254286313,0.0012380764640188972,CASH_SCARCITY,25
2020-05-08,ENPH,Q0_SKIP,0,57.28,356973.1813571578,910.1113571578644,892.4329533928945,17.678403764969858,14278.927254286313,0.0012380764640188972,CASH_SCARCITY,25
2020-05-08,MNTA,Q0_SKIP,0,32.76,356973.1813571578,910.1113571578644,892.4329533928945,17.678403764969858,14278.927254286313,0.0012380764640188972,CASH_SCARCITY,25
2020-05-08,APT,PLAN,1,13.05,356973.1813571578,910.1113571578644,892.4329533928945,17.678403764969858,14278.927254286313,0.0012380764640188972,,25
2020-05-11,BAND,Q0_SKIP,0,109.9,370975.2113571579,910.1113571578644,927.4380283928948,0.0,14839.008454286317,0.0,CASH_SCARCITY,25
2020-05-11,VIRT,Q0_SKIP,0,24.34,370975.2113571579,910.1113571578644,927.4380283928948,0.0,14839.008454286317,0.0,CASH_SCARCITY,25
2020-05-11,LMNX1,Q0_SKIP,0,34.46,370975.2113571579,910.1113571578644,927.4380283928948,0.0,14839.008454286317,0.0,CASH_SCARCITY,25
2020-05-11,NEM,Q0_SKIP,0,62.95,370975.2113571579,910.1113571578644,927.4380283928948,0.0,14839.008454286317,0.0,CASH_SCARCITY,25
2020-05-11,ARVN,Q0_SKIP,0,56.74,370975.2113571579,910.1113571578644,927.4380283928948,0.0,14839.008454286317,0.0,CASH_SCARCITY,25
2020-05-11,PRNB,Q0_SKIP,0,66.61,370975.2113571579,910.1113571578644,927.4380283928948,0.0,14839.008454286317,0.0,CASH_SCARCITY,25
2020-05-11,NVAX,Q0_SKIP,0,24.5,370975.2113571579,910.1113571578644,927.4380283928948,0.0,14839.008454286317,0.0,CASH_SCARCITY,25
2020-05-11,RCUS,Q0_SKIP,0,30.45,370975.2113571579,910.1113571578644,927.4380283928948,0.0,14839.008454286317,0.0,CASH_SCARCITY,25
2020-05-11,MASI,Q0_SKIP,0,250.39,370975.2113571579,910.1113571578644,927.4380283928948,0.0,14839.008454286317,0.0,CASH_SCARCITY,25
2020-05-11,INSG,Q0_SKIP,0,11.19,370975.2113571579,910.1113571578644,927.4380283928948,0.0,14839.008454286317,0.0,CASH_SCARCITY,25
2020-05-11,PLUR,Q0_SKIP,0,9.57,370975.2113571579,910.1113571578644,927.4380283928948,0.0,14839.008454286317,0.0,CASH_SCARCITY,25
2020-05-11,ENPH,Q0_SKIP,0,59.58,370975.2113571579,910.1113571578644,927.4380283928948,0.0,14839.008454286317,0.0,CASH_SCARCITY,25
2020-05-11,MNTA,Q0_SKIP,0,34.3,370975.2113571579,910.1113571578644,927.4380283928948,0.0,14839.008454286317,0.0,CASH_SCARCITY,25
2020-05-11,LM,Q0_SKIP,0,49.84,370975.2113571579,910.1113571578644,927.4380283928948,0.0,14839.008454286317,0.0,CASH_SCARCITY,25
2020-05-11,CLX,Q0_SKIP,0,205.81,370975.2113571579,910.1113571578644,927.4380283928948,0.0,14839.008454286317,0.0,CASH_SCARCITY,25
2020-05-11,DOCU,Q0_SKIP,0,120.65,370975.2113571579,910.1113571578644,927.4380283928948,0.0,14839.008454286317,0.0,CASH_SCARCITY,25
2020-05-11,FATE,Q0_SKIP,0,30.22,370975.2113571579,910.1113571578644,927.4380283928948,0.0,14839.008454286317,0.0,CASH_SCARCITY,25
2020-05-11,APT,Q0_SKIP,0,12.88,370975.2113571579,910.1113571578644,927.4380283928948,0.0,14839.008454286317,0.0,CASH_SCARCITY,25
2020-05-11,B,Q0_SKIP,0,26.02,370975.2113571579,910.1113571578644,927.4380283928948,0.0,14839.008454286317,0.0,CASH_SCARCITY,25
2020-05-11,MRNA,Q0_SKIP,0,66.9,370975.2113571579,910.1113571578644,927.4380283928948,0.0,14839.008454286317,0.0,CASH_SCARCITY,25
2020-05-11,ZS,Q0_SKIP,0,76.95999999999998,370975.2113571579,910.1113571578644,927.4380283928948,0.0,14839.008454286317,0.0,CASH_SCARCITY,25
2020-05-11,CGEN,Q0_SKIP,0,15.58,370975.2113571579,910.1113571578644,927.4380283928948,0.0,14839.008454286317,0.0,CASH_SCARCITY,25
2020-05-11,INO,Q0_SKIP,0,11.9,370975.2113571579,910.1113571578644,927.4380283928948,0.0,14839.008454286317,0.0,CASH_SCARCITY,25
2020-05-11,ZTO,Q0_SKIP,0,32.45,370975.2113571579,910.1113571578644,927.4380283928948,0.0,14839.008454286317,0.0,CASH_SCARCITY,25
2020-05-11,TSLA,Q0_SKIP,0,811.2899999999998,370975.2113571579,910.1113571578644,927.4380283928948,0.0,14839.008454286317,0.0,CASH_SCARCITY,25
2020-05-11,AKBA,Q0_SKIP,0,12.85,370975.2113571579,910.1113571578644,927.4380283928948,0.0,14839.008454286317,0.0,CASH_SCARCITY,25
2020-05-11,CTXS,Q0_SKIP,0,154.02,370975.2113571579,910.1113571578644,927.4380283928948,0.0,14839.008454286317,0.0,CASH_SCARCITY,25
2020-05-11,NG,Q0_SKIP,0,10.85,370975.2113571579,910.1113571578644,927.4380283928948,0.0,14839.008454286317,0.0,CASH_SCARCITY,25
2020-05-11,BNTX,Q0_SKIP,0,49.98,370975.2113571579,910.1113571578644,927.4380283928948,0.0,14839.008454286317,0.0,CASH_SCARCITY,25
2020-05-11,STMP,Q0_SKIP,0,216.2,370975.2113571579,910.1113571578644,927.4380283928948,0.0,14839.008454286317,0.0,CASH_SCARCITY,25
2020-05-11,FIVN,Q0_SKIP,0,105.18,370975.2113571579,910.1113571578644,927.4380283928948,0.0,14839.008454286317,0.0,CASH_SCARCITY,25
2020-05-11,SHOP,Q0_SKIP,0,750.34,370975.2113571579,910.1113571578644,927.4380283928948,0.0,14839.008454286317,0.0,CASH_SCARCITY,25
2020-05-11,LOGM,Q0_SKIP,0,85.31999999999998,370975.2113571579,910.1113571578644,927.4380283928948,0.0,14839.008454286317,0.0,CASH_SCARCITY,25
2020-05-11,NFLX,Q0_SKIP,0,440.52,370975.2113571579,910.1113571578644,927.4380283928948,0.0,14839.008454286317,0.0,CASH_SCARCITY,25
2020-05-11,JD,Q0_SKIP,0,46.72,370975.2113571579,910.1113571578644,927.4380283928948,0.0,14839.008454286317,0.0,CASH_SCARCITY,25
2020-05-11,ALNY,Q0_SKIP,0,142.43,370975.2113571579,910.1113571578644,927.4380283928948,0.0,14839.008454286317,0.0,CASH_SCARCITY,25
2020-05-11,VRTX,Q0_SKIP,0,285.28,370975.2113571579,910.1113571578644,927.4380283928948,0.0,14839.008454286317,0.0,CASH_SCARCITY,25
2020-05-11,DKNG,Q0_SKIP,0,24.46,370975.2113571579,910.1113571578644,927.4380283928948,0.0,14839.008454286317,0.0,CASH_SCARCITY,25
2020-05-11,AXON,Q0_SKIP,0,84.92,370975.2113571579,910.1113571578644,927.4380283928948,0.0,14839.008454286317,0.0,CASH_SCARCITY,25
2020-05-11,QGEN,Q0_SKIP,0,42.9,370975.2113571579,910.1113571578644,927.4380283928948,0.0,14839.008454286317,0.0,CASH_SCARCITY,25
2020-05-11,NET,Q0_SKIP,0,28.12,370975.2113571579,910.1113571578644,927.4380283928948,0.0,14839.008454286317,0.0,CASH_SCARCITY,25
2020-05-11,ATRC,Q0_SKIP,0,46.03,370975.2113571579,910.1113571578644,927.4380283928948,0.0,14839.008454286317,0.0,CASH_SCARCITY,25
2020-05-11,CLVT,Q0_SKIP,0,23.37,370975.2113571579,910.1113571578644,927.4380283928948,0.0,14839.008454286317,0.0,CASH_SCARCITY,25
2020-05-11,RARE,Q0_SKIP,0,67.36,370975.2113571579,910.1113571578644,927.4380283928948,0.0,14839.008454286317,0.0,CASH_SCARCITY,25
2020-05-11,CEMI,Q0_SKIP,0,12.03,370975.2113571579,910.1113571578644,927.4380283928948,0.0,14839.008454286317,0.0,CASH_SCARCITY,25
2020-05-11,TEAM,Q0_SKIP,0,176.6,370975.2113571579,910.1113571578644,927.4380283928948,0.0,14839.008454286317,0.0,CASH_SCARCITY,25
2020-05-11,AMD,Q0_SKIP,0,55.74,370975.2113571579,910.1113571578644,927.4380283928948,0.0,14839.008454286317,0.0,CASH_SCARCITY,25
2020-05-11,QLYS,Q0_SKIP,0,106.52,370975.2113571579,910.1113571578644,927.4380283928948,0.0,14839.008454286317,0.0,CASH_SCARCITY,25
2020-05-11,HLI,Q0_SKIP,0,62.27,370975.2113571579,910.1113571578644,927.4380283928948,0.0,14839.008454286317,0.0,CASH_SCARCITY,25
2020-05-11,IOVA,Q0_SKIP,0,37.18,370975.2113571579,910.1113571578644,927.4380283928948,0.0,14839.008454286317,0.0,CASH_SCARCITY,25
2020-05-11,VIR,Q0_SKIP,0,31.31,370975.2113571579,910.1113571578644,927.4380283928948,0.0,14839.008454286317,0.0,CASH_SCARCITY,25
2020-05-11,VIPS,Q0_SKIP,0,17.22,370975.2113571579,910.1113571578644,927.4380283928948,0.0,14839.008454286317,0.0,CASH_SCARCITY,25
2020-05-11,CABO,Q0_SKIP,0,1910.1,370975.2113571579,910.1113571578644,927.4380283928948,0.0,14839.008454286317,0.0,CASH_SCARCITY,25
2020-05-11,OKTA,Q0_SKIP,0,174.33,370975.2113571579,910.1113571578644,927.4380283928948,0.0,14839.008454286317,0.0,CASH_SCARCITY,25
2020-05-11,FVRR,Q0_SKIP,0,52.24,370975.2113571579,910.1113571578644,927.4380283928948,0.0,14839.008454286317,0.0,CASH_SCARCITY,25
2020-05-11,KNSL,Q0_SKIP,0,135.16,370975.2113571579,910.1113571578644,927.4380283928948,0.0,14839.008454286317,0.0,CASH_SCARCITY,25
2020-05-11,LVGO,Q0_SKIP,0,53.59,370975.2113571579,910.1113571578644,927.4380283928948,0.0,14839.008454286317,0.0,CASH_SCARCITY,25
2020-05-11,WPM,Q0_SKIP,0,42.63,370975.2113571579,910.1113571578644,927.4380283928948,0.0,14839.008454286317,0.0,CASH_SCARCITY,25
2020-05-11,GBT,Q0_SKIP,0,77.04999999999998,370975.2113571579,910.1113571578644,927.4380283928948,0.0,14839.008454286317,0.0,CASH_SCARCITY,25
2020-05-11,ARCT,Q0_SKIP,0,48.45,370975.2113571579,910.1113571578644,927.4380283928948,0.0,14839.008454286317,0.0,CASH_SCARCITY,25
2020-05-11,RGEN,Q0_SKIP,0,128.13,370975.2113571579,910.1113571578644,927.4380283928948,0.0,14839.008454286317,0.0,CASH_SCARCITY,25
2020-05-11,PLUG,Q0_SKIP,0,4.31,370975.2113571579,910.1113571578644,927.4380283928948,0.0,14839.008454286317,0.0,CASH_SCARCITY,25
2020-05-11,PING,Q0_SKIP,0,28.37,370975.2113571579,910.1113571578644,927.4380283928948,0.0,14839.008454286317,0.0,CASH_SCARCITY,25
2020-05-11,PETS,Q0_SKIP,0,36.55,370975.2113571579,910.1113571578644,927.4380283928948,0.0,14839.008454286317,0.0,CASH_SCARCITY,25
2020-05-11,IPHI,Q0_SKIP,0,112.24,370975.2113571579,910.1113571578644,927.4380283928948,0.0,14839.008454286317,0.0,CASH_SCARCITY,25
2020-05-11,MSCI,Q0_SKIP,0,347.25,370975.2113571579,910.1113571578644,927.4380283928948,0.0,14839.008454286317,0.0,CASH_SCARCITY,25
2020-05-11,SPCE,Q0_SKIP,0,19.4,370975.2113571579,910.1113571578644,927.4380283928948,0.0,14839.008454286317,0.0,CASH_SCARCITY,25
2020-05-11,CIEN,Q0_SKIP,0,48.53,370975.2113571579,910.1113571578644,927.4380283928948,0.0,14839.008454286317,0.0,CASH_SCARCITY,25
2020-05-11,MOH,Q0_SKIP,0,178.86,370975.2113571579,910.1113571578644,927.4380283928948,0.0,14839.008454286317,0.0,CASH_SCARCITY,25
2020-05-11,DT,Q0_SKIP,0,33.5,370975.2113571579,910.1113571578644,927.4380283928948,0.0,14839.008454286317,0.0,CASH_SCARCITY,25
2020-05-11,WING,Q0_SKIP,0,126.48,370975.2113571579,910.1113571578644,927.4380283928948,0.0,14839.008454286317,0.0,CASH_SCARCITY,25
2020-05-11,KGC,Q0_SKIP,0,6.9,370975.2113571579,910.1113571578644,927.4380283928948,0.0,14839.008454286317,0.0,CASH_SCARCITY,25
2020-05-11,FNV,Q0_SKIP,0,141.21,370975.2113571579,910.1113571578644,927.4380283928948,0.0,14839.008454286317,0.0,CASH_SCARCITY,25
2020-05-11,GDS,Q0_SKIP,0,62.62,370975.2113571579,910.1113571578644,927.4380283928948,0.0,14839.008454286317,0.0,CASH_SCARCITY,25
2020-05-11,GRUB1,Q0_SKIP,0,46.79,370975.2113571579,910.1113571578644,927.4380283928948,0.0,14839.008454286317,0.0,CASH_SCARCITY,25
2020-05-11,CNC,Q0_SKIP,0,67.54,370975.2113571579,910.1113571578644,927.4380283928948,0.0,14839.008454286317,0.0,CASH_SCARCITY,25
2020-05-11,NVDA,Q0_SKIP,0,322.62,370975.2113571579,910.1113571578644,927.4380283928948,0.0,14839.008454286317,0.0,CASH_SCARCITY,25
2020-05-11,SNDX,Q0_SKIP,0,18.47,370975.2113571579,910.1113571578644,927.4380283928948,0.0,14839.008454286317,0.0,CASH_SCARCITY,25
2020-05-11,AXNX,Q0_SKIP,0,34.92,370975.2113571579,910.1113571578644,927.4380283928948,0.0,14839.008454286317,0.0,CASH_SCARCITY,25
2020-05-11,CRWD,Q0_SKIP,0,76.23,370975.2113571579,910.1113571578644,927.4380283928948,0.0,14839.008454286317,0.0,CASH_SCARCITY,25
2020-05-11,ETSY,Q0_SKIP,0,80.28,370975.2113571579,910.1113571578644,927.4380283928948,0.0,14839.008454286317,0.0,CASH_SCARCITY,25
2020-05-11,PTON,Q0_SKIP,0,42.8,370975.2113571579,910.1113571578644,927.4380283928948,0.0,14839.008454286317,0.0,CASH_SCARCITY,25
2020-05-11,AUDC,Q0_SKIP,0,34.2,370975.2113571579,910.1113571578644,927.4380283928948,0.0,14839.008454286317,0.0,CASH_SCARCITY,25
2020-05-11,ADVM,Q0_SKIP,0,19.8,370975.2113571579,910.1113571578644,927.4380283928948,0.0,14839.008454286317,0.0,CASH_SCARCITY,25
2020-05-11,CAG,Q0_SKIP,0,33.41,370975.2113571579,910.1113571578644,927.4380283928948,0.0,14839.008454286317,0.0,CASH_SCARCITY,25
2020-05-11,KPTI,Q0_SKIP,0,20.57,370975.2113571579,910.1113571578644,927.4380283928948,0.0,14839.008454286317,0.0,CASH_SCARCITY,25
2020-05-11,EXEL,Q0_SKIP,0,27.42,370975.2113571579,910.1113571578644,927.4380283928948,0.0,14839.008454286317,0.0,CASH_SCARCITY,25
2020-05-11,NEO,Q0_SKIP,0,28.14,370975.2113571579,910.1113571578644,927.4380283928948,0.0,14839.008454286317,0.0,CASH_SCARCITY,25
2020-05-11,TGTX,Q0_SKIP,0,20.22,370975.2113571579,910.1113571578644,927.4380283928948,0.0,14839.008454286317,0.0,CASH_SCARCITY,25
2020-05-11,EQX,Q0_SKIP,0,8.519999999999998,370975.2113571579,910.1113571578644,927.4380283928948,0.0,14839.008454286317,0.0,CASH_SCARCITY,25
2020-05-11,LITE,Q0_SKIP,0,80.79999999999998,370975.2113571579,910.1113571578644,927.4380283928948,0.0,14839.008454286317,0.0,CASH_SCARCITY,25
2020-05-11,AGIO,Q0_SKIP,0,44.13,370975.2113571579,910.1113571578644,927.4380283928948,0.0,14839.008454286317,0.0,CASH_SCARCITY,25
2020-05-11,RNG,Q0_SKIP,0,275.03,370975.2113571579,910.1113571578644,927.4380283928948,0.0,14839.008454286317,0.0,CASH_SCARCITY,25
2020-05-11,CLVSQ,Q0_SKIP,0,9.24,370975.2113571579,910.1113571578644,927.4380283928948,0.0,14839.008454286317,0.0,CASH_SCARCITY,25
2020-05-11,SMAR,Q0_SKIP,0,56.96,370975.2113571579,910.1113571578644,927.4380283928948,0.0,14839.008454286317,0.0,CASH_SCARCITY,25
2020-05-11,WORK,Q0_SKIP,0,31.26,370975.2113571579,910.1113571578644,927.4380283928948,0.0,14839.008454286317,0.0,CASH_SCARCITY,25
2020-05-11,UI,Q0_SKIP,0,187.37,370975.2113571579,910.1113571578644,927.4380283928948,0.0,14839.008454286317,0.0,CASH_SCARCITY,25
2020-05-11,IRTC,Q0_SKIP,0,131.03,370975.2113571579,910.1113571578644,927.4380283928948,0.0,14839.008454286317,0.0,CASH_SCARCITY,25
2020-05-11,DDOG,Q0_SKIP,0,55.69,370975.2113571579,910.1113571578644,927.4380283928948,0.0,14839.008454286317,0.0,CASH_SCARCITY,25
2020-05-11,MEDP,Q0_SKIP,0,85.97,370975.2113571579,910.1113571578644,927.4380283928948,0.0,14839.008454286317,0.0,CASH_SCARCITY,25
2020-05-11,TEVA,Q0_SKIP,0,11.45,370975.2113571579,910.1113571578644,927.4380283928948,0.0,14839.008454286317,0.0,CASH_SCARCITY,25
2020-05-11,TXG,Q0_SKIP,0,82.09999999999998,370975.2113571579,910.1113571578644,927.4380283928948,0.0,14839.008454286317,0.0,CASH_SCARCITY,25
2020-05-11,NIO,Q0_SKIP,0,3.74,370975.2113571579,910.1113571578644,927.4380283928948,0.0,14839.008454286317,0.0,CASH_SCARCITY,25
2020-05-11,Z,Q0_SKIP,0,55.76,370975.2113571579,910.1113571578644,927.4380283928948,0.0,14839.008454286317,0.0,CASH_SCARCITY,25
2020-05-11,SEDG,Q0_SKIP,0,122.94,370975.2113571579,910.1113571578644,927.4380283928948,0.0,14839.008454286317,0.0,CASH_SCARCITY,25
2020-05-11,BTG,Q0_SKIP,0,5.21,370975.2113571579,910.1113571578644,927.4380283928948,0.0,14839.008454286317,0.0,CASH_SCARCITY,25
2020-05-11,SRPT,Q0_SKIP,0,135.83,370975.2113571579,910.1113571578644,927.4380283928948,0.0,14839.008454286317,0.0,CASH_SCARCITY,25
2020-05-11,AYX,Q0_SKIP,0,128.4,370975.2113571579,910.1113571578644,927.4380283928948,0.0,14839.008454286317,0.0,CASH_SCARCITY,25
2020-05-11,ZG,Q0_SKIP,0,55.11,370975.2113571579,910.1113571578644,927.4380283928948,0.0,14839.008454286317,0.0,CASH_SCARCITY,25
2020-05-11,AGI,Q0_SKIP,0,7.929999999999999,370975.2113571579,910.1113571578644,927.4380283928948,0.0,14839.008454286317,0.0,CASH_SCARCITY,25
2020-05-11,GFI,Q0_SKIP,0,7.87,370975.2113571579,910.1113571578644,927.4380283928948,0.0,14839.008454286317,0.0,CASH_SCARCITY,25
2020-05-11,RADCQ,Q0_SKIP,0,13.68,370975.2113571579,910.1113571578644,927.4380283928948,0.0,14839.008454286317,0.0,CASH_SCARCITY,25
2020-05-11,FOLD,Q0_SKIP,0,12.07,370975.2113571579,910.1113571578644,927.4380283928948,0.0,14839.008454286317,0.0,CASH_SCARCITY,25
2020-05-11,AYTU,Q0_SKIP,0,1.68,370975.2113571579,910.1113571578644,927.4380283928948,0.0,14839.008454286317,0.0,CASH_SCARCITY,25
2020-05-12,NEM,Q0_SKIP,0,62.48,363680.98635715776,910.1113571578644,909.2024658928945,0.9088912649699523,14547.239454286311,6.247860756166693e-05,CASH_SCARCITY,25
2020-05-12,LMNX1,Q0_SKIP,0,34.6,363680.98635715776,910.1113571578644,909.2024658928945,0.9088912649699523,14547.239454286311,6.247860756166693e-05,CASH_SCARCITY,25
2020-05-12,BAND,Q0_SKIP,0,107.55,363680.98635715776,910.1113571578644,909.2024658928945,0.9088912649699523,14547.239454286311,6.247860756166693e-05,CASH_SCARCITY,25
2020-05-12,CHWY,Q0_SKIP,0,40.36,363680.98635715776,910.1113571578644,909.2024658928945,0.9088912649699523,14547.239454286311,6.247860756166693e-05,CASH_SCARCITY,25
2020-05-12,INSG,Q0_SKIP,0,10.62,363680.98635715776,910.1113571578644,909.2024658928945,0.9088912649699523,14547.239454286311,6.247860756166693e-05,CASH_SCARCITY,25
2020-05-12,RCUS,Q0_SKIP,0,29.29,363680.98635715776,910.1113571578644,909.2024658928945,0.9088912649699523,14547.239454286311,6.247860756166693e-05,CASH_SCARCITY,25
2020-05-12,NVAX,Q0_SKIP,0,39.82,363680.98635715776,910.1113571578644,909.2024658928945,0.9088912649699523,14547.239454286311,6.247860756166693e-05,CASH_SCARCITY,25
2020-05-12,PRNB,Q0_SKIP,0,65.57,363680.98635715776,910.1113571578644,909.2024658928945,0.9088912649699523,14547.239454286311,6.247860756166693e-05,CASH_SCARCITY,25
2020-05-12,ARVN,Q0_SKIP,0,55.75,363680.98635715776,910.1113571578644,909.2024658928945,0.9088912649699523,14547.239454286311,6.247860756166693e-05,CASH_SCARCITY,25
2020-05-12,PLUR,Q0_SKIP,0,9.76,363680.98635715776,910.1113571578644,909.2024658928945,0.9088912649699523,14547.239454286311,6.247860756166693e-05,CASH_SCARCITY,25
2020-05-12,B,Q0_SKIP,0,26.04,363680.98635715776,910.1113571578644,909.2024658928945,0.9088912649699523,14547.239454286311,6.247860756166693e-05,CASH_SCARCITY,25
2020-05-12,CEMI,Q0_SKIP,0,11.52,363680.98635715776,910.1113571578644,909.2024658928945,0.9088912649699523,14547.239454286311,6.247860756166693e-05,CASH_SCARCITY,25
2020-05-12,TSLA,Q0_SKIP,0,809.4099999999999,363680.98635715776,910.1113571578644,909.2024658928945,0.9088912649699523,14547.239454286311,6.247860756166693e-05,CASH_SCARCITY,25
2020-05-12,MASI,Q0_SKIP,0,243.62,363680.98635715776,910.1113571578644,909.2024658928945,0.9088912649699523,14547.239454286311,6.247860756166693e-05,CASH_SCARCITY,25
2020-05-12,NG,Q0_SKIP,0,10.85,363680.98635715776,910.1113571578644,909.2024658928945,0.9088912649699523,14547.239454286311,6.247860756166693e-05,CASH_SCARCITY,25
2020-05-12,CGEN,Q0_SKIP,0,14.82,363680.98635715776,910.1113571578644,909.2024658928945,0.9088912649699523,14547.239454286311,6.247860756166693e-05,CASH_SCARCITY,25
2020-05-12,DOCU,Q0_SKIP,0,120.26,363680.98635715776,910.1113571578644,909.2024658928945,0.9088912649699523,14547.239454286311,6.247860756166693e-05,CASH_SCARCITY,25
2020-05-12,MRNA,Q0_SKIP,0,62.35,363680.98635715776,910.1113571578644,909.2024658928945,0.9088912649699523,14547.239454286311,6.247860756166693e-05,CASH_SCARCITY,25
2020-05-12,NFLX,Q0_SKIP,0,431.82,363680.98635715776,910.1113571578644,909.2024658928945,0.9088912649699523,14547.239454286311,6.247860756166693e-05,CASH_SCARCITY,25
2020-05-12,ENPH,Q0_SKIP,0,59.27,363680.98635715776,910.1113571578644,909.2024658928945,0.9088912649699523,14547.239454286311,6.247860756166693e-05,CASH_SCARCITY,25
2020-05-12,APT,Q0_SKIP,0,13.84,363680.98635715776,910.1113571578644,909.2024658928945,0.9088912649699523,14547.239454286311,6.247860756166693e-05,CASH_SCARCITY,25
2020-05-12,LM,Q0_SKIP,0,49.85,363680.98635715776,910.1113571578644,909.2024658928945,0.9088912649699523,14547.239454286311,6.247860756166693e-05,CASH_SCARCITY,25
2020-05-12,CLX,Q0_SKIP,0,205.68,363680.98635715776,910.1113571578644,909.2024658928945,0.9088912649699523,14547.239454286311,6.247860756166693e-05,CASH_SCARCITY,25
2020-05-12,FATE,Q0_SKIP,0,28.75,363680.98635715776,910.1113571578644,909.2024658928945,0.9088912649699523,14547.239454286311,6.247860756166693e-05,CASH_SCARCITY,25
2020-05-12,ZTO,Q0_SKIP,0,32.25,363680.98635715776,910.1113571578644,909.2024658928945,0.9088912649699523,14547.239454286311,6.247860756166693e-05,CASH_SCARCITY,25
2020-05-12,NET,Q0_SKIP,0,28.79,363680.98635715776,910.1113571578644,909.2024658928945,0.9088912649699523,14547.239454286311,6.247860756166693e-05,CASH_SCARCITY,25
2020-05-12,INO,Q0_SKIP,0,12.9,363680.98635715776,910.1113571578644,909.2024658928945,0.9088912649699523,14547.239454286311,6.247860756166693e-05,CASH_SCARCITY,25
2020-05-12,MNTA,Q0_SKIP,0,31.85,363680.98635715776,910.1113571578644,909.2024658928945,0.9088912649699523,14547.239454286311,6.247860756166693e-05,CASH_SCARCITY,25
2020-05-12,FIVN,Q0_SKIP,0,104.28,363680.98635715776,910.1113571578644,909.2024658928945,0.9088912649699523,14547.239454286311,6.247860756166693e-05,CASH_SCARCITY,25
2020-05-12,SHOP,Q0_SKIP,0,742.2799999999999,363680.98635715776,910.1113571578644,909.2024658928945,0.9088912649699523,14547.239454286311,6.247860756166693e-05,CASH_SCARCITY,25
2020-05-12,ZS,Q0_SKIP,0,76.45,363680.98635715776,910.1113571578644,909.2024658928945,0.9088912649699523,14547.239454286311,6.247860756166693e-05,CASH_SCARCITY,25
2020-05-12,CTXS,Q0_SKIP,0,146.84,363680.98635715776,910.1113571578644,909.2024658928945,0.9088912649699523,14547.239454286311,6.247860756166693e-05,CASH_SCARCITY,25
2020-05-12,QLYS,Q0_SKIP,0,104.81,363680.98635715776,910.1113571578644,909.2024658928945,0.9088912649699523,14547.239454286311,6.247860756166693e-05,CASH_SCARCITY,25
2020-05-12,JD,Q0_SKIP,0,47.03,363680.98635715776,910.1113571578644,909.2024658928945,0.9088912649699523,14547.239454286311,6.247860756166693e-05,CASH_SCARCITY,25
2020-05-12,ASAPQ,Q0_SKIP,0,2.92,363680.98635715776,910.1113571578644,909.2024658928945,0.9088912649699523,14547.239454286311,6.247860756166693e-05,CASH_SCARCITY,25
2020-05-12,WPM,Q0_SKIP,0,42.34,363680.98635715776,910.1113571578644,909.2024658928945,0.9088912649699523,14547.239454286311,6.247860756166693e-05,CASH_SCARCITY,25
2020-05-12,AMZN,Q0_SKIP,0,2356.95,363680.98635715776,910.1113571578644,909.2024658928945,0.9088912649699523,14547.239454286311,6.247860756166693e-05,CASH_SCARCITY,25
2020-05-12,AMD,Q0_SKIP,0,53.76,363680.98635715776,910.1113571578644,909.2024658928945,0.9088912649699523,14547.239454286311,6.247860756166693e-05,CASH_SCARCITY,25
2020-05-12,LOGM,Q0_SKIP,0,85.11,363680.98635715776,910.1113571578644,909.2024658928945,0.9088912649699523,14547.239454286311,6.247860756166693e-05,CASH_SCARCITY,25
2020-05-12,ALNY,Q0_SKIP,0,144.19,363680.98635715776,910.1113571578644,909.2024658928945,0.9088912649699523,14547.239454286311,6.247860756166693e-05,CASH_SCARCITY,25
2020-05-12,KGC,Q0_SKIP,0,6.93,363680.98635715776,910.1113571578644,909.2024658928945,0.9088912649699523,14547.239454286311,6.247860756166693e-05,CASH_SCARCITY,25
2020-05-12,FNV,Q0_SKIP,0,140.88,363680.98635715776,910.1113571578644,909.2024658928945,0.9088912649699523,14547.239454286311,6.247860756166693e-05,CASH_SCARCITY,25
2020-05-12,BNTX,Q0_SKIP,0,49.33,363680.98635715776,910.1113571578644,909.2024658928945,0.9088912649699523,14547.239454286311,6.247860756166693e-05,CASH_SCARCITY,25
2020-05-12,ATRC,Q0_SKIP,0,46.79,363680.98635715776,910.1113571578644,909.2024658928945,0.9088912649699523,14547.239454286311,6.247860756166693e-05,CASH_SCARCITY,25
2020-05-12,VRTX,Q0_SKIP,0,276.47,363680.98635715776,910.1113571578644,909.2024658928945,0.9088912649699523,14547.239454286311,6.247860756166693e-05,CASH_SCARCITY,25
2020-05-12,ARCT,Q0_SKIP,0,46.3,363680.98635715776,910.1113571578644,909.2024658928945,0.9088912649699523,14547.239454286311,6.247860756166693e-05,CASH_SCARCITY,25
2020-05-12,AKBA,Q0_SKIP,0,11.565,363680.98635715776,910.1113571578644,909.2024658928945,0.9088912649699523,14547.239454286311,6.247860756166693e-05,CASH_SCARCITY,25
2020-05-12,VIR,Q0_SKIP,0,30.26,363680.98635715776,910.1113571578644,909.2024658928945,0.9088912649699523,14547.239454286311,6.247860756166693e-05,CASH_SCARCITY,25
2020-05-12,DKNG,Q0_SKIP,0,26.3,363680.98635715776,910.1113571578644,909.2024658928945,0.9088912649699523,14547.239454286311,6.247860756166693e-05,CASH_SCARCITY,25
2020-05-12,VIPS,Q0_SKIP,0,17.37,363680.98635715776,910.1113571578644,909.2024658928945,0.9088912649699523,14547.239454286311,6.247860756166693e-05,CASH_SCARCITY,25
2020-05-12,SBAC,Q0_SKIP,0,289.17,363680.98635715776,910.1113571578644,909.2024658928945,0.9088912649699523,14547.239454286311,6.247860756166693e-05,CASH_SCARCITY,25
2020-05-12,STMP,Q0_SKIP,0,195.24,363680.98635715776,910.1113571578644,909.2024658928945,0.9088912649699523,14547.239454286311,6.247860756166693e-05,CASH_SCARCITY,25
2020-05-12,QGEN,Q0_SKIP,0,42.74,363680.98635715776,910.1113571578644,909.2024658928945,0.9088912649699523,14547.239454286311,6.247860756166693e-05,CASH_SCARCITY,25
2020-05-12,LVGO,Q0_SKIP,0,57.85,363680.98635715776,910.1113571578644,909.2024658928945,0.9088912649699523,14547.239454286311,6.247860756166693e-05,CASH_SCARCITY,25
2020-05-12,PLUG,Q0_SKIP,0,4.275,363680.98635715776,910.1113571578644,909.2024658928945,0.9088912649699523,14547.239454286311,6.247860756166693e-05,CASH_SCARCITY,25
2020-05-12,PTON,Q0_SKIP,0,46.17,363680.98635715776,910.1113571578644,909.2024658928945,0.9088912649699523,14547.239454286311,6.247860756166693e-05,CASH_SCARCITY,25
2020-05-12,EQIX,Q0_SKIP,0,663.65,363680.98635715776,910.1113571578644,909.2024658928945,0.9088912649699523,14547.239454286311,6.247860756166693e-05,CASH_SCARCITY,25
2020-05-12,HLI,Q0_SKIP,0,59.81,363680.98635715776,910.1113571578644,909.2024658928945,0.9088912649699523,14547.239454286311,6.247860756166693e-05,CASH_SCARCITY,25
2020-05-12,RARE,Q0_SKIP,0,66.29,363680.98635715776,910.1113571578644,909.2024658928945,0.9088912649699523,14547.239454286311,6.247860756166693e-05,CASH_SCARCITY,25
2020-05-12,PETS,Q0_SKIP,0,34.35,363680.98635715776,910.1113571578644,909.2024658928945,0.9088912649699523,14547.239454286311,6.247860756166693e-05,CASH_SCARCITY,25
2020-05-12,GBT,Q0_SKIP,0,73.90999999999998,363680.98635715776,910.1113571578644,909.2024658928945,0.9088912649699523,14547.239454286311,6.247860756166693e-05,CASH_SCARCITY,25
2020-05-12,KR,Q0_SKIP,0,33.55,363680.98635715776,910.1113571578644,909.2024658928945,0.9088912649699523,14547.239454286311,6.247860756166693e-05,CASH_SCARCITY,25
2020-05-12,IPHI,Q0_SKIP,0,110.96,363680.98635715776,910.1113571578644,909.2024658928945,0.9088912649699523,14547.239454286311,6.247860756166693e-05,CASH_SCARCITY,25
2020-05-12,WING,Q0_SKIP,0,122.43,363680.98635715776,910.1113571578644,909.2024658928945,0.9088912649699523,14547.239454286311,6.247860756166693e-05,CASH_SCARCITY,25
2020-05-12,FVRR,Q0_SKIP,0,54.56,363680.98635715776,910.1113571578644,909.2024658928945,0.9088912649699523,14547.239454286311,6.247860756166693e-05,CASH_SCARCITY,25
2020-05-12,OKTA,Q0_SKIP,0,173.65,363680.98635715776,910.1113571578644,909.2024658928945,0.9088912649699523,14547.239454286311,6.247860756166693e-05,CASH_SCARCITY,25
2020-05-12,OSUR,Q0_SKIP,0,17.17,363680.98635715776,910.1113571578644,909.2024658928945,0.9088912649699523,14547.239454286311,6.247860756166693e-05,CASH_SCARCITY,25
2020-05-12,NVDA,Q0_SKIP,0,312.1,363680.98635715776,910.1113571578644,909.2024658928945,0.9088912649699523,14547.239454286311,6.247860756166693e-05,CASH_SCARCITY,25
2020-05-12,MSCI,Q0_SKIP,0,347.12,363680.98635715776,910.1113571578644,909.2024658928945,0.9088912649699523,14547.239454286311,6.247860756166693e-05,CASH_SCARCITY,25
2020-05-12,ETSY,Q0_SKIP,0,79.01999999999998,363680.98635715776,910.1113571578644,909.2024658928945,0.9088912649699523,14547.239454286311,6.247860756166693e-05,CASH_SCARCITY,25
2020-05-12,GDS,Q0_SKIP,0,61.38,363680.98635715776,910.1113571578644,909.2024658928945,0.9088912649699523,14547.239454286311,6.247860756166693e-05,CASH_SCARCITY,25
2020-05-12,NIO,Q0_SKIP,0,3.62,363680.98635715776,910.1113571578644,909.2024658928945,0.9088912649699523,14547.239454286311,6.247860756166693e-05,CASH_SCARCITY,25
2020-05-12,SPCE,Q0_SKIP,0,17.6,363680.98635715776,910.1113571578644,909.2024658928945,0.9088912649699523,14547.239454286311,6.247860756166693e-05,CASH_SCARCITY,25
2020-05-12,PING,Q0_SKIP,0,26.19,363680.98635715776,910.1113571578644,909.2024658928945,0.9088912649699523,14547.239454286311,6.247860756166693e-05,CASH_SCARCITY,25
2020-05-12,BTG,Q0_SKIP,0,5.16,363680.98635715776,910.1113571578644,909.2024658928945,0.9088912649699523,14547.239454286311,6.247860756166693e-05,CASH_SCARCITY,25
2020-05-12,AUDC,Q0_SKIP,0,32.49,363680.98635715776,910.1113571578644,909.2024658928945,0.9088912649699523,14547.239454286311,6.247860756166693e-05,CASH_SCARCITY,25
2020-05-12,RGEN,Q0_SKIP,0,128.41,363680.98635715776,910.1113571578644,909.2024658928945,0.9088912649699523,14547.239454286311,6.247860756166693e-05,CASH_SCARCITY,25
2020-05-12,MOH,Q0_SKIP,0,180.5,363680.98635715776,910.1113571578644,909.2024658928945,0.9088912649699523,14547.239454286311,6.247860756166693e-05,CASH_SCARCITY,25
2020-05-12,KNSL,Q0_SKIP,0,131.84,363680.98635715776,910.1113571578644,909.2024658928945,0.9088912649699523,14547.239454286311,6.247860756166693e-05,CASH_SCARCITY,25
2020-05-12,TAL,Q0_SKIP,0,54.17,363680.98635715776,910.1113571578644,909.2024658928945,0.9088912649699523,14547.239454286311,6.247860756166693e-05,CASH_SCARCITY,25
2020-05-12,SNDX,Q0_SKIP,0,18.95,363680.98635715776,910.1113571578644,909.2024658928945,0.9088912649699523,14547.239454286311,6.247860756166693e-05,CASH_SCARCITY,25
2020-05-12,CLVT,Q0_SKIP,0,22.84,363680.98635715776,910.1113571578644,909.2024658928945,0.9088912649699523,14547.239454286311,6.247860756166693e-05,CASH_SCARCITY,25
2020-05-12,CAG,Q0_SKIP,0,34.11,363680.98635715776,910.1113571578644,909.2024658928945,0.9088912649699523,14547.239454286311,6.247860756166693e-05,CASH_SCARCITY,25
2020-05-12,EQX,Q0_SKIP,0,8.55,363680.98635715776,910.1113571578644,909.2024658928945,0.9088912649699523,14547.239454286311,6.247860756166693e-05,CASH_SCARCITY,25
2020-05-12,RNG,Q0_SKIP,0,278.8,363680.98635715776,910.1113571578644,909.2024658928945,0.9088912649699523,14547.239454286311,6.247860756166693e-05,CASH_SCARCITY,25
2020-05-12,DT,Q0_SKIP,0,32.4,363680.98635715776,910.1113571578644,909.2024658928945,0.9088912649699523,14547.239454286311,6.247860756166693e-05,CASH_SCARCITY,25
2020-05-12,AUY,Q0_SKIP,0,5.08,363680.98635715776,910.1113571578644,909.2024658928945,0.9088912649699523,14547.239454286311,6.247860756166693e-05,CASH_SCARCITY,25
2020-05-12,AGI,Q0_SKIP,0,7.84,363680.98635715776,910.1113571578644,909.2024658928945,0.9088912649699523,14547.239454286311,6.247860756166693e-05,CASH_SCARCITY,25
2020-05-12,CRWD,Q0_SKIP,0,76.15,363680.98635715776,910.1113571578644,909.2024658928945,0.9088912649699523,14547.239454286311,6.247860756166693e-05,CASH_SCARCITY,25
2020-05-12,CIEN,Q0_SKIP,0,48.09,363680.98635715776,910.1113571578644,909.2024658928945,0.9088912649699523,14547.239454286311,6.247860756166693e-05,CASH_SCARCITY,25
2020-05-12,AGIO,Q0_SKIP,0,45.65,363680.98635715776,910.1113571578644,909.2024658928945,0.9088912649699523,14547.239454286311,6.247860756166693e-05,CASH_SCARCITY,25
2020-05-12,CABO,Q0_SKIP,0,1892.82,363680.98635715776,910.1113571578644,909.2024658928945,0.9088912649699523,14547.239454286311,6.247860756166693e-05,CASH_SCARCITY,25
2020-05-12,WORK,Q0_SKIP,0,31.01,363680.98635715776,910.1113571578644,909.2024658928945,0.9088912649699523,14547.239454286311,6.247860756166693e-05,CASH_SCARCITY,25
2020-05-12,CNC,Q0_SKIP,0,66.75,363680.98635715776,910.1113571578644,909.2024658928945,0.9088912649699523,14547.239454286311,6.247860756166693e-05,CASH_SCARCITY,25
2020-05-12,IOVA,Q0_SKIP,0,35.89,363680.98635715776,910.1113571578644,909.2024658928945,0.9088912649699523,14547.239454286311,6.247860756166693e-05,CASH_SCARCITY,25
2020-05-12,GFI,Q0_SKIP,0,7.97,363680.98635715776,910.1113571578644,909.2024658928945,0.9088912649699523,14547.239454286311,6.247860756166693e-05,CASH_SCARCITY,25
2020-05-12,TRHC,Q0_SKIP,0,55.23,363680.98635715776,910.1113571578644,909.2024658928945,0.9088912649699523,14547.239454286311,6.247860756166693e-05,CASH_SCARCITY,25
2020-05-12,ADVM,Q0_SKIP,0,18.81,363680.98635715776,910.1113571578644,909.2024658928945,0.9088912649699523,14547.239454286311,6.247860756166693e-05,CASH_SCARCITY,25
2020-05-12,AXNX,Q0_SKIP,0,34.58,363680.98635715776,910.1113571578644,909.2024658928945,0.9088912649699523,14547.239454286311,6.247860756166693e-05,CASH_SCARCITY,25
2020-05-12,TNDM,Q0_SKIP,0,86.59,363680.98635715776,910.1113571578644,909.2024658928945,0.9088912649699523,14547.239454286311,6.247860756166693e-05,CASH_SCARCITY,25
2020-05-12,IRTC,Q0_SKIP,0,126.12,363680.98635715776,910.1113571578644,909.2024658928945,0.9088912649699523,14547.239454286311,6.247860756166693e-05,CASH_SCARCITY,25
2020-05-12,SRPT,Q0_SKIP,0,132.89,363680.98635715776,910.1113571578644,909.2024658928945,0.9088912649699523,14547.239454286311,6.247860756166693e-05,CASH_SCARCITY,25
2020-05-12,MEDP,Q0_SKIP,0,83.43,363680.98635715776,910.1113571578644,909.2024658928945,0.9088912649699523,14547.239454286311,6.247860756166693e-05,CASH_SCARCITY,25
2020-05-12,TXG,Q0_SKIP,0,82.59,363680.98635715776,910.1113571578644,909.2024658928945,0.9088912649699523,14547.239454286311,6.247860756166693e-05,CASH_SCARCITY,25
2020-05-12,SEDG,Q0_SKIP,0,121.0,363680.98635715776,910.1113571578644,909.2024658928945,0.9088912649699523,14547.239454286311,6.247860756166693e-05,CASH_SCARCITY,25
2020-05-12,AU,Q0_SKIP,0,25.29,363680.98635715776,910.1113571578644,909.2024658928945,0.9088912649699523,14547.239454286311,6.247860756166693e-05,CASH_SCARCITY,25
2020-05-12,AYX,Q0_SKIP,0,127.28,363680.98635715776,910.1113571578644,909.2024658928945,0.9088912649699523,14547.239454286311,6.247860756166693e-05,CASH_SCARCITY,25
2020-05-12,TGTX,Q0_SKIP,0,19.935,363680.98635715776,910.1113571578644,909.2024658928945,0.9088912649699523,14547.239454286311,6.247860756166693e-05,CASH_SCARCITY,25
2020-05-12,FSLY,Q0_SKIP,0,37.1,363680.98635715776,910.1113571578644,909.2024658928945,0.9088912649699523,14547.239454286311,6.247860756166693e-05,CASH_SCARCITY,25
2020-05-12,FTCHF,Q0_SKIP,0,15.62,363680.98635715776,910.1113571578644,909.2024658928945,0.9088912649699523,14547.239454286311,6.247860756166693e-05,CASH_SCARCITY,25
2020-05-12,IMMU,Q0_SKIP,0,31.82,363680.98635715776,910.1113571578644,909.2024658928945,0.9088912649699523,14547.239454286311,6.247860756166693e-05,CASH_SCARCITY,25
2020-05-12,CLVSQ,Q0_SKIP,0,9.55,363680.98635715776,910.1113571578644,909.2024658928945,0.9088912649699523,14547.239454286311,6.247860756166693e-05,CASH_SCARCITY,25
2020-05-12,BCRX,Q0_SKIP,0,5.41,363680.98635715776,910.1113571578644,909.2024658928945,0.9088912649699523,14547.239454286311,6.247860756166693e-05,CASH_SCARCITY,25
2020-05-12,AYTU,Q0_SKIP,0,1.62,363680.98635715776,910.1113571578644,909.2024658928945,0.9088912649699523,14547.239454286311,6.247860756166693e-05,CASH_SCARCITY,25
2020-05-13,NEM,Q0_SKIP,0,63.89,368037.6713571579,910.1113571578644,920.0941783928947,0.0,14721.506854286316,0.0,CASH_SCARCITY,25
2020-05-13,CHWY,Q0_SKIP,0,41.77,368037.6713571579,910.1113571578644,920.0941783928947,0.0,14721.506854286316,0.0,CASH_SCARCITY,25
2020-05-13,LMNX1,Q0_SKIP,0,33.89,368037.6713571579,910.1113571578644,920.0941783928947,0.0,14721.506854286316,0.0,CASH_SCARCITY,25
2020-05-13,BAND,Q0_SKIP,0,109.33,368037.6713571579,910.1113571578644,920.0941783928947,0.0,14721.506854286316,0.0,CASH_SCARCITY,25
2020-05-13,NVAX,Q0_SKIP,0,40.67,368037.6713571579,910.1113571578644,920.0941783928947,0.0,14721.506854286316,0.0,CASH_SCARCITY,25
2020-05-13,RCUS,Q0_SKIP,0,31.02,368037.6713571579,910.1113571578644,920.0941783928947,0.0,14721.506854286316,0.0,CASH_SCARCITY,25
2020-05-13,PLUR,Q0_SKIP,0,9.19,368037.6713571579,910.1113571578644,920.0941783928947,0.0,14721.506854286316,0.0,CASH_SCARCITY,25
2020-05-13,ARVN,Q0_SKIP,0,51.0,368037.6713571579,910.1113571578644,920.0941783928947,0.0,14721.506854286316,0.0,CASH_SCARCITY,25
2020-05-13,PRNB,Q0_SKIP,0,63.79,368037.6713571579,910.1113571578644,920.0941783928947,0.0,14721.506854286316,0.0,CASH_SCARCITY,25
2020-05-13,MASI,Q0_SKIP,0,241.1,368037.6713571579,910.1113571578644,920.0941783928947,0.0,14721.506854286316,0.0,CASH_SCARCITY,25
2020-05-13,CLX,Q0_SKIP,0,206.74,368037.6713571579,910.1113571578644,920.0941783928947,0.0,14721.506854286316,0.0,CASH_SCARCITY,25
2020-05-13,CGEN,Q0_SKIP,0,13.94,368037.6713571579,910.1113571578644,920.0941783928947,0.0,14721.506854286316,0.0,CASH_SCARCITY,25
2020-05-13,B,Q0_SKIP,0,26.12,368037.6713571579,910.1113571578644,920.0941783928947,0.0,14721.506854286316,0.0,CASH_SCARCITY,25
2020-05-13,TSLA,Q0_SKIP,0,790.96,368037.6713571579,910.1113571578644,920.0941783928947,0.0,14721.506854286316,0.0,CASH_SCARCITY,25
2020-05-13,ACMR,Q0_SKIP,0,50.28,368037.6713571579,910.1113571578644,920.0941783928947,0.0,14721.506854286316,0.0,CASH_SCARCITY,25
2020-05-13,DOCU,Q0_SKIP,0,119.07,368037.6713571579,910.1113571578644,920.0941783928947,0.0,14721.506854286316,0.0,CASH_SCARCITY,25
2020-05-13,MRNA,Q0_SKIP,0,65.18,368037.6713571579,910.1113571578644,920.0941783928947,0.0,14721.506854286316,0.0,CASH_SCARCITY,25
2020-05-13,NFLX,Q0_SKIP,0,438.27,368037.6713571579,910.1113571578644,920.0941783928947,0.0,14721.506854286316,0.0,CASH_SCARCITY,25
2020-05-13,CYTK,Q0_SKIP,0,21.61,368037.6713571579,910.1113571578644,920.0941783928947,0.0,14721.506854286316,0.0,CASH_SCARCITY,25
2020-05-13,ENPH,Q0_SKIP,0,57.47,368037.6713571579,910.1113571578644,920.0941783928947,0.0,14721.506854286316,0.0,CASH_SCARCITY,25
2020-05-13,SHOP,Q0_SKIP,0,754.38,368037.6713571579,910.1113571578644,920.0941783928947,0.0,14721.506854286316,0.0,CASH_SCARCITY,25
2020-05-13,AMZN,Q0_SKIP,0,2367.92,368037.6713571579,910.1113571578644,920.0941783928947,0.0,14721.506854286316,0.0,CASH_SCARCITY,25
2020-05-13,APT,Q0_SKIP,0,13.1,368037.6713571579,910.1113571578644,920.0941783928947,0.0,14721.506854286316,0.0,CASH_SCARCITY,25
2020-05-13,ZS,Q0_SKIP,0,75.15999999999998,368037.6713571579,910.1113571578644,920.0941783928947,0.0,14721.506854286316,0.0,CASH_SCARCITY,25
2020-05-13,CEMI,Q0_SKIP,0,11.08,368037.6713571579,910.1113571578644,920.0941783928947,0.0,14721.506854286316,0.0,CASH_SCARCITY,25
2020-05-13,AKBA,Q0_SKIP,0,11.81,368037.6713571579,910.1113571578644,920.0941783928947,0.0,14721.506854286316,0.0,CASH_SCARCITY,25
2020-05-13,LM,Q0_SKIP,0,49.9,368037.6713571579,910.1113571578644,920.0941783928947,0.0,14721.506854286316,0.0,CASH_SCARCITY,25
2020-05-13,FIVN,Q0_SKIP,0,100.83,368037.6713571579,910.1113571578644,920.0941783928947,0.0,14721.506854286316,0.0,CASH_SCARCITY,25
2020-05-13,CTXS,Q0_SKIP,0,146.51,368037.6713571579,910.1113571578644,920.0941783928947,0.0,14721.506854286316,0.0,CASH_SCARCITY,25
2020-05-13,ASAPQ,Q0_SKIP,0,2.64,368037.6713571579,910.1113571578644,920.0941783928947,0.0,14721.506854286316,0.0,CASH_SCARCITY,25
2020-05-13,JD,Q0_SKIP,0,47.81,368037.6713571579,910.1113571578644,920.0941783928947,0.0,14721.506854286316,0.0,CASH_SCARCITY,25
2020-05-13,ZTO,Q0_SKIP,0,32.75,368037.6713571579,910.1113571578644,920.0941783928947,0.0,14721.506854286316,0.0,CASH_SCARCITY,25
2020-05-13,INO,Q0_SKIP,0,13.37,368037.6713571579,910.1113571578644,920.0941783928947,0.0,14721.506854286316,0.0,CASH_SCARCITY,25
2020-05-13,ARCT,Q0_SKIP,0,42.01,368037.6713571579,910.1113571578644,920.0941783928947,0.0,14721.506854286316,0.0,CASH_SCARCITY,25
2020-05-13,LOGM,Q0_SKIP,0,85.15999999999998,368037.6713571579,910.1113571578644,920.0941783928947,0.0,14721.506854286316,0.0,CASH_SCARCITY,25
2020-05-13,RARE,Q0_SKIP,0,64.08,368037.6713571579,910.1113571578644,920.0941783928947,0.0,14721.506854286316,0.0,CASH_SCARCITY,25
2020-05-13,VRTX,Q0_SKIP,0,277.03,368037.6713571579,910.1113571578644,920.0941783928947,0.0,14721.506854286316,0.0,CASH_SCARCITY,25
2020-05-13,ALNY,Q0_SKIP,0,139.46,368037.6713571579,910.1113571578644,920.0941783928947,0.0,14721.506854286316,0.0,CASH_SCARCITY,25
2020-05-13,GDS,Q0_SKIP,0,62.45,368037.6713571579,910.1113571578644,920.0941783928947,0.0,14721.506854286316,0.0,CASH_SCARCITY,25
2020-05-13,ATRC,Q0_SKIP,0,48.8,368037.6713571579,910.1113571578644,920.0941783928947,0.0,14721.506854286316,0.0,CASH_SCARCITY,25
2020-05-13,NET,Q0_SKIP,0,27.87,368037.6713571579,910.1113571578644,920.0941783928947,0.0,14721.506854286316,0.0,CASH_SCARCITY,25
2020-05-13,WPM,Q0_SKIP,0,43.3,368037.6713571579,910.1113571578644,920.0941783928947,0.0,14721.506854286316,0.0,CASH_SCARCITY,25
2020-05-13,VIPS,Q0_SKIP,0,17.31,368037.6713571579,910.1113571578644,920.0941783928947,0.0,14721.506854286316,0.0,CASH_SCARCITY,25
2020-05-13,FNV,Q0_SKIP,0,141.45,368037.6713571579,910.1113571578644,920.0941783928947,0.0,14721.506854286316,0.0,CASH_SCARCITY,25
2020-05-13,DKNG,Q0_SKIP,0,25.855,368037.6713571579,910.1113571578644,920.0941783928947,0.0,14721.506854286316,0.0,CASH_SCARCITY,25
2020-05-13,KR,Q0_SKIP,0,34.1,368037.6713571579,910.1113571578644,920.0941783928947,0.0,14721.506854286316,0.0,CASH_SCARCITY,25
2020-05-13,GBT,Q0_SKIP,0,71.14,368037.6713571579,910.1113571578644,920.0941783928947,0.0,14721.506854286316,0.0,CASH_SCARCITY,25
2020-05-13,KGC,Q0_SKIP,0,6.89,368037.6713571579,910.1113571578644,920.0941783928947,0.0,14721.506854286316,0.0,CASH_SCARCITY,25
2020-05-13,VIR,Q0_SKIP,0,30.71,368037.6713571579,910.1113571578644,920.0941783928947,0.0,14721.506854286316,0.0,CASH_SCARCITY,25
2020-05-13,RGEN,Q0_SKIP,0,128.18,368037.6713571579,910.1113571578644,920.0941783928947,0.0,14721.506854286316,0.0,CASH_SCARCITY,25
2020-05-13,PETS,Q0_SKIP,0,32.72,368037.6713571579,910.1113571578644,920.0941783928947,0.0,14721.506854286316,0.0,CASH_SCARCITY,25
2020-05-13,LVGO,Q0_SKIP,0,57.35,368037.6713571579,910.1113571578644,920.0941783928947,0.0,14721.506854286316,0.0,CASH_SCARCITY,25
2020-05-13,STMP,Q0_SKIP,0,196.92,368037.6713571579,910.1113571578644,920.0941783928947,0.0,14721.506854286316,0.0,CASH_SCARCITY,25
2020-05-13,BNTX,Q0_SKIP,0,48.49,368037.6713571579,910.1113571578644,920.0941783928947,0.0,14721.506854286316,0.0,CASH_SCARCITY,25
2020-05-13,ETSY,Q0_SKIP,0,81.54999999999998,368037.6713571579,910.1113571578644,920.0941783928947,0.0,14721.506854286316,0.0,CASH_SCARCITY,25
2020-05-13,TEAM,Q0_SKIP,0,175.76,368037.6713571579,910.1113571578644,920.0941783928947,0.0,14721.506854286316,0.0,CASH_SCARCITY,25
2020-05-13,MOH,Q0_SKIP,0,174.38,368037.6713571579,910.1113571578644,920.0941783928947,0.0,14721.506854286316,0.0,CASH_SCARCITY,25
2020-05-13,NVDA,Q0_SKIP,0,311.2,368037.6713571579,910.1113571578644,920.0941783928947,0.0,14721.506854286316,0.0,CASH_SCARCITY,25
2020-05-13,NIO,Q0_SKIP,0,3.44,368037.6713571579,910.1113571578644,920.0941783928947,0.0,14721.506854286316,0.0,CASH_SCARCITY,25
2020-05-13,AGIO,Q0_SKIP,0,45.56,368037.6713571579,910.1113571578644,920.0941783928947,0.0,14721.506854286316,0.0,CASH_SCARCITY,25
2020-05-13,OKTA,Q0_SKIP,0,177.36,368037.6713571579,910.1113571578644,920.0941783928947,0.0,14721.506854286316,0.0,CASH_SCARCITY,25
2020-05-13,OSUR,Q0_SKIP,0,16.45,368037.6713571579,910.1113571578644,920.0941783928947,0.0,14721.506854286316,0.0,CASH_SCARCITY,25
2020-05-13,WING,Q0_SKIP,0,120.15,368037.6713571579,910.1113571578644,920.0941783928947,0.0,14721.506854286316,0.0,CASH_SCARCITY,25
2020-05-13,IPHI,Q0_SKIP,0,108.37,368037.6713571579,910.1113571578644,920.0941783928947,0.0,14721.506854286316,0.0,CASH_SCARCITY,25
2020-05-13,QGEN,Q0_SKIP,0,42.85,368037.6713571579,910.1113571578644,920.0941783928947,0.0,14721.506854286316,0.0,CASH_SCARCITY,25
2020-05-13,SNDX,Q0_SKIP,0,18.22,368037.6713571579,910.1113571578644,920.0941783928947,0.0,14721.506854286316,0.0,CASH_SCARCITY,25
2020-05-13,FVRR,Q0_SKIP,0,54.54,368037.6713571579,910.1113571578644,920.0941783928947,0.0,14721.506854286316,0.0,CASH_SCARCITY,25
2020-05-13,CLVT,Q0_SKIP,0,22.51,368037.6713571579,910.1113571578644,920.0941783928947,0.0,14721.506854286316,0.0,CASH_SCARCITY,25
2020-05-13,KNSL,Q0_SKIP,0,131.11,368037.6713571579,910.1113571578644,920.0941783928947,0.0,14721.506854286316,0.0,CASH_SCARCITY,25
2020-05-13,MSCI,Q0_SKIP,0,335.62,368037.6713571579,910.1113571578644,920.0941783928947,0.0,14721.506854286316,0.0,CASH_SCARCITY,25
2020-05-13,CAG,Q0_SKIP,0,34.05,368037.6713571579,910.1113571578644,920.0941783928947,0.0,14721.506854286316,0.0,CASH_SCARCITY,25
2020-05-13,PTON,Q0_SKIP,0,45.17,368037.6713571579,910.1113571578644,920.0941783928947,0.0,14721.506854286316,0.0,CASH_SCARCITY,25
2020-05-13,CRWD,Q0_SKIP,0,76.56999999999998,368037.6713571579,910.1113571578644,920.0941783928947,0.0,14721.506854286316,0.0,CASH_SCARCITY,25
2020-05-13,RNG,Q0_SKIP,0,283.0,368037.6713571579,910.1113571578644,920.0941783928947,0.0,14721.506854286316,0.0,CASH_SCARCITY,25
2020-05-13,BTG,Q0_SKIP,0,5.15,368037.6713571579,910.1113571578644,920.0941783928947,0.0,14721.506854286316,0.0,CASH_SCARCITY,25
2020-05-13,IRTC,Q0_SKIP,0,129.73,368037.6713571579,910.1113571578644,920.0941783928947,0.0,14721.506854286316,0.0,CASH_SCARCITY,25
2020-05-13,NOW,Q0_SKIP,0,361.29,368037.6713571579,910.1113571578644,920.0941783928947,0.0,14721.506854286316,0.0,CASH_SCARCITY,25
2020-05-13,FTCHF,Q0_SKIP,0,15.57,368037.6713571579,910.1113571578644,920.0941783928947,0.0,14721.506854286316,0.0,CASH_SCARCITY,25
2020-05-13,DT,Q0_SKIP,0,32.93,368037.6713571579,910.1113571578644,920.0941783928947,0.0,14721.506854286316,0.0,CASH_SCARCITY,25
2020-05-13,AUY,Q0_SKIP,0,5.08,368037.6713571579,910.1113571578644,920.0941783928947,0.0,14721.506854286316,0.0,CASH_SCARCITY,25
2020-05-13,SMAR,Q0_SKIP,0,52.07,368037.6713571579,910.1113571578644,920.0941783928947,0.0,14721.506854286316,0.0,CASH_SCARCITY,25
2020-05-13,WORK,Q0_SKIP,0,30.2,368037.6713571579,910.1113571578644,920.0941783928947,0.0,14721.506854286316,0.0,CASH_SCARCITY,25
2020-05-13,BCRX,Q0_SKIP,0,4.9,368037.6713571579,910.1113571578644,920.0941783928947,0.0,14721.506854286316,0.0,CASH_SCARCITY,25
2020-05-13,GFI,Q0_SKIP,0,8.08,368037.6713571579,910.1113571578644,920.0941783928947,0.0,14721.506854286316,0.0,CASH_SCARCITY,25
2020-05-13,TGTX,Q0_SKIP,0,20.63,368037.6713571579,910.1113571578644,920.0941783928947,0.0,14721.506854286316,0.0,CASH_SCARCITY,25
2020-05-13,AYX,Q0_SKIP,0,122.17,368037.6713571579,910.1113571578644,920.0941783928947,0.0,14721.506854286316,0.0,CASH_SCARCITY,25
2020-05-13,AGI,Q0_SKIP,0,7.769999999999999,368037.6713571579,910.1113571578644,920.0941783928947,0.0,14721.506854286316,0.0,CASH_SCARCITY,25
2020-05-13,ADVM,Q0_SKIP,0,17.4,368037.6713571579,910.1113571578644,920.0941783928947,0.0,14721.506854286316,0.0,CASH_SCARCITY,25
2020-05-13,AU,Q0_SKIP,0,24.98,368037.6713571579,910.1113571578644,920.0941783928947,0.0,14721.506854286316,0.0,CASH_SCARCITY,25
2020-05-13,AXNX,Q0_SKIP,0,34.89,368037.6713571579,910.1113571578644,920.0941783928947,0.0,14721.506854286316,0.0,CASH_SCARCITY,25
2020-05-13,SEDG,Q0_SKIP,0,117.73,368037.6713571579,910.1113571578644,920.0941783928947,0.0,14721.506854286316,0.0,CASH_SCARCITY,25
2020-05-13,FRPT,Q0_SKIP,0,70.06,368037.6713571579,910.1113571578644,920.0941783928947,0.0,14721.506854286316,0.0,CASH_SCARCITY,25
2020-05-13,UNFI,Q0_SKIP,0,22.59,368037.6713571579,910.1113571578644,920.0941783928947,0.0,14721.506854286316,0.0,CASH_SCARCITY,25
2020-05-13,MESO,Q0_SKIP,0,12.15,368037.6713571579,910.1113571578644,920.0941783928947,0.0,14721.506854286316,0.0,CASH_SCARCITY,25
2020-05-13,GNMK,Q0_SKIP,0,11.76,368037.6713571579,910.1113571578644,920.0941783928947,0.0,14721.506854286316,0.0,CASH_SCARCITY,25
2020-05-13,CLVSQ,Q0_SKIP,0,9.19,368037.6713571579,910.1113571578644,920.0941783928947,0.0,14721.506854286316,0.0,CASH_SCARCITY,25
2020-05-13,IMMU,Q0_SKIP,0,32.06,368037.6713571579,910.1113571578644,920.0941783928947,0.0,14721.506854286316,0.0,CASH_SCARCITY,25
2020-05-13,AYTU,Q0_SKIP,0,1.69,368037.6713571579,910.1113571578644,920.0941783928947,0.0,14721.506854286316,0.0,CASH_SCARCITY,25
2020-05-14,PLUR,Q0_SKIP,0,10.06,364946.6713571579,910.1113571578644,912.3666783928948,0.0,14597.866854286316,0.0,CASH_SCARCITY,25
2020-05-14,NEM,Q0_SKIP,0,66.64,364946.6713571579,910.1113571578644,912.3666783928948,0.0,14597.866854286316,0.0,CASH_SCARCITY,25
2020-05-14,MASI,Q0_SKIP,0,246.12,364946.6713571579,910.1113571578644,912.3666783928948,0.0,14597.866854286316,0.0,CASH_SCARCITY,25
2020-05-14,NVAX,Q0_SKIP,0,38.3,364946.6713571579,910.1113571578644,912.3666783928948,0.0,14597.866854286316,0.0,CASH_SCARCITY,25
2020-05-14,LMNX1,Q0_SKIP,0,34.06,364946.6713571579,910.1113571578644,912.3666783928948,0.0,14597.866854286316,0.0,CASH_SCARCITY,25
2020-05-14,CGEN,Q0_SKIP,0,11.57,364946.6713571579,910.1113571578644,912.3666783928948,0.0,14597.866854286316,0.0,CASH_SCARCITY,25
2020-05-14,CLX,Q0_SKIP,0,206.21,364946.6713571579,910.1113571578644,912.3666783928948,0.0,14597.866854286316,0.0,CASH_SCARCITY,25
2020-05-14,NFLX,Q0_SKIP,0,441.95,364946.6713571579,910.1113571578644,912.3666783928948,0.0,14597.866854286316,0.0,CASH_SCARCITY,25
2020-05-14,CYTK,Q0_SKIP,0,21.24,364946.6713571579,910.1113571578644,912.3666783928948,0.0,14597.866854286316,0.0,CASH_SCARCITY,25
2020-05-14,DOCU,Q0_SKIP,0,122.01,364946.6713571579,910.1113571578644,912.3666783928948,0.0,14597.866854286316,0.0,CASH_SCARCITY,25
2020-05-14,TSLA,Q0_SKIP,0,803.33,364946.6713571579,910.1113571578644,912.3666783928948,0.0,14597.866854286316,0.0,CASH_SCARCITY,25
2020-05-14,B,Q0_SKIP,0,27.14,364946.6713571579,910.1113571578644,912.3666783928948,0.0,14597.866854286316,0.0,CASH_SCARCITY,25
2020-05-14,MRNA,Q0_SKIP,0,64.56,364946.6713571579,910.1113571578644,912.3666783928948,0.0,14597.866854286316,0.0,CASH_SCARCITY,25
2020-05-14,CEMI,Q0_SKIP,0,12.53,364946.6713571579,910.1113571578644,912.3666783928948,0.0,14597.866854286316,0.0,CASH_SCARCITY,25
2020-05-14,AKBA,Q0_SKIP,0,12.12,364946.6713571579,910.1113571578644,912.3666783928948,0.0,14597.866854286316,0.0,CASH_SCARCITY,25
2020-05-14,PRNB,Q0_SKIP,0,64.12,364946.6713571579,910.1113571578644,912.3666783928948,0.0,14597.866854286316,0.0,CASH_SCARCITY,25
2020-05-14,ZS,Q0_SKIP,0,75.62,364946.6713571579,910.1113571578644,912.3666783928948,0.0,14597.866854286316,0.0,CASH_SCARCITY,25
2020-05-14,APT,Q0_SKIP,0,16.35,364946.6713571579,910.1113571578644,912.3666783928948,0.0,14597.866854286316,0.0,CASH_SCARCITY,25
2020-05-14,AMZN,Q0_SKIP,0,2388.85,364946.6713571579,910.1113571578644,912.3666783928948,0.0,14597.866854286316,0.0,CASH_SCARCITY,25
2020-05-14,ACMR,Q0_SKIP,0,60.03,364946.6713571579,910.1113571578644,912.3666783928948,0.0,14597.866854286316,0.0,CASH_SCARCITY,25
2020-05-14,RCUS,Q0_SKIP,0,31.79,364946.6713571579,910.1113571578644,912.3666783928948,0.0,14597.866854286316,0.0,CASH_SCARCITY,25
2020-05-14,BAND,Q0_SKIP,0,109.64,364946.6713571579,910.1113571578644,912.3666783928948,0.0,14597.866854286316,0.0,CASH_SCARCITY,25
2020-05-14,FIVN,Q0_SKIP,0,103.08,364946.6713571579,910.1113571578644,912.3666783928948,0.0,14597.866854286316,0.0,CASH_SCARCITY,25
2020-05-14,SHOP,Q0_SKIP,0,754.2899999999998,364946.6713571579,910.1113571578644,912.3666783928948,0.0,14597.866854286316,0.0,CASH_SCARCITY,25
2020-05-14,ENPH,Q0_SKIP,0,56.98,364946.6713571579,910.1113571578644,912.3666783928948,0.0,14597.866854286316,0.0,CASH_SCARCITY,25
2020-05-14,ASAPQ,Q0_SKIP,0,2.605,364946.6713571579,910.1113571578644,912.3666783928948,0.0,14597.866854286316,0.0,CASH_SCARCITY,25
2020-05-14,CTXS,Q0_SKIP,0,146.06,364946.6713571579,910.1113571578644,912.3666783928948,0.0,14597.866854286316,0.0,CASH_SCARCITY,25
2020-05-14,JD,Q0_SKIP,0,48.96,364946.6713571579,910.1113571578644,912.3666783928948,0.0,14597.866854286316,0.0,CASH_SCARCITY,25
2020-05-14,ALNY,Q0_SKIP,0,136.2,364946.6713571579,910.1113571578644,912.3666783928948,0.0,14597.866854286316,0.0,CASH_SCARCITY,25
2020-05-14,NET,Q0_SKIP,0,28.02,364946.6713571579,910.1113571578644,912.3666783928948,0.0,14597.866854286316,0.0,CASH_SCARCITY,25
2020-05-14,VBIV,Q0_SKIP,0,2.07,364946.6713571579,910.1113571578644,912.3666783928948,0.0,14597.866854286316,0.0,CASH_SCARCITY,25
2020-05-14,LM,Q0_SKIP,0,49.87,364946.6713571579,910.1113571578644,912.3666783928948,0.0,14597.866854286316,0.0,CASH_SCARCITY,25
2020-05-14,DKNG,Q0_SKIP,0,25.31,364946.6713571579,910.1113571578644,912.3666783928948,0.0,14597.866854286316,0.0,CASH_SCARCITY,25
2020-05-14,INO,Q0_SKIP,0,13.65,364946.6713571579,910.1113571578644,912.3666783928948,0.0,14597.866854286316,0.0,CASH_SCARCITY,25
2020-05-14,LOGM,Q0_SKIP,0,85.09999999999998,364946.6713571579,910.1113571578644,912.3666783928948,0.0,14597.866854286316,0.0,CASH_SCARCITY,25
2020-05-14,RARE,Q0_SKIP,0,64.73,364946.6713571579,910.1113571578644,912.3666783928948,0.0,14597.866854286316,0.0,CASH_SCARCITY,25
2020-05-14,ATVI,Q0_SKIP,0,72.95999999999998,364946.6713571579,910.1113571578644,912.3666783928948,0.0,14597.866854286316,0.0,CASH_SCARCITY,25
2020-05-14,LVGO,Q0_SKIP,0,61.16,364946.6713571579,910.1113571578644,912.3666783928948,0.0,14597.866854286316,0.0,CASH_SCARCITY,25
2020-05-14,ARCT,Q0_SKIP,0,41.47,364946.6713571579,910.1113571578644,912.3666783928948,0.0,14597.866854286316,0.0,CASH_SCARCITY,25
2020-05-14,MNTA,Q0_SKIP,0,29.88,364946.6713571579,910.1113571578644,912.3666783928948,0.0,14597.866854286316,0.0,CASH_SCARCITY,25
2020-05-14,PTON,Q0_SKIP,0,45.11,364946.6713571579,910.1113571578644,912.3666783928948,0.0,14597.866854286316,0.0,CASH_SCARCITY,25
2020-05-14,VIR,Q0_SKIP,0,31.15,364946.6713571579,910.1113571578644,912.3666783928948,0.0,14597.866854286316,0.0,CASH_SCARCITY,25
2020-05-14,BNTX,Q0_SKIP,0,48.66,364946.6713571579,910.1113571578644,912.3666783928948,0.0,14597.866854286316,0.0,CASH_SCARCITY,25
2020-05-14,WPM,Q0_SKIP,0,44.0,364946.6713571579,910.1113571578644,912.3666783928948,0.0,14597.866854286316,0.0,CASH_SCARCITY,25
2020-05-14,VRTX,Q0_SKIP,0,277.0,364946.6713571579,910.1113571578644,912.3666783928948,0.0,14597.866854286316,0.0,CASH_SCARCITY,25
2020-05-14,FVRR,Q0_SKIP,0,57.0,364946.6713571579,910.1113571578644,912.3666783928948,0.0,14597.866854286316,0.0,CASH_SCARCITY,25
2020-05-14,FNV,Q0_SKIP,0,146.52,364946.6713571579,910.1113571578644,912.3666783928948,0.0,14597.866854286316,0.0,CASH_SCARCITY,25
2020-05-14,STMP,Q0_SKIP,0,195.49,364946.6713571579,910.1113571578644,912.3666783928948,0.0,14597.866854286316,0.0,CASH_SCARCITY,25
2020-05-14,PETS,Q0_SKIP,0,31.86,364946.6713571579,910.1113571578644,912.3666783928948,0.0,14597.866854286316,0.0,CASH_SCARCITY,25
2020-05-14,UAVS,Q0_SKIP,0,1.27,364946.6713571579,910.1113571578644,912.3666783928948,0.0,14597.866854286316,0.0,CASH_SCARCITY,25
2020-05-14,ATRC,Q0_SKIP,0,47.35,364946.6713571579,910.1113571578644,912.3666783928948,0.0,14597.866854286316,0.0,CASH_SCARCITY,25
2020-05-14,NIO,Q0_SKIP,0,3.45,364946.6713571579,910.1113571578644,912.3666783928948,0.0,14597.866854286316,0.0,CASH_SCARCITY,25
2020-05-14,OSUR,Q0_SKIP,0,15.95,364946.6713571579,910.1113571578644,912.3666783928948,0.0,14597.866854286316,0.0,CASH_SCARCITY,25
2020-05-14,ETSY,Q0_SKIP,0,81.62999999999998,364946.6713571579,910.1113571578644,912.3666783928948,0.0,14597.866854286316,0.0,CASH_SCARCITY,25
2020-05-14,PING,Q0_SKIP,0,23.24,364946.6713571579,910.1113571578644,912.3666783928948,0.0,14597.866854286316,0.0,CASH_SCARCITY,25
2020-05-14,WING,Q0_SKIP,0,121.91,364946.6713571579,910.1113571578644,912.3666783928948,0.0,14597.866854286316,0.0,CASH_SCARCITY,25
2020-05-14,OKTA,Q0_SKIP,0,177.32,364946.6713571579,910.1113571578644,912.3666783928948,0.0,14597.866854286316,0.0,CASH_SCARCITY,25
2020-05-14,RGEN,Q0_SKIP,0,131.97,364946.6713571579,910.1113571578644,912.3666783928948,0.0,14597.866854286316,0.0,CASH_SCARCITY,25
2020-05-14,TEAM,Q0_SKIP,0,179.79,364946.6713571579,910.1113571578644,912.3666783928948,0.0,14597.866854286316,0.0,CASH_SCARCITY,25
2020-05-14,CLVT,Q0_SKIP,0,22.65,364946.6713571579,910.1113571578644,912.3666783928948,0.0,14597.866854286316,0.0,CASH_SCARCITY,25
2020-05-14,NVDA,Q0_SKIP,0,321.22,364946.6713571579,910.1113571578644,912.3666783928948,0.0,14597.866854286316,0.0,CASH_SCARCITY,25
2020-05-14,QGEN,Q0_SKIP,0,42.29,364946.6713571579,910.1113571578644,912.3666783928948,0.0,14597.866854286316,0.0,CASH_SCARCITY,25
2020-05-14,IOVA,Q0_SKIP,0,35.37,364946.6713571579,910.1113571578644,912.3666783928948,0.0,14597.866854286316,0.0,CASH_SCARCITY,25
2020-05-14,RNG,Q0_SKIP,0,271.55,364946.6713571579,910.1113571578644,912.3666783928948,0.0,14597.866854286316,0.0,CASH_SCARCITY,25
2020-05-14,KGC,Q0_SKIP,0,7.2,364946.6713571579,910.1113571578644,912.3666783928948,0.0,14597.866854286316,0.0,CASH_SCARCITY,25
2020-05-14,FTCHF,Q0_SKIP,0,15.89,364946.6713571579,910.1113571578644,912.3666783928948,0.0,14597.866854286316,0.0,CASH_SCARCITY,25
2020-05-14,WORK,Q0_SKIP,0,31.66,364946.6713571579,910.1113571578644,912.3666783928948,0.0,14597.866854286316,0.0,CASH_SCARCITY,25
2020-05-14,MOH,Q0_SKIP,0,176.48,364946.6713571579,910.1113571578644,912.3666783928948,0.0,14597.866854286316,0.0,CASH_SCARCITY,25
2020-05-14,GDS,Q0_SKIP,0,60.88,364946.6713571579,910.1113571578644,912.3666783928948,0.0,14597.866854286316,0.0,CASH_SCARCITY,25
2020-05-14,GBT,Q0_SKIP,0,69.57,364946.6713571579,910.1113571578644,912.3666783928948,0.0,14597.866854286316,0.0,CASH_SCARCITY,25
2020-05-14,SNDX,Q0_SKIP,0,18.52,364946.6713571579,910.1113571578644,912.3666783928948,0.0,14597.866854286316,0.0,CASH_SCARCITY,25
2020-05-14,QTS,Q0_SKIP,0,62.96,364946.6713571579,910.1113571578644,912.3666783928948,0.0,14597.866854286316,0.0,CASH_SCARCITY,25
2020-05-14,TRHC,Q0_SKIP,0,57.35,364946.6713571579,910.1113571578644,912.3666783928948,0.0,14597.866854286316,0.0,CASH_SCARCITY,25
2020-05-14,TW,Q0_SKIP,0,59.0,364946.6713571579,910.1113571578644,912.3666783928948,0.0,14597.866854286316,0.0,CASH_SCARCITY,25
2020-05-14,CRWD,Q0_SKIP,0,77.14,364946.6713571579,910.1113571578644,912.3666783928948,0.0,14597.866854286316,0.0,CASH_SCARCITY,25
2020-05-14,TAL,Q0_SKIP,0,53.77,364946.6713571579,910.1113571578644,912.3666783928948,0.0,14597.866854286316,0.0,CASH_SCARCITY,25
2020-05-14,IPHI,Q0_SKIP,0,109.48,364946.6713571579,910.1113571578644,912.3666783928948,0.0,14597.866854286316,0.0,CASH_SCARCITY,25
2020-05-14,AGIO,Q0_SKIP,0,44.75,364946.6713571579,910.1113571578644,912.3666783928948,0.0,14597.866854286316,0.0,CASH_SCARCITY,25
2020-05-14,MSCI,Q0_SKIP,0,342.05,364946.6713571579,910.1113571578644,912.3666783928948,0.0,14597.866854286316,0.0,CASH_SCARCITY,25
2020-05-14,IRTC,Q0_SKIP,0,125.77,364946.6713571579,910.1113571578644,912.3666783928948,0.0,14597.866854286316,0.0,CASH_SCARCITY,25
2020-05-14,CAG,Q0_SKIP,0,33.83,364946.6713571579,910.1113571578644,912.3666783928948,0.0,14597.866854286316,0.0,CASH_SCARCITY,25
2020-05-14,BCRX,Q0_SKIP,0,5.08,364946.6713571579,910.1113571578644,912.3666783928948,0.0,14597.866854286316,0.0,CASH_SCARCITY,25
2020-05-14,BTG,Q0_SKIP,0,5.26,364946.6713571579,910.1113571578644,912.3666783928948,0.0,14597.866854286316,0.0,CASH_SCARCITY,25
2020-05-14,VEEV,Q0_SKIP,0,196.03,364946.6713571579,910.1113571578644,912.3666783928948,0.0,14597.866854286316,0.0,CASH_SCARCITY,25
2020-05-14,SMAR,Q0_SKIP,0,52.1,364946.6713571579,910.1113571578644,912.3666783928948,0.0,14597.866854286316,0.0,CASH_SCARCITY,25
2020-05-14,TGTX,Q0_SKIP,0,19.93,364946.6713571579,910.1113571578644,912.3666783928948,0.0,14597.866854286316,0.0,CASH_SCARCITY,25
2020-05-14,DT,Q0_SKIP,0,33.0,364946.6713571579,910.1113571578644,912.3666783928948,0.0,14597.866854286316,0.0,CASH_SCARCITY,25
2020-05-14,KNSL,Q0_SKIP,0,130.41,364946.6713571579,910.1113571578644,912.3666783928948,0.0,14597.866854286316,0.0,CASH_SCARCITY,25
2020-05-14,AUY,Q0_SKIP,0,5.16,364946.6713571579,910.1113571578644,912.3666783928948,0.0,14597.866854286316,0.0,CASH_SCARCITY,25
2020-05-14,GLUU,Q0_SKIP,0,9.43,364946.6713571579,910.1113571578644,912.3666783928948,0.0,14597.866854286316,0.0,CASH_SCARCITY,25
2020-05-14,AYX,Q0_SKIP,0,125.5,364946.6713571579,910.1113571578644,912.3666783928948,0.0,14597.866854286316,0.0,CASH_SCARCITY,25
2020-05-14,COUP,Q0_SKIP,0,210.25,364946.6713571579,910.1113571578644,912.3666783928948,0.0,14597.866854286316,0.0,CASH_SCARCITY,25
2020-05-14,GFI,Q0_SKIP,0,8.279999999999998,364946.6713571579,910.1113571578644,912.3666783928948,0.0,14597.866854286316,0.0,CASH_SCARCITY,25
2020-05-14,ADVM,Q0_SKIP,0,17.19,364946.6713571579,910.1113571578644,912.3666783928948,0.0,14597.866854286316,0.0,CASH_SCARCITY,25
2020-05-14,NEO,Q0_SKIP,0,27.76,364946.6713571579,910.1113571578644,912.3666783928948,0.0,14597.866854286316,0.0,CASH_SCARCITY,25
2020-05-14,AGI,Q0_SKIP,0,8.189999999999998,364946.6713571579,910.1113571578644,912.3666783928948,0.0,14597.866854286316,0.0,CASH_SCARCITY,25
2020-05-14,UNFI,Q0_SKIP,0,18.08,364946.6713571579,910.1113571578644,912.3666783928948,0.0,14597.866854286316,0.0,CASH_SCARCITY,25
2020-05-14,GNMK,Q0_SKIP,0,11.98,364946.6713571579,910.1113571578644,912.3666783928948,0.0,14597.866854286316,0.0,CASH_SCARCITY,25
2020-05-14,FRPT,Q0_SKIP,0,70.5,364946.6713571579,910.1113571578644,912.3666783928948,0.0,14597.866854286316,0.0,CASH_SCARCITY,25
2020-05-14,AXNX,Q0_SKIP,0,35.51,364946.6713571579,910.1113571578644,912.3666783928948,0.0,14597.866854286316,0.0,CASH_SCARCITY,25
2020-05-14,CLVSQ,Q0_SKIP,0,9.5,364946.6713571579,910.1113571578644,912.3666783928948,0.0,14597.866854286316,0.0,CASH_SCARCITY,25
2020-05-14,MESO,Q0_SKIP,0,12.3,364946.6713571579,910.1113571578644,912.3666783928948,0.0,14597.866854286316,0.0,CASH_SCARCITY,25
2020-05-14,AYTU,Q0_SKIP,0,1.78,364946.6713571579,910.1113571578644,912.3666783928948,0.0,14597.866854286316,0.0,CASH_SCARCITY,25
2020-05-15,RCUS,PLAN,2,35.03,364441.6713571579,998.1713571578643,911.1041783928947,87.06717876496964,14577.666854286315,0.005972641550617479,,25
2020-05-18,MRNA,Q0_SKIP,0,80.0,365360.0398371579,926.5798371578644,913.4000995928947,13.179737564969741,14614.401593486315,0.0009018321742878608,CASH_SCARCITY,25
2020-05-18,NVAX,Q0_SKIP,0,56.96,365360.0398371579,926.5798371578644,913.4000995928947,13.179737564969741,14614.401593486315,0.0009018321742878608,CASH_SCARCITY,25
2020-05-18,CGEN,Q0_SKIP,0,13.3,365360.0398371579,926.5798371578644,913.4000995928947,13.179737564969741,14614.401593486315,0.0009018321742878608,CASH_SCARCITY,25
2020-05-18,NEM,Q0_SKIP,0,66.26,365360.0398371579,926.5798371578644,913.4000995928947,13.179737564969741,14614.401593486315,0.0009018321742878608,CASH_SCARCITY,25
2020-05-18,CYTK,Q0_SKIP,0,22.22,365360.0398371579,926.5798371578644,913.4000995928947,13.179737564969741,14614.401593486315,0.0009018321742878608,CASH_SCARCITY,25
2020-05-18,SHOP,Q0_SKIP,0,738.02,365360.0398371579,926.5798371578644,913.4000995928947,13.179737564969741,14614.401593486315,0.0009018321742878608,CASH_SCARCITY,25
2020-05-18,ALNY,Q0_SKIP,0,144.87,365360.0398371579,926.5798371578644,913.4000995928947,13.179737564969741,14614.401593486315,0.0009018321742878608,CASH_SCARCITY,25
2020-05-18,PLUR,PLAN,1,9.32,365360.0398371579,926.5798371578644,913.4000995928947,13.179737564969741,14614.401593486315,0.0009018321742878608,,25
2020-06-23,NVAX,PLAN,224,69.66,391741.2860971578,24891.95109715786,979.3532152428945,23912.597881914964,15669.651443886312,1.0,,25
2020-07-08,DOCU,PLAN,85,206.35,442582.324687158,19210.234687157867,1106.455811717895,18103.778875439973,17703.29298748632,1.0,,25
2020-07-24,NAK,PLAN,43,1.94,452097.60718715785,1214.7571871578693,1130.2440179678947,84.51316918997463,18083.904287486315,0.004673391754702882,,25
2020-07-29,WKHS,PLAN,1134,16.15,458698.4388371579,57307.69883715788,1146.7460970928948,56160.95274006498,18347.937553486317,1.0,,25
2020-08-26,LVGO,PLAN,137,135.19,464881.22355115786,67911.02355115788,1162.2030588778946,66748.82049227998,18595.248942046313,1.0,,25
2020-09-14,APPS,PLAN,725,25.31,459687.52061215794,79787.89061215788,1149.2188015303948,78638.67181062748,18387.500824486317,1.0,,25
2020-09-24,FVRR,PLAN,148,125.88,466759.0113621578,70491.82136215788,1166.8975284053945,69324.92383375249,18670.360454486312,1.0,,25
2020-09-29,AGNT,PLAN,462,42.05,487060.65768215776,51579.247682157875,1217.6516442053944,50361.59603795248,19482.42630728631,1.0,,25
2020-10-07,RUN,PLAN,259,78.04999999999998,507565.77444215794,32146.594442157875,1268.9144361053948,30877.68000605248,20302.630977686316,1.0,,25
2020-10-20,ALTO,PLAN,1022,10.635,502533.799822158,12136.984822157876,1256.334499555395,10880.650322602482,20101.35199288632,0.5412894777651295,,25
2020-11-19,NIO,PLAN,384,48.45,465953.16797529894,193569.01797529886,1164.8829199382474,192404.13505536062,18638.126719011958,1.0,,25
2020-11-20,FDX,PLAN,68,276.69,473530.61229529884,175014.80229529887,1183.8265307382471,173830.97576456063,18941.224491811954,1.0,,25
2020-11-23,PACB,PLAN,1281,14.93,478630.9380152989,155941.4680152989,1196.5773450382474,154744.89067026065,19145.237520611958,1.0,,25
2020-11-25,AGNT,PLAN,366,51.98,476558.8914452989,136745.7214452989,1191.3972286132473,135554.32421668567,19062.355657811957,1.0,,25
2020-11-27,GNRC,PLAN,87,221.4,483005.48788529896,117452.8878852989,1207.5137197132474,116245.37416558566,19320.219515411958,1.0,,25
2020-11-30,LOB,PLAN,464,41.12,477901.9360852989,98171.8260852989,1194.7548402132472,96977.07124508565,19116.077443411956,1.0,,25
2020-12-02,FRHC,PLAN,485,39.35,478261.0044052989,78840.8344052989,1195.6525110132472,77645.18189428565,19130.440176211956,1.0,,25
2020-12-03,LPRO,PLAN,711,27.05,481356.04165529896,59348.6116552989,1203.3901041382474,58145.22155116065,19254.241666211958,1.0,,25
2020-12-11,PWR,PLAN,279,72.06999999999998,504320.53514529887,40243.480145298905,1260.8013378632472,38982.67880743566,20172.821405811956,1.0,,25
2020-12-14,SWAV,PLAN,201,93.38,505846.13797529886,20115.357975298903,1264.615344938247,18850.742630360655,20233.845519011953,0.9316440917100154,,25
2020-12-15,DAR,PLAN,5,55.51,511764.053065299,1609.8930652989075,1279.4101326632476,330.48293263565984,20470.562122611962,0.016144301785958555,,25
2021-01-12,NVCR,Q0_SKIP,0,175.81,596900.9080652988,1346.3530652989075,1492.252270163247,0.0,23876.03632261195,0.0,CASH_SCARCITY,25
2021-01-12,FTCHF,Q0_SKIP,0,62.18,596900.9080652988,1346.3530652989075,1492.252270163247,0.0,23876.03632261195,0.0,CASH_SCARCITY,25
2021-01-12,SICPQ,Q0_SKIP,0,68.05,596900.9080652988,1346.3530652989075,1492.252270163247,0.0,23876.03632261195,0.0,CASH_SCARCITY,25
2021-01-12,COOP,Q0_SKIP,0,30.14,596900.9080652988,1346.3530652989075,1492.252270163247,0.0,23876.03632261195,0.0,CASH_SCARCITY,25
2021-01-12,TPR,Q0_SKIP,0,35.34,596900.9080652988,1346.3530652989075,1492.252270163247,0.0,23876.03632261195,0.0,CASH_SCARCITY,25
2021-01-12,BYD,Q0_SKIP,0,49.44,596900.9080652988,1346.3530652989075,1492.252270163247,0.0,23876.03632261195,0.0,CASH_SCARCITY,25
2021-01-12,SID,Q0_SKIP,0,7.11,596900.9080652988,1346.3530652989075,1492.252270163247,0.0,23876.03632261195,0.0,CASH_SCARCITY,25
2021-01-12,EAT,Q0_SKIP,0,62.39,596900.9080652988,1346.3530652989075,1492.252270163247,0.0,23876.03632261195,0.0,CASH_SCARCITY,25
2021-01-12,CHPT,Q0_SKIP,0,44.5,596900.9080652988,1346.3530652989075,1492.252270163247,0.0,23876.03632261195,0.0,CASH_SCARCITY,25
2021-01-12,GTLS,Q0_SKIP,0,136.75,596900.9080652988,1346.3530652989075,1492.252270163247,0.0,23876.03632261195,0.0,CASH_SCARCITY,25
2021-01-12,RRR,Q0_SKIP,0,26.16,596900.9080652988,1346.3530652989075,1492.252270163247,0.0,23876.03632261195,0.0,CASH_SCARCITY,25
2021-01-12,STNE,Q0_SKIP,0,79.87999999999998,596900.9080652988,1346.3530652989075,1492.252270163247,0.0,23876.03632261195,0.0,CASH_SCARCITY,25
2021-01-12,CPRI,Q0_SKIP,0,46.54,596900.9080652988,1346.3530652989075,1492.252270163247,0.0,23876.03632261195,0.0,CASH_SCARCITY,25
2021-01-12,TWST,Q0_SKIP,0,162.84,596900.9080652988,1346.3530652989075,1492.252270163247,0.0,23876.03632261195,0.0,CASH_SCARCITY,25
2021-01-12,UMC,Q0_SKIP,0,8.73,596900.9080652988,1346.3530652989075,1492.252270163247,0.0,23876.03632261195,0.0,CASH_SCARCITY,25
2021-01-12,MGNI,Q0_SKIP,0,27.52,596900.9080652988,1346.3530652989075,1492.252270163247,0.0,23876.03632261195,0.0,CASH_SCARCITY,25
2021-01-12,NFE,Q0_SKIP,0,58.45,596900.9080652988,1346.3530652989075,1492.252270163247,0.0,23876.03632261195,0.0,CASH_SCARCITY,25
2021-01-12,PHR,Q0_SKIP,0,60.42,596900.9080652988,1346.3530652989075,1492.252270163247,0.0,23876.03632261195,0.0,CASH_SCARCITY,25
2021-01-12,TCBI,Q0_SKIP,0,67.81,596900.9080652988,1346.3530652989075,1492.252270163247,0.0,23876.03632261195,0.0,CASH_SCARCITY,25
2021-01-12,NTRA,Q0_SKIP,0,110.83,596900.9080652988,1346.3530652989075,1492.252270163247,0.0,23876.03632261195,0.0,CASH_SCARCITY,25
2021-01-12,LTHM,Q0_SKIP,0,21.43,596900.9080652988,1346.3530652989075,1492.252270163247,0.0,23876.03632261195,0.0,CASH_SCARCITY,25
2021-01-12,KOD,Q0_SKIP,0,157.9,596900.9080652988,1346.3530652989075,1492.252270163247,0.0,23876.03632261195,0.0,CASH_SCARCITY,25
2021-01-12,BBIO,Q0_SKIP,0,68.64,596900.9080652988,1346.3530652989075,1492.252270163247,0.0,23876.03632261195,0.0,CASH_SCARCITY,25
2021-01-12,MTSC,Q0_SKIP,0,59.28,596900.9080652988,1346.3530652989075,1492.252270163247,0.0,23876.03632261195,0.0,CASH_SCARCITY,25
2021-01-12,BOOT,Q0_SKIP,0,56.59,596900.9080652988,1346.3530652989075,1492.252270163247,0.0,23876.03632261195,0.0,CASH_SCARCITY,25
2021-01-12,CLCT,Q0_SKIP,0,76.34999999999998,596900.9080652988,1346.3530652989075,1492.252270163247,0.0,23876.03632261195,0.0,CASH_SCARCITY,25
2021-01-12,CLF,Q0_SKIP,0,18.56,596900.9080652988,1346.3530652989075,1492.252270163247,0.0,23876.03632261195,0.0,CASH_SCARCITY,25
2021-01-12,SIG,Q0_SKIP,0,42.78,596900.9080652988,1346.3530652989075,1492.252270163247,0.0,23876.03632261195,0.0,CASH_SCARCITY,25
2021-01-12,REGI,Q0_SKIP,0,86.18,596900.9080652988,1346.3530652989075,1492.252270163247,0.0,23876.03632261195,0.0,CASH_SCARCITY,25
2021-01-12,ZG,Q0_SKIP,0,152.21,596900.9080652988,1346.3530652989075,1492.252270163247,0.0,23876.03632261195,0.0,CASH_SCARCITY,25
2021-01-12,MSTR,Q0_SKIP,0,514.24,596900.9080652988,1346.3530652989075,1492.252270163247,0.0,23876.03632261195,0.0,CASH_SCARCITY,25
2021-01-12,PRTYQ,Q0_SKIP,0,8.07,596900.9080652988,1346.3530652989075,1492.252270163247,0.0,23876.03632261195,0.0,CASH_SCARCITY,25
2021-01-12,CX,Q0_SKIP,0,5.81,596900.9080652988,1346.3530652989075,1492.252270163247,0.0,23876.03632261195,0.0,CASH_SCARCITY,25
2021-01-12,Z,Q0_SKIP,0,146.32,596900.9080652988,1346.3530652989075,1492.252270163247,0.0,23876.03632261195,0.0,CASH_SCARCITY,25
2021-01-12,APPS,Q0_SKIP,0,54.85,596900.9080652988,1346.3530652989075,1492.252270163247,0.0,23876.03632261195,0.0,CASH_SCARCITY,25
2021-01-12,PINS,Q0_SKIP,0,75.06999999999998,596900.9080652988,1346.3530652989075,1492.252270163247,0.0,23876.03632261195,0.0,CASH_SCARCITY,25
2021-01-12,BBWI,Q0_SKIP,0,47.29,596900.9080652988,1346.3530652989075,1492.252270163247,0.0,23876.03632261195,0.0,CASH_SCARCITY,25
2021-01-12,ALTO,Q0_SKIP,0,6.75,596900.9080652988,1346.3530652989075,1492.252270163247,0.0,23876.03632261195,0.0,CASH_SCARCITY,25
2021-01-12,BEAM,Q0_SKIP,0,97.06,596900.9080652988,1346.3530652989075,1492.252270163247,0.0,23876.03632261195,0.0,CASH_SCARCITY,25
2021-01-12,FATE,Q0_SKIP,0,112.05,596900.9080652988,1346.3530652989075,1492.252270163247,0.0,23876.03632261195,0.0,CASH_SCARCITY,25
2021-01-12,GRWG,Q0_SKIP,0,50.31,596900.9080652988,1346.3530652989075,1492.252270163247,0.0,23876.03632261195,0.0,CASH_SCARCITY,25
2021-01-12,PLUG,Q0_SKIP,0,66.02,596900.9080652988,1346.3530652989075,1492.252270163247,0.0,23876.03632261195,0.0,CASH_SCARCITY,25
2021-01-12,OCUL,Q0_SKIP,0,21.25,596900.9080652988,1346.3530652989075,1492.252270163247,0.0,23876.03632261195,0.0,CASH_SCARCITY,25
2021-01-12,ANF,Q0_SKIP,0,23.26,596900.9080652988,1346.3530652989075,1492.252270163247,0.0,23876.03632261195,0.0,CASH_SCARCITY,25
2021-01-12,CDNA,Q0_SKIP,0,83.04,596900.9080652988,1346.3530652989075,1492.252270163247,0.0,23876.03632261195,0.0,CASH_SCARCITY,25
2021-01-12,COHU,Q0_SKIP,0,45.61,596900.9080652988,1346.3530652989075,1492.252270163247,0.0,23876.03632261195,0.0,CASH_SCARCITY,25
2021-01-12,TUPBQ,Q0_SKIP,0,35.29,596900.9080652988,1346.3530652989075,1492.252270163247,0.0,23876.03632261195,0.0,CASH_SCARCITY,25
2021-01-12,TTGT,Q0_SKIP,0,68.21,596900.9080652988,1346.3530652989075,1492.252270163247,0.0,23876.03632261195,0.0,CASH_SCARCITY,25
2021-01-12,SNAP,Q0_SKIP,0,56.45,596900.9080652988,1346.3530652989075,1492.252270163247,0.0,23876.03632261195,0.0,CASH_SCARCITY,25
2021-01-12,CRNC,Q0_SKIP,0,104.8,596900.9080652988,1346.3530652989075,1492.252270163247,0.0,23876.03632261195,0.0,CASH_SCARCITY,25
2021-01-12,FUBO,Q0_SKIP,0,36.48,596900.9080652988,1346.3530652989075,1492.252270163247,0.0,23876.03632261195,0.0,CASH_SCARCITY,25
2021-01-12,PRKS,Q0_SKIP,0,31.6,596900.9080652988,1346.3530652989075,1492.252270163247,0.0,23876.03632261195,0.0,CASH_SCARCITY,25
2021-01-12,MP,Q0_SKIP,0,34.68,596900.9080652988,1346.3530652989075,1492.252270163247,0.0,23876.03632261195,0.0,CASH_SCARCITY,25
2021-01-12,LNWO,Q0_SKIP,0,46.53,596900.9080652988,1346.3530652989075,1492.252270163247,0.0,23876.03632261195,0.0,CASH_SCARCITY,25
2021-01-12,ADNT,Q0_SKIP,0,37.21,596900.9080652988,1346.3530652989075,1492.252270163247,0.0,23876.03632261195,0.0,CASH_SCARCITY,25
2021-01-12,PENN,Q0_SKIP,0,105.95,596900.9080652988,1346.3530652989075,1492.252270163247,0.0,23876.03632261195,0.0,CASH_SCARCITY,25
2021-01-12,OLN,Q0_SKIP,0,28.07,596900.9080652988,1346.3530652989075,1492.252270163247,0.0,23876.03632261195,0.0,CASH_SCARCITY,25
2021-01-12,MDRX,Q0_SKIP,0,15.89,596900.9080652988,1346.3530652989075,1492.252270163247,0.0,23876.03632261195,0.0,CASH_SCARCITY,25
2021-01-12,ENPH,Q0_SKIP,0,206.49,596900.9080652988,1346.3530652989075,1492.252270163247,0.0,23876.03632261195,0.0,CASH_SCARCITY,25
2021-01-12,X,Q0_SKIP,0,23.86,596900.9080652988,1346.3530652989075,1492.252270163247,0.0,23876.03632261195,0.0,CASH_SCARCITY,25
2021-01-12,NTLA,Q0_SKIP,0,75.69,596900.9080652988,1346.3530652989075,1492.252270163247,0.0,23876.03632261195,0.0,CASH_SCARCITY,25
2021-01-12,ROKU,Q0_SKIP,0,415.29,596900.9080652988,1346.3530652989075,1492.252270163247,0.0,23876.03632261195,0.0,CASH_SCARCITY,25
2021-01-12,CLSK,Q0_SKIP,0,36.05,596900.9080652988,1346.3530652989075,1492.252270163247,0.0,23876.03632261195,0.0,CASH_SCARCITY,25
2021-01-12,AMBA,Q0_SKIP,0,97.8,596900.9080652988,1346.3530652989075,1492.252270163247,0.0,23876.03632261195,0.0,CASH_SCARCITY,25
2021-01-12,DY,Q0_SKIP,0,88.40999999999998,596900.9080652988,1346.3530652989075,1492.252270163247,0.0,23876.03632261195,0.0,CASH_SCARCITY,25
2021-01-12,VYX,Q0_SKIP,0,36.67,596900.9080652988,1346.3530652989075,1492.252270163247,0.0,23876.03632261195,0.0,CASH_SCARCITY,25
2021-01-12,RHP,Q0_SKIP,0,69.01,596900.9080652988,1346.3530652989075,1492.252270163247,0.0,23876.03632261195,0.0,CASH_SCARCITY,25
2021-01-12,PVH,Q0_SKIP,0,108.79,596900.9080652988,1346.3530652989075,1492.252270163247,0.0,23876.03632261195,0.0,CASH_SCARCITY,25
2021-01-12,DBRG,Q0_SKIP,0,4.94,596900.9080652988,1346.3530652989075,1492.252270163247,0.0,23876.03632261195,0.0,CASH_SCARCITY,25
2021-01-12,PSNL,Q0_SKIP,0,39.78,596900.9080652988,1346.3530652989075,1492.252270163247,0.0,23876.03632261195,0.0,CASH_SCARCITY,25
2021-01-12,BBBYQ,Q0_SKIP,0,21.525,596900.9080652988,1346.3530652989075,1492.252270163247,0.0,23876.03632261195,0.0,CASH_SCARCITY,25
2021-01-12,HIBB,Q0_SKIP,0,55.48,596900.9080652988,1346.3530652989075,1492.252270163247,0.0,23876.03632261195,0.0,CASH_SCARCITY,25
2021-01-12,XXII,Q0_SKIP,0,2.8,596900.9080652988,1346.3530652989075,1492.252270163247,0.0,23876.03632261195,0.0,CASH_SCARCITY,25
2021-01-12,BKU,Q0_SKIP,0,39.99,596900.9080652988,1346.3530652989075,1492.252270163247,0.0,23876.03632261195,0.0,CASH_SCARCITY,25
2021-01-12,CELH,Q0_SKIP,0,59.31,596900.9080652988,1346.3530652989075,1492.252270163247,0.0,23876.03632261195,0.0,CASH_SCARCITY,25
2021-01-12,UPWK,Q0_SKIP,0,42.6,596900.9080652988,1346.3530652989075,1492.252270163247,0.0,23876.03632261195,0.0,CASH_SCARCITY,25
2021-01-12,TRUP,Q0_SKIP,0,112.5,596900.9080652988,1346.3530652989075,1492.252270163247,0.0,23876.03632261195,0.0,CASH_SCARCITY,25
2021-01-12,THC,Q0_SKIP,0,45.17,596900.9080652988,1346.3530652989075,1492.252270163247,0.0,23876.03632261195,0.0,CASH_SCARCITY,25
2021-01-12,DDS,Q0_SKIP,0,55.55,596900.9080652988,1346.3530652989075,1492.252270163247,0.0,23876.03632261195,0.0,CASH_SCARCITY,25
2021-01-12,GME,Q0_SKIP,0,19.95,596900.9080652988,1346.3530652989075,1492.252270163247,0.0,23876.03632261195,0.0,CASH_SCARCITY,25
2021-01-12,CIT,Q0_SKIP,0,39.78,596900.9080652988,1346.3530652989075,1492.252270163247,0.0,23876.03632261195,0.0,CASH_SCARCITY,25
2021-01-12,JMIA,Q0_SKIP,0,40.43,596900.9080652988,1346.3530652989075,1492.252270163247,0.0,23876.03632261195,0.0,CASH_SCARCITY,25
2021-01-12,RIOT,Q0_SKIP,0,24.21,596900.9080652988,1346.3530652989075,1492.252270163247,0.0,23876.03632261195,0.0,CASH_SCARCITY,25
2021-01-12,BLNK,Q0_SKIP,0,52.31,596900.9080652988,1346.3530652989075,1492.252270163247,0.0,23876.03632261195,0.0,CASH_SCARCITY,25
2021-01-12,GAP,Q0_SKIP,0,23.3,596900.9080652988,1346.3530652989075,1492.252270163247,0.0,23876.03632261195,0.0,CASH_SCARCITY,25
2021-01-12,SOL,Q0_SKIP,0,23.25,596900.9080652988,1346.3530652989075,1492.252270163247,0.0,23876.03632261195,0.0,CASH_SCARCITY,25
2021-01-12,GES,Q0_SKIP,0,25.4,596900.9080652988,1346.3530652989075,1492.252270163247,0.0,23876.03632261195,0.0,CASH_SCARCITY,25
2021-01-12,SFIX,Q0_SKIP,0,66.88,596900.9080652988,1346.3530652989075,1492.252270163247,0.0,23876.03632261195,0.0,CASH_SCARCITY,25
2021-01-12,HOUS,Q0_SKIP,0,16.2,596900.9080652988,1346.3530652989075,1492.252270163247,0.0,23876.03632261195,0.0,CASH_SCARCITY,25
2021-01-12,ACH,Q0_SKIP,0,31.1,596900.9080652988,1346.3530652989075,1492.252270163247,0.0,23876.03632261195,0.0,CASH_SCARCITY,25
2021-01-12,BTBT,Q0_SKIP,0,19.65,596900.9080652988,1346.3530652989075,1492.252270163247,0.0,23876.03632261195,0.0,CASH_SCARCITY,25
2021-01-12,MAXR,Q0_SKIP,0,39.46,596900.9080652988,1346.3530652989075,1492.252270163247,0.0,23876.03632261195,0.0,CASH_SCARCITY,25
2021-01-12,TCRR,Q0_SKIP,0,34.07,596900.9080652988,1346.3530652989075,1492.252270163247,0.0,23876.03632261195,0.0,CASH_SCARCITY,25
2021-01-12,GOGO,Q0_SKIP,0,11.43,596900.9080652988,1346.3530652989075,1492.252270163247,0.0,23876.03632261195,0.0,CASH_SCARCITY,25
2021-01-12,NOVA,Q0_SKIP,0,50.25,596900.9080652988,1346.3530652989075,1492.252270163247,0.0,23876.03632261195,0.0,CASH_SCARCITY,25
2021-01-12,CDLX,Q0_SKIP,0,139.38,596900.9080652988,1346.3530652989075,1492.252270163247,0.0,23876.03632261195,0.0,CASH_SCARCITY,25
2021-01-12,MIK,Q0_SKIP,0,15.47,596900.9080652988,1346.3530652989075,1492.252270163247,0.0,23876.03632261195,0.0,CASH_SCARCITY,25
2021-01-12,JKS,Q0_SKIP,0,65.97,596900.9080652988,1346.3530652989075,1492.252270163247,0.0,23876.03632261195,0.0,CASH_SCARCITY,25
2021-01-12,IEA,Q0_SKIP,0,23.42,596900.9080652988,1346.3530652989075,1492.252270163247,0.0,23876.03632261195,0.0,CASH_SCARCITY,25
2021-01-12,JWN,Q0_SKIP,0,37.25,596900.9080652988,1346.3530652989075,1492.252270163247,0.0,23876.03632261195,0.0,CASH_SCARCITY,25
2021-01-12,BEEM,Q0_SKIP,0,70.33,596900.9080652988,1346.3530652989075,1492.252270163247,0.0,23876.03632261195,0.0,CASH_SCARCITY,25
2021-01-12,MARA,Q0_SKIP,0,26.15,596900.9080652988,1346.3530652989075,1492.252270163247,0.0,23876.03632261195,0.0,CASH_SCARCITY,25
2021-01-12,SPWRQ,Q0_SKIP,0,30.24,596900.9080652988,1346.3530652989075,1492.252270163247,0.0,23876.03632261195,0.0,CASH_SCARCITY,25
2021-01-12,OPEN,Q0_SKIP,0,27.7,596900.9080652988,1346.3530652989075,1492.252270163247,0.0,23876.03632261195,0.0,CASH_SCARCITY,25
2021-01-12,VERI,Q0_SKIP,0,36.83,596900.9080652988,1346.3530652989075,1492.252270163247,0.0,23876.03632261195,0.0,CASH_SCARCITY,25
2021-01-12,EDIT,Q0_SKIP,0,75.0,596900.9080652988,1346.3530652989075,1492.252270163247,0.0,23876.03632261195,0.0,CASH_SCARCITY,25
2021-01-12,DQ,Q0_SKIP,0,85.29999999999998,596900.9080652988,1346.3530652989075,1492.252270163247,0.0,23876.03632261195,0.0,CASH_SCARCITY,25
2021-01-12,TSLA,Q0_SKIP,0,849.44,596900.9080652988,1346.3530652989075,1492.252270163247,0.0,23876.03632261195,0.0,CASH_SCARCITY,25
2021-01-12,HOME,Q0_SKIP,0,21.7,596900.9080652988,1346.3530652989075,1492.252270163247,0.0,23876.03632261195,0.0,CASH_SCARCITY,25
2021-01-12,NNDM,Q0_SKIP,0,9.4,596900.9080652988,1346.3530652989075,1492.252270163247,0.0,23876.03632261195,0.0,CASH_SCARCITY,25
2021-01-12,KSS,Q0_SKIP,0,45.21,596900.9080652988,1346.3530652989075,1492.252270163247,0.0,23876.03632261195,0.0,CASH_SCARCITY,25
2021-01-12,GP,Q0_SKIP,0,29.33,596900.9080652988,1346.3530652989075,1492.252270163247,0.0,23876.03632261195,0.0,CASH_SCARCITY,25
2021-01-12,AR,Q0_SKIP,0,7.61,596900.9080652988,1346.3530652989075,1492.252270163247,0.0,23876.03632261195,0.0,CASH_SCARCITY,25
2021-01-12,VFF,Q0_SKIP,0,12.98,596900.9080652988,1346.3530652989075,1492.252270163247,0.0,23876.03632261195,0.0,CASH_SCARCITY,25
2021-01-12,CVNA,Q0_SKIP,0,288.44,596900.9080652988,1346.3530652989075,1492.252270163247,0.0,23876.03632261195,0.0,CASH_SCARCITY,25
2021-01-12,FCEL,Q0_SKIP,0,19.05,596900.9080652988,1346.3530652989075,1492.252270163247,0.0,23876.03632261195,0.0,CASH_SCARCITY,25
2021-01-12,CRIS,Q0_SKIP,0,10.01,596900.9080652988,1346.3530652989075,1492.252270163247,0.0,23876.03632261195,0.0,CASH_SCARCITY,25
2021-01-12,PLAY,Q0_SKIP,0,33.9,596900.9080652988,1346.3530652989075,1492.252270163247,0.0,23876.03632261195,0.0,CASH_SCARCITY,25
2021-01-12,MGI,Q0_SKIP,0,6.51,596900.9080652988,1346.3530652989075,1492.252270163247,0.0,23876.03632261195,0.0,CASH_SCARCITY,25
2021-01-12,CBAT,Q0_SKIP,0,7.3,596900.9080652988,1346.3530652989075,1492.252270163247,0.0,23876.03632261195,0.0,CASH_SCARCITY,25
2021-01-12,FLGT,Q0_SKIP,0,69.89,596900.9080652988,1346.3530652989075,1492.252270163247,0.0,23876.03632261195,0.0,CASH_SCARCITY,25
2021-01-12,ASXC,Q0_SKIP,0,1.61,596900.9080652988,1346.3530652989075,1492.252270163247,0.0,23876.03632261195,0.0,CASH_SCARCITY,25
2021-01-12,GRPN,Q0_SKIP,0,36.36,596900.9080652988,1346.3530652989075,1492.252270163247,0.0,23876.03632261195,0.0,CASH_SCARCITY,25
2021-01-12,OTRKQ,Q0_SKIP,0,59.14,596900.9080652988,1346.3530652989075,1492.252270163247,0.0,23876.03632261195,0.0,CASH_SCARCITY,25
2021-01-12,MCRB,Q0_SKIP,0,26.52,596900.9080652988,1346.3530652989075,1492.252270163247,0.0,23876.03632261195,0.0,CASH_SCARCITY,25
2021-01-12,CAN,Q0_SKIP,0,5.65,596900.9080652988,1346.3530652989075,1492.252270163247,0.0,23876.03632261195,0.0,CASH_SCARCITY,25
2021-01-12,PLL,Q0_SKIP,0,34.76,596900.9080652988,1346.3530652989075,1492.252270163247,0.0,23876.03632261195,0.0,CASH_SCARCITY,25
2021-01-12,SUNWQ,Q0_SKIP,0,10.91,596900.9080652988,1346.3530652989075,1492.252270163247,0.0,23876.03632261195,0.0,CASH_SCARCITY,25
2021-01-12,LAR,Q0_SKIP,0,19.08,596900.9080652988,1346.3530652989075,1492.252270163247,0.0,23876.03632261195,0.0,CASH_SCARCITY,25
2021-01-12,FUVV,Q0_SKIP,0,18.52,596900.9080652988,1346.3530652989075,1492.252270163247,0.0,23876.03632261195,0.0,CASH_SCARCITY,25
2021-01-12,BE,Q0_SKIP,0,35.66,596900.9080652988,1346.3530652989075,1492.252270163247,0.0,23876.03632261195,0.0,CASH_SCARCITY,25
2021-01-12,GEVO,Q0_SKIP,0,6.06,596900.9080652988,1346.3530652989075,1492.252270163247,0.0,23876.03632261195,0.0,CASH_SCARCITY,25
2021-01-12,ABUS,Q0_SKIP,0,4.1,596900.9080652988,1346.3530652989075,1492.252270163247,0.0,23876.03632261195,0.0,CASH_SCARCITY,25
2021-01-12,OIGBQ,Q0_SKIP,0,4.44,596900.9080652988,1346.3530652989075,1492.252270163247,0.0,23876.03632261195,0.0,CASH_SCARCITY,25
2021-01-13,FTCHF,Q0_SKIP,0,61.3,603637.353065299,1346.3530652989075,1509.0933826632474,0.0,24145.49412261196,0.0,CASH_SCARCITY,25
2021-01-13,KTB,Q0_SKIP,0,44.45,603637.353065299,1346.3530652989075,1509.0933826632474,0.0,24145.49412261196,0.0,CASH_SCARCITY,25
2021-01-13,NVCR,Q0_SKIP,0,176.94,603637.353065299,1346.3530652989075,1509.0933826632474,0.0,24145.49412261196,0.0,CASH_SCARCITY,25
2021-01-13,SICPQ,Q0_SKIP,0,69.32,603637.353065299,1346.3530652989075,1509.0933826632474,0.0,24145.49412261196,0.0,CASH_SCARCITY,25
2021-01-13,SID,Q0_SKIP,0,6.8,603637.353065299,1346.3530652989075,1509.0933826632474,0.0,24145.49412261196,0.0,CASH_SCARCITY,25
2021-01-13,COOP,Q0_SKIP,0,29.5,603637.353065299,1346.3530652989075,1509.0933826632474,0.0,24145.49412261196,0.0,CASH_SCARCITY,25
2021-01-13,TPR,Q0_SKIP,0,34.03,603637.353065299,1346.3530652989075,1509.0933826632474,0.0,24145.49412261196,0.0,CASH_SCARCITY,25
2021-01-13,BYD,Q0_SKIP,0,48.08,603637.353065299,1346.3530652989075,1509.0933826632474,0.0,24145.49412261196,0.0,CASH_SCARCITY,25
2021-01-13,NFE,Q0_SKIP,0,56.54,603637.353065299,1346.3530652989075,1509.0933826632474,0.0,24145.49412261196,0.0,CASH_SCARCITY,25
2021-01-13,JOE,Q0_SKIP,0,44.23,603637.353065299,1346.3530652989075,1509.0933826632474,0.0,24145.49412261196,0.0,CASH_SCARCITY,25
2021-01-13,GTLS,Q0_SKIP,0,132.78,603637.353065299,1346.3530652989075,1509.0933826632474,0.0,24145.49412261196,0.0,CASH_SCARCITY,25
2021-01-13,UMC,Q0_SKIP,0,8.89,603637.353065299,1346.3530652989075,1509.0933826632474,0.0,24145.49412261196,0.0,CASH_SCARCITY,25
2021-01-13,PHR,Q0_SKIP,0,60.63,603637.353065299,1346.3530652989075,1509.0933826632474,0.0,24145.49412261196,0.0,CASH_SCARCITY,25
2021-01-13,MGNI,Q0_SKIP,0,27.39,603637.353065299,1346.3530652989075,1509.0933826632474,0.0,24145.49412261196,0.0,CASH_SCARCITY,25
2021-01-13,STNE,Q0_SKIP,0,79.58,603637.353065299,1346.3530652989075,1509.0933826632474,0.0,24145.49412261196,0.0,CASH_SCARCITY,25
2021-01-13,CHPT,Q0_SKIP,0,44.4,603637.353065299,1346.3530652989075,1509.0933826632474,0.0,24145.49412261196,0.0,CASH_SCARCITY,25
2021-01-13,BBIO,Q0_SKIP,0,65.68,603637.353065299,1346.3530652989075,1509.0933826632474,0.0,24145.49412261196,0.0,CASH_SCARCITY,25
2021-01-13,ZG,Q0_SKIP,0,149.88,603637.353065299,1346.3530652989075,1509.0933826632474,0.0,24145.49412261196,0.0,CASH_SCARCITY,25
2021-01-13,Z,Q0_SKIP,0,143.23,603637.353065299,1346.3530652989075,1509.0933826632474,0.0,24145.49412261196,0.0,CASH_SCARCITY,25
2021-01-13,REGI,Q0_SKIP,0,85.20999999999998,603637.353065299,1346.3530652989075,1509.0933826632474,0.0,24145.49412261196,0.0,CASH_SCARCITY,25
2021-01-13,NTRA,Q0_SKIP,0,113.28,603637.353065299,1346.3530652989075,1509.0933826632474,0.0,24145.49412261196,0.0,CASH_SCARCITY,25
2021-01-13,BEAM,Q0_SKIP,0,97.94,603637.353065299,1346.3530652989075,1509.0933826632474,0.0,24145.49412261196,0.0,CASH_SCARCITY,25
2021-01-13,EAT,Q0_SKIP,0,59.65,603637.353065299,1346.3530652989075,1509.0933826632474,0.0,24145.49412261196,0.0,CASH_SCARCITY,25
2021-01-13,FCX,Q0_SKIP,0,30.56,603637.353065299,1346.3530652989075,1509.0933826632474,0.0,24145.49412261196,0.0,CASH_SCARCITY,25
2021-01-13,TCBI,Q0_SKIP,0,68.17,603637.353065299,1346.3530652989075,1509.0933826632474,0.0,24145.49412261196,0.0,CASH_SCARCITY,25
2021-01-13,KOD,Q0_SKIP,0,153.67,603637.353065299,1346.3530652989075,1509.0933826632474,0.0,24145.49412261196,0.0,CASH_SCARCITY,25
2021-01-13,CLCT,Q0_SKIP,0,76.4,603637.353065299,1346.3530652989075,1509.0933826632474,0.0,24145.49412261196,0.0,CASH_SCARCITY,25
2021-01-13,APPS,Q0_SKIP,0,57.62,603637.353065299,1346.3530652989075,1509.0933826632474,0.0,24145.49412261196,0.0,CASH_SCARCITY,25
2021-01-13,PINS,Q0_SKIP,0,72.76,603637.353065299,1346.3530652989075,1509.0933826632474,0.0,24145.49412261196,0.0,CASH_SCARCITY,25
2021-01-13,RRR,Q0_SKIP,0,24.74,603637.353065299,1346.3530652989075,1509.0933826632474,0.0,24145.49412261196,0.0,CASH_SCARCITY,25
2021-01-13,NET,Q0_SKIP,0,82.48,603637.353065299,1346.3530652989075,1509.0933826632474,0.0,24145.49412261196,0.0,CASH_SCARCITY,25
2021-01-13,CLF,Q0_SKIP,0,17.78,603637.353065299,1346.3530652989075,1509.0933826632474,0.0,24145.49412261196,0.0,CASH_SCARCITY,25
2021-01-13,MTSC,Q0_SKIP,0,59.04,603637.353065299,1346.3530652989075,1509.0933826632474,0.0,24145.49412261196,0.0,CASH_SCARCITY,25
2021-01-13,CPRI,Q0_SKIP,0,45.56,603637.353065299,1346.3530652989075,1509.0933826632474,0.0,24145.49412261196,0.0,CASH_SCARCITY,25
2021-01-13,ALTO,Q0_SKIP,0,7.3,603637.353065299,1346.3530652989075,1509.0933826632474,0.0,24145.49412261196,0.0,CASH_SCARCITY,25
2021-01-13,TWST,Q0_SKIP,0,168.41,603637.353065299,1346.3530652989075,1509.0933826632474,0.0,24145.49412261196,0.0,CASH_SCARCITY,25
2021-01-13,COHU,Q0_SKIP,0,45.36,603637.353065299,1346.3530652989075,1509.0933826632474,0.0,24145.49412261196,0.0,CASH_SCARCITY,25
2021-01-13,MSTR,Q0_SKIP,0,519.26,603637.353065299,1346.3530652989075,1509.0933826632474,0.0,24145.49412261196,0.0,CASH_SCARCITY,25
2021-01-13,LTHM,Q0_SKIP,0,21.17,603637.353065299,1346.3530652989075,1509.0933826632474,0.0,24145.49412261196,0.0,CASH_SCARCITY,25
2021-01-13,HUBS,Q0_SKIP,0,400.32,603637.353065299,1346.3530652989075,1509.0933826632474,0.0,24145.49412261196,0.0,CASH_SCARCITY,25
2021-01-13,GRWG,Q0_SKIP,0,47.99,603637.353065299,1346.3530652989075,1509.0933826632474,0.0,24145.49412261196,0.0,CASH_SCARCITY,25
2021-01-13,APPN,Q0_SKIP,0,159.55,603637.353065299,1346.3530652989075,1509.0933826632474,0.0,24145.49412261196,0.0,CASH_SCARCITY,25
2021-01-13,FATE,Q0_SKIP,0,113.29,603637.353065299,1346.3530652989075,1509.0933826632474,0.0,24145.49412261196,0.0,CASH_SCARCITY,25
2021-01-13,XXII,Q0_SKIP,0,2.88,603637.353065299,1346.3530652989075,1509.0933826632474,0.0,24145.49412261196,0.0,CASH_SCARCITY,25
2021-01-13,ENPH,Q0_SKIP,0,203.69,603637.353065299,1346.3530652989075,1509.0933826632474,0.0,24145.49412261196,0.0,CASH_SCARCITY,25
2021-01-13,CLSK,Q0_SKIP,0,39.34,603637.353065299,1346.3530652989075,1509.0933826632474,0.0,24145.49412261196,0.0,CASH_SCARCITY,25
2021-01-13,PLUG,Q0_SKIP,0,69.5,603637.353065299,1346.3530652989075,1509.0933826632474,0.0,24145.49412261196,0.0,CASH_SCARCITY,25
2021-01-13,CRNC,Q0_SKIP,0,101.53,603637.353065299,1346.3530652989075,1509.0933826632474,0.0,24145.49412261196,0.0,CASH_SCARCITY,25
2021-01-13,PRTYQ,Q0_SKIP,0,7.44,603637.353065299,1346.3530652989075,1509.0933826632474,0.0,24145.49412261196,0.0,CASH_SCARCITY,25
2021-01-13,SNAP,Q0_SKIP,0,53.43,603637.353065299,1346.3530652989075,1509.0933826632474,0.0,24145.49412261196,0.0,CASH_SCARCITY,25
2021-01-13,BOOT,Q0_SKIP,0,54.22,603637.353065299,1346.3530652989075,1509.0933826632474,0.0,24145.49412261196,0.0,CASH_SCARCITY,25
2021-01-13,SIG,Q0_SKIP,0,39.01,603637.353065299,1346.3530652989075,1509.0933826632474,0.0,24145.49412261196,0.0,CASH_SCARCITY,25
2021-01-13,CX,Q0_SKIP,0,5.7,603637.353065299,1346.3530652989075,1509.0933826632474,0.0,24145.49412261196,0.0,CASH_SCARCITY,25
2021-01-13,OCUL,Q0_SKIP,0,21.32,603637.353065299,1346.3530652989075,1509.0933826632474,0.0,24145.49412261196,0.0,CASH_SCARCITY,25
2021-01-13,WCC,Q0_SKIP,0,84.31999999999998,603637.353065299,1346.3530652989075,1509.0933826632474,0.0,24145.49412261196,0.0,CASH_SCARCITY,25
2021-01-13,INSP,Q0_SKIP,0,200.86,603637.353065299,1346.3530652989075,1509.0933826632474,0.0,24145.49412261196,0.0,CASH_SCARCITY,25
2021-01-13,FUBO,Q0_SKIP,0,35.8,603637.353065299,1346.3530652989075,1509.0933826632474,0.0,24145.49412261196,0.0,CASH_SCARCITY,25
2021-01-13,MP,Q0_SKIP,0,34.7,603637.353065299,1346.3530652989075,1509.0933826632474,0.0,24145.49412261196,0.0,CASH_SCARCITY,25
2021-01-13,ROKU,Q0_SKIP,0,408.6,603637.353065299,1346.3530652989075,1509.0933826632474,0.0,24145.49412261196,0.0,CASH_SCARCITY,25
2021-01-13,TTGT,Q0_SKIP,0,67.49,603637.353065299,1346.3530652989075,1509.0933826632474,0.0,24145.49412261196,0.0,CASH_SCARCITY,25
2021-01-13,TUPBQ,Q0_SKIP,0,33.56,603637.353065299,1346.3530652989075,1509.0933826632474,0.0,24145.49412261196,0.0,CASH_SCARCITY,25
2021-01-13,CDNA,Q0_SKIP,0,84.31999999999998,603637.353065299,1346.3530652989075,1509.0933826632474,0.0,24145.49412261196,0.0,CASH_SCARCITY,25
2021-01-13,BBWI,Q0_SKIP,0,46.16,603637.353065299,1346.3530652989075,1509.0933826632474,0.0,24145.49412261196,0.0,CASH_SCARCITY,25
2021-01-13,AMBA,Q0_SKIP,0,99.38,603637.353065299,1346.3530652989075,1509.0933826632474,0.0,24145.49412261196,0.0,CASH_SCARCITY,25
2021-01-13,ANF,Q0_SKIP,0,23.7,603637.353065299,1346.3530652989075,1509.0933826632474,0.0,24145.49412261196,0.0,CASH_SCARCITY,25
2021-01-13,LNWO,Q0_SKIP,0,45.5,603637.353065299,1346.3530652989075,1509.0933826632474,0.0,24145.49412261196,0.0,CASH_SCARCITY,25
2021-01-13,NSTGQ,Q0_SKIP,0,71.72,603637.353065299,1346.3530652989075,1509.0933826632474,0.0,24145.49412261196,0.0,CASH_SCARCITY,25
2021-01-13,X,Q0_SKIP,0,22.6,603637.353065299,1346.3530652989075,1509.0933826632474,0.0,24145.49412261196,0.0,CASH_SCARCITY,25
2021-01-13,TRUP,Q0_SKIP,0,116.36,603637.353065299,1346.3530652989075,1509.0933826632474,0.0,24145.49412261196,0.0,CASH_SCARCITY,25
2021-01-13,DY,Q0_SKIP,0,86.33,603637.353065299,1346.3530652989075,1509.0933826632474,0.0,24145.49412261196,0.0,CASH_SCARCITY,25
2021-01-13,UPWK,Q0_SKIP,0,41.34,603637.353065299,1346.3530652989075,1509.0933826632474,0.0,24145.49412261196,0.0,CASH_SCARCITY,25
2021-01-13,EGHT,Q0_SKIP,0,35.83,603637.353065299,1346.3530652989075,1509.0933826632474,0.0,24145.49412261196,0.0,CASH_SCARCITY,25
2021-01-13,NTLA,Q0_SKIP,0,76.01,603637.353065299,1346.3530652989075,1509.0933826632474,0.0,24145.49412261196,0.0,CASH_SCARCITY,25
2021-01-13,ADNT,Q0_SKIP,0,36.45,603637.353065299,1346.3530652989075,1509.0933826632474,0.0,24145.49412261196,0.0,CASH_SCARCITY,25
2021-01-13,OLN,Q0_SKIP,0,27.31,603637.353065299,1346.3530652989075,1509.0933826632474,0.0,24145.49412261196,0.0,CASH_SCARCITY,25
2021-01-13,BBBYQ,Q0_SKIP,0,23.02,603637.353065299,1346.3530652989075,1509.0933826632474,0.0,24145.49412261196,0.0,CASH_SCARCITY,25
2021-01-13,RMO,Q0_SKIP,0,23.0,603637.353065299,1346.3530652989075,1509.0933826632474,0.0,24145.49412261196,0.0,CASH_SCARCITY,25
2021-01-13,MDRX,Q0_SKIP,0,16.17,603637.353065299,1346.3530652989075,1509.0933826632474,0.0,24145.49412261196,0.0,CASH_SCARCITY,25
2021-01-13,HIBB,Q0_SKIP,0,52.79,603637.353065299,1346.3530652989075,1509.0933826632474,0.0,24145.49412261196,0.0,CASH_SCARCITY,25
2021-01-13,DBRG,Q0_SKIP,0,4.89,603637.353065299,1346.3530652989075,1509.0933826632474,0.0,24145.49412261196,0.0,CASH_SCARCITY,25
2021-01-13,CELH,Q0_SKIP,0,59.6,603637.353065299,1346.3530652989075,1509.0933826632474,0.0,24145.49412261196,0.0,CASH_SCARCITY,25
2021-01-13,VYX,Q0_SKIP,0,34.98,603637.353065299,1346.3530652989075,1509.0933826632474,0.0,24145.49412261196,0.0,CASH_SCARCITY,25
2021-01-13,JMIA,Q0_SKIP,0,43.3,603637.353065299,1346.3530652989075,1509.0933826632474,0.0,24145.49412261196,0.0,CASH_SCARCITY,25
2021-01-13,PENN,Q0_SKIP,0,104.21,603637.353065299,1346.3530652989075,1509.0933826632474,0.0,24145.49412261196,0.0,CASH_SCARCITY,25
2021-01-13,PVH,Q0_SKIP,0,104.84,603637.353065299,1346.3530652989075,1509.0933826632474,0.0,24145.49412261196,0.0,CASH_SCARCITY,25
2021-01-13,PSNL,Q0_SKIP,0,40.93,603637.353065299,1346.3530652989075,1509.0933826632474,0.0,24145.49412261196,0.0,CASH_SCARCITY,25
2021-01-13,MAXR,Q0_SKIP,0,38.92,603637.353065299,1346.3530652989075,1509.0933826632474,0.0,24145.49412261196,0.0,CASH_SCARCITY,25
2021-01-13,BLNK,Q0_SKIP,0,50.81,603637.353065299,1346.3530652989075,1509.0933826632474,0.0,24145.49412261196,0.0,CASH_SCARCITY,25
2021-01-13,SFIX,Q0_SKIP,0,66.4,603637.353065299,1346.3530652989075,1509.0933826632474,0.0,24145.49412261196,0.0,CASH_SCARCITY,25
2021-01-13,RHP,Q0_SKIP,0,72.18,603637.353065299,1346.3530652989075,1509.0933826632474,0.0,24145.49412261196,0.0,CASH_SCARCITY,25
2021-01-13,NOVA,Q0_SKIP,0,50.78,603637.353065299,1346.3530652989075,1509.0933826632474,0.0,24145.49412261196,0.0,CASH_SCARCITY,25
2021-01-13,GOGO,Q0_SKIP,0,11.62,603637.353065299,1346.3530652989075,1509.0933826632474,0.0,24145.49412261196,0.0,CASH_SCARCITY,25
2021-01-13,SOL,Q0_SKIP,0,22.27,603637.353065299,1346.3530652989075,1509.0933826632474,0.0,24145.49412261196,0.0,CASH_SCARCITY,25
2021-01-13,GME,Q0_SKIP,0,31.4,603637.353065299,1346.3530652989075,1509.0933826632474,0.0,24145.49412261196,0.0,CASH_SCARCITY,25
2021-01-13,RIOT,Q0_SKIP,0,23.88,603637.353065299,1346.3530652989075,1509.0933826632474,0.0,24145.49412261196,0.0,CASH_SCARCITY,25
2021-01-13,DDS,Q0_SKIP,0,60.61,603637.353065299,1346.3530652989075,1509.0933826632474,0.0,24145.49412261196,0.0,CASH_SCARCITY,25
2021-01-13,VERI,Q0_SKIP,0,37.82,603637.353065299,1346.3530652989075,1509.0933826632474,0.0,24145.49412261196,0.0,CASH_SCARCITY,25
2021-01-13,ACH,Q0_SKIP,0,28.16,603637.353065299,1346.3530652989075,1509.0933826632474,0.0,24145.49412261196,0.0,CASH_SCARCITY,25
2021-01-13,LAZRQ,Q0_SKIP,0,33.32,603637.353065299,1346.3530652989075,1509.0933826632474,0.0,24145.49412261196,0.0,CASH_SCARCITY,25
2021-01-13,TPTX,Q0_SKIP,0,128.03,603637.353065299,1346.3530652989075,1509.0933826632474,0.0,24145.49412261196,0.0,CASH_SCARCITY,25
2021-01-13,IEA,Q0_SKIP,0,21.8,603637.353065299,1346.3530652989075,1509.0933826632474,0.0,24145.49412261196,0.0,CASH_SCARCITY,25
2021-01-13,CIT,Q0_SKIP,0,39.69,603637.353065299,1346.3530652989075,1509.0933826632474,0.0,24145.49412261196,0.0,CASH_SCARCITY,25
2021-01-13,THC,Q0_SKIP,0,44.89,603637.353065299,1346.3530652989075,1509.0933826632474,0.0,24145.49412261196,0.0,CASH_SCARCITY,25
2021-01-13,BTBT,Q0_SKIP,0,18.16,603637.353065299,1346.3530652989075,1509.0933826632474,0.0,24145.49412261196,0.0,CASH_SCARCITY,25
2021-01-13,DQ,Q0_SKIP,0,77.40999999999998,603637.353065299,1346.3530652989075,1509.0933826632474,0.0,24145.49412261196,0.0,CASH_SCARCITY,25
2021-01-13,GES,Q0_SKIP,0,24.81,603637.353065299,1346.3530652989075,1509.0933826632474,0.0,24145.49412261196,0.0,CASH_SCARCITY,25
2021-01-13,CHWY,Q0_SKIP,0,112.46,603637.353065299,1346.3530652989075,1509.0933826632474,0.0,24145.49412261196,0.0,CASH_SCARCITY,25
2021-01-13,BEEM,Q0_SKIP,0,69.75,603637.353065299,1346.3530652989075,1509.0933826632474,0.0,24145.49412261196,0.0,CASH_SCARCITY,25
2021-01-13,MIK,Q0_SKIP,0,15.94,603637.353065299,1346.3530652989075,1509.0933826632474,0.0,24145.49412261196,0.0,CASH_SCARCITY,25
2021-01-13,MARA,Q0_SKIP,0,23.0,603637.353065299,1346.3530652989075,1509.0933826632474,0.0,24145.49412261196,0.0,CASH_SCARCITY,25
2021-01-13,OPEN,Q0_SKIP,0,26.84,603637.353065299,1346.3530652989075,1509.0933826632474,0.0,24145.49412261196,0.0,CASH_SCARCITY,25
2021-01-13,SPWRQ,Q0_SKIP,0,31.59,603637.353065299,1346.3530652989075,1509.0933826632474,0.0,24145.49412261196,0.0,CASH_SCARCITY,25
2021-01-13,GP,Q0_SKIP,0,30.74,603637.353065299,1346.3530652989075,1509.0933826632474,0.0,24145.49412261196,0.0,CASH_SCARCITY,25
2021-01-13,JKS,Q0_SKIP,0,63.0,603637.353065299,1346.3530652989075,1509.0933826632474,0.0,24145.49412261196,0.0,CASH_SCARCITY,25
2021-01-13,PTON,Q0_SKIP,0,167.42,603637.353065299,1346.3530652989075,1509.0933826632474,0.0,24145.49412261196,0.0,CASH_SCARCITY,25
2021-01-13,TSLA,Q0_SKIP,0,854.4099999999999,603637.353065299,1346.3530652989075,1509.0933826632474,0.0,24145.49412261196,0.0,CASH_SCARCITY,25
2021-01-13,TGTX,Q0_SKIP,0,53.09,603637.353065299,1346.3530652989075,1509.0933826632474,0.0,24145.49412261196,0.0,CASH_SCARCITY,25
2021-01-13,JWN,Q0_SKIP,0,37.58,603637.353065299,1346.3530652989075,1509.0933826632474,0.0,24145.49412261196,0.0,CASH_SCARCITY,25
2021-01-13,NNDM,Q0_SKIP,0,11.43,603637.353065299,1346.3530652989075,1509.0933826632474,0.0,24145.49412261196,0.0,CASH_SCARCITY,25
2021-01-13,HOME,Q0_SKIP,0,21.63,603637.353065299,1346.3530652989075,1509.0933826632474,0.0,24145.49412261196,0.0,CASH_SCARCITY,25
2021-01-13,CVNA,Q0_SKIP,0,289.43,603637.353065299,1346.3530652989075,1509.0933826632474,0.0,24145.49412261196,0.0,CASH_SCARCITY,25
2021-01-13,CRIS,Q0_SKIP,0,10.54,603637.353065299,1346.3530652989075,1509.0933826632474,0.0,24145.49412261196,0.0,CASH_SCARCITY,25
2021-01-13,CBAT,Q0_SKIP,0,6.84,603637.353065299,1346.3530652989075,1509.0933826632474,0.0,24145.49412261196,0.0,CASH_SCARCITY,25
2021-01-13,EDIT,Q0_SKIP,0,73.29999999999998,603637.353065299,1346.3530652989075,1509.0933826632474,0.0,24145.49412261196,0.0,CASH_SCARCITY,25
2021-01-13,FCEL,Q0_SKIP,0,19.14,603637.353065299,1346.3530652989075,1509.0933826632474,0.0,24145.49412261196,0.0,CASH_SCARCITY,25
2021-01-13,AR,Q0_SKIP,0,7.36,603637.353065299,1346.3530652989075,1509.0933826632474,0.0,24145.49412261196,0.0,CASH_SCARCITY,25
2021-01-13,REPL,Q0_SKIP,0,43.29,603637.353065299,1346.3530652989075,1509.0933826632474,0.0,24145.49412261196,0.0,CASH_SCARCITY,25
2021-01-13,VFF,Q0_SKIP,0,13.47,603637.353065299,1346.3530652989075,1509.0933826632474,0.0,24145.49412261196,0.0,CASH_SCARCITY,25
2021-01-13,FLGT,Q0_SKIP,0,69.84,603637.353065299,1346.3530652989075,1509.0933826632474,0.0,24145.49412261196,0.0,CASH_SCARCITY,25
2021-01-13,OPTT,Q0_SKIP,0,2.99,603637.353065299,1346.3530652989075,1509.0933826632474,0.0,24145.49412261196,0.0,CASH_SCARCITY,25
2021-01-13,OTRKQ,Q0_SKIP,0,61.78,603637.353065299,1346.3530652989075,1509.0933826632474,0.0,24145.49412261196,0.0,CASH_SCARCITY,25
2021-01-13,MCRB,Q0_SKIP,0,25.86,603637.353065299,1346.3530652989075,1509.0933826632474,0.0,24145.49412261196,0.0,CASH_SCARCITY,25
2021-01-13,PLL,Q0_SKIP,0,35.99,603637.353065299,1346.3530652989075,1509.0933826632474,0.0,24145.49412261196,0.0,CASH_SCARCITY,25
2021-01-13,PLAY,Q0_SKIP,0,33.35,603637.353065299,1346.3530652989075,1509.0933826632474,0.0,24145.49412261196,0.0,CASH_SCARCITY,25
2021-01-13,SUNWQ,Q0_SKIP,0,10.69,603637.353065299,1346.3530652989075,1509.0933826632474,0.0,24145.49412261196,0.0,CASH_SCARCITY,25
2021-01-13,RIDEQ,Q0_SKIP,0,25.82,603637.353065299,1346.3530652989075,1509.0933826632474,0.0,24145.49412261196,0.0,CASH_SCARCITY,25
2021-01-13,FUVV,Q0_SKIP,0,17.99,603637.353065299,1346.3530652989075,1509.0933826632474,0.0,24145.49412261196,0.0,CASH_SCARCITY,25
2021-01-13,FLNA,Q0_SKIP,0,11.45,603637.353065299,1346.3530652989075,1509.0933826632474,0.0,24145.49412261196,0.0,CASH_SCARCITY,25
2021-01-13,AQB,Q0_SKIP,0,10.34,603637.353065299,1346.3530652989075,1509.0933826632474,0.0,24145.49412261196,0.0,CASH_SCARCITY,25
2021-01-13,GEVO,Q0_SKIP,0,6.99,603637.353065299,1346.3530652989075,1509.0933826632474,0.0,24145.49412261196,0.0,CASH_SCARCITY,25
2021-01-13,ABUS,Q0_SKIP,0,4.04,603637.353065299,1346.3530652989075,1509.0933826632474,0.0,24145.49412261196,0.0,CASH_SCARCITY,25
2021-01-13,OIGBQ,Q0_SKIP,0,4.13,603637.353065299,1346.3530652989075,1509.0933826632474,0.0,24145.49412261196,0.0,CASH_SCARCITY,25
2021-01-13,WWR,Q0_SKIP,0,5.13,603637.353065299,1346.3530652989075,1509.0933826632474,0.0,24145.49412261196,0.0,CASH_SCARCITY,25
2021-01-13,GPUS,Q0_SKIP,0,4.19,603637.353065299,1346.3530652989075,1509.0933826632474,0.0,24145.49412261196,0.0,CASH_SCARCITY,25
2021-01-28,SICPQ,PLAN,162,84.76999999999998,594878.6130652989,15234.073065298908,1487.1965326632471,13746.87653263566,23795.144522611954,0.5777177154596533,,25
2021-03-01,VCEL,PLAN,557,48.17,671509.229289299,77130.7242892989,1678.7730732232476,75451.95121607566,26860.36917157196,1.0,,25
2021-03-22,CTRN,PLAN,272,89.65999999999998,612339.0654732988,231130.27547329897,1530.847663683247,229599.42780961574,24493.562618931952,1.0,,25
2021-03-24,TPR,PLAN,582,40.64,592038.217633299,207178.50763329898,1480.0955440832474,205698.41208921574,23681.52870533196,1.0,,25
2021-03-26,WAL,PLAN,252,96.1,608188.567893299,184125.737893299,1520.4714197332476,182605.26647356575,24327.54271573196,1.0,,25
2021-04-01,DEN,PLAN,489,50.87,623325.486333299,160280.356333299,1558.3137158332474,158722.04261746575,24933.01945333196,1.0,,25
2021-04-05,SM,PLAN,1446,17.26,624736.7877732991,135296.837773299,1561.8419694332479,133734.99580386575,24989.471510931966,1.0,,25
2021-04-06,TPL,PLAN,15,1595.49,630039.559393299,109939.84939329898,1575.0988984832477,108364.75049481573,25201.582375731963,1.0,,25
2021-04-07,SICPQ,PLAN,177,140.57,624831.5342986591,85875.35429865899,1562.0788357466477,84313.27546291234,24993.261371946362,1.0,,25
2021-04-08,DBRG,PLAN,3739,6.76,632654.4178286591,60873.907828658994,1581.6360445716477,59292.271784087345,25306.176713146364,1.0,,25
2021-04-09,DAC,PLAN,451,56.2,634400.5469686589,35647.846968658996,1586.0013674216473,34061.84560123735,25376.021878746356,1.0,,25
2021-05-25,CHRD,PLAN,300,82.95999999999998,624089.176718659,47630.536718659,1560.2229417966475,46070.31377686236,24963.56706874636,1.0,,25
2021-06-14,COF,PLAN,134,158.71,674433.27042815,22989.250428149935,1686.083176070375,21303.167252079562,26977.330817126,0.7896692002811371,,25
2021-08-18,LSI,PLAN,220,120.47,664083.31809815,95433.59809814996,1660.208295245375,93773.38980290458,26563.332723926,1.0,,25
2021-09-08,EPAM,PLAN,43,629.32,691988.5476381499,87633.56763814995,1729.971369095375,85903.59626905457,27679.541905526,1.0,,25
2021-09-10,DXLG,PLAN,4038,6.76,683178.4541881499,60553.064188149954,1707.9461354703747,58845.11805267958,27327.138167525995,1.0,,25
2021-09-14,WST,PLAN,59,452.06,673093.6081881499,32258.798188149958,1682.7340204703746,30576.064167679582,26923.744327525994,1.0,,25
2021-10-07,PRFT,PLAN,218,122.86,672010.0325881499,43599.83258814996,1680.0250814703747,41919.80750667959,26880.401303525996,1.0,,25
2021-10-28,ASAN,PLAN,114,131.83,716356.9276881499,16937.30768814997,1790.8923192203747,15146.415368929594,28654.277107525995,0.5285917809788827,,25
2021-11-01,INTU,Q0_SKIP,0,608.81,733316.46576815,2070.53576814997,1833.2911644203753,237.2446037295947,29332.658630726004,0.008088070253580104,CASH_SCARCITY,25
2021-11-01,ARES,PLAN,2,83.98999999999998,733316.46576815,2070.53576814997,1833.2911644203753,237.2446037295947,29332.658630726004,0.008088070253580104,,25
2021-12-13,FDS,PLAN,57,466.54,674625.2997181498,170956.28971815,1686.5632492953746,169269.7264688546,26985.011988725993,1.0,,25
2022-01-03,BLDR,PLAN,328,83.48999999999998,685586.6297381499,168521.00973815,1713.966574345375,166807.04316380463,27423.465189526,1.0,,25
2022-01-04,WIRE,PLAN,193,141.71,687368.2596581498,140842.78965815,1718.4206491453745,139124.36900900461,27494.73038632599,1.0,,25
2022-01-05,COST,PLAN,48,549.92,668005.76137815,113417.11137815,1670.014403445375,111747.09697470463,26720.230455126,1.0,,25
2022-01-06,ACLS,PLAN,372,72.17,673218.1137781501,87173.29377815001,1683.0452844453753,85490.24849370464,26928.724551126004,1.0,,25
2022-01-12,ON,PLAN,397,66.49,660932.57537815,60291.89537815001,1652.331438445375,58639.56393970463,26437.303015126,1.0,,25
2022-01-19,VCRA,PLAN,315,78.92,622906.9876981499,55180.99769815002,1557.2674692453747,53623.73022890465,24916.279507925996,1.0,,25
2022-02-16,VET,PLAN,1414,17.5,619639.3008981502,82905.82089815002,1549.0982522453755,81356.72264590465,24785.57203592601,1.0,,25
2022-02-18,CVE,PLAN,1583,15.37,609148.9545581499,59006.95455815003,1522.8723863953749,57484.08217175465,24365.958182325998,1.0,,25
2022-02-22,CVX,PLAN,181,132.4,600692.5581781501,33875.46817815003,1501.7313954453753,32373.73678270466,24027.702327126004,1.0,,25
2022-04-05,ABBV,PLAN,157,163.43,642611.6748681499,124003.21486815001,1606.5291871703748,122396.68568097963,25704.466994725997,1.0,,25
2022-04-06,MCK,PLAN,81,311.57,637921.9799381499,98152.45993815002,1594.8049498453747,96557.65498830464,25516.879197525996,1.0,,25
2022-04-07,MDRX,PLAN,1139,22.63,645135.7016481501,72928.97164815002,1612.8392541203752,71316.13239402964,25805.428065926004,1.0,,25
2022-04-08,PCRX,PLAN,316,81.64,646625.7566181499,46968.00661815002,1616.5643915453747,45351.442226604646,25865.030264725996,1.0,,25
2022-04-11,RGLD,PLAN,137,144.4,630776.3538181499,21429.20381815003,1576.9408845453747,19852.262933604652,25231.054152725996,0.7868186090615555,,25
2022-05-12,AMR,PLAN,151,153.01,579538.3016881499,47702.38168815002,1448.8457542203748,46253.53593392964,23181.532067525997,1.0,,25
2022-05-24,BMY,PLAN,308,77.12999999999998,594893.8320381499,78401.60203815001,1487.234580095375,76914.36745805464,23795.753281526,1.0,,25
2022-05-25,SRE,PLAN,144,166.74,602943.3123981501,73856.15239815004,1507.3582809953753,72348.79411715466,24117.732495926004,1.0,,25
2022-06-21,STNG,PLAN,601,37.35,562411.58116815,129174.33116815002,1406.0289529203749,127768.30221522965,22496.463246725998,1.0,,25
2022-06-22,PBF,PLAN,654,33.8,553922.51354815,107745.30354815003,1384.806283870375,106360.49726427965,22156.900541926,1.0,,25
2022-06-27,MRK,PLAN,239,94.41,566286.51980815,139862.83980815002,1415.716299520375,138447.12350862965,22651.460792326,1.0,,25
2022-07-08,HRB,PLAN,583,37.27,543809.13668815,239090.60668815,1359.522841720375,237731.08384642962,21752.365467526,1.0,,25
2022-07-15,LNTH,PLAN,306,70.65,542769.87490815,232465.42490815,1356.9246872703752,231108.50022087962,21710.794996326003,1.0,,25
2022-07-18,CNR,PLAN,371,57.81,538071.9959081499,210564.54590815,1345.1799897703747,209219.36591837963,21522.879836325996,1.0,,25
2022-07-19,GO,PLAN,481,45.22,544380.03534815,189262.70534815,1360.950088370375,187901.7552597796,21775.201413926,1.0,,25
2022-07-25,AR,PLAN,561,39.17,550381.45533815,181162.30533815,1375.953638345375,179786.35169980463,22015.258213526,1.0,,25
2022-07-26,GLNG,PLAN,972,22.62,550664.9804581499,158654.94045815,1376.662451145375,157278.2780070046,22026.599218326,1.0,,25
2022-07-29,SWCH,PLAN,659,33.81,558405.77229815,136004.15229815,1396.014430745375,134608.1378674046,22336.230891926,1.0,,25
2022-08-02,SAIL1,PLAN,344,64.08,552846.18173815,113681.29173815,1382.115454345375,112299.17628380463,22113.847269526,1.0,,25
2022-08-03,CHNG,PLAN,909,24.17,549931.76477815,91612.28477815,1374.829411945375,90237.45536620462,21997.270591126,1.0,,25
2022-08-04,MNDT,PLAN,949,22.79,541641.25513815,69810.86513815001,1354.103137845375,68456.76200030463,21665.650205526,1.0,,25
2022-08-05,CTIC,PLAN,2951,7.429999999999999,548728.6169181499,48171.02691815001,1371.8215422953747,46799.20537585464,21949.144676725995,1.0,,25
2022-08-08,ACC,PLAN,336,65.37,549987.7558881501,25927.775888150012,1374.9693897203751,24552.806498429636,21999.510235526002,1.0,,25
2022-08-09,MUSA,PLAN,77,284.76,554816.75588815,25927.775888150012,1387.041889720375,24540.733998429638,22192.670235526,1.0,,25
2022-08-12,SWIR,PLAN,80,30.67,571040.06384815,3903.773848150018,1427.6001596203748,2476.173688529643,22841.602553925997,0.10840630304654524,,25
2022-08-29,EQT,PLAN,459,50.01,575293.9497481501,24681.529748150017,1438.234874370375,23243.29487377964,23011.757989926,1.0,,25
2022-09-28,INSW,PLAN,624,34.91,545264.79514815,64108.37514815002,1363.1619878703748,62745.21316027965,21810.591805925997,1.0,,25
2022-10-24,ELF,PLAN,537,41.66,560705.16799815,96236.45799815003,1401.7629199953751,94834.69507815465,22428.206719926002,1.0,,25
2022-10-26,AAWW,PLAN,225,100.7,569249.2671481499,73633.02714815002,1423.1231678703748,72209.90398027965,22769.970685925997,1.0,,25
2022-10-27,HAE,PLAN,280,81.69,573364.36914815,50912.32914815003,1433.4109228703749,49478.91822527965,22934.574765925998,1.0,,25
2022-11-11,AVEO,PLAN,1544,14.79,571588.05300815,47349.03300815003,1428.9701325203748,45920.06287562966,22863.522120325997,1.0,,25
2022-11-15,FSLR,PLAN,144,159.63,577694.7729681501,48117.80296815003,1444.2369324203753,46673.56603572965,23107.790918726005,1.0,,25
2022-11-16,NUVL,PLAN,710,32.4,576297.29160815,47721.45160815003,1440.743229020375,46280.70837912966,23051.891664326,1.0,,25
2022-12-19,ERIE,PLAN,83,271.4,565581.9650881499,71190.34508815003,1413.9549127203748,69776.39017542965,22623.278603525996,1.0,,25
2022-12-20,TTC,PLAN,202,112.02,569037.76157815,48594.261578150035,1422.594403945375,47171.66717420466,22761.510463126,1.0,,25
2022-12-21,RMBS,PLAN,621,37.0,575452.2728581501,26683.652858150035,1438.6306821453752,25245.02217600466,23018.090914326003,1.0,,25
2023-01-09,WFRD,PLAN,429,51.11,549579.7275081499,41772.77750815004,1373.949318770375,40398.82818937966,21983.189100326,1.0,,25
2023-02-02,NINEQ,PLAN,1728,13.17,569648.70429815,88233.71429815004,1424.121760745375,86809.59253740466,22785.948171926,1.0,,25
2023-02-03,YPF,PLAN,2046,11.18,572461.4430181502,65729.95301815004,1431.1536075453755,64298.79941060467,22898.457720726008,1.0,,25
2023-02-06,GILD,PLAN,263,86.36,570106.7927581501,42566.55275815005,1425.2669818953755,41141.28577625468,22804.271710326007,1.0,,25
2023-02-16,TDW,PLAN,414,45.06,585939.80695815,20175.75695815006,1464.849517395375,18710.907440754687,23437.592278326,0.7983289076181118,,25
2023-02-28,FMX,PLAN,223,91.92,581368.8607281501,22003.80072815006,1453.4221518203753,20550.378576329687,23254.754429126006,0.8837065400523364,,25
2023-03-03,OII,Q0_SKIP,0,22.11,594119.23682815,1503.116828150065,1485.298092070375,17.81873607968987,23764.769473126,0.0007497962940410549,CASH_SCARCITY,25
2023-03-03,AXON,Q0_SKIP,0,220.95,594119.23682815,1503.116828150065,1485.298092070375,17.81873607968987,23764.769473126,0.0007497962940410549,CASH_SCARCITY,25
2023-03-03,SCCO,Q0_SKIP,0,78.59999999999998,594119.23682815,1503.116828150065,1485.298092070375,17.81873607968987,23764.769473126,0.0007497962940410549,CASH_SCARCITY,25
2023-03-03,SMFG,PLAN,2,8.84,594119.23682815,1503.116828150065,1485.298092070375,17.81873607968987,23764.769473126,0.0007497962940410549,,25
2023-03-06,ALGM,Q0_SKIP,0,45.35,592558.07900815,1485.279008150065,1481.3951975203752,3.883810629689833,23702.323160326003,0.00016385780429281833,CASH_SCARCITY,25
2023-03-06,AXON,Q0_SKIP,0,221.38,592558.07900815,1485.279008150065,1481.3951975203752,3.883810629689833,23702.323160326003,0.00016385780429281833,CASH_SCARCITY,25
2023-03-06,ING,Q0_SKIP,0,14.33,592558.07900815,1485.279008150065,1481.3951975203752,3.883810629689833,23702.323160326003,0.00016385780429281833,CASH_SCARCITY,25
2023-03-06,OII,Q0_SKIP,0,21.7,592558.07900815,1485.279008150065,1481.3951975203752,3.883810629689833,23702.323160326003,0.00016385780429281833,CASH_SCARCITY,25
2023-03-06,SCCO,Q0_SKIP,0,76.76999999999998,592558.07900815,1485.279008150065,1481.3951975203752,3.883810629689833,23702.323160326003,0.00016385780429281833,CASH_SCARCITY,25
2023-03-06,ACLS,Q0_SKIP,0,128.85,592558.07900815,1485.279008150065,1481.3951975203752,3.883810629689833,23702.323160326003,0.00016385780429281833,CASH_SCARCITY,25
2023-03-06,PERI,Q0_SKIP,0,35.76,592558.07900815,1485.279008150065,1481.3951975203752,3.883810629689833,23702.323160326003,0.00016385780429281833,CASH_SCARCITY,25
2023-03-06,OI,Q0_SKIP,0,22.65,592558.07900815,1485.279008150065,1481.3951975203752,3.883810629689833,23702.323160326003,0.00016385780429281833,CASH_SCARCITY,25
2023-03-06,URI,Q0_SKIP,0,475.02,592558.07900815,1485.279008150065,1481.3951975203752,3.883810629689833,23702.323160326003,0.00016385780429281833,CASH_SCARCITY,25
2023-03-06,TEX,Q0_SKIP,0,59.4,592558.07900815,1485.279008150065,1481.3951975203752,3.883810629689833,23702.323160326003,0.00016385780429281833,CASH_SCARCITY,25
2023-03-06,ARDX,Q0_SKIP,0,3.9,592558.07900815,1485.279008150065,1481.3951975203752,3.883810629689833,23702.323160326003,0.00016385780429281833,CASH_SCARCITY,25
2023-03-06,STLD,Q0_SKIP,0,131.98,592558.07900815,1485.279008150065,1481.3951975203752,3.883810629689833,23702.323160326003,0.00016385780429281833,CASH_SCARCITY,25
2023-03-06,HZNP,Q0_SKIP,0,109.8,592558.07900815,1485.279008150065,1481.3951975203752,3.883810629689833,23702.323160326003,0.00016385780429281833,CASH_SCARCITY,25
2023-03-06,MLCO,Q0_SKIP,0,13.64,592558.07900815,1485.279008150065,1481.3951975203752,3.883810629689833,23702.323160326003,0.00016385780429281833,CASH_SCARCITY,25
2023-03-06,APG,Q0_SKIP,0,23.71,592558.07900815,1485.279008150065,1481.3951975203752,3.883810629689833,23702.323160326003,0.00016385780429281833,CASH_SCARCITY,25
2023-03-06,MNSO,Q0_SKIP,0,18.68,592558.07900815,1485.279008150065,1481.3951975203752,3.883810629689833,23702.323160326003,0.00016385780429281833,CASH_SCARCITY,25
2023-03-06,UBS,Q0_SKIP,0,22.16,592558.07900815,1485.279008150065,1481.3951975203752,3.883810629689833,23702.323160326003,0.00016385780429281833,CASH_SCARCITY,25
2023-03-06,FTI,Q0_SKIP,0,15.19,592558.07900815,1485.279008150065,1481.3951975203752,3.883810629689833,23702.323160326003,0.00016385780429281833,CASH_SCARCITY,25
2023-03-06,RNR,Q0_SKIP,0,211.82,592558.07900815,1485.279008150065,1481.3951975203752,3.883810629689833,23702.323160326003,0.00016385780429281833,CASH_SCARCITY,25
2023-03-06,RIG,Q0_SKIP,0,7.59,592558.07900815,1485.279008150065,1481.3951975203752,3.883810629689833,23702.323160326003,0.00016385780429281833,CASH_SCARCITY,25
2023-03-06,WYNN,Q0_SKIP,0,115.4,592558.07900815,1485.279008150065,1481.3951975203752,3.883810629689833,23702.323160326003,0.00016385780429281833,CASH_SCARCITY,25
2023-03-06,VKTX,Q0_SKIP,0,11.52,592558.07900815,1485.279008150065,1481.3951975203752,3.883810629689833,23702.323160326003,0.00016385780429281833,CASH_SCARCITY,25
2023-03-06,ATKR,Q0_SKIP,0,152.34,592558.07900815,1485.279008150065,1481.3951975203752,3.883810629689833,23702.323160326003,0.00016385780429281833,CASH_SCARCITY,25
2023-03-06,LVS,Q0_SKIP,0,59.94,592558.07900815,1485.279008150065,1481.3951975203752,3.883810629689833,23702.323160326003,0.00016385780429281833,CASH_SCARCITY,25
2023-03-06,UAL,Q0_SKIP,0,52.44,592558.07900815,1485.279008150065,1481.3951975203752,3.883810629689833,23702.323160326003,0.00016385780429281833,CASH_SCARCITY,25
2023-03-06,ARGO,Q0_SKIP,0,29.09,592558.07900815,1485.279008150065,1481.3951975203752,3.883810629689833,23702.323160326003,0.00016385780429281833,CASH_SCARCITY,25
2023-03-06,IDCC,Q0_SKIP,0,72.98,592558.07900815,1485.279008150065,1481.3951975203752,3.883810629689833,23702.323160326003,0.00016385780429281833,CASH_SCARCITY,25
2023-03-06,LSCC,Q0_SKIP,0,88.48,592558.07900815,1485.279008150065,1481.3951975203752,3.883810629689833,23702.323160326003,0.00016385780429281833,CASH_SCARCITY,25
2023-03-06,VVNT,Q0_SKIP,0,12.0,592558.07900815,1485.279008150065,1481.3951975203752,3.883810629689833,23702.323160326003,0.00016385780429281833,CASH_SCARCITY,25
2023-03-06,RCL,Q0_SKIP,0,74.15999999999998,592558.07900815,1485.279008150065,1481.3951975203752,3.883810629689833,23702.323160326003,0.00016385780429281833,CASH_SCARCITY,25
2023-03-06,XPOF,Q0_SKIP,0,30.49,592558.07900815,1485.279008150065,1481.3951975203752,3.883810629689833,23702.323160326003,0.00016385780429281833,CASH_SCARCITY,25
2023-03-06,FIVE,Q0_SKIP,0,203.3,592558.07900815,1485.279008150065,1481.3951975203752,3.883810629689833,23702.323160326003,0.00016385780429281833,CASH_SCARCITY,25
2023-03-06,FICO,Q0_SKIP,0,696.58,592558.07900815,1485.279008150065,1481.3951975203752,3.883810629689833,23702.323160326003,0.00016385780429281833,CASH_SCARCITY,25
2023-03-06,CX,Q0_SKIP,0,5.55,592558.07900815,1485.279008150065,1481.3951975203752,3.883810629689833,23702.323160326003,0.00016385780429281833,CASH_SCARCITY,25
2023-03-06,ASC,Q0_SKIP,0,17.91,592558.07900815,1485.279008150065,1481.3951975203752,3.883810629689833,23702.323160326003,0.00016385780429281833,CASH_SCARCITY,25
2023-03-06,RETA,Q0_SKIP,0,88.51,592558.07900815,1485.279008150065,1481.3951975203752,3.883810629689833,23702.323160326003,0.00016385780429281833,CASH_SCARCITY,25
2023-03-06,CYH,Q0_SKIP,0,6.02,592558.07900815,1485.279008150065,1481.3951975203752,3.883810629689833,23702.323160326003,0.00016385780429281833,CASH_SCARCITY,25
2023-03-06,SLB,Q0_SKIP,0,55.35,592558.07900815,1485.279008150065,1481.3951975203752,3.883810629689833,23702.323160326003,0.00016385780429281833,CASH_SCARCITY,25
2023-03-06,BLDR,Q0_SKIP,0,87.29,592558.07900815,1485.279008150065,1481.3951975203752,3.883810629689833,23702.323160326003,0.00016385780429281833,CASH_SCARCITY,25
2023-03-06,NVDA,Q0_SKIP,0,235.54,592558.07900815,1485.279008150065,1481.3951975203752,3.883810629689833,23702.323160326003,0.00016385780429281833,CASH_SCARCITY,25
2023-03-06,PARR,Q0_SKIP,0,29.16,592558.07900815,1485.279008150065,1481.3951975203752,3.883810629689833,23702.323160326003,0.00016385780429281833,CASH_SCARCITY,25
2023-03-06,MYOV,Q0_SKIP,0,26.97,592558.07900815,1485.279008150065,1481.3951975203752,3.883810629689833,23702.323160326003,0.00016385780429281833,CASH_SCARCITY,25
2023-03-06,AIMC,Q0_SKIP,0,61.61,592558.07900815,1485.279008150065,1481.3951975203752,3.883810629689833,23702.323160326003,0.00016385780429281833,CASH_SCARCITY,25
2023-03-06,VAL,Q0_SKIP,0,75.65,592558.07900815,1485.279008150065,1481.3951975203752,3.883810629689833,23702.323160326003,0.00016385780429281833,CASH_SCARCITY,25
2023-03-06,FOUR,Q0_SKIP,0,71.0,592558.07900815,1485.279008150065,1481.3951975203752,3.883810629689833,23702.323160326003,0.00016385780429281833,CASH_SCARCITY,25
2023-03-06,GOTU,Q0_SKIP,0,4.99,592558.07900815,1485.279008150065,1481.3951975203752,3.883810629689833,23702.323160326003,0.00016385780429281833,CASH_SCARCITY,25
2023-03-06,PI,Q0_SKIP,0,138.67,592558.07900815,1485.279008150065,1481.3951975203752,3.883810629689833,23702.323160326003,0.00016385780429281833,CASH_SCARCITY,25
2023-03-06,WING,Q0_SKIP,0,172.9,592558.07900815,1485.279008150065,1481.3951975203752,3.883810629689833,23702.323160326003,0.00016385780429281833,CASH_SCARCITY,25
2023-03-06,SGML,Q0_SKIP,0,36.66,592558.07900815,1485.279008150065,1481.3951975203752,3.883810629689833,23702.323160326003,0.00016385780429281833,CASH_SCARCITY,25
2023-03-06,VTYX,Q0_SKIP,0,43.84,592558.07900815,1485.279008150065,1481.3951975203752,3.883810629689833,23702.323160326003,0.00016385780429281833,CASH_SCARCITY,25
2023-03-06,IQ,Q0_SKIP,0,7.59,592558.07900815,1485.279008150065,1481.3951975203752,3.883810629689833,23702.323160326003,0.00016385780429281833,CASH_SCARCITY,25
2023-03-06,MELI,Q0_SKIP,0,1256.26,592558.07900815,1485.279008150065,1481.3951975203752,3.883810629689833,23702.323160326003,0.00016385780429281833,CASH_SCARCITY,25
2023-03-06,AI,Q0_SKIP,0,27.36,592558.07900815,1485.279008150065,1481.3951975203752,3.883810629689833,23702.323160326003,0.00016385780429281833,CASH_SCARCITY,25
2023-03-06,TCOM,Q0_SKIP,0,38.61,592558.07900815,1485.279008150065,1481.3951975203752,3.883810629689833,23702.323160326003,0.00016385780429281833,CASH_SCARCITY,25
2023-03-06,EDU,Q0_SKIP,0,43.54,592558.07900815,1485.279008150065,1481.3951975203752,3.883810629689833,23702.323160326003,0.00016385780429281833,CASH_SCARCITY,25
2023-03-06,CENX,Q0_SKIP,0,12.34,592558.07900815,1485.279008150065,1481.3951975203752,3.883810629689833,23702.323160326003,0.00016385780429281833,CASH_SCARCITY,25
2023-03-06,RXDX,Q0_SKIP,0,122.55,592558.07900815,1485.279008150065,1481.3951975203752,3.883810629689833,23702.323160326003,0.00016385780429281833,CASH_SCARCITY,25
2023-03-07,ALGM,PLAN,2,45.25,589965.06900815,1605.479008150065,1474.912672520375,130.56633562969,23598.602760326,0.005532799418497704,,25
2023-03-31,NSIT,PLAN,163,142.96,586465.8749281501,39137.74492815006,1466.1646873203752,37671.58024082969,23458.634997126002,1.0,,25
2023-04-11,IPAR,PLAN,168,140.21,590300.6833281501,32894.05332815006,1475.7517083203752,31418.301619829686,23612.027333126003,1.0,,25
2023-05-02,WYNN,PLAN,67,113.2,580867.5481281502,9115.098128150064,1452.1688703203754,7662.929257829689,23234.701925126006,0.3298053610725687,,25
2023-05-05,PEN,PLAN,75,310.08,586425.07102815,25641.221028150067,1466.0626775703752,24175.15835057969,23457.002841126003,1.0,,25
2023-06-06,BLDR,PLAN,11,123.92,615250.6457781501,2921.075778150068,1538.1266144453753,1382.9491637046926,24610.025831126004,0.056194543361900134,,25
2023-07-14,TPH,PLAN,759,33.67,639930.2856081501,66720.18560815007,1599.8257140203752,65120.359894129695,25597.211424326004,1.0,,25
2023-07-17,NVDA,PLAN,55,464.61,647383.5280281502,41177.08802815008,1618.4588200703756,39558.62920807971,25895.34112112601,1.0,,25
2023-07-18,MANH,PLAN,67,205.53,650764.8924781501,15465.852478150082,1626.9122311953752,13838.940246954706,26030.595699126003,0.531641319580687,,25
2023-08-30,APP,PLAN,475,42.98,672185.36433815,22156.594338150087,1680.4634108453752,20476.13092730471,26887.414573526003,0.7615507571883093,,25
2023-09-26,CEG,PLAN,5,108.49,626941.96493815,2157.7249381500887,1567.3549123453752,590.3700258047136,25077.678597526003,0.023541653726392185,,25
2023-09-28,XPO,PLAN,341,74.72,637763.22328815,42917.68328815009,1594.408058220375,41323.27522992971,25510.528931526,1.0,,25
2023-10-26,UEC,PLAN,4301,5.63,606110.8690381501,101163.1390381501,1515.277172595375,99647.86186555472,24244.434761526,1.0,,25
2023-10-27,ANF,PLAN,409,58.72,602129.1113981501,76881.2413981501,1505.3227784953754,75375.91861965472,24085.164455926006,1.0,,25
2023-11-01,CLS,PLAN,1018,24.14,615117.78108815,73991.4510881501,1537.794452720375,72453.65663542972,24604.711243526,1.0,,25
2023-11-06,MMYT,PLAN,619,40.98,635759.3109881502,49130.67098815011,1589.3982774703754,47541.27271067973,25430.372439526007,1.0,,25
2023-11-22,HRB,PLAN,487,46.78,652732.87386815,24457.673868150112,1631.8321846703752,22825.841683479735,26109.314954726004,0.8742413090140485,,25
2023-11-27,CNR,Q0_SKIP,0,104.67,655477.71962815,1670.6696281501136,1638.694299070375,31.975329079738458,26219.108785126,0.0012195429425838431,CASH_SCARCITY,25
2023-11-27,MPC,Q0_SKIP,0,150.55,655477.71962815,1670.6696281501136,1638.694299070375,31.975329079738458,26219.108785126,0.0012195429425838431,CASH_SCARCITY,25
2023-11-27,VST,Q0_SKIP,0,35.64,655477.71962815,1670.6696281501136,1638.694299070375,31.975329079738458,26219.108785126,0.0012195429425838431,CASH_SCARCITY,25
2023-11-27,EDU,Q0_SKIP,0,74.86,655477.71962815,1670.6696281501136,1638.694299070375,31.975329079738458,26219.108785126,0.0012195429425838431,CASH_SCARCITY,25
2023-11-27,CBOE,Q0_SKIP,0,180.4,655477.71962815,1670.6696281501136,1638.694299070375,31.975329079738458,26219.108785126,0.0012195429425838431,CASH_SCARCITY,25
2023-11-27,MUSA,Q0_SKIP,0,368.29,655477.71962815,1670.6696281501136,1638.694299070375,31.975329079738458,26219.108785126,0.0012195429425838431,CASH_SCARCITY,25
2023-11-27,VRTV,Q0_SKIP,0,169.96,655477.71962815,1670.6696281501136,1638.694299070375,31.975329079738458,26219.108785126,0.0012195429425838431,CASH_SCARCITY,25
2023-11-27,PARR,Q0_SKIP,0,35.17,655477.71962815,1670.6696281501136,1638.694299070375,31.975329079738458,26219.108785126,0.0012195429425838431,CASH_SCARCITY,25
2023-11-27,PSN,Q0_SKIP,0,63.27,655477.71962815,1670.6696281501136,1638.694299070375,31.975329079738458,26219.108785126,0.0012195429425838431,CASH_SCARCITY,25
2023-11-27,LBRT,PLAN,1,19.66,655477.71962815,1670.6696281501136,1638.694299070375,31.975329079738458,26219.108785126,0.0012195429425838431,,25
2023-11-30,AEO,Q0_SKIP,0,19.03,654503.2799381501,1650.9599381501137,1636.2581998453752,14.701738304738456,26180.131197526003,0.000561560910211472,CASH_SCARCITY,25
2023-11-30,PARR,Q0_SKIP,0,34.27,654503.2799381501,1650.9599381501137,1636.2581998453752,14.701738304738456,26180.131197526003,0.000561560910211472,CASH_SCARCITY,25
2023-11-30,MUSA,Q0_SKIP,0,369.55,654503.2799381501,1650.9599381501137,1636.2581998453752,14.701738304738456,26180.131197526003,0.000561560910211472,CASH_SCARCITY,25
2023-11-30,VST,Q0_SKIP,0,35.41,654503.2799381501,1650.9599381501137,1636.2581998453752,14.701738304738456,26180.131197526003,0.000561560910211472,CASH_SCARCITY,25
2023-11-30,VRT,Q0_SKIP,0,43.66,654503.2799381501,1650.9599381501137,1636.2581998453752,14.701738304738456,26180.131197526003,0.000561560910211472,CASH_SCARCITY,25
2023-11-30,NRG,Q0_SKIP,0,47.84,654503.2799381501,1650.9599381501137,1636.2581998453752,14.701738304738456,26180.131197526003,0.000561560910211472,CASH_SCARCITY,25
2023-11-30,TW,Q0_SKIP,0,96.9,654503.2799381501,1650.9599381501137,1636.2581998453752,14.701738304738456,26180.131197526003,0.000561560910211472,CASH_SCARCITY,25
2023-11-30,CNR,Q0_SKIP,0,106.67,654503.2799381501,1650.9599381501137,1636.2581998453752,14.701738304738456,26180.131197526003,0.000561560910211472,CASH_SCARCITY,25
2023-11-30,EDU,Q0_SKIP,0,81.37999999999998,654503.2799381501,1650.9599381501137,1636.2581998453752,14.701738304738456,26180.131197526003,0.000561560910211472,CASH_SCARCITY,25
2023-11-30,AMR,Q0_SKIP,0,280.56,654503.2799381501,1650.9599381501137,1636.2581998453752,14.701738304738456,26180.131197526003,0.000561560910211472,CASH_SCARCITY,25
2023-11-30,CAMT,Q0_SKIP,0,63.48,654503.2799381501,1650.9599381501137,1636.2581998453752,14.701738304738456,26180.131197526003,0.000561560910211472,CASH_SCARCITY,25
2023-11-30,PSN,Q0_SKIP,0,62.29,654503.2799381501,1650.9599381501137,1636.2581998453752,14.701738304738456,26180.131197526003,0.000561560910211472,CASH_SCARCITY,25
2023-11-30,LDOS,Q0_SKIP,0,107.32,654503.2799381501,1650.9599381501137,1636.2581998453752,14.701738304738456,26180.131197526003,0.000561560910211472,CASH_SCARCITY,25
2023-11-30,SFM,Q0_SKIP,0,43.08,654503.2799381501,1650.9599381501137,1636.2581998453752,14.701738304738456,26180.131197526003,0.000561560910211472,CASH_SCARCITY,25
2023-11-30,ARCH,Q0_SKIP,0,165.96,654503.2799381501,1650.9599381501137,1636.2581998453752,14.701738304738456,26180.131197526003,0.000561560910211472,CASH_SCARCITY,25
2023-11-30,DELL,Q0_SKIP,0,75.87,654503.2799381501,1650.9599381501137,1636.2581998453752,14.701738304738456,26180.131197526003,0.000561560910211472,CASH_SCARCITY,25
2023-11-30,AIZ,Q0_SKIP,0,168.02,654503.2799381501,1650.9599381501137,1636.2581998453752,14.701738304738456,26180.131197526003,0.000561560910211472,CASH_SCARCITY,25
2023-11-30,HCC,Q0_SKIP,0,55.97,654503.2799381501,1650.9599381501137,1636.2581998453752,14.701738304738456,26180.131197526003,0.000561560910211472,CASH_SCARCITY,25
2023-11-30,BNKK,PLAN,3,4.48,654503.2799381501,1650.9599381501137,1636.2581998453752,14.701738304738456,26180.131197526003,0.000561560910211472,,25
2024-01-09,NHC,PLAN,146,94.61000000000001,693316.6456681502,15561.635668150115,1733.2916141703754,13828.34405397974,27732.665826726006,0.4986301764272999,,25
2024-02-08,CRWD,PLAN,39,323.04,761344.29110815,14784.271108150117,1903.3607277703752,12880.91038037974,30453.771644326003,0.422966013235331,,25
2024-02-22,AGO,PLAN,8,85.26,798601.54110815,2681.461108150117,1996.503852770375,684.957255379742,31944.061644326,0.021442397119259448,,25
2024-07-15,TRGP,PLAN,191,134.34,974850.2567681501,28124.276768150117,2437.1256419203755,25687.151126229743,38994.01027072601,0.6587460727401477,,25
2024-08-21,ADMA,PLAN,2075,17.84,926535.2709581502,96413.0409581501,2316.3381773953756,94096.70278075473,37061.41083832601,1.0,,25
2024-08-29,AEM,PLAN,445,82.09,914560.53170815,59046.461708150106,2286.4013292703753,56760.06037887973,36582.421268326005,1.0,,25
2024-09-04,CRS,PLAN,151,135.67,884119.98195815,22777.931958150115,2210.2999548953753,20567.63200325474,35364.799278326005,0.581584864695104,,25
2024-09-16,FOX,PLAN,984,36.77,906341.93464815,116132.96464815011,2265.854836620375,113867.10981152974,36253.677385926,1.0,,25
2024-10-07,AHR,PLAN,1484,24.94,926291.9162281501,102317.9162281501,2315.7297905703754,100002.18643757973,37051.676649126006,1.0,,25
2024-10-08,LMT,PLAN,61,608.05,938437.3868681503,65121.39686815011,2346.093467170376,62775.303400979734,37537.49547472601,1.0,,25
2024-10-09,IRM,PLAN,213,120.49,940578.7825581504,28075.077558150108,2351.4469563953758,25723.630601754732,37623.15130232601,0.6837181286343867,,25
2024-10-29,VTR,PLAN,2,66.03,955591.3503881502,2536.8703881501096,2388.9783759703755,147.89201217973414,38223.65401552601,0.0038691228243030377,,25
2024-11-22,AKR,PLAN,999,25.22,1068738.29948815,27912.879488150113,2671.845748720375,25241.03373942974,42749.531979526,0.5904400018114445,,25
2024-12-17,LLYVK,PLAN,14,71.35,1044447.6975281502,3681.187528150116,2611.1192438203757,1070.0682843297404,41777.90790112601,0.025613256816550634,,25
2025-02-26,EAT,PLAN,252,160.09,1011666.0539381503,141046.49393815012,2529.1651348453756,138517.32880330473,40466.64215752601,1.0,,25
2025-03-06,VRNA,PLAN,596,65.67,979651.9621881499,354441.0121881501,2449.129905470375,351991.8822826797,39186.078487526,1.0,,25
2025-03-07,LX,PLAN,4303,9.06,975714.1469881502,314946.3569881501,2439.2853674703756,312507.07162067975,39028.56587952601,1.0,,25
2025-03-18,GRRR,PLAN,1459,26.93,983906.7553981503,313328.7553981501,2459.766888495376,310868.98850965477,39356.270215926015,1.0,,25
2025-03-19,SRAD,PLAN,1749,22.8,997933.8635581499,272786.4135581501,2494.834658895375,270291.57889925473,39917.354542326,1.0,,25
2025-03-20,ESLT,PLAN,96,413.0,992212.5365581501,232519.1865581501,2480.5313413953754,230038.65521675473,39688.50146232601,1.0,,25
2025-03-28,FNMA,PLAN,5903,6.7,989880.47055815,193023.7305581501,2474.701176395375,190549.02938175472,39595.218822326,1.0,,25
2025-04-02,FOXA,PLAN,692,57.04,989034.9285181501,154122.6185181501,2472.587321295375,151650.03119685472,39561.397140726,1.0,,25
2025-04-03,PYCR,PLAN,1682,22.46,945553.9525981501,115498.1125981501,2363.8848814953753,113134.22771665471,37822.158103926005,1.0,,25
2025-04-04,SWI,PLAN,1935,18.37,889752.1765331501,157420.8365331501,2224.3804413328753,155196.45609181724,35590.087061326005,1.0,,25
2025-04-08,ATSG,PLAN,1556,22.48,875800.18714315,173406.0271431501,2189.5004678578753,171216.52667529223,35032.007485726004,1.0,,25
2025-05-06,VRSN,PLAN,134,283.22,956385.2438231499,247270.7538231501,2390.9631095578748,244879.79071359223,38255.409752925996,1.0,,25
2025-05-07,CNP,PLAN,985,39.05,962590.6536831502,209282.6636831501,2406.4766342078756,206876.18704894223,38503.62614732601,1.0,,25
2025-05-08,KC,PLAN,2643,14.23,941286.2659831502,171006.72598315013,2353.2156649578756,168653.51031819225,37651.45063932601,1.0,,25
2025-05-09,PLMR,PLAN,235,159.93,942503.67329315,134417.48329315014,2356.2591832328753,132061.22410991727,37700.146931726005,1.0,,25
2025-05-27,NUTX,PLAN,241,163.73,990387.2940431503,96517.45404315014,2475.968235107876,94041.48580804226,39615.491761726014,1.0,,25
2025-05-28,TDUP,PLAN,5459,7.22,986346.9930031503,56606.54300315014,2465.867482507876,54140.67552064226,39453.87972012602,1.0,,25
2025-05-30,SSRM,PLAN,1197,11.83,994661.3277131501,16661.34771315015,2486.653319282875,14174.694393867274,39786.453108526,0.3562693652335076,,25
2025-07-14,ASM,PLAN,6762,4.29,1016919.8784931501,31582.31849315015,2542.2996962328752,29040.018796917273,40676.795139726004,0.7139210131271144,,25
2025-08-21,WLDN,PLAN,387,106.27,1030161.9107231499,192377.64072315014,2575.404776807875,189802.23594634226,41206.476428926,1.0,,25
2025-09-05,APH,PLAN,380,110.45,1051272.1219731504,152382.49197315017,2628.180304932876,149754.3116682173,42050.884878926016,1.0,,25
2025-09-09,RBLX,PLAN,318,131.79,1049954.4439731503,110122.27397315018,2624.886109932876,107497.3878632173,41998.17775892602,1.0,,25
2025-09-19,PRM,PLAN,1947,21.89,1066807.9757931503,68004.65579315017,2667.0199394828755,65337.6358536673,42672.31903172601,1.0,,25
2025-11-12,WDC,PLAN,254,166.11,1056903.6812031502,307669.09120315016,2642.2592030078754,305026.8320001423,42276.147248126006,1.0,,25
2025-11-19,BE,PLAN,383,108.93,1044057.6096031503,326924.0296031502,2610.144024007876,324313.8855791423,41762.304384126015,1.0,,25
2025-11-26,LGND,PLAN,204,206.16,1053046.36696315,314954.2469631502,2632.615917407875,312321.63104574237,42121.854678526,1.0,,25
2025-11-28,LITE,PLAN,130,325.16,1060268.9462431504,272851.46624315024,2650.672365607876,270200.79387754237,42410.75784972602,1.0,,25
2025-12-01,SNDK,PLAN,199,210.17,1047831.2975431503,231861.81754315025,2619.578243857876,229242.23929929236,41913.25190172601,1.0,,25
2025-12-05,CIEN,PLAN,210,201.71,1060080.8592931505,189957.59929315027,2650.2021482328764,187307.3971449174,42403.23437172602,1.0,,25
2025-12-08,ROIV,PLAN,2011,20.99,1056776.0692931502,146864.54929315028,2641.9401732328756,144222.6091199174,42271.04277172601,1.0,,25
2025-12-15,PVLA,PLAN,472,88.98,1053167.8695031505,104812.74950315029,2632.9196737578764,102179.82982939242,42126.71478012602,1.0,,25
2025-12-18,GOOG,PLAN,139,303.75,1060280.6402531501,94103.32025315028,2650.7016006328754,91452.6186525174,42411.225610126006,1.0,,25
2025-12-22,GOOGL,PLAN,142,309.78,1107149.3782331503,51919.15823315028,2767.873445582876,49151.284787567405,44285.97512932601,1.0,,25
2026-01-21,ARWR,PLAN,78,67.6,1214755.04148315,8352.401483150286,3036.8876037078753,5315.513879442411,48590.201659326005,0.1093947688612277,,25
2026-03-31,ERAS,PLAN,3234,16.18,1309737.2794731504,107046.86947315028,3274.343198682876,103772.5262744674,52389.491178926015,1.0,,25
2026-04-22,SU,PLAN,798,63.43,1515300.1965531502,54489.01655315028,3788.2504913828757,50700.766061767405,60612.00786212601,0.8364805564121274,,25
2026-04-23,FTI,Q0_SKIP,0,72.44,1512061.6311131497,3812.9511131502877,3780.154077782874,32.79703536741363,60482.465244525985,0.0005422569208251965,CASH_SCARCITY,25
2026-04-23,AXTI,Q0_SKIP,0,75.26999999999998,1512061.6311131497,3812.9511131502877,3780.154077782874,32.79703536741363,60482.465244525985,0.0005422569208251965,CASH_SCARCITY,25
2026-04-23,E,Q0_SKIP,0,54.65,1512061.6311131497,3812.9511131502877,3780.154077782874,32.79703536741363,60482.465244525985,0.0005422569208251965,CASH_SCARCITY,25
2026-04-23,DAR,Q0_SKIP,0,60.94,1512061.6311131497,3812.9511131502877,3780.154077782874,32.79703536741363,60482.465244525985,0.0005422569208251965,CASH_SCARCITY,25
2026-04-23,PR,PLAN,1,20.86,1512061.6311131497,3812.9511131502877,3780.154077782874,32.79703536741363,60482.465244525985,0.0005422569208251965,,25
2026-05-29,KGS,PLAN,995,66.85,1665682.49279315,113619.28279315027,4164.206231982875,109455.0765611674,66627.299711726,1.0,,25
2026-06-22,ATEX,PLAN,930,77.01999999999998,1793461.66134315,270772.10134315025,4483.654153357876,266288.44718979235,71738.46645372601,1.0,,25
2026-07-14,ATEN,PLAN,1752,37.64,1651064.0596431505,612688.5996431503,4127.660149107876,608560.9394940424,66042.56238572602,1.0,,25
2026-07-15,BAND,PLAN,919,70.97,1632841.60684315,546659.8368431503,4082.1040171078753,542577.7328260425,65313.664273726004,1.0,,25
2026-07-20,SYRE,PLAN,662,97.33,1614843.7885381503,604640.9085381504,4037.109471345376,600603.799066805,64593.75154152601,1.0,,25
2026-07-21,FTNT,PLAN,414,158.1,1640870.1441981504,538990.9841981503,4102.175360495376,534888.808837655,65634.80576792601,1.0,,25
