decision_date,ticker,outcome,planned_shares,close_price,close_nav,cash_before_decision,required_reserve,uncommitted_cash_after_reserve,intended_capital,funding_fraction,q0_reason,buffer_basis_points
2006-07-05,MED,PLAN,205,19.49,100000.0,100000.0,50.0,99950.0,4000.0,1.0,,5
2006-07-05,ACLI,PLAN,66,59.89,100000.0,100000.0,50.0,99950.0,4000.0,1.0,,5
2006-07-05,FALB,PLAN,75,53.26,100000.0,100000.0,50.0,99950.0,4000.0,1.0,,5
2006-07-05,TTI,PLAN,131,30.37,100000.0,100000.0,50.0,99950.0,4000.0,1.0,,5
2006-07-05,CHAP1,PLAN,56,71.0,100000.0,100000.0,50.0,99950.0,4000.0,1.0,,5
2006-07-05,LFCHY,PLAN,64,61.65,100000.0,100000.0,50.0,99950.0,4000.0,1.0,,5
2006-07-05,ADM,PLAN,94,42.21,100000.0,100000.0,50.0,99950.0,4000.0,1.0,,5
2006-07-05,LVS,PLAN,53,75.06999999999998,100000.0,100000.0,50.0,99950.0,4000.0,1.0,,5
2006-07-05,MNST,PLAN,19,205.35,100000.0,100000.0,50.0,99950.0,4000.0,1.0,,5
2006-07-05,BFH,PLAN,67,58.81,100000.0,100000.0,50.0,99950.0,4000.0,1.0,,5
2006-07-05,AVL1,PLAN,84,47.38,100000.0,100000.0,50.0,99950.0,4000.0,1.0,,5
2006-07-05,LECO,PLAN,65,60.63,100000.0,100000.0,50.0,99950.0,4000.0,1.0,,5
2006-07-05,DAKT,PLAN,137,29.03,100000.0,100000.0,50.0,99950.0,4000.0,1.0,,5
2006-07-05,MTW,PLAN,89,44.87,100000.0,100000.0,50.0,99950.0,4000.0,1.0,,5
2006-07-05,VOLT2,PLAN,83,47.67,100000.0,100000.0,50.0,99950.0,4000.0,1.0,,5
2006-07-05,EXPD,PLAN,74,53.73,100000.0,100000.0,50.0,99950.0,4000.0,1.0,,5
2006-07-05,KEX,PLAN,101,39.46,100000.0,100000.0,50.0,99950.0,4000.0,1.0,,5
2006-07-05,OII,PLAN,86,46.05,100000.0,100000.0,50.0,99950.0,4000.0,1.0,,5
2006-07-05,FTI1,PLAN,57,69.18,100000.0,100000.0,50.0,99950.0,4000.0,1.0,,5
2006-07-05,WEBX1,PLAN,111,35.75,100000.0,100000.0,50.0,99950.0,4000.0,1.0,,5
2006-07-05,JLL,PLAN,46,86.25,100000.0,100000.0,50.0,99950.0,4000.0,1.0,,5
2006-07-05,AGP,PLAN,130,30.67,100000.0,100000.0,50.0,99950.0,4000.0,1.0,,5
2006-07-05,ATI,PLAN,58,68.61,100000.0,100000.0,50.0,99950.0,4000.0,1.0,,5
2006-07-05,TEX,PLAN,40,98.96,100000.0,100000.0,50.0,99950.0,4000.0,1.0,,5
2006-07-05,WCC,PLAN,60,66.6,100000.0,100000.0,50.0,99950.0,4000.0,1.0,,5
2006-09-07,CMCSK,PLAN,101,34.86,88313.27174698001,10600.901746980015,44.15663587349,10556.745111106524,3532.5308698792005,1.0,,5
2006-09-11,HCR1,PLAN,65,52.21,86078.59694808102,7072.476948081014,43.03929847404051,7029.4376496069735,3443.143877923241,1.0,,5
2006-09-15,CXW,PLAN,80,43.47,87240.796359581,6458.086359581013,43.6203981797905,6414.465961401223,3489.63185438324,1.0,,5
2006-10-03,CMCSA,PLAN,94,37.07,87203.226659581,9694.126659581016,43.6016133297905,9650.525046251225,3488.1290663832406,1.0,,5
2006-10-16,EPC,PLAN,49,76.62,94707.37963026502,6226.949630265017,47.35368981513251,6179.595940449884,3788.2951852106007,1.0,,5
2006-10-17,UST1,PLAN,43,55.79,94057.78603026501,2479.6060302650167,47.0288930151325,2432.5771372498843,3762.3114412106006,0.6465645322725204,,5
2006-11-01,ACAS,Q0_SKIP,0,42.74,93489.20706026502,89.43706026501714,46.74460353013251,42.69245673488463,3739.5682824106007,0.011416413208896995,CASH_SCARCITY,5
2006-11-01,BLS,Q0_SKIP,0,44.2,93489.20706026502,89.43706026501714,46.74460353013251,42.69245673488463,3739.5682824106007,0.011416413208896995,CASH_SCARCITY,5
2006-11-01,T,PLAN,1,33.76,93489.20706026502,89.43706026501714,46.74460353013251,42.69245673488463,3739.5682824106007,0.011416413208896995,,5
2006-12-15,MA,PLAN,41,96.19,100331.15817026501,4259.038170265017,50.16557908513251,4208.872591179884,4013.2463268106007,1.0,,5
2007-01-29,TSG1,PLAN,129,32.3,104534.630790265,21095.316070265013,52.2673153951325,21043.04875486988,4181.3852316106,1.0,,5
2007-01-30,CF,PLAN,136,30.77,104983.40660426501,16920.575500265015,52.49170330213251,16868.08379696288,4199.336264170601,1.0,,5
2007-01-31,MTCH,PLAN,109,38.4,104866.527004265,12741.509420265014,52.4332635021325,12689.076156762882,4194.6610801706,1.0,,5
2007-02-01,HAS,PLAN,146,28.68,105459.40435626503,8556.088180265015,52.72970217813252,8503.358478086882,4218.376174250601,1.0,,5
2007-02-02,TRA,PLAN,287,14.67,105425.46072426501,4358.775060265015,52.712730362132504,4306.062329902882,4217.0184289706,1.0,,5
2007-02-05,UIS,PLAN,11,8.849999999999998,105104.12313026501,155.7662502650146,52.552061565132504,103.2141886998821,4204.164925210601,0.02455046139625737,,5
2007-03-29,MIR2,PLAN,102,40.94,105455.53596100102,6794.155961001015,52.72776798050051,6741.428193020515,4218.221438440041,1.0,,5
2007-05-14,GEN1,PLAN,179,25.46,114599.220041001,10417.305041001016,57.2996100205005,10360.005430980516,4583.96880164004,1.0,,5
2007-06-05,TRW,PLAN,119,40.04,119242.232531001,10036.052531001018,59.621116265500504,9976.431414735518,4769.689301240041,1.0,,5
2007-06-21,NRG,PLAN,111,43.51,121230.949771001,8786.82977100102,60.615474885500504,8726.214296115519,4849.23799084004,1.0,,5
2007-07-13,GLBL1,PLAN,135,28.68,127802.07461100101,3967.63961100102,63.9010373055005,3903.7385736955193,5112.0829844400405,0.7636297348023432,,5
2007-08-23,TBSIQ,PLAN,118,38.17,112715.01510100102,9133.62510100102,56.35750755050051,9077.267593450519,4508.600604040041,1.0,,5
2007-08-28,DRYS,PLAN,71,61.3,109589.58930100102,4633.32930100102,54.79479465050051,4578.53450635052,4383.583572040041,1.0,,5
2007-09-11,GRMN,Q0_SKIP,0,106.88,114003.93160100101,109.66660100102087,57.00196580050051,52.66463520052036,4560.15726404004,0.011548863811302526,CASH_SCARCITY,5
2007-09-11,OII,Q0_SKIP,0,72.29,114003.93160100101,109.66660100102087,57.00196580050051,52.66463520052036,4560.15726404004,0.011548863811302526,CASH_SCARCITY,5
2007-09-11,CROX,Q0_SKIP,0,57.71,114003.93160100101,109.66660100102087,57.00196580050051,52.66463520052036,4560.15726404004,0.011548863811302526,CASH_SCARCITY,5
2007-09-11,SYNA,PLAN,1,41.15,114003.93160100101,109.66660100102087,57.00196580050051,52.66463520052036,4560.15726404004,0.011548863811302526,,5
2007-10-29,EDO,PLAN,89,57.65,129138.17053748702,9758.340537487044,64.5690852687435,9693.7714522183,5165.526821499481,1.0,,5
2007-11-29,MTL,PLAN,57,82.76999999999998,119842.55261748702,34614.02261748705,59.92127630874351,34554.101341178306,4793.7021046994805,1.0,,5
2007-12-04,TELFY,PLAN,46,103.11,120519.21952222806,29562.139522228048,60.25960976111403,29501.879912466935,4820.768780889122,1.0,,5
2007-12-10,IHS2,PLAN,71,69.05,123739.51113055005,24873.171130550047,61.86975556527503,24811.30137498477,4949.580445222002,1.0,,5
2007-12-11,BIDU,PLAN,12,378.38,121039.37243055005,19919.52243055005,60.51968621527503,19859.002744334775,4841.574897222002,1.0,,5
2007-12-12,SIGM,PLAN,74,65.98,122194.97691055006,19886.396910550047,61.097488455275034,19825.299422094773,4887.799076422002,1.0,,5
2007-12-13,BMRN,PLAN,165,29.76,123366.15813055006,14988.498130550048,61.68307906527503,14926.815051484773,4934.646325222003,1.0,,5
2007-12-14,KUST,PLAN,800,6.1,122211.10773055008,9082.197730550048,61.10555386527504,9021.092176684773,4888.4443092220035,1.0,,5
2008-01-14,CVD,PLAN,49,95.66,118661.93764955102,28103.097649551048,59.33096882477551,28043.766680726272,4746.477505982041,1.0,,5
2008-01-25,CNX,PLAN,59,73.01,108599.42271955105,43930.21271955105,54.29971135977552,43875.91300819127,4343.976908782042,1.0,,5
2008-02-05,PRGO,PLAN,130,33.48,109130.82643566607,39604.14008366605,54.56541321783303,39549.574670448215,4365.2330574266425,1.0,,5
2008-02-06,MEE,PLAN,114,38.26,109790.11893566605,35217.16893566605,54.89505946783302,35162.27387619822,4391.604757426642,1.0,,5
2008-02-07,MOS,PLAN,47,93.75,110517.64359566604,34836.403595666045,55.25882179783302,34781.14477386821,4420.705743826642,1.0,,5
2008-02-08,INCY,PLAN,372,11.98,111778.06778566602,30356.117785666043,55.88903389283301,30300.22875177321,4471.122711426641,1.0,,5
2008-02-11,AUXL,PLAN,135,33.47,113119.35238566606,25906.272385666045,56.55967619283303,25849.712709473213,4524.774095426643,1.0,,5
2008-02-12,GOLD1,PLAN,97,46.39,113703.82318566604,21322.493185666048,56.85191159283302,21265.641274073216,4548.152927426642,1.0,,5
2008-02-20,FRFHF,PLAN,15,307.0,116734.59000566606,16764.76000566605,58.36729500283303,16706.392710663215,4669.383600226643,1.0,,5
2008-02-21,CMO,PLAN,255,18.11,115841.67505566606,12305.435055666047,57.92083752783303,12247.514218138214,4633.667002226643,1.0,,5
2008-02-22,GLDN1,PLAN,44,105.06,116523.66995566603,7705.7399556660475,58.26183497783302,7647.478120688214,4660.9467982266415,1.0,,5
2008-02-25,KGC,PLAN,126,23.87,118652.21687566607,3078.036875666048,59.326108437833035,3018.710767228215,4746.088675026643,0.6360417965033637,,5
2008-02-26,PHRM,Q0_SKIP,0,71.11,119203.97673566604,64.88673566604848,59.60198836783302,5.284747298215457,4768.1590694266415,0.0011083412321751536,CASH_SCARCITY,5
2008-02-26,GG,Q0_SKIP,0,42.27,119203.97673566604,64.88673566604848,59.60198836783302,5.284747298215457,4768.1590694266415,0.0011083412321751536,CASH_SCARCITY,5
2008-02-26,FCL1,Q0_SKIP,0,57.81,119203.97673566604,64.88673566604848,59.60198836783302,5.284747298215457,4768.1590694266415,0.0011083412321751536,CASH_SCARCITY,5
2008-02-26,BVN,Q0_SKIP,0,72.54,119203.97673566604,64.88673566604848,59.60198836783302,5.284747298215457,4768.1590694266415,0.0011083412321751536,CASH_SCARCITY,5
2008-02-26,WLTGQ,Q0_SKIP,0,52.57,119203.97673566604,64.88673566604848,59.60198836783302,5.284747298215457,4768.1590694266415,0.0011083412321751536,CASH_SCARCITY,5
2008-02-26,ANRZQ,Q0_SKIP,0,41.5,119203.97673566604,64.88673566604848,59.60198836783302,5.284747298215457,4768.1590694266415,0.0011083412321751536,CASH_SCARCITY,5
2008-02-26,MON2,Q0_SKIP,0,120.76,119203.97673566604,64.88673566604848,59.60198836783302,5.284747298215457,4768.1590694266415,0.0011083412321751536,CASH_SCARCITY,5
2008-02-26,CPHD,Q0_SKIP,0,31.82,119203.97673566604,64.88673566604848,59.60198836783302,5.284747298215457,4768.1590694266415,0.0011083412321751536,CASH_SCARCITY,5
2008-02-26,HES,Q0_SKIP,0,98.54,119203.97673566604,64.88673566604848,59.60198836783302,5.284747298215457,4768.1590694266415,0.0011083412321751536,CASH_SCARCITY,5
2008-02-26,SID,Q0_SKIP,0,37.47,119203.97673566604,64.88673566604848,59.60198836783302,5.284747298215457,4768.1590694266415,0.0011083412321751536,CASH_SCARCITY,5
2008-02-26,TRA,Q0_SKIP,0,50.38,119203.97673566604,64.88673566604848,59.60198836783302,5.284747298215457,4768.1590694266415,0.0011083412321751536,CASH_SCARCITY,5
2008-02-26,NVT1,Q0_SKIP,0,74.72,119203.97673566604,64.88673566604848,59.60198836783302,5.284747298215457,4768.1590694266415,0.0011083412321751536,CASH_SCARCITY,5
2008-02-26,PBR,Q0_SKIP,0,121.75,119203.97673566604,64.88673566604848,59.60198836783302,5.284747298215457,4768.1590694266415,0.0011083412321751536,CASH_SCARCITY,5
2008-02-26,RESP1,Q0_SKIP,0,65.73,119203.97673566604,64.88673566604848,59.60198836783302,5.284747298215457,4768.1590694266415,0.0011083412321751536,CASH_SCARCITY,5
2008-02-26,ADM,Q0_SKIP,0,45.92,119203.97673566604,64.88673566604848,59.60198836783302,5.284747298215457,4768.1590694266415,0.0011083412321751536,CASH_SCARCITY,5
2008-02-26,AEM,Q0_SKIP,0,67.39,119203.97673566604,64.88673566604848,59.60198836783302,5.284747298215457,4768.1590694266415,0.0011083412321751536,CASH_SCARCITY,5
2008-02-26,ACIIQ,Q0_SKIP,0,54.45,119203.97673566604,64.88673566604848,59.60198836783302,5.284747298215457,4768.1590694266415,0.0011083412321751536,CASH_SCARCITY,5
2008-02-26,OTEX,Q0_SKIP,0,33.07,119203.97673566604,64.88673566604848,59.60198836783302,5.284747298215457,4768.1590694266415,0.0011083412321751536,CASH_SCARCITY,5
2008-02-26,CSIQ,Q0_SKIP,0,19.32,119203.97673566604,64.88673566604848,59.60198836783302,5.284747298215457,4768.1590694266415,0.0011083412321751536,CASH_SCARCITY,5
2008-02-26,ATVI,Q0_SKIP,0,27.25,119203.97673566604,64.88673566604848,59.60198836783302,5.284747298215457,4768.1590694266415,0.0011083412321751536,CASH_SCARCITY,5
2008-02-26,MFA,Q0_SKIP,0,10.1,119203.97673566604,64.88673566604848,59.60198836783302,5.284747298215457,4768.1590694266415,0.0011083412321751536,CASH_SCARCITY,5
2008-02-26,AUY,Q0_SKIP,0,17.57,119203.97673566604,64.88673566604848,59.60198836783302,5.284747298215457,4768.1590694266415,0.0011083412321751536,CASH_SCARCITY,5
2008-02-26,BTUUQ,Q0_SKIP,0,59.12,119203.97673566604,64.88673566604848,59.60198836783302,5.284747298215457,4768.1590694266415,0.0011083412321751536,CASH_SCARCITY,5
2008-02-26,EOG,Q0_SKIP,0,108.23,119203.97673566604,64.88673566604848,59.60198836783302,5.284747298215457,4768.1590694266415,0.0011083412321751536,CASH_SCARCITY,5
2008-02-26,POT,Q0_SKIP,0,161.53,119203.97673566604,64.88673566604848,59.60198836783302,5.284747298215457,4768.1590694266415,0.0011083412321751536,CASH_SCARCITY,5
2008-02-26,SWN,Q0_SKIP,0,68.13,119203.97673566604,64.88673566604848,59.60198836783302,5.284747298215457,4768.1590694266415,0.0011083412321751536,CASH_SCARCITY,5
2008-02-26,WTI,Q0_SKIP,0,36.55,119203.97673566604,64.88673566604848,59.60198836783302,5.284747298215457,4768.1590694266415,0.0011083412321751536,CASH_SCARCITY,5
2008-02-26,NLY,Q0_SKIP,0,20.87,119203.97673566604,64.88673566604848,59.60198836783302,5.284747298215457,4768.1590694266415,0.0011083412321751536,CASH_SCARCITY,5
2008-02-26,CMEDQ,Q0_SKIP,0,55.57,119203.97673566604,64.88673566604848,59.60198836783302,5.284747298215457,4768.1590694266415,0.0011083412321751536,CASH_SCARCITY,5
2008-02-26,SYT1,Q0_SKIP,0,56.89,119203.97673566604,64.88673566604848,59.60198836783302,5.284747298215457,4768.1590694266415,0.0011083412321751536,CASH_SCARCITY,5
2008-02-26,WLL2,Q0_SKIP,0,60.85,119203.97673566604,64.88673566604848,59.60198836783302,5.284747298215457,4768.1590694266415,0.0011083412321751536,CASH_SCARCITY,5
2008-02-26,RRC,Q0_SKIP,0,65.16,119203.97673566604,64.88673566604848,59.60198836783302,5.284747298215457,4768.1590694266415,0.0011083412321751536,CASH_SCARCITY,5
2008-02-26,VAR,Q0_SKIP,0,53.69,119203.97673566604,64.88673566604848,59.60198836783302,5.284747298215457,4768.1590694266415,0.0011083412321751536,CASH_SCARCITY,5
2008-02-26,PAAS,Q0_SKIP,0,39.19,119203.97673566604,64.88673566604848,59.60198836783302,5.284747298215457,4768.1590694266415,0.0011083412321751536,CASH_SCARCITY,5
2008-02-26,SGY,Q0_SKIP,0,49.72,119203.97673566604,64.88673566604848,59.60198836783302,5.284747298215457,4768.1590694266415,0.0011083412321751536,CASH_SCARCITY,5
2008-02-26,ILMN,Q0_SKIP,0,74.45,119203.97673566604,64.88673566604848,59.60198836783302,5.284747298215457,4768.1590694266415,0.0011083412321751536,CASH_SCARCITY,5
2008-02-26,BEAS,Q0_SKIP,0,18.82,119203.97673566604,64.88673566604848,59.60198836783302,5.284747298215457,4768.1590694266415,0.0011083412321751536,CASH_SCARCITY,5
2008-02-26,MBT,Q0_SKIP,0,87.03,119203.97673566604,64.88673566604848,59.60198836783302,5.284747298215457,4768.1590694266415,0.0011083412321751536,CASH_SCARCITY,5
2008-02-26,VEON,Q0_SKIP,0,37.7,119203.97673566604,64.88673566604848,59.60198836783302,5.284747298215457,4768.1590694266415,0.0011083412321751536,CASH_SCARCITY,5
2008-02-26,PPDI,Q0_SKIP,0,46.65,119203.97673566604,64.88673566604848,59.60198836783302,5.284747298215457,4768.1590694266415,0.0011083412321751536,CASH_SCARCITY,5
2008-02-26,KWKAQ,Q0_SKIP,0,34.73,119203.97673566604,64.88673566604848,59.60198836783302,5.284747298215457,4768.1590694266415,0.0011083412321751536,CASH_SCARCITY,5
2008-02-26,FSLR,Q0_SKIP,0,220.69,119203.97673566604,64.88673566604848,59.60198836783302,5.284747298215457,4768.1590694266415,0.0011083412321751536,CASH_SCARCITY,5
2008-02-26,AIZ,Q0_SKIP,0,64.52,119203.97673566604,64.88673566604848,59.60198836783302,5.284747298215457,4768.1590694266415,0.0011083412321751536,CASH_SCARCITY,5
2008-02-26,AGP,Q0_SKIP,0,37.91,119203.97673566604,64.88673566604848,59.60198836783302,5.284747298215457,4768.1590694266415,0.0011083412321751536,CASH_SCARCITY,5
2008-02-26,IMCL,Q0_SKIP,0,45.58,119203.97673566604,64.88673566604848,59.60198836783302,5.284747298215457,4768.1590694266415,0.0011083412321751536,CASH_SCARCITY,5
2008-02-26,WDR,Q0_SKIP,0,33.92,119203.97673566604,64.88673566604848,59.60198836783302,5.284747298215457,4768.1590694266415,0.0011083412321751536,CASH_SCARCITY,5
2008-02-26,AGU,Q0_SKIP,0,74.06999999999998,119203.97673566604,64.88673566604848,59.60198836783302,5.284747298215457,4768.1590694266415,0.0011083412321751536,CASH_SCARCITY,5
2008-02-26,PRXL,Q0_SKIP,0,58.07,119203.97673566604,64.88673566604848,59.60198836783302,5.284747298215457,4768.1590694266415,0.0011083412321751536,CASH_SCARCITY,5
2008-02-26,AGCO,Q0_SKIP,0,66.7,119203.97673566604,64.88673566604848,59.60198836783302,5.284747298215457,4768.1590694266415,0.0011083412321751536,CASH_SCARCITY,5
2008-02-26,CMP,Q0_SKIP,0,57.94,119203.97673566604,64.88673566604848,59.60198836783302,5.284747298215457,4768.1590694266415,0.0011083412321751536,CASH_SCARCITY,5
2008-02-26,SOHU,Q0_SKIP,0,45.58,119203.97673566604,64.88673566604848,59.60198836783302,5.284747298215457,4768.1590694266415,0.0011083412321751536,CASH_SCARCITY,5
2008-02-26,WPM,Q0_SKIP,0,16.97,119203.97673566604,64.88673566604848,59.60198836783302,5.284747298215457,4768.1590694266415,0.0011083412321751536,CASH_SCARCITY,5
2008-02-26,UAPH,Q0_SKIP,0,38.62,119203.97673566604,64.88673566604848,59.60198836783302,5.284747298215457,4768.1590694266415,0.0011083412321751536,CASH_SCARCITY,5
2008-02-26,DE,Q0_SKIP,0,87.45999999999998,119203.97673566604,64.88673566604848,59.60198836783302,5.284747298215457,4768.1590694266415,0.0011083412321751536,CASH_SCARCITY,5
2008-02-26,CDE,PLAN,1,4.84,119203.97673566604,64.88673566604848,59.60198836783302,5.284747298215457,4768.1590694266415,0.0011083412321751536,,5
2008-03-13,CMP,PLAN,74,60.76,112751.22347566603,10869.963475666049,56.37561173783302,10813.587863928216,4510.048939026641,1.0,,5
2008-04-08,WLTGQ,PLAN,67,69.27,117569.71013566604,9390.95013566605,58.78485506783302,9332.165280598216,4702.7884054266415,1.0,,5
2008-04-10,XEC,PLAN,79,58.81,119900.71961566604,4726.169615666049,59.95035980783302,4666.2192558582165,4796.028784626642,0.9729339554456967,,5
2008-04-14,EOG,Q0_SKIP,0,127.89,119694.01811566604,100.04811566604985,59.84700905783302,40.20110660821683,4787.760724626642,0.008396640709598491,CASH_SCARCITY,5
2008-04-14,NEU,Q0_SKIP,0,82.47,119694.01811566604,100.04811566604985,59.84700905783302,40.20110660821683,4787.760724626642,0.008396640709598491,CASH_SCARCITY,5
2008-04-14,HES,Q0_SKIP,0,101.19,119694.01811566604,100.04811566604985,59.84700905783302,40.20110660821683,4787.760724626642,0.008396640709598491,CASH_SCARCITY,5
2008-04-14,SID,PLAN,1,39.85,119694.01811566604,100.04811566604985,59.84700905783302,40.20110660821683,4787.760724626642,0.008396640709598491,,5
2008-04-15,EOG,Q0_SKIP,0,131.14,119584.96811566604,100.04811566604985,59.79248405783302,40.25563160821683,4783.3987246266415,0.008415696437967107,CASH_SCARCITY,5
2008-04-15,CTRA,Q0_SKIP,0,59.41,119584.96811566604,100.04811566604985,59.79248405783302,40.25563160821683,4783.3987246266415,0.008415696437967107,CASH_SCARCITY,5
2008-04-15,NEU,Q0_SKIP,0,83.42,119584.96811566604,100.04811566604985,59.79248405783302,40.25563160821683,4783.3987246266415,0.008415696437967107,CASH_SCARCITY,5
2008-04-15,CHKAQ,Q0_SKIP,0,49.32,119584.96811566604,100.04811566604985,59.79248405783302,40.25563160821683,4783.3987246266415,0.008415696437967107,CASH_SCARCITY,5
2008-04-15,HP,Q0_SKIP,0,54.0,119584.96811566604,100.04811566604985,59.79248405783302,40.25563160821683,4783.3987246266415,0.008415696437967107,CASH_SCARCITY,5
2008-04-15,SID,Q0_SKIP,0,40.32,119584.96811566604,100.04811566604985,59.79248405783302,40.25563160821683,4783.3987246266415,0.008415696437967107,CASH_SCARCITY,5
2008-04-15,HES,Q0_SKIP,0,103.5,119584.96811566604,100.04811566604985,59.79248405783302,40.25563160821683,4783.3987246266415,0.008415696437967107,CASH_SCARCITY,5
2008-04-15,SWN,PLAN,1,38.76,119584.96811566604,100.04811566604985,59.79248405783302,40.25563160821683,4783.3987246266415,0.008415696437967107,,5
2008-04-16,NEU,Q0_SKIP,0,87.4,124623.94811566605,100.04811566604985,62.31197405783303,37.736141608216826,4984.957924626642,0.0075700020298653066,CASH_SCARCITY,5
2008-04-16,EOG,Q0_SKIP,0,133.0,124623.94811566605,100.04811566604985,62.31197405783303,37.736141608216826,4984.957924626642,0.0075700020298653066,CASH_SCARCITY,5
2008-04-16,SID,Q0_SKIP,0,43.31,124623.94811566605,100.04811566604985,62.31197405783303,37.736141608216826,4984.957924626642,0.0075700020298653066,CASH_SCARCITY,5
2008-04-16,HP,Q0_SKIP,0,54.68,124623.94811566605,100.04811566604985,62.31197405783303,37.736141608216826,4984.957924626642,0.0075700020298653066,CASH_SCARCITY,5
2008-04-16,TT2,Q0_SKIP,0,46.65,124623.94811566605,100.04811566604985,62.31197405783303,37.736141608216826,4984.957924626642,0.0075700020298653066,CASH_SCARCITY,5
2008-04-16,ALO1,PLAN,1,27.9,124623.94811566605,100.04811566604985,62.31197405783303,37.736141608216826,4984.957924626642,0.0075700020298653066,,5
2008-04-22,LNN,Q0_SKIP,0,128.89,126640.38687566605,75.89687566604985,63.32019343783303,12.576682228216825,5065.615475026642,0.0024827550156974122,CASH_SCARCITY,5
2008-04-22,NEU,Q0_SKIP,0,88.51999999999998,126640.38687566605,75.89687566604985,63.32019343783303,12.576682228216825,5065.615475026642,0.0024827550156974122,CASH_SCARCITY,5
2008-04-22,BPZRQ,Q0_SKIP,0,20.62,126640.38687566605,75.89687566604985,63.32019343783303,12.576682228216825,5065.615475026642,0.0024827550156974122,CASH_SCARCITY,5
2008-04-22,HP,Q0_SKIP,0,56.7,126640.38687566605,75.89687566604985,63.32019343783303,12.576682228216825,5065.615475026642,0.0024827550156974122,CASH_SCARCITY,5
2008-04-22,EOG,Q0_SKIP,0,137.25,126640.38687566605,75.89687566604985,63.32019343783303,12.576682228216825,5065.615475026642,0.0024827550156974122,CASH_SCARCITY,5
2008-04-22,WMT,Q0_SKIP,0,56.55,126640.38687566605,75.89687566604985,63.32019343783303,12.576682228216825,5065.615475026642,0.0024827550156974122,CASH_SCARCITY,5
2008-04-22,TT2,Q0_SKIP,0,46.4,126640.38687566605,75.89687566604985,63.32019343783303,12.576682228216825,5065.615475026642,0.0024827550156974122,CASH_SCARCITY,5
2008-04-22,RRC,Q0_SKIP,0,72.0,126640.38687566605,75.89687566604985,63.32019343783303,12.576682228216825,5065.615475026642,0.0024827550156974122,CASH_SCARCITY,5
2008-04-22,OI,Q0_SKIP,0,58.51,126640.38687566605,75.89687566604985,63.32019343783303,12.576682228216825,5065.615475026642,0.0024827550156974122,CASH_SCARCITY,5
2008-04-22,CQB,Q0_SKIP,0,23.28,126640.38687566605,75.89687566604985,63.32019343783303,12.576682228216825,5065.615475026642,0.0024827550156974122,CASH_SCARCITY,5
2008-04-22,SIAL,Q0_SKIP,0,60.92,126640.38687566605,75.89687566604985,63.32019343783303,12.576682228216825,5065.615475026642,0.0024827550156974122,CASH_SCARCITY,5
2008-04-22,SID,Q0_SKIP,0,44.0,126640.38687566605,75.89687566604985,63.32019343783303,12.576682228216825,5065.615475026642,0.0024827550156974122,CASH_SCARCITY,5
2008-04-22,CVA,Q0_SKIP,0,29.3,126640.38687566605,75.89687566604985,63.32019343783303,12.576682228216825,5065.615475026642,0.0024827550156974122,CASH_SCARCITY,5
2008-04-22,UAPH,Q0_SKIP,0,39.15,126640.38687566605,75.89687566604985,63.32019343783303,12.576682228216825,5065.615475026642,0.0024827550156974122,CASH_SCARCITY,5
2008-04-22,CSX,Q0_SKIP,0,60.66,126640.38687566605,75.89687566604985,63.32019343783303,12.576682228216825,5065.615475026642,0.0024827550156974122,CASH_SCARCITY,5
2008-04-22,STLD,Q0_SKIP,0,37.12,126640.38687566605,75.89687566604985,63.32019343783303,12.576682228216825,5065.615475026642,0.0024827550156974122,CASH_SCARCITY,5
2008-04-22,KCG1,Q0_SKIP,0,18.13,126640.38687566605,75.89687566604985,63.32019343783303,12.576682228216825,5065.615475026642,0.0024827550156974122,CASH_SCARCITY,5
2008-04-22,AROPQ,Q0_SKIP,0,30.08,126640.38687566605,75.89687566604985,63.32019343783303,12.576682228216825,5065.615475026642,0.0024827550156974122,CASH_SCARCITY,5
2008-04-22,POT,Q0_SKIP,0,214.83,126640.38687566605,75.89687566604985,63.32019343783303,12.576682228216825,5065.615475026642,0.0024827550156974122,CASH_SCARCITY,5
2008-04-22,CSIQ,Q0_SKIP,0,26.14,126640.38687566605,75.89687566604985,63.32019343783303,12.576682228216825,5065.615475026642,0.0024827550156974122,CASH_SCARCITY,5
2008-04-22,SWN,Q0_SKIP,0,39.78,126640.38687566605,75.89687566604985,63.32019343783303,12.576682228216825,5065.615475026642,0.0024827550156974122,CASH_SCARCITY,5
2008-04-22,MLNM,Q0_SKIP,0,24.6,126640.38687566605,75.89687566604985,63.32019343783303,12.576682228216825,5065.615475026642,0.0024827550156974122,CASH_SCARCITY,5
2008-04-22,HES,Q0_SKIP,0,115.8,126640.38687566605,75.89687566604985,63.32019343783303,12.576682228216825,5065.615475026642,0.0024827550156974122,CASH_SCARCITY,5
2008-04-22,CHKAQ,Q0_SKIP,0,53.68,126640.38687566605,75.89687566604985,63.32019343783303,12.576682228216825,5065.615475026642,0.0024827550156974122,CASH_SCARCITY,5
2008-04-22,SGY,Q0_SKIP,0,66.0,126640.38687566605,75.89687566604985,63.32019343783303,12.576682228216825,5065.615475026642,0.0024827550156974122,CASH_SCARCITY,5
2008-04-22,ANRZQ,Q0_SKIP,0,51.78,126640.38687566605,75.89687566604985,63.32019343783303,12.576682228216825,5065.615475026642,0.0024827550156974122,CASH_SCARCITY,5
2008-04-22,CTRA,Q0_SKIP,0,59.36,126640.38687566605,75.89687566604985,63.32019343783303,12.576682228216825,5065.615475026642,0.0024827550156974122,CASH_SCARCITY,5
2008-04-22,CEDCQ,Q0_SKIP,0,60.25,126640.38687566605,75.89687566604985,63.32019343783303,12.576682228216825,5065.615475026642,0.0024827550156974122,CASH_SCARCITY,5
2008-04-22,NHP1,Q0_SKIP,0,35.54,126640.38687566605,75.89687566604985,63.32019343783303,12.576682228216825,5065.615475026642,0.0024827550156974122,CASH_SCARCITY,5
2008-04-22,NVR,Q0_SKIP,0,658.0,126640.38687566605,75.89687566604985,63.32019343783303,12.576682228216825,5065.615475026642,0.0024827550156974122,CASH_SCARCITY,5
2008-04-22,FLS,Q0_SKIP,0,111.91,126640.38687566605,75.89687566604985,63.32019343783303,12.576682228216825,5065.615475026642,0.0024827550156974122,CASH_SCARCITY,5
2008-04-22,HCBK,Q0_SKIP,0,18.27,126640.38687566605,75.89687566604985,63.32019343783303,12.576682228216825,5065.615475026642,0.0024827550156974122,CASH_SCARCITY,5
2008-04-22,WLL2,Q0_SKIP,0,78.89,126640.38687566605,75.89687566604985,63.32019343783303,12.576682228216825,5065.615475026642,0.0024827550156974122,CASH_SCARCITY,5
2008-04-22,SVNTQ,Q0_SKIP,0,19.53,126640.38687566605,75.89687566604985,63.32019343783303,12.576682228216825,5065.615475026642,0.0024827550156974122,CASH_SCARCITY,5
2008-04-22,SWC,Q0_SKIP,0,16.72,126640.38687566605,75.89687566604985,63.32019343783303,12.576682228216825,5065.615475026642,0.0024827550156974122,CASH_SCARCITY,5
2008-04-22,BUCY,Q0_SKIP,0,121.08,126640.38687566605,75.89687566604985,63.32019343783303,12.576682228216825,5065.615475026642,0.0024827550156974122,CASH_SCARCITY,5
2008-04-22,ADM,Q0_SKIP,0,47.28,126640.38687566605,75.89687566604985,63.32019343783303,12.576682228216825,5065.615475026642,0.0024827550156974122,CASH_SCARCITY,5
2008-04-22,SYT1,Q0_SKIP,0,64.05,126640.38687566605,75.89687566604985,63.32019343783303,12.576682228216825,5065.615475026642,0.0024827550156974122,CASH_SCARCITY,5
2008-04-22,GILD,Q0_SKIP,0,50.89,126640.38687566605,75.89687566604985,63.32019343783303,12.576682228216825,5065.615475026642,0.0024827550156974122,CASH_SCARCITY,5
2008-04-22,BKNG,Q0_SKIP,0,125.84,126640.38687566605,75.89687566604985,63.32019343783303,12.576682228216825,5065.615475026642,0.0024827550156974122,CASH_SCARCITY,5
2008-04-22,TW2,Q0_SKIP,0,58.05,126640.38687566605,75.89687566604985,63.32019343783303,12.576682228216825,5065.615475026642,0.0024827550156974122,CASH_SCARCITY,5
2008-04-22,QLGC,Q0_SKIP,0,16.1,126640.38687566605,75.89687566604985,63.32019343783303,12.576682228216825,5065.615475026642,0.0024827550156974122,CASH_SCARCITY,5
2008-04-22,WTI,Q0_SKIP,0,42.73,126640.38687566605,75.89687566604985,63.32019343783303,12.576682228216825,5065.615475026642,0.0024827550156974122,CASH_SCARCITY,5
2008-04-22,JOY,Q0_SKIP,0,73.69,126640.38687566605,75.89687566604985,63.32019343783303,12.576682228216825,5065.615475026642,0.0024827550156974122,CASH_SCARCITY,5
2008-04-22,KWKAQ,Q0_SKIP,0,42.24,126640.38687566605,75.89687566604985,63.32019343783303,12.576682228216825,5065.615475026642,0.0024827550156974122,CASH_SCARCITY,5
2008-04-22,FSLR,Q0_SKIP,0,298.03,126640.38687566605,75.89687566604985,63.32019343783303,12.576682228216825,5065.615475026642,0.0024827550156974122,CASH_SCARCITY,5
2008-04-22,ATVI,Q0_SKIP,0,27.23,126640.38687566605,75.89687566604985,63.32019343783303,12.576682228216825,5065.615475026642,0.0024827550156974122,CASH_SCARCITY,5
2008-04-22,AEM,Q0_SKIP,0,68.53,126640.38687566605,75.89687566604985,63.32019343783303,12.576682228216825,5065.615475026642,0.0024827550156974122,CASH_SCARCITY,5
2008-04-22,BVN,Q0_SKIP,0,69.17,126640.38687566605,75.89687566604985,63.32019343783303,12.576682228216825,5065.615475026642,0.0024827550156974122,CASH_SCARCITY,5
2008-04-22,MMR,Q0_SKIP,0,27.68,126640.38687566605,75.89687566604985,63.32019343783303,12.576682228216825,5065.615475026642,0.0024827550156974122,CASH_SCARCITY,5
2008-04-22,APA,Q0_SKIP,0,141.6,126640.38687566605,75.89687566604985,63.32019343783303,12.576682228216825,5065.615475026642,0.0024827550156974122,CASH_SCARCITY,5
2008-04-22,HMY,PLAN,1,12.36,126640.38687566605,75.89687566604985,63.32019343783303,12.576682228216825,5065.615475026642,0.0024827550156974122,,5
2008-05-21,JRCCQ,PLAN,137,36.98,126797.2583243355,6302.498324335508,63.39862916216775,6239.0996951733405,5071.89033297342,1.0,,5
2008-05-30,MMR,PLAN,156,31.92,129484.8843743355,5072.234374335509,64.74244218716775,5007.491932148341,5179.39537497342,0.9668101331565249,,5
2008-06-02,UNTCQ,Q0_SKIP,0,76.15999999999998,131012.08340433553,96.29340433550897,65.50604170216776,30.787362633341203,5240.483336173421,0.005874908984220148,CASH_SCARCITY,5
2008-06-02,CSX,Q0_SKIP,0,68.46,131012.08340433553,96.29340433550897,65.50604170216776,30.787362633341203,5240.483336173421,0.005874908984220148,CASH_SCARCITY,5
2008-06-02,R,Q0_SKIP,0,73.04999999999998,131012.08340433553,96.29340433550897,65.50604170216776,30.787362633341203,5240.483336173421,0.005874908984220148,CASH_SCARCITY,5
2008-06-02,XCOOQ,PLAN,1,27.0,131012.08340433553,96.29340433550897,65.50604170216776,30.787362633341203,5240.483336173421,0.005874908984220148,,5
2008-06-27,UNTCQ,PLAN,65,81.08,132756.20108120254,7759.48108120251,66.37810054060127,7693.102980661909,5310.248043248102,1.0,,5
2008-07-03,PCXCQ,PLAN,36,63.365,120726.18158120252,2404.6315812025114,60.36309079060126,2344.26849041191,4829.0472632481005,0.4854515523700041,,5
2008-07-15,ANRZQ,PLAN,52,94.92,123837.6173712025,18269.427371202513,61.918808685601256,18207.508562516912,4953.5046948481,1.0,,5
2008-08-05,SPSX,PLAN,98,45.02,110889.1522848025,49652.50228480252,55.44457614240125,49597.05770866012,4435.5660913921,1.0,,5
2008-08-06,DRS1,PLAN,56,78.75,111420.2842448025,45242.404244802514,55.71014212240125,45186.694102680114,4456.8113697921,1.0,,5
2008-08-07,IPHS,PLAN,119,36.83,110223.7614448025,40831.89144480251,55.11188072240125,40776.779564080105,4408.9504577921,1.0,,5
2008-08-21,FSYS,PLAN,80,56.08,112933.9650948025,44374.915094802505,56.46698254740125,44318.4481122551,4517.3586037920995,1.0,,5
2008-08-22,BUD1,PLAN,66,67.79,112486.63989480249,39775.119894802505,56.24331994740125,39718.8765748551,4499.4655957920995,1.0,,5
2008-08-25,MYGN,PLAN,68,65.11,111650.01301480253,35303.77301480251,55.82500650740127,35247.948008295105,4466.000520592102,1.0,,5
2008-08-26,SQNM,PLAN,198,22.61,112317.41369480248,30880.033694802507,56.15870684740124,30823.874987955107,4492.696547792099,1.0,,5
2008-08-27,IKN,PLAN,266,17.02,113570.56947480248,26541.47947480251,56.78528473740124,26484.694190065107,4542.822778992099,1.0,,5
2008-08-28,WAB,PLAN,76,59.69,114238.44353480251,22015.78353480251,57.11922176740126,21958.66431303511,4569.5377413921005,1.0,,5
2008-09-04,THOR1,PLAN,158,26.21,103804.03797480249,23556.107974802515,51.90201898740124,23504.205955815112,4152.161518992099,1.0,,5
2008-09-05,OCR,PLAN,136,30.76,105440.7824748025,33099.87247480251,52.72039123740125,33047.15208356511,4217.6312989921,1.0,,5
2008-09-08,UTHR,PLAN,37,109.45,102411.10839480253,28841.538394802512,51.20555419740127,28790.33284060511,4096.444335792102,1.0,,5
2008-09-10,PLCE,PLAN,97,41.03,100044.05055480251,46207.18055480251,50.022025277401255,46157.158529525106,4001.7620221921006,1.0,,5
2008-09-11,VAR,PLAN,63,63.96,101177.26295480247,42245.62295480251,50.588631477401236,42195.034323325104,4047.090518192099,1.0,,5
2008-09-22,GAS1,PLAN,82,47.92,98644.8204248025,41668.520424802504,49.32241021240125,41619.1980145901,3945.7928169921,1.0,,5
2008-10-03,LDG,PLAN,51,73.79999999999998,95623.98164480252,40805.37164480251,47.81199082240126,40757.559653980104,3824.959265792101,1.0,,5
2008-10-06,VRX1,PLAN,200,18.67,93699.9583348025,37088.34833480251,46.84997916740125,37041.49835563511,3747.9983333921004,1.0,,5
2008-10-07,UB,PLAN,49,73.5,91936.33833480252,33304.56833480251,45.968169167401264,33258.600165635115,3677.4535333921012,1.0,,5
2008-10-08,IMCL,PLAN,54,66.85,91668.43458480253,29687.20458480251,45.83421729240126,29641.37036751011,3666.737383392101,1.0,,5
2008-10-10,PB,PLAN,104,33.74,88385.2265248025,32651.216524802516,44.19261326240125,32607.023911540113,3535.4090609921004,1.0,,5
2008-10-13,BWLD,PLAN,96,38.16,91818.7864548025,31737.226454802516,45.909393227401246,31691.317061575115,3672.7514581921,1.0,,5
2008-10-14,FDRY,PLAN,214,17.1,91599.4122148025,27899.152214802518,45.799706107401256,27853.352508695116,3663.9764885921004,1.0,,5
2008-10-16,PHLY,PLAN,63,57.0,90277.8536948025,26978.14369480252,45.13892684740125,26933.004767955117,3611.1141477921,1.0,,5
2008-10-17,ATML,PLAN,929,3.91,90925.26978480251,23410.669784802518,45.462634892401255,23365.207149910115,3637.0107913921006,1.0,,5
2008-11-17,BRL,PLAN,54,64.81,87889.75205480253,51178.91205480252,43.94487602740127,51134.967178775114,3515.5900821921014,1.0,,5
2008-12-12,APOL,PLAN,46,73.98,86518.6779648025,62569.60796480251,43.259338982401246,62526.34862582011,3460.7471185921,1.0,,5
2008-12-15,THOR1,PLAN,121,28.33,86068.73058480251,59068.73058480251,43.034365292401255,59025.696219510115,3442.7492233921007,1.0,,5
2008-12-16,AMGN,PLAN,58,59.38,87256.41258480251,55677.342584802514,43.62820629240126,55633.714378510114,3490.2565033921005,1.0,,5
2008-12-17,CBST,PLAN,143,24.42,87645.53316480253,52252.50116480252,43.822766582401265,52208.678398220116,3505.8213265921013,1.0,,5
2008-12-18,CRI,PLAN,177,19.74,87835.95548480251,48904.495484802515,43.917977742401256,48860.577507060116,3513.4382193921006,1.0,,5
2009-01-20,LCC,PLAN,453,7.63,86564.42039480251,60763.96039480251,43.282210197401255,60720.67818460511,3462.5768157921007,1.0,,5
2009-01-21,JBLU,PLAN,547,6.34,86940.28981480251,57199.81981480251,43.470144907401256,57156.34966989511,3477.6115925921004,1.0,,5
2009-01-22,IDCC,PLAN,112,30.98,87125.1599548025,53706.46995480251,43.56257997740125,53662.90737482511,3485.0063981921,1.0,,5
2009-01-23,SMG,PLAN,104,33.33,86909.23739480252,50300.50739480251,43.45461869740126,50257.052776105105,3476.3694957921007,1.0,,5
2009-01-26,MNST,PLAN,102,33.86,87080.82923480248,46808.85923480251,43.54041461740124,46765.31882018511,3483.2331693920996,1.0,,5
2009-01-27,RGLD,PLAN,73,46.75,86485.63410512649,43313.91410512651,43.24281705256325,43270.67128807395,3459.42536420506,1.0,,5
2009-01-28,FRFHF,PLAN,10,326.93,87512.33310512648,39879.483105126514,43.75616655256324,39835.72693857395,3500.4933242050593,1.0,,5
2009-01-29,ORLY,PLAN,113,30.55,86780.69810512652,36651.258105126515,43.39034905256326,36607.86775607395,3471.227924205061,1.0,,5
2009-01-30,DLTR,PLAN,79,42.71,85173.29666012652,33171.336660126515,42.58664833006326,33128.75001179645,3406.931866405061,1.0,,5
2009-02-02,AVAV,PLAN,91,37.18,85383.80916728449,29781.299167284516,42.69190458364225,29738.607262700873,3415.3523666913798,1.0,,5
2009-02-03,ATHN1,PLAN,91,37.58,86498.05844728451,26327.128447284515,43.24902922364225,26283.87941806087,3459.9223378913803,1.0,,5
2009-02-04,GMCR,PLAN,84,40.72,85658.6423472845,22960.652347284515,42.829321173642256,22917.823026110873,3426.3456938913805,1.0,,5
2009-02-05,FNF,PLAN,189,18.05,85660.49033946851,21998.910339468515,42.830245169734255,21956.08009429878,3426.4196135787406,1.0,,5
2009-02-06,AGP,PLAN,115,29.91,86672.00297946851,18548.102979468516,43.33600148973426,18504.766977978783,3466.8801191787406,1.0,,5
2009-02-09,WTRG,PLAN,170,20.26,86500.76447946853,15106.164479468516,43.250382239734265,15062.914097228782,3460.0305791787414,1.0,,5
2009-02-12,ESINQ,PLAN,27,123.06,84742.30257946852,11690.852579468516,42.371151289734264,11648.481428178782,3389.692103178741,1.0,,5
2009-02-13,ALK,PLAN,118,28.61,84983.89807946852,8376.818079468516,42.49194903973426,8334.32613042878,3399.355923178741,1.0,,5
2009-02-19,MBOT,PLAN,1512,2.14,81020.01265546851,7493.082655468515,40.51000632773426,7452.572649140781,3240.8005062187403,1.0,,5
2009-03-09,NFLX,PLAN,75,38.5,72366.75100146851,22398.411001468514,36.18337550073426,22362.22762596778,2894.6700400587406,1.0,,5
2009-03-20,CVTX,PLAN,151,19.89,75613.01554146851,21307.455541468513,37.80650777073426,21269.649033697777,3024.5206216587408,1.0,,5
2009-03-23,AU,PLAN,82,37.53,77413.76517146852,18304.085171468512,38.70688258573426,18265.378288882777,3096.550606858741,1.0,,5
2009-03-31,PRDO,PLAN,131,23.96,78825.30579146852,15341.745791468513,39.41265289573426,15302.333138572778,3153.012231658741,1.0,,5
2009-04-01,AZO,PLAN,18,166.82,78342.25148146851,12324.421481468513,39.171125740734254,12285.250355727778,3133.690059258741,1.0,,5
2009-04-02,BKNG,PLAN,36,86.09999999999998,78385.24636146851,9342.156361468513,39.19262318073426,9302.963738287779,3135.4098544587405,1.0,,5
2009-04-03,IAG,PLAN,389,7.98,77828.0936066885,6241.083606688513,38.914046803344256,6202.169559885169,3113.12374426754,1.0,,5
2009-04-06,ADM,PLAN,107,28.71,77476.32329668853,3207.7432966885135,38.73816164834427,3169.005135040169,3099.0529318675412,1.0,,5
2009-04-07,VTRS,PLAN,22,14.02,75772.73602668851,357.6260266885138,37.88636801334425,319.7396586751695,3030.9094410675402,0.10549297657753559,,5
2009-04-09,SGP1,Q0_SKIP,0,23.32,78169.38668668851,49.97868668851379,39.084693343344256,10.893993345169534,3126.7754674675402,0.0034840983813886938,CASH_SCARCITY,5
2009-04-09,ALGT,Q0_SKIP,0,48.99,78169.38668668851,49.97868668851379,39.084693343344256,10.893993345169534,3126.7754674675402,0.0034840983813886938,CASH_SCARCITY,5
2009-04-09,SNDA1,Q0_SKIP,0,46.41,78169.38668668851,49.97868668851379,39.084693343344256,10.893993345169534,3126.7754674675402,0.0034840983813886938,CASH_SCARCITY,5
2009-04-09,GVA,Q0_SKIP,0,41.03,78169.38668668851,49.97868668851379,39.084693343344256,10.893993345169534,3126.7754674675402,0.0034840983813886938,CASH_SCARCITY,5
2009-04-09,BR,Q0_SKIP,0,19.82,78169.38668668851,49.97868668851379,39.084693343344256,10.893993345169534,3126.7754674675402,0.0034840983813886938,CASH_SCARCITY,5
2009-04-09,AAP,Q0_SKIP,0,42.29,78169.38668668851,49.97868668851379,39.084693343344256,10.893993345169534,3126.7754674675402,0.0034840983813886938,CASH_SCARCITY,5
2009-04-09,CY,PLAN,1,7.34,78169.38668668851,49.97868668851379,39.084693343344256,10.893993345169534,3126.7754674675402,0.0034840983813886938,,5
2009-05-12,TIVO,PLAN,150,21.09,79275.23140868852,13261.831408688515,39.637615704344256,13222.19379298417,3171.009256347541,1.0,,5
2009-06-02,SNDA1,PLAN,54,60.4,82107.38240868853,10180.632408688516,41.05369120434427,10139.578717484172,3284.2952963475414,1.0,,5
2009-06-09,PALM,PLAN,257,12.7,81717.52104868853,6946.041048688516,40.85876052434427,6905.182288164171,3268.7008419475414,1.0,,5
2009-06-10,STRZA,PLAN,218,14.8,80766.08116868853,3642.8611686885156,40.383040584344265,3602.4781281041714,3230.643246747541,1.0,,5
2009-07-13,STEC1,PLAN,116,26.73,77729.37358546052,6348.813585460515,38.86468679273026,6309.948898667785,3109.1749434184208,1.0,,5
2009-07-20,BIDU,PLAN,9,336.24,84463.08694546054,3209.036945460515,42.23154347273027,3166.805401987785,3378.5234778184217,0.9373341410173218,,5
2009-08-19,ASH,PLAN,102,32.87,84308.3497754605,14528.955775460516,42.15417488773026,14486.801600572786,3372.3339910184204,1.0,,5
2009-08-31,DTGF,PLAN,176,19.84,87596.08499546051,11177.134995460516,43.79804249773026,11133.336952962785,3503.8433998184205,1.0,,5
2009-09-01,JNY,PLAN,219,15.51,85175.14659546051,7715.276595460517,42.58757329773025,7672.689022162786,3407.0058638184205,1.0,,5
2009-09-04,PWRD1,PLAN,101,34.904,88958.63399546054,4339.303995460517,44.479316997730265,4294.824678462787,3558.3453598184215,1.0,,5
2009-09-11,FUQI,PLAN,22,30.35,92272.87968046052,718.3716804605183,46.13643984023026,672.235240620288,3690.915187218421,0.18213239983086785,,5
2009-10-21,VECO,PLAN,149,25.41,95280.76727046052,6249.362270460519,47.640383635230265,6201.7218868252885,3811.230690818421,1.0,,5
2009-10-22,SAN,PLAN,137,17.52,96317.12769046052,2457.994690460518,48.15856384523026,2409.836126615288,3852.6851076184207,0.6254952219816777,,5
2009-11-27,MATV,PLAN,61,61.15,94033.61270046051,8968.60770046052,47.016806350230254,8921.59089411029,3761.3445080184206,1.0,,5
2009-11-30,TUPBQ,PLAN,80,46.55,94316.96968046052,5262.52768046052,47.15848484023026,5215.36919562029,3772.678787218421,1.0,,5
2009-12-02,MCK,PLAN,23,61.98,96303.76188046052,1505.9748804605201,48.15188094023026,1457.8229995202898,3852.1504752184205,0.37844393901503287,,5
2009-12-03,PRGO,PLAN,1,39.4,94699.79188046051,98.5488804605202,47.349895940230255,51.19898452028994,3787.991675218421,0.013516129102194433,,5
2010-02-25,EL,PLAN,66,60.57,100797.04423046051,8346.64423046052,50.39852211523026,8296.24570834529,4031.8817692184207,1.0,,5
2010-03-16,LNCR,PLAN,101,42.75,108253.66135346051,7505.971353460521,54.12683067673026,7451.84452278379,4330.14645413842,1.0,,5
2010-03-31,EW,PLAN,31,98.88,111484.52178566252,3201.881785662521,55.74226089283126,3146.1395247696896,4459.3808714265015,0.7055103870872725,,5
2010-05-18,IPXL,PLAN,98,20.24,111036.83917194953,2042.2431719495212,55.51841958597476,1986.7247523635465,4441.473566877981,0.4473120738980471,,5
2010-06-21,APKT,PLAN,152,29.23,111645.64158194952,24019.391581949516,55.82282079097476,23963.56876115854,4465.82566327798,1.0,,5
2010-06-24,TSN,PLAN,243,17.87,108846.87474194949,19543.079741949517,54.423437370974746,19488.656304578544,4353.87498967798,1.0,,5
2010-06-25,VCI,PLAN,126,34.69,109748.51633194952,15196.327331949518,54.87425816597476,15141.453073783543,4389.940653277981,1.0,,5
2010-07-08,IDC,PLAN,126,33.7,106819.63437194953,21914.499371949518,53.40981718597477,21861.089554763545,4272.785374877982,1.0,,5
2010-07-28,CRUS,PLAN,224,19.17,107595.54947194955,17700.65947194952,53.79777473597478,17646.861697213542,4303.821978877982,1.0,,5
2010-08-12,AZO,PLAN,21,206.5,109249.6069319495,21662.59693194952,54.62480346597475,21607.972128483547,4369.98427727798,1.0,,5
2010-08-13,VMW,PLAN,56,76.37999999999998,108662.15131194952,17327.64631194952,54.331075655974765,17273.315236293547,4346.486052477981,1.0,,5
2010-09-10,VRX1,PLAN,69,64.98,113262.29526694948,20436.19526694952,56.63114763347475,20379.564119316045,4530.49181067798,1.0,,5
2010-09-13,PWER1,PLAN,397,11.52,114626.62824694949,15906.65024694952,57.31331412347475,15849.336932826047,4585.065129877979,1.0,,5
2010-09-17,ISLN,PLAN,179,25.08,112430.1968069495,11328.636806949522,56.215098403474755,11272.421708546048,4497.207872277981,1.0,,5
2010-10-11,BHC,PLAN,174,27.16,118533.82082694954,11102.320826949523,59.26691041347477,11043.053916536048,4741.352833077982,1.0,,5
2010-11-09,ENDPQ,PLAN,135,36.35,122834.32246694952,11169.307466949524,61.417161233474765,11107.89030571605,4913.3728986779815,1.0,,5
2010-11-22,LYB,PLAN,171,29.68,127049.7883169495,6455.308316949525,63.52489415847475,6391.78342279105,5081.99153267798,1.0,,5
2010-12-08,SQM,PLAN,26,53.92,131473.65656694953,1488.4865669495252,65.73682828347476,1422.7497386660505,5258.946262677981,0.2705389383350634,,5
2011-01-14,ALXN,PLAN,67,82.37,138209.25901694954,14499.514016949524,69.10462950847477,14430.40938744105,5528.370360677982,1.0,,5
2011-01-18,ATML,PLAN,400,13.87,139177.6957969495,8955.755796949526,69.58884789847475,8886.166949051052,5567.10783187798,1.0,,5
2011-02-03,FOSL,PLAN,44,74.15,143310.18179694953,3386.191796949527,71.65509089847477,3314.5367060510525,5732.407271877982,0.5782102612128577,,5
2011-03-30,SM,PLAN,81,74.19,151533.70307694952,8056.663076949528,75.76685153847475,7980.896225411053,6061.348123077981,1.0,,5
2011-04-18,JAZZ,PLAN,56,34.21,151077.47167694953,2024.2366769495275,75.53873583847476,1948.6979411110526,6043.098867077982,0.3224666655260774,,5
2011-06-02,DTGF,PLAN,76,83.43,158878.17203694952,7272.352036949526,79.43908601847475,7192.9129509310515,6355.1268814779805,1.0,,5
2011-08-26,DPZ,PLAN,202,26.98,136580.2571432495,70125.45714324953,68.29012857162475,70057.1670146779,5463.210285729981,1.0,,5
2011-09-07,QCOR,PLAN,182,30.76,140207.36734324953,64600.382343249534,70.10368367162476,64530.27865957791,5608.294693729981,1.0,,5
2011-09-08,RGLD,PLAN,67,82.34,140076.93678324955,59029.25678324953,70.03846839162478,58959.218314857906,5603.0774713299825,1.0,,5
2011-09-09,GOLD1,PLAN,49,111.71,138410.85974324954,53521.71474324953,69.20542987162477,53452.50931337791,5536.434389729982,1.0,,5
2011-09-12,VRUS1,PLAN,71,77.09,138084.26738324953,48143.98238324953,69.04213369162477,48074.940249557905,5523.370695329982,1.0,,5
2011-09-13,MNST,PLAN,62,88.40999999999998,139203.5605932495,42636.690593249536,69.60178029662475,42567.08881295291,5568.142423729981,1.0,,5
2011-09-14,PSMT,PLAN,77,72.64,140172.28628924952,37150.906289249535,70.08614314462476,37080.82014610491,5606.891451569981,1.0,,5
2011-09-15,MCD,PLAN,63,88.06999999999998,140987.89412924953,31518.119129249535,70.49394706462476,31447.62518218491,5639.515765169981,1.0,,5
2011-09-21,DMND,PLAN,60,91.91,139507.3787492495,25952.178749249535,69.75368937462476,25882.42505987491,5580.29514996998,1.0,,5
2011-09-22,CEPH,PLAN,66,80.95,134703.9435492495,20641.673549249535,67.35197177462474,20574.32157747491,5388.15774196998,1.0,,5
2011-09-23,CROX,PLAN,194,27.58,134446.39452924952,15292.309529249536,67.22319726462476,15225.086331984912,5377.855781169981,1.0,,5
2011-09-26,CEG1,PLAN,141,38.15,135184.56468924953,9882.064689249537,67.59228234462476,9814.472406904912,5407.382587569981,1.0,,5
2011-10-28,SUG,PLAN,128,42.33,136026.78581524955,36187.44081524954,68.01339290762478,36119.42742234191,5441.071432609982,1.0,,5
2011-10-31,GR,PLAN,44,122.63,135237.19641524952,30767.62641524954,67.61859820762476,30700.007817041915,5409.487856609981,1.0,,5
2011-11-02,BMRN,PLAN,167,32.28,135345.8064152495,25372.23641524954,67.67290320762476,25304.563512041914,5413.8322566099805,1.0,,5
2011-11-03,VFC,PLAN,38,141.04,136872.26394524955,19954.35394524954,68.43613197262478,19885.917813276916,5474.890557809982,1.0,,5
2011-11-17,NLC,PLAN,141,37.96,134230.26326524952,14653.37826524954,67.11513163262477,14586.263133616914,5369.210530609981,1.0,,5
2011-11-25,GNCIQ,PLAN,197,27.35,135206.46116524955,9275.98616524954,67.60323058262478,9208.382934666915,5408.2584466099825,1.0,,5
2011-11-28,CTRA,PLAN,45,80.01999999999998,137887.31743524957,3736.7224352495414,68.94365871762479,3667.7787765319167,5515.492697409983,0.6649956726901781,,5
2012-01-31,DG,PLAN,133,42.61,142731.7336154488,18288.633615448787,71.36586680772439,18217.26774864106,5709.269344617952,1.0,,5
2012-02-22,URI,PLAN,142,41.15,146325.68254544877,12614.972545448789,73.16284127272439,12541.809704176065,5853.0273018179505,1.0,,5
2012-03-01,PAA,PLAN,71,84.15999999999998,150539.85906544878,6857.2190654487895,75.26992953272439,6781.949135916065,6021.594362617951,1.0,,5
2012-04-10,PIRRQ,PLAN,334,17.75,148734.1927654488,28593.42776544879,74.3670963827244,28519.060669066064,5949.367710617952,1.0,,5
2012-04-11,VAL1,PLAN,122,49.03,150156.14828544878,22585.445785448792,75.07807414272439,22510.367711306066,6006.245931417951,1.0,,5
2012-04-25,AAPL,PLAN,10,610.0,154044.40314544877,16600.173145448793,77.02220157272438,16523.15094387607,6161.776125817951,1.0,,5
2012-05-07,HD,PLAN,119,51.39,154190.62861371879,10525.42361371879,77.0953143068594,10448.32829941193,6167.625144548751,1.0,,5
2012-05-08,EC,PLAN,68,63.85,152691.8084337188,4424.148433718791,76.34590421685941,4347.8025295019315,6107.672337348752,0.7118591648924714,,5
2012-05-09,REGN,Q0_SKIP,0,129.4,152047.20351371876,139.94851371879122,76.02360175685938,63.92491196193184,6081.888140548751,0.010510701690768696,CASH_SCARCITY,5
2012-05-09,EQIX,Q0_SKIP,0,158.99,152047.20351371876,139.94851371879122,76.02360175685938,63.92491196193184,6081.888140548751,0.010510701690768696,CASH_SCARCITY,5
2012-05-09,CPWM,PLAN,2,21.93,152047.20351371876,139.94851371879122,76.02360175685938,63.92491196193184,6081.888140548751,0.010510701690768696,,5
2012-07-16,PCYC,PLAN,114,53.29,153050.61747371883,10636.367473718788,76.52530873685942,10559.842164981928,6122.024698948753,1.0,,5
2012-07-17,HAIN,PLAN,77,57.41,153885.5610137188,4557.1810137187895,76.9427805068594,4480.2382332119305,6155.422440548752,0.7278522760190153,,5
2012-08-14,SBAC,PLAN,99,60.62,150626.6193462143,19581.759346214305,75.31330967310716,19506.446036541198,6025.064773848572,1.0,,5
2012-08-24,ELLI,PLAN,239,25.64,153558.1348962143,13581.314896214306,76.77906744810714,13504.535828766198,6142.325395848572,1.0,,5
2012-09-07,DK,PLAN,237,26.2,155582.52818798658,7794.723187986592,77.79126409399329,7716.931923892599,6223.301127519463,1.0,,5
2012-09-12,NSM,PLAN,51,27.95,155694.08268798658,1507.9426879865932,77.8470413439933,1430.0956466425998,6227.7633075194635,0.22963230553670658,,5
2012-11-21,VMED,PLAN,179,33.72,151280.09639310074,16327.24639310075,75.64004819655037,16251.6063449042,6051.203855724029,1.0,,5
2012-12-10,WHR,PLAN,60,99.66,149899.52934310073,10388.589343100752,74.94976467155037,10313.639578429202,5995.98117372403,1.0,,5
2012-12-14,BAX,PLAN,65,65.95,149037.99234310075,4426.313343100752,74.51899617155037,4351.794346929201,5961.51969372403,0.7299807046700757,,5
2013-02-11,CPAY,PLAN,96,66.15,160472.23921084075,18577.94921084075,80.23611960542037,18497.71309123533,6418.88956843363,1.0,,5
2013-02-15,CVI,PLAN,114,56.11,160725.39785084076,12220.237850840751,80.36269892542037,12139.87515191533,6429.015914033631,1.0,,5
2013-03-01,EV1,PLAN,153,38.19,163661.42675084076,5947.696750840752,81.83071337542039,5865.866037465332,6546.457070033631,0.8960367378434817,,5
2013-03-05,THC,Q0_SKIP,0,40.24,167196.9624508408,112.56745084075283,83.5984812254204,28.968969615332426,6687.878498033632,0.0043315633834929675,CASH_SCARCITY,5
2013-03-05,ALK,Q0_SKIP,0,55.85,167196.9624508408,112.56745084075283,83.5984812254204,28.968969615332426,6687.878498033632,0.0043315633834929675,CASH_SCARCITY,5
2013-03-05,MTZ,Q0_SKIP,0,30.42,167196.9624508408,112.56745084075283,83.5984812254204,28.968969615332426,6687.878498033632,0.0043315633834929675,CASH_SCARCITY,5
2013-03-05,CZZ,PLAN,1,21.18,167196.9624508408,112.56745084075283,83.5984812254204,28.968969615332426,6687.878498033632,0.0043315633834929675,,5
2013-06-21,LGF.B,PLAN,237,28.3,168466.78012822082,13894.956128220841,84.23339006411041,13810.722738156732,6738.671205128833,1.0,,5
2013-07-23,NXST,PLAN,201,35.73,180134.12179822082,19437.87179822084,90.06706089911042,19347.80473732173,7205.364871928833,1.0,,5
2013-07-24,CBOE,PLAN,144,49.67,179711.6621282208,12261.03212822084,89.8558310641104,12171.17629715673,7188.466485128833,1.0,,5
2013-08-01,TW2,PLAN,59,86.29999999999998,186071.4691282209,5239.929128220842,93.03573456411046,5146.893393656732,7442.858765128836,0.6915210346017682,,5
2013-09-13,OCR,PLAN,7,55.64,186279.14907822083,505.2590782208425,93.13957453911041,412.1195036817321,7451.165963128833,0.05530939798161176,,5
2014-04-10,GLOG,PLAN,318,24.9,198437.59331987728,20888.03331987724,99.21879665993865,20788.8145232173,7937.503732795091,1.0,,5
2014-04-28,HP,PLAN,75,107.03,202681.67035987717,23026.810359877243,101.3408351799386,22925.469524697306,8107.266814395087,1.0,,5
2014-05-08,TRGP,PLAN,74,109.32,202699.2215098772,22460.311509877243,101.34961075493861,22358.961899122303,8107.968860395089,1.0,,5
2014-05-14,CNQ,PLAN,200,40.74,204025.7893898773,14442.009389877243,102.01289469493865,14339.996495182304,8161.031575595091,1.0,,5
2014-06-09,EXC,PLAN,175,37.08,210233.40438987722,6620.954389877243,105.11670219493861,6515.837687682304,8409.336175595088,0.7748337742272754,,5
2014-10-30,MDVN,PLAN,86,102.74,222042.31695987727,20307.854959877244,111.02115847993863,20196.833801397304,8881.692678395091,1.0,,5
2014-11-12,CNQR,PLAN,70,128.3,226352.0411398773,11377.301139877243,113.17602056993866,11264.125119307304,9054.081645595094,1.0,,5
2014-11-13,PANW,PLAN,21,109.6,226225.12593987724,2437.3659398772434,113.11256296993862,2324.2533769073048,9049.00503759509,0.2568518160008683,,5
2014-12-30,LOW,PLAN,134,68.55,230036.86981625526,23104.859816255244,115.01843490812763,22989.841381347116,9201.474792650211,1.0,,5
2015-01-02,CBRL,PLAN,65,138.77,229016.41865625518,13884.488656255246,114.50820932812759,13769.980446927118,9160.656746250208,1.0,,5
2015-01-21,TPST,PLAN,102,47.45,226002.31800625526,5000.688006255246,113.00115900312763,4887.686847252119,9040.09272025021,0.5406677783628793,,5
2015-05-01,COR,PLAN,37,114.61,236118.29942625525,4408.329426255247,118.05914971312762,4290.27027654212,9444.73197705021,0.454250082158717,,5
2015-08-03,ADPTQ,PLAN,86,113.45,244714.0286362552,11369.778636255249,122.35701431812761,11247.421621937121,9788.561145450209,1.0,,5
2015-08-04,SKX,PLAN,9,153.9,246001.51765625528,1518.9576562552484,123.00075882812764,1395.9568974271208,9840.060706250211,0.14186466314587232,,5
2015-09-22,PRE1,PLAN,64,138.5,229225.91612825525,9067.876128255248,114.61295806412762,8953.26317019112,9169.03664513021,0.9764671597147896,,5
2015-09-30,THOR1,PLAN,140,63.26,222097.70416825524,16505.754168255247,111.04885208412762,16394.70531617112,8883.908166730209,1.0,,5
2015-10-27,UHAL,PLAN,22,401.21,230354.53838825526,27769.538388255252,115.17726919412763,27654.361119061126,9214.18153553021,1.0,,5
2015-10-28,AIZ,PLAN,114,81.4,233033.16148825528,18928.806488255253,116.51658074412764,18812.289907511127,9321.326459530212,1.0,,5
2015-10-30,ACGL,PLAN,124,74.89,233659.53302825527,9681.613028255251,116.82976651412764,9564.783261741124,9346.381321130211,1.0,,5
2015-11-19,VRE,PLAN,13,23.6,233559.71079225524,430.89079225525603,116.77985539612762,314.1109368591284,9342.38843169021,0.033622123416923694,,5
2015-11-20,TYL,Q0_SKIP,0,174.2,235317.76308225523,122.87308225525601,117.65888154112761,5.2142007141283955,9412.710523290209,0.0005539531574063295,CASH_SCARCITY,5
2015-11-20,NVR,Q0_SKIP,0,1668.94,235317.76308225523,122.87308225525601,117.65888154112761,5.2142007141283955,9412.710523290209,0.0005539531574063295,CASH_SCARCITY,5
2015-11-20,ATVI,Q0_SKIP,0,37.51,235317.76308225523,122.87308225525601,117.65888154112761,5.2142007141283955,9412.710523290209,0.0005539531574063295,CASH_SCARCITY,5
2015-11-20,LNCE,Q0_SKIP,0,38.74,235317.76308225523,122.87308225525601,117.65888154112761,5.2142007141283955,9412.710523290209,0.0005539531574063295,CASH_SCARCITY,5
2015-11-20,PNY,Q0_SKIP,0,57.77,235317.76308225523,122.87308225525601,117.65888154112761,5.2142007141283955,9412.710523290209,0.0005539531574063295,CASH_SCARCITY,5
2015-11-20,NKE,Q0_SKIP,0,132.65,235317.76308225523,122.87308225525601,117.65888154112761,5.2142007141283955,9412.710523290209,0.0005539531574063295,CASH_SCARCITY,5
2015-11-20,CASY,Q0_SKIP,0,114.54,235317.76308225523,122.87308225525601,117.65888154112761,5.2142007141283955,9412.710523290209,0.0005539531574063295,CASH_SCARCITY,5
2015-11-20,HPY,Q0_SKIP,0,79.33,235317.76308225523,122.87308225525601,117.65888154112761,5.2142007141283955,9412.710523290209,0.0005539531574063295,CASH_SCARCITY,5
2015-11-20,AFG,Q0_SKIP,0,73.51,235317.76308225523,122.87308225525601,117.65888154112761,5.2142007141283955,9412.710523290209,0.0005539531574063295,CASH_SCARCITY,5
2015-11-20,PSA,Q0_SKIP,0,236.68,235317.76308225523,122.87308225525601,117.65888154112761,5.2142007141283955,9412.710523290209,0.0005539531574063295,CASH_SCARCITY,5
2015-11-20,NVDA,Q0_SKIP,0,31.39,235317.76308225523,122.87308225525601,117.65888154112761,5.2142007141283955,9412.710523290209,0.0005539531574063295,CASH_SCARCITY,5
2015-11-20,THG,Q0_SKIP,0,84.56,235317.76308225523,122.87308225525601,117.65888154112761,5.2142007141283955,9412.710523290209,0.0005539531574063295,CASH_SCARCITY,5
2015-11-20,AMZN,Q0_SKIP,0,668.45,235317.76308225523,122.87308225525601,117.65888154112761,5.2142007141283955,9412.710523290209,0.0005539531574063295,CASH_SCARCITY,5
2015-11-20,MANH,Q0_SKIP,0,73.72,235317.76308225523,122.87308225525601,117.65888154112761,5.2142007141283955,9412.710523290209,0.0005539531574063295,CASH_SCARCITY,5
2015-11-20,BYD,Q0_SKIP,0,20.17,235317.76308225523,122.87308225525601,117.65888154112761,5.2142007141283955,9412.710523290209,0.0005539531574063295,CASH_SCARCITY,5
2015-11-20,JKHY,Q0_SKIP,0,79.17,235317.76308225523,122.87308225525601,117.65888154112761,5.2142007141283955,9412.710523290209,0.0005539531574063295,CASH_SCARCITY,5
2015-11-20,TSS,Q0_SKIP,0,55.09,235317.76308225523,122.87308225525601,117.65888154112761,5.2142007141283955,9412.710523290209,0.0005539531574063295,CASH_SCARCITY,5
2015-11-20,CDW,Q0_SKIP,0,45.1,235317.76308225523,122.87308225525601,117.65888154112761,5.2142007141283955,9412.710523290209,0.0005539531574063295,CASH_SCARCITY,5
2015-11-20,SSNC,Q0_SKIP,0,74.11,235317.76308225523,122.87308225525601,117.65888154112761,5.2142007141283955,9412.710523290209,0.0005539531574063295,CASH_SCARCITY,5
2015-11-20,GPN,Q0_SKIP,0,71.26,235317.76308225523,122.87308225525601,117.65888154112761,5.2142007141283955,9412.710523290209,0.0005539531574063295,CASH_SCARCITY,5
2015-11-20,HA,Q0_SKIP,0,37.73,235317.76308225523,122.87308225525601,117.65888154112761,5.2142007141283955,9412.710523290209,0.0005539531574063295,CASH_SCARCITY,5
2015-11-20,VRSN,Q0_SKIP,0,90.3,235317.76308225523,122.87308225525601,117.65888154112761,5.2142007141283955,9412.710523290209,0.0005539531574063295,CASH_SCARCITY,5
2015-11-20,MSI,Q0_SKIP,0,72.19,235317.76308225523,122.87308225525601,117.65888154112761,5.2142007141283955,9412.710523290209,0.0005539531574063295,CASH_SCARCITY,5
2015-11-20,POST,Q0_SKIP,0,63.38,235317.76308225523,122.87308225525601,117.65888154112761,5.2142007141283955,9412.710523290209,0.0005539531574063295,CASH_SCARCITY,5
2015-11-20,SBUX,Q0_SKIP,0,61.99,235317.76308225523,122.87308225525601,117.65888154112761,5.2142007141283955,9412.710523290209,0.0005539531574063295,CASH_SCARCITY,5
2015-11-20,ATO,Q0_SKIP,0,62.51,235317.76308225523,122.87308225525601,117.65888154112761,5.2142007141283955,9412.710523290209,0.0005539531574063295,CASH_SCARCITY,5
2015-11-20,POOL,Q0_SKIP,0,81.95999999999998,235317.76308225523,122.87308225525601,117.65888154112761,5.2142007141283955,9412.710523290209,0.0005539531574063295,CASH_SCARCITY,5
2015-11-20,RYAAY,Q0_SKIP,0,80.48999999999998,235317.76308225523,122.87308225525601,117.65888154112761,5.2142007141283955,9412.710523290209,0.0005539531574063295,CASH_SCARCITY,5
2015-11-20,META,Q0_SKIP,0,107.32,235317.76308225523,122.87308225525601,117.65888154112761,5.2142007141283955,9412.710523290209,0.0005539531574063295,CASH_SCARCITY,5
2015-11-20,COR2,Q0_SKIP,0,59.57,235317.76308225523,122.87308225525601,117.65888154112761,5.2142007141283955,9412.710523290209,0.0005539531574063295,CASH_SCARCITY,5
2015-11-20,CINF,Q0_SKIP,0,61.02,235317.76308225523,122.87308225525601,117.65888154112761,5.2142007141283955,9412.710523290209,0.0005539531574063295,CASH_SCARCITY,5
2015-11-20,CB1,Q0_SKIP,0,131.38,235317.76308225523,122.87308225525601,117.65888154112761,5.2142007141283955,9412.710523290209,0.0005539531574063295,CASH_SCARCITY,5
2015-11-20,FLTX,Q0_SKIP,0,58.39,235317.76308225523,122.87308225525601,117.65888154112761,5.2142007141283955,9412.710523290209,0.0005539531574063295,CASH_SCARCITY,5
2015-11-20,CUBE,Q0_SKIP,0,28.92,235317.76308225523,122.87308225525601,117.65888154112761,5.2142007141283955,9412.710523290209,0.0005539531574063295,CASH_SCARCITY,5
2015-11-20,FISV,Q0_SKIP,0,96.79,235317.76308225523,122.87308225525601,117.65888154112761,5.2142007141283955,9412.710523290209,0.0005539531574063295,CASH_SCARCITY,5
2015-11-20,SGI,Q0_SKIP,0,79.83,235317.76308225523,122.87308225525601,117.65888154112761,5.2142007141283955,9412.710523290209,0.0005539531574063295,CASH_SCARCITY,5
2015-11-20,LUV,Q0_SKIP,0,47.32,235317.76308225523,122.87308225525601,117.65888154112761,5.2142007141283955,9412.710523290209,0.0005539531574063295,CASH_SCARCITY,5
2015-11-20,DY,Q0_SKIP,0,83.37999999999998,235317.76308225523,122.87308225525601,117.65888154112761,5.2142007141283955,9412.710523290209,0.0005539531574063295,CASH_SCARCITY,5
2015-11-20,EXR,Q0_SKIP,0,82.94,235317.76308225523,122.87308225525601,117.65888154112761,5.2142007141283955,9412.710523290209,0.0005539531574063295,CASH_SCARCITY,5
2015-11-20,BEE,Q0_SKIP,0,14.09,235317.76308225523,122.87308225525601,117.65888154112761,5.2142007141283955,9412.710523290209,0.0005539531574063295,CASH_SCARCITY,5
2015-11-20,WP,Q0_SKIP,0,51.99,235317.76308225523,122.87308225525601,117.65888154112761,5.2142007141283955,9412.710523290209,0.0005539531574063295,CASH_SCARCITY,5
2015-11-20,WR1,Q0_SKIP,0,42.73,235317.76308225523,122.87308225525601,117.65888154112761,5.2142007141283955,9412.710523290209,0.0005539531574063295,CASH_SCARCITY,5
2015-11-20,WGHTQ,Q0_SKIP,0,25.97,235317.76308225523,122.87308225525601,117.65888154112761,5.2142007141283955,9412.710523290209,0.0005539531574063295,CASH_SCARCITY,5
2015-11-20,TTWO,Q0_SKIP,0,35.6,235317.76308225523,122.87308225525601,117.65888154112761,5.2142007141283955,9412.710523290209,0.0005539531574063295,CASH_SCARCITY,5
2015-11-20,JBLU,Q0_SKIP,0,25.85,235317.76308225523,122.87308225525601,117.65888154112761,5.2142007141283955,9412.710523290209,0.0005539531574063295,CASH_SCARCITY,5
2015-11-20,LXFT,Q0_SKIP,0,75.78,235317.76308225523,122.87308225525601,117.65888154112761,5.2142007141283955,9412.710523290209,0.0005539531574063295,CASH_SCARCITY,5
2015-11-20,GOOGL,Q0_SKIP,0,777.0,235317.76308225523,122.87308225525601,117.65888154112761,5.2142007141283955,9412.710523290209,0.0005539531574063295,CASH_SCARCITY,5
2015-11-20,TREE,Q0_SKIP,0,100.92,235317.76308225523,122.87308225525601,117.65888154112761,5.2142007141283955,9412.710523290209,0.0005539531574063295,CASH_SCARCITY,5
2015-11-20,TECD,Q0_SKIP,0,76.39,235317.76308225523,122.87308225525601,117.65888154112761,5.2142007141283955,9412.710523290209,0.0005539531574063295,CASH_SCARCITY,5
2015-11-20,XRAY,Q0_SKIP,0,61.26,235317.76308225523,122.87308225525601,117.65888154112761,5.2142007141283955,9412.710523290209,0.0005539531574063295,CASH_SCARCITY,5
2015-11-20,VA,Q0_SKIP,0,36.65,235317.76308225523,122.87308225525601,117.65888154112761,5.2142007141283955,9412.710523290209,0.0005539531574063295,CASH_SCARCITY,5
2015-11-20,CYT1,Q0_SKIP,0,74.54,235317.76308225523,122.87308225525601,117.65888154112761,5.2142007141283955,9412.710523290209,0.0005539531574063295,CASH_SCARCITY,5
2015-11-20,ALK,Q0_SKIP,0,81.86,235317.76308225523,122.87308225525601,117.65888154112761,5.2142007141283955,9412.710523290209,0.0005539531574063295,CASH_SCARCITY,5
2015-11-20,INGR,Q0_SKIP,0,96.06,235317.76308225523,122.87308225525601,117.65888154112761,5.2142007141283955,9412.710523290209,0.0005539531574063295,CASH_SCARCITY,5
2015-11-20,GOOG,Q0_SKIP,0,756.6,235317.76308225523,122.87308225525601,117.65888154112761,5.2142007141283955,9412.710523290209,0.0005539531574063295,CASH_SCARCITY,5
2015-11-20,FNFG,Q0_SKIP,0,10.69,235317.76308225523,122.87308225525601,117.65888154112761,5.2142007141283955,9412.710523290209,0.0005539531574063295,CASH_SCARCITY,5
2015-11-20,DHI,Q0_SKIP,0,32.23,235317.76308225523,122.87308225525601,117.65888154112761,5.2142007141283955,9412.710523290209,0.0005539531574063295,CASH_SCARCITY,5
2015-11-20,GAS,Q0_SKIP,0,62.25,235317.76308225523,122.87308225525601,117.65888154112761,5.2142007141283955,9412.710523290209,0.0005539531574063295,CASH_SCARCITY,5
2015-11-20,NDAQ,Q0_SKIP,0,59.97,235317.76308225523,122.87308225525601,117.65888154112761,5.2142007141283955,9412.710523290209,0.0005539531574063295,CASH_SCARCITY,5
2015-11-20,PMCS,Q0_SKIP,0,11.87,235317.76308225523,122.87308225525601,117.65888154112761,5.2142007141283955,9412.710523290209,0.0005539531574063295,CASH_SCARCITY,5
2015-11-20,AYI,Q0_SKIP,0,226.36,235317.76308225523,122.87308225525601,117.65888154112761,5.2142007141283955,9412.710523290209,0.0005539531574063295,CASH_SCARCITY,5
2015-11-20,PBY1,Q0_SKIP,0,15.16,235317.76308225523,122.87308225525601,117.65888154112761,5.2142007141283955,9412.710523290209,0.0005539531574063295,CASH_SCARCITY,5
2015-11-20,EW,Q0_SKIP,0,157.68,235317.76308225523,122.87308225525601,117.65888154112761,5.2142007141283955,9412.710523290209,0.0005539531574063295,CASH_SCARCITY,5
2015-11-20,TAP,Q0_SKIP,0,92.5,235317.76308225523,122.87308225525601,117.65888154112761,5.2142007141283955,9412.710523290209,0.0005539531574063295,CASH_SCARCITY,5
2015-11-20,MYGN,Q0_SKIP,0,44.12,235317.76308225523,122.87308225525601,117.65888154112761,5.2142007141283955,9412.710523290209,0.0005539531574063295,CASH_SCARCITY,5
2015-11-20,ITCI,Q0_SKIP,0,52.21,235317.76308225523,122.87308225525601,117.65888154112761,5.2142007141283955,9412.710523290209,0.0005539531574063295,CASH_SCARCITY,5
2015-11-20,KITE,Q0_SKIP,0,82.93,235317.76308225523,122.87308225525601,117.65888154112761,5.2142007141283955,9412.710523290209,0.0005539531574063295,CASH_SCARCITY,5
2015-11-20,GWRE,Q0_SKIP,0,59.07,235317.76308225523,122.87308225525601,117.65888154112761,5.2142007141283955,9412.710523290209,0.0005539531574063295,CASH_SCARCITY,5
2015-11-20,HELE,Q0_SKIP,0,102.23,235317.76308225523,122.87308225525601,117.65888154112761,5.2142007141283955,9412.710523290209,0.0005539531574063295,CASH_SCARCITY,5
2015-11-20,DMND,Q0_SKIP,0,41.88,235317.76308225523,122.87308225525601,117.65888154112761,5.2142007141283955,9412.710523290209,0.0005539531574063295,CASH_SCARCITY,5
2015-11-20,MXIM,Q0_SKIP,0,39.99,235317.76308225523,122.87308225525601,117.65888154112761,5.2142007141283955,9412.710523290209,0.0005539531574063295,CASH_SCARCITY,5
2015-11-20,ANDV,Q0_SKIP,0,114.44,235317.76308225523,122.87308225525601,117.65888154112761,5.2142007141283955,9412.710523290209,0.0005539531574063295,CASH_SCARCITY,5
2015-11-20,ANAC1,Q0_SKIP,0,105.78,235317.76308225523,122.87308225525601,117.65888154112761,5.2142007141283955,9412.710523290209,0.0005539531574063295,CASH_SCARCITY,5
2015-11-20,MDCO,Q0_SKIP,0,41.11,235317.76308225523,122.87308225525601,117.65888154112761,5.2142007141283955,9412.710523290209,0.0005539531574063295,CASH_SCARCITY,5
2015-11-20,SWI1,Q0_SKIP,0,58.0,235317.76308225523,122.87308225525601,117.65888154112761,5.2142007141283955,9412.710523290209,0.0005539531574063295,CASH_SCARCITY,5
2015-11-20,PTLA,Q0_SKIP,0,49.3,235317.76308225523,122.87308225525601,117.65888154112761,5.2142007141283955,9412.710523290209,0.0005539531574063295,CASH_SCARCITY,5
2015-11-20,XXII,PLAN,3,1.43,235317.76308225523,122.87308225525601,117.65888154112761,5.2142007141283955,9412.710523290209,0.0005539531574063295,,5
2015-11-24,TYL,Q0_SKIP,0,174.81,236628.83373225524,118.51873225525601,118.31441686612762,0.20431538912839642,9465.153349290209,2.1586062220927253e-05,CASH_SCARCITY,5
2015-11-24,AMZN,Q0_SKIP,0,671.15,236628.83373225524,118.51873225525601,118.31441686612762,0.20431538912839642,9465.153349290209,2.1586062220927253e-05,CASH_SCARCITY,5
2015-11-24,ATVI,Q0_SKIP,0,36.84,236628.83373225524,118.51873225525601,118.31441686612762,0.20431538912839642,9465.153349290209,2.1586062220927253e-05,CASH_SCARCITY,5
2015-11-24,VRSN,Q0_SKIP,0,88.54,236628.83373225524,118.51873225525601,118.31441686612762,0.20431538912839642,9465.153349290209,2.1586062220927253e-05,CASH_SCARCITY,5
2015-11-24,NKE,Q0_SKIP,0,132.51,236628.83373225524,118.51873225525601,118.31441686612762,0.20431538912839642,9465.153349290209,2.1586062220927253e-05,CASH_SCARCITY,5
2015-11-24,LNCE,Q0_SKIP,0,38.04,236628.83373225524,118.51873225525601,118.31441686612762,0.20431538912839642,9465.153349290209,2.1586062220927253e-05,CASH_SCARCITY,5
2015-11-24,POST,Q0_SKIP,0,66.11,236628.83373225524,118.51873225525601,118.31441686612762,0.20431538912839642,9465.153349290209,2.1586062220927253e-05,CASH_SCARCITY,5
2015-11-24,BYD,Q0_SKIP,0,20.17,236628.83373225524,118.51873225525601,118.31441686612762,0.20431538912839642,9465.153349290209,2.1586062220927253e-05,CASH_SCARCITY,5
2015-11-24,AFG,Q0_SKIP,0,73.79999999999998,236628.83373225524,118.51873225525601,118.31441686612762,0.20431538912839642,9465.153349290209,2.1586062220927253e-05,CASH_SCARCITY,5
2015-11-24,MANH,Q0_SKIP,0,73.87999999999998,236628.83373225524,118.51873225525601,118.31441686612762,0.20431538912839642,9465.153349290209,2.1586062220927253e-05,CASH_SCARCITY,5
2015-11-24,TSS,Q0_SKIP,0,55.35,236628.83373225524,118.51873225525601,118.31441686612762,0.20431538912839642,9465.153349290209,2.1586062220927253e-05,CASH_SCARCITY,5
2015-11-24,PSA,Q0_SKIP,0,237.83,236628.83373225524,118.51873225525601,118.31441686612762,0.20431538912839642,9465.153349290209,2.1586062220927253e-05,CASH_SCARCITY,5
2015-11-24,JKHY,Q0_SKIP,0,78.64,236628.83373225524,118.51873225525601,118.31441686612762,0.20431538912839642,9465.153349290209,2.1586062220927253e-05,CASH_SCARCITY,5
2015-11-24,META,Q0_SKIP,0,105.74,236628.83373225524,118.51873225525601,118.31441686612762,0.20431538912839642,9465.153349290209,2.1586062220927253e-05,CASH_SCARCITY,5
2015-11-24,HPY,Q0_SKIP,0,78.09,236628.83373225524,118.51873225525601,118.31441686612762,0.20431538912839642,9465.153349290209,2.1586062220927253e-05,CASH_SCARCITY,5
2015-11-24,CASY,Q0_SKIP,0,116.08,236628.83373225524,118.51873225525601,118.31441686612762,0.20431538912839642,9465.153349290209,2.1586062220927253e-05,CASH_SCARCITY,5
2015-11-24,THG,Q0_SKIP,0,84.73999999999998,236628.83373225524,118.51873225525601,118.31441686612762,0.20431538912839642,9465.153349290209,2.1586062220927253e-05,CASH_SCARCITY,5
2015-11-24,PNY,Q0_SKIP,0,58.03,236628.83373225524,118.51873225525601,118.31441686612762,0.20431538912839642,9465.153349290209,2.1586062220927253e-05,CASH_SCARCITY,5
2015-11-24,LMT,Q0_SKIP,0,226.43,236628.83373225524,118.51873225525601,118.31441686612762,0.20431538912839642,9465.153349290209,2.1586062220927253e-05,CASH_SCARCITY,5
2015-11-24,HA,Q0_SKIP,0,36.8,236628.83373225524,118.51873225525601,118.31441686612762,0.20431538912839642,9465.153349290209,2.1586062220927253e-05,CASH_SCARCITY,5
2015-11-24,POOL,Q0_SKIP,0,82.0,236628.83373225524,118.51873225525601,118.31441686612762,0.20431538912839642,9465.153349290209,2.1586062220927253e-05,CASH_SCARCITY,5
2015-11-24,GPN,Q0_SKIP,0,72.25,236628.83373225524,118.51873225525601,118.31441686612762,0.20431538912839642,9465.153349290209,2.1586062220927253e-05,CASH_SCARCITY,5
2015-11-24,PBY1,Q0_SKIP,0,15.41,236628.83373225524,118.51873225525601,118.31441686612762,0.20431538912839642,9465.153349290209,2.1586062220927253e-05,CASH_SCARCITY,5
2015-11-24,ATO,Q0_SKIP,0,62.66,236628.83373225524,118.51873225525601,118.31441686612762,0.20431538912839642,9465.153349290209,2.1586062220927253e-05,CASH_SCARCITY,5
2015-11-24,GOOGL,Q0_SKIP,0,769.63,236628.83373225524,118.51873225525601,118.31441686612762,0.20431538912839642,9465.153349290209,2.1586062220927253e-05,CASH_SCARCITY,5
2015-11-24,CB1,Q0_SKIP,0,130.84,236628.83373225524,118.51873225525601,118.31441686612762,0.20431538912839642,9465.153349290209,2.1586062220927253e-05,CASH_SCARCITY,5
2015-11-24,LUV,Q0_SKIP,0,46.23,236628.83373225524,118.51873225525601,118.31441686612762,0.20431538912839642,9465.153349290209,2.1586062220927253e-05,CASH_SCARCITY,5
2015-11-24,HRL,Q0_SKIP,0,71.32,236628.83373225524,118.51873225525601,118.31441686612762,0.20431538912839642,9465.153349290209,2.1586062220927253e-05,CASH_SCARCITY,5
2015-11-24,MSI,Q0_SKIP,0,71.96,236628.83373225524,118.51873225525601,118.31441686612762,0.20431538912839642,9465.153349290209,2.1586062220927253e-05,CASH_SCARCITY,5
2015-11-24,FLTX,Q0_SKIP,0,58.58,236628.83373225524,118.51873225525601,118.31441686612762,0.20431538912839642,9465.153349290209,2.1586062220927253e-05,CASH_SCARCITY,5
2015-11-24,GOOG,Q0_SKIP,0,748.2799999999999,236628.83373225524,118.51873225525601,118.31441686612762,0.20431538912839642,9465.153349290209,2.1586062220927253e-05,CASH_SCARCITY,5
2015-11-24,WGHTQ,Q0_SKIP,0,25.15,236628.83373225524,118.51873225525601,118.31441686612762,0.20431538912839642,9465.153349290209,2.1586062220927253e-05,CASH_SCARCITY,5
2015-11-24,CINF,Q0_SKIP,0,61.28,236628.83373225524,118.51873225525601,118.31441686612762,0.20431538912839642,9465.153349290209,2.1586062220927253e-05,CASH_SCARCITY,5
2015-11-24,NVDA,Q0_SKIP,0,31.17,236628.83373225524,118.51873225525601,118.31441686612762,0.20431538912839642,9465.153349290209,2.1586062220927253e-05,CASH_SCARCITY,5
2015-11-24,CUBE,Q0_SKIP,0,28.79,236628.83373225524,118.51873225525601,118.31441686612762,0.20431538912839642,9465.153349290209,2.1586062220927253e-05,CASH_SCARCITY,5
2015-11-24,COR2,Q0_SKIP,0,58.73,236628.83373225524,118.51873225525601,118.31441686612762,0.20431538912839642,9465.153349290209,2.1586062220927253e-05,CASH_SCARCITY,5
2015-11-24,SGI,Q0_SKIP,0,81.0,236628.83373225524,118.51873225525601,118.31441686612762,0.20431538912839642,9465.153349290209,2.1586062220927253e-05,CASH_SCARCITY,5
2015-11-24,WP,Q0_SKIP,0,52.09,236628.83373225524,118.51873225525601,118.31441686612762,0.20431538912839642,9465.153349290209,2.1586062220927253e-05,CASH_SCARCITY,5
2015-11-24,TTWO,Q0_SKIP,0,34.71,236628.83373225524,118.51873225525601,118.31441686612762,0.20431538912839642,9465.153349290209,2.1586062220927253e-05,CASH_SCARCITY,5
2015-11-24,BEE,Q0_SKIP,0,14.12,236628.83373225524,118.51873225525601,118.31441686612762,0.20431538912839642,9465.153349290209,2.1586062220927253e-05,CASH_SCARCITY,5
2015-11-24,STZ,Q0_SKIP,0,141.34,236628.83373225524,118.51873225525601,118.31441686612762,0.20431538912839642,9465.153349290209,2.1586062220927253e-05,CASH_SCARCITY,5
2015-11-24,DMND,Q0_SKIP,0,41.23,236628.83373225524,118.51873225525601,118.31441686612762,0.20431538912839642,9465.153349290209,2.1586062220927253e-05,CASH_SCARCITY,5
2015-11-24,ALK,Q0_SKIP,0,79.59999999999998,236628.83373225524,118.51873225525601,118.31441686612762,0.20431538912839642,9465.153349290209,2.1586062220927253e-05,CASH_SCARCITY,5
2015-11-24,MXL,Q0_SKIP,0,16.92,236628.83373225524,118.51873225525601,118.31441686612762,0.20431538912839642,9465.153349290209,2.1586062220927253e-05,CASH_SCARCITY,5
2015-11-24,ORI,Q0_SKIP,0,18.92,236628.83373225524,118.51873225525601,118.31441686612762,0.20431538912839642,9465.153349290209,2.1586062220927253e-05,CASH_SCARCITY,5
2015-11-24,EXR,Q0_SKIP,0,82.43,236628.83373225524,118.51873225525601,118.31441686612762,0.20431538912839642,9465.153349290209,2.1586062220927253e-05,CASH_SCARCITY,5
2015-11-24,DY,Q0_SKIP,0,88.56,236628.83373225524,118.51873225525601,118.31441686612762,0.20431538912839642,9465.153349290209,2.1586062220927253e-05,CASH_SCARCITY,5
2015-11-24,ULTI1,Q0_SKIP,0,197.74,236628.83373225524,118.51873225525601,118.31441686612762,0.20431538912839642,9465.153349290209,2.1586062220927253e-05,CASH_SCARCITY,5
2015-11-24,CHE,Q0_SKIP,0,153.07,236628.83373225524,118.51873225525601,118.31441686612762,0.20431538912839642,9465.153349290209,2.1586062220927253e-05,CASH_SCARCITY,5
2015-11-24,MYGN,Q0_SKIP,0,44.1,236628.83373225524,118.51873225525601,118.31441686612762,0.20431538912839642,9465.153349290209,2.1586062220927253e-05,CASH_SCARCITY,5
2015-11-24,DHI,Q0_SKIP,0,32.74,236628.83373225524,118.51873225525601,118.31441686612762,0.20431538912839642,9465.153349290209,2.1586062220927253e-05,CASH_SCARCITY,5
2015-11-24,FNFG,Q0_SKIP,0,10.7,236628.83373225524,118.51873225525601,118.31441686612762,0.20431538912839642,9465.153349290209,2.1586062220927253e-05,CASH_SCARCITY,5
2015-11-24,AYI,Q0_SKIP,0,226.16,236628.83373225524,118.51873225525601,118.31441686612762,0.20431538912839642,9465.153349290209,2.1586062220927253e-05,CASH_SCARCITY,5
2015-11-24,CYT1,Q0_SKIP,0,74.56999999999998,236628.83373225524,118.51873225525601,118.31441686612762,0.20431538912839642,9465.153349290209,2.1586062220927253e-05,CASH_SCARCITY,5
2015-11-24,GAS,Q0_SKIP,0,62.73,236628.83373225524,118.51873225525601,118.31441686612762,0.20431538912839642,9465.153349290209,2.1586062220927253e-05,CASH_SCARCITY,5
2015-11-24,TAP,Q0_SKIP,0,92.11000000000001,236628.83373225524,118.51873225525601,118.31441686612762,0.20431538912839642,9465.153349290209,2.1586062220927253e-05,CASH_SCARCITY,5
2015-11-24,KITE,Q0_SKIP,0,84.84999999999998,236628.83373225524,118.51873225525601,118.31441686612762,0.20431538912839642,9465.153349290209,2.1586062220927253e-05,CASH_SCARCITY,5
2015-11-24,MSFT,Q0_SKIP,0,54.25,236628.83373225524,118.51873225525601,118.31441686612762,0.20431538912839642,9465.153349290209,2.1586062220927253e-05,CASH_SCARCITY,5
2015-11-24,ITCI,Q0_SKIP,0,57.46,236628.83373225524,118.51873225525601,118.31441686612762,0.20431538912839642,9465.153349290209,2.1586062220927253e-05,CASH_SCARCITY,5
2015-11-24,CAM2,Q0_SKIP,0,68.72,236628.83373225524,118.51873225525601,118.31441686612762,0.20431538912839642,9465.153349290209,2.1586062220927253e-05,CASH_SCARCITY,5
2015-11-24,GWRE,Q0_SKIP,0,59.0,236628.83373225524,118.51873225525601,118.31441686612762,0.20431538912839642,9465.153349290209,2.1586062220927253e-05,CASH_SCARCITY,5
2015-11-24,ACORQ,Q0_SKIP,0,37.38,236628.83373225524,118.51873225525601,118.31441686612762,0.20431538912839642,9465.153349290209,2.1586062220927253e-05,CASH_SCARCITY,5
2015-11-24,ANDV,Q0_SKIP,0,118.24,236628.83373225524,118.51873225525601,118.31441686612762,0.20431538912839642,9465.153349290209,2.1586062220927253e-05,CASH_SCARCITY,5
2015-11-24,ATHN1,Q0_SKIP,0,164.53,236628.83373225524,118.51873225525601,118.31441686612762,0.20431538912839642,9465.153349290209,2.1586062220927253e-05,CASH_SCARCITY,5
2015-11-24,ANAC1,Q0_SKIP,0,113.19,236628.83373225524,118.51873225525601,118.31441686612762,0.20431538912839642,9465.153349290209,2.1586062220927253e-05,CASH_SCARCITY,5
2015-11-24,SWI1,Q0_SKIP,0,58.27,236628.83373225524,118.51873225525601,118.31441686612762,0.20431538912839642,9465.153349290209,2.1586062220927253e-05,CASH_SCARCITY,5
2015-11-24,MDCO,Q0_SKIP,0,41.97,236628.83373225524,118.51873225525601,118.31441686612762,0.20431538912839642,9465.153349290209,2.1586062220927253e-05,CASH_SCARCITY,5
2015-11-24,GGAL,Q0_SKIP,0,25.84,236628.83373225524,118.51873225525601,118.31441686612762,0.20431538912839642,9465.153349290209,2.1586062220927253e-05,CASH_SCARCITY,5
2015-11-24,DXCM,Q0_SKIP,0,86.86,236628.83373225524,118.51873225525601,118.31441686612762,0.20431538912839642,9465.153349290209,2.1586062220927253e-05,CASH_SCARCITY,5
2015-11-24,PBF,Q0_SKIP,0,40.94,236628.83373225524,118.51873225525601,118.31441686612762,0.20431538912839642,9465.153349290209,2.1586062220927253e-05,CASH_SCARCITY,5
2015-11-24,NFLX,Q0_SKIP,0,123.31,236628.83373225524,118.51873225525601,118.31441686612762,0.20431538912839642,9465.153349290209,2.1586062220927253e-05,CASH_SCARCITY,5
2015-11-24,PTLA,Q0_SKIP,0,49.81,236628.83373225524,118.51873225525601,118.31441686612762,0.20431538912839642,9465.153349290209,2.1586062220927253e-05,CASH_SCARCITY,5
2015-11-24,TCRT,Q0_SKIP,0,12.61,236628.83373225524,118.51873225525601,118.31441686612762,0.20431538912839642,9465.153349290209,2.1586062220927253e-05,CASH_SCARCITY,5
2015-11-24,NHTC,Q0_SKIP,0,46.34,236628.83373225524,118.51873225525601,118.31441686612762,0.20431538912839642,9465.153349290209,2.1586062220927253e-05,CASH_SCARCITY,5
2015-11-25,TYL,Q0_SKIP,0,173.45,237211.22373225522,118.64373225525601,118.60561186612762,0.03812038912839455,9488.448949290208,4.017557488281178e-06,CASH_SCARCITY,5
2015-11-25,ATVI,Q0_SKIP,0,37.23,237211.22373225522,118.64373225525601,118.60561186612762,0.03812038912839455,9488.448949290208,4.017557488281178e-06,CASH_SCARCITY,5
2015-11-25,AMZN,Q0_SKIP,0,675.34,237211.22373225522,118.64373225525601,118.60561186612762,0.03812038912839455,9488.448949290208,4.017557488281178e-06,CASH_SCARCITY,5
2015-11-25,VRSN,Q0_SKIP,0,89.39,237211.22373225522,118.64373225525601,118.60561186612762,0.03812038912839455,9488.448949290208,4.017557488281178e-06,CASH_SCARCITY,5
2015-11-25,NVR,Q0_SKIP,0,1675.57,237211.22373225522,118.64373225525601,118.60561186612762,0.03812038912839455,9488.448949290208,4.017557488281178e-06,CASH_SCARCITY,5
2015-11-25,PSA,Q0_SKIP,0,239.34,237211.22373225522,118.64373225525601,118.60561186612762,0.03812038912839455,9488.448949290208,4.017557488281178e-06,CASH_SCARCITY,5
2015-11-25,NKE,Q0_SKIP,0,134.13,237211.22373225522,118.64373225525601,118.60561186612762,0.03812038912839455,9488.448949290208,4.017557488281178e-06,CASH_SCARCITY,5
2015-11-25,CASY,Q0_SKIP,0,117.79,237211.22373225522,118.64373225525601,118.60561186612762,0.03812038912839455,9488.448949290208,4.017557488281178e-06,CASH_SCARCITY,5
2015-11-25,LMT,Q0_SKIP,0,225.8,237211.22373225522,118.64373225525601,118.60561186612762,0.03812038912839455,9488.448949290208,4.017557488281178e-06,CASH_SCARCITY,5
2015-11-25,LNCE,Q0_SKIP,0,38.16,237211.22373225522,118.64373225525601,118.60561186612762,0.03812038912839455,9488.448949290208,4.017557488281178e-06,CASH_SCARCITY,5
2015-11-25,TSS,Q0_SKIP,0,55.63,237211.22373225522,118.64373225525601,118.60561186612762,0.03812038912839455,9488.448949290208,4.017557488281178e-06,CASH_SCARCITY,5
2015-11-25,META,Q0_SKIP,0,105.41,237211.22373225522,118.64373225525601,118.60561186612762,0.03812038912839455,9488.448949290208,4.017557488281178e-06,CASH_SCARCITY,5
2015-11-25,BYD,Q0_SKIP,0,20.22,237211.22373225522,118.64373225525601,118.60561186612762,0.03812038912839455,9488.448949290208,4.017557488281178e-06,CASH_SCARCITY,5
2015-11-25,POOL,Q0_SKIP,0,82.25,237211.22373225522,118.64373225525601,118.60561186612762,0.03812038912839455,9488.448949290208,4.017557488281178e-06,CASH_SCARCITY,5
2015-11-25,POST,Q0_SKIP,0,69.1,237211.22373225522,118.64373225525601,118.60561186612762,0.03812038912839455,9488.448949290208,4.017557488281178e-06,CASH_SCARCITY,5
2015-11-25,HA,Q0_SKIP,0,36.6,237211.22373225522,118.64373225525601,118.60561186612762,0.03812038912839455,9488.448949290208,4.017557488281178e-06,CASH_SCARCITY,5
2015-11-25,HPY,Q0_SKIP,0,78.81,237211.22373225522,118.64373225525601,118.60561186612762,0.03812038912839455,9488.448949290208,4.017557488281178e-06,CASH_SCARCITY,5
2015-11-25,PNY,Q0_SKIP,0,57.83,237211.22373225522,118.64373225525601,118.60561186612762,0.03812038912839455,9488.448949290208,4.017557488281178e-06,CASH_SCARCITY,5
2015-11-25,MANH,Q0_SKIP,0,74.86,237211.22373225522,118.64373225525601,118.60561186612762,0.03812038912839455,9488.448949290208,4.017557488281178e-06,CASH_SCARCITY,5
2015-11-25,CUBE,Q0_SKIP,0,28.96,237211.22373225522,118.64373225525601,118.60561186612762,0.03812038912839455,9488.448949290208,4.017557488281178e-06,CASH_SCARCITY,5
2015-11-25,FLTX,Q0_SKIP,0,59.54,237211.22373225522,118.64373225525601,118.60561186612762,0.03812038912839455,9488.448949290208,4.017557488281178e-06,CASH_SCARCITY,5
2015-11-25,PBY1,Q0_SKIP,0,15.52,237211.22373225522,118.64373225525601,118.60561186612762,0.03812038912839455,9488.448949290208,4.017557488281178e-06,CASH_SCARCITY,5
2015-11-25,GOOGL,Q0_SKIP,0,769.26,237211.22373225522,118.64373225525601,118.60561186612762,0.03812038912839455,9488.448949290208,4.017557488281178e-06,CASH_SCARCITY,5
2015-11-25,JKHY,Q0_SKIP,0,78.7,237211.22373225522,118.64373225525601,118.60561186612762,0.03812038912839455,9488.448949290208,4.017557488281178e-06,CASH_SCARCITY,5
2015-11-25,COR2,Q0_SKIP,0,59.01,237211.22373225522,118.64373225525601,118.60561186612762,0.03812038912839455,9488.448949290208,4.017557488281178e-06,CASH_SCARCITY,5
2015-11-25,CINF,Q0_SKIP,0,60.86,237211.22373225522,118.64373225525601,118.60561186612762,0.03812038912839455,9488.448949290208,4.017557488281178e-06,CASH_SCARCITY,5
2015-11-25,MSI,Q0_SKIP,0,71.83,237211.22373225522,118.64373225525601,118.60561186612762,0.03812038912839455,9488.448949290208,4.017557488281178e-06,CASH_SCARCITY,5
2015-11-25,WGHTQ,Q0_SKIP,0,26.41,237211.22373225522,118.64373225525601,118.60561186612762,0.03812038912839455,9488.448949290208,4.017557488281178e-06,CASH_SCARCITY,5
2015-11-25,HRL,Q0_SKIP,0,73.54999999999998,237211.22373225522,118.64373225525601,118.60561186612762,0.03812038912839455,9488.448949290208,4.017557488281178e-06,CASH_SCARCITY,5
2015-11-25,THG,Q0_SKIP,0,84.2,237211.22373225522,118.64373225525601,118.60561186612762,0.03812038912839455,9488.448949290208,4.017557488281178e-06,CASH_SCARCITY,5
2015-11-25,GOOG,Q0_SKIP,0,748.15,237211.22373225522,118.64373225525601,118.60561186612762,0.03812038912839455,9488.448949290208,4.017557488281178e-06,CASH_SCARCITY,5
2015-11-25,CB1,Q0_SKIP,0,130.51,237211.22373225522,118.64373225525601,118.60561186612762,0.03812038912839455,9488.448949290208,4.017557488281178e-06,CASH_SCARCITY,5
2015-11-25,GPN,Q0_SKIP,0,72.44,237211.22373225522,118.64373225525601,118.60561186612762,0.03812038912839455,9488.448949290208,4.017557488281178e-06,CASH_SCARCITY,5
2015-11-25,BEE,Q0_SKIP,0,14.13,237211.22373225522,118.64373225525601,118.60561186612762,0.03812038912839455,9488.448949290208,4.017557488281178e-06,CASH_SCARCITY,5
2015-11-25,NVDA,Q0_SKIP,0,31.13,237211.22373225522,118.64373225525601,118.60561186612762,0.03812038912839455,9488.448949290208,4.017557488281178e-06,CASH_SCARCITY,5
2015-11-25,SGI,Q0_SKIP,0,81.04999999999998,237211.22373225522,118.64373225525601,118.60561186612762,0.03812038912839455,9488.448949290208,4.017557488281178e-06,CASH_SCARCITY,5
2015-11-25,TTWO,Q0_SKIP,0,35.62,237211.22373225522,118.64373225525601,118.60561186612762,0.03812038912839455,9488.448949290208,4.017557488281178e-06,CASH_SCARCITY,5
2015-11-25,EXR,Q0_SKIP,0,83.44,237211.22373225522,118.64373225525601,118.60561186612762,0.03812038912839455,9488.448949290208,4.017557488281178e-06,CASH_SCARCITY,5
2015-11-25,ORI,Q0_SKIP,0,19.0,237211.22373225522,118.64373225525601,118.60561186612762,0.03812038912839455,9488.448949290208,4.017557488281178e-06,CASH_SCARCITY,5
2015-11-25,LUV,Q0_SKIP,0,45.88,237211.22373225522,118.64373225525601,118.60561186612762,0.03812038912839455,9488.448949290208,4.017557488281178e-06,CASH_SCARCITY,5
2015-11-25,WP,Q0_SKIP,0,52.51,237211.22373225522,118.64373225525601,118.60561186612762,0.03812038912839455,9488.448949290208,4.017557488281178e-06,CASH_SCARCITY,5
2015-11-25,STZ,Q0_SKIP,0,143.19,237211.22373225522,118.64373225525601,118.60561186612762,0.03812038912839455,9488.448949290208,4.017557488281178e-06,CASH_SCARCITY,5
2015-11-25,CHE,Q0_SKIP,0,154.39,237211.22373225522,118.64373225525601,118.60561186612762,0.03812038912839455,9488.448949290208,4.017557488281178e-06,CASH_SCARCITY,5
2015-11-25,DY,Q0_SKIP,0,86.67,237211.22373225522,118.64373225525601,118.60561186612762,0.03812038912839455,9488.448949290208,4.017557488281178e-06,CASH_SCARCITY,5
2015-11-25,ULTI1,Q0_SKIP,0,198.18,237211.22373225522,118.64373225525601,118.60561186612762,0.03812038912839455,9488.448949290208,4.017557488281178e-06,CASH_SCARCITY,5
2015-11-25,AYI,Q0_SKIP,0,229.63,237211.22373225522,118.64373225525601,118.60561186612762,0.03812038912839455,9488.448949290208,4.017557488281178e-06,CASH_SCARCITY,5
2015-11-25,DMND,Q0_SKIP,0,41.3,237211.22373225522,118.64373225525601,118.60561186612762,0.03812038912839455,9488.448949290208,4.017557488281178e-06,CASH_SCARCITY,5
2015-11-25,MXL,Q0_SKIP,0,17.17,237211.22373225522,118.64373225525601,118.60561186612762,0.03812038912839455,9488.448949290208,4.017557488281178e-06,CASH_SCARCITY,5
2015-11-25,NTGR,Q0_SKIP,0,43.12,237211.22373225522,118.64373225525601,118.60561186612762,0.03812038912839455,9488.448949290208,4.017557488281178e-06,CASH_SCARCITY,5
2015-11-25,VA,Q0_SKIP,0,35.69,237211.22373225522,118.64373225525601,118.60561186612762,0.03812038912839455,9488.448949290208,4.017557488281178e-06,CASH_SCARCITY,5
2015-11-25,ALK,Q0_SKIP,0,79.61,237211.22373225522,118.64373225525601,118.60561186612762,0.03812038912839455,9488.448949290208,4.017557488281178e-06,CASH_SCARCITY,5
2015-11-25,MYGN,Q0_SKIP,0,43.82,237211.22373225522,118.64373225525601,118.60561186612762,0.03812038912839455,9488.448949290208,4.017557488281178e-06,CASH_SCARCITY,5
2015-11-25,FNFG,Q0_SKIP,0,10.75,237211.22373225522,118.64373225525601,118.60561186612762,0.03812038912839455,9488.448949290208,4.017557488281178e-06,CASH_SCARCITY,5
2015-11-25,GAS,Q0_SKIP,0,62.49,237211.22373225522,118.64373225525601,118.60561186612762,0.03812038912839455,9488.448949290208,4.017557488281178e-06,CASH_SCARCITY,5
2015-11-25,EW,Q0_SKIP,0,163.67,237211.22373225522,118.64373225525601,118.60561186612762,0.03812038912839455,9488.448949290208,4.017557488281178e-06,CASH_SCARCITY,5
2015-11-25,ITCI,Q0_SKIP,0,58.28,237211.22373225522,118.64373225525601,118.60561186612762,0.03812038912839455,9488.448949290208,4.017557488281178e-06,CASH_SCARCITY,5
2015-11-25,CYT1,Q0_SKIP,0,74.76,237211.22373225522,118.64373225525601,118.60561186612762,0.03812038912839455,9488.448949290208,4.017557488281178e-06,CASH_SCARCITY,5
2015-11-25,ATHN1,Q0_SKIP,0,166.77,237211.22373225522,118.64373225525601,118.60561186612762,0.03812038912839455,9488.448949290208,4.017557488281178e-06,CASH_SCARCITY,5
2015-11-25,HRB,Q0_SKIP,0,36.94,237211.22373225522,118.64373225525601,118.60561186612762,0.03812038912839455,9488.448949290208,4.017557488281178e-06,CASH_SCARCITY,5
2015-11-25,TAP,Q0_SKIP,0,92.5,237211.22373225522,118.64373225525601,118.60561186612762,0.03812038912839455,9488.448949290208,4.017557488281178e-06,CASH_SCARCITY,5
2015-11-25,ANDV,Q0_SKIP,0,117.3,237211.22373225522,118.64373225525601,118.60561186612762,0.03812038912839455,9488.448949290208,4.017557488281178e-06,CASH_SCARCITY,5
2015-11-25,GWRE,Q0_SKIP,0,59.74,237211.22373225522,118.64373225525601,118.60561186612762,0.03812038912839455,9488.448949290208,4.017557488281178e-06,CASH_SCARCITY,5
2015-11-25,MSFT,Q0_SKIP,0,53.69,237211.22373225522,118.64373225525601,118.60561186612762,0.03812038912839455,9488.448949290208,4.017557488281178e-06,CASH_SCARCITY,5
2015-11-25,DHI,Q0_SKIP,0,32.74,237211.22373225522,118.64373225525601,118.60561186612762,0.03812038912839455,9488.448949290208,4.017557488281178e-06,CASH_SCARCITY,5
2015-11-25,CCE1,Q0_SKIP,0,51.44,237211.22373225522,118.64373225525601,118.60561186612762,0.03812038912839455,9488.448949290208,4.017557488281178e-06,CASH_SCARCITY,5
2015-11-25,ACORQ,Q0_SKIP,0,38.06,237211.22373225522,118.64373225525601,118.60561186612762,0.03812038912839455,9488.448949290208,4.017557488281178e-06,CASH_SCARCITY,5
2015-11-25,CAM2,Q0_SKIP,0,68.09,237211.22373225522,118.64373225525601,118.60561186612762,0.03812038912839455,9488.448949290208,4.017557488281178e-06,CASH_SCARCITY,5
2015-11-25,KITE,Q0_SKIP,0,87.0,237211.22373225522,118.64373225525601,118.60561186612762,0.03812038912839455,9488.448949290208,4.017557488281178e-06,CASH_SCARCITY,5
2015-11-25,GES,Q0_SKIP,0,20.86,237211.22373225522,118.64373225525601,118.60561186612762,0.03812038912839455,9488.448949290208,4.017557488281178e-06,CASH_SCARCITY,5
2015-11-25,PMCS,Q0_SKIP,0,11.78,237211.22373225522,118.64373225525601,118.60561186612762,0.03812038912839455,9488.448949290208,4.017557488281178e-06,CASH_SCARCITY,5
2015-11-25,PRTA,Q0_SKIP,0,73.19,237211.22373225522,118.64373225525601,118.60561186612762,0.03812038912839455,9488.448949290208,4.017557488281178e-06,CASH_SCARCITY,5
2015-11-25,GGAL,Q0_SKIP,0,24.46,237211.22373225522,118.64373225525601,118.60561186612762,0.03812038912839455,9488.448949290208,4.017557488281178e-06,CASH_SCARCITY,5
2015-11-25,ANAC1,Q0_SKIP,0,118.06,237211.22373225522,118.64373225525601,118.60561186612762,0.03812038912839455,9488.448949290208,4.017557488281178e-06,CASH_SCARCITY,5
2015-11-25,SWI1,Q0_SKIP,0,58.15,237211.22373225522,118.64373225525601,118.60561186612762,0.03812038912839455,9488.448949290208,4.017557488281178e-06,CASH_SCARCITY,5
2015-11-25,DXCM,Q0_SKIP,0,87.4,237211.22373225522,118.64373225525601,118.60561186612762,0.03812038912839455,9488.448949290208,4.017557488281178e-06,CASH_SCARCITY,5
2015-11-25,TCRT,Q0_SKIP,0,12.92,237211.22373225522,118.64373225525601,118.60561186612762,0.03812038912839455,9488.448949290208,4.017557488281178e-06,CASH_SCARCITY,5
2015-11-25,PTLA,Q0_SKIP,0,49.97,237211.22373225522,118.64373225525601,118.60561186612762,0.03812038912839455,9488.448949290208,4.017557488281178e-06,CASH_SCARCITY,5
2015-11-25,MDCO,Q0_SKIP,0,42.64,237211.22373225522,118.64373225525601,118.60561186612762,0.03812038912839455,9488.448949290208,4.017557488281178e-06,CASH_SCARCITY,5
2015-11-25,PBF,Q0_SKIP,0,41.29,237211.22373225522,118.64373225525601,118.60561186612762,0.03812038912839455,9488.448949290208,4.017557488281178e-06,CASH_SCARCITY,5
2015-11-25,NFLX,Q0_SKIP,0,124.16,237211.22373225522,118.64373225525601,118.60561186612762,0.03812038912839455,9488.448949290208,4.017557488281178e-06,CASH_SCARCITY,5
2015-11-25,SINA,Q0_SKIP,0,51.01,237211.22373225522,118.64373225525601,118.60561186612762,0.03812038912839455,9488.448949290208,4.017557488281178e-06,CASH_SCARCITY,5
2015-11-27,ATVI,PLAN,1,37.24,237376.52373225524,184.49373225525602,118.68826186612762,65.8054703891284,9495.06094929021,0.006930494784664611,,5
2016-02-04,TAL,PLAN,177,47.95,213431.98143225527,52737.04143225526,106.71599071612764,52630.325441539135,8537.27925729021,1.0,,5
2016-02-08,HRL,PLAN,100,81.4,205605.9837706322,46822.93377063226,102.8029918853161,46720.13077874695,8224.239350825288,1.0,,5
2016-02-09,DLR,PLAN,106,77.15,206306.54477063226,38725.84477063226,103.15327238531613,38622.691498246946,8252.26179082529,1.0,,5
2016-02-11,TSN,PLAN,137,60.05,206383.09699063224,41534.97699063226,103.19154849531613,41431.78544213695,8255.32387962529,1.0,,5
2016-02-18,HPY,PLAN,93,91.35,212967.78274063225,33317.27274063227,106.48389137031613,33210.78884926195,8518.71130962529,1.0,,5
2016-02-19,KING,PLAN,476,18.0,214574.9830006323,24829.053000632266,107.28749150031615,24721.76550913195,8582.999320025292,1.0,,5
2016-02-22,EDU,PLAN,271,31.77,215884.75300063228,24829.053000632266,107.94237650031614,24721.11062413195,8635.390120025291,1.0,,5
2016-02-23,YOKU,PLAN,315,27.38,216261.04379063225,16281.303790632266,108.13052189531612,16173.17326873695,8650.44175162529,1.0,,5
2016-03-03,HMIN,PLAN,220,35.02,220605.63854063227,7833.478540632267,110.30281927031614,7723.175721361951,8824.22554162529,0.8752241978551534,,5
2016-03-09,ATO,PLAN,3,70.91,220884.5018011014,327.80180110138303,110.4422509005507,217.35955020083233,8835.380072044056,0.024601041316669292,,5
2016-03-11,AWK,Q0_SKIP,0,68.11,225475.04883110136,114.61883110138308,112.73752441555068,1.8813066858323992,9019.001953244055,0.00020859366652600735,CASH_SCARCITY,5
2016-03-11,QIHU,Q0_SKIP,0,75.12999999999998,225475.04883110136,114.61883110138308,112.73752441555068,1.8813066858323992,9019.001953244055,0.00020859366652600735,CASH_SCARCITY,5
2016-03-11,ACC,Q0_SKIP,0,45.14,225475.04883110136,114.61883110138308,112.73752441555068,1.8813066858323992,9019.001953244055,0.00020859366652600735,CASH_SCARCITY,5
2016-03-11,NNN,Q0_SKIP,0,44.62,225475.04883110136,114.61883110138308,112.73752441555068,1.8813066858323992,9019.001953244055,0.00020859366652600735,CASH_SCARCITY,5
2016-03-11,EDR1,Q0_SKIP,0,40.58,225475.04883110136,114.61883110138308,112.73752441555068,1.8813066858323992,9019.001953244055,0.00020859366652600735,CASH_SCARCITY,5
2016-03-11,KMB,Q0_SKIP,0,133.15,225475.04883110136,114.61883110138308,112.73752441555068,1.8813066858323992,9019.001953244055,0.00020859366652600735,CASH_SCARCITY,5
2016-03-11,NI,Q0_SKIP,0,22.74,225475.04883110136,114.61883110138308,112.73752441555068,1.8813066858323992,9019.001953244055,0.00020859366652600735,CASH_SCARCITY,5
2016-03-11,SCG,Q0_SKIP,0,67.17,225475.04883110136,114.61883110138308,112.73752441555068,1.8813066858323992,9019.001953244055,0.00020859366652600735,CASH_SCARCITY,5
2016-03-11,BKH,Q0_SKIP,0,58.31,225475.04883110136,114.61883110138308,112.73752441555068,1.8813066858323992,9019.001953244055,0.00020859366652600735,CASH_SCARCITY,5
2016-03-11,O,Q0_SKIP,0,59.63,225475.04883110136,114.61883110138308,112.73752441555068,1.8813066858323992,9019.001953244055,0.00020859366652600735,CASH_SCARCITY,5
2016-03-11,HR1,Q0_SKIP,0,29.75,225475.04883110136,114.61883110138308,112.73752441555068,1.8813066858323992,9019.001953244055,0.00020859366652600735,CASH_SCARCITY,5
2016-03-11,EDE,Q0_SKIP,0,33.48,225475.04883110136,114.61883110138308,112.73752441555068,1.8813066858323992,9019.001953244055,0.00020859366652600735,CASH_SCARCITY,5
2016-03-11,AVA,Q0_SKIP,0,39.32,225475.04883110136,114.61883110138308,112.73752441555068,1.8813066858323992,9019.001953244055,0.00020859366652600735,CASH_SCARCITY,5
2016-03-11,STOR,Q0_SKIP,0,24.95,225475.04883110136,114.61883110138308,112.73752441555068,1.8813066858323992,9019.001953244055,0.00020859366652600735,CASH_SCARCITY,5
2016-03-11,WR1,Q0_SKIP,0,46.43,225475.04883110136,114.61883110138308,112.73752441555068,1.8813066858323992,9019.001953244055,0.00020859366652600735,CASH_SCARCITY,5
2016-03-11,CMS,Q0_SKIP,0,40.99,225475.04883110136,114.61883110138308,112.73752441555068,1.8813066858323992,9019.001953244055,0.00020859366652600735,CASH_SCARCITY,5
2016-03-11,REG,Q0_SKIP,0,74.06999999999998,225475.04883110136,114.61883110138308,112.73752441555068,1.8813066858323992,9019.001953244055,0.00020859366652600735,CASH_SCARCITY,5
2016-03-11,PG,Q0_SKIP,0,81.75,225475.04883110136,114.61883110138308,112.73752441555068,1.8813066858323992,9019.001953244055,0.00020859366652600735,CASH_SCARCITY,5
2016-03-11,LNT,Q0_SKIP,0,70.85,225475.04883110136,114.61883110138308,112.73752441555068,1.8813066858323992,9019.001953244055,0.00020859366652600735,CASH_SCARCITY,5
2016-03-11,XEL,Q0_SKIP,0,40.38,225475.04883110136,114.61883110138308,112.73752441555068,1.8813066858323992,9019.001953244055,0.00020859366652600735,CASH_SCARCITY,5
2016-03-11,PPL,Q0_SKIP,0,36.56,225475.04883110136,114.61883110138308,112.73752441555068,1.8813066858323992,9019.001953244055,0.00020859366652600735,CASH_SCARCITY,5
2016-03-11,GOLD1,Q0_SKIP,0,90.13,225475.04883110136,114.61883110138308,112.73752441555068,1.8813066858323992,9019.001953244055,0.00020859366652600735,CASH_SCARCITY,5
2016-03-11,AEE,Q0_SKIP,0,48.22,225475.04883110136,114.61883110138308,112.73752441555068,1.8813066858323992,9019.001953244055,0.00020859366652600735,CASH_SCARCITY,5
2016-03-11,NEE,Q0_SKIP,0,115.82,225475.04883110136,114.61883110138308,112.73752441555068,1.8813066858323992,9019.001953244055,0.00020859366652600735,CASH_SCARCITY,5
2016-03-11,ELS,Q0_SKIP,0,72.53,225475.04883110136,114.61883110138308,112.73752441555068,1.8813066858323992,9019.001953244055,0.00020859366652600735,CASH_SCARCITY,5
2016-03-11,PNY,Q0_SKIP,0,59.78,225475.04883110136,114.61883110138308,112.73752441555068,1.8813066858323992,9019.001953244055,0.00020859366652600735,CASH_SCARCITY,5
2016-03-11,B,Q0_SKIP,0,13.95,225475.04883110136,114.61883110138308,112.73752441555068,1.8813066858323992,9019.001953244055,0.00020859366652600735,CASH_SCARCITY,5
2016-03-11,DFT,Q0_SKIP,0,37.59,225475.04883110136,114.61883110138308,112.73752441555068,1.8813066858323992,9019.001953244055,0.00020859366652600735,CASH_SCARCITY,5
2016-03-11,CWT,Q0_SKIP,0,25.98,225475.04883110136,114.61883110138308,112.73752441555068,1.8813066858323992,9019.001953244055,0.00020859366652600735,CASH_SCARCITY,5
2016-03-11,SO,Q0_SKIP,0,49.79,225475.04883110136,114.61883110138308,112.73752441555068,1.8813066858323992,9019.001953244055,0.00020859366652600735,CASH_SCARCITY,5
2016-03-11,WEC,Q0_SKIP,0,58.15,225475.04883110136,114.61883110138308,112.73752441555068,1.8813066858323992,9019.001953244055,0.00020859366652600735,CASH_SCARCITY,5
2016-03-11,ARG,Q0_SKIP,0,141.57,225475.04883110136,114.61883110138308,112.73752441555068,1.8813066858323992,9019.001953244055,0.00020859366652600735,CASH_SCARCITY,5
2016-03-11,ES,Q0_SKIP,0,56.55,225475.04883110136,114.61883110138308,112.73752441555068,1.8813066858323992,9019.001953244055,0.00020859366652600735,CASH_SCARCITY,5
2016-03-11,SBSW,Q0_SKIP,0,14.26,225475.04883110136,114.61883110138308,112.73752441555068,1.8813066858323992,9019.001953244055,0.00020859366652600735,CASH_SCARCITY,5
2016-03-11,MEG1,Q0_SKIP,0,17.04,225475.04883110136,114.61883110138308,112.73752441555068,1.8813066858323992,9019.001953244055,0.00020859366652600735,CASH_SCARCITY,5
2016-03-11,CPB,Q0_SKIP,0,63.99,225475.04883110136,114.61883110138308,112.73752441555068,1.8813066858323992,9019.001953244055,0.00020859366652600735,CASH_SCARCITY,5
2016-03-11,KDP,Q0_SKIP,0,91.04,225475.04883110136,114.61883110138308,112.73752441555068,1.8813066858323992,9019.001953244055,0.00020859366652600735,CASH_SCARCITY,5
2016-03-11,PCG,Q0_SKIP,0,57.32,225475.04883110136,114.61883110138308,112.73752441555068,1.8813066858323992,9019.001953244055,0.00020859366652600735,CASH_SCARCITY,5
2016-03-11,EQY,Q0_SKIP,0,28.48,225475.04883110136,114.61883110138308,112.73752441555068,1.8813066858323992,9019.001953244055,0.00020859366652600735,CASH_SCARCITY,5
2016-03-11,AEM,Q0_SKIP,0,35.72,225475.04883110136,114.61883110138308,112.73752441555068,1.8813066858323992,9019.001953244055,0.00020859366652600735,CASH_SCARCITY,5
2016-03-11,AEP,Q0_SKIP,0,64.23,225475.04883110136,114.61883110138308,112.73752441555068,1.8813066858323992,9019.001953244055,0.00020859366652600735,CASH_SCARCITY,5
2016-03-11,NEM,Q0_SKIP,0,26.68,225475.04883110136,114.61883110138308,112.73752441555068,1.8813066858323992,9019.001953244055,0.00020859366652600735,CASH_SCARCITY,5
2016-03-11,FRT,Q0_SKIP,0,152.29,225475.04883110136,114.61883110138308,112.73752441555068,1.8813066858323992,9019.001953244055,0.00020859366652600735,CASH_SCARCITY,5
2016-03-11,PSA,Q0_SKIP,0,256.82,225475.04883110136,114.61883110138308,112.73752441555068,1.8813066858323992,9019.001953244055,0.00020859366652600735,CASH_SCARCITY,5
2016-03-11,CRAY,Q0_SKIP,0,41.79,225475.04883110136,114.61883110138308,112.73752441555068,1.8813066858323992,9019.001953244055,0.00020859366652600735,CASH_SCARCITY,5
2016-03-11,ITC,Q0_SKIP,0,42.91,225475.04883110136,114.61883110138308,112.73752441555068,1.8813066858323992,9019.001953244055,0.00020859366652600735,CASH_SCARCITY,5
2016-03-11,PNW,Q0_SKIP,0,71.18,225475.04883110136,114.61883110138308,112.73752441555068,1.8813066858323992,9019.001953244055,0.00020859366652600735,CASH_SCARCITY,5
2016-03-11,KIM,Q0_SKIP,0,27.78,225475.04883110136,114.61883110138308,112.73752441555068,1.8813066858323992,9019.001953244055,0.00020859366652600735,CASH_SCARCITY,5
2016-03-11,EPR,Q0_SKIP,0,63.89,225475.04883110136,114.61883110138308,112.73752441555068,1.8813066858323992,9019.001953244055,0.00020859366652600735,CASH_SCARCITY,5
2016-03-11,WCN,Q0_SKIP,0,64.79,225475.04883110136,114.61883110138308,112.73752441555068,1.8813066858323992,9019.001953244055,0.00020859366652600735,CASH_SCARCITY,5
2016-03-11,CINF,Q0_SKIP,0,65.9,225475.04883110136,114.61883110138308,112.73752441555068,1.8813066858323992,9019.001953244055,0.00020859366652600735,CASH_SCARCITY,5
2016-03-11,GXP,Q0_SKIP,0,30.96,225475.04883110136,114.61883110138308,112.73752441555068,1.8813066858323992,9019.001953244055,0.00020859366652600735,CASH_SCARCITY,5
2016-03-11,HR,Q0_SKIP,0,28.33,225475.04883110136,114.61883110138308,112.73752441555068,1.8813066858323992,9019.001953244055,0.00020859366652600735,CASH_SCARCITY,5
2016-03-11,PM,Q0_SKIP,0,96.49,225475.04883110136,114.61883110138308,112.73752441555068,1.8813066858323992,9019.001953244055,0.00020859366652600735,CASH_SCARCITY,5
2016-03-11,INGR,Q0_SKIP,0,106.35,225475.04883110136,114.61883110138308,112.73752441555068,1.8813066858323992,9019.001953244055,0.00020859366652600735,CASH_SCARCITY,5
2016-03-11,BRKR,Q0_SKIP,0,28.04,225475.04883110136,114.61883110138308,112.73752441555068,1.8813066858323992,9019.001953244055,0.00020859366652600735,CASH_SCARCITY,5
2016-03-11,JKHY,Q0_SKIP,0,81.37999999999998,225475.04883110136,114.61883110138308,112.73752441555068,1.8813066858323992,9019.001953244055,0.00020859366652600735,CASH_SCARCITY,5
2016-03-11,CSGS,Q0_SKIP,0,37.59,225475.04883110136,114.61883110138308,112.73752441555068,1.8813066858323992,9019.001953244055,0.00020859366652600735,CASH_SCARCITY,5
2016-03-11,DOC2,Q0_SKIP,0,17.44,225475.04883110136,114.61883110138308,112.73752441555068,1.8813066858323992,9019.001953244055,0.00020859366652600735,CASH_SCARCITY,5
2016-03-11,HSIC,Q0_SKIP,0,169.75,225475.04883110136,114.61883110138308,112.73752441555068,1.8813066858323992,9019.001953244055,0.00020859366652600735,CASH_SCARCITY,5
2016-03-11,MAT,Q0_SKIP,0,33.04,225475.04883110136,114.61883110138308,112.73752441555068,1.8813066858323992,9019.001953244055,0.00020859366652600735,CASH_SCARCITY,5
2016-03-11,HA,Q0_SKIP,0,45.35,225475.04883110136,114.61883110138308,112.73752441555068,1.8813066858323992,9019.001953244055,0.00020859366652600735,CASH_SCARCITY,5
2016-03-11,DTE,Q0_SKIP,0,88.25,225475.04883110136,114.61883110138308,112.73752441555068,1.8813066858323992,9019.001953244055,0.00020859366652600735,CASH_SCARCITY,5
2016-03-11,ETR,Q0_SKIP,0,75.92,225475.04883110136,114.61883110138308,112.73752441555068,1.8813066858323992,9019.001953244055,0.00020859366652600735,CASH_SCARCITY,5
2016-03-11,LSI,Q0_SKIP,0,111.34,225475.04883110136,114.61883110138308,112.73752441555068,1.8813066858323992,9019.001953244055,0.00020859366652600735,CASH_SCARCITY,5
2016-03-11,CVC,Q0_SKIP,0,32.89,225475.04883110136,114.61883110138308,112.73752441555068,1.8813066858323992,9019.001953244055,0.00020859366652600735,CASH_SCARCITY,5
2016-03-11,KLAC,Q0_SKIP,0,69.22,225475.04883110136,114.61883110138308,112.73752441555068,1.8813066858323992,9019.001953244055,0.00020859366652600735,CASH_SCARCITY,5
2016-03-11,KGC,Q0_SKIP,0,2.95,225475.04883110136,114.61883110138308,112.73752441555068,1.8813066858323992,9019.001953244055,0.00020859366652600735,CASH_SCARCITY,5
2016-03-11,NOC,Q0_SKIP,0,189.89,225475.04883110136,114.61883110138308,112.73752441555068,1.8813066858323992,9019.001953244055,0.00020859366652600735,CASH_SCARCITY,5
2016-03-11,BMS,Q0_SKIP,0,51.99,225475.04883110136,114.61883110138308,112.73752441555068,1.8813066858323992,9019.001953244055,0.00020859366652600735,CASH_SCARCITY,5
2016-03-11,NDAQ,Q0_SKIP,0,65.98,225475.04883110136,114.61883110138308,112.73752441555068,1.8813066858323992,9019.001953244055,0.00020859366652600735,CASH_SCARCITY,5
2016-03-11,COR2,Q0_SKIP,0,67.1,225475.04883110136,114.61883110138308,112.73752441555068,1.8813066858323992,9019.001953244055,0.00020859366652600735,CASH_SCARCITY,5
2016-03-11,GE,Q0_SKIP,0,30.34,225475.04883110136,114.61883110138308,112.73752441555068,1.8813066858323992,9019.001953244055,0.00020859366652600735,CASH_SCARCITY,5
2016-03-11,FSLR,Q0_SKIP,0,70.32,225475.04883110136,114.61883110138308,112.73752441555068,1.8813066858323992,9019.001953244055,0.00020859366652600735,CASH_SCARCITY,5
2016-03-11,SAP,Q0_SKIP,0,78.65,225475.04883110136,114.61883110138308,112.73752441555068,1.8813066858323992,9019.001953244055,0.00020859366652600735,CASH_SCARCITY,5
2016-03-11,EL,Q0_SKIP,0,93.11000000000001,225475.04883110136,114.61883110138308,112.73752441555068,1.8813066858323992,9019.001953244055,0.00020859366652600735,CASH_SCARCITY,5
2016-03-11,SAFM,Q0_SKIP,0,90.7,225475.04883110136,114.61883110138308,112.73752441555068,1.8813066858323992,9019.001953244055,0.00020859366652600735,CASH_SCARCITY,5
2016-03-11,MAA,Q0_SKIP,0,95.54,225475.04883110136,114.61883110138308,112.73752441555068,1.8813066858323992,9019.001953244055,0.00020859366652600735,CASH_SCARCITY,5
2016-03-11,MKC,Q0_SKIP,0,94.23,225475.04883110136,114.61883110138308,112.73752441555068,1.8813066858323992,9019.001953244055,0.00020859366652600735,CASH_SCARCITY,5
2016-03-11,TAP,Q0_SKIP,0,92.46,225475.04883110136,114.61883110138308,112.73752441555068,1.8813066858323992,9019.001953244055,0.00020859366652600735,CASH_SCARCITY,5
2016-03-11,RMD,Q0_SKIP,0,60.36,225475.04883110136,114.61883110138308,112.73752441555068,1.8813066858323992,9019.001953244055,0.00020859366652600735,CASH_SCARCITY,5
2016-03-11,TIVO,Q0_SKIP,0,21.76,225475.04883110136,114.61883110138308,112.73752441555068,1.8813066858323992,9019.001953244055,0.00020859366652600735,CASH_SCARCITY,5
2016-03-11,AUY,Q0_SKIP,0,3.11,225475.04883110136,114.61883110138308,112.73752441555068,1.8813066858323992,9019.001953244055,0.00020859366652600735,CASH_SCARCITY,5
2016-03-11,TTWO,Q0_SKIP,0,35.83,225475.04883110136,114.61883110138308,112.73752441555068,1.8813066858323992,9019.001953244055,0.00020859366652600735,CASH_SCARCITY,5
2016-03-11,XYL,Q0_SKIP,0,38.45,225475.04883110136,114.61883110138308,112.73752441555068,1.8813066858323992,9019.001953244055,0.00020859366652600735,CASH_SCARCITY,5
2016-03-11,RAI,Q0_SKIP,0,51.08,225475.04883110136,114.61883110138308,112.73752441555068,1.8813066858323992,9019.001953244055,0.00020859366652600735,CASH_SCARCITY,5
2016-03-11,SRC,Q0_SKIP,0,10.82,225475.04883110136,114.61883110138308,112.73752441555068,1.8813066858323992,9019.001953244055,0.00020859366652600735,CASH_SCARCITY,5
2016-03-11,WBMD,Q0_SKIP,0,58.1,225475.04883110136,114.61883110138308,112.73752441555068,1.8813066858323992,9019.001953244055,0.00020859366652600735,CASH_SCARCITY,5
2016-03-11,SNDK1,Q0_SKIP,0,76.7,225475.04883110136,114.61883110138308,112.73752441555068,1.8813066858323992,9019.001953244055,0.00020859366652600735,CASH_SCARCITY,5
2016-03-11,CCOI,Q0_SKIP,0,37.01,225475.04883110136,114.61883110138308,112.73752441555068,1.8813066858323992,9019.001953244055,0.00020859366652600735,CASH_SCARCITY,5
2016-03-11,CACI,Q0_SKIP,0,100.27,225475.04883110136,114.61883110138308,112.73752441555068,1.8813066858323992,9019.001953244055,0.00020859366652600735,CASH_SCARCITY,5
2016-03-11,AU,Q0_SKIP,0,13.47,225475.04883110136,114.61883110138308,112.73752441555068,1.8813066858323992,9019.001953244055,0.00020859366652600735,CASH_SCARCITY,5
2016-03-11,FNV,Q0_SKIP,0,61.38,225475.04883110136,114.61883110138308,112.73752441555068,1.8813066858323992,9019.001953244055,0.00020859366652600735,CASH_SCARCITY,5
2016-03-11,MSFT,Q0_SKIP,0,53.07,225475.04883110136,114.61883110138308,112.73752441555068,1.8813066858323992,9019.001953244055,0.00020859366652600735,CASH_SCARCITY,5
2016-03-11,DD1,Q0_SKIP,0,63.83,225475.04883110136,114.61883110138308,112.73752441555068,1.8813066858323992,9019.001953244055,0.00020859366652600735,CASH_SCARCITY,5
2016-03-11,TSM,Q0_SKIP,0,25.35,225475.04883110136,114.61883110138308,112.73752441555068,1.8813066858323992,9019.001953244055,0.00020859366652600735,CASH_SCARCITY,5
2016-03-11,GFI,Q0_SKIP,0,4.08,225475.04883110136,114.61883110138308,112.73752441555068,1.8813066858323992,9019.001953244055,0.00020859366652600735,CASH_SCARCITY,5
2016-03-11,PAAS,Q0_SKIP,0,10.26,225475.04883110136,114.61883110138308,112.73752441555068,1.8813066858323992,9019.001953244055,0.00020859366652600735,CASH_SCARCITY,5
2016-03-11,SYT1,Q0_SKIP,0,82.40999999999998,225475.04883110136,114.61883110138308,112.73752441555068,1.8813066858323992,9019.001953244055,0.00020859366652600735,CASH_SCARCITY,5
2016-03-11,CBT,Q0_SKIP,0,48.47,225475.04883110136,114.61883110138308,112.73752441555068,1.8813066858323992,9019.001953244055,0.00020859366652600735,CASH_SCARCITY,5
2016-03-11,DLTR,Q0_SKIP,0,80.01999999999998,225475.04883110136,114.61883110138308,112.73752441555068,1.8813066858323992,9019.001953244055,0.00020859366652600735,CASH_SCARCITY,5
2016-03-11,EW,Q0_SKIP,0,87.62999999999998,225475.04883110136,114.61883110138308,112.73752441555068,1.8813066858323992,9019.001953244055,0.00020859366652600735,CASH_SCARCITY,5
2016-03-11,TRMB,Q0_SKIP,0,24.83,225475.04883110136,114.61883110138308,112.73752441555068,1.8813066858323992,9019.001953244055,0.00020859366652600735,CASH_SCARCITY,5
2016-03-11,ALB,Q0_SKIP,0,61.24,225475.04883110136,114.61883110138308,112.73752441555068,1.8813066858323992,9019.001953244055,0.00020859366652600735,CASH_SCARCITY,5
2016-03-11,SBH,Q0_SKIP,0,31.74,225475.04883110136,114.61883110138308,112.73752441555068,1.8813066858323992,9019.001953244055,0.00020859366652600735,CASH_SCARCITY,5
2016-03-11,WGHTQ,Q0_SKIP,0,14.2,225475.04883110136,114.61883110138308,112.73752441555068,1.8813066858323992,9019.001953244055,0.00020859366652600735,CASH_SCARCITY,5
2016-03-11,NTES,Q0_SKIP,0,144.12,225475.04883110136,114.61883110138308,112.73752441555068,1.8813066858323992,9019.001953244055,0.00020859366652600735,CASH_SCARCITY,5
2016-03-11,TPR,Q0_SKIP,0,39.66,225475.04883110136,114.61883110138308,112.73752441555068,1.8813066858323992,9019.001953244055,0.00020859366652600735,CASH_SCARCITY,5
2016-03-11,MTSI,Q0_SKIP,0,43.79,225475.04883110136,114.61883110138308,112.73752441555068,1.8813066858323992,9019.001953244055,0.00020859366652600735,CASH_SCARCITY,5
2016-03-11,SWBI,Q0_SKIP,0,28.11,225475.04883110136,114.61883110138308,112.73752441555068,1.8813066858323992,9019.001953244055,0.00020859366652600735,CASH_SCARCITY,5
2016-03-11,ANF,Q0_SKIP,0,32.46,225475.04883110136,114.61883110138308,112.73752441555068,1.8813066858323992,9019.001953244055,0.00020859366652600735,CASH_SCARCITY,5
2016-03-11,CPRI,Q0_SKIP,0,58.5,225475.04883110136,114.61883110138308,112.73752441555068,1.8813066858323992,9019.001953244055,0.00020859366652600735,CASH_SCARCITY,5
2016-03-11,RES,Q0_SKIP,0,14.27,225475.04883110136,114.61883110138308,112.73752441555068,1.8813066858323992,9019.001953244055,0.00020859366652600735,CASH_SCARCITY,5
2016-03-11,GG,Q0_SKIP,0,16.37,225475.04883110136,114.61883110138308,112.73752441555068,1.8813066858323992,9019.001953244055,0.00020859366652600735,CASH_SCARCITY,5
2016-03-14,QIHU,PLAN,1,75.2,225952.43883110143,207.89883110138308,112.97621941555072,94.92261168583236,9038.097553244057,0.010502499129560918,,5
2016-05-06,CPB,PLAN,145,63.92,232547.3513504814,61007.96135048138,116.2736756752407,60891.68767480614,9301.894054019256,1.0,,5
2016-05-16,AG,PLAN,832,11.23,234087.01550930497,51795.425509304914,117.04350775465248,51678.382001550264,9363.480620372198,1.0,,5
2016-05-18,ITC,PLAN,207,44.07,228560.45094930494,42151.23094930492,114.28022547465247,42036.95072383027,9142.418037972198,1.0,,5
2016-05-20,B,PLAN,503,18.2,229281.84087930492,33033.310879304925,114.64092043965246,32918.66995886527,9171.273635172196,1.0,,5
2016-05-23,BKH,PLAN,156,58.19,228411.90232930495,24045.782329304922,114.20595116465248,23931.57637814027,9136.476093172198,1.0,,5
2016-05-25,CDE,PLAN,1206,7.66,231217.40632930497,14910.656329304924,115.60870316465248,14795.047626140271,9248.696253172198,1.0,,5
2016-06-07,AWK,PLAN,73,75.97,235548.88554930498,5678.855549304924,117.77444277465248,5561.081106530271,9421.9554219722,0.5902257925739823,,5
2016-08-29,NUVA,PLAN,126,64.81,246123.1020393049,8304.032039304924,123.06155101965246,8180.970488285272,9844.924081572197,0.8309836033777522,,5
2016-08-30,AMH,PLAN,2,21.82,242084.48553930494,180.96703930492458,121.04224276965247,59.92479653527211,9683.379421572197,0.006188417692461202,,5
2016-09-30,EXEL,PLAN,753,12.79,241247.4147193049,10650.454719304922,120.62370735965246,10529.831011945269,9649.896588772197,1.0,,5
2016-11-03,GEN,PLAN,360,25.45,229398.3125493049,48015.15254930493,114.69915627465245,47900.45339303027,9175.932501972196,1.0,,5
2016-11-04,NVDA,PLAN,136,67.57,230718.36894930495,39633.17894930493,115.35918447465248,39517.819764830274,9228.734757972197,1.0,,5
2016-11-07,BRSL,PLAN,327,28.48,233557.11234052887,30164.887340528927,116.77855617026444,30048.10878435866,9342.284493621155,1.0,,5
2016-11-28,DPZ,PLAN,57,170.04,244694.96059692313,35253.12059692314,122.34748029846158,35130.773116624674,9787.798423876926,1.0,,5
2016-11-29,REN,PLAN,351,27.89,245373.48743692317,25560.27743692314,122.68674371846159,25437.59069320468,9814.939497476927,1.0,,5
2016-12-13,FNSR,PLAN,312,31.73,248197.71954692306,14839.789546923143,124.09885977346154,14715.690687149681,9927.908781876922,1.0,,5
2016-12-28,CFG,PLAN,138,36.0,249305.51154692314,5117.001546923144,124.65275577346158,4992.348791149682,9972.220461876926,0.5006255938920593,,5
2017-05-08,WNC,PLAN,507,21.82,277132.41711692314,15925.207116923144,138.56620855846157,15786.640908364683,11085.296684676925,1.0,,5
2017-06-14,RACE,PLAN,126,88.42,279261.56062692316,19158.840626923142,139.6307803134616,19019.20984660968,11170.462425076927,1.0,,5
2017-07-14,ISRG,PLAN,11,951.75,284861.90097566915,57006.43097566915,142.43095048783456,56864.00002518132,11394.476039026766,1.0,,5
2017-07-18,SPGI,PLAN,76,149.87,286430.2856024271,46491.795602427155,143.21514280121355,46348.58045962594,11457.211424097084,1.0,,5
2017-07-24,HRC,PLAN,137,84.09999999999998,288557.81484242715,35079.63484242716,144.27890742121357,34935.355935005944,11542.312593697086,1.0,,5
2017-07-31,FIZZ,PLAN,111,102.12,283869.6190324272,23597.239032427162,141.9348095162136,23455.30422291095,11354.784761297089,1.0,,5
2017-08-04,WGHTQ,PLAN,275,41.39,285762.9160124272,12172.806012427165,142.8814580062136,12029.924554420952,11430.516640497088,1.0,,5
2017-10-19,PYPL,PLAN,117,67.25,312836.9083411673,8088.958341167325,156.41845417058366,7932.539886996741,12513.476333646693,0.6339197578268029,,5
2018-02-14,EC,PLAN,55,17.38,338581.0253503577,1131.7753503577221,169.29051267517886,962.4848376825432,13543.241014014307,0.07106754112155139,,5
2018-04-19,GMED,PLAN,260,51.08,333577.5842579395,27083.18425793949,166.78879212896973,26916.39546581052,13343.10337031758,1.0,,5
2018-05-01,VIRT,PLAN,368,36.05,332315.31661793945,14003.586617939492,166.15765830896973,13837.428959630523,13292.612664717579,1.0,,5
2018-06-13,ABMD,PLAN,19,433.07,360916.3760662911,8785.09606629114,180.45818803314557,8604.637878257994,14436.655042651646,0.5960271165887427,,5
2018-08-28,TNDM,PLAN,331,40.59,336584.143796291,93911.72379629113,168.2920718981455,93743.43172439298,13463.365751851641,1.0,,5
2018-08-29,AMED,PLAN,110,122.98,340146.6558588392,80469.62512629112,170.0733279294196,80299.5517983617,13605.866234353569,1.0,,5
2018-08-30,WWE,PLAN,157,86.26999999999998,340175.4387588393,67112.00875883923,170.08771937941964,66941.92103945982,13607.017550353572,1.0,,5
2018-09-04,IIN,PLAN,178,76.59999999999998,342076.87146883924,53664.85146883923,171.0384357344196,53493.81303310481,13683.074858753569,1.0,,5
2018-09-12,FNKO,PLAN,548,24.55,337112.84376883914,59768.99376883923,168.55642188441956,59600.43734695481,13484.513750753566,1.0,,5
2018-09-17,EPAY,PLAN,197,66.77,329783.23108883924,46810.56108883923,164.89161554441964,46645.669473294816,13191.32924355357,1.0,,5
2018-10-05,WCG,PLAN,40,315.44,323381.1410988391,45705.22109883923,161.69057054941956,45543.53052828981,12935.245643953565,1.0,,5
2018-11-01,REGI,PLAN,381,31.21,297690.30495883926,92113.07495883925,148.84515247941962,91964.22980635983,11907.61219835357,1.0,,5
2018-11-08,TJX,PLAN,217,55.54,302499.8622688392,80103.38726883926,151.2499311344196,79952.13733770484,12099.994490753568,1.0,,5
2018-11-09,LLY,PLAN,105,112.21,296489.03470883926,68008.74470883927,148.24451735441963,67860.50019148484,11859.56138835357,1.0,,5
2018-11-26,MKC,PLAN,78,144.74,285361.0761388393,82430.23613883927,142.68053806941964,82287.55560076986,11414.443045553573,1.0,,5
2018-11-29,CABO,PLAN,13,885.9299999999998,293655.2808988393,71224.21089883929,146.82764044941965,71077.38325838986,11746.211235953571,1.0,,5
2018-12-13,MZTI,PLAN,61,186.26,287910.78430883924,59749.16430883929,143.95539215441963,59605.20891668487,11516.43137235357,1.0,,5
2018-12-14,AEE,PLAN,162,69.81,283309.2647188393,61395.39471883929,141.65463235941965,61253.74008647987,11332.370588753573,1.0,,5
2018-12-18,HELE,PLAN,81,136.49,278177.57661883935,50035.94661883929,139.08878830941967,49896.85783052987,11127.103064753574,1.0,,5
2018-12-24,IDTI,PLAN,217,48.21,262297.2584988393,38966.76849883929,131.14862924941963,38835.619869589864,10491.890339953572,1.0,,5
2018-12-26,ESL,PLAN,89,121.29,272084.8098488393,37385.53984883929,136.04240492441966,37249.49744391487,10883.392393953573,1.0,,5
2019-01-16,TRCO,PLAN,246,45.86,283295.2130488393,26632.51304883929,141.64760652441964,26490.86544231487,11331.808521953571,1.0,,5
2019-01-28,AU,PLAN,839,13.54,284329.5813288393,15495.091328839291,142.16479066441966,15352.926538174872,11373.183253153573,1.0,,5
2019-04-26,SEE,PLAN,261,46.43,304356.6081788393,26509.48817883929,152.17830408941967,26357.30987474987,12174.264327153573,1.0,,5
2019-05-14,ZNGA,PLAN,1972,6.01,296653.31117883924,35350.79117883929,148.32665558941963,35202.464523249866,11866.13244715357,1.0,,5
2019-05-30,FICO,PLAN,39,297.56,296183.20945883926,23687.339458839288,148.09160472941963,23539.247854109868,11847.328378353572,1.0,,5
2019-06-06,ERIE,PLAN,53,229.73,305608.96810883936,12419.41810883929,152.80448405441967,12266.613624784872,12224.358724353575,1.0,,5
2019-07-10,AWI,PLAN,130,97.95,320001.8722888393,20707.972288839297,160.00093614441965,20547.971352694876,12800.074891553573,1.0,,5
2019-07-15,SHOP,PLAN,23,324.02,321888.3989888393,7901.8789888392985,160.94419949441965,7740.9347893448785,12875.535959553572,0.6012126263063364,,5
2019-10-29,AWR,PLAN,136,93.81,319964.8247388393,33694.22473883929,159.98241236941965,33534.242326469874,12798.592989553572,1.0,,5
2019-10-31,AQN,PLAN,939,13.72,322703.2433788393,20930.113378839294,161.35162168941963,20768.761757149874,12908.129735153572,1.0,,5
2019-11-15,RH,PLAN,42,188.47,328067.97529883945,8169.355298839297,164.03398764941971,8005.321311189877,13122.719011953579,0.6100352605201538,,5
2020-01-31,SYNA,PLAN,196,66.69,349785.13763883925,13307.257638839297,174.89256881941964,13132.365070019878,13991.40550555357,0.9386022772913903,,5
2020-04-06,REGN,PLAN,22,504.27,286502.9735108823,212086.98351088227,143.25148675544116,211943.73202412683,11460.118940435292,1.0,,5
2020-04-08,BILI,PLAN,439,26.2,288376.4116908823,201014.10169088226,144.18820584544116,200869.9134850368,11535.056467635291,1.0,,5
2020-04-14,TDOC,PLAN,73,157.33,290769.95554088225,188775.72554088227,145.38497777044114,188630.34056311182,11630.79822163529,1.0,,5
2020-04-15,FIT,PLAN,1720,6.76,291096.34057088225,177019.01057088227,145.54817028544113,176873.46240059682,11643.85362283529,1.0,,5
2020-04-16,CCOI,PLAN,129,90.75,293948.6249708823,165431.83497088228,146.97431248544117,165284.86065839685,11757.944998835294,1.0,,5
2020-04-17,ZM,PLAN,78,150.06,295122.1314708823,153616.53147088227,147.56106573544113,153468.97040514683,11804.885258835291,1.0,,5
2020-04-20,CODX,PLAN,808,14.58,295048.08407088224,141647.17407088226,147.5240420354411,141499.6500288468,11801.92336283529,1.0,,5
2020-04-21,AXSM,PLAN,175,66.37,291279.91735088226,130048.86735088227,145.63995867544114,129903.22739220683,11651.19669403529,1.0,,5
2020-04-22,EVBG,PLAN,97,122.05,296402.87110088224,118320.90110088227,148.20143555044112,118172.69966533183,11856.11484403529,1.0,,5
2020-04-23,EHTH,PLAN,94,126.25,297023.4594808823,106527.49948088228,148.51172974044113,106378.98775114185,11880.938379235291,1.0,,5
2020-04-24,SE,PLAN,218,54.39,296957.55142088234,94907.83142088228,148.47877571044117,94759.35264517185,11878.302056835293,1.0,,5
2020-04-27,DXCM,PLAN,35,335.05,299924.7311408823,82805.46114088228,149.96236557044116,82655.49877531185,11996.989245635292,1.0,,5
2020-04-28,XLRN,PLAN,124,94.36000000000001,295161.9309910873,71068.38099108728,147.58096549554364,70920.80002559174,11806.477239643491,1.0,,5
2020-04-29,QDEL,PLAN,83,139.7,293561.2273110873,59112.75731108728,146.78061365554365,58965.97669743174,11742.449092443492,1.0,,5
2020-04-30,VXRT,PLAN,4272,2.7,288710.4383710873,47632.34837108728,144.35521918554366,47487.99315190174,11548.417534843493,1.0,,5
2020-05-01,AUPH,PLAN,729,15.69,286540.72317108733,35444.97317108729,143.27036158554367,35301.702809501745,11461.628926843494,1.0,,5
2020-05-04,CCXI1,PLAN,213,54.54,291877.79516108736,23995.525161087287,145.93889758054368,23849.586263506742,11675.111806443494,1.0,,5
2020-05-05,GOTU,PLAN,298,39.68,296267.98016108724,12268.810161087289,148.1339900805436,12120.676171006746,11850.71920644349,1.0,,5
2020-05-06,ARVN,PLAN,1,52.7,300806.39374108735,250.38374108729113,150.40319687054367,99.98054421674746,12032.255749643495,0.00830937658715489,,5
2020-05-07,LMNX1,PLAN,1,38.83,304102.60033108725,196.92033108729112,152.05130016554364,44.86903092174748,12164.10401324349,0.003688642490470073,,5
2020-06-23,NVAX,PLAN,192,69.66,335945.86016108724,21322.46516108729,167.97293008054362,21154.492231006745,13437.83440644349,1.0,,5
2020-06-30,FVRR,PLAN,196,73.81999999999998,362603.18422108743,16462.144221087296,181.3015921105437,16280.842628976752,14504.127368843498,1.0,,5
2020-07-08,DOCU,PLAN,8,206.35,381107.89810108725,1851.4281010872983,190.55394905054362,1660.8741520367546,15244.31592404349,0.10895038913600623,,5
2020-07-29,WKHS,PLAN,981,16.15,396874.4540010873,48594.7740010873,198.43722700054366,48396.33677408676,15874.978160043493,1.0,,5
2020-08-26,LVGO,PLAN,120,135.19,407060.7351510872,57515.3551510873,203.5303675755436,57311.82478351176,16282.42940604349,1.0,,5
2020-09-14,APPS,PLAN,639,25.31,405194.62028008734,67360.1102800873,202.59731014004367,67157.51296994726,16207.784811203494,1.0,,5
2020-09-29,AGNT,PLAN,407,42.05,429284.8727800872,58966.742780087305,214.6424363900436,58752.10034369726,17171.394911203486,1.0,,5
2020-09-30,RUN,PLAN,221,77.06999999999998,427465.1306400873,41847.5006400873,213.73256532004365,41633.76807476726,17098.605225603493,1.0,,5
2020-10-07,SAIL1,PLAN,385,46.26,446745.59492508724,24279.234925087305,223.37279746254362,24055.86212762476,17869.82379700349,1.0,,5
2020-10-20,ALTO,PLAN,572,10.635,443223.46392508724,6320.293925087306,221.61173196254362,6098.682193124762,17728.93855700349,0.3439959010245196,,5
2020-11-19,NIO,PLAN,339,48.45,411795.9364336224,176232.75643362233,205.8979682168112,176026.85846540553,16471.837457344896,1.0,,5
2020-11-20,FDX,PLAN,60,276.69,418507.1829036224,159852.86290362233,209.2535914518112,159643.6093121705,16740.287316144895,1.0,,5
2020-11-23,PACB,PLAN,1131,14.93,422752.5903036223,143023.45030362235,211.37629515181115,142812.07400847055,16910.103612144892,1.0,,5
2020-11-25,AGNT,PLAN,322,51.98,420045.3192336224,126075.44923362235,210.0226596168112,125865.42657400554,16801.812769344895,1.0,,5
2020-11-27,GNRC,PLAN,76,221.4,426603.14271362236,109101.97271362235,213.3015713568112,108888.67114226554,17064.125708544896,1.0,,5
2020-11-30,LOB,PLAN,410,41.12,422889.3663136223,92258.74631362235,211.44468315681115,92047.30163046555,16915.574652544892,1.0,,5
2020-12-01,MRTX,PLAN,71,234.36,422017.41211362235,75177.48211362236,211.00870605681118,74966.47340756556,16880.696484544893,1.0,,5
2020-12-02,FRHC,PLAN,430,39.35,423943.2901736223,58679.06017362236,211.97164508681115,58467.08852853555,16957.731606944893,1.0,,5
2020-12-03,LPRO,PLAN,631,27.05,427788.3156736223,41397.295673622364,213.89415783681116,41183.401515785554,17111.532626944892,1.0,,5
2020-12-11,PWR,PLAN,248,72.06999999999998,448759.59998362244,24433.004983622366,224.3797999918112,24208.625183630556,17950.383999344896,1.0,,5
2020-12-14,SWAV,PLAN,67,93.38,450726.9219436223,6541.051943622366,225.36346097181115,6315.688482650555,18029.076877744894,0.35030570480547707,,5
2020-12-15,DAR,PLAN,4,55.51,454058.78697362245,473.03697362236835,227.02939348681124,246.0075801355571,18162.3514789449,0.013544919027734198,,5
2021-03-01,SICPQ,PLAN,159,147.7,588432.2836616224,62653.42366162237,294.21614183081124,62359.20751979156,23537.2913464649,1.0,,5
2021-03-24,TPR,PLAN,505,40.64,514098.49229962245,184643.22229962237,257.0492461498112,184386.17305347256,20563.9396919849,1.0,,5
2021-03-26,CTRN,PLAN,245,85.58,525848.6594496225,164640.38944962237,262.92432972481123,164377.46511989756,21033.9463779849,1.0,,5
2021-04-01,DEN,PLAN,425,50.87,542016.7612096223,155439.53120962236,271.0083806048111,155168.52282901754,21680.67044838489,1.0,,5
2021-04-05,SM,PLAN,1259,17.26,544185.3092096224,133725.83920962235,272.09265460481123,133453.74655501754,21767.4123683849,1.0,,5
2021-04-06,TPL,PLAN,13,1595.49,549958.3889396224,111648.37893962236,274.9791944698112,111373.39974515255,21998.3355575849,1.0,,5
2021-04-07,CPE,PLAN,555,38.94,541364.8031909342,90792.48319093436,270.6824015954671,90521.8007893389,21654.59212763737,1.0,,5
2021-04-08,DBRG,PLAN,3220,6.76,544823.3788409345,69586.94884093436,272.41168942046727,69314.5371515139,21792.93515363738,1.0,,5
2021-04-28,ATKR,PLAN,289,76.87999999999998,556985.0550409344,66777.11504093435,278.4925275204672,66498.62251341388,22279.402201637375,1.0,,5
2021-05-25,CHRD,PLAN,256,82.95999999999998,533222.9901909344,59940.24019093435,266.6114950954672,59673.62869583889,21328.919607637377,1.0,,5
2021-06-10,DAC,PLAN,319,71.22,569183.1185658266,38721.5285658265,284.5915592829133,38436.93700654359,22767.324742633064,1.0,,5
2021-06-14,COF,PLAN,96,158.71,575991.2135758265,15663.503575826508,287.99560678791323,15375.507969038594,23039.64854303306,0.6673499354957817,,5
2021-08-17,ORLY,PLAN,38,599.77,572976.6828758265,80452.19287582651,286.4883414379133,80165.7045343886,22919.06731503306,1.0,,5
2021-08-18,LSI,PLAN,189,120.47,570976.9149301305,57691.20493013051,285.48845746506527,57405.716472665445,22839.076597205218,1.0,,5
2021-09-08,EPAM,PLAN,37,629.32,593967.7079481306,51131.65794813051,296.9838539740653,50834.67409415644,23758.708317925222,1.0,,5
2021-09-14,WST,PLAN,51,452.06,579988.4293981304,27829.82939813051,289.9942146990652,27539.835183431445,23199.537175925216,1.0,,5
2021-10-07,PRFT,PLAN,188,122.86,578713.9855681305,37828.47556813051,289.35699278406526,37539.118575346445,23148.559422725222,1.0,,5
2021-10-28,ASAN,PLAN,110,131.83,615466.3121681304,14834.482168130515,307.73315608406523,14526.74901204645,24618.652486725216,0.5900708424183457,,5
2021-11-01,INTU,Q0_SKIP,0,608.81,627932.2313681303,489.3513681305176,313.9661156840652,175.3852524464524,25117.289254725212,0.006982650502918339,CASH_SCARCITY,5
2021-11-01,ARES,PLAN,2,83.98999999999998,627932.2313681303,489.3513681305176,313.9661156840652,175.3852524464524,25117.289254725212,0.006982650502918339,,5
2021-12-13,FDS,PLAN,50,466.54,590430.9130381305,166834.1130381305,295.21545651906524,166538.89758161144,23617.23652152522,1.0,,5
2021-12-31,COST,PLAN,42,567.7,603014.2870381306,143712.3170381305,301.50714351906527,143410.80989461145,24120.571481525225,1.0,,5
2022-01-03,BLDR,PLAN,286,83.48999999999998,599518.1257781305,119957.32577813051,299.75906288906526,119657.56671524145,23980.72503112522,1.0,,5
2022-01-04,WIRE,PLAN,169,141.71,600757.3688181305,95823.59881813051,300.3786844090652,95523.22013372145,24030.294752725218,1.0,,5
2022-01-05,PLD,PLAN,147,157.65,582147.5975781304,71808.36757813052,291.0737987890652,71517.29377934146,23285.903903125218,1.0,,5
2022-01-06,ACLS,PLAN,324,72.17,586253.8653681304,48643.015368130524,293.1269326840652,48349.88843544646,23450.154614725216,1.0,,5
2022-01-12,ON,PLAN,343,66.49,572148.7125681305,25230.202568130524,286.07435628406523,24944.12821184646,22885.94850272522,1.0,,5
2022-02-16,VET,PLAN,1209,17.5,529705.0018681306,66748.85186813051,264.85250093406535,66483.99936719645,21188.200074725228,1.0,,5
2022-02-18,CVE,PLAN,1357,15.37,522068.07407813054,45949.89407813052,261.03403703906525,45688.86004109146,20882.722963125223,1.0,,5
2022-02-22,CVX,PLAN,155,132.4,513986.84205813054,24406.352058130524,256.9934210290653,24149.358637101457,20559.47368232522,1.0,,5
2022-04-06,ABBV,PLAN,130,168.91,550999.1186781304,62679.92867813053,275.49955933906523,62404.429118791464,22039.964747125217,1.0,,5
2022-04-07,MCK,PLAN,69,320.14,557269.0915781306,40861.03157813053,278.6345457890653,40582.39703234147,22290.763663125224,1.0,,5
2022-04-08,PCRX,PLAN,225,81.64,558804.5211981306,18688.501198130536,279.4022605990653,18409.09893753147,22352.18084792522,0.8235929667346192,,5
2022-05-12,AMR,PLAN,132,153.01,508062.05765813054,41141.05765813054,254.03102882906526,40887.02662930148,20322.482306325222,1.0,,5
2022-05-24,BMY,PLAN,269,77.12999999999998,520779.78600813047,56389.026008130546,260.38989300406524,56128.63611512648,20831.19144032522,1.0,,5
2022-05-25,SRE,PLAN,126,166.74,528778.8298381305,52391.71983813056,264.38941491906525,52127.33042321149,21151.15319352522,1.0,,5
2022-06-21,STNG,PLAN,526,37.35,491898.7382381306,82346.54823813056,245.9493691190653,82100.5988690115,19675.949529525224,1.0,,5
2022-06-22,PBF,PLAN,572,33.8,484108.23211813055,63591.692118130566,242.05411605906528,63349.6380020715,19364.329284725223,1.0,,5
2022-06-27,MRK,PLAN,209,94.41,496141.37639813055,115455.40639813057,248.07068819906527,115207.3357099315,19845.65505592522,1.0,,5
2022-07-08,HRB,PLAN,512,37.27,477581.87219813047,200747.91219813054,238.79093609906525,200509.12126203146,19103.274887925218,1.0,,5
2022-07-15,LNTH,PLAN,270,70.65,478155.0232581305,194780.38325813055,239.07751162906524,194541.3057465015,19126.20093032522,1.0,,5
2022-07-18,CNR,PLAN,327,57.81,473771.79825813044,175456.07825813055,236.88589912906522,175219.1923590015,18950.87193032522,1.0,,5
2022-07-25,GO,PLAN,437,44.4,485694.0715381306,156680.60153813055,242.8470357690653,156437.7545023615,19427.762861525225,1.0,,5
2022-07-26,GLNG,PLAN,858,22.62,486072.7004281304,137420.25042813056,243.0363502140652,137177.2140779165,19442.908017125217,1.0,,5
2022-07-27,SAIL1,PLAN,308,63.64,491292.5261881306,117426.03618813056,245.64626309406532,117180.38992503649,19651.701047525225,1.0,,5
2022-07-29,SWCH,PLAN,583,33.81,493765.94658813067,97786.81658813056,246.88297329406535,97539.9336148365,19750.637863525226,1.0,,5
2022-08-02,CHNG,PLAN,808,24.23,490176.8178681306,78038.36786813056,245.08840893406528,77793.27945919649,19607.072714725222,1.0,,5
2022-08-03,ACC,PLAN,297,65.38,487502.96314813057,58554.18314813056,243.75148157406528,58310.4316665565,19500.118525925223,1.0,,5
2022-08-04,MNDT,PLAN,843,22.79,481182.4152881306,39116.90528813057,240.5912076440653,38876.3140804865,19247.296611525224,1.0,,5
2022-08-05,CTIC,PLAN,2619,7.429999999999999,487042.70174813055,19894.16174813057,243.5213508740653,19650.640397256506,19481.708069925222,1.0,,5
2022-08-08,TH,Q0_SKIP,0,13.99,488567.0685681306,251.35856813057035,244.2835342840653,7.07503384650505,19542.682742725225,0.00036202981646103505,CASH_SCARCITY,5
2022-08-08,MUSA,Q0_SKIP,0,284.75,488567.0685681306,251.35856813057035,244.2835342840653,7.07503384650505,19542.682742725225,0.00036202981646103505,CASH_SCARCITY,5
2022-08-08,SWIR,Q0_SKIP,0,30.53,488567.0685681306,251.35856813057035,244.2835342840653,7.07503384650505,19542.682742725225,0.00036202981646103505,CASH_SCARCITY,5
2022-08-08,ACHC,Q0_SKIP,0,81.09,488567.0685681306,251.35856813057035,244.2835342840653,7.07503384650505,19542.682742725225,0.00036202981646103505,CASH_SCARCITY,5
2022-08-08,LHCG,Q0_SKIP,0,161.81,488567.0685681306,251.35856813057035,244.2835342840653,7.07503384650505,19542.682742725225,0.00036202981646103505,CASH_SCARCITY,5
2022-08-08,NFE,Q0_SKIP,0,52.81,488567.0685681306,251.35856813057035,244.2835342840653,7.07503384650505,19542.682742725225,0.00036202981646103505,CASH_SCARCITY,5
2022-08-08,VTNRQ,Q0_SKIP,0,13.98,488567.0685681306,251.35856813057035,244.2835342840653,7.07503384650505,19542.682742725225,0.00036202981646103505,CASH_SCARCITY,5
2022-08-08,SQM,Q0_SKIP,0,96.08,488567.0685681306,251.35856813057035,244.2835342840653,7.07503384650505,19542.682742725225,0.00036202981646103505,CASH_SCARCITY,5
2022-08-08,CI,Q0_SKIP,0,281.77,488567.0685681306,251.35856813057035,244.2835342840653,7.07503384650505,19542.682742725225,0.00036202981646103505,CASH_SCARCITY,5
2022-08-08,TMDX,Q0_SKIP,0,46.05,488567.0685681306,251.35856813057035,244.2835342840653,7.07503384650505,19542.682742725225,0.00036202981646103505,CASH_SCARCITY,5
2022-08-08,HAE,Q0_SKIP,0,68.65,488567.0685681306,251.35856813057035,244.2835342840653,7.07503384650505,19542.682742725225,0.00036202981646103505,CASH_SCARCITY,5
2022-08-08,EQT,Q0_SKIP,0,41.34,488567.0685681306,251.35856813057035,244.2835342840653,7.07503384650505,19542.682742725225,0.00036202981646103505,CASH_SCARCITY,5
2022-08-08,WWE,Q0_SKIP,0,71.66,488567.0685681306,251.35856813057035,244.2835342840653,7.07503384650505,19542.682742725225,0.00036202981646103505,CASH_SCARCITY,5
2022-08-08,EVH,Q0_SKIP,0,35.36,488567.0685681306,251.35856813057035,244.2835342840653,7.07503384650505,19542.682742725225,0.00036202981646103505,CASH_SCARCITY,5
2022-08-08,ROL,Q0_SKIP,0,37.78,488567.0685681306,251.35856813057035,244.2835342840653,7.07503384650505,19542.682742725225,0.00036202981646103505,CASH_SCARCITY,5
2022-08-08,K,Q0_SKIP,0,74.68,488567.0685681306,251.35856813057035,244.2835342840653,7.07503384650505,19542.682742725225,0.00036202981646103505,CASH_SCARCITY,5
2022-08-08,TPL,Q0_SKIP,0,1710.94,488567.0685681306,251.35856813057035,244.2835342840653,7.07503384650505,19542.682742725225,0.00036202981646103505,CASH_SCARCITY,5
2022-08-08,ADC,Q0_SKIP,0,77.47,488567.0685681306,251.35856813057035,244.2835342840653,7.07503384650505,19542.682742725225,0.00036202981646103505,CASH_SCARCITY,5
2022-08-08,EXLS,Q0_SKIP,0,173.39,488567.0685681306,251.35856813057035,244.2835342840653,7.07503384650505,19542.682742725225,0.00036202981646103505,CASH_SCARCITY,5
2022-08-08,AR,Q0_SKIP,0,36.02,488567.0685681306,251.35856813057035,244.2835342840653,7.07503384650505,19542.682742725225,0.00036202981646103505,CASH_SCARCITY,5
2022-08-08,PRVA,Q0_SKIP,0,37.71,488567.0685681306,251.35856813057035,244.2835342840653,7.07503384650505,19542.682742725225,0.00036202981646103505,CASH_SCARCITY,5
2022-08-08,SIGA,Q0_SKIP,0,22.19,488567.0685681306,251.35856813057035,244.2835342840653,7.07503384650505,19542.682742725225,0.00036202981646103505,CASH_SCARCITY,5
2022-08-08,BAH,Q0_SKIP,0,94.41,488567.0685681306,251.35856813057035,244.2835342840653,7.07503384650505,19542.682742725225,0.00036202981646103505,CASH_SCARCITY,5
2022-08-08,GTLS,Q0_SKIP,0,203.2,488567.0685681306,251.35856813057035,244.2835342840653,7.07503384650505,19542.682742725225,0.00036202981646103505,CASH_SCARCITY,5
2022-08-08,RFP,Q0_SKIP,0,20.39,488567.0685681306,251.35856813057035,244.2835342840653,7.07503384650505,19542.682742725225,0.00036202981646103505,CASH_SCARCITY,5
2022-08-08,HII,Q0_SKIP,0,223.09,488567.0685681306,251.35856813057035,244.2835342840653,7.07503384650505,19542.682742725225,0.00036202981646103505,CASH_SCARCITY,5
2022-08-08,SJI,Q0_SKIP,0,34.26,488567.0685681306,251.35856813057035,244.2835342840653,7.07503384650505,19542.682742725225,0.00036202981646103505,CASH_SCARCITY,5
2022-08-08,DG,Q0_SKIP,0,255.3,488567.0685681306,251.35856813057035,244.2835342840653,7.07503384650505,19542.682742725225,0.00036202981646103505,CASH_SCARCITY,5
2022-08-08,TSEM,Q0_SKIP,0,47.64,488567.0685681306,251.35856813057035,244.2835342840653,7.07503384650505,19542.682742725225,0.00036202981646103505,CASH_SCARCITY,5
2022-08-08,CVI,Q0_SKIP,0,31.76,488567.0685681306,251.35856813057035,244.2835342840653,7.07503384650505,19542.682742725225,0.00036202981646103505,CASH_SCARCITY,5
2022-08-08,CPRX,Q0_SKIP,0,10.87,488567.0685681306,251.35856813057035,244.2835342840653,7.07503384650505,19542.682742725225,0.00036202981646103505,CASH_SCARCITY,5
2022-08-08,CRK,Q0_SKIP,0,14.84,488567.0685681306,251.35856813057035,244.2835342840653,7.07503384650505,19542.682742725225,0.00036202981646103505,CASH_SCARCITY,5
2022-08-08,ENPH,Q0_SKIP,0,287.74,488567.0685681306,251.35856813057035,244.2835342840653,7.07503384650505,19542.682742725225,0.00036202981646103505,CASH_SCARCITY,5
2022-08-08,AGL,Q0_SKIP,0,27.07,488567.0685681306,251.35856813057035,244.2835342840653,7.07503384650505,19542.682742725225,0.00036202981646103505,CASH_SCARCITY,5
2022-08-08,OPCH,Q0_SKIP,0,34.91,488567.0685681306,251.35856813057035,244.2835342840653,7.07503384650505,19542.682742725225,0.00036202981646103505,CASH_SCARCITY,5
2022-08-08,UNM,Q0_SKIP,0,35.93,488567.0685681306,251.35856813057035,244.2835342840653,7.07503384650505,19542.682742725225,0.00036202981646103505,CASH_SCARCITY,5
2022-08-08,AMR,Q0_SKIP,0,141.29,488567.0685681306,251.35856813057035,244.2835342840653,7.07503384650505,19542.682742725225,0.00036202981646103505,CASH_SCARCITY,5
2022-08-08,Y,Q0_SKIP,0,837.25,488567.0685681306,251.35856813057035,244.2835342840653,7.07503384650505,19542.682742725225,0.00036202981646103505,CASH_SCARCITY,5
2022-08-08,LW,Q0_SKIP,0,80.0,488567.0685681306,251.35856813057035,244.2835342840653,7.07503384650505,19542.682742725225,0.00036202981646103505,CASH_SCARCITY,5
2022-08-08,FHN,Q0_SKIP,0,22.88,488567.0685681306,251.35856813057035,244.2835342840653,7.07503384650505,19542.682742725225,0.00036202981646103505,CASH_SCARCITY,5
2022-08-08,SGEN,Q0_SKIP,0,178.33,488567.0685681306,251.35856813057035,244.2835342840653,7.07503384650505,19542.682742725225,0.00036202981646103505,CASH_SCARCITY,5
2022-08-08,CELH,Q0_SKIP,0,101.32,488567.0685681306,251.35856813057035,244.2835342840653,7.07503384650505,19542.682742725225,0.00036202981646103505,CASH_SCARCITY,5
2022-08-08,NBIX,Q0_SKIP,0,104.59,488567.0685681306,251.35856813057035,244.2835342840653,7.07503384650505,19542.682742725225,0.00036202981646103505,CASH_SCARCITY,5
2022-08-08,CYTK,Q0_SKIP,0,53.54,488567.0685681306,251.35856813057035,244.2835342840653,7.07503384650505,19542.682742725225,0.00036202981646103505,CASH_SCARCITY,5
2022-08-08,EDU,Q0_SKIP,0,24.54,488567.0685681306,251.35856813057035,244.2835342840653,7.07503384650505,19542.682742725225,0.00036202981646103505,CASH_SCARCITY,5
2022-08-08,DK,Q0_SKIP,0,24.25,488567.0685681306,251.35856813057035,244.2835342840653,7.07503384650505,19542.682742725225,0.00036202981646103505,CASH_SCARCITY,5
2022-08-08,CSL,Q0_SKIP,0,302.7,488567.0685681306,251.35856813057035,244.2835342840653,7.07503384650505,19542.682742725225,0.00036202981646103505,CASH_SCARCITY,5
2022-08-08,ORA,Q0_SKIP,0,91.15,488567.0685681306,251.35856813057035,244.2835342840653,7.07503384650505,19542.682742725225,0.00036202981646103505,CASH_SCARCITY,5
2022-08-08,DINO,Q0_SKIP,0,47.15,488567.0685681306,251.35856813057035,244.2835342840653,7.07503384650505,19542.682742725225,0.00036202981646103505,CASH_SCARCITY,5
2022-08-08,PTEN,Q0_SKIP,0,14.37,488567.0685681306,251.35856813057035,244.2835342840653,7.07503384650505,19542.682742725225,0.00036202981646103505,CASH_SCARCITY,5
2022-08-08,SWN,PLAN,1,6.54,488567.0685681306,251.35856813057035,244.2835342840653,7.07503384650505,19542.682742725225,0.00036202981646103505,,5
2022-08-09,MUSA,Q0_SKIP,0,284.76,492293.67856813053,251.35856813057035,246.14683928406527,5.211728846505082,19691.74714272522,0.00026466563930212087,CASH_SCARCITY,5
2022-08-09,TH,Q0_SKIP,0,12.26,492293.67856813053,251.35856813057035,246.14683928406527,5.211728846505082,19691.74714272522,0.00026466563930212087,CASH_SCARCITY,5
2022-08-09,ACHC,Q0_SKIP,0,79.59,492293.67856813053,251.35856813057035,246.14683928406527,5.211728846505082,19691.74714272522,0.00026466563930212087,CASH_SCARCITY,5
2022-08-09,LHCG,Q0_SKIP,0,162.6,492293.67856813053,251.35856813057035,246.14683928406527,5.211728846505082,19691.74714272522,0.00026466563930212087,CASH_SCARCITY,5
2022-08-09,NFE,Q0_SKIP,0,54.92,492293.67856813053,251.35856813057035,246.14683928406527,5.211728846505082,19691.74714272522,0.00026466563930212087,CASH_SCARCITY,5
2022-08-09,SWIR,Q0_SKIP,0,30.69,492293.67856813053,251.35856813057035,246.14683928406527,5.211728846505082,19691.74714272522,0.00026466563930212087,CASH_SCARCITY,5
2022-08-09,EQT,Q0_SKIP,0,42.91,492293.67856813053,251.35856813057035,246.14683928406527,5.211728846505082,19691.74714272522,0.00026466563930212087,CASH_SCARCITY,5
2022-08-09,CI,Q0_SKIP,0,285.04,492293.67856813053,251.35856813057035,246.14683928406527,5.211728846505082,19691.74714272522,0.00026466563930212087,CASH_SCARCITY,5
2022-08-09,TMDX,Q0_SKIP,0,43.92,492293.67856813053,251.35856813057035,246.14683928406527,5.211728846505082,19691.74714272522,0.00026466563930212087,CASH_SCARCITY,5
2022-08-09,HAE,Q0_SKIP,0,67.59,492293.67856813053,251.35856813057035,246.14683928406527,5.211728846505082,19691.74714272522,0.00026466563930212087,CASH_SCARCITY,5
2022-08-09,ROL,Q0_SKIP,0,37.04,492293.67856813053,251.35856813057035,246.14683928406527,5.211728846505082,19691.74714272522,0.00026466563930212087,CASH_SCARCITY,5
2022-08-09,K,Q0_SKIP,0,75.2,492293.67856813053,251.35856813057035,246.14683928406527,5.211728846505082,19691.74714272522,0.00026466563930212087,CASH_SCARCITY,5
2022-08-09,TPL,Q0_SKIP,0,1711.0,492293.67856813053,251.35856813057035,246.14683928406527,5.211728846505082,19691.74714272522,0.00026466563930212087,CASH_SCARCITY,5
2022-08-09,SQM,Q0_SKIP,0,97.45,492293.67856813053,251.35856813057035,246.14683928406527,5.211728846505082,19691.74714272522,0.00026466563930212087,CASH_SCARCITY,5
2022-08-09,AR,Q0_SKIP,0,37.35,492293.67856813053,251.35856813057035,246.14683928406527,5.211728846505082,19691.74714272522,0.00026466563930212087,CASH_SCARCITY,5
2022-08-09,ADC,Q0_SKIP,0,77.83,492293.67856813053,251.35856813057035,246.14683928406527,5.211728846505082,19691.74714272522,0.00026466563930212087,CASH_SCARCITY,5
2022-08-09,EXLS,Q0_SKIP,0,173.19,492293.67856813053,251.35856813057035,246.14683928406527,5.211728846505082,19691.74714272522,0.00026466563930212087,CASH_SCARCITY,5
2022-08-09,BAH,Q0_SKIP,0,95.76,492293.67856813053,251.35856813057035,246.14683928406527,5.211728846505082,19691.74714272522,0.00026466563930212087,CASH_SCARCITY,5
2022-08-09,EVH,Q0_SKIP,0,35.15,492293.67856813053,251.35856813057035,246.14683928406527,5.211728846505082,19691.74714272522,0.00026466563930212087,CASH_SCARCITY,5
2022-08-09,WWE,Q0_SKIP,0,72.12999999999998,492293.67856813053,251.35856813057035,246.14683928406527,5.211728846505082,19691.74714272522,0.00026466563930212087,CASH_SCARCITY,5
2022-08-09,RFP,Q0_SKIP,0,20.59,492293.67856813053,251.35856813057035,246.14683928406527,5.211728846505082,19691.74714272522,0.00026466563930212087,CASH_SCARCITY,5
2022-08-09,CRK,Q0_SKIP,0,15.85,492293.67856813053,251.35856813057035,246.14683928406527,5.211728846505082,19691.74714272522,0.00026466563930212087,CASH_SCARCITY,5
2022-08-09,OXY,Q0_SKIP,0,62.41,492293.67856813053,251.35856813057035,246.14683928406527,5.211728846505082,19691.74714272522,0.00026466563930212087,CASH_SCARCITY,5
2022-08-09,SJI,Q0_SKIP,0,34.26,492293.67856813053,251.35856813057035,246.14683928406527,5.211728846505082,19691.74714272522,0.00026466563930212087,CASH_SCARCITY,5
2022-08-09,VRTX,Q0_SKIP,0,298.83,492293.67856813053,251.35856813057035,246.14683928406527,5.211728846505082,19691.74714272522,0.00026466563930212087,CASH_SCARCITY,5
2022-08-09,DG,Q0_SKIP,0,253.96,492293.67856813053,251.35856813057035,246.14683928406527,5.211728846505082,19691.74714272522,0.00026466563930212087,CASH_SCARCITY,5
2022-08-09,SIGA,Q0_SKIP,0,22.79,492293.67856813053,251.35856813057035,246.14683928406527,5.211728846505082,19691.74714272522,0.00026466563930212087,CASH_SCARCITY,5
2022-08-09,GTLS,Q0_SKIP,0,200.68,492293.67856813053,251.35856813057035,246.14683928406527,5.211728846505082,19691.74714272522,0.00026466563930212087,CASH_SCARCITY,5
2022-08-09,CEG,Q0_SKIP,0,75.72,492293.67856813053,251.35856813057035,246.14683928406527,5.211728846505082,19691.74714272522,0.00026466563930212087,CASH_SCARCITY,5
2022-08-09,HII,Q0_SKIP,0,225.49,492293.67856813053,251.35856813057035,246.14683928406527,5.211728846505082,19691.74714272522,0.00026466563930212087,CASH_SCARCITY,5
2022-08-09,CVI,Q0_SKIP,0,33.12,492293.67856813053,251.35856813057035,246.14683928406527,5.211728846505082,19691.74714272522,0.00026466563930212087,CASH_SCARCITY,5
2022-08-09,TSEM,Q0_SKIP,0,47.61,492293.67856813053,251.35856813057035,246.14683928406527,5.211728846505082,19691.74714272522,0.00026466563930212087,CASH_SCARCITY,5
2022-08-09,Y,Q0_SKIP,0,837.0299999999999,492293.67856813053,251.35856813057035,246.14683928406527,5.211728846505082,19691.74714272522,0.00026466563930212087,CASH_SCARCITY,5
2022-08-09,PRVA,Q0_SKIP,0,36.8,492293.67856813053,251.35856813057035,246.14683928406527,5.211728846505082,19691.74714272522,0.00026466563930212087,CASH_SCARCITY,5
2022-08-09,UNM,Q0_SKIP,0,36.79,492293.67856813053,251.35856813057035,246.14683928406527,5.211728846505082,19691.74714272522,0.00026466563930212087,CASH_SCARCITY,5
2022-08-09,HUM,Q0_SKIP,0,487.74,492293.67856813053,251.35856813057035,246.14683928406527,5.211728846505082,19691.74714272522,0.00026466563930212087,CASH_SCARCITY,5
2022-08-09,NBIX,Q0_SKIP,0,107.66,492293.67856813053,251.35856813057035,246.14683928406527,5.211728846505082,19691.74714272522,0.00026466563930212087,CASH_SCARCITY,5
2022-08-09,AMR,Q0_SKIP,0,131.42,492293.67856813053,251.35856813057035,246.14683928406527,5.211728846505082,19691.74714272522,0.00026466563930212087,CASH_SCARCITY,5
2022-08-09,OPCH,Q0_SKIP,0,34.37,492293.67856813053,251.35856813057035,246.14683928406527,5.211728846505082,19691.74714272522,0.00026466563930212087,CASH_SCARCITY,5
2022-08-09,ENPH,Q0_SKIP,0,290.82,492293.67856813053,251.35856813057035,246.14683928406527,5.211728846505082,19691.74714272522,0.00026466563930212087,CASH_SCARCITY,5
2022-08-09,FHN,Q0_SKIP,0,22.94,492293.67856813053,251.35856813057035,246.14683928406527,5.211728846505082,19691.74714272522,0.00026466563930212087,CASH_SCARCITY,5
2022-08-09,NLSN,Q0_SKIP,0,27.52,492293.67856813053,251.35856813057035,246.14683928406527,5.211728846505082,19691.74714272522,0.00026466563930212087,CASH_SCARCITY,5
2022-08-09,AGL,Q0_SKIP,0,26.35,492293.67856813053,251.35856813057035,246.14683928406527,5.211728846505082,19691.74714272522,0.00026466563930212087,CASH_SCARCITY,5
2022-08-09,CSL,Q0_SKIP,0,301.2,492293.67856813053,251.35856813057035,246.14683928406527,5.211728846505082,19691.74714272522,0.00026466563930212087,CASH_SCARCITY,5
2022-08-09,CELH,Q0_SKIP,0,93.38,492293.67856813053,251.35856813057035,246.14683928406527,5.211728846505082,19691.74714272522,0.00026466563930212087,CASH_SCARCITY,5
2022-08-09,DLTR,Q0_SKIP,0,168.95,492293.67856813053,251.35856813057035,246.14683928406527,5.211728846505082,19691.74714272522,0.00026466563930212087,CASH_SCARCITY,5
2022-08-09,LW,Q0_SKIP,0,79.4,492293.67856813053,251.35856813057035,246.14683928406527,5.211728846505082,19691.74714272522,0.00026466563930212087,CASH_SCARCITY,5
2022-08-09,SWN,Q0_SKIP,0,6.77,492293.67856813053,251.35856813057035,246.14683928406527,5.211728846505082,19691.74714272522,0.00026466563930212087,CASH_SCARCITY,5
2022-08-09,RRC,Q0_SKIP,0,32.17,492293.67856813053,251.35856813057035,246.14683928406527,5.211728846505082,19691.74714272522,0.00026466563930212087,CASH_SCARCITY,5
2022-08-09,ARGX,Q0_SKIP,0,374.03,492293.67856813053,251.35856813057035,246.14683928406527,5.211728846505082,19691.74714272522,0.00026466563930212087,CASH_SCARCITY,5
2022-08-09,DINO,Q0_SKIP,0,49.29,492293.67856813053,251.35856813057035,246.14683928406527,5.211728846505082,19691.74714272522,0.00026466563930212087,CASH_SCARCITY,5
2022-08-09,GPK,Q0_SKIP,0,22.86,492293.67856813053,251.35856813057035,246.14683928406527,5.211728846505082,19691.74714272522,0.00026466563930212087,CASH_SCARCITY,5
2022-08-09,SWAV,Q0_SKIP,0,259.61,492293.67856813053,251.35856813057035,246.14683928406527,5.211728846505082,19691.74714272522,0.00026466563930212087,CASH_SCARCITY,5
2022-08-09,KNSL,Q0_SKIP,0,264.31,492293.67856813053,251.35856813057035,246.14683928406527,5.211728846505082,19691.74714272522,0.00026466563930212087,CASH_SCARCITY,5
2022-08-09,VLO,Q0_SKIP,0,110.67,492293.67856813053,251.35856813057035,246.14683928406527,5.211728846505082,19691.74714272522,0.00026466563930212087,CASH_SCARCITY,5
2022-08-09,PTEN,Q0_SKIP,0,14.66,492293.67856813053,251.35856813057035,246.14683928406527,5.211728846505082,19691.74714272522,0.00026466563930212087,CASH_SCARCITY,5
2022-08-09,NEX,Q0_SKIP,0,8.74,492293.67856813053,251.35856813057035,246.14683928406527,5.211728846505082,19691.74714272522,0.00026466563930212087,CASH_SCARCITY,5
2022-08-09,DK,Q0_SKIP,0,25.76,492293.67856813053,251.35856813057035,246.14683928406527,5.211728846505082,19691.74714272522,0.00026466563930212087,CASH_SCARCITY,5
2022-08-09,LRN,Q0_SKIP,0,42.68,492293.67856813053,251.35856813057035,246.14683928406527,5.211728846505082,19691.74714272522,0.00026466563930212087,CASH_SCARCITY,5
2022-08-09,CYTK,Q0_SKIP,0,52.5,492293.67856813053,251.35856813057035,246.14683928406527,5.211728846505082,19691.74714272522,0.00026466563930212087,CASH_SCARCITY,5
2022-08-09,ORA,Q0_SKIP,0,89.90999999999998,492293.67856813053,251.35856813057035,246.14683928406527,5.211728846505082,19691.74714272522,0.00026466563930212087,CASH_SCARCITY,5
2022-08-09,CF,Q0_SKIP,0,102.6,492293.67856813053,251.35856813057035,246.14683928406527,5.211728846505082,19691.74714272522,0.00026466563930212087,CASH_SCARCITY,5
2022-08-09,OSH,Q0_SKIP,0,29.27,492293.67856813053,251.35856813057035,246.14683928406527,5.211728846505082,19691.74714272522,0.00026466563930212087,CASH_SCARCITY,5
2022-08-09,AUY,PLAN,1,4.99,492293.67856813053,251.35856813057035,246.14683928406527,5.211728846505082,19691.74714272522,0.00026466563930212087,,5
2022-08-29,MUSA,PLAN,67,299.84,506543.7760681305,40508.22606813057,253.27188803406526,40254.95418009651,20261.75104272522,1.0,,5
2022-08-30,GPC,PLAN,127,156.21,496668.7171581306,20339.167158130575,248.3343585790653,20090.83279955151,19866.748686325223,1.0,,5
2022-09-23,INSW,PLAN,564,33.68,475764.05348813056,20536.263488130575,237.88202674406529,20298.38146138651,19030.562139525224,1.0,,5
2022-09-28,DHT,PLAN,169,8.13,490293.58948813064,1623.3694881305782,245.14679474406532,1378.222693386513,19611.743579525228,0.07027537800491056,,5
2022-10-24,ELF,PLAN,488,41.66,509113.14133813063,67172.30133813058,254.5565706690653,66917.74476746151,20364.525653525227,1.0,,5
2022-10-28,FSLR,PLAN,158,132.67,527193.8209381305,46631.380938130584,263.5969104690653,46367.78402766152,21087.75283752522,1.0,,5
2022-11-11,AVEO,PLAN,1413,14.79,523270.0707981306,42427.35079813058,261.6350353990653,42165.71576273152,20930.802831925223,1.0,,5
2022-11-15,NUVL,PLAN,650,32.61,530810.8182381304,42144.81823813058,265.4054091190652,41879.41282901152,21232.43272952522,1.0,,5
2022-11-16,MYOV,PLAN,789,26.8,529194.5297381306,39865.019738130584,264.5972648690653,39600.42247326152,21167.781189525227,1.0,,5
2022-12-19,ERIE,PLAN,76,271.4,520251.21310813056,59370.993108130584,260.12560655406526,59110.86750157652,20810.048524325222,1.0,,5
2022-12-20,TTC,PLAN,186,112.02,523874.96338813065,38680.603388130585,261.93748169406535,38418.66590643652,20954.998535525225,1.0,,5
2022-12-21,RMBS,PLAN,492,37.0,530022.4184281306,18505.48842813059,265.0112092140653,18240.477218916523,21200.896737125222,0.860363476370098,,5
2023-01-09,AAWW,PLAN,190,101.2,507530.9089481306,19525.238948130598,253.7654544740653,19271.473493656533,20301.236357925223,0.9492758546271154,,5
2023-02-02,WFRD,PLAN,374,55.4,519168.1490881307,40923.4390881306,259.58407454406534,40663.85501358654,20766.725963525227,1.0,,5
2023-02-03,YPF,PLAN,1772,11.18,521105.7234681307,20097.0134681306,260.55286173406535,19836.460606396537,20844.228938725228,0.9516524053112648,,5
2023-02-16,TDW,PLAN,7,45.06,543625.9383481307,614.7783481305989,271.81296917406536,342.9653789565336,21745.037533925228,0.01577212172761076,,5
2023-03-06,ALGM,PLAN,484,45.35,549599.9480781306,36493.7180781306,274.7999740390653,36218.918104091535,21983.997923125225,1.0,,5
2023-03-31,NSIT,PLAN,153,142.96,548784.0754781306,56865.515478130605,274.3920377390653,56591.12344039154,21951.363019125223,1.0,,5
2023-04-03,IPAR,PLAN,150,146.42,550662.0229781306,35041.21297813061,275.3310114890653,34765.881966641544,22026.480919125224,1.0,,5
2023-04-24,WYNN,PLAN,194,114.48,558451.9639781306,28681.413978130608,279.2259819890653,28402.187996141543,22338.078559125224,1.0,,5
2023-05-02,NVO,PLAN,38,167.2,541860.0507981306,6646.2207981306055,270.9300253990653,6375.2907727315405,21674.402031925223,0.29413917686592145,,5
2023-05-05,PEN,PLAN,70,310.08,545407.0207981307,23233.170798130606,272.70351039906535,22960.467287731542,21816.280831925225,1.0,,5
2023-06-06,BLDR,PLAN,15,123.92,562711.0098981305,2149.759898130607,281.3555049490653,1868.4043931815415,22508.440395925223,0.08300905617253627,,5
2023-06-07,TPH,Q0_SKIP,0,32.29,561977.8328981305,290.9028981306071,280.98891644906524,9.913981681541884,22479.11331592522,0.00044103081568250166,CASH_SCARCITY,5
2023-06-07,GRBK,Q0_SKIP,0,55.14,561977.8328981305,290.9028981306071,280.98891644906524,9.913981681541884,22479.11331592522,0.00044103081568250166,CASH_SCARCITY,5
2023-06-07,PHM,Q0_SKIP,0,71.57,561977.8328981305,290.9028981306071,280.98891644906524,9.913981681541884,22479.11331592522,0.00044103081568250166,CASH_SCARCITY,5
2023-06-07,SPOT,Q0_SKIP,0,148.31,561977.8328981305,290.9028981306071,280.98891644906524,9.913981681541884,22479.11331592522,0.00044103081568250166,CASH_SCARCITY,5
2023-06-07,FOCS,Q0_SKIP,0,52.33,561977.8328981305,290.9028981306071,280.98891644906524,9.913981681541884,22479.11331592522,0.00044103081568250166,CASH_SCARCITY,5
2023-06-07,MTH,Q0_SKIP,0,130.35,561977.8328981305,290.9028981306071,280.98891644906524,9.913981681541884,22479.11331592522,0.00044103081568250166,CASH_SCARCITY,5
2023-06-07,IDCC,Q0_SKIP,0,86.72,561977.8328981305,290.9028981306071,280.98891644906524,9.913981681541884,22479.11331592522,0.00044103081568250166,CASH_SCARCITY,5
2023-06-07,VKTX,Q0_SKIP,0,24.36,561977.8328981305,290.9028981306071,280.98891644906524,9.913981681541884,22479.11331592522,0.00044103081568250166,CASH_SCARCITY,5
2023-06-07,COCO,Q0_SKIP,0,26.08,561977.8328981305,290.9028981306071,280.98891644906524,9.913981681541884,22479.11331592522,0.00044103081568250166,CASH_SCARCITY,5
2023-06-07,IAS,Q0_SKIP,0,18.16,561977.8328981305,290.9028981306071,280.98891644906524,9.913981681541884,22479.11331592522,0.00044103081568250166,CASH_SCARCITY,5
2023-06-07,META,Q0_SKIP,0,263.6,561977.8328981305,290.9028981306071,280.98891644906524,9.913981681541884,22479.11331592522,0.00044103081568250166,CASH_SCARCITY,5
2023-06-07,THC,Q0_SKIP,0,74.64,561977.8328981305,290.9028981306071,280.98891644906524,9.913981681541884,22479.11331592522,0.00044103081568250166,CASH_SCARCITY,5
2023-06-07,KBH,Q0_SKIP,0,48.4,561977.8328981305,290.9028981306071,280.98891644906524,9.913981681541884,22479.11331592522,0.00044103081568250166,CASH_SCARCITY,5
2023-06-07,FTAI,Q0_SKIP,0,27.91,561977.8328981305,290.9028981306071,280.98891644906524,9.913981681541884,22479.11331592522,0.00044103081568250166,CASH_SCARCITY,5
2023-06-07,SYM,Q0_SKIP,0,40.25,561977.8328981305,290.9028981306071,280.98891644906524,9.913981681541884,22479.11331592522,0.00044103081568250166,CASH_SCARCITY,5
2023-06-07,PTGX,Q0_SKIP,0,28.99,561977.8328981305,290.9028981306071,280.98891644906524,9.913981681541884,22479.11331592522,0.00044103081568250166,CASH_SCARCITY,5
2023-06-07,APLS,Q0_SKIP,0,92.13,561977.8328981305,290.9028981306071,280.98891644906524,9.913981681541884,22479.11331592522,0.00044103081568250166,CASH_SCARCITY,5
2023-06-07,TMHC,Q0_SKIP,0,46.86,561977.8328981305,290.9028981306071,280.98891644906524,9.913981681541884,22479.11331592522,0.00044103081568250166,CASH_SCARCITY,5
2023-06-07,RCM,Q0_SKIP,0,16.96,561977.8328981305,290.9028981306071,280.98891644906524,9.913981681541884,22479.11331592522,0.00044103081568250166,CASH_SCARCITY,5
2023-06-07,CRM,Q0_SKIP,0,205.73,561977.8328981305,290.9028981306071,280.98891644906524,9.913981681541884,22479.11331592522,0.00044103081568250166,CASH_SCARCITY,5
2023-06-07,CX,PLAN,1,6.87,561977.8328981305,290.9028981306071,280.98891644906524,9.913981681541884,22479.11331592522,0.00044103081568250166,,5
2023-07-14,TPH,PLAN,700,33.67,590260.1060481307,58755.73604813061,295.1300530240653,58460.60599510655,23610.404241925226,1.0,,5
2023-07-17,NVDA,PLAN,51,464.61,597293.0020481305,35198.20204813061,298.64650102406523,34899.555547106545,23891.72008192522,1.0,,5
2023-07-18,MANH,PLAN,53,205.53,599135.2145381306,11356.874538130614,299.56760726906526,11057.306930861549,23965.408581525222,0.4613861221371187,,5
2023-09-27,CEG,PLAN,205,110.75,569746.2406081307,65420.50060813061,284.87312030406537,65135.62748782655,22789.849624325227,1.0,,5
2023-10-25,VRT,PLAN,589,37.39,551893.7220381306,142720.3920381306,275.9468610190653,142444.44517711154,22075.748881525225,1.0,,5
2023-10-26,UEC,PLAN,3886,5.63,547608.1585581305,122182.66855813061,273.80407927906526,121908.86447885154,21904.32634232522,1.0,,5
2023-10-27,ANF,PLAN,370,58.72,544334.9415181307,100243.71151813061,272.16747075906534,99971.54404737154,21773.39766072523,1.0,,5
2023-11-06,MMYT,PLAN,557,40.98,571509.8641381306,96602.88413813061,285.75493206906526,96317.12920606155,22860.394565525225,1.0,,5
2023-11-07,XPO,PLAN,280,81.12,568782.4167781306,74032.97677813061,284.3912083890653,73748.58556974155,22751.296671125223,1.0,,5
2023-11-14,CLS,PLAN,881,26.88,593078.6707781306,51204.17077813062,296.53933538906534,50907.63144274155,23723.146831125225,1.0,,5
2023-11-20,HRB,PLAN,518,45.97,596701.6737781307,27803.483778130623,298.35083688906536,27505.132941241558,23868.066951125227,1.0,,5
2023-11-27,CNR,PLAN,35,104.67,593875.0686581307,4034.6186581306247,296.9375343290654,3737.6811238015594,23755.00274632523,0.15734290430169529,,5
2023-11-30,AEO,PLAN,2,19.03,592467.0189581306,341.22895813062496,296.23350947906533,44.99544865155963,23698.680758325227,0.001898647823919606,,5
2024-02-08,CRWD,PLAN,68,323.04,694887.3355981305,22532.675598130623,347.4436677990652,22185.23193033156,27795.493423925218,0.7981593128055581,,5
2024-02-22,AGO,PLAN,37,85.26,724132.3291481305,3533.419148130626,362.0661645740652,3171.352983556561,28965.29316592522,0.10948803332974173,,5
2024-03-20,WING,PLAN,1,348.23,776573.0473081308,842.8773081306273,388.2865236540654,454.5907844765619,31062.92189232523,0.014634514616890514,,5
2024-07-15,TRGP,PLAN,171,134.34,888552.4991381308,23445.979138130628,444.2762495690654,23001.702888561562,35542.09996552523,0.6471678069352268,,5
2024-08-21,ADMA,PLAN,1901,17.84,848888.3019231304,140355.15192313062,424.4441509615652,139930.70777216906,33955.532076925214,1.0,,5
2024-08-29,AEM,PLAN,407,82.09,836663.2629331306,106121.96293313062,418.33163146656534,105703.63130166405,33466.53051732523,1.0,,5
2024-08-30,CRS,PLAN,232,144.77,842069.7220831306,72897.92208313063,421.0348610415653,72476.88722208906,33682.78888332522,1.0,,5
2024-09-04,LMT,PLAN,56,574.78,809548.3928831306,39714.51288313064,404.7741964415653,39309.73868668908,32381.935715325224,1.0,,5
2024-09-16,FOX,PLAN,896,36.77,825231.2700931306,80179.46009313065,412.61563504656533,79766.84445808409,33009.25080372523,1.0,,5
2024-10-07,AHR,PLAN,1367,24.94,853258.2841731308,47383.84417313064,426.62914208656537,46957.21503104407,34130.33136692523,1.0,,5
2024-10-08,AFL,PLAN,112,112.47,863792.0244931307,13119.93449313064,431.89601224656536,12688.038480884075,34551.68097972523,0.3672191372781359,,5
2024-10-09,IRM,Q0_SKIP,0,120.49,862398.2797331304,537.6047331306418,431.1991398665652,106.40559326407657,34495.931189325216,0.0030845838797650383,CASH_SCARCITY,5
2024-10-09,AKR,PLAN,4,23.22,862398.2797331304,537.6047331306418,431.1991398665652,106.40559326407657,34495.931189325216,0.0030845838797650383,,5
2024-12-02,CNK,PLAN,892,36.02,898788.8288031308,32633.323803130643,449.39441440156537,32183.929388729077,35951.553152125234,0.8952027538990082,,5
2024-12-12,LLYVK,PLAN,8,71.35,876633.4099231306,1020.569923130644,438.31670496156534,582.2532181690788,35065.336396925224,0.016604809136242446,,5
2024-12-17,UI,Q0_SKIP,0,340.21,863086.2393631305,618.7293631306443,431.54311968156526,187.18624344907903,34523.44957452522,0.005422002892410942,CASH_SCARCITY,5
2024-12-17,EXLS,PLAN,4,45.59,863086.2393631305,618.7293631306443,431.54311968156526,187.18624344907903,34523.44957452522,0.005422002892410942,,5
2024-12-18,CALM,Q0_SKIP,0,103.53,836831.7967631306,435.9467631306443,418.4158983815653,17.530864749079,33473.27187052523,0.0005237272536992639,CASH_SCARCITY,5
2024-12-18,PAM,Q0_SKIP,0,85.65,836831.7967631306,435.9467631306443,418.4158983815653,17.530864749079,33473.27187052523,0.0005237272536992639,CASH_SCARCITY,5
2024-12-18,RKLB,Q0_SKIP,0,22.92,836831.7967631306,435.9467631306443,418.4158983815653,17.530864749079,33473.27187052523,0.0005237272536992639,CASH_SCARCITY,5
2024-12-18,APP,Q0_SKIP,0,313.07,836831.7967631306,435.9467631306443,418.4158983815653,17.530864749079,33473.27187052523,0.0005237272536992639,CASH_SCARCITY,5
2024-12-18,JEF,Q0_SKIP,0,75.76,836831.7967631306,435.9467631306443,418.4158983815653,17.530864749079,33473.27187052523,0.0005237272536992639,CASH_SCARCITY,5
2024-12-18,SOFI,PLAN,1,15.24,836831.7967631306,435.9467631306443,418.4158983815653,17.530864749079,33473.27187052523,0.0005237272536992639,,5
2024-12-19,CALM,Q0_SKIP,0,104.37,838367.7967631306,435.9467631306443,419.1838983815653,16.76286474907897,33534.71187052522,0.0004998660735120976,CASH_SCARCITY,5
2024-12-19,RKLB,Q0_SKIP,0,23.22,838367.7967631306,435.9467631306443,419.1838983815653,16.76286474907897,33534.71187052522,0.0004998660735120976,CASH_SCARCITY,5
2024-12-19,PAM,Q0_SKIP,0,84.97,838367.7967631306,435.9467631306443,419.1838983815653,16.76286474907897,33534.71187052522,0.0004998660735120976,CASH_SCARCITY,5
2024-12-19,JEF,Q0_SKIP,0,75.26,838367.7967631306,435.9467631306443,419.1838983815653,16.76286474907897,33534.71187052522,0.0004998660735120976,CASH_SCARCITY,5
2024-12-19,SOFI,PLAN,1,15.03,838367.7967631306,435.9467631306443,419.1838983815653,16.76286474907897,33534.71187052522,0.0004998660735120976,,5
2025-03-07,VRNA,PLAN,503,64.65,814625.8656031308,227761.03560313064,407.3129328015654,227353.72267032907,32585.03462412523,1.0,,5
2025-03-18,LX,PLAN,3089,10.59,818835.1336031307,225262.19360313067,409.4175668015654,224852.7760363291,32753.40534412523,1.0,,5
2025-03-19,SRAD,PLAN,1460,22.8,833564.6773981306,194820.57739813067,416.78233869906535,194403.7950594316,33342.58709592523,1.0,,5
2025-03-20,ESLT,PLAN,80,413.0,831894.1473981306,161206.99739813068,415.9470736990653,160791.05032443162,33275.76589592522,1.0,,5
2025-04-02,EAT,PLAN,215,155.25,835311.7273981305,128636.66739813068,417.65586369906526,128219.01153443161,33412.46909592522,1.0,,5
2025-04-03,PYCR,PLAN,1435,22.46,807108.1939981307,97912.57399813068,403.5540969990654,97509.01990113161,32284.32775992523,1.0,,5
2025-04-04,SWI,PLAN,1655,18.37,761185.3415181309,116176.96151813072,380.5926707590654,115796.36884737165,30447.413660725233,1.0,,5
2025-04-07,ATSG,PLAN,1349,22.32,753642.3877681309,85943.00776813072,376.82119388406545,85566.18657424665,30145.695510725236,1.0,,5
2025-04-08,FNMA,PLAN,5760,5.2,749603.8402081308,79271.55020813072,374.8019201040654,78896.74828802666,29984.153608325232,1.0,,5
2025-05-06,VRSN,PLAN,117,283.22,829640.4882081307,142753.6182081307,414.82024410406535,142338.79796402663,33185.61952832523,1.0,,5
2025-05-07,CNP,PLAN,853,39.05,834222.7726381309,109584.91263813071,417.1113863190655,109167.80125181164,33368.91090552524,1.0,,5
2025-05-08,KC,PLAN,2287,14.23,814735.6191781308,76438.33917813073,407.36780958906536,76030.97136854166,32589.42476712523,1.0,,5
2025-05-27,NUTX,PLAN,209,163.73,859601.9499681307,45542.75996813074,429.80097498406536,45112.958993146676,34384.077998725224,1.0,,5
2025-05-28,TDUP,PLAN,1453,7.22,855718.0530081308,10931.223008130743,427.8590265040654,10503.363981626677,34228.722120325234,0.3068581977645526,,5
2025-05-30,SSRM,Q0_SKIP,0,11.83,862393.7111581308,430.88315813074587,431.1968555790654,0.0,34495.74844632523,0.0,CASH_SCARCITY,5
2025-05-30,SAND,Q0_SKIP,0,8.84,862393.7111581308,430.88315813074587,431.1968555790654,0.0,34495.74844632523,0.0,CASH_SCARCITY,5
2025-05-30,AU,Q0_SKIP,0,43.81,862393.7111581308,430.88315813074587,431.1968555790654,0.0,34495.74844632523,0.0,CASH_SCARCITY,5
2025-05-30,LYG,Q0_SKIP,0,4.21,862393.7111581308,430.88315813074587,431.1968555790654,0.0,34495.74844632523,0.0,CASH_SCARCITY,5
2025-05-30,DB,Q0_SKIP,0,27.78,862393.7111581308,430.88315813074587,431.1968555790654,0.0,34495.74844632523,0.0,CASH_SCARCITY,5
2025-05-30,SAN,Q0_SKIP,0,7.97,862393.7111581308,430.88315813074587,431.1968555790654,0.0,34495.74844632523,0.0,CASH_SCARCITY,5
2025-05-30,BBVA,Q0_SKIP,0,15.04,862393.7111581308,430.88315813074587,431.1968555790654,0.0,34495.74844632523,0.0,CASH_SCARCITY,5
2025-05-30,PM,Q0_SKIP,0,180.59,862393.7111581308,430.88315813074587,431.1968555790654,0.0,34495.74844632523,0.0,CASH_SCARCITY,5
2025-05-30,WPM,Q0_SKIP,0,86.75,862393.7111581308,430.88315813074587,431.1968555790654,0.0,34495.74844632523,0.0,CASH_SCARCITY,5
2025-05-30,LRN,Q0_SKIP,0,151.39,862393.7111581308,430.88315813074587,431.1968555790654,0.0,34495.74844632523,0.0,CASH_SCARCITY,5
2025-05-30,GFI,Q0_SKIP,0,23.0,862393.7111581308,430.88315813074587,431.1968555790654,0.0,34495.74844632523,0.0,CASH_SCARCITY,5
2025-05-30,CME,Q0_SKIP,0,289.0,862393.7111581308,430.88315813074587,431.1968555790654,0.0,34495.74844632523,0.0,CASH_SCARCITY,5
2025-05-30,TMC,Q0_SKIP,0,4.47,862393.7111581308,430.88315813074587,431.1968555790654,0.0,34495.74844632523,0.0,CASH_SCARCITY,5
2025-05-30,HSAI,Q0_SKIP,0,18.86,862393.7111581308,430.88315813074587,431.1968555790654,0.0,34495.74844632523,0.0,CASH_SCARCITY,5
2025-05-30,SONY,Q0_SKIP,0,26.38,862393.7111581308,430.88315813074587,431.1968555790654,0.0,34495.74844632523,0.0,CASH_SCARCITY,5
2025-05-30,OPCH,Q0_SKIP,0,32.68,862393.7111581308,430.88315813074587,431.1968555790654,0.0,34495.74844632523,0.0,CASH_SCARCITY,5
2025-05-30,NFG,Q0_SKIP,0,82.54,862393.7111581308,430.88315813074587,431.1968555790654,0.0,34495.74844632523,0.0,CASH_SCARCITY,5
2025-05-30,RGC,Q0_SKIP,0,877.0,862393.7111581308,430.88315813074587,431.1968555790654,0.0,34495.74844632523,0.0,CASH_SCARCITY,5
2025-05-30,GRND,Q0_SKIP,0,24.42,862393.7111581308,430.88315813074587,431.1968555790654,0.0,34495.74844632523,0.0,CASH_SCARCITY,5
2025-05-30,GRPN,Q0_SKIP,0,29.13,862393.7111581308,430.88315813074587,431.1968555790654,0.0,34495.74844632523,0.0,CASH_SCARCITY,5
2025-05-30,RPRX,Q0_SKIP,0,32.88,862393.7111581308,430.88315813074587,431.1968555790654,0.0,34495.74844632523,0.0,CASH_SCARCITY,5
2025-05-30,DFDV,Q0_SKIP,0,17.51,862393.7111581308,430.88315813074587,431.1968555790654,0.0,34495.74844632523,0.0,CASH_SCARCITY,5
2025-05-30,TIGO,Q0_SKIP,0,37.51,862393.7111581308,430.88315813074587,431.1968555790654,0.0,34495.74844632523,0.0,CASH_SCARCITY,5
2025-05-30,PLTR,Q0_SKIP,0,131.78,862393.7111581308,430.88315813074587,431.1968555790654,0.0,34495.74844632523,0.0,CASH_SCARCITY,5
2025-05-30,BUD,Q0_SKIP,0,70.49,862393.7111581308,430.88315813074587,431.1968555790654,0.0,34495.74844632523,0.0,CASH_SCARCITY,5
2025-05-30,ING,Q0_SKIP,0,21.26,862393.7111581308,430.88315813074587,431.1968555790654,0.0,34495.74844632523,0.0,CASH_SCARCITY,5
2025-05-30,NWG,Q0_SKIP,0,14.3,862393.7111581308,430.88315813074587,431.1968555790654,0.0,34495.74844632523,0.0,CASH_SCARCITY,5
2025-05-30,OR,Q0_SKIP,0,25.56,862393.7111581308,430.88315813074587,431.1968555790654,0.0,34495.74844632523,0.0,CASH_SCARCITY,5
2025-05-30,NFLX,Q0_SKIP,0,1207.23,862393.7111581308,430.88315813074587,431.1968555790654,0.0,34495.74844632523,0.0,CASH_SCARCITY,5
2025-05-30,DAN,Q0_SKIP,0,16.63,862393.7111581308,430.88315813074587,431.1968555790654,0.0,34495.74844632523,0.0,CASH_SCARCITY,5
2025-05-30,SAP,Q0_SKIP,0,302.86,862393.7111581308,430.88315813074587,431.1968555790654,0.0,34495.74844632523,0.0,CASH_SCARCITY,5
2025-05-30,PLMR,Q0_SKIP,0,171.47,862393.7111581308,430.88315813074587,431.1968555790654,0.0,34495.74844632523,0.0,CASH_SCARCITY,5
2025-05-30,T,Q0_SKIP,0,27.8,862393.7111581308,430.88315813074587,431.1968555790654,0.0,34495.74844632523,0.0,CASH_SCARCITY,5
2025-05-30,CCEP,Q0_SKIP,0,91.79,862393.7111581308,430.88315813074587,431.1968555790654,0.0,34495.74844632523,0.0,CASH_SCARCITY,5
2025-05-30,KOF,Q0_SKIP,0,95.0,862393.7111581308,430.88315813074587,431.1968555790654,0.0,34495.74844632523,0.0,CASH_SCARCITY,5
2025-05-30,BTI,Q0_SKIP,0,45.2,862393.7111581308,430.88315813074587,431.1968555790654,0.0,34495.74844632523,0.0,CASH_SCARCITY,5
2025-05-30,NGD,Q0_SKIP,0,4.45,862393.7111581308,430.88315813074587,431.1968555790654,0.0,34495.74844632523,0.0,CASH_SCARCITY,5
2025-05-30,RBLX,Q0_SKIP,0,86.98,862393.7111581308,430.88315813074587,431.1968555790654,0.0,34495.74844632523,0.0,CASH_SCARCITY,5
2025-05-30,CHEF,Q0_SKIP,0,63.78,862393.7111581308,430.88315813074587,431.1968555790654,0.0,34495.74844632523,0.0,CASH_SCARCITY,5
2025-05-30,GILD,Q0_SKIP,0,110.08,862393.7111581308,430.88315813074587,431.1968555790654,0.0,34495.74844632523,0.0,CASH_SCARCITY,5
2025-05-30,NTR,Q0_SKIP,0,59.03,862393.7111581308,430.88315813074587,431.1968555790654,0.0,34495.74844632523,0.0,CASH_SCARCITY,5
2025-05-30,HSBC,Q0_SKIP,0,59.28,862393.7111581308,430.88315813074587,431.1968555790654,0.0,34495.74844632523,0.0,CASH_SCARCITY,5
2025-05-30,XPEV,Q0_SKIP,0,19.31,862393.7111581308,430.88315813074587,431.1968555790654,0.0,34495.74844632523,0.0,CASH_SCARCITY,5
2025-05-30,MVST,Q0_SKIP,0,3.59,862393.7111581308,430.88315813074587,431.1968555790654,0.0,34495.74844632523,0.0,CASH_SCARCITY,5
2025-05-30,LAES,Q0_SKIP,0,3.35,862393.7111581308,430.88315813074587,431.1968555790654,0.0,34495.74844632523,0.0,CASH_SCARCITY,5
2025-05-30,CHKP,Q0_SKIP,0,228.88,862393.7111581308,430.88315813074587,431.1968555790654,0.0,34495.74844632523,0.0,CASH_SCARCITY,5
2025-05-30,FMX,Q0_SKIP,0,106.53,862393.7111581308,430.88315813074587,431.1968555790654,0.0,34495.74844632523,0.0,CASH_SCARCITY,5
2025-05-30,NTES,Q0_SKIP,0,121.76,862393.7111581308,430.88315813074587,431.1968555790654,0.0,34495.74844632523,0.0,CASH_SCARCITY,5
2025-05-30,IRTC,Q0_SKIP,0,140.5,862393.7111581308,430.88315813074587,431.1968555790654,0.0,34495.74844632523,0.0,CASH_SCARCITY,5
2025-05-30,RR,Q0_SKIP,0,2.31,862393.7111581308,430.88315813074587,431.1968555790654,0.0,34495.74844632523,0.0,CASH_SCARCITY,5
2025-05-30,DG,Q0_SKIP,0,97.25,862393.7111581308,430.88315813074587,431.1968555790654,0.0,34495.74844632523,0.0,CASH_SCARCITY,5
2025-05-30,NEM,Q0_SKIP,0,52.72,862393.7111581308,430.88315813074587,431.1968555790654,0.0,34495.74844632523,0.0,CASH_SCARCITY,5
2025-05-30,SBS,Q0_SKIP,0,20.54,862393.7111581308,430.88315813074587,431.1968555790654,0.0,34495.74844632523,0.0,CASH_SCARCITY,5
2025-05-30,GSK,Q0_SKIP,0,41.03,862393.7111581308,430.88315813074587,431.1968555790654,0.0,34495.74844632523,0.0,CASH_SCARCITY,5
2025-05-30,RGTI,Q0_SKIP,0,12.11,862393.7111581308,430.88315813074587,431.1968555790654,0.0,34495.74844632523,0.0,CASH_SCARCITY,5
2025-05-30,ITUB,Q0_SKIP,0,6.59,862393.7111581308,430.88315813074587,431.1968555790654,0.0,34495.74844632523,0.0,CASH_SCARCITY,5
2025-05-30,LTM,Q0_SKIP,0,37.85,862393.7111581308,430.88315813074587,431.1968555790654,0.0,34495.74844632523,0.0,CASH_SCARCITY,5
2025-05-30,GRAL,Q0_SKIP,0,38.41,862393.7111581308,430.88315813074587,431.1968555790654,0.0,34495.74844632523,0.0,CASH_SCARCITY,5
2025-05-30,NOK,Q0_SKIP,0,5.22,862393.7111581308,430.88315813074587,431.1968555790654,0.0,34495.74844632523,0.0,CASH_SCARCITY,5
2025-05-30,SXT,Q0_SKIP,0,94.53,862393.7111581308,430.88315813074587,431.1968555790654,0.0,34495.74844632523,0.0,CASH_SCARCITY,5
2025-05-30,PRMB,Q0_SKIP,0,33.07,862393.7111581308,430.88315813074587,431.1968555790654,0.0,34495.74844632523,0.0,CASH_SCARCITY,5
2025-05-30,ASR,Q0_SKIP,0,322.02,862393.7111581308,430.88315813074587,431.1968555790654,0.0,34495.74844632523,0.0,CASH_SCARCITY,5
2025-05-30,KTOS,Q0_SKIP,0,36.89,862393.7111581308,430.88315813074587,431.1968555790654,0.0,34495.74844632523,0.0,CASH_SCARCITY,5
2025-05-30,SPOT,Q0_SKIP,0,665.14,862393.7111581308,430.88315813074587,431.1968555790654,0.0,34495.74844632523,0.0,CASH_SCARCITY,5
2025-05-30,LQDA,Q0_SKIP,0,14.92,862393.7111581308,430.88315813074587,431.1968555790654,0.0,34495.74844632523,0.0,CASH_SCARCITY,5
2025-05-30,AEVA,Q0_SKIP,0,18.27,862393.7111581308,430.88315813074587,431.1968555790654,0.0,34495.74844632523,0.0,CASH_SCARCITY,5
2025-05-30,WAY,Q0_SKIP,0,39.98,862393.7111581308,430.88315813074587,431.1968555790654,0.0,34495.74844632523,0.0,CASH_SCARCITY,5
2025-05-30,BCS,Q0_SKIP,0,17.83,862393.7111581308,430.88315813074587,431.1968555790654,0.0,34495.74844632523,0.0,CASH_SCARCITY,5
2025-05-30,QBTS,Q0_SKIP,0,16.33,862393.7111581308,430.88315813074587,431.1968555790654,0.0,34495.74844632523,0.0,CASH_SCARCITY,5
2025-05-30,HWM,Q0_SKIP,0,169.89,862393.7111581308,430.88315813074587,431.1968555790654,0.0,34495.74844632523,0.0,CASH_SCARCITY,5
2025-05-30,RBRK,Q0_SKIP,0,95.35,862393.7111581308,430.88315813074587,431.1968555790654,0.0,34495.74844632523,0.0,CASH_SCARCITY,5
2025-05-30,OSIS,Q0_SKIP,0,219.11,862393.7111581308,430.88315813074587,431.1968555790654,0.0,34495.74844632523,0.0,CASH_SCARCITY,5
2025-05-30,URBN,Q0_SKIP,0,69.9,862393.7111581308,430.88315813074587,431.1968555790654,0.0,34495.74844632523,0.0,CASH_SCARCITY,5
2025-05-30,FRHC,Q0_SKIP,0,165.89,862393.7111581308,430.88315813074587,431.1968555790654,0.0,34495.74844632523,0.0,CASH_SCARCITY,5
2025-05-30,BCRX,Q0_SKIP,0,10.75,862393.7111581308,430.88315813074587,431.1968555790654,0.0,34495.74844632523,0.0,CASH_SCARCITY,5
2025-05-30,COOP,Q0_SKIP,0,129.53,862393.7111581308,430.88315813074587,431.1968555790654,0.0,34495.74844632523,0.0,CASH_SCARCITY,5
2025-05-30,BA,Q0_SKIP,0,207.32,862393.7111581308,430.88315813074587,431.1968555790654,0.0,34495.74844632523,0.0,CASH_SCARCITY,5
2025-05-30,CALX,Q0_SKIP,0,46.24,862393.7111581308,430.88315813074587,431.1968555790654,0.0,34495.74844632523,0.0,CASH_SCARCITY,5
2025-05-30,EGO,Q0_SKIP,0,20.09,862393.7111581308,430.88315813074587,431.1968555790654,0.0,34495.74844632523,0.0,CASH_SCARCITY,5
2025-05-30,EVLV,Q0_SKIP,0,5.46,862393.7111581308,430.88315813074587,431.1968555790654,0.0,34495.74844632523,0.0,CASH_SCARCITY,5
2025-05-30,SEGG,Q0_SKIP,0,1.49,862393.7111581308,430.88315813074587,431.1968555790654,0.0,34495.74844632523,0.0,CASH_SCARCITY,5
2025-05-30,ADPT,Q0_SKIP,0,9.52,862393.7111581308,430.88315813074587,431.1968555790654,0.0,34495.74844632523,0.0,CASH_SCARCITY,5
2025-05-30,BB,Q0_SKIP,0,3.96,862393.7111581308,430.88315813074587,431.1968555790654,0.0,34495.74844632523,0.0,CASH_SCARCITY,5
2025-05-30,ODD,Q0_SKIP,0,74.43,862393.7111581308,430.88315813074587,431.1968555790654,0.0,34495.74844632523,0.0,CASH_SCARCITY,5
2025-05-30,YMM,Q0_SKIP,0,11.63,862393.7111581308,430.88315813074587,431.1968555790654,0.0,34495.74844632523,0.0,CASH_SCARCITY,5
2025-05-30,MT,Q0_SKIP,0,30.58,862393.7111581308,430.88315813074587,431.1968555790654,0.0,34495.74844632523,0.0,CASH_SCARCITY,5
2025-05-30,EMBJ,Q0_SKIP,0,45.99,862393.7111581308,430.88315813074587,431.1968555790654,0.0,34495.74844632523,0.0,CASH_SCARCITY,5
2025-05-30,PRCH,Q0_SKIP,0,9.12,862393.7111581308,430.88315813074587,431.1968555790654,0.0,34495.74844632523,0.0,CASH_SCARCITY,5
2025-05-30,QFIN,Q0_SKIP,0,41.1,862393.7111581308,430.88315813074587,431.1968555790654,0.0,34495.74844632523,0.0,CASH_SCARCITY,5
2025-05-30,TPR,Q0_SKIP,0,78.54999999999998,862393.7111581308,430.88315813074587,431.1968555790654,0.0,34495.74844632523,0.0,CASH_SCARCITY,5
2025-05-30,TME,Q0_SKIP,0,16.84,862393.7111581308,430.88315813074587,431.1968555790654,0.0,34495.74844632523,0.0,CASH_SCARCITY,5
2025-05-30,SE,Q0_SKIP,0,160.37,862393.7111581308,430.88315813074587,431.1968555790654,0.0,34495.74844632523,0.0,CASH_SCARCITY,5
2025-05-30,DLTR,Q0_SKIP,0,90.26,862393.7111581308,430.88315813074587,431.1968555790654,0.0,34495.74844632523,0.0,CASH_SCARCITY,5
2025-05-30,BZ,Q0_SKIP,0,16.96,862393.7111581308,430.88315813074587,431.1968555790654,0.0,34495.74844632523,0.0,CASH_SCARCITY,5
2025-05-30,FUBO,Q0_SKIP,0,3.66,862393.7111581308,430.88315813074587,431.1968555790654,0.0,34495.74844632523,0.0,CASH_SCARCITY,5
2025-05-30,AKRO,Q0_SKIP,0,49.65,862393.7111581308,430.88315813074587,431.1968555790654,0.0,34495.74844632523,0.0,CASH_SCARCITY,5
2025-05-30,FMCC,Q0_SKIP,0,7.94,862393.7111581308,430.88315813074587,431.1968555790654,0.0,34495.74844632523,0.0,CASH_SCARCITY,5
2025-05-30,CRWD,Q0_SKIP,0,471.37,862393.7111581308,430.88315813074587,431.1968555790654,0.0,34495.74844632523,0.0,CASH_SCARCITY,5
2025-05-30,HOOD,Q0_SKIP,0,66.15,862393.7111581308,430.88315813074587,431.1968555790654,0.0,34495.74844632523,0.0,CASH_SCARCITY,5
2025-05-30,NRG,Q0_SKIP,0,155.9,862393.7111581308,430.88315813074587,431.1968555790654,0.0,34495.74844632523,0.0,CASH_SCARCITY,5
2025-05-30,RDUS,Q0_SKIP,0,29.61,862393.7111581308,430.88315813074587,431.1968555790654,0.0,34495.74844632523,0.0,CASH_SCARCITY,5
2025-05-30,WBA,Q0_SKIP,0,11.25,862393.7111581308,430.88315813074587,431.1968555790654,0.0,34495.74844632523,0.0,CASH_SCARCITY,5
2025-05-30,BBAI,Q0_SKIP,0,4.16,862393.7111581308,430.88315813074587,431.1968555790654,0.0,34495.74844632523,0.0,CASH_SCARCITY,5
2025-05-30,CRK,Q0_SKIP,0,23.3,862393.7111581308,430.88315813074587,431.1968555790654,0.0,34495.74844632523,0.0,CASH_SCARCITY,5
2025-05-30,NET,Q0_SKIP,0,165.89,862393.7111581308,430.88315813074587,431.1968555790654,0.0,34495.74844632523,0.0,CASH_SCARCITY,5
2025-05-30,RIVN,Q0_SKIP,0,14.53,862393.7111581308,430.88315813074587,431.1968555790654,0.0,34495.74844632523,0.0,CASH_SCARCITY,5
2025-05-30,TMDX,Q0_SKIP,0,127.12,862393.7111581308,430.88315813074587,431.1968555790654,0.0,34495.74844632523,0.0,CASH_SCARCITY,5
2025-05-30,LTBR,Q0_SKIP,0,15.05,862393.7111581308,430.88315813074587,431.1968555790654,0.0,34495.74844632523,0.0,CASH_SCARCITY,5
2025-05-30,CELH,Q0_SKIP,0,37.88,862393.7111581308,430.88315813074587,431.1968555790654,0.0,34495.74844632523,0.0,CASH_SCARCITY,5
2025-05-30,AVGO,Q0_SKIP,0,242.07,862393.7111581308,430.88315813074587,431.1968555790654,0.0,34495.74844632523,0.0,CASH_SCARCITY,5
2025-05-30,SWTX,Q0_SKIP,0,46.71,862393.7111581308,430.88315813074587,431.1968555790654,0.0,34495.74844632523,0.0,CASH_SCARCITY,5
2025-05-30,CORT,Q0_SKIP,0,77.56,862393.7111581308,430.88315813074587,431.1968555790654,0.0,34495.74844632523,0.0,CASH_SCARCITY,5
2025-05-30,NAKA,Q0_SKIP,0,22.6,862393.7111581308,430.88315813074587,431.1968555790654,0.0,34495.74844632523,0.0,CASH_SCARCITY,5
2025-06-02,BBVA,PLAN,10,15.19,875585.3831581308,593.6831581307458,437.79269157906543,155.8904665516804,35023.41532632523,0.004451035545768315,,5
2025-07-14,ASM,PLAN,5885,4.29,890807.8485781307,25719.638578130747,445.40392428906534,25274.234653841682,35632.31394312523,0.709306577568421,,5
2025-08-21,WLDN,PLAN,334,106.27,889800.1547081306,114457.49470813075,444.90007735406533,114012.59463077669,35592.00618832523,1.0,,5
2025-09-09,RBLX,PLAN,274,131.79,905706.9072081308,79856.38720813076,452.8534536040654,79403.5337545267,36228.276288325236,1.0,,5
2025-10-24,WDC,PLAN,279,129.43,905890.0137181306,152287.36371813077,452.94500685906536,151834.41871127172,36235.600548725226,1.0,,5
2025-11-12,INDV,PLAN,1208,30.1,910476.1578981307,255804.9678981308,455.23807894906537,255349.72981918172,36419.04631592523,1.0,,5
2025-11-19,BE,PLAN,331,108.93,903661.4741381307,275284.5441381308,451.8307370690653,274832.7134010617,36146.45896552523,1.0,,5
2025-11-26,LGND,PLAN,176,206.16,909145.4304181309,264924.3604181308,454.5727152090655,264469.7877029218,36365.81721672524,1.0,,5
2025-11-28,LITE,PLAN,112,325.16,914128.8827381309,228600.39273813082,457.06444136906543,228143.32829676176,36565.15530952524,1.0,,5
2025-12-01,SNDK,PLAN,171,210.17,904420.223858131,193286.2338581308,452.2101119290655,192834.02374620174,36176.80895432524,1.0,,5
2025-12-05,CIEN,PLAN,180,201.71,913106.9796081309,157295.02960813083,456.55348980406546,156838.47611832677,36524.279184325234,1.0,,5
2025-12-08,ROIV,PLAN,1734,20.99,911351.6596081309,120358.12960813084,455.6758298040655,119902.45377832677,36454.06638432524,1.0,,5
2025-12-15,PVLA,PLAN,407,88.98,908264.4463481308,84098.64634813083,454.1322231740654,83644.51412495677,36330.577853925235,1.0,,5
2025-12-18,GOOG,PLAN,120,303.75,912744.5490681308,74843.70906813082,456.3722745340654,74387.33679359675,36509.78196272523,1.0,,5
2025-12-22,GOOGL,PLAN,122,309.78,951230.477468131,38425.727468130826,475.6152387340655,37950.112229396764,38049.21909872524,0.9973952982038521,,5
2026-01-21,ARWR,PLAN,7,67.6,1042240.1832181308,1015.4532181308314,521.1200916090654,494.33312652176596,41689.60732872524,0.011857466601302272,,5
2026-03-06,ERAS,PLAN,1952,15.47,1127807.978088131,30802.90808813083,563.9039890440655,30239.004099086764,45112.31912352524,0.6703048011406197,,5
2026-03-31,FTI,Q0_SKIP,0,69.13,1154152.2364881309,621.9264881308338,577.0761182440655,44.85036988676836,46166.08945952524,0.0009715003027512132,CASH_SCARCITY,5
2026-03-31,ANDE,Q0_SKIP,0,71.78,1154152.2364881309,621.9264881308338,577.0761182440655,44.85036988676836,46166.08945952524,0.0009715003027512132,CASH_SCARCITY,5
2026-03-31,AXTI,Q0_SKIP,0,56.98,1154152.2364881309,621.9264881308338,577.0761182440655,44.85036988676836,46166.08945952524,0.0009715003027512132,CASH_SCARCITY,5
2026-03-31,TEN,PLAN,1,39.46,1154152.2364881309,621.9264881308338,577.0761182440655,44.85036988676836,46166.08945952524,0.0009715003027512132,,5
2026-05-29,KGS,PLAN,886,66.85,1482744.854478131,91564.32447813085,741.3724272390656,90822.95205089178,59309.794179125245,1.0,,5
2026-06-22,ATEX,PLAN,842,77.01999999999998,1624394.8347881308,195655.09478813087,812.1974173940654,194842.8973707368,64975.793391525236,1.0,,5
2026-07-14,ATEN,PLAN,1587,37.64,1495344.7910881313,486397.79108813085,747.6723955440657,485650.1186925868,59813.79164352525,1.0,,5
2026-07-15,BAND,PLAN,831,70.97,1476220.2905381303,426587.49053813086,738.1101452690651,425849.3803928618,59048.811621525216,1.0,,5
2026-07-21,SYRE,PLAN,576,102.7,1480989.9521531307,502996.5821531309,740.4949760765653,502256.0871770543,59239.598086125225,1.0,,5
