ticker,relatedtickers_raw,old_issuer_key,corrected_issuer_key
AIMBU,AIMAU AIMAW,AIMAU AIMAW|AIMBU,AIMAU|AIMAW|AIMBU
AKICW,AKICU AKIC,AKICU AKIC|AKICW,AKIC|AKICU|AKICW
AMPI.WS,AMPI AMPI.U,AMPI AMPI.U|AMPI.WS,AMPI|AMPI.U|AMPI.WS
ATAQ.WS,ATAQ ATAQ.U,ATAQ ATAQ.U|ATAQ.WS,ATAQ|ATAQ.U|ATAQ.WS
BC-PC,BC-PA BC-PB BC,BC-PA BC-PB BC|BC-PC,BC|BC-PA|BC-PB|BC-PC
BGSX.U,BGSX BGSX.WS,BGSX BGSX.WS|BGSX.U,BGSX|BGSX.U|BGSX.WS
BGSX.WS,BGSX BGSX.U,BGSX BGSX.U|BGSX.WS,BGSX|BGSX.U|BGSX.WS
BLEUR,BLEUU BLEUW BLEU,BLEUR|BLEUU BLEUW BLEU,BLEU|BLEUR|BLEUU|BLEUW
BLEUU,BLEUW BLEU BLEUR,BLEUU|BLEUW BLEU BLEUR,BLEU|BLEUR|BLEUU|BLEUW
BLEUW,BLEUU BLEU BLEUR,BLEUU BLEU BLEUR|BLEUW,BLEU|BLEUR|BLEUU|BLEUW
BLNGU,BLNG BLNGW,BLNG BLNGW|BLNGU,BLNG|BLNGU|BLNGW
BLNGW,BLNG BLNGU,BLNG BLNGU|BLNGW,BLNG|BLNGU|BLNGW
BNNRU,BNNRW BNNR,BNNRU|BNNRW BNNR,BNNR|BNNRU|BNNRW
BNNRW,BNNRU BNNR,BNNRU BNNR|BNNRW,BNNR|BNNRU|BNNRW
CCAIW,CCAIU CCAI,CCAIU CCAI|CCAIW,CCAI|CCAIU|CCAIW
DANOY,GDNNY DA,DANOY|GDNNY DA,DA|DANOY|GDNNY
FICVU,FICVW FICV,FICVU|FICVW FICV,FICV|FICVU|FICVW
FICVW,FICVU FICV,FICVU FICV|FICVW,FICV|FICVU|FICVW
FRDMQ,FRM FRDM,FRDMQ|FRM FRDM,FRDM|FRDMQ|FRM
GHIXW,GHIX GHIXU,GHIX GHIXU|GHIXW,GHIX|GHIXU|GHIXW
GNRSW,GNRSU GNRS,GNRSU GNRS|GNRSW,GNRS|GNRSU|GNRSW
GSEVU,GSEVW GSEV,GSEVU|GSEVW GSEV,GSEV|GSEVU|GSEVW
GSEVW,GSEVU GSEV,GSEVU GSEV|GSEVW,GSEV|GSEVU|GSEVW
HCNEW,HCNE HCNEU,HCNE HCNEU|HCNEW,HCNE|HCNEU|HCNEW
HHLA.WS,HHLA HHLA.U,HHLA HHLA.U|HHLA.WS,HHLA|HHLA.U|HHLA.WS
IFIN.U,IFIN CURR IFIN.WS,IFIN CURR IFIN.WS|IFIN.U,CURR|IFIN|IFIN.U|IFIN.WS
IFIN.WS,IFIN CURR IFIN.U,IFIN CURR IFIN.U|IFIN.WS,CURR|IFIN|IFIN.U|IFIN.WS
A1,AAB A,A1|AAB A,A|A1|AAB
AAB,A1 A,A1 A|AAB,A|A1|AAB
AAC.U1,AAC.U AAC.WS AAC AAC2,AAC.U AAC.WS AAC AAC2|AAC.U1,AAC|AAC.U|AAC.U1|AAC.WS|AAC2
AAC.WS,AAC.U1 AAC.U AAC AAC2,AAC.U1 AAC.U AAC AAC2|AAC.WS,AAC|AAC.U|AAC.U1|AAC.WS|AAC2
AAC1,AAC OLM,AAC OLM|AAC1,AAC|AAC1|OLM
AAC2,AAC.U1 AAC.U AAC.WS AAC,AAC.U1 AAC.U AAC.WS AAC|AAC2,AAC|AAC.U|AAC.U1|AAC.WS|AAC2
AACIU1,RZLV AACIU AACI,AACIU1|RZLV AACIU AACI,AACI|AACIU|AACIU1|RZLV
AACQU,ORGN AACQ,AACQU|ORGN AACQ,AACQ|AACQU|ORGN
AACRF,AIBBR AIBAF AIBBU AIB PSIG,AACRF|AIBBR AIBAF AIBBU AIB PSIG,AACRF|AIB|AIBAF|AIBBR|AIBBU|PSIG
AACT.U,AACT KDK,AACT KDK|AACT.U,AACT|AACT.U|KDK
AAGR,VCXA VCXAW AAGRW VCXAU,AAGR|VCXA VCXAW AAGRW VCXAU,AAGR|AAGRW|VCXA|VCXAU|VCXAW
AAGRW,AAGR VCXA VCXAW VCXAU,AAGR VCXA VCXAW VCXAU|AAGRW,AAGR|AAGRW|VCXA|VCXAU|VCXAW
AAI,AAIR VJET,AAI|AAIR VJET,AAI|AAIR|VJET
AAIC,FBG AI-PB AI-PC AAIC-PC AIC AI AAIC-PB AIW FBR AAIN,AAIC|FBG AI-PB AI-PC AAIC-PC AIC AI AAIC-PB AIW FBR AAIN,AAIC|AAIC-PB|AAIC-PC|AAIN|AI|AI-PB|AI-PC|AIC|AIW|FBG|FBR
AAIC-PB,FBG AI-PB AI-PC AAIC AAIC-PC AIC AI AIW FBR AAIN,AAIC-PB|FBG AI-PB AI-PC AAIC AAIC-PC AIC AI AIW FBR AAIN,AAIC|AAIC-PB|AAIC-PC|AAIN|AI|AI-PB|AI-PC|AIC|AIW|FBG|FBR
AAIC-PC,FBG AI-PB AI-PC AAIC AIC AI AAIC-PB AIW FBR AAIN,AAIC-PC|FBG AI-PB AI-PC AAIC AIC AI AAIC-PB AIW FBR AAIN,AAIC|AAIC-PB|AAIC-PC|AAIN|AI|AI-PB|AI-PC|AIC|AIW|FBG|FBR
AAIIQ,PCSN AAII PAGI,AAIIQ|PCSN AAII PAGI,AAII|AAIIQ|PAGI|PCSN
AAIIQ1,AAII AAIIQ,AAII AAIIQ|AAIIQ1,AAII|AAIIQ|AAIIQ1
AAM,AAM.WS AAM.U,AAM|AAM.WS AAM.U,AAM|AAM.U|AAM.WS
AAM-PA,APOS APO-PB AAM-PB APO APO-PA,AAM-PA|APOS APO-PB AAM-PB APO APO-PA,AAM-PA|AAM-PB|APO|APO-PA|APO-PB|APOS
AAM-PB,APOS APO-PB APO APO-PA AAM-PA,AAM-PB|APOS APO-PB APO APO-PA AAM-PA,AAM-PA|AAM-PB|APO|APO-PA|APO-PB|APOS
AAM.U,AAM.WS AAM,AAM.U|AAM.WS AAM,AAM|AAM.U|AAM.WS
AAM.WS,AAM AAM.U,AAM AAM.U|AAM.WS,AAM|AAM.U|AAM.WS
AAMI,BSIG OMAM BSA OMAA,AAMI|BSIG OMAM BSA OMAA,AAMI|BSA|BSIG|OMAA|OMAM
AAN1,RNT.A PRG AAN AAN.A RNT,AAN1|RNT.A PRG AAN AAN.A RNT,AAN|AAN.A|AAN1|PRG|RNT|RNT.A
AAQC,AAQC.U AAQCW AAQC.WS,AAQC|AAQC.U AAQCW AAQC.WS,AAQC|AAQC.U|AAQC.WS|AAQCW
AAQC.U,AAQCW AAQC.WS AAQC,AAQC.U|AAQCW AAQC.WS AAQC,AAQC|AAQC.U|AAQC.WS|AAQCW
AAQCW,AAQC.U AAQC.WS AAQC,AAQC.U AAQC.WS AAQC|AAQCW,AAQC|AAQC.U|AAQC.WS|AAQCW
AAUAF,AMMLF AAU,AAUAF|AMMLF AAU,AAU|AAUAF|AMMLF
AAVVF,AAV AVNNF,AAV AVNNF|AAVVF,AAV|AAVVF|AVNNF
ABAT,ORRP ABML,ABAT|ORRP ABML,ABAT|ABML|ORRP
ABAT1,GBT ABAT,ABAT1|GBT ABAT,ABAT|ABAT1|GBT
ABEO,AKC AKCA PTBI ACCPD ACCP,ABEO|AKC AKCA PTBI ACCPD ACCP,ABEO|ACCP|ACCPD|AKC|AKCA|PTBI
ABI1,PEB ABI,ABI1|PEB ABI,ABI|ABI1|PEB
ABLLW,ABXL ABLLL ERESW ERES ABL ABX ERESU,ABLLW|ABXL ABLLL ERESW ERES ABL ABX ERESU,ABL|ABLLL|ABLLW|ABX|ABXL|ERES|ERESU|ERESW
ABLSQ,ABRX DYGN ABRXQ,ABLSQ|ABRX DYGN ABRXQ,ABLSQ|ABRX|ABRXQ|DYGN
ABLV,HMACU HMACR HMAC,ABLV|HMACU HMACR HMAC,ABLV|HMAC|HMACR|HMACU
ABNK1,SWBT ABNK,ABNK1|SWBT ABNK,ABNK|ABNK1|SWBT
ABNTQ,ABN ABNT,ABN ABNT|ABNTQ,ABN|ABNT|ABNTQ
ABPO,ACABU ACABW ACAB ABPWW ABP,ABPO|ACABU ACABW ACAB ABPWW ABP,ABP|ABPO|ABPWW|ACAB|ACABU|ACABW
ABPWW,ACABU ACABW ABPO ACAB ABP,ABPWW|ACABU ACABW ABPO ACAB ABP,ABP|ABPO|ABPWW|ACAB|ACABU|ACABW
ABR,ABR-PE ABR-PA ABRN ABR-PF ABR-PB ABR-PD ABR-PC,ABR|ABR-PE ABR-PA ABRN ABR-PF ABR-PB ABR-PD ABR-PC,ABR|ABR-PA|ABR-PB|ABR-PC|ABR-PD|ABR-PE|ABR-PF|ABRN
ABR-PA,ABR-PE ABRN ABR-PF ABR ABR-PB ABR-PD ABR-PC,ABR-PA|ABR-PE ABRN ABR-PF ABR ABR-PB ABR-PD ABR-PC,ABR|ABR-PA|ABR-PB|ABR-PC|ABR-PD|ABR-PE|ABR-PF|ABRN
ABR-PB,ABR-PE ABR-PA ABRN ABR-PF ABR ABR-PD ABR-PC,ABR-PB|ABR-PE ABR-PA ABRN ABR-PF ABR ABR-PD ABR-PC,ABR|ABR-PA|ABR-PB|ABR-PC|ABR-PD|ABR-PE|ABR-PF|ABRN
ABR-PC,ABR-PE ABR-PA ABRN ABR-PF ABR ABR-PB ABR-PD,ABR-PC|ABR-PE ABR-PA ABRN ABR-PF ABR ABR-PB ABR-PD,ABR|ABR-PA|ABR-PB|ABR-PC|ABR-PD|ABR-PE|ABR-PF|ABRN
ABR-PD,ABR-PE ABR-PA ABRN ABR-PF ABR ABR-PB ABR-PC,ABR-PD|ABR-PE ABR-PA ABRN ABR-PF ABR ABR-PB ABR-PC,ABR|ABR-PA|ABR-PB|ABR-PC|ABR-PD|ABR-PE|ABR-PF|ABRN
ABR-PE,ABR-PA ABRN ABR-PF ABR ABR-PB ABR-PD ABR-PC,ABR-PA ABRN ABR-PF ABR ABR-PB ABR-PD ABR-PC|ABR-PE,ABR|ABR-PA|ABR-PB|ABR-PC|ABR-PD|ABR-PE|ABR-PF|ABRN
ABR-PF,ABR-PE ABR-PA ABRN ABR ABR-PB ABR-PD ABR-PC,ABR-PE ABR-PA ABRN ABR ABR-PB ABR-PD ABR-PC|ABR-PF,ABR|ABR-PA|ABR-PB|ABR-PC|ABR-PD|ABR-PE|ABR-PF|ABRN
AFACW,AFACU AFAC,AFACU AFAC|AFACW,AFAC|AFACU|AFACW
ABTC,GRYP KERNW KERN,ABTC|GRYP KERNW KERN,ABTC|GRYP|KERN|KERNW
ABVEF,BITE.U BITE ABVE,ABVEF|BITE.U BITE ABVE,ABVE|ABVEF|BITE|BITE.U
ABWTQ,ABH BOW,ABH BOW|ABWTQ,ABH|ABWTQ|BOW
ABX,ABXL ABLLL ABLLW ERESW ERES ABL ERESU,ABX|ABXL ABLLL ABLLW ERESW ERES ABL ERESU,ABL|ABLLL|ABLLW|ABX|ABXL|ERES|ERESU|ERESW
ACABU,ACABW ABPO ACAB ABPWW ABP,ACABU|ACABW ABPO ACAB ABPWW ABP,ABP|ABPO|ABPWW|ACAB|ACABU|ACABW
ACACU,FOXX ACAC,ACACU|FOXX ACAC,ACAC|ACACU|FOXX
ACACU1,ACAC MYPS ACACU,ACAC MYPS ACACU|ACACU1,ACAC|ACACU|ACACU1|MYPS
ACAH,ACAHW ACAHU,ACAH|ACAHW ACAHU,ACAH|ACAHU|ACAHW
ACAHU,ACAHW ACAH,ACAHU|ACAHW ACAH,ACAH|ACAHU|ACAHW
ACAHW,ACAH ACAHU,ACAH ACAHU|ACAHW,ACAH|ACAHU|ACAHW
ACAMU,ACAMW ACAM LOTZW LOTZ,ACAMU|ACAMW ACAM LOTZW LOTZ,ACAM|ACAMU|ACAMW|LOTZ|LOTZW
ACAQ,ACAQ.WS ACAQ.U,ACAQ|ACAQ.WS ACAQ.U,ACAQ|ACAQ.U|ACAQ.WS
ACAQ.U,ACAQ ACAQ.WS,ACAQ ACAQ.WS|ACAQ.U,ACAQ|ACAQ.U|ACAQ.WS
ACAQ.WS,ACAQ ACAQ.U,ACAQ ACAQ.U|ACAQ.WS,ACAQ|ACAQ.U|ACAQ.WS
ACAXR,ACAXW HWH ACAXU,ACAXR|ACAXW HWH ACAXU,ACAXR|ACAXU|ACAXW|HWH
ACAXU,ACAXW HWH ACAXR,ACAXU|ACAXW HWH ACAXR,ACAXR|ACAXU|ACAXW|HWH
ACAXW,HWH ACAXU ACAXR,ACAXW|HWH ACAXU ACAXR,ACAXR|ACAXU|ACAXW|HWH
ACBA,ACBAU ACBAW,ACBA|ACBAU ACBAW,ACBA|ACBAU|ACBAW
ACBAU,ACBA ACBAW,ACBA ACBAW|ACBAU,ACBA|ACBAU|ACBAW
ACBAW,ACBA ACBAU,ACBA ACBAU|ACBAW,ACBA|ACBAU|ACBAW
ACCL1,PCOP ACCL,ACCL1|PCOP ACCL,ACCL|ACCL1|PCOP
ACDC,PFHC ACDCW,ACDC|PFHC ACDCW,ACDC|ACDCW|PFHC
ACDCW,ACDC PFHC,ACDC PFHC|ACDCW,ACDC|ACDCW|PFHC
ACDI,ACDI.WS ACDI.U,ACDI|ACDI.WS ACDI.U,ACDI|ACDI.U|ACDI.WS
ACDI.U,ACDI.WS ACDI,ACDI.U|ACDI.WS ACDI,ACDI|ACDI.U|ACDI.WS
ACDI.WS,ACDI.U ACDI,ACDI.U ACDI|ACDI.WS,ACDI|ACDI.U|ACDI.WS
ACEL,TPGH TPGH.U,ACEL|TPGH TPGH.U,ACEL|TPGH|TPGH.U
ACER,OPXA PFTR,ACER|OPXA PFTR,ACER|OPXA|PFTR
ACEVU,TMPOW ACEVW ACEV TMPOWQ TMPO TMPOQ,ACEVU|TMPOW ACEVW ACEV TMPOWQ TMPO TMPOQ,ACEV|ACEVU|ACEVW|TMPO|TMPOQ|TMPOW|TMPOWQ
ACGL,ACGLN ACGLL ACGLP ARH-PC ACGLO,ACGL|ACGLN ACGLL ACGLP ARH-PC ACGLO,ACGL|ACGLL|ACGLN|ACGLO|ACGLP|ARH-PC
ACGLN,ACGL ACGLL ACGLP ARH-PC ACGLO,ACGL ACGLL ACGLP ARH-PC ACGLO|ACGLN,ACGL|ACGLL|ACGLN|ACGLO|ACGLP|ARH-PC
ACGLO,ACGLN ACGL ACGLL ACGLP ARH-PC,ACGLN ACGL ACGLL ACGLP ARH-PC|ACGLO,ACGL|ACGLL|ACGLN|ACGLO|ACGLP|ARH-PC
ACGLP,ACGLN ACGL ACGLL ARH-PC ACGLO,ACGLN ACGL ACGLL ARH-PC ACGLO|ACGLP,ACGL|ACGLL|ACGLN|ACGLO|ACGLP|ARH-PC
ACGN,IDRA HBY IDP,ACGN|IDRA HBY IDP,ACGN|HBY|IDP|IDRA
ACHR,ACIC ACIC.U,ACHR|ACIC ACIC.U,ACHR|ACIC|ACIC.U
ACHV,SNUS OGXI,ACHV|SNUS OGXI,ACHV|OGXI|SNUS
ACIC.U,ACIC ACHR,ACIC ACHR|ACIC.U,ACHR|ACIC|ACIC.U
ACII.U,ACII1 ACII ACII.WS ACIIW,ACII.U|ACII1 ACII ACII.WS ACIIW,ACII|ACII.U|ACII.WS|ACII1|ACIIW
ACII1,ACII ACII.WS ACIIW ACII.U,ACII ACII.WS ACIIW ACII.U|ACII1,ACII|ACII.U|ACII.WS|ACII1|ACIIW
ACIIQ,ACI AACIQ,ACI AACIQ|ACIIQ,AACIQ|ACI|ACIIQ
ACIIW,ACII1 ACII ACII.WS ACII.U,ACII1 ACII ACII.WS ACII.U|ACIIW,ACII|ACII.U|ACII.WS|ACII1|ACIIW
ACKIT,ACKIW ACKIU,ACKIT|ACKIW ACKIU,ACKIT|ACKIU|ACKIW
ACKIU,ACKIT ACKIW,ACKIT ACKIW|ACKIU,ACKIT|ACKIU|ACKIW
ACKIW,ACKIT ACKIU,ACKIT ACKIU|ACKIW,ACKIT|ACKIU|ACKIW
ACLO1,FORM ACLO,ACLO1|FORM ACLO,ACLO|ACLO1|FORM
ACND.U,ACND.WS ACND MKTWW MKTW,ACND.U|ACND.WS ACND MKTWW MKTW,ACND|ACND.U|ACND.WS|MKTW|MKTWW
ACNI,ACNIQ CRB CRB.U ANE,ACNI|ACNIQ CRB CRB.U ANE,ACNI|ACNIQ|ANE|CRB|CRB.U
ACNT,SYNC SYNL,ACNT|SYNC SYNL,ACNT|SYNC|SYNL
ACQR,ACQRU ACQRW,ACQR|ACQRU ACQRW,ACQR|ACQRU|ACQRW
ACQRU,ACQR ACQRW,ACQR ACQRW|ACQRU,ACQR|ACQRU|ACQRW
ACQRW,ACQR ACQRU,ACQR ACQRU|ACQRW,ACQR|ACQRU|ACQRW
ACR,RSO-PB RSO XAN-PC RSO-PA ACR-PC XAN ACR-PD,ACR|RSO-PB RSO XAN-PC RSO-PA ACR-PC XAN ACR-PD,ACR|ACR-PC|ACR-PD|RSO|RSO-PA|RSO-PB|XAN|XAN-PC
ACR-PC,RSO-PB RSO XAN-PC RSO-PA XAN ACR-PD ACR,ACR-PC|RSO-PB RSO XAN-PC RSO-PA XAN ACR-PD ACR,ACR|ACR-PC|ACR-PD|RSO|RSO-PA|RSO-PB|XAN|XAN-PC
ACR-PD,RSO-PB RSO XAN-PC RSO-PA ACR-PC XAN ACR,ACR-PD|RSO-PB RSO XAN-PC RSO-PA ACR-PC XAN ACR,ACR|ACR-PC|ACR-PD|RSO|RSO-PA|RSO-PB|XAN|XAN-PC
ACRO,ACRO.U ACRO.WS,ACRO|ACRO.U ACRO.WS,ACRO|ACRO.U|ACRO.WS
ACRO.U,ACRO ACRO.WS,ACRO ACRO.WS|ACRO.U,ACRO|ACRO.U|ACRO.WS
ACRO.WS,ACRO ACRO.U,ACRO ACRO.U|ACRO.WS,ACRO|ACRO.U|ACRO.WS
ACTCU,ACTCW PTRAQ PTRA ACTC PTRAW,ACTCU|ACTCW PTRAQ PTRA ACTC PTRAW,ACTC|ACTCU|ACTCW|PTRA|PTRAQ|PTRAW
ACTDU,ACTD ACTDW OPALW OPAL,ACTD ACTDW OPALW OPAL|ACTDU,ACTD|ACTDU|ACTDW|OPAL|OPALW
ACTRQ,ACTR DYNA,ACTR DYNA|ACTRQ,ACTR|ACTRQ|DYNA
ACTV1,ACTV IATV,ACTV IATV|ACTV1,ACTV|ACTV1|IATV
ACUR,HDGC HDG,ACUR|HDGC HDG,ACUR|HDG|HDGC
ACV.A,ACV ACV1,ACV ACV1|ACV.A,ACV|ACV.A|ACV1
ACV1,ACV ACV.A,ACV ACV.A|ACV1,ACV|ACV.A|ACV1
AD,USM UZC UZF UZE UZA UZG UZD UZB,AD|USM UZC UZF UZE UZA UZG UZD UZB,AD|USM|UZA|UZB|UZC|UZD|UZE|UZF|UZG
ADAL,ADALW ADALU,ADAL|ADALW ADALU,ADAL|ADALU|ADALW
ADALU,ADAL ADALW,ADAL ADALW|ADALU,ADAL|ADALU|ADALW
ADALW,ADAL ADALU,ADAL ADALU|ADALW,ADAL|ADALU|ADALW
ADAM,ADAMN ADAMH ADAMO ADAMM NTR NYMTO NYMTZ NYMTP ADAMZ NYMMP NYMTI NYMTL ADAMI NMTR ADAML NYMTN ADAMG NYMT NYMTG NYMTM NYMTH,ADAM|ADAMN ADAMH ADAMO ADAMM NTR NYMTO NYMTZ NYMTP ADAMZ NYMMP NYMTI NYMTL ADAMI NMTR ADAML NYMTN ADAMG NYMT NYMTG NYMTM NYMTH,ADAM|ADAMG|ADAMH|ADAMI|ADAML|ADAMM|ADAMN|ADAMO|ADAMZ|NMTR|NTR|NYMMP|NYMT|NYMTG|NYMTH|NYMTI|NYMTL|NYMTM|NYMTN|NYMTO|NYMTP|NYMTZ
ADAML,ADAMN ADAMH ADAMO ADAMM NTR NYMTO NYMTZ NYMTP NYMMP ADAMZ NYMTL NYMTI ADAM ADAMI NMTR NYMTN ADAMG NYMT NYMTG NYMTM NYMTH,ADAML|ADAMN ADAMH ADAMO ADAMM NTR NYMTO NYMTZ NYMTP NYMMP ADAMZ NYMTL NYMTI ADAM ADAMI NMTR NYMTN ADAMG NYMT NYMTG NYMTM NYMTH,ADAM|ADAMG|ADAMH|ADAMI|ADAML|ADAMM|ADAMN|ADAMO|ADAMZ|NMTR|NTR|NYMMP|NYMT|NYMTG|NYMTH|NYMTI|NYMTL|NYMTM|NYMTN|NYMTO|NYMTP|NYMTZ
ADAMM,ADAMN ADAMH ADAMO NTR NYMTO NYMTZ NYMTP NYMMP ADAMZ NYMTI NYMTL ADAM ADAMI NMTR ADAML NYMTN ADAMG NYMT NYMTG NYMTM NYMTH,ADAMM|ADAMN ADAMH ADAMO NTR NYMTO NYMTZ NYMTP NYMMP ADAMZ NYMTI NYMTL ADAM ADAMI NMTR ADAML NYMTN ADAMG NYMT NYMTG NYMTM NYMTH,ADAM|ADAMG|ADAMH|ADAMI|ADAML|ADAMM|ADAMN|ADAMO|ADAMZ|NMTR|NTR|NYMMP|NYMT|NYMTG|NYMTH|NYMTI|NYMTL|NYMTM|NYMTN|NYMTO|NYMTP|NYMTZ
ADAMN,ADAMH ADAMO ADAMM NTR NYMTO NYMTZ NYMTP NYMMP ADAMZ NYMTI NYMTL ADAM ADAMI NMTR NYMTN ADAML ADAMG NYMT NYMTG NYMTM NYMTH,ADAMH ADAMO ADAMM NTR NYMTO NYMTZ NYMTP NYMMP ADAMZ NYMTI NYMTL ADAM ADAMI NMTR NYMTN ADAML ADAMG NYMT NYMTG NYMTM NYMTH|ADAMN,ADAM|ADAMG|ADAMH|ADAMI|ADAML|ADAMM|ADAMN|ADAMO|ADAMZ|NMTR|NTR|NYMMP|NYMT|NYMTG|NYMTH|NYMTI|NYMTL|NYMTM|NYMTN|NYMTO|NYMTP|NYMTZ
ADAMZ,ADAMN ADAMH ADAMO ADAMM NTR NYMTO NYMTZ NYMTP NYMMP NYMTI NYMTL ADAM ADAMI NMTR ADAML NYMTN ADAMG NYMT NYMTG NYMTM NYMTH,ADAMN ADAMH ADAMO ADAMM NTR NYMTO NYMTZ NYMTP NYMMP NYMTI NYMTL ADAM ADAMI NMTR ADAML NYMTN ADAMG NYMT NYMTG NYMTM NYMTH|ADAMZ,ADAM|ADAMG|ADAMH|ADAMI|ADAML|ADAMM|ADAMN|ADAMO|ADAMZ|NMTR|NTR|NYMMP|NYMT|NYMTG|NYMTH|NYMTI|NYMTL|NYMTM|NYMTN|NYMTO|NYMTP|NYMTZ
ADEA,XPER TSRA,ADEA|XPER TSRA,ADEA|TSRA|XPER
ADEP,ADEO ADTK,ADEO ADTK|ADEP,ADEO|ADEP|ADTK
ADER,ADERW ADERU,ADER|ADERW ADERU,ADER|ADERU|ADERW
ADERU,ADERW ADER,ADERU|ADERW ADER,ADER|ADERU|ADERW
ADERW,ADERU ADER,ADERU ADER|ADERW,ADER|ADERU|ADERW
ADEX.U,GRDI ADEX GRDIW ADEX.WS,ADEX.U|GRDI ADEX GRDIW ADEX.WS,ADEX|ADEX.U|ADEX.WS|GRDI|GRDIW
ADF.U,ADF.WS ADF HGTY.WS HGTY,ADF.U|ADF.WS ADF HGTY.WS HGTY,ADF|ADF.U|ADF.WS|HGTY|HGTY.WS
ADGI1,ADGI ADG ALR,ADGI ADG ALR|ADGI1,ADG|ADGI|ADGI1|ALR
ADK-PA,RHE-PA ADK RHE RHEP,ADK-PA|RHE-PA ADK RHE RHEP,ADK|ADK-PA|RHE|RHE-PA|RHEP
ADNH,AMCIW AMCIU ADN ADNWW AMCIU1 AMCI,ADNH|AMCIW AMCIU ADN ADNWW AMCIU1 AMCI,ADN|ADNH|ADNWW|AMCI|AMCIU|AMCIU1|AMCIW
ADNWW,AMCIW AMCIU ADN AMCIU1 AMCI ADNH,ADNWW|AMCIW AMCIU ADN AMCIU1 AMCI ADNH,ADN|ADNH|ADNWW|AMCI|AMCIU|AMCIU1|AMCIW
ADOCR,ADOCU ADOC COOT,ADOCR|ADOCU ADOC COOT,ADOC|ADOCR|ADOCU|COOT
ADRAU,ADRA.U ADRA AENT,ADRA.U ADRA AENT|ADRAU,ADRA|ADRA.U|ADRAU|AENT
ADRNY,AHO AHONY,ADRNY|AHO AHONY,ADRNY|AHO|AHONY
ADRT,ADRTW ADRT.WS ADRT.U,ADRT|ADRTW ADRT.WS ADRT.U,ADRT|ADRT.U|ADRT.WS|ADRTW
ADRT.U,ADRTW ADRT ADRT.WS,ADRT.U|ADRTW ADRT ADRT.WS,ADRT|ADRT.U|ADRT.WS|ADRTW
ADRTW,ADRT ADRT.WS ADRT.U,ADRT ADRT.WS ADRT.U|ADRTW,ADRT|ADRT.U|ADRT.WS|ADRTW
ADRX,CYBA2 CYBA,ADRX|CYBA2 CYBA,ADRX|CYBA|CYBA2
ADSE,EUSG EUSGU,ADSE|EUSG EUSGU,ADSE|EUSG|EUSGU
IVCPU,ANNA IVCP,ANNA IVCP|IVCPU,ANNA|IVCP|IVCPU
ADTH,ADTHW MACQU MACQ MACQW,ADTH|ADTHW MACQU MACQ MACQW,ADTH|ADTHW|MACQ|MACQU|MACQW
ADTHW,MACQU MACQ MACQW ADTH,ADTHW|MACQU MACQ MACQW ADTH,ADTH|ADTHW|MACQ|MACQU|MACQW
ADTM1,ADTM HMSI,ADTM HMSI|ADTM1,ADTM|ADTM1|HMSI
ADV,CPAAU1 CPAAW ADVWW CPAAU CPAA,ADV|CPAAU1 CPAAW ADVWW CPAAU CPAA,ADV|ADVWW|CPAA|CPAAU|CPAAU1|CPAAW
ADVBQ,ADVNB ADVNQ,ADVBQ|ADVNB ADVNQ,ADVBQ|ADVNB|ADVNQ
ADVNQ,ADVBQ ADVNB,ADVBQ ADVNB|ADVNQ,ADVBQ|ADVNB|ADVNQ
ADVWW,ADV CPAAU1 CPAAW CPAAU CPAA,ADV CPAAU1 CPAAW CPAAU CPAA|ADVWW,ADV|ADVWW|CPAA|CPAAU|CPAAU1|CPAAW
ADYX,HPLF ALQA,ADYX|HPLF ALQA,ADYX|ALQA|HPLF
AEAC,AEACW AEACU,AEAC|AEACW AEACU,AEAC|AEACU|AEACW
AEACU,AEAC AEACW,AEAC AEACW|AEACU,AEAC|AEACU|AEACW
AEACW,AEAC AEACU,AEAC AEACU|AEACW,AEAC|AEACU|AEACW
AEAE,AEAEW AEAEU,AEAE|AEAEW AEAEU,AEAE|AEAEU|AEAEW
AEAEU,AEAEW AEAE,AEAEU|AEAEW AEAE,AEAE|AEAEU|AEAEW
AEAEW,AEAE AEAEU,AEAE AEAEU|AEAEW,AEAE|AEAEU|AEAEW
AEB,AEG AEH AEK AED,AEB|AEG AEH AEK AED,AEB|AED|AEG|AEH|AEK
AED,AEG AEH AEK AEB,AED|AEG AEH AEK AEB,AEB|AED|AEG|AEH|AEK
AEG,AEH AEK AEB AED,AEG|AEH AEK AEB AED,AEB|AED|AEG|AEH|AEK
AEH,AEG AEK AEB AED,AEG AEK AEB AED|AEH,AEB|AED|AEG|AEH|AEK
AEHAU,OCEAW OCEA AEHA AEHAW,AEHAU|OCEAW OCEA AEHA AEHAW,AEHA|AEHAU|AEHAW|OCEA|OCEAW
AEHL,HOL CCLTF CCCL,AEHL|HOL CCLTF CCCL,AEHL|CCCL|CCLTF|HOL
AEL,ANG-PB ANG-PA AEL-PB ANG-PD AEL-PA,AEL|ANG-PB ANG-PA AEL-PB ANG-PD AEL-PA,AEL|AEL-PA|AEL-PB|ANG-PA|ANG-PB|ANG-PD
AENT,ADRA.U ADRA ADRAU,ADRA.U ADRA ADRAU|AENT,ADRA|ADRA.U|ADRAU|AENT
AENZ,GRAM GRAMY,AENZ|GRAM GRAMY,AENZ|GRAM|GRAMY
AEON,PMGMU PMGM AEON.WS PMGMU1 PMGMW,AEON|PMGMU PMGM AEON.WS PMGMU1 PMGMW,AEON|AEON.WS|PMGM|PMGMU|PMGMU1|PMGMW
AEON.WS,PMGMU PMGM AEON PMGMU1 PMGMW,AEON.WS|PMGMU PMGM AEON PMGMU1 PMGMW,AEON|AEON.WS|PMGM|PMGMU|PMGMU1|PMGMW
AEP,AEP-PB AEPPZ AEPCU AEPPL AEPOU AEP-PC,AEP|AEP-PB AEPPZ AEPCU AEPPL AEPOU AEP-PC,AEP|AEP-PB|AEP-PC|AEPCU|AEPOU|AEPPL|AEPPZ
AEPPL,AEP-PB AEPPZ AEP AEPCU AEPOU AEP-PC,AEP-PB AEPPZ AEP AEPCU AEPOU AEP-PC|AEPPL,AEP|AEP-PB|AEP-PC|AEPCU|AEPOU|AEPPL|AEPPZ
AEPPZ,AEP-PB AEP AEPCU AEPPL AEPOU AEP-PC,AEP-PB AEP AEPCU AEPPL AEPOU AEP-PC|AEPPZ,AEP|AEP-PB|AEP-PC|AEPCU|AEPOU|AEPPL|AEPPZ
AERG,IOTN USHG,AERG|IOTN USHG,AERG|IOTN|USHG
AERT,WWAC WWACU,AERT|WWAC WWACU,AERT|WWAC|WWACU
AERT1,AERTA AERT,AERT1|AERTA AERT,AERT|AERT1|AERTA
AES,AESC AESUU,AES|AESC AESUU,AES|AESC|AESUU
AEUA,APC1 ANDKU APC,AEUA|APC1 ANDKU APC,AEUA|ANDKU|APC|APC1
AEVA,AEVAW IPV AEVA.WS IPV.WS IPV.U,AEVA|AEVAW IPV AEVA.WS IPV.WS IPV.U,AEVA|AEVA.WS|AEVAW|IPV|IPV.U|IPV.WS
AEVAW,IPV AEVA.WS AEVA IPV.WS IPV.U,AEVAW|IPV AEVA.WS AEVA IPV.WS IPV.U,AEVA|AEVA.WS|AEVAW|IPV|IPV.U|IPV.WS
AF,AF-PC ASFC,AF|AF-PC ASFC,AF|AF-PC|ASFC
AF-PC,AF ASFC,AF ASFC|AF-PC,AF|AF-PC|ASFC
AFAC,AFACW AFACU,AFAC|AFACW AFACU,AFAC|AFACU|AFACW
AFACU,AFACW AFAC,AFACU|AFACW AFAC,AFAC|AFACU|AFACW
AFAQ,AFAQU AFAQW,AFAQ|AFAQU AFAQW,AFAQ|AFAQU|AFAQW
AFAQU,AFAQW AFAQ,AFAQU|AFAQW AFAQ,AFAQ|AFAQU|AFAQW
AFAQW,AFAQU AFAQ,AFAQU AFAQ|AFAQW,AFAQ|AFAQU|AFAQW
AFAR,AFARU AFARW,AFAR|AFARU AFARW,AFAR|AFARU|AFARW
AFARU,AFARW AFAR,AFARU|AFARW AFAR,AFAR|AFARU|AFARW
AFARW,AFARU AFAR,AFARU AFAR|AFARW,AFAR|AFARU|AFARW
AFG,AFGC AFGE AFGB AFQ AFW-CL AFA AFGE1 AFGD AFGH,AFG|AFGC AFGE AFGB AFQ AFW-CL AFA AFGE1 AFGD AFGH,AFA|AFG|AFGB|AFGC|AFGD|AFGE|AFGE1|AFGH|AFQ|AFW-CL
AFHIQ,AFHIF AFH AFHBL,AFHIF AFH AFHBL|AFHIQ,AFH|AFHBL|AFHIF|AFHIQ
AFIIQ,AFI.W AFI,AFI.W AFI|AFIIQ,AFI|AFI.W|AFIIQ
AFM,AMFM EVGM,AFM|AMFM EVGM,AFM|AMFM|EVGM
AFRI,GLAQ GLAQU,AFRI|GLAQ GLAQU,AFRI|GLAQ|GLAQU
AFSI,AFSI-PF AFSI-PB AFSI-PE AFSI-PD AFFS AFST AFSI-PC AFSS AFSI-PA AFFT,AFSI|AFSI-PF AFSI-PB AFSI-PE AFSI-PD AFFS AFST AFSI-PC AFSS AFSI-PA AFFT,AFFS|AFFT|AFSI|AFSI-PA|AFSI-PB|AFSI-PC|AFSI-PD|AFSI-PE|AFSI-PF|AFSS|AFST
AFSI-PA,AFSI-PF AFSI-PB AFSI-PE AFSI-PD AFFS AFST AFSI-PC AFSS AFSI AFFT,AFSI-PA|AFSI-PF AFSI-PB AFSI-PE AFSI-PD AFFS AFST AFSI-PC AFSS AFSI AFFT,AFFS|AFFT|AFSI|AFSI-PA|AFSI-PB|AFSI-PC|AFSI-PD|AFSI-PE|AFSI-PF|AFSS|AFST
AFSI-PB,AFSI-PF AFSI-PE AFSI-PD AFFS AFST AFSI-PC AFSS AFSI AFSI-PA AFFT,AFSI-PB|AFSI-PF AFSI-PE AFSI-PD AFFS AFST AFSI-PC AFSS AFSI AFSI-PA AFFT,AFFS|AFFT|AFSI|AFSI-PA|AFSI-PB|AFSI-PC|AFSI-PD|AFSI-PE|AFSI-PF|AFSS|AFST
AFSI-PC,AFSI-PF AFSI-PB AFSI-PE AFSI-PD AFFS AFST AFSS AFSI AFSI-PA AFFT,AFSI-PC|AFSI-PF AFSI-PB AFSI-PE AFSI-PD AFFS AFST AFSS AFSI AFSI-PA AFFT,AFFS|AFFT|AFSI|AFSI-PA|AFSI-PB|AFSI-PC|AFSI-PD|AFSI-PE|AFSI-PF|AFSS|AFST
AFSI-PD,AFSI-PF AFSI-PB AFSI-PE AFFS AFST AFSI-PC AFSS AFSI AFSI-PA AFFT,AFSI-PD|AFSI-PF AFSI-PB AFSI-PE AFFS AFST AFSI-PC AFSS AFSI AFSI-PA AFFT,AFFS|AFFT|AFSI|AFSI-PA|AFSI-PB|AFSI-PC|AFSI-PD|AFSI-PE|AFSI-PF|AFSS|AFST
AFSI-PE,AFSI-PF AFSI-PB AFSI-PD AFFS AFST AFSI-PC AFSS AFSI AFSI-PA AFFT,AFSI-PE|AFSI-PF AFSI-PB AFSI-PD AFFS AFST AFSI-PC AFSS AFSI AFSI-PA AFFT,AFFS|AFFT|AFSI|AFSI-PA|AFSI-PB|AFSI-PC|AFSI-PD|AFSI-PE|AFSI-PF|AFSS|AFST
AFSI-PF,AFSI-PB AFSI-PE AFSI-PD AFFS AFST AFSI-PC AFSS AFSI AFSI-PA AFFT,AFSI-PB AFSI-PE AFSI-PD AFFS AFST AFSI-PC AFSS AFSI AFSI-PA AFFT|AFSI-PF,AFFS|AFFT|AFSI|AFSI-PA|AFSI-PB|AFSI-PC|AFSI-PD|AFSI-PE|AFSI-PF|AFSS|AFST
AFTR,AFTR.U AFTR.WS,AFTR|AFTR.U AFTR.WS,AFTR|AFTR.U|AFTR.WS
AFTR.U,AFTR AFTR.WS,AFTR AFTR.WS|AFTR.U,AFTR|AFTR.U|AFTR.WS
AFTR.WS,AFTR.U AFTR,AFTR.U AFTR|AFTR.WS,AFTR|AFTR.U|AFTR.WS
AG,FMJRF FRMSF,AG|FMJRF FRMSF,AG|FMJRF|FRMSF
AGAC.WS,AGAC AGACF AGAUF AGAC.U,AGAC AGACF AGAUF AGAC.U|AGAC.WS,AGAC|AGAC.U|AGAC.WS|AGACF|AGAUF
AGACF,AGAC AGAUF AGAC.WS AGAC.U,AGAC AGAUF AGAC.WS AGAC.U|AGACF,AGAC|AGAC.U|AGAC.WS|AGACF|AGAUF
AGAUF,AGAC AGACF AGAC.WS AGAC.U,AGAC AGACF AGAC.WS AGAC.U|AGAUF,AGAC|AGAC.U|AGAC.WS|AGACF|AGAUF
AGBAR,AGBAU AGBA ILLR,AGBAR|AGBAU AGBA ILLR,AGBA|AGBAR|AGBAU|ILLR
AGBAU,AGBAR AGBA ILLR,AGBAR AGBA ILLR|AGBAU,AGBA|AGBAR|AGBAU|ILLR
AGCUU,GRAB AGC,AGCUU|GRAB AGC,AGC|AGCUU|GRAB
AGD1,AGTX AGD,AGD1|AGTX AGD,AGD|AGD1|AGTX
AGFS,BLVDU BLVD,AGFS|BLVDU BLVD,AGFS|BLVD|BLVDU
AGGR,AGGRU AGGRW,AGGR|AGGRU AGGRW,AGGR|AGGRU|AGGRW
AGGRU,AGGR AGGRW,AGGR AGGRW|AGGRU,AGGR|AGGRU|AGGRW
AGGRW,AGGRU AGGR,AGGRU AGGR|AGGRW,AGGR|AGGRU|AGGRW
AGIG,HUSA HGO,AGIG|HUSA HGO,AGIG|HGO|HUSA
AGILQ,AGILW LIVKW LIVKU AGIL LIVK AGILWQ,AGILQ|AGILW LIVKW LIVKU AGIL LIVK AGILWQ,AGIL|AGILQ|AGILW|AGILWQ|LIVK|LIVKU|LIVKW
AGILWQ,AGILW LIVKW LIVKU AGILQ AGIL LIVK,AGILW LIVKW LIVKU AGILQ AGIL LIVK|AGILWQ,AGIL|AGILQ|AGILW|AGILWQ|LIVK|LIVKU|LIVKW
AGM,AGM-PI AGM-PH AGM-PF AGM-PE AGM-PD AGM-PC AGM-PG AGM-PA AGM-PB AGM.A AGMPP,AGM|AGM-PI AGM-PH AGM-PF AGM-PE AGM-PD AGM-PC AGM-PG AGM-PA AGM-PB AGM.A AGMPP,AGM|AGM-PA|AGM-PB|AGM-PC|AGM-PD|AGM-PE|AGM-PF|AGM-PG|AGM-PH|AGM-PI|AGM.A|AGMPP
AGM-PA,AGM-PI AGM-PH AGM-PF AGM-PE AGM-PD AGM-PC AGM-PG AGM AGM-PB AGM.A AGMPP,AGM-PA|AGM-PI AGM-PH AGM-PF AGM-PE AGM-PD AGM-PC AGM-PG AGM AGM-PB AGM.A AGMPP,AGM|AGM-PA|AGM-PB|AGM-PC|AGM-PD|AGM-PE|AGM-PF|AGM-PG|AGM-PH|AGM-PI|AGM.A|AGMPP
AGM-PB,AGM-PI AGM-PH AGM-PF AGM-PE AGM-PD AGM-PC AGM-PG AGM-PA AGM AGM.A AGMPP,AGM-PB|AGM-PI AGM-PH AGM-PF AGM-PE AGM-PD AGM-PC AGM-PG AGM-PA AGM AGM.A AGMPP,AGM|AGM-PA|AGM-PB|AGM-PC|AGM-PD|AGM-PE|AGM-PF|AGM-PG|AGM-PH|AGM-PI|AGM.A|AGMPP
AGM-PC,AGM-PI AGM-PH AGM-PF AGM-PE AGM-PD AGM-PG AGM-PA AGM AGM-PB AGM.A AGMPP,AGM-PC|AGM-PI AGM-PH AGM-PF AGM-PE AGM-PD AGM-PG AGM-PA AGM AGM-PB AGM.A AGMPP,AGM|AGM-PA|AGM-PB|AGM-PC|AGM-PD|AGM-PE|AGM-PF|AGM-PG|AGM-PH|AGM-PI|AGM.A|AGMPP
AGM-PD,AGM-PI AGM-PH AGM-PF AGM-PE AGM-PC AGM-PG AGM-PA AGM AGM-PB AGM.A AGMPP,AGM-PD|AGM-PI AGM-PH AGM-PF AGM-PE AGM-PC AGM-PG AGM-PA AGM AGM-PB AGM.A AGMPP,AGM|AGM-PA|AGM-PB|AGM-PC|AGM-PD|AGM-PE|AGM-PF|AGM-PG|AGM-PH|AGM-PI|AGM.A|AGMPP
AGM-PE,AGM-PI AGM-PH AGM-PF AGM-PD AGM-PC AGM-PG AGM-PA AGM AGM-PB AGM.A AGMPP,AGM-PE|AGM-PI AGM-PH AGM-PF AGM-PD AGM-PC AGM-PG AGM-PA AGM AGM-PB AGM.A AGMPP,AGM|AGM-PA|AGM-PB|AGM-PC|AGM-PD|AGM-PE|AGM-PF|AGM-PG|AGM-PH|AGM-PI|AGM.A|AGMPP
AGM-PF,AGM-PI AGM-PH AGM-PE AGM-PD AGM-PC AGM-PG AGM-PA AGM AGM-PB AGM.A AGMPP,AGM-PF|AGM-PI AGM-PH AGM-PE AGM-PD AGM-PC AGM-PG AGM-PA AGM AGM-PB AGM.A AGMPP,AGM|AGM-PA|AGM-PB|AGM-PC|AGM-PD|AGM-PE|AGM-PF|AGM-PG|AGM-PH|AGM-PI|AGM.A|AGMPP
AGM-PG,AGM-PI AGM-PH AGM-PF AGM-PE AGM-PD AGM-PC AGM-PA AGM AGM-PB AGM.A AGMPP,AGM-PG|AGM-PI AGM-PH AGM-PF AGM-PE AGM-PD AGM-PC AGM-PA AGM AGM-PB AGM.A AGMPP,AGM|AGM-PA|AGM-PB|AGM-PC|AGM-PD|AGM-PE|AGM-PF|AGM-PG|AGM-PH|AGM-PI|AGM.A|AGMPP
AGM-PH,AGM-PI AGM-PF AGM-PE AGM-PD AGM-PC AGM-PG AGM-PA AGM AGM-PB AGM.A AGMPP,AGM-PH|AGM-PI AGM-PF AGM-PE AGM-PD AGM-PC AGM-PG AGM-PA AGM AGM-PB AGM.A AGMPP,AGM|AGM-PA|AGM-PB|AGM-PC|AGM-PD|AGM-PE|AGM-PF|AGM-PG|AGM-PH|AGM-PI|AGM.A|AGMPP
AGM-PI,AGM-PH AGM-PF AGM-PE AGM-PD AGM-PC AGM-PG AGM-PA AGM AGM-PB AGM.A AGMPP,AGM-PH AGM-PF AGM-PE AGM-PD AGM-PC AGM-PG AGM-PA AGM AGM-PB AGM.A AGMPP|AGM-PI,AGM|AGM-PA|AGM-PB|AGM-PC|AGM-PD|AGM-PE|AGM-PF|AGM-PG|AGM-PH|AGM-PI|AGM.A|AGMPP
AGM.A,AGM-PI AGM-PH AGM-PF AGM-PE AGM-PD AGM-PC AGM-PG AGM-PA AGM AGM-PB AGMPP,AGM-PI AGM-PH AGM-PF AGM-PE AGM-PD AGM-PC AGM-PG AGM-PA AGM AGM-PB AGMPP|AGM.A,AGM|AGM-PA|AGM-PB|AGM-PC|AGM-PD|AGM-PE|AGM-PF|AGM-PG|AGM-PH|AGM-PI|AGM.A|AGMPP
AGN,WPI ACT AGN-PA,AGN|WPI ACT AGN-PA,ACT|AGN|AGN-PA|WPI
AGN-PA,WPI AGN ACT,AGN-PA|WPI AGN ACT,ACT|AGN|AGN-PA|WPI
AGNC,AGNCM AGNCO AGNCL AGNCP1 AGNCZ AGNCB AGNCP AGNCN,AGNC|AGNCM AGNCO AGNCL AGNCP1 AGNCZ AGNCB AGNCP AGNCN,AGNC|AGNCB|AGNCL|AGNCM|AGNCN|AGNCO|AGNCP|AGNCP1|AGNCZ
AGNCB,AGNCM AGNCO AGNCL AGNC AGNCP1 AGNCZ AGNCP AGNCN,AGNCB|AGNCM AGNCO AGNCL AGNC AGNCP1 AGNCZ AGNCP AGNCN,AGNC|AGNCB|AGNCL|AGNCM|AGNCN|AGNCO|AGNCP|AGNCP1|AGNCZ
AGNCL,AGNCM AGNCO AGNC AGNCP1 AGNCZ AGNCB AGNCP AGNCN,AGNCL|AGNCM AGNCO AGNC AGNCP1 AGNCZ AGNCB AGNCP AGNCN,AGNC|AGNCB|AGNCL|AGNCM|AGNCN|AGNCO|AGNCP|AGNCP1|AGNCZ
AGNCM,AGNCO AGNCL AGNC AGNCP1 AGNCZ AGNCB AGNCP AGNCN,AGNCM|AGNCO AGNCL AGNC AGNCP1 AGNCZ AGNCB AGNCP AGNCN,AGNC|AGNCB|AGNCL|AGNCM|AGNCN|AGNCO|AGNCP|AGNCP1|AGNCZ
AGNCN,AGNCM AGNCO AGNCL AGNC AGNCP1 AGNCZ AGNCB AGNCP,AGNCM AGNCO AGNCL AGNC AGNCP1 AGNCZ AGNCB AGNCP|AGNCN,AGNC|AGNCB|AGNCL|AGNCM|AGNCN|AGNCO|AGNCP|AGNCP1|AGNCZ
AGNCO,AGNCM AGNCL AGNC AGNCP1 AGNCZ AGNCB AGNCP AGNCN,AGNCM AGNCL AGNC AGNCP1 AGNCZ AGNCB AGNCP AGNCN|AGNCO,AGNC|AGNCB|AGNCL|AGNCM|AGNCN|AGNCO|AGNCP|AGNCP1|AGNCZ
AGNCP,AGNCM AGNCO AGNCL AGNC AGNCP1 AGNCZ AGNCB AGNCN,AGNCM AGNCO AGNCL AGNC AGNCP1 AGNCZ AGNCB AGNCN|AGNCP,AGNC|AGNCB|AGNCL|AGNCM|AGNCN|AGNCO|AGNCP|AGNCP1|AGNCZ
AGNCP1,AGNCM AGNCO AGNCL AGNC AGNCZ AGNCB AGNCP AGNCN,AGNCM AGNCO AGNCL AGNC AGNCZ AGNCB AGNCP AGNCN|AGNCP1,AGNC|AGNCB|AGNCL|AGNCM|AGNCN|AGNCO|AGNCP|AGNCP1|AGNCZ
AIMAW,AIMAU AIMBU,AIMAU AIMBU|AIMAW,AIMAU|AIMAW|AIMBU
AGNUQ,AGNU WGA,AGNU WGA|AGNUQ,AGNU|AGNUQ|WGA
AGO,AGO-PF AGO-PB AGO-PE,AGO|AGO-PF AGO-PB AGO-PE,AGO|AGO-PB|AGO-PE|AGO-PF
AGO-PB,AGO-PF AGO-PE AGO,AGO-PB|AGO-PF AGO-PE AGO,AGO|AGO-PB|AGO-PE|AGO-PF
AGO-PE,AGO-PF AGO-PB AGO,AGO-PE|AGO-PF AGO-PB AGO,AGO|AGO-PB|AGO-PE|AGO-PF
AGO-PF,AGO-PB AGO-PE AGO,AGO-PB AGO-PE AGO|AGO-PF,AGO|AGO-PB|AGO-PE|AGO-PF
AGPU,SKLN BIOR AIPT,AGPU|SKLN BIOR AIPT,AGPU|AIPT|BIOR|SKLN
AGR.B,AGR.A AGR AGR1,AGR.A AGR AGR1|AGR.B,AGR|AGR.A|AGR.B|AGR1
AGR1,AGR.A AGR AGR.B,AGR.A AGR AGR.B|AGR1,AGR|AGR.A|AGR.B|AGR1
AGRIW,AVX AGRI,AGRIW|AVX AGRI,AGRI|AGRIW|AVX
AHACU,HUMA AHAC,AHACU|HUMA AHAC,AHAC|AHACU|HUMA
AHCI,TWH ADH,AHCI|TWH ADH,ADH|AHCI|TWH
AHCO,DFBHU DFBH,AHCO|DFBHU DFBH,AHCO|DFBH|DFBHU
AHL-PA,AHL-PB AHL-PD AHL2 AHL AHL-PE AHL-PF AHL-PC,AHL-PA|AHL-PB AHL-PD AHL2 AHL AHL-PE AHL-PF AHL-PC,AHL|AHL-PA|AHL-PB|AHL-PC|AHL-PD|AHL-PE|AHL-PF|AHL2
AHL-PB,AHL-PA AHL-PD AHL2 AHL AHL-PE AHL-PF AHL-PC,AHL-PA AHL-PD AHL2 AHL AHL-PE AHL-PF AHL-PC|AHL-PB,AHL|AHL-PA|AHL-PB|AHL-PC|AHL-PD|AHL-PE|AHL-PF|AHL2
AHL-PC,AHL-PA AHL-PB AHL-PD AHL2 AHL AHL-PE AHL-PF,AHL-PA AHL-PB AHL-PD AHL2 AHL AHL-PE AHL-PF|AHL-PC,AHL|AHL-PA|AHL-PB|AHL-PC|AHL-PD|AHL-PE|AHL-PF|AHL2
AHL-PD,AHL-PA AHL-PB AHL2 AHL AHL-PE AHL-PF AHL-PC,AHL-PA AHL-PB AHL2 AHL AHL-PE AHL-PF AHL-PC|AHL-PD,AHL|AHL-PA|AHL-PB|AHL-PC|AHL-PD|AHL-PE|AHL-PF|AHL2
AHL-PE,AHL-PA AHL-PB AHL-PD AHL2 AHL AHL-PF AHL-PC,AHL-PA AHL-PB AHL-PD AHL2 AHL AHL-PF AHL-PC|AHL-PE,AHL|AHL-PA|AHL-PB|AHL-PC|AHL-PD|AHL-PE|AHL-PF|AHL2
AHL-PF,AHL-PA AHL-PB AHL-PD AHL2 AHL AHL-PE AHL-PC,AHL-PA AHL-PB AHL-PD AHL2 AHL AHL-PE AHL-PC|AHL-PF,AHL|AHL-PA|AHL-PB|AHL-PC|AHL-PD|AHL-PE|AHL-PF|AHL2
AHL2,AHL-PA AHL-PB AHL-PD AHL AHL-PE AHL-PF AHL-PC,AHL-PA AHL-PB AHL-PD AHL AHL-PE AHL-PF AHL-PC|AHL2,AHL|AHL-PA|AHL-PB|AHL-PC|AHL-PD|AHL-PE|AHL-PF|AHL2
AHM2,NYE AHM,AHM2|NYE AHM,AHM|AHM2|NYE
AHMIQ,AHM AHMH,AHM AHMH|AHMIQ,AHM|AHMH|AHMIQ
AHNA,SBLI AHN,AHNA|SBLI AHN,AHN|AHNA|SBLI
AHRN,AHRNU AHRNW,AHRN|AHRNU AHRNW,AHRN|AHRNU|AHRNW
AHRNU,AHRNW AHRN,AHRNU|AHRNW AHRN,AHRN|AHRNU|AHRNW
AHRNW,AHRNU AHRN,AHRNU AHRN|AHRNW,AHRN|AHRNU|AHRNW
AHRT,AHH-PA AHRT-PA AHH,AHH-PA AHRT-PA AHH|AHRT,AHH|AHH-PA|AHRT|AHRT-PA
AHRT-PA,AHH-PA AHRT AHH,AHH-PA AHRT AHH|AHRT-PA,AHH|AHH-PA|AHRT|AHRT-PA
AHT,AHT-PA AHT-PE AHT-PH AHT-PF AHT-PG AHT-PD AHT-PI,AHT|AHT-PA AHT-PE AHT-PH AHT-PF AHT-PG AHT-PD AHT-PI,AHT|AHT-PA|AHT-PD|AHT-PE|AHT-PF|AHT-PG|AHT-PH|AHT-PI
AHT-PA,AHT-PE AHT AHT-PH AHT-PF AHT-PG AHT-PD AHT-PI,AHT-PA|AHT-PE AHT AHT-PH AHT-PF AHT-PG AHT-PD AHT-PI,AHT|AHT-PA|AHT-PD|AHT-PE|AHT-PF|AHT-PG|AHT-PH|AHT-PI
AHT-PD,AHT-PA AHT-PE AHT AHT-PH AHT-PF AHT-PG AHT-PI,AHT-PA AHT-PE AHT AHT-PH AHT-PF AHT-PG AHT-PI|AHT-PD,AHT|AHT-PA|AHT-PD|AHT-PE|AHT-PF|AHT-PG|AHT-PH|AHT-PI
AHT-PE,AHT-PA AHT AHT-PH AHT-PF AHT-PG AHT-PD AHT-PI,AHT-PA AHT AHT-PH AHT-PF AHT-PG AHT-PD AHT-PI|AHT-PE,AHT|AHT-PA|AHT-PD|AHT-PE|AHT-PF|AHT-PG|AHT-PH|AHT-PI
AHT-PF,AHT-PA AHT-PE AHT AHT-PH AHT-PG AHT-PD AHT-PI,AHT-PA AHT-PE AHT AHT-PH AHT-PG AHT-PD AHT-PI|AHT-PF,AHT|AHT-PA|AHT-PD|AHT-PE|AHT-PF|AHT-PG|AHT-PH|AHT-PI
AHT-PG,AHT-PA AHT-PE AHT AHT-PH AHT-PF AHT-PD AHT-PI,AHT-PA AHT-PE AHT AHT-PH AHT-PF AHT-PD AHT-PI|AHT-PG,AHT|AHT-PA|AHT-PD|AHT-PE|AHT-PF|AHT-PG|AHT-PH|AHT-PI
AHT-PH,AHT-PA AHT-PE AHT AHT-PF AHT-PG AHT-PD AHT-PI,AHT-PA AHT-PE AHT AHT-PF AHT-PG AHT-PD AHT-PI|AHT-PH,AHT|AHT-PA|AHT-PD|AHT-PE|AHT-PF|AHT-PG|AHT-PH|AHT-PI
AHT-PI,AHT-PA AHT-PE AHT AHT-PH AHT-PF AHT-PG AHT-PD,AHT-PA AHT-PE AHT AHT-PH AHT-PF AHT-PG AHT-PD|AHT-PI,AHT|AHT-PA|AHT-PD|AHT-PE|AHT-PF|AHT-PG|AHT-PH|AHT-PI
AIBBU,AIBBR AIBAF AACRF AIB PSIG,AIBBR AIBAF AACRF AIB PSIG|AIBBU,AACRF|AIB|AIBAF|AIBBR|AIBBU|PSIG
AIEV,FLFV FLFVU FLFVW FLFVR,AIEV|FLFV FLFVU FLFVW FLFVR,AIEV|FLFV|FLFVR|FLFVU|FLFVW
AIFA,AGAE BRAC BRACU AESE,AGAE BRAC BRACU AESE|AIFA,AESE|AGAE|AIFA|BRAC|BRACU
AIFC,ARCI ALTS JAN,AIFC|ARCI ALTS JAN,AIFC|ALTS|ARCI|JAN
AIFF,WAVD IAIC,AIFF|WAVD IAIC,AIFF|IAIC|WAVD
AIFU,CISG FANH,AIFU|CISG FANH,AIFU|CISG|FANH
AIG,AIG.WS AIG-PA,AIG|AIG.WS AIG-PA,AIG|AIG-PA|AIG.WS
AIG-PA,AIG AIG.WS,AIG AIG.WS|AIG-PA,AIG|AIG-PA|AIG.WS
AIG.WS,AIG AIG-PA,AIG AIG-PA|AIG.WS,AIG|AIG-PA|AIG.WS
AIH1,HST AIH ABI,AIH1|HST AIH ABI,ABI|AIH|AIH1|HST
AIIO,ESSCU ESSC NWTN ESSCR,AIIO|ESSCU ESSC NWTN ESSCR,AIIO|ESSC|ESSCR|ESSCU|NWTN
AIIXY,AIXG AIXNY,AIIXY|AIXG AIXNY,AIIXY|AIXG|AIXNY
AILEQ,AILEW AILE ARRWW ARRW ARRWU,AILEQ|AILEW AILE ARRWW ARRW ARRWU,AILE|AILEQ|AILEW|ARRW|ARRWU|ARRWW
AILEW,AILE ARRWW AILEQ ARRW ARRWU,AILE ARRWW AILEQ ARRW ARRWU|AILEW,AILE|AILEQ|AILEW|ARRW|ARRWU|ARRWW
AIM,HEB AIMI,AIM|HEB AIMI,AIM|AIMI|HEB
AIMAU,AIMBU AIMAW,AIMAU|AIMBU AIMAW,AIMAU|AIMAW|AIMBU
AIOS,NISN HEBT,AIOS|NISN HEBT,AIOS|HEBT|NISN
AIOT,IDSY PWFL,AIOT|IDSY PWFL,AIOT|IDSY|PWFL
AIPC,AITP PLB,AIPC|AITP PLB,AIPC|AITP|PLB
AIRI,HNNS ASHN GLDS HNNSQ,AIRI|HNNS ASHN GLDS HNNSQ,AIRI|ASHN|GLDS|HNNS|HNNSQ
AIRJ,XPDB XPDBU,AIRJ|XPDB XPDBU,AIRJ|XPDB|XPDBU
AIRO2,AIRO AIRN,AIRO AIRN|AIRO2,AIRN|AIRO|AIRO2
AIRT,AIRTW AIRTP,AIRT|AIRTW AIRTP,AIRT|AIRTP|AIRTW
AIRTP,AIRTW AIRT,AIRTP|AIRTW AIRT,AIRT|AIRTP|AIRTW
AIRTW,AIRTP AIRT,AIRTP AIRT|AIRTW,AIRT|AIRTP|AIRTW
AISP,BYTS BYTSU,AISP|BYTS BYTSU,AISP|BYTS|BYTSU
AITR,AITRR AITRU,AITR|AITRR AITRU,AITR|AITRR|AITRU
AITRR,AITRU AITR,AITRR|AITRU AITR,AITR|AITRR|AITRU
AITRU,AITRR AITR,AITRR AITR|AITRU,AITR|AITRR|AITRU
AIV,AIV-PZ AIVXP AIV-PA,AIV|AIV-PZ AIVXP AIV-PA,AIV|AIV-PA|AIV-PZ|AIVXP
AIV-PA,AIV-PZ AIV AIVXP,AIV-PA|AIV-PZ AIV AIVXP,AIV|AIV-PA|AIV-PZ|AIVXP
AIV-PZ,AIV AIVXP AIV-PA,AIV AIVXP AIV-PA|AIV-PZ,AIV|AIV-PA|AIV-PZ|AIVXP
AIXC,RTTR QLGN,AIXC|RTTR QLGN,AIXC|QLGN|RTTR
AIZ,AIZZP AIZP AIZN,AIZ|AIZZP AIZP AIZN,AIZ|AIZN|AIZP|AIZZP
AIZP,AIZZP AIZN AIZ,AIZP|AIZZP AIZN AIZ,AIZ|AIZN|AIZP|AIZZP
AJAX.U,CZOOF CZOO.WS CZOO AJAX.WS AJAX,AJAX.U|CZOOF CZOO.WS CZOO AJAX.WS AJAX,AJAX|AJAX.U|AJAX.WS|CZOO|CZOO.WS|CZOOF
AKIC,AKICU AKICW,AKIC|AKICU AKICW,AKIC|AKICU|AKICW
AKICU,AKICW AKIC,AKICU|AKICW AKIC,AKIC|AKICU|AKICW
AKRXQ,AKN AKRN AKRX,AKN AKRN AKRX|AKRXQ,AKN|AKRN|AKRX|AKRXQ
AKTSQ,AKTS DNLX,AKTS DNLX|AKTSQ,AKTS|AKTSQ|DNLX
ALAC,ALACW ALACR ALACU,ALAC|ALACW ALACR ALACU,ALAC|ALACR|ALACU|ALACW
ALACR,ALAC ALACW ALACU,ALAC ALACW ALACU|ALACR,ALAC|ALACR|ALACU|ALACW
ALACU,ALACW ALAC ALACR,ALACU|ALACW ALAC ALACR,ALAC|ALACR|ALACU|ALACW
ALACW,ALAC ALACR ALACU,ALAC ALACR ALACU|ALACW,ALAC|ALACR|ALACU|ALACW
ALAO,ALU ALA,ALAO|ALU ALA,ALA|ALAO|ALU
ALAR,SFET SFTTY,ALAR|SFET SFTTY,ALAR|SFET|SFTTY
ALCE,CLINR CLINU CLIN CLINW,ALCE|CLINR CLINU CLIN CLINW,ALCE|CLIN|CLINR|CLINU|CLINW
ALCSQ,DUCK ALCS,ALCSQ|DUCK ALCS,ALCS|ALCSQ|DUCK
ALCYF,ALCYU ALCY,ALCYF|ALCYU ALCY,ALCY|ALCYF|ALCYU
ALCYU,ALCYF ALCY,ALCYF ALCY|ALCYU,ALCY|ALCYF|ALCYU
ALD1,ALLC AFC ALD,ALD1|ALLC AFC ALD,AFC|ALD|ALD1|ALLC
ALFIQ,ALFIW ALF,ALFIQ|ALFIW ALF,ALF|ALFIQ|ALFIW
ALFIW,ALFIQ ALF,ALFIQ ALF|ALFIW,ALF|ALFIQ|ALFIW
JAQCW,JAQC JAQCU,JAQC JAQCU|JAQCW,JAQC|JAQCU|JAQCW
ALIN-PA,TOO-PE TOO-PA ALIN-PE TOO TOO-PB ALIN-PB,ALIN-PA|TOO-PE TOO-PA ALIN-PE TOO TOO-PB ALIN-PB,ALIN-PA|ALIN-PB|ALIN-PE|TOO|TOO-PA|TOO-PB|TOO-PE
ALIN-PB,TOO-PE TOO-PA ALIN-PE TOO TOO-PB ALIN-PA,ALIN-PB|TOO-PE TOO-PA ALIN-PE TOO TOO-PB ALIN-PA,ALIN-PA|ALIN-PB|ALIN-PE|TOO|TOO-PA|TOO-PB|TOO-PE
ALIN-PE,TOO-PE TOO-PA TOO TOO-PB ALIN-PB ALIN-PA,ALIN-PE|TOO-PE TOO-PA TOO TOO-PB ALIN-PB ALIN-PA,ALIN-PA|ALIN-PB|ALIN-PE|TOO|TOO-PA|TOO-PB|TOO-PE
ALIT,WPF.U ALIT.WS WPF.WS WPF,ALIT|WPF.U ALIT.WS WPF.WS WPF,ALIT|ALIT.WS|WPF|WPF.U|WPF.WS
ALIT.WS,WPF.U ALIT WPF.WS WPF,ALIT.WS|WPF.U ALIT WPF.WS WPF,ALIT|ALIT.WS|WPF|WPF.U|WPF.WS
ALIZY,AZSEY AZ,ALIZY|AZSEY AZ,ALIZY|AZ|AZSEY
ALL,ALL-PD ALL-PB ALL-PH ALL-PC ALL-PJ ALL-PF ALL-PE ALL-PA ALL-PI ALL-PG ALLJL,ALL|ALL-PD ALL-PB ALL-PH ALL-PC ALL-PJ ALL-PF ALL-PE ALL-PA ALL-PI ALL-PG ALLJL,ALL|ALL-PA|ALL-PB|ALL-PC|ALL-PD|ALL-PE|ALL-PF|ALL-PG|ALL-PH|ALL-PI|ALL-PJ|ALLJL
ALL-PA,ALL-PD ALL-PB ALL-PH ALL-PC ALL-PJ ALL-PF ALL-PE ALL ALL-PI ALL-PG ALLJL,ALL-PA|ALL-PD ALL-PB ALL-PH ALL-PC ALL-PJ ALL-PF ALL-PE ALL ALL-PI ALL-PG ALLJL,ALL|ALL-PA|ALL-PB|ALL-PC|ALL-PD|ALL-PE|ALL-PF|ALL-PG|ALL-PH|ALL-PI|ALL-PJ|ALLJL
ALL-PB,ALL-PD ALL-PH ALL-PC ALL-PJ ALL-PF ALL-PE ALL ALL-PA ALL-PI ALL-PG ALLJL,ALL-PB|ALL-PD ALL-PH ALL-PC ALL-PJ ALL-PF ALL-PE ALL ALL-PA ALL-PI ALL-PG ALLJL,ALL|ALL-PA|ALL-PB|ALL-PC|ALL-PD|ALL-PE|ALL-PF|ALL-PG|ALL-PH|ALL-PI|ALL-PJ|ALLJL
ALL-PC,ALL-PD ALL-PB ALL-PH ALL-PJ ALL-PF ALL-PE ALL ALL-PA ALL-PI ALL-PG ALLJL,ALL-PC|ALL-PD ALL-PB ALL-PH ALL-PJ ALL-PF ALL-PE ALL ALL-PA ALL-PI ALL-PG ALLJL,ALL|ALL-PA|ALL-PB|ALL-PC|ALL-PD|ALL-PE|ALL-PF|ALL-PG|ALL-PH|ALL-PI|ALL-PJ|ALLJL
ALL-PD,ALL-PB ALL-PH ALL-PC ALL-PJ ALL-PF ALL-PE ALL ALL-PA ALL-PI ALL-PG ALLJL,ALL-PB ALL-PH ALL-PC ALL-PJ ALL-PF ALL-PE ALL ALL-PA ALL-PI ALL-PG ALLJL|ALL-PD,ALL|ALL-PA|ALL-PB|ALL-PC|ALL-PD|ALL-PE|ALL-PF|ALL-PG|ALL-PH|ALL-PI|ALL-PJ|ALLJL
ALL-PE,ALL-PD ALL-PB ALL-PH ALL-PC ALL-PJ ALL-PF ALL ALL-PA ALL-PI ALL-PG ALLJL,ALL-PD ALL-PB ALL-PH ALL-PC ALL-PJ ALL-PF ALL ALL-PA ALL-PI ALL-PG ALLJL|ALL-PE,ALL|ALL-PA|ALL-PB|ALL-PC|ALL-PD|ALL-PE|ALL-PF|ALL-PG|ALL-PH|ALL-PI|ALL-PJ|ALLJL
ALL-PF,ALL-PD ALL-PB ALL-PH ALL-PC ALL-PJ ALL-PE ALL ALL-PA ALL-PI ALL-PG ALLJL,ALL-PD ALL-PB ALL-PH ALL-PC ALL-PJ ALL-PE ALL ALL-PA ALL-PI ALL-PG ALLJL|ALL-PF,ALL|ALL-PA|ALL-PB|ALL-PC|ALL-PD|ALL-PE|ALL-PF|ALL-PG|ALL-PH|ALL-PI|ALL-PJ|ALLJL
ALL-PG,ALL-PD ALL-PB ALL-PH ALL-PC ALL-PJ ALL-PF ALL-PE ALL ALL-PA ALL-PI ALLJL,ALL-PD ALL-PB ALL-PH ALL-PC ALL-PJ ALL-PF ALL-PE ALL ALL-PA ALL-PI ALLJL|ALL-PG,ALL|ALL-PA|ALL-PB|ALL-PC|ALL-PD|ALL-PE|ALL-PF|ALL-PG|ALL-PH|ALL-PI|ALL-PJ|ALLJL
ALL-PH,ALL-PD ALL-PB ALL-PC ALL-PJ ALL-PF ALL-PE ALL ALL-PA ALL-PI ALL-PG ALLJL,ALL-PD ALL-PB ALL-PC ALL-PJ ALL-PF ALL-PE ALL ALL-PA ALL-PI ALL-PG ALLJL|ALL-PH,ALL|ALL-PA|ALL-PB|ALL-PC|ALL-PD|ALL-PE|ALL-PF|ALL-PG|ALL-PH|ALL-PI|ALL-PJ|ALLJL
ALL-PI,ALL-PD ALL-PB ALL-PH ALL-PC ALL-PJ ALL-PF ALL-PE ALL ALL-PA ALL-PG ALLJL,ALL-PD ALL-PB ALL-PH ALL-PC ALL-PJ ALL-PF ALL-PE ALL ALL-PA ALL-PG ALLJL|ALL-PI,ALL|ALL-PA|ALL-PB|ALL-PC|ALL-PD|ALL-PE|ALL-PF|ALL-PG|ALL-PH|ALL-PI|ALL-PJ|ALLJL
ALL-PJ,ALL-PD ALL-PB ALL-PH ALL-PC ALL-PF ALL-PE ALL ALL-PA ALL-PI ALL-PG ALLJL,ALL-PD ALL-PB ALL-PH ALL-PC ALL-PF ALL-PE ALL ALL-PA ALL-PI ALL-PG ALLJL|ALL-PJ,ALL|ALL-PA|ALL-PB|ALL-PC|ALL-PD|ALL-PE|ALL-PF|ALL-PG|ALL-PH|ALL-PI|ALL-PJ|ALLJL
ALLG.WS,ALLG SPAQ.WS ALLGF SPAQ SPAQ.U,ALLG SPAQ.WS ALLGF SPAQ SPAQ.U|ALLG.WS,ALLG|ALLG.WS|ALLGF|SPAQ|SPAQ.U|SPAQ.WS
ALLGF,ALLG.WS ALLG SPAQ.WS SPAQ SPAQ.U,ALLG.WS ALLG SPAQ.WS SPAQ SPAQ.U|ALLGF,ALLG|ALLG.WS|ALLGF|SPAQ|SPAQ.U|SPAQ.WS
ALLY,ALLY-PB ALLY-PA,ALLY|ALLY-PB ALLY-PA,ALLY|ALLY-PA|ALLY-PB
ALLY-PA,ALLY ALLY-PB,ALLY ALLY-PB|ALLY-PA,ALLY|ALLY-PA|ALLY-PB
ALLY-PB,ALLY ALLY-PA,ALLY ALLY-PA|ALLY-PB,ALLY|ALLY-PA|ALLY-PB
ALO,TGD TMGOF,ALO|TGD TMGOF,ALO|TGD|TMGOF
ALOR,ALORW ALORU,ALOR|ALORW ALORU,ALOR|ALORU|ALORW
ALORU,ALOR ALORW,ALOR ALORW|ALORU,ALOR|ALORU|ALORW
ALORW,ALOR ALORU,ALOR ALORU|ALORW,ALOR|ALORU|ALORW
ALP,BNTNF ATON PRTG PTGEF,ALP|BNTNF ATON PRTG PTGEF,ALP|ATON|BNTNF|PRTG|PTGEF
ALPAU,CTCXW ALPAW XAGEW XAGE CTCX ALPA,ALPAU|CTCXW ALPAW XAGEW XAGE CTCX ALPA,ALPA|ALPAU|ALPAW|CTCX|CTCXW|XAGE|XAGEW
ALPS,GLLIW GLLIR GLLI GLLIU,ALPS|GLLIW GLLIR GLLI GLLIU,ALPS|GLLI|GLLIR|GLLIU|GLLIW
ALPSQ,ASEPF ALPS,ALPSQ|ASEPF ALPS,ALPS|ALPSQ|ASEPF
ALR-PB,IMA ALR ALR1 IMA-PB,ALR-PB|IMA ALR ALR1 IMA-PB,ALR|ALR-PB|ALR1|IMA|IMA-PB
ALR1,IMA ALR ALR-PB IMA-PB,ALR1|IMA ALR ALR-PB IMA-PB,ALR|ALR-PB|ALR1|IMA|IMA-PB
ALRN1,AMCE ALRN,ALRN1|AMCE ALRN,ALRN|ALRN1|AMCE
ALSAF,ALSA ALSAW ALSAU ALSAR,ALSA ALSAW ALSAU ALSAR|ALSAF,ALSA|ALSAF|ALSAR|ALSAU|ALSAW
ALSAR,ALSA ALSAW ALSAU ALSAF,ALSA ALSAW ALSAU ALSAF|ALSAR,ALSA|ALSAF|ALSAR|ALSAU|ALSAW
ALSAU,ALSA ALSAW ALSAF ALSAR,ALSA ALSAW ALSAF ALSAR|ALSAU,ALSA|ALSAF|ALSAR|ALSAU|ALSAW
ALSAW,ALSA ALSAU ALSAF ALSAR,ALSA ALSAU ALSAF ALSAR|ALSAW,ALSA|ALSAF|ALSAR|ALSAU|ALSAW
ALT,PIP HAQ.U HAQ,ALT|PIP HAQ.U HAQ,ALT|HAQ|HAQ.U|PIP
ALTE,MXRE MXGL,ALTE|MXRE MXGL,ALTE|MXGL|MXRE
ALTG,BRPM.WS BRPM BRPM.U ALEQP ALTG.WS ALTG-PA,ALTG|BRPM.WS BRPM BRPM.U ALEQP ALTG.WS ALTG-PA,ALEQP|ALTG|ALTG-PA|ALTG.WS|BRPM|BRPM.U|BRPM.WS
ALTG-PA,BRPM.WS BRPM BRPM.U ALTG ALEQP ALTG.WS,ALTG-PA|BRPM.WS BRPM BRPM.U ALTG ALEQP ALTG.WS,ALEQP|ALTG|ALTG-PA|ALTG.WS|BRPM|BRPM.U|BRPM.WS
ALTG.WS,BRPM.WS BRPM BRPM.U ALTG ALEQP ALTG-PA,ALTG.WS|BRPM.WS BRPM BRPM.U ALTG ALEQP ALTG-PA,ALEQP|ALTG|ALTG-PA|ALTG.WS|BRPM|BRPM.U|BRPM.WS
ALTI,GLBLW GLBL GLBLU ALTIW,ALTI|GLBLW GLBL GLBLU ALTIW,ALTI|ALTIW|GLBL|GLBLU|GLBLW
ALTIW,ALTI GLBLW GLBL GLBLU,ALTI GLBLW GLBL GLBLU|ALTIW,ALTI|ALTIW|GLBL|GLBLU|GLBLW
ALTO,PEIX ACTY,ALTO|PEIX ACTY,ACTY|ALTO|PEIX
ALTU,ALTUW ALTUU,ALTU|ALTUW ALTUU,ALTU|ALTUU|ALTUW
ALTUU,ALTUW ALTU,ALTUU|ALTUW ALTU,ALTU|ALTUU|ALTUW
ALTUW,ALTUU ALTU,ALTUU ALTU|ALTUW,ALTU|ALTUU|ALTUW
ALTV,WVT WWVY,ALTV|WVT WWVY,ALTV|WVT|WWVY
ALU,ALA ALAO,ALA ALAO|ALU,ALA|ALAO|ALU
ALUR,CPUH.WS CPUH ALUR.WS CPUH.U,ALUR|CPUH.WS CPUH ALUR.WS CPUH.U,ALUR|ALUR.WS|CPUH|CPUH.U|CPUH.WS
ALUR.WS,ALUR CPUH.WS CPUH CPUH.U,ALUR CPUH.WS CPUH CPUH.U|ALUR.WS,ALUR|ALUR.WS|CPUH|CPUH.U|CPUH.WS
ALUS.U,TE FREY ALUS,ALUS.U|TE FREY ALUS,ALUS|ALUS.U|FREY|TE
ALUS1,ITHK ALUS,ALUS1|ITHK ALUS,ALUS|ALUS1|ITHK
ALVO,OACB OACB.U,ALVO|OACB OACB.U,ALVO|OACB|OACB.U
AMAOU,RMCO AMAO,AMAOU|RMCO AMAO,AMAO|AMAOU|RMCO
AMBC.WS,AMBCW AMBC OSG,AMBC.WS|AMBCW AMBC OSG,AMBC|AMBC.WS|AMBCW|OSG
AMBI.WS,HPX AMBI AMBIQ HPX.WS HPX.U,AMBI.WS|HPX AMBI AMBIQ HPX.WS HPX.U,AMBI|AMBI.WS|AMBIQ|HPX|HPX.U|HPX.WS
AMBIQ,HPX AMBI.WS AMBI HPX.WS HPX.U,AMBIQ|HPX AMBI.WS AMBI HPX.WS HPX.U,AMBI|AMBI.WS|AMBIQ|HPX|HPX.U|HPX.WS
AMBP,GRSVU GRSVW GRSV AMBP.WS,AMBP|GRSVU GRSVW GRSV AMBP.WS,AMBP|AMBP.WS|GRSV|GRSVU|GRSVW
AMBP.WS,AMBP GRSVU GRSVW GRSV,AMBP GRSVU GRSVW GRSV|AMBP.WS,AMBP|AMBP.WS|GRSV|GRSVU|GRSVW
AMBTQ,ABTGD AMBT ABTG,ABTGD AMBT ABTG|AMBTQ,ABTG|ABTGD|AMBT|AMBTQ
AMCI,ATMV ATMVU ATMVR,AMCI|ATMV ATMVU ATMVR,AMCI|ATMV|ATMVR|ATMVU
AMCIU,AMCI LNZA,AMCI LNZA|AMCIU,AMCI|AMCIU|LNZA
AMCIU1,AMCIW AMCIU ADN ADNWW AMCI ADNH,AMCIU1|AMCIW AMCIU ADN ADNWW AMCI ADNH,ADN|ADNH|ADNWW|AMCI|AMCIU|AMCIU1|AMCIW
AMCS,INC VWKS INCX,AMCS|INC VWKS INCX,AMCS|INC|INCX|VWKS
AMG,MGR MGRE MGRD MGRB MGR2,AMG|MGR MGRE MGRD MGRB MGR2,AMG|MGR|MGR2|MGRB|MGRD|MGRE
AMH,AMH-PE AMH-PC AMH-PG AMH-PH AMH-PD AMH-PB AMH-PF AMH-PA,AMH|AMH-PE AMH-PC AMH-PG AMH-PH AMH-PD AMH-PB AMH-PF AMH-PA,AMH|AMH-PA|AMH-PB|AMH-PC|AMH-PD|AMH-PE|AMH-PF|AMH-PG|AMH-PH
AMH-PA,AMH-PE AMH AMH-PC AMH-PG AMH-PH AMH-PD AMH-PB AMH-PF,AMH-PA|AMH-PE AMH AMH-PC AMH-PG AMH-PH AMH-PD AMH-PB AMH-PF,AMH|AMH-PA|AMH-PB|AMH-PC|AMH-PD|AMH-PE|AMH-PF|AMH-PG|AMH-PH
AMH-PB,AMH-PE AMH AMH-PC AMH-PG AMH-PH AMH-PD AMH-PF AMH-PA,AMH-PB|AMH-PE AMH AMH-PC AMH-PG AMH-PH AMH-PD AMH-PF AMH-PA,AMH|AMH-PA|AMH-PB|AMH-PC|AMH-PD|AMH-PE|AMH-PF|AMH-PG|AMH-PH
AMH-PC,AMH-PE AMH AMH-PG AMH-PH AMH-PD AMH-PB AMH-PF AMH-PA,AMH-PC|AMH-PE AMH AMH-PG AMH-PH AMH-PD AMH-PB AMH-PF AMH-PA,AMH|AMH-PA|AMH-PB|AMH-PC|AMH-PD|AMH-PE|AMH-PF|AMH-PG|AMH-PH
AMH-PD,AMH-PE AMH AMH-PC AMH-PG AMH-PH AMH-PB AMH-PF AMH-PA,AMH-PD|AMH-PE AMH AMH-PC AMH-PG AMH-PH AMH-PB AMH-PF AMH-PA,AMH|AMH-PA|AMH-PB|AMH-PC|AMH-PD|AMH-PE|AMH-PF|AMH-PG|AMH-PH
AMH-PE,AMH AMH-PC AMH-PG AMH-PH AMH-PD AMH-PB AMH-PF AMH-PA,AMH AMH-PC AMH-PG AMH-PH AMH-PD AMH-PB AMH-PF AMH-PA|AMH-PE,AMH|AMH-PA|AMH-PB|AMH-PC|AMH-PD|AMH-PE|AMH-PF|AMH-PG|AMH-PH
AMH-PF,AMH-PE AMH AMH-PC AMH-PG AMH-PA AMH-PH AMH-PD AMH-PB,AMH-PE AMH AMH-PC AMH-PG AMH-PA AMH-PH AMH-PD AMH-PB|AMH-PF,AMH|AMH-PA|AMH-PB|AMH-PC|AMH-PD|AMH-PE|AMH-PF|AMH-PG|AMH-PH
AMH-PG,AMH-PE AMH AMH-PC AMH-PH AMH-PD AMH-PB AMH-PF AMH-PA,AMH-PE AMH AMH-PC AMH-PH AMH-PD AMH-PB AMH-PF AMH-PA|AMH-PG,AMH|AMH-PA|AMH-PB|AMH-PC|AMH-PD|AMH-PE|AMH-PF|AMH-PG|AMH-PH
AMH-PH,AMH-PE AMH AMH-PC AMH-PG AMH-PD AMH-PB AMH-PF AMH-PA,AMH-PE AMH AMH-PC AMH-PG AMH-PD AMH-PB AMH-PF AMH-PA|AMH-PH,AMH|AMH-PA|AMH-PB|AMH-PC|AMH-PD|AMH-PE|AMH-PF|AMH-PG|AMH-PH
AMHCU,AMHC JSPR,AMHC JSPR|AMHCU,AMHC|AMHCU|JSPR
AMLIF,LIACF AMLI,AMLIF|LIACF AMLI,AMLI|AMLIF|LIACF
AMNUQ,ACTMQ ACTM,ACTMQ ACTM|AMNUQ,ACTM|ACTMQ|AMNUQ
AMOAQ,AMOA AMC,AMOA AMC|AMOAQ,AMC|AMOA|AMOAQ
AMOD,INAQ INAQU INAQ.U,AMOD|INAQ INAQU INAQ.U,AMOD|INAQ|INAQ.U|INAQU
AMPI,AMPI.WS AMPI.U,AMPI|AMPI.WS AMPI.U,AMPI|AMPI.U|AMPI.WS
AMPI.U,AMPI.WS AMPI,AMPI.U|AMPI.WS AMPI,AMPI|AMPI.U|AMPI.WS
AMPPQ,APPPQ AGP,AMPPQ|APPPQ AGP,AGP|AMPPQ|APPPQ
AMPS,CBAH CBAH.U AMPS.WS CBAH.WS,AMPS|CBAH CBAH.U AMPS.WS CBAH.WS,AMPS|AMPS.WS|CBAH|CBAH.U|CBAH.WS
AMPS.WS,CBAH CBAH.U AMPS CBAH.WS,AMPS.WS|CBAH CBAH.U AMPS CBAH.WS,AMPS|AMPS.WS|CBAH|CBAH.U|CBAH.WS
AMPX,KCAC.U KCA.U KCAC.WSA KCA.U1,AMPX|KCAC.U KCA.U KCAC.WSA KCA.U1,AMPX|KCA.U|KCA.U1|KCAC.U|KCAC.WSA
AMPXQ,AMPX AEXCA,AMPX AEXCA|AMPXQ,AEXCA|AMPX|AMPXQ
AMR,CNTE CTRA,AMR|CNTE CTRA,AMR|CNTE|CTRA
AMRQQ,SRUN AMR SRUNU,AMRQQ|SRUN AMR SRUNU,AMR|AMRQQ|SRUN|SRUNU
AMSG,AMSGP AMGPP,AMSG|AMSGP AMGPP,AMGPP|AMSG|AMSGP
AMSGP,AMGPP AMSG,AMGPP AMSG|AMSGP,AMGPP|AMSG|AMSGP
AMT,AMT-PB AMCWP AMT-PA AMTWP,AMT|AMT-PB AMCWP AMT-PA AMTWP,AMCWP|AMT|AMT-PA|AMT-PB|AMTWP
AMT-PA,AMT-PB AMT AMCWP AMTWP,AMT-PA|AMT-PB AMT AMCWP AMTWP,AMCWP|AMT|AMT-PA|AMT-PB|AMTWP
AMT-PB,AMT AMCWP AMT-PA AMTWP,AMT AMCWP AMT-PA AMTWP|AMT-PB,AMCWP|AMT|AMT-PA|AMT-PB|AMTWP
AMTB,MBNAA AMTBB MBNAB,AMTB|MBNAA AMTBB MBNAB,AMTB|AMTBB|MBNAA|MBNAB
AMTBB,MBNAA MBNAB AMTB,AMTBB|MBNAA MBNAB AMTB,AMTB|AMTBB|MBNAA|MBNAB
AMTCQ,AMTC EKFG,AMTC EKFG|AMTCQ,AMTC|AMTCQ|EKFG
AMZGQ,EERG AMZG,AMZGQ|EERG AMZG,AMZG|AMZGQ|EERG
AN,RWIN RII,AN|RWIN RII,AN|RII|RWIN
ANAC,ANAC.U ANAC.WS,ANAC|ANAC.U ANAC.WS,ANAC|ANAC.U|ANAC.WS
ANAC.U,ANAC.WS ANAC,ANAC.U|ANAC.WS ANAC,ANAC|ANAC.U|ANAC.WS
ANAC.WS,ANAC.U ANAC,ANAC.U ANAC|ANAC.WS,ANAC|ANAC.U|ANAC.WS
ANDA1,ANDA IPLS,ANDA IPLS|ANDA1,ANDA|ANDA1|IPLS
ANDA2,ANDAU ANDA,ANDA2|ANDAU ANDA,ANDA|ANDA2|ANDAU
ANDAR,ANDAW ANDA SNAXW ANDAU SNAX,ANDAR|ANDAW ANDA SNAXW ANDAU SNAX,ANDA|ANDAR|ANDAU|ANDAW|SNAX|SNAXW
ANDAU,ANDAW ANDA SNAXW SNAX ANDAR,ANDAU|ANDAW ANDA SNAXW SNAX ANDAR,ANDA|ANDAR|ANDAU|ANDAW|SNAX|SNAXW
ANET1,ANET LTBG,ANET LTBG|ANET1,ANET|ANET1|LTBG
ANFIF,RYCE ANFI RYCFF,ANFIF|RYCE ANFI RYCFF,ANFI|ANFIF|RYCE|RYCFF
ANG-PA,ANG-PB AEL-PB ANG-PD AEL-PA AEL,ANG-PA|ANG-PB AEL-PB ANG-PD AEL-PA AEL,AEL|AEL-PA|AEL-PB|ANG-PA|ANG-PB|ANG-PD
ANG-PB,ANG-PA AEL-PB ANG-PD AEL-PA AEL,ANG-PA AEL-PB ANG-PD AEL-PA AEL|ANG-PB,AEL|AEL-PA|AEL-PB|ANG-PA|ANG-PB|ANG-PD
ANG-PD,ANG-PB ANG-PA AEL-PB AEL-PA AEL,ANG-PB ANG-PA AEL-PB AEL-PA AEL|ANG-PD,AEL|AEL-PA|AEL-PB|ANG-PA|ANG-PB|ANG-PD
ANGH,VMACU VMAC,ANGH|VMACU VMAC,ANGH|VMAC|VMACU
ANGX,PORT.U PORTU PORTW PORT PORT.WS,ANGX|PORT.U PORTU PORTW PORT PORT.WS,ANGX|PORT|PORT.U|PORT.WS|PORTU|PORTW
ANH,RC-PB ANH-PA ANH-PB RC-PD ANH-PC RC-PC,ANH|RC-PB ANH-PA ANH-PB RC-PD ANH-PC RC-PC,ANH|ANH-PA|ANH-PB|ANH-PC|RC-PB|RC-PC|RC-PD
ANIP,BPA BPAX,ANIP|BPA BPAX,ANIP|BPA|BPAX
ANIX,COPY ITUS,ANIX|COPY ITUS,ANIX|COPY|ITUS
ANNA,IVCPU IVCP,ANNA|IVCPU IVCP,ANNA|IVCP|IVCPU
ANOR,AORMF AOM,ANOR|AORMF AOM,ANOR|AOM|AORMF
ANRZQ,ANRZ ANR,ANRZ ANR|ANRZQ,ANR|ANRZ|ANRZQ
ANSVQ,CGTK ANSV,ANSVQ|CGTK ANSV,ANSV|ANSVQ|CGTK
ANZUU,ANZU COCH,ANZU COCH|ANZUU,ANZU|ANZUU|COCH
AOBI,AOBO AOB,AOBI|AOBO AOB,AOB|AOBI|AOBO
AOGO,AOGOU AOGOW,AOGO|AOGOU AOGOW,AOGO|AOGOU|AOGOW
AOGOU,AOGOW AOGO,AOGOU|AOGOW AOGO,AOGO|AOGOU|AOGOW
AOGOW,AOGOU AOGO,AOGOU AOGO|AOGOW,AOGO|AOGOU|AOGOW
AOMR,AOMN AOMD,AOMN AOMD|AOMR,AOMD|AOMN|AOMR
AONC,AONCW DTOCW DTOC DTOCU,AONC|AONCW DTOCW DTOC DTOCU,AONC|AONCW|DTOC|DTOCU|DTOCW
AONCW,DTOCW AONC DTOC DTOCU,AONCW|DTOCW AONC DTOC DTOCU,AONC|AONCW|DTOC|DTOCU|DTOCW
AONE.U,MKFGW MKFG.WS AONE.WS MKFG AONE,AONE.U|MKFGW MKFG.WS AONE.WS MKFG AONE,AONE|AONE.U|AONE.WS|MKFG|MKFG.WS|MKFGW
AOXG,AXN CAXG,AOXG|AXN CAXG,AOXG|AXN|CAXG
APACU1,APACW APACU FAAS FAASW APAC,APACU1|APACW APACU FAAS FAASW APAC,APAC|APACU|APACU1|APACW|FAAS|FAASW
APADU,APAD ENHA,APAD ENHA|APADU,APAD|APADU|ENHA
APC1,ANDKU APC AEUA,ANDKU APC AEUA|APC1,AEUA|ANDKU|APC|APC1
APCA,APCA.WS APCA.U,APCA|APCA.WS APCA.U,APCA|APCA.U|APCA.WS
APCA.U,APCA.WS APCA,APCA.U|APCA.WS APCA,APCA|APCA.U|APCA.WS
APCA.WS,APCA APCA.U,APCA APCA.U|APCA.WS,APCA|APCA.U|APCA.WS
APGB,APGB.WS APGB.U,APGB|APGB.WS APGB.U,APGB|APGB.U|APGB.WS
APGB.U,APGB.WS APGB,APGB.U|APGB.WS APGB,APGB|APGB.U|APGB.WS
APGB.WS,APGB.U APGB,APGB.U APGB|APGB.WS,APGB|APGB.U|APGB.WS
APGN,BCACU BCAC BCACW APGNW,APGN|BCACU BCAC BCACW APGNW,APGN|APGNW|BCAC|BCACU|BCACW
APGNW,BCACU APGN BCAC BCACW,APGNW|BCACU APGN BCAC BCACW,APGN|APGNW|BCAC|BCACU|BCACW
APLD,FLT RELS FLTS FSFY FLST,APLD|FLT RELS FLTS FSFY FLST,APLD|FLST|FLT|FLTS|FSFY|RELS
APLM,JMACU JMAC,APLM|JMACU JMAC,APLM|JMAC|JMACU
APLP,EXLP UCLP,APLP|EXLP UCLP,APLP|EXLP|UCLP
APMI1,APMIU APMIW APMI,APMI1|APMIU APMIW APMI,APMI|APMI1|APMIU|APMIW
APMIU,APMI1 APMIW APMI,APMI1 APMIW APMI|APMIU,APMI|APMI1|APMIU|APMIW
APMIW,APMI1 APMIU APMI,APMI1 APMIU APMI|APMIW,APMI|APMI1|APMIU|APMIW
APN2,WND APN,APN2|WND APN,APN|APN2|WND
APNC,APN.U APNCU APN APN.WS APNCW,APN.U APNCU APN APN.WS APNCW|APNC,APN|APN.U|APN.WS|APNC|APNCU|APNCW
APNCU,APN.U APNC APN APN.WS APNCW,APN.U APNC APN APN.WS APNCW|APNCU,APN|APN.U|APN.WS|APNC|APNCU|APNCW
APNCW,APN.U APNCU APNC APN APN.WS,APN.U APNCU APNC APN APN.WS|APNCW,APN|APN.U|APN.WS|APNC|APNCU|APNCW
APNI,AGI ALPG,AGI ALPG|APNI,AGI|ALPG|APNI
APNO,BIPL XTRN,APNO|BIPL XTRN,APNO|BIPL|XTRN
APO,APOS AAM-PB APO-PB APO-PA AAM-PA,APO|APOS AAM-PB APO-PB APO-PA AAM-PA,AAM-PA|AAM-PB|APO|APO-PA|APO-PB|APOS
APO-PA,APOS APO-PB AAM-PB APO AAM-PA,APO-PA|APOS APO-PB AAM-PB APO AAM-PA,AAM-PA|AAM-PB|APO|APO-PA|APO-PB|APOS
APOPW,APOP QNRX,APOP QNRX|APOPW,APOP|APOPW|QNRX
APPCQ,APP EDA.U EDA,APP EDA.U EDA|APPCQ,APP|APPCQ|EDA|EDA.U
APPHQ,APPHW NOVSU NOVS NOVSW APPH APPHWQ,APPHQ|APPHW NOVSU NOVS NOVSW APPH APPHWQ,APPH|APPHQ|APPHW|APPHWQ|NOVS|NOVSU|NOVSW
APPHWQ,APPHQ APPHW NOVSU NOVS NOVSW APPH,APPHQ APPHW NOVSU NOVS NOVSW APPH|APPHWQ,APPH|APPHQ|APPHW|APPHWQ|NOVS|NOVSU|NOVSW
APPS,MNDL MVSI,APPS|MNDL MVSI,APPS|MNDL|MVSI
APPS1,APPS NHAN,APPS NHAN|APPS1,APPS|APPS1|NHAN
APPX1,ABBI APPX,ABBI APPX|APPX1,ABBI|APPX|APPX1
APSG.U,GBTG.WS APSG.WS GBTG APSG,APSG.U|GBTG.WS APSG.WS GBTG APSG,APSG|APSG.U|APSG.WS|GBTG|GBTG.WS
APTM1,FSHP APTM,APTM1|FSHP APTM,APTM|APTM1|FSHP
APTOF,LRUSF APTO LRP APSCF LORFF,APTOF|LRUSF APTO LRP APSCF LORFF,APSCF|APTO|APTOF|LORFF|LRP|LRUSF
APTV,DLPH APTV-PA,APTV|DLPH APTV-PA,APTV|APTV-PA|DLPH
APTV-PA,DLPH APTV,APTV-PA|DLPH APTV,APTV|APTV-PA|DLPH
APXIF,APXIU APXIW APXI,APXIF|APXIU APXIW APXI,APXI|APXIF|APXIU|APXIW
APXIU,APXIF APXIW APXI,APXIF APXIW APXI|APXIU,APXI|APXIF|APXIU|APXIW
APXIW,APXIF APXIU APXI,APXIF APXIU APXI|APXIW,APXI|APXIF|APXIU|APXIW
APXTU1,APXT AVPTW APXTW AVPT APXTU,APXT AVPTW APXTW AVPT APXTU|APXTU1,APXT|APXTU|APXTU1|APXTW|AVPT|AVPTW
AQN,AQUNF AQNA AQNU AQNB,AQN|AQUNF AQNA AQNU AQNB,AQN|AQNA|AQNB|AQNU|AQUNF
AQQSQ,AQQS AQQ,AQQS AQQ|AQQSQ,AQQ|AQQS|AQQSQ
AQU,AQUNR AQUNU,AQU|AQUNR AQUNU,AQU|AQUNR|AQUNU
AQUNR,AQU AQUNU,AQU AQUNU|AQUNR,AQU|AQUNR|AQUNU
AQUNU,AQU AQUNR,AQU AQUNR|AQUNU,AQU|AQUNR|AQUNU
ARBE,ITACU ITAC,ARBE|ITACU ITAC,ARBE|ITAC|ITACU
ARBG,ARBGU ARBGW,ARBG|ARBGU ARBGW,ARBG|ARBGU|ARBGW
ARBGU,ARBG ARBGW,ARBG ARBGW|ARBGU,ARBG|ARBGU|ARBGW
ARBGW,ARBG ARBGU,ARBG ARBGU|ARBGW,ARBG|ARBGU|ARBGW
ARCC,ARY ARU ARN,ARCC|ARY ARU ARN,ARCC|ARN|ARU|ARY
ARCK,ARCKW ARCKU,ARCK|ARCKW ARCKU,ARCK|ARCKU|ARCKW
ARCKU,ARCKW ARCK,ARCKU|ARCKW ARCK,ARCK|ARCKU|ARCKW
ARCKW,ARCKU ARCK,ARCKU ARCK|ARCKW,ARCK|ARCKU|ARCKW
ARE,AREEP ARE-PD ARE-PE,ARE|AREEP ARE-PD ARE-PE,ARE|ARE-PD|ARE-PE|AREEP
ARE-PD,ARE AREEP ARE-PE,ARE AREEP ARE-PE|ARE-PD,ARE|ARE-PD|ARE-PE|AREEP
ARE-PE,ARE AREEP ARE-PD,ARE AREEP ARE-PD|ARE-PE,ARE|ARE-PD|ARE-PE|AREEP
AREN,MVEN ISSM,AREN|MVEN ISSM,AREN|ISSM|MVEN
ARES,ARES-PB ARES-PA,ARES|ARES-PB ARES-PA,ARES|ARES-PA|ARES-PB
ARES-PA,ARES ARES-PB,ARES ARES-PB|ARES-PA,ARES|ARES-PA|ARES-PB
ARES-PB,ARES ARES-PA,ARES ARES-PA|ARES-PB,ARES|ARES-PA|ARES-PB
ARGO,PXT ARGD ARGO-PA AGII,ARGO|PXT ARGD ARGO-PA AGII,AGII|ARGD|ARGO|ARGO-PA|PXT
ARGO-PA,PXT ARGD AGII ARGO,ARGO-PA|PXT ARGD AGII ARGO,AGII|ARGD|ARGO|ARGO-PA|PXT
ARGU,ARGUU ARGUW,ARGU|ARGUU ARGUW,ARGU|ARGUU|ARGUW
ARGUU,ARGU ARGUW,ARGU ARGUW|ARGUU,ARGU|ARGUU|ARGUW
ARGUW,ARGU ARGUU,ARGU ARGUU|ARGUW,ARGU|ARGUU|ARGUW
ARH-PC,ACGLN ACGL ACGLL ACGLP ACGLO,ACGLN ACGL ACGLL ACGLP ACGLO|ARH-PC,ACGL|ACGLL|ACGLN|ACGLO|ACGLP|ARH-PC
ARI,ARI-PC ARI-PA,ARI|ARI-PC ARI-PA,ARI|ARI-PA|ARI-PC
ARI-PA,ARI-PC ARI,ARI-PA|ARI-PC ARI,ARI|ARI-PA|ARI-PC
ARI-PC,ARI-PA ARI,ARI-PA ARI|ARI-PC,ARI|ARI-PA|ARI-PC
ARIZR,ARIZ FUFU ARIZU,ARIZ FUFU ARIZU|ARIZR,ARIZ|ARIZR|ARIZU|FUFU
ARIZU,ARIZ FUFU ARIZR,ARIZ FUFU ARIZR|ARIZU,ARIZ|ARIZR|ARIZU|FUFU
ARKO,HYACU HYAC ARKOW HYACW,ARKO|HYACU HYAC ARKOW HYACW,ARKO|ARKOW|HYAC|HYACU|HYACW
ARKOW,HYACU ARKO HYAC HYACW,ARKOW|HYACU ARKO HYAC HYACW,ARKO|ARKOW|HYAC|HYACU|HYACW
ARMH1,ARMHY ARMH,ARMH1|ARMHY ARMH,ARMH|ARMH1|ARMHY
ARMP,TGEN APHB,ARMP|TGEN APHB,APHB|ARMP|TGEN
ARNC-P,ARNC HWM HWM-P ARNC-PB AA,ARNC HWM HWM-P ARNC-PB AA|ARNC-P,AA|ARNC|ARNC-P|ARNC-PB|HWM|HWM-P
ARNC-PB,ARNC HWM ARNC-P HWM-P AA,ARNC HWM ARNC-P HWM-P AA|ARNC-PB,AA|ARNC|ARNC-P|ARNC-PB|HWM|HWM-P
AROPQ,AROP ARO,AROP ARO|AROPQ,ARO|AROP|AROPQ
ARP-PD,ARP-PE ARPJQ ARPJ ARP,ARP-PD|ARP-PE ARPJQ ARPJ ARP,ARP|ARP-PD|ARP-PE|ARPJ|ARPJQ
ARP-PE,ARPJQ ARPJ ARP-PD ARP,ARP-PE|ARPJQ ARPJ ARP-PD ARP,ARP|ARP-PD|ARP-PE|ARPJ|ARPJQ
ARPJQ,ARP-PE ARPJ ARP-PD ARP,ARP-PE ARPJ ARP-PD ARP|ARPJQ,ARP|ARP-PD|ARP-PE|ARPJ|ARPJQ
ARQQ,CENHU CENH,ARQQ|CENHU CENH,ARQQ|CENH|CENHU
ARR,EST ARR-PC AMRR EST.U ARR-PB ARR-PA,ARR|EST ARR-PC AMRR EST.U ARR-PB ARR-PA,AMRR|ARR|ARR-PA|ARR-PB|ARR-PC|EST|EST.U
ARR-PA,ARR EST ARR-PC AMRR EST.U ARR-PB,ARR EST ARR-PC AMRR EST.U ARR-PB|ARR-PA,AMRR|ARR|ARR-PA|ARR-PB|ARR-PC|EST|EST.U
ARR-PB,ARR EST ARR-PC AMRR EST.U ARR-PA,ARR EST ARR-PC AMRR EST.U ARR-PA|ARR-PB,AMRR|ARR|ARR-PA|ARR-PB|ARR-PC|EST|EST.U
ARR-PC,ARR EST AMRR EST.U ARR-PB ARR-PA,ARR EST AMRR EST.U ARR-PB ARR-PA|ARR-PC,AMRR|ARR|ARR-PA|ARR-PB|ARR-PC|EST|EST.U
ARRWU,AILEW AILE ARRWW AILEQ ARRW,AILEW AILE ARRWW AILEQ ARRW|ARRWU,AILE|AILEQ|AILEW|ARRW|ARRWU|ARRWW
ARTAU,PRE ARTA,ARTAU|PRE ARTA,ARTA|ARTAU|PRE
ARTE,ARTEU ARTEW,ARTE|ARTEU ARTEW,ARTE|ARTEU|ARTEW
ARTE1,STDM ARTE,ARTE1|STDM ARTE,ARTE|ARTE1|STDM
ARTEU,ARTEW ARTE,ARTEU|ARTEW ARTE,ARTE|ARTEU|ARTEW
ARTEW,ARTEU ARTE,ARTEU ARTE|ARTEW,ARTE|ARTEU|ARTEW
ARVLF,CIICU ARVL CIIC CIICW ARVLW,ARVLF|CIICU ARVL CIIC CIICW ARVLW,ARVL|ARVLF|ARVLW|CIIC|CIICU|CIICW
ARVLW,ARVLF CIICU ARVL CIIC CIICW,ARVLF CIICU ARVL CIIC CIICW|ARVLW,ARVL|ARVLF|ARVLW|CIIC|CIICU|CIICW
ASAPQ,WTRH LCA ASAP LCAHU,ASAPQ|WTRH LCA ASAP LCAHU,ASAP|ASAPQ|LCA|LCAHU|WTRH
ASAQ,ASAQ.WS ASAQ.U,ASAQ|ASAQ.WS ASAQ.U,ASAQ|ASAQ.U|ASAQ.WS
ASAQ.U,ASAQ ASAQ.WS,ASAQ ASAQ.WS|ASAQ.U,ASAQ|ASAQ.U|ASAQ.WS
ASAQ.WS,ASAQ ASAQ.U,ASAQ ASAQ.U|ASAQ.WS,ASAQ|ASAQ.U|ASAQ.WS
ASAX,ASAXU ASAXW,ASAX|ASAXU ASAXW,ASAX|ASAXU|ASAXW
ASAXU,ASAX ASAXW,ASAX ASAXW|ASAXU,ASAX|ASAXU|ASAXW
ASAXW,ASAXU ASAX,ASAXU ASAX|ASAXW,ASAX|ASAXU|ASAXW
ASB,ASBA ASB-PB ASBC ASB-PD ASB-PF ASB-PE ASB-PC,ASB|ASBA ASB-PB ASBC ASB-PD ASB-PF ASB-PE ASB-PC,ASB|ASB-PB|ASB-PC|ASB-PD|ASB-PE|ASB-PF|ASBA|ASBC
ASB-PB,ASBA ASB ASBC ASB-PD ASB-PF ASB-PE ASB-PC,ASB-PB|ASBA ASB ASBC ASB-PD ASB-PF ASB-PE ASB-PC,ASB|ASB-PB|ASB-PC|ASB-PD|ASB-PE|ASB-PF|ASBA|ASBC
ASB-PC,ASBA ASB-PB ASB ASBC ASB-PD ASB-PF ASB-PE,ASB-PC|ASBA ASB-PB ASB ASBC ASB-PD ASB-PF ASB-PE,ASB|ASB-PB|ASB-PC|ASB-PD|ASB-PE|ASB-PF|ASBA|ASBC
ASB-PD,ASBA ASB-PB ASB ASBC ASB-PF ASB-PE ASB-PC,ASB-PD|ASBA ASB-PB ASB ASBC ASB-PF ASB-PE ASB-PC,ASB|ASB-PB|ASB-PC|ASB-PD|ASB-PE|ASB-PF|ASBA|ASBC
ASB-PE,ASBA ASB-PB ASB ASBC ASB-PD ASB-PF ASB-PC,ASB-PE|ASBA ASB-PB ASB ASBC ASB-PD ASB-PF ASB-PC,ASB|ASB-PB|ASB-PC|ASB-PD|ASB-PE|ASB-PF|ASBA|ASBC
ASB-PF,ASB-PB ASBA ASB ASBC ASB-PD ASB-PE ASB-PC,ASB-PB ASBA ASB ASBC ASB-PD ASB-PE ASB-PC|ASB-PF,ASB|ASB-PB|ASB-PC|ASB-PD|ASB-PE|ASB-PF|ASBA|ASBC
ASBP,PWUPU PWUP,ASBP|PWUPU PWUP,ASBP|PWUP|PWUPU
ASCAR,ASCAU NIVF ASCA,ASCAR|ASCAU NIVF ASCA,ASCA|ASCAR|ASCAU|NIVF
ASCAU,NIVF ASCAR ASCA,ASCAU|NIVF ASCAR ASCA,ASCA|ASCAR|ASCAU|NIVF
ASCBF,ASCB ASCBW ASCBR ASCBU,ASCB ASCBW ASCBR ASCBU|ASCBF,ASCB|ASCBF|ASCBR|ASCBU|ASCBW
ASCBR,ASCBF ASCB ASCBW ASCBU,ASCBF ASCB ASCBW ASCBU|ASCBR,ASCB|ASCBF|ASCBR|ASCBU|ASCBW
ASCBU,ASCBF ASCB ASCBW ASCBR,ASCBF ASCB ASCBW ASCBR|ASCBU,ASCB|ASCBF|ASCBR|ASCBU|ASCBW
ASCBW,ASCBF ASCB ASCBR ASCBU,ASCBF ASCB ASCBR ASCBU|ASCBW,ASCB|ASCBF|ASCBR|ASCBU|ASCBW
ASGXF,AX ACGX,ASGXF|AX ACGX,ACGX|ASGXF|AX
ASLE,MNCLW MNCL ASLEW MNCLU,ASLE|MNCLW MNCL ASLEW MNCLU,ASLE|ASLEW|MNCL|MNCLU|MNCLW
ASLEW,MNCLW MNCL ASLE MNCLU,ASLEW|MNCLW MNCL ASLE MNCLU,ASLE|ASLEW|MNCL|MNCLU|MNCLW
ASNAQ,DBRN ASNA,ASNAQ|DBRN ASNA,ASNA|ASNAQ|DBRN
ASNB,ASB CTE,ASB CTE|ASNB,ASB|ASNB|CTE
ASPAU,CAUD ASPAW ASPA,ASPAU|CAUD ASPAW ASPA,ASPA|ASPAU|ASPAW|CAUD
ASPAW,CAUD ASPAU ASPA,ASPAW|CAUD ASPAU ASPA,ASPA|ASPAU|ASPAW|CAUD
ASPCU1,STIXW STWWF ASPCW STIX ASPCU ASPC STIXF,ASPCU1|STIXW STWWF ASPCW STIX ASPCU ASPC STIXF,ASPC|ASPCU|ASPCU1|ASPCW|STIX|STIXF|STIXW|STWWF
ASPL.U,ASPL UP ASPL.WS UP.WS,ASPL UP ASPL.WS UP.WS|ASPL.U,ASPL|ASPL.U|ASPL.WS|UP|UP.WS
ASRT,DMI DPMD DEPO,ASRT|DMI DPMD DEPO,ASRT|DEPO|DMI|DPMD
ASTL,LEGOU LEGO,ASTL|LEGOU LEGO,ASTL|LEGO|LEGOU
ASTR,ASTRW HOLUU HOLUW HOL,ASTR|ASTRW HOLUU HOLUW HOL,ASTR|ASTRW|HOL|HOLUU|HOLUW
ASTRW,HOLUU ASTR HOLUW HOL,ASTRW|HOLUU ASTR HOLUW HOL,ASTR|ASTRW|HOL|HOLUU|HOLUW
ASTS,NPA NPAUU NPAWW ASTSW,ASTS|NPA NPAUU NPAWW ASTSW,ASTS|ASTSW|NPA|NPAUU|NPAWW
ASTSW,NPA NPAUU ASTS NPAWW,ASTSW|NPA NPAUU ASTS NPAWW,ASTS|ASTSW|NPA|NPAUU|NPAWW
ASTX2,ASTX SUPG,ASTX SUPG|ASTX2,ASTX|ASTX2|SUPG
ASXC,SFEX CTSC TRXC,ASXC|SFEX CTSC TRXC,ASXC|CTSC|SFEX|TRXC
ASZ,ASZ.U ASZ.WS,ASZ|ASZ.U ASZ.WS,ASZ|ASZ.U|ASZ.WS
ASZ.U,ASZ ASZ.WS,ASZ ASZ.WS|ASZ.U,ASZ|ASZ.U|ASZ.WS
ASZ.WS,ASZ.U ASZ,ASZ.U ASZ|ASZ.WS,ASZ|ASZ.U|ASZ.WS
ATA,ATA.WS ATA.U,ATA|ATA.WS ATA.U,ATA|ATA.U|ATA.WS
ATA.U,ATA.WS ATA,ATA.U|ATA.WS ATA,ATA|ATA.U|ATA.WS
ATA.WS,ATA ATA.U,ATA ATA.U|ATA.WS,ATA|ATA.U|ATA.WS
ATAC.U,OWL ATAC ATAC.WS OWL.WS,ATAC.U|OWL ATAC ATAC.WS OWL.WS,ATAC|ATAC.U|ATAC.WS|OWL|OWL.WS
ATAKR,ATAK DHAI ATAKW ATAKU DHAIW,ATAK DHAI ATAKW ATAKU DHAIW|ATAKR,ATAK|ATAKR|ATAKU|ATAKW|DHAI|DHAIW
ATAKU,ATAK ATAKR DHAI ATAKW DHAIW,ATAK ATAKR DHAI ATAKW DHAIW|ATAKU,ATAK|ATAKR|ATAKU|ATAKW|DHAI|DHAIW
ATAQ,ATAQ.U ATAQ.WS,ATAQ|ATAQ.U ATAQ.WS,ATAQ|ATAQ.U|ATAQ.WS
ATAQ.U,ATAQ ATAQ.WS,ATAQ ATAQ.WS|ATAQ.U,ATAQ|ATAQ.U|ATAQ.WS
ATAR1,GTIS ATAR IFGM,ATAR1|GTIS ATAR IFGM,ATAR|ATAR1|GTIS|IFGM
ATCH,QFTA.U QFTA QFTA.WS,ATCH|QFTA.U QFTA QFTA.WS,ATCH|QFTA|QFTA.U|QFTA.WS
ATCO,ATCO-PD ATCOL ATCO-PG ATCO-PI ATCO-PE SSW-PI SSW ATCO-PH,ATCO|ATCO-PD ATCOL ATCO-PG ATCO-PI ATCO-PE SSW-PI SSW ATCO-PH,ATCO|ATCO-PD|ATCO-PE|ATCO-PG|ATCO-PH|ATCO-PI|ATCOL|SSW|SSW-PI
ATCO-PD,ATCOL ATCO ATCO-PI ATCO-PG ATCO-PE SSW-PI SSW ATCO-PH,ATCO-PD|ATCOL ATCO ATCO-PI ATCO-PG ATCO-PE SSW-PI SSW ATCO-PH,ATCO|ATCO-PD|ATCO-PE|ATCO-PG|ATCO-PH|ATCO-PI|ATCOL|SSW|SSW-PI
ATCO-PE,ATCO-PD ATCOL ATCO ATCO-PI ATCO-PG SSW-PI SSW ATCO-PH,ATCO-PD ATCOL ATCO ATCO-PI ATCO-PG SSW-PI SSW ATCO-PH|ATCO-PE,ATCO|ATCO-PD|ATCO-PE|ATCO-PG|ATCO-PH|ATCO-PI|ATCOL|SSW|SSW-PI
ATCO-PG,ATCO-PD ATCOL ATCO ATCO-PI ATCO-PE SSW-PI SSW ATCO-PH,ATCO-PD ATCOL ATCO ATCO-PI ATCO-PE SSW-PI SSW ATCO-PH|ATCO-PG,ATCO|ATCO-PD|ATCO-PE|ATCO-PG|ATCO-PH|ATCO-PI|ATCOL|SSW|SSW-PI
ATCO-PH,ATCO-PD ATCOL ATCO ATCO-PG ATCO-PI ATCO-PE SSW-PI SSW,ATCO-PD ATCOL ATCO ATCO-PG ATCO-PI ATCO-PE SSW-PI SSW|ATCO-PH,ATCO|ATCO-PD|ATCO-PE|ATCO-PG|ATCO-PH|ATCO-PI|ATCOL|SSW|SSW-PI
ATCO-PI,ATCO-PD ATCOL ATCO ATCO-PG ATCO-PE SSW-PI SSW ATCO-PH,ATCO-PD ATCOL ATCO ATCO-PG ATCO-PE SSW-PI SSW ATCO-PH|ATCO-PI,ATCO|ATCO-PD|ATCO-PE|ATCO-PG|ATCO-PH|ATCO-PI|ATCOL|SSW|SSW-PI
ATCOL,ATCO-PD ATCO ATCO-PG ATCO-PI ATCO-PE SSW-PI SSW ATCO-PH,ATCO-PD ATCO ATCO-PG ATCO-PI ATCO-PE SSW-PI SSW ATCO-PH|ATCOL,ATCO|ATCO-PD|ATCO-PE|ATCO-PG|ATCO-PH|ATCO-PI|ATCOL|SSW|SSW-PI
ATCS1,ATA ATCS,ATA ATCS|ATCS1,ATA|ATCS|ATCS1
ATCX1,BWMCU ATCX BWMC,ATCX1|BWMCU ATCX BWMC,ATCX|ATCX1|BWMC|BWMCU
ATEK,ATEK.WS ATEK.U,ATEK|ATEK.WS ATEK.U,ATEK|ATEK.U|ATEK.WS
ATEK.U,ATEK ATEK.WS,ATEK ATEK.WS|ATEK.U,ATEK|ATEK.U|ATEK.WS
ATEK.WS,ATEK ATEK.U,ATEK ATEK.U|ATEK.WS,ATEK|ATEK.U|ATEK.WS
ATH,ATH-PC ATH-PD ATH-PB ATHLL ATH-PE ATH-PA ATHS,ATH|ATH-PC ATH-PD ATH-PB ATHLL ATH-PE ATH-PA ATHS,ATH|ATH-PA|ATH-PB|ATH-PC|ATH-PD|ATH-PE|ATHLL|ATHS
ATH-PA,ATH-PC ATH-PD ATH-PB ATHLL ATH-PE ATH ATHS,ATH-PA|ATH-PC ATH-PD ATH-PB ATHLL ATH-PE ATH ATHS,ATH|ATH-PA|ATH-PB|ATH-PC|ATH-PD|ATH-PE|ATHLL|ATHS
ATH-PB,ATH-PC ATH-PD ATHLL ATH-PE ATH-PA ATH ATHS,ATH-PB|ATH-PC ATH-PD ATHLL ATH-PE ATH-PA ATH ATHS,ATH|ATH-PA|ATH-PB|ATH-PC|ATH-PD|ATH-PE|ATHLL|ATHS
ATH-PC,ATH-PD ATH-PB ATHLL ATH-PE ATH-PA ATH ATHS,ATH-PC|ATH-PD ATH-PB ATHLL ATH-PE ATH-PA ATH ATHS,ATH|ATH-PA|ATH-PB|ATH-PC|ATH-PD|ATH-PE|ATHLL|ATHS
ATH-PD,ATH-PC ATH-PB ATHLL ATH-PE ATH-PA ATH ATHS,ATH-PC ATH-PB ATHLL ATH-PE ATH-PA ATH ATHS|ATH-PD,ATH|ATH-PA|ATH-PB|ATH-PC|ATH-PD|ATH-PE|ATHLL|ATHS
ATH-PE,ATH-PC ATH-PD ATH-PB ATHLL ATH-PA ATH ATHS,ATH-PC ATH-PD ATH-PB ATHLL ATH-PA ATH ATHS|ATH-PE,ATH|ATH-PA|ATH-PB|ATH-PC|ATH-PD|ATH-PE|ATHLL|ATHS
ATHN.U,HLGN ATHN HLGN.WS ATHN.WS HLGNW,ATHN.U|HLGN ATHN HLGN.WS ATHN.WS HLGNW,ATHN|ATHN.U|ATHN.WS|HLGN|HLGN.WS|HLGNW
ATHXQ,ATHX AHYS,ATHX AHYS|ATHXQ,AHYS|ATHX|ATHXQ
ATIP,FAII.U FAII FAII.WS ATIP.WS ATIPW,ATIP|FAII.U FAII FAII.WS ATIP.WS ATIPW,ATIP|ATIP.WS|ATIPW|FAII|FAII.U|FAII.WS
ATIPW,FAII.U FAII FAII.WS ATIP ATIP.WS,ATIPW|FAII.U FAII FAII.WS ATIP ATIP.WS,ATIP|ATIP.WS|ATIPW|FAII|FAII.U|FAII.WS
ATIS,MRDN BCKE CBAK,ATIS|MRDN BCKE CBAK,ATIS|BCKE|CBAK|MRDN
ATLC,ATLCL CCRT ATLCZ ATLCP,ATLC|ATLCL CCRT ATLCZ ATLCP,ATLC|ATLCL|ATLCP|ATLCZ|CCRT
ATLCP,ATLCL CCRT ATLCZ ATLC,ATLCL CCRT ATLCZ ATLC|ATLCP,ATLC|ATLCL|ATLCP|ATLCZ|CCRT
ATLS1,AHD ATLS,AHD ATLS|ATLS1,AHD|ATLS|ATLS1
ATMC,ATMCU ATMCW ATMCR,ATMC|ATMCU ATMCW ATMCR,ATMC|ATMCR|ATMCU|ATMCW
ATMCR,ATMCU ATMC ATMCW,ATMCR|ATMCU ATMC ATMCW,ATMC|ATMCR|ATMCU|ATMCW
ATMCU,ATMC ATMCW ATMCR,ATMC ATMCW ATMCR|ATMCU,ATMC|ATMCR|ATMCU|ATMCW
ATMCW,ATMCU ATMC ATMCR,ATMCU ATMC ATMCR|ATMCW,ATMC|ATMCR|ATMCU|ATMCW
ATMR.U,ATMR.WS FATH.WS ATMR FATHW FATH,ATMR.U|ATMR.WS FATH.WS ATMR FATHW FATH,ATMR|ATMR.U|ATMR.WS|FATH|FATH.WS|FATHW
ATMVR,ATMV ATMVU AMCI,ATMV ATMVU AMCI|ATMVR,AMCI|ATMV|ATMVR|ATMVU
ATMVU,ATMV ATMVR AMCI,ATMV ATMVR AMCI|ATMVU,AMCI|ATMV|ATMVR|ATMVU
ATNY,APIO RBCV APIA,APIO RBCV APIA|ATNY,APIA|APIO|ATNY|RBCV
JMACU,APLM JMAC,APLM JMAC|JMACU,APLM|JMAC|JMACU
ATRS,AIS ANTR MEDJ,AIS ANTR MEDJ|ATRS,AIS|ANTR|ATRS|MEDJ
ATRX,MRNA NSTK,ATRX|MRNA NSTK,ATRX|MRNA|NSTK
ATSC1,ATCT ATSC FDSA,ATCT ATSC FDSA|ATSC1,ATCT|ATSC|ATSC1|FDSA
ATSPT,ATSPU SOUN,ATSPT|ATSPU SOUN,ATSPT|ATSPU|SOUN
AUB,UBSH AUBAP AUB-PA,AUB|UBSH AUBAP AUB-PA,AUB|AUB-PA|AUBAP|UBSH
AUB-PA,AUB UBSH AUBAP,AUB UBSH AUBAP|AUB-PA,AUB|AUB-PA|AUBAP|UBSH
AUC,ATIF ZBAI,ATIF ZBAI|AUC,ATIF|AUC|ZBAI
AUDAQ,ETM AUD AUDA,AUDAQ|ETM AUD AUDA,AUD|AUDA|AUDAQ|ETM
AUID,IDTY IDGS,AUID|IDTY IDGS,AUID|IDGS|IDTY
AUR,RTPY RTPYU,AUR|RTPY RTPYU,AUR|RTPY|RTPYU
AURCU,AURC BETR,AURC BETR|AURCU,AURC|AURCU|BETR
AURDQ,ACW AURD,ACW AURD|AURDQ,ACW|AURD|AURDQ
AURFQ,AOR AURF,AOR AURF|AURFQ,AOR|AURF|AURFQ
AUS,AUS.WS AUS.U,AUS|AUS.WS AUS.U,AUS|AUS.U|AUS.WS
AUS.U,AUS AUS.WS,AUS AUS.WS|AUS.U,AUS|AUS.U|AUS.WS
AUS.WS,AUS AUS.U,AUS AUS.U|AUS.WS,AUS|AUS.U|AUS.WS
AUSPF,APXYF AEN,APXYF AEN|AUSPF,AEN|APXYF|AUSPF
AUVIQ,AUVI AUVPQ AUVIP,AUVI AUVPQ AUVIP|AUVIQ,AUVI|AUVIP|AUVIQ|AUVPQ
AUVPQ,AUVIQ AUVI AUVIP,AUVIQ AUVI AUVIP|AUVPQ,AUVI|AUVIP|AUVIQ|AUVPQ
AVACU,AVAC BENF,AVAC BENF|AVACU,AVAC|AVACU|BENF
AVAN,AVAN.WS AVAN.U,AVAN|AVAN.WS AVAN.U,AVAN|AVAN.U|AVAN.WS
AVAN.U,AVAN.WS AVAN,AVAN.U|AVAN.WS AVAN,AVAN|AVAN.U|AVAN.WS
AVAN.WS,AVAN.U AVAN,AVAN.U AVAN|AVAN.WS,AVAN|AVAN.U|AVAN.WS
AVAT,MLAC MLACU,AVAT|MLAC MLACU,AVAT|MLAC|MLACU
AVCTQ,WRLS WRLSW AVCT AVCTW WRLSU,AVCTQ|WRLS WRLSW AVCT AVCTW WRLSU,AVCT|AVCTQ|AVCTW|WRLS|WRLSU|WRLSW
AVCTW,WRLS WRLSW AVCTQ AVCT WRLSU,AVCTW|WRLS WRLSW AVCTQ AVCT WRLSU,AVCT|AVCTQ|AVCTW|WRLS|WRLSU|WRLSW
AVDS1,ARRW AVDS,ARRW AVDS|AVDS1,ARRW|AVDS|AVDS1
AVHI,AVHIU AVHIW,AVHI|AVHIU AVHIW,AVHI|AVHIU|AVHIW
AVHI1,AVHI AVTR,AVHI AVTR|AVHI1,AVHI|AVHI1|AVTR
AVHIU,AVHIW AVHI,AVHIU|AVHIW AVHI,AVHI|AVHIU|AVHIW
AVHIW,AVHIU AVHI,AVHIU AVHI|AVHIW,AVHI|AVHIU|AVHIW
AVLNF,AVARF AVL,AVARF AVL|AVLNF,AVARF|AVL|AVLNF
AVPT,APXT AVPTW APXTW APXTU1 APXTU,APXT AVPTW APXTW APXTU1 APXTU|AVPT,APXT|APXTU|APXTU1|APXTW|AVPT|AVPTW
AVPTW,APXT APXTW APXTU1 AVPT APXTU,APXT APXTW APXTU1 AVPT APXTU|AVPTW,APXT|APXTU|APXTU1|APXTW|AVPT|AVPTW
AVTA,BCOR INSP,AVTA|BCOR INSP,AVTA|BCOR|INSP
AVTI,AVRN AVR,AVRN AVR|AVTI,AVR|AVRN|AVTI
AVTX,CERC CERCU,AVTX|CERC CERCU,AVTX|CERC|CERCU
AWINW,PONOW AWIN PONOU1 PONO PONOU,AWINW|PONOW AWIN PONOU1 PONO PONOU,AWIN|AWINW|PONO|PONOU|PONOU1|PONOW
AVX,AGRIW AGRI,AGRIW AGRI|AVX,AGRI|AGRIW|AVX
AWHL,CIPH VRML VRMLQ AWH,AWHL|CIPH VRML VRMLQ AWH,AWH|AWHL|CIPH|VRML|VRMLQ
AWIN,PONOW AWINW PONOU1 PONO PONOU,AWIN|PONOW AWINW PONOU1 PONO PONOU,AWIN|AWINW|PONO|PONOU|PONOU1|PONOW
AX,BOFI AXO,AX|BOFI AXO,AX|AXO|BOFI
AXAC,AXAC.R AXAC.U AXAC.WS,AXAC|AXAC.R AXAC.U AXAC.WS,AXAC|AXAC.R|AXAC.U|AXAC.WS
AXAC.R,AXAC AXAC.U AXAC.WS,AXAC AXAC.U AXAC.WS|AXAC.R,AXAC|AXAC.R|AXAC.U|AXAC.WS
AXAC.WS,AXAC AXAC.R AXAC.U,AXAC AXAC.R AXAC.U|AXAC.WS,AXAC|AXAC.R|AXAC.U|AXAC.WS
AXDXQ,AXK AXDX,AXDXQ|AXK AXDX,AXDX|AXDXQ|AXK
AXH.U,AXH.WS AXH AXHIW AXHI,AXH.U|AXH.WS AXH AXHIW AXHI,AXH|AXH.U|AXH.WS|AXHI|AXHIW
AXHI,AXH.U AXH.WS AXH AXHIW,AXH.U AXH.WS AXH AXHIW|AXHI,AXH|AXH.U|AXH.WS|AXHI|AXHIW
AXHIW,AXH.U AXH.WS AXH AXHI,AXH.U AXH.WS AXH AXHI|AXHIW,AXH|AXH.U|AXH.WS|AXHI|AXHIW
AXIA,AXIA-PC AXIA-P CAIFY EBRYY EBR EBR.B CAIGY EBRBY,AXIA|AXIA-PC AXIA-P CAIFY EBRYY EBR EBR.B CAIGY EBRBY,AXIA|AXIA-P|AXIA-PC|CAIFY|CAIGY|EBR|EBR.B|EBRBY|EBRYY
AXIA-P,AXIA-PC CAIFY AXIA EBRYY EBR EBR.B CAIGY EBRBY,AXIA-P|AXIA-PC CAIFY AXIA EBRYY EBR EBR.B CAIGY EBRBY,AXIA|AXIA-P|AXIA-PC|CAIFY|CAIGY|EBR|EBR.B|EBRBY|EBRYY
AXIA-PC,AXIA-P CAIFY AXIA EBRYY EBR EBR.B CAIGY EBRBY,AXIA-P CAIFY AXIA EBRYY EBR EBR.B CAIGY EBRBY|AXIA-PC,AXIA|AXIA-P|AXIA-PC|CAIFY|CAIGY|EBR|EBR.B|EBRBY|EBRYY
AXIHQ,AXIH ANLT,AXIH ANLT|AXIHQ,ANLT|AXIH|AXIHQ
AXON,TASR AAXN,AXON|TASR AAXN,AAXN|AXON|TASR
AXPWQ,SMKE AXPW,AXPWQ|SMKE AXPW,AXPW|AXPWQ|SMKE
AXS,AXS-PE AXS-PC AXS-PD,AXS|AXS-PE AXS-PC AXS-PD,AXS|AXS-PC|AXS-PD|AXS-PE
AXS-PC,AXS-PE AXS-PD AXS,AXS-PC|AXS-PE AXS-PD AXS,AXS|AXS-PC|AXS-PD|AXS-PE
AXS-PD,AXS-PE AXS-PC AXS,AXS-PD|AXS-PE AXS-PC AXS,AXS|AXS-PC|AXS-PD|AXS-PE
AXS-PE,AXS-PC AXS-PD AXS,AXS-PC AXS-PD AXS|AXS-PE,AXS|AXS-PC|AXS-PD|AXS-PE
AXST,AXES AFT,AXES AFT|AXST,AFT|AXES|AXST
AZURQ,FISH AZUR,AZURQ|FISH AZUR,AZUR|AZURQ|FISH
B,ABX GOLD,ABX GOLD|B,ABX|B|GOLD
BAC,BAC-PL NB BAC-PP BML-PH BAC-PZ BAC-PE DFF BML-PI BAC-PA BAC-PQ BAC-PI MHM BAC-PK BAC-PB BAC-PM BAC-PC BAC-PY BML-PL BAC-PN BAC-PW BML-PJ BML-PG BAC-PD BAC-PO BAC-PS,BAC|BAC-PL NB BAC-PP BML-PH BAC-PZ BAC-PE DFF BML-PI BAC-PA BAC-PQ BAC-PI MHM BAC-PK BAC-PB BAC-PM BAC-PC BAC-PY BML-PL BAC-PN BAC-PW BML-PJ BML-PG BAC-PD BAC-PO BAC-PS,BAC|BAC-PA|BAC-PB|BAC-PC|BAC-PD|BAC-PE|BAC-PI|BAC-PK|BAC-PL|BAC-PM|BAC-PN|BAC-PO|BAC-PP|BAC-PQ|BAC-PS|BAC-PW|BAC-PY|BAC-PZ|BML-PG|BML-PH|BML-PI|BML-PJ|BML-PL|DFF|MHM|NB
BAC-PA,BAC-PL NB BAC-PP BML-PH BAC-PZ BAC-PE DFF BML-PI BAC-PQ BAC-PI BAC MHM BAC-PK BAC-PB BAC-PM BAC-PC BAC-PY BML-PL BAC-PN BAC-PW BML-PJ BML-PG BAC-PD BAC-PO BAC-PS,BAC-PA|BAC-PL NB BAC-PP BML-PH BAC-PZ BAC-PE DFF BML-PI BAC-PQ BAC-PI BAC MHM BAC-PK BAC-PB BAC-PM BAC-PC BAC-PY BML-PL BAC-PN BAC-PW BML-PJ BML-PG BAC-PD BAC-PO BAC-PS,BAC|BAC-PA|BAC-PB|BAC-PC|BAC-PD|BAC-PE|BAC-PI|BAC-PK|BAC-PL|BAC-PM|BAC-PN|BAC-PO|BAC-PP|BAC-PQ|BAC-PS|BAC-PW|BAC-PY|BAC-PZ|BML-PG|BML-PH|BML-PI|BML-PJ|BML-PL|DFF|MHM|NB
BAC-PB,BAC-PL NB BAC-PP BML-PH BAC-PZ BAC-PE DFF BML-PI BAC-PA BAC-PQ BAC-PI BAC MHM BAC-PK BAC-PM BAC-PC BAC-PY BML-PL BAC-PN BAC-PW BML-PJ BML-PG BAC-PD BAC-PO BAC-PS,BAC-PB|BAC-PL NB BAC-PP BML-PH BAC-PZ BAC-PE DFF BML-PI BAC-PA BAC-PQ BAC-PI BAC MHM BAC-PK BAC-PM BAC-PC BAC-PY BML-PL BAC-PN BAC-PW BML-PJ BML-PG BAC-PD BAC-PO BAC-PS,BAC|BAC-PA|BAC-PB|BAC-PC|BAC-PD|BAC-PE|BAC-PI|BAC-PK|BAC-PL|BAC-PM|BAC-PN|BAC-PO|BAC-PP|BAC-PQ|BAC-PS|BAC-PW|BAC-PY|BAC-PZ|BML-PG|BML-PH|BML-PI|BML-PJ|BML-PL|DFF|MHM|NB
BAC-PC,BAC-PL NB BAC-PP BML-PH BAC-PZ BAC-PE DFF BML-PI BAC-PA BAC-PQ BAC-PI BAC MHM BAC-PK BAC-PB BAC-PM BAC-PY BML-PL BAC-PN BAC-PW BML-PJ BML-PG BAC-PD BAC-PO BAC-PS,BAC-PC|BAC-PL NB BAC-PP BML-PH BAC-PZ BAC-PE DFF BML-PI BAC-PA BAC-PQ BAC-PI BAC MHM BAC-PK BAC-PB BAC-PM BAC-PY BML-PL BAC-PN BAC-PW BML-PJ BML-PG BAC-PD BAC-PO BAC-PS,BAC|BAC-PA|BAC-PB|BAC-PC|BAC-PD|BAC-PE|BAC-PI|BAC-PK|BAC-PL|BAC-PM|BAC-PN|BAC-PO|BAC-PP|BAC-PQ|BAC-PS|BAC-PW|BAC-PY|BAC-PZ|BML-PG|BML-PH|BML-PI|BML-PJ|BML-PL|DFF|MHM|NB
BAC-PD,BAC-PL NB BAC-PP BML-PH BAC-PZ BAC-PE DFF BML-PI BAC-PA BAC-PQ BAC-PI BAC MHM BAC-PK BAC-PB BAC-PM BAC-PC BAC-PY BML-PL BAC-PN BAC-PW BML-PJ BML-PG BAC-PO BAC-PS,BAC-PD|BAC-PL NB BAC-PP BML-PH BAC-PZ BAC-PE DFF BML-PI BAC-PA BAC-PQ BAC-PI BAC MHM BAC-PK BAC-PB BAC-PM BAC-PC BAC-PY BML-PL BAC-PN BAC-PW BML-PJ BML-PG BAC-PO BAC-PS,BAC|BAC-PA|BAC-PB|BAC-PC|BAC-PD|BAC-PE|BAC-PI|BAC-PK|BAC-PL|BAC-PM|BAC-PN|BAC-PO|BAC-PP|BAC-PQ|BAC-PS|BAC-PW|BAC-PY|BAC-PZ|BML-PG|BML-PH|BML-PI|BML-PJ|BML-PL|DFF|MHM|NB
BAC-PE,BAC-PL NB BAC-PP BML-PH BAC-PZ DFF BML-PI BAC-PA BAC-PQ BAC-PI BAC MHM BAC-PK BAC-PB BAC-PM BAC-PC BAC-PY BML-PL BAC-PN BAC-PW BML-PJ BML-PG BAC-PD BAC-PO BAC-PS,BAC-PE|BAC-PL NB BAC-PP BML-PH BAC-PZ DFF BML-PI BAC-PA BAC-PQ BAC-PI BAC MHM BAC-PK BAC-PB BAC-PM BAC-PC BAC-PY BML-PL BAC-PN BAC-PW BML-PJ BML-PG BAC-PD BAC-PO BAC-PS,BAC|BAC-PA|BAC-PB|BAC-PC|BAC-PD|BAC-PE|BAC-PI|BAC-PK|BAC-PL|BAC-PM|BAC-PN|BAC-PO|BAC-PP|BAC-PQ|BAC-PS|BAC-PW|BAC-PY|BAC-PZ|BML-PG|BML-PH|BML-PI|BML-PJ|BML-PL|DFF|MHM|NB
BAC-PI,BAC-PL NB BAC-PP BML-PH BAC-PZ BAC-PE DFF BML-PI BAC-PA BAC-PQ BAC MHM BAC-PK BAC-PB BAC-PM BAC-PC BAC-PY BML-PL BAC-PN BAC-PW BML-PJ BML-PG BAC-PD BAC-PO BAC-PS,BAC-PI|BAC-PL NB BAC-PP BML-PH BAC-PZ BAC-PE DFF BML-PI BAC-PA BAC-PQ BAC MHM BAC-PK BAC-PB BAC-PM BAC-PC BAC-PY BML-PL BAC-PN BAC-PW BML-PJ BML-PG BAC-PD BAC-PO BAC-PS,BAC|BAC-PA|BAC-PB|BAC-PC|BAC-PD|BAC-PE|BAC-PI|BAC-PK|BAC-PL|BAC-PM|BAC-PN|BAC-PO|BAC-PP|BAC-PQ|BAC-PS|BAC-PW|BAC-PY|BAC-PZ|BML-PG|BML-PH|BML-PI|BML-PJ|BML-PL|DFF|MHM|NB
BAC-PK,BAC-PL NB BAC-PP BML-PH BAC-PZ BAC-PE DFF BML-PI BAC-PA BAC-PQ BAC-PI BAC MHM BAC-PB BAC-PM BAC-PC BAC-PY BML-PL BAC-PN BAC-PW BML-PJ BML-PG BAC-PD BAC-PO BAC-PS,BAC-PK|BAC-PL NB BAC-PP BML-PH BAC-PZ BAC-PE DFF BML-PI BAC-PA BAC-PQ BAC-PI BAC MHM BAC-PB BAC-PM BAC-PC BAC-PY BML-PL BAC-PN BAC-PW BML-PJ BML-PG BAC-PD BAC-PO BAC-PS,BAC|BAC-PA|BAC-PB|BAC-PC|BAC-PD|BAC-PE|BAC-PI|BAC-PK|BAC-PL|BAC-PM|BAC-PN|BAC-PO|BAC-PP|BAC-PQ|BAC-PS|BAC-PW|BAC-PY|BAC-PZ|BML-PG|BML-PH|BML-PI|BML-PJ|BML-PL|DFF|MHM|NB
BAC-PL,NB BAC-PP BML-PH BAC-PZ BAC-PE DFF BML-PI BAC-PA BAC-PQ BAC-PI BAC MHM BAC-PK BAC-PB BAC-PM BAC-PC BAC-PY BML-PL BAC-PN BAC-PW BML-PJ BML-PG BAC-PD BAC-PO BAC-PS,BAC-PL|NB BAC-PP BML-PH BAC-PZ BAC-PE DFF BML-PI BAC-PA BAC-PQ BAC-PI BAC MHM BAC-PK BAC-PB BAC-PM BAC-PC BAC-PY BML-PL BAC-PN BAC-PW BML-PJ BML-PG BAC-PD BAC-PO BAC-PS,BAC|BAC-PA|BAC-PB|BAC-PC|BAC-PD|BAC-PE|BAC-PI|BAC-PK|BAC-PL|BAC-PM|BAC-PN|BAC-PO|BAC-PP|BAC-PQ|BAC-PS|BAC-PW|BAC-PY|BAC-PZ|BML-PG|BML-PH|BML-PI|BML-PJ|BML-PL|DFF|MHM|NB
BAC-PM,BAC-PL NB BAC-PP BML-PH BAC-PZ BAC-PE DFF BML-PI BAC-PA BAC-PQ BAC-PI BAC MHM BAC-PK BAC-PB BAC-PC BAC-PY BML-PL BAC-PN BAC-PW BML-PJ BML-PG BAC-PD BAC-PO BAC-PS,BAC-PL NB BAC-PP BML-PH BAC-PZ BAC-PE DFF BML-PI BAC-PA BAC-PQ BAC-PI BAC MHM BAC-PK BAC-PB BAC-PC BAC-PY BML-PL BAC-PN BAC-PW BML-PJ BML-PG BAC-PD BAC-PO BAC-PS|BAC-PM,BAC|BAC-PA|BAC-PB|BAC-PC|BAC-PD|BAC-PE|BAC-PI|BAC-PK|BAC-PL|BAC-PM|BAC-PN|BAC-PO|BAC-PP|BAC-PQ|BAC-PS|BAC-PW|BAC-PY|BAC-PZ|BML-PG|BML-PH|BML-PI|BML-PJ|BML-PL|DFF|MHM|NB
BAC-PN,BAC-PL NB BAC-PP BML-PH BAC-PZ BAC-PE DFF BML-PI BAC-PA BAC-PQ BAC-PI BAC MHM BAC-PK BAC-PB BAC-PM BAC-PC BAC-PY BML-PL BAC-PW BML-PJ BML-PG BAC-PD BAC-PO BAC-PS,BAC-PL NB BAC-PP BML-PH BAC-PZ BAC-PE DFF BML-PI BAC-PA BAC-PQ BAC-PI BAC MHM BAC-PK BAC-PB BAC-PM BAC-PC BAC-PY BML-PL BAC-PW BML-PJ BML-PG BAC-PD BAC-PO BAC-PS|BAC-PN,BAC|BAC-PA|BAC-PB|BAC-PC|BAC-PD|BAC-PE|BAC-PI|BAC-PK|BAC-PL|BAC-PM|BAC-PN|BAC-PO|BAC-PP|BAC-PQ|BAC-PS|BAC-PW|BAC-PY|BAC-PZ|BML-PG|BML-PH|BML-PI|BML-PJ|BML-PL|DFF|MHM|NB
BAC-PO,BAC-PL NB BAC-PP BML-PH BAC-PZ BAC-PE DFF BML-PI BAC-PA BAC-PQ BAC-PI BAC MHM BAC-PK BAC-PB BAC-PM BAC-PC BAC-PY BML-PL BAC-PN BAC-PW BML-PJ BML-PG BAC-PD BAC-PS,BAC-PL NB BAC-PP BML-PH BAC-PZ BAC-PE DFF BML-PI BAC-PA BAC-PQ BAC-PI BAC MHM BAC-PK BAC-PB BAC-PM BAC-PC BAC-PY BML-PL BAC-PN BAC-PW BML-PJ BML-PG BAC-PD BAC-PS|BAC-PO,BAC|BAC-PA|BAC-PB|BAC-PC|BAC-PD|BAC-PE|BAC-PI|BAC-PK|BAC-PL|BAC-PM|BAC-PN|BAC-PO|BAC-PP|BAC-PQ|BAC-PS|BAC-PW|BAC-PY|BAC-PZ|BML-PG|BML-PH|BML-PI|BML-PJ|BML-PL|DFF|MHM|NB
BAC-PP,BAC-PL NB BML-PH BAC-PZ BAC-PE DFF BML-PI BAC-PA BAC-PQ BAC-PI BAC MHM BAC-PK BAC-PB BAC-PM BAC-PC BAC-PY BML-PL BAC-PN BAC-PW BML-PJ BML-PG BAC-PD BAC-PO BAC-PS,BAC-PL NB BML-PH BAC-PZ BAC-PE DFF BML-PI BAC-PA BAC-PQ BAC-PI BAC MHM BAC-PK BAC-PB BAC-PM BAC-PC BAC-PY BML-PL BAC-PN BAC-PW BML-PJ BML-PG BAC-PD BAC-PO BAC-PS|BAC-PP,BAC|BAC-PA|BAC-PB|BAC-PC|BAC-PD|BAC-PE|BAC-PI|BAC-PK|BAC-PL|BAC-PM|BAC-PN|BAC-PO|BAC-PP|BAC-PQ|BAC-PS|BAC-PW|BAC-PY|BAC-PZ|BML-PG|BML-PH|BML-PI|BML-PJ|BML-PL|DFF|MHM|NB
BAC-PQ,BAC-PL NB BAC-PP BML-PH BAC-PZ BAC-PE DFF BML-PI BAC-PA BAC-PI BAC MHM BAC-PK BAC-PB BAC-PM BAC-PC BAC-PY BML-PL BAC-PN BAC-PW BML-PJ BML-PG BAC-PD BAC-PO BAC-PS,BAC-PL NB BAC-PP BML-PH BAC-PZ BAC-PE DFF BML-PI BAC-PA BAC-PI BAC MHM BAC-PK BAC-PB BAC-PM BAC-PC BAC-PY BML-PL BAC-PN BAC-PW BML-PJ BML-PG BAC-PD BAC-PO BAC-PS|BAC-PQ,BAC|BAC-PA|BAC-PB|BAC-PC|BAC-PD|BAC-PE|BAC-PI|BAC-PK|BAC-PL|BAC-PM|BAC-PN|BAC-PO|BAC-PP|BAC-PQ|BAC-PS|BAC-PW|BAC-PY|BAC-PZ|BML-PG|BML-PH|BML-PI|BML-PJ|BML-PL|DFF|MHM|NB
BAC-PS,BAC-PL NB BAC-PP BML-PH BAC-PZ BAC-PE DFF BML-PI BAC-PA BAC-PQ BAC-PI BAC MHM BAC-PK BAC-PB BAC-PM BAC-PC BAC-PY BML-PL BAC-PN BAC-PW BML-PJ BML-PG BAC-PD BAC-PO,BAC-PL NB BAC-PP BML-PH BAC-PZ BAC-PE DFF BML-PI BAC-PA BAC-PQ BAC-PI BAC MHM BAC-PK BAC-PB BAC-PM BAC-PC BAC-PY BML-PL BAC-PN BAC-PW BML-PJ BML-PG BAC-PD BAC-PO|BAC-PS,BAC|BAC-PA|BAC-PB|BAC-PC|BAC-PD|BAC-PE|BAC-PI|BAC-PK|BAC-PL|BAC-PM|BAC-PN|BAC-PO|BAC-PP|BAC-PQ|BAC-PS|BAC-PW|BAC-PY|BAC-PZ|BML-PG|BML-PH|BML-PI|BML-PJ|BML-PL|DFF|MHM|NB
BAC-PW,BAC-PL NB BAC-PP BML-PH BAC-PZ BAC-PE DFF BML-PI BAC-PA BAC-PQ BAC-PI BAC MHM BAC-PK BAC-PB BAC-PM BAC-PC BAC-PY BML-PL BAC-PN BML-PJ BML-PG BAC-PD BAC-PO BAC-PS,BAC-PL NB BAC-PP BML-PH BAC-PZ BAC-PE DFF BML-PI BAC-PA BAC-PQ BAC-PI BAC MHM BAC-PK BAC-PB BAC-PM BAC-PC BAC-PY BML-PL BAC-PN BML-PJ BML-PG BAC-PD BAC-PO BAC-PS|BAC-PW,BAC|BAC-PA|BAC-PB|BAC-PC|BAC-PD|BAC-PE|BAC-PI|BAC-PK|BAC-PL|BAC-PM|BAC-PN|BAC-PO|BAC-PP|BAC-PQ|BAC-PS|BAC-PW|BAC-PY|BAC-PZ|BML-PG|BML-PH|BML-PI|BML-PJ|BML-PL|DFF|MHM|NB
BAC-PY,BAC-PL NB BAC-PP BML-PH BAC-PZ BAC-PE DFF BML-PI BAC-PA BAC-PQ BAC-PI BAC MHM BAC-PK BAC-PB BAC-PM BAC-PC BML-PL BAC-PN BAC-PW BML-PJ BML-PG BAC-PD BAC-PO BAC-PS,BAC-PL NB BAC-PP BML-PH BAC-PZ BAC-PE DFF BML-PI BAC-PA BAC-PQ BAC-PI BAC MHM BAC-PK BAC-PB BAC-PM BAC-PC BML-PL BAC-PN BAC-PW BML-PJ BML-PG BAC-PD BAC-PO BAC-PS|BAC-PY,BAC|BAC-PA|BAC-PB|BAC-PC|BAC-PD|BAC-PE|BAC-PI|BAC-PK|BAC-PL|BAC-PM|BAC-PN|BAC-PO|BAC-PP|BAC-PQ|BAC-PS|BAC-PW|BAC-PY|BAC-PZ|BML-PG|BML-PH|BML-PI|BML-PJ|BML-PL|DFF|MHM|NB
BAC-PZ,BAC-PL NB BAC-PP BML-PH BAC-PE DFF BML-PI BAC-PA BAC-PQ BAC-PI BAC MHM BAC-PK BAC-PB BAC-PM BAC-PC BAC-PY BML-PL BAC-PN BAC-PW BML-PJ BML-PG BAC-PD BAC-PO BAC-PS,BAC-PL NB BAC-PP BML-PH BAC-PE DFF BML-PI BAC-PA BAC-PQ BAC-PI BAC MHM BAC-PK BAC-PB BAC-PM BAC-PC BAC-PY BML-PL BAC-PN BAC-PW BML-PJ BML-PG BAC-PD BAC-PO BAC-PS|BAC-PZ,BAC|BAC-PA|BAC-PB|BAC-PC|BAC-PD|BAC-PE|BAC-PI|BAC-PK|BAC-PL|BAC-PM|BAC-PN|BAC-PO|BAC-PP|BAC-PQ|BAC-PS|BAC-PW|BAC-PY|BAC-PZ|BML-PG|BML-PH|BML-PI|BML-PJ|BML-PL|DFF|MHM|NB
BACA,BACA.WS BACA.U,BACA|BACA.WS BACA.U,BACA|BACA.U|BACA.WS
BACA.U,BACA BACA.WS,BACA BACA.WS|BACA.U,BACA|BACA.U|BACA.WS
BACA.WS,BACA BACA.U,BACA BACA.U|BACA.WS,BACA|BACA.U|BACA.WS
BACK,IMACW IMAC,BACK|IMACW IMAC,BACK|IMAC|IMACW
BACQU,BACQ MRLN,BACQ MRLN|BACQU,BACQ|BACQU|MRLN
BAER,JCIC JCICU,BAER|JCIC JCICU,BAER|JCIC|JCICU
BAGL,NWCI NWRG,BAGL|NWCI NWRG,BAGL|NWCI|NWRG
BANC,BOCA BANC-PF BANC-PC BANC-PE BANC-PD FPTB,BANC|BOCA BANC-PF BANC-PC BANC-PE BANC-PD FPTB,BANC|BANC-PC|BANC-PD|BANC-PE|BANC-PF|BOCA|FPTB
BANC-PC,BANC BOCA BANC-PF BANC-PE BANC-PD FPTB,BANC BOCA BANC-PF BANC-PE BANC-PD FPTB|BANC-PC,BANC|BANC-PC|BANC-PD|BANC-PE|BANC-PF|BOCA|FPTB
BANC-PD,BANC BOCA BANC-PF BANC-PC BANC-PE FPTB,BANC BOCA BANC-PF BANC-PC BANC-PE FPTB|BANC-PD,BANC|BANC-PC|BANC-PD|BANC-PE|BANC-PF|BOCA|FPTB
BANC-PE,BANC BOCA BANC-PF BANC-PC BANC-PD FPTB,BANC BOCA BANC-PF BANC-PC BANC-PD FPTB|BANC-PE,BANC|BANC-PC|BANC-PD|BANC-PE|BANC-PF|BOCA|FPTB
BANC-PF,BANC BOCA BANC-PE BANC-PC BANC-PD FPTB,BANC BOCA BANC-PE BANC-PC BANC-PD FPTB|BANC-PF,BANC|BANC-PC|BANC-PD|BANC-PE|BANC-PF|BOCA|FPTB
BARK,STIC STIC.U BARK.WS STIC.WS,BARK|STIC STIC.U BARK.WS STIC.WS,BARK|BARK.WS|STIC|STIC.U|STIC.WS
BARK.WS,BARK STIC STIC.U STIC.WS,BARK STIC STIC.U STIC.WS|BARK.WS,BARK|BARK.WS|STIC|STIC.U|STIC.WS
BASXQ,BASX BAS,BASX BAS|BASXQ,BAS|BASX|BASXQ
BATRA1,FWONK LMCA LSXMK FWONA BATRK BATRK1 FWONB BATRA LMCK LMCB LSXMB LSXMA,BATRA1|FWONK LMCA LSXMK FWONA BATRK BATRK1 FWONB BATRA LMCK LMCB LSXMB LSXMA,BATRA|BATRA1|BATRK|BATRK1|FWONA|FWONB|FWONK|LMCA|LMCB|LMCK|LSXMA|LSXMB|LSXMK
BATRK1,FWONK LMCA LSXMK FWONA BATRK FWONB BATRA LMCK LMCB LSXMB BATRA1 LSXMA,BATRK1|FWONK LMCA LSXMK FWONA BATRK FWONB BATRA LMCK LMCB LSXMB BATRA1 LSXMA,BATRA|BATRA1|BATRK|BATRK1|FWONA|FWONB|FWONK|LMCA|LMCB|LMCK|LSXMA|LSXMB|LSXMK
BAXSQ,BAXS TSON,BAXS TSON|BAXSQ,BAXS|BAXSQ|TSON
BB,BBRY RIMM,BB|BBRY RIMM,BB|BBRY|RIMM
BBAI,GIGGU1 GIG GIGGU,BBAI|GIGGU1 GIG GIGGU,BBAI|GIG|GIGGU|GIGGU1
BBBY,BYON OSTK,BBBY|BYON OSTK,BBBY|BYON|OSTK
BBCP,INDUU INDU,BBCP|INDUU INDU,BBCP|INDU|INDUU
BBCZ,BBC BBOI,BBC BBOI|BBCZ,BBC|BBCZ|BBOI
BBDC,TCCA TCAP TCCB,BBDC|TCCA TCAP TCCB,BBDC|TCAP|TCCA|TCCB
BBEPP,BBEP BBEPQ,BBEP BBEPQ|BBEPP,BBEP|BBEPP|BBEPQ
BBEPQ,BBEPP BBEP,BBEPP BBEP|BBEPQ,BBEP|BBEPP|BBEPQ
BBIG,EDNT XSPL,BBIG|EDNT XSPL,BBIG|EDNT|XSPL
BBLN.WS,KURIW BBLN ARKIU KURIU KURI BBLNF,BBLN.WS|KURIW BBLN ARKIU KURIU KURI BBLNF,ARKIU|BBLN|BBLN.WS|BBLNF|KURI|KURIU|KURIW
BBLNF,KURIW BBLN BBLN.WS ARKIU KURIU KURI,BBLNF|KURIW BBLN BBLN.WS ARKIU KURIU KURI,ARKIU|BBLN|BBLN.WS|BBLNF|KURI|KURIU|KURIW
BBT-PD,TFC-PG BBT BBT-PF TFC-PI TFC-PO BBK BBT-PE BBT-PH TFC-PF BBTTL TFC TFC-PH BBT-PG TFC-PR,BBT-PD|TFC-PG BBT BBT-PF TFC-PI TFC-PO BBK BBT-PE BBT-PH TFC-PF BBTTL TFC TFC-PH BBT-PG TFC-PR,BBK|BBT|BBT-PD|BBT-PE|BBT-PF|BBT-PG|BBT-PH|BBTTL|TFC|TFC-PF|TFC-PG|TFC-PH|TFC-PI|TFC-PO|TFC-PR
BBT-PE,TFC-PG BBT BBT-PF TFC-PI TFC-PO BBK BBT-PH TFC-PF BBTTL TFC TFC-PH BBT-PG BBT-PD TFC-PR,BBT-PE|TFC-PG BBT BBT-PF TFC-PI TFC-PO BBK BBT-PH TFC-PF BBTTL TFC TFC-PH BBT-PG BBT-PD TFC-PR,BBK|BBT|BBT-PD|BBT-PE|BBT-PF|BBT-PG|BBT-PH|BBTTL|TFC|TFC-PF|TFC-PG|TFC-PH|TFC-PI|TFC-PO|TFC-PR
BBWI,LB LTD,BBWI|LB LTD,BBWI|LB|LTD
BC,BC-PA BC-PC BC-PB,BC|BC-PA BC-PC BC-PB,BC|BC-PA|BC-PB|BC-PC
BC-PA,BC-PC BC-PB BC,BC-PA|BC-PC BC-PB BC,BC|BC-PA|BC-PB|BC-PC
BC-PB,BC-PA BC-PC BC,BC-PA BC-PC BC|BC-PB,BC|BC-PA|BC-PB|BC-PC
BCACU,APGN BCAC BCACW APGNW,APGN BCAC BCACW APGNW|BCACU,APGN|APGNW|BCAC|BCACU|BCACW
BCAS,BCSR IMSI,BCAS|BCSR IMSI,BCAS|BCSR|IMSI
BCDA,CLIK CDOM BCDAW CKST,BCDA|CLIK CDOM BCDAW CKST,BCDA|BCDAW|CDOM|CKST|CLIK
BCDAW,BCDA CLIK CDOM CKST,BCDA CLIK CDOM CKST|BCDAW,BCDA|BCDAW|CDOM|CKST|CLIK
BCIC,KAP KCAP KCAPL PTMN,BCIC|KAP KCAP KCAPL PTMN,BCIC|KAP|KCAP|KCAPL|PTMN
BCO,PZM PZX PZB,BCO|PZM PZX PZB,BCO|PZB|PZM|PZX
BCOMF,SMLC BCOM,BCOMF|SMLC BCOM,BCOM|BCOMF|SMLC
BCS,BCS-P BCS-PC BCS-PA BBPDY BCS-PD,BCS|BCS-P BCS-PC BCS-PA BBPDY BCS-PD,BBPDY|BCS|BCS-P|BCS-PA|BCS-PC|BCS-PD
BCS-P,BCS-PC BCS-PA BCS BBPDY BCS-PD,BCS-P|BCS-PC BCS-PA BCS BBPDY BCS-PD,BBPDY|BCS|BCS-P|BCS-PA|BCS-PC|BCS-PD
BCS-PA,BCS-P BCS-PC BCS BBPDY BCS-PD,BCS-P BCS-PC BCS BBPDY BCS-PD|BCS-PA,BBPDY|BCS|BCS-P|BCS-PA|BCS-PC|BCS-PD
BCS-PC,BCS-P BCS-PA BCS BBPDY BCS-PD,BCS-P BCS-PA BCS BBPDY BCS-PD|BCS-PC,BBPDY|BCS|BCS-P|BCS-PA|BCS-PC|BCS-PD
BCS-PD,BCS-P BCS-PC BCS-PA BCS BBPDY,BCS-P BCS-PC BCS-PA BCS BBPDY|BCS-PD,BBPDY|BCS|BCS-P|BCS-PA|BCS-PC|BCS-PD
BCSA,BCSAU BCSAW,BCSA|BCSAU BCSAW,BCSA|BCSAU|BCSAW
BCSAU,BCSA BCSAW,BCSA BCSAW|BCSAU,BCSA|BCSAU|BCSAW
BCSAW,BCSAU BCSA,BCSAU BCSA|BCSAW,BCSA|BCSAU|BCSAW
BCTX,BCTXW BCTXF BCTXL,BCTX|BCTXW BCTXF BCTXL,BCTX|BCTXF|BCTXL|BCTXW
BCTXW,BCTXF BCTXL BCTX,BCTXF BCTXL BCTX|BCTXW,BCTX|BCTXF|BCTXL|BCTXW
BCYPU,BCYP SABS,BCYP SABS|BCYPU,BCYP|BCYPU|SABS
BDBD,SMBL BDSB,BDBD|SMBL BDSB,BDBD|BDSB|SMBL
BDC,CDT BDC-PB,BDC|CDT BDC-PB,BDC|BDC-PB|CDT
BDC-PB,CDT BDC,BDC-PB|CDT BDC,BDC|BDC-PB|CDT
BDG.A,BDG BDG1,BDG BDG1|BDG.A,BDG|BDG.A|BDG1
BDG1,BDG.A BDG,BDG.A BDG|BDG1,BDG|BDG.A|BDG1
BDLN,BDEI BDE,BDEI BDE|BDLN,BDE|BDEI|BDLN
BDLSQ,BDLS BND,BDLS BND|BDLSQ,BDLS|BDLSQ|BND
BDMD,XFINU XFIN,BDMD|XFINU XFIN,BDMD|XFIN|XFINU
BDX,BDXA BCTTP BDXB,BDX|BDXA BCTTP BDXB,BCTTP|BDX|BDXA|BDXB
BDXA,BCTTP BDXB BDX,BCTTP BDXB BDX|BDXA,BCTTP|BDX|BDXA|BDXB
BDXB,BDXA BCTTP BDX,BDXA BCTTP BDX|BDXB,BCTTP|BDX|BDXA|BDXB
BEAM2,BEAM FO,BEAM FO|BEAM2,BEAM|BEAM2|FO
BEEM,EVSI EVSIW BEEMW,BEEM|EVSI EVSIW BEEMW,BEEM|BEEMW|EVSI|EVSIW
BEEMW,EVSI BEEM EVSIW,BEEMW|EVSI BEEM EVSIW,BEEM|BEEMW|EVSI|EVSIW
BENE,BENEW BENEU BENER,BENE|BENEW BENEU BENER,BENE|BENER|BENEU|BENEW
BENER,BENE BENEW BENEU,BENE BENEW BENEU|BENER,BENE|BENER|BENEU|BENEW
BENEU,BENE BENEW BENER,BENE BENEW BENER|BENEU,BENE|BENER|BENEU|BENEW
BENEW,BENE BENEU BENER,BENE BENEU BENER|BENEW,BENE|BENER|BENEU|BENEW
BENF,AVAC AVACU,AVAC AVACU|BENF,AVAC|AVACU|BENF
BENGF,BNGXF BE,BENGF|BNGXF BE,BE|BENGF|BNGXF
BEP,BEP-PA BEPJ,BEP|BEP-PA BEPJ,BEP|BEP-PA|BEPJ
BEP-PA,BEPJ BEP,BEP-PA|BEPJ BEP,BEP|BEP-PA|BEPJ
BETR,AURC AURCU,AURC AURCU|BETR,AURC|AURCU|BETR
BETSF,CISAA DELT BETS CISAU MYT BTB,BETSF|CISAA DELT BETS CISAU MYT BTB,BETS|BETSF|BTB|CISAA|CISAU|DELT|MYT
BFAC.U,BFAC KIDZ BFACF,BFAC KIDZ BFACF|BFAC.U,BFAC|BFAC.U|BFACF|KIDZ
BFH,BFHIP BFH-PA ADS BRFNL BFH-PB,BFH|BFHIP BFH-PA ADS BRFNL BFH-PB,ADS|BFH|BFH-PA|BFH-PB|BFHIP|BRFNL
BFH-PA,BFHIP ADS BRFNL BFH BFH-PB,BFH-PA|BFHIP ADS BRFNL BFH BFH-PB,ADS|BFH|BFH-PA|BFH-PB|BFHIP|BRFNL
BFH-PB,BFHIP BFH-PA ADS BRFNL BFH,BFH-PB|BFHIP BFH-PA ADS BRFNL BFH,ADS|BFH|BFH-PA|BFH-PB|BFHIP|BRFNL
BFICQ,BFI OPES BFIIW OPESW OPESU,BFI OPES BFIIW OPESW OPESU|BFICQ,BFI|BFICQ|BFIIW|OPES|OPESU|OPESW
BFIIW,BFI OPES BFICQ OPESW OPESU,BFI OPES BFICQ OPESW OPESU|BFIIW,BFI|BFICQ|BFIIW|OPES|OPESU|OPESW
BFLY,LGVW.WS LGVW BFLY.WS LGVW.U,BFLY|LGVW.WS LGVW BFLY.WS LGVW.U,BFLY|BFLY.WS|LGVW|LGVW.U|LGVW.WS
BFLY.WS,LGVW.WS LGVW LGVW.U BFLY,BFLY.WS|LGVW.WS LGVW LGVW.U BFLY,BFLY|BFLY.WS|LGVW|LGVW.U|LGVW.WS
BFS,BFS-PA BFS-PD BFS-PE BFS-PC,BFS|BFS-PA BFS-PD BFS-PE BFS-PC,BFS|BFS-PA|BFS-PC|BFS-PD|BFS-PE
BFS-PA,BFS-PD BFS-PE BFS BFS-PC,BFS-PA|BFS-PD BFS-PE BFS BFS-PC,BFS|BFS-PA|BFS-PC|BFS-PD|BFS-PE
BFS-PC,BFS-PA BFS-PD BFS-PE BFS,BFS-PA BFS-PD BFS-PE BFS|BFS-PC,BFS|BFS-PA|BFS-PC|BFS-PD|BFS-PE
BFS-PD,BFS-PA BFS-PE BFS BFS-PC,BFS-PA BFS-PE BFS BFS-PC|BFS-PD,BFS|BFS-PA|BFS-PC|BFS-PD|BFS-PE
BFS-PE,BFS-PA BFS-PD BFS BFS-PC,BFS-PA BFS-PD BFS BFS-PC|BFS-PE,BFS|BFS-PA|BFS-PC|BFS-PD|BFS-PE
BFT.U,BFT.WS PSFE BFT PSFE.WS,BFT.U|BFT.WS PSFE BFT PSFE.WS,BFT|BFT.U|BFT.WS|PSFE|PSFE.WS
BFTH,BFIT BFT,BFIT BFT|BFTH,BFIT|BFT|BFTH
BFXXQ,NLS BFX,BFXXQ|NLS BFX,BFX|BFXXQ|NLS
BGC,BGCP BGCA ESPD,BGC|BGCP BGCA ESPD,BGC|BGCA|BGCP|ESPD
BGC2,BGC GCN,BGC GCN|BGC2,BGC|BGC2|GCN
BGDE,WIZP OPLI MIGI DCMG,BGDE|WIZP OPLI MIGI DCMG,BGDE|DCMG|MIGI|OPLI|WIZP
BGL,RCFUF RCFA RCFA.U RCFAF,BGL|RCFUF RCFA RCFA.U RCFAF,BGL|RCFA|RCFA.U|RCFAF|RCFUF
BGMS,XCYT BGMSP CYCC CYCCP,BGMS|XCYT BGMSP CYCC CYCCP,BGMS|BGMSP|CYCC|CYCCP|XCYT
BGMSP,XCYT BGMS CYCC CYCCP,BGMSP|XCYT BGMS CYCC CYCCP,BGMS|BGMSP|CYCC|CYCCP|XCYT
BGPTQ,BGPTE KCIN BGPT BE BRGP,BGPTE KCIN BGPT BE BRGP|BGPTQ,BE|BGPT|BGPTE|BGPTQ|BRGP|KCIN
BGRY,RAACU RAAC BGRYW RAACW,BGRY|RAACU RAAC BGRYW RAACW,BGRY|BGRYW|RAAC|RAACU|RAACW
BGRYW,RAACU RAAC BGRY RAACW,BGRYW|RAACU RAAC BGRY RAACW,BGRY|BGRYW|RAAC|RAACU|RAACW
BGSX,BGSX.U BGSX.WS,BGSX|BGSX.U BGSX.WS,BGSX|BGSX.U|BGSX.WS
BH,BH.A SNS COP,BH|BH.A SNS COP,BH|BH.A|COP|SNS
BH.A,BH SNS COP,BH SNS COP|BH.A,BH|BH.A|COP|SNS
BHACU,BHAC BHACW SAFX,BHAC BHACW SAFX|BHACU,BHAC|BHACU|BHACW|SAFX
BHACW,BHAC BHACU SAFX,BHAC BHACU SAFX|BHACW,BHAC|BHACU|BHACW|SAFX
BHBCQ,BHBC WSFG,BHBC WSFG|BHBCQ,BHBC|BHBCQ|WSFG
BHC,BVF VRX,BHC|BVF VRX,BHC|BVF|VRX
BHF,BHFAP BHFAM BHFAO BHFAN BHFAL,BHF|BHFAP BHFAM BHFAO BHFAN BHFAL,BHF|BHFAL|BHFAM|BHFAN|BHFAO|BHFAP
BHFAM,BHFAP BHF BHFAO BHFAN BHFAL,BHFAM|BHFAP BHF BHFAO BHFAN BHFAL,BHF|BHFAL|BHFAM|BHFAN|BHFAO|BHFAP
BHFAN,BHFAP BHFAM BHF BHFAO BHFAL,BHFAN|BHFAP BHFAM BHF BHFAO BHFAL,BHF|BHFAL|BHFAM|BHFAN|BHFAO|BHFAP
BHFAO,BHFAP BHFAM BHF BHFAN BHFAL,BHFAO|BHFAP BHFAM BHF BHFAN BHFAL,BHF|BHFAL|BHFAM|BHFAN|BHFAO|BHFAP
BHFAP,BHFAM BHF BHFAO BHFAN BHFAL,BHFAM BHF BHFAO BHFAN BHFAL|BHFAP,BHF|BHFAL|BHFAM|BHFAN|BHFAO|BHFAP
BHILQ,BHIL STPC STPC.U BHIL.WS STPC.WS BHILW,BHIL STPC STPC.U BHIL.WS STPC.WS BHILW|BHILQ,BHIL|BHIL.WS|BHILQ|BHILW|STPC|STPC.U|STPC.WS
BHILW,BHIL STPC STPC.U BHIL.WS STPC.WS BHILQ,BHIL STPC STPC.U BHIL.WS STPC.WS BHILQ|BHILW,BHIL|BHIL.WS|BHILQ|BHILW|STPC|STPC.U|STPC.WS
BHR,AHP BHR-PD BHR-PB,AHP BHR-PD BHR-PB|BHR,AHP|BHR|BHR-PB|BHR-PD
BHR-PB,AHP BHR-PD BHR,AHP BHR-PD BHR|BHR-PB,AHP|BHR|BHR-PB|BHR-PD
BHR-PD,AHP BHR-PB BHR,AHP BHR-PB BHR|BHR-PD,AHP|BHR|BHR-PB|BHR-PD
BHSEU,BHSE COEP ZSQR,BHSE COEP ZSQR|BHSEU,BHSE|BHSEU|COEP|ZSQR
BIGGQ,BLI BIG CNS,BIGGQ|BLI BIG CNS,BIG|BIGGQ|BLI|CNS
JUN.WS,JUN.U JUN,JUN.U JUN|JUN.WS,JUN|JUN.U|JUN.WS
BIMI,NFES NFEC,BIMI|NFES NFEC,BIMI|NFEC|NFES
BINDQ1,BIND BINDQ BSH,BIND BINDQ BSH|BINDQ1,BIND|BINDQ|BINDQ1|BSH
BINI,CAZA NETE CAZAU MULN,BINI|CAZA NETE CAZAU MULN,BINI|CAZA|CAZAU|MULN|NETE
BIOC1,BITI BIOC,BIOC1|BITI BIOC,BIOC|BIOC1|BITI
BIOS,BIOSW BIOSU,BIOS|BIOSW BIOSU,BIOS|BIOSU|BIOSW
BIOSU,BIOSW BIOS,BIOSU|BIOSW BIOS,BIOS|BIOSU|BIOSW
BIOSW,BIOS BIOSU,BIOS BIOSU|BIOSW,BIOS|BIOSU|BIOSW
BIOT1,BIOTW BIOTU BIOT,BIOT1|BIOTW BIOTU BIOT,BIOT|BIOT1|BIOTU|BIOTW
BIOTU,BIOTW BIOT1 BIOT,BIOTU|BIOTW BIOT1 BIOT,BIOT|BIOT1|BIOTU|BIOTW
BIOTW,BIOTU BIOT1 BIOT,BIOTU BIOT1 BIOT|BIOTW,BIOT|BIOT1|BIOTU|BIOTW
BIOX,LTN LTN.U,BIOX|LTN LTN.U,BIOX|LTN|LTN.U
BIP,BIPI BIP-PB BIP-PA BIPJ,BIP|BIPI BIP-PB BIP-PA BIPJ,BIP|BIP-PA|BIP-PB|BIPI|BIPJ
BIP-PA,BIPI BIP BIP-PB BIPJ,BIP-PA|BIPI BIP BIP-PB BIPJ,BIP|BIP-PA|BIP-PB|BIPI|BIPJ
BIP-PB,BIPI BIP BIP-PA BIPJ,BIP-PB|BIPI BIP BIP-PA BIPJ,BIP|BIP-PA|BIP-PB|BIPI|BIPJ
BIQIF,ABAC OINK BIQI,ABAC OINK BIQI|BIQIF,ABAC|BIQI|BIQIF|OINK
BITE.U,BITE ABVEF ABVE,BITE ABVEF ABVE|BITE.U,ABVE|ABVEF|BITE|BITE.U
BK-PC,BK BNY BK-PK BNY-PK,BK BNY BK-PK BNY-PK|BK-PC,BK|BK-PC|BK-PK|BNY|BNY-PK
BKD,BKDT BKDTU,BKD|BKDT BKDTU,BKD|BKDT|BKDTU
BKEP,SGLP BKEPP,BKEP|SGLP BKEPP,BKEP|BKEPP|SGLP
BKEPP,BKEP SGLP,BKEP SGLP|BKEPP,BKEP|BKEPP|SGLP
BKH,BKHU BKLLU,BKH|BKHU BKLLU,BKH|BKHU|BKLLU
BKHU,BKH BKLLU,BKH BKLLU|BKHU,BKH|BKHU|BKLLU
BKKT,VIHAU VIH,BKKT|VIHAU VIH,BKKT|VIH|VIHAU
BKSY,SFTW SFTW.U,BKSY|SFTW SFTW.U,BKSY|SFTW|SFTW.U
BKTI,RELM RWC,BKTI|RELM RWC,BKTI|RELM|RWC
BLACR,BLAC OSRH BLACU,BLAC OSRH BLACU|BLACR,BLAC|BLACR|BLACU|OSRH
BLACU,BLAC OSRH BLACR,BLAC OSRH BLACR|BLACU,BLAC|BLACR|BLACU|OSRH
BLBD,HCACU HCAC,BLBD|HCACU HCAC,BLBD|HCAC|HCACU
BLEU,BLEUU BLEUW BLEUR,BLEU|BLEUU BLEUW BLEUR,BLEU|BLEUR|BLEUU|BLEUW
BLGM,BLG BMCW BMHC,BLG BMCW BMHC|BLGM,BLG|BLGM|BMCW|BMHC
BLHI,MJET BLHL,BLHI|MJET BLHL,BLHI|BLHL|MJET
BLIAQ,BBI BBI.B BLOAQ BLOKB BLOBQ BLOKA BLIBQ,BBI BBI.B BLOAQ BLOKB BLOBQ BLOKA BLIBQ|BLIAQ,BBI|BBI.B|BLIAQ|BLIBQ|BLOAQ|BLOBQ|BLOKA|BLOKB
BLIBQ,BBI BBI.B BLIAQ BLOAQ BLOKB BLOBQ BLOKA,BBI BBI.B BLIAQ BLOAQ BLOKB BLOBQ BLOKA|BLIBQ,BBI|BBI.B|BLIAQ|BLIBQ|BLOAQ|BLOBQ|BLOKA|BLOKB
BLNE,EAST ESDI,BLNE|EAST ESDI,BLNE|EAST|ESDI
BLNG,BLNGW BLNGU,BLNG|BLNGW BLNGU,BLNG|BLNGU|BLNGW
BLNK,BLNKW CCGI,BLNK|BLNKW CCGI,BLNK|BLNKW|CCGI
BLNKW,BLNK CCGI,BLNK CCGI|BLNKW,BLNK|BLNKW|CCGI
BLTS,BLTSU BLTSW,BLTS|BLTSU BLTSW,BLTS|BLTSU|BLTSW
BLTSU,BLTSW BLTS,BLTSU|BLTSW BLTS,BLTS|BLTSU|BLTSW
BLTSW,BLTSU BLTS,BLTSU BLTS|BLTSW,BLTS|BLTSU|BLTSW
BLU,BLUS NRMX BLUSF,BLU|BLUS NRMX BLUSF,BLU|BLUS|BLUSF|NRMX
BLUA.U,BLUAF BLUAW BLUA.WS BLUA,BLUA.U|BLUAF BLUAW BLUA.WS BLUA,BLUA|BLUA.U|BLUA.WS|BLUAF|BLUAW
BLUAF,BLUA.U BLUAW BLUA.WS BLUA,BLUA.U BLUAW BLUA.WS BLUA|BLUAF,BLUA|BLUA.U|BLUA.WS|BLUAF|BLUAW
BLUAW,BLUA.U BLUAF BLUA.WS BLUA,BLUA.U BLUAF BLUA.WS BLUA|BLUAW,BLUA|BLUA.U|BLUA.WS|BLUAF|BLUAW
BLUWU1,CRXT BLUW CRXWQ BLUWW BLUWU CRXTW CRXTQ,BLUWU1|CRXT BLUW CRXWQ BLUWW BLUWU CRXTW CRXTQ,BLUW|BLUWU|BLUWU1|BLUWW|CRXT|CRXTQ|CRXTW|CRXWQ
BMAC,BMAC.U BMAC.WS,BMAC|BMAC.U BMAC.WS,BMAC|BMAC.U|BMAC.WS
BMAC.U,BMAC BMAC.WS,BMAC BMAC.WS|BMAC.U,BMAC|BMAC.U|BMAC.WS
BMAC.WS,BMAC BMAC.U,BMAC BMAC.U|BMAC.WS,BMAC|BMAC.U|BMAC.WS
BMAQ,BMAQW BMAQR BMAQU,BMAQ|BMAQW BMAQR BMAQU,BMAQ|BMAQR|BMAQU|BMAQW
BMAQR,BMAQW BMAQU BMAQ,BMAQR|BMAQW BMAQU BMAQ,BMAQ|BMAQR|BMAQU|BMAQW
BMAQU,BMAQW BMAQR BMAQ,BMAQU|BMAQW BMAQR BMAQ,BMAQ|BMAQR|BMAQU|BMAQW
BMAQW,BMAQR BMAQU BMAQ,BMAQR BMAQU BMAQ|BMAQW,BMAQ|BMAQR|BMAQU|BMAQW
KLAQW,KLAQ KLAQU,KLAQ KLAQU|KLAQW,KLAQ|KLAQU|KLAQW
BML-PG,BAC-PL NB BAC-PP BML-PH BAC-PZ BAC-PE DFF BML-PI BAC-PA BAC-PQ BAC-PI BAC MHM BAC-PK BAC-PB BAC-PM BAC-PC BAC-PY BML-PL BAC-PN BAC-PW BML-PJ BAC-PD BAC-PO BAC-PS,BAC-PL NB BAC-PP BML-PH BAC-PZ BAC-PE DFF BML-PI BAC-PA BAC-PQ BAC-PI BAC MHM BAC-PK BAC-PB BAC-PM BAC-PC BAC-PY BML-PL BAC-PN BAC-PW BML-PJ BAC-PD BAC-PO BAC-PS|BML-PG,BAC|BAC-PA|BAC-PB|BAC-PC|BAC-PD|BAC-PE|BAC-PI|BAC-PK|BAC-PL|BAC-PM|BAC-PN|BAC-PO|BAC-PP|BAC-PQ|BAC-PS|BAC-PW|BAC-PY|BAC-PZ|BML-PG|BML-PH|BML-PI|BML-PJ|BML-PL|DFF|MHM|NB
BML-PH,BAC-PL NB BAC-PP BAC-PZ BAC-PE DFF BML-PI BAC-PA BAC-PQ BAC-PI BAC MHM BAC-PK BAC-PB BAC-PM BAC-PC BAC-PY BML-PL BAC-PN BAC-PW BML-PJ BML-PG BAC-PD BAC-PO BAC-PS,BAC-PL NB BAC-PP BAC-PZ BAC-PE DFF BML-PI BAC-PA BAC-PQ BAC-PI BAC MHM BAC-PK BAC-PB BAC-PM BAC-PC BAC-PY BML-PL BAC-PN BAC-PW BML-PJ BML-PG BAC-PD BAC-PO BAC-PS|BML-PH,BAC|BAC-PA|BAC-PB|BAC-PC|BAC-PD|BAC-PE|BAC-PI|BAC-PK|BAC-PL|BAC-PM|BAC-PN|BAC-PO|BAC-PP|BAC-PQ|BAC-PS|BAC-PW|BAC-PY|BAC-PZ|BML-PG|BML-PH|BML-PI|BML-PJ|BML-PL|DFF|MHM|NB
BML-PI,BAC-PL NB BAC-PP BML-PH BAC-PZ BAC-PE DFF BAC-PA BAC-PQ BAC-PI BAC MHM BAC-PK BAC-PB BAC-PM BAC-PC BAC-PY BML-PL BAC-PN BAC-PW BML-PJ BML-PG BAC-PD BAC-PO BAC-PS,BAC-PL NB BAC-PP BML-PH BAC-PZ BAC-PE DFF BAC-PA BAC-PQ BAC-PI BAC MHM BAC-PK BAC-PB BAC-PM BAC-PC BAC-PY BML-PL BAC-PN BAC-PW BML-PJ BML-PG BAC-PD BAC-PO BAC-PS|BML-PI,BAC|BAC-PA|BAC-PB|BAC-PC|BAC-PD|BAC-PE|BAC-PI|BAC-PK|BAC-PL|BAC-PM|BAC-PN|BAC-PO|BAC-PP|BAC-PQ|BAC-PS|BAC-PW|BAC-PY|BAC-PZ|BML-PG|BML-PH|BML-PI|BML-PJ|BML-PL|DFF|MHM|NB
BML-PJ,BAC-PL NB BAC-PP BML-PH BAC-PZ BAC-PE DFF BML-PI BAC-PA BAC-PQ BAC-PI BAC MHM BAC-PK BAC-PB BAC-PM BAC-PC BAC-PY BML-PL BAC-PN BAC-PW BML-PG BAC-PD BAC-PO BAC-PS,BAC-PL NB BAC-PP BML-PH BAC-PZ BAC-PE DFF BML-PI BAC-PA BAC-PQ BAC-PI BAC MHM BAC-PK BAC-PB BAC-PM BAC-PC BAC-PY BML-PL BAC-PN BAC-PW BML-PG BAC-PD BAC-PO BAC-PS|BML-PJ,BAC|BAC-PA|BAC-PB|BAC-PC|BAC-PD|BAC-PE|BAC-PI|BAC-PK|BAC-PL|BAC-PM|BAC-PN|BAC-PO|BAC-PP|BAC-PQ|BAC-PS|BAC-PW|BAC-PY|BAC-PZ|BML-PG|BML-PH|BML-PI|BML-PJ|BML-PL|DFF|MHM|NB
BML-PL,BAC-PL NB BAC-PP BML-PH BAC-PZ BAC-PE DFF BML-PI BAC-PA BAC-PQ BAC-PI BAC MHM BAC-PK BAC-PB BAC-PM BAC-PC BAC-PY BAC-PN BAC-PW BML-PJ BML-PG BAC-PD BAC-PO BAC-PS,BAC-PL NB BAC-PP BML-PH BAC-PZ BAC-PE DFF BML-PI BAC-PA BAC-PQ BAC-PI BAC MHM BAC-PK BAC-PB BAC-PM BAC-PC BAC-PY BAC-PN BAC-PW BML-PJ BML-PG BAC-PD BAC-PO BAC-PS|BML-PL,BAC|BAC-PA|BAC-PB|BAC-PC|BAC-PD|BAC-PE|BAC-PI|BAC-PK|BAC-PL|BAC-PM|BAC-PN|BAC-PO|BAC-PP|BAC-PQ|BAC-PS|BAC-PW|BAC-PY|BAC-PZ|BML-PG|BML-PH|BML-PI|BML-PJ|BML-PL|DFF|MHM|NB
BMTX,BMTX.WS MFAC.WS MFAC MFAC.U,BMTX|BMTX.WS MFAC.WS MFAC MFAC.U,BMTX|BMTX.WS|MFAC|MFAC.U|MFAC.WS
BMTX.WS,BMTX MFAC.WS MFAC MFAC.U,BMTX MFAC.WS MFAC MFAC.U|BMTX.WS,BMTX|BMTX.WS|MFAC|MFAC.U|MFAC.WS
BN,BAM BNH EBC BNN BAMH,BAM BNH EBC BNN BAMH|BN,BAM|BAMH|BN|BNH|BNN|EBC
BNAI,DHCA DHCAU,BNAI|DHCA DHCAU,BNAI|DHCA|DHCAU
BNAUF,RBY RUBIF RBYCF,BNAUF|RBY RUBIF RBYCF,BNAUF|RBY|RBYCF|RUBIF
BNC,CEAD SRNA VAPE,BNC|CEAD SRNA VAPE,BNC|CEAD|SRNA|VAPE
BNGO,BNGOW BNGOU,BNGO|BNGOW BNGOU,BNGO|BNGOU|BNGOW
BNGOW,BNGO BNGOU,BNGO BNGOU|BNGOW,BNGO|BNGOU|BNGOW
BNIXR,BNIX VWAV BNIXU,BNIX VWAV BNIXU|BNIXR,BNIX|BNIXR|BNIXU|VWAV
BNIXU,BNIX VWAV BNIXR,BNIX VWAV BNIXR|BNIXU,BNIX|BNIXR|BNIXU|VWAV
BNK1,TDBN BNK,BNK1|TDBN BNK,BNK|BNK1|TDBN
BNK2,PHBK BNK BKNG,BNK2|PHBK BNK BKNG,BKNG|BNK|BNK2|PHBK
BNKK,JUPW SHOTW SHOT BNKKW JUPWW,BNKK|JUPW SHOTW SHOT BNKKW JUPWW,BNKK|BNKKW|JUPW|JUPWW|SHOT|SHOTW
BNKKW,JUPW SHOTW BNKK SHOT JUPWW,BNKKW|JUPW SHOTW BNKK SHOT JUPWW,BNKK|BNKKW|JUPW|JUPWW|SHOT|SHOTW
BNNR,BNNRW BNNRU,BNNR|BNNRW BNNRU,BNNR|BNNRU|BNNRW
BNNX,BNX IGPN,BNNX|BNX IGPN,BNNX|BNX|IGPN
BNRE.A,BAMR BNT BNRE,BAMR BNT BNRE|BNRE.A,BAMR|BNRE|BNRE.A|BNT
BNT,BAMR BNRE BNRE.A,BAMR BNRE BNRE.A|BNT,BAMR|BNRE|BNRE.A|BNT
BNVIQ,BNVI LTUP,BNVI LTUP|BNVIQ,BNVI|BNVIQ|LTUP
BNY,BK-PC BK BK-PK BNY-PK,BK-PC BK BK-PK BNY-PK|BNY,BK|BK-PC|BK-PK|BNY|BNY-PK
BNY-PK,BK-PC BK BNY BK-PK,BK-PC BK BNY BK-PK|BNY-PK,BK|BK-PC|BK-PK|BNY|BNY-PK
BNZI,VIIAU VII,BNZI|VIIAU VII,BNZI|VII|VIIAU
BOAC,BOAC.WS BOAC.U,BOAC|BOAC.WS BOAC.U,BOAC|BOAC.U|BOAC.WS
BOAC.U,BOAC.WS BOAC,BOAC.U|BOAC.WS BOAC,BOAC|BOAC.U|BOAC.WS
BOAC.WS,BOAC.U BOAC,BOAC.U BOAC|BOAC.WS,BOAC|BOAC.U|BOAC.WS
BOAS.U,SLNAW SLNAF BOAS BOAS.WS SLNA,BOAS.U|SLNAW SLNAF BOAS BOAS.WS SLNA,BOAS|BOAS.U|BOAS.WS|SLNA|SLNAF|SLNAW
BOCNU,BOCNW BOCN TNMG,BOCNU|BOCNW BOCN TNMG,BOCN|BOCNU|BOCNW|TNMG
BOCNW,BOCN BOCNU TNMG,BOCN BOCNU TNMG|BOCNW,BOCN|BOCNU|BOCNW|TNMG
BODI,FRX BODY BODY.WS FRX.WS FRX.U,BODI|FRX BODY BODY.WS FRX.WS FRX.U,BODI|BODY|BODY.WS|FRX|FRX.U|FRX.WS
BODY.WS,FRX BODY FRX.WS BODI FRX.U,BODY.WS|FRX BODY FRX.WS BODI FRX.U,BODI|BODY|BODY.WS|FRX|FRX.U|FRX.WS
BOH,BOH-PB BOH-PA,BOH|BOH-PB BOH-PA,BOH|BOH-PA|BOH-PB
BOH-PA,BOH-PB BOH,BOH-PA|BOH-PB BOH,BOH|BOH-PA|BOH-PB
BOH-PB,BOH BOH-PA,BOH BOH-PA|BOH-PB,BOH|BOH-PA|BOH-PB
BOLT1,BTJ BOLT,BOLT1|BTJ BOLT,BOLT|BOLT1|BTJ
BOUT1,MINE BOUT,BOUT1|MINE BOUT,BOUT|BOUT1|MINE
BOWL.WS,ISOS LUCK BOWL ISOS.WS ISOS.U,BOWL.WS|ISOS LUCK BOWL ISOS.WS ISOS.U,BOWL|BOWL.WS|ISOS|ISOS.U|ISOS.WS|LUCK
BOWN,BOWNU BOWNR,BOWN|BOWNU BOWNR,BOWN|BOWNR|BOWNU
BOWNR,BOWN BOWNU,BOWN BOWNU|BOWNR,BOWN|BOWNR|BOWNU
BOWNU,BOWN BOWNR,BOWN BOWNR|BOWNU,BOWN|BOWNR|BOWNU
BOWXU,BOWX WEWOW WE.WS BOWXW WE WEWKQ,BOWX WEWOW WE.WS BOWXW WE WEWKQ|BOWXU,BOWX|BOWXU|BOWXW|WE|WE.WS|WEWKQ|WEWOW
BOXDQ,BOXDW SVOK BOXD SVOKU BOXD.WS SVOKW,BOXDQ|BOXDW SVOK BOXD SVOKU BOXD.WS SVOKW,BOXD|BOXD.WS|BOXDQ|BOXDW|SVOK|SVOKU|SVOKW
BOXDW,SVOK BOXD SVOKU BOXDQ BOXD.WS SVOKW,BOXDW|SVOK BOXD SVOKU BOXDQ BOXD.WS SVOKW,BOXD|BOXD.WS|BOXDQ|BOXDW|SVOK|SVOKU|SVOKW
BPAC1,BPACW BPAC BPACU BPACU1,BPAC1|BPACW BPAC BPACU BPACU1,BPAC|BPAC1|BPACU|BPACU1|BPACW
BPACU1,BPACW BPAC BPAC1 BPACU,BPACU1|BPACW BPAC BPAC1 BPACU,BPAC|BPAC1|BPACU|BPACU1|BPACW
BPACW,BPAC BPAC1 BPACU BPACU1,BPAC BPAC1 BPACU BPACU1|BPACW,BPAC|BPAC1|BPACU|BPACU1|BPACW
BPFH,BPFHP BPFVL,BPFH|BPFHP BPFVL,BPFH|BPFHP|BPFVL
BPFHP,BPFH BPFVL,BPFH BPFVL|BPFHP,BPFH|BPFHP|BPFVL
BPIGF,BPG BPITF,BPG BPITF|BPIGF,BPG|BPIGF|BPITF
BPOM,RENG NGRU,BPOM|RENG NGRU,BPOM|NGRU|RENG
BPOP,BPOPN BPOPM,BPOP|BPOPN BPOPM,BPOP|BPOPM|BPOPN
BPY,BPYPP BPYPN BPYPM BPYPO,BPY|BPYPP BPYPN BPYPM BPYPO,BPY|BPYPM|BPYPN|BPYPO|BPYPP
BPYPM,BPYPP BPYPN BPY BPYPO,BPYPM|BPYPP BPYPN BPY BPYPO,BPY|BPYPM|BPYPN|BPYPO|BPYPP
BPYPN,BPYPP BPYPM BPY BPYPO,BPYPN|BPYPP BPYPM BPY BPYPO,BPY|BPYPM|BPYPN|BPYPO|BPYPP
BPYPO,BPYPP BPYPN BPYPM BPY,BPYPO|BPYPP BPYPN BPYPM BPY,BPY|BPYPM|BPYPN|BPYPO|BPYPP
BPYPP,BPYPN BPYPM BPY BPYPO,BPYPN BPYPM BPY BPYPO|BPYPP,BPY|BPYPM|BPYPN|BPYPO|BPYPP
BPYU,BPYUP BPRAP BPR,BPYU|BPYUP BPRAP BPR,BPR|BPRAP|BPYU|BPYUP
BPYUP,BPYU BPRAP BPR,BPYU BPRAP BPR|BPYUP,BPR|BPRAP|BPYU|BPYUP
BPZRQ,NVDC BPZ BPZI BPZR BZP,BPZRQ|NVDC BPZ BPZI BPZR BZP,BPZ|BPZI|BPZR|BPZRQ|BZP|NVDC
BRAC,BRACU BRACR,BRAC|BRACU BRACR,BRAC|BRACR|BRACU
BRACR,BRAC BRACU,BRAC BRACU|BRACR,BRAC|BRACR|BRACU
BRACU,BRAC BRACR,BRAC BRACR|BRACU,BRAC|BRACR|BRACU
BRCC,BRCC.WS SBEAU SBEA SBEAW,BRCC|BRCC.WS SBEAU SBEA SBEAW,BRCC|BRCC.WS|SBEA|SBEAU|SBEAW
BRCC.WS,SBEAU SBEA SBEAW BRCC,BRCC.WS|SBEAU SBEA SBEAW BRCC,BRCC|BRCC.WS|SBEA|SBEAU|SBEAW
BRCNF,BUR BUROF BRCN,BRCNF|BUR BUROF BRCN,BRCN|BRCNF|BUR|BUROF
BRD,BRD.U BRD.WS,BRD|BRD.U BRD.WS,BRD|BRD.U|BRD.WS
BRD.U,BRD BRD.WS,BRD BRD.WS|BRD.U,BRD|BRD.U|BRD.WS
BRD.WS,BRD BRD.U,BRD BRD.U|BRD.WS,BRD|BRD.U|BRD.WS
BRD2,BRD AGT,BRD AGT|BRD2,AGT|BRD|BRD2
BRDSQ,SWBK.U SWBK SWBK.WS BRDS BRDS.WS BRDSW,BRDSQ|SWBK.U SWBK SWBK.WS BRDS BRDS.WS BRDSW,BRDS|BRDS.WS|BRDSQ|BRDSW|SWBK|SWBK.U|SWBK.WS
BRDSW,BRDSQ SWBK.U SWBK SWBK.WS BRDS BRDS.WS,BRDSQ SWBK.U SWBK SWBK.WS BRDS BRDS.WS|BRDSW,BRDS|BRDS.WS|BRDSQ|BRDSW|SWBK|SWBK.U|SWBK.WS
BREW2,HOOK BREW,BREW2|HOOK BREW,BREW|BREW2|HOOK
BREZR,BREZU BRZH YDES BREZ,BREZR|BREZU BRZH YDES BREZ,BREZ|BREZR|BREZU|BRZH|YDES
BRG,BRG-PA BRG-PD BRG-PC,BRG|BRG-PA BRG-PD BRG-PC,BRG|BRG-PA|BRG-PC|BRG-PD
BRG-PA,BRG-PD BRG BRG-PC,BRG-PA|BRG-PD BRG BRG-PC,BRG|BRG-PA|BRG-PC|BRG-PD
BRG-PC,BRG-PA BRG-PD BRG,BRG-PA BRG-PD BRG|BRG-PC,BRG|BRG-PA|BRG-PC|BRG-PD
BRG-PD,BRG-PA BRG BRG-PC,BRG-PA BRG BRG-PC|BRG-PD,BRG|BRG-PA|BRG-PC|BRG-PD
BRIV,BRIVU BRIVW,BRIV|BRIVU BRIVW,BRIV|BRIVU|BRIVW
BRIVU,BRIV BRIVW,BRIV BRIVW|BRIVU,BRIV|BRIVU|BRIVW
BRIVW,BRIVU BRIV,BRIVU BRIV|BRIVW,BRIV|BRIVU|BRIVW
BRKC2,BPC BRKC,BPC BRKC|BRKC2,BPC|BRKC|BRKC2
BRKHU1,BRKHU BRKH BZAI,BRKHU BRKH BZAI|BRKHU1,BRKH|BRKHU|BRKHU1|BZAI
BRKR,BRKRP BRUKP,BRKR|BRKRP BRUKP,BRKR|BRKRP|BRUKP
BRKRP,BRUKP BRKR,BRKRP|BRUKP BRKR,BRKR|BRKRP|BRUKP
BRLGQ,BUR BRLG,BRLGQ|BUR BRLG,BRLG|BRLGQ|BUR
BRLIR,BRLI NUKK DFNS BRLIU,BRLI NUKK DFNS BRLIU|BRLIR,BRLI|BRLIR|BRLIU|DFNS|NUKK
BRLIU,BRLI BRLIR NUKK DFNS,BRLI BRLIR NUKK DFNS|BRLIU,BRLI|BRLIR|BRLIU|DFNS|NUKK
BRLS,OXUSU OXUS,BRLS|OXUSU OXUS,BRLS|OXUS|OXUSU
BRMK,BRMKW TMCXU TMCXW TMCX BRMK.WS,BRMK|BRMKW TMCXU TMCXW TMCX BRMK.WS,BRMK|BRMK.WS|BRMKW|TMCX|TMCXU|TMCXW
BRMKW,TMCXU BRMK TMCXW TMCX BRMK.WS,BRMKW|TMCXU BRMK TMCXW TMCX BRMK.WS,BRMK|BRMK.WS|BRMKW|TMCX|TMCXU|TMCXW
BROGF,TWLV BROGU BROG BROGW TWLVW TWLVU,BROGF|TWLV BROGU BROG BROGW TWLVW TWLVU,BROG|BROGF|BROGU|BROGW|TWLV|TWLVU|TWLVW
BROGU,TWLV BROG BROGF BROGW TWLVW TWLVU,BROGU|TWLV BROG BROGF BROGW TWLVW TWLVU,BROG|BROGF|BROGU|BROGW|TWLV|TWLVU|TWLVW
BROGW,TWLV BROGU BROG BROGF TWLVW TWLVU,BROGW|TWLV BROGU BROG BROGF TWLVW TWLVU,BROG|BROGF|BROGU|BROGW|TWLV|TWLVU|TWLVW
BRPAR,BRPA NRXP BRPAU,BRPA NRXP BRPAU|BRPAR,BRPA|BRPAR|BRPAU|NRXP
BRPAU,BRPAR BRPA NRXP,BRPAR BRPA NRXP|BRPAU,BRPA|BRPAR|BRPAU|NRXP
BRPMU,BRPMW BRPM FAZEW FAZE,BRPMU|BRPMW BRPM FAZEW FAZE,BRPM|BRPMU|BRPMW|FAZE|FAZEW
BRQSF,PAAC BRQS PAACU,BRQSF|PAAC BRQS PAACU,BRQS|BRQSF|PAAC|PAACU
BRR,CCCMU CCCM BRRWU,BRR|CCCMU CCCM BRRWU,BRR|BRRWU|CCCM|CCCMU
BRR2,ACRG BRR,ACRG BRR|BRR2,ACRG|BRR|BRR2
BRRWU,CCCMU CCCM BRR,BRRWU|CCCMU CCCM BRR,BRR|BRRWU|CCCM|CCCMU
BRSHF,BRSHW BRSH,BRSHF|BRSHW BRSH,BRSH|BRSHF|BRSHW
BRSHW,BRSH BRSHF,BRSH BRSHF|BRSHW,BRSH|BRSHF|BRSHW
BRSWQ,BRS OLG,BRS OLG|BRSWQ,BRS|BRSWQ|OLG
BRUN,WLACU WLAC,BRUN|WLACU WLAC,BRUN|WLAC|WLACU
BSAQ.U,VFS BSAQ,BSAQ.U|VFS BSAQ,BSAQ|BSAQ.U|VFS
BSGAR,BSGAU BSGA BTDR,BSGAR|BSGAU BSGA BTDR,BSGA|BSGAR|BSGAU|BTDR
BSGAU,BSGAR BSGA BTDR,BSGAR BSGA BTDR|BSGAU,BSGA|BSGAR|BSGAU|BTDR
BSIIU,TGE BSII,BSIIU|TGE BSII,BSII|BSIIU|TGE
BSKY,BSKYW BSKYU,BSKY|BSKYW BSKYU,BSKY|BSKYU|BSKYW
BSKYU,BSKYW BSKY,BSKYU|BSKYW BSKY,BSKY|BSKYU|BSKYW
BSKYW,BSKY BSKYU,BSKY BSKYU|BSKYW,BSKY|BSKYU|BSKYW
BSLK,GAMC GAMCU BSLKW GAMCW,BSLK|GAMC GAMCU BSLKW GAMCW,BSLK|BSLKW|GAMC|GAMCU|GAMCW
BSLKW,GAMC GAMCU GAMCW BSLK,BSLKW|GAMC GAMCU GAMCW BSLK,BSLK|BSLKW|GAMC|GAMCU|GAMCW
BSN.U,BSN EVTL BSN.WS EVTL.WS,BSN EVTL BSN.WS EVTL.WS|BSN.U,BSN|BSN.U|BSN.WS|EVTL|EVTL.WS
BSX,BSX-PA BSCFP,BSX|BSX-PA BSCFP,BSCFP|BSX|BSX-PA
BSX-PA,BSX BSCFP,BSX BSCFP|BSX-PA,BSCFP|BSX|BSX-PA
BTAQ,BTAQU BTAQW,BTAQ|BTAQU BTAQW,BTAQ|BTAQU|BTAQW
BTAQU,BTAQ BTAQW,BTAQ BTAQW|BTAQU,BTAQ|BTAQU|BTAQW
BTAQW,BTAQ BTAQU,BTAQ BTAQU|BTAQW,BTAQ|BTAQU|BTAQW
BTCT,MTXWF EDTXW METXW EDTX EDTXU METX BTCTW,BTCT|MTXWF EDTXW METXW EDTX EDTXU METX BTCTW,BTCT|BTCTW|EDTX|EDTXU|EDTXW|METX|METXW|MTXWF
BTCTW,MTXWF EDTXW BTCT METXW EDTX EDTXU METX,BTCTW|MTXWF EDTXW BTCT METXW EDTX EDTXU METX,BTCT|BTCTW|EDTX|EDTXU|EDTXW|METX|METXW|MTXWF
BTDR,BSGAU BSGAR BSGA,BSGAU BSGAR BSGA|BTDR,BSGA|BSGAR|BSGAU|BTDR
BTE,BTEGF BAYXF,BTE|BTEGF BAYXF,BAYXF|BTE|BTEGF
BTMCQ,GSRMR BTM GSRM GSRMU,BTMCQ|GSRMR BTM GSRM GSRMU,BTM|BTMCQ|GSRM|GSRMR|GSRMU
BTMD,HYACU BTMDW HYAC HYACW,BTMD|HYACU BTMDW HYAC HYACW,BTMD|BTMDW|HYAC|HYACU|HYACW
BTMDW,HYACU HYAC BTMD HYACW,BTMDW|HYACU HYAC BTMD HYACW,BTMD|BTMDW|HYAC|HYACU|HYACW
BTRS,SMMCU SMMC BTRSW SMMCW,BTRS|SMMCU SMMC BTRSW SMMCW,BTRS|BTRSW|SMMC|SMMCU|SMMCW
BTRSW,SMMCU SMMC BTRS SMMCW,BTRSW|SMMCU SMMC BTRS SMMCW,BTRS|BTRSW|SMMC|SMMCU|SMMCW
BTTGY,BT BTY,BT BTY|BTTGY,BT|BTTGY|BTY
BTTX,MCADU MCAD MCADR,BTTX|MCADU MCAD MCADR,BTTX|MCAD|MCADR|MCADU
BTU,BTU.W BTU-P,BTU|BTU.W BTU-P,BTU|BTU-P|BTU.W
BTU-P,BTU.W BTU,BTU-P|BTU.W BTU,BTU|BTU-P|BTU.W
BTWNU,MNY BTWN,BTWNU|MNY BTWN,BTWN|BTWNU|MNY
BUF,MNRD TACQ,BUF|MNRD TACQ,BUF|MNRD|TACQ
BUJAR,GIBO BUJAU BUJA,BUJAR|GIBO BUJAU BUJA,BUJA|BUJAR|BUJAU|GIBO
BUJAU,GIBO BUJAR BUJA,BUJAU|GIBO BUJAR BUJA,BUJA|BUJAR|BUJAU|GIBO
BULL,SKGR BULLZ SKGRU,BULL|SKGR BULLZ SKGRU,BULL|BULLZ|SKGR|SKGRU
BULLZ,SKGR BULL SKGRU,BULLZ|SKGR BULL SKGRU,BULL|BULLZ|SKGR|SKGRU
BURU,BURU.WS TWND.WS TWND.U TWND BURUW,BURU|BURU.WS TWND.WS TWND.U TWND BURUW,BURU|BURU.WS|BURUW|TWND|TWND.U|TWND.WS
BURUW,BURU BURU.WS TWND.WS TWND.U TWND,BURU BURU.WS TWND.WS TWND.U TWND|BURUW,BURU|BURU.WS|BURUW|TWND|TWND.U|TWND.WS
BVC,HYW STEC,BVC|HYW STEC,BVC|HYW|STEC
BVH,BFF BBX BFCF BBXT,BFF BBX BFCF BBXT|BVH,BBX|BBXT|BFCF|BFF|BVH
BW,BWNB BW-PA BWSN,BW|BWNB BW-PA BWSN,BW|BW-PA|BWNB|BWSN
BW-PA,BWNB BWSN BW,BW-PA|BWNB BWSN BW,BW|BW-PA|BWNB|BWSN
BWAC,BWACW BWACU,BWAC|BWACW BWACU,BWAC|BWACU|BWACW
BWACU,BWAC BWACW,BWAC BWACW|BWACU,BWAC|BWACU|BWACW
BWACW,BWAC BWACU,BWAC BWACU|BWACW,BWAC|BWACU|BWACW
BWAQR,BWAQU BWAQW TOYO BWAQ,BWAQR|BWAQU BWAQW TOYO BWAQ,BWAQ|BWAQR|BWAQU|BWAQW|TOYO
BWAQU,BWAQW BWAQR TOYO BWAQ,BWAQU|BWAQW BWAQR TOYO BWAQ,BWAQ|BWAQR|BWAQU|BWAQW|TOYO
BWAQW,BWAQU BWAQR TOYO BWAQ,BWAQU BWAQR TOYO BWAQ|BWAQW,BWAQ|BWAQR|BWAQU|BWAQW|TOYO
BWC,BWCAW BWCAU,BWC|BWCAW BWCAU,BWC|BWCAU|BWCAW
BWCAU,BWC BWCAW,BWC BWCAW|BWCAU,BWC|BWCAU|BWCAW
BWCAW,BWC BWCAU,BWC BWCAU|BWCAW,BWC|BWCAU|BWCAW
BWOWF,BWOW CFQCF,BWOW CFQCF|BWOWF,BWOW|BWOWF|CFQCF
BXEFF,BLLXF BXE,BLLXF BXE|BXEFF,BLLXF|BXE|BXEFF
BXXXQ,BXXX BXX,BXXX BXX|BXXXQ,BXX|BXXX|BXXXQ
BYI,ALLY AGI,ALLY AGI|BYI,AGI|ALLY|BYI
BYN.U,BYN PNST.WS BYN.WS PNST,BYN PNST.WS BYN.WS PNST|BYN.U,BYN|BYN.U|BYN.WS|PNST|PNST.WS
BYNDQ,BYND SWNT,BYND SWNT|BYNDQ,BYND|BYNDQ|SWNT
BYNO,BYNOU BYNOW,BYNO|BYNOU BYNOW,BYNO|BYNOU|BYNOW
BYNOU,BYNOW BYNO,BYNOU|BYNOW BYNO,BYNO|BYNOU|BYNOW
BYNOW,BYNOU BYNO,BYNOU BYNO|BYNOW,BYNO|BYNOU|BYNOW
BYTSU,AISP BYTS,AISP BYTS|BYTSU,AISP|BYTS|BYTSU
BYU,GLG CCCR,BYU|GLG CCCR,BYU|CCCR|GLG
BZAI,BRKHU1 BRKHU BRKH,BRKHU1 BRKHU BRKH|BZAI,BRKH|BRKHU|BRKHU1|BZAI
BZFD,ENFAU ENFA,BZFD|ENFAU ENFA,BZFD|ENFA|ENFAU
C,C-PJ C-PN TRV C-PS C-PK CCI C-PP C-PC C-PL C-PR,C|C-PJ C-PN TRV C-PS C-PK CCI C-PP C-PC C-PL C-PR,C|C-PC|C-PJ|C-PK|C-PL|C-PN|C-PP|C-PR|C-PS|CCI|TRV
C-PC,C-PJ C-PN TRV C-PS C-PK CCI C C-PP C-PL C-PR,C-PC|C-PJ C-PN TRV C-PS C-PK CCI C C-PP C-PL C-PR,C|C-PC|C-PJ|C-PK|C-PL|C-PN|C-PP|C-PR|C-PS|CCI|TRV
C-PJ,C-PN TRV C-PS C-PK CCI C C-PP C-PC C-PL C-PR,C-PJ|C-PN TRV C-PS C-PK CCI C C-PP C-PC C-PL C-PR,C|C-PC|C-PJ|C-PK|C-PL|C-PN|C-PP|C-PR|C-PS|CCI|TRV
C-PK,C-PJ C-PN TRV C-PS CCI C C-PP C-PC C-PL C-PR,C-PJ C-PN TRV C-PS CCI C C-PP C-PC C-PL C-PR|C-PK,C|C-PC|C-PJ|C-PK|C-PL|C-PN|C-PP|C-PR|C-PS|CCI|TRV
C-PL,C-PJ C-PN TRV C-PS C-PK CCI C C-PP C-PC C-PR,C-PJ C-PN TRV C-PS C-PK CCI C C-PP C-PC C-PR|C-PL,C|C-PC|C-PJ|C-PK|C-PL|C-PN|C-PP|C-PR|C-PS|CCI|TRV
C-PN,C-PJ TRV C-PS C-PK CCI C C-PP C-PC C-PL C-PR,C-PJ TRV C-PS C-PK CCI C C-PP C-PC C-PL C-PR|C-PN,C|C-PC|C-PJ|C-PK|C-PL|C-PN|C-PP|C-PR|C-PS|CCI|TRV
C-PP,C-PJ C-PN TRV C-PS C-PK CCI C C-PC C-PL C-PR,C-PJ C-PN TRV C-PS C-PK CCI C C-PC C-PL C-PR|C-PP,C|C-PC|C-PJ|C-PK|C-PL|C-PN|C-PP|C-PR|C-PS|CCI|TRV
C-PR,C-PJ C-PN TRV C-PS C-PK CCI C C-PP C-PC C-PL,C-PJ C-PN TRV C-PS C-PK CCI C C-PP C-PC C-PL|C-PR,C|C-PC|C-PJ|C-PK|C-PL|C-PN|C-PP|C-PR|C-PS|CCI|TRV
C-PS,C-PJ C-PN TRV C-PK CCI C C-PP C-PC C-PL C-PR,C-PJ C-PN TRV C-PK CCI C C-PP C-PC C-PL C-PR|C-PS,C|C-PC|C-PJ|C-PK|C-PL|C-PN|C-PP|C-PR|C-PS|CCI|TRV
CADE,BXS-PA BXS CADE-PA,BXS-PA BXS CADE-PA|CADE,BXS|BXS-PA|CADE|CADE-PA
CADE-PA,BXS-PA BXS CADE,BXS-PA BXS CADE|CADE-PA,BXS|BXS-PA|CADE|CADE-PA
CADE1,NBY CADE,CADE1|NBY CADE,CADE|CADE1|NBY
CADMQ,CRDM CADM,CADMQ|CRDM CADM,CADM|CADMQ|CRDM
CAHCU,LMDXF LMDX LMDXW CAHCW LMDWF CAHC,CAHCU|LMDXF LMDX LMDXW CAHCW LMDWF CAHC,CAHC|CAHCU|CAHCW|LMDWF|LMDX|LMDXF|LMDXW
CAI-PA,CAP CAI1 CAI CAI-PB,CAI-PA|CAP CAI1 CAI CAI-PB,CAI|CAI-PA|CAI-PB|CAI1|CAP
CAI-PB,CAP CAI1 CAI-PA CAI,CAI-PB|CAP CAI1 CAI-PA CAI,CAI|CAI-PA|CAI-PB|CAI1|CAP
CAI1,CAP CAI-PA CAI CAI-PB,CAI1|CAP CAI-PA CAI CAI-PB,CAI|CAI-PA|CAI-PB|CAI1|CAP
CAL.A,CAL CAL1,CAL CAL1|CAL.A,CAL|CAL.A|CAL1
CAL1,CAL.A CAL,CAL.A CAL|CAL1,CAL|CAL.A|CAL1
CALIQ,FIDM CALG CALI,CALIQ|FIDM CALG CALI,CALG|CALI|CALIQ|FIDM
CALY,ELY MODG,CALY|ELY MODG,CALY|ELY|MODG
CAM2,CAM RON,CAM RON|CAM2,CAM|CAM2|RON
CANO.WS,CANOQ JWS.U CANO JWS JWS.WS,CANO.WS|CANOQ JWS.U CANO JWS JWS.WS,CANO|CANO.WS|CANOQ|JWS|JWS.U|JWS.WS
CANOQ,JWS.U CANO.WS CANO JWS JWS.WS,CANOQ|JWS.U CANO.WS CANO JWS JWS.WS,CANO|CANO.WS|CANOQ|JWS|JWS.U|JWS.WS
CANOQ1,CANOQ CANO CFW CAOP,CANOQ CANO CFW CAOP|CANOQ1,CANO|CANOQ|CANOQ1|CAOP|CFW
CANR1,CANR NSSI,CANR NSSI|CANR1,CANR|CANR1|NSSI
CANRQ,CANR CNR GUSH,CANR CNR GUSH|CANRQ,CANR|CANRQ|CNR|GUSH
CAP.U,DOMA CAP CAP.WS DOMAW DOMA.WS,CAP.U|DOMA CAP CAP.WS DOMAW DOMA.WS,CAP|CAP.U|CAP.WS|DOMA|DOMA.WS|DOMAW
CAPAU,CAPA QSI,CAPA QSI|CAPAU,CAPA|CAPAU|QSI
CAPEQ,BKWW CAPE,BKWW CAPE|CAPEQ,BKWW|CAPE|CAPEQ
CAPI,CAPS CAPR,CAPI|CAPS CAPR,CAPI|CAPR|CAPS
CAPS3,OLGC CAPS,CAPS3|OLGC CAPS,CAPS|CAPS3|OLGC
CARM,EBIO SESN,CARM|EBIO SESN,CARM|EBIO|SESN
CAS.U,CAS CAS1 CAS.WS,CAS CAS1 CAS.WS|CAS.U,CAS|CAS.U|CAS.WS|CAS1
CAS.WS,CAS CAS1 CAS.U,CAS CAS1 CAS.U|CAS.WS,CAS|CAS.U|CAS.WS|CAS1
CAS1,CAS CAS.U CAS.WS,CAS CAS.U CAS.WS|CAS1,CAS|CAS.U|CAS.WS|CAS1
CASC,ONTY BIOM,CASC|ONTY BIOM,BIOM|CASC|ONTY
CASC1,CASC CAE,CASC CAE|CASC1,CAE|CASC|CASC1
CASI1,CSA CASI,CASI1|CSA CASI,CASI|CASI1|CSA
CASLQ,CAS CASL,CAS CASL|CASLQ,CAS|CASL|CASLQ
CAST2,CEUC GWAQU CAST GWAQ,CAST2|CEUC GWAQU CAST GWAQ,CAST|CAST2|CEUC|GWAQ|GWAQU
CATO,CACOA CTR,CACOA CTR|CATO,CACOA|CATO|CTR
CATX,ISRY ISR,CATX|ISRY ISR,CATX|ISR|ISRY
CAUD,ASPAU ASPAW ASPA,ASPAU ASPAW ASPA|CAUD,ASPA|ASPAU|ASPAW|CAUD
CBAH.U,CBAH AMPS.WS AMPS CBAH.WS,CBAH AMPS.WS AMPS CBAH.WS|CBAH.U,AMPS|AMPS.WS|CBAH|CBAH.U|CBAH.WS
CBAT,CBAK CBBT,CBAK CBBT|CBAT,CBAK|CBAT|CBBT
CBB,BRW CBB-PB,BRW CBB-PB|CBB,BRW|CBB|CBB-PB
CBB-PB,CBB BRW,CBB BRW|CBB-PB,BRW|CBB|CBB-PB
CBCRQ,CBCL CBC CBCR,CBCL CBC CBCR|CBCRQ,CBC|CBCL|CBCR|CBCRQ
CBKCQ,CBKC CHBS CBK BFCI,CBKC CHBS CBK BFCI|CBKCQ,BFCI|CBK|CBKC|CBKCQ|CHBS
CBL-PD,CBLAQ CBL-PE CBL,CBL-PD|CBLAQ CBL-PE CBL,CBL|CBL-PD|CBL-PE|CBLAQ
CBL-PE,CBLAQ CBL CBL-PD,CBL-PE|CBLAQ CBL CBL-PD,CBL|CBL-PD|CBL-PE|CBLAQ
CBLAQ,CBL-PE CBL CBL-PD,CBL-PE CBL CBL-PD|CBLAQ,CBL|CBL-PD|CBL-PE|CBLAQ
CBMC,CALY CYPT HIV,CALY CYPT HIV|CBMC,CALY|CBMC|CYPT|HIV
CBNRQ,QBIK QBC CBNR,CBNRQ|QBIK QBC CBNR,CBNR|CBNRQ|QBC|QBIK
CBPI,RHGP CBP,CBPI|RHGP CBP,CBP|CBPI|RHGP
CBRGU,CBRGW CBRG CBRRF,CBRGU|CBRGW CBRG CBRRF,CBRG|CBRGU|CBRGW|CBRRF
CBRGW,CBRG CBRRF CBRGU,CBRG CBRRF CBRGU|CBRGW,CBRG|CBRGU|CBRGW|CBRRF
CBRI,CBRIQ CBR,CBRI|CBRIQ CBR,CBR|CBRI|CBRIQ
CBRRF,CBRGW CBRG CBRGU,CBRGW CBRG CBRGU|CBRRF,CBRG|CBRGU|CBRGW|CBRRF
CBZ1,CBZ UWZ,CBZ UWZ|CBZ1,CBZ|CBZ1|UWZ
CCAC.U,CCAC.WS QNGYW QNGYQ QNGY.WS QNGWQ CCAC QNGY,CCAC.U|CCAC.WS QNGYW QNGYQ QNGY.WS QNGWQ CCAC QNGY,CCAC|CCAC.U|CCAC.WS|QNGWQ|QNGY|QNGY.WS|QNGYQ|QNGYW
CCAI,CCAIU CCAIW,CCAI|CCAIU CCAIW,CCAI|CCAIU|CCAIW
CCAIU,CCAI CCAIW,CCAI CCAIW|CCAIU,CCAI|CCAIU|CCAIW
CCAQ,IPOD CCAQU IPODU,CCAQ|IPOD CCAQU IPODU,CCAQ|CCAQU|IPOD|IPODU
CCAQU,IPOD IPODU CCAQ,CCAQU|IPOD IPODU CCAQ,CCAQ|CCAQU|IPOD|IPODU
CCC,DGNR DGNR.U CCCS.WS DGNR.WS CCCS,CCC|DGNR DGNR.U CCCS.WS DGNR.WS CCCS,CCC|CCCS|CCCS.WS|DGNR|DGNR.U|DGNR.WS
CCCS.WS,DGNR DGNR.U CCC DGNR.WS CCCS,CCCS.WS|DGNR DGNR.U CCC DGNR.WS CCCS,CCC|CCCS|CCCS.WS|DGNR|DGNR.U|DGNR.WS
CCCXU,INFQ CCCX,CCCXU|INFQ CCCX,CCCX|CCCXU|INFQ
CCG-PA,CCG2 CCG,CCG-PA|CCG2 CCG,CCG|CCG-PA|CCG2
CCG2,CCG CCG-PA,CCG CCG-PA|CCG2,CCG|CCG-PA|CCG2
CCGM,RCH CAEI,CCGM|RCH CAEI,CAEI|CCGM|RCH
CCI,CRRWP CCI-PA TWRS,CCI|CRRWP CCI-PA TWRS,CCI|CCI-PA|CRRWP|TWRS
CCI-PA,CRRWP CCI TWRS,CCI-PA|CRRWP CCI TWRS,CCI|CCI-PA|CRRWP|TWRS
CCIRU,CCIR KYIV,CCIR KYIV|CCIRU,CCIR|CCIRU|KYIV
CCIV.U,LCID CCIV.WS CCIV LCIDW,CCIV.U|LCID CCIV.WS CCIV LCIDW,CCIV|CCIV.U|CCIV.WS|LCID|LCIDW
CCL,POC CUK,CCL|POC CUK,CCL|CUK|POC
CCLD,MTBCP MTBCO CCLDO CCLDP MTBC,CCLD|MTBCP MTBCO CCLDO CCLDP MTBC,CCLD|CCLDO|CCLDP|MTBC|MTBCO|MTBCP
CCLDO,CCLD MTBCP MTBCO CCLDP MTBC,CCLD MTBCP MTBCO CCLDP MTBC|CCLDO,CCLD|CCLDO|CCLDP|MTBC|MTBCO|MTBCP
CCLDP,CCLD MTBCO MTBCP CCLDO MTBC,CCLD MTBCO MTBCP CCLDO MTBC|CCLDP,CCLD|CCLDO|CCLDP|MTBC|MTBCO|MTBCP
CCME,TMI TMI.U,CCME|TMI TMI.U,CCME|TMI|TMI.U
CCN,FNTC FNTCU,CCN|FNTC FNTCU,CCN|FNTC|FNTCU
CCTSF,CCTSU CCTSW CCTS,CCTSF|CCTSU CCTSW CCTS,CCTS|CCTSF|CCTSU|CCTSW
CCTSU,CCTSW CCTS CCTSF,CCTSU|CCTSW CCTS CCTSF,CCTS|CCTSF|CCTSU|CCTSW
CCTSW,CCTSU CCTS CCTSF,CCTSU CCTS CCTSF|CCTSW,CCTS|CCTSF|CCTSU|CCTSW
CCV,CCV.U CCV.WS,CCV|CCV.U CCV.WS,CCV|CCV.U|CCV.WS
CCV.U,CCV CCV.WS,CCV CCV.WS|CCV.U,CCV|CCV.U|CCV.WS
CCV.WS,CCV.U CCV,CCV.U CCV|CCV.WS,CCV|CCV.U|CCV.WS
CCVI,CCVI.U CCVI.WS,CCVI|CCVI.U CCVI.WS,CCVI|CCVI.U|CCVI.WS
CCVI.U,CCVI.WS CCVI,CCVI.U|CCVI.WS CCVI,CCVI|CCVI.U|CCVI.WS
CCVI.WS,CCVI.U CCVI,CCVI.U CCVI|CCVI.WS,CCVI|CCVI.U|CCVI.WS
CCX.U,SKILW CCX CCX.WS SKIL.WS SKIL,CCX.U|SKILW CCX CCX.WS SKIL.WS SKIL,CCX|CCX.U|CCX.WS|SKIL|SKIL.WS|SKILW
CD,JMU MFH WOWO,CD|JMU MFH WOWO,CD|JMU|MFH|WOWO
CDAQ,CDAQW CDAQU,CDAQ|CDAQW CDAQU,CDAQ|CDAQU|CDAQW
CDAQU,CDAQW CDAQ,CDAQU|CDAQW CDAQ,CDAQ|CDAQU|CDAQW
CDAQW,CDAQU CDAQ,CDAQU CDAQ|CDAQW,CDAQ|CDAQU|CDAQW
CDIIQ,CDII CHND EVLO CDS,CDII CHND EVLO CDS|CDIIQ,CDII|CDIIQ|CDS|CHND|EVLO
CDIO,MAAQR MAAQU MAAQ,CDIO|MAAQR MAAQU MAAQ,CDIO|MAAQ|MAAQR|MAAQU
CDMO,CDMOP PPHM,CDMO|CDMOP PPHM,CDMO|CDMOP|PPHM
CDMOP,CDMO PPHM,CDMO PPHM|CDMOP,CDMO|CDMOP|PPHM
CDOR,SPPR HUMP CDORO CDORP,CDOR|SPPR HUMP CDORO CDORP,CDOR|CDORO|CDORP|HUMP|SPPR
CDORO,SPPR CDOR HUMP CDORP,CDORO|SPPR CDOR HUMP CDORP,CDOR|CDORO|CDORP|HUMP|SPPR
CDORP,SPPR CDOR HUMP CDORO,CDORP|SPPR CDOR HUMP CDORO,CDOR|CDORO|CDORP|HUMP|SPPR
CDP,OFC-PL OFC,CDP|OFC-PL OFC,CDP|OFC|OFC-PL
CDR,CDR-PC CDR-PB,CDR|CDR-PC CDR-PB,CDR|CDR-PB|CDR-PC
CDR-PB,CDR CDR-PC,CDR CDR-PC|CDR-PB,CDR|CDR-PB|CDR-PC
CDR-PC,CDR CDR-PB,CDR CDR-PB|CDR-PC,CDR|CDR-PB|CDR-PC
CDRO,DDMXU DDMX,CDRO|DDMXU DDMX,CDRO|DDMX|DDMXU
CDS2,CDS CDS.U,CDS CDS.U|CDS2,CDS|CDS.U|CDS2
CDSCY,CBY CSG,CBY CSG|CDSCY,CBY|CDSCY|CSG
CDT,MURFU MURF,CDT|MURFU MURF,CDT|MURF|MURFU
CDVIQ,DVR CDVI,CDVIQ|DVR CDVI,CDVI|CDVIQ|DVR
CDYCF,CDY CUEAF,CDY CUEAF|CDYCF,CDY|CDYCF|CUEAF
CE1,CEFT CE,CE1|CEFT CE,CE|CE1|CEFT
CEAI,CEUA CEU,CEAI|CEUA CEU,CEAI|CEU|CEUA
CEG1,BGE CEG,BGE CEG|CEG1,BGE|CEG|CEG1
CEIN,LEI CEI,CEIN|LEI CEI,CEI|CEIN|LEI
CEREW,ARYBU ARYBW ARYB CERE,ARYBU ARYBW ARYB CERE|CEREW,ARYB|ARYBU|ARYBW|CERE|CEREW
CELU,GXGX GXGXU,CELU|GXGX GXGXU,CELU|GXGX|GXGXU
CEMJQ,CK CEM,CEMJQ|CK CEM,CEM|CEMJQ|CK
CENHU,ARQQ CENH,ARQQ CENH|CENHU,ARQQ|CENH|CENHU
CENQU,VGAS CENQ,CENQU|VGAS CENQ,CENQ|CENQU|VGAS
CEQP,CEQP-P NRGY,CEQP|CEQP-P NRGY,CEQP|CEQP-P|NRGY
CEQP-P,NRGY CEQP,CEQP-P|NRGY CEQP,CEQP|CEQP-P|NRGY
CERE,ARYBU ARYBW ARYB CEREW,ARYBU ARYBW ARYB CEREW|CERE,ARYB|ARYBU|ARYBW|CERE|CEREW
CERO,PBAXW PBAXU PBAX CEROW,CERO|PBAXW PBAXU PBAX CEROW,CERO|CEROW|PBAX|PBAXU|PBAXW
CERO1,CERO PSWT,CERO PSWT|CERO1,CERO|CERO1|PSWT
CEROW,PBAXW PBAXU PBAX CERO,CEROW|PBAXW PBAXU PBAX CERO,CERO|CEROW|PBAX|PBAXU|PBAXW
CETUR,CETU CETUU MKDW,CETU CETUU MKDW|CETUR,CETU|CETUR|CETUU|MKDW
CETUU,CETU CETUR MKDW,CETU CETUR MKDW|CETUU,CETU|CETUR|CETUU|MKDW
CETX,CETXP CETXW CTEI CTEX,CETX|CETXP CETXW CTEI CTEX,CETX|CETXP|CETXW|CTEI|CTEX
CETXP,CETXW CTEI CTEX CETX,CETXP|CETXW CTEI CTEX CETX,CETX|CETXP|CETXW|CTEI|CTEX
CETXW,CETXP CTEI CTEX CETX,CETXP CTEI CTEX CETX|CETXW,CETX|CETXP|CETXW|CTEI|CTEX
CEXP,CANX CANXA AB,CANX CANXA AB|CEXP,AB|CANX|CANXA|CEXP
CF1,CF COFI,CF COFI|CF1,CF|CF1|COFI
CFACU,CFAC LIDR,CFAC LIDR|CFACU,CFAC|CFACU|LIDR
CFC,CFC-PA CFC-PB,CFC|CFC-PA CFC-PB,CFC|CFC-PA|CFC-PB
CFC-PA,CFC CFC-PB,CFC CFC-PB|CFC-PA,CFC|CFC-PA|CFC-PB
CFC-PB,CFC-PA CFC,CFC-PA CFC|CFC-PB,CFC|CFC-PA|CFC-PB
CFCB,TRUE UBCD,CFCB|TRUE UBCD,CFCB|TRUE|UBCD
CFFEU,CFFE XBP,CFFE XBP|CFFEU,CFFE|CFFEU|XBP
CFFS,CFFSW CFFSU,CFFS|CFFSW CFFSU,CFFS|CFFSU|CFFSW
CFFSU,CFFS CFFSW,CFFS CFFSW|CFFSU,CFFS|CFFSU|CFFSW
CFFSW,CFFS CFFSU,CFFS CFFSU|CFFSW,CFFS|CFFSU|CFFSW
CFFVU,CFV SATL,CFFVU|CFV SATL,CFFVU|CFV|SATL
CFG,CFG-PI CFG-PD CFG-PE CFG-PH,CFG|CFG-PI CFG-PD CFG-PE CFG-PH,CFG|CFG-PD|CFG-PE|CFG-PH|CFG-PI
CFG-PD,CFG-PI CFG CFG-PE CFG-PH,CFG-PD|CFG-PI CFG CFG-PE CFG-PH,CFG|CFG-PD|CFG-PE|CFG-PH|CFG-PI
CFG-PE,CFG-PI CFG-PD CFG CFG-PH,CFG-PE|CFG-PI CFG-PD CFG CFG-PH,CFG|CFG-PD|CFG-PE|CFG-PH|CFG-PI
CFG-PH,CFG-PI CFG-PD CFG CFG-PE,CFG-PH|CFG-PI CFG-PD CFG CFG-PE,CFG|CFG-PD|CFG-PE|CFG-PH|CFG-PI
CFG-PI,CFG-PD CFG CFG-PE CFG-PH,CFG-PD CFG CFG-PE CFG-PH|CFG-PI,CFG|CFG-PD|CFG-PE|CFG-PH|CFG-PI
CFIIU,CFIIW CFII VIWWQ VIEWW VIEW VIEWQ,CFIIU|CFIIW CFII VIWWQ VIEWW VIEW VIEWQ,CFII|CFIIU|CFIIW|VIEW|VIEWQ|VIEWW|VIWWQ
CFIV,CFIVU CFIVW,CFIV|CFIVU CFIVW,CFIV|CFIVU|CFIVW
CFIVU,CFIV CFIVW,CFIV CFIVW|CFIVU,CFIV|CFIVU|CFIVW
CFIVW,CFIV CFIVU,CFIV CFIVU|CFIVW,CFIV|CFIVU|CFIVW
CFR,CFR-PA CFR-PB,CFR|CFR-PA CFR-PB,CFR|CFR-PA|CFR-PB
CFR-PA,CFR CFR-PB,CFR CFR-PB|CFR-PA,CFR|CFR-PA|CFR-PB
CFR-PB,CFR CFR-PA,CFR CFR-PA|CFR-PB,CFR|CFR-PA|CFR-PB
CFRXQ,CFRXU CFRX,CFRXQ|CFRXU CFRX,CFRX|CFRXQ|CFRXU
CFSB2,CFSB CBK,CFSB CBK|CFSB2,CBK|CFSB|CFSB2
CFVIU,RUM CFVI,CFVIU|RUM CFVI,CFVI|CFVIU|RUM
CFXA,CFX CFXUU ENOV,CFX CFXUU ENOV|CFXA,CFX|CFXA|CFXUU|ENOV
CG,TCGP CGABL,CG|TCGP CGABL,CG|CGABL|TCGP
CGBS,CHAA.WS CGBSW CHAAW CHAA CHAA.U,CGBS|CHAA.WS CGBSW CHAAW CHAA CHAA.U,CGBS|CGBSW|CHAA|CHAA.U|CHAA.WS|CHAAW
CGBSW,CHAA.WS CHAAW CGBS CHAA CHAA.U,CGBSW|CHAA.WS CHAAW CGBS CHAA CHAA.U,CGBS|CGBSW|CHAA|CHAA.U|CHAA.WS|CHAAW
CGC2,LMMI CGC CGLD,CGC2|LMMI CGC CGLD,CGC|CGC2|CGLD|LMMI
CGCP2,ESTI CGCP,CGCP2|ESTI CGCP,CGCP|CGCP2|ESTI
CGCTU,CGCT FAC,CGCT FAC|CGCTU,CGCT|CGCTU|FAC
CGGYY,GGY CGV CGG,CGGYY|GGY CGV CGG,CGG|CGGYY|CGV|GGY
CGIP,CGI CLDN CGIPQ,CGI CLDN CGIPQ|CGIP,CGI|CGIP|CGIPQ|CLDN
CGNT1,CGNT VSCI,CGNT VSCI|CGNT1,CGNT|CGNT1|VSCI
CGRNQ,CPST CGRN,CGRNQ|CPST CGRN,CGRN|CGRNQ|CPST
CGROU,INVZ CGRO,CGROU|INVZ CGRO,CGRO|CGROU|INVZ
CHAA.U,CHAA.WS CGBSW CHAAW CGBS CHAA,CHAA.U|CHAA.WS CGBSW CHAAW CGBS CHAA,CGBS|CGBSW|CHAA|CHAA.U|CHAA.WS|CHAAW
CHAAW,CHAA.WS CGBSW CGBS CHAA CHAA.U,CHAA.WS CGBSW CGBS CHAA CHAA.U|CHAAW,CGBS|CGBSW|CHAA|CHAA.U|CHAA.WS|CHAAW
CHACU,XNDU CHAC,CHACU|XNDU CHAC,CHAC|CHACU|XNDU
CHADQ,CHAD CTU,CHAD CTU|CHADQ,CHAD|CHADQ|CTU
CHAI,SYTA SYTAW,CHAI|SYTA SYTAW,CHAI|SYTA|SYTAW
CHAPQ,CHPE CHAP,CHAPQ|CHPE CHAP,CHAP|CHAPQ|CHPE
CHAQ.U,CHAQ RCOR RCOR.WS CHAQ.WS,CHAQ RCOR RCOR.WS CHAQ.WS|CHAQ.U,CHAQ|CHAQ.U|CHAQ.WS|RCOR|RCOR.WS
CHEAU,CHEA SELX CHEAW SELXF,CHEA SELX CHEAW SELXF|CHEAU,CHEA|CHEAU|CHEAW|SELX|SELXF
CHEAW,CHEA SELX CHEAU SELXF,CHEA SELX CHEAU SELXF|CHEAW,CHEA|CHEAU|CHEAW|SELX|SELXF
CHEB.U,PLBL CHEB CHEB.WS,CHEB.U|PLBL CHEB CHEB.WS,CHEB|CHEB.U|CHEB.WS|PLBL
CHEB.WS,PLBL CHEB CHEB.U,CHEB.WS|PLBL CHEB CHEB.U,CHEB|CHEB.U|CHEB.WS|PLBL
CHEKZ,MBAI CHEK,CHEKZ|MBAI CHEK,CHEK|CHEKZ|MBAI
CHER,CHERB CHERA,CHER|CHERB CHERA,CHER|CHERA|CHERB
CHERA,CHERB CHER,CHERA|CHERB CHER,CHER|CHERA|CHERB
CHFW.U,SRZN CHFW,CHFW.U|SRZN CHFW,CHFW|CHFW.U|SRZN
CHG2,CHG CNH,CHG CNH|CHG2,CHG|CHG2|CNH
CHGA,AVCO ALBT,AVCO ALBT|CHGA,ALBT|AVCO|CHGA
CHKAQ,CHK-PD CHK CHKLQ,CHK-PD CHK CHKLQ|CHKAQ,CHK|CHK-PD|CHKAQ|CHKLQ
CHKLQ,CHK-PD CHKAQ CHK,CHK-PD CHKAQ CHK|CHKLQ,CHK|CHK-PD|CHKAQ|CHKLQ
CHMI,CHMI-PB CHMI-PA,CHMI|CHMI-PB CHMI-PA,CHMI|CHMI-PA|CHMI-PB
CHMI-PA,CHMI CHMI-PB,CHMI CHMI-PB|CHMI-PA,CHMI|CHMI-PA|CHMI-PB
CHMI-PB,CHMI-PA CHMI,CHMI-PA CHMI|CHMI-PB,CHMI|CHMI-PA|CHMI-PB
CHNGQ,CHNG CANL,CHNG CANL|CHNGQ,CANL|CHNG|CHNGQ
CITEW,CITE CITEU,CITE CITEU|CITEW,CITE|CITEU|CITEW
CHPM,CHPMW CHPMU,CHPM|CHPMW CHPMU,CHPM|CHPMU|CHPMW
CHPMU,CHPM CHPMW,CHPM CHPMW|CHPMU,CHPM|CHPMU|CHPMW
CHPMW,CHPM CHPMU,CHPM CHPMU|CHPMW,CHPM|CHPMU|CHPMW
CHPT,SBE.WS CHPT.WS SBE SBE.U,CHPT|SBE.WS CHPT.WS SBE SBE.U,CHPT|CHPT.WS|SBE|SBE.U|SBE.WS
CHPT.WS,SBE.WS SBE CHPT SBE.U,CHPT.WS|SBE.WS SBE CHPT SBE.U,CHPT|CHPT.WS|SBE|SBE.U|SBE.WS
CHR,TKSSU TKKSW GSMGW GSMG TKKS,CHR|TKSSU TKKSW GSMGW GSMG TKKS,CHR|GSMG|GSMGW|TKKS|TKKSW|TKSSU
CHSCL,CHSCN CHSCM CHSCP CHSCO,CHSCL|CHSCN CHSCM CHSCP CHSCO,CHSCL|CHSCM|CHSCN|CHSCO|CHSCP
CHSCM,CHSCN CHSCL CHSCP CHSCO,CHSCM|CHSCN CHSCL CHSCP CHSCO,CHSCL|CHSCM|CHSCN|CHSCO|CHSCP
CHSCN,CHSCM CHSCL CHSCP CHSCO,CHSCM CHSCL CHSCP CHSCO|CHSCN,CHSCL|CHSCM|CHSCN|CHSCO|CHSCP
CHSCO,CHSCN CHSCM CHSCL CHSCP,CHSCN CHSCM CHSCL CHSCP|CHSCO,CHSCL|CHSCM|CHSCN|CHSCO|CHSCP
CHSCP,CHSCN CHSCM CHSCL CHSCO,CHSCN CHSCM CHSCL CHSCO|CHSCP,CHSCL|CHSCM|CHSCN|CHSCO|CHSCP
CHSWQ,CHSE HS,CHSE HS|CHSWQ,CHSE|CHSWQ|HS
CHUBA,CHUBB CHUBK,CHUBA|CHUBB CHUBK,CHUBA|CHUBB|CHUBK
CHUBB,CHUBK CHUBA,CHUBB|CHUBK CHUBA,CHUBA|CHUBB|CHUBK
CHUBK,CHUBB CHUBA,CHUBB CHUBA|CHUBK,CHUBA|CHUBB|CHUBK
CHUC,BAZI INST XELR VCBE TRUU BZI PRH,BAZI INST XELR VCBE TRUU BZI PRH|CHUC,BAZI|BZI|CHUC|INST|PRH|TRUU|VCBE|XELR
CHWAU,CHWAW PETXQ CHWA PETWW PET,CHWAU|CHWAW PETXQ CHWA PETWW PET,CHWA|CHWAU|CHWAW|PET|PETWW|PETXQ
CHX,APY APY.W,APY APY.W|CHX,APY|APY.W|CHX
CHX.A,PPC PGPDQ,CHX.A|PPC PGPDQ,CHX.A|PGPDQ|PPC
CHYR,CYRO CGS,CHYR|CYRO CGS,CGS|CHYR|CYRO
CIFC1,DFR CIFC,CIFC1|DFR CIFC,CIFC|CIFC1|DFR
CIFR,GWACU CIFRW GWAC GWACW,CIFR|GWACU CIFRW GWAC GWACW,CIFR|CIFRW|GWAC|GWACU|GWACW
CIFRW,GWACU GWAC GWACW CIFR,CIFRW|GWACU GWAC GWACW CIFR,CIFR|CIFRW|GWAC|GWACU|GWACW
CLBR.U1,PSQH CLBR.U CLBR,CLBR.U1|PSQH CLBR.U CLBR,CLBR|CLBR.U|CLBR.U1|PSQH
CIIC1,LQTI CIIC,CIIC1|LQTI CIIC,CIIC|CIIC1|LQTI
CIICU,ARVLF ARVL CIIC CIICW ARVLW,ARVLF ARVL CIIC CIICW ARVLW|CIICU,ARVL|ARVLF|ARVLW|CIIC|CIICU|CIICW
CIIGU,ZAPP CIIG CIIGW ZAPPW,CIIGU|ZAPP CIIG CIIGW ZAPPW,CIIG|CIIGU|CIIGW|ZAPP|ZAPPW
CIM,CIM-PB CIMO CIM-PA CIMN CIM-PD CIMP CIM-PC,CIM|CIM-PB CIMO CIM-PA CIMN CIM-PD CIMP CIM-PC,CIM|CIM-PA|CIM-PB|CIM-PC|CIM-PD|CIMN|CIMO|CIMP
CIM-PA,CIM-PB CIMO CIMN CIM-PD CIMP CIM CIM-PC,CIM-PA|CIM-PB CIMO CIMN CIM-PD CIMP CIM CIM-PC,CIM|CIM-PA|CIM-PB|CIM-PC|CIM-PD|CIMN|CIMO|CIMP
CIM-PB,CIMO CIM-PA CIMN CIM-PD CIMP CIM CIM-PC,CIM-PB|CIMO CIM-PA CIMN CIM-PD CIMP CIM CIM-PC,CIM|CIM-PA|CIM-PB|CIM-PC|CIM-PD|CIMN|CIMO|CIMP
CIM-PC,CIM-PB CIMO CIM-PA CIMN CIM-PD CIMP CIM,CIM-PB CIMO CIM-PA CIMN CIM-PD CIMP CIM|CIM-PC,CIM|CIM-PA|CIM-PB|CIM-PC|CIM-PD|CIMN|CIMO|CIMP
CIM-PD,CIM-PB CIMO CIM-PA CIMN CIMP CIM CIM-PC,CIM-PB CIMO CIM-PA CIMN CIMP CIM CIM-PC|CIM-PD,CIM|CIM-PA|CIM-PB|CIM-PC|CIM-PD|CIMN|CIMO|CIMP
CIMG,IMG NUZE,CIMG|IMG NUZE,CIMG|IMG|NUZE
CION,CICC CICB,CICC CICB|CION,CICB|CICC|CION
CIRC,ATLN SQLLW SQL SEQL,ATLN SQLLW SQL SEQL|CIRC,ATLN|CIRC|SEQL|SQL|SQLLW
CIRC1,SNC1 CIRC SNC,CIRC1|SNC1 CIRC SNC,CIRC|CIRC1|SNC|SNC1
CIS.B,CIS CIS1,CIS CIS1|CIS.B,CIS|CIS.B|CIS1
CIS1,CIS CIS.B,CIS CIS.B|CIS1,CIS|CIS.B|CIS1
CITE,CITEU CITEW,CITE|CITEU CITEW,CITE|CITEU|CITEW
CITEU,CITE CITEW,CITE CITEW|CITEU,CITE|CITEU|CITEW
CIVB,FCZA CIVBP,CIVB|FCZA CIVBP,CIVB|CIVBP|FCZA
CIVBP,FCZA CIVB,CIVBP|FCZA CIVB,CIVB|CIVBP|FCZA
CIXXF,CIXX CIFAF,CIXX CIFAF|CIXXF,CIFAF|CIXX|CIXXF
CJBK,MMTH MCBK,CJBK|MMTH MCBK,CJBK|MCBK|MMTH
CKGRQ,WEGC KRU WHT EVTP,CKGRQ|WEGC KRU WHT EVTP,CKGRQ|EVTP|KRU|WEGC|WHT
CLA.U,CLA OUST.WS OUST CLA.WS OUSTZ OUST.WSA OUSTW,CLA OUST.WS OUST CLA.WS OUSTZ OUST.WSA OUSTW|CLA.U,CLA|CLA.U|CLA.WS|OUST|OUST.WS|OUST.WSA|OUSTW|OUSTZ
CLA1,CLA.U CLA,CLA.U CLA|CLA1,CLA|CLA.U|CLA1
CLAA,CLAA.WS CLAA.U,CLAA|CLAA.WS CLAA.U,CLAA|CLAA.U|CLAA.WS
CLAA.U,CLAA.WS CLAA,CLAA.U|CLAA.WS CLAA,CLAA|CLAA.U|CLAA.WS
CLAA.WS,CLAA CLAA.U,CLAA CLAA.U|CLAA.WS,CLAA|CLAA.U|CLAA.WS
CLAQR,KITT CLAQU CLAQ,CLAQR|KITT CLAQU CLAQ,CLAQ|CLAQR|CLAQU|KITT
CLAQU,CLAQR KITT CLAQ,CLAQR KITT CLAQ|CLAQU,CLAQ|CLAQR|CLAQU|KITT
CLAR,CLRS BDE,CLAR|CLRS BDE,BDE|CLAR|CLRS
CLAS,CLAS.WS CLAS.U,CLAS|CLAS.WS CLAS.U,CLAS|CLAS.U|CLAS.WS
CLAS.U,CLAS.WS CLAS,CLAS.U|CLAS.WS CLAS,CLAS|CLAS.U|CLAS.WS
CLAS.WS,CLAS CLAS.U,CLAS CLAS.U|CLAS.WS,CLAS|CLAS.U|CLAS.WS
CLAYU,CLAY MOBX,CLAY MOBX|CLAYU,CLAY|CLAYU|MOBX
CLBR.U2,CLBR.U PEW CLBR,CLBR.U PEW CLBR|CLBR.U2,CLBR|CLBR.U|CLBR.U2|PEW
CLBT,TWCTU TWCT CLBTW TWCTW,CLBT|TWCTU TWCT CLBTW TWCTW,CLBT|CLBTW|TWCT|TWCTU|TWCTW
CLBTW,TWCTU CLBT TWCT TWCTW,CLBTW|TWCTU CLBT TWCT TWCTW,CLBT|CLBTW|TWCT|TWCTU|TWCTW
CLDI,FLAG.WS CLDI.WS FLAG.U CLDWW FLAG,CLDI|FLAG.WS CLDI.WS FLAG.U CLDWW FLAG,CLDI|CLDI.WS|CLDWW|FLAG|FLAG.U|FLAG.WS
CLDPQ,CLDP CLD,CLDP CLD|CLDPQ,CLD|CLDP|CLDPQ
CLDWW,FLAG.WS CLDI.WS FLAG.U CLDI FLAG,CLDWW|FLAG.WS CLDI.WS FLAG.U CLDI FLAG,CLDI|CLDI.WS|CLDWW|FLAG|FLAG.U|FLAG.WS
CLDX,TCEL AVAN,CLDX|TCEL AVAN,AVAN|CLDX|TCEL
CLII.U,CLII EVGO,CLII EVGO|CLII.U,CLII|CLII.U|EVGO
CLIM.U,CLIM.WS CLIM1 CLIMW CLIM,CLIM.U|CLIM.WS CLIM1 CLIMW CLIM,CLIM|CLIM.U|CLIM.WS|CLIM1|CLIMW
CLIM1,CLIM.U CLIM.WS CLIMW CLIM,CLIM.U CLIM.WS CLIMW CLIM|CLIM1,CLIM|CLIM.U|CLIM.WS|CLIM1|CLIMW
CLIMW,CLIM.U CLIM.WS CLIM1 CLIM,CLIM.U CLIM.WS CLIM1 CLIM|CLIMW,CLIM|CLIM.U|CLIM.WS|CLIM1|CLIMW
CLINR,CLINU CLIN CLINW ALCE,CLINR|CLINU CLIN CLINW ALCE,ALCE|CLIN|CLINR|CLINU|CLINW
CLINU,CLINR CLIN CLINW ALCE,CLINR CLIN CLINW ALCE|CLINU,ALCE|CLIN|CLINR|CLINU|CLINW
CLINW,CLINR CLINU CLIN ALCE,CLINR CLINU CLIN ALCE|CLINW,ALCE|CLIN|CLINR|CLINU|CLINW
CLNH1,CHC CLNH,CHC CLNH|CLNH1,CHC|CLNH|CLNH1
CLNN,TOTA TOTAW TOTAU CLNNW,CLNN|TOTA TOTAW TOTAU CLNNW,CLNN|CLNNW|TOTA|TOTAU|TOTAW
CLNNW,TOTA TOTAW CLNN TOTAU,CLNNW|TOTA TOTAW CLNN TOTAU,CLNN|CLNNW|TOTA|TOTAU|TOTAW
CLNS-PA,DBRG-PJ CLNY-PC DBRG-PG CLNS CLNS-PI CLNY-PA CLNS-PD CLNS-PJ CLNS-PC CLNY-PH CLNY-PI CLNY-PE CLNY-PB CLNS-PE CLNS-PG CLNS-PB CYCPP DBRG CLNS-PH CLNY CLNY-PG CLNY-PJ DBRG-PI NSAM DBRG-PH CLNS-PF,CLNS-PA|DBRG-PJ CLNY-PC DBRG-PG CLNS CLNS-PI CLNY-PA CLNS-PD CLNS-PJ CLNS-PC CLNY-PH CLNY-PI CLNY-PE CLNY-PB CLNS-PE CLNS-PG CLNS-PB CYCPP DBRG CLNS-PH CLNY CLNY-PG CLNY-PJ DBRG-PI NSAM DBRG-PH CLNS-PF,CLNS|CLNS-PA|CLNS-PB|CLNS-PC|CLNS-PD|CLNS-PE|CLNS-PF|CLNS-PG|CLNS-PH|CLNS-PI|CLNS-PJ|CLNY|CLNY-PA|CLNY-PB|CLNY-PC|CLNY-PE|CLNY-PG|CLNY-PH|CLNY-PI|CLNY-PJ|CYCPP|DBRG|DBRG-PG|DBRG-PH|DBRG-PI|DBRG-PJ|NSAM
CLNS-PC,DBRG-PJ CLNY-PC DBRG-PG CLNS CLNS-PI CLNY-PA CLNS-PD CLNS-PJ CLNY-PH CLNY-PI CLNY-PE CLNY-PB CLNS-PE CLNS-PG CLNS-PB CYCPP DBRG CLNS-PH CLNY CLNS-PA CLNY-PG CLNY-PJ DBRG-PI NSAM DBRG-PH CLNS-PF,CLNS-PC|DBRG-PJ CLNY-PC DBRG-PG CLNS CLNS-PI CLNY-PA CLNS-PD CLNS-PJ CLNY-PH CLNY-PI CLNY-PE CLNY-PB CLNS-PE CLNS-PG CLNS-PB CYCPP DBRG CLNS-PH CLNY CLNS-PA CLNY-PG CLNY-PJ DBRG-PI NSAM DBRG-PH CLNS-PF,CLNS|CLNS-PA|CLNS-PB|CLNS-PC|CLNS-PD|CLNS-PE|CLNS-PF|CLNS-PG|CLNS-PH|CLNS-PI|CLNS-PJ|CLNY|CLNY-PA|CLNY-PB|CLNY-PC|CLNY-PE|CLNY-PG|CLNY-PH|CLNY-PI|CLNY-PJ|CYCPP|DBRG|DBRG-PG|DBRG-PH|DBRG-PI|DBRG-PJ|NSAM
CLNS-PD,DBRG-PJ CLNY-PC DBRG-PG CLNS CLNS-PI CLNY-PA CLNS-PJ CLNS-PC CLNY-PH CLNY-PI CLNY-PE CLNY-PB CLNS-PE CLNS-PG CLNS-PB CYCPP DBRG CLNS-PH CLNY CLNS-PA CLNY-PG CLNY-PJ DBRG-PI NSAM DBRG-PH CLNS-PF,CLNS-PD|DBRG-PJ CLNY-PC DBRG-PG CLNS CLNS-PI CLNY-PA CLNS-PJ CLNS-PC CLNY-PH CLNY-PI CLNY-PE CLNY-PB CLNS-PE CLNS-PG CLNS-PB CYCPP DBRG CLNS-PH CLNY CLNS-PA CLNY-PG CLNY-PJ DBRG-PI NSAM DBRG-PH CLNS-PF,CLNS|CLNS-PA|CLNS-PB|CLNS-PC|CLNS-PD|CLNS-PE|CLNS-PF|CLNS-PG|CLNS-PH|CLNS-PI|CLNS-PJ|CLNY|CLNY-PA|CLNY-PB|CLNY-PC|CLNY-PE|CLNY-PG|CLNY-PH|CLNY-PI|CLNY-PJ|CYCPP|DBRG|DBRG-PG|DBRG-PH|DBRG-PI|DBRG-PJ|NSAM
CLNS-PF,DBRG-PJ CLNY-PC DBRG-PG CLNS CLNS-PI CLNY-PA CLNS-PD CLNS-PJ CLNS-PC CLNY-PH CLNY-PI CLNY-PE CLNY-PB CLNS-PE CLNS-PG CLNS-PB CYCPP DBRG CLNS-PH CLNY CLNS-PA CLNY-PG CLNY-PJ DBRG-PI NSAM DBRG-PH,CLNS-PF|DBRG-PJ CLNY-PC DBRG-PG CLNS CLNS-PI CLNY-PA CLNS-PD CLNS-PJ CLNS-PC CLNY-PH CLNY-PI CLNY-PE CLNY-PB CLNS-PE CLNS-PG CLNS-PB CYCPP DBRG CLNS-PH CLNY CLNS-PA CLNY-PG CLNY-PJ DBRG-PI NSAM DBRG-PH,CLNS|CLNS-PA|CLNS-PB|CLNS-PC|CLNS-PD|CLNS-PE|CLNS-PF|CLNS-PG|CLNS-PH|CLNS-PI|CLNS-PJ|CLNY|CLNY-PA|CLNY-PB|CLNY-PC|CLNY-PE|CLNY-PG|CLNY-PH|CLNY-PI|CLNY-PJ|CYCPP|DBRG|DBRG-PG|DBRG-PH|DBRG-PI|DBRG-PJ|NSAM
CLNY-PA,DBRG-PJ CLNY-PC DBRG-PG CLNS CLNS-PI CLNS-PD CLNS-PJ CLNS-PC CLNY-PH CLNY-PI CLNY-PE CLNY-PB CLNS-PE CLNS-PG CLNS-PB CYCPP DBRG CLNS-PH CLNY CLNS-PA CLNY-PG CLNY-PJ DBRG-PI NSAM DBRG-PH CLNS-PF,CLNY-PA|DBRG-PJ CLNY-PC DBRG-PG CLNS CLNS-PI CLNS-PD CLNS-PJ CLNS-PC CLNY-PH CLNY-PI CLNY-PE CLNY-PB CLNS-PE CLNS-PG CLNS-PB CYCPP DBRG CLNS-PH CLNY CLNS-PA CLNY-PG CLNY-PJ DBRG-PI NSAM DBRG-PH CLNS-PF,CLNS|CLNS-PA|CLNS-PB|CLNS-PC|CLNS-PD|CLNS-PE|CLNS-PF|CLNS-PG|CLNS-PH|CLNS-PI|CLNS-PJ|CLNY|CLNY-PA|CLNY-PB|CLNY-PC|CLNY-PE|CLNY-PG|CLNY-PH|CLNY-PI|CLNY-PJ|CYCPP|DBRG|DBRG-PG|DBRG-PH|DBRG-PI|DBRG-PJ|NSAM
CLNY-PB,DBRG-PJ CLNY-PC DBRG-PG CLNS CLNS-PI CLNY-PA CLNS-PD CLNS-PJ CLNS-PC CLNY-PH CLNY-PI CLNY-PE CLNS-PE CLNS-PG CLNS-PB CYCPP DBRG CLNS-PH CLNY CLNS-PA CLNY-PG CLNY-PJ DBRG-PI NSAM DBRG-PH CLNS-PF,CLNY-PB|DBRG-PJ CLNY-PC DBRG-PG CLNS CLNS-PI CLNY-PA CLNS-PD CLNS-PJ CLNS-PC CLNY-PH CLNY-PI CLNY-PE CLNS-PE CLNS-PG CLNS-PB CYCPP DBRG CLNS-PH CLNY CLNS-PA CLNY-PG CLNY-PJ DBRG-PI NSAM DBRG-PH CLNS-PF,CLNS|CLNS-PA|CLNS-PB|CLNS-PC|CLNS-PD|CLNS-PE|CLNS-PF|CLNS-PG|CLNS-PH|CLNS-PI|CLNS-PJ|CLNY|CLNY-PA|CLNY-PB|CLNY-PC|CLNY-PE|CLNY-PG|CLNY-PH|CLNY-PI|CLNY-PJ|CYCPP|DBRG|DBRG-PG|DBRG-PH|DBRG-PI|DBRG-PJ|NSAM
CLNY-PC,DBRG-PJ DBRG-PG CLNS CLNS-PI CLNY-PA CLNS-PD CLNS-PJ CLNS-PC CLNY-PH CLNY-PI CLNY-PE CLNY-PB CLNS-PE CLNS-PG CLNS-PB CYCPP DBRG CLNS-PH CLNY CLNS-PA CLNY-PG CLNY-PJ DBRG-PI NSAM DBRG-PH CLNS-PF,CLNY-PC|DBRG-PJ DBRG-PG CLNS CLNS-PI CLNY-PA CLNS-PD CLNS-PJ CLNS-PC CLNY-PH CLNY-PI CLNY-PE CLNY-PB CLNS-PE CLNS-PG CLNS-PB CYCPP DBRG CLNS-PH CLNY CLNS-PA CLNY-PG CLNY-PJ DBRG-PI NSAM DBRG-PH CLNS-PF,CLNS|CLNS-PA|CLNS-PB|CLNS-PC|CLNS-PD|CLNS-PE|CLNS-PF|CLNS-PG|CLNS-PH|CLNS-PI|CLNS-PJ|CLNY|CLNY-PA|CLNY-PB|CLNY-PC|CLNY-PE|CLNY-PG|CLNY-PH|CLNY-PI|CLNY-PJ|CYCPP|DBRG|DBRG-PG|DBRG-PH|DBRG-PI|DBRG-PJ|NSAM
CLNY-PE,DBRG-PJ CLNY-PC DBRG-PG CLNS CLNS-PI CLNY-PA CLNS-PD CLNS-PJ CLNS-PC CLNY-PH CLNY-PI CLNY-PB CLNS-PE CLNS-PG CLNS-PB CYCPP DBRG CLNS-PH CLNY CLNS-PA CLNY-PG CLNY-PJ DBRG-PI NSAM DBRG-PH CLNS-PF,CLNY-PE|DBRG-PJ CLNY-PC DBRG-PG CLNS CLNS-PI CLNY-PA CLNS-PD CLNS-PJ CLNS-PC CLNY-PH CLNY-PI CLNY-PB CLNS-PE CLNS-PG CLNS-PB CYCPP DBRG CLNS-PH CLNY CLNS-PA CLNY-PG CLNY-PJ DBRG-PI NSAM DBRG-PH CLNS-PF,CLNS|CLNS-PA|CLNS-PB|CLNS-PC|CLNS-PD|CLNS-PE|CLNS-PF|CLNS-PG|CLNS-PH|CLNS-PI|CLNS-PJ|CLNY|CLNY-PA|CLNY-PB|CLNY-PC|CLNY-PE|CLNY-PG|CLNY-PH|CLNY-PI|CLNY-PJ|CYCPP|DBRG|DBRG-PG|DBRG-PH|DBRG-PI|DBRG-PJ|NSAM
CLOE,CLOEU CLOER,CLOE|CLOEU CLOER,CLOE|CLOER|CLOEU
CLOER,CLOEU CLOE,CLOER|CLOEU CLOE,CLOE|CLOER|CLOEU
CLOEU,CLOE CLOER,CLOE CLOER|CLOEU,CLOE|CLOER|CLOEU
CLOV,CLOVW IPOC.WS IPOC.U IPOC,CLOV|CLOVW IPOC.WS IPOC.U IPOC,CLOV|CLOVW|IPOC|IPOC.U|IPOC.WS
CLOVW,CLOV IPOC.WS IPOC.U IPOC,CLOV IPOC.WS IPOC.U IPOC|CLOVW,CLOV|CLOVW|IPOC|IPOC.U|IPOC.WS
CLPT,MRIC MRICD,CLPT|MRIC MRICD,CLPT|MRIC|MRICD
CLRB,CLRBZ NVLT,CLRB|CLRBZ NVLT,CLRB|CLRBZ|NVLT
CLRBZ,CLRB NVLT,CLRB NVLT|CLRBZ,CLRB|CLRBZ|NVLT
CLRCF,CLRCR CLRCW CLRCU CLRC,CLRCF|CLRCR CLRCW CLRCU CLRC,CLRC|CLRCF|CLRCR|CLRCU|CLRCW
CLRCR,CLRCW CLRCU CLRCF CLRC,CLRCR|CLRCW CLRCU CLRCF CLRC,CLRC|CLRCF|CLRCR|CLRCU|CLRCW
CLRCU,CLRCR CLRCW CLRCF CLRC,CLRCR CLRCW CLRCF CLRC|CLRCU,CLRC|CLRCF|CLRCR|CLRCU|CLRCW
CLRCW,CLRCR CLRCU CLRCF CLRC,CLRCR CLRCU CLRCF CLRC|CLRCW,CLRC|CLRCF|CLRCR|CLRCU|CLRCW
CLRM,CLRMW CLRMU,CLRM|CLRMW CLRMU,CLRM|CLRMU|CLRMW
CLRMU,CLRM CLRMW,CLRM CLRMW|CLRMU,CLRM|CLRMU|CLRMW
CLRMW,CLRM CLRMU,CLRM CLRMU|CLRMW,CLRM|CLRMU|CLRMW
CLSK,SRTN SMTD,CLSK|SRTN SMTD,CLSK|SMTD|SRTN
CLV2,CLV GVG,CLV GVG|CLV2,CLV|CLV2|GVG
CLVRW,SAMAW CLVV SAMA CLVR SAMAU,CLVRW|SAMAW CLVV SAMA CLVR SAMAU,CLVR|CLVRW|CLVV|SAMA|SAMAU|SAMAW
CLVT,CLVT-PA CCC CCC.U,CLVT|CLVT-PA CCC CCC.U,CCC|CCC.U|CLVT|CLVT-PA
CLVT-PA,CCC CLVT CCC.U,CCC CLVT CCC.U|CLVT-PA,CCC|CCC.U|CLVT|CLVT-PA
CLVV,CLVRW SAMAW SAMA CLVR SAMAU,CLVRW SAMAW SAMA CLVR SAMAU|CLVV,CLVR|CLVRW|CLVV|SAMA|SAMAU|SAMAW
CLW1,CLWK CLW,CLW1|CLWK CLW,CLW|CLW1|CLWK
CMAXQ,CMAX DFHTU DFHTW CMAXW DFHT,CMAX DFHTU DFHTW CMAXW DFHT|CMAXQ,CMAX|CMAXQ|CMAXW|DFHT|DFHTU|DFHTW
CMAXW,CMAXQ CMAX DFHTU DFHTW DFHT,CMAXQ CMAX DFHTU DFHTW DFHT|CMAXW,CMAX|CMAXQ|CMAXW|DFHT|DFHTU|DFHTW
CMCAF,CMCAW CMCAU CMCA,CMCAF|CMCAW CMCAU CMCA,CMCA|CMCAF|CMCAU|CMCAW
CMCAU,CMCAW CMCA CMCAF,CMCAU|CMCAW CMCA CMCAF,CMCA|CMCAF|CMCAU|CMCAW
CMCAW,CMCAU CMCA CMCAF,CMCAU CMCA CMCAF|CMCAW,CMCA|CMCAF|CMCAU|CMCAW
CMCSA,CCV CMCSK CCV1 CCZ,CCV CMCSK CCV1 CCZ|CMCSA,CCV|CCV1|CCZ|CMCSA|CMCSK
CMCSK,CCV CMCSA CCV1 CCZ,CCV CMCSA CCV1 CCZ|CMCSK,CCV|CCV1|CCZ|CMCSA|CMCSK
CMCT,PCC PMCT CMCTP,CMCT|PCC PMCT CMCTP,CMCT|CMCTP|PCC|PMCT
CMCTP,PCC PMCT CMCT,CMCTP|PCC PMCT CMCT,CMCT|CMCTP|PCC|PMCT
CMD1,CXIM CMD,CMD1|CXIM CMD,CMD|CMD1|CXIM
CMDZQ,CMDZ CMDL,CMDZ CMDL|CMDZQ,CMDL|CMDZ|CMDZQ
CMEDQ,CMED CMEDY,CMED CMEDY|CMEDQ,CMED|CMEDQ|CMEDY
CMFV,DFXN QRUS DGFX DXN,CMFV|DFXN QRUS DGFX DXN,CMFV|DFXN|DGFX|DXN|QRUS
CMI1,CMX CMI,CMI1|CMX CMI,CMI|CMI1|CMX
CMIIU1,SLGC CMII SLGCW CMIIU CMIIW,CMIIU1|SLGC CMII SLGCW CMIIU CMIIW,CMII|CMIIU|CMIIU1|CMIIW|SLGC|SLGCW
CMKC,XMM SYPM,CMKC|XMM SYPM,CMKC|SYPM|XMM
CMLFU,SMFR WGS CMLF,CMLFU|SMFR WGS CMLF,CMLF|CMLFU|SMFR|WGS
CMLP1,CMLP KGS,CMLP KGS|CMLP1,CMLP|CMLP1|KGS
CMLTU,CMLTW EQRXW EQRX CMLT,CMLTU|CMLTW EQRXW EQRX CMLT,CMLT|CMLTU|CMLTW|EQRX|EQRXW
CMMB,ANCN BCNLF,ANCN BCNLF|CMMB,ANCN|BCNLF|CMMB
CMPI1,CMPI CLQ,CMPI CLQ|CMPI1,CLQ|CMPI|CMPI1
CMPOW,DBDR DBDRU DBDRW CMPO GPGI,CMPOW|DBDR DBDRU DBDRW CMPO GPGI,CMPO|CMPOW|DBDR|DBDRU|DBDRW|GPGI
CMPX2,CMPX REHB,CMPX REHB|CMPX2,CMPX|CMPX2|REHB
CMRA,OTRAU OTRAW CMRAW OTRA,CMRA|OTRAU OTRAW CMRAW OTRA,CMRA|CMRAW|OTRA|OTRAU|OTRAW
CMRAW,OTRAU OTRAW CMRA OTRA,CMRAW|OTRAU OTRAW CMRA OTRA,CMRA|CMRAW|OTRA|OTRAU|OTRAW
CMRE,CMRE-PE CMRE-PD CMRE-PC CMRE-PB,CMRE|CMRE-PE CMRE-PD CMRE-PC CMRE-PB,CMRE|CMRE-PB|CMRE-PC|CMRE-PD|CMRE-PE
CMRE-PB,CMRE-PE CMRE CMRE-PD CMRE-PC,CMRE-PB|CMRE-PE CMRE CMRE-PD CMRE-PC,CMRE|CMRE-PB|CMRE-PC|CMRE-PD|CMRE-PE
CMRE-PC,CMRE-PE CMRE CMRE-PD CMRE-PB,CMRE-PC|CMRE-PE CMRE CMRE-PD CMRE-PB,CMRE|CMRE-PB|CMRE-PC|CMRE-PD|CMRE-PE
CMRE-PD,CMRE-PE CMRE CMRE-PC CMRE-PB,CMRE-PD|CMRE-PE CMRE CMRE-PC CMRE-PB,CMRE|CMRE-PB|CMRE-PC|CMRE-PD|CMRE-PE
CMRE-PE,CMRE CMRE-PD CMRE-PC CMRE-PB,CMRE CMRE-PD CMRE-PC CMRE-PB|CMRE-PE,CMRE|CMRE-PB|CMRE-PC|CMRE-PD|CMRE-PE
CMS,CMSD CMSA CMS-PB CMS-PC CMSC CPG.G,CMS|CMSD CMSA CMS-PB CMS-PC CMSC CPG.G,CMS|CMS-PB|CMS-PC|CMSA|CMSC|CMSD|CPG.G
CMS-PB,CMSD CMSA CMS CMS-PC CMSC CPG.G,CMS-PB|CMSD CMSA CMS CMS-PC CMSC CPG.G,CMS|CMS-PB|CMS-PC|CMSA|CMSC|CMSD|CPG.G
CMS-PC,CMSD CMSA CMS-PB CMS CMSC CPG.G,CMS-PC|CMSD CMSA CMS-PB CMS CMSC CPG.G,CMS|CMS-PB|CMS-PC|CMSA|CMSC|CMSD|CPG.G
CMZPF,CPUXF CMZ,CMZPF|CPUXF CMZ,CMZ|CMZPF|CPUXF
CNCK,THCP THCPU,CNCK|THCP THCPU,CNCK|THCP|THCPU
CND,CND.U CND.WS,CND|CND.U CND.WS,CND|CND.U|CND.WS
CND.U,CND CND.WS,CND CND.WS|CND.U,CND|CND.U|CND.WS
CND.WS,CND CND.U,CND CND.U|CND.WS,CND|CND.U|CND.WS
CNDA,CNDA.U CNDA.WS,CNDA|CNDA.U CNDA.WS,CNDA|CNDA.U|CNDA.WS
CNDA.U,CNDA.WS CNDA,CNDA.U|CNDA.WS CNDA,CNDA|CNDA.U|CNDA.WS
CNDA.WS,CNDA.U CNDA,CNDA.U CNDA|CNDA.WS,CNDA|CNDA.U|CNDA.WS
CNDB.U,CNDB GCTS,CNDB GCTS|CNDB.U,CNDB|CNDB.U|GCTS
CNEP,NEP CNEH,CNEP|NEP CNEH,CNEH|CNEP|NEP
CNET1,CNWK CNET,CNET1|CNWK CNET,CNET|CNET1|CNWK
CNGL,CNGLU CNGLW,CNGL|CNGLU CNGLW,CNGL|CNGLU|CNGLW
CNGLU,CNGL CNGLW,CNGL CNGLW|CNGLU,CNGL|CNGLU|CNGLW
CNGLW,CNGL CNGLU,CNGL CNGLU|CNGLW,CNGL|CNGLU|CNGLW
CNH1,NH CNH,CNH1|NH CNH,CNH|CNH1|NH
CNOB,CNOBP CNBC,CNOB|CNOBP CNBC,CNBC|CNOB|CNOBP
CNOBP,CNOB CNBC,CNOB CNBC|CNOBP,CNBC|CNOB|CNOBP
CNP,REI CNP-PB CNPLL,CNP|REI CNP-PB CNPLL,CNP|CNP-PB|CNPLL|REI
CNP-PB,CNP REI CNPLL,CNP REI CNPLL|CNP-PB,CNP|CNP-PB|CNPLL|REI
CNR1,CNR MSHI MHJ,CNR MSHI MHJ|CNR1,CNR|CNR1|MHJ|MSHI
CNR2,CNR NCS,CNR NCS|CNR2,CNR|CNR2|NCS
CNSI2,CNSI COLL,CNSI COLL|CNSI2,CNSI|CNSI2|COLL
CNSTQ,CNST CNRN,CNST CNRN|CNSTQ,CNRN|CNST|CNSTQ
CNSTQ1,CNST CNSTQ,CNST CNSTQ|CNSTQ1,CNST|CNSTQ|CNSTQ1
CNSY,PSTV CYTX,CNSY|PSTV CYTX,CNSY|CYTX|PSTV
CNTM,MCACW MCACU MCAC MCACR,CNTM|MCACW MCACU MCAC MCACR,CNTM|MCAC|MCACR|MCACU|MCACW
CNTN,HILS THAR,CNTN|HILS THAR,CNTN|HILS|THAR
CNTQU,DFLI CNTQ,CNTQU|DFLI CNTQ,CNTQ|CNTQU|DFLI
CNTTQ,CNTTF CTST,CNTTF CTST|CNTTQ,CNTTF|CNTTQ|CTST
CNVR1,EXCA CNVR,CNVR1|EXCA CNVR,CNVR|CNVR1|EXCA
CNVS,CIDM AIXD AIX,CIDM AIXD AIX|CNVS,AIX|AIXD|CIDM|CNVS
CNXX,CONX CNXXW CONXW CONXU,CNXX|CONX CNXXW CONXW CONXU,CNXX|CNXXW|CONX|CONXU|CONXW
CNXXW,CONX CONXW CNXX CONXU,CNXXW|CONX CONXW CNXX CONXU,CNXX|CNXXW|CONX|CONXU|CONXW
CNYD,CYID CNDH IYSA,CNYD|CYID CNDH IYSA,CNDH|CNYD|CYID|IYSA
COC,COC.A COC.B,COC|COC.A COC.B,COC|COC.A|COC.B
COC.A,COC COC.B,COC COC.B|COC.A,COC|COC.A|COC.B
COCH,ANZU ANZUU,ANZU ANZUU|COCH,ANZU|ANZUU|COCH
CODA,COGI CDOC,CODA|COGI CDOC,CDOC|CODA|COGI
CODI,CODI-PC CODI-PA CODI-PB,CODI|CODI-PC CODI-PA CODI-PB,CODI|CODI-PA|CODI-PB|CODI-PC
CODI-PA,CODI-PC CODI-PB CODI,CODI-PA|CODI-PC CODI-PB CODI,CODI|CODI-PA|CODI-PB|CODI-PC
CODI-PB,CODI-PC CODI-PA CODI,CODI-PB|CODI-PC CODI-PA CODI,CODI|CODI-PA|CODI-PB|CODI-PC
CODI-PC,CODI-PA CODI-PB CODI,CODI-PA CODI-PB CODI|CODI-PC,CODI|CODI-PA|CODI-PB|CODI-PC
COF,COF-PF COF-PH COF-PI COF-PP COF-PN COF-PL COF-PC COF-PD COF-PK COF-PG COF-PJ,COF|COF-PF COF-PH COF-PI COF-PP COF-PN COF-PL COF-PC COF-PD COF-PK COF-PG COF-PJ,COF|COF-PC|COF-PD|COF-PF|COF-PG|COF-PH|COF-PI|COF-PJ|COF-PK|COF-PL|COF-PN|COF-PP
COF-PC,COF-PF COF-PH COF-PI COF-PP COF-PN COF-PL COF-PD COF COF-PK COF-PG COF-PJ,COF-PC|COF-PF COF-PH COF-PI COF-PP COF-PN COF-PL COF-PD COF COF-PK COF-PG COF-PJ,COF|COF-PC|COF-PD|COF-PF|COF-PG|COF-PH|COF-PI|COF-PJ|COF-PK|COF-PL|COF-PN|COF-PP
COF-PD,COF-PF COF-PH COF-PI COF-PP COF-PN COF-PL COF-PC COF COF-PK COF-PG COF-PJ,COF-PD|COF-PF COF-PH COF-PI COF-PP COF-PN COF-PL COF-PC COF COF-PK COF-PG COF-PJ,COF|COF-PC|COF-PD|COF-PF|COF-PG|COF-PH|COF-PI|COF-PJ|COF-PK|COF-PL|COF-PN|COF-PP
COF-PF,COF-PH COF-PI COF-PP COF-PN COF-PL COF-PC COF-PD COF COF-PK COF-PG COF-PJ,COF-PF|COF-PH COF-PI COF-PP COF-PN COF-PL COF-PC COF-PD COF COF-PK COF-PG COF-PJ,COF|COF-PC|COF-PD|COF-PF|COF-PG|COF-PH|COF-PI|COF-PJ|COF-PK|COF-PL|COF-PN|COF-PP
COF-PG,COF-PF COF-PH COF-PI COF-PP COF-PN COF-PL COF-PC COF-PD COF COF-PK COF-PJ,COF-PF COF-PH COF-PI COF-PP COF-PN COF-PL COF-PC COF-PD COF COF-PK COF-PJ|COF-PG,COF|COF-PC|COF-PD|COF-PF|COF-PG|COF-PH|COF-PI|COF-PJ|COF-PK|COF-PL|COF-PN|COF-PP
COF-PH,COF-PF COF-PI COF-PP COF-PN COF-PL COF-PD COF-PC COF COF-PK COF-PG COF-PJ,COF-PF COF-PI COF-PP COF-PN COF-PL COF-PD COF-PC COF COF-PK COF-PG COF-PJ|COF-PH,COF|COF-PC|COF-PD|COF-PF|COF-PG|COF-PH|COF-PI|COF-PJ|COF-PK|COF-PL|COF-PN|COF-PP
COF-PI,COF-PF COF-PH COF-PP COF-PN COF-PL COF-PC COF-PD COF COF-PK COF-PG COF-PJ,COF-PF COF-PH COF-PP COF-PN COF-PL COF-PC COF-PD COF COF-PK COF-PG COF-PJ|COF-PI,COF|COF-PC|COF-PD|COF-PF|COF-PG|COF-PH|COF-PI|COF-PJ|COF-PK|COF-PL|COF-PN|COF-PP
COF-PJ,COF-PF COF-PH COF-PI COF-PP COF-PN COF-PL COF-PC COF-PD COF COF-PK COF-PG,COF-PF COF-PH COF-PI COF-PP COF-PN COF-PL COF-PC COF-PD COF COF-PK COF-PG|COF-PJ,COF|COF-PC|COF-PD|COF-PF|COF-PG|COF-PH|COF-PI|COF-PJ|COF-PK|COF-PL|COF-PN|COF-PP
COF-PK,COF-PF COF-PH COF-PI COF-PP COF-PN COF-PL COF-PC COF-PD COF COF-PG COF-PJ,COF-PF COF-PH COF-PI COF-PP COF-PN COF-PL COF-PC COF-PD COF COF-PG COF-PJ|COF-PK,COF|COF-PC|COF-PD|COF-PF|COF-PG|COF-PH|COF-PI|COF-PJ|COF-PK|COF-PL|COF-PN|COF-PP
COF-PL,COF-PF COF-PH COF-PI COF-PP COF-PN COF-PC COF-PD COF COF-PK COF-PG COF-PJ,COF-PF COF-PH COF-PI COF-PP COF-PN COF-PC COF-PD COF COF-PK COF-PG COF-PJ|COF-PL,COF|COF-PC|COF-PD|COF-PF|COF-PG|COF-PH|COF-PI|COF-PJ|COF-PK|COF-PL|COF-PN|COF-PP
COF-PN,COF-PK COF-PF COF-PH COF-PI COF-PP COF-PL COF-PC COF-PD COF COF-PG COF-PJ,COF-PK COF-PF COF-PH COF-PI COF-PP COF-PL COF-PC COF-PD COF COF-PG COF-PJ|COF-PN,COF|COF-PC|COF-PD|COF-PF|COF-PG|COF-PH|COF-PI|COF-PJ|COF-PK|COF-PL|COF-PN|COF-PP
COF-PP,COF-PF COF-PH COF-PI COF-PN COF-PL COF-PC COF-PD COF COF-PK COF-PG COF-PJ,COF-PF COF-PH COF-PI COF-PN COF-PL COF-PC COF-PD COF COF-PK COF-PG COF-PJ|COF-PP,COF|COF-PC|COF-PD|COF-PF|COF-PG|COF-PH|COF-PI|COF-PJ|COF-PK|COF-PL|COF-PN|COF-PP
COHN,SFO IFMI AFN,COHN|SFO IFMI AFN,AFN|COHN|IFMI|SFO
COHR,IIVI IIVIP,COHR|IIVI IIVIP,COHR|IIVI|IIVIP
COLI,COLIU COLIW,COLI|COLIU COLIW,COLI|COLIU|COLIW
COLIU,COLI COLIW,COLI COLIW|COLIU,COLI|COLIU|COLIW
COLIW,COLI COLIU,COLI COLIU|COLIW,COLI|COLIU|COLIW
COMM1,COMMF COMFV COMM,COMM1|COMMF COMFV COMM,COMFV|COMM|COMM1|COMMF
COMS,MCVE COMSP COMSW DRNE,COMS|MCVE COMSP COMSW DRNE,COMS|COMSP|COMSW|DRNE|MCVE
COMSP,MCVE COMSW DRNE COMS,COMSP|MCVE COMSW DRNE COMS,COMS|COMSP|COMSW|DRNE|MCVE
COMSW,MCVE COMSP DRNE COMS,COMSW|MCVE COMSP DRNE COMS,COMS|COMSP|COMSW|DRNE|MCVE
CONC1,KOIL CONC KOGC,CONC1|KOIL CONC KOGC,CONC|CONC1|KOGC|KOIL
CONM,PCES CMHM,CONM|PCES CMHM,CMHM|CONM|PCES
CONXU,CONX CNXXW CONXW CNXX,CONX CNXXW CONXW CNXX|CONXU,CNXX|CNXXW|CONX|CONXU|CONXW
COOL,COOLW COOLU,COOL|COOLW COOLU,COOL|COOLU|COOLW
COOLU,COOLW COOL,COOLU|COOLW COOL,COOL|COOLU|COOLW
COOLW,COOLU COOL,COOLU COOL|COOLW,COOL|COOLU|COOLW
COOT,ADOCU ADOC ADOCR,ADOCU ADOC ADOCR|COOT,ADOC|ADOCR|ADOCU|COOT
COR-PA,COR COR2,COR COR2|COR-PA,COR|COR-PA|COR2
COR2,COR-PA COR,COR-PA COR|COR2,COR|COR-PA|COR2
CORBF,CO CNDZF,CO CNDZF|CORBF,CNDZF|CO|CORBF
CORR-PA,CRGYP CORRQ CORR TTO,CORR-PA|CRGYP CORRQ CORR TTO,CORR|CORR-PA|CORRQ|CRGYP|TTO
CORRQ,CORR-PA CRGYP CORR TTO,CORR-PA CRGYP CORR TTO|CORRQ,CORR|CORR-PA|CORRQ|CRGYP|TTO
CORS,CORS.WS CORS.U,CORS|CORS.WS CORS.U,CORS|CORS.U|CORS.WS
CORS.U,CORS.WS CORS,CORS.U|CORS.WS CORS,CORS|CORS.U|CORS.WS
CORS.WS,CORS CORS.U,CORS CORS.U|CORS.WS,CORS|CORS.U|CORS.WS
CORZQ,CORZ XPDI CRZWQ CORZW XPDIW XPDIU,CORZ XPDI CRZWQ CORZW XPDIW XPDIU|CORZQ,CORZ|CORZQ|CORZW|CRZWQ|XPDI|XPDIU|XPDIW
COVAU,ECX COVA,COVAU|ECX COVA,COVA|COVAU|ECX
COWN,COWNZ COWNL,COWN|COWNZ COWNL,COWN|COWNL|COWNZ
CPAA,CPAAU CPAAW,CPAA|CPAAU CPAAW,CPAA|CPAAU|CPAAW
CPAA1,CPAAU CPAA,CPAA1|CPAAU CPAA,CPAA|CPAA1|CPAAU
CPAAU,CPAAW CPAA,CPAAU|CPAAW CPAA,CPAA|CPAAU|CPAAW
CPAAU1,ADV CPAAW ADVWW CPAAU CPAA,ADV CPAAW ADVWW CPAAU CPAA|CPAAU1,ADV|ADVWW|CPAA|CPAAU|CPAAU1|CPAAW
CPAAW,CPAAU CPAA,CPAAU CPAA|CPAAW,CPAA|CPAAU|CPAAW
CPAH,CTPS COPA XNWK,CPAH|CTPS COPA XNWK,COPA|CPAH|CTPS|XNWK
CPAQ,CPAQU CPAQW,CPAQ|CPAQU CPAQW,CPAQ|CPAQU|CPAQW
CPAQU,CPAQW CPAQ,CPAQU|CPAQW CPAQ,CPAQ|CPAQU|CPAQW
CPAQW,CPAQU CPAQ,CPAQU CPAQ|CPAQW,CPAQ|CPAQU|CPAQW
CPAR,CPARU CPARW,CPAR|CPARU CPARW,CPAR|CPARU|CPARW
CPARU,CPAR CPARW,CPAR CPARW|CPARU,CPAR|CPARU|CPARW
CPARW,CPAR CPARU,CPAR CPARU|CPARW,CPAR|CPARU|CPARW
CPG.G,CMSD CMSA CMS-PB CMS CMS-PC CMSC,CMSD CMSA CMS-PB CMS CMS-PC CMSC|CPG.G,CMS|CMS-PB|CMS-PC|CMSA|CMSC|CMSD|CPG.G
CPHRF,CPHR CPHMF,CPHR CPHMF|CPHRF,CPHMF|CPHR|CPHRF
CPICQ,CPY CPIC,CPICQ|CPY CPIC,CPIC|CPICQ|CPY
CPMIQ,CMGT CMI,CMGT CMI|CPMIQ,CMGT|CMI|CPMIQ
CPNLQ,CPN CPNL,CPN CPNL|CPNLQ,CPN|CPNL|CPNLQ
CPPRQ,JCPNQ JCP,CPPRQ|JCPNQ JCP,CPPRQ|JCP|JCPNQ
CPSL1,CPSL OLAB,CPSL OLAB|CPSL1,CPSL|CPSL1|OLAB
CPSR.U,CPSR GLSH CPSR.WS GLSWQ GLS GLSHQ GLS.WS,CPSR GLSH CPSR.WS GLSWQ GLS GLSHQ GLS.WS|CPSR.U,CPSR|CPSR.U|CPSR.WS|GLS|GLS.WS|GLSH|GLSHQ|GLSWQ
CPTAF,JGGCR JGGCU JGGC CAPT,CPTAF|JGGCR JGGCU JGGC CAPT,CAPT|CPTAF|JGGC|JGGCR|JGGCU
CPTK,CPTK.WS CPTK.U,CPTK|CPTK.WS CPTK.U,CPTK|CPTK.U|CPTK.WS
CPTK.U,CPTK.WS CPTK,CPTK.U|CPTK.WS CPTK,CPTK|CPTK.U|CPTK.WS
CPTK.WS,CPTK CPTK.U,CPTK CPTK.U|CPTK.WS,CPTK|CPTK.U|CPTK.WS
CPTN,CPTNW GCAC GCACU GCACW,CPTN|CPTNW GCAC GCACU GCACW,CPTN|CPTNW|GCAC|GCACU|GCACW
CPTNW,GCAC GCACU CPTN GCACW,CPTNW|GCAC GCACU CPTN GCACW,CPTN|CPTNW|GCAC|GCACU|GCACW
CPUH.U,ALUR CPUH.WS CPUH ALUR.WS,ALUR CPUH.WS CPUH ALUR.WS|CPUH.U,ALUR|ALUR.WS|CPUH|CPUH.U|CPUH.WS
LGV.WS,LGV LGV.U,LGV LGV.U|LGV.WS,LGV|LGV.U|LGV.WS
CRCE1,CRCE CRRS,CRCE CRRS|CRCE1,CRCE|CRCE1|CRRS
CRD.A,CRD.B CRDA CRD,CRD.A|CRD.B CRDA CRD,CRD|CRD.A|CRD.B|CRDA
CRD.B,CRDA CRD CRD.A,CRD.B|CRDA CRD CRD.A,CRD|CRD.A|CRD.B|CRDA
CRDF,XNOM TROV,CRDF|XNOM TROV,CRDF|TROV|XNOM
CREEF,CREUF CREC CRWWF CRECW CRECU,CREEF|CREUF CREC CRWWF CRECW CRECU,CREC|CRECU|CRECW|CREEF|CREUF|CRWWF
CREUF,CREC CREEF CRWWF CRECW CRECU,CREC CREEF CRWWF CRECW CRECU|CREUF,CREC|CRECU|CRECW|CREEF|CREUF|CRWWF
CREVF,TRCA.U TRCA.WS CREV TRCA CREVW,CREVF|TRCA.U TRCA.WS CREV TRCA CREVW,CREV|CREVF|CREVW|TRCA|TRCA.U|TRCA.WS
CREVW,TRCA.U TRCA.WS CREV CREVF TRCA,CREVW|TRCA.U TRCA.WS CREV CREVF TRCA,CREV|CREVF|CREVW|TRCA|TRCA.U|TRCA.WS
CREX,CREXW RNIN,CREX|CREXW RNIN,CREX|CREXW|RNIN
CREXW,RNIN CREX,CREXW|RNIN CREX,CREX|CREXW|RNIN
CRGO,GIAC GIACU,CRGO|GIAC GIACU,CRGO|GIAC|GIACU
CRHUF,CRHC CRHC.U CRRCF CRHC.WS CRHWF,CRHC CRHC.U CRRCF CRHC.WS CRHWF|CRHUF,CRHC|CRHC.U|CRHC.WS|CRHUF|CRHWF|CRRCF
CRHWF,CRHC CRHC.U CRRCF CRHC.WS CRHUF,CRHC CRHC.U CRRCF CRHC.WS CRHUF|CRHWF,CRHC|CRHC.U|CRHC.WS|CRHUF|CRHWF|CRRCF
CRMBQ,SQTCU CRMB SQTC,CRMBQ|SQTCU CRMB SQTC,CRMB|CRMBQ|SQTC|SQTCU
CRML,SZZLU1 SZZL SZZLU,CRML|SZZLU1 SZZL SZZLU,CRML|SZZL|SZZLU|SZZLU1
CRRCF,CRHC CRHC.U CRHC.WS CRHUF CRHWF,CRHC CRHC.U CRHC.WS CRHUF CRHWF|CRRCF,CRHC|CRHC.U|CRHC.WS|CRHUF|CRHWF|CRRCF
CRRSQ,ACBT CRRS,ACBT CRRS|CRRSQ,ACBT|CRRS|CRRSQ
CRRTQ,CRR CRRT,CRR CRRT|CRRTQ,CRR|CRRT|CRRTQ
CRTD,CRTDW GPTH JMDA,CRTD|CRTDW GPTH JMDA,CRTD|CRTDW|GPTH|JMDA
CRTDW,GPTH JMDA CRTD,CRTDW|GPTH JMDA CRTD,CRTD|CRTDW|GPTH|JMDA
CRTO1,CRTO DAVX,CRTO DAVX|CRTO1,CRTO|CRTO1|DAVX
CRU,CRU.U CRU.WS,CRU|CRU.U CRU.WS,CRU|CRU.U|CRU.WS
CRU.U,CRU CRU.WS,CRU CRU.WS|CRU.U,CRU|CRU.U|CRU.WS
CRU.WS,CRU.U CRU,CRU.U CRU|CRU.WS,CRU|CRU.U|CRU.WS
CRWWF,CREUF CREC CREEF CRECW CRECU,CREUF CREC CREEF CRECW CRECU|CRWWF,CREC|CRECU|CRECW|CREEF|CREUF|CRWWF
CRXM,CDTP ARVT CXM,CDTP ARVT CXM|CRXM,ARVT|CDTP|CRXM|CXM
CRXTQ,CRXT BLUW CRXWQ BLUWW BLUWU CRXTW BLUWU1,CRXT BLUW CRXWQ BLUWW BLUWU CRXTW BLUWU1|CRXTQ,BLUW|BLUWU|BLUWU1|BLUWW|CRXT|CRXTQ|CRXTW|CRXWQ
CRXWQ,CRXT BLUW BLUWW BLUWU CRXTW CRXTQ BLUWU1,CRXT BLUW BLUWW BLUWU CRXTW CRXTQ BLUWU1|CRXWQ,BLUW|BLUWU|BLUWU1|BLUWW|CRXT|CRXTQ|CRXTW|CRXWQ
CRYFQ,CRYXF KRY,CRYFQ|CRYXF KRY,CRYFQ|CRYXF|KRY
CRZN,CRZNU CRZNW,CRZN|CRZNU CRZNW,CRZN|CRZNU|CRZNW
CRZNU,CRZNW CRZN,CRZNU|CRZNW CRZN,CRZN|CRZNU|CRZNW
CRZNW,CRZNU CRZN,CRZNU CRZN|CRZNW,CRZN|CRZNU|CRZNW
CRZWQ,CORZQ CORZ XPDI CORZW XPDIW XPDIU,CORZQ CORZ XPDI CORZW XPDIW XPDIU|CRZWQ,CORZ|CORZQ|CORZW|CRZWQ|XPDI|XPDIU|XPDIW
CSAOY,CSA TL,CSA TL|CSAOY,CSA|CSAOY|TL
CSCIF,AELA CSCI AEZS,AELA CSCI AEZS|CSCIF,AELA|AEZS|CSCI|CSCIF
CSH1,PWN CSH,CSH1|PWN CSH,CSH|CSH1|PWN
CSHR,VCIC VCICU,CSHR|VCIC VCICU,CSHR|VCIC|VCICU
CSKEQ,CSKE CSK,CSKE CSK|CSKEQ,CSK|CSKE|CSKEQ
CSLMR,CSLMU CSLM FUSE,CSLMR|CSLMU CSLM FUSE,CSLM|CSLMR|CSLMU|FUSE
CSLMU,CSLM CSLMR FUSE,CSLM CSLMR FUSE|CSLMU,CSLM|CSLMR|CSLMU|FUSE
CSNY,IVAG CSN,CSNY|IVAG CSN,CSN|CSNY|IVAG
CSR,IRET-PC IRET-PB CSR-PC IRET-P IRET IRETS,CSR|IRET-PC IRET-PB CSR-PC IRET-P IRET IRETS,CSR|CSR-PC|IRET|IRET-P|IRET-PB|IRET-PC|IRETS
CSR-PC,IRET-PC IRET-PB IRET-P IRET CSR IRETS,CSR-PC|IRET-PC IRET-PB IRET-P IRET CSR IRETS,CSR|CSR-PC|IRET|IRET-P|IRET-PB|IRET-PC|IRETS
CSR2,CSR CSSTF CSCT,CSR CSSTF CSCT|CSR2,CSCT|CSR|CSR2|CSSTF
CSSEP,CSSEN CSSEQ CSSEL,CSSEN CSSEQ CSSEL|CSSEP,CSSEL|CSSEN|CSSEP|CSSEQ
CSSEQ,CSSEN CSSEL CSSEP,CSSEN CSSEL CSSEP|CSSEQ,CSSEL|CSSEN|CSSEP|CSSEQ
CSTAF,CSTA.U CSTUF CSTWF CSTA.WS CSTA,CSTA.U CSTUF CSTWF CSTA.WS CSTA|CSTAF,CSTA|CSTA.U|CSTA.WS|CSTAF|CSTUF|CSTWF
CSTUF,CSTA.U CSTAF CSTWF CSTA.WS CSTA,CSTA.U CSTAF CSTWF CSTA.WS CSTA|CSTUF,CSTA|CSTA.U|CSTA.WS|CSTAF|CSTUF|CSTWF
CSTWF,CSTA.U CSTAF CSTUF CSTA.WS CSTA,CSTA.U CSTAF CSTUF CSTA.WS CSTA|CSTWF,CSTA|CSTA.U|CSTA.WS|CSTAF|CSTUF|CSTWF
CSWC,CSWCZ CSWCL,CSWC|CSWCZ CSWCL,CSWC|CSWCL|CSWCZ
CTA-PA,CTA-PB DD1 DD,CTA-PA|CTA-PB DD1 DD,CTA-PA|CTA-PB|DD|DD1
CTA-PB,CTA-PA DD1 DD,CTA-PA DD1 DD|CTA-PB,CTA-PA|CTA-PB|DD|DD1
CTAC.U,KORE CTAC.WS CTAC KORE.WS KORGW,CTAC.U|KORE CTAC.WS CTAC KORE.WS KORGW,CTAC|CTAC.U|CTAC.WS|KORE|KORE.WS|KORGW
CTACU,GDYNW CTAC GDYN CTACW,CTACU|GDYNW CTAC GDYN CTACW,CTAC|CTACU|CTACW|GDYN|GDYNW
CTAQ,CTAQU CTAQW,CTAQ|CTAQU CTAQW,CTAQ|CTAQU|CTAQW
CTAQU,CTAQ CTAQW,CTAQ CTAQW|CTAQU,CTAQ|CTAQU|CTAQW
CTAQW,CTAQU CTAQ,CTAQU CTAQ|CTAQW,CTAQ|CTAQU|CTAQW
CTCO,CTEX CTEXB CTCOB,CTCO|CTEX CTEXB CTCOB,CTCO|CTCOB|CTEX|CTEXB
CTCOB,CTEX CTCO CTEXB,CTCOB|CTEX CTCO CTEXB,CTCO|CTCOB|CTEX|CTEXB
CTDBQ,CTDB CDL,CTDB CDL|CTDBQ,CDL|CTDB|CTDBQ
CTESY,CTES CTE,CTES CTE|CTESY,CTE|CTES|CTESY
CTEV,MPLN.WS CCXX.WS CCXX MPLN MPLNW CCXX.U,CTEV|MPLN.WS CCXX.WS CCXX MPLN MPLNW CCXX.U,CCXX|CCXX.U|CCXX.WS|CTEV|MPLN|MPLN.WS|MPLNW
CTLP,USAT USATP CTLPP,CTLP|USAT USATP CTLPP,CTLP|CTLPP|USAT|USATP
CTLPP,CTLP USAT USATP,CTLP USAT USATP|CTLPP,CTLP|CTLPP|USAT|USATP
CTO,CTO-PA CTOPP,CTO|CTO-PA CTOPP,CTO|CTO-PA|CTOPP
CTO-PA,CTO CTOPP,CTO CTOPP|CTO-PA,CTO|CTO-PA|CTOPP
CTOR,TENKR TENKU TENK,CTOR|TENKR TENKU TENK,CTOR|TENK|TENKR|TENKU
CTOS,CIC CIC.U NSCO.WS CIC.WS CTOS.WS NSCO CTOSW,CIC CIC.U NSCO.WS CIC.WS CTOS.WS NSCO CTOSW|CTOS,CIC|CIC.U|CIC.WS|CTOS|CTOS.WS|CTOSW|NSCO|NSCO.WS
CTOSW,CIC CTOS CIC.U NSCO.WS CIC.WS CTOS.WS NSCO,CIC CTOS CIC.U NSCO.WS CIC.WS CTOS.WS NSCO|CTOSW,CIC|CIC.U|CIC.WS|CTOS|CTOS.WS|CTOSW|NSCO|NSCO.WS
CTRCQ,INNO DFBG CTRC JOEZ,CTRCQ|INNO DFBG CTRC JOEZ,CTRC|CTRCQ|DFBG|INNO|JOEZ
CTRX,SXCI SXCFF,CTRX|SXCI SXCFF,CTRX|SXCFF|SXCI
CTSO,GDRE MSBT,CTSO|GDRE MSBT,CTSO|GDRE|MSBT
CTV,IACB.U CTV.WS IACB IACB.WS,CTV|IACB.U CTV.WS IACB IACB.WS,CTV|CTV.WS|IACB|IACB.U|IACB.WS
CTV.WS,IACB.U IACB IACB.WS CTV,CTV.WS|IACB.U IACB IACB.WS CTV,CTV|CTV.WS|IACB|IACB.U|IACB.WS
CUBE,CUBE-PA YSI,CUBE|CUBE-PA YSI,CUBE|CUBE-PA|YSI
CUBE-PA,CUBE YSI,CUBE YSI|CUBE-PA,CUBE|CUBE-PA|YSI
CUBI,CUBI-PD CUBS1 CUBI-PF CUBB CUBI-PE CUBI-PC CUUU CUBS,CUBI|CUBI-PD CUBS1 CUBI-PF CUBB CUBI-PE CUBI-PC CUUU CUBS,CUBB|CUBI|CUBI-PC|CUBI-PD|CUBI-PE|CUBI-PF|CUBS|CUBS1|CUUU
CUBI-PC,CUBI-PD CUBI CUBS1 CUBI-PF CUBB CUBI-PE CUUU CUBS,CUBI-PC|CUBI-PD CUBI CUBS1 CUBI-PF CUBB CUBI-PE CUUU CUBS,CUBB|CUBI|CUBI-PC|CUBI-PD|CUBI-PE|CUBI-PF|CUBS|CUBS1|CUUU
CUBI-PD,CUBI CUBS1 CUBI-PF CUBB CUBI-PE CUBI-PC CUUU CUBS,CUBI CUBS1 CUBI-PF CUBB CUBI-PE CUBI-PC CUUU CUBS|CUBI-PD,CUBB|CUBI|CUBI-PC|CUBI-PD|CUBI-PE|CUBI-PF|CUBS|CUBS1|CUUU
CUBI-PE,CUBI-PD CUBI CUBS1 CUBI-PF CUBB CUBI-PC CUUU CUBS,CUBI-PD CUBI CUBS1 CUBI-PF CUBB CUBI-PC CUUU CUBS|CUBI-PE,CUBB|CUBI|CUBI-PC|CUBI-PD|CUBI-PE|CUBI-PF|CUBS|CUBS1|CUUU
CUBI-PF,CUBI-PD CUBI CUBS1 CUBB CUBI-PE CUBI-PC CUUU CUBS,CUBI-PD CUBI CUBS1 CUBB CUBI-PE CUBI-PC CUUU CUBS|CUBI-PF,CUBB|CUBI|CUBI-PC|CUBI-PD|CUBI-PE|CUBI-PF|CUBS|CUBS1|CUUU
CUEN,NYBD PLKD LNWZ CUENW,CUEN|NYBD PLKD LNWZ CUENW,CUEN|CUENW|LNWZ|NYBD|PLKD
CUENW,NYBD CUEN PLKD LNWZ,CUENW|NYBD CUEN PLKD LNWZ,CUEN|CUENW|LNWZ|NYBD|PLKD
CUK,CCL POC,CCL POC|CUK,CCL|CUK|POC
CURI,SAQN CURIW SAQNU SAQNW,CURI|SAQN CURIW SAQNU SAQNW,CURI|CURIW|SAQN|SAQNU|SAQNW
CURIW,SAQN CURI SAQNU SAQNW,CURIW|SAQN CURI SAQNU SAQNW,CURI|CURIW|SAQN|SAQNU|SAQNW
CURR,IFIN IFIN.U IFIN.WS,CURR|IFIN IFIN.U IFIN.WS,CURR|IFIN|IFIN.U|IFIN.WS
CUSI,FZN CUIS,CUSI|FZN CUIS,CUIS|CUSI|FZN
CVC,RMG RMG2,CVC|RMG RMG2,CVC|RMG|RMG2
CVEO1,CVEO CVE,CVEO CVE|CVEO1,CVE|CVEO|CVEO1
CVGYQ,OG COV,CVGYQ|OG COV,COV|CVGYQ|OG
CVII,CVII.WS CVII.U CVIIW CVIIU,CVII|CVII.WS CVII.U CVIIW CVIIU,CVII|CVII.U|CVII.WS|CVIIU|CVIIW
CVIIU,CVII.WS CVII.U CVII CVIIW,CVII.WS CVII.U CVII CVIIW|CVIIU,CVII|CVII.U|CVII.WS|CVIIU|CVIIW
CVIIW,CVII.WS CVII.U CVII CVIIU,CVII.WS CVII.U CVII CVIIU|CVIIW,CVII|CVII.U|CVII.WS|CVIIU|CVIIW
CVNSQ,CVN CSII CVNS,CVN CSII CVNS|CVNSQ,CSII|CVN|CVNS|CVNSQ
CVON,FMCI FMCIU,CVON|FMCI FMCIU,CVON|FMCI|FMCIU
CVOVQ,MWL CVO,CVOVQ|MWL CVO,CVO|CVOVQ|MWL
CVSA,DV ATGE,CVSA|DV ATGE,ATGE|CVSA|DV
CVVT,AJKM CVVZ ICNR,AJKM CVVZ ICNR|CVVT,AJKM|CVVT|CVVZ|ICNR
CWEN,NYLD.A NYLD CWEN.A,CWEN|NYLD.A NYLD CWEN.A,CWEN|CWEN.A|NYLD|NYLD.A
CWEN.A,CWEN NYLD.A NYLD,CWEN NYLD.A NYLD|CWEN.A,CWEN|CWEN.A|NYLD|NYLD.A
CXAC,CXAC.WS CXAC.U,CXAC|CXAC.WS CXAC.U,CXAC|CXAC.U|CXAC.WS
CXAC.U,CXAC.WS CXAC,CXAC.U|CXAC.WS CXAC,CXAC|CXAC.U|CXAC.WS
CXAC.WS,CXAC CXAC.U,CXAC CXAC.U|CXAC.WS,CXAC|CXAC.U|CXAC.WS
CXAI,KINZ KINZU,CXAI|KINZ KINZU,CXAI|KINZ|KINZU
CXDO,EXE IIG IMGG,CXDO|EXE IIG IMGG,CXDO|EXE|IIG|IMGG
CXP1,CXP BUH,CXP BUH|CXP1,BUH|CXP|CXP1
CXPO,CXPI GULF,CXPI GULF|CXPO,CXPI|CXPO|GULF
CYAB,TBMCU TBMC,CYAB|TBMCU TBMC,CYAB|TBMC|TBMCU
CYBA2,CYBA ADRX,CYBA ADRX|CYBA2,ADRX|CYBA|CYBA2
CYBR1,MIOA CYBR,CYBR1|MIOA CYBR,CYBR|CYBR1|MIOA
CYCU,WAVSU WAVS,CYCU|WAVSU WAVS,CYCU|WAVS|WAVSU
CYN-PC,CYN-PD CYN1 CYN,CYN-PC|CYN-PD CYN1 CYN,CYN|CYN-PC|CYN-PD|CYN1
CYN-PD,CYN1 CYN CYN-PC,CYN-PD|CYN1 CYN CYN-PC,CYN|CYN-PC|CYN-PD|CYN1
CYN1,CYN-PD CYN CYN-PC,CYN-PD CYN CYN-PC|CYN1,CYN|CYN-PC|CYN-PD|CYN1
CYRNQ,CYRN CTCH,CYRN CTCH|CYRNQ,CTCH|CYRN|CYRNQ
CYRS1,CYR CYRS,CYR CYRS|CYRS1,CYR|CYRS|CYRS1
CYS,CYS-PB CYS-PA,CYS|CYS-PB CYS-PA,CYS|CYS-PA|CYS-PB
CYS-PA,CYS-PB CYS,CYS-PA|CYS-PB CYS,CYS|CYS-PA|CYS-PB
CYS-PB,CYS CYS-PA,CYS CYS-PA|CYS-PB,CYS|CYS-PA|CYS-PB
CYTH,CYTHW CTDH,CYTH|CYTHW CTDH,CTDH|CYTH|CYTHW
CYTHW,CYTH CTDH,CYTH CTDH|CYTHW,CTDH|CYTH|CYTHW
CYTOF,EARS CYTO,CYTOF|EARS CYTO,CYTO|CYTOF|EARS
CYXTQ,SVACU1 SVACW SVACU CYXTW SVAC CYXT,CYXTQ|SVACU1 SVACW SVACU CYXTW SVAC CYXT,CYXT|CYXTQ|CYXTW|SVAC|SVACU|SVACU1|SVACW
CYXTW,SVACU1 SVACW SVACU CYXTQ SVAC CYXT,CYXTW|SVACU1 SVACW SVACU CYXTQ SVAC CYXT,CYXT|CYXTQ|CYXTW|SVAC|SVACU|SVACU1|SVACW
CZOO.WS,CZOOF AJAX.U CZOO AJAX.WS AJAX,CZOO.WS|CZOOF AJAX.U CZOO AJAX.WS AJAX,AJAX|AJAX.U|AJAX.WS|CZOO|CZOO.WS|CZOOF
CZOOF,CZOO.WS AJAX.U CZOO AJAX.WS AJAX,CZOO.WS AJAX.U CZOO AJAX.WS AJAX|CZOOF,AJAX|AJAX.U|AJAX.WS|CZOO|CZOO.WS|CZOOF
D,DCUAU DCUA DCUC DCUD DRUA DMNRU DMMRU DCUE DCUB DOMGL,D|DCUAU DCUA DCUC DCUD DRUA DMNRU DMMRU DCUE DCUB DOMGL,D|DCUA|DCUAU|DCUB|DCUC|DCUD|DCUE|DMMRU|DMNRU|DOMGL|DRUA
DAEG,UNFY UFYC,DAEG|UNFY UFYC,DAEG|UFYC|UNFY
DAOO,DAOOU DAOOW,DAOO|DAOOU DAOOW,DAOO|DAOOU|DAOOW
DAOOU,DAOOW DAOO,DAOOU|DAOOW DAOO,DAOO|DAOOU|DAOOW
DAOOW,DAOOU DAOO,DAOOU DAOO|DAOOW,DAOO|DAOOU|DAOOW
DARA,HMSR POTP,DARA|HMSR POTP,DARA|HMSR|POTP
DAVE,VPCC VPCC.U,DAVE|VPCC VPCC.U,DAVE|VPCC|VPCC.U
DB,DKT DXB,DB|DKT DXB,DB|DKT|DXB
DBDRU,DBDR DBDRW CMPOW CMPO GPGI,DBDR DBDRW CMPOW CMPO GPGI|DBDRU,CMPO|CMPOW|DBDR|DBDRU|DBDRW|GPGI
DBRG,DBRG-PJ CLNY-PC DBRG-PG CLNS CLNS-PI CLNY-PA CLNS-PD CLNS-PJ CLNS-PC CLNY-PH CLNY-PI CLNY-PE CLNY-PB CLNS-PE CLNS-PG CLNS-PB CYCPP CLNS-PH CLNY CLNS-PA CLNY-PG CLNY-PJ DBRG-PI NSAM DBRG-PH CLNS-PF,DBRG|DBRG-PJ CLNY-PC DBRG-PG CLNS CLNS-PI CLNY-PA CLNS-PD CLNS-PJ CLNS-PC CLNY-PH CLNY-PI CLNY-PE CLNY-PB CLNS-PE CLNS-PG CLNS-PB CYCPP CLNS-PH CLNY CLNS-PA CLNY-PG CLNY-PJ DBRG-PI NSAM DBRG-PH CLNS-PF,CLNS|CLNS-PA|CLNS-PB|CLNS-PC|CLNS-PD|CLNS-PE|CLNS-PF|CLNS-PG|CLNS-PH|CLNS-PI|CLNS-PJ|CLNY|CLNY-PA|CLNY-PB|CLNY-PC|CLNY-PE|CLNY-PG|CLNY-PH|CLNY-PI|CLNY-PJ|CYCPP|DBRG|DBRG-PG|DBRG-PH|DBRG-PI|DBRG-PJ|NSAM
DBRG-PG,DBRG-PJ CLNY-PC CLNS CLNS-PI CLNY-PA CLNS-PD CLNS-PJ CLNS-PC CLNY-PH CLNY-PI CLNY-PE CLNY-PB CLNS-PE CLNS-PG CLNS-PB CYCPP DBRG CLNS-PH CLNY CLNS-PA CLNY-PG CLNY-PJ DBRG-PI NSAM DBRG-PH CLNS-PF,DBRG-PG|DBRG-PJ CLNY-PC CLNS CLNS-PI CLNY-PA CLNS-PD CLNS-PJ CLNS-PC CLNY-PH CLNY-PI CLNY-PE CLNY-PB CLNS-PE CLNS-PG CLNS-PB CYCPP DBRG CLNS-PH CLNY CLNS-PA CLNY-PG CLNY-PJ DBRG-PI NSAM DBRG-PH CLNS-PF,CLNS|CLNS-PA|CLNS-PB|CLNS-PC|CLNS-PD|CLNS-PE|CLNS-PF|CLNS-PG|CLNS-PH|CLNS-PI|CLNS-PJ|CLNY|CLNY-PA|CLNY-PB|CLNY-PC|CLNY-PE|CLNY-PG|CLNY-PH|CLNY-PI|CLNY-PJ|CYCPP|DBRG|DBRG-PG|DBRG-PH|DBRG-PI|DBRG-PJ|NSAM
DBRG-PH,DBRG-PJ CLNY-PC DBRG-PG CLNS CLNS-PI CLNY-PA CLNS-PD CLNS-PJ CLNS-PC CLNY-PH CLNY-PI CLNY-PE CLNY-PB CLNS-PE CLNS-PG CLNS-PB CYCPP DBRG CLNS-PH CLNY CLNS-PA CLNY-PG CLNY-PJ DBRG-PI NSAM CLNS-PF,DBRG-PH|DBRG-PJ CLNY-PC DBRG-PG CLNS CLNS-PI CLNY-PA CLNS-PD CLNS-PJ CLNS-PC CLNY-PH CLNY-PI CLNY-PE CLNY-PB CLNS-PE CLNS-PG CLNS-PB CYCPP DBRG CLNS-PH CLNY CLNS-PA CLNY-PG CLNY-PJ DBRG-PI NSAM CLNS-PF,CLNS|CLNS-PA|CLNS-PB|CLNS-PC|CLNS-PD|CLNS-PE|CLNS-PF|CLNS-PG|CLNS-PH|CLNS-PI|CLNS-PJ|CLNY|CLNY-PA|CLNY-PB|CLNY-PC|CLNY-PE|CLNY-PG|CLNY-PH|CLNY-PI|CLNY-PJ|CYCPP|DBRG|DBRG-PG|DBRG-PH|DBRG-PI|DBRG-PJ|NSAM
DBRG-PI,DBRG-PJ CLNY-PC DBRG-PG CLNS CLNS-PI CLNY-PA CLNS-PD CLNS-PJ CLNS-PC CLNY-PH CLNY-PI CLNY-PE CLNY-PB CLNS-PE CLNS-PG CLNS-PB CYCPP DBRG CLNS-PH CLNY CLNS-PA CLNY-PG CLNY-PJ NSAM DBRG-PH CLNS-PF,DBRG-PI|DBRG-PJ CLNY-PC DBRG-PG CLNS CLNS-PI CLNY-PA CLNS-PD CLNS-PJ CLNS-PC CLNY-PH CLNY-PI CLNY-PE CLNY-PB CLNS-PE CLNS-PG CLNS-PB CYCPP DBRG CLNS-PH CLNY CLNS-PA CLNY-PG CLNY-PJ NSAM DBRG-PH CLNS-PF,CLNS|CLNS-PA|CLNS-PB|CLNS-PC|CLNS-PD|CLNS-PE|CLNS-PF|CLNS-PG|CLNS-PH|CLNS-PI|CLNS-PJ|CLNY|CLNY-PA|CLNY-PB|CLNY-PC|CLNY-PE|CLNY-PG|CLNY-PH|CLNY-PI|CLNY-PJ|CYCPP|DBRG|DBRG-PG|DBRG-PH|DBRG-PI|DBRG-PJ|NSAM
DBRG-PJ,CLNY-PC DBRG-PG CLNS CLNS-PI CLNY-PA CLNS-PD CLNS-PJ CLNS-PC CLNY-PH CLNY-PI CLNY-PE CLNY-PB CLNS-PE CLNS-PG CLNS-PB CYCPP DBRG CLNS-PH CLNY CLNS-PA CLNY-PG CLNY-PJ DBRG-PI NSAM DBRG-PH CLNS-PF,CLNY-PC DBRG-PG CLNS CLNS-PI CLNY-PA CLNS-PD CLNS-PJ CLNS-PC CLNY-PH CLNY-PI CLNY-PE CLNY-PB CLNS-PE CLNS-PG CLNS-PB CYCPP DBRG CLNS-PH CLNY CLNS-PA CLNY-PG CLNY-PJ DBRG-PI NSAM DBRG-PH CLNS-PF|DBRG-PJ,CLNS|CLNS-PA|CLNS-PB|CLNS-PC|CLNS-PD|CLNS-PE|CLNS-PF|CLNS-PG|CLNS-PH|CLNS-PI|CLNS-PJ|CLNY|CLNY-PA|CLNY-PB|CLNY-PC|CLNY-PE|CLNY-PG|CLNY-PH|CLNY-PI|CLNY-PJ|CYCPP|DBRG|DBRG-PG|DBRG-PH|DBRG-PI|DBRG-PJ|NSAM
DCFCQ,DCFWQ DCRN DCFCW DCRNU DCRNW DCFC,DCFCQ|DCFWQ DCRN DCFCW DCRNU DCRNW DCFC,DCFC|DCFCQ|DCFCW|DCFWQ|DCRN|DCRNU|DCRNW
DCFWQ,DCFCQ DCRN DCFCW DCRNU DCRNW DCFC,DCFCQ DCRN DCFCW DCRNU DCRNW DCFC|DCFWQ,DCFC|DCFCQ|DCFCW|DCFWQ|DCRN|DCRNU|DCRNW
DCGO,DCGOW MOTNW MOTN MOTNU,DCGO|DCGOW MOTNW MOTN MOTNU,DCGO|DCGOW|MOTN|MOTNU|MOTNW
DCGOW,DCGO MOTNW MOTN MOTNU,DCGO MOTNW MOTN MOTNU|DCGOW,DCGO|DCGOW|MOTN|MOTNU|MOTNW
DCOM,DCOMG DCBG DCOMP BDGE DIMEP DCOM-P,DCOM|DCOMG DCBG DCOMP BDGE DIMEP DCOM-P,BDGE|DCBG|DCOM|DCOM-P|DCOMG|DCOMP|DIMEP
DCOM-P,DCOMG DCOM DCBG DCOMP BDGE DIMEP,DCOM-P|DCOMG DCOM DCBG DCOMP BDGE DIMEP,BDGE|DCBG|DCOM|DCOM-P|DCOMG|DCOMP|DIMEP
DCOY,FLKS SLRX,DCOY|FLKS SLRX,DCOY|FLKS|SLRX
DCP,DCP-PB DPM DCP-PC,DCP|DCP-PB DPM DCP-PC,DCP|DCP-PB|DCP-PC|DPM
DCP-PB,DPM DCP DCP-PC,DCP-PB|DPM DCP DCP-PC,DCP|DCP-PB|DCP-PC|DPM
DCP-PC,DCP-PB DPM DCP,DCP-PB DPM DCP|DCP-PC,DCP|DCP-PB|DCP-PC|DPM
DCRBU,DCRB HYZN DCRBW HYZNW,DCRB HYZN DCRBW HYZNW|DCRBU,DCRB|DCRBU|DCRBW|HYZN|HYZNW
DCRCU,SLDP DCRC,DCRCU|SLDP DCRC,DCRC|DCRCU|SLDP
DCRDU,HHRSW DCRDW HHRS DCRD,DCRDU|HHRSW DCRDW HHRS DCRD,DCRD|DCRDU|DCRDW|HHRS|HHRSW
DCRNU,DCFCQ DCFWQ DCRN DCFCW DCRNW DCFC,DCFCQ DCFWQ DCRN DCFCW DCRNW DCFC|DCRNU,DCFC|DCFCQ|DCFCW|DCFWQ|DCRN|DCRNU|DCRNW
DCUA,DCUAU DCUC DCUD D DRUA DMNRU DMMRU DCUE DCUB DOMGL,DCUA|DCUAU DCUC DCUD D DRUA DMNRU DMMRU DCUE DCUB DOMGL,D|DCUA|DCUAU|DCUB|DCUC|DCUD|DCUE|DMMRU|DMNRU|DOMGL|DRUA
DCUB,DCUAU DCUA DCUC DCUD D DRUA DMNRU DMMRU DCUE DOMGL,DCUAU DCUA DCUC DCUD D DRUA DMNRU DMMRU DCUE DOMGL|DCUB,D|DCUA|DCUAU|DCUB|DCUC|DCUD|DCUE|DMMRU|DMNRU|DOMGL|DRUA
DCUC,DCUAU DCUA DCUD D DRUA DOMGL DMMRU DCUE DCUB DMNRU,DCUAU DCUA DCUD D DRUA DOMGL DMMRU DCUE DCUB DMNRU|DCUC,D|DCUA|DCUAU|DCUB|DCUC|DCUD|DCUE|DMMRU|DMNRU|DOMGL|DRUA
DCUD,DCUAU DCUA DCUC D DRUA DOMGL DMNRU DCUE DCUB DMMRU,DCUAU DCUA DCUC D DRUA DOMGL DMNRU DCUE DCUB DMMRU|DCUD,D|DCUA|DCUAU|DCUB|DCUC|DCUD|DCUE|DMMRU|DMNRU|DOMGL|DRUA
DCUE,DCUAU DCUA DCUC DCUD D DRUA DMNRU DMMRU DCUB DOMGL,DCUAU DCUA DCUC DCUD D DRUA DMNRU DMMRU DCUB DOMGL|DCUE,D|DCUA|DCUAU|DCUB|DCUC|DCUD|DCUE|DMMRU|DMNRU|DOMGL|DRUA
DCX,JWACU CJET JWACR JWAC,DCX|JWACU CJET JWACR JWAC,CJET|DCX|JWAC|JWACR|JWACU
DD,DOW DWDP,DD|DOW DWDP,DD|DOW|DWDP
DD1,CTA-PB CTA-PA DD,CTA-PB CTA-PA DD|DD1,CTA-PA|CTA-PB|DD|DD1
DDAIF,DCX DAI,DCX DAI|DDAIF,DAI|DCX|DDAIF
DDC2,HWD DDC ABER,DDC2|HWD DDC ABER,ABER|DDC|DDC2|HWD
DDMX1,DDN DDMX,DDMX1|DDN DDMX,DDMX|DDMX1|DDN
DDMX2,DDMXU DDMX,DDMX2|DDMXU DDMX,DDMX|DDMX2|DDMXU
DDMXU,DDMX CDRO,DDMX CDRO|DDMXU,CDRO|DDMX|DDMXU
DDSSF,DDSS LBPFF,DDSS LBPFF|DDSSF,DDSS|DDSSF|LBPFF
DECA,DECAW DECAU,DECA|DECAW DECAU,DECA|DECAU|DECAW
DECAU,DECAW DECA,DECAU|DECAW DECA,DECA|DECAU|DECAW
DECAW,DECAU DECA,DECAU DECA|DECAW,DECA|DECAU|DECAW
DEH.U,DEH.WS DEH RBOT.WS RBOT,DEH.U|DEH.WS DEH RBOT.WS RBOT,DEH|DEH.U|DEH.WS|RBOT|RBOT.WS
DENN,DINE DNYY,DENN|DINE DNYY,DENN|DINE|DNYY
DESTQ,MWRK DEST,DESTQ|MWRK DEST,DEST|DESTQ|MWRK
DEVSF,FIACW DEVS FIACU FIAC,DEVSF|FIACW DEVS FIACU FIAC,DEVS|DEVSF|FIAC|FIACU|FIACW
DFHTU,CMAXQ CMAX DFHTW CMAXW DFHT,CMAXQ CMAX DFHTW CMAXW DFHT|DFHTU,CMAX|CMAXQ|CMAXW|DFHT|DFHTU|DFHTW
DFLI,CNTQU CNTQ,CNTQU CNTQ|DFLI,CNTQ|CNTQU|DFLI
DFNS,BRLI BRLIR NUKK BRLIU,BRLI BRLIR NUKK BRLIU|DFNS,BRLI|BRLIR|BRLIU|DFNS|NUKK
DFNS.U,DFNS.WS IRNT.WS IRNTQ DFNS IRNT,DFNS.U|DFNS.WS IRNT.WS IRNTQ DFNS IRNT,DFNS|DFNS.U|DFNS.WS|IRNT|IRNT.WS|IRNTQ
DFODQ,SWZA DF,DFODQ|SWZA DF,DF|DFODQ|SWZA
DFPHU,TOI DFPH,DFPHU|TOI DFPH,DFPH|DFPHU|TOI
DFSC,KWEMF KWE,DFSC|KWEMF KWE,DFSC|KWE|KWEMF
DFT,DFT-PA DFT-PC DFT-PB,DFT|DFT-PA DFT-PC DFT-PB,DFT|DFT-PA|DFT-PB|DFT-PC
DFT-PA,DFT-PC DFT-PB DFT,DFT-PA|DFT-PC DFT-PB DFT,DFT|DFT-PA|DFT-PB|DFT-PC
DFT-PB,DFT-PC DFT-PA DFT,DFT-PB|DFT-PC DFT-PA DFT,DFT|DFT-PA|DFT-PB|DFT-PC
DFT-PC,DFT-PA DFT-PB DFT,DFT-PA DFT-PB DFT|DFT-PC,DFT|DFT-PA|DFT-PB|DFT-PC
DFTX,MNMD MMEDF,DFTX|MNMD MMEDF,DFTX|MMEDF|MNMD
DFZ,RGB RGBC,DFZ|RGB RGBC,DFZ|RGB|RGBC
DGLHQ,DGLH ETIN,DGLH ETIN|DGLHQ,DGLH|DGLHQ|ETIN
DGNR.U,DGNR CCCS.WS CCC DGNR.WS CCCS,DGNR CCCS.WS CCC DGNR.WS CCCS|DGNR.U,CCC|CCCS|CCCS.WS|DGNR|DGNR.U|DGNR.WS
DGXX,HSSHF DGHI,DGXX|HSSHF DGHI,DGHI|DGXX|HSSHF
DHACU,VSEE DHAC,DHACU|VSEE DHAC,DHAC|DHACU|VSEE
DHAI,ATAK ATAKR ATAKW ATAKU DHAIW,ATAK ATAKR ATAKW ATAKU DHAIW|DHAI,ATAK|ATAKR|ATAKU|ATAKW|DHAI|DHAIW
DHAIW,ATAK ATAKR DHAI ATAKW ATAKU,ATAK ATAKR DHAI ATAKW ATAKU|DHAIW,ATAK|ATAKR|ATAKU|ATAKW|DHAI|DHAIW
DHBC,DHBCW DHBCU,DHBC|DHBCW DHBCU,DHBC|DHBCU|DHBCW
DHBCU,DHBCW DHBC,DHBCU|DHBCW DHBC,DHBC|DHBCU|DHBCW
DHBCW,DHBC DHBCU,DHBC DHBCU|DHBCW,DHBC|DHBCU|DHBCW
DHC,DHCNL SNH DHCNI SNHNL SNHNI,DHC|DHCNL SNH DHCNI SNHNL SNHNI,DHC|DHCNI|DHCNL|SNH|SNHNI|SNHNL
DHCAU,BNAI DHCA,BNAI DHCA|DHCAU,BNAI|DHCA|DHCAU
DHHCU,DHHC UHG,DHHC UHG|DHHCU,DHHC|DHHCU|UHG
DHOXY,DHOXQ HXM,DHOXQ HXM|DHOXY,DHOXQ|DHOXY|HXM
DHR,DHRRP DHR-PA DHR-PB,DHR|DHRRP DHR-PA DHR-PB,DHR|DHR-PA|DHR-PB|DHRRP
DHR-PA,DHRRP DHR-PB DHR,DHR-PA|DHRRP DHR-PB DHR,DHR|DHR-PA|DHR-PB|DHRRP
DHR-PB,DHRRP DHR-PA DHR,DHR-PB|DHRRP DHR-PA DHR,DHR|DHR-PA|DHR-PB|DHRRP
DIAL1,WWOZ WON DIAL WWON,DIAL1|WWOZ WON DIAL WWON,DIAL|DIAL1|WON|WWON|WWOZ
DICE1,EWBX DICE,DICE1|EWBX DICE,DICE|DICE1|EWBX
DIG1,DIG DIS,DIG DIS|DIG1,DIG|DIG1|DIS
DILA,DILAU DILAW,DILA|DILAU DILAW,DILA|DILAU|DILAW
DILAU,DILA DILAW,DILA DILAW|DILAU,DILA|DILAU|DILAW
DILAW,DILA DILAU,DILA DILAU|DILAW,DILA|DILAU|DILAW
DIN.L,DIN DIN1,DIN DIN1|DIN.L,DIN|DIN.L|DIN1
DIN1,DIN.L DIN,DIN.L DIN|DIN1,DIN|DIN.L|DIN1
DINE1,DINE IRN,DINE IRN|DINE1,DINE|DINE1|IRN
DINIQ,DII DINI,DII DINI|DINIQ,DII|DINI|DINIQ
DINO,HFC HOC,DINO|HFC HOC,DINO|HFC|HOC
DIOMQ,DIOM DIO,DIOM DIO|DIOMQ,DIO|DIOM|DIOMQ
DIS,DIG DIG1,DIG DIG1|DIS,DIG|DIG1|DIS
DISA,DISAU DISAW,DISA|DISAU DISAW,DISA|DISAU|DISAW
DISAU,DISAW DISA,DISAU|DISAW DISA,DISA|DISAU|DISAW
DISAW,DISAU DISA,DISAU DISA|DISAW,DISA|DISAU|DISAW
DISCB,DISCA DISCK WBD,DISCA DISCK WBD|DISCB,DISCA|DISCB|DISCK|WBD
DISCK,DISCA WBD DISCB,DISCA WBD DISCB|DISCK,DISCA|DISCB|DISCK|WBD
DISTR,DIST YOUL DISTW DISTU,DIST YOUL DISTW DISTU|DISTR,DIST|DISTR|DISTU|DISTW|YOUL
DISTW,DISTR DIST YOUL DISTU,DISTR DIST YOUL DISTU|DISTW,DIST|DISTR|DISTU|DISTW|YOUL
DJT,DWAC DWACU,DJT|DWAC DWACU,DJT|DWAC|DWACU
DJTCQ,DJTC DJT,DJTC DJT|DJTCQ,DJT|DJTC|DJTCQ
DKDCU,ONMD DKDCA,DKDCU|ONMD DKDCA,DKDCA|DKDCU|ONMD
DKNG,DEAC DEACU,DEAC DEACU|DKNG,DEAC|DEACU|DKNG
DLCA,DLCAU DLCAW,DLCA|DLCAU DLCAW,DLCA|DLCAU|DLCAW
DLCAU,DLCA DLCAW,DLCA DLCAW|DLCAU,DLCA|DLCAU|DLCAW
DLCAW,DLCAU DLCA,DLCAU DLCA|DLCAW,DLCA|DLCAU|DLCAW
DLHC,DGSI TSTF,DGSI TSTF|DLHC,DGSI|DLHC|TSTF
DLIA1,TURF DLIA,DLIA1|TURF DLIA,DLIA|DLIA1|TURF
DLNG,DLNG-PB DLNG-PA,DLNG|DLNG-PB DLNG-PA,DLNG|DLNG-PA|DLNG-PB
DLNG-PA,DLNG DLNG-PB,DLNG DLNG-PB|DLNG-PA,DLNG|DLNG-PA|DLNG-PB
DLNG-PB,DLNG DLNG-PA,DLNG DLNG-PA|DLNG-PB,DLNG|DLNG-PA|DLNG-PB
DLR,DIGRP DLR-PL DLR-PG DLR-PH-CL DLR-PE DLR-PC DLR-PF DLR-PK DLR-PI DLR-PJ,DIGRP DLR-PL DLR-PG DLR-PH-CL DLR-PE DLR-PC DLR-PF DLR-PK DLR-PI DLR-PJ|DLR,DIGRP|DLR|DLR-PC|DLR-PE|DLR-PF|DLR-PG|DLR-PH-CL|DLR-PI|DLR-PJ|DLR-PK|DLR-PL
DLR-PC,DIGRP DLR-PL DLR-PG DLR-PH-CL DLR-PE DLR DLR-PF DLR-PK DLR-PI DLR-PJ,DIGRP DLR-PL DLR-PG DLR-PH-CL DLR-PE DLR DLR-PF DLR-PK DLR-PI DLR-PJ|DLR-PC,DIGRP|DLR|DLR-PC|DLR-PE|DLR-PF|DLR-PG|DLR-PH-CL|DLR-PI|DLR-PJ|DLR-PK|DLR-PL
DLR-PE,DIGRP DLR-PL DLR-PG DLR-PH-CL DLR DLR-PC DLR-PF DLR-PK DLR-PI DLR-PJ,DIGRP DLR-PL DLR-PG DLR-PH-CL DLR DLR-PC DLR-PF DLR-PK DLR-PI DLR-PJ|DLR-PE,DIGRP|DLR|DLR-PC|DLR-PE|DLR-PF|DLR-PG|DLR-PH-CL|DLR-PI|DLR-PJ|DLR-PK|DLR-PL
DLR-PF,DIGRP DLR-PL DLR-PG DLR-PH-CL DLR-PE DLR DLR-PC DLR-PK DLR-PI DLR-PJ,DIGRP DLR-PL DLR-PG DLR-PH-CL DLR-PE DLR DLR-PC DLR-PK DLR-PI DLR-PJ|DLR-PF,DIGRP|DLR|DLR-PC|DLR-PE|DLR-PF|DLR-PG|DLR-PH-CL|DLR-PI|DLR-PJ|DLR-PK|DLR-PL
DLR-PG,DIGRP DLR-PL DLR-PH-CL DLR-PE DLR DLR-PC DLR-PF DLR-PK DLR-PI DLR-PJ,DIGRP DLR-PL DLR-PH-CL DLR-PE DLR DLR-PC DLR-PF DLR-PK DLR-PI DLR-PJ|DLR-PG,DIGRP|DLR|DLR-PC|DLR-PE|DLR-PF|DLR-PG|DLR-PH-CL|DLR-PI|DLR-PJ|DLR-PK|DLR-PL
DLR-PH-CL,DIGRP DLR-PL DLR-PG DLR-PE DLR DLR-PC DLR-PF DLR-PK DLR-PI DLR-PJ,DIGRP DLR-PL DLR-PG DLR-PE DLR DLR-PC DLR-PF DLR-PK DLR-PI DLR-PJ|DLR-PH-CL,DIGRP|DLR|DLR-PC|DLR-PE|DLR-PF|DLR-PG|DLR-PH-CL|DLR-PI|DLR-PJ|DLR-PK|DLR-PL
DLR-PI,DIGRP DLR-PL DLR-PG DLR-PH-CL DLR-PE DLR DLR-PC DLR-PF DLR-PK DLR-PJ,DIGRP DLR-PL DLR-PG DLR-PH-CL DLR-PE DLR DLR-PC DLR-PF DLR-PK DLR-PJ|DLR-PI,DIGRP|DLR|DLR-PC|DLR-PE|DLR-PF|DLR-PG|DLR-PH-CL|DLR-PI|DLR-PJ|DLR-PK|DLR-PL
DLR-PJ,DIGRP DLR-PL DLR-PG DLR-PH-CL DLR-PE DLR DLR-PF DLR-PK DLR-PI DLR-PC,DIGRP DLR-PL DLR-PG DLR-PH-CL DLR-PE DLR DLR-PF DLR-PK DLR-PI DLR-PC|DLR-PJ,DIGRP|DLR|DLR-PC|DLR-PE|DLR-PF|DLR-PG|DLR-PH-CL|DLR-PI|DLR-PJ|DLR-PK|DLR-PL
DLR-PK,DIGRP DLR-PL DLR-PG DLR-PH-CL DLR-PE DLR DLR-PC DLR-PF DLR-PI DLR-PJ,DIGRP DLR-PL DLR-PG DLR-PH-CL DLR-PE DLR DLR-PC DLR-PF DLR-PI DLR-PJ|DLR-PK,DIGRP|DLR|DLR-PC|DLR-PE|DLR-PF|DLR-PG|DLR-PH-CL|DLR-PI|DLR-PJ|DLR-PK|DLR-PL
DLR-PL,DIGRP DLR-PG DLR-PH-CL DLR-PE DLR DLR-PC DLR-PF DLR-PK DLR-PI DLR-PJ,DIGRP DLR-PG DLR-PH-CL DLR-PE DLR DLR-PC DLR-PF DLR-PK DLR-PI DLR-PJ|DLR-PL,DIGRP|DLR|DLR-PC|DLR-PE|DLR-PF|DLR-PG|DLR-PH-CL|DLR-PI|DLR-PJ|DLR-PK|DLR-PL
DM,TRNE.WS TRNE.U TRNE DM.WS,DM|TRNE.WS TRNE.U TRNE DM.WS,DM|DM.WS|TRNE|TRNE.U|TRNE.WS
DM.WS,TRNE.WS DM TRNE.U TRNE,DM.WS|TRNE.WS DM TRNE.U TRNE,DM|DM.WS|TRNE|TRNE.U|TRNE.WS
DMAQR,DMAQU DMAQ TRUG,DMAQR|DMAQU DMAQ TRUG,DMAQ|DMAQR|DMAQU|TRUG
DMC.B,DMC DMCSQ DMC.A,DMC DMCSQ DMC.A|DMC.B,DMC|DMC.A|DMC.B|DMCSQ
DMCSQ,DMC DMC.A DMC.B,DMC DMC.A DMC.B|DMCSQ,DMC|DMC.A|DMC.B|DMCSQ
DMKPQ,CLGY ADMP DMK,CLGY ADMP DMK|DMKPQ,ADMP|CLGY|DMK|DMKPQ
DMSIW,LHC.WS DMS.WS LHC DMS DMSL LHC.U,DMSIW|LHC.WS DMS.WS LHC DMS DMSL LHC.U,DMS|DMS.WS|DMSIW|DMSL|LHC|LHC.U|LHC.WS
DMSL,LHC.WS DMS.WS LHC DMS DMSIW LHC.U,DMSL|LHC.WS DMS.WS LHC DMS DMSIW LHC.U,DMS|DMS.WS|DMSIW|DMSL|LHC|LHC.U|LHC.WS
DMTKQ,DMTK CNAC CNACU,DMTK CNAC CNACU|DMTKQ,CNAC|CNACU|DMTK|DMTKQ
DMYD.U,GENI.WS DMYD DMYD.WS GENI,DMYD.U|GENI.WS DMYD DMYD.WS GENI,DMYD|DMYD.U|DMYD.WS|GENI|GENI.WS
DMYI.U,DMYI IONQ,DMYI IONQ|DMYI.U,DMYI|DMYI.U|IONQ
DMYQ.U,PL DMYQ,DMYQ.U|PL DMYQ,DMYQ|DMYQ.U|PL
DMYS,DMYS.WS DMYS.U,DMYS|DMYS.WS DMYS.U,DMYS|DMYS.U|DMYS.WS
DMYS.U,DMYS DMYS.WS,DMYS DMYS.WS|DMYS.U,DMYS|DMYS.U|DMYS.WS
DMYS.WS,DMYS DMYS.U,DMYS DMYS.U|DMYS.WS,DMYS|DMYS.U|DMYS.WS
DMYY,DMYY.U DMYY.WS,DMYY|DMYY.U DMYY.WS,DMYY|DMYY.U|DMYY.WS
DMYY.U,DMYY DMYY.WS,DMYY DMYY.WS|DMYY.U,DMYY|DMYY.U|DMYY.WS
DMYY.WS,DMYY DMYY.U,DMYY DMYY.U|DMYY.WS,DMYY|DMYY.U|DMYY.WS
DNA,DNABW SRNGW SRNGU DNA.WS SRNG,DNA|DNABW SRNGW SRNGU DNA.WS SRNG,DNA|DNA.WS|DNABW|SRNG|SRNGU|SRNGW
DNA1,GNE GNE1 DNA,DNA1|GNE GNE1 DNA,DNA|DNA1|GNE|GNE1
DNABW,SRNGW SRNGU DNA.WS SRNG DNA,DNABW|SRNGW SRNGU DNA.WS SRNG DNA,DNA|DNA.WS|DNABW|SRNG|SRNGU|SRNGW
DSAQU,DSAQ DSAQ.U DSAQ.WS,DSAQ DSAQ.U DSAQ.WS|DSAQU,DSAQ|DSAQ.U|DSAQ.WS|DSAQU
DNMR.WS,LOAK.U LOAK DNMRQ DNMR LOAK.WS,DNMR.WS|LOAK.U LOAK DNMRQ DNMR LOAK.WS,DNMR|DNMR.WS|DNMRQ|LOAK|LOAK.U|LOAK.WS
DNMRQ,LOAK.U LOAK DNMR LOAK.WS DNMR.WS,DNMRQ|LOAK.U LOAK DNMR LOAK.WS DNMR.WS,DNMR|DNMR.WS|DNMRQ|LOAK|LOAK.U|LOAK.WS
DNN,IUCPF DMLCF,DNN|IUCPF DMLCF,DMLCF|DNN|IUCPF
DNZ,DNZ.WS DNZ.U,DNZ|DNZ.WS DNZ.U,DNZ|DNZ.U|DNZ.WS
DNZ.U,DNZ.WS DNZ,DNZ.U|DNZ.WS DNZ,DNZ|DNZ.U|DNZ.WS
DNZ.WS,DNZ DNZ.U,DNZ DNZ.U|DNZ.WS,DNZ|DNZ.U|DNZ.WS
DOC,HCP PEAK,DOC|HCP PEAK,DOC|HCP|PEAK
DOLNQ,DM DOLN,DM DOLN|DOLNQ,DM|DOLN|DOLNQ
DOMA,CAP CAP.WS DOMAW CAP.U DOMA.WS,CAP CAP.WS DOMAW CAP.U DOMA.WS|DOMA,CAP|CAP.U|CAP.WS|DOMA|DOMA.WS|DOMAW
DOMAW,DOMA CAP CAP.WS CAP.U DOMA.WS,DOMA CAP CAP.WS CAP.U DOMA.WS|DOMAW,CAP|CAP.U|CAP.WS|DOMA|DOMA.WS|DOMAW
DOMH,AIKI SPEX,AIKI SPEX|DOMH,AIKI|DOMH|SPEX
DOO,BRPIF DOOO,BRPIF DOOO|DOO,BRPIF|DOO|DOOO
DPCS,DPCSU DPCSW,DPCS|DPCSU DPCSW,DPCS|DPCSU|DPCSW
DPCSU,DPCSW DPCS,DPCSU|DPCSW DPCS,DPCS|DPCSU|DPCSW
DPCSW,DPCSU DPCS,DPCSU DPCS|DPCSW,DPCS|DPCSU|DPCSW
DPU,WAI TCJH,DPU|WAI TCJH,DPU|TCJH|WAI
DRA1,DRA DRY,DRA DRY|DRA1,DRA|DRA1|DRY
DRAY1,DRAYW DRAY DRAYU,DRAY1|DRAYW DRAY DRAYU,DRAY|DRAY1|DRAYU|DRAYW
DRAYU,DRAYW DRAY DRAY1,DRAYU|DRAYW DRAY DRAY1,DRAY|DRAY1|DRAYU|DRAYW
DRAYW,DRAY DRAYU DRAY1,DRAY DRAYU DRAY1|DRAYW,DRAY|DRAY1|DRAYU|DRAYW
DRLCQ,DRLC DRL,DRLC DRL|DRLCQ,DRL|DRLC|DRLCQ
DRTS,HCCCU HCCC,DRTS|HCCCU HCCC,DRTS|HCCC|HCCCU
DRWIQ,DRWI DRGNF,DRWI DRGNF|DRWIQ,DRGNF|DRWI|DRWIQ
DRY,DRA1 DRA,DRA1 DRA|DRY,DRA|DRA1|DRY
DSACU1,DSAC DSACU NOTE,DSAC DSACU NOTE|DSACU1,DSAC|DSACU|DSACU1|NOTE
DSAQ,DSAQU DSAQ.U DSAQ.WS,DSAQ|DSAQU DSAQ.U DSAQ.WS,DSAQ|DSAQ.U|DSAQ.WS|DSAQU
DSAQ.WS,DSAQU DSAQ DSAQ.U,DSAQ.WS|DSAQU DSAQ DSAQ.U,DSAQ|DSAQ.U|DSAQ.WS|DSAQU
DSHK,NCT DS DSHKO DS-PC DS-PD DSHKN DS-PB DSHKP,DSHK|NCT DS DSHKO DS-PC DS-PD DSHKN DS-PB DSHKP,DS|DS-PB|DS-PC|DS-PD|DSHK|DSHKN|DSHKO|DSHKP|NCT
DSHKN,NCT DS DSHK DSHKO DS-PC DS-PD DS-PB DSHKP,DSHKN|NCT DS DSHK DSHKO DS-PC DS-PD DS-PB DSHKP,DS|DS-PB|DS-PC|DS-PD|DSHK|DSHKN|DSHKO|DSHKP|NCT
DSHKO,NCT DS DSHK DS-PC DS-PD DSHKN DS-PB DSHKP,DSHKO|NCT DS DSHK DS-PC DS-PD DSHKN DS-PB DSHKP,DS|DS-PB|DS-PC|DS-PD|DSHK|DSHKN|DSHKO|DSHKP|NCT
DSHKP,NCT DS DSHK DSHKO DS-PC DS-PD DSHKN DS-PB,DSHKP|NCT DS DSHK DSHKO DS-PC DS-PD DSHKN DS-PB,DS|DS-PB|DS-PC|DS-PD|DSHK|DSHKN|DSHKO|DSHKP|NCT
DSIIQ,CARN DSII,CARN DSII|DSIIQ,CARN|DSII|DSIIQ
DSKE,HCACU DSKEW HCAC,DSKE|HCACU DSKEW HCAC,DSKE|DSKEW|HCAC|HCACU
DSKEW,HCACU DSKE HCAC,DSKEW|HCACU DSKE HCAC,DSKE|DSKEW|HCAC|HCACU
DSS,DCSS NSCI DMC,DCSS NSCI DMC|DSS,DCSS|DMC|DSS|NSCI
DSX,DSX-PB DSXN,DSX|DSX-PB DSXN,DSX|DSX-PB|DSXN
DSX-PB,DSX DSXN,DSX DSXN|DSX-PB,DSX|DSX-PB|DSXN
DSY,PLTNR PLTNU PLTN,DSY|PLTNR PLTNU PLTN,DSY|PLTN|PLTNR|PLTNU
DTE,DTEFU DTP DTY DTK DTW DTB DTENU DTV DTJ DTZ DTQ DTG,DTE|DTEFU DTP DTY DTK DTW DTB DTENU DTV DTJ DTZ DTQ DTG,DTB|DTE|DTEFU|DTENU|DTG|DTJ|DTK|DTP|DTQ|DTV|DTW|DTY|DTZ
DTI,ROCAR ROCAU ROC,DTI|ROCAR ROCAU ROC,DTI|ROC|ROCAR|ROCAU
DTOCU,AONCW DTOCW AONC DTOC,AONCW DTOCW AONC DTOC|DTOCU,AONC|AONCW|DTOC|DTOCU|DTOCW
DTRT,DTRTU DTRTW,DTRT|DTRTU DTRTW,DTRT|DTRTU|DTRTW
DTRTU,DTRT DTRTW,DTRT DTRTW|DTRTU,DTRT|DTRTU|DTRTW
DTRTW,DTRTU DTRT,DTRTU DTRT|DTRTW,DTRT|DTRTU|DTRTW
DTV,DTEFU DTP DTY DTK DTW DTB DTENU DTJ DTZ DTQ DTG DTE,DTEFU DTP DTY DTK DTW DTB DTENU DTJ DTZ DTQ DTG DTE|DTV,DTB|DTE|DTEFU|DTENU|DTG|DTJ|DTK|DTP|DTQ|DTV|DTW|DTY|DTZ
DTV1,DTV HS,DTV HS|DTV1,DTV|DTV1|HS
DUET,DUETW DUETU,DUET|DUETW DUETU,DUET|DUETU|DUETW
DUETU,DUET DUETW,DUET DUETW|DUETU,DUET|DUETU|DUETW
DUETW,DUET DUETU,DUET DUETU|DUETW,DUET|DUETU|DUETW
DUK,DUK-PA DUKH1 DUKB DUKH,DUK|DUK-PA DUKH1 DUKB DUKH,DUK|DUK-PA|DUKB|DUKH|DUKH1
DUK-PA,DUK DUKH1 DUKB DUKH,DUK DUKH1 DUKB DUKH|DUK-PA,DUK|DUK-PA|DUKB|DUKH|DUKH1
DUNEU,DUNEW HGAS HGASW DUNE,DUNEU|DUNEW HGAS HGASW DUNE,DUNE|DUNEU|DUNEW|HGAS|HGASW
DUNRQ,DENG DNE DUNR,DENG DNE DUNR|DUNRQ,DENG|DNE|DUNR|DUNRQ
DVERQ,DVER DRF,DVER DRF|DVERQ,DRF|DVER|DVERQ
DVXE1,DVXE QSRI,DVXE QSRI|DVXE1,DVXE|DVXE1|QSRI
DWACU,DWAC DJT,DWAC DJT|DWACU,DJT|DWAC|DWACU
DWIN.U,DWIN FOXOW DWIN.WS FOXO.WS FOXO,DWIN FOXOW DWIN.WS FOXO.WS FOXO|DWIN.U,DWIN|DWIN.U|DWIN.WS|FOXO|FOXO.WS|FOXOW
DWSN,TGE TGCI,DWSN|TGE TGCI,DWSN|TGCI|TGE
DX,DX-PB DX-PC DX-PA,DX|DX-PB DX-PC DX-PA,DX|DX-PA|DX-PB|DX-PC
DX-PA,DX-PB DX DX-PC,DX-PA|DX-PB DX DX-PC,DX|DX-PA|DX-PB|DX-PC
DX-PB,DX DX-PC DX-PA,DX DX-PC DX-PA|DX-PB,DX|DX-PA|DX-PB|DX-PC
DX-PC,DX-PB DX DX-PA,DX-PB DX DX-PA|DX-PC,DX|DX-PA|DX-PB|DX-PC
DXF,DNX DXFFY XNY,DNX DXFFY XNY|DXF,DNX|DXF|DXFFY|XNY
DXIEF,DXI DJEEF DEJ,DXI DJEEF DEJ|DXIEF,DEJ|DJEEF|DXI|DXIEF
DXLG,CMRG DESI,CMRG DESI|DXLG,CMRG|DESI|DXLG
DXMMQ,DXM DXMM,DXM DXMM|DXMMQ,DXM|DXMM|DXMMQ
DXTRQ,DXTR CRDC,DXTR CRDC|DXTRQ,CRDC|DXTR|DXTRQ
DYCQ,DYCQU DYCQR,DYCQ|DYCQU DYCQR,DYCQ|DYCQR|DYCQU
DYCQR,DYCQU DYCQ,DYCQR|DYCQU DYCQ,DYCQ|DYCQR|DYCQU
DYCQU,DYCQ DYCQR,DYCQ DYCQR|DYCQU,DYCQ|DYCQR|DYCQU
DYNC,DYNCU DYNXU ETHMU ETHM DYNX,DYNC|DYNCU DYNXU ETHMU ETHM DYNX,DYNC|DYNCU|DYNX|DYNXU|ETHM|ETHMU
DYNC1,VST.WSA VST VSTE DYNC,DYNC1|VST.WSA VST VSTE DYNC,DYNC|DYNC1|VST|VST.WSA|VSTE
DYNCU,DYNXU ETHMU ETHM DYNX DYNC,DYNCU|DYNXU ETHMU ETHM DYNX DYNC,DYNC|DYNCU|DYNX|DYNXU|ETHM|ETHMU
DYNK,DYTK TEKS,DYNK|DYTK TEKS,DYNK|DYTK|TEKS
DZA,DZB FDLNB FDLNA,DZA|DZB FDLNB FDLNA,DZA|DZB|FDLNA|FDLNB
DZB,DZA FDLNB FDLNA,DZA FDLNB FDLNA|DZB,DZA|DZB|FDLNA|FDLNB
DZSI,ZHNE TELM,DZSI|ZHNE TELM,DZSI|TELM|ZHNE
EAC,EACPU EACPW,EAC|EACPU EACPW,EAC|EACPU|EACPW
EACPU,EACPW EAC,EACPU|EACPW EAC,EAC|EACPU|EACPW
EACPW,EACPU EAC,EACPU EAC|EACPW,EAC|EACPU|EACPW
EAGB,EGLW EAG,EAGB|EGLW EAG,EAG|EAGB|EGLW
EAGL1,EAGL EUSA,EAGL EUSA|EAGL1,EAGL|EAGL1|EUSA
EASY1,EASY MAIL,EASY MAIL|EASY1,EASY|EASY1|MAIL
EBACU,EBAC OCS,EBAC OCS|EBACU,EBAC|EBACU|OCS
EBHIQ,EBHI EBHC,EBHI EBHC|EBHIQ,EBHC|EBHI|EBHIQ
EBODF,TRFDF EBOD CTDC,EBODF|TRFDF EBOD CTDC,CTDC|EBOD|EBODF|TRFDF
EBTBQ,EBTB DWEB,EBTB DWEB|EBTBQ,DWEB|EBTB|EBTBQ
ECCB,ECCW ECCF ECCV EICB EICA ECC ECCA ECC-PD ECCX ECCC ECCY ECCZ ECCU,ECCB|ECCW ECCF ECCV EICB EICA ECC ECCA ECC-PD ECCX ECCC ECCY ECCZ ECCU,ECC|ECC-PD|ECCA|ECCB|ECCC|ECCF|ECCU|ECCV|ECCW|ECCX|ECCY|ECCZ|EICA|EICB
ECDA,EFHTR ECDAW EFHT EFHTW EFHTU,ECDA|EFHTR ECDAW EFHT EFHTW EFHTU,ECDA|ECDAW|EFHT|EFHTR|EFHTU|EFHTW
ECDAW,EFHTR ECDA EFHT EFHTW EFHTU,ECDAW|EFHTR ECDA EFHT EFHTW EFHTU,ECDA|ECDAW|EFHT|EFHTR|EFHTU|EFHTW
ECOM1,SGAI ECOM,ECOM1|SGAI ECOM,ECOM|ECOM1|SGAI
ECTE,PHON SONT,ECTE|PHON SONT,ECTE|PHON|SONT
ECTYQ,ETLY ECTY ETLE,ECTYQ|ETLY ECTY ETLE,ECTY|ECTYQ|ETLE|ETLY
ECX,COVA COVAU,COVA COVAU|ECX,COVA|COVAU|ECX
EDNCU,SATX.WSA EDNC EDNCW SATX,EDNCU|SATX.WSA EDNC EDNCW SATX,EDNC|EDNCU|EDNCW|SATX|SATX.WSA
EDSA,SBOTF SBOT,EDSA|SBOTF SBOT,EDSA|SBOT|SBOTF
EDTX,EDTXU EDTXW,EDTX|EDTXU EDTXW,EDTX|EDTXU|EDTXW
EDTXU,EDTX EDTXW,EDTX EDTXW|EDTXU,EDTX|EDTXU|EDTXW
EDTXW,EDTX EDTXU,EDTX EDTXU|EDTXW,EDTX|EDTXU|EDTXW
EDVC1,PF EDVC EDV,EDVC1|PF EDVC EDV,EDV|EDVC|EDVC1|PF
EF,SMHG PING,EF|SMHG PING,EF|PING|SMHG
EFAX1,EFAX JTFX,EFAX JTFX|EFAX1,EFAX|EFAX1|JTFX
EFC,EFC-PA EFC-PC EFC-PD EFC-PE EFC-PB,EFC|EFC-PA EFC-PC EFC-PD EFC-PE EFC-PB,EFC|EFC-PA|EFC-PB|EFC-PC|EFC-PD|EFC-PE
EFC-PA,EFC EFC-PC EFC-PD EFC-PE EFC-PB,EFC EFC-PC EFC-PD EFC-PE EFC-PB|EFC-PA,EFC|EFC-PA|EFC-PB|EFC-PC|EFC-PD|EFC-PE
EFC-PB,EFC-PA EFC EFC-PC EFC-PD EFC-PE,EFC-PA EFC EFC-PC EFC-PD EFC-PE|EFC-PB,EFC|EFC-PA|EFC-PB|EFC-PC|EFC-PD|EFC-PE
EFC-PC,EFC-PA EFC EFC-PD EFC-PE EFC-PB,EFC-PA EFC EFC-PD EFC-PE EFC-PB|EFC-PC,EFC|EFC-PA|EFC-PB|EFC-PC|EFC-PD|EFC-PE
EFC-PD,EFC-PA EFC EFC-PC EFC-PE EFC-PB,EFC-PA EFC EFC-PC EFC-PE EFC-PB|EFC-PD,EFC|EFC-PA|EFC-PB|EFC-PC|EFC-PD|EFC-PE
EFC-PE,EFC-PA EFC EFC-PC EFC-PD EFC-PB,EFC-PA EFC EFC-PC EFC-PD EFC-PB|EFC-PE,EFC|EFC-PA|EFC-PB|EFC-PC|EFC-PD|EFC-PE
EFHTR,ECDA ECDAW EFHT EFHTW EFHTU,ECDA ECDAW EFHT EFHTW EFHTU|EFHTR,ECDA|ECDAW|EFHT|EFHTR|EFHTU|EFHTW
EFTR,LWACU1 EFTRW LWAC LWACU LWACW,EFTR|LWACU1 EFTRW LWAC LWACU LWACW,EFTR|EFTRW|LWAC|LWACU|LWACU1|LWACW
EFTRW,LWACU1 EFTR LWAC LWACU LWACW,EFTRW|LWACU1 EFTR LWAC LWACU LWACW,EFTR|EFTRW|LWAC|LWACU|LWACU1|LWACW
EJFAU,EJFA PGY,EJFA PGY|EJFAU,EJFA|EJFAU|PGY
EGC,EXXI EGXG,EGC|EXXI EGXG,EGC|EGXG|EXXI
EGGF.U,FLYX EGGF,EGGF.U|FLYX EGGF,EGGF|EGGF.U|FLYX
EGHDQ,ONSL EGGS EGGSQ,EGHDQ|ONSL EGGS EGGSQ,EGGS|EGGSQ|EGHDQ|ONSL
EGIOQ,LLNW EGIO,EGIOQ|LLNW EGIO,EGIO|EGIOQ|LLNW
EGLXF,ENGMF EGLX,EGLXF|ENGMF EGLX,EGLX|EGLXF|ENGMF
EGRVF,EVGRU EGRV EVGRW,EGRVF|EVGRU EGRV EVGRW,EGRV|EGRVF|EVGRU|EVGRW
EGT,VNX VNDC,EGT|VNX VNDC,EGT|VNDC|VNX
EHC,HLS HLSH,EHC|HLS HLSH,EHC|HLS|HLSH
EIGRQ,CLDN EIGR,CLDN EIGR|EIGRQ,CLDN|EIGR|EIGRQ
EIIN,EII EIIU,EII EIIU|EIIN,EII|EIIN|EIIU
ELA,DGSE DGC,DGSE DGC|ELA,DGC|DGSE|ELA
ELAN,ELAXU ELAT,ELAN|ELAXU ELAT,ELAN|ELAT|ELAXU
ELDN,NVUS TKAI,ELDN|NVUS TKAI,ELDN|NVUS|TKAI
ELGXQ,ELGX CCVD RADX,ELGX CCVD RADX|ELGXQ,CCVD|ELGX|ELGXQ|RADX
ELIQQ,ELIWQ TLGA TLGA.U ELIQW TLGA.WS ELIQ ELIQ.WS,ELIQQ|ELIWQ TLGA TLGA.U ELIQW TLGA.WS ELIQ ELIQ.WS,ELIQ|ELIQ.WS|ELIQQ|ELIQW|ELIWQ|TLGA|TLGA.U|TLGA.WS
ELIWQ,TLGA TLGA.U ELIQW ELIQQ TLGA.WS ELIQ ELIQ.WS,ELIWQ|TLGA TLGA.U ELIQW ELIQQ TLGA.WS ELIQ ELIQ.WS,ELIQ|ELIQ.WS|ELIQQ|ELIQW|ELIWQ|TLGA|TLGA.U|TLGA.WS
ELJ,ELC ELA ELU ELA1 ELB,ELC ELA ELU ELA1 ELB|ELJ,ELA|ELA1|ELB|ELC|ELJ|ELU
ELLO,NURMF EMYCF NURM,ELLO|NURMF EMYCF NURM,ELLO|EMYCF|NURM|NURMF
ELMSQ,FIIIU ELMS FIIIW FIII ELMWQ ELMSW,ELMSQ|FIIIU ELMS FIIIW FIII ELMWQ ELMSW,ELMS|ELMSQ|ELMSW|ELMWQ|FIII|FIIIU|FIIIW
EMCGU,EMCGR EMCG EMCGW,EMCGR EMCG EMCGW|EMCGU,EMCG|EMCGR|EMCGU|EMCGW
ELMWQ,FIIIU ELMSQ ELMS FIIIW FIII ELMSW,ELMWQ|FIIIU ELMSQ ELMS FIIIW FIII ELMSW,ELMS|ELMSQ|ELMSW|ELMWQ|FIII|FIIIU|FIIIW
ELOX,SNTI SVON SNT SENO,ELOX|SNTI SVON SNT SENO,ELOX|SENO|SNT|SNTI|SVON
ELPW,TMTCR TMTC TMTCU,ELPW|TMTCR TMTC TMTCU,ELPW|TMTC|TMTCR|TMTCU
ELS,MHC ELS-PC,ELS|MHC ELS-PC,ELS|ELS-PC|MHC
ELS-PC,MHC ELS,ELS-PC|MHC ELS,ELS|ELS-PC|MHC
ELURQ,ELU ELIN,ELU ELIN|ELURQ,ELIN|ELU|ELURQ
ELV,ANTX WLP ATH ANMTU ANTX1 ANTM,ANTX WLP ATH ANMTU ANTX1 ANTM|ELV,ANMTU|ANTM|ANTX|ANTX1|ATH|ELV|WLP
ELYS,EMGL NWGI,ELYS|EMGL NWGI,ELYS|EMGL|NWGI
EMAT,WTMAU WTMAR WTMA,EMAT|WTMAU WTMAR WTMA,EMAT|WTMA|WTMAR|WTMAU
EMBK,EMBKW NGAB.WS NGAB NGAB.U,EMBK|EMBKW NGAB.WS NGAB NGAB.U,EMBK|EMBKW|NGAB|NGAB.U|NGAB.WS
EMBKW,NGAB.WS NGAB EMBK NGAB.U,EMBKW|NGAB.WS NGAB EMBK NGAB.U,EMBK|EMBKW|NGAB|NGAB.U|NGAB.WS
EMCG,EMCGU EMCGW EMCGR,EMCG|EMCGU EMCGW EMCGR,EMCG|EMCGR|EMCGU|EMCGW
EMCGR,EMCGU EMCG EMCGW,EMCGR|EMCGU EMCG EMCGW,EMCG|EMCGR|EMCGU|EMCGW
EMCGW,EMCGU EMCG EMCGR,EMCGU EMCG EMCGR|EMCGW,EMCG|EMCGR|EMCGU|EMCGW
EMGCQ,EMGC EMG IFT,EMGC EMG IFT|EMGCQ,EMG|EMGC|EMGCQ|IFT
EMMA,MYAN CNSO MYND,EMMA|MYAN CNSO MYND,CNSO|EMMA|MYAN|MYND
EMPW.U,HLLY EMPW,EMPW.U|HLLY EMPW,EMPW|EMPW.U|HLLY
EMRI,ERI MCTL,EMRI|ERI MCTL,EMRI|ERI|MCTL
EMWPF,EROS EMWP ESGC,EMWPF|EROS EMWP ESGC,EMWP|EMWPF|EROS|ESGC
EMX,EMXX ESMNF,EMX|EMXX ESMNF,EMX|EMXX|ESMNF
ENCPU,ENCP ENCPW GTI GTIJF,ENCP ENCPW GTI GTIJF|ENCPU,ENCP|ENCPU|ENCPW|GTI|GTIJF
ENCPW,ENCP ENCPU GTI GTIJF,ENCP ENCPU GTI GTIJF|ENCPW,ENCP|ENCPU|ENCPW|GTI|GTIJF
ENCZQ,ENC ENCZ,ENC ENCZ|ENCZQ,ENC|ENCZ|ENCZQ
ENDRQ,EVOR END,ENDRQ|EVOR END,END|ENDRQ|EVOR
ENER,ENERW ENERR ENERU,ENER|ENERW ENERR ENERU,ENER|ENERR|ENERU|ENERW
ENERR,ENER ENERW ENERU,ENER ENERW ENERU|ENERR,ENER|ENERR|ENERU|ENERW
ENERU,ENER ENERW ENERR,ENER ENERW ENERR|ENERU,ENER|ENERR|ENERU|ENERW
ENERW,ENER ENERR ENERU,ENER ENERR ENERU|ENERW,ENER|ENERR|ENERU|ENERW
ENFAU,ENFA BZFD,ENFA BZFD|ENFAU,BZFD|ENFA|ENFAU
ENFY,CGAG CGA,CGAG CGA|ENFY,CGA|CGAG|ENFY
ENGN,FRBNU FRBN,ENGN|FRBNU FRBN,ENGN|FRBN|FRBNU
ENH,ENH-PA ENH-PC ENH-PB,ENH|ENH-PA ENH-PC ENH-PB,ENH|ENH-PA|ENH-PB|ENH-PC
ENH-PA,ENH-PC ENH ENH-PB,ENH-PA|ENH-PC ENH ENH-PB,ENH|ENH-PA|ENH-PB|ENH-PC
ENH-PB,ENH-PA ENH-PC ENH,ENH-PA ENH-PC ENH|ENH-PB,ENH|ENH-PA|ENH-PB|ENH-PC
ENH-PC,ENH-PA ENH ENH-PB,ENH-PA ENH ENH-PB|ENH-PC,ENH|ENH-PA|ENH-PB|ENH-PC
ENHA,APADU APAD,APADU APAD|ENHA,APAD|APADU|ENHA
ENJYQ,MRACW ENJYW ENJY MRACU MRAC,ENJYQ|MRACW ENJYW ENJY MRACU MRAC,ENJY|ENJYQ|ENJYW|MRAC|MRACU|MRACW
ENJYW,ENJYQ MRACW ENJY MRACU MRAC,ENJYQ MRACW ENJY MRACU MRAC|ENJYW,ENJY|ENJYQ|ENJYW|MRAC|MRACU|MRACW
ENLV1,MCRE ENLV VWPT,ENLV1|MCRE ENLV VWPT,ENLV|ENLV1|MCRE|VWPT
ENNVU,ENNVW FSRDQ ENNV FSRD FSRDW,ENNVU|ENNVW FSRDQ ENNV FSRD FSRDW,ENNV|ENNVU|ENNVW|FSRD|FSRDQ|FSRDW
ENOV,CFX CFXA CFXUU,CFX CFXA CFXUU|ENOV,CFX|CFXA|CFXUU|ENOV
ENPC.U,GRNT ENPC GRNT.WS ENPC.WS,ENPC.U|GRNT ENPC GRNT.WS ENPC.WS,ENPC|ENPC.U|ENPC.WS|GRNT|GRNT.WS
ENR,ENRXP ENR-PA ENR.W,ENR|ENRXP ENR-PA ENR.W,ENR|ENR-PA|ENR.W|ENRXP
ENR-PA,ENRXP ENR ENR.W,ENR-PA|ENRXP ENR ENR.W,ENR|ENR-PA|ENR.W|ENRXP
ENRD,LEGT LEGT.U,ENRD|LEGT LEGT.U,ENRD|LEGT|LEGT.U
ENSC,LACQU ENSCW LACQW LACQ,ENSC|LACQU ENSCW LACQW LACQ,ENSC|ENSCW|LACQ|LACQU|LACQW
ENSCW,ENSC LACQU LACQW LACQ,ENSC LACQU LACQW LACQ|ENSCW,ENSC|ENSCW|LACQ|LACQU|LACQW
ENTF,ENTFW ENTFU,ENTF|ENTFW ENTFU,ENTF|ENTFU|ENTFW
ENTFU,ENTFW ENTF,ENTFU|ENTFW ENTF,ENTF|ENTFU|ENTFW
ENTFW,ENTF ENTFU,ENTF ENTFU|ENTFW,ENTF|ENTFU|ENTFW
ENTP,ENTX ENTZ MTLC,ENTP|ENTX ENTZ MTLC,ENTP|ENTX|ENTZ|MTLC
ENVIU,GRNA ENVIW GRNAW ENVI,ENVIU|GRNA ENVIW GRNAW ENVI,ENVI|ENVIU|ENVIW|GRNA|GRNAW
ENVS,ENA ENVA,ENA ENVA|ENVS,ENA|ENVA|ENVS
ENVX,ENVXW1 RSVAU ENVXW RSVA RSVAW,ENVX|ENVXW1 RSVAU ENVXW RSVA RSVAW,ENVX|ENVXW|ENVXW1|RSVA|RSVAU|RSVAW
ENVXW,ENVXW1 RSVAU ENVX RSVA RSVAW,ENVXW|ENVXW1 RSVAU ENVX RSVA RSVAW,ENVX|ENVXW|ENVXW1|RSVA|RSVAU|RSVAW
ENVXW1,RSVAU ENVX ENVXW RSVA RSVAW,ENVXW1|RSVAU ENVX ENVXW RSVA RSVAW,ENVX|ENVXW|ENVXW1|RSVA|RSVAU|RSVAW
EPHYW,EPHY EPHYU,EPHY EPHYU|EPHYW,EPHY|EPHYU|EPHYW
ENYNF,ENY ENYN,ENY ENYN|ENYNF,ENY|ENYN|ENYNF
EOCCY,EOCC EOC,EOCC EOC|EOCCY,EOC|EOCC|EOCCY
EOCW,EOCW.WS EOCW.U,EOCW|EOCW.WS EOCW.U,EOCW|EOCW.U|EOCW.WS
EOCW.U,EOCW.WS EOCW,EOCW.U|EOCW.WS EOCW,EOCW|EOCW.U|EOCW.WS
EOCW.WS,EOCW.U EOCW,EOCW.U EOCW|EOCW.WS,EOCW|EOCW.U|EOCW.WS
EONR,HNRA.U HNRA,EONR|HNRA.U HNRA,EONR|HNRA|HNRA.U
EOSE,BMRG BMRG.U BMRG.WS EOSEW,BMRG BMRG.U BMRG.WS EOSEW|EOSE,BMRG|BMRG.U|BMRG.WS|EOSE|EOSEW
EOSEW,EOSE BMRG BMRG.U BMRG.WS,EOSE BMRG BMRG.U BMRG.WS|EOSEW,BMRG|BMRG.U|BMRG.WS|EOSE|EOSEW
EOXLQ,VOG ANTF WPTE VYOG EOX,EOXLQ|VOG ANTF WPTE VYOG EOX,ANTF|EOX|EOXLQ|VOG|VYOG|WPTE
EP-PC,EP1 EP,EP-PC|EP1 EP,EP|EP-PC|EP1
EP1,EP-PC EP,EP-PC EP|EP1,EP|EP-PC|EP1
EPCN,ENPO ENP,ENPO ENP|EPCN,ENP|ENPO|EPCN
EPEDQ,EPED EDG,EPED EDG|EPEDQ,EDG|EPED|EPEDQ
EPEGQ,EPE EPEG,EPE EPEG|EPEGQ,EPE|EPEG|EPEGQ
EPHC,J JNEI,EPHC|J JNEI,EPHC|J|JNEI
EPHY,EPHYU EPHYW,EPHY|EPHYU EPHYW,EPHY|EPHYU|EPHYW
EPHYU,EPHY EPHYW,EPHY EPHYW|EPHYU,EPHY|EPHYU|EPHYW
EPL,ERPL ERPLQ,EPL|ERPL ERPLQ,EPL|ERPL|ERPLQ
EPM,NGSY RLYI EPM-PA,EPM|NGSY RLYI EPM-PA,EPM|EPM-PA|NGSY|RLYI
EPM-PA,NGSY EPM RLYI,EPM-PA|NGSY EPM RLYI,EPM|EPM-PA|NGSY|RLYI
EPR,EPR-PG EPR-PC EPR-PF EPR-PE,EPR|EPR-PG EPR-PC EPR-PF EPR-PE,EPR|EPR-PC|EPR-PE|EPR-PF|EPR-PG
EPR-PC,EPR-PG EPR EPR-PF EPR-PE,EPR-PC|EPR-PG EPR EPR-PF EPR-PE,EPR|EPR-PC|EPR-PE|EPR-PF|EPR-PG
EPR-PE,EPR-PG EPR EPR-PC EPR-PF,EPR-PE|EPR-PG EPR EPR-PC EPR-PF,EPR|EPR-PC|EPR-PE|EPR-PF|EPR-PG
EPR-PF,EPR-PG EPR EPR-PC EPR-PE,EPR-PF|EPR-PG EPR EPR-PC EPR-PE,EPR|EPR-PC|EPR-PE|EPR-PF|EPR-PG
EPR-PG,EPR EPR-PC EPR-PF EPR-PE,EPR EPR-PC EPR-PF EPR-PE|EPR-PG,EPR|EPR-PC|EPR-PE|EPR-PF|EPR-PG
EPRSQ,ZLCS CRXX EPRS,EPRSQ|ZLCS CRXX EPRS,CRXX|EPRS|EPRSQ|ZLCS
EPWR,EPWR.WS EPWR.U,EPWR|EPWR.WS EPWR.U,EPWR|EPWR.U|EPWR.WS
EPWR.U,EPWR.WS EPWR,EPWR.U|EPWR.WS EPWR,EPWR|EPWR.U|EPWR.WS
EPWR.WS,EPWR EPWR.U,EPWR EPWR.U|EPWR.WS,EPWR|EPWR.U|EPWR.WS
EPYSQ,ESOLQ ESOL,EPYSQ|ESOLQ ESOL,EPYSQ|ESOL|ESOLQ
EQC,CWH EQCO EQC-PD HRP EQC-PE,CWH EQCO EQC-PD HRP EQC-PE|EQC,CWH|EQC|EQC-PD|EQC-PE|EQCO|HRP
EQC-PD,CWH EQCO EQC HRP EQC-PE,CWH EQCO EQC HRP EQC-PE|EQC-PD,CWH|EQC|EQC-PD|EQC-PE|EQCO|HRP
EQC-PE,CWH EQCO EQC-PD EQC HRP,CWH EQCO EQC-PD EQC HRP|EQC-PE,CWH|EQC|EQC-PD|EQC-PE|EQCO|HRP
EQD,EQD.WS EQD.U,EQD|EQD.WS EQD.U,EQD|EQD.U|EQD.WS
EQD.U,EQD EQD.WS,EQD EQD.WS|EQD.U,EQD|EQD.U|EQD.WS
EQD.WS,EQD EQD.U,EQD EQD.U|EQD.WS,EQD|EQD.U|EQD.WS
EQH,EQH-PA EQH-PC,EQH|EQH-PA EQH-PC,EQH|EQH-PA|EQH-PC
EQH-PA,EQH-PC EQH,EQH-PA|EQH-PC EQH,EQH|EQH-PA|EQH-PC
EQH-PC,EQH-PA EQH,EQH-PA EQH|EQH-PC,EQH|EQH-PA|EQH-PC
EQHA,EQHA.WS EQHA.U,EQHA|EQHA.WS EQHA.U,EQHA|EQHA.U|EQHA.WS
EQHA.U,EQHA.WS EQHA,EQHA.U|EQHA.WS EQHA,EQHA|EQHA.U|EQHA.WS
EQHA.WS,EQHA.U EQHA,EQHA.U EQHA|EQHA.WS,EQHA|EQHA.U|EQHA.WS
EQOSQ,EQOSW JFKKW EQOS JFK JFKKU,EQOSQ|EQOSW JFKKW EQOS JFK JFKKU,EQOS|EQOSQ|EQOSW|JFK|JFKKU|JFKKW
EQOSW,JFKKW EQOS JFK EQOSQ JFKKU,EQOSW|JFKKW EQOS JFK EQOSQ JFKKU,EQOS|EQOSQ|EQOSW|JFK|JFKKU|JFKKW
EQRX,CMLTU CMLTW EQRXW CMLT,CMLTU CMLTW EQRXW CMLT|EQRX,CMLT|CMLTU|CMLTW|EQRX|EQRXW
EQRXW,CMLTU CMLTW EQRX CMLT,CMLTU CMLTW EQRX CMLT|EQRXW,CMLT|CMLTU|CMLTW|EQRX|EQRXW
EQX,EQXGF LWLCF EQXFF,EQX|EQXGF LWLCF EQXFF,EQX|EQXFF|EQXGF|LWLCF
ERBA,BTBC ERB IVD,BTBC ERB IVD|ERBA,BTBC|ERB|ERBA|IVD
ERESU,ABXL ABLLL ERESW ERES ABL ABX ABLLW,ABXL ABLLL ERESW ERES ABL ABX ABLLW|ERESU,ABL|ABLLL|ABLLW|ABX|ABXL|ERES|ERESU|ERESW
ERINQ,CAK PAP ERN PFAP,CAK PAP ERN PFAP|ERINQ,CAK|ERINQ|ERN|PAP|PFAP
ERNA,NTN BTX,ERNA|NTN BTX,BTX|ERNA|NTN
ERPS,ALTS SPCO,ALTS SPCO|ERPS,ALTS|ERPS|SPCO
ESACU,ZEO ESAC,ESACU|ZEO ESAC,ESAC|ESACU|ZEO
ESBA,FISK OGCP,ESBA|FISK OGCP,ESBA|FISK|OGCP
ESCRQ,DBLE ESCR,DBLE ESCR|ESCRQ,DBLE|ESCR|ESCRQ
ESESQ,VIGS VIGSF ESES,ESESQ|VIGS VIGSF ESES,ESES|ESESQ|VIGS|VIGSF
ESGR,ESGRP ESGRO,ESGR|ESGRP ESGRO,ESGR|ESGRO|ESGRP
ESGRO,ESGRP ESGR,ESGRO|ESGRP ESGR,ESGR|ESGRO|ESGRP
ESGRP,ESGRO ESGR,ESGRO ESGR|ESGRP,ESGR|ESGRO|ESGRP
ESLA,UPTDU UPTD,ESLA|UPTDU UPTD,ESLA|UPTD|UPTDU
ESM,ESM.WS ESM.U,ESM|ESM.WS ESM.U,ESM|ESM.U|ESM.WS
ESM.U,ESM ESM.WS,ESM ESM.WS|ESM.U,ESM|ESM.U|ESM.WS
ESM.WS,ESM ESM.U,ESM ESM.U|ESM.WS,ESM|ESM.U|ESM.WS
ESOA,ESA.U ESA,ESA.U ESA|ESOA,ESA|ESA.U|ESOA
ESR1,MAK ESR,ESR1|MAK ESR,ESR|ESR1|MAK
ESSCR,ESSCU ESSC AIIO NWTN,ESSCR|ESSCU ESSC AIIO NWTN,AIIO|ESSC|ESSCR|ESSCU|NWTN
ESSCU,ESSC AIIO NWTN ESSCR,ESSC AIIO NWTN ESSCR|ESSCU,AIIO|ESSC|ESSCR|ESSCU|NWTN
ESSX,ERNT HYDQ HYDQU,ERNT HYDQ HYDQU|ESSX,ERNT|ESSX|HYDQ|HYDQU
ESXB,BTC BTC.U,BTC BTC.U|ESXB,BTC|BTC.U|ESXB
ET,ET-PI ETE,ET|ET-PI ETE,ET|ET-PI|ETE
ET-PC,ETP-PD ET-PD ETP ETP-PE SXL ETP-PC ET-PE,ET-PC|ETP-PD ET-PD ETP ETP-PE SXL ETP-PC ET-PE,ET-PC|ET-PD|ET-PE|ETP|ETP-PC|ETP-PD|ETP-PE|SXL
ET-PD,ET-PC ETP-PD ETP ETP-PE SXL ETP-PC ET-PE,ET-PC ETP-PD ETP ETP-PE SXL ETP-PC ET-PE|ET-PD,ET-PC|ET-PD|ET-PE|ETP|ETP-PC|ETP-PD|ETP-PE|SXL
ET-PE,ET-PC ETP-PD ET-PD ETP ETP-PE SXL ETP-PC,ET-PC ETP-PD ET-PD ETP ETP-PE SXL ETP-PC|ET-PE,ET-PC|ET-PD|ET-PE|ETP|ETP-PC|ETP-PD|ETP-PE|SXL
ET-PI,ET ETE,ET ETE|ET-PI,ET|ET-PI|ETE
ETAC,ETACW ETACU,ETAC|ETACW ETACU,ETAC|ETACU|ETACW
ETACU,ETACW ETAC,ETACU|ETACW ETAC,ETAC|ETACU|ETACW
ETACW,ETACU ETAC,ETACU ETAC|ETACW,ETAC|ETACU|ETACW
ETAOF,MCAE MCAER MCAEU ETAO,ETAOF|MCAE MCAER MCAEU ETAO,ETAO|ETAOF|MCAE|MCAER|MCAEU
ETHZW,ATNFW ETHZ KBLM FRMM KBLMU ATNF KBLMW,ATNFW ETHZ KBLM FRMM KBLMU ATNF KBLMW|ETHZW,ATNF|ATNFW|ETHZ|ETHZW|FRMM|KBLM|KBLMU|KBLMW
ETP,ET-PC ETP-PD ET-PD ETP-PE SXL ETP-PC ET-PE,ET-PC ETP-PD ET-PD ETP-PE SXL ETP-PC ET-PE|ETP,ET-PC|ET-PD|ET-PE|ETP|ETP-PC|ETP-PD|ETP-PE|SXL
ETP1,HPG ETP,ETP1|HPG ETP,ETP|ETP1|HPG
ETQ1,ETQ CIEBF,ETQ CIEBF|ETQ1,CIEBF|ETQ|ETQ1
ETRXQ,MCDE ETRX,ETRXQ|MCDE ETRX,ETRX|ETRXQ|MCDE
ETS1,ETS CS,ETS CS|ETS1,CS|ETS|ETS1
ETVL,NM ETV,ETVL|NM ETV,ETV|ETVL|NM
ETWC,CEAC CEACU,CEAC CEACU|ETWC,CEAC|CEACU|ETWC
ETWO,PCPL PCPL.WS ETWO.WS PCPL.U,ETWO|PCPL PCPL.WS ETWO.WS PCPL.U,ETWO|ETWO.WS|PCPL|PCPL.U|PCPL.WS
ETWO.WS,PCPL PCPL.WS PCPL.U ETWO,ETWO.WS|PCPL PCPL.WS PCPL.U ETWO,ETWO|ETWO.WS|PCPL|PCPL.U|PCPL.WS
EUCR,EUCRW EUCRU,EUCR|EUCRW EUCRU,EUCR|EUCRU|EUCRW
EUCRU,EUCR EUCRW,EUCR EUCRW|EUCRU,EUCR|EUCRU|EUCRW
EUCRW,EUCR EUCRU,EUCR EUCRU|EUCRW,EUCR|EUCRU|EUCRW
EUDA,LAXXR LAX LAXXU,EUDA|LAXXR LAX LAXXU,EUDA|LAX|LAXXR|LAXXU
EUSGU,EUSG ADSE,EUSG ADSE|EUSGU,ADSE|EUSG|EUSGU
EVE,EVE.WS EVE.U,EVE|EVE.WS EVE.U,EVE|EVE.U|EVE.WS
EVE.U,EVE.WS EVE,EVE.U|EVE.WS EVE,EVE|EVE.U|EVE.WS
EVE.WS,EVE.U EVE,EVE.U EVE|EVE.WS,EVE|EVE.U|EVE.WS
EVEIQ,KFX EVEI EEE,EVEIQ|KFX EVEI EEE,EEE|EVEI|EVEIQ|KFX
EVER-PA,EVER1 EVER,EVER-PA|EVER1 EVER,EVER|EVER-PA|EVER1
EVER1,EVER-PA EVER,EVER-PA EVER|EVER1,EVER|EVER-PA|EVER1
EVEX,ZNTE ZNTEU,EVEX|ZNTE ZNTEU,EVEX|ZNTE|ZNTEU
EVGO,CLII.U CLII,CLII.U CLII|EVGO,CLII|CLII.U|EVGO
EVGRU,EGRVF EGRV EVGRW,EGRVF EGRV EVGRW|EVGRU,EGRV|EGRVF|EVGRU|EVGRW
EVGRW,EVGRU EGRVF EGRV,EVGRU EGRVF EGRV|EVGRW,EGRV|EGRVF|EVGRU|EVGRW
EVI,MTRO DCU,EVI|MTRO DCU,DCU|EVI|MTRO
EVKG,EVK EVGY EGLT,EVK EVGY EGLT|EVKG,EGLT|EVGY|EVK|EVKG
EVLV,EVLVU NHIC NHICU,EVLV|EVLVU NHIC NHICU,EVLV|EVLVU|NHIC|NHICU
EVLVU,NHIC EVLV NHICU,EVLVU|NHIC EVLV NHICU,EVLV|EVLVU|NHIC|NHICU
EVO,EVTCY EVTC,EVO|EVTCY EVTC,EVO|EVTC|EVTCY
EVOJ,EVOJW EVOJU,EVOJ|EVOJW EVOJU,EVOJ|EVOJU|EVOJW
EVOJU,EVOJ EVOJW,EVOJ EVOJW|EVOJU,EVOJ|EVOJU|EVOJW
EVOJW,EVOJU EVOJ,EVOJU EVOJ|EVOJW,EVOJ|EVOJU|EVOJW
EVOQ,MMPIQ MMPI,EVOQ|MMPIQ MMPI,EVOQ|MMPI|MMPIQ
EVRYQ,ROIQU ROIQ EVRY,EVRYQ|ROIQU ROIQ EVRY,EVRY|EVRYQ|ROIQ|ROIQU
EVTL,BSN BSN.WS EVTL.WS BSN.U,BSN BSN.WS EVTL.WS BSN.U|EVTL,BSN|BSN.U|BSN.WS|EVTL|EVTL.WS
EVTL.WS,BSN EVTL BSN.WS BSN.U,BSN EVTL BSN.WS BSN.U|EVTL.WS,BSN|BSN.U|BSN.WS|EVTL|EVTL.WS
EXC,EXLNU PE EXCU,EXC|EXLNU PE EXCU,EXC|EXCU|EXLNU|PE
EXE,EXEEW CHKEZ CHKEW EXEEL CHK CHKEL EXEEZ,EXE|EXEEW CHKEZ CHKEW EXEEL CHK CHKEL EXEEZ,CHK|CHKEL|CHKEW|CHKEZ|EXE|EXEEL|EXEEW|EXEEZ
EXEEL,EXE EXEEW CHKEZ CHKEW CHK CHKEL EXEEZ,EXE EXEEW CHKEZ CHKEW CHK CHKEL EXEEZ|EXEEL,CHK|CHKEL|CHKEW|CHKEZ|EXE|EXEEL|EXEEW|EXEEZ
EXEEW,EXE CHKEZ CHKEW EXEEL CHK CHKEL EXEEZ,EXE CHKEZ CHKEW EXEEL CHK CHKEL EXEEZ|EXEEW,CHK|CHKEL|CHKEW|CHKEZ|EXE|EXEEL|EXEEW|EXEEZ
EXEEZ,EXE EXEEW CHKEZ CHKEW EXEEL CHK CHKEL,EXE EXEEW CHKEZ CHKEW EXEEL CHK CHKEL|EXEEZ,CHK|CHKEL|CHKEW|CHKEZ|EXE|EXEEL|EXEEW|EXEEZ
EXETF,EXE EXEA,EXE EXEA|EXETF,EXE|EXEA|EXETF
EXEXA,EXEXB EXXA EXXB,EXEXA|EXEXB EXXA EXXB,EXEXA|EXEXB|EXXA|EXXB
EXEXB,EXXA EXXB EXEXA,EXEXB|EXXA EXXB EXEXA,EXEXA|EXEXB|EXXA|EXXB
EXMCQ,EXM EXMCF,EXM EXMCF|EXMCQ,EXM|EXMCF|EXMCQ
EXNRF,EXN EXLLF,EXN EXLLF|EXNRF,EXLLF|EXN|EXNRF
EXP,CXP EXP.B,CXP EXP.B|EXP,CXP|EXP|EXP.B
EXP.B,CXP EXP,CXP EXP|EXP.B,CXP|EXP|EXP.B
EXPCU,EXPC BLDE SRTA,EXPC BLDE SRTA|EXPCU,BLDE|EXPC|EXPCU|SRTA
EXTOY,EXTO.W EXTO,EXTO.W EXTO|EXTOY,EXTO|EXTO.W|EXTOY
EXXIQ,EXXI EXXIF,EXXI EXXIF|EXXIQ,EXXI|EXXIF|EXXIQ
EYE2,AVO EYE,AVO EYE|EYE2,AVO|EYE|EYE2
EZEM,EZM.B EZM.A EZM,EZEM|EZM.B EZM.A EZM,EZEM|EZM|EZM.A|EZM.B
EZM.B,EZEM EZM.A EZM,EZEM EZM.A EZM|EZM.B,EZEM|EZM|EZM.A|EZM.B
EZM2,EZMCF EZM,EZM2|EZMCF EZM,EZM|EZM2|EZMCF
EZRA,RELI EZRAW RELIW,EZRA|RELI EZRAW RELIW,EZRA|EZRAW|RELI|RELIW
EZRAW,RELI EZRA RELIW,EZRAW|RELI EZRA RELIW,EZRA|EZRAW|RELI|RELIW
F,F-PD F-PC F-PB,F|F-PD F-PC F-PB,F|F-PB|F-PC|F-PD
F-PB,F F-PD F-PC,F F-PD F-PC|F-PB,F|F-PB|F-PC|F-PD
F-PC,F F-PD F-PB,F F-PD F-PB|F-PC,F|F-PB|F-PC|F-PD
F-PD,F F-PC F-PB,F F-PC F-PB|F-PD,F|F-PB|F-PC|F-PD
FAAS,APACW APACU1 APACU FAASW APAC,APACW APACU1 APACU FAASW APAC|FAAS,APAC|APACU|APACU1|APACW|FAAS|FAASW
FAASW,APACW APACU1 APACU FAAS APAC,APACW APACU1 APACU FAAS APAC|FAASW,APAC|APACU|APACU1|APACW|FAAS|FAASW
FABC,WPCS DCAR AYRO SBLX,FABC|WPCS DCAR AYRO SBLX,AYRO|DCAR|FABC|SBLX|WPCS
FABU,WIZD FU WZE,FABU|WIZD FU WZE,FABU|FU|WIZD|WZE
FAC,CGCT CGCTU,CGCT CGCTU|FAC,CGCT|CGCTU|FAC
FACA,FACA.WS FACA.U FACAW,FACA|FACA.WS FACA.U FACAW,FACA|FACA.U|FACA.WS|FACAW
FACA.U,FACA.WS FACA FACAW,FACA.U|FACA.WS FACA FACAW,FACA|FACA.U|FACA.WS|FACAW
FACAW,FACA.WS FACA.U FACA,FACA.WS FACA.U FACA|FACAW,FACA|FACA.U|FACA.WS|FACAW
FACO,LBI FAC,FACO|LBI FAC,FAC|FACO|LBI
FACT.U,CSLR SPWR FACT,CSLR SPWR FACT|FACT.U,CSLR|FACT|FACT.U|SPWR
FAII.U,FAII FAII.WS ATIP ATIP.WS ATIPW,FAII FAII.WS ATIP ATIP.WS ATIPW|FAII.U,ATIP|ATIP.WS|ATIPW|FAII|FAII.U|FAII.WS
FALB,FAL NRD,FAL NRD|FALB,FAL|FALB|NRD
FATAQ,FATBW FAT FATBQ FATBB FATPQ FATBP,FATAQ|FATBW FAT FATBQ FATBB FATPQ FATBP,FAT|FATAQ|FATBB|FATBP|FATBQ|FATBW|FATPQ
FATBQ,FATBW FATAQ FAT FATBB FATPQ FATBP,FATBQ|FATBW FATAQ FAT FATBB FATPQ FATBP,FAT|FATAQ|FATBB|FATBP|FATBQ|FATBW|FATPQ
FATBW,FATAQ FAT FATBQ FATBB FATPQ FATBP,FATAQ FAT FATBQ FATBB FATPQ FATBP|FATBW,FAT|FATAQ|FATBB|FATBP|FATBQ|FATBW|FATPQ
FATH,ATMR.WS FATH.WS ATMR FATHW ATMR.U,ATMR.WS FATH.WS ATMR FATHW ATMR.U|FATH,ATMR|ATMR.U|ATMR.WS|FATH|FATH.WS|FATHW
FATHW,ATMR.WS FATH.WS ATMR ATMR.U FATH,ATMR.WS FATH.WS ATMR ATMR.U FATH|FATHW,ATMR|ATMR.U|ATMR.WS|FATH|FATH.WS|FATHW
FATP,FATPU FATPW,FATP|FATPU FATPW,FATP|FATPU|FATPW
FATPQ,FATBW FATAQ FAT FATBQ FATBB FATBP,FATBW FATAQ FAT FATBQ FATBB FATBP|FATPQ,FAT|FATAQ|FATBB|FATBP|FATBQ|FATBW|FATPQ
FATPU,FATP FATPW,FATP FATPW|FATPU,FATP|FATPU|FATPW
FATPW,FATP FATPU,FATP FATPU|FATPW,FATP|FATPU|FATPW
FAZE,BRPMU BRPMW BRPM FAZEW,BRPMU BRPMW BRPM FAZEW|FAZE,BRPM|BRPMU|BRPMW|FAZE|FAZEW
FAZEW,BRPMU BRPMW BRPM FAZE,BRPMU BRPMW BRPM FAZE|FAZEW,BRPM|BRPMU|BRPMW|FAZE|FAZEW
FBIO,FBIOP CNDO,FBIO|FBIOP CNDO,CNDO|FBIO|FBIOP
FBIOP,FBIO CNDO,FBIO CNDO|FBIOP,CNDO|FBIO|FBIOP
FBNIQ,FBNI FBN,FBNI FBN|FBNIQ,FBN|FBNI|FBNIQ
FBYD,FZT.U FBYDP1 FZT FBYDP,FBYD|FZT.U FBYDP1 FZT FBYDP,FBYD|FBYDP|FBYDP1|FZT|FZT.U
FBYDP1,FZT.U FZT FBYD FBYDP,FBYDP1|FZT.U FZT FBYD FBYDP,FBYD|FBYDP|FBYDP1|FZT|FZT.U
FCACU,SHCR SHCRW FCACW FCAC,FCACU|SHCR SHCRW FCACW FCAC,FCAC|FCACU|FCACW|SHCR|SHCRW
FCAL1,MBLA FCAL,FCAL1|MBLA FCAL,FCAL|FCAL1|MBLA
FCAX,FCAX.WS FCAX.U,FCAX|FCAX.WS FCAX.U,FCAX|FCAX.U|FCAX.WS
FCAX.U,FCAX.WS FCAX,FCAX.U|FCAX.WS FCAX,FCAX|FCAX.U|FCAX.WS
FCAX.WS,FCAX.U FCAX,FCAX.U FCAX|FCAX.WS,FCAX|FCAX.U|FCAX.WS
FCH,FCH-PA FCH-PC,FCH|FCH-PA FCH-PC,FCH|FCH-PA|FCH-PC
FCH-PA,FCH FCH-PC,FCH FCH-PC|FCH-PA,FCH|FCH-PA|FCH-PC
FCH-PC,FCH-PA FCH,FCH-PA FCH|FCH-PC,FCH|FCH-PA|FCH-PC
FCHDQ,FCHD FA,FCHD FA|FCHDQ,FA|FCHD|FCHDQ
FCNCA,FCNCP FCNCN FCNCO,FCNCA|FCNCP FCNCN FCNCO,FCNCA|FCNCN|FCNCO|FCNCP
FCNCN,FCNCP FCNCA FCNCO,FCNCN|FCNCP FCNCA FCNCO,FCNCA|FCNCN|FCNCO|FCNCP
FCNCO,FCNCP FCNCN FCNCA,FCNCO|FCNCP FCNCN FCNCA,FCNCA|FCNCN|FCNCO|FCNCP
FCNCP,FCNCN FCNCA FCNCO,FCNCN FCNCA FCNCO|FCNCP,FCNCA|FCNCN|FCNCO|FCNCP
FCRD,TCRX1 FCRX TCRD TCRX TCRZ FCRZ TCRW FCRW,FCRD|TCRX1 FCRX TCRD TCRX TCRZ FCRZ TCRW FCRW,FCRD|FCRW|FCRX|FCRZ|TCRD|TCRW|TCRX|TCRX1|TCRZ
FDNHQ,GRMK FDNH GRMH,FDNHQ|GRMK FDNH GRMH,FDNH|FDNHQ|GRMH|GRMK
FDUS,FDUSG FDUSZ FDUSL,FDUS|FDUSG FDUSZ FDUSL,FDUS|FDUSG|FDUSL|FDUSZ
FDVF,FFI FDVI,FDVF|FFI FDVI,FDVF|FDVI|FFI
FEEDQ,FEED AGFI WMTN,FEED AGFI WMTN|FEEDQ,AGFI|FEED|FEEDQ|WMTN
FELPQ,FELP FELPU,FELP FELPU|FELPQ,FELP|FELPQ|FELPU
FENC,ADHXF ADH FENCF,ADHXF ADH FENCF|FENC,ADH|ADHXF|FENC|FENCF
FESLQ,FES FESLF FESL,FES FESLF FESL|FESLQ,FES|FESL|FESLF|FESLQ
FEXD,FEXDU FEXDW FEXDR,FEXD|FEXDU FEXDW FEXDR,FEXD|FEXDR|FEXDU|FEXDW
FEXDR,FEXDU FEXDW FEXD,FEXDR|FEXDU FEXDW FEXD,FEXD|FEXDR|FEXDU|FEXDW
FEXDU,FEXDW FEXDR FEXD,FEXDU|FEXDW FEXDR FEXD,FEXD|FEXDR|FEXDU|FEXDW
FEXDW,FEXDU FEXD FEXDR,FEXDU FEXD FEXDR|FEXDW,FEXD|FEXDR|FEXDU|FEXDW
FFAI,PSAC PSACU FFIE,FFAI|PSAC PSACU FFIE,FFAI|FFIE|PSAC|PSACU
FFEDQ,FFED FED,FFED FED|FFEDQ,FED|FFED|FFEDQ
FFNTQ,FFN FFNT,FFN FFNT|FFNTQ,FFN|FFNT|FFNTQ
FG,FGSN FGN FG.W,FG|FGSN FGN FG.W,FG|FG.W|FGN|FGSN
FG2,FG CFCOU CFCO,FG CFCOU CFCO|FG2,CFCO|CFCOU|FG|FG2
FGMC1,FGMC FGMCU FGMCU1 FGMCW,FGMC FGMCU FGMCU1 FGMCW|FGMC1,FGMC|FGMC1|FGMCU|FGMCU1|FGMCW
FGMCU1,FGMC FGMCU FGMC1 FGMCW,FGMC FGMCU FGMC1 FGMCW|FGMCU1,FGMC|FGMC1|FGMCU|FGMCU1|FGMCW
FGMCW,FGMC FGMCU FGMC1 FGMCU1,FGMC FGMCU FGMC1 FGMCU1|FGMCW,FGMC|FGMC1|FGMCU|FGMCU1|FGMCW
FGNA.U,FGNA OPFI,FGNA OPFI|FGNA.U,FGNA|FGNA.U|OPFI
FGNX,PIH FGNXP FGFPP FGF PIHPP,FGNX|PIH FGNXP FGFPP FGF PIHPP,FGF|FGFPP|FGNX|FGNXP|PIH|PIHPP
FGNXP,PIH FGFPP FGF FGNX PIHPP,FGNXP|PIH FGFPP FGF FGNX PIHPP,FGF|FGFPP|FGNX|FGNXP|PIH|PIHPP
FGPRQ,FGP FGPR,FGP FGPR|FGPRQ,FGP|FGPR|FGPRQ
FHLT,FHLTW FHLTU,FHLT|FHLTW FHLTU,FHLT|FHLTU|FHLTW
FHLTU,FHLTW FHLT,FHLTU|FHLTW FHLT,FHLT|FHLTU|FHLTW
FHLTW,FHLT FHLTU,FHLT FHLTU|FHLTW,FHLT|FHLTU|FHLTW
FHN,FHNPL FHN-PD FHN-PA FTN FHN-PC FHN-PE FHN-PH FHN-PB FHN-PF,FHN|FHNPL FHN-PD FHN-PA FTN FHN-PC FHN-PE FHN-PH FHN-PB FHN-PF,FHN|FHN-PA|FHN-PB|FHN-PC|FHN-PD|FHN-PE|FHN-PF|FHN-PH|FHNPL|FTN
FHN-PA,FHNPL FHN-PD FTN FHN-PC FHN FHN-PE FHN-PH FHN-PB FHN-PF,FHN-PA|FHNPL FHN-PD FTN FHN-PC FHN FHN-PE FHN-PH FHN-PB FHN-PF,FHN|FHN-PA|FHN-PB|FHN-PC|FHN-PD|FHN-PE|FHN-PF|FHN-PH|FHNPL|FTN
FHN-PB,FHNPL FHN-PD FHN-PA FTN FHN-PC FHN FHN-PE FHN-PH FHN-PF,FHN-PB|FHNPL FHN-PD FHN-PA FTN FHN-PC FHN FHN-PE FHN-PH FHN-PF,FHN|FHN-PA|FHN-PB|FHN-PC|FHN-PD|FHN-PE|FHN-PF|FHN-PH|FHNPL|FTN
FHN-PC,FHNPL FHN-PD FHN-PA FTN FHN FHN-PE FHN-PH FHN-PB FHN-PF,FHN-PC|FHNPL FHN-PD FHN-PA FTN FHN FHN-PE FHN-PH FHN-PB FHN-PF,FHN|FHN-PA|FHN-PB|FHN-PC|FHN-PD|FHN-PE|FHN-PF|FHN-PH|FHNPL|FTN
FHN-PD,FHNPL FHN-PA FTN FHN-PC FHN FHN-PE FHN-PH FHN-PB FHN-PF,FHN-PD|FHNPL FHN-PA FTN FHN-PC FHN FHN-PE FHN-PH FHN-PB FHN-PF,FHN|FHN-PA|FHN-PB|FHN-PC|FHN-PD|FHN-PE|FHN-PF|FHN-PH|FHNPL|FTN
FHN-PE,FHNPL FHN-PD FHN-PA FTN FHN-PC FHN FHN-PH FHN-PB FHN-PF,FHN-PE|FHNPL FHN-PD FHN-PA FTN FHN-PC FHN FHN-PH FHN-PB FHN-PF,FHN|FHN-PA|FHN-PB|FHN-PC|FHN-PD|FHN-PE|FHN-PF|FHN-PH|FHNPL|FTN
FHN-PF,FHNPL FHN-PD FHN-PA FTN FHN-PC FHN FHN-PE FHN-PH FHN-PB,FHN-PF|FHNPL FHN-PD FHN-PA FTN FHN-PC FHN FHN-PE FHN-PH FHN-PB,FHN|FHN-PA|FHN-PB|FHN-PC|FHN-PD|FHN-PE|FHN-PF|FHN-PH|FHNPL|FTN
FHN-PH,FHNPL FHN-PD FHN-PA FTN FHN-PC FHN FHN-PE FHN-PB FHN-PF,FHN-PH|FHNPL FHN-PD FHN-PA FTN FHN-PC FHN FHN-PE FHN-PB FHN-PF,FHN|FHN-PA|FHN-PB|FHN-PC|FHN-PD|FHN-PE|FHN-PF|FHN-PH|FHNPL|FTN
FIACU,FIACW DEVS DEVSF FIAC,FIACU|FIACW DEVS DEVSF FIAC,DEVS|DEVSF|FIAC|FIACU|FIACW
FIACW,DEVS FIACU DEVSF FIAC,DEVS FIACU DEVSF FIAC|FIACW,DEVS|DEVSF|FIAC|FIACU|FIACW
FICV,FICVW FICVU,FICV|FICVW FICVU,FICV|FICVU|FICVW
FIEE,MINM ZMTP,FIEE|MINM ZMTP,FIEE|MINM|ZMTP
FIIIU,ELMSQ ELMS FIIIW FIII ELMWQ ELMSW,ELMSQ ELMS FIIIW FIII ELMWQ ELMSW|FIIIU,ELMS|ELMSQ|ELMSW|ELMWQ|FIII|FIIIU|FIIIW
FINM,FINMU FINMW,FINM|FINMU FINMW,FINM|FINMU|FINMW
FINMU,FINMW FINM,FINMU|FINMW FINM,FINM|FINMU|FINMW
FINMW,FINMU FINM,FINMU FINM|FINMW,FINM|FINMU|FINMW
FIRY,FEAC.WS SKLZ FEAC FEAC.U SKLZ.WS,FEAC.WS SKLZ FEAC FEAC.U SKLZ.WS|FIRY,FEAC|FEAC.U|FEAC.WS|FIRY|SKLZ|SKLZ.WS
FISK,OGCP ESBA,FISK|OGCP ESBA,ESBA|FISK|OGCP
FIT1,FIT HFIT,FIT HFIT|FIT1,FIT|FIT1|HFIT
FITB,FITB-PI FITB-PM FITBP FITBO FITB-PA FITBI FITB-PK FITBM,FITB|FITB-PI FITB-PM FITBP FITBO FITB-PA FITBI FITB-PK FITBM,FITB|FITB-PA|FITB-PI|FITB-PK|FITB-PM|FITBI|FITBM|FITBO|FITBP
FITB-PA,FITB-PI FITB FITB-PM FITBP FITBO FITBI FITB-PK FITBM,FITB-PA|FITB-PI FITB FITB-PM FITBP FITBO FITBI FITB-PK FITBM,FITB|FITB-PA|FITB-PI|FITB-PK|FITB-PM|FITBI|FITBM|FITBO|FITBP
FITB-PI,FITB FITB-PM FITBP FITBO FITB-PA FITBI FITB-PK FITBM,FITB FITB-PM FITBP FITBO FITB-PA FITBI FITB-PK FITBM|FITB-PI,FITB|FITB-PA|FITB-PI|FITB-PK|FITB-PM|FITBI|FITBM|FITBO|FITBP
FITB-PK,FITB-PI FITB FITB-PM FITBP FITBO FITB-PA FITBI FITBM,FITB-PI FITB FITB-PM FITBP FITBO FITB-PA FITBI FITBM|FITB-PK,FITB|FITB-PA|FITB-PI|FITB-PK|FITB-PM|FITBI|FITBM|FITBO|FITBP
FITB-PM,FITB-PI FITB FITBP FITBO FITB-PA FITBI FITB-PK FITBM,FITB-PI FITB FITBP FITBO FITB-PA FITBI FITB-PK FITBM|FITB-PM,FITB|FITB-PA|FITB-PI|FITB-PK|FITB-PM|FITBI|FITBM|FITBO|FITBP
FJA.A,FJC FJCC,FJA.A|FJC FJCC,FJA.A|FJC|FJCC
FJCC,FJC FJA.A,FJC FJA.A|FJCC,FJA.A|FJC|FJCC
FKLT,FCM FTEL,FCM FTEL|FKLT,FCM|FKLT|FTEL
FLACU,NAMS FLAC,FLACU|NAMS FLAC,FLAC|FLACU|NAMS
FLAG.U,FLAG.WS CLDI.WS CLDI CLDWW FLAG,FLAG.U|FLAG.WS CLDI.WS CLDI CLDWW FLAG,CLDI|CLDI.WS|CLDWW|FLAG|FLAG.U|FLAG.WS
FLC1,FLC RB,FLC RB|FLC1,FLC|FLC1|RB
FLCGQ,FLCG RSII,FLCG RSII|FLCGQ,FLCG|FLCGQ|RSII
FLD,EMLDU EMLD FLDDU FLDD,EMLDU EMLD FLDDU FLDD|FLD,EMLD|EMLDU|FLD|FLDD|FLDDU
FLDDU,FLD EMLDU EMLD FLDD,FLD EMLDU EMLD FLDD|FLDDU,EMLD|EMLDU|FLD|FLDD|FLDDU
FLFVR,AIEV FLFV FLFVU FLFVW,AIEV FLFV FLFVU FLFVW|FLFVR,AIEV|FLFV|FLFVR|FLFVU|FLFVW
FLFVU,AIEV FLFV FLFVW FLFVR,AIEV FLFV FLFVW FLFVR|FLFVU,AIEV|FLFV|FLFVR|FLFVU|FLFVW
FLFVW,AIEV FLFV FLFVU FLFVR,AIEV FLFV FLFVU FLFVR|FLFVW,AIEV|FLFV|FLFVR|FLFVU|FLFVW
FLG,NYB NYCB-PA FLG-PU NYCB-PU NYB-PU NYCB FLG-PA,FLG|NYB NYCB-PA FLG-PU NYCB-PU NYB-PU NYCB FLG-PA,FLG|FLG-PA|FLG-PU|NYB|NYB-PU|NYCB|NYCB-PA|NYCB-PU
FLG-PA,NYB FLG NYCB-PA FLG-PU NYCB-PU NYB-PU NYCB,FLG-PA|NYB FLG NYCB-PA FLG-PU NYCB-PU NYB-PU NYCB,FLG|FLG-PA|FLG-PU|NYB|NYB-PU|NYCB|NYCB-PA|NYCB-PU
FLG-PU,NYB FLG NYCB-PA NYCB-PU NYB-PU NYCB FLG-PA,FLG-PU|NYB FLG NYCB-PA NYCB-PU NYB-PU NYCB FLG-PA,FLG|FLG-PA|FLG-PU|NYB|NYB-PU|NYCB|NYCB-PA|NYCB-PU
FLME.U,FLME.WS FLME SOC SOC.WS,FLME.U|FLME.WS FLME SOC SOC.WS,FLME|FLME.U|FLME.WS|SOC|SOC.WS
FLNA,PTIE SAVAW SAVA,FLNA|PTIE SAVAW SAVA,FLNA|PTIE|SAVA|SAVAW
FLNT,COGT IDI,COGT IDI|FLNT,COGT|FLNT|IDI
FLTWQ,FLTW FLE,FLTW FLE|FLTWQ,FLE|FLTW|FLTWQ
FLUX,LNPI FLUXD,FLUX|LNPI FLUXD,FLUX|FLUXD|LNPI
FLYA,FLYA.WS FLYA.U,FLYA|FLYA.WS FLYA.U,FLYA|FLYA.U|FLYA.WS
FLYA.U,FLYA.WS FLYA,FLYA.U|FLYA.WS FLYA,FLYA|FLYA.U|FLYA.WS
FLYA.WS,FLYA FLYA.U,FLYA FLYA.U|FLYA.WS,FLYA|FLYA.U|FLYA.WS
FLYIQ,ACAI FLYI,ACAI FLYI|FLYIQ,ACAI|FLYI|FLYIQ
FLYX,EGGF EGGF.U,EGGF EGGF.U|FLYX,EGGF|EGGF.U|FLYX
FMAC.U,STYWQ FMAC STRYQ STRY FMAC.WS STRY.WS,FMAC.U|STYWQ FMAC STRYQ STRY FMAC.WS STRY.WS,FMAC|FMAC.U|FMAC.WS|STRY|STRY.WS|STRYQ|STYWQ
FMBI,FMBIP FMBIO,FMBI|FMBIP FMBIO,FMBI|FMBIO|FMBIP
FMBIO,FMBIP FMBI,FMBIO|FMBIP FMBI,FMBI|FMBIO|FMBIP
FMBIP,FMBIO FMBI,FMBIO FMBI|FMBIP,FMBI|FMBIO|FMBIP
FMIV,FMIVW FMIVU,FMIV|FMIVW FMIVU,FMIV|FMIVU|FMIVW
FMIVU,FMIV FMIVW,FMIV FMIVW|FMIVU,FMIV|FMIVU|FMIVW
FMIVW,FMIV FMIVU,FMIV FMIVU|FMIVW,FMIV|FMIVU|FMIVW
FMTOF,BCAN FMTO,BCAN FMTO|FMTOF,BCAN|FMTO|FMTOF
FMXLQ,FMXI FMXL FMXIQ,FMXI FMXL FMXIQ|FMXLQ,FMXI|FMXIQ|FMXL|FMXLQ
FNBCQ,NBCB FNBC,FNBCQ|NBCB FNBC,FNBC|FNBCQ|NBCB
FNCX,DDAY VGGL GWAY,DDAY VGGL GWAY|FNCX,DDAY|FNCX|GWAY|VGGL
FNF,FNT FNFV,FNF|FNT FNFV,FNF|FNFV|FNT
FNFG,FNFG-PB NBCP,FNFG|FNFG-PB NBCP,FNFG|FNFG-PB|NBCP
FNFG-PB,FNFG NBCP,FNFG NBCP|FNFG-PB,FNFG|FNFG-PB|NBCP
FNFV,FNT FNF,FNFV|FNT FNF,FNF|FNFV|FNT
FNRG,SSIE BLVW,FNRG|SSIE BLVW,BLVW|FNRG|SSIE
FNVUF,FNVTU SCAG FNVTF FNVT,FNVTU SCAG FNVTF FNVT|FNVUF,FNVT|FNVTF|FNVTU|FNVUF|SCAG
FOA,RPLA RPLA.U FOA.WS RPLA.WS,FOA|RPLA RPLA.U FOA.WS RPLA.WS,FOA|FOA.WS|RPLA|RPLA.U|RPLA.WS
FOA.WS,FOA RPLA RPLA.U RPLA.WS,FOA RPLA RPLA.U RPLA.WS|FOA.WS,FOA|FOA.WS|RPLA|RPLA.U|RPLA.WS
FOHL,MSI FOH,FOHL|MSI FOH,FOH|FOHL|MSI
FOREU,PIII FORE,FOREU|PIII FORE,FORE|FOREU|PIII
FORL,FORLU FORLW,FORL|FORLU FORLW,FORL|FORLU|FORLW
FORLU,FORLW FORL,FORLU|FORLW FORL,FORL|FORLU|FORLW
FORLW,FORLU FORL,FORLU FORL|FORLW,FORL|FORLU|FORLW
FORU1,FORU MAME,FORU MAME|FORU1,FORU|FORU1|MAME
FOUNU,RBTC FOUN RBT RBT.WS FOUNW,FOUNU|RBTC FOUN RBT RBT.WS FOUNW,FOUN|FOUNU|FOUNW|RBT|RBT.WS|RBTC
FOUR2,FOUR APRN,FOUR APRN|FOUR2,APRN|FOUR|FOUR2
FOX,FOXAV FOXBV FOXA,FOX|FOXAV FOXBV FOXA,FOX|FOXA|FOXAV|FOXBV
FOXA,FOX FOXAV FOXBV,FOX FOXAV FOXBV|FOXA,FOX|FOXA|FOXAV|FOXBV
FOXO,DWIN.U DWIN FOXOW DWIN.WS FOXO.WS,DWIN.U DWIN FOXOW DWIN.WS FOXO.WS|FOXO,DWIN|DWIN.U|DWIN.WS|FOXO|FOXO.WS|FOXOW
FOXOW,DWIN.U DWIN DWIN.WS FOXO.WS FOXO,DWIN.U DWIN DWIN.WS FOXO.WS FOXO|FOXOW,DWIN|DWIN.U|DWIN.WS|FOXO|FOXO.WS|FOXOW
FOXW,FOXWW FOXWU,FOXW|FOXWW FOXWU,FOXW|FOXWU|FOXWW
FOXWU,FOXWW FOXW,FOXWU|FOXWW FOXW,FOXW|FOXWU|FOXWW
FOXWW,FOXW FOXWU,FOXW FOXWU|FOXWW,FOXW|FOXWU|FOXWW
FOXX,ACAC ACACU,ACAC ACACU|FOXX,ACAC|ACACU|FOXX
FOXX1,TENT FOXX,FOXX1|TENT FOXX,FOXX|FOXX1|TENT
FPAC,FPAC.U FPAC.WS FPACW,FPAC|FPAC.U FPAC.WS FPACW,FPAC|FPAC.U|FPAC.WS|FPACW
FPAC.U,FPAC FPAC.WS FPACW,FPAC FPAC.WS FPACW|FPAC.U,FPAC|FPAC.U|FPAC.WS|FPACW
FPACW,FPAC.U FPAC FPAC.WS,FPAC.U FPAC FPAC.WS|FPACW,FPAC|FPAC.U|FPAC.WS|FPACW
FPFXQ,RACF FPFX,FPFXQ|RACF FPFX,FPFX|FPFXQ|RACF
FPPP,FPPC FPP,FPPC FPP|FPPP,FPP|FPPC|FPPP
FPWBQ,FPWB FPB FPI FPWR,FPWB FPB FPI FPWR|FPWBQ,FPB|FPI|FPWB|FPWBQ|FPWR
FRAE,MXG FRA,FRAE|MXG FRA,FRA|FRAE|MXG
FRBNU,ENGN FRBN,ENGN FRBN|FRBNU,ENGN|FRBN|FRBNU
FRC-PA,FRCHL FRC-PE FRC-PG FRC-PM FRC-PH FRC-PI FRCB FRC-PB FRC-PJ FRC-PC FRCML FRCKL FRC-PF FRC-PL FRCJL FRCCL FRC-PK FRCLL FRC-PD FRC-PN FRCIL FRC,FRC-PA|FRCHL FRC-PE FRC-PG FRC-PM FRC-PH FRC-PI FRCB FRC-PB FRC-PJ FRC-PC FRCML FRCKL FRC-PF FRC-PL FRCJL FRCCL FRC-PK FRCLL FRC-PD FRC-PN FRCIL FRC,FRC|FRC-PA|FRC-PB|FRC-PC|FRC-PD|FRC-PE|FRC-PF|FRC-PG|FRC-PH|FRC-PI|FRC-PJ|FRC-PK|FRC-PL|FRC-PM|FRC-PN|FRCB|FRCCL|FRCHL|FRCIL|FRCJL|FRCKL|FRCLL|FRCML
FRC-PB,FRC-PA FRCHL FRC-PE FRC-PG FRC-PM FRC-PH FRC-PI FRCB FRC-PJ FRC-PC FRCML FRCKL FRC-PF FRC-PL FRCJL FRCCL FRC-PK FRCLL FRC-PD FRC-PN FRCIL FRC,FRC-PA FRCHL FRC-PE FRC-PG FRC-PM FRC-PH FRC-PI FRCB FRC-PJ FRC-PC FRCML FRCKL FRC-PF FRC-PL FRCJL FRCCL FRC-PK FRCLL FRC-PD FRC-PN FRCIL FRC|FRC-PB,FRC|FRC-PA|FRC-PB|FRC-PC|FRC-PD|FRC-PE|FRC-PF|FRC-PG|FRC-PH|FRC-PI|FRC-PJ|FRC-PK|FRC-PL|FRC-PM|FRC-PN|FRCB|FRCCL|FRCHL|FRCIL|FRCJL|FRCKL|FRCLL|FRCML
FRC-PC,FRC-PA FRCHL FRC-PE FRC-PG FRC-PM FRC-PH FRC-PI FRCB FRC-PB FRC-PJ FRCML FRCKL FRC-PF FRC-PL FRCJL FRCCL FRC-PK FRCLL FRC-PD FRC-PN FRCIL FRC,FRC-PA FRCHL FRC-PE FRC-PG FRC-PM FRC-PH FRC-PI FRCB FRC-PB FRC-PJ FRCML FRCKL FRC-PF FRC-PL FRCJL FRCCL FRC-PK FRCLL FRC-PD FRC-PN FRCIL FRC|FRC-PC,FRC|FRC-PA|FRC-PB|FRC-PC|FRC-PD|FRC-PE|FRC-PF|FRC-PG|FRC-PH|FRC-PI|FRC-PJ|FRC-PK|FRC-PL|FRC-PM|FRC-PN|FRCB|FRCCL|FRCHL|FRCIL|FRCJL|FRCKL|FRCLL|FRCML
FRC-PD,FRC-PA FRCHL FRC-PE FRC-PG FRC-PM FRC-PH FRC-PI FRCB FRC-PB FRC-PJ FRC-PC FRCML FRCKL FRC-PF FRC-PL FRCJL FRCCL FRC-PK FRCLL FRC-PN FRCIL FRC,FRC-PA FRCHL FRC-PE FRC-PG FRC-PM FRC-PH FRC-PI FRCB FRC-PB FRC-PJ FRC-PC FRCML FRCKL FRC-PF FRC-PL FRCJL FRCCL FRC-PK FRCLL FRC-PN FRCIL FRC|FRC-PD,FRC|FRC-PA|FRC-PB|FRC-PC|FRC-PD|FRC-PE|FRC-PF|FRC-PG|FRC-PH|FRC-PI|FRC-PJ|FRC-PK|FRC-PL|FRC-PM|FRC-PN|FRCB|FRCCL|FRCHL|FRCIL|FRCJL|FRCKL|FRCLL|FRCML
FRC-PE,FRC-PA FRCHL FRC-PG FRC-PM FRC-PH FRC-PI FRCB FRC-PB FRC-PJ FRC-PC FRCML FRCKL FRC-PF FRC-PL FRCJL FRCCL FRC-PK FRCLL FRC-PD FRC-PN FRCIL FRC,FRC-PA FRCHL FRC-PG FRC-PM FRC-PH FRC-PI FRCB FRC-PB FRC-PJ FRC-PC FRCML FRCKL FRC-PF FRC-PL FRCJL FRCCL FRC-PK FRCLL FRC-PD FRC-PN FRCIL FRC|FRC-PE,FRC|FRC-PA|FRC-PB|FRC-PC|FRC-PD|FRC-PE|FRC-PF|FRC-PG|FRC-PH|FRC-PI|FRC-PJ|FRC-PK|FRC-PL|FRC-PM|FRC-PN|FRCB|FRCCL|FRCHL|FRCIL|FRCJL|FRCKL|FRCLL|FRCML
FRC-PF,FRC-PA FRCHL FRC-PE FRC-PG FRC-PM FRC-PH FRC-PI FRCB FRC-PB FRC-PJ FRC-PC FRCML FRCKL FRC-PL FRCJL FRCCL FRC-PK FRCLL FRC-PD FRC-PN FRCIL FRC,FRC-PA FRCHL FRC-PE FRC-PG FRC-PM FRC-PH FRC-PI FRCB FRC-PB FRC-PJ FRC-PC FRCML FRCKL FRC-PL FRCJL FRCCL FRC-PK FRCLL FRC-PD FRC-PN FRCIL FRC|FRC-PF,FRC|FRC-PA|FRC-PB|FRC-PC|FRC-PD|FRC-PE|FRC-PF|FRC-PG|FRC-PH|FRC-PI|FRC-PJ|FRC-PK|FRC-PL|FRC-PM|FRC-PN|FRCB|FRCCL|FRCHL|FRCIL|FRCJL|FRCKL|FRCLL|FRCML
FRC-PG,FRC-PA FRCHL FRC-PE FRC-PM FRC-PH FRC-PI FRCB FRC-PB FRC-PJ FRC-PC FRCML FRCKL FRC-PF FRC-PL FRCJL FRCCL FRC-PK FRCLL FRC-PD FRC-PN FRCIL FRC,FRC-PA FRCHL FRC-PE FRC-PM FRC-PH FRC-PI FRCB FRC-PB FRC-PJ FRC-PC FRCML FRCKL FRC-PF FRC-PL FRCJL FRCCL FRC-PK FRCLL FRC-PD FRC-PN FRCIL FRC|FRC-PG,FRC|FRC-PA|FRC-PB|FRC-PC|FRC-PD|FRC-PE|FRC-PF|FRC-PG|FRC-PH|FRC-PI|FRC-PJ|FRC-PK|FRC-PL|FRC-PM|FRC-PN|FRCB|FRCCL|FRCHL|FRCIL|FRCJL|FRCKL|FRCLL|FRCML
FRCB,FRC-PA FRCHL FRC-PE FRC-PG FRC-PM FRC-PH FRC-PI FRC-PB FRC-PJ FRC-PC FRCML FRCKL FRC-PF FRC-PL FRCJL FRCCL FRC-PK FRCLL FRC-PD FRC-PN FRCIL FRC,FRC-PA FRCHL FRC-PE FRC-PG FRC-PM FRC-PH FRC-PI FRC-PB FRC-PJ FRC-PC FRCML FRCKL FRC-PF FRC-PL FRCJL FRCCL FRC-PK FRCLL FRC-PD FRC-PN FRCIL FRC|FRCB,FRC|FRC-PA|FRC-PB|FRC-PC|FRC-PD|FRC-PE|FRC-PF|FRC-PG|FRC-PH|FRC-PI|FRC-PJ|FRC-PK|FRC-PL|FRC-PM|FRC-PN|FRCB|FRCCL|FRCHL|FRCIL|FRCJL|FRCKL|FRCLL|FRCML
FRCCL,FRC-PA FRCHL FRC-PE FRC-PG FRC-PM FRC-PH FRC-PI FRCB FRC-PB FRC-PJ FRC-PC FRCML FRCKL FRC-PF FRC-PL FRCJL FRC-PK FRCLL FRC-PD FRC-PN FRCIL FRC,FRC-PA FRCHL FRC-PE FRC-PG FRC-PM FRC-PH FRC-PI FRCB FRC-PB FRC-PJ FRC-PC FRCML FRCKL FRC-PF FRC-PL FRCJL FRC-PK FRCLL FRC-PD FRC-PN FRCIL FRC|FRCCL,FRC|FRC-PA|FRC-PB|FRC-PC|FRC-PD|FRC-PE|FRC-PF|FRC-PG|FRC-PH|FRC-PI|FRC-PJ|FRC-PK|FRC-PL|FRC-PM|FRC-PN|FRCB|FRCCL|FRCHL|FRCIL|FRCJL|FRCKL|FRCLL|FRCML
FRCHL,FRC-PA FRC-PE FRC-PG FRC-PM FRC-PH FRC-PI FRCB FRC-PB FRC-PJ FRC-PC FRCML FRCKL FRC-PF FRC-PL FRCJL FRCCL FRC-PK FRCLL FRC-PD FRC-PN FRCIL FRC,FRC-PA FRC-PE FRC-PG FRC-PM FRC-PH FRC-PI FRCB FRC-PB FRC-PJ FRC-PC FRCML FRCKL FRC-PF FRC-PL FRCJL FRCCL FRC-PK FRCLL FRC-PD FRC-PN FRCIL FRC|FRCHL,FRC|FRC-PA|FRC-PB|FRC-PC|FRC-PD|FRC-PE|FRC-PF|FRC-PG|FRC-PH|FRC-PI|FRC-PJ|FRC-PK|FRC-PL|FRC-PM|FRC-PN|FRCB|FRCCL|FRCHL|FRCIL|FRCJL|FRCKL|FRCLL|FRCML
FRCIL,FRC-PA FRCHL FRC-PE FRC-PG FRC-PM FRC-PH FRC-PI FRCB FRC-PB FRC-PJ FRC-PC FRCML FRCKL FRC-PF FRC-PL FRCJL FRCCL FRC-PK FRCLL FRC-PD FRC-PN FRC,FRC-PA FRCHL FRC-PE FRC-PG FRC-PM FRC-PH FRC-PI FRCB FRC-PB FRC-PJ FRC-PC FRCML FRCKL FRC-PF FRC-PL FRCJL FRCCL FRC-PK FRCLL FRC-PD FRC-PN FRC|FRCIL,FRC|FRC-PA|FRC-PB|FRC-PC|FRC-PD|FRC-PE|FRC-PF|FRC-PG|FRC-PH|FRC-PI|FRC-PJ|FRC-PK|FRC-PL|FRC-PM|FRC-PN|FRCB|FRCCL|FRCHL|FRCIL|FRCJL|FRCKL|FRCLL|FRCML
FRCJL,FRC-PA FRCHL FRC-PE FRC-PG FRC-PM FRC-PH FRC-PI FRCB FRC-PB FRC-PJ FRC-PC FRCML FRCKL FRC-PF FRC-PL FRCCL FRC-PK FRCLL FRC-PD FRC-PN FRCIL FRC,FRC-PA FRCHL FRC-PE FRC-PG FRC-PM FRC-PH FRC-PI FRCB FRC-PB FRC-PJ FRC-PC FRCML FRCKL FRC-PF FRC-PL FRCCL FRC-PK FRCLL FRC-PD FRC-PN FRCIL FRC|FRCJL,FRC|FRC-PA|FRC-PB|FRC-PC|FRC-PD|FRC-PE|FRC-PF|FRC-PG|FRC-PH|FRC-PI|FRC-PJ|FRC-PK|FRC-PL|FRC-PM|FRC-PN|FRCB|FRCCL|FRCHL|FRCIL|FRCJL|FRCKL|FRCLL|FRCML
FRCKL,FRC-PA FRCHL FRC-PE FRC-PG FRC-PM FRC-PH FRC-PI FRCB FRC-PB FRC-PJ FRC-PC FRCML FRC-PF FRC-PL FRCJL FRCCL FRC-PK FRCLL FRC-PD FRC-PN FRCIL FRC,FRC-PA FRCHL FRC-PE FRC-PG FRC-PM FRC-PH FRC-PI FRCB FRC-PB FRC-PJ FRC-PC FRCML FRC-PF FRC-PL FRCJL FRCCL FRC-PK FRCLL FRC-PD FRC-PN FRCIL FRC|FRCKL,FRC|FRC-PA|FRC-PB|FRC-PC|FRC-PD|FRC-PE|FRC-PF|FRC-PG|FRC-PH|FRC-PI|FRC-PJ|FRC-PK|FRC-PL|FRC-PM|FRC-PN|FRCB|FRCCL|FRCHL|FRCIL|FRCJL|FRCKL|FRCLL|FRCML
FRCLL,FRC-PA FRCHL FRC-PE FRC-PG FRC-PM FRC-PH FRC-PI FRCB FRC-PB FRC-PJ FRC-PC FRCML FRCKL FRC-PF FRC-PL FRCJL FRCCL FRC-PK FRC-PD FRC-PN FRCIL FRC,FRC-PA FRCHL FRC-PE FRC-PG FRC-PM FRC-PH FRC-PI FRCB FRC-PB FRC-PJ FRC-PC FRCML FRCKL FRC-PF FRC-PL FRCJL FRCCL FRC-PK FRC-PD FRC-PN FRCIL FRC|FRCLL,FRC|FRC-PA|FRC-PB|FRC-PC|FRC-PD|FRC-PE|FRC-PF|FRC-PG|FRC-PH|FRC-PI|FRC-PJ|FRC-PK|FRC-PL|FRC-PM|FRC-PN|FRCB|FRCCL|FRCHL|FRCIL|FRCJL|FRCKL|FRCLL|FRCML
FRCML,FRC-PA FRCHL FRC-PE FRC-PG FRC-PM FRC-PH FRC-PI FRCB FRC-PB FRC-PJ FRC-PC FRCKL FRC-PF FRC-PL FRCJL FRCCL FRC-PK FRCLL FRC-PD FRC-PN FRCIL FRC,FRC-PA FRCHL FRC-PE FRC-PG FRC-PM FRC-PH FRC-PI FRCB FRC-PB FRC-PJ FRC-PC FRCKL FRC-PF FRC-PL FRCJL FRCCL FRC-PK FRCLL FRC-PD FRC-PN FRCIL FRC|FRCML,FRC|FRC-PA|FRC-PB|FRC-PC|FRC-PD|FRC-PE|FRC-PF|FRC-PG|FRC-PH|FRC-PI|FRC-PJ|FRC-PK|FRC-PL|FRC-PM|FRC-PN|FRCB|FRCCL|FRCHL|FRCIL|FRCJL|FRCKL|FRCLL|FRCML
FREE,ACTTU ACTT ACTTW FREEW,ACTTU ACTT ACTTW FREEW|FREE,ACTT|ACTTU|ACTTW|FREE|FREEW
FREEW,FREE ACTTU ACTT ACTTW,FREE ACTTU ACTT ACTTW|FREEW,ACTT|ACTTU|ACTTW|FREE|FREEW
FREHY,FRES ANPC,FREHY|FRES ANPC,ANPC|FREHY|FRES
FRG,TAX FRGA FRGAP TAXA,FRG|TAX FRGA FRGAP TAXA,FRG|FRGA|FRGAP|TAX|TAXA
FRGAP,TAX FRGA TAXA FRG,FRGAP|TAX FRGA TAXA FRG,FRG|FRGA|FRGAP|TAX|TAXA
FRGE,MOTV.WS MOTV FRGE.WS MOTV.U,FRGE|MOTV.WS MOTV FRGE.WS MOTV.U,FRGE|FRGE.WS|MOTV|MOTV.U|MOTV.WS
FRGE.WS,MOTV.WS MOTV FRGE MOTV.U,FRGE.WS|MOTV.WS MOTV FRGE MOTV.U,FRGE|FRGE.WS|MOTV|MOTV.U|MOTV.WS
FRGT,HUSN CIFS,FRGT|HUSN CIFS,CIFS|FRGT|HUSN
FRLA,FRLAW FRLAU,FRLA|FRLAW FRLAU,FRLA|FRLAU|FRLAW
FRLAU,FRLAW FRLA,FRLAU|FRLAW FRLA,FRLA|FRLAU|FRLAW
FRLAW,FRLA FRLAU,FRLA FRLAU|FRLAW,FRLA|FRLAU|FRLAW
FRM,KAB XNR,FRM|KAB XNR,FRM|KAB|XNR
FRMM,ATNFW ETHZW ETHZ KBLM KBLMU ATNF KBLMW,ATNFW ETHZW ETHZ KBLM KBLMU ATNF KBLMW|FRMM,ATNF|ATNFW|ETHZ|ETHZW|FRMM|KBLM|KBLMU|KBLMW
FRON,FRONW FRONU,FRON|FRONW FRONU,FRON|FRONU|FRONW
FRONU,FRONW FRON,FRONU|FRONW FRON,FRON|FRONU|FRONW
FRONW,FRON FRONU,FRON FRONU|FRONW,FRON|FRONU|FRONW
FRRG,CHI FRG,CHI FRG|FRRG,CHI|FRG|FRRG
FRSG,FRSGW FRSGU,FRSG|FRSGW FRSGU,FRSG|FRSGU|FRSGW
FRSGU,FRSGW FRSG,FRSGU|FRSGW FRSG,FRSG|FRSGU|FRSGW
FRSGW,FRSG FRSGU,FRSG FRSGU|FRSGW,FRSG|FRSGU|FRSGW
FRSH1,FRSH SAVO,FRSH SAVO|FRSH1,FRSH|FRSH1|SAVO
FRTX,BBI VICL,BBI VICL|FRTX,BBI|FRTX|VICL
FRW,FRWAW FRWAU,FRW|FRWAW FRWAU,FRW|FRWAU|FRWAW
FRWAU,FRW FRWAW,FRW FRWAW|FRWAU,FRW|FRWAU|FRWAW
FRWAW,FRW FRWAU,FRW FRWAU|FRWAW,FRW|FRWAU|FRWAW
FRX.U,FRX BODY BODY.WS FRX.WS BODI,FRX BODY BODY.WS FRX.WS BODI|FRX.U,BODI|BODY|BODY.WS|FRX|FRX.U|FRX.WS
FRXB,FRXB.U FRXB.WS,FRXB|FRXB.U FRXB.WS,FRXB|FRXB.U|FRXB.WS
FRXB.U,FRXB FRXB.WS,FRXB FRXB.WS|FRXB.U,FRXB|FRXB.U|FRXB.WS
FRXB.WS,FRXB FRXB.U,FRXB FRXB.U|FRXB.WS,FRXB|FRXB.U|FRXB.WS
FSL.B,FSL1 FSL,FSL.B|FSL1 FSL,FSL|FSL.B|FSL1
FSL1,FSL.B FSL,FSL.B FSL|FSL1,FSL|FSL.B|FSL1
FSNB,FSNB.WS FSNBW FSNB.U,FSNB|FSNB.WS FSNBW FSNB.U,FSNB|FSNB.U|FSNB.WS|FSNBW
FSNB.U,FSNB.WS FSNB FSNBW,FSNB.U|FSNB.WS FSNB FSNBW,FSNB|FSNB.U|FSNB.WS|FSNBW
FSNBW,FSNB.WS FSNB FSNB.U,FSNB.WS FSNB FSNB.U|FSNBW,FSNB|FSNB.U|FSNB.WS|FSNBW
FSNNQ,FSNN FSN,FSNN FSN|FSNNQ,FSN|FSNN|FSNNQ
FSR.WS,FSRNQ FSR FSRN SPAQ.WS SPAQ SPAQ.U,FSR.WS|FSRNQ FSR FSRN SPAQ.WS SPAQ SPAQ.U,FSR|FSR.WS|FSRN|FSRNQ|SPAQ|SPAQ.U|SPAQ.WS
FSRDQ,ENNVW ENNV ENNVU FSRD FSRDW,ENNVW ENNV ENNVU FSRD FSRDW|FSRDQ,ENNV|ENNVU|ENNVW|FSRD|FSRDQ|FSRDW
FSRDW,ENNVW FSRDQ ENNV ENNVU FSRD,ENNVW FSRDQ ENNV ENNVU FSRD|FSRDW,ENNV|ENNVU|ENNVW|FSRD|FSRDQ|FSRDW
FSRNQ,FSR FSR.WS FSRN SPAQ.WS SPAQ SPAQ.U,FSR FSR.WS FSRN SPAQ.WS SPAQ SPAQ.U|FSRNQ,FSR|FSR.WS|FSRN|FSRNQ|SPAQ|SPAQ.U|SPAQ.WS
FSRVU,FSRV KPLT,FSRV KPLT|FSRVU,FSRV|FSRVU|KPLT
FSRX,FSRXW FSRXU,FSRX|FSRXW FSRXU,FSRX|FSRXU|FSRXW
FSRXU,FSRX FSRXW,FSRX FSRXW|FSRXU,FSRX|FSRXU|FSRXW
FSRXW,FSRX FSRXU,FSRX FSRXU|FSRXW,FSRX|FSRXU|FSRXW
FSSI,FSSIW FSSIU,FSSI|FSSIW FSSIU,FSSI|FSSIU|FSSIW
FSSIU,FSSIW FSSI,FSSIU|FSSIW FSSI,FSSI|FSSIU|FSSIW
FSSIW,FSSIU FSSI,FSSIU FSSI|FSSIW,FSSI|FSSIU|FSSIW
FST,FST.WS FST.U,FST|FST.WS FST.U,FST|FST.U|FST.WS
FST.U,FST FST.WS,FST FST.WS|FST.U,FST|FST.U|FST.WS
FST.WS,FST FST.U,FST FST.U|FST.WS,FST|FST.U|FST.WS
NDACU,NDACW NDAC,NDACU|NDACW NDAC,NDAC|NDACU|NDACW
FSYS,ARSN IMCO,ARSN IMCO|FSYS,ARSN|FSYS|IMCO
FTAA,FTAAW FTAAU,FTAA|FTAAW FTAAU,FTAA|FTAAU|FTAAW
FTAAU,FTAA FTAAW,FTAA FTAAW|FTAAU,FTAA|FTAAU|FTAAW
FTAAW,FTAA FTAAU,FTAA FTAAU|FTAAW,FTAA|FTAAU|FTAAW
FTAI,FTAIP FTAIN FAVTP FTAI-PB FTAI-PC FTAIM FTAIO FTAI-PA,FTAI|FTAIP FTAIN FAVTP FTAI-PB FTAI-PC FTAIM FTAIO FTAI-PA,FAVTP|FTAI|FTAI-PA|FTAI-PB|FTAI-PC|FTAIM|FTAIN|FTAIO|FTAIP
FTAIM,FTAIP FTAIN FAVTP FTAI-PB FTAI-PC FTAIO FTAI FTAI-PA,FTAIM|FTAIP FTAIN FAVTP FTAI-PB FTAI-PC FTAIO FTAI FTAI-PA,FAVTP|FTAI|FTAI-PA|FTAI-PB|FTAI-PC|FTAIM|FTAIN|FTAIO|FTAIP
FTAIN,FTAIP FAVTP FTAI-PB FTAI-PC FTAIM FTAIO FTAI FTAI-PA,FTAIN|FTAIP FAVTP FTAI-PB FTAI-PC FTAIM FTAIO FTAI FTAI-PA,FAVTP|FTAI|FTAI-PA|FTAI-PB|FTAI-PC|FTAIM|FTAIN|FTAIO|FTAIP
FTAIO,FTAIP FTAIN FTAI-PB FAVTP FTAI-PC FTAIM FTAI FTAI-PA,FTAIO|FTAIP FTAIN FTAI-PB FAVTP FTAI-PC FTAIM FTAI FTAI-PA,FAVTP|FTAI|FTAI-PA|FTAI-PB|FTAI-PC|FTAIM|FTAIN|FTAIO|FTAIP
FTAIP,FTAIN FAVTP FTAI-PB FTAI-PC FTAIM FTAIO FTAI FTAI-PA,FTAIN FAVTP FTAI-PB FTAI-PC FTAIM FTAIO FTAI FTAI-PA|FTAIP,FAVTP|FTAI|FTAI-PA|FTAI-PB|FTAI-PC|FTAIM|FTAIN|FTAIO|FTAIP
FTAR,FTS FTSTQ,FTAR|FTS FTSTQ,FTAR|FTS|FTSTQ
FTCV,FTCVW FTCVU,FTCV|FTCVW FTCVU,FTCV|FTCVU|FTCVW
FTCVU,FTCV FTCVW,FTCV FTCVW|FTCVU,FTCV|FTCVU|FTCVW
FTCVW,FTCV FTCVU,FTCV FTCVU|FTCVW,FTCV|FTCVU|FTCVW
FTERQ,FTER FTR,FTER FTR|FTERQ,FTER|FTERQ|FTR
FTEV,FTEV.WS FTEV.U FTEVW,FTEV|FTEV.WS FTEV.U FTEVW,FTEV|FTEV.U|FTEV.WS|FTEVW
FTEV.U,FTEV.WS FTEV FTEVW,FTEV.U|FTEV.WS FTEV FTEVW,FTEV|FTEV.U|FTEV.WS|FTEVW
FTEVW,FTEV.WS FTEV FTEV.U,FTEV.WS FTEV FTEV.U|FTEVW,FTEV|FTEV.U|FTEV.WS|FTEVW
NDACW,NDACU NDAC,NDACU NDAC|NDACW,NDAC|NDACU|NDACW
FTII,FTIIU FTIIW,FTII|FTIIU FTIIW,FTII|FTIIU|FTIIW
FTIIU,FTIIW FTII,FTIIU|FTIIW FTII,FTII|FTIIU|FTIIW
FTIIW,FTIIU FTII,FTIIU FTII|FTIIW,FTII|FTIIU|FTIIW
FTIVU,PWPPW FTIVW PWP FTIV,FTIVU|PWPPW FTIVW PWP FTIV,FTIV|FTIVU|FTIVW|PWP|PWPPW
FTOCU,PAYO FTOCW FTOC PAYOW,FTOCU|PAYO FTOCW FTOC PAYOW,FTOC|FTOCU|FTOCW|PAYO|PAYOW
FTPA1,FTPAU FTPAW FTPA,FTPA1|FTPAU FTPAW FTPA,FTPA|FTPA1|FTPAU|FTPAW
FTPAU,FTPAW FTPA1 FTPA,FTPAU|FTPAW FTPA1 FTPA,FTPA|FTPA1|FTPAU|FTPAW
FTPAW,FTPAU FTPA1 FTPA,FTPAU FTPA1 FTPA|FTPAW,FTPA|FTPA1|FTPAU|FTPAW
FTRCQ,FTRPR FTR FRNTP CZN,FTRCQ|FTRPR FTR FRNTP CZN,CZN|FRNTP|FTR|FTRCQ|FTRPR
FTRPR,FTRCQ FTR FRNTP CZN,FTRCQ FTR FRNTP CZN|FTRPR,CZN|FRNTP|FTR|FTRCQ|FTRPR
FTV,FTV-PA FTVVP FTV.W,FTV|FTV-PA FTVVP FTV.W,FTV|FTV-PA|FTV.W|FTVVP
FTV-PA,FTVVP FTV.W FTV,FTV-PA|FTVVP FTV.W FTV,FTV|FTV-PA|FTV.W|FTVVP
FTVI,FTVIU FTVIW,FTVI|FTVIU FTVIW,FTVI|FTVIU|FTVIW
FTVIU,FTVI FTVIW,FTVI FTVIW|FTVIU,FTVI|FTVIU|FTVIW
FTVIW,FTVI FTVIU,FTVI FTVIU|FTVIW,FTVI|FTVIU|FTVIW
FTW,FTW.U EQV EQV.U,FTW|FTW.U EQV EQV.U,EQV|EQV.U|FTW|FTW.U
FTW.U,FTW EQV EQV.U,FTW EQV EQV.U|FTW.U,EQV|EQV.U|FTW|FTW.U
FTWRQ,FTWR FRNS,FTWR FRNS|FTWRQ,FRNS|FTWR|FTWRQ
FUBO,BTOP DGLF CRCO FBNK,BTOP DGLF CRCO FBNK|FUBO,BTOP|CRCO|DGLF|FBNK|FUBO
FUFU,ARIZ ARIZU ARIZR,ARIZ ARIZU ARIZR|FUFU,ARIZ|ARIZR|ARIZU|FUFU
FURY,AUG GGTCF,AUG GGTCF|FURY,AUG|FURY|GGTCF
FUSE,CSLMU CSLM CSLMR,CSLMU CSLM CSLMR|FUSE,CSLM|CSLMR|CSLMU|FUSE
FUSE.U,ML.WS ML FUSE FUSE.WS,FUSE.U|ML.WS ML FUSE FUSE.WS,FUSE|FUSE.U|FUSE.WS|ML|ML.WS
FVCCQ,FVCX FVCC,FVCCQ|FVCX FVCC,FVCC|FVCCQ|FVCX
FVIV,FVIV.U FVIVW FVIV.WS,FVIV|FVIV.U FVIVW FVIV.WS,FVIV|FVIV.U|FVIV.WS|FVIVW
FVIV.U,FVIVW FVIV FVIV.WS,FVIV.U|FVIVW FVIV FVIV.WS,FVIV|FVIV.U|FVIV.WS|FVIVW
FVIVW,FVIV.U FVIV FVIV.WS,FVIV.U FVIV FVIV.WS|FVIVW,FVIV|FVIV.U|FVIV.WS|FVIVW
FVT,FVT.WS FVT.U,FVT|FVT.WS FVT.U,FVT|FVT.U|FVT.WS
FVT.U,FVT FVT.WS,FVT FVT.WS|FVT.U,FVT|FVT.U|FVT.WS
FVT.WS,FVT.U FVT,FVT.U FVT|FVT.WS,FVT|FVT.U|FVT.WS
FWLT,FWLRF FWHLF,FWLRF FWHLF|FWLT,FWHLF|FWLRF|FWLT
FWONA,FWONK LMCA LSXMK BATRK BATRK1 FWONB BATRA LMCK LMCB LSXMB BATRA1 LSXMA,FWONA|FWONK LMCA LSXMK BATRK BATRK1 FWONB BATRA LMCK LMCB LSXMB BATRA1 LSXMA,BATRA|BATRA1|BATRK|BATRK1|FWONA|FWONB|FWONK|LMCA|LMCB|LMCK|LSXMA|LSXMB|LSXMK
FWONB,FWONK LMCA LSXMK FWONA BATRK BATRK1 BATRA LMCK LMCB LSXMB BATRA1 LSXMA,FWONB|FWONK LMCA LSXMK FWONA BATRK BATRK1 BATRA LMCK LMCB LSXMB BATRA1 LSXMA,BATRA|BATRA1|BATRK|BATRK1|FWONA|FWONB|FWONK|LMCA|LMCB|LMCK|LSXMA|LSXMB|LSXMK
FWONK,LMCA LSXMK FWONA BATRK BATRK1 FWONB BATRA LMCK LMCB LSXMB BATRA1 LSXMA,FWONK|LMCA LSXMK FWONA BATRK BATRK1 FWONB BATRA LMCK LMCB LSXMB BATRA1 LSXMA,BATRA|BATRA1|BATRK|BATRK1|FWONA|FWONB|FWONK|LMCA|LMCB|LMCK|LSXMA|LSXMB|LSXMK
FXCO,FXCOW FXCOR FXCOU,FXCO|FXCOW FXCOR FXCOU,FXCO|FXCOR|FXCOU|FXCOW
FXCOR,FXCOW FXCO FXCOU,FXCOR|FXCOW FXCO FXCOU,FXCO|FXCOR|FXCOU|FXCOW
FXCOW,FXCOR FXCO FXCOU,FXCOR FXCO FXCOU|FXCOW,FXCO|FXCOR|FXCOU|FXCOW
FXHO,WTO UTME,FXHO|WTO UTME,FXHO|UTME|WTO
FZT.U,FBYDP1 FZT FBYD FBYDP,FBYDP1 FZT FBYD FBYDP|FZT.U,FBYD|FBYDP|FBYDP1|FZT|FZT.U
GACQ,GACQW GACQU,GACQ|GACQW GACQU,GACQ|GACQU|GACQW
GACQU,GACQW GACQ,GACQU|GACQW GACQ,GACQ|GACQU|GACQW
GACQW,GACQ GACQU,GACQ GACQU|GACQW,GACQ|GACQU|GACQW
GADS,PHMD FCRE,GADS|PHMD FCRE,FCRE|GADS|PHMD
GAHC,CSOF DWMA,CSOF DWMA|GAHC,CSOF|DWMA|GAHC
GAIN,GAINI GAINO GAINN GAINL GAINL1 GAINZ GAINP GAINN1 GAING,GAIN|GAINI GAINO GAINN GAINL GAINL1 GAINZ GAINP GAINN1 GAING,GAIN|GAING|GAINI|GAINL|GAINL1|GAINN|GAINN1|GAINO|GAINP|GAINZ
GAINL1,GAINI GAIN GAINO GAINN GAINL GAINZ GAINP GAINN1 GAING,GAINI GAIN GAINO GAINN GAINL GAINZ GAINP GAINN1 GAING|GAINL1,GAIN|GAING|GAINI|GAINL|GAINL1|GAINN|GAINN1|GAINO|GAINP|GAINZ
GAINM,GAINN GAINN1,GAINM|GAINN GAINN1,GAINM|GAINN|GAINN1
GAINN,GAINI GAIN GAINO GAING GAINL GAINL1 GAINZ GAINN1 GAINP,GAINI GAIN GAINO GAING GAINL GAINL1 GAINZ GAINN1 GAINP|GAINN,GAIN|GAING|GAINI|GAINL|GAINL1|GAINN|GAINN1|GAINO|GAINP|GAINZ
GAINN1,GAINI GAIN GAINO GAING GAINL GAINP GAINL1 GAINZ GAINN GAINM,GAINI GAIN GAINO GAING GAINL GAINP GAINL1 GAINZ GAINN GAINM|GAINN1,GAIN|GAING|GAINI|GAINL|GAINL1|GAINM|GAINN|GAINN1|GAINO|GAINP|GAINZ
GAINO,GAINI GAIN GAINN GAINL GAINL1 GAINZ GAINP GAINN1 GAING,GAINI GAIN GAINN GAINL GAINL1 GAINZ GAINP GAINN1 GAING|GAINO,GAIN|GAING|GAINI|GAINL|GAINL1|GAINN|GAINN1|GAINO|GAINP|GAINZ
GAINP,GAINI GAIN GAINO GAINN GAINL GAINL1 GAINZ GAINN1 GAING,GAINI GAIN GAINO GAINN GAINL GAINL1 GAINZ GAINN1 GAING|GAINP,GAIN|GAING|GAINI|GAINL|GAINL1|GAINN|GAINN1|GAINO|GAINP|GAINZ
GALT,PROH PRWP PRW,GALT|PROH PRWP PRW,GALT|PROH|PRW|PRWP
GAMCU,GAMC BSLKW GAMCW BSLK,GAMC BSLKW GAMCW BSLK|GAMCU,BSLK|BSLKW|GAMC|GAMCU|GAMCW
GANS,GAN GNAC,GAN GNAC|GANS,GAN|GANS|GNAC
GAPA,GAPAW GAPA.U GAPAU GAPA.WS,GAPA|GAPAW GAPA.U GAPAU GAPA.WS,GAPA|GAPA.U|GAPA.WS|GAPAU|GAPAW
GAPAU,GAPAW GAPA GAPA.U GAPA.WS,GAPAU|GAPAW GAPA GAPA.U GAPA.WS,GAPA|GAPA.U|GAPA.WS|GAPAU|GAPAW
GAPAW,GAPA GAPA.U GAPAU GAPA.WS,GAPA GAPA.U GAPAU GAPA.WS|GAPAW,GAPA|GAPA.U|GAPA.WS|GAPAU|GAPAW
GAQ,GAQ.WS GAQWF GAQ.U GAQUF,GAQ|GAQ.WS GAQWF GAQ.U GAQUF,GAQ|GAQ.U|GAQ.WS|GAQUF|GAQWF
GAQUF,GAQ.WS GAQWF GAQ.U GAQ,GAQ.WS GAQWF GAQ.U GAQ|GAQUF,GAQ|GAQ.U|GAQ.WS|GAQUF|GAQWF
GAQWF,GAQ.WS GAQ.U GAQ GAQUF,GAQ.WS GAQ.U GAQ GAQUF|GAQWF,GAQ|GAQ.U|GAQ.WS|GAQUF|GAQWF
GAS,ATG AGL,ATG AGL|GAS,AGL|ATG|GAS
GATE,GATEW GATEU,GATE|GATEW GATEU,GATE|GATEU|GATEW
GATE1,GATE ZCAD,GATE ZCAD|GATE1,GATE|GATE1|ZCAD
GATEU,GATE GATEW,GATE GATEW|GATEU,GATE|GATEU|GATEW
GATEW,GATE GATEU,GATE GATEU|GATEW,GATE|GATEU|GATEW
GATX,GMT GMTA,GATX|GMT GMTA,GATX|GMT|GMTA
GAU,AKG KGN,AKG KGN|GAU,AKG|GAU|KGN
GB,GB.WS FPAC FPAC.U FPAC.WS,GB|GB.WS FPAC FPAC.U FPAC.WS,FPAC|FPAC.U|FPAC.WS|GB|GB.WS
GB.WS,FPAC GB FPAC.U FPAC.WS,FPAC GB FPAC.U FPAC.WS|GB.WS,FPAC|FPAC.U|FPAC.WS|GB|GB.WS
GBBK,GBBKU GBBKW GBBKR,GBBK|GBBKU GBBKW GBBKR,GBBK|GBBKR|GBBKU|GBBKW
GBBKR,GBBKU GBBK GBBKW,GBBKR|GBBKU GBBK GBBKW,GBBK|GBBKR|GBBKU|GBBKW
GBBKW,GBBKU GBBK GBBKR,GBBKU GBBK GBBKR|GBBKW,GBBK|GBBKR|GBBKU|GBBKW
GBGLF,GBN GBG,GBGLF|GBN GBG,GBG|GBGLF|GBN
GBHDQ,GBH GBHD,GBH GBHD|GBHDQ,GBH|GBHD|GBHDQ
GBLI,GBLIL GBLL INDM UNGL GBLIZ,GBLI|GBLIL GBLL INDM UNGL GBLIZ,GBLI|GBLIL|GBLIZ|GBLL|INDM|UNGL
GBNHF,GBNH GBOKF,GBNH GBOKF|GBNHF,GBNH|GBNHF|GBOKF
GBRGR,SDA GBRGU GBRG,GBRGR|SDA GBRGU GBRG,GBRG|GBRGR|GBRGU|SDA
GBRGU,GBRGR SDA GBRG,GBRGR SDA GBRG|GBRGU,GBRG|GBRGR|GBRGU|SDA
GBTG,GBTG.WS APSG.WS APSG.U APSG,GBTG|GBTG.WS APSG.WS APSG.U APSG,APSG|APSG.U|APSG.WS|GBTG|GBTG.WS
GBTG.WS,APSG.WS APSG.U GBTG APSG,APSG.WS APSG.U GBTG APSG|GBTG.WS,APSG|APSG.U|APSG.WS|GBTG|GBTG.WS
GCACU,CPTNW GCAC CPTN GCACW,CPTNW GCAC CPTN GCACW|GCACU,CPTN|CPTNW|GCAC|GCACU|GCACW
GCL,RFACU RFAC RFACR,GCL|RFACU RFAC RFACR,GCL|RFAC|RFACR|RFACU
GCMG,CFFAW CFFA CFFAU GCMGW,CFFAW CFFA CFFAU GCMGW|GCMG,CFFA|CFFAU|CFFAW|GCMG|GCMGW
GCMGW,CFFAW CFFA CFFAU GCMG,CFFAW CFFA CFFAU GCMG|GCMGW,CFFA|CFFAU|CFFAW|GCMG|GCMGW
GCSAY,SAB ATY,GCSAY|SAB ATY,ATY|GCSAY|SAB
GCTS,CNDB CNDB.U,CNDB CNDB.U|GCTS,CNDB|CNDB.U|GCTS
GDC,WYIGU WYIG CCNC TMSR,GDC|WYIGU WYIG CCNC TMSR,CCNC|GDC|TMSR|WYIG|WYIGU
GFGDW,GFGDU GFGD GFGDR,GFGDU GFGD GFGDR|GFGDW,GFGD|GFGDR|GFGDU|GFGDW
GDEV,KSMT KSMTU,GDEV|KSMT KSMTU,GDEV|KSMT|KSMTU
GDNR,GDNRU GDNRW,GDNR|GDNRU GDNRW,GDNR|GDNRU|GDNRW
GDNRU,GDNR GDNRW,GDNR GDNRW|GDNRU,GDNR|GDNRU|GDNRW
GDNRW,GDNRU GDNR,GDNRU GDNR|GDNRW,GDNR|GDNRU|GDNRW
GDP,GDPP GDDR,GDP|GDPP GDDR,GDDR|GDP|GDPP
GDPMQ,GDP GDPM,GDP GDPM|GDPMQ,GDP|GDPM|GDPMQ
GDST,GDSTR GDSTU GDSTW,GDST|GDSTR GDSTU GDSTW,GDST|GDSTR|GDSTU|GDSTW
GDSTR,GDSTU GDSTW GDST,GDSTR|GDSTU GDSTW GDST,GDST|GDSTR|GDSTU|GDSTW
GDSTU,GDSTR GDSTW GDST,GDSTR GDSTW GDST|GDSTU,GDST|GDSTR|GDSTU|GDSTW
GDSTW,GDSTU GDSTR GDST,GDSTU GDSTR GDST|GDSTW,GDST|GDSTR|GDSTU|GDSTW
GDYN,GDYNW CTAC CTACU CTACW,GDYN|GDYNW CTAC CTACU CTACW,CTAC|CTACU|CTACW|GDYN|GDYNW
GDYNW,CTAC CTACU GDYN CTACW,CTAC CTACU GDYN CTACW|GDYNW,CTAC|CTACU|CTACW|GDYN|GDYNW
GECC,GECCN GECCM GECCG GECCO GECCI GECCZ GECCL GECCH,GECC|GECCN GECCM GECCG GECCO GECCI GECCZ GECCL GECCH,GECC|GECCG|GECCH|GECCI|GECCL|GECCM|GECCN|GECCO|GECCZ
GECC1,GECC LECE,GECC LECE|GECC1,GECC|GECC1|LECE
GECCO,GECC GECCN GECCM GECCG GECCI GECCZ GECCL GECCH,GECC GECCN GECCM GECCG GECCI GECCZ GECCL GECCH|GECCO,GECC|GECCG|GECCH|GECCI|GECCL|GECCM|GECCN|GECCO|GECCZ
GEENQ,EAGLU ENT EAGL,EAGLU ENT EAGL|GEENQ,EAGL|EAGLU|ENT|GEENQ
GEEX,GEEXW GEEXU,GEEX|GEEXW GEEXU,GEEX|GEEXU|GEEXW
GEEXU,GEEXW GEEX,GEEXU|GEEXW GEEX,GEEX|GEEXU|GEEXW
GEEXW,GEEX GEEXU,GEEX GEEXU|GEEXW,GEEX|GEEXU|GEEXW
GEG,GEC GEGGL UPIP PHCM OPWV,GEC GEGGL UPIP PHCM OPWV|GEG,GEC|GEG|GEGGL|OPWV|PHCM|UPIP
GEN,NLOK SYMC,GEN|NLOK SYMC,GEN|NLOK|SYMC
GEN1,RRI GEN,GEN1|RRI GEN,GEN|GEN1|RRI
GENI,GENI.WS DMYD DMYD.WS DMYD.U,GENI|GENI.WS DMYD DMYD.WS DMYD.U,DMYD|DMYD.U|DMYD.WS|GENI|GENI.WS
GENI.WS,DMYD DMYD.WS DMYD.U GENI,DMYD DMYD.WS DMYD.U GENI|GENI.WS,DMYD|DMYD.U|DMYD.WS|GENI|GENI.WS
GENN,GEN SKH,GEN SKH|GENN,GEN|GENN|SKH
GENQU,GENQ ESGL OIO,GENQ ESGL OIO|GENQU,ESGL|GENQ|GENQU|OIO
GENTY,GENT GNT,GENT GNT|GENTY,GENT|GENTY|GNT
GENZ1,GZSP GZMO GZTR GZBX GENZ,GENZ1|GZSP GZMO GZTR GZBX GENZ,GENZ|GENZ1|GZBX|GZMO|GZSP|GZTR
GEO,WHC GGI,GEO|WHC GGI,GEO|GGI|WHC
GEOKQ,GEOK GOKN GKNT GOK,GEOK GOKN GKNT GOK|GEOKQ,GEOK|GEOKQ|GKNT|GOK|GOKN
GETR,IPVA.WS IPVA.U IPVA GETR.WS,GETR|IPVA.WS IPVA.U IPVA GETR.WS,GETR|GETR.WS|IPVA|IPVA.U|IPVA.WS
GETR.WS,GETR IPVA.WS IPVA.U IPVA,GETR IPVA.WS IPVA.U IPVA|GETR.WS,GETR|GETR.WS|IPVA|IPVA.U|IPVA.WS
GETY,GETY.WS PRPB.U PRPB.WS PRPB,GETY|GETY.WS PRPB.U PRPB.WS PRPB,GETY|GETY.WS|PRPB|PRPB.U|PRPB.WS
GETY.WS,PRPB.U GETY PRPB.WS PRPB,GETY.WS|PRPB.U GETY PRPB.WS PRPB,GETY|GETY.WS|PRPB|PRPB.U|PRPB.WS
GFGD,GFGDW GFGDU GFGDR,GFGD|GFGDW GFGDU GFGDR,GFGD|GFGDR|GFGDU|GFGDW
GFGDR,GFGDW GFGDU GFGD,GFGDR|GFGDW GFGDU GFGD,GFGD|GFGDR|GFGDU|GFGDW
GFGDU,GFGDW GFGD GFGDR,GFGDU|GFGDW GFGD GFGDR,GFGD|GFGDR|GFGDU|GFGDW
GFGFQ,GFGF GFG,GFGF GFG|GFGFQ,GFG|GFGF|GFGFQ
GFN,GFNCP GFNSL GFNSZ,GFN|GFNCP GFNSL GFNSZ,GFN|GFNCP|GFNSL|GFNSZ
GFNCP,GFN GFNSL GFNSZ,GFN GFNSL GFNSZ|GFNCP,GFN|GFNCP|GFNSL|GFNSZ
GFOR.U,GFOR NKGN GFOR.WS NKGNW,GFOR NKGN GFOR.WS NKGNW|GFOR.U,GFOR|GFOR.U|GFOR.WS|NKGN|NKGNW
GFUZ,SVACU SVAC,GFUZ|SVACU SVAC,GFUZ|SVAC|SVACU
GFX,GFX.WS GFX.U,GFX|GFX.WS GFX.U,GFX|GFX.U|GFX.WS
GFX.U,GFX GFX.WS,GFX GFX.WS|GFX.U,GFX|GFX.U|GFX.WS
GFX.WS,GFX GFX.U,GFX GFX.U|GFX.WS,GFX|GFX.U|GFX.WS
GGAAF,GGAA GGAAW GGAAU,GGAA GGAAW GGAAU|GGAAF,GGAA|GGAAF|GGAAU|GGAAW
GGAAU,GGAA GGAAW GGAAF,GGAA GGAAW GGAAF|GGAAU,GGAA|GGAAF|GGAAU|GGAAW
GGAAW,GGAA GGAAU GGAAF,GGAA GGAAU GGAAF|GGAAW,GGAA|GGAAF|GGAAU|GGAAW
GGEI,CAHS GGE HGSH CHAS,CAHS GGE HGSH CHAS|GGEI,CAHS|CHAS|GGE|GGEI|HGSH
GGGV,GGGVU GGGVR,GGGV|GGGVU GGGVR,GGGV|GGGVR|GGGVU
GGGVR,GGGV GGGVU,GGGV GGGVU|GGGVR,GGGV|GGGVR|GGGVU
GGGVU,GGGV GGGVR,GGGV GGGVR|GGGVU,GGGV|GGGVR|GGGVU
GGLR,GEOG GGR,GEOG GGR|GGLR,GEOG|GGLR|GGR
GGMC,GGMCW GGMCU,GGMC|GGMCW GGMCU,GGMC|GGMCU|GGMCW
GGMCU,GGMCW GGMC,GGMCU|GGMCW GGMC,GGMC|GGMCU|GGMCW
GGMCW,GGMCU GGMC,GGMCU GGMC|GGMCW,GGMC|GGMCU|GGMCW
GGP,GGP-PA GGWPQ,GGP|GGP-PA GGWPQ,GGP|GGP-PA|GGWPQ
GGP-PA,GGP GGWPQ,GGP GGWPQ|GGP-PA,GGP|GGP-PA|GGWPQ
GGPIU,PSNY GGPI,GGPIU|PSNY GGPI,GGPI|GGPIU|PSNY
GGR,PPGHU PPGH,GGR|PPGHU PPGH,GGR|PPGH|PPGHU
GGT-PE,GGT-PB GGT-PG GGT GGT.R1 GGT.R,GGT-PB GGT-PG GGT GGT.R1 GGT.R|GGT-PE,GGT|GGT-PB|GGT-PE|GGT-PG|GGT.R|GGT.R1
GGZ-PA,GGZ GGZ.R,GGZ GGZ.R|GGZ-PA,GGZ|GGZ-PA|GGZ.R
GHAC,GHACW GHACU,GHAC|GHACW GHACU,GHAC|GHACU|GHACW
GHACU,GHACW GHAC,GHACU|GHACW GHAC,GHAC|GHACU|GHACW
GHACW,GHAC GHACU,GHAC GHACU|GHACW,GHAC|GHACU|GHACW
GHIX,GHIXW GHIXU,GHIX|GHIXW GHIXU,GHIX|GHIXU|GHIXW
GHIXU,GHIXW GHIX,GHIXU|GHIXW GHIX,GHIX|GHIXU|GHIXW
GHSEQ,GHSE GHS,GHSE GHS|GHSEQ,GHS|GHSE|GHSEQ
GHVIU,MTTR GHVI GHVIW MTTRW,GHVIU|MTTR GHVI GHVIW MTTRW,GHVI|GHVIU|GHVIW|MTTR|MTTRW
GIA.U,GIAF GIA QTI GIAFW QTIH GIA.WS,GIA.U|GIAF GIA QTI GIAFW QTIH GIA.WS,GIA|GIA.U|GIA.WS|GIAF|GIAFW|QTI|QTIH
GIACU,CRGO GIAC,CRGO GIAC|GIACU,CRGO|GIAC|GIACU
GIAFW,GIA.U GIAF GIA QTI QTIH GIA.WS,GIA.U GIAF GIA QTI QTIH GIA.WS|GIAFW,GIA|GIA.U|GIA.WS|GIAF|GIAFW|QTI|QTIH
GIBO,BUJAU BUJAR BUJA,BUJAU BUJAR BUJA|GIBO,BUJA|BUJAR|BUJAU|GIBO
GIC1,NLV GIC,GIC1|NLV GIC,GIC|GIC1|NLV
GIG1,GGOX GIG,GGOX GIG|GIG1,GGOX|GIG|GIG1
GIGGU,GIG HDRN,GIG HDRN|GIGGU,GIG|GIGGU|HDRN
GIGGU1,GIG GIGGU BBAI,GIG GIGGU BBAI|GIGGU1,BBAI|GIG|GIGGU|GIGGU1
GIIX,GIIXW GIIXU,GIIX|GIIXW GIIXU,GIIX|GIIXU|GIIXW
GIIXU,GIIXW GIIX,GIIXU|GIIXW GIIX,GIIX|GIIXU|GIIXW
GIIXW,GIIXU GIIX,GIIXU GIIX|GIIXW,GIIX|GIIXU|GIIXW
GIK.U,ZEV GIK GIK.WS ZEVY ZEV.WS ZEVYW,GIK.U|ZEV GIK GIK.WS ZEVY ZEV.WS ZEVYW,GIK|GIK.U|GIK.WS|ZEV|ZEV.WS|ZEVY|ZEVYW
GIW2,GIWWU1 GIWWW GIWWU GIW,GIW2|GIWWU1 GIWWW GIWWU GIW,GIW|GIW2|GIWWU|GIWWU1|GIWWW
GIWWU1,GIWWW GIW2 GIWWU GIW,GIWWU1|GIWWW GIW2 GIWWU GIW,GIW|GIW2|GIWWU|GIWWU1|GIWWW
GIWWW,GIWWU1 GIW2 GIWWU GIW,GIWWU1 GIW2 GIWWU GIW|GIWWW,GIW|GIW2|GIWWU|GIWWU1|GIWWW
GIX.R,UPH GIX UPHL UPH.WS GIX.U UPHLW GIX.WS,GIX.R|UPH GIX UPHL UPH.WS GIX.U UPHLW GIX.WS,GIX|GIX.R|GIX.U|GIX.WS|UPH|UPH.WS|UPHL|UPHLW
GIX.U,GIX.R UPH GIX UPHL UPH.WS UPHLW GIX.WS,GIX.R UPH GIX UPHL UPH.WS UPHLW GIX.WS|GIX.U,GIX|GIX.R|GIX.U|GIX.WS|UPH|UPH.WS|UPHL|UPHLW
GK2,GKSR GK,GK2|GKSR GK,GK|GK2|GKSR
GL,GL-PD GL-PC TMK-PB TMK-PC TMK,GL|GL-PD GL-PC TMK-PB TMK-PC TMK,GL|GL-PC|GL-PD|TMK|TMK-PB|TMK-PC
GL-PC,GL-PD TMK-PB TMK-PC GL TMK,GL-PC|GL-PD TMK-PB TMK-PC GL TMK,GL|GL-PC|GL-PD|TMK|TMK-PB|TMK-PC
GL-PD,GL-PC TMK-PB TMK-PC GL TMK,GL-PC TMK-PB TMK-PC GL TMK|GL-PD,GL|GL-PC|GL-PD|TMK|TMK-PB|TMK-PC
GLACF,GLACU GLACR GLAC,GLACF|GLACU GLACR GLAC,GLAC|GLACF|GLACR|GLACU
GLACR,GLACF GLACU GLAC,GLACF GLACU GLAC|GLACR,GLAC|GLACF|GLACR|GLACU
GLACU,GLACF GLACR GLAC,GLACF GLACR GLAC|GLACU,GLAC|GLACF|GLACR|GLACU
GLAD,GLADD GLADZ GLADO GLADL GLADN,GLAD|GLADD GLADZ GLADO GLADL GLADN,GLAD|GLADD|GLADL|GLADN|GLADO|GLADZ
GLADN,GLADD GLADZ GLADO GLADL GLAD,GLADD GLADZ GLADO GLADL GLAD|GLADN,GLAD|GLADD|GLADL|GLADN|GLADO|GLADZ
GLADO,GLADD GLADZ GLADL GLADN GLAD,GLADD GLADZ GLADL GLADN GLAD|GLADO,GLAD|GLADD|GLADL|GLADN|GLADO|GLADZ
GLAE,IMN GLA,GLAE|IMN GLA,GLA|GLAE|IMN
GLAQU,GLAQ AFRI,GLAQ AFRI|GLAQU,AFRI|GLAQ|GLAQU
GLBLU,ALTI GLBLW GLBL ALTIW,ALTI GLBLW GLBL ALTIW|GLBLU,ALTI|ALTIW|GLBL|GLBLU|GLBLW
GLBN,CGHL MFSI,CGHL MFSI|GLBN,CGHL|GLBN|MFSI
GLCH,FACT BPSG,FACT BPSG|GLCH,BPSG|FACT|GLCH
GLEO.U,GLEO.WS SHPWQ GLEO SHPWW SHPSQ SHPW_WS SHPW,GLEO.U|GLEO.WS SHPWQ GLEO SHPWW SHPSQ SHPW_WS SHPW,GLEO|GLEO.U|GLEO.WS|SHPSQ|SHPW|SHPWQ|SHPWW|SHPW_WS
GLFMQ,GLFM GLF GMRK,GLFM GLF GMRK|GLFMQ,GLF|GLFM|GLFMQ|GMRK
GLG2,GLG FRH FRH.U,GLG FRH FRH.U|GLG2,FRH|FRH.U|GLG|GLG2
GLHA,GLHAW GLHAU,GLHA|GLHAW GLHAU,GLHA|GLHAU|GLHAW
GLHAU,GLHA GLHAW,GLHA GLHAW|GLHAU,GLHA|GLHAU|GLHAW
GLHAW,GLHA GLHAU,GLHA GLHAU|GLHAW,GLHA|GLHAU|GLHAW
GLIBA,GLIBR GLIBK,GLIBA|GLIBR GLIBK,GLIBA|GLIBK|GLIBR
GLIBA1,GLIBA GLIBP,GLIBA GLIBP|GLIBA1,GLIBA|GLIBA1|GLIBP
GLIBK,GLIBR GLIBA,GLIBK|GLIBR GLIBA,GLIBA|GLIBK|GLIBR
GLIBP,GLIBA1 GLIBA,GLIBA1 GLIBA|GLIBP,GLIBA|GLIBA1|GLIBP
GLIBR,GLIBA GLIBK,GLIBA GLIBK|GLIBR,GLIBA|GLIBK|GLIBR
GLLIR,GLLIW GLLI ALPS GLLIU,GLLIR|GLLIW GLLI ALPS GLLIU,ALPS|GLLI|GLLIR|GLLIU|GLLIW
GLLIU,GLLIW GLLIR GLLI ALPS,GLLIU|GLLIW GLLIR GLLI ALPS,ALPS|GLLI|GLLIR|GLLIU|GLLIW
GLLIW,GLLIR GLLI ALPS GLLIU,GLLIR GLLI ALPS GLLIU|GLLIW,ALPS|GLLI|GLLIR|GLLIU|GLLIW
GLND,PELI PELIU,GLND|PELI PELIU,GLND|PELI|PELIU
GLNHQ,GLNH XNL GNH XTHN,GLNH XNL GNH XTHN|GLNHQ,GLNH|GLNHQ|GNH|XNL|XTHN
GLOP,GLOP-PB GLOP-PC GLOP-PA,GLOP|GLOP-PB GLOP-PC GLOP-PA,GLOP|GLOP-PA|GLOP-PB|GLOP-PC
GLOP-PA,GLOP-PB GLOP-PC GLOP,GLOP-PA|GLOP-PB GLOP-PC GLOP,GLOP|GLOP-PA|GLOP-PB|GLOP-PC
GLOP-PB,GLOP-PC GLOP-PA GLOP,GLOP-PB|GLOP-PC GLOP-PA GLOP,GLOP|GLOP-PA|GLOP-PB|GLOP-PC
GLOP-PC,GLOP-PB GLOP-PA GLOP,GLOP-PB GLOP-PA GLOP|GLOP-PC,GLOP|GLOP-PA|GLOP-PB|GLOP-PC
GLOV1,WRPC GLOV,GLOV1|WRPC GLOV,GLOV|GLOV1|WRPC
GLP,GLP-PA GLP-PB,GLP|GLP-PA GLP-PB,GLP|GLP-PA|GLP-PB
GLP-PA,GLP GLP-PB,GLP GLP-PB|GLP-PA,GLP|GLP-PA|GLP-PB
GLP-PB,GLP-PA GLP,GLP-PA GLP|GLP-PB,GLP|GLP-PA|GLP-PB
GLRI,INXBU INXB,GLRI|INXBU INXB,GLRI|INXB|INXBU
GLSHQ,CPSR GLSH CPSR.WS CPSR.U GLSWQ GLS GLS.WS,CPSR GLSH CPSR.WS CPSR.U GLSWQ GLS GLS.WS|GLSHQ,CPSR|CPSR.U|CPSR.WS|GLS|GLS.WS|GLSH|GLSHQ|GLSWQ
GLSPT,GRRR GLSPU,GLSPT|GRRR GLSPU,GLSPT|GLSPU|GRRR
GLSTR,GLST KWM GLSTU,GLST KWM GLSTU|GLSTR,GLST|GLSTR|GLSTU|KWM
GLSTU,GLST GLSTR KWM,GLST GLSTR KWM|GLSTU,GLST|GLSTR|GLSTU|KWM
GLSWQ,CPSR GLSH CPSR.WS CPSR.U GLS GLSHQ GLS.WS,CPSR GLSH CPSR.WS CPSR.U GLS GLSHQ GLS.WS|GLSWQ,CPSR|CPSR.U|CPSR.WS|GLS|GLS.WS|GLSH|GLSHQ|GLSWQ
GLTA.U,MRT MRT.WS GLTA GLTA.WS,GLTA.U|MRT MRT.WS GLTA GLTA.WS,GLTA|GLTA.U|GLTA.WS|MRT|MRT.WS
GMBL,GMBLW GMBLZ GMBLP,GMBL|GMBLW GMBLZ GMBLP,GMBL|GMBLP|GMBLW|GMBLZ
GMBLP,GMBL GMBLW GMBLZ,GMBL GMBLW GMBLZ|GMBLP,GMBL|GMBLP|GMBLW|GMBLZ
GMBLW,GMBL GMBLZ GMBLP,GMBL GMBLZ GMBLP|GMBLW,GMBL|GMBLP|GMBLW|GMBLZ
GMBLZ,GMBL GMBLW GMBLP,GMBL GMBLW GMBLP|GMBLZ,GMBL|GMBLP|GMBLW|GMBLZ
GMBTU,GMBT SWVL,GMBT SWVL|GMBTU,GMBT|GMBTU|SWVL
GMFI,GMFIW GMFIU,GMFI|GMFIW GMFIU,GMFI|GMFIU|GMFIW
GMFIU,GMFIW GMFI,GMFIU|GMFIW GMFI,GMFI|GMFIU|GMFIW
GMFIW,GMFIU GMFI,GMFIU GMFI|GMFIW,GMFI|GMFIU|GMFIW
GMH,GMGMQ MTLQQ GM,GMGMQ MTLQQ GM|GMH,GM|GMGMQ|GMH|MTLQQ
GMHS,GODNR GODN GODNU,GMHS|GODNR GODN GODNU,GMHS|GODN|GODNR|GODNU
GMIIU,SONDQ SONDW GMII SOND GMIIW,GMIIU|SONDQ SONDW GMII SOND GMIIW,GMII|GMIIU|GMIIW|SOND|SONDQ|SONDW
GMOLQ,GMO GMOL IGMI,GMO GMOL IGMI|GMOLQ,GMO|GMOL|GMOLQ|IGMI
GMTA1,GMTN GMTA,GMTA1|GMTN GMTA,GMTA|GMTA1|GMTN
GMVDF,GMVWF GMVD GMVDW,GMVDF|GMVWF GMVD GMVDW,GMVD|GMVDF|GMVDW|GMVWF
GMVWF,GMVD GMVDW GMVDF,GMVD GMVDW GMVDF|GMVWF,GMVD|GMVDF|GMVDW|GMVWF
GNAC,GNACW GNACU,GNAC|GNACW GNACU,GNAC|GNACU|GNACW
GNACU,GNAC GNACW,GNAC GNACW|GNACU,GNAC|GNACU|GNACW
GNACW,GNACU GNAC,GNACU GNAC|GNACW,GNAC|GNACU|GNACW
GNE1,GNE DNA DNA1,GNE DNA DNA1|GNE1,DNA|DNA1|GNE|GNE1
GNKOQ,GSTL GNK,GNKOQ|GSTL GNK,GNK|GNKOQ|GSTL
GNL,GNL-PE GNL-PA GNL-PB GNL-PD,GNL|GNL-PE GNL-PA GNL-PB GNL-PD,GNL|GNL-PA|GNL-PB|GNL-PD|GNL-PE
GNRSU,GNRSW GNRS,GNRSU|GNRSW GNRS,GNRS|GNRSU|GNRSW
GNL-PA,GNL-PE GNL-PB GNL GNL-PD,GNL-PA|GNL-PE GNL-PB GNL GNL-PD,GNL|GNL-PA|GNL-PB|GNL-PD|GNL-PE
GNL-PB,GNL-PE GNL-PA GNL GNL-PD,GNL-PB|GNL-PE GNL-PA GNL GNL-PD,GNL|GNL-PA|GNL-PB|GNL-PD|GNL-PE
GNL-PD,GNL-PE GNL-PA GNL-PB GNL,GNL-PD|GNL-PE GNL-PA GNL-PB GNL,GNL|GNL-PA|GNL-PB|GNL-PD|GNL-PE
GNL-PE,GNL-PA GNL-PB GNL GNL-PD,GNL-PA GNL-PB GNL GNL-PD|GNL-PE,GNL|GNL-PA|GNL-PB|GNL-PD|GNL-PE
GNMX1,MDGN GNMX,GNMX1|MDGN GNMX,GNMX|GNMX1|MDGN
GNOG,LCA LCAHW GNOGW LCAHU,GNOG|LCA LCAHW GNOGW LCAHU,GNOG|GNOGW|LCA|LCAHU|LCAHW
GNOGW,LCA GNOG LCAHW LCAHU,GNOGW|LCA GNOG LCAHW LCAHU,GNOG|GNOGW|LCA|LCAHU|LCAHW
GNOW,ANCI XSI ACSH,ANCI XSI ACSH|GNOW,ACSH|ANCI|GNOW|XSI
GNPK.U,RDW.WS GNPK.WS GNPK RDW,GNPK.U|RDW.WS GNPK.WS GNPK RDW,GNPK|GNPK.U|GNPK.WS|RDW|RDW.WS
GNRS,GNRSU GNRSW,GNRS|GNRSU GNRSW,GNRS|GNRSU|GNRSW
GNSS,ATCO LRAD,ATCO LRAD|GNSS,ATCO|GNSS|LRAD
GNTA1,GNTA GETA,GNTA GETA|GNTA1,GETA|GNTA|GNTA1
GOAC,GOAC.WS GOAC.U,GOAC|GOAC.WS GOAC.U,GOAC|GOAC.U|GOAC.WS
GOAC.U,GOAC.WS GOAC,GOAC.U|GOAC.WS GOAC,GOAC|GOAC.U|GOAC.WS
GOAC.WS,GOAC GOAC.U,GOAC GOAC.U|GOAC.WS,GOAC|GOAC.U|GOAC.WS
GODNR,GODN GMHS GODNU,GODN GMHS GODNU|GODNR,GMHS|GODN|GODNR|GODNU
GODNU,GODNR GODN GMHS,GODNR GODN GMHS|GODNU,GMHS|GODN|GODNR|GODNU
GOEVQ,HCACU HCACW GOEVW GOEV HCAC,GOEVQ|HCACU HCACW GOEVW GOEV HCAC,GOEV|GOEVQ|GOEVW|HCAC|HCACU|HCACW
GOEVW,HCACU HCACW GOEVQ GOEV HCAC,GOEVW|HCACU HCACW GOEVQ GOEV HCAC,GOEV|GOEVQ|GOEVW|HCAC|HCACU|HCACW
GOGL1,GOGL VLCCF,GOGL VLCCF|GOGL1,GOGL|GOGL1|VLCCF
GOGN.U,LZM GOGN,GOGN.U|LZM GOGN,GOGN|GOGN.U|LZM
GOOD,GOODN1 GOODP GOODO1 GOODO GSCCP GOODN GOODM,GOOD|GOODN1 GOODP GOODO1 GOODO GSCCP GOODN GOODM,GOOD|GOODM|GOODN|GOODN1|GOODO|GOODO1|GOODP|GSCCP
GOODM,GOODN1 GOODP GOODO1 GOODO GSCCP GOOD GOODN,GOODM|GOODN1 GOODP GOODO1 GOODO GSCCP GOOD GOODN,GOOD|GOODM|GOODN|GOODN1|GOODO|GOODO1|GOODP|GSCCP
GOODN,GOODN1 GOODP GOODO1 GOODO GSCCP GOOD GOODM,GOODN|GOODN1 GOODP GOODO1 GOODO GSCCP GOOD GOODM,GOOD|GOODM|GOODN|GOODN1|GOODO|GOODO1|GOODP|GSCCP
GOODN1,GOODP GOODO1 GOODO GSCCP GOOD GOODN GOODM,GOODN1|GOODP GOODO1 GOODO GSCCP GOOD GOODN GOODM,GOOD|GOODM|GOODN|GOODN1|GOODO|GOODO1|GOODP|GSCCP
GOODO,GOODN1 GOODP GOODO1 GSCCP GOOD GOODN GOODM,GOODN1 GOODP GOODO1 GSCCP GOOD GOODN GOODM|GOODO,GOOD|GOODM|GOODN|GOODN1|GOODO|GOODO1|GOODP|GSCCP
GOODO1,GOODN1 GOODP GOODO GSCCP GOOD GOODN GOODM,GOODN1 GOODP GOODO GSCCP GOOD GOODN GOODM|GOODO1,GOOD|GOODM|GOODN|GOODN1|GOODO|GOODO1|GOODP|GSCCP
GOODP,GOODN1 GOODO1 GOODO GSCCP GOODN GOOD GOODM,GOODN1 GOODO1 GOODO GSCCP GOODN GOOD GOODM|GOODP,GOOD|GOODM|GOODN|GOODN1|GOODO|GOODO1|GOODP|GSCCP
GOOG,GOOGL GOOGM GOOGN,GOOG|GOOGL GOOGM GOOGN,GOOG|GOOGL|GOOGM|GOOGN
GOOGL,GOOGM GOOGN GOOG,GOOGL|GOOGM GOOGN GOOG,GOOG|GOOGL|GOOGM|GOOGN
GOOGM,GOOGL GOOGN GOOG,GOOGL GOOGN GOOG|GOOGM,GOOG|GOOGL|GOOGM|GOOGN
GOOGN,GOOGL GOOGM GOOG,GOOGL GOOGM GOOG|GOOGN,GOOG|GOOGL|GOOGM|GOOGN
GOTTQ,GOT GOTT,GOT GOTT|GOTTQ,GOT|GOTT|GOTTQ
GOVB1,GOV GOVB,GOV GOVB|GOVB1,GOV|GOVB|GOVB1
GOVX,GOVXW DNTK,GOVX|GOVXW DNTK,DNTK|GOVX|GOVXW
GOVXW,GOVX DNTK,GOVX DNTK|GOVXW,DNTK|GOVX|GOVXW
GP1,GP TGP TGP1,GP TGP TGP1|GP1,GP|GP1|TGP|TGP1
GPACU1,GPACU GPAC SDST,GPACU GPAC SDST|GPACU1,GPAC|GPACU|GPACU1|SDST
GPCOR,GPCO HOLO GPCOU,GPCO HOLO GPCOU|GPCOR,GPCO|GPCOR|GPCOU|HOLO
GPCOU,GPCOR GPCO HOLO,GPCOR GPCO HOLO|GPCOU,GPCO|GPCOR|GPCOU|HOLO
GPGI,DBDR DBDRU DBDRW CMPOW CMPO,DBDR DBDRU DBDRW CMPOW CMPO|GPGI,CMPO|CMPOW|DBDR|DBDRU|DBDRW|GPGI
GPLDF,GPRLF GPL,GPLDF|GPRLF GPL,GPL|GPLDF|GPRLF
GPT-PA,GPT4 CSG GPT-PB GPT,GPT-PA|GPT4 CSG GPT-PB GPT,CSG|GPT|GPT-PA|GPT-PB|GPT4
GPT-PB,GPT4 CSG GPT-PA GPT,GPT-PB|GPT4 CSG GPT-PA GPT,CSG|GPT|GPT-PA|GPT-PB|GPT4
GPT2,GPT GKK,GPT GKK|GPT2,GKK|GPT|GPT2
GPT3,GPP GPT,GPP GPT|GPT3,GPP|GPT|GPT3
GPT4,CSG GPT-PA GPT-PB GPT,CSG GPT-PA GPT-PB GPT|GPT4,CSG|GPT|GPT-PA|GPT-PB|GPT4
GPUS,AULT-PD NILE-PD NILE AULT GPUS-PD DPW,AULT-PD NILE-PD NILE AULT GPUS-PD DPW|GPUS,AULT|AULT-PD|DPW|GPUS|GPUS-PD|NILE|NILE-PD
GPUS-PD,GPUS AULT-PD NILE-PD NILE AULT DPW,GPUS AULT-PD NILE-PD NILE AULT DPW|GPUS-PD,AULT|AULT-PD|DPW|GPUS|GPUS-PD|NILE|NILE-PD
GRAB,AGCUU AGC,AGCUU AGC|GRAB,AGC|AGCUU|GRAB
GRBEQ,GBE GRBE GBEL,GBE GRBE GBEL|GRBEQ,GBE|GBEL|GRBE|GRBEQ
GRBK,BIOF GRBK-PA,BIOF GRBK-PA|GRBK,BIOF|GRBK|GRBK-PA
GRBK-PA,GRBK BIOF,GRBK BIOF|GRBK-PA,BIOF|GRBK|GRBK-PA
GRCWF,GRCYW GRCY GRCYF GRCYU,GRCWF|GRCYW GRCY GRCYF GRCYU,GRCWF|GRCY|GRCYF|GRCYU|GRCYW
GRCYF,GRCYW GRCY GRCYU GRCWF,GRCYF|GRCYW GRCY GRCYU GRCWF,GRCWF|GRCY|GRCYF|GRCYU|GRCYW
GRCYU,GRCYW GRCY GRCYF GRCWF,GRCYU|GRCYW GRCY GRCYF GRCWF,GRCWF|GRCY|GRCYF|GRCYU|GRCYW
GRDI,ADEX GRDIW ADEX.WS ADEX.U,ADEX GRDIW ADEX.WS ADEX.U|GRDI,ADEX|ADEX.U|ADEX.WS|GRDI|GRDIW
GRDIW,GRDI ADEX ADEX.WS ADEX.U,GRDI ADEX ADEX.WS ADEX.U|GRDIW,ADEX|ADEX.U|ADEX.WS|GRDI|GRDIW
GRDX,FWBI ENTO AZRX,FWBI ENTO AZRX|GRDX,AZRX|ENTO|FWBI|GRDX
GRML,KLTO RWODR RWODU RWOD WENA,GRML|KLTO RWODR RWODU RWOD WENA,GRML|KLTO|RWOD|RWODR|RWODU|WENA
GRMS,CDSS CWDW,CDSS CWDW|GRMS,CDSS|CWDW|GRMS
GRNA,ENVIU ENVIW GRNAW ENVI,ENVIU ENVIW GRNAW ENVI|GRNA,ENVI|ENVIU|ENVIW|GRNA|GRNAW
GRNAW,ENVIU GRNA ENVIW ENVI,ENVIU GRNA ENVIW ENVI|GRNAW,ENVI|ENVIU|ENVIW|GRNA|GRNAW
GRNB1,GRNB GCBS,GRNB GCBS|GRNB1,GCBS|GRNB|GRNB1
GRND,TINV.U GRND.WS TINV.WS TINV,GRND|TINV.U GRND.WS TINV.WS TINV,GRND|GRND.WS|TINV|TINV.U|TINV.WS
GRND.WS,GRND TINV.U TINV.WS TINV,GRND TINV.U TINV.WS TINV|GRND.WS,GRND|GRND.WS|TINV|TINV.U|TINV.WS
GRNT,ENPC GRNT.WS ENPC.U ENPC.WS,ENPC GRNT.WS ENPC.U ENPC.WS|GRNT,ENPC|ENPC.U|ENPC.WS|GRNT|GRNT.WS
GRNT.WS,GRNT ENPC ENPC.U ENPC.WS,GRNT ENPC ENPC.U ENPC.WS|GRNT.WS,ENPC|ENPC.U|ENPC.WS|GRNT|GRNT.WS
GRNVR,HLBZW MCOM HLBZ MCOMW GRNVU GRNVW GRNV,GRNVR|HLBZW MCOM HLBZ MCOMW GRNVU GRNVW GRNV,GRNV|GRNVR|GRNVU|GRNVW|HLBZ|HLBZW|MCOM|MCOMW
GRNVU,HLBZW MCOM HLBZ MCOMW GRNVW GRNV GRNVR,GRNVU|HLBZW MCOM HLBZ MCOMW GRNVW GRNV GRNVR,GRNV|GRNVR|GRNVU|GRNVW|HLBZ|HLBZW|MCOM|MCOMW
GROM,GROMW GRMM,GROM|GROMW GRMM,GRMM|GROM|GROMW
GROMW,GROM GRMM,GROM GRMM|GROMW,GRMM|GROM|GROMW
GROV,VGII.U VGII GROV.WS VGII.WS GROVW,GROV|VGII.U VGII GROV.WS VGII.WS GROVW,GROV|GROV.WS|GROVW|VGII|VGII.U|VGII.WS
GROVW,GROV VGII.U VGII GROV.WS VGII.WS,GROV VGII.U VGII GROV.WS VGII.WS|GROVW,GROV|GROV.WS|GROVW|VGII|VGII.U|VGII.WS
GROY,GROY.WS GROY.WS1,GROY|GROY.WS GROY.WS1,GROY|GROY.WS|GROY.WS1
GROY.WS1,GROY.WS GROY,GROY.WS GROY|GROY.WS1,GROY|GROY.WS|GROY.WS1
GRP.U,MIM GRP,GRP.U|MIM GRP,GRP|GRP.U|MIM
GRRR,GLSPU GLSPT,GLSPU GLSPT|GRRR,GLSPT|GLSPU|GRRR
GRSVU,AMBP GRSVW GRSV AMBP.WS,AMBP GRSVW GRSV AMBP.WS|GRSVU,AMBP|AMBP.WS|GRSV|GRSVU|GRSVW
GS,GS-PA GS-PN GS-PK GS-PJ GS-PD GS-PB GS-PC GSJ GS-PI GSF,GS|GS-PA GS-PN GS-PK GS-PJ GS-PD GS-PB GS-PC GSJ GS-PI GSF,GS|GS-PA|GS-PB|GS-PC|GS-PD|GS-PI|GS-PJ|GS-PK|GS-PN|GSF|GSJ
GS-PA,GS-PN GS-PK GS-PJ GS-PD GS-PB GS-PC GSJ GS-PI GSF GS,GS-PA|GS-PN GS-PK GS-PJ GS-PD GS-PB GS-PC GSJ GS-PI GSF GS,GS|GS-PA|GS-PB|GS-PC|GS-PD|GS-PI|GS-PJ|GS-PK|GS-PN|GSF|GSJ
GS-PB,GS-PA GS-PN GS-PK GS-PJ GS-PD GS-PC GSJ GS-PI GSF GS,GS-PA GS-PN GS-PK GS-PJ GS-PD GS-PC GSJ GS-PI GSF GS|GS-PB,GS|GS-PA|GS-PB|GS-PC|GS-PD|GS-PI|GS-PJ|GS-PK|GS-PN|GSF|GSJ
GS-PC,GS-PA GS-PN GS-PK GS-PJ GS-PD GS-PB GSJ GS-PI GSF GS,GS-PA GS-PN GS-PK GS-PJ GS-PD GS-PB GSJ GS-PI GSF GS|GS-PC,GS|GS-PA|GS-PB|GS-PC|GS-PD|GS-PI|GS-PJ|GS-PK|GS-PN|GSF|GSJ
GS-PD,GS-PA GS-PN GS-PK GS-PJ GS-PB GS-PC GSJ GS-PI GSF GS,GS-PA GS-PN GS-PK GS-PJ GS-PB GS-PC GSJ GS-PI GSF GS|GS-PD,GS|GS-PA|GS-PB|GS-PC|GS-PD|GS-PI|GS-PJ|GS-PK|GS-PN|GSF|GSJ
GS-PI,GS-PA GS-PN GS-PK GS-PJ GS-PD GS-PB GS-PC GSJ GSF GS,GS-PA GS-PN GS-PK GS-PJ GS-PD GS-PB GS-PC GSJ GSF GS|GS-PI,GS|GS-PA|GS-PB|GS-PC|GS-PD|GS-PI|GS-PJ|GS-PK|GS-PN|GSF|GSJ
GS-PJ,GS-PA GS-PN GS-PK GS-PD GS-PB GS-PC GSJ GS-PI GSF GS,GS-PA GS-PN GS-PK GS-PD GS-PB GS-PC GSJ GS-PI GSF GS|GS-PJ,GS|GS-PA|GS-PB|GS-PC|GS-PD|GS-PI|GS-PJ|GS-PK|GS-PN|GSF|GSJ
GS-PK,GS-PA GS-PN GS-PJ GS-PD GS-PB GS-PC GSJ GS-PI GSF GS,GS-PA GS-PN GS-PJ GS-PD GS-PB GS-PC GSJ GS-PI GSF GS|GS-PK,GS|GS-PA|GS-PB|GS-PC|GS-PD|GS-PI|GS-PJ|GS-PK|GS-PN|GSF|GSJ
GS-PN,GS-PA GS-PK GS-PJ GS-PD GS-PB GS-PC GSJ GS-PI GSF GS,GS-PA GS-PK GS-PJ GS-PD GS-PB GS-PC GSJ GS-PI GSF GS|GS-PN,GS|GS-PA|GS-PB|GS-PC|GS-PD|GS-PI|GS-PJ|GS-PK|GS-PN|GSF|GSJ
GSAH.U,GSAH MIR.WS GSAH.WS MIR,GSAH MIR.WS GSAH.WS MIR|GSAH.U,GSAH|GSAH.U|GSAH.WS|MIR|MIR.WS
GSAQ,GSAQU GSAQW,GSAQ|GSAQU GSAQW,GSAQ|GSAQU|GSAQW
GSAQU,GSAQ GSAQW,GSAQ GSAQW|GSAQU,GSAQ|GSAQU|GSAQW
GSAQW,GSAQU GSAQ,GSAQU GSAQ|GSAQW,GSAQ|GSAQU|GSAQW
GSDI,GLEEW GSDWW GLEEU GSD GLEE GSDWU,GLEEW GSDWW GLEEU GSD GLEE GSDWU|GSDI,GLEE|GLEEU|GLEEW|GSD|GSDI|GSDWU|GSDWW
GSDWU,GLEEW GSDI GLEEU GSDWW GSD GLEE,GLEEW GSDI GLEEU GSDWW GSD GLEE|GSDWU,GLEE|GLEEU|GLEEW|GSD|GSDI|GSDWU|GSDWW
GSDWW,GLEEW GSDI GLEEU GSD GLEE GSDWU,GLEEW GSDI GLEEU GSD GLEE GSDWU|GSDWW,GLEE|GLEEU|GLEEW|GSD|GSDI|GSDWU|GSDWW
GSEHQ,GSE GSEH,GSE GSEH|GSEHQ,GSE|GSEH|GSEHQ
GSEV,GSEVU GSEVW,GSEV|GSEVU GSEVW,GSEV|GSEVU|GSEVW
GSF1,SDC GSF,GSF1|SDC GSF,GSF|GSF1|SDC
GSIH,GSI GSHO,GSI GSHO|GSIH,GSHO|GSI|GSIH
GSL,GSLD GSL-PB,GSL|GSLD GSL-PB,GSL|GSL-PB|GSLD
GSL-PB,GSLD GSL,GSL-PB|GSLD GSL,GSL|GSL-PB|GSLD
GSMGW,TKSSU TKKSW CHR GSMG TKKS,GSMGW|TKSSU TKKSW CHR GSMG TKKS,CHR|GSMG|GSMGW|TKKS|TKKSW|TKSSU
GSQB,GSQB.WS GSQB.U,GSQB|GSQB.WS GSQB.U,GSQB|GSQB.U|GSQB.WS
GSQB.U,GSQB GSQB.WS,GSQB GSQB.WS|GSQB.U,GSQB|GSQB.U|GSQB.WS
GSQB.WS,GSQB GSQB.U,GSQB GSQB.U|GSQB.WS,GSQB|GSQB.U|GSQB.WS
GSQD,GSQD.U GSQDW GSQD.WS,GSQD|GSQD.U GSQDW GSQD.WS,GSQD|GSQD.U|GSQD.WS|GSQDW
GSQD.U,GSQD GSQDW GSQD.WS,GSQD GSQDW GSQD.WS|GSQD.U,GSQD|GSQD.U|GSQD.WS|GSQDW
GSQDW,GSQD.U GSQD GSQD.WS,GSQD.U GSQD GSQD.WS|GSQDW,GSQD|GSQD.U|GSQD.WS|GSQDW
GSRMR,BTMCQ BTM GSRM GSRMU,BTMCQ BTM GSRM GSRMU|GSRMR,BTM|BTMCQ|GSRM|GSRMR|GSRMU
GSRMU,GSRMR BTMCQ BTM GSRM,GSRMR BTMCQ BTM GSRM|GSRMU,BTM|BTMCQ|GSRM|GSRMR|GSRMU
GSRTR,NKLR GSRT GSRTU,GSRTR|NKLR GSRT GSRTU,GSRT|GSRTR|GSRTU|NKLR
GST-PA,GSTC GSREF GST GSTCQ,GST-PA|GSTC GSREF GST GSTCQ,GSREF|GST|GST-PA|GSTC|GSTCQ
GSTCQ,GSTC GSREF GST GST-PA,GSTC GSREF GST GST-PA|GSTCQ,GSREF|GST|GST-PA|GSTC|GSTCQ
GSVE,GIFT FIIF,GIFT FIIF|GSVE,FIIF|GIFT|GSVE
GSXN,GSX GASE,GSX GASE|GSXN,GASE|GSX|GSXN
GTAC,GTACU GTACW,GTAC|GTACU GTACW,GTAC|GTACU|GTACW
GTACU,GTAC GTACW,GTAC GTACW|GTACU,GTAC|GTACU|GTACW
GTACW,GTACU GTAC,GTACU GTAC|GTACW,GTAC|GTACU|GTACW
GTATQ,SOLR GTAT,GTATQ|SOLR GTAT,GTAT|GTATQ|SOLR
GTEC,GLACU GLAC,GLACU GLAC|GTEC,GLAC|GLACU|GTEC
GTIJF,ENCP ENCPW ENCPU GTI,ENCP ENCPW ENCPU GTI|GTIJF,ENCP|ENCPU|ENCPW|GTI|GTIJF
GTLS,GTLCL GTLS-PB,GTLCL GTLS-PB|GTLS,GTLCL|GTLS|GTLS-PB
GTLS-PB,GTLS GTLCL,GTLS GTLCL|GTLS-PB,GTLCL|GTLS|GTLS-PB
GTMAY,TMM TMM.L,GTMAY|TMM TMM.L,GTMAY|TMM|TMM.L
GTPA,GTPAW GTPAU,GTPA|GTPAW GTPAU,GTPA|GTPAU|GTPAW
GTPAU,GTPAW GTPA,GTPAU|GTPAW GTPA,GTPA|GTPAU|GTPAW
GTPAW,GTPA GTPAU,GTPA GTPAU|GTPAW,GTPA|GTPAU|GTPAW
GTPB,GTPBU GTPBW,GTPB|GTPBU GTPBW,GTPB|GTPBU|GTPBW
GTPBU,GTPB GTPBW,GTPB GTPBW|GTPBU,GTPB|GTPBU|GTPBW
GTPBW,GTPBU GTPB,GTPBU GTPB|GTPBW,GTPB|GTPBU|GTPBW
GTT,MPAQ MPAQU GTLT,GTT|MPAQ MPAQU GTLT,GTLT|GTT|MPAQ|MPAQU
GTX,GTXAP GTX.W GTXMQ,GTX|GTXAP GTX.W GTXMQ,GTX|GTX.W|GTXAP|GTXMQ
GTXAP,GTX GTX.W GTXMQ,GTX GTX.W GTXMQ|GTXAP,GTX|GTX.W|GTXAP|GTXMQ
GURE,GFRE GRUS DSFX GUFR,GFRE GRUS DSFX GUFR|GURE,DSFX|GFRE|GRUS|GUFR|GURE
GVCI,GVCIW GVCIU,GVCI|GVCIW GVCIU,GVCI|GVCIU|GVCIW
GVCIU,GVCIW GVCI,GVCIU|GVCIW GVCI,GVCI|GVCIU|GVCIW
GVCIW,GVCI GVCIU,GVCI GVCIU|GVCIW,GVCI|GVCIU|GVCIW
GVFG,GFC CIO CIO.U,GFC CIO CIO.U|GVFG,CIO|CIO.U|GFC|GVFG
GVHGF,GV VEDU,GV VEDU|GVHGF,GV|GVHGF|VEDU
GVI1,GVIP GVI,GVI1|GVIP GVI,GVI|GVI1|GVIP
GWH,STWOU STWO,GWH|STWOU STWO,GWH|STWO|STWOU
GWII,GWIIW GWIIU,GWII|GWIIW GWIIU,GWII|GWIIU|GWIIW
GWIIU,GWII GWIIW,GWII GWIIW|GWIIU,GWII|GWIIU|GWIIW
GWIIW,GWII GWIIU,GWII GWIIU|GWIIW,GWII|GWIIU|GWIIW
GWLKQ,PVII GWLK,GWLKQ|PVII GWLK,GWLK|GWLKQ|PVII
GXGXU,CELU GXGX,CELU GXGX|GXGXU,CELU|GXGX|GXGXU
GXII,GXIIW GXIIU,GXII|GXIIW GXIIU,GXII|GXIIU|GXIIW
GXIIU,GXIIW GXII,GXIIU|GXIIW GXII,GXII|GXIIU|GXIIW
GXIIW,GXII GXIIU,GXII GXIIU|GXIIW,GXII|GXIIU|GXIIW
GXP,GXP-PD KLT GXP-PB GXP-PA GXPPP GXP-PE,GXP|GXP-PD KLT GXP-PB GXP-PA GXPPP GXP-PE,GXP|GXP-PA|GXP-PB|GXP-PD|GXP-PE|GXPPP|KLT
GXP-PA,GXP-PD KLT GXP GXP-PB GXPPP GXP-PE,GXP-PA|GXP-PD KLT GXP GXP-PB GXPPP GXP-PE,GXP|GXP-PA|GXP-PB|GXP-PD|GXP-PE|GXPPP|KLT
GXP-PB,GXP-PD KLT GXP GXP-PA GXPPP GXP-PE,GXP-PB|GXP-PD KLT GXP GXP-PA GXPPP GXP-PE,GXP|GXP-PA|GXP-PB|GXP-PD|GXP-PE|GXPPP|KLT
GXP-PD,KLT GXP GXP-PB GXP-PA GXPPP GXP-PE,GXP-PD|KLT GXP GXP-PB GXP-PA GXPPP GXP-PE,GXP|GXP-PA|GXP-PB|GXP-PD|GXP-PE|GXPPP|KLT
GXP-PE,GXP-PD KLT GXP GXP-PB GXP-PA GXPPP,GXP-PD KLT GXP GXP-PB GXP-PA GXPPP|GXP-PE,GXP|GXP-PA|GXP-PB|GXP-PD|GXP-PE|GXPPP|KLT
GYRE,TRGT CBIO,GYRE|TRGT CBIO,CBIO|GYRE|TRGT
GZBX,GENZ1 GZSP GZMO GZTR GENZ,GENZ1 GZSP GZMO GZTR GENZ|GZBX,GENZ|GENZ1|GZBX|GZMO|GZSP|GZTR
GZMO,GENZ1 GZSP GZTR GZBX GENZ,GENZ1 GZSP GZTR GZBX GENZ|GZMO,GENZ|GENZ1|GZBX|GZMO|GZSP|GZTR
GZSP,GENZ1 GZMO GZTR GZBX GENZ,GENZ1 GZMO GZTR GZBX GENZ|GZSP,GENZ|GENZ1|GZBX|GZMO|GZSP|GZTR
GZTR,GENZ1 GZSP GZMO GZBX GENZ,GENZ1 GZSP GZMO GZBX GENZ|GZTR,GENZ|GENZ1|GZBX|GZMO|GZSP|GZTR
HAAC,HAACU HAACW,HAAC|HAACU HAACW,HAAC|HAACU|HAACW
HAACU,HAACW HAAC,HAACU|HAACW HAAC,HAAC|HAACU|HAACW
HAACW,HAACU HAAC,HAACU HAAC|HAACW,HAAC|HAACU|HAACW
HAIA,HAIAW HAIAU,HAIA|HAIAW HAIAU,HAIA|HAIAU|HAIAW
HAIAU,HAIAW HAIA,HAIAU|HAIAW HAIA,HAIA|HAIAU|HAIAW
HAIAW,HAIA HAIAU,HAIA HAIAU|HAIAW,HAIA|HAIAU|HAIAW
HALL,HAF HAF.EC,HAF HAF.EC|HALL,HAF|HAF.EC|HALL
HALO,HZYM HTI,HALO|HZYM HTI,HALO|HTI|HZYM
HALX1,HALX HX,HALX HX|HALX1,HALX|HALX1|HX
HAVAQ1,HAVA HAVAQ,HAVA HAVAQ|HAVAQ1,HAVA|HAVAQ|HAVAQ1
HAWK1,HAWK HAWKB,HAWK HAWKB|HAWK1,HAWK|HAWK1|HAWKB
HAWKB,HAWK1 HAWK,HAWK1 HAWK|HAWKB,HAWK|HAWK1|HAWKB
HBAN,HBANL HBANP1 HBANP HBNJL HBANN HBANZ HBANO HBANM,HBAN|HBANL HBANP1 HBANP HBNJL HBANN HBANZ HBANO HBANM,HBAN|HBANL|HBANM|HBANN|HBANO|HBANP|HBANP1|HBANZ|HBNJL
HBANL,HBANP1 HBANP HBNJL HBANN HBANZ HBANO HBANM HBAN,HBANL|HBANP1 HBANP HBNJL HBANN HBANZ HBANO HBANM HBAN,HBAN|HBANL|HBANM|HBANN|HBANO|HBANP|HBANP1|HBANZ|HBNJL
HBANM,HBANL HBANP1 HBANP HBNJL HBANZ HBANN HBANO HBAN,HBANL HBANP1 HBANP HBNJL HBANZ HBANN HBANO HBAN|HBANM,HBAN|HBANL|HBANM|HBANN|HBANO|HBANP|HBANP1|HBANZ|HBNJL
HBANN,HBANL HBANP1 HBANP HBNJL HBANZ HBANO HBANM HBAN,HBANL HBANP1 HBANP HBNJL HBANZ HBANO HBANM HBAN|HBANN,HBAN|HBANL|HBANM|HBANN|HBANO|HBANP|HBANP1|HBANZ|HBNJL
HBANO,HBANL HBANP1 HBANP HBNJL HBANZ HBANN HBANM HBAN,HBANL HBANP1 HBANP HBNJL HBANZ HBANN HBANM HBAN|HBANO,HBAN|HBANL|HBANM|HBANN|HBANO|HBANP|HBANP1|HBANZ|HBNJL
HBANP,HBANL HBANP1 HBNJL HBANN HBANZ HBANO HBANM HBAN,HBANL HBANP1 HBNJL HBANN HBANZ HBANO HBANM HBAN|HBANP,HBAN|HBANL|HBANM|HBANN|HBANO|HBANP|HBANP1|HBANZ|HBNJL
HBANP1,HBANL HBANP HBNJL HBANZ HBANN HBANO HBANM HBAN,HBANL HBANP HBNJL HBANZ HBANN HBANO HBANM HBAN|HBANP1,HBAN|HBANL|HBANM|HBANN|HBANO|HBANP|HBANP1|HBANZ|HBNJL
HBANZ,HBANL HBANP1 HBANP HBNJL HBANN HBANO HBANM HBAN,HBANL HBANP1 HBANP HBNJL HBANN HBANO HBANM HBAN|HBANZ,HBAN|HBANL|HBANM|HBANN|HBANO|HBANP|HBANP1|HBANZ|HBNJL
HBNB,JVSAR JVSAU JVSA,HBNB|JVSAR JVSAU JVSA,HBNB|JVSA|JVSAR|JVSAU
HBPCF,HBPC HBP HXBPF,HBPC HBP HXBPF|HBPCF,HBP|HBPC|HBPCF|HXBPF
HCA1,HCA COL,HCA COL|HCA1,COL|HCA|HCA1
HCAR,HCARW HCARU,HCAR|HCARW HCARU,HCAR|HCARU|HCARW
HCARU,HCAR HCARW,HCAR HCARW|HCARU,HCAR|HCARU|HCARW
HCARW,HCAR HCARU,HCAR HCARU|HCARW,HCAR|HCARU|HCARW
HCCCU,DRTS HCCC,DRTS HCCC|HCCCU,DRTS|HCCC|HCCCU
HCDIQ,HCDIZ HCDPQ HCDI HCDIW HCDZQ HCDWQ HCDIP,HCDIQ|HCDIZ HCDPQ HCDI HCDIW HCDZQ HCDWQ HCDIP,HCDI|HCDIP|HCDIQ|HCDIW|HCDIZ|HCDPQ|HCDWQ|HCDZQ
HCDPQ,HCDIZ HCDI HCDIW HCDZQ HCDIQ HCDWQ HCDIP,HCDIZ HCDI HCDIW HCDZQ HCDIQ HCDWQ HCDIP|HCDPQ,HCDI|HCDIP|HCDIQ|HCDIW|HCDIZ|HCDPQ|HCDWQ|HCDZQ
HCDWQ,HCDIZ HCDPQ HCDI HCDIW HCDZQ HCDIQ HCDIP,HCDIZ HCDPQ HCDI HCDIW HCDZQ HCDIQ HCDIP|HCDWQ,HCDI|HCDIP|HCDIQ|HCDIW|HCDIZ|HCDPQ|HCDWQ|HCDZQ
HCDZQ,HCDIZ HCDPQ HCDI HCDIW HCDIQ HCDWQ HCDIP,HCDIZ HCDPQ HCDI HCDIW HCDIQ HCDWQ HCDIP|HCDZQ,HCDI|HCDIP|HCDIQ|HCDIW|HCDIZ|HCDPQ|HCDWQ|HCDZQ
HCFT-PACL,LFT.R OAKS HCFT LFT LFT-PA,HCFT-PACL|LFT.R OAKS HCFT LFT LFT-PA,HCFT|HCFT-PACL|LFT|LFT-PA|LFT.R|OAKS
HCI,HCJ HCIIU HCII,HCI|HCJ HCIIU HCII,HCI|HCII|HCIIU|HCJ
HCIC1,HCIC HCICU1 HCICW HCICU,HCIC HCICU1 HCICW HCICU|HCIC1,HCIC|HCIC1|HCICU|HCICU1|HCICW
HCICU1,HCIC HCICW HCIC1 HCICU,HCIC HCICW HCIC1 HCICU|HCICU1,HCIC|HCIC1|HCICU|HCICU1|HCICW
HCICW,HCIC HCICU1 HCIC1 HCICU,HCIC HCICU1 HCIC1 HCICU|HCICW,HCIC|HCIC1|HCICU|HCICU1|HCICW
HCII,HCIIW HCIIU,HCII|HCIIW HCIIU,HCII|HCIIU|HCIIW
HCIIU,HCIIW HCII,HCIIU|HCIIW HCII,HCII|HCIIU|HCIIW
HCIIW,HCIIU HCII,HCIIU HCII|HCIIW,HCII|HCIIU|HCIIW
HCMAU1,MRNO HCMAU HCMA,HCMAU1|MRNO HCMAU HCMA,HCMA|HCMAU|HCMAU1|MRNO
HCN-PJ,WELL HCN HCN-PI WELL-PI,HCN-PJ|WELL HCN HCN-PI WELL-PI,HCN|HCN-PI|HCN-PJ|WELL|WELL-PI
HCNE,HCNEU HCNEW,HCNE|HCNEU HCNEW,HCNE|HCNEU|HCNEW
HCNEU,HCNE HCNEW,HCNE HCNEW|HCNEU,HCNE|HCNEU|HCNEW
HCOM1,HWLT HCOM,HCOM1|HWLT HCOM,HCOM|HCOM1|HWLT
HCRSQ,HCLP HCR,HCLP HCR|HCRSQ,HCLP|HCR|HCRSQ
HCVIU,HCVI NAMM,HCVI NAMM|HCVIU,HCVI|HCVIU|NAMM
HCYT,MDVXU MDVX,HCYT|MDVXU MDVX,HCYT|MDVX|MDVXU
HDD,QTM DSS QMCO,HDD|QTM DSS QMCO,DSS|HDD|QMCO|QTM
HDRN,GIG GIGGU,GIG GIGGU|HDRN,GIG|GIGGU|HDRN
HDS1,HDSU HDS,HDS1|HDSU HDS,HDS|HDS1|HDSU
HDYNQ,HYPD HDY HDYN,HDYNQ|HYPD HDY HDYN,HDY|HDYN|HDYNQ|HYPD
HEAT2,HEAT SMHT,HEAT SMHT|HEAT2,HEAT|HEAT2|SMHT
HECCU,HEC TALK,HEC TALK|HECCU,HEC|HECCU|TALK
HELIQ,HELIF HELI,HELIF HELI|HELIQ,HELI|HELIF|HELIQ
HELP,CYBN CLXPF,CYBN CLXPF|HELP,CLXPF|CYBN|HELP
HEP.C,HEP HEP1,HEP HEP1|HEP.C,HEP|HEP.C|HEP1
HEP1,HEP HEP.C,HEP HEP.C|HEP1,HEP|HEP.C|HEP1
HERA,HERAW HERAU,HERA|HERAW HERAU,HERA|HERAU|HERAW
HERAU,HERAW HERA,HERAU|HERAW HERA,HERA|HERAU|HERAW
HERAW,HERAU HERA,HERAU HERA|HERAW,HERA|HERAU|HERAW
HES,HES-PA AHC AMDPP,HES|HES-PA AHC AMDPP,AHC|AMDPP|HES|HES-PA
HES-PA,AHC HES AMDPP,AHC HES AMDPP|HES-PA,AHC|AMDPP|HES|HES-PA
HEVVQ,ENEI HEVV ENON BOCI HEV INPM,ENEI HEVV ENON BOCI HEV INPM|HEVVQ,BOCI|ENEI|ENON|HEV|HEVV|HEVVQ|INPM
HFFG,ATAC ATACU,ATAC ATACU|HFFG,ATAC|ATACU|HFFG
HGAS,DUNEW HGASW DUNE DUNEU,DUNEW HGASW DUNE DUNEU|HGAS,DUNE|DUNEU|DUNEW|HGAS|HGASW
HGASW,DUNEW HGAS DUNE DUNEU,DUNEW HGAS DUNE DUNEU|HGASW,DUNE|DUNEU|DUNEW|HGAS|HGASW
HGBL,ILNK CRBN MDCR COBT ACRS,HGBL|ILNK CRBN MDCR COBT ACRS,ACRS|COBT|CRBN|HGBL|ILNK|MDCR
HGENQ,KBIOQ KBIO HGEN,HGENQ|KBIOQ KBIO HGEN,HGEN|HGENQ|KBIO|KBIOQ
HGGGQ,HGG HGGG,HGG HGGG|HGGGQ,HGG|HGGG|HGGGQ
HGLI,AAC ABLC CETC SCOK,AAC ABLC CETC SCOK|HGLI,AAC|ABLC|CETC|HGLI|SCOK
HGTY,ADF.WS ADF ADF.U HGTY.WS,ADF.WS ADF ADF.U HGTY.WS|HGTY,ADF|ADF.U|ADF.WS|HGTY|HGTY.WS
HGTY.WS,ADF.WS ADF ADF.U HGTY,ADF.WS ADF ADF.U HGTY|HGTY.WS,ADF|ADF.U|ADF.WS|HGTY|HGTY.WS
HHGC,HHGCU HHGCR HHGCW,HHGC|HHGCU HHGCR HHGCW,HHGC|HHGCR|HHGCU|HHGCW
HHGCR,HHGCU HHGCW HHGC,HHGCR|HHGCU HHGCW HHGC,HHGC|HHGCR|HHGCU|HHGCW
HHGCU,HHGCR HHGCW HHGC,HHGCR HHGCW HHGC|HHGCU,HHGC|HHGCR|HHGCU|HHGCW
HHGCW,HHGCU HHGCR HHGC,HHGCU HHGCR HHGC|HHGCW,HHGC|HHGCR|HHGCU|HHGCW
HHLA,HHLA.U HHLA.WS,HHLA|HHLA.U HHLA.WS,HHLA|HHLA.U|HHLA.WS
HHLA.U,HHLA HHLA.WS,HHLA HHLA.WS|HHLA.U,HHLA|HHLA.U|HHLA.WS
HHRS,DCRDU HHRSW DCRDW DCRD,DCRDU HHRSW DCRDW DCRD|HHRS,DCRD|DCRDU|DCRDW|HHRS|HHRSW
HHRSW,DCRDU DCRDW HHRS DCRD,DCRDU DCRDW HHRS DCRD|HHRSW,DCRD|DCRDU|DCRDW|HHRS|HHRSW
HIA2,HIA.U HIA,HIA.U HIA|HIA2,HIA|HIA.U|HIA2
HIG,HGH HIG-PG,HGH HIG-PG|HIG,HGH|HIG|HIG-PG
HIG-PG,HGH HIG,HGH HIG|HIG-PG,HGH|HIG|HIG-PG
HIGA,HIGA.WS HIGA.U,HIGA|HIGA.WS HIGA.U,HIGA|HIGA.U|HIGA.WS
HIGA.U,HIGA.WS HIGA,HIGA.U|HIGA.WS HIGA,HIGA|HIGA.U|HIGA.WS
HIGA.WS,HIGA HIGA.U,HIGA HIGA.U|HIGA.WS,HIGA|HIGA.U|HIGA.WS
HIGPQ,HIGP HIC,HIGP HIC|HIGPQ,HIC|HIGP|HIGPQ
HIII,HIIIU HIIIW,HIII|HIIIU HIIIW,HIII|HIIIU|HIIIW
HIIIU,HIII HIIIW,HIII HIIIW|HIIIU,HIII|HIIIU|HIIIW
HIIIW,HIII HIIIU,HIII HIIIU|HIIIW,HIII|HIIIU|HIIIW
HIL,HILI APGO HINT APGOU,HIL|HILI APGO HINT APGOU,APGO|APGOU|HIL|HILI|HINT
HIMS,OAC.U OAC OAC.WS HIMS.WS,HIMS|OAC.U OAC OAC.WS HIMS.WS,HIMS|HIMS.WS|OAC|OAC.U|OAC.WS
HIMS.WS,OAC.U OAC OAC.WS HIMS,HIMS.WS|OAC.U OAC OAC.WS HIMS,HIMS|HIMS.WS|OAC|OAC.U|OAC.WS
HIND,RSLS OBLN,HIND|RSLS OBLN,HIND|OBLN|RSLS
HIPO,HIPOW RTPZ.U HIPO.WS RTPZ.WS RTPZ,HIPO|HIPOW RTPZ.U HIPO.WS RTPZ.WS RTPZ,HIPO|HIPO.WS|HIPOW|RTPZ|RTPZ.U|RTPZ.WS
HIPOW,HIPO RTPZ.U HIPO.WS RTPZ.WS RTPZ,HIPO RTPZ.U HIPO.WS RTPZ.WS RTPZ|HIPOW,HIPO|HIPO.WS|HIPOW|RTPZ|RTPZ.U|RTPZ.WS
HIVE,HVBTF HVBT,HIVE|HVBTF HVBT,HIVE|HVBT|HVBTF
HK1,HAWK HK BETA,HAWK HK BETA|HK1,BETA|HAWK|HK|HK1
HKFIQ,HKFI HKF,HKFI HKF|HKFIQ,HKF|HKFI|HKFIQ
HKNI,HEC HKN,HEC HKN|HKNI,HEC|HKN|HKNI
HKRSQ,RAM HKRS HK TEGY RAME,HKRSQ|RAM HKRS HK TEGY RAME,HK|HKRS|HKRSQ|RAM|RAME|TEGY
HKTVY,CTEL HKTV,CTEL HKTV|HKTVY,CTEL|HKTV|HKTVY
HLAH,HLAHU HLAHW,HLAH|HLAHU HLAHW,HLAH|HLAHU|HLAHW
HLAHU,HLAH HLAHW,HLAH HLAHW|HLAHU,HLAH|HLAHU|HLAHW
HLAHW,HLAH HLAHU,HLAH HLAHU|HLAHW,HLAH|HLAHU|HLAHW
HLGN,ATHN.U ATHN HLGN.WS ATHN.WS HLGNW,ATHN.U ATHN HLGN.WS ATHN.WS HLGNW|HLGN,ATHN|ATHN.U|ATHN.WS|HLGN|HLGN.WS|HLGNW
HLGNW,HLGN ATHN.U ATHN HLGN.WS ATHN.WS,HLGN ATHN.U ATHN HLGN.WS ATHN.WS|HLGNW,ATHN|ATHN.U|ATHN.WS|HLGN|HLGN.WS|HLGNW
HLLY,EMPW.U EMPW,EMPW.U EMPW|HLLY,EMPW|EMPW.U|HLLY
HLMN,LCY LCYAU HLMNW LCYAW,HLMN|LCY LCYAU HLMNW LCYAW,HLMN|HLMNW|LCY|LCYAU|LCYAW
HLMNW,LCY LCYAU HLMN LCYAW,HLMNW|LCY LCYAU HLMN LCYAW,HLMN|HLMNW|LCY|LCYAU|LCYAW
HLX,CDIS HELX,CDIS HELX|HLX,CDIS|HELX|HLX
HMA,HMA.WS HMA.U,HMA|HMA.WS HMA.U,HMA|HMA.U|HMA.WS
HMA.U,HMA HMA.WS,HMA HMA.WS|HMA.U,HMA|HMA.U|HMA.WS
HMA.WS,HMA HMA.U,HMA HMA.U|HMA.WS,HMA|HMA.U|HMA.WS
HMACR,HMACU ABLV HMAC,HMACR|HMACU ABLV HMAC,ABLV|HMAC|HMACR|HMACU
HMACU,ABLV HMACR HMAC,ABLV HMACR HMAC|HMACU,ABLV|HMAC|HMACR|HMACU
HMBNQ,HMBN HMB,HMBN HMB|HMBNQ,HMB|HMBN|HMBNQ
HMCO,HMCOW HMCOU,HMCO|HMCOW HMCOU,HMCO|HMCOU|HMCOW
HMCOU,HMCOW HMCO,HMCOU|HMCOW HMCO,HMCO|HMCOU|HMCOW
HMCOW,HMCO HMCOU,HMCO HMCOU|HMCOW,HMCO|HMCOU|HMCOW
HMLP,HMLP-PA HMLPF,HMLP|HMLP-PA HMLPF,HMLP|HMLP-PA|HMLPF
HMLPF,HMLP HMLP-PA,HMLP HMLP-PA|HMLPF,HMLP|HMLP-PA|HMLPF
HMNY,TACX HMNA,HMNY|TACX HMNA,HMNA|HMNY|TACX
HMR1,HMR.U HMR,HMR.U HMR|HMR1,HMR|HMR.U|HMR1
HNH,WXCO WXCP,HNH|WXCO WXCP,HNH|WXCO|WXCP
HOFSQ,NAO PSV,HOFSQ|NAO PSV,HOFSQ|NAO|PSV
HOFV,GPAQ GPAQU GPAQW HOFVW,GPAQ GPAQU GPAQW HOFVW|HOFV,GPAQ|GPAQU|GPAQW|HOFV|HOFVW
HOFVW,HOFV GPAQ GPAQU GPAQW,HOFV GPAQ GPAQU GPAQW|HOFVW,GPAQ|GPAQU|GPAQW|HOFV|HOFVW
HOLI,CNCAU CNCA HLSYF,CNCAU CNCA HLSYF|HOLI,CNCA|CNCAU|HLSYF|HOLI
HOLO,GPCOR GPCO GPCOU,GPCOR GPCO GPCOU|HOLO,GPCO|GPCOR|GPCOU|HOLO
HOLUU,ASTRW ASTR HOLUW HOL,ASTRW ASTR HOLUW HOL|HOLUU,ASTR|ASTRW|HOL|HOLUU|HOLUW
HOMZQ,HPII HOMZ,HOMZQ|HPII HOMZ,HOMZ|HOMZQ|HPII
HONDU,HOND IMSR,HOND IMSR|HONDU,HOND|HONDU|IMSR
HOPE,BBCN NARA,BBCN NARA|HOPE,BBCN|HOPE|NARA
HORI,HORIW HORIU,HORI|HORIW HORIU,HORI|HORIU|HORIW
HORIU,HORIW HORI,HORIU|HORIW HORI,HORI|HORIU|HORIW
HORIW,HORIU HORI,HORIU HORI|HORIW,HORI|HORIU|HORIW
HOSSQ,HOS HOSS,HOS HOSS|HOSSQ,HOS|HOSS|HOSSQ
HOVR,PTHR PTHRU,HOVR|PTHR PTHRU,HOVR|PTHR|PTHRU
HPAI,TRIS TRIS.U,HPAI|TRIS TRIS.U,HPAI|TRIS|TRIS.U
HPHWQ,HPHW HH,HPHW HH|HPHWQ,HH|HPHW|HPHWQ
HPK,PACQW PACQ PACQU HPKEW,HPK|PACQW PACQ PACQU HPKEW,HPK|HPKEW|PACQ|PACQU|PACQW
HPKEW,PACQW PACQ PACQU HPK,HPKEW|PACQW PACQ PACQU HPK,HPK|HPKEW|PACQ|PACQU|PACQW
HPLT,HPLTW HPLTU,HPLT|HPLTW HPLTU,HPLT|HPLTU|HPLTW
HPLTU,HPLTW HPLT,HPLTU|HPLTW HPLT,HPLT|HPLTU|HPLTW
HPLTW,HPLTU HPLT,HPLTU HPLT|HPLTW,HPLT|HPLTU|HPLTW
HPP,HPP-PB HPP-PC,HPP|HPP-PB HPP-PC,HPP|HPP-PB|HPP-PC
HPP-PB,HPP-PC HPP,HPP-PB|HPP-PC HPP,HPP|HPP-PB|HPP-PC
HPP-PC,HPP-PB HPP,HPP-PB HPP|HPP-PC,HPP|HPP-PB|HPP-PC
HPTRP,HPT SVC,HPT SVC|HPTRP,HPT|HPTRP|SVC
HPX.U,HPX AMBI.WS AMBI AMBIQ HPX.WS,HPX AMBI.WS AMBI AMBIQ HPX.WS|HPX.U,AMBI|AMBI.WS|AMBIQ|HPX|HPX.U|HPX.WS
HQCL,HSOL SOLF,HQCL|HSOL SOLF,HQCL|HSOL|SOLF
HQSM,PEQM HQS HQSB,HQSM|PEQM HQS HQSB,HQS|HQSB|HQSM|PEQM
HRGN,BSTG HART,BSTG HART|HRGN,BSTG|HART|HRGN
HROW,HROWM HROWL IMMY,HROW|HROWM HROWL IMMY,HROW|HROWL|HROWM|IMMY
HROWM,HROWL IMMY HROW,HROWL IMMY HROW|HROWM,HROW|HROWL|HROWM|IMMY
RCHGU,RCHG RCHGW,RCHG RCHGW|RCHGU,RCHG|RCHGU|RCHGW
HRZN,HTFC HTFA HTF HTFB,HRZN|HTFC HTFA HTF HTFB,HRZN|HTF|HTFA|HTFB|HTFC
HSBC,HSEA HSEB HBC HSBC-PA HBC-PA,HSBC|HSEA HSEB HBC HSBC-PA HBC-PA,HBC|HBC-PA|HSBC|HSBC-PA|HSEA|HSEB
HSBC-PA,HSBC HSEA HSEB HBC HBC-PA,HSBC HSEA HSEB HBC HBC-PA|HSBC-PA,HBC|HBC-PA|HSBC|HSBC-PA|HSEA|HSEB
HSEA,HSBC HSEB HBC HSBC-PA HBC-PA,HSBC HSEB HBC HSBC-PA HBC-PA|HSEA,HBC|HBC-PA|HSBC|HSBC-PA|HSEA|HSEB
HSEB,HSBC HSEA HBC HSBC-PA HBC-PA,HSBC HSEA HBC HSBC-PA HBC-PA|HSEB,HBC|HBC-PA|HSBC|HSBC-PA|HSEA|HSEB
HSPOF,HSPOR HSPO HSPOU HSPOW,HSPOF|HSPOR HSPO HSPOU HSPOW,HSPO|HSPOF|HSPOR|HSPOU|HSPOW
HSPOR,HSPOF HSPO HSPOU HSPOW,HSPOF HSPO HSPOU HSPOW|HSPOR,HSPO|HSPOF|HSPOR|HSPOU|HSPOW
HSPOU,HSPOR HSPOF HSPO HSPOW,HSPOR HSPOF HSPO HSPOW|HSPOU,HSPO|HSPOF|HSPOR|HSPOU|HSPOW
HSPOW,HSPOR HSPOF HSPO HSPOU,HSPOR HSPOF HSPO HSPOU|HSPOW,HSPO|HSPOF|HSPOR|HSPOU|HSPOW
HSPTU,HSPT SLBT,HSPT SLBT|HSPTU,HSPT|HSPTU|SLBT
HSTOQ,HSTO CNAT,HSTO CNAT|HSTOQ,CNAT|HSTO|HSTOQ
HT,HT-PB HT-PE HT-PD HT-PC,HT|HT-PB HT-PE HT-PD HT-PC,HT|HT-PB|HT-PC|HT-PD|HT-PE
HT-PB,HT-PE HT-PD HT-PC HT,HT-PB|HT-PE HT-PD HT-PC HT,HT|HT-PB|HT-PC|HT-PD|HT-PE
HT-PC,HT-PB HT-PE HT-PD HT,HT-PB HT-PE HT-PD HT|HT-PC,HT|HT-PB|HT-PC|HT-PD|HT-PE
HT-PD,HT-PB HT-PE HT-PC HT,HT-PB HT-PE HT-PC HT|HT-PD,HT|HT-PB|HT-PC|HT-PD|HT-PE
HT-PE,HT-PB HT-PD HT-PC HT,HT-PB HT-PD HT-PC HT|HT-PE,HT|HT-PB|HT-PC|HT-PD|HT-PE
HTAQ,HTAQ.U HTAQ.WS HTAQW,HTAQ|HTAQ.U HTAQ.WS HTAQW,HTAQ|HTAQ.U|HTAQ.WS|HTAQW
HTAQ.U,HTAQ.WS HTAQ HTAQW,HTAQ.U|HTAQ.WS HTAQ HTAQW,HTAQ|HTAQ.U|HTAQ.WS|HTAQW
HTAQW,HTAQ.U HTAQ.WS HTAQ,HTAQ.U HTAQ.WS HTAQ|HTAQW,HTAQ|HTAQ.U|HTAQ.WS|HTAQW
HTCO,PAFOR PAFO CACO PAFOU,HTCO|PAFOR PAFO CACO PAFOU,CACO|HTCO|PAFO|PAFOR|PAFOU
HTGC,HTGZ HCXZ HTGY HTGX-CL HCXY,HTGC|HTGZ HCXZ HTGY HTGX-CL HCXY,HCXY|HCXZ|HTGC|HTGX-CL|HTGY|HTGZ
HTHEQ,HTH WBN,HTH WBN|HTHEQ,HTH|HTHEQ|WBN
HTMXQ,HTMX HMX,HTMX HMX|HTMXQ,HMX|HTMX|HTMXQ
HTPA,HTPA.WS HTPA.U,HTPA|HTPA.WS HTPA.U,HTPA|HTPA.U|HTPA.WS
HTPA.U,HTPA HTPA.WS,HTPA HTPA.WS|HTPA.U,HTPA|HTPA.U|HTPA.WS
HTPA.WS,HTPA HTPA.U,HTPA HTPA.U|HTPA.WS,HTPA|HTPA.U|HTPA.WS
HTVNQ,AINW HTVN,AINW HTVN|HTVNQ,AINW|HTVN|HTVNQ
HUB.A,HUBB HUB.B,HUB.A|HUBB HUB.B,HUB.A|HUB.B|HUBB
HUBB,HUB.A HUB.B,HUB.A HUB.B|HUBB,HUB.A|HUB.B|HUBB
HUBC,RNERU RNER,HUBC|RNERU RNER,HUBC|RNER|RNERU
HUDA,HUDAR HUDAU,HUDA|HUDAR HUDAU,HUDA|HUDAR|HUDAU
HUDAR,HUDAU HUDA,HUDAR|HUDAU HUDA,HUDA|HUDAR|HUDAU
HUDAU,HUDA HUDAR,HUDA HUDAR|HUDAU,HUDA|HUDAR|HUDAU
HUFCQ,HUF HUFC,HUF HUFC|HUFCQ,HUF|HUFC|HUFCQ
HUGS,HUGSW HUGS.WS HUGS.U,HUGS|HUGSW HUGS.WS HUGS.U,HUGS|HUGS.U|HUGS.WS|HUGSW
HUGS.U,HUGSW HUGS.WS HUGS,HUGS.U|HUGSW HUGS.WS HUGS,HUGS|HUGS.U|HUGS.WS|HUGSW
HUGSW,HUGS.WS HUGS.U HUGS,HUGS.WS HUGS.U HUGS|HUGSW,HUGS|HUGS.U|HUGS.WS|HUGSW
HUMA,AHAC AHACU,AHAC AHACU|HUMA,AHAC|AHACU|HUMA
HURA,DMPI KTRA,DMPI KTRA|HURA,DMPI|HURA|KTRA
HUSI-PD,HUSI-PF HUSI-PG HUSI-PZ HUSI-PH,HUSI-PD|HUSI-PF HUSI-PG HUSI-PZ HUSI-PH,HUSI-PD|HUSI-PF|HUSI-PG|HUSI-PH|HUSI-PZ
HUSI-PF,HUSI-PD HUSI-PG HUSI-PZ HUSI-PH,HUSI-PD HUSI-PG HUSI-PZ HUSI-PH|HUSI-PF,HUSI-PD|HUSI-PF|HUSI-PG|HUSI-PH|HUSI-PZ
HUSI-PG,HUSI-PD HUSI-PF HUSI-PZ HUSI-PH,HUSI-PD HUSI-PF HUSI-PZ HUSI-PH|HUSI-PG,HUSI-PD|HUSI-PF|HUSI-PG|HUSI-PH|HUSI-PZ
HUSI-PH,HUSI-PD HUSI-PF HUSI-PG HUSI-PZ,HUSI-PD HUSI-PF HUSI-PG HUSI-PZ|HUSI-PH,HUSI-PD|HUSI-PF|HUSI-PG|HUSI-PH|HUSI-PZ
HUSI-PZ,HUSI-PD HUSI-PF HUSI-PG HUSI-PH,HUSI-PD HUSI-PF HUSI-PG HUSI-PH|HUSI-PZ,HUSI-PD|HUSI-PF|HUSI-PG|HUSI-PH|HUSI-PZ
HUT1,HUT HUTMF,HUT HUTMF|HUT1,HUT|HUT1|HUTMF
HWC,HBHC HWCPL HWCPZ,HBHC HWCPL HWCPZ|HWC,HBHC|HWC|HWCPL|HWCPZ
HWEL,HWELW HWELU,HWEL|HWELW HWELU,HWEL|HWELU|HWELW
HWELU,HWEL HWELW,HWEL HWELW|HWELU,HWEL|HWELU|HWELW
HWELW,HWEL HWELU,HWEL HWELU|HWELW,HWEL|HWELU|HWELW
HWH,ACAXW ACAXU ACAXR,ACAXW ACAXU ACAXR|HWH,ACAXR|ACAXU|ACAXW|HWH
HWKZ,HWKZ.U HWKZ.WS HWKZW,HWKZ|HWKZ.U HWKZ.WS HWKZW,HWKZ|HWKZ.U|HWKZ.WS|HWKZW
HWKZ.U,HWKZ.WS HWKZW HWKZ,HWKZ.U|HWKZ.WS HWKZW HWKZ,HWKZ|HWKZ.U|HWKZ.WS|HWKZW
HWKZW,HWKZ.WS HWKZ HWKZ.U,HWKZ.WS HWKZ HWKZ.U|HWKZW,HWKZ|HWKZ.U|HWKZ.WS|HWKZW
HWM,ARNC ARNC-P HWM-P ARNC-PB AA,ARNC ARNC-P HWM-P ARNC-PB AA|HWM,AA|ARNC|ARNC-P|ARNC-PB|HWM|HWM-P
HWM-P,ARNC HWM ARNC-P ARNC-PB AA,ARNC HWM ARNC-P ARNC-PB AA|HWM-P,AA|ARNC|ARNC-P|ARNC-PB|HWM|HWM-P
HYAC.U,HYAC RMIX,HYAC RMIX|HYAC.U,HYAC|HYAC.U|RMIX
HYAC1,HYACU HYAC,HYAC1|HYACU HYAC,HYAC|HYAC1|HYACU
HYACU,BTMDW HYAC BTMD HYACW,BTMDW HYAC BTMD HYACW|HYACU,BTMD|BTMDW|HYAC|HYACU|HYACW
HYDGQ,CSTC HYDG,CSTC HYDG|HYDGQ,CSTC|HYDG|HYDGQ
HYFT,IPA IPATF,HYFT|IPA IPATF,HYFT|IPA|IPATF
HYLN,SHLL.U SHLL,HYLN|SHLL.U SHLL,HYLN|SHLL|SHLL.U
HYMC,HYMCZ HYMWW HYMCL HYMCW MUDS MUDSW MUDSU,HYMC|HYMCZ HYMWW HYMCL HYMCW MUDS MUDSW MUDSU,HYMC|HYMCL|HYMCW|HYMCZ|HYMWW|MUDS|MUDSU|MUDSW
HYMCL,HYMC HYMCZ HYMWW HYMCW MUDS MUDSW MUDSU,HYMC HYMCZ HYMWW HYMCW MUDS MUDSW MUDSU|HYMCL,HYMC|HYMCL|HYMCW|HYMCZ|HYMWW|MUDS|MUDSU|MUDSW
HYMCW,HYMC HYMCZ HYMWW HYMCL MUDS MUDSW MUDSU,HYMC HYMCZ HYMWW HYMCL MUDS MUDSW MUDSU|HYMCW,HYMC|HYMCL|HYMCW|HYMCZ|HYMWW|MUDS|MUDSU|MUDSW
HYMCZ,HYMC HYMWW HYMCL HYMCW MUDS MUDSW MUDSU,HYMC HYMWW HYMCL HYMCW MUDS MUDSW MUDSU|HYMCZ,HYMC|HYMCL|HYMCW|HYMCZ|HYMWW|MUDS|MUDSU|MUDSW
HYNLZ,HYN BOS,HYN BOS|HYNLZ,BOS|HYN|HYNLZ
HYPRQ,HYPR PQT,HYPR PQT|HYPRQ,HYPR|HYPRQ|PQT
HYZN,DCRB DCRBW HYZNW DCRBU,DCRB DCRBW HYZNW DCRBU|HYZN,DCRB|DCRBU|DCRBW|HYZN|HYZNW
HYZNW,DCRB HYZN DCRBW DCRBU,DCRB HYZN DCRBW DCRBU|HYZNW,DCRB|DCRBU|DCRBW|HYZN|HYZNW
HZAC.U,HZAC SEAT,HZAC SEAT|HZAC.U,HZAC|HZAC.U|SEAT
RCHGW,RCHG RCHGU,RCHG RCHGU|RCHGW,RCHG|RCHGU|RCHGW
HZON,HZON.U HZON.WS,HZON|HZON.U HZON.WS,HZON|HZON.U|HZON.WS
HZON.U,HZON HZON.WS,HZON HZON.WS|HZON.U,HZON|HZON.U|HZON.WS
HZON.WS,HZON.U HZON,HZON.U HZON|HZON.WS,HZON|HZON.U|HZON.WS
I-PA,INTEQ I,I-PA|INTEQ I,I|I-PA|INTEQ
IACA.U,IACA TBLA,IACA TBLA|IACA.U,IACA|IACA.U|TBLA
IACB.U,CTV.WS IACB IACB.WS CTV,CTV.WS IACB IACB.WS CTV|IACB.U,CTV|CTV.WS|IACB|IACB.U|IACB.WS
IAGI,IAO MDM FNTV,IAGI|IAO MDM FNTV,FNTV|IAGI|IAO|MDM
RENX2,ENL RUK RELX RENX,ENL RUK RELX RENX|RENX2,ENL|RELX|RENX|RENX2|RUK
IBCL1,IBCL BSTI,IBCL BSTI|IBCL1,BSTI|IBCL|IBCL1
IBDI,CCON IBD,CCON IBD|IBDI,CCON|IBD|IBDI
IBER,IBER.WS IBER.U,IBER|IBER.WS IBER.U,IBER|IBER.U|IBER.WS
IBER.U,IBER.WS IBER,IBER.U|IBER.WS IBER,IBER|IBER.U|IBER.WS
IBER.WS,IBER.U IBER,IBER.U IBER|IBER.WS,IBER|IBER.U|IBER.WS
IBKC,IBKCO IBKCP IBKCN,IBKC|IBKCO IBKCP IBKCN,IBKC|IBKCN|IBKCO|IBKCP
IBKCN,IBKC IBKCO IBKCP,IBKC IBKCO IBKCP|IBKCN,IBKC|IBKCN|IBKCO|IBKCP
IBKCO,IBKC IBKCP IBKCN,IBKC IBKCP IBKCN|IBKCO,IBKC|IBKCN|IBKCO|IBKCP
IBKCP,IBKC IBKCO IBKCN,IBKC IBKCO IBKCN|IBKCP,IBKC|IBKCN|IBKCO|IBKCP
IBLTZ,IMPHQ IMPH,IBLTZ|IMPHQ IMPH,IBLTZ|IMPH|IMPHQ
IBNKQ,IBNK NCBE,IBNK NCBE|IBNKQ,IBNK|IBNKQ|NCBE
ICCXQ,RMII ICCX,ICCXQ|RMII ICCX,ICCX|ICCXQ|RMII
ICLK1,INRK ICLK,ICLK1|INRK ICLK,ICLK|ICLK1|INRK
ICMB,CMFN CMFNL,CMFN CMFNL|ICMB,CMFN|CMFNL|ICMB
ICNC,ICNC.WS ICNC.U,ICNC|ICNC.WS ICNC.U,ICNC|ICNC.U|ICNC.WS
ICNC.U,ICNC.WS ICNC,ICNC.U|ICNC.WS ICNC,ICNC|ICNC.U|ICNC.WS
ICNC.WS,ICNC ICNC.U,ICNC ICNC.U|ICNC.WS,ICNC|ICNC.U|ICNC.WS
ICON1,ICON CAND,ICON CAND|ICON1,CAND|ICON|ICON1
ICOPQ,ICDG ICOP,ICDG ICOP|ICOPQ,ICDG|ICOP|ICOPQ
ICOR1,PDGM ICOR,ICOR1|PDGM ICOR,ICOR|ICOR1|PDGM
ICPXQ,ICO ICOPQ,ICO ICOPQ|ICPXQ,ICO|ICOPQ|ICPXQ
ICU,LMAOU LMAO,ICU|LMAOU LMAO,ICU|LMAO|LMAOU
ID1,VISG ID,ID1|VISG ID,ID|ID1|VISG
IDAI1,NAKD IDAI,IDAI1|NAKD IDAI,IDAI|IDAI1|NAKD
IDARQ,IDAR IAR,IDAR IAR|IDARQ,IAR|IDAR|IDARQ
IDEXQ,CBBD IDEX SSC ANUI WCST YOD,CBBD IDEX SSC ANUI WCST YOD|IDEXQ,ANUI|CBBD|IDEX|IDEXQ|SSC|WCST|YOD
IGTAW,IGTAR IGTAU IGTA,IGTAR IGTAU IGTA|IGTAW,IGTA|IGTAR|IGTAU|IGTAW
IDICQ,LGC.U LGC ID,IDICQ|LGC.U LGC ID,ID|IDICQ|LGC|LGC.U
IDMCQ,NDE IMB IDMC,IDMCQ|NDE IMB IDMC,IDMC|IDMCQ|IMB|NDE
IDMI,EPMN CYTL,EPMN CYTL|IDMI,CYTL|EPMN|IDMI
IDPIQ,NRID SFLK IDPI,IDPIQ|NRID SFLK IDPI,IDPI|IDPIQ|NRID|SFLK
IEA,MIII MIIIW MIIIU IEAWW,IEA|MIII MIIIW MIIIU IEAWW,IEA|IEAWW|MIII|MIIIU|MIIIW
IEAWW,MIII MIIIW IEA MIIIU,IEAWW|MIII MIIIW IEA MIIIU,IEA|IEAWW|MIII|MIIIU|MIIIW
IESC,IES IESRQ IESR,IES IESRQ IESR|IESC,IES|IESC|IESR|IESRQ
IFF,IFFT IFFIU,IFF|IFFT IFFIU,IFF|IFFIU|IFFT
IFFT,IFF IFFIU,IFF IFFIU|IFFT,IFF|IFFIU|IFFT
IFS1,IEG IFS,IEG IFS|IFS1,IEG|IFS|IFS1
IGAC1,IGACU IGAC IGACU1 IGACW,IGAC1|IGACU IGAC IGACU1 IGACW,IGAC|IGAC1|IGACU|IGACU1|IGACW
IGACU1,IGACU IGAC IGAC1 IGACW,IGACU IGAC IGAC1 IGACW|IGACU1,IGAC|IGAC1|IGACU|IGACU1|IGACW
IGACW,IGACU IGAC IGAC1 IGACU1,IGACU IGAC IGAC1 IGACU1|IGACW,IGAC|IGAC1|IGACU|IGACU1|IGACW
IGIC,TIBR TIBRW TIBRU IGICW,IGIC|TIBR TIBRW TIBRU IGICW,IGIC|IGICW|TIBR|TIBRU|TIBRW
IGICW,TIBR TIBRW IGIC TIBRU,IGICW|TIBR TIBRW IGIC TIBRU,IGIC|IGICW|TIBR|TIBRU|TIBRW
IGNYU,IGNY IGNYW PKBO PKBOW,IGNY IGNYW PKBO PKBOW|IGNYU,IGNY|IGNYU|IGNYW|PKBO|PKBOW
IGTA,IGTAW IGTAR IGTAU,IGTA|IGTAW IGTAR IGTAU,IGTA|IGTAR|IGTAU|IGTAW
IGTAR,IGTAW IGTAU IGTA,IGTAR|IGTAW IGTAU IGTA,IGTA|IGTAR|IGTAU|IGTAW
IGTAU,IGTAW IGTAR IGTA,IGTAU|IGTAW IGTAR IGTA,IGTA|IGTAR|IGTAU|IGTAW
IHR,MMH IHRI,IHR|MMH IHRI,IHR|IHRI|MMH
IIAC.U,IIAC ZGN.WS IIAC.WS ZGN,IIAC ZGN.WS IIAC.WS ZGN|IIAC.U,IIAC|IIAC.U|IIAC.WS|ZGN|ZGN.WS
IIII,IIIIU IIIIW,IIII|IIIIU IIIIW,IIII|IIIIU|IIIIW
IIIIU,IIIIW IIII,IIIIU|IIIIW IIII,IIII|IIIIU|IIIIW
IIIIW,IIIIU IIII,IIIIU IIII|IIIIW,IIII|IIIIU|IIIIW
IIVI,IIVIP COHR,IIVI|IIVIP COHR,COHR|IIVI|IIVIP
ILIU,MSSI ILGN ILI,ILIU|MSSI ILGN ILI,ILGN|ILI|ILIU|MSSI
ILLMF,ACUIF ILLM ATY,ACUIF ILLM ATY|ILLMF,ACUIF|ATY|ILLM|ILLMF
ILLR,AGBAR AGBAU AGBA,AGBAR AGBAU AGBA|ILLR,AGBA|AGBAR|AGBAU|ILLR
ILNTQ,INIT INITQ,ILNTQ|INIT INITQ,ILNTQ|INIT|INITQ
IMA1,IMA SLF,IMA SLF|IMA1,IMA|IMA1|SLF
IMACW,BACK IMAC,BACK IMAC|IMACW,BACK|IMAC|IMACW
IMAQ,IMAQR IMAQU IMAQW,IMAQ|IMAQR IMAQU IMAQW,IMAQ|IMAQR|IMAQU|IMAQW
IMAQR,IMAQU IMAQ IMAQW,IMAQR|IMAQU IMAQ IMAQW,IMAQ|IMAQR|IMAQU|IMAQW
IMAQU,IMAQR IMAQ IMAQW,IMAQR IMAQ IMAQW|IMAQU,IMAQ|IMAQR|IMAQU|IMAQW
IMAQW,IMAQR IMAQU IMAQ,IMAQR IMAQU IMAQ|IMAQW,IMAQ|IMAQR|IMAQU|IMAQW
IMBIQ,IMBI EVLV IMBIL VVTV,IMBI EVLV IMBIL VVTV|IMBIQ,EVLV|IMBI|IMBIL|IMBIQ|VVTV
IMDX,OCX.W OCX,IMDX|OCX.W OCX,IMDX|OCX|OCX.W
IMMP1,IMMP IMM,IMMP IMM|IMMP1,IMM|IMMP|IMMP1
IMNN,CLN CLSN CELN,CLN CLSN CELN|IMNN,CELN|CLN|CLSN|IMNN
IMNPQ,IMNP EPCT,IMNP EPCT|IMNPQ,EPCT|IMNP|IMNPQ
IMPCQ,ITLA IMPC IMP,IMPCQ|ITLA IMPC IMP,IMP|IMPC|IMPCQ|ITLA
IMPH,IMH IMPM,IMH IMPM|IMPH,IMH|IMPH|IMPM
IMPX.U,IMPX LVWR,IMPX LVWR|IMPX.U,IMPX|IMPX.U|LVWR
IMSCQ,IMX IMSC,IMSCQ|IMX IMSC,IMSC|IMSCQ|IMX
IMSR,HOND HONDU,HOND HONDU|IMSR,HOND|HONDU|IMSR
IMTX,IMTXW ARYAU ARYAW ARYA,IMTX|IMTXW ARYAU ARYAW ARYA,ARYA|ARYAU|ARYAW|IMTX|IMTXW
IMTXW,ARYAU ARYAW ARYA IMTX,ARYAU ARYAW ARYA IMTX|IMTXW,ARYA|ARYAU|ARYAW|IMTX|IMTXW
IMVT,HSACU HSAC,HSACU HSAC|IMVT,HSAC|HSACU|IMVT
IMXI,FNTEU FNTE,FNTEU FNTE|IMXI,FNTE|FNTEU|IMXI
INAPQ,INAP IIP,INAP IIP|INAPQ,IIP|INAP|INAPQ
INAQU,AMOD INAQ INAQ.U,AMOD INAQ INAQ.U|INAQU,AMOD|INAQ|INAQ.U|INAQU
INAQU1,INAQ MILE INAQW MILEW INAQU,INAQ MILE INAQW MILEW INAQU|INAQU1,INAQ|INAQU|INAQU1|INAQW|MILE|MILEW
INB1,CMYI INB,CMYI INB|INB1,CMYI|INB|INB1
INBK,INBKL FIBP INBKZ,INBK|INBKL FIBP INBKZ,FIBP|INBK|INBKL|INBKZ
INBP,CXIL IHTC INB,CXIL IHTC INB|INBP,CXIL|IHTC|INB|INBP
INBX,INXB INXBV,INBX|INXB INXBV,INBX|INXB|INXBV
INCLF,N NVB,INCLF|N NVB,INCLF|N|NVB
INDI,THBRU INDIW THBR THBRW,INDI|THBRU INDIW THBR THBRW,INDI|INDIW|THBR|THBRU|THBRW
INDIW,THBRU THBR THBRW INDI,INDIW|THBRU THBR THBRW INDI,INDI|INDIW|THBR|THBRU|THBRW
INET1,INET INTI,INET INTI|INET1,INET|INET1|INTI
INFO1,MRKT INFO,INFO1|MRKT INFO,INFO|INFO1|MRKT
INFQ,CCCXU CCCX,CCCXU CCCX|INFQ,CCCX|CCCXU|INFQ
INFU,HAPNU HAPN,HAPNU HAPN|INFU,HAPN|HAPNU|INFU
ING,ISF INZ IDG ISP ISG IND2 IND,ING|ISF INZ IDG ISP ISG IND2 IND,IDG|IND|IND2|ING|INZ|ISF|ISG|ISP
INGA,APG IGR,APG IGR|INGA,APG|IGR|INGA
INKAU,INKAW NIRWQ NIRLQ NIR NIRWW INKA,INKAU|INKAW NIRWQ NIRLQ NIR NIRWW INKA,INKA|INKAU|INKAW|NIR|NIRLQ|NIRWQ|NIRWW
INN,INN-PA INN-PE INN-PF INN-PB INN-PD INN-PC,INN|INN-PA INN-PE INN-PF INN-PB INN-PD INN-PC,INN|INN-PA|INN-PB|INN-PC|INN-PD|INN-PE|INN-PF
INN-PA,INN INN-PE INN-PF INN-PB INN-PD INN-PC,INN INN-PE INN-PF INN-PB INN-PD INN-PC|INN-PA,INN|INN-PA|INN-PB|INN-PC|INN-PD|INN-PE|INN-PF
INN-PB,INN-PA INN INN-PE INN-PF INN-PD INN-PC,INN-PA INN INN-PE INN-PF INN-PD INN-PC|INN-PB,INN|INN-PA|INN-PB|INN-PC|INN-PD|INN-PE|INN-PF
INN-PC,INN-PA INN INN-PE INN-PF INN-PB INN-PD,INN-PA INN INN-PE INN-PF INN-PB INN-PD|INN-PC,INN|INN-PA|INN-PB|INN-PC|INN-PD|INN-PE|INN-PF
INN-PD,INN-PA INN INN-PE INN-PF INN-PB INN-PC,INN-PA INN INN-PE INN-PF INN-PB INN-PC|INN-PD,INN|INN-PA|INN-PB|INN-PC|INN-PD|INN-PE|INN-PF
INN-PE,INN-PA INN INN-PF INN-PB INN-PD INN-PC,INN-PA INN INN-PF INN-PB INN-PD INN-PC|INN-PE,INN|INN-PA|INN-PB|INN-PC|INN-PD|INN-PE|INN-PF
INN-PF,INN-PA INN INN-PE INN-PB INN-PD INN-PC,INN-PA INN INN-PE INN-PB INN-PD INN-PC|INN-PF,INN|INN-PA|INN-PB|INN-PC|INN-PD|INN-PE|INN-PF
INNI,UTK INV,INNI|UTK INV,INNI|INV|UTK
INOV1,SMMT INOV,INOV1|SMMT INOV,INOV|INOV1|SMMT
INSE,HDRA HDRAU,HDRA HDRAU|INSE,HDRA|HDRAU|INSE
INSG,NVTL MIFI,INSG|NVTL MIFI,INSG|MIFI|NVTL
INSYQ,NEOL INSY,INSYQ|NEOL INSY,INSY|INSYQ|NEOL
INTE,INTEW INTEU,INTE|INTEW INTEU,INTE|INTEU|INTEW
INTEQ,I-PA I,I-PA I|INTEQ,I|I-PA|INTEQ
INTEU,INTEW INTE,INTEU|INTEW INTE,INTE|INTEU|INTEW
INTEW,INTE INTEU,INTE INTEU|INTEW,INTE|INTEU|INTEW
INTZ,INTZC ODSI,INTZ|INTZC ODSI,INTZ|INTZC|ODSI
INUV,CGIH THK KOW,CGIH THK KOW|INUV,CGIH|INUV|KOW|THK
INV,LCW.U LCW LCW.WS,INV|LCW.U LCW LCW.WS,INV|LCW|LCW.U|LCW.WS
INVZ,CGRO CGROU,CGRO CGROU|INVZ,CGRO|CGROU|INVZ
INXI,ALLS ISR,ALLS ISR|INXI,ALLS|INXI|ISR
IOACU,ZCARW IOACW ZCAR IOAC,IOACU|ZCARW IOACW ZCAR IOAC,IOAC|IOACU|IOACW|ZCAR|ZCARW
ION2,PAX ION,ION2|PAX ION,ION|ION2|PAX
IONQ,DMYI.U DMYI,DMYI.U DMYI|IONQ,DMYI|DMYI.U|IONQ
IONS,ISIP ISIS,IONS|ISIP ISIS,IONS|ISIP|ISIS
IOSP,IOP OTL,IOP OTL|IOSP,IOP|IOSP|OTL
IOVA,LBIO GNBP FGGT,IOVA|LBIO GNBP FGGT,FGGT|GNBP|IOVA|LBIO
IPAH,IPA ATEC,IPA ATEC|IPAH,ATEC|IPA|IPAH
IPAXU,IPAXW LUNR IPAX LUNRW,IPAXU|IPAXW LUNR IPAX LUNRW,IPAX|IPAXU|IPAXW|LUNR|LUNRW
IPEX,IPEXU MAYA MAYAU,IPEX|IPEXU MAYA MAYAU,IPEX|IPEXU|MAYA|MAYAU
IPEXU,IPEX MAYA MAYAU,IPEX MAYA MAYAU|IPEXU,IPEX|IPEXU|MAYA|MAYAU
IPIXQ,BAMB IPIX,BAMB IPIX|IPIXQ,BAMB|IPIX|IPIXQ
IPM,STVID PEER STVI PALT,IPM|STVID PEER STVI PALT,IPM|PALT|PEER|STVI|STVID
IPOC.U,CLOV CLOVW IPOC.WS IPOC,CLOV CLOVW IPOC.WS IPOC|IPOC.U,CLOV|CLOVW|IPOC|IPOC.U|IPOC.WS
IPOD.U,IPOD1 IPOD.WS IPOD,IPOD.U|IPOD1 IPOD.WS IPOD,IPOD|IPOD.U|IPOD.WS|IPOD1
IPOD.WS,IPOD1 IPOD IPOD.U,IPOD.WS|IPOD1 IPOD IPOD.U,IPOD|IPOD.U|IPOD.WS|IPOD1
IPOD1,IPOD.WS IPOD IPOD.U,IPOD.WS IPOD IPOD.U|IPOD1,IPOD|IPOD.U|IPOD.WS|IPOD1
IPOE.U,SOFI IPOE.WS SOFIW IPOE,IPOE.U|SOFI IPOE.WS SOFIW IPOE,IPOE|IPOE.U|IPOE.WS|SOFI|SOFIW
IPOF,IPOF.U IPOFW IPOF.WS,IPOF|IPOF.U IPOFW IPOF.WS,IPOF|IPOF.U|IPOF.WS|IPOFW
IPOF.U,IPOFW IPOF.WS IPOF,IPOF.U|IPOFW IPOF.WS IPOF,IPOF|IPOF.U|IPOF.WS|IPOFW
IPOFW,IPOF.U IPOF.WS IPOF,IPOF.U IPOF.WS IPOF|IPOFW,IPOF|IPOF.U|IPOF.WS|IPOFW
IPUB,ZOOG ZOOE,IPUB|ZOOG ZOOE,IPUB|ZOOE|ZOOG
IPV.U,AEVAW IPV AEVA.WS AEVA IPV.WS,AEVAW IPV AEVA.WS AEVA IPV.WS|IPV.U,AEVA|AEVA.WS|AEVAW|IPV|IPV.U|IPV.WS
IPVA.U,GETR IPVA.WS IPVA GETR.WS,GETR IPVA.WS IPVA GETR.WS|IPVA.U,GETR|GETR.WS|IPVA|IPVA.U|IPVA.WS
IPVF,IPVF.WS IPVF.U,IPVF|IPVF.WS IPVF.U,IPVF|IPVF.U|IPVF.WS
IPVF.U,IPVF.WS IPVF,IPVF.U|IPVF.WS IPVF,IPVF|IPVF.U|IPVF.WS
IPVF.WS,IPVF IPVF.U,IPVF IPVF.U|IPVF.WS,IPVF|IPVF.U|IPVF.WS
IPVI,IPVIW IPVIU,IPVI|IPVIW IPVIU,IPVI|IPVIU|IPVIW
IPVIU,IPVIW IPVI,IPVIU|IPVIW IPVI,IPVI|IPVIU|IPVIW
IPVIW,IPVIU IPVI,IPVIU IPVI|IPVIW,IPVI|IPVIU|IPVIW
IPXXU,IPXXW USAR IPXX USARW,IPXXU|IPXXW USAR IPXX USARW,IPXX|IPXXU|IPXXW|USAR|USARW
IQMD,IQMDW IQMDU,IQMD|IQMDW IQMDU,IQMD|IQMDU|IQMDW
IQMDU,IQMDW IQMD,IQMDU|IQMDW IQMD,IQMD|IQMDU|IQMDW
IQMDW,IQMD IQMDU,IQMD IQMDU|IQMDW,IQMD|IQMDU|IQMDW
IQMX,RAAQU RAAQ,IQMX|RAAQU RAAQ,IQMX|RAAQ|RAAQU
IRAA,ATVCU IRAAW ATVC ATVCW IRAAU,ATVCU IRAAW ATVC ATVCW IRAAU|IRAA,ATVC|ATVCU|ATVCW|IRAA|IRAAU|IRAAW
IRAAU,ATVCU IRAA IRAAW ATVC ATVCW,ATVCU IRAA IRAAW ATVC ATVCW|IRAAU,ATVC|ATVCU|ATVCW|IRAA|IRAAU|IRAAW
IRAAW,ATVCU IRAA ATVC ATVCW IRAAU,ATVCU IRAA ATVC ATVCW IRAAU|IRAAW,ATVC|ATVCU|ATVCW|IRAA|IRAAU|IRAAW
IRC,IRC-PB IRC-PA ILDRP,IRC|IRC-PB IRC-PA ILDRP,ILDRP|IRC|IRC-PA|IRC-PB
IRC-PA,IRC IRC-PB ILDRP,IRC IRC-PB ILDRP|IRC-PA,ILDRP|IRC|IRC-PA|IRC-PB
IRC-PB,IRC IRC-PA ILDRP,IRC IRC-PA ILDRP|IRC-PB,ILDRP|IRC|IRC-PA|IRC-PB
IRD,REXN CPRD RNN OCUP RXHN,IRD|REXN CPRD RNN OCUP RXHN,CPRD|IRD|OCUP|REXN|RNN|RXHN
IRDM,GHQ.U IRDMB GHQ,GHQ.U IRDMB GHQ|IRDM,GHQ|GHQ.U|IRDM|IRDMB
IRDMB,IRDM GHQ.U GHQ,IRDM GHQ.U GHQ|IRDMB,GHQ|GHQ.U|IRDM|IRDMB
IRET-P,IRET-PC IRET-PB CSR-PC IRET CSR IRETS,IRET-P|IRET-PC IRET-PB CSR-PC IRET CSR IRETS,CSR|CSR-PC|IRET|IRET-P|IRET-PB|IRET-PC|IRETS
IRET-PB,IRET-PC CSR-PC IRET-P IRET CSR IRETS,IRET-PB|IRET-PC CSR-PC IRET-P IRET CSR IRETS,CSR|CSR-PC|IRET|IRET-P|IRET-PB|IRET-PC|IRETS
IRET-PC,IRET-PB CSR-PC IRET-P IRET CSR IRETS,IRET-PB CSR-PC IRET-P IRET CSR IRETS|IRET-PC,CSR|CSR-PC|IRET|IRET-P|IRET-PB|IRET-PC|IRETS
IRGTQ,IRGT IRG,IRGT IRG|IRGTQ,IRG|IRGT|IRGTQ
IRMC,ICPH PHGN ICRP,ICPH PHGN ICRP|IRMC,ICPH|ICRP|IRMC|PHGN
IRNT.WS,DFNS.WS IRNTQ DFNS DFNS.U IRNT,DFNS.WS IRNTQ DFNS DFNS.U IRNT|IRNT.WS,DFNS|DFNS.U|DFNS.WS|IRNT|IRNT.WS|IRNTQ
IRNTQ,DFNS.WS IRNT.WS DFNS DFNS.U IRNT,DFNS.WS IRNT.WS DFNS DFNS.U IRNT|IRNTQ,DFNS|DFNS.U|DFNS.WS|IRNT|IRNT.WS|IRNTQ
IROHR,IROHU IROH UCFI,IROHR|IROHU IROH UCFI,IROH|IROHR|IROHU|UCFI
IROHU,IROH UCFI IROHR,IROH UCFI IROHR|IROHU,IROH|IROHR|IROHU|UCFI
IRON,GMTX FSDC,GMTX FSDC|IRON,FSDC|GMTX|IRON
IRRX,IRRX.U IRRXW IRRXU IRRX.WS,IRRX|IRRX.U IRRXW IRRXU IRRX.WS,IRRX|IRRX.U|IRRX.WS|IRRXU|IRRXW
IRRXU,IRRX.U IRRXW IRRX IRRX.WS,IRRX.U IRRXW IRRX IRRX.WS|IRRXU,IRRX|IRRX.U|IRRX.WS|IRRXU|IRRXW
IRRXW,IRRX.U IRRX IRRXU IRRX.WS,IRRX.U IRRX IRRXU IRRX.WS|IRRXW,IRRX|IRRX.U|IRRX.WS|IRRXU|IRRXW
RXRAU,RXRA RXRAW,RXRA RXRAW|RXRAU,RXRA|RXRAU|RXRAW
ISCIQ,ISCI IRSN,ISCI IRSN|ISCIQ,IRSN|ISCI|ISCIQ
ISF,ING INZ IDG ISP ISG IND2 IND,ING INZ IDG ISP ISG IND2 IND|ISF,IDG|IND|IND2|ING|INZ|ISF|ISG|ISP
ISHCQ,ISH ISHC,ISH ISHC|ISHCQ,ISH|ISHC|ISHCQ
ISLE,ISLEW ISLEU,ISLE|ISLEW ISLEU,ISLE|ISLEU|ISLEW
ISLEU,ISLE ISLEW,ISLE ISLEW|ISLEU,ISLE|ISLEU|ISLEW
ISLEW,ISLE ISLEU,ISLE ISLEU|ISLEW,ISLE|ISLEU|ISLEW
ISOOQ,ISOOE ISOO ISO,ISOOE ISOO ISO|ISOOQ,ISO|ISOO|ISOOE|ISOOQ
ISOS.U,ISOS LUCK BOWL ISOS.WS BOWL.WS,ISOS LUCK BOWL ISOS.WS BOWL.WS|ISOS.U,BOWL|BOWL.WS|ISOS|ISOS.U|ISOS.WS|LUCK
ISPO,TVAC TVACU TVACU1 TVACW ISPOW,ISPO|TVAC TVACU TVACU1 TVACW ISPOW,ISPO|ISPOW|TVAC|TVACU|TVACU1|TVACW
ISPOW,TVAC TVACU TVACU1 ISPO TVACW,ISPOW|TVAC TVACU TVACU1 ISPO TVACW,ISPO|ISPOW|TVAC|TVACU|TVACU1|TVACW
ISRLF,ISRLU ISRLW ISRL,ISRLF|ISRLU ISRLW ISRL,ISRL|ISRLF|ISRLU|ISRLW
ISRLU,ISRLF ISRLW ISRL,ISRLF ISRLW ISRL|ISRLU,ISRL|ISRLF|ISRLU|ISRLW
ISRLW,ISRLF ISRLU ISRL,ISRLF ISRLU ISRL|ISRLW,ISRL|ISRLF|ISRLU|ISRLW
ISUNQ,ISUN JSYNU PECK JSYN,ISUN JSYNU PECK JSYN|ISUNQ,ISUN|ISUNQ|JSYN|JSYNU|PECK
ITACU,ARBE ITAC,ARBE ITAC|ITACU,ARBE|ITAC|ITACU
ITAH,XEDA RVST,ITAH|XEDA RVST,ITAH|RVST|XEDA
ITAQ,ITAQW ITAQU,ITAQ|ITAQW ITAQU,ITAQ|ITAQU|ITAQW
ITAQU,ITAQW ITAQ,ITAQU|ITAQW ITAQ,ITAQ|ITAQU|ITAQW
ITAQW,ITAQU ITAQ,ITAQU ITAQ|ITAQW,ITAQ|ITAQU|ITAQW
ITCL,BCA ITCB,BCA ITCB|ITCL,BCA|ITCB|ITCL
ITG1,JEF ITG JEFG,ITG1|JEF ITG JEFG,ITG|ITG1|JEF|JEFG
ITHXU,MOND ITHXW ITHX MONDQ MONDW,ITHXU|MOND ITHXW ITHX MONDQ MONDW,ITHX|ITHXU|ITHXW|MOND|MONDQ|MONDW
ITI,ODETB ITRSB ITRSA ODETA,ITI|ODETB ITRSB ITRSA ODETA,ITI|ITRSA|ITRSB|ODETA|ODETB
ITP,OPAI ONP ORPN CARZ,ITP|OPAI ONP ORPN CARZ,CARZ|ITP|ONP|OPAI|ORPN
ITQ,ITQRU ITQRW,ITQ|ITQRU ITQRW,ITQ|ITQRU|ITQRW
ITQRU,ITQ ITQRW,ITQ ITQRW|ITQRU,ITQ|ITQRU|ITQRW
ITQRW,ITQ ITQRU,ITQ ITQRU|ITQRW,ITQ|ITQRU|ITQRW
ITRSB,ODETB ITI ITRSA ODETA,ITRSB|ODETB ITI ITRSA ODETA,ITI|ITRSA|ITRSB|ODETA|ODETB
IUSA1,IUSA ABIIB ABIIA IUSAB IUSAA,IUSA ABIIB ABIIA IUSAB IUSAA|IUSA1,ABIIA|ABIIB|IUSA|IUSA1|IUSAA|IUSAB
IUSAA,IUSA ABIIB ABIIA IUSA1 IUSAB,IUSA ABIIB ABIIA IUSA1 IUSAB|IUSAA,ABIIA|ABIIB|IUSA|IUSA1|IUSAA|IUSAB
IVAN.U,IVAN SES,IVAN SES|IVAN.U,IVAN|IVAN.U|SES
IVCAF,IVCA IVCAW IVCAU,IVCA IVCAW IVCAU|IVCAF,IVCA|IVCAF|IVCAU|IVCAW
IVCAU,IVCAF IVCA IVCAW,IVCAF IVCA IVCAW|IVCAU,IVCA|IVCAF|IVCAU|IVCAW
IVCAW,IVCAF IVCA IVCAU,IVCAF IVCA IVCAU|IVCAW,IVCA|IVCAF|IVCAU|IVCAW
IVCBF,IVCB IVCBW IVCBU,IVCB IVCBW IVCBU|IVCBF,IVCB|IVCBF|IVCBU|IVCBW
IVCBU,IVCB IVCBW IVCBF,IVCB IVCBW IVCBF|IVCBU,IVCB|IVCBF|IVCBU|IVCBW
IVCBW,IVCB IVCBU IVCBF,IVCB IVCBU IVCBF|IVCBW,IVCB|IVCBF|IVCBU|IVCBW
IVF,NAYA INVO IVOB,IVF|NAYA INVO IVOB,INVO|IVF|IVOB|NAYA
IVR,IVR-PC IVR-PA IVR-PB,IVR|IVR-PC IVR-PA IVR-PB,IVR|IVR-PA|IVR-PB|IVR-PC
IVR-PA,IVR-PC IVR IVR-PB,IVR-PA|IVR-PC IVR IVR-PB,IVR|IVR-PA|IVR-PB|IVR-PC
IVR-PB,IVR-PC IVR IVR-PA,IVR-PB|IVR-PC IVR IVR-PA,IVR|IVR-PA|IVR-PB|IVR-PC
IVR-PC,IVR IVR-PA IVR-PB,IVR IVR-PA IVR-PB|IVR-PC,IVR|IVR-PA|IVR-PB|IVR-PC
IXAQF,IXAQ IXAQU IXAQW,IXAQ IXAQU IXAQW|IXAQF,IXAQ|IXAQF|IXAQU|IXAQW
IXAQU,IXAQ IXAQF IXAQW,IXAQ IXAQF IXAQW|IXAQU,IXAQ|IXAQF|IXAQU|IXAQW
IXAQW,IXAQ IXAQU IXAQF,IXAQ IXAQU IXAQF|IXAQW,IXAQ|IXAQF|IXAQU|IXAQW
IXDP,INDI IIGP,INDI IIGP|IXDP,IIGP|INDI|IXDP
JACK,FM JBX,FM JBX|JACK,FM|JACK|JBX
JAQC,JAQCU JAQCW,JAQC|JAQCU JAQCW,JAQC|JAQCU|JAQCW
JAQCU,JAQC JAQCW,JAQC JAQCW|JAQCU,JAQC|JAQCU|JAQCW
JAS,FCA.A FCA.B JAS.A JAS.B,FCA.A FCA.B JAS.A JAS.B|JAS,FCA.A|FCA.B|JAS|JAS.A|JAS.B
JAS.A,FCA.A FCA.B JAS.B JAS,FCA.A FCA.B JAS.B JAS|JAS.A,FCA.A|FCA.B|JAS|JAS.A|JAS.B
JASNQ,QPACU QPAC JASN,JASNQ|QPACU QPAC JASN,JASN|JASNQ|QPAC|QPACU
JATT.U,JATT.WS ZURAW ZURA JATT,JATT.U|JATT.WS ZURAW ZURA JATT,JATT|JATT.U|JATT.WS|ZURA|ZURAW
JAV,ITRD JVPH,ITRD JVPH|JAV,ITRD|JAV|JVPH
JAVA1,JAVA SUNW,JAVA SUNW|JAVA1,JAVA|JAVA1|SUNW
JBI,JIH.WS JIH.U JBI.WS JIH,JBI|JIH.WS JIH.U JBI.WS JIH,JBI|JBI.WS|JIH|JIH.U|JIH.WS
JBI.WS,JIH.WS JBI JIH.U JIH,JBI.WS|JIH.WS JBI JIH.U JIH,JBI|JBI.WS|JIH|JIH.U|JIH.WS
JCAP-PB,JCAP1 JCAP,JCAP-PB|JCAP1 JCAP,JCAP|JCAP-PB|JCAP1
JCAP1,JCAP JCAP-PB,JCAP JCAP-PB|JCAP1,JCAP|JCAP-PB|JCAP1
JCCIY,JCCI JCC,JCCI JCC|JCCIY,JCC|JCCI|JCCIY
JCICU,BAER JCIC,BAER JCIC|JCICU,BAER|JCIC|JCICU
JE-PA,JE JENGQ,JE JENGQ|JE-PA,JE|JE-PA|JENGQ
JENGQ,JE JE-PA,JE JE-PA|JENGQ,JE|JE-PA|JENGQ
JENNQ,JENN JEN,JENN JEN|JENNQ,JEN|JENN|JENNQ
JGGCR,CPTAF JGGCU JGGC CAPT,CPTAF JGGCU JGGC CAPT|JGGCR,CAPT|CPTAF|JGGC|JGGCR|JGGCU
JGGCU,JGGCR CPTAF JGGC CAPT,JGGCR CPTAF JGGC CAPT|JGGCU,CAPT|CPTAF|JGGC|JGGCR|JGGCU
JGWEQ,JGWE JGW,JGWE JGW|JGWEQ,JGW|JGWE|JGWEQ
JHTXQ,JTX JHTX,JHTXQ|JTX JHTX,JHTX|JHTXQ|JTX
JIH.U,JIH.WS JBI JBI.WS JIH,JIH.U|JIH.WS JBI JBI.WS JIH,JBI|JBI.WS|JIH|JIH.U|JIH.WS
JILL1,JILL DMMC,JILL DMMC|JILL1,DMMC|JILL|JILL1
JLIC,EFH JLI,EFH JLI|JLIC,EFH|JLI|JLIC
JMBA,SVIU SVI,JMBA|SVIU SVI,JMBA|SVI|SVIU
JMP,JMPNZ JMPD JMPNL JMPB JMPE JMPC,JMP|JMPNZ JMPD JMPNL JMPB JMPE JMPC,JMP|JMPB|JMPC|JMPD|JMPE|JMPNL|JMPNZ
JOBY,RTP.U RTP,JOBY|RTP.U RTP,JOBY|RTP|RTP.U
JOFF,JOFFW JOFFU,JOFF|JOFFW JOFFU,JOFF|JOFFU|JOFFW
JOFFU,JOFF JOFFW,JOFF JOFFW|JOFFU,JOFF|JOFFU|JOFFW
JOFFW,JOFF JOFFU,JOFF JOFFU|JOFFW,JOFF|JOFFU|JOFFW
JPM,JPM-PB-CL JPM-PC JPM-PF JPM-PM JPM-PD JPM-PJ JPM-PG JPM-PK JPM-PB JPM-PA JPM-PL JPM-PE JPM-PH CMB,JPM|JPM-PB-CL JPM-PC JPM-PF JPM-PM JPM-PD JPM-PJ JPM-PG JPM-PK JPM-PB JPM-PA JPM-PL JPM-PE JPM-PH CMB,CMB|JPM|JPM-PA|JPM-PB|JPM-PB-CL|JPM-PC|JPM-PD|JPM-PE|JPM-PF|JPM-PG|JPM-PH|JPM-PJ|JPM-PK|JPM-PL|JPM-PM
JPM-PA,JPM-PB-CL JPM-PC JPM-PF JPM-PM JPM JPM-PD JPM-PJ JPM-PG JPM-PK JPM-PE JPM-PL JPM-PB JPM-PH CMB,JPM-PA|JPM-PB-CL JPM-PC JPM-PF JPM-PM JPM JPM-PD JPM-PJ JPM-PG JPM-PK JPM-PE JPM-PL JPM-PB JPM-PH CMB,CMB|JPM|JPM-PA|JPM-PB|JPM-PB-CL|JPM-PC|JPM-PD|JPM-PE|JPM-PF|JPM-PG|JPM-PH|JPM-PJ|JPM-PK|JPM-PL|JPM-PM
JPM-PB,JPM-PB-CL JPM-PC JPM-PF JPM-PM JPM JPM-PD JPM-PJ JPM-PG JPM-PK JPM-PA JPM-PL JPM-PE JPM-PH CMB,JPM-PB|JPM-PB-CL JPM-PC JPM-PF JPM-PM JPM JPM-PD JPM-PJ JPM-PG JPM-PK JPM-PA JPM-PL JPM-PE JPM-PH CMB,CMB|JPM|JPM-PA|JPM-PB|JPM-PB-CL|JPM-PC|JPM-PD|JPM-PE|JPM-PF|JPM-PG|JPM-PH|JPM-PJ|JPM-PK|JPM-PL|JPM-PM
JPM-PB-CL,JPM-PC JPM-PF JPM-PM JPM JPM-PD JPM-PJ JPM-PG JPM-PK JPM-PE JPM-PA JPM-PL JPM-PB JPM-PH CMB,JPM-PB-CL|JPM-PC JPM-PF JPM-PM JPM JPM-PD JPM-PJ JPM-PG JPM-PK JPM-PE JPM-PA JPM-PL JPM-PB JPM-PH CMB,CMB|JPM|JPM-PA|JPM-PB|JPM-PB-CL|JPM-PC|JPM-PD|JPM-PE|JPM-PF|JPM-PG|JPM-PH|JPM-PJ|JPM-PK|JPM-PL|JPM-PM
JPM-PC,JPM-PB-CL JPM-PF JPM-PM JPM JPM-PD JPM-PJ JPM-PG JPM-PK JPM-PE JPM-PA JPM-PL JPM-PB JPM-PH CMB,JPM-PB-CL JPM-PF JPM-PM JPM JPM-PD JPM-PJ JPM-PG JPM-PK JPM-PE JPM-PA JPM-PL JPM-PB JPM-PH CMB|JPM-PC,CMB|JPM|JPM-PA|JPM-PB|JPM-PB-CL|JPM-PC|JPM-PD|JPM-PE|JPM-PF|JPM-PG|JPM-PH|JPM-PJ|JPM-PK|JPM-PL|JPM-PM
JPM-PD,JPM-PB-CL JPM-PC JPM-PF JPM-PM JPM JPM-PJ JPM-PG JPM-PK JPM-PB JPM-PA JPM-PL JPM-PE JPM-PH CMB,JPM-PB-CL JPM-PC JPM-PF JPM-PM JPM JPM-PJ JPM-PG JPM-PK JPM-PB JPM-PA JPM-PL JPM-PE JPM-PH CMB|JPM-PD,CMB|JPM|JPM-PA|JPM-PB|JPM-PB-CL|JPM-PC|JPM-PD|JPM-PE|JPM-PF|JPM-PG|JPM-PH|JPM-PJ|JPM-PK|JPM-PL|JPM-PM
JPM-PE,JPM-PB-CL JPM-PC JPM-PF JPM-PM JPM JPM-PD JPM-PJ JPM-PG JPM-PK JPM-PA JPM-PL JPM-PB JPM-PH CMB,JPM-PB-CL JPM-PC JPM-PF JPM-PM JPM JPM-PD JPM-PJ JPM-PG JPM-PK JPM-PA JPM-PL JPM-PB JPM-PH CMB|JPM-PE,CMB|JPM|JPM-PA|JPM-PB|JPM-PB-CL|JPM-PC|JPM-PD|JPM-PE|JPM-PF|JPM-PG|JPM-PH|JPM-PJ|JPM-PK|JPM-PL|JPM-PM
JPM-PF,JPM-PB-CL JPM-PC JPM-PM JPM JPM-PD JPM-PJ JPM-PG JPM-PK JPM-PE JPM-PA JPM-PL JPM-PB JPM-PH CMB,JPM-PB-CL JPM-PC JPM-PM JPM JPM-PD JPM-PJ JPM-PG JPM-PK JPM-PE JPM-PA JPM-PL JPM-PB JPM-PH CMB|JPM-PF,CMB|JPM|JPM-PA|JPM-PB|JPM-PB-CL|JPM-PC|JPM-PD|JPM-PE|JPM-PF|JPM-PG|JPM-PH|JPM-PJ|JPM-PK|JPM-PL|JPM-PM
JPM-PG,JPM-PB-CL JPM-PC JPM-PF JPM-PM JPM JPM-PD JPM-PJ JPM-PK JPM-PE JPM-PA JPM-PL JPM-PB JPM-PH CMB,JPM-PB-CL JPM-PC JPM-PF JPM-PM JPM JPM-PD JPM-PJ JPM-PK JPM-PE JPM-PA JPM-PL JPM-PB JPM-PH CMB|JPM-PG,CMB|JPM|JPM-PA|JPM-PB|JPM-PB-CL|JPM-PC|JPM-PD|JPM-PE|JPM-PF|JPM-PG|JPM-PH|JPM-PJ|JPM-PK|JPM-PL|JPM-PM
JPM-PH,JPM-PB-CL JPM-PC JPM-PF JPM-PM JPM JPM-PD JPM-PJ JPM-PG JPM-PK JPM-PB JPM-PA JPM-PL JPM-PE CMB,JPM-PB-CL JPM-PC JPM-PF JPM-PM JPM JPM-PD JPM-PJ JPM-PG JPM-PK JPM-PB JPM-PA JPM-PL JPM-PE CMB|JPM-PH,CMB|JPM|JPM-PA|JPM-PB|JPM-PB-CL|JPM-PC|JPM-PD|JPM-PE|JPM-PF|JPM-PG|JPM-PH|JPM-PJ|JPM-PK|JPM-PL|JPM-PM
JPM-PJ,JPM-PB-CL JPM-PC JPM-PF JPM-PM JPM JPM-PD JPM-PG JPM-PK JPM-PB JPM-PA JPM-PL JPM-PE JPM-PH CMB,JPM-PB-CL JPM-PC JPM-PF JPM-PM JPM JPM-PD JPM-PG JPM-PK JPM-PB JPM-PA JPM-PL JPM-PE JPM-PH CMB|JPM-PJ,CMB|JPM|JPM-PA|JPM-PB|JPM-PB-CL|JPM-PC|JPM-PD|JPM-PE|JPM-PF|JPM-PG|JPM-PH|JPM-PJ|JPM-PK|JPM-PL|JPM-PM
JPM-PK,JPM-PB-CL JPM-PC JPM-PF JPM-PM JPM JPM-PJ JPM-PD JPM-PG JPM-PE JPM-PA JPM-PL JPM-PB JPM-PH CMB,JPM-PB-CL JPM-PC JPM-PF JPM-PM JPM JPM-PJ JPM-PD JPM-PG JPM-PE JPM-PA JPM-PL JPM-PB JPM-PH CMB|JPM-PK,CMB|JPM|JPM-PA|JPM-PB|JPM-PB-CL|JPM-PC|JPM-PD|JPM-PE|JPM-PF|JPM-PG|JPM-PH|JPM-PJ|JPM-PK|JPM-PL|JPM-PM
JPM-PL,JPM-PB-CL JPM-PC JPM-PF JPM-PM JPM JPM-PD JPM-PJ JPM-PG JPM-PK JPM-PE JPM-PA JPM-PB JPM-PH CMB,JPM-PB-CL JPM-PC JPM-PF JPM-PM JPM JPM-PD JPM-PJ JPM-PG JPM-PK JPM-PE JPM-PA JPM-PB JPM-PH CMB|JPM-PL,CMB|JPM|JPM-PA|JPM-PB|JPM-PB-CL|JPM-PC|JPM-PD|JPM-PE|JPM-PF|JPM-PG|JPM-PH|JPM-PJ|JPM-PK|JPM-PL|JPM-PM
JPM-PM,JPM-PB-CL JPM-PC JPM-PF JPM JPM-PD JPM-PJ JPM-PG JPM-PK JPM-PE JPM-PA JPM-PL JPM-PB JPM-PH CMB,JPM-PB-CL JPM-PC JPM-PF JPM JPM-PD JPM-PJ JPM-PG JPM-PK JPM-PE JPM-PA JPM-PL JPM-PB JPM-PH CMB|JPM-PM,CMB|JPM|JPM-PA|JPM-PB|JPM-PB-CL|JPM-PC|JPM-PD|JPM-PE|JPM-PF|JPM-PG|JPM-PH|JPM-PJ|JPM-PK|JPM-PL|JPM-PM
JRCOQ,JRC JRCO,JRC JRCO|JRCOQ,JRC|JRCO|JRCOQ
JRJRQ,JRJR CVSL,JRJR CVSL|JRJRQ,CVSL|JRJR|JRJRQ
JSIBQ,WON JSI,JSIBQ|WON JSI,JSI|JSIBQ|WON
JSPR,AMHCU AMHC,AMHCU AMHC|JSPR,AMHC|AMHCU|JSPR
JTAI,JTAIW OXACU JTAIZ OXAC OXACW,JTAI|JTAIW OXACU JTAIZ OXAC OXACW,JTAI|JTAIW|JTAIZ|OXAC|OXACU|OXACW
JTAIW,OXACU JTAI JTAIZ OXAC OXACW,JTAIW|OXACU JTAI JTAIZ OXAC OXACW,JTAI|JTAIW|JTAIZ|OXAC|OXACU|OXACW
JTAIZ,JTAIW OXACU JTAI OXAC OXACW,JTAIW OXACU JTAI OXAC OXACW|JTAIZ,JTAI|JTAIW|JTAIZ|OXAC|OXACU|OXACW
JTKWY,GRUB TKAYY,GRUB TKAYY|JTKWY,GRUB|JTKWY|TKAYY
JTPY,UBPS UBPSU,JTPY|UBPS UBPSU,JTPY|UBPS|UBPSU
JUGG,JUGGW JUGGU,JUGG|JUGGW JUGGU,JUGG|JUGGU|JUGGW
JUGGU,JUGG JUGGW,JUGG JUGGW|JUGGU,JUGG|JUGGU|JUGGW
JUGGW,JUGG JUGGU,JUGG JUGGU|JUGGW,JUGG|JUGGU|JUGGW
JUN,JUN.U JUN.WS,JUN|JUN.U JUN.WS,JUN|JUN.U|JUN.WS
JUN.U,JUN JUN.WS,JUN JUN.WS|JUN.U,JUN|JUN.U|JUN.WS
JVSAR,HBNB JVSAU JVSA,HBNB JVSAU JVSA|JVSAR,HBNB|JVSA|JVSAR|JVSAU
JVSAU,HBNB JVSAR JVSA,HBNB JVSAR JVSA|JVSAU,HBNB|JVSA|JVSAR|JVSAU
JWACR,JWACU CJET DCX JWAC,JWACR|JWACU CJET DCX JWAC,CJET|DCX|JWAC|JWACR|JWACU
JWLR,JWL WHJI MBJI,JWL WHJI MBJI|JWLR,JWL|JWLR|MBJI|WHJI
JWS.U,CANOQ CANO.WS CANO JWS JWS.WS,CANOQ CANO.WS CANO JWS JWS.WS|JWS.U,CANO|CANO.WS|CANOQ|JWS|JWS.U|JWS.WS
JWSM,JWSM.WS JWSM.U,JWSM|JWSM.WS JWSM.U,JWSM|JWSM.U|JWSM.WS
JWSM.U,JWSM.WS JWSM,JWSM.U|JWSM.WS JWSM,JWSM|JWSM.U|JWSM.WS
JWSM.WS,JWSM JWSM.U,JWSM JWSM.U|JWSM.WS,JWSM|JWSM.U|JWSM.WS
JXG,KBSF AQU AQUUU JXJT LLL,JXG|KBSF AQU AQUUU JXJT LLL,AQU|AQUUU|JXG|JXJT|KBSF|LLL
JXN,JXN-PA JXNFL,JXN|JXN-PA JXNFL,JXN|JXN-PA|JXNFL
JXN-PA,JXN JXNFL,JXN JXNFL|JXN-PA,JXN|JXN-PA|JXNFL
KACL,KACLW KACLR KACLU,KACL|KACLW KACLR KACLU,KACL|KACLR|KACLU|KACLW
KACLR,KACLW KACL KACLU,KACLR|KACLW KACL KACLU,KACL|KACLR|KACLU|KACLW
KACLU,KACL KACLW KACLR,KACL KACLW KACLR|KACLU,KACL|KACLR|KACLU|KACLW
KACLW,KACL KACLR KACLU,KACL KACLR KACLU|KACLW,KACL|KACLR|KACLU|KACLW
KADR,ACDI KAD CCLH,ACDI KAD CCLH|KADR,ACDI|CCLH|KAD|KADR
KAHC,KAHC.WS KAHCW KAHC.U,KAHC|KAHC.WS KAHCW KAHC.U,KAHC|KAHC.U|KAHC.WS|KAHCW
KAHC.U,KAHC.WS KAHC KAHCW,KAHC.U|KAHC.WS KAHC KAHCW,KAHC|KAHC.U|KAHC.WS|KAHCW
KAHCW,KAHC.WS KAHC KAHC.U,KAHC.WS KAHC KAHC.U|KAHCW,KAHC|KAHC.U|KAHC.WS|KAHCW
KAIR,KAIRW KAIRU,KAIR|KAIRW KAIRU,KAIR|KAIRU|KAIRW
KAIRU,KAIR KAIRW,KAIR KAIRW|KAIRU,KAIR|KAIRU|KAIRW
KAIRW,KAIR KAIRU,KAIR KAIRU|KAIRW,KAIR|KAIRU|KAIRW
RXRAW,RXRA RXRAU,RXRA RXRAU|RXRAW,RXRA|RXRAU|RXRAW
KALRQ,KAL RICO KALWW RICOU RICOW KALWQ,KAL RICO KALWW RICOU RICOW KALWQ|KALRQ,KAL|KALRQ|KALWQ|KALWW|RICO|RICOU|RICOW
KALWQ,KAL RICO KALWW RICOU KALRQ RICOW,KAL RICO KALWW RICOU KALRQ RICOW|KALWQ,KAL|KALRQ|KALWQ|KALWW|RICO|RICOU|RICOW
KANT,YMTX KA PTI,KANT|YMTX KA PTI,KA|KANT|PTI|YMTX
KATE,FNP LIZ,FNP LIZ|KATE,FNP|KATE|LIZ
KATYQ,KATY KT,KATY KT|KATYQ,KATY|KATYQ|KT
KBSX,LATGW LATGU,KBSX|LATGW LATGU,KBSX|LATGU|LATGW
KCA.U1,AMPX KCAC.U KCA.U KCAC.WSA,AMPX KCAC.U KCA.U KCAC.WSA|KCA.U1,AMPX|KCA.U|KCA.U1|KCAC.U|KCAC.WSA
KCAC.U1,KCAC WBX KCAC.WS KCAC.U WBX.WS,KCAC WBX KCAC.WS KCAC.U WBX.WS|KCAC.U1,KCAC|KCAC.U|KCAC.U1|KCAC.WS|WBX|WBX.WS
KCAC.WSA,AMPX KCAC.U KCA.U KCA.U1,AMPX KCAC.U KCA.U KCA.U1|KCAC.WSA,AMPX|KCA.U|KCA.U1|KCAC.U|KCAC.WSA
KCG1,NITE KCG,KCG1|NITE KCG,KCG|KCG1|NITE
KCGI,KCGI.U KCGI.WS,KCGI|KCGI.U KCGI.WS,KCGI|KCGI.U|KCGI.WS
KCGI.U,KCGI.WS KCGI,KCGI.U|KCGI.WS KCGI,KCGI|KCGI.U|KCGI.WS
KCGI.WS,KCGI.U KCGI,KCGI.U KCGI|KCGI.WS,KCGI|KCGI.U|KCGI.WS
KDK,AACT.U AACT,AACT.U AACT|KDK,AACT|AACT.U|KDK
KEEL,BITF BFARF,BITF BFARF|KEEL,BFARF|BITF|KEEL
KEGX,KEG KEGS KEGXQ,KEG KEGS KEGXQ|KEGX,KEG|KEGS|KEGX|KEGXQ
KEM1,KEME KEM,KEM1|KEME KEM,KEM|KEM1|KEME
KERNW,GRYP ABTC KERN,GRYP ABTC KERN|KERNW,ABTC|GRYP|KERN|KERNW
KEY,KEY-PL KEY-PK KEY-PI KEYHL KEY-PH KEY-PG KEY-PJ,KEY|KEY-PL KEY-PK KEY-PI KEYHL KEY-PH KEY-PG KEY-PJ,KEY|KEY-PG|KEY-PH|KEY-PI|KEY-PJ|KEY-PK|KEY-PL|KEYHL
KEY-PG,KEY-PL KEY-PK KEY KEY-PI KEYHL KEY-PH KEY-PJ,KEY-PG|KEY-PL KEY-PK KEY KEY-PI KEYHL KEY-PH KEY-PJ,KEY|KEY-PG|KEY-PH|KEY-PI|KEY-PJ|KEY-PK|KEY-PL|KEYHL
KEY-PH,KEY-PL KEY-PK KEY KEY-PI KEYHL KEY-PG KEY-PJ,KEY-PH|KEY-PL KEY-PK KEY KEY-PI KEYHL KEY-PG KEY-PJ,KEY|KEY-PG|KEY-PH|KEY-PI|KEY-PJ|KEY-PK|KEY-PL|KEYHL
KEY-PI,KEY-PL KEY-PK KEY KEYHL KEY-PH KEY-PG KEY-PJ,KEY-PI|KEY-PL KEY-PK KEY KEYHL KEY-PH KEY-PG KEY-PJ,KEY|KEY-PG|KEY-PH|KEY-PI|KEY-PJ|KEY-PK|KEY-PL|KEYHL
KEY-PJ,KEY-PL KEY-PK KEY KEY-PI KEYHL KEY-PH KEY-PG,KEY-PJ|KEY-PL KEY-PK KEY KEY-PI KEYHL KEY-PH KEY-PG,KEY|KEY-PG|KEY-PH|KEY-PI|KEY-PJ|KEY-PK|KEY-PL|KEYHL
KEY-PK,KEY-PL KEY KEY-PI KEYHL KEY-PH KEY-PG KEY-PJ,KEY-PK|KEY-PL KEY KEY-PI KEYHL KEY-PH KEY-PG KEY-PJ,KEY|KEY-PG|KEY-PH|KEY-PI|KEY-PJ|KEY-PK|KEY-PL|KEYHL
KEY-PL,KEY-PK KEY KEY-PI KEYHL KEY-PH KEY-PG KEY-PJ,KEY-PK KEY KEY-PI KEYHL KEY-PH KEY-PG KEY-PJ|KEY-PL,KEY|KEY-PG|KEY-PH|KEY-PI|KEY-PJ|KEY-PK|KEY-PL|KEYHL
KEYP,SVPE KYNP,KEYP|SVPE KYNP,KEYP|KYNP|SVPE
KFN,KFN-P KFH KFI,KFN|KFN-P KFH KFI,KFH|KFI|KFN|KFN-P
KFN-P,KFH KFI KFN,KFH KFI KFN|KFN-P,KFH|KFI|KFN|KFN-P
KHKH,KHK KTHK,KHK KTHK|KHKH,KHK|KHKH|KTHK
KIDBQ,KID RUS KIDB,KID RUS KIDB|KIDBQ,KID|KIDB|KIDBQ|RUS
KIDEQ,KDE KIDE,KDE KIDE|KIDEQ,KDE|KIDE|KIDEQ
KIDSQ,KIDS POSH BUN,KIDS POSH BUN|KIDSQ,BUN|KIDS|KIDSQ|POSH
KIDZ,BFAC BFACF BFAC.U,BFAC BFACF BFAC.U|KIDZ,BFAC|BFAC.U|BFACF|KIDZ
KIII,KIIIW KIIIU,KIII|KIIIW KIIIU,KIII|KIIIU|KIIIW
KIIIU,KIII KIIIW,KIII KIIIW|KIIIU,KIII|KIIIU|KIIIW
KIIIW,KIII KIIIU,KIII KIIIU|KIIIW,KIII|KIIIU|KIIIW
KIM,KIM-PI KIM-PK KIM-PM KIM-PN KIM-PL KIM-PH KIM-PJ,KIM|KIM-PI KIM-PK KIM-PM KIM-PN KIM-PL KIM-PH KIM-PJ,KIM|KIM-PH|KIM-PI|KIM-PJ|KIM-PK|KIM-PL|KIM-PM|KIM-PN
KIM-PH,KIM KIM-PI KIM-PK KIM-PM KIM-PN KIM-PL KIM-PJ,KIM KIM-PI KIM-PK KIM-PM KIM-PN KIM-PL KIM-PJ|KIM-PH,KIM|KIM-PH|KIM-PI|KIM-PJ|KIM-PK|KIM-PL|KIM-PM|KIM-PN
KIM-PI,KIM KIM-PK KIM-PN KIM-PM KIM-PL KIM-PH KIM-PJ,KIM KIM-PK KIM-PN KIM-PM KIM-PL KIM-PH KIM-PJ|KIM-PI,KIM|KIM-PH|KIM-PI|KIM-PJ|KIM-PK|KIM-PL|KIM-PM|KIM-PN
KIM-PJ,KIM KIM-PI KIM-PK KIM-PN KIM-PM KIM-PL KIM-PH,KIM KIM-PI KIM-PK KIM-PN KIM-PM KIM-PL KIM-PH|KIM-PJ,KIM|KIM-PH|KIM-PI|KIM-PJ|KIM-PK|KIM-PL|KIM-PM|KIM-PN
KIM-PK,KIM KIM-PI KIM-PM KIM-PN KIM-PL KIM-PH KIM-PJ,KIM KIM-PI KIM-PM KIM-PN KIM-PL KIM-PH KIM-PJ|KIM-PK,KIM|KIM-PH|KIM-PI|KIM-PJ|KIM-PK|KIM-PL|KIM-PM|KIM-PN
KIM-PL,KIM KIM-PI KIM-PK KIM-PN KIM-PM KIM-PH KIM-PJ,KIM KIM-PI KIM-PK KIM-PN KIM-PM KIM-PH KIM-PJ|KIM-PL,KIM|KIM-PH|KIM-PI|KIM-PJ|KIM-PK|KIM-PL|KIM-PM|KIM-PN
KIM-PM,KIM KIM-PI KIM-PK KIM-PN KIM-PL KIM-PH KIM-PJ,KIM KIM-PI KIM-PK KIM-PN KIM-PL KIM-PH KIM-PJ|KIM-PM,KIM|KIM-PH|KIM-PI|KIM-PJ|KIM-PK|KIM-PL|KIM-PM|KIM-PN
KIM-PN,KIM KIM-PI KIM-PK KIM-PM KIM-PL KIM-PH KIM-PJ,KIM KIM-PI KIM-PK KIM-PM KIM-PL KIM-PH KIM-PJ|KIM-PN,KIM|KIM-PH|KIM-PI|KIM-PJ|KIM-PK|KIM-PL|KIM-PM|KIM-PN
KLAQU,KLAQ KLAQW,KLAQ KLAQW|KLAQU,KLAQ|KLAQU|KLAQW
KINS,DCAP EXTH,DCAP EXTH|KINS,DCAP|EXTH|KINS
KINZU,KINZ CXAI,KINZ CXAI|KINZU,CXAI|KINZ|KINZU
KIQSF,KEOSF KIQ,KEOSF KIQ|KIQSF,KEOSF|KIQ|KIQSF
KITDQ,KDGL RGRP KITD ROOG,KDGL RGRP KITD ROOG|KITDQ,KDGL|KITD|KITDQ|RGRP|ROOG
KITT,CLAQR CLAQU CLAQ,CLAQR CLAQU CLAQ|KITT,CLAQ|CLAQR|CLAQU|KITT
KKR,KKRT KKR-PD KKR-PB KKR-PC KKR-PA,KKR|KKRT KKR-PD KKR-PB KKR-PC KKR-PA,KKR|KKR-PA|KKR-PB|KKR-PC|KKR-PD|KKRT
KKR-PA,KKRT KKR-PD KKR-PB KKR-PC KKR,KKR-PA|KKRT KKR-PD KKR-PB KKR-PC KKR,KKR|KKR-PA|KKR-PB|KKR-PC|KKR-PD|KKRT
KKR-PB,KKRT KKR-PD KKR-PC KKR-PA KKR,KKR-PB|KKRT KKR-PD KKR-PC KKR-PA KKR,KKR|KKR-PA|KKR-PB|KKR-PC|KKR-PD|KKRT
KKR-PC,KKRT KKR-PD KKR-PB KKR-PA KKR,KKR-PC|KKRT KKR-PD KKR-PB KKR-PA KKR,KKR|KKR-PA|KKR-PB|KKR-PC|KKR-PD|KKRT
KKR-PD,KKRT KKR-PB KKR-PC KKR-PA KKR,KKR-PD|KKRT KKR-PB KKR-PC KKR-PA KKR,KKR|KKR-PA|KKR-PB|KKR-PC|KKR-PD|KKRT
KL,NMKTF KGILF KLGDF,KL|NMKTF KGILF KLGDF,KGILF|KL|KLGDF|NMKTF
KLAQ,KLAQW KLAQU,KLAQ|KLAQW KLAQU,KLAQ|KLAQU|KLAQW
KLDI,PVT.U PVT,KLDI|PVT.U PVT,KLDI|PVT|PVT.U
KLR,GIG.U GIG.WS GIG KLR.WS,GIG.U GIG.WS GIG KLR.WS|KLR,GIG|GIG.U|GIG.WS|KLR|KLR.WS
KLR.WS,GIG.U GIG.WS GIG KLR,GIG.U GIG.WS GIG KLR|KLR.WS,GIG|GIG.U|GIG.WS|KLR|KLR.WS
KMI,KMGNP KMI-PA,KMGNP KMI-PA|KMI,KMGNP|KMI|KMI-PA
KMI-PA,KMGNP KMI,KMGNP KMI|KMI-PA,KMGNP|KMI|KMI-PA
KMMN,KVNM KVN,KMMN|KVNM KVN,KMMN|KVN|KVNM
KMPR,KMPA KMPB UTR UNIT,KMPA KMPB UTR UNIT|KMPR,KMPA|KMPB|KMPR|UNIT|UTR
SBII.U,SBIIW SBII SBII.WS,SBII.U|SBIIW SBII SBII.WS,SBII|SBII.U|SBII.WS|SBIIW
KNSW,KNSW.WS KNSW.U,KNSW|KNSW.WS KNSW.U,KNSW|KNSW.U|KNSW.WS
KNSW.U,KNSW.WS KNSW,KNSW.U|KNSW.WS KNSW,KNSW|KNSW.U|KNSW.WS
KNSW.WS,KNSW.U KNSW,KNSW.U KNSW|KNSW.WS,KNSW|KNSW.U|KNSW.WS
KNTK,KAACU ALTM KAAC,KAACU ALTM KAAC|KNTK,ALTM|KAAC|KAACU|KNTK
KNX1,KNGT KNX,KNGT KNX|KNX1,KNGT|KNX|KNX1
KOAN,FSTW TXHD,FSTW TXHD|KOAN,FSTW|KOAN|TXHD
KORE,CTAC.WS CTAC CTAC.U KORE.WS KORGW,CTAC.WS CTAC CTAC.U KORE.WS KORGW|KORE,CTAC|CTAC.U|CTAC.WS|KORE|KORE.WS|KORGW
KORGW,KORE CTAC.WS CTAC CTAC.U KORE.WS,KORE CTAC.WS CTAC CTAC.U KORE.WS|KORGW,CTAC|CTAC.U|CTAC.WS|KORE|KORE.WS|KORGW
KPLT,FSRV FSRVU,FSRV FSRVU|KPLT,FSRV|FSRVU|KPLT
KRC,KRC-PH KRC-PG,KRC|KRC-PH KRC-PG,KRC|KRC-PG|KRC-PH
KRC-PG,KRC KRC-PH,KRC KRC-PH|KRC-PG,KRC|KRC-PG|KRC-PH
KRC-PH,KRC KRC-PG,KRC KRC-PG|KRC-PH,KRC|KRC-PG|KRC-PH
KRNL,KRNLU KRNLW,KRNL|KRNLU KRNLW,KRNL|KRNLU|KRNLW
KRNLU,KRNL KRNLW,KRNL KRNLW|KRNLU,KRNL|KRNLU|KRNLW
KRNLW,KRNLU KRNL,KRNLU KRNL|KRNLW,KRNL|KRNLU|KRNLW
KS,SCDE KPPC SCDEU,KS|SCDE KPPC SCDEU,KPPC|KS|SCDE|SCDEU
KSE1,BU KSE,BU KSE|KSE1,BU|KSE|KSE1
KSI,KSICW KSICU,KSI|KSICW KSICU,KSI|KSICU|KSICW
KSICU,KSICW KSI,KSICU|KSICW KSI,KSI|KSICU|KSICW
KSICW,KSI KSICU,KSI KSICU|KSICW,KSI|KSICU|KSICW
KSMTU,GDEV KSMT,GDEV KSMT|KSMTU,GDEV|KSMT|KSMTU
KUHM,KHLM KUL,KHLM KUL|KUHM,KHLM|KUHM|KUL
KURIU,KURIW BBLN BBLN.WS ARKIU KURI BBLNF,KURIU|KURIW BBLN BBLN.WS ARKIU KURI BBLNF,ARKIU|BBLN|BBLN.WS|BBLNF|KURI|KURIU|KURIW
KVPBQ,KV.A KVPHQ KV.B,KV.A KVPHQ KV.B|KVPBQ,KV.A|KV.B|KVPBQ|KVPHQ
KVPHQ,KV.A KVPBQ KV.B,KV.A KVPBQ KV.B|KVPHQ,KV.A|KV.B|KVPBQ|KVPHQ
KW,PAX.U KWIC PAX KWN,KW|PAX.U KWIC PAX KWN,KW|KWIC|KWN|PAX|PAX.U
KWAC,KWAC.WS KWAC.U,KWAC|KWAC.WS KWAC.U,KWAC|KWAC.U|KWAC.WS
KWAC.U,KWAC.WS KWAC,KWAC.U|KWAC.WS KWAC,KWAC|KWAC.U|KWAC.WS
KWAC.WS,KWAC KWAC.U,KWAC KWAC.U|KWAC.WS,KWAC|KWAC.U|KWAC.WS
KWKAQ,KWKA KWK,KWKA KWK|KWKAQ,KWK|KWKA|KWKAQ
KWM,GLST GLSTR GLSTU,GLST GLSTR GLSTU|KWM,GLST|GLSTR|GLSTU|KWM
KXIN,CMSSU CMSS,CMSSU CMSS|KXIN,CMSS|CMSSU|KXIN
KYCHR,KYCH ZOOZ KYCHU,KYCH ZOOZ KYCHU|KYCHR,KYCH|KYCHR|KYCHU|ZOOZ
KYCHU,KYCHR KYCH ZOOZ,KYCHR KYCH ZOOZ|KYCHU,KYCH|KYCHR|KYCHU|ZOOZ
KYIV,CCIR CCIRU,CCIR CCIRU|KYIV,CCIR|CCIRU|KYIV
L1,L LMC.A LMC.B,L LMC.A LMC.B|L1,L|L1|LMC.A|LMC.B
LAAAU,OSPWQ OSA OSAP LAAAW OSAAW OSAPW OSAPQ LAAA,LAAAU|OSPWQ OSA OSAP LAAAW OSAAW OSAPW OSAPQ LAAA,LAAA|LAAAU|LAAAW|OSA|OSAAW|OSAP|OSAPQ|OSAPW|OSPWQ
LABS1,LABH LABS,LABH LABS|LABS1,LABH|LABS|LABS1
LABT1,SIMC LABT,LABT1|SIMC LABT,LABT|LABT1|SIMC
LACQU,ENSC ENSCW LACQW LACQ,ENSC ENSCW LACQW LACQ|LACQU,ENSC|ENSCW|LACQ|LACQU|LACQW
LAND,LANDP1 LANDO LANDP LANDM,LAND|LANDP1 LANDO LANDP LANDM,LAND|LANDM|LANDO|LANDP|LANDP1
LANDM,LANDP1 LAND LANDO LANDP,LANDM|LANDP1 LAND LANDO LANDP,LAND|LANDM|LANDO|LANDP|LANDP1
LANDO,LANDP1 LAND LANDP LANDM,LANDO|LANDP1 LAND LANDP LANDM,LAND|LANDM|LANDO|LANDP|LANDP1
LANDP,LANDP1 LAND LANDO LANDM,LANDP|LANDP1 LAND LANDO LANDM,LAND|LANDM|LANDO|LANDP|LANDP1
LANDP1,LAND LANDO LANDP LANDM,LAND LANDO LANDP LANDM|LANDP1,LAND|LANDM|LANDO|LANDP|LANDP1
LANV,PV PV.U,LANV|PV PV.U,LANV|PV|PV.U
LAR,LAAC LAC LACDF,LAAC LAC LACDF|LAR,LAAC|LAC|LACDF|LAR
LATGU,KBSX LATGW,KBSX LATGW|LATGU,KBSX|LATGU|LATGW
LATGW,KBSX LATGU,KBSX LATGU|LATGW,KBSX|LATGU|LATGW
LATNU,PROC LATN PROCW LATNW PROCF,LATNU|PROC LATN PROCW LATNW PROCF,LATN|LATNU|LATNW|PROC|PROCF|PROCW
LAUR1,LAUR SLVN,LAUR SLVN|LAUR1,LAUR|LAUR1|SLVN
LAWEQ,AID LENF LAWE,AID LENF LAWE|LAWEQ,AID|LAWE|LAWEQ|LENF
LAXXR,EUDA LAX LAXXU,EUDA LAX LAXXU|LAXXR,EUDA|LAX|LAXXR|LAXXU
LAXXU,LAXXR EUDA LAX,LAXXR EUDA LAX|LAXXU,EUDA|LAX|LAXXR|LAXXU
LAZRQ,GMHIU GMHIW LAZRW LAZR GMHI,GMHIU GMHIW LAZRW LAZR GMHI|LAZRQ,GMHI|GMHIU|GMHIW|LAZR|LAZRQ|LAZRW
LAZRW,GMHIU LAZRQ GMHIW LAZR GMHI,GMHIU LAZRQ GMHIW LAZR GMHI|LAZRW,GMHI|GMHIU|GMHIW|LAZR|LAZRQ|LAZRW
LBBBR,LBBBU NMHIW LBBBW NMHI LBBB,LBBBR|LBBBU NMHIW LBBBW NMHI LBBB,LBBB|LBBBR|LBBBU|LBBBW|NMHI|NMHIW
LBBBU,LBBBR NMHIW LBBBW NMHI LBBB,LBBBR NMHIW LBBBW NMHI LBBB|LBBBU,LBBB|LBBBR|LBBBU|LBBBW|NMHI|NMHIW
LBCC,OLIC LTEA,LBCC|OLIC LTEA,LBCC|LTEA|OLIC
LBPS,LOACR LOACW LBPSW LOAC LOACU,LBPS|LOACR LOACW LBPSW LOAC LOACU,LBPS|LBPSW|LOAC|LOACR|LOACU|LOACW
LBPSW,LOACR LOACW LOAC LOACU LBPS,LBPSW|LOACR LOACW LOAC LOACU LBPS,LBPS|LBPSW|LOAC|LOACR|LOACU|LOACW
LBRDA,LBRDP LBRDK,LBRDA|LBRDP LBRDK,LBRDA|LBRDK|LBRDP
LBRDK,LBRDP LBRDA,LBRDK|LBRDP LBRDA,LBRDA|LBRDK|LBRDP
LBRDP,LBRDA LBRDK,LBRDA LBRDK|LBRDP,LBRDA|LBRDK|LBRDP
LBTE,LBRT LBRTQ,LBRT LBRTQ|LBTE,LBRT|LBRTQ|LBTE
LBTYA,LBTYB LBTYK,LBTYA|LBTYB LBTYK,LBTYA|LBTYB|LBTYK
LBTYB,LBTYK LBTYA,LBTYB|LBTYK LBTYA,LBTYA|LBTYB|LBTYK
LBTYK,LBTYB LBTYA,LBTYB LBTYA|LBTYK,LBTYA|LBTYB|LBTYK
LBYYQ,LBY LYBI,LBY LYBI|LBYYQ,LBY|LBYYQ|LYBI
LCA,LCAHW LCAHU,LCA|LCAHW LCAHU,LCA|LCAHU|LCAHW
LCAAU,LOT LCAA,LCAAU|LOT LCAA,LCAA|LCAAU|LOT
LCAHU,LCAHW LCA,LCAHU|LCAHW LCA,LCA|LCAHU|LCAHW
LCAHW,LCA LCAHU,LCA LCAHU|LCAHW,LCA|LCAHU|LCAHW
LCAPU,LCAP MSPR LIFWZ MSPRW LIFWW MSPRZ MSPRV LIFE LCAPW,LCAP MSPR LIFWZ MSPRW LIFWW MSPRZ MSPRV LIFE LCAPW|LCAPU,LCAP|LCAPU|LCAPW|LIFE|LIFWW|LIFWZ|MSPR|MSPRV|MSPRW|MSPRZ
LCID,CCIV.WS CCIV CCIV.U LCIDW,CCIV.WS CCIV CCIV.U LCIDW|LCID,CCIV|CCIV.U|CCIV.WS|LCID|LCIDW
LCIDW,LCID CCIV.WS CCIV CCIV.U,LCID CCIV.WS CCIV CCIV.U|LCIDW,CCIV|CCIV.U|CCIV.WS|LCID|LCIDW
LCINQ,LCIN LCI,LCIN LCI|LCINQ,LCI|LCIN|LCINQ
LCTX,BTIM BTX,BTIM BTX|LCTX,BTIM|BTX|LCTX
LCW.U,LCW LCW.WS INV,LCW LCW.WS INV|LCW.U,INV|LCW|LCW.U|LCW.WS
LCW.WS,LCW.U LCW INV,LCW.U LCW INV|LCW.WS,INV|LCW|LCW.U|LCW.WS
LCYAU,LCY HLMNW HLMN LCYAW,LCY HLMNW HLMN LCYAW|LCYAU,HLMN|HLMNW|LCY|LCYAU|LCYAW
LDHA,LDHAW LDHAU,LDHA|LDHAW LDHAU,LDHA|LDHAU|LDHAW
LDHAU,LDHA LDHAW,LDHA LDHAW|LDHAU,LDHA|LDHAU|LDHAW
LDHAW,LDHA LDHAU,LDHA LDHAU|LDHAW,LDHA|LDHAU|LDHAW
LDKYQ,LDKSY LDK,LDKSY LDK|LDKYQ,LDK|LDKSY|LDKYQ
SBIIW,SBII.U SBII SBII.WS,SBII.U SBII SBII.WS|SBIIW,SBII|SBII.U|SBII.WS|SBIIW
LDTCF,PRSRU LDTC PRSR LDTCW PRSRW,LDTCF|PRSRU LDTC PRSR LDTCW PRSRW,LDTC|LDTCF|LDTCW|PRSR|PRSRU|PRSRW
LDTCW,LDTCF PRSRU LDTC PRSR PRSRW,LDTCF PRSRU LDTC PRSR PRSRW|LDTCW,LDTC|LDTCF|LDTCW|PRSR|PRSRU|PRSRW
LEAF,DMD LFGR,DMD LFGR|LEAF,DMD|LEAF|LFGR
LEAP,LEAP.WS LEAP.U,LEAP|LEAP.WS LEAP.U,LEAP|LEAP.U|LEAP.WS
LEAP.U,LEAP LEAP.WS,LEAP LEAP.WS|LEAP.U,LEAP|LEAP.U|LEAP.WS
LEAP.WS,LEAP LEAP.U,LEAP LEAP.U|LEAP.WS,LEAP|LEAP.U|LEAP.WS
LEARQ,LEA LEAR,LEA LEAR|LEARQ,LEA|LEAR|LEARQ
LEGA,LEGAU LEGAW,LEGA|LEGAU LEGAW,LEGA|LEGAU|LEGAW
LEGAU,LEGA LEGAW,LEGA LEGAW|LEGAU,LEGA|LEGAU|LEGAW
LEGAW,LEGAU LEGA,LEGAU LEGA|LEGAW,LEGA|LEGAU|LEGAW
LEGOU,LEGO ASTL,LEGO ASTL|LEGOU,ASTL|LEGO|LEGOU
LEGT.U,LEGT ENRD,LEGT ENRD|LEGT.U,ENRD|LEGT|LEGT.U
LENXQ,DFS LNX LENX,DFS LNX LENX|LENXQ,DFS|LENX|LENXQ|LNX
LEV.WS,LEVGQ LEV NGA NGA.WS NGA.U LEV.WSA,LEV.WS|LEVGQ LEV NGA NGA.WS NGA.U LEV.WSA,LEV|LEV.WS|LEV.WSA|LEVGQ|NGA|NGA.U|NGA.WS
LEV.WSA,LEVGQ LEV LEV.WS NGA NGA.WS NGA.U,LEV.WSA|LEVGQ LEV LEV.WS NGA NGA.WS NGA.U,LEV|LEV.WS|LEV.WSA|LEVGQ|NGA|NGA.U|NGA.WS
LEVGQ,LEV LEV.WS NGA NGA.WS NGA.U LEV.WSA,LEV LEV.WS NGA NGA.WS NGA.U LEV.WSA|LEVGQ,LEV|LEV.WS|LEV.WSA|LEVGQ|NGA|NGA.U|NGA.WS
LEXX,LXRP LEXXW,LEXX|LXRP LEXXW,LEXX|LEXXW|LXRP
LEXXW,LXRP LEXX,LEXXW|LXRP LEXX,LEXX|LEXXW|LXRP
LFAC1,LFACW LFAC LFACW1 LFACU LFACU1,LFAC1|LFACW LFAC LFACW1 LFACU LFACU1,LFAC|LFAC1|LFACU|LFACU1|LFACW|LFACW1
LFACU1,LFACW LFAC LFACW1 LFACU LFAC1,LFACU1|LFACW LFAC LFACW1 LFACU LFAC1,LFAC|LFAC1|LFACU|LFACU1|LFACW|LFACW1
LFACW1,LFACW LFAC LFACU LFACU1 LFAC1,LFACW LFAC LFACU LFACU1 LFAC1|LFACW1,LFAC|LFAC1|LFACU|LFACU1|LFACW|LFACW1
LFG,LFG.WS RICE RICE.WS RICE.U,LFG|LFG.WS RICE RICE.WS RICE.U,LFG|LFG.WS|RICE|RICE.U|RICE.WS
LFG.WS,LFG RICE RICE.WS RICE.U,LFG RICE RICE.WS RICE.U|LFG.WS,LFG|LFG.WS|RICE|RICE.U|RICE.WS
LFLY,LFLYW MCMJU MCMJ MCMJW,LFLY|LFLYW MCMJU MCMJ MCMJW,LFLY|LFLYW|MCMJ|MCMJU|MCMJW
LFLYW,MCMJU MCMJ LFLY MCMJW,LFLYW|MCMJU MCMJ LFLY MCMJW,LFLY|LFLYW|MCMJ|MCMJU|MCMJW
LFMD,CVLB LFMDP IMMD,CVLB LFMDP IMMD|LFMD,CVLB|IMMD|LFMD|LFMDP
LFMDP,LFMD CVLB IMMD,LFMD CVLB IMMD|LFMDP,CVLB|IMMD|LFMD|LFMDP
LFT,LFT.R HCFT-PACL OAKS HCFT LFT-PA,LFT|LFT.R HCFT-PACL OAKS HCFT LFT-PA,HCFT|HCFT-PACL|LFT|LFT-PA|LFT.R|OAKS
LFT-PA,LFT.R HCFT-PACL OAKS HCFT LFT,LFT-PA|LFT.R HCFT-PACL OAKS HCFT LFT,HCFT|HCFT-PACL|LFT|LFT-PA|LFT.R|OAKS
LFT.R,HCFT-PACL OAKS HCFT LFT LFT-PA,HCFT-PACL OAKS HCFT LFT LFT-PA|LFT.R,HCFT|HCFT-PACL|LFT|LFT-PA|LFT.R|OAKS
LFTR,LFTRW LFTRU,LFTR|LFTRW LFTRU,LFTR|LFTRU|LFTRW
LFTRU,LFTRW LFTR,LFTRU|LFTRW LFTR,LFTR|LFTRU|LFTRW
LFTRW,LFTRU LFTR,LFTRU LFTR|LFTRW,LFTR|LFTRU|LFTRW
LGAC,LGACW LGACU,LGAC|LGACW LGACU,LGAC|LGACU|LGACW
LGACU,LGACW LGAC,LGACU|LGACW LGAC,LGAC|LGACU|LGACW
LGACW,LGAC LGACU,LGAC LGACU|LGACW,LGAC|LGACU|LGACW
LGCYO,LGCYQ LGCYP LGCY,LGCYO|LGCYQ LGCYP LGCY,LGCY|LGCYO|LGCYP|LGCYQ
LGCYP,LGCYQ LGCYO LGCY,LGCYP|LGCYQ LGCYO LGCY,LGCY|LGCYO|LGCYP|LGCYQ
LGCYQ,LGCYP LGCYO LGCY,LGCYP LGCYO LGCY|LGCYQ,LGCY|LGCYO|LGCYP|LGCYQ
LGF.A,LGF.B LGF,LGF.A|LGF.B LGF,LGF|LGF.A|LGF.B
LGF.B,LGF LGF.A,LGF LGF.A|LGF.B,LGF|LGF.A|LGF.B
LGHL,PAACW PAACU LGHLW PAAC,LGHL|PAACW PAACU LGHLW PAAC,LGHL|LGHLW|PAAC|PAACU|PAACW
LGHLW,PAACW PAACU LGHL PAAC,LGHLW|PAACW PAACU LGHL PAAC,LGHL|LGHLW|PAAC|PAACU|PAACW
LGSTU,LGST TVGN,LGST TVGN|LGSTU,LGST|LGSTU|TVGN
LGTOU,LGTO SLND,LGTO SLND|LGTOU,LGTO|LGTOU|SLND
LGV,LGV.WS LGV.U,LGV|LGV.WS LGV.U,LGV|LGV.U|LGV.WS
LGV.U,LGV LGV.WS,LGV LGV.WS|LGV.U,LGV|LGV.U|LGV.WS
LGVCU,NUVO NUVOQ NUVOW LGVCW LGVC NUVWQ,LGVCU|NUVO NUVOQ NUVOW LGVCW LGVC NUVWQ,LGVC|LGVCU|LGVCW|NUVO|NUVOQ|NUVOW|NUVWQ
LGVW.U,LGVW.WS LGVW BFLY.WS BFLY,LGVW.U|LGVW.WS LGVW BFLY.WS BFLY,BFLY|BFLY.WS|LGVW|LGVW.U|LGVW.WS
LHC,LHCIW LHC.WS LHC.U,LHC|LHCIW LHC.WS LHC.U,LHC|LHC.U|LHC.WS|LHCIW
LHC.U,LHCIW LHC.WS LHC,LHC.U|LHCIW LHC.WS LHC,LHC|LHC.U|LHC.WS|LHCIW
LHCIW,LHC.WS LHC LHC.U,LHC.WS LHC LHC.U|LHCIW,LHC|LHC.U|LHC.WS|LHCIW
LHO,LHO-PI LHO-PH LHO-PJ,LHO|LHO-PI LHO-PH LHO-PJ,LHO|LHO-PH|LHO-PI|LHO-PJ
LHO-PH,LHO-PI LHO-PJ LHO,LHO-PH|LHO-PI LHO-PJ LHO,LHO|LHO-PH|LHO-PI|LHO-PJ
LHO-PI,LHO-PH LHO-PJ LHO,LHO-PH LHO-PJ LHO|LHO-PI,LHO|LHO-PH|LHO-PI|LHO-PJ
LHO-PJ,LHO-PI LHO-PH LHO,LHO-PI LHO-PH LHO|LHO-PJ,LHO|LHO-PH|LHO-PI|LHO-PJ
LIBY,LIBYU LIBYW,LIBY|LIBYU LIBYW,LIBY|LIBYU|LIBYW
LIBYU,LIBYW LIBY,LIBYU|LIBYW LIBY,LIBY|LIBYU|LIBYW
LIBYW,LIBYU LIBY,LIBYU LIBY|LIBYW,LIBY|LIBYU|LIBYW
LICY.WS,PDAC PDAC.U LICY LICYF PDAC.WS,LICY.WS|PDAC PDAC.U LICY LICYF PDAC.WS,LICY|LICY.WS|LICYF|PDAC|PDAC.U|PDAC.WS
LICYF,PDAC LICY.WS PDAC.U LICY PDAC.WS,LICYF|PDAC LICY.WS PDAC.U LICY PDAC.WS,LICY|LICY.WS|LICYF|PDAC|PDAC.U|PDAC.WS
LIDR,CFAC CFACU,CFAC CFACU|LIDR,CFAC|CFACU|LIDR
LIFE2,LIFE IVGN,LIFE IVGN|LIFE2,IVGN|LIFE|LIFE2
LIII.U,LOCL LIII.WS LIII LOCL.WS,LIII.U|LOCL LIII.WS LIII LOCL.WS,LIII|LIII.U|LIII.WS|LOCL|LOCL.WS
LILA,LILAK LILAP,LILA|LILAK LILAP,LILA|LILAK|LILAP
LILAK,LILAP LILA,LILAK|LILAP LILA,LILA|LILAK|LILAP
LILAP,LILAK LILA,LILAK LILA|LILAP,LILA|LILAK|LILAP
LILMF,LILMW QELLU QELL LILM QELLW,LILMF|LILMW QELLU QELL LILM QELLW,LILM|LILMF|LILMW|QELL|QELLU|QELLW
LILMW,QELLU QELL LILM QELLW LILMF,LILMW|QELLU QELL LILM QELLW LILMF,LILM|LILMF|LILMW|QELL|QELLU|QELLW
LIME1,ELC LIME ELCY LMEC,ELC LIME ELCY LMEC|LIME1,ELC|ELCY|LIME|LIME1|LMEC
LIN2,TVL LIN,LIN2|TVL LIN,LIN|LIN2|TVL
LIND,CLAC CLACU,CLAC CLACU|LIND,CLAC|CLACU|LIND
LINUF,LINU IKGH CSACF AERL AERCF,LINU IKGH CSACF AERL AERCF|LINUF,AERCF|AERL|CSACF|IKGH|LINU|LINUF
LION2,SCRMU LION SCRMW SCRM,LION2|SCRMU LION SCRMW SCRM,LION|LION2|SCRM|SCRMU|SCRMW
LIONU,SMX LION,LIONU|SMX LION,LION|LIONU|SMX
LITS,MEIP MSHL,LITS|MEIP MSHL,LITS|MEIP|MSHL
LITT,LITTU LITTW,LITT|LITTU LITTW,LITT|LITTU|LITTW
LITTU,LITT LITTW,LITT LITTW|LITTU,LITT|LITTU|LITTW
LITTW,LITTU LITT,LITTU LITT|LITTW,LITT|LITTU|LITTW
LIVB,LIVBW LIVBU,LIVB|LIVBW LIVBU,LIVB|LIVBU|LIVBW
LIVBU,LIVB LIVBW,LIVB LIVBW|LIVBU,LIVB|LIVBU|LIVBW
LIVBW,LIVB LIVBU,LIVB LIVBU|LIVBW,LIVB|LIVBU|LIVBW
LIVE,YPNT LVDL,LIVE|YPNT LVDL,LIVE|LVDL|YPNT
LIVKU,AGILW LIVKW AGILQ AGIL LIVK AGILWQ,AGILW LIVKW AGILQ AGIL LIVK AGILWQ|LIVKU,AGIL|AGILQ|AGILW|AGILWQ|LIVK|LIVKU|LIVKW
LIXTW,NMAD LIXT,LIXTW|NMAD LIXT,LIXT|LIXTW|NMAD
LJAQU,MLEC LJAQ,LJAQU|MLEC LJAQ,LJAQ|LJAQU|MLEC
LKCO1,KONE LKCO,KONE LKCO|LKCO1,KONE|LKCO|LKCO1
LKFT,GLPG GLPYY,GLPG GLPYY|LKFT,GLPG|GLPYY|LKFT
LLAP,TWNT.WS TWNT LLAP.WS TWNT.U LLAPW,LLAP|TWNT.WS TWNT LLAP.WS TWNT.U LLAPW,LLAP|LLAP.WS|LLAPW|TWNT|TWNT.U|TWNT.WS
LLAPW,TWNT.WS LLAP TWNT LLAP.WS TWNT.U,LLAPW|TWNT.WS LLAP TWNT LLAP.WS TWNT.U,LLAP|LLAP.WS|LLAPW|TWNT|TWNT.U|TWNT.WS
LLEXQ,LLEX RECV,LLEX RECV|LLEXQ,LLEX|LLEXQ|RECV
LM,LMHB LMHA,LM|LMHB LMHA,LM|LMHA|LMHB
LMACA,LMACU LMACW,LMACA|LMACU LMACW,LMACA|LMACU|LMACW
LMACU,LMACW LMACA,LMACU|LMACW LMACA,LMACA|LMACU|LMACW
LMACW,LMACU LMACA,LMACU LMACA|LMACW,LMACA|LMACU|LMACW
LMAOU,ICU LMAO,ICU LMAO|LMAOU,ICU|LMAO|LMAOU
LMB,TFSCU TFSC LMBH,LMB|TFSCU TFSC LMBH,LMB|LMBH|TFSC|TFSCU
LMC.B,L L1 LMC.A,L L1 LMC.A|LMC.B,L|L1|LMC.A|LMC.B
LMDWF,CAHCU LMDXF LMDX LMDXW CAHCW CAHC,CAHCU LMDXF LMDX LMDXW CAHCW CAHC|LMDWF,CAHC|CAHCU|CAHCW|LMDWF|LMDX|LMDXF|LMDXW
LMDXF,CAHCU LMDX LMDXW CAHCW LMDWF CAHC,CAHCU LMDX LMDXW CAHCW LMDWF CAHC|LMDXF,CAHC|CAHCU|CAHCW|LMDWF|LMDX|LMDXF|LMDXW
LMRK,LMRKO LMRKN LMMKP LMRKP,LMRK|LMRKO LMRKN LMMKP LMRKP,LMMKP|LMRK|LMRKN|LMRKO|LMRKP
LMRK1,MCSX LMRK,LMRK1|MCSX LMRK,LMRK|LMRK1|MCSX
LMRKN,LMRKO LMMKP LMRKP LMRK,LMRKN|LMRKO LMMKP LMRKP LMRK,LMMKP|LMRK|LMRKN|LMRKO|LMRKP
LMRKO,LMRKN LMMKP LMRKP LMRK,LMRKN LMMKP LMRKP LMRK|LMRKO,LMMKP|LMRK|LMRKN|LMRKO|LMRKP
LMRKP,LMRKO LMRKN LMMKP LMRK,LMRKO LMRKN LMMKP LMRK|LMRKP,LMMKP|LMRK|LMRKN|LMRKO|LMRKP
LNAI,RENB DDRT ENOB,LNAI|RENB DDRT ENOB,DDRT|ENOB|LNAI|RENB
LNFA.U,ZFOX LNFA.WS LNFA ZFOXW,LNFA.U|ZFOX LNFA.WS LNFA ZFOXW,LNFA|LNFA.U|LNFA.WS|ZFOX|ZFOXW
LNWO,TTE LNW SGMS,LNWO|TTE LNW SGMS,LNW|LNWO|SGMS|TTE
LNZA,AMCI AMCIU,AMCI AMCIU|LNZA,AMCI|AMCIU|LNZA
LOACR,LOACW LBPSW LOAC LOACU LBPS,LOACR|LOACW LBPSW LOAC LOACU LBPS,LBPS|LBPSW|LOAC|LOACR|LOACU|LOACW
LOACU,LOACR LOACW LBPSW LOAC LBPS,LOACR LOACW LBPSW LOAC LBPS|LOACU,LBPS|LBPSW|LOAC|LOACR|LOACU|LOACW
LOAK.U,LOAK DNMRQ DNMR LOAK.WS DNMR.WS,LOAK DNMRQ DNMR LOAK.WS DNMR.WS|LOAK.U,DNMR|DNMR.WS|DNMRQ|LOAK|LOAK.U|LOAK.WS
LOCC,LOCC.U LOCC.WS,LOCC|LOCC.U LOCC.WS,LOCC|LOCC.U|LOCC.WS
LOCC.U,LOCC LOCC.WS,LOCC LOCC.WS|LOCC.U,LOCC|LOCC.U|LOCC.WS
LOCC.WS,LOCC.U LOCC,LOCC.U LOCC|LOCC.WS,LOCC|LOCC.U|LOCC.WS
LOCL,LIII.U LIII.WS LIII LOCL.WS,LIII.U LIII.WS LIII LOCL.WS|LOCL,LIII|LIII.U|LIII.WS|LOCL|LOCL.WS
LOCL.WS,LOCL LIII.U LIII.WS LIII,LOCL LIII.U LIII.WS LIII|LOCL.WS,LIII|LIII.U|LIII.WS|LOCL|LOCL.WS
LOCMQ,LOCM INCX,LOCM INCX|LOCMQ,INCX|LOCM|LOCMQ
LOKB.U,LOKB.WS NVTS NVTSW LOKB,LOKB.U|LOKB.WS NVTS NVTSW LOKB,LOKB|LOKB.U|LOKB.WS|NVTS|NVTSW
LOKM,LOKM.WS LOKM.U,LOKM|LOKM.WS LOKM.U,LOKM|LOKM.U|LOKM.WS
LOKM.U,LOKM.WS LOKM,LOKM.U|LOKM.WS LOKM,LOKM|LOKM.U|LOKM.WS
LOKM.WS,LOKM.U LOKM,LOKM.U LOKM|LOKM.WS,LOKM|LOKM.U|LOKM.WS
LOKVU,LOKV TMS,LOKV TMS|LOKVU,LOKV|LOKVU|TMS
LONCF,LNRFF LON,LNRFF LON|LONCF,LNRFF|LON|LONCF
LOT,LCAAU LCAA,LCAAU LCAA|LOT,LCAA|LCAAU|LOT
LOTZ,ACAMW ACAM LOTZW ACAMU,ACAMW ACAM LOTZW ACAMU|LOTZ,ACAM|ACAMU|ACAMW|LOTZ|LOTZW
LOTZW,ACAMW ACAM LOTZ ACAMU,ACAMW ACAM LOTZ ACAMU|LOTZW,ACAM|ACAMU|ACAMW|LOTZ|LOTZW
LOVLY,LOV.W LOV,LOV.W LOV|LOVLY,LOV|LOV.W|LOVLY
LPAD,URCO IFT URT LPA UREC,LPAD|URCO IFT URT LPA UREC,IFT|LPA|LPAD|URCO|UREC|URT
LPRIQ,LPRI LPR,LPRI LPR|LPRIQ,LPR|LPRI|LPRIQ
LPRO,NEBU NEBUU,LPRO|NEBU NEBUU,LPRO|NEBU|NEBUU
LRFC,CPTA CLA CPTAG CLA2 CPTAL,CPTA CLA CPTAG CLA2 CPTAL|LRFC,CLA|CLA2|CPTA|CPTAG|CPTAL|LRFC
LSAK,NOUT UEPS,LSAK|NOUT UEPS,LSAK|NOUT|UEPS
LSB,YSBPW LSBPW SMIHU SMIHW YS SMIH,LSB|YSBPW LSBPW SMIHU SMIHW YS SMIH,LSB|LSBPW|SMIH|SMIHU|SMIHW|YS|YSBPW
LSBPW,YSBPW SMIHU SMIHW YS SMIH LSB,LSBPW|YSBPW SMIHU SMIHW YS SMIH LSB,LSB|LSBPW|SMIH|SMIHU|SMIHW|YS|YSBPW
LSCG,PXGC PXGP LSGP IHNI,LSCG|PXGC PXGP LSGP IHNI,IHNI|LSCG|LSGP|PXGC|PXGP
LSEA,LFACW LFAC LFACU LSEAW,LFACW LFAC LFACU LSEAW|LSEA,LFAC|LFACU|LFACW|LSEA|LSEAW
LSEAW,LFACW LFAC LSEA LFACU,LFACW LFAC LSEA LFACU|LSEAW,LFAC|LFACU|LFACW|LSEA|LSEAW
LSPRU,LSPR LSPRW ZVSA ZVSAW,LSPR LSPRW ZVSA ZVSAW|LSPRU,LSPR|LSPRU|LSPRW|ZVSA|ZVSAW
LSTA,NEOI NBS CLBS PHSM,LSTA|NEOI NBS CLBS PHSM,CLBS|LSTA|NBS|NEOI|PHSM
LSTZA,QRTEA QVCGB LINTA QVCGP QRTEP QVCGA QVCAQ LSTZB LVNTB LVNTA QVCB LMDIA LINTB LMDIB QRTEB QVCA,LSTZA|QRTEA QVCGB LINTA QVCGP QRTEP QVCGA QVCAQ LSTZB LVNTB LVNTA QVCB LMDIA LINTB LMDIB QRTEB QVCA,LINTA|LINTB|LMDIA|LMDIB|LSTZA|LSTZB|LVNTA|LVNTB|QRTEA|QRTEB|QRTEP|QVCA|QVCAQ|QVCB|QVCGA|QVCGB|QVCGP
LSTZB,QRTEA QVCGB LINTA QVCGP LSTZA QRTEP QVCGA QVCAQ LVNTB LVNTA QVCB LMDIA LINTB LMDIB QRTEB QVCA,LSTZB|QRTEA QVCGB LINTA QVCGP LSTZA QRTEP QVCGA QVCAQ LVNTB LVNTA QVCB LMDIA LINTB LMDIB QRTEB QVCA,LINTA|LINTB|LMDIA|LMDIB|LSTZA|LSTZB|LVNTA|LVNTB|QRTEA|QRTEB|QRTEP|QVCA|QVCAQ|QVCB|QVCGA|QVCGB|QVCGP
LSXMA,FWONK LMCA LSXMK FWONA BATRK BATRK1 FWONB BATRA LMCK LMCB LSXMB BATRA1,FWONK LMCA LSXMK FWONA BATRK BATRK1 FWONB BATRA LMCK LMCB LSXMB BATRA1|LSXMA,BATRA|BATRA1|BATRK|BATRK1|FWONA|FWONB|FWONK|LMCA|LMCB|LMCK|LSXMA|LSXMB|LSXMK
LSXMB,FWONK LMCA LSXMK FWONA BATRK BATRK1 FWONB BATRA LMCK LMCB BATRA1 LSXMA,FWONK LMCA LSXMK FWONA BATRK BATRK1 FWONB BATRA LMCK LMCB BATRA1 LSXMA|LSXMB,BATRA|BATRA1|BATRK|BATRK1|FWONA|FWONB|FWONK|LMCA|LMCB|LMCK|LSXMA|LSXMB|LSXMK
LSXMK,FWONK LMCA FWONA BATRK BATRK1 FWONB BATRA LMCK LMCB LSXMB BATRA1 LSXMA,FWONK LMCA FWONA BATRK BATRK1 FWONB BATRA LMCK LMCB LSXMB BATRA1 LSXMA|LSXMK,BATRA|BATRA1|BATRK|BATRK1|FWONA|FWONB|FWONK|LMCA|LMCB|LMCK|LSXMA|LSXMB|LSXMK
LTBR,THPW LTBG,LTBR|THPW LTBG,LTBG|LTBR|THPW
LTCH,TSIA LTCHW TSIAW TSIAU,LTCH|TSIA LTCHW TSIAW TSIAU,LTCH|LTCHW|TSIA|TSIAU|TSIAW
LTCHW,TSIA LTCH TSIAW TSIAU,LTCHW|TSIA LTCH TSIAW TSIAU,LTCH|LTCHW|TSIA|TSIAU|TSIAW
LTMAY,LFL LTMAQ LTM,LFL LTMAQ LTM|LTMAY,LFL|LTM|LTMAQ|LTMAY
LTS,LTS-PA LTSH LTSL GBIC LTSF LTSK FHAN,LTS|LTS-PA LTSH LTSL GBIC LTSF LTSK FHAN,FHAN|GBIC|LTS|LTS-PA|LTSF|LTSH|LTSK|LTSL
LTS-PA,LTSH LTSL LTS GBIC LTSF LTSK FHAN,LTS-PA|LTSH LTSL LTS GBIC LTSF LTSK FHAN,FHAN|GBIC|LTS|LTS-PA|LTSF|LTSH|LTSK|LTSL
LUCK,ISOS BOWL ISOS.WS BOWL.WS ISOS.U,ISOS BOWL ISOS.WS BOWL.WS ISOS.U|LUCK,BOWL|BOWL.WS|ISOS|ISOS.U|ISOS.WS|LUCK
LUMCQ,LUM LUMC,LUM LUMC|LUMCQ,LUM|LUMC|LUMCQ
LUNMF,LMC LUNFF,LMC LUNFF|LUNMF,LMC|LUNFF|LUNMF
LUNR,IPAXW IPAX LUNRW IPAXU,IPAXW IPAX LUNRW IPAXU|LUNR,IPAX|IPAXU|IPAXW|LUNR|LUNRW
LUNRW,IPAXW LUNR IPAX IPAXU,IPAXW LUNR IPAX IPAXU|LUNRW,IPAX|IPAXU|IPAXW|LUNR|LUNRW
LUXA,LUXAU LUXAW,LUXA|LUXAU LUXAW,LUXA|LUXAU|LUXAW
LUXAU,LUXAW LUXA,LUXAU|LUXAW LUXA,LUXA|LUXAU|LUXAW
LUXAW,LUXAU LUXA,LUXAU LUXA|LUXAW,LUXA|LUXAU|LUXAW
LUXH,CHG LUXHP,CHG LUXHP|LUXH,CHG|LUXH|LUXHP
LUXHP,LUXH CHG,LUXH CHG|LUXHP,CHG|LUXH|LUXHP
LVAC,LVACU LVACW,LVAC|LVACU LVACW,LVAC|LVACU|LVACW
LVACU,LVACW LVAC,LVACU|LVACW LVAC,LVAC|LVACU|LVACW
LVACW,LVACU LVAC,LVACU LVAC|LVACW,LVAC|LVACU|LVACW
LVNTA,QRTEA QVCGB LINTA QVCGP LSTZA QRTEP QVCGA QVCAQ LSTZB LVNTB QVCB LMDIA LINTB LMDIB QRTEB QVCA,LVNTA|QRTEA QVCGB LINTA QVCGP LSTZA QRTEP QVCGA QVCAQ LSTZB LVNTB QVCB LMDIA LINTB LMDIB QRTEB QVCA,LINTA|LINTB|LMDIA|LMDIB|LSTZA|LSTZB|LVNTA|LVNTB|QRTEA|QRTEB|QRTEP|QVCA|QVCAQ|QVCB|QVCGA|QVCGB|QVCGP
LVNTB,QRTEA QVCGB LINTA QVCGP LSTZA QRTEP QVCGA QVCAQ LSTZB LVNTA QVCB LMDIA LINTB LMDIB QRTEB QVCA,LVNTB|QRTEA QVCGB LINTA QVCGP LSTZA QRTEP QVCGA QVCAQ LSTZB LVNTA QVCB LMDIA LINTB LMDIB QRTEB QVCA,LINTA|LINTB|LMDIA|LMDIB|LSTZA|LSTZB|LVNTA|LVNTB|QRTEA|QRTEB|QRTEP|QVCA|QVCAQ|QVCB|QVCGA|QVCGB|QVCGP
LVOX,CRSA CRSAW LVOXU CRSAU LVOXW,CRSA CRSAW LVOXU CRSAU LVOXW|LVOX,CRSA|CRSAU|CRSAW|LVOX|LVOXU|LVOXW
LVOXU,LVOX CRSA CRSAW CRSAU LVOXW,LVOX CRSA CRSAW CRSAU LVOXW|LVOXU,CRSA|CRSAU|CRSAW|LVOX|LVOXU|LVOXW
LVOXW,LVOX CRSA CRSAW LVOXU CRSAU,LVOX CRSA CRSAW LVOXU CRSAU|LVOXW,CRSA|CRSAU|CRSAW|LVOX|LVOXU|LVOXW
LVRA,LVRAU LVRAW,LVRA|LVRAU LVRAW,LVRA|LVRAU|LVRAW
LVRAU,LVRA LVRAW,LVRA LVRAW|LVRAU,LVRA|LVRAU|LVRAW
LVRAW,LVRAU LVRA,LVRAU LVRA|LVRAW,LVRA|LVRAU|LVRAW
LVROF,TPBAU KBFR TPBA LVROW TPBAW,LVROF|TPBAU KBFR TPBA LVROW TPBAW,KBFR|LVROF|LVROW|TPBA|TPBAU|TPBAW
LVROW,TPBAU KBFR TPBA LVROF TPBAW,LVROW|TPBAU KBFR TPBA LVROF TPBAW,KBFR|LVROF|LVROW|TPBA|TPBAU|TPBAW
LVWR,IMPX IMPX.U,IMPX IMPX.U|LVWR,IMPX|IMPX.U|LVWR
LWACU1,EFTRW EFTR LWAC LWACU LWACW,EFTRW EFTR LWAC LWACU LWACW|LWACU1,EFTR|EFTRW|LWAC|LWACU|LWACU1|LWACW
LYB,LALLF LALBF LYB.B,LALLF LALBF LYB.B|LYB,LALBF|LALLF|LYB|LYB.B
LYB.B,LALLF LYB LALBF,LALLF LYB LALBF|LYB.B,LALBF|LALLF|LYB|LYB.B
LYLTQ,LYLTV LYLT,LYLTQ|LYLTV LYLT,LYLT|LYLTQ|LYLTV
LYRI,NOV NAHC JLHY,LYRI|NOV NAHC JLHY,JLHY|LYRI|NAHC|NOV
LZM,GOGN GOGN.U,GOGN GOGN.U|LZM,GOGN|GOGN.U|LZM
MAACU,MAAC ROIVW ROIV MAACW,MAAC ROIVW ROIV MAACW|MAACU,MAAC|MAACU|MAACW|ROIV|ROIVW
MAAQR,MAAQU CDIO MAAQ,MAAQR|MAAQU CDIO MAAQ,CDIO|MAAQ|MAAQR|MAAQU
MAAQU,MAAQR CDIO MAAQ,MAAQR CDIO MAAQ|MAAQU,CDIO|MAAQ|MAAQR|MAAQU
MAAS,HPH PUYI,HPH PUYI|MAAS,HPH|MAAS|PUYI
MABAA,MABA MABXA MABAC,MABA MABXA MABAC|MABAA,MABA|MABAA|MABAC|MABXA
MACAU,MACA SLXN,MACA SLXN|MACAU,MACA|MACAU|SLXN
MACC,MACCW MACC.WS MACC.U,MACC|MACCW MACC.WS MACC.U,MACC|MACC.U|MACC.WS|MACCW
MACC.U,MACCW MACC.WS MACC,MACC.U|MACCW MACC.WS MACC,MACC|MACC.U|MACC.WS|MACCW
MACCW,MACC.WS MACC MACC.U,MACC.WS MACC MACC.U|MACCW,MACC|MACC.U|MACC.WS|MACCW
MACM,MCHM MCMP,MACM|MCHM MCMP,MACM|MCHM|MCMP
MACQU,ADTHW MACQ MACQW ADTH,ADTHW MACQ MACQW ADTH|MACQU,ADTH|ADTHW|MACQ|MACQU|MACQW
MACU,MACUW MACUU,MACU|MACUW MACUU,MACU|MACUU|MACUW
MACUU,MACUW MACU,MACUU|MACUW MACU,MACU|MACUU|MACUW
MACUW,MACUU MACU,MACUU MACU|MACUW,MACU|MACUU|MACUW
MAG,MVG MSLRF,MAG|MVG MSLRF,MAG|MSLRF|MVG
MAGI,AAGI UNSRA,AAGI UNSRA|MAGI,AAGI|MAGI|UNSRA
MANF,ACA ACAH,ACA ACAH|MANF,ACA|ACAH|MANF
MAPS,SSPK SSPKU,MAPS|SSPK SSPKU,MAPS|SSPK|SSPKU
MAQC,MAQCW MAQCU,MAQC|MAQCW MAQCU,MAQC|MAQCU|MAQCW
MAQCU,MAQCW MAQC,MAQCU|MAQCW MAQC,MAQC|MAQCU|MAQCW
MAQCW,MAQCU MAQC,MAQCU MAQC|MAQCW,MAQC|MAQCU|MAQCW
MARK,HSWI INTN,HSWI INTN|MARK,HSWI|INTN|MARK
MARXR,MARX STAI MARXU,MARX STAI MARXU|MARXR,MARX|MARXR|MARXU|STAI
MARXU,MARX STAI MARXR,MARX STAI MARXR|MARXU,MARX|MARXR|MARXU|STAI
MATX,AXB ALEX,AXB ALEX|MATX,ALEX|AXB|MATX
MBAC,MBAC.U MBAC.WS,MBAC|MBAC.U MBAC.WS,MBAC|MBAC.U|MBAC.WS
MBAC.U,MBAC MBAC.WS,MBAC MBAC.WS|MBAC.U,MBAC|MBAC.U|MBAC.WS
MBAC.WS,MBAC MBAC.U,MBAC MBAC.U|MBAC.WS,MBAC|MBAC.U|MBAC.WS
MBAI,CHEK CHEKZ,CHEK CHEKZ|MBAI,CHEK|CHEKZ|MBAI
MBCRQ,MBCR MBR,MBCR MBR|MBCRQ,MBCR|MBCRQ|MBR
MBFI,MBFIO MBFIP,MBFI|MBFIO MBFIP,MBFI|MBFIO|MBFIP
MBFIO,MBFI MBFIP,MBFI MBFIP|MBFIO,MBFI|MBFIO|MBFIP
MBFIP,MBFI MBFIO,MBFI MBFIO|MBFIP,MBFI|MBFIO|MBFIP
MBIN,MBINN MBINL MBINP MBINM MBINO,MBIN|MBINN MBINL MBINP MBINM MBINO,MBIN|MBINL|MBINM|MBINN|MBINO|MBINP
MBINM,MBIN MBINN MBINL MBINP MBINO,MBIN MBINN MBINL MBINP MBINO|MBINM,MBIN|MBINL|MBINM|MBINN|MBINO|MBINP
MBINN,MBIN MBINL MBINP MBINM MBINO,MBIN MBINL MBINP MBINM MBINO|MBINN,MBIN|MBINL|MBINM|MBINN|MBINO|MBINP
MBINO,MBIN MBINN MBINL MBINP MBINM,MBIN MBINN MBINL MBINP MBINM|MBINO,MBIN|MBINL|MBINM|MBINN|MBINO|MBINP
MBINP,MBIN MBINN MBINL MBINM MBINO,MBIN MBINN MBINL MBINM MBINO|MBINP,MBIN|MBINL|MBINM|MBINN|MBINO|MBINP
MBND1,MBND VICM,MBND VICM|MBND1,MBND|MBND1|VICM
MBNEQ,MBRN CNTR,MBNEQ|MBRN CNTR,CNTR|MBNEQ|MBRN
MBNKO,MFINL TAXI MBNKP MFIN TAXIL MBNKG,MBNKO|MFINL TAXI MBNKP MFIN TAXIL MBNKG,MBNKG|MBNKO|MBNKP|MFIN|MFINL|TAXI|TAXIL
MBNKP,MFINL TAXI MFIN TAXIL MBNKO MBNKG,MBNKP|MFINL TAXI MFIN TAXIL MBNKO MBNKG,MBNKG|MBNKO|MBNKP|MFIN|MFINL|TAXI|TAXIL
MBRKQ,MBRK AVNC,MBRK AVNC|MBRKQ,AVNC|MBRK|MBRKQ
MBSC,MBSC.WS MBSC.U,MBSC|MBSC.WS MBSC.U,MBSC|MBSC.U|MBSC.WS
MBSC.U,MBSC.WS MBSC,MBSC.U|MBSC.WS MBSC,MBSC|MBSC.U|MBSC.WS
MBSC.WS,MBSC.U MBSC,MBSC.U MBSC|MBSC.WS,MBSC|MBSC.U|MBSC.WS
MBTC,MBTCR MBTCU,MBTC|MBTCR MBTCU,MBTC|MBTCR|MBTCU
MBTCR,MBTC MBTCU,MBTC MBTCU|MBTCR,MBTC|MBTCR|MBTCU
MBTCU,MBTCR MBTC,MBTCR MBTC|MBTCU,MBTC|MBTCR|MBTCU
MBVXQ,TELK MBVX,MBVXQ|TELK MBVX,MBVX|MBVXQ|TELK
MCAA,MCAAU MCAAW,MCAA|MCAAU MCAAW,MCAA|MCAAU|MCAAW
MCAAU,MCAAW MCAA,MCAAU|MCAAW MCAA,MCAA|MCAAU|MCAAW
MCAAW,MCAAU MCAA,MCAAU MCAA|MCAAW,MCAA|MCAAU|MCAAW
MCACR,MCACW MCACU CNTM MCAC,MCACR|MCACW MCACU CNTM MCAC,CNTM|MCAC|MCACR|MCACU|MCACW
MCACR1,MCACU MCACU1 PLBY MCAC MCACR,MCACR1|MCACU MCACU1 PLBY MCAC MCACR,MCAC|MCACR|MCACR1|MCACU|MCACU1|PLBY
MCACU,MCACW CNTM MCAC MCACR,MCACU|MCACW CNTM MCAC MCACR,CNTM|MCAC|MCACR|MCACU|MCACW
MCACU1,MCACU PLBY MCACR1 MCAC MCACR,MCACU PLBY MCACR1 MCAC MCACR|MCACU1,MCAC|MCACR|MCACR1|MCACU|MCACU1|PLBY
MCACW,MCACU CNTM MCAC MCACR,MCACU CNTM MCAC MCACR|MCACW,CNTM|MCAC|MCACR|MCACU|MCACW
MCADR,MCADU MCAD BTTX,MCADR|MCADU MCAD BTTX,BTTX|MCAD|MCADR|MCADU
MCADU,MCAD MCADR BTTX,MCAD MCADR BTTX|MCADU,BTTX|MCAD|MCADR|MCADU
MCAER,ETAOF MCAE MCAEU ETAO,ETAOF MCAE MCAEU ETAO|MCAER,ETAO|ETAOF|MCAE|MCAER|MCAEU
SGLBW,SGLB NTRP SASI,SGLB NTRP SASI|SGLBW,NTRP|SASI|SGLB|SGLBW
MCAEU,ETAOF MCAE MCAER ETAO,ETAOF MCAE MCAER ETAO|MCAEU,ETAO|ETAOF|MCAE|MCAER|MCAEU
MCAF,MCAFU MCAFR,MCAF|MCAFU MCAFR,MCAF|MCAFR|MCAFU
MCAFR,MCAF MCAFU,MCAF MCAFU|MCAFR,MCAF|MCAFR|MCAFU
MCAFU,MCAF MCAFR,MCAF MCAFR|MCAFU,MCAF|MCAFR|MCAFU
MCAG,MCAGU MCAGR,MCAG|MCAGU MCAGR,MCAG|MCAGR|MCAGU
MCAGR,MCAGU MCAG,MCAGR|MCAGU MCAG,MCAG|MCAGR|MCAGU
MCAGU,MCAG MCAGR,MCAG MCAGR|MCAGU,MCAG|MCAGR|MCAGU
MCF,BTUX MGPV,BTUX MGPV|MCF,BTUX|MCF|MGPV
MCGA,YORK YORKU MCGAU,MCGA|YORK YORKU MCGAU,MCGA|MCGAU|YORK|YORKU
MCGAU,YORK MCGA YORKU,MCGAU|YORK MCGA YORKU,MCGA|MCGAU|YORK|YORKU
MCLDF,MCLPF MCLD MCLDP MCLWF MCLDW,MCLDF|MCLPF MCLD MCLDP MCLWF MCLDW,MCLD|MCLDF|MCLDP|MCLDW|MCLPF|MCLWF
MCLN1,MCLN ASHA,MCLN ASHA|MCLN1,ASHA|MCLN|MCLN1
MCLPF,MCLD MCLDP MCLWF MCLDW MCLDF,MCLD MCLDP MCLWF MCLDW MCLDF|MCLPF,MCLD|MCLDF|MCLDP|MCLDW|MCLPF|MCLWF
MCLWF,MCLPF MCLD MCLDP MCLDW MCLDF,MCLPF MCLD MCLDP MCLDW MCLDF|MCLWF,MCLD|MCLDF|MCLDP|MCLDW|MCLPF|MCLWF
MCOM,HLBZW HLBZ MCOMW GRNVU GRNVW GRNV GRNVR,HLBZW HLBZ MCOMW GRNVU GRNVW GRNV GRNVR|MCOM,GRNV|GRNVR|GRNVU|GRNVW|HLBZ|HLBZW|MCOM|MCOMW
MCOMW,HLBZW MCOM HLBZ GRNVU GRNVW GRNV GRNVR,HLBZW MCOM HLBZ GRNVU GRNVW GRNV GRNVR|MCOMW,GRNV|GRNVR|GRNVU|GRNVW|HLBZ|HLBZW|MCOM|MCOMW
MCWEQ,MCIT WCOEQ WCOM,MCIT WCOEQ WCOM|MCWEQ,MCIT|MCWEQ|WCOEQ|WCOM
MDA2,MDA ARTS,MDA ARTS|MDA2,ARTS|MDA|MDA2
MDAI,RCLF RCLFU,MDAI|RCLF RCLFU,MDAI|RCLF|RCLFU
MDGSW,XYLO MDGS XLYO,MDGSW|XYLO MDGS XLYO,MDGS|MDGSW|XLYO|XYLO
MDH,MDH.U MDH.WS,MDH|MDH.U MDH.WS,MDH|MDH.U|MDH.WS
MDH.U,MDH.WS MDH,MDH.U|MDH.WS MDH,MDH|MDH.U|MDH.WS
MDH.WS,MDH.U MDH,MDH.U MDH|MDH.WS,MDH|MDH.U|MDH.WS
MDIZQ,ABCX MDII ULTK,ABCX MDII ULTK|MDIZQ,ABCX|MDII|MDIZQ|ULTK
MDSYF,BPHX MDSY,BPHX MDSY|MDSYF,BPHX|MDSY|MDSYF
MDV,MDV-PA MDVA,MDV|MDV-PA MDVA,MDV|MDV-PA|MDVA
MDV-PA,MDVA MDV,MDV-PA|MDVA MDV,MDV|MDV-PA|MDVA
MDVLQ,MYOS ATTH MDVL,MDVLQ|MYOS ATTH MDVL,ATTH|MDVL|MDVLQ|MYOS
MDVN,MDV MTMR,MDV MTMR|MDVN,MDV|MDVN|MTMR
MDWCQ,MDW MDWGF,MDW MDWGF|MDWCQ,MDW|MDWCQ|MDWGF
MEC2,CE MEC,CE MEC|MEC2,CE|MEC|MEC2
MECK,INTM JUPM MBIS WEBM,INTM JUPM MBIS WEBM|MECK,INTM|JUPM|MBIS|MECK|WEBM
MED,HLRT MDFT,HLRT MDFT|MED,HLRT|MDFT|MED
SHQAW,SHQA SHQAU,SHQA SHQAU|SHQAW,SHQA|SHQAU|SHQAW
MEHCQ,VGAC.WS VGAC MEUSW VGAC.U ME,MEHCQ|VGAC.WS VGAC MEUSW VGAC.U ME,ME|MEHCQ|MEUSW|VGAC|VGAC.U|VGAC.WS
MEI,METHA METHB METH,MEI|METHA METHB METH,MEI|METH|METHA|METHB
MEOA,MEOAW MEOAU,MEOA|MEOAW MEOAU,MEOA|MEOAU|MEOAW
MEOAU,MEOAW MEOA,MEOAU|MEOAW MEOA,MEOA|MEOAU|MEOAW
MEOAW,MEOA MEOAU,MEOA MEOAU|MEOAW,MEOA|MEOAU|MEOAW
MER,MER-PF MER-PM MER-PP MER-PK MER-PE MER-PD,MER|MER-PF MER-PM MER-PP MER-PK MER-PE MER-PD,MER|MER-PD|MER-PE|MER-PF|MER-PK|MER-PM|MER-PP
MER-PD,MER-PF MER-PM MER-PP MER-PK MER-PE MER,MER-PD|MER-PF MER-PM MER-PP MER-PK MER-PE MER,MER|MER-PD|MER-PE|MER-PF|MER-PK|MER-PM|MER-PP
MER-PE,MER-PF MER-PM MER-PP MER-PK MER-PD MER,MER-PE|MER-PF MER-PM MER-PP MER-PK MER-PD MER,MER|MER-PD|MER-PE|MER-PF|MER-PK|MER-PM|MER-PP
MER-PF,MER-PM MER-PP MER-PK MER-PE MER-PD MER,MER-PF|MER-PM MER-PP MER-PK MER-PE MER-PD MER,MER|MER-PD|MER-PE|MER-PF|MER-PK|MER-PM|MER-PP
MER-PK,MER-PF MER-PM MER-PP MER-PE MER-PD MER,MER-PF MER-PM MER-PP MER-PE MER-PD MER|MER-PK,MER|MER-PD|MER-PE|MER-PF|MER-PK|MER-PM|MER-PP
MER-PM,MER-PF MER-PP MER-PK MER-PE MER-PD MER,MER-PF MER-PP MER-PK MER-PE MER-PD MER|MER-PM,MER|MER-PD|MER-PE|MER-PF|MER-PK|MER-PM|MER-PP
MER-PP,MER-PF MER-PM MER-PK MER-PE MER-PD MER,MER-PF MER-PM MER-PK MER-PE MER-PD MER|MER-PP,MER|MER-PD|MER-PE|MER-PF|MER-PK|MER-PM|MER-PP
MET,MET-PE MET-PA MET-PB MET-PF,MET|MET-PE MET-PA MET-PB MET-PF,MET|MET-PA|MET-PB|MET-PE|MET-PF
MET-PA,MET-PE MET MET-PB MET-PF,MET-PA|MET-PE MET MET-PB MET-PF,MET|MET-PA|MET-PB|MET-PE|MET-PF
MET-PB,MET-PE MET-PA MET MET-PF,MET-PB|MET-PE MET-PA MET MET-PF,MET|MET-PA|MET-PB|MET-PE|MET-PF
MET-PE,MET-PA MET MET-PB MET-PF,MET-PA MET MET-PB MET-PF|MET-PE,MET|MET-PA|MET-PB|MET-PE|MET-PF
MET-PF,MET-PE MET-PA MET MET-PB,MET-PE MET-PA MET MET-PB|MET-PF,MET|MET-PA|MET-PB|MET-PE|MET-PF
METC,METBV METCZ METCL METCI METCB,METBV METCZ METCL METCI METCB|METC,METBV|METC|METCB|METCI|METCL|METCZ
METCB,METC METBV METCZ METCL METCI,METC METBV METCZ METCL METCI|METCB,METBV|METC|METCB|METCI|METCL|METCZ
METHB,MEI METHA METH,MEI METHA METH|METHB,MEI|METH|METHA|METHB
MEUSW,VGAC.WS VGAC VGAC.U ME MEHCQ,MEUSW|VGAC.WS VGAC VGAC.U ME MEHCQ,ME|MEHCQ|MEUSW|VGAC|VGAC.U|VGAC.WS
MFA,MFO MFA-PC MFAN MFAO MFA-PB,MFA|MFO MFA-PC MFAN MFAO MFA-PB,MFA|MFA-PB|MFA-PC|MFAN|MFAO|MFO
MFA-PB,MFO MFA-PC MFAN MFAO MFA,MFA-PB|MFO MFA-PC MFAN MFAO MFA,MFA|MFA-PB|MFA-PC|MFAN|MFAO|MFO
MFA-PC,MFO MFAN MFAO MFA-PB MFA,MFA-PC|MFO MFAN MFAO MFA-PB MFA,MFA|MFA-PB|MFA-PC|MFAN|MFAO|MFO
MFIC,AINV AIY AIB MFICL AIB1,AINV AIY AIB MFICL AIB1|MFIC,AIB|AIB1|AINV|AIY|MFIC|MFICL
MFIN,MFINL TAXI MBNKP TAXIL MBNKO MBNKG,MFIN|MFINL TAXI MBNKP TAXIL MBNKO MBNKG,MBNKG|MBNKO|MBNKP|MFIN|MFINL|TAXI|TAXIL
MGN2,MNMM MGN,MGN2|MNMM MGN,MGN|MGN2|MNMM
MGRM1,MGRM VLGC,MGRM VLGC|MGRM1,MGRM|MGRM1|VLGC
MGTI,MGT MSHT,MGT MSHT|MGTI,MGT|MGTI|MSHT
MGXX,EXBY EXBT,EXBY EXBT|MGXX,EXBT|EXBY|MGXX
MGY,TPGE TPGE.U,MGY|TPGE TPGE.U,MGY|TPGE|TPGE.U
MH-PA,MH-PC MHNB MHLA MH-PD MHLD MHLDO,MH-PA|MH-PC MHNB MHLA MH-PD MHLD MHLDO,MH-PA|MH-PC|MH-PD|MHLA|MHLD|MHLDO|MHNB
MH-PC,MHNB MHLA MH-PD MH-PA MHLD MHLDO,MH-PC|MHNB MHLA MH-PD MH-PA MHLD MHLDO,MH-PA|MH-PC|MH-PD|MHLA|MHLD|MHLDO|MHNB
MH-PD,MH-PC MHNB MHLA MH-PA MHLD MHLDO,MH-PC MHNB MHLA MH-PA MHLD MHLDO|MH-PD,MH-PA|MH-PC|MH-PD|MHLA|MHLD|MHLDO|MHNB
MHGU,MHGI MHG,MHGI MHG|MHGU,MHG|MHGI|MHGU
MHLD,MH-PC MHNB MHLA MH-PD MH-PA MHLDO,MH-PC MHNB MHLA MH-PD MH-PA MHLDO|MHLD,MH-PA|MH-PC|MH-PD|MHLA|MHLD|MHLDO|MHNB
MHLDO,MH-PC MHNB MHLA MH-PD MH-PA MHLD,MH-PC MHNB MHLA MH-PD MH-PA MHLD|MHLDO,MH-PA|MH-PC|MH-PD|MHLA|MHLD|MHLDO|MHNB
MHR-PC,MHRCQ MHR MHR-PE PRC MHRC MHR-PD PRCT,MHR-PC|MHRCQ MHR MHR-PE PRC MHRC MHR-PD PRCT,MHR|MHR-PC|MHR-PD|MHR-PE|MHRC|MHRCQ|PRC|PRCT
MHR-PD,MHRCQ MHR MHR-PE PRC MHRC MHR-PC PRCT,MHR-PD|MHRCQ MHR MHR-PE PRC MHRC MHR-PC PRCT,MHR|MHR-PC|MHR-PD|MHR-PE|MHRC|MHRCQ|PRC|PRCT
MHR-PE,MHRCQ MHR PRC MHRC MHR-PC MHR-PD PRCT,MHR-PE|MHRCQ MHR PRC MHRC MHR-PC MHR-PD PRCT,MHR|MHR-PC|MHR-PD|MHR-PE|MHRC|MHRCQ|PRC|PRCT
MHRCQ,MHR MHR-PE PRC MHRC MHR-PC MHR-PD PRCT,MHR MHR-PE PRC MHRC MHR-PC MHR-PD PRCT|MHRCQ,MHR|MHR-PC|MHR-PD|MHR-PE|MHRC|MHRCQ|PRC|PRCT
MI2,MI MRIS,MI MRIS|MI2,MI|MI2|MRIS
MICRD,MICR HRT,MICR HRT|MICRD,HRT|MICR|MICRD
MILE,INAQ INAQW INAQU1 MILEW INAQU,INAQ INAQW INAQU1 MILEW INAQU|MILE,INAQ|INAQU|INAQU1|INAQW|MILE|MILEW
MILEW,INAQ MILE INAQW INAQU1 INAQU,INAQ MILE INAQW INAQU1 INAQU|MILEW,INAQ|INAQU|INAQU1|INAQW|MILE|MILEW
MILL-PC,MILL MILL-PD MILLQ,MILL MILL-PD MILLQ|MILL-PC,MILL|MILL-PC|MILL-PD|MILLQ
MILL-PD,MILL MILL-PC MILLQ,MILL MILL-PC MILLQ|MILL-PD,MILL|MILL-PC|MILL-PD|MILLQ
MILLQ,MILL MILL-PD MILL-PC,MILL MILL-PD MILL-PC|MILLQ,MILL|MILL-PC|MILL-PD|MILLQ
MIMO.WS,MIMO MIMO.WSB NBA.WS NBA MIMOW MIMO.WSC MIMO.WSA MIMOQ NBA.U,MIMO MIMO.WSB NBA.WS NBA MIMOW MIMO.WSC MIMO.WSA MIMOQ NBA.U|MIMO.WS,MIMO|MIMO.WS|MIMO.WSA|MIMO.WSB|MIMO.WSC|MIMOQ|MIMOW|NBA|NBA.U|NBA.WS
MIMO.WSA,MIMO MIMO.WSB NBA.WS NBA MIMO.WS MIMOW MIMO.WSC MIMOQ NBA.U,MIMO MIMO.WSB NBA.WS NBA MIMO.WS MIMOW MIMO.WSC MIMOQ NBA.U|MIMO.WSA,MIMO|MIMO.WS|MIMO.WSA|MIMO.WSB|MIMO.WSC|MIMOQ|MIMOW|NBA|NBA.U|NBA.WS
MIMO.WSB,MIMO NBA.WS NBA MIMO.WS MIMOW MIMO.WSC MIMO.WSA MIMOQ NBA.U,MIMO NBA.WS NBA MIMO.WS MIMOW MIMO.WSC MIMO.WSA MIMOQ NBA.U|MIMO.WSB,MIMO|MIMO.WS|MIMO.WSA|MIMO.WSB|MIMO.WSC|MIMOQ|MIMOW|NBA|NBA.U|NBA.WS
MIMOQ,MIMO MIMO.WSB NBA.WS NBA MIMO.WS MIMOW MIMO.WSC MIMO.WSA NBA.U,MIMO MIMO.WSB NBA.WS NBA MIMO.WS MIMOW MIMO.WSC MIMO.WSA NBA.U|MIMOQ,MIMO|MIMO.WS|MIMO.WSA|MIMO.WSB|MIMO.WSC|MIMOQ|MIMOW|NBA|NBA.U|NBA.WS
MIMOW,MIMO MIMO.WSB NBA.WS NBA MIMO.WS MIMO.WSC MIMO.WSA MIMOQ NBA.U,MIMO MIMO.WSB NBA.WS NBA MIMO.WS MIMO.WSC MIMO.WSA MIMOQ NBA.U|MIMOW,MIMO|MIMO.WS|MIMO.WSA|MIMO.WSB|MIMO.WSC|MIMOQ|MIMOW|NBA|NBA.U|NBA.WS
MIR,GSAH MIR.WS GSAH.U GSAH.WS,GSAH MIR.WS GSAH.U GSAH.WS|MIR,GSAH|GSAH.U|GSAH.WS|MIR|MIR.WS
MIR.WS,GSAH GSAH.U GSAH.WS MIR,GSAH GSAH.U GSAH.WS MIR|MIR.WS,GSAH|GSAH.U|GSAH.WS|MIR|MIR.WS
MIT,MIT.U MIT.WS,MIT|MIT.U MIT.WS,MIT|MIT.U|MIT.WS
MIT.U,MIT MIT.WS,MIT MIT.WS|MIT.U,MIT|MIT.U|MIT.WS
MIT.WS,MIT MIT.U,MIT MIT.U|MIT.WS,MIT|MIT.U|MIT.WS
MITAU,MITA RAIN,MITA RAIN|MITAU,MITA|MITAU|RAIN
MITI1,CNVX MITI,CNVX MITI|MITI1,CNVX|MITI|MITI1
MITT,MITT-PC MITT-PA MITP MITT-PB MITN,MITT|MITT-PC MITT-PA MITP MITT-PB MITN,MITN|MITP|MITT|MITT-PA|MITT-PB|MITT-PC
MITT-PA,MITT-PC MITT MITP MITT-PB MITN,MITT-PA|MITT-PC MITT MITP MITT-PB MITN,MITN|MITP|MITT|MITT-PA|MITT-PB|MITT-PC
MITT-PB,MITT-PC MITT-PA MITT MITP MITN,MITT-PB|MITT-PC MITT-PA MITT MITP MITN,MITN|MITP|MITT|MITT-PA|MITT-PB|MITT-PC
MITT-PC,MITT-PA MITT MITP MITT-PB MITN,MITT-PA MITT MITP MITT-PB MITN|MITT-PC,MITN|MITP|MITT|MITT-PA|MITT-PB|MITT-PC
MIX,EUNI IMIX,EUNI IMIX|MIX,EUNI|IMIX|MIX
MKDW,CETU CETUU CETUR,CETU CETUU CETUR|MKDW,CETU|CETUR|CETUU|MKDW
MKFG,MKFGW MKFG.WS AONE.WS AONE AONE.U,MKFG|MKFGW MKFG.WS AONE.WS AONE AONE.U,AONE|AONE.U|AONE.WS|MKFG|MKFG.WS|MKFGW
MKFGW,MKFG.WS AONE.WS MKFG AONE AONE.U,MKFG.WS AONE.WS MKFG AONE AONE.U|MKFGW,AONE|AONE.U|AONE.WS|MKFG|MKFG.WS|MKFGW
MKTSQ,RODM ENFN MKTS,MKTSQ|RODM ENFN MKTS,ENFN|MKTS|MKTSQ|RODM
MKTSQ1,MKTSQ ADMS MKT MKTS,MKTSQ ADMS MKT MKTS|MKTSQ1,ADMS|MKT|MKTS|MKTSQ|MKTSQ1
MKTW,ACND.WS ACND.U ACND MKTWW,ACND.WS ACND.U ACND MKTWW|MKTW,ACND|ACND.U|ACND.WS|MKTW|MKTWW
MKTWW,ACND.WS ACND.U ACND MKTW,ACND.WS ACND.U ACND MKTW|MKTWW,ACND|ACND.U|ACND.WS|MKTW|MKTWW
MKULQ,MKUL AERC,MKUL AERC|MKULQ,AERC|MKUL|MKULQ
ML,ML.WS FUSE FUSE.WS FUSE.U,ML|ML.WS FUSE FUSE.WS FUSE.U,FUSE|FUSE.U|FUSE.WS|ML|ML.WS
ML.WS,ML FUSE FUSE.WS FUSE.U,ML FUSE FUSE.WS FUSE.U|ML.WS,FUSE|FUSE.U|FUSE.WS|ML|ML.WS
MLAC1,MLACW MLACU1 MLAC MLACU,MLAC1|MLACW MLACU1 MLAC MLACU,MLAC|MLAC1|MLACU|MLACU1|MLACW
MLACU,AVAT MLAC,AVAT MLAC|MLACU,AVAT|MLAC|MLACU
MLACU1,MLACW MLAC1 MLAC MLACU,MLACU1|MLACW MLAC1 MLAC MLACU,MLAC|MLAC1|MLACU|MLACU1|MLACW
MLACW,MLACU1 MLAC1 MLAC MLACU,MLACU1 MLAC1 MLAC MLACU|MLACW,MLAC|MLAC1|MLACU|MLACU1|MLACW
MLAI,MLAIW MLAIU,MLAI|MLAIW MLAIU,MLAI|MLAIU|MLAIW
MLAIU,MLAIW MLAI,MLAIU|MLAIW MLAI,MLAI|MLAIU|MLAIW
MLAIW,MLAIU MLAI,MLAIU MLAI|MLAIW,MLAI|MLAIU|MLAIW
MLEC,LJAQU LJAQ,LJAQU LJAQ|MLEC,LJAQ|LJAQU|MLEC
MLGO,VENAU VENAF VENA VENAW VENAR,MLGO|VENAU VENAF VENA VENAW VENAR,MLGO|VENA|VENAF|VENAR|VENAU|VENAW
MLSS,MS MSS,MLSS|MS MSS,MLSS|MS|MSS
MM1,MTLM MM,MM1|MTLM MM,MM|MM1|MTLM
MMAC,MMAB MMA,MMAB MMA|MMAC,MMA|MMAB|MMAC
MMATQ,TRCH MMAT PPFT,MMATQ|TRCH MMAT PPFT,MMAT|MMATQ|PPFT|TRCH
MMCE,MMCN MMCY,MMCE|MMCN MMCY,MMCE|MMCN|MMCY
MMUS,NMUS COMT,MMUS|NMUS COMT,COMT|MMUS|NMUS
MMVVF,MPACW MPACU MMV MPAC MPACR MMVWW,MMVVF|MPACW MPACU MMV MPAC MPACR MMVWW,MMV|MMVVF|MMVWW|MPAC|MPACR|MPACU|MPACW
MMVWW,MMVVF MPACW MPACU MMV MPAC MPACR,MMVVF MPACW MPACU MMV MPAC MPACR|MMVWW,MMV|MMVVF|MMVWW|MPAC|MPACR|MPACU|MPACW
MND,MND.B MND.A,MND|MND.B MND.A,MND|MND.A|MND.B
MND.B,MND MND.A,MND MND.A|MND.B,MND|MND.A|MND.B
MNPQC,ATRKC HWYM MNPL,ATRKC HWYM MNPL|MNPQC,ATRKC|HWYM|MNPL|MNPQC
MNR-PA,MNR-PC MNR2 MNR MNRTA MNR-PB,MNR-PA|MNR-PC MNR2 MNR MNRTA MNR-PB,MNR|MNR-PA|MNR-PB|MNR-PC|MNR2|MNRTA
MNR-PB,MNR-PC MNR2 MNR MNRTA MNR-PA,MNR-PB|MNR-PC MNR2 MNR MNRTA MNR-PA,MNR|MNR-PA|MNR-PB|MNR-PC|MNR2|MNRTA
SNII.U,RGTI SNII,RGTI SNII|SNII.U,RGTI|SNII|SNII.U
MNR-PC,MNR2 MNR MNRTA MNR-PA MNR-PB,MNR-PC|MNR2 MNR MNRTA MNR-PA MNR-PB,MNR|MNR-PA|MNR-PB|MNR-PC|MNR2|MNRTA
MNR2,MNR-PC MNR MNRTA MNR-PA MNR-PB,MNR-PC MNR MNRTA MNR-PA MNR-PB|MNR2,MNR|MNR-PA|MNR-PB|MNR-PC|MNR2|MNRTA
MNTN.U,MNTN MNTN1 MNTN.WS,MNTN MNTN1 MNTN.WS|MNTN.U,MNTN|MNTN.U|MNTN.WS|MNTN1
MNTN.WS,MNTN MNTN.U MNTN1,MNTN MNTN.U MNTN1|MNTN.WS,MNTN|MNTN.U|MNTN.WS|MNTN1
MNTN1,MNTN MNTN.U MNTN.WS,MNTN MNTN.U MNTN.WS|MNTN1,MNTN|MNTN.U|MNTN.WS|MNTN1
MNTS,SRAC SRACU,MNTS|SRAC SRACU,MNTS|SRAC|SRACU
MNY,BTWNU BTWN,BTWNU BTWN|MNY,BTWN|BTWNU|MNY
MOBQ,MOBQW AMKT,MOBQ|MOBQW AMKT,AMKT|MOBQ|MOBQW
MOBQW,MOBQ AMKT,MOBQ AMKT|MOBQW,AMKT|MOBQ|MOBQW
MOBVU,SVUHF SVMHW SVMH MOBV MOBVW,MOBVU|SVUHF SVMHW SVMH MOBV MOBVW,MOBV|MOBVU|MOBVW|SVMH|SVMHW|SVUHF
MOBX,CLAY CLAYU,CLAY CLAYU|MOBX,CLAY|CLAYU|MOBX
MODL1,MEDH MODL,MEDH MODL|MODL1,MEDH|MODL|MODL1
MODVQ,MODV PRSC,MODV PRSC|MODVQ,MODV|MODVQ|PRSC
MON,MONCU MONCW,MON|MONCU MONCW,MON|MONCU|MONCW
MONCU,MONCW MON,MONCU|MONCW MON,MON|MONCU|MONCW
MONCW,MONCU MON,MONCU MON|MONCW,MON|MONCU|MONCW
MONDQ,MOND ITHXW ITHX ITHXU MONDW,MOND ITHXW ITHX ITHXU MONDW|MONDQ,ITHX|ITHXU|ITHXW|MOND|MONDQ|MONDW
MONDW,MOND ITHXW ITHX MONDQ ITHXU,MOND ITHXW ITHX MONDQ ITHXU|MONDW,ITHX|ITHXU|ITHXW|MOND|MONDQ|MONDW
MOTNU,DCGOW DCGO MOTNW MOTN,DCGOW DCGO MOTNW MOTN|MOTNU,DCGO|DCGOW|MOTN|MOTNU|MOTNW
MOTV.U,MOTV.WS MOTV FRGE FRGE.WS,MOTV.U|MOTV.WS MOTV FRGE FRGE.WS,FRGE|FRGE.WS|MOTV|MOTV.U|MOTV.WS
MOVE1,MOVE HOMS,MOVE HOMS|MOVE1,HOMS|MOVE|MOVE1
MP,FVAC FVAC.WS FVAC.U MP.WS,FVAC FVAC.WS FVAC.U MP.WS|MP,FVAC|FVAC.U|FVAC.WS|MP|MP.WS
MP.WS,FVAC FVAC.WS FVAC.U MP,FVAC FVAC.WS FVAC.U MP|MP.WS,FVAC|FVAC.U|FVAC.WS|MP|MP.WS
MPACR,MMVVF MPACW MPACU MMV MPAC MMVWW,MMVVF MPACW MPACU MMV MPAC MMVWW|MPACR,MMV|MMVVF|MMVWW|MPAC|MPACR|MPACU|MPACW
MPACU,MMVVF MPACW MMV MPAC MPACR MMVWW,MMVVF MPACW MMV MPAC MPACR MMVWW|MPACU,MMV|MMVVF|MMVWW|MPAC|MPACR|MPACU|MPACW
MPCCQ,HCO.U HCO MPZ,HCO.U HCO MPZ|MPCCQ,HCO|HCO.U|MPCCQ|MPZ
MPLNW,MPLN.WS CCXX.WS CTEV CCXX MPLN CCXX.U,MPLN.WS CCXX.WS CTEV CCXX MPLN CCXX.U|MPLNW,CCXX|CCXX.U|CCXX.WS|CTEV|MPLN|MPLN.WS|MPLNW
MPOYQ,MPO MPOY,MPO MPOY|MPOYQ,MPO|MPOY|MPOYQ
MPRA,MPRAW MPRAU,MPRA|MPRAW MPRAU,MPRA|MPRAU|MPRAW
MPRAU,MPRAW MPRA,MPRAU|MPRAW MPRA,MPRA|MPRAU|MPRAW
MPRAW,MPRA MPRAU,MPRA MPRAU|MPRAW,MPRA|MPRAU|MPRAW
MPTI,MPTI.W MPTI.WS,MPTI|MPTI.W MPTI.WS,MPTI|MPTI.W|MPTI.WS
MPTI.WS,MPTI.W MPTI,MPTI.W MPTI|MPTI.WS,MPTI|MPTI.W|MPTI.WS
MPU,ACY MTMT,ACY MTMT|MPU,ACY|MPU|MTMT
MPVDF,MDM MPVI MPVD,MDM MPVI MPVD|MPVDF,MDM|MPVD|MPVDF|MPVI
MRACU,ENJYQ MRACW ENJYW ENJY MRAC,ENJYQ MRACW ENJYW ENJY MRAC|MRACU,ENJY|ENJYQ|ENJYW|MRAC|MRACU|MRACW
MRDB,POND.WS MRDB.WS POND POND.U,MRDB|POND.WS MRDB.WS POND POND.U,MRDB|MRDB.WS|POND|POND.U|POND.WS
MRDB.WS,POND.WS MRDB POND POND.U,MRDB.WS|POND.WS MRDB POND POND.U,MRDB|MRDB.WS|POND|POND.U|POND.WS
MRLN,BACQ BACQU,BACQ BACQU|MRLN,BACQ|BACQU|MRLN
MRNO,HCMAU1 HCMAU HCMA,HCMAU1 HCMAU HCMA|MRNO,HCMA|HCMAU|HCMAU1|MRNO
MRT,MRT.WS GLTA.U GLTA GLTA.WS,MRT|MRT.WS GLTA.U GLTA GLTA.WS,GLTA|GLTA.U|GLTA.WS|MRT|MRT.WS
MRT.WS,MRT GLTA.U GLTA GLTA.WS,MRT GLTA.U GLTA GLTA.WS|MRT.WS,GLTA|GLTA.U|GLTA.WS|MRT|MRT.WS
MS,MS-PK MS-PG MS-PE MSSXL MS-PA MS-PQ MSPQL MS-PI MS-PO MWD MS-PL MS-PP MWO MS-PF,MS|MS-PK MS-PG MS-PE MSSXL MS-PA MS-PQ MSPQL MS-PI MS-PO MWD MS-PL MS-PP MWO MS-PF,MS|MS-PA|MS-PE|MS-PF|MS-PG|MS-PI|MS-PK|MS-PL|MS-PO|MS-PP|MS-PQ|MSPQL|MSSXL|MWD|MWO
MS-PA,MS-PK MS-PG MS-PE MSSXL MS-PQ MSPQL MS MS-PI MS-PO MWD MS-PL MS-PP MWO MS-PF,MS-PA|MS-PK MS-PG MS-PE MSSXL MS-PQ MSPQL MS MS-PI MS-PO MWD MS-PL MS-PP MWO MS-PF,MS|MS-PA|MS-PE|MS-PF|MS-PG|MS-PI|MS-PK|MS-PL|MS-PO|MS-PP|MS-PQ|MSPQL|MSSXL|MWD|MWO
MS-PE,MS-PK MS-PG MSSXL MS-PA MS-PQ MSPQL MS MS-PI MS-PO MWD MS-PL MS-PP MWO MS-PF,MS-PE|MS-PK MS-PG MSSXL MS-PA MS-PQ MSPQL MS MS-PI MS-PO MWD MS-PL MS-PP MWO MS-PF,MS|MS-PA|MS-PE|MS-PF|MS-PG|MS-PI|MS-PK|MS-PL|MS-PO|MS-PP|MS-PQ|MSPQL|MSSXL|MWD|MWO
MS-PF,MS-PK MS-PG MS-PE MSSXL MS-PA MS-PQ MSPQL MS MS-PI MS-PO MWD MS-PL MS-PP MWO,MS-PF|MS-PK MS-PG MS-PE MSSXL MS-PA MS-PQ MSPQL MS MS-PI MS-PO MWD MS-PL MS-PP MWO,MS|MS-PA|MS-PE|MS-PF|MS-PG|MS-PI|MS-PK|MS-PL|MS-PO|MS-PP|MS-PQ|MSPQL|MSSXL|MWD|MWO
MS-PG,MS-PK MS-PE MSSXL MS-PA MS-PQ MSPQL MS MS-PI MS-PO MWD MS-PL MS-PP MWO MS-PF,MS-PG|MS-PK MS-PE MSSXL MS-PA MS-PQ MSPQL MS MS-PI MS-PO MWD MS-PL MS-PP MWO MS-PF,MS|MS-PA|MS-PE|MS-PF|MS-PG|MS-PI|MS-PK|MS-PL|MS-PO|MS-PP|MS-PQ|MSPQL|MSSXL|MWD|MWO
MS-PI,MS-PK MS-PG MS-PE MSSXL MS-PA MS-PQ MSPQL MS MS-PO MWD MS-PL MS-PP MWO MS-PF,MS-PI|MS-PK MS-PG MS-PE MSSXL MS-PA MS-PQ MSPQL MS MS-PO MWD MS-PL MS-PP MWO MS-PF,MS|MS-PA|MS-PE|MS-PF|MS-PG|MS-PI|MS-PK|MS-PL|MS-PO|MS-PP|MS-PQ|MSPQL|MSSXL|MWD|MWO
MS-PK,MS-PG MS-PE MSSXL MS-PA MS-PQ MSPQL MS MS-PI MS-PO MWD MS-PL MS-PP MWO MS-PF,MS-PG MS-PE MSSXL MS-PA MS-PQ MSPQL MS MS-PI MS-PO MWD MS-PL MS-PP MWO MS-PF|MS-PK,MS|MS-PA|MS-PE|MS-PF|MS-PG|MS-PI|MS-PK|MS-PL|MS-PO|MS-PP|MS-PQ|MSPQL|MSSXL|MWD|MWO
MS-PL,MS-PK MS-PG MS-PE MSSXL MS-PA MS-PQ MSPQL MS MS-PI MS-PO MWD MS-PP MWO MS-PF,MS-PK MS-PG MS-PE MSSXL MS-PA MS-PQ MSPQL MS MS-PI MS-PO MWD MS-PP MWO MS-PF|MS-PL,MS|MS-PA|MS-PE|MS-PF|MS-PG|MS-PI|MS-PK|MS-PL|MS-PO|MS-PP|MS-PQ|MSPQL|MSSXL|MWD|MWO
MS-PO,MS-PK MS-PG MWO MS-PE MSSXL MS-PA MS-PQ MSPQL MS MS-PI MWD MS-PL MS-PP MS-PF,MS-PK MS-PG MWO MS-PE MSSXL MS-PA MS-PQ MSPQL MS MS-PI MWD MS-PL MS-PP MS-PF|MS-PO,MS|MS-PA|MS-PE|MS-PF|MS-PG|MS-PI|MS-PK|MS-PL|MS-PO|MS-PP|MS-PQ|MSPQL|MSSXL|MWD|MWO
MS-PP,MS-PK MS-PG MS-PE MSSXL MS-PA MS-PQ MSPQL MS MS-PI MS-PO MWD MS-PL MWO MS-PF,MS-PK MS-PG MS-PE MSSXL MS-PA MS-PQ MSPQL MS MS-PI MS-PO MWD MS-PL MWO MS-PF|MS-PP,MS|MS-PA|MS-PE|MS-PF|MS-PG|MS-PI|MS-PK|MS-PL|MS-PO|MS-PP|MS-PQ|MSPQL|MSSXL|MWD|MWO
MS-PQ,MS-PK MS-PG MS-PE MSSXL MS-PA MSPQL MS MS-PI MS-PO MWD MS-PL MS-PP MWO MS-PF,MS-PK MS-PG MS-PE MSSXL MS-PA MSPQL MS MS-PI MS-PO MWD MS-PL MS-PP MWO MS-PF|MS-PQ,MS|MS-PA|MS-PE|MS-PF|MS-PG|MS-PI|MS-PK|MS-PL|MS-PO|MS-PP|MS-PQ|MSPQL|MSSXL|MWD|MWO
MSAC,MSACW MSACU,MSAC|MSACW MSACU,MSAC|MSACU|MSACW
MSACU,MSACW MSAC,MSACU|MSACW MSAC,MSAC|MSACU|MSACW
MSACW,MSACU MSAC,MSACU MSAC|MSACW,MSAC|MSACU|MSACW
MSAI,SMAP SMAPU,MSAI|SMAP SMAPU,MSAI|SMAP|SMAPU
MSCS,MNS MNSC,MNS MNSC|MSCS,MNS|MNSC|MSCS
MSDA,MSDAU MSDAW,MSDA|MSDAU MSDAW,MSDA|MSDAU|MSDAW
MSDAU,MSDA MSDAW,MSDA MSDAW|MSDAU,MSDA|MSDAU|MSDAW
MSDAW,MSDA MSDAU,MSDA MSDAU|MSDAW,MSDA|MSDAU|MSDAW
MSGS,MSG MSG.W,MSG MSG.W|MSGS,MSG|MSG.W|MSGS
MSII1,GFX MSII,GFX MSII|MSII1,GFX|MSII|MSII1
MSNWQ,MSNW MRN,MSNW MRN|MSNWQ,MRN|MSNW|MSNWQ
MSPR,LCAP LIFWZ LCAPU MSPRW LIFWW MSPRZ MSPRV LIFE LCAPW,LCAP LIFWZ LCAPU MSPRW LIFWW MSPRZ MSPRV LIFE LCAPW|MSPR,LCAP|LCAPU|LCAPW|LIFE|LIFWW|LIFWZ|MSPR|MSPRV|MSPRW|MSPRZ
MSPRW,LCAP MSPR LIFWZ LCAPU LIFWW MSPRZ MSPRV LIFE LCAPW,LCAP MSPR LIFWZ LCAPU LIFWW MSPRZ MSPRV LIFE LCAPW|MSPRW,LCAP|LCAPU|LCAPW|LIFE|LIFWW|LIFWZ|MSPR|MSPRV|MSPRW|MSPRZ
MSPRZ,LCAP MSPR LIFWZ MSPRW LIFWW LCAPU MSPRV LIFE LCAPW,LCAP MSPR LIFWZ MSPRW LIFWW LCAPU MSPRV LIFE LCAPW|MSPRZ,LCAP|LCAPU|LCAPW|LIFE|LIFWW|LIFWZ|MSPR|MSPRV|MSPRW|MSPRZ
MSSAF,MSSA MSSAU MSSAW MSSAR,MSSA MSSAU MSSAW MSSAR|MSSAF,MSSA|MSSAF|MSSAR|MSSAU|MSSAW
MSSAR,MSSAF MSSA MSSAW MSSAU,MSSAF MSSA MSSAW MSSAU|MSSAR,MSSA|MSSAF|MSSAR|MSSAU|MSSAW
MSSAU,MSSAF MSSA MSSAW MSSAR,MSSAF MSSA MSSAW MSSAR|MSSAU,MSSA|MSSAF|MSSAR|MSSAU|MSSAW
MSSAW,MSSA MSSAF MSSAU MSSAR,MSSA MSSAF MSSAU MSSAR|MSSAW,MSSA|MSSAF|MSSAR|MSSAU|MSSAW
MSTR,STRD STRK STRF STRC,MSTR|STRD STRK STRF STRC,MSTR|STRC|STRD|STRF|STRK
MSTX1,MSTX ANX HIVX BKYS AVRX,MSTX ANX HIVX BKYS AVRX|MSTX1,ANX|AVRX|BKYS|HIVX|MSTX|MSTX1
MT,IST MTCN1 MTCN,IST MTCN1 MTCN|MT,IST|MT|MTCN|MTCN1
MTACU,TLSI MTAC,MTACU|TLSI MTAC,MTAC|MTACU|TLSI
MTAL.U1,MTAL.WS MTAL MTAL1 MTAL.U,MTAL.U1|MTAL.WS MTAL MTAL1 MTAL.U,MTAL|MTAL.U|MTAL.U1|MTAL.WS|MTAL1
MTAL.WS,MTAL MTAL.U1 MTAL1 MTAL.U,MTAL MTAL.U1 MTAL1 MTAL.U|MTAL.WS,MTAL|MTAL.U|MTAL.U1|MTAL.WS|MTAL1
MTAL1,MTAL.WS MTAL MTAL.U1 MTAL.U,MTAL.WS MTAL MTAL.U1 MTAL.U|MTAL1,MTAL|MTAL.U|MTAL.U1|MTAL.WS|MTAL1
MTB,MTB-P MTB-PL FES MTB-PC MTB-PK MTDJL MTB-PH MTB-PJ MTBPL,MTB|MTB-P MTB-PL FES MTB-PC MTB-PK MTDJL MTB-PH MTB-PJ MTBPL,FES|MTB|MTB-P|MTB-PC|MTB-PH|MTB-PJ|MTB-PK|MTB-PL|MTBPL|MTDJL
MTB-P,MTB MTB-PL FES MTB-PC MTB-PK MTDJL MTB-PH MTB-PJ MTBPL,MTB MTB-PL FES MTB-PC MTB-PK MTDJL MTB-PH MTB-PJ MTBPL|MTB-P,FES|MTB|MTB-P|MTB-PC|MTB-PH|MTB-PJ|MTB-PK|MTB-PL|MTBPL|MTDJL
MTB-PC,MTB-P MTB MTB-PL FES MTB-PK MTDJL MTB-PH MTB-PJ MTBPL,MTB-P MTB MTB-PL FES MTB-PK MTDJL MTB-PH MTB-PJ MTBPL|MTB-PC,FES|MTB|MTB-P|MTB-PC|MTB-PH|MTB-PJ|MTB-PK|MTB-PL|MTBPL|MTDJL
MTB-PH,MTB-P MTB MTB-PL FES MTB-PC MTB-PK MTDJL MTB-PJ MTBPL,MTB-P MTB MTB-PL FES MTB-PC MTB-PK MTDJL MTB-PJ MTBPL|MTB-PH,FES|MTB|MTB-P|MTB-PC|MTB-PH|MTB-PJ|MTB-PK|MTB-PL|MTBPL|MTDJL
MTB-PJ,MTB-P MTB MTB-PL FES MTB-PC MTB-PK MTDJL MTB-PH MTBPL,MTB-P MTB MTB-PL FES MTB-PC MTB-PK MTDJL MTB-PH MTBPL|MTB-PJ,FES|MTB|MTB-P|MTB-PC|MTB-PH|MTB-PJ|MTB-PK|MTB-PL|MTBPL|MTDJL
MTB-PK,MTB-P MTB MTB-PL FES MTB-PC MTDJL MTB-PH MTB-PJ MTBPL,MTB-P MTB MTB-PL FES MTB-PC MTDJL MTB-PH MTB-PJ MTBPL|MTB-PK,FES|MTB|MTB-P|MTB-PC|MTB-PH|MTB-PJ|MTB-PK|MTB-PL|MTBPL|MTDJL
MTB-PL,MTB-P MTB FES MTB-PC MTB-PK MTDJL MTB-PH MTB-PJ MTBPL,MTB-P MTB FES MTB-PC MTB-PK MTDJL MTB-PH MTB-PJ MTBPL|MTB-PL,FES|MTB|MTB-P|MTB-PC|MTB-PH|MTB-PJ|MTB-PK|MTB-PL|MTBPL|MTDJL
MTBLY,RENN MTBL,MTBLY|RENN MTBL,MTBL|MTBLY|RENN
MTCH,IAC USAI IACI,IAC USAI IACI|MTCH,IAC|IACI|MTCH|USAI
MTLQQ,GMGMQ GMH GM,GMGMQ GMH GM|MTLQQ,GM|GMGMQ|GMH|MTLQQ
MTNT1,MTNT SKYC,MTNT SKYC|MTNT1,MTNT|MTNT1|SKYC
MTOR,ARM MRA,ARM MRA|MTOR,ARM|MRA|MTOR
MTRY,MTRYW MTRYU,MTRY|MTRYW MTRYU,MTRY|MTRYU|MTRYW
MTRYU,MTRYW MTRY,MTRYU|MTRYW MTRY,MTRY|MTRYU|MTRYW
MTRYW,MTRYU MTRY,MTRYU MTRY|MTRYW,MTRY|MTRYU|MTRYW
MTSI1,MTSI MPP,MTSI MPP|MTSI1,MPP|MTSI|MTSI1
MTTR,GHVI GHVIU GHVIW MTTRW,GHVI GHVIU GHVIW MTTRW|MTTR,GHVI|GHVIU|GHVIW|MTTR|MTTRW
MTTRW,MTTR GHVI GHVIU GHVIW,MTTR GHVI GHVIU GHVIW|MTTRW,GHVI|GHVIU|GHVIW|MTTR|MTTRW
MTVA,NRBO GEMP,MTVA|NRBO GEMP,GEMP|MTVA|NRBO
MTVC,MTVC.WS MTVC.U,MTVC|MTVC.WS MTVC.U,MTVC|MTVC.U|MTVC.WS
MTVC.U,MTVC MTVC.WS,MTVC MTVC.WS|MTVC.U,MTVC|MTVC.U|MTVC.WS
MTVC.WS,MTVC MTVC.U,MTVC MTVC.U|MTVC.WS,MTVC|MTVC.U|MTVC.WS
MUDS,MUDSW MUDSU,MUDS|MUDSW MUDSU,MUDS|MUDSU|MUDSW
MUDSU,MUDS MUDSW,MUDS MUDSW|MUDSU,MUDS|MUDSU|MUDSW
MUDSW,MUDS MUDSU,MUDS MUDSU|MUDSW,MUDS|MUDSU|MUDSW
MUFG,MTU MTF,MTU MTF|MUFG,MTF|MTU|MUFG
MURFU,CDT MURF,CDT MURF|MURFU,CDT|MURF|MURFU
MUX,UXG USGL,MUX|UXG USGL,MUX|USGL|UXG
MVC,MVCD MVCB,MVC|MVCD MVCB,MVC|MVCB|MVCD
MVLA,MVLAW PFDRW PFDRU PFDR,MVLA|MVLAW PFDRW PFDRU PFDR,MVLA|MVLAW|PFDR|PFDRU|PFDRW
MVLAW,PFDRW MVLA PFDRU PFDR,MVLAW|PFDRW MVLA PFDRU PFDR,MVLA|MVLAW|PFDR|PFDRU|PFDRW
MVST,THCBU THCB,MVST|THCBU THCB,MVST|THCB|THCBU
MWEB,ASMC MWB,ASMC MWB|MWEB,ASMC|MWB|MWEB
MWH1,GBPW MWH,GBPW MWH|MWH1,GBPW|MWH|MWH1
MWW,TMPW MNST,MWW|TMPW MNST,MNST|MWW|TMPW
MYND,GEHI RYB,GEHI RYB|MYND,GEHI|MYND|RYB
MYPS,ACACU1 ACAC ACACU,ACACU1 ACAC ACACU|MYPS,ACAC|ACACU|ACACU1|MYPS
MZIAQ,MZ MZIA,MZ MZIA|MZIAQ,MZ|MZIA|MZIAQ
NAAC,NAACU NAACW,NAAC|NAACU NAACW,NAAC|NAACU|NAACW
NAACU,NAACW NAAC,NAACU|NAACW NAAC,NAAC|NAACU|NAACW
NAACW,NAACU NAAC,NAACU NAAC|NAACW,NAAC|NAACU|NAACW
NAKA,KDLYW NAKAW KDLY,KDLYW NAKAW KDLY|NAKA,KDLY|KDLYW|NAKA|NAKAW
NAKAW,NAKA KDLYW KDLY,NAKA KDLYW KDLY|NAKAW,KDLY|KDLYW|NAKA|NAKAW
NAKD1,NAKD SBHL,NAKD SBHL|NAKD1,NAKD|NAKD1|SBHL
NAMM,HCVI HCVIU,HCVI HCVIU|NAMM,HCVI|HCVIU|NAMM
NAMS,FLAC FLACU,FLAC FLACU|NAMS,FLAC|FLACU|NAMS
NASMQ,NASI NASM,NASI NASM|NASMQ,NASI|NASM|NASMQ
NBA.U,MIMO MIMO.WSB NBA.WS NBA MIMO.WS MIMOW MIMO.WSC MIMO.WSA MIMOQ,MIMO MIMO.WSB NBA.WS NBA MIMO.WS MIMOW MIMO.WSC MIMO.WSA MIMOQ|NBA.U,MIMO|MIMO.WS|MIMO.WSA|MIMO.WSB|MIMO.WSC|MIMOQ|MIMOW|NBA|NBA.U|NBA.WS
NBACR,NVVE NBAC NBACU,NBACR|NVVE NBAC NBACU,NBAC|NBACR|NBACU|NVVE
NBACU,NVVE NBACR NBAC,NBACU|NVVE NBACR NBAC,NBAC|NBACR|NBACU|NVVE
NBEVQ,NBEV ABRW,NBEV ABRW|NBEVQ,ABRW|NBEV|NBEVQ
NBFAQ,NVBF NVAO NBF,NBFAQ|NVBF NVAO NBF,NBF|NBFAQ|NVAO|NVBF
NBG-PA,NBG NBGGY,NBG NBGGY|NBG-PA,NBG|NBG-PA|NBGGY
NBGGY,NBG NBG-PA,NBG NBG-PA|NBGGY,NBG|NBG-PA|NBGGY
NBR,NBBRF NBR-PA,NBBRF NBR-PA|NBR,NBBRF|NBR|NBR-PA
NBR-PA,NBR NBBRF,NBR NBBRF|NBR-PA,NBBRF|NBR|NBR-PA
NBST,NBSTW NBSTU,NBST|NBSTW NBSTU,NBST|NBSTU|NBSTW
NBSTU,NBSTW NBST,NBSTU|NBSTW NBST,NBST|NBSTU|NBSTW
NBSTW,NBST NBSTU,NBST NBSTU|NBSTW,NBST|NBSTU|NBSTW
NCACU,NCAC PBM,NCAC PBM|NCACU,NCAC|NCACU|PBM
NCNCF,NCNC NCNCW PNACR PNACW PNACU PNAC,NCNC NCNCW PNACR PNACW PNACU PNAC|NCNCF,NCNC|NCNCF|NCNCW|PNAC|PNACR|PNACU|PNACW
NCNCW,NCNC NCNCF PNACR PNACW PNACU PNAC,NCNC NCNCF PNACR PNACW PNACU PNAC|NCNCW,NCNC|NCNCF|NCNCW|PNAC|PNACR|PNACU|PNACW
NCNXQ,NCNX HART,NCNX HART|NCNXQ,HART|NCNX|NCNXQ
NCRX,GHVI GHVE,GHVI GHVE|NCRX,GHVE|GHVI|NCRX
NDAC,NDACU NDACW,NDAC|NDACU NDACW,NDAC|NDACU|NDACW
NDAC1,NWD SEA NDAC,NDAC1|NWD SEA NDAC,NDAC|NDAC1|NWD|SEA
NEBCU,NEBC ROVRW ROVR NEBCW,NEBC ROVRW ROVR NEBCW|NEBCU,NEBC|NEBCU|NEBCW|ROVR|ROVRW
NEE,NEE-PQ NEE-PO NEE-PT FPL NEE-PP NEE-PR NEE-PK NEE-PH NEE-PU NEE-PV NXTOU NEE-PQ1 NEE-PR1 NEXRU NEE-PJ NEE-PW NEE-PN NEEUU NEEXU NEE-PS NYXGU NEE-PI NEE-PG NEE-PP1 NXEGU NEE-PC,NEE|NEE-PQ NEE-PO NEE-PT FPL NEE-PP NEE-PR NEE-PK NEE-PH NEE-PU NEE-PV NXTOU NEE-PQ1 NEE-PR1 NEXRU NEE-PJ NEE-PW NEE-PN NEEUU NEEXU NEE-PS NYXGU NEE-PI NEE-PG NEE-PP1 NXEGU NEE-PC,FPL|NEE|NEE-PC|NEE-PG|NEE-PH|NEE-PI|NEE-PJ|NEE-PK|NEE-PN|NEE-PO|NEE-PP|NEE-PP1|NEE-PQ|NEE-PQ1|NEE-PR|NEE-PR1|NEE-PS|NEE-PT|NEE-PU|NEE-PV|NEE-PW|NEEUU|NEEXU|NEXRU|NXEGU|NXTOU|NYXGU
NEE-PC,NEE-PQ NEE-PO NEE-PT FPL NEE-PP NEE-PR NEE-PK NEE-PH NEE-PU NEE-PV NXTOU NEE-PQ1 NEE-PR1 NEXRU NEE NEE-PJ NEE-PW NEE-PN NEEUU NEEXU NEE-PS NYXGU NEE-PI NEE-PG NEE-PP1 NXEGU,NEE-PC|NEE-PQ NEE-PO NEE-PT FPL NEE-PP NEE-PR NEE-PK NEE-PH NEE-PU NEE-PV NXTOU NEE-PQ1 NEE-PR1 NEXRU NEE NEE-PJ NEE-PW NEE-PN NEEUU NEEXU NEE-PS NYXGU NEE-PI NEE-PG NEE-PP1 NXEGU,FPL|NEE|NEE-PC|NEE-PG|NEE-PH|NEE-PI|NEE-PJ|NEE-PK|NEE-PN|NEE-PO|NEE-PP|NEE-PP1|NEE-PQ|NEE-PQ1|NEE-PR|NEE-PR1|NEE-PS|NEE-PT|NEE-PU|NEE-PV|NEE-PW|NEEUU|NEEXU|NEXRU|NXEGU|NXTOU|NYXGU
NEE-PG,NEE-PQ NEE-PO NEE-PT FPL NEE-PP NEE-PR NEE-PK NEE-PH NEE-PU NEE-PV NXTOU NEE-PQ1 NEE-PR1 NEXRU NEE NEE-PJ NEE-PW NEE-PN NEEUU NEEXU NEE-PS NYXGU NEE-PI NEE-PP1 NXEGU NEE-PC,NEE-PG|NEE-PQ NEE-PO NEE-PT FPL NEE-PP NEE-PR NEE-PK NEE-PH NEE-PU NEE-PV NXTOU NEE-PQ1 NEE-PR1 NEXRU NEE NEE-PJ NEE-PW NEE-PN NEEUU NEEXU NEE-PS NYXGU NEE-PI NEE-PP1 NXEGU NEE-PC,FPL|NEE|NEE-PC|NEE-PG|NEE-PH|NEE-PI|NEE-PJ|NEE-PK|NEE-PN|NEE-PO|NEE-PP|NEE-PP1|NEE-PQ|NEE-PQ1|NEE-PR|NEE-PR1|NEE-PS|NEE-PT|NEE-PU|NEE-PV|NEE-PW|NEEUU|NEEXU|NEXRU|NXEGU|NXTOU|NYXGU
NEE-PH,NEE-PQ NEE-PO NEE-PT FPL NEE-PP NEE-PR NEE-PK NEE-PU NEE-PV NXTOU NEE-PQ1 NEE-PR1 NEXRU NEE NEE-PJ NEE-PW NEE-PN NEEUU NEEXU NEE-PS NYXGU NEE-PI NEE-PG NEE-PP1 NXEGU NEE-PC,NEE-PH|NEE-PQ NEE-PO NEE-PT FPL NEE-PP NEE-PR NEE-PK NEE-PU NEE-PV NXTOU NEE-PQ1 NEE-PR1 NEXRU NEE NEE-PJ NEE-PW NEE-PN NEEUU NEEXU NEE-PS NYXGU NEE-PI NEE-PG NEE-PP1 NXEGU NEE-PC,FPL|NEE|NEE-PC|NEE-PG|NEE-PH|NEE-PI|NEE-PJ|NEE-PK|NEE-PN|NEE-PO|NEE-PP|NEE-PP1|NEE-PQ|NEE-PQ1|NEE-PR|NEE-PR1|NEE-PS|NEE-PT|NEE-PU|NEE-PV|NEE-PW|NEEUU|NEEXU|NEXRU|NXEGU|NXTOU|NYXGU
NEE-PI,NEE-PQ NEE-PO NEE-PT FPL NEE-PP NEE-PR NEE-PK NEE-PH NEE-PU NEE-PV NXTOU NEE-PQ1 NEE-PR1 NEXRU NEE NEE-PJ NEE-PW NEE-PN NEEUU NEEXU NEE-PS NYXGU NEE-PG NEE-PP1 NXEGU NEE-PC,NEE-PI|NEE-PQ NEE-PO NEE-PT FPL NEE-PP NEE-PR NEE-PK NEE-PH NEE-PU NEE-PV NXTOU NEE-PQ1 NEE-PR1 NEXRU NEE NEE-PJ NEE-PW NEE-PN NEEUU NEEXU NEE-PS NYXGU NEE-PG NEE-PP1 NXEGU NEE-PC,FPL|NEE|NEE-PC|NEE-PG|NEE-PH|NEE-PI|NEE-PJ|NEE-PK|NEE-PN|NEE-PO|NEE-PP|NEE-PP1|NEE-PQ|NEE-PQ1|NEE-PR|NEE-PR1|NEE-PS|NEE-PT|NEE-PU|NEE-PV|NEE-PW|NEEUU|NEEXU|NEXRU|NXEGU|NXTOU|NYXGU
NEE-PJ,NEE-PQ NEE-PO NEE-PT FPL NEE-PP NEE-PR NEE-PK NEE-PH NEE-PU NEE-PV NXTOU NEE-PQ1 NEE-PR1 NEXRU NEE NEE-PW NEE-PN NEEUU NEEXU NEE-PS NYXGU NEE-PI NEE-PG NEE-PP1 NXEGU NEE-PC,NEE-PJ|NEE-PQ NEE-PO NEE-PT FPL NEE-PP NEE-PR NEE-PK NEE-PH NEE-PU NEE-PV NXTOU NEE-PQ1 NEE-PR1 NEXRU NEE NEE-PW NEE-PN NEEUU NEEXU NEE-PS NYXGU NEE-PI NEE-PG NEE-PP1 NXEGU NEE-PC,FPL|NEE|NEE-PC|NEE-PG|NEE-PH|NEE-PI|NEE-PJ|NEE-PK|NEE-PN|NEE-PO|NEE-PP|NEE-PP1|NEE-PQ|NEE-PQ1|NEE-PR|NEE-PR1|NEE-PS|NEE-PT|NEE-PU|NEE-PV|NEE-PW|NEEUU|NEEXU|NEXRU|NXEGU|NXTOU|NYXGU
NEE-PK,NEE-PQ NEE-PO NEE-PT FPL NEE-PP NEE-PR NEE-PH NEE-PU NEE-PV NXTOU NEE-PQ1 NEE-PR1 NEXRU NEE NEE-PJ NEE-PW NEE-PN NEEUU NEEXU NEE-PS NYXGU NEE-PI NEE-PG NEE-PP1 NXEGU NEE-PC,NEE-PK|NEE-PQ NEE-PO NEE-PT FPL NEE-PP NEE-PR NEE-PH NEE-PU NEE-PV NXTOU NEE-PQ1 NEE-PR1 NEXRU NEE NEE-PJ NEE-PW NEE-PN NEEUU NEEXU NEE-PS NYXGU NEE-PI NEE-PG NEE-PP1 NXEGU NEE-PC,FPL|NEE|NEE-PC|NEE-PG|NEE-PH|NEE-PI|NEE-PJ|NEE-PK|NEE-PN|NEE-PO|NEE-PP|NEE-PP1|NEE-PQ|NEE-PQ1|NEE-PR|NEE-PR1|NEE-PS|NEE-PT|NEE-PU|NEE-PV|NEE-PW|NEEUU|NEEXU|NEXRU|NXEGU|NXTOU|NYXGU
NEE-PN,NEE-PQ NEE-PO NEE-PT FPL NEE-PP NEE-PR NEE-PK NEE-PH NEE-PU NEE-PV NXTOU NEE-PQ1 NEE-PR1 NEXRU NEE NEE-PJ NEE-PW NEEUU NEEXU NEE-PS NYXGU NEE-PI NEE-PG NEE-PP1 NXEGU NEE-PC,NEE-PN|NEE-PQ NEE-PO NEE-PT FPL NEE-PP NEE-PR NEE-PK NEE-PH NEE-PU NEE-PV NXTOU NEE-PQ1 NEE-PR1 NEXRU NEE NEE-PJ NEE-PW NEEUU NEEXU NEE-PS NYXGU NEE-PI NEE-PG NEE-PP1 NXEGU NEE-PC,FPL|NEE|NEE-PC|NEE-PG|NEE-PH|NEE-PI|NEE-PJ|NEE-PK|NEE-PN|NEE-PO|NEE-PP|NEE-PP1|NEE-PQ|NEE-PQ1|NEE-PR|NEE-PR1|NEE-PS|NEE-PT|NEE-PU|NEE-PV|NEE-PW|NEEUU|NEEXU|NEXRU|NXEGU|NXTOU|NYXGU
NEE-PO,NEE-PQ NEE-PT FPL NEE-PP NEE-PR NEE-PK NEE-PH NEE-PU NEE-PV NXTOU NEE-PQ1 NEE-PR1 NEXRU NEE NEE-PJ NEE-PW NEEUU NEE-PN NEEXU NEE-PS NYXGU NEE-PI NEE-PG NEE-PP1 NXEGU NEE-PC,NEE-PO|NEE-PQ NEE-PT FPL NEE-PP NEE-PR NEE-PK NEE-PH NEE-PU NEE-PV NXTOU NEE-PQ1 NEE-PR1 NEXRU NEE NEE-PJ NEE-PW NEEUU NEE-PN NEEXU NEE-PS NYXGU NEE-PI NEE-PG NEE-PP1 NXEGU NEE-PC,FPL|NEE|NEE-PC|NEE-PG|NEE-PH|NEE-PI|NEE-PJ|NEE-PK|NEE-PN|NEE-PO|NEE-PP|NEE-PP1|NEE-PQ|NEE-PQ1|NEE-PR|NEE-PR1|NEE-PS|NEE-PT|NEE-PU|NEE-PV|NEE-PW|NEEUU|NEEXU|NEXRU|NXEGU|NXTOU|NYXGU
NEE-PP,NEE-PQ NEE-PO NEE-PT FPL NEE-PR NEE-PK NEE-PH NEE-PU NEE-PV NXTOU NEE-PQ1 NEE-PR1 NEXRU NEE NEE-PJ NEE-PW NEE-PN NEEUU NEEXU NEE-PS NYXGU NEE-PI NEE-PG NEE-PP1 NXEGU NEE-PC,NEE-PP|NEE-PQ NEE-PO NEE-PT FPL NEE-PR NEE-PK NEE-PH NEE-PU NEE-PV NXTOU NEE-PQ1 NEE-PR1 NEXRU NEE NEE-PJ NEE-PW NEE-PN NEEUU NEEXU NEE-PS NYXGU NEE-PI NEE-PG NEE-PP1 NXEGU NEE-PC,FPL|NEE|NEE-PC|NEE-PG|NEE-PH|NEE-PI|NEE-PJ|NEE-PK|NEE-PN|NEE-PO|NEE-PP|NEE-PP1|NEE-PQ|NEE-PQ1|NEE-PR|NEE-PR1|NEE-PS|NEE-PT|NEE-PU|NEE-PV|NEE-PW|NEEUU|NEEXU|NEXRU|NXEGU|NXTOU|NYXGU
NEE-PP1,NEE-PQ NEE-PO NEE-PT FPL NEE-PP NEE-PR NEE-PK NEE-PH NEE-PU NEE-PV NXTOU NEE-PQ1 NEE-PR1 NEXRU NEE NEE-PJ NEE-PW NEE-PN NEEUU NEEXU NEE-PS NYXGU NEE-PI NEE-PG NXEGU NEE-PC,NEE-PP1|NEE-PQ NEE-PO NEE-PT FPL NEE-PP NEE-PR NEE-PK NEE-PH NEE-PU NEE-PV NXTOU NEE-PQ1 NEE-PR1 NEXRU NEE NEE-PJ NEE-PW NEE-PN NEEUU NEEXU NEE-PS NYXGU NEE-PI NEE-PG NXEGU NEE-PC,FPL|NEE|NEE-PC|NEE-PG|NEE-PH|NEE-PI|NEE-PJ|NEE-PK|NEE-PN|NEE-PO|NEE-PP|NEE-PP1|NEE-PQ|NEE-PQ1|NEE-PR|NEE-PR1|NEE-PS|NEE-PT|NEE-PU|NEE-PV|NEE-PW|NEEUU|NEEXU|NEXRU|NXEGU|NXTOU|NYXGU
NEE-PQ,NEE-PO NEE-PT FPL NEE-PP NEE-PR NEE-PK NEE-PH NEE-PU NEE-PV NXTOU NEE-PQ1 NEE-PR1 NEXRU NEE NEE-PJ NEE-PW NEE-PN NEEUU NEEXU NEE-PS NYXGU NEE-PI NEE-PG NEE-PP1 NXEGU NEE-PC,NEE-PO NEE-PT FPL NEE-PP NEE-PR NEE-PK NEE-PH NEE-PU NEE-PV NXTOU NEE-PQ1 NEE-PR1 NEXRU NEE NEE-PJ NEE-PW NEE-PN NEEUU NEEXU NEE-PS NYXGU NEE-PI NEE-PG NEE-PP1 NXEGU NEE-PC|NEE-PQ,FPL|NEE|NEE-PC|NEE-PG|NEE-PH|NEE-PI|NEE-PJ|NEE-PK|NEE-PN|NEE-PO|NEE-PP|NEE-PP1|NEE-PQ|NEE-PQ1|NEE-PR|NEE-PR1|NEE-PS|NEE-PT|NEE-PU|NEE-PV|NEE-PW|NEEUU|NEEXU|NEXRU|NXEGU|NXTOU|NYXGU
NEE-PQ1,NEE-PQ NEE-PO NEE-PT FPL NEE-PP NEE-PR NEE-PK NEE-PH NEE-PU NEE-PV NXTOU NEE-PR1 NEXRU NEE NEE-PJ NEE-PW NEE-PN NEEUU NEEXU NEE-PS NYXGU NEE-PI NEE-PG NEE-PP1 NXEGU NEE-PC,NEE-PQ NEE-PO NEE-PT FPL NEE-PP NEE-PR NEE-PK NEE-PH NEE-PU NEE-PV NXTOU NEE-PR1 NEXRU NEE NEE-PJ NEE-PW NEE-PN NEEUU NEEXU NEE-PS NYXGU NEE-PI NEE-PG NEE-PP1 NXEGU NEE-PC|NEE-PQ1,FPL|NEE|NEE-PC|NEE-PG|NEE-PH|NEE-PI|NEE-PJ|NEE-PK|NEE-PN|NEE-PO|NEE-PP|NEE-PP1|NEE-PQ|NEE-PQ1|NEE-PR|NEE-PR1|NEE-PS|NEE-PT|NEE-PU|NEE-PV|NEE-PW|NEEUU|NEEXU|NEXRU|NXEGU|NXTOU|NYXGU
NEE-PR,NEE-PQ NEE-PO NEE-PT FPL NEE-PP NEE-PK NEE-PH NEE-PU NEE-PV NXTOU NEE-PQ1 NEE-PR1 NEXRU NEE NEE-PJ NEE-PW NEE-PN NEEUU NEEXU NEE-PS NYXGU NEE-PI NEE-PG NEE-PP1 NXEGU NEE-PC,NEE-PQ NEE-PO NEE-PT FPL NEE-PP NEE-PK NEE-PH NEE-PU NEE-PV NXTOU NEE-PQ1 NEE-PR1 NEXRU NEE NEE-PJ NEE-PW NEE-PN NEEUU NEEXU NEE-PS NYXGU NEE-PI NEE-PG NEE-PP1 NXEGU NEE-PC|NEE-PR,FPL|NEE|NEE-PC|NEE-PG|NEE-PH|NEE-PI|NEE-PJ|NEE-PK|NEE-PN|NEE-PO|NEE-PP|NEE-PP1|NEE-PQ|NEE-PQ1|NEE-PR|NEE-PR1|NEE-PS|NEE-PT|NEE-PU|NEE-PV|NEE-PW|NEEUU|NEEXU|NEXRU|NXEGU|NXTOU|NYXGU
NEE-PR1,NEE-PQ NEE-PO NEE-PT FPL NEE-PP NEE-PR NEE-PK NEE-PH NEE-PU NEE-PV NXTOU NEE-PQ1 NEXRU NEE NEE-PJ NEE-PW NEE-PN NEEUU NEEXU NEE-PS NYXGU NEE-PI NEE-PG NEE-PP1 NXEGU NEE-PC,NEE-PQ NEE-PO NEE-PT FPL NEE-PP NEE-PR NEE-PK NEE-PH NEE-PU NEE-PV NXTOU NEE-PQ1 NEXRU NEE NEE-PJ NEE-PW NEE-PN NEEUU NEEXU NEE-PS NYXGU NEE-PI NEE-PG NEE-PP1 NXEGU NEE-PC|NEE-PR1,FPL|NEE|NEE-PC|NEE-PG|NEE-PH|NEE-PI|NEE-PJ|NEE-PK|NEE-PN|NEE-PO|NEE-PP|NEE-PP1|NEE-PQ|NEE-PQ1|NEE-PR|NEE-PR1|NEE-PS|NEE-PT|NEE-PU|NEE-PV|NEE-PW|NEEUU|NEEXU|NEXRU|NXEGU|NXTOU|NYXGU
NEE-PS,NEE-PQ NEE-PO NEE-PT FPL NEE-PP NEE-PR NEE-PK NEE-PH NEE-PU NEE-PV NXTOU NEE-PQ1 NEE-PR1 NEXRU NEE NEE-PJ NEE-PW NEE-PN NEEUU NEEXU NYXGU NEE-PI NEE-PG NEE-PP1 NXEGU NEE-PC,NEE-PQ NEE-PO NEE-PT FPL NEE-PP NEE-PR NEE-PK NEE-PH NEE-PU NEE-PV NXTOU NEE-PQ1 NEE-PR1 NEXRU NEE NEE-PJ NEE-PW NEE-PN NEEUU NEEXU NYXGU NEE-PI NEE-PG NEE-PP1 NXEGU NEE-PC|NEE-PS,FPL|NEE|NEE-PC|NEE-PG|NEE-PH|NEE-PI|NEE-PJ|NEE-PK|NEE-PN|NEE-PO|NEE-PP|NEE-PP1|NEE-PQ|NEE-PQ1|NEE-PR|NEE-PR1|NEE-PS|NEE-PT|NEE-PU|NEE-PV|NEE-PW|NEEUU|NEEXU|NEXRU|NXEGU|NXTOU|NYXGU
NEE-PT,NEE-PQ NEE-PO FPL NEE-PP NEE-PR NEE-PK NEE-PH NEE-PU NEE-PV NXTOU NEE-PQ1 NEE-PR1 NEXRU NEE NEE-PJ NEE-PW NEE-PN NEEUU NEEXU NEE-PS NYXGU NEE-PI NEE-PG NEE-PP1 NXEGU NEE-PC,NEE-PQ NEE-PO FPL NEE-PP NEE-PR NEE-PK NEE-PH NEE-PU NEE-PV NXTOU NEE-PQ1 NEE-PR1 NEXRU NEE NEE-PJ NEE-PW NEE-PN NEEUU NEEXU NEE-PS NYXGU NEE-PI NEE-PG NEE-PP1 NXEGU NEE-PC|NEE-PT,FPL|NEE|NEE-PC|NEE-PG|NEE-PH|NEE-PI|NEE-PJ|NEE-PK|NEE-PN|NEE-PO|NEE-PP|NEE-PP1|NEE-PQ|NEE-PQ1|NEE-PR|NEE-PR1|NEE-PS|NEE-PT|NEE-PU|NEE-PV|NEE-PW|NEEUU|NEEXU|NEXRU|NXEGU|NXTOU|NYXGU
NEE-PU,NEE-PQ NEE-PO NEE-PT FPL NEE-PP NEE-PR NEE-PK NEE-PH NEE-PV NXTOU NEE-PQ1 NEE-PR1 NEXRU NEE NEE-PJ NEE-PW NEE-PN NEEUU NEEXU NEE-PS NYXGU NEE-PI NEE-PG NEE-PP1 NXEGU NEE-PC,NEE-PQ NEE-PO NEE-PT FPL NEE-PP NEE-PR NEE-PK NEE-PH NEE-PV NXTOU NEE-PQ1 NEE-PR1 NEXRU NEE NEE-PJ NEE-PW NEE-PN NEEUU NEEXU NEE-PS NYXGU NEE-PI NEE-PG NEE-PP1 NXEGU NEE-PC|NEE-PU,FPL|NEE|NEE-PC|NEE-PG|NEE-PH|NEE-PI|NEE-PJ|NEE-PK|NEE-PN|NEE-PO|NEE-PP|NEE-PP1|NEE-PQ|NEE-PQ1|NEE-PR|NEE-PR1|NEE-PS|NEE-PT|NEE-PU|NEE-PV|NEE-PW|NEEUU|NEEXU|NEXRU|NXEGU|NXTOU|NYXGU
NEE-PV,NEE-PQ NEE-PO NEE-PT FPL NEE-PP NEE-PR NEE-PK NEE-PH NEE-PU NXTOU NEE-PQ1 NEE-PR1 NEXRU NEE NEE-PJ NEE-PW NEE-PN NEEUU NEEXU NEE-PS NYXGU NEE-PI NEE-PG NEE-PP1 NXEGU NEE-PC,NEE-PQ NEE-PO NEE-PT FPL NEE-PP NEE-PR NEE-PK NEE-PH NEE-PU NXTOU NEE-PQ1 NEE-PR1 NEXRU NEE NEE-PJ NEE-PW NEE-PN NEEUU NEEXU NEE-PS NYXGU NEE-PI NEE-PG NEE-PP1 NXEGU NEE-PC|NEE-PV,FPL|NEE|NEE-PC|NEE-PG|NEE-PH|NEE-PI|NEE-PJ|NEE-PK|NEE-PN|NEE-PO|NEE-PP|NEE-PP1|NEE-PQ|NEE-PQ1|NEE-PR|NEE-PR1|NEE-PS|NEE-PT|NEE-PU|NEE-PV|NEE-PW|NEEUU|NEEXU|NEXRU|NXEGU|NXTOU|NYXGU
NEE-PW,NEE-PQ NEE-PO NEE-PT FPL NEE-PP NEE-PR NEE-PK NEE-PH NEE-PU NEE-PV NXTOU NEE-PQ1 NEE-PR1 NEXRU NEE NEE-PJ NEE-PN NEEUU NEEXU NEE-PS NYXGU NEE-PI NEE-PG NEE-PP1 NXEGU NEE-PC,NEE-PQ NEE-PO NEE-PT FPL NEE-PP NEE-PR NEE-PK NEE-PH NEE-PU NEE-PV NXTOU NEE-PQ1 NEE-PR1 NEXRU NEE NEE-PJ NEE-PN NEEUU NEEXU NEE-PS NYXGU NEE-PI NEE-PG NEE-PP1 NXEGU NEE-PC|NEE-PW,FPL|NEE|NEE-PC|NEE-PG|NEE-PH|NEE-PI|NEE-PJ|NEE-PK|NEE-PN|NEE-PO|NEE-PP|NEE-PP1|NEE-PQ|NEE-PQ1|NEE-PR|NEE-PR1|NEE-PS|NEE-PT|NEE-PU|NEE-PV|NEE-PW|NEEUU|NEEXU|NEXRU|NXEGU|NXTOU|NYXGU
NEGG,LLIT DHRM,LLIT DHRM|NEGG,DHRM|LLIT|NEGG
NEON1,NEON NESY,NEON NESY|NEON1,NEON|NEON1|NESY
NESCQ,NESC HEK HEK.U NES,NESC HEK HEK.U NES|NESCQ,HEK|HEK.U|NES|NESC|NESCQ
NESCQ1,NESCQ NESC,NESCQ NESC|NESCQ1,NESC|NESCQ|NESCQ1
NESR,NESRU NESRW,NESR|NESRU NESRW,NESR|NESRU|NESRW
NESRW,NESRU NESR,NESRU NESR|NESRW,NESR|NESRU|NESRW
NETC.U,NETC VSTEW NETC.WS VSTE,NETC VSTEW NETC.WS VSTE|NETC.U,NETC|NETC.U|NETC.WS|VSTE|VSTEW
NETC3,GLCBY NETC,GLCBY NETC|NETC3,GLCBY|NETC|NETC3
NETD,NETDW NETDU,NETD|NETDW NETDU,NETD|NETDU|NETDW
NETDU,NETD NETDW,NETD NETDW|NETDU,NETD|NETDU|NETDW
NETDW,NETD NETDU,NETD NETDU|NETDW,NETD|NETDU|NETDW
NETI,SLTB SALT,NETI|SLTB SALT,NETI|SALT|SLTB
NEWCQ,NEWC NCEN NEW,NEWC NCEN NEW|NEWCQ,NCEN|NEW|NEWC|NEWCQ
NEWT,NEWTI NKBS NEWTL NEWTZ1 NEWTP NEWTG NEWTZ NEWTO NEWTH NWTKL NEWTI1 NEWTL1,NEWT|NEWTI NKBS NEWTL NEWTZ1 NEWTP NEWTG NEWTZ NEWTO NEWTH NWTKL NEWTI1 NEWTL1,NEWT|NEWTG|NEWTH|NEWTI|NEWTI1|NEWTL|NEWTL1|NEWTO|NEWTP|NEWTZ|NEWTZ1|NKBS|NWTKL
NEWTP,NEWTI NKBS NEWTL NEWTZ1 NEWTG NEWTZ NEWTO NEWT NEWTH NWTKL NEWTI1 NEWTL1,NEWTI NKBS NEWTL NEWTZ1 NEWTG NEWTZ NEWTO NEWT NEWTH NWTKL NEWTI1 NEWTL1|NEWTP,NEWT|NEWTG|NEWTH|NEWTI|NEWTI1|NEWTL|NEWTL1|NEWTO|NEWTP|NEWTZ|NEWTZ1|NKBS|NWTKL
NEXT,HRMNU HRMN,HRMNU HRMN|NEXT,HRMN|HRMNU|NEXT
NFH,NFC NFC.WS NFH.WS NFC.U,NFC NFC.WS NFH.WS NFC.U|NFH,NFC|NFC.U|NFC.WS|NFH|NFH.WS
NFH.WS,NFC NFC.WS NFC.U NFH,NFC NFC.WS NFC.U NFH|NFH.WS,NFC|NFC.U|NFC.WS|NFH|NFH.WS
NFNT,NFNT.U NFNT.WS,NFNT|NFNT.U NFNT.WS,NFNT|NFNT.U|NFNT.WS
NFNT.U,NFNT NFNT.WS,NFNT NFNT.WS|NFNT.U,NFNT|NFNT.U|NFNT.WS
NFNT.WS,NFNT NFNT.U,NFNT NFNT.U|NFNT.WS,NFNT|NFNT.U|NFNT.WS
NFSCF,NFYS.WS NFSWF NFYS NFYS.U NFSUF,NFSCF|NFYS.WS NFSWF NFYS NFYS.U NFSUF,NFSCF|NFSUF|NFSWF|NFYS|NFYS.U|NFYS.WS
NFSUF,NFYS.WS NFSWF NFYS NFYS.U NFSCF,NFSUF|NFYS.WS NFSWF NFYS NFYS.U NFSCF,NFSCF|NFSUF|NFSWF|NFYS|NFYS.U|NFYS.WS
NFSWF,NFYS.WS NFYS NFYS.U NFSUF NFSCF,NFSWF|NFYS.WS NFYS NFYS.U NFSUF NFSCF,NFSCF|NFSUF|NFSWF|NFYS|NFYS.U|NFYS.WS
NGA.U,LEVGQ LEV LEV.WS NGA NGA.WS LEV.WSA,LEVGQ LEV LEV.WS NGA NGA.WS LEV.WSA|NGA.U,LEV|LEV.WS|LEV.WSA|LEVGQ|NGA|NGA.U|NGA.WS
NGAB.U,EMBKW NGAB.WS NGAB EMBK,EMBKW NGAB.WS NGAB EMBK|NGAB.U,EMBK|EMBKW|NGAB|NGAB.U|NGAB.WS
NGAC1,NGAC KIN NGA,NGAC KIN NGA|NGAC1,KIN|NGA|NGAC|NGAC1
NGACU,NGAC XOS,NGAC XOS|NGACU,NGAC|NGACU|XOS
NGC,NGC.U NGC.WS,NGC|NGC.U NGC.WS,NGC|NGC.U|NGC.WS
NGC.U,NGC NGC.WS,NGC NGC.WS|NGC.U,NGC|NGC.U|NGC.WS
NGC.WS,NGC NGC.U,NGC NGC.U|NGC.WS,NGC|NGC.U|NGC.WS
NGCAU,NGCA NGCAW VORBQ VORBW VORB,NGCA NGCAW VORBQ VORBW VORB|NGCAU,NGCA|NGCAU|NGCAW|VORB|VORBQ|VORBW
NGHC,NGHCO NGHCZ NGHCN NGHCP,NGHC|NGHCO NGHCZ NGHCN NGHCP,NGHC|NGHCN|NGHCO|NGHCP|NGHCZ
NGHCN,NGHCO NGHCZ NGHC NGHCP,NGHCN|NGHCO NGHCZ NGHC NGHCP,NGHC|NGHCN|NGHCO|NGHCP|NGHCZ
NGHCO,NGHCZ NGHCN NGHC NGHCP,NGHCO|NGHCZ NGHCN NGHC NGHCP,NGHC|NGHCN|NGHCO|NGHCP|NGHCZ
NGHCP,NGHCO NGHCZ NGHCN NGHC,NGHCO NGHCZ NGHCN NGHC|NGHCP,NGHC|NGHCN|NGHCO|NGHCP|NGHCZ
NGI,GBXX GEX,GBXX GEX|NGI,GBXX|GEX|NGI
NGL,NGL-PC NGL-PB,NGL|NGL-PC NGL-PB,NGL|NGL-PB|NGL-PC
NGL-PB,NGL-PC NGL,NGL-PB|NGL-PC NGL,NGL|NGL-PB|NGL-PC
NGL-PC,NGL NGL-PB,NGL NGL-PB|NGL-PC,NGL|NGL-PB|NGL-PC
NHICW1,NHICU NHIC1 NHICW NHIC NHICU1,NHICU NHIC1 NHICW NHIC NHICU1|NHICW1,NHIC|NHIC1|NHICU|NHICU1|NHICW|NHICW1
NGNE,NLTX AQXP,NGNE|NLTX AQXP,AQXP|NGNE|NLTX
NHIC1,NHICW1 NHICU NHICW NHIC NHICU1,NHIC1|NHICW1 NHICU NHICW NHIC NHICU1,NHIC|NHIC1|NHICU|NHICU1|NHICW|NHICW1
NHICU1,NHICW1 NHICU NHIC1 NHICW NHIC,NHICU1|NHICW1 NHICU NHIC1 NHICW NHIC,NHIC|NHIC1|NHICU|NHICU1|NHICW|NHICW1
NHLD,OLY NHLDW OLYD,NHLD|OLY NHLDW OLYD,NHLD|NHLDW|OLY|OLYD
NHLDW,OLY NHLD OLYD,NHLDW|OLY NHLD OLYD,NHLD|NHLDW|OLY|OLYD
NHP,NHPAP HTIA,NHP|NHPAP HTIA,HTIA|NHP|NHPAP
NHPAP,HTIA NHP NHPBP HTIBP,HTIA NHP NHPBP HTIBP|NHPAP,HTIA|HTIBP|NHP|NHPAP|NHPBP
NHPBP,NHPAP HTIA HTIBP,NHPAP HTIA HTIBP|NHPBP,HTIA|HTIBP|NHPAP|NHPBP
NHR1,NHRU NHR,NHR1|NHRU NHR,NHR|NHR1|NHRU
NHTC,NHLC BHIP,NHLC BHIP|NHTC,BHIP|NHLC|NHTC
NI,NI-PB NIMC,NI|NI-PB NIMC,NI|NI-PB|NIMC
NI-PB,NIMC NI,NI-PB|NIMC NI,NI|NI-PB|NIMC
NIMC,NI NI-PB,NI NI-PB|NIMC,NI|NI-PB|NIMC
NIRLQ,INKAW NIRWQ INKAU NIR NIRWW INKA,INKAW NIRWQ INKAU NIR NIRWW INKA|NIRLQ,INKA|INKAU|INKAW|NIR|NIRLQ|NIRWQ|NIRWW
NIRWQ,INKAW NIRLQ INKAU NIR NIRWW INKA,INKAW NIRLQ INKAU NIR NIRWW INKA|NIRWQ,INKA|INKAU|INKAW|NIR|NIRLQ|NIRWQ|NIRWW
NIVF,ASCAU ASCAR ASCA,ASCAU ASCAR ASCA|NIVF,ASCA|ASCAR|ASCAU|NIVF
NIXX,RCRT TRLI,NIXX|RCRT TRLI,NIXX|RCRT|TRLI
NKGN,GFOR GFOR.WS GFOR.U NKGNW,GFOR GFOR.WS GFOR.U NKGNW|NKGN,GFOR|GFOR.U|GFOR.WS|NKGN|NKGNW
NKGNW,GFOR NKGN GFOR.WS GFOR.U,GFOR NKGN GFOR.WS GFOR.U|NKGNW,GFOR|GFOR.U|GFOR.WS|NKGN|NKGNW
NKLAQ,NKLA VTIQU VTIQ,NKLA VTIQU VTIQ|NKLAQ,NKLA|NKLAQ|VTIQ|VTIQU
NKLR,GSRT GSRTR GSRTU,GSRT GSRTR GSRTU|NKLR,GSRT|GSRTR|GSRTU|NKLR
NLITU,SHFS NLIT,NLITU|SHFS NLIT,NLIT|NLITU|SHFS
NLMP,JTWO NLPN NLN,JTWO NLPN NLN|NLMP,JTWO|NLMP|NLN|NLPN
NLY,NLY-PJ NLY-PD NLY-PA NLY-PC NLY-PH NLY-PF NLY-PG NLY-PE NLY-PI,NLY|NLY-PJ NLY-PD NLY-PA NLY-PC NLY-PH NLY-PF NLY-PG NLY-PE NLY-PI,NLY|NLY-PA|NLY-PC|NLY-PD|NLY-PE|NLY-PF|NLY-PG|NLY-PH|NLY-PI|NLY-PJ
NLY-PA,NLY NLY-PJ NLY-PD NLY-PC NLY-PH NLY-PF NLY-PG NLY-PE NLY-PI,NLY NLY-PJ NLY-PD NLY-PC NLY-PH NLY-PF NLY-PG NLY-PE NLY-PI|NLY-PA,NLY|NLY-PA|NLY-PC|NLY-PD|NLY-PE|NLY-PF|NLY-PG|NLY-PH|NLY-PI|NLY-PJ
NLY-PC,NLY NLY-PJ NLY-PD NLY-PA NLY-PH NLY-PF NLY-PG NLY-PE NLY-PI,NLY NLY-PJ NLY-PD NLY-PA NLY-PH NLY-PF NLY-PG NLY-PE NLY-PI|NLY-PC,NLY|NLY-PA|NLY-PC|NLY-PD|NLY-PE|NLY-PF|NLY-PG|NLY-PH|NLY-PI|NLY-PJ
NLY-PD,NLY NLY-PJ NLY-PA NLY-PC NLY-PH NLY-PF NLY-PG NLY-PE NLY-PI,NLY NLY-PJ NLY-PA NLY-PC NLY-PH NLY-PF NLY-PG NLY-PE NLY-PI|NLY-PD,NLY|NLY-PA|NLY-PC|NLY-PD|NLY-PE|NLY-PF|NLY-PG|NLY-PH|NLY-PI|NLY-PJ
NLY-PE,NLY NLY-PJ NLY-PD NLY-PA NLY-PC NLY-PH NLY-PF NLY-PG NLY-PI,NLY NLY-PJ NLY-PD NLY-PA NLY-PC NLY-PH NLY-PF NLY-PG NLY-PI|NLY-PE,NLY|NLY-PA|NLY-PC|NLY-PD|NLY-PE|NLY-PF|NLY-PG|NLY-PH|NLY-PI|NLY-PJ
NLY-PF,NLY NLY-PJ NLY-PD NLY-PA NLY-PC NLY-PH NLY-PG NLY-PE NLY-PI,NLY NLY-PJ NLY-PD NLY-PA NLY-PC NLY-PH NLY-PG NLY-PE NLY-PI|NLY-PF,NLY|NLY-PA|NLY-PC|NLY-PD|NLY-PE|NLY-PF|NLY-PG|NLY-PH|NLY-PI|NLY-PJ
NLY-PG,NLY NLY-PJ NLY-PD NLY-PA NLY-PC NLY-PH NLY-PF NLY-PE NLY-PI,NLY NLY-PJ NLY-PD NLY-PA NLY-PC NLY-PH NLY-PF NLY-PE NLY-PI|NLY-PG,NLY|NLY-PA|NLY-PC|NLY-PD|NLY-PE|NLY-PF|NLY-PG|NLY-PH|NLY-PI|NLY-PJ
NLY-PH,NLY NLY-PJ NLY-PD NLY-PA NLY-PC NLY-PF NLY-PG NLY-PE NLY-PI,NLY NLY-PJ NLY-PD NLY-PA NLY-PC NLY-PF NLY-PG NLY-PE NLY-PI|NLY-PH,NLY|NLY-PA|NLY-PC|NLY-PD|NLY-PE|NLY-PF|NLY-PG|NLY-PH|NLY-PI|NLY-PJ
NLY-PI,NLY NLY-PJ NLY-PD NLY-PA NLY-PH NLY-PC NLY-PF NLY-PG NLY-PE,NLY NLY-PJ NLY-PD NLY-PA NLY-PH NLY-PC NLY-PF NLY-PG NLY-PE|NLY-PI,NLY|NLY-PA|NLY-PC|NLY-PD|NLY-PE|NLY-PF|NLY-PG|NLY-PH|NLY-PI|NLY-PJ
NLY-PJ,NLY NLY-PD NLY-PA NLY-PH NLY-PC NLY-PF NLY-PG NLY-PE NLY-PI,NLY NLY-PD NLY-PA NLY-PH NLY-PC NLY-PF NLY-PG NLY-PE NLY-PI|NLY-PJ,NLY|NLY-PA|NLY-PC|NLY-PD|NLY-PE|NLY-PF|NLY-PG|NLY-PH|NLY-PI|NLY-PJ
NM,NMHIF NM-PH NM-PG NMHDF BULK,NM|NMHIF NM-PH NM-PG NMHDF BULK,BULK|NM|NM-PG|NM-PH|NMHDF|NMHIF
NM-PG,NMHIF NM-PH NM NMHDF BULK,NM-PG|NMHIF NM-PH NM NMHDF BULK,BULK|NM|NM-PG|NM-PH|NMHDF|NMHIF
NM-PH,NMHIF NM-PG NM NMHDF BULK,NM-PH|NMHIF NM-PG NM NMHDF BULK,BULK|NM|NM-PG|NM-PH|NMHDF|NMHIF
NMAD,LIXTW LIXT,LIXTW LIXT|NMAD,LIXT|LIXTW|NMAD
NMED1,NMED LACI,NMED LACI|NMED1,LACI|NMED|NMED1
NMFC,NMFCL NMFCZ NMFX,NMFC|NMFCL NMFCZ NMFX,NMFC|NMFCL|NMFCZ|NMFX
NMGX,SIDT NNPP PENC APNT,NMGX|SIDT NNPP PENC APNT,APNT|NMGX|NNPP|PENC|SIDT
NMHI,LBBBR LBBBU NMHIW LBBBW LBBB,LBBBR LBBBU NMHIW LBBBW LBBB|NMHI,LBBB|LBBBR|LBBBU|LBBBW|NMHI|NMHIW
NMHIW,LBBBR LBBBU LBBBW NMHI LBBB,LBBBR LBBBU LBBBW NMHI LBBB|NMHIW,LBBB|LBBBR|LBBBU|LBBBW|NMHI|NMHIW
NMK-PB,NMK-PC NMK1 NMK,NMK-PB|NMK-PC NMK1 NMK,NMK|NMK-PB|NMK-PC|NMK1
NMK-PC,NMK-PB NMK1 NMK,NMK-PB NMK1 NMK|NMK-PC,NMK|NMK-PB|NMK-PC|NMK1
NMK1,NMK-PC NMK-PB NMK,NMK-PC NMK-PB NMK|NMK1,NMK|NMK-PB|NMK-PC|NMK1
NMMC,NMMCW NMMCU,NMMC|NMMCW NMMCU,NMMC|NMMCU|NMMCW
NMMCU,NMMCW NMMC,NMMCU|NMMCW NMMC,NMMC|NMMCU|NMMCW
NMMCW,NMMCU NMMC,NMMCU NMMC|NMMCW,NMMC|NMMCU|NMMCW
NMR1,CZT NMR,CZT NMR|NMR1,CZT|NMR|NMR1
NMTRQ,INNT MSDI NMTR,INNT MSDI NMTR|NMTRQ,INNT|MSDI|NMTR|NMTRQ
NN,TMTSU TMTSU1 TMTS,NN|TMTSU TMTSU1 TMTS,NN|TMTS|TMTSU|TMTSU1
NNAG,NNAGR NNAGW NNAGU,NNAG|NNAGR NNAGW NNAGU,NNAG|NNAGR|NNAGU|NNAGW
NNAGR,NNAGW NNAGU NNAG,NNAGR|NNAGW NNAGU NNAG,NNAG|NNAGR|NNAGU|NNAGW
NNAGU,NNAGR NNAGW NNAG,NNAGR NNAGW NNAG|NNAGU,NNAG|NNAGR|NNAGU|NNAGW
NNAGW,NNAGR NNAGU NNAG,NNAGR NNAGU NNAG|NNAGW,NNAG|NNAGR|NNAGU|NNAGW
NNN,NNN-PE NNN-PF NNN-PD,NNN|NNN-PE NNN-PF NNN-PD,NNN|NNN-PD|NNN-PE|NNN-PF
NNN-PD,NNN-PE NNN NNN-PF,NNN-PD|NNN-PE NNN NNN-PF,NNN|NNN-PD|NNN-PE|NNN-PF
NNN-PE,NNN NNN-PF NNN-PD,NNN NNN-PF NNN-PD|NNN-PE,NNN|NNN-PD|NNN-PE|NNN-PF
NNN-PF,NNN-PE NNN NNN-PD,NNN-PE NNN NNN-PD|NNN-PF,NNN|NNN-PD|NNN-PE|NNN-PF
NOAC,NOACU NOACW,NOAC|NOACU NOACW,NOAC|NOACU|NOACW
NOACU,NOAC NOACW,NOAC NOACW|NOACU,NOAC|NOACU|NOACW
NOACW,NOACU NOAC,NOACU NOAC|NOACW,NOAC|NOACU|NOACW
NOGNQ,SWAGU NOGN NOGWQ SWAGW SWAG NOGNW,NOGNQ|SWAGU NOGN NOGWQ SWAGW SWAG NOGNW,NOGN|NOGNQ|NOGNW|NOGWQ|SWAG|SWAGU|SWAGW
NOGWQ,SWAGU NOGN SWAGW SWAG NOGNW NOGNQ,NOGWQ|SWAGU NOGN SWAGW SWAG NOGNW NOGNQ,NOGN|NOGNQ|NOGNW|NOGWQ|SWAG|SWAGU|SWAGW
NORNQ,NORN NOR,NORN NOR|NORNQ,NOR|NORN|NORNQ
NOTE,DSAC DSACU1 DSACU,DSAC DSACU1 DSACU|NOTE,DSAC|DSACU|DSACU1|NOTE
NOTVQ,NOTV BASI,NOTV BASI|NOTVQ,BASI|NOTV|NOTVQ
NOVC,NOVS NOVCQ NFI,NOVC|NOVS NOVCQ NFI,NFI|NOVC|NOVCQ|NOVS
NOVSU,APPHQ APPHW NOVS NOVSW APPH APPHWQ,APPHQ APPHW NOVS NOVSW APPH APPHWQ|NOVSU,APPH|APPHQ|APPHW|APPHWQ|NOVS|NOVSU|NOVSW
NOVT,GSIG LASR NOVTU GSIGQ GSLI,GSIG LASR NOVTU GSIGQ GSLI|NOVT,GSIG|GSIGQ|GSLI|LASR|NOVT|NOVTU
NOVTU,GSIG NOVT LASR GSIGQ GSLI,GSIG NOVT LASR GSIGQ GSLI|NOVTU,GSIG|GSIGQ|GSLI|LASR|NOVT|NOVTU
NOVVR,NOVVU RMSG NOVV,NOVVR|NOVVU RMSG NOVV,NOVV|NOVVR|NOVVU|RMSG
NOVVU,RMSG NOVVR NOVV,NOVVU|RMSG NOVVR NOVV,NOVV|NOVVR|NOVVU|RMSG
NPAB,NPABU NPABW,NPAB|NPABU NPABW,NPAB|NPABU|NPABW
NPABU,NPABW NPAB,NPABU|NPABW NPAB,NPAB|NPABU|NPABW
NPABW,NPABU NPAB,NPABU NPAB|NPABW,NPAB|NPABU|NPABW
NPAUU,NPA ASTS NPAWW ASTSW,NPA ASTS NPAWW ASTSW|NPAUU,ASTS|ASTSW|NPA|NPAUU|NPAWW
NPWR,RONI.U RONI,NPWR|RONI.U RONI,NPWR|RONI|RONI.U
NQLIQ,NQLI ALMI,NQLI ALMI|NQLIQ,ALMI|NQLI|NQLIQ
NRAC,NRACW NRACU,NRAC|NRACW NRACU,NRAC|NRACU|NRACW
NRACU,NRAC NRACW,NRAC NRACW|NRACU,NRAC|NRACU|NRACW
NRACW,NRAC NRACU,NRAC NRACU|NRACW,NRAC|NRACU|NRACW
NRC,NRCIA NRCIB NRCI,NRC|NRCIA NRCIB NRCI,NRC|NRCI|NRCIA|NRCIB
NRCG,HCACU HCAC,HCACU HCAC|NRCG,HCAC|HCACU|NRCG
NRCIB,NRCIA NRCI NRC,NRCIA NRCI NRC|NRCIB,NRC|NRCI|NRCIA|NRCIB
NRDY,PACE NRDY.WS PACE.U PACE.WS,NRDY|PACE NRDY.WS PACE.U PACE.WS,NRDY|NRDY.WS|PACE|PACE.U|PACE.WS
NRDY.WS,NRDY PACE PACE.U PACE.WS,NRDY PACE PACE.U PACE.WS|NRDY.WS,NRDY|NRDY.WS|PACE|PACE.U|PACE.WS
NRF,NRF-PB NRF-PC NRF-PE NRF-PA NRF-PD,NRF|NRF-PB NRF-PC NRF-PE NRF-PA NRF-PD,NRF|NRF-PA|NRF-PB|NRF-PC|NRF-PD|NRF-PE
NRF-PA,NRF-PB NRF-PC NRF-PE NRF NRF-PD,NRF-PA|NRF-PB NRF-PC NRF-PE NRF NRF-PD,NRF|NRF-PA|NRF-PB|NRF-PC|NRF-PD|NRF-PE
NRF-PB,NRF-PC NRF-PE NRF NRF-PA NRF-PD,NRF-PB|NRF-PC NRF-PE NRF NRF-PA NRF-PD,NRF|NRF-PA|NRF-PB|NRF-PC|NRF-PD|NRF-PE
NRF-PC,NRF-PB NRF-PE NRF NRF-PA NRF-PD,NRF-PB NRF-PE NRF NRF-PA NRF-PD|NRF-PC,NRF|NRF-PA|NRF-PB|NRF-PC|NRF-PD|NRF-PE
NRF-PD,NRF-PB NRF-PC NRF-PE NRF NRF-PA,NRF-PB NRF-PC NRF-PE NRF NRF-PA|NRF-PD,NRF|NRF-PA|NRF-PB|NRF-PC|NRF-PD|NRF-PE
NRF-PE,NRF-PB NRF-PC NRF NRF-PA NRF-PD,NRF-PB NRF-PC NRF NRF-PA NRF-PD|NRF-PE,NRF|NRF-PA|NRF-PB|NRF-PC|NRF-PD|NRF-PE
TMAC.U,TMAC TMAC.WS,TMAC TMAC.WS|TMAC.U,TMAC|TMAC.U|TMAC.WS
NRGV,NXU.WS NXU.U NRGV.WS NXU,NRGV|NXU.WS NXU.U NRGV.WS NXU,NRGV|NRGV.WS|NXU|NXU.U|NXU.WS
NRGV.WS,NXU.WS NXU.U NRGV NXU,NRGV.WS|NXU.WS NXU.U NRGV NXU,NRGV|NRGV.WS|NXU|NXU.U|NXU.WS
NRP,NSP1 NSP,NRP|NSP1 NSP,NRP|NSP|NSP1
NRVHQ,NRVH NVH,NRVH NVH|NRVHQ,NRVH|NRVHQ|NVH
NRXP,BRPAR BRPA BRPAU,BRPAR BRPA BRPAU|NRXP,BRPA|BRPAR|BRPAU|NRXP
NS,VLI NS-PA NS-PC NS-PB,NS|VLI NS-PA NS-PC NS-PB,NS|NS-PA|NS-PB|NS-PC|VLI
NS-PA,VLI NS-PC NS NS-PB,NS-PA|VLI NS-PC NS NS-PB,NS|NS-PA|NS-PB|NS-PC|VLI
NS-PB,VLI NS-PA NS-PC NS,NS-PB|VLI NS-PA NS-PC NS,NS|NS-PA|NS-PB|NS-PC|VLI
NS-PC,VLI NS-PA NS NS-PB,NS-PC|VLI NS-PA NS NS-PB,NS|NS-PA|NS-PB|NS-PC|VLI
NSA,NSA-PB NSA-PA,NSA|NSA-PB NSA-PA,NSA|NSA-PA|NSA-PB
NSA-PA,NSA NSA-PB,NSA NSA-PB|NSA-PA,NSA|NSA-PA|NSA-PB
NSA-PB,NSA NSA-PA,NSA NSA-PA|NSA-PB,NSA|NSA-PA|NSA-PB
NSH.U,NSH.WS SPIR.WS NSH SPIR SRJN,NSH.U|NSH.WS SPIR.WS NSH SPIR SRJN,NSH|NSH.U|NSH.WS|SPIR|SPIR.WS|SRJN
NSH1,NSH VEH,NSH VEH|NSH1,NSH|NSH1|VEH
NSLPQ,NSLP-PA NUSPQ NUSPP NSLP,NSLP-PA NUSPQ NUSPP NSLP|NSLPQ,NSLP|NSLP-PA|NSLPQ|NUSPP|NUSPQ
NSLR,NSLRL SSSS SSSSL GSVC,NSLR|NSLRL SSSS SSSSL GSVC,GSVC|NSLR|NSLRL|SSSS|SSSSL
NSP1,NRP NSP,NRP NSP|NSP1,NRP|NSP|NSP1
NSPR,NSPR.WSB SAGU NSPRZ NSPR.WS NSPRW,NSPR|NSPR.WSB SAGU NSPRZ NSPR.WS NSPRW,NSPR|NSPR.WS|NSPR.WSB|NSPRW|NSPRZ|SAGU
NSPRW,NSPR.WSB SAGU NSPR NSPRZ NSPR.WS,NSPR.WSB SAGU NSPR NSPRZ NSPR.WS|NSPRW,NSPR|NSPR.WS|NSPR.WSB|NSPRW|NSPRZ|SAGU
NSPRZ,NSPR.WSB SAGU NSPR NSPR.WS NSPRW,NSPR.WSB SAGU NSPR NSPR.WS NSPRW|NSPRZ,NSPR|NSPR.WS|NSPR.WSB|NSPRW|NSPRZ|SAGU
NSR,CLHRF NSRXF,CLHRF NSRXF|NSR,CLHRF|NSR|NSRXF
NSTB,NSTB.WS NSTB.U NSTBW,NSTB|NSTB.WS NSTB.U NSTBW,NSTB|NSTB.U|NSTB.WS|NSTBW
NSTB.U,NSTB.WS NSTB NSTBW,NSTB.U|NSTB.WS NSTB NSTBW,NSTB|NSTB.U|NSTB.WS|NSTBW
NSTBW,NSTB.WS NSTB NSTB.U,NSTB.WS NSTB NSTB.U|NSTBW,NSTB|NSTB.U|NSTB.WS|NSTBW
NSTC,NSTC.U NSTC.WS,NSTC|NSTC.U NSTC.WS,NSTC|NSTC.U|NSTC.WS
NSTC.U,NSTC NSTC.WS,NSTC NSTC.WS|NSTC.U,NSTC|NSTC.U|NSTC.WS
NSTC.WS,NSTC NSTC.U,NSTC NSTC.U|NSTC.WS,NSTC|NSTC.U|NSTC.WS
NSTD,NSTD.WS NSTD.U NSTDW,NSTD|NSTD.WS NSTD.U NSTDW,NSTD|NSTD.U|NSTD.WS|NSTDW
NSTD.U,NSTD.WS NSTDW NSTD,NSTD.U|NSTD.WS NSTDW NSTD,NSTD|NSTD.U|NSTD.WS|NSTDW
NSTDW,NSTD.WS NSTD.U NSTD,NSTD.WS NSTD.U NSTD|NSTDW,NSTD|NSTD.U|NSTD.WS|NSTDW
NTBLQ,VBLX NTBL VBLT,NTBLQ|VBLX NTBL VBLT,NTBL|NTBLQ|VBLT|VBLX
NTCS,IATR TPEG,IATR TPEG|NTCS,IATR|NTCS|TPEG
NTLDQ,NTLD ICTL,NTLD ICTL|NTLDQ,ICTL|NTLD|NTLDQ
NTPIF,NFP NTE,NFP NTE|NTPIF,NFP|NTE|NTPIF
NTRI,NSI THIN,NSI THIN|NTRI,NSI|NTRI|THIN
NTRP,SGLB SGLBW SASI,NTRP|SGLB SGLBW SASI,NTRP|SASI|SGLB|SGLBW
NTRS,NTRSP NTRSO,NTRS|NTRSP NTRSO,NTRS|NTRSO|NTRSP
NTRSO,NTRSP NTRS,NTRSO|NTRSP NTRS,NTRS|NTRSO|NTRSP
NTRSP,NTRS NTRSO,NTRS NTRSO|NTRSP,NTRS|NTRSO|NTRSP
NTS,XFNE XFN,NTS|XFNE XFN,NTS|XFN|XFNE
NUAI,ROCLU NEHC ROCL,NUAI|ROCLU NEHC ROCL,NEHC|NUAI|ROCL|ROCLU
NUBIU,NUBIW NUBI STI,NUBIU|NUBIW NUBI STI,NUBI|NUBIU|NUBIW|STI
NUBIW,NUBI NUBIU STI,NUBI NUBIU STI|NUBIW,NUBI|NUBIU|NUBIW|STI
NUCL,SVIIW SVII SVIIF SVIIU SVIIR,NUCL|SVIIW SVII SVIIF SVIIU SVIIR,NUCL|SVII|SVIIF|SVIIR|SVIIU|SVIIW
NUOTQ,GTF CMXI CYME NUOT,GTF CMXI CYME NUOT|NUOTQ,CMXI|CYME|GTF|NUOT|NUOTQ
NUSPQ,NSLP-PA NSLPQ NUSPP NSLP,NSLP-PA NSLPQ NUSPP NSLP|NUSPQ,NSLP|NSLP-PA|NSLPQ|NUSPP|NUSPQ
NUTX,IGMB CLNH,IGMB CLNH|NUTX,CLNH|IGMB|NUTX
NUVB,PANA PANA.U,NUVB|PANA PANA.U,NUVB|PANA|PANA.U
NUVOQ,LGVCU NUVO NUVOW LGVCW LGVC NUVWQ,LGVCU NUVO NUVOW LGVCW LGVC NUVWQ|NUVOQ,LGVC|LGVCU|LGVCW|NUVO|NUVOQ|NUVOW|NUVWQ
NUVWQ,LGVCU NUVO NUVOQ NUVOW LGVCW LGVC,LGVCU NUVO NUVOQ NUVOW LGVCW LGVC|NUVWQ,LGVC|LGVCU|LGVCW|NUVO|NUVOQ|NUVOW|NUVWQ
NUWE,CHFS SSH,CHFS SSH|NUWE,CHFS|NUWE|SSH
NVACR,NVACU NVACW PFSA NVAC,NVACR|NVACU NVACW PFSA NVAC,NVAC|NVACR|NVACU|NVACW|PFSA
NVACW,NVACU NVACR PFSA NVAC,NVACU NVACR PFSA NVAC|NVACW,NVAC|NVACR|NVACU|NVACW|PFSA
NVB,N INCLF,N INCLF|NVB,INCLF|N|NVB
NVDL1,NVD NVDL,NVD NVDL|NVDL1,NVD|NVDL|NVDL1
NVLNF,QLTI NVLN,NVLNF|QLTI NVLN,NVLN|NVLNF|QLTI
NVNO,NVNOW HJLI HJLIW,NVNO|NVNOW HJLI HJLIW,HJLI|HJLIW|NVNO|NVNOW
NVNOW,HJLI HJLIW NVNO,HJLI HJLIW NVNO|NVNOW,HJLI|HJLIW|NVNO|NVNOW
NVRI1,HSC NVRI,HSC NVRI|NVRI1,HSC|NVRI|NVRI1
NVSA,NVSAU NVSAW,NVSA|NVSAU NVSAW,NVSA|NVSAU|NVSAW
NVSAU,NVSA NVSAW,NVSA NVSAW|NVSAU,NVSA|NVSAU|NVSAW
NVSAW,NVSAU NVSA,NVSAU NVSA|NVSAW,NVSA|NVSAU|NVSAW
NVTS,LOKB.U LOKB.WS NVTSW LOKB,LOKB.U LOKB.WS NVTSW LOKB|NVTS,LOKB|LOKB.U|LOKB.WS|NVTS|NVTSW
NVTSW,LOKB.U LOKB.WS NVTS LOKB,LOKB.U LOKB.WS NVTS LOKB|NVTSW,LOKB|LOKB.U|LOKB.WS|NVTS|NVTSW
NVVE,NBACR NBAC NBACU,NBACR NBAC NBACU|NVVE,NBAC|NBACR|NBACU|NVVE
NWG,RBS-PF RBS-P RLSNY RBS RBS-PH RBS-PN RBS-PS RBS-PG RBS-PM RBS-PQ RBS-PT RBS-PR RBS-PP RBS-PE RBSJY RBS-PI RBS-PL RBSQY,NWG|RBS-PF RBS-P RLSNY RBS RBS-PH RBS-PN RBS-PS RBS-PG RBS-PM RBS-PQ RBS-PT RBS-PR RBS-PP RBS-PE RBSJY RBS-PI RBS-PL RBSQY,NWG|RBS|RBS-P|RBS-PE|RBS-PF|RBS-PG|RBS-PH|RBS-PI|RBS-PL|RBS-PM|RBS-PN|RBS-PP|RBS-PQ|RBS-PR|RBS-PS|RBS-PT|RBSJY|RBSQY|RLSNY
NXDR,KIND KVSB,KIND KVSB|NXDR,KIND|KVSB|NXDR
NXDT,NHF HCF NHF-PA NXDT-PA,NHF HCF NHF-PA NXDT-PA|NXDT,HCF|NHF|NHF-PA|NXDT|NXDT-PA
NXDT-PA,NHF NXDT HCF NHF-PA,NHF NXDT HCF NHF-PA|NXDT-PA,HCF|NHF|NHF-PA|NXDT|NXDT-PA
NXEO,WLRHU WLRH,NXEO|WLRHU WLRH,NXEO|WLRH|WLRHU
NXPL,OSAT EEGT EEMT SILV TRKK WEGY,NXPL|OSAT EEGT EEMT SILV TRKK WEGY,EEGT|EEMT|NXPL|OSAT|SILV|TRKK|WEGY
NXTP,MKGI MXEX NXOI,MKGI MXEX NXOI|NXTP,MKGI|MXEX|NXOI|NXTP
NXTS,SAFO NITO SVFD,NXTS|SAFO NITO SVFD,NITO|NXTS|SAFO|SVFD
NXU.U,NXU.WS NRGV.WS NRGV NXU,NXU.U|NXU.WS NRGV.WS NRGV NXU,NRGV|NRGV.WS|NXU|NXU.U|NXU.WS
NXUR,NXU AMV,NXU AMV|NXUR,AMV|NXU|NXUR
NYMTO,ADAMN ADAMH ADAMO ADAMM NTR NYMTZ NYMTP ADAMZ NYMMP NYMTI NYMTL ADAM ADAMI NMTR ADAML NYMTN ADAMG NYMT NYMTG NYMTM NYMTH,ADAMN ADAMH ADAMO ADAMM NTR NYMTZ NYMTP ADAMZ NYMMP NYMTI NYMTL ADAM ADAMI NMTR ADAML NYMTN ADAMG NYMT NYMTG NYMTM NYMTH|NYMTO,ADAM|ADAMG|ADAMH|ADAMI|ADAML|ADAMM|ADAMN|ADAMO|ADAMZ|NMTR|NTR|NYMMP|NYMT|NYMTG|NYMTH|NYMTI|NYMTL|NYMTM|NYMTN|NYMTO|NYMTP|NYMTZ
NYMTP,ADAMN ADAMH ADAMO ADAMM NTR NYMTO NYMTZ NYMMP ADAMZ NYMTI NYMTL ADAM ADAMI NMTR ADAML NYMTN ADAMG NYMT NYMTG NYMTM NYMTH,ADAMN ADAMH ADAMO ADAMM NTR NYMTO NYMTZ NYMMP ADAMZ NYMTI NYMTL ADAM ADAMI NMTR ADAML NYMTN ADAMG NYMT NYMTG NYMTM NYMTH|NYMTP,ADAM|ADAMG|ADAMH|ADAMI|ADAML|ADAMM|ADAMN|ADAMO|ADAMZ|NMTR|NTR|NYMMP|NYMT|NYMTG|NYMTH|NYMTI|NYMTL|NYMTM|NYMTN|NYMTO|NYMTP|NYMTZ
NYNY1,ALHY NYNY,ALHY NYNY|NYNY1,ALHY|NYNY|NYNY1
O,O-P O-PF,O|O-P O-PF,O|O-P|O-PF
O-P,O-PF O,O-P|O-PF O,O|O-P|O-PF
O-PF,O-P O,O-P O|O-PF,O|O-P|O-PF
OAC.U,OAC OAC.WS HIMS HIMS.WS,OAC OAC.WS HIMS HIMS.WS|OAC.U,HIMS|HIMS.WS|OAC|OAC.U|OAC.WS
OACB.U,OACB ALVO,OACB ALVO|OACB.U,ALVO|OACB|OACB.U
OAK,OAK-PB OAK-PA,OAK|OAK-PB OAK-PA,OAK|OAK-PA|OAK-PB
OAK-PA,OAK-PB OAK,OAK-PA|OAK-PB OAK,OAK|OAK-PA|OAK-PB
OAK-PB,OAK-PA OAK,OAK-PA OAK|OAK-PB,OAK|OAK-PA|OAK-PB
OBE,PWE OBELF,OBE|PWE OBELF,OBE|OBELF|PWE
OBQI,BQI CWPC URMP,BQI CWPC URMP|OBQI,BQI|CWPC|OBQI|URMP
OBTLY,OBT OBTMY OE,OBT OBTMY OE|OBTLY,OBT|OBTLY|OBTMY|OE
OCA,OCA.WS OCA.U,OCA|OCA.WS OCA.U,OCA|OCA.U|OCA.WS
OCA.U,OCA.WS OCA,OCA.U|OCA.WS OCA,OCA|OCA.U|OCA.WS
OCA.WS,OCA.U OCA,OCA.U OCA|OCA.WS,OCA|OCA.U|OCA.WS
OCAX,OCAXW OCAXU,OCAX|OCAXW OCAXU,OCAX|OCAXU|OCAXW
OCAXU,OCAXW OCAX,OCAXU|OCAXW OCAX,OCAX|OCAXU|OCAXW
OCAXW,OCAX OCAXU,OCAX OCAXU|OCAXW,OCAX|OCAXU|OCAXW
OCEA,OCEAW AEHA AEHAU AEHAW,OCEA|OCEAW AEHA AEHAU AEHAW,AEHA|AEHAU|AEHAW|OCEA|OCEAW
OCEAW,OCEA AEHA AEHAU AEHAW,OCEA AEHA AEHAU AEHAW|OCEAW,AEHA|AEHAU|AEHAW|OCEA|OCEAW
OCHTQ,OCHT IMNR IMRP,OCHT IMNR IMRP|OCHTQ,IMNR|IMRP|OCHT|OCHTQ
OCR,OCR-PB OCR-P OCR-PA,OCR|OCR-PB OCR-P OCR-PA,OCR|OCR-P|OCR-PA|OCR-PB
OCR-PA,OCR-PB OCR-P OCR,OCR-PA|OCR-PB OCR-P OCR,OCR|OCR-P|OCR-PA|OCR-PB
OCR-PB,OCR-P OCR-PA OCR,OCR-P OCR-PA OCR|OCR-PB,OCR|OCR-P|OCR-PA|OCR-PB
OCS,EBAC EBACU,EBAC EBACU|OCS,EBAC|EBACU|OCS
OCSL,OCSLL OSLE FSC,OCSL|OCSLL OSLE FSC,FSC|OCSL|OCSLL|OSLE
ODVWW,OGG ODV RNGTF,ODVWW|OGG ODV RNGTF,ODV|ODVWW|OGG|RNGTF
OEI1,FNR OEI,FNR OEI|OEI1,FNR|OEI|OEI1
OEI2,OEI SGO,OEI SGO|OEI2,OEI|OEI2|SGO
OEPW,OEPWU OEPWW,OEPW|OEPWU OEPWW,OEPW|OEPWU|OEPWW
OEPWU,OEPWW OEPW,OEPWU|OEPWW OEPW,OEPW|OEPWU|OEPWW
OEPWW,OEPWU OEPW,OEPWU OEPW|OEPWW,OEPW|OEPWU|OEPWW
OFC-PL,CDP OFC,CDP OFC|OFC-PL,CDP|OFC|OFC-PL
OFG,OFG-PA OFG-PD OFG-PB,OFG|OFG-PA OFG-PD OFG-PB,OFG|OFG-PA|OFG-PB|OFG-PD
OFG-PA,OFG-PD OFG-PB OFG,OFG-PA|OFG-PD OFG-PB OFG,OFG|OFG-PA|OFG-PB|OFG-PD
OFG-PB,OFG-PA OFG-PD OFG,OFG-PA OFG-PD OFG|OFG-PB,OFG|OFG-PA|OFG-PB|OFG-PD
OFG-PD,OFG-PA OFG-PB OFG,OFG-PA OFG-PB OFG|OFG-PD,OFG|OFG-PA|OFG-PB|OFG-PD
OFS,OFSSG OFSSL OFSSZ OFSSO OFSSI OFSSH,OFS|OFSSG OFSSL OFSSZ OFSSO OFSSI OFSSH,OFS|OFSSG|OFSSH|OFSSI|OFSSL|OFSSO|OFSSZ
OGCP,FISK ESBA,FISK ESBA|OGCP,ESBA|FISK|OGCP
OGEN,ONI ORNI,OGEN|ONI ORNI,OGEN|ONI|ORNI
OGG,ODV ODVWW RNGTF,ODV ODVWW RNGTF|OGG,ODV|ODVWW|OGG|RNGTF
OHAA,OHAAW OHAAU,OHAA|OHAAW OHAAU,OHAA|OHAAU|OHAAW
OHAAU,OHAA OHAAW,OHAA OHAAW|OHAAU,OHAA|OHAAU|OHAAW
OHAAW,OHAA OHAAU,OHAA OHAAU|OHAAW,OHAA|OHAAU|OHAAW
OHPA,OHPAU OHPAW,OHPA|OHPAU OHPAW,OHPA|OHPAU|OHPAW
OHPAU,OHPA OHPAW,OHPA OHPAW|OHPAU,OHPA|OHPAU|OHPAW
OHPAW,OHPAU OHPA,OHPAU OHPA|OHPAW,OHPA|OHPAU|OHPAW
OIBR.C,BTMC BTM.C BTM OIBR OIBRQ,BTMC BTM.C BTM OIBR OIBRQ|OIBR.C,BTM|BTM.C|BTMC|OIBR|OIBR.C|OIBRQ
OIBRQ,BTMC BTM.C OIBR.C BTM OIBR,BTMC BTM.C OIBR.C BTM OIBR|OIBRQ,BTM|BTM.C|BTMC|OIBR|OIBR.C|OIBRQ
OIGBQ,WYNX OIG NMMG OEG CUI ONSC CUGI,OIGBQ|WYNX OIG NMMG OEG CUI ONSC CUGI,CUGI|CUI|NMMG|OEG|OIG|OIGBQ|ONSC|WYNX
OIO,GENQ GENQU ESGL,GENQ GENQU ESGL|OIO,ESGL|GENQ|GENQU|OIO
OIVO,FTG FTGP,FTG FTGP|OIVO,FTG|FTGP|OIVO
OLITU,OLIT OPTX,OLIT OPTX|OLITU,OLIT|OLITU|OPTX
OMNT,DUBL MEDG,DUBL MEDG|OMNT,DUBL|MEDG|OMNT
OMQS,QUES AGOE,OMQS|QUES AGOE,AGOE|OMQS|QUES
ONB,ONBPO ONBPP,ONB|ONBPO ONBPP,ONB|ONBPO|ONBPP
ONBPO,ONBPP ONB,ONBPO|ONBPP ONB,ONB|ONBPO|ONBPP
ONBPP,ONBPO ONB,ONBPO ONB|ONBPP,ONB|ONBPO|ONBPP
ONCR1,ONCR ONC,ONCR ONC|ONCR1,ONC|ONCR|ONCR1
ONMD,DKDCU DKDCA,DKDCU DKDCA|ONMD,DKDCA|DKDCU|ONMD
ONTXW,TRAW ONTX,ONTXW|TRAW ONTX,ONTX|ONTXW|TRAW
ONYX,ONYXU ONYXW,ONYX|ONYXU ONYXW,ONYX|ONYXU|ONYXW
ONYXU,ONYXW ONYX,ONYXU|ONYXW ONYX,ONYX|ONYXU|ONYXW
ONYXW,ONYXU ONYX,ONYXU ONYX|ONYXW,ONYX|ONYXU|ONYXW
OPA,OPA.WS OPA.U,OPA|OPA.WS OPA.U,OPA|OPA.U|OPA.WS
OPA.U,OPA.WS OPA,OPA.U|OPA.WS OPA,OPA|OPA.U|OPA.WS
OPA.WS,OPA OPA.U,OPA OPA.U|OPA.WS,OPA|OPA.U|OPA.WS
OPAD,SPNV SPNV.U OPAD.WS SPNV.WS,OPAD|SPNV SPNV.U OPAD.WS SPNV.WS,OPAD|OPAD.WS|SPNV|SPNV.U|SPNV.WS
OPAD.WS,SPNV OPAD SPNV.U SPNV.WS,OPAD.WS|SPNV OPAD SPNV.U SPNV.WS,OPAD|OPAD.WS|SPNV|SPNV.U|SPNV.WS
OPAL,ACTDU ACTD ACTDW OPALW,ACTDU ACTD ACTDW OPALW|OPAL,ACTD|ACTDU|ACTDW|OPAL|OPALW
OPALW,ACTDU ACTD ACTDW OPAL,ACTDU ACTD ACTDW OPAL|OPALW,ACTD|ACTDU|ACTDW|OPAL|OPALW
OPCH,MIMS BIOS,MIMS BIOS|OPCH,BIOS|MIMS|OPCH
OPEN,IPOB OPENW1 OPENW IPOB.WS IPOB.U,IPOB OPENW1 OPENW IPOB.WS IPOB.U|OPEN,IPOB|IPOB.U|IPOB.WS|OPEN|OPENW|OPENW1
OPENW1,IPOB OPENW IPOB.WS OPEN IPOB.U,IPOB OPENW IPOB.WS OPEN IPOB.U|OPENW1,IPOB|IPOB.U|IPOB.WS|OPEN|OPENW|OPENW1
OPFI,FGNA FGNA.U,FGNA FGNA.U|OPFI,FGNA|FGNA.U|OPFI
OPITQ,GOVNI OPINL OPINI OPIRL OPI GOV OPITS,GOVNI OPINL OPINI OPIRL OPI GOV OPITS|OPITQ,GOV|GOVNI|OPI|OPINI|OPINL|OPIRL|OPITQ|OPITS
OPK,EXEG CYPH,EXEG CYPH|OPK,CYPH|EXEG|OPK
OPTEY,OPT CKDXY,OPT CKDXY|OPTEY,CKDXY|OPT|OPTEY
OPTX,OLIT OLITU,OLIT OLITU|OPTX,OLIT|OLITU|OPTX
ORANY,FTE ORAN,FTE ORAN|ORANY,FTE|ORAN|ORANY
ORBS,TYDE TYDEV OCTO,ORBS|TYDE TYDEV OCTO,OCTO|ORBS|TYDE|TYDEV
ORGN,AACQU AACQ,AACQU AACQ|ORGN,AACQ|AACQU|ORGN
ORGO,AHPAU AHPA,AHPAU AHPA|ORGO,AHPA|AHPAU|ORGO
ORIA,ORIAW ORIAU,ORIA|ORIAW ORIAU,ORIA|ORIAU|ORIAW
ORIAU,ORIAW ORIA,ORIAU|ORIAW ORIA,ORIA|ORIAU|ORIAW
ORIAW,ORIAU ORIA,ORIAU ORIA|ORIAW,ORIA|ORIAU|ORIAW
ORKA,NUVO HYSQ ABIO,NUVO HYSQ ABIO|ORKA,ABIO|HYSQ|NUVO|ORKA
ORNHQ,SRG ONH ORNH,ORNHQ|SRG ONH ORNH,ONH|ORNH|ORNHQ|SRG
OSAPQ,LAAAU OSPWQ OSA OSAP LAAAW OSAAW OSAPW LAAA,LAAAU OSPWQ OSA OSAP LAAAW OSAAW OSAPW LAAA|OSAPQ,LAAA|LAAAU|LAAAW|OSA|OSAAW|OSAP|OSAPQ|OSAPW|OSPWQ
OSB,NBRXF NBDFF,NBRXF NBDFF|OSB,NBDFF|NBRXF|OSB
OSCIQ,OSCI GENE,OSCI GENE|OSCIQ,GENE|OSCI|OSCIQ
OSG,AMBCW AMBC.WS AMBC,AMBCW AMBC.WS AMBC|OSG,AMBC|AMBC.WS|AMBCW|OSG
OSG1,OSGB OGSRB OSG,OSG1|OSGB OGSRB OSG,OGSRB|OSG|OSG1|OSGB
OSGB,OGSRB OSG1 OSG,OGSRB OSG1 OSG|OSGB,OGSRB|OSG|OSG1|OSGB
OSI,OSI.WS OSI.U,OSI|OSI.WS OSI.U,OSI|OSI.U|OSI.WS
OSI.U,OSI OSI.WS,OSI OSI.WS|OSI.U,OSI|OSI.U|OSI.WS
OSI.WS,OSI OSI.U,OSI OSI.U|OSI.WS,OSI|OSI.U|OSI.WS
OSI2,OSI OSSI,OSI OSSI|OSI2,OSI|OSI2|OSSI
OSPWQ,LAAAU OSA OSAP LAAAW OSAAW OSAPW OSAPQ LAAA,LAAAU OSA OSAP LAAAW OSAAW OSAPW OSAPQ LAAA|OSPWQ,LAAA|LAAAU|LAAAW|OSA|OSAAW|OSAP|OSAPQ|OSAPW|OSPWQ
OSRH,BLAC BLACU BLACR,BLAC BLACU BLACR|OSRH,BLAC|BLACR|BLACU|OSRH
OSTR,OSTRU OSTRW,OSTR|OSTRU OSTRW,OSTR|OSTRU|OSTRW
OSTRU,OSTR OSTRW,OSTR OSTRW|OSTRU,OSTR|OSTRU|OSTRW
OSTRW,OSTRU OSTR,OSTRU OSTR|OSTRW,OSTR|OSTRU|OSTRW
OSYM,OSE OSGE,OSE OSGE|OSYM,OSE|OSGE|OSYM
OTEC,OTECU OTECW,OTEC|OTECU OTECW,OTEC|OTECU|OTECW
OTECU,OTEC OTECW,OTEC OTECW|OTECU,OTEC|OTECU|OTECW
OTECW,OTEC OTECU,OTEC OTECU|OTECW,OTEC|OTECU|OTECW
OTLC,MATN OXGN,MATN OXGN|OTLC,MATN|OTLC|OXGN
OTLK,ONSIW ONS OTLKW ONSIU,ONSIW ONS OTLKW ONSIU|OTLK,ONS|ONSIU|ONSIW|OTLK|OTLKW
OTLKW,OTLK ONSIW ONS ONSIU,OTLK ONSIW ONS ONSIU|OTLKW,ONS|ONSIU|ONSIW|OTLK|OTLKW
OTMO,OTMOW SAIIU SAII SAIIW,OTMO|OTMOW SAIIU SAII SAIIW,OTMO|OTMOW|SAII|SAIIU|SAIIW
OTMOW,SAIIU SAII SAIIW OTMO,OTMOW|SAIIU SAII SAIIW OTMO,OTMO|OTMOW|SAII|SAIIU|SAIIW
OTODQ,OTOD OTD,OTOD OTD|OTODQ,OTD|OTOD|OTODQ
OTRAU,OTRAW CMRAW CMRA OTRA,OTRAU|OTRAW CMRAW CMRA OTRA,CMRA|CMRAW|OTRA|OTRAU|OTRAW
OTRKP,CATS HYTM OTRK OTRKQ HTM,CATS HYTM OTRK OTRKQ HTM|OTRKP,CATS|HTM|HYTM|OTRK|OTRKP|OTRKQ
OTRKQ,CATS HYTM OTRK HTM OTRKP,CATS HYTM OTRK HTM OTRKP|OTRKQ,CATS|HTM|HYTM|OTRK|OTRKP|OTRKQ
OTVLQ,RCG OTV,OTVLQ|RCG OTV,OTV|OTVLQ|RCG
OUST,CLA.U CLA OUST.WS CLA.WS OUSTZ OUST.WSA OUSTW,CLA.U CLA OUST.WS CLA.WS OUSTZ OUST.WSA OUSTW|OUST,CLA|CLA.U|CLA.WS|OUST|OUST.WS|OUST.WSA|OUSTW|OUSTZ
OUSTW,CLA.U CLA OUST.WS OUST CLA.WS OUSTZ OUST.WSA,CLA.U CLA OUST.WS OUST CLA.WS OUSTZ OUST.WSA|OUSTW,CLA|CLA.U|CLA.WS|OUST|OUST.WS|OUST.WSA|OUSTW|OUSTZ
OUSTZ,CLA.U CLA OUST.WS OUST CLA.WS OUST.WSA OUSTW,CLA.U CLA OUST.WS OUST CLA.WS OUST.WSA OUSTW|OUSTZ,CLA|CLA.U|CLA.WS|OUST|OUST.WS|OUST.WSA|OUSTW|OUSTZ
OVEN,TCF TRBO,OVEN|TCF TRBO,OVEN|TCF|TRBO
OWL,ATAC.U ATAC ATAC.WS OWL.WS,ATAC.U ATAC ATAC.WS OWL.WS|OWL,ATAC|ATAC.U|ATAC.WS|OWL|OWL.WS
OWL.WS,ATAC.U OWL ATAC ATAC.WS,ATAC.U OWL ATAC ATAC.WS|OWL.WS,ATAC|ATAC.U|ATAC.WS|OWL|OWL.WS
OWLT,SBG.U OWLTW OWLT.WS SBG.WS SBG,OWLT|SBG.U OWLTW OWLT.WS SBG.WS SBG,OWLT|OWLT.WS|OWLTW|SBG|SBG.U|SBG.WS
OWLTW,SBG.U OWLT.WS SBG.WS SBG OWLT,OWLTW|SBG.U OWLT.WS SBG.WS SBG OWLT,OWLT|OWLT.WS|OWLTW|SBG|SBG.U|SBG.WS
OXACU,JTAIW JTAI JTAIZ OXAC OXACW,JTAIW JTAI JTAIZ OXAC OXACW|OXACU,JTAI|JTAIW|JTAIZ|OXAC|OXACU|OXACW
OXSQ,OXSQZ OXSQH OXSQL OXSQG OXSQR TICC,OXSQ|OXSQZ OXSQH OXSQL OXSQG OXSQR TICC,OXSQ|OXSQG|OXSQH|OXSQL|OXSQR|OXSQZ|TICC
OXSQR,OXSQZ OXSQH OXSQL OXSQG OXSQ TICC,OXSQR|OXSQZ OXSQH OXSQL OXSQG OXSQ TICC,OXSQ|OXSQG|OXSQH|OXSQL|OXSQR|OXSQZ|TICC
OXUSU,OXUS BRLS,OXUS BRLS|OXUSU,BRLS|OXUS|OXUSU
OZK,OZRK OZKAP,OZK|OZRK OZKAP,OZK|OZKAP|OZRK
OZKAP,OZK OZRK,OZK OZRK|OZKAP,OZK|OZKAP|OZRK
PA.A,PA PA1 OCC,PA PA1 OCC|PA.A,OCC|PA|PA.A|PA1
PA1,PA PA.A OCC,PA PA.A OCC|PA1,OCC|PA|PA.A|PA1
PACDQ1,PACDF PACDQ PACD,PACDF PACDQ PACD|PACDQ1,PACD|PACDF|PACDQ|PACDQ1
PACE.U,NRDY PACE NRDY.WS PACE.WS,NRDY PACE NRDY.WS PACE.WS|PACE.U,NRDY|NRDY.WS|PACE|PACE.U|PACE.WS
PACE1,PACEU PACE,PACE1|PACEU PACE,PACE|PACE1|PACEU
PACI.U,SOAR.WS SOAR SOARW PACI.WS PACI,PACI.U|SOAR.WS SOAR SOARW PACI.WS PACI,PACI|PACI.U|PACI.WS|SOAR|SOAR.WS|SOARW
PACK,OMAD.U OMAD,OMAD.U OMAD|PACK,OMAD|OMAD.U|PACK
PACT1,PACT DAVN CVMI,PACT DAVN CVMI|PACT1,CVMI|DAVN|PACT|PACT1
PACW,FCBP PACWP,FCBP PACWP|PACW,FCBP|PACW|PACWP
PACWP,PACW FCBP,PACW FCBP|PACWP,FCBP|PACW|PACWP
PACX,PACXW PACXU,PACX|PACXW PACXU,PACX|PACXU|PACXW
PACXU,PACXW PACX,PACXU|PACXW PACX,PACX|PACXU|PACXW
PACXW,PACXU PACX,PACXU PACX|PACXW,PACX|PACXU|PACXW
PAE,GRSHU GRSHW GRSH PAEWW,GRSHU GRSHW GRSH PAEWW|PAE,GRSH|GRSHU|GRSHW|PAE|PAEWW
PAEWW,PAE GRSHU GRSHW GRSH,PAE GRSHU GRSHW GRSH|PAEWW,GRSH|GRSHU|GRSHW|PAE|PAEWW
PAFOR,PAFO HTCO CACO PAFOU,PAFO HTCO CACO PAFOU|PAFOR,CACO|HTCO|PAFO|PAFOR|PAFOU
PAFOU,PAFOR PAFO HTCO CACO,PAFOR PAFO HTCO CACO|PAFOU,CACO|HTCO|PAFO|PAFOR|PAFOU
PALI,CUR SNCA NRLS,CUR SNCA NRLS|PALI,CUR|NRLS|PALI|SNCA
PANA.U,NUVB PANA,NUVB PANA|PANA.U,NUVB|PANA|PANA.U
PAQCU,PAQC PERF,PAQC PERF|PAQCU,PAQC|PAQCU|PERF
PARAA,VIAC VIACA VIACP VIA CBS PARA PSKY CBS.A PARAP,PARAA|VIAC VIACA VIACP VIA CBS PARA PSKY CBS.A PARAP,CBS|CBS.A|PARA|PARAA|PARAP|PSKY|VIA|VIAC|VIACA|VIACP
PARAP,VIAC VIACA VIACP VIA PARAA CBS PARA PSKY CBS.A,PARAP|VIAC VIACA VIACP VIA PARAA CBS PARA PSKY CBS.A,CBS|CBS.A|PARA|PARAA|PARAP|PSKY|VIA|VIAC|VIACA|VIACP
PAVM,PAVMW PAVMZ,PAVM|PAVMW PAVMZ,PAVM|PAVMW|PAVMZ
PAVMW,PAVM PAVMZ,PAVM PAVMZ|PAVMW,PAVM|PAVMW|PAVMZ
PAVMZ,PAVM PAVMW,PAVM PAVMW|PAVMZ,PAVM|PAVMW|PAVMZ
PAYA,PAYAW FTACW FTAC FTACU,PAYA|PAYAW FTACW FTAC FTACU,FTAC|FTACU|FTACW|PAYA|PAYAW
PAYAW,FTACW PAYA FTAC FTACU,FTACW PAYA FTAC FTACU|PAYAW,FTAC|FTACU|FTACW|PAYA|PAYAW
PAYO,FTOCW FTOC PAYOW FTOCU,FTOCW FTOC PAYOW FTOCU|PAYO,FTOC|FTOCU|FTOCW|PAYO|PAYOW
PAYOW,PAYO FTOCW FTOC FTOCU,PAYO FTOCW FTOC FTOCU|PAYOW,FTOC|FTOCU|FTOCW|PAYO|PAYOW
PBAL1,SWATU SWAT PBAL,PBAL1|SWATU SWAT PBAL,PBAL|PBAL1|SWAT|SWATU
PBAXU,PBAXW PBAX CEROW CERO,PBAXU|PBAXW PBAX CEROW CERO,CERO|CEROW|PBAX|PBAXU|PBAXW
PBI,PBI-PB PBI-PA,PBI|PBI-PB PBI-PA,PBI|PBI-PA|PBI-PB
PBI-PA,PBI PBI-PB,PBI PBI-PB|PBI-PA,PBI|PBI-PA|PBI-PB
PBI-PB,PBI PBI-PA,PBI PBI-PA|PBI-PB,PBI|PBI-PA|PBI-PB
PBLA,SNBP CRSO,PBLA|SNBP CRSO,CRSO|PBLA|SNBP
PBM,NCAC NCACU,NCAC NCACU|PBM,NCAC|NCACU|PBM
PBMLF,PAFBF PBM,PAFBF PBM|PBMLF,PAFBF|PBM|PBMLF
TMAC.WS,TMAC TMAC.U,TMAC TMAC.U|TMAC.WS,TMAC|TMAC.U|TMAC.WS
PBSOQ,DHBT DHB PBSO,DHBT DHB PBSO|PBSOQ,DHB|DHBT|PBSO|PBSOQ
PCCTU,PCCT SPEC PCCTW SPECW,PCCT SPEC PCCTW SPECW|PCCTU,PCCT|PCCTU|PCCTW|SPEC|SPECW
PCFO,AZL PCE,AZL PCE|PCFO,AZL|PCE|PCFO
PCG,PCG-PC PCG-PX PCG-PA PCG-PG PCG-PD PCGU PGEUU PCG-PI PCG-PB PCG-PH PCG-PE,PCG|PCG-PC PCG-PX PCG-PA PCG-PG PCG-PD PCGU PGEUU PCG-PI PCG-PB PCG-PH PCG-PE,PCG|PCG-PA|PCG-PB|PCG-PC|PCG-PD|PCG-PE|PCG-PG|PCG-PH|PCG-PI|PCG-PX|PCGU|PGEUU
PCG-PA,PCG-PC PCG PCG-PX PCG-PG PCG-PD PCGU PGEUU PCG-PI PCG-PB PCG-PH PCG-PE,PCG-PA|PCG-PC PCG PCG-PX PCG-PG PCG-PD PCGU PGEUU PCG-PI PCG-PB PCG-PH PCG-PE,PCG|PCG-PA|PCG-PB|PCG-PC|PCG-PD|PCG-PE|PCG-PG|PCG-PH|PCG-PI|PCG-PX|PCGU|PGEUU
PCG-PB,PCG-PC PCG PCG-PX PCG-PA PCG-PG PCG-PD PCGU PGEUU PCG-PI PCG-PH PCG-PE,PCG-PB|PCG-PC PCG PCG-PX PCG-PA PCG-PG PCG-PD PCGU PGEUU PCG-PI PCG-PH PCG-PE,PCG|PCG-PA|PCG-PB|PCG-PC|PCG-PD|PCG-PE|PCG-PG|PCG-PH|PCG-PI|PCG-PX|PCGU|PGEUU
PCG-PC,PCG PCG-PX PCG-PA PCG-PG PCG-PD PCGU PGEUU PCG-PI PCG-PB PCG-PH PCG-PE,PCG PCG-PX PCG-PA PCG-PG PCG-PD PCGU PGEUU PCG-PI PCG-PB PCG-PH PCG-PE|PCG-PC,PCG|PCG-PA|PCG-PB|PCG-PC|PCG-PD|PCG-PE|PCG-PG|PCG-PH|PCG-PI|PCG-PX|PCGU|PGEUU
PCG-PD,PCG-PC PCG PCG-PX PCG-PA PCG-PG PCGU PGEUU PCG-PI PCG-PB PCG-PH PCG-PE,PCG-PC PCG PCG-PX PCG-PA PCG-PG PCGU PGEUU PCG-PI PCG-PB PCG-PH PCG-PE|PCG-PD,PCG|PCG-PA|PCG-PB|PCG-PC|PCG-PD|PCG-PE|PCG-PG|PCG-PH|PCG-PI|PCG-PX|PCGU|PGEUU
PCG-PE,PCG-PC PCG PCG-PX PCG-PA PCG-PG PCG-PD PCGU PGEUU PCG-PI PCG-PB PCG-PH,PCG-PC PCG PCG-PX PCG-PA PCG-PG PCG-PD PCGU PGEUU PCG-PI PCG-PB PCG-PH|PCG-PE,PCG|PCG-PA|PCG-PB|PCG-PC|PCG-PD|PCG-PE|PCG-PG|PCG-PH|PCG-PI|PCG-PX|PCGU|PGEUU
PCG-PG,PCG-PC PCG PCG-PX PCG-PA PCG-PD PCGU PGEUU PCG-PI PCG-PB PCG-PH PCG-PE,PCG-PC PCG PCG-PX PCG-PA PCG-PD PCGU PGEUU PCG-PI PCG-PB PCG-PH PCG-PE|PCG-PG,PCG|PCG-PA|PCG-PB|PCG-PC|PCG-PD|PCG-PE|PCG-PG|PCG-PH|PCG-PI|PCG-PX|PCGU|PGEUU
PCG-PH,PCG-PC PCG PCG-PX PCG-PA PCG-PG PCG-PD PCGU PGEUU PCG-PI PCG-PB PCG-PE,PCG-PC PCG PCG-PX PCG-PA PCG-PG PCG-PD PCGU PGEUU PCG-PI PCG-PB PCG-PE|PCG-PH,PCG|PCG-PA|PCG-PB|PCG-PC|PCG-PD|PCG-PE|PCG-PG|PCG-PH|PCG-PI|PCG-PX|PCGU|PGEUU
PCG-PI,PCG-PC PCG PCG-PX PCG-PA PCG-PG PCG-PD PCGU PGEUU PCG-PB PCG-PH PCG-PE,PCG-PC PCG PCG-PX PCG-PA PCG-PG PCG-PD PCGU PGEUU PCG-PB PCG-PH PCG-PE|PCG-PI,PCG|PCG-PA|PCG-PB|PCG-PC|PCG-PD|PCG-PE|PCG-PG|PCG-PH|PCG-PI|PCG-PX|PCGU|PGEUU
PCG-PX,PCG-PC PCG PCG-PA PCG-PG PCG-PD PCGU PGEUU PCG-PI PCG-PB PCG-PH PCG-PE,PCG-PC PCG PCG-PA PCG-PG PCG-PD PCGU PGEUU PCG-PI PCG-PB PCG-PH PCG-PE|PCG-PX,PCG|PCG-PA|PCG-PB|PCG-PC|PCG-PD|PCG-PE|PCG-PG|PCG-PH|PCG-PI|PCG-PX|PCGU|PGEUU
PCOA,PCO ICOG ICOHA,PCO ICOG ICOHA|PCOA,ICOG|ICOHA|PCO|PCOA
PCOR2,PCOR SCRM,PCOR SCRM|PCOR2,PCOR|PCOR2|SCRM
PCPC,PCPC.WS PCPCW PCPC.U,PCPC|PCPC.WS PCPCW PCPC.U,PCPC|PCPC.U|PCPC.WS|PCPCW
PCPC.U,PCPC.WS PCPC PCPCW,PCPC.U|PCPC.WS PCPC PCPCW,PCPC|PCPC.U|PCPC.WS|PCPCW
PCPCW,PCPC.WS PCPC PCPC.U,PCPC.WS PCPC PCPC.U|PCPCW,PCPC|PCPC.U|PCPC.WS|PCPCW
PCPL.U,PCPL PCPL.WS ETWO.WS ETWO,PCPL PCPL.WS ETWO.WS ETWO|PCPL.U,ETWO|ETWO.WS|PCPL|PCPL.U|PCPL.WS
PCRFY,MC PC,MC PC|PCRFY,MC|PC|PCRFY
PCS1,PCS FON S2 S,PCS FON S2 S|PCS1,FON|PCS|PCS1|S|S2
PCT,PCTTU ROCH ROCHU,PCT|PCTTU ROCH ROCHU,PCT|PCTTU|ROCH|ROCHU
PCTTU,PCT ROCH ROCHU,PCT ROCH ROCHU|PCTTU,PCT|PCTTU|ROCH|ROCHU
PCX,PCXCW PCXCU,PCX|PCXCW PCXCU,PCX|PCXCU|PCXCW
PCXCU,PCXCW PCX,PCXCU|PCXCW PCX,PCX|PCXCU|PCXCW
PCXCW,PCX PCXCU,PCX PCXCU|PCXCW,PCX|PCXCU|PCXCW
PDAC.U,PDAC LICY.WS LICY LICYF PDAC.WS,PDAC LICY.WS LICY LICYF PDAC.WS|PDAC.U,LICY|LICY.WS|LICYF|PDAC|PDAC.U|PDAC.WS
PDCC1,PDMC PDCC,PDCC1|PDMC PDCC,PDCC|PDCC1|PDMC
PDNLA,PDNLB PDL.A PDL.B,PDNLA|PDNLB PDL.A PDL.B,PDL.A|PDL.B|PDNLA|PDNLB
PDNLB,PDNLA PDL.A PDL.B,PDNLA PDL.A PDL.B|PDNLB,PDL.A|PDL.B|PDNLA|PDNLB
PDOT,PDOT.WS PDOT.U,PDOT|PDOT.WS PDOT.U,PDOT|PDOT.U|PDOT.WS
PDOT.U,PDOT.WS PDOT,PDOT.U|PDOT.WS PDOT,PDOT|PDOT.U|PDOT.WS
PDOT.WS,PDOT.U PDOT,PDOT.U PDOT|PDOT.WS,PDOT|PDOT.U|PDOT.WS
PDYN,ROT ROT.U STRC,PDYN|ROT ROT.U STRC,PDYN|ROT|ROT.U|STRC
PEARQ,PEAR PERWQ THMAU THMAW PEARW THMA,PEAR PERWQ THMAU THMAW PEARW THMA|PEARQ,PEAR|PEARQ|PEARW|PERWQ|THMA|THMAU|THMAW
PEB,PEB-PB PEB-PG PEB-PH PEB-PE PEB-PC PEB-PF PEB-PD PEB-PA,PEB|PEB-PB PEB-PG PEB-PH PEB-PE PEB-PC PEB-PF PEB-PD PEB-PA,PEB|PEB-PA|PEB-PB|PEB-PC|PEB-PD|PEB-PE|PEB-PF|PEB-PG|PEB-PH
PEB-PA,PEB-PB PEB-PG PEB-PH PEB-PE PEB-PC PEB-PF PEB-PD PEB,PEB-PA|PEB-PB PEB-PG PEB-PH PEB-PE PEB-PC PEB-PF PEB-PD PEB,PEB|PEB-PA|PEB-PB|PEB-PC|PEB-PD|PEB-PE|PEB-PF|PEB-PG|PEB-PH
PEB-PB,PEB-PG PEB-PH PEB-PE PEB-PC PEB-PF PEB-PD PEB PEB-PA,PEB-PB|PEB-PG PEB-PH PEB-PE PEB-PC PEB-PF PEB-PD PEB PEB-PA,PEB|PEB-PA|PEB-PB|PEB-PC|PEB-PD|PEB-PE|PEB-PF|PEB-PG|PEB-PH
PEB-PC,PEB-PB PEB-PG PEB-PH PEB-PE PEB-PF PEB-PD PEB PEB-PA,PEB-PB PEB-PG PEB-PH PEB-PE PEB-PF PEB-PD PEB PEB-PA|PEB-PC,PEB|PEB-PA|PEB-PB|PEB-PC|PEB-PD|PEB-PE|PEB-PF|PEB-PG|PEB-PH
PEB-PD,PEB-PB PEB-PG PEB-PH PEB-PE PEB-PC PEB-PF PEB PEB-PA,PEB-PB PEB-PG PEB-PH PEB-PE PEB-PC PEB-PF PEB PEB-PA|PEB-PD,PEB|PEB-PA|PEB-PB|PEB-PC|PEB-PD|PEB-PE|PEB-PF|PEB-PG|PEB-PH
PEB-PE,PEB-PB PEB-PG PEB-PH PEB-PC PEB-PF PEB-PD PEB PEB-PA,PEB-PB PEB-PG PEB-PH PEB-PC PEB-PF PEB-PD PEB PEB-PA|PEB-PE,PEB|PEB-PA|PEB-PB|PEB-PC|PEB-PD|PEB-PE|PEB-PF|PEB-PG|PEB-PH
PEB-PF,PEB-PB PEB-PG PEB-PH PEB-PE PEB-PC PEB-PD PEB PEB-PA,PEB-PB PEB-PG PEB-PH PEB-PE PEB-PC PEB-PD PEB PEB-PA|PEB-PF,PEB|PEB-PA|PEB-PB|PEB-PC|PEB-PD|PEB-PE|PEB-PF|PEB-PG|PEB-PH
PEB-PG,PEB-PB PEB-PH PEB-PE PEB-PC PEB-PF PEB-PD PEB PEB-PA,PEB-PB PEB-PH PEB-PE PEB-PC PEB-PF PEB-PD PEB PEB-PA|PEB-PG,PEB|PEB-PA|PEB-PB|PEB-PC|PEB-PD|PEB-PE|PEB-PF|PEB-PG|PEB-PH
PEB-PH,PEB-PB PEB-PG PEB-PE PEB-PC PEB-PF PEB-PD PEB PEB-PA,PEB-PB PEB-PG PEB-PE PEB-PC PEB-PF PEB-PD PEB PEB-PA|PEB-PH,PEB|PEB-PA|PEB-PB|PEB-PC|PEB-PD|PEB-PE|PEB-PF|PEB-PG|PEB-PH
PED,RDGI PEDO VDYS BESV,PED|RDGI PEDO VDYS BESV,BESV|PED|PEDO|RDGI|VDYS
PEGRU,PITEF PEGR PITAW PITA PEGRW,PEGRU|PITEF PEGR PITAW PITA PEGRW,PEGR|PEGRU|PEGRW|PITA|PITAW|PITEF
PEI-PA,PEI-PB PRET PEI-PD PRETN PEI-PC PEI PRETL PRETM,PEI-PA|PEI-PB PRET PEI-PD PRETN PEI-PC PEI PRETL PRETM,PEI|PEI-PA|PEI-PB|PEI-PC|PEI-PD|PRET|PRETL|PRETM|PRETN
PELIU,GLND PELI,GLND PELI|PELIU,GLND|PELI|PELIU
PEPL,PEPLU PEPLW,PEPL|PEPLU PEPLW,PEPL|PEPLU|PEPLW
PEPLU,PEPL PEPLW,PEPL PEPLW|PEPLU,PEPL|PEPLU|PEPLW
PEPLW,PEPL PEPLU,PEPL PEPLU|PEPLW,PEPL|PEPLU|PEPLW
PERF,PAQCU PAQC,PAQCU PAQC|PERF,PAQC|PAQCU|PERF
PERFQ,ECMV PERF,ECMV PERF|PERFQ,ECMV|PERF|PERFQ
PERWQ,PEAR THMAU PEARQ THMAW PEARW THMA,PEAR THMAU PEARQ THMAW PEARW THMA|PERWQ,PEAR|PEARQ|PEARW|PERWQ|THMA|THMAU|THMAW
PESXQ,STXD PESX PDC PES,PESXQ|STXD PESX PDC PES,PDC|PES|PESX|PESXQ|STXD
PETV,TENP PETVW,PETV|TENP PETVW,PETV|PETVW|TENP
PETVW,PETV TENP,PETV TENP|PETVW,PETV|PETVW|TENP
PETWW,CHWAW PETXQ CHWA PET CHWAU,CHWAW PETXQ CHWA PET CHWAU|PETWW,CHWA|CHWAU|CHWAW|PET|PETWW|PETXQ
PETXQ,CHWAW CHWA PETWW PET CHWAU,CHWAW CHWA PETWW PET CHWAU|PETXQ,CHWA|CHWAU|CHWAW|PET|PETWW|PETXQ
PEW,CLBR.U CLBR.U2 CLBR,CLBR.U CLBR.U2 CLBR|PEW,CLBR|CLBR.U|CLBR.U2|PEW
PEX1,PEX.U PEX,PEX.U PEX|PEX1,PEX|PEX.U|PEX1
PFDRU,MVLAW PFDRW MVLA PFDR,MVLAW PFDRW MVLA PFDR|PFDRU,MVLA|MVLAW|PFDR|PFDRU|PFDRW
PFFBQ,PFB PFFB,PFB PFFB|PFFBQ,PFB|PFFB|PFFBQ
PFFVF,PV PVTCY,PFFVF|PV PVTCY,PFFVF|PV|PVTCY
PFLWF,PEFWF PED PTFWF,PEFWF PED PTFWF|PFLWF,PED|PEFWF|PFLWF|PTFWF
PFSA,NVACU NVACR NVACW NVAC,NVACU NVACR NVACW NVAC|PFSA,NVAC|NVACR|NVACU|NVACW|PFSA
PFTA,PFTAU PFTAW,PFTA|PFTAU PFTAW,PFTA|PFTAU|PFTAW
PFTAU,PFTAW PFTA,PFTAU|PFTAW PFTA,PFTA|PFTAU|PFTAW
PFTAW,PFTAU PFTA,PFTAU PFTA|PFTAW,PFTA|PFTAU|PFTAW
PFX,MCC MCQ PFXNL PFXNZ MCV MCX,MCC MCQ PFXNL PFXNZ MCV MCX|PFX,MCC|MCQ|MCV|MCX|PFX|PFXNL|PFXNZ
PGAC,SPHAU AIFE PGACU SPHA AIFEU,PGAC|SPHAU AIFE PGACU SPHA AIFEU,AIFE|AIFEU|PGAC|PGACU|SPHA|SPHAU
PGACU,SPHAU AIFE PGAC SPHA AIFEU,PGACU|SPHAU AIFE PGAC SPHA AIFEU,AIFE|AIFEU|PGAC|PGACU|SPHA|SPHAU
PGICQ,PGIC MIKN,PGIC MIKN|PGICQ,MIKN|PGIC|PGICQ
PGN1,CPL PGN,CPL PGN|PGN1,CPL|PGN|PGN1
PGNPQ,PGN PGNPF,PGN PGNPF|PGNPQ,PGN|PGNPF|PGNPQ
PGRW,PGRWW PGRWU,PGRW|PGRWW PGRWU,PGRW|PGRWU|PGRWW
PGRWU,PGRWW PGRW,PGRWU|PGRWW PGRW,PGRW|PGRWU|PGRWW
PGRWW,PGRW PGRWU,PGRW PGRWU|PGRWW,PGRW|PGRWU|PGRWW
PGSS.U,PGSS SHMD,PGSS SHMD|PGSS.U,PGSS|PGSS.U|SHMD
PGY,EJFAU EJFA,EJFAU EJFA|PGY,EJFA|EJFAU|PGY
PHAR1,CVDI PHAR,CVDI PHAR|PHAR1,CVDI|PHAR|PHAR1
PHGE,CHAC PHGE.U PHGE.WS CHAC.U CHACU CHAC.WS,CHAC PHGE.U PHGE.WS CHAC.U CHACU CHAC.WS|PHGE,CHAC|CHAC.U|CHAC.WS|CHACU|PHGE|PHGE.U|PHGE.WS
PHGE.U,CHAC PHGE.WS CHAC.U CHACU PHGE CHAC.WS,CHAC PHGE.WS CHAC.U CHACU PHGE CHAC.WS|PHGE.U,CHAC|CHAC.U|CHAC.WS|CHACU|PHGE|PHGE.U|PHGE.WS
PHGE.WS,CHAC PHGE.U CHAC.U CHACU PHGE CHAC.WS,CHAC PHGE.U CHAC.U CHACU PHGE CHAC.WS|PHGE.WS,CHAC|CHAC.U|CHAC.WS|CHACU|PHGE|PHGE.U|PHGE.WS
PHIC,PHICW PHICU,PHIC|PHICW PHICU,PHIC|PHICU|PHICW
PHICU,PHIC PHICW,PHIC PHICW|PHICU,PHIC|PHICU|PHICW
PHICW,PHIC PHICU,PHIC PHICU|PHICW,PHIC|PHICU|PHICW
PHIIQ,PHIIK PHIKQ PHEL PHII,PHIIK PHIKQ PHEL PHII|PHIIQ,PHEL|PHII|PHIIK|PHIIQ|PHIKQ
PHIKQ,PHIIK PHIIQ PHEL PHII,PHIIK PHIIQ PHEL PHII|PHIKQ,PHEL|PHII|PHIIK|PHIIQ|PHIKQ
PHIO,RXII PHIOW,PHIO|RXII PHIOW,PHIO|PHIOW|RXII
PHIOW,RXII PHIO,PHIOW|RXII PHIO,PHIO|PHIOW|RXII
PHS,PHSYB PHSYA PHSY,PHS|PHSYB PHSYA PHSY,PHS|PHSY|PHSYA|PHSYB
PHSYB,PHS PHSYA PHSY,PHS PHSYA PHSY|PHSYB,PHS|PHSY|PHSYA|PHSYB
PHUN,PHUNW STLRW STLR STLRU,PHUN|PHUNW STLRW STLR STLRU,PHUN|PHUNW|STLR|STLRU|STLRW
PHUNW,STLRW STLR PHUN STLRU,PHUNW|STLRW STLR PHUN STLRU,PHUN|PHUNW|STLR|STLRU|STLRW
PHYT.U,PHYTF PHYT PHYT.WS,PHYT.U|PHYTF PHYT PHYT.WS,PHYT|PHYT.U|PHYT.WS|PHYTF
PHYT.WS,PHYTF PHYT PHYT.U,PHYT.WS|PHYTF PHYT PHYT.U,PHYT|PHYT.U|PHYT.WS|PHYTF
PHYTF,PHYT PHYT.WS PHYT.U,PHYT PHYT.WS PHYT.U|PHYTF,PHYT|PHYT.U|PHYT.WS|PHYTF
PIAI.U,PRIAF PIAI PIAI.WS,PIAI.U|PRIAF PIAI PIAI.WS,PIAI|PIAI.U|PIAI.WS|PRIAF
PIAI.WS,PRIAF PIAI PIAI.U,PIAI.WS|PRIAF PIAI PIAI.U,PIAI|PIAI.U|PIAI.WS|PRIAF
PIC.U,XL.WS PIC.WS XL SPRU PIC,PIC.U|XL.WS PIC.WS XL SPRU PIC,PIC|PIC.U|PIC.WS|SPRU|XL|XL.WS
PICC,PICC.WS PICC.U,PICC|PICC.WS PICC.U,PICC|PICC.U|PICC.WS
PICC.U,PICC.WS PICC,PICC.U|PICC.WS PICC,PICC|PICC.U|PICC.WS
PICC.WS,PICC.U PICC,PICC.U PICC|PICC.WS,PICC|PICC.U|PICC.WS
PIII,FORE FOREU,FORE FOREU|PIII,FORE|FOREU|PIII
PIOIQ,ACPW PIOI,ACPW PIOI|PIOIQ,ACPW|PIOI|PIOIQ
PIPP,PIPP.WS PIPP.U,PIPP|PIPP.WS PIPP.U,PIPP|PIPP.U|PIPP.WS
PIPP.U,PIPP PIPP.WS,PIPP PIPP.WS|PIPP.U,PIPP|PIPP.U|PIPP.WS
PIPP.WS,PIPP PIPP.U,PIPP PIPP.U|PIPP.WS,PIPP|PIPP.U|PIPP.WS
PITAW,PITEF PEGR PEGRU PITA PEGRW,PITAW|PITEF PEGR PEGRU PITA PEGRW,PEGR|PEGRU|PEGRW|PITA|PITAW|PITEF
PITEF,PEGR PITAW PEGRU PITA PEGRW,PEGR PITAW PEGRU PITA PEGRW|PITEF,PEGR|PEGRU|PEGRW|PITA|PITAW|PITEF
PKBO,IGNY IGNYU IGNYW PKBOW,IGNY IGNYU IGNYW PKBOW|PKBO,IGNY|IGNYU|IGNYW|PKBO|PKBOW
PKBOW,IGNY IGNYU IGNYW PKBO,IGNY IGNYU IGNYW PKBO|PKBOW,IGNY|IGNYU|IGNYW|PKBO|PKBOW
PL,DMYQ.U DMYQ,DMYQ.U DMYQ|PL,DMYQ|DMYQ.U|PL
PL-PC,PL PL1 PL-PE,PL PL1 PL-PE|PL-PC,PL|PL-PC|PL-PE|PL1
PL-PE,PL PL1 PL-PC,PL PL1 PL-PC|PL-PE,PL|PL-PC|PL-PE|PL1
PL1,PL PL-PE PL-PC,PL PL-PE PL-PC|PL1,PL|PL-PC|PL-PE|PL1
PLA.A,PLA PLA1,PLA PLA1|PLA.A,PLA|PLA.A|PLA1
PLA1,PLA PLA.A,PLA PLA.A|PLA1,PLA|PLA.A|PLA1
PLAG,ALRC ALN,ALRC ALN|PLAG,ALN|ALRC|PLAG
PLAO,PLAOW PLAOU,PLAO|PLAOW PLAOU,PLAO|PLAOU|PLAOW
PLAOU,PLAO PLAOW,PLAO PLAOW|PLAOU,PLAO|PLAOU|PLAOW
PLAOW,PLAO PLAOU,PLAO PLAOU|PLAOW,PLAO|PLAOU|PLAOW
PLBL,CHEB CHEB.WS CHEB.U,CHEB CHEB.WS CHEB.U|PLBL,CHEB|CHEB.U|CHEB.WS|PLBL
PLBY,MCACU MCACU1 MCACR1 MCAC MCACR,MCACU MCACU1 MCACR1 MCAC MCACR|PLBY,MCAC|MCACR|MCACR1|MCACU|MCACU1|PLBY
PLL,PLLLY PLLL,PLL|PLLLY PLLL,PLL|PLLL|PLLLY
PLM,POMGF PLM.R,PLM|POMGF PLM.R,PLM|PLM.R|POMGF
PLM.R,PLM POMGF,PLM POMGF|PLM.R,PLM|PLM.R|POMGF
PLMIU,PLMI VEEA,PLMI VEEA|PLMIU,PLMI|PLMIU|VEEA
PLMJF,PLMJ APTMW APTM APTMU PLMJW PLMJU,PLMJ APTMW APTM APTMU PLMJW PLMJU|PLMJF,APTM|APTMU|APTMW|PLMJ|PLMJF|PLMJU|PLMJW
PLMJU,PLMJ APTMW APTM PLMJF APTMU PLMJW,PLMJ APTMW APTM PLMJF APTMU PLMJW|PLMJU,APTM|APTMU|APTMW|PLMJ|PLMJF|PLMJU|PLMJW
PLMJW,PLMJ APTMW APTM PLMJF APTMU PLMJU,PLMJ APTMW APTM PLMJF APTMU PLMJU|PLMJW,APTM|APTMU|APTMW|PLMJ|PLMJF|PLMJU|PLMJW
PLNTQ,TPR PLI,PLNTQ|TPR PLI,PLI|PLNTQ|TPR
PLRBQ,PLRB PYRAQ PLRA,PLRB PYRAQ PLRA|PLRBQ,PLRA|PLRB|PLRBQ|PYRAQ
PLTNR,DSY PLTNU PLTN,DSY PLTNU PLTN|PLTNR,DSY|PLTN|PLTNR|PLTNU
PLTNU,PLTNR DSY PLTN,PLTNR DSY PLTN|PLTNU,DSY|PLTN|PLTNR|PLTNU
PLUR,PLRS PSTI,PLRS PSTI|PLUR,PLRS|PLUR|PSTI
PLXPQ,PLXP DPRX,PLXP DPRX|PLXPQ,DPRX|PLXP|PLXPQ
PME,CGEIU CGEI,CGEIU CGEI|PME,CGEI|CGEIU|PME
PMGM,TMKR PMGMU TMKRW TMKRU PMGMW,PMGM|TMKR PMGMU TMKRW TMKRU PMGMW,PMGM|PMGMU|PMGMW|TMKR|TMKRU|TMKRW
PMGMU,TMKR TMKRW PMGM TMKRU PMGMW,PMGMU|TMKR TMKRW PMGM TMKRU PMGMW,PMGM|PMGMU|PMGMW|TMKR|TMKRU|TMKRW
PMGMU1,PMGMU PMGM AEON.WS AEON PMGMW,PMGMU PMGM AEON.WS AEON PMGMW|PMGMU1,AEON|AEON.WS|PMGM|PMGMU|PMGMU1|PMGMW
PMGMW,TMKR PMGMU TMKRW PMGM TMKRU,PMGMW|TMKR PMGMU TMKRW PMGM TMKRU,PMGM|PMGMU|PMGMW|TMKR|TMKRU|TMKRW
PMT,PMTW PMT-PB PMT-PC PMT-PA PMTV PMTU,PMT|PMTW PMT-PB PMT-PC PMT-PA PMTV PMTU,PMT|PMT-PA|PMT-PB|PMT-PC|PMTU|PMTV|PMTW
PMT-PA,PMTW PMT-PB PMT PMT-PC PMTV PMTU,PMT-PA|PMTW PMT-PB PMT PMT-PC PMTV PMTU,PMT|PMT-PA|PMT-PB|PMT-PC|PMTU|PMTV|PMTW
PMT-PB,PMTW PMT PMT-PC PMT-PA PMTV PMTU,PMT-PB|PMTW PMT PMT-PC PMT-PA PMTV PMTU,PMT|PMT-PA|PMT-PB|PMT-PC|PMTU|PMTV|PMTW
PMT-PC,PMTW PMT-PB PMT PMT-PA PMTV PMTU,PMT-PC|PMTW PMT-PB PMT PMT-PA PMTV PMTU,PMT|PMT-PA|PMT-PB|PMT-PC|PMTU|PMTV|PMTW
PMVC,PMVC.U PMVC.WS PMVCU PMVCW,PMVC|PMVC.U PMVC.WS PMVCU PMVCW,PMVC|PMVC.U|PMVC.WS|PMVCU|PMVCW
PMVCU,PMVC.U PMVC.WS PMVC PMVCW,PMVC.U PMVC.WS PMVC PMVCW|PMVCU,PMVC|PMVC.U|PMVC.WS|PMVCU|PMVCW
PMVCW,PMVC.U PMVC.WS PMVC PMVCU,PMVC.U PMVC.WS PMVC PMVCU|PMVCW,PMVC|PMVC.U|PMVC.WS|PMVCU|PMVCW
PNACR,NCNC NCNCF NCNCW PNACW PNACU PNAC,NCNC NCNCF NCNCW PNACW PNACU PNAC|PNACR,NCNC|NCNCF|NCNCW|PNAC|PNACR|PNACU|PNACW
PNACU,NCNC NCNCF NCNCW PNACR PNACW PNAC,NCNC NCNCF NCNCW PNACR PNACW PNAC|PNACU,NCNC|NCNCF|NCNCW|PNAC|PNACR|PNACU|PNACW
PNC,PNC-PP PNC-PQ,PNC|PNC-PP PNC-PQ,PNC|PNC-PP|PNC-PQ
PNC-PP,PNC-PQ PNC,PNC-PP|PNC-PQ PNC,PNC|PNC-PP|PNC-PQ
PNC-PQ,PNC-PP PNC,PNC-PP PNC|PNC-PQ,PNC|PNC-PP|PNC-PQ
PNFP,PNFP-PC PNFP-PB PNFPP PNFP-PA,PNFP|PNFP-PC PNFP-PB PNFPP PNFP-PA,PNFP|PNFP-PA|PNFP-PB|PNFP-PC|PNFPP
PNFP-PA,PNFP PNFP-PC PNFP-PB PNFPP,PNFP PNFP-PC PNFP-PB PNFPP|PNFP-PA,PNFP|PNFP-PA|PNFP-PB|PNFP-PC|PNFPP
PNFP-PB,PNFP PNFP-PC PNFPP PNFP-PA,PNFP PNFP-PC PNFPP PNFP-PA|PNFP-PB,PNFP|PNFP-PA|PNFP-PB|PNFP-PC|PNFPP
PNFP-PC,PNFP PNFP-PB PNFPP PNFP-PA,PNFP PNFP-PB PNFPP PNFP-PA|PNFP-PC,PNFP|PNFP-PA|PNFP-PB|PNFP-PC|PNFPP
PNFPP,PNFP PNFP-PC PNFP-PB PNFP-PA,PNFP PNFP-PC PNFP-PB PNFP-PA|PNFPP,PNFP|PNFP-PA|PNFP-PB|PNFP-PC|PNFPP
PNNT,PNTA PNNTG,PNNT|PNTA PNNTG,PNNT|PNNTG|PNTA
PNOT,PNO PNWK,PNO PNWK|PNOT,PNO|PNOT|PNWK
PNST,BYN.U BYN PNST.WS BYN.WS,BYN.U BYN PNST.WS BYN.WS|PNST,BYN|BYN.U|BYN.WS|PNST|PNST.WS
PNST.WS,BYN.U BYN BYN.WS PNST,BYN.U BYN BYN.WS PNST|PNST.WS,BYN|BYN.U|BYN.WS|PNST|PNST.WS
PNT,TXAC RACA,PNT|TXAC RACA,PNT|RACA|TXAC
PNTM.U,PNTM.WS PNTM PNTM1,PNTM.U|PNTM.WS PNTM PNTM1,PNTM|PNTM.U|PNTM.WS|PNTM1
PNTM.WS,PNTM PNTM.U PNTM1,PNTM PNTM.U PNTM1|PNTM.WS,PNTM|PNTM.U|PNTM.WS|PNTM1
PNTM1,PNTM.WS PNTM PNTM.U,PNTM.WS PNTM PNTM.U|PNTM1,PNTM|PNTM.U|PNTM.WS|PNTM1
PNTPQ,PNTP PN,PNTP PN|PNTPQ,PN|PNTP|PNTPQ
PNTR,NXUS NXUSF,NXUS NXUSF|PNTR,NXUS|NXUSF|PNTR
POL.WS,GOED POL POLCQ POLC GOED.WS,GOED POL POLCQ POLC GOED.WS|POL.WS,GOED|GOED.WS|POL|POL.WS|POLC|POLCQ
POLCQ,GOED POL POLC GOED.WS POL.WS,GOED POL POLC GOED.WS POL.WS|POLCQ,GOED|GOED.WS|POL|POL.WS|POLC|POLCQ
POND.U,MRDB.WS POND.WS MRDB POND,MRDB.WS POND.WS MRDB POND|POND.U,MRDB|MRDB.WS|POND|POND.U|POND.WS
PONE,PONN POIX POI,PONE|PONN POIX POI,POI|POIX|PONE|PONN
PONOU1,PONOW AWINW AWIN PONO PONOU,PONOU1|PONOW AWINW AWIN PONO PONOU,AWIN|AWINW|PONO|PONOU|PONOU1|PONOW
POPM,HOTD CODY,HOTD CODY|POPM,CODY|HOTD|POPM
PORT2,PORT PYTM PSI,PORT PYTM PSI|PORT2,PORT|PORT2|PSI|PYTM
PORTU,PORT.U PORTW PORT PORT.WS ANGX,PORT.U PORTW PORT PORT.WS ANGX|PORTU,ANGX|PORT|PORT.U|PORT.WS|PORTU|PORTW
PORTW,PORT.U PORTU PORT PORT.WS ANGX,PORT.U PORTU PORT PORT.WS ANGX|PORTW,ANGX|PORT|PORT.U|PORT.WS|PORTU|PORTW
POW1,POWRU POWRW POW,POW1|POWRU POWRW POW,POW|POW1|POWRU|POWRW
POWR1,MEK MTEK POWR MGAS,MEK MTEK POWR MGAS|POWR1,MEK|MGAS|MTEK|POWR|POWR1
POWRU,POWRW POW POW1,POWRU|POWRW POW POW1,POW|POW1|POWRU|POWRW
POWRW,POWRU POW POW1,POWRU POW POW1|POWRW,POW|POW1|POWRU|POWRW
POWW,RTRO POWWP,POWW|RTRO POWWP,POWW|POWWP|RTRO
POWWP,RTRO POWW,POWWP|RTRO POWW,POWW|POWWP|RTRO
PPC,CHX.A PGPDQ,CHX.A PGPDQ|PPC,CHX.A|PGPDQ|PPC
PPGHU,GGR PPGH,GGR PPGH|PPGHU,GGR|PPGH|PPGHU
PPHP,PPHPW PPHPR PPHPU,PPHP|PPHPW PPHPR PPHPU,PPHP|PPHPR|PPHPU|PPHPW
PPHPR,PPHPW PPHP PPHPU,PPHPR|PPHPW PPHP PPHPU,PPHP|PPHPR|PPHPU|PPHPW
PPHPU,PPHPW PPHPR PPHP,PPHPU|PPHPW PPHPR PPHP,PPHP|PPHPR|PPHPU|PPHPW
PPHPW,PPHPR PPHP PPHPU,PPHPR PPHP PPHPU|PPHPW,PPHP|PPHPR|PPHPU|PPHPW
PPMIQ,PMI PMA,PMI PMA|PPMIQ,PMA|PMI|PPMIQ
PPPMF,MNOCF PPP,MNOCF PPP|PPPMF,MNOCF|PPP|PPPMF
PPYA,PPYAU PPYAW,PPYA|PPYAU PPYAW,PPYA|PPYAU|PPYAW
PPYAU,PPYA PPYAW,PPYA PPYAW|PPYAU,PPYA|PPYAU|PPYAW
PPYAW,PPYA PPYAU,PPYA PPYAU|PPYAW,PPYA|PPYAU|PPYAW
PQUEQ,PQUE PQ,PQUE PQ|PQUEQ,PQ|PQUE|PQUEQ
PR,CDEV SRAQU SRAQ,CDEV SRAQU SRAQ|PR,CDEV|PR|SRAQ|SRAQU
PRBM,PRBM.U PRBMW PRBMU PRBM.WS,PRBM|PRBM.U PRBMW PRBMU PRBM.WS,PRBM|PRBM.U|PRBM.WS|PRBMU|PRBMW
PRBMU,PRBM.U PRBMW PRBM PRBM.WS,PRBM.U PRBMW PRBM PRBM.WS|PRBMU,PRBM|PRBM.U|PRBM.WS|PRBMU|PRBMW
PRBMW,PRBM.U PRBM PRBMU PRBM.WS,PRBM.U PRBM PRBMU PRBM.WS|PRBMW,PRBM|PRBM.U|PRBM.WS|PRBMU|PRBMW
PRCH,PTACU PTAC PRCHW PTACW,PRCH|PTACU PTAC PRCHW PTACW,PRCH|PRCHW|PTAC|PTACU|PTACW
PRCHW,PTACU PTAC PRCH PTACW,PRCHW|PTACU PTAC PRCH PTACW,PRCH|PRCHW|PTAC|PTACU|PTACW
PRE,ARTA ARTAU,ARTA ARTAU|PRE,ARTA|ARTAU|PRE
PRE-PD,PRE-PE PRE PRE-PF PRE-PJ PRE1 PRE-PG PRE-PH PRE-PI,PRE-PD|PRE-PE PRE PRE-PF PRE-PJ PRE1 PRE-PG PRE-PH PRE-PI,PRE|PRE-PD|PRE-PE|PRE-PF|PRE-PG|PRE-PH|PRE-PI|PRE-PJ|PRE1
PRE-PE,PRE PRE-PF PRE-PJ PRE1 PRE-PG PRE-PD PRE-PH PRE-PI,PRE PRE-PF PRE-PJ PRE1 PRE-PG PRE-PD PRE-PH PRE-PI|PRE-PE,PRE|PRE-PD|PRE-PE|PRE-PF|PRE-PG|PRE-PH|PRE-PI|PRE-PJ|PRE1
PRE-PF,PRE-PE PRE PRE-PJ PRE1 PRE-PG PRE-PD PRE-PH PRE-PI,PRE-PE PRE PRE-PJ PRE1 PRE-PG PRE-PD PRE-PH PRE-PI|PRE-PF,PRE|PRE-PD|PRE-PE|PRE-PF|PRE-PG|PRE-PH|PRE-PI|PRE-PJ|PRE1
PRE-PG,PRE-PE PRE PRE-PF PRE-PJ PRE1 PRE-PD PRE-PH PRE-PI,PRE-PE PRE PRE-PF PRE-PJ PRE1 PRE-PD PRE-PH PRE-PI|PRE-PG,PRE|PRE-PD|PRE-PE|PRE-PF|PRE-PG|PRE-PH|PRE-PI|PRE-PJ|PRE1
PRE-PH,PRE-PE PRE PRE-PF PRE-PJ PRE1 PRE-PG PRE-PD PRE-PI,PRE-PE PRE PRE-PF PRE-PJ PRE1 PRE-PG PRE-PD PRE-PI|PRE-PH,PRE|PRE-PD|PRE-PE|PRE-PF|PRE-PG|PRE-PH|PRE-PI|PRE-PJ|PRE1
PRE-PI,PRE-PE PRE PRE-PF PRE-PJ PRE1 PRE-PG PRE-PD PRE-PH,PRE-PE PRE PRE-PF PRE-PJ PRE1 PRE-PG PRE-PD PRE-PH|PRE-PI,PRE|PRE-PD|PRE-PE|PRE-PF|PRE-PG|PRE-PH|PRE-PI|PRE-PJ|PRE1
PRE-PJ,PRE-PE PRE PRE-PF PRE1 PRE-PG PRE-PD PRE-PH PRE-PI,PRE-PE PRE PRE-PF PRE1 PRE-PG PRE-PD PRE-PH PRE-PI|PRE-PJ,PRE|PRE-PD|PRE-PE|PRE-PF|PRE-PG|PRE-PH|PRE-PI|PRE-PJ|PRE1
PRE1,PRE-PE PRE PRE-PF PRE-PJ PRE-PG PRE-PD PRE-PH PRE-PI,PRE-PE PRE PRE-PF PRE-PJ PRE-PG PRE-PD PRE-PH PRE-PI|PRE1,PRE|PRE-PD|PRE-PE|PRE-PF|PRE-PG|PRE-PH|PRE-PI|PRE-PJ|PRE1
PRET,PEI-PB PEI-PD PEI-PA PRETN PEI-PC PEI PRETL PRETM,PEI-PB PEI-PD PEI-PA PRETN PEI-PC PEI PRETL PRETM|PRET,PEI|PEI-PA|PEI-PB|PEI-PC|PEI-PD|PRET|PRETL|PRETM|PRETN
PRETL,PEI-PB PRET PEI-PD PEI-PA PRETN PEI-PC PEI PRETM,PEI-PB PRET PEI-PD PEI-PA PRETN PEI-PC PEI PRETM|PRETL,PEI|PEI-PA|PEI-PB|PEI-PC|PEI-PD|PRET|PRETL|PRETM|PRETN
PRETM,PEI-PB PRET PEI-PD PEI-PA PRETN PEI-PC PEI PRETL,PEI-PB PRET PEI-PD PEI-PA PRETN PEI-PC PEI PRETL|PRETM,PEI|PEI-PA|PEI-PB|PEI-PC|PEI-PD|PRET|PRETL|PRETM|PRETN
PRETN,PEI-PB PRET PEI-PD PEI-PA PEI-PC PEI PRETL PRETM,PEI-PB PRET PEI-PD PEI-PA PEI-PC PEI PRETL PRETM|PRETN,PEI|PEI-PA|PEI-PB|PEI-PC|PEI-PD|PRET|PRETL|PRETM|PRETN
PRFC1,BTFC PRFC,BTFC PRFC|PRFC1,BTFC|PRFC|PRFC1
PRG,RNT.A AAN AAN1 AAN.A RNT,PRG|RNT.A AAN AAN1 AAN.A RNT,AAN|AAN.A|AAN1|PRG|RNT|RNT.A
PRGNF,PRGNL PRGN,PRGNF|PRGNL PRGN,PRGN|PRGNF|PRGNL
PRGP,PRG DEN,PRG DEN|PRGP,DEN|PRG|PRGP
PRHI,CNFRZ CNFR CNFRL PRHIZ,CNFRZ CNFR CNFRL PRHIZ|PRHI,CNFR|CNFRL|CNFRZ|PRHI|PRHIZ
PRIAF,PIAI.U PIAI PIAI.WS,PIAI.U PIAI PIAI.WS|PRIAF,PIAI|PIAI.U|PIAI.WS|PRIAF
PRIS.B,PRIS PRISY,PRIS PRISY|PRIS.B,PRIS|PRIS.B|PRISY
PRISY,PRIS PRIS.B,PRIS PRIS.B|PRISY,PRIS|PRIS.B|PRISY
PRLE,RPP PRG,PRLE|RPP PRG,PRG|PRLE|RPP
PRLH,PRLHU PRLHW,PRLH|PRLHU PRLHW,PRLH|PRLHU|PRLHW
PRLHU,PRLH PRLHW,PRLH PRLHW|PRLHU,PRLH|PRLHU|PRLHW
PRLHW,PRLH PRLHU,PRLH PRLHU|PRLHW,PRLH|PRLHU|PRLHW
PRLIQ,PRL PRLI,PRL PRLI|PRLIQ,PRL|PRLI|PRLIQ
PRMB,PRMW COTT COT,PRMB|PRMW COTT COT,COT|COTT|PRMB|PRMW
PROCF,PROC LATN PROCW LATNW LATNU,PROC LATN PROCW LATNW LATNU|PROCF,LATN|LATNU|LATNW|PROC|PROCF|PROCW
PROCW,PROC LATN LATNW LATNU PROCF,PROC LATN LATNW LATNU PROCF|PROCW,LATN|LATNU|LATNW|PROC|PROCF|PROCW
PROI,RHM PRC RHEM,PROI|RHM PRC RHEM,PRC|PROI|RHEM|RHM
PRPB.U,GETY.WS GETY PRPB.WS PRPB,GETY.WS GETY PRPB.WS PRPB|PRPB.U,GETY|GETY.WS|PRPB|PRPB.U|PRPB.WS
PRPC,PRPC.WS PRPC.U,PRPC|PRPC.WS PRPC.U,PRPC|PRPC.U|PRPC.WS
PRPC.U,PRPC.WS PRPC,PRPC.U|PRPC.WS PRPC,PRPC|PRPC.U|PRPC.WS
PRPC.WS,PRPC.U PRPC,PRPC.U PRPC|PRPC.WS,PRPC|PRPC.U|PRPC.WS
PRPL,GPACU GPAC,GPACU GPAC|PRPL,GPAC|GPACU|PRPL
PRPL1,GOAM PRPL,GOAM PRPL|PRPL1,GOAM|PRPL|PRPL1
PRPO,TBIO TBIOD,PRPO|TBIO TBIOD,PRPO|TBIO|TBIOD
PRSNQ,BSDM PRSN BSM,BSDM PRSN BSM|PRSNQ,BSDM|BSM|PRSN|PRSNQ
PRSRU,LDTCF LDTC PRSR LDTCW PRSRW,LDTCF LDTC PRSR LDTCW PRSRW|PRSRU,LDTC|LDTCF|LDTCW|PRSR|PRSRU|PRSRW
PRST,VTAQW VTAQR VTAQU PRSTW VTAQ,PRST|VTAQW VTAQR VTAQU PRSTW VTAQ,PRST|PRSTW|VTAQ|VTAQR|VTAQU|VTAQW
PRSTW,VTAQW VTAQR VTAQU PRST VTAQ,PRSTW|VTAQW VTAQR VTAQU PRST VTAQ,PRST|PRSTW|VTAQ|VTAQR|VTAQU|VTAQW
PRTH,MACQU MACQ,MACQU MACQ|PRTH,MACQ|MACQU|PRTH
PRTK,NOVC TSPT,NOVC TSPT|PRTK,NOVC|PRTK|TSPT
PRU,PFH PRS PJH PRH2 PRH PFK,PFH PRS PJH PRH2 PRH PFK|PRU,PFH|PFK|PJH|PRH|PRH2|PRS|PRU
PRXIQ,PXHB SOST PRXI,PRXIQ|PXHB SOST PRXI,PRXI|PRXIQ|PXHB|SOST
PRXM,YDIW TRBM TLXS,PRXM|YDIW TRBM TLXS,PRXM|TLXS|TRBM|YDIW
PRY.A,PRY1 PRY,PRY.A|PRY1 PRY,PRY|PRY.A|PRY1
PRY1,PRY.A PRY,PRY.A PRY|PRY1,PRY|PRY.A|PRY1
PRZ,VEI MRIX,PRZ|VEI MRIX,MRIX|PRZ|VEI
PRZM,INSW PTNT,INSW PTNT|PRZM,INSW|PRZM|PTNT
PSA,PSA-PM PSA-PK PSA-PS1 PSA-PW PSA-PL PSA-PY-CL PSA-PP PSA-PC PSA-PU PSA-PU1 PSA-PD PSA-PS PSA-PT PSA-PV PSA-PZ PSA-PH PSA-PX PSA-PI PSA-PN PSA-PF PSA-PO PSA-PR PSA-PQ PSA-PG PSA-PB PSA-PQ1 PSA-PE PSA-PJ PSA-PT1 PSA-PR1 PSA-PP1 PSA-PO1 PSA-PA,PSA|PSA-PM PSA-PK PSA-PS1 PSA-PW PSA-PL PSA-PY-CL PSA-PP PSA-PC PSA-PU PSA-PU1 PSA-PD PSA-PS PSA-PT PSA-PV PSA-PZ PSA-PH PSA-PX PSA-PI PSA-PN PSA-PF PSA-PO PSA-PR PSA-PQ PSA-PG PSA-PB PSA-PQ1 PSA-PE PSA-PJ PSA-PT1 PSA-PR1 PSA-PP1 PSA-PO1 PSA-PA,PSA|PSA-PA|PSA-PB|PSA-PC|PSA-PD|PSA-PE|PSA-PF|PSA-PG|PSA-PH|PSA-PI|PSA-PJ|PSA-PK|PSA-PL|PSA-PM|PSA-PN|PSA-PO|PSA-PO1|PSA-PP|PSA-PP1|PSA-PQ|PSA-PQ1|PSA-PR|PSA-PR1|PSA-PS|PSA-PS1|PSA-PT|PSA-PT1|PSA-PU|PSA-PU1|PSA-PV|PSA-PW|PSA-PX|PSA-PY-CL|PSA-PZ
PSA-PA,PSA-PM PSA-PK PSA-PS1 PSA-PW PSA-PY-CL PSA-PP PSA-PC PSA-PU PSA-PU1 PSA-PD PSA-PS PSA-PT PSA PSA-PV PSA-PZ PSA-PH PSA-PX PSA-PI PSA-PN PSA-PF PSA-PO PSA-PR PSA-PQ PSA-PG PSA-PB PSA-PQ1 PSA-PE PSA-PJ PSA-PT1 PSA-PR1 PSA-PP1 PSA-PO1 PSA-PL,PSA-PA|PSA-PM PSA-PK PSA-PS1 PSA-PW PSA-PY-CL PSA-PP PSA-PC PSA-PU PSA-PU1 PSA-PD PSA-PS PSA-PT PSA PSA-PV PSA-PZ PSA-PH PSA-PX PSA-PI PSA-PN PSA-PF PSA-PO PSA-PR PSA-PQ PSA-PG PSA-PB PSA-PQ1 PSA-PE PSA-PJ PSA-PT1 PSA-PR1 PSA-PP1 PSA-PO1 PSA-PL,PSA|PSA-PA|PSA-PB|PSA-PC|PSA-PD|PSA-PE|PSA-PF|PSA-PG|PSA-PH|PSA-PI|PSA-PJ|PSA-PK|PSA-PL|PSA-PM|PSA-PN|PSA-PO|PSA-PO1|PSA-PP|PSA-PP1|PSA-PQ|PSA-PQ1|PSA-PR|PSA-PR1|PSA-PS|PSA-PS1|PSA-PT|PSA-PT1|PSA-PU|PSA-PU1|PSA-PV|PSA-PW|PSA-PX|PSA-PY-CL|PSA-PZ
PSA-PB,PSA-PM PSA-PK PSA-PS1 PSA-PW PSA-PL PSA-PY-CL PSA-PP PSA-PC PSA-PU PSA-PU1 PSA-PD PSA-PS PSA-PT PSA PSA-PV PSA-PZ PSA-PH PSA-PX PSA-PI PSA-PN PSA-PF PSA-PO PSA-PR PSA-PQ PSA-PG PSA-PQ1 PSA-PE PSA-PJ PSA-PT1 PSA-PR1 PSA-PP1 PSA-PO1 PSA-PA,PSA-PB|PSA-PM PSA-PK PSA-PS1 PSA-PW PSA-PL PSA-PY-CL PSA-PP PSA-PC PSA-PU PSA-PU1 PSA-PD PSA-PS PSA-PT PSA PSA-PV PSA-PZ PSA-PH PSA-PX PSA-PI PSA-PN PSA-PF PSA-PO PSA-PR PSA-PQ PSA-PG PSA-PQ1 PSA-PE PSA-PJ PSA-PT1 PSA-PR1 PSA-PP1 PSA-PO1 PSA-PA,PSA|PSA-PA|PSA-PB|PSA-PC|PSA-PD|PSA-PE|PSA-PF|PSA-PG|PSA-PH|PSA-PI|PSA-PJ|PSA-PK|PSA-PL|PSA-PM|PSA-PN|PSA-PO|PSA-PO1|PSA-PP|PSA-PP1|PSA-PQ|PSA-PQ1|PSA-PR|PSA-PR1|PSA-PS|PSA-PS1|PSA-PT|PSA-PT1|PSA-PU|PSA-PU1|PSA-PV|PSA-PW|PSA-PX|PSA-PY-CL|PSA-PZ
PSA-PC,PSA-PM PSA-PK PSA-PS1 PSA-PW PSA-PL PSA-PY-CL PSA-PP PSA-PU PSA-PU1 PSA-PD PSA-PS PSA-PT PSA PSA-PV PSA-PZ PSA-PH PSA-PX PSA-PI PSA-PN PSA-PF PSA-PO PSA-PR PSA-PQ PSA-PG PSA-PB PSA-PQ1 PSA-PE PSA-PJ PSA-PT1 PSA-PR1 PSA-PP1 PSA-PO1 PSA-PA,PSA-PC|PSA-PM PSA-PK PSA-PS1 PSA-PW PSA-PL PSA-PY-CL PSA-PP PSA-PU PSA-PU1 PSA-PD PSA-PS PSA-PT PSA PSA-PV PSA-PZ PSA-PH PSA-PX PSA-PI PSA-PN PSA-PF PSA-PO PSA-PR PSA-PQ PSA-PG PSA-PB PSA-PQ1 PSA-PE PSA-PJ PSA-PT1 PSA-PR1 PSA-PP1 PSA-PO1 PSA-PA,PSA|PSA-PA|PSA-PB|PSA-PC|PSA-PD|PSA-PE|PSA-PF|PSA-PG|PSA-PH|PSA-PI|PSA-PJ|PSA-PK|PSA-PL|PSA-PM|PSA-PN|PSA-PO|PSA-PO1|PSA-PP|PSA-PP1|PSA-PQ|PSA-PQ1|PSA-PR|PSA-PR1|PSA-PS|PSA-PS1|PSA-PT|PSA-PT1|PSA-PU|PSA-PU1|PSA-PV|PSA-PW|PSA-PX|PSA-PY-CL|PSA-PZ
PSA-PD,PSA-PM PSA-PK PSA-PS1 PSA-PW PSA-PL PSA-PY-CL PSA-PP PSA-PC PSA-PU PSA-PU1 PSA-PS PSA-PT PSA PSA-PV PSA-PZ PSA-PH PSA-PX PSA-PI PSA-PN PSA-PF PSA-PO PSA-PR PSA-PQ PSA-PG PSA-PB PSA-PQ1 PSA-PE PSA-PJ PSA-PT1 PSA-PR1 PSA-PP1 PSA-PO1 PSA-PA,PSA-PD|PSA-PM PSA-PK PSA-PS1 PSA-PW PSA-PL PSA-PY-CL PSA-PP PSA-PC PSA-PU PSA-PU1 PSA-PS PSA-PT PSA PSA-PV PSA-PZ PSA-PH PSA-PX PSA-PI PSA-PN PSA-PF PSA-PO PSA-PR PSA-PQ PSA-PG PSA-PB PSA-PQ1 PSA-PE PSA-PJ PSA-PT1 PSA-PR1 PSA-PP1 PSA-PO1 PSA-PA,PSA|PSA-PA|PSA-PB|PSA-PC|PSA-PD|PSA-PE|PSA-PF|PSA-PG|PSA-PH|PSA-PI|PSA-PJ|PSA-PK|PSA-PL|PSA-PM|PSA-PN|PSA-PO|PSA-PO1|PSA-PP|PSA-PP1|PSA-PQ|PSA-PQ1|PSA-PR|PSA-PR1|PSA-PS|PSA-PS1|PSA-PT|PSA-PT1|PSA-PU|PSA-PU1|PSA-PV|PSA-PW|PSA-PX|PSA-PY-CL|PSA-PZ
PSA-PE,PSA-PM PSA-PK PSA-PS1 PSA-PW PSA-PL PSA-PY-CL PSA-PP PSA-PC PSA-PU PSA-PU1 PSA-PD PSA-PS PSA-PT PSA PSA-PV PSA-PZ PSA-PH PSA-PX PSA-PI PSA-PN PSA-PF PSA-PO PSA-PR PSA-PQ PSA-PG PSA-PB PSA-PQ1 PSA-PJ PSA-PT1 PSA-PR1 PSA-PP1 PSA-PO1 PSA-PA,PSA-PE|PSA-PM PSA-PK PSA-PS1 PSA-PW PSA-PL PSA-PY-CL PSA-PP PSA-PC PSA-PU PSA-PU1 PSA-PD PSA-PS PSA-PT PSA PSA-PV PSA-PZ PSA-PH PSA-PX PSA-PI PSA-PN PSA-PF PSA-PO PSA-PR PSA-PQ PSA-PG PSA-PB PSA-PQ1 PSA-PJ PSA-PT1 PSA-PR1 PSA-PP1 PSA-PO1 PSA-PA,PSA|PSA-PA|PSA-PB|PSA-PC|PSA-PD|PSA-PE|PSA-PF|PSA-PG|PSA-PH|PSA-PI|PSA-PJ|PSA-PK|PSA-PL|PSA-PM|PSA-PN|PSA-PO|PSA-PO1|PSA-PP|PSA-PP1|PSA-PQ|PSA-PQ1|PSA-PR|PSA-PR1|PSA-PS|PSA-PS1|PSA-PT|PSA-PT1|PSA-PU|PSA-PU1|PSA-PV|PSA-PW|PSA-PX|PSA-PY-CL|PSA-PZ
PSA-PF,PSA-PM PSA-PK PSA-PS1 PSA-PW PSA-PL PSA-PY-CL PSA-PP PSA-PC PSA-PU PSA-PU1 PSA-PD PSA-PS PSA-PT PSA PSA-PV PSA-PZ PSA-PH PSA-PX PSA-PI PSA-PN PSA-PO PSA-PR PSA-PQ PSA-PG PSA-PB PSA-PQ1 PSA-PE PSA-PJ PSA-PT1 PSA-PR1 PSA-PP1 PSA-PO1 PSA-PA,PSA-PF|PSA-PM PSA-PK PSA-PS1 PSA-PW PSA-PL PSA-PY-CL PSA-PP PSA-PC PSA-PU PSA-PU1 PSA-PD PSA-PS PSA-PT PSA PSA-PV PSA-PZ PSA-PH PSA-PX PSA-PI PSA-PN PSA-PO PSA-PR PSA-PQ PSA-PG PSA-PB PSA-PQ1 PSA-PE PSA-PJ PSA-PT1 PSA-PR1 PSA-PP1 PSA-PO1 PSA-PA,PSA|PSA-PA|PSA-PB|PSA-PC|PSA-PD|PSA-PE|PSA-PF|PSA-PG|PSA-PH|PSA-PI|PSA-PJ|PSA-PK|PSA-PL|PSA-PM|PSA-PN|PSA-PO|PSA-PO1|PSA-PP|PSA-PP1|PSA-PQ|PSA-PQ1|PSA-PR|PSA-PR1|PSA-PS|PSA-PS1|PSA-PT|PSA-PT1|PSA-PU|PSA-PU1|PSA-PV|PSA-PW|PSA-PX|PSA-PY-CL|PSA-PZ
PSA-PG,PSA-PM PSA-PK PSA-PS1 PSA-PW PSA-PL PSA-PY-CL PSA-PP PSA-PC PSA-PU PSA-PU1 PSA-PD PSA-PS PSA-PT PSA PSA-PV PSA-PZ PSA-PH PSA-PX PSA-PI PSA-PN PSA-PF PSA-PO PSA-PR PSA-PQ PSA-PB PSA-PQ1 PSA-PE PSA-PJ PSA-PT1 PSA-PR1 PSA-PP1 PSA-PO1 PSA-PA,PSA-PG|PSA-PM PSA-PK PSA-PS1 PSA-PW PSA-PL PSA-PY-CL PSA-PP PSA-PC PSA-PU PSA-PU1 PSA-PD PSA-PS PSA-PT PSA PSA-PV PSA-PZ PSA-PH PSA-PX PSA-PI PSA-PN PSA-PF PSA-PO PSA-PR PSA-PQ PSA-PB PSA-PQ1 PSA-PE PSA-PJ PSA-PT1 PSA-PR1 PSA-PP1 PSA-PO1 PSA-PA,PSA|PSA-PA|PSA-PB|PSA-PC|PSA-PD|PSA-PE|PSA-PF|PSA-PG|PSA-PH|PSA-PI|PSA-PJ|PSA-PK|PSA-PL|PSA-PM|PSA-PN|PSA-PO|PSA-PO1|PSA-PP|PSA-PP1|PSA-PQ|PSA-PQ1|PSA-PR|PSA-PR1|PSA-PS|PSA-PS1|PSA-PT|PSA-PT1|PSA-PU|PSA-PU1|PSA-PV|PSA-PW|PSA-PX|PSA-PY-CL|PSA-PZ
PSA-PH,PSA-PM PSA-PK PSA-PS1 PSA-PW PSA-PL PSA-PY-CL PSA-PP PSA-PC PSA-PU PSA-PU1 PSA-PD PSA-PS PSA-PT PSA PSA-PV PSA-PZ PSA-PX PSA-PI PSA-PN PSA-PF PSA-PO PSA-PR PSA-PQ PSA-PG PSA-PB PSA-PQ1 PSA-PE PSA-PJ PSA-PT1 PSA-PR1 PSA-PP1 PSA-PO1 PSA-PA,PSA-PH|PSA-PM PSA-PK PSA-PS1 PSA-PW PSA-PL PSA-PY-CL PSA-PP PSA-PC PSA-PU PSA-PU1 PSA-PD PSA-PS PSA-PT PSA PSA-PV PSA-PZ PSA-PX PSA-PI PSA-PN PSA-PF PSA-PO PSA-PR PSA-PQ PSA-PG PSA-PB PSA-PQ1 PSA-PE PSA-PJ PSA-PT1 PSA-PR1 PSA-PP1 PSA-PO1 PSA-PA,PSA|PSA-PA|PSA-PB|PSA-PC|PSA-PD|PSA-PE|PSA-PF|PSA-PG|PSA-PH|PSA-PI|PSA-PJ|PSA-PK|PSA-PL|PSA-PM|PSA-PN|PSA-PO|PSA-PO1|PSA-PP|PSA-PP1|PSA-PQ|PSA-PQ1|PSA-PR|PSA-PR1|PSA-PS|PSA-PS1|PSA-PT|PSA-PT1|PSA-PU|PSA-PU1|PSA-PV|PSA-PW|PSA-PX|PSA-PY-CL|PSA-PZ
PSA-PI,PSA-PM PSA-PK PSA-PS1 PSA-PW PSA-PL PSA-PY-CL PSA-PP PSA-PC PSA-PU PSA-PU1 PSA-PD PSA-PS PSA-PT PSA PSA-PV PSA-PZ PSA-PH PSA-PX PSA-PN PSA-PF PSA-PO PSA-PR PSA-PQ PSA-PG PSA-PB PSA-PQ1 PSA-PE PSA-PJ PSA-PT1 PSA-PR1 PSA-PP1 PSA-PO1 PSA-PA,PSA-PI|PSA-PM PSA-PK PSA-PS1 PSA-PW PSA-PL PSA-PY-CL PSA-PP PSA-PC PSA-PU PSA-PU1 PSA-PD PSA-PS PSA-PT PSA PSA-PV PSA-PZ PSA-PH PSA-PX PSA-PN PSA-PF PSA-PO PSA-PR PSA-PQ PSA-PG PSA-PB PSA-PQ1 PSA-PE PSA-PJ PSA-PT1 PSA-PR1 PSA-PP1 PSA-PO1 PSA-PA,PSA|PSA-PA|PSA-PB|PSA-PC|PSA-PD|PSA-PE|PSA-PF|PSA-PG|PSA-PH|PSA-PI|PSA-PJ|PSA-PK|PSA-PL|PSA-PM|PSA-PN|PSA-PO|PSA-PO1|PSA-PP|PSA-PP1|PSA-PQ|PSA-PQ1|PSA-PR|PSA-PR1|PSA-PS|PSA-PS1|PSA-PT|PSA-PT1|PSA-PU|PSA-PU1|PSA-PV|PSA-PW|PSA-PX|PSA-PY-CL|PSA-PZ
PSA-PJ,PSA-PM PSA-PK PSA-PS1 PSA-PW PSA-PL PSA-PY-CL PSA-PP PSA-PC PSA-PU PSA-PU1 PSA-PD PSA-PS PSA-PT PSA PSA-PV PSA-PZ PSA-PH PSA-PX PSA-PI PSA-PN PSA-PF PSA-PO PSA-PR PSA-PQ PSA-PG PSA-PB PSA-PQ1 PSA-PE PSA-PT1 PSA-PR1 PSA-PP1 PSA-PO1 PSA-PA,PSA-PJ|PSA-PM PSA-PK PSA-PS1 PSA-PW PSA-PL PSA-PY-CL PSA-PP PSA-PC PSA-PU PSA-PU1 PSA-PD PSA-PS PSA-PT PSA PSA-PV PSA-PZ PSA-PH PSA-PX PSA-PI PSA-PN PSA-PF PSA-PO PSA-PR PSA-PQ PSA-PG PSA-PB PSA-PQ1 PSA-PE PSA-PT1 PSA-PR1 PSA-PP1 PSA-PO1 PSA-PA,PSA|PSA-PA|PSA-PB|PSA-PC|PSA-PD|PSA-PE|PSA-PF|PSA-PG|PSA-PH|PSA-PI|PSA-PJ|PSA-PK|PSA-PL|PSA-PM|PSA-PN|PSA-PO|PSA-PO1|PSA-PP|PSA-PP1|PSA-PQ|PSA-PQ1|PSA-PR|PSA-PR1|PSA-PS|PSA-PS1|PSA-PT|PSA-PT1|PSA-PU|PSA-PU1|PSA-PV|PSA-PW|PSA-PX|PSA-PY-CL|PSA-PZ
PSA-PK,PSA-PM PSA-PS1 PSA-PW PSA-PL PSA-PY-CL PSA-PP PSA-PC PSA-PU PSA-PU1 PSA-PD PSA-PS PSA-PT PSA PSA-PV PSA-PZ PSA-PH PSA-PX PSA-PI PSA-PN PSA-PF PSA-PO PSA-PR PSA-PQ PSA-PG PSA-PB PSA-PQ1 PSA-PE PSA-PJ PSA-PT1 PSA-PR1 PSA-PP1 PSA-PO1 PSA-PA,PSA-PK|PSA-PM PSA-PS1 PSA-PW PSA-PL PSA-PY-CL PSA-PP PSA-PC PSA-PU PSA-PU1 PSA-PD PSA-PS PSA-PT PSA PSA-PV PSA-PZ PSA-PH PSA-PX PSA-PI PSA-PN PSA-PF PSA-PO PSA-PR PSA-PQ PSA-PG PSA-PB PSA-PQ1 PSA-PE PSA-PJ PSA-PT1 PSA-PR1 PSA-PP1 PSA-PO1 PSA-PA,PSA|PSA-PA|PSA-PB|PSA-PC|PSA-PD|PSA-PE|PSA-PF|PSA-PG|PSA-PH|PSA-PI|PSA-PJ|PSA-PK|PSA-PL|PSA-PM|PSA-PN|PSA-PO|PSA-PO1|PSA-PP|PSA-PP1|PSA-PQ|PSA-PQ1|PSA-PR|PSA-PR1|PSA-PS|PSA-PS1|PSA-PT|PSA-PT1|PSA-PU|PSA-PU1|PSA-PV|PSA-PW|PSA-PX|PSA-PY-CL|PSA-PZ
PSA-PL,PSA-PM PSA-PK PSA-PS1 PSA-PW PSA-PY-CL PSA-PP PSA-PC PSA-PU PSA-PU1 PSA-PD PSA-PS PSA-PT PSA PSA-PV PSA-PZ PSA-PH PSA-PX PSA-PI PSA-PN PSA-PF PSA-PO PSA-PR PSA-PQ PSA-PG PSA-PB PSA-PQ1 PSA-PE PSA-PJ PSA-PT1 PSA-PR1 PSA-PP1 PSA-PO1 PSA-PA,PSA-PL|PSA-PM PSA-PK PSA-PS1 PSA-PW PSA-PY-CL PSA-PP PSA-PC PSA-PU PSA-PU1 PSA-PD PSA-PS PSA-PT PSA PSA-PV PSA-PZ PSA-PH PSA-PX PSA-PI PSA-PN PSA-PF PSA-PO PSA-PR PSA-PQ PSA-PG PSA-PB PSA-PQ1 PSA-PE PSA-PJ PSA-PT1 PSA-PR1 PSA-PP1 PSA-PO1 PSA-PA,PSA|PSA-PA|PSA-PB|PSA-PC|PSA-PD|PSA-PE|PSA-PF|PSA-PG|PSA-PH|PSA-PI|PSA-PJ|PSA-PK|PSA-PL|PSA-PM|PSA-PN|PSA-PO|PSA-PO1|PSA-PP|PSA-PP1|PSA-PQ|PSA-PQ1|PSA-PR|PSA-PR1|PSA-PS|PSA-PS1|PSA-PT|PSA-PT1|PSA-PU|PSA-PU1|PSA-PV|PSA-PW|PSA-PX|PSA-PY-CL|PSA-PZ
PSA-PM,PSA-PK PSA-PS1 PSA-PW PSA-PL PSA-PY-CL PSA-PP PSA-PC PSA-PU PSA-PU1 PSA-PD PSA-PS PSA-PT PSA PSA-PV PSA-PZ PSA-PH PSA-PX PSA-PI PSA-PN PSA-PF PSA-PO PSA-PR PSA-PQ PSA-PG PSA-PB PSA-PQ1 PSA-PE PSA-PJ PSA-PT1 PSA-PR1 PSA-PP1 PSA-PO1 PSA-PA,PSA-PK PSA-PS1 PSA-PW PSA-PL PSA-PY-CL PSA-PP PSA-PC PSA-PU PSA-PU1 PSA-PD PSA-PS PSA-PT PSA PSA-PV PSA-PZ PSA-PH PSA-PX PSA-PI PSA-PN PSA-PF PSA-PO PSA-PR PSA-PQ PSA-PG PSA-PB PSA-PQ1 PSA-PE PSA-PJ PSA-PT1 PSA-PR1 PSA-PP1 PSA-PO1 PSA-PA|PSA-PM,PSA|PSA-PA|PSA-PB|PSA-PC|PSA-PD|PSA-PE|PSA-PF|PSA-PG|PSA-PH|PSA-PI|PSA-PJ|PSA-PK|PSA-PL|PSA-PM|PSA-PN|PSA-PO|PSA-PO1|PSA-PP|PSA-PP1|PSA-PQ|PSA-PQ1|PSA-PR|PSA-PR1|PSA-PS|PSA-PS1|PSA-PT|PSA-PT1|PSA-PU|PSA-PU1|PSA-PV|PSA-PW|PSA-PX|PSA-PY-CL|PSA-PZ
PSA-PN,PSA-PM PSA-PK PSA-PS1 PSA-PW PSA-PL PSA-PY-CL PSA-PP PSA-PC PSA-PU PSA-PU1 PSA-PD PSA-PS PSA-PT PSA PSA-PV PSA-PZ PSA-PH PSA-PX PSA-PI PSA-PF PSA-PO PSA-PR PSA-PQ PSA-PG PSA-PB PSA-PQ1 PSA-PE PSA-PJ PSA-PT1 PSA-PR1 PSA-PP1 PSA-PO1 PSA-PA,PSA-PM PSA-PK PSA-PS1 PSA-PW PSA-PL PSA-PY-CL PSA-PP PSA-PC PSA-PU PSA-PU1 PSA-PD PSA-PS PSA-PT PSA PSA-PV PSA-PZ PSA-PH PSA-PX PSA-PI PSA-PF PSA-PO PSA-PR PSA-PQ PSA-PG PSA-PB PSA-PQ1 PSA-PE PSA-PJ PSA-PT1 PSA-PR1 PSA-PP1 PSA-PO1 PSA-PA|PSA-PN,PSA|PSA-PA|PSA-PB|PSA-PC|PSA-PD|PSA-PE|PSA-PF|PSA-PG|PSA-PH|PSA-PI|PSA-PJ|PSA-PK|PSA-PL|PSA-PM|PSA-PN|PSA-PO|PSA-PO1|PSA-PP|PSA-PP1|PSA-PQ|PSA-PQ1|PSA-PR|PSA-PR1|PSA-PS|PSA-PS1|PSA-PT|PSA-PT1|PSA-PU|PSA-PU1|PSA-PV|PSA-PW|PSA-PX|PSA-PY-CL|PSA-PZ
PSA-PO,PSA-PM PSA-PK PSA-PS1 PSA-PW PSA-PL PSA-PY-CL PSA-PP PSA-PC PSA-PU PSA-PU1 PSA-PD PSA-PS PSA-PT PSA PSA-PV PSA-PZ PSA-PH PSA-PX PSA-PI PSA-PN PSA-PF PSA-PR PSA-PQ PSA-PG PSA-PB PSA-PQ1 PSA-PE PSA-PJ PSA-PT1 PSA-PR1 PSA-PP1 PSA-PO1 PSA-PA,PSA-PM PSA-PK PSA-PS1 PSA-PW PSA-PL PSA-PY-CL PSA-PP PSA-PC PSA-PU PSA-PU1 PSA-PD PSA-PS PSA-PT PSA PSA-PV PSA-PZ PSA-PH PSA-PX PSA-PI PSA-PN PSA-PF PSA-PR PSA-PQ PSA-PG PSA-PB PSA-PQ1 PSA-PE PSA-PJ PSA-PT1 PSA-PR1 PSA-PP1 PSA-PO1 PSA-PA|PSA-PO,PSA|PSA-PA|PSA-PB|PSA-PC|PSA-PD|PSA-PE|PSA-PF|PSA-PG|PSA-PH|PSA-PI|PSA-PJ|PSA-PK|PSA-PL|PSA-PM|PSA-PN|PSA-PO|PSA-PO1|PSA-PP|PSA-PP1|PSA-PQ|PSA-PQ1|PSA-PR|PSA-PR1|PSA-PS|PSA-PS1|PSA-PT|PSA-PT1|PSA-PU|PSA-PU1|PSA-PV|PSA-PW|PSA-PX|PSA-PY-CL|PSA-PZ
PSA-PO1,PSA-PM PSA-PK PSA-PS1 PSA-PW PSA-PL PSA-PY-CL PSA-PP PSA-PC PSA-PU PSA-PU1 PSA-PD PSA-PS PSA-PT PSA PSA-PV PSA-PZ PSA-PH PSA-PX PSA-PI PSA-PN PSA-PF PSA-PO PSA-PR PSA-PQ PSA-PG PSA-PB PSA-PQ1 PSA-PE PSA-PJ PSA-PT1 PSA-PR1 PSA-PP1 PSA-PA,PSA-PM PSA-PK PSA-PS1 PSA-PW PSA-PL PSA-PY-CL PSA-PP PSA-PC PSA-PU PSA-PU1 PSA-PD PSA-PS PSA-PT PSA PSA-PV PSA-PZ PSA-PH PSA-PX PSA-PI PSA-PN PSA-PF PSA-PO PSA-PR PSA-PQ PSA-PG PSA-PB PSA-PQ1 PSA-PE PSA-PJ PSA-PT1 PSA-PR1 PSA-PP1 PSA-PA|PSA-PO1,PSA|PSA-PA|PSA-PB|PSA-PC|PSA-PD|PSA-PE|PSA-PF|PSA-PG|PSA-PH|PSA-PI|PSA-PJ|PSA-PK|PSA-PL|PSA-PM|PSA-PN|PSA-PO|PSA-PO1|PSA-PP|PSA-PP1|PSA-PQ|PSA-PQ1|PSA-PR|PSA-PR1|PSA-PS|PSA-PS1|PSA-PT|PSA-PT1|PSA-PU|PSA-PU1|PSA-PV|PSA-PW|PSA-PX|PSA-PY-CL|PSA-PZ
PSA-PP,PSA-PM PSA-PK PSA-PS1 PSA-PW PSA-PL PSA-PY-CL PSA-PC PSA-PU PSA-PU1 PSA-PD PSA-PS PSA-PT PSA PSA-PV PSA-PZ PSA-PH PSA-PX PSA-PI PSA-PN PSA-PF PSA-PO PSA-PR PSA-PQ PSA-PG PSA-PB PSA-PQ1 PSA-PE PSA-PJ PSA-PT1 PSA-PR1 PSA-PP1 PSA-PO1 PSA-PA,PSA-PM PSA-PK PSA-PS1 PSA-PW PSA-PL PSA-PY-CL PSA-PC PSA-PU PSA-PU1 PSA-PD PSA-PS PSA-PT PSA PSA-PV PSA-PZ PSA-PH PSA-PX PSA-PI PSA-PN PSA-PF PSA-PO PSA-PR PSA-PQ PSA-PG PSA-PB PSA-PQ1 PSA-PE PSA-PJ PSA-PT1 PSA-PR1 PSA-PP1 PSA-PO1 PSA-PA|PSA-PP,PSA|PSA-PA|PSA-PB|PSA-PC|PSA-PD|PSA-PE|PSA-PF|PSA-PG|PSA-PH|PSA-PI|PSA-PJ|PSA-PK|PSA-PL|PSA-PM|PSA-PN|PSA-PO|PSA-PO1|PSA-PP|PSA-PP1|PSA-PQ|PSA-PQ1|PSA-PR|PSA-PR1|PSA-PS|PSA-PS1|PSA-PT|PSA-PT1|PSA-PU|PSA-PU1|PSA-PV|PSA-PW|PSA-PX|PSA-PY-CL|PSA-PZ
PSA-PP1,PSA-PM PSA-PK PSA-PS1 PSA-PW PSA-PL PSA-PY-CL PSA-PP PSA-PC PSA-PU PSA-PU1 PSA-PD PSA-PS PSA-PT PSA PSA-PV PSA-PZ PSA-PH PSA-PX PSA-PI PSA-PN PSA-PF PSA-PO PSA-PR PSA-PQ PSA-PG PSA-PB PSA-PQ1 PSA-PE PSA-PJ PSA-PT1 PSA-PR1 PSA-PO1 PSA-PA,PSA-PM PSA-PK PSA-PS1 PSA-PW PSA-PL PSA-PY-CL PSA-PP PSA-PC PSA-PU PSA-PU1 PSA-PD PSA-PS PSA-PT PSA PSA-PV PSA-PZ PSA-PH PSA-PX PSA-PI PSA-PN PSA-PF PSA-PO PSA-PR PSA-PQ PSA-PG PSA-PB PSA-PQ1 PSA-PE PSA-PJ PSA-PT1 PSA-PR1 PSA-PO1 PSA-PA|PSA-PP1,PSA|PSA-PA|PSA-PB|PSA-PC|PSA-PD|PSA-PE|PSA-PF|PSA-PG|PSA-PH|PSA-PI|PSA-PJ|PSA-PK|PSA-PL|PSA-PM|PSA-PN|PSA-PO|PSA-PO1|PSA-PP|PSA-PP1|PSA-PQ|PSA-PQ1|PSA-PR|PSA-PR1|PSA-PS|PSA-PS1|PSA-PT|PSA-PT1|PSA-PU|PSA-PU1|PSA-PV|PSA-PW|PSA-PX|PSA-PY-CL|PSA-PZ
PSA-PQ,PSA-PM PSA-PK PSA-PS1 PSA-PW PSA-PY-CL PSA-PP PSA-PC PSA-PU1 PSA-PU PSA-PD PSA-PS PSA-PT PSA PSA-PV PSA-PZ PSA-PH PSA-PX PSA-PI PSA-PN PSA-PF PSA-PO PSA-PR PSA-PA PSA-PG PSA-PB PSA-PQ1 PSA-PE PSA-PJ PSA-PT1 PSA-PR1 PSA-PP1 PSA-PO1 PSA-PL,PSA-PM PSA-PK PSA-PS1 PSA-PW PSA-PY-CL PSA-PP PSA-PC PSA-PU1 PSA-PU PSA-PD PSA-PS PSA-PT PSA PSA-PV PSA-PZ PSA-PH PSA-PX PSA-PI PSA-PN PSA-PF PSA-PO PSA-PR PSA-PA PSA-PG PSA-PB PSA-PQ1 PSA-PE PSA-PJ PSA-PT1 PSA-PR1 PSA-PP1 PSA-PO1 PSA-PL|PSA-PQ,PSA|PSA-PA|PSA-PB|PSA-PC|PSA-PD|PSA-PE|PSA-PF|PSA-PG|PSA-PH|PSA-PI|PSA-PJ|PSA-PK|PSA-PL|PSA-PM|PSA-PN|PSA-PO|PSA-PO1|PSA-PP|PSA-PP1|PSA-PQ|PSA-PQ1|PSA-PR|PSA-PR1|PSA-PS|PSA-PS1|PSA-PT|PSA-PT1|PSA-PU|PSA-PU1|PSA-PV|PSA-PW|PSA-PX|PSA-PY-CL|PSA-PZ
PSA-PQ1,PSA-PM PSA-PK PSA-PS1 PSA-PW PSA-PL PSA-PY-CL PSA-PP PSA-PC PSA-PU PSA-PU1 PSA-PD PSA-PS PSA-PT PSA PSA-PV PSA-PZ PSA-PH PSA-PX PSA-PI PSA-PN PSA-PF PSA-PO PSA-PR PSA-PQ PSA-PG PSA-PB PSA-PE PSA-PJ PSA-PT1 PSA-PR1 PSA-PP1 PSA-PO1 PSA-PA,PSA-PM PSA-PK PSA-PS1 PSA-PW PSA-PL PSA-PY-CL PSA-PP PSA-PC PSA-PU PSA-PU1 PSA-PD PSA-PS PSA-PT PSA PSA-PV PSA-PZ PSA-PH PSA-PX PSA-PI PSA-PN PSA-PF PSA-PO PSA-PR PSA-PQ PSA-PG PSA-PB PSA-PE PSA-PJ PSA-PT1 PSA-PR1 PSA-PP1 PSA-PO1 PSA-PA|PSA-PQ1,PSA|PSA-PA|PSA-PB|PSA-PC|PSA-PD|PSA-PE|PSA-PF|PSA-PG|PSA-PH|PSA-PI|PSA-PJ|PSA-PK|PSA-PL|PSA-PM|PSA-PN|PSA-PO|PSA-PO1|PSA-PP|PSA-PP1|PSA-PQ|PSA-PQ1|PSA-PR|PSA-PR1|PSA-PS|PSA-PS1|PSA-PT|PSA-PT1|PSA-PU|PSA-PU1|PSA-PV|PSA-PW|PSA-PX|PSA-PY-CL|PSA-PZ
PSA-PR,PSA-PM PSA-PK PSA-PS1 PSA-PW PSA-PL PSA-PY-CL PSA-PP PSA-PC PSA-PU1 PSA-PU PSA-PD PSA-PS PSA-PT PSA PSA-PV PSA-PZ PSA-PH PSA-PX PSA-PI PSA-PN PSA-PF PSA-PO PSA-PQ PSA-PG PSA-PB PSA-PQ1 PSA-PE PSA-PJ PSA-PT1 PSA-PR1 PSA-PP1 PSA-PO1 PSA-PA,PSA-PM PSA-PK PSA-PS1 PSA-PW PSA-PL PSA-PY-CL PSA-PP PSA-PC PSA-PU1 PSA-PU PSA-PD PSA-PS PSA-PT PSA PSA-PV PSA-PZ PSA-PH PSA-PX PSA-PI PSA-PN PSA-PF PSA-PO PSA-PQ PSA-PG PSA-PB PSA-PQ1 PSA-PE PSA-PJ PSA-PT1 PSA-PR1 PSA-PP1 PSA-PO1 PSA-PA|PSA-PR,PSA|PSA-PA|PSA-PB|PSA-PC|PSA-PD|PSA-PE|PSA-PF|PSA-PG|PSA-PH|PSA-PI|PSA-PJ|PSA-PK|PSA-PL|PSA-PM|PSA-PN|PSA-PO|PSA-PO1|PSA-PP|PSA-PP1|PSA-PQ|PSA-PQ1|PSA-PR|PSA-PR1|PSA-PS|PSA-PS1|PSA-PT|PSA-PT1|PSA-PU|PSA-PU1|PSA-PV|PSA-PW|PSA-PX|PSA-PY-CL|PSA-PZ
PSA-PR1,PSA-PM PSA-PK PSA-PS1 PSA-PW PSA-PL PSA-PY-CL PSA-PP PSA-PC PSA-PU1 PSA-PU PSA-PD PSA-PS PSA-PT PSA PSA-PV PSA-PZ PSA-PH PSA-PX PSA-PI PSA-PN PSA-PF PSA-PO PSA-PR PSA-PQ PSA-PG PSA-PB PSA-PQ1 PSA-PE PSA-PJ PSA-PT1 PSA-PP1 PSA-PO1 PSA-PA,PSA-PM PSA-PK PSA-PS1 PSA-PW PSA-PL PSA-PY-CL PSA-PP PSA-PC PSA-PU1 PSA-PU PSA-PD PSA-PS PSA-PT PSA PSA-PV PSA-PZ PSA-PH PSA-PX PSA-PI PSA-PN PSA-PF PSA-PO PSA-PR PSA-PQ PSA-PG PSA-PB PSA-PQ1 PSA-PE PSA-PJ PSA-PT1 PSA-PP1 PSA-PO1 PSA-PA|PSA-PR1,PSA|PSA-PA|PSA-PB|PSA-PC|PSA-PD|PSA-PE|PSA-PF|PSA-PG|PSA-PH|PSA-PI|PSA-PJ|PSA-PK|PSA-PL|PSA-PM|PSA-PN|PSA-PO|PSA-PO1|PSA-PP|PSA-PP1|PSA-PQ|PSA-PQ1|PSA-PR|PSA-PR1|PSA-PS|PSA-PS1|PSA-PT|PSA-PT1|PSA-PU|PSA-PU1|PSA-PV|PSA-PW|PSA-PX|PSA-PY-CL|PSA-PZ
PSA-PS,PSA-PM PSA-PK PSA-PS1 PSA-PW PSA-PL PSA-PY-CL PSA-PP PSA-PC PSA-PU PSA-PU1 PSA-PD PSA-PT PSA PSA-PV PSA-PZ PSA-PH PSA-PX PSA-PI PSA-PN PSA-PF PSA-PO PSA-PR PSA-PQ PSA-PG PSA-PB PSA-PQ1 PSA-PE PSA-PJ PSA-PT1 PSA-PR1 PSA-PP1 PSA-PO1 PSA-PA,PSA-PM PSA-PK PSA-PS1 PSA-PW PSA-PL PSA-PY-CL PSA-PP PSA-PC PSA-PU PSA-PU1 PSA-PD PSA-PT PSA PSA-PV PSA-PZ PSA-PH PSA-PX PSA-PI PSA-PN PSA-PF PSA-PO PSA-PR PSA-PQ PSA-PG PSA-PB PSA-PQ1 PSA-PE PSA-PJ PSA-PT1 PSA-PR1 PSA-PP1 PSA-PO1 PSA-PA|PSA-PS,PSA|PSA-PA|PSA-PB|PSA-PC|PSA-PD|PSA-PE|PSA-PF|PSA-PG|PSA-PH|PSA-PI|PSA-PJ|PSA-PK|PSA-PL|PSA-PM|PSA-PN|PSA-PO|PSA-PO1|PSA-PP|PSA-PP1|PSA-PQ|PSA-PQ1|PSA-PR|PSA-PR1|PSA-PS|PSA-PS1|PSA-PT|PSA-PT1|PSA-PU|PSA-PU1|PSA-PV|PSA-PW|PSA-PX|PSA-PY-CL|PSA-PZ
PSA-PS1,PSA-PM PSA-PK PSA-PW PSA-PL PSA-PY-CL PSA-PP PSA-PC PSA-PU PSA-PU1 PSA-PD PSA-PS PSA-PT PSA PSA-PV PSA-PZ PSA-PH PSA-PX PSA-PI PSA-PN PSA-PF PSA-PO PSA-PR PSA-PQ PSA-PG PSA-PB PSA-PQ1 PSA-PE PSA-PJ PSA-PT1 PSA-PR1 PSA-PP1 PSA-PO1 PSA-PA,PSA-PM PSA-PK PSA-PW PSA-PL PSA-PY-CL PSA-PP PSA-PC PSA-PU PSA-PU1 PSA-PD PSA-PS PSA-PT PSA PSA-PV PSA-PZ PSA-PH PSA-PX PSA-PI PSA-PN PSA-PF PSA-PO PSA-PR PSA-PQ PSA-PG PSA-PB PSA-PQ1 PSA-PE PSA-PJ PSA-PT1 PSA-PR1 PSA-PP1 PSA-PO1 PSA-PA|PSA-PS1,PSA|PSA-PA|PSA-PB|PSA-PC|PSA-PD|PSA-PE|PSA-PF|PSA-PG|PSA-PH|PSA-PI|PSA-PJ|PSA-PK|PSA-PL|PSA-PM|PSA-PN|PSA-PO|PSA-PO1|PSA-PP|PSA-PP1|PSA-PQ|PSA-PQ1|PSA-PR|PSA-PR1|PSA-PS|PSA-PS1|PSA-PT|PSA-PT1|PSA-PU|PSA-PU1|PSA-PV|PSA-PW|PSA-PX|PSA-PY-CL|PSA-PZ
PSA-PT,PSA-PM PSA-PK PSA-PS1 PSA-PW PSA-PL PSA-PY-CL PSA-PP PSA-PC PSA-PU PSA-PU1 PSA-PD PSA-PS PSA PSA-PV PSA-PZ PSA-PH PSA-PX PSA-PI PSA-PN PSA-PF PSA-PO PSA-PR PSA-PQ PSA-PG PSA-PB PSA-PQ1 PSA-PE PSA-PJ PSA-PT1 PSA-PR1 PSA-PP1 PSA-PO1 PSA-PA,PSA-PM PSA-PK PSA-PS1 PSA-PW PSA-PL PSA-PY-CL PSA-PP PSA-PC PSA-PU PSA-PU1 PSA-PD PSA-PS PSA PSA-PV PSA-PZ PSA-PH PSA-PX PSA-PI PSA-PN PSA-PF PSA-PO PSA-PR PSA-PQ PSA-PG PSA-PB PSA-PQ1 PSA-PE PSA-PJ PSA-PT1 PSA-PR1 PSA-PP1 PSA-PO1 PSA-PA|PSA-PT,PSA|PSA-PA|PSA-PB|PSA-PC|PSA-PD|PSA-PE|PSA-PF|PSA-PG|PSA-PH|PSA-PI|PSA-PJ|PSA-PK|PSA-PL|PSA-PM|PSA-PN|PSA-PO|PSA-PO1|PSA-PP|PSA-PP1|PSA-PQ|PSA-PQ1|PSA-PR|PSA-PR1|PSA-PS|PSA-PS1|PSA-PT|PSA-PT1|PSA-PU|PSA-PU1|PSA-PV|PSA-PW|PSA-PX|PSA-PY-CL|PSA-PZ
PSA-PT1,PSA-PM PSA-PK PSA-PS1 PSA-PW PSA-PL PSA-PY-CL PSA-PP PSA-PC PSA-PU PSA-PU1 PSA-PD PSA-PT PSA-PS PSA PSA-PV PSA-PZ PSA-PH PSA-PX PSA-PI PSA-PN PSA-PF PSA-PO PSA-PR PSA-PQ PSA-PG PSA-PB PSA-PQ1 PSA-PE PSA-PJ PSA-PR1 PSA-PP1 PSA-PO1 PSA-PA,PSA-PM PSA-PK PSA-PS1 PSA-PW PSA-PL PSA-PY-CL PSA-PP PSA-PC PSA-PU PSA-PU1 PSA-PD PSA-PT PSA-PS PSA PSA-PV PSA-PZ PSA-PH PSA-PX PSA-PI PSA-PN PSA-PF PSA-PO PSA-PR PSA-PQ PSA-PG PSA-PB PSA-PQ1 PSA-PE PSA-PJ PSA-PR1 PSA-PP1 PSA-PO1 PSA-PA|PSA-PT1,PSA|PSA-PA|PSA-PB|PSA-PC|PSA-PD|PSA-PE|PSA-PF|PSA-PG|PSA-PH|PSA-PI|PSA-PJ|PSA-PK|PSA-PL|PSA-PM|PSA-PN|PSA-PO|PSA-PO1|PSA-PP|PSA-PP1|PSA-PQ|PSA-PQ1|PSA-PR|PSA-PR1|PSA-PS|PSA-PS1|PSA-PT|PSA-PT1|PSA-PU|PSA-PU1|PSA-PV|PSA-PW|PSA-PX|PSA-PY-CL|PSA-PZ
PSA-PU,PSA-PM PSA-PK PSA-PS1 PSA-PW PSA-PL PSA-PY-CL PSA-PP PSA-PC PSA-PU1 PSA-PD PSA-PS PSA-PT PSA PSA-PV PSA-PZ PSA-PH PSA-PX PSA-PI PSA-PN PSA-PF PSA-PO PSA-PR PSA-PQ PSA-PG PSA-PB PSA-PQ1 PSA-PE PSA-PJ PSA-PT1 PSA-PR1 PSA-PP1 PSA-PO1 PSA-PA,PSA-PM PSA-PK PSA-PS1 PSA-PW PSA-PL PSA-PY-CL PSA-PP PSA-PC PSA-PU1 PSA-PD PSA-PS PSA-PT PSA PSA-PV PSA-PZ PSA-PH PSA-PX PSA-PI PSA-PN PSA-PF PSA-PO PSA-PR PSA-PQ PSA-PG PSA-PB PSA-PQ1 PSA-PE PSA-PJ PSA-PT1 PSA-PR1 PSA-PP1 PSA-PO1 PSA-PA|PSA-PU,PSA|PSA-PA|PSA-PB|PSA-PC|PSA-PD|PSA-PE|PSA-PF|PSA-PG|PSA-PH|PSA-PI|PSA-PJ|PSA-PK|PSA-PL|PSA-PM|PSA-PN|PSA-PO|PSA-PO1|PSA-PP|PSA-PP1|PSA-PQ|PSA-PQ1|PSA-PR|PSA-PR1|PSA-PS|PSA-PS1|PSA-PT|PSA-PT1|PSA-PU|PSA-PU1|PSA-PV|PSA-PW|PSA-PX|PSA-PY-CL|PSA-PZ
PSA-PU1,PSA-PM PSA-PK PSA-PS1 PSA-PW PSA-PL PSA-PY-CL PSA-PP PSA-PC PSA-PU PSA-PD PSA-PS PSA-PT PSA PSA-PV PSA-PZ PSA-PH PSA-PX PSA-PI PSA-PN PSA-PF PSA-PO PSA-PR PSA-PQ PSA-PG PSA-PB PSA-PQ1 PSA-PE PSA-PJ PSA-PT1 PSA-PR1 PSA-PP1 PSA-PO1 PSA-PA,PSA-PM PSA-PK PSA-PS1 PSA-PW PSA-PL PSA-PY-CL PSA-PP PSA-PC PSA-PU PSA-PD PSA-PS PSA-PT PSA PSA-PV PSA-PZ PSA-PH PSA-PX PSA-PI PSA-PN PSA-PF PSA-PO PSA-PR PSA-PQ PSA-PG PSA-PB PSA-PQ1 PSA-PE PSA-PJ PSA-PT1 PSA-PR1 PSA-PP1 PSA-PO1 PSA-PA|PSA-PU1,PSA|PSA-PA|PSA-PB|PSA-PC|PSA-PD|PSA-PE|PSA-PF|PSA-PG|PSA-PH|PSA-PI|PSA-PJ|PSA-PK|PSA-PL|PSA-PM|PSA-PN|PSA-PO|PSA-PO1|PSA-PP|PSA-PP1|PSA-PQ|PSA-PQ1|PSA-PR|PSA-PR1|PSA-PS|PSA-PS1|PSA-PT|PSA-PT1|PSA-PU|PSA-PU1|PSA-PV|PSA-PW|PSA-PX|PSA-PY-CL|PSA-PZ
PSA-PV,PSA-PM PSA-PK PSA-PS1 PSA-PW PSA-PL PSA-PY-CL PSA-PP PSA-PC PSA-PU PSA-PU1 PSA-PD PSA-PS PSA-PT PSA PSA-PZ PSA-PH PSA-PX PSA-PI PSA-PN PSA-PF PSA-PO PSA-PR PSA-PQ PSA-PG PSA-PB PSA-PQ1 PSA-PE PSA-PJ PSA-PT1 PSA-PR1 PSA-PP1 PSA-PO1 PSA-PA,PSA-PM PSA-PK PSA-PS1 PSA-PW PSA-PL PSA-PY-CL PSA-PP PSA-PC PSA-PU PSA-PU1 PSA-PD PSA-PS PSA-PT PSA PSA-PZ PSA-PH PSA-PX PSA-PI PSA-PN PSA-PF PSA-PO PSA-PR PSA-PQ PSA-PG PSA-PB PSA-PQ1 PSA-PE PSA-PJ PSA-PT1 PSA-PR1 PSA-PP1 PSA-PO1 PSA-PA|PSA-PV,PSA|PSA-PA|PSA-PB|PSA-PC|PSA-PD|PSA-PE|PSA-PF|PSA-PG|PSA-PH|PSA-PI|PSA-PJ|PSA-PK|PSA-PL|PSA-PM|PSA-PN|PSA-PO|PSA-PO1|PSA-PP|PSA-PP1|PSA-PQ|PSA-PQ1|PSA-PR|PSA-PR1|PSA-PS|PSA-PS1|PSA-PT|PSA-PT1|PSA-PU|PSA-PU1|PSA-PV|PSA-PW|PSA-PX|PSA-PY-CL|PSA-PZ
PSA-PW,PSA-PM PSA-PK PSA-PS1 PSA-PL PSA-PY-CL PSA-PP PSA-PC PSA-PU PSA-PU1 PSA-PD PSA-PS PSA-PT PSA PSA-PV PSA-PZ PSA-PH PSA-PX PSA-PI PSA-PN PSA-PF PSA-PO PSA-PR PSA-PQ PSA-PG PSA-PB PSA-PQ1 PSA-PE PSA-PJ PSA-PT1 PSA-PR1 PSA-PP1 PSA-PO1 PSA-PA,PSA-PM PSA-PK PSA-PS1 PSA-PL PSA-PY-CL PSA-PP PSA-PC PSA-PU PSA-PU1 PSA-PD PSA-PS PSA-PT PSA PSA-PV PSA-PZ PSA-PH PSA-PX PSA-PI PSA-PN PSA-PF PSA-PO PSA-PR PSA-PQ PSA-PG PSA-PB PSA-PQ1 PSA-PE PSA-PJ PSA-PT1 PSA-PR1 PSA-PP1 PSA-PO1 PSA-PA|PSA-PW,PSA|PSA-PA|PSA-PB|PSA-PC|PSA-PD|PSA-PE|PSA-PF|PSA-PG|PSA-PH|PSA-PI|PSA-PJ|PSA-PK|PSA-PL|PSA-PM|PSA-PN|PSA-PO|PSA-PO1|PSA-PP|PSA-PP1|PSA-PQ|PSA-PQ1|PSA-PR|PSA-PR1|PSA-PS|PSA-PS1|PSA-PT|PSA-PT1|PSA-PU|PSA-PU1|PSA-PV|PSA-PW|PSA-PX|PSA-PY-CL|PSA-PZ
PSA-PX,PSA-PM PSA-PK PSA-PS1 PSA-PW PSA-PL PSA-PY-CL PSA-PP PSA-PC PSA-PU PSA-PU1 PSA-PD PSA-PS PSA-PT PSA PSA-PV PSA-PZ PSA-PH PSA-PI PSA-PN PSA-PF PSA-PO PSA-PR PSA-PQ PSA-PG PSA-PB PSA-PQ1 PSA-PE PSA-PJ PSA-PT1 PSA-PR1 PSA-PP1 PSA-PO1 PSA-PA,PSA-PM PSA-PK PSA-PS1 PSA-PW PSA-PL PSA-PY-CL PSA-PP PSA-PC PSA-PU PSA-PU1 PSA-PD PSA-PS PSA-PT PSA PSA-PV PSA-PZ PSA-PH PSA-PI PSA-PN PSA-PF PSA-PO PSA-PR PSA-PQ PSA-PG PSA-PB PSA-PQ1 PSA-PE PSA-PJ PSA-PT1 PSA-PR1 PSA-PP1 PSA-PO1 PSA-PA|PSA-PX,PSA|PSA-PA|PSA-PB|PSA-PC|PSA-PD|PSA-PE|PSA-PF|PSA-PG|PSA-PH|PSA-PI|PSA-PJ|PSA-PK|PSA-PL|PSA-PM|PSA-PN|PSA-PO|PSA-PO1|PSA-PP|PSA-PP1|PSA-PQ|PSA-PQ1|PSA-PR|PSA-PR1|PSA-PS|PSA-PS1|PSA-PT|PSA-PT1|PSA-PU|PSA-PU1|PSA-PV|PSA-PW|PSA-PX|PSA-PY-CL|PSA-PZ
PSA-PY-CL,PSA-PM PSA-PK PSA-PS1 PSA-PW PSA-PL PSA-PP PSA-PC PSA-PU PSA-PU1 PSA-PD PSA-PS PSA-PT PSA PSA-PV PSA-PZ PSA-PH PSA-PX PSA-PI PSA-PN PSA-PF PSA-PO PSA-PR PSA-PQ PSA-PG PSA-PB PSA-PQ1 PSA-PE PSA-PJ PSA-PT1 PSA-PR1 PSA-PP1 PSA-PO1 PSA-PA,PSA-PM PSA-PK PSA-PS1 PSA-PW PSA-PL PSA-PP PSA-PC PSA-PU PSA-PU1 PSA-PD PSA-PS PSA-PT PSA PSA-PV PSA-PZ PSA-PH PSA-PX PSA-PI PSA-PN PSA-PF PSA-PO PSA-PR PSA-PQ PSA-PG PSA-PB PSA-PQ1 PSA-PE PSA-PJ PSA-PT1 PSA-PR1 PSA-PP1 PSA-PO1 PSA-PA|PSA-PY-CL,PSA|PSA-PA|PSA-PB|PSA-PC|PSA-PD|PSA-PE|PSA-PF|PSA-PG|PSA-PH|PSA-PI|PSA-PJ|PSA-PK|PSA-PL|PSA-PM|PSA-PN|PSA-PO|PSA-PO1|PSA-PP|PSA-PP1|PSA-PQ|PSA-PQ1|PSA-PR|PSA-PR1|PSA-PS|PSA-PS1|PSA-PT|PSA-PT1|PSA-PU|PSA-PU1|PSA-PV|PSA-PW|PSA-PX|PSA-PY-CL|PSA-PZ
PSA-PZ,PSA-PM PSA-PK PSA-PS1 PSA-PW PSA-PL PSA-PY-CL PSA-PP PSA-PC PSA-PU PSA-PU1 PSA-PD PSA-PS PSA-PT PSA PSA-PV PSA-PH PSA-PX PSA-PI PSA-PN PSA-PF PSA-PO PSA-PR PSA-PQ PSA-PG PSA-PB PSA-PQ1 PSA-PE PSA-PJ PSA-PT1 PSA-PR1 PSA-PP1 PSA-PO1 PSA-PA,PSA-PM PSA-PK PSA-PS1 PSA-PW PSA-PL PSA-PY-CL PSA-PP PSA-PC PSA-PU PSA-PU1 PSA-PD PSA-PS PSA-PT PSA PSA-PV PSA-PH PSA-PX PSA-PI PSA-PN PSA-PF PSA-PO PSA-PR PSA-PQ PSA-PG PSA-PB PSA-PQ1 PSA-PE PSA-PJ PSA-PT1 PSA-PR1 PSA-PP1 PSA-PO1 PSA-PA|PSA-PZ,PSA|PSA-PA|PSA-PB|PSA-PC|PSA-PD|PSA-PE|PSA-PF|PSA-PG|PSA-PH|PSA-PI|PSA-PJ|PSA-PK|PSA-PL|PSA-PM|PSA-PN|PSA-PO|PSA-PO1|PSA-PP|PSA-PP1|PSA-PQ|PSA-PQ1|PSA-PR|PSA-PR1|PSA-PS|PSA-PS1|PSA-PT|PSA-PT1|PSA-PU|PSA-PU1|PSA-PV|PSA-PW|PSA-PX|PSA-PY-CL|PSA-PZ
PSACU,PSAC FFIE FFAI,PSAC FFIE FFAI|PSACU,FFAI|FFIE|PSAC|PSACU
PSAG,PSAGU PSAGW,PSAG|PSAGU PSAGW,PSAG|PSAGU|PSAGW
PSAGU,PSAG PSAGW,PSAG PSAGW|PSAGU,PSAG|PSAGU|PSAGW
PSAGW,PSAGU PSAG,PSAGU PSAG|PSAGW,PSAG|PSAGU|PSAGW
PSB,PSB-PW PSB-PS PSB-PU PSBZP PSB-PR PSB-PV PSBXP PSBYP PSB-PT,PSB|PSB-PW PSB-PS PSB-PU PSBZP PSB-PR PSB-PV PSBXP PSBYP PSB-PT,PSB|PSB-PR|PSB-PS|PSB-PT|PSB-PU|PSB-PV|PSB-PW|PSBXP|PSBYP|PSBZP
PSB-PR,PSB-PW PSB-PS PSB PSB-PU PSBZP PSB-PV PSBXP PSBYP PSB-PT,PSB-PR|PSB-PW PSB-PS PSB PSB-PU PSBZP PSB-PV PSBXP PSBYP PSB-PT,PSB|PSB-PR|PSB-PS|PSB-PT|PSB-PU|PSB-PV|PSB-PW|PSBXP|PSBYP|PSBZP
PSB-PS,PSB-PW PSB PSB-PU PSBZP PSB-PR PSB-PV PSBXP PSBYP PSB-PT,PSB-PS|PSB-PW PSB PSB-PU PSBZP PSB-PR PSB-PV PSBXP PSBYP PSB-PT,PSB|PSB-PR|PSB-PS|PSB-PT|PSB-PU|PSB-PV|PSB-PW|PSBXP|PSBYP|PSBZP
PSB-PT,PSB-PW PSB-PS PSB PSB-PU PSBZP PSB-PR PSB-PV PSBYP PSBXP,PSB-PT|PSB-PW PSB-PS PSB PSB-PU PSBZP PSB-PR PSB-PV PSBYP PSBXP,PSB|PSB-PR|PSB-PS|PSB-PT|PSB-PU|PSB-PV|PSB-PW|PSBXP|PSBYP|PSBZP
PSB-PU,PSB-PW PSB-PS PSB PSBZP PSB-PR PSB-PV PSBXP PSBYP PSB-PT,PSB-PU|PSB-PW PSB-PS PSB PSBZP PSB-PR PSB-PV PSBXP PSBYP PSB-PT,PSB|PSB-PR|PSB-PS|PSB-PT|PSB-PU|PSB-PV|PSB-PW|PSBXP|PSBYP|PSBZP
PSB-PV,PSB-PW PSB-PS PSB PSB-PU PSBZP PSB-PR PSBYP PSBXP PSB-PT,PSB-PV|PSB-PW PSB-PS PSB PSB-PU PSBZP PSB-PR PSBYP PSBXP PSB-PT,PSB|PSB-PR|PSB-PS|PSB-PT|PSB-PU|PSB-PV|PSB-PW|PSBXP|PSBYP|PSBZP
PSB-PW,PSB-PS PSB PSB-PU PSBZP PSB-PR PSB-PV PSBXP PSBYP PSB-PT,PSB-PS PSB PSB-PU PSBZP PSB-PR PSB-PV PSBXP PSBYP PSB-PT|PSB-PW,PSB|PSB-PR|PSB-PS|PSB-PT|PSB-PU|PSB-PV|PSB-PW|PSBXP|PSBYP|PSBZP
PSBXP,PSB-PW PSB-PS PSB PSB-PU PSBZP PSB-PR PSB-PV PSBYP PSB-PT,PSB-PW PSB-PS PSB PSB-PU PSBZP PSB-PR PSB-PV PSBYP PSB-PT|PSBXP,PSB|PSB-PR|PSB-PS|PSB-PT|PSB-PU|PSB-PV|PSB-PW|PSBXP|PSBYP|PSBZP
PSBYP,PSB-PW PSB-PS PSB PSB-PU PSBZP PSB-PR PSB-PV PSBXP PSB-PT,PSB-PW PSB-PS PSB PSB-PU PSBZP PSB-PR PSB-PV PSBXP PSB-PT|PSBYP,PSB|PSB-PR|PSB-PS|PSB-PT|PSB-PU|PSB-PV|PSB-PW|PSBXP|PSBYP|PSBZP
PSBZP,PSB-PW PSB-PS PSB PSB-PU PSB-PR PSB-PV PSBXP PSBYP PSB-PT,PSB-PW PSB-PS PSB PSB-PU PSB-PR PSB-PV PSBXP PSBYP PSB-PT|PSBZP,PSB|PSB-PR|PSB-PS|PSB-PT|PSB-PU|PSB-PV|PSB-PW|PSBXP|PSBYP|PSBZP
PSEC,PBC PBY PSEC-PA PBB,PBC PBY PSEC-PA PBB|PSEC,PBB|PBC|PBY|PSEC|PSEC-PA
PSEC-PA,PBC PBY PSEC PBB,PBC PBY PSEC PBB|PSEC-PA,PBB|PBC|PBY|PSEC|PSEC-PA
PSFE,BFT.WS BFT BFT.U PSFE.WS,BFT.WS BFT BFT.U PSFE.WS|PSFE,BFT|BFT.U|BFT.WS|PSFE|PSFE.WS
PSFE.WS,BFT.WS PSFE BFT BFT.U,BFT.WS PSFE BFT BFT.U|PSFE.WS,BFT|BFT.U|BFT.WS|PSFE|PSFE.WS
PSGI1,AMWS PSGI AMW,AMWS PSGI AMW|PSGI1,AMW|AMWS|PSGI|PSGI1
PSIG,AIBBR AIBAF AACRF AIBBU AIB,AIBBR AIBAF AACRF AIBBU AIB|PSIG,AACRF|AIB|AIBAF|AIBBR|AIBBU|PSIG
PSIXQ,PSIXE PSIX,PSIXE PSIX|PSIXQ,PSIX|PSIXE|PSIXQ
PSKY,VIAC VIACA VIACP VIA PARAA CBS PARA CBS.A PARAP,PSKY|VIAC VIACA VIACP VIA PARAA CBS PARA CBS.A PARAP,CBS|CBS.A|PARA|PARAA|PARAP|PSKY|VIA|VIAC|VIACA|VIACP
PSNY,GGPI GGPIU,GGPI GGPIU|PSNY,GGPI|GGPIU|PSNY
PSPC,PSPC.U PSPC.WS,PSPC|PSPC.U PSPC.WS,PSPC|PSPC.U|PSPC.WS
PSPC.U,PSPC.WS PSPC,PSPC.U|PSPC.WS PSPC,PSPC|PSPC.U|PSPC.WS
PSPC.WS,PSPC.U PSPC,PSPC.U PSPC|PSPC.WS,PSPC|PSPC.U|PSPC.WS
PSQH,CLBR.U1 CLBR.U CLBR,CLBR.U1 CLBR.U CLBR|PSQH,CLBR|CLBR.U|CLBR.U1|PSQH
PSTX1,FKL PSTX PST,FKL PSTX PST|PSTX1,FKL|PST|PSTX|PSTX1
PTACQ,PTAC JIT,PTAC JIT|PTACQ,JIT|PTAC|PTACQ
PTBTQ,PTBT POP,PTBT POP|PTBTQ,POP|PTBT|PTBTQ
PTEIQ,MJES MJSH CTTV COOL PTE,MJES MJSH CTTV COOL PTE|PTEIQ,COOL|CTTV|MJES|MJSH|PTE|PTEIQ
PTHRU,HOVR PTHR,HOVR PTHR|PTHRU,HOVR|PTHR|PTHRU
PTICU,PTIC SFR SFRTW PTICW SFRT SFRWW,PTIC SFR SFRTW PTICW SFRT SFRWW|PTICU,PTIC|PTICU|PTICW|SFR|SFRT|SFRTW|SFRWW
PTIX,MPNC MILB ATRNQ PTIXW ATRN NWMO,MPNC MILB ATRNQ PTIXW ATRN NWMO|PTIX,ATRN|ATRNQ|MILB|MPNC|NWMO|PTIX|PTIXW
PTIXW,MPNC MILB ATRNQ PTIX ATRN NWMO,MPNC MILB ATRNQ PTIX ATRN NWMO|PTIXW,ATRN|ATRNQ|MILB|MPNC|NWMO|PTIX|PTIXW
PTK.U,VLN PTK,PTK.U|VLN PTK,PTK|PTK.U|VLN
PTOC,PTOCW PTOCU,PTOC|PTOCW PTOCU,PTOC|PTOCU|PTOCW
PTOCU,PTOCW PTOC,PTOCU|PTOCW PTOC,PTOC|PTOCU|PTOCW
PTOCW,PTOCU PTOC,PTOCU PTOC|PTOCW,PTOC|PTOCU|PTOCW
PTRAQ,PTRAW ACTCW PTRA ACTC ACTCU,PTRAQ|PTRAW ACTCW PTRA ACTC ACTCU,ACTC|ACTCU|ACTCW|PTRA|PTRAQ|PTRAW
PTRAW,ACTCW PTRAQ PTRA ACTC ACTCU,ACTCW PTRAQ PTRA ACTC ACTCU|PTRAW,ACTC|ACTCU|ACTCW|PTRA|PTRAQ|PTRAW
PTVCA,PTVCB BWINB BWINA,PTVCA|PTVCB BWINB BWINA,BWINA|BWINB|PTVCA|PTVCB
PTVCB,PTVCA BWINB BWINA,PTVCA BWINB BWINA|PTVCB,BWINA|BWINB|PTVCA|PTVCB
PTWOU,PTWO SBC,PTWO SBC|PTWOU,PTWO|PTWOU|SBC
PTXTQ,GTA PTX,GTA PTX|PTXTQ,GTA|PTX|PTXTQ
PUCK,PUCKW PUCKU,PUCK|PUCKW PUCKU,PUCK|PUCKU|PUCKW
PUCKU,PUCKW PUCK,PUCKU|PUCKW PUCK,PUCK|PUCKU|PUCKW
PUCKW,PUCKU PUCK,PUCKU PUCK|PUCKW,PUCK|PUCKU|PUCKW
PUDA,PUDC PUDZ,PUDA|PUDC PUDZ,PUDA|PUDC|PUDZ
PUK,PUK-P PUK-PA PRLPF,PUK|PUK-P PUK-PA PRLPF,PRLPF|PUK|PUK-P|PUK-PA
PUK-P,PUK PUK-PA PRLPF,PUK PUK-PA PRLPF|PUK-P,PRLPF|PUK|PUK-P|PUK-PA
PUK-PA,PUK PUK-P PRLPF,PUK PUK-P PRLPF|PUK-PA,PRLPF|PUK|PUK-P|PUK-PA
PULS1,TNL PULS,PULS1|TNL PULS,PULS|PULS1|TNL
PV.U,PV LANV,PV LANV|PV.U,LANV|PV|PV.U
PVAHQ,PVAH PVA,PVAH PVA|PVAHQ,PVA|PVAH|PVAHQ
PVTB,PVTBP PVTD,PVTB|PVTBP PVTD,PVTB|PVTBP|PVTD
PVTBP,PVTB PVTD,PVTB PVTD|PVTBP,PVTB|PVTBP|PVTD
PWCM,LMFAU LMFA,LMFAU LMFA|PWCM,LMFA|LMFAU|PWCM
PWP,PWPPW FTIVW FTIVU FTIV,PWP|PWPPW FTIVW FTIVU FTIV,FTIV|FTIVU|FTIVW|PWP|PWPPW
PWPPW,FTIVW PWP FTIVU FTIV,FTIVW PWP FTIVU FTIV|PWPPW,FTIV|FTIVU|FTIVW|PWP|PWPPW
PWUPU,ASBP PWUP,ASBP PWUP|PWUPU,ASBP|PWUP|PWUPU
PXFG,PXG DAGR,PXFG|PXG DAGR,DAGR|PXFG|PXG
PXS,PXSAP PXSAW,PXS|PXSAP PXSAW,PXS|PXSAP|PXSAW
PXSAP,PXSAW PXS,PXSAP|PXSAW PXS,PXS|PXSAP|PXSAW
PXSAW,PXSAP PXS,PXSAP PXS|PXSAW,PXS|PXSAP|PXSAW
PYRAQ,PLRB PLRBQ PLRA,PLRB PLRBQ PLRA|PYRAQ,PLRA|PLRB|PLRBQ|PYRAQ
PYXSQ,AOI DMN PYX,AOI DMN PYX|PYXSQ,AOI|DMN|PYX|PYXSQ
PZG1,PZG PGDP,PZG PGDP|PZG1,PGDP|PZG|PZG1
PZM,BCO PZX PZB,BCO PZX PZB|PZM,BCO|PZB|PZM|PZX
PZX,PZM BCO PZB,PZM BCO PZB|PZX,BCO|PZB|PZM|PZX
QADA,QADB QADI,QADA|QADB QADI,QADA|QADB|QADI
QADB,QADA QADI,QADA QADI|QADB,QADA|QADB|QADI
QBTS,XPOA.U XPOA XPOA.WS QBTS.WS,QBTS|XPOA.U XPOA XPOA.WS QBTS.WS,QBTS|QBTS.WS|XPOA|XPOA.U|XPOA.WS
QBTS.WS,XPOA.U XPOA XPOA.WS QBTS,QBTS.WS|XPOA.U XPOA XPOA.WS QBTS,QBTS|QBTS.WS|XPOA|XPOA.U|XPOA.WS
QCLS,MYMD TNFA AKER AKBS,MYMD TNFA AKER AKBS|QCLS,AKBS|AKER|MYMD|QCLS|TNFA
QCOR,CYP QSC CYPR,CYP QSC CYPR|QCOR,CYP|CYPR|QCOR|QSC
QDRO,KAIIW KAIIU KAII QDROW QDROU,KAIIW KAIIU KAII QDROW QDROU|QDRO,KAII|KAIIU|KAIIW|QDRO|QDROU|QDROW
QDROU,KAIIU KAIIW QDRO KAII QDROW,KAIIU KAIIW QDRO KAII QDROW|QDROU,KAII|KAIIU|KAIIW|QDRO|QDROU|QDROW
QDROW,KAIIW KAIIU QDRO KAII QDROU,KAIIW KAIIU QDRO KAII QDROU|QDROW,KAII|KAIIU|KAIIW|QDRO|QDROU|QDROW
QELLU,LILMW QELL LILM QELLW LILMF,LILMW QELL LILM QELLW LILMF|QELLU,LILM|LILMF|LILMW|QELL|QELLU|QELLW
QFTA.U,ATCH QFTA QFTA.WS,ATCH QFTA QFTA.WS|QFTA.U,ATCH|QFTA|QFTA.U|QFTA.WS
QFTA.WS,QFTA.U ATCH QFTA,QFTA.U ATCH QFTA|QFTA.WS,ATCH|QFTA|QFTA.U|QFTA.WS
QHCCQ,QHC.W QHC,QHC.W QHC|QHCCQ,QHC|QHC.W|QHCCQ
QNGWQ,CCAC.WS QNGYW QNGYQ QNGY.WS CCAC.U CCAC QNGY,CCAC.WS QNGYW QNGYQ QNGY.WS CCAC.U CCAC QNGY|QNGWQ,CCAC|CCAC.U|CCAC.WS|QNGWQ|QNGY|QNGY.WS|QNGYQ|QNGYW
QMCO,QTM DSS HDD,QMCO|QTM DSS HDD,DSS|HDD|QMCO|QTM
QMDC,QDHC QD,QDHC QD|QMDC,QD|QDHC|QMDC
QMMI,QMM QCCM,QMM QCCM|QMMI,QCCM|QMM|QMMI
QNGYQ,CCAC.WS QNGYW QNGY.WS CCAC.U QNGWQ CCAC QNGY,CCAC.WS QNGYW QNGY.WS CCAC.U QNGWQ CCAC QNGY|QNGYQ,CCAC|CCAC.U|CCAC.WS|QNGWQ|QNGY|QNGY.WS|QNGYQ|QNGYW
QNRX,APOP APOPW,APOP APOPW|QNRX,APOP|APOPW|QNRX
QNTM,HUGE FSDDF,HUGE FSDDF|QNTM,FSDDF|HUGE|QNTM
QOMO,QOMOW QOMOU QOMOR,QOMO|QOMOW QOMOU QOMOR,QOMO|QOMOR|QOMOU|QOMOW
QOMOR,QOMOW QOMOU QOMO,QOMOR|QOMOW QOMOU QOMO,QOMO|QOMOR|QOMOU|QOMOW
QOMOU,QOMOW QOMOR QOMO,QOMOU|QOMOW QOMOR QOMO,QOMO|QOMOR|QOMOU|QOMOW
QOMOW,QOMOU QOMOR QOMO,QOMOU QOMOR QOMO|QOMOW,QOMO|QOMOR|QOMOU|QOMOW
QRHC,IRHC YCNG,IRHC YCNG|QRHC,IRHC|QRHC|YCNG
QS,KCAC KCAC.WS KCAC.U QS.WS,KCAC KCAC.WS KCAC.U QS.WS|QS,KCAC|KCAC.U|KCAC.WS|QS|QS.WS
QS.WS,KCAC KCAC.WS KCAC.U QS,KCAC KCAC.WS KCAC.U QS|QS.WS,KCAC|KCAC.U|KCAC.WS|QS|QS.WS
QSGI,QSGIQ QGI WSRT,QSGI|QSGIQ QGI WSRT,QGI|QSGI|QSGIQ|WSRT
QSI,CAPAU CAPA,CAPAU CAPA|QSI,CAPA|CAPAU|QSI
QTEKQ,ROCR QTEKW QTEWQ ROCRW ROCRU QTEK,QTEKQ|ROCR QTEKW QTEWQ ROCRW ROCRU QTEK,QTEK|QTEKQ|QTEKW|QTEWQ|ROCR|ROCRU|ROCRW
QTEWQ,ROCR QTEKW QTEKQ ROCRW ROCRU QTEK,QTEWQ|ROCR QTEKW QTEKQ ROCRW ROCRU QTEK,QTEK|QTEKQ|QTEKW|QTEWQ|ROCR|ROCRU|ROCRW
QTI,GIA.U GIAF GIA GIAFW QTIH GIA.WS,GIA.U GIAF GIA GIAFW QTIH GIA.WS|QTI,GIA|GIA.U|GIA.WS|GIAF|GIAFW|QTI|QTIH
QTNTQ,QTNTF QTNT,QTNTF QTNT|QTNTQ,QTNT|QTNTF|QTNTQ
RAMMW,RAM2 RAMMU RAM,RAM2 RAMMU RAM|RAMMW,RAM|RAM2|RAMMU|RAMMW
QTRHF,QTRH WILN WILIF,QTRH WILN WILIF|QTRHF,QTRH|QTRHF|WILIF|WILN
QTS,QTTTP QTS-PB QTS-PA,QTS|QTTTP QTS-PB QTS-PA,QTS|QTS-PA|QTS-PB|QTTTP
QTS-PA,QTTTP QTS-PB QTS,QTS-PA|QTTTP QTS-PB QTS,QTS|QTS-PA|QTS-PB|QTTTP
QTS-PB,QTTTP QTS QTS-PA,QTS-PB|QTTTP QTS QTS-PA,QTS|QTS-PA|QTS-PB|QTTTP
QUOT1,NSUR QUOT,NSUR QUOT|QUOT1,NSUR|QUOT|QUOT1
QUSA1,QUSA TASA,QUSA TASA|QUSA1,QUSA|QUSA1|TASA
QVCAQ,QRTEA QVCGB LINTA QVCGP LSTZA QRTEP QVCGA LSTZB LVNTB LVNTA QVCB LMDIA LINTB LMDIB QRTEB QVCA,QRTEA QVCGB LINTA QVCGP LSTZA QRTEP QVCGA LSTZB LVNTB LVNTA QVCB LMDIA LINTB LMDIB QRTEB QVCA|QVCAQ,LINTA|LINTB|LMDIA|LMDIB|LSTZA|LSTZB|LVNTA|LVNTB|QRTEA|QRTEB|QRTEP|QVCA|QVCAQ|QVCB|QVCGA|QVCGB|QVCGP
QVCGB,QRTEA LINTA QVCGP LSTZA QRTEP QVCGA QVCAQ LSTZB LVNTB LVNTA QVCB LMDIA LINTB LMDIB QRTEB QVCA,QRTEA LINTA QVCGP LSTZA QRTEP QVCGA QVCAQ LSTZB LVNTB LVNTA QVCB LMDIA LINTB LMDIB QRTEB QVCA|QVCGB,LINTA|LINTB|LMDIA|LMDIB|LSTZA|LSTZB|LVNTA|LVNTB|QRTEA|QRTEB|QRTEP|QVCA|QVCAQ|QVCB|QVCGA|QVCGB|QVCGP
QVCGP,QRTEA QVCGB LINTA QRTEP LSTZA QVCGA QVCAQ LSTZB LVNTB LVNTA QVCB LMDIA LINTB LMDIB QRTEB QVCA,QRTEA QVCGB LINTA QRTEP LSTZA QVCGA QVCAQ LSTZB LVNTB LVNTA QVCB LMDIA LINTB LMDIB QRTEB QVCA|QVCGP,LINTA|LINTB|LMDIA|LMDIB|LSTZA|LSTZB|LVNTA|LVNTB|QRTEA|QRTEB|QRTEP|QVCA|QVCAQ|QVCB|QVCGA|QVCGB|QVCGP
QXO,SSNT TYRIA QXO-PB,QXO|SSNT TYRIA QXO-PB,QXO|QXO-PB|SSNT|TYRIA
QXO-PB,SSNT TYRIA QXO,QXO-PB|SSNT TYRIA QXO,QXO|QXO-PB|SSNT|TYRIA
RA.B,RA RA1,RA RA1|RA.B,RA|RA.B|RA1
RA1,RA RA.B,RA RA.B|RA1,RA|RA.B|RA1
RAACU,RAAC BGRYW BGRY RAACW,RAAC BGRYW BGRY RAACW|RAACU,BGRY|BGRYW|RAAC|RAACU|RAACW
RAAQU,RAAQ IQMX,RAAQ IQMX|RAAQU,IQMX|RAAQ|RAAQU
RACC1,RACC CTFG,RACC CTFG|RACC1,CTFG|RACC|RACC1
RACY,RACYW RACYU,RACY|RACYW RACYU,RACY|RACYU|RACYW
RACYU,RACYW RACY,RACYU|RACYW RACY,RACY|RACYU|RACYW
RACYW,RACY RACYU,RACY RACYU|RACYW,RACY|RACYU|RACYW
RADA,RADIF RADI,RADA|RADIF RADI,RADA|RADI|RADIF
RAHGF,CADT CLDC,CADT CLDC|RAHGF,CADT|CLDC|RAHGF
RAIN,MITAU MITA,MITAU MITA|RAIN,MITA|MITAU|RAIN
RAM2,RAMMU RAMMW RAM,RAM2|RAMMU RAMMW RAM,RAM|RAM2|RAMMU|RAMMW
RAMMU,RAM2 RAMMW RAM,RAM2 RAMMW RAM|RAMMU,RAM|RAM2|RAMMU|RAMMW
RAPT1,TJCI RAPT,RAPT1|TJCI RAPT,RAPT|RAPT1|TJCI
RASFQ,RASF RAS,RASF RAS|RASFQ,RAS|RASF|RASFQ
RATE1,ILIF RATE,ILIF RATE|RATE1,ILIF|RATE|RATE1
RBAC,RBAC.WS RBAC.U,RBAC|RBAC.WS RBAC.U,RBAC|RBAC.U|RBAC.WS
RBAC.U,RBAC RBAC.WS,RBAC RBAC.WS|RBAC.U,RBAC|RBAC.U|RBAC.WS
RBAC.WS,RBAC RBAC.U,RBAC RBAC.U|RBAC.WS,RBAC|RBAC.U|RBAC.WS
RBC,ROLLP RBCP ROLL,RBC|ROLLP RBCP ROLL,RBC|RBCP|ROLL|ROLLP
RBCP,ROLLP ROLL RBC,RBCP|ROLLP ROLL RBC,RBC|RBCP|ROLL|ROLLP
RBOT,DEH.WS DEH RBOT.WS DEH.U,DEH.WS DEH RBOT.WS DEH.U|RBOT,DEH|DEH.U|DEH.WS|RBOT|RBOT.WS
RBOT.WS,DEH.WS DEH RBOT DEH.U,DEH.WS DEH RBOT DEH.U|RBOT.WS,DEH|DEH.U|DEH.WS|RBOT|RBOT.WS
RBS-PE,RBS-PF RBS-P RLSNY RBS RBS-PH RBS-PN RBS-PS RBS-PG RBS-PM RBS-PQ RBS-PT RBS-PR RBS-PP RBSJY NWG RBS-PI RBS-PL RBSQY,RBS-PE|RBS-PF RBS-P RLSNY RBS RBS-PH RBS-PN RBS-PS RBS-PG RBS-PM RBS-PQ RBS-PT RBS-PR RBS-PP RBSJY NWG RBS-PI RBS-PL RBSQY,NWG|RBS|RBS-P|RBS-PE|RBS-PF|RBS-PG|RBS-PH|RBS-PI|RBS-PL|RBS-PM|RBS-PN|RBS-PP|RBS-PQ|RBS-PR|RBS-PS|RBS-PT|RBSJY|RBSQY|RLSNY
RBS-PF,RBS-P RLSNY RBS RBS-PH RBS-PN RBS-PS RBS-PG RBS-PM RBS-PQ RBS-PT RBS-PR RBS-PP RBS-PE RBSJY NWG RBS-PI RBS-PL RBSQY,RBS-P RLSNY RBS RBS-PH RBS-PN RBS-PS RBS-PG RBS-PM RBS-PQ RBS-PT RBS-PR RBS-PP RBS-PE RBSJY NWG RBS-PI RBS-PL RBSQY|RBS-PF,NWG|RBS|RBS-P|RBS-PE|RBS-PF|RBS-PG|RBS-PH|RBS-PI|RBS-PL|RBS-PM|RBS-PN|RBS-PP|RBS-PQ|RBS-PR|RBS-PS|RBS-PT|RBSJY|RBSQY|RLSNY
RBS-PG,RBS-PF RBS-P RLSNY RBS RBS-PH RBS-PN RBS-PS RBS-PM RBS-PQ RBS-PT RBS-PR RBS-PP RBS-PE RBSJY NWG RBS-PI RBS-PL RBSQY,RBS-PF RBS-P RLSNY RBS RBS-PH RBS-PN RBS-PS RBS-PM RBS-PQ RBS-PT RBS-PR RBS-PP RBS-PE RBSJY NWG RBS-PI RBS-PL RBSQY|RBS-PG,NWG|RBS|RBS-P|RBS-PE|RBS-PF|RBS-PG|RBS-PH|RBS-PI|RBS-PL|RBS-PM|RBS-PN|RBS-PP|RBS-PQ|RBS-PR|RBS-PS|RBS-PT|RBSJY|RBSQY|RLSNY
RBS-PH,RBS-PF RBS-P RLSNY RBS RBS-PN RBS-PS RBS-PG RBS-PM RBS-PQ RBS-PT RBS-PR RBS-PP RBS-PE RBSJY NWG RBS-PI RBS-PL RBSQY,RBS-PF RBS-P RLSNY RBS RBS-PN RBS-PS RBS-PG RBS-PM RBS-PQ RBS-PT RBS-PR RBS-PP RBS-PE RBSJY NWG RBS-PI RBS-PL RBSQY|RBS-PH,NWG|RBS|RBS-P|RBS-PE|RBS-PF|RBS-PG|RBS-PH|RBS-PI|RBS-PL|RBS-PM|RBS-PN|RBS-PP|RBS-PQ|RBS-PR|RBS-PS|RBS-PT|RBSJY|RBSQY|RLSNY
RBS-PI,RBS-PF RBS-P RLSNY RBS RBS-PH RBS-PN RBS-PS RBS-PG RBS-PM RBS-PQ RBS-PT RBS-PR RBS-PP RBS-PE RBSJY NWG RBS-PL RBSQY,RBS-PF RBS-P RLSNY RBS RBS-PH RBS-PN RBS-PS RBS-PG RBS-PM RBS-PQ RBS-PT RBS-PR RBS-PP RBS-PE RBSJY NWG RBS-PL RBSQY|RBS-PI,NWG|RBS|RBS-P|RBS-PE|RBS-PF|RBS-PG|RBS-PH|RBS-PI|RBS-PL|RBS-PM|RBS-PN|RBS-PP|RBS-PQ|RBS-PR|RBS-PS|RBS-PT|RBSJY|RBSQY|RLSNY
RBS-PL,RBS-PF RBS-P RLSNY RBS RBS-PH RBS-PN RBS-PS RBS-PG RBS-PM RBS-PQ RBS-PT RBS-PR RBS-PP RBS-PE RBSJY NWG RBS-PI RBSQY,RBS-PF RBS-P RLSNY RBS RBS-PH RBS-PN RBS-PS RBS-PG RBS-PM RBS-PQ RBS-PT RBS-PR RBS-PP RBS-PE RBSJY NWG RBS-PI RBSQY|RBS-PL,NWG|RBS|RBS-P|RBS-PE|RBS-PF|RBS-PG|RBS-PH|RBS-PI|RBS-PL|RBS-PM|RBS-PN|RBS-PP|RBS-PQ|RBS-PR|RBS-PS|RBS-PT|RBSJY|RBSQY|RLSNY
RBS-PM,RBS-PF RBS-P RLSNY RBS RBS-PH RBS-PN RBS-PS RBS-PG RBS-PQ RBS-PT RBS-PR RBS-PP RBS-PE RBSJY NWG RBS-PI RBS-PL RBSQY,RBS-PF RBS-P RLSNY RBS RBS-PH RBS-PN RBS-PS RBS-PG RBS-PQ RBS-PT RBS-PR RBS-PP RBS-PE RBSJY NWG RBS-PI RBS-PL RBSQY|RBS-PM,NWG|RBS|RBS-P|RBS-PE|RBS-PF|RBS-PG|RBS-PH|RBS-PI|RBS-PL|RBS-PM|RBS-PN|RBS-PP|RBS-PQ|RBS-PR|RBS-PS|RBS-PT|RBSJY|RBSQY|RLSNY
RBS-PN,RBS-PF RBS-P RLSNY RBS RBS-PH RBS-PS RBS-PG RBS-PM RBS-PQ RBS-PT RBS-PR RBS-PP RBS-PE RBSJY NWG RBS-PI RBS-PL RBSQY,RBS-PF RBS-P RLSNY RBS RBS-PH RBS-PS RBS-PG RBS-PM RBS-PQ RBS-PT RBS-PR RBS-PP RBS-PE RBSJY NWG RBS-PI RBS-PL RBSQY|RBS-PN,NWG|RBS|RBS-P|RBS-PE|RBS-PF|RBS-PG|RBS-PH|RBS-PI|RBS-PL|RBS-PM|RBS-PN|RBS-PP|RBS-PQ|RBS-PR|RBS-PS|RBS-PT|RBSJY|RBSQY|RLSNY
RBS-PP,RBS-PF RBS-P RLSNY RBS RBS-PH RBS-PN RBS-PS RBS-PG RBS-PM RBS-PQ RBS-PT RBS-PR RBS-PE RBSJY NWG RBS-PI RBS-PL RBSQY,RBS-PF RBS-P RLSNY RBS RBS-PH RBS-PN RBS-PS RBS-PG RBS-PM RBS-PQ RBS-PT RBS-PR RBS-PE RBSJY NWG RBS-PI RBS-PL RBSQY|RBS-PP,NWG|RBS|RBS-P|RBS-PE|RBS-PF|RBS-PG|RBS-PH|RBS-PI|RBS-PL|RBS-PM|RBS-PN|RBS-PP|RBS-PQ|RBS-PR|RBS-PS|RBS-PT|RBSJY|RBSQY|RLSNY
RBS-PQ,RBS-PF RBS-P RLSNY RBS RBS-PH RBS-PN RBS-PS RBS-PG RBS-PM RBS-PT RBS-PR RBS-PP RBS-PE RBSJY NWG RBS-PI RBS-PL RBSQY,RBS-PF RBS-P RLSNY RBS RBS-PH RBS-PN RBS-PS RBS-PG RBS-PM RBS-PT RBS-PR RBS-PP RBS-PE RBSJY NWG RBS-PI RBS-PL RBSQY|RBS-PQ,NWG|RBS|RBS-P|RBS-PE|RBS-PF|RBS-PG|RBS-PH|RBS-PI|RBS-PL|RBS-PM|RBS-PN|RBS-PP|RBS-PQ|RBS-PR|RBS-PS|RBS-PT|RBSJY|RBSQY|RLSNY
RBS-PR,RBS-PF RBS-P RLSNY RBS RBS-PH RBS-PN RBS-PS RBS-PG RBS-PM RBS-PQ RBS-PT RBS-PP RBS-PE RBSJY NWG RBS-PI RBS-PL RBSQY,RBS-PF RBS-P RLSNY RBS RBS-PH RBS-PN RBS-PS RBS-PG RBS-PM RBS-PQ RBS-PT RBS-PP RBS-PE RBSJY NWG RBS-PI RBS-PL RBSQY|RBS-PR,NWG|RBS|RBS-P|RBS-PE|RBS-PF|RBS-PG|RBS-PH|RBS-PI|RBS-PL|RBS-PM|RBS-PN|RBS-PP|RBS-PQ|RBS-PR|RBS-PS|RBS-PT|RBSJY|RBSQY|RLSNY
RBS-PS,RBS-PF RBS-P RLSNY RBS RBS-PH RBS-PN RBS-PG RBS-PM RBS-PQ RBS-PT RBS-PR RBS-PP RBS-PE RBSJY NWG RBS-PI RBS-PL RBSQY,RBS-PF RBS-P RLSNY RBS RBS-PH RBS-PN RBS-PG RBS-PM RBS-PQ RBS-PT RBS-PR RBS-PP RBS-PE RBSJY NWG RBS-PI RBS-PL RBSQY|RBS-PS,NWG|RBS|RBS-P|RBS-PE|RBS-PF|RBS-PG|RBS-PH|RBS-PI|RBS-PL|RBS-PM|RBS-PN|RBS-PP|RBS-PQ|RBS-PR|RBS-PS|RBS-PT|RBSJY|RBSQY|RLSNY
RBS-PT,RBS-PF RBS-P RLSNY RBS RBS-PH RBS-PN RBS-PS RBS-PG RBS-PM RBS-PQ RBS-PR RBS-PP RBS-PE RBSJY NWG RBS-PI RBS-PL RBSQY,RBS-PF RBS-P RLSNY RBS RBS-PH RBS-PN RBS-PS RBS-PG RBS-PM RBS-PQ RBS-PR RBS-PP RBS-PE RBSJY NWG RBS-PI RBS-PL RBSQY|RBS-PT,NWG|RBS|RBS-P|RBS-PE|RBS-PF|RBS-PG|RBS-PH|RBS-PI|RBS-PL|RBS-PM|RBS-PN|RBS-PP|RBS-PQ|RBS-PR|RBS-PS|RBS-PT|RBSJY|RBSQY|RLSNY
RBT.WS,RBTC FOUN FOUNU RBT FOUNW,RBT.WS|RBTC FOUN FOUNU RBT FOUNW,FOUN|FOUNU|FOUNW|RBT|RBT.WS|RBTC
RBTC,FOUN FOUNU RBT RBT.WS FOUNW,FOUN FOUNU RBT RBT.WS FOUNW|RBTC,FOUN|FOUNU|FOUNW|RBT|RBT.WS|RBTC
RC,RCA SLD RCB RCPPP RC-PE RCD ZFC RCP RCC,RC|RCA SLD RCB RCPPP RC-PE RCD ZFC RCP RCC,RC|RC-PE|RCA|RCB|RCC|RCD|RCP|RCPPP|SLD|ZFC
RC-PB,ANH ANH-PA ANH-PB RC-PD ANH-PC RC-PC,ANH ANH-PA ANH-PB RC-PD ANH-PC RC-PC|RC-PB,ANH|ANH-PA|ANH-PB|ANH-PC|RC-PB|RC-PC|RC-PD
RC-PC,ANH RC-PB ANH-PA ANH-PB RC-PD ANH-PC,ANH RC-PB ANH-PA ANH-PB RC-PD ANH-PC|RC-PC,ANH|ANH-PA|ANH-PB|ANH-PC|RC-PB|RC-PC|RC-PD
RC-PD,ANH RC-PB ANH-PA ANH-PB ANH-PC RC-PC,ANH RC-PB ANH-PA ANH-PB ANH-PC RC-PC|RC-PD,ANH|ANH-PA|ANH-PB|ANH-PC|RC-PB|RC-PC|RC-PD
RC-PE,RCA SLD RCB RCPPP RCD ZFC RCP RCC RC,RC-PE|RCA SLD RCB RCPPP RCD ZFC RCP RCC RC,RC|RC-PE|RCA|RCB|RCC|RCD|RCP|RCPPP|SLD|ZFC
RCAC,RCACW RCACU,RCAC|RCACW RCACU,RCAC|RCACU|RCACW
RCACU,RCACW RCAC,RCACU|RCACW RCAC,RCAC|RCACU|RCACW
RCACW,RCACU RCAC,RCACU RCAC|RCACW,RCAC|RCACU|RCACW
RCAT,BDLF TFVR ENTK,BDLF TFVR ENTK|RCAT,BDLF|ENTK|RCAT|TFVR
RCFUF,RCFA BGL RCFA.U RCFAF,RCFA BGL RCFA.U RCFAF|RCFUF,BGL|RCFA|RCFA.U|RCFAF|RCFUF
RCHG,RCHGW RCHGU,RCHG|RCHGW RCHGU,RCHG|RCHGU|RCHGW
RCLFU,MDAI RCLF,MDAI RCLF|RCLFU,MDAI|RCLF|RCLFU
RCM,ACHI AH,ACHI AH|RCM,ACHI|AH|RCM
RCOCQ,NURS MXR RCO,NURS MXR RCO|RCOCQ,MXR|NURS|RCO|RCOCQ
RCOR,CHAQ RCOR.WS CHAQ.WS CHAQ.U,CHAQ RCOR.WS CHAQ.WS CHAQ.U|RCOR,CHAQ|CHAQ.U|CHAQ.WS|RCOR|RCOR.WS
RCOR.WS,CHAQ RCOR CHAQ.WS CHAQ.U,CHAQ RCOR CHAQ.WS CHAQ.U|RCOR.WS,CHAQ|CHAQ.U|CHAQ.WS|RCOR|RCOR.WS
RCPIQ,CIGX RCPI STSI,CIGX RCPI STSI|RCPIQ,CIGX|RCPI|RCPIQ|STSI
RDA1,RDB RDA,RDA1|RDB RDA,RDA|RDA1|RDB
RDB,RDA1 RDA,RDA1 RDA|RDB,RDA|RDA1|RDB
RDBX,SGAM RDBXW SGAMW SGAMU,RDBX|SGAM RDBXW SGAMW SGAMU,RDBX|RDBXW|SGAM|SGAMU|SGAMW
RDBXW,SGAM SGAMW SGAMU RDBX,RDBXW|SGAM SGAMW SGAMU RDBX,RDBX|RDBXW|SGAM|SGAMU|SGAMW
RDDYQ,RDDY FRZ,RDDY FRZ|RDDYQ,FRZ|RDDY|RDDYQ
RDI,RDIB CDL,RDI|RDIB CDL,CDL|RDI|RDIB
RDIB,RDI CDL,RDI CDL|RDIB,CDL|RDI|RDIB
RDMX1,RDMX RMX,RDMX RMX|RDMX1,RDMX|RDMX1|RMX
RDNW,RMBL RMBLB,RDNW|RMBL RMBLB,RDNW|RMBL|RMBLB
RDS.B,SHEL RDS.A,RDS.B|SHEL RDS.A,RDS.A|RDS.B|SHEL
RDW,GNPK.U RDW.WS GNPK.WS GNPK,GNPK.U RDW.WS GNPK.WS GNPK|RDW,GNPK|GNPK.U|GNPK.WS|RDW|RDW.WS
RDW.WS,GNPK.U GNPK.WS GNPK RDW,GNPK.U GNPK.WS GNPK RDW|RDW.WS,GNPK|GNPK.U|GNPK.WS|RDW|RDW.WS
RDZN,VHNA VHNAU,RDZN|VHNA VHNAU,RDZN|VHNA|VHNAU
REE,REEAW VCVCW VCVC VCVCU,REE|REEAW VCVCW VCVC VCVCU,REE|REEAW|VCVC|VCVCU|VCVCW
REEAW,REE VCVCW VCVC VCVCU,REE VCVCW VCVC VCVCU|REEAW,REE|REEAW|VCVC|VCVCU|VCVCW
REEMF,REE RRLMF,REE RRLMF|REEMF,REE|REEMF|RRLMF
REG,REGCP REG-PF REGCO REG-PG,REG|REGCP REG-PF REGCO REG-PG,REG|REG-PF|REG-PG|REGCO|REGCP
REG-PF,REGCP REGCO REG-PG REG,REG-PF|REGCP REGCO REG-PG REG,REG|REG-PF|REG-PG|REGCO|REGCP
REG-PG,REGCP REG-PF REGCO REG,REG-PG|REGCP REG-PF REGCO REG,REG|REG-PF|REG-PG|REGCO|REGCP
REGCO,REGCP REG-PF REG-PG REG,REGCO|REGCP REG-PF REG-PG REG,REG|REG-PF|REG-PG|REGCO|REGCP
REGCP,REG-PF REGCO REG-PG REG,REG-PF REGCO REG-PG REG|REGCP,REG|REG-PF|REG-PG|REGCO|REGCP
RELX,ENL RUK RENX2 RENX,ENL RUK RENX2 RENX|RELX,ENL|RELX|RENX|RENX2|RUK
RELYQ,FMNT SGRH RELY FMT FMNTQ,FMNT SGRH RELY FMT FMNTQ|RELYQ,FMNT|FMNTQ|FMT|RELY|RELYQ|SGRH
REM1,BOXXA ROILA REM BOXXB,BOXXA ROILA REM BOXXB|REM1,BOXXA|BOXXB|REM|REM1|ROILA
RENEF,RENEW RENE RENEU,RENEF|RENEW RENE RENEU,RENE|RENEF|RENEU|RENEW
RENEU,RENEF RENEW RENE,RENEF RENEW RENE|RENEU,RENE|RENEF|RENEU|RENEW
RENEW,RENEF RENE RENEU,RENEF RENE RENEU|RENEW,RENE|RENEF|RENEU|RENEW
REVB,PAIC PAICU REVBU,PAIC PAICU REVBU|REVB,PAIC|PAICU|REVB|REVBU
REVBU,PAIC REVB PAICU,PAIC REVB PAICU|REVBU,PAIC|PAICU|REVB|REVBU
REVE,REVEU REVEW,REVE|REVEU REVEW,REVE|REVEU|REVEW
REVEU,REVEW REVE,REVEU|REVEW REVE,REVE|REVEU|REVEW
REVEW,REVEU REVE,REVEU REVE|REVEW,REVE|REVEU|REVEW
REVH,REVHU REVHW,REVH|REVHU REVHW,REVH|REVHU|REVHW
REVHU,REVH REVHW,REVH REVHW|REVHU,REVH|REVHU|REVHW
REVHW,REVHU REVH,REVHU REVH|REVHW,REVH|REVHU|REVHW
REXR,REXR-PA REXR-PC REXR-PB,REXR|REXR-PA REXR-PC REXR-PB,REXR|REXR-PA|REXR-PB|REXR-PC
REXR-PA,REXR REXR-PC REXR-PB,REXR REXR-PC REXR-PB|REXR-PA,REXR|REXR-PA|REXR-PB|REXR-PC
REXR-PB,REXR REXR-PA REXR-PC,REXR REXR-PA REXR-PC|REXR-PB,REXR|REXR-PA|REXR-PB|REXR-PC
REXR-PC,REXR REXR-PA REXR-PB,REXR REXR-PA REXR-PB|REXR-PC,REXR|REXR-PA|REXR-PB|REXR-PC
RF,RF-PC RF-PE RF-PF RF-PA RF-PB,RF|RF-PC RF-PE RF-PF RF-PA RF-PB,RF|RF-PA|RF-PB|RF-PC|RF-PE|RF-PF
RF-PA,RF-PC RF-PE RF RF-PF RF-PB,RF-PA|RF-PC RF-PE RF RF-PF RF-PB,RF|RF-PA|RF-PB|RF-PC|RF-PE|RF-PF
RF-PB,RF-PC RF-PE RF RF-PF RF-PA,RF-PB|RF-PC RF-PE RF RF-PF RF-PA,RF|RF-PA|RF-PB|RF-PC|RF-PE|RF-PF
RF-PC,RF-PE RF RF-PF RF-PA RF-PB,RF-PC|RF-PE RF RF-PF RF-PA RF-PB,RF|RF-PA|RF-PB|RF-PC|RF-PE|RF-PF
RF-PE,RF-PC RF RF-PF RF-PA RF-PB,RF-PC RF RF-PF RF-PA RF-PB|RF-PE,RF|RF-PA|RF-PB|RF-PC|RF-PE|RF-PF
RF-PF,RF-PC RF-PE RF RF-PA RF-PB,RF-PC RF-PE RF RF-PA RF-PB|RF-PF,RF|RF-PA|RF-PB|RF-PC|RF-PE|RF-PF
RFACR,GCL RFACU RFAC,GCL RFACU RFAC|RFACR,GCL|RFAC|RFACR|RFACU
RFACU,GCL RFAC RFACR,GCL RFAC RFACR|RFACU,GCL|RFAC|RFACR|RFACU
RGA,RZB RGA.A RGA.B RZC RZA,RGA|RZB RGA.A RGA.B RZC RZA,RGA|RGA.A|RGA.B|RZA|RZB|RZC
RGA.B,RZB RGA.A RZC RZA RGA,RGA.B|RZB RGA.A RZC RZA RGA,RGA|RGA.A|RGA.B|RZA|RZB|RZC
RGFCQ,RGFC RGF,RGFC RGF|RGFCQ,RGF|RGFC|RGFCQ
RGLOF,RLO LCC,RGLOF|RLO LCC,LCC|RGLOF|RLO
RGP1,RGNC RGP,RGNC RGP|RGP1,RGNC|RGP|RGP1
RGRX,RGN ALBM,RGN ALBM|RGRX,ALBM|RGN|RGRX
RGSEQ,RSOL RGSE,RGSEQ|RSOL RGSE,RGSE|RGSEQ|RSOL
RGTI,SNII SNII.U,RGTI|SNII SNII.U,RGTI|SNII|SNII.U
RHDCQ,RHD RHDC,RHD RHDC|RHDCQ,RHD|RHDC|RHDCQ
RHE-PA,ADK-PA ADK RHE RHEP,ADK-PA ADK RHE RHEP|RHE-PA,ADK|ADK-PA|RHE|RHE-PA|RHEP
RHEP,RHE-PA ADK-PA ADK RHE,RHE-PA ADK-PA ADK RHE|RHEP,ADK|ADK-PA|RHE|RHE-PA|RHEP
RHT1,RHT RMCI,RHT RMCI|RHT1,RHT|RHT1|RMCI
RIBT,NTRZ NTRZQ,NTRZ NTRZQ|RIBT,NTRZ|NTRZQ|RIBT
RICE.U,LFG LFG.WS RICE RICE.WS,LFG LFG.WS RICE RICE.WS|RICE.U,LFG|LFG.WS|RICE|RICE.U|RICE.WS
RICOU,KAL RICO KALWW KALRQ RICOW KALWQ,KAL RICO KALWW KALRQ RICOW KALWQ|RICOU,KAL|KALRQ|KALWQ|KALWW|RICO|RICOU|RICOW
RIDEQ,DPHCU RIDE DPHCW RIDEW DPHC,DPHCU RIDE DPHCW RIDEW DPHC|RIDEQ,DPHC|DPHCU|DPHCW|RIDE|RIDEQ|RIDEW
RIDEW,DPHCU RIDE RIDEQ DPHCW DPHC,DPHCU RIDE RIDEQ DPHCW DPHC|RIDEW,DPHC|DPHCU|DPHCW|RIDE|RIDEQ|RIDEW
RILY,RILYK RILYZ1 RILYL RILYG1 RILYI RILYH RILYM RILYZ RILYL1 RILYG RILYT GAMR RILYN RILYP RILYO,RILY|RILYK RILYZ1 RILYL RILYG1 RILYI RILYH RILYM RILYZ RILYL1 RILYG RILYT GAMR RILYN RILYP RILYO,GAMR|RILY|RILYG|RILYG1|RILYH|RILYI|RILYK|RILYL|RILYL1|RILYM|RILYN|RILYO|RILYP|RILYT|RILYZ|RILYZ1
RILYP,RILYK RILYZ1 RILYL RILYG1 RILYI RILYH RILYM RILYZ RILYL1 RILYG RILYT GAMR RILY RILYN RILYO,RILYK RILYZ1 RILYL RILYG1 RILYI RILYH RILYM RILYZ RILYL1 RILYG RILYT GAMR RILY RILYN RILYO|RILYP,GAMR|RILY|RILYG|RILYG1|RILYH|RILYI|RILYK|RILYL|RILYL1|RILYM|RILYN|RILYO|RILYP|RILYT|RILYZ|RILYZ1
RIME,SMDM SMD MICS SING,RIME|SMDM SMD MICS SING,MICS|RIME|SING|SMD|SMDM
RIOT,APPY BIOP APNB,APPY BIOP APNB|RIOT,APNB|APPY|BIOP|RIOT
RITM,NRZ-PA RITM-PA RITM-PC RITM-PB RITM-PD RITM-PF NRZ-PD NRZ-PB RITM-PE NRZ NRZ-PC,NRZ-PA RITM-PA RITM-PC RITM-PB RITM-PD RITM-PF NRZ-PD NRZ-PB RITM-PE NRZ NRZ-PC|RITM,NRZ|NRZ-PA|NRZ-PB|NRZ-PC|NRZ-PD|RITM|RITM-PA|RITM-PB|RITM-PC|RITM-PD|RITM-PE|RITM-PF
RITM-PA,NRZ-PA RITM-PC RITM-PB RITM-PD RITM-PF NRZ-PD RITM NRZ-PB RITM-PE NRZ NRZ-PC,NRZ-PA RITM-PC RITM-PB RITM-PD RITM-PF NRZ-PD RITM NRZ-PB RITM-PE NRZ NRZ-PC|RITM-PA,NRZ|NRZ-PA|NRZ-PB|NRZ-PC|NRZ-PD|RITM|RITM-PA|RITM-PB|RITM-PC|RITM-PD|RITM-PE|RITM-PF
RITM-PB,NRZ-PA RITM-PA RITM-PC RITM-PD RITM-PF NRZ-PD RITM NRZ-PB RITM-PE NRZ NRZ-PC,NRZ-PA RITM-PA RITM-PC RITM-PD RITM-PF NRZ-PD RITM NRZ-PB RITM-PE NRZ NRZ-PC|RITM-PB,NRZ|NRZ-PA|NRZ-PB|NRZ-PC|NRZ-PD|RITM|RITM-PA|RITM-PB|RITM-PC|RITM-PD|RITM-PE|RITM-PF
RITM-PC,NRZ-PA RITM-PA RITM-PB RITM-PD RITM-PF NRZ-PD RITM NRZ-PB RITM-PE NRZ NRZ-PC,NRZ-PA RITM-PA RITM-PB RITM-PD RITM-PF NRZ-PD RITM NRZ-PB RITM-PE NRZ NRZ-PC|RITM-PC,NRZ|NRZ-PA|NRZ-PB|NRZ-PC|NRZ-PD|RITM|RITM-PA|RITM-PB|RITM-PC|RITM-PD|RITM-PE|RITM-PF
RITM-PD,NRZ-PA RITM-PA RITM-PC RITM-PB RITM-PF NRZ-PD RITM NRZ-PB RITM-PE NRZ NRZ-PC,NRZ-PA RITM-PA RITM-PC RITM-PB RITM-PF NRZ-PD RITM NRZ-PB RITM-PE NRZ NRZ-PC|RITM-PD,NRZ|NRZ-PA|NRZ-PB|NRZ-PC|NRZ-PD|RITM|RITM-PA|RITM-PB|RITM-PC|RITM-PD|RITM-PE|RITM-PF
RITM-PE,NRZ-PA RITM-PA RITM-PC RITM-PB RITM-PD RITM-PF NRZ-PD RITM NRZ-PB NRZ NRZ-PC,NRZ-PA RITM-PA RITM-PC RITM-PB RITM-PD RITM-PF NRZ-PD RITM NRZ-PB NRZ NRZ-PC|RITM-PE,NRZ|NRZ-PA|NRZ-PB|NRZ-PC|NRZ-PD|RITM|RITM-PA|RITM-PB|RITM-PC|RITM-PD|RITM-PE|RITM-PF
RITM-PF,NRZ-PA RITM-PA RITM-PC RITM-PB RITM-PD NRZ-PD RITM NRZ-PB RITM-PE NRZ NRZ-PC,NRZ-PA RITM-PA RITM-PC RITM-PB RITM-PD NRZ-PD RITM NRZ-PB RITM-PE NRZ NRZ-PC|RITM-PF,NRZ|NRZ-PA|NRZ-PB|NRZ-PC|NRZ-PD|RITM|RITM-PA|RITM-PB|RITM-PC|RITM-PD|RITM-PE|RITM-PF
RJAC,RJAC.U RJACW RJAC.WS,RJAC|RJAC.U RJACW RJAC.WS,RJAC|RJAC.U|RJAC.WS|RJACW
RJAC.U,RJAC RJACW RJAC.WS,RJAC RJACW RJAC.WS|RJAC.U,RJAC|RJAC.U|RJAC.WS|RJACW
RJACW,RJAC RJAC.U RJAC.WS,RJAC RJAC.U RJAC.WS|RJACW,RJAC|RJAC.U|RJAC.WS|RJACW
RJF,RJF-PB RJF-PA RJD,RJF|RJF-PB RJF-PA RJD,RJD|RJF|RJF-PA|RJF-PB
RJF-PA,RJF-PB RJD RJF,RJF-PA|RJF-PB RJD RJF,RJD|RJF|RJF-PA|RJF-PB
RJF-PB,RJF-PA RJD RJF,RJF-PA RJD RJF|RJF-PB,RJD|RJF|RJF-PA|RJF-PB
RKLB,RKLBW VACQW VACQU VACQ,RKLB|RKLBW VACQW VACQU VACQ,RKLB|RKLBW|VACQ|VACQU|VACQW
RKLBW,VACQW RKLB VACQU VACQ,RKLBW|VACQW RKLB VACQU VACQ,RKLB|RKLBW|VACQ|VACQU|VACQW
RKLWQ,SCPE.WS SCPE RKLY RKLYQ RKLY.WS SCPE.U,RKLWQ|SCPE.WS SCPE RKLY RKLYQ RKLY.WS SCPE.U,RKLWQ|RKLY|RKLY.WS|RKLYQ|SCPE|SCPE.U|SCPE.WS
RKLYQ,RKLWQ SCPE.WS SCPE RKLY RKLY.WS SCPE.U,RKLWQ SCPE.WS SCPE RKLY RKLY.WS SCPE.U|RKLYQ,RKLWQ|RKLY|RKLY.WS|RKLYQ|SCPE|SCPE.U|SCPE.WS
RKTA,RKTA.WS RKTAW RKTA.U,RKTA|RKTA.WS RKTAW RKTA.U,RKTA|RKTA.U|RKTA.WS|RKTAW
RKTA.U,RKTA.WS RKTA RKTAW,RKTA.U|RKTA.WS RKTA RKTAW,RKTA|RKTA.U|RKTA.WS|RKTAW
RKTAW,RKTA.WS RKTA RKTA.U,RKTA.WS RKTA RKTA.U|RKTAW,RKTA|RKTA.U|RKTA.WS|RKTAW
RLH,WEH RLH-PA CVH,RLH|WEH RLH-PA CVH,CVH|RLH|RLH-PA|WEH
RLH-PA,WEH RLH CVH,RLH-PA|WEH RLH CVH,CVH|RLH|RLH-PA|WEH
RLOGQ,RLOG RAQC,RLOG RAQC|RLOGQ,RAQC|RLOG|RLOGQ
RMCO,AMAO AMAOU,AMAO AMAOU|RMCO,AMAO|AMAOU|RMCO
RMG.U,RMO RMG.UN RMG.WS RMG RMO.WS,RMG.U|RMO RMG.UN RMG.WS RMG RMO.WS,RMG|RMG.U|RMG.UN|RMG.WS|RMO|RMO.WS
RMG2,RMG CVC,RMG CVC|RMG2,CVC|RMG|RMG2
RMGBU,RMGB RNW,RMGB RNW|RMGBU,RMGB|RMGBU|RNW
RMGCF,RMGC RMGCU RMGCW RMGUF RMGWF,RMGC RMGCU RMGCW RMGUF RMGWF|RMGCF,RMGC|RMGCF|RMGCU|RMGCW|RMGUF|RMGWF
RMGUF,RMGC RMGCU RMGCW RMGWF RMGCF,RMGC RMGCU RMGCW RMGWF RMGCF|RMGUF,RMGC|RMGCF|RMGCU|RMGCW|RMGUF|RMGWF
RMGWF,RMGC RMGCU RMGCW RMGUF RMGCF,RMGC RMGCU RMGCW RMGUF RMGCF|RMGWF,RMGC|RMGCF|RMGCU|RMGCW|RMGUF|RMGWF
RMIX,HYAC HYAC.U,HYAC HYAC.U|RMIX,HYAC|HYAC.U|RMIX
RMNI,GPIA GPIAU,GPIA GPIAU|RMNI,GPIA|GPIAU|RMNI
RMO,RMG.UN RMG.WS RMG RMO.WS RMG.U,RMG.UN RMG.WS RMG RMO.WS RMG.U|RMO,RMG|RMG.U|RMG.UN|RMG.WS|RMO|RMO.WS
RMO.WS,RMO RMG.UN RMG.WS RMG RMG.U,RMO RMG.UN RMG.WS RMG RMG.U|RMO.WS,RMG|RMG.U|RMG.UN|RMG.WS|RMO|RMO.WS
RMSG,NOVVU NOVVR NOVV,NOVVU NOVVR NOVV|RMSG,NOVV|NOVVR|NOVVU|RMSG
RNERU,RNER HUBC,RNER HUBC|RNERU,HUBC|RNER|RNERU
RNR,RNR-PE RNR-PG RNR-PF RNR-PC,RNR|RNR-PE RNR-PG RNR-PF RNR-PC,RNR|RNR-PC|RNR-PE|RNR-PF|RNR-PG
RNR-PC,RNR-PE RNR-PG RNR RNR-PF,RNR-PC|RNR-PE RNR-PG RNR RNR-PF,RNR|RNR-PC|RNR-PE|RNR-PF|RNR-PG
RNR-PE,RNR-PG RNR RNR-PF RNR-PC,RNR-PE|RNR-PG RNR RNR-PF RNR-PC,RNR|RNR-PC|RNR-PE|RNR-PF|RNR-PG
RNR-PF,RNR-PE RNR-PG RNR RNR-PC,RNR-PE RNR-PG RNR RNR-PC|RNR-PF,RNR|RNR-PC|RNR-PE|RNR-PF|RNR-PG
RNR-PG,RNR-PE RNR RNR-PF RNR-PC,RNR-PE RNR RNR-PF RNR-PC|RNR-PG,RNR|RNR-PC|RNR-PE|RNR-PF|RNR-PG
RNVA,CLRX TGAL,CLRX TGAL|RNVA,CLRX|RNVA|TGAL
RNW,RMGBU RMGB,RMGBU RMGB|RNW,RMGB|RMGBU|RNW
ROCAR,ROCAU DTI ROC,ROCAR|ROCAU DTI ROC,DTI|ROC|ROCAR|ROCAU
ROCAU,ROCAR DTI ROC,ROCAR DTI ROC|ROCAU,DTI|ROC|ROCAR|ROCAU
ROCCU,RSVR ROCC,ROCCU|RSVR ROCC,ROCC|ROCCU|RSVR
ROCGU,ROCGW ROCG TYGO TYGOW,ROCGU|ROCGW ROCG TYGO TYGOW,ROCG|ROCGU|ROCGW|TYGO|TYGOW
ROCLU,NUAI NEHC ROCL,NUAI NEHC ROCL|ROCLU,NEHC|NUAI|ROCL|ROCLU
ROCRU,ROCR QTEKW QTEKQ QTEWQ ROCRW QTEK,ROCR QTEKW QTEKQ QTEWQ ROCRW QTEK|ROCRU,QTEK|QTEKQ|QTEKW|QTEWQ|ROCR|ROCRU|ROCRW
ROIC,NAQ.U NAQ,NAQ.U NAQ|ROIC,NAQ|NAQ.U|ROIC
ROII,ZEST BNMV MGLT ROI EARK,ROII|ZEST BNMV MGLT ROI EARK,BNMV|EARK|MGLT|ROI|ROII|ZEST
ROILA,BOXXA REM REM1 BOXXB,BOXXA REM REM1 BOXXB|ROILA,BOXXA|BOXXB|REM|REM1|ROILA
ROIV,MAAC MAACU ROIVW MAACW,MAAC MAACU ROIVW MAACW|ROIV,MAAC|MAACU|MAACW|ROIV|ROIVW
ROIVW,MAAC MAACU ROIV MAACW,MAAC MAACU ROIV MAACW|ROIVW,MAAC|MAACU|MAACW|ROIV|ROIVW
RONI.U,RONI NPWR,RONI NPWR|RONI.U,NPWR|RONI|RONI.U
ROSE,ROSEW ROSEU,ROSE|ROSEW ROSEU,ROSE|ROSEU|ROSEW
ROSEQ,KLRE ROSE KLREU,KLRE ROSE KLREU|ROSEQ,KLRE|KLREU|ROSE|ROSEQ
ROSEU,ROSEW ROSE,ROSEU|ROSEW ROSE,ROSE|ROSEU|ROSEW
ROSEW,ROSE ROSEU,ROSE ROSEU|ROSEW,ROSE|ROSEU|ROSEW
ROSGQ,ROSG ROSGF,ROSG ROSGF|ROSGQ,ROSG|ROSGF|ROSGQ
ROSS,ROSS.WS ROSS.U,ROSS|ROSS.WS ROSS.U,ROSS|ROSS.U|ROSS.WS
ROSS.U,ROSS ROSS.WS,ROSS ROSS.WS|ROSS.U,ROSS|ROSS.U|ROSS.WS
ROSS.WS,ROSS ROSS.U,ROSS ROSS.U|ROSS.WS,ROSS|ROSS.U|ROSS.WS
ROT.U,ROT STRC PDYN,ROT STRC PDYN|ROT.U,PDYN|ROT|ROT.U|STRC
ROVR,NEBC ROVRW NEBCW NEBCU,NEBC ROVRW NEBCW NEBCU|ROVR,NEBC|NEBCU|NEBCW|ROVR|ROVRW
ROVRW,NEBC ROVR NEBCW NEBCU,NEBC ROVR NEBCW NEBCU|ROVRW,NEBC|NEBCU|NEBCW|ROVR|ROVRW
RPAY,TBRG TBRGU,RPAY|TBRG TBRGU,RPAY|TBRG|TBRGU
RPLA.U,FOA RPLA FOA.WS RPLA.WS,FOA RPLA FOA.WS RPLA.WS|RPLA.U,FOA|FOA.WS|RPLA|RPLA.U|RPLA.WS
RPRX1,RPRX ZONA,RPRX ZONA|RPRX1,RPRX|RPRX1|ZONA
RPT,AJXA AJX RPT-PC,AJXA AJX RPT-PC|RPT,AJX|AJXA|RPT|RPT-PC
RPT-PC,AJXA RPT AJX,AJXA RPT AJX|RPT-PC,AJX|AJXA|RPT|RPT-PC
RPT-PD,RPT RPT1,RPT RPT1|RPT-PD,RPT|RPT-PD|RPT1
RPT1,RPT-PD RPT,RPT-PD RPT|RPT1,RPT|RPT-PD|RPT1
RPTP,TPTX AXYX,RPTP|TPTX AXYX,AXYX|RPTP|TPTX
RRAC,RRAC.U RRAC.WS,RRAC|RRAC.U RRAC.WS,RRAC|RRAC.U|RRAC.WS
RRAC.U,RRAC RRAC.WS,RRAC RRAC.WS|RRAC.U,RRAC|RRAC.U|RRAC.WS
RRAC.WS,RRAC.U RRAC,RRAC.U RRAC|RRAC.WS,RRAC|RRAC.U|RRAC.WS
RSHCQ,RSH TAN RSHC,RSH TAN RSHC|RSHCQ,RSH|RSHC|RSHCQ|TAN
RSI,DMYT.WS DMYT RSI.WS DMYT.U,DMYT.WS DMYT RSI.WS DMYT.U|RSI,DMYT|DMYT.U|DMYT.WS|RSI|RSI.WS
RSI.WS,DMYT.WS RSI DMYT DMYT.U,DMYT.WS RSI DMYT DMYT.U|RSI.WS,DMYT|DMYT.U|DMYT.WS|RSI|RSI.WS
RSLS1,RSLS ESLS ETRM,RSLS ESLS ETRM|RSLS1,ESLS|ETRM|RSLS|RSLS1
RSO-PA,RSO-PB RSO XAN-PC ACR-PC XAN ACR-PD ACR,RSO-PA|RSO-PB RSO XAN-PC ACR-PC XAN ACR-PD ACR,ACR|ACR-PC|ACR-PD|RSO|RSO-PA|RSO-PB|XAN|XAN-PC
RSO-PB,RSO XAN-PC RSO-PA ACR-PC XAN ACR-PD ACR,RSO XAN-PC RSO-PA ACR-PC XAN ACR-PD ACR|RSO-PB,ACR|ACR-PC|ACR-PD|RSO|RSO-PA|RSO-PB|XAN|XAN-PC
RSPI,COR CORX,COR CORX|RSPI,COR|CORX|RSPI
RSVAU,ENVXW1 ENVX ENVXW RSVA RSVAW,ENVXW1 ENVX ENVXW RSVA RSVAW|RSVAU,ENVX|ENVXW|ENVXW1|RSVA|RSVAU|RSVAW
RSVR,ROCC ROCCU,ROCC ROCCU|RSVR,ROCC|ROCCU|RSVR
RTB,ASAE RVYL GBOX GRBX,ASAE RVYL GBOX GRBX|RTB,ASAE|GBOX|GRBX|RTB|RVYL
RTCJF,FFHL RTC,FFHL RTC|RTCJF,FFHL|RTC|RTCJF
RTKHQ,RTK RTKH,RTK RTKH|RTKHQ,RTK|RTKH|RTKHQ
RTL,AFIN RTLPO RTLPP AFINP AFINO,AFIN RTLPO RTLPP AFINP AFINO|RTL,AFIN|AFINO|AFINP|RTL|RTLPO|RTLPP
RTLPO,RTL AFIN RTLPP AFINP AFINO,RTL AFIN RTLPP AFINP AFINO|RTLPO,AFIN|AFINO|AFINP|RTL|RTLPO|RTLPP
RTLPP,RTL AFIN RTLPO AFINP AFINO,RTL AFIN RTLPO AFINP AFINO|RTLPP,AFIN|AFINO|AFINP|RTL|RTLPO|RTLPP
RTP.U,JOBY RTP,JOBY RTP|RTP.U,JOBY|RTP|RTP.U
RTPRQ,IPI IPIN RTPR SVI,IPI IPIN RTPR SVI|RTPRQ,IPI|IPIN|RTPR|RTPRQ|SVI
RTPYU,RTPY AUR,RTPY AUR|RTPYU,AUR|RTPY|RTPYU
RTPZ.U,HIPOW HIPO HIPO.WS RTPZ.WS RTPZ,HIPOW HIPO HIPO.WS RTPZ.WS RTPZ|RTPZ.U,HIPO|HIPO.WS|HIPOW|RTPZ|RTPZ.U|RTPZ.WS
RTWIQ,RTWI NWY RTW,RTWI NWY RTW|RTWIQ,NWY|RTW|RTWI|RTWIQ
RTX,UTX UTX-PA UTXCU,RTX|UTX UTX-PA UTXCU,RTX|UTX|UTX-PA|UTXCU
RUM,CFVIU CFVI,CFVIU CFVI|RUM,CFVI|CFVIU|RUM
RUM1,RUM THT,RUM THT|RUM1,RUM|RUM1|THT
RVACU,WEST RVACW WESTW RVAC,RVACU|WEST RVACW WESTW RVAC,RVAC|RVACU|RVACW|WEST|WESTW
RVHLQ,RVHL RIV,RVHL RIV|RVHLQ,RIV|RVHL|RVHLQ
RVI1,RVI VCD,RVI VCD|RVI1,RVI|RVI1|VCD
RVIC,RVI.W RVI,RVI.W RVI|RVIC,RVI|RVI.W|RVIC
RVLPQ,OSMT RVLP,OSMT RVLP|RVLPQ,OSMT|RVLP|RVLPQ
RVLT,SUPVA NEXS,RVLT|SUPVA NEXS,NEXS|RVLT|SUPVA
RVPH,RVPHW TZAC TZACW TZACU,RVPH|RVPHW TZAC TZACW TZACU,RVPH|RVPHW|TZAC|TZACU|TZACW
RVPHW,TZAC TZACW TZACU RVPH,RVPHW|TZAC TZACW TZACU RVPH,RVPH|RVPHW|TZAC|TZACU|TZACW
RXRA,RXRAU RXRAW,RXRA|RXRAU RXRAW,RXRA|RXRAU|RXRAW
RVTY,PKI EGG,PKI EGG|RVTY,EGG|PKI|RVTY
RWAY,RWAYL RWAYI RWAYZ,RWAY|RWAYL RWAYI RWAYZ,RWAY|RWAYI|RWAYL|RWAYZ
RWODR,KLTO RWODU RWOD GRML WENA,KLTO RWODU RWOD GRML WENA|RWODR,GRML|KLTO|RWOD|RWODR|RWODU|WENA
RWODU,KLTO RWODR RWOD GRML WENA,KLTO RWODR RWOD GRML WENA|RWODU,GRML|KLTO|RWOD|RWODR|RWODU|WENA
RWT,RWT-PA RWTRP RWTO RWTS RWTP RWTN RWTQ,RWT|RWT-PA RWTRP RWTO RWTS RWTP RWTN RWTQ,RWT|RWT-PA|RWTN|RWTO|RWTP|RWTQ|RWTRP|RWTS
RWT-PA,RWTRP RWTO RWTS RWTP RWT RWTN RWTQ,RWT-PA|RWTRP RWTO RWTS RWTP RWT RWTN RWTQ,RWT|RWT-PA|RWTN|RWTO|RWTP|RWTQ|RWTRP|RWTS
RXN-PA,RXN ZWS,RXN ZWS|RXN-PA,RXN|RXN-PA|ZWS
RXPC,ADL RPC,ADL RPC|RXPC,ADL|RPC|RXPC
RY,RY-PS RY-PT,RY|RY-PS RY-PT,RY|RY-PS|RY-PT
RY-PS,RY-PT RY,RY-PS|RY-PT RY,RY|RY-PS|RY-PT
RY-PT,RY-PS RY,RY-PS RY|RY-PT,RY|RY-PS|RY-PT
RYAM,RYAM-PA RYNRP,RYAM|RYAM-PA RYNRP,RYAM|RYAM-PA|RYNRP
RYAM-PA,RYAM RYNRP,RYAM RYNRP|RYAM-PA,RYAM|RYAM-PA|RYNRP
RYI1,RYI RT,RYI RT|RYI1,RT|RYI|RYI1
RZLV,AACIU AACIU1 AACI,AACIU AACIU1 AACI|RZLV,AACI|AACIU|AACIU1|RZLV
RZTIQ,RSTG RZTI RZ,RSTG RZTI RZ|RZTIQ,RSTG|RZ|RZTI|RZTIQ
S2,PCS FON S PCS1,PCS FON S PCS1|S2,FON|PCS|PCS1|S|S2
SAAS,BYRS UCNN,BYRS UCNN|SAAS,BYRS|SAAS|UCNN
SABS,BCYP BCYPU,BCYP BCYPU|SABS,BCYP|BCYPU|SABS
SACH,SCCF SCCC SCCD SCCE SACC SCCB SCCG SACH-PA,SACH|SCCF SCCC SCCD SCCE SACC SCCB SCCG SACH-PA,SACC|SACH|SACH-PA|SCCB|SCCC|SCCD|SCCE|SCCF|SCCG
SACH-PA,SCCF SCCC SCCD SCCE SACC SACH SCCB SCCG,SACH-PA|SCCF SCCC SCCD SCCE SACC SACH SCCB SCCG,SACC|SACH|SACH-PA|SCCB|SCCC|SCCD|SCCE|SCCF|SCCG
SAEXQ,TMRG SAEX TRIO TMRGU,SAEXQ|TMRG SAEX TRIO TMRGU,SAEX|SAEXQ|TMRG|TMRGU|TRIO
SAF2,SAF SAFC,SAF SAFC|SAF2,SAF|SAF2|SAFC
SAFE,SFI STAR-PF APT STAR-PE STAR-PI STAR STAR-PG STAR-PD,SAFE|SFI STAR-PF APT STAR-PE STAR-PI STAR STAR-PG STAR-PD,APT|SAFE|SFI|STAR|STAR-PD|STAR-PE|STAR-PF|STAR-PG|STAR-PI
SAFX,BHAC BHACW BHACU,BHAC BHACW BHACU|SAFX,BHAC|BHACU|BHACW|SAFX
SAGA,SAGAU SAGAR,SAGA|SAGAU SAGAR,SAGA|SAGAR|SAGAU
SAGAR,SAGA SAGAU,SAGA SAGAU|SAGAR,SAGA|SAGAR|SAGAU
SAGAU,SAGA SAGAR,SAGA SAGAR|SAGAU,SAGA|SAGAR|SAGAU
SAI2,SAI IDL,SAI IDL|SAI2,IDL|SAI|SAI2
SAIH,SAI TUGCU TUGC,SAI TUGCU TUGC|SAIH,SAI|SAIH|TUGC|TUGCU
SAIIU,OTMOW SAII SAIIW OTMO,OTMOW SAII SAIIW OTMO|SAIIU,OTMO|OTMOW|SAII|SAIIU|SAIIW
SAMA,SAMAW SAMAU,SAMA|SAMAW SAMAU,SAMA|SAMAU|SAMAW
SAMAU,SAMA SAMAW,SAMA SAMAW|SAMAU,SAMA|SAMAU|SAMAW
SAMAW,SAMA SAMAU,SAMA SAMAU|SAMAW,SAMA|SAMAU|SAMAW
SAMB,SBK PNB,SAMB|SBK PNB,PNB|SAMB|SBK
SAN,SAN-PC SAN-PI SAN-PB STD SAN-PA,SAN|SAN-PC SAN-PI SAN-PB STD SAN-PA,SAN|SAN-PA|SAN-PB|SAN-PC|SAN-PI|STD
SAN-PA,SAN-PC SAN-PI SAN-PB STD SAN,SAN-PA|SAN-PC SAN-PI SAN-PB STD SAN,SAN|SAN-PA|SAN-PB|SAN-PC|SAN-PI|STD
SAN-PB,SAN-PC SAN-PI STD SAN-PA SAN,SAN-PB|SAN-PC SAN-PI STD SAN-PA SAN,SAN|SAN-PA|SAN-PB|SAN-PC|SAN-PI|STD
SAN-PC,SAN-PI SAN-PB STD SAN-PA SAN,SAN-PC|SAN-PI SAN-PB STD SAN-PA SAN,SAN|SAN-PA|SAN-PB|SAN-PC|SAN-PI|STD
SAN-PI,SAN-PC SAN-PB STD SAN-PA SAN,SAN-PC SAN-PB STD SAN-PA SAN|SAN-PI,SAN|SAN-PA|SAN-PB|SAN-PC|SAN-PI|STD
SANB,SANBU SANBW,SANB|SANBU SANBW,SANB|SANBU|SANBW
SANBU,SANBW SANB,SANBU|SANBW SANB,SANB|SANBU|SANBW
SANBW,SANBU SANB,SANBU SANB|SANBW,SANB|SANBU|SANBW
SAR,SAB SAQ SAT SAF SAV GNV SAY SAJ SAK SAZ,SAB SAQ SAT SAF SAV GNV SAY SAJ SAK SAZ|SAR,GNV|SAB|SAF|SAJ|SAK|SAQ|SAR|SAT|SAV|SAY|SAZ
SARAQ,SROEQ SARA SROE,SARAQ|SROEQ SARA SROE,SARA|SARAQ|SROE|SROEQ
SATL,CFV CFFVU,CFV CFFVU|SATL,CFFVU|CFV|SATL
SATX,SATX.WSA EDNC EDNCU EDNCW,SATX|SATX.WSA EDNC EDNCU EDNCW,EDNC|EDNCU|EDNCW|SATX|SATX.WSA
SATX.WSA,EDNC EDNCU EDNCW SATX,EDNC EDNCU EDNCW SATX|SATX.WSA,EDNC|EDNCU|EDNCW|SATX|SATX.WSA
SAUC,DFRH BAGR,DFRH BAGR|SAUC,BAGR|DFRH|SAUC
SAUC1,SAUC AJX,SAUC AJX|SAUC1,AJX|SAUC|SAUC1
SAVAW,FLNA PTIE SAVA,FLNA PTIE SAVA|SAVAW,FLNA|PTIE|SAVA|SAVAW
SAX1,SAXN SAX,SAX1|SAXN SAX,SAX|SAX1|SAXN
SAYPY,SAY SAYCY,SAY SAYCY|SAYPY,SAY|SAYCY|SAYPY
SB,SB-PD SB-PC SB-PB,SB|SB-PD SB-PC SB-PB,SB|SB-PB|SB-PC|SB-PD
SB-PB,SB-PD SB-PC SB,SB-PB|SB-PD SB-PC SB,SB|SB-PB|SB-PC|SB-PD
SB-PC,SB-PD SB SB-PB,SB-PC|SB-PD SB SB-PB,SB|SB-PB|SB-PC|SB-PD
SB-PD,SB-PC SB SB-PB,SB-PC SB SB-PB|SB-PD,SB|SB-PB|SB-PC|SB-PD
SBAY,MYST TCOM,MYST TCOM|SBAY,MYST|SBAY|TCOM
SBC,PTWO PTWOU,PTWO PTWOU|SBC,PTWO|PTWOU|SBC
SBDS,DTC DTCB,DTC DTCB|SBDS,DTC|DTCB|SBDS
SBE.U,SBE.WS CHPT.WS SBE CHPT,SBE.U|SBE.WS CHPT.WS SBE CHPT,CHPT|CHPT.WS|SBE|SBE.U|SBE.WS
SBEAU,BRCC.WS SBEA SBEAW BRCC,BRCC.WS SBEA SBEAW BRCC|SBEAU,BRCC|BRCC.WS|SBEA|SBEAU|SBEAW
SBEV,SBEV.WS CNMF,SBEV|SBEV.WS CNMF,CNMF|SBEV|SBEV.WS
SBEV.WS,SBEV CNMF,SBEV CNMF|SBEV.WS,CNMF|SBEV|SBEV.WS
SBFG,SBFGP RBNF,SBFG|SBFGP RBNF,RBNF|SBFG|SBFGP
SBFGP,SBFG RBNF,SBFG RBNF|SBFGP,RBNF|SBFG|SBFGP
SBG.U,OWLTW OWLT.WS SBG.WS SBG OWLT,OWLTW OWLT.WS SBG.WS SBG OWLT|SBG.U,OWLT|OWLT.WS|OWLTW|SBG|SBG.U|SBG.WS
SBIG,SBIGW TCAC TCACW TCACU,SBIG|SBIGW TCAC TCACW TCACU,SBIG|SBIGW|TCAC|TCACU|TCACW
SBIGW,TCAC SBIG TCACW TCACU,SBIGW|TCAC SBIG TCACW TCACU,SBIG|SBIGW|TCAC|TCACU|TCACW
SBII,SBII.U SBIIW SBII.WS,SBII|SBII.U SBIIW SBII.WS,SBII|SBII.U|SBII.WS|SBIIW
SBLK,SBLKZ SBLKL,SBLK|SBLKZ SBLKL,SBLK|SBLKL|SBLKZ
SBLUQ,SIII SBLU,SBLUQ|SIII SBLU,SBLU|SBLUQ|SIII
SBNY,SBNYL SBNYP,SBNY|SBNYL SBNYP,SBNY|SBNYL|SBNYP
SBNYL,SBNY SBNYP,SBNY SBNYP|SBNYL,SBNY|SBNYL|SBNYP
SBRA,SBRAP SUNH SUHG,SBRA|SBRAP SUNH SUHG,SBRA|SBRAP|SUHG|SUNH
SBRAP,SBRA SUNH SUHG,SBRA SUNH SUHG|SBRAP,SBRA|SBRAP|SUHG|SUNH
SBXC,SBXC.U SBXC.WS,SBXC|SBXC.U SBXC.WS,SBXC|SBXC.U|SBXC.WS
SBXC.U,SBXC SBXC.WS,SBXC SBXC.WS|SBXC.U,SBXC|SBXC.U|SBXC.WS
SBXC.WS,SBXC.U SBXC,SBXC.U SBXC|SBXC.WS,SBXC|SBXC.U|SBXC.WS
SCAG,FNVTU FNVTF FNVT FNVUF,FNVTU FNVTF FNVT FNVUF|SCAG,FNVT|FNVTF|FNVTU|FNVUF|SCAG
SCAQ,SCAQW SCAQU,SCAQ|SCAQW SCAQU,SCAQ|SCAQU|SCAQW
SCAQU,SCAQ SCAQW,SCAQ SCAQW|SCAQU,SCAQ|SCAQU|SCAQW
SCAQW,SCAQ SCAQU,SCAQ SCAQU|SCAQW,SCAQ|SCAQU|SCAQW
SCE-PB,SCE-PC SCE-PE SCE-PG SCE-PD SCE-PJ SCE-PF SCE-PL SCE-PH SCE-PN SCE-PK,SCE-PB|SCE-PC SCE-PE SCE-PG SCE-PD SCE-PJ SCE-PF SCE-PL SCE-PH SCE-PN SCE-PK,SCE-PB|SCE-PC|SCE-PD|SCE-PE|SCE-PF|SCE-PG|SCE-PH|SCE-PJ|SCE-PK|SCE-PL|SCE-PN
SCE-PC,SCE-PB SCE-PE SCE-PG SCE-PD SCE-PJ SCE-PF SCE-PL SCE-PH SCE-PN SCE-PK,SCE-PB SCE-PE SCE-PG SCE-PD SCE-PJ SCE-PF SCE-PL SCE-PH SCE-PN SCE-PK|SCE-PC,SCE-PB|SCE-PC|SCE-PD|SCE-PE|SCE-PF|SCE-PG|SCE-PH|SCE-PJ|SCE-PK|SCE-PL|SCE-PN
SCE-PD,SCE-PB SCE-PC SCE-PE SCE-PG SCE-PJ SCE-PF SCE-PL SCE-PH SCE-PN SCE-PK,SCE-PB SCE-PC SCE-PE SCE-PG SCE-PJ SCE-PF SCE-PL SCE-PH SCE-PN SCE-PK|SCE-PD,SCE-PB|SCE-PC|SCE-PD|SCE-PE|SCE-PF|SCE-PG|SCE-PH|SCE-PJ|SCE-PK|SCE-PL|SCE-PN
SCE-PE,SCE-PB SCE-PC SCE-PG SCE-PD SCE-PJ SCE-PF SCE-PL SCE-PH SCE-PN SCE-PK,SCE-PB SCE-PC SCE-PG SCE-PD SCE-PJ SCE-PF SCE-PL SCE-PH SCE-PN SCE-PK|SCE-PE,SCE-PB|SCE-PC|SCE-PD|SCE-PE|SCE-PF|SCE-PG|SCE-PH|SCE-PJ|SCE-PK|SCE-PL|SCE-PN
SCE-PF,SCE-PB SCE-PC SCE-PE SCE-PG SCE-PD SCE-PJ SCE-PL SCE-PH SCE-PN SCE-PK,SCE-PB SCE-PC SCE-PE SCE-PG SCE-PD SCE-PJ SCE-PL SCE-PH SCE-PN SCE-PK|SCE-PF,SCE-PB|SCE-PC|SCE-PD|SCE-PE|SCE-PF|SCE-PG|SCE-PH|SCE-PJ|SCE-PK|SCE-PL|SCE-PN
SCE-PG,SCE-PB SCE-PC SCE-PE SCE-PD SCE-PJ SCE-PF SCE-PL SCE-PH SCE-PN SCE-PK,SCE-PB SCE-PC SCE-PE SCE-PD SCE-PJ SCE-PF SCE-PL SCE-PH SCE-PN SCE-PK|SCE-PG,SCE-PB|SCE-PC|SCE-PD|SCE-PE|SCE-PF|SCE-PG|SCE-PH|SCE-PJ|SCE-PK|SCE-PL|SCE-PN
SCE-PH,SCE-PB SCE-PC SCE-PE SCE-PG SCE-PD SCE-PJ SCE-PF SCE-PL SCE-PN SCE-PK,SCE-PB SCE-PC SCE-PE SCE-PG SCE-PD SCE-PJ SCE-PF SCE-PL SCE-PN SCE-PK|SCE-PH,SCE-PB|SCE-PC|SCE-PD|SCE-PE|SCE-PF|SCE-PG|SCE-PH|SCE-PJ|SCE-PK|SCE-PL|SCE-PN
SCE-PJ,SCE-PB SCE-PC SCE-PE SCE-PG SCE-PD SCE-PF SCE-PL SCE-PH SCE-PN SCE-PK,SCE-PB SCE-PC SCE-PE SCE-PG SCE-PD SCE-PF SCE-PL SCE-PH SCE-PN SCE-PK|SCE-PJ,SCE-PB|SCE-PC|SCE-PD|SCE-PE|SCE-PF|SCE-PG|SCE-PH|SCE-PJ|SCE-PK|SCE-PL|SCE-PN
SCE-PK,SCE-PB SCE-PC SCE-PE SCE-PG SCE-PD SCE-PJ SCE-PF SCE-PL SCE-PH SCE-PN,SCE-PB SCE-PC SCE-PE SCE-PG SCE-PD SCE-PJ SCE-PF SCE-PL SCE-PH SCE-PN|SCE-PK,SCE-PB|SCE-PC|SCE-PD|SCE-PE|SCE-PF|SCE-PG|SCE-PH|SCE-PJ|SCE-PK|SCE-PL|SCE-PN
SCE-PL,SCE-PB SCE-PC SCE-PE SCE-PG SCE-PD SCE-PJ SCE-PF SCE-PH SCE-PN SCE-PK,SCE-PB SCE-PC SCE-PE SCE-PG SCE-PD SCE-PJ SCE-PF SCE-PH SCE-PN SCE-PK|SCE-PL,SCE-PB|SCE-PC|SCE-PD|SCE-PE|SCE-PF|SCE-PG|SCE-PH|SCE-PJ|SCE-PK|SCE-PL|SCE-PN
SCE-PN,SCE-PB SCE-PC SCE-PE SCE-PG SCE-PD SCE-PJ SCE-PF SCE-PL SCE-PH SCE-PK,SCE-PB SCE-PC SCE-PE SCE-PG SCE-PD SCE-PJ SCE-PF SCE-PL SCE-PH SCE-PK|SCE-PN,SCE-PB|SCE-PC|SCE-PD|SCE-PE|SCE-PF|SCE-PG|SCE-PH|SCE-PJ|SCE-PK|SCE-PL|SCE-PN
SCEIQ,SCLX SCEI,SCEIQ|SCLX SCEI,SCEI|SCEIQ|SCLX
SCHW,SCHW-PB SCHW-PD SCHW-PC SCHW-PJ SCH,SCHW|SCHW-PB SCHW-PD SCHW-PC SCHW-PJ SCH,SCH|SCHW|SCHW-PB|SCHW-PC|SCHW-PD|SCHW-PJ
SCHW-PB,SCHW-PD SCHW SCHW-PC SCHW-PJ SCH,SCHW-PB|SCHW-PD SCHW SCHW-PC SCHW-PJ SCH,SCH|SCHW|SCHW-PB|SCHW-PC|SCHW-PD|SCHW-PJ
SCHW-PC,SCHW-PB SCHW-PD SCHW SCHW-PJ SCH,SCHW-PB SCHW-PD SCHW SCHW-PJ SCH|SCHW-PC,SCH|SCHW|SCHW-PB|SCHW-PC|SCHW-PD|SCHW-PJ
SCHW-PD,SCHW-PB SCHW SCHW-PC SCHW-PJ SCH,SCHW-PB SCHW SCHW-PC SCHW-PJ SCH|SCHW-PD,SCH|SCHW|SCHW-PB|SCHW-PC|SCHW-PD|SCHW-PJ
SCHW-PJ,SCHW-PB SCHW-PD SCHW SCHW-PC SCH,SCHW-PB SCHW-PD SCHW SCHW-PC SCH|SCHW-PJ,SCH|SCHW|SCHW-PB|SCHW-PC|SCHW-PD|SCHW-PJ
SCLE,SCLEU SCLEW,SCLE|SCLEU SCLEW,SCLE|SCLEU|SCLEW
SCLEU,SCLEW SCLE,SCLEU|SCLEW SCLE,SCLE|SCLEU|SCLEW
SCLEW,SCLEU SCLE,SCLEU SCLE|SCLEW,SCLE|SCLEU|SCLEW
SCLR,NUTX DDD,NUTX DDD|SCLR,DDD|NUTX|SCLR
SCLX,VCKAU VCKA,SCLX|VCKAU VCKA,SCLX|VCKA|VCKAU
SCM,SCA2 SCA SCQ,SCA2 SCA SCQ|SCM,SCA|SCA2|SCM|SCQ
SCMA,SCMAW SCMAU,SCMA|SCMAW SCMAU,SCMA|SCMAU|SCMAW
SCMAU,SCMA SCMAW,SCMA SCMAW|SCMAU,SCMA|SCMAU|SCMAW
SCMAW,SCMA SCMAU,SCMA SCMAU|SCMAW,SCMA|SCMAU|SCMAW
SCNYA,SCNYB HYDEA HYDEB,SCNYA|SCNYB HYDEA HYDEB,HYDEA|HYDEB|SCNYA|SCNYB
SCNYB,HYDEA SCNYA HYDEB,HYDEA SCNYA HYDEB|SCNYB,HYDEA|HYDEB|SCNYA|SCNYB
SCOA,SCOAW SCOAU,SCOA|SCOAW SCOAU,SCOA|SCOAU|SCOAW
SCOAU,SCOAW SCOA,SCOAU|SCOAW SCOA,SCOA|SCOAU|SCOAW
SCOAW,SCOAU SCOA,SCOAU SCOA|SCOAW,SCOA|SCOAU|SCOAW
SCOB,SCOBU SCOBW,SCOB|SCOBU SCOBW,SCOB|SCOBU|SCOBW
SCOBU,SCOB SCOBW,SCOB SCOBW|SCOBU,SCOB|SCOBU|SCOBW
SCOBW,SCOBU SCOB,SCOBU SCOB|SCOBW,SCOB|SCOBU|SCOBW
SCOXQ,SCOX CALD,SCOX CALD|SCOXQ,CALD|SCOX|SCOXQ
SCPE.U,RKLWQ SCPE.WS SCPE RKLY RKLYQ RKLY.WS,RKLWQ SCPE.WS SCPE RKLY RKLYQ RKLY.WS|SCPE.U,RKLWQ|RKLY|RKLY.WS|RKLYQ|SCPE|SCPE.U|SCPE.WS
SCPX,HTBX NHWK,HTBX NHWK|SCPX,HTBX|NHWK|SCPX
SCRMU,LION2 LION SCRMW SCRM,LION2 LION SCRMW SCRM|SCRMU,LION|LION2|SCRM|SCRMU|SCRMW
SCRMW,LION2 SCRMU LION SCRM,LION2 SCRMU LION SCRM|SCRMW,LION|LION2|SCRM|SCRMU|SCRMW
SCTT,FIGIA FIGI SCTTB,FIGIA FIGI SCTTB|SCTT,FIGI|FIGIA|SCTT|SCTTB
SCTTB,SCTT FIGIA FIGI,SCTT FIGIA FIGI|SCTTB,FIGI|FIGIA|SCTT|SCTTB
SCUA,SCUA.WS SCUA.U,SCUA|SCUA.WS SCUA.U,SCUA|SCUA.U|SCUA.WS
SCUA.U,SCUA.WS SCUA,SCUA.U|SCUA.WS SCUA,SCUA|SCUA.U|SCUA.WS
SCUA.WS,SCUA.U SCUA,SCUA.U SCUA|SCUA.WS,SCUA|SCUA.U|SCUA.WS
SCUEF,SCU SMEFF,SCU SMEFF|SCUEF,SCU|SCUEF|SMEFF
SCVX,SCVX.WS SCVX.U,SCVX|SCVX.WS SCVX.U,SCVX|SCVX.U|SCVX.WS
SCVX.U,SCVX.WS SCVX,SCVX.U|SCVX.WS SCVX,SCVX|SCVX.U|SCVX.WS
SCVX.WS,SCVX.U SCVX,SCVX.U SCVX|SCVX.WS,SCVX|SCVX.U|SCVX.WS
SCWO,VYRX VYXC PWVI,SCWO|VYRX VYXC PWVI,PWVI|SCWO|VYRX|VYXC
SDA,GBRGU GBRGR GBRG,GBRGU GBRGR GBRG|SDA,GBRG|GBRGR|GBRGU|SDA
SDAC,SDACW SDACU,SDAC|SDACW SDACU,SDAC|SDACU|SDACW
SDACU,SDACW SDAC,SDACU|SDACW SDAC,SDAC|SDACU|SDACW
SDACW,SDAC SDACU,SDAC SDACU|SDACW,SDAC|SDACU|SDACW
SDH1,MAR SDH,MAR SDH|SDH1,MAR|SDH|SDH1
SDI,SDOPA SDOIA,SDI|SDOPA SDOIA,SDI|SDOIA|SDOPA
SDLPQ,SDLP SDLPF,SDLP SDLPF|SDLPQ,SDLP|SDLPF|SDLPQ
SDOCQ,SD SDOC,SD SDOC|SDOCQ,SD|SDOC|SDOCQ
SDON,NMNN NMN,NMNN NMN|SDON,NMN|NMNN|SDON
SDRL1,SDRLF SDRL,SDRL1|SDRLF SDRL,SDRL|SDRL1|SDRLF
SDST,GPACU GPAC GPACU1,GPACU GPAC GPACU1|SDST,GPAC|GPACU|GPACU1|SDST
SDTHQ,SDTH SGAT,SDTH SGAT|SDTHQ,SDTH|SDTHQ|SGAT
SEA1,SEA.U SEA,SEA.U SEA|SEA1,SEA|SEA.U|SEA1
SEAH.U,SEAH.WS SGHC SEAH SGHC.WS,SEAH.U|SEAH.WS SGHC SEAH SGHC.WS,SEAH|SEAH.U|SEAH.WS|SGHC|SGHC.WS
SEAL-PA,TGP-PA SEAL-PB TGP TGP-PB,SEAL-PA|TGP-PA SEAL-PB TGP TGP-PB,SEAL-PA|SEAL-PB|TGP|TGP-PA|TGP-PB
SEAL-PB,TGP-PA TGP TGP-PB SEAL-PA,SEAL-PB|TGP-PA TGP TGP-PB SEAL-PA,SEAL-PA|SEAL-PB|TGP|TGP-PA|TGP-PB
SEAT,HZAC HZAC.U,HZAC HZAC.U|SEAT,HZAC|HZAC.U|SEAT
SEDA,SEDA.U SEDA.WS,SEDA|SEDA.U SEDA.WS,SEDA|SEDA.U|SEDA.WS
SEDA.U,SEDA.WS SEDA,SEDA.U|SEDA.WS SEDA,SEDA|SEDA.U|SEDA.WS
SEDA.WS,SEDA.U SEDA,SEDA.U SEDA|SEDA.WS,SEDA|SEDA.U|SEDA.WS
SEDN,SED SECX,SED SECX|SEDN,SECX|SED|SEDN
SEELQ,APRI SEEL NEXM,APRI SEEL NEXM|SEELQ,APRI|NEXM|SEEL|SEELQ
SEG,SEG.W SEG.R,SEG|SEG.W SEG.R,SEG|SEG.R|SEG.W
SEG.R,SEG.W SEG,SEG.R|SEG.W SEG,SEG|SEG.R|SEG.W
SEGG,TDACU LTRY TDACU1 TDAC,SEGG|TDACU LTRY TDACU1 TDAC,LTRY|SEGG|TDAC|TDACU|TDACU1
SEII,CHWY CWS MLEX CLNT CWSI,CHWY CWS MLEX CLNT CWSI|SEII,CHWY|CLNT|CWS|CWSI|MLEX|SEII
SELA,SEIEQ SEI,SEIEQ SEI|SELA,SEI|SEIEQ|SELA
SELF,GIFD GIF,GIFD GIF|SELF,GIF|GIFD|SELF
SELXF,CHEA SELX CHEAW CHEAU,CHEA SELX CHEAW CHEAU|SELXF,CHEA|CHEAU|CHEAW|SELX|SELXF
SEM2,SEM SLMC,SEM SLMC|SEM2,SEM|SEM2|SLMC
SEMG1,SEMG SEMX,SEMG SEMX|SEMG1,SEMG|SEMG1|SEMX
SEPA,SEPAW MEAC SEPAU MEACW MEACU,SEPA|SEPAW MEAC SEPAU MEACW MEACU,MEAC|MEACU|MEACW|SEPA|SEPAU|SEPAW
SEPAU,SEPAW SEPA MEAC MEACW MEACU,SEPAU|SEPAW SEPA MEAC MEACW MEACU,MEAC|MEACU|MEACW|SEPA|SEPAU|SEPAW
SEPAW,SEPA MEAC SEPAU MEACW MEACU,SEPA MEAC SEPAU MEACW MEACU|SEPAW,MEAC|MEACU|MEACW|SEPA|SEPAU|SEPAW
SERV1,SERV ABRI,SERV ABRI|SERV1,ABRI|SERV|SERV1
SES,IVAN.U IVAN,IVAN.U IVAN|SES,IVAN|IVAN.U|SES
SEV1,TO SEV,SEV1|TO SEV,SEV|SEV1|TO
SF,SFN SF-PC SF-PA SF-PB SF-PD SFB,SF|SFN SF-PC SF-PA SF-PB SF-PD SFB,SF|SF-PA|SF-PB|SF-PC|SF-PD|SFB|SFN
SF-PA,SFN SF SF-PC SF-PB SF-PD SFB,SF-PA|SFN SF SF-PC SF-PB SF-PD SFB,SF|SF-PA|SF-PB|SF-PC|SF-PD|SFB|SFN
SF-PB,SFN SF SF-PC SF-PA SF-PD SFB,SF-PB|SFN SF SF-PC SF-PA SF-PD SFB,SF|SF-PA|SF-PB|SF-PC|SF-PD|SFB|SFN
SF-PC,SF-PD SF SF-PA SF-PB SFN SFB,SF-PC|SF-PD SF SF-PA SF-PB SFN SFB,SF|SF-PA|SF-PB|SF-PC|SF-PD|SFB|SFN
SF-PD,SF SF-PC SF-PA SF-PB SFN SFB,SF SF-PC SF-PA SF-PB SFN SFB|SF-PD,SF|SF-PA|SF-PB|SF-PC|SF-PD|SFB|SFN
SFEG,SFEGQ AZMN,SFEG|SFEGQ AZMN,AZMN|SFEG|SFEGQ
SFN1,IS SFN,IS SFN|SFN1,IS|SFN|SFN1
SFPI1,SFP SFPI,SFP SFPI|SFPI1,SFP|SFPI|SFPI1
SFR1,SFR SWAY,SFR SWAY|SFR1,SFR|SFR1|SWAY
SFRT,PTIC SFR SFRTW PTICW SFRWW PTICU,PTIC SFR SFRTW PTICW SFRWW PTICU|SFRT,PTIC|PTICU|PTICW|SFR|SFRT|SFRTW|SFRWW
SFRTW,PTIC SFR PTICW SFRT SFRWW PTICU,PTIC SFR PTICW SFRT SFRWW PTICU|SFRTW,PTIC|PTICU|PTICW|SFR|SFRT|SFRTW|SFRWW
SFTGQ,INSU INSUU SFTTW INSUW SFT,INSU INSUU SFTTW INSUW SFT|SFTGQ,INSU|INSUU|INSUW|SFT|SFTGQ|SFTTW
SFTTW,INSU INSUU SFTGQ INSUW SFT,INSU INSUU SFTGQ INSUW SFT|SFTTW,INSU|INSUU|INSUW|SFT|SFTGQ|SFTTW
SFTW.U,SFTW BKSY,SFTW BKSY|SFTW.U,BKSY|SFTW|SFTW.U
SFYWQ,SFYW SFY,SFYW SFY|SFYWQ,SFY|SFYW|SFYWQ
SGAMU,SGAM RDBXW SGAMW RDBX,SGAM RDBXW SGAMW RDBX|SGAMU,RDBX|RDBXW|SGAM|SGAMU|SGAMW
SGBXQ,SGBX PCFR CDSI,SGBX PCFR CDSI|SGBXQ,CDSI|PCFR|SGBX|SGBXQ
SGH1,SGU SGH,SGH1|SGU SGH,SGH|SGH1|SGU
SGHC,SEAH.WS SEAH.U SEAH SGHC.WS,SEAH.WS SEAH.U SEAH SGHC.WS|SGHC,SEAH|SEAH.U|SEAH.WS|SGHC|SGHC.WS
SGHC.WS,SEAH.WS SEAH.U SGHC SEAH,SEAH.WS SEAH.U SGHC SEAH|SGHC.WS,SEAH|SEAH.U|SEAH.WS|SGHC|SGHC.WS
SGHL,SGHLW SGHLU,SGHL|SGHLW SGHLU,SGHL|SGHLU|SGHLW
SGHLU,SGHLW SGHL,SGHLU|SGHLW SGHL,SGHL|SGHLU|SGHLW
SGHLW,SGHLU SGHL,SGHLU SGHL|SGHLW,SGHL|SGHLU|SGHLW
SGI1,RACK SGI,RACK SGI|SGI1,RACK|SGI|SGI1
SGII,SGIIW SGIIU,SGII|SGIIW SGIIU,SGII|SGIIU|SGIIW
SGIIU,SGII SGIIW,SGII SGIIW|SGIIU,SGII|SGIIU|SGIIW
SGIIW,SGII SGIIU,SGII SGIIU|SGIIW,SGII|SGIIU|SGIIW
SGRZ,NETV STG,NETV STG|SGRZ,NETV|SGRZ|STG
SGS,OOO OOO.U,OOO OOO.U|SGS,OOO|OOO.U|SGS
SGT1,SGT BIN,SGT BIN|SGT1,BIN|SGT|SGT1
SGU,SGH1 SGH,SGH1 SGH|SGU,SGH|SGH1|SGU
SHAC,SHACU SHACW,SHAC|SHACU SHACW,SHAC|SHACU|SHACW
SHACU,SHAC SHACW,SHAC SHACW|SHACU,SHAC|SHACU|SHACW
SHACW,SHACU SHAC,SHACU SHAC|SHACW,SHAC|SHACU|SHACW
SHAP,SHAP.WS SHAP.U,SHAP|SHAP.WS SHAP.U,SHAP|SHAP.U|SHAP.WS
SHAP.U,SHAP.WS SHAP,SHAP.U|SHAP.WS SHAP,SHAP|SHAP.U|SHAP.WS
SHAP.WS,SHAP SHAP.U,SHAP SHAP.U|SHAP.WS,SHAP|SHAP.U|SHAP.WS
SHCA,SHCAU SHCAW,SHCA|SHCAU SHCAW,SHCA|SHCAU|SHCAW
SHCAU,SHCAW SHCA,SHCAU|SHCAW SHCA,SHCA|SHCAU|SHCAW
SHCAW,SHCAU SHCA,SHCAU SHCA|SHCAW,SHCA|SHCAU|SHCAW
SHCR,SHCRW FCACW FCACU FCAC,SHCR|SHCRW FCACW FCACU FCAC,FCAC|FCACU|FCACW|SHCR|SHCRW
SHCRW,SHCR FCACW FCACU FCAC,SHCR FCACW FCACU FCAC|SHCRW,FCAC|FCACU|FCACW|SHCR|SHCRW
SHDBQ,SHD SHDB,SHD SHDB|SHDBQ,SHD|SHDB|SHDBQ
SHEL,RDS.B RDS.A,RDS.B RDS.A|SHEL,RDS.A|RDS.B|SHEL
SHFS,NLITU NLIT,NLITU NLIT|SHFS,NLIT|NLITU|SHFS
SHIP,SHIPZ SRGU SHIPW SRG,SHIP|SHIPZ SRGU SHIPW SRG,SHIP|SHIPW|SHIPZ|SRG|SRGU
SHIPW,SHIP SHIPZ SRGU SRG,SHIP SHIPZ SRGU SRG|SHIPW,SHIP|SHIPW|SHIPZ|SRG|SRGU
SHIPZ,SHIP SRGU SHIPW SRG,SHIP SRGU SHIPW SRG|SHIPZ,SHIP|SHIPW|SHIPZ|SRG|SRGU
SHLDQ,KMRT SHLD,KMRT SHLD|SHLDQ,KMRT|SHLD|SHLDQ
SHMD,PGSS.U PGSS,PGSS.U PGSS|SHMD,PGSS|PGSS.U|SHMD
SHO,SHO-PE SHO-PF SHO-PD SHO-PH SHO-PI,SHO|SHO-PE SHO-PF SHO-PD SHO-PH SHO-PI,SHO|SHO-PD|SHO-PE|SHO-PF|SHO-PH|SHO-PI
SHO-PD,SHO-PE SHO SHO-PF SHO-PH SHO-PI,SHO-PD|SHO-PE SHO SHO-PF SHO-PH SHO-PI,SHO|SHO-PD|SHO-PE|SHO-PF|SHO-PH|SHO-PI
SHO-PE,SHO SHO-PF SHO-PD SHO-PH SHO-PI,SHO SHO-PF SHO-PD SHO-PH SHO-PI|SHO-PE,SHO|SHO-PD|SHO-PE|SHO-PF|SHO-PH|SHO-PI
SHO-PF,SHO-PE SHO SHO-PD SHO-PH SHO-PI,SHO-PE SHO SHO-PD SHO-PH SHO-PI|SHO-PF,SHO|SHO-PD|SHO-PE|SHO-PF|SHO-PH|SHO-PI
SHO-PH,SHO-PE SHO SHO-PF SHO-PD SHO-PI,SHO-PE SHO SHO-PF SHO-PD SHO-PI|SHO-PH,SHO|SHO-PD|SHO-PE|SHO-PF|SHO-PH|SHO-PI
SHQA,SHQAW SHQAU,SHQA|SHQAW SHQAU,SHQA|SHQAU|SHQAW
SHO-PI,SHO-PE SHO SHO-PF SHO-PD SHO-PH,SHO-PE SHO SHO-PF SHO-PD SHO-PH|SHO-PI,SHO|SHO-PD|SHO-PE|SHO-PF|SHO-PH|SHO-PI
SHPSQ,GLEO.WS SHPWQ GLEO SHPWW GLEO.U SHPW_WS SHPW,GLEO.WS SHPWQ GLEO SHPWW GLEO.U SHPW_WS SHPW|SHPSQ,GLEO|GLEO.U|GLEO.WS|SHPSQ|SHPW|SHPWQ|SHPWW|SHPW_WS
SHPWQ,GLEO.WS GLEO SHPWW GLEO.U SHPSQ SHPW_WS SHPW,GLEO.WS GLEO SHPWW GLEO.U SHPSQ SHPW_WS SHPW|SHPWQ,GLEO|GLEO.U|GLEO.WS|SHPSQ|SHPW|SHPWQ|SHPWW|SHPW_WS
SHQAU,SHQA SHQAW,SHQA SHQAW|SHQAU,SHQA|SHQAU|SHQAW
SHSO,IVOW VMTI,IVOW VMTI|SHSO,IVOW|SHSO|VMTI
SHUA,SHUAU SHUAW,SHUA|SHUAU SHUAW,SHUA|SHUAU|SHUAW
SHUAU,SHUAW SHUA,SHUAU|SHUAW SHUA,SHUA|SHUAU|SHUAW
SHUAW,SHUAU SHUA,SHUAU SHUA|SHUAW,SHUA|SHUAU|SHUAW
SICPL,SI-PA SICP SI SICPQ,SI-PA SICP SI SICPQ|SICPL,SI|SI-PA|SICP|SICPL|SICPQ
SICPQ,SI-PA SICPL SICP SI,SI-PA SICPL SICP SI|SICPQ,SI|SI-PA|SICP|SICPL|SICPQ
SIER,SIERW SIERU,SIER|SIERW SIERU,SIER|SIERU|SIERW
SIERU,SIERW SIER,SIERU|SIERW SIER,SIER|SIERU|SIERW
SIERW,SIERU SIER,SIERU SIER|SIERW,SIER|SIERU|SIERW
SIGI,SIGIP SGZA,SIGI|SIGIP SGZA,SGZA|SIGI|SIGIP
SIGIP,SGZA SIGI,SGZA SIGI|SIGIP,SGZA|SIGI|SIGIP
SILO,PTCI UCUT,PTCI UCUT|SILO,PTCI|SILO|UCUT
SILU,QCCNF QCC,QCCNF QCC|SILU,QCC|QCCNF|SILU
SIMPQ,IFON IFO SIMP AWSM,IFON IFO SIMP AWSM|SIMPQ,AWSM|IFO|IFON|SIMP|SIMPQ
SIOX,AXGT AXON,AXGT AXON|SIOX,AXGT|AXON|SIOX
SIRE,OCIR CINR,OCIR CINR|SIRE,CINR|OCIR|SIRE
SITC,SITC-PJ DDR SITC-PA SITC-PK,SITC|SITC-PJ DDR SITC-PA SITC-PK,DDR|SITC|SITC-PA|SITC-PJ|SITC-PK
SITC-PA,SITC-PJ SITC DDR SITC-PK,SITC-PA|SITC-PJ SITC DDR SITC-PK,DDR|SITC|SITC-PA|SITC-PJ|SITC-PK
SITC-PJ,SITC DDR SITC-PA SITC-PK,SITC DDR SITC-PA SITC-PK|SITC-PJ,DDR|SITC|SITC-PA|SITC-PJ|SITC-PK
SITC-PK,SITC-PJ SITC DDR SITC-PA,SITC-PJ SITC DDR SITC-PA|SITC-PK,DDR|SITC|SITC-PA|SITC-PJ|SITC-PK
SITM1,SCCO SITM,SCCO SITM|SITM1,SCCO|SITM|SITM1
SIVBO,SIVBQ SIVPQ SIVB SIVBP,SIVBO|SIVBQ SIVPQ SIVB SIVBP,SIVB|SIVBO|SIVBP|SIVBQ|SIVPQ
SIVBQ,SIVBO SIVPQ SIVB SIVBP,SIVBO SIVPQ SIVB SIVBP|SIVBQ,SIVB|SIVBO|SIVBP|SIVBQ|SIVPQ
SIVPQ,SIVBO SIVBQ SIVB SIVBP,SIVBO SIVBQ SIVB SIVBP|SIVPQ,SIVB|SIVBO|SIVBP|SIVBQ|SIVPQ
SIXD1,EVCP CTEK SIXD,EVCP CTEK SIXD|SIXD1,CTEK|EVCP|SIXD|SIXD1
SIXFQ,SIX PKS SIXF,SIX PKS SIXF|SIXFQ,PKS|SIX|SIXF|SIXFQ
SJ,HHHH HHHHU,HHHH HHHHU|SJ,HHHH|HHHHU|SJ
SJI,SJIJ SJISU SJIIU SJIU SJIV,SJI|SJIJ SJISU SJIIU SJIU SJIV,SJI|SJIIU|SJIJ|SJISU|SJIU|SJIV
SJIU,SJIJ SJISU SJIIU SJIV SJI,SJIJ SJISU SJIIU SJIV SJI|SJIU,SJI|SJIIU|SJIJ|SJISU|SJIU|SJIV
SK2,SK LLE,SK LLE|SK2,LLE|SK|SK2
SKBI,CGPN SKBO,CGPN SKBO|SKBI,CGPN|SKBI|SKBO
SKGRU,SKGR BULL BULLZ,SKGR BULL BULLZ|SKGRU,BULL|BULLZ|SKGR|SKGRU
SKIL,SKILW CCX CCX.WS SKIL.WS CCX.U,SKIL|SKILW CCX CCX.WS SKIL.WS CCX.U,CCX|CCX.U|CCX.WS|SKIL|SKIL.WS|SKILW
SKIL2,SKIL SMTF CBTSY,SKIL SMTF CBTSY|SKIL2,CBTSY|SKIL|SKIL2|SMTF
SKILW,CCX CCX.WS SKIL.WS SKIL CCX.U,CCX CCX.WS SKIL.WS SKIL CCX.U|SKILW,CCX|CCX.U|CCX.WS|SKIL|SKIL.WS|SKILW
SKIN,VSPR SKINW VSPRU VSPRW,SKIN|VSPR SKINW VSPRU VSPRW,SKIN|SKINW|VSPR|VSPRU|VSPRW
SKINW,VSPR SKIN VSPRU VSPRW,SKINW|VSPR SKIN VSPRU VSPRW,SKIN|SKINW|VSPR|VSPRU|VSPRW
SKLZ.WS,FEAC.WS SKLZ FEAC FEAC.U FIRY,FEAC.WS SKLZ FEAC FEAC.U FIRY|SKLZ.WS,FEAC|FEAC.U|FEAC.WS|FIRY|SKLZ|SKLZ.WS
SKRRF,SCOT SCT SCTLF,SCOT SCT SCTLF|SKRRF,SCOT|SCT|SCTLF|SKRRF
SKYA1,SKYAW SKYA SKYAU,SKYA1|SKYAW SKYA SKYAU,SKYA|SKYA1|SKYAU|SKYAW
SKYAU,SKYAW SKYA SKYA1,SKYAU|SKYAW SKYA SKYA1,SKYA|SKYA1|SKYAU|SKYAW
SKYAW,SKYA SKYAU SKYA1,SKYA SKYAU SKYA1|SKYAW,SKYA|SKYA1|SKYAU|SKYAW
SKYH,YSAC YSAC.U YSACU,SKYH|YSAC YSAC.U YSACU,SKYH|YSAC|YSAC.U|YSACU
SKYT1,SKYT MTEL,SKYT MTEL|SKYT1,MTEL|SKYT|SKYT1
SLAC,SLAC.U SLACW SLAC.WS SLACU,SLAC|SLAC.U SLACW SLAC.WS SLACU,SLAC|SLAC.U|SLAC.WS|SLACU|SLACW
SLACU,SLAC.U SLACW SLAC.WS SLAC,SLAC.U SLACW SLAC.WS SLAC|SLACU,SLAC|SLAC.U|SLAC.WS|SLACU|SLACW
SLACW,SLAC.U SLAC.WS SLACU SLAC,SLAC.U SLAC.WS SLACU SLAC|SLACW,SLAC|SLAC.U|SLAC.WS|SLACU|SLACW
SLAI,BTCM WBAI,BTCM WBAI|SLAI,BTCM|SLAI|WBAI
SLAM,SLAMU SLAMW,SLAM|SLAMU SLAMW,SLAM|SLAMU|SLAMW
SLAMU,SLAM SLAMW,SLAM SLAMW|SLAMU,SLAM|SLAMU|SLAMW
SLAMW,SLAMU SLAM,SLAMU SLAM|SLAMW,SLAM|SLAMU|SLAMW
SLBT,HSPTU HSPT,HSPTU HSPT|SLBT,HSPT|HSPTU|SLBT
SLCRU,THCHW THCH SLCRW SLCR,SLCRU|THCHW THCH SLCRW SLCR,SLCR|SLCRU|SLCRW|THCH|THCHW
SLDP,DCRC DCRCU,DCRC DCRCU|SLDP,DCRC|DCRCU|SLDP
SLGC,CMIIU1 CMII SLGCW CMIIU CMIIW,CMIIU1 CMII SLGCW CMIIU CMIIW|SLGC,CMII|CMIIU|CMIIU1|CMIIW|SLGC|SLGCW
SLGCW,CMIIU1 SLGC CMII CMIIU CMIIW,CMIIU1 SLGC CMII CMIIU CMIIW|SLGCW,CMII|CMIIU|CMIIU1|CMIIW|SLGC|SLGCW
SLHGF,SLHG SLHGP,SLHG SLHGP|SLHGF,SLHG|SLHGF|SLHGP
SLHGP,SLHG SLHGF,SLHG SLHGF|SLHGP,SLHG|SLHGF|SLHGP
SLI1,SLI SL,SLI SL|SLI1,SL|SLI|SLI1
SLM,SLMBP SLMAP JSM ISM,SLM|SLMBP SLMAP JSM ISM,ISM|JSM|SLM|SLMAP|SLMBP
SLMAP,SLMBP SLM JSM ISM,SLMAP|SLMBP SLM JSM ISM,ISM|JSM|SLM|SLMAP|SLMBP
SLMBP,SLM SLMAP JSM ISM,SLM SLMAP JSM ISM|SLMBP,ISM|JSM|SLM|SLMAP|SLMBP
SLNAF,SLNAW BOAS.U BOAS BOAS.WS SLNA,SLNAF|SLNAW BOAS.U BOAS BOAS.WS SLNA,BOAS|BOAS.U|BOAS.WS|SLNA|SLNAF|SLNAW
SLNAW,BOAS.U SLNAF BOAS.WS BOAS SLNA,BOAS.U SLNAF BOAS.WS BOAS SLNA|SLNAW,BOAS|BOAS.U|BOAS.WS|SLNA|SLNAF|SLNAW
SLND,LGTO LGTOU,LGTO LGTOU|SLND,LGTO|LGTOU|SLND
SLNG,AATK AETI,AATK AETI|SLNG,AATK|AETI|SLNG
SLNH,SLNHP MKTYP MKTY,SLNH|SLNHP MKTYP MKTY,MKTY|MKTYP|SLNH|SLNHP
SLNHP,SLNH MKTYP MKTY,SLNH MKTYP MKTY|SLNHP,MKTY|MKTYP|SLNH|SLNHP
SLPHQ,SLPH SUF,SLPH SUF|SLPHQ,SLPH|SLPHQ|SUF
SLS,RXII GALE,RXII GALE|SLS,GALE|RXII|SLS
SLSZQ,SITI SLSZ SLS,SITI SLSZ SLS|SLSZQ,SITI|SLS|SLSZ|SLSZQ
SLVR2,SLVRU SLVR SLVRW,SLVR2|SLVRU SLVR SLVRW,SLVR|SLVR2|SLVRU|SLVRW
SLVRU,SLVR2 SLVR SLVRW,SLVR2 SLVR SLVRW|SLVRU,SLVR|SLVR2|SLVRU|SLVRW
SLVRW,SLVRU SLVR2 SLVR,SLVRU SLVR2 SLVR|SLVRW,SLVR|SLVR2|SLVRU|SLVRW
SLXN,MACAU MACA,MACAU MACA|SLXN,MACA|MACAU|SLXN
SMAPU,SMAP MSAI,SMAP MSAI|SMAPU,MSAI|SMAP|SMAPU
SMC1,GLE SMC GCRNF,GLE SMC GCRNF|SMC1,GCRNF|GLE|SMC|SMC1
SMIHU,YSBPW LSBPW SMIHW YS SMIH LSB,SMIHU|YSBPW LSBPW SMIHW YS SMIH LSB,LSB|LSBPW|SMIH|SMIHU|SMIHW|YS|YSBPW
SMMCU,SMMC BTRSW BTRS SMMCW,SMMC BTRSW BTRS SMMCW|SMMCU,BTRS|BTRSW|SMMC|SMMCU|SMMCW
SMPL1,KFFG SMPL,KFFG SMPL|SMPL1,KFFG|SMPL|SMPL1
SMR,SMR.WS SVSVU SV SVSVW,SMR|SMR.WS SVSVU SV SVSVW,SMR|SMR.WS|SV|SVSVU|SVSVW
SMR.WS,SVSVU SV SMR SVSVW,SMR.WS|SVSVU SV SMR SVSVW,SMR|SMR.WS|SV|SVSVU|SVSVW
SMRL,VSIN SMOL,SMRL|VSIN SMOL,SMOL|SMRL|VSIN
SMSMY,SMS SIMYY,SMS SIMYY|SMSMY,SIMYY|SMS|SMSMY
SMTI,MBSC WNDM,MBSC WNDM|SMTI,MBSC|SMTI|WNDM
SMTI1,DDL SMTI,DDL SMTI|SMTI1,DDL|SMTI|SMTI1
SMTK1,SMTE SRAM SMTK,SMTE SRAM SMTK|SMTK1,SMTE|SMTK|SMTK1|SRAM
SMTSF,DBEXF SMTS,DBEXF SMTS|SMTSF,DBEXF|SMTS|SMTSF
SMVE,MVE MVEU,MVE MVEU|SMVE,MVE|MVEU|SMVE
SMX,LIONU LION,LIONU LION|SMX,LION|LIONU|SMX
SNAX,ANDAW ANDA SNAXW ANDAU ANDAR,ANDAW ANDA SNAXW ANDAU ANDAR|SNAX,ANDA|ANDAR|ANDAU|ANDAW|SNAX|SNAXW
SNAXW,ANDAW ANDA ANDAU SNAX ANDAR,ANDAW ANDA ANDAU SNAX ANDAR|SNAXW,ANDA|ANDAR|ANDAU|ANDAW|SNAX|SNAXW
SNBRQ,SCSS SNBR,SCSS SNBR|SNBRQ,SCSS|SNBR|SNBRQ
SNC1,CIRC CIRC1 SNC,CIRC CIRC1 SNC|SNC1,CIRC|CIRC1|SNC|SNC1
SNECQ,SN SNEC,SN SNEC|SNECQ,SN|SNEC|SNECQ
SNEX,INTL INTLL IAAC,INTL INTLL IAAC|SNEX,IAAC|INTL|INTLL|SNEX
SNGX,SNGXW DOR DORB SNGXD,SNGX|SNGXW DOR DORB SNGXD,DOR|DORB|SNGX|SNGXD|SNGXW
SNGXW,SNGX DOR DORB SNGXD,SNGX DOR DORB SNGXD|SNGXW,DOR|DORB|SNGX|SNGXD|SNGXW
SNKTY,SNTK SNTKY,SNKTY|SNTK SNTKY,SNKTY|SNTK|SNTKY
SNMP,CEP SPP,CEP SPP|SNMP,CEP|SNMP|SPP
SNPR.U,VLTA SNPR.WS SNPR VLTA.WS,SNPR.U|VLTA SNPR.WS SNPR VLTA.WS,SNPR|SNPR.U|SNPR.WS|VLTA|VLTA.WS
SNREY,SNREV SNRE,SNREV SNRE|SNREY,SNRE|SNREV|SNREY
SNRH,SNRHW SNRHU,SNRH|SNRHW SNRHU,SNRH|SNRHU|SNRHW
SNRHU,SNRHW SNRH,SNRHU|SNRHW SNRH,SNRH|SNRHU|SNRHW
SNRHW,SNRH SNRHU,SNRH SNRHU|SNRHW,SNRH|SNRHU|SNRHW
SNV,SNV-PD SNV-PE SNV-PC,SNV|SNV-PD SNV-PE SNV-PC,SNV|SNV-PC|SNV-PD|SNV-PE
SNV-PC,SNV-PD SNV-PE SNV,SNV-PC|SNV-PD SNV-PE SNV,SNV|SNV-PC|SNV-PD|SNV-PE
SNV-PD,SNV-PE SNV-PC SNV,SNV-PD|SNV-PE SNV-PC SNV,SNV|SNV-PC|SNV-PD|SNV-PE
SNV-PE,SNV-PD SNV-PC SNV,SNV-PD SNV-PC SNV|SNV-PE,SNV|SNV-PC|SNV-PD|SNV-PE
SO,SOJD SOUEU SOJA SOJE SOJC SOMN SOJF SOJB SOLN,SO|SOJD SOUEU SOJA SOJE SOJC SOMN SOJF SOJB SOLN,SO|SOJA|SOJB|SOJC|SOJD|SOJE|SOJF|SOLN|SOMN|SOUEU
SOAC.U,TMC SOAC,SOAC.U|TMC SOAC,SOAC|SOAC.U|TMC
SOAR,SOAR.WS PACI.U SOARW PACI.WS PACI,SOAR|SOAR.WS PACI.U SOARW PACI.WS PACI,PACI|PACI.U|PACI.WS|SOAR|SOAR.WS|SOARW
SOARW,SOAR.WS SOAR PACI.U PACI.WS PACI,SOAR.WS SOAR PACI.U PACI.WS PACI|SOARW,PACI|PACI.U|PACI.WS|SOAR|SOAR.WS|SOARW
SOC,FLME.U FLME.WS FLME SOC.WS,FLME.U FLME.WS FLME SOC.WS|SOC,FLME|FLME.U|FLME.WS|SOC|SOC.WS
SOC.WS,FLME.U FLME.WS FLME SOC,FLME.U FLME.WS FLME SOC|SOC.WS,FLME|FLME.U|FLME.WS|SOC|SOC.WS
SOFI,IPOE.U IPOE.WS SOFIW IPOE,IPOE.U IPOE.WS SOFIW IPOE|SOFI,IPOE|IPOE.U|IPOE.WS|SOFI|SOFIW
SOFIW,SOFI IPOE.U IPOE.WS IPOE,SOFI IPOE.U IPOE.WS IPOE|SOFIW,IPOE|IPOE.U|IPOE.WS|SOFI|SOFIW
SOGCQ,FST SOGC FSTO,FST SOGC FSTO|SOGCQ,FST|FSTO|SOGC|SOGCQ
SOHO,SOHOO SOHOK MDH SOHOB SOHOL SOHON,SOHO|SOHOO SOHOK MDH SOHOB SOHOL SOHON,MDH|SOHO|SOHOB|SOHOK|SOHOL|SOHON|SOHOO
SOHOB,SOHOO SOHOK MDH SOHOL SOHON SOHO,SOHOB|SOHOO SOHOK MDH SOHOL SOHON SOHO,MDH|SOHO|SOHOB|SOHOK|SOHOL|SOHON|SOHOO
SOHON,SOHOO SOHOK MDH SOHOB SOHOL SOHO,SOHON|SOHOO SOHOK MDH SOHOB SOHOL SOHO,MDH|SOHO|SOHOB|SOHOK|SOHOL|SOHON|SOHOO
SOHOO,SOHOK MDH SOHOB SOHOL SOHON SOHO,SOHOK MDH SOHOB SOHOL SOHON SOHO|SOHOO,MDH|SOHO|SOHOB|SOHOK|SOHOL|SOHON|SOHOO
SOLN,SOJD SOUEU SOJA SOJE SOJC SO SOMN SOJF SOJB,SOJD SOUEU SOJA SOJE SOJC SO SOMN SOJF SOJB|SOLN,SO|SOJA|SOJB|SOJC|SOJD|SOJE|SOJF|SOLN|SOMN|SOUEU
SOLO,SOLOW ECCTF,SOLO|SOLOW ECCTF,ECCTF|SOLO|SOLOW
SOLOW,ECCTF SOLO,ECCTF SOLO|SOLOW,ECCTF|SOLO|SOLOW
SONDQ,SONDW GMII SOND GMIIW GMIIU,SONDQ|SONDW GMII SOND GMIIW GMIIU,GMII|GMIIU|GMIIW|SOND|SONDQ|SONDW
SONDW,SONDQ GMII SOND GMIIW GMIIU,SONDQ GMII SOND GMIIW GMIIU|SONDW,GMII|GMIIU|GMIIW|SOND|SONDQ|SONDW
SONN,CCLR BURG HOTR,CCLR BURG HOTR|SONN,BURG|CCLR|HOTR|SONN
SOQDF,SOQ SNG,SOQ SNG|SOQDF,SNG|SOQ|SOQDF
SORL,EVCL SAUP,EVCL SAUP|SORL,EVCL|SAUP|SORL
SOUN,ATSPU ATSPT,ATSPU ATSPT|SOUN,ATSPT|ATSPU|SOUN
SOV,SVRN SOV-PC,SOV|SVRN SOV-PC,SOV|SOV-PC|SVRN
SOV-PC,SVRN SOV,SOV-PC|SVRN SOV,SOV|SOV-PC|SVRN
SPAQ.U,ALLG.WS ALLG SPAQ.WS ALLGF SPAQ,ALLG.WS ALLG SPAQ.WS ALLGF SPAQ|SPAQ.U,ALLG|ALLG.WS|ALLGF|SPAQ|SPAQ.U|SPAQ.WS
SPB,ZAP HRG,SPB|ZAP HRG,HRG|SPB|ZAP
SPCB,VUNCF VUNC SPCBF,SPCB|VUNCF VUNC SPCBF,SPCB|SPCBF|VUNC|VUNCF
SPCBQ,SPCB ROV SPC,SPCB ROV SPC|SPCBQ,ROV|SPC|SPCB|SPCBQ
SPCE,IPOA SPCE.U IPOA.U,IPOA SPCE.U IPOA.U|SPCE,IPOA|IPOA.U|SPCE|SPCE.U
SPCE.U,IPOA SPCE IPOA.U,IPOA SPCE IPOA.U|SPCE.U,IPOA|IPOA.U|SPCE|SPCE.U
SPCHA,SPCH SPCHB,SPCH SPCHB|SPCHA,SPCH|SPCHA|SPCHB
SPCHB,SPCH SPCHA,SPCH SPCHA|SPCHB,SPCH|SPCHA|SPCHB
SPCM1,SPCMW SPCMU SPCM,SPCM1|SPCMW SPCMU SPCM,SPCM|SPCM1|SPCMU|SPCMW
SPCMU,SPCMW SPCM1 SPCM,SPCMU|SPCMW SPCM1 SPCM,SPCM|SPCM1|SPCMU|SPCMW
SPCMW,SPCM1 SPCMU SPCM,SPCM1 SPCMU SPCM|SPCMW,SPCM|SPCM1|SPCMU|SPCMW
SPEC,PCCT PCCTU PCCTW SPECW,PCCT PCCTU PCCTW SPECW|SPEC,PCCT|PCCTU|PCCTW|SPEC|SPECW
SPECW,PCCT PCCTU SPEC PCCTW,PCCT PCCTU SPEC PCCTW|SPECW,PCCT|PCCTU|PCCTW|SPEC|SPECW
SPFR.U,SPFR VLD.WS VELO VLDX SPFR.WS VLD,SPFR VLD.WS VELO VLDX SPFR.WS VLD|SPFR.U,SPFR|SPFR.U|SPFR.WS|VELO|VLD|VLD.WS|VLDX
SPGI,MHFI MHP,MHFI MHP|SPGI,MHFI|MHP|SPGI
SPGS,SPGS.U SPGSW SPGS.WS,SPGS|SPGS.U SPGSW SPGS.WS,SPGS|SPGS.U|SPGS.WS|SPGSW
SPGS.U,SPGSW SPGS SPGS.WS,SPGS.U|SPGSW SPGS SPGS.WS,SPGS|SPGS.U|SPGS.WS|SPGSW
SPGSW,SPGS.U SPGS SPGS.WS,SPGS.U SPGS SPGS.WS|SPGSW,SPGS|SPGS.U|SPGS.WS|SPGSW
SPGZ,ESCL GMAI,ESCL GMAI|SPGZ,ESCL|GMAI|SPGZ
SPIEF,SRGYY SOPW SPI,SPIEF|SRGYY SOPW SPI,SOPW|SPI|SPIEF|SRGYY
SPIR,NSH.WS SPIR.WS NSH SRJN NSH.U,NSH.WS SPIR.WS NSH SRJN NSH.U|SPIR,NSH|NSH.U|NSH.WS|SPIR|SPIR.WS|SRJN
SPIR.WS,NSH.WS NSH SPIR SRJN NSH.U,NSH.WS NSH SPIR SRJN NSH.U|SPIR.WS,NSH|NSH.U|NSH.WS|SPIR|SPIR.WS|SRJN
SPK,SPKAU SPKAR,SPK|SPKAU SPKAR,SPK|SPKAR|SPKAU
SPKAR,SPKAU SPK,SPKAR|SPKAU SPK,SPK|SPKAR|SPKAU
SPKAU,SPKAR SPK,SPKAR SPK|SPKAU,SPK|SPKAR|SPKAU
SPKB,SPKBW SPKBU,SPKB|SPKBW SPKBU,SPKB|SPKBU|SPKBW
SPKBU,SPKBW SPKB,SPKBU|SPKBW SPKB,SPKB|SPKBU|SPKBW
SPKBW,SPKB SPKBU,SPKB SPKBU|SPKBW,SPKB|SPKBU|SPKBW
SPLP,SPLP-PA SPLP-PT SPNHU,SPLP|SPLP-PA SPLP-PT SPNHU,SPLP|SPLP-PA|SPLP-PT|SPNHU
SPLP-PA,SPLP SPLP-PT SPNHU,SPLP SPLP-PT SPNHU|SPLP-PA,SPLP|SPLP-PA|SPLP-PT|SPNHU
SPLP-PT,SPLP SPLP-PA SPNHU,SPLP SPLP-PA SPNHU|SPLP-PT,SPLP|SPLP-PA|SPLP-PT|SPNHU
SRACU,SRAC MNTS,SRAC MNTS|SRACU,MNTS|SRAC|SRACU
SPNT,TPRE SPNT-PB,SPNT|TPRE SPNT-PB,SPNT|SPNT-PB|TPRE
SPNT-PB,TPRE SPNT,SPNT-PB|TPRE SPNT,SPNT|SPNT-PB|TPRE
SPNV.U,SPNV OPAD OPAD.WS SPNV.WS,SPNV OPAD OPAD.WS SPNV.WS|SPNV.U,OPAD|OPAD.WS|SPNV|SPNV.U|SPNV.WS
SPNX,SPN SESI SPNV,SPN SESI SPNV|SPNX,SESI|SPN|SPNV|SPNX
SPRC,SPRCY TRPXY SPRCF TRPX,SPRC|SPRCY TRPXY SPRCF TRPX,SPRC|SPRCF|SPRCY|TRPX|TRPXY
SPRO1,SPRO PED PEDU,SPRO PED PEDU|SPRO1,PED|PEDU|SPRO|SPRO1
SPRQ.U,SUNLQ SPRQ SUNL SULWQ SUNL.WS,SPRQ.U|SUNLQ SPRQ SUNL SULWQ SUNL.WS,SPRQ|SPRQ.U|SULWQ|SUNL|SUNL.WS|SUNLQ
SPRU,PIC.U XL.WS PIC.WS XL PIC,PIC.U XL.WS PIC.WS XL PIC|SPRU,PIC|PIC.U|PIC.WS|SPRU|XL|XL.WS
SPTK,SPTKW SPTKU,SPTK|SPTKW SPTKU,SPTK|SPTKU|SPTKW
SPTKU,SPTKW SPTK,SPTKU|SPTKW SPTK,SPTK|SPTKU|SPTKW
SPTKW,SPTKU SPTK,SPTKU SPTK|SPTKW,SPTK|SPTKU|SPTKW
SPWR,CSLR FACT.U FACT,CSLR FACT.U FACT|SPWR,CSLR|FACT|FACT.U|SPWR
SPWRB,SPWRA SPWRQ SPWR,SPWRA SPWRQ SPWR|SPWRB,SPWR|SPWRA|SPWRB|SPWRQ
SPWRQ,SPWRA SPWRB SPWR,SPWRA SPWRB SPWR|SPWRQ,SPWR|SPWRA|SPWRB|SPWRQ
SQBGQ,SQBG CYPC PPLB,SQBG CYPC PPLB|SQBGQ,CYPC|PPLB|SQBG|SQBGQ
SQLLW,ATLN SQL SEQL CIRC,ATLN SQL SEQL CIRC|SQLLW,ATLN|CIRC|SEQL|SQL|SQLLW
SR,SR-PA LG,SR|SR-PA LG,LG|SR|SR-PA
SR-PA,SR LG,SR LG|SR-PA,LG|SR|SR-PA
SRCL,CRDRP SRCLP,CRDRP SRCLP|SRCL,CRDRP|SRCL|SRCLP
SRCLP,CRDRP SRCL,CRDRP SRCL|SRCLP,CRDRP|SRCL|SRCLP
SRCTQ,SRCT SR,SRCT SR|SRCTQ,SR|SRCT|SRCTQ
SRE,SREA SRE-PA SRE-PB SREMP SSYYP,SRE|SREA SRE-PA SRE-PB SREMP SSYYP,SRE|SRE-PA|SRE-PB|SREA|SREMP|SSYYP
SRE-PA,SREA SRE-PB SREMP SRE SSYYP,SRE-PA|SREA SRE-PB SREMP SRE SSYYP,SRE|SRE-PA|SRE-PB|SREA|SREMP|SSYYP
SRE-PB,SREA SRE-PA SREMP SRE SSYYP,SRE-PB|SREA SRE-PA SREMP SRE SSYYP,SRE|SRE-PA|SRE-PB|SREA|SREMP|SSYYP
SRG,SRG.R SRG-PA,SRG|SRG.R SRG-PA,SRG|SRG-PA|SRG.R
SRG-PA,SRG SRG.R,SRG SRG.R|SRG-PA,SRG|SRG-PA|SRG.R
SRGAQ,RTIX SRGA,RTIX SRGA|SRGAQ,RTIX|SRGA|SRGAQ
SRL,KHDH MIL MFCB TTT KHD MXBIF,KHDH MIL MFCB TTT KHD MXBIF|SRL,KHD|KHDH|MFCB|MIL|MXBIF|SRL|TTT
SRNEQ,QKBY QBYT SRNE,QKBY QBYT SRNE|SRNEQ,QBYT|QKBY|SRNE|SRNEQ
SRNGU,DNABW SRNGW DNA.WS SRNG DNA,DNABW SRNGW DNA.WS SRNG DNA|SRNGU,DNA|DNA.WS|DNABW|SRNG|SRNGU|SRNGW
SRS1,SRS ARVI,SRS ARVI|SRS1,ARVI|SRS|SRS1
SRSA,SRSAW SRSAU,SRSA|SRSAW SRSAU,SRSA|SRSAU|SRSAW
SRSAU,SRSAW SRSA,SRSAU|SRSAW SRSA,SRSA|SRSAU|SRSAW
SRSAW,SRSA SRSAU,SRSA SRSAU|SRSAW,SRSA|SRSAU|SRSAW
SRSCQ,SEARF SRSC,SEARF SRSC|SRSCQ,SEARF|SRSC|SRSCQ
SRTA,EXPCU EXPC BLDE,EXPCU EXPC BLDE|SRTA,BLDE|EXPC|EXPCU|SRTA
SRXH,SENZ BTTR,SENZ BTTR|SRXH,BTTR|SENZ|SRXH
SRZN,CHFW.U CHFW,CHFW.U CHFW|SRZN,CHFW|CHFW.U|SRZN
SSAA,SSAAU SSAAW,SSAA|SSAAU SSAAW,SSAA|SSAAU|SSAAW
SSAAU,SSAAW SSAA,SSAAU|SSAAW SSAA,SSAA|SSAAU|SSAAW
SSAAW,SSAAU SSAA,SSAAU SSAA|SSAAW,SSAA|SSAAU|SSAAW
SSEIQ,SSEI SSE,SSEI SSE|SSEIQ,SSE|SSEI|SSEIQ
SSINQ,STGS SSI,SSINQ|STGS SSI,SSI|SSINQ|STGS
SSM,SEVCF SEV SEVCQ,SEVCF SEV SEVCQ|SSM,SEV|SEVCF|SEVCQ|SSM
SSNYQ,SSN SSNYY,SSN SSNYY|SSNYQ,SSN|SSNYQ|SSNYY
SSPKU,SSPK MAPS,SSPK MAPS|SSPKU,MAPS|SSPK|SSPKU
SST,SST.WS TREB TREB.WS TREB.U,SST|SST.WS TREB TREB.WS TREB.U,SST|SST.WS|TREB|TREB.U|TREB.WS
SST.WS,TREB TREB.WS SST TREB.U,SST.WS|TREB TREB.WS SST TREB.U,SST|SST.WS|TREB|TREB.U|TREB.WS
SSTRF,FSACF LPHL SSTR,FSACF LPHL SSTR|SSTRF,FSACF|LPHL|SSTR|SSTRF
SSUNF,YAC.WS YAC SSUTF SSU YAC.U SSU.WS,SSUNF|YAC.WS YAC SSUTF SSU YAC.U SSU.WS,SSU|SSU.WS|SSUNF|SSUTF|YAC|YAC.U|YAC.WS
SSUTF,YAC.WS YAC SSUNF SSU YAC.U SSU.WS,SSUTF|YAC.WS YAC SSUNF SSU YAC.U SSU.WS,SSU|SSU.WS|SSUNF|SSUTF|YAC|YAC.U|YAC.WS
SSW-PC,SSW-PD SSW-PE SSWN SSWA SSW-PH SSW-PG,SSW-PC|SSW-PD SSW-PE SSWN SSWA SSW-PH SSW-PG,SSW-PC|SSW-PD|SSW-PE|SSW-PG|SSW-PH|SSWA|SSWN
SSW-PD,SSW-PC SSW-PE SSWN SSWA SSW-PH SSW-PG,SSW-PC SSW-PE SSWN SSWA SSW-PH SSW-PG|SSW-PD,SSW-PC|SSW-PD|SSW-PE|SSW-PG|SSW-PH|SSWA|SSWN
SSW-PE,SSW-PD SSW-PC SSWN SSWA SSW-PH SSW-PG,SSW-PD SSW-PC SSWN SSWA SSW-PH SSW-PG|SSW-PE,SSW-PC|SSW-PD|SSW-PE|SSW-PG|SSW-PH|SSWA|SSWN
SSW-PG,SSW-PD SSW-PC SSW-PE SSWN SSWA SSW-PH,SSW-PD SSW-PC SSW-PE SSWN SSWA SSW-PH|SSW-PG,SSW-PC|SSW-PD|SSW-PE|SSW-PG|SSW-PH|SSWA|SSWN
SSW-PH,SSW-PD SSW-PC SSW-PE SSWN SSWA SSW-PG,SSW-PD SSW-PC SSW-PE SSWN SSWA SSW-PG|SSW-PH,SSW-PC|SSW-PD|SSW-PE|SSW-PG|SSW-PH|SSWA|SSWN
STAG,STAG-PC STIR STAG-PB STAG-PA,STAG|STAG-PC STIR STAG-PB STAG-PA,STAG|STAG-PA|STAG-PB|STAG-PC|STIR
STAG-PA,STAG STAG-PC STIR STAG-PB,STAG STAG-PC STIR STAG-PB|STAG-PA,STAG|STAG-PA|STAG-PB|STAG-PC|STIR
STAG-PB,STAG STAG-PC STIR STAG-PA,STAG STAG-PC STIR STAG-PA|STAG-PB,STAG|STAG-PA|STAG-PB|STAG-PC|STIR
STAG-PC,STAG STIR STAG-PB STAG-PA,STAG STIR STAG-PB STAG-PA|STAG-PC,STAG|STAG-PA|STAG-PB|STAG-PC|STIR
STAI,MARX MARXR MARXU,MARX MARXR MARXU|STAI,MARX|MARXR|MARXU|STAI
STAQ,SOC.U SOC,SOC.U SOC|STAQ,SOC|SOC.U|STAQ
STAR-PD,SFI STAR-PF APT STAR-PE STAR-PI STAR STAR-PG SAFE,SFI STAR-PF APT STAR-PE STAR-PI STAR STAR-PG SAFE|STAR-PD,APT|SAFE|SFI|STAR|STAR-PD|STAR-PE|STAR-PF|STAR-PG|STAR-PI
STAR-PE,SFI STAR-PF APT STAR-PI STAR STAR-PG SAFE STAR-PD,SFI STAR-PF APT STAR-PI STAR STAR-PG SAFE STAR-PD|STAR-PE,APT|SAFE|SFI|STAR|STAR-PD|STAR-PE|STAR-PF|STAR-PG|STAR-PI
STAR-PF,SFI APT STAR-PE STAR-PI STAR STAR-PG SAFE STAR-PD,SFI APT STAR-PE STAR-PI STAR STAR-PG SAFE STAR-PD|STAR-PF,APT|SAFE|SFI|STAR|STAR-PD|STAR-PE|STAR-PF|STAR-PG|STAR-PI
STAR-PG,SFI STAR-PF APT STAR-PE STAR-PI STAR SAFE STAR-PD,SFI STAR-PF APT STAR-PE STAR-PI STAR SAFE STAR-PD|STAR-PG,APT|SAFE|SFI|STAR|STAR-PD|STAR-PE|STAR-PF|STAR-PG|STAR-PI
STAR-PI,SFI STAR-PF APT STAR-PE STAR STAR-PG SAFE STAR-PD,SFI STAR-PF APT STAR-PE STAR STAR-PG SAFE STAR-PD|STAR-PI,APT|SAFE|SFI|STAR|STAR-PD|STAR-PE|STAR-PF|STAR-PG|STAR-PI
STCN,MLNK CMGI,MLNK CMGI|STCN,CMGI|MLNK|STCN
STEL2,VFGI STEL,STEL2|VFGI STEL,STEL|STEL2|VFGI
STEM,STPK.U STPK STEM.WS STPK.WS,STEM|STPK.U STPK STEM.WS STPK.WS,STEM|STEM.WS|STPK|STPK.U|STPK.WS
STEM.WS,STPK.U STEM STPK STPK.WS,STEM.WS|STPK.U STEM STPK STPK.WS,STEM|STEM.WS|STPK|STPK.U|STPK.WS
STET,STET.U STETW STET.WS,STET|STET.U STETW STET.WS,STET|STET.U|STET.WS|STETW
STET.U,STETW STET STET.WS,STET.U|STETW STET STET.WS,STET|STET.U|STET.WS|STETW
STETW,STET.WS STET STET.U,STET.WS STET STET.U|STETW,STET|STET.U|STET.WS|STETW
STI,NUBIW NUBI NUBIU,NUBIW NUBI NUBIU|STI,NUBI|NUBIU|NUBIW|STI
STI-PA,STI STI1 STI-PE,STI STI1 STI-PE|STI-PA,STI|STI-PA|STI-PE|STI1
STI-PE,STI STI-PA STI1,STI STI-PA STI1|STI-PE,STI|STI-PA|STI-PE|STI1
STI1,STI STI-PA STI-PE,STI STI-PA STI-PE|STI1,STI|STI-PA|STI-PE|STI1
STIC.U,BARK STIC BARK.WS STIC.WS,BARK STIC BARK.WS STIC.WS|STIC.U,BARK|BARK.WS|STIC|STIC.U|STIC.WS
STIXF,STIXW STWWF ASPCU1 ASPCW STIX ASPCU ASPC,STIXF|STIXW STWWF ASPCU1 ASPCW STIX ASPCU ASPC,ASPC|ASPCU|ASPCU1|ASPCW|STIX|STIXF|STIXW|STWWF
STKS,CCAC CCACU,CCAC CCACU|STKS,CCAC|CCACU|STKS
STKTQ,SMTKQ SMTK,SMTKQ SMTK|STKTQ,SMTK|SMTKQ|STKTQ
STL,STL-PA PBNY PBCP,STL|STL-PA PBNY PBCP,PBCP|PBNY|STL|STL-PA
STL-PA,PBNY PBCP STL,PBNY PBCP STL|STL-PA,PBCP|PBNY|STL|STL-PA
STLA,FCAU FCAM FTRYF,FCAU FCAM FTRYF|STLA,FCAM|FCAU|FTRYF|STLA
STLE1,DIPL STLE,DIPL STLE|STLE1,DIPL|STLE|STLE1
STLT1,XZL STLT SPLU,STLT1|XZL STLT SPLU,SPLU|STLT|STLT1|XZL
STN,SAECF SXC,SAECF SXC|STN,SAECF|STN|SXC
STNG,SBNB SBNA SBBA SBBC,SBNB SBNA SBBA SBBC|STNG,SBBA|SBBC|SBNA|SBNB|STNG
STPC.U,BHIL STPC BHIL.WS STPC.WS BHILQ BHILW,BHIL STPC BHIL.WS STPC.WS BHILQ BHILW|STPC.U,BHIL|BHIL.WS|BHILQ|BHILW|STPC|STPC.U|STPC.WS
STPK.U,STEM STPK STEM.WS STPK.WS,STEM STPK STEM.WS STPK.WS|STPK.U,STEM|STEM.WS|STPK|STPK.U|STPK.WS
STR,OSPR OSPRU FLMN OSPRW STRDW STR.WS FLMNW,OSPR OSPRU FLMN OSPRW STRDW STR.WS FLMNW|STR,FLMN|FLMNW|OSPR|OSPRU|OSPRW|STR|STR.WS|STRDW
STR.WS,OSPR OSPRU FLMN OSPRW STR STRDW FLMNW,OSPR OSPRU FLMN OSPRW STR STRDW FLMNW|STR.WS,FLMN|FLMNW|OSPR|OSPRU|OSPRW|STR|STR.WS|STRDW
STRC,MSTR STRD STRK STRF,MSTR STRD STRK STRF|STRC,MSTR|STRC|STRD|STRF|STRK
STRD,MSTR STRK STRF STRC,MSTR STRK STRF STRC|STRD,MSTR|STRC|STRD|STRF|STRK
STRE,STRE.WS STRE.U,STRE|STRE.WS STRE.U,STRE|STRE.U|STRE.WS
STRE.U,STRE STRE.WS,STRE STRE.WS|STRE.U,STRE|STRE.U|STRE.WS
STRE.WS,STRE STRE.U,STRE STRE.U|STRE.WS,STRE|STRE.U|STRE.WS
STRF,MSTR STRD STRK STRC,MSTR STRD STRK STRC|STRF,MSTR|STRC|STRD|STRF|STRK
STRK,MSTR STRD STRF STRC,MSTR STRD STRF STRC|STRK,MSTR|STRC|STRD|STRF|STRK
STRR,HSONP HSON STRRP HHGP,HSONP HSON STRRP HHGP|STRR,HHGP|HSON|HSONP|STRR|STRRP
STRR1,DRADP DRAD STRRP STRR STRRP1,DRADP DRAD STRRP STRR STRRP1|STRR1,DRAD|DRADP|STRR|STRR1|STRRP|STRRP1
STRRP,HSONP HSON STRR HHGP,HSONP HSON STRR HHGP|STRRP,HHGP|HSON|HSONP|STRR|STRRP
STRRP1,DRADP DRAD STRR1 STRRP STRR,DRADP DRAD STRR1 STRRP STRR|STRRP1,DRAD|DRADP|STRR|STRR1|STRRP|STRRP1
STRYQ,STYWQ FMAC STRY FMAC.WS FMAC.U STRY.WS,STRYQ|STYWQ FMAC STRY FMAC.WS FMAC.U STRY.WS,FMAC|FMAC.U|FMAC.WS|STRY|STRY.WS|STRYQ|STYWQ
STRZA,LMCA LMCB STRZB LCPBD LCAPB,LMCA LMCB STRZB LCPBD LCAPB|STRZA,LCAPB|LCPBD|LMCA|LMCB|STRZA|STRZB
STRZB,LMCA LMCB LCPBD LCAPB STRZA,LMCA LMCB LCPBD LCAPB STRZA|STRZB,LCAPB|LCPBD|LMCA|LMCB|STRZA|STRZB
STT,STT-PC STT-PE STT-PD STT-PG,STT|STT-PC STT-PE STT-PD STT-PG,STT|STT-PC|STT-PD|STT-PE|STT-PG
STT-PC,STT-PE STT STT-PD STT-PG,STT-PC|STT-PE STT STT-PD STT-PG,STT|STT-PC|STT-PD|STT-PE|STT-PG
STT-PD,STT-PC STT-PE STT STT-PG,STT-PC STT-PE STT STT-PG|STT-PD,STT|STT-PC|STT-PD|STT-PE|STT-PG
STT-PE,STT-PC STT STT-PD STT-PG,STT-PC STT STT-PD STT-PG|STT-PE,STT|STT-PC|STT-PD|STT-PE|STT-PG
STT-PG,STT-PC STT-PE STT STT-PD,STT-PC STT-PE STT STT-PD|STT-PG,STT|STT-PC|STT-PD|STT-PE|STT-PG
STWOU,STWO GWH,STWO GWH|STWOU,GWH|STWO|STWOU
STWWF,STIXW ASPCU1 ASPCW STIX ASPCU ASPC STIXF,STIXW ASPCU1 ASPCW STIX ASPCU ASPC STIXF|STWWF,ASPC|ASPCU|ASPCU1|ASPCW|STIX|STIXF|STIXW|STWWF
STYLA,IBUYA IBUY,IBUYA IBUY|STYLA,IBUY|IBUYA|STYLA
STYWQ,FMAC STRYQ STRY FMAC.WS FMAC.U STRY.WS,FMAC STRYQ STRY FMAC.WS FMAC.U STRY.WS|STYWQ,FMAC|FMAC.U|FMAC.WS|STRY|STRY.WS|STRYQ|STYWQ
SUAC,SUAC.WS SUAC.U,SUAC|SUAC.WS SUAC.U,SUAC|SUAC.U|SUAC.WS
SUAC.U,SUAC SUAC.WS,SUAC SUAC.WS|SUAC.U,SUAC|SUAC.U|SUAC.WS
SUAC.WS,SUAC SUAC.U,SUAC SUAC.U|SUAC.WS,SUAC|SUAC.U|SUAC.WS
SUBCY,SUBC SOSA ACGY,SUBC SOSA ACGY|SUBCY,ACGY|SOSA|SUBC|SUBCY
SUIG,POKR MCVT,POKR MCVT|SUIG,MCVT|POKR|SUIG
SULWQ,SUNLQ SPRQ SUNL SUNL.WS SPRQ.U,SULWQ|SUNLQ SPRQ SUNL SUNL.WS SPRQ.U,SPRQ|SPRQ.U|SULWQ|SUNL|SUNL.WS|SUNLQ
SUMR,KBLH KBLHU,KBLH KBLHU|SUMR,KBLH|KBLHU|SUMR
SUNE,JCS PEGY,JCS PEGY|SUNE,JCS|PEGY|SUNE
SUNEQ,SUNE WFR,SUNE WFR|SUNEQ,SUNE|SUNEQ|WFR
SUNLQ,SPRQ SUNL SULWQ SUNL.WS SPRQ.U,SPRQ SUNL SULWQ SUNL.WS SPRQ.U|SUNLQ,SPRQ|SPRQ.U|SULWQ|SUNL|SUNL.WS|SUNLQ
SUNWQ,SLTD SUNW MTKN,SLTD SUNW MTKN|SUNWQ,MTKN|SLTD|SUNW|SUNWQ
SURG1,SURG VLFG,SURG VLFG|SURG1,SURG|SURG1|VLFG
SUTMQ,SUTM SVN HLR,SUTM SVN HLR|SUTMQ,HLR|SUTM|SUTMQ|SVN
SVACU,SVAC GFUZ,SVAC GFUZ|SVACU,GFUZ|SVAC|SVACU
SVACU1,SVACW SVACU CYXTW CYXTQ SVAC CYXT,SVACU1|SVACW SVACU CYXTW CYXTQ SVAC CYXT,CYXT|CYXTQ|CYXTW|SVAC|SVACU|SVACU1|SVACW
SVBL,MMGG MMG,MMGG MMG|SVBL,MMG|MMGG|SVBL
SVC,HPTRP HPT,HPTRP HPT|SVC,HPT|HPTRP|SVC
SVEIA,SVG SVG.B,SVEIA|SVG SVG.B,SVEIA|SVG|SVG.B
SVELY,SVEV SE SLCM,SVELY|SVEV SE SLCM,SE|SLCM|SVELY|SVEV
SVFA,SVFAU SVFAW,SVFA|SVFAU SVFAW,SVFA|SVFAU|SVFAW
SVFAU,SVFA SVFAW,SVFA SVFAW|SVFAU,SVFA|SVFAU|SVFAW
SVFAW,SVFA SVFAU,SVFA SVFAU|SVFAW,SVFA|SVFAU|SVFAW
SVG.B,SVEIA SVG,SVEIA SVG|SVG.B,SVEIA|SVG|SVG.B
SVIIR,SVIIW NUCL SVII SVIIF SVIIU,SVIIR|SVIIW NUCL SVII SVIIF SVIIU,NUCL|SVII|SVIIF|SVIIR|SVIIU|SVIIW
SVIIU,SVIIW NUCL SVII SVIIF SVIIR,SVIIU|SVIIW NUCL SVII SVIIF SVIIR,NUCL|SVII|SVIIF|SVIIR|SVIIU|SVIIW
SVIIW,NUCL SVII SVIIF SVIIU SVIIR,NUCL SVII SVIIF SVIIU SVIIR|SVIIW,NUCL|SVII|SVIIF|SVIIR|SVIIU|SVIIW
SVM,SVMLF SVMFF,SVM|SVMLF SVMFF,SVM|SVMFF|SVMLF
SVMHW,SVUHF MOBVU SVMH MOBV MOBVW,SVMHW|SVUHF MOBVU SVMH MOBV MOBVW,MOBV|MOBVU|MOBVW|SVMH|SVMHW|SVUHF
SVNA,SVNAW SVNAU,SVNA|SVNAW SVNAU,SVNA|SVNAU|SVNAW
SVNAU,SVNAW SVNA,SVNAU|SVNAW SVNA,SVNA|SVNAU|SVNAW
SVNAW,SVNAU SVNA,SVNAU SVNA|SVNAW,SVNA|SVNAU|SVNAW
SVOKU,BOXDW SVOK BOXD BOXDQ BOXD.WS SVOKW,BOXDW SVOK BOXD BOXDQ BOXD.WS SVOKW|SVOKU,BOXD|BOXD.WS|BOXDQ|BOXDW|SVOK|SVOKU|SVOKW
SVSVU,SMR.WS SV SMR SVSVW,SMR.WS SV SMR SVSVW|SVSVU,SMR|SMR.WS|SV|SVSVU|SVSVW
SVUHF,SVMHW MOBVU SVMH MOBV MOBVW,SVMHW MOBVU SVMH MOBV MOBVW|SVUHF,MOBV|MOBVU|MOBVW|SVMH|SVMHW|SVUHF
SVUL,IFAQ IFTH SYCM,IFAQ IFTH SYCM|SVUL,IFAQ|IFTH|SVUL|SYCM
SWAGU,NOGN NOGWQ SWAGW SWAG NOGNW NOGNQ,NOGN NOGWQ SWAGW SWAG NOGNW NOGNQ|SWAGU,NOGN|NOGNQ|NOGNW|NOGWQ|SWAG|SWAGU|SWAGW
SWBI,SMWS SWHC SWB AOBC,SMWS SWHC SWB AOBC|SWBI,AOBC|SMWS|SWB|SWBI|SWHC
SWBK.U,BRDSQ SWBK SWBK.WS BRDS BRDS.WS BRDSW,BRDSQ SWBK SWBK.WS BRDS BRDS.WS BRDSW|SWBK.U,BRDS|BRDS.WS|BRDSQ|BRDSW|SWBK|SWBK.U|SWBK.WS
SWET,SWETW SWETU,SWET|SWETW SWETU,SWET|SWETU|SWETW
SWETU,SWETW SWET,SWETU|SWETW SWET,SWET|SWETU|SWETW
SWETW,SWETU SWET,SWETU SWET|SWETW,SWET|SWETU|SWETW
SWHI1,SWHI VDRY,SWHI VDRY|SWHI1,SWHI|SWHI1|VDRY
SWIM2,SWIM IED IEDU,SWIM IED IEDU|SWIM2,IED|IEDU|SWIM|SWIM2
SWK,SBDKU SWU SWP SWKUU SWT SWP1 SWJ SWH,SBDKU SWU SWP SWKUU SWT SWP1 SWJ SWH|SWK,SBDKU|SWH|SWJ|SWK|SWKUU|SWP|SWP1|SWT|SWU
SWKH,SWKHL KANA,SWKH|SWKHL KANA,KANA|SWKH|SWKHL
SWN,SWNC SWRNP,SWN|SWNC SWRNP,SWN|SWNC|SWRNP
SWNC,SWRNP SWN,SWNC|SWRNP SWN,SWN|SWNC|SWRNP
SWP1,SBDKU SWU SWP SWKUU SWT SWJ SWH SWK,SBDKU SWU SWP SWKUU SWT SWJ SWH SWK|SWP1,SBDKU|SWH|SWJ|SWK|SWKUU|SWP|SWP1|SWT|SWU
SWSH1,SCWH SWSH TPCS TPC,SCWH SWSH TPCS TPC|SWSH1,SCWH|SWSH|SWSH1|TPC|TPCS
SWSS,SWSSU SWSSW,SWSS|SWSSU SWSSW,SWSS|SWSSU|SWSSW
SWSSU,SWSS SWSSW,SWSS SWSSW|SWSSU,SWSS|SWSSU|SWSSW
SWSSW,SWSS SWSSU,SWSS SWSSU|SWSSW,SWSS|SWSSU|SWSSW
SWU,SBDKU SWP SWKUU SWT SWP1 SWJ SWH SWK,SBDKU SWP SWKUU SWT SWP1 SWJ SWH SWK|SWU,SBDKU|SWH|SWJ|SWK|SWKUU|SWP|SWP1|SWT|SWU
SWVL,GMBT GMBTU,GMBT GMBTU|SWVL,GMBT|GMBTU|SWVL
SXEEQ,SXE SXEE,SXE SXEE|SXEEQ,SXE|SXEE|SXEEQ
SY2,SY SYBS,SY SYBS|SY2,SY|SY2|SYBS
SYF,SYF-PA SYF-PB,SYF|SYF-PA SYF-PB,SYF|SYF-PA|SYF-PB
SYF-PA,SYF-PB SYF,SYF-PA|SYF-PB SYF,SYF|SYF-PA|SYF-PB
SYF-PB,SYF-PA SYF,SYF-PA SYF|SYF-PB,SYF|SYF-PA|SYF-PB
SYMSQ,SYM SYMS,SYM SYMS|SYMSQ,SYM|SYMS|SYMSQ
SYNB1,SBIO SYNB,SBIO SYNB|SYNB1,SBIO|SYNB|SYNB1
SYNC1,SYNC PUMA,SYNC PUMA|SYNC1,PUMA|SYNC|SYNC1
SYNE,SES SYMX,SES SYMX|SYNE,SES|SYMX|SYNE
SYNI,ALT ALTN SYI,ALT ALTN SYI|SYNI,ALT|ALTN|SYI|SYNI
SYNX1,SYNX FTEC,SYNX FTEC|SYNX1,FTEC|SYNX|SYNX1
SYTAW,SYTA CHAI,SYTA CHAI|SYTAW,CHAI|SYTA|SYTAW
SZZLU1,SZZL SZZLU CRML,SZZL SZZLU CRML|SZZLU1,CRML|SZZL|SZZLU|SZZLU1
T,TBC T-PC T-PA TBB SBC,T|TBC T-PC T-PA TBB SBC,SBC|T|T-PA|T-PC|TBB|TBC
T-PA,TBC T T-PC TBB SBC,T-PA|TBC T T-PC TBB SBC,SBC|T|T-PA|T-PC|TBB|TBC
T-PC,TBC T T-PA TBB SBC,T-PC|TBC T T-PA TBB SBC,SBC|T|T-PA|T-PC|TBB|TBC
TA,TANNL TANNI TANNZ,TA|TANNL TANNI TANNZ,TA|TANNI|TANNL|TANNZ
TA1,FSI TA,FSI TA|TA1,FSI|TA|TA1
TACA,TACA.U TACA.WS,TACA|TACA.U TACA.WS,TACA|TACA.U|TACA.WS
TACA.U,TACA TACA.WS,TACA TACA.WS|TACA.U,TACA|TACA.U|TACA.WS
TACA.WS,TACA.U TACA,TACA.U TACA|TACA.WS,TACA|TACA.U|TACA.WS
TACO2,TACOU1 LEVY TACOU LEVYU TACO,TACO2|TACOU1 LEVY TACOU LEVYU TACO,LEVY|LEVYU|TACO|TACO2|TACOU|TACOU1
TACOU1,TACO2 LEVY TACOU LEVYU TACO,TACO2 LEVY TACOU LEVYU TACO|TACOU1,LEVY|LEVYU|TACO|TACO2|TACOU|TACOU1
TALK,HEC HECCU,HEC HECCU|TALK,HEC|HECCU|TALK
TALN,TAG TLN,TAG TLN|TALN,TAG|TALN|TLN
TAOP,CIFS CPBY CNIT,CIFS CPBY CNIT|TAOP,CIFS|CNIT|CPBY|TAOP
TAP,RKY TAP.A,RKY TAP.A|TAP,RKY|TAP|TAP.A
TAP.A,RKY TAP,RKY TAP|TAP.A,RKY|TAP|TAP.A
TAP.A1,TAP.B TAP.A,TAP.A1|TAP.B TAP.A,TAP.A|TAP.A1|TAP.B
TAP.B,TAP.A1 TAP.A,TAP.A1 TAP.A|TAP.B,TAP.A|TAP.A1|TAP.B
TASIF,TAS TASXF,TAS TASXF|TASIF,TAS|TASIF|TASXF
TAT,TATPF TAPFF,TAT|TATPF TAPFF,TAPFF|TAT|TATPF
TBA2,TBA TBAE,TBA TBAE|TBA2,TBA|TBA2|TBAE
TBCH,PAMT HEAR,PAMT HEAR|TBCH,HEAR|PAMT|TBCH
TBCP,TBCPU TBCPW,TBCP|TBCPU TBCPW,TBCP|TBCPU|TBCPW
TBCPU,TBCP TBCPW,TBCP TBCPW|TBCPU,TBCP|TBCPU|TBCPW
TBCPW,TBCP TBCPU,TBCP TBCPU|TBCPW,TBCP|TBCPU|TBCPW
TBI1,TBI TMBR,TBI TMBR|TBI1,TBI|TBI1|TMBR
TBLA,IACA IACA.U,IACA IACA.U|TBLA,IACA|IACA.U|TBLA
TBLT,TBLTU TBLTW,TBLT|TBLTU TBLTW,TBLT|TBLTU|TBLTW
TBLTW,TBLTU TBLT,TBLTU TBLT|TBLTW,TBLT|TBLTU|TBLTW
TBRGU,TBRG RPAY,TBRG RPAY|TBRGU,RPAY|TBRG|TBRGU
TBSA,TBSAU TBSAW,TBSA|TBSAU TBSAW,TBSA|TBSAU|TBSAW
TBSAU,TBSAW TBSA,TBSAU|TBSAW TBSA,TBSA|TBSAU|TBSAW
TBSAW,TBSAU TBSA,TBSAU TBSA|TBSAW,TBSA|TBSAU|TBSAW
TCACU,SBIGW TCAC SBIG TCACW,SBIGW TCAC SBIG TCACW|TCACU,SBIG|SBIGW|TCAC|TCACU|TCACW
TCAHQ,TAA MTP,TAA MTP|TCAHQ,MTP|TAA|TCAHQ
TCBI,TCBIP TCBIL TCBIO,TCBI|TCBIP TCBIL TCBIO,TCBI|TCBIL|TCBIO|TCBIP
TCBIO,TCBIP TCBI TCBIL,TCBIO|TCBIP TCBI TCBIL,TCBI|TCBIL|TCBIO|TCBIP
TCBIP,TCBI TCBIL TCBIO,TCBI TCBIL TCBIO|TCBIP,TCBI|TCBIL|TCBIO|TCBIP
TCF,TCFCP CHFC,TCF|TCFCP CHFC,CHFC|TCF|TCFCP
TCF-PB,TCF-PD TCF TCB TCF1 TCF-PC,TCF-PB|TCF-PD TCF TCB TCF1 TCF-PC,TCB|TCF|TCF-PB|TCF-PC|TCF-PD|TCF1
TCF-PC,TCF-PD TCF-PB TCF TCB TCF1,TCF-PC|TCF-PD TCF-PB TCF TCB TCF1,TCB|TCF|TCF-PB|TCF-PC|TCF-PD|TCF1
TCF-PD,TCF-PB TCF TCB TCF1 TCF-PC,TCF-PB TCF TCB TCF1 TCF-PC|TCF-PD,TCB|TCF|TCF-PB|TCF-PC|TCF-PD|TCF1
TCF1,TCF-PD TCF-PB TCF TCB TCF-PC,TCF-PD TCF-PB TCF TCB TCF-PC|TCF1,TCB|TCF|TCF-PB|TCF-PC|TCF-PD|TCF1
TCFCP,TCF CHFC,TCF CHFC|TCFCP,CHFC|TCF|TCFCP
TCO,TCOPP TCO-PJ TCO-PK,TCO|TCOPP TCO-PJ TCO-PK,TCO|TCO-PJ|TCO-PK|TCOPP
TCO-PJ,TCOPP TCO TCO-PK,TCO-PJ|TCOPP TCO TCO-PK,TCO|TCO-PJ|TCO-PK|TCOPP
TCO-PK,TCOPP TCO-PJ TCO,TCO-PK|TCOPP TCO-PJ TCO,TCO|TCO-PJ|TCO-PK|TCOPP
TCOA,TCOA.U TCOAW TCOA.WS,TCOA|TCOA.U TCOAW TCOA.WS,TCOA|TCOA.U|TCOA.WS|TCOAW
TCOA.U,TCOAW TCOA.WS TCOA,TCOA.U|TCOAW TCOA.WS TCOA,TCOA|TCOA.U|TCOA.WS|TCOAW
TCOAW,TCOA.U TCOA.WS TCOA,TCOA.U TCOA.WS TCOA|TCOAW,TCOA|TCOA.U|TCOA.WS|TCOAW
TCPTF,TCMRF TC,TCMRF TC|TCPTF,TC|TCMRF|TCPTF
TCRT,ZIOP ESWB,TCRT|ZIOP ESWB,ESWB|TCRT|ZIOP
TCSGQ,TCSG TCS,TCSG TCS|TCSGQ,TCS|TCSG|TCSGQ
TCX,TCOW INFO,TCOW INFO|TCX,INFO|TCOW|TCX
TDACU1,TDACU LTRY SEGG TDAC,TDACU LTRY SEGG TDAC|TDACU1,LTRY|SEGG|TDAC|TDACU|TDACU1
TDAY,GCI.W GCI,GCI.W GCI|TDAY,GCI|GCI.W|TDAY
TDS,TDSS TDI1 TDI TDA TDJ TDS-PU TDS-PV TDE,TDS|TDSS TDI1 TDI TDA TDJ TDS-PU TDS-PV TDE,TDA|TDE|TDI|TDI1|TDJ|TDS|TDS-PU|TDS-PV|TDSS
TDS-PU,TDSS TDI1 TDI TDA TDJ TDS TDS-PV TDE,TDS-PU|TDSS TDI1 TDI TDA TDJ TDS TDS-PV TDE,TDA|TDE|TDI|TDI1|TDJ|TDS|TDS-PU|TDS-PV|TDSS
TDS-PV,TDSS TDI1 TDI TDA TDJ TDS TDS-PU TDE,TDS-PV|TDSS TDI1 TDI TDA TDJ TDS TDS-PU TDE,TDA|TDE|TDI|TDI1|TDJ|TDS|TDS-PU|TDS-PV|TDSS
TDSS,TDI1 TDI TDA TDJ TDS TDS-PU TDS-PV TDE,TDI1 TDI TDA TDJ TDS TDS-PU TDS-PV TDE|TDSS,TDA|TDE|TDI|TDI1|TDJ|TDS|TDS-PU|TDS-PV|TDSS
TDW,TDWTW TDDTW TDW.WSA TDW.WS TDW.WSB,TDW|TDWTW TDDTW TDW.WSA TDW.WS TDW.WSB,TDDTW|TDW|TDW.WS|TDW.WSA|TDW.WSB|TDWTW
TDW.WS,TDWTW TDDTW TDW TDW.WSA TDW.WSB,TDW.WS|TDWTW TDDTW TDW TDW.WSA TDW.WSB,TDDTW|TDW|TDW.WS|TDW.WSA|TDW.WSB|TDWTW
TDW.WSA,TDWTW TDDTW TDW TDW.WS TDW.WSB,TDW.WSA|TDWTW TDDTW TDW TDW.WS TDW.WSB,TDDTW|TDW|TDW.WS|TDW.WSA|TDW.WSB|TDWTW
TDW.WSB,TDWTW TDDTW TDW TDW.WSA TDW.WS,TDW.WSB|TDWTW TDDTW TDW TDW.WSA TDW.WS,TDDTW|TDW|TDW.WS|TDW.WSA|TDW.WSB|TDWTW
TE,FREY ALUS.U ALUS,FREY ALUS.U ALUS|TE,ALUS|ALUS.U|FREY|TE
TEAR,RHEO OCCX,RHEO OCCX|TEAR,OCCX|RHEO|TEAR
TECJQ,TEC TPE,TEC TPE|TECJQ,TEC|TECJQ|TPE
TECK,TCK TCKBF,TCK TCKBF|TECK,TCK|TCKBF|TECK
TECU,TECUB TECUA,TECU|TECUB TECUA,TECU|TECUA|TECUB
TECUA,TECU TECUB,TECU TECUB|TECUA,TECU|TECUA|TECUB
TEKK,TEKKU TEKKW,TEKK|TEKKU TEKKW,TEKK|TEKKU|TEKKW
TEKKU,TEKK TEKKW,TEKK TEKKW|TEKKU,TEKK|TEKKU|TEKKW
TEKKW,TEKKU TEKK,TEKKU TEKK|TEKKW,TEKK|TEKKU|TEKKW
TELL,TELZ MPET,TELL|TELZ MPET,MPET|TELL|TELZ
TEN,TNP-PE TEN-PF TEN-PE TNP TNP-PD TNP-PB TNP-PF TNP-PC,TEN|TNP-PE TEN-PF TEN-PE TNP TNP-PD TNP-PB TNP-PF TNP-PC,TEN|TEN-PE|TEN-PF|TNP|TNP-PB|TNP-PC|TNP-PD|TNP-PE|TNP-PF
TEN-PE,TNP-PE TEN-PF TNP TNP-PD TEN TNP-PB TNP-PF TNP-PC,TEN-PE|TNP-PE TEN-PF TNP TNP-PD TEN TNP-PB TNP-PF TNP-PC,TEN|TEN-PE|TEN-PF|TNP|TNP-PB|TNP-PC|TNP-PD|TNP-PE|TNP-PF
TEN-PF,TNP-PE TEN-PE TNP TNP-PD TEN TNP-PB TNP-PF TNP-PC,TEN-PF|TNP-PE TEN-PE TNP TNP-PD TEN TNP-PB TNP-PF TNP-PC,TEN|TEN-PE|TEN-PF|TNP|TNP-PB|TNP-PC|TNP-PD|TNP-PE|TNP-PF
TENG1,TSRG TENG,TENG1|TSRG TENG,TENG|TENG1|TSRG
TENKR,TENKU TENK CTOR,TENKR|TENKU TENK CTOR,CTOR|TENK|TENKR|TENKU
TENKU,TENKR TENK CTOR,TENKR TENK CTOR|TENKU,CTOR|TENK|TENKR|TENKU
TENX,OXBO OXBT,OXBO OXBT|TENX,OXBO|OXBT|TENX
TETC,TETCU TETCW,TETC|TETCU TETCW,TETC|TETCU|TETCW
TETCU,TETCW TETC,TETCU|TETCW TETC,TETC|TETCU|TETCW
TETCW,TETCU TETC,TETCU TETC|TETCW,TETC|TETCU|TETCW
TETEF,TETE TETEW TETEU,TETE TETEW TETEU|TETEF,TETE|TETEF|TETEU|TETEW
TETEU,TETE TETEW TETEF,TETE TETEW TETEF|TETEU,TETE|TETEF|TETEU|TETEW
TETEW,TETE TETEU TETEF,TETE TETEU TETEF|TETEW,TETE|TETEF|TETEU|TETEW
TEUM,ETAK ETLK,ETAK ETLK|TEUM,ETAK|ETLK|TEUM
TFC,TFC-PG BBT BBT-PF TFC-PI TFC-PO BBK BBT-PE BBT-PH TFC-PF BBTTL TFC-PH BBT-PG BBT-PD TFC-PR,TFC|TFC-PG BBT BBT-PF TFC-PI TFC-PO BBK BBT-PE BBT-PH TFC-PF BBTTL TFC-PH BBT-PG BBT-PD TFC-PR,BBK|BBT|BBT-PD|BBT-PE|BBT-PF|BBT-PG|BBT-PH|BBTTL|TFC|TFC-PF|TFC-PG|TFC-PH|TFC-PI|TFC-PO|TFC-PR
TFC-PF,TFC-PG BBT BBT-PF TFC-PI TFC-PO BBK BBT-PE BBT-PH BBTTL TFC TFC-PH BBT-PG BBT-PD TFC-PR,TFC-PF|TFC-PG BBT BBT-PF TFC-PI TFC-PO BBK BBT-PE BBT-PH BBTTL TFC TFC-PH BBT-PG BBT-PD TFC-PR,BBK|BBT|BBT-PD|BBT-PE|BBT-PF|BBT-PG|BBT-PH|BBTTL|TFC|TFC-PF|TFC-PG|TFC-PH|TFC-PI|TFC-PO|TFC-PR
TFC-PG,BBT BBT-PF TFC-PI TFC-PO BBK BBT-PE BBTTL TFC-PF BBT-PH TFC TFC-PH BBT-PG BBT-PD TFC-PR,BBT BBT-PF TFC-PI TFC-PO BBK BBT-PE BBTTL TFC-PF BBT-PH TFC TFC-PH BBT-PG BBT-PD TFC-PR|TFC-PG,BBK|BBT|BBT-PD|BBT-PE|BBT-PF|BBT-PG|BBT-PH|BBTTL|TFC|TFC-PF|TFC-PG|TFC-PH|TFC-PI|TFC-PO|TFC-PR
TFC-PH,TFC-PG BBT BBT-PF TFC-PI TFC-PO BBK BBT-PE BBT-PH TFC-PF BBTTL TFC BBT-PG BBT-PD TFC-PR,TFC-PG BBT BBT-PF TFC-PI TFC-PO BBK BBT-PE BBT-PH TFC-PF BBTTL TFC BBT-PG BBT-PD TFC-PR|TFC-PH,BBK|BBT|BBT-PD|BBT-PE|BBT-PF|BBT-PG|BBT-PH|BBTTL|TFC|TFC-PF|TFC-PG|TFC-PH|TFC-PI|TFC-PO|TFC-PR
TFC-PI,TFC-PG BBT BBT-PF TFC-PO BBK BBT-PE BBT-PH TFC-PF BBTTL TFC TFC-PH BBT-PG BBT-PD TFC-PR,TFC-PG BBT BBT-PF TFC-PO BBK BBT-PE BBT-PH TFC-PF BBTTL TFC TFC-PH BBT-PG BBT-PD TFC-PR|TFC-PI,BBK|BBT|BBT-PD|BBT-PE|BBT-PF|BBT-PG|BBT-PH|BBTTL|TFC|TFC-PF|TFC-PG|TFC-PH|TFC-PI|TFC-PO|TFC-PR
TFC-PO,TFC-PG BBT BBT-PF TFC-PI BBK BBT-PE BBT-PH TFC-PF BBTTL TFC TFC-PH BBT-PG BBT-PD TFC-PR,TFC-PG BBT BBT-PF TFC-PI BBK BBT-PE BBT-PH TFC-PF BBTTL TFC TFC-PH BBT-PG BBT-PD TFC-PR|TFC-PO,BBK|BBT|BBT-PD|BBT-PE|BBT-PF|BBT-PG|BBT-PH|BBTTL|TFC|TFC-PF|TFC-PG|TFC-PH|TFC-PI|TFC-PO|TFC-PR
TFC-PR,TFC-PG BBT BBT-PF TFC-PI TFC-PO BBK BBT-PE BBT-PH TFC-PF BBTTL TFC TFC-PH BBT-PG BBT-PD,TFC-PG BBT BBT-PF TFC-PI TFC-PO BBK BBT-PE BBT-PH TFC-PF BBTTL TFC TFC-PH BBT-PG BBT-PD|TFC-PR,BBK|BBT|BBT-PD|BBT-PE|BBT-PF|BBT-PG|BBT-PH|BBTTL|TFC|TFC-PF|TFC-PG|TFC-PH|TFC-PI|TFC-PO|TFC-PR
TFCF,NWS TFCFA NWSA FOXA FOX,NWS TFCFA NWSA FOXA FOX|TFCF,FOX|FOXA|NWS|NWSA|TFCF|TFCFA
TFCFA,NWS NWSA FOXA FOX TFCF,NWS NWSA FOXA FOX TFCF|TFCFA,FOX|FOXA|NWS|NWSA|TFCF|TFCFA
TFIN,TBKCP TFIN-P TBK,TBKCP TFIN-P TBK|TFIN,TBK|TBKCP|TFIN|TFIN-P
TFIN-P,TBKCP TFIN TBK,TBKCP TFIN TBK|TFIN-P,TBK|TBKCP|TFIN|TFIN-P
TFRFF,TFRLF TFR,TFRFF|TFRLF TFR,TFR|TFRFF|TFRLF
TFSIQ,TFSI TFS,TFSI TFS|TFSIQ,TFS|TFSI|TFSIQ
TGAAF,TGAAU TGAAW TGAA,TGAAF|TGAAU TGAAW TGAA,TGAA|TGAAF|TGAAU|TGAAW
TGAAU,TGAAF TGAAW TGAA,TGAAF TGAAW TGAA|TGAAU,TGAA|TGAAF|TGAAU|TGAAW
TGAAW,TGAAF TGAAU TGAA,TGAAF TGAAU TGAA|TGAAW,TGAA|TGAAF|TGAAU|TGAAW
TGE,BSII BSIIU,BSII BSIIU|TGE,BSII|BSIIU|TGE
TGE1,TEGP TGE,TEGP TGE|TGE1,TEGP|TGE|TGE1
TGH,TGH-PA TGH-PB,TGH|TGH-PA TGH-PB,TGH|TGH-PA|TGH-PB
TGH-PA,TGH TGH-PB,TGH TGH-PB|TGH-PA,TGH|TGH-PA|TGH-PB
TGH-PB,TGH TGH-PA,TGH TGH-PA|TGH-PB,TGH|TGH-PA|TGH-PB
TGLS,ANDAU ANDA,ANDAU ANDA|TGLS,ANDA|ANDAU|TGLS
TGP,TGP-PA SEAL-PB TGP-PB SEAL-PA,TGP|TGP-PA SEAL-PB TGP-PB SEAL-PA,SEAL-PA|SEAL-PB|TGP|TGP-PA|TGP-PB
TGP1,GP1 GP TGP,GP1 GP TGP|TGP1,GP|GP1|TGP|TGP1
TGR,TGR.U TGR.WS,TGR|TGR.U TGR.WS,TGR|TGR.U|TGR.WS
TGR.U,TGR TGR.WS,TGR TGR.WS|TGR.U,TGR|TGR.U|TGR.WS
TGR.WS,TGR.U TGR,TGR.U TGR|TGR.WS,TGR|TGR.U|TGR.WS
TGTX,MHA MHTT MHAN,MHA MHTT MHAN|TGTX,MHA|MHAN|MHTT|TGTX
TGVC,TGVCU TGVCW,TGVC|TGVCU TGVCW,TGVC|TGVCU|TGVCW
TGVCU,TGVC TGVCW,TGVC TGVCW|TGVCU,TGVC|TGVCU|TGVCW
TGVCW,TGVC TGVCU,TGVC TGVCU|TGVCW,TGVC|TGVCU|TGVCW
TH,EAGLU EAGL EAGLW THWWW,EAGLU EAGL EAGLW THWWW|TH,EAGL|EAGLU|EAGLW|TH|THWWW
THAC,THACU THACW,THAC|THACU THACW,THAC|THACU|THACW
THACU,THACW THAC,THACU|THACW THAC,THAC|THACU|THACW
THACW,THACU THAC,THACU THAC|THACW,THAC|THACU|THACW
THBRU,INDIW THBR THBRW INDI,INDIW THBR THBRW INDI|THBRU,INDI|INDIW|THBR|THBRU|THBRW
THCA,THCAU THCAW,THCA|THCAU THCAW,THCA|THCAU|THCAW
THCAU,THCA THCAW,THCA THCAW|THCAU,THCA|THCAU|THCAW
THCAW,THCAU THCA,THCAU THCA|THCAW,THCA|THCAU|THCAW
THCBU,THCB MVST,THCB MVST|THCBU,MVST|THCB|THCBU
THCH,THCHW SLCRW SLCRU SLCR,THCH|THCHW SLCRW SLCRU SLCR,SLCR|SLCRU|SLCRW|THCH|THCHW
THCHW,THCH SLCRW SLCRU SLCR,THCH SLCRW SLCRU SLCR|THCHW,SLCR|SLCRU|SLCRW|THCH|THCHW
THCPU,THCP CNCK,THCP CNCK|THCPU,CNCK|THCP|THCPU
THEGQ,TWTR TWTRQ,THEGQ|TWTR TWTRQ,THEGQ|TWTR|TWTRQ
THG,THGA AFC,THG|THGA AFC,AFC|THG|THGA
THMAU,PEAR PERWQ PEARQ THMAW PEARW THMA,PEAR PERWQ PEARQ THMAW PEARW THMA|THMAU,PEAR|PEARQ|PEARW|PERWQ|THMA|THMAU|THMAW
THMRQ,TMA THMR,THMRQ|TMA THMR,THMR|THMRQ|TMA
THNKQ,THNK CGN,THNK CGN|THNKQ,CGN|THNK|THNKQ
THTX,THER THERF THTCF,THER THERF THTCF|THTX,THER|THERF|THTCF|THTX
THWWW,EAGLU EAGL EAGLW TH,EAGLU EAGL EAGLW TH|THWWW,EAGL|EAGLU|EAGLW|TH|THWWW
TIAIY,TIIAY TI.A TI,TIAIY|TIIAY TI.A TI,TI|TI.A|TIAIY|TIIAY
TIGO,TIGOR MICC,TIGO|TIGOR MICC,MICC|TIGO|TIGOR
TIGOR,TIGO MICC,TIGO MICC|TIGOR,MICC|TIGO|TIGOR
TIGR1,TIGR RDTA OMNS,TIGR RDTA OMNS|TIGR1,OMNS|RDTA|TIGR|TIGR1
TII.A,TII TLXLY,TII TLXLY|TII.A,TII|TII.A|TLXLY
TIIAY,TIAIY TI.A TI,TIAIY TI.A TI|TIIAY,TI|TI.A|TIAIY|TIIAY
TIKRF,TIGA TKCRF,TIGA TKCRF|TIKRF,TIGA|TIKRF|TKCRF
TINV.U,GRND GRND.WS TINV.WS TINV,GRND GRND.WS TINV.WS TINV|TINV.U,GRND|GRND.WS|TINV|TINV.U|TINV.WS
TIOA,TIOAW TIOAU,TIOA|TIOAW TIOAU,TIOA|TIOAU|TIOAW
TIOAU,TIOAW TIOA,TIOAU|TIOAW TIOA,TIOA|TIOAU|TIOAW
TIOAW,TIOA TIOAU,TIOA TIOAU|TIOAW,TIOA|TIOAU|TIOAW
TIOG,TIO MICT,TIO MICT|TIOG,MICT|TIO|TIOG
TIPT,CVTR CRE,CVTR CRE|TIPT,CRE|CVTR|TIPT
TIVO,MVSN ROVI,MVSN ROVI|TIVO,MVSN|ROVI|TIVO
TLCVF,TLCVQ TLCV,TLCVF|TLCVQ TLCV,TLCV|TLCVF|TLCVQ
TLG1,TARG AMTZ TLG,TARG AMTZ TLG|TLG1,AMTZ|TARG|TLG|TLG1
TLGA.U,ELIWQ TLGA ELIQW ELIQQ TLGA.WS ELIQ ELIQ.WS,ELIWQ TLGA ELIQW ELIQQ TLGA.WS ELIQ ELIQ.WS|TLGA.U,ELIQ|ELIQ.WS|ELIQQ|ELIQW|ELIWQ|TLGA|TLGA.U|TLGA.WS
TLGYF,TLGYU TLGY TLGYW,TLGYF|TLGYU TLGY TLGYW,TLGY|TLGYF|TLGYU|TLGYW
TLGYU,TLGYF TLGY TLGYW,TLGYF TLGY TLGYW|TLGYU,TLGY|TLGYF|TLGYU|TLGYW
TLGYW,TLGYU TLGYF TLGY,TLGYU TLGYF TLGY|TLGYW,TLGY|TLGYF|TLGYU|TLGYW
TLLEQ,TLLE TLL,TLLE TLL|TLLEQ,TLL|TLLE|TLLEQ
TLMD,TLMDW HCCOU HCCOW HCCO,TLMD|TLMDW HCCOU HCCOW HCCO,HCCO|HCCOU|HCCOW|TLMD|TLMDW
TLMDW,HCCOU TLMD HCCOW HCCO,HCCOU TLMD HCCOW HCCO|TLMDW,HCCO|HCCOU|HCCOW|TLMD|TLMDW
TLON,HNAB EMLR HBX,HNAB EMLR HBX|TLON,EMLR|HBX|HNAB|TLON
TLRDQ,MW TLRD,MW TLRD|TLRDQ,MW|TLRD|TLRDQ
TLRS,TBLC TLR,TBLC TLR|TLRS,TBLC|TLR|TLRS
TMAC,TMAC.U TMAC.WS,TMAC|TMAC.U TMAC.WS,TMAC|TMAC.U|TMAC.WS
TLSI,MTAC MTACU,MTAC MTACU|TLSI,MTAC|MTACU|TLSI
TLSI1,AXIM TLSI,AXIM TLSI|TLSI1,AXIM|TLSI|TLSI1
TLXLY,TII TII.A,TII TII.A|TLXLY,TII|TII.A|TLXLY
TMBRQ,BPMX TMBR,BPMX TMBR|TMBRQ,BPMX|TMBR|TMBRQ
TMC,SOAC.U SOAC,SOAC.U SOAC|TMC,SOAC|SOAC.U|TMC
TMK-PB,GL-PD GL-PC TMK-PC GL TMK,GL-PD GL-PC TMK-PC GL TMK|TMK-PB,GL|GL-PC|GL-PD|TMK|TMK-PB|TMK-PC
TMM.L,GTMAY TMM,GTMAY TMM|TMM.L,GTMAY|TMM|TMM.L
TMOSQ,TMAM TMOS,TMAM TMOS|TMOSQ,TMAM|TMOS|TMOSQ
TMPM,TMPMW TMPMU,TMPM|TMPMW TMPMU,TMPM|TMPMU|TMPMW
TMPMU,TMPMW TMPM,TMPMU|TMPMW TMPM,TMPM|TMPMU|TMPMW
TMPMW,TMPMU TMPM,TMPMU TMPM|TMPMW,TMPM|TMPMU|TMPMW
TMPOQ,TMPOW ACEVW ACEVU ACEV TMPOWQ TMPO,TMPOQ|TMPOW ACEVW ACEVU ACEV TMPOWQ TMPO,ACEV|ACEVU|ACEVW|TMPO|TMPOQ|TMPOW|TMPOWQ
TMPOWQ,TMPOW ACEVW ACEVU ACEV TMPO TMPOQ,TMPOW ACEVW ACEVU ACEV TMPO TMPOQ|TMPOWQ,ACEV|ACEVU|ACEVW|TMPO|TMPOQ|TMPOW|TMPOWQ
TMRK,ATC AVIC TWW,ATC AVIC TWW|TMRK,ATC|AVIC|TMRK|TWW
TMS,LOKVU LOKV,LOKVU LOKV|TMS,LOKV|LOKVU|TMS
TMTCR,ELPW TMTC TMTCU,ELPW TMTC TMTCU|TMTCR,ELPW|TMTC|TMTCR|TMTCU
TMTCU,TMTCR ELPW TMTC,TMTCR ELPW TMTC|TMTCU,ELPW|TMTC|TMTCR|TMTCU
TMTSU1,TMTSU TMTS NN,TMTSU TMTS NN|TMTSU1,NN|TMTS|TMTSU|TMTSU1
TMUS,PCS TMUSZ TMUSI TMBLP TMUSL TMUSP TMUS-PA,PCS TMUSZ TMUSI TMBLP TMUSL TMUSP TMUS-PA|TMUS,PCS|TMBLP|TMUS|TMUS-PA|TMUSI|TMUSL|TMUSP|TMUSZ
TMUSP,PCS TMUS TMUSZ TMUSI TMBLP TMUSL TMUS-PA,PCS TMUS TMUSZ TMUSI TMBLP TMUSL TMUS-PA|TMUSP,PCS|TMBLP|TMUS|TMUS-PA|TMUSI|TMUSL|TMUSP|TMUSZ
TMYEQ,TMXN TMYE TMY,TMXN TMYE TMY|TMYEQ,TMXN|TMY|TMYE|TMYEQ
TNL,WYND WYN,TNL|WYND WYN,TNL|WYN|WYND
TNMG,BOCNW BOCN BOCNU,BOCNW BOCN BOCNU|TNMG,BOCN|BOCNU|BOCNW|TNMG
TNOLF,BVRTF BVRT,BVRTF BVRT|TNOLF,BVRT|BVRTF|TNOLF
TNP-PB,TNP-PE TEN-PF TEN-PE TNP TNP-PD TEN TNP-PF TNP-PC,TNP-PB|TNP-PE TEN-PF TEN-PE TNP TNP-PD TEN TNP-PF TNP-PC,TEN|TEN-PE|TEN-PF|TNP|TNP-PB|TNP-PC|TNP-PD|TNP-PE|TNP-PF
TNP-PC,TNP-PE TEN-PF TEN-PE TNP TNP-PD TEN TNP-PB TNP-PF,TNP-PC|TNP-PE TEN-PF TEN-PE TNP TNP-PD TEN TNP-PB TNP-PF,TEN|TEN-PE|TEN-PF|TNP|TNP-PB|TNP-PC|TNP-PD|TNP-PE|TNP-PF
TNP-PD,TNP-PE TEN-PF TEN-PE TNP TEN TNP-PB TNP-PF TNP-PC,TNP-PD|TNP-PE TEN-PF TEN-PE TNP TEN TNP-PB TNP-PF TNP-PC,TEN|TEN-PE|TEN-PF|TNP|TNP-PB|TNP-PC|TNP-PD|TNP-PE|TNP-PF
TNSIQ,TRIN ZTEL,TNSIQ|TRIN ZTEL,TNSIQ|TRIN|ZTEL
TOAC,TOACW TOACU,TOAC|TOACW TOACU,TOAC|TOACU|TOACW
TOACU,TOACW TOAC,TOACU|TOACW TOAC,TOAC|TOACU|TOACW
TOACW,TOACU TOAC,TOACU TOAC|TOACW,TOAC|TOACU|TOACW
TOI,DFPHU DFPH,DFPHU DFPH|TOI,DFPH|DFPHU|TOI
TONT,GRAF GRAF.U TONT.U,GRAF GRAF.U TONT.U|TONT,GRAF|GRAF.U|TONT|TONT.U
TONT.U,GRAF GRAF.U TONT,GRAF GRAF.U TONT|TONT.U,GRAF|GRAF.U|TONT|TONT.U
TONX,VERB VRRB FUSZD BBTH VERBW FUSZ,TONX|VERB VRRB FUSZD BBTH VERBW FUSZ,BBTH|FUSZ|FUSZD|TONX|VERB|VERBW|VRRB
TOO,TOO-PE TOO-PA ALIN-PE TOO-PB ALIN-PB ALIN-PA,TOO|TOO-PE TOO-PA ALIN-PE TOO-PB ALIN-PB ALIN-PA,ALIN-PA|ALIN-PB|ALIN-PE|TOO|TOO-PA|TOO-PB|TOO-PE
TOON,PENT GNUSD GNUS,PENT GNUSD GNUS|TOON,GNUS|GNUSD|PENT|TOON
TORZ,SUOT SUTR TOR,SUOT SUTR TOR|TORZ,SUOT|SUTR|TOR|TORZ
TOUSQ,TOA TOUS,TOA TOUS|TOUSQ,TOA|TOUS|TOUSQ
TOVX,SYN PPXP AEN PPEX PP,SYN PPXP AEN PPEX PP|TOVX,AEN|PP|PPEX|PPXP|SYN|TOVX
TOYO,BWAQU BWAQW BWAQR BWAQ,BWAQU BWAQW BWAQR BWAQ|TOYO,BWAQ|BWAQR|BWAQU|BWAQW|TOYO
TPBAU,KBFR TPBA LVROW LVROF TPBAW,KBFR TPBA LVROW LVROF TPBAW|TPBAU,KBFR|LVROF|LVROW|TPBA|TPBAU|TPBAW
TPCG,TXPI TPCP,TPCG|TXPI TPCP,TPCG|TPCP|TXPI
TPCO,TRNC TPUB,TPCO|TRNC TPUB,TPCO|TPUB|TRNC
TPGY,TPGY.WS TPGY.U,TPGY|TPGY.WS TPGY.U,TPGY|TPGY.U|TPGY.WS
TPGY.U,TPGY TPGY.WS,TPGY TPGY.WS|TPGY.U,TPGY|TPGY.U|TPGY.WS
TPGY.WS,TPGY TPGY.U,TPGY TPGY.U|TPGY.WS,TPGY|TPGY.U|TPGY.WS
TPIY,TYNP TPI,TPIY|TYNP TPI,TPI|TPIY|TYNP
TPLQ,VNCI TLKP OCOM,TPLQ|VNCI TLKP OCOM,OCOM|TLKP|TPLQ|VNCI
TPOSQ,TPO TPOS TPOSE,TPO TPOS TPOSE|TPOSQ,TPO|TPOS|TPOSE|TPOSQ
TPPHQ,NPRO TPPH,NPRO TPPH|TPPHQ,NPRO|TPPH|TPPHQ
TPST,OVAS OVSC MLND,OVAS OVSC MLND|TPST,MLND|OVAS|OVSC|TPST
TPUTQ,TPUT TONS SHJ,TPUT TONS SHJ|TPUTQ,SHJ|TONS|TPUT|TPUTQ
TPVG,TPVZ TPVY,TPVG|TPVZ TPVY,TPVG|TPVY|TPVZ
TRAD1,TRAD OMGA,TRAD OMGA|TRAD1,OMGA|TRAD|TRAD1
TRAQ,TRAQ.U TRAQ.WS,TRAQ|TRAQ.U TRAQ.WS,TRAQ|TRAQ.U|TRAQ.WS
TRAQ.U,TRAQ.WS TRAQ,TRAQ.U|TRAQ.WS TRAQ,TRAQ|TRAQ.U|TRAQ.WS
TRAQ.WS,TRAQ.U TRAQ,TRAQ.U TRAQ|TRAQ.WS,TRAQ|TRAQ.U|TRAQ.WS
TRAW,ONTXW ONTX,ONTXW ONTX|TRAW,ONTX|ONTXW|TRAW
TRCA.U,TRCA.WS CREV CREVF TRCA CREVW,TRCA.U|TRCA.WS CREV CREVF TRCA CREVW,CREV|CREVF|CREVW|TRCA|TRCA.U|TRCA.WS
TRDFF,TRDR TRDRA,TRDFF|TRDR TRDRA,TRDFF|TRDR|TRDRA
TREB.U,SST.WS TREB TREB.WS SST,SST.WS TREB TREB.WS SST|TREB.U,SST|SST.WS|TREB|TREB.U|TREB.WS
TRI1,TRIH TRI,TRI1|TRIH TRI,TRI|TRI1|TRIH
TRIL1,SCTPF TRIL,SCTPF TRIL|TRIL1,SCTPF|TRIL|TRIL1
TRIN,TRINL TRINI TRNZ TRINZ TRNI,TRIN|TRINL TRINI TRNZ TRINZ TRNI,TRIN|TRINI|TRINL|TRINZ|TRNI|TRNZ
TRIN1,RTRSY TRIN,RTRSY TRIN|TRIN1,RTRSY|TRIN|TRIN1
TRIP1,AVGP TRIP,AVGP TRIP|TRIP1,AVGP|TRIP|TRIP1
TRIRF,TRIT NFINW TRITW NFIN NFINU,TRIRF|TRIT NFINW TRITW NFIN NFINU,NFIN|NFINU|NFINW|TRIRF|TRIT|TRITW
TRIS.U,TRIS HPAI,TRIS HPAI|TRIS.U,HPAI|TRIS|TRIS.U
TRITW,TRIT NFINW TRIRF NFIN NFINU,TRIT NFINW TRIRF NFIN NFINU|TRITW,NFIN|NFINU|NFINW|TRIRF|TRIT|TRITW
TRKAQ,TRKA ACOC TRKAW RMLX MTWO TRKWQ,TRKA ACOC TRKAW RMLX MTWO TRKWQ|TRKAQ,ACOC|MTWO|RMLX|TRKA|TRKAQ|TRKAW|TRKWQ
TRKWQ,TRKA ACOC TRKAW TRKAQ RMLX MTWO,TRKA ACOC TRKAW TRKAQ RMLX MTWO|TRKWQ,ACOC|MTWO|RMLX|TRKA|TRKAQ|TRKAW|TRKWQ
TRMPQ,DJTE TRMP,DJTE TRMP|TRMPQ,DJTE|TRMP|TRMPQ
TRON2,TRONU TRON TRONW,TRON2|TRONU TRON TRONW,TRON|TRON2|TRONU|TRONW
TRONU,TRON2 TRON TRONW,TRON2 TRON TRONW|TRONU,TRON|TRON2|TRONU|TRONW
TRONW,TRON2 TRONU TRON,TRON2 TRONU TRON|TRONW,TRON|TRON2|TRONU|TRONW
TROO,HMAUF SGOC HMAWF,HMAUF SGOC HMAWF|TROO,HMAUF|HMAWF|SGOC|TROO
TRQ,HUGO IVN,HUGO IVN|TRQ,HUGO|IVN|TRQ
TRTL1,TRTLU TRTL,TRTL1|TRTLU TRTL,TRTL|TRTL1|TRTLU
TRTLF,TRTUF TRTWF TRTL.U TRTL.WS TRTL,TRTLF|TRTUF TRTWF TRTL.U TRTL.WS TRTL,TRTL|TRTL.U|TRTL.WS|TRTLF|TRTUF|TRTWF
TRTN,TRTN-PG TRTN-PB TRTN-PC TRTN-PD TRTN-PA TRTN-PF TRTN-PE,TRTN|TRTN-PG TRTN-PB TRTN-PC TRTN-PD TRTN-PA TRTN-PF TRTN-PE,TRTN|TRTN-PA|TRTN-PB|TRTN-PC|TRTN-PD|TRTN-PE|TRTN-PF|TRTN-PG
TRTN-PA,TRTN-PG TRTN-PB TRTN-PC TRTN-PD TRTN-PF TRTN-PE TRTN,TRTN-PA|TRTN-PG TRTN-PB TRTN-PC TRTN-PD TRTN-PF TRTN-PE TRTN,TRTN|TRTN-PA|TRTN-PB|TRTN-PC|TRTN-PD|TRTN-PE|TRTN-PF|TRTN-PG
TRTN-PB,TRTN-PG TRTN-PC TRTN-PD TRTN-PA TRTN-PF TRTN-PE TRTN,TRTN-PB|TRTN-PG TRTN-PC TRTN-PD TRTN-PA TRTN-PF TRTN-PE TRTN,TRTN|TRTN-PA|TRTN-PB|TRTN-PC|TRTN-PD|TRTN-PE|TRTN-PF|TRTN-PG
TRTN-PC,TRTN-PG TRTN-PB TRTN-PD TRTN-PA TRTN-PF TRTN-PE TRTN,TRTN-PC|TRTN-PG TRTN-PB TRTN-PD TRTN-PA TRTN-PF TRTN-PE TRTN,TRTN|TRTN-PA|TRTN-PB|TRTN-PC|TRTN-PD|TRTN-PE|TRTN-PF|TRTN-PG
TRTN-PD,TRTN-PG TRTN-PB TRTN-PC TRTN-PA TRTN-PF TRTN-PE TRTN,TRTN-PD|TRTN-PG TRTN-PB TRTN-PC TRTN-PA TRTN-PF TRTN-PE TRTN,TRTN|TRTN-PA|TRTN-PB|TRTN-PC|TRTN-PD|TRTN-PE|TRTN-PF|TRTN-PG
TRTN-PE,TRTN-PG TRTN-PB TRTN-PC TRTN-PD TRTN-PA TRTN-PF TRTN,TRTN-PE|TRTN-PG TRTN-PB TRTN-PC TRTN-PD TRTN-PA TRTN-PF TRTN,TRTN|TRTN-PA|TRTN-PB|TRTN-PC|TRTN-PD|TRTN-PE|TRTN-PF|TRTN-PG
TRTN-PF,TRTN-PG TRTN-PB TRTN-PC TRTN-PD TRTN-PA TRTN-PE TRTN,TRTN-PF|TRTN-PG TRTN-PB TRTN-PC TRTN-PD TRTN-PA TRTN-PE TRTN,TRTN|TRTN-PA|TRTN-PB|TRTN-PC|TRTN-PD|TRTN-PE|TRTN-PF|TRTN-PG
TRTN-PG,TRTN-PB TRTN-PC TRTN-PD TRTN-PA TRTN-PF TRTN-PE TRTN,TRTN-PB TRTN-PC TRTN-PD TRTN-PA TRTN-PF TRTN-PE TRTN|TRTN-PG,TRTN|TRTN-PA|TRTN-PB|TRTN-PC|TRTN-PD|TRTN-PE|TRTN-PF|TRTN-PG
TRTUF,TRTLF TRTWF TRTL.U TRTL.WS TRTL,TRTLF TRTWF TRTL.U TRTL.WS TRTL|TRTUF,TRTL|TRTL.U|TRTL.WS|TRTLF|TRTUF|TRTWF
TRTWF,TRTUF TRTLF TRTL.U TRTL.WS TRTL,TRTUF TRTLF TRTL.U TRTL.WS TRTL|TRTWF,TRTL|TRTL.U|TRTL.WS|TRTLF|TRTUF|TRTWF
TRTX,TRTX-PC TRTXP,TRTX|TRTX-PC TRTXP,TRTX|TRTX-PC|TRTXP
TRTX-PC,TRTX TRTXP,TRTX TRTXP|TRTX-PC,TRTX|TRTX-PC|TRTXP
TRUE1,TRUE CFF,TRUE CFF|TRUE1,CFF|TRUE|TRUE1
TRUG,DMAQU DMAQ DMAQR,DMAQU DMAQ DMAQR|TRUG,DMAQ|DMAQR|DMAQU|TRUG
TRV,STA SPC,STA SPC|TRV,SPC|STA|TRV
TRX,TRE TRXAF,TRE TRXAF|TRX,TRE|TRX|TRXAF
TRXAQ,TROXA TRXBQ TRXB TROXB TRX,TROXA TRXBQ TRXB TROXB TRX|TRXAQ,TROXA|TROXB|TRX|TRXAQ|TRXB|TRXBQ
TRXBQ,TROXA TRXB TRXAQ TROXB TRX,TROXA TRXB TRXAQ TROXB TRX|TRXBQ,TROXA|TROXB|TRX|TRXAQ|TRXB|TRXBQ
TRY.B,TRY WEN,TRY WEN|TRY.B,TRY|TRY.B|WEN
TSC,TSCAP TSCBP,TSC|TSCAP TSCBP,TSC|TSCAP|TSCBP
TSCAP,TSC TSCBP,TSC TSCBP|TSCAP,TSC|TSCAP|TSCBP
TSCBP,TSCAP TSC,TSCAP TSC|TSCBP,TSC|TSCAP|TSCBP
TSCPQ,PTMC TSCP,PTMC TSCP|TSCPQ,PTMC|TSCP|TSCPQ
TSG,AYA AMYGF,AYA AMYGF|TSG,AMYGF|AYA|TSG
TSIAU,TSIA LTCH LTCHW TSIAW,TSIA LTCH LTCHW TSIAW|TSIAU,LTCH|LTCHW|TSIA|TSIAU|TSIAW
TSIB1,TSIBW TSIBU TSIB,TSIB1|TSIBW TSIBU TSIB,TSIB|TSIB1|TSIBU|TSIBW
TSIBU,TSIBW TSIB1 TSIB,TSIBU|TSIBW TSIB1 TSIB,TSIB|TSIB1|TSIBU|TSIBW
TSIBW,TSIBU TSIB1 TSIB,TSIBU TSIB1 TSIB|TSIBW,TSIB|TSIB1|TSIBU|TSIBW
TSPQ,TSPQ.WS TSPQ.U TSPQW,TSPQ|TSPQ.WS TSPQ.U TSPQW,TSPQ|TSPQ.U|TSPQ.WS|TSPQW
TSPQ.U,TSPQ.WS TSPQW TSPQ,TSPQ.U|TSPQ.WS TSPQW TSPQ,TSPQ|TSPQ.U|TSPQ.WS|TSPQW
TSPQW,TSPQ.WS TSPQ TSPQ.U,TSPQ.WS TSPQ TSPQ.U|TSPQW,TSPQ|TSPQ.U|TSPQ.WS|TSPQW
TSRE,FMLP FMP,FMLP FMP|TSRE,FMLP|FMP|TSRE
TSSI,FAACU FAAC FIGI,FAACU FAAC FIGI|TSSI,FAAC|FAACU|FIGI|TSSI
TSTRQ,MNCP TSTR,MNCP TSTR|TSTRQ,MNCP|TSTR|TSTRQ
TT2,TT ASD,TT ASD|TT2,ASD|TT|TT2
TTCFQ,FMCIU FMCIW FMCI TTCFW TTCF,FMCIU FMCIW FMCI TTCFW TTCF|TTCFQ,FMCI|FMCIU|FMCIW|TTCF|TTCFQ|TTCFW
TTCFW,TTCFQ FMCIU FMCIW FMCI TTCF,TTCFQ FMCIU FMCIW FMCI TTCF|TTCFW,FMCI|FMCIU|FMCIW|TTCF|TTCFQ|TTCFW
TTCMY,VSL TCL,TTCMY|VSL TCL,TCL|TTCMY|VSL
TUGCU,SAI SAIH TUGC,SAI SAIH TUGC|TUGCU,SAI|SAIH|TUGC|TUGCU
TULP,ISIG LDWY,ISIG LDWY|TULP,ISIG|LDWY|TULP
TVACU1,TVAC TVACU ISPO TVACW ISPOW,TVAC TVACU ISPO TVACW ISPOW|TVACU1,ISPO|ISPOW|TVAC|TVACU|TVACU1|TVACW
TVGN,LGST LGSTU,LGST LGSTU|TVGN,LGST|LGSTU|TVGN
TVIAQ,SZYM TVIA,SZYM TVIA|TVIAQ,SZYM|TVIA|TVIAQ
TVIAQ1,TVIA TVIAQ,TVIA TVIAQ|TVIAQ1,TVIA|TVIAQ|TVIAQ1
TVLYQ,TIV TVLY,TIV TVLY|TVLYQ,TIV|TVLY|TVLYQ
TVTX,RTRX DGTE,RTRX DGTE|TVTX,DGTE|RTRX|TVTX
TVTY,HWAY AMHC,HWAY AMHC|TVTY,AMHC|HWAY|TVTY
TW2,WW TW,TW2|WW TW,TW|TW2|WW
TWAV,GLOW OBLG,GLOW OBLG|TWAV,GLOW|OBLG|TWAV
TWCB,TWCBW TWCBU,TWCB|TWCBW TWCBU,TWCB|TWCBU|TWCBW
TWCBU,TWCBW TWCB,TWCBU|TWCBW TWCB,TWCB|TWCBU|TWCBW
TWCBW,TWCB TWCBU,TWCB TWCBU|TWCBW,TWCB|TWCBU|TWCBW
TWCTU,CLBT TWCT CLBTW TWCTW,CLBT TWCT CLBTW TWCTW|TWCTU,CLBT|CLBTW|TWCT|TWCTU|TWCTW
TWLV1,TWLV TWLVW TWLVU1 TWLVU,TWLV TWLVW TWLVU1 TWLVU|TWLV1,TWLV|TWLV1|TWLVU|TWLVU1|TWLVW
TWLVU1,TWLV TWLV1 TWLVW TWLVU,TWLV TWLV1 TWLVW TWLVU|TWLVU1,TWLV|TWLV1|TWLVU|TWLVU1|TWLVW
TWLVW,TWLV TWLV1 TWLVU1 TWLVU,TWLV TWLV1 TWLVU1 TWLVU|TWLVW,TWLV|TWLV1|TWLVU|TWLVU1|TWLVW
TWND.U,BURU BURU.WS TWND.WS TWND BURUW,BURU BURU.WS TWND.WS TWND BURUW|TWND.U,BURU|BURU.WS|BURUW|TWND|TWND.U|TWND.WS
TWNFF,TWNI.WS TWNI TWNI.U,TWNFF|TWNI.WS TWNI TWNI.U,TWNFF|TWNI|TWNI.U|TWNI.WS
TWNI.U,TWNI.WS TWNI TWNFF,TWNI.U|TWNI.WS TWNI TWNFF,TWNFF|TWNI|TWNI.U|TWNI.WS
TWNI.WS,TWNI TWNFF TWNI.U,TWNI TWNFF TWNI.U|TWNI.WS,TWNFF|TWNI|TWNI.U|TWNI.WS
TWNK,GRSHU GRSHW GRSH TWNKW,GRSHU GRSHW GRSH TWNKW|TWNK,GRSH|GRSHU|GRSHW|TWNK|TWNKW
TWNKW,TWNK GRSHU GRSHW GRSH,TWNK GRSHU GRSHW GRSH|TWNKW,GRSH|GRSHU|GRSHW|TWNK|TWNKW
TWNT.U,TWNT.WS LLAP TWNT LLAP.WS LLAPW,TWNT.U|TWNT.WS LLAP TWNT LLAP.WS LLAPW,LLAP|LLAP.WS|LLAPW|TWNT|TWNT.U|TWNT.WS
TWO,TWO-PE TWOD TWO-PC TWO-PD TWO-PA TWO-PB,TWO|TWO-PE TWOD TWO-PC TWO-PD TWO-PA TWO-PB,TWO|TWO-PA|TWO-PB|TWO-PC|TWO-PD|TWO-PE|TWOD
TWO-PA,TWO-PE TWOD TWO-PC TWO-PD TWO TWO-PB,TWO-PA|TWO-PE TWOD TWO-PC TWO-PD TWO TWO-PB,TWO|TWO-PA|TWO-PB|TWO-PC|TWO-PD|TWO-PE|TWOD
TWO-PB,TWO-PE TWOD TWO-PC TWO-PD TWO TWO-PA,TWO-PB|TWO-PE TWOD TWO-PC TWO-PD TWO TWO-PA,TWO|TWO-PA|TWO-PB|TWO-PC|TWO-PD|TWO-PE|TWOD
TWO-PC,TWO-PE TWOD TWO-PD TWO TWO-PA TWO-PB,TWO-PC|TWO-PE TWOD TWO-PD TWO TWO-PA TWO-PB,TWO|TWO-PA|TWO-PB|TWO-PC|TWO-PD|TWO-PE|TWOD
TWO-PD,TWO-PE TWOD TWO-PC TWO TWO-PA TWO-PB,TWO-PD|TWO-PE TWOD TWO-PC TWO TWO-PA TWO-PB,TWO|TWO-PA|TWO-PB|TWO-PC|TWO-PD|TWO-PE|TWOD
TWO-PE,TWOD TWO-PC TWO-PD TWO TWO-PA TWO-PB,TWO-PE|TWOD TWO-PC TWO-PD TWO TWO-PA TWO-PB,TWO|TWO-PA|TWO-PB|TWO-PC|TWO-PD|TWO-PE|TWOD
TYGO,ROCGW ROCGU ROCG TYGOW,ROCGW ROCGU ROCG TYGOW|TYGO,ROCG|ROCGU|ROCGW|TYGO|TYGOW
TYGOW,ROCGW ROCGU ROCG TYGO,ROCGW ROCGU ROCG TYGO|TYGOW,ROCG|ROCGU|ROCGW|TYGO|TYGOW
TZMT,TMZ TMDN NMC TTA,TMZ TMDN NMC TTA|TZMT,NMC|TMDN|TMZ|TTA|TZMT
TZPS,TZPSW TZPSU,TZPS|TZPSW TZPSU,TZPS|TZPSU|TZPSW
TZPSU,TZPSW TZPS,TZPSU|TZPSW TZPS,TZPS|TZPSU|TZPSW
TZPSW,TZPSU TZPS,TZPSU TZPS|TZPSW,TZPS|TZPSU|TZPSW
UA,UAA UARM UAC,UA|UAA UARM UAC,UA|UAA|UAC|UARM
UAA,UA UARM UAC,UA UARM UAC|UAA,UA|UAA|UAC|UARM
UBA,UBP-PH UBP UBP-PK UBP-PG UBP-PF UTDBP,UBA|UBP-PH UBP UBP-PK UBP-PG UBP-PF UTDBP,UBA|UBP|UBP-PF|UBP-PG|UBP-PH|UBP-PK|UTDBP
UBMSQ,USBCQ USBC,UBMSQ|USBCQ USBC,UBMSQ|USBC|USBCQ
UBNTQ,UBNT IJNT,UBNT IJNT|UBNTQ,IJNT|UBNT|UBNTQ
UBP,UBP-PH UBA UBP-PK UBP-PG UBP-PF UTDBP,UBP|UBP-PH UBA UBP-PK UBP-PG UBP-PF UTDBP,UBA|UBP|UBP-PF|UBP-PG|UBP-PH|UBP-PK|UTDBP
VMGAW,VMGA VMGAU,VMGA VMGAU|VMGAW,VMGA|VMGAU|VMGAW
UBP-PF,UBP-PH UBP UBA UBP-PK UBP-PG UTDBP,UBP-PF|UBP-PH UBP UBA UBP-PK UBP-PG UTDBP,UBA|UBP|UBP-PF|UBP-PG|UBP-PH|UBP-PK|UTDBP
UBP-PG,UBP-PH UBP UBA UBP-PK UBP-PF UTDBP,UBP-PG|UBP-PH UBP UBA UBP-PK UBP-PF UTDBP,UBA|UBP|UBP-PF|UBP-PG|UBP-PH|UBP-PK|UTDBP
UBP-PH,UBP UBA UBP-PK UBP-PG UBP-PF UTDBP,UBP UBA UBP-PK UBP-PG UBP-PF UTDBP|UBP-PH,UBA|UBP|UBP-PF|UBP-PG|UBP-PH|UBP-PK|UTDBP
UBP-PK,UBP-PH UBP UBA UBP-PG UBP-PF UTDBP,UBP-PH UBP UBA UBP-PG UBP-PF UTDBP|UBP-PK,UBA|UBP|UBP-PF|UBP-PG|UBP-PH|UBP-PK|UTDBP
UCB,UCBIO UCBI UCB-PI,UCB|UCBIO UCBI UCB-PI,UCB|UCB-PI|UCBI|UCBIO
UCB-PI,UCBIO UCB UCBI,UCB-PI|UCBIO UCB UCBI,UCB|UCB-PI|UCBI|UCBIO
UCFI,IROHU IROH IROHR,IROHU IROH IROHR|UCFI,IROH|IROHR|IROHU|UCFI
UDWKQ,SONI UDW UDWKD UDWK SPO,SONI UDW UDWKD UDWK SPO|UDWKQ,SONI|SPO|UDW|UDWK|UDWKD|UDWKQ
UGNEQ,UGNE UGNEE,UGNE UGNEE|UGNEQ,UGNE|UGNEE|UGNEQ
UHAL,UHALV UHALB UHAL.B,UHAL|UHALV UHALB UHAL.B,UHAL|UHAL.B|UHALB|UHALV
UHAL.B,UHALV UHALB UHAL,UHAL.B|UHALV UHALB UHAL,UHAL|UHAL.B|UHALB|UHALV
UHG,DHHCU DHHC,DHHCU DHHC|UHG,DHHC|DHHCU|UHG
UK,ORSNW ORSN UKOMW ORSNU,ORSNW ORSN UKOMW ORSNU|UK,ORSN|ORSNU|ORSNW|UK|UKOMW
UKOMW,ORSNW ORSN UK ORSNU,ORSNW ORSN UK ORSNU|UKOMW,ORSN|ORSNU|ORSNW|UK|UKOMW
UL,UN1 UN,UL|UN1 UN,UL|UN|UN1
ULEIQ,UEI ULEI HLD.U HLD,UEI ULEI HLD.U HLD|ULEIQ,HLD|HLD.U|UEI|ULEI|ULEIQ
ULTRF,ULTRQ ULTR,ULTRF|ULTRQ ULTR,ULTR|ULTRF|ULTRQ
UMBF,UMBFO UMBXL UMBFP,UMBF|UMBFO UMBXL UMBFP,UMBF|UMBFO|UMBFP|UMBXL
UMBFO,UMBF UMBXL UMBFP,UMBF UMBXL UMBFP|UMBFO,UMBF|UMBFO|UMBFP|UMBXL
UMBFP,UMBF UMBFO UMBXL,UMBF UMBFO UMBXL|UMBFP,UMBF|UMBFO|UMBFP|UMBXL
UMH,UMH-PC UMH-PB UMH-PA UMH-PD,UMH|UMH-PC UMH-PB UMH-PA UMH-PD,UMH|UMH-PA|UMH-PB|UMH-PC|UMH-PD
UMH-PA,UMH-PC UMH-PB UMH UMH-PD,UMH-PA|UMH-PC UMH-PB UMH UMH-PD,UMH|UMH-PA|UMH-PB|UMH-PC|UMH-PD
UMH-PB,UMH-PC UMH UMH-PA UMH-PD,UMH-PB|UMH-PC UMH UMH-PA UMH-PD,UMH|UMH-PA|UMH-PB|UMH-PC|UMH-PD
UMH-PC,UMH-PB UMH UMH-PA UMH-PD,UMH-PB UMH UMH-PA UMH-PD|UMH-PC,UMH|UMH-PA|UMH-PB|UMH-PC|UMH-PD
UMH-PD,UMH-PC UMH-PB UMH UMH-PA,UMH-PC UMH-PB UMH UMH-PA|UMH-PD,UMH|UMH-PA|UMH-PB|UMH-PC|UMH-PD
UN1,UL UN,UL UN|UN1,UL|UN|UN1
UNCLQ,MHOI UNCL,MHOI UNCL|UNCLQ,MHOI|UNCL|UNCLQ
UNTKQ,BERL UNTK,BERL UNTK|UNTKQ,BERL|UNTK|UNTKQ
UOKAF,MDJH UOKA,MDJH UOKA|UOKAF,MDJH|UOKA|UOKAF
UONE,ROIA ROIAK UONEK,ROIA ROIAK UONEK|UONE,ROIA|ROIAK|UONE|UONEK
UONEK,UONE ROIA ROIAK,UONE ROIA ROIAK|UONEK,ROIA|ROIAK|UONE|UONEK
UP,ASPL ASPL.U ASPL.WS UP.WS,ASPL ASPL.U ASPL.WS UP.WS|UP,ASPL|ASPL.U|ASPL.WS|UP|UP.WS
UP.WS,ASPL ASPL.U UP ASPL.WS,ASPL ASPL.U UP ASPL.WS|UP.WS,ASPL|ASPL.U|ASPL.WS|UP|UP.WS
UPHL,GIX.R UPH GIX UPH.WS GIX.U UPHLW GIX.WS,GIX.R UPH GIX UPH.WS GIX.U UPHLW GIX.WS|UPHL,GIX|GIX.R|GIX.U|GIX.WS|UPH|UPH.WS|UPHL|UPHLW
UPHLW,GIX.R UPH GIX UPHL UPH.WS GIX.U GIX.WS,GIX.R UPH GIX UPHL UPH.WS GIX.U GIX.WS|UPHLW,GIX|GIX.R|GIX.U|GIX.WS|UPH|UPH.WS|UPHL|UPHLW
UPLCQ,UPLC UPL,UPLC UPL|UPLCQ,UPL|UPLC|UPLCQ
UPTDU,ESLA UPTD,ESLA UPTD|UPTDU,ESLA|UPTD|UPTDU
URGP,VLTS MBIO,URGP|VLTS MBIO,MBIO|URGP|VLTS
USAR,IPXXW IPXX USARW IPXXU,IPXXW IPXX USARW IPXXU|USAR,IPXX|IPXXU|IPXXW|USAR|USARW
USARW,IPXXW USAR IPXX IPXXU,IPXXW USAR IPXX IPXXU|USARW,IPXX|IPXXU|IPXXW|USAR|USARW
USB,USB-PS USBOL USB-PR USB-PO USB-PP FSR USB-PA USB-PM USB-PN USB-PQ STB USB-PH,USB|USB-PS USBOL USB-PR USB-PO USB-PP FSR USB-PA USB-PM USB-PN USB-PQ STB USB-PH,FSR|STB|USB|USB-PA|USB-PH|USB-PM|USB-PN|USB-PO|USB-PP|USB-PQ|USB-PR|USB-PS|USBOL
USB-PA,USB-PS USB USBOL USB-PR USB-PO USB-PP FSR USB-PM USB-PN USB-PQ STB USB-PH,USB-PA|USB-PS USB USBOL USB-PR USB-PO USB-PP FSR USB-PM USB-PN USB-PQ STB USB-PH,FSR|STB|USB|USB-PA|USB-PH|USB-PM|USB-PN|USB-PO|USB-PP|USB-PQ|USB-PR|USB-PS|USBOL
USB-PH,USB-PS USB USBOL USB-PR USB-PO USB-PP FSR USB-PA USB-PM USB-PN USB-PQ STB,USB-PH|USB-PS USB USBOL USB-PR USB-PO USB-PP FSR USB-PA USB-PM USB-PN USB-PQ STB,FSR|STB|USB|USB-PA|USB-PH|USB-PM|USB-PN|USB-PO|USB-PP|USB-PQ|USB-PR|USB-PS|USBOL
USB-PM,USB-PS USB USBOL USB-PR USB-PO USB-PP FSR USB-PA USB-PN USB-PQ STB USB-PH,USB-PM|USB-PS USB USBOL USB-PR USB-PO USB-PP FSR USB-PA USB-PN USB-PQ STB USB-PH,FSR|STB|USB|USB-PA|USB-PH|USB-PM|USB-PN|USB-PO|USB-PP|USB-PQ|USB-PR|USB-PS|USBOL
USB-PN,USB-PS USB USBOL USB-PR USB-PO USB-PP FSR USB-PA USB-PM USB-PQ STB USB-PH,USB-PN|USB-PS USB USBOL USB-PR USB-PO USB-PP FSR USB-PA USB-PM USB-PQ STB USB-PH,FSR|STB|USB|USB-PA|USB-PH|USB-PM|USB-PN|USB-PO|USB-PP|USB-PQ|USB-PR|USB-PS|USBOL
USB-PO,USB-PS USB USBOL USB-PR USB-PP FSR USB-PA USB-PM USB-PN USB-PQ STB USB-PH,USB-PO|USB-PS USB USBOL USB-PR USB-PP FSR USB-PA USB-PM USB-PN USB-PQ STB USB-PH,FSR|STB|USB|USB-PA|USB-PH|USB-PM|USB-PN|USB-PO|USB-PP|USB-PQ|USB-PR|USB-PS|USBOL
USB-PP,USB-PS USB USBOL USB-PR USB-PO FSR USB-PA USB-PM USB-PN USB-PQ STB USB-PH,USB-PP|USB-PS USB USBOL USB-PR USB-PO FSR USB-PA USB-PM USB-PN USB-PQ STB USB-PH,FSR|STB|USB|USB-PA|USB-PH|USB-PM|USB-PN|USB-PO|USB-PP|USB-PQ|USB-PR|USB-PS|USBOL
USB-PQ,USB-PS USB USBOL USB-PR USB-PO USB-PP FSR USB-PA USB-PM USB-PN STB USB-PH,USB-PQ|USB-PS USB USBOL USB-PR USB-PO USB-PP FSR USB-PA USB-PM USB-PN STB USB-PH,FSR|STB|USB|USB-PA|USB-PH|USB-PM|USB-PN|USB-PO|USB-PP|USB-PQ|USB-PR|USB-PS|USBOL
USB-PR,USB-PS USB USBOL USB-PO USB-PP FSR USB-PA USB-PM USB-PN USB-PQ STB USB-PH,USB-PR|USB-PS USB USBOL USB-PO USB-PP FSR USB-PA USB-PM USB-PN USB-PQ STB USB-PH,FSR|STB|USB|USB-PA|USB-PH|USB-PM|USB-PN|USB-PO|USB-PP|USB-PQ|USB-PR|USB-PS|USBOL
USB-PS,USB USBOL USB-PR USB-PO USB-PP FSR USB-PA USB-PM USB-PN USB-PQ STB USB-PH,USB USBOL USB-PR USB-PO USB-PP FSR USB-PA USB-PM USB-PN USB-PQ STB USB-PH|USB-PS,FSR|STB|USB|USB-PA|USB-PH|USB-PM|USB-PN|USB-PO|USB-PP|USB-PQ|USB-PR|USB-PS|USBOL
USB1,USB FBS,USB FBS|USB1,FBS|USB|USB1
USBC,KNW KNWN,KNW KNWN|USBC,KNW|KNWN|USBC
USCTF,USCTW USCT USCTU USTWF USTUF,USCTF|USCTW USCT USCTU USTWF USTUF,USCT|USCTF|USCTU|USCTW|USTUF|USTWF
USPI2,ALTM USPI,ALTM USPI|USPI2,ALTM|USPI|USPI2
USSPQ,USS USSPZ,USS USSPZ|USSPQ,USS|USSPQ|USSPZ
USTUF,USCTW USCTF USCT USCTU USTWF,USCTW USCTF USCT USCTU USTWF|USTUF,USCT|USCTF|USCTU|USCTW|USTUF|USTWF
USTWF,USCTW USCTF USCT USCTU USTUF,USCTW USCTF USCT USCTU USTUF|USTWF,USCT|USCTF|USCTU|USCTW|USTUF|USTWF
USWS,MPACW MPACU USWSW MPAC,MPACW MPACU USWSW MPAC|USWS,MPAC|MPACU|MPACW|USWS|USWSW
USWSW,MPACW USWS MPACU MPAC,MPACW USWS MPACU MPAC|USWSW,MPAC|MPACU|MPACW|USWS|USWSW
UTAA,UTAAW UTAAU UTAAWF,UTAA|UTAAW UTAAU UTAAWF,UTAA|UTAAU|UTAAW|UTAAWF
UTAAU,UTAA UTAAW UTAAWF,UTAA UTAAW UTAAWF|UTAAU,UTAA|UTAAU|UTAAW|UTAAWF
UTAAWF,UTAA UTAAW UTAAU,UTAA UTAAW UTAAU|UTAAWF,UTAA|UTAAU|UTAAW|UTAAWF
UTRA,UTVG UTA UTVL,UTRA|UTVG UTA UTVL,UTA|UTRA|UTVG|UTVL
UTX-PA,UTX UTXCU RTX,UTX UTXCU RTX|UTX-PA,RTX|UTX|UTX-PA|UTXCU
UTZ,UTZ.WS CCH.U CCH CCH.WS,UTZ|UTZ.WS CCH.U CCH CCH.WS,CCH|CCH.U|CCH.WS|UTZ|UTZ.WS
UTZ.WS,CCH.U CCH UTZ CCH.WS,CCH.U CCH UTZ CCH.WS|UTZ.WS,CCH|CCH.U|CCH.WS|UTZ|UTZ.WS
UUUU,UUUU.WS EFRFF,UUUU|UUUU.WS EFRFF,EFRFF|UUUU|UUUU.WS
UUUU.WS,EFRFF UUUU,EFRFF UUUU|UUUU.WS,EFRFF|UUUU|UUUU.WS
UVE,UHTS UVIH,UHTS UVIH|UVE,UHTS|UVE|UVIH
UWBKQ,UWBK MTXC,UWBK MTXC|UWBKQ,MTXC|UWBK|UWBKQ
UWMC,GHIVW UWMC.WS GHIVU GHIV,GHIVW UWMC.WS GHIVU GHIV|UWMC,GHIV|GHIVU|GHIVW|UWMC|UWMC.WS
UWMC.WS,GHIVW GHIVU GHIV UWMC,GHIVW GHIVU GHIV UWMC|UWMC.WS,GHIV|GHIVU|GHIVW|UWMC|UWMC.WS
VACHU,VRXA VACH,VACHU|VRXA VACH,VACH|VACHU|VRXA
VACQU,RKLBW VACQW RKLB VACQ,RKLBW VACQW RKLB VACQ|VACQU,RKLB|RKLBW|VACQ|VACQU|VACQW
VALPQ,ESV VAL,ESV VAL|VALPQ,ESV|VAL|VALPQ
VALV,SOSA SKII SHE,SOSA SKII SHE|VALV,SHE|SKII|SOSA|VALV
VANI,EYESW VANIW EYES,EYESW VANIW EYES|VANI,EYES|EYESW|VANI|VANIW
VANIW,EYESW EYES VANI,EYESW EYES VANI|VANIW,EYES|EYESW|VANI|VANIW
VATE,PMUG VATE.R PTGI HCHC,PMUG VATE.R PTGI HCHC|VATE,HCHC|PMUG|PTGI|VATE|VATE.R
VATE.R,VATE PMUG PTGI HCHC,VATE PMUG PTGI HCHC|VATE.R,HCHC|PMUG|PTGI|VATE|VATE.R
VBIV,SVACF LVNVF,SVACF LVNVF|VBIV,LVNVF|SVACF|VBIV
VBIV1,PLCC VBIV,PLCC VBIV|VBIV1,PLCC|VBIV|VBIV1
VBOC,VBOCW VBOCU,VBOC|VBOCW VBOCU,VBOC|VBOCU|VBOCW
VBOCU,VBOCW VBOC,VBOCU|VBOCW VBOC,VBOC|VBOCU|VBOCW
VBOCW,VBOCU VBOC,VBOCU VBOC|VBOCW,VBOC|VBOCU|VBOCW
VCICU,VCIC CSHR,VCIC CSHR|VCICU,CSHR|VCIC|VCICU
VCKAU,SCLX VCKA,SCLX VCKA|VCKAU,SCLX|VCKA|VCKAU
VCVCU,REE REEAW VCVCW VCVC,REE REEAW VCVCW VCVC|VCVCU,REE|REEAW|VCVC|VCVCU|VCVCW
VCXAU,AAGR VCXA VCXAW AAGRW,AAGR VCXA VCXAW AAGRW|VCXAU,AAGR|AAGRW|VCXA|VCXAU|VCXAW
VCXB,VCXB.U VCXB.WS,VCXB|VCXB.U VCXB.WS,VCXB|VCXB.U|VCXB.WS
VCXB.U,VCXB VCXB.WS,VCXB VCXB.WS|VCXB.U,VCXB|VCXB.U|VCXB.WS
VCXB.WS,VCXB VCXB.U,VCXB VCXB.U|VCXB.WS,VCXB|VCXB.U|VCXB.WS
VDTH,EAGL EAGLU,EAGL EAGLU|VDTH,EAGL|EAGLU|VDTH
VEDL,SSLT SLT,SSLT SLT|VEDL,SLT|SSLT|VEDL
VEEA,PLMI PLMIU,PLMI PLMIU|VEEA,PLMI|PLMIU|VEEA
VELO,SPFR VLD.WS SPFR.WS VLDX SPFR.U VLD,SPFR VLD.WS SPFR.WS VLDX SPFR.U VLD|VELO,SPFR|SPFR.U|SPFR.WS|VELO|VLD|VLD.WS|VLDX
VELO1,VELOW VELO VELOU,VELO1|VELOW VELO VELOU,VELO|VELO1|VELOU|VELOW
VELOU,VELOW VELO VELO1,VELOU|VELOW VELO VELO1,VELO|VELO1|VELOU|VELOW
VELOW,VELO VELO1 VELOU,VELO VELO1 VELOU|VELOW,VELO|VELO1|VELOU|VELOW
VENAF,MLGO VENAU VENA VENAW VENAR,MLGO VENAU VENA VENAW VENAR|VENAF,MLGO|VENA|VENAF|VENAR|VENAU|VENAW
VENAR,MLGO VENAU VENAF VENA VENAW,MLGO VENAU VENAF VENA VENAW|VENAR,MLGO|VENA|VENAF|VENAR|VENAU|VENAW
VENAU,MLGO VENAF VENA VENAW VENAR,MLGO VENAF VENA VENAW VENAR|VENAU,MLGO|VENA|VENAF|VENAR|VENAU|VENAW
VER,ARCP VER-PF,ARCP VER-PF|VER,ARCP|VER|VER-PF
VER-PF,ARCP VER,ARCP VER|VER-PF,ARCP|VER|VER-PF
VERA1,MSCM VERA,MSCM VERA|VERA1,MSCM|VERA|VERA1
VERBW,VERB VRRB FUSZD BBTH TONX FUSZ,VERB VRRB FUSZD BBTH TONX FUSZ|VERBW,BBTH|FUSZ|FUSZD|TONX|VERB|VERBW|VRRB
VERT.U,GSAH VRT.WS VRT GSAH.U GSAH.WS,GSAH VRT.WS VRT GSAH.U GSAH.WS|VERT.U,GSAH|GSAH.U|GSAH.WS|VERT.U|VRT|VRT.WS
VERU,FHC FHCO,FHC FHCO|VERU,FHC|FHCO|VERU
VETS1,VETS PDXC EHHAU EHHA,VETS PDXC EHHAU EHHA|VETS1,EHHA|EHHAU|PDXC|VETS|VETS1
VEVMQ,BUSXF GWTNF VEV,BUSXF GWTNF VEV|VEVMQ,BUSXF|GWTNF|VEV|VEVMQ
VFS,BSAQ.U BSAQ,BSAQ.U BSAQ|VFS,BSAQ|BSAQ.U|VFS
VGAC.U,VGAC.WS VGAC MEUSW ME MEHCQ,VGAC.U|VGAC.WS VGAC MEUSW ME MEHCQ,ME|MEHCQ|MEUSW|VGAC|VGAC.U|VGAC.WS
VGAS,CENQU CENQ,CENQU CENQ|VGAS,CENQ|CENQU|VGAS
VGFCQ,VRYYF VGFC,VGFCQ|VRYYF VGFC,VGFC|VGFCQ|VRYYF
VGII.U,GROV VGII GROV.WS VGII.WS GROVW,GROV VGII GROV.WS VGII.WS GROVW|VGII.U,GROV|GROV.WS|GROVW|VGII|VGII.U|VGII.WS
VHAI,VHAI.WSB VHAI.WSA,VHAI|VHAI.WSB VHAI.WSA,VHAI|VHAI.WSA|VHAI.WSB
VHAI.WSA,VHAI.WSB VHAI,VHAI.WSA|VHAI.WSB VHAI,VHAI|VHAI.WSA|VHAI.WSB
VHAI.WSB,VHAI VHAI.WSA,VHAI VHAI.WSA|VHAI.WSB,VHAI|VHAI.WSA|VHAI.WSB
VHAQ,VHAQ.R VHAQ.WS VHAQ.U,VHAQ|VHAQ.R VHAQ.WS VHAQ.U,VHAQ|VHAQ.R|VHAQ.U|VHAQ.WS
VHAQ.R,VHAQ VHAQ.WS VHAQ.U,VHAQ VHAQ.WS VHAQ.U|VHAQ.R,VHAQ|VHAQ.R|VHAQ.U|VHAQ.WS
VHAQ.U,VHAQ VHAQ.R VHAQ.WS,VHAQ VHAQ.R VHAQ.WS|VHAQ.U,VHAQ|VHAQ.R|VHAQ.U|VHAQ.WS
VHAQ.WS,VHAQ.R VHAQ.U VHAQ,VHAQ.R VHAQ.U VHAQ|VHAQ.WS,VHAQ|VHAQ.R|VHAQ.U|VHAQ.WS
VHNAU,RDZN VHNA,RDZN VHNA|VHNAU,RDZN|VHNA|VHNAU
VIA1,VIA VIAB,VIA VIAB|VIA1,VIA|VIA1|VIAB
VIA2,VIASP VIA SPKEP SPKE,VIA2|VIASP VIA SPKEP SPKE,SPKE|SPKEP|VIA|VIA2|VIASP
VIAB,VIA1 VIA,VIA1 VIA|VIAB,VIA|VIA1|VIAB
VIASP,VIA2 VIA SPKEP SPKE,VIA2 VIA SPKEP SPKE|VIASP,SPKE|SPKEP|VIA|VIA2|VIASP
VIEWQ,CFIIW CFIIU CFII VIWWQ VIEWW VIEW,CFIIW CFIIU CFII VIWWQ VIEWW VIEW|VIEWQ,CFII|CFIIU|CFIIW|VIEW|VIEWQ|VIEWW|VIWWQ
VIHAU,BKKT VIH,BKKT VIH|VIHAU,BKKT|VIH|VIHAU
VIIAU,VII BNZI,VII BNZI|VIIAU,BNZI|VII|VIIAU
VINC,LSACW LSAC VINCW LSACU VINCU,LSACW LSAC VINCW LSACU VINCU|VINC,LSAC|LSACU|LSACW|VINC|VINCU|VINCW
VINCU,LSACW LSAC VINCW LSACU VINC,LSACW LSAC VINCW LSACU VINC|VINCU,LSAC|LSACU|LSACW|VINC|VINCU|VINCW
VINCW,LSACW LSAC LSACU VINC VINCU,LSACW LSAC LSACU VINC VINCU|VINCW,LSAC|LSACU|LSACW|VINC|VINCU|VINCW
VIONQ,VION OCRX,VION OCRX|VIONQ,OCRX|VION|VIONQ
VIP,GREEL GREE,GREEL GREE|VIP,GREE|GREEL|VIP
VISL,XGTI XGTC,VISL|XGTI XGTC,VISL|XGTC|XGTI
VIVE,PLC PLCSF VIVMF,PLC PLCSF VIVMF|VIVE,PLC|PLCSF|VIVE|VIVMF
VIVS,ONVO RERR,ONVO RERR|VIVS,ONVO|RERR|VIVS
VIWWQ,CFIIW CFIIU CFII VIEWW VIEW VIEWQ,CFIIW CFIIU CFII VIEWW VIEW VIEWQ|VIWWQ,CFII|CFIIU|CFIIW|VIEW|VIEWQ|VIEWW|VIWWQ
VLAT,VLATW VLATU,VLAT|VLATW VLATU,VLAT|VLATU|VLATW
VLATU,VLAT VLATW,VLAT VLATW|VLATU,VLAT|VLATU|VLATW
VLATW,VLAT VLATU,VLAT VLATU|VLATW,VLAT|VLATU|VLATW
VLCY,BHW PQE,BHW PQE|VLCY,BHW|PQE|VLCY
VLD.WS,SPFR VELO SPFR.WS VLDX SPFR.U VLD,SPFR VELO SPFR.WS VLDX SPFR.U VLD|VLD.WS,SPFR|SPFR.U|SPFR.WS|VELO|VLD|VLD.WS|VLDX
VLDR,GRAF.U GRAF.WS GRAF VLDRW,GRAF.U GRAF.WS GRAF VLDRW|VLDR,GRAF|GRAF.U|GRAF.WS|VLDR|VLDRW
VLDRW,GRAF.U GRAF.WS GRAF VLDR,GRAF.U GRAF.WS GRAF VLDR|VLDRW,GRAF|GRAF.U|GRAF.WS|VLDR|VLDRW
VLN,PTK.U PTK,PTK.U PTK|VLN,PTK|PTK.U|VLN
VLOS,MBAV VLOSU MBAVU,MBAV VLOSU MBAVU|VLOS,MBAV|MBAVU|VLOS|VLOSU
VLOSU,MBAV VLOS MBAVU,MBAV VLOS MBAVU|VLOSU,MBAV|MBAVU|VLOS|VLOSU
VLRXQ,CYGM VLRX,CYGM VLRX|VLRXQ,CYGM|VLRX|VLRXQ
VLTA,SNPR.WS SNPR SNPR.U VLTA.WS,SNPR.WS SNPR SNPR.U VLTA.WS|VLTA,SNPR|SNPR.U|SNPR.WS|VLTA|VLTA.WS
VLTA.WS,VLTA SNPR.WS SNPR SNPR.U,VLTA SNPR.WS SNPR SNPR.U|VLTA.WS,SNPR|SNPR.U|SNPR.WS|VLTA|VLTA.WS
VLY,VLYPN VLY-PA VLYPO VLYPP,VLY|VLYPN VLY-PA VLYPO VLYPP,VLY|VLY-PA|VLYPN|VLYPO|VLYPP
VLY-PA,VLYPN VLY VLYPO VLYPP,VLY-PA|VLYPN VLY VLYPO VLYPP,VLY|VLY-PA|VLYPN|VLYPO|VLYPP
VLYPN,VLY-PA VLY VLYPO VLYPP,VLY-PA VLY VLYPO VLYPP|VLYPN,VLY|VLY-PA|VLYPN|VLYPO|VLYPP
VLYPO,VLYPN VLY-PA VLY VLYPP,VLYPN VLY-PA VLY VLYPP|VLYPO,VLY|VLY-PA|VLYPN|VLYPO|VLYPP
VLYPP,VLYPN VLY-PA VLY VLYPO,VLYPN VLY-PA VLY VLYPO|VLYPP,VLY|VLY-PA|VLYPN|VLYPO|VLYPP
VMACU,ANGH VMAC,ANGH VMAC|VMACU,ANGH|VMAC|VMACU
VMCAF,VMCAU VMCAW VMCA,VMCAF|VMCAU VMCAW VMCA,VMCA|VMCAF|VMCAU|VMCAW
VMCAU,VMCAW VMCA VMCAF,VMCAU|VMCAW VMCA VMCAF,VMCA|VMCAF|VMCAU|VMCAW
VMCAW,VMCAU VMCA VMCAF,VMCAU VMCA VMCAF|VMCAW,VMCA|VMCAF|VMCAU|VMCAW
VMED,TLWT NTLI,TLWT NTLI|VMED,NTLI|TLWT|VMED
VMGA,VMGAU VMGAW,VMGA|VMGAU VMGAW,VMGA|VMGAU|VMGAW
VMGAU,VMGA VMGAW,VMGA VMGAW|VMGAU,VMGA|VMGAU|VMGAW
VNLPY,BBIOY VNLSY VNLS,BBIOY VNLSY VNLS|VNLPY,BBIOY|VNLPY|VNLS|VNLSY
VNO,VNO-PN VNO-PO VNO-PM VNO-PL VNO-PJ VORTP VNO-PI VNO-PG VNO-PK,VNO|VNO-PN VNO-PO VNO-PM VNO-PL VNO-PJ VORTP VNO-PI VNO-PG VNO-PK,VNO|VNO-PG|VNO-PI|VNO-PJ|VNO-PK|VNO-PL|VNO-PM|VNO-PN|VNO-PO|VORTP
VNO-PG,VNO-PN VNO-PO VNO-PM VNO-PL VNO-PJ VORTP VNO VNO-PI VNO-PK,VNO-PG|VNO-PN VNO-PO VNO-PM VNO-PL VNO-PJ VORTP VNO VNO-PI VNO-PK,VNO|VNO-PG|VNO-PI|VNO-PJ|VNO-PK|VNO-PL|VNO-PM|VNO-PN|VNO-PO|VORTP
VNO-PI,VNO-PN VNO-PO VNO-PM VNO-PL VNO-PJ VORTP VNO VNO-PG VNO-PK,VNO-PI|VNO-PN VNO-PO VNO-PM VNO-PL VNO-PJ VORTP VNO VNO-PG VNO-PK,VNO|VNO-PG|VNO-PI|VNO-PJ|VNO-PK|VNO-PL|VNO-PM|VNO-PN|VNO-PO|VORTP
VNO-PJ,VNO-PN VNO-PO VNO-PM VNO-PL VORTP VNO VNO-PI VNO-PG VNO-PK,VNO-PJ|VNO-PN VNO-PO VNO-PM VNO-PL VORTP VNO VNO-PI VNO-PG VNO-PK,VNO|VNO-PG|VNO-PI|VNO-PJ|VNO-PK|VNO-PL|VNO-PM|VNO-PN|VNO-PO|VORTP
VNO-PK,VNO-PN VNO-PO VNO-PM VNO-PL VNO-PJ VORTP VNO VNO-PI VNO-PG,VNO-PK|VNO-PN VNO-PO VNO-PM VNO-PL VNO-PJ VORTP VNO VNO-PI VNO-PG,VNO|VNO-PG|VNO-PI|VNO-PJ|VNO-PK|VNO-PL|VNO-PM|VNO-PN|VNO-PO|VORTP
VNO-PL,VNO-PN VNO-PO VNO-PM VNO-PJ VORTP VNO VNO-PI VNO-PG VNO-PK,VNO-PL|VNO-PN VNO-PO VNO-PM VNO-PJ VORTP VNO VNO-PI VNO-PG VNO-PK,VNO|VNO-PG|VNO-PI|VNO-PJ|VNO-PK|VNO-PL|VNO-PM|VNO-PN|VNO-PO|VORTP
VNO-PM,VNO-PN VNO-PO VNO-PL VNO-PJ VORTP VNO VNO-PI VNO-PG VNO-PK,VNO-PM|VNO-PN VNO-PO VNO-PL VNO-PJ VORTP VNO VNO-PI VNO-PG VNO-PK,VNO|VNO-PG|VNO-PI|VNO-PJ|VNO-PK|VNO-PL|VNO-PM|VNO-PN|VNO-PO|VORTP
VNO-PN,VNO-PO VNO-PM VNO-PL VNO-PJ VORTP VNO VNO-PI VNO-PG VNO-PK,VNO-PN|VNO-PO VNO-PM VNO-PL VNO-PJ VORTP VNO VNO-PI VNO-PG VNO-PK,VNO|VNO-PG|VNO-PI|VNO-PJ|VNO-PK|VNO-PL|VNO-PM|VNO-PN|VNO-PO|VORTP
VNO-PO,VNO-PN VNO-PM VNO-PL VNO-PJ VORTP VNO VNO-PI VNO-PG VNO-PK,VNO-PN VNO-PM VNO-PL VNO-PJ VORTP VNO VNO-PI VNO-PG VNO-PK|VNO-PO,VNO|VNO-PG|VNO-PI|VNO-PJ|VNO-PK|VNO-PL|VNO-PM|VNO-PN|VNO-PO|VORTP
VOLT2,VISI VOLT VOL,VISI VOLT VOL|VOLT2,VISI|VOL|VOLT|VOLT2
VORBQ,NGCA NGCAW NGCAU VORBW VORB,NGCA NGCAW NGCAU VORBW VORB|VORBQ,NGCA|NGCAU|NGCAW|VORB|VORBQ|VORBW
VORBW,NGCA NGCAW VORBQ NGCAU VORB,NGCA NGCAW VORBQ NGCAU VORB|VORBW,NGCA|NGCAU|NGCAW|VORB|VORBQ|VORBW
VOSOU,VOSOW WEJO WEJWQ WEJOQ WEJOW VOSO,VOSOU|VOSOW WEJO WEJWQ WEJOQ WEJOW VOSO,VOSO|VOSOU|VOSOW|WEJO|WEJOQ|WEJOW|WEJWQ
VPCB,VPCBU VPCBW,VPCB|VPCBU VPCBW,VPCB|VPCBU|VPCBW
VPCBU,VPCBW VPCB,VPCBU|VPCBW VPCB,VPCB|VPCBU|VPCBW
VPCBW,VPCBU VPCB,VPCBU VPCB|VPCBW,VPCB|VPCBU|VPCBW
VPCC.U,VPCC DAVE,VPCC DAVE|VPCC.U,DAVE|VPCC|VPCC.U
VPGC,UVEW CRTM,UVEW CRTM|VPGC,CRTM|UVEW|VPGC
VPGI,JVI VCYA PGV,JVI VCYA PGV|VPGI,JVI|PGV|VCYA|VPGI
VQSSF,VQS VQSLF,VQS VQSLF|VQSSF,VQS|VQSLF|VQSSF
VR-PA,VR2 VR-PB VR,VR-PA|VR2 VR-PB VR,VR|VR-PA|VR-PB|VR2
VR-PB,VR2 VR-PA VR,VR-PB|VR2 VR-PA VR,VR|VR-PA|VR-PB|VR2
VR2,VR-PB VR-PA VR,VR-PB VR-PA VR|VR2,VR|VR-PA|VR-PB|VR2
VRAI1,VRAI VRA,VRAI VRA|VRAI1,VRA|VRAI|VRAI1
VRC2,TBI VRC,TBI VRC|VRC2,TBI|VRC|VRC2
VRDN,SGNL MGEN,SGNL MGEN|VRDN,MGEN|SGNL|VRDN
VRDOQ,VRDO FWIS,VRDO FWIS|VRDOQ,FWIS|VRDO|VRDOQ
VRGE,VERP VGNI,VERP VGNI|VRGE,VERP|VGNI|VRGE
VRME,VRMEW LLTI,VRME|VRMEW LLTI,LLTI|VRME|VRMEW
VRMEW,LLTI VRME,LLTI VRME|VRMEW,LLTI|VRME|VRMEW
VRN,CSCTF CPG,CSCTF CPG|VRN,CPG|CSCTF|VRN
VRRM,GSHT GSHTU,GSHT GSHTU|VRRM,GSHT|GSHTU|VRRM
VRSOQ,ELTX VRSO,ELTX VRSO|VRSOQ,ELTX|VRSO|VRSOQ
VRT,VERT.U GSAH VRT.WS GSAH.U GSAH.WS,VERT.U GSAH VRT.WS GSAH.U GSAH.WS|VRT,GSAH|GSAH.U|GSAH.WS|VERT.U|VRT|VRT.WS
VRT.WS,VERT.U GSAH VRT GSAH.U GSAH.WS,VERT.U GSAH VRT GSAH.U GSAH.WS|VRT.WS,GSAH|GSAH.U|GSAH.WS|VERT.U|VRT|VRT.WS
VRX1,VRX ICN,VRX ICN|VRX1,ICN|VRX|VRX1
VRXA,VACH VACHU,VACH VACHU|VRXA,VACH|VACHU|VRXA
VRXMF,VIRFF REX,VIRFF REX|VRXMF,REX|VIRFF|VRXMF
VS,VRSSF VSSYW,VRSSF VSSYW|VS,VRSSF|VS|VSSYW
VSA,TCTM TEDU,TCTM TEDU|VSA,TCTM|TEDU|VSA
VSAC,VSACW VSACU,VSAC|VSACW VSACU,VSAC|VSACU|VSACW
VSACU,VSACW VSAC,VSACU|VSACW VSAC,VSAC|VSACU|VSACW
VSACW,VSACU VSAC,VSACU VSAC|VSACW,VSAC|VSACU|VSACW
VSEE,DHACU DHAC,DHACU DHAC|VSEE,DHAC|DHACU|VSEE
VSPRU,VSPR SKINW SKIN VSPRW,VSPR SKINW SKIN VSPRW|VSPRU,SKIN|SKINW|VSPR|VSPRU|VSPRW
VSSYW,VRSSF VS,VRSSF VS|VSSYW,VRSSF|VS|VSSYW
VST,VST.WSA VSTE DYNC DYNC1,VST|VST.WSA VSTE DYNC DYNC1,DYNC|DYNC1|VST|VST.WSA|VSTE
VST.WSA,VST VSTE DYNC DYNC1,VST VSTE DYNC DYNC1|VST.WSA,DYNC|DYNC1|VST|VST.WSA|VSTE
VSTA2,VSTA NVAL,VSTA NVAL|VSTA2,NVAL|VSTA|VSTA2
VSTE,NETC VSTEW NETC.WS NETC.U,NETC VSTEW NETC.WS NETC.U|VSTE,NETC|NETC.U|NETC.WS|VSTE|VSTEW
VSTEW,NETC NETC.WS VSTE NETC.U,NETC NETC.WS VSTE NETC.U|VSTEW,NETC|NETC.U|NETC.WS|VSTE|VSTEW
VSTNQ,VC VSTN,VC VSTN|VSTNQ,VC|VSTN|VSTNQ
VTAIQ,VTAI VTA,VTAI VTA|VTAIQ,VTA|VTAI|VTAIQ
VTAQR,VTAQW VTAQU PRST PRSTW VTAQ,VTAQR|VTAQW VTAQU PRST PRSTW VTAQ,PRST|PRSTW|VTAQ|VTAQR|VTAQU|VTAQW
VTAQU,VTAQW VTAQR PRST PRSTW VTAQ,VTAQU|VTAQW VTAQR PRST PRSTW VTAQ,PRST|PRSTW|VTAQ|VTAQR|VTAQU|VTAQW
VTEQ,ADSX DIGA,ADSX DIGA|VTEQ,ADSX|DIGA|VTEQ
VTEX1,EMVL EWEB VTEX,EMVL EWEB VTEX|VTEX1,EMVL|EWEB|VTEX|VTEX1
VTGDF,VTG VTG.U,VTG VTG.U|VTGDF,VTG|VTG.U|VTGDF
VTIQ,VTIQU VTIQW,VTIQ|VTIQU VTIQW,VTIQ|VTIQU|VTIQW
VTIQU,VTIQW VTIQ,VTIQU|VTIQW VTIQ,VTIQ|VTIQU|VTIQW
VTIQW,VTIQU VTIQ,VTIQU VTIQ|VTIQW,VTIQ|VTIQU|VTIQW
VTNRQ,WDWT VTNR VPTI,VTNRQ|WDWT VTNR VPTI,VPTI|VTNR|VTNRQ|WDWT
VTR,VC VTRB,VC VTRB|VTR,VC|VTR|VTRB
VTRO1,FWHT VTRO MIVA,FWHT VTRO MIVA|VTRO1,FWHT|MIVA|VTRO|VTRO1
VTRU1,VTRU MBRS,VTRU MBRS|VTRU1,MBRS|VTRU|VTRU1
VVNT,MOSC.WS MOSC.U VVNT.WS MOSC,MOSC.WS MOSC.U VVNT.WS MOSC|VVNT,MOSC|MOSC.U|MOSC.WS|VVNT|VVNT.WS
VVNT.WS,MOSC.WS MOSC.U VVNT MOSC,MOSC.WS MOSC.U VVNT MOSC|VVNT.WS,MOSC|MOSC.U|MOSC.WS|VVNT|VVNT.WS
VVX,VEC VEC.W,VEC VEC.W|VVX,VEC|VEC.W|VVX
VWAV,BNIX BNIXR BNIXU,BNIX BNIXR BNIXU|VWAV,BNIX|BNIXR|BNIXU|VWAV
VWESQ,VWEWW BSPE VWE VWEWQ,VWESQ|VWEWW BSPE VWE VWEWQ,BSPE|VWE|VWESQ|VWEWQ|VWEWW
VWEWQ,VWEWW BSPE VWE VWESQ,VWEWQ|VWEWW BSPE VWE VWESQ,BSPE|VWE|VWESQ|VWEWQ|VWEWW
VXRT,NABI BOTA AVIR,NABI BOTA AVIR|VXRT,AVIR|BOTA|NABI|VXRT
VYGG,VYGG.U VYGG.WS,VYGG|VYGG.U VYGG.WS,VYGG|VYGG.U|VYGG.WS
VYGG.U,VYGG VYGG.WS,VYGG VYGG.WS|VYGG.U,VYGG|VYGG.U|VYGG.WS
VYGG.WS,VYGG.U VYGG,VYGG.U VYGG|VYGG.WS,VYGG|VYGG.U|VYGG.WS
VZ,VZA-CL BEL,VZ|VZA-CL BEL,BEL|VZ|VZA-CL
WAFD,WAFDP WFSL,WAFD|WAFDP WFSL,WAFD|WAFDP|WFSL
WAFDP,WAFD WFSL,WAFD WFSL|WAFDP,WAFD|WAFDP|WFSL
WAL,WALA WAL-PA,WAL|WALA WAL-PA,WAL|WAL-PA|WALA
WAL-PA,WALA WAL,WAL-PA|WALA WAL,WAL|WAL-PA|WALA
WALKQ,BDOG WALK,BDOG WALK|WALKQ,BDOG|WALK|WALKQ
WARR,WARR.WS WARR.U,WARR|WARR.WS WARR.U,WARR|WARR.U|WARR.WS
WARR.U,WARR.WS WARR,WARR.U|WARR.WS WARR,WARR|WARR.U|WARR.WS
WARR.WS,WARR WARR.U,WARR WARR.U|WARR.WS,WARR|WARR.U|WARR.WS
WARR1,WARR BWWL,WARR BWWL|WARR1,BWWL|WARR|WARR1
WAVC,WAVC.U WAVC.WS,WAVC|WAVC.U WAVC.WS,WAVC|WAVC.U|WAVC.WS
WAVC.U,WAVC WAVC.WS,WAVC WAVC.WS|WAVC.U,WAVC|WAVC.U|WAVC.WS
WAVC.WS,WAVC.U WAVC,WAVC.U WAVC|WAVC.WS,WAVC|WAVC.U|WAVC.WS
WAVSU,CYCU WAVS,CYCU WAVS|WAVSU,CYCU|WAVS|WAVSU
WAYS,DEXT CHIO LQMD,DEXT CHIO LQMD|WAYS,CHIO|DEXT|LQMD|WAYS
WB1,FTU WB,FTU WB|WB1,FTU|WB|WB1
WBD,DISCA DISCK DISCB,DISCA DISCK DISCB|WBD,DISCA|DISCB|DISCK|WBD
WBS,WBS-PE WBS-PF WBS-PG,WBS|WBS-PE WBS-PF WBS-PG,WBS|WBS-PE|WBS-PF|WBS-PG
WBS-PE,WBS WBS-PF WBS-PG,WBS WBS-PF WBS-PG|WBS-PE,WBS|WBS-PE|WBS-PF|WBS-PG
WBS-PF,WBS WBS-PE WBS-PG,WBS WBS-PE WBS-PG|WBS-PF,WBS|WBS-PE|WBS-PF|WBS-PG
WBS-PG,WBS WBS-PE WBS-PF,WBS WBS-PE WBS-PF|WBS-PG,WBS|WBS-PE|WBS-PF|WBS-PG
WBX,KCAC KCAC.WS KCAC.U KCAC.U1 WBX.WS,KCAC KCAC.WS KCAC.U KCAC.U1 WBX.WS|WBX,KCAC|KCAC.U|KCAC.U1|KCAC.WS|WBX|WBX.WS
WBX.WS,KCAC WBX KCAC.WS KCAC.U KCAC.U1,KCAC WBX KCAC.WS KCAC.U KCAC.U1|WBX.WS,KCAC|KCAC.U|KCAC.U1|KCAC.WS|WBX|WBX.WS
WCOEQ,MCIT WCOM MCWEQ,MCIT WCOM MCWEQ|WCOEQ,MCIT|MCWEQ|WCOEQ|WCOM
WCPSF,QBRWF IQW,QBRWF IQW|WCPSF,IQW|QBRWF|WCPSF
WCRX1,WCRX GALN,WCRX GALN|WCRX1,GALN|WCRX|WCRX1
WDGH,WDG LEV,WDG LEV|WDGH,LEV|WDG|WDGH
WEB,WSPI WWWW,WEB|WSPI WWWW,WEB|WSPI|WWWW
WEFN,RSES RSTO,RSES RSTO|WEFN,RSES|RSTO|WEFN
WEJOQ,VOSOW VOSOU WEJO WEJWQ WEJOW VOSO,VOSOW VOSOU WEJO WEJWQ WEJOW VOSO|WEJOQ,VOSO|VOSOU|VOSOW|WEJO|WEJOQ|WEJOW|WEJWQ
WEJWQ,VOSOW VOSOU WEJO WEJOQ WEJOW VOSO,VOSOW VOSOU WEJO WEJOQ WEJOW VOSO|WEJWQ,VOSO|VOSOU|VOSOW|WEJO|WEJOQ|WEJOW|WEJWQ
WEL.U,WEL WEL.WS WELNF,WEL WEL.WS WELNF|WEL.U,WEL|WEL.U|WEL.WS|WELNF
WEL.WS,WEL WELNF WEL.U,WEL WELNF WEL.U|WEL.WS,WEL|WEL.U|WEL.WS|WELNF
WELL,HCN HCN-PI WELL-PI HCN-PJ,HCN HCN-PI WELL-PI HCN-PJ|WELL,HCN|HCN-PI|HCN-PJ|WELL|WELL-PI
WELL-PI,WELL HCN HCN-PI HCN-PJ,WELL HCN HCN-PI HCN-PJ|WELL-PI,HCN|HCN-PI|HCN-PJ|WELL|WELL-PI
WELNF,WEL.WS WEL WEL.U,WEL.WS WEL WEL.U|WELNF,WEL|WEL.U|WEL.WS|WELNF
WEN,TRY TRY.B,TRY TRY.B|WEN,TRY|TRY.B|WEN
WEST,RVACW RVACU WESTW RVAC,RVACW RVACU WESTW RVAC|WEST,RVAC|RVACU|RVACW|WEST|WESTW
WEST1,WEST WSZL WSZZ,WEST WSZL WSZZ|WEST1,WEST|WEST1|WSZL|WSZZ
WEST2,WEST AKNS,WEST AKNS|WEST2,AKNS|WEST|WEST2
WESTW,WEST RVACW RVACU RVAC,WEST RVACW RVACU RVAC|WESTW,RVAC|RVACU|RVACW|WEST|WESTW
WEWKQ,BOWX BOWXU WEWOW WE.WS BOWXW WE,BOWX BOWXU WEWOW WE.WS BOWXW WE|WEWKQ,BOWX|BOWXU|BOWXW|WE|WE.WS|WEWKQ|WEWOW
WEWOW,BOWX BOWXU WE.WS BOWXW WE WEWKQ,BOWX BOWXU WE.WS BOWXW WE WEWKQ|WEWOW,BOWX|BOWXU|BOWXW|WE|WE.WS|WEWKQ|WEWOW
WFC,WFC-PV NOB WFC-PQ WFC-PC WFC-PA WFC-PO WFC-PL WFC-PP WFC-PT WFC-PD WFC-PW WFC-PR WFC-PZ WFC-PX WFC-PN WFC-PJ WFE-PA WFC-PY,WFC|WFC-PV NOB WFC-PQ WFC-PC WFC-PA WFC-PO WFC-PL WFC-PP WFC-PT WFC-PD WFC-PW WFC-PR WFC-PZ WFC-PX WFC-PN WFC-PJ WFE-PA WFC-PY,NOB|WFC|WFC-PA|WFC-PC|WFC-PD|WFC-PJ|WFC-PL|WFC-PN|WFC-PO|WFC-PP|WFC-PQ|WFC-PR|WFC-PT|WFC-PV|WFC-PW|WFC-PX|WFC-PY|WFC-PZ|WFE-PA
WFC-PA,WFC-PV NOB WFC-PQ WFC-PC WFC-PO WFC-PL WFC-PP WFC-PT WFC-PD WFC-PW WFC-PR WFC-PZ WFC WFC-PX WFC-PN WFC-PJ WFE-PA WFC-PY,WFC-PA|WFC-PV NOB WFC-PQ WFC-PC WFC-PO WFC-PL WFC-PP WFC-PT WFC-PD WFC-PW WFC-PR WFC-PZ WFC WFC-PX WFC-PN WFC-PJ WFE-PA WFC-PY,NOB|WFC|WFC-PA|WFC-PC|WFC-PD|WFC-PJ|WFC-PL|WFC-PN|WFC-PO|WFC-PP|WFC-PQ|WFC-PR|WFC-PT|WFC-PV|WFC-PW|WFC-PX|WFC-PY|WFC-PZ|WFE-PA
WFC-PC,WFC-PV NOB WFC-PQ WFC-PA WFC-PO WFC-PL WFC-PP WFC-PT WFC-PD WFC-PW WFC-PR WFC-PZ WFC WFC-PX WFC-PN WFC-PJ WFE-PA WFC-PY,WFC-PC|WFC-PV NOB WFC-PQ WFC-PA WFC-PO WFC-PL WFC-PP WFC-PT WFC-PD WFC-PW WFC-PR WFC-PZ WFC WFC-PX WFC-PN WFC-PJ WFE-PA WFC-PY,NOB|WFC|WFC-PA|WFC-PC|WFC-PD|WFC-PJ|WFC-PL|WFC-PN|WFC-PO|WFC-PP|WFC-PQ|WFC-PR|WFC-PT|WFC-PV|WFC-PW|WFC-PX|WFC-PY|WFC-PZ|WFE-PA
WFC-PD,WFC-PV NOB WFC-PQ WFC-PC WFC-PA WFC-PO WFC-PL WFC-PP WFC-PT WFC-PW WFC-PR WFC-PZ WFC WFC-PX WFC-PN WFC-PJ WFE-PA WFC-PY,WFC-PD|WFC-PV NOB WFC-PQ WFC-PC WFC-PA WFC-PO WFC-PL WFC-PP WFC-PT WFC-PW WFC-PR WFC-PZ WFC WFC-PX WFC-PN WFC-PJ WFE-PA WFC-PY,NOB|WFC|WFC-PA|WFC-PC|WFC-PD|WFC-PJ|WFC-PL|WFC-PN|WFC-PO|WFC-PP|WFC-PQ|WFC-PR|WFC-PT|WFC-PV|WFC-PW|WFC-PX|WFC-PY|WFC-PZ|WFE-PA
WFC-PJ,WFC-PV NOB WFC-PQ WFC-PC WFC-PA WFC-PO WFC-PL WFC-PP WFC-PT WFC-PD WFC-PW WFC-PR WFC-PZ WFC WFC-PX WFC-PN WFE-PA WFC-PY,WFC-PJ|WFC-PV NOB WFC-PQ WFC-PC WFC-PA WFC-PO WFC-PL WFC-PP WFC-PT WFC-PD WFC-PW WFC-PR WFC-PZ WFC WFC-PX WFC-PN WFE-PA WFC-PY,NOB|WFC|WFC-PA|WFC-PC|WFC-PD|WFC-PJ|WFC-PL|WFC-PN|WFC-PO|WFC-PP|WFC-PQ|WFC-PR|WFC-PT|WFC-PV|WFC-PW|WFC-PX|WFC-PY|WFC-PZ|WFE-PA
WFC-PL,WFC-PV NOB WFC-PQ WFC-PC WFC-PA WFC-PO WFC-PP WFC-PT WFC-PD WFC-PW WFC-PR WFC-PZ WFC WFC-PX WFC-PN WFC-PJ WFE-PA WFC-PY,WFC-PL|WFC-PV NOB WFC-PQ WFC-PC WFC-PA WFC-PO WFC-PP WFC-PT WFC-PD WFC-PW WFC-PR WFC-PZ WFC WFC-PX WFC-PN WFC-PJ WFE-PA WFC-PY,NOB|WFC|WFC-PA|WFC-PC|WFC-PD|WFC-PJ|WFC-PL|WFC-PN|WFC-PO|WFC-PP|WFC-PQ|WFC-PR|WFC-PT|WFC-PV|WFC-PW|WFC-PX|WFC-PY|WFC-PZ|WFE-PA
WFC-PN,WFC-PV NOB WFC-PQ WFC-PC WFC-PA WFC-PO WFC-PL WFC-PP WFC-PT WFC-PD WFC-PW WFC-PR WFC-PZ WFC WFC-PX WFC-PJ WFE-PA WFC-PY,WFC-PN|WFC-PV NOB WFC-PQ WFC-PC WFC-PA WFC-PO WFC-PL WFC-PP WFC-PT WFC-PD WFC-PW WFC-PR WFC-PZ WFC WFC-PX WFC-PJ WFE-PA WFC-PY,NOB|WFC|WFC-PA|WFC-PC|WFC-PD|WFC-PJ|WFC-PL|WFC-PN|WFC-PO|WFC-PP|WFC-PQ|WFC-PR|WFC-PT|WFC-PV|WFC-PW|WFC-PX|WFC-PY|WFC-PZ|WFE-PA
WFC-PO,WFC-PV NOB WFC-PQ WFC-PC WFC-PA WFC-PL WFC-PP WFC-PT WFC-PD WFC-PW WFC-PR WFC-PZ WFC WFC-PX WFC-PN WFC-PJ WFE-PA WFC-PY,WFC-PO|WFC-PV NOB WFC-PQ WFC-PC WFC-PA WFC-PL WFC-PP WFC-PT WFC-PD WFC-PW WFC-PR WFC-PZ WFC WFC-PX WFC-PN WFC-PJ WFE-PA WFC-PY,NOB|WFC|WFC-PA|WFC-PC|WFC-PD|WFC-PJ|WFC-PL|WFC-PN|WFC-PO|WFC-PP|WFC-PQ|WFC-PR|WFC-PT|WFC-PV|WFC-PW|WFC-PX|WFC-PY|WFC-PZ|WFE-PA
WFC-PP,WFC-PV NOB WFC-PQ WFC-PC WFC-PA WFC-PO WFC-PL WFC-PT WFC-PD WFC-PW WFC-PR WFC-PZ WFC WFC-PX WFC-PN WFC-PJ WFE-PA WFC-PY,WFC-PP|WFC-PV NOB WFC-PQ WFC-PC WFC-PA WFC-PO WFC-PL WFC-PT WFC-PD WFC-PW WFC-PR WFC-PZ WFC WFC-PX WFC-PN WFC-PJ WFE-PA WFC-PY,NOB|WFC|WFC-PA|WFC-PC|WFC-PD|WFC-PJ|WFC-PL|WFC-PN|WFC-PO|WFC-PP|WFC-PQ|WFC-PR|WFC-PT|WFC-PV|WFC-PW|WFC-PX|WFC-PY|WFC-PZ|WFE-PA
WFC-PQ,WFC-PV NOB WFC-PC WFC-PA WFC-PO WFC-PL WFC-PP WFC-PT WFC-PD WFC-PW WFC-PR WFC-PZ WFC WFC-PX WFC-PN WFC-PJ WFE-PA WFC-PY,WFC-PQ|WFC-PV NOB WFC-PC WFC-PA WFC-PO WFC-PL WFC-PP WFC-PT WFC-PD WFC-PW WFC-PR WFC-PZ WFC WFC-PX WFC-PN WFC-PJ WFE-PA WFC-PY,NOB|WFC|WFC-PA|WFC-PC|WFC-PD|WFC-PJ|WFC-PL|WFC-PN|WFC-PO|WFC-PP|WFC-PQ|WFC-PR|WFC-PT|WFC-PV|WFC-PW|WFC-PX|WFC-PY|WFC-PZ|WFE-PA
WFC-PR,WFC-PV NOB WFC-PQ WFC-PC WFC-PA WFC-PO WFC-PL WFC-PP WFC-PT WFC-PD WFC-PW WFC-PZ WFC WFC-PX WFC-PN WFC-PJ WFE-PA WFC-PY,WFC-PR|WFC-PV NOB WFC-PQ WFC-PC WFC-PA WFC-PO WFC-PL WFC-PP WFC-PT WFC-PD WFC-PW WFC-PZ WFC WFC-PX WFC-PN WFC-PJ WFE-PA WFC-PY,NOB|WFC|WFC-PA|WFC-PC|WFC-PD|WFC-PJ|WFC-PL|WFC-PN|WFC-PO|WFC-PP|WFC-PQ|WFC-PR|WFC-PT|WFC-PV|WFC-PW|WFC-PX|WFC-PY|WFC-PZ|WFE-PA
WFC-PT,WFC-PV NOB WFC-PQ WFC-PC WFC-PA WFC-PO WFC-PL WFC-PP WFC-PD WFC-PW WFC-PR WFC-PZ WFC WFC-PX WFC-PN WFC-PJ WFE-PA WFC-PY,WFC-PT|WFC-PV NOB WFC-PQ WFC-PC WFC-PA WFC-PO WFC-PL WFC-PP WFC-PD WFC-PW WFC-PR WFC-PZ WFC WFC-PX WFC-PN WFC-PJ WFE-PA WFC-PY,NOB|WFC|WFC-PA|WFC-PC|WFC-PD|WFC-PJ|WFC-PL|WFC-PN|WFC-PO|WFC-PP|WFC-PQ|WFC-PR|WFC-PT|WFC-PV|WFC-PW|WFC-PX|WFC-PY|WFC-PZ|WFE-PA
WFC-PV,NOB WFC-PQ WFC-PC WFC-PA WFC-PO WFC-PL WFC-PP WFC-PT WFC-PD WFC-PW WFC-PR WFC-PZ WFC WFC-PX WFC-PN WFC-PJ WFE-PA WFC-PY,NOB WFC-PQ WFC-PC WFC-PA WFC-PO WFC-PL WFC-PP WFC-PT WFC-PD WFC-PW WFC-PR WFC-PZ WFC WFC-PX WFC-PN WFC-PJ WFE-PA WFC-PY|WFC-PV,NOB|WFC|WFC-PA|WFC-PC|WFC-PD|WFC-PJ|WFC-PL|WFC-PN|WFC-PO|WFC-PP|WFC-PQ|WFC-PR|WFC-PT|WFC-PV|WFC-PW|WFC-PX|WFC-PY|WFC-PZ|WFE-PA
WFC-PW,WFC-PV NOB WFC-PQ WFC-PC WFC-PA WFC-PO WFC-PL WFC-PP WFC-PT WFC-PD WFC-PR WFC-PZ WFC WFC-PX WFC-PN WFC-PJ WFE-PA WFC-PY,WFC-PV NOB WFC-PQ WFC-PC WFC-PA WFC-PO WFC-PL WFC-PP WFC-PT WFC-PD WFC-PR WFC-PZ WFC WFC-PX WFC-PN WFC-PJ WFE-PA WFC-PY|WFC-PW,NOB|WFC|WFC-PA|WFC-PC|WFC-PD|WFC-PJ|WFC-PL|WFC-PN|WFC-PO|WFC-PP|WFC-PQ|WFC-PR|WFC-PT|WFC-PV|WFC-PW|WFC-PX|WFC-PY|WFC-PZ|WFE-PA
WFC-PX,WFC-PV NOB WFC-PQ WFC-PC WFC-PA WFC-PO WFC-PL WFC-PP WFC-PT WFC-PD WFC-PW WFC-PR WFC-PZ WFC WFC-PN WFC-PJ WFE-PA WFC-PY,WFC-PV NOB WFC-PQ WFC-PC WFC-PA WFC-PO WFC-PL WFC-PP WFC-PT WFC-PD WFC-PW WFC-PR WFC-PZ WFC WFC-PN WFC-PJ WFE-PA WFC-PY|WFC-PX,NOB|WFC|WFC-PA|WFC-PC|WFC-PD|WFC-PJ|WFC-PL|WFC-PN|WFC-PO|WFC-PP|WFC-PQ|WFC-PR|WFC-PT|WFC-PV|WFC-PW|WFC-PX|WFC-PY|WFC-PZ|WFE-PA
WFC-PY,WFC-PV NOB WFC-PQ WFC-PC WFC-PA WFC-PO WFC-PL WFC-PP WFC-PT WFC-PD WFC-PW WFC-PR WFC-PZ WFC WFC-PX WFC-PN WFC-PJ WFE-PA,WFC-PV NOB WFC-PQ WFC-PC WFC-PA WFC-PO WFC-PL WFC-PP WFC-PT WFC-PD WFC-PW WFC-PR WFC-PZ WFC WFC-PX WFC-PN WFC-PJ WFE-PA|WFC-PY,NOB|WFC|WFC-PA|WFC-PC|WFC-PD|WFC-PJ|WFC-PL|WFC-PN|WFC-PO|WFC-PP|WFC-PQ|WFC-PR|WFC-PT|WFC-PV|WFC-PW|WFC-PX|WFC-PY|WFC-PZ|WFE-PA
WFC-PZ,WFC-PV NOB WFC-PQ WFC-PC WFC-PA WFC-PO WFC-PL WFC-PP WFC-PT WFC-PD WFC-PW WFC-PR WFC WFC-PX WFC-PN WFC-PJ WFE-PA WFC-PY,WFC-PV NOB WFC-PQ WFC-PC WFC-PA WFC-PO WFC-PL WFC-PP WFC-PT WFC-PD WFC-PW WFC-PR WFC WFC-PX WFC-PN WFC-PJ WFE-PA WFC-PY|WFC-PZ,NOB|WFC|WFC-PA|WFC-PC|WFC-PD|WFC-PJ|WFC-PL|WFC-PN|WFC-PO|WFC-PP|WFC-PQ|WFC-PR|WFC-PT|WFC-PV|WFC-PW|WFC-PX|WFC-PY|WFC-PZ|WFE-PA
WFE-PA,WFC-PV NOB WFC-PQ WFC-PC WFC-PA WFC-PO WFC-PL WFC-PP WFC-PT WFC-PD WFC-PW WFC-PR WFC-PZ WFC WFC-PX WFC-PN WFC-PJ WFC-PY,WFC-PV NOB WFC-PQ WFC-PC WFC-PA WFC-PO WFC-PL WFC-PP WFC-PT WFC-PD WFC-PW WFC-PR WFC-PZ WFC WFC-PX WFC-PN WFC-PJ WFC-PY|WFE-PA,NOB|WFC|WFC-PA|WFC-PC|WFC-PD|WFC-PJ|WFC-PL|WFC-PN|WFC-PO|WFC-PP|WFC-PQ|WFC-PR|WFC-PT|WFC-PV|WFC-PW|WFC-PX|WFC-PY|WFC-PZ|WFE-PA
WFTIQ,WFTIF EVI WFT,WFTIF EVI WFT|WFTIQ,EVI|WFT|WFTIF|WFTIQ
WGHTQ,WW WTW,WGHTQ|WW WTW,WGHTQ|WTW|WW
WGS,SMFR CMLFU CMLF,SMFR CMLFU CMLF|WGS,CMLF|CMLFU|SMFR|WGS
WHCI,WHI WBPR,WHCI|WHI WBPR,WBPR|WHCI|WHI
WHF,WHFBZ WHFBL WHFCL,WHF|WHFBZ WHFBL WHFCL,WHF|WHFBL|WHFBZ|WHFCL
WHLM,BILL NCEH,BILL NCEH|WHLM,BILL|NCEH|WHLM
WHLR,WHLRD WHLRP WHLRL,WHLR|WHLRD WHLRP WHLRL,WHLR|WHLRD|WHLRL|WHLRP
WHLRD,WHLRP WHLR WHLRL,WHLRD|WHLRP WHLR WHLRL,WHLR|WHLRD|WHLRL|WHLRP
WHLRP,WHLRD WHLR WHLRL,WHLRD WHLR WHLRL|WHLRP,WHLR|WHLRD|WHLRL|WHLRP
WHR,WHR-PA WHRDL,WHR|WHR-PA WHRDL,WHR|WHR-PA|WHRDL
WHR-PA,WHR WHRDL,WHR WHRDL|WHR-PA,WHR|WHR-PA|WHRDL
WHWK,ARPO AADI,ARPO AADI|WHWK,AADI|ARPO|WHWK
WINMQ,VCG WIN,VCG WIN|WINMQ,VCG|WIN|WINMQ
WINR,SMSH IAM IAMXU,SMSH IAM IAMXU|WINR,IAM|IAMXU|SMSH|WINR
WINV,WINVR WINVW WINVU,WINV|WINVR WINVW WINVU,WINV|WINVR|WINVU|WINVW
WINVR,WINV WINVW WINVU,WINV WINVW WINVU|WINVR,WINV|WINVR|WINVU|WINVW
WINVU,WINVR WINV WINVW,WINVR WINV WINVW|WINVU,WINV|WINVR|WINVU|WINVW
WINVW,WINVR WINV WINVU,WINVR WINV WINVU|WINVW,WINV|WINVR|WINVU|WINVW
WIRX,XWG BATS,WIRX|XWG BATS,BATS|WIRX|XWG
WLACU,BRUN WLAC,BRUN WLAC|WLACU,BRUN|WLAC|WLACU
WLBAQ,WLB WLBA,WLB WLBA|WLBAQ,WLB|WLBA|WLBAQ
WLKR,CSWA GLOI PPRO GOPG,CSWA GLOI PPRO GOPG|WLKR,CSWA|GLOI|GOPG|PPRO|WLKR
WLMSQ,WLMS GLPW,WLMS GLPW|WLMSQ,GLPW|WLMS|WLMSQ
WLTGQ,WLT WLTG,WLT WLTG|WLTGQ,WLT|WLTG|WLTGQ
WLVTQ,WLV WLVT,WLV WLVT|WLVTQ,WLV|WLVT|WLVTQ
WLY,WLYB JW.B JW.A,WLY|WLYB JW.B JW.A,JW.A|JW.B|WLY|WLYB
WLYB,JW.B JW.A WLY,JW.B JW.A WLY|WLYB,JW.A|JW.B|WLY|WLYB
WMANQ,WMAN WLM,WMAN WLM|WMANQ,WLM|WMAN|WMANQ
WMLPQ,OXF WMLP,OXF WMLP|WMLPQ,OXF|WMLP|WMLPQ
WNNR.U,WNNR.WS ZPTAW ZPTA WNNR,WNNR.U|WNNR.WS ZPTAW ZPTA WNNR,WNNR|WNNR.U|WNNR.WS|ZPTA|ZPTAW
WOLF2,WOLF CREE,WOLF CREE|WOLF2,CREE|WOLF|WOLF2
WOWI,INFO MTON,INFO MTON|WOWI,INFO|MTON|WOWI
WPCA,WPCA.WS WPCA.U,WPCA|WPCA.WS WPCA.U,WPCA|WPCA.U|WPCA.WS
WPCA.U,WPCA WPCA.WS,WPCA WPCA.WS|WPCA.U,WPCA|WPCA.U|WPCA.WS
WPCA.WS,WPCA WPCA.U,WPCA WPCA.U|WPCA.WS,WPCA|WPCA.U|WPCA.WS
WPCB,WPCB.WS WPCB.U,WPCB|WPCB.WS WPCB.U,WPCB|WPCB.U|WPCB.WS
WPCB.U,WPCB.WS WPCB,WPCB.U|WPCB.WS WPCB,WPCB|WPCB.U|WPCB.WS
WPCB.WS,WPCB.U WPCB,WPCB.U WPCB|WPCB.WS,WPCB|WPCB.U|WPCB.WS
WPF.U,ALIT ALIT.WS WPF.WS WPF,ALIT ALIT.WS WPF.WS WPF|WPF.U,ALIT|ALIT.WS|WPF|WPF.U|WPF.WS
WPG-PG,WPG-PH WPG WPG-PI WPGGQ,WPG-PG|WPG-PH WPG WPG-PI WPGGQ,WPG|WPG-PG|WPG-PH|WPG-PI|WPGGQ
WPG-PH,WPG WPG-PI WPG-PG WPGGQ,WPG WPG-PI WPG-PG WPGGQ|WPG-PH,WPG|WPG-PG|WPG-PH|WPG-PI|WPGGQ
WPG-PI,WPG-PH WPG WPG-PG WPGGQ,WPG-PH WPG WPG-PG WPGGQ|WPG-PI,WPG|WPG-PG|WPG-PH|WPG-PI|WPGGQ
WPGGQ,WPG-PH WPG WPG-PI WPG-PG,WPG-PH WPG WPG-PI WPG-PG|WPGGQ,WPG|WPG-PG|WPG-PH|WPG-PI|WPGGQ
WPP1,WPP WMO,WPP WMO|WPP1,WMO|WPP|WPP1
WPX,WPXP WPXXP,WPX|WPXP WPXXP,WPX|WPXP|WPXXP
WPXP,WPX WPXXP,WPX WPXXP|WPXP,WPX|WPXP|WPXXP
WPZ,ACMP CHKM,ACMP CHKM|WPZ,ACMP|CHKM|WPZ
WQGA,WQGA.U WQGA.WS,WQGA|WQGA.U WQGA.WS,WQGA|WQGA.U|WQGA.WS
WQGA.U,WQGA.WS WQGA,WQGA.U|WQGA.WS WQGA,WQGA|WQGA.U|WQGA.WS
WQGA.WS,WQGA.U WQGA,WQGA.U WQGA|WQGA.WS,WQGA|WQGA.U|WQGA.WS
WRAC,WRAC.U WRACW WRAC.WS,WRAC|WRAC.U WRACW WRAC.WS,WRAC|WRAC.U|WRAC.WS|WRACW
WRAC.U,WRACW WRAC.WS WRAC,WRAC.U|WRACW WRAC.WS WRAC,WRAC|WRAC.U|WRAC.WS|WRACW
WRACW,WRAC.U WRAC.WS WRAC,WRAC.U WRAC.WS WRAC|WRACW,WRAC|WRAC.U|WRAC.WS|WRACW
WRB,WRB-PH WRB-PB WRB-PG WRB-PC WRB-PE WRB-PD BER WRB-PF,WRB|WRB-PH WRB-PB WRB-PG WRB-PC WRB-PE WRB-PD BER WRB-PF,BER|WRB|WRB-PB|WRB-PC|WRB-PD|WRB-PE|WRB-PF|WRB-PG|WRB-PH
WRB-PB,WRB-PH WRB-PG WRB-PC WRB-PE WRB WRB-PD BER WRB-PF,WRB-PB|WRB-PH WRB-PG WRB-PC WRB-PE WRB WRB-PD BER WRB-PF,BER|WRB|WRB-PB|WRB-PC|WRB-PD|WRB-PE|WRB-PF|WRB-PG|WRB-PH
WRB-PC,WRB-PH WRB-PB WRB-PG WRB-PE WRB WRB-PD BER WRB-PF,WRB-PC|WRB-PH WRB-PB WRB-PG WRB-PE WRB WRB-PD BER WRB-PF,BER|WRB|WRB-PB|WRB-PC|WRB-PD|WRB-PE|WRB-PF|WRB-PG|WRB-PH
WRB-PD,WRB-PH WRB-PB WRB-PG WRB-PC WRB-PE WRB BER WRB-PF,WRB-PD|WRB-PH WRB-PB WRB-PG WRB-PC WRB-PE WRB BER WRB-PF,BER|WRB|WRB-PB|WRB-PC|WRB-PD|WRB-PE|WRB-PF|WRB-PG|WRB-PH
WRB-PE,WRB-PH WRB-PB WRB-PG WRB-PC WRB WRB-PD BER WRB-PF,WRB-PE|WRB-PH WRB-PB WRB-PG WRB-PC WRB WRB-PD BER WRB-PF,BER|WRB|WRB-PB|WRB-PC|WRB-PD|WRB-PE|WRB-PF|WRB-PG|WRB-PH
WRB-PF,WRB-PH WRB-PB WRB-PG WRB-PC WRB-PE WRB WRB-PD BER,WRB-PF|WRB-PH WRB-PB WRB-PG WRB-PC WRB-PE WRB WRB-PD BER,BER|WRB|WRB-PB|WRB-PC|WRB-PD|WRB-PE|WRB-PF|WRB-PG|WRB-PH
WRB-PG,WRB-PH WRB-PB WRB-PC WRB-PE WRB WRB-PD BER WRB-PF,WRB-PG|WRB-PH WRB-PB WRB-PC WRB-PE WRB WRB-PD BER WRB-PF,BER|WRB|WRB-PB|WRB-PC|WRB-PD|WRB-PE|WRB-PF|WRB-PG|WRB-PH
WRB-PH,WRB-PB WRB-PG WRB-PC WRB-PE WRB WRB-PD BER WRB-PF,WRB-PB WRB-PG WRB-PC WRB-PE WRB WRB-PD BER WRB-PF|WRB-PH,BER|WRB|WRB-PB|WRB-PC|WRB-PD|WRB-PE|WRB-PF|WRB-PG|WRB-PH
WRTLQ,WS WRTL,WRTLQ|WS WRTL,WRTL|WRTLQ|WS
WSBC,WSBCP WSBCO,WSBC|WSBCP WSBCO,WSBC|WSBCO|WSBCP
WSBCO,WSBCP WSBC,WSBCO|WSBCP WSBC,WSBC|WSBCO|WSBCP
WSBCP,WSBCO WSBC,WSBCO WSBC|WSBCP,WSBC|WSBCO|WSBCP
WSC,EAGLU EAGL,EAGLU EAGL|WSC,EAGL|EAGLU|WSC
WSGI,GTE GTEL GTEM SNSR,GTE GTEL GTEM SNSR|WSGI,GTE|GTEL|GTEM|SNSR|WSGI
WSIIQ,WSII BSFE,WSII BSFE|WSIIQ,BSFE|WSII|WSIIQ
WT,WSDT IXDP WETF,WSDT IXDP WETF|WT,IXDP|WETF|WSDT|WT
WTCT,EVSY EVSI,EVSY EVSI|WTCT,EVSI|EVSY|WTCT
WTFC,WTFCN WTFCM WTFCP,WTFC|WTFCN WTFCM WTFCP,WTFC|WTFCM|WTFCN|WTFCP
WTFCM,WTFCN WTFCP WTFC,WTFCM|WTFCN WTFCP WTFC,WTFC|WTFCM|WTFCN|WTFCP
WTFCN,WTFCM WTFCP WTFC,WTFCM WTFCP WTFC|WTFCN,WTFC|WTFCM|WTFCN|WTFCP
WTFCP,WTFCN WTFCM WTFC,WTFCN WTFCM WTFC|WTFCP,WTFC|WTFCM|WTFCN|WTFCP
WTMAR,WTMAU EMAT WTMA,WTMAR|WTMAU EMAT WTMA,EMAT|WTMA|WTMAR|WTMAU
WTMAU,WTMAR EMAT WTMA,WTMAR EMAT WTMA|WTMAU,EMAT|WTMA|WTMAR|WTMAU
WTRE1,WTRE WTREP,WTRE WTREP|WTRE1,WTRE|WTRE1|WTREP
WTREP,WTRE1 WTRE,WTRE1 WTRE|WTREP,WTRE|WTRE1|WTREP
WTRG,PSC WTR WTRU WTRZU,PSC WTR WTRU WTRZU|WTRG,PSC|WTR|WTRG|WTRU|WTRZU
WTRU,PSC WTR WTRG WTRZU,PSC WTR WTRG WTRZU|WTRU,PSC|WTR|WTRG|WTRU|WTRZU
WTSLQ,WTSLA WTSL,WTSLA WTSL|WTSLQ,WTSL|WTSLA|WTSLQ
WTW,WSH WLTW,WSH WLTW|WTW,WLTW|WSH|WTW
WULF,IKNX CMLH,IKNX CMLH|WULF,CMLH|IKNX|WULF
WVWCQ,WVWC PCMS PCMC PCOM,WVWC PCMS PCMC PCOM|WVWCQ,PCMC|PCMS|PCOM|WVWC|WVWCQ
WWACU,WWAC AERT,WWAC AERT|WWACU,AERT|WWAC|WWACU
WWAY,SACQU SACQ WTWG,SACQU SACQ WTWG|WWAY,SACQ|SACQU|WTWG|WWAY
WWIN2,WWIN LVRC WMDG,WWIN LVRC WMDG|WWIN2,LVRC|WMDG|WWIN|WWIN2
WWR,URRE URIX,URRE URIX|WWR,URIX|URRE|WWR
WWWW1,MUEI INLD WWWW,MUEI INLD WWWW|WWWW1,INLD|MUEI|WWWW|WWWW1
WY,WY-PA WYHSP,WY|WY-PA WYHSP,WY|WY-PA|WYHSP
WY-PA,WY WYHSP,WY WYHSP|WY-PA,WY|WY-PA|WYHSP
WYY,WDPT ZMAX,WDPT ZMAX|WYY,WDPT|WYY|ZMAX
XAGE,ALPAU CTCXW ALPAW XAGEW CTCX ALPA,ALPAU CTCXW ALPAW XAGEW CTCX ALPA|XAGE,ALPA|ALPAU|ALPAW|CTCX|CTCXW|XAGE|XAGEW
XAGEW,ALPAU CTCXW ALPAW XAGE CTCX ALPA,ALPAU CTCXW ALPAW XAGE CTCX ALPA|XAGEW,ALPA|ALPAU|ALPAW|CTCX|CTCXW|XAGE|XAGEW
XBKS1,SUFB XBKS,SUFB XBKS|XBKS1,SUFB|XBKS|XBKS1
XBP,CFFEU CFFE,CFFEU CFFE|XBP,CFFE|CFFEU|XBP
XCOOQ,XCO XCOO,XCO XCOO|XCOOQ,XCO|XCOO|XCOOQ
XCRA,LTXX LTXC,LTXX LTXC|XCRA,LTXC|LTXX|XCRA
XCRP,XCR CITN XCPL,XCR CITN XCPL|XCRP,CITN|XCPL|XCR|XCRP
XEL,XELLL NSP,XEL|XELLL NSP,NSP|XEL|XELLL
XELA,XELAP XELAU QPACU QPAC,XELA|XELAP XELAU QPACU QPAC,QPAC|QPACU|XELA|XELAP|XELAU
XELAP,XELAU QPACU QPAC XELA,XELAP|XELAU QPACU QPAC XELA,QPAC|QPACU|XELA|XELAP|XELAU
XFINU,XFIN BDMD,XFIN BDMD|XFINU,BDMD|XFIN|XFINU
XHG,FLJ QK,FLJ QK|XHG,FLJ|QK|XHG
XL.WS,PIC.U PIC.WS XL SPRU PIC,PIC.U PIC.WS XL SPRU PIC|XL.WS,PIC|PIC.U|PIC.WS|SPRU|XL|XL.WS
XMAX,XWIN NVFY STVS,XMAX|XWIN NVFY STVS,NVFY|STVS|XMAX|XWIN
XNDU,CHACU CHAC,CHACU CHAC|XNDU,CHAC|CHACU|XNDU
XNNHQ,XNNC XNN XNNH,XNNC XNN XNNH|XNNHQ,XNN|XNNC|XNNH|XNNHQ
XOMA,XOMAP XOMAO,XOMA|XOMAP XOMAO,XOMA|XOMAO|XOMAP
XOMAO,XOMA XOMAP,XOMA XOMAP|XOMAO,XOMA|XOMAO|XOMAP
XOMAP,XOMA XOMAO,XOMA XOMAO|XOMAP,XOMA|XOMAO|XOMAP
XOS,NGAC NGACU,NGAC NGACU|XOS,NGAC|NGACU|XOS
XPDBU,AIRJ XPDB,AIRJ XPDB|XPDBU,AIRJ|XPDB|XPDBU
XPDIU,CORZQ CORZ XPDI CRZWQ CORZW XPDIW,CORZQ CORZ XPDI CRZWQ CORZW XPDIW|XPDIU,CORZ|CORZQ|CORZW|CRZWQ|XPDI|XPDIU|XPDIW
XPL,SOLI SOLIF,SOLI SOLIF|XPL,SOLI|SOLIF|XPL
XPLR,XLRT XLRTF,XLRT XLRTF|XPLR,XLRT|XLRTF|XPLR
XPO,SEGZ SZI,SEGZ SZI|XPO,SEGZ|SZI|XPO
XPOA.U,XPOA XPOA.WS QBTS QBTS.WS,XPOA XPOA.WS QBTS QBTS.WS|XPOA.U,QBTS|QBTS.WS|XPOA|XPOA.U|XPOA.WS
XRDC,KIPO BDCV,KIPO BDCV|XRDC,BDCV|KIPO|XRDC
XRN,GMRE-PA GMRE XRN-PA GMRE-PB XRN-PB,GMRE-PA GMRE XRN-PA GMRE-PB XRN-PB|XRN,GMRE|GMRE-PA|GMRE-PB|XRN|XRN-PA|XRN-PB
XRN-PA,GMRE-PA GMRE GMRE-PB XRN XRN-PB,GMRE-PA GMRE GMRE-PB XRN XRN-PB|XRN-PA,GMRE|GMRE-PA|GMRE-PB|XRN|XRN-PA|XRN-PB
XRN-PB,GMRE-PA GMRE XRN-PA GMRE-PB XRN,GMRE-PA GMRE XRN-PA GMRE-PB XRN|XRN-PB,GMRE|GMRE-PA|GMRE-PB|XRN|XRN-PA|XRN-PB
XRPN,XRPNU AACIU AACI,XRPN|XRPNU AACIU AACI,AACI|AACIU|XRPN|XRPNU
XRPNU,AACIU XRPN AACI,AACIU XRPN AACI|XRPNU,AACI|AACIU|XRPN|XRPNU
XSELY,XFML XSEL,XFML XSEL|XSELY,XFML|XSEL|XSELY
XTIA,SYRX INPX,SYRX INPX|XTIA,INPX|SYRX|XTIA
XTNT,BONE KKTZ BIHI,BONE KKTZ BIHI|XTNT,BIHI|BONE|KKTZ|XTNT
XWEL,XSPA FH VRNG,XSPA FH VRNG|XWEL,FH|VRNG|XSPA|XWEL
XYLO,MDGSW MDGS XLYO,MDGSW MDGS XLYO|XYLO,MDGS|MDGSW|XLYO|XYLO
XYNO,XYN BCACU BCAC,XYN BCACU BCAC|XYNO,BCAC|BCACU|XYN|XYNO
YAC.U,YAC.WS YAC SSUTF SSUNF SSU SSU.WS,YAC.U|YAC.WS YAC SSUTF SSUNF SSU SSU.WS,SSU|SSU.WS|SSUNF|SSUTF|YAC|YAC.U|YAC.WS
YARW,MNLO VYNE,MNLO VYNE|YARW,MNLO|VYNE|YARW
YCBD,LEVB YCBD-PA,LEVB YCBD-PA|YCBD,LEVB|YCBD|YCBD-PA
YCBD-PA,LEVB YCBD,LEVB YCBD|YCBD-PA,LEVB|YCBD|YCBD-PA
YDES,BREZU BRZH BREZR BREZ,BREZU BRZH BREZR BREZ|YDES,BREZ|BREZR|BREZU|BRZH|YDES
YDKG,ANTE AMCN,ANTE AMCN|YDKG,AMCN|ANTE|YDKG
YELLQ,YELL YRCW,YELL YRCW|YELLQ,YELL|YELLQ|YRCW
YGTYF,SSLJ YGTY,SSLJ YGTY|YGTYF,SSLJ|YGTY|YGTYF
YGYI,YGYID YGYIP,YGYI|YGYID YGYIP,YGYI|YGYID|YGYIP
YGYIP,YGYID YGYI,YGYID YGYI|YGYIP,YGYI|YGYID|YGYIP
YONG,YGII YGYB GDTN,YGII YGYB GDTN|YONG,GDTN|YGII|YGYB|YONG
YOTA,YOTAU YOTAR YOTAW,YOTA|YOTAU YOTAR YOTAW,YOTA|YOTAR|YOTAU|YOTAW
YOTAR,YOTAU YOTA YOTAW,YOTAR|YOTAU YOTA YOTAW,YOTA|YOTAR|YOTAU|YOTAW
YOTAU,YOTAW YOTAR YOTA,YOTAU|YOTAW YOTAR YOTA,YOTA|YOTAR|YOTAU|YOTAW
YOTAW,YOTAR YOTA YOTAU,YOTAR YOTA YOTAU|YOTAW,YOTA|YOTAR|YOTAU|YOTAW
YOUL,DISTR DIST DISTW DISTU,DISTR DIST DISTW DISTU|YOUL,DIST|DISTR|DISTU|DISTW|YOUL
YSAC.U,SKYH YSAC YSACU,SKYH YSAC YSACU|YSAC.U,SKYH|YSAC|YSAC.U|YSACU
YTENQ,YTEN MBLX,YTEN MBLX|YTENQ,MBLX|YTEN|YTENQ
YUANF,SCRQF AUCLF AUTC AUTCF,SCRQF AUCLF AUTC AUTCF|YUANF,AUCLF|AUTC|AUTCF|SCRQF|YUANF
YUMA-PA,PDO YUMAQ YUMA PYOL,PDO YUMAQ YUMA PYOL|YUMA-PA,PDO|PYOL|YUMA|YUMA-PA|YUMAQ
YUMAQ,PDO YUMA-PA YUMA PYOL,PDO YUMA-PA YUMA PYOL|YUMAQ,PDO|PYOL|YUMA|YUMA-PA|YUMAQ
YVRLF,YVR LBIX,YVR LBIX|YVRLF,LBIX|YVR|YVRLF
YYAI,SLBG LAZX CNXA,SLBG LAZX CNXA|YYAI,CNXA|LAZX|SLBG|YYAI
ZAAP,ZP ZAPZ,ZAAP|ZP ZAPZ,ZAAP|ZAPZ|ZP
ZANE,BAGD INCU,BAGD INCU|ZANE,BAGD|INCU|ZANE
ZAPP,CIIGU CIIG CIIGW ZAPPW,CIIGU CIIG CIIGW ZAPPW|ZAPP,CIIG|CIIGU|CIIGW|ZAPP|ZAPPW
ZAPPW,ZAPP CIIGU CIIG CIIGW,ZAPP CIIGU CIIG CIIGW|ZAPPW,CIIG|CIIGU|CIIGW|ZAPP|ZAPPW
ZB-PF,ZIONO ZB-PG ZIONL ZION ZIONN ZIONP ZB-PH ZBK ZB-PA,ZB-PF|ZIONO ZB-PG ZIONL ZION ZIONN ZIONP ZB-PH ZBK ZB-PA,ZB-PA|ZB-PF|ZB-PG|ZB-PH|ZBK|ZION|ZIONL|ZIONN|ZIONO|ZIONP
ZCAR,ZCARW IOACW IOAC IOACU,ZCAR|ZCARW IOACW IOAC IOACU,IOAC|IOACU|IOACW|ZCAR|ZCARW
ZCARW,IOACW ZCAR IOAC IOACU,IOACW ZCAR IOAC IOACU|ZCARW,IOAC|IOACU|IOACW|ZCAR|ZCARW
ZD,JCOM JFAX,JCOM JFAX|ZD,JCOM|JFAX|ZD
ZD1,ZD ZDZ,ZD ZDZ|ZD1,ZD|ZD1|ZDZ
ZDZ,ZD ZD1,ZD ZD1|ZDZ,ZD|ZD1|ZDZ
ZEO,ESACU ESAC,ESACU ESAC|ZEO,ESAC|ESACU|ZEO
ZEVY,GIK.U ZEV GIK GIK.WS ZEV.WS ZEVYW,GIK.U ZEV GIK GIK.WS ZEV.WS ZEVYW|ZEVY,GIK|GIK.U|GIK.WS|ZEV|ZEV.WS|ZEVY|ZEVYW
ZEVYW,GIK.U ZEV GIK GIK.WS ZEVY ZEV.WS,GIK.U ZEV GIK GIK.WS ZEVY ZEV.WS|ZEVYW,GIK|GIK.U|GIK.WS|ZEV|ZEV.WS|ZEVY|ZEVYW
ZFOX,LNFA.WS LNFA LNFA.U ZFOXW,LNFA.WS LNFA LNFA.U ZFOXW|ZFOX,LNFA|LNFA.U|LNFA.WS|ZFOX|ZFOXW
ZFOXW,ZFOX LNFA.WS LNFA LNFA.U,ZFOX LNFA.WS LNFA LNFA.U|ZFOXW,LNFA|LNFA.U|LNFA.WS|ZFOX|ZFOXW
ZGN,IIAC.U IIAC ZGN.WS IIAC.WS,IIAC.U IIAC ZGN.WS IIAC.WS|ZGN,IIAC|IIAC.U|IIAC.WS|ZGN|ZGN.WS
ZGN.WS,IIAC.U IIAC IIAC.WS ZGN,IIAC.U IIAC IIAC.WS ZGN|ZGN.WS,IIAC|IIAC.U|IIAC.WS|ZGN|ZGN.WS
ZGYH,ZGYHU ZGYHR ZGYHW,ZGYH|ZGYHU ZGYHR ZGYHW,ZGYH|ZGYHR|ZGYHU|ZGYHW
ZGYHR,ZGYHU ZGYHW ZGYH,ZGYHR|ZGYHU ZGYHW ZGYH,ZGYH|ZGYHR|ZGYHU|ZGYHW
ZGYHU,ZGYHR ZGYHW ZGYH,ZGYHR ZGYHW ZGYH|ZGYHU,ZGYH|ZGYHR|ZGYHU|ZGYHW
ZGYHW,ZGYHU ZGYHR ZGYH,ZGYHU ZGYHR ZGYH|ZGYHW,ZGYH|ZGYHR|ZGYHU|ZGYHW
ZING,ZINGU ZINGW,ZING|ZINGU ZINGW,ZING|ZINGU|ZINGW
ZINGU,ZING ZINGW,ZING ZINGW|ZINGU,ZING|ZINGU|ZINGW
ZINGW,ZING ZINGU,ZING ZINGU|ZINGW,ZING|ZINGU|ZINGW
ZION,ZIONO ZB-PF ZB-PG ZIONL ZIONN ZIONP ZB-PH ZBK ZB-PA,ZION|ZIONO ZB-PF ZB-PG ZIONL ZIONN ZIONP ZB-PH ZBK ZB-PA,ZB-PA|ZB-PF|ZB-PG|ZB-PH|ZBK|ZION|ZIONL|ZIONN|ZIONO|ZIONP
ZIONN,ZIONO ZB-PF ZB-PG ZIONL ZION ZB-PH ZIONP ZBK ZB-PA,ZIONN|ZIONO ZB-PF ZB-PG ZIONL ZION ZB-PH ZIONP ZBK ZB-PA,ZB-PA|ZB-PF|ZB-PG|ZB-PH|ZBK|ZION|ZIONL|ZIONN|ZIONO|ZIONP
ZIONO,ZB-PF ZB-PG ZIONL ZION ZIONN ZIONP ZB-PH ZBK ZB-PA,ZB-PF ZB-PG ZIONL ZION ZIONN ZIONP ZB-PH ZBK ZB-PA|ZIONO,ZB-PA|ZB-PF|ZB-PG|ZB-PH|ZBK|ZION|ZIONL|ZIONN|ZIONO|ZIONP
ZIONP,ZIONO ZB-PF ZB-PG ZIONL ZION ZIONN ZB-PH ZBK ZB-PA,ZIONO ZB-PF ZB-PG ZIONL ZION ZIONN ZB-PH ZBK ZB-PA|ZIONP,ZB-PA|ZB-PF|ZB-PG|ZB-PH|ZBK|ZION|ZIONL|ZIONN|ZIONO|ZIONP
ZIVO,ZIVOW HEPI,ZIVO|ZIVOW HEPI,HEPI|ZIVO|ZIVOW
ZIVOW,ZIVO HEPI,ZIVO HEPI|ZIVOW,HEPI|ZIVO|ZIVOW
ZLSSF,XPAXW ZLSWU ZLSWW XPAX XPAXU ZLS,XPAXW ZLSWU ZLSWW XPAX XPAXU ZLS|ZLSSF,XPAX|XPAXU|XPAXW|ZLS|ZLSSF|ZLSWU|ZLSWW
ZLSWU,XPAXW ZLSWW ZLSSF XPAX XPAXU ZLS,XPAXW ZLSWW ZLSSF XPAX XPAXU ZLS|ZLSWU,XPAX|XPAXU|XPAXW|ZLS|ZLSSF|ZLSWU|ZLSWW
ZLSWW,XPAXW ZLSWU ZLSSF XPAX XPAXU ZLS,XPAXW ZLSWU ZLSSF XPAX XPAXU ZLS|ZLSWW,XPAX|XPAXU|XPAXW|ZLS|ZLSSF|ZLSWU|ZLSWW
ZNB,HHT ADD CSCW CADC,HHT ADD CSCW CADC|ZNB,ADD|CADC|CSCW|HHT|ZNB
ZNTEU,EVEX ZNTE,EVEX ZNTE|ZNTEU,EVEX|ZNTE|ZNTEU
ZOOZ,KYCHR KYCH KYCHU,KYCHR KYCH KYCHU|ZOOZ,KYCH|KYCHR|KYCHU|ZOOZ
ZPLSQ,ETEL ZPLS,ETEL ZPLS|ZPLSQ,ETEL|ZPLS|ZPLSQ
ZPTA,WNNR.WS WNNR.U ZPTAW WNNR,WNNR.WS WNNR.U ZPTAW WNNR|ZPTA,WNNR|WNNR.U|WNNR.WS|ZPTA|ZPTAW
ZPTAW,WNNR.WS WNNR.U ZPTA WNNR,WNNR.WS WNNR.U ZPTA WNNR|ZPTAW,WNNR|WNNR.U|WNNR.WS|ZPTA|ZPTAW
ZSQR,BHSE COEP BHSEU,BHSE COEP BHSEU|ZSQR,BHSE|BHSEU|COEP|ZSQR
ZT,ZTAQU ZTAQW,ZT|ZTAQU ZTAQW,ZT|ZTAQU|ZTAQW
ZTAQU,ZT ZTAQW,ZT ZTAQW|ZTAQU,ZT|ZTAQU|ZTAQW
ZTAQW,ZTAQU ZT,ZTAQU ZT|ZTAQW,ZT|ZTAQU|ZTAQW
ZURA,JATT.WS ZURAW JATT.U JATT,JATT.WS ZURAW JATT.U JATT|ZURA,JATT|JATT.U|JATT.WS|ZURA|ZURAW
ZURAW,JATT.WS ZURA JATT.U JATT,JATT.WS ZURA JATT.U JATT|ZURAW,JATT|JATT.U|JATT.WS|ZURA|ZURAW
ZVOI,ZVO BPI,ZVO BPI|ZVOI,BPI|ZVO|ZVOI
ZVSA,LSPRU LSPR LSPRW ZVSAW,LSPRU LSPR LSPRW ZVSAW|ZVSA,LSPR|LSPRU|LSPRW|ZVSA|ZVSAW
ZVSAW,LSPRU LSPR LSPRW ZVSA,LSPRU LSPR LSPRW ZVSA|ZVSAW,LSPR|LSPRU|LSPRW|ZVSA|ZVSAW
ZWRK,ZWRKU ZWRKW,ZWRK|ZWRKU ZWRKW,ZWRK|ZWRKU|ZWRKW
ZWRKU,ZWRK ZWRKW,ZWRK ZWRKW|ZWRKU,ZWRK|ZWRKU|ZWRKW
ZWRKW,ZWRK ZWRKU,ZWRK ZWRKU|ZWRKW,ZWRK|ZWRKU|ZWRKW
ZWS,RXN RXN-PA,RXN RXN-PA|ZWS,RXN|RXN-PA|ZWS
