Mode,decision_date,execution_date,ticker,mode,close_price,open_price,intended_target_dollars,cash_before_execution,execution_budget,executed_shares,executed_gross_dollars,entry_fraction_of_intended,cash_limited_at_open,rounding_underfill_dollars,rounding_underfill_fraction,close_required_10bp_cushion,close_cash_above_cushion,blocked,block_reason
whole,2006-07-05,2006-07-06,MED,whole,19.49,19.87,4000.0,100000.0,4000.0,201.0,3997.86387,0.9994659675,False,2.136130000000321,0.0005340325,100.0,99900.0,False,
whole,2006-07-05,2006-07-06,ACLI,whole,59.89,59.91,4000.0,96002.13613,4000.0,66.0,3958.01406,0.989503515,False,41.98594000000048,0.0104964850000001,100.0,99900.0,False,
whole,2006-07-05,2006-07-06,FALB,whole,53.26,52.87,4000.0,92044.12207,4000.0,75.0,3969.21525,0.9923038125,False,30.78475000000026,0.0076961875,100.0,99900.0,False,
whole,2006-07-05,2006-07-06,TTI,whole,30.37,30.4,4000.0,88074.90682,4000.0,131.0,3986.382399999999,0.9965955999999998,False,13.617600000000948,0.0034044000000002,100.0,99900.0,False,
whole,2006-07-05,2006-07-06,CHAP1,whole,71.0,71.5,4000.0,84088.52442,4000.0,55.0,3936.4325,0.984108125,False,63.56750000000056,0.0158918750000001,100.0,99900.0,False,
whole,2006-07-05,2006-07-06,LFCHY,whole,61.65,62.998235,4000.0,80152.09192,4000.0,63.0,3972.857693805,0.99321442345125,False,27.1423061950004,0.0067855765487501,100.0,99900.0,False,
whole,2006-07-05,2006-07-06,ADM,whole,42.21,43.0,4000.0,76179.23422619501,4000.0,92.0,3959.956,0.989989,False,40.04400000000032,0.010011,100.0,99900.0,False,
whole,2006-07-05,2006-07-06,LVS,whole,75.06999999999998,74.81999999999998,4000.0,72219.278226195,4000.0,53.0,3969.425459999998,0.9923563649999996,False,30.57454000000189,0.0076436350000004,100.0,99900.0,False,
whole,2006-07-05,2006-07-06,MNST,whole,205.35,206.646088,4000.0,68249.852766195,4000.0,19.0,3930.201947671999,0.9825504869179996,False,69.79805232800118,0.0174495130820002,100.0,99900.0,False,
whole,2006-07-05,2006-07-06,BFH,whole,58.81,59.55,4000.0,64319.650818523005,4000.0,67.0,3993.83985,0.9984599624999998,False,6.160150000000613,0.0015400375000001,100.0,99900.0,False,
whole,2006-07-05,2006-07-06,AVL1,whole,47.38,47.36,4000.0,60325.81096852301,4000.0,84.0,3982.2182399999992,0.9955545599999998,False,17.78176000000076,0.0044454400000001,100.0,99900.0,False,
whole,2006-07-05,2006-07-06,LECO,whole,60.63,60.63,4000.0,56343.59272852301,4000.0,65.0,3944.89095,0.9862227375,False,55.109050000000025,0.0137772625,100.0,99900.0,False,
whole,2006-07-05,2006-07-06,DAKT,whole,29.03,29.5,4000.0,52398.701778523005,4000.0,135.0,3986.4825,0.996620625,False,13.517500000000382,0.003379375,100.0,99900.0,False,
whole,2006-07-05,2006-07-06,MTW,whole,44.87,45.0,4000.0,48412.21927852301,4000.0,88.0,3963.96,0.99099,False,36.04000000000042,0.0090100000000001,100.0,99900.0,False,
whole,2006-07-05,2006-07-06,VOLT2,whole,47.67,48.4005,4000.0,44448.25927852301,4000.0,82.0,3972.809840999999,0.9932024602499996,False,27.19015900000113,0.0067975397500002,100.0,99900.0,False,
whole,2006-07-05,2006-07-06,EXPD,whole,53.73,53.42,4000.0,40475.449437523006,4000.0,74.0,3957.0330799999992,0.9892582699999998,False,42.96692000000076,0.0107417300000001,100.0,99900.0,False,
whole,2006-07-05,2006-07-06,KEX,whole,39.46,40.15,4000.0,36518.416357523005,4000.0,99.0,3978.82485,0.9947062125,False,21.175150000000485,0.0052937875000001,100.0,99900.0,False,
whole,2006-07-05,2006-07-06,OII,whole,46.05,45.85,4000.0,32539.591507523004,4000.0,87.0,3992.93895,0.9982347375,False,7.06105000000025,0.0017652625,100.0,99900.0,False,
whole,2006-07-05,2006-07-06,FTI1,whole,69.18,69.6,4000.0,28546.652557523004,4000.0,57.0,3971.1672,0.9927918,False,28.83280000000059,0.0072082000000001,100.0,99900.0,False,
whole,2006-07-05,2006-07-06,WEBX1,whole,35.75,35.65,4000.0,24575.485357523004,4000.0,112.0,3996.7927999999993,0.9991981999999998,False,3.2072000000007392,0.0008018000000001,100.0,99900.0,False,
whole,2006-07-05,2006-07-06,JLL,whole,86.25,86.31,4000.0,20578.692557523005,4000.0,46.0,3974.23026,0.993557565,False,25.769740000000183,0.006442435,100.0,99900.0,False,
whole,2006-07-05,2006-07-06,AGP,whole,30.67,30.78,4000.0,16604.462297523005,4000.0,129.0,3974.59062,0.993647655,False,25.409380000000056,0.006352345,100.0,99900.0,False,
whole,2006-07-05,2006-07-06,ATI,whole,68.61,68.56,4000.0,12629.871677523006,4000.0,58.0,3980.45648,0.99511412,False,19.543520000000623,0.0048858800000001,100.0,99900.0,False,
whole,2006-07-05,2006-07-06,TEX,whole,98.96,99.16,4000.0,8649.415197523007,4000.0,40.0,3970.366399999999,0.9925915999999998,False,29.633600000001024,0.0074084000000002,100.0,99900.0,False,
whole,2006-07-05,2006-07-06,WCC,whole,66.6,66.5,4000.0,4679.048797523008,4000.0,60.0,3993.99,0.9984975,False,6.010000000000218,0.0015025,100.0,99900.0,False,
whole,2006-09-07,2006-09-08,CMCSK,whole,34.86,34.89999900000001,3534.9651096286,10992.897740715009,3534.9651096286,101.0,3528.4247988990005,0.9981498231165608,False,6.540310729599241,0.0018501768834392,88.374127740715,10904.523612974292,False,
whole,2006-09-11,2006-09-12,HCR1,whole,52.21,52.21000000000001,3446.1241176726408,7464.472941816008,3446.1241176726408,65.0,3397.04365,0.9857577771442,False,49.08046767264068,0.0142422228557999,86.15310294181602,7378.319838874192,False,
whole,2006-09-15,2006-09-18,CXW,whole,43.47,43.35,3492.2830565126405,9506.513762816008,3492.2830565126405,80.0,3471.4679999999994,0.9940396994814542,False,20.81505651264115,0.0059603005185458,87.30707641281602,6729.249336403192,False,
whole,2006-10-03,2006-10-04,CMCSA,whole,37.07,36.848014,3490.840630512641,10083.515762816009,3490.840630512641,94.0,3467.177029316,0.9932212313017664,False,23.663601196641597,0.0067787686982337,87.27101576281602,9996.244747053192,False,
whole,2006-10-16,2006-10-17,EPC,whole,76.62,76.4,3789.65314934,6616.33873350001,3789.65314934,49.0,3747.3436,0.9888355087727836,False,42.3095493400001,0.0111644912272165,94.7413287335,6521.5974047665095,False,
whole,2006-10-17,2006-10-18,UST1,whole,55.79,55.79,3763.80900534,2868.9951335000096,2868.9951335000096,51.0,2848.13529,0.7567162111465102,True,20.8598435000099,0.0072707838561448,94.0952251335,2774.8999083665094,False,
whole,2006-11-15,2006-11-16,VNO,whole,115.96,116.36,3899.0983937400006,4207.559843500009,3899.0983937400006,33.0,3843.71988,0.9857970976498284,False,55.378513740000926,0.0142029023501717,97.4774598435,4100.88238365651,False,
whole,2006-12-15,2006-12-18,MA,whole,96.19,96.0,4022.41519854,395.9899635000096,395.9899635000096,4.0,384.3839999999999,0.0955604981155396,True,11.605963500009691,0.0293087314573047,100.5603799635,295.4295835365096,False,
whole,2007-01-29,2007-01-30,TSG1,whole,32.3,32.33,4173.52981734,20714.95219350001,4173.52981734,128.0,4142.378239999999,0.9925359159504328,False,31.151577340000586,0.0074640840495671,104.3382454335,20582.56394806651,False,
whole,2007-01-30,2007-01-31,CF,whole,30.77,30.780000000000005,4187.399607859999,16583.57395350001,4187.399607859999,135.0,4159.4553,0.993326572460974,False,27.944307859999757,0.006673427539026,104.6849901965,16467.88896330351,False,
whole,2007-01-31,2007-02-01,MTCH,whole,38.4,38.36,4180.400057260001,12424.11865350001,4180.400057260001,108.0,4147.02288,0.9920157935119066,False,33.37717726000119,0.0079842064880933,104.51000143150002,12319.608652068511,False,
whole,2007-02-01,2007-02-02,HAS,whole,28.68,28.72,4208.518686620002,8277.095773500012,4208.518686620002,146.0,4197.31312,0.9973374083723028,False,11.205566620002172,0.0026625916276973,105.21296716550005,8171.882806334512,False,
whole,2007-02-02,2007-02-05,TRA,whole,14.67,14.63,4208.00814166,4079.782653500012,4079.782653500012,278.0,4071.20714,0.9674903191594032,True,8.575513500012221,0.0021019535177089,105.2002035415,3974.582449958512,False,
whole,2007-02-28,2007-03-01,RYAAY,whole,44.85,44.7,4179.22181418148,6589.5303545370125,4179.22181418148,93.0,4161.2571,0.995701421226191,False,17.964714181480304,0.004298578773809,104.480545354537,6485.049809182476,False,
whole,2007-03-29,2007-03-30,MIR2,whole,40.94,41.21,4203.478130181481,2483.7932545370127,2483.7932545370127,60.0,2475.0725999999995,0.5888153865316151,True,8.72065453701316,0.0035110227153905,105.08695325453702,2378.706301282476,False,
whole,2007-05-14,2007-05-15,GEN1,whole,25.46,25.7,4511.60041618148,7801.475404537014,4511.60041618148,175.0,4501.9975,0.997871505608733,False,9.602916181480396,0.002128494391267,112.790010404537,7688.685394132477,False,
whole,2007-06-05,2007-06-06,TRW,whole,40.04,40.04,4658.18962778148,7523.090694537013,4658.18962778148,116.0,4649.28464,0.9980883157421564,False,8.904987781480486,0.0019116842578436,116.454740694537,7406.635953842477,False,
whole,2007-06-21,2007-06-22,NRG,whole,43.51,43.56,4705.923122181481,6398.908054537014,4705.923122181481,107.0,4665.580919999999,0.9914273563052216,False,40.3422021814813,0.0085726436947784,117.648078054537,6281.259976482477,False,
whole,2007-07-13,2007-07-16,GLBL1,whole,28.68,28.97,4972.026485381481,1748.2271345370148,1748.2271345370148,60.0,1739.9381999999996,0.3499454810057196,True,8.288934537015166,0.0047413373086731,124.300662134537,1623.9264724024777,False,
whole,2007-08-23,2007-08-24,TBSIQ,whole,38.17,38.1,4416.295636581482,12250.290914537018,4416.295636581482,115.0,4385.8815,0.9931132018586906,False,30.41413658148213,0.0068867981413093,110.40739091453705,12139.88352362248,False,
whole,2007-09-11,2007-09-12,GRMN,whole,106.88,106.9,4440.00897658148,7867.929414537019,4440.00897658148,41.0,4387.2829,0.9881247815354474,False,52.7260765814799,0.0118752184645526,111.000224414537,7756.9291901224815,False,
whole,2007-09-28,2007-10-01,ZNHYY,whole,77.01,77.98900999999998,4697.329860581481,12983.186514537018,4697.329860581481,60.0,4684.019940599998,0.9971664923740666,False,13.30991998148238,0.0028335076259334,117.43324651453702,12865.75326802248,False,
whole,2007-10-29,2007-10-30,EDO,whole,57.65,57.51,4862.14066295748,11253.69941393702,4862.14066295748,84.0,4835.67084,0.9945559322955952,False,26.469822957480574,0.0054440677044048,121.55351657393702,8207.913057363083,False,
whole,2007-11-29,2007-11-30,MTL,whole,82.76999999999998,88.540987,4427.42514737908,36426.94868447701,4427.42514737908,49.0,4342.846871362999,0.9808967349643056,False,84.57827601608096,0.0191032650356944,110.685628684477,36316.26305579253,False,
whole,2007-12-04,2007-12-05,TELFY,whole,103.11,102.058993,4459.067672524561,32084.101813114008,4459.067672524561,43.0,4392.925235699,0.985166756442583,False,66.14243682556116,0.0148332435574169,111.47669181311404,31972.62512130089,False,
whole,2007-12-10,2007-12-11,IHS2,whole,69.05,69.7,4551.8026630966,27701.616577415007,4551.8026630966,65.0,4535.0305,0.9963152701604182,False,16.772163096599797,0.0036847298395817,113.795066577415,27587.82151083759,False,
whole,2007-12-11,2007-12-12,BIDU,whole,378.38,391.22,4447.1034430966,27664.643517415006,4447.1034430966,11.0,4307.723419999999,0.9686582457817648,False,139.38002309660078,0.0313417542182351,111.177586077415,23055.408491337592,False,
whole,2007-12-12,2007-12-13,SIGM,whole,65.98,66.47,4494.3892038966,23387.520097415007,4494.3892038966,67.0,4457.94349,0.991890841615363,False,36.44571389659996,0.0081091583846369,112.359730097415,23244.560367317597,False,
whole,2007-12-13,2007-12-14,BMRN,whole,29.76,35.76,4527.5782642966005,18929.57660741501,4527.5782642966005,126.0,4510.265759999998,0.9961762109264628,False,17.31250429660213,0.0038237890735372,113.189456607415,18816.387150807597,False,
whole,2007-12-14,2007-12-17,KUST,whole,6.1,6.1,4491.8480338966,14419.31084741501,4491.8480338966,735.0,4487.983499999999,0.9991396561354172,False,3.864533896600733,0.0008603438645826,112.296200847415,14307.014646567595,False,
whole,2007-12-17,2007-12-18,PRGO,whole,32.12,32.48,4393.7690938966,9931.327347415012,4393.7690938966,135.0,4389.184799999999,0.9989566375021918,False,4.584293896600684,0.0010433624978082,109.844227347415,9821.483120067596,False,
whole,2007-12-20,2007-12-21,ONXX,whole,56.54,57.3,4521.9097018966,5542.142547415013,4521.9097018966,78.0,4473.8694,0.9893761032254909,False,48.0403018966008,0.0106238967745091,113.047742547415,5429.094804867598,False,
whole,2008-01-14,2008-01-15,CVD,whole,95.66,96.76,4400.3177718966,22648.96429741501,4400.3177718966,45.0,4358.5542,0.9905089645653932,False,41.7635718966003,0.0094910354346067,110.007944297415,22538.956353117595,False,
whole,2008-02-05,2008-02-06,MEE,whole,38.95,39.72,3976.0300486966007,38439.12121741501,3976.0300486966007,100.0,3975.972,0.9999854003375502,False,0.058048696600963,1.459966244973229e-05,99.40075121741502,38339.7204661976,False,
whole,2008-02-06,2008-02-07,ANRZQ,whole,34.46,34.18,3995.7891686966,38385.62281741501,3995.7891686966,116.0,3968.84488,0.9932568292372168,False,26.944288696600324,0.0067431707627831,99.894729217415,34363.2544881976,False,
whole,2008-02-07,2008-02-08,MOS,whole,93.75,95.23,4027.869117496601,34416.77793741501,4027.869117496601,42.0,4003.65966,0.9939895123723266,False,24.20945749660132,0.0060104876276734,100.69672793741502,34316.0812094776,False,
whole,2008-02-08,2008-02-11,INCY,whole,11.98,11.949999999999998,4066.9907310966014,30413.11827741501,4066.9907310966014,339.0,4055.101049999999,0.9970765408916,False,11.889681096602544,0.0029234591083999,101.67476827741504,30311.4435091376,False,
whole,2008-02-11,2008-02-12,AUXL,whole,33.47,33.92,4112.2474890966005,26358.017227415014,4112.2474890966005,121.0,4108.42432,0.999070296934526,False,3.8231690966003953,0.0009297030654738,102.806187227415,26255.2110401876,False,
whole,2008-02-12,2008-02-13,GOLD1,whole,46.39,46.940000000000005,4126.735316296601,22249.59290741501,4126.735316296601,87.0,4087.86378,0.990580559857305,False,38.87153629660133,0.0094194401426949,103.168382907415,22146.4245245076,False,
whole,2008-02-20,2008-02-21,FRFHF,whole,307.0,298.33,4224.1829338966,20715.223347415013,4224.1829338966,14.0,4180.796619999999,0.9897290636850856,False,43.38631389660077,0.0102709363149145,105.604573347415,20589.3687740676,False,
whole,2008-02-21,2008-02-22,CMO,whole,18.11,18.02,4202.6018690966,16534.42672741501,4202.6018690966,232.0,4184.82064,0.9957689951010223,False,17.781229096600327,0.0042310048989776,105.065046727415,16429.361680687598,False,
whole,2008-02-22,2008-02-25,GLDN1,whole,105.06,105.07,4235.1706434966,12349.606087415012,4235.1706434966,40.0,4207.002799999998,0.9933490652755976,False,28.167843496601563,0.0066509347244024,105.879266087415,12243.726821327597,False,
whole,2008-02-25,2008-02-26,KGC,whole,23.87,23.89,4313.823731496601,8142.603287415013,4313.823731496601,180.0,4304.5002,0.9978386851023774,False,9.32353149660139,0.0021613148976225,107.845593287415,8034.757694127598,False,
whole,2008-02-26,2008-02-27,CNX,whole,81.33,80.67959999999998,4332.220123496601,3838.1030874150138,3838.1030874150138,47.0,3795.7331411999994,0.8761634988520398,True,42.36994621501526,0.0110392934348075,108.30550308741503,3729.797584327599,False,
whole,2008-03-13,2008-03-14,CMP,whole,60.76,61.16,4087.1561274486,9886.443186215016,4087.1561274486,66.0,4040.59656,0.988608321777601,False,46.55956744860077,0.0113916782223989,102.178903186215,9784.2642830288,False,
whole,2008-03-20,2008-03-24,WLTGQ,whole,54.1,54.22,3784.4666650486006,8577.824126215015,3784.4666650486006,69.0,3744.92118,0.9895505791043628,False,39.54548504860122,0.0104494208956371,94.611666626215,5758.434959588801,False,
whole,2008-04-08,2008-04-09,XEC,whole,59.11,59.26,4302.7121178486,4833.502946215016,4302.7121178486,72.0,4270.98672,0.992626651056436,False,31.72539784859964,0.0073733489435641,107.56780294621498,4725.935143268801,False,
whole,2008-04-10,2008-04-11,EOG,whole,129.82,128.35,4390.498649048601,562.5162262150161,562.5162262150161,4.0,513.9133999999999,0.1170512602506693,True,48.602826215016194,0.086402531962586,109.762466226215,452.7537599888011,False,
whole,2008-04-30,2008-05-01,HP,whole,53.75,52.48,4370.241506248601,7167.127656215017,4370.241506248601,83.0,4360.195839999999,0.9977013475721564,False,10.045666248601265,0.0022986524278436,109.256037656215,7057.871618558802,False,
whole,2008-05-01,2008-05-02,MMR,whole,27.49,27.5,4327.0716726486,2806.931816215017,2806.931816215017,101.0,2780.2775,0.642530956344939,True,26.654316215017843,0.0094958901605809,108.176791816215,2698.7550243988026,False,
whole,2008-05-30,2008-06-02,JRCCQ,whole,38.09,38.27,4810.345082545186,3839.38706362967,3839.38706362967,100.0,3830.827,0.796372595783312,True,8.560063629669912,0.0022295391133545,120.25862706362967,3719.12843656604,False,
whole,2008-06-04,2008-06-05,UNTCQ,whole,76.04,76.76,4795.681382545187,3690.37456362967,3690.37456362967,48.0,3688.16448,0.7690595320664525,True,2.2100836296699526,0.0005988778622775,119.8920345636297,3570.48252906604,False,
whole,2008-06-27,2008-06-30,EAC1,whole,75.98,77.34999999999998,5123.442233745186,3300.3158436296703,3300.3158436296703,42.0,3251.948699999999,0.6347195013893728,True,48.36714362967132,0.0146553075285295,128.08605584362965,3172.229787786041,False,
whole,2008-07-07,2008-07-08,XCOOQ,whole,33.91,33.64,4633.6491901451855,9759.736053629673,4633.6491901451855,137.0,4613.28868,0.9956059448374968,False,20.3605101451858,0.0043940551625031,115.84122975362963,5873.968523876042,False,
whole,2008-07-15,2008-07-16,CPX,whole,36.68,36.45,4791.309894945186,9343.32737362967,4791.309894945186,131.0,4779.72495,0.9975820923298224,False,11.58494494518618,0.0024179076701776,119.78274737362966,9223.064626256042,False,
whole,2008-08-05,2008-08-06,SPSX,whole,45.02,44.98,4260.015932897187,42612.91832242967,4260.015932897187,94.0,4232.34812,0.9935052325312852,False,27.667812897187105,0.0064947674687147,106.50039832242967,42504.31792410724,False,
whole,2008-08-06,2008-08-07,DRS1,whole,78.75,78.79999999999998,4298.458808097187,38387.47020242967,4298.458808097187,54.0,4259.455199999999,0.9909261412430624,False,39.00360809718859,0.0090738587569376,107.46147020242968,38273.10873222724,False,
whole,2008-08-07,2008-08-08,IPHS,whole,36.83,36.83,4252.815800097187,34128.015002429674,4252.815800097187,115.0,4239.685449999999,0.9969125514213694,False,13.130350097188057,0.0030874485786306,106.32039500242968,34021.69460742724,False,
whole,2008-08-21,2008-08-22,FSYS,whole,56.08,57.44,4320.085096097187,41783.07740242968,4320.085096097187,75.0,4312.307999999999,0.9981997817348056,False,7.777096097187496,0.0018002182651942,108.00212740242968,41675.07527502725,False,
whole,2008-08-22,2008-08-25,BUD1,whole,67.79,67.68,4306.600376097188,37470.76940242969,4306.600376097188,63.0,4268.10384,0.9910610382354365,False,38.496536097188255,0.0089389617645636,107.6650094024297,37363.10439302726,False,
whole,2008-08-25,2008-08-26,MYGN,whole,65.11,64.99,4285.393422497188,33202.66556242968,4285.393422497188,65.0,4228.574349999999,0.9867412237581492,False,56.819072497189154,0.0132587762418507,107.1348355624297,33095.530726867255,False,
whole,2008-08-26,2008-08-27,SQNM,whole,22.61,21.89,4318.188848497187,28974.091212429685,4318.188848497187,197.0,4316.64233,0.9996418594574146,False,1.5465184971872077,0.0003581405425854,107.95472121242967,28866.13649121725,False,
whole,2008-08-27,2008-08-28,IKN,whole,17.02,17.09,4367.635155297188,24679.558882429686,4367.635155297188,255.0,4362.307949999999,0.9987802998401256,False,5.327205297188812,0.0012197001598743,109.1908788824297,24548.258003547257,False,
whole,2008-08-28,2008-08-29,WAB,whole,59.69,60.03,4373.338837297188,20317.250932429688,4373.338837297188,72.0,4326.48216,0.9892858342240533,False,46.85667729718807,0.0107141657759467,109.33347093242968,20207.917461497254,False,
whole,2008-08-29,2008-09-02,SYNA,whole,52.34,35.71,4360.183150897186,15990.768772429688,4360.183150897186,121.0,4325.230909999999,0.9919837677254464,False,34.95224089718704,0.0080162322745536,109.00457877242968,15881.764193657258,False,
whole,2008-09-04,2008-09-05,THOR1,whole,26.21,26.12,3926.796064897187,21549.64386242969,3926.796064897187,150.0,3921.918,0.9987577493670236,False,4.878064897187414,0.0012422506329763,98.16990162242968,15499.67172080726,False,
whole,2008-09-05,2008-09-08,OCR,whole,30.76,31.28,4000.735834497188,20738.48199242969,4000.735834497188,127.0,3976.53256,0.9939502942712464,False,24.203274497187977,0.0060497057287537,100.0183958624297,17527.70746656726,False,
whole,2008-09-08,2008-09-09,UTHR,whole,109.45,109.01,3860.099177297188,19479.38927242969,3860.099177297188,35.0,3819.16535,0.9893956539930538,False,40.93382729718769,0.0106043460069461,96.50247943242968,16665.44695299726,False,
whole,2008-09-09,2008-09-10,GCO,whole,35.26,35.18,3694.316956897188,37444.68765242969,3694.316956897188,104.0,3662.3787199999992,0.9913547653680445,False,31.93823689718829,0.0086452346319555,92.35792392242968,15567.86599850726,False,
whole,2008-09-10,2008-09-11,PLCE,whole,41.03,40.8,3742.591957297187,33782.30893242969,3742.591957297187,91.0,3716.5128,0.9930317925131168,False,26.07915729718752,0.0069682074868833,93.56479893242968,33688.74413349726,False,
whole,2008-09-11,2008-09-12,VAR,whole,63.96,63.5,3784.276245297188,30099.54613242969,3784.276245297188,59.0,3750.2465,0.9910075948235868,False,34.02974529718813,0.0089924051764132,94.6069061324297,29971.189226297254,False,
whole,2008-09-22,2008-09-23,GAS1,whole,47.92,47.79,3679.182021297187,29605.140532429687,3679.182021297187,76.0,3635.67204,0.9881740068729062,False,43.50998129718755,0.0118259931270937,91.97955053242968,29513.160981897257,False,
whole,2008-10-03,2008-10-06,LDG,whole,73.79999999999998,72.81,3523.453439697188,28837.80599242969,3523.453439697188,48.0,3498.37488,0.9928823921966332,False,25.07855969718821,0.0071176078033667,88.0863359924297,28749.71965643726,False,
whole,2008-10-06,2008-10-07,VRX1,whole,18.67,18.9,3444.7284444971874,25339.43111242969,3444.7284444971874,182.0,3443.2397999999994,0.9995678485195064,False,1.4886444971880337,0.0004321514804936,86.11821111242968,25253.312901317266,False,
whole,2008-10-07,2008-10-08,UB,whole,73.5,73.75,3349.6084524971884,27130.361902429693,3349.6084524971884,45.0,3322.0687499999995,0.9917782323254356,False,27.539702497188955,0.0082217676745643,83.74021131242971,21812.45110111726,False,
whole,2008-10-08,2008-10-09,IMCL,whole,66.85,66.98,3338.292926097188,27455.052742429696,3338.292926097188,49.0,3285.30202,0.984126346228358,False,52.9909060971886,0.015873653771642,83.45732315242971,23724.835829277265,False,
whole,2008-10-10,2008-10-13,PB,whole,33.74,33.5,3213.350092897188,29345.479812429698,3213.350092897188,95.0,3185.6824999999994,0.9913897981554064,False,27.667592897188115,0.0086102018445935,80.33375232242969,26855.04857010727,False,
whole,2008-10-13,2008-10-14,BWLD,whole,38.16,39.94,3346.291892497188,26159.7973124297,3346.291892497188,83.0,3318.3350199999995,0.9916454172572716,False,27.95687249718867,0.0083545827427283,83.6572973124297,26076.140015117267,False,
whole,2008-10-14,2008-10-15,FDRY,whole,17.1,16.83,3339.377291697188,22841.4622924297,3339.377291697188,198.0,3335.672339999999,0.9988905261749248,False,3.7049516971887897,0.0011094738250752,83.4844322924297,22757.97786013727,False,
whole,2008-10-17,2008-10-20,ATML,whole,3.91,3.86,3311.8479700971884,22023.969252429702,3311.8479700971884,857.0,3311.3280199999995,0.9998430030297636,False,0.5199500971889393,0.0001569969702364,82.79619925242972,21941.173053177277,False,
whole,2008-11-17,2008-11-18,BRL,whole,64.81,64.59,3194.474942097188,48529.51355242971,3194.474942097188,49.0,3168.07491,0.9917357210259234,False,26.40003209718816,0.0082642789740765,79.8618735524297,48449.65167887728,False,
whole,2008-12-09,2008-12-10,APOL,whole,72.92,73.67,3135.3123620971887,55568.619052429705,3135.3123620971887,42.0,3097.23414,0.9878550467387184,False,38.07822209718916,0.0121449532612817,78.38280905242972,55490.23624337727,False,
whole,2008-12-10,2008-12-11,THOR1,whole,29.24,29.21,3129.989496497188,52484.447412429705,3129.989496497188,107.0,3128.59547,0.999554622627728,False,1.3940264971884062,0.0004453773722718,78.24973741242971,52393.13517501728,False,
whole,2008-12-11,2008-12-12,DAL,whole,9.97,9.48,3116.9108776971884,49387.9819424297,3116.9108776971884,328.0,3112.54944,0.9986007178683238,False,4.361437697188649,0.0013992821316761,77.9227719424297,49277.92917048728,False,
whole,2008-12-12,2008-12-15,AMGN,whole,58.13,57.78,3152.6521000971884,46275.4325024297,3152.6521000971884,54.0,3123.2401199999995,0.9906707181245016,False,29.41198009718892,0.0093292818754984,78.8163025024297,46196.61619992727,False,
whole,2008-12-15,2008-12-16,ALO1,whole,34.61,35.0,3137.596495297188,43152.1923824297,3137.596495297188,89.0,3118.115,0.993790949433304,False,19.48149529718785,0.0062090505666958,78.43991238242968,43073.752470047264,False,
whole,2008-12-16,2008-12-17,LCC,whole,7.15,6.87,3194.045495297188,40034.0773824297,3194.045495297188,464.0,3190.8676799999994,0.999005081392276,False,3.1778152971883173,0.000994918607724,79.8511373824297,39954.22624504727,False,
whole,2008-12-17,2008-12-18,CBST,whole,24.42,23.76,3214.301348097187,36892.313702429696,3214.301348097187,135.0,3210.8076,0.9989130614342504,False,3.493748097187563,0.0010869385657495,80.35753370242968,36762.85216872727,False,
whole,2008-12-18,2008-12-19,CRI,whole,19.74,20.11,3219.969044097188,33681.506102429696,3219.969044097188,159.0,3200.68749,0.9940118821537944,False,19.28155409718829,0.0059881178462057,80.49922610242969,33601.006876327265,False,
whole,2009-01-20,2009-01-21,ALK,whole,28.2,28.588,3184.560516097188,48694.66290242969,3184.560516097188,111.0,3176.441268,0.9974504337235398,False,8.11924809718812,0.0025495662764602,79.61401290242969,48615.04888952727,False,
whole,2009-01-21,2009-01-22,JBLU,whole,6.34,6.38,3178.698465377188,45518.22163442969,3178.698465377188,497.0,3174.03086,0.9985315985683988,False,4.667605377188011,0.001468401431601,79.4674616344297,45438.75417279526,False,
whole,2009-01-22,2009-01-23,IDCC,whole,30.98,30.38,3192.178430977188,42344.19077442969,3192.178430977188,104.0,3162.67952,0.990759003102418,False,29.49891097718819,0.0092409968975819,79.8044607744297,42264.38631365526,False,
whole,2009-01-23,2009-01-26,SMG,whole,33.33,33.54,3182.1106501771883,39181.51125442969,3182.1106501771883,94.0,3155.9127599999997,0.9917671341266118,False,26.19789017718904,0.0082328658733882,79.55276625442971,39101.95848817527,False,
whole,2009-01-26,2009-01-27,MNST,whole,33.86,34.22993799999999,3181.939939777188,36025.598494429694,3181.939939777188,92.0,3152.303450295999,0.9906860311501466,False,29.636489481189077,0.0093139688498533,79.54849849442971,35946.04999593527,False,
whole,2009-01-27,2009-01-28,RGLD,whole,46.75,47.0,3127.6194017653474,35606.0795241337,3127.6194017653474,66.0,3105.102,0.9928004661460286,False,22.517401765347586,0.0071995338539714,78.1904850441337,32795.10455908956,False,
whole,2009-01-28,2009-01-29,FRFHF,whole,326.93,322.5,3178.216700965347,32500.977524133697,3178.216700965347,9.0,2905.4025,0.9141612335991806,False,272.8142009653475,0.0858387664008194,79.45541752413368,32421.52210660957,False,
whole,2009-01-29,2009-01-30,ORLY,whole,30.55,30.764999999999997,3154.080200965348,32650.277264133696,3154.080200965348,102.0,3141.168029999999,0.9959062008120791,False,12.912170965349103,0.0040937991879208,78.8520050241337,29516.72301910956,False,
whole,2009-01-30,2009-02-02,DLTR,whole,42.71,42.868998,3105.877569365348,29509.1092341337,3105.877569365348,72.0,3089.6544238559995,0.9947766307116016,False,16.223145509348342,0.0052233692883983,77.6469392341337,29431.462294899564,False,
whole,2009-02-02,2009-02-03,AVAV,whole,37.18,37.92,3115.5581924111084,26419.4548102777,3115.5581924111084,82.0,3112.54944,0.9990342814271814,False,3.008752411108617,0.0009657185728186,77.88895481027771,26341.565855467423,False,
whole,2009-02-03,2009-02-04,ATHN1,whole,37.58,37.1,3155.1734148111086,23318.655370277706,3155.1734148111086,84.0,3119.5163999999995,0.9886988732081328,False,35.65701481110909,0.0113011267918672,78.87933537027772,23228.026034907423,False,
whole,2009-02-04,2009-02-05,GMCR,whole,40.72,40.39347399999999,3127.945558811109,20199.1389702777,3127.945558811109,77.0,3113.407795497999,0.9953522965666206,False,14.53776331311019,0.0046477034333793,78.19863897027773,20120.940331307425,False,
whole,2009-02-06,2009-02-09,FNF,whole,19.07,19.17,3172.752046991188,17085.731174779703,3172.752046991188,165.0,3166.21305,0.9979390141762294,False,6.538996991188014,0.0020609858237706,79.31880117477971,17006.412373604922,False,
whole,2009-02-12,2009-02-13,ESINQ,whole,123.06,123.5,3099.514324991188,13919.518124779705,3099.514324991188,25.0,3090.5875,0.9971199278160414,False,8.926824991188369,0.0028800721839586,77.4878581247797,13842.030266654923,False,
whole,2009-02-13,2009-02-17,WTRG,whole,20.73,20.1,3110.367224991189,10828.930624779705,3110.367224991189,154.0,3098.4954,0.9961831436186052,False,11.871824991188989,0.0038168563813948,77.75918062477972,10751.171444154925,False,
whole,2009-02-19,2009-02-20,MBOT,whole,2.14,2.05,2962.578368991188,12338.322724779704,2962.578368991188,1443.0,2961.108149999999,0.9995037366752632,False,1.4702189911886308,0.0004962633247367,74.0644592247797,10029.994765554924,False,
whole,2009-02-27,2009-03-02,COCOQ,whole,19.7,19.46,2755.388182991188,11626.163374779704,2755.388182991188,141.0,2746.60386,0.9968119472075068,False,8.784322991188219,0.0031880527924933,68.88470457477969,9308.329870204923,False,
whole,2009-03-03,2009-03-04,PRDO,whole,23.46,23.760000000000005,2667.684017471189,18813.993136779703,2667.684017471189,112.0,2663.781120000001,0.9985369716032232,False,3.9028974711882256,0.0014630283967768,66.69210043677971,13395.358336342924,False,
whole,2009-03-20,2009-03-23,CVTX,whole,19.89,19.87,2763.312123871188,19850.203096779704,2763.312123871188,138.0,2744.8020599999995,0.9933014936274164,False,18.51006387118832,0.0066985063725834,69.0828030967797,19781.120293682925,False,
whole,2009-03-23,2009-03-24,AU,whole,37.53,36.09,2825.351241471188,17105.401036779705,2825.351241471188,78.0,2817.83502,0.9973397213907912,False,7.516221471187691,0.0026602786092089,70.6337810367797,17034.767255742925,False,
whole,2009-03-31,2009-04-01,SNDA1,whole,39.53,38.86,2882.765040671188,14287.566016779703,2882.765040671188,74.0,2878.51564,0.9985259288872884,False,4.249400671188596,0.0014740711127117,72.0691260167797,14215.496890762925,False,
whole,2009-04-01,2009-04-02,AZO,whole,166.82,165.84,2863.629615071188,11414.330376779706,2863.629615071188,17.0,2822.09928,0.9854973091308264,False,41.53033507118789,0.0145026908691735,71.59074037677969,11337.459636402926,False,
whole,2009-04-02,2009-04-03,BKNG,whole,86.09999999999998,86.05485500000002,2865.352043871188,8592.231096779706,2865.352043871188,33.0,2842.650025215,0.9920770577895494,False,22.702018656188105,0.0079229422104506,71.6338010967797,8520.597295682926,False,
whole,2009-04-03,2009-04-06,IAG,whole,7.98,7.79,2845.219642862588,5749.581071564706,2845.219642862588,364.0,2838.3955599999995,0.9976015620165892,False,6.824082862588512,0.0023984379834109,71.1304910715647,5678.450580493141,False,
whole,2009-04-06,2009-04-07,ADM,whole,28.71,26.61,2826.902620462588,2911.1855115647063,2826.902620462588,106.0,2823.48066,0.998789501825136,False,3.421960462588231,0.001210498174864,70.6725655115647,2840.5129460531416,False,
whole,2009-04-07,2009-04-08,NFLX,whole,43.7,44.070142,2757.3793940625887,87.70485156470659,87.70485156470659,1.0,44.11421214199999,0.0159986007863082,True,43.5906394227066,0.4970151439176251,68.93448485156472,18.77036671314187,False,
whole,2009-04-13,2009-04-14,SGP1,whole,23.37,23.24,2864.602263336908,2631.056583422707,2631.056583422707,113.0,2628.74612,0.9176653085995384,True,2.3104634227070164,0.000878150411992,71.6150565834227,2559.441526839284,False,
whole,2009-05-12,2009-05-13,TIVO,whole,21.09,20.86,2910.1325205369085,9566.683013422706,2910.1325205369085,139.0,2902.43954,0.9973564844615772,False,7.692980536908635,0.0026435155384227,72.75331301342271,9493.929700409282,False,
whole,2009-06-02,2009-06-03,IQNT,whole,31.62,31.25,3047.685738936909,6711.623473422706,3047.685738936909,97.0,3034.2812499999995,0.9956017483149084,False,13.404488936909274,0.0043982516850917,76.19214347342272,6635.431329949283,False,
whole,2009-06-09,2009-06-10,PALM,whole,12.7,12.840000000000002,3040.5583241369086,6443.693103422707,3040.5583241369086,236.0,3033.27024,0.9976030441254642,False,7.288084136908765,0.0023969558745358,76.01395810342272,6367.6791453192845,False,
whole,2009-06-10,2009-06-11,STRZA,whole,14.8,14.93,2997.7249145369083,3410.4228634227075,2997.7249145369083,200.0,2988.986,0.9970848177247584,False,8.738914536908396,0.0029151822752416,74.9431228634227,3335.479740559285,False,
whole,2009-07-09,2009-07-10,STEC1,whole,23.67,23.640000000000004,2843.7426111733885,3187.625279334708,2843.7426111733885,120.0,2839.6368,0.998556194517304,False,4.105811173388247,0.0014438054826959,71.09356527933471,3116.531714055373,False,
whole,2009-07-20,2009-07-21,BIDU,whole,336.24,337.88,3146.7805391733887,3115.2384593347074,3115.2384593347074,9.0,3043.9609199999995,0.9673254560038692,True,71.27753933470785,0.0228802835690241,78.66951347933471,269.31896585537265,False,
whole,2009-08-19,2009-08-20,ASH,whole,32.87,32.89,3125.3961439733885,10026.583249334708,3125.3961439733885,94.0,3094.7516599999994,0.9901950080688235,False,30.64448397338901,0.0098049919311764,78.1349035993347,7639.3976957353725,False,
whole,2009-09-04,2009-09-08,DTGF,whole,21.22,21.83,3303.962463573388,6931.831589334708,3303.962463573388,151.0,3299.62633,0.9986875959938424,False,4.336133573388452,0.0013124040061577,82.5990615893347,6849.232527745374,False,
whole,2009-09-08,2009-09-09,PWRD1,whole,36.84,36.805,3334.1900103733888,3632.205259334709,3334.1900103733888,90.0,3315.7624499999997,0.9944731523050404,False,18.427560373389497,0.0055268476949596,83.35475025933472,3548.850509075374,False,
whole,2009-09-11,2009-09-14,FUQI,whole,30.35,30.99,3406.970912373389,316.4428093347092,316.4428093347092,10.0,310.20989999999995,0.0910515258211873,True,6.232909334709234,0.0196967956004856,85.17427280933472,231.2685365253745,False,
whole,2009-09-21,2009-09-22,CAR,whole,13.76,13.999999999999998,3483.843595573388,5833.220089334709,3483.843595573388,248.0,3475.4719999999998,0.9975970231315706,False,8.371595573388731,0.0024029768684293,87.0960898893347,2114.958799445375,False,
whole,2009-10-19,2009-10-20,JNY,whole,19.4,19.45,3517.532068773389,4881.59171933471,3517.532068773389,180.0,3504.501,0.996295394464468,False,13.031068773389052,0.0037046055355319,87.93830171933472,4793.653417615376,False,
whole,2009-10-21,2009-10-22,VECO,whole,25.41,25.420000000000005,3439.2826287733888,1377.090719334711,1377.090719334711,54.0,1374.0526800000002,0.399517233188263,True,3.0380393347104477,0.002206128682777,85.98206571933471,1291.108653615376,False,
whole,2009-10-28,2009-10-29,WCRX,whole,21.24,21.52,3102.5088687733887,5505.34257933471,3102.5088687733887,144.0,3101.97888,0.9998291741310644,False,0.52998877338905,0.0001708258689357,77.56272171933472,2425.644997615376,False,
whole,2009-11-27,2009-11-30,MATV,whole,61.15,60.82,3358.299062773389,11143.56156933471,3358.299062773389,55.0,3348.4450999999995,0.9970657875938984,False,9.853962773389412,0.0029342124061017,83.95747656933472,11052.554092765376,False,
whole,2009-11-30,2009-12-01,TUPBQ,whole,46.55,46.91,3367.0126587733885,7795.116469334711,3367.0126587733885,71.0,3333.94061,0.9901776286206666,False,33.072048773388815,0.0098223713793333,84.1753164693347,7710.941152865376,False,
whole,2009-12-01,2009-12-02,MCK,whole,62.48,62.17,3420.150234373388,4461.175859334711,3420.150234373388,54.0,3360.53718,0.9825700480130196,False,59.61305437338797,0.0174299519869804,85.50375585933469,4375.672103475376,False,
whole,2009-12-02,2009-12-03,PRGO,whole,39.83,39.99,3437.5033471733886,1118.3886793347117,1118.3886793347117,27.0,1080.80973,0.3144170698448147,True,37.57894933471152,0.0336009743563086,85.93758367933471,1014.7010956553768,False,
whole,2010-01-26,2010-01-27,HNT,whole,24.46,24.39,3413.168357973388,5059.413949334711,3413.168357973388,139.0,3393.60021,0.9942668670510568,False,19.568147973388022,0.0057331329489433,85.32920894933469,4974.084740385377,False,
whole,2010-01-27,2010-01-28,SKX,whole,28.72,28.689,3421.477749573389,1665.8137393347115,1665.8137393347115,58.0,1665.6259619999996,0.4868147870339593,True,0.1877773347118818,0.0001127240881005,85.53694373933472,1580.2767955953768,False,
whole,2010-02-25,2010-02-26,EL,whole,60.57,60.74,3594.2365610933884,2620.734027334712,2620.734027334712,43.0,2614.43182,0.7273955888993222,True,6.302207334712421,0.0024047489249116,89.85591402733472,2524.3981133073776,False,
whole,2010-03-16,2010-03-17,LNCR,whole,42.75,42.769998,3843.769786693389,2836.9596673347123,2836.9596673347123,66.0,2825.642687868,0.7351227687074269,True,11.316979466712382,0.0039891224387213,96.09424466733472,2723.115422667377,False,
whole,2010-05-20,2010-05-21,DTGF,whole,44.71,43.81,3705.683647178668,6055.991179466711,3705.683647178668,84.0,3683.72004,0.9940729945484174,False,21.963607178668557,0.0059270054515826,92.6420911794667,5963.349088287245,False,
whole,2010-06-21,2010-06-22,APKT,whole,29.23,29.42,3891.837994978668,15110.57987446671,3891.837994978668,132.0,3887.32344,0.9988399941147365,False,4.514554978668002,0.0011600058852636,97.2959498744667,15013.283924592244,False,
whole,2010-06-24,2010-06-25,TSN,whole,17.87,17.87,3789.395857378668,11223.25643446671,3789.395857378668,211.0,3774.34057,0.996026995345616,False,15.055287378668254,0.0039730046543838,94.7348964344667,11128.521538032242,False,
whole,2010-06-25,2010-06-28,VCI,whole,34.69,34.66,3812.388474578668,10182.33970446671,3812.388474578668,109.0,3781.717939999999,0.9919550342827907,False,30.67053457866905,0.0080449657172092,95.3097118644667,7353.606152602243,False,
whole,2010-07-08,2010-07-09,IDC,whole,33.7,33.65,3695.795960978669,13326.429024466714,3695.795960978669,109.0,3671.51785,0.993430884379169,False,24.278110978668792,0.0065691156208309,92.39489902446672,13234.034125442247,False,
whole,2010-07-28,2010-07-29,CRUS,whole,19.17,19.5,3778.205246978668,9674.711174466713,3778.205246978668,193.0,3767.2635,0.9971039829063236,False,10.941746978668109,0.0028960170936764,94.45513117446669,9580.256043292246,False,
whole,2010-08-12,2010-08-13,AZO,whole,206.5,206.22,3780.671742955469,15005.273573886712,3780.671742955469,18.0,3715.67196,0.982807345526206,False,64.99978295546953,0.0171926544737938,94.51679357388672,14910.756780312826,False,
whole,2010-08-13,2010-08-16,VMW,whole,76.37999999999998,76.89,3763.071664555469,11289.601613886713,3763.071664555469,48.0,3694.41072,0.9817540162197312,False,68.66094455546863,0.0182459837802689,94.07679161388673,11195.524822272826,False,
whole,2010-09-09,2010-09-10,LTMAY,whole,29.43,29.62,3891.0997865554687,13684.38466388671,3891.0997865554687,131.0,3884.10022,0.9982011341421636,False,6.999566555468846,0.0017988658578363,97.27749466388671,12363.107169222823,False,
whole,2010-09-10,2010-09-13,VRX1,whole,64.98,65.58,3894.9593777554687,9800.28444388671,3894.9593777554687,59.0,3873.08922,0.9943850100516138,False,21.870157755469336,0.0056149899483861,97.37398444388673,9702.910459442825,False,
whole,2010-09-13,2010-09-14,PWER1,whole,11.52,11.52,3950.427408955468,5927.195223886711,3950.427408955468,342.0,3943.7798399999992,0.99831725323179,False,6.647568955468614,0.0016827467682101,98.7606852238867,5828.434538662824,False,
whole,2010-09-17,2010-09-20,ISLN,whole,25.08,25.62,3905.487015355468,1983.4153838867117,1983.4153838867117,77.0,1974.71274,0.5056252222157922,True,8.702643886711712,0.0043877061544505,97.6371753838867,1885.7782085028248,False,
whole,2010-10-11,2010-10-12,BHC,whole,27.16,27.06,4061.858105755469,3740.452643886712,3740.452643886712,138.0,3738.01428,0.9202719993353292,True,2.438363886712068,0.0006518900568617,101.54645264388674,3638.9061912428247,False,
whole,2010-11-09,2010-11-10,ENDPQ,whole,36.35,36.29,4180.437084155469,5468.227103886711,4180.437084155469,115.0,4177.523349999999,0.9993030072940186,False,2.9137341554705927,0.0006969927059814,104.51092710388671,5363.716176782825,False,
whole,2010-11-22,2010-11-23,LYB,whole,29.68,29.25,4255.174950155469,1444.6037538867126,1444.6037538867126,49.0,1434.6832499999998,0.3371619890617145,True,9.920503886712822,0.0068672837517012,106.37937375388672,1338.224380132826,False,
whole,2010-12-15,2010-12-16,FOSL,whole,71.36,71.26,4398.132394155468,7306.550163886712,4398.132394155468,61.0,4351.20686,0.9893305771745694,False,46.925534155468085,0.0106694228254306,109.95330985388672,3558.5485440328257,False,
whole,2011-01-14,2011-01-18,ALXN,whole,82.37,82.65999999999998,4593.769082555468,5610.127063886713,4593.769082555468,55.0,4550.846299999998,0.9906563038358924,False,42.92278255546989,0.0093436961641076,114.8442270638867,5495.282836822826,False,
whole,2011-01-18,2011-01-19,ATML,whole,13.87,13.91,4621.009630555469,1059.2807638867143,1059.2807638867143,76.0,1058.21716,0.2290012885934619,True,1.063603886714418,0.0010040811869478,115.52524076388671,943.7555231228276,False,
whole,2011-03-01,2011-03-02,URI,whole,30.24,30.29,4734.215926555469,2895.7281638867144,2895.7281638867144,95.0,2880.4275499999994,0.608427582240793,True,15.300613886714928,0.0052838571235837,118.35539816388672,2777.372765722828,False,
whole,2011-03-30,2011-03-31,SM,whole,74.19,74.4,5069.806188955468,4437.274723886715,4437.274723886715,59.0,4393.9896,0.8666977466657938,True,43.28512388671516,0.0097548893363989,126.74515472388671,4310.529569162828,False,
whole,2011-05-03,2011-05-04,JAZZ,whole,31.88,31.9,5157.765638555469,6638.700963886714,5157.765638555469,161.0,5141.035899999999,0.996756398074699,False,16.72973855547025,0.003243601925301,128.94414096388672,6504.856822922828,False,
whole,2011-05-04,2011-05-05,BASXQ,whole,27.51,26.810001,5139.48740255547,1497.665063886715,1497.665063886715,55.0,1476.0246050549997,0.2871929609791604,True,21.64045883171525,0.01444946493948,128.48718506388676,1369.1778788228282,False,
whole,2011-06-08,2011-06-09,GLNG,whole,30.5,30.56,5017.686718353269,2305.0579588317155,2305.0579588317155,75.0,2294.292,0.4572409815080988,True,10.76595883171558,0.0046705805337633,125.4421679588317,2168.815790872884,False,
whole,2011-07-28,2011-07-29,VRUS1,whole,121.84,121.62,5284.8174255532695,7693.395638831716,5284.8174255532695,43.0,5234.889659999999,0.9905526035181728,False,49.92776555327055,0.0094473964818271,132.12043563883174,7561.275203192884,False,
whole,2011-08-26,2011-08-29,DPZ,whole,26.98,27.4,4689.479896875028,41283.04742187572,4689.479896875028,170.0,4662.657999999999,0.9942804111618216,False,26.82189687502887,0.0057195888381784,117.23699742187571,41165.81042445384,False,
whole,2011-09-07,2011-09-08,QCOR,whole,30.76,30.58,4875.487176875029,36641.32942187572,4875.487176875029,159.0,4867.082219999998,0.998276078559924,False,8.40495687503062,0.001723921440076,121.88717942187571,36519.44224245385,False,
whole,2011-09-08,2011-09-09,RGLD,whole,82.34,82.12,4885.815888075029,31774.247201875725,4885.815888075029,59.0,4849.925079999999,0.9926540809360768,False,35.89080807502978,0.0073459190639233,122.14539720187572,31652.10180467385,False,
whole,2011-09-09,2011-09-12,GOLD1,whole,111.71,109.64,4804.2126848750295,26944.947121875724,4804.2126848750295,43.0,4719.23452,0.9823117396233176,False,84.9781648750295,0.0176882603766823,120.10531712187574,26804.216804753847,False,
whole,2011-09-12,2011-09-13,GMCR,whole,109.96,110.0,4809.291704075029,22225.712601875726,4809.291704075029,43.0,4734.73,0.9844963232294994,False,74.56170407502941,0.0155036767705006,120.23229260187571,22105.48030927385,False,
whole,2011-09-13,2011-09-14,MNST,whole,88.40999999999998,88.39199999999998,4853.006904075029,17490.982601875727,4853.006904075029,54.0,4777.941167999999,0.9845321184249712,False,75.06573607503015,0.0154678815750288,121.3251726018757,17369.65742927385,False,
whole,2011-09-14,2011-09-15,PSMT,whole,72.64,73.08,4891.386857355029,12713.04143387573,4891.386857355029,66.0,4828.103279999999,0.9870622424272428,False,63.28357735502959,0.0129377575727571,122.28467143387572,12590.756762441852,False,
whole,2011-09-15,2011-09-16,MCD,whole,88.06999999999998,88.26,4924.68992615503,7884.93815387573,4924.68992615503,55.0,4859.154299999999,0.9866924360441516,False,65.53562615503051,0.0133075639558484,123.11724815387576,7761.820905721854,False,
whole,2011-09-21,2011-09-22,DMND,whole,91.91,88.42,4889.57815415503,3025.7838538757305,3025.7838538757305,34.0,3009.28628,0.6154490602513002,True,16.497573875730723,0.0054523305934754,122.23945385387572,2903.544400021855,False,
whole,2011-09-29,2011-09-30,ELN,whole,10.57,10.46,4551.8412309550295,14113.982473875732,4551.8412309550295,434.0,4544.179639999999,0.9983168149840274,False,7.6615909550300785,0.0016831850159726,113.79603077387574,4751.144743101855,False,
whole,2011-09-30,2011-10-03,CBST,whole,35.32,34.96,4498.972913355029,9569.802833875732,4498.972913355029,128.0,4479.35488,0.9956394417719668,False,19.618033355029183,0.0043605582280332,112.47432283387572,9457.328511041856,False,
whole,2011-10-28,2011-10-31,SUG,whole,42.33,42.3,4822.745932955029,13583.108323875733,4822.745932955029,113.0,4784.679899999999,0.9921069794087812,False,38.066032955030096,0.0078930205912186,120.56864832387572,13462.539675551858,False,
whole,2011-10-31,2011-11-01,GR,whole,122.63,122.5,4777.06313695503,8798.428423875734,4777.06313695503,38.0,4659.655,0.9754225276934756,False,117.4081369550304,0.0245774723065243,119.42657842387575,8679.001845451858,False,
whole,2011-11-02,2011-11-03,BMRN,whole,32.28,32.41,4772.93573695503,4138.773423875734,4138.773423875734,127.0,4120.186069999999,0.8632393765746649,True,18.58735387573506,0.0044910295810126,119.32339342387574,4019.4500304518574,False,
whole,2012-01-31,2012-02-01,DG,whole,42.61,42.79,5238.841734155029,11900.183353875736,5238.841734155029,122.0,5225.60038,0.9974724653221148,False,13.241354155029512,0.0025275346778852,130.97104335387573,11769.21231052186,False,
whole,2012-02-01,2012-02-02,KMR,whole,65.252,65.06,5296.252518955029,6674.582973875735,5296.252518955029,81.0,5275.12986,0.9960117726865492,False,21.122658955028783,0.0039882273134507,132.40631297387574,6542.176660901859,False,
whole,2012-03-01,2012-03-02,PAA,whole,84.15999999999998,84.19,5500.07060455503,5592.867863875735,5500.07060455503,65.0,5477.822349999999,0.9959549147357116,False,22.248254555031053,0.0040450852642883,137.5017651138757,1344.231348761859,False,
whole,2012-04-10,2012-04-11,PIRRQ,whole,17.75,17.97,5384.927816155029,15833.424403875735,5384.927816155029,299.0,5378.40303,0.9987883243048392,False,6.524786155029688,0.0012116756951606,134.62319540387574,15698.80120847186,False,
whole,2012-04-11,2012-04-12,VAL1,whole,49.03,49.120000000000005,5423.357734955031,10455.021373875736,5423.357734955031,110.0,5408.6032000000005,0.997279446483876,False,14.754534955030977,0.0027205535161241,135.58394337387577,10319.43743050186,False,
whole,2012-05-07,2012-05-08,HD,whole,51.39,51.22,5548.49228695503,5126.303173875735,5126.303173875735,99.0,5075.850779999999,0.914816227091772,True,50.45239387573656,0.009841866968159,138.71230717387576,4987.590866701859,False,
whole,2012-05-10,2012-05-11,EC,whole,63.63,63.2,5528.273995755028,2512.4878938757365,2512.4878938757365,39.0,2467.2648,0.4462992973746467,True,45.2230938757366,0.0179993280707816,138.20684989387573,2374.281043981861,False,
whole,2012-06-04,2012-06-05,SHW,whole,125.87,125.64,5302.954471755029,5032.001793875737,5032.001793875737,40.0,5030.625599999999,0.948645821267083,True,1.376193875737954,0.0002734883515766,132.57386179387572,4888.407932081861,False,
whole,2012-08-08,2012-08-09,SBAC,whole,60.05,60.01,5510.715076155029,11193.000903875738,5510.715076155029,91.0,5466.37091,0.9919531012686706,False,44.3441661550296,0.0080468987313293,137.76787690387573,11055.233026971862,False,
whole,2012-08-09,2012-08-10,PCYC,whole,57.16,57.0,5478.242079755029,5726.629993875738,5478.242079755029,96.0,5477.472,0.9998594294038456,False,0.7700797550296556,0.0001405705961544,136.95605199387575,5589.673941881862,False,
whole,2012-08-24,2012-08-27,ELLI,whole,25.64,24.65,5509.716018500391,6014.754462509755,5509.716018500391,223.0,5502.44695,0.9986806818217157,False,7.269068500391768,0.0013193181782843,137.74290046250977,5877.011562047245,False,
whole,2012-09-07,2012-09-10,DK,whole,26.2,26.5,5537.38494050039,592.4775125097557,592.4775125097557,22.0,583.583,0.1053896390210618,True,8.894512509755714,0.0150124052338767,138.43462351250977,454.04288899724594,False,
whole,2012-10-19,2012-10-22,ONIT,whole,35.7,35.88,5564.50905250039,8503.787312509758,5564.50905250039,154.0,5531.04552,0.9939862560767416,False,33.4635325003901,0.0060137439232583,139.11272631250975,8364.674586197249,False,
whole,2012-11-21,2012-11-23,VMED,whole,33.72,33.95,5488.0073807267845,14465.618518169607,5488.0073807267845,161.0,5471.4159500000005,0.9969767841812583,False,16.591430726783983,0.0030232158187416,137.2001845181696,14328.418333651438,False,
whole,2012-12-04,2012-12-05,HOV,whole,5.09,5.1,5523.793462726786,9080.692568169608,5523.793462726786,1082.0,5523.718199999999,0.9999863748115684,False,0.0752627267866046,1.3625188431547844e-05,138.09483656816963,8942.597731601438,False,
whole,2012-12-10,2012-12-11,WHR,whole,99.66,100.1,5487.003174726784,3556.9743681696077,3556.9743681696077,35.0,3507.0035000000003,0.6391473429709881,True,49.970868169607,0.0140487006644699,137.1750793681696,3419.799288801438,False,
whole,2013-01-30,2013-01-31,CVI,whole,57.33,57.53,5794.485047526785,3937.450188169606,3937.450188169606,68.0,3915.95204,0.6758067382832259,True,21.49814816960634,0.0054599162255307,144.8621261881696,3719.463061981437,False,
whole,2013-03-01,2013-03-04,EV1,whole,38.19,38.1,5980.335459526785,5020.629488169606,5020.629488169606,131.0,4996.0911,0.8354198746562176,True,24.53838816960615,0.0048875122586574,149.5083864881696,4871.121101681436,False,
whole,2013-04-18,2013-04-19,LUV,whole,12.98,13.02,5979.462841926783,10616.626548169606,5979.462841926783,458.0,5969.12316,0.9982708008729008,False,10.33968192678276,0.0017291991270993,149.48657104816957,5332.779477121437,False,
whole,2013-05-17,2013-05-20,OHI,whole,36.91,36.93,6508.910671526784,4856.278788169606,4856.278788169606,131.0,4842.667829999999,0.7440058827637994,True,13.61095816960642,0.0028027546941423,162.7227667881696,4693.556021381436,False,
whole,2013-05-31,2013-06-03,RDN,whole,12.87,12.91,6426.4502383267845,528.9909581696064,528.9909581696064,40.0,516.9164,0.0804357585961151,True,12.074558169606462,0.0228256418812646,160.66125595816962,368.3297022114368,False,
whole,2013-07-23,2013-07-24,NXST,whole,35.73,35.67,6542.686420726784,12207.888518169606,6542.686420726784,183.0,6534.13761,0.998693379114166,False,8.548810726783813,0.0013066208858339,163.56716051816957,12044.321357651435,False,
whole,2013-07-24,2013-07-25,CBOE,whole,49.67,49.5,6513.531236326783,5673.750908169606,5673.750908169606,114.0,5648.642999999999,0.8672166901567626,True,25.10790816960707,0.0044252750210542,162.83828090816957,5510.912627261437,False,
whole,2013-08-01,2013-08-02,TW2,whole,86.29999999999998,85.68,6736.275116326783,189.25290816960705,189.25290816960705,2.0,171.53136,0.0254638293475065,True,17.721548169607047,0.0936395025101813,168.40687790816958,20.84603026143748,False,
whole,2013-12-09,2013-12-10,OA,whole,120.75,120.1,7433.111198338065,4954.461958451637,4954.461958451637,41.0,4929.024099999999,0.6631172289070634,True,25.43785845163802,0.0051343331859162,185.82777995845163,4768.634178493185,False,
whole,2014-04-10,2014-04-11,GLOG,whole,24.9,24.13,7660.578454364119,12812.759359103036,7660.578454364119,317.0,7656.85921,0.9995144956237604,False,3.719244364119732,0.0004855043762394,191.514461359103,12621.24489774393,False,
whole,2014-05-08,2014-05-09,TRGP,whole,109.32,108.88,7874.956237164121,12734.364929103034,7874.956237164121,72.0,7847.199359999999,0.9964752975980832,False,27.75687716412267,0.0035247024019168,196.87390592910305,12537.49102317393,False,
whole,2014-05-14,2014-05-15,HP,whole,108.6,108.13,7912.7708823403345,4935.415058508377,4935.415058508377,45.0,4870.715849999999,0.615551230084322,True,64.69920850837843,0.0131091727324616,197.8192720585084,4689.346297044527,False,
whole,2014-10-30,2014-10-31,MDVN,whole,102.74,104.37,9021.635139696124,11524.068492403085,9021.635139696124,86.0,8984.79582,0.9959165584591172,False,36.83931969612422,0.0040834415408829,225.5408784924031,11245.75161391068,False,
whole,2014-11-12,2014-11-13,CNQR,whole,128.3,128.36,9240.73732720028,7025.803180006998,7025.803180006998,54.0,6938.37144,0.7508460844976923,True,87.43174000699855,0.01244437650286,231.01843318000695,6772.785239223075,False,
whole,2014-12-18,2014-12-19,LOW,whole,66.62,66.88,9567.05206480028,22950.791620007,9567.05206480028,142.0,9506.456959999998,0.9936662720773488,False,60.59510480028257,0.0063337279226511,239.176301620007,22711.61531838699,False,
whole,2015-01-02,2015-01-05,CBRL,whole,138.77,138.01,9543.59818640028,13444.634660006996,9543.59818640028,69.0,9532.212689999998,0.9988070017012552,False,11.385496400280315,0.0011929982987448,238.58995466000695,13206.04470534699,False,
whole,2015-01-13,2015-01-14,TPST,whole,49.72,48.66,9397.56527880028,3912.421970006999,3912.421970006999,80.0,3896.6928,0.4146491867197183,True,15.729170006999084,0.0040203153257957,234.93913197000705,3677.482838036992,False,
whole,2015-02-04,2015-02-05,BBWI,whole,86.51,90.67,9641.67156680028,13286.209170007,9641.67156680028,106.0,9620.63102,0.9978177490641008,False,21.040546800280936,0.002182250935899,241.041789170007,13045.167380836992,False,
whole,2015-03-06,2015-03-09,KR,whole,74.34999999999998,74.5,9952.45191000028,3919.212750007001,3919.212750007001,52.0,3877.874,0.3896400640834536,True,41.338750007000726,0.010547717780038,248.811297750007,3670.4014522569937,False,
whole,2015-05-01,2015-05-04,COR,whole,114.61,114.67,9908.95287800028,3124.371950007001,3124.371950007001,27.0,3099.18609,0.3127662557444157,True,25.185860007001335,0.0080610952889091,247.723821950007,2876.648128056994,False,
whole,2015-08-03,2015-08-04,ADPTQ,whole,113.45,114.43,10017.197953077222,29634.788826930533,10017.197953077222,87.0,9965.36541,0.9948256445245448,False,51.83254307722382,0.0051743554754552,250.4299488269305,29384.3588781036,False,
whole,2015-08-04,2015-08-05,SKX,whole,153.9,154.911,10045.31373667722,19669.42341693053,10045.31373667722,64.0,9924.218303999998,0.9879450820699528,False,121.09543267722074,0.0120549179300473,251.13284341693048,19418.290573513605,False,
whole,2015-08-27,2015-08-28,DXCM,whole,93.74,92.81397099999998,9474.894734993,21286.40837482496,9474.894734993,101.0,9383.585282070995,0.990363011360456,False,91.30945292200158,0.0096369886395438,236.87236837482496,21049.536006450133,False,
whole,2015-09-22,2015-09-23,PRE1,whole,138.5,138.42,9190.56612371016,12109.16309275396,9190.56612371016,66.0,9144.855719999998,0.99502637779927,False,45.7104037101617,0.0049736222007299,229.764153092754,11879.398939661209,False,
whole,2015-09-28,2015-09-29,AX,whole,123.71,123.488,8705.901609710158,29692.83239275396,8705.901609710158,70.0,8652.80416,0.993900982104951,False,53.09744971015789,0.0060990178950489,217.647540242754,24352.16270251121,False,
whole,2015-10-27,2015-10-28,UHAL,whole,401.21,401.45,8992.972977234158,53099.41443085397,8992.972977234158,22.0,8840.731899999999,0.9830711070054852,False,152.2410772341591,0.0169288929945146,224.82432443085395,52874.59010642312,False,
whole,2015-10-28,2015-10-29,AIZ,whole,81.4,81.39,9074.54030123416,44293.39753085397,9074.54030123416,111.0,9043.32429,0.996560044895066,False,31.21601123416076,0.0034399551049341,226.86350753085404,44031.81902332312,False,
whole,2015-10-30,2015-11-02,ACGL,whole,74.89,74.88899999999998,9129.71452963416,35250.07324085396,9129.71452963416,121.0,9070.630568999995,0.9935283890375344,False,59.0839606341633,0.0064716109624657,228.242863240854,35021.83037761311,False,
whole,2015-11-13,2015-11-16,ATVI,whole,34.59,34.49,8857.255690874159,26252.442271853964,8857.255690874159,256.0,8838.26944,0.9978564183380502,False,18.98625087415894,0.0021435816619498,221.431392271854,26031.01087958211,False,
whole,2015-11-16,2015-11-17,DY,whole,84.23999999999998,84.29,8968.79171327416,17414.172831853964,8968.79171327416,106.0,8943.674739999999,0.997199514262664,False,25.116973274161865,0.002800485737336,224.219792831854,17189.95303902211,False,
whole,2015-11-20,2015-11-23,TYL,whole,174.2,174.17,9202.696323674158,8470.598091853966,8470.598091853966,48.0,8368.520159999998,0.909355243905178,True,102.07793185396804,0.0120508529323489,230.067408091854,8240.530683762112,False,
whole,2015-12-02,2015-12-03,VRSN,whole,89.51,90.21,9164.88731727416,309.95293185396804,309.95293185396804,3.0,270.90063,0.0295585336318757,True,39.05230185396806,0.1259942973288836,229.122182931854,54.610748922114055,False,
whole,2016-01-20,2016-01-21,SWI1,whole,58.0,57.96,8266.586957674159,32359.18506185397,8266.586957674159,142.0,8238.550319999998,0.9966084385469226,False,28.03663767416037,0.0033915614530774,206.664673941854,17468.339267912117,False,
whole,2016-02-04,2016-02-05,TAL,whole,47.95,48.062111,8346.19857367416,39685.45434185397,8346.19857367416,173.0,8323.059948202997,0.9972276449850896,False,23.138625471163323,0.0027723550149103,208.65496434185405,39476.799377512114,False,
whole,2016-02-19,2016-02-22,HPY,whole,92.33,92.7,8311.473519746038,45826.24799365098,8311.473519746038,89.0,8258.550299999999,0.9936325105746524,False,52.92321974603874,0.0063674894253475,207.78683799365095,45618.46115565733,False,
whole,2016-02-22,2016-02-23,EDU,whole,31.77,31.51,8368.01590774604,37567.697693650975,8368.01590774604,265.0,8358.500149999998,0.9988628418192618,False,9.515757746041343,0.0011371581807382,209.20039769365096,37358.49729595732,False,
whole,2016-02-23,2016-02-24,HRL,whole,43.57,43.5,8363.257901746038,29209.19754365097,8363.257901746038,192.0,8360.351999999999,0.9996525395031244,False,2.9059017460385803,0.0003474604968754,209.0814475436509,29000.11609610733,False,
whole,2016-02-24,2016-02-25,COR2,whole,65.11,65.11,8460.39542174604,20848.845543650976,8460.39542174604,129.0,8407.589189999999,0.9937584203676448,False,52.8062317460408,0.0062415796323551,211.50988554365105,20637.335658107324,False,
whole,2016-02-25,2016-02-26,EDR1,whole,40.3,40.21,8539.606649083149,12530.356227078712,8539.606649083149,212.0,8533.04452,0.999231565415972,False,6.562129083149557,0.0007684345840278,213.49016622707876,12227.766187423898,False,
whole,2016-03-03,2016-03-04,HMIN,whole,35.02,35.0,8544.192068283148,4117.681707078712,4117.681707078712,117.0,4099.094999999999,0.4797522067904148,True,18.586707078712607,0.0045138765938999,213.6048017070787,3867.776905371633,False,
whole,2016-04-01,2016-04-04,BRKR,whole,29.26,29.4,9076.058395754597,9626.499893864911,9076.058395754597,308.0,9064.255199999998,0.99869952404007,False,11.803195754599074,0.0013004759599299,226.9014598938649,9377.598433971049,False,
whole,2016-04-15,2016-04-18,QIHU,whole,75.54,75.5,9034.616187754598,4844.054693864913,4844.054693864913,64.0,4836.831999999999,0.5353666275890921,True,7.222693864913708,0.0014910430045435,225.86540469386497,4618.189289171049,False,
whole,2016-05-06,2016-05-09,CPB,whole,63.92,64.02,9096.641599130397,34418.60997825991,9096.641599130397,141.0,9035.84682,0.9933167885677492,False,60.79477913039773,0.0066832114322509,227.41603997825996,34191.19393828165,False,
whole,2016-05-16,2016-05-17,AG,whole,11.23,11.58,9139.137611342028,25460.610283550708,9139.137611342028,788.0,9134.16504,0.9994559036581464,False,4.97257134202664,0.0005440963418534,228.47844028355064,25232.13184326716,False,
whole,2016-05-20,2016-05-23,B,whole,18.2,17.85,8943.872205127136,16360.045128178375,8943.872205127136,500.0,8933.925,0.9988878189559288,False,9.94720512713684,0.0011121810440711,223.5968051281784,16136.448323050196,False,
whole,2016-05-23,2016-05-24,BKH,whole,58.19,58.5,8921.870005127137,7426.120128178376,7426.120128178376,126.0,7378.370999999999,0.8269982633416386,True,47.74912817837685,0.0064298890072075,223.0467501281784,7203.073378050198,False,
whole,2016-05-26,2016-05-27,CDE,whole,7.72,7.59,9074.129402327137,311.56505817837683,311.56505817837683,41.0,311.50118999999995,0.0343284932568972,True,0.0638681783768788,0.0002049914671121,226.8532350581784,74.71182312019846,False,
whole,2016-06-29,2016-06-30,HMY,whole,3.6,3.65,9406.425354727136,291.0338681783769,291.0338681783769,79.0,288.63834999999995,0.0306852326059172,True,2.3955181783769603,0.0082310632551835,235.1606338681784,55.87323431019851,False,
whole,2016-07-14,2016-07-15,IRM,whole,40.26,40.22,9750.952300727136,377.827518178377,377.827518178377,9.0,362.34198,0.0371596505474629,True,15.485538178377,0.0409857340540931,243.7738075181784,106.2137106601986,False,
whole,2016-08-29,2016-08-30,NUVA,whole,64.81,65.0,9261.610264599496,12237.106614987404,9261.610264599496,142.0,9239.23,0.9975835449819088,False,22.380264599496517,0.0024164550180912,231.54025661498736,11995.566358372416,False,
whole,2016-09-14,2016-09-15,EXEL,whole,13.01,12.93,9031.968670199496,12802.556754987403,9031.968670199496,697.0,9021.222209999998,0.9988101752129682,False,10.74646019949796,0.0011898247870317,225.7992167549874,12573.820318232416,False,
whole,2016-09-30,2016-10-03,WB,whole,50.14,50.64,9145.093435799496,11031.165894987407,9145.093435799496,180.0,9124.3152,0.9977279361938328,False,20.778235799496542,0.0022720638061671,228.6273358949874,10802.53855909242,False,
whole,2016-10-18,2016-10-19,NTES,whole,265.57,267.38,9037.889837799496,18583.48594498741,9037.889837799496,33.0,8832.363539999998,0.9772594818604762,False,205.52629779949712,0.0227405181395237,225.9472459449874,18357.53869904242,False,
whole,2016-10-21,2016-10-24,NVDA,whole,67.54,67.990385,9026.787696199495,9751.122404987407,9026.787696199495,132.0,8983.70555082,0.995227300471724,False,43.08214537949789,0.0047726995282758,225.66969240498744,9525.45271258242,False,
whole,2016-11-03,2016-11-04,GEN,whole,25.45,23.26,8666.913452966697,15763.576324167409,8666.913452966697,372.0,8661.37272,0.9993607028618936,False,5.54073296669776,0.0006392971381064,216.67283632416743,15546.90348784324,False,
whole,2016-11-04,2016-11-07,BRSL,whole,27.69,28.05,8668.294944166697,7102.203604167407,7102.203604167407,252.0,7075.6686,0.8162699406948017,True,26.53500416740735,0.0037361649491204,216.7073736041674,6885.49623056324,False,
whole,2016-11-11,2016-11-14,FNSR,whole,31.05,31.44,8923.890123366697,7191.283084167408,7191.283084167408,228.0,7175.48832,0.8040762740020065,True,15.794764167408175,0.0021963763604554,223.09725308416745,6968.18583108324,False,
whole,2016-11-30,2016-12-01,REN,whole,33.54,35.0,9117.149064108333,310.726602708213,310.726602708213,8.0,280.28,0.0307420661907771,True,30.44660270821305,0.0979851819665529,227.92872660270825,54.29787610550477,False,
whole,2017-01-05,2017-01-06,CFG,whole,35.72,35.91,9282.70012490833,492.1731227082131,492.1731227082131,13.0,467.2968299999999,0.0503406146608247,True,24.876292708213214,0.0505437854292608,232.06750312270825,260.1056195855049,False,
whole,2017-02-16,2017-02-17,AGO,whole,41.79,41.55,9916.431451708326,264.20629270821314,264.20629270821314,6.0,249.5493,0.0251652321921722,True,14.65699270821318,0.0554755625158414,247.91078629270817,16.295506415504974,False,
whole,2017-03-08,2017-03-09,STM,whole,15.59,15.09,9946.359943708332,310.32859270821314,310.32859270821314,20.0,302.1018,0.0303731014873534,True,8.226792708213168,0.0265099410802549,248.6589985927083,61.66959411550485,False,
whole,2017-04-26,2017-04-27,MASI,whole,100.99,100.98,10344.977180508327,14912.059512708216,10344.977180508327,102.0,10310.25996,0.9966440505471832,False,34.717220508327955,0.0033559494528166,258.6244295127082,14572.875083195508,False,
whole,2017-05-08,2017-05-09,WNC,whole,21.82,21.85,10387.81260290833,10202.495072708216,10202.495072708216,466.0,10192.2821,0.9811769320084204,True,10.21297270821742,0.0010010269679558,259.6953150727083,9942.799757635508,False,
whole,2017-06-14,2017-06-15,RACE,whole,88.42,85.81999999999998,10721.53404450833,12851.491112708218,10721.53404450833,124.0,10652.321679999995,0.9935445464967037,False,69.21236450833385,0.0064554535032964,268.0383511127082,12583.45276159551,False,
whole,2017-07-14,2017-07-17,ISRG,whole,951.75,954.921022,10857.815306119692,31811.872652992224,10857.815306119692,11.0,10514.635373242,0.968393279568472,False,343.1799328776924,0.0316067204315281,271.4453826529923,31540.42727033923,False,
whole,2017-07-18,2017-07-19,SPGI,whole,149.87,150.01,10950.671891190008,21297.237279750225,10950.671891190008,72.0,10811.52072,0.9872929101910214,False,139.15117119000934,0.0127070898089786,273.76679727975016,21023.470482470475,False,
whole,2017-07-31,2017-08-01,FIZZ,whole,102.12,102.82,10885.298262390008,10626.616559750226,10626.616559750226,103.0,10601.05046,0.9738869991856706,True,25.56609975022729,0.0024058551098062,272.1324565597502,10354.484103190476,False,
whole,2017-08-31,2017-09-01,PRXL,whole,87.89,87.9,11286.651466596348,334.2966649087383,334.2966649087383,3.0,263.9637,0.0233872464992136,True,70.33296490873829,0.2103908662323595,282.1662866649087,52.130378243829625,False,
whole,2017-09-20,2017-09-21,ATHM,whole,65.99,65.91,11678.170998596352,7850.93496490874,7850.93496490874,118.0,7785.157379999999,0.6666418380871225,True,65.77758490874112,0.008378312290542,291.9542749649088,7558.980689943831,False,
whole,2017-10-19,2017-10-20,PYPL,whole,67.25,71.33,11812.608270596347,9209.03676490874,9209.03676490874,128.0,9139.370239999998,0.7736962092232833,True,69.66652490874185,0.0075650175677664,295.3152067649087,8913.721558143832,False,
whole,2017-11-28,2017-11-29,IBKR,whole,56.21,56.4,11903.994765352125,322.6391338030597,322.6391338030597,5.0,282.282,0.0237132160727768,True,40.357133803059696,0.1250844351314613,297.59986913380305,25.039264669256625,False,
whole,2017-12-29,2018-01-02,DHI,whole,51.07,51.370000000000005,12006.55908535212,366.4971338030597,366.4971338030597,7.0,359.94959,0.0299794127061045,True,6.547543803059682,0.0178651978396591,300.16397713380303,66.33315666925665,False,
whole,2018-02-06,2018-02-07,EC,whole,17.75,17.75,12484.817677752122,7430.63194380306,7430.63194380306,418.0,7426.919499999999,0.5948760880372911,True,3.7124438030605234,0.0004996134691015,312.12044194380303,7118.511501859257,False,
whole,2018-04-19,2018-04-20,GMED,whole,51.08,50.89,12727.571890902072,9975.2172725518,9975.2172725518,195.0,9933.47355,0.7804688620223507,True,41.74372255180242,0.0041847431901725,318.1892972725518,9657.027975279248,False,
whole,2018-05-24,2018-05-25,HLF,whole,53.86,50.0,13260.846086115818,16562.932152895366,13260.846086115818,264.0,13213.2,0.9964070100952528,False,47.646086115819344,0.0035929899047471,331.52115215289547,16231.41100074247,False,
whole,2018-06-13,2018-06-14,ABMD,whole,433.07,435.19,13648.243286115816,3574.5321528953677,3574.5321528953677,8.0,3485.00152,0.2553443287126371,True,89.53063289536749,0.025046811461144,341.2060821528954,3233.326070742472,False,
whole,2018-07-25,2018-07-26,TNDM,whole,27.46,27.34,13526.569896515815,954.6474128953674,954.6474128953674,34.0,930.48956,0.0687897646719495,True,24.15785289536757,0.0253055238709533,338.16424741289546,616.483165482472,False,
whole,2018-08-29,2018-08-30,AMED,whole,122.98,122.61,13209.358021755916,62853.01054389794,13209.358021755916,107.0,13132.38927,0.9941731648404752,False,76.96875175591776,0.0058268351595247,330.23395054389795,62401.005882351456,False,
whole,2018-09-04,2018-09-05,IIN,whole,76.59999999999998,75.9,13170.872050955915,49776.67127389795,13170.872050955915,173.0,13143.8307,0.9979468822678332,False,27.04135095591846,0.0020531177321668,329.27180127389795,49447.39947262405,False,
whole,2018-09-12,2018-09-13,WWE,whole,86.09,86.09,13130.901970955922,56204.549273897945,13130.901970955922,152.0,13098.76568,0.997552621211627,False,32.13629095592296,0.002447378788373,328.272549273898,55876.27672462405,False,
whole,2018-09-13,2018-09-14,FNKO,whole,23.12,22.84,13150.03894375592,43105.78359389795,13150.03894375592,575.0,13146.132999999998,0.9997029709362364,False,3.905943755920816,0.0002970290637637,328.7509735938979,42777.03262030405,False,
whole,2018-10-05,2018-10-08,EPAY,whole,69.38,69.38,12712.147628354916,31610.91070887295,12712.147628354916,183.0,12709.236539999998,0.9997709994849002,False,2.91108835491832,0.0002290005150998,317.8036907088729,31293.10701816408,False,
whole,2018-10-09,2018-10-10,WCG,whole,311.18,313.26,12519.394166754915,28801.66426887295,12519.394166754915,39.0,12229.357139999998,0.9768329822600276,False,290.0370267549188,0.0231670177399724,312.9848541688729,18588.68931470408,False,
whole,2018-10-29,2018-10-30,REGI,whole,29.39,29.17,11144.60618635492,61006.86265887295,11144.60618635492,381.0,11124.88377,0.9982303173369133,False,19.722416354921734,0.0017696826630867,278.615154658873,50706.27950421407,False,
whole,2018-11-01,2018-11-02,RGEN,whole,63.55,64.71,11543.738355554917,49881.97888887295,11543.738355554917,178.0,11529.89838,0.998801083745262,False,13.839975554918055,0.001198916254738,288.59345888887293,49593.38542998408,False,
whole,2018-11-08,2018-11-09,TJX,whole,55.54,55.67999999999999,11635.681420354918,38352.08050887295,11635.681420354918,208.0,11593.021439999997,0.996333692990228,False,42.65998035492157,0.003666307009772,290.89203550887294,38061.18847336408,False,
whole,2018-11-09,2018-11-12,LLY,whole,112.21,112.26,11310.93196275492,50302.99156887295,11310.93196275492,100.0,11237.226,0.9934836525409556,False,73.70596275492062,0.0065163474590442,282.773299068873,26476.285769804075,False,
whole,2018-11-26,2018-11-27,MKC,whole,144.74,145.58,10905.199816354918,49797.88540887295,10905.199816354918,74.0,10783.69292,0.9888578936286256,False,121.50689635491835,0.0111421063713743,272.62999540887296,49525.25541346408,False,
whole,2018-11-29,2018-11-30,CABO,whole,885.9299999999998,887.4299999999998,11234.200899554917,39152.16248887295,11234.200899554917,12.0,10659.809159999995,0.9488711529470978,False,574.3917395549197,0.0511288470529022,280.8550224888729,38871.30746638408,False,
whole,2018-12-13,2018-12-14,MZTI,whole,186.26,186.27,10962.722533154918,41206.37044887296,10962.722533154918,58.0,10814.46366,0.986476089976141,False,148.25887315491855,0.0135239100238589,274.06806332887294,28282.08526554408,False,
whole,2018-12-14,2018-12-17,AEE,whole,69.81,70.05,10779.86147155492,30391.906788872955,10779.86147155492,153.0,10728.367649999998,0.9952231462629832,False,51.49382155492094,0.0047768537370168,269.49653678887296,30122.41025208408,False,
whole,2018-12-18,2018-12-19,HELE,whole,136.49,136.52,10565.66332435492,28330.89310887295,10565.66332435492,77.0,10522.55204,0.995919680285899,False,43.11128435491992,0.004080319714101,264.141583108873,28066.75152576408,False,
whole,2018-12-24,2018-12-26,IDTI,whole,48.21,48.25,9891.807642754917,37213.85612887295,9891.807642754917,204.0,9852.843,0.9960609178663662,False,38.96464275491781,0.0039390821336337,247.29519106887287,17561.045877804077,False,
whole,2019-01-16,2019-01-17,TRCO,whole,45.86,45.82,10704.14692515492,27403.193128872947,10704.14692515492,233.0,10686.736059999996,0.9983734467326856,False,17.410865154923158,0.0016265532673143,267.603673128873,27135.589455744077,False,
whole,2019-01-18,2019-01-22,ESL,whole,121.6,121.55,10861.844682754918,16802.70706887295,10861.844682754918,89.0,10828.767949999998,0.9969547775980044,False,33.07673275492016,0.0030452224019954,271.54611706887295,16531.16095180408,False,
whole,2019-01-28,2019-01-29,AU,whole,13.54,13.74,10670.681964754916,6042.099118872953,6042.099118872953,439.0,6037.891859999999,0.5658393605903591,True,4.207258872954299,0.0006963240407315,266.76704911887293,5775.33206975408,False,
whole,2019-03-01,2019-03-04,KL,whole,35.27,34.56,11146.47990224468,283.30755611698163,283.30755611698163,8.0,276.75648,0.0248290475941437,True,6.551076116981619,0.0231235488624828,278.661997556117,4.645558560864629,False,
whole,2019-04-26,2019-04-29,SEE,whole,46.43,46.48,11513.21322584468,29783.96064611698,11513.21322584468,247.0,11492.040559999998,0.99816101157606,False,21.172665844682346,0.00183898842394,287.830330646117,29496.130315470866,False,
whole,2019-05-03,2019-05-06,ENPH,whole,13.83,13.5,11412.04360344468,18291.92008611698,11412.04360344468,844.0,11405.393999999998,0.9994173170313972,False,6.649603444680906,0.0005826829686029,285.301090086117,18006.618996030866,False,
whole,2019-05-14,2019-05-15,ZNGA,whole,6.01,6.01,11140.20769624468,18098.982406116986,11140.20769624468,1851.0,11135.63451,0.9995894882421068,False,4.573186244679164,0.000410511757893,278.505192406117,17820.47721371087,False,
whole,2019-06-06,2019-06-07,ERIE,whole,229.73,230.15,11483.82007167183,18708.231791795773,11483.82007167183,49.0,11288.62735,0.9830028056471096,False,195.19272167183044,0.0169971943528904,287.0955017917957,18343.916290003977,False,
whole,2019-06-26,2019-06-27,SHOP,whole,289.03,290.5,11640.672069671831,26570.881741795773,11640.672069671831,40.0,11631.62,0.9992223756826364,False,9.052069671832214,0.0007776243173636,291.0168017417958,26279.864940053976,False,
whole,2019-07-10,2019-07-11,AWI,whole,97.95,98.41,12170.66126967183,15025.861741795774,12170.66126967183,123.0,12116.53443,0.9955526788173203,False,54.12683967182966,0.0044473211826795,304.26653174179575,14721.595210053978,False,
whole,2019-07-15,2019-07-16,PRO,whole,68.04,68.37,12289.943092471833,2909.327311795774,2909.327311795774,42.0,2874.41154,0.2338832261770773,True,34.91577179577462,0.0120013212862677,307.24857731179577,2602.078734483978,False,
whole,2019-10-09,2019-10-10,HSY,whole,156.47,155.85,12239.415312871832,40423.01782179577,12239.415312871832,78.0,12168.456299999998,0.9942024180846932,False,70.95901287183369,0.0057975819153067,305.9853828217958,40117.032438973976,False,
whole,2019-10-29,2019-10-30,AWR,whole,93.81,93.76,12377.819473671832,40664.78684179577,12377.819473671832,131.0,12294.84256,0.9932963221956558,False,82.97691367183324,0.0067036778043441,309.4454868417958,40355.34135495398,False,
whole,2019-10-31,2019-11-01,AQN,whole,13.72,13.72,12429.81857127183,28369.94428179577,12429.81857127183,905.0,12429.0166,0.9999354800500722,False,0.8019712718305527,6.451994992783666e-05,310.7454642817957,28059.198817513978,False,
whole,2019-11-15,2019-11-18,RH,whole,188.47,188.43,12685.568920225218,16115.183005630432,12685.568920225218,67.0,12637.43481,0.9962056009842432,False,48.13411022521723,0.0037943990157567,317.1392230056304,15798.043782624802,False,
whole,2019-11-27,2019-11-29,GNRC,whole,99.04,98.66,12889.035287825216,3607.162195630431,3607.162195630431,36.0,3555.31176,0.2758400206537018,True,51.85043563043109,0.0143743011315766,322.2258821956304,3284.9363134348005,False,
whole,2020-01-31,2020-02-03,SYNA,whole,66.69,67.45,13617.918299025216,12164.197475630432,12164.197475630432,180.0,12153.140999999998,0.8924375027914458,True,11.056475630433852,0.0009089358876805,340.4479574756304,11823.749518154802,False,
whole,2020-03-11,2020-03-12,GOTU,whole,42.07,39.59,12440.121842225217,20922.81605563044,12440.121842225217,313.0,12404.06167,0.9971013007201572,False,36.060172225215865,0.0028986992798428,311.0030460556304,20463.31300957481,False,
whole,2020-04-06,2020-04-07,REGN,whole,504.27,502.81,10802.327246286137,203472.9311571534,10802.327246286137,21.0,10569.56901,0.9784529545366109,False,232.7582362861358,0.0215470454633892,270.0581811571534,203202.87297599623,False,
whole,2020-04-08,2020-04-09,BILI,whole,26.2,27.85,10767.108485886136,192903.36214715336,10767.108485886136,386.0,10760.8501,0.9994187496211876,False,6.258385886136239,0.0005812503788124,269.1777121471534,192634.18443500623,False,
whole,2020-04-14,2020-04-15,TDOC,whole,157.33,160.89,10899.729681886136,182142.51204715337,10899.729681886136,67.0,10790.409629999998,0.9899703887090142,False,109.32005188613766,0.0100296112909857,272.49324204715344,181870.01880510623,False,
whole,2020-04-15,2020-04-16,FIT,whole,6.76,6.73,10898.968096686134,180732.71241715332,10898.968096686134,1617.0,10893.292409999998,0.9994792454995935,False,5.675686686136032,0.0005207545004064,272.4742024171533,171079.6282147362,False,
whole,2020-04-16,2020-04-17,CCOI,whole,90.75,91.5,11010.548400286134,169839.42000715336,11010.548400286134,120.0,10990.98,0.998222758796862,False,19.56840028613442,0.001777241203138,275.2637100071533,169564.1562971462,False,
whole,2020-04-17,2020-04-20,ZM,whole,150.06,153.3,11024.292400286133,158848.44000715335,11024.292400286133,71.0,10895.1843,0.9882887630699289,False,129.10810028613378,0.0117112369300711,275.60731000715333,158572.8326971462,False,
whole,2020-04-20,2020-04-21,CODX,whole,14.58,14.34,11016.001828286137,147953.25570715335,11016.001828286137,767.0,11009.77878,0.9994350901186164,False,6.223048286137782,0.0005649098813835,275.40004570715337,147677.8556614462,False,
whole,2020-04-21,2020-04-22,AXSM,whole,66.37,66.95,10883.541877086134,136943.47692715336,10883.541877086134,162.0,10856.745899999998,0.9975379359597492,False,26.79597708613619,0.0024620640402506,272.08854692715335,136671.3883802262,False,
whole,2020-04-22,2020-04-23,EVBG,whole,122.05,121.45999999999998,11074.808841086133,126086.73102715336,11074.808841086133,91.0,11063.912859999997,0.9990161472543244,False,10.89598108613609,0.0009838527456756,276.8702210271533,125809.8608061262,False,
whole,2020-04-23,2020-04-24,EHTH,whole,126.25,123.49,11135.785926686134,115022.81816715335,11135.785926686134,90.0,11125.2141,0.9990506438651268,False,10.571826686134957,0.0009493561348732,278.3946481671534,114744.4235189862,False,
whole,2020-04-24,2020-04-27,SE,whole,54.39,55.46,11155.605362686134,103897.60406715336,11155.605362686134,200.0,11103.092,0.9952926478681484,False,52.51336268613522,0.0047073521318515,278.8901340671533,103618.7139330862,False,
whole,2020-04-27,2020-04-28,DXCM,whole,335.05,335.010137,11269.512482686134,92794.51206715337,11269.512482686134,33.0,11066.389855520998,0.9819759171058018,False,203.12262716513575,0.0180240828941981,281.73781206715336,92512.77425508622,False,
whole,2020-04-28,2020-04-29,XLRN,whole,94.36,96.32,11060.627688465296,81728.12221163236,11060.627688465296,114.0,10991.460479999998,0.9937465385859222,False,69.16720846529824,0.0062534614140777,276.5156922116324,81451.60651942073,False,
whole,2020-04-29,2020-04-30,QDEL,whole,139.7,138.18,11046.086069265297,70736.66173163237,11046.086069265297,79.0,10927.13622,0.9892314935335998,False,118.9498492652965,0.0107685064664001,276.15215173163244,70460.50957990074,False,
whole,2020-04-30,2020-05-01,VXRT,whole,2.7,2.85,10858.548220465294,59809.52551163237,10858.548220465294,3806.0,10857.9471,0.9999446408071236,False,0.6011204652950255,5.535919287645501e-05,271.4637055116324,59538.061806120735,False,
whole,2020-05-01,2020-05-04,AUPH,whole,15.69,15.69,10782.546736465294,48951.57841163237,10782.546736465294,686.0,10774.10334,0.9992169385701116,False,8.443396465294427,0.0007830614298883,269.5636684116324,48682.01474322074,False,
whole,2020-05-04,2020-05-05,CCXI1,whole,54.54,55.0,10985.364602865297,38177.47507163237,10985.364602865297,199.0,10955.944999999998,0.9973219274981894,False,29.41960286529684,0.0026780725018105,274.6341150716324,37902.840956560736,False,
whole,2020-05-05,2020-05-06,MRNA,whole,49.34,48.45,11118.252802865296,27221.53007163237,11118.252802865296,229.0,11106.145049999996,0.9989110021979192,False,12.107752865298608,0.0010889978020807,277.9563200716324,26943.573751560736,False,
whole,2020-05-06,2020-05-07,ARVN,whole,52.7,53.41,11369.678200865295,16115.385021632372,11369.678200865295,212.0,11334.24292,0.9968833523483012,False,35.43528086529841,0.0031166476516988,284.2419550216324,15831.14306661074,False,
whole,2020-05-07,2020-05-08,LMNX1,whole,38.83,33.85,11517.551684065296,4781.142101632373,4781.142101632373,141.0,4777.62285,0.4148123647328548,True,3.519251632373198,0.000736069239852,287.93879210163243,4493.203309530741,False,
whole,2020-05-28,2020-05-29,ZTO,whole,31.16,31.42,11640.031110065296,12398.367751632371,11640.031110065296,370.0,11637.0254,0.9997417781759452,False,3.005710065295716,0.0002582218240548,291.0007777516324,12107.36697388074,False,
whole,2020-06-26,2020-06-29,NVAX,whole,77.39,81.48,13315.853872065298,28057.98190163237,13315.853872065298,163.0,13294.521239999998,0.9983979523753972,False,21.33263206529955,0.0016020476246027,332.89634680163243,19488.430454830737,False,
whole,2020-06-30,2020-07-01,FVRR,whole,73.81999999999998,74.47,13616.782826465296,14763.460661632376,13616.782826465296,182.0,13567.093539999998,0.9963508791247868,False,49.68928646529821,0.0036491208752131,340.4195706616324,14423.041090970744,False,
whole,2020-07-08,2020-07-09,DOCU,whole,206.35,211.5,14261.3502848653,1196.3671216323785,1196.3671216323785,5.0,1058.5575,0.0742256153068046,True,137.80962163237837,0.115190077644682,356.53375712163245,839.8333645107458,False,
whole,2020-07-29,2020-07-30,WKHS,whole,16.15,15.73,14871.243272865297,43102.60182163238,14871.243272865297,944.0,14863.96912,0.999510857785605,False,7.274152865296855,0.000489142214395,371.7810818216324,42730.82073981075,False,
whole,2020-08-26,2020-08-27,LVGO,whole,135.19,134.58,15176.7511448653,48940.74862163238,15176.7511448653,112.0,15088.03296,0.9941543361936644,False,88.71818486530174,0.0058456638063356,379.4187786216325,48561.329843010746,False,
whole,2020-09-14,2020-09-15,APPS,whole,25.31,25.79,15172.526088745291,61961.83221863239,15172.526088745291,587.0,15153.868729999998,0.9987703195475712,False,18.657358745294918,0.0012296804524287,379.3131522186324,61582.51906641376,False,
whole,2020-09-29,2020-09-30,AGNT,whole,42.05,42.02,15953.478811545294,54193.77028863239,15953.478811545294,379.0,15941.50558,0.9992494908673694,False,11.973231545294766,0.0007505091326306,398.8369702886323,53794.93331834376,False,
whole,2020-09-30,2020-10-01,RUN,whole,77.06999999999998,79.415,15864.818988345296,38252.26470863239,15864.818988345296,199.0,15819.388585,0.9971364058185176,False,45.43040334529724,0.0028635941814824,396.6204747086324,37855.64423392376,False,
whole,2020-10-07,2020-10-08,SAIL1,whole,46.26,46.6,16647.867844945296,22432.87612363239,16647.867844945296,356.0,16606.1896,0.9974964815114176,False,41.678244945294864,0.0025035184885822,416.1966961236324,22016.67942750876,False,
whole,2020-10-20,2020-10-21,ALTO,whole,10.635,10.53,16647.005260945294,24772.681563632388,16647.005260945294,1579.0,16643.496869999995,0.9997892479223558,False,3.5083909452987427,0.0002107520776442,416.1751315236324,5410.511392108758,False,
whole,2020-11-19,2020-11-20,NIO,whole,48.45,48.27,15497.634282158611,159775.67705396537,15497.634282158611,320.0,15461.8464,0.9976907519233555,False,35.787882158612774,0.0023092480766443,387.4408570539653,159388.2361969114,False,
whole,2020-11-20,2020-11-23,FDX,whole,276.69,280.21,15782.900826158617,144313.83065396536,15782.900826158617,56.0,15707.451759999996,0.9952195691407012,False,75.44906615862055,0.0047804308592987,394.5725206539654,143919.25813331138,False,
whole,2020-11-23,2020-11-24,PACB,whole,14.93,14.97,15887.643555758614,128606.37889396536,15887.643555758614,1060.0,15884.0682,0.9997749599714982,False,3.575355758614023,0.0002250400285017,397.1910888939653,128209.1878050714,False,
whole,2020-11-25,2020-11-27,AGNT,whole,51.98,52.66,15783.773627758614,112722.31069396537,15783.773627758614,299.0,15761.085339999996,0.9985625561862648,False,22.688287758617665,0.0014374438137351,394.5943406939653,112327.7163532714,False,
whole,2020-11-27,2020-11-30,GNRC,whole,221.4,221.4,16046.319814158613,96961.22535396538,16046.319814158613,72.0,15956.740799999998,0.9944174729660084,False,89.57901415861488,0.0055825270339915,401.1579953539653,96560.0673586114,False,
whole,2020-11-30,2020-12-01,LOB,whole,41.12,41.62,15912.625382158616,81004.48455396538,15912.625382158616,381.0,15873.077219999996,0.997514667679982,False,39.54816215861865,0.002485332320018,397.8156345539654,80606.66891941142,False,
whole,2020-12-01,2020-12-02,MRTX,whole,234.36,232.14,15920.178693358615,65131.40733396538,15920.178693358615,68.0,15801.305519999996,0.9925331759367618,False,118.873173358621,0.0074668240632381,398.0044673339654,64733.40286663141,False,
whole,2020-12-02,2020-12-03,FRHC,whole,39.35,40.15,15965.330872558616,49330.10181396538,15965.330872558616,397.0,15955.489549999998,0.9993835816722388,False,9.84132255861732,0.0006164183277612,399.1332718139654,48930.968542151415,False,
whole,2020-12-03,2020-12-04,LPRO,whole,27.05,26.99,16108.350090558612,33374.612263965384,16108.350090558612,596.0,16102.126039999996,0.9996136134040032,False,6.224050558616,0.0003863865959968,402.7087522639653,32971.90351170142,False,
whole,2020-12-11,2020-12-14,PWR,whole,72.06999999999998,72.23,16835.431648958613,17387.68122396539,16835.431648958613,232.0,16774.11736,0.9963580209740328,False,61.31428895861245,0.0036419790259672,420.8857912239654,16930.39543274142,False,
whole,2020-12-14,2020-12-15,SWAV,whole,93.38,92.90999999999998,16917.108154558617,10593.573863965388,10593.573863965388,113.0,10509.328829999997,0.6212249004962512,True,84.24503396539149,0.0079524658106133,422.9277038639654,190.6361601014226,False,
whole,2021-01-28,2021-01-29,SICPQ,whole,84.76999999999998,91.3,19646.964201358613,11303.975033965393,11303.975033965393,123.0,11241.1299,0.5721560738234898,True,62.84513396539114,0.0055595605772799,491.1741050339653,10812.800928931423,False,
whole,2021-02-23,2021-02-24,DNMRQ,whole,41.79,43.0,21747.923678318617,9757.40195796539,9757.40195796539,226.0,9727.718,0.4472941023651813,True,29.683957965391528,0.0030421989473498,543.6980919579654,9213.703866007423,False,
whole,2021-03-01,2021-03-02,VCEL,whole,48.17,47.84000000000001,22627.67052631861,37812.66315796539,22627.67052631861,472.0,22603.06048,0.9989123915212575,False,24.61004631861215,0.0010876084787423,565.6917631579653,37246.97139480743,False,
whole,2021-03-24,2021-03-25,TPR,whole,40.64,39.57,19615.93871495861,168537.03787396537,19615.93871495861,495.0,19606.73715,0.9995309138607986,False,9.201564958610106,0.0004690861392013,490.3984678739653,168046.63940609142,False,
whole,2021-03-26,2021-03-29,CTRN,whole,85.58,84.83,20001.030428958617,160043.29660396537,20001.030428958617,235.0,19954.98505,0.9976978496621876,False,46.04537895862086,0.0023021503378122,500.0257607239655,148430.2749632414,False,
whole,2021-04-01,2021-04-05,DEN,whole,50.87,51.04,20560.644448558614,148010.7212139654,20560.644448558614,402.0,20538.59808,0.9989277394191712,False,22.046368558621907,0.0010722605808286,514.0161112139654,147496.7051027514,False,
whole,2021-04-05,2021-04-06,SM,whole,17.26,17.53,20652.56972535861,127486.0431339654,20652.56972535861,1176.0,20635.89528,0.9991926212776252,False,16.67444535861432,0.0008073787223746,516.3142431339654,126955.80889083142,False,
whole,2021-04-06,2021-04-07,TPL,whole,1595.49,1602.696976,20863.554714158618,106850.1478539654,20863.554714158618,13.0,20855.895748687995,0.9996329021791562,False,7.658965470622206,0.0003670978208437,521.5888678539654,106328.55898611144,False,
whole,2021-04-07,2021-04-08,SICPQ,whole,140.57,141.11,20621.501284211092,85994.2521052774,20621.501284211092,145.0,20481.41095,0.9932065889733084,False,140.0903342110978,0.0067934110266917,515.5375321052774,85478.71457317212,False,
whole,2021-04-08,2021-04-09,DBRG,whole,6.76,6.74,20874.470046211096,65512.8411552774,20874.470046211096,3094.0,20874.41356,0.9999972940050228,False,0.0564862110986723,2.705994977291656e-06,521.8617511552774,64990.97940412212,False,
whole,2021-04-09,2021-04-12,DAC,whole,56.2,56.25,20912.680303811096,44638.42759527741,20912.680303811096,371.0,20889.61875,0.9988972454283206,False,23.06155381109784,0.0011027545716794,522.8170075952773,44115.61058768213,False,
whole,2021-04-28,2021-04-29,ATKR,whole,76.87999999999998,80.75,21384.4561538111,40998.3138452774,21384.4561538111,264.0,21339.318,0.9978892073061648,False,45.1381538111018,0.0021107926938351,534.6114038452776,40463.70244143212,False,
whole,2021-04-30,2021-05-03,PR,whole,4.24,4.29,20886.300233811096,19658.9958452774,19658.9958452774,4577.0,19654.96533,0.941045810410319,True,4.030515277401719,0.0002050214217004,522.1575058452775,19136.838339432124,False,
whole,2021-05-25,2021-05-26,CHRD,whole,82.95999999999998,83.29,20175.46322301109,15005.4805752774,15005.4805752774,179.0,14923.81891,0.7397014256891341,True,81.66166527740097,0.0054421226209805,504.3865805752773,14501.093994702123,False,
whole,2021-07-09,2021-07-12,SC,whole,40.9,40.63,22634.442091206787,1158.982280169544,1158.982280169544,28.0,1138.77764,0.0503117167814974,True,20.204640169544064,0.0174330880767119,565.8610522801697,593.1212278893744,False,
whole,2021-07-20,2021-07-21,ASTH,whole,86.12,86.0,21461.706153606778,21519.483840169545,21461.706153606778,249.0,21435.414,0.9987749271461178,False,26.29215360678063,0.0012250728538822,536.5426538401695,20982.94118632937,False,
whole,2021-08-18,2021-08-19,LSI,whole,120.47,120.05,21769.472556206783,96397.72390516957,21769.472556206783,181.0,21750.77905,0.9991412972382072,False,18.69350620678597,0.0008587027617927,544.2368139051696,95853.48709126438,False,
whole,2021-09-01,2021-09-02,WST,whole,453.12,455.22,22909.136594206782,74646.94485516955,22909.136594206782,50.0,22783.761,0.9945272667221124,False,125.37559420678735,0.0054727332778875,572.7284148551696,74074.21644031438,False,
whole,2021-09-08,2021-09-09,EPAM,whole,629.32,629.15,22994.585052926777,68004.45632316955,22994.585052926777,36.0,22672.0494,0.9859734084270536,False,322.53565292678104,0.0140265915729463,574.8646263231694,67429.59169684639,False,
whole,2021-09-10,2021-09-13,DXLG,whole,6.76,7.0,22758.457476926786,45332.406923169554,22758.457476926786,3247.0,22751.729,0.9997043526814764,False,6.728476926789881,0.0002956473185237,568.9614369231697,44763.44548624638,False,
whole,2021-09-14,2021-09-15,PRFT,whole,116.71,117.09,22393.602316926783,22580.67792316956,22393.602316926783,191.0,22386.55419,0.9996852615837758,False,7.04812692678388,0.0003147384162241,559.8400579231696,22020.837865246387,False,
whole,2021-09-29,2021-09-30,ASAN,whole,103.23,103.66,22207.819425326783,19203.19563316956,19203.19563316956,185.0,19196.2771,0.8643927047654085,True,6.918533169562579,0.0003602803044724,555.1954856331696,18648.000147536397,False,
whole,2021-10-07,2021-10-08,DAVA,whole,151.31,152.37,22209.027518926785,12329.077973169562,12329.077973169562,80.0,12201.789599999998,0.5494067486566665,True,127.28837316956378,0.0103242410703028,555.2256879731697,11773.852285196392,False,
whole,2021-11-11,2021-11-12,VICR,whole,160.99,162.32,24296.60928052678,16611.972013169565,16611.972013169565,102.0,16573.19664,0.6821197331959841,True,38.77537316956659,0.0023341824281202,607.4152320131694,16004.556781156396,False,
whole,2021-12-06,2021-12-07,FDS,whole,459.77,465.06,21917.125802926785,87111.65507316956,21917.125802926785,47.0,21879.67782,0.9982913825807496,False,37.44798292678752,0.0017086174192506,547.9281450731696,86563.7269280964,False,
whole,2021-12-13,2021-12-14,ODFL,whole,358.92,356.95,22140.721506126785,90440.57765316956,22140.721506126785,61.0,21795.72395,0.9844179623490896,False,344.99755612678564,0.0155820376509102,553.5180376531696,89887.05961551641,False,
whole,2022-01-03,2022-01-04,BLDR,whole,83.48999999999998,84.36,22400.732759726783,87896.54899316958,22400.732759726783,265.0,22377.7554,0.9989742585667511,False,22.977359726784925,0.0010257414332487,560.0183189931696,87320.2906741764,False,
whole,2022-01-05,2022-01-06,COST,whole,549.92,546.2,21525.519343726788,102861.4135931696,21525.519343726788,39.0,21323.1018,0.990596392101184,False,202.4175437267877,0.009403607898816,538.1379835931697,64980.65560957641,False,
whole,2022-01-06,2022-01-07,WIRE,whole,136.9,138.0,21598.165671726787,81538.31179316959,21598.165671726787,156.0,21549.528,0.997748064698362,False,48.63767172678854,0.002251935301638,539.9541417931697,80998.35765137641,False,
whole,2022-01-12,2022-01-13,ACLS,whole,70.21,72.0,21162.380212526783,71425.81531316959,21162.380212526783,293.0,21117.096,0.9978601550453204,False,45.28421252678527,0.0021398449546795,529.0595053131696,70896.75580785642,False,
whole,2022-01-19,2022-01-20,VCRA,whole,78.92,78.84,19971.913657326782,87201.8594331696,19971.913657326782,253.0,19966.46652,0.9997272601203746,False,5.447137326787924,0.0002727398796253,499.2978414331697,68828.45359173641,False,
whole,2022-02-11,2022-02-14,ERF,whole,12.07,11.96,20016.12737852678,102785.0644631696,20016.12737852678,1671.0,20005.14516,0.9994513315028878,False,10.98221852678398,0.0005486684971122,500.4031844631696,102284.66127870642,False,
whole,2022-02-14,2022-02-15,CVE,whole,15.68,15.36,19878.467172126784,82877.91930316959,19878.467172126784,1292.0,19864.96512,0.9993207699562612,False,13.50205212678702,0.0006792300437389,496.9616793031696,82282.95762386642,False,
whole,2022-02-16,2022-02-17,VET,whole,17.5,17.31,20137.928567326784,63291.2041831696,20137.928567326784,1162.0,20134.33422,0.9998215135526592,False,3.5943473267871013,0.0001784864473409,503.4482141831696,62509.50596898643,False,
whole,2022-02-18,2022-02-22,CVX,whole,133.42,137.0,19786.29819852678,43261.5849631696,19786.29819852678,144.0,19747.728,0.9980506612131392,False,38.57019852678059,0.0019493387868607,494.6574549631695,42766.92750820643,False,
whole,2022-02-22,2022-02-23,CNQ,whole,52.18,52.78,19545.443078526783,23513.8569631696,19545.443078526783,369.0,19495.29582,0.9974343248027014,False,50.14725852678748,0.0025656751972985,488.6360769631696,23025.22088620643,False,
whole,2022-03-08,2022-03-09,COP,whole,98.8,95.36,20679.977347726785,57831.4036931696,20679.977347726785,216.0,20618.35776,0.99702032614975,False,61.61958772678554,0.00297967385025,516.9994336931696,57224.13425947643,False,
whole,2022-03-15,2022-03-16,ABBV,whole,155.88,156.5,20566.284970126784,37248.5242531696,20566.284970126784,131.0,20522.0015,0.9978467929336235,False,44.28347012678569,0.0021532070663763,514.1571242531696,36734.36712891643,False,
whole,2022-03-25,2022-03-28,MCK,whole,310.48,308.83,22080.407131726788,17480.7382931696,17480.7382931696,56.0,17311.774479999996,0.7840333005058199,True,168.9638131696047,0.0096657137894241,552.0101782931697,16928.72811487643,False,
whole,2022-04-12,2022-04-13,FMC,whole,137.16,137.98,20915.019615726786,17449.740393169606,17449.740393169606,126.0,17402.865479999997,0.8320750254957511,True,46.8749131696095,0.0026862814066825,522.8754903931696,16926.864902776437,False,
whole,2022-04-25,2022-04-26,APTS,whole,24.92,24.93,20035.318735726785,19909.588393169608,19909.588393169608,797.0,19889.07921,0.992700913439125,True,20.509183169611788,0.0010301158800775,500.8829683931696,19408.70542477644,False,
whole,2022-05-19,2022-05-20,MPC,whole,95.76,96.48,19730.707070126788,58854.44355316961,19730.707070126788,204.0,19701.60192,0.9985248805314813,False,29.10515012678661,0.0014751194685188,493.26767675316967,41549.98407641645,False,
whole,2022-05-24,2022-05-25,BMY,whole,77.12999999999998,77.12999999999998,20128.513265326783,54692.7861331696,20128.513265326783,260.0,20073.853799999997,0.9972844757779034,False,54.65946532678936,0.0027155242220966,503.2128316331696,38649.62880153643,False,
whole,2022-06-21,2022-06-22,STNG,whole,37.35,35.62,19253.638055726788,72554.95139316961,19253.638055726788,539.0,19218.37918,0.9981687161862742,False,35.258875726787664,0.0018312838137258,481.3409513931696,72073.61044177644,False,
whole,2022-06-22,2022-06-23,PBF,whole,33.8,34.38,18787.121288526785,100389.8318531696,18787.121288526785,545.0,18755.8371,0.9983348066983584,False,31.28418852678442,0.0016651933016416,469.6780322131696,52866.89418095644,False,
whole,2022-06-23,2022-06-24,TVTY,whole,32.44,32.46,18296.844590126784,123120.1670531696,18296.844590126784,563.0,18293.25498,0.999803812613202,False,3.589610126786283,0.000196187386798,457.4211147531696,81176.57363841643,False,
whole,2022-07-12,2022-07-13,HRB,whole,36.78,36.46,18197.817268526785,256091.9521831696,18197.817268526785,498.0,18175.23708,0.998759181488989,False,22.58018852678288,0.0012408185110109,454.9454317131696,238174.95628145643,False,
whole,2022-07-13,2022-07-14,LNTH,whole,67.43,66.0,18175.005404126783,237916.7151031696,18175.005404126783,275.0,18168.15,0.9996228114394272,False,6.855404126785288,0.0003771885605727,454.3751351031696,237462.3399680664,False,
whole,2022-07-15,2022-07-18,CNR,whole,57.02,59.0,18357.95900412678,219933.2751031696,18357.95900412678,310.0,18308.29,0.9972944157836054,False,49.669004126782966,0.0027055842163945,458.9489751031695,219474.3261280664,False,
whole,2022-07-25,2022-07-26,GO,whole,44.4,44.03,18668.623804126782,201624.9851031696,18668.623804126782,423.0,18643.31469,0.9986442967412952,False,25.30911412679052,0.0013557032587048,466.7155951031697,201158.2695080664,False,
whole,2022-07-26,2022-07-27,GLNG,whole,22.62,23.28,18685.38481652678,182981.6704131696,18685.38481652678,801.0,18665.92728,0.9989586761676122,False,19.45753652678468,0.0010413238323877,467.1346204131696,182514.5357927564,False,
whole,2022-07-27,2022-07-28,SAIL1,whole,63.64,63.7,18876.236925326783,164315.74313316957,18876.236925326783,296.0,18874.0552,0.9998844194774936,False,2.181725326783635,0.0001155805225063,471.9059231331696,163843.8372100364,False,
whole,2022-07-28,2022-07-29,VTNRQ,whole,13.48,14.0,18950.379517326783,145441.68793316957,18950.379517326783,1352.0,18946.928,0.9998178655301532,False,3.451517326786416,0.0001821344698469,473.7594879331695,144967.9284452364,False,
whole,2022-08-02,2022-08-03,CHNG,whole,24.23,24.09,18801.572797326786,126494.75993316955,18801.572797326786,779.0,18784.87611,0.9991119526272207,False,16.69668732678474,0.0008880473727792,470.0393199331695,126024.7206132364,False,
whole,2022-08-03,2022-08-04,SWCH,whole,33.91,33.9,18657.971752926784,107709.88382316956,18657.971752926784,549.0,18629.7111,0.9984853309190826,False,28.26065292678686,0.0015146690809173,466.4492938231696,107243.4345293464,False,
whole,2022-08-04,2022-08-05,MNDT,whole,22.79,22.78,18396.733708926786,89080.17272316957,18396.733708926786,806.0,18379.04068,0.9990382516153832,False,17.69302892678752,0.0009617483846168,459.9183427231696,88620.2543804464,False,
whole,2022-08-05,2022-08-08,CTIC,whole,7.429999999999999,7.53,18681.188481726786,70701.13204316958,18681.188481726786,2478.0,18677.99934,0.999829285929538,False,3.1891417267834186,0.000170714070462,467.0297120431695,70234.10233112641,False,
whole,2022-08-09,2022-08-10,MUSA,whole,284.76,286.52,18522.443308126774,62234.031583169584,18522.443308126774,64.0,18355.61728,0.9909933033481828,False,166.82602812677942,0.0090066966518172,463.0610827031695,51560.07162046641,False,
whole,2022-08-10,2022-08-11,SWIR,whole,30.75,30.7,18712.25097212678,43932.31430316959,18712.25097212678,608.0,18684.265599999995,0.9985044358282458,False,27.985372126786388,0.0014955641717542,467.8062743031696,43410.608028866416,False,
whole,2022-08-11,2022-08-12,EQT,whole,45.8,45.75000000000001,18808.42354812678,25248.048703169592,18808.42354812678,410.0,18776.257500000003,0.9982898062644926,False,32.16604812677542,0.0017101937355073,470.2105887031695,24777.838114466424,False,
whole,2022-08-12,2022-08-15,ACHC,whole,82.61,82.23,18988.815648126783,6569.791203169589,6569.791203169589,79.0,6502.66617,0.3424471694547983,True,67.12503316958919,0.0102172247326832,474.7203912031696,5997.07081196642,False,
whole,2022-09-09,2022-09-12,NFE,whole,57.15,56.61,19146.891939326782,38207.9084831696,19146.891939326782,337.0,19096.64757,0.9973758472400636,False,50.24436932678873,0.0026241527599364,478.6722984831696,37729.23618468642,False,
whole,2022-09-28,2022-09-29,INSW,whole,34.91,34.81,18201.235236526783,37633.1409131696,18201.235236526783,522.0,18188.99082,0.9993272755190696,False,12.244416526784336,0.0006727244809303,455.0308809131696,37178.11003225643,False,
whole,2022-10-17,2022-10-18,AAWW,whole,99.89,99.99,18443.959156926787,79804.6889231696,18443.959156926787,184.0,18416.55816,0.9985143646928702,False,27.40099692678996,0.0014856353071297,461.0989789231697,79343.58994424643,False,
whole,2022-10-24,2022-10-25,ELF,whole,41.66,42.05,18761.704830526785,61388.1307631696,18761.704830526785,445.0,18730.96225,0.9983614186021748,False,30.742580526788515,0.0016385813978252,469.0426207631696,60919.08814240643,False,
whole,2022-11-03,2022-11-04,HAE,whole,79.51999999999998,80.59999999999998,19358.439940526783,59467.5912631696,19358.439940526783,239.0,19282.66339999999,0.9960856070654664,False,75.77654052679281,0.0039143929345336,483.9609985131696,42173.20751465643,False,
whole,2022-11-11,2022-11-14,AVEO,whole,14.79,14.79,19061.943914526782,40703.32786316961,19061.943914526782,1287.0,19053.76473,0.9995709155077016,False,8.179184526783501,0.0004290844922983,476.5485978631696,40226.77926530644,False,
whole,2022-11-15,2022-11-16,FSLR,whole,159.63,157.44,19238.12346132679,41594.2965331696,19238.12346132679,122.0,19226.88768,0.9994159627185376,False,11.235781326791766,0.0005840372814624,480.9530865331698,41113.343446636434,False,
whole,2022-11-16,2022-11-17,NUVL,whole,32.4,31.74,19183.625954126783,22421.308853169605,19183.625954126783,603.0,19158.359219999995,0.9986829010226111,False,25.266734126787924,0.0013170989773887,479.5906488531696,21887.818204316434,False,
whole,2022-12-19,2022-12-20,ERIE,whole,271.4,271.97,18668.346331326786,41438.34828316961,18668.346331326786,68.0,18512.45396,0.991649374370927,False,155.89237132678682,0.0083506256290729,466.7086582831696,40971.63962488644,False,
whole,2022-12-20,2022-12-21,TTC,whole,112.02,108.36,18777.75297292678,22925.89432316961,18777.75297292678,173.0,18765.02628,0.999322246226951,False,12.726692926782562,0.0006777537730489,469.4438243231695,22456.45049884644,False,
whole,2023-01-09,2023-01-10,RMBS,whole,37.49,37.48,18079.051118526782,50353.16796316962,18079.051118526782,481.0,18045.907879999995,0.998166760063374,False,33.14323852678717,0.001833239936626,451.9762779631696,49901.191685206446,False,
whole,2023-02-02,2023-02-03,WFRD,whole,55.4,55.63,18811.100702926786,105861.24757316962,18811.100702926786,337.0,18766.05731,0.9976054887144494,False,45.0433929267856,0.0023945112855505,470.2775175731696,105390.97005559644,False,
whole,2023-02-03,2023-02-06,YPF,whole,11.18,11.31,18946.234010526787,93473.5854831696,18946.234010526787,1673.0,18940.55163,0.999700078626516,False,5.68238052678862,0.0002999213734841,473.6558502631696,86621.53441290645,False,
whole,2023-02-06,2023-02-07,GILD,whole,86.36,86.59999999999998,18915.11015412679,74533.0338531696,18915.11015412679,218.0,18897.678799999994,0.9990784428964592,False,17.43135412679476,0.0009215571035409,472.8777538531697,74060.15609931643,False,
whole,2023-02-07,2023-02-08,NVO,whole,139.59,140.77,19091.561802126784,55635.35505316961,19091.561802126784,135.0,19022.95395,0.9964063782294048,False,68.60785212678456,0.003593621770595,477.2890450531696,55158.06600811644,False,
whole,2023-02-16,2023-02-17,TDW,whole,45.06,44.43,19487.300044126787,36942.841103169616,19487.300044126787,438.0,19479.80034,0.9996151491427848,False,7.499704126788856,0.000384850857215,487.1825011031697,36455.65860206645,False,
whole,2023-02-28,2023-03-01,FMX,whole,91.92,92.45,19399.09483052679,17493.28076316962,17493.28076316962,189.0,17490.523049999996,0.9016154208636876,True,2.7577131696234574,0.000157644138167,484.9773707631697,16978.06339240645,False,
whole,2023-03-14,2023-03-15,NSIT,whole,138.36,135.97,19009.460308526785,1558.8677131696236,1558.8677131696236,11.0,1497.16567,0.0787589781982626,True,61.70204316962372,0.0395813208833261,475.2365077131696,823.7412054564538,False,
whole,2023-03-31,2023-04-03,IPAR,whole,142.24,142.77,19698.800328926784,35565.71822316962,19698.800328926784,137.0,19579.04949,0.9939209070132594,False,119.75083892678232,0.0060790929867406,492.4700082231696,35073.24821494645,False,
whole,2023-04-03,2023-04-04,ALGM,whole,47.86,48.21,19784.402749326782,15986.66873316962,15986.66873316962,331.0,15973.467509999997,0.8073767862688469,True,13.201223169622608,0.000825764478514,494.6100687331696,15492.05866443645,False,
whole,2023-04-25,2023-04-26,COTY,whole,11.9,11.81,19852.493763726787,14454.33409316962,14454.33409316962,1222.0,14446.251819999998,0.7276794538727054,True,8.082273169622567,0.0005591591502954,496.31234409316966,13958.02174907645,False,
whole,2023-05-05,2023-05-08,PEN,whole,310.08,308.87,19561.80346932678,20109.716733169626,19561.80346932678,63.0,19478.26881,0.9957297056246492,False,83.53465932678228,0.0042702943753507,489.0450867331695,19620.67164643645,False,
whole,2023-05-08,2023-05-09,META,whole,233.27,231.46,19599.876716926785,631.4479231696241,631.4479231696241,2.0,463.38292,0.0236421344221933,True,168.06500316962416,0.2661581375167138,489.9969179231696,141.45100524645449,False,
whole,2023-06-06,2023-06-07,BLDR,whole,123.92,123.8,20530.347800126783,528.7450031696242,528.7450031696242,4.0,495.6952,0.0241445105960133,True,33.04980316962423,0.0625061286092602,513.2586950031696,15.486308166454592,False,
whole,2023-07-14,2023-07-17,TPH,whole,33.67,33.62,21463.749479326783,56104.066983169614,21463.749479326783,637.0,21437.35594,0.9987703201925552,False,26.393539326785685,0.0012296798074449,536.5937369831696,55567.47324618645,False,
whole,2023-07-17,2023-07-18,NVDA,whole,464.61,467.01,21762.55004172679,34666.71104316962,21762.55004172679,46.0,21503.94246,0.9881168529776636,False,258.607581726792,0.0118831470223363,544.0637510431698,34122.64729212645,False,
whole,2023-07-18,2023-07-19,MANH,whole,205.53,206.03,21884.61954332679,13162.768583169622,13162.768583169622,63.0,12992.869889999998,0.5936986870745886,True,169.89869316962358,0.012907519576608,547.1154885831697,12615.653094586452,False,
whole,2023-08-30,2023-08-31,APP,whole,42.98,43.1,22465.53286692679,17190.65167316962,17190.65167316962,398.0,17170.953799999996,0.7643243497365982,True,19.69787316962538,0.0011458479610967,561.6383216731698,16629.01335149645,False,
whole,2023-10-06,2023-10-09,XPO,whole,77.12,76.25,20841.275572526785,109850.68931316964,20841.275572526785,273.0,20837.06625,0.9997980295154132,False,4.2093225267890375,0.0002019704845867,521.0318893131697,109329.65742385646,False,
whole,2023-10-24,2023-10-25,VRT,whole,39.03,41.54,20695.175585726785,100745.29964316962,20695.175585726785,497.0,20666.02538,0.9985914492193586,False,29.150205726786226,0.0014085507806413,517.3793896431696,100227.92025352643,False,
whole,2023-10-26,2023-10-27,CEG,whole,112.72,113.0,20145.67094652679,80509.44366316962,20145.67094652679,178.0,20134.114,0.9994263310188344,False,11.556946526790853,0.0005736689811655,503.6417736631697,80005.80188950645,False,
whole,2023-10-27,2023-10-30,ANF,whole,58.72,58.93,20051.505986526787,60375.329663169614,20051.505986526787,339.0,19997.24727,0.9972940328490416,False,54.25871652678688,0.0027059671509583,501.2876496631697,59874.04201350644,False,
whole,2023-11-06,2023-11-07,MMYT,whole,40.98,40.48,21352.728772126786,57945.47930316961,21352.728772126786,526.0,21313.77248,0.998175582496152,False,38.95629212678614,0.0018244175038479,533.8182193031695,57411.66108386644,False,
whole,2023-11-15,2023-11-16,HRB,whole,45.56,45.62,21746.759072926787,36744.70682316962,21746.759072926787,476.0,21736.83512,0.9995436583035884,False,9.923952926790662,0.0004563416964114,543.6689768231696,36201.03784634645,False,
whole,2023-11-27,2023-11-28,UEC,whole,6.4,6.390000000000001,21891.35086812678,15275.151703169622,15275.151703169622,2388.0,15274.57932,0.69774494100496,True,0.5723831696213892,3.747152111769984e-05,547.2837717031696,14727.867931466451,False,
whole,2024-01-09,2024-01-10,NHC,whole,94.61,94.23,22925.291098526788,12896.477463169622,12896.477463169622,136.0,12828.09528,0.5595608459176491,True,68.3821831696223,0.0053023923288286,573.1322774631697,12323.345185706452,False,
whole,2024-02-08,2024-02-09,CRWD,whole,323.04,330.0,25209.12730892679,10587.312723169622,10587.312723169622,32.0,10570.56,0.4193147930296209,True,16.752723169622186,0.0015823395046185,630.2281827231697,9957.084540446453,False,
whole,2024-03-25,2024-03-26,WING,whole,361.23,362.62,28973.812288926794,897.1372231696221,897.1372231696221,2.0,725.9652399999999,0.0250559102392421,True,171.1719831696222,0.1907979947202108,724.3453072231698,172.79191594645226,False,
whole,2024-07-15,2024-07-16,TRGP,whole,134.34,134.89,32985.0392649268,14724.88162316962,14724.88162316962,109.0,14717.713009999998,0.4461935876986945,True,7.168613169622404,0.0004868367266425,824.6259816231699,13900.25564154645,False,
whole,2024-08-21,2024-08-22,ADMA,whole,17.84,17.99,31412.52687312678,116042.36182816964,31412.52687312678,1744.0,31405.934559999994,0.9997901374456944,False,6.592313126784575,0.0002098625543055,785.3131718281695,115257.04865634146,False,
whole,2024-08-29,2024-08-30,AEM,whole,82.09,81.54999999999998,31087.789490726795,84636.42726816963,31087.789490726795,380.0,31019.98899999999,0.9978190636311716,False,67.80049072680413,0.0021809363688282,777.1947372681699,83859.23253090146,False,
whole,2024-08-30,2024-09-03,CRS,whole,144.77,143.1,31308.33873072679,53656.198268169646,31308.33873072679,218.0,31226.9958,0.9974018764960224,False,81.3429307267943,0.0025981235039776,782.7084682681698,52833.72979990148,False,
whole,2024-09-04,2024-09-05,LMT,whole,574.78,575.2,30019.438098726787,22429.20246816965,22429.20246816965,38.0,21879.4576,0.7288430092543262,True,549.7448681696478,0.0245102280809947,750.4859524681697,21678.71651570148,False,
whole,2024-10-07,2024-10-08,AHR,whole,24.94,25.04,32157.65191712679,83531.84792816966,32157.65191712679,1282.0,32133.381279999998,0.9992452609043302,False,24.27063712679592,0.0007547390956697,803.9412979281698,82727.90663024149,False,
whole,2024-10-08,2024-10-09,AFL,whole,112.47,112.23,32555.726665926795,51398.46664816967,32555.726665926795,289.0,32466.90447,0.997271687502532,False,88.82219592679758,0.0027283124974679,813.8931666481699,50584.5734815215,False,
whole,2024-10-29,2024-10-30,VTR,whole,66.03,65.95,32995.31008712678,18975.16217816967,18975.16217816967,287.0,18946.57765,0.5742203240390841,True,28.584528169671103,0.0015064181218201,824.8827521781695,18150.279425991503,False,
whole,2024-12-02,2024-12-03,AKR,whole,25.63,25.68,37035.64320592679,30334.03014816967,30334.03014816967,1180.0,30332.7024,0.8190137871061971,True,1.3277481696713949,4.377091217968312e-05,925.8910801481696,29242.9790680215,False,
whole,2025-01-02,2025-01-03,RKLB,whole,24.96,25.025,35060.95470992679,965.4377481696714,965.4377481696714,38.0,951.90095,0.0271498867579464,True,13.536798169671556,0.0140214096614052,876.5238677481697,65.7138804215017,False,
whole,2025-01-27,2025-01-28,BRBR,whole,79.17,79.09999999999998,35268.861177526785,12888.00943816967,12888.00943816967,162.0,12827.014199999996,0.3636923272184737,True,60.99523816967485,0.004732712096643,881.7215294381696,12006.2879087315,False,
whole,2025-02-26,2025-02-27,EAT,whole,160.09,162.1,34873.37087392679,219228.01872816964,34873.37087392679,214.0,34724.0894,0.9957193276650408,False,149.2814739267924,0.0042806723349592,871.8342718481698,80610.94757632149,False,
whole,2025-03-06,2025-03-07,VRNA,whole,65.67,66.2,33560.14188192679,283340.28704816964,33560.14188192679,506.0,33530.6972,0.9991226293967892,False,29.44468192679051,0.0008773706032109,839.0035470481698,282501.28350112145,False,
whole,2025-03-18,2025-03-19,LX,whole,10.59,9.845,33472.761743926785,278792.48359816964,33472.761743926785,3396.0,33467.05362,0.9998294695857348,False,5.708123926786357,0.000170530414265,836.8190435981697,277955.66455457144,False,
whole,2025-03-19,2025-03-20,SRAD,whole,22.8,23.0,34109.170799126776,245325.42997816965,34109.170799126776,1481.0,34097.062999999995,0.9996450280425144,False,12.107799126781174,0.0003549719574857,852.7292699781694,244472.70070819143,False,
whole,2025-03-20,2025-03-21,ESLT,whole,413.0,411.0,34053.87267912679,211228.36697816965,34053.87267912679,82.0,33735.702,0.9906568429933136,False,318.1706791267934,0.0093431570066864,851.3468169781698,210377.0201611915,False,
whole,2025-03-27,2025-03-28,RBRK,whole,66.0,65.2,34190.50299912679,177492.66497816966,34190.50299912679,523.0,34133.69959999999,0.9983386205482778,False,56.80339912679483,0.0016613794517221,854.7625749781698,176637.9024031915,False,
whole,2025-03-28,2025-03-31,FNMA,whole,6.7,6.68,33864.69141512679,143358.96537816967,33864.69141512679,5064.0,33861.34752,0.999901257180058,False,3.3438951267962693,9.874281994202988e-05,846.6172853781698,142512.3480927915,False,
whole,2025-04-02,2025-04-03,FOX,whole,53.0,51.45,34006.87151432679,110191.87785816968,34006.87151432679,660.0,33990.956999999995,0.9995320206294164,False,15.914514326796052,0.0004679793705837,850.1717878581698,109341.7060703115,False,
whole,2025-04-03,2025-04-04,PYCR,whole,22.46,22.42,32612.90043432678,121654.02225816969,32612.90043432678,1453.0,32608.83626,0.999875381389798,False,4.064174326780631,0.0001246186102019,815.3225108581695,75385.5983473115,False,
whole,2025-04-08,2025-04-09,ATSG,whole,22.48,22.47,30091.562014326784,136351.07275816967,30091.562014326784,1337.0,30072.432389999994,0.9993642860972892,False,19.12962432678978,0.0006357139027107,752.2890503581696,115181.6213078115,False,
whole,2025-05-06,2025-05-07,VRSN,whole,283.22,283.21,33451.950814726784,169214.17036816967,33451.950814726784,117.0,33168.70557,0.991532773490684,False,283.24524472678604,0.0084672265093158,836.2987703681697,168377.8715978015,False,
whole,2025-05-07,2025-05-08,CNP,whole,39.05,38.82,33663.72739192679,136045.46479816968,33663.72739192679,866.0,33651.73812,0.9996438519184996,False,11.989271926788206,0.0003561480815004,841.5931847981697,135203.8716133715,False,
whole,2025-05-08,2025-05-09,KC,whole,14.23,13.83,32953.736267126784,102393.72667816968,32953.736267126784,2380.0,32948.3154,0.9998355006824464,False,5.420867126784287,0.0001644993175536,823.8434066781697,101569.88327149152,False,
whole,2025-05-09,2025-05-12,PLMR,whole,159.93,164.55,33010.69805112679,69445.41127816969,33010.69805112679,200.0,32942.91,0.9979464823487888,False,67.78805112679402,0.0020535176512112,825.2674512781698,68620.14382689152,False,
whole,2025-05-27,2025-05-28,NUTX,whole,163.73,165.44,34895.825251126786,37346.971278169694,34895.825251126786,210.0,34777.1424,0.9965989384038724,False,118.6828511267886,0.0034010615961276,872.3956312781697,36474.57564689153,False,
whole,2025-05-28,2025-05-29,TDUP,whole,7.22,7.309999999999999,34697.85475512679,2569.8288781696974,2569.8288781696974,351.0,2568.375809999999,0.0740211701307127,True,1.4530681696983263,0.0005654338240347,867.4463688781697,1702.3825092915276,False,
whole,2025-07-14,2025-07-15,ASM,whole,4.29,4.31,35699.07675472679,25638.5888681697,25638.5888681697,5942.0,25635.630019999997,0.7181034455353434,True,2.958848169706471,0.000115406046133,892.4769188681698,24746.11194930153,False,
whole,2025-08-20,2025-08-21,WLDN,whole,103.18,102.16,35034.99377312679,170380.4943281697,35034.99377312679,342.0,34973.65872,0.9982493202789195,False,61.33505312679336,0.0017506797210804,875.8748443281697,169336.99948384153,False,
whole,2025-08-21,2025-08-22,TIGO,whole,46.26,46.26,35224.52702432678,135597.3556081697,35224.52702432678,760.0,35192.7576,0.9990980879798658,False,31.769424326783337,0.0009019120201342,880.6131756081695,134526.22243256154,False,
whole,2025-09-05,2025-09-08,APH,whole,110.45,111.1,35768.903120326795,101030.8380081697,35768.903120326795,321.0,35698.7631,0.9980390782437234,False,70.14002032679855,0.0019609217562765,894.2225780081698,100136.61543016152,False,
whole,2025-09-09,2025-09-10,RBLX,whole,131.79,132.51,36126.87219632679,65332.0749081697,36126.87219632679,272.0,36078.76272,0.9986683188053108,False,48.10947632679017,0.0013316811946892,903.1718049081696,64428.90310326153,False,
whole,2025-09-19,2025-09-22,PRM,whole,21.89,21.87,36278.32068752679,29306.2771881697,29306.2771881697,1338.0,29291.32206,0.80740567658279,True,14.95512816970222,0.0005103046038116,906.95801718817,28399.31917098153,False,
whole,2025-11-12,2025-11-13,WDC,whole,166.11,162.45,36630.4895815268,225496.8935381697,36630.4895815268,225.0,36587.80125,0.9988346229598764,False,42.68833152679872,0.0011653770401236,915.76223953817,202707.0272986316,False,
whole,2025-11-19,2025-11-20,BE,whole,108.93,113.1,36203.83332632679,284358.31179816974,36203.83332632679,319.0,36114.9789,0.9975457177275706,False,88.85442632679042,0.0024542822724293,905.0958331581696,256620.92732501155,False,
whole,2025-11-26,2025-11-28,LGND,whole,206.16,206.18000000000004,36424.94651592679,248433.85289816972,36424.94651592679,176.0,36323.96768,0.9972277560961512,False,100.97883592679136,0.0027722439038486,910.6236628981698,247523.2292352716,False,
whole,2025-11-28,2025-12-01,LITE,whole,325.16,314.99,36615.50780872678,212109.88521816971,36615.50780872678,116.0,36575.37884,0.9989040444574356,False,40.12896872678539,0.0010959555425644,915.3876952181696,211194.4975229516,False,
whole,2025-12-01,2025-12-02,SNDK,whole,210.17,211.75,36180.2862551268,175732.42637816977,36180.2862551268,170.0,36033.49749999999,0.9959428525774584,False,146.7887551268068,0.0040571474225416,904.50715637817,174629.99922179157,False,
whole,2025-12-05,2025-12-08,CIEN,whole,201.71,205.0,36504.4173551268,139727.05387816977,36504.4173551268,177.0,36321.285,0.9949832823423744,False,183.13235512679967,0.0050167176576256,912.6104338781698,138814.4434442916,False,
whole,2025-12-08,2025-12-09,ROIV,whole,20.99,20.89,36382.04275512679,103405.76887816977,36382.04275512679,1739.0,36364.03771,0.9995051117594472,False,18.005045126796176,0.0004948882405526,909.5510688781698,102496.2178092916,False,
whole,2025-12-15,2025-12-16,PVLA,whole,88.98,90.01000000000002,36322.96964672679,67041.73116816976,36322.96964672679,403.0,36310.30403,0.9996513055829416,False,12.665616726793814,0.0003486944170583,908.07424116817,66133.65692700159,False,
whole,2025-12-18,2025-12-19,GOOG,whole,303.75,303.18,36535.50555392679,57233.51884816976,36535.50555392679,120.0,36417.98159999999,0.9967832947116788,False,117.52395392680046,0.003216705288321,913.3876388481696,56320.13120932158,False,
whole,2025-12-19,2025-12-22,GOOGL,whole,307.16,309.875,37540.19868992678,20815.537248169763,20815.537248169763,67.0,20782.386625,0.5536035330195673,True,33.150623169764,0.0015925903220527,938.5049672481696,19877.032280921598,False,
whole,2026-01-09,2026-01-12,ENS,whole,158.29,157.31,39548.99322492679,1122.9106231697642,1122.9106231697642,7.0,1102.27117,0.0278710298320632,True,20.63945316976424,0.018380316958355,988.7248306231696,134.18579254659448,False,
whole,2026-03-02,2026-03-03,CGAU,whole,20.65,19.36,48445.52541812679,30637.195453169763,30637.195453169763,1580.0,30619.3888,0.6320375005891294,True,17.806653169765923,0.0005812102872465,1211.1381354531698,29209.137317716595,False,
whole,2026-03-31,2026-04-01,ERAS,whole,16.18,16.38,46453.6192181268,29171.230453169766,29171.230453169766,1779.0,29169.160019999992,0.627920074064279,True,2.070433169774333,7.097517443078436e-05,1161.34048045317,27540.149972716597,False,
whole,2026-04-29,2026-04-30,SU,whole,67.07,66.72,52535.25140732679,18025.57518316977,18025.57518316977,269.0,17965.627679999998,0.3419728125160249,True,59.94750316977661,0.0033256915555043,1313.3812851831697,16712.193897986606,False,
whole,2026-05-29,2026-06-01,KGS,whole,66.85,66.63,59327.4518521268,67164.29630316977,59327.4518521268,889.0,59293.304069999984,0.9994244185269928,False,34.14778212681267,0.0005755814730072,1483.18629630317,65681.1100068666,False,
whole,2026-06-22,2026-06-23,ATEX,whole,77.01999999999998,74.95,64683.07565372679,158372.28134316977,64683.07565372679,862.0,64671.50689999999,0.999821147129912,False,11.568753726794966,0.0001788528700881,1617.0768913431696,156755.2044518266,False,
whole,2026-07-14,2026-07-15,ATEN,whole,37.64,37.65,60217.25417772679,449717.5944431698,60217.25417772679,1597.0,60187.17704999999,0.9995005230952904,False,30.07712772679952,0.0004994769047095,1505.4313544431698,448212.1630887266,False,
whole,2026-07-15,2026-07-16,BAND,whole,70.97,71.215,59418.9378957268,498923.9143931698,59418.9378957268,833.0,59381.417095,0.999368538010682,False,37.5208007268011,0.000631461989318,1485.47344739317,388044.9439457766,False,
whole,2026-07-21,2026-07-22,SYRE,whole,102.7,100.79,59851.9598919268,439542.4972981698,59851.9598919268,593.0,59828.23847,0.9996036650768056,False,23.72142192679894,0.0003963349231943,1496.29899729817,438046.1983008717,False,
fractional,2006-07-05,2006-07-06,MED,fractional,19.49,19.87,4000.0,100000.0,4000.0,201.10739788646185,4000.000000000001,1.0000000000000002,False,0.0,0.0,100.0,99900.0,False,
fractional,2006-07-05,2006-07-06,ACLI,fractional,59.89,59.91,4000.0,96000.0,4000.0,66.70011677522946,4000.000000000001,1.0000000000000002,False,0.0,0.0,100.0,99900.0,False,
fractional,2006-07-05,2006-07-06,FALB,fractional,53.26,52.87,4000.0,92000.0,4000.0,75.58169086445993,4000.0,1.0,False,0.0,0.0,100.0,99900.0,False,
fractional,2006-07-05,2006-07-06,TTI,fractional,30.37,30.4,4000.0,88000.0,4000.0,131.4474998685525,4000.0,1.0,False,0.0,0.0,100.0,99900.0,False,
fractional,2006-07-05,2006-07-06,CHAP1,fractional,71.0,71.5,4000.0,84000.0,4000.0,55.88816777627967,4000.000000000001,1.0000000000000002,False,0.0,0.0,100.0,99900.0,False,
fractional,2006-07-05,2006-07-06,LFCHY,fractional,61.65,62.998235,4000.0,80000.0,4000.0,63.43041191557186,4000.0,1.0,False,0.0,0.0,100.0,99900.0,False,
fractional,2006-07-05,2006-07-06,ADM,fractional,42.21,43.0,4000.0,76000.0,4000.0,92.93032548846504,4000.000000000001,1.0000000000000002,False,0.0,0.0,100.0,99900.0,False,
fractional,2006-07-05,2006-07-06,LVS,fractional,75.06999999999998,74.81999999999998,4000.0,72000.0,4000.0,53.408233039347735,4000.0,1.0,False,0.0,0.0,100.0,99900.0,False,
fractional,2006-07-05,2006-07-06,MNST,fractional,205.35,206.646088,4000.0,68000.0,4000.0,19.337428715340582,4000.0,1.0,False,0.0,0.0,100.0,99900.0,False,
fractional,2006-07-05,2006-07-06,BFH,fractional,58.81,59.55,4000.0,64000.0,4000.0,67.10334166253563,4000.0,1.0,False,0.0,0.0,100.0,99900.0,False,
fractional,2006-07-05,2006-07-06,AVL1,fractional,47.38,47.36,4000.0,60000.0,4000.0,84.37508437508438,4000.0,1.0,False,0.0,0.0,100.0,99900.0,False,
fractional,2006-07-05,2006-07-06,LECO,fractional,60.63,60.63,4000.0,56000.0,4000.0,65.90803226132272,4000.000000000001,1.0000000000000002,False,0.0,0.0,100.0,99900.0,False,
fractional,2006-07-05,2006-07-06,DAKT,fractional,29.03,29.5,4000.0,52000.0,4000.0,135.45776257640668,4000.000000000001,1.0000000000000002,False,0.0,0.0,100.0,99900.0,False,
fractional,2006-07-05,2006-07-06,MTW,fractional,44.87,45.0,4000.0,48000.0,4000.0,88.80008880008882,4000.000000000001,1.0000000000000002,False,0.0,0.0,100.0,99900.0,False,
fractional,2006-07-05,2006-07-06,VOLT2,fractional,47.67,48.4005,4000.0,44000.0,4000.0,82.56121312804613,4000.0,1.0,False,0.0,0.0,100.0,99900.0,False,
fractional,2006-07-05,2006-07-06,EXPD,fractional,53.73,53.42,4000.0,40000.0,4000.0,74.8035192063646,4000.0,1.0,False,0.0,0.0,100.0,99900.0,False,
fractional,2006-07-05,2006-07-06,KEX,fractional,39.46,40.15,4000.0,36000.0,4000.0,99.52687412214188,4000.0,1.0,False,0.0,0.0,100.0,99900.0,False,
fractional,2006-07-05,2006-07-06,OII,fractional,46.05,45.85,4000.0,32000.0,4000.0,87.15384942211551,4000.0,1.0,False,0.0,0.0,100.0,99900.0,False,
fractional,2006-07-05,2006-07-06,FTI1,fractional,69.18,69.6,4000.0,28000.0,4000.0,57.413850517298805,4000.000000000001,1.0000000000000002,False,0.0,0.0,100.0,99900.0,False,
fractional,2006-07-05,2006-07-06,WEBX1,fractional,35.75,35.65,4000.0,24000.0,4000.0,112.08987366070116,4000.0,1.0,False,0.0,0.0,100.0,99900.0,False,
fractional,2006-07-05,2006-07-06,JLL,fractional,86.25,86.31,4000.0,20000.0,4000.0,46.298273618398746,4000.0,1.0,False,4.547473508864641e-13,1.1368683772161603e-16,100.0,99900.0,False,
fractional,2006-07-05,2006-07-06,AGP,fractional,30.67,30.78,4000.0,16000.0,4000.0,129.8246912282,4000.0,1.0,False,0.0,0.0,100.0,99900.0,False,
fractional,2006-07-05,2006-07-06,ATI,fractional,68.61,68.56,4000.0,12000.0,4000.0,58.284772403792246,4000.000000000001,1.0000000000000002,False,0.0,0.0,100.0,99900.0,False,
fractional,2006-07-05,2006-07-06,TEX,fractional,98.96,99.16,4000.0,8000.0,4000.0,40.29854776123434,4000.000000000001,1.0000000000000002,False,0.0,0.0,100.0,99900.0,False,
fractional,2006-07-05,2006-07-06,WCC,fractional,66.6,66.5,4000.0,4000.0,4000.0,60.09028565419543,4000.0,1.0,False,0.0,0.0,100.0,99900.0,False,
fractional,2006-09-07,2006-09-08,CMCSK,fractional,34.86,34.89999900000001,3531.8059602374747,10389.15822597942,3531.8059602374747,101.09678463185398,3531.8059602374747,1.0,False,0.0,0.0,88.29514900593686,10300.863076973485,False,
fractional,2006-09-11,2006-09-12,HCR1,fractional,52.21,52.21000000000001,3442.285657406453,6857.352265741947,3442.285657406453,65.86567344562071,3442.285657406453,1.0,False,0.0,0.0,86.05714143516134,6771.2951243067855,False,
fractional,2006-09-15,2006-09-18,CXW,fractional,43.47,43.35,3488.790589052312,8877.723155249048,3488.790589052312,80.39919916421093,3488.790589052312,1.0,False,4.547473508864641e-13,1.3034526988046904e-16,87.2197647263078,6095.789162547881,False,
fractional,2006-10-03,2006-10-04,CMCSA,fractional,37.07,36.848014,3487.174623257034,9455.600117883316,3487.174623257034,94.5421626339132,3487.1746232570345,1.0000000000000002,False,0.0,0.0,87.17936558142586,9368.42075230189,False,
fractional,2006-10-16,2006-10-17,EPC,fractional,76.62,76.4,3788.166690352475,5968.425494626281,3788.166690352475,49.53379984351349,3788.166690352475,1.0,False,0.0,0.0,94.70416725881188,5873.721327367469,False,
fractional,2006-10-17,2006-10-18,UST1,fractional,55.79,55.79,3762.1841301997024,2180.2588042738057,2180.2588042738057,39.04070126456813,2180.2588042738057,0.5795194304214117,True,0.0,0.0,94.05460325499256,2086.2042010188134,False,
fractional,2006-11-15,2006-11-16,VNO,fractional,115.96,116.36,3898.934204120844,4219.32290534003,3898.934204120844,33.474038887554904,3898.934204120844,1.0000000000000002,False,0.0,0.0,97.47335510302108,4112.556517688162,False,
fractional,2006-12-15,2006-12-18,MA,fractional,96.19,96.0,4022.117029346997,345.74990404799274,345.74990404799274,3.5979635369629626,345.74990404799274,0.085962169058051,True,0.0,0.0,100.55292573367493,245.19697831431785,False,
fractional,2007-01-29,2007-01-30,TSG1,fractional,32.3,32.33,4173.675032121729,20797.17339997332,4173.675032121729,128.96707474776167,4173.67503212173,1.0000000000000002,False,0.0,0.0,104.34187580304322,20664.37859111586,False,
fractional,2007-01-30,2007-01-31,CF,fractional,30.77,30.780000000000005,4188.020796637156,16634.67600140685,4188.020796637156,135.92712669517474,4188.020796637156,1.0,False,0.0,0.0,104.70051991592892,16518.797847935664,False,
fractional,2007-01-31,2007-02-01,MTCH,fractional,38.4,38.36,4180.771644983155,12446.655204769691,4180.771644983155,108.87891162495366,4180.771644983155,1.0,False,0.0,0.0,104.51929112457888,12342.135913645114,False,
fractional,2007-02-01,2007-02-02,HAS,fractional,28.68,28.72,4208.433502110778,8265.883559786538,4208.433502110778,146.3868131210982,4208.433502110778,1.0,False,0.0,0.0,105.21083755276946,8160.672722233769,False,
fractional,2007-02-02,2007-02-05,TRA,fractional,14.67,14.63,4208.012775452476,4057.45005767576,4057.45005767576,277.060605674282,4057.45005767576,0.9642199950876988,True,0.0,0.0,105.20031938631188,3952.249738289448,False,
fractional,2007-02-28,2007-03-01,RYAAY,fractional,44.85,44.7,4179.412215126654,6625.999302080351,4179.412215126654,93.40574895186812,4179.412215126654,1.0,False,0.0,0.0,104.48530537816634,6521.513996702185,False,
fractional,2007-03-29,2007-03-30,MIR2,fractional,40.94,41.21,4203.889283205957,2495.196298330425,2495.196298330425,60.487832922487016,2495.196298330425,0.5935447225735561,True,0.0,0.0,105.09723208014894,2390.0990662502763,False,
fractional,2007-05-14,2007-05-15,GEN1,fractional,25.46,25.7,4515.532929178127,7847.70005290494,4515.532929178127,175.52614425178433,4515.532929178127,1.0,False,0.0,0.0,112.88832322945318,7734.811729675487,False,
fractional,2007-06-05,2007-06-06,TRW,fractional,40.04,40.04,4663.506985597219,7588.2955570852655,4663.506985597219,116.35484858790608,4663.506985597219,1.0,False,0.0,0.0,116.58767463993048,7471.707882445335,False,
fractional,2007-06-21,2007-06-22,NRG,fractional,43.51,43.56,4711.146162028385,6479.784075144863,4711.146162028385,108.04498903365656,4711.146162028386,1.0000000000000002,False,0.0,0.0,117.77865405070963,6362.0054210941535,False,
fractional,2007-07-13,2007-07-16,GLBL1,fractional,28.68,28.97,4978.770195299897,1783.6773747445122,1783.6773747445122,61.508300975673016,1783.6773747445122,0.3582566185578028,True,0.0,0.0,124.4692548824974,1659.2081198620149,False,
fractional,2007-08-23,2007-08-24,TBSIQ,fractional,38.17,38.1,4422.346344828447,12267.83620111956,4422.346344828447,115.95612641501408,4422.346344828448,1.0000000000000002,False,0.0,0.0,110.55865862071118,12157.277542498849,False,
fractional,2007-09-11,2007-09-12,GRMN,fractional,106.88,106.9,4446.924201210949,7849.041859843116,4446.924201210949,41.55735939655246,4446.924201210949,1.0,False,0.0,0.0,111.17310503027372,7737.868754812843,False,
fractional,2007-09-28,2007-10-01,ZNHYY,fractional,77.01,77.98900999999998,4705.508276566629,13050.323854221262,4705.508276566629,60.27525505321241,4705.508276566628,0.9999999999999998,False,9.094947017729282e-13,1.932829884291565e-16,117.63770691416576,12932.686147307097,False,
fractional,2007-10-29,2007-10-30,EDO,fractional,57.65,57.51,4869.909129477678,11316.580808659615,4869.909129477678,84.59475022417469,4869.909129477678,1.0,False,0.0,0.0,121.74772823694197,8253.734178947036,False,
fractional,2007-11-29,2007-11-30,MTL,fractional,82.76999999999998,88.540987,4428.696958064416,36679.42840997206,4428.696958064416,49.968639782376016,4428.696958064415,0.9999999999999998,False,9.094947017729282e-13,2.0536395025105247e-16,110.7174239516104,36568.71098602045,False,
fractional,2007-12-04,2007-12-05,TELFY,fractional,103.11,102.058993,4460.5445225548365,32250.731451907646,4460.5445225548365,43.66188910095082,4460.5445225548365,1.0,False,0.0,0.0,111.5136130638709,32139.21783884377,False,
fractional,2007-12-10,2007-12-11,IHS2,fractional,69.05,69.7,4552.813943229026,27800.678188385493,4552.813943229026,65.25488776974856,4552.813943229026,1.0,False,0.0,0.0,113.82034858072564,27686.85783980477,False,
fractional,2007-12-11,2007-12-12,BIDU,fractional,378.38,391.22,4447.614038969266,27789.8508505542,4447.614038969266,11.357218107717308,4447.614038969266,1.0,False,0.0,0.0,111.19035097423166,23136.673894182237,False,
fractional,2007-12-12,2007-12-13,SIGM,fractional,65.98,66.47,4495.558000061031,23365.66123234367,4495.558000061031,67.56532169592151,4495.558000061031,1.0,False,0.0,0.0,112.38895000152576,23229.847861583406,False,
fractional,2007-12-13,2007-12-14,BMRN,fractional,29.76,35.76,4528.634546343454,18870.10323228264,4528.634546343454,126.51315536654214,4528.634546343454,1.0,False,0.0,0.0,113.21586365858631,18756.88736862405,False,
fractional,2007-12-14,2007-12-17,KUST,fractional,6.1,6.1,4492.813499281952,14341.468685939186,4492.813499281952,735.7910121488271,4492.813499281952,1.0,False,0.0,0.0,112.3203374820488,14229.148348457136,False,
fractional,2007-12-17,2007-12-18,PRGO,fractional,32.12,32.48,4394.024170921916,9848.655186657234,4394.024170921916,135.1488465635939,4394.024170921915,0.9999999999999998,False,9.094947017729282e-13,2.0698445579604215e-16,109.85060427304788,9738.804582384186,False,
fractional,2007-12-20,2007-12-21,ONXX,fractional,56.54,57.3,4524.552869397956,5454.631015735318,4524.552869397956,78.88364461712732,4524.552869397956,1.0,False,0.0,0.0,113.1138217349489,5341.517194000369,False,
fractional,2008-01-14,2008-01-15,CVD,fractional,95.66,96.76,4401.35824725081,22694.384552294912,4401.35824725081,45.44193143824768,4401.358247250811,1.0000000000000002,False,0.0,0.0,110.03395618127024,22584.350596113643,False,
fractional,2008-02-05,2008-02-06,MEE,fractional,38.95,39.72,3972.9330934334903,38661.59275174178,3972.9330934334903,99.9235682100752,3972.9330934334903,1.0,False,0.0,0.0,99.32332733583728,38562.269424405946,False,
fractional,2008-02-06,2008-02-07,ANRZQ,fractional,34.46,34.18,3992.7706192459127,38630.706360592776,3992.7706192459127,116.6992930780721,3992.7706192459127,1.0,False,0.0,0.0,99.8192654811478,34588.84039282714,False,
fractional,2008-02-07,2008-02-08,MOS,fractional,93.75,95.23,4025.142322215303,34637.93574134686,4025.142322215303,42.22536176640018,4025.142322215303,1.0,False,0.0,0.0,100.62855805538256,34537.30718329148,False,
fractional,2008-02-08,2008-02-11,INCY,fractional,11.98,11.949999999999998,4064.785218343253,30612.79341913156,4064.785218343253,339.809581075264,4064.785218343253,1.0,False,4.547473508864641e-13,1.1187487812008243e-16,101.61963045858133,30511.17378867297,False,
fractional,2008-02-11,2008-02-12,AUXL,fractional,33.47,33.92,4110.612133957338,26548.008200788307,4110.612133957338,121.06443479743542,4110.612133957338,1.0,False,0.0,0.0,102.76530334893349,26445.242897439373,False,
fractional,2008-02-12,2008-02-13,GOLD1,fractional,46.39,46.940000000000005,4124.928295680727,22437.396066830966,4124.928295680727,87.78882590951287,4124.928295680727,1.0,False,0.0,0.0,103.12320739201816,22334.27285943895,False,
fractional,2008-02-20,2008-02-21,FRFHF,fractional,307.0,298.33,4223.2601965659005,20894.76070536425,4223.2601965659005,14.142195405793888,4223.2601965659005,1.0,False,0.0,0.0,105.5815049141475,20768.8290454524,False,
fractional,2008-02-21,2008-02-22,CMO,fractional,18.11,18.02,4201.762582852578,16671.500508798345,4201.762582852578,232.9392351739592,4201.762582852579,1.0000000000000002,False,0.0,0.0,105.04406457131444,16566.45644422703,False,
fractional,2008-02-22,2008-02-25,GLDN1,fractional,105.06,105.07,4234.136422906266,12469.737925945768,4234.136422906266,40.257985308745376,4234.1364229062665,1.0000000000000002,False,0.0,0.0,105.85341057265666,12363.88451537311,False,
fractional,2008-02-25,2008-02-26,KGC,fractional,23.87,23.89,4312.771271990493,8235.6015030395,4312.771271990493,180.34586894856892,4312.771271990493,1.0,False,0.0,0.0,107.81928179976232,8127.782221239737,False,
fractional,2008-02-26,2008-02-27,CNX,fractional,81.33,80.67959999999998,4331.673336886233,3922.830231049006,3922.830231049006,48.5737574272713,3922.8302310490058,0.905615434489084,True,4.547473508864641e-13,1.1592328092283002e-16,108.29183342215585,3814.5383976268495,False,
fractional,2008-03-13,2008-03-14,CMP,fractional,60.76,61.16,4085.299253661586,9881.42329387175,4085.299253661586,66.73018370873055,4085.2992536615857,1.0,False,4.547473508864641e-13,1.1131310649492362e-16,102.13248134153964,9779.290812530213,False,
fractional,2008-03-20,2008-03-24,WLTGQ,fractional,54.1,54.22,3779.6077006181135,8529.559886537965,3779.6077006181135,69.63909754240807,3779.607700618114,1.0,False,4.547473508864641e-13,1.2031601872651892e-16,94.49019251545286,5708.847682452655,False,
fractional,2008-04-08,2008-04-09,XEC,fractional,59.11,59.26,4303.031717788855,4750.491880450396,4303.031717788855,72.54021236591379,4303.031717788855,1.0,False,0.0,0.0,107.57579294472136,4642.916087505674,False,
fractional,2008-04-10,2008-04-11,EOG,fractional,129.82,128.35,4392.495003853041,447.4601626615413,447.4601626615413,3.4827670394392625,447.4601626615413,0.1018692479488388,True,0.0,0.0,109.81237509632604,337.64778756521525,False,
fractional,2008-04-30,2008-05-01,HP,fractional,53.75,52.48,4370.771135158819,7166.367443800561,4370.771135158819,83.20130964993122,4370.771135158819,1.0,False,0.0,0.0,109.26927837897048,7057.09816542159,False,
fractional,2008-05-01,2008-05-02,MMR,fractional,27.49,27.5,4327.021479883023,2795.5963086417423,2795.5963086417423,101.55649109587658,2795.5963086417423,0.6460786759758167,True,0.0,0.0,108.17553699707555,2687.4207716446667,False,
fractional,2008-05-30,2008-06-02,JRCCQ,fractional,38.09,38.27,4812.964989593227,3871.081179646205,3871.081179646205,101.05079607213288,3871.081179646205,0.8043027921492057,True,0.0,0.0,120.32412473983068,3750.757054906375,False,
fractional,2008-06-04,2008-06-05,UNTCQ,fractional,76.04,76.76,4797.577138331621,3696.252184408199,3696.252184408199,48.1052582697162,3696.252184408199,0.7704414286277816,True,0.0,0.0,119.93942845829052,3576.3127559499085,False,
fractional,2008-06-27,2008-06-30,EAC1,fractional,75.98,77.34999999999998,5128.799658838415,3320.1347315839803,3320.1347315839803,42.88064529631947,3320.1347315839803,0.6473512229830272,True,0.0,0.0,128.21999147096037,3191.91474011302,False,
fractional,2008-07-07,2008-07-08,XCOOQ,fractional,33.91,33.64,4635.7030744336935,9776.016223639828,4635.7030744336935,137.66563621971648,4635.703074433693,0.9999999999999998,False,9.094947017729282e-13,1.9619347640897683e-16,115.89257686084234,5853.174036737948,False,
fractional,2008-07-15,2008-07-16,CPX,fractional,36.68,36.45,4794.357267234852,9381.160077375964,4794.357267234852,131.4010342808043,4794.357267234853,1.0000000000000002,False,0.0,0.0,119.8589316808713,9260.88321365036,False,
fractional,2008-08-05,2008-08-06,SPSX,fractional,45.02,44.98,4260.34420550952,42962.225609676,4260.34420550952,94.62179007096772,4260.344205509519,0.9999999999999998,False,9.094947017729282e-13,2.134791598755707e-16,106.508605137738,42853.605736449936,False,
fractional,2008-08-06,2008-08-07,DRS1,fractional,78.75,78.79999999999998,4298.828147236518,38708.84531392071,4298.828147236518,54.49915753328549,4298.828147236519,1.0000000000000002,False,0.0,0.0,107.47070368091292,38594.41070048556,False,
fractional,2008-08-07,2008-08-08,IPHS,fractional,36.83,36.83,4253.068428223876,34410.01716668419,4253.068428223876,115.363008650971,4253.068428223877,1.0000000000000002,False,0.0,0.0,106.3267107055969,34303.6904559786,False,
fractional,2008-08-21,2008-08-22,FSYS,fractional,56.08,57.44,4319.782702880122,42123.51515585367,4319.782702880122,75.1300006205515,4319.782702880122,1.0,False,0.0,0.0,107.99456757200306,42015.52058828167,False,
fractional,2008-08-22,2008-08-25,BUD1,fractional,67.79,67.68,4306.055992427378,37803.73245297355,4306.055992427378,63.560198554804806,4306.055992427378,1.0,False,0.0,0.0,107.65139981068448,37696.08105316287,False,
fractional,2008-08-25,2008-08-26,MYGN,fractional,65.11,64.99,4285.202388043178,33497.67646054617,4285.202388043178,65.87046417258966,4285.202388043178,1.0,False,0.0,0.0,107.13005970107945,33390.546400845094,False,
fractional,2008-08-26,2008-08-27,SQNM,fractional,22.61,21.89,4318.107060167352,29212.474072502995,4318.107060167352,197.066846363657,4318.107060167351,0.9999999999999998,False,9.094947017729282e-13,2.1062347206780002e-16,107.9526765041838,29104.52139599881,False,
fractional,2008-08-27,2008-08-28,IKN,fractional,17.02,17.09,4367.808054761006,24916.721623878067,4367.808054761006,255.3215102487335,4367.808054761006,1.0,False,0.0,0.0,109.19520136902516,24785.171810966614,False,
fractional,2008-08-28,2008-08-29,WAB,fractional,59.69,60.03,4373.075882213791,20548.91356911706,4373.075882213791,72.77539855137019,4373.075882213791,1.0,False,0.0,0.0,109.32689705534476,20439.58667206172,False,
fractional,2008-08-29,2008-09-02,SYNA,fractional,52.34,35.71,4360.276093210389,16175.837686903267,4360.276093210389,121.98040249334508,4360.276093210389,1.0,False,0.0,0.0,109.00690233025972,16066.830784573009,False,
fractional,2008-09-04,2008-09-05,THOR1,fractional,26.21,26.12,3924.080479903111,21704.894092050574,3924.080479903111,150.08270748788388,3924.08047990311,0.9999999999999998,False,9.094947017729282e-13,2.317726933560202e-16,98.10201199757776,15693.267949927604,False,
fractional,2008-09-05,2008-09-08,OCR,fractional,30.76,31.28,3991.859939613717,20901.092794417327,3991.859939613717,127.48951622590064,3991.859939613717,1.0,False,0.0,0.0,99.79649849034293,17681.01711365712,False,
fractional,2008-09-08,2008-09-09,UTHR,fractional,109.45,109.01,3849.863596765583,19632.63171596228,3849.863596765583,35.28132812756992,3849.863596765583,1.0000000000000002,False,0.0,0.0,96.24658991913958,16812.98626488447,False,
fractional,2008-09-09,2008-09-10,GCO,fractional,35.26,35.18,3683.141905583581,37710.50104662641,3683.141905583581,104.58960895794316,3683.14190558358,1.0,False,4.547473508864641e-13,1.2346723600224984e-16,92.07854763958952,15690.689571557108,False,
fractional,2008-09-10,2008-09-11,PLCE,fractional,41.03,40.8,3731.74251843792,34027.35914104283,3731.74251843792,91.37290450818593,3731.742518437919,1.0,False,4.547473508864641e-13,1.2185925171408077e-16,93.29356296094798,33934.06557808188,False,
fractional,2008-09-11,2008-09-12,VAR,fractional,63.96,63.5,3773.536360211072,30321.847239127583,3773.536360211072,59.36640304909378,3773.536360211072,1.0000000000000002,False,0.0,0.0,94.3384090052768,30201.278213599635,False,
fractional,2008-09-22,2008-09-23,GAS1,fractional,47.92,47.79,3668.33833000954,29814.42915641986,3668.33833000954,76.68285533277229,3668.3383300095406,1.0000000000000002,False,0.0,0.0,91.70845825023852,29722.72069816962,False,
fractional,2008-10-03,2008-10-06,LDG,fractional,73.79999999999998,72.81,3512.7122195100837,29019.82327585275,3512.7122195100837,48.19671771039129,3512.7122195100837,1.0,False,0.0,0.0,87.81780548775208,28932.005470364995,False,
fractional,2008-10-06,2008-10-07,VRX1,fractional,18.67,18.9,3434.282216310983,25507.111056342663,3434.282216310983,181.5265272458221,3434.282216310983,1.0,False,0.0,0.0,85.85705540777458,25421.25400093489,False,
fractional,2008-10-07,2008-10-08,UB,fractional,73.5,73.75,3339.4756222024257,27343.04131569956,3339.4756222024257,45.23578959619941,3339.4756222024257,1.0,False,0.0,0.0,83.48689055506064,21989.34194947662,False,
fractional,2008-10-08,2008-10-09,IMCL,fractional,66.85,66.98,3328.430858694753,27651.56270795258,3328.430858694753,49.64326295822352,3328.430858694753,1.0,False,0.0,0.0,83.21077146736883,23920.354922029765,False,
fractional,2008-10-10,2008-10-13,PB,fractional,33.74,33.5,3203.4355564377997,29543.61243794048,3203.4355564377997,95.52941257064724,3203.4355564377997,1.0,False,0.0,0.0,80.08588891094499,27038.461820572767,False,
fractional,2008-10-13,2008-10-14,BWLD,fractional,38.16,39.94,3334.080259169344,26340.17688150268,3334.080259169344,83.39382848421846,3334.080259169344,1.0,False,0.0,0.0,83.35200647923361,26256.82487502345,False,
fractional,2008-10-14,2008-10-15,FDRY,fractional,17.1,16.83,3327.362682612631,23006.096622333334,3327.362682612631,197.50675246397284,3327.362682612631,1.0,False,0.0,0.0,83.18406706531577,22922.912555268023,False,
fractional,2008-10-17,2008-10-20,ATML,fractional,3.91,3.86,3298.994698522874,22207.23236514258,3298.994698522874,853.8080309645987,3298.9946985228744,1.0000000000000002,False,0.0,0.0,82.47486746307185,22124.757497679508,False,
fractional,2008-11-17,2008-11-18,BRL,fractional,64.81,64.59,3180.7247127233404,48849.96989186287,3180.7247127233404,49.19565204455461,3180.72471272334,1.0,False,4.547473508864641e-13,1.4296972921529852e-16,79.51811781808351,48770.45177404479,False,
fractional,2008-12-09,2008-12-10,APOL,fractional,72.92,73.67,3121.1955621942384,55950.71419029364,3121.1955621942384,42.32492852870271,3121.1955621942384,1.0,False,0.0,0.0,78.02988905485596,55872.684301238776,False,
fractional,2008-12-10,2008-12-11,THOR1,fractional,29.24,29.21,3115.675833419868,52842.65392232786,3115.675833419868,106.55814002566648,3115.675833419868,1.0,False,0.0,0.0,77.8918958354967,52751.626732263896,False,
fractional,2008-12-11,2008-12-12,DAL,fractional,9.97,9.48,3102.545737349125,49751.57373070467,3102.545737349125,326.9458112930451,3102.5457373491254,1.0000000000000002,False,0.0,0.0,77.56364343372813,49649.41444547426,False,
fractional,2008-12-12,2008-12-15,AMGN,fractional,58.13,57.78,3138.250772445653,46649.02799335555,3138.250772445653,54.25953023172144,3138.250772445653,1.0,False,0.0,0.0,78.45626931114133,46570.57172404441,False,
fractional,2008-12-15,2008-12-16,ALO1,fractional,34.61,35.0,3123.15713327314,43510.7772209099,3123.15713327314,89.14391703362752,3123.15713327314,1.0,False,0.0,0.0,78.0789283318285,43432.69829257807,False,
fractional,2008-12-16,2008-12-17,LCC,fractional,7.15,6.87,3179.7558195093343,40387.62008763676,3179.7558195093343,462.3841688892381,3179.7558195093347,1.0000000000000002,False,0.0,0.0,79.49389548773337,40308.12619214902,False,
fractional,2008-12-17,2008-12-18,CBST,fractional,24.42,23.76,3199.928790860497,37256.84594273849,3199.928790860497,134.54259506741144,3199.928790860497,1.0,False,0.0,0.0,79.99821977151242,37127.86604835591,False,
fractional,2008-12-18,2008-12-19,CRI,fractional,19.74,20.11,3205.556529061544,34056.91715187799,3205.556529061544,159.24187841306104,3205.556529061544,1.0,False,4.547473508864641e-13,1.418622154261605e-16,80.1389132265386,33976.77823865145,False,
fractional,2009-01-20,2009-01-21,ALK,fractional,28.2,28.588,3170.0110331832693,48280.43570223037,3170.0110331832693,110.77529694257296,3170.0110331832693,1.0,False,0.0,0.0,79.25027582958174,48201.18542640079,False,
fractional,2009-01-21,2009-01-22,JBLU,fractional,6.34,6.38,3164.245863284105,45110.4246690471,3164.245863284105,495.46783362156737,3164.245863284105,1.0,False,0.0,0.0,79.10614658210262,45031.31852246499,False,
fractional,2009-01-22,2009-01-23,IDCC,fractional,30.98,30.38,3177.698161376168,41946.17880576299,3177.698161376168,104.49386562667644,3177.698161376168,1.0,False,0.0,0.0,79.44245403440421,41866.736351728585,False,
fractional,2009-01-23,2009-01-26,SMG,fractional,33.33,33.54,3167.588838463725,38768.48064438682,3167.588838463725,94.34777620899452,3167.5888384637256,1.0000000000000002,False,0.0,0.0,79.18972096159312,38689.29092342523,False,
fractional,2009-01-26,2009-01-27,MNST,fractional,33.86,34.22993799999999,3167.443222635552,35600.89180592309,3167.443222635552,92.4418543700506,3167.443222635552,1.0,False,0.0,0.0,79.1860805658888,35521.705725357206,False,
fractional,2009-01-27,2009-01-28,RGLD,fractional,46.75,47.0,3113.289210288571,35157.44992140535,3113.289210288571,66.17402194164498,3113.2892102885708,1.0,False,4.547473508864641e-13,1.4606652969587542e-16,77.83223025721428,32355.616353030324,False,
fractional,2009-01-28,2009-01-29,FRFHF,fractional,326.93,322.5,3163.87771933262,32044.16071111678,3163.87771933262,9.800672875442755,3163.877719332619,1.0,False,4.547473508864641e-13,1.4373101340414236e-16,79.09694298331549,31965.063768133463,False,
fractional,2009-01-29,2009-01-30,ORLY,fractional,30.55,30.764999999999997,3140.032197694421,31924.34755309126,3140.032197694421,101.96311725636374,3140.032197694421,1.0,False,0.0,0.0,78.50080494236055,28801.7821868418,False,
fractional,2009-01-30,2009-02-02,DLTR,fractional,42.71,42.868998,3091.779361009662,28784.31535539684,3091.779361009662,72.04951863673891,3091.779361009662,1.0,False,0.0,0.0,77.29448402524154,28707.020871371595,False,
fractional,2009-02-02,2009-02-03,AVAV,fractional,37.18,37.92,3101.273131876281,25692.535994387174,3101.273131876281,81.70292607909711,3101.2731318762817,1.0000000000000002,False,0.0,0.0,77.53182829690702,25615.004166090268,False,
fractional,2009-02-03,2009-02-04,ATHN1,fractional,37.58,37.1,3141.494775753759,22603.056334537017,3141.494775753759,84.59181723273382,3141.494775753759,1.0,False,0.0,0.0,78.53736939384397,22512.725493117046,False,
fractional,2009-02-04,2009-02-05,GMCR,fractional,40.72,40.39347399999999,3114.151664646909,19461.561558783254,3114.151664646909,77.01839718026945,3114.151664646909,1.0,False,4.547473508864641e-13,1.4602607703694626e-16,77.85379161617273,19383.707767167085,False,
fractional,2009-02-06,2009-02-09,FNF,fractional,19.07,19.17,3159.023187945066,16347.409894136348,3159.023187945066,164.62531667315815,3159.023187945066,1.0,False,0.0,0.0,78.97557969862665,16268.434314437722,False,
fractional,2009-02-12,2009-02-13,ESINQ,fractional,123.06,123.5,3085.676934160527,13188.386706191282,3085.676934160527,24.96027805522839,3085.6769341605263,1.0,False,4.547473508864641e-13,1.4737361058512121e-16,77.14192335401317,13111.24478283727,False,
fractional,2009-02-13,2009-02-17,WTRG,fractional,20.73,20.1,3096.736363216612,10102.709772030756,3096.736363216612,153.91257315901075,3096.736363216612,1.0,False,0.0,0.0,77.4184090804153,10025.29136295034,False,
fractional,2009-02-19,2009-02-20,MBOT,fractional,2.14,2.05,2947.961902498221,11598.930778373153,2947.961902498221,1436.5936027378582,2947.9619024982217,1.0000000000000002,False,0.0,0.0,73.69904756245553,9297.856084764942,False,
fractional,2009-02-27,2009-03-02,COCOQ,fractional,19.7,19.46,2738.874123128974,10915.76251701036,2738.874123128974,140.60318525918964,2738.874123128974,1.0,False,0.0,0.0,68.47185307822434,8582.497022796706,False,
fractional,2009-03-03,2009-03-04,PRDO,fractional,23.46,23.760000000000005,2650.6328935523406,18101.1039793113,2650.6328935523406,111.44717628971787,2650.632893552341,1.0000000000000002,False,0.0,0.0,66.26582233880852,12679.01004592855,False,
fractional,2009-03-20,2009-03-23,CVTX,fractional,19.89,19.87,2746.431421431205,19325.223737489687,2746.431421431205,138.08191915941154,2746.431421431205,1.0,False,0.0,0.0,68.66078553578012,19256.562951953907,False,
fractional,2009-03-23,2009-03-24,AU,fractional,37.53,36.09,2808.5907681673107,16578.792316058483,2808.5907681673107,77.74411147642357,2808.5907681673107,1.0,False,0.0,0.0,70.21476920418277,16508.5775468543,False,
fractional,2009-03-31,2009-04-01,SNDA1,fractional,39.53,38.86,2866.3345060688557,13770.201547891173,2866.3345060688557,73.68685113314004,2866.3345060688557,1.0,False,0.0,0.0,71.65836265172139,13698.54318523945,False,
fractional,2009-04-01,2009-04-02,AZO,fractional,166.82,165.84,2847.0402129980757,10909.16096357765,2847.0402129980757,17.15024129872826,2847.040212998076,1.0000000000000002,False,0.0,0.0,71.17600532495189,10832.691036497365,False,
fractional,2009-04-02,2009-04-03,BKNG,fractional,86.09999999999998,86.05485500000002,2848.641574712905,8062.120750579574,2848.641574712905,33.069555214914615,2848.6415747129054,1.0000000000000002,False,0.0,0.0,71.21603936782263,7990.904711211751,False,
fractional,2009-04-03,2009-04-06,IAG,fractional,7.98,7.79,2828.54551385954,5213.479175866669,2828.54551385954,362.7368156695089,2828.54551385954,1.0,False,0.0,0.0,70.7136378464885,5142.76553802018,False,
fractional,2009-04-06,2009-04-07,ADM,fractional,28.71,26.61,2810.2457942187566,2384.933662007129,2384.933662007129,89.5359305109445,2384.9336620071285,0.8486566075157621,True,4.547473508864641e-13,1.9067505236340815e-16,70.25614485546892,2314.67751715166,False,
fractional,2009-04-13,2009-04-14,NFLX,fractional,49.42,48.639824,2847.547940961351,2607.4835988155314,2607.4835988155314,53.55444378448895,2607.483598815532,0.9156943633178054,True,0.0,0.0,71.18869852403377,2536.294900291497,False,
fractional,2009-05-01,2009-05-04,AN,fractional,17.43,17.68,2800.655026863013,2763.0192023798245,2763.0192023798245,156.12324340703557,2763.0192023798245,0.9865617778261878,True,0.0,0.0,70.01637567157535,2693.0028267082494,False,
fractional,2009-05-12,2009-05-13,TIVO,fractional,21.09,20.86,2864.8561588546067,6846.507168507967,2864.8561588546067,137.2001037722875,2864.8561588546067,1.0,False,0.0,0.0,71.62140397136517,6774.885764536602,False,
fractional,2009-06-02,2009-06-03,IQNT,fractional,31.62,31.25,3005.840041611081,4026.757709327484,3005.840041611081,96.0907905410136,3005.840041611081,1.0,False,0.0,0.0,75.14600104027703,3951.6117082872074,False,
fractional,2009-06-09,2009-06-10,PALM,fractional,12.7,12.840000000000002,2999.989226067946,3800.563949288795,2999.989226067946,233.41061011169097,2999.989226067946,1.0,False,0.0,0.0,74.99973065169866,3725.564218637096,False,
fractional,2009-06-10,2009-06-11,STRZA,fractional,14.8,14.93,2956.35093086181,800.5747232208487,800.5747232208487,53.56831535650209,800.5747232208487,0.2707982719045712,True,0.0,0.0,73.90877327154524,726.6659499493035,False,
fractional,2009-07-09,2009-07-10,STEC1,fractional,23.67,23.640000000000004,2812.785195262342,2779.462331676899,2779.462331676899,117.45709162567124,2779.462331676899,0.9881530720363682,True,0.0,0.0,70.31962988155855,2709.14270179534,False,
fractional,2009-07-21,2009-07-22,BIDU,fractional,332.08,330.00000000000006,3118.7074038739947,2774.546377189949,2774.546377189949,8.399316977537458,2774.5463771899485,0.8896462597752721,True,4.547473508864641e-13,1.6389971154384907e-16,77.96768509684986,2696.578692093099,False,
fractional,2009-08-19,2009-08-20,ASH,fractional,32.87,32.89,3078.7885720485706,9923.177360114523,3078.7885720485706,93.51513709909948,3078.788572048571,1.0000000000000002,False,0.0,0.0,76.96971430121427,7543.658132320862,False,
fractional,2009-09-04,2009-09-08,DTGF,fractional,21.22,21.83,3219.649413123375,6844.388788065954,3219.649413123375,147.34003573720716,3219.649413123375,1.0,False,0.0,0.0,80.49123532808437,6763.89755273787,False,
fractional,2009-09-08,2009-09-09,PWRD1,fractional,36.84,36.805,3252.490217989949,3624.739374942579,3252.490217989949,88.2825968486058,3252.490217989949,1.0,False,0.0,0.0,81.31225544974873,3543.4271194928306,False,
fractional,2009-09-11,2009-09-14,FUQI,fractional,30.35,30.99,3310.825212370739,372.2491569526301,372.2491569526301,11.99991221919836,372.2491569526301,0.1124339501710144,True,0.0,0.0,82.77063030926847,289.4785266433616,False,
fractional,2009-09-21,2009-09-22,CAR,fractional,13.76,13.999999999999998,3401.58886025669,5729.457426381949,3401.58886025669,242.72790497050744,3401.5888602566906,1.0000000000000002,False,0.0,0.0,85.03972150641725,2090.200174839292,False,
fractional,2009-10-19,2009-10-20,JNY,fractional,19.4,19.45,3431.436785875592,7255.344327266416,3431.436785875592,176.2472378970948,3431.436785875592,1.0,False,4.547473508864641e-13,1.3252388992222896e-16,85.78591964688981,7169.558407619526,False,
fractional,2009-10-21,2009-10-22,VECO,fractional,25.41,25.420000000000005,3357.1957644152512,3823.907541390825,3357.1957644152512,131.93713306423123,3357.1957644152512,1.0,False,0.0,0.0,83.92989411038128,3739.9776472804433,False,
fractional,2009-10-22,2009-10-23,SAN,fractional,17.52,17.46,3389.293155223135,466.7117769755732,466.7117769755732,26.70363868523076,466.7117769755732,0.1377018025886424,True,5.684341886080803e-14,1.2179555276956956e-16,84.73232888057836,381.9794480949949,False,
fractional,2009-11-02,2009-11-03,MCK,fractional,59.54,59.45,3034.797340361659,10896.005658316952,3034.797340361659,50.99689780970348,3034.797340361659,1.0,False,0.0,0.0,75.86993350904147,10820.13572480791,False,
fractional,2009-11-27,2009-11-30,MATV,fractional,61.15,60.82,3256.463513576596,7907.482445167401,3256.463513576596,53.489153292885945,3256.463513576596,1.0,False,0.0,0.0,81.4115878394149,7812.93759430839,False,
fractional,2009-11-30,2009-12-01,TUPBQ,fractional,46.55,46.91,3265.3000736725376,4651.018931590805,3265.3000736725376,69.53822288716479,3265.300073672537,1.0,False,4.547473508864641e-13,1.3926663419175506e-16,81.63250184181345,4569.386429748991,False,
fractional,2009-12-01,2009-12-02,CTSH,fractional,45.14,45.35,3311.4675384065363,1385.7188579182675,1385.7188579182675,30.525568321827407,1385.7188579182678,0.4184606498015287,True,0.0,0.0,82.7866884601634,1302.9321694581042,False,
fractional,2010-01-26,2010-01-27,HNT,fractional,24.46,24.39,3309.937026549989,5021.792348902254,3309.937026549989,135.573201974327,3309.937026549989,1.0000000000000002,False,0.0,0.0,82.74842566374971,4939.043923238504,False,
fractional,2010-01-27,2010-01-28,SKX,fractional,28.72,28.689,3313.8672347513907,1716.615780020681,1716.615780020681,59.77555436374708,1716.615780020681,0.5180098230910156,True,0.0,0.0,82.84668086878477,1629.0086414834802,False,
fractional,2010-02-25,2010-02-26,PRGO,fractional,49.65,49.79,3423.642260545708,2545.286785043193,2545.286785043193,51.06937218321332,2545.2867850431926,0.7434441426241448,True,4.547473508864641e-13,1.7866251990097342e-16,85.59105651364268,2453.5761007923857,False,
fractional,2010-03-16,2010-03-17,EL,fractional,63.44,63.47,3696.930026233897,2776.7287845179576,2776.7287845179576,43.7049760467665,2776.7287845179576,0.7510904357977913,True,0.0,0.0,92.4232506558474,2666.920978140319,False,
fractional,2010-04-19,2010-04-20,EW,fractional,103.6,103.59402,3889.84945022282,372.1432438993101,372.1432438993101,3.5887348751103905,372.1432438993101,0.0956703462849938,True,5.684341886080803e-14,1.527460723596745e-16,97.2462362555705,274.8970076437396,False,
fractional,2010-05-20,2010-05-21,DTGF,fractional,44.71,43.81,3535.801654710974,6054.70503293266,3535.801654710974,80.62701176274021,3535.801654710974,1.0,False,0.0,0.0,88.39504136777435,5966.309991564886,False,
fractional,2010-06-21,2010-06-22,APKT,fractional,29.23,29.42,3696.700011104864,18122.10571659541,3696.700011104864,125.5270905540708,3696.700011104864,1.0,False,4.547473508864641e-13,1.2301440460962638e-16,92.4175002776216,18029.68821631779,False,
fractional,2010-06-24,2010-06-25,TSN,fractional,17.87,17.87,3583.211661642603,14425.405705490548,3583.211661642603,200.31516673827588,3583.211661642603,1.0,False,0.0,0.0,89.58029154106508,14335.825413949482,False,
fractional,2010-06-25,2010-06-28,VCI,fractional,34.69,34.66,3604.5037615064734,13562.125906088995,3604.5037615064734,103.8921771104393,3604.5037615064734,1.0,False,0.0,0.0,90.11259403766184,10752.081449810285,False,
fractional,2010-07-08,2010-07-09,NFLX,fractional,116.98,116.203955,3516.6475956070853,16802.70273057476,3516.6475956070853,30.232486158891408,3516.6475956070853,1.0,False,0.0,0.0,87.91618989017714,16714.786540684585,False,
fractional,2010-07-28,2010-07-29,CRUS,fractional,19.17,19.5,3602.200531194936,13286.055134967675,3602.200531194936,184.5436886802908,3602.200531194936,1.0,False,0.0,0.0,90.05501327987338,13196.000121687804,False,
fractional,2010-07-30,2010-08-02,VRX1,fractional,56.32,56.83,3616.3017604346655,9683.85460377274,3616.3017604346655,63.57010507413871,3616.301760434666,1.0000000000000002,False,0.0,0.0,90.40754401086664,9593.447059761873,False,
fractional,2010-08-05,2010-08-06,AZO,fractional,205.85,205.25000000000003,3652.088545673735,6067.552843338073,3652.088545673735,17.77559125733577,3652.088545673735,1.0,False,4.547473508864641e-13,1.2451706611143312e-16,91.30221364184338,5976.25062969623,False,
fractional,2010-09-09,2010-09-10,LTMAY,fractional,29.43,29.62,3734.664749375808,10514.757198068972,3734.664749375808,125.95995325996786,3734.664749375808,1.0,False,4.547473508864641e-13,1.2176390155567995e-16,93.3666187343952,10421.390579334577,False,
fractional,2010-09-10,2010-09-13,ISLN,fractional,22.94,23.17,3738.5788892736814,6780.092448693164,3738.5788892736814,161.19309647080078,3738.5788892736814,1.0,False,0.0,0.0,93.46447223184204,6686.627976461322,False,
fractional,2010-10-11,2010-10-12,BHC,fractional,27.16,27.06,3917.168070713108,7062.322705358754,3917.168070713108,144.6139991092835,3917.168070713108,1.0,False,0.0,0.0,97.9292017678277,6964.393503590926,False,
fractional,2010-11-09,2010-11-10,ENDPQ,fractional,36.35,36.29,4066.346903729781,5575.008165635072,4066.346903729781,111.93950452220088,4066.346903729781,1.0,False,0.0,0.0,101.65867259324452,5473.349493041827,False,
fractional,2010-11-22,2010-11-23,LYB,fractional,29.68,29.25,4195.536407540193,1666.705650591217,1666.705650591217,56.92446529850378,1666.705650591217,0.3972568674641514,True,0.0,0.0,104.88841018850484,1561.8172404027118,False,
fractional,2011-01-14,2011-01-18,ALXN,fractional,82.37,82.65999999999998,4487.796346866587,12446.750652346143,4487.796346866587,54.23799944148023,4487.796346866587,1.0,False,0.0,0.0,112.19490867166466,12334.555743674478,False,
fractional,2011-01-18,2011-01-19,ATML,fractional,13.87,13.91,4505.451644346567,7958.954305479557,4505.451644346567,323.57661349050426,4505.451644346566,0.9999999999999998,False,9.094947017729282e-13,2.018653785606956e-16,112.63629110866418,7846.318014370892,False,
fractional,2011-02-03,2011-02-04,FOSL,fractional,74.15,74.22,4629.43470475715,3453.5026611329904,3453.5026611329904,46.48413646624179,3453.50266113299,0.7459879837130466,True,4.547473508864641e-13,1.3167713927206738e-16,115.73586761892876,3337.7667935140616,False,
fractional,2011-04-01,2011-04-04,SM,fractional,76.26,76.5,5047.439309592877,7173.179630535433,5047.439309592877,65.91368513307448,5047.439309592877,1.0,False,0.0,0.0,126.18598273982192,7046.993647795611,False,
fractional,2011-04-18,2011-04-19,JAZZ,fractional,34.21,34.44,4996.726592007357,2125.740320942556,2125.740320942556,61.66134449007891,2125.740320942556,0.4254265831440204,True,0.0,0.0,124.91816480018392,2000.822156142372,False,
fractional,2011-06-02,2011-06-03,GPRO1,fractional,82.25,81.47,5148.232062657121,6552.739829807689,5148.232062657121,63.12862371036501,5148.232062657121,1.0,False,0.0,0.0,128.70580156642802,6424.034028241261,False,
fractional,2011-08-26,2011-08-29,DPZ,fractional,26.98,27.4,4600.308383200182,47418.56261772024,4600.308383200182,167.72673980035228,4600.308383200181,0.9999999999999998,False,9.094947017729282e-13,1.977029855420785e-16,115.00770958000456,47303.55490814024,False,
fractional,2011-09-07,2011-09-08,QCOR,fractional,30.76,30.58,4728.254486713449,42838.56034857394,4728.254486713449,154.46471405355436,4728.254486713449,1.0,False,0.0,0.0,118.20636216783625,42720.3539864061,False,
fractional,2011-09-08,2011-09-09,RGLD,fractional,82.34,82.12,4722.660344494952,38110.30586186049,4722.660344494952,57.45180713702947,4722.660344494952,1.0,False,0.0,0.0,118.06650861237382,37992.23935324812,False,
fractional,2011-09-09,2011-09-12,GOLD1,fractional,111.71,109.64,4652.868263267708,33387.64551736554,4652.868263267708,42.39529408267498,4652.868263267708,1.0,False,0.0,0.0,116.32170658169272,33271.32381078385,False,
fractional,2011-09-12,2011-09-13,VRUS1,fractional,77.09,77.48999999999998,4639.2410284226735,28734.777254097837,4639.2410284226735,59.80909048910407,4639.2410284226735,1.0,False,0.0,0.0,115.98102571056684,28618.796228387266,False,
fractional,2011-09-13,2011-09-14,MNST,fractional,88.40999999999998,88.39199999999998,4678.396845103163,24095.53622567516,4678.396845103163,52.87495612703847,4678.396845103163,1.0,False,0.0,0.0,116.9599211275791,23978.576304547583,False,
fractional,2011-09-14,2011-09-15,PSMT,fractional,72.64,73.08,4721.38466108058,19417.139380572,4721.38466108058,64.54116027760665,4721.384661080581,1.0000000000000002,False,0.0,0.0,118.0346165270145,19299.104764044987,False,
fractional,2011-09-15,2011-09-16,MCD,fractional,88.06999999999998,88.26,4738.710423961848,14695.75471949142,4738.710423961848,53.63671479168744,4738.710423961848,1.0,False,0.0,0.0,118.4677605990462,14577.286958892371,False,
fractional,2011-09-16,2011-09-19,DMND,fractional,87.29999999999998,86.11,4756.721106628005,9957.044295529571,4756.721106628005,55.18486978853229,4756.721106628005,1.0,False,0.0,0.0,118.91802766570012,9838.12626786387,False,
fractional,2011-09-20,2011-09-21,ELN,fractional,9.98,10.03,4775.097046771806,5200.323188901566,4775.097046771806,475.60585444185,4775.097046771806,1.0,False,0.0,0.0,119.37742616929516,5080.945762732271,False,
fractional,2011-09-21,2011-09-22,CEPH,fractional,81.04999999999998,81.06,4694.50594178992,425.2261421297599,425.2261421297599,5.240579086959918,425.2261421297599,0.0905795300724722,True,0.0,0.0,117.362648544748,307.86349358501184,False,
fractional,2011-09-23,2011-09-26,CROX,fractional,27.58,27.86,4501.440949413816,4342.002049277256,4342.002049277256,155.69506047711286,4342.002049277256,0.9645804750238204,True,9.094947017729282e-13,2.0946436492915e-16,112.5360237353454,4229.466025541911,False,
fractional,2011-09-29,2011-09-30,CEG1,fractional,38.67,38.57,4400.12415092118,13285.583096334469,4400.12415092118,113.96755049257666,4400.12415092118,1.0,False,0.0,0.0,110.0031037730295,4543.8429951434455,False,
fractional,2011-10-27,2011-10-28,SUG,fractional,42.46,42.45,4620.507730592654,15425.160366582391,4620.507730592654,108.7371457892556,4620.507730592654,1.0,False,0.0,0.0,115.51269326481636,15309.647673317577,False,
fractional,2011-10-28,2011-10-31,GR,fractional,122.73,122.72,4635.273718408006,10804.652635989736,4635.273718408006,37.73340185245008,4635.273718408006,1.0,False,0.0,0.0,115.88184296020016,10688.770793029536,False,
fractional,2011-10-31,2011-11-01,VSEA,fractional,62.77,62.71,4601.709756441599,6169.37891758173,4601.709756441599,73.30748913726362,4601.709756441599,1.0,False,0.0,0.0,115.04274391103998,6054.33617367069,False,
fractional,2011-11-23,2011-11-25,NLC,fractional,37.26,37.04,4570.0698965739375,6184.995002322788,4570.0698965739375,123.25875788827636,4570.0698965739375,1.0,False,0.0,0.0,114.25174741434844,6070.743254908439,False,
fractional,2011-11-25,2011-11-28,GNCIQ,fractional,27.35,28.09,4559.762912519565,1614.92510574885,1614.92510574885,57.43367013011376,1614.92510574885,0.354168656733185,True,0.0,0.0,113.99407281298912,1500.931032935861,False,
fractional,2011-12-15,2011-12-16,TJX,fractional,62.29,63.3,4705.535399189511,4849.446192446431,4705.535399189511,74.26278933056693,4705.535399189511,1.0,False,0.0,0.0,117.63838497973776,4731.807807466694,False,
fractional,2011-12-23,2011-12-27,MMI1,fractional,38.76,38.68,4834.854552642788,143.91079325692044,143.91079325692044,3.716831081455268,143.91079325692044,0.0297652787048696,True,0.0,0.0,120.8713638160697,23.03942944085074,False,
fractional,2012-01-31,2012-02-01,DG,fractional,42.61,42.79,4935.688406847429,8200.668895363138,4935.688406847429,115.23154122921784,4935.688406847428,0.9999999999999998,False,9.094947017729282e-13,1.842690678186165e-16,123.39221017118572,8077.276685191952,False,
fractional,2012-03-01,2012-03-02,PAA,fractional,84.15999999999998,84.19,5153.570705543674,7364.482367059787,5153.570705543674,61.15242051621825,5153.570705543674,1.0,False,0.0,0.0,128.83926763859185,3232.3868151611973,False,
fractional,2012-04-10,2012-04-11,PIRRQ,fractional,17.75,17.97,5114.862113754077,21818.9719496613,5114.862113754077,284.3490462655918,5114.862113754078,1.0000000000000002,False,0.0,0.0,127.87155284385192,21691.10039681745,False,
fractional,2012-04-11,2012-04-12,VAL1,fractional,49.03,49.120000000000005,5176.590283079383,16704.10983590722,5176.590283079383,105.28132866887556,5176.590283079383,1.0,False,0.0,0.0,129.41475707698456,16574.695078830235,False,
fractional,2012-04-25,2012-04-26,AAPL,fractional,610.0,614.2801730000001,5255.729673143348,11538.893514678462,5255.729673143348,8.547368814310403,5255.729673143349,1.0000000000000002,False,0.0,0.0,131.3932418285837,11407.500272849878,False,
fractional,2012-05-07,2012-05-08,HD,fractional,51.39,51.22,5273.654683022846,6347.068120974562,5273.654683022846,102.85799095521516,5273.654683022846,1.0,False,0.0,0.0,131.84136707557116,6215.226753898991,False,
fractional,2012-05-08,2012-05-09,EC,fractional,63.85,62.94,5215.924897310747,1090.493879497746,1090.493879497746,17.308618923144635,1090.493879497746,0.2090700884247754,True,0.0,0.0,130.39812243276867,943.0153155189467,False,
fractional,2012-06-05,2012-06-06,SHW,fractional,128.28,126.609983,5141.132245425953,5071.781547998989,5071.781547998989,40.01828855127343,5071.781547998989,0.9865106178724218,True,0.0,0.0,128.52830613564885,4943.25324186334,False,
fractional,2012-08-08,2012-08-09,SBAC,fractional,60.05,60.01,5339.116371723931,10996.77969742388,5339.116371723931,88.88156289176464,5339.116371723931,1.0,False,0.0,0.0,133.47790929309826,10863.301788130782,False,
fractional,2012-08-09,2012-08-10,PCYC,fractional,57.16,57.0,5300.458412843041,5680.313096290517,5300.458412843041,92.89760087006049,5300.458412843041,1.0,False,0.0,0.0,132.51146032107602,5525.151865378874,False,
fractional,2012-08-24,2012-08-27,ELLI,fractional,25.64,24.65,5347.39364421593,6025.6620222653055,5347.39364421593,216.7160889502356,5347.39364421593,1.0,False,0.0,0.0,133.68484110539825,5891.977181159908,False,
fractional,2012-09-07,2012-09-10,DK,fractional,26.2,26.5,5391.639533108253,759.9278251171665,759.9278251171665,28.647873828705883,759.9278251171665,0.1409455918650911,True,0.0,0.0,134.79098832770632,625.1368367894602,False,
fractional,2012-10-19,2012-10-22,ONIT,fractional,35.7,35.88,5374.079124027615,8506.163086970397,5374.079124027615,149.62961018991084,5374.079124027615,1.0,False,0.0,0.0,134.3519781006904,8371.811108869706,False,
fractional,2012-11-21,2012-11-23,VMED,fractional,33.72,33.95,5226.342209098635,12639.693647208387,5226.342209098635,153.7885445658505,5226.342209098635,1.0,False,0.0,0.0,130.65855522746588,12509.03509198092,False,
fractional,2012-12-10,2012-12-11,WHR,fractional,99.66,100.1,5182.946001341338,7502.140936317664,5182.946001341338,51.72595637470759,5182.946001341338,1.0,False,0.0,0.0,129.57365003353345,7372.567286284131,False,
fractional,2012-12-11,2012-12-12,HOV,fractional,5.45,5.480000000000001,5185.687502488164,2319.1949349763263,2319.1949349763263,422.7879665911326,2319.1949349763263,0.4472299832690544,True,0.0,0.0,129.6421875622041,2189.552747414122,False,
fractional,2013-02-15,2013-02-19,CVI,fractional,56.11,56.15,5553.468755191452,8734.736374817212,5553.468755191452,98.8053576911326,5553.468755191452,1.0,False,0.0,0.0,138.8367188797863,8595.899655937426,False,
fractional,2013-03-05,2013-03-06,EV1,fractional,39.25,39.48,5727.225512105048,3310.3155286963765,3310.3155286963765,83.7641469142908,3310.3155286963765,0.5779963652033088,True,0.0,0.0,143.18063780262622,3167.1348908937503,False,
fractional,2013-05-17,2013-05-20,OHI,fractional,36.91,36.93,6128.210615965329,8400.602910038084,6128.210615965329,165.77548138201712,6128.210615965329,1.0,False,0.0,0.0,153.20526539913322,8247.39764463895,False,
fractional,2013-05-20,2013-05-21,RDN,fractional,13.62,13.72,6118.455980954854,2272.3922940727543,2272.3922940727543,165.46079970122838,2272.3922940727543,0.3713996310745905,True,0.0,0.0,152.96139952387134,2119.430894548883,False,
fractional,2013-06-21,2013-06-24,LGF.B,fractional,28.3,27.91,5713.129782623009,13393.637633326782,5713.129782623009,204.4938144128537,5713.129782623009,1.0,False,0.0,0.0,142.82824456557523,8476.373452392643,False,
fractional,2013-07-23,2013-07-24,NXST,fractional,35.73,35.67,6141.595559897432,8497.208398791809,6141.595559897432,172.00617044568642,6141.595559897432,1.0,False,9.094947017729282e-13,1.4808769038971322e-16,153.5398889974358,8343.668509794374,False,
fractional,2013-07-24,2013-07-25,CBOE,fractional,49.67,49.5,6118.878047501584,2355.612838894377,2355.612838894377,47.54059756192045,2355.612838894377,0.3849746343377777,True,0.0,0.0,152.9719511875396,2202.640887706837,False,
fractional,2013-08-01,2013-08-02,TW2,fractional,86.29999999999998,85.68,6302.439600517629,166.52139973896266,166.52139973896266,1.9415854889620487,166.52139973896266,0.0264217367073674,True,0.0,0.0,157.56099001294072,8.960409726021936,False,
fractional,2013-12-09,2013-12-10,OA,fractional,120.75,120.1,6804.392298257701,8283.144433025342,6804.392298257701,56.59945631602122,6804.392298257701,1.0,False,0.0,0.0,170.10980745644252,8113.034625568899,False,
fractional,2013-12-10,2013-12-11,CTSH,fractional,94.69,95.08,6809.260692903788,1478.7521347676402,1478.7521347676402,15.537177744086376,1478.75213476764,0.2171677956622675,True,2.273736754432321e-13,1.5376050529182148e-16,170.23151732259467,1308.5206174450454,False,
fractional,2014-04-10,2014-04-11,GLOG,fractional,24.9,24.13,6881.262835362248,17329.958413003267,6881.262835362248,284.88969941630063,6881.262835362249,1.0000000000000002,False,0.0,0.0,172.03157088405618,17157.92684211921,False,
fractional,2014-04-28,2014-04-29,HP,fractional,107.03,107.62,7059.70273863655,10467.123689962162,7059.70273863655,65.53289433700058,7059.702738636551,1.0000000000000002,False,0.0,0.0,176.4925684659137,10272.203009175104,False,
fractional,2014-05-08,2014-05-09,TRGP,fractional,109.32,108.88,7035.099235486725,5638.950680248432,5638.950680248432,51.73877078329856,5638.950680248432,0.801545293320699,True,0.0,0.0,175.87748088716813,5463.073199361264,False,
fractional,2014-06-09,2014-06-10,EXC,fractional,37.08,37.18,7282.130392549367,325.3736276323661,325.3736276323661,8.742565332256936,325.3736276323661,0.0446811043050353,True,0.0,0.0,182.05325981373417,143.32036781863198,False,
fractional,2014-10-30,2014-10-31,MDVN,fractional,102.74,104.37,7759.984562399705,12117.840002183964,7759.984562399705,74.27644275241579,7759.984562399705,1.0,False,0.0,0.0,193.99961405999264,11885.915869139812,False,
fractional,2014-11-12,2014-11-13,CNQR,fractional,128.3,128.36,7875.536081888597,10571.73857509281,7875.536081888597,61.293770750039904,7875.536081888597,1.0,False,0.0,0.0,196.88840204721492,10350.13041171061,False,
fractional,2014-12-18,2014-12-19,LOW,fractional,66.62,66.88,8071.077581389141,16272.430944254516,8071.077581389141,120.55942833167344,8071.07758138914,1.0,False,9.094947017729282e-13,1.1268565970299991e-16,201.7769395347285,16070.654004719789,False,
fractional,2014-12-30,2014-12-31,COST,fractional,143.49,143.49,8086.3594481153295,8201.64460068872,8086.3594481153295,56.298565523370144,8086.35944811533,1.0000000000000002,False,0.0,0.0,202.15898620288328,7999.485614485837,False,
fractional,2015-01-29,2015-01-30,BBWI,fractional,86.37999999999998,85.65999999999998,8158.247044486171,246.51062551514173,246.51062551514173,2.874904986621385,246.51062551514173,0.0302161265981456,True,0.0,0.0,203.95617611215428,42.55444940298744,False,
fractional,2015-02-06,2015-02-09,KR,fractional,71.71,71.55,8257.788189061333,281.4928276168507,281.4928276168507,3.930281146063591,281.4928276168507,0.0340881627346327,True,0.0,0.0,206.44470472653336,75.04812289031736,False,
fractional,2015-07-24,2015-07-27,ADPTQ,fractional,108.9,109.47,8540.805019880489,14052.57632197038,8540.805019880489,77.94165293809588,8540.805019880489,1.0,False,0.0,0.0,213.5201254970122,13839.056196473368,False,
fractional,2015-08-03,2015-08-04,SKX,fractional,148.65,149.18099999999998,8668.747307126798,5532.712338818465,5532.712338818465,37.05019508962134,5532.7123388184655,0.6382366612843683,True,0.0,0.0,216.71868267817,5315.993656140295,False,
fractional,2015-08-21,2015-08-24,TREE,fractional,110.88,100.01,8289.287846772055,6763.076549011204,6763.076549011204,67.5564466431599,6763.076549011204,0.8158814935645919,True,0.0,0.0,207.23219616930135,6555.844352841902,False,
fractional,2015-09-22,2015-09-23,PRE1,fractional,138.5,138.42,8092.717209459331,241.36326099369813,241.36326099369813,1.741960257584477,241.3632609936981,0.0298247491845601,True,2.8421709430404014e-14,1.1775491146991955e-16,202.31793023648325,39.04533075721488,False,
fractional,2015-10-27,2015-10-28,UHAL,fractional,401.21,401.45,8140.617522210161,25793.323580345397,8140.617522210161,20.257778147149057,8140.617522210161,1.0,False,0.0,0.0,203.51543805525404,25589.808142290138,False,
fractional,2015-10-28,2015-10-29,AIZ,fractional,81.4,81.39,8239.235586144068,17674.903557067522,8239.235586144068,101.13041628655247,8239.235586144068,1.0,False,0.0,0.0,205.98088965360168,17446.725168481633,False,
fractional,2015-10-30,2015-11-02,ACGL,fractional,74.89,74.88899999999998,8302.35271821449,9435.667970923454,8302.35271821449,110.75136080806178,8302.35271821449,1.0,False,0.0,0.0,207.55881795536223,9228.109152968093,False,
fractional,2015-11-24,2015-11-25,VRE,fractional,23.78,23.76,8287.73937995929,1199.7458801181542,1199.7458801181542,50.44391131251553,1199.7458801181542,0.1447615356992617,True,0.0,0.0,207.19348449898223,986.1687240962702,False,
fractional,2016-01-26,2016-01-27,SWI1,fractional,59.02,58.99,7524.106156809043,39602.37072369487,7524.106156809043,127.42142002444146,7524.106156809043,1.0,False,0.0,0.0,188.1026539202261,39414.26806977464,False,
fractional,2016-02-04,2016-02-05,TAL,fractional,47.95,48.062111,7482.4356827790625,47427.44050818656,7482.4356827790625,155.52709954951848,7482.4356827790625,1.0,False,0.0,0.0,187.06089206947655,47240.37961611708,False,
fractional,2016-02-19,2016-02-22,HPY,fractional,92.33,92.7,7494.973678119843,47620.97670121332,7494.973678119843,80.77115633147699,7494.973678119843,1.0,False,0.0,0.0,187.37434195299608,47433.60235926032,False,
fractional,2016-02-22,2016-02-23,EDU,fractional,31.77,31.51,7541.727308066903,40126.00302309347,7541.727308066903,239.1048275135497,7541.727308066903,1.0,False,0.0,0.0,188.54318270167255,39937.4598403918,False,
fractional,2016-02-23,2016-02-24,HRL,fractional,43.57,43.5,7525.726367113284,32584.275715026568,7525.726367113284,172.8323714702145,7525.726367113284,1.0,False,0.0,0.0,188.1431591778321,32396.132555848737,False,
fractional,2016-02-24,2016-02-25,COR2,fractional,65.11,65.11,7618.3607259213295,25058.54934791329,7618.3607259213295,116.89064622861903,7618.3607259213295,1.0,False,0.0,0.0,190.45901814803324,24868.09032976525,False,
fractional,2016-02-25,2016-02-26,EDR1,fractional,40.3,40.21,7695.154361093829,17524.369065888164,7695.154361093829,191.1829618055118,7695.154361093829,1.0,False,0.0,0.0,192.37885902734573,17247.809762964607,False,
fractional,2016-03-03,2016-03-04,HMIN,fractional,35.02,35.0,7707.892866269337,9930.705672492057,7707.892866269337,220.00550495987835,7707.892866269337,1.0,False,0.0,0.0,192.69732165673344,9703.265512374594,False,
fractional,2016-04-01,2016-04-04,BRKR,fractional,29.26,29.4,8198.502840658066,2727.1394277499944,2727.1394277499944,92.66717730398835,2727.1394277499944,0.3326387123055624,True,0.0,0.0,204.96257101645165,2494.3524918895164,False,
fractional,2016-05-06,2016-05-09,CPB,fractional,63.92,64.02,8201.498638758416,39309.23067138338,8201.498638758416,127.98040195915326,8201.498638758414,0.9999999999999998,False,1.8189894035458565e-12,2.217874419864836e-16,205.0374659689604,39104.19320541442,False,
fractional,2016-05-16,2016-05-17,AG,fractional,11.23,11.58,8225.376163647497,31217.15865254959,8225.376163647497,709.5992231988649,8225.376163647497,1.0,False,0.0,0.0,205.63440409118743,31011.524248458405,False,
fractional,2016-05-20,2016-05-23,B,fractional,18.2,17.85,8068.99758428852,23025.39773586008,8068.99758428852,451.5930895036907,8068.99758428852,1.0,False,0.0,0.0,201.724939607213,22823.672796252864,False,
fractional,2016-05-23,2016-05-24,BKH,fractional,58.19,58.5,8039.804018798014,14956.40015157156,8039.804018798014,137.2952520778028,8039.804018798013,1.0,False,9.094947017729282e-13,1.1312398904829296e-16,200.9951004699504,14755.405051101608,False,
fractional,2016-05-25,2016-05-26,CDE,fractional,7.66,7.88,8136.042289570496,6916.596132773546,6916.596132773546,876.8637622242665,6916.596132773546,0.8501180164267158,True,0.0,0.0,203.4010572392624,6713.195075534283,False,
fractional,2016-06-14,2016-06-15,UGI,fractional,43.79,43.79,8224.54972701337,205.9323000132087,205.9323000132087,4.6980263402550575,205.9323000132087,0.0250387324350205,True,0.0,0.0,205.6137431753342,0.318556837874496,False,
fractional,2016-09-14,2016-09-15,EXEL,fractional,13.01,12.93,8241.432494665563,15574.247864254852,8241.432494665563,636.7516856434798,8241.432494665563,1.0,False,0.0,0.0,206.0358123666391,15368.212051888211,False,
fractional,2016-09-30,2016-10-03,WB,fractional,50.14,50.64,8341.896524262338,11218.881589070495,8341.896524262338,164.56482940957815,8341.896524262336,0.9999999999999998,False,1.8189894035458565e-12,2.180546591839566e-16,208.54741310655848,9499.768116047508,False,
fractional,2016-10-21,2016-10-24,NTES,fractional,263.53,267.98,8175.869878148974,27229.22814301317,8175.869878148974,30.478775192077773,8175.869878148975,1.0000000000000002,False,0.0,0.0,204.39674695372435,27024.83139605945,False,
fractional,2016-10-28,2016-10-31,NVDA,fractional,70.56,70.8,8046.760333077786,25984.01168267818,8046.760333077786,113.54126569867684,8046.760333077786,1.0,False,9.094947017729282e-13,1.1302619490657274e-16,201.16900832694463,25782.842674351235,False,
fractional,2016-11-01,2016-11-02,GEN,fractional,25.22,25.23,7931.620262828298,24660.986201534724,7931.620262828298,314.05852422758767,7931.620262828298,1.0,False,0.0,0.0,198.29050657070744,24462.69569496401,False,
fractional,2016-11-03,2016-11-04,BRSL,fractional,27.55,27.45,7869.7009651233475,16729.365938706425,7869.7009651233475,286.4057969397942,7869.700965123347,1.0,False,9.094947017729282e-13,1.1556915641440426e-16,196.7425241280837,16532.623414578342,False,
fractional,2016-11-04,2016-11-07,CWEI,fractional,100.94,103.01,7865.078080101808,8859.66497358308,7865.078080101808,76.27629219728732,7865.078080101808,1.0,False,0.0,0.0,196.6269520025452,8663.038021580534,False,
fractional,2016-11-07,2016-11-08,TTMI,fractional,13.39,13.41,7999.007367919036,994.5868934812715,994.5868934812715,74.09346011790385,994.5868934812715,0.124338789519082,True,0.0,0.0,199.97518419797592,794.6117092832956,False,
fractional,2016-11-28,2016-11-29,DPZ,fractional,170.04,169.88,8269.65795010945,7942.4880899677455,7942.4880899677455,46.70681384760605,7942.4880899677455,0.9604373164990004,True,0.0,0.0,206.7414487527362,7735.74664121501,False,
fractional,2016-12-02,2016-12-05,REN,fractional,33.9,34.21,8042.696296927843,229.51092604920757,229.51092604920757,6.7021819469395725,229.5109260492076,0.0285365650493201,True,0.0,0.0,201.06740742319607,28.443518626011468,False,
fractional,2017-01-30,2017-01-31,CFG,fractional,36.53,36.33,8624.737658610158,234.7887995998536,234.7887995998536,6.456213744962816,234.7887995998536,0.0272227178255632,True,0.0,0.0,215.618441465254,19.17035813459961,False,
fractional,2017-05-08,2017-05-09,WNC,fractional,21.82,21.85,9399.293363081488,33142.69295418257,9399.293363081488,429.7438654289184,9399.293363081488,1.0,False,0.0,0.0,234.9823340770372,32907.71062010553,False,
fractional,2017-05-17,2017-05-18,AAPL,fractional,150.25,151.272,9381.854368052347,23901.589418751148,9381.854368052347,61.95781034273484,9381.854368052347,1.0,False,0.0,0.0,234.54635920130872,23633.027914464143,False,
fractional,2017-05-31,2017-06-01,HRC,fractional,77.36,77.72,9438.546094110823,14678.01368084472,9438.546094110823,121.32162863012984,9438.546094110823,1.0,False,0.0,0.0,235.9636523527706,14430.164879101469,False,
fractional,2017-06-14,2017-06-15,RACE,fractional,88.42,85.81999999999998,9547.784643914938,17253.675348359786,9547.784643914938,111.14246559680056,9547.784643914938,1.0,False,0.0,0.0,238.69461609787345,16993.14283910849,False,
fractional,2017-07-14,2017-07-17,ISRG,fractional,951.75,954.921022,9592.92647331387,36343.57699981055,9592.92647331387,10.035744223236597,9592.926473313872,1.0000000000000002,False,0.0,0.0,239.82316183284675,36103.7538379777,False,
fractional,2017-07-18,2017-07-19,SPGI,fractional,149.87,150.01,9675.55034847978,26750.650526496684,9675.55034847978,64.43493409783191,9675.55034847978,1.0,False,0.0,0.0,241.88875871199448,26508.76176778469,False,
fractional,2017-07-31,2017-08-01,FIZZ,fractional,102.12,102.82,9575.941128069288,17421.930021440614,9575.941128069288,93.04001899743214,9575.941128069288,1.0,False,0.0,0.0,239.3985282017322,17182.531493238883,False,
fractional,2017-08-04,2017-08-07,WGHTQ,fractional,41.39,41.86,9659.222350249203,8874.85808991455,8874.85808991455,211.8010534595493,8874.85808991455,0.9187963345398692,True,0.0,0.0,241.48055875623007,7604.508334615096,False,
fractional,2017-08-30,2017-08-31,PRXL,fractional,87.84999999999998,87.87,10011.9629548796,340.12850779979703,340.12850779979703,3.866947980888999,340.128507799797,0.0339722099784664,True,5.684341886080803e-14,1.671233594282153e-16,250.29907387199,26.57496068190233,False,
fractional,2017-10-13,2017-10-16,ABBV,fractional,90.67,91.01000000000002,10725.500247250086,633.7704804401816,633.7704804401816,6.956788738568119,633.7704804401817,0.0590900625453506,True,0.0,0.0,268.1375061812521,365.63297425892944,False,
fractional,2017-11-20,2017-11-21,IBKR,fractional,55.31,55.48,10514.318670688072,267.0084535759279,267.0084535759279,4.807889543332081,267.0084535759279,0.0253947461493912,True,0.0,0.0,262.8579667672018,4.1504868087261,False,
fractional,2018-02-06,2018-02-07,EC,fractional,17.75,17.75,11224.560186637493,7965.456164246792,7965.456164246792,448.3097839764063,7965.456164246792,0.7096452806880961,True,9.094947017729282e-13,1.1417986403028927e-16,280.61400466593733,7684.842159580855,False,
fractional,2018-03-08,2018-03-09,NKTR,fractional,108.44,107.16999400000002,11515.788867024645,366.10028357418,366.10028357418,3.412658108622781,366.1002835741799,0.0317911597548045,True,5.684341886080803e-14,1.552673445260806e-16,287.89472167561604,78.20556189856393,False,
fractional,2018-04-19,2018-04-20,GMED,fractional,51.08,50.89,11626.924715389014,9296.338972868483,9296.338972868483,182.4926689123116,9296.338972868483,0.7995526934619398,True,0.0,0.0,290.67311788472534,9005.665854983758,False,
fractional,2018-05-14,2018-05-15,HLF,fractional,111.17,55.05,12082.776531734396,6830.602822537815,6830.602822537815,123.95602258845273,6830.602822537815,0.5653173179689132,True,0.0,0.0,302.06941329335984,6528.533409244456,False,
fractional,2018-06-13,2018-06-14,ABMD,fractional,433.07,435.19,12686.733418805175,498.9194560071215,498.9194560071215,1.1452952387971906,498.9194560071215,0.0393260770552321,True,0.0,0.0,317.1683354701295,181.751120536992,False,
fractional,2018-07-31,2018-08-01,TNDM,fractional,27.56,27.58,12075.1833584658,30726.92916730244,12075.1833584658,437.3865206028853,12075.183358465802,1.0000000000000002,False,0.0,0.0,301.879583961645,30425.049583340795,False,
fractional,2018-08-29,2018-08-30,AMED,fractional,122.98,122.61,12727.463902494454,46363.81490996007,12727.463902494454,103.70075159726868,12727.463902494454,1.0,False,0.0,0.0,318.1865975623613,45922.65278028227,False,
fractional,2018-09-04,2018-09-05,IIN,fractional,76.59999999999998,75.9,12821.27659964238,33691.00487835955,12821.27659964238,168.75452083677035,12821.27659964238,1.0,False,1.8189894035458565e-12,1.4187272144152892e-16,320.5319149910595,33370.47296336849,False,
fractional,2018-09-12,2018-09-13,WWE,fractional,86.09,86.09,12708.661455581763,38187.49317345479,12708.661455581763,147.47317330806916,12708.661455581763,1.0000000000000002,False,0.0,0.0,317.7165363895441,37869.776637065246,False,
fractional,2018-09-17,2018-09-18,EPAY,fractional,66.77,67.1,12504.260785217826,25505.74195233768,12504.260785217826,186.16645329659653,12504.260785217826,1.0,False,0.0,0.0,312.60651963044563,25193.135432707237,False,
fractional,2018-10-05,2018-10-08,WCG,fractional,315.44,314.03,12259.544692209316,29399.097713387,12259.544692209316,39.00040567721079,12259.544692209318,1.0000000000000002,False,0.0,0.0,306.48861730523294,29092.609096081767,False,
fractional,2018-10-29,2018-10-30,REGI,fractional,29.39,29.17,10841.009921035826,66631.27603764209,10841.009921035826,371.2780164996411,10841.009921035826,1.0,False,0.0,0.0,271.0252480258956,56636.75458072197,False,
fractional,2018-11-01,2018-11-02,RGEN,fractional,63.55,64.71,11185.380812833258,62430.14152586791,11185.380812833258,172.68129510472932,11185.380812833258,1.0,False,0.0,0.0,279.6345203208314,55510.63159628544,False,
fractional,2018-11-08,2018-11-09,TNDM,fractional,39.09,38.33,11298.118242981707,51289.98948071495,11298.118242981707,294.46468592669294,11298.118242981707,1.0,False,0.0,0.0,282.4529560745427,50962.30775696011,False,
fractional,2018-11-09,2018-11-12,LLY,fractional,112.21,112.26,11150.751769826204,39991.87123773324,11150.751769826204,99.23046639647724,11150.751769826204,1.0,False,0.0,0.0,278.76879424565504,39713.10244348759,False,
fractional,2018-11-26,2018-11-27,MKC,fractional,144.74,145.58,10579.216495802908,47563.946529075874,10579.216495802908,72.59683918089678,10579.216495802906,0.9999999999999998,False,1.8189894035458565e-12,1.7193989784286048e-16,264.4804123950727,47299.4661166808,False,
fractional,2018-11-29,2018-11-30,CABO,fractional,885.9299999999998,887.4299999999998,10922.799647319953,37122.89123100576,10922.799647319953,12.296054629165562,10922.799647319953,1.0000000000000002,False,0.0,0.0,273.0699911829988,36849.82123982276,False,
fractional,2018-12-04,2018-12-06,CHD,fractional,66.6,66.42,10770.03759912133,26262.31017284416,10770.03759912133,161.98853238182068,10770.03759912133,1.0,False,0.0,0.0,269.2509399780333,25993.05923286613,False,
fractional,2018-12-18,2018-12-19,MZTI,fractional,184.97,185.47,10185.19924787786,26881.965852072037,10185.19924787786,54.8607549665941,10185.19924787786,1.0,False,0.0,0.0,254.6299811969465,26627.33587087509,False,
fractional,2018-12-24,2018-12-26,IDTI,fractional,48.21,48.25,9568.753395010484,45023.24443173283,9568.753395010484,198.1180145245528,9568.753395010484,1.0,False,0.0,0.0,239.21883487526205,26385.51587660033,False,
fractional,2018-12-26,2018-12-27,ESL,fractional,121.29,121.2,9991.225698279986,35454.49103672235,9991.225698279986,82.35350209427526,9991.225698279986,1.0,False,0.0,0.0,249.78064245699963,35204.71039426535,False,
fractional,2019-01-16,2019-01-17,TRCO,fractional,45.86,45.82,10522.030471627491,25504.64553677547,10522.030471627491,229.40896884929768,10522.030471627491,1.0,False,0.0,0.0,263.0507617906873,25241.594774984784,False,
fractional,2019-01-23,2019-01-24,AU,fractional,12.5,12.6,10582.639504651845,15040.483590747182,10582.639504651845,839.0529712075104,10582.639504651845,1.0,False,0.0,0.0,264.5659876162961,14775.917603130889,False,
fractional,2019-01-28,2019-01-29,EHTH,fractional,55.44,55.5,10543.0542380128,4457.844086095338,4457.844086095338,80.24127379098988,4457.844086095338,0.4228228353433541,True,0.0,0.0,263.57635595032,4194.267730145018,False,
fractional,2019-03-01,2019-03-04,KL,fractional,35.27,34.56,11341.866887460728,327.5405919157574,327.5405919157574,9.467979703044564,327.5405919157574,0.0288788957907694,True,0.0,0.0,283.5466721865181,43.99391972923922,False,
fractional,2019-04-26,2019-04-29,SEE,fractional,46.43,46.48,11573.494422821072,28377.523653242897,11573.494422821072,248.75069901744283,11573.494422821072,1.0,False,0.0,0.0,289.3373605705268,28088.18629267237,False,
fractional,2019-05-03,2019-05-06,ENPH,fractional,13.83,13.5,11500.71328964619,16804.029230421824,11500.71328964619,851.0536344874527,11500.71328964619,1.0,False,0.0,0.0,287.51783224115474,16516.511398180668,False,
fractional,2019-05-14,2019-05-15,ZNGA,fractional,6.01,6.01,11255.660655663803,5340.168331892498,5340.168331892498,887.6594839258078,5340.168331892498,0.4744429043536726,True,0.0,0.0,281.3915163915951,5021.924424384039,False,
fractional,2019-07-15,2019-07-16,ERIE,fractional,265.22,265.52,12457.655551859598,8975.881971719858,8975.881971719858,33.77114739629104,8975.881971719858,0.7205113301097812,True,0.0,0.0,311.44138879648995,8664.44058292337,False,
fractional,2019-10-09,2019-10-10,HSY,fractional,156.47,155.85,12486.205729373323,43136.56441123838,12486.205729373323,80.03677893728552,12486.20572937332,1.0,False,1.8189894035458565e-12,1.4567991613871564e-16,312.1551432343331,42824.40926800405,False,
fractional,2019-10-10,2019-10-11,AWR,fractional,91.52,91.76,12525.921370879763,30650.35868186506,12525.921370879763,136.37105452176164,12525.921370879763,1.0,False,0.0,0.0,313.1480342719941,30337.210647593063,False,
fractional,2019-10-29,2019-10-30,AIZ,fractional,126.38,126.13,12765.326245060154,28339.56456589221,12765.326245060154,101.10658583516027,12765.326245060154,1.0,False,0.0,0.0,319.1331561265038,28020.431409765708,False,
fractional,2019-10-31,2019-11-01,AQN,fractional,13.72,13.72,12813.137716097151,15574.238320832055,12813.137716097151,932.9691966995942,12813.137716097151,1.0,False,0.0,0.0,320.3284429024288,15253.90987792963,False,
fractional,2019-11-15,2019-11-18,RH,fractional,188.47,188.43,13067.3197543342,3017.0925745364125,3017.0925745364125,15.995746410021612,3017.0925745364125,0.2308884018496368,True,0.0,0.0,326.68299385835496,2690.4095806780574,False,
fractional,2020-03-06,2020-03-09,SEM,fractional,24.04,22.11,13645.69045790118,4469.203231803363,4469.203231803363,201.932993817732,4469.203231803363,0.3275175591584366,True,0.0,0.0,341.1422614475295,4128.060970355834,False,
fractional,2020-03-13,2020-03-16,GOTU,fractional,39.19,35.7,12192.752178227767,42851.182770010026,12192.752178227767,341.19248197818337,12192.752178227767,1.0,False,0.0,0.0,304.8188044556942,42546.36396555433,False,
fractional,2020-04-06,2020-04-07,REGN,fractional,504.27,502.81,10987.443772321449,198758.34951366892,10987.443772321449,21.830248612828765,10987.443772321449,1.0,False,0.0,0.0,274.68609430803616,198483.6634193609,False,
fractional,2020-04-14,2020-04-15,TDOC,fractional,157.33,160.89,11112.485865465796,187770.9057413475,11112.485865465796,68.99984138843193,11112.485865465796,1.0,False,0.0,0.0,277.8121466366449,187493.09359471084,False,
fractional,2020-04-15,2020-04-16,FIT,fractional,6.76,6.73,11094.971271030485,186883.95856076785,11094.971271030485,1646.9372041079998,11094.971271030485,1.0,False,0.0,0.0,277.3742817757621,176381.04559410593,False,
fractional,2020-04-16,2020-04-17,CCOI,fractional,90.75,91.5,11189.740742477275,175788.98728973736,11189.740742477275,122.17007847319104,11189.740742477275,1.0,False,1.8189894035458565e-12,1.625586727528732e-16,279.7435185619319,175509.24377117542,False,
fractional,2020-04-17,2020-04-20,ZM,fractional,150.06,153.3,11208.08687617462,164599.2465472601,11208.08687617462,73.03907362158142,11208.08687617462,1.0000000000000002,False,0.0,0.0,280.20217190436546,164319.04437535573,False,
fractional,2020-04-20,2020-04-21,CODX,fractional,14.58,14.34,11230.020820929292,153391.15967108548,11230.020820929292,782.3432370230393,11230.020820929292,1.0,False,0.0,0.0,280.7505205232323,153110.40915056225,False,
fractional,2020-04-21,2020-04-22,AXSM,fractional,66.37,66.95,11088.94608382226,142161.1388501562,11088.94608382226,165.46479784326593,11088.94608382226,1.0,False,1.8189894035458565e-12,1.6403627448415432e-16,277.2236520955565,141883.91519806063,False,
fractional,2020-04-22,2020-04-23,EVBG,fractional,122.05,121.45999999999998,11279.742126162651,131072.19276633393,11279.742126162651,92.7751823852309,11279.742126162651,1.0,False,0.0,0.0,281.9935531540663,130790.19921317986,False,
fractional,2020-04-23,2020-04-24,EHTH,fractional,126.25,123.49,11362.806621142388,119792.45064017129,11362.806621142388,91.92205981031998,11362.806621142388,1.0,False,0.0,0.0,284.0701655285597,119508.3804746427,False,
fractional,2020-04-24,2020-04-27,SE,fractional,54.39,55.46,11382.395414337298,108429.64401902888,11382.395414337298,205.03109249814912,11382.395414337296,1.0,False,1.8189894035458565e-12,1.5980725825555594e-16,284.55988535843244,108145.08413367045,False,
fractional,2020-04-27,2020-04-28,DXCM,fractional,335.05,335.010137,11486.275941633256,97047.2486046916,11486.275941633256,34.25210127445416,11486.275941633256,1.0,False,0.0,0.0,287.15689854083143,96760.09170615076,False,
fractional,2020-04-28,2020-04-29,XLRN,fractional,94.36,96.32,11266.542739064354,85560.97266305833,11266.542739064354,116.8530673963117,11266.542739064354,1.0,False,0.0,0.0,281.6635684766088,85279.30909458172,False,
fractional,2020-04-29,2020-04-30,QDEL,fractional,139.7,138.18,11236.210964634947,74294.42992399397,11236.210964634947,81.23452003659209,11236.21096463495,1.0000000000000002,False,0.0,0.0,280.90527411587374,74013.5246498781,False,
fractional,2020-04-30,2020-05-01,VXRT,fractional,2.7,2.85,11073.951460511284,63058.21895935902,11073.951460511284,3881.7152883997705,11073.951460511284,1.0,False,0.0,0.0,276.8487865127821,62781.37017284624,False,
fractional,2020-05-01,2020-05-04,AUPH,fractional,15.69,15.69,11052.42297806985,51984.26749884774,11052.42297806985,703.7209430512032,11052.422978069852,1.0000000000000002,False,0.0,0.0,276.3105744517463,51707.95692439599,False,
fractional,2020-05-04,2020-05-05,BILI,fractional,26.53,27.28,11237.377186246418,40931.844520777886,11237.377186246418,411.515800410968,11237.377186246418,1.0,False,0.0,0.0,280.9344296561605,40650.910091121725,False,
fractional,2020-05-05,2020-05-06,MRNA,fractional,49.34,48.45,11388.46036622422,29694.467334531462,11388.46036622422,234.8211203909449,11388.46036622422,1.0,False,1.8189894035458565e-12,1.597221525168228e-16,284.71150915560554,29409.75582537586,False,
fractional,2020-05-06,2020-05-07,ARVN,fractional,52.7,53.41,11640.146414878684,18306.006968307247,11640.146414878684,217.72173557352,11640.146414878684,1.0,False,0.0,0.0,291.0036603719672,18015.00330793528,False,
fractional,2020-05-07,2020-05-08,LMNX1,fractional,38.83,33.85,11802.456395290192,6665.860553428562,6665.860553428562,196.72677554140284,6665.8605534285625,0.5647858657701625,True,0.0,0.0,295.0614098822548,6370.799143546306,False,
fractional,2020-05-28,2020-05-29,ZTO,fractional,31.16,31.42,11828.282433914335,12745.750457241436,11828.282433914335,376.0810301701589,11828.282433914335,1.0,False,0.0,0.0,295.70706084785843,12450.043396393576,False,
fractional,2020-06-26,2020-06-29,NVAX,fractional,77.39,81.48,13595.26411817508,28785.91724732738,13595.26411817508,166.68731511707588,13595.26411817508,1.0,False,0.0,0.0,339.881602954377,20033.47672504881,False,
fractional,2020-06-30,2020-07-01,FVRR,fractional,73.81999999999998,74.47,13881.793521803304,15190.6531291523,13881.793521803304,186.22164087830132,13881.793521803304,1.0,False,0.0,0.0,347.04483804508266,14843.608291107215,False,
fractional,2020-07-08,2020-07-09,DOCU,fractional,206.35,211.5,14503.857193710062,1308.8596073489934,1308.8596073489934,6.182279221246808,1308.8596073489934,0.0902421741932629,True,0.0,0.0,362.5964298427516,946.2631775062418,False,
fractional,2020-07-29,2020-07-30,WKHS,fractional,16.15,15.73,15243.56871816295,43819.519376158496,15243.56871816295,968.1080977612947,15243.568718162953,1.0000000000000002,False,0.0,0.0,381.0892179540738,43438.43015820442,False,
fractional,2020-08-26,2020-08-27,LVGO,fractional,135.19,134.58,15689.625464871751,49782.63075971929,15689.625464871751,116.46568222141772,15689.625464871751,1.0000000000000002,False,0.0,0.0,392.2406366217938,49390.3901230975,False,
fractional,2020-09-14,2020-09-15,APPS,fractional,25.31,25.79,15631.734140448953,64232.156704649984,15631.734140448953,605.5105863678375,15631.734140448953,1.0,False,0.0,0.0,390.7933535112238,63804.932036337625,False,
fractional,2020-09-29,2020-09-30,AGNT,fractional,42.05,42.02,16449.94130532094,56119.79420039959,16449.94130532094,391.0877629110761,16449.941305320943,1.0000000000000002,False,0.0,0.0,411.2485326330234,55708.54566776657,False,
fractional,2020-09-30,2020-10-01,RUN,fractional,77.06999999999998,79.415,16358.898070166731,39669.85289507865,16358.898070166731,205.7867596128197,16358.89807016673,0.9999999999999998,False,3.637978807091713e-12,2.2238532152273713e-16,408.97245175416833,39260.88044332448,False,
fractional,2020-10-07,2020-10-08,SAIL1,fractional,46.26,46.6,17088.66498050453,23310.95482491192,17088.66498050453,366.34320573213336,17088.66498050453,1.0,False,0.0,0.0,427.2166245126133,22883.738200399304,False,
fractional,2020-10-20,2020-10-21,ALTO,fractional,10.635,10.53,17085.633811077663,25652.132236747773,17085.633811077663,1620.9463671255303,17085.633811077663,1.0,False,0.0,0.0,427.1408452769416,5795.148999130445,False,
fractional,2020-11-19,2020-11-20,NIO,fractional,48.45,48.27,15889.905495013858,153610.2690953707,15889.905495013858,328.859156071065,15889.905495013858,1.0,False,0.0,0.0,397.24763737534647,153213.02145799535,False,
fractional,2020-11-20,2020-11-23,FDX,fractional,276.69,280.21,16179.143406717703,137720.36360035682,16179.143406717703,57.68166884226622,16179.143406717709,1.0000000000000002,False,0.0,0.0,404.4785851679426,137315.8850151889,False,
fractional,2020-11-25,2020-11-27,AGNT,fractional,51.98,52.66,16190.831201866054,121541.22019363912,16190.831201866054,307.1526119506406,16190.831201866053,1.0,False,1.8189894035458565e-12,1.123468820634861e-16,404.7707800466514,121136.44941359248,False,
fractional,2020-11-27,2020-11-30,PACB,fractional,15.43,16.0,16440.758347990468,105350.38899177308,16440.758347990468,1026.5208758735307,16440.758347990468,1.0,False,0.0,0.0,411.0189586997616,104939.37003307333,False,
fractional,2020-11-30,2020-12-01,LOB,fractional,41.12,41.62,16315.094380959044,88909.6306437826,16315.094380959044,391.6096969095068,16315.094380959044,1.0,False,1.8189894035458565e-12,1.1149119711307067e-16,407.8773595239761,88501.75328425862,False,
fractional,2020-12-01,2020-12-02,GNRC,fractional,213.02,212.05,16316.47760992462,72594.53626282356,16316.47760992462,76.86949979953847,16316.477609924625,1.0000000000000002,False,0.0,0.0,407.9119402481155,72186.62432257544,False,
fractional,2020-12-02,2020-12-03,FRHC,fractional,39.35,40.15,16363.82463360533,56278.05865289894,16363.82463360533,407.16007861641054,16363.824633605327,1.0,False,1.8189894035458565e-12,1.1115918462058775e-16,409.0956158401333,55868.963037058806,False,
fractional,2020-12-03,2020-12-04,LPRO,fractional,27.05,26.99,16488.05105768315,39914.23401929361,16488.05105768315,610.2845305003686,16488.05105768315,1.0,False,0.0,0.0,412.2012764420788,39502.03274285153,False,
fractional,2020-12-11,2020-12-14,PWR,fractional,72.06999999999998,72.23,17203.017347380737,23463.67604635793,17203.017347380737,237.93204369188527,17203.017347380737,1.0,False,0.0,0.0,430.0754336845184,22996.107527925946,False,
fractional,2020-12-14,2020-12-15,SWAV,fractional,93.38,92.90999999999998,17301.165029866057,16441.12364055802,16441.12364055802,176.7807441784136,16441.12364055802,0.9502899725062796,True,0.0,0.0,432.52912574665146,5828.129573230542,False,
fractional,2021-01-28,2021-01-29,SICPQ,fractional,84.76999999999998,91.3,20198.6690975312,11427.550747089952,11427.550747089952,125.03980955616072,11427.550747089954,0.5657576096677923,True,0.0,0.0,504.96672743828,10922.584019651673,False,
fractional,2021-02-23,2021-02-24,DNMRQ,fractional,41.79,43.0,22273.899516779376,10114.724883102708,10114.724883102708,234.9911689032528,10114.724883102708,0.4541066047048961,True,0.0,0.0,556.8474879194844,9557.877395183225,False,
fractional,2021-03-01,2021-03-02,VCEL,fractional,48.17,47.84000000000001,23118.279765886466,36589.6385863164,23118.279765886466,482.75887502728176,23118.27976588647,1.0000000000000002,False,0.0,0.0,577.9569941471616,36011.68159216924,False,
fractional,2021-03-24,2021-03-25,TPR,fractional,40.64,39.57,20143.917283148257,178178.80787588627,20143.917283148257,508.5618774237705,20143.917283148254,0.9999999999999998,False,3.637978807091713e-12,1.8059937180814015e-16,503.5979320787064,177675.20994380757,False,
fractional,2021-03-26,2021-03-29,CTRN,fractional,85.58,84.83,20565.53137370372,158034.89059273803,20565.53137370372,242.1901024085395,20565.53137370372,1.0,False,0.0,0.0,514.138284342593,157520.75230839543,False,
fractional,2021-04-01,2021-04-05,DEN,fractional,50.87,51.04,21122.746749029477,145706.95349573265,21122.746749029477,413.43348557847867,21122.74674902948,1.0000000000000002,False,0.0,0.0,528.0686687257368,145178.88482700693,False,
fractional,2021-04-05,2021-04-06,SM,fractional,17.26,17.53,21208.02524496314,124598.48266932469,21208.02524496314,1208.6045867972953,21208.02524496314,1.0,False,0.0,0.0,530.2006311240785,124054.00611557908,False,
fractional,2021-04-06,2021-04-07,TPL,fractional,1595.49,1602.696976,21450.49322821377,103390.45742436156,21450.49322821377,13.370627439213266,21450.49322821377,1.0,False,0.0,0.0,536.2623307053442,102854.1950936562,False,
fractional,2021-04-07,2021-04-08,SICPQ,fractional,140.57,141.11,21204.054797877943,81939.96419614778,21204.054797877943,150.1160224360569,21204.054797877943,1.0,False,0.0,0.0,530.1013699469486,81409.86282620083,False,
fractional,2021-04-08,2021-04-09,DBRG,fractional,6.76,6.74,21459.52414625597,60735.90939826983,21459.52414625597,3180.7249347471484,21459.52414625597,1.0,False,0.0,0.0,536.4881036563993,60199.42129461344,False,
fractional,2021-04-09,2021-04-12,DAC,fractional,56.2,56.25,21513.312414394542,39276.38525201386,21513.312414394542,382.07681055645776,21513.312414394542,1.0,False,0.0,0.0,537.8328103598637,38738.552441654,False,
fractional,2021-04-30,2021-05-03,ATKR,fractional,78.28,79.65,21526.76991722676,35621.10174670817,21526.76991722676,269.99704523005886,21526.769917226764,1.0000000000000002,False,0.0,0.0,538.169247930669,35082.9324987775,False,
fractional,2021-05-25,2021-05-26,CHRD,fractional,82.95999999999998,83.29,20743.199261725,29766.336235467148,20743.199261725,248.79909694969456,20743.199261725,0.9999999999999998,False,3.637978807091713e-12,1.7538176060452014e-16,518.579981543125,29247.756253924024,False,
fractional,2021-06-10,2021-06-11,NUE,fractional,106.31,107.5,22120.02696695751,9250.945236900814,9250.945236900814,85.96933519411579,9250.945236900812,0.4182158209264258,True,1.8189894035458565e-12,1.9662741016887064e-16,553.0006741739378,8697.944562726876,False,
fractional,2021-07-09,2021-07-12,SC,fractional,40.9,40.63,23004.415551749607,1131.4555478223594,1131.4555478223594,27.81996609893576,1131.4555478223594,0.0491842770479038,True,0.0,0.0,575.1103887937402,556.3451590286193,False,
fractional,2021-08-18,2021-08-19,LSI,fractional,120.47,120.05,22710.22175878065,70348.0626950791,22710.22175878065,188.98404185386173,22710.22175878065,1.0,False,0.0,0.0,567.7555439695165,69780.30715110959,False,
fractional,2021-09-08,2021-09-09,EPAM,fractional,629.32,629.15,23921.534410216467,64152.66744786791,23921.534410216467,37.98400504401657,23921.534410216464,1.0,False,3.637978807091713e-12,1.5207965946941914e-16,598.0383602554117,63554.6290876125,False,
fractional,2021-09-10,2021-09-13,DXLG,fractional,6.76,7.0,23679.34706148804,40231.13303765145,23679.34706148804,3379.3844814454174,23679.34706148804,1.0,False,0.0,0.0,591.983676537201,39639.14936111425,False,
fractional,2021-09-14,2021-09-15,WST,fractional,452.06,453.73,23305.301755062555,16595.690381180164,16595.690381180164,36.53959683051651,16595.690381180164,0.7120993564297069,True,0.0,0.0,582.6325438765639,15969.15343228685,False,
fractional,2021-10-07,2021-10-08,PRFT,fractional,122.86,123.05,23026.11216311652,32268.8438117464,23026.11216311652,186.9411544417916,23026.11216311652,1.0,False,0.0,0.0,575.652804077913,31693.191007668487,False,
fractional,2021-10-28,2021-10-29,ASAN,fractional,131.83,130.28,24689.82058172524,9405.257924624202,9405.257924624202,72.12052550323642,9405.2579246242,0.380936665517356,True,1.8189894035458565e-12,1.9340133126849216e-16,617.245514543131,8788.012410081072,False,
fractional,2021-11-11,2021-11-12,VICR,fractional,160.99,162.32,25147.9995380416,16717.74820946358,16717.74820946358,102.88964491314243,16717.74820946358,0.6647744757659352,True,0.0,0.0,628.6999884510399,16089.04822101254,False,
fractional,2021-12-13,2021-12-14,FDS,fractional,466.54,465.52,23226.050702149743,114933.94500230596,23226.050702149743,49.84285928487595,23226.050702149743,1.0,False,0.0,0.0,580.6512675537435,114353.29373475222,False,
fractional,2021-12-31,2022-01-03,COST,fractional,567.7,565.03,23754.993147133417,111771.50893016932,23754.993147133417,42.00000333654526,23754.993147133413,1.0,False,3.637978807091713e-12,1.5314585799115322e-16,593.8748286783355,111177.63410149096,False,
fractional,2022-01-03,2022-01-04,BLDR,fractional,83.48999999999998,84.36,23562.715455872483,88033.17102609432,23562.715455872483,279.0324357467152,23562.715455872483,1.0,False,0.0,0.0,589.067886396812,87427.44789663909,False,
fractional,2022-01-05,2022-01-06,WIRE,fractional,136.54,136.31,22693.664455692928,100697.264470243,22693.664455692928,166.31937100895533,22693.664455692928,1.0,False,0.0,0.0,567.3416113923232,63903.11395882951,False,
fractional,2022-01-06,2022-01-07,ACLS,fractional,72.17,72.2,22793.24163967464,78003.60001455007,22793.24163967464,315.3804870984229,22793.24163967464,1.0,False,3.637978807091713e-12,1.5960778482510059e-16,569.8310409918661,77433.76897355821,False,
fractional,2022-01-12,2022-01-13,ON,fractional,66.49,67.52,22329.69664988657,66747.14378618149,22329.69664988657,330.38194995002885,22329.69664988657,1.0,False,0.0,0.0,558.2424162471642,66188.90136993433,False,
fractional,2022-01-19,2022-01-20,VCRA,fractional,78.92,78.84,21061.62726164695,81901.08652914331,21061.62726164695,266.8770506718922,21061.62726164695,1.0,False,0.0,0.0,526.5406815411737,62515.37339123278,False,
fractional,2022-02-11,2022-02-14,ERF,fractional,12.07,11.96,21083.94122158882,88261.1226074526,21083.94122158882,1761.1102293683591,21083.94122158882,1.0,False,0.0,0.0,527.0985305397204,87734.02407691289,False,
fractional,2022-02-14,2022-02-15,CVE,fractional,15.68,15.36,20945.9721951528,67316.94923268257,20945.9721951528,1362.3077570315622,20945.9721951528,1.0,False,0.0,0.0,523.64930487882,66653.53208098497,False,
fractional,2022-02-16,2022-02-17,VET,fractional,17.5,17.31,21248.780341141093,46657.53464544712,21248.780341141093,1226.3173187956525,21248.780341141093,1.0,False,0.0,0.0,531.2195085285274,45839.75752900125,False,
fractional,2022-02-18,2022-02-22,CVX,fractional,133.42,137.0,20889.3844005698,25554.30177602159,20889.3844005698,152.3249334648549,20889.3844005698,1.0,False,0.0,0.0,522.2346100142449,25032.067166007346,False,
fractional,2022-02-22,2022-02-23,CNQ,fractional,52.18,52.78,20569.162304447884,4664.917375451791,4664.917375451791,88.29589083617769,4664.917375451791,0.2267918015525137,True,0.0,0.0,514.2290576111972,4150.688317840593,False,
fractional,2022-03-15,2022-03-16,ABBV,fractional,155.88,156.5,21524.09404425927,69653.7984667542,21524.09404425927,137.3967504971659,21524.09404425927,1.0,False,0.0,0.0,538.1023511064817,69115.69611564772,False,
fractional,2022-04-06,2022-04-07,MCK,fractional,311.57,311.09,21807.204504336176,48990.1817489537,21807.204504336176,70.02931333456854,21807.204504336176,1.0,False,0.0,0.0,545.1801126084043,48445.001636345296,False,
fractional,2022-04-07,2022-04-08,MDRX,fractional,22.63,22.770000000000003,22101.47758653718,27182.977244617523,22101.47758653718,969.6705396727638,22101.47758653718,1.0,False,0.0,0.0,552.5369396634295,26630.44030495409,False,
fractional,2022-04-08,2022-04-11,PCRX,fractional,81.64,80.79999999999998,22175.64678630573,5098.154901138773,5098.154901138773,63.03294355568657,5098.154901138772,0.2298988142382872,True,9.094947017729282e-13,1.7839683560218516e-16,554.3911696576432,4527.108488422698,False,
fractional,2022-04-12,2022-04-13,FMC,fractional,137.16,137.98,21803.02387325843,18450.212643159164,18450.212643159164,133.58298929045418,18450.21264315916,0.8462226501429686,True,3.637978807091713e-12,1.971781505965773e-16,545.0755968314608,17905.1370463277,False,
fractional,2022-05-12,2022-05-13,AMR,fractional,153.01,156.1,20161.83815224808,20416.48693837572,20161.83815224808,129.03072681481288,20161.83815224808,1.0000000000000002,False,0.0,0.0,504.045953806202,19912.44098456952,False,
fractional,2022-05-24,2022-05-25,BMY,fractional,77.12999999999998,77.12999999999998,20708.131335543,63222.499254201466,20708.131335543,268.21527151110274,20708.131335543,1.0,False,0.0,0.0,517.7032833885751,46341.97119645904,False,
fractional,2022-06-21,2022-06-22,STNG,fractional,37.35,35.62,19803.39973701144,100045.06644423322,19803.39973701144,555.4075272568938,19803.39973701144,1.0,False,0.0,0.0,495.084993425286,99549.98145080791,False,
fractional,2022-06-22,2022-06-23,PBF,fractional,33.8,34.38,19368.09606400509,128505.47605265913,19368.09606400509,562.7907887343922,19368.09606400509,0.9999999999999998,False,3.637978807091713e-12,1.878335792568049e-16,484.20240160012736,79757.46430562166,False,
fractional,2022-06-27,2022-06-28,MRK,fractional,94.41,94.11,19659.75569308688,152889.44151688856,19659.75569308688,208.693184332264,19659.755693086878,0.9999999999999998,False,3.637978807091713e-12,1.8504699976363212e-16,491.4938923271719,152397.94762456138,False,
fractional,2022-07-08,2022-07-11,HRB,fractional,37.27,37.0,18916.68994178502,235054.04061966052,18916.68994178502,510.7511391793348,18916.689941785015,0.9999999999999998,False,3.637978807091713e-12,1.9231582366087166e-16,472.9172485446255,234581.12337111591,False,
fractional,2022-07-15,2022-07-18,LNTH,fractional,70.65,71.5,18886.440990764168,220509.47386863735,18886.440990764168,263.8821456971584,18886.440990764168,1.0,False,0.0,0.0,472.1610247691042,220037.31284386828,False,
fractional,2022-07-18,2022-07-19,CNR,fractional,57.81,57.36000000000001,18735.93678299148,201623.0328778732,18735.93678299148,326.3113591950497,18735.93678299148,1.0,False,0.0,0.0,468.3984195747871,201154.63445829845,False,
fractional,2022-07-19,2022-07-20,GO,fractional,45.22,45.4,18958.93200882925,182887.0960948817,18958.93200882925,417.1804408989525,18958.93200882925,1.0000000000000002,False,0.0,0.0,473.9733002207312,182413.122794661,False,
fractional,2022-07-25,2022-07-26,AR,fractional,39.17,40.08,19156.87597786582,163928.16408605248,19156.87597786582,477.48847903258974,19156.87597786582,1.0,False,0.0,0.0,478.9218994466455,163449.24218660584,False,
fractional,2022-07-26,2022-07-27,GLNG,fractional,22.62,23.28,19154.69668132223,144771.28810818665,19154.69668132223,821.9742749227678,19154.696681322235,1.0000000000000002,False,0.0,0.0,478.8674170330557,144292.4206911536,False,
fractional,2022-07-27,2022-07-28,SAIL1,fractional,63.64,63.7,19362.822849773594,125616.5914268644,19362.822849773594,303.66529623866865,19362.822849773594,1.0,False,0.0,0.0,484.0705712443398,125132.52085562008,False,
fractional,2022-07-28,2022-07-29,VTNRQ,fractional,13.48,14.0,19395.874752909534,106253.7685770908,19395.874752909534,1384.035589618206,19395.87475290953,0.9999999999999998,False,3.637978807091713e-12,1.875645648075752e-16,484.8968688227385,105768.87170826808,False,
fractional,2022-08-01,2022-08-02,SWCH,fractional,33.91,33.89,19212.742882632363,86857.89382418129,19212.742882632363,566.3484607051952,19212.742882632363,1.0,False,0.0,0.0,480.31857206580906,86377.57525211548,False,
fractional,2022-08-02,2022-08-03,CHNG,fractional,24.23,24.09,19142.943637427597,67645.15094154893,19142.943637427597,793.848892387297,19142.943637427597,1.0,False,0.0,0.0,478.5735909356899,67166.57735061324,False,
fractional,2022-08-03,2022-08-04,ACC,fractional,65.38,65.38,18999.386240006806,48502.20730412133,18999.386240006806,290.30905222044413,18999.386240006806,1.0,False,0.0,0.0,474.98465600017016,48027.22264812116,False,
fractional,2022-08-04,2022-08-05,MNDT,fractional,22.79,22.78,18693.01677328739,29502.821064114523,18693.01677328739,819.7692024081007,18693.01677328739,1.0,False,0.0,0.0,467.3254193321847,29035.49564478234,False,
fractional,2022-08-05,2022-08-08,CTIC,fractional,7.429999999999999,7.53,19009.67337885976,10809.804290827136,10809.804290827136,1434.130848013492,10809.804290827136,0.5686475551362434,True,0.0,0.0,475.241834471494,10334.56245635564,False,
fractional,2022-08-29,2022-08-30,MUSA,fractional,299.84,300.73,19569.090466045847,50023.64252977495,19569.090466045847,65.00695283184493,19569.090466045847,1.0,False,0.0,0.0,489.2272616511462,49534.415268123805,False,
fractional,2022-09-09,2022-09-12,NFE,fractional,57.15,56.61,19466.08952258733,49520.50983114606,19466.08952258733,343.51957038875867,19466.089522587336,1.0000000000000002,False,0.0,0.0,486.6522380646833,49033.857593081375,False,
fractional,2022-09-23,2022-09-26,INSW,fractional,33.68,33.5,17940.835345198164,49036.71487708614,17940.835345198164,535.0123114258329,17940.835345198167,1.0000000000000002,False,0.0,0.0,448.5208836299541,48588.19399345618,False,
fractional,2022-09-28,2022-09-29,DHT,fractional,8.13,8.099999999999998,18507.445257297622,45372.81847915593,18507.445257297622,2282.5871976539056,18507.445257297622,0.9999999999999998,False,3.637978807091713e-12,1.9656839485488852e-16,462.6861314324407,44910.13234772349,False,
fractional,2022-10-17,2022-10-18,SWIR,fractional,30.8,29.24,18917.39861775423,95392.1188826127,18917.39861775423,646.323533434904,18917.398617754225,0.9999999999999998,False,3.637978807091713e-12,1.92308619202929e-16,472.9349654438557,94919.18391716883,False,
fractional,2022-10-24,2022-10-25,ELF,fractional,41.66,42.05,19439.729673476333,76474.72026485848,19439.729673476333,461.83851044262127,19439.729673476333,1.0,False,0.0,0.0,485.9932418369083,75988.72702302157,False,
fractional,2022-10-26,2022-10-27,AAWW,fractional,100.7,100.88,19762.071429338164,57034.99059138214,19762.071429338164,195.7011211363792,19762.071429338164,1.0,False,0.0,0.0,494.0517857334541,56540.938805648686,False,
fractional,2022-10-31,2022-11-01,FSLR,fractional,145.57,148.0,19994.14995956563,37272.91916204398,19994.14995956563,134.9606471877152,19994.14995956563,1.0,False,0.0,0.0,499.8537489891408,36773.06541305484,False,
fractional,2022-11-03,2022-11-04,HAE,fractional,79.51999999999998,80.59999999999998,20128.330621676338,33409.57074919226,20128.330621676338,249.48166748482717,20128.330621676338,1.0,False,0.0,0.0,503.2082655419084,16775.560936936443,False,
fractional,2022-11-11,2022-11-14,AVEO,fractional,14.79,14.79,19709.754372289808,13759.177645908749,13759.177645908749,929.3733748272518,13759.177645908749,0.6980897572855067,True,0.0,0.0,492.7438593072452,13266.4337866015,False,
fractional,2022-11-15,2022-11-16,NUVL,fractional,32.61,33.49,19980.685924959223,20571.08042433574,19980.685924959223,596.0204598315756,19980.685924959227,1.0000000000000002,False,0.0,0.0,499.5171481239806,20071.56327621176,False,
fractional,2022-11-16,2022-11-17,MYOV,fractional,26.8,26.73,19909.10664574708,645.9352521022038,645.9352521022038,24.14103861354522,645.9352521022037,0.0324442107622235,True,1.1368683772161605e-13,1.760034575472091e-16,497.72766614367697,92.66683323283746,False,
fractional,2022-12-19,2022-12-20,ERIE,fractional,271.4,271.97,19445.26538063744,39558.12316784515,19445.26538063744,71.42640563700535,19445.26538063744,1.0,False,0.0,0.0,486.131634515936,39071.991533329216,False,
fractional,2022-12-20,2022-12-21,TTC,fractional,112.02,108.36,19573.23191805697,20112.85778720771,19573.23191805697,180.4510727188737,19573.23191805697,1.0,False,0.0,0.0,489.3307979514242,19623.526989256286,False,
fractional,2023-01-09,2023-01-10,RMBS,fractional,37.49,37.48,18810.394011029348,33378.90738849178,18810.394011029348,501.3767985224314,18810.394011029348,1.0,False,0.0,0.0,470.2598502757337,32908.64753821605,False,
fractional,2023-02-02,2023-02-03,WFRD,fractional,55.4,55.63,19456.758007566776,67154.20295670553,19456.758007566776,349.40357157792374,19456.758007566776,1.0,False,0.0,0.0,486.4189501891694,66667.78400651636,False,
fractional,2023-02-03,2023-02-06,YPF,fractional,11.18,11.31,19563.544090607807,47697.44494913875,19563.544090607807,1728.028301548832,19563.544090607807,1.0,False,0.0,0.0,489.0886022651952,47208.35634687355,False,
fractional,2023-02-06,2023-02-07,GILD,fractional,86.36,86.59999999999998,19572.72472779029,28133.900858530946,19572.72472779029,225.78720041840717,19572.72472779029,1.0,False,0.0,0.0,489.3181181947572,27644.582740336184,False,
fractional,2023-02-16,2023-02-17,TDW,fractional,45.06,44.43,20465.072012105284,10129.642837523645,10129.642837523645,227.76329764144575,10129.642837523645,0.4949722547534581,True,1.8189894035458565e-12,1.7957093184052854e-16,511.626800302632,8391.690406997974,False,
fractional,2023-02-28,2023-03-01,FMX,fractional,91.92,92.45,20399.728267691084,35070.17641334172,20399.728267691084,220.43644044102012,20399.728267691084,1.0,False,0.0,0.0,509.9932066922771,34522.36737744877,False,
fractional,2023-03-06,2023-03-07,ALGM,fractional,45.35,45.15,20753.65540973606,14781.529651102011,14781.529651102011,327.0600861176921,14781.529651102011,0.7122374039306649,True,0.0,0.0,518.8413852434014,14151.60676040723,False,
fractional,2023-03-31,2023-04-03,NSIT,fractional,142.96,142.5,20684.59565941879,22098.48716357761,20684.59565941879,145.01004721186737,20684.595659418792,1.0000000000000002,False,0.0,0.0,517.1148914854697,21581.37227209214,False,
fractional,2023-04-03,2023-04-04,IPAR,fractional,146.42,146.05,20645.6577095962,1413.8915041588189,1413.8915041588189,9.671201815362446,1413.8915041588189,0.068483723020441,True,0.0,0.0,516.141442739905,897.7500614189139,False,
fractional,2023-04-24,2023-04-25,WYNN,fractional,114.48,113.47,20962.112691835395,14282.898808431852,14282.898808431852,125.7480407002168,14282.898808431852,0.6813673325015064,True,0.0,0.0,524.0528172958849,13758.845991135968,False,
fractional,2023-05-05,2023-05-08,PEN,fractional,310.08,308.87,20193.07713451995,39784.37606261087,20193.07713451995,65.31195723213541,20193.077134519957,1.0000000000000002,False,0.0,0.0,504.82692836299873,39279.54913424787,False,
fractional,2023-05-08,2023-05-09,META,fractional,233.27,231.46,20227.803804868363,19591.29892809092,19591.29892809092,84.55770846319031,19591.29892809092,0.9685331693486046,True,0.0,0.0,505.69509512170913,19085.60383296921,False,
fractional,2023-06-13,2023-06-14,TPH,fractional,33.0,32.97,21501.35801250741,40914.70697188098,21501.35801250741,651.49766861914,21501.35801250741,1.0,False,0.0,0.0,537.5339503126853,24936.669065692506,False,
fractional,2023-06-14,2023-06-15,BLDR,fractional,121.0,120.5,21399.05224781816,37144.40569910431,21399.05224781816,177.40808774477105,21399.05224781816,1.0,False,0.0,0.0,534.9763061954538,18878.37265317811,False,
fractional,2023-07-14,2023-07-17,NVDA,fractional,454.69,462.89,22632.425749302005,15764.388014781503,15764.388014781503,34.02242298473957,15764.388014781503,0.6965399197329825,True,1.8189894035458565e-12,1.1538598275050564e-16,565.8106437325501,15198.577371048956,False,
fractional,2023-08-01,2023-08-02,SMCI,fractional,337.56,328.66,22852.29819236861,17162.967931756764,17162.967931756764,52.16887394160263,17162.967931756764,0.7510390328045098,True,0.0,0.0,571.3074548092152,16591.66047694755,False,
fractional,2023-08-18,2023-08-21,MHO,fractional,94.22,94.62000000000002,22330.747729483668,12673.120482703003,12673.120482703003,133.80321309110465,12673.120482703003,0.5675188594769026,True,1.8189894035458565e-12,1.4353129570799206e-16,558.2686932370916,12083.41477929086,False,
fractional,2023-08-30,2023-08-31,APP,fractional,42.98,43.1,23300.7297539088,12392.98367737762,12392.98367737762,287.2529715615619,12392.98367737762,0.5318710533217803,True,1.8189894035458565e-12,1.4677574431621928e-16,582.51824384772,11810.4654335299,False,
fractional,2023-09-26,2023-09-27,CEG,fractional,108.49,108.98,21644.25856633997,23249.66402927106,21644.25856633997,198.40921206101632,21644.25856633997,1.0,False,0.0,0.0,541.1064641584992,967.9156104525028,False,
fractional,2023-09-27,2023-09-28,MMYT,fractional,40.37,40.05,21911.05142815369,17374.86715942247,17374.86715942247,433.3959962490063,17374.86715942247,0.7929727706766897,True,0.0,0.0,547.7762857038422,1057.6291772272536,False,
fractional,2023-10-25,2023-10-26,VRT,fractional,37.39,37.57,20999.976239763542,76808.57247419342,20999.976239763542,558.397584309849,20999.976239763542,0.9999999999999998,False,3.637978807091713e-12,1.732372820595475e-16,524.9994059940886,57204.69040312045,False,
fractional,2023-10-26,2023-10-27,UEC,fractional,5.63,5.64,20767.435814191875,55808.59623442988,20767.435814191875,3678.490979621775,20767.435814191875,1.0,False,0.0,0.0,519.1858953547968,55289.41033907508,False,
fractional,2023-10-27,2023-10-30,ANF,fractional,58.72,58.93,20704.91566825782,35041.16042023801,20704.91566825782,350.9966305247073,20704.91566825782,1.0,False,0.0,0.0,517.6228917064454,34523.53752853157,False,
fractional,2023-11-06,2023-11-07,ADBE,fractional,565.45,568.81,21994.116250484803,32508.464165596342,21994.116250484803,38.62826621609752,21994.116250484803,1.0,False,0.0,0.0,549.8529062621201,31958.611259334222,False,
fractional,2023-11-14,2023-11-15,CLS,fractional,26.88,27.0,22885.601376346,10626.47834213956,10626.47834213956,393.1800918392556,10626.47834213956,0.4643303082750899,True,0.0,0.0,572.1400344086499,9942.207880702888,False,
fractional,2023-12-05,2023-12-06,VST,fractional,37.37,37.41,22891.10364574725,20233.22020776276,20233.22020776276,540.3102699963165,20233.22020776276,0.8838901138574731,True,0.0,0.0,572.2775911436813,19659.58171969969,False,
fractional,2024-02-16,2024-02-20,CRWD,fractional,329.24,327.00202,27333.279709705745,688.4429108482084,688.4429108482084,2.1032137834882976,688.4429108482085,0.0251869851755751,True,0.0,0.0,683.3319927426436,5.110918105564792,False,
fractional,2024-04-19,2024-04-22,NRG,fractional,69.97,70.51,28678.897906993243,717.9344203546044,717.9344203546044,10.1718508459999,717.9344203546044,0.0250335428747259,True,0.0,0.0,716.9724476748311,0.9619726797733392,False,
fractional,2024-05-31,2024-06-03,EME,fractional,388.66,391.0,33418.372659969304,18245.331352753557,18245.331352753557,46.61663490666253,18245.331352753557,0.5459670803961378,True,0.0,0.0,835.4593164992326,17409.87203625432,False,
fractional,2024-07-15,2024-07-16,TRGP,fractional,134.34,134.89,34315.65555690068,21213.77717443881,21213.77717443881,157.11012372932737,21213.777174438816,0.6181953056167929,True,0.0,0.0,857.8913889225171,20344.231626789628,False,
fractional,2024-08-21,2024-08-22,ADMA,fractional,17.84,17.99,32302.7061724407,155122.1358248192,32302.7061724407,1793.798540116954,32302.7061724407,1.0,False,0.0,0.0,807.5676543110175,154314.5681705082,False,
fractional,2024-08-23,2024-08-26,CRS,fractional,144.79,146.13,32529.502851886817,122819.42965237852,32529.502851886817,222.3842184769779,32529.50285188682,1.0000000000000002,False,0.0,0.0,813.2375712971703,122006.19208108136,False,
fractional,2024-08-29,2024-08-30,AEM,fractional,82.09,81.54999999999998,31991.401777895328,90334.40364418708,31991.401777895328,391.8999673275264,31991.401777895324,1.0,False,3.637978807091713e-12,1.1371739295292146e-16,799.7850444473831,89534.6185997397,False,
fractional,2024-08-30,2024-09-03,DTM,fractional,78.59,78.01999999999998,32255.51776662299,58392.7226787593,32255.51776662299,413.0132590637125,32255.51776662299,1.0,False,0.0,0.0,806.3879441655747,57536.61392212618,False,
fractional,2024-09-04,2024-09-05,LMT,fractional,574.78,575.2,30907.299412948847,26137.204912136312,26137.204912136312,45.39480844631085,26137.20491213632,0.8456644678954363,True,0.0,0.0,772.6824853237213,25364.52242681259,False,
fractional,2024-10-07,2024-10-08,AHR,fractional,24.94,25.04,33727.84392556972,88498.11557452993,33727.84392556972,1345.6130102154125,33727.84392556972,1.0,False,0.0,0.0,843.196098139243,87654.91947639069,False,
fractional,2024-10-08,2024-10-09,AFL,fractional,112.47,112.23,34088.64740753561,54770.27164896022,34088.64740753561,303.43573745630306,34088.64740753561,1.0,False,0.0,0.0,852.2161851883902,53918.05546377183,False,
fractional,2024-10-09,2024-10-10,IRM,fractional,120.49,120.0,33994.71303788571,20681.624241424608,20681.624241424608,172.17469398455387,20681.624241424608,0.6083776679737166,True,0.0,0.0,849.8678259471427,19831.756415477463,False,
fractional,2024-11-15,2024-11-18,AKR,fractional,24.6,24.61,35342.428259526234,22540.90214116787,22540.90214116787,915.009498472591,22540.90214116787,0.6377858922325794,True,0.0,0.0,883.5607064881559,21458.898604142934,False,
fractional,2024-12-17,2024-12-18,LLYVK,fractional,71.35,71.72,36136.86277275107,1399.7484712925511,1399.7484712925511,19.497352498206634,1399.7484712925511,0.0387346427966079,True,0.0,0.0,903.4215693187766,496.3269019737745,False,
fractional,2025-03-06,2025-03-07,VRNA,fractional,65.67,66.2,34603.562647009414,337830.1039528058,34603.562647009414,522.1902364555295,34603.56264700941,0.9999999999999998,False,7.275957614183426e-12,2.1026614191161167e-16,865.0890661752353,319461.6735191912,False,
fractional,2025-03-07,2025-03-10,LX,fractional,9.06,8.779999999999998,34383.267968251406,303226.5413057964,34383.267968251406,3912.1775682462658,34383.2679682514,0.9999999999999998,False,7.275957614183426e-12,2.1161332369284532e-16,859.5816992062852,302366.95960659016,False,
fractional,2025-03-10,2025-03-11,VNET,fractional,11.43,11.85,33737.9074155665,268843.273337545,33737.9074155665,2844.23655800457,33737.9074155665,1.0,False,0.0,0.0,843.4476853891625,267999.82565215585,False,
fractional,2025-03-18,2025-03-19,GRRR,fractional,26.93,27.76,34782.49865688063,235491.8318336524,34782.49865688063,1251.720133500528,34782.49865688062,0.9999999999999998,False,7.275957614183426e-12,2.0918444318674921e-16,869.5624664220157,234622.2693672304,False,
fractional,2025-03-19,2025-03-20,SRAD,fractional,22.8,23.0,35109.390751993415,200709.33317677176,35109.390751993415,1524.9702798068636,35109.390751993415,1.0,False,0.0,0.0,877.7347687998354,199831.59840797196,False,
fractional,2025-03-28,2025-03-31,ESLT,fractional,387.86,380.85,34559.41797198926,188245.8392267075,34559.41797198926,90.65220711280124,34559.41797198927,1.0000000000000002,False,0.0,0.0,863.9854492997316,164735.95697547862,False,
fractional,2025-04-02,2025-04-03,FOX,fractional,53.0,51.45,34478.56197522519,154205.82640696655,34478.56197522519,669.4677912024844,34478.56197522518,0.9999999999999998,False,7.275957614183426e-12,2.110284535477905e-16,861.9640493806297,153343.86235758595,False,
fractional,2025-04-03,2025-04-04,PYCR,fractional,22.46,22.42,33104.0467732141,175072.08010962518,33104.0467732141,1475.065825040887,33104.0467732141,1.0,False,0.0,0.0,827.6011693303524,118899.66326241104,False,
fractional,2025-04-04,2025-04-07,SWI,fractional,18.37,18.25,31040.806517477107,182945.95876752923,31040.806517477107,1699.166943603088,31040.806517477107,1.0,False,0.0,0.0,776.0201629369277,141192.01317347414,False,
fractional,2025-04-07,2025-04-08,ATSG,fractional,22.32,22.4,30718.877713063677,198821.3029990892,30718.877713063677,1370.0084608723275,30718.877713063677,1.0,False,0.0,0.0,767.9719428265918,151137.18030722553,False,
fractional,2025-04-30,2025-05-01,VRSN,fractional,282.12,282.72,33775.40187247711,263748.0209705185,33775.40187247711,119.346562720235,33775.40187247711,1.0,False,0.0,0.0,844.3850468119277,262746.52579997724,False,
fractional,2025-05-06,2025-05-07,KC,fractional,15.23,14.5,33455.12433518643,229977.09471241364,33455.12433518643,2304.945009141647,33455.12433518643,1.0,False,0.0,0.0,836.3781083796608,229140.716604034,False,
fractional,2025-05-07,2025-05-08,CNP,fractional,39.05,38.82,33575.00850823478,196521.9703772272,33575.00850823478,864.0254260997834,33575.00850823479,1.0000000000000002,False,0.0,0.0,839.3752127058694,195682.5951645213,False,
fractional,2025-05-08,2025-05-09,TGI,fractional,25.61,25.590000000000003,32922.99200203623,162946.96186899242,32922.99200203623,1285.2716647180966,32922.99200203623,1.0,False,0.0,0.0,823.0748000509059,162123.88706894152,False,
fractional,2025-05-09,2025-05-12,PLMR,fractional,159.93,164.55,32990.87265050808,130023.9698669562,32990.87265050808,200.2911864829675,32990.87265050807,0.9999999999999998,False,7.275957614183426e-12,2.205445636816573e-16,824.771816262702,129199.19805069348,False,
fractional,2025-05-12,2025-05-13,LRN,fractional,149.3,150.18,33073.51999572133,97033.09721644812,33073.51999572133,220.00585641367115,33073.51999572134,1.0000000000000002,False,0.0,0.0,826.8379998930334,96206.25921655507,False,
fractional,2025-05-27,2025-05-28,NUTX,fractional,163.73,165.44,33607.249509345806,64826.87373130758,33607.249509345806,202.9356614694892,33607.249509345806,1.0,False,0.0,0.0,840.1812377336452,63986.69249357394,False,
fractional,2025-05-28,2025-05-29,TDUP,fractional,7.22,7.309999999999999,33376.205342490466,31219.624221961774,31219.624221961774,4266.543883197758,31219.624221961774,0.9353856707675754,True,0.0,0.0,834.4051335622617,30385.21908839952,False,
fractional,2025-06-11,2025-06-12,NFG,fractional,82.01999999999998,81.95,34134.24310428201,24132.997099261043,24132.997099261043,294.1902161201952,24132.997099261047,0.7070025553381512,True,0.0,0.0,853.3560776070502,23279.64102165399,False,
fractional,2025-07-14,2025-07-15,ASM,fractional,4.29,4.31,34900.54611204216,886.8572148780788,886.8572148780788,205.56177346506837,886.8572148780788,0.0254109838863545,True,0.0,0.0,872.5136528010539,14.3435620770249,False,
fractional,2025-09-05,2025-09-08,WLDN,fractional,98.86,99.85,36280.16508936176,122199.25056151317,36280.16508936176,362.9836872127548,36280.16508936176,1.0000000000000002,False,0.0,0.0,907.004127234044,121292.24643427912,False,
fractional,2025-09-08,2025-09-09,HWKN,fractional,175.56,174.93,36349.06696210113,85919.0854721514,36349.06696210113,207.58448641109723,36349.066962101126,0.9999999999999998,False,7.275957614183426e-12,2.0016903382333323e-16,908.7266740525282,85010.35879809888,False,
fractional,2025-09-09,2025-09-10,RBLX,fractional,131.79,132.51,36273.52000422639,49570.01851005028,36273.52000422639,273.4682870840306,36273.52000422639,1.0,False,0.0,0.0,906.8380001056596,48663.18050994462,False,
fractional,2025-11-12,2025-11-13,WDC,fractional,166.11,162.45,35236.20655611394,267297.6147878525,35236.20655611394,216.68824592529012,35236.20655611394,1.0,False,0.0,0.0,880.9051639028484,266416.70962394966,False,
fractional,2025-11-19,2025-11-20,BE,fractional,108.93,113.1,34872.45411686387,292365.24738096964,34872.45411686387,308.0249027441513,34872.45411686387,1.0,False,0.0,0.0,871.8113529215966,264508.835731779,False,
fractional,2025-11-20,2025-11-21,INDV,fractional,31.77,31.57,34149.31799348663,257682.8788578477,34149.31799348663,1080.620930969146,34149.317993486635,1.0000000000000002,False,0.0,0.0,853.7329498371656,256639.0603142686,False,
fractional,2025-11-26,2025-11-28,LGND,fractional,206.16,206.18000000000004,35167.06619160514,223533.56086436103,35167.06619160514,170.39448179914535,35167.06619160513,0.9999999999999998,False,7.275957614183426e-12,2.0689691811483255e-16,879.1766547901285,222654.3842095709,False,
fractional,2025-11-28,2025-12-01,LITE,fractional,325.16,314.99,35380.38446986134,188366.49467275597,35380.38446986134,112.21003660570466,35380.38446986133,0.9999999999999998,False,7.275957614183426e-12,2.056494784668444e-16,884.5096117465334,187481.9850610094,False,
fractional,2025-12-01,2025-12-02,SNDK,fractional,210.17,211.75,34978.49091525748,153200.29422675996,34978.49091525748,165.02265581057662,34978.49091525748,1.0,False,0.0,0.0,874.462272881437,152111.64793001316,False,
fractional,2025-12-05,2025-12-08,CIEN,fractional,201.71,205.0,35345.959132059055,142257.25569834703,35345.959132059055,172.24706577353894,35345.959132059055,1.0,False,0.0,0.0,883.6489783014764,141373.60672004556,False,
fractional,2025-12-08,2025-12-09,ROIV,fractional,20.99,20.89,35259.22921137088,106911.29656628796,35259.22921137088,1686.1658787058268,35259.22921137088,1.0,False,0.0,0.0,881.4807302842721,106029.8158360037,False,
fractional,2025-12-09,2025-12-10,INSM,fractional,194.17,194.87,35206.56567691499,71652.06735491709,35206.56567691499,180.4864488255368,35206.56567691499,1.0,False,0.0,0.0,880.1641419228747,70771.90321299422,False,
fractional,2025-12-18,2025-12-19,PVLA,fractional,96.24,96.79,35154.52175028152,62296.97889226541,35154.52175028152,362.841226861593,35154.52175028153,1.0000000000000002,False,0.0,0.0,878.863043757038,61418.11584850837,False,
fractional,2025-12-22,2025-12-23,GOOG,fractional,311.33,311.12,36697.12838589578,27210.446297318485,27210.446297318485,87.37227768797958,27210.446297318485,0.7414870725355334,True,0.0,0.0,917.4282096473944,26225.02893233649,False,
fractional,2026-03-02,2026-03-03,CGAU,fractional,20.65,19.36,46527.2938411169,32822.451983773724,32822.451983773724,1693.680905033692,32822.451983773724,0.7054451113330819,True,0.0,0.0,1163.182346027923,31425.490615514067,False,
fractional,2026-03-09,2026-03-10,ERAS,fractional,15.76,15.81,45061.98894626944,25418.02201537086,25418.02201537086,1606.111915622067,25418.02201537086,0.564067911997372,True,0.0,0.0,1126.5497236567362,24273.12411339965,False,
fractional,2026-04-29,2026-04-30,SU,fractional,67.07,66.72,49907.0341107014,16563.59960272764,16563.59960272764,248.00738234678457,16563.59960272764,0.3318890793227074,True,0.0,0.0,1247.6758527675347,15315.923749960108,False,
fractional,2026-05-20,2026-05-21,KGS,fractional,73.34999999999998,73.93,53381.4249443651,70226.15400726984,53381.4249443651,721.3322987625806,53381.4249443651,1.0,False,0.0,0.0,1334.5356236091277,68706.52258381236,False,
fractional,2026-05-29,2026-06-01,ASX,fractional,38.35,38.15,56193.6588968158,17130.086689200165,17130.086689200165,448.5707395933076,17130.08668920017,0.3048402084059851,True,0.0,0.0,1404.841472420395,15725.245216779773,False,
fractional,2026-06-17,2026-06-18,ATEX,fractional,79.15999999999998,79.2,59100.335356829,145072.7993172319,59100.335356829,745.4708846308869,59100.335356829,1.0,False,0.0,0.0,1477.508383920725,112282.15343119497,False,
fractional,2026-06-22,2026-06-23,VSH,fractional,64.27,59.34,61487.48545641978,85972.4639604029,61487.48545641978,1035.15435451673,61487.48545641979,1.0000000000000002,False,0.0,0.0,1537.1871364104943,84435.27682399242,False,
fractional,2026-07-14,2026-07-15,ATEN,fractional,37.64,37.65,55965.866589774734,412733.8779168792,55965.866589774734,1484.9922080515696,55965.86658977473,1.0,False,7.275957614183426e-12,1.300070571142158e-16,1399.1466647443683,367839.67769331206,False,
fractional,2026-07-15,2026-07-16,BAND,fractional,70.97,71.215,55267.60784410327,462120.3890184977,55267.60784410327,775.2916583396,55267.60784410326,1.0,False,7.275957614183426e-12,1.3164958459405672e-16,1381.6901961025817,355386.3211310018,False,
fractional,2026-07-21,2026-07-22,SYRE,fractional,102.7,100.79,55573.84091023541,406852.7811743945,55573.84091023541,550.8316557956917,55573.84091023541,1.0,False,0.0,0.0,1389.346022755885,405463.4351516386,False,
