decision_date,ticker,outcome,planned_shares,close_price,close_nav,cash_before_decision,required_reserve,uncommitted_cash_after_reserve,intended_capital,funding_fraction,q0_reason,buffer_basis_points
2006-07-05,MED,PLAN,205,19.49,100000.0,100000.0,100.0,99900.0,4000.0,1.0,,10
2006-07-05,ACLI,PLAN,66,59.89,100000.0,100000.0,100.0,99900.0,4000.0,1.0,,10
2006-07-05,FALB,PLAN,75,53.26,100000.0,100000.0,100.0,99900.0,4000.0,1.0,,10
2006-07-05,TTI,PLAN,131,30.37,100000.0,100000.0,100.0,99900.0,4000.0,1.0,,10
2006-07-05,CHAP1,PLAN,56,71.0,100000.0,100000.0,100.0,99900.0,4000.0,1.0,,10
2006-07-05,LFCHY,PLAN,64,61.65,100000.0,100000.0,100.0,99900.0,4000.0,1.0,,10
2006-07-05,ADM,PLAN,94,42.21,100000.0,100000.0,100.0,99900.0,4000.0,1.0,,10
2006-07-05,LVS,PLAN,53,75.06999999999998,100000.0,100000.0,100.0,99900.0,4000.0,1.0,,10
2006-07-05,MNST,PLAN,19,205.35,100000.0,100000.0,100.0,99900.0,4000.0,1.0,,10
2006-07-05,BFH,PLAN,67,58.81,100000.0,100000.0,100.0,99900.0,4000.0,1.0,,10
2006-07-05,AVL1,PLAN,84,47.38,100000.0,100000.0,100.0,99900.0,4000.0,1.0,,10
2006-07-05,LECO,PLAN,65,60.63,100000.0,100000.0,100.0,99900.0,4000.0,1.0,,10
2006-07-05,DAKT,PLAN,137,29.03,100000.0,100000.0,100.0,99900.0,4000.0,1.0,,10
2006-07-05,MTW,PLAN,89,44.87,100000.0,100000.0,100.0,99900.0,4000.0,1.0,,10
2006-07-05,VOLT2,PLAN,83,47.67,100000.0,100000.0,100.0,99900.0,4000.0,1.0,,10
2006-07-05,EXPD,PLAN,74,53.73,100000.0,100000.0,100.0,99900.0,4000.0,1.0,,10
2006-07-05,KEX,PLAN,101,39.46,100000.0,100000.0,100.0,99900.0,4000.0,1.0,,10
2006-07-05,OII,PLAN,86,46.05,100000.0,100000.0,100.0,99900.0,4000.0,1.0,,10
2006-07-05,FTI1,PLAN,57,69.18,100000.0,100000.0,100.0,99900.0,4000.0,1.0,,10
2006-07-05,WEBX1,PLAN,111,35.75,100000.0,100000.0,100.0,99900.0,4000.0,1.0,,10
2006-07-05,JLL,PLAN,46,86.25,100000.0,100000.0,100.0,99900.0,4000.0,1.0,,10
2006-07-05,AGP,PLAN,130,30.67,100000.0,100000.0,100.0,99900.0,4000.0,1.0,,10
2006-07-05,ATI,PLAN,58,68.61,100000.0,100000.0,100.0,99900.0,4000.0,1.0,,10
2006-07-05,TEX,PLAN,40,98.96,100000.0,100000.0,100.0,99900.0,4000.0,1.0,,10
2006-07-05,WCC,PLAN,60,66.6,100000.0,100000.0,100.0,99900.0,4000.0,1.0,,10
2006-09-07,CMCSK,PLAN,101,34.86,88313.27174698001,10600.901746980015,88.31327174698,10512.588475233035,3532.5308698792005,1.0,,10
2006-09-11,HCR1,PLAN,65,52.21,86078.59694808102,7072.476948081014,86.07859694808101,6986.3983511329325,3443.143877923241,1.0,,10
2006-09-15,CXW,PLAN,80,43.47,87240.796359581,6458.086359581013,87.240796359581,6370.845563221433,3489.63185438324,1.0,,10
2006-10-03,CMCSA,PLAN,94,37.07,87203.226659581,9694.126659581016,87.203226659581,9606.923432921434,3488.1290663832406,1.0,,10
2006-10-16,EPC,PLAN,49,76.62,94707.37963026502,6226.949630265017,94.70737963026502,6132.242250634752,3788.2951852106007,1.0,,10
2006-10-17,UST1,PLAN,42,55.79,94057.78603026501,2479.6060302650167,94.057786030265,2385.5482442347516,3762.3114412106006,0.6340645322725204,,10
2006-11-01,ACAS,PLAN,1,42.74,93491.38285026503,145.28285026501698,93.49138285026503,51.79146741475195,3739.655314010601,0.013849262315891911,,10
2006-12-15,MA,PLAN,41,96.19,100331.32508026501,4306.305080265016,100.33132508026502,4205.973755184751,4013.2530032106006,1.0,,10
2007-01-29,TSG1,PLAN,129,32.3,104534.75270026502,21142.227980265012,104.53475270026502,21037.69322756475,4181.390108010601,1.0,,10
2007-01-30,CF,PLAN,136,30.77,104983.83851426501,16967.487410265014,104.98383851426502,16862.50357175075,4199.353540570601,1.0,,10
2007-01-31,MTCH,PLAN,109,38.4,104867.018914265,12788.421330265013,104.867018914265,12683.554311350748,4194.6807565706,1.0,,10
2007-02-01,HAS,PLAN,146,28.68,105458.83626626503,8603.000090265014,105.45883626626504,8497.541253998748,4218.353450650601,1.0,,10
2007-02-02,TRA,PLAN,287,14.67,105424.95263426499,4405.686970265014,105.424952634265,4300.262017630749,4216.9981053706,1.0,,10
2007-02-05,UIS,PLAN,11,8.849999999999998,105104.125040265,202.6781602650135,105.104125040265,97.5740352247485,4204.1650016106005,0.023208897649680316,,10
2007-03-29,MIR2,PLAN,102,40.94,105450.117871001,6841.357871001014,105.450117871001,6735.907753130014,4218.00471484004,1.0,,10
2007-05-14,GEN1,PLAN,179,25.46,114596.61695100101,10464.151951001015,114.59661695100101,10349.555334050014,4583.86467804004,1.0,,10
2007-06-05,TRW,PLAN,119,40.04,119243.16944100101,10082.899441001015,119.24316944100102,9963.656271560014,4769.72677764004,1.0,,10
2007-06-21,NRG,PLAN,111,43.51,121230.556681001,8833.986681001017,121.230556681001,8712.756124320016,4849.22226724004,1.0,,10
2007-07-13,GLBL1,PLAN,135,28.68,127802.076521001,4014.441521001018,127.802076521001,3886.639444480017,5112.08306084004,0.760284877656379,,10
2007-08-23,TBSIQ,PLAN,117,38.17,112712.66701100102,9180.427011001018,112.71266701100102,9067.714343990017,4508.50668044004,1.0,,10
2007-08-28,DRYS,PLAN,71,61.3,109590.459311001,4718.269311001019,109.590459311001,4608.678851690018,4383.61837244004,1.0,,10
2007-09-11,GRMN,Q0_SKIP,0,106.88,114001.32161100101,195.5266110010193,114.00132161100102,81.52528939001827,4560.05286444004,0.01787814567365313,CASH_SCARCITY,10
2007-09-11,OII,PLAN,1,72.29,114001.32161100101,195.5266110010193,114.00132161100102,81.52528939001827,4560.05286444004,0.01787814567365313,,10
2007-10-29,EDO,PLAN,89,57.65,129095.75395100101,9812.103951001041,129.095753951001,9683.00819705004,5163.83015804004,1.0,,10
2007-11-29,MTL,PLAN,57,82.76999999999998,119798.54087100102,34622.99087100104,119.79854087100102,34503.19233013004,4791.941634840041,1.0,,10
2007-12-04,TELFY,PLAN,46,103.11,120484.13777574206,29571.107775742043,120.48413777574206,29450.623637966302,4819.365511029682,1.0,,10
2007-12-10,IHS2,PLAN,71,69.05,123707.27938406405,24883.13938406404,123.70727938406405,24759.432104679978,4948.291175362562,1.0,,10
2007-12-11,BIDU,PLAN,12,378.38,121002.47068406401,19929.490684064043,121.00247068406402,19808.48821337998,4840.098827362561,1.0,,10
2007-12-12,SIGM,PLAN,73,65.98,122159.37516406404,19896.365164064042,122.15937516406404,19774.205788899977,4886.375006562562,1.0,,10
2007-12-13,BMRN,PLAN,165,29.76,123329.81285406403,15064.402854064043,123.32981285406403,14941.073041209978,4933.192514162562,1.0,,10
2007-12-14,KUST,PLAN,800,6.1,122176.13245406405,9158.102454064043,122.17613245406405,9035.926321609979,4887.045298162562,1.0,,10
2008-01-14,CVD,PLAN,49,95.66,118662.25517406402,28125.85517406404,118.66225517406401,28007.192918889974,4746.4902069625605,1.0,,10
2008-01-18,PHRM,PLAN,63,67.84,107958.41024406406,43952.97024406405,107.95841024406405,43845.01183381998,4318.336409762563,1.0,,10
2008-02-05,PRGO,PLAN,130,33.48,109239.53512406406,39828.79512406405,109.23953512406406,39719.555588939984,4369.581404962562,1.0,,10
2008-02-06,MEE,PLAN,114,38.26,110021.69762406405,35436.90762406405,110.02169762406405,35326.88592643999,4400.8679049625625,1.0,,10
2008-02-07,MOS,PLAN,47,93.75,110648.80228406405,35056.142284064044,110.64880228406405,34945.49348177998,4425.952091362562,1.0,,10
2008-02-08,INCY,PLAN,372,11.98,111763.60647406403,30575.856474064043,111.76360647406403,30464.092867589978,4470.544258962561,1.0,,10
2008-02-11,AUXL,PLAN,134,33.47,112911.50107406404,26126.011074064045,112.91150107406405,26013.09957298998,4516.460042962562,1.0,,10
2008-02-12,GOLD1,PLAN,97,46.39,113699.42579406405,21576.185794064044,113.69942579406406,21462.48636826998,4547.977031762563,1.0,,10
2008-02-20,FRFHF,PLAN,15,307.0,116601.22261406404,17018.452614064045,116.60122261406404,16901.85139144998,4664.048904562562,1.0,,10
2008-02-21,CMO,PLAN,255,18.11,115893.67766406405,12559.127664064043,115.89367766406404,12443.233986399979,4635.747106562562,1.0,,10
2008-02-22,GLDN1,PLAN,44,105.06,116555.29256406403,7959.432564064044,116.55529256406403,7842.8772714999795,4662.211702562561,1.0,,10
2008-02-25,KGC,PLAN,134,23.87,118440.17948406404,3331.7294840640443,118.44017948406403,3213.28930457998,4737.6071793625615,0.6782515271796603,,10
2008-02-26,CNX,Q0_SKIP,0,81.33,119016.15822406404,127.26822406404426,119.01615822406404,8.252065839980219,4760.646328962562,0.0017333919114673041,CASH_SCARCITY,10
2008-02-26,GG,Q0_SKIP,0,42.27,119016.15822406404,127.26822406404426,119.01615822406404,8.252065839980219,4760.646328962562,0.0017333919114673041,CASH_SCARCITY,10
2008-02-26,FCL1,Q0_SKIP,0,57.81,119016.15822406404,127.26822406404426,119.01615822406404,8.252065839980219,4760.646328962562,0.0017333919114673041,CASH_SCARCITY,10
2008-02-26,BVN,Q0_SKIP,0,72.54,119016.15822406404,127.26822406404426,119.01615822406404,8.252065839980219,4760.646328962562,0.0017333919114673041,CASH_SCARCITY,10
2008-02-26,WLTGQ,Q0_SKIP,0,52.57,119016.15822406404,127.26822406404426,119.01615822406404,8.252065839980219,4760.646328962562,0.0017333919114673041,CASH_SCARCITY,10
2008-02-26,ANRZQ,Q0_SKIP,0,41.5,119016.15822406404,127.26822406404426,119.01615822406404,8.252065839980219,4760.646328962562,0.0017333919114673041,CASH_SCARCITY,10
2008-02-26,MON2,Q0_SKIP,0,120.76,119016.15822406404,127.26822406404426,119.01615822406404,8.252065839980219,4760.646328962562,0.0017333919114673041,CASH_SCARCITY,10
2008-02-26,CPHD,Q0_SKIP,0,31.82,119016.15822406404,127.26822406404426,119.01615822406404,8.252065839980219,4760.646328962562,0.0017333919114673041,CASH_SCARCITY,10
2008-02-26,HES,Q0_SKIP,0,98.54,119016.15822406404,127.26822406404426,119.01615822406404,8.252065839980219,4760.646328962562,0.0017333919114673041,CASH_SCARCITY,10
2008-02-26,SID,Q0_SKIP,0,37.47,119016.15822406404,127.26822406404426,119.01615822406404,8.252065839980219,4760.646328962562,0.0017333919114673041,CASH_SCARCITY,10
2008-02-26,TRA,Q0_SKIP,0,50.38,119016.15822406404,127.26822406404426,119.01615822406404,8.252065839980219,4760.646328962562,0.0017333919114673041,CASH_SCARCITY,10
2008-02-26,NVT1,Q0_SKIP,0,74.72,119016.15822406404,127.26822406404426,119.01615822406404,8.252065839980219,4760.646328962562,0.0017333919114673041,CASH_SCARCITY,10
2008-02-26,PBR,Q0_SKIP,0,121.75,119016.15822406404,127.26822406404426,119.01615822406404,8.252065839980219,4760.646328962562,0.0017333919114673041,CASH_SCARCITY,10
2008-02-26,RESP1,Q0_SKIP,0,65.73,119016.15822406404,127.26822406404426,119.01615822406404,8.252065839980219,4760.646328962562,0.0017333919114673041,CASH_SCARCITY,10
2008-02-26,ADM,Q0_SKIP,0,45.92,119016.15822406404,127.26822406404426,119.01615822406404,8.252065839980219,4760.646328962562,0.0017333919114673041,CASH_SCARCITY,10
2008-02-26,AEM,Q0_SKIP,0,67.39,119016.15822406404,127.26822406404426,119.01615822406404,8.252065839980219,4760.646328962562,0.0017333919114673041,CASH_SCARCITY,10
2008-02-26,ACIIQ,Q0_SKIP,0,54.45,119016.15822406404,127.26822406404426,119.01615822406404,8.252065839980219,4760.646328962562,0.0017333919114673041,CASH_SCARCITY,10
2008-02-26,OTEX,Q0_SKIP,0,33.07,119016.15822406404,127.26822406404426,119.01615822406404,8.252065839980219,4760.646328962562,0.0017333919114673041,CASH_SCARCITY,10
2008-02-26,CSIQ,Q0_SKIP,0,19.32,119016.15822406404,127.26822406404426,119.01615822406404,8.252065839980219,4760.646328962562,0.0017333919114673041,CASH_SCARCITY,10
2008-02-26,ATVI,Q0_SKIP,0,27.25,119016.15822406404,127.26822406404426,119.01615822406404,8.252065839980219,4760.646328962562,0.0017333919114673041,CASH_SCARCITY,10
2008-02-26,MFA,Q0_SKIP,0,10.1,119016.15822406404,127.26822406404426,119.01615822406404,8.252065839980219,4760.646328962562,0.0017333919114673041,CASH_SCARCITY,10
2008-02-26,AUY,Q0_SKIP,0,17.57,119016.15822406404,127.26822406404426,119.01615822406404,8.252065839980219,4760.646328962562,0.0017333919114673041,CASH_SCARCITY,10
2008-02-26,BTUUQ,Q0_SKIP,0,59.12,119016.15822406404,127.26822406404426,119.01615822406404,8.252065839980219,4760.646328962562,0.0017333919114673041,CASH_SCARCITY,10
2008-02-26,EOG,Q0_SKIP,0,108.23,119016.15822406404,127.26822406404426,119.01615822406404,8.252065839980219,4760.646328962562,0.0017333919114673041,CASH_SCARCITY,10
2008-02-26,POT,Q0_SKIP,0,161.53,119016.15822406404,127.26822406404426,119.01615822406404,8.252065839980219,4760.646328962562,0.0017333919114673041,CASH_SCARCITY,10
2008-02-26,SWN,Q0_SKIP,0,68.13,119016.15822406404,127.26822406404426,119.01615822406404,8.252065839980219,4760.646328962562,0.0017333919114673041,CASH_SCARCITY,10
2008-02-26,WTI,Q0_SKIP,0,36.55,119016.15822406404,127.26822406404426,119.01615822406404,8.252065839980219,4760.646328962562,0.0017333919114673041,CASH_SCARCITY,10
2008-02-26,NLY,Q0_SKIP,0,20.87,119016.15822406404,127.26822406404426,119.01615822406404,8.252065839980219,4760.646328962562,0.0017333919114673041,CASH_SCARCITY,10
2008-02-26,CMEDQ,Q0_SKIP,0,55.57,119016.15822406404,127.26822406404426,119.01615822406404,8.252065839980219,4760.646328962562,0.0017333919114673041,CASH_SCARCITY,10
2008-02-26,SYT1,Q0_SKIP,0,56.89,119016.15822406404,127.26822406404426,119.01615822406404,8.252065839980219,4760.646328962562,0.0017333919114673041,CASH_SCARCITY,10
2008-02-26,WLL2,Q0_SKIP,0,60.85,119016.15822406404,127.26822406404426,119.01615822406404,8.252065839980219,4760.646328962562,0.0017333919114673041,CASH_SCARCITY,10
2008-02-26,RRC,Q0_SKIP,0,65.16,119016.15822406404,127.26822406404426,119.01615822406404,8.252065839980219,4760.646328962562,0.0017333919114673041,CASH_SCARCITY,10
2008-02-26,VAR,Q0_SKIP,0,53.69,119016.15822406404,127.26822406404426,119.01615822406404,8.252065839980219,4760.646328962562,0.0017333919114673041,CASH_SCARCITY,10
2008-02-26,PAAS,Q0_SKIP,0,39.19,119016.15822406404,127.26822406404426,119.01615822406404,8.252065839980219,4760.646328962562,0.0017333919114673041,CASH_SCARCITY,10
2008-02-26,SGY,Q0_SKIP,0,49.72,119016.15822406404,127.26822406404426,119.01615822406404,8.252065839980219,4760.646328962562,0.0017333919114673041,CASH_SCARCITY,10
2008-02-26,ILMN,Q0_SKIP,0,74.45,119016.15822406404,127.26822406404426,119.01615822406404,8.252065839980219,4760.646328962562,0.0017333919114673041,CASH_SCARCITY,10
2008-02-26,BEAS,Q0_SKIP,0,18.82,119016.15822406404,127.26822406404426,119.01615822406404,8.252065839980219,4760.646328962562,0.0017333919114673041,CASH_SCARCITY,10
2008-02-26,MBT,Q0_SKIP,0,87.03,119016.15822406404,127.26822406404426,119.01615822406404,8.252065839980219,4760.646328962562,0.0017333919114673041,CASH_SCARCITY,10
2008-02-26,VEON,Q0_SKIP,0,37.7,119016.15822406404,127.26822406404426,119.01615822406404,8.252065839980219,4760.646328962562,0.0017333919114673041,CASH_SCARCITY,10
2008-02-26,PPDI,Q0_SKIP,0,46.65,119016.15822406404,127.26822406404426,119.01615822406404,8.252065839980219,4760.646328962562,0.0017333919114673041,CASH_SCARCITY,10
2008-02-26,KWKAQ,Q0_SKIP,0,34.73,119016.15822406404,127.26822406404426,119.01615822406404,8.252065839980219,4760.646328962562,0.0017333919114673041,CASH_SCARCITY,10
2008-02-26,FSLR,Q0_SKIP,0,220.69,119016.15822406404,127.26822406404426,119.01615822406404,8.252065839980219,4760.646328962562,0.0017333919114673041,CASH_SCARCITY,10
2008-02-26,AIZ,Q0_SKIP,0,64.52,119016.15822406404,127.26822406404426,119.01615822406404,8.252065839980219,4760.646328962562,0.0017333919114673041,CASH_SCARCITY,10
2008-02-26,AGP,Q0_SKIP,0,37.91,119016.15822406404,127.26822406404426,119.01615822406404,8.252065839980219,4760.646328962562,0.0017333919114673041,CASH_SCARCITY,10
2008-02-26,IMCL,Q0_SKIP,0,45.58,119016.15822406404,127.26822406404426,119.01615822406404,8.252065839980219,4760.646328962562,0.0017333919114673041,CASH_SCARCITY,10
2008-02-26,WDR,Q0_SKIP,0,33.92,119016.15822406404,127.26822406404426,119.01615822406404,8.252065839980219,4760.646328962562,0.0017333919114673041,CASH_SCARCITY,10
2008-02-26,AGU,Q0_SKIP,0,74.06999999999998,119016.15822406404,127.26822406404426,119.01615822406404,8.252065839980219,4760.646328962562,0.0017333919114673041,CASH_SCARCITY,10
2008-02-26,PRXL,Q0_SKIP,0,58.07,119016.15822406404,127.26822406404426,119.01615822406404,8.252065839980219,4760.646328962562,0.0017333919114673041,CASH_SCARCITY,10
2008-02-26,AGCO,Q0_SKIP,0,66.7,119016.15822406404,127.26822406404426,119.01615822406404,8.252065839980219,4760.646328962562,0.0017333919114673041,CASH_SCARCITY,10
2008-02-26,CMP,Q0_SKIP,0,57.94,119016.15822406404,127.26822406404426,119.01615822406404,8.252065839980219,4760.646328962562,0.0017333919114673041,CASH_SCARCITY,10
2008-02-26,SOHU,Q0_SKIP,0,45.58,119016.15822406404,127.26822406404426,119.01615822406404,8.252065839980219,4760.646328962562,0.0017333919114673041,CASH_SCARCITY,10
2008-02-26,WPM,Q0_SKIP,0,16.97,119016.15822406404,127.26822406404426,119.01615822406404,8.252065839980219,4760.646328962562,0.0017333919114673041,CASH_SCARCITY,10
2008-02-26,UAPH,Q0_SKIP,0,38.62,119016.15822406404,127.26822406404426,119.01615822406404,8.252065839980219,4760.646328962562,0.0017333919114673041,CASH_SCARCITY,10
2008-02-26,DE,Q0_SKIP,0,87.45999999999998,119016.15822406404,127.26822406404426,119.01615822406404,8.252065839980219,4760.646328962562,0.0017333919114673041,CASH_SCARCITY,10
2008-02-26,CDE,PLAN,1,4.84,119016.15822406404,127.26822406404426,119.01615822406404,8.252065839980219,4760.646328962562,0.0017333919114673041,,10
2008-03-13,CMP,PLAN,74,60.76,113231.33214106405,15455.282141064043,113.23133214106406,15342.050808922979,4529.253285642562,1.0,,10
2008-03-14,SID,PLAN,113,39.12,111574.65630106405,10924.916301064044,111.57465630106405,10813.34164476298,4462.986252042562,1.0,,10
2008-04-08,WLTGQ,PLAN,68,69.27,117951.05380106403,9712.373801064045,117.95105380106403,9594.422747262981,4718.042152042562,1.0,,10
2008-04-09,XEC,PLAN,80,58.99,118596.04372106405,4977.563721064045,118.59604372106405,4858.967677342981,4743.841748842562,1.0,,10
2008-04-10,EOG,PLAN,1,129.82,120340.10412106404,263.25412106404656,120.34010412106404,142.91401694298253,4813.604164842562,0.02968960721506622,,10
2008-04-14,NEU,Q0_SKIP,0,82.47,119900.06577106407,134.77577106404658,119.90006577106406,14.875705292982516,4796.002630842563,0.0031016883096182013,CASH_SCARCITY,10
2008-04-14,HES,Q0_SKIP,0,101.19,119900.06577106407,134.77577106404658,119.90006577106406,14.875705292982516,4796.002630842563,0.0031016883096182013,CASH_SCARCITY,10
2008-04-14,SWN,Q0_SKIP,0,38.08,119900.06577106407,134.77577106404658,119.90006577106406,14.875705292982516,4796.002630842563,0.0031016883096182013,CASH_SCARCITY,10
2008-04-14,CTRA,Q0_SKIP,0,57.92,119900.06577106407,134.77577106404658,119.90006577106406,14.875705292982516,4796.002630842563,0.0031016883096182013,CASH_SCARCITY,10
2008-04-14,HP,Q0_SKIP,0,52.89,119900.06577106407,134.77577106404658,119.90006577106406,14.875705292982516,4796.002630842563,0.0031016883096182013,CASH_SCARCITY,10
2008-04-14,WTI,Q0_SKIP,0,37.97,119900.06577106407,134.77577106404658,119.90006577106406,14.875705292982516,4796.002630842563,0.0031016883096182013,CASH_SCARCITY,10
2008-04-14,SGY,Q0_SKIP,0,60.44,119900.06577106407,134.77577106404658,119.90006577106406,14.875705292982516,4796.002630842563,0.0031016883096182013,CASH_SCARCITY,10
2008-04-14,NFLX,Q0_SKIP,0,35.78,119900.06577106407,134.77577106404658,119.90006577106406,14.875705292982516,4796.002630842563,0.0031016883096182013,CASH_SCARCITY,10
2008-04-14,RRC,Q0_SKIP,0,66.85,119900.06577106407,134.77577106404658,119.90006577106406,14.875705292982516,4796.002630842563,0.0031016883096182013,CASH_SCARCITY,10
2008-04-14,OVV,Q0_SKIP,0,80.23,119900.06577106407,134.77577106404658,119.90006577106406,14.875705292982516,4796.002630842563,0.0031016883096182013,CASH_SCARCITY,10
2008-04-14,TT2,Q0_SKIP,0,45.91,119900.06577106407,134.77577106404658,119.90006577106406,14.875705292982516,4796.002630842563,0.0031016883096182013,CASH_SCARCITY,10
2008-04-14,STLD,Q0_SKIP,0,34.57,119900.06577106407,134.77577106404658,119.90006577106406,14.875705292982516,4796.002630842563,0.0031016883096182013,CASH_SCARCITY,10
2008-04-14,CLR,Q0_SKIP,0,38.23,119900.06577106407,134.77577106404658,119.90006577106406,14.875705292982516,4796.002630842563,0.0031016883096182013,CASH_SCARCITY,10
2008-04-14,ANRZQ,Q0_SKIP,0,47.81,119900.06577106407,134.77577106404658,119.90006577106406,14.875705292982516,4796.002630842563,0.0031016883096182013,CASH_SCARCITY,10
2008-04-14,KWKAQ,Q0_SKIP,0,40.1,119900.06577106407,134.77577106404658,119.90006577106406,14.875705292982516,4796.002630842563,0.0031016883096182013,CASH_SCARCITY,10
2008-04-14,LNN,Q0_SKIP,0,107.75,119900.06577106407,134.77577106404658,119.90006577106406,14.875705292982516,4796.002630842563,0.0031016883096182013,CASH_SCARCITY,10
2008-04-14,POT,Q0_SKIP,0,181.9,119900.06577106407,134.77577106404658,119.90006577106406,14.875705292982516,4796.002630842563,0.0031016883096182013,CASH_SCARCITY,10
2008-04-14,SYT1,Q0_SKIP,0,61.13,119900.06577106407,134.77577106404658,119.90006577106406,14.875705292982516,4796.002630842563,0.0031016883096182013,CASH_SCARCITY,10
2008-04-14,WLL2,Q0_SKIP,0,70.47,119900.06577106407,134.77577106404658,119.90006577106406,14.875705292982516,4796.002630842563,0.0031016883096182013,CASH_SCARCITY,10
2008-04-14,APA,Q0_SKIP,0,136.44,119900.06577106407,134.77577106404658,119.90006577106406,14.875705292982516,4796.002630842563,0.0031016883096182013,CASH_SCARCITY,10
2008-04-14,MLNM,Q0_SKIP,0,24.45,119900.06577106407,134.77577106404658,119.90006577106406,14.875705292982516,4796.002630842563,0.0031016883096182013,CASH_SCARCITY,10
2008-04-14,THC,PLAN,2,5.22,119900.06577106407,134.77577106404658,119.90006577106406,14.875705292982516,4796.002630842563,0.0031016883096182013,,10
2008-04-22,LNN,Q0_SKIP,0,128.89,127051.68321106405,127.94171106404659,127.05168321106406,0.8900278529825272,5082.067328442562,0.00017513106290452924,CASH_SCARCITY,10
2008-04-22,NEU,Q0_SKIP,0,88.51999999999998,127051.68321106405,127.94171106404659,127.05168321106406,0.8900278529825272,5082.067328442562,0.00017513106290452924,CASH_SCARCITY,10
2008-04-22,BPZRQ,Q0_SKIP,0,20.62,127051.68321106405,127.94171106404659,127.05168321106406,0.8900278529825272,5082.067328442562,0.00017513106290452924,CASH_SCARCITY,10
2008-04-22,HP,Q0_SKIP,0,56.7,127051.68321106405,127.94171106404659,127.05168321106406,0.8900278529825272,5082.067328442562,0.00017513106290452924,CASH_SCARCITY,10
2008-04-22,WMT,Q0_SKIP,0,56.55,127051.68321106405,127.94171106404659,127.05168321106406,0.8900278529825272,5082.067328442562,0.00017513106290452924,CASH_SCARCITY,10
2008-04-22,TT2,Q0_SKIP,0,46.4,127051.68321106405,127.94171106404659,127.05168321106406,0.8900278529825272,5082.067328442562,0.00017513106290452924,CASH_SCARCITY,10
2008-04-22,RRC,Q0_SKIP,0,72.0,127051.68321106405,127.94171106404659,127.05168321106406,0.8900278529825272,5082.067328442562,0.00017513106290452924,CASH_SCARCITY,10
2008-04-22,OI,Q0_SKIP,0,58.51,127051.68321106405,127.94171106404659,127.05168321106406,0.8900278529825272,5082.067328442562,0.00017513106290452924,CASH_SCARCITY,10
2008-04-22,CQB,Q0_SKIP,0,23.28,127051.68321106405,127.94171106404659,127.05168321106406,0.8900278529825272,5082.067328442562,0.00017513106290452924,CASH_SCARCITY,10
2008-04-22,SIAL,Q0_SKIP,0,60.92,127051.68321106405,127.94171106404659,127.05168321106406,0.8900278529825272,5082.067328442562,0.00017513106290452924,CASH_SCARCITY,10
2008-04-22,CVA,Q0_SKIP,0,29.3,127051.68321106405,127.94171106404659,127.05168321106406,0.8900278529825272,5082.067328442562,0.00017513106290452924,CASH_SCARCITY,10
2008-04-22,UAPH,Q0_SKIP,0,39.15,127051.68321106405,127.94171106404659,127.05168321106406,0.8900278529825272,5082.067328442562,0.00017513106290452924,CASH_SCARCITY,10
2008-04-22,CSX,Q0_SKIP,0,60.66,127051.68321106405,127.94171106404659,127.05168321106406,0.8900278529825272,5082.067328442562,0.00017513106290452924,CASH_SCARCITY,10
2008-04-22,STLD,Q0_SKIP,0,37.12,127051.68321106405,127.94171106404659,127.05168321106406,0.8900278529825272,5082.067328442562,0.00017513106290452924,CASH_SCARCITY,10
2008-04-22,KCG1,Q0_SKIP,0,18.13,127051.68321106405,127.94171106404659,127.05168321106406,0.8900278529825272,5082.067328442562,0.00017513106290452924,CASH_SCARCITY,10
2008-04-22,AROPQ,Q0_SKIP,0,30.08,127051.68321106405,127.94171106404659,127.05168321106406,0.8900278529825272,5082.067328442562,0.00017513106290452924,CASH_SCARCITY,10
2008-04-22,POT,Q0_SKIP,0,214.83,127051.68321106405,127.94171106404659,127.05168321106406,0.8900278529825272,5082.067328442562,0.00017513106290452924,CASH_SCARCITY,10
2008-04-22,CSIQ,Q0_SKIP,0,26.14,127051.68321106405,127.94171106404659,127.05168321106406,0.8900278529825272,5082.067328442562,0.00017513106290452924,CASH_SCARCITY,10
2008-04-22,SWN,Q0_SKIP,0,39.78,127051.68321106405,127.94171106404659,127.05168321106406,0.8900278529825272,5082.067328442562,0.00017513106290452924,CASH_SCARCITY,10
2008-04-22,MLNM,Q0_SKIP,0,24.6,127051.68321106405,127.94171106404659,127.05168321106406,0.8900278529825272,5082.067328442562,0.00017513106290452924,CASH_SCARCITY,10
2008-04-22,HES,Q0_SKIP,0,115.8,127051.68321106405,127.94171106404659,127.05168321106406,0.8900278529825272,5082.067328442562,0.00017513106290452924,CASH_SCARCITY,10
2008-04-22,CHKAQ,Q0_SKIP,0,53.68,127051.68321106405,127.94171106404659,127.05168321106406,0.8900278529825272,5082.067328442562,0.00017513106290452924,CASH_SCARCITY,10
2008-04-22,SGY,Q0_SKIP,0,66.0,127051.68321106405,127.94171106404659,127.05168321106406,0.8900278529825272,5082.067328442562,0.00017513106290452924,CASH_SCARCITY,10
2008-04-22,ANRZQ,Q0_SKIP,0,51.78,127051.68321106405,127.94171106404659,127.05168321106406,0.8900278529825272,5082.067328442562,0.00017513106290452924,CASH_SCARCITY,10
2008-04-22,CTRA,Q0_SKIP,0,59.36,127051.68321106405,127.94171106404659,127.05168321106406,0.8900278529825272,5082.067328442562,0.00017513106290452924,CASH_SCARCITY,10
2008-04-22,CEDCQ,Q0_SKIP,0,60.25,127051.68321106405,127.94171106404659,127.05168321106406,0.8900278529825272,5082.067328442562,0.00017513106290452924,CASH_SCARCITY,10
2008-04-22,NHP1,Q0_SKIP,0,35.54,127051.68321106405,127.94171106404659,127.05168321106406,0.8900278529825272,5082.067328442562,0.00017513106290452924,CASH_SCARCITY,10
2008-04-22,NVR,Q0_SKIP,0,658.0,127051.68321106405,127.94171106404659,127.05168321106406,0.8900278529825272,5082.067328442562,0.00017513106290452924,CASH_SCARCITY,10
2008-04-22,FLS,Q0_SKIP,0,111.91,127051.68321106405,127.94171106404659,127.05168321106406,0.8900278529825272,5082.067328442562,0.00017513106290452924,CASH_SCARCITY,10
2008-04-22,HCBK,Q0_SKIP,0,18.27,127051.68321106405,127.94171106404659,127.05168321106406,0.8900278529825272,5082.067328442562,0.00017513106290452924,CASH_SCARCITY,10
2008-04-22,WLL2,Q0_SKIP,0,78.89,127051.68321106405,127.94171106404659,127.05168321106406,0.8900278529825272,5082.067328442562,0.00017513106290452924,CASH_SCARCITY,10
2008-04-22,SVNTQ,Q0_SKIP,0,19.53,127051.68321106405,127.94171106404659,127.05168321106406,0.8900278529825272,5082.067328442562,0.00017513106290452924,CASH_SCARCITY,10
2008-04-22,SWC,Q0_SKIP,0,16.72,127051.68321106405,127.94171106404659,127.05168321106406,0.8900278529825272,5082.067328442562,0.00017513106290452924,CASH_SCARCITY,10
2008-04-22,BUCY,Q0_SKIP,0,121.08,127051.68321106405,127.94171106404659,127.05168321106406,0.8900278529825272,5082.067328442562,0.00017513106290452924,CASH_SCARCITY,10
2008-04-22,ADM,Q0_SKIP,0,47.28,127051.68321106405,127.94171106404659,127.05168321106406,0.8900278529825272,5082.067328442562,0.00017513106290452924,CASH_SCARCITY,10
2008-04-22,SYT1,Q0_SKIP,0,64.05,127051.68321106405,127.94171106404659,127.05168321106406,0.8900278529825272,5082.067328442562,0.00017513106290452924,CASH_SCARCITY,10
2008-04-22,GILD,Q0_SKIP,0,50.89,127051.68321106405,127.94171106404659,127.05168321106406,0.8900278529825272,5082.067328442562,0.00017513106290452924,CASH_SCARCITY,10
2008-04-22,BKNG,Q0_SKIP,0,125.84,127051.68321106405,127.94171106404659,127.05168321106406,0.8900278529825272,5082.067328442562,0.00017513106290452924,CASH_SCARCITY,10
2008-04-22,TW2,Q0_SKIP,0,58.05,127051.68321106405,127.94171106404659,127.05168321106406,0.8900278529825272,5082.067328442562,0.00017513106290452924,CASH_SCARCITY,10
2008-04-22,CNX,Q0_SKIP,0,85.0,127051.68321106405,127.94171106404659,127.05168321106406,0.8900278529825272,5082.067328442562,0.00017513106290452924,CASH_SCARCITY,10
2008-04-22,QLGC,Q0_SKIP,0,16.1,127051.68321106405,127.94171106404659,127.05168321106406,0.8900278529825272,5082.067328442562,0.00017513106290452924,CASH_SCARCITY,10
2008-04-22,WTI,Q0_SKIP,0,42.73,127051.68321106405,127.94171106404659,127.05168321106406,0.8900278529825272,5082.067328442562,0.00017513106290452924,CASH_SCARCITY,10
2008-04-22,JOY,Q0_SKIP,0,73.69,127051.68321106405,127.94171106404659,127.05168321106406,0.8900278529825272,5082.067328442562,0.00017513106290452924,CASH_SCARCITY,10
2008-04-22,KWKAQ,Q0_SKIP,0,42.24,127051.68321106405,127.94171106404659,127.05168321106406,0.8900278529825272,5082.067328442562,0.00017513106290452924,CASH_SCARCITY,10
2008-04-22,FSLR,Q0_SKIP,0,298.03,127051.68321106405,127.94171106404659,127.05168321106406,0.8900278529825272,5082.067328442562,0.00017513106290452924,CASH_SCARCITY,10
2008-04-22,ATVI,Q0_SKIP,0,27.23,127051.68321106405,127.94171106404659,127.05168321106406,0.8900278529825272,5082.067328442562,0.00017513106290452924,CASH_SCARCITY,10
2008-04-22,AEM,Q0_SKIP,0,68.53,127051.68321106405,127.94171106404659,127.05168321106406,0.8900278529825272,5082.067328442562,0.00017513106290452924,CASH_SCARCITY,10
2008-04-22,BVN,Q0_SKIP,0,69.17,127051.68321106405,127.94171106404659,127.05168321106406,0.8900278529825272,5082.067328442562,0.00017513106290452924,CASH_SCARCITY,10
2008-04-22,MMR,Q0_SKIP,0,27.68,127051.68321106405,127.94171106404659,127.05168321106406,0.8900278529825272,5082.067328442562,0.00017513106290452924,CASH_SCARCITY,10
2008-04-22,APA,Q0_SKIP,0,141.6,127051.68321106405,127.94171106404659,127.05168321106406,0.8900278529825272,5082.067328442562,0.00017513106290452924,CASH_SCARCITY,10
2008-04-22,HMY,Q0_SKIP,0,12.36,127051.68321106405,127.94171106404659,127.05168321106406,0.8900278529825272,5082.067328442562,0.00017513106290452924,CASH_SCARCITY,10
2008-04-22,NUE,Q0_SKIP,0,74.62999999999998,127051.68321106405,127.94171106404659,127.05168321106406,0.8900278529825272,5082.067328442562,0.00017513106290452924,CASH_SCARCITY,10
2008-04-22,FCL1,Q0_SKIP,0,63.78,127051.68321106405,127.94171106404659,127.05168321106406,0.8900278529825272,5082.067328442562,0.00017513106290452924,CASH_SCARCITY,10
2008-04-22,TTWO,Q0_SKIP,0,26.08,127051.68321106405,127.94171106404659,127.05168321106406,0.8900278529825272,5082.067328442562,0.00017513106290452924,CASH_SCARCITY,10
2008-04-22,CRZO,Q0_SKIP,0,68.65,127051.68321106405,127.94171106404659,127.05168321106406,0.8900278529825272,5082.067328442562,0.00017513106290452924,CASH_SCARCITY,10
2008-04-22,HL,Q0_SKIP,0,12.42,127051.68321106405,127.94171106404659,127.05168321106406,0.8900278529825272,5082.067328442562,0.00017513106290452924,CASH_SCARCITY,10
2008-04-22,PAAS,Q0_SKIP,0,37.53,127051.68321106405,127.94171106404659,127.05168321106406,0.8900278529825272,5082.067328442562,0.00017513106290452924,CASH_SCARCITY,10
2008-04-22,NX,Q0_SKIP,0,55.27,127051.68321106405,127.94171106404659,127.05168321106406,0.8900278529825272,5082.067328442562,0.00017513106290452924,CASH_SCARCITY,10
2008-04-22,MTH,Q0_SKIP,0,20.51,127051.68321106405,127.94171106404659,127.05168321106406,0.8900278529825272,5082.067328442562,0.00017513106290452924,CASH_SCARCITY,10
2008-04-22,CLF,Q0_SKIP,0,161.34,127051.68321106405,127.94171106404659,127.05168321106406,0.8900278529825272,5082.067328442562,0.00017513106290452924,CASH_SCARCITY,10
2008-04-22,CVSA,Q0_SKIP,0,49.88,127051.68321106405,127.94171106404659,127.05168321106406,0.8900278529825272,5082.067328442562,0.00017513106290452924,CASH_SCARCITY,10
2008-04-22,CPS1,Q0_SKIP,0,48.23,127051.68321106405,127.94171106404659,127.05168321106406,0.8900278529825272,5082.067328442562,0.00017513106290452924,CASH_SCARCITY,10
2008-04-22,UTHR,Q0_SKIP,0,86.18,127051.68321106405,127.94171106404659,127.05168321106406,0.8900278529825272,5082.067328442562,0.00017513106290452924,CASH_SCARCITY,10
2008-04-22,GFASY,Q0_SKIP,0,36.74,127051.68321106405,127.94171106404659,127.05168321106406,0.8900278529825272,5082.067328442562,0.00017513106290452924,CASH_SCARCITY,10
2008-04-22,MON2,Q0_SKIP,0,128.58,127051.68321106405,127.94171106404659,127.05168321106406,0.8900278529825272,5082.067328442562,0.00017513106290452924,CASH_SCARCITY,10
2008-04-22,PBR,Q0_SKIP,0,127.63,127051.68321106405,127.94171106404659,127.05168321106406,0.8900278529825272,5082.067328442562,0.00017513106290452924,CASH_SCARCITY,10
2008-04-22,DPTRQ,Q0_SKIP,0,27.12,127051.68321106405,127.94171106404659,127.05168321106406,0.8900278529825272,5082.067328442562,0.00017513106290452924,CASH_SCARCITY,10
2008-04-22,PIRRQ,Q0_SKIP,0,7.72,127051.68321106405,127.94171106404659,127.05168321106406,0.8900278529825272,5082.067328442562,0.00017513106290452924,CASH_SCARCITY,10
2008-04-23,NEU,Q0_SKIP,0,88.31999999999998,125647.96321106405,185.06321106404658,125.64796321106405,59.41524785298253,5025.918528442562,0.011821768999386108,CASH_SCARCITY,10
2008-04-23,LNN,Q0_SKIP,0,113.56,125647.96321106405,185.06321106404658,125.64796321106405,59.41524785298253,5025.918528442562,0.011821768999386108,CASH_SCARCITY,10
2008-04-23,BPZRQ,PLAN,2,20.15,125647.96321106405,185.06321106404658,125.64796321106405,59.41524785298253,5025.918528442562,0.011821768999386108,,10
2008-05-21,JRCCQ,PLAN,137,36.98,127109.78316106404,6525.433161064046,127.10978316106404,6398.3233779029815,5084.391326442562,1.0,,10
2008-05-30,MMR,PLAN,161,31.92,129723.05921106407,5295.169211064047,129.72305921106408,5165.446151852982,5188.922368442563,0.9954757047952083,,10
2008-06-02,UNTCQ,Q0_SKIP,0,76.15999999999998,130845.94579106405,156.6157910640477,130.84594579106405,25.769845272983645,5233.837831642562,0.0049236996066605605,CASH_SCARCITY,10
2008-06-02,CSX,Q0_SKIP,0,68.46,130845.94579106405,156.6157910640477,130.84594579106405,25.769845272983645,5233.837831642562,0.0049236996066605605,CASH_SCARCITY,10
2008-06-02,R,Q0_SKIP,0,73.04999999999998,130845.94579106405,156.6157910640477,130.84594579106405,25.769845272983645,5233.837831642562,0.0049236996066605605,CASH_SCARCITY,10
2008-06-02,XCOOQ,Q0_SKIP,0,27.0,130845.94579106405,156.6157910640477,130.84594579106405,25.769845272983645,5233.837831642562,0.0049236996066605605,CASH_SCARCITY,10
2008-06-02,CGRNQ,PLAN,6,3.91,130845.94579106405,156.6157910640477,130.84594579106405,25.769845272983645,5233.837831642562,0.0049236996066605605,,10
2008-06-27,UNTCQ,PLAN,64,81.08,131530.55707106407,7822.647071064048,131.53055707106407,7691.1165139929835,5261.222282842563,1.0,,10
2008-07-03,PCXCQ,PLAN,38,63.365,119870.51987106405,2550.1798710640496,119.87051987106406,2430.3093511929856,4794.8207948425625,0.5068613521087361,,10
2008-07-15,ANRZQ,PLAN,51,94.92,123033.92180106405,18406.771801064053,123.03392180106405,18283.73787926299,4921.356872042562,1.0,,10
2008-08-05,SPSX,PLAN,98,45.02,110431.69421106407,45206.75421106406,110.43169421106407,45096.32251685299,4417.267768442563,1.0,,10
2008-08-06,DRS1,PLAN,56,78.75,111042.60617106405,40796.65617106405,111.04260617106405,40685.61356489299,4441.7042468425625,1.0,,10
2008-08-07,IPHS,PLAN,119,36.83,109704.37337106408,36386.243371064054,109.70437337106408,36276.53899769299,4388.174934842564,1.0,,10
2008-08-21,FSYS,PLAN,80,56.08,112304.09488106404,43797.53488106406,112.30409488106405,43685.23078618299,4492.163795242562,1.0,,10
2008-08-22,BUD1,PLAN,65,67.79,111841.96968106406,39197.73968106406,111.84196968106406,39085.89771138299,4473.678787242562,1.0,,10
2008-08-25,MYGN,PLAN,68,65.11,110999.65048106403,34794.14048106405,110.99965048106404,34683.14083058299,4439.986019242561,1.0,,10
2008-08-26,SQNM,PLAN,197,22.61,111663.51116106406,30370.401161064052,111.66351116106406,30258.73764990299,4466.540446442563,1.0,,10
2008-08-27,IKN,PLAN,265,17.02,112922.04883106405,26053.758831064053,112.92204883106405,25940.83678223299,4516.881953242562,1.0,,10
2008-08-28,WAB,PLAN,76,59.69,113598.10998106406,21545.169981064053,113.59810998106406,21431.57187108299,4543.924399242563,1.0,,10
2008-08-29,SYNA,PLAN,86,52.34,113301.70770106404,16978.327701064052,113.30170770106403,16865.02599336299,4532.0683080425615,1.0,,10
2008-09-04,THOR1,PLAN,156,26.21,102638.22339106404,18568.643391064055,102.63822339106403,18466.005167672993,4105.528935642562,1.0,,10
2008-09-05,OCR,PLAN,135,30.76,104294.84613106406,28238.626131064055,104.29484613106406,28134.331284932992,4171.793845242562,1.0,,10
2008-09-08,UTHR,PLAN,36,109.45,101136.53333106407,24011.603331064056,101.13653333106407,23910.466797732992,4045.461333242563,1.0,,10
2008-09-09,GCO,PLAN,110,35.26,97520.56209106403,23706.57209106406,97.52056209106404,23609.051528972996,3900.822483642561,1.0,,10
2008-09-11,VAR,PLAN,62,63.96,99749.85654106404,37490.976541064054,99.74985654106405,37391.22668452299,3989.994261642562,1.0,,10
2008-09-22,GAS1,PLAN,81,47.92,97563.16708106406,36947.267081064056,97.56316708106407,36849.703913982994,3902.5266832425627,1.0,,10
2008-10-03,LDG,PLAN,50,73.79999999999998,93828.33079106406,36141.41079106405,93.82833079106406,36047.58246027299,3753.1332316425624,1.0,,10
2008-10-06,VRX1,PLAN,196,18.67,91674.95029106406,32497.27029106405,91.67495029106406,32405.595340772987,3666.9980116425622,1.0,,10
2008-10-07,UB,PLAN,48,73.5,89443.22589106407,28789.16589106405,89.44322589106407,28699.722665172987,3577.729035642563,1.0,,10
2008-10-08,IMCL,PLAN,53,66.85,89063.74214106405,30803.812141064052,89.06374214106405,30714.748398922988,3562.549685642562,1.0,,10
2008-10-10,PB,PLAN,101,33.74,85783.69959106405,33816.35959106406,85.78369959106405,33730.575891472996,3431.347983642562,1.0,,10
2008-10-13,BWLD,PLAN,93,38.16,89031.02091106406,32962.12091106406,89.03102091106406,32873.089890153,3561.2408364425623,1.0,,10
2008-10-14,FDRY,PLAN,207,17.1,88939.35649106406,29243.986491064064,88.93935649106406,29155.047134573,3557.5742596425625,1.0,,10
2008-10-17,ATML,PLAN,906,3.91,88651.91268106407,25756.692681064065,88.65191268106408,25668.040768383,3546.076507242563,1.0,,10
2008-11-17,BRL,PLAN,52,64.81,85543.24784106406,53237.797841064064,85.54324784106406,53152.254593223,3421.7299136425627,1.0,,10
2008-12-09,APOL,PLAN,46,72.92,83981.18894106407,60640.548941064066,83.98118894106408,60556.567752123,3359.247557642563,1.0,,10
2008-12-10,THOR1,PLAN,114,29.24,83837.84762106407,57248.340121064066,83.83784762106407,57164.502273443,3353.5139048425626,1.0,,10
2008-12-11,DAL,PLAN,334,9.97,83490.20768106407,53928.957681064065,83.49020768106408,53845.467473383,3339.608307242563,1.0,,10
2008-12-12,AMGN,PLAN,58,58.13,84424.99136106407,50785.93136106407,84.42499136106407,50701.506369703005,3376.9996544425626,1.0,,10
2008-12-15,ALO1,PLAN,97,34.61,84021.13012106407,47431.340121064066,84.02113012106408,47347.318990943,3360.845204842563,1.0,,10
2008-12-16,LCC,PLAN,477,7.15,85518.22512106405,44032.94512106407,85.51822512106405,43947.426895943005,3420.729004842562,1.0,,10
2008-12-17,CBST,PLAN,140,24.42,86047.20413106406,40752.678131064065,86.04720413106406,40666.630926933,3441.8881652425625,1.0,,10
2008-12-18,CRI,PLAN,174,19.74,86192.74773106407,37474.28773106407,86.19274773106407,37388.094983333,3447.709909242563,1.0,,10
2009-01-20,ALK,PLAN,120,28.2,85237.85873106406,52517.04873106407,85.23785873106407,52431.810872333,3409.5143492425623,1.0,,10
2009-01-21,JBLU,PLAN,536,6.34,85091.85817106407,49083.05817106407,85.09185817106408,48997.966312893004,3403.674326842563,1.0,,10
2009-01-22,IDCC,PLAN,110,30.98,85449.44849106407,45659.95849106407,85.44944849106408,45574.50904257301,3417.977939642563,1.0,,10
2009-01-23,SMG,PLAN,102,33.33,85175.05669106406,42314.81669106407,85.17505669106407,42229.64163437301,3407.0022676425624,1.0,,10
2009-01-26,MNST,PLAN,100,33.86,85176.21561106405,38890.31561106407,85.17621561106405,38805.13939545301,3407.048624442562,1.0,,10
2009-01-27,RGLD,PLAN,71,46.75,83768.86881726408,35463.898817264075,83.76886881726408,35380.12994844681,3350.7547526905632,1.0,,10
2009-01-28,FRFHF,PLAN,10,326.93,85108.89625726406,34906.336257264076,85.10889625726406,34821.227361006815,3404.3558502905626,1.0,,10
2009-01-29,ORLY,PLAN,110,30.55,84487.02125726407,31678.111257264078,84.48702125726408,31593.624236006814,3379.480850290563,1.0,,10
2009-01-30,DLTR,PLAN,77,42.71,83181.32367726408,31430.863677264075,83.18132367726409,31347.68235358681,3327.2529470905633,1.0,,10
2009-02-02,AVAV,PLAN,89,37.18,83445.70991841807,28126.649918418076,83.44570991841807,28043.204208499657,3337.828396736723,1.0,,10
2009-02-03,ATHN1,PLAN,89,37.58,84490.83503841807,24748.395038418075,84.49083503841807,24663.904203379658,3379.633401536723,1.0,,10
2009-02-04,GMCR,PLAN,82,40.72,83759.51313841807,21455.943138418075,83.75951313841807,21372.183625279657,3350.380525536723,1.0,,10
2009-02-06,FNF,PLAN,178,19.07,84972.58600555008,18140.366005550077,84.97258600555008,18055.393419544525,3398.903440222003,1.0,,10
2009-02-12,ESINQ,PLAN,26,123.06,83009.38374555008,14724.693745550077,83.00938374555008,14641.684361804528,3320.375349822003,1.0,,10
2009-02-13,WTRG,PLAN,160,20.73,83299.47274555008,11510.482745550078,83.29947274555009,11427.183272804528,3331.9789098220035,1.0,,10
2009-02-19,MBOT,PLAN,1481,2.14,79346.74274555009,10752.802745550078,79.34674274555009,10673.456002804527,3173.8697098220036,1.0,,10
2009-02-27,COCOQ,PLAN,149,19.7,73805.00469555009,10123.304695550078,73.8050046955501,10049.499690854527,2952.2001878220035,1.0,,10
2009-03-03,PRDO,PLAN,121,23.46,71463.63689555007,14521.816895550077,71.46363689555007,14450.353258654526,2858.5454758220026,1.0,,10
2009-03-20,CVTX,PLAN,148,19.89,74023.17383555007,21429.01383555008,74.02317383555007,21354.990661714528,2960.926953422003,1.0,,10
2009-03-23,AU,PLAN,80,37.53,75672.99307555007,18485.31307555008,75.67299307555007,18409.64008247453,3026.919723022003,1.0,,10
2009-03-31,SNDA1,PLAN,78,39.53,77187.45587555009,15595.225875550079,77.18745587555009,15518.038419674529,3087.498235022004,1.0,,10
2009-04-01,AZO,PLAN,18,166.82,76666.98479555006,12561.114795550078,76.66698479555006,12484.447810754527,3066.6793918220023,1.0,,10
2009-04-02,BKNG,PLAN,35,86.09999999999998,76736.25967555007,9578.689675550078,76.73625967555007,9501.953415874528,3069.450387022003,1.0,,10
2009-04-03,IAG,PLAN,381,7.98,76210.84783062506,6563.757830625078,76.21084783062507,6487.546982794453,3048.4339132250025,1.0,,10
2009-04-06,ADM,PLAN,105,28.71,75720.22984062508,3592.799840625078,75.72022984062508,3517.079610784453,3028.809193625003,1.0,,10
2009-04-07,NFLX,PLAN,16,43.7,73869.00579062509,795.9557906250789,73.8690057906251,722.0867848344537,2954.7602316250036,0.24438083913067085,,10
2009-04-09,VTRS,Q0_SKIP,0,14.21,76038.70639635307,90.12839635307898,76.03870639635306,14.08968995672592,3041.5482558541225,0.004632407172763819,CASH_SCARCITY,10
2009-04-09,SGP1,Q0_SKIP,0,23.32,76038.70639635307,90.12839635307898,76.03870639635306,14.08968995672592,3041.5482558541225,0.004632407172763819,CASH_SCARCITY,10
2009-04-09,ALGT,Q0_SKIP,0,48.99,76038.70639635307,90.12839635307898,76.03870639635306,14.08968995672592,3041.5482558541225,0.004632407172763819,CASH_SCARCITY,10
2009-04-09,GVA,Q0_SKIP,0,41.03,76038.70639635307,90.12839635307898,76.03870639635306,14.08968995672592,3041.5482558541225,0.004632407172763819,CASH_SCARCITY,10
2009-04-09,BR,Q0_SKIP,0,19.82,76038.70639635307,90.12839635307898,76.03870639635306,14.08968995672592,3041.5482558541225,0.004632407172763819,CASH_SCARCITY,10
2009-04-09,AAP,Q0_SKIP,0,42.29,76038.70639635307,90.12839635307898,76.03870639635306,14.08968995672592,3041.5482558541225,0.004632407172763819,CASH_SCARCITY,10
2009-04-09,CY,PLAN,1,7.34,76038.70639635307,90.12839635307898,76.03870639635306,14.08968995672592,3041.5482558541225,0.004632407172763819,,10
2009-05-12,TIVO,PLAN,147,21.09,77886.80216835307,13071.07216835308,77.88680216835307,12993.185366184725,3115.472086734123,1.0,,10
2009-06-02,IQNT,PLAN,102,31.62,81356.64574835305,10050.635748353081,81.35664574835306,9969.279102604727,3254.2658299341224,1.0,,10
2009-06-09,PALM,PLAN,255,12.7,81269.65400835309,9831.214008353081,81.26965400835309,9749.944354344729,3250.7861603341235,1.0,,10
2009-06-10,STRZA,PLAN,216,14.8,80108.81980835309,6553.739808353081,80.10881980835309,6473.630988544727,3204.3527923341235,1.0,,10
2009-07-09,STEC1,PLAN,128,23.67,75951.8123369531,6332.30233695308,75.9518123369531,6256.350524616127,3038.0724934781238,1.0,,10
2009-07-20,BIDU,PLAN,9,336.24,83937.66641695308,3303.35641695308,83.93766641695309,3219.418750536127,3357.5066566781234,0.9588718890944452,,10
2009-08-19,ASH,PLAN,101,32.87,83147.30585695307,11145.615856953082,83.14730585695307,11062.468551096128,3325.892234278123,1.0,,10
2009-09-04,DTGF,PLAN,165,21.22,87813.99781695308,10260.277816953083,87.81399781695308,10172.46381913613,3512.5599126781235,1.0,,10
2009-09-08,PWRD1,PLAN,96,36.84,88629.07586695308,6654.725866953084,88.62907586695307,6566.096791086131,3545.163034678123,1.0,,10
2009-09-11,FUQI,PLAN,99,30.35,90461.3505869531,3117.9125869530844,90.4613505869531,3027.4512363661315,3618.4540234781243,0.8366698089080844,,10
2009-09-21,CAR,PLAN,168,13.76,92556.01523695307,2417.8852369530855,92.55601523695307,2325.3292217161325,3702.2406094781227,0.6280870064908928,,10
2009-10-19,JNY,PLAN,192,19.4,93280.11513695307,6609.081136953086,93.28011513695307,6515.801021816133,3731.204605478123,1.0,,10
2009-10-21,VECO,PLAN,109,25.41,91269.20673695309,2870.9467369530867,91.26920673695308,2779.6775302161336,3650.7682694781233,0.761395225617398,,10
2009-10-22,SAN,Q0_SKIP,0,17.52,92091.51395695309,97.39595695308617,92.0915139569531,5.304442996133076,3683.6605582781235,0.0014399923424574617,CASH_SCARCITY,10
2009-10-22,ADEA,Q0_SKIP,0,29.65,92091.51395695309,97.39595695308617,92.0915139569531,5.304442996133076,3683.6605582781235,0.0014399923424574617,CASH_SCARCITY,10
2009-10-22,THC,Q0_SKIP,0,6.08,92091.51395695309,97.39595695308617,92.0915139569531,5.304442996133076,3683.6605582781235,0.0014399923424574617,CASH_SCARCITY,10
2009-10-22,DAN,Q0_SKIP,0,7.24,92091.51395695309,97.39595695308617,92.0915139569531,5.304442996133076,3683.6605582781235,0.0014399923424574617,CASH_SCARCITY,10
2009-10-22,STX,Q0_SKIP,0,15.92,92091.51395695309,97.39595695308617,92.0915139569531,5.304442996133076,3683.6605582781235,0.0014399923424574617,CASH_SCARCITY,10
2009-10-22,BEXP,Q0_SKIP,0,10.57,92091.51395695309,97.39595695308617,92.0915139569531,5.304442996133076,3683.6605582781235,0.0014399923424574617,CASH_SCARCITY,10
2009-10-22,WCRX,Q0_SKIP,0,23.42,92091.51395695309,97.39595695308617,92.0915139569531,5.304442996133076,3683.6605582781235,0.0014399923424574617,CASH_SCARCITY,10
2009-10-22,TECK,Q0_SKIP,0,33.54,92091.51395695309,97.39595695308617,92.0915139569531,5.304442996133076,3683.6605582781235,0.0014399923424574617,CASH_SCARCITY,10
2009-10-22,AES,Q0_SKIP,0,14.96,92091.51395695309,97.39595695308617,92.0915139569531,5.304442996133076,3683.6605582781235,0.0014399923424574617,CASH_SCARCITY,10
2009-10-22,SGY,Q0_SKIP,0,19.09,92091.51395695309,97.39595695308617,92.0915139569531,5.304442996133076,3683.6605582781235,0.0014399923424574617,CASH_SCARCITY,10
2009-10-22,EXPE,Q0_SKIP,0,25.88,92091.51395695309,97.39595695308617,92.0915139569531,5.304442996133076,3683.6605582781235,0.0014399923424574617,CASH_SCARCITY,10
2009-10-22,ATPAQ,Q0_SKIP,0,20.94,92091.51395695309,97.39595695308617,92.0915139569531,5.304442996133076,3683.6605582781235,0.0014399923424574617,CASH_SCARCITY,10
2009-10-22,JCG,Q0_SKIP,0,43.49,92091.51395695309,97.39595695308617,92.0915139569531,5.304442996133076,3683.6605582781235,0.0014399923424574617,CASH_SCARCITY,10
2009-10-22,QVCAQ,Q0_SKIP,0,11.99,92091.51395695309,97.39595695308617,92.0915139569531,5.304442996133076,3683.6605582781235,0.0014399923424574617,CASH_SCARCITY,10
2009-10-22,RINO,Q0_SKIP,0,23.74,92091.51395695309,97.39595695308617,92.0915139569531,5.304442996133076,3683.6605582781235,0.0014399923424574617,CASH_SCARCITY,10
2009-10-22,ATLS2,Q0_SKIP,0,30.7,92091.51395695309,97.39595695308617,92.0915139569531,5.304442996133076,3683.6605582781235,0.0014399923424574617,CASH_SCARCITY,10
2009-10-22,WLTGQ,Q0_SKIP,0,63.95,92091.51395695309,97.39595695308617,92.0915139569531,5.304442996133076,3683.6605582781235,0.0014399923424574617,CASH_SCARCITY,10
2009-10-22,SIVBQ,Q0_SKIP,0,45.15,92091.51395695309,97.39595695308617,92.0915139569531,5.304442996133076,3683.6605582781235,0.0014399923424574617,CASH_SCARCITY,10
2009-10-22,IP,Q0_SKIP,0,24.38,92091.51395695309,97.39595695308617,92.0915139569531,5.304442996133076,3683.6605582781235,0.0014399923424574617,CASH_SCARCITY,10
2009-10-22,TSL1,Q0_SKIP,0,35.81,92091.51395695309,97.39595695308617,92.0915139569531,5.304442996133076,3683.6605582781235,0.0014399923424574617,CASH_SCARCITY,10
2009-10-22,TGNA,Q0_SKIP,0,13.94,92091.51395695309,97.39595695308617,92.0915139569531,5.304442996133076,3683.6605582781235,0.0014399923424574617,CASH_SCARCITY,10
2009-10-22,RRD,Q0_SKIP,0,22.17,92091.51395695309,97.39595695308617,92.0915139569531,5.304442996133076,3683.6605582781235,0.0014399923424574617,CASH_SCARCITY,10
2009-10-22,DD,Q0_SKIP,0,26.46,92091.51395695309,97.39595695308617,92.0915139569531,5.304442996133076,3683.6605582781235,0.0014399923424574617,CASH_SCARCITY,10
2009-10-22,HGSI,Q0_SKIP,0,20.41,92091.51395695309,97.39595695308617,92.0915139569531,5.304442996133076,3683.6605582781235,0.0014399923424574617,CASH_SCARCITY,10
2009-10-22,GGB,Q0_SKIP,0,17.25,92091.51395695309,97.39595695308617,92.0915139569531,5.304442996133076,3683.6605582781235,0.0014399923424574617,CASH_SCARCITY,10
2009-10-22,ING,Q0_SKIP,0,17.48,92091.51395695309,97.39595695308617,92.0915139569531,5.304442996133076,3683.6605582781235,0.0014399923424574617,CASH_SCARCITY,10
2009-10-22,RAX,Q0_SKIP,0,18.94,92091.51395695309,97.39595695308617,92.0915139569531,5.304442996133076,3683.6605582781235,0.0014399923424574617,CASH_SCARCITY,10
2009-10-22,JOY,Q0_SKIP,0,55.4,92091.51395695309,97.39595695308617,92.0915139569531,5.304442996133076,3683.6605582781235,0.0014399923424574617,CASH_SCARCITY,10
2009-10-22,HMA1,Q0_SKIP,0,7.61,92091.51395695309,97.39595695308617,92.0915139569531,5.304442996133076,3683.6605582781235,0.0014399923424574617,CASH_SCARCITY,10
2009-10-22,TCPTF,Q0_SKIP,0,12.34,92091.51395695309,97.39595695308617,92.0915139569531,5.304442996133076,3683.6605582781235,0.0014399923424574617,CASH_SCARCITY,10
2009-10-22,CYT1,Q0_SKIP,0,38.12,92091.51395695309,97.39595695308617,92.0915139569531,5.304442996133076,3683.6605582781235,0.0014399923424574617,CASH_SCARCITY,10
2009-10-22,HIG,Q0_SKIP,0,26.9,92091.51395695309,97.39595695308617,92.0915139569531,5.304442996133076,3683.6605582781235,0.0014399923424574617,CASH_SCARCITY,10
2009-10-22,IGT1,Q0_SKIP,0,21.4,92091.51395695309,97.39595695308617,92.0915139569531,5.304442996133076,3683.6605582781235,0.0014399923424574617,CASH_SCARCITY,10
2009-10-22,UFS,Q0_SKIP,0,43.62,92091.51395695309,97.39595695308617,92.0915139569531,5.304442996133076,3683.6605582781235,0.0014399923424574617,CASH_SCARCITY,10
2009-10-22,OSK,Q0_SKIP,0,35.14,92091.51395695309,97.39595695308617,92.0915139569531,5.304442996133076,3683.6605582781235,0.0014399923424574617,CASH_SCARCITY,10
2009-10-22,LNC,Q0_SKIP,0,26.52,92091.51395695309,97.39595695308617,92.0915139569531,5.304442996133076,3683.6605582781235,0.0014399923424574617,CASH_SCARCITY,10
2009-10-22,FLEX,Q0_SKIP,0,7.51,92091.51395695309,97.39595695308617,92.0915139569531,5.304442996133076,3683.6605582781235,0.0014399923424574617,CASH_SCARCITY,10
2009-10-22,ODP,Q0_SKIP,0,7.519999999999999,92091.51395695309,97.39595695308617,92.0915139569531,5.304442996133076,3683.6605582781235,0.0014399923424574617,CASH_SCARCITY,10
2009-10-22,CBI,Q0_SKIP,0,20.31,92091.51395695309,97.39595695308617,92.0915139569531,5.304442996133076,3683.6605582781235,0.0014399923424574617,CASH_SCARCITY,10
2009-10-22,GFASY,Q0_SKIP,0,35.35,92091.51395695309,97.39595695308617,92.0915139569531,5.304442996133076,3683.6605582781235,0.0014399923424574617,CASH_SCARCITY,10
2009-10-22,PER1,Q0_SKIP,0,29.92,92091.51395695309,97.39595695308617,92.0915139569531,5.304442996133076,3683.6605582781235,0.0014399923424574617,CASH_SCARCITY,10
2009-10-22,CNO,Q0_SKIP,0,6.24,92091.51395695309,97.39595695308617,92.0915139569531,5.304442996133076,3683.6605582781235,0.0014399923424574617,CASH_SCARCITY,10
2009-10-22,SITC,Q0_SKIP,0,10.01,92091.51395695309,97.39595695308617,92.0915139569531,5.304442996133076,3683.6605582781235,0.0014399923424574617,CASH_SCARCITY,10
2009-10-22,IBN,Q0_SKIP,0,39.34,92091.51395695309,97.39595695308617,92.0915139569531,5.304442996133076,3683.6605582781235,0.0014399923424574617,CASH_SCARCITY,10
2009-10-22,MEE,Q0_SKIP,0,32.72,92091.51395695309,97.39595695308617,92.0915139569531,5.304442996133076,3683.6605582781235,0.0014399923424574617,CASH_SCARCITY,10
2009-10-22,ALU,PLAN,1,4.508,92091.51395695309,97.39595695308617,92.0915139569531,5.304442996133076,3683.6605582781235,0.0014399923424574617,,10
2009-11-27,MATV,PLAN,57,61.15,88590.3281814451,12926.444181445086,88.5903281814451,12837.853853263641,3543.613127257804,1.0,,10
2009-11-30,TUPBQ,PLAN,76,46.55,88815.9434414451,9463.812441445087,88.8159434414451,9374.996498003642,3552.637737657804,1.0,,10
2009-12-01,MCK,PLAN,57,62.48,90106.77128144508,5895.087281445087,90.10677128144508,5804.980510163642,3604.2708512578033,1.0,,10
2009-12-02,PRGO,PLAN,56,39.83,90593.67359144508,2347.853591445087,90.59367359144508,2257.259917853642,3623.7469436578035,0.6229077120863104,,10
2009-12-03,NUS,PLAN,1,27.81,89084.12015144507,125.17415144508732,89.08412015144506,36.090031293642255,3563.3648060578025,0.010128076483297013,,10
2010-02-25,EL,PLAN,63,60.57,95577.71371397308,8067.933713973086,95.57771371397308,7972.356000259113,3823.1085485589233,1.0,,10
2010-03-11,EW,PLAN,41,97.21,100930.43731797308,7244.467317973086,100.93043731797307,7143.536880655113,4037.217492718923,1.0,,10
2010-03-16,LNCR,PLAN,73,42.75,102272.4780051781,3238.9480051780874,102.2724780051781,3136.6755271729094,4090.899120207124,0.7667447754160456,,10
2010-04-01,WOLF2,Q0_SKIP,0,70.6,106740.89594132408,132.61594132408754,106.74089594132408,25.87504538276346,4269.635837652963,0.006060246439421654,CASH_SCARCITY,10
2010-04-01,SKX,Q0_SKIP,0,37.02,106740.89594132408,132.61594132408754,106.74089594132408,25.87504538276346,4269.635837652963,0.006060246439421654,CASH_SCARCITY,10
2010-04-01,HNT,PLAN,1,24.95,106740.89594132408,132.61594132408754,106.74089594132408,25.87504538276346,4269.635837652963,0.006060246439421654,,10
2010-06-21,APKT,PLAN,142,29.23,103884.1734713241,22030.263471324088,103.8841734713241,21926.379297852764,4155.366938852964,1.0,,10
2010-06-24,TSN,PLAN,226,17.87,101270.8408313241,17848.445831324087,101.2708408313241,17747.174990492764,4050.833633252964,1.0,,10
2010-06-25,VCI,PLAN,117,34.69,101978.95221132405,13805.787211324086,101.97895221132406,13703.808259112762,4079.158088452962,1.0,,10
2010-07-08,IDC,PLAN,118,33.7,99582.75435132407,20118.769351324085,99.58275435132407,20019.186596972762,3983.310174052963,1.0,,10
2010-07-28,CRUS,PLAN,211,19.17,101443.99865132407,16165.998651324086,101.44399865132408,16064.554652672761,4057.759946052963,1.0,,10
2010-08-12,AZO,PLAN,19,206.5,101346.17867132407,20041.978671324086,101.34617867132407,19940.632492652763,4053.847146852963,1.0,,10
2010-08-13,VMW,PLAN,52,76.37999999999998,100795.0754913241,16119.880491324087,100.7950754913241,16019.085415832764,4031.803019652964,1.0,,10
2010-09-10,VRX1,PLAN,64,64.98,104243.23424632408,18400.724246324087,104.24323424632408,18296.481012077762,4169.729369852963,1.0,,10
2010-09-13,PWER1,PLAN,365,11.52,105450.52512632408,14199.407126324088,105.45052512632408,14093.956601197764,4218.021005052963,1.0,,10
2010-09-17,ISLN,PLAN,165,25.08,104049.13232632408,9990.402326324089,104.04913232632408,9886.353193997764,4161.965293052963,1.0,,10
2010-10-11,BHC,PLAN,160,27.16,109319.94502632409,9806.875026324089,109.31994502632409,9697.555081297765,4372.797801052963,1.0,,10
2010-11-09,ENDPQ,PLAN,123,36.35,112634.81944632408,8251.144446324091,112.63481944632409,8138.509626877767,4505.392777852963,1.0,,10
2010-11-22,LYB,PLAN,129,29.68,115778.8407763241,3958.760776324092,115.7788407763241,3842.981935547768,4631.153631052964,0.8298109373396035,,10
2011-01-14,ALXN,PLAN,61,82.37,126704.4676563241,13592.922656324092,126.7044676563241,13466.218188667768,5068.178706252964,1.0,,10
2011-01-18,ATML,PLAN,367,13.87,127543.46039632411,8545.620396324093,127.54346039632411,8418.07693592777,5101.738415852965,1.0,,10
2011-02-03,FOSL,PLAN,44,74.15,130984.3754263241,3435.5454263240936,130.9843754263241,3304.5610508977693,5239.375017052964,0.630716648482344,,10
2011-03-30,SM,PLAN,74,74.19,137899.31345632407,7470.983456324094,137.89931345632408,7333.0841428677695,5515.972538252963,1.0,,10
2011-04-18,JAZZ,PLAN,53,34.21,137971.2428563241,1959.877856324094,137.9712428563241,1821.9066134677698,5518.849714252964,0.3301243389111538,,10
2011-06-02,DTGF,PLAN,68,83.43,143367.7682963241,7196.868296324093,143.3677682963241,7053.500528027768,5734.710731852964,1.0,,10
2011-08-26,DPZ,PLAN,185,26.98,125531.4621070281,56187.28210702809,125.5314621070281,56061.75064492106,5021.258484281124,1.0,,10
2011-09-07,QCOR,PLAN,167,30.76,129052.86810702809,51135.01310702809,129.0528681070281,51005.96023892106,5162.114724281124,1.0,,10
2011-09-08,RGLD,PLAN,62,82.34,128941.2562470281,46023.04624702809,128.9412562470281,45894.10499078106,5157.650249881124,1.0,,10
2011-09-09,GOLD1,PLAN,45,111.71,127154.96980702806,40926.51480702809,127.15496980702807,40799.35983722106,5086.198792281122,1.0,,10
2011-09-12,VRUS1,PLAN,65,77.09,126921.50600702807,35987.78100702809,126.92150600702807,35860.85950102106,5076.860240281123,1.0,,10
2011-09-13,MNST,PLAN,57,88.40999999999998,127893.55415702808,30945.89415702809,127.89355415702808,30818.000602871063,5115.742166281123,1.0,,10
2011-09-14,PSMT,PLAN,71,72.64,129093.74181302807,25902.511813028093,129.09374181302806,25773.418071215066,5163.749672521123,1.0,,10
2011-09-15,MCD,PLAN,58,88.06999999999998,129940.95813302808,20708.643133028094,129.9409581330281,20578.702174895065,5197.638325321123,1.0,,10
2011-09-21,DMND,PLAN,55,91.91,128658.06405302808,15584.444053028095,128.65806405302808,15455.785988975067,5146.322562121123,1.0,,10
2011-09-22,CEPH,PLAN,61,80.95,124054.34095302809,10716.480953028095,124.05434095302809,10592.426612075067,4962.173638121124,1.0,,10
2011-09-23,CROX,PLAN,179,27.58,123873.2067830281,5772.371783028095,123.87320678302811,5648.498576245067,4954.928271321124,1.0,,10
2011-09-26,CEG1,PLAN,17,38.15,124534.3048430281,780.4448430280954,124.53430484302811,655.9105381850673,4981.372193721124,0.13167266220577206,,10
2011-10-28,SUG,PLAN,118,42.33,125318.3866890281,28939.301689028096,125.3183866890281,28813.983302339067,5012.735467561124,1.0,,10
2011-10-31,GR,PLAN,40,122.63,124517.5402890281,23942.910289028096,124.5175402890281,23818.39274873907,4980.701611561124,1.0,,10
2011-11-02,BMRN,PLAN,154,32.28,124602.78028902807,19038.010289028098,124.60278028902808,18913.40750873907,4984.111211561123,1.0,,10
2011-11-17,VFC,PLAN,37,132.99,123796.3841490281,14041.8791490281,123.79638414902811,13918.082764879073,4951.855365961124,1.0,,10
2011-11-25,NLC,PLAN,132,37.64,124678.81010969414,9122.8951096941,124.67881010969414,8998.216299584406,4987.152404387765,1.0,,10
2011-11-28,CTRA,PLAN,49,80.01999999999998,127464.4845096941,4062.239509694101,127.4644845096941,3934.775025184407,5098.579380387764,0.7717394849867286,,10
2012-01-31,DG,PLAN,124,42.61,132304.66528240175,17376.79528240175,132.30466528240174,17244.490617119347,5292.18661129607,1.0,,10
2012-02-22,URI,PLAN,130,41.15,134669.17932240176,12086.829322401747,134.66917932240176,11952.160143079345,5386.76717289607,1.0,,10
2012-03-01,PAA,PLAN,66,84.15999999999998,139432.13712240176,6827.587122401748,139.43213712240177,6688.154985279347,5577.285484896071,1.0,,10
2012-04-10,PIRRQ,PLAN,308,17.75,137239.39236240176,22711.057362401745,137.23939236240176,22573.817970039345,5489.57569449607,1.0,,10
2012-04-11,VAL1,PLAN,112,49.03,138424.3001024017,17170.762602401745,138.4243001024017,17032.338302299344,5536.972004096068,1.0,,10
2012-04-25,AAPL,PLAN,9,610.0,141362.57116240176,11676.141162401746,141.36257116240176,11534.778591239345,5654.502846496071,1.0,,10
2012-05-07,HD,PLAN,110,51.39,141884.04608384476,6211.061083844746,141.88404608384477,6069.177037760901,5675.36184335379,1.0,,10
2012-05-08,EC,PLAN,6,63.85,140061.46688384475,571.2268838447462,140.06146688384476,431.16541696090144,5602.458675353791,0.07696003521769372,,10
2012-05-09,REGN,Q0_SKIP,0,129.4,139078.4120338447,235.37703384474622,139.0784120338447,96.29862181090152,5563.136481353788,0.017310131098467543,CASH_SCARCITY,10
2012-05-09,EQIX,Q0_SKIP,0,158.99,139078.4120338447,235.37703384474622,139.0784120338447,96.29862181090152,5563.136481353788,0.017310131098467543,CASH_SCARCITY,10
2012-05-09,CPWM,PLAN,4,21.93,139078.4120338447,235.37703384474622,139.0784120338447,96.29862181090152,5563.136481353788,0.017310131098467543,,10
2012-06-08,SHW,PLAN,42,131.42,139720.96366384477,9730.373663844748,139.72096366384477,9590.652700180903,5588.838546553791,1.0,,10
2012-07-16,PCYC,PLAN,77,53.29,141426.94088913072,4273.150889130749,141.42694088913072,4131.723948241619,5657.077635565229,0.7303636637874772,,10
2012-07-17,HAIN,Q0_SKIP,0,57.41,142323.69985913075,170.32985913075026,142.32369985913076,28.00615927161951,5692.94799436523,0.004919447586617595,CASH_SCARCITY,10
2012-07-17,PSS,PLAN,1,21.53,142323.69985913075,170.32985913075026,142.32369985913076,28.00615927161951,5692.94799436523,0.004919447586617595,,10
2012-08-14,SBAC,PLAN,92,60.62,139741.70343017433,17958.633430174315,139.74170343017434,17818.89172674414,5589.668137206973,1.0,,10
2012-08-24,ELLI,PLAN,219,25.64,140981.4909485534,12398.842948553434,140.98149094855341,12257.86145760488,5639.259637942137,1.0,,10
2012-09-07,DK,PLAN,216,26.2,142250.51424975277,7110.114249752764,142.25051424975277,6967.863735503011,5690.020569990111,1.0,,10
2012-09-12,NSM,PLAN,44,27.95,142569.40024975274,1380.3902497527652,142.56940024975273,1237.8208495030124,5702.77600999011,0.21705584216083548,,10
2012-11-21,VMED,PLAN,166,33.72,140754.41126279836,14204.171262798347,140.75441126279836,14063.416851535549,5630.1764505119345,1.0,,10
2012-11-23,MPC,PLAN,96,58.98,142067.7455627983,8562.835562798347,142.0677455627983,8420.76781723555,5682.7098225119325,1.0,,10
2012-12-10,WHR,PLAN,29,99.66,140171.07456279834,3063.9855627983484,140.17107456279834,2923.81448823555,5606.842982511934,0.521472510886268,,10
2012-12-14,BAX,Q0_SKIP,0,65.95,139628.86066279834,183.9426627983487,139.62886066279833,44.31380213555036,5585.154426511934,0.007934212512584977,CASH_SCARCITY,10
2012-12-14,ONIT,PLAN,1,34.5,139628.86066279834,183.9426627983487,139.62886066279833,44.31380213555036,5585.154426511934,0.007934212512584977,,10
2013-02-15,CVI,PLAN,108,56.11,151969.96181276432,13217.791812764348,151.96996181276432,13065.821850951583,6078.7984725105725,1.0,,10
2013-03-01,EV1,PLAN,161,38.19,154661.84803276436,7325.088032764351,154.66184803276437,7170.4261847315865,6186.473921310575,1.0,,10
2013-03-05,THC,PLAN,25,40.24,158275.62393276434,1184.8539327643512,158.27562393276435,1026.5783088315868,6331.024957310574,0.16215041257200768,,10
2013-06-21,LGF.B,PLAN,222,28.3,157261.41317889758,10192.429178897595,157.26141317889758,10035.167765718697,6290.456527155903,1.0,,10
2013-07-23,NXST,PLAN,187,35.73,167734.3325588976,15274.932558897593,167.7343325588976,15107.198226338696,6709.373302355903,1.0,,10
2013-07-24,CBOE,PLAN,134,49.67,167343.5622688976,8597.972268897594,167.3435622688976,8430.628706628697,6693.742490755904,1.0,,10
2013-08-01,TW2,PLAN,21,86.29999999999998,172205.10926889762,2068.0892688975955,172.20510926889762,1895.884159628698,6888.204370755905,0.2752363399201301,,10
2013-09-25,QIHU,PLAN,78,86.95999999999998,171047.21757541,7597.907575410024,171.04721757541,7426.860357834614,6841.8887030164005,1.0,,10
2013-10-23,MGA,PLAN,7,84.69,177102.33617541008,797.0981754100261,177.10233617541007,619.995839234616,7084.093447016403,0.08751943263760005,,10
2014-03-11,WWE,PLAN,28,29.92,202915.2537175431,1067.4237175431315,202.9152537175431,864.5084638255884,8116.610148701724,0.1065110246749832,,10
2014-04-10,GLOG,PLAN,295,24.9,183866.7799775431,25433.179977543135,183.8667799775431,25249.313197565592,7354.671199101725,1.0,,10
2014-04-28,HP,PLAN,70,107.03,188523.16898754312,27940.708987543137,188.52316898754313,27752.185818555594,7540.9267595017245,1.0,,10
2014-05-08,TRGP,PLAN,68,109.32,187618.55558754315,20518.355587543138,187.61855558754314,20330.737031955596,7504.742223501726,1.0,,10
2014-05-09,CAR,PLAN,145,51.87,188257.94174754314,13107.111747543138,188.25794174754316,12918.853805795596,7530.317669901726,1.0,,10
2014-05-13,KNX1,PLAN,228,23.27,191102.93549754316,5523.28549754314,191.10293549754317,5332.182562045597,7644.117419901727,0.6975537225740506,,10
2014-05-14,CNQ,PLAN,1,40.74,189806.71940141878,256.1699375431408,189.80671940141877,66.36321814172203,7592.268776056751,0.008740894204247278,,10
2014-10-30,MDVN,PLAN,81,102.74,209760.8417905082,20087.78779050819,209.76084179050818,19878.026948717685,8390.433671620327,1.0,,10
2014-11-12,CNQR,PLAN,66,128.3,213900.36730349233,11675.207820508193,213.90036730349235,11461.3074532047,8556.014692139694,1.0,,10
2014-11-13,PANW,PLAN,27,109.6,214129.1155434923,3218.075543492305,214.1291155434923,3003.9464279488125,8565.164621739692,0.3507167183131938,,10
2014-11-14,CENX,PLAN,1,27.53,213072.9781859783,251.26818597830606,213.07297818597831,38.19520779232775,8522.919127439132,0.004481470165469493,,10
2015-01-02,LOW,PLAN,128,67.7,218341.1114459783,15801.626445978305,218.34111144597833,15583.285334532327,8733.644457839133,1.0,,10
2015-01-21,TPST,PLAN,147,47.45,216640.8848759783,7243.374875978306,216.64088487597832,7026.733991102327,8665.635395039133,0.8108734871449776,,10
2015-02-17,KR,PLAN,2,73.25,224708.95061597833,371.4706159783069,224.70895061597835,146.76166536232856,8988.358024639134,0.01632797280215379,,10
2015-05-01,COR,PLAN,48,114.61,225556.83164597827,5823.581645978306,225.55683164597826,5598.024814332328,9022.27326583913,0.620467220332156,,10
2015-08-03,ADPTQ,PLAN,53,113.45,232422.340168248,6340.910168248018,232.42234016824798,6108.487828079769,9296.89360672992,0.6570461152376641,,10
2015-09-22,SKX,PLAN,54,141.43,215503.34731523716,7942.257315237156,215.50334731523716,7726.753967921919,8620.133892609487,0.8963612473057395,,10
2015-10-27,UHAL,PLAN,21,401.21,214668.85866172315,31047.56866172316,214.66885866172316,30832.899803061435,8586.754346468926,1.0,,10
2015-10-28,AIZ,PLAN,106,81.4,217139.84321172314,22608.688211723158,217.13984321172316,22391.548368511434,8685.593728468926,1.0,,10
2015-10-30,ACGL,PLAN,116,74.89,218788.43587172314,14015.38587172316,218.78843587172315,13796.597435851436,8751.537434868926,1.0,,10
2015-11-02,TYL,PLAN,29,172.22,220617.37474772317,5319.5747477231635,220.61737474772318,5098.95737297544,8824.694989908927,0.5778055081570658,,10
2015-11-20,VRE,PLAN,6,23.96,219918.9737277232,372.5637277231634,219.9189737277232,152.64475399544023,8796.75894910893,0.017352385677329767,,10
2015-11-24,AMZN,Q0_SKIP,0,671.15,221208.00996772316,228.65996772316345,221.20800996772317,7.451957755440276,8848.320398708927,0.000842188960124862,CASH_SCARCITY,10
2015-11-24,ATVI,Q0_SKIP,0,36.84,221208.00996772316,228.65996772316345,221.20800996772317,7.451957755440276,8848.320398708927,0.000842188960124862,CASH_SCARCITY,10
2015-11-24,VRSN,Q0_SKIP,0,88.54,221208.00996772316,228.65996772316345,221.20800996772317,7.451957755440276,8848.320398708927,0.000842188960124862,CASH_SCARCITY,10
2015-11-24,NKE,Q0_SKIP,0,132.51,221208.00996772316,228.65996772316345,221.20800996772317,7.451957755440276,8848.320398708927,0.000842188960124862,CASH_SCARCITY,10
2015-11-24,LNCE,Q0_SKIP,0,38.04,221208.00996772316,228.65996772316345,221.20800996772317,7.451957755440276,8848.320398708927,0.000842188960124862,CASH_SCARCITY,10
2015-11-24,POST,Q0_SKIP,0,66.11,221208.00996772316,228.65996772316345,221.20800996772317,7.451957755440276,8848.320398708927,0.000842188960124862,CASH_SCARCITY,10
2015-11-24,BYD,Q0_SKIP,0,20.17,221208.00996772316,228.65996772316345,221.20800996772317,7.451957755440276,8848.320398708927,0.000842188960124862,CASH_SCARCITY,10
2015-11-24,AFG,Q0_SKIP,0,73.79999999999998,221208.00996772316,228.65996772316345,221.20800996772317,7.451957755440276,8848.320398708927,0.000842188960124862,CASH_SCARCITY,10
2015-11-24,MANH,Q0_SKIP,0,73.87999999999998,221208.00996772316,228.65996772316345,221.20800996772317,7.451957755440276,8848.320398708927,0.000842188960124862,CASH_SCARCITY,10
2015-11-24,TSS,Q0_SKIP,0,55.35,221208.00996772316,228.65996772316345,221.20800996772317,7.451957755440276,8848.320398708927,0.000842188960124862,CASH_SCARCITY,10
2015-11-24,PSA,Q0_SKIP,0,237.83,221208.00996772316,228.65996772316345,221.20800996772317,7.451957755440276,8848.320398708927,0.000842188960124862,CASH_SCARCITY,10
2015-11-24,JKHY,Q0_SKIP,0,78.64,221208.00996772316,228.65996772316345,221.20800996772317,7.451957755440276,8848.320398708927,0.000842188960124862,CASH_SCARCITY,10
2015-11-24,META,Q0_SKIP,0,105.74,221208.00996772316,228.65996772316345,221.20800996772317,7.451957755440276,8848.320398708927,0.000842188960124862,CASH_SCARCITY,10
2015-11-24,HPY,Q0_SKIP,0,78.09,221208.00996772316,228.65996772316345,221.20800996772317,7.451957755440276,8848.320398708927,0.000842188960124862,CASH_SCARCITY,10
2015-11-24,CASY,Q0_SKIP,0,116.08,221208.00996772316,228.65996772316345,221.20800996772317,7.451957755440276,8848.320398708927,0.000842188960124862,CASH_SCARCITY,10
2015-11-24,THG,Q0_SKIP,0,84.73999999999998,221208.00996772316,228.65996772316345,221.20800996772317,7.451957755440276,8848.320398708927,0.000842188960124862,CASH_SCARCITY,10
2015-11-24,PNY,Q0_SKIP,0,58.03,221208.00996772316,228.65996772316345,221.20800996772317,7.451957755440276,8848.320398708927,0.000842188960124862,CASH_SCARCITY,10
2015-11-24,LMT,Q0_SKIP,0,226.43,221208.00996772316,228.65996772316345,221.20800996772317,7.451957755440276,8848.320398708927,0.000842188960124862,CASH_SCARCITY,10
2015-11-24,HA,Q0_SKIP,0,36.8,221208.00996772316,228.65996772316345,221.20800996772317,7.451957755440276,8848.320398708927,0.000842188960124862,CASH_SCARCITY,10
2015-11-24,POOL,Q0_SKIP,0,82.0,221208.00996772316,228.65996772316345,221.20800996772317,7.451957755440276,8848.320398708927,0.000842188960124862,CASH_SCARCITY,10
2015-11-24,GPN,Q0_SKIP,0,72.25,221208.00996772316,228.65996772316345,221.20800996772317,7.451957755440276,8848.320398708927,0.000842188960124862,CASH_SCARCITY,10
2015-11-24,PBY1,Q0_SKIP,0,15.41,221208.00996772316,228.65996772316345,221.20800996772317,7.451957755440276,8848.320398708927,0.000842188960124862,CASH_SCARCITY,10
2015-11-24,ATO,Q0_SKIP,0,62.66,221208.00996772316,228.65996772316345,221.20800996772317,7.451957755440276,8848.320398708927,0.000842188960124862,CASH_SCARCITY,10
2015-11-24,GOOGL,Q0_SKIP,0,769.63,221208.00996772316,228.65996772316345,221.20800996772317,7.451957755440276,8848.320398708927,0.000842188960124862,CASH_SCARCITY,10
2015-11-24,CB1,Q0_SKIP,0,130.84,221208.00996772316,228.65996772316345,221.20800996772317,7.451957755440276,8848.320398708927,0.000842188960124862,CASH_SCARCITY,10
2015-11-24,LUV,Q0_SKIP,0,46.23,221208.00996772316,228.65996772316345,221.20800996772317,7.451957755440276,8848.320398708927,0.000842188960124862,CASH_SCARCITY,10
2015-11-24,HRL,Q0_SKIP,0,71.32,221208.00996772316,228.65996772316345,221.20800996772317,7.451957755440276,8848.320398708927,0.000842188960124862,CASH_SCARCITY,10
2015-11-24,MSI,Q0_SKIP,0,71.96,221208.00996772316,228.65996772316345,221.20800996772317,7.451957755440276,8848.320398708927,0.000842188960124862,CASH_SCARCITY,10
2015-11-24,FLTX,Q0_SKIP,0,58.58,221208.00996772316,228.65996772316345,221.20800996772317,7.451957755440276,8848.320398708927,0.000842188960124862,CASH_SCARCITY,10
2015-11-24,GOOG,Q0_SKIP,0,748.2799999999999,221208.00996772316,228.65996772316345,221.20800996772317,7.451957755440276,8848.320398708927,0.000842188960124862,CASH_SCARCITY,10
2015-11-24,WGHTQ,Q0_SKIP,0,25.15,221208.00996772316,228.65996772316345,221.20800996772317,7.451957755440276,8848.320398708927,0.000842188960124862,CASH_SCARCITY,10
2015-11-24,CINF,Q0_SKIP,0,61.28,221208.00996772316,228.65996772316345,221.20800996772317,7.451957755440276,8848.320398708927,0.000842188960124862,CASH_SCARCITY,10
2015-11-24,NVDA,Q0_SKIP,0,31.17,221208.00996772316,228.65996772316345,221.20800996772317,7.451957755440276,8848.320398708927,0.000842188960124862,CASH_SCARCITY,10
2015-11-24,CUBE,Q0_SKIP,0,28.79,221208.00996772316,228.65996772316345,221.20800996772317,7.451957755440276,8848.320398708927,0.000842188960124862,CASH_SCARCITY,10
2015-11-24,COR2,Q0_SKIP,0,58.73,221208.00996772316,228.65996772316345,221.20800996772317,7.451957755440276,8848.320398708927,0.000842188960124862,CASH_SCARCITY,10
2015-11-24,SGI,Q0_SKIP,0,81.0,221208.00996772316,228.65996772316345,221.20800996772317,7.451957755440276,8848.320398708927,0.000842188960124862,CASH_SCARCITY,10
2015-11-24,WP,Q0_SKIP,0,52.09,221208.00996772316,228.65996772316345,221.20800996772317,7.451957755440276,8848.320398708927,0.000842188960124862,CASH_SCARCITY,10
2015-11-24,TTWO,Q0_SKIP,0,34.71,221208.00996772316,228.65996772316345,221.20800996772317,7.451957755440276,8848.320398708927,0.000842188960124862,CASH_SCARCITY,10
2015-11-24,BEE,Q0_SKIP,0,14.12,221208.00996772316,228.65996772316345,221.20800996772317,7.451957755440276,8848.320398708927,0.000842188960124862,CASH_SCARCITY,10
2015-11-24,STZ,Q0_SKIP,0,141.34,221208.00996772316,228.65996772316345,221.20800996772317,7.451957755440276,8848.320398708927,0.000842188960124862,CASH_SCARCITY,10
2015-11-24,DMND,Q0_SKIP,0,41.23,221208.00996772316,228.65996772316345,221.20800996772317,7.451957755440276,8848.320398708927,0.000842188960124862,CASH_SCARCITY,10
2015-11-24,ALK,Q0_SKIP,0,79.59999999999998,221208.00996772316,228.65996772316345,221.20800996772317,7.451957755440276,8848.320398708927,0.000842188960124862,CASH_SCARCITY,10
2015-11-24,MXL,Q0_SKIP,0,16.92,221208.00996772316,228.65996772316345,221.20800996772317,7.451957755440276,8848.320398708927,0.000842188960124862,CASH_SCARCITY,10
2015-11-24,ORI,Q0_SKIP,0,18.92,221208.00996772316,228.65996772316345,221.20800996772317,7.451957755440276,8848.320398708927,0.000842188960124862,CASH_SCARCITY,10
2015-11-24,EXR,Q0_SKIP,0,82.43,221208.00996772316,228.65996772316345,221.20800996772317,7.451957755440276,8848.320398708927,0.000842188960124862,CASH_SCARCITY,10
2015-11-24,DY,Q0_SKIP,0,88.56,221208.00996772316,228.65996772316345,221.20800996772317,7.451957755440276,8848.320398708927,0.000842188960124862,CASH_SCARCITY,10
2015-11-24,ULTI1,Q0_SKIP,0,197.74,221208.00996772316,228.65996772316345,221.20800996772317,7.451957755440276,8848.320398708927,0.000842188960124862,CASH_SCARCITY,10
2015-11-24,CHE,Q0_SKIP,0,153.07,221208.00996772316,228.65996772316345,221.20800996772317,7.451957755440276,8848.320398708927,0.000842188960124862,CASH_SCARCITY,10
2015-11-24,MYGN,Q0_SKIP,0,44.1,221208.00996772316,228.65996772316345,221.20800996772317,7.451957755440276,8848.320398708927,0.000842188960124862,CASH_SCARCITY,10
2015-11-24,DHI,Q0_SKIP,0,32.74,221208.00996772316,228.65996772316345,221.20800996772317,7.451957755440276,8848.320398708927,0.000842188960124862,CASH_SCARCITY,10
2015-11-24,FNFG,Q0_SKIP,0,10.7,221208.00996772316,228.65996772316345,221.20800996772317,7.451957755440276,8848.320398708927,0.000842188960124862,CASH_SCARCITY,10
2015-11-24,AYI,Q0_SKIP,0,226.16,221208.00996772316,228.65996772316345,221.20800996772317,7.451957755440276,8848.320398708927,0.000842188960124862,CASH_SCARCITY,10
2015-11-24,CYT1,Q0_SKIP,0,74.56999999999998,221208.00996772316,228.65996772316345,221.20800996772317,7.451957755440276,8848.320398708927,0.000842188960124862,CASH_SCARCITY,10
2015-11-24,GAS,Q0_SKIP,0,62.73,221208.00996772316,228.65996772316345,221.20800996772317,7.451957755440276,8848.320398708927,0.000842188960124862,CASH_SCARCITY,10
2015-11-24,TAP,Q0_SKIP,0,92.11000000000001,221208.00996772316,228.65996772316345,221.20800996772317,7.451957755440276,8848.320398708927,0.000842188960124862,CASH_SCARCITY,10
2015-11-24,KITE,Q0_SKIP,0,84.84999999999998,221208.00996772316,228.65996772316345,221.20800996772317,7.451957755440276,8848.320398708927,0.000842188960124862,CASH_SCARCITY,10
2015-11-24,MSFT,Q0_SKIP,0,54.25,221208.00996772316,228.65996772316345,221.20800996772317,7.451957755440276,8848.320398708927,0.000842188960124862,CASH_SCARCITY,10
2015-11-24,ITCI,Q0_SKIP,0,57.46,221208.00996772316,228.65996772316345,221.20800996772317,7.451957755440276,8848.320398708927,0.000842188960124862,CASH_SCARCITY,10
2015-11-24,CAM2,Q0_SKIP,0,68.72,221208.00996772316,228.65996772316345,221.20800996772317,7.451957755440276,8848.320398708927,0.000842188960124862,CASH_SCARCITY,10
2015-11-24,GWRE,Q0_SKIP,0,59.0,221208.00996772316,228.65996772316345,221.20800996772317,7.451957755440276,8848.320398708927,0.000842188960124862,CASH_SCARCITY,10
2015-11-24,ACORQ,Q0_SKIP,0,37.38,221208.00996772316,228.65996772316345,221.20800996772317,7.451957755440276,8848.320398708927,0.000842188960124862,CASH_SCARCITY,10
2015-11-24,ANDV,Q0_SKIP,0,118.24,221208.00996772316,228.65996772316345,221.20800996772317,7.451957755440276,8848.320398708927,0.000842188960124862,CASH_SCARCITY,10
2015-11-24,ATHN1,Q0_SKIP,0,164.53,221208.00996772316,228.65996772316345,221.20800996772317,7.451957755440276,8848.320398708927,0.000842188960124862,CASH_SCARCITY,10
2015-11-24,ANAC1,Q0_SKIP,0,113.19,221208.00996772316,228.65996772316345,221.20800996772317,7.451957755440276,8848.320398708927,0.000842188960124862,CASH_SCARCITY,10
2015-11-24,SWI1,Q0_SKIP,0,58.27,221208.00996772316,228.65996772316345,221.20800996772317,7.451957755440276,8848.320398708927,0.000842188960124862,CASH_SCARCITY,10
2015-11-24,MDCO,Q0_SKIP,0,41.97,221208.00996772316,228.65996772316345,221.20800996772317,7.451957755440276,8848.320398708927,0.000842188960124862,CASH_SCARCITY,10
2015-11-24,GGAL,Q0_SKIP,0,25.84,221208.00996772316,228.65996772316345,221.20800996772317,7.451957755440276,8848.320398708927,0.000842188960124862,CASH_SCARCITY,10
2015-11-24,DXCM,Q0_SKIP,0,86.86,221208.00996772316,228.65996772316345,221.20800996772317,7.451957755440276,8848.320398708927,0.000842188960124862,CASH_SCARCITY,10
2015-11-24,PBF,Q0_SKIP,0,40.94,221208.00996772316,228.65996772316345,221.20800996772317,7.451957755440276,8848.320398708927,0.000842188960124862,CASH_SCARCITY,10
2015-11-24,NFLX,Q0_SKIP,0,123.31,221208.00996772316,228.65996772316345,221.20800996772317,7.451957755440276,8848.320398708927,0.000842188960124862,CASH_SCARCITY,10
2015-11-24,PTLA,Q0_SKIP,0,49.81,221208.00996772316,228.65996772316345,221.20800996772317,7.451957755440276,8848.320398708927,0.000842188960124862,CASH_SCARCITY,10
2015-11-24,TCRT,Q0_SKIP,0,12.61,221208.00996772316,228.65996772316345,221.20800996772317,7.451957755440276,8848.320398708927,0.000842188960124862,CASH_SCARCITY,10
2015-11-24,NHTC,Q0_SKIP,0,46.34,221208.00996772316,228.65996772316345,221.20800996772317,7.451957755440276,8848.320398708927,0.000842188960124862,CASH_SCARCITY,10
2015-11-24,XXII,PLAN,5,1.46,221208.00996772316,228.65996772316345,221.20800996772317,7.451957755440276,8848.320398708927,0.000842188960124862,,10
2016-01-19,SWI1,PLAN,134,58.7,198118.19777772317,26201.287777723166,198.11819777772317,26003.169579945443,7924.7279111089265,1.0,,10
2016-02-04,TAL,PLAN,166,47.95,199250.3923577232,51650.95235772317,199.2503923577232,51451.70196536544,7970.015694308929,1.0,,10
2016-02-19,HPY,PLAN,85,92.33,198242.71328718515,58611.93328718516,198.24271328718515,58413.69057389798,7929.708531487407,1.0,,10
2016-02-22,EDU,PLAN,250,31.77,199174.94378718513,50724.55378718516,199.17494378718513,50525.37884339798,7966.997751487405,1.0,,10
2016-02-23,HRL,PLAN,182,43.57,198891.27628718514,42839.17628718517,198.89127628718515,42640.285010897984,7955.651051487406,1.0,,10
2016-02-24,COR2,PLAN,123,65.11,201166.11928718517,34914.25928718517,201.16611928718518,34713.09316789798,8046.644771487407,1.0,,10
2016-02-25,EDR1,PLAN,201,40.3,202930.90062428432,26897.72075718517,202.93090062428433,26694.789856560885,8117.236024971373,1.0,,10
2016-02-26,CRAY,PLAN,188,42.76,201817.81841428427,18895.70841428429,201.81781841428426,18693.890595870005,8072.71273657137,1.0,,10
2016-03-03,HMIN,PLAN,231,35.02,203267.16193428426,10902.09193428429,203.26716193428427,10698.824772350006,8130.6864773713705,1.0,,10
2016-03-09,ATO,PLAN,39,70.91,202857.15999212538,2996.5699921253804,202.8571599921254,2793.712832133255,8114.286399685016,0.34429556642734505,,10
2016-03-21,QIHU,Q0_SKIP,0,75.0,210790.62138212545,225.1913821253811,210.79062138212547,14.400760743255631,8431.624855285017,0.001707946094663961,CASH_SCARCITY,10
2016-03-21,BKH,Q0_SKIP,0,58.3,210790.62138212545,225.1913821253811,210.79062138212547,14.400760743255631,8431.624855285017,0.001707946094663961,CASH_SCARCITY,10
2016-03-21,OGS,Q0_SKIP,0,58.08,210790.62138212545,225.1913821253811,210.79062138212547,14.400760743255631,8431.624855285017,0.001707946094663961,CASH_SCARCITY,10
2016-03-21,BRKR,Q0_SKIP,0,27.46,210790.62138212545,225.1913821253811,210.79062138212547,14.400760743255631,8431.624855285017,0.001707946094663961,CASH_SCARCITY,10
2016-03-21,TSN,Q0_SKIP,0,66.76,210790.62138212545,225.1913821253811,210.79062138212547,14.400760743255631,8431.624855285017,0.001707946094663961,CASH_SCARCITY,10
2016-03-21,YOKU,Q0_SKIP,0,27.45,210790.62138212545,225.1913821253811,210.79062138212547,14.400760743255631,8431.624855285017,0.001707946094663961,CASH_SCARCITY,10
2016-03-21,HMY,PLAN,3,3.83,210790.62138212545,225.1913821253811,210.79062138212547,14.400760743255631,8431.624855285017,0.001707946094663961,,10
2016-03-22,QIHU,Q0_SKIP,0,75.25,211337.48965212534,213.4496521253811,211.33748965212536,2.1121624732557507,8453.499586085014,0.00024985657735554886,CASH_SCARCITY,10
2016-03-22,BKH,Q0_SKIP,0,58.66,211337.48965212534,213.4496521253811,211.33748965212536,2.1121624732557507,8453.499586085014,0.00024985657735554886,CASH_SCARCITY,10
2016-03-22,OGS,Q0_SKIP,0,58.69,211337.48965212534,213.4496521253811,211.33748965212536,2.1121624732557507,8453.499586085014,0.00024985657735554886,CASH_SCARCITY,10
2016-03-22,BRKR,Q0_SKIP,0,27.67,211337.48965212534,213.4496521253811,211.33748965212536,2.1121624732557507,8453.499586085014,0.00024985657735554886,CASH_SCARCITY,10
2016-03-22,TSN,Q0_SKIP,0,66.69,211337.48965212534,213.4496521253811,211.33748965212536,2.1121624732557507,8453.499586085014,0.00024985657735554886,CASH_SCARCITY,10
2016-03-22,TSNU,Q0_SKIP,0,74.37,211337.48965212534,213.4496521253811,211.33748965212536,2.1121624732557507,8453.499586085014,0.00024985657735554886,CASH_SCARCITY,10
2016-03-22,SBSW,Q0_SKIP,0,15.0,211337.48965212534,213.4496521253811,211.33748965212536,2.1121624732557507,8453.499586085014,0.00024985657735554886,CASH_SCARCITY,10
2016-03-22,AWK,Q0_SKIP,0,67.61,211337.48965212534,213.4496521253811,211.33748965212536,2.1121624732557507,8453.499586085014,0.00024985657735554886,CASH_SCARCITY,10
2016-03-22,YOKU,Q0_SKIP,0,27.47,211337.48965212534,213.4496521253811,211.33748965212536,2.1121624732557507,8453.499586085014,0.00024985657735554886,CASH_SCARCITY,10
2016-03-22,NI,Q0_SKIP,0,22.8,211337.48965212534,213.4496521253811,211.33748965212536,2.1121624732557507,8453.499586085014,0.00024985657735554886,CASH_SCARCITY,10
2016-03-22,GOLD1,Q0_SKIP,0,92.75,211337.48965212534,213.4496521253811,211.33748965212536,2.1121624732557507,8453.499586085014,0.00024985657735554886,CASH_SCARCITY,10
2016-03-22,DLR,Q0_SKIP,0,87.12999999999998,211337.48965212534,213.4496521253811,211.33748965212536,2.1121624732557507,8453.499586085014,0.00024985657735554886,CASH_SCARCITY,10
2016-03-22,SCG,Q0_SKIP,0,67.88,211337.48965212534,213.4496521253811,211.33748965212536,2.1121624732557507,8453.499586085014,0.00024985657735554886,CASH_SCARCITY,10
2016-03-22,HA,Q0_SKIP,0,46.32,211337.48965212534,213.4496521253811,211.33748965212536,2.1121624732557507,8453.499586085014,0.00024985657735554886,CASH_SCARCITY,10
2016-03-22,B,Q0_SKIP,0,14.5,211337.48965212534,213.4496521253811,211.33748965212536,2.1121624732557507,8453.499586085014,0.00024985657735554886,CASH_SCARCITY,10
2016-03-22,KMB,Q0_SKIP,0,133.64,211337.48965212534,213.4496521253811,211.33748965212536,2.1121624732557507,8453.499586085014,0.00024985657735554886,CASH_SCARCITY,10
2016-03-22,O,Q0_SKIP,0,60.88,211337.48965212534,213.4496521253811,211.33748965212536,2.1121624732557507,8453.499586085014,0.00024985657735554886,CASH_SCARCITY,10
2016-03-22,NNN,Q0_SKIP,0,45.48,211337.48965212534,213.4496521253811,211.33748965212536,2.1121624732557507,8453.499586085014,0.00024985657735554886,CASH_SCARCITY,10
2016-03-22,WTRG,Q0_SKIP,0,31.5,211337.48965212534,213.4496521253811,211.33748965212536,2.1121624732557507,8453.499586085014,0.00024985657735554886,CASH_SCARCITY,10
2016-03-22,WR1,Q0_SKIP,0,47.84,211337.48965212534,213.4496521253811,211.33748965212536,2.1121624732557507,8453.499586085014,0.00024985657735554886,CASH_SCARCITY,10
2016-03-22,ARG,Q0_SKIP,0,141.59,211337.48965212534,213.4496521253811,211.33748965212536,2.1121624732557507,8453.499586085014,0.00024985657735554886,CASH_SCARCITY,10
2016-03-22,STOR,Q0_SKIP,0,25.76,211337.48965212534,213.4496521253811,211.33748965212536,2.1121624732557507,8453.499586085014,0.00024985657735554886,CASH_SCARCITY,10
2016-03-22,ACC,Q0_SKIP,0,45.9,211337.48965212534,213.4496521253811,211.33748965212536,2.1121624732557507,8453.499586085014,0.00024985657735554886,CASH_SCARCITY,10
2016-03-22,HSIC,Q0_SKIP,0,169.18,211337.48965212534,213.4496521253811,211.33748965212536,2.1121624732557507,8453.499586085014,0.00024985657735554886,CASH_SCARCITY,10
2016-03-22,ELS,Q0_SKIP,0,71.24,211337.48965212534,213.4496521253811,211.33748965212536,2.1121624732557507,8453.499586085014,0.00024985657735554886,CASH_SCARCITY,10
2016-03-22,DFT,Q0_SKIP,0,39.95,211337.48965212534,213.4496521253811,211.33748965212536,2.1121624732557507,8453.499586085014,0.00024985657735554886,CASH_SCARCITY,10
2016-03-22,AVA,Q0_SKIP,0,39.64,211337.48965212534,213.4496521253811,211.33748965212536,2.1121624732557507,8453.499586085014,0.00024985657735554886,CASH_SCARCITY,10
2016-03-22,WCN,Q0_SKIP,0,65.09,211337.48965212534,213.4496521253811,211.33748965212536,2.1121624732557507,8453.499586085014,0.00024985657735554886,CASH_SCARCITY,10
2016-03-22,PSA,Q0_SKIP,0,263.9,211337.48965212534,213.4496521253811,211.33748965212536,2.1121624732557507,8453.499586085014,0.00024985657735554886,CASH_SCARCITY,10
2016-03-22,NEE,Q0_SKIP,0,117.04,211337.48965212534,213.4496521253811,211.33748965212536,2.1121624732557507,8453.499586085014,0.00024985657735554886,CASH_SCARCITY,10
2016-03-22,PG,Q0_SKIP,0,82.73999999999998,211337.48965212534,213.4496521253811,211.33748965212536,2.1121624732557507,8453.499586085014,0.00024985657735554886,CASH_SCARCITY,10
2016-03-22,KLAC,Q0_SKIP,0,71.44,211337.48965212534,213.4496521253811,211.33748965212536,2.1121624732557507,8453.499586085014,0.00024985657735554886,CASH_SCARCITY,10
2016-03-22,PNY,Q0_SKIP,0,59.59,211337.48965212534,213.4496521253811,211.33748965212536,2.1121624732557507,8453.499586085014,0.00024985657735554886,CASH_SCARCITY,10
2016-03-22,CINF,Q0_SKIP,0,65.15,211337.48965212534,213.4496521253811,211.33748965212536,2.1121624732557507,8453.499586085014,0.00024985657735554886,CASH_SCARCITY,10
2016-03-22,CPB,Q0_SKIP,0,63.3,211337.48965212534,213.4496521253811,211.33748965212536,2.1121624732557507,8453.499586085014,0.00024985657735554886,CASH_SCARCITY,10
2016-03-22,CMS,Q0_SKIP,0,41.09,211337.48965212534,213.4496521253811,211.33748965212536,2.1121624732557507,8453.499586085014,0.00024985657735554886,CASH_SCARCITY,10
2016-03-22,XEL,Q0_SKIP,0,40.77,211337.48965212534,213.4496521253811,211.33748965212536,2.1121624732557507,8453.499586085014,0.00024985657735554886,CASH_SCARCITY,10
2016-03-22,SAP,Q0_SKIP,0,79.56,211337.48965212534,213.4496521253811,211.33748965212536,2.1121624732557507,8453.499586085014,0.00024985657735554886,CASH_SCARCITY,10
2016-03-22,IDA,Q0_SKIP,0,74.03,211337.48965212534,213.4496521253811,211.33748965212536,2.1121624732557507,8453.499586085014,0.00024985657735554886,CASH_SCARCITY,10
2016-03-22,ITC,Q0_SKIP,0,42.66,211337.48965212534,213.4496521253811,211.33748965212536,2.1121624732557507,8453.499586085014,0.00024985657735554886,CASH_SCARCITY,10
2016-03-22,LNT,Q0_SKIP,0,71.93,211337.48965212534,213.4496521253811,211.33748965212536,2.1121624732557507,8453.499586085014,0.00024985657735554886,CASH_SCARCITY,10
2016-03-22,MEG1,Q0_SKIP,0,16.36,211337.48965212534,213.4496521253811,211.33748965212536,2.1121624732557507,8453.499586085014,0.00024985657735554886,CASH_SCARCITY,10
2016-03-22,NJR,Q0_SKIP,0,35.04,211337.48965212534,213.4496521253811,211.33748965212536,2.1121624732557507,8453.499586085014,0.00024985657735554886,CASH_SCARCITY,10
2016-03-22,HR1,Q0_SKIP,0,29.66,211337.48965212534,213.4496521253811,211.33748965212536,2.1121624732557507,8453.499586085014,0.00024985657735554886,CASH_SCARCITY,10
2016-03-22,NDAQ,Q0_SKIP,0,65.42,211337.48965212534,213.4496521253811,211.33748965212536,2.1121624732557507,8453.499586085014,0.00024985657735554886,CASH_SCARCITY,10
2016-03-22,CBT,Q0_SKIP,0,49.07,211337.48965212534,213.4496521253811,211.33748965212536,2.1121624732557507,8453.499586085014,0.00024985657735554886,CASH_SCARCITY,10
2016-03-22,EPR,Q0_SKIP,0,64.44,211337.48965212534,213.4496521253811,211.33748965212536,2.1121624732557507,8453.499586085014,0.00024985657735554886,CASH_SCARCITY,10
2016-03-22,NEM,Q0_SKIP,0,27.39,211337.48965212534,213.4496521253811,211.33748965212536,2.1121624732557507,8453.499586085014,0.00024985657735554886,CASH_SCARCITY,10
2016-03-22,FSLR,Q0_SKIP,0,71.29,211337.48965212534,213.4496521253811,211.33748965212536,2.1121624732557507,8453.499586085014,0.00024985657735554886,CASH_SCARCITY,10
2016-03-22,NVDA,Q0_SKIP,0,33.85,211337.48965212534,213.4496521253811,211.33748965212536,2.1121624732557507,8453.499586085014,0.00024985657735554886,CASH_SCARCITY,10
2016-03-22,ES,Q0_SKIP,0,57.48,211337.48965212534,213.4496521253811,211.33748965212536,2.1121624732557507,8453.499586085014,0.00024985657735554886,CASH_SCARCITY,10
2016-03-22,AEM,Q0_SKIP,0,37.51,211337.48965212534,213.4496521253811,211.33748965212536,2.1121624732557507,8453.499586085014,0.00024985657735554886,CASH_SCARCITY,10
2016-03-22,TRMB,Q0_SKIP,0,24.84,211337.48965212534,213.4496521253811,211.33748965212536,2.1121624732557507,8453.499586085014,0.00024985657735554886,CASH_SCARCITY,10
2016-03-22,HII,Q0_SKIP,0,137.59,211337.48965212534,213.4496521253811,211.33748965212536,2.1121624732557507,8453.499586085014,0.00024985657735554886,CASH_SCARCITY,10
2016-03-22,GE,Q0_SKIP,0,31.06,211337.48965212534,213.4496521253811,211.33748965212536,2.1121624732557507,8453.499586085014,0.00024985657735554886,CASH_SCARCITY,10
2016-03-22,CCOI,Q0_SKIP,0,37.31,211337.48965212534,213.4496521253811,211.33748965212536,2.1121624732557507,8453.499586085014,0.00024985657735554886,CASH_SCARCITY,10
2016-03-22,CSGS,Q0_SKIP,0,42.31,211337.48965212534,213.4496521253811,211.33748965212536,2.1121624732557507,8453.499586085014,0.00024985657735554886,CASH_SCARCITY,10
2016-03-22,KGC,Q0_SKIP,0,3.17,211337.48965212534,213.4496521253811,211.33748965212536,2.1121624732557507,8453.499586085014,0.00024985657735554886,CASH_SCARCITY,10
2016-03-22,WBMD,Q0_SKIP,0,59.12,211337.48965212534,213.4496521253811,211.33748965212536,2.1121624732557507,8453.499586085014,0.00024985657735554886,CASH_SCARCITY,10
2016-03-22,FAST,Q0_SKIP,0,48.93,211337.48965212534,213.4496521253811,211.33748965212536,2.1121624732557507,8453.499586085014,0.00024985657735554886,CASH_SCARCITY,10
2016-03-22,ACH,Q0_SKIP,0,39.59,211337.48965212534,213.4496521253811,211.33748965212536,2.1121624732557507,8453.499586085014,0.00024985657735554886,CASH_SCARCITY,10
2016-03-22,RAI,Q0_SKIP,0,50.14,211337.48965212534,213.4496521253811,211.33748965212536,2.1121624732557507,8453.499586085014,0.00024985657735554886,CASH_SCARCITY,10
2016-03-22,IM,Q0_SKIP,0,36.37,211337.48965212534,213.4496521253811,211.33748965212536,2.1121624732557507,8453.499586085014,0.00024985657735554886,CASH_SCARCITY,10
2016-03-22,SWBI,Q0_SKIP,0,29.23,211337.48965212534,213.4496521253811,211.33748965212536,2.1121624732557507,8453.499586085014,0.00024985657735554886,CASH_SCARCITY,10
2016-03-22,FNV,Q0_SKIP,0,63.93,211337.48965212534,213.4496521253811,211.33748965212536,2.1121624732557507,8453.499586085014,0.00024985657735554886,CASH_SCARCITY,10
2016-03-22,SNDK1,Q0_SKIP,0,77.12,211337.48965212534,213.4496521253811,211.33748965212536,2.1121624732557507,8453.499586085014,0.00024985657735554886,CASH_SCARCITY,10
2016-03-22,MSFT,Q0_SKIP,0,54.07,211337.48965212534,213.4496521253811,211.33748965212536,2.1121624732557507,8453.499586085014,0.00024985657735554886,CASH_SCARCITY,10
2016-03-22,SAFM,Q0_SKIP,0,87.59,211337.48965212534,213.4496521253811,211.33748965212536,2.1121624732557507,8453.499586085014,0.00024985657735554886,CASH_SCARCITY,10
2016-03-22,EL,Q0_SKIP,0,93.18,211337.48965212534,213.4496521253811,211.33748965212536,2.1121624732557507,8453.499586085014,0.00024985657735554886,CASH_SCARCITY,10
2016-03-22,DD1,Q0_SKIP,0,63.93,211337.48965212534,213.4496521253811,211.33748965212536,2.1121624732557507,8453.499586085014,0.00024985657735554886,CASH_SCARCITY,10
2016-03-22,AFFX,Q0_SKIP,0,14.37,211337.48965212534,213.4496521253811,211.33748965212536,2.1121624732557507,8453.499586085014,0.00024985657735554886,CASH_SCARCITY,10
2016-03-22,MTN,Q0_SKIP,0,127.64,211337.48965212534,213.4496521253811,211.33748965212536,2.1121624732557507,8453.499586085014,0.00024985657735554886,CASH_SCARCITY,10
2016-03-22,VRSN,Q0_SKIP,0,89.34999999999998,211337.48965212534,213.4496521253811,211.33748965212536,2.1121624732557507,8453.499586085014,0.00024985657735554886,CASH_SCARCITY,10
2016-03-22,TSM,Q0_SKIP,0,25.81,211337.48965212534,213.4496521253811,211.33748965212536,2.1121624732557507,8453.499586085014,0.00024985657735554886,CASH_SCARCITY,10
2016-03-22,TPR,Q0_SKIP,0,38.86,211337.48965212534,213.4496521253811,211.33748965212536,2.1121624732557507,8453.499586085014,0.00024985657735554886,CASH_SCARCITY,10
2016-03-22,MTSI,Q0_SKIP,0,42.81,211337.48965212534,213.4496521253811,211.33748965212536,2.1121624732557507,8453.499586085014,0.00024985657735554886,CASH_SCARCITY,10
2016-03-22,WUBA,Q0_SKIP,0,57.86,211337.48965212534,213.4496521253811,211.33748965212536,2.1121624732557507,8453.499586085014,0.00024985657735554886,CASH_SCARCITY,10
2016-03-22,AMAT,Q0_SKIP,0,20.78,211337.48965212534,213.4496521253811,211.33748965212536,2.1121624732557507,8453.499586085014,0.00024985657735554886,CASH_SCARCITY,10
2016-03-22,TTWO,Q0_SKIP,0,35.44,211337.48965212534,213.4496521253811,211.33748965212536,2.1121624732557507,8453.499586085014,0.00024985657735554886,CASH_SCARCITY,10
2016-03-22,MUSA,Q0_SKIP,0,63.93,211337.48965212534,213.4496521253811,211.33748965212536,2.1121624732557507,8453.499586085014,0.00024985657735554886,CASH_SCARCITY,10
2016-03-22,LSCC,Q0_SKIP,0,6.19,211337.48965212534,213.4496521253811,211.33748965212536,2.1121624732557507,8453.499586085014,0.00024985657735554886,CASH_SCARCITY,10
2016-03-22,SBH,Q0_SKIP,0,32.38,211337.48965212534,213.4496521253811,211.33748965212536,2.1121624732557507,8453.499586085014,0.00024985657735554886,CASH_SCARCITY,10
2016-03-22,SYT1,Q0_SKIP,0,82.0,211337.48965212534,213.4496521253811,211.33748965212536,2.1121624732557507,8453.499586085014,0.00024985657735554886,CASH_SCARCITY,10
2016-03-22,EPAC,Q0_SKIP,0,24.46,211337.48965212534,213.4496521253811,211.33748965212536,2.1121624732557507,8453.499586085014,0.00024985657735554886,CASH_SCARCITY,10
2016-03-22,PAAS,Q0_SKIP,0,10.86,211337.48965212534,213.4496521253811,211.33748965212536,2.1121624732557507,8453.499586085014,0.00024985657735554886,CASH_SCARCITY,10
2016-03-22,AUY,Q0_SKIP,0,3.18,211337.48965212534,213.4496521253811,211.33748965212536,2.1121624732557507,8453.499586085014,0.00024985657735554886,CASH_SCARCITY,10
2016-03-22,CPRI,Q0_SKIP,0,56.04,211337.48965212534,213.4496521253811,211.33748965212536,2.1121624732557507,8453.499586085014,0.00024985657735554886,CASH_SCARCITY,10
2016-03-22,WKC,Q0_SKIP,0,48.43,211337.48965212534,213.4496521253811,211.33748965212536,2.1121624732557507,8453.499586085014,0.00024985657735554886,CASH_SCARCITY,10
2016-03-22,ANF,Q0_SKIP,0,31.67,211337.48965212534,213.4496521253811,211.33748965212536,2.1121624732557507,8453.499586085014,0.00024985657735554886,CASH_SCARCITY,10
2016-03-22,OLED,Q0_SKIP,0,53.4,211337.48965212534,213.4496521253811,211.33748965212536,2.1121624732557507,8453.499586085014,0.00024985657735554886,CASH_SCARCITY,10
2016-03-22,ALB,Q0_SKIP,0,62.16,211337.48965212534,213.4496521253811,211.33748965212536,2.1121624732557507,8453.499586085014,0.00024985657735554886,CASH_SCARCITY,10
2016-03-22,AU,Q0_SKIP,0,13.61,211337.48965212534,213.4496521253811,211.33748965212536,2.1121624732557507,8453.499586085014,0.00024985657735554886,CASH_SCARCITY,10
2016-03-22,RES,Q0_SKIP,0,13.73,211337.48965212534,213.4496521253811,211.33748965212536,2.1121624732557507,8453.499586085014,0.00024985657735554886,CASH_SCARCITY,10
2016-03-22,LUMN,Q0_SKIP,0,31.62,211337.48965212534,213.4496521253811,211.33748965212536,2.1121624732557507,8453.499586085014,0.00024985657735554886,CASH_SCARCITY,10
2016-03-22,BIDU,Q0_SKIP,0,188.4,211337.48965212534,213.4496521253811,211.33748965212536,2.1121624732557507,8453.499586085014,0.00024985657735554886,CASH_SCARCITY,10
2016-03-22,TCOM,Q0_SKIP,0,44.87,211337.48965212534,213.4496521253811,211.33748965212536,2.1121624732557507,8453.499586085014,0.00024985657735554886,CASH_SCARCITY,10
2016-03-22,AG,Q0_SKIP,0,6.79,211337.48965212534,213.4496521253811,211.33748965212536,2.1121624732557507,8453.499586085014,0.00024985657735554886,CASH_SCARCITY,10
2016-03-22,MXL,Q0_SKIP,0,18.6,211337.48965212534,213.4496521253811,211.33748965212536,2.1121624732557507,8453.499586085014,0.00024985657735554886,CASH_SCARCITY,10
2016-03-22,CPA,Q0_SKIP,0,68.9,211337.48965212534,213.4496521253811,211.33748965212536,2.1121624732557507,8453.499586085014,0.00024985657735554886,CASH_SCARCITY,10
2016-03-22,DWA,Q0_SKIP,0,25.66,211337.48965212534,213.4496521253811,211.33748965212536,2.1121624732557507,8453.499586085014,0.00024985657735554886,CASH_SCARCITY,10
2016-03-22,ADT1,Q0_SKIP,0,40.91,211337.48965212534,213.4496521253811,211.33748965212536,2.1121624732557507,8453.499586085014,0.00024985657735554886,CASH_SCARCITY,10
2016-03-22,FNSR,Q0_SKIP,0,18.64,211337.48965212534,213.4496521253811,211.33748965212536,2.1121624732557507,8453.499586085014,0.00024985657735554886,CASH_SCARCITY,10
2016-03-22,GNRC,Q0_SKIP,0,37.99,211337.48965212534,213.4496521253811,211.33748965212536,2.1121624732557507,8453.499586085014,0.00024985657735554886,CASH_SCARCITY,10
2016-03-22,CRUS,Q0_SKIP,0,35.06,211337.48965212534,213.4496521253811,211.33748965212536,2.1121624732557507,8453.499586085014,0.00024985657735554886,CASH_SCARCITY,10
2016-03-22,TEX,Q0_SKIP,0,24.42,211337.48965212534,213.4496521253811,211.33748965212536,2.1121624732557507,8453.499586085014,0.00024985657735554886,CASH_SCARCITY,10
2016-03-22,STMP,Q0_SKIP,0,110.79,211337.48965212534,213.4496521253811,211.33748965212536,2.1121624732557507,8453.499586085014,0.00024985657735554886,CASH_SCARCITY,10
2016-03-22,CENX,Q0_SKIP,0,7.26,211337.48965212534,213.4496521253811,211.33748965212536,2.1121624732557507,8453.499586085014,0.00024985657735554886,CASH_SCARCITY,10
2016-03-22,WYNN,Q0_SKIP,0,95.0,211337.48965212534,213.4496521253811,211.33748965212536,2.1121624732557507,8453.499586085014,0.00024985657735554886,CASH_SCARCITY,10
2016-03-22,TECK,Q0_SKIP,0,8.54,211337.48965212534,213.4496521253811,211.33748965212536,2.1121624732557507,8453.499586085014,0.00024985657735554886,CASH_SCARCITY,10
2016-03-23,TSN,Q0_SKIP,0,67.44,211910.1496521253,213.4496521253811,211.9101496521253,1.5395024732557943,8476.405986085012,0.00018162207848268044,CASH_SCARCITY,10
2016-03-23,YOKU,Q0_SKIP,0,27.47,211910.1496521253,213.4496521253811,211.9101496521253,1.5395024732557943,8476.405986085012,0.00018162207848268044,CASH_SCARCITY,10
2016-03-23,BKH,Q0_SKIP,0,58.44,211910.1496521253,213.4496521253811,211.9101496521253,1.5395024732557943,8476.405986085012,0.00018162207848268044,CASH_SCARCITY,10
2016-03-23,OGS,Q0_SKIP,0,58.67,211910.1496521253,213.4496521253811,211.9101496521253,1.5395024732557943,8476.405986085012,0.00018162207848268044,CASH_SCARCITY,10
2016-03-23,QIHU,Q0_SKIP,0,75.0,211910.1496521253,213.4496521253811,211.9101496521253,1.5395024732557943,8476.405986085012,0.00018162207848268044,CASH_SCARCITY,10
2016-03-23,SBSW,Q0_SKIP,0,14.11,211910.1496521253,213.4496521253811,211.9101496521253,1.5395024732557943,8476.405986085012,0.00018162207848268044,CASH_SCARCITY,10
2016-03-23,BRKR,Q0_SKIP,0,27.34,211910.1496521253,213.4496521253811,211.9101496521253,1.5395024732557943,8476.405986085012,0.00018162207848268044,CASH_SCARCITY,10
2016-03-23,TSNU,Q0_SKIP,0,75.17,211910.1496521253,213.4496521253811,211.9101496521253,1.5395024732557943,8476.405986085012,0.00018162207848268044,CASH_SCARCITY,10
2016-03-23,AWK,Q0_SKIP,0,67.55,211910.1496521253,213.4496521253811,211.9101496521253,1.5395024732557943,8476.405986085012,0.00018162207848268044,CASH_SCARCITY,10
2016-03-23,HA,Q0_SKIP,0,46.7,211910.1496521253,213.4496521253811,211.9101496521253,1.5395024732557943,8476.405986085012,0.00018162207848268044,CASH_SCARCITY,10
2016-03-23,SCG,Q0_SKIP,0,68.29,211910.1496521253,213.4496521253811,211.9101496521253,1.5395024732557943,8476.405986085012,0.00018162207848268044,CASH_SCARCITY,10
2016-03-23,DFT,Q0_SKIP,0,40.01,211910.1496521253,213.4496521253811,211.9101496521253,1.5395024732557943,8476.405986085012,0.00018162207848268044,CASH_SCARCITY,10
2016-03-23,NI,Q0_SKIP,0,23.02,211910.1496521253,213.4496521253811,211.9101496521253,1.5395024732557943,8476.405986085012,0.00018162207848268044,CASH_SCARCITY,10
2016-03-23,DLR,Q0_SKIP,0,87.12,211910.1496521253,213.4496521253811,211.9101496521253,1.5395024732557943,8476.405986085012,0.00018162207848268044,CASH_SCARCITY,10
2016-03-23,KMB,Q0_SKIP,0,133.98,211910.1496521253,213.4496521253811,211.9101496521253,1.5395024732557943,8476.405986085012,0.00018162207848268044,CASH_SCARCITY,10
2016-03-23,O,Q0_SKIP,0,61.41,211910.1496521253,213.4496521253811,211.9101496521253,1.5395024732557943,8476.405986085012,0.00018162207848268044,CASH_SCARCITY,10
2016-03-23,ELS,Q0_SKIP,0,70.22,211910.1496521253,213.4496521253811,211.9101496521253,1.5395024732557943,8476.405986085012,0.00018162207848268044,CASH_SCARCITY,10
2016-03-23,WR1,Q0_SKIP,0,47.82,211910.1496521253,213.4496521253811,211.9101496521253,1.5395024732557943,8476.405986085012,0.00018162207848268044,CASH_SCARCITY,10
2016-03-23,ARG,Q0_SKIP,0,141.69,211910.1496521253,213.4496521253811,211.9101496521253,1.5395024732557943,8476.405986085012,0.00018162207848268044,CASH_SCARCITY,10
2016-03-23,NNN,Q0_SKIP,0,45.54,211910.1496521253,213.4496521253811,211.9101496521253,1.5395024732557943,8476.405986085012,0.00018162207848268044,CASH_SCARCITY,10
2016-03-23,HSIC,Q0_SKIP,0,168.57,211910.1496521253,213.4496521253811,211.9101496521253,1.5395024732557943,8476.405986085012,0.00018162207848268044,CASH_SCARCITY,10
2016-03-23,NEE,Q0_SKIP,0,117.69,211910.1496521253,213.4496521253811,211.9101496521253,1.5395024732557943,8476.405986085012,0.00018162207848268044,CASH_SCARCITY,10
2016-03-23,PSA,Q0_SKIP,0,265.2,211910.1496521253,213.4496521253811,211.9101496521253,1.5395024732557943,8476.405986085012,0.00018162207848268044,CASH_SCARCITY,10
2016-03-23,CMS,Q0_SKIP,0,41.59,211910.1496521253,213.4496521253811,211.9101496521253,1.5395024732557943,8476.405986085012,0.00018162207848268044,CASH_SCARCITY,10
2016-03-23,BWXT,Q0_SKIP,0,33.56,211910.1496521253,213.4496521253811,211.9101496521253,1.5395024732557943,8476.405986085012,0.00018162207848268044,CASH_SCARCITY,10
2016-03-23,AVA,Q0_SKIP,0,39.71,211910.1496521253,213.4496521253811,211.9101496521253,1.5395024732557943,8476.405986085012,0.00018162207848268044,CASH_SCARCITY,10
2016-03-23,SAP,Q0_SKIP,0,79.48999999999998,211910.1496521253,213.4496521253811,211.9101496521253,1.5395024732557943,8476.405986085012,0.00018162207848268044,CASH_SCARCITY,10
2016-03-23,LNT,Q0_SKIP,0,72.59999999999998,211910.1496521253,213.4496521253811,211.9101496521253,1.5395024732557943,8476.405986085012,0.00018162207848268044,CASH_SCARCITY,10
2016-03-23,PG,Q0_SKIP,0,82.81999999999998,211910.1496521253,213.4496521253811,211.9101496521253,1.5395024732557943,8476.405986085012,0.00018162207848268044,CASH_SCARCITY,10
2016-03-23,CPB,Q0_SKIP,0,63.43,211910.1496521253,213.4496521253811,211.9101496521253,1.5395024732557943,8476.405986085012,0.00018162207848268044,CASH_SCARCITY,10
2016-03-23,WCN,Q0_SKIP,0,64.52,211910.1496521253,213.4496521253811,211.9101496521253,1.5395024732557943,8476.405986085012,0.00018162207848268044,CASH_SCARCITY,10
2016-03-23,XEL,Q0_SKIP,0,41.12,211910.1496521253,213.4496521253811,211.9101496521253,1.5395024732557943,8476.405986085012,0.00018162207848268044,CASH_SCARCITY,10
2016-03-23,ACC,Q0_SKIP,0,45.37,211910.1496521253,213.4496521253811,211.9101496521253,1.5395024732557943,8476.405986085012,0.00018162207848268044,CASH_SCARCITY,10
2016-03-23,CINF,Q0_SKIP,0,65.09,211910.1496521253,213.4496521253811,211.9101496521253,1.5395024732557943,8476.405986085012,0.00018162207848268044,CASH_SCARCITY,10
2016-03-23,PNY,Q0_SKIP,0,59.51,211910.1496521253,213.4496521253811,211.9101496521253,1.5395024732557943,8476.405986085012,0.00018162207848268044,CASH_SCARCITY,10
2016-03-23,KLAC,Q0_SKIP,0,71.0,211910.1496521253,213.4496521253811,211.9101496521253,1.5395024732557943,8476.405986085012,0.00018162207848268044,CASH_SCARCITY,10
2016-03-23,IDA,Q0_SKIP,0,74.03,211910.1496521253,213.4496521253811,211.9101496521253,1.5395024732557943,8476.405986085012,0.00018162207848268044,CASH_SCARCITY,10
2016-03-23,AEM,Q0_SKIP,0,35.45,211910.1496521253,213.4496521253811,211.9101496521253,1.5395024732557943,8476.405986085012,0.00018162207848268044,CASH_SCARCITY,10
2016-03-23,MAT,Q0_SKIP,0,32.47,211910.1496521253,213.4496521253811,211.9101496521253,1.5395024732557943,8476.405986085012,0.00018162207848268044,CASH_SCARCITY,10
2016-03-23,WBMD,Q0_SKIP,0,58.22,211910.1496521253,213.4496521253811,211.9101496521253,1.5395024732557943,8476.405986085012,0.00018162207848268044,CASH_SCARCITY,10
2016-03-23,HR1,Q0_SKIP,0,29.89,211910.1496521253,213.4496521253811,211.9101496521253,1.5395024732557943,8476.405986085012,0.00018162207848268044,CASH_SCARCITY,10
2016-03-23,NVDA,Q0_SKIP,0,34.43,211910.1496521253,213.4496521253811,211.9101496521253,1.5395024732557943,8476.405986085012,0.00018162207848268044,CASH_SCARCITY,10
2016-03-23,ITC,Q0_SKIP,0,42.59,211910.1496521253,213.4496521253811,211.9101496521253,1.5395024732557943,8476.405986085012,0.00018162207848268044,CASH_SCARCITY,10
2016-03-23,FNV,Q0_SKIP,0,60.7,211910.1496521253,213.4496521253811,211.9101496521253,1.5395024732557943,8476.405986085012,0.00018162207848268044,CASH_SCARCITY,10
2016-03-23,NJR,Q0_SKIP,0,35.51,211910.1496521253,213.4496521253811,211.9101496521253,1.5395024732557943,8476.405986085012,0.00018162207848268044,CASH_SCARCITY,10
2016-03-23,EPR,Q0_SKIP,0,64.14,211910.1496521253,213.4496521253811,211.9101496521253,1.5395024732557943,8476.405986085012,0.00018162207848268044,CASH_SCARCITY,10
2016-03-23,ES,Q0_SKIP,0,57.93,211910.1496521253,213.4496521253811,211.9101496521253,1.5395024732557943,8476.405986085012,0.00018162207848268044,CASH_SCARCITY,10
2016-03-23,NDAQ,Q0_SKIP,0,65.64,211910.1496521253,213.4496521253811,211.9101496521253,1.5395024732557943,8476.405986085012,0.00018162207848268044,CASH_SCARCITY,10
2016-03-23,CBT,Q0_SKIP,0,48.33,211910.1496521253,213.4496521253811,211.9101496521253,1.5395024732557943,8476.405986085012,0.00018162207848268044,CASH_SCARCITY,10
2016-03-23,MEG1,Q0_SKIP,0,16.26,211910.1496521253,213.4496521253811,211.9101496521253,1.5395024732557943,8476.405986085012,0.00018162207848268044,CASH_SCARCITY,10
2016-03-23,HII,Q0_SKIP,0,138.39,211910.1496521253,213.4496521253811,211.9101496521253,1.5395024732557943,8476.405986085012,0.00018162207848268044,CASH_SCARCITY,10
2016-03-23,CSGS,Q0_SKIP,0,42.24,211910.1496521253,213.4496521253811,211.9101496521253,1.5395024732557943,8476.405986085012,0.00018162207848268044,CASH_SCARCITY,10
2016-03-23,IM,Q0_SKIP,0,36.33,211910.1496521253,213.4496521253811,211.9101496521253,1.5395024732557943,8476.405986085012,0.00018162207848268044,CASH_SCARCITY,10
2016-03-23,SAFM,Q0_SKIP,0,88.11,211910.1496521253,213.4496521253811,211.9101496521253,1.5395024732557943,8476.405986085012,0.00018162207848268044,CASH_SCARCITY,10
2016-03-23,FSLR,Q0_SKIP,0,68.23,211910.1496521253,213.4496521253811,211.9101496521253,1.5395024732557943,8476.405986085012,0.00018162207848268044,CASH_SCARCITY,10
2016-03-23,SWBI,Q0_SKIP,0,29.05,211910.1496521253,213.4496521253811,211.9101496521253,1.5395024732557943,8476.405986085012,0.00018162207848268044,CASH_SCARCITY,10
2016-03-23,CCOI,Q0_SKIP,0,37.11,211910.1496521253,213.4496521253811,211.9101496521253,1.5395024732557943,8476.405986085012,0.00018162207848268044,CASH_SCARCITY,10
2016-03-23,EL,Q0_SKIP,0,93.38,211910.1496521253,213.4496521253811,211.9101496521253,1.5395024732557943,8476.405986085012,0.00018162207848268044,CASH_SCARCITY,10
2016-03-23,TRMB,Q0_SKIP,0,24.4,211910.1496521253,213.4496521253811,211.9101496521253,1.5395024732557943,8476.405986085012,0.00018162207848268044,CASH_SCARCITY,10
2016-03-23,TPR,Q0_SKIP,0,38.75,211910.1496521253,213.4496521253811,211.9101496521253,1.5395024732557943,8476.405986085012,0.00018162207848268044,CASH_SCARCITY,10
2016-03-23,FAST,Q0_SKIP,0,48.83,211910.1496521253,213.4496521253811,211.9101496521253,1.5395024732557943,8476.405986085012,0.00018162207848268044,CASH_SCARCITY,10
2016-03-23,SNDK1,Q0_SKIP,0,76.40999999999998,211910.1496521253,213.4496521253811,211.9101496521253,1.5395024732557943,8476.405986085012,0.00018162207848268044,CASH_SCARCITY,10
2016-03-23,AMAT,Q0_SKIP,0,20.28,211910.1496521253,213.4496521253811,211.9101496521253,1.5395024732557943,8476.405986085012,0.00018162207848268044,CASH_SCARCITY,10
2016-03-23,AFFX,Q0_SKIP,0,15.11,211910.1496521253,213.4496521253811,211.9101496521253,1.5395024732557943,8476.405986085012,0.00018162207848268044,CASH_SCARCITY,10
2016-03-23,INGR,Q0_SKIP,0,104.87,211910.1496521253,213.4496521253811,211.9101496521253,1.5395024732557943,8476.405986085012,0.00018162207848268044,CASH_SCARCITY,10
2016-03-23,AUY,Q0_SKIP,0,2.89,211910.1496521253,213.4496521253811,211.9101496521253,1.5395024732557943,8476.405986085012,0.00018162207848268044,CASH_SCARCITY,10
2016-03-23,TSM,Q0_SKIP,0,25.68,211910.1496521253,213.4496521253811,211.9101496521253,1.5395024732557943,8476.405986085012,0.00018162207848268044,CASH_SCARCITY,10
2016-03-23,SFLY,Q0_SKIP,0,45.09,211910.1496521253,213.4496521253811,211.9101496521253,1.5395024732557943,8476.405986085012,0.00018162207848268044,CASH_SCARCITY,10
2016-03-23,PAAS,Q0_SKIP,0,10.2,211910.1496521253,213.4496521253811,211.9101496521253,1.5395024732557943,8476.405986085012,0.00018162207848268044,CASH_SCARCITY,10
2016-03-23,VRSN,Q0_SKIP,0,88.89,211910.1496521253,213.4496521253811,211.9101496521253,1.5395024732557943,8476.405986085012,0.00018162207848268044,CASH_SCARCITY,10
2016-03-23,SBH,Q0_SKIP,0,32.22,211910.1496521253,213.4496521253811,211.9101496521253,1.5395024732557943,8476.405986085012,0.00018162207848268044,CASH_SCARCITY,10
2016-03-23,WUBA,Q0_SKIP,0,56.52,211910.1496521253,213.4496521253811,211.9101496521253,1.5395024732557943,8476.405986085012,0.00018162207848268044,CASH_SCARCITY,10
2016-03-23,AU,Q0_SKIP,0,12.85,211910.1496521253,213.4496521253811,211.9101496521253,1.5395024732557943,8476.405986085012,0.00018162207848268044,CASH_SCARCITY,10
2016-03-23,MSFT,Q0_SKIP,0,53.97,211910.1496521253,213.4496521253811,211.9101496521253,1.5395024732557943,8476.405986085012,0.00018162207848268044,CASH_SCARCITY,10
2016-03-23,TTWO,Q0_SKIP,0,35.22,211910.1496521253,213.4496521253811,211.9101496521253,1.5395024732557943,8476.405986085012,0.00018162207848268044,CASH_SCARCITY,10
2016-03-23,DD1,Q0_SKIP,0,63.75,211910.1496521253,213.4496521253811,211.9101496521253,1.5395024732557943,8476.405986085012,0.00018162207848268044,CASH_SCARCITY,10
2016-03-23,SYT1,Q0_SKIP,0,82.03,211910.1496521253,213.4496521253811,211.9101496521253,1.5395024732557943,8476.405986085012,0.00018162207848268044,CASH_SCARCITY,10
2016-03-23,CPRI,Q0_SKIP,0,55.93,211910.1496521253,213.4496521253811,211.9101496521253,1.5395024732557943,8476.405986085012,0.00018162207848268044,CASH_SCARCITY,10
2016-03-23,EPAC,Q0_SKIP,0,24.08,211910.1496521253,213.4496521253811,211.9101496521253,1.5395024732557943,8476.405986085012,0.00018162207848268044,CASH_SCARCITY,10
2016-03-23,MTSI,Q0_SKIP,0,41.78,211910.1496521253,213.4496521253811,211.9101496521253,1.5395024732557943,8476.405986085012,0.00018162207848268044,CASH_SCARCITY,10
2016-03-23,MKTX,Q0_SKIP,0,121.15,211910.1496521253,213.4496521253811,211.9101496521253,1.5395024732557943,8476.405986085012,0.00018162207848268044,CASH_SCARCITY,10
2016-03-23,OLED,Q0_SKIP,0,51.17,211910.1496521253,213.4496521253811,211.9101496521253,1.5395024732557943,8476.405986085012,0.00018162207848268044,CASH_SCARCITY,10
2016-03-23,WKC,Q0_SKIP,0,47.17,211910.1496521253,213.4496521253811,211.9101496521253,1.5395024732557943,8476.405986085012,0.00018162207848268044,CASH_SCARCITY,10
2016-03-23,AG,Q0_SKIP,0,6.36,211910.1496521253,213.4496521253811,211.9101496521253,1.5395024732557943,8476.405986085012,0.00018162207848268044,CASH_SCARCITY,10
2016-03-23,ANF,Q0_SKIP,0,30.83,211910.1496521253,213.4496521253811,211.9101496521253,1.5395024732557943,8476.405986085012,0.00018162207848268044,CASH_SCARCITY,10
2016-03-23,CPA,Q0_SKIP,0,67.62,211910.1496521253,213.4496521253811,211.9101496521253,1.5395024732557943,8476.405986085012,0.00018162207848268044,CASH_SCARCITY,10
2016-03-23,PSXP,Q0_SKIP,0,62.93,211910.1496521253,213.4496521253811,211.9101496521253,1.5395024732557943,8476.405986085012,0.00018162207848268044,CASH_SCARCITY,10
2016-03-23,FNSR,Q0_SKIP,0,18.23,211910.1496521253,213.4496521253811,211.9101496521253,1.5395024732557943,8476.405986085012,0.00018162207848268044,CASH_SCARCITY,10
2016-03-23,BIDU,Q0_SKIP,0,183.84,211910.1496521253,213.4496521253811,211.9101496521253,1.5395024732557943,8476.405986085012,0.00018162207848268044,CASH_SCARCITY,10
2016-03-23,TCOM,Q0_SKIP,0,44.37,211910.1496521253,213.4496521253811,211.9101496521253,1.5395024732557943,8476.405986085012,0.00018162207848268044,CASH_SCARCITY,10
2016-03-23,ADT1,Q0_SKIP,0,40.95,211910.1496521253,213.4496521253811,211.9101496521253,1.5395024732557943,8476.405986085012,0.00018162207848268044,CASH_SCARCITY,10
2016-03-23,DWA,Q0_SKIP,0,25.16,211910.1496521253,213.4496521253811,211.9101496521253,1.5395024732557943,8476.405986085012,0.00018162207848268044,CASH_SCARCITY,10
2016-03-23,CRUS,Q0_SKIP,0,34.58,211910.1496521253,213.4496521253811,211.9101496521253,1.5395024732557943,8476.405986085012,0.00018162207848268044,CASH_SCARCITY,10
2016-03-23,GNRC,Q0_SKIP,0,37.12,211910.1496521253,213.4496521253811,211.9101496521253,1.5395024732557943,8476.405986085012,0.00018162207848268044,CASH_SCARCITY,10
2016-03-23,RES,Q0_SKIP,0,13.62,211910.1496521253,213.4496521253811,211.9101496521253,1.5395024732557943,8476.405986085012,0.00018162207848268044,CASH_SCARCITY,10
2016-03-23,TREX,Q0_SKIP,0,45.7,211910.1496521253,213.4496521253811,211.9101496521253,1.5395024732557943,8476.405986085012,0.00018162207848268044,CASH_SCARCITY,10
2016-03-23,MXL,Q0_SKIP,0,17.97,211910.1496521253,213.4496521253811,211.9101496521253,1.5395024732557943,8476.405986085012,0.00018162207848268044,CASH_SCARCITY,10
2016-03-23,WYNN,Q0_SKIP,0,91.76,211910.1496521253,213.4496521253811,211.9101496521253,1.5395024732557943,8476.405986085012,0.00018162207848268044,CASH_SCARCITY,10
2016-03-23,TEX,Q0_SKIP,0,23.74,211910.1496521253,213.4496521253811,211.9101496521253,1.5395024732557943,8476.405986085012,0.00018162207848268044,CASH_SCARCITY,10
2016-03-23,HL,Q0_SKIP,0,2.64,211910.1496521253,213.4496521253811,211.9101496521253,1.5395024732557943,8476.405986085012,0.00018162207848268044,CASH_SCARCITY,10
2016-03-23,CDE,Q0_SKIP,0,5.25,211910.1496521253,213.4496521253811,211.9101496521253,1.5395024732557943,8476.405986085012,0.00018162207848268044,CASH_SCARCITY,10
2016-03-23,STMP,Q0_SKIP,0,108.27,211910.1496521253,213.4496521253811,211.9101496521253,1.5395024732557943,8476.405986085012,0.00018162207848268044,CASH_SCARCITY,10
2016-03-23,WPM,Q0_SKIP,0,17.13,211910.1496521253,213.4496521253811,211.9101496521253,1.5395024732557943,8476.405986085012,0.00018162207848268044,CASH_SCARCITY,10
2016-03-24,BKH,Q0_SKIP,0,59.02,211254.06965212538,213.4496521253811,211.2540696521254,2.195582473255712,8450.162786085015,0.00025982723988124867,CASH_SCARCITY,10
2016-03-24,OGS,Q0_SKIP,0,59.98,211254.06965212538,213.4496521253811,211.2540696521254,2.195582473255712,8450.162786085015,0.00025982723988124867,CASH_SCARCITY,10
2016-03-24,YOKU,Q0_SKIP,0,27.48,211254.06965212538,213.4496521253811,211.2540696521254,2.195582473255712,8450.162786085015,0.00025982723988124867,CASH_SCARCITY,10
2016-03-24,TSN,Q0_SKIP,0,66.89,211254.06965212538,213.4496521253811,211.2540696521254,2.195582473255712,8450.162786085015,0.00025982723988124867,CASH_SCARCITY,10
2016-03-24,SBSW,Q0_SKIP,0,14.62,211254.06965212538,213.4496521253811,211.2540696521254,2.195582473255712,8450.162786085015,0.00025982723988124867,CASH_SCARCITY,10
2016-03-24,BRKR,Q0_SKIP,0,27.43,211254.06965212538,213.4496521253811,211.2540696521254,2.195582473255712,8450.162786085015,0.00025982723988124867,CASH_SCARCITY,10
2016-03-24,B,Q0_SKIP,0,13.56,211254.06965212538,213.4496521253811,211.2540696521254,2.195582473255712,8450.162786085015,0.00025982723988124867,CASH_SCARCITY,10
2016-03-24,QIHU,Q0_SKIP,0,75.23999999999998,211254.06965212538,213.4496521253811,211.2540696521254,2.195582473255712,8450.162786085015,0.00025982723988124867,CASH_SCARCITY,10
2016-03-24,HA,Q0_SKIP,0,46.28,211254.06965212538,213.4496521253811,211.2540696521254,2.195582473255712,8450.162786085015,0.00025982723988124867,CASH_SCARCITY,10
2016-03-24,DFT,Q0_SKIP,0,40.38,211254.06965212538,213.4496521253811,211.2540696521254,2.195582473255712,8450.162786085015,0.00025982723988124867,CASH_SCARCITY,10
2016-03-24,SCG,Q0_SKIP,0,68.84,211254.06965212538,213.4496521253811,211.2540696521254,2.195582473255712,8450.162786085015,0.00025982723988124867,CASH_SCARCITY,10
2016-03-24,AWK,Q0_SKIP,0,67.63,211254.06965212538,213.4496521253811,211.2540696521254,2.195582473255712,8450.162786085015,0.00025982723988124867,CASH_SCARCITY,10
2016-03-24,TXNM,Q0_SKIP,0,33.3,211254.06965212538,213.4496521253811,211.2540696521254,2.195582473255712,8450.162786085015,0.00025982723988124867,CASH_SCARCITY,10
2016-03-24,KMB,Q0_SKIP,0,133.55,211254.06965212538,213.4496521253811,211.2540696521254,2.195582473255712,8450.162786085015,0.00025982723988124867,CASH_SCARCITY,10
2016-03-24,NI,Q0_SKIP,0,23.03,211254.06965212538,213.4496521253811,211.2540696521254,2.195582473255712,8450.162786085015,0.00025982723988124867,CASH_SCARCITY,10
2016-03-24,DLR,Q0_SKIP,0,86.15999999999998,211254.06965212538,213.4496521253811,211.2540696521254,2.195582473255712,8450.162786085015,0.00025982723988124867,CASH_SCARCITY,10
2016-03-24,ARG,Q0_SKIP,0,141.86,211254.06965212538,213.4496521253811,211.2540696521254,2.195582473255712,8450.162786085015,0.00025982723988124867,CASH_SCARCITY,10
2016-03-24,O,Q0_SKIP,0,61.46,211254.06965212538,213.4496521253811,211.2540696521254,2.195582473255712,8450.162786085015,0.00025982723988124867,CASH_SCARCITY,10
2016-03-24,HSIC,Q0_SKIP,0,167.98,211254.06965212538,213.4496521253811,211.2540696521254,2.195582473255712,8450.162786085015,0.00025982723988124867,CASH_SCARCITY,10
2016-03-24,AVA,Q0_SKIP,0,40.26,211254.06965212538,213.4496521253811,211.2540696521254,2.195582473255712,8450.162786085015,0.00025982723988124867,CASH_SCARCITY,10
2016-03-24,KLAC,Q0_SKIP,0,70.8,211254.06965212538,213.4496521253811,211.2540696521254,2.195582473255712,8450.162786085015,0.00025982723988124867,CASH_SCARCITY,10
2016-03-24,WR1,Q0_SKIP,0,48.3,211254.06965212538,213.4496521253811,211.2540696521254,2.195582473255712,8450.162786085015,0.00025982723988124867,CASH_SCARCITY,10
2016-03-24,WTRG,Q0_SKIP,0,31.45,211254.06965212538,213.4496521253811,211.2540696521254,2.195582473255712,8450.162786085015,0.00025982723988124867,CASH_SCARCITY,10
2016-03-24,NEE,Q0_SKIP,0,118.48,211254.06965212538,213.4496521253811,211.2540696521254,2.195582473255712,8450.162786085015,0.00025982723988124867,CASH_SCARCITY,10
2016-03-24,WCN,Q0_SKIP,0,64.69,211254.06965212538,213.4496521253811,211.2540696521254,2.195582473255712,8450.162786085015,0.00025982723988124867,CASH_SCARCITY,10
2016-03-24,WBMD,Q0_SKIP,0,58.55,211254.06965212538,213.4496521253811,211.2540696521254,2.195582473255712,8450.162786085015,0.00025982723988124867,CASH_SCARCITY,10
2016-03-24,LNT,Q0_SKIP,0,72.98999999999998,211254.06965212538,213.4496521253811,211.2540696521254,2.195582473255712,8450.162786085015,0.00025982723988124867,CASH_SCARCITY,10
2016-03-24,NNN,Q0_SKIP,0,45.76,211254.06965212538,213.4496521253811,211.2540696521254,2.195582473255712,8450.162786085015,0.00025982723988124867,CASH_SCARCITY,10
2016-03-24,CMS,Q0_SKIP,0,41.68,211254.06965212538,213.4496521253811,211.2540696521254,2.195582473255712,8450.162786085015,0.00025982723988124867,CASH_SCARCITY,10
2016-03-24,ELS,Q0_SKIP,0,70.51,211254.06965212538,213.4496521253811,211.2540696521254,2.195582473255712,8450.162786085015,0.00025982723988124867,CASH_SCARCITY,10
2016-03-24,CINF,Q0_SKIP,0,64.74,211254.06965212538,213.4496521253811,211.2540696521254,2.195582473255712,8450.162786085015,0.00025982723988124867,CASH_SCARCITY,10
2016-03-24,PNY,Q0_SKIP,0,59.55,211254.06965212538,213.4496521253811,211.2540696521254,2.195582473255712,8450.162786085015,0.00025982723988124867,CASH_SCARCITY,10
2016-03-24,MAT,Q0_SKIP,0,32.35,211254.06965212538,213.4496521253811,211.2540696521254,2.195582473255712,8450.162786085015,0.00025982723988124867,CASH_SCARCITY,10
2016-03-24,SAP,Q0_SKIP,0,79.44,211254.06965212538,213.4496521253811,211.2540696521254,2.195582473255712,8450.162786085015,0.00025982723988124867,CASH_SCARCITY,10
2016-03-24,IDA,Q0_SKIP,0,74.11,211254.06965212538,213.4496521253811,211.2540696521254,2.195582473255712,8450.162786085015,0.00025982723988124867,CASH_SCARCITY,10
2016-03-24,PSA,Q0_SKIP,0,266.68,211254.06965212538,213.4496521253811,211.2540696521254,2.195582473255712,8450.162786085015,0.00025982723988124867,CASH_SCARCITY,10
2016-03-24,CPB,Q0_SKIP,0,63.17,211254.06965212538,213.4496521253811,211.2540696521254,2.195582473255712,8450.162786085015,0.00025982723988124867,CASH_SCARCITY,10
2016-03-24,CBT,Q0_SKIP,0,48.78,211254.06965212538,213.4496521253811,211.2540696521254,2.195582473255712,8450.162786085015,0.00025982723988124867,CASH_SCARCITY,10
2016-03-24,NJR,Q0_SKIP,0,35.85,211254.06965212538,213.4496521253811,211.2540696521254,2.195582473255712,8450.162786085015,0.00025982723988124867,CASH_SCARCITY,10
2016-03-24,AEM,Q0_SKIP,0,36.12,211254.06965212538,213.4496521253811,211.2540696521254,2.195582473255712,8450.162786085015,0.00025982723988124867,CASH_SCARCITY,10
2016-03-24,MEG1,Q0_SKIP,0,16.15,211254.06965212538,213.4496521253811,211.2540696521254,2.195582473255712,8450.162786085015,0.00025982723988124867,CASH_SCARCITY,10
2016-03-24,NVDA,Q0_SKIP,0,34.48,211254.06965212538,213.4496521253811,211.2540696521254,2.195582473255712,8450.162786085015,0.00025982723988124867,CASH_SCARCITY,10
2016-03-24,CCOI,Q0_SKIP,0,37.68,211254.06965212538,213.4496521253811,211.2540696521254,2.195582473255712,8450.162786085015,0.00025982723988124867,CASH_SCARCITY,10
2016-03-24,ITC,Q0_SKIP,0,42.48,211254.06965212538,213.4496521253811,211.2540696521254,2.195582473255712,8450.162786085015,0.00025982723988124867,CASH_SCARCITY,10
2016-03-24,ACC,Q0_SKIP,0,45.14,211254.06965212538,213.4496521253811,211.2540696521254,2.195582473255712,8450.162786085015,0.00025982723988124867,CASH_SCARCITY,10
2016-03-24,SNDK1,Q0_SKIP,0,75.65999999999998,211254.06965212538,213.4496521253811,211.2540696521254,2.195582473255712,8450.162786085015,0.00025982723988124867,CASH_SCARCITY,10
2016-03-24,AMAT,Q0_SKIP,0,20.15,211254.06965212538,213.4496521253811,211.2540696521254,2.195582473255712,8450.162786085015,0.00025982723988124867,CASH_SCARCITY,10
2016-03-24,TPR,Q0_SKIP,0,38.68,211254.06965212538,213.4496521253811,211.2540696521254,2.195582473255712,8450.162786085015,0.00025982723988124867,CASH_SCARCITY,10
2016-03-24,HII,Q0_SKIP,0,137.33,211254.06965212538,213.4496521253811,211.2540696521254,2.195582473255712,8450.162786085015,0.00025982723988124867,CASH_SCARCITY,10
2016-03-24,ES,Q0_SKIP,0,57.83,211254.06965212538,213.4496521253811,211.2540696521254,2.195582473255712,8450.162786085015,0.00025982723988124867,CASH_SCARCITY,10
2016-03-24,FNV,Q0_SKIP,0,61.37,211254.06965212538,213.4496521253811,211.2540696521254,2.195582473255712,8450.162786085015,0.00025982723988124867,CASH_SCARCITY,10
2016-03-24,BMS,Q0_SKIP,0,51.88,211254.06965212538,213.4496521253811,211.2540696521254,2.195582473255712,8450.162786085015,0.00025982723988124867,CASH_SCARCITY,10
2016-03-24,EPR,Q0_SKIP,0,64.72,211254.06965212538,213.4496521253811,211.2540696521254,2.195582473255712,8450.162786085015,0.00025982723988124867,CASH_SCARCITY,10
2016-03-24,XYL,Q0_SKIP,0,39.82,211254.06965212538,213.4496521253811,211.2540696521254,2.195582473255712,8450.162786085015,0.00025982723988124867,CASH_SCARCITY,10
2016-03-24,CSGS,Q0_SKIP,0,42.24,211254.06965212538,213.4496521253811,211.2540696521254,2.195582473255712,8450.162786085015,0.00025982723988124867,CASH_SCARCITY,10
2016-03-24,IM,Q0_SKIP,0,36.19,211254.06965212538,213.4496521253811,211.2540696521254,2.195582473255712,8450.162786085015,0.00025982723988124867,CASH_SCARCITY,10
2016-03-24,NDAQ,Q0_SKIP,0,64.02,211254.06965212538,213.4496521253811,211.2540696521254,2.195582473255712,8450.162786085015,0.00025982723988124867,CASH_SCARCITY,10
2016-03-24,TRMB,Q0_SKIP,0,24.53,211254.06965212538,213.4496521253811,211.2540696521254,2.195582473255712,8450.162786085015,0.00025982723988124867,CASH_SCARCITY,10
2016-03-24,SWBI,Q0_SKIP,0,26.52,211254.06965212538,213.4496521253811,211.2540696521254,2.195582473255712,8450.162786085015,0.00025982723988124867,CASH_SCARCITY,10
2016-03-24,STR1,Q0_SKIP,0,24.81,211254.06965212538,213.4496521253811,211.2540696521254,2.195582473255712,8450.162786085015,0.00025982723988124867,CASH_SCARCITY,10
2016-03-24,FAST,Q0_SKIP,0,48.9,211254.06965212538,213.4496521253811,211.2540696521254,2.195582473255712,8450.162786085015,0.00025982723988124867,CASH_SCARCITY,10
2016-03-24,PAAS,Q0_SKIP,0,10.65,211254.06965212538,213.4496521253811,211.2540696521254,2.195582473255712,8450.162786085015,0.00025982723988124867,CASH_SCARCITY,10
2016-03-24,EL,Q0_SKIP,0,93.27,211254.06965212538,213.4496521253811,211.2540696521254,2.195582473255712,8450.162786085015,0.00025982723988124867,CASH_SCARCITY,10
2016-03-24,AUY,Q0_SKIP,0,2.92,211254.06965212538,213.4496521253811,211.2540696521254,2.195582473255712,8450.162786085015,0.00025982723988124867,CASH_SCARCITY,10
2016-03-24,SAFM,Q0_SKIP,0,87.48,211254.06965212538,213.4496521253811,211.2540696521254,2.195582473255712,8450.162786085015,0.00025982723988124867,CASH_SCARCITY,10
2016-03-24,SFLY,Q0_SKIP,0,45.77,211254.06965212538,213.4496521253811,211.2540696521254,2.195582473255712,8450.162786085015,0.00025982723988124867,CASH_SCARCITY,10
2016-03-24,AFFX,Q0_SKIP,0,14.93,211254.06965212538,213.4496521253811,211.2540696521254,2.195582473255712,8450.162786085015,0.00025982723988124867,CASH_SCARCITY,10
2016-03-24,SYT1,Q0_SKIP,0,81.56999999999998,211254.06965212538,213.4496521253811,211.2540696521254,2.195582473255712,8450.162786085015,0.00025982723988124867,CASH_SCARCITY,10
2016-03-24,SBH,Q0_SKIP,0,31.89,211254.06965212538,213.4496521253811,211.2540696521254,2.195582473255712,8450.162786085015,0.00025982723988124867,CASH_SCARCITY,10
2016-03-24,AU,Q0_SKIP,0,13.05,211254.06965212538,213.4496521253811,211.2540696521254,2.195582473255712,8450.162786085015,0.00025982723988124867,CASH_SCARCITY,10
2016-03-24,WUBA,Q0_SKIP,0,56.48,211254.06965212538,213.4496521253811,211.2540696521254,2.195582473255712,8450.162786085015,0.00025982723988124867,CASH_SCARCITY,10
2016-03-24,OLED,Q0_SKIP,0,51.68,211254.06965212538,213.4496521253811,211.2540696521254,2.195582473255712,8450.162786085015,0.00025982723988124867,CASH_SCARCITY,10
2016-03-24,VRSN,Q0_SKIP,0,89.25,211254.06965212538,213.4496521253811,211.2540696521254,2.195582473255712,8450.162786085015,0.00025982723988124867,CASH_SCARCITY,10
2016-03-24,CPRI,Q0_SKIP,0,55.53,211254.06965212538,213.4496521253811,211.2540696521254,2.195582473255712,8450.162786085015,0.00025982723988124867,CASH_SCARCITY,10
2016-03-24,DD1,Q0_SKIP,0,63.95,211254.06965212538,213.4496521253811,211.2540696521254,2.195582473255712,8450.162786085015,0.00025982723988124867,CASH_SCARCITY,10
2016-03-24,MTSI,Q0_SKIP,0,42.13,211254.06965212538,213.4496521253811,211.2540696521254,2.195582473255712,8450.162786085015,0.00025982723988124867,CASH_SCARCITY,10
2016-03-24,WKC,Q0_SKIP,0,47.89,211254.06965212538,213.4496521253811,211.2540696521254,2.195582473255712,8450.162786085015,0.00025982723988124867,CASH_SCARCITY,10
2016-03-24,AG,Q0_SKIP,0,6.65,211254.06965212538,213.4496521253811,211.2540696521254,2.195582473255712,8450.162786085015,0.00025982723988124867,CASH_SCARCITY,10
2016-03-24,PSXP,Q0_SKIP,0,62.5,211254.06965212538,213.4496521253811,211.2540696521254,2.195582473255712,8450.162786085015,0.00025982723988124867,CASH_SCARCITY,10
2016-03-24,LUMN,Q0_SKIP,0,31.16,211254.06965212538,213.4496521253811,211.2540696521254,2.195582473255712,8450.162786085015,0.00025982723988124867,CASH_SCARCITY,10
2016-03-24,MLNX,Q0_SKIP,0,54.11,211254.06965212538,213.4496521253811,211.2540696521254,2.195582473255712,8450.162786085015,0.00025982723988124867,CASH_SCARCITY,10
2016-03-24,CPA,Q0_SKIP,0,65.88,211254.06965212538,213.4496521253811,211.2540696521254,2.195582473255712,8450.162786085015,0.00025982723988124867,CASH_SCARCITY,10
2016-03-24,BIDU,Q0_SKIP,0,184.86,211254.06965212538,213.4496521253811,211.2540696521254,2.195582473255712,8450.162786085015,0.00025982723988124867,CASH_SCARCITY,10
2016-03-24,ANF,Q0_SKIP,0,31.41,211254.06965212538,213.4496521253811,211.2540696521254,2.195582473255712,8450.162786085015,0.00025982723988124867,CASH_SCARCITY,10
2016-03-24,FNSR,Q0_SKIP,0,18.53,211254.06965212538,213.4496521253811,211.2540696521254,2.195582473255712,8450.162786085015,0.00025982723988124867,CASH_SCARCITY,10
2016-03-24,TCOM,Q0_SKIP,0,44.16,211254.06965212538,213.4496521253811,211.2540696521254,2.195582473255712,8450.162786085015,0.00025982723988124867,CASH_SCARCITY,10
2016-03-24,ALB,Q0_SKIP,0,61.92,211254.06965212538,213.4496521253811,211.2540696521254,2.195582473255712,8450.162786085015,0.00025982723988124867,CASH_SCARCITY,10
2016-03-24,MXL,Q0_SKIP,0,17.35,211254.06965212538,213.4496521253811,211.2540696521254,2.195582473255712,8450.162786085015,0.00025982723988124867,CASH_SCARCITY,10
2016-03-24,ADT1,Q0_SKIP,0,41.1,211254.06965212538,213.4496521253811,211.2540696521254,2.195582473255712,8450.162786085015,0.00025982723988124867,CASH_SCARCITY,10
2016-03-24,WYNN,Q0_SKIP,0,93.47000000000001,211254.06965212538,213.4496521253811,211.2540696521254,2.195582473255712,8450.162786085015,0.00025982723988124867,CASH_SCARCITY,10
2016-03-24,GG,Q0_SKIP,0,15.78,211254.06965212538,213.4496521253811,211.2540696521254,2.195582473255712,8450.162786085015,0.00025982723988124867,CASH_SCARCITY,10
2016-03-24,GNRC,Q0_SKIP,0,36.72,211254.06965212538,213.4496521253811,211.2540696521254,2.195582473255712,8450.162786085015,0.00025982723988124867,CASH_SCARCITY,10
2016-03-24,RES,Q0_SKIP,0,13.71,211254.06965212538,213.4496521253811,211.2540696521254,2.195582473255712,8450.162786085015,0.00025982723988124867,CASH_SCARCITY,10
2016-03-24,NBIS,Q0_SKIP,0,15.08,211254.06965212538,213.4496521253811,211.2540696521254,2.195582473255712,8450.162786085015,0.00025982723988124867,CASH_SCARCITY,10
2016-03-24,HL,Q0_SKIP,0,2.69,211254.06965212538,213.4496521253811,211.2540696521254,2.195582473255712,8450.162786085015,0.00025982723988124867,CASH_SCARCITY,10
2016-03-24,TEX,Q0_SKIP,0,25.05,211254.06965212538,213.4496521253811,211.2540696521254,2.195582473255712,8450.162786085015,0.00025982723988124867,CASH_SCARCITY,10
2016-03-24,CDE,Q0_SKIP,0,5.28,211254.06965212538,213.4496521253811,211.2540696521254,2.195582473255712,8450.162786085015,0.00025982723988124867,CASH_SCARCITY,10
2016-03-24,AMD,Q0_SKIP,0,2.79,211254.06965212538,213.4496521253811,211.2540696521254,2.195582473255712,8450.162786085015,0.00025982723988124867,CASH_SCARCITY,10
2016-03-24,TAHO,Q0_SKIP,0,10.65,211254.06965212538,213.4496521253811,211.2540696521254,2.195582473255712,8450.162786085015,0.00025982723988124867,CASH_SCARCITY,10
2016-03-24,STMP,Q0_SKIP,0,108.2,211254.06965212538,213.4496521253811,211.2540696521254,2.195582473255712,8450.162786085015,0.00025982723988124867,CASH_SCARCITY,10
2016-03-24,CENX,Q0_SKIP,0,6.93,211254.06965212538,213.4496521253811,211.2540696521254,2.195582473255712,8450.162786085015,0.00025982723988124867,CASH_SCARCITY,10
2016-03-28,BRKR,PLAN,1,27.4,211463.45965212537,244.4496521253811,211.46345965212538,32.98619247325573,8458.538386085014,0.0038997508751063546,,10
2016-05-16,AG,PLAN,763,11.23,214472.31056315385,41542.92056315388,214.47231056315385,41328.44825259072,8578.892422526154,1.0,,10
2016-05-20,B,PLAN,463,18.2,211144.63490201297,32750.20490201293,211.14463490201297,32539.06026711092,8445.785396080519,1.0,,10
2016-05-23,BKH,PLAN,144,58.19,210454.67035201297,24477.39035201293,210.45467035201298,24266.935681660918,8418.186814080518,1.0,,10
2016-05-25,CDE,PLAN,1111,7.66,213054.11635201288,16044.966352012932,213.05411635201287,15831.91223566092,8522.164654080516,1.0,,10
2016-06-07,AWK,PLAN,95,75.97,216460.50167201296,7486.131672012933,216.46050167201298,7269.67117034092,8658.420066880519,0.8396071239542041,,10
2016-07-25,TSEOF,PLAN,114,51.28,233834.1020620129,6105.842062012934,233.83410206201293,5872.007959950921,9353.364082480517,0.6277963637649462,,10
2016-09-14,EXEL,PLAN,670,13.01,218147.04031466244,16718.43031466241,218.14704031466246,16500.28327434775,8725.881612586498,1.0,,10
2016-09-30,WB,PLAN,160,50.14,221105.79573466245,8253.195734662411,221.10579573466245,8032.089938927749,8844.231829386497,0.9081727044105441,,10
2016-10-11,REN,PLAN,294,29.18,214727.42796466238,27818.257964662414,214.72742796466238,27603.53053669775,8589.097118586495,1.0,,10
2016-10-17,SPSC,PLAN,123,70.15,216971.89430466248,19316.104304662418,216.97189430466247,19099.132410357757,8678.875772186499,1.0,,10
2016-10-28,NVDA,PLAN,119,70.56,211259.48654466245,10680.776544662418,211.25948654466245,10469.517058117755,8450.379461786499,1.0,,10
2016-11-03,GEN,PLAN,323,25.45,205942.0194446624,9321.96944466242,205.9420194446624,9116.027425217757,8237.680777786496,1.0,,10
2016-11-04,BRSL,PLAN,57,27.69,206482.48646466242,1801.4764646624199,206.48248646466243,1594.9939781977573,8259.299458586496,0.19311492290542592,,10
2016-11-07,CWEI,Q0_SKIP,0,104.34,209360.0406646624,229.10566466242017,209.36004066466242,19.745623997757747,8374.401626586496,0.002357854910501384,CASH_SCARCITY,10
2016-11-07,TTMI,PLAN,1,13.39,209360.0406646624,229.10566466242017,209.36004066466242,19.745623997757747,8374.401626586496,0.002357854910501384,,10
2016-12-01,DPZ,PLAN,51,168.7,217663.47376309105,15825.2237630911,217.66347376309105,15607.56028932801,8706.538950523642,1.0,,10
2016-12-13,FNSR,PLAN,221,31.73,223893.4998430911,7263.939843091102,223.8934998430911,7040.046343248011,8955.739993723644,0.7860932037086619,,10
2016-12-28,CFG,PLAN,2,36.0,225160.71834309114,314.85834309110305,225.16071834309113,89.69762474801192,9006.428733723646,0.009959288792476467,,10
2017-04-26,MASI,PLAN,98,100.99,248366.51669309108,21456.186693091102,248.36651669309109,21207.82017639801,9934.660667723643,1.0,,10
2017-05-08,WNC,PLAN,455,21.82,248905.00521309118,12871.105213091103,248.9050052130912,12622.200207878011,9956.200208523647,1.0,,10
2017-05-11,GEO,PLAN,85,32.1,252802.4701430911,3002.410143091105,252.8024701430911,2749.6076729480137,10112.098805723645,0.2719126588628349,,10
2017-06-14,RACE,PLAN,114,88.42,253507.11557309108,13280.375573091105,253.50711557309108,13026.868457518014,10140.284622923644,1.0,,10
2017-07-14,ISRG,PLAN,10,951.75,254789.3760177111,43698.73601771112,254.7893760177111,43443.94664169341,10191.575040708443,1.0,,10
2017-07-18,SPGI,PLAN,68,149.87,257155.70658749112,34139.97658749112,257.1557065874911,33882.82088090363,10286.228263499645,1.0,,10
2017-07-24,HRC,PLAN,122,84.09999999999998,257461.70590749112,23969.04590749112,257.46170590749114,23711.584201583628,10298.468236299645,1.0,,10
2017-07-31,FIZZ,PLAN,99,102.12,254650.5720474911,13825.792047491123,254.6505720474911,13571.141475443632,10186.022881899644,1.0,,10
2017-08-04,WGHTQ,PLAN,81,41.39,255030.73786749115,3636.432867491125,255.03073786749115,3381.4021296236338,10201.229514699646,0.331470057089799,,10
2017-09-06,SAFM,PLAN,2,150.42,268098.42196970683,679.3819697067748,268.09842196970686,411.283547737068,10723.936878788274,0.038351917992969387,,10
2017-11-15,IBKR,PLAN,202,54.08,273594.6888897068,11307.33888970677,273.5946888897068,11033.744200817064,10943.787555588273,1.0,,10
2017-12-01,LGIH,PLAN,5,69.85,280062.9916564327,693.9116564327188,280.0629916564327,413.8486647762861,11202.519666257307,0.036942462687463457,,10
2018-02-06,EC,PLAN,407,17.75,296565.6017364327,7545.201736432718,296.5656017364327,7248.636134696285,11862.624069457308,0.611048288494562,,10
2018-02-14,NKTR,Q0_SKIP,0,84.0,299583.8174864328,313.72748643271825,299.5838174864328,14.143668946285459,11983.352699457311,0.001180276446918397,CASH_SCARCITY,10
2018-02-14,ABBV,Q0_SKIP,0,113.08,299583.8174864328,313.72748643271825,299.5838174864328,14.143668946285459,11983.352699457311,0.001180276446918397,CASH_SCARCITY,10
2018-02-14,KSS,Q0_SKIP,0,64.57,299583.8174864328,313.72748643271825,299.5838174864328,14.143668946285459,11983.352699457311,0.001180276446918397,CASH_SCARCITY,10
2018-02-14,URBN,Q0_SKIP,0,35.9,299583.8174864328,313.72748643271825,299.5838174864328,14.143668946285459,11983.352699457311,0.001180276446918397,CASH_SCARCITY,10
2018-02-14,XPO,Q0_SKIP,0,93.47000000000001,299583.8174864328,313.72748643271825,299.5838174864328,14.143668946285459,11983.352699457311,0.001180276446918397,CASH_SCARCITY,10
2018-02-14,PRLB,Q0_SKIP,0,108.8,299583.8174864328,313.72748643271825,299.5838174864328,14.143668946285459,11983.352699457311,0.001180276446918397,CASH_SCARCITY,10
2018-02-14,HAE,Q0_SKIP,0,69.62,299583.8174864328,313.72748643271825,299.5838174864328,14.143668946285459,11983.352699457311,0.001180276446918397,CASH_SCARCITY,10
2018-02-14,ANAB,Q0_SKIP,0,124.77,299583.8174864328,313.72748643271825,299.5838174864328,14.143668946285459,11983.352699457311,0.001180276446918397,CASH_SCARCITY,10
2018-02-14,GOOS,Q0_SKIP,0,34.85,299583.8174864328,313.72748643271825,299.5838174864328,14.143668946285459,11983.352699457311,0.001180276446918397,CASH_SCARCITY,10
2018-02-14,MTCH2,Q0_SKIP,0,41.91,299583.8174864328,313.72748643271825,299.5838174864328,14.143668946285459,11983.352699457311,0.001180276446918397,CASH_SCARCITY,10
2018-02-14,GDS,Q0_SKIP,0,26.48,299583.8174864328,313.72748643271825,299.5838174864328,14.143668946285459,11983.352699457311,0.001180276446918397,CASH_SCARCITY,10
2018-02-14,MDGL,Q0_SKIP,0,130.12,299583.8174864328,313.72748643271825,299.5838174864328,14.143668946285459,11983.352699457311,0.001180276446918397,CASH_SCARCITY,10
2018-02-14,X,Q0_SKIP,0,38.69,299583.8174864328,313.72748643271825,299.5838174864328,14.143668946285459,11983.352699457311,0.001180276446918397,CASH_SCARCITY,10
2018-02-14,TLRDQ,Q0_SKIP,0,23.49,299583.8174864328,313.72748643271825,299.5838174864328,14.143668946285459,11983.352699457311,0.001180276446918397,CASH_SCARCITY,10
2018-02-14,ENTA,Q0_SKIP,0,79.68,299583.8174864328,313.72748643271825,299.5838174864328,14.143668946285459,11983.352699457311,0.001180276446918397,CASH_SCARCITY,10
2018-02-14,WWE,Q0_SKIP,0,36.07,299583.8174864328,313.72748643271825,299.5838174864328,14.143668946285459,11983.352699457311,0.001180276446918397,CASH_SCARCITY,10
2018-02-14,GAP,Q0_SKIP,0,33.11,299583.8174864328,313.72748643271825,299.5838174864328,14.143668946285459,11983.352699457311,0.001180276446918397,CASH_SCARCITY,10
2018-02-14,GMED,Q0_SKIP,0,46.07,299583.8174864328,313.72748643271825,299.5838174864328,14.143668946285459,11983.352699457311,0.001180276446918397,CASH_SCARCITY,10
2018-02-14,TREE,Q0_SKIP,0,372.25,299583.8174864328,313.72748643271825,299.5838174864328,14.143668946285459,11983.352699457311,0.001180276446918397,CASH_SCARCITY,10
2018-02-14,AEO,Q0_SKIP,0,18.27,299583.8174864328,313.72748643271825,299.5838174864328,14.143668946285459,11983.352699457311,0.001180276446918397,CASH_SCARCITY,10
2018-02-14,ANF,Q0_SKIP,0,22.0,299583.8174864328,313.72748643271825,299.5838174864328,14.143668946285459,11983.352699457311,0.001180276446918397,CASH_SCARCITY,10
2018-02-14,ATI,Q0_SKIP,0,27.99,299583.8174864328,313.72748643271825,299.5838174864328,14.143668946285459,11983.352699457311,0.001180276446918397,CASH_SCARCITY,10
2018-02-14,SPLK,Q0_SKIP,0,92.35,299583.8174864328,313.72748643271825,299.5838174864328,14.143668946285459,11983.352699457311,0.001180276446918397,CASH_SCARCITY,10
2018-02-14,TWOUQ,Q0_SKIP,0,73.73999999999998,299583.8174864328,313.72748643271825,299.5838174864328,14.143668946285459,11983.352699457311,0.001180276446918397,CASH_SCARCITY,10
2018-02-14,FRGT,Q0_SKIP,0,44.11,299583.8174864328,313.72748643271825,299.5838174864328,14.143668946285459,11983.352699457311,0.001180276446918397,CASH_SCARCITY,10
2018-02-14,ANET,Q0_SKIP,0,302.12,299583.8174864328,313.72748643271825,299.5838174864328,14.143668946285459,11983.352699457311,0.001180276446918397,CASH_SCARCITY,10
2018-02-14,ARNA,Q0_SKIP,0,40.98,299583.8174864328,313.72748643271825,299.5838174864328,14.143668946285459,11983.352699457311,0.001180276446918397,CASH_SCARCITY,10
2018-02-14,SRNEQ,PLAN,1,8.25,299583.8174864328,313.72748643271825,299.5838174864328,14.143668946285459,11983.352699457311,0.001180276446918397,,10
2018-03-26,NKTR,PLAN,87,107.03,302214.48514002626,9661.80514002623,302.2144851400263,9359.590654886204,12088.57940560105,0.7742506659260217,,10
2018-04-05,ABMD,Q0_SKIP,0,292.13,297308.6775920693,535.6075920692301,297.30867759206933,238.2989144771608,11892.347103682772,0.02003800531548271,CASH_SCARCITY,10
2018-04-05,FTNT,PLAN,4,54.59,297308.6775920693,535.6075920692301,297.30867759206933,238.2989144771608,11892.347103682772,0.02003800531548271,,10
2018-04-19,GMED,PLAN,6,51.08,304297.6234420692,621.6634420692301,304.2976234420692,317.3658186271609,12171.90493768277,0.026073635988121634,,10
2018-06-13,ABMD,PLAN,28,433.07,321014.24277024344,12621.482770243412,321.01424277024347,12300.46852747317,12840.569710809737,0.9579379112063939,,10
2018-06-27,WWE,PLAN,2,70.85,305033.6974502434,476.42745024341383,305.0336974502434,171.39375279317045,12201.347898009737,0.014047116287957653,,10
2018-07-05,TNDM,PLAN,8,23.14,307019.0504502434,495.1004502434138,307.0190504502434,188.08139979317036,12280.762018009736,0.015315124543358873,,10
2018-08-29,AMED,PLAN,101,122.98,311924.45740122296,59592.156760243415,311.924457401223,59280.23230284219,12476.97829604892,1.0,,10
2018-09-04,IIN,PLAN,162,76.59999999999998,311126.313791223,47406.09379122302,311.12631379122297,47094.9674774318,12445.05255164892,1.0,,10
2018-09-12,FNKO,PLAN,498,24.55,306398.52299122297,53204.87299122302,306.398522991223,52898.4744682318,12255.94091964892,1.0,,10
2018-09-17,EPAY,PLAN,181,66.77,303220.47581122303,41314.07581122302,303.220475811223,41010.8553354118,12128.819032448922,1.0,,10
2018-10-05,WCG,PLAN,37,315.44,298572.02466021304,40733.544660213025,298.57202466021306,40434.97263555281,11942.880986408521,1.0,,10
2018-10-29,REGI,PLAN,354,29.39,260987.475410213,67281.88541021303,260.987475410213,67020.89793480281,10439.49901640852,1.0,,10
2018-11-01,RGEN,PLAN,170,63.55,271353.13723021303,57077.24723021303,271.35313723021306,56805.894092982824,10854.125489208522,1.0,,10
2018-11-08,TJX,PLAN,198,55.54,276426.50653021305,46065.54653021303,276.42650653021303,45789.12002368282,11057.060261208522,1.0,,10
2018-11-09,LLY,PLAN,96,112.21,270912.71189021296,35029.88189021303,270.91271189021296,34758.96917832282,10836.508475608518,1.0,,10
2018-11-19,MKC,PLAN,69,149.15,258613.78211021307,41267.202110213024,258.6137821102131,41008.58832810281,10344.551284408522,1.0,,10
2018-11-26,SONC,PLAN,237,43.48,257901.76898021306,48142.548980213025,257.9017689802131,47884.64721123281,10316.070759208522,1.0,,10
2018-11-29,CABO,PLAN,11,885.9299999999998,265166.39659021306,37977.15659021303,265.1663965902131,37711.99019362282,10606.655863608523,1.0,,10
2018-12-21,IDTI,PLAN,198,48.29,239298.21318021303,50262.56318021304,239.29821318021303,50023.264967032825,9571.928527208522,1.0,,10
2018-12-24,ESL,PLAN,77,121.1,235473.64968021307,40699.50968021304,235.47364968021307,40464.03603053283,9418.945987208523,1.0,,10
2018-12-26,SAVEQ,PLAN,168,57.76,244138.31111021302,49823.17111021304,244.13831111021304,49579.03279910283,9765.532444408522,1.0,,10
2018-12-27,BEL,PLAN,393,24.94,245632.94351021302,40246.00351021304,245.63294351021304,40000.370566702826,9825.317740408522,1.0,,10
2019-01-16,TRCO,PLAN,222,45.86,255133.25244021302,30454.442440213046,255.13325244021303,30199.309187772833,10205.330097608521,1.0,,10
2019-01-24,AU,PLAN,811,12.66,256967.87040021305,20333.670400213046,256.9678704002131,20076.702529812832,10278.714816008522,1.0,,10
2019-01-28,EHTH,PLAN,171,55.44,257010.01118021304,9763.891180213048,257.01001118021304,9506.881169032835,10280.400447208522,0.9247578650123767,,10
2019-01-29,SBUX,Q0_SKIP,0,67.04,256826.29068021302,263.9006802130498,256.82629068021305,7.074389532836733,10273.05162720852,0.0006886356449431224,CASH_SCARCITY,10
2019-01-29,CDNA,Q0_SKIP,0,26.69,256826.29068021302,263.9006802130498,256.82629068021305,7.074389532836733,10273.05162720852,0.0006886356449431224,CASH_SCARCITY,10
2019-01-29,YUM,Q0_SKIP,0,92.67,256826.29068021302,263.9006802130498,256.82629068021305,7.074389532836733,10273.05162720852,0.0006886356449431224,CASH_SCARCITY,10
2019-01-29,NRG,Q0_SKIP,0,39.93,256826.29068021302,263.9006802130498,256.82629068021305,7.074389532836733,10273.05162720852,0.0006886356449431224,CASH_SCARCITY,10
2019-01-29,OHI,Q0_SKIP,0,39.82,256826.29068021302,263.9006802130498,256.82629068021305,7.074389532836733,10273.05162720852,0.0006886356449431224,CASH_SCARCITY,10
2019-01-29,COLD,Q0_SKIP,0,28.28,256826.29068021302,263.9006802130498,256.82629068021305,7.074389532836733,10273.05162720852,0.0006886356449431224,CASH_SCARCITY,10
2019-01-29,TDS,Q0_SKIP,0,35.55,256826.29068021302,263.9006802130498,256.82629068021305,7.074389532836733,10273.05162720852,0.0006886356449431224,CASH_SCARCITY,10
2019-01-29,AMRN,Q0_SKIP,0,16.46,256826.29068021302,263.9006802130498,256.82629068021305,7.074389532836733,10273.05162720852,0.0006886356449431224,CASH_SCARCITY,10
2019-01-29,O,Q0_SKIP,0,66.68,256826.29068021302,263.9006802130498,256.82629068021305,7.074389532836733,10273.05162720852,0.0006886356449431224,CASH_SCARCITY,10
2019-01-29,TRI,Q0_SKIP,0,51.36,256826.29068021302,263.9006802130498,256.82629068021305,7.074389532836733,10273.05162720852,0.0006886356449431224,CASH_SCARCITY,10
2019-01-29,CROX,Q0_SKIP,0,28.35,256826.29068021302,263.9006802130498,256.82629068021305,7.074389532836733,10273.05162720852,0.0006886356449431224,CASH_SCARCITY,10
2019-01-29,FN,Q0_SKIP,0,55.39,256826.29068021302,263.9006802130498,256.82629068021305,7.074389532836733,10273.05162720852,0.0006886356449431224,CASH_SCARCITY,10
2019-01-29,CIEN,Q0_SKIP,0,39.4,256826.29068021302,263.9006802130498,256.82629068021305,7.074389532836733,10273.05162720852,0.0006886356449431224,CASH_SCARCITY,10
2019-01-29,TLRY,Q0_SKIP,0,79.06,256826.29068021302,263.9006802130498,256.82629068021305,7.074389532836733,10273.05162720852,0.0006886356449431224,CASH_SCARCITY,10
2019-01-29,PG,Q0_SKIP,0,93.54,256826.29068021302,263.9006802130498,256.82629068021305,7.074389532836733,10273.05162720852,0.0006886356449431224,CASH_SCARCITY,10
2019-01-29,NVAX,PLAN,3,2.18,256826.29068021302,263.9006802130498,256.82629068021305,7.074389532836733,10273.05162720852,0.0006886356449431224,,10
2019-04-12,IONS,PLAN,129,84.61,275251.20313712326,27806.68313712328,275.25120313712324,27531.431933986158,11010.048125484931,1.0,,10
2019-05-01,ENPH,PLAN,824,12.98,267865.59877712326,26733.88877712328,267.86559877712324,26466.023178346157,10714.62395108493,1.0,,10
2019-05-03,ZNGA,PLAN,1803,6.03,272125.2411771233,16506.07117712328,272.12524117712326,16233.945935946158,10885.009647084931,1.0,,10
2019-05-14,LSCC,PLAN,797,13.33,266039.19151712325,16603.321517123284,266.03919151712324,16337.28232560616,10641.56766068493,1.0,,10
2019-05-31,PRO,PLAN,106,56.7,267750.700487586,6302.560487586011,267.75070048758596,6034.809787098425,10710.02801950344,0.5634728290261022,,10
2019-06-06,ERIE,Q0_SKIP,0,229.73,279973.21346758597,506.41346758601105,279.973213467586,226.44025411842506,11198.92853870344,0.02021981418453102,CASH_SCARCITY,10
2019-06-06,AVLR,PLAN,3,72.75,279973.21346758597,506.41346758601105,279.973213467586,226.44025411842506,11198.92853870344,0.02021981418453102,,10
2019-07-22,ERIE,PLAN,32,264.25,300355.58520758594,8767.48520758601,300.35558520758593,8467.129622378425,12014.223408303438,0.704758795855794,,10
2019-10-09,HSY,PLAN,77,156.47,303533.354607586,55911.809607586016,303.533354607586,55608.27625297843,12141.33418430344,1.0,,10
2019-10-10,AWR,PLAN,132,91.52,304307.499157586,43899.35915758602,304.30749915758605,43595.051658428434,12172.29996630344,1.0,,10
2019-10-29,AIZ,PLAN,96,126.38,306587.636237586,37311.47623758602,306.58763623758597,37004.88860134844,12263.50544950344,1.0,,10
2019-10-31,AQN,PLAN,903,13.72,310122.577757586,25190.887757586024,310.12257775758604,24880.76517982844,12404.903110303441,1.0,,10
2019-11-01,ETR,PLAN,104,119.66,314045.448597586,12789.338597586026,314.045448597586,12475.29314898844,12561.817943903441,0.9931120801701322,,10
2019-11-27,RH,PLAN,2,205.06,318759.9838176124,798.0838176124134,318.7599838176124,479.32383379480103,12750.399352704497,0.03759284870501968,,10
2020-04-06,REGN,PLAN,21,504.27,265339.1118221964,205080.90182219638,265.3391118221964,204815.5627103742,10613.564472887856,1.0,,10
2020-04-14,TDOC,PLAN,68,157.33,269163.1528121964,194511.33281219637,269.1631528121964,194242.16965938418,10766.526112487856,1.0,,10
2020-04-15,FIT,PLAN,1592,6.76,269470.8722921964,183559.87229219638,269.47087229219636,183290.40141990417,10778.834891687855,1.0,,10
2020-04-16,CCOI,PLAN,119,90.75,271886.3181321964,172834.99813219637,271.8863181321964,172563.11181406418,10875.452725287856,1.0,,10
2020-04-17,ZM,PLAN,72,150.06,272178.04963219643,161935.60963219637,272.17804963219646,161663.43158256417,10887.121985287857,1.0,,10
2020-04-20,CODX,PLAN,747,14.58,272807.14203219645,150886.97203219638,272.80714203219645,150614.1648901642,10912.285681287858,1.0,,10
2020-04-21,AXSM,PLAN,162,66.37,269567.14005219634,140164.28005219638,269.56714005219635,139894.7129121442,10782.685602087853,1.0,,10
2020-04-22,EVBG,PLAN,89,122.05,274174.1441521964,129307.53415219639,274.17414415219645,129033.36000804418,10966.965766087857,1.0,,10
2020-04-23,EHTH,PLAN,87,126.25,276226.68421219644,118486.78421219639,276.22668421219646,118210.5575279842,11049.067368487858,1.0,,10
2020-04-24,SE,PLAN,203,54.39,276771.29058219644,107732.41058219639,276.77129058219646,107455.63929161419,11070.851623287857,1.0,,10
2020-04-27,DXCM,PLAN,33,335.05,279409.67220219644,96462.77220219639,279.4096722021964,96183.36252999419,11176.386888087858,1.0,,10
2020-04-28,XLRN,PLAN,116,94.36000000000001,274095.6623466754,85396.38234667538,274.0956623466754,85122.2866843287,10963.826493867016,1.0,,10
2020-04-29,QDEL,PLAN,78,139.7,273656.7492266754,74212.08922667538,273.65674922667546,73938.4324774487,10946.269969067018,1.0,,10
2020-04-30,VXRT,PLAN,3987,2.7,269410.7311866754,63423.27118667538,269.4107311866754,63153.860455488706,10776.429247467015,1.0,,10
2020-05-01,AUPH,PLAN,683,15.69,268325.01823667536,52048.95823667538,268.32501823667536,51780.63321843871,10733.000729467014,1.0,,10
2020-05-04,BILI,PLAN,411,26.53,272911.65196667536,41321.97196667538,272.9116519666754,41049.0603147087,10916.466078667014,1.0,,10
2020-05-05,GOTU,PLAN,278,39.68,276561.70988667535,30098.67988667538,276.5617098866754,29822.118176788706,11062.468395467014,1.0,,10
2020-05-06,ARVN,PLAN,214,52.7,282777.0992666754,18886.859266675383,282.7770992666754,18604.08216740871,11311.083970667018,1.0,,10
2020-05-07,LMNX1,PLAN,184,38.83,285824.8395266754,7445.689526675382,285.8248395266754,7159.864687148706,11432.993581067016,0.6262458415970257,,10
2020-05-08,NVAX,PLAN,49,18.73,287686.41112667543,1211.0611266753822,287.68641112667547,923.3747155487067,11507.456445067017,0.08024142606636032,,10
2020-05-11,BAND,Q0_SKIP,0,109.9,300774.8498666754,298.88986667538234,300.77484986667537,0.0,12030.993994667017,0.0,CASH_SCARCITY,10
2020-05-11,VIRT,Q0_SKIP,0,24.34,300774.8498666754,298.88986667538234,300.77484986667537,0.0,12030.993994667017,0.0,CASH_SCARCITY,10
2020-05-11,NEM,Q0_SKIP,0,62.95,300774.8498666754,298.88986667538234,300.77484986667537,0.0,12030.993994667017,0.0,CASH_SCARCITY,10
2020-05-11,PRNB,Q0_SKIP,0,66.61,300774.8498666754,298.88986667538234,300.77484986667537,0.0,12030.993994667017,0.0,CASH_SCARCITY,10
2020-05-11,RCUS,Q0_SKIP,0,30.45,300774.8498666754,298.88986667538234,300.77484986667537,0.0,12030.993994667017,0.0,CASH_SCARCITY,10
2020-05-11,MASI,Q0_SKIP,0,250.39,300774.8498666754,298.88986667538234,300.77484986667537,0.0,12030.993994667017,0.0,CASH_SCARCITY,10
2020-05-11,INSG,Q0_SKIP,0,11.19,300774.8498666754,298.88986667538234,300.77484986667537,0.0,12030.993994667017,0.0,CASH_SCARCITY,10
2020-05-11,CCXI1,Q0_SKIP,0,55.94,300774.8498666754,298.88986667538234,300.77484986667537,0.0,12030.993994667017,0.0,CASH_SCARCITY,10
2020-05-11,PLUR,Q0_SKIP,0,9.57,300774.8498666754,298.88986667538234,300.77484986667537,0.0,12030.993994667017,0.0,CASH_SCARCITY,10
2020-05-11,ENPH,Q0_SKIP,0,59.58,300774.8498666754,298.88986667538234,300.77484986667537,0.0,12030.993994667017,0.0,CASH_SCARCITY,10
2020-05-11,MNTA,Q0_SKIP,0,34.3,300774.8498666754,298.88986667538234,300.77484986667537,0.0,12030.993994667017,0.0,CASH_SCARCITY,10
2020-05-11,LM,Q0_SKIP,0,49.84,300774.8498666754,298.88986667538234,300.77484986667537,0.0,12030.993994667017,0.0,CASH_SCARCITY,10
2020-05-11,CLX,Q0_SKIP,0,205.81,300774.8498666754,298.88986667538234,300.77484986667537,0.0,12030.993994667017,0.0,CASH_SCARCITY,10
2020-05-11,DOCU,Q0_SKIP,0,120.65,300774.8498666754,298.88986667538234,300.77484986667537,0.0,12030.993994667017,0.0,CASH_SCARCITY,10
2020-05-11,FATE,Q0_SKIP,0,30.22,300774.8498666754,298.88986667538234,300.77484986667537,0.0,12030.993994667017,0.0,CASH_SCARCITY,10
2020-05-11,APT,Q0_SKIP,0,12.88,300774.8498666754,298.88986667538234,300.77484986667537,0.0,12030.993994667017,0.0,CASH_SCARCITY,10
2020-05-11,B,Q0_SKIP,0,26.02,300774.8498666754,298.88986667538234,300.77484986667537,0.0,12030.993994667017,0.0,CASH_SCARCITY,10
2020-05-11,MRNA,Q0_SKIP,0,66.9,300774.8498666754,298.88986667538234,300.77484986667537,0.0,12030.993994667017,0.0,CASH_SCARCITY,10
2020-05-11,ZS,Q0_SKIP,0,76.95999999999998,300774.8498666754,298.88986667538234,300.77484986667537,0.0,12030.993994667017,0.0,CASH_SCARCITY,10
2020-05-11,CGEN,Q0_SKIP,0,15.58,300774.8498666754,298.88986667538234,300.77484986667537,0.0,12030.993994667017,0.0,CASH_SCARCITY,10
2020-05-11,INO,Q0_SKIP,0,11.9,300774.8498666754,298.88986667538234,300.77484986667537,0.0,12030.993994667017,0.0,CASH_SCARCITY,10
2020-05-11,ZTO,Q0_SKIP,0,32.45,300774.8498666754,298.88986667538234,300.77484986667537,0.0,12030.993994667017,0.0,CASH_SCARCITY,10
2020-05-11,TSLA,Q0_SKIP,0,811.2899999999998,300774.8498666754,298.88986667538234,300.77484986667537,0.0,12030.993994667017,0.0,CASH_SCARCITY,10
2020-05-11,AKBA,Q0_SKIP,0,12.85,300774.8498666754,298.88986667538234,300.77484986667537,0.0,12030.993994667017,0.0,CASH_SCARCITY,10
2020-05-11,CTXS,Q0_SKIP,0,154.02,300774.8498666754,298.88986667538234,300.77484986667537,0.0,12030.993994667017,0.0,CASH_SCARCITY,10
2020-05-11,NG,Q0_SKIP,0,10.85,300774.8498666754,298.88986667538234,300.77484986667537,0.0,12030.993994667017,0.0,CASH_SCARCITY,10
2020-05-11,BNTX,Q0_SKIP,0,49.98,300774.8498666754,298.88986667538234,300.77484986667537,0.0,12030.993994667017,0.0,CASH_SCARCITY,10
2020-05-11,STMP,Q0_SKIP,0,216.2,300774.8498666754,298.88986667538234,300.77484986667537,0.0,12030.993994667017,0.0,CASH_SCARCITY,10
2020-05-11,FIVN,Q0_SKIP,0,105.18,300774.8498666754,298.88986667538234,300.77484986667537,0.0,12030.993994667017,0.0,CASH_SCARCITY,10
2020-05-11,SHOP,Q0_SKIP,0,750.34,300774.8498666754,298.88986667538234,300.77484986667537,0.0,12030.993994667017,0.0,CASH_SCARCITY,10
2020-05-11,LOGM,Q0_SKIP,0,85.31999999999998,300774.8498666754,298.88986667538234,300.77484986667537,0.0,12030.993994667017,0.0,CASH_SCARCITY,10
2020-05-11,NFLX,Q0_SKIP,0,440.52,300774.8498666754,298.88986667538234,300.77484986667537,0.0,12030.993994667017,0.0,CASH_SCARCITY,10
2020-05-11,JD,Q0_SKIP,0,46.72,300774.8498666754,298.88986667538234,300.77484986667537,0.0,12030.993994667017,0.0,CASH_SCARCITY,10
2020-05-11,ALNY,Q0_SKIP,0,142.43,300774.8498666754,298.88986667538234,300.77484986667537,0.0,12030.993994667017,0.0,CASH_SCARCITY,10
2020-05-11,VRTX,Q0_SKIP,0,285.28,300774.8498666754,298.88986667538234,300.77484986667537,0.0,12030.993994667017,0.0,CASH_SCARCITY,10
2020-05-11,DKNG,Q0_SKIP,0,24.46,300774.8498666754,298.88986667538234,300.77484986667537,0.0,12030.993994667017,0.0,CASH_SCARCITY,10
2020-05-11,AXON,Q0_SKIP,0,84.92,300774.8498666754,298.88986667538234,300.77484986667537,0.0,12030.993994667017,0.0,CASH_SCARCITY,10
2020-05-11,QGEN,Q0_SKIP,0,42.9,300774.8498666754,298.88986667538234,300.77484986667537,0.0,12030.993994667017,0.0,CASH_SCARCITY,10
2020-05-11,NET,Q0_SKIP,0,28.12,300774.8498666754,298.88986667538234,300.77484986667537,0.0,12030.993994667017,0.0,CASH_SCARCITY,10
2020-05-11,ATRC,Q0_SKIP,0,46.03,300774.8498666754,298.88986667538234,300.77484986667537,0.0,12030.993994667017,0.0,CASH_SCARCITY,10
2020-05-11,CLVT,Q0_SKIP,0,23.37,300774.8498666754,298.88986667538234,300.77484986667537,0.0,12030.993994667017,0.0,CASH_SCARCITY,10
2020-05-11,RARE,Q0_SKIP,0,67.36,300774.8498666754,298.88986667538234,300.77484986667537,0.0,12030.993994667017,0.0,CASH_SCARCITY,10
2020-05-11,CEMI,Q0_SKIP,0,12.03,300774.8498666754,298.88986667538234,300.77484986667537,0.0,12030.993994667017,0.0,CASH_SCARCITY,10
2020-05-11,TEAM,Q0_SKIP,0,176.6,300774.8498666754,298.88986667538234,300.77484986667537,0.0,12030.993994667017,0.0,CASH_SCARCITY,10
2020-05-11,AMD,Q0_SKIP,0,55.74,300774.8498666754,298.88986667538234,300.77484986667537,0.0,12030.993994667017,0.0,CASH_SCARCITY,10
2020-05-11,QLYS,Q0_SKIP,0,106.52,300774.8498666754,298.88986667538234,300.77484986667537,0.0,12030.993994667017,0.0,CASH_SCARCITY,10
2020-05-11,HLI,Q0_SKIP,0,62.27,300774.8498666754,298.88986667538234,300.77484986667537,0.0,12030.993994667017,0.0,CASH_SCARCITY,10
2020-05-11,IOVA,Q0_SKIP,0,37.18,300774.8498666754,298.88986667538234,300.77484986667537,0.0,12030.993994667017,0.0,CASH_SCARCITY,10
2020-05-11,VIR,Q0_SKIP,0,31.31,300774.8498666754,298.88986667538234,300.77484986667537,0.0,12030.993994667017,0.0,CASH_SCARCITY,10
2020-05-11,VIPS,Q0_SKIP,0,17.22,300774.8498666754,298.88986667538234,300.77484986667537,0.0,12030.993994667017,0.0,CASH_SCARCITY,10
2020-05-11,CABO,Q0_SKIP,0,1910.1,300774.8498666754,298.88986667538234,300.77484986667537,0.0,12030.993994667017,0.0,CASH_SCARCITY,10
2020-05-11,OKTA,Q0_SKIP,0,174.33,300774.8498666754,298.88986667538234,300.77484986667537,0.0,12030.993994667017,0.0,CASH_SCARCITY,10
2020-05-11,FVRR,Q0_SKIP,0,52.24,300774.8498666754,298.88986667538234,300.77484986667537,0.0,12030.993994667017,0.0,CASH_SCARCITY,10
2020-05-11,KNSL,Q0_SKIP,0,135.16,300774.8498666754,298.88986667538234,300.77484986667537,0.0,12030.993994667017,0.0,CASH_SCARCITY,10
2020-05-11,LVGO,Q0_SKIP,0,53.59,300774.8498666754,298.88986667538234,300.77484986667537,0.0,12030.993994667017,0.0,CASH_SCARCITY,10
2020-05-11,WPM,Q0_SKIP,0,42.63,300774.8498666754,298.88986667538234,300.77484986667537,0.0,12030.993994667017,0.0,CASH_SCARCITY,10
2020-05-11,GBT,Q0_SKIP,0,77.04999999999998,300774.8498666754,298.88986667538234,300.77484986667537,0.0,12030.993994667017,0.0,CASH_SCARCITY,10
2020-05-11,ARCT,Q0_SKIP,0,48.45,300774.8498666754,298.88986667538234,300.77484986667537,0.0,12030.993994667017,0.0,CASH_SCARCITY,10
2020-05-11,PLUG,Q0_SKIP,0,4.31,300774.8498666754,298.88986667538234,300.77484986667537,0.0,12030.993994667017,0.0,CASH_SCARCITY,10
2020-05-11,PING,Q0_SKIP,0,28.37,300774.8498666754,298.88986667538234,300.77484986667537,0.0,12030.993994667017,0.0,CASH_SCARCITY,10
2020-05-11,PETS,Q0_SKIP,0,36.55,300774.8498666754,298.88986667538234,300.77484986667537,0.0,12030.993994667017,0.0,CASH_SCARCITY,10
2020-05-11,IPHI,Q0_SKIP,0,112.24,300774.8498666754,298.88986667538234,300.77484986667537,0.0,12030.993994667017,0.0,CASH_SCARCITY,10
2020-05-11,MSCI,Q0_SKIP,0,347.25,300774.8498666754,298.88986667538234,300.77484986667537,0.0,12030.993994667017,0.0,CASH_SCARCITY,10
2020-05-11,SPCE,Q0_SKIP,0,19.4,300774.8498666754,298.88986667538234,300.77484986667537,0.0,12030.993994667017,0.0,CASH_SCARCITY,10
2020-05-11,CIEN,Q0_SKIP,0,48.53,300774.8498666754,298.88986667538234,300.77484986667537,0.0,12030.993994667017,0.0,CASH_SCARCITY,10
2020-05-11,MOH,Q0_SKIP,0,178.86,300774.8498666754,298.88986667538234,300.77484986667537,0.0,12030.993994667017,0.0,CASH_SCARCITY,10
2020-05-11,DT,Q0_SKIP,0,33.5,300774.8498666754,298.88986667538234,300.77484986667537,0.0,12030.993994667017,0.0,CASH_SCARCITY,10
2020-05-11,WING,Q0_SKIP,0,126.48,300774.8498666754,298.88986667538234,300.77484986667537,0.0,12030.993994667017,0.0,CASH_SCARCITY,10
2020-05-11,KGC,Q0_SKIP,0,6.9,300774.8498666754,298.88986667538234,300.77484986667537,0.0,12030.993994667017,0.0,CASH_SCARCITY,10
2020-05-11,FNV,Q0_SKIP,0,141.21,300774.8498666754,298.88986667538234,300.77484986667537,0.0,12030.993994667017,0.0,CASH_SCARCITY,10
2020-05-11,GDS,Q0_SKIP,0,62.62,300774.8498666754,298.88986667538234,300.77484986667537,0.0,12030.993994667017,0.0,CASH_SCARCITY,10
2020-05-11,GRUB1,Q0_SKIP,0,46.79,300774.8498666754,298.88986667538234,300.77484986667537,0.0,12030.993994667017,0.0,CASH_SCARCITY,10
2020-05-11,CNC,Q0_SKIP,0,67.54,300774.8498666754,298.88986667538234,300.77484986667537,0.0,12030.993994667017,0.0,CASH_SCARCITY,10
2020-05-11,NVDA,Q0_SKIP,0,322.62,300774.8498666754,298.88986667538234,300.77484986667537,0.0,12030.993994667017,0.0,CASH_SCARCITY,10
2020-05-11,SNDX,Q0_SKIP,0,18.47,300774.8498666754,298.88986667538234,300.77484986667537,0.0,12030.993994667017,0.0,CASH_SCARCITY,10
2020-05-11,AXNX,Q0_SKIP,0,34.92,300774.8498666754,298.88986667538234,300.77484986667537,0.0,12030.993994667017,0.0,CASH_SCARCITY,10
2020-05-11,CRWD,Q0_SKIP,0,76.23,300774.8498666754,298.88986667538234,300.77484986667537,0.0,12030.993994667017,0.0,CASH_SCARCITY,10
2020-05-11,ETSY,Q0_SKIP,0,80.28,300774.8498666754,298.88986667538234,300.77484986667537,0.0,12030.993994667017,0.0,CASH_SCARCITY,10
2020-05-11,PTON,Q0_SKIP,0,42.8,300774.8498666754,298.88986667538234,300.77484986667537,0.0,12030.993994667017,0.0,CASH_SCARCITY,10
2020-05-11,AUDC,Q0_SKIP,0,34.2,300774.8498666754,298.88986667538234,300.77484986667537,0.0,12030.993994667017,0.0,CASH_SCARCITY,10
2020-05-11,ADVM,Q0_SKIP,0,19.8,300774.8498666754,298.88986667538234,300.77484986667537,0.0,12030.993994667017,0.0,CASH_SCARCITY,10
2020-05-11,CAG,Q0_SKIP,0,33.41,300774.8498666754,298.88986667538234,300.77484986667537,0.0,12030.993994667017,0.0,CASH_SCARCITY,10
2020-05-11,KPTI,Q0_SKIP,0,20.57,300774.8498666754,298.88986667538234,300.77484986667537,0.0,12030.993994667017,0.0,CASH_SCARCITY,10
2020-05-11,EXEL,Q0_SKIP,0,27.42,300774.8498666754,298.88986667538234,300.77484986667537,0.0,12030.993994667017,0.0,CASH_SCARCITY,10
2020-05-11,NEO,Q0_SKIP,0,28.14,300774.8498666754,298.88986667538234,300.77484986667537,0.0,12030.993994667017,0.0,CASH_SCARCITY,10
2020-05-11,TGTX,Q0_SKIP,0,20.22,300774.8498666754,298.88986667538234,300.77484986667537,0.0,12030.993994667017,0.0,CASH_SCARCITY,10
2020-05-11,EQX,Q0_SKIP,0,8.519999999999998,300774.8498666754,298.88986667538234,300.77484986667537,0.0,12030.993994667017,0.0,CASH_SCARCITY,10
2020-05-11,LITE,Q0_SKIP,0,80.79999999999998,300774.8498666754,298.88986667538234,300.77484986667537,0.0,12030.993994667017,0.0,CASH_SCARCITY,10
2020-05-11,AGIO,Q0_SKIP,0,44.13,300774.8498666754,298.88986667538234,300.77484986667537,0.0,12030.993994667017,0.0,CASH_SCARCITY,10
2020-05-11,RNG,Q0_SKIP,0,275.03,300774.8498666754,298.88986667538234,300.77484986667537,0.0,12030.993994667017,0.0,CASH_SCARCITY,10
2020-05-11,CLVSQ,Q0_SKIP,0,9.24,300774.8498666754,298.88986667538234,300.77484986667537,0.0,12030.993994667017,0.0,CASH_SCARCITY,10
2020-05-11,SMAR,Q0_SKIP,0,56.96,300774.8498666754,298.88986667538234,300.77484986667537,0.0,12030.993994667017,0.0,CASH_SCARCITY,10
2020-05-11,WORK,Q0_SKIP,0,31.26,300774.8498666754,298.88986667538234,300.77484986667537,0.0,12030.993994667017,0.0,CASH_SCARCITY,10
2020-05-11,UI,Q0_SKIP,0,187.37,300774.8498666754,298.88986667538234,300.77484986667537,0.0,12030.993994667017,0.0,CASH_SCARCITY,10
2020-05-11,IRTC,Q0_SKIP,0,131.03,300774.8498666754,298.88986667538234,300.77484986667537,0.0,12030.993994667017,0.0,CASH_SCARCITY,10
2020-05-11,DDOG,Q0_SKIP,0,55.69,300774.8498666754,298.88986667538234,300.77484986667537,0.0,12030.993994667017,0.0,CASH_SCARCITY,10
2020-05-11,MEDP,Q0_SKIP,0,85.97,300774.8498666754,298.88986667538234,300.77484986667537,0.0,12030.993994667017,0.0,CASH_SCARCITY,10
2020-05-11,TEVA,Q0_SKIP,0,11.45,300774.8498666754,298.88986667538234,300.77484986667537,0.0,12030.993994667017,0.0,CASH_SCARCITY,10
2020-05-11,TXG,Q0_SKIP,0,82.09999999999998,300774.8498666754,298.88986667538234,300.77484986667537,0.0,12030.993994667017,0.0,CASH_SCARCITY,10
2020-05-11,NIO,Q0_SKIP,0,3.74,300774.8498666754,298.88986667538234,300.77484986667537,0.0,12030.993994667017,0.0,CASH_SCARCITY,10
2020-05-11,Z,Q0_SKIP,0,55.76,300774.8498666754,298.88986667538234,300.77484986667537,0.0,12030.993994667017,0.0,CASH_SCARCITY,10
2020-05-11,SEDG,Q0_SKIP,0,122.94,300774.8498666754,298.88986667538234,300.77484986667537,0.0,12030.993994667017,0.0,CASH_SCARCITY,10
2020-05-11,BTG,Q0_SKIP,0,5.21,300774.8498666754,298.88986667538234,300.77484986667537,0.0,12030.993994667017,0.0,CASH_SCARCITY,10
2020-05-11,SRPT,Q0_SKIP,0,135.83,300774.8498666754,298.88986667538234,300.77484986667537,0.0,12030.993994667017,0.0,CASH_SCARCITY,10
2020-05-11,AYX,Q0_SKIP,0,128.4,300774.8498666754,298.88986667538234,300.77484986667537,0.0,12030.993994667017,0.0,CASH_SCARCITY,10
2020-05-11,ZG,Q0_SKIP,0,55.11,300774.8498666754,298.88986667538234,300.77484986667537,0.0,12030.993994667017,0.0,CASH_SCARCITY,10
2020-05-11,AGI,Q0_SKIP,0,7.929999999999999,300774.8498666754,298.88986667538234,300.77484986667537,0.0,12030.993994667017,0.0,CASH_SCARCITY,10
2020-05-11,GFI,Q0_SKIP,0,7.87,300774.8498666754,298.88986667538234,300.77484986667537,0.0,12030.993994667017,0.0,CASH_SCARCITY,10
2020-05-11,RADCQ,Q0_SKIP,0,13.68,300774.8498666754,298.88986667538234,300.77484986667537,0.0,12030.993994667017,0.0,CASH_SCARCITY,10
2020-05-11,FOLD,Q0_SKIP,0,12.07,300774.8498666754,298.88986667538234,300.77484986667537,0.0,12030.993994667017,0.0,CASH_SCARCITY,10
2020-05-11,AYTU,Q0_SKIP,0,1.68,300774.8498666754,298.88986667538234,300.77484986667537,0.0,12030.993994667017,0.0,CASH_SCARCITY,10
2020-05-12,NEM,Q0_SKIP,0,62.48,296765.5598666754,298.88986667538234,296.7655598666754,2.1243068087069332,11870.622394667016,0.00017895496445589047,CASH_SCARCITY,10
2020-05-12,BAND,Q0_SKIP,0,107.55,296765.5598666754,298.88986667538234,296.7655598666754,2.1243068087069332,11870.622394667016,0.00017895496445589047,CASH_SCARCITY,10
2020-05-12,CHWY,Q0_SKIP,0,40.36,296765.5598666754,298.88986667538234,296.7655598666754,2.1243068087069332,11870.622394667016,0.00017895496445589047,CASH_SCARCITY,10
2020-05-12,INSG,Q0_SKIP,0,10.62,296765.5598666754,298.88986667538234,296.7655598666754,2.1243068087069332,11870.622394667016,0.00017895496445589047,CASH_SCARCITY,10
2020-05-12,RCUS,Q0_SKIP,0,29.29,296765.5598666754,298.88986667538234,296.7655598666754,2.1243068087069332,11870.622394667016,0.00017895496445589047,CASH_SCARCITY,10
2020-05-12,PRNB,Q0_SKIP,0,65.57,296765.5598666754,298.88986667538234,296.7655598666754,2.1243068087069332,11870.622394667016,0.00017895496445589047,CASH_SCARCITY,10
2020-05-12,PLUR,Q0_SKIP,0,9.76,296765.5598666754,298.88986667538234,296.7655598666754,2.1243068087069332,11870.622394667016,0.00017895496445589047,CASH_SCARCITY,10
2020-05-12,B,Q0_SKIP,0,26.04,296765.5598666754,298.88986667538234,296.7655598666754,2.1243068087069332,11870.622394667016,0.00017895496445589047,CASH_SCARCITY,10
2020-05-12,CCXI1,Q0_SKIP,0,56.52,296765.5598666754,298.88986667538234,296.7655598666754,2.1243068087069332,11870.622394667016,0.00017895496445589047,CASH_SCARCITY,10
2020-05-12,CEMI,Q0_SKIP,0,11.52,296765.5598666754,298.88986667538234,296.7655598666754,2.1243068087069332,11870.622394667016,0.00017895496445589047,CASH_SCARCITY,10
2020-05-12,TSLA,Q0_SKIP,0,809.4099999999999,296765.5598666754,298.88986667538234,296.7655598666754,2.1243068087069332,11870.622394667016,0.00017895496445589047,CASH_SCARCITY,10
2020-05-12,MASI,Q0_SKIP,0,243.62,296765.5598666754,298.88986667538234,296.7655598666754,2.1243068087069332,11870.622394667016,0.00017895496445589047,CASH_SCARCITY,10
2020-05-12,NG,Q0_SKIP,0,10.85,296765.5598666754,298.88986667538234,296.7655598666754,2.1243068087069332,11870.622394667016,0.00017895496445589047,CASH_SCARCITY,10
2020-05-12,CGEN,Q0_SKIP,0,14.82,296765.5598666754,298.88986667538234,296.7655598666754,2.1243068087069332,11870.622394667016,0.00017895496445589047,CASH_SCARCITY,10
2020-05-12,DOCU,Q0_SKIP,0,120.26,296765.5598666754,298.88986667538234,296.7655598666754,2.1243068087069332,11870.622394667016,0.00017895496445589047,CASH_SCARCITY,10
2020-05-12,MRNA,Q0_SKIP,0,62.35,296765.5598666754,298.88986667538234,296.7655598666754,2.1243068087069332,11870.622394667016,0.00017895496445589047,CASH_SCARCITY,10
2020-05-12,NFLX,Q0_SKIP,0,431.82,296765.5598666754,298.88986667538234,296.7655598666754,2.1243068087069332,11870.622394667016,0.00017895496445589047,CASH_SCARCITY,10
2020-05-12,ENPH,Q0_SKIP,0,59.27,296765.5598666754,298.88986667538234,296.7655598666754,2.1243068087069332,11870.622394667016,0.00017895496445589047,CASH_SCARCITY,10
2020-05-12,APT,Q0_SKIP,0,13.84,296765.5598666754,298.88986667538234,296.7655598666754,2.1243068087069332,11870.622394667016,0.00017895496445589047,CASH_SCARCITY,10
2020-05-12,LM,Q0_SKIP,0,49.85,296765.5598666754,298.88986667538234,296.7655598666754,2.1243068087069332,11870.622394667016,0.00017895496445589047,CASH_SCARCITY,10
2020-05-12,CLX,Q0_SKIP,0,205.68,296765.5598666754,298.88986667538234,296.7655598666754,2.1243068087069332,11870.622394667016,0.00017895496445589047,CASH_SCARCITY,10
2020-05-12,FATE,Q0_SKIP,0,28.75,296765.5598666754,298.88986667538234,296.7655598666754,2.1243068087069332,11870.622394667016,0.00017895496445589047,CASH_SCARCITY,10
2020-05-12,ZTO,Q0_SKIP,0,32.25,296765.5598666754,298.88986667538234,296.7655598666754,2.1243068087069332,11870.622394667016,0.00017895496445589047,CASH_SCARCITY,10
2020-05-12,NET,Q0_SKIP,0,28.79,296765.5598666754,298.88986667538234,296.7655598666754,2.1243068087069332,11870.622394667016,0.00017895496445589047,CASH_SCARCITY,10
2020-05-12,INO,Q0_SKIP,0,12.9,296765.5598666754,298.88986667538234,296.7655598666754,2.1243068087069332,11870.622394667016,0.00017895496445589047,CASH_SCARCITY,10
2020-05-12,MNTA,Q0_SKIP,0,31.85,296765.5598666754,298.88986667538234,296.7655598666754,2.1243068087069332,11870.622394667016,0.00017895496445589047,CASH_SCARCITY,10
2020-05-12,FIVN,Q0_SKIP,0,104.28,296765.5598666754,298.88986667538234,296.7655598666754,2.1243068087069332,11870.622394667016,0.00017895496445589047,CASH_SCARCITY,10
2020-05-12,SHOP,Q0_SKIP,0,742.2799999999999,296765.5598666754,298.88986667538234,296.7655598666754,2.1243068087069332,11870.622394667016,0.00017895496445589047,CASH_SCARCITY,10
2020-05-12,ZS,Q0_SKIP,0,76.45,296765.5598666754,298.88986667538234,296.7655598666754,2.1243068087069332,11870.622394667016,0.00017895496445589047,CASH_SCARCITY,10
2020-05-12,CTXS,Q0_SKIP,0,146.84,296765.5598666754,298.88986667538234,296.7655598666754,2.1243068087069332,11870.622394667016,0.00017895496445589047,CASH_SCARCITY,10
2020-05-12,QLYS,Q0_SKIP,0,104.81,296765.5598666754,298.88986667538234,296.7655598666754,2.1243068087069332,11870.622394667016,0.00017895496445589047,CASH_SCARCITY,10
2020-05-12,JD,Q0_SKIP,0,47.03,296765.5598666754,298.88986667538234,296.7655598666754,2.1243068087069332,11870.622394667016,0.00017895496445589047,CASH_SCARCITY,10
2020-05-12,ASAPQ,Q0_SKIP,0,2.92,296765.5598666754,298.88986667538234,296.7655598666754,2.1243068087069332,11870.622394667016,0.00017895496445589047,CASH_SCARCITY,10
2020-05-12,WPM,Q0_SKIP,0,42.34,296765.5598666754,298.88986667538234,296.7655598666754,2.1243068087069332,11870.622394667016,0.00017895496445589047,CASH_SCARCITY,10
2020-05-12,AMZN,Q0_SKIP,0,2356.95,296765.5598666754,298.88986667538234,296.7655598666754,2.1243068087069332,11870.622394667016,0.00017895496445589047,CASH_SCARCITY,10
2020-05-12,AMD,Q0_SKIP,0,53.76,296765.5598666754,298.88986667538234,296.7655598666754,2.1243068087069332,11870.622394667016,0.00017895496445589047,CASH_SCARCITY,10
2020-05-12,LOGM,Q0_SKIP,0,85.11,296765.5598666754,298.88986667538234,296.7655598666754,2.1243068087069332,11870.622394667016,0.00017895496445589047,CASH_SCARCITY,10
2020-05-12,ALNY,Q0_SKIP,0,144.19,296765.5598666754,298.88986667538234,296.7655598666754,2.1243068087069332,11870.622394667016,0.00017895496445589047,CASH_SCARCITY,10
2020-05-12,KGC,Q0_SKIP,0,6.93,296765.5598666754,298.88986667538234,296.7655598666754,2.1243068087069332,11870.622394667016,0.00017895496445589047,CASH_SCARCITY,10
2020-05-12,FNV,Q0_SKIP,0,140.88,296765.5598666754,298.88986667538234,296.7655598666754,2.1243068087069332,11870.622394667016,0.00017895496445589047,CASH_SCARCITY,10
2020-05-12,BNTX,Q0_SKIP,0,49.33,296765.5598666754,298.88986667538234,296.7655598666754,2.1243068087069332,11870.622394667016,0.00017895496445589047,CASH_SCARCITY,10
2020-05-12,ATRC,Q0_SKIP,0,46.79,296765.5598666754,298.88986667538234,296.7655598666754,2.1243068087069332,11870.622394667016,0.00017895496445589047,CASH_SCARCITY,10
2020-05-12,VRTX,Q0_SKIP,0,276.47,296765.5598666754,298.88986667538234,296.7655598666754,2.1243068087069332,11870.622394667016,0.00017895496445589047,CASH_SCARCITY,10
2020-05-12,ARCT,Q0_SKIP,0,46.3,296765.5598666754,298.88986667538234,296.7655598666754,2.1243068087069332,11870.622394667016,0.00017895496445589047,CASH_SCARCITY,10
2020-05-12,AKBA,Q0_SKIP,0,11.565,296765.5598666754,298.88986667538234,296.7655598666754,2.1243068087069332,11870.622394667016,0.00017895496445589047,CASH_SCARCITY,10
2020-05-12,VIR,Q0_SKIP,0,30.26,296765.5598666754,298.88986667538234,296.7655598666754,2.1243068087069332,11870.622394667016,0.00017895496445589047,CASH_SCARCITY,10
2020-05-12,DKNG,Q0_SKIP,0,26.3,296765.5598666754,298.88986667538234,296.7655598666754,2.1243068087069332,11870.622394667016,0.00017895496445589047,CASH_SCARCITY,10
2020-05-12,VIPS,Q0_SKIP,0,17.37,296765.5598666754,298.88986667538234,296.7655598666754,2.1243068087069332,11870.622394667016,0.00017895496445589047,CASH_SCARCITY,10
2020-05-12,SBAC,Q0_SKIP,0,289.17,296765.5598666754,298.88986667538234,296.7655598666754,2.1243068087069332,11870.622394667016,0.00017895496445589047,CASH_SCARCITY,10
2020-05-12,STMP,Q0_SKIP,0,195.24,296765.5598666754,298.88986667538234,296.7655598666754,2.1243068087069332,11870.622394667016,0.00017895496445589047,CASH_SCARCITY,10
2020-05-12,QGEN,Q0_SKIP,0,42.74,296765.5598666754,298.88986667538234,296.7655598666754,2.1243068087069332,11870.622394667016,0.00017895496445589047,CASH_SCARCITY,10
2020-05-12,LVGO,Q0_SKIP,0,57.85,296765.5598666754,298.88986667538234,296.7655598666754,2.1243068087069332,11870.622394667016,0.00017895496445589047,CASH_SCARCITY,10
2020-05-12,PLUG,Q0_SKIP,0,4.275,296765.5598666754,298.88986667538234,296.7655598666754,2.1243068087069332,11870.622394667016,0.00017895496445589047,CASH_SCARCITY,10
2020-05-12,PTON,Q0_SKIP,0,46.17,296765.5598666754,298.88986667538234,296.7655598666754,2.1243068087069332,11870.622394667016,0.00017895496445589047,CASH_SCARCITY,10
2020-05-12,EQIX,Q0_SKIP,0,663.65,296765.5598666754,298.88986667538234,296.7655598666754,2.1243068087069332,11870.622394667016,0.00017895496445589047,CASH_SCARCITY,10
2020-05-12,HLI,Q0_SKIP,0,59.81,296765.5598666754,298.88986667538234,296.7655598666754,2.1243068087069332,11870.622394667016,0.00017895496445589047,CASH_SCARCITY,10
2020-05-12,RARE,Q0_SKIP,0,66.29,296765.5598666754,298.88986667538234,296.7655598666754,2.1243068087069332,11870.622394667016,0.00017895496445589047,CASH_SCARCITY,10
2020-05-12,PETS,Q0_SKIP,0,34.35,296765.5598666754,298.88986667538234,296.7655598666754,2.1243068087069332,11870.622394667016,0.00017895496445589047,CASH_SCARCITY,10
2020-05-12,GBT,Q0_SKIP,0,73.90999999999998,296765.5598666754,298.88986667538234,296.7655598666754,2.1243068087069332,11870.622394667016,0.00017895496445589047,CASH_SCARCITY,10
2020-05-12,KR,Q0_SKIP,0,33.55,296765.5598666754,298.88986667538234,296.7655598666754,2.1243068087069332,11870.622394667016,0.00017895496445589047,CASH_SCARCITY,10
2020-05-12,IPHI,Q0_SKIP,0,110.96,296765.5598666754,298.88986667538234,296.7655598666754,2.1243068087069332,11870.622394667016,0.00017895496445589047,CASH_SCARCITY,10
2020-05-12,WING,Q0_SKIP,0,122.43,296765.5598666754,298.88986667538234,296.7655598666754,2.1243068087069332,11870.622394667016,0.00017895496445589047,CASH_SCARCITY,10
2020-05-12,FVRR,Q0_SKIP,0,54.56,296765.5598666754,298.88986667538234,296.7655598666754,2.1243068087069332,11870.622394667016,0.00017895496445589047,CASH_SCARCITY,10
2020-05-12,OKTA,Q0_SKIP,0,173.65,296765.5598666754,298.88986667538234,296.7655598666754,2.1243068087069332,11870.622394667016,0.00017895496445589047,CASH_SCARCITY,10
2020-05-12,OSUR,Q0_SKIP,0,17.17,296765.5598666754,298.88986667538234,296.7655598666754,2.1243068087069332,11870.622394667016,0.00017895496445589047,CASH_SCARCITY,10
2020-05-12,NVDA,Q0_SKIP,0,312.1,296765.5598666754,298.88986667538234,296.7655598666754,2.1243068087069332,11870.622394667016,0.00017895496445589047,CASH_SCARCITY,10
2020-05-12,MSCI,Q0_SKIP,0,347.12,296765.5598666754,298.88986667538234,296.7655598666754,2.1243068087069332,11870.622394667016,0.00017895496445589047,CASH_SCARCITY,10
2020-05-12,ETSY,Q0_SKIP,0,79.01999999999998,296765.5598666754,298.88986667538234,296.7655598666754,2.1243068087069332,11870.622394667016,0.00017895496445589047,CASH_SCARCITY,10
2020-05-12,GDS,Q0_SKIP,0,61.38,296765.5598666754,298.88986667538234,296.7655598666754,2.1243068087069332,11870.622394667016,0.00017895496445589047,CASH_SCARCITY,10
2020-05-12,NIO,Q0_SKIP,0,3.62,296765.5598666754,298.88986667538234,296.7655598666754,2.1243068087069332,11870.622394667016,0.00017895496445589047,CASH_SCARCITY,10
2020-05-12,SPCE,Q0_SKIP,0,17.6,296765.5598666754,298.88986667538234,296.7655598666754,2.1243068087069332,11870.622394667016,0.00017895496445589047,CASH_SCARCITY,10
2020-05-12,PING,Q0_SKIP,0,26.19,296765.5598666754,298.88986667538234,296.7655598666754,2.1243068087069332,11870.622394667016,0.00017895496445589047,CASH_SCARCITY,10
2020-05-12,BTG,Q0_SKIP,0,5.16,296765.5598666754,298.88986667538234,296.7655598666754,2.1243068087069332,11870.622394667016,0.00017895496445589047,CASH_SCARCITY,10
2020-05-12,AUDC,Q0_SKIP,0,32.49,296765.5598666754,298.88986667538234,296.7655598666754,2.1243068087069332,11870.622394667016,0.00017895496445589047,CASH_SCARCITY,10
2020-05-12,MOH,Q0_SKIP,0,180.5,296765.5598666754,298.88986667538234,296.7655598666754,2.1243068087069332,11870.622394667016,0.00017895496445589047,CASH_SCARCITY,10
2020-05-12,KNSL,Q0_SKIP,0,131.84,296765.5598666754,298.88986667538234,296.7655598666754,2.1243068087069332,11870.622394667016,0.00017895496445589047,CASH_SCARCITY,10
2020-05-12,TAL,Q0_SKIP,0,54.17,296765.5598666754,298.88986667538234,296.7655598666754,2.1243068087069332,11870.622394667016,0.00017895496445589047,CASH_SCARCITY,10
2020-05-12,SNDX,Q0_SKIP,0,18.95,296765.5598666754,298.88986667538234,296.7655598666754,2.1243068087069332,11870.622394667016,0.00017895496445589047,CASH_SCARCITY,10
2020-05-12,CLVT,Q0_SKIP,0,22.84,296765.5598666754,298.88986667538234,296.7655598666754,2.1243068087069332,11870.622394667016,0.00017895496445589047,CASH_SCARCITY,10
2020-05-12,CAG,Q0_SKIP,0,34.11,296765.5598666754,298.88986667538234,296.7655598666754,2.1243068087069332,11870.622394667016,0.00017895496445589047,CASH_SCARCITY,10
2020-05-12,EQX,Q0_SKIP,0,8.55,296765.5598666754,298.88986667538234,296.7655598666754,2.1243068087069332,11870.622394667016,0.00017895496445589047,CASH_SCARCITY,10
2020-05-12,RNG,Q0_SKIP,0,278.8,296765.5598666754,298.88986667538234,296.7655598666754,2.1243068087069332,11870.622394667016,0.00017895496445589047,CASH_SCARCITY,10
2020-05-12,DT,Q0_SKIP,0,32.4,296765.5598666754,298.88986667538234,296.7655598666754,2.1243068087069332,11870.622394667016,0.00017895496445589047,CASH_SCARCITY,10
2020-05-12,AUY,Q0_SKIP,0,5.08,296765.5598666754,298.88986667538234,296.7655598666754,2.1243068087069332,11870.622394667016,0.00017895496445589047,CASH_SCARCITY,10
2020-05-12,AGI,Q0_SKIP,0,7.84,296765.5598666754,298.88986667538234,296.7655598666754,2.1243068087069332,11870.622394667016,0.00017895496445589047,CASH_SCARCITY,10
2020-05-12,CRWD,Q0_SKIP,0,76.15,296765.5598666754,298.88986667538234,296.7655598666754,2.1243068087069332,11870.622394667016,0.00017895496445589047,CASH_SCARCITY,10
2020-05-12,CIEN,Q0_SKIP,0,48.09,296765.5598666754,298.88986667538234,296.7655598666754,2.1243068087069332,11870.622394667016,0.00017895496445589047,CASH_SCARCITY,10
2020-05-12,AGIO,Q0_SKIP,0,45.65,296765.5598666754,298.88986667538234,296.7655598666754,2.1243068087069332,11870.622394667016,0.00017895496445589047,CASH_SCARCITY,10
2020-05-12,CABO,Q0_SKIP,0,1892.82,296765.5598666754,298.88986667538234,296.7655598666754,2.1243068087069332,11870.622394667016,0.00017895496445589047,CASH_SCARCITY,10
2020-05-12,WORK,Q0_SKIP,0,31.01,296765.5598666754,298.88986667538234,296.7655598666754,2.1243068087069332,11870.622394667016,0.00017895496445589047,CASH_SCARCITY,10
2020-05-12,CNC,Q0_SKIP,0,66.75,296765.5598666754,298.88986667538234,296.7655598666754,2.1243068087069332,11870.622394667016,0.00017895496445589047,CASH_SCARCITY,10
2020-05-12,IOVA,Q0_SKIP,0,35.89,296765.5598666754,298.88986667538234,296.7655598666754,2.1243068087069332,11870.622394667016,0.00017895496445589047,CASH_SCARCITY,10
2020-05-12,GFI,Q0_SKIP,0,7.97,296765.5598666754,298.88986667538234,296.7655598666754,2.1243068087069332,11870.622394667016,0.00017895496445589047,CASH_SCARCITY,10
2020-05-12,TRHC,Q0_SKIP,0,55.23,296765.5598666754,298.88986667538234,296.7655598666754,2.1243068087069332,11870.622394667016,0.00017895496445589047,CASH_SCARCITY,10
2020-05-12,ADVM,Q0_SKIP,0,18.81,296765.5598666754,298.88986667538234,296.7655598666754,2.1243068087069332,11870.622394667016,0.00017895496445589047,CASH_SCARCITY,10
2020-05-12,AXNX,Q0_SKIP,0,34.58,296765.5598666754,298.88986667538234,296.7655598666754,2.1243068087069332,11870.622394667016,0.00017895496445589047,CASH_SCARCITY,10
2020-05-12,TNDM,Q0_SKIP,0,86.59,296765.5598666754,298.88986667538234,296.7655598666754,2.1243068087069332,11870.622394667016,0.00017895496445589047,CASH_SCARCITY,10
2020-05-12,IRTC,Q0_SKIP,0,126.12,296765.5598666754,298.88986667538234,296.7655598666754,2.1243068087069332,11870.622394667016,0.00017895496445589047,CASH_SCARCITY,10
2020-05-12,SRPT,Q0_SKIP,0,132.89,296765.5598666754,298.88986667538234,296.7655598666754,2.1243068087069332,11870.622394667016,0.00017895496445589047,CASH_SCARCITY,10
2020-05-12,MEDP,Q0_SKIP,0,83.43,296765.5598666754,298.88986667538234,296.7655598666754,2.1243068087069332,11870.622394667016,0.00017895496445589047,CASH_SCARCITY,10
2020-05-12,TXG,Q0_SKIP,0,82.59,296765.5598666754,298.88986667538234,296.7655598666754,2.1243068087069332,11870.622394667016,0.00017895496445589047,CASH_SCARCITY,10
2020-05-12,SEDG,Q0_SKIP,0,121.0,296765.5598666754,298.88986667538234,296.7655598666754,2.1243068087069332,11870.622394667016,0.00017895496445589047,CASH_SCARCITY,10
2020-05-12,AU,Q0_SKIP,0,25.29,296765.5598666754,298.88986667538234,296.7655598666754,2.1243068087069332,11870.622394667016,0.00017895496445589047,CASH_SCARCITY,10
2020-05-12,AYX,Q0_SKIP,0,127.28,296765.5598666754,298.88986667538234,296.7655598666754,2.1243068087069332,11870.622394667016,0.00017895496445589047,CASH_SCARCITY,10
2020-05-12,TGTX,Q0_SKIP,0,19.935,296765.5598666754,298.88986667538234,296.7655598666754,2.1243068087069332,11870.622394667016,0.00017895496445589047,CASH_SCARCITY,10
2020-05-12,FSLY,Q0_SKIP,0,37.1,296765.5598666754,298.88986667538234,296.7655598666754,2.1243068087069332,11870.622394667016,0.00017895496445589047,CASH_SCARCITY,10
2020-05-12,FTCHF,Q0_SKIP,0,15.62,296765.5598666754,298.88986667538234,296.7655598666754,2.1243068087069332,11870.622394667016,0.00017895496445589047,CASH_SCARCITY,10
2020-05-12,IMMU,Q0_SKIP,0,31.82,296765.5598666754,298.88986667538234,296.7655598666754,2.1243068087069332,11870.622394667016,0.00017895496445589047,CASH_SCARCITY,10
2020-05-12,CLVSQ,Q0_SKIP,0,9.55,296765.5598666754,298.88986667538234,296.7655598666754,2.1243068087069332,11870.622394667016,0.00017895496445589047,CASH_SCARCITY,10
2020-05-12,BCRX,Q0_SKIP,0,5.41,296765.5598666754,298.88986667538234,296.7655598666754,2.1243068087069332,11870.622394667016,0.00017895496445589047,CASH_SCARCITY,10
2020-05-12,AYTU,PLAN,1,1.62,296765.5598666754,298.88986667538234,296.7655598666754,2.1243068087069332,11870.622394667016,0.00017895496445589047,,10
2020-05-13,NEM,Q0_SKIP,0,63.89,300072.9498666755,298.88986667538234,300.0729498666755,0.0,12002.91799466702,0.0,CASH_SCARCITY,10
2020-05-13,CHWY,Q0_SKIP,0,41.77,300072.9498666755,298.88986667538234,300.0729498666755,0.0,12002.91799466702,0.0,CASH_SCARCITY,10
2020-05-13,BAND,Q0_SKIP,0,109.33,300072.9498666755,298.88986667538234,300.0729498666755,0.0,12002.91799466702,0.0,CASH_SCARCITY,10
2020-05-13,RCUS,Q0_SKIP,0,31.02,300072.9498666755,298.88986667538234,300.0729498666755,0.0,12002.91799466702,0.0,CASH_SCARCITY,10
2020-05-13,PLUR,Q0_SKIP,0,9.19,300072.9498666755,298.88986667538234,300.0729498666755,0.0,12002.91799466702,0.0,CASH_SCARCITY,10
2020-05-13,PRNB,Q0_SKIP,0,63.79,300072.9498666755,298.88986667538234,300.0729498666755,0.0,12002.91799466702,0.0,CASH_SCARCITY,10
2020-05-13,MASI,Q0_SKIP,0,241.1,300072.9498666755,298.88986667538234,300.0729498666755,0.0,12002.91799466702,0.0,CASH_SCARCITY,10
2020-05-13,CLX,Q0_SKIP,0,206.74,300072.9498666755,298.88986667538234,300.0729498666755,0.0,12002.91799466702,0.0,CASH_SCARCITY,10
2020-05-13,CCXI1,Q0_SKIP,0,51.68,300072.9498666755,298.88986667538234,300.0729498666755,0.0,12002.91799466702,0.0,CASH_SCARCITY,10
2020-05-13,CGEN,Q0_SKIP,0,13.94,300072.9498666755,298.88986667538234,300.0729498666755,0.0,12002.91799466702,0.0,CASH_SCARCITY,10
2020-05-13,B,Q0_SKIP,0,26.12,300072.9498666755,298.88986667538234,300.0729498666755,0.0,12002.91799466702,0.0,CASH_SCARCITY,10
2020-05-13,TSLA,Q0_SKIP,0,790.96,300072.9498666755,298.88986667538234,300.0729498666755,0.0,12002.91799466702,0.0,CASH_SCARCITY,10
2020-05-13,ACMR,Q0_SKIP,0,50.28,300072.9498666755,298.88986667538234,300.0729498666755,0.0,12002.91799466702,0.0,CASH_SCARCITY,10
2020-05-13,DOCU,Q0_SKIP,0,119.07,300072.9498666755,298.88986667538234,300.0729498666755,0.0,12002.91799466702,0.0,CASH_SCARCITY,10
2020-05-13,MRNA,Q0_SKIP,0,65.18,300072.9498666755,298.88986667538234,300.0729498666755,0.0,12002.91799466702,0.0,CASH_SCARCITY,10
2020-05-13,NFLX,Q0_SKIP,0,438.27,300072.9498666755,298.88986667538234,300.0729498666755,0.0,12002.91799466702,0.0,CASH_SCARCITY,10
2020-05-13,CYTK,Q0_SKIP,0,21.61,300072.9498666755,298.88986667538234,300.0729498666755,0.0,12002.91799466702,0.0,CASH_SCARCITY,10
2020-05-13,ENPH,Q0_SKIP,0,57.47,300072.9498666755,298.88986667538234,300.0729498666755,0.0,12002.91799466702,0.0,CASH_SCARCITY,10
2020-05-13,SHOP,Q0_SKIP,0,754.38,300072.9498666755,298.88986667538234,300.0729498666755,0.0,12002.91799466702,0.0,CASH_SCARCITY,10
2020-05-13,AMZN,Q0_SKIP,0,2367.92,300072.9498666755,298.88986667538234,300.0729498666755,0.0,12002.91799466702,0.0,CASH_SCARCITY,10
2020-05-13,APT,Q0_SKIP,0,13.1,300072.9498666755,298.88986667538234,300.0729498666755,0.0,12002.91799466702,0.0,CASH_SCARCITY,10
2020-05-13,ZS,Q0_SKIP,0,75.15999999999998,300072.9498666755,298.88986667538234,300.0729498666755,0.0,12002.91799466702,0.0,CASH_SCARCITY,10
2020-05-13,CEMI,Q0_SKIP,0,11.08,300072.9498666755,298.88986667538234,300.0729498666755,0.0,12002.91799466702,0.0,CASH_SCARCITY,10
2020-05-13,AKBA,Q0_SKIP,0,11.81,300072.9498666755,298.88986667538234,300.0729498666755,0.0,12002.91799466702,0.0,CASH_SCARCITY,10
2020-05-13,LM,Q0_SKIP,0,49.9,300072.9498666755,298.88986667538234,300.0729498666755,0.0,12002.91799466702,0.0,CASH_SCARCITY,10
2020-05-13,FIVN,Q0_SKIP,0,100.83,300072.9498666755,298.88986667538234,300.0729498666755,0.0,12002.91799466702,0.0,CASH_SCARCITY,10
2020-05-13,CTXS,Q0_SKIP,0,146.51,300072.9498666755,298.88986667538234,300.0729498666755,0.0,12002.91799466702,0.0,CASH_SCARCITY,10
2020-05-13,ASAPQ,Q0_SKIP,0,2.64,300072.9498666755,298.88986667538234,300.0729498666755,0.0,12002.91799466702,0.0,CASH_SCARCITY,10
2020-05-13,JD,Q0_SKIP,0,47.81,300072.9498666755,298.88986667538234,300.0729498666755,0.0,12002.91799466702,0.0,CASH_SCARCITY,10
2020-05-13,ZTO,Q0_SKIP,0,32.75,300072.9498666755,298.88986667538234,300.0729498666755,0.0,12002.91799466702,0.0,CASH_SCARCITY,10
2020-05-13,INO,Q0_SKIP,0,13.37,300072.9498666755,298.88986667538234,300.0729498666755,0.0,12002.91799466702,0.0,CASH_SCARCITY,10
2020-05-13,ARCT,Q0_SKIP,0,42.01,300072.9498666755,298.88986667538234,300.0729498666755,0.0,12002.91799466702,0.0,CASH_SCARCITY,10
2020-05-13,LOGM,Q0_SKIP,0,85.15999999999998,300072.9498666755,298.88986667538234,300.0729498666755,0.0,12002.91799466702,0.0,CASH_SCARCITY,10
2020-05-13,RARE,Q0_SKIP,0,64.08,300072.9498666755,298.88986667538234,300.0729498666755,0.0,12002.91799466702,0.0,CASH_SCARCITY,10
2020-05-13,VRTX,Q0_SKIP,0,277.03,300072.9498666755,298.88986667538234,300.0729498666755,0.0,12002.91799466702,0.0,CASH_SCARCITY,10
2020-05-13,ALNY,Q0_SKIP,0,139.46,300072.9498666755,298.88986667538234,300.0729498666755,0.0,12002.91799466702,0.0,CASH_SCARCITY,10
2020-05-13,GDS,Q0_SKIP,0,62.45,300072.9498666755,298.88986667538234,300.0729498666755,0.0,12002.91799466702,0.0,CASH_SCARCITY,10
2020-05-13,ATRC,Q0_SKIP,0,48.8,300072.9498666755,298.88986667538234,300.0729498666755,0.0,12002.91799466702,0.0,CASH_SCARCITY,10
2020-05-13,NET,Q0_SKIP,0,27.87,300072.9498666755,298.88986667538234,300.0729498666755,0.0,12002.91799466702,0.0,CASH_SCARCITY,10
2020-05-13,WPM,Q0_SKIP,0,43.3,300072.9498666755,298.88986667538234,300.0729498666755,0.0,12002.91799466702,0.0,CASH_SCARCITY,10
2020-05-13,VIPS,Q0_SKIP,0,17.31,300072.9498666755,298.88986667538234,300.0729498666755,0.0,12002.91799466702,0.0,CASH_SCARCITY,10
2020-05-13,FNV,Q0_SKIP,0,141.45,300072.9498666755,298.88986667538234,300.0729498666755,0.0,12002.91799466702,0.0,CASH_SCARCITY,10
2020-05-13,DKNG,Q0_SKIP,0,25.855,300072.9498666755,298.88986667538234,300.0729498666755,0.0,12002.91799466702,0.0,CASH_SCARCITY,10
2020-05-13,KR,Q0_SKIP,0,34.1,300072.9498666755,298.88986667538234,300.0729498666755,0.0,12002.91799466702,0.0,CASH_SCARCITY,10
2020-05-13,GBT,Q0_SKIP,0,71.14,300072.9498666755,298.88986667538234,300.0729498666755,0.0,12002.91799466702,0.0,CASH_SCARCITY,10
2020-05-13,KGC,Q0_SKIP,0,6.89,300072.9498666755,298.88986667538234,300.0729498666755,0.0,12002.91799466702,0.0,CASH_SCARCITY,10
2020-05-13,VIR,Q0_SKIP,0,30.71,300072.9498666755,298.88986667538234,300.0729498666755,0.0,12002.91799466702,0.0,CASH_SCARCITY,10
2020-05-13,PETS,Q0_SKIP,0,32.72,300072.9498666755,298.88986667538234,300.0729498666755,0.0,12002.91799466702,0.0,CASH_SCARCITY,10
2020-05-13,LVGO,Q0_SKIP,0,57.35,300072.9498666755,298.88986667538234,300.0729498666755,0.0,12002.91799466702,0.0,CASH_SCARCITY,10
2020-05-13,STMP,Q0_SKIP,0,196.92,300072.9498666755,298.88986667538234,300.0729498666755,0.0,12002.91799466702,0.0,CASH_SCARCITY,10
2020-05-13,BNTX,Q0_SKIP,0,48.49,300072.9498666755,298.88986667538234,300.0729498666755,0.0,12002.91799466702,0.0,CASH_SCARCITY,10
2020-05-13,ETSY,Q0_SKIP,0,81.54999999999998,300072.9498666755,298.88986667538234,300.0729498666755,0.0,12002.91799466702,0.0,CASH_SCARCITY,10
2020-05-13,TEAM,Q0_SKIP,0,175.76,300072.9498666755,298.88986667538234,300.0729498666755,0.0,12002.91799466702,0.0,CASH_SCARCITY,10
2020-05-13,MOH,Q0_SKIP,0,174.38,300072.9498666755,298.88986667538234,300.0729498666755,0.0,12002.91799466702,0.0,CASH_SCARCITY,10
2020-05-13,NVDA,Q0_SKIP,0,311.2,300072.9498666755,298.88986667538234,300.0729498666755,0.0,12002.91799466702,0.0,CASH_SCARCITY,10
2020-05-13,NIO,Q0_SKIP,0,3.44,300072.9498666755,298.88986667538234,300.0729498666755,0.0,12002.91799466702,0.0,CASH_SCARCITY,10
2020-05-13,AGIO,Q0_SKIP,0,45.56,300072.9498666755,298.88986667538234,300.0729498666755,0.0,12002.91799466702,0.0,CASH_SCARCITY,10
2020-05-13,OKTA,Q0_SKIP,0,177.36,300072.9498666755,298.88986667538234,300.0729498666755,0.0,12002.91799466702,0.0,CASH_SCARCITY,10
2020-05-13,OSUR,Q0_SKIP,0,16.45,300072.9498666755,298.88986667538234,300.0729498666755,0.0,12002.91799466702,0.0,CASH_SCARCITY,10
2020-05-13,WING,Q0_SKIP,0,120.15,300072.9498666755,298.88986667538234,300.0729498666755,0.0,12002.91799466702,0.0,CASH_SCARCITY,10
2020-05-13,IPHI,Q0_SKIP,0,108.37,300072.9498666755,298.88986667538234,300.0729498666755,0.0,12002.91799466702,0.0,CASH_SCARCITY,10
2020-05-13,QGEN,Q0_SKIP,0,42.85,300072.9498666755,298.88986667538234,300.0729498666755,0.0,12002.91799466702,0.0,CASH_SCARCITY,10
2020-05-13,SNDX,Q0_SKIP,0,18.22,300072.9498666755,298.88986667538234,300.0729498666755,0.0,12002.91799466702,0.0,CASH_SCARCITY,10
2020-05-13,FVRR,Q0_SKIP,0,54.54,300072.9498666755,298.88986667538234,300.0729498666755,0.0,12002.91799466702,0.0,CASH_SCARCITY,10
2020-05-13,CLVT,Q0_SKIP,0,22.51,300072.9498666755,298.88986667538234,300.0729498666755,0.0,12002.91799466702,0.0,CASH_SCARCITY,10
2020-05-13,KNSL,Q0_SKIP,0,131.11,300072.9498666755,298.88986667538234,300.0729498666755,0.0,12002.91799466702,0.0,CASH_SCARCITY,10
2020-05-13,MSCI,Q0_SKIP,0,335.62,300072.9498666755,298.88986667538234,300.0729498666755,0.0,12002.91799466702,0.0,CASH_SCARCITY,10
2020-05-13,CAG,Q0_SKIP,0,34.05,300072.9498666755,298.88986667538234,300.0729498666755,0.0,12002.91799466702,0.0,CASH_SCARCITY,10
2020-05-13,PTON,Q0_SKIP,0,45.17,300072.9498666755,298.88986667538234,300.0729498666755,0.0,12002.91799466702,0.0,CASH_SCARCITY,10
2020-05-13,CRWD,Q0_SKIP,0,76.56999999999998,300072.9498666755,298.88986667538234,300.0729498666755,0.0,12002.91799466702,0.0,CASH_SCARCITY,10
2020-05-13,RNG,Q0_SKIP,0,283.0,300072.9498666755,298.88986667538234,300.0729498666755,0.0,12002.91799466702,0.0,CASH_SCARCITY,10
2020-05-13,BTG,Q0_SKIP,0,5.15,300072.9498666755,298.88986667538234,300.0729498666755,0.0,12002.91799466702,0.0,CASH_SCARCITY,10
2020-05-13,IRTC,Q0_SKIP,0,129.73,300072.9498666755,298.88986667538234,300.0729498666755,0.0,12002.91799466702,0.0,CASH_SCARCITY,10
2020-05-13,NOW,Q0_SKIP,0,361.29,300072.9498666755,298.88986667538234,300.0729498666755,0.0,12002.91799466702,0.0,CASH_SCARCITY,10
2020-05-13,FTCHF,Q0_SKIP,0,15.57,300072.9498666755,298.88986667538234,300.0729498666755,0.0,12002.91799466702,0.0,CASH_SCARCITY,10
2020-05-13,DT,Q0_SKIP,0,32.93,300072.9498666755,298.88986667538234,300.0729498666755,0.0,12002.91799466702,0.0,CASH_SCARCITY,10
2020-05-13,AUY,Q0_SKIP,0,5.08,300072.9498666755,298.88986667538234,300.0729498666755,0.0,12002.91799466702,0.0,CASH_SCARCITY,10
2020-05-13,SMAR,Q0_SKIP,0,52.07,300072.9498666755,298.88986667538234,300.0729498666755,0.0,12002.91799466702,0.0,CASH_SCARCITY,10
2020-05-13,WORK,Q0_SKIP,0,30.2,300072.9498666755,298.88986667538234,300.0729498666755,0.0,12002.91799466702,0.0,CASH_SCARCITY,10
2020-05-13,BCRX,Q0_SKIP,0,4.9,300072.9498666755,298.88986667538234,300.0729498666755,0.0,12002.91799466702,0.0,CASH_SCARCITY,10
2020-05-13,GFI,Q0_SKIP,0,8.08,300072.9498666755,298.88986667538234,300.0729498666755,0.0,12002.91799466702,0.0,CASH_SCARCITY,10
2020-05-13,TGTX,Q0_SKIP,0,20.63,300072.9498666755,298.88986667538234,300.0729498666755,0.0,12002.91799466702,0.0,CASH_SCARCITY,10
2020-05-13,AYX,Q0_SKIP,0,122.17,300072.9498666755,298.88986667538234,300.0729498666755,0.0,12002.91799466702,0.0,CASH_SCARCITY,10
2020-05-13,AGI,Q0_SKIP,0,7.769999999999999,300072.9498666755,298.88986667538234,300.0729498666755,0.0,12002.91799466702,0.0,CASH_SCARCITY,10
2020-05-13,ADVM,Q0_SKIP,0,17.4,300072.9498666755,298.88986667538234,300.0729498666755,0.0,12002.91799466702,0.0,CASH_SCARCITY,10
2020-05-13,AU,Q0_SKIP,0,24.98,300072.9498666755,298.88986667538234,300.0729498666755,0.0,12002.91799466702,0.0,CASH_SCARCITY,10
2020-05-13,AXNX,Q0_SKIP,0,34.89,300072.9498666755,298.88986667538234,300.0729498666755,0.0,12002.91799466702,0.0,CASH_SCARCITY,10
2020-05-13,SEDG,Q0_SKIP,0,117.73,300072.9498666755,298.88986667538234,300.0729498666755,0.0,12002.91799466702,0.0,CASH_SCARCITY,10
2020-05-13,FRPT,Q0_SKIP,0,70.06,300072.9498666755,298.88986667538234,300.0729498666755,0.0,12002.91799466702,0.0,CASH_SCARCITY,10
2020-05-13,UNFI,Q0_SKIP,0,22.59,300072.9498666755,298.88986667538234,300.0729498666755,0.0,12002.91799466702,0.0,CASH_SCARCITY,10
2020-05-13,MESO,Q0_SKIP,0,12.15,300072.9498666755,298.88986667538234,300.0729498666755,0.0,12002.91799466702,0.0,CASH_SCARCITY,10
2020-05-13,GNMK,Q0_SKIP,0,11.76,300072.9498666755,298.88986667538234,300.0729498666755,0.0,12002.91799466702,0.0,CASH_SCARCITY,10
2020-05-13,CLVSQ,Q0_SKIP,0,9.19,300072.9498666755,298.88986667538234,300.0729498666755,0.0,12002.91799466702,0.0,CASH_SCARCITY,10
2020-05-13,IMMU,Q0_SKIP,0,32.06,300072.9498666755,298.88986667538234,300.0729498666755,0.0,12002.91799466702,0.0,CASH_SCARCITY,10
2020-05-13,AYTU,Q0_SKIP,0,1.69,300072.9498666755,298.88986667538234,300.0729498666755,0.0,12002.91799466702,0.0,CASH_SCARCITY,10
2020-05-14,PLUR,Q0_SKIP,0,10.06,296583.75986667536,298.88986667538234,296.5837598666754,2.306106808706943,11863.350394667015,0.00019438916764555968,CASH_SCARCITY,10
2020-05-14,NEM,Q0_SKIP,0,66.64,296583.75986667536,298.88986667538234,296.5837598666754,2.306106808706943,11863.350394667015,0.00019438916764555968,CASH_SCARCITY,10
2020-05-14,MASI,Q0_SKIP,0,246.12,296583.75986667536,298.88986667538234,296.5837598666754,2.306106808706943,11863.350394667015,0.00019438916764555968,CASH_SCARCITY,10
2020-05-14,CGEN,Q0_SKIP,0,11.57,296583.75986667536,298.88986667538234,296.5837598666754,2.306106808706943,11863.350394667015,0.00019438916764555968,CASH_SCARCITY,10
2020-05-14,CLX,Q0_SKIP,0,206.21,296583.75986667536,298.88986667538234,296.5837598666754,2.306106808706943,11863.350394667015,0.00019438916764555968,CASH_SCARCITY,10
2020-05-14,NFLX,Q0_SKIP,0,441.95,296583.75986667536,298.88986667538234,296.5837598666754,2.306106808706943,11863.350394667015,0.00019438916764555968,CASH_SCARCITY,10
2020-05-14,CYTK,Q0_SKIP,0,21.24,296583.75986667536,298.88986667538234,296.5837598666754,2.306106808706943,11863.350394667015,0.00019438916764555968,CASH_SCARCITY,10
2020-05-14,DOCU,Q0_SKIP,0,122.01,296583.75986667536,298.88986667538234,296.5837598666754,2.306106808706943,11863.350394667015,0.00019438916764555968,CASH_SCARCITY,10
2020-05-14,TSLA,Q0_SKIP,0,803.33,296583.75986667536,298.88986667538234,296.5837598666754,2.306106808706943,11863.350394667015,0.00019438916764555968,CASH_SCARCITY,10
2020-05-14,B,Q0_SKIP,0,27.14,296583.75986667536,298.88986667538234,296.5837598666754,2.306106808706943,11863.350394667015,0.00019438916764555968,CASH_SCARCITY,10
2020-05-14,MRNA,Q0_SKIP,0,64.56,296583.75986667536,298.88986667538234,296.5837598666754,2.306106808706943,11863.350394667015,0.00019438916764555968,CASH_SCARCITY,10
2020-05-14,CEMI,Q0_SKIP,0,12.53,296583.75986667536,298.88986667538234,296.5837598666754,2.306106808706943,11863.350394667015,0.00019438916764555968,CASH_SCARCITY,10
2020-05-14,CCXI1,Q0_SKIP,0,52.22,296583.75986667536,298.88986667538234,296.5837598666754,2.306106808706943,11863.350394667015,0.00019438916764555968,CASH_SCARCITY,10
2020-05-14,AKBA,Q0_SKIP,0,12.12,296583.75986667536,298.88986667538234,296.5837598666754,2.306106808706943,11863.350394667015,0.00019438916764555968,CASH_SCARCITY,10
2020-05-14,PRNB,Q0_SKIP,0,64.12,296583.75986667536,298.88986667538234,296.5837598666754,2.306106808706943,11863.350394667015,0.00019438916764555968,CASH_SCARCITY,10
2020-05-14,ZS,Q0_SKIP,0,75.62,296583.75986667536,298.88986667538234,296.5837598666754,2.306106808706943,11863.350394667015,0.00019438916764555968,CASH_SCARCITY,10
2020-05-14,APT,Q0_SKIP,0,16.35,296583.75986667536,298.88986667538234,296.5837598666754,2.306106808706943,11863.350394667015,0.00019438916764555968,CASH_SCARCITY,10
2020-05-14,AMZN,Q0_SKIP,0,2388.85,296583.75986667536,298.88986667538234,296.5837598666754,2.306106808706943,11863.350394667015,0.00019438916764555968,CASH_SCARCITY,10
2020-05-14,ACMR,Q0_SKIP,0,60.03,296583.75986667536,298.88986667538234,296.5837598666754,2.306106808706943,11863.350394667015,0.00019438916764555968,CASH_SCARCITY,10
2020-05-14,RCUS,Q0_SKIP,0,31.79,296583.75986667536,298.88986667538234,296.5837598666754,2.306106808706943,11863.350394667015,0.00019438916764555968,CASH_SCARCITY,10
2020-05-14,BAND,Q0_SKIP,0,109.64,296583.75986667536,298.88986667538234,296.5837598666754,2.306106808706943,11863.350394667015,0.00019438916764555968,CASH_SCARCITY,10
2020-05-14,FIVN,Q0_SKIP,0,103.08,296583.75986667536,298.88986667538234,296.5837598666754,2.306106808706943,11863.350394667015,0.00019438916764555968,CASH_SCARCITY,10
2020-05-14,SHOP,Q0_SKIP,0,754.2899999999998,296583.75986667536,298.88986667538234,296.5837598666754,2.306106808706943,11863.350394667015,0.00019438916764555968,CASH_SCARCITY,10
2020-05-14,ENPH,Q0_SKIP,0,56.98,296583.75986667536,298.88986667538234,296.5837598666754,2.306106808706943,11863.350394667015,0.00019438916764555968,CASH_SCARCITY,10
2020-05-14,ASAPQ,Q0_SKIP,0,2.605,296583.75986667536,298.88986667538234,296.5837598666754,2.306106808706943,11863.350394667015,0.00019438916764555968,CASH_SCARCITY,10
2020-05-14,CTXS,Q0_SKIP,0,146.06,296583.75986667536,298.88986667538234,296.5837598666754,2.306106808706943,11863.350394667015,0.00019438916764555968,CASH_SCARCITY,10
2020-05-14,JD,Q0_SKIP,0,48.96,296583.75986667536,298.88986667538234,296.5837598666754,2.306106808706943,11863.350394667015,0.00019438916764555968,CASH_SCARCITY,10
2020-05-14,ALNY,Q0_SKIP,0,136.2,296583.75986667536,298.88986667538234,296.5837598666754,2.306106808706943,11863.350394667015,0.00019438916764555968,CASH_SCARCITY,10
2020-05-14,NET,Q0_SKIP,0,28.02,296583.75986667536,298.88986667538234,296.5837598666754,2.306106808706943,11863.350394667015,0.00019438916764555968,CASH_SCARCITY,10
2020-05-14,VBIV,PLAN,1,2.07,296583.75986667536,298.88986667538234,296.5837598666754,2.306106808706943,11863.350394667015,0.00019438916764555968,,10
2020-06-23,DKNG,PLAN,327,37.99,311791.77426168043,27051.82426168038,311.7917742616804,26740.0324874187,12471.670970467218,1.0,,10
2020-06-30,FVRR,PLAN,181,73.81999999999998,334642.0345416804,22591.864541680385,334.6420345416804,22257.222507138704,13385.681381667217,1.0,,10
2020-07-08,DOCU,PLAN,42,206.35,348146.3454716804,9099.315471680386,348.1463454716804,8751.169126208706,13925.853818867216,0.628411675150024,,10
2020-07-29,WKHS,PLAN,891,16.15,360279.8666076844,45431.4466076844,360.2798666076844,45071.16674107671,14411.194664307377,1.0,,10
2020-08-26,LVGO,PLAN,110,135.19,374690.3928176844,37354.4928176844,374.6903928176844,36979.80242486671,14987.615712707377,1.0,,10
2020-08-27,BAND,PLAN,98,148.99,366581.5040176844,22535.8890176844,366.5815040176844,22169.307513666714,14663.260160707376,1.0,,10
2020-09-14,APPS,PLAN,592,25.31,375458.54367168446,36836.273671684394,375.4585436716845,36460.815128012706,15018.341746867378,1.0,,10
2020-09-29,AGNT,PLAN,382,42.05,402526.3144016844,28917.364401684397,402.5263144016844,28514.838087282715,16101.052576067375,1.0,,10
2020-09-30,RUN,PLAN,161,77.06999999999998,401192.0227616844,12849.672761684398,401.19202276168437,12448.480738922713,16047.680910467376,0.775718361324282,,10
2020-10-07,SAIL1,Q0_SKIP,0,46.26,418717.04402168427,448.5440216843981,418.7170440216843,29.82697766271383,16748.68176086737,0.0017808552391510226,CASH_SCARCITY,10
2020-10-07,RH,Q0_SKIP,0,377.72,418717.04402168427,448.5440216843981,418.7170440216843,29.82697766271383,16748.68176086737,0.0017808552391510226,CASH_SCARCITY,10
2020-10-07,BBBY,Q0_SKIP,0,84.65,418717.04402168427,448.5440216843981,418.7170440216843,29.82697766271383,16748.68176086737,0.0017808552391510226,CASH_SCARCITY,10
2020-10-07,LAD,Q0_SKIP,0,283.79,418717.04402168427,448.5440216843981,418.7170440216843,29.82697766271383,16748.68176086737,0.0017808552391510226,CASH_SCARCITY,10
2020-10-07,NIO,PLAN,1,21.56,418717.04402168427,448.5440216843981,418.7170440216843,29.82697766271383,16748.68176086737,0.0017808552391510226,,10
2020-10-20,ALTO,PLAN,1364,10.635,415860.8683616844,14940.553361684399,415.86086836168437,14524.692493322715,16634.434734467377,0.8731701873359621,,10
2020-11-17,FDX,PLAN,53,285.05,382890.5392120175,155617.1592120174,382.89053921201753,155234.2686728054,15315.6215684807,1.0,,10
2020-11-19,PACB,PLAN,1003,15.35,385307.55711201736,140459.9171120174,385.3075571120174,140074.6095549054,15412.302284480695,1.0,,10
2020-11-20,DAR,PLAN,330,47.52,392848.9110620174,125048.4710620174,392.8489110620174,124655.62215095539,15713.956442480696,1.0,,10
2020-11-25,AGNT,PLAN,300,51.98,390819.51406201744,109225.6640620174,390.81951406201745,108834.84454795538,15632.780562480697,1.0,,10
2020-11-27,GNRC,PLAN,71,221.4,398122.7160620174,93411.8660620174,398.12271606201745,93013.74334595539,15924.908642480697,1.0,,10
2020-11-30,LOB,PLAN,384,41.12,396025.69666201744,77676.74666201741,396.0256966620174,77280.72096535539,15841.027866480697,1.0,,10
2020-12-01,MRTX,PLAN,67,234.36,396640.1145820173,61678.68458201741,396.6401145820173,61282.04446743539,15865.604583280692,1.0,,10
2020-12-02,FRHC,PLAN,403,39.35,397680.4812020174,46109.75120201742,397.6804812020174,45712.0707208154,15907.219248080697,1.0,,10
2020-12-03,LPRO,PLAN,594,27.05,402222.67075201747,29913.12075201742,402.22267075201745,29510.898081265404,16088.9068300807,1.0,,10
2020-12-11,PWR,PLAN,186,72.06999999999998,424361.6736920174,13865.028692017424,424.3616736920174,13440.667018325406,16974.466947680696,0.7918167362635131,,10
2020-12-14,SWAV,Q0_SKIP,0,93.38,427294.83391201735,451.26391201742626,427.29483391201734,23.969078105408926,17091.793356480695,0.0014023735020363191,CASH_SCARCITY,10
2020-12-14,KURA,Q0_SKIP,0,41.34,427294.83391201735,451.26391201742626,427.29483391201734,23.969078105408926,17091.793356480695,0.0014023735020363191,CASH_SCARCITY,10
2020-12-14,PLUG,Q0_SKIP,0,25.7,427294.83391201735,451.26391201742626,427.29483391201734,23.969078105408926,17091.793356480695,0.0014023735020363191,CASH_SCARCITY,10
2020-12-14,TWST,Q0_SKIP,0,140.255,427294.83391201735,451.26391201742626,427.29483391201734,23.969078105408926,17091.793356480695,0.0014023735020363191,CASH_SCARCITY,10
2020-12-14,FTCHF,Q0_SKIP,0,59.09,427294.83391201735,451.26391201742626,427.29483391201734,23.969078105408926,17091.793356480695,0.0014023735020363191,CASH_SCARCITY,10
2020-12-14,INFY,PLAN,1,15.66,427294.83391201735,451.26391201742626,427.29483391201734,23.969078105408926,17091.793356480695,0.0014023735020363191,,10
2020-12-15,SWAV,Q0_SKIP,0,97.91,429364.1082820174,475.39828201742625,429.3641082820174,46.03417373540884,17174.564331280697,0.002680369227856629,CASH_SCARCITY,10
2020-12-15,KURA,PLAN,1,40.18,429364.1082820174,475.39828201742625,429.3641082820174,46.03417373540884,17174.564331280697,0.002680369227856629,,10
2021-03-01,SICPQ,PLAN,149,147.7,554298.5206360173,56948.53063601742,554.2985206360173,56394.232115381405,22171.94082544069,1.0,,10
2021-03-24,TPR,PLAN,474,40.64,482355.27323601744,162795.88323601743,482.35527323601747,162313.5279627814,19294.2109294407,1.0,,10
2021-03-26,CTRN,PLAN,230,85.58,493160.7470560175,144020.94705601744,493.1607470560175,143527.78630896143,19726.4298822407,1.0,,10
2021-03-29,ATKR,PLAN,282,68.49,484962.4056260175,135440.10562601744,484.96240562601747,134955.14322039142,19398.4962250407,1.0,,10
2021-04-01,DEN,PLAN,401,50.87,510847.8994060175,116044.50940601745,510.8478994060175,115533.66150661143,20433.9159762407,1.0,,10
2021-04-05,SM,PLAN,1187,17.26,513085.3923660175,95557.00236601745,513.0853923660176,95043.91697365143,20523.415694640702,1.0,,10
2021-04-06,TPL,PLAN,12,1595.49,518297.87425601744,74739.24425601745,518.2978742560175,74220.94638176143,20731.914970240698,1.0,,10
2021-04-07,CPE,PLAN,523,38.94,510410.0181803055,55487.648180305456,510.4100181803055,54977.23816212515,20416.40072721222,1.0,,10
2021-04-08,DBRG,PLAN,3042,6.76,514779.68527030543,35504.77527030546,514.7796852703054,34989.995585035154,20591.187410812217,1.0,,10
2021-04-28,DAC,PLAN,386,54.75,529747.6411903054,32706.331190305456,529.7476411903053,32176.583549115152,21189.905647612213,1.0,,10
2021-05-25,CHRD,PLAN,222,82.95999999999998,504555.5910903054,18948.14109030546,504.5555910903054,18443.585499215154,20182.22364361222,0.9138529938475163,,10
2021-06-14,COF,PLAN,1,158.71,551160.9450678981,748.8450678982106,551.1609450678982,197.6841228303124,22046.437802715925,0.008966714922351739,,10
2021-08-17,ORLY,PLAN,37,599.77,558512.6376978982,75349.7276978982,558.5126376978982,74791.2150602003,22340.50550791593,1.0,,10
2021-08-18,LSI,PLAN,184,120.47,556837.3831191941,53187.713119194195,556.8373831191941,52630.875736075,22273.495324767762,1.0,,10
2021-09-08,EPAM,PLAN,37,629.32,585271.3423511942,45904.6023511942,585.2713423511942,45319.331008843,23410.85369404777,1.0,,10
2021-09-14,WST,PLAN,48,452.06,573366.9938011941,22602.7738011942,573.3669938011941,22029.406807393003,22934.679752047767,0.9605282064348889,,10
2021-10-07,PRFT,PLAN,184,122.86,567878.9759311941,31199.515931194197,567.8789759311942,30631.636955263002,22715.159037247766,1.0,,10
2021-10-28,ASAN,PLAN,61,131.83,607909.903741194,8694.113741194198,607.9099037411941,8086.203837453004,24316.396149647764,0.3325412116042589,,10
2021-11-01,INTU,Q0_SKIP,0,608.81,622649.6066611942,739.0866611941992,622.6496066611943,116.43705453300493,24905.98426644777,0.004675063361774613,CASH_SCARCITY,10
2021-11-01,ARES,PLAN,1,83.98999999999998,622649.6066611942,739.0866611941992,622.6496066611943,116.43705453300493,24905.98426644777,0.004675063361774613,,10
2021-12-13,FDS,PLAN,49,466.54,573380.0201611941,118939.86016119421,573.3800201611941,118366.48014103303,22935.200806447767,1.0,,10
2022-01-03,BLDR,PLAN,279,83.48999999999998,584427.7196811943,96154.97968119422,584.4277196811943,95570.55196151303,23377.108787247773,1.0,,10
2022-01-04,WIRE,PLAN,163,141.71,581388.073241194,72608.02324119423,581.388073241194,72026.63516795303,23255.52292964776,1.0,,10
2022-01-05,COST,PLAN,40,549.92,561185.9437611941,49445.40376119423,561.1859437611942,48884.21781743304,22447.437750447767,1.0,,10
2022-01-06,ACLS,PLAN,312,72.17,563679.7757611942,63239.85576119424,563.6797757611942,62676.175985433045,22547.191030447768,1.0,,10
2022-01-12,ON,PLAN,332,66.49,552886.6893611941,40694.189361194236,552.8866893611942,40141.302671833044,22115.467574447768,1.0,,10
2022-02-07,CVE,PLAN,1351,15.45,522636.9194011942,80710.39940119426,522.6369194011942,80187.76248179306,20905.47677604777,1.0,,10
2022-02-16,VET,PLAN,1206,17.5,528570.3600661943,61080.440066194256,528.5703600661943,60551.86970612806,21142.814402647775,1.0,,10
2022-02-18,CVX,PLAN,155,133.42,519458.35920619435,40602.48920619427,519.4583592061944,40083.03084698807,20778.334368247775,1.0,,10
2022-02-22,CNQ,PLAN,360,52.18,510244.95420619426,19346.25420619427,510.2449542061943,18836.009251988075,20409.79816824777,0.9228905203625143,,10
2022-04-06,ABBV,PLAN,128,168.91,542821.5909761944,54723.24097619428,542.8215909761943,54180.41938521809,21712.863639047773,1.0,,10
2022-04-07,MCK,PLAN,68,320.14,549159.1692161942,33240.01921619428,549.1591692161942,32690.86004697809,21966.366768647767,1.0,,10
2022-04-08,PCRX,PLAN,132,81.64,550430.6198561942,11388.829856194287,550.4306198561943,10838.399236338093,22017.22479424777,0.4922690910241212,,10
2022-05-12,AMR,PLAN,132,153.01,506170.4564061943,39245.75640619429,506.1704564061943,38739.585949788096,20246.818256247774,1.0,,10
2022-05-24,BMY,PLAN,269,77.12999999999998,519516.6653061943,64598.7353061943,519.5166653061943,64079.2186408881,20780.666612247773,1.0,,10
2022-05-25,SRE,PLAN,126,166.74,528130.4700361943,60190.940036194304,528.1304700361943,59662.80956615811,21125.218801447772,1.0,,10
2022-06-21,STNG,PLAN,523,37.35,489157.43175619445,84333.22175619431,489.15743175619446,83844.06432443812,19566.29727024778,1.0,,10
2022-06-22,PBF,PLAN,566,33.8,478975.49249619426,65685.33249619431,478.97549249619425,65206.35700369812,19159.01969984777,1.0,,10
2022-06-27,MRK,PLAN,206,94.41,488877.1560761943,115634.63607619432,488.8771560761943,115145.75892011813,19555.086243047772,1.0,,10
2022-06-28,CNR,PLAN,356,54.88,489598.4094161944,96228.58941619433,489.59840941619444,95738.99100677813,19583.936376647776,1.0,,10
2022-07-08,HRB,PLAN,500,37.27,467090.41211619426,195461.23211619433,467.0904121161943,194994.14170407812,18683.61648464777,1.0,,10
2022-07-15,LNTH,PLAN,265,70.65,470183.03839619434,193970.06839619434,470.1830383961944,193499.88535779814,18807.321535847776,1.0,,10
2022-07-18,SWCH,PLAN,553,33.7,466506.00089619425,175003.62089619433,466.5060008961943,174537.11489529815,18660.24003584777,1.0,,10
2022-07-25,GO,PLAN,429,44.4,477457.70161619433,156315.67161619433,477.45770161619436,155838.21391457814,19098.308064647772,1.0,,10
2022-07-26,GLNG,PLAN,843,22.62,477739.5727461944,137407.91274619434,477.73957274619437,136930.17317344816,19109.582909847777,1.0,,10
2022-07-27,SAIL1,PLAN,303,63.64,482955.4877061943,117763.24770619435,482.9554877061943,117280.29221848816,19318.21950824777,1.0,,10
2022-07-29,VTNRQ,PLAN,1425,13.58,484467.85660619434,98442.84660619435,484.46785660619435,97958.37874958816,19378.714264247774,1.0,,10
2022-08-02,CHNG,PLAN,794,24.23,482025.84860619437,79385.80860619435,482.02584860619436,78903.78275758815,19281.033944247774,1.0,,10
2022-08-03,ACC,PLAN,292,65.38,478064.39114619436,60239.22114619435,478.0643911461944,59761.156755048156,19122.575645847774,1.0,,10
2022-08-04,MNDT,PLAN,827,22.79,471886.8901861945,41129.17018619436,471.88689018619453,40657.283296008165,18875.47560744778,1.0,,10
2022-08-05,CTIC,PLAN,2576,7.429999999999999,479087.4011261943,22271.27112619436,479.08740112619427,21792.183725068164,19163.49604504777,1.0,,10
2022-08-08,TH,PLAN,169,13.99,480642.56384619436,2854.5938461943624,480.6425638461944,2373.951282348168,19225.702553847776,0.1234779990847748,,10
2022-08-29,MUSA,PLAN,65,299.84,488571.07354619436,50866.52354619435,488.5710735461944,50377.95247264816,19542.842941847775,1.0,,10
2022-09-09,NFE,PLAN,342,57.15,489227.2260961943,31481.246096194354,489.22722609619433,30992.01887009816,19569.089043847773,1.0,,10
2022-09-23,INSW,PLAN,540,33.68,455220.70547619427,31392.135476194355,455.22070547619427,30936.914770718162,18208.828219047773,1.0,,10
2022-09-28,DHT,PLAN,1574,8.13,470409.4754761943,13284.045476194358,470.4094754761943,12813.636000718165,18816.37901904777,0.6809830939176424,,10
2022-10-24,ELF,PLAN,470,41.66,490403.5380461944,66371.35804619436,490.4035380461944,65880.95450814816,19616.141521847778,1.0,,10
2022-10-28,FSLR,PLAN,152,132.67,507356.72454619454,46588.09454619436,507.3567245461945,46080.73782164817,20294.26898184778,1.0,,10
2022-11-11,AVEO,PLAN,1359,14.79,503032.3442361944,42911.654236194365,503.0323442361944,42408.62189195817,20121.293769447777,1.0,,10
2022-11-15,NUVL,PLAN,625,32.61,510324.4503361943,43419.76033619436,510.32445033619433,42909.43588585817,20412.978013447773,1.0,,10
2022-11-16,MYOV,PLAN,757,26.8,508300.6990861944,41978.04908619437,508.3006990861944,41469.74838710817,20332.027963447777,1.0,,10
2022-12-19,ERIE,PLAN,73,271.4,496981.1989961944,60957.94899619437,496.9811989961944,60460.96779719817,19879.247959847777,1.0,,10
2022-12-20,TTC,PLAN,178,112.02,500721.96518619434,41084.28518619437,500.7219651861943,40583.563221008175,20028.878607447776,1.0,,10
2022-12-21,RMBS,PLAN,546,37.0,506337.2071061943,21776.917106194374,506.3372071061943,21270.57989908818,20253.48828424777,1.0,,10
2023-01-09,AAWW,PLAN,190,101.2,483015.7948061944,34224.084806194376,483.0157948061944,33741.06901138818,19320.631792247776,1.0,,10
2023-02-02,WFRD,PLAN,356,55.4,494729.4549961944,54472.57499619438,494.7294549961944,53977.845541198185,19789.178199847778,1.0,,10
2023-02-03,YPF,PLAN,1775,11.18,496813.06071619445,34648.490716194385,496.81306071619446,34151.67765547819,19872.52242864778,1.0,,10
2023-02-06,GILD,PLAN,162,86.36,497068.5554661944,14553.165466194387,497.0685554661944,14056.096910728193,19882.742218647778,0.7069496126920135,,10
2023-02-16,TDW,PLAN,7,45.06,521202.15626619424,852.4662661943905,521.2021562661943,331.26410992819626,20848.08625064777,0.015889425338400237,,10
2023-03-06,ALGM,PLAN,464,45.35,527599.6951461943,38185.115146194395,527.5996951461943,37657.5154510482,21103.987805847773,1.0,,10
2023-03-31,NSIT,PLAN,146,142.96,525878.0255461945,58566.105546194405,525.8780255461945,58040.22752064821,21035.121021847783,1.0,,10
2023-04-03,IPAR,PLAN,143,146.42,525982.4105461943,37740.30054619441,525.9824105461943,37214.31813564822,21039.296421847772,1.0,,10
2023-04-24,WYNN,PLAN,186,114.48,533956.0115661945,33843.501566194405,533.9560115661944,33309.54555462821,21358.24046264778,1.0,,10
2023-05-02,NVO,PLAN,72,167.2,514987.27614619443,12716.976146194407,514.9872761461944,12201.988870048213,20599.49104584778,0.5923441915574782,,10
2023-05-05,PEN,PLAN,66,310.08,516175.6406261944,34503.210626194406,516.1756406261944,33987.034985568214,20647.025625047776,1.0,,10
2023-05-08,META,PLAN,58,233.27,517946.96520619444,14097.405206194406,517.9469652061945,13579.458240988211,20717.878608247778,0.6554463658061127,,10
2023-06-06,BLDR,PLAN,4,123.92,538813.0705261944,1085.0505261944072,538.8130705261945,546.2374556682128,21552.522821047776,0.025344478704588953,,10
2023-06-07,TPH,PLAN,1,32.29,537105.0453261945,589.3553261944073,537.1050453261945,52.250280868212826,21484.20181304778,0.002432032677913135,,10
2023-07-14,NVDA,PLAN,49,454.69,564468.8844261944,57481.33442619439,564.4688844261943,56916.8655417682,22578.755377047775,1.0,,10
2023-07-17,MANH,PLAN,111,204.4,571702.2728161943,34777.0428161944,571.7022728161943,34205.3405433782,22868.090912647775,1.0,,10
2023-07-18,PANW,PLAN,45,248.34,573628.5267361946,11968.1767361944,573.6285267361947,11394.548209458206,22945.141069447785,0.496599614487898,,10
2023-08-30,APP,PLAN,541,42.98,582543.5169061945,31105.7469061944,582.5435169061946,30523.203389288206,23301.74067624778,1.0,,10
2023-09-27,CEG,PLAN,198,110.75,549560.2569261944,51843.246926194406,549.5602569261945,51293.68666926821,21982.410277047777,1.0,,10
2023-10-25,VRT,PLAN,572,37.39,535408.7758261944,109842.3558261944,535.4087758261944,109306.94705036821,21416.351033047777,1.0,,10
2023-10-26,UEC,PLAN,3760,5.63,529792.5551861944,88760.9951861944,529.7925551861944,88231.2026310082,21191.702207447775,1.0,,10
2023-10-27,ANF,PLAN,359,58.72,527694.2187861945,67533.38878619441,527.6942187861945,67005.69456740821,21107.76875144778,1.0,,10
2023-11-06,MMYT,PLAN,541,40.98,555746.4906661944,64780.17066619441,555.7464906661944,64224.42417552822,22229.859626647776,1.0,,10
2023-11-14,CLS,PLAN,859,26.88,578201.1609861945,42858.59098619442,578.2011609861945,42280.38982520822,23128.046439447782,1.0,,10
2023-11-27,CNR,PLAN,185,104.67,577729.3779861946,20040.367986194426,577.7293779861945,19462.63860820823,23109.175119447784,0.8422039517900936,,10
2023-11-30,AEO,PLAN,3,19.03,577139.7313961943,652.9713961944294,577.1397313961943,75.83166479823512,23085.58925584777,0.0032848052504887365,,10
2023-12-29,CVSA,PLAN,3,58.95,601511.1143961943,812.9543961944294,601.5111143961943,211.44328179823503,24060.444575847774,0.008788003942806813,,10
2024-02-07,NRG,PLAN,418,52.99,671995.5251261943,22891.025126194432,671.9955251261944,22219.02960106824,26879.821005047776,0.8266063080143173,,10
2024-03-20,WING,PLAN,78,348.23,765002.9804161944,28188.51041619443,765.0029804161944,27423.507435778236,30600.119216647778,0.8961895619301598,,10
2024-03-22,CNM,PLAN,5,58.18,779384.5320361945,1094.663636194433,779.3845320361945,315.2791041582384,31175.38128144778,0.0101130793337196,,10
2024-07-15,TRGP,PLAN,165,134.34,881126.4656361946,23116.245636194435,881.1264656361946,22235.11917055824,35245.05862544778,0.630871958729101,,10
2024-08-29,ADMA,PLAN,1944,17.22,837751.3042561944,120212.27425619442,837.7513042561944,119374.52295193823,33510.05217024778,1.0,,10
2024-08-30,CRS,PLAN,233,144.77,844603.1013761945,86605.82137619442,844.6031013761946,85761.21827481822,33784.12405504778,1.0,,10
2024-09-04,LMT,PLAN,56,574.78,809796.2190761943,53278.45907619443,809.7962190761943,52468.66285711823,32391.848763047776,1.0,,10
2024-10-04,WELL,PLAN,284,125.56,894382.9535761946,91348.43357619441,894.3829535761946,90454.05062261822,35775.318143047785,1.0,,10
2024-10-07,AHR,PLAN,1426,24.94,890025.4591361943,55838.51913619441,890.0254591361943,54948.49367705821,35601.01836544777,1.0,,10
2024-10-08,AFL,PLAN,170,112.47,902097.6420961944,20095.772096194414,902.0976420961945,19193.674454098218,36083.90568384778,0.5319178755832374,,10
2024-10-09,IRM,Q0_SKIP,0,120.49,897768.0529961948,997.592996194413,897.7680529961948,99.8249431982182,35910.72211984779,0.0027798088511020256,CASH_SCARCITY,10
2024-10-09,AKR,PLAN,4,23.22,897768.0529961948,997.592996194413,897.7680529961948,99.8249431982182,35910.72211984779,0.0027798088511020256,,10
2024-12-02,CNK,PLAN,1131,36.02,1019867.6814161942,61948.776416194414,1019.8676814161942,60928.90873477822,40794.707256647765,1.0,,10
2024-12-12,LLYVK,PLAN,287,71.35,989585.0748261943,21554.574826194417,989.5850748261944,20564.989751368223,39583.40299304778,0.5195356689009318,,10
2024-12-17,UI,Q0_SKIP,0,340.21,982338.1659861945,1261.1259861944231,982.3381659861946,278.7878202082286,39293.52663944778,0.0070950063293210835,CASH_SCARCITY,10
2024-12-17,EXLS,PLAN,6,45.59,982338.1659861945,1261.1259861944231,982.3381659861946,278.7878202082286,39293.52663944778,0.0070950063293210835,,10
2024-12-18,CALM,Q0_SKIP,0,103.53,945206.4620861944,986.9520861944231,945.2064620861944,41.74562410822875,37808.258483447775,0.0011041403593478058,CASH_SCARCITY,10
2024-12-18,PAM,Q0_SKIP,0,85.65,945206.4620861944,986.9520861944231,945.2064620861944,41.74562410822875,37808.258483447775,0.0011041403593478058,CASH_SCARCITY,10
2024-12-18,RKLB,PLAN,1,22.92,945206.4620861944,986.9520861944231,945.2064620861944,41.74562410822875,37808.258483447775,0.0011041403593478058,,10
2025-03-07,VRNA,PLAN,587,64.65,950452.7581411944,381454.7481411944,950.4527581411944,380504.2953830532,38018.11032564777,1.0,,10
2025-03-19,SRAD,PLAN,1701,22.8,970600.3901411942,343884.5301411944,970.6003901411942,342913.9297510532,38824.01560564777,1.0,,10
2025-03-26,ESLT,PLAN,98,393.32,973298.5571411944,304722.40714119445,973.2985571411944,303749.10858405323,38931.942285647776,1.0,,10
2025-03-27,LX,PLAN,3396,11.43,971386.2494811945,266741.8044811945,971.3862494811946,265770.4182317133,38855.44997924778,1.0,,10
2025-03-28,FNMA,PLAN,5747,6.7,963675.1196811944,228328.62968119446,963.6751196811945,227364.95456151327,38547.00478724778,1.0,,10
2025-04-02,FOX,PLAN,730,53.0,969384.4797211945,190257.57972119446,969.3844797211945,189288.19524147327,38775.37918884778,1.0,,10
2025-04-03,PYCR,PLAN,1658,22.46,932114.6812211943,152661.52122119447,932.1146812211944,151729.40653997328,37284.587248847776,1.0,,10
2025-04-04,SWI,PLAN,1912,18.37,879072.0672811946,163945.02728119446,879.0720672811947,163065.95521391326,35162.88269124779,1.0,,10
2025-05-06,VRSN,PLAN,134,283.22,954060.5420411946,256137.91204119448,954.0605420411946,255183.85149915327,38162.421681647786,1.0,,10
2025-05-07,CNP,PLAN,981,39.05,959323.1519011945,218149.8219011945,959.3231519011945,217190.4987492933,38372.92607604778,1.0,,10
2025-05-08,KC,PLAN,2648,14.23,943019.8194811945,180029.31948119448,943.0198194811945,179086.2996617133,37720.79277924778,1.0,,10
2025-05-09,PLMR,PLAN,235,159.93,943817.7476411944,143370.85764119448,943.8177476411944,142427.0398935533,37752.709905647775,1.0,,10
2025-05-28,TDUP,PLAN,5490,7.22,992039.4633911944,105679.86839119448,992.0394633911943,104687.82892780329,39681.57853564777,1.0,,10
2025-05-30,SSRM,PLAN,3373,11.83,998832.8034911945,65507.836491194495,998.8328034911946,64509.0036877033,39953.31213964778,1.0,,10
2025-08-21,WLDN,PLAN,401,106.27,1068836.7991511945,159982.27915119453,1068.8367991511946,158913.44235204332,42753.47196604778,1.0,,10
2025-09-05,APH,PLAN,394,110.45,1090835.5929011945,117856.00290119453,1090.8355929011946,116765.16730829334,43633.42371604778,1.0,,10
2025-09-09,RBLX,PLAN,332,131.79,1096471.9495011948,74038.82950119453,1096.4719495011948,72942.35755169333,43858.87798004779,1.0,,10
2025-11-12,WDC,PLAN,263,166.11,1093943.1818011943,272838.43180119456,1093.9431818011944,271744.4886193934,43757.72727204777,1.0,,10
2025-11-19,BE,PLAN,397,108.93,1083198.2657511944,267211.19575119455,1083.1982657511944,266127.99748544337,43327.93063004778,1.0,,10
2025-11-26,LGND,PLAN,211,206.16,1092575.4458911945,255126.59589119453,1092.5754458911945,254034.02044530335,43703.017835647785,1.0,,10
2025-11-28,LITE,PLAN,135,325.16,1101185.2619111945,211579.11191119452,1101.1852619111946,210477.92664928333,44047.41047644778,1.0,,10
2025-12-01,SNDK,PLAN,206,210.17,1084306.8982611944,169012.9382611945,1084.3068982611944,167928.63136293332,43372.27593044777,1.0,,10
2025-12-03,ROIV,PLAN,2065,20.7,1069825.9077611945,125404.57776119452,1069.8259077611945,124334.75185343334,42793.03631044778,1.0,,10
2025-12-05,CIEN,PLAN,215,201.71,1090008.4272611947,82649.20726119453,1090.0084272611948,81559.19883393333,43600.337090447785,1.0,,10
2025-12-18,PVLA,PLAN,448,96.24,1079541.7569911943,71510.98699119453,1079.5417569911945,70431.44523420333,43181.67027964778,1.0,,10
2025-12-22,GOOG,PLAN,86,311.33,1121225.4650711946,28105.705071194527,1121.2254650711945,26984.479606123332,44849.018602847784,0.6016738035023557,,10
2026-01-21,ARWR,PLAN,7,67.6,1217165.4787511944,1752.6287511945302,1217.1654787511945,535.4632724433357,48686.61915004778,0.010998160927812342,,10
2026-03-06,ERAS,PLAN,2345,15.47,1343903.4198811944,37669.20988119453,1343.9034198811944,36325.30646131334,53756.136795247774,0.6757425035893692,,10
2026-03-31,FTI,PLAN,784,69.13,1357135.5598111944,80279.45981119454,1357.1355598111945,78922.32425138334,54285.42239244778,1.0,,10
2026-04-22,SU,PLAN,390,63.43,1554949.026451195,26356.276451194535,1554.9490264511949,24801.32742474334,62197.9610580478,0.3987482387340139,,10
2026-05-29,KGS,PLAN,1029,66.85,1722407.3525911947,78533.55259119454,1722.4073525911947,76811.14523860335,68896.29410364779,1.0,,10
2026-06-17,ATEX,PLAN,914,79.15999999999998,1810643.0277411947,150954.86774119455,1810.6430277411948,149144.22471345335,72425.72110964778,1.0,,10
2026-07-14,ATEN,PLAN,1849,37.64,1741975.5445411943,539090.5745411946,1741.9755445411943,537348.5989966535,69679.02178164778,1.0,,10
2026-07-15,BAND,PLAN,966,70.97,1715916.459691195,469406.1096911946,1715.916459691195,467690.1932315034,68636.6583876478,1.0,,10
2026-07-21,SYRE,PLAN,674,102.7,1733229.1091611949,528412.4691611946,1733.2291091611949,526679.2400520334,69329.1643664478,1.0,,10
