security_id,ticker,priority,current_truth,vendor_category,cusips,base_disposition,held_sessions,pending_sessions,durable_ranked_sessions,recent_leadership_sessions,eligible_sessions,reason,status
154896406978425602,CVSA,P0_HELD_OR_PENDING,common,Domestic Common Stock,00737L103 251893103,INFERRED_COMMON,461,1,533,469,2943,MULTIPLE_CUSIPS,REQUIRES_FACTUAL_CONTRADICTION_REVIEW
1101212501432953147,ATI,P0_HELD_OR_PENDING,common,Domestic Common Stock,01741R102 017415100 879335107,INFERRED_COMMON,378,1,707,678,5013,MULTIPLE_CUSIPS,REQUIRES_FACTUAL_CONTRADICTION_REVIEW
703152369925327464,RACE,P0_HELD_OR_PENDING,common,ADR Common Stock,N3167Y103 N3167J106,INFERRED_COMMON,378,1,239,164,2544,MULTIPLE_CUSIPS,REQUIRES_FACTUAL_CONTRADICTION_REVIEW
718098875444344211,HCR1,P0_HELD_OR_PENDING,common,Domestic Common Stock,564055101 404134108 421937103,INFERRED_COMMON,332,1,81,26,370,MULTIPLE_CUSIPS,REQUIRES_FACTUAL_CONTRADICTION_REVIEW
957872957798018388,WGHTQ,P0_HELD_OR_PENDING,common,Domestic Common Stock,948626106 98262P101,INFERRED_COMMON,259,1,778,598,2703,MULTIPLE_CUSIPS,REQUIRES_FACTUAL_CONTRADICTION_REVIEW
875803280520331787,ENDPQ,P0_HELD_OR_PENDING,common,Domestic Common Stock,G30401106 29264F205,INFERRED_COMMON,196,1,522,572,3743,MULTIPLE_CUSIPS,REQUIRES_FACTUAL_CONTRADICTION_REVIEW
941818860792490502,GEN1,P0_HELD_OR_PENDING,common,Domestic Common Stock,37244E107 74971X107 75952B105,INFERRED_COMMON,172,1,203,186,1435,MULTIPLE_CUSIPS,REQUIRES_FACTUAL_CONTRADICTION_REVIEW
107197818933519057,MTL,P0_HELD_OR_PENDING,common,ADR Common Stock Primary Class,583840103 583840608,INFERRED_COMMON,159,1,447,336,1208,MULTIPLE_CUSIPS,REQUIRES_FACTUAL_CONTRADICTION_REVIEW
954034830355046974,KUST,P0_HELD_OR_PENDING,common,Domestic Common Stock,25382P208 25382T200 25382T101 25382T408 25382P109 25382T507 25382T606 25382T309,INFERRED_COMMON,159,1,244,158,407,MULTIPLE_CUSIPS,REQUIRES_FACTUAL_CONTRADICTION_REVIEW
223489731780916334,GOLLQ,P0_HELD_OR_PENDING,common,ADR Common Stock,38045R206 38045R107,INFERRED_COMMON,135,1,74,61,589,MULTIPLE_CUSIPS,REQUIRES_FACTUAL_CONTRADICTION_REVIEW
987873303793520110,VRX1,P0_HELD_OR_PENDING,common,Domestic Common Stock,91911X104 448924100,INFERRED_COMMON,121,2,226,122,501,MULTIPLE_CUSIPS,REQUIRES_FACTUAL_CONTRADICTION_REVIEW
442251450194648145,PWER1,P0_HELD_OR_PENDING,common,Domestic Common Stock,73930R102 739308104,INFERRED_COMMON,116,1,104,105,309,MULTIPLE_CUSIPS,REQUIRES_FACTUAL_CONTRADICTION_REVIEW
530359455120985610,IRM,P0_HELD_OR_PENDING,common,Domestic Common Stock,46284V101 462846106 46284P104,INFERRED_COMMON,98,1,292,263,4739,MULTIPLE_CUSIPS,REQUIRES_FACTUAL_CONTRADICTION_REVIEW
1040633074096912075,FALB,P0_HELD_OR_PENDING,common,Canadian Common Stock,655422103 306104100,INFERRED_COMMON,93,1,28,7,28,MULTIPLE_CUSIPS,REQUIRES_FACTUAL_CONTRADICTION_REVIEW
1101721561863743358,B,P0_HELD_OR_PENDING,common,Canadian Common Stock,067901108 06849F108,INFERRED_COMMON,91,1,651,790,5050,MULTIPLE_CUSIPS,REQUIRES_FACTUAL_CONTRADICTION_REVIEW
852684403524489499,THOR1,P0_HELD_OR_PENDING,common,Domestic Common Stock,885175307 885175109,INFERRED_COMMON,88,2,366,277,1364,MULTIPLE_CUSIPS,REQUIRES_FACTUAL_CONTRADICTION_REVIEW
551861565064769073,AG,P0_HELD_OR_PENDING,common,Canadian Common Stock,32076V103 32076R102,INFERRED_COMMON,74,1,603,577,2497,MULTIPLE_CUSIPS,REQUIRES_FACTUAL_CONTRADICTION_REVIEW
345679706151556113,SU,P0_HELD_OR_PENDING,common,Canadian Common Stock,867224107 867229106,INFERRED_COMMON,69,1,178,359,5050,MULTIPLE_CUSIPS,REQUIRES_FACTUAL_CONTRADICTION_REVIEW
234488913323173693,FNF,P0_HELD_OR_PENDING,common,Domestic Common Stock Primary Class,31620R303 31620R105,INFERRED_COMMON,63,1,224,242,4964,MULTIPLE_CUSIPS,REQUIRES_FACTUAL_CONTRADICTION_REVIEW
416483318413645411,DRS1,P0_HELD_OR_PENDING,common,Domestic Common Stock,252456108 23330X100 252456405 252456207,INFERRED_COMMON,62,1,97,55,455,MULTIPLE_CUSIPS,REQUIRES_FACTUAL_CONTRADICTION_REVIEW
301606049357818446,TBSIQ,P0_HELD_OR_PENDING,common,Domestic Common Stock,G8657Q104 G86975151,INFERRED_COMMON,56,1,147,80,277,MULTIPLE_CUSIPS,REQUIRES_FACTUAL_CONTRADICTION_REVIEW
1025975490253483719,UNTCQ,P0_HELD_OR_PENDING,common,Domestic Common Stock,909218109 909218208,INFERRED_COMMON,49,1,125,112,1107,MULTIPLE_CUSIPS,REQUIRES_FACTUAL_CONTRADICTION_REVIEW
304762952062850296,STEC1,P0_HELD_OR_PENDING,common,Domestic Common Stock,784774101 828820100 828823104,INFERRED_COMMON,44,1,174,174,568,MULTIPLE_CUSIPS,REQUIRES_FACTUAL_CONTRADICTION_REVIEW
229177174933045805,PCXCQ,P0_HELD_OR_PENDING,common,Domestic Common Stock,70336T104 70336T500,INFERRED_COMMON,42,1,369,222,990,MULTIPLE_CUSIPS,REQUIRES_FACTUAL_CONTRADICTION_REVIEW
558144031790701315,HMIN,P0_HELD_OR_PENDING,common,ADR Common Stock,43713W107 43742E102,INFERRED_COMMON,29,1,89,70,303,MULTIPLE_CUSIPS,REQUIRES_FACTUAL_CONTRADICTION_REVIEW
481857333199692347,NBEVQ,P0_HELD_OR_PENDING,common,Domestic Common Stock,64157V108 650194103 024718108,INFERRED_COMMON,28,1,120,68,169,MULTIPLE_CUSIPS,REQUIRES_FACTUAL_CONTRADICTION_REVIEW
895182212221004918,VTNRQ,P0_HELD_OR_PENDING,common,Domestic Common Stock,92534K107 92861H107 981517105,INFERRED_COMMON,6,1,160,113,270,MULTIPLE_CUSIPS,REQUIRES_FACTUAL_CONTRADICTION_REVIEW
177331179426033273,X,P1_DURABLE_RANKED,common,Domestic Common Stock,912909108 90337T101,INFERRED_COMMON,0,0,999,897,4768,MULTIPLE_CUSIPS,REQUIRES_FACTUAL_CONTRADICTION_REVIEW
932688238263985034,WPM,P1_DURABLE_RANKED,common,Canadian Common Stock,962879102 828336107,INFERRED_COMMON,0,0,889,925,4930,MULTIPLE_CUSIPS,REQUIRES_FACTUAL_CONTRADICTION_REVIEW
985458183012447728,SPWRQ,P1_DURABLE_RANKED,common,Domestic Common Stock Primary Class,867652406 867652109,INFERRED_COMMON,0,0,875,864,3650,MULTIPLE_CUSIPS,REQUIRES_FACTUAL_CONTRADICTION_REVIEW
756342866994377362,KGC,P1_DURABLE_RANKED,common,Canadian Common Stock,496902404 496902107 496902206,INFERRED_COMMON,0,0,808,824,4909,MULTIPLE_CUSIPS,REQUIRES_FACTUAL_CONTRADICTION_REVIEW
987173547474629718,TECK,P1_DURABLE_RANKED,common,Canadian Common Stock,878742204 878742303,INFERRED_COMMON,0,0,743,747,4822,MULTIPLE_CUSIPS,REQUIRES_FACTUAL_CONTRADICTION_REVIEW
272478278078438193,WOLF2,P1_DURABLE_RANKED,common,Domestic Common Stock,225447101 977852102,INFERRED_COMMON,0,0,724,787,4665,MULTIPLE_CUSIPS,REQUIRES_FACTUAL_CONTRADICTION_REVIEW
604275120822169397,ZG,P1_DURABLE_RANKED,common,Domestic Common Stock Primary Class,98954M101 98954A107,INFERRED_COMMON,0,0,707,641,3025,MULTIPLE_CUSIPS,REQUIRES_FACTUAL_CONTRADICTION_REVIEW
937288233487556127,SUNEQ,P1_DURABLE_RANKED,common,Domestic Common Stock,86732Y109 552715104,INFERRED_COMMON,0,0,610,456,2290,MULTIPLE_CUSIPS,REQUIRES_FACTUAL_CONTRADICTION_REVIEW
622802662196915364,RADCQ,P1_DURABLE_RANKED,common,Domestic Common Stock,767754104 767754872,INFERRED_COMMON,0,0,605,505,2516,MULTIPLE_CUSIPS,REQUIRES_FACTUAL_CONTRADICTION_REVIEW
329261821474200437,WLL2,P1_DURABLE_RANKED,common,Domestic Common Stock,966387102 966387409,INFERRED_COMMON,0,0,593,591,3302,MULTIPLE_CUSIPS,REQUIRES_FACTUAL_CONTRADICTION_REVIEW
867730713416103703,EGO,P1_DURABLE_RANKED,common,Canadian Common Stock,284902509 284902103,INFERRED_COMMON,0,0,583,606,2856,MULTIPLE_CUSIPS,REQUIRES_FACTUAL_CONTRADICTION_REVIEW
517535898370665174,ZNB,P1_DURABLE_RANKED,common,ADR Common Stock,G2287A100 G2287A209 169365202 G2287A126 G2287A134 G21225100 169365103 G4645B101 G2287A142,INFERRED_COMMON,0,0,532,597,2455,MULTIPLE_CUSIPS,REQUIRES_FACTUAL_CONTRADICTION_REVIEW
957008674074369745,S2,P1_DURABLE_RANKED,common,Domestic Common Stock Primary Class,85207U105 852061100 852061407,INFERRED_COMMON,0,0,522,589,3458,MULTIPLE_CUSIPS,REQUIRES_FACTUAL_CONTRADICTION_REVIEW
1042422373680994522,STM,P1_DURABLE_RANKED,common,ADR Common Stock,861012102 784213100,INFERRED_COMMON,0,0,517,335,3225,MULTIPLE_CUSIPS,REQUIRES_FACTUAL_CONTRADICTION_REVIEW
835968569385277275,DNRCQ,P1_DURABLE_RANKED,common,Domestic Common Stock,247916208 247916109,INFERRED_COMMON,0,0,502,470,2998,MULTIPLE_CUSIPS,REQUIRES_FACTUAL_CONTRADICTION_REVIEW
277908412373409816,MT,P1_DURABLE_RANKED,common,ADR Common Stock Primary Class,03938L203 03938L104 03937E101 58501T306 60684P101 464899103,INFERRED_COMMON,0,0,484,495,5050,MULTIPLE_CUSIPS,REQUIRES_FACTUAL_CONTRADICTION_REVIEW
801001360341549242,CYBR,P1_DURABLE_RANKED,common,ADR Common Stock,M2682V108 23243T105,INFERRED_COMMON,0,0,464,320,2628,MULTIPLE_CUSIPS,REQUIRES_FACTUAL_CONTRADICTION_REVIEW
44348566159439429,NGD,P1_DURABLE_RANKED,common,Canadian Common Stock,644535106 233296102,INFERRED_COMMON,0,0,438,356,1518,MULTIPLE_CUSIPS,REQUIRES_FACTUAL_CONTRADICTION_REVIEW
944511016703721079,LLFLQ,P1_DURABLE_RANKED,common,Domestic Common Stock,55003T107 55003Q103,INFERRED_COMMON,0,0,423,344,1358,MULTIPLE_CUSIPS,REQUIRES_FACTUAL_CONTRADICTION_REVIEW
697608626643031114,FRO,P1_DURABLE_RANKED,common,ADR Common Stock,G3682E192 M46528101 G3682E127 541794301,INFERRED_COMMON,0,0,422,425,2497,MULTIPLE_CUSIPS,REQUIRES_FACTUAL_CONTRADICTION_REVIEW
950956618868470019,SNBRQ,P1_DURABLE_RANKED,common,Domestic Common Stock,83125X103 81616X103,INFERRED_COMMON,0,0,419,382,1790,MULTIPLE_CUSIPS,REQUIRES_FACTUAL_CONTRADICTION_REVIEW
575969493483321836,RKLB,P1_DURABLE_RANKED,common,Domestic Common Stock Primary Class,773121108 773122106 G9442R126,INFERRED_COMMON,0,0,406,343,1012,MULTIPLE_CUSIPS,REQUIRES_FACTUAL_CONTRADICTION_REVIEW
573548210310379987,GTATQ,P1_DURABLE_RANKED,common,Domestic Common Stock,36191U106 3623E0209 36191U205,INFERRED_COMMON,0,0,389,255,717,MULTIPLE_CUSIPS,REQUIRES_FACTUAL_CONTRADICTION_REVIEW
649261350427076980,JASO,P1_DURABLE_RANKED,common,ADR Common Stock,466090206 466090107,INFERRED_COMMON,0,0,360,319,1228,MULTIPLE_CUSIPS,REQUIRES_FACTUAL_CONTRADICTION_REVIEW
389655448979765487,TSEM,P1_DURABLE_RANKED,common,ADR Common Stock,M87915274 M87915100,INFERRED_COMMON,0,0,356,171,1083,MULTIPLE_CUSIPS,REQUIRES_FACTUAL_CONTRADICTION_REVIEW
280302887364922861,FLNA,P1_DURABLE_RANKED,common,Domestic Common Stock Primary Class,14817C107 69562K100 69562K506,INFERRED_COMMON,0,0,355,311,885,MULTIPLE_CUSIPS,REQUIRES_FACTUAL_CONTRADICTION_REVIEW
677962974828146176,ONTO,P1_DURABLE_RANKED,common,Domestic Common Stock,683344105 630077105,INFERRED_COMMON,0,0,349,244,1189,MULTIPLE_CUSIPS,REQUIRES_FACTUAL_CONTRADICTION_REVIEW
82170842208443514,ASML,P1_DURABLE_RANKED,common,ADR Common Stock,N07059210 N07059186 N07059111,INFERRED_COMMON,0,0,348,376,5050,MULTIPLE_CUSIPS,REQUIRES_FACTUAL_CONTRADICTION_REVIEW
179460760874548237,TEN1,P1_DURABLE_RANKED,common,Domestic Common Stock,880349105 88037E101 880370101,INFERRED_COMMON,0,0,338,295,2534,MULTIPLE_CUSIPS,REQUIRES_FACTUAL_CONTRADICTION_REVIEW
1121292966566317463,TLRDQ,P1_DURABLE_RANKED,common,Domestic Common Stock,87403A107 587118100,INFERRED_COMMON,0,0,331,407,2230,MULTIPLE_CUSIPS,REQUIRES_FACTUAL_CONTRADICTION_REVIEW
1100231611071698839,LAR,P1_DURABLE_RANKED,common,ADR Common Stock,53680Q207 53681K100 H5012F103,INFERRED_COMMON,0,0,324,215,881,MULTIPLE_CUSIPS,REQUIRES_FACTUAL_CONTRADICTION_REVIEW
935924025138960001,USG1,P1_DURABLE_RANKED,common,Domestic Common Stock,903293405 903293306,INFERRED_COMMON,0,0,321,342,2758,MULTIPLE_CUSIPS,REQUIRES_FACTUAL_CONTRADICTION_REVIEW
685580789639317612,RIO,P1_DURABLE_RANKED,common,ADR Common Stock Primary Class,767204100 204412209 204412100 767202104,INFERRED_COMMON,0,0,307,387,5050,MULTIPLE_CUSIPS,REQUIRES_FACTUAL_CONTRADICTION_REVIEW
283931002164964504,TWOUQ,P1_DURABLE_RANKED,common,Domestic Common Stock,90214J101 90214J200,INFERRED_COMMON,0,0,292,239,1257,MULTIPLE_CUSIPS,REQUIRES_FACTUAL_CONTRADICTION_REVIEW
414519427740402819,BAC,P1_DURABLE_RANKED,common,Domestic Common Stock Primary Class,060505104 06605F102 638585109,INFERRED_COMMON,0,0,287,288,5050,MULTIPLE_CUSIPS,REQUIRES_FACTUAL_CONTRADICTION_REVIEW
1101603435419704379,STLA,P1_DURABLE_RANKED,common,ADR Common Stock Primary Class,N82405106 N31738102,INFERRED_COMMON,0,0,286,258,2822,MULTIPLE_CUSIPS,REQUIRES_FACTUAL_CONTRADICTION_REVIEW
410442889828988458,LUMN,P1_DURABLE_RANKED,common,Domestic Common Stock,156700106 550241103,INFERRED_COMMON,0,0,282,358,4926,MULTIPLE_CUSIPS,REQUIRES_FACTUAL_CONTRADICTION_REVIEW
1111338238950530033,YGEHY,P1_DURABLE_RANKED,common,ADR Common Stock,98584B103 98584B202,INFERRED_COMMON,0,0,282,256,1133,MULTIPLE_CUSIPS,REQUIRES_FACTUAL_CONTRADICTION_REVIEW
604552861545382186,HAPN,P1_DURABLE_RANKED,common,Domestic Common Stock,52603A208 52603A109,INFERRED_COMMON,0,0,278,290,1534,MULTIPLE_CUSIPS,REQUIRES_FACTUAL_CONTRADICTION_REVIEW
477302961403569227,ISEE,P1_DURABLE_RANKED,common,Domestic Common Stock,46583P102 683745103,INFERRED_COMMON,0,0,277,273,778,MULTIPLE_CUSIPS,REQUIRES_FACTUAL_CONTRADICTION_REVIEW
804009952146469650,PCG,P1_DURABLE_RANKED,common,Domestic Common Stock Primary Class,69331C108 694308107,REJECTED_V4_CONFLICT,0,0,273,296,5050,MANUAL_CONFLICT;MULTIPLE_CUSIPS,REQUIRES_FACTUAL_CONTRADICTION_REVIEW
1104508571422042454,PKX,P1_DURABLE_RANKED,common,ADR Common Stock,693483109 730450103,INFERRED_COMMON,0,0,271,198,2008,MULTIPLE_CUSIPS,REQUIRES_FACTUAL_CONTRADICTION_REVIEW
902973650148541485,PIRRQ,P1_DURABLE_RANKED,common,Domestic Common Stock,720279108 720279504,INFERRED_COMMON,0,0,270,193,1383,MULTIPLE_CUSIPS,REQUIRES_FACTUAL_CONTRADICTION_REVIEW
368784581101499417,CAL1,P1_DURABLE_RANKED,common,Domestic Common Stock Primary Class,210795308 210795100,INFERRED_COMMON,0,0,268,275,1068,MULTIPLE_CUSIPS,REQUIRES_FACTUAL_CONTRADICTION_REVIEW
153535438649515067,AX,P1_DURABLE_RANKED,common,Domestic Common Stock Primary Class,05465C100 05566U108,INFERRED_COMMON,0,0,265,231,1387,MULTIPLE_CUSIPS,REQUIRES_FACTUAL_CONTRADICTION_REVIEW
338428006488523117,EQNR,P1_DURABLE_RANKED,common,ADR Common Stock,29446M102 85771P102,INFERRED_COMMON,0,0,258,303,4770,MULTIPLE_CUSIPS,REQUIRES_FACTUAL_CONTRADICTION_REVIEW
387526833910121934,FDG1,P1_DURABLE_RANKED,common,Canadian Common Stock,345425102 345426100,INFERRED_COMMON,0,0,257,162,521,MULTIPLE_CUSIPS,REQUIRES_FACTUAL_CONTRADICTION_REVIEW
292100658301919299,BLDP,P1_DURABLE_RANKED,common,Canadian Common Stock,058586108 05858H104,INFERRED_COMMON,0,0,252,192,839,MULTIPLE_CUSIPS,REQUIRES_FACTUAL_CONTRADICTION_REVIEW
810272368527364966,GG,P1_DURABLE_RANKED,common,Canadian Common Stock Primary Class,380956409 380956102,INFERRED_COMMON,0,0,243,474,3218,MULTIPLE_CUSIPS,REQUIRES_FACTUAL_CONTRADICTION_REVIEW
1056985280028675237,CAA,P1_DURABLE_RANKED,common,Domestic Common Stock,128195104 85375C101,INFERRED_COMMON,0,0,239,234,1866,MULTIPLE_CUSIPS,REQUIRES_FACTUAL_CONTRADICTION_REVIEW
153133684265451089,HEROQ,P1_DURABLE_RANKED,common,Domestic Common Stock,427093109 427093307 427093117,INFERRED_COMMON,0,0,235,109,809,MULTIPLE_CUSIPS,REQUIRES_FACTUAL_CONTRADICTION_REVIEW
1137097334490607165,INSG,P1_DURABLE_RANKED,common,Domestic Common Stock,45782B104 45782B302 66987M604 66987M109,INFERRED_COMMON,0,0,233,126,477,MULTIPLE_CUSIPS,REQUIRES_FACTUAL_CONTRADICTION_REVIEW
548321324542581421,BRFS,P1_DURABLE_RANKED,common,ADR Common Stock,10552T107 71361V303,INFERRED_COMMON,0,0,231,264,2109,MULTIPLE_CUSIPS,REQUIRES_FACTUAL_CONTRADICTION_REVIEW
790051607473284035,CHE,P1_DURABLE_RANKED,common,Domestic Common Stock,16359R103 163596109 778787101,INFERRED_COMMON,0,0,231,190,2716,MULTIPLE_CUSIPS,REQUIRES_FACTUAL_CONTRADICTION_REVIEW
1101080509353697420,VVUSQ,P1_DURABLE_RANKED,common,Domestic Common Stock,928551100 928551308,INFERRED_COMMON,0,0,230,235,786,MULTIPLE_CUSIPS,REQUIRES_FACTUAL_CONTRADICTION_REVIEW
716118408840229184,ACORQ,P1_DURABLE_RANKED,common,Domestic Common Stock,00484M106 00484M601 00484M700,INFERRED_COMMON,0,0,228,304,857,MULTIPLE_CUSIPS,REQUIRES_FACTUAL_CONTRADICTION_REVIEW
624049122246070482,KEM1,P1_DURABLE_RANKED,common,Domestic Common Stock,488360207 488360108,INFERRED_COMMON,0,0,228,167,564,MULTIPLE_CUSIPS,REQUIRES_FACTUAL_CONTRADICTION_REVIEW
821088485879503592,LCINQ,P1_DURABLE_RANKED,common,Domestic Common Stock,516012101 516012200,INFERRED_COMMON,0,0,225,243,774,MULTIPLE_CUSIPS,REQUIRES_FACTUAL_CONTRADICTION_REVIEW
823234404046056619,XL1,P1_DURABLE_RANKED,common,Domestic Common Stock,G98294104 G98290102 G98255105 G32429105 G3242A102,INFERRED_COMMON,0,0,223,152,3067,MULTIPLE_CUSIPS,REQUIRES_FACTUAL_CONTRADICTION_REVIEW
490553424496543785,BASXQ,P1_DURABLE_RANKED,common,Domestic Common Stock,06985P100 06985P209,INFERRED_COMMON,0,0,222,166,669,MULTIPLE_CUSIPS,REQUIRES_FACTUAL_CONTRADICTION_REVIEW
112676300749674495,HMA1,P1_DURABLE_RANKED,common,Domestic Common Stock,421933102 421922105,INFERRED_COMMON,0,0,213,236,1601,MULTIPLE_CUSIPS,REQUIRES_FACTUAL_CONTRADICTION_REVIEW
405838849220324175,KL,P1_DURABLE_RANKED,common,Canadian Common Stock,49741E100 49740P106,INFERRED_COMMON,0,0,208,148,869,MULTIPLE_CUSIPS,REQUIRES_FACTUAL_CONTRADICTION_REVIEW
195255558794917781,SVNTQ,P1_DURABLE_RANKED,common,Domestic Common Stock,80517Q100 090578105,INFERRED_COMMON,0,0,206,105,452,MULTIPLE_CUSIPS,REQUIRES_FACTUAL_CONTRADICTION_REVIEW
660854745015090064,FSM,P1_DURABLE_RANKED,common,Canadian Common Stock,349915108 349942102,INFERRED_COMMON,0,0,205,142,911,MULTIPLE_CUSIPS,REQUIRES_FACTUAL_CONTRADICTION_REVIEW
482282576872746124,PL1,P1_DURABLE_RANKED,common,Domestic Common Stock Primary Class,743674103 743674202,INFERRED_COMMON,0,0,201,77,547,MULTIPLE_CUSIPS,REQUIRES_FACTUAL_CONTRADICTION_REVIEW
257995258404860206,ERF,P1_DURABLE_RANKED,common,Canadian Common Stock,292766102 29274D604,INFERRED_COMMON,0,0,200,128,1413,MULTIPLE_CUSIPS,REQUIRES_FACTUAL_CONTRADICTION_REVIEW
300480570843838414,GTI1,P1_DURABLE_RANKED,common,Domestic Common Stock,384313102 90262K109,INFERRED_COMMON,0,0,193,156,924,MULTIPLE_CUSIPS,REQUIRES_FACTUAL_CONTRADICTION_REVIEW
784755978994935882,ANVGQ,P1_DURABLE_RANKED,common,Domestic Common Stock,019344100 448629105,INFERRED_COMMON,0,0,192,176,753,MULTIPLE_CUSIPS,REQUIRES_FACTUAL_CONTRADICTION_REVIEW
470898446993080544,CAM2,P1_DURABLE_RANKED,common,Domestic Common Stock,13342B105 216640102,INFERRED_COMMON,0,0,192,156,2452,MULTIPLE_CUSIPS,REQUIRES_FACTUAL_CONTRADICTION_REVIEW
177752727931112051,LVNTA,P1_DURABLE_RANKED,common,Domestic Common Stock Secondary Class,53071M880 53071M856,INFERRED_COMMON,0,0,189,121,1226,MULTIPLE_CUSIPS,REQUIRES_FACTUAL_CONTRADICTION_REVIEW
247760171879345881,INSYQ,P1_DURABLE_RANKED,common,Domestic Common Stock,45824V209 45824V100,INFERRED_COMMON,0,0,188,127,296,MULTIPLE_CUSIPS,REQUIRES_FACTUAL_CONTRADICTION_REVIEW
1089135472417080980,KCG1,P1_DURABLE_RANKED,common,Domestic Common Stock,499005106 499063105 499067106 499068104,INFERRED_COMMON,0,0,188,132,1078,MULTIPLE_CUSIPS,REQUIRES_FACTUAL_CONTRADICTION_REVIEW
1129027503593469049,TSEOF,P1_DURABLE_RANKED,common,ADR Common Stock,L9340P101 G9059U107,INFERRED_COMMON,0,0,188,105,879,MULTIPLE_CUSIPS,REQUIRES_FACTUAL_CONTRADICTION_REVIEW
643299980994811152,DSHK,P1_DURABLE_RANKED,common,Domestic Common Stock Primary Class,262077100 65105M108 65105M603 65105M504,INFERRED_COMMON,0,0,187,78,899,MULTIPLE_CUSIPS,REQUIRES_FACTUAL_CONTRADICTION_REVIEW
765856696925416500,SHLDQ,P1_DURABLE_RANKED,common,Domestic Common Stock Primary Class,812350106 498780105,INFERRED_COMMON,0,0,186,365,2325,MULTIPLE_CUSIPS,REQUIRES_FACTUAL_CONTRADICTION_REVIEW
56251943382633799,HK1,P1_DURABLE_RANKED,common,Domestic Common Stock,716495106 08659A104 08659A302,INFERRED_COMMON,0,0,183,236,1280,MULTIPLE_CUSIPS,REQUIRES_FACTUAL_CONTRADICTION_REVIEW
703395824663586593,DNN,P1_DURABLE_RANKED,common,Canadian Common Stock,248356107 46052H102,INFERRED_COMMON,0,0,182,175,780,MULTIPLE_CUSIPS,REQUIRES_FACTUAL_CONTRADICTION_REVIEW
57411840384698119,UBS,P1_DURABLE_RANKED,common,ADR Common Stock,H42097107 H89231338 H8920M855 H8920G155,INFERRED_COMMON,0,0,176,244,5015,MULTIPLE_CUSIPS,REQUIRES_FACTUAL_CONTRADICTION_REVIEW
1144313377406956370,XCOOQ,P1_DURABLE_RANKED,common,Domestic Common Stock,269279402 269279501 269279600,INFERRED_COMMON,0,0,176,258,1567,MULTIPLE_CUSIPS,REQUIRES_FACTUAL_CONTRADICTION_REVIEW
937472210068847237,VRN,P1_DURABLE_RANKED,common,Canadian Common Stock,22576C101 92340V107,INFERRED_COMMON,0,0,174,184,860,MULTIPLE_CUSIPS,REQUIRES_FACTUAL_CONTRADICTION_REVIEW
46705815074361203,SUN1,P1_DURABLE_RANKED,common,Domestic Common Stock,86764P109 866762107,INFERRED_COMMON,0,0,171,152,1575,MULTIPLE_CUSIPS,REQUIRES_FACTUAL_CONTRADICTION_REVIEW
67573316626643986,BEAT1,P1_DURABLE_RANKED,common,Domestic Common Stock,090672106 14159L103,INFERRED_COMMON,0,0,170,56,311,MULTIPLE_CUSIPS,REQUIRES_FACTUAL_CONTRADICTION_REVIEW
1001469623216439292,CNH1,P1_DURABLE_RANKED,common,ADR Common Stock,N20935206 N62648105 N20935107,INFERRED_COMMON,0,0,169,117,700,MULTIPLE_CUSIPS,REQUIRES_FACTUAL_CONTRADICTION_REVIEW
1037451286237013475,DFODQ,P1_DURABLE_RANKED,common,Domestic Common Stock,242370203 242370104 865077101,INFERRED_COMMON,0,0,167,400,2857,MULTIPLE_CUSIPS,REQUIRES_FACTUAL_CONTRADICTION_REVIEW
727654521122872319,EP1,P1_DURABLE_RANKED,common,Domestic Common Stock Primary Class,28336L109 283905107,INFERRED_COMMON,0,0,165,114,1484,MULTIPLE_CUSIPS,REQUIRES_FACTUAL_CONTRADICTION_REVIEW
899932545079148879,MRK,P1_DURABLE_RANKED,common,Domestic Common Stock,58933Y105 589331107,INFERRED_COMMON,0,0,162,190,5050,MULTIPLE_CUSIPS,REQUIRES_FACTUAL_CONTRADICTION_REVIEW
748865578216434536,NYX1,P1_DURABLE_RANKED,common,Domestic Common Stock,629491101 62949W103,INFERRED_COMMON,0,0,162,121,1809,MULTIPLE_CUSIPS,REQUIRES_FACTUAL_CONTRADICTION_REVIEW
1035830090364021089,HQCL,P1_DURABLE_RANKED,common,ADR Common Stock,41135V103 41135V301 83415U108,INFERRED_COMMON,0,0,160,102,358,MULTIPLE_CUSIPS,REQUIRES_FACTUAL_CONTRADICTION_REVIEW
647967670841206151,SUNWQ,P1_DURABLE_RANKED,common,Domestic Common Stock,86803X204 86803X105 83417A209 83417A100 55448V204,INFERRED_COMMON,0,0,158,76,179,MULTIPLE_CUSIPS,REQUIRES_FACTUAL_CONTRADICTION_REVIEW
414649767280734725,TW2,P1_DURABLE_RANKED,common,Domestic Common Stock,891894107 942712100,INFERRED_COMMON,0,0,156,126,1209,MULTIPLE_CUSIPS,REQUIRES_FACTUAL_CONTRADICTION_REVIEW
169645355004035769,GOGL1,P1_DURABLE_RANKED,common,ADR Common Stock,G39637205 G39637106 G5299G106,INFERRED_COMMON,0,0,152,74,415,MULTIPLE_CUSIPS,REQUIRES_FACTUAL_CONTRADICTION_REVIEW
440725349157863081,QVCAQ,P1_DURABLE_RANKED,common,Domestic Common Stock Primary Class,74915M100 53071M104 74915M605,INFERRED_COMMON,0,0,152,247,3855,MULTIPLE_CUSIPS,REQUIRES_FACTUAL_CONTRADICTION_REVIEW
908793440963430061,ACIIQ,P1_DURABLE_RANKED,common,Domestic Common Stock,039380100 039380308,INFERRED_COMMON,0,0,151,308,2050,MULTIPLE_CUSIPS,REQUIRES_FACTUAL_CONTRADICTION_REVIEW
213870456264344634,ACB,P1_DURABLE_RANKED,common,Canadian Common Stock,05156X884 05156X108 05156X850,INFERRED_COMMON,0,0,150,214,1010,MULTIPLE_CUSIPS,REQUIRES_FACTUAL_CONTRADICTION_REVIEW
410782084757237754,ERIC,P1_DURABLE_RANKED,common,ADR Common Stock,294821608 294821400 294821509,INFERRED_COMMON,0,0,150,291,5023,MULTIPLE_CUSIPS,REQUIRES_FACTUAL_CONTRADICTION_REVIEW
615127660198584874,GFASY,P1_DURABLE_RANKED,common,ADR Common Stock,362607301 362607400 362607608,INFERRED_COMMON,0,0,149,105,815,MULTIPLE_CUSIPS,REQUIRES_FACTUAL_CONTRADICTION_REVIEW
242817260532849391,CPPRQ,P1_DURABLE_RANKED,common,Domestic Common Stock,708160106 679535104,INFERRED_COMMON,0,0,140,452,3123,MULTIPLE_CUSIPS,REQUIRES_FACTUAL_CONTRADICTION_REVIEW
801493210686105331,NKLAQ,P1_DURABLE_RANKED,common,Domestic Common Stock Primary Class,654110105 654110303 92243N103 92243N202,INFERRED_COMMON,0,0,137,203,930,MULTIPLE_CUSIPS,REQUIRES_FACTUAL_CONTRADICTION_REVIEW
697624355036831787,NWG,P1_DURABLE_RANKED,common,ADR Common Stock Primary Class,639057207 780097689 639057108 780097721,INFERRED_COMMON,0,0,137,20,547,MULTIPLE_CUSIPS,REQUIRES_FACTUAL_CONTRADICTION_REVIEW
352070480355017297,ASNAQ,P1_DURABLE_RANKED,common,Domestic Common Stock,04351G101 04351G200 261570105,INFERRED_COMMON,0,0,136,211,1754,MULTIPLE_CUSIPS,REQUIRES_FACTUAL_CONTRADICTION_REVIEW
659537267342817477,DPTRQ,P1_DURABLE_RANKED,common,Domestic Common Stock,247907207 247907306,INFERRED_COMMON,0,0,135,98,453,MULTIPLE_CUSIPS,REQUIRES_FACTUAL_CONTRADICTION_REVIEW
682451706837485270,AROC,P1_DURABLE_RANKED,common,Domestic Common Stock,03957W106 30225X103,INFERRED_COMMON,0,0,133,179,1681,MULTIPLE_CUSIPS,REQUIRES_FACTUAL_CONTRADICTION_REVIEW
594891209465982980,PDS,P1_DURABLE_RANKED,common,Canadian Common Stock,74022D308 74022D407 740215108 74022D100,REJECTED_V4_CONFLICT,0,0,133,123,442,MANUAL_CONFLICT;MULTIPLE_CUSIPS,REQUIRES_FACTUAL_CONTRADICTION_REVIEW
64207844585346273,ROSEQ,P1_DURABLE_RANKED,common,Domestic Common Stock Primary Class,777385105 49877M108 49877M207 777385204,INFERRED_COMMON,0,0,132,199,1126,MULTIPLE_CUSIPS,REQUIRES_FACTUAL_CONTRADICTION_REVIEW
995805153065282380,CMBT,P1_DURABLE_RANKED,common,ADR Common Stock,B38564108 B38564124,INFERRED_COMMON,0,0,127,150,690,MULTIPLE_CUSIPS,REQUIRES_FACTUAL_CONTRADICTION_REVIEW
882904858327189489,BEL,P1_DURABLE_RANKED,common,Domestic Common Stock,G1154H107 G67743107,INFERRED_COMMON,0,0,126,72,453,MULTIPLE_CUSIPS,REQUIRES_FACTUAL_CONTRADICTION_REVIEW
816141212186568365,LOGI,P1_DURABLE_RANKED,common,Domestic Common Stock,H50430232 541419107,INFERRED_COMMON,0,0,126,217,2335,MULTIPLE_CUSIPS,REQUIRES_FACTUAL_CONTRADICTION_REVIEW
1119755750402433659,TRIL1,P1_DURABLE_RANKED,common,Domestic Common Stock,89620X506 89620X100,INFERRED_COMMON,0,0,126,70,170,MULTIPLE_CUSIPS,REQUIRES_FACTUAL_CONTRADICTION_REVIEW
349467349494008517,OZK,P1_DURABLE_RANKED,common,Domestic Common Stock Primary Class,06417N103 063904106,INFERRED_COMMON,0,0,125,146,2740,MULTIPLE_CUSIPS,REQUIRES_FACTUAL_CONTRADICTION_REVIEW
652563215601597373,TFCFA,P1_DURABLE_RANKED,common,Domestic Common Stock Secondary Class,90130A101 65248E104 652487802,INFERRED_COMMON,0,0,125,130,3198,MULTIPLE_CUSIPS,REQUIRES_FACTUAL_CONTRADICTION_REVIEW
477532852063999654,ALR1,P1_DURABLE_RANKED,common,Domestic Common Stock Primary Class,01449J105 46126P106,INFERRED_COMMON,0,0,124,233,1795,MULTIPLE_CUSIPS,REQUIRES_FACTUAL_CONTRADICTION_REVIEW
760884981490078455,AMRSQ,P1_DURABLE_RANKED,common,Domestic Common Stock,03236M200 03236M101,INFERRED_COMMON,0,0,124,120,392,MULTIPLE_CUSIPS,REQUIRES_FACTUAL_CONTRADICTION_REVIEW
1032530646820936253,WFC,P1_DURABLE_RANKED,common,Domestic Common Stock Primary Class,949746101 669380107,INFERRED_COMMON,0,0,124,170,5050,MULTIPLE_CUSIPS,REQUIRES_FACTUAL_CONTRADICTION_REVIEW
453781472257660077,LKM,P1_DURABLE_RANKED,common,ADR Common Stock,64118U108 53577L105,INFERRED_COMMON,0,0,123,121,318,MULTIPLE_CUSIPS,REQUIRES_FACTUAL_CONTRADICTION_REVIEW
493313832415681080,NXY,P1_DURABLE_RANKED,common,Canadian Common Stock,65334H102 136420106,INFERRED_COMMON,0,0,123,127,1671,MULTIPLE_CUSIPS,REQUIRES_FACTUAL_CONTRADICTION_REVIEW
358282078487960651,RSHCQ,P1_DURABLE_RANKED,common,Domestic Common Stock,750438103 875382103 74979E101,INFERRED_COMMON,0,0,123,166,1484,MULTIPLE_CUSIPS,REQUIRES_FACTUAL_CONTRADICTION_REVIEW
291579668231200993,TFCF,P1_DURABLE_RANKED,common,Domestic Common Stock Primary Class,90130A200 65248E203 652487703,INFERRED_COMMON,0,0,122,113,3198,MULTIPLE_CUSIPS,REQUIRES_FACTUAL_CONTRADICTION_REVIEW
93116911439830233,CDCAQ,P1_DURABLE_RANKED,common,ADR Common Stock,G2108N109 G2022L106 G2022L114,INFERRED_COMMON,0,0,119,39,211,MULTIPLE_CUSIPS,REQUIRES_FACTUAL_CONTRADICTION_REVIEW
836772800751594867,OTRKQ,P1_DURABLE_RANKED,common,Domestic Common Stock Primary Class,683373104 149049504 683373302 683373401 44919F104 149049405 149049108 149049207,INFERRED_COMMON,0,0,118,48,182,MULTIPLE_CUSIPS,REQUIRES_FACTUAL_CONTRADICTION_REVIEW
397304374943978012,BBVA,P1_DURABLE_RANKED,common,ADR Common Stock,05946K101 07329Q507 059456103 059456400,INFERRED_COMMON,0,0,116,165,2110,MULTIPLE_CUSIPS,REQUIRES_FACTUAL_CONTRADICTION_REVIEW
263440498600908021,DHOXY,P1_DURABLE_RANKED,common,ADR Common Stock,25030W100 25030W209,INFERRED_COMMON,0,0,115,33,484,MULTIPLE_CUSIPS,REQUIRES_FACTUAL_CONTRADICTION_REVIEW
18397188588917778,EQX,P1_DURABLE_RANKED,common,Canadian Common Stock,29446Y502 29446Y304 29446Y106,INFERRED_COMMON,0,0,115,82,553,MULTIPLE_CUSIPS,REQUIRES_FACTUAL_CONTRADICTION_REVIEW
837082428109450568,NEBLQ,P1_DURABLE_RANKED,common,Domestic Common Stock,G65431101 H5833N103 G65422100 655042109,INFERRED_COMMON,0,0,113,350,3131,MULTIPLE_CUSIPS,REQUIRES_FACTUAL_CONTRADICTION_REVIEW
64206123129785849,JRJC,P1_DURABLE_RANKED,common,ADR Common Stock,169379104 169379203,INFERRED_COMMON,0,0,112,74,186,MULTIPLE_CUSIPS,REQUIRES_FACTUAL_CONTRADICTION_REVIEW
596606942920510462,BTE,P1_DURABLE_RANKED,common,Canadian Common Stock,07317Q105 073176109,INFERRED_COMMON,0,0,111,96,849,MULTIPLE_CUSIPS,REQUIRES_FACTUAL_CONTRADICTION_REVIEW
23018337810254348,MMATQ,P1_DURABLE_RANKED,common,Domestic Common Stock,59134N104 89102U103 59134N302 731100103,INFERRED_COMMON,0,0,110,71,216,MULTIPLE_CUSIPS,REQUIRES_FACTUAL_CONTRADICTION_REVIEW
469456447416982021,DMTKQ,P1_DURABLE_RANKED,common,Domestic Common Stock Primary Class,24984K105 G2379F108 G2379F124,INFERRED_COMMON,0,0,108,46,159,MULTIPLE_CUSIPS,REQUIRES_FACTUAL_CONTRADICTION_REVIEW
924217175469612074,POM1,P1_DURABLE_RANKED,common,Domestic Common Stock,713291102 737679100,INFERRED_COMMON,0,0,108,79,2274,MULTIPLE_CUSIPS,REQUIRES_FACTUAL_CONTRADICTION_REVIEW
503186678476381570,VELO,P1_DURABLE_RANKED,common,Domestic Common Stock Primary Class,92259N104 G50740102 92259N302 92259N203,INFERRED_COMMON,0,0,107,63,151,MULTIPLE_CUSIPS,REQUIRES_FACTUAL_CONTRADICTION_REVIEW
404258436948279053,VTS1,P1_DURABLE_RANKED,common,Domestic Common Stock,92343P107 253804306,INFERRED_COMMON,0,0,107,37,131,MULTIPLE_CUSIPS,REQUIRES_FACTUAL_CONTRADICTION_REVIEW
253712989797197450,EGLE2,P1_DURABLE_RANKED,common,Domestic Common Stock,Y2187A150 Y2187A143 Y2187A119 Y2187A127 Y2187A101,INFERRED_COMMON,0,0,106,77,384,MULTIPLE_CUSIPS,REQUIRES_FACTUAL_CONTRADICTION_REVIEW
1032449844265145568,APWR1,P1_DURABLE_RANKED,common,ADR Common Stock,G04136100 G04136118 G04136209,INFERRED_COMMON,0,0,104,34,137,MULTIPLE_CUSIPS,REQUIRES_FACTUAL_CONTRADICTION_REVIEW
458587006915592303,IDEXQ,P1_DURABLE_RANKED,common,Domestic Common Stock,45166V106 45166V205 81789Y102 98741R207 94850Q106 98741R108 16938M104,INFERRED_COMMON,0,0,104,68,255,MULTIPLE_CUSIPS,REQUIRES_FACTUAL_CONTRADICTION_REVIEW
323335118726927382,FLG,P1_DURABLE_RANKED,common,Domestic Common Stock Primary Class,649445103 649445400 748242104,INFERRED_COMMON,0,0,103,208,4986,MULTIPLE_CUSIPS,REQUIRES_FACTUAL_CONTRADICTION_REVIEW
645812499638572541,FRANQ,P1_DURABLE_RANKED,common,Domestic Common Stock,351793104 351793203,INFERRED_COMMON,0,0,102,124,560,MULTIPLE_CUSIPS,REQUIRES_FACTUAL_CONTRADICTION_REVIEW
1150032651693992592,TKC,P1_DURABLE_RANKED,common,ADR Common Stock,900111204 900111105,INFERRED_COMMON,0,0,102,41,293,MULTIPLE_CUSIPS,REQUIRES_FACTUAL_CONTRADICTION_REVIEW
367809761125398317,CEG1,P1_DURABLE_RANKED,common,Domestic Common Stock,210371100 059165100,INFERRED_COMMON,0,0,101,73,1432,MULTIPLE_CUSIPS,REQUIRES_FACTUAL_CONTRADICTION_REVIEW
500990921491854993,CNR2,P1_DURABLE_RANKED,common,Domestic Common Stock,628852204 21925D109 628852105,INFERRED_COMMON,0,0,101,58,312,MULTIPLE_CUSIPS,REQUIRES_FACTUAL_CONTRADICTION_REVIEW
647605362927682776,WR1,P1_DURABLE_RANKED,common,Domestic Common Stock,95709T100 959425109,INFERRED_COMMON,0,0,100,50,2205,MULTIPLE_CUSIPS,REQUIRES_FACTUAL_CONTRADICTION_REVIEW
819475645860203151,MTLQQ,P1_DURABLE_RANKED,common,Domestic Common Stock Primary Class,370442105 370442402 370442501 62010U101 62010A105,INFERRED_COMMON,0,0,98,88,748,MULTIPLE_CUSIPS,REQUIRES_FACTUAL_CONTRADICTION_REVIEW
285093631861891744,BFXXQ,P1_DURABLE_RANKED,common,Domestic Common Stock,63910B102 254931108,INFERRED_COMMON,0,0,97,50,166,MULTIPLE_CUSIPS,REQUIRES_FACTUAL_CONTRADICTION_REVIEW
214877619014563439,FUVV,P1_DURABLE_RANKED,common,Domestic Common Stock,039587100 039587209,INFERRED_COMMON,0,0,97,67,139,MULTIPLE_CUSIPS,REQUIRES_FACTUAL_CONTRADICTION_REVIEW
324243700516094246,SGYPQ,P1_DURABLE_RANKED,common,Domestic Common Stock Primary Class,871639308 871639209 871639100,INFERRED_COMMON,0,0,97,60,214,MULTIPLE_CUSIPS,REQUIRES_FACTUAL_CONTRADICTION_REVIEW
652203078943743046,CNSY,P1_DURABLE_RANKED,common,Domestic Common Stock Primary Class,23283K105 72941H400 23283K204 72941H509 23283K402 72941H806 72941H103,INFERRED_COMMON,0,0,96,75,187,MULTIPLE_CUSIPS,REQUIRES_FACTUAL_CONTRADICTION_REVIEW
11216770926041725,CCE1,P1_DURABLE_RANKED,common,Domestic Common Stock,19122T109 191219104,INFERRED_COMMON,0,0,95,67,2492,MULTIPLE_CUSIPS,REQUIRES_FACTUAL_CONTRADICTION_REVIEW
193588831378973240,OKS,P1_DURABLE_RANKED,common,Domestic Common Stock,68268N103 664785102,INFERRED_COMMON,0,0,95,92,1142,MULTIPLE_CUSIPS,REQUIRES_FACTUAL_CONTRADICTION_REVIEW
711458655922744689,TFC,P1_DURABLE_RANKED,common,Domestic Common Stock Primary Class,89832Q109 054937107 843444100,REJECTED_V4_CONFLICT,0,0,95,154,5050,MANUAL_CONFLICT;MULTIPLE_CUSIPS,REQUIRES_FACTUAL_CONTRADICTION_REVIEW
483640223480714943,TT,P1_DURABLE_RANKED,common,Domestic Common Stock,G8994E103 G47791101 G4776G101 456866102,INFERRED_COMMON,0,0,95,162,5050,MULTIPLE_CUSIPS,REQUIRES_FACTUAL_CONTRADICTION_REVIEW
551894809158706341,JAVA1,P1_DURABLE_RANKED,common,Domestic Common Stock,866810203 866810104,INFERRED_COMMON,0,0,94,86,896,MULTIPLE_CUSIPS,REQUIRES_FACTUAL_CONTRADICTION_REVIEW
102913681476067012,C,P1_DURABLE_RANKED,common,Domestic Common Stock Primary Class,172967424 172967101 894190107,INFERRED_COMMON,0,0,92,201,5050,MULTIPLE_CUSIPS,REQUIRES_FACTUAL_CONTRADICTION_REVIEW
157059211001311018,SA,P1_DURABLE_RANKED,common,Canadian Common Stock,811916105 811927102,INFERRED_COMMON,0,0,92,54,215,MULTIPLE_CUSIPS,REQUIRES_FACTUAL_CONTRADICTION_REVIEW
342247754560677675,BEC1,P1_DURABLE_RANKED,common,Domestic Common Stock,075811109 075816108,INFERRED_COMMON,0,0,91,74,1225,MULTIPLE_CUSIPS,REQUIRES_FACTUAL_CONTRADICTION_REVIEW
569370157886073038,DNMRQ,P1_DURABLE_RANKED,common,Domestic Common Stock Primary Class,236272100 53804F103 236272407,INFERRED_COMMON,0,0,91,64,291,MULTIPLE_CUSIPS,REQUIRES_FACTUAL_CONTRADICTION_REVIEW
700503722601979334,RYI1,P1_DURABLE_RANKED,common,Domestic Common Stock,457472108 78375P107,INFERRED_COMMON,0,0,91,62,194,MULTIPLE_CUSIPS,REQUIRES_FACTUAL_CONTRADICTION_REVIEW
944174442226145604,MI2,P1_DURABLE_RANKED,common,Domestic Common Stock,571837103 571834100,INFERRED_COMMON,0,0,90,143,1259,MULTIPLE_CUSIPS,REQUIRES_FACTUAL_CONTRADICTION_REVIEW
492909916813820707,NUAI,P1_DURABLE_RANKED,common,Domestic Common Stock Primary Class,77867R100 64428N109,INFERRED_COMMON,0,0,90,74,184,MULTIPLE_CUSIPS,REQUIRES_FACTUAL_CONTRADICTION_REVIEW
619188589572857157,BPZRQ,P1_DURABLE_RANKED,common,Domestic Common Stock,055639108 63934Q101 63934Q309,INFERRED_COMMON,0,0,89,26,107,MULTIPLE_CUSIPS,REQUIRES_FACTUAL_CONTRADICTION_REVIEW
605056745802848097,BCE,P1_DURABLE_RANKED,common,Canadian Common Stock,05534B760 05534B109,INFERRED_COMMON,0,0,87,86,4593,MULTIPLE_CUSIPS,REQUIRES_FACTUAL_CONTRADICTION_REVIEW
1104896316141077892,DDAIF,P1_DURABLE_RANKED,common,ADR Common Stock,D1668R123 233829308 233825207 233825108,INFERRED_COMMON,0,0,87,56,869,MULTIPLE_CUSIPS,REQUIRES_FACTUAL_CONTRADICTION_REVIEW
358367629315548264,ABCM,P1_DURABLE_RANKED,common,ADR Common Stock,000380204 000380105,INFERRED_COMMON,0,0,86,22,123,MULTIPLE_CUSIPS,REQUIRES_FACTUAL_CONTRADICTION_REVIEW
103118562012262941,GMXRQ,P1_DURABLE_RANKED,common,Domestic Common Stock,38011M603 38011M108 38011M124 38011M207,INFERRED_COMMON,0,0,83,45,143,MULTIPLE_CUSIPS,REQUIRES_FACTUAL_CONTRADICTION_REVIEW
404606604472462818,LIFE2,P1_DURABLE_RANKED,common,Domestic Common Stock,53217V109 46185R100,INFERRED_COMMON,0,0,83,113,1908,MULTIPLE_CUSIPS,REQUIRES_FACTUAL_CONTRADICTION_REVIEW
365000158987626639,OREXQ,P1_DURABLE_RANKED,common,Domestic Common Stock,686164104 686164302,INFERRED_COMMON,0,0,83,93,210,MULTIPLE_CUSIPS,REQUIRES_FACTUAL_CONTRADICTION_REVIEW
154787694246958247,PPMIQ,P1_DURABLE_RANKED,common,Domestic Common Stock,69344M101 69344M507,INFERRED_COMMON,0,0,83,70,604,MULTIPLE_CUSIPS,REQUIRES_FACTUAL_CONTRADICTION_REVIEW
603451986059143781,MAXNQ,P1_DURABLE_RANKED,common,ADR Common Stock,Y58473102 Y58473128,INFERRED_COMMON,0,0,82,54,202,MULTIPLE_CUSIPS,REQUIRES_FACTUAL_CONTRADICTION_REVIEW
1116777537423033703,ARVLF,P1_DURABLE_RANKED,common,ADR Common Stock Primary Class,L0423Q108 12559C103 L0423Q124,INFERRED_COMMON,0,0,78,46,312,MULTIPLE_CUSIPS,REQUIRES_FACTUAL_CONTRADICTION_REVIEW
200782403799405397,DNA1,P1_DURABLE_RANKED,common,Domestic Common Stock Primary Class,368710406 368710109,INFERRED_COMMON,0,0,78,71,686,MULTIPLE_CUSIPS,REQUIRES_FACTUAL_CONTRADICTION_REVIEW
393159556686986931,PALDF,P1_DURABLE_RANKED,common,Canadian Common Stock,656912102 65704X109,INFERRED_COMMON,0,0,78,42,101,MULTIPLE_CUSIPS,REQUIRES_FACTUAL_CONTRADICTION_REVIEW
498165093608150980,IEP,P1_DURABLE_RANKED,common,Domestic Common Stock,451100101 029169109,INFERRED_COMMON,0,0,77,49,573,MULTIPLE_CUSIPS,REQUIRES_FACTUAL_CONTRADICTION_REVIEW
911227416551377854,UL,P1_DURABLE_RANKED,common,ADR Common Stock Primary Class,904767704 904767803 904784501 904767605,INFERRED_COMMON,0,0,76,121,4748,MULTIPLE_CUSIPS,REQUIRES_FACTUAL_CONTRADICTION_REVIEW
406563920163442612,OR,P1_DURABLE_RANKED,common,Canadian Common Stock,68827L101 68390D106,INFERRED_COMMON,0,0,75,37,365,MULTIPLE_CUSIPS,REQUIRES_FACTUAL_CONTRADICTION_REVIEW
847737169274061170,VEDL,P1_DURABLE_RANKED,common,ADR Common Stock,92242Y100 78413F103 859737207,INFERRED_COMMON,0,0,75,9,96,MULTIPLE_CUSIPS,REQUIRES_FACTUAL_CONTRADICTION_REVIEW
562358948924032972,BTI,P1_DURABLE_RANKED,common,ADR Common Stock,110448107 055270508,INFERRED_COMMON,0,0,73,97,3637,MULTIPLE_CUSIPS,REQUIRES_FACTUAL_CONTRADICTION_REVIEW
511484518106596204,FTRCQ,P1_DURABLE_RANKED,common,Domestic Common Stock Primary Class,35906A108 35906A306 17453B101 177342201 177342102,INFERRED_COMMON,0,0,73,206,2979,MULTIPLE_CUSIPS,REQUIRES_FACTUAL_CONTRADICTION_REVIEW
572436205509811668,PHG,P1_DURABLE_RANKED,common,ADR Common Stock,500472303 500472105 500472204 718337504,INFERRED_COMMON,0,0,72,145,4112,MULTIPLE_CUSIPS,REQUIRES_FACTUAL_CONTRADICTION_REVIEW
311401067615371248,CAMPQ,P1_DURABLE_RANKED,common,Domestic Common Stock,128126109 128126208 129900106,INFERRED_COMMON,0,0,71,38,150,MULTIPLE_CUSIPS,REQUIRES_FACTUAL_CONTRADICTION_REVIEW
545177556909447372,EBIXQ,P1_DURABLE_RANKED,common,Domestic Common Stock,278715206 247171101 278715107 247171200,INFERRED_COMMON,0,0,71,29,293,MULTIPLE_CUSIPS,REQUIRES_FACTUAL_CONTRADICTION_REVIEW
678547141734698310,RIDEQ,P1_DURABLE_RANKED,common,Domestic Common Stock Primary Class,54405Q100 25280H100 54405Q209 25280H209,INFERRED_COMMON,0,0,71,85,427,MULTIPLE_CUSIPS,REQUIRES_FACTUAL_CONTRADICTION_REVIEW
888056120539582187,SHEL,P1_DURABLE_RANKED,common,ADR Common Stock Primary Class,780259305 780259206 780257804 780257705 822703609 780257903,INFERRED_COMMON,0,0,71,150,5049,MULTIPLE_CUSIPS,REQUIRES_FACTUAL_CONTRADICTION_REVIEW
1042287044744322383,JMEI,P1_DURABLE_RANKED,common,ADR Common Stock,48138L107 48138L206,INFERRED_COMMON,0,0,70,48,179,MULTIPLE_CUSIPS,REQUIRES_FACTUAL_CONTRADICTION_REVIEW
1123392224175347435,LSPD,P1_DURABLE_RANKED,common,ADR Common Stock,53229C107 53227R106,INFERRED_COMMON,0,0,70,83,475,MULTIPLE_CUSIPS,REQUIRES_FACTUAL_CONTRADICTION_REVIEW
556078666002943481,OIGBQ,P1_DURABLE_RANKED,common,Domestic Common Stock,126576206 68559A109 68559A208 68283P109 126576107 647537208 946788106,INFERRED_COMMON,0,0,70,50,71,MULTIPLE_CUSIPS,REQUIRES_FACTUAL_CONTRADICTION_REVIEW
818427207626286294,PGN1,P1_DURABLE_RANKED,common,Domestic Common Stock,743263105 144141108 12614C106,INFERRED_COMMON,0,0,70,60,1510,MULTIPLE_CUSIPS,REQUIRES_FACTUAL_CONTRADICTION_REVIEW
831371468261077058,ESLRQ,P1_DURABLE_RANKED,common,Domestic Common Stock,30033R306 30033R108,INFERRED_COMMON,0,0,69,137,504,MULTIPLE_CUSIPS,REQUIRES_FACTUAL_CONTRADICTION_REVIEW
461600950471082009,BRLCQ,P1_DURABLE_RANKED,common,Domestic Common Stock,87163L103 10949P107,INFERRED_COMMON,0,0,68,41,136,MULTIPLE_CUSIPS,REQUIRES_FACTUAL_CONTRADICTION_REVIEW
556939594331583684,SII,P1_DURABLE_RANKED,common,Canadian Common Stock,852066208 852066109,INFERRED_COMMON,0,0,68,26,128,MULTIPLE_CUSIPS,REQUIRES_FACTUAL_CONTRADICTION_REVIEW
1144505983159245450,AUQ,P1_DURABLE_RANKED,common,Canadian Common Stock,05155C105 36467T106 364915108,INFERRED_COMMON,0,0,67,79,382,MULTIPLE_CUSIPS,REQUIRES_FACTUAL_CONTRADICTION_REVIEW
872015801854314611,BEBE1,P1_DURABLE_RANKED,common,Domestic Common Stock,075571109 075571208,INFERRED_COMMON,0,0,67,28,121,MULTIPLE_CUSIPS,REQUIRES_FACTUAL_CONTRADICTION_REVIEW
6925516220905516,HEXO,P1_DURABLE_RANKED,common,Canadian Common Stock,428304109 428304307 428304406,INFERRED_COMMON,0,0,67,39,169,MULTIPLE_CUSIPS,REQUIRES_FACTUAL_CONTRADICTION_REVIEW
1020754940824385887,IOGPQ,P1_DURABLE_RANKED,common,Domestic Common Stock,462044108 462044207 457652105,INFERRED_COMMON,0,0,66,33,114,MULTIPLE_CUSIPS,REQUIRES_FACTUAL_CONTRADICTION_REVIEW
487869582447266471,TT2,P1_DURABLE_RANKED,common,Domestic Common Stock,892893108 029712106,INFERRED_COMMON,0,0,66,31,482,MULTIPLE_CUSIPS,REQUIRES_FACTUAL_CONTRADICTION_REVIEW
968166522535685044,LFGRQ,P1_DURABLE_RANKED,common,Domestic Common Stock,514936103 521029108,INFERRED_COMMON,0,0,65,67,305,MULTIPLE_CUSIPS,REQUIRES_FACTUAL_CONTRADICTION_REVIEW
766320971625686200,AMTD1,P1_DURABLE_RANKED,common,Domestic Common Stock,87236Y108 03072H109 03074K100,INFERRED_COMMON,0,0,64,199,3587,MULTIPLE_CUSIPS,REQUIRES_FACTUAL_CONTRADICTION_REVIEW
254714768819945876,CBDBY,P1_DURABLE_RANKED,common,ADR Common Stock,20440T201 20440T300,INFERRED_COMMON,0,0,64,99,1017,MULTIPLE_CUSIPS,REQUIRES_FACTUAL_CONTRADICTION_REVIEW
990484726740043660,DTV1,P1_DURABLE_RANKED,common,Domestic Common Stock,25490A309 25490A101 25459L106 444418107,INFERRED_COMMON,0,0,63,99,2279,MULTIPLE_CUSIPS,REQUIRES_FACTUAL_CONTRADICTION_REVIEW
680958553726136812,OGI,P1_DURABLE_RANKED,common,Canadian Common Stock,68620P101 68620P705 68617J100,INFERRED_COMMON,0,0,63,34,115,MULTIPLE_CUSIPS,REQUIRES_FACTUAL_CONTRADICTION_REVIEW
696702663051800713,ADCT1,P1_DURABLE_RANKED,common,Domestic Common Stock,000886309 000886101,INFERRED_COMMON,0,0,62,91,754,MULTIPLE_CUSIPS,REQUIRES_FACTUAL_CONTRADICTION_REVIEW
842477555715340828,RESI1,P1_DURABLE_RANKED,common,Domestic Common Stock,02153W100 35904G107,INFERRED_COMMON,0,0,62,37,112,MULTIPLE_CUSIPS,REQUIRES_FACTUAL_CONTRADICTION_REVIEW
888929808926387396,TRVG,P1_DURABLE_RANKED,common,ADR Common Stock,89686D105 89686D303,INFERRED_COMMON,0,0,62,43,98,MULTIPLE_CUSIPS,REQUIRES_FACTUAL_CONTRADICTION_REVIEW
1142929555094712623,BLIAQ,P1_DURABLE_RANKED,common,Domestic Common Stock Primary Class,093679108 05532D107,INFERRED_COMMON,0,0,61,22,118,MULTIPLE_CUSIPS,REQUIRES_FACTUAL_CONTRADICTION_REVIEW
351896728434615816,MRINQ,P1_DURABLE_RANKED,common,Domestic Common Stock,56804T106 56804T205 56804T304,INFERRED_COMMON,0,0,61,63,106,MULTIPLE_CUSIPS,REQUIRES_FACTUAL_CONTRADICTION_REVIEW
227060587393674304,PCL1,P1_DURABLE_RANKED,common,Domestic Common Stock,729251108 729237107,INFERRED_COMMON,0,0,60,33,2417,MULTIPLE_CUSIPS,REQUIRES_FACTUAL_CONTRADICTION_REVIEW
618741754657237874,SPIEF,P1_DURABLE_RANKED,common,ADR Common Stock,G8651P110 78470H109 G8651P201 G8651P102 83490A100,INFERRED_COMMON,0,0,60,32,81,MULTIPLE_CUSIPS,REQUIRES_FACTUAL_CONTRADICTION_REVIEW
881385647571236858,ORIO,P1_DURABLE_RANKED,common,Canadian Common Stock,60800C109 60800C208 608008108 68627G104,INFERRED_COMMON,0,0,59,30,62,MULTIPLE_CUSIPS,REQUIRES_FACTUAL_CONTRADICTION_REVIEW
454790526979868507,SEELQ,P1_DURABLE_RANKED,common,Domestic Common Stock,81577F109 03832V109 03832V307 81577F208 81577F307 81577F406 652903105,INFERRED_COMMON,0,0,59,37,75,MULTIPLE_CUSIPS,REQUIRES_FACTUAL_CONTRADICTION_REVIEW
389698694766158960,TFII,P1_DURABLE_RANKED,common,Canadian Common Stock,87241L109 89366H103,INFERRED_COMMON,0,0,59,121,1195,MULTIPLE_CUSIPS,REQUIRES_FACTUAL_CONTRADICTION_REVIEW
624525762102619037,XEL,P1_DURABLE_RANKED,common,Domestic Common Stock Primary Class,98389B100 665772109,INFERRED_COMMON,0,0,58,130,5045,MULTIPLE_CUSIPS,REQUIRES_FACTUAL_CONTRADICTION_REVIEW
496216258498328341,SKE,P1_DURABLE_RANKED,common,Canadian Common Stock,83056P715 83056P103,INFERRED_COMMON,0,0,57,21,106,MULTIPLE_CUSIPS,REQUIRES_FACTUAL_CONTRADICTION_REVIEW
856115972129012903,WINMQ,P1_DURABLE_RANKED,common,Domestic Common Stock,97382A101 97382A200 97381W104 97382A309 920255106,INFERRED_COMMON,0,0,57,94,2399,MULTIPLE_CUSIPS,REQUIRES_FACTUAL_CONTRADICTION_REVIEW
909161371475655803,CCK,P1_DURABLE_RANKED,common,Domestic Common Stock,228368106 228255105,INFERRED_COMMON,0,0,56,141,4948,MULTIPLE_CUSIPS,REQUIRES_FACTUAL_CONTRADICTION_REVIEW
270195894721936305,GP,P1_DURABLE_RANKED,common,ADR Common Stock,39540E302 39540E401,INFERRED_COMMON,0,0,56,34,56,MULTIPLE_CUSIPS,REQUIRES_FACTUAL_CONTRADICTION_REVIEW
316608182834195623,CJESQ,P1_DURABLE_RANKED,common,Domestic Common Stock,12467B304 G3164Q101,INFERRED_COMMON,0,0,55,69,405,MULTIPLE_CUSIPS,REQUIRES_FACTUAL_CONTRADICTION_REVIEW
19023067751406413,DGXX,P1_DURABLE_RANKED,common,Canadian Common Stock,25380B102 25381D206 25381D107,INFERRED_COMMON,0,0,55,35,83,MULTIPLE_CUSIPS,REQUIRES_FACTUAL_CONTRADICTION_REVIEW
371238123781729047,EDR1,P1_DURABLE_RANKED,common,Domestic Common Stock,28140H203 28140H104,INFERRED_COMMON,0,0,55,32,555,MULTIPLE_CUSIPS,REQUIRES_FACTUAL_CONTRADICTION_REVIEW
427694133028893811,PQUEQ,P1_DURABLE_RANKED,common,Domestic Common Stock,716748108 716748306 683930200,INFERRED_COMMON,0,0,55,18,61,MULTIPLE_CUSIPS,REQUIRES_FACTUAL_CONTRADICTION_REVIEW
187908770424317700,CEIN,P1_DURABLE_RANKED,common,Domestic Common Stock,13200M508 13200M607 549333201 13200M201 549333300 13200M102 13200M300 13200M409,INFERRED_COMMON,0,0,54,58,120,MULTIPLE_CUSIPS,REQUIRES_FACTUAL_CONTRADICTION_REVIEW
360366760615663399,OIBRQ,P1_DURABLE_RANKED,common,ADR Common Stock Primary Class,670851203 670851401 10553M200,INFERRED_COMMON,0,0,54,59,472,MULTIPLE_CUSIPS,REQUIRES_FACTUAL_CONTRADICTION_REVIEW
105422700513565499,ST,P1_DURABLE_RANKED,common,Domestic Common Stock,G8060N102 N7902X106,INFERRED_COMMON,0,0,54,99,3687,MULTIPLE_CUSIPS,REQUIRES_FACTUAL_CONTRADICTION_REVIEW
977786382894847089,FABC,P1_DURABLE_RANKED,common,Domestic Common Stock,054748108 054748207 92931L302 054748306 92931L401 26210U203 26210U104 92931L203 92931L104,INFERRED_COMMON,0,0,53,101,450,MULTIPLE_CUSIPS,REQUIRES_FACTUAL_CONTRADICTION_REVIEW
1084515552110962948,UAN,P1_DURABLE_RANKED,common,Domestic Common Stock,126633106 126633205,INFERRED_COMMON,0,0,52,34,61,MULTIPLE_CUSIPS,REQUIRES_FACTUAL_CONTRADICTION_REVIEW
843455423519216577,TTCFQ,P1_DURABLE_RANKED,common,Domestic Common Stock Primary Class,87663X102 34986F103 34986F202,INFERRED_COMMON,0,0,51,79,326,MULTIPLE_CUSIPS,REQUIRES_FACTUAL_CONTRADICTION_REVIEW
905064659577868827,ASAPQ,P1_DURABLE_RANKED,common,Domestic Common Stock Primary Class,930752100 51476W107 51476W206 930752209,INFERRED_COMMON,0,0,50,71,96,MULTIPLE_CUSIPS,REQUIRES_FACTUAL_CONTRADICTION_REVIEW
965579180728514841,HOLI,P1_DURABLE_RANKED,common,ADR Common Stock,G45667105 G4604M106 15956A109 15956A208,INFERRED_COMMON,0,0,50,9,56,MULTIPLE_CUSIPS,REQUIRES_FACTUAL_CONTRADICTION_REVIEW
1133666028208707131,DELL1,P1_DURABLE_RANKED,common,Domestic Common Stock,24702R101 247025109,INFERRED_COMMON,0,0,48,128,1843,MULTIPLE_CUSIPS,REQUIRES_FACTUAL_CONTRADICTION_REVIEW
305472410938548937,ITG1,P1_DURABLE_RANKED,common,Domestic Common Stock,46145F105 472318104,INFERRED_COMMON,0,0,48,58,599,MULTIPLE_CUSIPS,REQUIRES_FACTUAL_CONTRADICTION_REVIEW
900676606992458222,TRP,P1_DURABLE_RANKED,common,Canadian Common Stock Primary Class,87807B107 89353D107 893526103,REJECTED_V4_CONFLICT,0,0,48,80,3584,MANUAL_CONFLICT;MULTIPLE_CUSIPS,REQUIRES_FACTUAL_CONTRADICTION_REVIEW
98300450827989858,PLD1,P1_DURABLE_RANKED,common,Domestic Common Stock,743410102 743410300 814138103 814138301,INFERRED_COMMON,0,0,47,77,1237,MULTIPLE_CUSIPS,REQUIRES_FACTUAL_CONTRADICTION_REVIEW
1135878622873171323,DPRO,P1_DURABLE_RANKED,common,ADR Common Stock,26142Q304 26142Q205 26142Q106,INFERRED_COMMON,0,0,45,47,81,MULTIPLE_CUSIPS,REQUIRES_FACTUAL_CONTRADICTION_REVIEW
366588347960507460,POET,P1_DURABLE_RANKED,common,Canadian Common Stock,73044W302 73044W104,INFERRED_COMMON,0,0,45,91,226,MULTIPLE_CUSIPS,REQUIRES_FACTUAL_CONTRADICTION_REVIEW
767007442192935477,SES,P1_DURABLE_RANKED,common,Domestic Common Stock Primary Class,78397Q109 G4R87P114,INFERRED_COMMON,0,0,45,37,74,MULTIPLE_CUSIPS,REQUIRES_FACTUAL_CONTRADICTION_REVIEW
604744643544663608,FIRY,P1_DURABLE_RANKED,common,Domestic Common Stock Primary Class,83067L109 83067L208 34407Y103 34407Y202,INFERRED_COMMON,0,0,44,102,444,MULTIPLE_CUSIPS,REQUIRES_FACTUAL_CONTRADICTION_REVIEW
214204248915913096,EOP,P1_DURABLE_RANKED,common,Domestic Common Stock,294741103 294741202,INFERRED_COMMON,0,0,43,17,151,MULTIPLE_CUSIPS,REQUIRES_FACTUAL_CONTRADICTION_REVIEW
482195723341052987,ETP1,P1_DURABLE_RANKED,common,Domestic Common Stock,29273R109 426918108,INFERRED_COMMON,0,0,43,90,2249,MULTIPLE_CUSIPS,REQUIRES_FACTUAL_CONTRADICTION_REVIEW
576774468891329877,YELLQ,P1_DURABLE_RANKED,common,Domestic Common Stock,984249607 985510106 984249102 984249300 985509108 985577105,INFERRED_COMMON,0,0,43,142,689,MULTIPLE_CUSIPS,REQUIRES_FACTUAL_CONTRADICTION_REVIEW
1096003132450043065,DD1,P1_DURABLE_RANKED,common,Domestic Common Stock Primary Class,263534109 263534117,INFERRED_COMMON,0,0,42,66,2810,MULTIPLE_CUSIPS,REQUIRES_FACTUAL_CONTRADICTION_REVIEW
410428273002319352,FWONK,P1_DURABLE_RANKED,common,Domestic Common Stock Secondary Class,531229854 531229755 531229300,INFERRED_COMMON,0,0,42,117,2653,MULTIPLE_CUSIPS,REQUIRES_FACTUAL_CONTRADICTION_REVIEW
718834017621263734,GRFS,P1_DURABLE_RANKED,common,ADR Common Stock,398438408 398438309 398438200,INFERRED_COMMON,0,0,41,60,812,MULTIPLE_CUSIPS,REQUIRES_FACTUAL_CONTRADICTION_REVIEW
288236439289729704,HLTH1,P1_DURABLE_RANKED,common,Domestic Common Stock,40422Y101 422209106 290849108 94769M105,INFERRED_COMMON,0,0,41,25,413,MULTIPLE_CUSIPS,REQUIRES_FACTUAL_CONTRADICTION_REVIEW
210189795761413012,HOKUQ,P1_DURABLE_RANKED,common,Domestic Common Stock,434711107 434712105,INFERRED_COMMON,0,0,41,54,86,MULTIPLE_CUSIPS,REQUIRES_FACTUAL_CONTRADICTION_REVIEW
7927904980452015,NM,P1_DURABLE_RANKED,common,ADR Common Stock Primary Class,Y62196103 Y62197119 Y62196129,INFERRED_COMMON,0,0,41,26,64,MULTIPLE_CUSIPS,REQUIRES_FACTUAL_CONTRADICTION_REVIEW
653469424920855695,FCE.A,P1_DURABLE_RANKED,common,Domestic Common Stock Primary Class,345605109 345550107,INFERRED_COMMON,0,0,40,71,1264,MULTIPLE_CUSIPS,REQUIRES_FACTUAL_CONTRADICTION_REVIEW
466470751566741991,FG2,P1_DURABLE_RANKED,common,Domestic Common Stock Primary Class,G3402M102 G20307107 G20307123,INFERRED_COMMON,0,0,40,26,112,MULTIPLE_CUSIPS,REQUIRES_FACTUAL_CONTRADICTION_REVIEW
144700299941973079,ACV1,P1_DURABLE_RANKED,common,Domestic Common Stock Primary Class,013078100 013068101,INFERRED_COMMON,0,0,39,43,594,MULTIPLE_CUSIPS,REQUIRES_FACTUAL_CONTRADICTION_REVIEW
133867923656910566,QGEN,P1_DURABLE_RANKED,common,ADR Common Stock,N72482123 N72482206 N72482149 N72482107 N72482156,INFERRED_COMMON,0,0,39,178,3674,MULTIPLE_CUSIPS,REQUIRES_FACTUAL_CONTRADICTION_REVIEW
287367877320854308,TTE,P1_DURABLE_RANKED,common,ADR Common Stock,89151E109 F92124100,INFERRED_COMMON,0,0,39,120,5050,MULTIPLE_CUSIPS,REQUIRES_FACTUAL_CONTRADICTION_REVIEW
30587235456063600,APPHQ,P1_DURABLE_RANKED,common,Domestic Common Stock Primary Class,03783T103 67012U108,INFERRED_COMMON,0,0,38,17,120,MULTIPLE_CUSIPS,REQUIRES_FACTUAL_CONTRADICTION_REVIEW
955594671819826686,MEG1,P1_DURABLE_RANKED,common,Domestic Common Stock,58441K100 584404107,INFERRED_COMMON,0,0,37,40,147,MULTIPLE_CUSIPS,REQUIRES_FACTUAL_CONTRADICTION_REVIEW
435995005362000574,EGIOQ,P1_DURABLE_RANKED,common,Domestic Common Stock,53261M104 53261M203,INFERRED_COMMON,0,0,36,31,152,MULTIPLE_CUSIPS,REQUIRES_FACTUAL_CONTRADICTION_REVIEW
428643462170905296,LADX,P1_DURABLE_RANKED,common,Domestic Common Stock,232828509 232828608 232828301 232828103 232828707,INFERRED_COMMON,0,0,35,48,54,MULTIPLE_CUSIPS,REQUIRES_FACTUAL_CONTRADICTION_REVIEW
838821611242754318,AM,P1_DURABLE_RANKED,common,Domestic Common Stock,03676B102 03675Y103,INFERRED_COMMON,0,0,34,128,1876,MULTIPLE_CUSIPS,REQUIRES_FACTUAL_CONTRADICTION_REVIEW
961331422153064591,LINEQ,P1_DURABLE_RANKED,common,Domestic Common Stock,536020100 53601P304,INFERRED_COMMON,0,0,34,133,1727,MULTIPLE_CUSIPS,REQUIRES_FACTUAL_CONTRADICTION_REVIEW
1086213726748371489,LKCOF,P1_DURABLE_RANKED,common,ADR Common Stock,G56981106 G56981205 G56981114,INFERRED_COMMON,0,0,34,33,53,MULTIPLE_CUSIPS,REQUIRES_FACTUAL_CONTRADICTION_REVIEW
106719732073423530,VZLA,P1_DURABLE_RANKED,common,Canadian Common Stock,92859G608 92859G202 92859G103,INFERRED_COMMON,0,0,34,18,150,MULTIPLE_CUSIPS,REQUIRES_FACTUAL_CONTRADICTION_REVIEW
560993313900465152,EIGRQ,P1_DURABLE_RANKED,common,Domestic Common Stock,28249U105 15117E107 28249U204,INFERRED_COMMON,0,0,33,13,35,MULTIPLE_CUSIPS,REQUIRES_FACTUAL_CONTRADICTION_REVIEW
203648306270562714,VOD,P1_DURABLE_RANKED,common,ADR Common Stock,92857W308 92857W209 92857W100 92857T107 92858D200 92858D101,INFERRED_COMMON,0,0,33,197,5050,MULTIPLE_CUSIPS,REQUIRES_FACTUAL_CONTRADICTION_REVIEW
429771193252933866,WPGGQ,P1_DURABLE_RANKED,common,Domestic Common Stock Primary Class,93964W108 92939N102 939647103 93964W405,INFERRED_COMMON,0,0,33,65,512,MULTIPLE_CUSIPS,REQUIRES_FACTUAL_CONTRADICTION_REVIEW
133702805808789102,AOBI,P1_DURABLE_RANKED,common,Domestic Common Stock,028731404 028731107,INFERRED_COMMON,0,0,31,19,67,MULTIPLE_CUSIPS,REQUIRES_FACTUAL_CONTRADICTION_REVIEW
1139717773370432743,HLT1,P1_DURABLE_RANKED,common,Domestic Common Stock,432848109 432848208,INFERRED_COMMON,0,0,31,42,328,MULTIPLE_CUSIPS,REQUIRES_FACTUAL_CONTRADICTION_REVIEW
341746105654828485,SNDL,P1_DURABLE_RANKED,common,ADR Common Stock,86730L109 83307B101,INFERRED_COMMON,0,0,31,52,105,MULTIPLE_CUSIPS,REQUIRES_FACTUAL_CONTRADICTION_REVIEW
55985294582827288,EAGL1,P1_DURABLE_RANKED,common,Domestic Common Stock,268484102 270018104,INFERRED_COMMON,0,0,30,77,247,MULTIPLE_CUSIPS,REQUIRES_FACTUAL_CONTRADICTION_REVIEW
573486634399361097,ITRMF,P1_DURABLE_RANKED,common,ADR Common Stock,G6333L101 G6333L200,INFERRED_COMMON,0,0,30,24,78,MULTIPLE_CUSIPS,REQUIRES_FACTUAL_CONTRADICTION_REVIEW
522562646919463671,QTT,P1_DURABLE_RANKED,common,ADR Common Stock,74915J107 74915J206,INFERRED_COMMON,0,0,30,23,73,MULTIPLE_CUSIPS,REQUIRES_FACTUAL_CONTRADICTION_REVIEW
219953444935140,VIVO1,P1_DURABLE_RANKED,common,Domestic Common Stock,589584101 589602101,INFERRED_COMMON,0,0,30,20,90,MULTIPLE_CUSIPS,REQUIRES_FACTUAL_CONTRADICTION_REVIEW
698514937491238880,DM,P1_DURABLE_RANKED,common,Domestic Common Stock Primary Class,25058X105 25058X303 89628U108 89628U207,INFERRED_COMMON,0,0,29,82,402,MULTIPLE_CUSIPS,REQUIRES_FACTUAL_CONTRADICTION_REVIEW
98904311513022875,EBGMY,P1_DURABLE_RANKED,common,ADR Common Stock,38012G100 278634100,INFERRED_COMMON,0,0,29,18,53,MULTIPLE_CUSIPS,REQUIRES_FACTUAL_CONTRADICTION_REVIEW
1068602958000339053,GLFMQ,P1_DURABLE_RANKED,common,Domestic Common Stock,402629208 402629109,INFERRED_COMMON,0,0,29,2,42,MULTIPLE_CUSIPS,REQUIRES_FACTUAL_CONTRADICTION_REVIEW
162310595552625902,OBE,P1_DURABLE_RANKED,common,Canadian Common Stock,707887105 674482203 674482104 707885109,INFERRED_COMMON,0,0,29,124,1795,MULTIPLE_CUSIPS,REQUIRES_FACTUAL_CONTRADICTION_REVIEW
153962662178470060,SUN,P1_DURABLE_RANKED,common,Domestic Common Stock,86765K109 869239103,INFERRED_COMMON,0,0,29,86,806,MULTIPLE_CUSIPS,REQUIRES_FACTUAL_CONTRADICTION_REVIEW
947831258121099345,AGR1,P1_DURABLE_RANKED,common,Domestic Common Stock Primary Class,00845V308 00845V100,INFERRED_COMMON,0,0,28,35,146,MULTIPLE_CUSIPS,REQUIRES_FACTUAL_CONTRADICTION_REVIEW
241154412158535428,AHPIQ,P1_DURABLE_RANKED,common,Domestic Common Stock,019222207 019222108,INFERRED_COMMON,0,0,28,65,70,MULTIPLE_CUSIPS,REQUIRES_FACTUAL_CONTRADICTION_REVIEW
884241433752390727,MITI1,P1_DURABLE_RANKED,common,Domestic Common Stock,59509C105 13738Y107,INFERRED_COMMON,0,0,28,21,28,MULTIPLE_CUSIPS,REQUIRES_FACTUAL_CONTRADICTION_REVIEW
268270329065354602,MOVE1,P1_DURABLE_RANKED,common,Domestic Common Stock,62458M207 437852106,INFERRED_COMMON,0,0,28,21,31,MULTIPLE_CUSIPS,REQUIRES_FACTUAL_CONTRADICTION_REVIEW
554954176952665665,NOVNQ,P1_DURABLE_RANKED,common,Domestic Common Stock,66988N106 66988N205,INFERRED_COMMON,0,0,28,39,64,MULTIPLE_CUSIPS,REQUIRES_FACTUAL_CONTRADICTION_REVIEW
962456727331389556,TROO,P1_DURABLE_RANKED,common,ADR Common Stock,G80751129 G9094C104 G80751103 406548115 406548107 406548206,INFERRED_COMMON,0,0,28,22,44,MULTIPLE_CUSIPS,REQUIRES_FACTUAL_CONTRADICTION_REVIEW
1100081557843370397,D,P1_DURABLE_RANKED,common,Domestic Common Stock Primary Class,25746U109 257470104,INFERRED_COMMON,0,0,27,88,5050,MULTIPLE_CUSIPS,REQUIRES_FACTUAL_CONTRADICTION_REVIEW
20237171367150132,ECHO2,P1_DURABLE_RANKED,common,Domestic Common Stock,27875T101 285562500,INFERRED_COMMON,0,0,27,30,69,MULTIPLE_CUSIPS,REQUIRES_FACTUAL_CONTRADICTION_REVIEW
36353796762386872,TCSGQ,P1_DURABLE_RANKED,common,Domestic Common Stock,210751103 210751202,INFERRED_COMMON,0,0,27,3,30,MULTIPLE_CUSIPS,REQUIRES_FACTUAL_CONTRADICTION_REVIEW
1073048220598422763,ZKIN,P1_DURABLE_RANKED,common,ADR Common Stock,G9892K100 G9892K209,INFERRED_COMMON,0,0,27,21,30,MULTIPLE_CUSIPS,REQUIRES_FACTUAL_CONTRADICTION_REVIEW
716443807172864880,EMWPF,P1_DURABLE_RANKED,common,ADR Common Stock,G3788M114 G3788R105,INFERRED_COMMON,0,0,26,2,61,MULTIPLE_CUSIPS,REQUIRES_FACTUAL_CONTRADICTION_REVIEW
725891032563178553,ENLK,P1_DURABLE_RANKED,common,Domestic Common Stock,29336U107 22765U102,INFERRED_COMMON,0,0,26,18,155,MULTIPLE_CUSIPS,REQUIRES_FACTUAL_CONTRADICTION_REVIEW
1042882926694701041,KB,P1_DURABLE_RANKED,common,ADR Common Stock,48241A105 50049M109,INFERRED_COMMON,0,0,26,66,806,MULTIPLE_CUSIPS,REQUIRES_FACTUAL_CONTRADICTION_REVIEW
1005418764309241651,MBAI,P1_DURABLE_RANKED,common,ADR Common Stock Primary Class,M2361E203 M2361E179 M2361E112 M2361E146,INFERRED_COMMON,0,0,26,31,47,MULTIPLE_CUSIPS,REQUIRES_FACTUAL_CONTRADICTION_REVIEW
746158814089704953,TIOG,P1_DURABLE_RANKED,common,Domestic Common Stock Primary Class,55328R109 595117102,INFERRED_COMMON,0,0,26,10,54,MULTIPLE_CUSIPS,REQUIRES_FACTUAL_CONTRADICTION_REVIEW
452579604509674802,ABVEF,P1_DURABLE_RANKED,common,ADR Common Stock Primary Class,09175K105 00373V100,INFERRED_COMMON,0,0,25,28,30,MULTIPLE_CUSIPS,REQUIRES_FACTUAL_CONTRADICTION_REVIEW
34225094003874007,AFMDQ,P1_DURABLE_RANKED,common,ADR Common Stock,N01045108 N01045207,INFERRED_COMMON,0,0,25,34,43,MULTIPLE_CUSIPS,REQUIRES_FACTUAL_CONTRADICTION_REVIEW
997629165763677336,AHMIQ,P1_DURABLE_RANKED,common,Domestic Common Stock,02660R107 02660M108,INFERRED_COMMON,0,0,25,3,179,MULTIPLE_CUSIPS,REQUIRES_FACTUAL_CONTRADICTION_REVIEW
779267533562127263,IRNTQ,P1_DURABLE_RANKED,common,Domestic Common Stock Primary Class,46323Q105 50201G106,INFERRED_COMMON,0,0,25,34,90,MULTIPLE_CUSIPS,REQUIRES_FACTUAL_CONTRADICTION_REVIEW
190675113231122773,MIC2,P1_DURABLE_RANKED,common,Domestic Common Stock,55608B105 55607X108,INFERRED_COMMON,0,0,25,37,1789,MULTIPLE_CUSIPS,REQUIRES_FACTUAL_CONTRADICTION_REVIEW
172506604651624661,ABI1,P1_DURABLE_RANKED,common,Domestic Common Stock,038149100 038020103 714041100 69332S201 69332S102,INFERRED_COMMON,0,0,23,19,602,MULTIPLE_CUSIPS,REQUIRES_FACTUAL_CONTRADICTION_REVIEW
210939526059118148,ATLS1,P1_DURABLE_RANKED,common,Domestic Common Stock,04930A104 049167109 04939R108,INFERRED_COMMON,0,0,23,27,241,MULTIPLE_CUSIPS,REQUIRES_FACTUAL_CONTRADICTION_REVIEW
1144271736914874719,FUN,P1_DURABLE_RANKED,common,Domestic Common Stock,150185106 83001C108,INFERRED_COMMON,0,0,23,91,911,MULTIPLE_CUSIPS,REQUIRES_FACTUAL_CONTRADICTION_REVIEW
461686511677193081,QSI,P1_DURABLE_RANKED,common,Domestic Common Stock Primary Class,74765K105 42984L105,INFERRED_COMMON,0,0,23,68,101,MULTIPLE_CUSIPS,REQUIRES_FACTUAL_CONTRADICTION_REVIEW
264006574620812721,SIFY,P1_DURABLE_RANKED,common,ADR Common Stock Primary Class,82655M107 82655M206 804099208 804099109,INFERRED_COMMON,0,0,23,11,23,MULTIPLE_CUSIPS,REQUIRES_FACTUAL_CONTRADICTION_REVIEW
760379920259343544,AUOTY,P1_DURABLE_RANKED,common,ADR Common Stock,002255107 002255404,INFERRED_COMMON,0,0,22,99,1174,MULTIPLE_CUSIPS,REQUIRES_FACTUAL_CONTRADICTION_REVIEW
819877013220958897,ELON1,P1_DURABLE_RANKED,common,Domestic Common Stock,27874N105 27874N303,INFERRED_COMMON,0,0,22,17,22,MULTIPLE_CUSIPS,REQUIRES_FACTUAL_CONTRADICTION_REVIEW
1067506624231909172,HGENQ,P1_DURABLE_RANKED,common,Domestic Common Stock,444863203 48344T100 48344T209 444863104,INFERRED_COMMON,0,0,22,47,138,MULTIPLE_CUSIPS,REQUIRES_FACTUAL_CONTRADICTION_REVIEW
39846923719649688,SGI1,P1_DURABLE_RANKED,common,Domestic Common Stock,82706L108 750077109,INFERRED_COMMON,0,0,22,58,264,MULTIPLE_CUSIPS,REQUIRES_FACTUAL_CONTRADICTION_REVIEW
616497452040356659,LTMAY,P1_DURABLE_RANKED,common,ADR Common Stock,51817R106 501723100,INFERRED_COMMON,0,0,21,20,59,MULTIPLE_CUSIPS,REQUIRES_FACTUAL_CONTRADICTION_REVIEW
1050071176586409042,NMM,P1_DURABLE_RANKED,common,ADR Common Stock,Y62267102 Y62267409,INFERRED_COMMON,0,0,21,6,21,MULTIPLE_CUSIPS,REQUIRES_FACTUAL_CONTRADICTION_REVIEW
661122241998976287,OBQI,P1_DURABLE_RANKED,common,Domestic Common Stock,678046103 138748108 917022105,INFERRED_COMMON,0,0,21,42,60,MULTIPLE_CUSIPS,REQUIRES_FACTUAL_CONTRADICTION_REVIEW
297972758990644181,ICON1,P1_DURABLE_RANKED,common,Domestic Common Stock,451055107 451055305 137409108,INFERRED_COMMON,0,0,20,72,736,MULTIPLE_CUSIPS,REQUIRES_FACTUAL_CONTRADICTION_REVIEW
910334444152931164,WEST2,P1_DURABLE_RANKED,common,Domestic Common Stock,009720103 96040V101 033355108,INFERRED_COMMON,0,0,20,16,24,MULTIPLE_CUSIPS,REQUIRES_FACTUAL_CONTRADICTION_REVIEW
434115552006977400,BBAR,P1_DURABLE_RANKED,common,ADR Common Stock,07329M100 058934100,INFERRED_COMMON,0,0,19,32,38,MULTIPLE_CUSIPS,REQUIRES_FACTUAL_CONTRADICTION_REVIEW
764076178552891930,NS,P1_DURABLE_RANKED,common,Domestic Common Stock Primary Class,67058H102 91913W104 819357104,INFERRED_COMMON,0,0,19,85,813,MULTIPLE_CUSIPS,REQUIRES_FACTUAL_CONTRADICTION_REVIEW
293425155284498872,RGSEQ,P1_DURABLE_RANKED,common,Domestic Common Stock,75601N104 75601N500 75601N203 75601N302,INFERRED_COMMON,0,0,19,27,34,MULTIPLE_CUSIPS,REQUIRES_FACTUAL_CONTRADICTION_REVIEW
347578475150470281,SPG,P1_DURABLE_RANKED,common,Domestic Common Stock Primary Class,828806109 828781104 828805101,INFERRED_COMMON,0,0,19,115,5050,MULTIPLE_CUSIPS,REQUIRES_FACTUAL_CONTRADICTION_REVIEW
669039615450984041,SVM1,P1_DURABLE_RANKED,common,Domestic Common Stock,81760N109 817615107,INFERRED_COMMON,0,0,19,13,88,MULTIPLE_CUSIPS,REQUIRES_FACTUAL_CONTRADICTION_REVIEW
55356489462400378,LEVGQ,P1_DURABLE_RANKED,common,ADR Common Stock Primary Class,536221104 66516T104,INFERRED_COMMON,0,0,18,6,87,MULTIPLE_CUSIPS,REQUIRES_FACTUAL_CONTRADICTION_REVIEW
548570527460070038,ABWTQ,P1_DURABLE_RANKED,common,Domestic Common Stock,102183100 003687100 102183407,INFERRED_COMMON,0,0,17,79,153,MULTIPLE_CUSIPS,REQUIRES_FACTUAL_CONTRADICTION_REVIEW
385446091142772687,ENFY,P1_DURABLE_RANKED,common,Domestic Common Stock,16943W105 16943W204,INFERRED_COMMON,0,0,17,12,19,MULTIPLE_CUSIPS,REQUIRES_FACTUAL_CONTRADICTION_REVIEW
4192202939672513,GIG1,P1_DURABLE_RANKED,common,Domestic Common Stock,37518Q109 37517Y103,INFERRED_COMMON,0,0,17,25,33,MULTIPLE_CUSIPS,REQUIRES_FACTUAL_CONTRADICTION_REVIEW
673465785464250804,OCFT,P1_DURABLE_RANKED,common,ADR Common Stock,68248T105 68248T204,INFERRED_COMMON,0,0,17,0,50,MULTIPLE_CUSIPS,REQUIRES_FACTUAL_CONTRADICTION_REVIEW
1015632908539209151,ORIG,P1_DURABLE_RANKED,common,ADR Common Stock,Y64354205 G66964118 G66964100,INFERRED_COMMON,0,0,17,31,68,MULTIPLE_CUSIPS,REQUIRES_FACTUAL_CONTRADICTION_REVIEW
490068856428274586,PARAA,P1_DURABLE_RANKED,common,Domestic Common Stock Secondary Class,92556H107 124857103,INFERRED_COMMON,0,0,17,1,24,MULTIPLE_CUSIPS,REQUIRES_FACTUAL_CONTRADICTION_REVIEW
1075904931462548556,VISN1,P1_DURABLE_RANKED,common,ADR Common Stock,92833U202 92833U103,INFERRED_COMMON,0,0,17,9,17,MULTIPLE_CUSIPS,REQUIRES_FACTUAL_CONTRADICTION_REVIEW
818902908814402884,GNS,P1_DURABLE_RANKED,common,ADR Common Stock Primary Class,Y3005A109 Y3005A117,INFERRED_COMMON,0,0,16,35,54,MULTIPLE_CUSIPS,REQUIRES_FACTUAL_CONTRADICTION_REVIEW
606019229277999905,MODL1,P1_DURABLE_RANKED,common,Domestic Common Stock,60689B107 58506K102,INFERRED_COMMON,0,0,16,5,20,MULTIPLE_CUSIPS,REQUIRES_FACTUAL_CONTRADICTION_REVIEW
241908488000062163,BEPC,P1_DURABLE_RANKED,common,ADR Common Stock,11284V105 11285B108,INFERRED_COMMON,0,0,15,81,1180,MULTIPLE_CUSIPS,REQUIRES_FACTUAL_CONTRADICTION_REVIEW
175205642536175483,CGGYY,P1_DURABLE_RANKED,common,ADR Common Stock,12531Q105 12531Q204 204386106,INFERRED_COMMON,0,0,15,0,64,MULTIPLE_CUSIPS,REQUIRES_FACTUAL_CONTRADICTION_REVIEW
863487155718577721,FSRNQ,P1_DURABLE_RANKED,common,Domestic Common Stock Primary Class,33813J106 846784106 846784114,INFERRED_COMMON,0,0,15,139,884,MULTIPLE_CUSIPS,REQUIRES_FACTUAL_CONTRADICTION_REVIEW
226304402817445814,GTE,P1_DURABLE_RANKED,common,Domestic Common Stock,38500T101 38500T200,INFERRED_COMMON,0,0,15,13,20,MULTIPLE_CUSIPS,REQUIRES_FACTUAL_CONTRADICTION_REVIEW
488901893881778762,OPITQ,P1_DURABLE_RANKED,common,Domestic Common Stock Primary Class,67623C109 38376A103,INFERRED_COMMON,0,0,15,3,204,MULTIPLE_CUSIPS,REQUIRES_FACTUAL_CONTRADICTION_REVIEW
1117414376686089641,ZVOI,P1_DURABLE_RANKED,common,Domestic Common Stock,10807M105 98979V102,INFERRED_COMMON,0,0,15,0,18,MULTIPLE_CUSIPS,REQUIRES_FACTUAL_CONTRADICTION_REVIEW
337104369204997227,CPSL1,P1_DURABLE_RANKED,common,Domestic Common Stock,16941J205 16941J106 684029200 684029101,INFERRED_COMMON,0,0,14,38,55,MULTIPLE_CUSIPS,REQUIRES_FACTUAL_CONTRADICTION_REVIEW
1014729179793648627,FRG2,P1_DURABLE_RANKED,common,Canadian Common Stock,35903Q106 359032109,INFERRED_COMMON,0,0,14,21,27,MULTIPLE_CUSIPS,REQUIRES_FACTUAL_CONTRADICTION_REVIEW
1080971315611263813,PSNY,P1_DURABLE_RANKED,common,ADR Common Stock Primary Class,731105201 38286Q107 731105409,INFERRED_COMMON,0,0,14,36,235,MULTIPLE_CUSIPS,REQUIRES_FACTUAL_CONTRADICTION_REVIEW
227365020521330341,RPRX1,P1_DURABLE_RANKED,common,Domestic Common Stock Primary Class,76028H209 98975L108 76028H100,INFERRED_COMMON,0,0,14,12,35,MULTIPLE_CUSIPS,REQUIRES_FACTUAL_CONTRADICTION_REVIEW
11691645360688405,SAFE2,P1_DURABLE_RANKED,common,Domestic Common Stock,78645L100 78649D104,INFERRED_COMMON,0,0,14,18,54,MULTIPLE_CUSIPS,REQUIRES_FACTUAL_CONTRADICTION_REVIEW
437064850062150131,AVX1,P1_DURABLE_RANKED,common,Domestic Common Stock,002444107 002440105,INFERRED_COMMON,0,0,13,20,21,MULTIPLE_CUSIPS,REQUIRES_FACTUAL_CONTRADICTION_REVIEW
112246079093855408,BELFA,P1_DURABLE_RANKED,common,Domestic Common Stock Primary Class,077347201 077347102,INFERRED_COMMON,0,0,13,0,44,MULTIPLE_CUSIPS,REQUIRES_FACTUAL_CONTRADICTION_REVIEW
890276907122412598,BTCT,P1_DURABLE_RANKED,common,ADR Common Stock Primary Class,G6055H114 28138X103 G6055H155 28138X202 G6055H148,INFERRED_COMMON,0,0,13,32,38,MULTIPLE_CUSIPS,REQUIRES_FACTUAL_CONTRADICTION_REVIEW
619805285480648547,CDSCY,P1_DURABLE_RANKED,common,ADR Common Stock,127209302 12721E102,INFERRED_COMMON,0,0,13,54,536,MULTIPLE_CUSIPS,REQUIRES_FACTUAL_CONTRADICTION_REVIEW
778984265287479911,CYTOF,P1_DURABLE_RANKED,common,ADR Common Stock,H03579101 G07025201 G0360L100 H0381L104 G0360L209 G07025102 G0360L134 G0360L126,INFERRED_COMMON,0,0,13,14,26,MULTIPLE_CUSIPS,REQUIRES_FACTUAL_CONTRADICTION_REVIEW
997238311327022227,QMMM,P1_DURABLE_RANKED,common,ADR Common Stock,G7309R114 G7309R106,INFERRED_COMMON,0,0,13,14,14,MULTIPLE_CUSIPS,REQUIRES_FACTUAL_CONTRADICTION_REVIEW
1145718711669119820,RATE1,P1_DURABLE_RANKED,common,Domestic Common Stock,06646V108 45172Q109 45816V100,INFERRED_COMMON,0,0,13,47,188,MULTIPLE_CUSIPS,REQUIRES_FACTUAL_CONTRADICTION_REVIEW
1083144803974890129,SDEV,P1_DURABLE_RANKED,common,Domestic Common Stock,66987P201 66987P102 66987P409 66987P300 66987P508,INFERRED_COMMON,0,0,13,20,24,MULTIPLE_CUSIPS,REQUIRES_FACTUAL_CONTRADICTION_REVIEW
877979492663188035,XNDU,P1_DURABLE_RANKED,common,Domestic Common Stock Primary Class,G24979109 98390R102,INFERRED_COMMON,0,0,13,19,67,MULTIPLE_CUSIPS,REQUIRES_FACTUAL_CONTRADICTION_REVIEW
565875166075379849,ATTU,P1_DURABLE_RANKED,common,ADR Common Stock,M15332121 M15332105 M5733B104,INFERRED_COMMON,0,0,12,10,25,MULTIPLE_CUSIPS,REQUIRES_FACTUAL_CONTRADICTION_REVIEW
249507410123302203,EBODF,P1_DURABLE_RANKED,common,ADR Common Stock,G84384109 G89935103 G7495T106,INFERRED_COMMON,0,0,12,16,16,MULTIPLE_CUSIPS,REQUIRES_FACTUAL_CONTRADICTION_REVIEW
657510510567157460,HGLI,P1_DURABLE_RANKED,common,Domestic Common Stock,829357102 438586109 438586208 00371F206 00371F305,INFERRED_COMMON,0,0,12,12,12,MULTIPLE_CUSIPS,REQUIRES_FACTUAL_CONTRADICTION_REVIEW
1147890361491130219,PESXQ,P1_DURABLE_RANKED,common,Domestic Common Stock,723664108 723655106 840553101,INFERRED_COMMON,0,0,12,3,12,MULTIPLE_CUSIPS,REQUIRES_FACTUAL_CONTRADICTION_REVIEW
5807491936277145,PSD,P1_DURABLE_RANKED,common,Domestic Common Stock,745310102 745332106,INFERRED_COMMON,0,0,12,34,142,MULTIPLE_CUSIPS,REQUIRES_FACTUAL_CONTRADICTION_REVIEW
524549508080165904,RCPIQ,P1_DURABLE_RANKED,common,Domestic Common Stock,85517P101 772081105 772081204,INFERRED_COMMON,0,0,12,17,26,MULTIPLE_CUSIPS,REQUIRES_FACTUAL_CONTRADICTION_REVIEW
897131622084018597,SNN,P1_DURABLE_RANKED,common,ADR Common Stock,83175M205 83175M106,INFERRED_COMMON,0,0,12,77,1653,MULTIPLE_CUSIPS,REQUIRES_FACTUAL_CONTRADICTION_REVIEW
1036427516070314394,CEQP,P1_DURABLE_RANKED,common,Domestic Common Stock Primary Class,226344208 226344109 456615103,INFERRED_COMMON,0,0,11,85,660,MULTIPLE_CUSIPS,REQUIRES_FACTUAL_CONTRADICTION_REVIEW
681764378359853114,ENGC,P1_DURABLE_RANKED,common,Domestic Common Stock,293306106 293306205 456053107,INFERRED_COMMON,0,0,11,20,21,MULTIPLE_CUSIPS,REQUIRES_FACTUAL_CONTRADICTION_REVIEW
704264673016955521,GLG2,P1_DURABLE_RANKED,common,Domestic Common Stock,37929X107 35645F103 35645F202 37929X206,INFERRED_COMMON,0,0,11,20,60,MULTIPLE_CUSIPS,REQUIRES_FACTUAL_CONTRADICTION_REVIEW
360577262931860442,GPLDF,P1_DURABLE_RANKED,common,Canadian Common Stock,39115V101 39115V309 39115T106,INFERRED_COMMON,0,0,11,8,11,MULTIPLE_CUSIPS,REQUIRES_FACTUAL_CONTRADICTION_REVIEW
623190443678201852,VIAB,P1_DURABLE_RANKED,common,Domestic Common Stock Primary Class,92553P201 925524308,INFERRED_COMMON,0,0,11,148,3378,MULTIPLE_CUSIPS,REQUIRES_FACTUAL_CONTRADICTION_REVIEW
729518976069560821,WKEY,P1_DURABLE_RANKED,common,ADR Common Stock,97727L200 97727L408 97727L309,INFERRED_COMMON,0,0,11,50,67,MULTIPLE_CUSIPS,REQUIRES_FACTUAL_CONTRADICTION_REVIEW
843426090895312559,ATHXQ,P1_DURABLE_RANKED,common,Domestic Common Stock,04744L106 04744L205,INFERRED_COMMON,0,0,10,12,20,MULTIPLE_CUSIPS,REQUIRES_FACTUAL_CONTRADICTION_REVIEW
752616570720626425,CNET1,P1_DURABLE_RANKED,common,Domestic Common Stock,12613R104 125945105,INFERRED_COMMON,0,0,10,34,192,MULTIPLE_CUSIPS,REQUIRES_FACTUAL_CONTRADICTION_REVIEW
764180993476052960,CSUNY,P1_DURABLE_RANKED,common,ADR Common Stock,16942X302 16942X104,INFERRED_COMMON,0,0,10,44,78,MULTIPLE_CUSIPS,REQUIRES_FACTUAL_CONTRADICTION_REVIEW
284182997170685166,DFNS,P1_DURABLE_RANKED,common,Domestic Common Stock Primary Class,G1643W111 67054R203 67054R104 67053Q107,INFERRED_COMMON,0,0,10,48,68,MULTIPLE_CUSIPS,REQUIRES_FACTUAL_CONTRADICTION_REVIEW
55788727182912640,PRET,P1_DURABLE_RANKED,common,Domestic Common Stock Primary Class,709102107 709102800,INFERRED_COMMON,0,0,10,10,173,MULTIPLE_CUSIPS,REQUIRES_FACTUAL_CONTRADICTION_REVIEW
233705247448419189,ASTX2,P1_DURABLE_RANKED,common,Domestic Common Stock,04624B103 868059106,INFERRED_COMMON,0,0,9,20,25,MULTIPLE_CUSIPS,REQUIRES_FACTUAL_CONTRADICTION_REVIEW
616300714786925804,AWHHF,P1_DURABLE_RANKED,common,Domestic Common Stock,H01531104 G0219G203,INFERRED_COMMON,0,0,9,55,683,MULTIPLE_CUSIPS,REQUIRES_FACTUAL_CONTRADICTION_REVIEW
1065019148125218525,DOGZ,P1_DURABLE_RANKED,common,ADR Common Stock,G2788T103 G2788T111,INFERRED_COMMON,0,0,9,0,9,MULTIPLE_CUSIPS,REQUIRES_FACTUAL_CONTRADICTION_REVIEW
758943436528193872,GLIBA1,P1_DURABLE_RANKED,common,Domestic Common Stock Primary Class,36164V305 36164V404 36164V107 36164V206,INFERRED_COMMON,0,0,9,20,487,MULTIPLE_CUSIPS,REQUIRES_FACTUAL_CONTRADICTION_REVIEW
1132110208875336824,NGG,P1_DURABLE_RANKED,common,ADR Common Stock,636274409 636274300 636274102,INFERRED_COMMON,0,0,9,121,3668,MULTIPLE_CUSIPS,REQUIRES_FACTUAL_CONTRADICTION_REVIEW
789337046778155238,BIN,P1_DURABLE_RANKED,common,Canadian Common Stock,74339G101 44951D108,INFERRED_COMMON,0,0,8,21,66,MULTIPLE_CUSIPS,REQUIRES_FACTUAL_CONTRADICTION_REVIEW
657581892454514237,FBNIQ,P1_DURABLE_RANKED,common,Domestic Common Stock,360921209 360921100 458507100,INFERRED_COMMON,0,0,8,4,63,MULTIPLE_CUSIPS,REQUIRES_FACTUAL_CONTRADICTION_REVIEW
1035563312054045998,GSK,P1_DURABLE_RANKED,common,ADR Common Stock,37733W105 37733W204,INFERRED_COMMON,0,0,8,115,5050,MULTIPLE_CUSIPS,REQUIRES_FACTUAL_CONTRADICTION_REVIEW
696840622211111662,AIFC,P1_DURABLE_RANKED,common,Domestic Common Stock,47089W104 03814F205 03814F403 03814F106,INFERRED_COMMON,0,0,7,5,52,MULTIPLE_CUSIPS,REQUIRES_FACTUAL_CONTRADICTION_REVIEW
918585837638518709,BZ2,P1_DURABLE_RANKED,common,Domestic Common Stock,09746Y105 01408A202 01408A103,INFERRED_COMMON,0,0,7,32,136,MULTIPLE_CUSIPS,REQUIRES_FACTUAL_CONTRADICTION_REVIEW
579480250446220316,DCT1,P1_DURABLE_RANKED,common,Domestic Common Stock,233153204 233153105,INFERRED_COMMON,0,0,7,54,1610,MULTIPLE_CUSIPS,REQUIRES_FACTUAL_CONTRADICTION_REVIEW
804112171693242775,RELX,P1_DURABLE_RANKED,common,ADR Common Stock Primary Class,759530108 758205207 758205108 758212872,INFERRED_COMMON,0,0,7,42,1255,MULTIPLE_CUSIPS,REQUIRES_FACTUAL_CONTRADICTION_REVIEW
953174271952728833,SNY,P1_DURABLE_RANKED,common,ADR Common Stock Primary Class,80105N105 80105N204,INFERRED_COMMON,0,0,7,112,5050,MULTIPLE_CUSIPS,REQUIRES_FACTUAL_CONTRADICTION_REVIEW
474205453544151570,YI,P1_DURABLE_RANKED,common,ADR Common Stock,68247Q102 68247Q201,INFERRED_COMMON,0,0,7,18,25,MULTIPLE_CUSIPS,REQUIRES_FACTUAL_CONTRADICTION_REVIEW
928269154341959595,AY,P1_DURABLE_RANKED,common,ADR Common Stock,G0751N103 G00349103,INFERRED_COMMON,0,0,6,72,462,MULTIPLE_CUSIPS,REQUIRES_FACTUAL_CONTRADICTION_REVIEW
918779475935318553,BIOCQ,P1_DURABLE_RANKED,common,Domestic Common Stock,09072V501 09072V105 09072V402 09072V204 09072V600,INFERRED_COMMON,0,0,6,20,20,MULTIPLE_CUSIPS,REQUIRES_FACTUAL_CONTRADICTION_REVIEW
127841760883980821,CMMB,P1_DURABLE_RANKED,common,ADR Common Stock,16385C104 03280X102 16385C203,INFERRED_COMMON,0,0,6,7,8,MULTIPLE_CUSIPS,REQUIRES_FACTUAL_CONTRADICTION_REVIEW
175011040903136105,CSCIF,P1_DURABLE_RANKED,common,Canadian Common Stock,007975402 007975303 007975501 22112H101 007975600 007975204 007975105,INFERRED_COMMON,0,0,6,28,38,MULTIPLE_CUSIPS,REQUIRES_FACTUAL_CONTRADICTION_REVIEW
590583760882916204,CVNS1,P1_DURABLE_RANKED,common,Domestic Common Stock,22281W103 20452F107,INFERRED_COMMON,0,0,6,14,20,MULTIPLE_CUSIPS,REQUIRES_FACTUAL_CONTRADICTION_REVIEW
747992771333504975,CWTRQ,P1_DURABLE_RANKED,common,Domestic Common Stock,193068202 193068103,INFERRED_COMMON,0,0,6,61,362,MULTIPLE_CUSIPS,REQUIRES_FACTUAL_CONTRADICTION_REVIEW
726163640089553293,FABU,P1_DURABLE_RANKED,common,Domestic Common Stock,302771100 97750V109 97750V307,INFERRED_COMMON,0,0,6,7,13,MULTIPLE_CUSIPS,REQUIRES_FACTUAL_CONTRADICTION_REVIEW
873022257646047532,ISUNQ,P1_DURABLE_RANKED,common,Domestic Common Stock Primary Class,465246106 705163103 47632B102 47632B201,INFERRED_COMMON,0,0,6,31,35,MULTIPLE_CUSIPS,REQUIRES_FACTUAL_CONTRADICTION_REVIEW
426798777460435924,KZL,P1_DURABLE_RANKED,common,ADR Common Stock,P8797T133 P6065Y107 P8797T109 P8797T125,INFERRED_COMMON,0,0,6,0,33,MULTIPLE_CUSIPS,REQUIRES_FACTUAL_CONTRADICTION_REVIEW
582648323211762298,MRGE1,P1_DURABLE_RANKED,common,Domestic Common Stock,589499102 589981109,INFERRED_COMMON,0,0,6,8,8,MULTIPLE_CUSIPS,REQUIRES_FACTUAL_CONTRADICTION_REVIEW
425303532627889774,TRIN1,P1_DURABLE_RANKED,common,ADR Common Stock,76132M102 885141101 761324201,INFERRED_COMMON,0,0,6,5,11,MULTIPLE_CUSIPS,REQUIRES_FACTUAL_CONTRADICTION_REVIEW
550959200502870769,YVRLF,P1_DURABLE_RANKED,common,ADR Common Stock,53634Q204 52170U207 53634Q105 52170U108 10970E104 53634Q402,INFERRED_COMMON,0,0,6,22,33,MULTIPLE_CUSIPS,REQUIRES_FACTUAL_CONTRADICTION_REVIEW
854640941096794054,ENLV,P1_DURABLE_RANKED,common,ADR Common Stock,M4130Y106 M20156101 M20156119 M20156127,INFERRED_COMMON,0,0,5,11,14,MULTIPLE_CUSIPS,REQUIRES_FACTUAL_CONTRADICTION_REVIEW
400771702699245606,GOEVQ,P1_DURABLE_RANKED,common,Domestic Common Stock Primary Class,13803R102 13803R201 42589C104 13803R300 42589C203,INFERRED_COMMON,0,0,5,90,335,MULTIPLE_CUSIPS,REQUIRES_FACTUAL_CONTRADICTION_REVIEW
709117510027464757,HCA1,P1_DURABLE_RANKED,common,Domestic Common Stock,404119109 197677107,INFERRED_COMMON,0,0,5,17,96,MULTIPLE_CUSIPS,REQUIRES_FACTUAL_CONTRADICTION_REVIEW
567937871571707165,INFO1,P1_DURABLE_RANKED,common,Domestic Common Stock,G47567105 G58249106,INFERRED_COMMON,0,0,5,31,1495,MULTIPLE_CUSIPS,REQUIRES_FACTUAL_CONTRADICTION_REVIEW
825629841091930724,PTEIQ,P1_DURABLE_RANKED,common,Domestic Common Stock,731094108 731094207 560690208 560690307 560690406 560690109,INFERRED_COMMON,0,0,5,5,34,MULTIPLE_CUSIPS,REQUIRES_FACTUAL_CONTRADICTION_REVIEW
979008730059053664,SEGG,P1_DURABLE_RANKED,common,Domestic Common Stock Primary Class,54570M108 89615T106 54570M207 54570M306,INFERRED_COMMON,0,0,5,21,21,MULTIPLE_CUSIPS,REQUIRES_FACTUAL_CONTRADICTION_REVIEW
429424164408492505,SPNS,P1_DURABLE_RANKED,common,ADR Common Stock,G7T16G103 N7716A151 N7716A102,INFERRED_COMMON,0,0,5,21,65,MULTIPLE_CUSIPS,REQUIRES_FACTUAL_CONTRADICTION_REVIEW
1054346876338705895,TACO2,P1_DURABLE_RANKED,common,Domestic Common Stock Primary Class,245496104 52748T104,INFERRED_COMMON,0,0,5,12,20,MULTIPLE_CUSIPS,REQUIRES_FACTUAL_CONTRADICTION_REVIEW
337837786733686004,BKI1,P1_DURABLE_RANKED,common,Domestic Common Stock,118255108 11815H104,INFERRED_COMMON,0,0,4,22,38,MULTIPLE_CUSIPS,REQUIRES_FACTUAL_CONTRADICTION_REVIEW
278777860356753160,DXTRQ,P1_DURABLE_RANKED,common,Domestic Common Stock,14141R101 252366109 14141R309,INFERRED_COMMON,0,0,4,15,16,MULTIPLE_CUSIPS,REQUIRES_FACTUAL_CONTRADICTION_REVIEW
636803527620694979,GENE,P1_DURABLE_RANKED,common,ADR Common Stock,37185R307 37185R208 37185R109 37185R406,INFERRED_COMMON,0,0,4,29,35,MULTIPLE_CUSIPS,REQUIRES_FACTUAL_CONTRADICTION_REVIEW
606652031906884063,NXTT,P1_DURABLE_RANKED,common,Domestic Common Stock,961884202 961884103 961884301,INFERRED_COMMON,0,0,4,9,15,MULTIPLE_CUSIPS,REQUIRES_FACTUAL_CONTRADICTION_REVIEW
694575590377385878,OSI2,P1_DURABLE_RANKED,common,Domestic Common Stock,689899102 67104A101,INFERRED_COMMON,0,0,4,27,226,MULTIPLE_CUSIPS,REQUIRES_FACTUAL_CONTRADICTION_REVIEW
968616391269493492,PVX,P1_DURABLE_RANKED,common,Canadian Common Stock,74386V100 74386K104,INFERRED_COMMON,0,0,4,6,45,MULTIPLE_CUSIPS,REQUIRES_FACTUAL_CONTRADICTION_REVIEW
223849730517685501,SQBGQ,P1_DURABLE_RANKED,common,Domestic Common Stock,81734P107 817340201 81734P206 817340102,INFERRED_COMMON,0,0,4,10,22,MULTIPLE_CUSIPS,REQUIRES_FACTUAL_CONTRADICTION_REVIEW
387061962353650732,TMBRQ,P1_DURABLE_RANKED,common,Domestic Common Stock,09072X101 887080109 09072X309 887080208,INFERRED_COMMON,0,0,4,4,14,MULTIPLE_CUSIPS,REQUIRES_FACTUAL_CONTRADICTION_REVIEW
1025123653881873396,ANGH,P1_DURABLE_RANKED,common,Domestic Common Stock Primary Class,92840T107 G0369L101 G0369L200,INFERRED_COMMON,0,0,3,10,13,MULTIPLE_CUSIPS,REQUIRES_FACTUAL_CONTRADICTION_REVIEW
354775206449723957,ASLN,P1_DURABLE_RANKED,common,ADR Common Stock,04522R101 04522R200 04522R309,INFERRED_COMMON,0,0,3,4,8,MULTIPLE_CUSIPS,REQUIRES_FACTUAL_CONTRADICTION_REVIEW
1012536259009666805,CA1,P1_DURABLE_RANKED,common,Domestic Common Stock,12673P105 204912109,INFERRED_COMMON,0,0,3,79,3107,MULTIPLE_CUSIPS,REQUIRES_FACTUAL_CONTRADICTION_REVIEW
339544981944706278,ELGXQ,P1_DURABLE_RANKED,common,Domestic Common Stock,29266S106 29266S304 750241101 14160K102,INFERRED_COMMON,0,0,3,4,32,MULTIPLE_CUSIPS,REQUIRES_FACTUAL_CONTRADICTION_REVIEW
595797892257193253,FRCB,P1_DURABLE_RANKED,common,Domestic Common Stock Primary Class,33616C100 336158100,INFERRED_COMMON,0,0,3,63,2769,MULTIPLE_CUSIPS,REQUIRES_FACTUAL_CONTRADICTION_REVIEW
304661060242084891,GPT4,P1_DURABLE_RANKED,common,Domestic Common Stock Primary Class,385002308 385002100 157842105,INFERRED_COMMON,0,0,3,28,630,MULTIPLE_CUSIPS,REQUIRES_FACTUAL_CONTRADICTION_REVIEW
414354049493551403,HESM,P1_DURABLE_RANKED,common,Domestic Common Stock,428103105 428104103,INFERRED_COMMON,0,0,3,10,834,MULTIPLE_CUSIPS,REQUIRES_FACTUAL_CONTRADICTION_REVIEW
871770975475258308,IHT,P1_DURABLE_RANKED,common,Domestic Common Stock,457919108 756125100,INFERRED_COMMON,0,0,3,24,24,MULTIPLE_CUSIPS,REQUIRES_FACTUAL_CONTRADICTION_REVIEW
408251035869802766,LOCMQ,P1_DURABLE_RANKED,common,Domestic Common Stock,53954W104 53954R105 45845K109,INFERRED_COMMON,0,0,3,15,18,MULTIPLE_CUSIPS,REQUIRES_FACTUAL_CONTRADICTION_REVIEW
1082808592473316903,NIKI,P1_DURABLE_RANKED,common,ADR Common Stock,G6096M106 G6096M122 G6096M114,INFERRED_COMMON,0,0,3,9,9,MULTIPLE_CUSIPS,REQUIRES_FACTUAL_CONTRADICTION_REVIEW
969277775854771395,ROSGQ,P1_DURABLE_RANKED,common,ADR Common Stock,M82183126 M82183209 M82183100 M82183118,INFERRED_COMMON,0,0,3,16,16,MULTIPLE_CUSIPS,REQUIRES_FACTUAL_CONTRADICTION_REVIEW
872471219798280015,SDA,P1_DURABLE_RANKED,common,ADR Common Stock Primary Class,G3970D104 G85727108,INFERRED_COMMON,0,0,3,21,21,MULTIPLE_CUSIPS,REQUIRES_FACTUAL_CONTRADICTION_REVIEW
313809790950811771,BEAM2,P1_DURABLE_RANKED,common,Domestic Common Stock,073730103 349631101 024703100 024703407,INFERRED_COMMON,0,0,2,72,1968,MULTIPLE_CUSIPS,REQUIRES_FACTUAL_CONTRADICTION_REVIEW
986831973571639238,BSIN,P1_DURABLE_RANKED,common,Domestic Common Stock,911805109 911805307 911805208,INFERRED_COMMON,0,0,2,21,22,MULTIPLE_CUSIPS,REQUIRES_FACTUAL_CONTRADICTION_REVIEW
222519066932371093,BSMX,P1_DURABLE_RANKED,common,ADR Common Stock,40053C105 05969B103,INFERRED_COMMON,0,0,2,46,385,MULTIPLE_CUSIPS,REQUIRES_FACTUAL_CONTRADICTION_REVIEW
274122717897772948,DDC2,P1_DURABLE_RANKED,common,Canadian Common Stock,257287102 41587B100 002893105 002916104,INFERRED_COMMON,0,0,2,14,21,MULTIPLE_CUSIPS,REQUIRES_FACTUAL_CONTRADICTION_REVIEW
57164568713095417,DMKPQ,P1_DURABLE_RANKED,common,Domestic Common Stock,00547W208 00547W307 15115L103 00547W109,INFERRED_COMMON,0,0,2,21,27,MULTIPLE_CUSIPS,REQUIRES_FACTUAL_CONTRADICTION_REVIEW
273915692055386629,EVKG,P1_DURABLE_RANKED,common,Domestic Common Stock,299766204 033495409 299766105,INFERRED_COMMON,0,0,2,9,9,MULTIPLE_CUSIPS,REQUIRES_FACTUAL_CONTRADICTION_REVIEW
218406372066695280,GMRRQ,P1_DURABLE_RANKED,common,Domestic Common Stock,Y2693R101 Y2692M103,INFERRED_COMMON,0,0,2,29,177,MULTIPLE_CUSIPS,REQUIRES_FACTUAL_CONTRADICTION_REVIEW
1004199661649856090,GRML,P1_DURABLE_RANKED,common,Domestic Common Stock Primary Class,758083109 49876K103 03465T108,INFERRED_COMMON,0,0,2,17,19,MULTIPLE_CUSIPS,REQUIRES_FACTUAL_CONTRADICTION_REVIEW
200319825958933502,NBGGY,P1_DURABLE_RANKED,common,ADR Common Stock Primary Class,633643705 633643408 633643606 633643804 633643887,INFERRED_COMMON,0,0,2,45,212,MULTIPLE_CUSIPS,REQUIRES_FACTUAL_CONTRADICTION_REVIEW
942564779172582485,NEUP,P1_DURABLE_RANKED,common,ADR Common Stock,64136E102 09063M205 Q1521J108,INFERRED_COMMON,0,0,2,11,13,MULTIPLE_CUSIPS,REQUIRES_FACTUAL_CONTRADICTION_REVIEW
1040390510887244462,NSLR,P1_DURABLE_RANKED,common,Domestic Common Stock Primary Class,86887Q109 36191J101 86944Q100,INFERRED_COMMON,0,0,2,1,25,MULTIPLE_CUSIPS,REQUIRES_FACTUAL_CONTRADICTION_REVIEW
324099600050715051,OSG1,P1_DURABLE_RANKED,common,Domestic Common Stock Primary Class,69036R863 69036R301,INFERRED_COMMON,0,0,2,9,9,MULTIPLE_CUSIPS,REQUIRES_FACTUAL_CONTRADICTION_REVIEW
324987086697435354,RSLS1,P1_DURABLE_RANKED,common,Domestic Common Stock,29365M208 29365M505 29365M307 761123405 761123108 29365M109 761123504 761123603,INFERRED_COMMON,0,0,2,22,29,MULTIPLE_CUSIPS,REQUIRES_FACTUAL_CONTRADICTION_REVIEW
592620618586223442,ALLGF,P1_DURABLE_RANKED,common,ADR Common Stock Primary Class,84677R106 N0796A100,INFERRED_COMMON,0,0,1,10,12,MULTIPLE_CUSIPS,REQUIRES_FACTUAL_CONTRADICTION_REVIEW
895494186251194405,ALP,P1_DURABLE_RANKED,common,ADR Common Stock,G7185A128 G7185A136 G7185A102 09852M101,INFERRED_COMMON,0,0,1,10,11,MULTIPLE_CUSIPS,REQUIRES_FACTUAL_CONTRADICTION_REVIEW
207779119312695497,ARB1,P1_DURABLE_RANKED,common,Domestic Common Stock,03875Q108 15677T106,INFERRED_COMMON,0,0,1,21,100,MULTIPLE_CUSIPS,REQUIRES_FACTUAL_CONTRADICTION_REVIEW
187001531571140956,CRE1,P1_DURABLE_RANKED,common,Domestic Common Stock,144418100 14441K103,INFERRED_COMMON,0,0,1,0,5,MULTIPLE_CUSIPS,REQUIRES_FACTUAL_CONTRADICTION_REVIEW
675494685548212930,EZCH,P1_DURABLE_RANKED,common,ADR Common Stock,M4146Y108 M6706C103,INFERRED_COMMON,0,0,1,0,47,MULTIPLE_CUSIPS,REQUIRES_FACTUAL_CONTRADICTION_REVIEW
966800855847192401,FLY2,P1_DURABLE_RANKED,common,ADR Common Stock,34407D109 05614P101,INFERRED_COMMON,0,0,1,5,6,MULTIPLE_CUSIPS,REQUIRES_FACTUAL_CONTRADICTION_REVIEW
35648591532554242,GSIW,P1_DURABLE_RANKED,common,ADR Common Stock,G3730L107 G3730L131 G3730L123,INFERRED_COMMON,0,0,1,0,9,MULTIPLE_CUSIPS,REQUIRES_FACTUAL_CONTRADICTION_REVIEW
480937238539887084,ID1,P1_DURABLE_RANKED,common,Domestic Common Stock,50212A106 92675K205 92675K106,INFERRED_COMMON,0,0,1,27,88,MULTIPLE_CUSIPS,REQUIRES_FACTUAL_CONTRADICTION_REVIEW
149209101404250271,LLL1,P1_DURABLE_RANKED,common,Domestic Common Stock,502413107 502424104,INFERRED_COMMON,0,0,1,87,3268,MULTIPLE_CUSIPS,REQUIRES_FACTUAL_CONTRADICTION_REVIEW
744983426264406452,MM1,P1_DURABLE_RANKED,common,Domestic Common Stock,591097209 370476103,INFERRED_COMMON,0,0,1,35,50,MULTIPLE_CUSIPS,REQUIRES_FACTUAL_CONTRADICTION_REVIEW
1084544820972407346,NCI1,P1_DURABLE_RANKED,common,Domestic Common Stock,63935N107 592903108,INFERRED_COMMON,0,0,1,18,54,MULTIPLE_CUSIPS,REQUIRES_FACTUAL_CONTRADICTION_REVIEW
1119089831900074750,NSH1,P1_DURABLE_RANKED,common,Domestic Common Stock,67059L102 91914G108,INFERRED_COMMON,0,0,1,0,2,MULTIPLE_CUSIPS,REQUIRES_FACTUAL_CONTRADICTION_REVIEW
1124761511834148777,PLG,P1_DURABLE_RANKED,common,Canadian Common Stock,72765Q882 72765Q205 72765Q601,INFERRED_COMMON,0,0,1,4,4,MULTIPLE_CUSIPS,REQUIRES_FACTUAL_CONTRADICTION_REVIEW
597464188108207633,PSIG,P1_DURABLE_RANKED,common,ADR Common Stock Primary Class,G0R45S109 G7308J105 G7308J113,INFERRED_COMMON,0,0,1,0,4,MULTIPLE_CUSIPS,REQUIRES_FACTUAL_CONTRADICTION_REVIEW
543574442698263052,PWCM,P1_DURABLE_RANKED,common,Domestic Common Stock Primary Class,502074404 502074503 502074305 502074107 502074206,INFERRED_COMMON,0,0,1,27,31,MULTIPLE_CUSIPS,REQUIRES_FACTUAL_CONTRADICTION_REVIEW
7654535568111663,QUCY,P1_DURABLE_RANKED,common,ADR Common Stock,N5436L101 N5436L119,INFERRED_COMMON,0,0,1,17,18,MULTIPLE_CUSIPS,REQUIRES_FACTUAL_CONTRADICTION_REVIEW
280245678029102713,RADA,P1_DURABLE_RANKED,common,ADR Common Stock,M81863124 M81863116 750115305 M81863108,INFERRED_COMMON,0,0,1,6,6,MULTIPLE_CUSIPS,REQUIRES_FACTUAL_CONTRADICTION_REVIEW
1130449855367497432,SAX1,P1_DURABLE_RANKED,common,Domestic Common Stock,80556P302 80556T106,INFERRED_COMMON,0,0,1,19,19,MULTIPLE_CUSIPS,REQUIRES_FACTUAL_CONTRADICTION_REVIEW
695538091198475722,SFR1,P1_DURABLE_RANKED,common,Domestic Common Stock,19625X102 85571W109 85572F105,INFERRED_COMMON,0,0,1,18,321,MULTIPLE_CUSIPS,REQUIRES_FACTUAL_CONTRADICTION_REVIEW
320644562611881241,SOV,P1_DURABLE_RANKED,common,Domestic Common Stock Primary Class,845905108 845905306,INFERRED_COMMON,0,0,1,54,647,MULTIPLE_CUSIPS,REQUIRES_FACTUAL_CONTRADICTION_REVIEW
1125828503689962237,TPLMQ,P1_DURABLE_RANKED,common,Domestic Common Stock,89600B201 89600B102,INFERRED_COMMON,0,0,1,5,21,MULTIPLE_CUSIPS,REQUIRES_FACTUAL_CONTRADICTION_REVIEW
342547763356080649,VRAYQ,P1_DURABLE_RANKED,common,Domestic Common Stock,92672L107 92672W103,INFERRED_COMMON,0,0,1,8,22,MULTIPLE_CUSIPS,REQUIRES_FACTUAL_CONTRADICTION_REVIEW
51094239347832668,ZSANQ,P1_DURABLE_RANKED,common,Domestic Common Stock,98979H202 98979H103 98979H301,INFERRED_COMMON,0,0,1,42,47,MULTIPLE_CUSIPS,REQUIRES_FACTUAL_CONTRADICTION_REVIEW
863716372703836147,ACCL1,P2_LEADERSHIP,common,Domestic Common Stock,00430U103 71713B104,INFERRED_COMMON,0,0,0,15,15,MULTIPLE_CUSIPS,REQUIRES_FACTUAL_CONTRADICTION_REVIEW
170586424305588468,ADNH,P2_LEADERSHIP,common,Domestic Common Stock Primary Class,00788A105 00165R101 00788A204,INFERRED_COMMON,0,0,0,25,48,MULTIPLE_CUSIPS,REQUIRES_FACTUAL_CONTRADICTION_REVIEW
639274294186704402,AEHL,P2_LEADERSHIP,common,ADR Common Stock,G2113X100 G2113X134 G041JN106 G041JN122 G041JN130 G2113X159 G2113X209 G041JN148,INFERRED_COMMON,0,0,0,9,9,MULTIPLE_CUSIPS,REQUIRES_FACTUAL_CONTRADICTION_REVIEW
1038021986675702539,AHI,P2_LEADERSHIP,common,ADR Common Stock,00777C104 00777C203,INFERRED_COMMON,0,0,0,8,8,MULTIPLE_CUSIPS,REQUIRES_FACTUAL_CONTRADICTION_REVIEW
389428543536150575,AIFA,P2_LEADERSHIP,common,Domestic Common Stock Primary Class,019170109 09216T107 09216T206 019170208,INFERRED_COMMON,0,0,0,14,22,MULTIPLE_CUSIPS,REQUIRES_FACTUAL_CONTRADICTION_REVIEW
965251650458029578,AIIXY,P2_LEADERSHIP,common,ADR Common Stock,009606104 009606203,INFERRED_COMMON,0,0,0,3,31,MULTIPLE_CUSIPS,REQUIRES_FACTUAL_CONTRADICTION_REVIEW
19171570310576852,AIXI,P2_LEADERSHIP,common,ADR Common Stock,98423X209 98423X100 98423X308,INFERRED_COMMON,0,0,0,7,7,MULTIPLE_CUSIPS,REQUIRES_FACTUAL_CONTRADICTION_REVIEW
216925786180042987,AKAN,P2_LEADERSHIP,common,ADR Common Stock,00971M106 00971M205 00971M502 00971M403 00971M304 00971M601 00971M700,INFERRED_COMMON,0,0,0,18,18,MULTIPLE_CUSIPS,REQUIRES_FACTUAL_CONTRADICTION_REVIEW
667140484759602374,ALD1,P2_LEADERSHIP,common,Domestic Common Stock Primary Class,01903Q108 019042100,INFERRED_COMMON,0,0,0,7,360,MULTIPLE_CUSIPS,REQUIRES_FACTUAL_CONTRADICTION_REVIEW
720912212270057585,ALIZY,P2_LEADERSHIP,common,ADR Common Stock,018805101 018820100,INFERRED_COMMON,0,0,0,12,279,MULTIPLE_CUSIPS,REQUIRES_FACTUAL_CONTRADICTION_REVIEW
1061499087872300231,AMH1,P2_LEADERSHIP,common,Domestic Common Stock,03072M108 030732101,INFERRED_COMMON,0,0,0,20,33,MULTIPLE_CUSIPS,REQUIRES_FACTUAL_CONTRADICTION_REVIEW
274139514090907649,AMRQQ,P2_LEADERSHIP,common,Domestic Common Stock Primary Class,02133L109 82812A103 82812A202,INFERRED_COMMON,0,0,0,1,31,MULTIPLE_CUSIPS,REQUIRES_FACTUAL_CONTRADICTION_REVIEW
848299751353307244,ANDX,P2_LEADERSHIP,common,Domestic Common Stock,03350F106 88160T107,INFERRED_COMMON,0,0,0,69,835,MULTIPLE_CUSIPS,REQUIRES_FACTUAL_CONTRADICTION_REVIEW
199185697115041180,APTOF,P2_LEADERSHIP,common,Canadian Common Stock,03835T200 03835T309 03835T408 544192107 544191109 453219107 03835T101,INFERRED_COMMON,0,0,0,17,17,MULTIPLE_CUSIPS,REQUIRES_FACTUAL_CONTRADICTION_REVIEW
238785323839507876,ARA1,P2_LEADERSHIP,common,ADR Common Stock,038496204 038496105,INFERRED_COMMON,0,0,0,25,423,MULTIPLE_CUSIPS,REQUIRES_FACTUAL_CONTRADICTION_REVIEW
263470440580545501,AT1,P2_LEADERSHIP,common,Domestic Common Stock,020039103 016090102,INFERRED_COMMON,0,0,0,3,345,MULTIPLE_CUSIPS,REQUIRES_FACTUAL_CONTRADICTION_REVIEW
1003083053231690499,ATAC1,P2_LEADERSHIP,common,Domestic Common Stock,00211W104 008318107,INFERRED_COMMON,0,0,0,17,17,MULTIPLE_CUSIPS,REQUIRES_FACTUAL_CONTRADICTION_REVIEW
246935175493407989,ATNXQ,P2_LEADERSHIP,common,Domestic Common Stock,04685N103 04685N202,INFERRED_COMMON,0,0,0,19,57,MULTIPLE_CUSIPS,REQUIRES_FACTUAL_CONTRADICTION_REVIEW
450154553112428191,ATPC,P2_LEADERSHIP,common,Domestic Common Stock,008389207 008389108 008389306,INFERRED_COMMON,0,0,0,10,11,MULTIPLE_CUSIPS,REQUIRES_FACTUAL_CONTRADICTION_REVIEW
255537641544311712,AUVIQ,P2_LEADERSHIP,common,Domestic Common Stock Primary Class,03828V105 03828V402 037988300 037988102,INFERRED_COMMON,0,0,0,11,11,MULTIPLE_CUSIPS,REQUIRES_FACTUAL_CONTRADICTION_REVIEW
1057977022122607134,AVCTQ,P2_LEADERSHIP,common,Domestic Common Stock Primary Class,030382105 70957E105 70957E204 030382204,INFERRED_COMMON,0,0,0,21,48,MULTIPLE_CUSIPS,REQUIRES_FACTUAL_CONTRADICTION_REVIEW
37126731242075325,AVRNQ,P2_LEADERSHIP,common,Domestic Common Stock,05356X403 05356X809 05356X700,INFERRED_COMMON,0,0,0,7,25,MULTIPLE_CUSIPS,REQUIRES_FACTUAL_CONTRADICTION_REVIEW
98113004194710344,AZIO,P2_LEADERSHIP,common,Domestic Common Stock,29414V209 00726A100 29414V308 29414V100,INFERRED_COMMON,0,0,0,14,14,MULTIPLE_CUSIPS,REQUIRES_FACTUAL_CONTRADICTION_REVIEW
289699865864951191,BAOS,P2_LEADERSHIP,common,ADR Common Stock,G08908108 G08908116 G08908124,INFERRED_COMMON,0,0,0,3,3,MULTIPLE_CUSIPS,REQUIRES_FACTUAL_CONTRADICTION_REVIEW
726835250902442106,BETSF,P2_LEADERSHIP,common,ADR Common Stock Primary Class,G1144D125 G8477B105 G1144D109 G21490209 G21490506 G9396G100 G9396G118 G1144D133,INFERRED_COMMON,0,0,0,2,3,MULTIPLE_CUSIPS,REQUIRES_FACTUAL_CONTRADICTION_REVIEW
594644032218297668,BFAM1,P2_LEADERSHIP,common,Domestic Common Stock,109195107 109190108,INFERRED_COMMON,0,0,0,14,14,MULTIPLE_CUSIPS,REQUIRES_FACTUAL_CONTRADICTION_REVIEW
450317911727604097,BHATF,P2_LEADERSHIP,common,ADR Common Stock,G1329V106 G1329V205 G1329V114 G1329V122,INFERRED_COMMON,0,0,0,12,12,MULTIPLE_CUSIPS,REQUIRES_FACTUAL_CONTRADICTION_REVIEW
1062221465538336135,BIPC,P2_LEADERSHIP,common,ADR Common Stock,11275Q107 11276H106,INFERRED_COMMON,0,0,0,7,616,MULTIPLE_CUSIPS,REQUIRES_FACTUAL_CONTRADICTION_REVIEW
489350436874608060,BIYA,P2_LEADERSHIP,common,ADR Common Stock,G07064101 G07064119,INFERRED_COMMON,0,0,0,4,12,MULTIPLE_CUSIPS,REQUIRES_FACTUAL_CONTRADICTION_REVIEW
485656366014433376,BNAUF,P2_LEADERSHIP,common,Canadian Common Stock,780911103 780911509 07160B106,INFERRED_COMMON,0,0,0,35,102,MULTIPLE_CUSIPS,REQUIRES_FACTUAL_CONTRADICTION_REVIEW
189720321740141225,BOXDQ,P2_LEADERSHIP,common,Domestic Common Stock Primary Class,103174108 81787X106,INFERRED_COMMON,0,0,0,5,19,MULTIPLE_CUSIPS,REQUIRES_FACTUAL_CONTRADICTION_REVIEW
978208250288467165,CBKCQ,P2_LEADERSHIP,common,Domestic Common Stock,171046105 105658108,INFERRED_COMMON,0,0,0,3,34,MULTIPLE_CUSIPS,REQUIRES_FACTUAL_CONTRADICTION_REVIEW
220734612160088067,CELL1,P2_LEADERSHIP,common,Domestic Common Stock,109473405 109473108,INFERRED_COMMON,0,0,0,45,159,MULTIPLE_CUSIPS,REQUIRES_FACTUAL_CONTRADICTION_REVIEW
1119921188223994749,CHGA,P2_LEADERSHIP,common,Domestic Common Stock,05344R104 05344R203 05344R302,INFERRED_COMMON,0,0,0,2,2,MULTIPLE_CUSIPS,REQUIRES_FACTUAL_CONTRADICTION_REVIEW
13698227415232376,CHZS,P2_LEADERSHIP,common,Domestic Common Stock,205908106 205908304,INFERRED_COMMON,0,0,0,12,161,MULTIPLE_CUSIPS,REQUIRES_FACTUAL_CONTRADICTION_REVIEW
419581290243521131,CIGI,P2_LEADERSHIP,common,Canadian Common Stock,194693107 33761N109,INFERRED_COMMON,0,0,0,17,199,MULTIPLE_CUSIPS,REQUIRES_FACTUAL_CONTRADICTION_REVIEW
1012830998144725822,CIMG,P2_LEADERSHIP,common,Domestic Common Stock,67073S208 67073S307 67073S406 67073S109,INFERRED_COMMON,0,0,0,18,18,MULTIPLE_CUSIPS,REQUIRES_FACTUAL_CONTRADICTION_REVIEW
305337131758957050,CLEUF,P2_LEADERSHIP,common,ADR Common Stock,G2161Y109 G2161Y117 G2161Y133 G2161Y125,INFERRED_COMMON,0,0,0,7,12,MULTIPLE_CUSIPS,REQUIRES_FACTUAL_CONTRADICTION_REVIEW
703291776797057040,CLSDQ,P2_LEADERSHIP,common,Domestic Common Stock,185063104 185063203,INFERRED_COMMON,0,0,0,30,30,MULTIPLE_CUSIPS,REQUIRES_FACTUAL_CONTRADICTION_REVIEW
399503091839684501,CLVV,P2_LEADERSHIP,common,Domestic Common Stock Primary Class,186760104 80821R109 80821R208 186760203,INFERRED_COMMON,0,0,0,25,32,MULTIPLE_CUSIPS,REQUIRES_FACTUAL_CONTRADICTION_REVIEW
197515588627444127,CMAXQ,P2_LEADERSHIP,common,Domestic Common Stock Primary Class,14171W103 14171W202 244413100,INFERRED_COMMON,0,0,0,7,7,MULTIPLE_CUSIPS,REQUIRES_FACTUAL_CONTRADICTION_REVIEW
863372863639270983,CNCT1,P2_LEADERSHIP,common,Domestic Common Stock,208192104 207854100 16951V106,INFERRED_COMMON,0,0,0,8,8,MULTIPLE_CUSIPS,REQUIRES_FACTUAL_CONTRADICTION_REVIEW
772427121210636055,CNL1,P2_LEADERSHIP,common,Domestic Common Stock,12561W105 153897608 12561M107,INFERRED_COMMON,0,0,0,40,423,MULTIPLE_CUSIPS,REQUIRES_FACTUAL_CONTRADICTION_REVIEW
1102529782480971848,CNTFY,P2_LEADERSHIP,common,ADR Common Stock,169424108 169424207,INFERRED_COMMON,0,0,0,2,2,MULTIPLE_CUSIPS,REQUIRES_FACTUAL_CONTRADICTION_REVIEW
252845012432277861,CNXT1,P2_LEADERSHIP,common,Domestic Common Stock,207142308 207142100,INFERRED_COMMON,0,0,0,14,145,MULTIPLE_CUSIPS,REQUIRES_FACTUAL_CONTRADICTION_REVIEW
702750112247019511,CORZQ,P2_LEADERSHIP,common,Domestic Common Stock Primary Class,21873J108 739190106,INFERRED_COMMON,0,0,0,6,27,MULTIPLE_CUSIPS,REQUIRES_FACTUAL_CONTRADICTION_REVIEW
732186125444103069,CPOP,P2_LEADERSHIP,common,ADR Common Stock,G71700101 G71700119,INFERRED_COMMON,0,0,0,8,8,MULTIPLE_CUSIPS,REQUIRES_FACTUAL_CONTRADICTION_REVIEW
734887237835298547,CRXTQ,P2_LEADERSHIP,common,Domestic Common Stock Primary Class,18271L107 09607T104,INFERRED_COMMON,0,0,0,6,12,MULTIPLE_CUSIPS,REQUIRES_FACTUAL_CONTRADICTION_REVIEW
73450089656923190,CUPR,P2_LEADERSHIP,common,ADR Common Stock,G2592E102 G2592E110,INFERRED_COMMON,0,0,0,4,4,MULTIPLE_CUSIPS,REQUIRES_FACTUAL_CONTRADICTION_REVIEW
244543285531595978,CXRXF,P2_LEADERSHIP,common,ADR Common Stock,206519100 20653P102 20653P409 00775M104 G01022105,INFERRED_COMMON,0,0,0,5,24,MULTIPLE_CUSIPS,REQUIRES_FACTUAL_CONTRADICTION_REVIEW
815365834997670741,CYCU,P2_LEADERSHIP,common,Domestic Common Stock Primary Class,95758L107 95758L305,INFERRED_COMMON,0,0,0,1,1,MULTIPLE_CUSIPS,REQUIRES_FACTUAL_CONTRADICTION_REVIEW
280655384494202876,CYRNQ,P2_LEADERSHIP,common,Domestic Common Stock,M26895108 M26895132 M25596202 M25596103,INFERRED_COMMON,0,0,0,20,28,MULTIPLE_CUSIPS,REQUIRES_FACTUAL_CONTRADICTION_REVIEW
23239698889305908,CZOOF,P2_LEADERSHIP,common,ADR Common Stock Primary Class,G2007L105 G0190X100 G2007L204 G2007L121 G1993M101,INFERRED_COMMON,0,0,0,11,17,MULTIPLE_CUSIPS,REQUIRES_FACTUAL_CONTRADICTION_REVIEW
362261833004262772,DCFCQ,P2_LEADERSHIP,common,ADR Common Stock Primary Class,242794105 Q9225T108 Q9225T207,INFERRED_COMMON,0,0,0,5,17,MULTIPLE_CUSIPS,REQUIRES_FACTUAL_CONTRADICTION_REVIEW
953705492274993059,DCOY,P2_LEADERSHIP,common,Domestic Common Stock,33938A105 79400X107 79400X404 79400X305 79400X503 79400X602,INFERRED_COMMON,0,0,0,2,3,MULTIPLE_CUSIPS,REQUIRES_FACTUAL_CONTRADICTION_REVIEW
77093398988040216,DCTH1,P2_LEADERSHIP,common,Domestic Common Stock,24661P104 24661P401 24661P500 24661P203 24661P609,INFERRED_COMMON,0,0,0,6,6,MULTIPLE_CUSIPS,REQUIRES_FACTUAL_CONTRADICTION_REVIEW
739770619759153468,DEO,P2_LEADERSHIP,common,ADR Common Stock,25243Q205 386090302,INFERRED_COMMON,0,0,0,33,5045,MULTIPLE_CUSIPS,REQUIRES_FACTUAL_CONTRADICTION_REVIEW
969988484821570387,DEVSF,P2_LEADERSHIP,common,Domestic Common Stock Primary Class,34417L109 251936100 251936209,INFERRED_COMMON,0,0,0,1,1,MULTIPLE_CUSIPS,REQUIRES_FACTUAL_CONTRADICTION_REVIEW
504872827721303870,DFSC,P2_LEADERSHIP,common,Canadian Common Stock Primary Class,501506604 501506703 244778106 501506802,INFERRED_COMMON,0,0,0,4,4,MULTIPLE_CUSIPS,REQUIRES_FACTUAL_CONTRADICTION_REVIEW
393603687339770814,DSY,P2_LEADERSHIP,common,ADR Common Stock Primary Class,72942P104 G1263B108 G1263B132,INFERRED_COMMON,0,0,0,4,4,MULTIPLE_CUSIPS,REQUIRES_FACTUAL_CONTRADICTION_REVIEW
513979729658473231,EDHL,P2_LEADERSHIP,common,ADR Common Stock,G32212105 G32212113,INFERRED_COMMON,0,0,0,3,4,MULTIPLE_CUSIPS,REQUIRES_FACTUAL_CONTRADICTION_REVIEW
763380806255680719,EHGO,P2_LEADERSHIP,common,ADR Common Stock,G3121H103 G3121H111,INFERRED_COMMON,0,0,0,7,10,MULTIPLE_CUSIPS,REQUIRES_FACTUAL_CONTRADICTION_REVIEW
1090125896214153913,ELBM,P2_LEADERSHIP,common,Canadian Common Stock,28474P201 28474P706,INFERRED_COMMON,0,0,0,12,17,MULTIPLE_CUSIPS,REQUIRES_FACTUAL_CONTRADICTION_REVIEW
720871431798233668,ELPW,P2_LEADERSHIP,common,ADR Common Stock Primary Class,G89229119 G3016G103 G3016G111 G3016G129,INFERRED_COMMON,0,0,0,6,10,MULTIPLE_CUSIPS,REQUIRES_FACTUAL_CONTRADICTION_REVIEW
302967941881581516,EONGY,P2_LEADERSHIP,common,ADR Common Stock,268780103 92239H102,INFERRED_COMMON,0,0,0,1,110,MULTIPLE_CUSIPS,REQUIRES_FACTUAL_CONTRADICTION_REVIEW
286330990160546804,EQOSQ,P2_LEADERSHIP,common,ADR Common Stock Primary Class,Y2074E109 G2956M104 G2956M138,INFERRED_COMMON,0,0,0,32,39,MULTIPLE_CUSIPS,REQUIRES_FACTUAL_CONTRADICTION_REVIEW
571519096724645956,FLZH,P2_LEADERSHIP,common,Domestic Common Stock,91704K202 91704K301 91704K103,INFERRED_COMMON,0,0,0,15,15,MULTIPLE_CUSIPS,REQUIRES_FACTUAL_CONTRADICTION_REVIEW
302637988624695275,FREHY,P2_LEADERSHIP,common,ADR Common Stock,03635R107 03635R206 03635R305,INFERRED_COMMON,0,0,0,2,3,MULTIPLE_CUSIPS,REQUIRES_FACTUAL_CONTRADICTION_REVIEW
1037115478952756071,FSV,P2_LEADERSHIP,common,Canadian Common Stock,33767E202 33767E103,INFERRED_COMMON,0,0,0,1,332,MULTIPLE_CUSIPS,REQUIRES_FACTUAL_CONTRADICTION_REVIEW
1025270394051995509,GIB,P2_LEADERSHIP,common,Canadian Common Stock,12532H104 39945C109,INFERRED_COMMON,0,0,0,3,466,MULTIPLE_CUSIPS,REQUIRES_FACTUAL_CONTRADICTION_REVIEW
116177074508864059,GMM,P2_LEADERSHIP,common,ADR Common Stock,G3937M106 G3937M114 G3937M205,INFERRED_COMMON,0,0,0,1,4,MULTIPLE_CUSIPS,REQUIRES_FACTUAL_CONTRADICTION_REVIEW
987218777470557287,GMVDF,P2_LEADERSHIP,common,ADR Common Stock Primary Class,G39462208 G39462141 G39462125,INFERRED_COMMON,0,0,0,10,10,MULTIPLE_CUSIPS,REQUIRES_FACTUAL_CONTRADICTION_REVIEW
842806401459493658,GNCAQ,P2_LEADERSHIP,common,Domestic Common Stock,372427104 372427401,INFERRED_COMMON,0,0,0,5,6,MULTIPLE_CUSIPS,REQUIRES_FACTUAL_CONTRADICTION_REVIEW
872933797384182660,GNSS1,P2_LEADERSHIP,common,Domestic Common Stock,371933102 37184C103,INFERRED_COMMON,0,0,0,5,48,MULTIPLE_CUSIPS,REQUIRES_FACTUAL_CONTRADICTION_REVIEW
218572092380512800,GOCOQ,P2_LEADERSHIP,common,Domestic Common Stock,38046W105 38046W204,INFERRED_COMMON,0,0,0,7,85,MULTIPLE_CUSIPS,REQUIRES_FACTUAL_CONTRADICTION_REVIEW
30723314005212436,GRCE,P2_LEADERSHIP,common,Domestic Common Stock,00430K402 00439U104 00430K105 00430K873 00430K865,INFERRED_COMMON,0,0,0,5,5,MULTIPLE_CUSIPS,REQUIRES_FACTUAL_CONTRADICTION_REVIEW
888374992042785616,GSF1,P2_LEADERSHIP,common,Domestic Common Stock,G3930E101 G7805C108,INFERRED_COMMON,0,0,0,25,351,MULTIPLE_CUSIPS,REQUIRES_FACTUAL_CONTRADICTION_REVIEW
552591500458143706,GVHGF,P2_LEADERSHIP,common,ADR Common Stock,92838F101 92838F200,INFERRED_COMMON,0,0,0,12,12,MULTIPLE_CUSIPS,REQUIRES_FACTUAL_CONTRADICTION_REVIEW
322016043620229064,GXAI,P2_LEADERSHIP,common,Domestic Common Stock,62911P300 62911P201,INFERRED_COMMON,0,0,0,26,30,MULTIPLE_CUSIPS,REQUIRES_FACTUAL_CONTRADICTION_REVIEW
994753932541300734,HAN,P2_LEADERSHIP,common,ADR Common Stock,411352404 411349103 411352305,INFERRED_COMMON,0,0,0,1,1,MULTIPLE_CUSIPS,REQUIRES_FACTUAL_CONTRADICTION_REVIEW
635394468253321768,HSTOQ,P2_LEADERSHIP,common,Domestic Common Stock,20600T108 43358Y103,INFERRED_COMMON,0,0,0,8,8,MULTIPLE_CUSIPS,REQUIRES_FACTUAL_CONTRADICTION_REVIEW
294778658200477598,HTGMQ,P2_LEADERSHIP,common,Domestic Common Stock,40434H104 40434H203 40434H302,INFERRED_COMMON,0,0,0,15,15,MULTIPLE_CUSIPS,REQUIRES_FACTUAL_CONTRADICTION_REVIEW
583729758686494607,HYFT,P2_LEADERSHIP,common,Canadian Common Stock,45257F200 602687105 45257F101,INFERRED_COMMON,0,0,0,7,8,MULTIPLE_CUSIPS,REQUIRES_FACTUAL_CONTRADICTION_REVIEW
125547725087724392,ICDI,P2_LEADERSHIP,common,Domestic Common Stock,453415309 453415606,INFERRED_COMMON,0,0,0,7,7,MULTIPLE_CUSIPS,REQUIRES_FACTUAL_CONTRADICTION_REVIEW
106569218926078867,IDMCQ,P2_LEADERSHIP,common,Domestic Common Stock,456607100 44977L100 126692102,INFERRED_COMMON,0,0,0,38,402,MULTIPLE_CUSIPS,REQUIRES_FACTUAL_CONTRADICTION_REVIEW
655042485769504923,IHG,P2_LEADERSHIP,common,ADR Common Stock,45857P806 45857P707 45857P509 45857P608 45857P400 45857P301 45857P202 45857P103 458573201 458573102 830018107,INFERRED_COMMON,0,0,0,5,515,MULTIPLE_CUSIPS,REQUIRES_FACTUAL_CONTRADICTION_REVIEW
971433568129744166,IMVIQ,P2_LEADERSHIP,common,Canadian Common Stock,44974L103 44974L301,INFERRED_COMMON,0,0,0,6,6,MULTIPLE_CUSIPS,REQUIRES_FACTUAL_CONTRADICTION_REVIEW
687689361886221535,IS,P2_LEADERSHIP,common,ADR Common Stock,M5R75Y101 G88272102,INFERRED_COMMON,0,0,0,28,214,MULTIPLE_CUSIPS,REQUIRES_FACTUAL_CONTRADICTION_REVIEW
352648217497685819,IVPR,P2_LEADERSHIP,common,Domestic Common Stock,45784E205 45784E106 45784E304,INFERRED_COMMON,0,0,0,16,16,MULTIPLE_CUSIPS,REQUIRES_FACTUAL_CONTRADICTION_REVIEW
988513118366020851,JENGQ,P2_LEADERSHIP,common,ADR Common Stock Primary Class,48213W101 48213W408,INFERRED_COMMON,0,0,0,7,58,MULTIPLE_CUSIPS,REQUIRES_FACTUAL_CONTRADICTION_REVIEW
206471017241236767,KEP,P2_LEADERSHIP,common,ADR Common Stock,500631106 500631205,INFERRED_COMMON,0,0,0,15,182,MULTIPLE_CUSIPS,REQUIRES_FACTUAL_CONTRADICTION_REVIEW
616207656933335880,KMG1,P2_LEADERSHIP,common,Domestic Common Stock,492386107 492386305,INFERRED_COMMON,0,0,0,6,25,MULTIPLE_CUSIPS,REQUIRES_FACTUAL_CONTRADICTION_REVIEW
946325887613166050,LAIXY,P2_LEADERSHIP,common,ADR Common Stock,50736W105 50736W204,INFERRED_COMMON,0,0,0,9,9,MULTIPLE_CUSIPS,REQUIRES_FACTUAL_CONTRADICTION_REVIEW
651798515940468989,LAUR1,P2_LEADERSHIP,common,Domestic Common Stock,518613104 871399101,INFERRED_COMMON,0,0,0,17,100,MULTIPLE_CUSIPS,REQUIRES_FACTUAL_CONTRADICTION_REVIEW
788329371011546536,LDTCF,P2_LEADERSHIP,common,ADR Common Stock Primary Class,G7273A105 52328E105,INFERRED_COMMON,0,0,0,11,11,MULTIPLE_CUSIPS,REQUIRES_FACTUAL_CONTRADICTION_REVIEW
947414223549154285,LICYF,P2_LEADERSHIP,common,ADR Common Stock Primary Class,50202P105 G7008A115 50202P204,INFERRED_COMMON,0,0,0,16,27,MULTIPLE_CUSIPS,REQUIRES_FACTUAL_CONTRADICTION_REVIEW
186829690156569447,LILAK,P2_LEADERSHIP,common,Domestic Common Stock Secondary Class,G9001E128 G5480U153,INFERRED_COMMON,0,0,0,21,251,MULTIPLE_CUSIPS,REQUIRES_FACTUAL_CONTRADICTION_REVIEW
1023640270036081506,LIN2,P2_LEADERSHIP,common,Domestic Common Stock,532771102 532774106 532776101,INFERRED_COMMON,0,0,0,19,19,MULTIPLE_CUSIPS,REQUIRES_FACTUAL_CONTRADICTION_REVIEW
210042061840655813,LNAI,P2_LEADERSHIP,common,Domestic Common Stock,29350E104 29350E203 29350E302 236078101,INFERRED_COMMON,0,0,0,8,8,MULTIPLE_CUSIPS,REQUIRES_FACTUAL_CONTRADICTION_REVIEW
443180275527087349,LYTHF,P2_LEADERSHIP,common,ADR Common Stock,G5851A109 G5851A133,INFERRED_COMMON,0,0,0,4,4,MULTIPLE_CUSIPS,REQUIRES_FACTUAL_CONTRADICTION_REVIEW
494106095955525849,MATR1,P2_LEADERSHIP,common,Domestic Common Stock,576817209 576817100,INFERRED_COMMON,0,0,0,12,15,MULTIPLE_CUSIPS,REQUIRES_FACTUAL_CONTRADICTION_REVIEW
742078063402463845,MDVLQ,P2_LEADERSHIP,common,Domestic Common Stock,58406B103 62857P108 58406B202 554051201 554051102 049433105,INFERRED_COMMON,0,0,0,18,19,MULTIPLE_CUSIPS,REQUIRES_FACTUAL_CONTRADICTION_REVIEW
92263063592881485,MFGP,P2_LEADERSHIP,common,ADR Common Stock,594837304 594837403,INFERRED_COMMON,0,0,0,13,38,MULTIPLE_CUSIPS,REQUIRES_FACTUAL_CONTRADICTION_REVIEW
699738264904030965,MFLTF,P2_LEADERSHIP,common,ADR Common Stock,60500F105 60500F204,INFERRED_COMMON,0,0,0,3,3,MULTIPLE_CUSIPS,REQUIRES_FACTUAL_CONTRADICTION_REVIEW
1086144274115457561,MIMI,P2_LEADERSHIP,common,ADR Common Stock,G6146G109 G6146G117,INFERRED_COMMON,0,0,0,1,2,MULTIPLE_CUSIPS,REQUIRES_FACTUAL_CONTRADICTION_REVIEW
232680048674617812,MKDTY,P2_LEADERSHIP,common,ADR Common Stock,60852L106 60852L205,INFERRED_COMMON,0,0,0,10,10,MULTIPLE_CUSIPS,REQUIRES_FACTUAL_CONTRADICTION_REVIEW
766906363217850051,MLNTQ,P2_LEADERSHIP,common,Domestic Common Stock,58549G100 58549G209,INFERRED_COMMON,0,0,0,20,20,MULTIPLE_CUSIPS,REQUIRES_FACTUAL_CONTRADICTION_REVIEW
848418269852065962,MODVQ,P2_LEADERSHIP,common,Domestic Common Stock,743815102 60783X104,INFERRED_COMMON,0,0,0,9,9,MULTIPLE_CUSIPS,REQUIRES_FACTUAL_CONTRADICTION_REVIEW
574441503402547337,MPG1,P2_LEADERSHIP,common,Domestic Common Stock,553274101 559775101,INFERRED_COMMON,0,0,0,19,269,MULTIPLE_CUSIPS,REQUIRES_FACTUAL_CONTRADICTION_REVIEW
633661694719460024,MTC,P2_LEADERSHIP,common,ADR Common Stock,G6181K114 G6181K106 G6181K122,INFERRED_COMMON,0,0,0,8,8,MULTIPLE_CUSIPS,REQUIRES_FACTUAL_CONTRADICTION_REVIEW
1114676339922425532,NDZ,P2_LEADERSHIP,common,Canadian Common Stock,65563C105 55269P302,INFERRED_COMMON,0,0,0,17,23,MULTIPLE_CUSIPS,REQUIRES_FACTUAL_CONTRADICTION_REVIEW
452362097446375195,NEPTF,P2_LEADERSHIP,common,Domestic Common Stock,64079L105 64077P108 64079L204 64079L303,INFERRED_COMMON,0,0,0,3,19,MULTIPLE_CUSIPS,REQUIRES_FACTUAL_CONTRADICTION_REVIEW
941708849939106534,NMTRQ,P2_LEADERSHIP,common,Domestic Common Stock Primary Class,654405109 45782F105 654405208 61174L501,INFERRED_COMMON,0,0,0,11,11,MULTIPLE_CUSIPS,REQUIRES_FACTUAL_CONTRADICTION_REVIEW
419756793261140579,NRTLQ,P2_LEADERSHIP,common,Domestic Common Stock,656568508 656568102 656569100 665815106,INFERRED_COMMON,0,0,0,70,575,MULTIPLE_CUSIPS,REQUIRES_FACTUAL_CONTRADICTION_REVIEW
893630170304035278,NVCN,P2_LEADERSHIP,common,ADR Common Stock,64065J106 64065J304 64065J205 64065J403,INFERRED_COMMON,0,0,0,14,20,MULTIPLE_CUSIPS,REQUIRES_FACTUAL_CONTRADICTION_REVIEW
1141671989288289515,NXL1,P2_LEADERSHIP,common,Domestic Common Stock,648053106 30067R107,INFERRED_COMMON,0,0,0,21,45,MULTIPLE_CUSIPS,REQUIRES_FACTUAL_CONTRADICTION_REVIEW
236546464536198449,NXTS,P2_LEADERSHIP,common,Domestic Common Stock,80512Q303 80512Q402 80512Q501 80512Q600 80512Q105 80512Q204,INFERRED_COMMON,0,0,0,12,13,MULTIPLE_CUSIPS,REQUIRES_FACTUAL_CONTRADICTION_REVIEW
17159090121204713,NXUR,P2_LEADERSHIP,common,Domestic Common Stock,62956D105 049506108 62956D204 62956D303,INFERRED_COMMON,0,0,0,3,3,MULTIPLE_CUSIPS,REQUIRES_FACTUAL_CONTRADICTION_REVIEW
322630251933381263,OCG,P2_LEADERSHIP,common,ADR Common Stock,G6796W107 G6796W115 G6796W123 G6796W131,INFERRED_COMMON,0,0,0,2,2,MULTIPLE_CUSIPS,REQUIRES_FACTUAL_CONTRADICTION_REVIEW
367007693169426597,OCNF,P2_LEADERSHIP,common,ADR Common Stock,Y64202107 Y64202115 Y64202123,INFERRED_COMMON,0,0,0,10,12,MULTIPLE_CUSIPS,REQUIRES_FACTUAL_CONTRADICTION_REVIEW
319248286586397404,OLOX,P2_LEADERSHIP,common,Domestic Common Stock,78418A505 78418A604 78418A307 78418A703 78418A802,INFERRED_COMMON,0,0,0,19,29,MULTIPLE_CUSIPS,REQUIRES_FACTUAL_CONTRADICTION_REVIEW
860482142370882642,OPTX,P2_LEADERSHIP,common,Domestic Common Stock Primary Class,68218C108 87169M105,INFERRED_COMMON,0,0,0,7,7,MULTIPLE_CUSIPS,REQUIRES_FACTUAL_CONTRADICTION_REVIEW
467020766091718629,ORANY,P2_LEADERSHIP,common,ADR Common Stock,684060106 35177Q105 35177Q204,INFERRED_COMMON,0,0,0,10,384,MULTIPLE_CUSIPS,REQUIRES_FACTUAL_CONTRADICTION_REVIEW
626557450187900902,PBM,P2_LEADERSHIP,common,ADR Common Stock Primary Class,G6448C103 74449F100 74449F209 74449F308 74449F407,INFERRED_COMMON,0,0,0,7,9,MULTIPLE_CUSIPS,REQUIRES_FACTUAL_CONTRADICTION_REVIEW
893706224077607177,PCLA,P2_LEADERSHIP,common,ADR Common Stock,71989C109 71989C208,INFERRED_COMMON,0,0,0,2,2,MULTIPLE_CUSIPS,REQUIRES_FACTUAL_CONTRADICTION_REVIEW
382386310369528965,PGHEF,P2_LEADERSHIP,common,Canadian Common Stock,70706P104 706902509 706902301 706902103,INFERRED_COMMON,0,0,0,7,366,MULTIPLE_CUSIPS,REQUIRES_FACTUAL_CONTRADICTION_REVIEW
32974016278498836,PHXM,P2_LEADERSHIP,common,ADR Common Stock,29604W108 29604W207,INFERRED_COMMON,0,0,0,2,2,MULTIPLE_CUSIPS,REQUIRES_FACTUAL_CONTRADICTION_REVIEW
499861007084541401,PKY1,P2_LEADERSHIP,common,Domestic Common Stock,70159Q104 701545204,INFERRED_COMMON,0,0,0,14,54,MULTIPLE_CUSIPS,REQUIRES_FACTUAL_CONTRADICTION_REVIEW
614776420452243153,POLCQ,P2_LEADERSHIP,common,Domestic Common Stock Primary Class,28252C109 28252C208,INFERRED_COMMON,0,0,0,19,53,MULTIPLE_CUSIPS,REQUIRES_FACTUAL_CONTRADICTION_REVIEW
530891458353402071,POWR1,P2_LEADERSHIP,common,Domestic Common Stock,73936N105 59159Q107 566323309 566323101,INFERRED_COMMON,0,0,0,8,8,MULTIPLE_CUSIPS,REQUIRES_FACTUAL_CONTRADICTION_REVIEW
136874785304216743,PRFX,P2_LEADERSHIP,common,ADR Common Stock,M77798102 M77798144 M77798128 M77798136 M77798201,INFERRED_COMMON,0,0,0,10,10,MULTIPLE_CUSIPS,REQUIRES_FACTUAL_CONTRADICTION_REVIEW
379900522967298057,PSTI1,P2_LEADERSHIP,common,Domestic Common Stock,584028104 713569309 713569200,INFERRED_COMMON,0,0,0,10,45,MULTIPLE_CUSIPS,REQUIRES_FACTUAL_CONTRADICTION_REVIEW
325878757705228859,PVR,P2_LEADERSHIP,common,Domestic Common Stock,693665101 707884102,INFERRED_COMMON,0,0,0,18,54,MULTIPLE_CUSIPS,REQUIRES_FACTUAL_CONTRADICTION_REVIEW
233189665423411967,PWAVQ,P2_LEADERSHIP,common,Domestic Common Stock,739363307 739363109,INFERRED_COMMON,0,0,0,20,313,MULTIPLE_CUSIPS,REQUIRES_FACTUAL_CONTRADICTION_REVIEW
181712688269645497,QNTM,P2_LEADERSHIP,common,ADR Common Stock,35954B206 74764Y205 35954B404,INFERRED_COMMON,0,0,0,8,8,MULTIPLE_CUSIPS,REQUIRES_FACTUAL_CONTRADICTION_REVIEW
515779142969303930,QVCGB,P2_LEADERSHIP,common,Domestic Common Stock Secondary Class,74915M209 53071M203,INFERRED_COMMON,0,0,0,2,2,MULTIPLE_CUSIPS,REQUIRES_FACTUAL_CONTRADICTION_REVIEW
775861136859211393,RARE1,P2_LEADERSHIP,common,Domestic Common Stock,753820109 543057103,INFERRED_COMMON,0,0,0,21,30,MULTIPLE_CUSIPS,REQUIRES_FACTUAL_CONTRADICTION_REVIEW
365837557702778102,RENX2,P2_LEADERSHIP,common,ADR Common Stock Secondary Class,75955B102 758204200 290259100 758204101,INFERRED_COMMON,0,0,0,2,30,MULTIPLE_CUSIPS,REQUIRES_FACTUAL_CONTRADICTION_REVIEW
680117966473801976,RETO,P2_LEADERSHIP,common,ADR Common Stock,G75271109 G75271117 G75271125 G75271307 G75271133 G75271406,INFERRED_COMMON,0,0,0,5,5,MULTIPLE_CUSIPS,REQUIRES_FACTUAL_CONTRADICTION_REVIEW
1105889575870416188,REXXQ,P2_LEADERSHIP,common,Domestic Common Stock,761565100 761565506,INFERRED_COMMON,0,0,0,1,49,MULTIPLE_CUSIPS,REQUIRES_FACTUAL_CONTRADICTION_REVIEW
487329770828806227,RKTO,P2_LEADERSHIP,common,Domestic Common Stock,44148G105 44148G204,INFERRED_COMMON,0,0,0,19,19,MULTIPLE_CUSIPS,REQUIRES_FACTUAL_CONTRADICTION_REVIEW
450284194837013998,RPT1,P2_LEADERSHIP,common,Domestic Common Stock Primary Class,74971D101 751452202 751452103 749709101,INFERRED_COMMON,0,0,0,8,37,MULTIPLE_CUSIPS,REQUIRES_FACTUAL_CONTRADICTION_REVIEW
916254279996296439,SAIH,P2_LEADERSHIP,common,ADR Common Stock Primary Class,G89877107 G7852T103 G7852T202,INFERRED_COMMON,0,0,0,3,3,MULTIPLE_CUSIPS,REQUIRES_FACTUAL_CONTRADICTION_REVIEW
1077550576123629534,SATX,P2_LEADERSHIP,common,ADR Common Stock Primary Class,M82363124 G3041W107,INFERRED_COMMON,0,0,0,2,2,MULTIPLE_CUSIPS,REQUIRES_FACTUAL_CONTRADICTION_REVIEW
117705586566981393,SFN1,P2_LEADERSHIP,common,Domestic Common Stock,848420105 784153108 45868P100,INFERRED_COMMON,0,0,0,27,31,MULTIPLE_CUSIPS,REQUIRES_FACTUAL_CONTRADICTION_REVIEW
1142964615483214947,SKIL2,P2_LEADERSHIP,common,Domestic Common Stock,830928107 83170A206 124853300,INFERRED_COMMON,0,0,0,11,52,MULTIPLE_CUSIPS,REQUIRES_FACTUAL_CONTRADICTION_REVIEW
877888972841438604,SKYA,P2_LEADERSHIP,common,Domestic Common Stock Primary Class,82003F309 82003F101 82003F200,INFERRED_COMMON,0,0,0,11,12,MULTIPLE_CUSIPS,REQUIRES_FACTUAL_CONTRADICTION_REVIEW
1041589921112577847,SMX,P2_LEADERSHIP,common,ADR Common Stock Primary Class,536262108 G8267K141 G8267K109 G8267K208 G8267K307 G8267K158 G8267K166 G8267K174 G8267K406 G8267K216 G8267K182 G8267K190,INFERRED_COMMON,0,0,0,62,456,MULTIPLE_CUSIPS,REQUIRES_FACTUAL_CONTRADICTION_REVIEW
836648774093976129,SOPAQ,P2_LEADERSHIP,common,Domestic Common Stock,83370P102 83370P201,INFERRED_COMMON,0,0,0,16,16,MULTIPLE_CUSIPS,REQUIRES_FACTUAL_CONTRADICTION_REVIEW
905482684706096774,SPHL,P2_LEADERSHIP,common,ADR Common Stock,G83761109 G83761117,INFERRED_COMMON,0,0,0,6,6,MULTIPLE_CUSIPS,REQUIRES_FACTUAL_CONTRADICTION_REVIEW
890200990076735722,STEL1,P2_LEADERSHIP,common,Domestic Common Stock,85856W105 460939309 554433102 460939101 460939200,INFERRED_COMMON,0,0,0,13,13,MULTIPLE_CUSIPS,REQUIRES_FACTUAL_CONTRADICTION_REVIEW
908851427120196539,STSA1,P2_LEADERSHIP,common,Domestic Common Stock,859319303 859319105,INFERRED_COMMON,0,0,0,11,32,MULTIPLE_CUSIPS,REQUIRES_FACTUAL_CONTRADICTION_REVIEW
689727845103726360,SWIM2,P2_LEADERSHIP,common,Domestic Common Stock,46145P103 88409C105,INFERRED_COMMON,0,0,0,20,30,MULTIPLE_CUSIPS,REQUIRES_FACTUAL_CONTRADICTION_REVIEW
47199860771341941,SYNE,P2_LEADERSHIP,common,Domestic Common Stock,871628103 871628202 871628301,INFERRED_COMMON,0,0,0,8,8,MULTIPLE_CUSIPS,REQUIRES_FACTUAL_CONTRADICTION_REVIEW
463006732998201278,THMRQ,P2_LEADERSHIP,common,Domestic Common Stock,885218107 885218800,INFERRED_COMMON,0,0,0,29,327,MULTIPLE_CUSIPS,REQUIRES_FACTUAL_CONTRADICTION_REVIEW
4842876510331218,TIRXF,P2_LEADERSHIP,common,ADR Common Stock,G8884K102 G8884K110 G8884K136 G8884K128,INFERRED_COMMON,0,0,0,1,1,MULTIPLE_CUSIPS,REQUIRES_FACTUAL_CONTRADICTION_REVIEW
886320167037977181,TRAD1,P2_LEADERSHIP,common,Domestic Common Stock,89267P105 68211E101,INFERRED_COMMON,0,0,0,8,8,MULTIPLE_CUSIPS,REQUIRES_FACTUAL_CONTRADICTION_REVIEW
962250613392936001,TRIB,P2_LEADERSHIP,common,ADR Common Stock,896438306 896438504 896438108,INFERRED_COMMON,0,0,0,3,3,MULTIPLE_CUSIPS,REQUIRES_FACTUAL_CONTRADICTION_REVIEW
123898231451370628,TRIRF,P2_LEADERSHIP,common,ADR Common Stock Primary Class,G9103H102 G6455A107 G6455A123,INFERRED_COMMON,0,0,0,3,62,MULTIPLE_CUSIPS,REQUIRES_FACTUAL_CONTRADICTION_REVIEW
394112553857045151,TU,P2_LEADERSHIP,common,Canadian Common Stock,87971M103 87971M202,INFERRED_COMMON,0,0,0,5,1515,MULTIPLE_CUSIPS,REQUIRES_FACTUAL_CONTRADICTION_REVIEW
763211457704323541,TWG,P2_LEADERSHIP,common,ADR Common Stock,G8945S102 G8945S110,INFERRED_COMMON,0,0,0,9,10,MULTIPLE_CUSIPS,REQUIRES_FACTUAL_CONTRADICTION_REVIEW
357682836404705598,USBC,P2_LEADERSHIP,common,Domestic Common Stock,499238103 499238202 928449107 928449206,INFERRED_COMMON,0,0,0,11,11,MULTIPLE_CUSIPS,REQUIRES_FACTUAL_CONTRADICTION_REVIEW
223649094030910552,USPI1,P2_LEADERSHIP,common,Domestic Common Stock,913016309 903375103,INFERRED_COMMON,0,0,0,9,39,MULTIPLE_CUSIPS,REQUIRES_FACTUAL_CONTRADICTION_REVIEW
1015574315917695704,UTZ,P2_LEADERSHIP,common,Domestic Common Stock Primary Class,918090101 G22707106 G22707122,INFERRED_COMMON,0,0,0,35,78,MULTIPLE_CUSIPS,REQUIRES_FACTUAL_CONTRADICTION_REVIEW
58198491267038495,VEOEY,P2_LEADERSHIP,common,ADR Common Stock,92334N103 928517101,INFERRED_COMMON,0,0,0,30,687,MULTIPLE_CUSIPS,REQUIRES_FACTUAL_CONTRADICTION_REVIEW
568706458403231309,VJTTY,P2_LEADERSHIP,common,ADR Common Stock,92912L107 92912L206,INFERRED_COMMON,0,0,0,12,14,MULTIPLE_CUSIPS,REQUIRES_FACTUAL_CONTRADICTION_REVIEW
92506667189012807,VSME,P2_LEADERSHIP,common,ADR Common Stock,G9517U202 G9517U103 G9517U111,INFERRED_COMMON,0,0,0,5,5,MULTIPLE_CUSIPS,REQUIRES_FACTUAL_CONTRADICTION_REVIEW
424099180503622082,VSTE,P2_LEADERSHIP,common,ADR Common Stock Primary Class,629567108 Q9379E105,INFERRED_COMMON,0,0,0,6,6,MULTIPLE_CUSIPS,REQUIRES_FACTUAL_CONTRADICTION_REVIEW
1049021918574874779,WBUY,P2_LEADERSHIP,common,ADR Common Stock,G9513S102 G9513S110,INFERRED_COMMON,0,0,0,5,5,MULTIPLE_CUSIPS,REQUIRES_FACTUAL_CONTRADICTION_REVIEW
873936158470356262,WEIDY,P2_LEADERSHIP,common,ADR Common Stock,94861A108 94861A207,INFERRED_COMMON,0,0,0,9,9,MULTIPLE_CUSIPS,REQUIRES_FACTUAL_CONTRADICTION_REVIEW
887467891507310080,WEJOQ,P2_LEADERSHIP,common,ADR Common Stock Primary Class,92837J104 G9525W109,INFERRED_COMMON,0,0,0,1,13,MULTIPLE_CUSIPS,REQUIRES_FACTUAL_CONTRADICTION_REVIEW
302421230588989111,WEWKQ,P2_LEADERSHIP,common,Domestic Common Stock Primary Class,96209A104 103085106 96209A401,INFERRED_COMMON,0,0,0,40,240,MULTIPLE_CUSIPS,REQUIRES_FACTUAL_CONTRADICTION_REVIEW
159505778493115423,WPP1,P2_LEADERSHIP,common,Domestic Common Stock,943315101 943317107,INFERRED_COMMON,0,0,0,17,17,MULTIPLE_CUSIPS,REQUIRES_FACTUAL_CONTRADICTION_REVIEW
901623016632785278,XRTX,P2_LEADERSHIP,common,ADR Common Stock,98420Q306 98420Q207 98420Q405 98420Q108,INFERRED_COMMON,0,0,0,3,3,MULTIPLE_CUSIPS,REQUIRES_FACTUAL_CONTRADICTION_REVIEW
543083518703645156,XSELY,P2_LEADERSHIP,common,ADR Common Stock,983982109 983982208,INFERRED_COMMON,0,0,0,5,7,MULTIPLE_CUSIPS,REQUIRES_FACTUAL_CONTRADICTION_REVIEW
355595675972827631,XTKG,P2_LEADERSHIP,common,ADR Common Stock,G72007100 G72007134 G72007126 G72007118 G72007142 G72007159,INFERRED_COMMON,0,0,0,10,26,MULTIPLE_CUSIPS,REQUIRES_FACTUAL_CONTRADICTION_REVIEW
638843741005544965,XYLO,P2_LEADERSHIP,common,ADR Common Stock Primary Class,58471G300 58471G409 58471G102 58471G508 58471G201,INFERRED_COMMON,0,0,0,3,3,MULTIPLE_CUSIPS,REQUIRES_FACTUAL_CONTRADICTION_REVIEW
267576191249806189,YAAS,P2_LEADERSHIP,common,ADR Common Stock,G9876W112 G9876W104,INFERRED_COMMON,0,0,0,2,2,MULTIPLE_CUSIPS,REQUIRES_FACTUAL_CONTRADICTION_REVIEW
149263833712904800,YARW,P2_LEADERSHIP,common,Domestic Common Stock,586858102 92941V209 92941V100 92941V308,INFERRED_COMMON,0,0,0,12,29,MULTIPLE_CUSIPS,REQUIRES_FACTUAL_CONTRADICTION_REVIEW
118276235806064595,YTENQ,P2_LEADERSHIP,common,Domestic Common Stock,591018809 98585K862 98585K201 591018882 98585K102 98585K854,INFERRED_COMMON,0,0,0,2,3,MULTIPLE_CUSIPS,REQUIRES_FACTUAL_CONTRADICTION_REVIEW
472470523584007203,ZAPP,P2_LEADERSHIP,common,ADR Common Stock Primary Class,12561U109 G9889X107 G9889X123,INFERRED_COMMON,0,0,0,20,20,MULTIPLE_CUSIPS,REQUIRES_FACTUAL_CONTRADICTION_REVIEW
87519734003931149,ZEVY,P2_LEADERSHIP,common,Domestic Common Stock Primary Class,53228T101 37519D107 53228T200,INFERRED_COMMON,0,0,0,27,104,MULTIPLE_CUSIPS,REQUIRES_FACTUAL_CONTRADICTION_REVIEW
734347851745471872,AB,P3_RANKING_OR_BASE,non_common,Domestic Common Stock,01881G106 01855A101 018548107,REJECTED_V4_CONFLICT,0,0,0,0,0,MANUAL_CONFLICT;MULTIPLE_CUSIPS,REQUIRES_FACTUAL_CONTRADICTION_REVIEW
726313399179454655,ACR-PC,P3_RANKING_OR_BASE,non_common,Domestic Preferred Stock,30068N402 00489Q201,INFERRED_NON_COMMON,0,0,0,0,0,MULTIPLE_CUSIPS,REQUIRES_FACTUAL_CONTRADICTION_REVIEW
534005804985681589,AIFU,P3_RANKING_OR_BASE,common,ADR Common Stock,30712A103 18976M103 G3314G110 G3314G128,INFERRED_COMMON,0,0,0,0,28,MULTIPLE_CUSIPS,REQUIRES_FACTUAL_CONTRADICTION_REVIEW
228058489043892858,ANG-PA,P3_RANKING_OR_BASE,non_common,Domestic Preferred Stock,025676503 025676875,INFERRED_NON_COMMON,0,0,0,0,0,MULTIPLE_CUSIPS,REQUIRES_FACTUAL_CONTRADICTION_REVIEW
169684801850084882,ANG-PB,P3_RANKING_OR_BASE,non_common,Domestic Preferred Stock,025676602 025676867,INFERRED_NON_COMMON,0,0,0,0,0,MULTIPLE_CUSIPS,REQUIRES_FACTUAL_CONTRADICTION_REVIEW
241694605179777667,ARGO-PA,P3_RANKING_OR_BASE,non_common,Domestic Preferred Stock,040128209 040128407,INFERRED_NON_COMMON,0,0,0,0,0,MULTIPLE_CUSIPS,REQUIRES_FACTUAL_CONTRADICTION_REVIEW
258046948374938664,ASTL,P3_RANKING_OR_BASE,common,ADR Common Stock Primary Class,015658107 52473X106,INFERRED_COMMON,0,0,0,0,27,MULTIPLE_CUSIPS,REQUIRES_FACTUAL_CONTRADICTION_REVIEW
941553026160917585,ATH-PA,P3_RANKING_OR_BASE,non_common,Domestic Preferred Stock,G0684D305 04686J861,INFERRED_NON_COMMON,0,0,0,0,0,MULTIPLE_CUSIPS,REQUIRES_FACTUAL_CONTRADICTION_REVIEW
812131184133218118,AUDAQ,P3_RANKING_OR_BASE,common,Domestic Common Stock,293639100 05070N103 05070N202,INFERRED_COMMON,0,0,0,0,117,MULTIPLE_CUSIPS,REQUIRES_FACTUAL_CONTRADICTION_REVIEW
1019479234403084594,BEP,P3_RANKING_OR_BASE,non_common,ADR Common Stock Primary Class,G16258108,REJECTED_V4_CONFLICT,0,0,0,0,0,MANUAL_CONFLICT,REQUIRES_FACTUAL_CONTRADICTION_REVIEW
450075566409889078,BIP,P3_RANKING_OR_BASE,non_common,ADR Common Stock Primary Class,G16252101,REJECTED_V4_CONFLICT,0,0,0,0,0,MANUAL_CONFLICT,REQUIRES_FACTUAL_CONTRADICTION_REVIEW
232112979474058723,BPY,P3_RANKING_OR_BASE,non_common,ADR Common Stock Primary Class,G16249107,REJECTED_V4_CONFLICT,0,0,0,0,0,MANUAL_CONFLICT,REQUIRES_FACTUAL_CONTRADICTION_REVIEW
824100797961064199,BTTGY,P3_RANKING_OR_BASE,common,ADR Common Stock,05577E101 111021200 111021408,INFERRED_COMMON,0,0,0,0,116,MULTIPLE_CUSIPS,REQUIRES_FACTUAL_CONTRADICTION_REVIEW
927001813921390541,CADE-PA,P3_RANKING_OR_BASE,non_common,Domestic Preferred Stock,05971J201 12740C202,INFERRED_NON_COMMON,0,0,0,0,0,MULTIPLE_CUSIPS,REQUIRES_FACTUAL_CONTRADICTION_REVIEW
391908814644765747,CCI-PA,P3_RANKING_OR_BASE,non_common,Domestic Preferred Stock,22822V309 22822V200 228227500,INFERRED_NON_COMMON,0,0,0,0,0,MULTIPLE_CUSIPS,REQUIRES_FACTUAL_CONTRADICTION_REVIEW
198390113242719162,CFRXQ,P3_RANKING_OR_BASE,common,Domestic Common Stock Primary Class,212326300 212326102 212326409 212326201,INFERRED_COMMON,0,0,0,0,1,MULTIPLE_CUSIPS,REQUIRES_FACTUAL_CONTRADICTION_REVIEW
146845651130596317,CMLP,P3_RANKING_OR_BASE,common,Domestic Common Stock,226378107 45671U106,INFERRED_COMMON,0,0,0,0,24,MULTIPLE_CUSIPS,REQUIRES_FACTUAL_CONTRADICTION_REVIEW
278856321542165771,CORSQ,P3_RANKING_OR_BASE,common,Domestic Common Stock,220873103 768200107,INFERRED_COMMON,0,0,0,0,36,MULTIPLE_CUSIPS,REQUIRES_FACTUAL_CONTRADICTION_REVIEW
934304255431280640,CVOVQ,P3_RANKING_OR_BASE,common,Domestic Common Stock,15670S105 15670S402 560321200,INFERRED_COMMON,0,0,0,0,19,MULTIPLE_CUSIPS,REQUIRES_FACTUAL_CONTRADICTION_REVIEW
1089698460273142770,CWEN.A,P3_RANKING_OR_BASE,common,Domestic Common Stock Secondary Class,18539C105 62942X306,INFERRED_COMMON,0,0,0,0,4,MULTIPLE_CUSIPS,REQUIRES_FACTUAL_CONTRADICTION_REVIEW
639821035856559974,DBRG-PI,P3_RANKING_OR_BASE,non_common,Domestic Preferred Stock,19625W872 19626G603 25401T405,INFERRED_NON_COMMON,0,0,0,0,0,MULTIPLE_CUSIPS,REQUIRES_FACTUAL_CONTRADICTION_REVIEW
648904847475652130,ELP,P3_RANKING_OR_BASE,common,ADR Common Stock Primary Class,20441B407 20441B605 20441B308,INFERRED_COMMON,0,0,0,0,21,MULTIPLE_CUSIPS,REQUIRES_FACTUAL_CONTRADICTION_REVIEW
241773249272800956,EMESQ,P3_RANKING_OR_BASE,non_common,Domestic Common Stock,29102H108,REJECTED_KNOWN_PATH_CONFLICT,0,0,0,0,0,MANUAL_CONFLICT,REQUIRES_FACTUAL_CONTRADICTION_REVIEW
1148177820383038150,EPD,P3_RANKING_OR_BASE,non_common,Domestic Common Stock,293792107,REJECTED_V4_CONFLICT,0,0,0,0,0,MANUAL_CONFLICT,REQUIRES_FACTUAL_CONTRADICTION_REVIEW
970701175286846075,EPR-PC,P3_RANKING_OR_BASE,non_common,Domestic Preferred Stock,26884U208 29380T402,INFERRED_NON_COMMON,0,0,0,0,0,MULTIPLE_CUSIPS,REQUIRES_FACTUAL_CONTRADICTION_REVIEW
229963927054418472,EPR-PE,P3_RANKING_OR_BASE,non_common,Domestic Preferred Stock,26884U307 29380T600,INFERRED_NON_COMMON,0,0,0,0,0,MULTIPLE_CUSIPS,REQUIRES_FACTUAL_CONTRADICTION_REVIEW
228207928463147707,ETP,P3_RANKING_OR_BASE,non_common,Domestic Common Stock Primary Class,29278N103 86764L108,REJECTED_V4_CONFLICT,0,0,0,0,0,MANUAL_CONFLICT;MULTIPLE_CUSIPS,REQUIRES_FACTUAL_CONTRADICTION_REVIEW
784068816139277733,EVEIQ,P3_RANKING_OR_BASE,common,Domestic Common Stock,30024B203 48245L107 30024B104,INFERRED_COMMON,0,0,0,0,18,MULTIPLE_CUSIPS,REQUIRES_FACTUAL_CONTRADICTION_REVIEW
132672321362575555,FER,P3_RANKING_OR_BASE,common,ADR Common Stock,N3168P101 315437103,INFERRED_COMMON,0,0,0,0,226,MULTIPLE_CUSIPS,REQUIRES_FACTUAL_CONTRADICTION_REVIEW
275062087927273775,GPT2,P3_RANKING_OR_BASE,common,Domestic Common Stock,38489R100 38489R605 384871109,INFERRED_COMMON,0,0,0,0,42,MULTIPLE_CUSIPS,REQUIRES_FACTUAL_CONTRADICTION_REVIEW
299712706490312370,GRI,P3_RANKING_OR_BASE,common,Domestic Common Stock,92023M101 3622AW304 3622AW106 3622AW403 3622AW205 3622AW502,INFERRED_COMMON,0,0,0,0,2,MULTIPLE_CUSIPS,REQUIRES_FACTUAL_CONTRADICTION_REVIEW
110726389677702988,IMPH,P3_RANKING_OR_BASE,common,Domestic Common Stock,45254P508 45254P102 452922107,INFERRED_COMMON,0,0,0,0,4,MULTIPLE_CUSIPS,REQUIRES_FACTUAL_CONTRADICTION_REVIEW
1066160137614589315,JTKWY,P3_RANKING_OR_BASE,common,ADR Common Stock,48214T305 48214T107,INFERRED_COMMON,0,0,0,0,59,MULTIPLE_CUSIPS,REQUIRES_FACTUAL_CONTRADICTION_REVIEW
727435643303361912,JZXN,P3_RANKING_OR_BASE,common,ADR Common Stock,G51400102 G51400136 G51400128 G51400151,INFERRED_COMMON,0,0,0,0,1,MULTIPLE_CUSIPS,REQUIRES_FACTUAL_CONTRADICTION_REVIEW
161168179129897137,LB,P3_RANKING_OR_BASE,non_common,Domestic Common Stock,514952100,REJECTED_V4_CONFLICT,0,0,0,0,0,MANUAL_CONFLICT,REQUIRES_FACTUAL_CONTRADICTION_REVIEW
995314484072140452,LCIDW,P3_RANKING_OR_BASE,non_common,Domestic Common Stock Warrant,171439110 549498111,INFERRED_NON_COMMON,0,0,0,0,0,MULTIPLE_CUSIPS,REQUIRES_FACTUAL_CONTRADICTION_REVIEW
494080213499901728,LGCYQ,P3_RANKING_OR_BASE,common,Domestic Common Stock Primary Class,524707304 524706108,INFERRED_COMMON,0,0,0,0,12,MULTIPLE_CUSIPS,REQUIRES_FACTUAL_CONTRADICTION_REVIEW
1013898987216920348,LILMF,P3_RANKING_OR_BASE,common,ADR Common Stock Primary Class,N52586109 G7307X105,INFERRED_COMMON,0,0,0,0,2,MULTIPLE_CUSIPS,REQUIRES_FACTUAL_CONTRADICTION_REVIEW
607033349837235157,MMP,P3_RANKING_OR_BASE,non_common,Domestic Common Stock,559080106 969491109,REJECTED_V4_CONFLICT,0,0,0,0,0,MANUAL_CONFLICT;MULTIPLE_CUSIPS,REQUIRES_FACTUAL_CONTRADICTION_REVIEW
397172774526346028,NCV-PA,P3_RANKING_OR_BASE,non_common,Domestic Preferred Stock,018828707 92838X706,INFERRED_NON_COMMON,0,0,0,0,0,MULTIPLE_CUSIPS,REQUIRES_FACTUAL_CONTRADICTION_REVIEW
1118115652775499706,NEE-PO,P3_RANKING_OR_BASE,non_common,Domestic Preferred Stock,65339F796 65339F887,INFERRED_NON_COMMON,0,0,0,0,0,MULTIPLE_CUSIPS,REQUIRES_FACTUAL_CONTRADICTION_REVIEW
730525788357019090,OCS,P3_RANKING_OR_BASE,common,ADR Common Stock Primary Class,G3167F102 H5870P102,INFERRED_COMMON,0,0,0,0,10,MULTIPLE_CUSIPS,REQUIRES_FACTUAL_CONTRADICTION_REVIEW
57044006746155268,ODTC,P3_RANKING_OR_BASE,common,Domestic Common Stock,676079106 676079205 676079304,INFERRED_COMMON,0,0,0,0,6,MULTIPLE_CUSIPS,REQUIRES_FACTUAL_CONTRADICTION_REVIEW
230485976154984954,PFBC,P3_RANKING_OR_BASE,common,Domestic Common Stock,740367404 740367107,INFERRED_COMMON,0,0,0,0,16,MULTIPLE_CUSIPS,REQUIRES_FACTUAL_CONTRADICTION_REVIEW
551585671305244475,PLM,P3_RANKING_OR_BASE,common,Canadian Common Stock Primary Class,731916102 731916409,INFERRED_COMMON,0,0,0,0,8,MULTIPLE_CUSIPS,REQUIRES_FACTUAL_CONTRADICTION_REVIEW
780929740903947449,QNGYQ,P3_RANKING_OR_BASE,common,Domestic Common Stock Primary Class,G21513109 74764U104 74764U203,INFERRED_COMMON,0,0,0,0,1,MULTIPLE_CUSIPS,REQUIRES_FACTUAL_CONTRADICTION_REVIEW
1093865446405037869,RTLR,P3_RANKING_OR_BASE,non_common,Domestic Common Stock,75419T103,REJECTED_V4_CONFLICT,0,0,0,0,0,MANUAL_CONFLICT,REQUIRES_FACTUAL_CONTRADICTION_REVIEW
1038919393884227344,SDLPQ,P3_RANKING_OR_BASE,common,ADR Common Stock,Y7545W109 Y7545W125,INFERRED_COMMON,0,0,0,0,17,MULTIPLE_CUSIPS,REQUIRES_FACTUAL_CONTRADICTION_REVIEW
982072475162188385,SHLX,P3_RANKING_OR_BASE,non_common,Domestic Common Stock,822634101,REJECTED_KNOWN_PATH_CONFLICT,0,0,0,0,0,MANUAL_CONFLICT,REQUIRES_FACTUAL_CONTRADICTION_REVIEW
134130355196555097,SKIL,P3_RANKING_OR_BASE,common,Domestic Common Stock Primary Class,83066P200 17143G106 83066P309,INFERRED_COMMON,0,0,0,0,19,MULTIPLE_CUSIPS,REQUIRES_FACTUAL_CONTRADICTION_REVIEW
841546519006260116,SUBCY,P3_RANKING_OR_BASE,common,ADR Common Stock,L8873E103 861567105 00443E104 864323100,INFERRED_COMMON,0,0,0,0,23,MULTIPLE_CUSIPS,REQUIRES_FACTUAL_CONTRADICTION_REVIEW
188640629095435560,SXTC,P3_RANKING_OR_BASE,common,ADR Common Stock,G2161P108 G2161P116 G2161P132 G2161P157 G2161P140 G2161P165,INFERRED_COMMON,0,0,0,0,4,MULTIPLE_CUSIPS,REQUIRES_FACTUAL_CONTRADICTION_REVIEW
202200000063691725,SYCRF,P3_RANKING_OR_BASE,common,Domestic Common Stock,G8649T109 G8018D107,INFERRED_COMMON,0,0,0,0,42,MULTIPLE_CUSIPS,REQUIRES_FACTUAL_CONTRADICTION_REVIEW
137714657591136915,TMPOQ,P3_RANKING_OR_BASE,common,Domestic Common Stock Primary Class,G0083D120 88024M108,INFERRED_COMMON,0,0,0,0,5,MULTIPLE_CUSIPS,REQUIRES_FACTUAL_CONTRADICTION_REVIEW
153414598251739485,TVIAQ,P3_RANKING_OR_BASE,common,Domestic Common Stock,83415T101 88105A106,INFERRED_COMMON,0,0,0,0,12,MULTIPLE_CUSIPS,REQUIRES_FACTUAL_CONTRADICTION_REVIEW
820488167476030287,USAC,P3_RANKING_OR_BASE,non_common,Domestic Common Stock,90290N109,REJECTED_V4_CONFLICT,0,0,0,0,0,MANUAL_CONFLICT,REQUIRES_FACTUAL_CONTRADICTION_REVIEW
270907768212940979,VIEWQ,P3_RANKING_OR_BASE,common,Domestic Common Stock Primary Class,92671V106 15725Q104 92671V304,INFERRED_COMMON,0,0,0,0,5,MULTIPLE_CUSIPS,REQUIRES_FACTUAL_CONTRADICTION_REVIEW
866652633497189649,VNTRQ,P3_RANKING_OR_BASE,common,ADR Common Stock,G9329Z100 G9329Z118,INFERRED_COMMON,0,0,0,0,7,MULTIPLE_CUSIPS,REQUIRES_FACTUAL_CONTRADICTION_REVIEW
1092594788232214414,WES,P3_RANKING_OR_BASE,non_common,Domestic Common Stock,958669103 95825R103,REJECTED_V4_CONFLICT,0,0,0,0,0,MANUAL_CONFLICT;MULTIPLE_CUSIPS,REQUIRES_FACTUAL_CONTRADICTION_REVIEW
648373417461465308,WPZ,P3_RANKING_OR_BASE,non_common,Domestic Common Stock,96949L105 00434L109 16524K108,REJECTED_V4_CONFLICT,0,0,0,0,0,MANUAL_CONFLICT;MULTIPLE_CUSIPS,REQUIRES_FACTUAL_CONTRADICTION_REVIEW
420287026268986271,WTRU,P3_RANKING_OR_BASE,non_common,Domestic Preferred Stock,29670G201 03836W202,INFERRED_NON_COMMON,0,0,0,0,0,MULTIPLE_CUSIPS,REQUIRES_FACTUAL_CONTRADICTION_REVIEW
